Timestamp,gpu0r0,gpu0w0,gpu0r1,gpu0w1,gpu0r2,gpu0w2,gpu0r3,gpu0w3,gpu0r4,gpu0w4,gpu0r5,gpu0w5,gpu0r6,gpu0w6,gpu0r7,gpu0w7,gpu1r0,gpu1w0,gpu1r1,gpu1w1,gpu1r2,gpu1w2,gpu1r3,gpu1w3,gpu1r4,gpu1w4,gpu1r5,gpu1w5,gpu1r6,gpu1w6,gpu1r7,gpu1w7,gpu2r0,gpu2w0,gpu2r1,gpu2w1,gpu2r2,gpu2w2,gpu2r3,gpu2w3,gpu2r4,gpu2w4,gpu2r5,gpu2w5,gpu2r6,gpu2w6,gpu2r7,gpu2w7,gpu3r0,gpu3w0,gpu3r1,gpu3w1,gpu3r2,gpu3w2,gpu3r3,gpu3w3,gpu3r4,gpu3w4,gpu3r5,gpu3w5,gpu3r6,gpu3w6,gpu3r7,gpu3w7,gpu4r0,gpu4w0,gpu4r1,gpu4w1,gpu4r2,gpu4w2,gpu4r3,gpu4w3,gpu4r4,gpu4w4,gpu4r5,gpu4w5,gpu4r6,gpu4w6,gpu4r7,gpu4w7,gpu5r0,gpu5w0,gpu5r1,gpu5w1,gpu5r2,gpu5w2,gpu5r3,gpu5w3,gpu5r4,gpu5w4,gpu5r5,gpu5w5,gpu5r6,gpu5w6,gpu5r7,gpu5w7,gpu6r0,gpu6w0,gpu6r1,gpu6w1,gpu6r2,gpu6w2,gpu6r3,gpu6w3,gpu6r4,gpu6w4,gpu6r5,gpu6w5,gpu6r6,gpu6w6,gpu6r7,gpu6w7,gpu7r0,gpu7w0,gpu7r1,gpu7w1,gpu7r2,gpu7w2,gpu7r3,gpu7w3,gpu7r4,gpu7w4,gpu7r5,gpu7w5,gpu7r6,gpu7w6,gpu7r7,gpu7w7
1755314430,N/A,N/A,1101062779,1111168425,332219837,340291524,2194591709,2179334535,810347573,816711119,2338100446,2348780919,112067830,111965645,5817663711,5790396724",0,0,N/A,N/A,437099200,435426084,2100817579,2102377923,89986129,89822747,112773628,112890481,2873432074,2872114592,5790396723,5817663710",0,0,1172771493,1203576427,N/A,N/A,430075313,429661511,112406701,112283534,3751647517,3736643476,2348780918,2338100445,2119028612,2118951569",0,0,1111168424,1101062778,707483519,692736779,N/A,N/A,113931198,113970584,2872114591,2873432073,3736643476,3751647516,2409933969,2409940100",0,0,2125313382,2126465250,692736779,707483518,2153700537,2180115201,N/A,N/A,112890480,112773627,434345305,434516351,2701120361,2684272195",0,0,2306308069,2342306307,91132989,91232442,2102377923,2100817579,113978840,113943047,N/A,N/A,111965645,112067829,2684272194,2701120360",0,0,2125433676,2124555596,340294339,332221770,111926529,111684673,89822746,89986128,705140405,719524256,N/A,N/A,2118950657,2119027699",0,0,2340090186,2339899728,435426083,437099199,429661511,430075312,816711119,810347572,2739744558,2746668567,434516350,434345305,N/A,N/A"
1755314432,N/A,N/A,1101062779,1111168425,332219837,340291524,2194591709,2179334535,810347573,816711119,2338100446,2348780919,112067830,111965645,5817663711,5790396724",0,0,N/A,N/A,437099200,435426084,2100817579,2102377923,89986129,89822747,112773628,112890481,2873432074,2872114592,5790396723,5817663710",0,0,1172771493,1203576427,N/A,N/A,430075313,429661511,112406701,112283534,3751647517,3736643476,2348780918,2338100445,2119028612,2118951569",0,0,1111168424,1101062778,707483519,692736779,N/A,N/A,113931198,113970584,2872114591,2873432073,3736643476,3751647516,2409933969,2409940100",0,0,2125313382,2126465250,692736779,707483518,2153700537,2180115201,N/A,N/A,112890480,112773627,434345305,434516351,2701120361,2684272195",0,0,2306308069,2342306307,91132989,91232442,2102377923,2100817579,113978840,113943047,N/A,N/A,111965645,112067829,2684272194,2701120360",0,0,2125433676,2124555596,340294339,332221770,111926529,111684673,89822746,89986128,705140405,719524256,N/A,N/A,2118950657,2119027699",0,0,2340090186,2339899728,435426083,437099199,429661511,430075312,816711119,810347572,2739744558,2746668567,434516350,434345305,N/A,N/A"
1755314433,N/A,N/A,1101062779,1111168425,332219837,340291524,2194591709,2179334535,810347573,816711119,2338100446,2348780919,112067830,111965645,5817663711,5790396724",0,0,N/A,N/A,437099200,435426084,2100817579,2102377923,89986129,89822747,112773628,112890481,2873432074,2872114592,5790396723,5817663710",0,0,1172771493,1203576427,N/A,N/A,430075313,429661511,112406701,112283534,3751647517,3736643476,2348780918,2338100445,2119028612,2118951569",0,0,1111168424,1101062778,707483519,692736779,N/A,N/A,113931198,113970584,2872114591,2873432073,3736643476,3751647516,2409933969,2409940100",0,0,2125313382,2126465250,692736779,707483518,2153700537,2180115201,N/A,N/A,112890480,112773627,434345305,434516351,2701120361,2684272195",0,0,2306308069,2342306307,91132989,91232442,2102377923,2100817579,113978840,113943047,N/A,N/A,111965645,112067829,2684272194,2701120360",0,0,2125433676,2124555596,340294339,332221770,111926529,111684673,89822746,89986128,705140405,719524256,N/A,N/A,2118950657,2119027699",0,0,2340090186,2339899728,435426083,437099199,429661511,430075312,816711119,810347572,2739744558,2746668567,434516350,434345305,N/A,N/A"
1755314435,N/A,N/A,1101062779,1111168425,332219837,340291524,2194591709,2179334535,810347573,816711119,2338100446,2348780919,112067830,111965645,5817663711,5790396724",0,0,N/A,N/A,437099200,435426084,2100817579,2102377923,89986129,89822747,112773628,112890481,2873432074,2872114592,5790396723,5817663710",0,0,1172771493,1203576427,N/A,N/A,430075313,429661511,112406701,112283534,3751647517,3736643476,2348780918,2338100445,2119028612,2118951569",0,0,1111168424,1101062778,707483519,692736779,N/A,N/A,113931198,113970584,2872114591,2873432073,3736643476,3751647516,2409933969,2409940100",0,0,2125313382,2126465250,692736779,707483518,2153700537,2180115201,N/A,N/A,112890480,112773627,434345305,434516351,2701120361,2684272195",0,0,2306308069,2342306307,91132989,91232442,2102377923,2100817579,113978840,113943047,N/A,N/A,111965645,112067829,2684272194,2701120360",0,0,2125433676,2124555596,340294339,332221770,111926529,111684673,89822746,89986128,705140405,719524256,N/A,N/A,2118950657,2119027699",0,0,2340090186,2339899728,435426083,437099199,429661511,430075312,816711119,810347572,2739744558,2746668567,434516350,434345305,N/A,N/A"
1755314437,N/A,N/A,1101062779,1111168425,332219837,340291524,2194591709,2179334535,810347573,816711119,2338100446,2348780919,112067830,111965645,5817663711,5790396724",0,0,N/A,N/A,437099200,435426084,2100817579,2102377923,89986129,89822747,112773628,112890481,2873432074,2872114592,5790396723,5817663710",0,0,1172771493,1203576427,N/A,N/A,430075313,429661511,112406701,112283534,3751647517,3736643476,2348780918,2338100445,2119028612,2118951569",0,0,1111168424,1101062778,707483519,692736779,N/A,N/A,113931198,113970584,2872114591,2873432073,3736643476,3751647516,2409933969,2409940100",0,0,2125313382,2126465250,692736779,707483518,2153700537,2180115201,N/A,N/A,112890480,112773627,434345305,434516351,2701120361,2684272195",0,0,2306308069,2342306307,91132989,91232442,2102377923,2100817579,113978840,113943047,N/A,N/A,111965645,112067829,2684272194,2701120360",0,0,2125433676,2124555596,340294339,332221770,111926529,111684673,89822746,89986128,705140405,719524256,N/A,N/A,2118950657,2119027699",0,0,2340090186,2339899728,435426083,437099199,429661511,430075312,816711119,810347572,2739744558,2746668567,434516350,434345305,N/A,N/A"
1755314438,N/A,N/A,1101062779,1111168425,332219837,340291524,2194591709,2179334535,810347573,816711119,2338100446,2348780919,112067830,111965645,5817663711,5790396724",0,0,N/A,N/A,437099200,435426084,2100817579,2102377923,89986129,89822747,112773628,112890481,2873432074,2872114592,5790396723,5817663710",0,0,1172771493,1203576427,N/A,N/A,430075313,429661511,112406701,112283534,3751647517,3736643476,2348780918,2338100445,2119028612,2118951569",0,0,1111168424,1101062778,707483519,692736779,N/A,N/A,113931198,113970584,2872114591,2873432073,3736643476,3751647516,2409933969,2409940100",0,0,2125313382,2126465250,692736779,707483518,2153700537,2180115201,N/A,N/A,112890480,112773627,434345305,434516351,2701120361,2684272195",0,0,2306308069,2342306307,91132989,91232442,2102377923,2100817579,113978840,113943047,N/A,N/A,111965645,112067829,2684272194,2701120360",0,0,2125433676,2124555596,340294339,332221770,111926529,111684673,89822746,89986128,705140405,719524256,N/A,N/A,2118950657,2119027699",0,0,2340090186,2339899728,435426083,437099199,429661511,430075312,816711119,810347572,2739744558,2746668567,434516350,434345305,N/A,N/A"
1755314440,N/A,N/A,1101062779,1111168425,332219837,340291524,2194591709,2179334535,810347573,816711119,2338100446,2348780919,112067830,111965645,5817663711,5790396724",0,0,N/A,N/A,437099200,435426084,2100817579,2102377923,89986129,89822747,112773628,112890481,2873432074,2872114592,5790396723,5817663710",0,0,1172771493,1203576427,N/A,N/A,430075313,429661511,112406701,112283534,3751647517,3736643476,2348780918,2338100445,2119028612,2118951569",0,0,1111168424,1101062778,707483519,692736779,N/A,N/A,113931198,113970584,2872114591,2873432073,3736643476,3751647516,2409933969,2409940100",0,0,2125313382,2126465250,692736779,707483518,2153700537,2180115201,N/A,N/A,112890480,112773627,434345305,434516351,2701120361,2684272195",0,0,2306308069,2342306307,91132989,91232442,2102377923,2100817579,113978840,113943047,N/A,N/A,111965645,112067829,2684272194,2701120360",0,0,2125433676,2124555596,340294339,332221770,111926529,111684673,89822746,89986128,705140405,719524256,N/A,N/A,2118950657,2119027699",0,0,2340090186,2339899728,435426083,437099199,429661511,430075312,816711119,810347572,2739744558,2746668567,434516350,434345305,N/A,N/A"
1755314442,N/A,N/A,1101062779,1111168425,332219837,340291524,2194591709,2179334535,810347573,816711119,2338100446,2348780919,112067830,111965645,5817663711,5790396724",0,0,N/A,N/A,437099200,435426084,2100817579,2102377923,89986129,89822747,112773628,112890481,2873432074,2872114592,5790396723,5817663710",0,0,1172771493,1203576427,N/A,N/A,430075313,429661511,112406701,112283534,3751647517,3736643476,2348780918,2338100445,2119028612,2118951569",0,0,1111168424,1101062778,707483519,692736779,N/A,N/A,113931198,113970584,2872114591,2873432073,3736643476,3751647516,2409933969,2409940100",0,0,2125313382,2126465250,692736779,707483518,2153700537,2180115201,N/A,N/A,112890480,112773627,434345305,434516351,2701120361,2684272195",0,0,2306308069,2342306307,91132989,91232442,2102377923,2100817579,113978840,113943047,N/A,N/A,111965645,112067829,2684272194,2701120360",0,0,2125433676,2124555596,340294339,332221770,111926529,111684673,89822746,89986128,705140405,719524256,N/A,N/A,2118950657,2119027699",0,0,2340090186,2339899728,435426083,437099199,429661511,430075312,816711119,810347572,2739744558,2746668567,434516350,434345305,N/A,N/A"
1755314443,N/A,N/A,1101062779,1111168425,332219837,340291524,2194591709,2179334535,810347573,816711119,2338100446,2348780919,112067830,111965645,5817663711,5790396724",0,0,N/A,N/A,437099200,435426084,2100817579,2102377923,89986129,89822747,112773628,112890481,2873432074,2872114592,5790396723,5817663710",0,0,1172771493,1203576427,N/A,N/A,430075313,429661511,112406701,112283534,3751647517,3736643476,2348780918,2338100445,2119028612,2118951569",0,0,1111168424,1101062778,707483519,692736779,N/A,N/A,113931198,113970584,2872114591,2873432073,3736643476,3751647516,2409933969,2409940100",0,0,2125313382,2126465250,692736779,707483518,2153700537,2180115201,N/A,N/A,112890480,112773627,434345305,434516351,2701120361,2684272195",0,0,2306308069,2342306307,91132989,91232442,2102377923,2100817579,113978840,113943047,N/A,N/A,111965645,112067829,2684272194,2701120360",0,0,2125433676,2124555596,340294339,332221770,111926529,111684673,89822746,89986128,705140405,719524256,N/A,N/A,2118950657,2119027699",0,0,2340090186,2339899728,435426083,437099199,429661511,430075312,816711119,810347572,2739744558,2746668567,434516350,434345305,N/A,N/A"
1755314445,N/A,N/A,1101062779,1111168425,332219837,340291524,2194591709,2179334535,810347573,816711119,2338100446,2348780919,112067830,111965645,5817663711,5790396724",0,0,N/A,N/A,437099200,435426084,2100817579,2102377923,89986129,89822747,112773628,112890481,2873432074,2872114592,5790396723,5817663710",0,0,1172771493,1203576427,N/A,N/A,430075313,429661511,112406701,112283534,3751647517,3736643476,2348780918,2338100445,2119028612,2118951569",0,0,1111168424,1101062778,707483519,692736779,N/A,N/A,113931198,113970584,2872114591,2873432073,3736643476,3751647516,2409933969,2409940100",0,0,2125313382,2126465250,692736779,707483518,2153700537,2180115201,N/A,N/A,112890480,112773627,434345305,434516351,2701120361,2684272195",0,0,2306308069,2342306307,91132989,91232442,2102377923,2100817579,113978840,113943047,N/A,N/A,111965645,112067829,2684272194,2701120360",0,0,2125433676,2124555596,340294339,332221770,111926529,111684673,89822746,89986128,705140405,719524256,N/A,N/A,2118950657,2119027699",0,0,2340090186,2339899728,435426083,437099199,429661511,430075312,816711119,810347572,2739744558,2746668567,434516350,434345305,N/A,N/A"
1755314447,N/A,N/A,1101062779,1111168425,332219837,340291524,2194591709,2179334535,810347573,816711119,2338100446,2348780919,112067830,111965645,5817663711,5790396724",0,0,N/A,N/A,437099200,435426084,2100817579,2102377923,89986129,89822747,112773628,112890481,2873432074,2872114592,5790396723,5817663710",0,0,1172771493,1203576427,N/A,N/A,430075313,429661511,112406701,112283534,3751647517,3736643476,2348780918,2338100445,2119028612,2118951569",0,0,1111168424,1101062778,707483519,692736779,N/A,N/A,113931198,113970584,2872114591,2873432073,3736643476,3751647516,2409933969,2409940100",0,0,2125313382,2126465250,692736779,707483518,2153700537,2180115201,N/A,N/A,112890480,112773627,434345305,434516351,2701120361,2684272195",0,0,2306308069,2342306307,91132989,91232442,2102377923,2100817579,113978840,113943047,N/A,N/A,111965645,112067829,2684272194,2701120360",0,0,2125433676,2124555596,340294339,332221770,111926529,111684673,89822746,89986128,705140405,719524256,N/A,N/A,2118950657,2119027699",0,0,2340090186,2339899728,435426083,437099199,429661511,430075312,816711119,810347572,2739744558,2746668567,434516350,434345305,N/A,N/A"
1755314448,N/A,N/A,1101062779,1111168425,332219837,340291524,2194591709,2179334535,810347573,816711119,2338100446,2348780919,112067830,111965645,5817663711,5790396724",0,0,N/A,N/A,437099200,435426084,2100817579,2102377923,89986129,89822747,112773628,112890481,2873432074,2872114592,5790396723,5817663710",0,0,1172771493,1203576427,N/A,N/A,430075313,429661511,112406701,112283534,3751647517,3736643476,2348780918,2338100445,2119028612,2118951569",0,0,1111168424,1101062778,707483519,692736779,N/A,N/A,113931198,113970584,2872114591,2873432073,3736643476,3751647516,2409933969,2409940100",0,0,2125313382,2126465250,692736779,707483518,2153700537,2180115201,N/A,N/A,112890480,112773627,434345305,434516351,2701120361,2684272195",0,0,2306308069,2342306307,91132989,91232442,2102377923,2100817579,113978840,113943047,N/A,N/A,111965645,112067829,2684272194,2701120360",0,0,2125433676,2124555596,340294339,332221770,111926529,111684673,89822746,89986128,705140405,719524256,N/A,N/A,2118950657,2119027699",0,0,2340090186,2339899728,435426083,437099199,429661511,430075312,816711119,810347572,2739744558,2746668567,434516350,434345305,N/A,N/A"
1755314450,N/A,N/A,1101062779,1111168425,332219837,340291524,2194591709,2179334535,810347573,816711119,2338100446,2348780919,112067830,111965645,5817663711,5790396724",0,0,N/A,N/A,437099200,435426084,2100817579,2102377923,89986129,89822747,112773628,112890481,2873432074,2872114592,5790396723,5817663710",0,0,1172771493,1203576427,N/A,N/A,430075313,429661511,112406701,112283534,3751647517,3736643476,2348780918,2338100445,2119028612,2118951569",0,0,1111168424,1101062778,707483519,692736779,N/A,N/A,113931198,113970584,2872114591,2873432073,3736643476,3751647516,2409933969,2409940100",0,0,2125313382,2126465250,692736779,707483518,2153700537,2180115201,N/A,N/A,112890480,112773627,434345305,434516351,2701120361,2684272195",0,0,2306308069,2342306307,91132989,91232442,2102377923,2100817579,113978840,113943047,N/A,N/A,111965645,112067829,2684272194,2701120360",0,0,2125433676,2124555596,340294339,332221770,111926529,111684673,89822746,89986128,705140405,719524256,N/A,N/A,2118950657,2119027699",0,0,2340090186,2339899728,435426083,437099199,429661511,430075312,816711119,810347572,2739744558,2746668567,434516350,434345305,N/A,N/A"
1755314452,N/A,N/A,1101062779,1111168425,332219837,340291524,2194591709,2179334535,810347573,816711119,2338100446,2348780919,112067830,111965645,5817663711,5790396724",0,0,N/A,N/A,437099200,435426084,2100817579,2102377923,89986129,89822747,112773628,112890481,2873432074,2872114592,5790396723,5817663710",0,0,1172771493,1203576427,N/A,N/A,430075313,429661511,112406701,112283534,3751647517,3736643476,2348780918,2338100445,2119028612,2118951569",0,0,1111168424,1101062778,707483519,692736779,N/A,N/A,113931198,113970584,2872114591,2873432073,3736643476,3751647516,2409933969,2409940100",0,0,2125313382,2126465250,692736779,707483518,2153700537,2180115201,N/A,N/A,112890480,112773627,434345305,434516351,2701120361,2684272195",0,0,2306308069,2342306307,91132989,91232442,2102377923,2100817579,113978840,113943047,N/A,N/A,111965645,112067829,2684272194,2701120360",0,0,2125433676,2124555596,340294339,332221770,111926529,111684673,89822746,89986128,705140405,719524256,N/A,N/A,2118950657,2119027699",0,0,2340090186,2339899728,435426083,437099199,429661511,430075312,816711119,810347572,2739744558,2746668567,434516350,434345305,N/A,N/A"
1755314454,N/A,N/A,1101062779,1111168425,332219837,340291524,2194591709,2179334535,810347573,816711119,2338100446,2348780919,112067830,111965645,5817663711,5790396724",0,0,N/A,N/A,437099200,435426084,2100817579,2102377923,89986129,89822747,112773628,112890481,2873432074,2872114592,5790396723,5817663710",0,0,1172771493,1203576427,N/A,N/A,430075313,429661511,112406701,112283534,3751647517,3736643476,2348780918,2338100445,2119028612,2118951569",0,0,1111168424,1101062778,707483519,692736779,N/A,N/A,113931198,113970584,2872114591,2873432073,3736643476,3751647516,2409933969,2409940100",0,0,2125313382,2126465250,692736779,707483518,2153700537,2180115201,N/A,N/A,112890480,112773627,434345305,434516351,2701120361,2684272195",0,0,2306308069,2342306307,91132989,91232442,2102377923,2100817579,113978840,113943047,N/A,N/A,111965645,112067829,2684272194,2701120360",0,0,2125433676,2124555596,340294339,332221770,111926529,111684673,89822746,89986128,705140405,719524256,N/A,N/A,2118950657,2119027699",0,0,2340090186,2339899728,435426083,437099199,429661511,430075312,816711119,810347572,2739744558,2746668567,434516350,434345305,N/A,N/A"
1755314455,N/A,N/A,1101062779,1111168425,332219837,340291524,2194591709,2179334535,810347573,816711119,2338100446,2348780919,112067830,111965645,5817663711,5790396724",0,0,N/A,N/A,437099200,435426084,2100817579,2102377923,89986129,89822747,112773628,112890481,2873432074,2872114592,5790396723,5817663710",0,0,1172771493,1203576427,N/A,N/A,430075313,429661511,112406701,112283534,3751647517,3736643476,2348780918,2338100445,2119028612,2118951569",0,0,1111168424,1101062778,707483519,692736779,N/A,N/A,113931198,113970584,2872114591,2873432073,3736643476,3751647516,2409933969,2409940100",0,0,2125313382,2126465250,692736779,707483518,2153700537,2180115201,N/A,N/A,112890480,112773627,434345305,434516351,2701120361,2684272195",0,0,2306308069,2342306307,91132989,91232442,2102377923,2100817579,113978840,113943047,N/A,N/A,111965645,112067829,2684272194,2701120360",0,0,2125433676,2124555596,340294339,332221770,111926529,111684673,89822746,89986128,705140405,719524256,N/A,N/A,2118950657,2119027699",0,0,2340090186,2339899728,435426083,437099199,429661511,430075312,816711119,810347572,2739744558,2746668567,434516350,434345305,N/A,N/A"
1755314457,N/A,N/A,1101062779,1111168425,332219837,340291524,2194591709,2179334535,810347573,816711119,2338100446,2348780919,112067830,111965645,5817663711,5790396724",0,0,N/A,N/A,437099200,435426084,2100817579,2102377923,89986129,89822747,112773628,112890481,2873432074,2872114592,5790396723,5817663710",0,0,1172771493,1203576427,N/A,N/A,430075313,429661511,112406701,112283534,3751647517,3736643476,2348780918,2338100445,2119028612,2118951569",0,0,1111168424,1101062778,707483519,692736779,N/A,N/A,113931198,113970584,2872114591,2873432073,3736643476,3751647516,2409933969,2409940100",0,0,2125313382,2126465250,692736779,707483518,2153700537,2180115201,N/A,N/A,112890480,112773627,434345305,434516351,2701120361,2684272195",0,0,2306308069,2342306307,91132989,91232442,2102377923,2100817579,113978840,113943047,N/A,N/A,111965645,112067829,2684272194,2701120360",0,0,2125433676,2124555596,340294339,332221770,111926529,111684673,89822746,89986128,705140405,719524256,N/A,N/A,2118950657,2119027699",0,0,2340090186,2339899728,435426083,437099199,429661511,430075312,816711119,810347572,2739744558,2746668567,434516350,434345305,N/A,N/A"
1755314459,N/A,N/A,1101437522,1111543630,332219837,340291524,2194731043,2179475266,810347573,816711119,2338231378,2348917437,112067830,111965645,5817800984,5790530582",0,0,N/A,N/A,437099200,435426084,2100943659,2102505324,89986129,89822747,112773628,112890481,2873845233,2872528274,5790538631,5817811531",0,0,1172916535,1203727678,N/A,N/A,430075313,429661511,112406701,112283534,3752071674,3737073841,2348933655,2338247876,2119166631,2119089339",0,0,1111621545,1101515419,707483519,692736779,N/A,N/A,113931198,113970584,2872576743,2873893593,3737103578,3752107500,2411611031,2411624148",0,0,2125473160,2126629938,692736779,707483518,2153866389,2180284468,N/A,N/A,112890480,112773627,434829689,435002375,2701291718,2684437815",0,0,2306798152,2342796648,91132989,91232442,2102532394,2100972327,113978840,113943047,N/A,N/A,111965645,112067829,2684444240,2701299272",0,0,2125612338,2124728480,340294339,332221770,111926529,111684673,89822746,89986128,705317311,719706864,N/A,N/A,2119111216,2119189213",0,0,2340617943,2340427226,435426083,437099199,429661511,430075312,816711119,810347572,2740273935,2747197043,435056179,434886020,N/A,N/A"
1755314460,N/A,N/A,1104513939,1114616969,332219837,340291524,2195733466,2180483066,810347573,816711119,2339285005,2350007444,112067830,111965645,5818895665,5791589515",0,0,N/A,N/A,437099200,435426084,2101897562,2103453570,89986129,89822747,112773628,112890481,2876928553,2875611141,5791595911,5818903597",0,0,1173977898,1204823810,N/A,N/A,430075313,429661511,112406701,112283534,3755124161,3740144903,2350022281,2339300238,2120102514,2120028001",0,0,1114680053,1104577012,707483519,692736779,N/A,N/A,113931198,113970584,2875648423,2876965778,3740167104,3755149991,2422698763,2422711126",0,0,2126520208,2127708693,692736779,707483518,2154875173,2181287412,N/A,N/A,112890480,112773627,437931411,438108830,2702387331,2685498657",0,0,2309887714,2345881192,91132989,91232442,2103478687,2101923288,113978840,113943047,N/A,N/A,111965645,112067829,2685504667,2702395269",0,0,2126691497,2125777225,340294339,332221770,111926529,111684673,89822746,89986128,706370227,720793917,N/A,N/A,2120051968,2120126813",0,0,2343704374,2343517859,435426083,437099199,429661511,430075312,816711119,810347572,2743333748,2750253944,438169149,437995275,N/A,N/A"
1755314462,N/A,N/A,1106950213,1117054127,332219837,340291524,2196560508,2181313968,810347573,816711119,2340115051,2350866227,112067830,111965645,5819760888,5792426702",0,0,N/A,N/A,437099200,435426084,2102648572,2104205458,89986129,89822747,112773628,112890481,2879362119,2878043919,5792429676,5819764853",0,0,1174811392,1205684297,N/A,N/A,430075313,429661511,112406701,112283534,3757513521,3742545307,2350870554,2340120115,2120828302,2120755567",0,0,1117073852,1106971338,707483519,692736779,N/A,N/A,113931198,113970584,2878043919,2879362119,3742545306,3757513520,2431293571,2431298203",0,0,2127330445,2128542563,692736779,707483518,2155686467,2182093269,N/A,N/A,112890480,112773627,440332835,440515606,2703234749,2686317922",0,0,2312275061,2348268447,91132989,91232442,2104211694,2102654773,113978840,113943047,N/A,N/A,111965645,112067829,2686325622,2703242685",0,0,2127526643,2126587850,340294339,332221770,111926529,111684673,89822746,89986128,707187632,721636169,N/A,N/A,2120771449,2120844745",0,0,2346097173,2345914157,435426083,437099199,429661511,430075312,816711119,810347572,2745699918,2752617075,440579957,440400447,N/A,N/A"
1755314464,N/A,N/A,1109961302,1120064410,332219837,340291524,2197628898,2182382874,810347573,816711119,2341137296,2351923349,112067830,111965645,5820829235,5793460278",0,0,N/A,N/A,437099200,435426084,2103589989,2105147260,89986129,89822747,112773628,112890481,2882364881,2881048436,5793460277,5820829235",0,0,1175840483,1206748070,N/A,N/A,430075313,429661511,112406701,112283534,3760483422,3745531326,2351923753,2341138148,2121742331,2121672020",0,0,1120071839,1109972431,707483519,692736779,N/A,N/A,113931198,113970584,2881067124,2882383555,3745548700,3760501811,2442159574,2442168019",0,0,2128359187,2129602450,692736779,707483518,2156767115,2183162126,N/A,N/A,112890480,112773627,443384535,443574137,2704313401,2687362207",0,0,2315322835,2351313927,91132989,91232442,2105164755,2103607350,113978840,113943047,N/A,N/A,111965645,112067829,2687368628,2704320032",0,0,2128584322,2127615316,340294339,332221770,111926529,111684673,89822746,89986128,708223299,722705253,N/A,N/A,2121694215,2121765476",0,0,2349135214,2348955645,435426083,437099199,429661511,430075312,816711119,810347572,2748698164,2755613620,443637035,443448389,N/A,N/A"
1755314466,N/A,N/A,1113378591,1123481445,332219837,340291524,2198881173,2183640102,810347573,816711119,2342306321,2353133312,112067830,111965645,5822051394,5794643807",0,0,N/A,N/A,437099200,435426084,2104683418,2106240191,89986129,89822747,112773628,112890481,2885829844,2884514476,5794650604,5822059329",0,0,1177031663,1207979271,N/A,N/A,430075313,429661511,112406701,112283534,3763919758,3748990734,2353147817,2342322012,2122844968,2122774390",0,0,1123544631,1113445512,707483519,692736779,N/A,N/A,113931198,113970584,2884552497,2885870767,3749012945,3763943037,2454624553,2454629069",0,0,2129538923,2130816332,692736779,707483518,2158037414,2184426101,N/A,N/A,112890480,112773627,446877434,447072674,2705544382,2688553761",0,0,2318789094,2354778387,91132989,91232442,2106254880,2104698591,113978840,113943047,N/A,N/A,111965645,112067829,2688553760,2705544381",0,0,2129784758,2128781137,340294339,332221770,111926529,111684673,89822746,89986128,709397469,723917650,N/A,N/A,2122779462,2122851251",0,0,2352569750,2352391971,435426083,437099199,429661511,430075312,816711119,810347572,2752089279,2758999651,447095292,446899988,N/A,N/A"
1755314467,N/A,N/A,1116702477,1126808293,332219837,340291524,2200129847,2184890591,810347573,816711119,2343439886,2354304477,112067830,111965645,5823223041,5795778283",0,0,N/A,N/A,437099200,435426084,2105729359,2107284321,89986129,89822747,112773628,112890481,2889119549,2887804547,5795778282,5823223040",0,0,1178161586,1209144690,N/A,N/A,430075313,429661511,112406701,112283534,3767170146,3752260229,2354305798,2343441561,2123865970,2123797576",0,0,1126823258,1116719897,707483519,692736779,N/A,N/A,113931198,113970584,2887826861,2889145109,3752282498,3767193459,2466421176,2466427870",0,0,2130657052,2131967646,692736779,707483518,2159270572,2185667748,N/A,N/A,112890480,112773627,450207083,450407525,2706719229,2689690826",0,0,2322109444,2358095940,91132989,91232442,2107303316,2105748899,113978840,113943047,N/A,N/A,111965645,112067829,2689695944,2706726260",0,0,2130950494,2129913245,340294339,332221770,111926529,111684673,89822746,89986128,710546931,725105271,N/A,N/A,2123820696,2123889467",0,0,2355917058,2355738367,435426083,437099199,429661511,430075312,816711119,810347572,2755404253,2762312291,450467849,450270979,N/A,N/A"
1755314469,N/A,N/A,1120309645,1130422194,332219837,340291524,2201543129,2186304740,810347573,816711119,2344676331,2355583178,112067830,111965645,5824499813,5797014785",0,0,N/A,N/A,437099200,435426084,2106888192,2108441637,89986129,89822747,112773628,112890481,2892728152,2891413888,5797014785,5824499812",0,0,1179406512,1210431283,N/A,N/A,430075313,429661511,112406701,112283534,3770757935,3755870767,2355583177,2344676331,2124999194,2124932238",0,0,1130429622,1120318986,707483519,692736779,N/A,N/A,113931198,113970584,2891413888,2892728151,3755870766,3770757934,2479296517,2479302009",0,0,2131884022,2133231902,692736779,707483518,2160676009,2187066084,N/A,N/A,112890480,112773627,453819015,454026031,2707989211,2690918075",0,0,2325680159,2361663449,91132989,91232442,2108442321,2106889436,113978840,113943047,N/A,N/A,111965645,112067829,2690921492,2707992264",0,0,2132207835,2131133042,340294339,332221770,111926529,111684673,89822746,89986128,711771246,726368110,N/A,N/A,2124941800,2125009300",0,0,2359480875,2359309049,435426083,437099199,429661511,430075312,816711119,810347572,2758946335,2765850569,454072469,453867921,N/A,N/A"
1755314471,N/A,N/A,1123704572,1133818774,332219837,340291524,2202861086,2187624221,810347573,816711119,2345837300,2356783335,112067830,111965645,5825701196,5798179414",0,0,N/A,N/A,437099200,435426084,2107967309,2109521169,89986129,89822747,112773628,112890481,2896138774,2894829642,5798185792,5825709114",0,0,1180586784,1211650864,N/A,N/A,430075313,429661511,112406701,112283534,3774170992,3759308128,2356799142,2345852565,2126068891,2126006006",0,0,1133882062,1123767745,707483519,692736779,N/A,N/A,113931198,113970584,2894866874,2896179665,3759330674,3774196817,2491722929,2491740430",0,0,2133077111,2134461312,692736779,707483518,2162030498,2188414776,N/A,N/A,112890480,112773627,457340996,457553523,2709223860,2692112920",0,0,2329170395,2365151764,91132989,91232442,2109547701,2107994361,113978840,113943047,N/A,N/A,111965645,112067829,2692118481,2709230451",0,0,2133443315,2132333388,340294339,332221770,111926529,111684673,89822746,89986128,712968428,727603355,N/A,N/A,2126029341,2126093581",0,0,2362972854,2362802930,435426083,437099199,429661511,430075312,816711119,810347572,2762423198,2769324071,457615659,457405096,N/A,N/A"
1755314473,N/A,N/A,1127339913,1137455106,332219837,340291524,2204278437,2189044416,810347573,816711119,2347081193,2358071166,112067830,111965645,5826990830,5799427209",0,0,N/A,N/A,437099200,435426084,2109135408,2110687854,89986129,89822747,112773628,112890481,2899775982,2898463671,5799434002,5826999150",0,0,1181837360,1212944139,N/A,N/A,430075313,429661511,112406701,112283534,3777784691,3762941084,2358085645,2347096464,2127230756,2127168096",0,0,1137522062,1127409532,707483519,692736779,N/A,N/A,113931198,113970584,2898500782,2899815684,3762963293,3777808028,2504815204,2504823857",0,0,2134325453,2135746922,692736779,707483518,2163455774,2189834892,N/A,N/A,112890480,112773627,461029549,461247557,2710517481,2693365398",0,0,2332814426,2368792899,91132989,91232442,2110713596,2109161925,113978840,113943047,N/A,N/A,111965645,112067829,2693371402,2710525428",0,0,2134729821,2133582636,340294339,332221770,111926529,111684673,89822746,89986128,714217231,728893618,N/A,N/A,2127193494,2127256857",0,0,2366616645,2366444547,435426083,437099199,429661511,430075312,816711119,810347572,2766053315,2772949108,461308027,461093579,N/A,N/A"
1755314474,N/A,N/A,1130732302,1140845960,332219837,340291524,2205589922,2190354597,810347573,816711119,2348236946,2359266215,112067830,111965645,5828185141,5800584979",0,0,N/A,N/A,437099200,435426084,2110214337,2111764225,89986129,89822747,112773628,112890481,2903138825,2901830082,5800591356,5828193045",0,0,1182997307,1214140823,N/A,N/A,430075313,429661511,112406701,112283534,3781125983,3766301875,2359279398,2348250087,2128289228,2128226332",0,0,1140897107,1130781829,707483519,692736779,N/A,N/A,113931198,113970584,2901863477,2903175926,3766325444,3781151760,2516939671,2516951086",0,0,2135478948,2136935569,692736779,707483518,2164766327,2191135774,N/A,N/A,112890480,112773627,464443008,464667484,2711719978,2694529198",0,0,2336194152,2372172352,91132989,91232442,2111786970,2110238364,113978840,113943047,N/A,N/A,111965645,112067829,2694535629,2711726634",0,0,2135917999,2134736399,340294339,332221770,111926529,111684673,89822746,89986128,715374430,730088242,N/A,N/A,2128251794,2128315337",0,0,2369993547,2369826817,435426083,437099199,429661511,430075312,816711119,810347572,2769408610,2776304128,464727917,464504428,N/A,N/A"
1755314476,N/A,N/A,1134114130,1144239767,332219837,340291524,2206896882,2191663696,810347573,816711119,2349395646,2360464044,112067830,111965645,5829382780,5801744454",0,0,N/A,N/A,437099200,435426084,2111282987,2112826745,89986129,89822747,112773628,112890481,2906517307,2905209045,5801750835,5829390679",0,0,1184163073,1215344621,N/A,N/A,430075313,429661511,112406701,112283534,3784487971,3769688956,2360479875,2349410965,2129358423,2129295861",0,0,1144303522,1134178636,707483519,692736779,N/A,N/A,113931198,113970584,2905246191,2906558063,3769711181,3784513815,2529137180,2529145168",0,0,2136636604,2138126610,692736779,707483518,2166077797,2192450736,N/A,N/A,112890480,112773627,467881480,468110010,2712930375,2695700535",0,0,2339604706,2375581946,91132989,91232442,2112853681,2111310655,113978840,113943047,N/A,N/A,111965645,112067829,2695706946,2712937017",0,0,2137110745,2135895096,340294339,332221770,111926529,111684673,89822746,89986128,716543090,731294926,N/A,N/A,2129321299,2129385902",0,0,2373403203,2373237388,435426083,437099199,429661511,430075312,816711119,810347572,2772788896,2779680283,468174219,467945444,N/A,N/A"
1755314478,N/A,N/A,1137615073,1147745041,332219837,340291524,2208265873,2193036152,810347573,816711119,2350593097,2361704237,112067830,111965645,5830618791,5802940050",0,0,N/A,N/A,437099200,435426084,2112408886,2113948002,89986129,89822747,112773628,112890481,2910007692,2908699065,5802947703,5830626682",0,0,1185363738,1216586763,N/A,N/A,430075313,429661511,112406701,112283534,3787954700,3773172496,2361719662,2350609253,2130467441,2130405073",0,0,1147807838,1137682215,707483519,692736779,N/A,N/A,113931198,113970584,2908737235,2910048553,3773194849,3787978156,2541712246,2541710893",0,0,2137830162,2139355236,692736779,707483518,2167445110,2193820892,N/A,N/A,112890480,112773627,471408228,471643383,2714170413,2696899999",0,0,2343103460,2379079407,91132989,91232442,2113974170,2112435140,113978840,113943047,N/A,N/A,111965645,112067829,2696906388,2714177045",0,0,2138337167,2137086375,340294339,332221770,111926529,111684673,89822746,89986128,717740428,732531774,N/A,N/A,2130429291,2130493564",0,0,2376900640,2376736152,435426083,437099199,429661511,430075312,816711119,810347572,2776256549,2783141080,471706276,471472078,N/A,N/A"
1755314480,N/A,N/A,1141200014,1151330539,332219837,340291524,2209660933,2194436358,810347573,816711119,2351816565,2362969626,112067830,111965645,5831888313,5804169606",0,0,N/A,N/A,437099200,435426084,2113556905,2115094174,89986129,89822747,112773628,112890481,2913589595,2912277597,5804176399,5831896228",0,0,1186596051,1217859241,N/A,N/A,430075313,429661511,112406701,112283534,3791508305,3776751972,2362984118,2351831826,2131600025,2131538214",0,0,1151397537,1141266945,707483519,692736779,N/A,N/A,113931198,113970584,2912314790,2913626772,3776774220,3791534126,2554603190,2554597823",0,0,2139051988,2140613407,692736779,707483518,2168850511,2195219153,N/A,N/A,112890480,112773627,475025697,475264093,2715443497,2698132110",0,0,2346696489,2382665291,91132989,91232442,2115119513,2113582784,113978840,113943047,N/A,N/A,111965645,112067829,2698138103,2715451459",0,0,2139596307,2138309094,340294339,332221770,111926529,111684673,89822746,89986128,718967093,733798934,N/A,N/A,2131561406,2131623220",0,0,2380486463,2380326560,435426083,437099199,429661511,430075312,816711119,810347572,2779815239,2786699947,475324415,475088415,N/A,N/A"
1755314481,N/A,N/A,1145136568,1155268575,332219837,340291524,2211188280,2195966474,810347573,816711119,2353164444,2364363472,112067830,111965645,5833278161,5805516024",0,0,N/A,N/A,437099200,435426084,2114801492,2116336704,89986129,89822747,112773628,112890481,2917514280,2916203116,5805522394,5833286056",0,0,1187947277,1219254367,N/A,N/A,430075313,429661511,112406701,112283534,3795408855,3780679823,2364378398,2353179749,2132847602,2132784905",0,0,1155332366,1145199827,707483519,692736779,N/A,N/A,113931198,113970584,2916240266,2917551862,3780702201,3795434651,2568730510,2568721943",0,0,2140398145,2141999827,692736779,707483518,2170386013,2196745904,N/A,N/A,112890480,112773627,479000958,479246218,2716840046,2699482387",0,0,2350633938,2386602627,91132989,91232442,2116362519,2114828074,113978840,113943047,N/A,N/A,111965645,112067829,2699488379,2716847974",0,0,2140982713,2139655258,340294339,332221770,111926529,111684673,89822746,89986128,720316007,735190492,N/A,N/A,2132807910,2132871258",0,0,2384422641,2384263981,435426083,437099199,429661511,430075312,816711119,810347572,2783729702,2790609490,479306562,479061116,N/A,N/A"
1755314483,N/A,N/A,1148599397,1158737179,332219837,340291524,2212521540,2197301112,810347573,816711119,2354346253,2365584602,112067830,111965645,5834496618,5806695446",0,0,N/A,N/A,437099200,435426084,2115891194,2117425040,89986129,89822747,112773628,112890481,2920932838,2919619989,5806695445,5834496617",0,0,1189122996,1220468630,N/A,N/A,430075313,429661511,112406701,112283534,3798804298,3784095760,2365588539,2354350081,2133928398,2133867161",0,0,1158755759,1148619156,707483519,692736779,N/A,N/A,113931198,113970584,2919648484,2920959925,3784114397,3798829370,2581003638,2580990608",0,0,2141568391,2143204212,692736779,707483518,2171704218,2198062676,N/A,N/A,112890480,112773627,482456061,482706892,2718055506,2700657800",0,0,2354058427,2390028057,91132989,91232442,2117444623,2115911424,113978840,113943047,N/A,N/A,111965645,112067829,2700662928,2718062524",0,0,2142187056,2140824586,340294339,332221770,111926529,111684673,89822746,89986128,721488822,736402661,N/A,N/A,2133893020,2133954827",0,0,2387849310,2387689772,435426083,437099199,429661511,430075312,816711119,810347572,2787137791,2794010290,482767188,482519952,N/A,N/A"
1755314485,N/A,N/A,1152420781,1162568020,332219837,340291524,2214017025,2198798155,810347573,816711119,2355656903,2366940538,112067830,111965645,5835849391,5808006811",0,0,N/A,N/A,437099200,435426084,2117110596,2118643589,89986129,89822747,112773628,112890481,2924773149,2923466052,5808013187,5835857297",0,0,1190449999,1221838350,N/A,N/A,430075313,429661511,112406701,112283534,3802637863,3787952576,2366955412,2355672152,2135128401,2135071324",0,0,1162631768,1152484025,707483519,692736779,N/A,N/A,113931198,113970584,2923503262,2924814019,3787974888,3802663710,2594891830,2594881622",0,0,2142890261,2144567114,692736779,707483518,2173199209,2199572204,N/A,N/A,112890480,112773627,486356392,486614860,2719427918,2701984904",0,0,2357926125,2393892378,91132989,91232442,2118669041,2117136546,113978840,113943047,N/A,N/A,111965645,112067829,2701991308,2719434527",0,0,2143548682,2142146494,340294339,332221770,111926529,111684673,89822746,89986128,722815670,737772061,N/A,N/A,2135093913,2135151972",0,0,2391713579,2391558810,435426083,437099199,429661511,430075312,816711119,810347572,2790982236,2797852055,486672555,486420290,N/A,N/A"
1755314487,N/A,N/A,1156368938,1166521521,332219837,340291524,2215566254,2200348802,810347573,816711119,2357005863,2368336158,112067830,111965645,5837247551,5809360127",0,0,N/A,N/A,437099200,435426084,2118364708,2119897610,89986129,89822747,112773628,112890481,2928716275,2927410825,5809366502,5837255459",0,0,1191806903,1223239736,N/A,N/A,430075313,429661511,112406701,112283534,3806557413,3791896759,2368350601,2357021093,2136360703,2136307142",0,0,1166582240,1156432109,707483519,692736779,N/A,N/A,113931198,113970584,2927448028,2928757132,3791918985,3806583275,2609051024,2609038968",0,0,2144242928,2145960472,692736779,707483518,2174747557,2201121455,N/A,N/A,112890480,112773627,490349292,490612877,2720833061,2703343572",0,0,2361886047,2397850047,91132989,91232442,2119922574,2118390861,113978840,113943047,N/A,N/A,111965645,112067829,2703349973,2720839700",0,0,2144942035,2143499154,340294339,332221770,111926529,111684673,89822746,89986128,724174018,739175422,N/A,N/A,2136329496,2136384615",0,0,2395671243,2395518738,435426083,437099199,429661511,430075312,816711119,810347572,2794916637,2801782835,490674158,490413212,N/A,N/A"
1755314488,N/A,N/A,1159793694,1169956499,332219837,340291524,2216903531,2201684241,810347573,816711119,2358171113,2369540186,112067830,111965645,5838456138,5810528992",0,0,N/A,N/A,437099200,435426084,2119454866,2120985730,89986129,89822747,112773628,112890481,2932128505,2930824499,5810536669,5838464047",0,0,1192978769,1224448909,N/A,N/A,430075313,429661511,112406701,112283534,3809943447,3795306232,2369554659,2358185097,2137416099,2137362613",0,0,1170005196,1159841940,707483519,692736779,N/A,N/A,113931198,113970584,2930861757,2932169463,3795330198,3809969283,2621313525,2621303126",0,0,2145411754,2147164202,692736779,707483518,2176069445,2202452703,N/A,N/A,112890480,112773627,493809619,494076128,2722045917,2704516790",0,0,2365306928,2401269828,91132989,91232442,2121011758,2119482150,113978840,113943047,N/A,N/A,111965645,112067829,2704523184,2722053444",0,0,2146147071,2144669264,340294339,332221770,111926529,111684673,89822746,89986128,725347467,740387445,N/A,N/A,2137386622,2137440833",0,0,2399091020,2398939527,435426083,437099199,429661511,430075312,816711119,810347572,2798317037,2805182765,494136588,493870226,N/A,N/A"
1755314490,N/A,N/A,1163491498,1173653784,332219837,340291524,2218272923,2203058482,810347573,816711119,2359441271,2370854530,112067830,111965645,5839770319,5811802927",0,0,N/A,N/A,437099200,435426084,2120627312,2122162396,89986129,89822747,112773628,112890481,2935842801,2934537200,5811809287,5839778187",0,0,1194258104,1225771193,N/A,N/A,430075313,429661511,112406701,112283534,3813627925,3799014718,2370868103,2359455239,2138594542,2138541669",0,0,1173714882,1163554733,707483519,692736779,N/A,N/A,113931198,113970584,2934566899,2935878601,3799033322,3813650064,2634665110,2634644955",0,0,2146682299,2148471869,692736779,707483518,2177440232,2203820671,N/A,N/A,112890480,112773627,497566415,497837789,2723365849,2705794385",0,0,2369024686,2404985382,91132989,91232442,2122184759,2120650087,113978840,113943047,N/A,N/A,111965645,112067829,2705799518,2723371563",0,0,2147452089,2145937215,340294339,332221770,111926529,111684673,89822746,89986128,726620119,741700651,N/A,N/A,2138562037,2138616308",0,0,2402802851,2402649896,435426083,437099199,429661511,430075312,816711119,810347572,2802000308,2808859763,497890573,497619008,N/A,N/A"
1755314492,N/A,N/A,1167354544,1177518962,332219837,340291524,2219765952,2204556016,810347573,816711119,2360762470,2372221638,112067830,111965645,5841136210,5813124039",0,0,N/A,N/A,437099200,435426084,2121853576,2123387109,89986129,89822747,112773628,112890481,2939700574,2938392145,5813130812,5841144118",0,0,1195589169,1227146385,N/A,N/A,430075313,429661511,112406701,112283534,3817462659,3802871160,2372236113,2360777746,2139820034,2139767751",0,0,1177582355,1167420545,707483519,692736779,N/A,N/A,113931198,113970584,2938429324,2939741404,3802893452,3817485933,2648580688,2648551971",0,0,2148005190,2149833401,692736779,707483518,2178953871,2205320307,N/A,N/A,112890480,112773627,501477578,501755178,2724742483,2707126100",0,0,2372905456,2408863959,91132989,91232442,2123412312,2121880039,113978840,113943047,N/A,N/A,111965645,112067829,2707131633,2724749515",0,0,2148816297,2147261439,340294339,332221770,111926529,111684673,89822746,89986128,727950640,743075916,N/A,N/A,2139790680,2139843484",0,0,2406685169,2406536943,435426083,437099199,429661511,430075312,816711119,810347572,2805865410,2812720745,501815528,501541492,N/A,N/A"
1755314494,N/A,N/A,1171244950,1181410643,332219837,340291524,2221276368,2206068802,810347573,816711119,2362093684,2373598010,112067830,111965645,5842510520,5814455302",0,0,N/A,N/A,437099200,435426084,2123084749,2124616755,89986129,89822747,112773628,112890481,2943572925,2942264188,5814455301,5842511845",0,0,1196918100,1228517153,N/A,N/A,430075313,429661511,112406701,112283534,3821293703,3806722393,2373599733,2362096232,2141037066,2140986977",0,0,1181426661,1171262355,707483519,692736779,N/A,N/A,113931198,113970584,2942264187,2943572925,3806722393,3821293703,2662383904,2662346684",0,0,2149315284,2151182506,692736779,707483518,2180423306,2206804287,N/A,N/A,112890480,112773627,505334660,505616582,2726097862,2708436799",0,0,2376719637,2412673238,91132989,91232442,2124616755,2123084748,113978840,113943047,N/A,N/A,111965645,112067829,2708436798,2726097861",0,0,2150150932,2148557498,340294339,332221770,111926529,111684673,89822746,89986128,729248000,744415177,N/A,N/A,2140986066,2141036862",0,0,2410458274,2410313866,435426083,437099199,429661511,430075312,816711119,810347572,2809624584,2816478062,505627876,505349707,N/A,N/A"
1755314495,N/A,N/A,1174769218,1184937061,332219837,340291524,2222653210,2207445543,810347573,816711119,2363297794,2374842980,112067830,111965645,5843755531,5815659906",0,0,N/A,N/A,437099200,435426084,2124210684,2125741444,89986129,89822747,112773628,112890481,2947104100,2945796489,5815666678,5843763444",0,0,1198136835,1229776903,N/A,N/A,430075313,429661511,112406701,112283534,3824817627,3810271769,2374857429,2363313021,2142156137,2142107995",0,0,1185000498,1174832437,707483519,692736779,N/A,N/A,113931198,113970584,2945833648,2947141223,3810294137,3824843502,2675269461,2675234893",0,0,2150541687,2152446370,692736779,707483518,2181815765,2208206786,N/A,N/A,112890480,112773627,508967812,509254874,2727375636,2709673086",0,0,2380327979,2416276773,91132989,91232442,2125765029,2124235389,113978840,113943047,N/A,N/A,111965645,112067829,2709679061,2727383171",0,0,2151429220,2149798745,340294339,332221770,111926529,111684673,89822746,89986128,730499328,745707007,N/A,N/A,2142129815,2142178548",0,0,2414097869,2413960570,435426083,437099199,429661511,430075312,816711119,810347572,2813255834,2820109560,509315136,509027925,N/A,N/A"
1755314497,N/A,N/A,1178527951,1188700622,332219837,340291524,2224119571,2208915257,810347573,816711119,2364581860,2376170128,112067830,111965645,5845087445,5816949544",0,0,N/A,N/A,437099200,435426084,2125402196,2126930298,89986129,89822747,112773628,112890481,2950856762,2949549170,5816955947,5845095381",0,0,1199428900,1231111779,N/A,N/A,430075313,429661511,112406701,112283534,3828545690,3814024182,2376185019,2364597115,2143373068,2143323312",0,0,1188763990,1178591216,707483519,692736779,N/A,N/A,113931198,113970584,2949586392,2950893954,3814046568,3828571497,2688790845,2688751885",0,0,2151825918,2153769829,692736779,707483518,2183285262,2209675720,N/A,N/A,112890480,112773627,512765805,513059783,2728710726,2710964327",0,0,2384087938,2420035625,91132989,91232442,2126955779,2125429024,113978840,113943047,N/A,N/A,111965645,112067829,2710970065,2728718669",0,0,2152752669,2151082973,340294339,332221770,111926529,111684673,89822746,89986128,731794060,747043378,N/A,N/A,2143347735,2143398133",0,0,2417856757,2417716818,435426083,437099199,429661511,430075312,816711119,810347572,2817006515,2823851203,513120107,512829701,N/A,N/A"
1755314499,N/A,N/A,1182367388,1192542146,332219837,340291524,2225623012,2210420473,810347573,816711119,2365893243,2377525085,112067830,111965645,5846447686,5818267438",0,0,N/A,N/A,437099200,435426084,2126639254,2128163612,89986129,89822747,112773628,112890481,2954688788,2953384966,5818273812,5846455600",0,0,1200747037,1232473333,N/A,N/A,430075313,429661511,112406701,112283534,3832352082,3817846212,2377538218,2365905966,2144596791,2144547230",0,0,1192588033,1182414683,707483519,692736779,N/A,N/A,113931198,113970584,2953397293,2954706173,3817846211,3832352082,2702498641,2702450202",0,0,2153125663,2155108157,692736779,707483518,2184772181,2211163456,N/A,N/A,112890480,112773627,516602858,516900850,2730059898,2712268592",0,0,2387873826,2423817818,91132989,91232442,2128170134,2126646558,113978840,113943047,N/A,N/A,111965645,112067829,2712268592,2730059897",0,0,2154076583,2152367877,340294339,332221770,111926529,111684673,89822746,89986128,733082460,748372304,N/A,N/A,2144546319,2144595878",0,0,2421601698,2421468044,435426083,437099199,429661511,430075312,816711119,810347572,2820723809,2827568051,516908399,516610388,N/A,N/A"
1755314501,N/A,N/A,1186144920,1196317931,332219837,340291524,2226962327,2211768859,810347573,816711119,2367183212,2378860266,112067830,111965645,5847785383,5819561138",0,0,N/A,N/A,437099200,435426084,2127828044,2129352147,89986129,89822747,112773628,112890481,2958466431,2957158388,5819567943,5847793303",0,0,1202046464,1233816245,N/A,N/A,430075313,429661511,112406701,112283534,3836099002,3821621973,2378874750,2367198463,2145776661,2145730828",0,0,1196381163,1186208098,707483519,692736779,N/A,N/A,113931198,113970584,2957195562,2958503558,3821644241,3836124827,2716181361,2716136018",0,0,2154427760,2156448960,692736779,707483518,2186129310,2212515396,N/A,N/A,112890480,112773627,520473928,520777755,2731418423,2713583231",0,0,2391710129,2427652764,91132989,91232442,2129377926,2127854251,113978840,113943047,N/A,N/A,111965645,112067829,2713589228,2731425949",0,0,2155431790,2153684810,340294339,332221770,111926529,111684673,89822746,89986128,734408991,749742508,N/A,N/A,2145753229,2145799494",0,0,2425473000,2425342817,435426083,437099199,429661511,430075312,816711119,810347572,2824578174,2831420214,520838105,520534108,N/A,N/A"
1755314502,N/A,N/A,1190171390,1200347901,332219837,340291524,2228527152,2213335529,810347573,816711119,2368555094,2380278282,112067830,111965645,5849206830,5820936969",0,0,N/A,N/A,437099200,435426084,2129103101,2130625303,89986129,89822747,112773628,112890481,2962456768,2961149468,5820936969,5849206829",0,0,1203417009,1235231585,N/A,N/A,430075313,429661511,112406701,112283534,3840047720,3825590221,2380278281,2368555093,2147031817,2146987255",0,0,1200359065,1190182555,707483519,692736779,N/A,N/A,113931198,113970584,2961168061,2962475362,3825612500,3840069886,2730460105,2730411264",0,0,2155786438,2157848577,692736779,707483518,2187697690,2214066553,N/A,N/A,112890480,112773627,524496346,524805430,2732832383,2714949818",0,0,2395692012,2431628077,91132989,91232442,2130638280,2129116112,113978840,113943047,N/A,N/A,111965645,112067829,2714949817,2732832382",0,0,2156820943,2155033337,340294339,332221770,111926529,111684673,89822746,89986128,735759321,751136615,N/A,N/A,2146999170,2147043741",0,0,2429411957,2429283671,435426083,437099199,429661511,430075312,816711119,810347572,2828479956,2835315818,524806600,524498929,N/A,N/A"
1755314504,N/A,N/A,1193945047,1204130176,332219837,340291524,2230018956,2214827744,810347573,816711119,2369846484,2381615329,112067830,111965645,5850545989,5822234112",0,0,N/A,N/A,437099200,435426084,2130323328,2131842998,89986129,89822747,112773628,112890481,2966259621,2964952115,5822240476,5850553884",0,0,1204727881,1236587070,N/A,N/A,430075313,429661511,112406701,112283534,3843840853,3829409607,2381629813,2369861775,2148231757,2148188495",0,0,1204193545,1194008273,707483519,692736779,N/A,N/A,113931198,113970584,2964989317,2966296722,3829431874,3843866704,2744196639,2744151372",0,0,2157098741,2159201213,692736779,707483518,2189204185,2215576417,N/A,N/A,112890480,112773627,528369327,528681976,2734191484,2716264046",0,0,2399529542,2435463025,91132989,91232442,2131867789,2130349439,113978840,113943047,N/A,N/A,111965645,112067829,2716270439,2734199022",0,0,2158184092,2156356251,340294339,332221770,111926529,111684673,89822746,89986128,737086817,752507256,N/A,N/A,2148211507,2148255494",0,0,2433284148,2433162113,435426083,437099199,429661511,430075312,816711119,810347572,2832339718,2839174997,528742337,528429527,N/A,N/A"
1755314506,N/A,N/A,1197594319,1207778098,332219837,340291524,2231275495,2216091073,810347573,816711119,2371094432,2382904931,112067830,111965645,5851836900,5823483986",0,0,N/A,N/A,437099200,435426084,2131473930,2132995198,89986129,89822747,112773628,112890481,2969899068,2968591825,5823491628,5851844788",0,0,1205984684,1237885637,N/A,N/A,430075313,429661511,112406701,112283534,3847463794,3833053361,2382918985,2371108410,2149373491,2149331917",0,0,1207836557,1197656370,707483519,692736779,N/A,N/A,113931198,113970584,2968625244,2969935037,3833071982,3847483373,2757320358,2757267699",0,0,2158346797,2160486801,692736779,707483518,2190455769,2216825483,N/A,N/A,112890480,112773627,532060666,532378382,2735486904,2717517931",0,0,2403177316,2439108937,91132989,91232442,2133018763,2131497423,113978840,113943047,N/A,N/A,111965645,112067829,2717523917,2735494632",0,0,2159469657,2157603860,340294339,332221770,111926529,111684673,89822746,89986128,738342755,753804683,N/A,N/A,2149355038,2149396459",0,0,2436930032,2436807325,435426083,437099199,429661511,430075312,816711119,810347572,2835972145,2842802806,532438800,532120903,N/A,N/A"
1755314508,N/A,N/A,1201365900,1211541685,332219837,340291524,2232484601,2217308884,810347573,816711119,2372379049,2384232767,112067830,111965645,5853164709,5824770282",0,0,N/A,N/A,437099200,435426084,2132656635,2134181479,89986129,89822747,112773628,112890481,2973648877,2972344052,5824777518,5853172613",0,0,1207275393,1239219252,N/A,N/A,430075313,429661511,112406701,112283534,3851187946,3836797268,2384248559,2372394300,2150535089,2150497183",0,0,1211600077,1201422870,707483519,692736779,N/A,N/A,113931198,113970584,2972381213,2973689725,3836820527,3851213706,2770873120,2770822152",0,0,2159634572,2161812206,692736779,707483518,2191673207,2218037548,N/A,N/A,112890480,112773627,535874067,536194973,2736827386,2718815489",0,0,2406951032,2442880903,91132989,91232442,2134207869,2132683672,113978840,113943047,N/A,N/A,111965645,112067829,2718821025,2736834405",0,0,2160795038,2158890804,340294339,332221770,111926529,111684673,89822746,89986128,739637805,755140045,N/A,N/A,2150521111,2150559601",0,0,2440702092,2440582897,435426083,437099199,429661511,430075312,816711119,810347572,2839728490,2846552548,536256540,535938108,N/A,N/A"
1755314510,N/A,N/A,1205070062,1215246229,332219837,340291524,2233689989,2218525044,810347573,816711119,2373647498,2385545288,112067830,111965645,5854474326,5826037818",0,0,N/A,N/A,437099200,435426084,2133817040,2135343857,89986129,89822747,112773628,112890481,2977351227,2976044513,5826045437,5854482208",0,0,1208548695,1240535940,N/A,N/A,430075313,429661511,112406701,112283534,3854862118,3840493619,2385559389,2373661505,2151684667,2151651650",0,0,1215302151,1205133321,707483519,692736779,N/A,N/A,113931198,113970584,2976084249,2977392007,3840515809,3854884260,2784205591,2784146662",0,0,2160903061,2163119640,692736779,707483518,2192885501,2219242271,N/A,N/A,112890480,112773627,539626377,539951355,2738144188,2720088806",0,0,2410662808,2446588843,91132989,91232442,2135370139,2133843271,113978840,113943047,N/A,N/A,111965645,112067829,2720094789,2738152096",0,0,2162102510,2160160162,340294339,332221770,111926529,111684673,89822746,89986128,740909786,756452590,N/A,N/A,2151676029,2151708975",0,0,2444412342,2444292871,435426083,437099199,429661511,430075312,816711119,810347572,2843421113,2850243592,540011744,539689797,N/A,N/A"
1755314511,N/A,N/A,1208768068,1218937299,332219837,340291524,2234898854,2219742489,810347573,816711119,2374912153,2386854354,112067830,111965645,5855781078,5827303758",0,0,N/A,N/A,437099200,435426084,2134983211,2136511444,89986129,89822747,112773628,112890481,2981039851,2979732731,5827309255,5855787258",0,0,1209817830,1241847475,N/A,N/A,430075313,429661511,112406701,112283534,3858521958,3844178174,2386867102,2374925274,2152850064,2152820363",0,0,1218994945,1208830067,707483519,692736779,N/A,N/A,113931198,113970584,2979766186,2981075824,3844200478,3858545210,2797473303,2797409866",0,0,2162165576,2164419068,692736779,707483518,2194101704,2220449041,N/A,N/A,112890480,112773627,543357816,543687889,2739454846,2721356830",0,0,2414362844,2450287288,91132989,91232442,2136535678,2135007825,113978840,113943047,N/A,N/A,111965645,112067829,2721361949,2739462783",0,0,2163401893,2161421763,340294339,332221770,111926529,111684673,89822746,89986128,742176144,757759607,N/A,N/A,2152843833,2152873936",0,0,2448108443,2447991781,435426083,437099199,429661511,430075312,816711119,810347572,2847094668,2853910756,543748219,543421801,N/A,N/A"
1755314513,N/A,N/A,1212511851,1222673520,332219837,340291524,2236104326,2220955897,810347573,816711119,2376187232,2388171990,112067830,111965645,5857101230,5828582290",0,0,N/A,N/A,437099200,435426084,2136149993,2137680533,89986129,89822747,112773628,112890481,2984748370,2983440725,5828582290,5857101229",0,0,1211093974,1243164589,N/A,N/A,430075313,429661511,112406701,112283534,3862193557,3847870292,2388171989,2376187231,2153980312,2153955846",0,0,1222673519,1212511851,707483519,692736779,N/A,N/A,113931198,113970584,2983440724,2984748369,3847870291,3862193556,2810685699,2810614252",0,0,2163418585,2165708594,692736779,707483518,2195295781,2221629220,N/A,N/A,112890480,112773627,547068527,547401277,2740759620,2722618731",0,0,2418036455,2453957507,91132989,91232442,2137686477,2136156553,113978840,113943047,N/A,N/A,111965645,112067829,2722624722,2740767163",0,0,2164690085,2162673466,340294339,332221770,111926529,111684673,89822746,89986128,743433107,759057584,N/A,N/A,2153969522,2153994674",0,0,2451779493,2451669127,435426083,437099199,429661511,430075312,816711119,810347572,2850733137,2857551077,547461603,547131301,N/A,N/A"
1755314515,N/A,N/A,1216378284,1226540699,332219837,340291524,2237347094,2222209849,810347573,816711119,2377510742,2389540445,112067830,111965645,5858477088,5829914761",0,0,N/A,N/A,437099200,435426084,2137377731,2138911906,89986129,89822747,112773628,112890481,2988651698,2987348074,5829922006,5858485008",0,0,1212437600,1244553103,N/A,N/A,430075313,429661511,112406701,112283534,3866075487,3851777017,2389556266,2377526028,2155188523,2155171777",0,0,1226601422,1216445202,707483519,692736779,N/A,N/A,113931198,113970584,2987385335,2988692644,3851799178,3866101307,2824832572,2824770526",0,0,2164768930,2167099409,692736779,707483518,2196579006,2222902180,N/A,N/A,112890480,112773627,551072752,551409984,2742168342,2723980881",0,0,2422006973,2457925275,91132989,91232442,2138938419,2137405234,113978840,113943047,N/A,N/A,111965645,112067829,2723986251,2742175374",0,0,2166082272,2164025173,340294339,332221770,111926529,111684673,89822746,89986128,744793386,760462578,N/A,N/A,2155195962,2155213666",0,0,2455746433,2455637960,435426083,437099199,429661511,430075312,816711119,810347572,2854674605,2861485288,551470357,551136772,N/A,N/A"
1755314517,N/A,N/A,1220189561,1230344058,332219837,340291524,2238577659,2223449177,810347573,816711119,2378811796,2390886921,112067830,111965645,5859824060,5831218102",0,0,N/A,N/A,437099200,435426084,2138564691,2140100670,89986129,89822747,112773628,112890481,2992463317,2991155940,5831224868,5859831948",0,0,1213746890,1245905206,N/A,N/A,430075313,429661511,112406701,112283534,3869849413,3855572909,2390901355,2378827443,2156358521,2156345507",0,0,1230407294,1220256479,707483519,692736779,N/A,N/A,113931198,113970584,2991194286,2992504145,3855595164,3869871538,2838518397,2838448635",0,0,2166072501,2168442563,692736779,707483518,2197813275,2224131196,N/A,N/A,112890480,112773627,554934341,555276252,2743522020,2725291340",0,0,2425825572,2461741111,91132989,91232442,2140126885,2138590856,113978840,113943047,N/A,N/A,111965645,112067829,2725297335,2743529986",0,0,2167422774,2165327050,340294339,332221770,111926529,111684673,89822746,89986128,746100537,761811332,N/A,N/A,2156364350,2156377389",0,0,2459539932,2459432386,435426083,437099199,429661511,430075312,816711119,810347572,2858431179,2865239748,555300090,554959525,N/A,N/A"
1755314518,N/A,N/A,1223720558,1233869369,332219837,340291524,2239706844,2224587981,810347573,816711119,2380016193,2392131648,112067830,111965645,5861075311,5832429663",0,0,N/A,N/A,437099200,435426084,2139681992,2141221855,89986129,89822747,112773628,112890481,2995995587,2994687241,5832436037,5861083256",0,0,1214960158,1247157499,N/A,N/A,430075313,429661511,112406701,112283534,3873350218,3859096952,2392146103,2380031426,2157440946,2157433105",0,0,1233932459,1223783610,707483519,692736779,N/A,N/A,113931198,113970584,2994724457,2996032733,3859119276,3873376030,2851187222,2851121011",0,0,2167279867,2169685636,692736779,707483518,2198951497,2225260743,N/A,N/A,112890480,112773627,558509987,558854111,2744778731,2726508279",0,0,2429364545,2465278702,91132989,91232442,2141246342,2139707552,113978840,113943047,N/A,N/A,111965645,112067829,2726514278,2744786294",0,0,2168668502,2166536931,340294339,332221770,111926529,111684673,89822746,89986128,747320042,763071084,N/A,N/A,2157455778,2157463786",0,0,2463100101,2462997196,435426083,437099199,429661511,430075312,816711119,810347572,2861976907,2868786772,558914476,558570224,N/A,N/A"
1755314520,N/A,N/A,1227647539,1237795272,332219837,340291524,2240973369,2225864468,810347573,816711119,2381359208,2393519922,112067830,111965645,5862470861,5833780224",0,0,N/A,N/A,437099200,435426084,2140916134,2142459298,89986129,89822747,112773628,112890481,2999925771,2998620767,5833787862,5862478768",0,0,1216310993,1248552957,N/A,N/A,430075313,429661511,112406701,112283534,3877253166,3863021090,2393535263,2381375288,2158652408,2158650701",0,0,1237854989,1227714403,707483519,692736779,N/A,N/A,113931198,113970584,2998660524,2999966661,3863043408,3877275246,2865292909,2865227480",0,0,2168626446,2171072295,692736779,707483518,2200219578,2226527425,N/A,N/A,112890480,112773627,562493789,562842355,2746180058,2727864942",0,0,2433312085,2469225237,91132989,91232442,2142484045,2140941287,113978840,113943047,N/A,N/A,111965645,112067829,2727870060,2746188014",0,0,2170055156,2167882642,340294339,332221770,111926529,111684673,89822746,89986128,748672607,764467784,N/A,N/A,2158674380,2158676564",0,0,2467046406,2466940983,435426083,437099199,429661511,430075312,816711119,810347572,2865902255,2872703831,562902693,562557786,N/A,N/A"
1755314522,N/A,N/A,1231439569,1241579030,332219837,340291524,2242188898,2227087308,810347573,816711119,2382651791,2394855539,112067830,111965645,5863807447,5835074423",0,0,N/A,N/A,437099200,435426084,2142090134,2143635863,89986129,89822747,112773628,112890481,3003680780,3002375580,5835074423,5863807447",0,0,1217599766,1249883829,N/A,N/A,430075313,429661511,112406701,112283534,3880963247,3866753091,2394855947,2382652652,2159809028,2159811060",0,0,1241580192,1231442123,707483519,692736779,N/A,N/A,113931198,113970584,3002376729,3003683340,3866753091,3880965803,2878650438,2878579802",0,0,2169898185,2172382112,692736779,707483518,2201414338,2227717308,N/A,N/A,112890480,112773627,566248513,566600073,2747496275,2729137238",0,0,2437018366,2472929210,91132989,91232442,2143636595,2142090858,113978840,113943047,N/A,N/A,111965645,112067829,2729137237,2747496274",0,0,2171350538,2169140399,340294339,332221770,111926529,111684673,89822746,89986128,749935618,765770469,N/A,N/A,2159813167,2159811776",0,0,2470724274,2470624947,435426083,437099199,429661511,430075312,816711119,810347572,2869565050,2876367149,566634011,566282363,N/A,N/A"
1755314524,N/A,N/A,1235083739,1245222109,332219837,340291524,2243363818,2228273088,810347573,816711119,2383900820,2396146831,112067830,111965645,5865103924,5836330780",0,0,N/A,N/A,437099200,435426084,2143233493,2144783208,89986129,89822747,112773628,112890481,3007354503,3006054258,5836338016,5865111840",0,0,1218869052,1251195685,N/A,N/A,430075313,429661511,112406701,112283534,3884626876,3870438209,2396159959,2383913504,2160944873,2160951957",0,0,1245266667,1235132060,707483519,692736779,N/A,N/A,113931198,113970584,3006065419,3007369366,3870438208,3884626875,2891903001,2891833392",0,0,2171159888,2173681339,692736779,707483518,2202614510,2228906286,N/A,N/A,112890480,112773627,569984706,570339203,2748810398,2730408502",0,0,2440717359,2476626026,91132989,91232442,2144788816,2143239667,113978840,113943047,N/A,N/A,111965645,112067829,2730408501,2748810398",0,0,2172649765,2170402102,340294339,332221770,111926529,111684673,89822746,89986128,751202484,767080028,N/A,N/A,2160952108,2160945554",0,0,2474421203,2474323964,435426083,437099199,429661511,430075312,816711119,810347572,2873229348,2880027193,570364448,570008451,N/A,N/A"
1755314525,N/A,N/A,1238871612,1249001916,332219837,340291524,2244573786,2229491217,810347573,816711119,2385192637,2397484074,112067830,111965645,5866444885,5837629799",0,0,N/A,N/A,437099200,435426084,2144415050,2145969048,89986129,89822747,112773628,112890481,3011130771,3009830416,5837636178,5866452798",0,0,1220172009,1252542016,N/A,N/A,430075313,429661511,112406701,112283534,3888378543,3874220344,2397498990,2385207930,2162106326,2162119787",0,0,1249065310,1238934929,707483519,692736779,N/A,N/A,113931198,113970584,3009867538,3011171581,3874242650,3888404352,2905562701,2905507159",0,0,2172462017,2175023137,692736779,707483518,2203845623,2230128584,N/A,N/A,112890480,112773627,573855623,574217829,2750175683,2731729177",0,0,2444567167,2480473483,91132989,91232442,2145994078,2144441868,113978840,113943047,N/A,N/A,111965645,112067829,2731735595,2750182330",0,0,2174005574,2171718636,340294339,332221770,111926529,111684673,89822746,89986128,752531970,768452311,N/A,N/A,2162142972,2162130777",0,0,2478294684,2478199863,435426083,437099199,429661511,430075312,816711119,810347572,2877070976,2883865908,574278127,573916963,N/A,N/A"
1755314527,N/A,N/A,1242697203,1252825463,332219837,340291524,2245807093,2230734348,810347573,816711119,2386500689,2398835441,112067830,111965645,5867800748,5838942151",0,0,N/A,N/A,437099200,435426084,2145627882,2147183670,89986129,89822747,112773628,112890481,3014956601,3013654684,5838949401,5867808671",0,0,1221487069,1253899606,N/A,N/A,430075313,429661511,112406701,112283534,3892174372,3878034845,2398850765,2386515874,2163275299,2163293427",0,0,1252884861,1242764033,707483519,692736779,N/A,N/A,113931198,113970584,3013692310,3014997512,3878057204,3892198327,2919292115,2919230767",0,0,2173773818,2176372764,692736779,707483518,2205090258,2231361800,N/A,N/A,112890480,112773627,577724299,578090527,2751539727,2733048697",0,0,2448407370,2484310720,91132989,91232442,2147209015,2145653172,113978840,113943047,N/A,N/A,111965645,112067829,2733055103,2751546369",0,0,2175354696,2173030003,340294339,332221770,111926529,111684673,89822746,89986128,753850012,769812883,N/A,N/A,2163316205,2163299598",0,0,2482131868,2482040002,435426083,437099199,429661511,430075312,816711119,810347572,2880881794,2887671519,578153434,577788198,N/A,N/A"
1755314529,N/A,N/A,1246326214,1256450837,332219837,340291524,2246997414,2231935076,810347573,816711119,2387738424,2400115395,112067830,111965645,5869089026,5840189021",0,0,N/A,N/A,437099200,435426084,2146748829,2148301309,89986129,89822747,112773628,112890481,3018590742,3017291118,5840196245,5869096910",0,0,1222737164,1255189340,N/A,N/A,430075313,429661511,112406701,112283534,3895780505,3881664902,2400131160,2387753651,2164373064,2164392628",0,0,1256514049,1246393101,707483519,692736779,N/A,N/A,113931198,113970584,3017328373,3018631600,3881689408,3895806396,2932362038,2932304941",0,0,2175014228,2177650753,692736779,707483518,2206287044,2232553068,N/A,N/A,112890480,112773627,581399404,581771599,2752831853,2734298628",0,0,2452048364,2487951466,91132989,91232442,2148325686,2146774538,113978840,113943047,N/A,N/A,111965645,112067829,2734305018,2752839376",0,0,2176633596,2174271701,340294339,332221770,111926529,111684673,89822746,89986128,755097505,771102304,N/A,N/A,2164414717,2164395650",0,0,2485773830,2485681033,435426083,437099199,429661511,430075312,816711119,810347572,2884502738,2891290239,581831962,581463462,N/A,N/A"
1755314531,N/A,N/A,1250378910,1260494269,332219837,340291524,2248319508,2233265714,810347573,816711119,2389117913,2401541593,112067830,111965645,5870517605,5841572327",0,0,N/A,N/A,437099200,435426084,2148030989,2149585914,89986129,89822747,112773628,112890481,3022609443,3021306577,5841572326,5870517605",0,0,1224122249,1256618786,N/A,N/A,430075313,429661511,112406701,112283534,3899755411,3885664101,2401541593,2389117912,2165624969,2165644300",0,0,1260494269,1250378909,707483519,692736779,N/A,N/A,113931198,113970584,3021306576,3022609442,3885664100,3899755411,2946630612,2946566047",0,0,2176371434,2179047839,692736779,707483518,2207587986,2233846965,N/A,N/A,112890480,112773627,585407724,585782770,2754239871,2735660889",0,0,2456006603,2491908934,91132989,91232442,2149586645,2148031715,113978840,113943047,N/A,N/A,111965645,112067829,2735662174,2754242107",0,0,2178021891,2175619561,340294339,332221770,111926529,111684673,89822746,89986128,756456854,772504909,N/A,N/A,2165651975,2165633307",0,0,2489722645,2489631822,435426083,437099199,429661511,430075312,816711119,810347572,2888430697,2895214373,585828042,585452865,N/A,N/A"
1755314532,N/A,N/A,1253979285,1264089148,332219837,340291524,2249489605,2234444324,810347573,816711119,2390347013,2402812549,112067830,111965645,5871797282,5842811966",0,0,N/A,N/A,437099200,435426084,2149151595,2150708774,89986129,89822747,112773628,112890481,3026233437,3024930689,5842819104,5871805195",0,0,1225372084,1257910912,N/A,N/A,430075313,429661511,112406701,112283534,3903368193,3889298165,2402826998,2390362240,2166745130,2166769085",0,0,1264143827,1254036310,707483519,692736779,N/A,N/A,113931198,113970584,3024967853,3026274303,3889320367,3903391152,2959811003,2959747447",0,0,2177625689,2180338944,692736779,707483518,2208788553,2235043014,N/A,N/A,112890480,112773627,589137937,589516531,2755553812,2736933007",0,0,2459714052,2495613795,91132989,91232442,2150733450,2149176912,113978840,113943047,N/A,N/A,111965645,112067829,2736938562,2755560854",0,0,2179321766,2176881862,340294339,332221770,111926529,111684673,89822746,89986128,757728479,773818078,N/A,N/A,2166792599,2166768474",0,0,2493432457,2493343044,435426083,437099199,429661511,430075312,816711119,810347572,2892113268,2898892206,589576818,589200717,N/A,N/A"
1755314534,N/A,N/A,1257926417,1268037042,332219837,340291524,2250754786,2235720255,810347573,816711119,2391696703,2404207517,112067830,111965645,5873197495,5844167779",0,0,N/A,N/A,437099200,435426084,2150381299,2151942238,89986129,89822747,112773628,112890481,3030181925,3028885091,5844175035,5873205398",0,0,1226731066,1259314428,N/A,N/A,430075313,429661511,112406701,112283534,3907285401,3893240676,2404223332,2391711980,2167962611,2167994497",0,0,1268097685,1257993362,707483519,692736779,N/A,N/A,113931198,113970584,3028922344,3030222823,3893262994,3907311171,2973996477,2973941277",0,0,2178975181,2181728496,692736779,707483518,2210055294,2236311054,N/A,N/A,112890480,112773627,593142554,593525838,2756962962,2738296579",0,0,2463684537,2499582376,91132989,91232442,2151967975,2150408046,113978840,113943047,N/A,N/A,111965645,112067829,2738302120,2756969998",0,0,2180711314,2178231357,340294339,332221770,111926529,111684673,89822746,89986128,759088604,775222696,N/A,N/A,2168018807,2167987955",0,0,2497403565,2497316107,435426083,437099199,429661511,430075312,816711119,810347572,2896051890,2902823969,593586516,593206572,N/A,N/A"
1755314536,N/A,N/A,1261833786,1271935591,332219837,340291524,2252008171,2236982437,810347573,816711119,2393027824,2405585172,112067830,111965645,5874581315,5845507466",0,0,N/A,N/A,437099200,435426084,2151614952,2153177947,89986129,89822747,112773628,112890481,3034087713,3032786794,5845515127,5874589258",0,0,1228072849,1260699965,N/A,N/A,430075313,429661511,112406701,112283534,3911156355,3897133263,2405599630,2393043689,2169184698,2169217142",0,0,1271998813,1261899592,707483519,692736779,N/A,N/A,113931198,113970584,3032823970,3034127388,3897155600,3911178462,2988012444,2987956971",0,0,2180306428,2183099157,692736779,707483518,2211314380,2237562572,N/A,N/A,112890480,112773627,597092345,597480096,2758353856,2739642709",0,0,2467603062,2503499600,91132989,91232442,2153203565,2151641157,113978840,113943047,N/A,N/A,111965645,112067829,2739648249,2758360906",0,0,2182081972,2179562626,340294339,332221770,111926529,111684673,89822746,89986128,760427358,776604144,N/A,N/A,2169240917,2169209074",0,0,2501320834,2501234986,435426083,437099199,429661511,430075312,816711119,810347572,2899934197,2906702624,597541606,597156275,N/A,N/A"
1755314538,N/A,N/A,1265509531,1275606701,332219837,340291524,2253201541,2238185828,810347573,816711119,2394283032,2406883860,112067830,111965645,5875885493,5846770234",0,0,N/A,N/A,437099200,435426084,2152768590,2154335224,89986129,89822747,112773628,112890481,3037759075,3036457684,5846776619,5875893417",0,0,1229337847,1262005469,N/A,N/A,430075313,429661511,112406701,112283534,3914797216,3900800832,2406898360,2394298290,2170313992,2170351584",0,0,1275669897,1265572803,707483519,692736779,N/A,N/A,113931198,113970584,3036494878,3037796216,3900823132,3914823052,3001192857,3001142695",0,0,2181559656,2184391064,692736779,707483518,2212515948,2238756339,N/A,N/A,112890480,112773627,600808098,601200190,2759660747,2740906071",0,0,2471286176,2507180206,91132989,91232442,2154359947,2152793673,113978840,113943047,N/A,N/A,111965645,112067829,2740912465,2759667373",0,0,2183373116,2180816255,340294339,332221770,111926529,111684673,89822746,89986128,761686974,777905157,N/A,N/A,2170373501,2170336926",0,0,2505001380,2504918846,435426083,437099199,429661511,430075312,816711119,810347572,2903582504,2910348638,601260504,600868300,N/A,N/A"
1755314539,N/A,N/A,1269452279,1279544432,332219837,340291524,2254475477,2239471150,810347573,816711119,2395633229,2408279647,112067830,111965645,5877280792,5848120871",0,0,N/A,N/A,437099200,435426084,2153992271,2155561619,89986129,89822747,112773628,112890481,3041695429,3040394207,5848128536,5877288707",0,0,1230695986,1263408503,N/A,N/A,430075313,429661511,112406701,112283534,3918711153,3904735047,2408294166,2395649379,2171522495,2171565426",0,0,1279606448,1269519217,707483519,692736779,N/A,N/A,113931198,113970584,3040432573,3041736273,3904757348,3918733262,3015347561,3015288632",0,0,2182907643,2185778464,692736779,707483518,2213792468,2240032867,N/A,N/A,112890480,112773627,604796772,605192568,2761064421,2742264400",0,0,2475240859,2511131402,91132989,91232442,2155587638,2154018291,113978840,113943047,N/A,N/A,111965645,112067829,2742270400,2761071947",0,0,2184761312,2182164692,340294339,332221770,111926529,111684673,89822746,89986128,763042569,779305543,N/A,N/A,2171589192,2171546121",0,0,2508952582,2508873518,435426083,437099199,429661511,430075312,816711119,810347572,2907507293,2914272103,605252871,604859736,N/A,N/A"
1755314541,N/A,N/A,1273212011,1283302173,332219837,340291524,2255684738,2240691505,810347573,816711119,2396920317,2409610186,112067830,111965645,5878611629,5849409255",0,0,N/A,N/A,437099200,435426084,2155174467,2156747286,89986129,89822747,112773628,112890481,3045454287,3044157082,5849416489,5878619552",0,0,1231995050,1264749030,N/A,N/A,430075313,429661511,112406701,112283534,3922448929,3908495466,2409625566,2396936453,2172686617,2172736942",0,0,1283362716,1273278815,707483519,692736779,N/A,N/A,113931198,113970584,3044194232,3045495143,3908517822,3922474755,3028855848,3028802044",0,0,2184195771,2187104519,692736779,707483518,2215017163,2241243930,N/A,N/A,112890480,112773627,608609163,609009453,2762408807,2743565239",0,0,2479024405,2514911341,91132989,91232442,2156776759,2155204551,113978840,113943047,N/A,N/A,111965645,112067829,2743571659,2762416774",0,0,2186091347,2183455829,340294339,332221770,111926529,111684673,89822746,89986128,764339859,780645276,N/A,N/A,2172764980,2172715052",0,0,2512735469,2512657103,435426083,437099199,429661511,430075312,816711119,810347572,2911267108,2918027865,609073578,608676882,N/A,N/A"
1755314543,N/A,N/A,1277120038,1287198855,332219837,340291524,2256945153,2241960871,810347573,816711119,2398255293,2410988866,112067830,111965645,5879998702,5850751867",0,0,N/A,N/A,437099200,435426084,2156397604,2157973164,89986129,89822747,112773628,112890481,3049361756,3048064063,5850759127,5880006656",0,0,1233345582,1266142920,N/A,N/A,430075313,429661511,112406701,112283534,3926331811,3912401223,2411004621,2398270525,2173900799,2173956724",0,0,1287258289,1277180540,707483519,692736779,N/A,N/A,113931198,113970584,3048101327,3049402660,3912423562,3926357598,3042903132,3042846571",0,0,2185533485,2188481916,692736779,707483518,2216281933,2242503766,N/A,N/A,112890480,112773627,612558243,612962123,2763799026,2744910878",0,0,2482938698,2518820517,91132989,91232442,2157997675,2156422576,113978840,113943047,N/A,N/A,111965645,112067829,2744913433,2763802089",0,0,2187458193,2184783310,340294339,332221770,111926529,111684673,89822746,89986128,765671095,782018966,N/A,N/A,2173970625,2173915165",0,0,2516604396,2516530357,435426083,437099199,429661511,430075312,816711119,810347572,2915103337,2921859692,612973420,612569515,N/A,N/A"
1755314545,N/A,N/A,1281042170,1291118047,332219837,340291524,2258208680,2243232991,810347573,816711119,2399596649,2412376907,112067830,111965645,5881396345,5852104785",0,0,N/A,N/A,437099200,435426084,2157624912,2159207118,89986129,89822747,112773628,112890481,3053300266,3051998987,5852111577,5881404260",0,0,1234698250,1267540936,N/A,N/A,430075313,429661511,112406701,112283534,3930225455,3916323387,2412391339,2399611859,2175119734,2175175467",0,0,1291181253,1281107916,707483519,692736779,N/A,N/A,113931198,113970584,3052036223,3053340360,3916345548,3930251237,3057011214,3056951560",0,0,2186874155,2189862611,692736779,707483518,2217551473,2243767002,N/A,N/A,112890480,112773627,616532209,616943132,2765197737,2746263960",0,0,2486882156,2522761979,91132989,91232442,2159232002,2157650859,113978840,113943047,N/A,N/A,111965645,112067829,2746269502,2765204757",0,0,2188845432,2186130333,340294339,332221770,111926529,111684673,89822746,89986128,767033816,783426329,N/A,N/A,2175197895,2175142771",0,0,2520583202,2520513706,435426083,437099199,429661511,430075312,816711119,810347572,2919067899,2925819056,617004605,616596096,N/A,N/A"
1755314546,N/A,N/A,1284727855,1294815428,332219837,340291524,2259646817,2244672494,810347573,816711119,2400851969,2413674481,112067830,111965645,5882705230,5853372898",0,0,N/A,N/A,437099200,435426084,2158806013,2160384866,89986129,89822747,112773628,112890481,3056988758,3055691723,5853379289,5882713156",0,0,1235966766,1268850280,N/A,N/A,430075313,429661511,112406701,112283534,3933881078,3919998237,2413690185,2400867112,2176272053,2176330226",0,0,1294878954,1284790994,707483519,692736779,N/A,N/A,113931198,113970584,3055728992,3057029661,3920021197,3933906868,3070234357,3070185123",0,0,2188131315,2191158298,692736779,707483518,2218994218,2245213104,N/A,N/A,112890480,112773627,620260574,620676845,2766512147,2747535796",0,0,2490588235,2526463878,91132989,91232442,2160411536,2158833198,113978840,113943047,N/A,N/A,111965645,112067829,2747541344,2766519210",0,0,2190140158,2187387436,340294339,332221770,111926529,111684673,89822746,89986128,768301918,784735089,N/A,N/A,2176353976,2176296311",0,0,2524285051,2524219845,435426083,437099199,429661511,430075312,816711119,810347572,2922737877,2929485800,620738228,620324404,N/A,N/A"
1755314548,N/A,N/A,1288637590,1298730359,332219837,340291524,2261186731,2246213756,810347573,816711119,2402185634,2415054211,112067830,111965645,5884095972,5854718114",0,0,N/A,N/A,437099200,435426084,2160066471,2161641438,89986129,89822747,112773628,112890481,3060913634,3059613036,5854725766,5884103899",0,0,1237318286,1270246996,N/A,N/A,430075313,429661511,112406701,112283534,3937774013,3923917134,2415068614,2402200809,2177512541,2177572913",0,0,1298792362,1288704352,707483519,692736779,N/A,N/A,113931198,113970584,3059650759,3060954581,3923939398,3937796205,3084317880,3084258642",0,0,2189466144,2192531028,692736779,707483518,2220536779,2246750531,N/A,N/A,112890480,112773627,624214517,624633919,2767905730,2748884793",0,0,2494502053,2530372668,91132989,91232442,2161658765,2160084129,113978840,113943047,N/A,N/A,111965645,112067829,2748884792,2767905729",0,0,2191500357,2188708766,340294339,332221770,111926529,111684673,89822746,89986128,769633690,786109205,N/A,N/A,2177580732,2177520366",0,0,2528156548,2528093712,435426083,437099199,429661511,430075312,816711119,810347572,2926560536,2933308169,624633918,624214517,N/A,N/A"
1755314550,N/A,N/A,1292391626,1302494234,332219837,340291524,2262656691,2247687426,810347573,816711119,2403466661,2416379330,112067830,111965645,5885432126,5856011357",0,0,N/A,N/A,437099200,435426084,2161271770,2162844752,89986129,89822747,112773628,112890481,3064681057,3063380438,5856018174,5885440483",0,0,1238617559,1271588563,N/A,N/A,430075313,429661511,112406701,112283534,3941512633,3927678975,2416393761,2403482309,2178685811,2178750597",0,0,1302557474,1292458479,707483519,692736779,N/A,N/A,113931198,113970584,3063418849,3064722043,3927701345,3941535548,3097820909,3097765715",0,0,2190752568,2193856639,692736779,707483518,2222029058,2248227368,N/A,N/A,112890480,112773627,628034815,628461642,2769251375,2750186837",0,0,2498304263,2534171305,91132989,91232442,2162871401,2161299663,113978840,113943047,N/A,N/A,111965645,112067829,2750192832,2769259314",0,0,2192839471,2190009642,340294339,332221770,111926529,111684673,89822746,89986128,770946323,787465262,N/A,N/A,2178776634,2178712485",0,0,2531992483,2531933918,435426083,437099199,429661511,430075312,816711119,810347572,2930371597,2937113268,628521946,628098686,N/A,N/A"
1755314552,N/A,N/A,1296129790,1306251107,332219837,340291524,2264128568,2249160177,810347573,816711119,2404742627,2417696659,112067830,111965645,5886761660,5857298742",0,0,N/A,N/A,437099200,435426084,2162467860,2164037776,89986129,89822747,112773628,112890481,3068424341,3067127608,5857305996,5886769599",0,0,1239907497,1272919270,N/A,N/A,430075313,429661511,112406701,112283534,3945226755,3931413835,2417711946,2404757784,2179866167,2179935846",0,0,1306310953,1296196696,707483519,692736779,N/A,N/A,113931198,113970584,3067164898,3068465250,3931436119,3945248874,3111233425,3111182241",0,0,2192028604,2195170370,692736779,707483518,2223496027,2249697856,N/A,N/A,112890480,112773627,631806922,632237588,2770580664,2751472609",0,0,2502048359,2537907733,91132989,91232442,2164063553,2162494347,113978840,113943047,N/A,N/A,111965645,112067829,2751478147,2770587302",0,0,2194152256,2191284739,340294339,332221770,111926529,111684673,89822746,89986128,772235605,788795708,N/A,N/A,2179958177,2179889504",0,0,2535728830,2535679863,435426083,437099199,429661511,430075312,816711119,810347572,2934091185,2940830937,632297756,631870694,N/A,N/A"
1755314553,N/A,N/A,1299940810,1310064068,332219837,340291524,2265616960,2250646147,810347573,816711119,2406038365,2419038329,112067830,111965645,5888113409,5858607978",0,0,N/A,N/A,437099200,435426084,2163679975,2165248498,89986129,89822747,112773628,112890481,3072237946,3070939075,5858614367,5888122246",0,0,1241220384,1274274911,N/A,N/A,430075313,429661511,112406701,112283534,3949001509,3935216115,2419053177,2406053590,2181084914,2181153802",0,0,1310127362,1300003984,707483519,692736779,N/A,N/A,113931198,113970584,3070976329,3072276305,3935238413,3949027251,3124902488,3124851491",0,0,2193330389,2196511313,692736779,707483518,2224976940,2251184364,N/A,N/A,112890480,112773627,635662970,636099468,2771937008,2752784713",0,0,2505871893,2541727751,91132989,91232442,2165274256,2163706882,113978840,113943047,N/A,N/A,111965645,112067829,2752791117,2771944531",0,0,2195494194,2192587903,340294339,332221770,111926529,111684673,89822746,89986128,773548054,790151968,N/A,N/A,2181179480,2181110630",0,0,2539552699,2539504574,435426083,437099199,429661511,430075312,816711119,810347572,2937893551,2944627928,636159895,635726973,N/A,N/A"
1755314555,N/A,N/A,1303846128,1313974678,332219837,340291524,2267142798,2252173153,810347573,816711119,2407372072,2420417073,112067830,111965645,5889497128,5859948093",0,0,N/A,N/A,437099200,435426084,2164935463,2166500974,89986129,89822747,112773628,112890481,3076144467,3074848174,5859954469,5889505042",0,0,1242563055,1275659752,N/A,N/A,430075313,429661511,112406701,112283534,3952868983,3939109699,2420431947,2407387322,2182304617,2182376677",0,0,1314027207,1303898216,707483519,692736779,N/A,N/A,113931198,113970584,3074866800,3076166781,3939109698,3952872681,3138830514,3138770098",0,0,2194652833,2197871524,692736779,707483518,2226490750,2252696595,N/A,N/A,112890480,112773627,639573062,640013362,2773310850,2754113987",0,0,2509741995,2545594126,91132989,91232442,2166508916,2164944563,113978840,113943047,N/A,N/A,111965645,112067829,2754113986,2773310849",0,0,2196841257,2193896314,340294339,332221770,111926529,111684673,89822746,89986128,774868406,791514947,N/A,N/A,2182380215,2182308678",0,0,2543400411,2543356048,435426083,437099199,429661511,430075312,816711119,810347572,2941710215,2948442518,640047320,639610743,N/A,N/A"
1755314557,N/A,N/A,1307672651,1317802759,332219837,340291524,2268633304,2253665048,810347573,816711119,2408678862,2421768514,112067830,111965645,5890853102,5861261158",0,0,N/A,N/A,437099200,435426084,2166160972,2167722365,89986129,89822747,112773628,112890481,3079968508,3078668740,5861263709,5890857062",0,0,1243872923,1277013178,N/A,N/A,430075313,429661511,112406701,112283534,3956637760,3942897224,2421772886,2408683959,2183540468,2183610597",0,0,1317828894,1307698727,707483519,692736779,N/A,N/A,113931198,113970584,3078668739,3079968507,3942897224,3956637759,3152464915,3152407477",0,0,2195946060,2199203620,692736779,707483518,2227965707,2254176856,N/A,N/A,112890480,112773627,643416645,643862874,2774664614,2755425198",0,0,2513565615,2549415976,91132989,91232442,2167726811,2166166002,113978840,113943047,N/A,N/A,111965645,112067829,2755431619,2774672606",0,0,2198183440,2195199711,340294339,332221770,111926529,111684673,89822746,89986128,776182727,792870584,N/A,N/A,2183623435,2183554083",0,0,2547237227,2547198336,435426083,437099199,429661511,430075312,816711119,810347572,2945511746,2952243669,643923214,643476803,N/A,N/A"
1755314559,N/A,N/A,1311563862,1321696305,332219837,340291524,2270142125,2255176452,810347573,816711119,2410008961,2423145181,112067830,111965645,5892231411,5862595202",0,0,N/A,N/A,437099200,435426084,2167414706,2168972622,89986129,89822747,112773628,112890481,3083868145,3082569151,5862601592,5892239341",0,0,1245216636,1278401067,N/A,N/A,430075313,429661511,112406701,112283534,3960517588,3946806668,2423159664,2410024238,2184770076,2184842036",0,0,1321759574,1311627059,707483519,692736779,N/A,N/A,113931198,113970584,3082603856,3083904241,3946822648,3960538586,3166549896,3166491316",0,0,2197287123,2200584843,692736779,707483518,2229491772,2255703118,N/A,N/A,112890480,112773627,647392538,647842599,2776064420,2756777995",0,0,2517505801,2553352264,91132989,91232442,2168985964,2167428675,113978840,113943047,N/A,N/A,111965645,112067829,2756777994,2776064419",0,0,2199553269,2196529337,340294339,332221770,111926529,111684673,89822746,89986128,777519498,794251427,N/A,N/A,2184844919,2184772975",0,0,2551136144,2551097460,435426083,437099199,429661511,430075312,816711119,810347572,2949361228,2956087337,647842598,647392538,N/A,N/A"
1755314561,N/A,N/A,1315500566,1325630382,332219837,340291524,2271520623,2256560725,810347573,816711119,2411351363,2424533418,112067830,111965645,5893633192,5863952280",0,0,N/A,N/A,437099200,435426084,2168663042,2170220218,89986129,89822747,112773628,112890481,3087818094,3086519243,5863958717,5893641534",0,0,1246574636,1279804797,N/A,N/A,430075313,429661511,112406701,112283534,3964435936,3950750640,2424547813,2411366535,2185985758,2186062316",0,0,1325693427,1315563600,707483519,692736779,N/A,N/A,113931198,113970584,3086556531,3087855346,3950772923,3964461816,3180727711,3180676351",0,0,2198634411,2201972946,692736779,707483518,2230884093,2257082670,N/A,N/A,112890480,112773627,651398672,651854856,2777477068,2758145963",0,0,2521491617,2557333281,91132989,91232442,2170244760,2168688050,113978840,113943047,N/A,N/A,111965645,112067829,2758151951,2777484602",0,0,2200955751,2197891429,340294339,332221770,111926529,111684673,89822746,89986128,778897131,795675044,N/A,N/A,2186085856,2186009215",0,0,2555155178,2555124262,435426083,437099199,429661511,430075312,816711119,810347572,2953365944,2960089295,651915105,651461302,N/A,N/A"
1755314562,N/A,N/A,1319443620,1329573728,332219837,340291524,2273039899,2258083765,810347573,816711119,2412697357,2425923755,112067830,111965645,5895031933,5865307576",0,0,N/A,N/A,437099200,435426084,2169927055,2171482782,89986129,89822747,112773628,112890481,3091768573,3090472772,5865313962,5895039858",0,0,1247933252,1281207828,N/A,N/A,430075313,429661511,112406701,112283534,3968353452,3954690907,2425939501,2412712566,2187242265,2187322614",0,0,1329634455,1319507642,707483519,692736779,N/A,N/A,113931198,113970584,3090510042,3091809532,3954713168,3968379270,3194895903,3194845766",0,0,2199980625,2203358090,692736779,707483518,2232412921,2258610998,N/A,N/A,112890480,112773627,655381754,655842916,2778882466,2759505969",0,0,2525455482,2561289154,91132989,91232442,2171508776,2169954198,113978840,113943047,N/A,N/A,111965645,112067829,2759511089,2778889508",0,0,2202340874,2199236791,340294339,332221770,111926529,111684673,89822746,89986128,780257203,797079187,N/A,N/A,2187346212,2187266848",0,0,2559110370,2559084453,435426083,437099199,429661511,430075312,816711119,810347572,2957299904,2964017997,655903062,655445462,N/A,N/A"
1755314564,N/A,N/A,1322938110,1333067655,332219837,340291524,2274389254,2259435357,810347573,816711119,2413890072,2427158002,112067830,111965645,5896270180,5866505195",0,0,N/A,N/A,437099200,435426084,2171015344,2172571206,89986129,89822747,112773628,112890481,3095269229,3093970734,5866511557,5896278081",0,0,1249137927,1282451631,N/A,N/A,430075313,429661511,112406701,112283534,3971820031,3958185379,2427172863,2413905296,2188343603,2188424574",0,0,1333131014,1323001317,707483519,692736779,N/A,N/A,113931198,113970584,3094007974,3095307514,3958207751,3971845837,3207452517,3207404479",0,0,2201171129,2204585033,692736779,707483518,2233752514,2259961784,N/A,N/A,112890480,112773627,658909925,659376085,2780125786,2760708954",0,0,2528960465,2564788694,91132989,91232442,2172595037,2171040184,113978840,113943047,N/A,N/A,111965645,112067829,2760715360,2780133335",0,0,2203567839,2200428539,340294339,332221770,111926529,111684673,89822746,89986128,781460730,798322294,N/A,N/A,2188446769,2188366866",0,0,2562609916,2562593207,435426083,437099199,429661511,430075312,816711119,810347572,2960778068,2967495852,659436371,658970069,N/A,N/A"
1755314566,N/A,N/A,1326927337,1337060592,332219837,340291524,2275956669,2261003678,810347573,816711119,2415251451,2428566029,112067830,111965645,5897685876,5867875382",0,0,N/A,N/A,437099200,435426084,2172234741,2173794250,89986129,89822747,112773628,112890481,3099264851,3097966066,5867882202,5897694225",0,0,1250511792,1283870536,N/A,N/A,430075313,429661511,112406701,112283534,3975785421,3962174159,2428580463,2415267074,2189635350,2189713933",0,0,1337123695,1326993120,707483519,692736779,N/A,N/A,113931198,113970584,3098003310,3099305787,3962196482,3975808690,3221797883,3221740648",0,0,2202533929,2205988511,692736779,707483518,2235328842,2261529587,N/A,N/A,112890480,112773627,662957248,663430309,2781548185,2762085095",0,0,2532970919,2568798401,91132989,91232442,2173819949,2172260902,113978840,113943047,N/A,N/A,111965645,112067829,2762091110,2781556134",0,0,2204971356,2201791403,340294339,332221770,111926529,111684673,89822746,89986128,782832982,799739794,N/A,N/A,2189739652,2189661237",0,0,2566622419,2566603635,435426083,437099199,429661511,430075312,816711119,810347572,2964756627,2971466371,663490860,663021363,N/A,N/A"
1755314568,N/A,N/A,1330744838,1340879717,332219837,340291524,2277437674,2262484582,810347573,816711119,2416554689,2429913022,112067830,111965645,5899043692,5869189958",0,0,N/A,N/A,437099200,435426084,2173396600,2174959320,89986129,89822747,112773628,112890481,3103091313,3101791439,5869196747,5899051627",0,0,1251826336,1285227946,N/A,N/A,430075313,429661511,112406701,112283534,3979573780,3965984319,2429927509,2416570342,2190840707,2190920448",0,0,1340942416,1330811761,707483519,692736779,N/A,N/A,113931198,113970584,3101829860,3103132258,3966006613,3979595843,3235531084,3235474333",0,0,2203840959,2207333844,692736779,707483518,2236807048,2263007415,N/A,N/A,112890480,112773627,666823827,667301209,2782908423,2763401659",0,0,2536805012,2572628818,91132989,91232442,2174984422,2173421976,113978840,113943047,N/A,N/A,111965645,112067829,2763407197,2782915488",0,0,2206316690,2203097136,340294339,332221770,111926529,111684673,89822746,89986128,784143437,801092505,N/A,N/A,2190943786,2190864531",0,0,2570450027,2570436550,435426083,437099199,429661511,430075312,816711119,810347572,2968546605,2975254644,667361507,666887734,N/A,N/A"
1755314569,N/A,N/A,1334568692,1344716963,332219837,340291524,2278927300,2263976602,810347573,816711119,2417863299,2431267024,112067830,111965645,5900401702,5870504142",0,0,N/A,N/A,437099200,435426084,2174556587,2176122826,89986129,89822747,112773628,112890481,3106920846,3105621831,5870510947,5900409731",0,0,1253143520,1286589389,N/A,N/A,430075313,429661511,112406701,112283534,3983355426,3969794973,2431282871,2417879874,2192032880,2192115593",0,0,1344788168,1334639407,707483519,692736779,N/A,N/A,113931198,113970584,3105666559,3106965494,3969824570,3983388568,3249266089,3249222020",0,0,2205147168,2208681035,692736779,707483518,2238288989,2264500775,N/A,N/A,112890480,112773627,670695258,671178109,2784272487,2764720822",0,0,2540646781,2576467520,91132989,91232442,2176148662,2174583518,113978840,113943047,N/A,N/A,111965645,112067829,2764727214,2784280034",0,0,2207663865,2204404615,340294339,332221770,111926529,111684673,89822746,89986128,785457190,802448173,N/A,N/A,2192139758,2192057513",0,0,2574288786,2574279543,435426083,437099199,429661511,430075312,816711119,810347572,2972349903,2979057908,671238361,670755349,N/A,N/A"
1755314571,N/A,N/A,1338397618,1348554294,332219837,340291524,2280421601,2265473964,810347573,816711119,2419171758,2432618389,112067830,111965645,5901762087,5871821363",0,0,N/A,N/A,437099200,435426084,2175724576,2177295022,89986129,89822747,112773628,112890481,3110756481,3109459835,5871828595,5901769988",0,0,1254463886,1287952251,N/A,N/A,430075313,429661511,112406701,112283534,3987157819,3973614205,2432633752,2419186994,2193230907,2193315550",0,0,1348613931,1338464567,707483519,692736779,N/A,N/A,113931198,113970584,3109497051,3110797336,3973636528,3987182435,3263009793,3262960055",0,0,2206449623,2210021884,692736779,707483518,2239791191,2265995726,N/A,N/A,112890480,112773627,674560261,675047790,2785632371,2766036994",0,0,2544492423,2580308691,91132989,91232442,2177319416,2175749402,113978840,113943047,N/A,N/A,111965645,112067829,2766042505,2785638991",0,0,2209003752,2205705766,340294339,332221770,111926529,111684673,89822746,89986128,786775561,803808311,N/A,N/A,2193338321,2193255203",0,0,2578129943,2578125160,435426083,437099199,429661511,430075312,816711119,810347572,2976162135,2982863019,675110215,674624188,N/A,N/A"
1755314573,N/A,N/A,1342418935,1352577568,332219837,340291524,2281990332,2267046551,810347573,816711119,2420543755,2434037888,112067830,111965645,5903188605,5873201637",0,0,N/A,N/A,437099200,435426084,2176994717,2178564325,89986129,89822747,112773628,112890481,3114776960,3113477764,5873207160,5903194813",0,0,1255844517,1289378674,N/A,N/A,430075313,429661511,112406701,112283534,3991142556,3977622187,2434050615,2420556842,2194490308,2194576905",0,0,1352633452,1342482078,707483519,692736779,N/A,N/A,113931198,113970584,3113516186,3114817920,3977644489,3991164652,3277434057,3277380548",0,0,2207816971,2211429898,692736779,707483518,2241363341,2267564902,N/A,N/A,112890480,112773627,678622805,679114848,2787063149,2767421064",0,0,2548528168,2584342047,91132989,91232442,2178589560,2177021144,113978840,113943047,N/A,N/A,111965645,112067829,2767426611,2787070182",0,0,2210412694,2207073119,340294339,332221770,111926529,111684673,89822746,89986128,788158101,805236958,N/A,N/A,2194600796,2194514752",0,0,2582163266,2582157161,435426083,437099199,429661511,430075312,816711119,810347572,2980164997,2986862148,679175129,678686666,N/A,N/A"
1755314575,N/A,N/A,1346369081,1356536854,332219837,340291524,2283543904,2268597173,810347573,816711119,2421887454,2435426784,112067830,111965645,5904581350,5874549037",0,0,N/A,N/A,437099200,435426084,2178241066,2179806543,89986129,89822747,112773628,112890481,3118703819,3117404374,5874549899,5904582666",0,0,1257192482,1290770976,N/A,N/A,430075313,429661511,112406701,112283534,3995021301,3981527818,2435433375,2421893809,2195730784,2195817761",0,0,1356566994,1346398932,707483519,692736779,N/A,N/A,113931198,113970584,3117441751,3118741088,3981549968,3995047033,3291498400,3291448526",0,0,2209153143,2212806248,692736779,707483518,2242908664,2269107275,N/A,N/A,112890480,112773627,682589854,683086996,2788458846,2768771265",0,0,2552465968,2588278392,91132989,91232442,2179830383,2178265616,113978840,113943047,N/A,N/A,111965645,112067829,2768777262,2788466816",0,0,2211789039,2208410167,340294339,332221770,111926529,111684673,89822746,89986128,789507445,806628914,N/A,N/A,2195839644,2195753290",0,0,2586099675,2586095377,435426083,437099199,429661511,430075312,816711119,810347572,2984069913,2990763036,683147270,682653758,N/A,N/A"
1755314576,N/A,N/A,1349979467,1360153772,332219837,340291524,2284949036,2270006327,810347573,816711119,2423121262,2436703886,112067830,111965645,5905867839,5875795291",0,0,N/A,N/A,437099200,435426084,2179404465,2180967984,89986129,89822747,112773628,112890481,3122352728,3121054834,5875802958,5905875772",0,0,1258446581,1292067468,N/A,N/A,430075313,429661511,112406701,112283534,3998634226,3985159746,2436719233,2423136682,2196872361,2196960250",0,0,1360213497,1350046415,707483519,692736779,N/A,N/A,113931198,113970584,3121093075,3122393646,3985182064,3998656350,3304579478,3304525814",0,0,2210395559,2214084343,692736779,707483518,2244329323,2270525442,N/A,N/A,112890480,112773627,686274840,686776721,2789758277,2770029159",0,0,2556124742,2591934225,91132989,91232442,2180993961,2179430481,113978840,113943047,N/A,N/A,111965645,112067829,2770034702,2789765306",0,0,2213067164,2209651734,340294339,332221770,111926529,111684673,89822746,89986128,790761156,807923263,N/A,N/A,2196983345,2196896024",0,0,2589755445,2589756099,435426083,437099199,429661511,430075312,816711119,810347572,2987693895,2994384618,686837020,686338786,N/A,N/A"
1755314578,N/A,N/A,1353885948,1364060588,332219837,340291524,2286476509,2271534794,810347573,816711119,2424454051,2438082299,112067830,111965645,5907253623,5877136993",0,0,N/A,N/A,437099200,435426084,2180635998,2182198784,89986129,89822747,112773628,112890481,3126264094,3124965799,5877143797,5907261539",0,0,1259791097,1293456658,N/A,N/A,430075313,429661511,112406701,112283534,4002504945,3989061206,2438096742,2424469292,2198114238,2198202583",0,0,1364121379,1353947941,707483519,692736779,N/A,N/A,113931198,113970584,3124993032,3126292748,3989069801,4002518545,3318558112,3318500033",0,0,2211723952,2215452501,692736779,707483518,2245849317,2272042279,N/A,N/A,112890480,112773627,690196016,690701844,2791137326,2771362476",0,0,2560005913,2595810875,91132989,91232442,2182209093,2180646832,113978840,113943047,N/A,N/A,111965645,112067829,2771362475,2791137325",0,0,2214420927,2210966166,340294339,332221770,111926529,111684673,89822746,89986128,792081154,809286120,N/A,N/A,2198202809,2198114473",0,0,2593594755,2593597572,435426083,437099199,429661511,430075312,816711119,810347572,2991488244,2998176583,690701843,690198604,N/A,N/A"
1755314580,N/A,N/A,1357732894,1367912610,332219837,340291524,2287979784,2273039825,810347573,816711119,2425764266,2439435765,112067830,111965645,5908616969,5878457298",0,0,N/A,N/A,437099200,435426084,2181865016,2183425146,89986129,89822747,112773628,112890481,3130117746,3128823066,5878464570,5908624917",0,0,1261116621,1294825584,N/A,N/A,430075313,429661511,112406701,112283534,4006326962,3992903271,2439451484,2425779448,2199333750,2199424963",0,0,1367973541,1357797763,707483519,692736779,N/A,N/A,113931198,113970584,3128860455,3130158791,3992925672,4006352800,3332425977,3332376977",0,0,2213045720,2216813367,692736779,707483518,2247368622,2273557204,N/A,N/A,112890480,112773627,694115266,694626615,2792517540,2772698969",0,0,2563909516,2599710422,91132989,91232442,2183451296,2181892630,113978840,113943047,N/A,N/A,111965645,112067829,2772704109,2792524596",0,0,2215796170,2212301890,340294339,332221770,111926529,111684673,89822746,89986128,793430849,810681040,N/A,N/A,2199448672,2199358467",0,0,2597531589,2597538444,435426083,437099199,429661511,430075312,816711119,810347572,2995410911,3002095097,694686790,694179086,N/A,N/A"
1755314582,N/A,N/A,1361537817,1371717220,332219837,340291524,2289460684,2274521548,810347573,816711119,2427062598,2440779596,112067830,111965645,5909973564,5879769598",0,0,N/A,N/A,437099200,435426084,2183086559,2184642767,89986129,89822747,112773628,112890481,3133941587,3132644033,5879776400,5909981923",0,0,1262427653,1296181173,N/A,N/A,430075313,429661511,112406701,112283534,4010112482,3996716853,2440794018,2427077801,2200532634,2200624532",0,0,1371780498,1361603496,707483519,692736779,N/A,N/A,113931198,113970584,3132681310,3133982541,3996739186,4010137851,3346125166,3346069702",0,0,2214345219,2218151529,692736779,707483518,2248856473,2275039313,N/A,N/A,112890480,112773627,697964231,698482007,2793873479,2774010914",0,0,2567732967,2603531679,91132989,91232442,2184668282,2183112878,113978840,113943047,N/A,N/A,111965645,112067829,2774016445,2793880500",0,0,2217134321,2213601387,340294339,332221770,111926529,111684673,89822746,89986128,794739832,812032137,N/A,N/A,2200648523,2200557277",0,0,2601352951,2601365729,435426083,437099199,429661511,430075312,816711119,810347572,2999200801,3005880345,698546041,698028079,N/A,N/A"
1755314583,N/A,N/A,1365371934,1375557414,332219837,340291524,2290958439,2276020376,810347573,816711119,2428368620,2442130046,112067830,111965645,5911337767,5881090069",0,0,N/A,N/A,437099200,435426084,2184316947,2185870819,89986129,89822747,112773628,112890481,3137784933,3136488475,5881096466,5911345690",0,0,1263746449,1297542884,N/A,N/A,430075313,429661511,112406701,112283534,4013919588,4000546048,2442144894,2428383841,2201734963,2201828846",0,0,1375621070,1365435143,707483519,692736779,N/A,N/A,113931198,113970584,3136525803,3137823304,4000568355,4013945396,3359898536,3359852620",0,0,2215651846,2219497865,692736779,707483518,2250349213,2276536182,N/A,N/A,112890480,112773627,701835731,702361701,2795239998,2775333388",0,0,2571591299,2607384633,91132989,91232442,2185895655,2184342256,113978840,113943047,N/A,N/A,111965645,112067829,2775339802,2795246623",0,0,2218479383,2214908020,340294339,332221770,111926529,111684673,89822746,89986128,796058361,813391790,N/A,N/A,2201850975,2201758587",0,0,2605205901,2605224057,435426083,437099199,429661511,430075312,816711119,810347572,3003015811,3009692705,702422585,701899612,N/A,N/A"
1755314585,N/A,N/A,1369246466,1379437500,332219837,340291524,2292465014,2277528650,810347573,816711119,2429691170,2443497694,112067830,111965645,5912717965,5882425767",0,0,N/A,N/A,437099200,435426084,2185545935,2187096983,89986129,89822747,112773628,112890481,3141669584,3140372721,5882432592,5912725903",0,0,1265081799,1298923864,N/A,N/A,430075313,429661511,112406701,112283534,4017764252,4004413374,2443512131,2429706042,2202950850,2203047700",0,0,1379500223,1369312205,707483519,692736779,N/A,N/A,113931198,113970584,3140410009,3141710544,4004435564,4017787454,3373819112,3373762938",0,0,2216977143,2220862553,692736779,707483518,2251854845,2278043461,N/A,N/A,112890480,112773627,705760959,706290541,2796624124,2776672828",0,0,2575495785,2611287583,91132989,91232442,2187122344,2185571898,113978840,113943047,N/A,N/A,111965645,112067829,2776677945,2796631178",0,0,2219845389,2216233333,340294339,332221770,111926529,111684673,89822746,89986128,797393174,814770888,N/A,N/A,2203071613,2202975209",0,0,2609108902,2609124854,435426083,437099199,429661511,430075312,816711119,810347572,3006870627,3013544409,706350840,705824841,N/A,N/A"
1755314587,N/A,N/A,1372982002,1383176693,332219837,340291524,2293913436,2278981454,810347573,816711119,2430965359,2444815164,112067830,111965645,5914047953,5883713597",0,0,N/A,N/A,437099200,435426084,2186739517,2188288585,89986129,89822747,112773628,112890481,3145414721,3144118882,5883721248,5914055865",0,0,1266367713,1300252621,N/A,N/A,430075313,429661511,112406701,112283534,4021467377,4008137737,2444829588,2430980570,2204123950,2204223855",0,0,1383237313,1373048916,707483519,692736779,N/A,N/A,113931198,113970584,3144156231,3145455626,4008160103,4021489505,3387240786,3387185449",0,0,2218254197,2222177965,692736779,707483518,2253299831,2279494884,N/A,N/A,112890480,112773627,709540985,710075361,2797957978,2777963630",0,0,2579260236,2615048168,91132989,91232442,2188314922,2186766005,113978840,113943047,N/A,N/A,111965645,112067829,2777969174,2797965026",0,0,2221160755,2217510353,340294339,332221770,111926529,111684673,89822746,89986128,798676651,816094458,N/A,N/A,2204247031,2204147638",0,0,2612869418,2612891099,435426083,437099199,429661511,430075312,816711119,810347572,3010583969,3017255451,710135606,709604847,N/A,N/A"
1755314589,N/A,N/A,1376893870,1387086747,332219837,340291524,2295440436,2280509652,810347573,816711119,2432299237,2446194421,112067830,111965645,5915440720,5885061658",0,0,N/A,N/A,437099200,435426084,2187984517,2189530140,89986129,89822747,112773628,112890481,3149339430,3148043951,5885069363,5915448688",0,0,1267718415,1301648434,N/A,N/A,430075313,429661511,112406701,112283534,4025353823,4012050932,2446208861,2432314058,2205348430,2205449938",0,0,1387148894,1376956997,707483519,692736779,N/A,N/A,113931198,113970584,3148080126,3149376680,4012073169,4025377102,3401301573,3401251554",0,0,2219589579,2223554268,692736779,707483518,2254831995,2281022260,N/A,N/A,112890480,112773627,713503429,714044601,2799353084,2779313260",0,0,2583185419,2618969796,91132989,91232442,2189550506,2188004968,113978840,113943047,N/A,N/A,111965645,112067829,2779313260,2799353084",0,0,2222525313,2218835193,340294339,332221770,111926529,111684673,89822746,89986128,800009888,817470307,N/A,N/A,2205459666,2205358140",0,0,2616753676,2616777078,435426083,437099199,429661511,430075312,816711119,810347572,3014419448,3021087069,714044600,713503428,N/A,N/A"
1755314590,N/A,N/A,1380598728,1390791632,332219837,340291524,2296814237,2281885069,810347573,816711119,2433563557,2447501981,112067830,111965645,5916762205,5886341507",0,0,N/A,N/A,437099200,435426084,2189168052,2190713686,89986129,89822747,112773628,112890481,3153061195,3151765693,5886348335,5916770155",0,0,1268996981,1302969516,N/A,N/A,430075313,429661511,112406701,112283534,4029032599,4015756883,2447516404,2433578755,2206518019,2206623523",0,0,1390844737,1380653256,707483519,692736779,N/A,N/A,113931198,113970584,3151785589,3153082414,4015758039,4029038844,3414543330,3414486262",0,0,2220844389,2224845550,692736779,707483518,2256189980,2282377775,N/A,N/A,112890480,112773627,717213979,717759777,2800661066,2780579291",0,0,2586868668,2622647968,91132989,91232442,2190722094,2189177107,113978840,113943047,N/A,N/A,111965645,112067829,2780579290,2800661066",0,0,2223813976,2220086603,340294339,332221770,111926529,111684673,89822746,89986128,801274209,818775192,N/A,N/A,2206622612,2206517106",0,0,2620431847,2620460327,435426083,437099199,429661511,430075312,816711119,810347572,3018071029,3024735493,717759777,717213978,N/A,N/A"
1755314592,N/A,N/A,1384394837,1394586988,332219837,340291524,2298292882,2283365487,810347573,816711119,2434859851,2448840927,112067830,111965645,5918110825,5887648570",0,0,N/A,N/A,437099200,435426084,2190389267,2191930913,89986129,89822747,112773628,112890481,3156863370,3155570863,5887654985,5918118781",0,0,1270304582,1304320320,N/A,N/A,430075313,429661511,112406701,112283534,4032794300,4019537187,2448856725,2434875121,2207729210,2207835407",0,0,1394650307,1384457992,707483519,692736779,N/A,N/A,113931198,113970584,3155608159,3156904329,4019559586,4032820110,3428253140,3428206570",0,0,2222149143,2226190073,692736779,707483518,2257680002,2283875637,N/A,N/A,112890480,112773627,721085572,721641345,2802029493,2781904401",0,0,2590730205,2626504853,91132989,91232442,2191956149,2190415129,113978840,113943047,N/A,N/A,111965645,112067829,2781910813,2802036121",0,0,2225172471,2221405727,340294339,332221770,111926529,111684673,89822746,89986128,802608663,820152360,N/A,N/A,2207858035,2207752875",0,0,2624326097,2624362974,435426083,437099199,429661511,430075312,816711119,810347572,3021948886,3028611970,721701646,721149503,N/A,N/A"
1755314594,N/A,N/A,1388307864,1398503665,332219837,340291524,2299825761,2284896808,810347573,816711119,2436194788,2450222798,112067830,111965645,5919510228,5889002041",0,0,N/A,N/A,437099200,435426084,2191638478,2193178223,89986129,89822747,112773628,112890481,3160797058,3159501358,5889008880,5919518185",0,0,1271658883,1305720338,N/A,N/A,430075313,429661511,112406701,112283534,4036686953,4023453950,2450237137,2436210319,2208960950,2209068080",0,0,1398566717,1388373386,707483519,692736779,N/A,N/A,113931198,113970584,3159538621,3160837439,4023476182,4036710265,3442333998,3442276978",0,0,2223487682,2227566976,692736779,707483518,2259215871,2285404256,N/A,N/A,112890480,112773627,725054527,725612346,2803428767,2783258758",0,0,2594678670,2630451410,91132989,91232442,2193203219,2191664808,113978840,113943047,N/A,N/A,111965645,112067829,2783263896,2803435792",0,0,2226549773,2222743860,340294339,332221770,111926529,111684673,89822746,89986128,803958496,821545638,N/A,N/A,2209090827,2208983655",0,0,2628262662,2628299098,435426083,437099199,429661511,430075312,816711119,810347572,3025830865,3032489136,725651189,725094693,N/A,N/A"
1755314596,N/A,N/A,1392135268,1402332634,332219837,340291524,2301317149,2286387812,810347573,816711119,2437497755,2451570130,112067830,111965645,5920877101,5890325979",0,0,N/A,N/A,437099200,435426084,2192861481,2194398509,89986129,89822747,112773628,112890481,3164642744,3163346024,5890332394,5920885062",0,0,1272979311,1307084006,N/A,N/A,430075313,429661511,112406701,112283534,4040485500,4027276499,2451584516,2437512904,2210158302,2210266938",0,0,1402395981,1392198389,707483519,692736779,N/A,N/A,113931198,113970584,3163383357,3164680039,4027298731,4040511315,3456106253,3456053709",0,0,2224793502,2228912298,692736779,707483518,2260702030,2286894189,N/A,N/A,112890480,112773627,728930609,729496479,2804796559,2784583461",0,0,2598534312,2634302407,91132989,91232442,2194425253,2192888910,113978840,113943047,N/A,N/A,111965645,112067829,2784589903,2804803193",0,0,2227894667,2224050054,340294339,332221770,111926529,111684673,89822746,89986128,805278837,822907312,N/A,N/A,2210290445,2210182374",0,0,2632123629,2632167074,435426083,437099199,429661511,430075312,816711119,810347572,3029665787,3036324319,729556711,728994419,N/A,N/A"
1755314598,N/A,N/A,1396122461,1406335655,332219837,340291524,2302883207,2287951389,810347573,816711119,2438856691,2452975249,112067830,111965645,5922297372,5891700530",0,0,N/A,N/A,437099200,435426084,2194130012,2195662380,89986129,89822747,112773628,112890481,3168643316,3167348200,5891707344,5922305321",0,0,1274351877,1308502784,N/A,N/A,430075313,429661511,112406701,112283534,4044439928,4031252152,2452989702,2438872313,2211428465,2211536743",0,0,1406399387,1396189424,707483519,692736779,N/A,N/A,113931198,113970584,3167389257,3168684330,4031274477,4044462043,3470434685,3470380174",0,0,2226152358,2230311373,692736779,707483518,2262263431,2288460195,N/A,N/A,112890480,112773627,732959140,733529459,2806218364,2785959103",0,0,2602542942,2638307361,91132989,91232442,2195687695,2194156050,113978840,113943047,N/A,N/A,111965645,112067829,2785961664,2806221013",0,0,2229286728,2225402174,340294339,332221770,111926529,111684673,89822746,89986128,806640614,824312222,N/A,N/A,2211552085,2211443880",0,0,2636092405,2636137171,435426083,437099199,429661511,430075312,816711119,810347572,3033590117,3040242429,733540796,732972979,N/A,N/A"
1755314599,N/A,N/A,1399920436,1410131155,332219837,340291524,2304248632,2289324835,810347573,816711119,2440153661,2454315917,112067830,111965645,5923646676,5893007314",0,0,N/A,N/A,437099200,435426084,2195351428,2196883364,89986129,89822747,112773628,112890481,3172448620,3171155018,5893013688,5923653297",0,0,1275660213,1309854468,N/A,N/A,430075313,429661511,112406701,112283534,4048202035,4035040632,2454330349,2440168880,2212623413,2212736530",0,0,1410194321,1399983546,707483519,692736779,N/A,N/A,113931198,113970584,3171192317,3172487718,4035062929,4048227850,3484057863,3484009234",0,0,2227446969,2231645044,692736779,707483518,2263637177,2289819775,N/A,N/A,112890480,112773627,736792318,737364226,2807567945,2787265358",0,0,2606355250,2642112860,91132989,91232442,2196908239,2195378097,113978840,113943047,N/A,N/A,111965645,112067829,2787271760,2807575491",0,0,2230627856,2226704429,340294339,332221770,111926529,111684673,89822746,89986128,807955402,825669735,N/A,N/A,2212759970,2212647907",0,0,2639934738,2639987998,435426083,437099199,429661511,430075312,816711119,810347572,3037408455,3044059439,737424424,736854968,N/A,N/A"
1755314601,N/A,N/A,1403793957,1414010730,332219837,340291524,2305758773,2290834511,810347573,816711119,2441475414,2455681867,112067830,111965645,5925023645,5894340450",0,0,N/A,N/A,437099200,435426084,2196587607,2198115668,89986129,89822747,112773628,112890481,3176334929,3175043863,5894348126,5925031552",0,0,1276995244,1311235301,N/A,N/A,430075313,429661511,112406701,112283534,4052055357,4038917092,2455697196,2441491502,2213843726,2213958489",0,0,1414074361,1403860812,707483519,692736779,N/A,N/A,113931198,113970584,3175081392,3176375818,4038939707,4052081230,3497989339,3497941026",0,0,2228769552,2233006268,692736779,707483518,2265162539,2291337871,N/A,N/A,112890480,112773627,740710369,741287362,2808951176,2788603967",0,0,2610257911,2646009455,91132989,91232442,2198142705,2196614774,113978840,113943047,N/A,N/A,111965645,112067829,2788610384,2808957809",0,0,2231988144,2228025706,340294339,332221770,111926529,111684673,89822746,89986128,809291317,827047329,N/A,N/A,2213984079,2213871124",0,0,2643830672,2643890683,435426083,437099199,429661511,430075312,816711119,810347572,3041273761,3047917460,741351366,740774196,N/A,N/A"
1755314603,N/A,N/A,1407847231,1418074171,332219837,340291524,2307355151,2292434157,810347573,816711119,2442858505,2457110628,112067830,111965645,5926465045,5895736244",0,0,N/A,N/A,437099200,435426084,2197882888,2199409319,89986129,89822747,112773628,112890481,3180399372,3179108253,5895743512,5926472984",0,0,1278393618,1312679658,N/A,N/A,430075313,429661511,112406701,112283534,4056082810,4042969945,2457126371,2442873716,2215123972,2215239750",0,0,1418137740,1407914054,707483519,692736779,N/A,N/A,113931198,113970584,3179145567,3180440405,4042994826,4056108570,3512554697,3512508757",0,0,2230150439,2234428442,692736779,707483518,2266761672,2292935041,N/A,N/A,112890480,112773627,744807468,745388797,2810396044,2790003021",0,0,2614332499,2650078007,91132989,91232442,2199435184,2197910014,113978840,113943047,N/A,N/A,111965645,112067829,2790009441,2810403588",0,0,2233411249,2229407887,340294339,332221770,111926529,111684673,89822746,89986128,810687044,828488562,N/A,N/A,2215263321,2215148308",0,0,2647900459,2647965282,435426083,437099199,429661511,430075312,816711119,810347572,3045310554,3051950401,745449073,744870163,N/A,N/A"
1755314605,N/A,N/A,1411521520,1421754439,332219837,340291524,2308799965,2293879459,810347573,816711119,2444108762,2458403806,112067830,111965645,5927770888,5897000054",0,0,N/A,N/A,437099200,435426084,2199042003,2200568480,89986129,89822747,112773628,112890481,3184074214,3182783107,5897005178,5927776201",0,0,1279655919,1313984648,N/A,N/A,430075313,429661511,112406701,112283534,4059710328,4046618931,2458415566,2444120183,2216272412,2216391526",0,0,1421796540,1411566040,707483519,692736779,N/A,N/A,113931198,113970584,3182820470,3184115272,4046641183,4059736116,3525698962,3525648866",0,0,2231399121,2235713938,692736779,707483518,2268207642,2294375615,N/A,N/A,112890480,112773627,748505040,749094135,2811699626,2791265027",0,0,2618012549,2653755937,91132989,91232442,2200593376,2199067422,113978840,113943047,N/A,N/A,111965645,112067829,2791271444,2811706230",0,0,2234695448,2230655303,340294339,332221770,111926529,111684673,89822746,89986128,811944989,829785995,N/A,N/A,2216413624,2216296219",0,0,2651577199,2651645297,435426083,437099199,429661511,430075312,816711119,810347572,3048952203,3055585335,749154488,748568883,N/A,N/A"
1755314606,N/A,N/A,1415243856,1425481599,332219837,340291524,2310274233,2295353118,810347573,816711119,2445383595,2459721412,112067830,111965645,5929103871,5898291533",0,0,N/A,N/A,437099200,435426084,2200245943,2201769073,89986129,89822747,112773628,112890481,3187841065,3186548548,5898298799,5929111812",0,0,1280947816,1315319523,N/A,N/A,430075313,429661511,112406701,112283534,4063426056,4050356662,2459736721,2445398771,2217459888,2217580701",0,0,1425541990,1415310615,707483519,692736779,N/A,N/A,113931198,113970584,3186585854,3187882095,4050378999,4063450841,3539171606,3539118783",0,0,2232677970,2237030199,692736779,707483518,2269678014,2295855775,N/A,N/A,112890480,112773627,752294618,752884802,2813037713,2792561410",0,0,2621789443,2657526007,91132989,91232442,2201795427,2200272800,113978840,113943047,N/A,N/A,111965645,112067829,2792567843,2813044369",0,0,2236011695,2231934127,340294339,332221770,111926529,111684673,89822746,89986128,813237189,831119952,N/A,N/A,2217603536,2217484311",0,0,2655347312,2655422260,435426083,437099199,429661511,430075312,816711119,810347572,3052684820,3059316152,752947584,752358375,N/A,N/A"
1755314608,N/A,N/A,1419116895,1429366081,332219837,340291524,2311796641,2296878095,810347573,816711119,2446703325,2461086831,112067830,111965645,5930480596,5899624264",0,0,N/A,N/A,437099200,435426084,2201486972,2203008147,89986129,89822747,112773628,112890481,3191722494,3190430834,5899631537,5930488528",0,0,1282283118,1316699676,N/A,N/A,430075313,429661511,112406701,112283534,4067264171,4054220365,2461102281,2446718562,2218658682,2218783234",0,0,1429427283,1419182373,707483519,692736779,N/A,N/A,113931198,113970584,3190468128,3191763445,4054242596,4067289970,3553067148,3553018101",0,0,2233996322,2238387511,692736779,707483518,2271207685,2297381533,N/A,N/A,112890480,112773627,756204994,756802716,2814421072,2793900828",0,0,2625688765,2661419939,91132989,91232442,2203033125,2201512500,113978840,113943047,N/A,N/A,111965645,112067829,2793906382,2814427705",0,0,2237368955,2233252429,340294339,332221770,111926529,111684673,89822746,89986128,814571169,832496705,N/A,N/A,2218805689,2218682131",0,0,2659241206,2659320381,435426083,437099199,429661511,430075312,816711119,810347572,3056536065,3063163677,756859240,756268748,N/A,N/A"
1755314610,N/A,N/A,1423050845,1433300379,332219837,340291524,2313325584,2298411270,810347573,816711119,2448045045,2462474762,112067830,111965645,5931877695,5900977473",0,0,N/A,N/A,437099200,435426084,2202741409,2204260903,89986129,89822747,112773628,112890481,3195663234,3194368320,5900983863,5931885634",0,0,1283636425,1318097892,N/A,N/A,430075313,429661511,112406701,112283534,4071165124,4058147880,2462489627,2448060269,2219889831,2220016112",0,0,1433363743,1423114037,707483519,692736779,N/A,N/A,113931198,113970584,3194405653,3195701680,4058170155,4071194648,3567204016,3567151753",0,0,2235338919,2239769605,692736779,707483518,2272743765,2298917842,N/A,N/A,112890480,112773627,760191677,760791580,2815828141,2795263390",0,0,2629656916,2665383206,91132989,91232442,2204291402,2202772497,113978840,113943047,N/A,N/A,111965645,112067829,2795272372,2815838357",0,0,2238757657,2234601417,340294339,332221770,111926529,111684673,89822746,89986128,815932185,833901256,N/A,N/A,2220047730,2219922395",0,0,2663223166,2663308345,435426083,437099199,429661511,430075312,816711119,810347572,3060478195,3067103965,760881981,760285556,N/A,N/A"
1755314612,N/A,N/A,1427088017,1437340896,332219837,340291524,2314908278,2299995157,810347573,816711119,2449421027,2463897861,112067830,111965645,5933307945,5902361767",0,0,N/A,N/A,437099200,435426084,2204028860,2205544679,89986129,89822747,112773628,112890481,3199681953,3198386763,5902361766,5933307945",0,0,1285007716,1319515861,N/A,N/A,430075313,429661511,112406701,112283534,4075133097,4062136804,2463903125,2449426974,2221134767,2221262916",0,0,1437366925,1427115204,707483519,692736779,N/A,N/A,113931198,113970584,3198420344,3199715419,4062158975,4075158417,3581556742,3581511297",0,0,2236704672,2241175605,692736779,707483518,2274313455,2300484674,N/A,N/A,112890480,112773627,764227251,764835036,2817250829,2796640836",0,0,2633670988,2669394987,91132989,91232442,2205568106,2204053113,113978840,113943047,N/A,N/A,111965645,112067829,2796645953,2817257846",0,0,2240158442,2235960850,340294339,332221770,111926529,111684673,89822746,89986128,817296161,835308695,N/A,N/A,2221286045,2221158985",0,0,2667216244,2667300051,435426083,437099199,429661511,430075312,816711119,810347572,3064417790,3071039199,764895369,764291200,N/A,N/A"
1755314613,N/A,N/A,1430612321,1440868298,332219837,340291524,2316276501,2301364098,810347573,816711119,2450625351,2465143141,112067830,111965645,5934565503,5903580643",0,0,N/A,N/A,437099200,435426084,2205120944,2206639147,89986129,89822747,112773628,112890481,3203244831,3201952878,5903587040,5934573422",0,0,1286233894,1320781481,N/A,N/A,430075313,429661511,112406701,112283534,4078665086,4065692370,2465158901,2450640552,2222257333,2222387042",0,0,1440931352,1430676596,707483519,692736779,N/A,N/A,113931198,113970584,3201990149,3203285704,4065715831,4078690855,3594352578,3594312579",0,0,2237919553,2242427272,692736779,707483518,2275683301,2301858150,N/A,N/A,112890480,112773627,767832513,768446183,2818518910,2797866951",0,0,2637249828,2672972289,91132989,91232442,2206664142,2205146915,113978840,113943047,N/A,N/A,111965645,112067829,2797873358,2818525524",0,0,2241406154,2237173200,340294339,332221770,111926529,111684673,89822746,89986128,818514263,836565241,N/A,N/A,2222403048,2222273932",0,0,2670768584,2670855269,435426083,437099199,429661511,430075312,816711119,810347572,3067925486,3074545238,768466239,767853906,N/A,N/A"
1755314615,N/A,N/A,1434396020,1444656455,332219837,340291524,2317759599,2302847013,810347573,816711119,2451916922,2466479202,112067830,111965645,5935912913,5904883555",0,0,N/A,N/A,437099200,435426084,2206279300,2207800785,89986129,89822747,112773628,112890481,3207043913,3205750007,5904890825,5935920852",0,0,1287538906,1322131254,N/A,N/A,430075313,429661511,112406701,112283534,4082423757,4069467981,2466494487,2451931785,2223458616,2223589366",0,0,1444715799,1434460092,707483519,692736779,N/A,N/A,113931198,113970584,3205785193,3207084878,4069490182,4082445871,3607986585,3607935749",0,0,2239215190,2243760529,692736779,707483518,2277178156,2303345690,N/A,N/A,112890480,112773627,771671565,772290844,2819870129,2799175157",0,0,2641067744,2676788142,91132989,91232442,2207825023,2206304066,113978840,113943047,N/A,N/A,111965645,112067829,2799180704,2819877198",0,0,2242743321,2238471330,340294339,332221770,111926529,111684673,89822746,89986128,819822485,837916125,N/A,N/A,2223612596,2223482454",0,0,2674609490,2674698071,435426083,437099199,429661511,430075312,816711119,810347572,3071735411,3078349459,772351176,771735483,N/A,N/A"
1755314617,N/A,N/A,1438147369,1448411677,332219837,340291524,2319232489,2304318679,810347573,816711119,2453198924,2467805597,112067830,111965645,5937251763,5906178916",0,0,N/A,N/A,437099200,435426084,2207431781,2208955257,89986129,89822747,112773628,112890481,3210814778,3209517841,5906186607,5937259707",0,0,1288836417,1323471483,N/A,N/A,430075313,429661511,112406701,112283534,4086151292,4073218004,2467820957,2453215006,2224679019,2224808160",0,0,1448474931,1438214166,707483519,692736779,N/A,N/A,113931198,113970584,3209557762,3210855840,4073240272,4086175933,3621499832,3621452565",0,0,2240496918,2245081235,692736779,707483518,2278653470,2304818035,N/A,N/A,112890480,112773627,775472917,776103506,2821214645,2800475815",0,0,2644854843,2680573150,91132989,91232442,2208980597,2207457117,113978840,113943047,N/A,N/A,111965645,112067829,2800482251,2821221311",0,0,2244063608,2239753483,340294339,332221770,111926529,111684673,89822746,89986128,821117357,839251295,N/A,N/A,2224831995,2224704218",0,0,2678394516,2678487690,435426083,437099199,429661511,430075312,816711119,810347572,3075478330,3082090726,776163748,775536712,N/A,N/A"
1755314619,N/A,N/A,1442097200,1452357590,332219837,340291524,2320616383,2305711266,810347573,816711119,2454545843,2469199053,112067830,111965645,5938659037,5907541542",0,0,N/A,N/A,437099200,435426084,2208642267,2210171968,89986129,89822747,112773628,112890481,3214779317,3213479854,5907548338,5938666982",0,0,1290201559,1324881539,N/A,N/A,430075313,429661511,112406701,112283534,4090065294,4077159855,2469213502,2454561072,2225898546,2226030920",0,0,1452420765,1442160389,707483519,692736779,N/A,N/A,113931198,113970584,3213517166,3214816605,4077182093,4090091077,3635698183,3635651258",0,0,2241842657,2246466344,692736779,707483518,2280042669,2306198571,N/A,N/A,112890480,112773627,779467319,780100101,2822625859,2801842277",0,0,2648828385,2684543461,91132989,91232442,2210196482,2208667882,113978840,113943047,N/A,N/A,111965645,112067829,2801848263,2822633409",0,0,2245448695,2241098753,340294339,332221770,111926529,111684673,89822746,89986128,822474371,840650981,N/A,N/A,2226052531,2225921185",0,0,2682368410,2682461155,435426083,437099199,429661511,430075312,816711119,810347572,3079403014,3086009782,780160366,779531173,N/A,N/A"
1755314620,N/A,N/A,1445883150,1456147156,332219837,340291524,2322007681,2307109193,810347573,816711119,2455838391,2470534724,112067830,111965645,5940006138,5908845456",0,0,N/A,N/A,437099200,435426084,2209800706,2211335679,89986129,89822747,112773628,112890481,3218579066,3217283642,5908852734,5940014093",0,0,1291507301,1326230461,N/A,N/A,430075313,429661511,112406701,112283534,4093821711,4080936391,2470549123,2455852739,2227070240,2227205701",0,0,1456206581,1445949482,707483519,692736779,N/A,N/A,113931198,113970584,3217317293,3218620095,4080958734,4093844916,3649324219,3649271771",0,0,2243132459,2247794034,692736779,707483518,2281433489,2307591573,N/A,N/A,112890480,112773627,783295222,783934565,2823976980,2803149904",0,0,2652639785,2688351363,91132989,91232442,2211359754,2209825738,113978840,113943047,N/A,N/A,111965645,112067829,2803155036,2823984012",0,0,2246776813,2242388603,340294339,332221770,111926529,111684673,89822746,89986128,823774014,841992930,N/A,N/A,2227229420,2227094391",0,0,2686172603,2686268783,435426083,437099199,429661511,430075312,816711119,810347572,3083163942,3089767455,783994834,783359044,N/A,N/A"
1755314622,N/A,N/A,1449684960,1459947845,332219837,340291524,2323470049,2308573369,810347573,816711119,2457133881,2471875313,112067830,111965645,5941360837,5910157230",0,0,N/A,N/A,437099200,435426084,2210964921,2212501856,89986129,89822747,112773628,112890481,3222402306,3221102767,5910165153,5941370101",0,0,1292819539,1327585546,N/A,N/A,430075313,429661511,112406701,112283534,4097597107,4084735231,2471892317,2457151143,2228270707,2228407410",0,0,1460017208,1449759126,707483519,692736779,N/A,N/A,113931198,113970584,3221153851,3222454447,4084768687,4097633979,3663080968,3663028458",0,0,2244436548,2249137858,692736779,707483518,2282913861,2309067285,N/A,N/A,112890480,112773627,787168471,787813221,2825341975,2804471358",0,0,2656490885,2692199212,91132989,91232442,2212533383,2210996814,113978840,113943047,N/A,N/A,111965645,112067829,2804480343,2825351291",0,0,2248125928,2243698209,340294339,332221770,111926529,111684673,89822746,89986128,825093955,843354216,N/A,N/A,2228441507,2228305317",0,0,2690039252,2690141194,435426083,437099199,429661511,430075312,816711119,810347572,3086996077,3093597835,787903629,787262389,N/A,N/A"
1755314624,N/A,N/A,1453595504,1463855731,332219837,340291524,2324857372,2309967205,810347573,816711119,2458465140,2473253041,112067830,111965645,5942755449,5911506974",0,0,N/A,N/A,437099200,435426084,2212214740,2213751795,89986129,89822747,112773628,112890481,3226327296,3225027370,5911513784,5942763399",0,0,1294166598,1328977981,N/A,N/A,430075313,429661511,112406701,112283534,4101479965,4088642835,2473267445,2458480341,2229507429,2229646683",0,0,1463918854,1453658619,707483519,692736779,N/A,N/A,113931198,113970584,3225064610,3226364489,4088665122,4101505795,3677122161,3677066243",0,0,2245766643,2250508310,692736779,707483518,2284298483,2310444755,N/A,N/A,112890480,112773627,791105124,791757635,2826732299,2805816607",0,0,2660412625,2696118357,91132989,91232442,2213777771,2212241111,113978840,113943047,N/A,N/A,111965645,112067829,2805822163,2826738549",0,0,2249488645,2245021075,340294339,332221770,111926529,111684673,89822746,89986128,826422749,844726107,N/A,N/A,2229668034,2229529877",0,0,2693935973,2694041702,435426083,437099199,429661511,430075312,816711119,810347572,3090838775,3097436194,791814022,791162585,N/A,N/A"
1755314626,N/A,N/A,1457239897,1467500371,332219837,340291524,2326267484,2311384493,810347573,816711119,2459709692,2474539121,112067830,111965645,5944049411,5912760135",0,0,N/A,N/A,437099200,435426084,2213372327,2214907267,89986129,89822747,112773628,112890481,3229975616,3228675922,5912766924,5944057312",0,0,1295424388,1330276698,N/A,N/A,430075313,429661511,112406701,112283534,4105099475,4092281452,2474553573,2459724536,2230644098,2230784359",0,0,1467563632,1457305581,707483519,692736779,N/A,N/A,113931198,113970584,3228713163,3230015273,4092303639,4105122708,3690248259,3690187249",0,0,2247009499,2251787507,692736779,707483518,2285717352,2311866282,N/A,N/A,112890480,112773627,794789188,795446726,2828031036,2807073582",0,0,2664081511,2699784869,91132989,91232442,2214933087,2213398864,113978840,113943047,N/A,N/A,111965645,112067829,2807079985,2828037645",0,0,2250769883,2246266083,340294339,332221770,111926529,111684673,89822746,89986128,827678633,846021787,N/A,N/A,2230809651,2230669895",0,0,2697606117,2697714322,435426083,437099199,429661511,430075312,816711119,810347572,3094469385,3101065470,795506940,794850292,N/A,N/A"
1755314628,N/A,N/A,1461251997,1471515150,332219837,340291524,2327835007,2312953054,810347573,816711119,2461077563,2475954539,112067830,111965645,5945473106,5914139894",0,0,N/A,N/A,437099200,435426084,2214650315,2216182075,89986129,89822747,112773628,112890481,3234001854,3232702973,5914146296,5945481939",0,0,1296808088,1331705968,N/A,N/A,430075313,429661511,112406701,112283534,4109080774,4096287144,2475970294,2461094056,2231963076,2232101488",0,0,1471583826,1461322576,707483519,692736779,N/A,N/A,113931198,113970584,3232740270,3234040744,4096309376,4109106541,3704718455,3704656455",0,0,2248380180,2253198901,692736779,707483518,2287277370,2313435918,N/A,N/A,112890480,112773627,798851239,799514994,2829461381,2808457141",0,0,2668120359,2703820524,91132989,91232442,2216207715,2214678116,113978840,113943047,N/A,N/A,111965645,112067829,2808463541,2829468917",0,0,2252181714,2247637612,340294339,332221770,111926529,111684673,89822746,89986128,829062038,847450731,N/A,N/A,2232127139,2231989395",0,0,2701641743,2701753093,435426083,437099199,429661511,430075312,816711119,810347572,3098473997,3105067290,799575251,798912444,N/A,N/A"
1755314629,N/A,N/A,1465129088,1475391421,332219837,340291524,2329357167,2314477817,810347573,816711119,2462397410,2477318549,112067830,111965645,5946844967,5915466651",0,0,N/A,N/A,437099200,435426084,2215894516,2217420748,89986129,89822747,112773628,112890481,3237870383,3236570816,5915474329,5946852903",0,0,1298138657,1333080600,N/A,N/A,430075313,429661511,112406701,112283534,4112906932,4100133539,2477332118,2462411401,2233173310,2233311946",0,0,1475439701,1465181102,707483519,692736779,N/A,N/A,113931198,113970584,3236608129,3237911372,4100155724,4112929014,3718608001,3718539083",0,0,2249700287,2254557801,692736779,707483518,2288804976,2314955822,N/A,N/A,112890480,112773627,802750125,803418760,2830835211,2809786227",0,0,2671992365,2707688266,91132989,91232442,2217443313,2215917195,113978840,113943047,N/A,N/A,111965645,112067829,2809786227,2830835210",0,0,2253530160,2248947596,340294339,332221770,111926529,111684673,89822746,89986128,830378408,848809957,N/A,N/A,2233324189,2233185508",0,0,2705472145,2705584024,435426083,437099199,429661511,430075312,816711119,810347572,3102260035,3108847444,803419924,802752710,N/A,N/A"
1755314631,N/A,N/A,1468919460,1479183510,332219837,340291524,2330840653,2315965126,810347573,816711119,2463694818,2478659958,112067830,111965645,5948198929,5916777875",0,0,N/A,N/A,437099200,435426084,2217126065,2218648087,89986129,89822747,112773628,112890481,3241687037,3240388654,5916785580,5948206880",0,0,1299449058,1334434598,N/A,N/A,430075313,429661511,112406701,112283534,4116675776,4103925016,2478675278,2463710870,2234391840,2234528436",0,0,1479243010,1468983722,707483519,692736779,N/A,N/A,113931198,113970584,3240426922,3241728012,4103947277,4116700421,3732299861,3732231826",0,0,2251000686,2255896383,692736779,707483518,2290289045,2316445303,N/A,N/A,112890480,112773627,806600079,807273547,2832191152,2811098869",0,0,2675822955,2711518510,91132989,91232442,2218675604,2217154323,113978840,113943047,N/A,N/A,111965645,112067829,2811103999,2832198901",0,0,2254879225,2250256893,340294339,332221770,111926529,111684673,89822746,89986128,831702442,850176752,N/A,N/A,2234555057,2234419087",0,0,2709339770,2709451923,435426083,437099199,429661511,430075312,816711119,810347572,3106099442,3112681747,807333984,806664074,N/A,N/A"
1755314633,N/A,N/A,1472261531,1482522476,332219837,340291524,2332149235,2317274364,810347573,816711119,2464830835,2479834277,112067830,111965645,5949385906,5917927139",0,0,N/A,N/A,437099200,435426084,2218189146,2219705732,89986129,89822747,112773628,112890481,3245012821,3243710313,5917927138,5949385905",0,0,1300588730,1335610660,N/A,N/A,430075313,429661511,112406701,112283534,4119947474,4107215801,2479834276,2464830835,2235466079,2235599334",0,0,1482522475,1472261531,707483519,692736779,N/A,N/A,113931198,113970584,3243710312,3245012820,4107215800,4119947474,3744085134,3744010227",0,0,2252113748,2257042787,692736779,707483518,2291557643,2317719953,N/A,N/A,112890480,112773627,809894001,810571231,2833348264,2812217484",0,0,2679083537,2714777471,91132989,91232442,2219705731,2218189145,113978840,113943047,N/A,N/A,111965645,112067829,2812217483,2833348263",0,0,2256011213,2251355962,340294339,332221770,111926529,111684673,89822746,89986128,832808968,851318342,N/A,N/A,2235598423,2235465166",0,0,2712561350,2712675196,435426083,437099199,429661511,430075312,816711119,810347572,3109274515,3115855015,810571230,809894001,N/A,N/A"
1755314635,N/A,N/A,1472261531,1482522476,332219837,340291524,2332149235,2317274364,810347573,816711119,2464830835,2479834277,112067830,111965645,5949385906,5917927139",0,0,N/A,N/A,437099200,435426084,2218189146,2219705732,89986129,89822747,112773628,112890481,3245012821,3243710313,5917927138,5949385905",0,0,1300588730,1335610660,N/A,N/A,430075313,429661511,112406701,112283534,4119947474,4107215801,2479834276,2464830835,2235466079,2235599334",0,0,1482522475,1472261531,707483519,692736779,N/A,N/A,113931198,113970584,3243710312,3245012820,4107215800,4119947474,3744085134,3744010227",0,0,2252113748,2257042787,692736779,707483518,2291557643,2317719953,N/A,N/A,112890480,112773627,809894001,810571231,2833348264,2812217484",0,0,2679083537,2714777471,91132989,91232442,2219705731,2218189145,113978840,113943047,N/A,N/A,111965645,112067829,2812217483,2833348263",0,0,2256011213,2251355962,340294339,332221770,111926529,111684673,89822746,89986128,832808968,851318342,N/A,N/A,2235598423,2235465166",0,0,2712561350,2712675196,435426083,437099199,429661511,430075312,816711119,810347572,3109274515,3115855015,810571230,809894001,N/A,N/A"
1755314636,N/A,N/A,1472261531,1482522476,332219837,340291524,2332149235,2317274364,810347573,816711119,2464830835,2479834277,112067830,111965645,5949385906,5917927139",0,0,N/A,N/A,437099200,435426084,2218189146,2219705732,89986129,89822747,112773628,112890481,3245012821,3243710313,5917927138,5949385905",0,0,1300588730,1335610660,N/A,N/A,430075313,429661511,112406701,112283534,4119947474,4107215801,2479834276,2464830835,2235466079,2235599334",0,0,1482522475,1472261531,707483519,692736779,N/A,N/A,113931198,113970584,3243710312,3245012820,4107215800,4119947474,3744085134,3744010227",0,0,2252113748,2257042787,692736779,707483518,2291557643,2317719953,N/A,N/A,112890480,112773627,809894001,810571231,2833348264,2812217484",0,0,2679083537,2714777471,91132989,91232442,2219705731,2218189145,113978840,113943047,N/A,N/A,111965645,112067829,2812217483,2833348263",0,0,2256011213,2251355962,340294339,332221770,111926529,111684673,89822746,89986128,832808968,851318342,N/A,N/A,2235598423,2235465166",0,0,2712561350,2712675196,435426083,437099199,429661511,430075312,816711119,810347572,3109274515,3115855015,810571230,809894001,N/A,N/A"
1755314638,N/A,N/A,1472261531,1482522476,332219837,340291524,2332149235,2317274364,810347573,816711119,2464830835,2479834277,112067830,111965645,5949385906,5917927139",0,0,N/A,N/A,437099200,435426084,2218189146,2219705732,89986129,89822747,112773628,112890481,3245012821,3243710313,5917927138,5949385905",0,0,1300588730,1335610660,N/A,N/A,430075313,429661511,112406701,112283534,4119947474,4107215801,2479834276,2464830835,2235466079,2235599334",0,0,1482522475,1472261531,707483519,692736779,N/A,N/A,113931198,113970584,3243710312,3245012820,4107215800,4119947474,3744085134,3744010227",0,0,2252113748,2257042787,692736779,707483518,2291557643,2317719953,N/A,N/A,112890480,112773627,809894001,810571231,2833348264,2812217484",0,0,2679083537,2714777471,91132989,91232442,2219705731,2218189145,113978840,113943047,N/A,N/A,111965645,112067829,2812217483,2833348263",0,0,2256011213,2251355962,340294339,332221770,111926529,111684673,89822746,89986128,832808968,851318342,N/A,N/A,2235598423,2235465166",0,0,2712561350,2712675196,435426083,437099199,429661511,430075312,816711119,810347572,3109274515,3115855015,810571230,809894001,N/A,N/A"
1755314640,N/A,N/A,1472261531,1482522476,332219837,340291524,2332149235,2317274364,810347573,816711119,2464830835,2479834277,112067830,111965645,5949385906,5917927139",0,0,N/A,N/A,437099200,435426084,2218189146,2219705732,89986129,89822747,112773628,112890481,3245012821,3243710313,5917927138,5949385905",0,0,1300588730,1335610660,N/A,N/A,430075313,429661511,112406701,112283534,4119947474,4107215801,2479834276,2464830835,2235466079,2235599334",0,0,1482522475,1472261531,707483519,692736779,N/A,N/A,113931198,113970584,3243710312,3245012820,4107215800,4119947474,3744085134,3744010227",0,0,2252113748,2257042787,692736779,707483518,2291557643,2317719953,N/A,N/A,112890480,112773627,809894001,810571231,2833348264,2812217484",0,0,2679083537,2714777471,91132989,91232442,2219705731,2218189145,113978840,113943047,N/A,N/A,111965645,112067829,2812217483,2833348263",0,0,2256011213,2251355962,340294339,332221770,111926529,111684673,89822746,89986128,832808968,851318342,N/A,N/A,2235598423,2235465166",0,0,2712561350,2712675196,435426083,437099199,429661511,430075312,816711119,810347572,3109274515,3115855015,810571230,809894001,N/A,N/A"
1755314641,N/A,N/A,1472261531,1482522476,332219837,340291524,2332149235,2317274364,810347573,816711119,2464830835,2479834277,112067830,111965645,5949385906,5917927139",0,0,N/A,N/A,437099200,435426084,2218189146,2219705732,89986129,89822747,112773628,112890481,3245012821,3243710313,5917927138,5949385905",0,0,1300588730,1335610660,N/A,N/A,430075313,429661511,112406701,112283534,4119947474,4107215801,2479834276,2464830835,2235466079,2235599334",0,0,1482522475,1472261531,707483519,692736779,N/A,N/A,113931198,113970584,3243710312,3245012820,4107215800,4119947474,3744085134,3744010227",0,0,2252113748,2257042787,692736779,707483518,2291557643,2317719953,N/A,N/A,112890480,112773627,809894001,810571231,2833348264,2812217484",0,0,2679083537,2714777471,91132989,91232442,2219705731,2218189145,113978840,113943047,N/A,N/A,111965645,112067829,2812217483,2833348263",0,0,2256011213,2251355962,340294339,332221770,111926529,111684673,89822746,89986128,832808968,851318342,N/A,N/A,2235598423,2235465166",0,0,2712561350,2712675196,435426083,437099199,429661511,430075312,816711119,810347572,3109274515,3115855015,810571230,809894001,N/A,N/A"
1755314643,N/A,N/A,1472261531,1482522476,332219837,340291524,2332149235,2317274364,810347573,816711119,2464830835,2479834277,112067830,111965645,5949385906,5917927139",0,0,N/A,N/A,437099200,435426084,2218189146,2219705732,89986129,89822747,112773628,112890481,3245012821,3243710313,5917927138,5949385905",0,0,1300588730,1335610660,N/A,N/A,430075313,429661511,112406701,112283534,4119947474,4107215801,2479834276,2464830835,2235466079,2235599334",0,0,1482522475,1472261531,707483519,692736779,N/A,N/A,113931198,113970584,3243710312,3245012820,4107215800,4119947474,3744085134,3744010227",0,0,2252113748,2257042787,692736779,707483518,2291557643,2317719953,N/A,N/A,112890480,112773627,809894001,810571231,2833348264,2812217484",0,0,2679083537,2714777471,91132989,91232442,2219705731,2218189145,113978840,113943047,N/A,N/A,111965645,112067829,2812217483,2833348263",0,0,2256011213,2251355962,340294339,332221770,111926529,111684673,89822746,89986128,832808968,851318342,N/A,N/A,2235598423,2235465166",0,0,2712561350,2712675196,435426083,437099199,429661511,430075312,816711119,810347572,3109274515,3115855015,810571230,809894001,N/A,N/A"
