Timestamp,gpu0r0,gpu0w0,gpu0r1,gpu0w1,gpu0r2,gpu0w2,gpu0r3,gpu0w3,gpu0r4,gpu0w4,gpu0r5,gpu0w5,gpu0r6,gpu0w6,gpu0r7,gpu0w7,gpu1r0,gpu1w0,gpu1r1,gpu1w1,gpu1r2,gpu1w2,gpu1r3,gpu1w3,gpu1r4,gpu1w4,gpu1r5,gpu1w5,gpu1r6,gpu1w6,gpu1r7,gpu1w7,gpu2r0,gpu2w0,gpu2r1,gpu2w1,gpu2r2,gpu2w2,gpu2r3,gpu2w3,gpu2r4,gpu2w4,gpu2r5,gpu2w5,gpu2r6,gpu2w6,gpu2r7,gpu2w7,gpu3r0,gpu3w0,gpu3r1,gpu3w1,gpu3r2,gpu3w2,gpu3r3,gpu3w3,gpu3r4,gpu3w4,gpu3r5,gpu3w5,gpu3r6,gpu3w6,gpu3r7,gpu3w7,gpu4r0,gpu4w0,gpu4r1,gpu4w1,gpu4r2,gpu4w2,gpu4r3,gpu4w3,gpu4r4,gpu4w4,gpu4r5,gpu4w5,gpu4r6,gpu4w6,gpu4r7,gpu4w7,gpu5r0,gpu5w0,gpu5r1,gpu5w1,gpu5r2,gpu5w2,gpu5r3,gpu5w3,gpu5r4,gpu5w4,gpu5r5,gpu5w5,gpu5r6,gpu5w6,gpu5r7,gpu5w7,gpu6r0,gpu6w0,gpu6r1,gpu6w1,gpu6r2,gpu6w2,gpu6r3,gpu6w3,gpu6r4,gpu6w4,gpu6r5,gpu6w5,gpu6r6,gpu6w6,gpu6r7,gpu6w7,gpu7r0,gpu7w0,gpu7r1,gpu7w1,gpu7r2,gpu7w2,gpu7r3,gpu7w3,gpu7r4,gpu7w4,gpu7r5,gpu7w5,gpu7r6,gpu7w6,gpu7r7,gpu7w7
1755311689,N/A,N/A,19484125,19582445,20116683,20242460,2104718770,2089538671,1,1,2030423975,2032560228,19565130,19443832,2025124688,2024162775",0,0,N/A,N/A,21601883,21415669,2012501452,2014006179,1,1,20061840,19959496,2036447518,2035318446,2024162775,2025124687",0,0,20488848,20384506,N/A,N/A,21286727,21343827,20816268,20565748,2061908412,2066284922,2032560228,2030423974,2031337973,2031251519",0,0,19582444,19484124,1,1,N/A,N/A,21700600,21670612,2035318446,2036447517,2066284922,2061908411,2002558597,2003480671",0,0,2034885921,2035788522,0,1,2063687976,2090342098,N/A,N/A,19959495,20061839,21080108,21051893,2003267390,2000583045",0,0,1897199487,1933010736,0,1,2014006178,2012501451,21678868,21712449,N/A,N/A,19443831,19565129,2000583044,2003267389",0,0,2034756948,2034128135,20245275,20118615,21190587,21120949,0,1,21331154,21451072,N/A,N/A,2031250608,2031337061",0,0,1930794442,1930791641,21415669,21601882,21343826,21286726,0,1,1953810811,1957088180,21051892,21080107,N/A,N/A"
1755311690,N/A,N/A,19484125,19582445,20116683,20242460,2104718770,2089538671,1,1,2030423975,2032560228,19565130,19443832,2025124688,2024162775",0,0,N/A,N/A,21601883,21415669,2012501452,2014006179,1,1,20061840,19959496,2036447518,2035318446,2024162775,2025124687",0,0,20488848,20384506,N/A,N/A,21286727,21343827,20816268,20565748,2061908412,2066284922,2032560228,2030423974,2031337973,2031251519",0,0,19582444,19484124,1,1,N/A,N/A,21700600,21670612,2035318446,2036447517,2066284922,2061908411,2002558597,2003480671",0,0,2034885921,2035788522,0,1,2063687976,2090342098,N/A,N/A,19959495,20061839,21080108,21051893,2003267390,2000583045",0,0,1897199487,1933010736,0,1,2014006178,2012501451,21678868,21712449,N/A,N/A,19443831,19565129,2000583044,2003267389",0,0,2034756948,2034128135,20245275,20118615,21190587,21120949,0,1,21331154,21451072,N/A,N/A,2031250608,2031337061",0,0,1930794442,1930791641,21415669,21601882,21343826,21286726,0,1,1953810811,1957088180,21051892,21080107,N/A,N/A"
1755311692,N/A,N/A,19484125,19582445,20116683,20242460,2104718770,2089538671,1,1,2030423975,2032560228,19565130,19443832,2025124688,2024162775",0,0,N/A,N/A,21601883,21415669,2012501452,2014006179,1,1,20061840,19959496,2036447518,2035318446,2024162775,2025124687",0,0,20488848,20384506,N/A,N/A,21286727,21343827,20816268,20565748,2061908412,2066284922,2032560228,2030423974,2031337973,2031251519",0,0,19582444,19484124,1,1,N/A,N/A,21700600,21670612,2035318446,2036447517,2066284922,2061908411,2002558597,2003480671",0,0,2034885921,2035788522,0,1,2063687976,2090342098,N/A,N/A,19959495,20061839,21080108,21051893,2003267390,2000583045",0,0,1897199487,1933010736,0,1,2014006178,2012501451,21678868,21712449,N/A,N/A,19443831,19565129,2000583044,2003267389",0,0,2034756948,2034128135,20245275,20118615,21190587,21120949,0,1,21331154,21451072,N/A,N/A,2031250608,2031337061",0,0,1930794442,1930791641,21415669,21601882,21343826,21286726,0,1,1953810811,1957088180,21051892,21080107,N/A,N/A"
1755311693,N/A,N/A,19484125,19582445,20116683,20242460,2104718770,2089538671,1,1,2030423975,2032560228,19565130,19443832,2025124688,2024162775",0,0,N/A,N/A,21601883,21415669,2012501452,2014006179,1,1,20061840,19959496,2036447518,2035318446,2024162775,2025124687",0,0,20488848,20384506,N/A,N/A,21286727,21343827,20816268,20565748,2061908412,2066284922,2032560228,2030423974,2031337973,2031251519",0,0,19582444,19484124,1,1,N/A,N/A,21700600,21670612,2035318446,2036447517,2066284922,2061908411,2002558597,2003480671",0,0,2034885921,2035788522,0,1,2063687976,2090342098,N/A,N/A,19959495,20061839,21080108,21051893,2003267390,2000583045",0,0,1897199487,1933010736,0,1,2014006178,2012501451,21678868,21712449,N/A,N/A,19443831,19565129,2000583044,2003267389",0,0,2034756948,2034128135,20245275,20118615,21190587,21120949,0,1,21331154,21451072,N/A,N/A,2031250608,2031337061",0,0,1930794442,1930791641,21415669,21601882,21343826,21286726,0,1,1953810811,1957088180,21051892,21080107,N/A,N/A"
1755311695,N/A,N/A,19484125,19582445,20116683,20242460,2104718770,2089538671,1,1,2030423975,2032560228,19565130,19443832,2025124688,2024162775",0,0,N/A,N/A,21601883,21415669,2012501452,2014006179,1,1,20061840,19959496,2036447518,2035318446,2024162775,2025124687",0,0,20488848,20384506,N/A,N/A,21286727,21343827,20816268,20565748,2061908412,2066284922,2032560228,2030423974,2031337973,2031251519",0,0,19582444,19484124,1,1,N/A,N/A,21700600,21670612,2035318446,2036447517,2066284922,2061908411,2002558597,2003480671",0,0,2034885921,2035788522,0,1,2063687976,2090342098,N/A,N/A,19959495,20061839,21080108,21051893,2003267390,2000583045",0,0,1897199487,1933010736,0,1,2014006178,2012501451,21678868,21712449,N/A,N/A,19443831,19565129,2000583044,2003267389",0,0,2034756948,2034128135,20245275,20118615,21190587,21120949,0,1,21331154,21451072,N/A,N/A,2031250608,2031337061",0,0,1930794442,1930791641,21415669,21601882,21343826,21286726,0,1,1953810811,1957088180,21051892,21080107,N/A,N/A"
1755311697,N/A,N/A,19484125,19582445,20116683,20242460,2104718770,2089538671,1,1,2030423975,2032560228,19565130,19443832,2025124688,2024162775",0,0,N/A,N/A,21601883,21415669,2012501452,2014006179,1,1,20061840,19959496,2036447518,2035318446,2024162775,2025124687",0,0,20488848,20384506,N/A,N/A,21286727,21343827,20816268,20565748,2061908412,2066284922,2032560228,2030423974,2031337973,2031251519",0,0,19582444,19484124,1,1,N/A,N/A,21700600,21670612,2035318446,2036447517,2066284922,2061908411,2002558597,2003480671",0,0,2034885921,2035788522,0,1,2063687976,2090342098,N/A,N/A,19959495,20061839,21080108,21051893,2003267390,2000583045",0,0,1897199487,1933010736,0,1,2014006178,2012501451,21678868,21712449,N/A,N/A,19443831,19565129,2000583044,2003267389",0,0,2034756948,2034128135,20245275,20118615,21190587,21120949,0,1,21331154,21451072,N/A,N/A,2031250608,2031337061",0,0,1930794442,1930791641,21415669,21601882,21343826,21286726,0,1,1953810811,1957088180,21051892,21080107,N/A,N/A"
1755311698,N/A,N/A,19484125,19582445,20116683,20242460,2104718770,2089538671,1,1,2030423975,2032560228,19565130,19443832,2025124688,2024162775",0,0,N/A,N/A,21601883,21415669,2012501452,2014006179,1,1,20061840,19959496,2036447518,2035318446,2024162775,2025124687",0,0,20488848,20384506,N/A,N/A,21286727,21343827,20816268,20565748,2061908412,2066284922,2032560228,2030423974,2031337973,2031251519",0,0,19582444,19484124,1,1,N/A,N/A,21700600,21670612,2035318446,2036447517,2066284922,2061908411,2002558597,2003480671",0,0,2034885921,2035788522,0,1,2063687976,2090342098,N/A,N/A,19959495,20061839,21080108,21051893,2003267390,2000583045",0,0,1897199487,1933010736,0,1,2014006178,2012501451,21678868,21712449,N/A,N/A,19443831,19565129,2000583044,2003267389",0,0,2034756948,2034128135,20245275,20118615,21190587,21120949,0,1,21331154,21451072,N/A,N/A,2031250608,2031337061",0,0,1930794442,1930791641,21415669,21601882,21343826,21286726,0,1,1953810811,1957088180,21051892,21080107,N/A,N/A"
1755311700,N/A,N/A,19484125,19582445,20116683,20242460,2104718770,2089538671,1,1,2030423975,2032560228,19565130,19443832,2025124688,2024162775",0,0,N/A,N/A,21601883,21415669,2012501452,2014006179,1,1,20061840,19959496,2036447518,2035318446,2024162775,2025124687",0,0,20488848,20384506,N/A,N/A,21286727,21343827,20816268,20565748,2061908412,2066284922,2032560228,2030423974,2031337973,2031251519",0,0,19582444,19484124,1,1,N/A,N/A,21700600,21670612,2035318446,2036447517,2066284922,2061908411,2002558597,2003480671",0,0,2034885921,2035788522,0,1,2063687976,2090342098,N/A,N/A,19959495,20061839,21080108,21051893,2003267390,2000583045",0,0,1897199487,1933010736,0,1,2014006178,2012501451,21678868,21712449,N/A,N/A,19443831,19565129,2000583044,2003267389",0,0,2034756948,2034128135,20245275,20118615,21190587,21120949,0,1,21331154,21451072,N/A,N/A,2031250608,2031337061",0,0,1930794442,1930791641,21415669,21601882,21343826,21286726,0,1,1953810811,1957088180,21051892,21080107,N/A,N/A"
1755311702,N/A,N/A,19484125,19582445,20116683,20242460,2104718770,2089538671,1,1,2030423975,2032560228,19565130,19443832,2025124688,2024162775",0,0,N/A,N/A,21601883,21415669,2012501452,2014006179,1,1,20061840,19959496,2036447518,2035318446,2024162775,2025124687",0,0,20488848,20384506,N/A,N/A,21286727,21343827,20816268,20565748,2061908412,2066284922,2032560228,2030423974,2031337973,2031251519",0,0,19582444,19484124,1,1,N/A,N/A,21700600,21670612,2035318446,2036447517,2066284922,2061908411,2002558597,2003480671",0,0,2034885921,2035788522,0,1,2063687976,2090342098,N/A,N/A,19959495,20061839,21080108,21051893,2003267390,2000583045",0,0,1897199487,1933010736,0,1,2014006178,2012501451,21678868,21712449,N/A,N/A,19443831,19565129,2000583044,2003267389",0,0,2034756948,2034128135,20245275,20118615,21190587,21120949,0,1,21331154,21451072,N/A,N/A,2031250608,2031337061",0,0,1930794442,1930791641,21415669,21601882,21343826,21286726,0,1,1953810811,1957088180,21051892,21080107,N/A,N/A"
1755311704,N/A,N/A,19484125,19582445,20116683,20242460,2104718770,2089538671,1,1,2030423975,2032560228,19565130,19443832,2025124688,2024162775",0,0,N/A,N/A,21601883,21415669,2012501452,2014006179,1,1,20061840,19959496,2036447518,2035318446,2024162775,2025124687",0,0,20488848,20384506,N/A,N/A,21286727,21343827,20816268,20565748,2061908412,2066284922,2032560228,2030423974,2031337973,2031251519",0,0,19582444,19484124,1,1,N/A,N/A,21700600,21670612,2035318446,2036447517,2066284922,2061908411,2002558597,2003480671",0,0,2034885921,2035788522,0,1,2063687976,2090342098,N/A,N/A,19959495,20061839,21080108,21051893,2003267390,2000583045",0,0,1897199487,1933010736,0,1,2014006178,2012501451,21678868,21712449,N/A,N/A,19443831,19565129,2000583044,2003267389",0,0,2034756948,2034128135,20245275,20118615,21190587,21120949,0,1,21331154,21451072,N/A,N/A,2031250608,2031337061",0,0,1930794442,1930791641,21415669,21601882,21343826,21286726,0,1,1953810811,1957088180,21051892,21080107,N/A,N/A"
1755311705,N/A,N/A,19484125,19582445,20116683,20242460,2104718770,2089538671,1,1,2030423975,2032560228,19565130,19443832,2025124688,2024162775",0,0,N/A,N/A,21601883,21415669,2012501452,2014006179,1,1,20061840,19959496,2036447518,2035318446,2024162775,2025124687",0,0,20488848,20384506,N/A,N/A,21286727,21343827,20816268,20565748,2061908412,2066284922,2032560228,2030423974,2031337973,2031251519",0,0,19582444,19484124,1,1,N/A,N/A,21700600,21670612,2035318446,2036447517,2066284922,2061908411,2002558597,2003480671",0,0,2034885921,2035788522,0,1,2063687976,2090342098,N/A,N/A,19959495,20061839,21080108,21051893,2003267390,2000583045",0,0,1897199487,1933010736,0,1,2014006178,2012501451,21678868,21712449,N/A,N/A,19443831,19565129,2000583044,2003267389",0,0,2034756948,2034128135,20245275,20118615,21190587,21120949,0,1,21331154,21451072,N/A,N/A,2031250608,2031337061",0,0,1930794442,1930791641,21415669,21601882,21343826,21286726,0,1,1953810811,1957088180,21051892,21080107,N/A,N/A"
1755311707,N/A,N/A,19484125,19582445,20116683,20242460,2104718770,2089538671,1,1,2030423975,2032560228,19565130,19443832,2025124688,2024162775",0,0,N/A,N/A,21601883,21415669,2012501452,2014006179,1,1,20061840,19959496,2036447518,2035318446,2024162775,2025124687",0,0,20488848,20384506,N/A,N/A,21286727,21343827,20816268,20565748,2061908412,2066284922,2032560228,2030423974,2031337973,2031251519",0,0,19582444,19484124,1,1,N/A,N/A,21700600,21670612,2035318446,2036447517,2066284922,2061908411,2002558597,2003480671",0,0,2034885921,2035788522,0,1,2063687976,2090342098,N/A,N/A,19959495,20061839,21080108,21051893,2003267390,2000583045",0,0,1897199487,1933010736,0,1,2014006178,2012501451,21678868,21712449,N/A,N/A,19443831,19565129,2000583044,2003267389",0,0,2034756948,2034128135,20245275,20118615,21190587,21120949,0,1,21331154,21451072,N/A,N/A,2031250608,2031337061",0,0,1930794442,1930791641,21415669,21601882,21343826,21286726,0,1,1953810811,1957088180,21051892,21080107,N/A,N/A"
1755311708,N/A,N/A,19484125,19582445,20116683,20242460,2104718770,2089538671,1,1,2030423975,2032560228,19565130,19443832,2025124688,2024162775",0,0,N/A,N/A,21601883,21415669,2012501452,2014006179,1,1,20061840,19959496,2036447518,2035318446,2024162775,2025124687",0,0,20488848,20384506,N/A,N/A,21286727,21343827,20816268,20565748,2061908412,2066284922,2032560228,2030423974,2031337973,2031251519",0,0,19582444,19484124,1,1,N/A,N/A,21700600,21670612,2035318446,2036447517,2066284922,2061908411,2002558597,2003480671",0,0,2034885921,2035788522,0,1,2063687976,2090342098,N/A,N/A,19959495,20061839,21080108,21051893,2003267390,2000583045",0,0,1897199487,1933010736,0,1,2014006178,2012501451,21678868,21712449,N/A,N/A,19443831,19565129,2000583044,2003267389",0,0,2034756948,2034128135,20245275,20118615,21190587,21120949,0,1,21331154,21451072,N/A,N/A,2031250608,2031337061",0,0,1930794442,1930791641,21415669,21601882,21343826,21286726,0,1,1953810811,1957088180,21051892,21080107,N/A,N/A"
1755311710,N/A,N/A,19484125,19582445,20116683,20242460,2104718770,2089538671,1,1,2030423975,2032560228,19565130,19443832,2025124688,2024162775",0,0,N/A,N/A,21601883,21415669,2012501452,2014006179,1,1,20061840,19959496,2036447518,2035318446,2024162775,2025124687",0,0,20488848,20384506,N/A,N/A,21286727,21343827,20816268,20565748,2061908412,2066284922,2032560228,2030423974,2031337973,2031251519",0,0,19582444,19484124,1,1,N/A,N/A,21700600,21670612,2035318446,2036447517,2066284922,2061908411,2002558597,2003480671",0,0,2034885921,2035788522,0,1,2063687976,2090342098,N/A,N/A,19959495,20061839,21080108,21051893,2003267390,2000583045",0,0,1897199487,1933010736,0,1,2014006178,2012501451,21678868,21712449,N/A,N/A,19443831,19565129,2000583044,2003267389",0,0,2034756948,2034128135,20245275,20118615,21190587,21120949,0,1,21331154,21451072,N/A,N/A,2031250608,2031337061",0,0,1930794442,1930791641,21415669,21601882,21343826,21286726,0,1,1953810811,1957088180,21051892,21080107,N/A,N/A"
1755311712,N/A,N/A,19484125,19582445,20116683,20242460,2104718770,2089538671,1,1,2030423975,2032560228,19565130,19443832,2025124688,2024162775",0,0,N/A,N/A,21601883,21415669,2012501452,2014006179,1,1,20061840,19959496,2036447518,2035318446,2024162775,2025124687",0,0,20488848,20384506,N/A,N/A,21286727,21343827,20816268,20565748,2061908412,2066284922,2032560228,2030423974,2031337973,2031251519",0,0,19582444,19484124,1,1,N/A,N/A,21700600,21670612,2035318446,2036447517,2066284922,2061908411,2002558597,2003480671",0,0,2034885921,2035788522,0,1,2063687976,2090342098,N/A,N/A,19959495,20061839,21080108,21051893,2003267390,2000583045",0,0,1897199487,1933010736,0,1,2014006178,2012501451,21678868,21712449,N/A,N/A,19443831,19565129,2000583044,2003267389",0,0,2034756948,2034128135,20245275,20118615,21190587,21120949,0,1,21331154,21451072,N/A,N/A,2031250608,2031337061",0,0,1930794442,1930791641,21415669,21601882,21343826,21286726,0,1,1953810811,1957088180,21051892,21080107,N/A,N/A"
1755311713,N/A,N/A,19484125,19582445,20116683,20242460,2104718770,2089538671,1,1,2030423975,2032560228,19565130,19443832,2025124688,2024162775",0,0,N/A,N/A,21601883,21415669,2012501452,2014006179,1,1,20061840,19959496,2036447518,2035318446,2024162775,2025124687",0,0,20488848,20384506,N/A,N/A,21286727,21343827,20816268,20565748,2061908412,2066284922,2032560228,2030423974,2031337973,2031251519",0,0,19582444,19484124,1,1,N/A,N/A,21700600,21670612,2035318446,2036447517,2066284922,2061908411,2002558597,2003480671",0,0,2034885921,2035788522,0,1,2063687976,2090342098,N/A,N/A,19959495,20061839,21080108,21051893,2003267390,2000583045",0,0,1897199487,1933010736,0,1,2014006178,2012501451,21678868,21712449,N/A,N/A,19443831,19565129,2000583044,2003267389",0,0,2034756948,2034128135,20245275,20118615,21190587,21120949,0,1,21331154,21451072,N/A,N/A,2031250608,2031337061",0,0,1930794442,1930791641,21415669,21601882,21343826,21286726,0,1,1953810811,1957088180,21051892,21080107,N/A,N/A"
1755311715,N/A,N/A,19484125,19582445,20116683,20242460,2104718770,2089538671,1,1,2030423975,2032560228,19565130,19443832,2025124688,2024162775",0,0,N/A,N/A,21601883,21415669,2012501452,2014006179,1,1,20061840,19959496,2036447518,2035318446,2024162775,2025124687",0,0,20488848,20384506,N/A,N/A,21286727,21343827,20816268,20565748,2061908412,2066284922,2032560228,2030423974,2031337973,2031251519",0,0,19582444,19484124,1,1,N/A,N/A,21700600,21670612,2035318446,2036447517,2066284922,2061908411,2002558597,2003480671",0,0,2034885921,2035788522,0,1,2063687976,2090342098,N/A,N/A,19959495,20061839,21080108,21051893,2003267390,2000583045",0,0,1897199487,1933010736,0,1,2014006178,2012501451,21678868,21712449,N/A,N/A,19443831,19565129,2000583044,2003267389",0,0,2034756948,2034128135,20245275,20118615,21190587,21120949,0,1,21331154,21451072,N/A,N/A,2031250608,2031337061",0,0,1930794442,1930791641,21415669,21601882,21343826,21286726,0,1,1953810811,1957088180,21051892,21080107,N/A,N/A"
1755311717,N/A,N/A,19484125,19582445,20116683,20242460,2104718770,2089538671,1,1,2030423975,2032560228,19565130,19443832,2025124688,2024162775",0,0,N/A,N/A,21601883,21415669,2012501452,2014006179,1,1,20061840,19959496,2036447518,2035318446,2024162775,2025124687",0,0,20488848,20384506,N/A,N/A,21286727,21343827,20816268,20565748,2061908412,2066284922,2032560228,2030423974,2031337973,2031251519",0,0,19582444,19484124,1,1,N/A,N/A,21700600,21670612,2035318446,2036447517,2066284922,2061908411,2002558597,2003480671",0,0,2034885921,2035788522,0,1,2063687976,2090342098,N/A,N/A,19959495,20061839,21080108,21051893,2003267390,2000583045",0,0,1897199487,1933010736,0,1,2014006178,2012501451,21678868,21712449,N/A,N/A,19443831,19565129,2000583044,2003267389",0,0,2034756948,2034128135,20245275,20118615,21190587,21120949,0,1,21331154,21451072,N/A,N/A,2031250608,2031337061",0,0,1930794442,1930791641,21415669,21601882,21343826,21286726,0,1,1953810811,1957088180,21051892,21080107,N/A,N/A"
1755311718,N/A,N/A,19484125,19582445,20116683,20242460,2104718770,2089538671,1,1,2030423975,2032560228,19565130,19443832,2025124688,2024162775",0,0,N/A,N/A,21601883,21415669,2012501452,2014006179,1,1,20061840,19959496,2036447518,2035318446,2024162775,2025124687",0,0,20488848,20384506,N/A,N/A,21286727,21343827,20816268,20565748,2061908412,2066284922,2032560228,2030423974,2031337973,2031251519",0,0,19582444,19484124,1,1,N/A,N/A,21700600,21670612,2035318446,2036447517,2066284922,2061908411,2002558597,2003480671",0,0,2034885921,2035788522,0,1,2063687976,2090342098,N/A,N/A,19959495,20061839,21080108,21051893,2003267390,2000583045",0,0,1897199487,1933010736,0,1,2014006178,2012501451,21678868,21712449,N/A,N/A,19443831,19565129,2000583044,2003267389",0,0,2034756948,2034128135,20245275,20118615,21190587,21120949,0,1,21331154,21451072,N/A,N/A,2031250608,2031337061",0,0,1930794442,1930791641,21415669,21601882,21343826,21286726,0,1,1953810811,1957088180,21051892,21080107,N/A,N/A"
1755311720,N/A,N/A,19484125,19582445,20116683,20242460,2104718770,2089538671,1,1,2030423975,2032560228,19565130,19443832,2025124688,2024162775",0,0,N/A,N/A,21601883,21415669,2012501452,2014006179,1,1,20061840,19959496,2036447518,2035318446,2024162775,2025124687",0,0,20488848,20384506,N/A,N/A,21286727,21343827,20816268,20565748,2061908412,2066284922,2032560228,2030423974,2031337973,2031251519",0,0,19582444,19484124,1,1,N/A,N/A,21700600,21670612,2035318446,2036447517,2066284922,2061908411,2002558597,2003480671",0,0,2034885921,2035788522,0,1,2063687976,2090342098,N/A,N/A,19959495,20061839,21080108,21051893,2003267390,2000583045",0,0,1897199487,1933010736,0,1,2014006178,2012501451,21678868,21712449,N/A,N/A,19443831,19565129,2000583044,2003267389",0,0,2034756948,2034128135,20245275,20118615,21190587,21120949,0,1,21331154,21451072,N/A,N/A,2031250608,2031337061",0,0,1930794442,1930791641,21415669,21601882,21343826,21286726,0,1,1953810811,1957088180,21051892,21080107,N/A,N/A"
1755311722,N/A,N/A,19484125,19582445,20116683,20242460,2104718770,2089538671,1,1,2030423975,2032560228,19565130,19443832,2025124688,2024162775",0,0,N/A,N/A,21601883,21415669,2012501452,2014006179,1,1,20061840,19959496,2036447518,2035318446,2024162775,2025124687",0,0,20488848,20384506,N/A,N/A,21286727,21343827,20816268,20565748,2061908412,2066284922,2032560228,2030423974,2031337973,2031251519",0,0,19582444,19484124,1,1,N/A,N/A,21700600,21670612,2035318446,2036447517,2066284922,2061908411,2002558597,2003480671",0,0,2034885921,2035788522,0,1,2063687976,2090342098,N/A,N/A,19959495,20061839,21080108,21051893,2003267390,2000583045",0,0,1897199487,1933010736,0,1,2014006178,2012501451,21678868,21712449,N/A,N/A,19443831,19565129,2000583044,2003267389",0,0,2034756948,2034128135,20245275,20118615,21190587,21120949,0,1,21331154,21451072,N/A,N/A,2031250608,2031337061",0,0,1930794442,1930791641,21415669,21601882,21343826,21286726,0,1,1953810811,1957088180,21051892,21080107,N/A,N/A"
1755311723,N/A,N/A,19484125,19582445,20116683,20242460,2104718770,2089538671,1,1,2030423975,2032560228,19565130,19443832,2025124688,2024162775",0,0,N/A,N/A,21601883,21415669,2012501452,2014006179,1,1,20061840,19959496,2036447518,2035318446,2024162775,2025124687",0,0,20488848,20384506,N/A,N/A,21286727,21343827,20816268,20565748,2061908412,2066284922,2032560228,2030423974,2031337973,2031251519",0,0,19582444,19484124,1,1,N/A,N/A,21700600,21670612,2035318446,2036447517,2066284922,2061908411,2002558597,2003480671",0,0,2034885921,2035788522,0,1,2063687976,2090342098,N/A,N/A,19959495,20061839,21080108,21051893,2003267390,2000583045",0,0,1897199487,1933010736,0,1,2014006178,2012501451,21678868,21712449,N/A,N/A,19443831,19565129,2000583044,2003267389",0,0,2034756948,2034128135,20245275,20118615,21190587,21120949,0,1,21331154,21451072,N/A,N/A,2031250608,2031337061",0,0,1930794442,1930791641,21415669,21601882,21343826,21286726,0,1,1953810811,1957088180,21051892,21080107,N/A,N/A"
1755311725,N/A,N/A,19484125,19582445,20116683,20242460,2104718770,2089538671,1,1,2030423975,2032560228,19565130,19443832,2025124688,2024162775",0,0,N/A,N/A,21601883,21415669,2012501452,2014006179,1,1,20061840,19959496,2036447518,2035318446,2024162775,2025124687",0,0,20488848,20384506,N/A,N/A,21286727,21343827,20816268,20565748,2061908412,2066284922,2032560228,2030423974,2031337973,2031251519",0,0,19582444,19484124,1,1,N/A,N/A,21700600,21670612,2035318446,2036447517,2066284922,2061908411,2002558597,2003480671",0,0,2034885921,2035788522,0,1,2063687976,2090342098,N/A,N/A,19959495,20061839,21080108,21051893,2003267390,2000583045",0,0,1897199487,1933010736,0,1,2014006178,2012501451,21678868,21712449,N/A,N/A,19443831,19565129,2000583044,2003267389",0,0,2034756948,2034128135,20245275,20118615,21190587,21120949,0,1,21331154,21451072,N/A,N/A,2031250608,2031337061",0,0,1930794442,1930791641,21415669,21601882,21343826,21286726,0,1,1953810811,1957088180,21051892,21080107,N/A,N/A"
1755311727,N/A,N/A,19484125,19582445,20116683,20242460,2104718770,2089538671,1,1,2030423975,2032560228,19565130,19443832,2025124688,2024162775",0,0,N/A,N/A,21601883,21415669,2012501452,2014006179,1,1,20061840,19959496,2036447518,2035318446,2024162775,2025124687",0,0,20488848,20384506,N/A,N/A,21286727,21343827,20816268,20565748,2061908412,2066284922,2032560228,2030423974,2031337973,2031251519",0,0,19582444,19484124,1,1,N/A,N/A,21700600,21670612,2035318446,2036447517,2066284922,2061908411,2002558597,2003480671",0,0,2034885921,2035788522,0,1,2063687976,2090342098,N/A,N/A,19959495,20061839,21080108,21051893,2003267390,2000583045",0,0,1897199487,1933010736,0,1,2014006178,2012501451,21678868,21712449,N/A,N/A,19443831,19565129,2000583044,2003267389",0,0,2034756948,2034128135,20245275,20118615,21190587,21120949,0,1,21331154,21451072,N/A,N/A,2031250608,2031337061",0,0,1930794442,1930791641,21415669,21601882,21343826,21286726,0,1,1953810811,1957088180,21051892,21080107,N/A,N/A"
1755311728,N/A,N/A,19484125,19582445,20116683,20242460,2104718770,2089538671,1,1,2030423975,2032560228,19565130,19443832,2025124688,2024162775",0,0,N/A,N/A,21601883,21415669,2012501452,2014006179,1,1,20061840,19959496,2036447518,2035318446,2024162775,2025124687",0,0,20488848,20384506,N/A,N/A,21286727,21343827,20816268,20565748,2061908412,2066284922,2032560228,2030423974,2031337973,2031251519",0,0,19582444,19484124,1,1,N/A,N/A,21700600,21670612,2035318446,2036447517,2066284922,2061908411,2002558597,2003480671",0,0,2034885921,2035788522,0,1,2063687976,2090342098,N/A,N/A,19959495,20061839,21080108,21051893,2003267390,2000583045",0,0,1897199487,1933010736,0,1,2014006178,2012501451,21678868,21712449,N/A,N/A,19443831,19565129,2000583044,2003267389",0,0,2034756948,2034128135,20245275,20118615,21190587,21120949,0,1,21331154,21451072,N/A,N/A,2031250608,2031337061",0,0,1930794442,1930791641,21415669,21601882,21343826,21286726,0,1,1953810811,1957088180,21051892,21080107,N/A,N/A"
1755311730,N/A,N/A,19484125,19582445,20116683,20242460,2104718770,2089538671,1,1,2030423975,2032560228,19565130,19443832,2025124688,2024162775",0,0,N/A,N/A,21601883,21415669,2012501452,2014006179,1,1,20061840,19959496,2036447518,2035318446,2024162775,2025124687",0,0,20488848,20384506,N/A,N/A,21286727,21343827,20816268,20565748,2061908412,2066284922,2032560228,2030423974,2031337973,2031251519",0,0,19582444,19484124,1,1,N/A,N/A,21700600,21670612,2035318446,2036447517,2066284922,2061908411,2002558597,2003480671",0,0,2034885921,2035788522,0,1,2063687976,2090342098,N/A,N/A,19959495,20061839,21080108,21051893,2003267390,2000583045",0,0,1897199487,1933010736,0,1,2014006178,2012501451,21678868,21712449,N/A,N/A,19443831,19565129,2000583044,2003267389",0,0,2034756948,2034128135,20245275,20118615,21190587,21120949,0,1,21331154,21451072,N/A,N/A,2031250608,2031337061",0,0,1930794442,1930791641,21415669,21601882,21343826,21286726,0,1,1953810811,1957088180,21051892,21080107,N/A,N/A"
1755311732,N/A,N/A,19484125,19582445,20116683,20242460,2104718770,2089538671,1,1,2030423975,2032560228,19565130,19443832,2025124688,2024162775",0,0,N/A,N/A,21601883,21415669,2012501452,2014006179,1,1,20061840,19959496,2036447518,2035318446,2024162775,2025124687",0,0,20488848,20384506,N/A,N/A,21286727,21343827,20816268,20565748,2061908412,2066284922,2032560228,2030423974,2031337973,2031251519",0,0,19582444,19484124,1,1,N/A,N/A,21700600,21670612,2035318446,2036447517,2066284922,2061908411,2002558597,2003480671",0,0,2034885921,2035788522,0,1,2063687976,2090342098,N/A,N/A,19959495,20061839,21080108,21051893,2003267390,2000583045",0,0,1897199487,1933010736,0,1,2014006178,2012501451,21678868,21712449,N/A,N/A,19443831,19565129,2000583044,2003267389",0,0,2034756948,2034128135,20245275,20118615,21190587,21120949,0,1,21331154,21451072,N/A,N/A,2031250608,2031337061",0,0,1930794442,1930791641,21415669,21601882,21343826,21286726,0,1,1953810811,1957088180,21051892,21080107,N/A,N/A"
1755311733,N/A,N/A,19484125,19582445,20116683,20242460,2104718770,2089538671,1,1,2030423975,2032560228,19565130,19443832,2025124688,2024162775",0,0,N/A,N/A,21601883,21415669,2012501452,2014006179,1,1,20061840,19959496,2036447518,2035318446,2024162775,2025124687",0,0,20488848,20384506,N/A,N/A,21286727,21343827,20816268,20565748,2061908412,2066284922,2032560228,2030423974,2031337973,2031251519",0,0,19582444,19484124,1,1,N/A,N/A,21700600,21670612,2035318446,2036447517,2066284922,2061908411,2002558597,2003480671",0,0,2034885921,2035788522,0,1,2063687976,2090342098,N/A,N/A,19959495,20061839,21080108,21051893,2003267390,2000583045",0,0,1897199487,1933010736,0,1,2014006178,2012501451,21678868,21712449,N/A,N/A,19443831,19565129,2000583044,2003267389",0,0,2034756948,2034128135,20245275,20118615,21190587,21120949,0,1,21331154,21451072,N/A,N/A,2031250608,2031337061",0,0,1930794442,1930791641,21415669,21601882,21343826,21286726,0,1,1953810811,1957088180,21051892,21080107,N/A,N/A"
1755311735,N/A,N/A,19484125,19582445,20116683,20242460,2104718770,2089538671,1,1,2030423975,2032560228,19565130,19443832,2025124688,2024162775",0,0,N/A,N/A,21601883,21415669,2012501452,2014006179,1,1,20061840,19959496,2036447518,2035318446,2024162775,2025124687",0,0,20488848,20384506,N/A,N/A,21286727,21343827,20816268,20565748,2061908412,2066284922,2032560228,2030423974,2031337973,2031251519",0,0,19582444,19484124,1,1,N/A,N/A,21700600,21670612,2035318446,2036447517,2066284922,2061908411,2002558597,2003480671",0,0,2034885921,2035788522,0,1,2063687976,2090342098,N/A,N/A,19959495,20061839,21080108,21051893,2003267390,2000583045",0,0,1897199487,1933010736,0,1,2014006178,2012501451,21678868,21712449,N/A,N/A,19443831,19565129,2000583044,2003267389",0,0,2034756948,2034128135,20245275,20118615,21190587,21120949,0,1,21331154,21451072,N/A,N/A,2031250608,2031337061",0,0,1930794442,1930791641,21415669,21601882,21343826,21286726,0,1,1953810811,1957088180,21051892,21080107,N/A,N/A"
1755311737,N/A,N/A,19484125,19582445,20116683,20242460,2104718770,2089538671,1,1,2030423975,2032560228,19565130,19443832,2025124688,2024162775",0,0,N/A,N/A,21601883,21415669,2012501452,2014006179,1,1,20061840,19959496,2036447518,2035318446,2024162775,2025124687",0,0,20488848,20384506,N/A,N/A,21286727,21343827,20816268,20565748,2061908412,2066284922,2032560228,2030423974,2031337973,2031251519",0,0,19582444,19484124,1,1,N/A,N/A,21700600,21670612,2035318446,2036447517,2066284922,2061908411,2002558597,2003480671",0,0,2034885921,2035788522,0,1,2063687976,2090342098,N/A,N/A,19959495,20061839,21080108,21051893,2003267390,2000583045",0,0,1897199487,1933010736,0,1,2014006178,2012501451,21678868,21712449,N/A,N/A,19443831,19565129,2000583044,2003267389",0,0,2034756948,2034128135,20245275,20118615,21190587,21120949,0,1,21331154,21451072,N/A,N/A,2031250608,2031337061",0,0,1930794442,1930791641,21415669,21601882,21343826,21286726,0,1,1953810811,1957088180,21051892,21080107,N/A,N/A"
1755311738,N/A,N/A,19484125,19582445,20116683,20242460,2104718770,2089538671,1,1,2030423975,2032560228,19565130,19443832,2025124688,2024162775",0,0,N/A,N/A,21601883,21415669,2012501452,2014006179,1,1,20061840,19959496,2036447518,2035318446,2024162775,2025124687",0,0,20488848,20384506,N/A,N/A,21286727,21343827,20816268,20565748,2061908412,2066284922,2032560228,2030423974,2031337973,2031251519",0,0,19582444,19484124,1,1,N/A,N/A,21700600,21670612,2035318446,2036447517,2066284922,2061908411,2002558597,2003480671",0,0,2034885921,2035788522,0,1,2063687976,2090342098,N/A,N/A,19959495,20061839,21080108,21051893,2003267390,2000583045",0,0,1897199487,1933010736,0,1,2014006178,2012501451,21678868,21712449,N/A,N/A,19443831,19565129,2000583044,2003267389",0,0,2034756948,2034128135,20245275,20118615,21190587,21120949,0,1,21331154,21451072,N/A,N/A,2031250608,2031337061",0,0,1930794442,1930791641,21415669,21601882,21343826,21286726,0,1,1953810811,1957088180,21051892,21080107,N/A,N/A"
1755311740,N/A,N/A,19484125,19582445,20116683,20242460,2104718770,2089538671,1,1,2030423975,2032560228,19565130,19443832,2025124688,2024162775",0,0,N/A,N/A,21601883,21415669,2012501452,2014006179,1,1,20061840,19959496,2036447518,2035318446,2024162775,2025124687",0,0,20488848,20384506,N/A,N/A,21286727,21343827,20816268,20565748,2061908412,2066284922,2032560228,2030423974,2031337973,2031251519",0,0,19582444,19484124,1,1,N/A,N/A,21700600,21670612,2035318446,2036447517,2066284922,2061908411,2002558597,2003480671",0,0,2034885921,2035788522,0,1,2063687976,2090342098,N/A,N/A,19959495,20061839,21080108,21051893,2003267390,2000583045",0,0,1897199487,1933010736,0,1,2014006178,2012501451,21678868,21712449,N/A,N/A,19443831,19565129,2000583044,2003267389",0,0,2034756948,2034128135,20245275,20118615,21190587,21120949,0,1,21331154,21451072,N/A,N/A,2031250608,2031337061",0,0,1930794442,1930791641,21415669,21601882,21343826,21286726,0,1,1953810811,1957088180,21051892,21080107,N/A,N/A"
1755311742,N/A,N/A,19484125,19582445,20116683,20242460,2104718770,2089538671,1,1,2030423975,2032560228,19565130,19443832,2025124688,2024162775",0,0,N/A,N/A,21601883,21415669,2012501452,2014006179,1,1,20061840,19959496,2036447518,2035318446,2024162775,2025124687",0,0,20488848,20384506,N/A,N/A,21286727,21343827,20816268,20565748,2061908412,2066284922,2032560228,2030423974,2031337973,2031251519",0,0,19582444,19484124,1,1,N/A,N/A,21700600,21670612,2035318446,2036447517,2066284922,2061908411,2002558597,2003480671",0,0,2034885921,2035788522,0,1,2063687976,2090342098,N/A,N/A,19959495,20061839,21080108,21051893,2003267390,2000583045",0,0,1897199487,1933010736,0,1,2014006178,2012501451,21678868,21712449,N/A,N/A,19443831,19565129,2000583044,2003267389",0,0,2034756948,2034128135,20245275,20118615,21190587,21120949,0,1,21331154,21451072,N/A,N/A,2031250608,2031337061",0,0,1930794442,1930791641,21415669,21601882,21343826,21286726,0,1,1953810811,1957088180,21051892,21080107,N/A,N/A"
1755311743,N/A,N/A,19484125,19582445,20116683,20242460,2104718770,2089538671,1,1,2030423975,2032560228,19565130,19443832,2025124688,2024162775",0,0,N/A,N/A,21601883,21415669,2012501452,2014006179,1,1,20061840,19959496,2036447518,2035318446,2024162775,2025124687",0,0,20488848,20384506,N/A,N/A,21286727,21343827,20816268,20565748,2061908412,2066284922,2032560228,2030423974,2031337973,2031251519",0,0,19582444,19484124,1,1,N/A,N/A,21700600,21670612,2035318446,2036447517,2066284922,2061908411,2002558597,2003480671",0,0,2034885921,2035788522,0,1,2063687976,2090342098,N/A,N/A,19959495,20061839,21080108,21051893,2003267390,2000583045",0,0,1897199487,1933010736,0,1,2014006178,2012501451,21678868,21712449,N/A,N/A,19443831,19565129,2000583044,2003267389",0,0,2034756948,2034128135,20245275,20118615,21190587,21120949,0,1,21331154,21451072,N/A,N/A,2031250608,2031337061",0,0,1930794442,1930791641,21415669,21601882,21343826,21286726,0,1,1953810811,1957088180,21051892,21080107,N/A,N/A"
1755311745,N/A,N/A,19484125,19582445,20116683,20242460,2104718770,2089538671,1,1,2030423975,2032560228,19565130,19443832,2025124688,2024162775",0,0,N/A,N/A,21601883,21415669,2012501452,2014006179,1,1,20061840,19959496,2036447518,2035318446,2024162775,2025124687",0,0,20488848,20384506,N/A,N/A,21286727,21343827,20816268,20565748,2061908412,2066284922,2032560228,2030423974,2031337973,2031251519",0,0,19582444,19484124,1,1,N/A,N/A,21700600,21670612,2035318446,2036447517,2066284922,2061908411,2002558597,2003480671",0,0,2034885921,2035788522,0,1,2063687976,2090342098,N/A,N/A,19959495,20061839,21080108,21051893,2003267390,2000583045",0,0,1897199487,1933010736,0,1,2014006178,2012501451,21678868,21712449,N/A,N/A,19443831,19565129,2000583044,2003267389",0,0,2034756948,2034128135,20245275,20118615,21190587,21120949,0,1,21331154,21451072,N/A,N/A,2031250608,2031337061",0,0,1930794442,1930791641,21415669,21601882,21343826,21286726,0,1,1953810811,1957088180,21051892,21080107,N/A,N/A"
1755311747,N/A,N/A,19484125,19582445,20116683,20242460,2104718770,2089538671,1,1,2030423975,2032560228,19565130,19443832,2025124688,2024162775",0,0,N/A,N/A,21601883,21415669,2012501452,2014006179,1,1,20061840,19959496,2036447518,2035318446,2024162775,2025124687",0,0,20488848,20384506,N/A,N/A,21286727,21343827,20816268,20565748,2061908412,2066284922,2032560228,2030423974,2031337973,2031251519",0,0,19582444,19484124,1,1,N/A,N/A,21700600,21670612,2035318446,2036447517,2066284922,2061908411,2002558597,2003480671",0,0,2034885921,2035788522,0,1,2063687976,2090342098,N/A,N/A,19959495,20061839,21080108,21051893,2003267390,2000583045",0,0,1897199487,1933010736,0,1,2014006178,2012501451,21678868,21712449,N/A,N/A,19443831,19565129,2000583044,2003267389",0,0,2034756948,2034128135,20245275,20118615,21190587,21120949,0,1,21331154,21451072,N/A,N/A,2031250608,2031337061",0,0,1930794442,1930791641,21415669,21601882,21343826,21286726,0,1,1953810811,1957088180,21051892,21080107,N/A,N/A"
1755311748,N/A,N/A,19484125,19582445,20116683,20242460,2104718770,2089538671,1,1,2030423975,2032560228,19565130,19443832,2025124688,2024162775",0,0,N/A,N/A,21601883,21415669,2012501452,2014006179,1,1,20061840,19959496,2036447518,2035318446,2024162775,2025124687",0,0,20488848,20384506,N/A,N/A,21286727,21343827,20816268,20565748,2061908412,2066284922,2032560228,2030423974,2031337973,2031251519",0,0,19582444,19484124,1,1,N/A,N/A,21700600,21670612,2035318446,2036447517,2066284922,2061908411,2002558597,2003480671",0,0,2034885921,2035788522,0,1,2063687976,2090342098,N/A,N/A,19959495,20061839,21080108,21051893,2003267390,2000583045",0,0,1897199487,1933010736,0,1,2014006178,2012501451,21678868,21712449,N/A,N/A,19443831,19565129,2000583044,2003267389",0,0,2034756948,2034128135,20245275,20118615,21190587,21120949,0,1,21331154,21451072,N/A,N/A,2031250608,2031337061",0,0,1930794442,1930791641,21415669,21601882,21343826,21286726,0,1,1953810811,1957088180,21051892,21080107,N/A,N/A"
1755311750,N/A,N/A,19484125,19582445,20116683,20242460,2104718770,2089538671,1,1,2030423975,2032560228,19565130,19443832,2025124688,2024162775",0,0,N/A,N/A,21601883,21415669,2012501452,2014006179,1,1,20061840,19959496,2036447518,2035318446,2024162775,2025124687",0,0,20488848,20384506,N/A,N/A,21286727,21343827,20816268,20565748,2061908412,2066284922,2032560228,2030423974,2031337973,2031251519",0,0,19582444,19484124,1,1,N/A,N/A,21700600,21670612,2035318446,2036447517,2066284922,2061908411,2002558597,2003480671",0,0,2034885921,2035788522,0,1,2063687976,2090342098,N/A,N/A,19959495,20061839,21080108,21051893,2003267390,2000583045",0,0,1897199487,1933010736,0,1,2014006178,2012501451,21678868,21712449,N/A,N/A,19443831,19565129,2000583044,2003267389",0,0,2034756948,2034128135,20245275,20118615,21190587,21120949,0,1,21331154,21451072,N/A,N/A,2031250608,2031337061",0,0,1930794442,1930791641,21415669,21601882,21343826,21286726,0,1,1953810811,1957088180,21051892,21080107,N/A,N/A"
1755311752,N/A,N/A,19484125,19582445,20116683,20242460,2104718770,2089538671,1,1,2030423975,2032560228,19565130,19443832,2025124688,2024162775",0,0,N/A,N/A,21601883,21415669,2012501452,2014006179,1,1,20061840,19959496,2036447518,2035318446,2024162775,2025124687",0,0,20488848,20384506,N/A,N/A,21286727,21343827,20816268,20565748,2061908412,2066284922,2032560228,2030423974,2031337973,2031251519",0,0,19582444,19484124,1,1,N/A,N/A,21700600,21670612,2035318446,2036447517,2066284922,2061908411,2002558597,2003480671",0,0,2034885921,2035788522,0,1,2063687976,2090342098,N/A,N/A,19959495,20061839,21080108,21051893,2003267390,2000583045",0,0,1897199487,1933010736,0,1,2014006178,2012501451,21678868,21712449,N/A,N/A,19443831,19565129,2000583044,2003267389",0,0,2034756948,2034128135,20245275,20118615,21190587,21120949,0,1,21331154,21451072,N/A,N/A,2031250608,2031337061",0,0,1930794442,1930791641,21415669,21601882,21343826,21286726,0,1,1953810811,1957088180,21051892,21080107,N/A,N/A"
1755311753,N/A,N/A,19484125,19582445,20116683,20242460,2104718770,2089538671,1,1,2030423975,2032560228,19565130,19443832,2025124688,2024162775",0,0,N/A,N/A,21601883,21415669,2012501452,2014006179,1,1,20061840,19959496,2036447518,2035318446,2024162775,2025124687",0,0,20488848,20384506,N/A,N/A,21286727,21343827,20816268,20565748,2061908412,2066284922,2032560228,2030423974,2031337973,2031251519",0,0,19582444,19484124,1,1,N/A,N/A,21700600,21670612,2035318446,2036447517,2066284922,2061908411,2002558597,2003480671",0,0,2034885921,2035788522,0,1,2063687976,2090342098,N/A,N/A,19959495,20061839,21080108,21051893,2003267390,2000583045",0,0,1897199487,1933010736,0,1,2014006178,2012501451,21678868,21712449,N/A,N/A,19443831,19565129,2000583044,2003267389",0,0,2034756948,2034128135,20245275,20118615,21190587,21120949,0,1,21331154,21451072,N/A,N/A,2031250608,2031337061",0,0,1930794442,1930791641,21415669,21601882,21343826,21286726,0,1,1953810811,1957088180,21051892,21080107,N/A,N/A"
1755311755,N/A,N/A,19484125,19582445,20116683,20242460,2104718770,2089538671,1,1,2030423975,2032560228,19565130,19443832,2025124688,2024162775",0,0,N/A,N/A,21601883,21415669,2012501452,2014006179,1,1,20061840,19959496,2036447518,2035318446,2024162775,2025124687",0,0,20488848,20384506,N/A,N/A,21286727,21343827,20816268,20565748,2061908412,2066284922,2032560228,2030423974,2031337973,2031251519",0,0,19582444,19484124,1,1,N/A,N/A,21700600,21670612,2035318446,2036447517,2066284922,2061908411,2002558597,2003480671",0,0,2034885921,2035788522,0,1,2063687976,2090342098,N/A,N/A,19959495,20061839,21080108,21051893,2003267390,2000583045",0,0,1897199487,1933010736,0,1,2014006178,2012501451,21678868,21712449,N/A,N/A,19443831,19565129,2000583044,2003267389",0,0,2034756948,2034128135,20245275,20118615,21190587,21120949,0,1,21331154,21451072,N/A,N/A,2031250608,2031337061",0,0,1930794442,1930791641,21415669,21601882,21343826,21286726,0,1,1953810811,1957088180,21051892,21080107,N/A,N/A"
1755311757,N/A,N/A,19484125,19582445,20116683,20242460,2104718770,2089538671,1,1,2030423975,2032560228,19565130,19443832,2025124688,2024162775",0,0,N/A,N/A,21601883,21415669,2012501452,2014006179,1,1,20061840,19959496,2036447518,2035318446,2024162775,2025124687",0,0,20488848,20384506,N/A,N/A,21286727,21343827,20816268,20565748,2061908412,2066284922,2032560228,2030423974,2031337973,2031251519",0,0,19582444,19484124,1,1,N/A,N/A,21700600,21670612,2035318446,2036447517,2066284922,2061908411,2002558597,2003480671",0,0,2034885921,2035788522,0,1,2063687976,2090342098,N/A,N/A,19959495,20061839,21080108,21051893,2003267390,2000583045",0,0,1897199487,1933010736,0,1,2014006178,2012501451,21678868,21712449,N/A,N/A,19443831,19565129,2000583044,2003267389",0,0,2034756948,2034128135,20245275,20118615,21190587,21120949,0,1,21331154,21451072,N/A,N/A,2031250608,2031337061",0,0,1930794442,1930791641,21415669,21601882,21343826,21286726,0,1,1953810811,1957088180,21051892,21080107,N/A,N/A"
1755311758,N/A,N/A,19484125,19582445,20116683,20242460,2104718770,2089538671,1,1,2030423975,2032560228,19565130,19443832,2025124688,2024162775",0,0,N/A,N/A,21601883,21415669,2012501452,2014006179,1,1,20061840,19959496,2036447518,2035318446,2024162775,2025124687",0,0,20488848,20384506,N/A,N/A,21286727,21343827,20816268,20565748,2061908412,2066284922,2032560228,2030423974,2031337973,2031251519",0,0,19582444,19484124,1,1,N/A,N/A,21700600,21670612,2035318446,2036447517,2066284922,2061908411,2002558597,2003480671",0,0,2034885921,2035788522,0,1,2063687976,2090342098,N/A,N/A,19959495,20061839,21080108,21051893,2003267390,2000583045",0,0,1897199487,1933010736,0,1,2014006178,2012501451,21678868,21712449,N/A,N/A,19443831,19565129,2000583044,2003267389",0,0,2034756948,2034128135,20245275,20118615,21190587,21120949,0,1,21331154,21451072,N/A,N/A,2031250608,2031337061",0,0,1930794442,1930791641,21415669,21601882,21343826,21286726,0,1,1953810811,1957088180,21051892,21080107,N/A,N/A"
1755311760,N/A,N/A,19484125,19582445,20116683,20242460,2104718770,2089538671,1,1,2030423975,2032560228,19565130,19443832,2025124688,2024162775",0,0,N/A,N/A,21601883,21415669,2012501452,2014006179,1,1,20061840,19959496,2036447518,2035318446,2024162775,2025124687",0,0,20488848,20384506,N/A,N/A,21286727,21343827,20816268,20565748,2061908412,2066284922,2032560228,2030423974,2031337973,2031251519",0,0,19582444,19484124,1,1,N/A,N/A,21700600,21670612,2035318446,2036447517,2066284922,2061908411,2002558597,2003480671",0,0,2034885921,2035788522,0,1,2063687976,2090342098,N/A,N/A,19959495,20061839,21080108,21051893,2003267390,2000583045",0,0,1897199487,1933010736,0,1,2014006178,2012501451,21678868,21712449,N/A,N/A,19443831,19565129,2000583044,2003267389",0,0,2034756948,2034128135,20245275,20118615,21190587,21120949,0,1,21331154,21451072,N/A,N/A,2031250608,2031337061",0,0,1930794442,1930791641,21415669,21601882,21343826,21286726,0,1,1953810811,1957088180,21051892,21080107,N/A,N/A"
1755311762,N/A,N/A,19484125,19582445,20116683,20242460,2104718770,2089538671,1,1,2030423975,2032560228,19565130,19443832,2025124688,2024162775",0,0,N/A,N/A,21601883,21415669,2012501452,2014006179,1,1,20061840,19959496,2036447518,2035318446,2024162775,2025124687",0,0,20488848,20384506,N/A,N/A,21286727,21343827,20816268,20565748,2061908412,2066284922,2032560228,2030423974,2031337973,2031251519",0,0,19582444,19484124,1,1,N/A,N/A,21700600,21670612,2035318446,2036447517,2066284922,2061908411,2002558597,2003480671",0,0,2034885921,2035788522,0,1,2063687976,2090342098,N/A,N/A,19959495,20061839,21080108,21051893,2003267390,2000583045",0,0,1897199487,1933010736,0,1,2014006178,2012501451,21678868,21712449,N/A,N/A,19443831,19565129,2000583044,2003267389",0,0,2034756948,2034128135,20245275,20118615,21190587,21120949,0,1,21331154,21451072,N/A,N/A,2031250608,2031337061",0,0,1930794442,1930791641,21415669,21601882,21343826,21286726,0,1,1953810811,1957088180,21051892,21080107,N/A,N/A"
1755311763,N/A,N/A,19484125,19582445,20116683,20242460,2104718770,2089538671,1,1,2030423975,2032560228,19565130,19443832,2025124688,2024162775",0,0,N/A,N/A,21601883,21415669,2012501452,2014006179,1,1,20061840,19959496,2036447518,2035318446,2024162775,2025124687",0,0,20488848,20384506,N/A,N/A,21286727,21343827,20816268,20565748,2061908412,2066284922,2032560228,2030423974,2031337973,2031251519",0,0,19582444,19484124,1,1,N/A,N/A,21700600,21670612,2035318446,2036447517,2066284922,2061908411,2002558597,2003480671",0,0,2034885921,2035788522,0,1,2063687976,2090342098,N/A,N/A,19959495,20061839,21080108,21051893,2003267390,2000583045",0,0,1897199487,1933010736,0,1,2014006178,2012501451,21678868,21712449,N/A,N/A,19443831,19565129,2000583044,2003267389",0,0,2034756948,2034128135,20245275,20118615,21190587,21120949,0,1,21331154,21451072,N/A,N/A,2031250608,2031337061",0,0,1930794442,1930791641,21415669,21601882,21343826,21286726,0,1,1953810811,1957088180,21051892,21080107,N/A,N/A"
1755311765,N/A,N/A,19484125,19582445,20116683,20242460,2104718770,2089538671,1,1,2030423975,2032560228,19565130,19443832,2025124688,2024162775",0,0,N/A,N/A,21601883,21415669,2012501452,2014006179,1,1,20061840,19959496,2036447518,2035318446,2024162775,2025124687",0,0,20488848,20384506,N/A,N/A,21286727,21343827,20816268,20565748,2061908412,2066284922,2032560228,2030423974,2031337973,2031251519",0,0,19582444,19484124,1,1,N/A,N/A,21700600,21670612,2035318446,2036447517,2066284922,2061908411,2002558597,2003480671",0,0,2034885921,2035788522,0,1,2063687976,2090342098,N/A,N/A,19959495,20061839,21080108,21051893,2003267390,2000583045",0,0,1897199487,1933010736,0,1,2014006178,2012501451,21678868,21712449,N/A,N/A,19443831,19565129,2000583044,2003267389",0,0,2034756948,2034128135,20245275,20118615,21190587,21120949,0,1,21331154,21451072,N/A,N/A,2031250608,2031337061",0,0,1930794442,1930791641,21415669,21601882,21343826,21286726,0,1,1953810811,1957088180,21051892,21080107,N/A,N/A"
1755311766,N/A,N/A,19484125,19582445,20116683,20242460,2104718770,2089538671,1,1,2030423975,2032560228,19565130,19443832,2025124688,2024162775",0,0,N/A,N/A,21601883,21415669,2012501452,2014006179,1,1,20061840,19959496,2036447518,2035318446,2024162775,2025124687",0,0,20488848,20384506,N/A,N/A,21286727,21343827,20816268,20565748,2061908412,2066284922,2032560228,2030423974,2031337973,2031251519",0,0,19582444,19484124,1,1,N/A,N/A,21700600,21670612,2035318446,2036447517,2066284922,2061908411,2002558597,2003480671",0,0,2034885921,2035788522,0,1,2063687976,2090342098,N/A,N/A,19959495,20061839,21080108,21051893,2003267390,2000583045",0,0,1897199487,1933010736,0,1,2014006178,2012501451,21678868,21712449,N/A,N/A,19443831,19565129,2000583044,2003267389",0,0,2034756948,2034128135,20245275,20118615,21190587,21120949,0,1,21331154,21451072,N/A,N/A,2031250608,2031337061",0,0,1930794442,1930791641,21415669,21601882,21343826,21286726,0,1,1953810811,1957088180,21051892,21080107,N/A,N/A"
1755311768,N/A,N/A,19484125,19582445,20116683,20242460,2104718770,2089538671,1,1,2030423975,2032560228,19565130,19443832,2025124688,2024162775",0,0,N/A,N/A,21601883,21415669,2012501452,2014006179,1,1,20061840,19959496,2036447518,2035318446,2024162775,2025124687",0,0,20488848,20384506,N/A,N/A,21286727,21343827,20816268,20565748,2061908412,2066284922,2032560228,2030423974,2031337973,2031251519",0,0,19582444,19484124,1,1,N/A,N/A,21700600,21670612,2035318446,2036447517,2066284922,2061908411,2002558597,2003480671",0,0,2034885921,2035788522,0,1,2063687976,2090342098,N/A,N/A,19959495,20061839,21080108,21051893,2003267390,2000583045",0,0,1897199487,1933010736,0,1,2014006178,2012501451,21678868,21712449,N/A,N/A,19443831,19565129,2000583044,2003267389",0,0,2034756948,2034128135,20245275,20118615,21190587,21120949,0,1,21331154,21451072,N/A,N/A,2031250608,2031337061",0,0,1930794442,1930791641,21415669,21601882,21343826,21286726,0,1,1953810811,1957088180,21051892,21080107,N/A,N/A"
1755311770,N/A,N/A,19484125,19582445,20116683,20242460,2104718770,2089538671,1,1,2030423975,2032560228,19565130,19443832,2025124688,2024162775",0,0,N/A,N/A,21601883,21415669,2012501452,2014006179,1,1,20061840,19959496,2036447518,2035318446,2024162775,2025124687",0,0,20488848,20384506,N/A,N/A,21286727,21343827,20816268,20565748,2061908412,2066284922,2032560228,2030423974,2031337973,2031251519",0,0,19582444,19484124,1,1,N/A,N/A,21700600,21670612,2035318446,2036447517,2066284922,2061908411,2002558597,2003480671",0,0,2034885921,2035788522,0,1,2063687976,2090342098,N/A,N/A,19959495,20061839,21080108,21051893,2003267390,2000583045",0,0,1897199487,1933010736,0,1,2014006178,2012501451,21678868,21712449,N/A,N/A,19443831,19565129,2000583044,2003267389",0,0,2034756948,2034128135,20245275,20118615,21190587,21120949,0,1,21331154,21451072,N/A,N/A,2031250608,2031337061",0,0,1930794442,1930791641,21415669,21601882,21343826,21286726,0,1,1953810811,1957088180,21051892,21080107,N/A,N/A"
1755311771,N/A,N/A,19484125,19582445,20116683,20242460,2104718770,2089538671,1,1,2030423975,2032560228,19565130,19443832,2025124688,2024162775",0,0,N/A,N/A,21601883,21415669,2012501452,2014006179,1,1,20061840,19959496,2036447518,2035318446,2024162775,2025124687",0,0,20488848,20384506,N/A,N/A,21286727,21343827,20816268,20565748,2061908412,2066284922,2032560228,2030423974,2031337973,2031251519",0,0,19582444,19484124,1,1,N/A,N/A,21700600,21670612,2035318446,2036447517,2066284922,2061908411,2002558597,2003480671",0,0,2034885921,2035788522,0,1,2063687976,2090342098,N/A,N/A,19959495,20061839,21080108,21051893,2003267390,2000583045",0,0,1897199487,1933010736,0,1,2014006178,2012501451,21678868,21712449,N/A,N/A,19443831,19565129,2000583044,2003267389",0,0,2034756948,2034128135,20245275,20118615,21190587,21120949,0,1,21331154,21451072,N/A,N/A,2031250608,2031337061",0,0,1930794442,1930791641,21415669,21601882,21343826,21286726,0,1,1953810811,1957088180,21051892,21080107,N/A,N/A"
1755311773,N/A,N/A,19484125,19582445,20116683,20242460,2104718770,2089538671,1,1,2030423975,2032560228,19565130,19443832,2025124688,2024162775",0,0,N/A,N/A,21601883,21415669,2012501452,2014006179,1,1,20061840,19959496,2036447518,2035318446,2024162775,2025124687",0,0,20488848,20384506,N/A,N/A,21286727,21343827,20816268,20565748,2061908412,2066284922,2032560228,2030423974,2031337973,2031251519",0,0,19582444,19484124,1,1,N/A,N/A,21700600,21670612,2035318446,2036447517,2066284922,2061908411,2002558597,2003480671",0,0,2034885921,2035788522,0,1,2063687976,2090342098,N/A,N/A,19959495,20061839,21080108,21051893,2003267390,2000583045",0,0,1897199487,1933010736,0,1,2014006178,2012501451,21678868,21712449,N/A,N/A,19443831,19565129,2000583044,2003267389",0,0,2034756948,2034128135,20245275,20118615,21190587,21120949,0,1,21331154,21451072,N/A,N/A,2031250608,2031337061",0,0,1930794442,1930791641,21415669,21601882,21343826,21286726,0,1,1953810811,1957088180,21051892,21080107,N/A,N/A"
1755311775,N/A,N/A,19484125,19582445,20116683,20242460,2104718770,2089538671,1,1,2030423975,2032560228,19565130,19443832,2025124688,2024162775",0,0,N/A,N/A,21601883,21415669,2012501452,2014006179,1,1,20061840,19959496,2036447518,2035318446,2024162775,2025124687",0,0,20488848,20384506,N/A,N/A,21286727,21343827,20816268,20565748,2061908412,2066284922,2032560228,2030423974,2031337973,2031251519",0,0,19582444,19484124,1,1,N/A,N/A,21700600,21670612,2035318446,2036447517,2066284922,2061908411,2002558597,2003480671",0,0,2034885921,2035788522,0,1,2063687976,2090342098,N/A,N/A,19959495,20061839,21080108,21051893,2003267390,2000583045",0,0,1897199487,1933010736,0,1,2014006178,2012501451,21678868,21712449,N/A,N/A,19443831,19565129,2000583044,2003267389",0,0,2034756948,2034128135,20245275,20118615,21190587,21120949,0,1,21331154,21451072,N/A,N/A,2031250608,2031337061",0,0,1930794442,1930791641,21415669,21601882,21343826,21286726,0,1,1953810811,1957088180,21051892,21080107,N/A,N/A"
1755311776,N/A,N/A,19484125,19582445,20116683,20242460,2104718770,2089538671,1,1,2030423975,2032560228,19565130,19443832,2025124688,2024162775",0,0,N/A,N/A,21601883,21415669,2012501452,2014006179,1,1,20061840,19959496,2036447518,2035318446,2024162775,2025124687",0,0,20488848,20384506,N/A,N/A,21286727,21343827,20816268,20565748,2061908412,2066284922,2032560228,2030423974,2031337973,2031251519",0,0,19582444,19484124,1,1,N/A,N/A,21700600,21670612,2035318446,2036447517,2066284922,2061908411,2002558597,2003480671",0,0,2034885921,2035788522,0,1,2063687976,2090342098,N/A,N/A,19959495,20061839,21080108,21051893,2003267390,2000583045",0,0,1897199487,1933010736,0,1,2014006178,2012501451,21678868,21712449,N/A,N/A,19443831,19565129,2000583044,2003267389",0,0,2034756948,2034128135,20245275,20118615,21190587,21120949,0,1,21331154,21451072,N/A,N/A,2031250608,2031337061",0,0,1930794442,1930791641,21415669,21601882,21343826,21286726,0,1,1953810811,1957088180,21051892,21080107,N/A,N/A"
1755311778,N/A,N/A,19484125,19582445,20116683,20242460,2104718770,2089538671,1,1,2030423975,2032560228,19565130,19443832,2025124688,2024162775",0,0,N/A,N/A,21601883,21415669,2012501452,2014006179,1,1,20061840,19959496,2036447518,2035318446,2024162775,2025124687",0,0,20488848,20384506,N/A,N/A,21286727,21343827,20816268,20565748,2061908412,2066284922,2032560228,2030423974,2031337973,2031251519",0,0,19582444,19484124,1,1,N/A,N/A,21700600,21670612,2035318446,2036447517,2066284922,2061908411,2002558597,2003480671",0,0,2034885921,2035788522,0,1,2063687976,2090342098,N/A,N/A,19959495,20061839,21080108,21051893,2003267390,2000583045",0,0,1897199487,1933010736,0,1,2014006178,2012501451,21678868,21712449,N/A,N/A,19443831,19565129,2000583044,2003267389",0,0,2034756948,2034128135,20245275,20118615,21190587,21120949,0,1,21331154,21451072,N/A,N/A,2031250608,2031337061",0,0,1930794442,1930791641,21415669,21601882,21343826,21286726,0,1,1953810811,1957088180,21051892,21080107,N/A,N/A"
1755311780,N/A,N/A,19484125,19582445,20116683,20242460,2104718770,2089538671,1,1,2030423975,2032560228,19565130,19443832,2025124688,2024162775",0,0,N/A,N/A,21601883,21415669,2012501452,2014006179,1,1,20061840,19959496,2036447518,2035318446,2024162775,2025124687",0,0,20488848,20384506,N/A,N/A,21286727,21343827,20816268,20565748,2061908412,2066284922,2032560228,2030423974,2031337973,2031251519",0,0,19582444,19484124,1,1,N/A,N/A,21700600,21670612,2035318446,2036447517,2066284922,2061908411,2002558597,2003480671",0,0,2034885921,2035788522,0,1,2063687976,2090342098,N/A,N/A,19959495,20061839,21080108,21051893,2003267390,2000583045",0,0,1897199487,1933010736,0,1,2014006178,2012501451,21678868,21712449,N/A,N/A,19443831,19565129,2000583044,2003267389",0,0,2034756948,2034128135,20245275,20118615,21190587,21120949,0,1,21331154,21451072,N/A,N/A,2031250608,2031337061",0,0,1930794442,1930791641,21415669,21601882,21343826,21286726,0,1,1953810811,1957088180,21051892,21080107,N/A,N/A"
1755311781,N/A,N/A,19484125,19582445,20116683,20242460,2104718770,2089538671,1,1,2030423975,2032560228,19565130,19443832,2025124688,2024162775",0,0,N/A,N/A,21601883,21415669,2012501452,2014006179,1,1,20061840,19959496,2036447518,2035318446,2024162775,2025124687",0,0,20488848,20384506,N/A,N/A,21286727,21343827,20816268,20565748,2061908412,2066284922,2032560228,2030423974,2031337973,2031251519",0,0,19582444,19484124,1,1,N/A,N/A,21700600,21670612,2035318446,2036447517,2066284922,2061908411,2002558597,2003480671",0,0,2034885921,2035788522,0,1,2063687976,2090342098,N/A,N/A,19959495,20061839,21080108,21051893,2003267390,2000583045",0,0,1897199487,1933010736,0,1,2014006178,2012501451,21678868,21712449,N/A,N/A,19443831,19565129,2000583044,2003267389",0,0,2034756948,2034128135,20245275,20118615,21190587,21120949,0,1,21331154,21451072,N/A,N/A,2031250608,2031337061",0,0,1930794442,1930791641,21415669,21601882,21343826,21286726,0,1,1953810811,1957088180,21051892,21080107,N/A,N/A"
1755311783,N/A,N/A,19484125,19582445,20116683,20242460,2104718770,2089538671,1,1,2030423975,2032560228,19565130,19443832,2025124688,2024162775",0,0,N/A,N/A,21601883,21415669,2012501452,2014006179,1,1,20061840,19959496,2036447518,2035318446,2024162775,2025124687",0,0,20488848,20384506,N/A,N/A,21286727,21343827,20816268,20565748,2061908412,2066284922,2032560228,2030423974,2031337973,2031251519",0,0,19582444,19484124,1,1,N/A,N/A,21700600,21670612,2035318446,2036447517,2066284922,2061908411,2002558597,2003480671",0,0,2034885921,2035788522,0,1,2063687976,2090342098,N/A,N/A,19959495,20061839,21080108,21051893,2003267390,2000583045",0,0,1897199487,1933010736,0,1,2014006178,2012501451,21678868,21712449,N/A,N/A,19443831,19565129,2000583044,2003267389",0,0,2034756948,2034128135,20245275,20118615,21190587,21120949,0,1,21331154,21451072,N/A,N/A,2031250608,2031337061",0,0,1930794442,1930791641,21415669,21601882,21343826,21286726,0,1,1953810811,1957088180,21051892,21080107,N/A,N/A"
1755311785,N/A,N/A,19484125,19582445,20116683,20242460,2104718770,2089538671,1,1,2030423975,2032560228,19565130,19443832,2025124688,2024162775",0,0,N/A,N/A,21601883,21415669,2012501452,2014006179,1,1,20061840,19959496,2036447518,2035318446,2024162775,2025124687",0,0,20488848,20384506,N/A,N/A,21286727,21343827,20816268,20565748,2061908412,2066284922,2032560228,2030423974,2031337973,2031251519",0,0,19582444,19484124,1,1,N/A,N/A,21700600,21670612,2035318446,2036447517,2066284922,2061908411,2002558597,2003480671",0,0,2034885921,2035788522,0,1,2063687976,2090342098,N/A,N/A,19959495,20061839,21080108,21051893,2003267390,2000583045",0,0,1897199487,1933010736,0,1,2014006178,2012501451,21678868,21712449,N/A,N/A,19443831,19565129,2000583044,2003267389",0,0,2034756948,2034128135,20245275,20118615,21190587,21120949,0,1,21331154,21451072,N/A,N/A,2031250608,2031337061",0,0,1930794442,1930791641,21415669,21601882,21343826,21286726,0,1,1953810811,1957088180,21051892,21080107,N/A,N/A"
1755311786,N/A,N/A,19484125,19582445,20116683,20242460,2104718770,2089538671,1,1,2030423975,2032560228,19565130,19443832,2025124688,2024162775",0,0,N/A,N/A,21601883,21415669,2012501452,2014006179,1,1,20061840,19959496,2036447518,2035318446,2024162775,2025124687",0,0,20488848,20384506,N/A,N/A,21286727,21343827,20816268,20565748,2061908412,2066284922,2032560228,2030423974,2031337973,2031251519",0,0,19582444,19484124,1,1,N/A,N/A,21700600,21670612,2035318446,2036447517,2066284922,2061908411,2002558597,2003480671",0,0,2034885921,2035788522,0,1,2063687976,2090342098,N/A,N/A,19959495,20061839,21080108,21051893,2003267390,2000583045",0,0,1897199487,1933010736,0,1,2014006178,2012501451,21678868,21712449,N/A,N/A,19443831,19565129,2000583044,2003267389",0,0,2034756948,2034128135,20245275,20118615,21190587,21120949,0,1,21331154,21451072,N/A,N/A,2031250608,2031337061",0,0,1930794442,1930791641,21415669,21601882,21343826,21286726,0,1,1953810811,1957088180,21051892,21080107,N/A,N/A"
1755311788,N/A,N/A,19484125,19582445,20116683,20242460,2104718770,2089538671,1,1,2030423975,2032560228,19565130,19443832,2025124688,2024162775",0,0,N/A,N/A,21601883,21415669,2012501452,2014006179,1,1,20061840,19959496,2036447518,2035318446,2024162775,2025124687",0,0,20488848,20384506,N/A,N/A,21286727,21343827,20816268,20565748,2061908412,2066284922,2032560228,2030423974,2031337973,2031251519",0,0,19582444,19484124,1,1,N/A,N/A,21700600,21670612,2035318446,2036447517,2066284922,2061908411,2002558597,2003480671",0,0,2034885921,2035788522,0,1,2063687976,2090342098,N/A,N/A,19959495,20061839,21080108,21051893,2003267390,2000583045",0,0,1897199487,1933010736,0,1,2014006178,2012501451,21678868,21712449,N/A,N/A,19443831,19565129,2000583044,2003267389",0,0,2034756948,2034128135,20245275,20118615,21190587,21120949,0,1,21331154,21451072,N/A,N/A,2031250608,2031337061",0,0,1930794442,1930791641,21415669,21601882,21343826,21286726,0,1,1953810811,1957088180,21051892,21080107,N/A,N/A"
1755311790,N/A,N/A,19484125,19582445,20116683,20242460,2104718770,2089538671,1,1,2030423975,2032560228,19565130,19443832,2025124688,2024162775",0,0,N/A,N/A,21601883,21415669,2012501452,2014006179,1,1,20061840,19959496,2036447518,2035318446,2024162775,2025124687",0,0,20488848,20384506,N/A,N/A,21286727,21343827,20816268,20565748,2061908412,2066284922,2032560228,2030423974,2031337973,2031251519",0,0,19582444,19484124,1,1,N/A,N/A,21700600,21670612,2035318446,2036447517,2066284922,2061908411,2002558597,2003480671",0,0,2034885921,2035788522,0,1,2063687976,2090342098,N/A,N/A,19959495,20061839,21080108,21051893,2003267390,2000583045",0,0,1897199487,1933010736,0,1,2014006178,2012501451,21678868,21712449,N/A,N/A,19443831,19565129,2000583044,2003267389",0,0,2034756948,2034128135,20245275,20118615,21190587,21120949,0,1,21331154,21451072,N/A,N/A,2031250608,2031337061",0,0,1930794442,1930791641,21415669,21601882,21343826,21286726,0,1,1953810811,1957088180,21051892,21080107,N/A,N/A"
1755311791,N/A,N/A,19484125,19582445,20116683,20242460,2104718770,2089538671,1,1,2030423975,2032560228,19565130,19443832,2025124688,2024162775",0,0,N/A,N/A,21601883,21415669,2012501452,2014006179,1,1,20061840,19959496,2036447518,2035318446,2024162775,2025124687",0,0,20488848,20384506,N/A,N/A,21286727,21343827,20816268,20565748,2061908412,2066284922,2032560228,2030423974,2031337973,2031251519",0,0,19582444,19484124,1,1,N/A,N/A,21700600,21670612,2035318446,2036447517,2066284922,2061908411,2002558597,2003480671",0,0,2034885921,2035788522,0,1,2063687976,2090342098,N/A,N/A,19959495,20061839,21080108,21051893,2003267390,2000583045",0,0,1897199487,1933010736,0,1,2014006178,2012501451,21678868,21712449,N/A,N/A,19443831,19565129,2000583044,2003267389",0,0,2034756948,2034128135,20245275,20118615,21190587,21120949,0,1,21331154,21451072,N/A,N/A,2031250608,2031337061",0,0,1930794442,1930791641,21415669,21601882,21343826,21286726,0,1,1953810811,1957088180,21051892,21080107,N/A,N/A"
1755311793,N/A,N/A,19484125,19582445,20116683,20242460,2104718770,2089538671,1,1,2030423975,2032560228,19565130,19443832,2025124688,2024162775",0,0,N/A,N/A,21601883,21415669,2012501452,2014006179,1,1,20061840,19959496,2036447518,2035318446,2024162775,2025124687",0,0,20488848,20384506,N/A,N/A,21286727,21343827,20816268,20565748,2061908412,2066284922,2032560228,2030423974,2031337973,2031251519",0,0,19582444,19484124,1,1,N/A,N/A,21700600,21670612,2035318446,2036447517,2066284922,2061908411,2002558597,2003480671",0,0,2034885921,2035788522,0,1,2063687976,2090342098,N/A,N/A,19959495,20061839,21080108,21051893,2003267390,2000583045",0,0,1897199487,1933010736,0,1,2014006178,2012501451,21678868,21712449,N/A,N/A,19443831,19565129,2000583044,2003267389",0,0,2034756948,2034128135,20245275,20118615,21190587,21120949,0,1,21331154,21451072,N/A,N/A,2031250608,2031337061",0,0,1930794442,1930791641,21415669,21601882,21343826,21286726,0,1,1953810811,1957088180,21051892,21080107,N/A,N/A"
1755311795,N/A,N/A,19484125,19582445,20116683,20242460,2104718770,2089538671,1,1,2030423975,2032560228,19565130,19443832,2025124688,2024162775",0,0,N/A,N/A,21601883,21415669,2012501452,2014006179,1,1,20061840,19959496,2036447518,2035318446,2024162775,2025124687",0,0,20488848,20384506,N/A,N/A,21286727,21343827,20816268,20565748,2061908412,2066284922,2032560228,2030423974,2031337973,2031251519",0,0,19582444,19484124,1,1,N/A,N/A,21700600,21670612,2035318446,2036447517,2066284922,2061908411,2002558597,2003480671",0,0,2034885921,2035788522,0,1,2063687976,2090342098,N/A,N/A,19959495,20061839,21080108,21051893,2003267390,2000583045",0,0,1897199487,1933010736,0,1,2014006178,2012501451,21678868,21712449,N/A,N/A,19443831,19565129,2000583044,2003267389",0,0,2034756948,2034128135,20245275,20118615,21190587,21120949,0,1,21331154,21451072,N/A,N/A,2031250608,2031337061",0,0,1930794442,1930791641,21415669,21601882,21343826,21286726,0,1,1953810811,1957088180,21051892,21080107,N/A,N/A"
1755311796,N/A,N/A,19484125,19582445,20116683,20242460,2104718770,2089538671,1,1,2030423975,2032560228,19565130,19443832,2025124688,2024162775",0,0,N/A,N/A,21601883,21415669,2012501452,2014006179,1,1,20061840,19959496,2036447518,2035318446,2024162775,2025124687",0,0,20488848,20384506,N/A,N/A,21286727,21343827,20816268,20565748,2061908412,2066284922,2032560228,2030423974,2031337973,2031251519",0,0,19582444,19484124,1,1,N/A,N/A,21700600,21670612,2035318446,2036447517,2066284922,2061908411,2002558597,2003480671",0,0,2034885921,2035788522,0,1,2063687976,2090342098,N/A,N/A,19959495,20061839,21080108,21051893,2003267390,2000583045",0,0,1897199487,1933010736,0,1,2014006178,2012501451,21678868,21712449,N/A,N/A,19443831,19565129,2000583044,2003267389",0,0,2034756948,2034128135,20245275,20118615,21190587,21120949,0,1,21331154,21451072,N/A,N/A,2031250608,2031337061",0,0,1930794442,1930791641,21415669,21601882,21343826,21286726,0,1,1953810811,1957088180,21051892,21080107,N/A,N/A"
1755311798,N/A,N/A,19484125,19582445,20116683,20242460,2104718770,2089538671,1,1,2030423975,2032560228,19565130,19443832,2025124688,2024162775",0,0,N/A,N/A,21601883,21415669,2012501452,2014006179,1,1,20061840,19959496,2036447518,2035318446,2024162775,2025124687",0,0,20488848,20384506,N/A,N/A,21286727,21343827,20816268,20565748,2061908412,2066284922,2032560228,2030423974,2031337973,2031251519",0,0,19582444,19484124,1,1,N/A,N/A,21700600,21670612,2035318446,2036447517,2066284922,2061908411,2002558597,2003480671",0,0,2034885921,2035788522,0,1,2063687976,2090342098,N/A,N/A,19959495,20061839,21080108,21051893,2003267390,2000583045",0,0,1897199487,1933010736,0,1,2014006178,2012501451,21678868,21712449,N/A,N/A,19443831,19565129,2000583044,2003267389",0,0,2034756948,2034128135,20245275,20118615,21190587,21120949,0,1,21331154,21451072,N/A,N/A,2031250608,2031337061",0,0,1930794442,1930791641,21415669,21601882,21343826,21286726,0,1,1953810811,1957088180,21051892,21080107,N/A,N/A"
1755311800,N/A,N/A,19484125,19582445,20116683,20242460,2104718770,2089538671,1,1,2030423975,2032560228,19565130,19443832,2025124688,2024162775",0,0,N/A,N/A,21601883,21415669,2012501452,2014006179,1,1,20061840,19959496,2036447518,2035318446,2024162775,2025124687",0,0,20488848,20384506,N/A,N/A,21286727,21343827,20816268,20565748,2061908412,2066284922,2032560228,2030423974,2031337973,2031251519",0,0,19582444,19484124,1,1,N/A,N/A,21700600,21670612,2035318446,2036447517,2066284922,2061908411,2002558597,2003480671",0,0,2034885921,2035788522,0,1,2063687976,2090342098,N/A,N/A,19959495,20061839,21080108,21051893,2003267390,2000583045",0,0,1897199487,1933010736,0,1,2014006178,2012501451,21678868,21712449,N/A,N/A,19443831,19565129,2000583044,2003267389",0,0,2034756948,2034128135,20245275,20118615,21190587,21120949,0,1,21331154,21451072,N/A,N/A,2031250608,2031337061",0,0,1930794442,1930791641,21415669,21601882,21343826,21286726,0,1,1953810811,1957088180,21051892,21080107,N/A,N/A"
1755311801,N/A,N/A,19484125,19582445,20116683,20242460,2104718770,2089538671,1,1,2030423975,2032560228,19565130,19443832,2025124688,2024162775",0,0,N/A,N/A,21601883,21415669,2012501452,2014006179,1,1,20061840,19959496,2036447518,2035318446,2024162775,2025124687",0,0,20488848,20384506,N/A,N/A,21286727,21343827,20816268,20565748,2061908412,2066284922,2032560228,2030423974,2031337973,2031251519",0,0,19582444,19484124,1,1,N/A,N/A,21700600,21670612,2035318446,2036447517,2066284922,2061908411,2002558597,2003480671",0,0,2034885921,2035788522,0,1,2063687976,2090342098,N/A,N/A,19959495,20061839,21080108,21051893,2003267390,2000583045",0,0,1897199487,1933010736,0,1,2014006178,2012501451,21678868,21712449,N/A,N/A,19443831,19565129,2000583044,2003267389",0,0,2034756948,2034128135,20245275,20118615,21190587,21120949,0,1,21331154,21451072,N/A,N/A,2031250608,2031337061",0,0,1930794442,1930791641,21415669,21601882,21343826,21286726,0,1,1953810811,1957088180,21051892,21080107,N/A,N/A"
1755311803,N/A,N/A,19484125,19582445,20116683,20242460,2104718770,2089538671,1,1,2030423975,2032560228,19565130,19443832,2025124688,2024162775",0,0,N/A,N/A,21601883,21415669,2012501452,2014006179,1,1,20061840,19959496,2036447518,2035318446,2024162775,2025124687",0,0,20488848,20384506,N/A,N/A,21286727,21343827,20816268,20565748,2061908412,2066284922,2032560228,2030423974,2031337973,2031251519",0,0,19582444,19484124,1,1,N/A,N/A,21700600,21670612,2035318446,2036447517,2066284922,2061908411,2002558597,2003480671",0,0,2034885921,2035788522,0,1,2063687976,2090342098,N/A,N/A,19959495,20061839,21080108,21051893,2003267390,2000583045",0,0,1897199487,1933010736,0,1,2014006178,2012501451,21678868,21712449,N/A,N/A,19443831,19565129,2000583044,2003267389",0,0,2034756948,2034128135,20245275,20118615,21190587,21120949,0,1,21331154,21451072,N/A,N/A,2031250608,2031337061",0,0,1930794442,1930791641,21415669,21601882,21343826,21286726,0,1,1953810811,1957088180,21051892,21080107,N/A,N/A"
1755311804,N/A,N/A,19484125,19582445,20116683,20242460,2104718770,2089538671,1,1,2030423975,2032560228,19565130,19443832,2025124688,2024162775",0,0,N/A,N/A,21601883,21415669,2012501452,2014006179,1,1,20061840,19959496,2036447518,2035318446,2024162775,2025124687",0,0,20488848,20384506,N/A,N/A,21286727,21343827,20816268,20565748,2061908412,2066284922,2032560228,2030423974,2031337973,2031251519",0,0,19582444,19484124,1,1,N/A,N/A,21700600,21670612,2035318446,2036447517,2066284922,2061908411,2002558597,2003480671",0,0,2034885921,2035788522,0,1,2063687976,2090342098,N/A,N/A,19959495,20061839,21080108,21051893,2003267390,2000583045",0,0,1897199487,1933010736,0,1,2014006178,2012501451,21678868,21712449,N/A,N/A,19443831,19565129,2000583044,2003267389",0,0,2034756948,2034128135,20245275,20118615,21190587,21120949,0,1,21331154,21451072,N/A,N/A,2031250608,2031337061",0,0,1930794442,1930791641,21415669,21601882,21343826,21286726,0,1,1953810811,1957088180,21051892,21080107,N/A,N/A"
1755311806,N/A,N/A,19484125,19582445,20116683,20242460,2104718770,2089538671,1,1,2030423975,2032560228,19565130,19443832,2025124688,2024162775",0,0,N/A,N/A,21601883,21415669,2012501452,2014006179,1,1,20061840,19959496,2036447518,2035318446,2024162775,2025124687",0,0,20488848,20384506,N/A,N/A,21286727,21343827,20816268,20565748,2061908412,2066284922,2032560228,2030423974,2031337973,2031251519",0,0,19582444,19484124,1,1,N/A,N/A,21700600,21670612,2035318446,2036447517,2066284922,2061908411,2002558597,2003480671",0,0,2034885921,2035788522,0,1,2063687976,2090342098,N/A,N/A,19959495,20061839,21080108,21051893,2003267390,2000583045",0,0,1897199487,1933010736,0,1,2014006178,2012501451,21678868,21712449,N/A,N/A,19443831,19565129,2000583044,2003267389",0,0,2034756948,2034128135,20245275,20118615,21190587,21120949,0,1,21331154,21451072,N/A,N/A,2031250608,2031337061",0,0,1930794442,1930791641,21415669,21601882,21343826,21286726,0,1,1953810811,1957088180,21051892,21080107,N/A,N/A"
1755311808,N/A,N/A,19484125,19582445,20116683,20242460,2104718770,2089538671,1,1,2030423975,2032560228,19565130,19443832,2025124688,2024162775",0,0,N/A,N/A,21601883,21415669,2012501452,2014006179,1,1,20061840,19959496,2036447518,2035318446,2024162775,2025124687",0,0,20488848,20384506,N/A,N/A,21286727,21343827,20816268,20565748,2061908412,2066284922,2032560228,2030423974,2031337973,2031251519",0,0,19582444,19484124,1,1,N/A,N/A,21700600,21670612,2035318446,2036447517,2066284922,2061908411,2002558597,2003480671",0,0,2034885921,2035788522,0,1,2063687976,2090342098,N/A,N/A,19959495,20061839,21080108,21051893,2003267390,2000583045",0,0,1897199487,1933010736,0,1,2014006178,2012501451,21678868,21712449,N/A,N/A,19443831,19565129,2000583044,2003267389",0,0,2034756948,2034128135,20245275,20118615,21190587,21120949,0,1,21331154,21451072,N/A,N/A,2031250608,2031337061",0,0,1930794442,1930791641,21415669,21601882,21343826,21286726,0,1,1953810811,1957088180,21051892,21080107,N/A,N/A"
1755311809,N/A,N/A,19484125,19582445,20116683,20242460,2104718770,2089538671,1,1,2030423975,2032560228,19565130,19443832,2025124688,2024162775",0,0,N/A,N/A,21601883,21415669,2012501452,2014006179,1,1,20061840,19959496,2036447518,2035318446,2024162775,2025124687",0,0,20488848,20384506,N/A,N/A,21286727,21343827,20816268,20565748,2061908412,2066284922,2032560228,2030423974,2031337973,2031251519",0,0,19582444,19484124,1,1,N/A,N/A,21700600,21670612,2035318446,2036447517,2066284922,2061908411,2002558597,2003480671",0,0,2034885921,2035788522,0,1,2063687976,2090342098,N/A,N/A,19959495,20061839,21080108,21051893,2003267390,2000583045",0,0,1897199487,1933010736,0,1,2014006178,2012501451,21678868,21712449,N/A,N/A,19443831,19565129,2000583044,2003267389",0,0,2034756948,2034128135,20245275,20118615,21190587,21120949,0,1,21331154,21451072,N/A,N/A,2031250608,2031337061",0,0,1930794442,1930791641,21415669,21601882,21343826,21286726,0,1,1953810811,1957088180,21051892,21080107,N/A,N/A"
1755311811,N/A,N/A,19484125,19582445,20116683,20242460,2104718770,2089538671,1,1,2030423975,2032560228,19565130,19443832,2025124688,2024162775",0,0,N/A,N/A,21601883,21415669,2012501452,2014006179,1,1,20061840,19959496,2036447518,2035318446,2024162775,2025124687",0,0,20488848,20384506,N/A,N/A,21286727,21343827,20816268,20565748,2061908412,2066284922,2032560228,2030423974,2031337973,2031251519",0,0,19582444,19484124,1,1,N/A,N/A,21700600,21670612,2035318446,2036447517,2066284922,2061908411,2002558597,2003480671",0,0,2034885921,2035788522,0,1,2063687976,2090342098,N/A,N/A,19959495,20061839,21080108,21051893,2003267390,2000583045",0,0,1897199487,1933010736,0,1,2014006178,2012501451,21678868,21712449,N/A,N/A,19443831,19565129,2000583044,2003267389",0,0,2034756948,2034128135,20245275,20118615,21190587,21120949,0,1,21331154,21451072,N/A,N/A,2031250608,2031337061",0,0,1930794442,1930791641,21415669,21601882,21343826,21286726,0,1,1953810811,1957088180,21051892,21080107,N/A,N/A"
1755311813,N/A,N/A,19484125,19582445,20116683,20242460,2104718770,2089538671,1,1,2030423975,2032560228,19565130,19443832,2025124688,2024162775",0,0,N/A,N/A,21601883,21415669,2012501452,2014006179,1,1,20061840,19959496,2036447518,2035318446,2024162775,2025124687",0,0,20488848,20384506,N/A,N/A,21286727,21343827,20816268,20565748,2061908412,2066284922,2032560228,2030423974,2031337973,2031251519",0,0,19582444,19484124,1,1,N/A,N/A,21700600,21670612,2035318446,2036447517,2066284922,2061908411,2002558597,2003480671",0,0,2034885921,2035788522,0,1,2063687976,2090342098,N/A,N/A,19959495,20061839,21080108,21051893,2003267390,2000583045",0,0,1897199487,1933010736,0,1,2014006178,2012501451,21678868,21712449,N/A,N/A,19443831,19565129,2000583044,2003267389",0,0,2034756948,2034128135,20245275,20118615,21190587,21120949,0,1,21331154,21451072,N/A,N/A,2031250608,2031337061",0,0,1930794442,1930791641,21415669,21601882,21343826,21286726,0,1,1953810811,1957088180,21051892,21080107,N/A,N/A"
1755311814,N/A,N/A,19484125,19582445,20116683,20242460,2104718770,2089538671,1,1,2030423975,2032560228,19565130,19443832,2025124688,2024162775",0,0,N/A,N/A,21601883,21415669,2012501452,2014006179,1,1,20061840,19959496,2036447518,2035318446,2024162775,2025124687",0,0,20488848,20384506,N/A,N/A,21286727,21343827,20816268,20565748,2061908412,2066284922,2032560228,2030423974,2031337973,2031251519",0,0,19582444,19484124,1,1,N/A,N/A,21700600,21670612,2035318446,2036447517,2066284922,2061908411,2002558597,2003480671",0,0,2034885921,2035788522,0,1,2063687976,2090342098,N/A,N/A,19959495,20061839,21080108,21051893,2003267390,2000583045",0,0,1897199487,1933010736,0,1,2014006178,2012501451,21678868,21712449,N/A,N/A,19443831,19565129,2000583044,2003267389",0,0,2034756948,2034128135,20245275,20118615,21190587,21120949,0,1,21331154,21451072,N/A,N/A,2031250608,2031337061",0,0,1930794442,1930791641,21415669,21601882,21343826,21286726,0,1,1953810811,1957088180,21051892,21080107,N/A,N/A"
1755311816,N/A,N/A,19484125,19582445,20116683,20242460,2104718770,2089538671,1,1,2030423975,2032560228,19565130,19443832,2025124688,2024162775",0,0,N/A,N/A,21601883,21415669,2012501452,2014006179,1,1,20061840,19959496,2036447518,2035318446,2024162775,2025124687",0,0,20488848,20384506,N/A,N/A,21286727,21343827,20816268,20565748,2061908412,2066284922,2032560228,2030423974,2031337973,2031251519",0,0,19582444,19484124,1,1,N/A,N/A,21700600,21670612,2035318446,2036447517,2066284922,2061908411,2002558597,2003480671",0,0,2034885921,2035788522,0,1,2063687976,2090342098,N/A,N/A,19959495,20061839,21080108,21051893,2003267390,2000583045",0,0,1897199487,1933010736,0,1,2014006178,2012501451,21678868,21712449,N/A,N/A,19443831,19565129,2000583044,2003267389",0,0,2034756948,2034128135,20245275,20118615,21190587,21120949,0,1,21331154,21451072,N/A,N/A,2031250608,2031337061",0,0,1930794442,1930791641,21415669,21601882,21343826,21286726,0,1,1953810811,1957088180,21051892,21080107,N/A,N/A"
1755311818,N/A,N/A,19484125,19582445,20116683,20242460,2104718770,2089538671,1,1,2030423975,2032560228,19565130,19443832,2025124688,2024162775",0,0,N/A,N/A,21601883,21415669,2012501452,2014006179,1,1,20061840,19959496,2036447518,2035318446,2024162775,2025124687",0,0,20488848,20384506,N/A,N/A,21286727,21343827,20816268,20565748,2061908412,2066284922,2032560228,2030423974,2031337973,2031251519",0,0,19582444,19484124,1,1,N/A,N/A,21700600,21670612,2035318446,2036447517,2066284922,2061908411,2002558597,2003480671",0,0,2034885921,2035788522,0,1,2063687976,2090342098,N/A,N/A,19959495,20061839,21080108,21051893,2003267390,2000583045",0,0,1897199487,1933010736,0,1,2014006178,2012501451,21678868,21712449,N/A,N/A,19443831,19565129,2000583044,2003267389",0,0,2034756948,2034128135,20245275,20118615,21190587,21120949,0,1,21331154,21451072,N/A,N/A,2031250608,2031337061",0,0,1930794442,1930791641,21415669,21601882,21343826,21286726,0,1,1953810811,1957088180,21051892,21080107,N/A,N/A"
1755311819,N/A,N/A,19484125,19582445,20116683,20242460,2104718770,2089538671,1,1,2030423975,2032560228,19565130,19443832,2025124688,2024162775",0,0,N/A,N/A,21601883,21415669,2012501452,2014006179,1,1,20061840,19959496,2036447518,2035318446,2024162775,2025124687",0,0,20488848,20384506,N/A,N/A,21286727,21343827,20816268,20565748,2061908412,2066284922,2032560228,2030423974,2031337973,2031251519",0,0,19582444,19484124,1,1,N/A,N/A,21700600,21670612,2035318446,2036447517,2066284922,2061908411,2002558597,2003480671",0,0,2034885921,2035788522,0,1,2063687976,2090342098,N/A,N/A,19959495,20061839,21080108,21051893,2003267390,2000583045",0,0,1897199487,1933010736,0,1,2014006178,2012501451,21678868,21712449,N/A,N/A,19443831,19565129,2000583044,2003267389",0,0,2034756948,2034128135,20245275,20118615,21190587,21120949,0,1,21331154,21451072,N/A,N/A,2031250608,2031337061",0,0,1930794442,1930791641,21415669,21601882,21343826,21286726,0,1,1953810811,1957088180,21051892,21080107,N/A,N/A"
1755311821,N/A,N/A,19484125,19582445,20116683,20242460,2104718770,2089538671,1,1,2030423975,2032560228,19565130,19443832,2025124688,2024162775",0,0,N/A,N/A,21601883,21415669,2012501452,2014006179,1,1,20061840,19959496,2036447518,2035318446,2024162775,2025124687",0,0,20488848,20384506,N/A,N/A,21286727,21343827,20816268,20565748,2061908412,2066284922,2032560228,2030423974,2031337973,2031251519",0,0,19582444,19484124,1,1,N/A,N/A,21700600,21670612,2035318446,2036447517,2066284922,2061908411,2002558597,2003480671",0,0,2034885921,2035788522,0,1,2063687976,2090342098,N/A,N/A,19959495,20061839,21080108,21051893,2003267390,2000583045",0,0,1897199487,1933010736,0,1,2014006178,2012501451,21678868,21712449,N/A,N/A,19443831,19565129,2000583044,2003267389",0,0,2034756948,2034128135,20245275,20118615,21190587,21120949,0,1,21331154,21451072,N/A,N/A,2031250608,2031337061",0,0,1930794442,1930791641,21415669,21601882,21343826,21286726,0,1,1953810811,1957088180,21051892,21080107,N/A,N/A"
1755311823,N/A,N/A,19484125,19582445,20116683,20242460,2104718770,2089538671,1,1,2030423975,2032560228,19565130,19443832,2025124688,2024162775",0,0,N/A,N/A,21601883,21415669,2012501452,2014006179,1,1,20061840,19959496,2036447518,2035318446,2024162775,2025124687",0,0,20488848,20384506,N/A,N/A,21286727,21343827,20816268,20565748,2061908412,2066284922,2032560228,2030423974,2031337973,2031251519",0,0,19582444,19484124,1,1,N/A,N/A,21700600,21670612,2035318446,2036447517,2066284922,2061908411,2002558597,2003480671",0,0,2034885921,2035788522,0,1,2063687976,2090342098,N/A,N/A,19959495,20061839,21080108,21051893,2003267390,2000583045",0,0,1897199487,1933010736,0,1,2014006178,2012501451,21678868,21712449,N/A,N/A,19443831,19565129,2000583044,2003267389",0,0,2034756948,2034128135,20245275,20118615,21190587,21120949,0,1,21331154,21451072,N/A,N/A,2031250608,2031337061",0,0,1930794442,1930791641,21415669,21601882,21343826,21286726,0,1,1953810811,1957088180,21051892,21080107,N/A,N/A"
1755311824,N/A,N/A,19484125,19582445,20116683,20242460,2104718770,2089538671,1,1,2030423975,2032560228,19565130,19443832,2025124688,2024162775",0,0,N/A,N/A,21601883,21415669,2012501452,2014006179,1,1,20061840,19959496,2036447518,2035318446,2024162775,2025124687",0,0,20488848,20384506,N/A,N/A,21286727,21343827,20816268,20565748,2061908412,2066284922,2032560228,2030423974,2031337973,2031251519",0,0,19582444,19484124,1,1,N/A,N/A,21700600,21670612,2035318446,2036447517,2066284922,2061908411,2002558597,2003480671",0,0,2034885921,2035788522,0,1,2063687976,2090342098,N/A,N/A,19959495,20061839,21080108,21051893,2003267390,2000583045",0,0,1897199487,1933010736,0,1,2014006178,2012501451,21678868,21712449,N/A,N/A,19443831,19565129,2000583044,2003267389",0,0,2034756948,2034128135,20245275,20118615,21190587,21120949,0,1,21331154,21451072,N/A,N/A,2031250608,2031337061",0,0,1930794442,1930791641,21415669,21601882,21343826,21286726,0,1,1953810811,1957088180,21051892,21080107,N/A,N/A"
1755311826,N/A,N/A,19484125,19582445,20116683,20242460,2104718770,2089538671,1,1,2030423975,2032560228,19565130,19443832,2025124688,2024162775",0,0,N/A,N/A,21601883,21415669,2012501452,2014006179,1,1,20061840,19959496,2036447518,2035318446,2024162775,2025124687",0,0,20488848,20384506,N/A,N/A,21286727,21343827,20816268,20565748,2061908412,2066284922,2032560228,2030423974,2031337973,2031251519",0,0,19582444,19484124,1,1,N/A,N/A,21700600,21670612,2035318446,2036447517,2066284922,2061908411,2002558597,2003480671",0,0,2034885921,2035788522,0,1,2063687976,2090342098,N/A,N/A,19959495,20061839,21080108,21051893,2003267390,2000583045",0,0,1897199487,1933010736,0,1,2014006178,2012501451,21678868,21712449,N/A,N/A,19443831,19565129,2000583044,2003267389",0,0,2034756948,2034128135,20245275,20118615,21190587,21120949,0,1,21331154,21451072,N/A,N/A,2031250608,2031337061",0,0,1930794442,1930791641,21415669,21601882,21343826,21286726,0,1,1953810811,1957088180,21051892,21080107,N/A,N/A"
1755311828,N/A,N/A,19484125,19582445,20116683,20242460,2104718770,2089538671,1,1,2030423975,2032560228,19565130,19443832,2025124688,2024162775",0,0,N/A,N/A,21601883,21415669,2012501452,2014006179,1,1,20061840,19959496,2036447518,2035318446,2024162775,2025124687",0,0,20488848,20384506,N/A,N/A,21286727,21343827,20816268,20565748,2061908412,2066284922,2032560228,2030423974,2031337973,2031251519",0,0,19582444,19484124,1,1,N/A,N/A,21700600,21670612,2035318446,2036447517,2066284922,2061908411,2002558597,2003480671",0,0,2034885921,2035788522,0,1,2063687976,2090342098,N/A,N/A,19959495,20061839,21080108,21051893,2003267390,2000583045",0,0,1897199487,1933010736,0,1,2014006178,2012501451,21678868,21712449,N/A,N/A,19443831,19565129,2000583044,2003267389",0,0,2034756948,2034128135,20245275,20118615,21190587,21120949,0,1,21331154,21451072,N/A,N/A,2031250608,2031337061",0,0,1930794442,1930791641,21415669,21601882,21343826,21286726,0,1,1953810811,1957088180,21051892,21080107,N/A,N/A"
1755311829,N/A,N/A,19484125,19582445,20116683,20242460,2104718770,2089538671,1,1,2030423975,2032560228,19565130,19443832,2025124688,2024162775",0,0,N/A,N/A,21601883,21415669,2012501452,2014006179,1,1,20061840,19959496,2036447518,2035318446,2024162775,2025124687",0,0,20488848,20384506,N/A,N/A,21286727,21343827,20816268,20565748,2061908412,2066284922,2032560228,2030423974,2031337973,2031251519",0,0,19582444,19484124,1,1,N/A,N/A,21700600,21670612,2035318446,2036447517,2066284922,2061908411,2002558597,2003480671",0,0,2034885921,2035788522,0,1,2063687976,2090342098,N/A,N/A,19959495,20061839,21080108,21051893,2003267390,2000583045",0,0,1897199487,1933010736,0,1,2014006178,2012501451,21678868,21712449,N/A,N/A,19443831,19565129,2000583044,2003267389",0,0,2034756948,2034128135,20245275,20118615,21190587,21120949,0,1,21331154,21451072,N/A,N/A,2031250608,2031337061",0,0,1930794442,1930791641,21415669,21601882,21343826,21286726,0,1,1953810811,1957088180,21051892,21080107,N/A,N/A"
1755311831,N/A,N/A,19484125,19582445,20116683,20242460,2104718770,2089538671,1,1,2030423975,2032560228,19565130,19443832,2025124688,2024162775",0,0,N/A,N/A,21601883,21415669,2012501452,2014006179,1,1,20061840,19959496,2036447518,2035318446,2024162775,2025124687",0,0,20488848,20384506,N/A,N/A,21286727,21343827,20816268,20565748,2061908412,2066284922,2032560228,2030423974,2031337973,2031251519",0,0,19582444,19484124,1,1,N/A,N/A,21700600,21670612,2035318446,2036447517,2066284922,2061908411,2002558597,2003480671",0,0,2034885921,2035788522,0,1,2063687976,2090342098,N/A,N/A,19959495,20061839,21080108,21051893,2003267390,2000583045",0,0,1897199487,1933010736,0,1,2014006178,2012501451,21678868,21712449,N/A,N/A,19443831,19565129,2000583044,2003267389",0,0,2034756948,2034128135,20245275,20118615,21190587,21120949,0,1,21331154,21451072,N/A,N/A,2031250608,2031337061",0,0,1930794442,1930791641,21415669,21601882,21343826,21286726,0,1,1953810811,1957088180,21051892,21080107,N/A,N/A"
1755311833,N/A,N/A,19484125,19582445,20116683,20242460,2104718770,2089538671,1,1,2030423975,2032560228,19565130,19443832,2025124688,2024162775",0,0,N/A,N/A,21601883,21415669,2012501452,2014006179,1,1,20061840,19959496,2036447518,2035318446,2024162775,2025124687",0,0,20488848,20384506,N/A,N/A,21286727,21343827,20816268,20565748,2061908412,2066284922,2032560228,2030423974,2031337973,2031251519",0,0,19582444,19484124,1,1,N/A,N/A,21700600,21670612,2035318446,2036447517,2066284922,2061908411,2002558597,2003480671",0,0,2034885921,2035788522,0,1,2063687976,2090342098,N/A,N/A,19959495,20061839,21080108,21051893,2003267390,2000583045",0,0,1897199487,1933010736,0,1,2014006178,2012501451,21678868,21712449,N/A,N/A,19443831,19565129,2000583044,2003267389",0,0,2034756948,2034128135,20245275,20118615,21190587,21120949,0,1,21331154,21451072,N/A,N/A,2031250608,2031337061",0,0,1930794442,1930791641,21415669,21601882,21343826,21286726,0,1,1953810811,1957088180,21051892,21080107,N/A,N/A"
1755311834,N/A,N/A,19484125,19582445,20116683,20242460,2104718770,2089538671,1,1,2030423975,2032560228,19565130,19443832,2025124688,2024162775",0,0,N/A,N/A,21601883,21415669,2012501452,2014006179,1,1,20061840,19959496,2036447518,2035318446,2024162775,2025124687",0,0,20488848,20384506,N/A,N/A,21286727,21343827,20816268,20565748,2061908412,2066284922,2032560228,2030423974,2031337973,2031251519",0,0,19582444,19484124,1,1,N/A,N/A,21700600,21670612,2035318446,2036447517,2066284922,2061908411,2002558597,2003480671",0,0,2034885921,2035788522,0,1,2063687976,2090342098,N/A,N/A,19959495,20061839,21080108,21051893,2003267390,2000583045",0,0,1897199487,1933010736,0,1,2014006178,2012501451,21678868,21712449,N/A,N/A,19443831,19565129,2000583044,2003267389",0,0,2034756948,2034128135,20245275,20118615,21190587,21120949,0,1,21331154,21451072,N/A,N/A,2031250608,2031337061",0,0,1930794442,1930791641,21415669,21601882,21343826,21286726,0,1,1953810811,1957088180,21051892,21080107,N/A,N/A"
1755311836,N/A,N/A,19484125,19582445,20116683,20242460,2104718770,2089538671,1,1,2030423975,2032560228,19565130,19443832,2025124688,2024162775",0,0,N/A,N/A,21601883,21415669,2012501452,2014006179,1,1,20061840,19959496,2036447518,2035318446,2024162775,2025124687",0,0,20488848,20384506,N/A,N/A,21286727,21343827,20816268,20565748,2061908412,2066284922,2032560228,2030423974,2031337973,2031251519",0,0,19582444,19484124,1,1,N/A,N/A,21700600,21670612,2035318446,2036447517,2066284922,2061908411,2002558597,2003480671",0,0,2034885921,2035788522,0,1,2063687976,2090342098,N/A,N/A,19959495,20061839,21080108,21051893,2003267390,2000583045",0,0,1897199487,1933010736,0,1,2014006178,2012501451,21678868,21712449,N/A,N/A,19443831,19565129,2000583044,2003267389",0,0,2034756948,2034128135,20245275,20118615,21190587,21120949,0,1,21331154,21451072,N/A,N/A,2031250608,2031337061",0,0,1930794442,1930791641,21415669,21601882,21343826,21286726,0,1,1953810811,1957088180,21051892,21080107,N/A,N/A"
1755311837,N/A,N/A,19484125,19582445,20116683,20242460,2104718770,2089538671,1,1,2030423975,2032560228,19565130,19443832,2025124688,2024162775",0,0,N/A,N/A,21601883,21415669,2012501452,2014006179,1,1,20061840,19959496,2036447518,2035318446,2024162775,2025124687",0,0,20488848,20384506,N/A,N/A,21286727,21343827,20816268,20565748,2061908412,2066284922,2032560228,2030423974,2031337973,2031251519",0,0,19582444,19484124,1,1,N/A,N/A,21700600,21670612,2035318446,2036447517,2066284922,2061908411,2002558597,2003480671",0,0,2034885921,2035788522,0,1,2063687976,2090342098,N/A,N/A,19959495,20061839,21080108,21051893,2003267390,2000583045",0,0,1897199487,1933010736,0,1,2014006178,2012501451,21678868,21712449,N/A,N/A,19443831,19565129,2000583044,2003267389",0,0,2034756948,2034128135,20245275,20118615,21190587,21120949,0,1,21331154,21451072,N/A,N/A,2031250608,2031337061",0,0,1930794442,1930791641,21415669,21601882,21343826,21286726,0,1,1953810811,1957088180,21051892,21080107,N/A,N/A"
1755311839,N/A,N/A,19484125,19582445,20116683,20242460,2104718770,2089538671,1,1,2030423975,2032560228,19565130,19443832,2025124688,2024162775",0,0,N/A,N/A,21601883,21415669,2012501452,2014006179,1,1,20061840,19959496,2036447518,2035318446,2024162775,2025124687",0,0,20488848,20384506,N/A,N/A,21286727,21343827,20816268,20565748,2061908412,2066284922,2032560228,2030423974,2031337973,2031251519",0,0,19582444,19484124,1,1,N/A,N/A,21700600,21670612,2035318446,2036447517,2066284922,2061908411,2002558597,2003480671",0,0,2034885921,2035788522,0,1,2063687976,2090342098,N/A,N/A,19959495,20061839,21080108,21051893,2003267390,2000583045",0,0,1897199487,1933010736,0,1,2014006178,2012501451,21678868,21712449,N/A,N/A,19443831,19565129,2000583044,2003267389",0,0,2034756948,2034128135,20245275,20118615,21190587,21120949,0,1,21331154,21451072,N/A,N/A,2031250608,2031337061",0,0,1930794442,1930791641,21415669,21601882,21343826,21286726,0,1,1953810811,1957088180,21051892,21080107,N/A,N/A"
1755311841,N/A,N/A,19484125,19582445,20116683,20242460,2104718770,2089538671,1,1,2030423975,2032560228,19565130,19443832,2025124688,2024162775",0,0,N/A,N/A,21601883,21415669,2012501452,2014006179,1,1,20061840,19959496,2036447518,2035318446,2024162775,2025124687",0,0,20488848,20384506,N/A,N/A,21286727,21343827,20816268,20565748,2061908412,2066284922,2032560228,2030423974,2031337973,2031251519",0,0,19582444,19484124,1,1,N/A,N/A,21700600,21670612,2035318446,2036447517,2066284922,2061908411,2002558597,2003480671",0,0,2034885921,2035788522,0,1,2063687976,2090342098,N/A,N/A,19959495,20061839,21080108,21051893,2003267390,2000583045",0,0,1897199487,1933010736,0,1,2014006178,2012501451,21678868,21712449,N/A,N/A,19443831,19565129,2000583044,2003267389",0,0,2034756948,2034128135,20245275,20118615,21190587,21120949,0,1,21331154,21451072,N/A,N/A,2031250608,2031337061",0,0,1930794442,1930791641,21415669,21601882,21343826,21286726,0,1,1953810811,1957088180,21051892,21080107,N/A,N/A"
1755311842,N/A,N/A,19484125,19582445,20116683,20242460,2104718770,2089538671,1,1,2030423975,2032560228,19565130,19443832,2025124688,2024162775",0,0,N/A,N/A,21601883,21415669,2012501452,2014006179,1,1,20061840,19959496,2036447518,2035318446,2024162775,2025124687",0,0,20488848,20384506,N/A,N/A,21286727,21343827,20816268,20565748,2061908412,2066284922,2032560228,2030423974,2031337973,2031251519",0,0,19582444,19484124,1,1,N/A,N/A,21700600,21670612,2035318446,2036447517,2066284922,2061908411,2002558597,2003480671",0,0,2034885921,2035788522,0,1,2063687976,2090342098,N/A,N/A,19959495,20061839,21080108,21051893,2003267390,2000583045",0,0,1897199487,1933010736,0,1,2014006178,2012501451,21678868,21712449,N/A,N/A,19443831,19565129,2000583044,2003267389",0,0,2034756948,2034128135,20245275,20118615,21190587,21120949,0,1,21331154,21451072,N/A,N/A,2031250608,2031337061",0,0,1930794442,1930791641,21415669,21601882,21343826,21286726,0,1,1953810811,1957088180,21051892,21080107,N/A,N/A"
1755311844,N/A,N/A,19484125,19582445,20116683,20242460,2104718770,2089538671,1,1,2030423975,2032560228,19565130,19443832,2025124688,2024162775",0,0,N/A,N/A,21601883,21415669,2012501452,2014006179,1,1,20061840,19959496,2036447518,2035318446,2024162775,2025124687",0,0,20488848,20384506,N/A,N/A,21286727,21343827,20816268,20565748,2061908412,2066284922,2032560228,2030423974,2031337973,2031251519",0,0,19582444,19484124,1,1,N/A,N/A,21700600,21670612,2035318446,2036447517,2066284922,2061908411,2002558597,2003480671",0,0,2034885921,2035788522,0,1,2063687976,2090342098,N/A,N/A,19959495,20061839,21080108,21051893,2003267390,2000583045",0,0,1897199487,1933010736,0,1,2014006178,2012501451,21678868,21712449,N/A,N/A,19443831,19565129,2000583044,2003267389",0,0,2034756948,2034128135,20245275,20118615,21190587,21120949,0,1,21331154,21451072,N/A,N/A,2031250608,2031337061",0,0,1930794442,1930791641,21415669,21601882,21343826,21286726,0,1,1953810811,1957088180,21051892,21080107,N/A,N/A"
1755311846,N/A,N/A,19484125,19582445,20116683,20242460,2104718770,2089538671,1,1,2030423975,2032560228,19565130,19443832,2025124688,2024162775",0,0,N/A,N/A,21601883,21415669,2012501452,2014006179,1,1,20061840,19959496,2036447518,2035318446,2024162775,2025124687",0,0,20488848,20384506,N/A,N/A,21286727,21343827,20816268,20565748,2061908412,2066284922,2032560228,2030423974,2031337973,2031251519",0,0,19582444,19484124,1,1,N/A,N/A,21700600,21670612,2035318446,2036447517,2066284922,2061908411,2002558597,2003480671",0,0,2034885921,2035788522,0,1,2063687976,2090342098,N/A,N/A,19959495,20061839,21080108,21051893,2003267390,2000583045",0,0,1897199487,1933010736,0,1,2014006178,2012501451,21678868,21712449,N/A,N/A,19443831,19565129,2000583044,2003267389",0,0,2034756948,2034128135,20245275,20118615,21190587,21120949,0,1,21331154,21451072,N/A,N/A,2031250608,2031337061",0,0,1930794442,1930791641,21415669,21601882,21343826,21286726,0,1,1953810811,1957088180,21051892,21080107,N/A,N/A"
1755311848,N/A,N/A,19484125,19582445,20116683,20242460,2104718770,2089538671,1,1,2030423975,2032560228,19565130,19443832,2025124688,2024162775",0,0,N/A,N/A,21601883,21415669,2012501452,2014006179,1,1,20061840,19959496,2036447518,2035318446,2024162775,2025124687",0,0,20488848,20384506,N/A,N/A,21286727,21343827,20816268,20565748,2061908412,2066284922,2032560228,2030423974,2031337973,2031251519",0,0,19582444,19484124,1,1,N/A,N/A,21700600,21670612,2035318446,2036447517,2066284922,2061908411,2002558597,2003480671",0,0,2034885921,2035788522,0,1,2063687976,2090342098,N/A,N/A,19959495,20061839,21080108,21051893,2003267390,2000583045",0,0,1897199487,1933010736,0,1,2014006178,2012501451,21678868,21712449,N/A,N/A,19443831,19565129,2000583044,2003267389",0,0,2034756948,2034128135,20245275,20118615,21190587,21120949,0,1,21331154,21451072,N/A,N/A,2031250608,2031337061",0,0,1930794442,1930791641,21415669,21601882,21343826,21286726,0,1,1953810811,1957088180,21051892,21080107,N/A,N/A"
1755311849,N/A,N/A,19484125,19582445,20116683,20242460,2104718770,2089538671,1,1,2030423975,2032560228,19565130,19443832,2025124688,2024162775",0,0,N/A,N/A,21601883,21415669,2012501452,2014006179,1,1,20061840,19959496,2036447518,2035318446,2024162775,2025124687",0,0,20488848,20384506,N/A,N/A,21286727,21343827,20816268,20565748,2061908412,2066284922,2032560228,2030423974,2031337973,2031251519",0,0,19582444,19484124,1,1,N/A,N/A,21700600,21670612,2035318446,2036447517,2066284922,2061908411,2002558597,2003480671",0,0,2034885921,2035788522,0,1,2063687976,2090342098,N/A,N/A,19959495,20061839,21080108,21051893,2003267390,2000583045",0,0,1897199487,1933010736,0,1,2014006178,2012501451,21678868,21712449,N/A,N/A,19443831,19565129,2000583044,2003267389",0,0,2034756948,2034128135,20245275,20118615,21190587,21120949,0,1,21331154,21451072,N/A,N/A,2031250608,2031337061",0,0,1930794442,1930791641,21415669,21601882,21343826,21286726,0,1,1953810811,1957088180,21051892,21080107,N/A,N/A"
1755311851,N/A,N/A,19484125,19582445,20116683,20242460,2104718770,2089538671,1,1,2030423975,2032560228,19565130,19443832,2025124688,2024162775",0,0,N/A,N/A,21601883,21415669,2012501452,2014006179,1,1,20061840,19959496,2036447518,2035318446,2024162775,2025124687",0,0,20488848,20384506,N/A,N/A,21286727,21343827,20816268,20565748,2061908412,2066284922,2032560228,2030423974,2031337973,2031251519",0,0,19582444,19484124,1,1,N/A,N/A,21700600,21670612,2035318446,2036447517,2066284922,2061908411,2002558597,2003480671",0,0,2034885921,2035788522,0,1,2063687976,2090342098,N/A,N/A,19959495,20061839,21080108,21051893,2003267390,2000583045",0,0,1897199487,1933010736,0,1,2014006178,2012501451,21678868,21712449,N/A,N/A,19443831,19565129,2000583044,2003267389",0,0,2034756948,2034128135,20245275,20118615,21190587,21120949,0,1,21331154,21451072,N/A,N/A,2031250608,2031337061",0,0,1930794442,1930791641,21415669,21601882,21343826,21286726,0,1,1953810811,1957088180,21051892,21080107,N/A,N/A"
1755311852,N/A,N/A,19484125,19582445,20116683,20242460,2104718770,2089538671,1,1,2030423975,2032560228,19565130,19443832,2025124688,2024162775",0,0,N/A,N/A,21601883,21415669,2012501452,2014006179,1,1,20061840,19959496,2036447518,2035318446,2024162775,2025124687",0,0,20488848,20384506,N/A,N/A,21286727,21343827,20816268,20565748,2061908412,2066284922,2032560228,2030423974,2031337973,2031251519",0,0,19582444,19484124,1,1,N/A,N/A,21700600,21670612,2035318446,2036447517,2066284922,2061908411,2002558597,2003480671",0,0,2034885921,2035788522,0,1,2063687976,2090342098,N/A,N/A,19959495,20061839,21080108,21051893,2003267390,2000583045",0,0,1897199487,1933010736,0,1,2014006178,2012501451,21678868,21712449,N/A,N/A,19443831,19565129,2000583044,2003267389",0,0,2034756948,2034128135,20245275,20118615,21190587,21120949,0,1,21331154,21451072,N/A,N/A,2031250608,2031337061",0,0,1930794442,1930791641,21415669,21601882,21343826,21286726,0,1,1953810811,1957088180,21051892,21080107,N/A,N/A"
1755311854,N/A,N/A,19484125,19582445,20116683,20242460,2104718770,2089538671,1,1,2030423975,2032560228,19565130,19443832,2025124688,2024162775",0,0,N/A,N/A,21601883,21415669,2012501452,2014006179,1,1,20061840,19959496,2036447518,2035318446,2024162775,2025124687",0,0,20488848,20384506,N/A,N/A,21286727,21343827,20816268,20565748,2061908412,2066284922,2032560228,2030423974,2031337973,2031251519",0,0,19582444,19484124,1,1,N/A,N/A,21700600,21670612,2035318446,2036447517,2066284922,2061908411,2002558597,2003480671",0,0,2034885921,2035788522,0,1,2063687976,2090342098,N/A,N/A,19959495,20061839,21080108,21051893,2003267390,2000583045",0,0,1897199487,1933010736,0,1,2014006178,2012501451,21678868,21712449,N/A,N/A,19443831,19565129,2000583044,2003267389",0,0,2034756948,2034128135,20245275,20118615,21190587,21120949,0,1,21331154,21451072,N/A,N/A,2031250608,2031337061",0,0,1930794442,1930791641,21415669,21601882,21343826,21286726,0,1,1953810811,1957088180,21051892,21080107,N/A,N/A"
1755311856,N/A,N/A,19484125,19582445,20116683,20242460,2104718770,2089538671,1,1,2030423975,2032560228,19565130,19443832,2025124688,2024162775",0,0,N/A,N/A,21601883,21415669,2012501452,2014006179,1,1,20061840,19959496,2036447518,2035318446,2024162775,2025124687",0,0,20488848,20384506,N/A,N/A,21286727,21343827,20816268,20565748,2061908412,2066284922,2032560228,2030423974,2031337973,2031251519",0,0,19582444,19484124,1,1,N/A,N/A,21700600,21670612,2035318446,2036447517,2066284922,2061908411,2002558597,2003480671",0,0,2034885921,2035788522,0,1,2063687976,2090342098,N/A,N/A,19959495,20061839,21080108,21051893,2003267390,2000583045",0,0,1897199487,1933010736,0,1,2014006178,2012501451,21678868,21712449,N/A,N/A,19443831,19565129,2000583044,2003267389",0,0,2034756948,2034128135,20245275,20118615,21190587,21120949,0,1,21331154,21451072,N/A,N/A,2031250608,2031337061",0,0,1930794442,1930791641,21415669,21601882,21343826,21286726,0,1,1953810811,1957088180,21051892,21080107,N/A,N/A"
1755311858,N/A,N/A,19484125,19582445,20116683,20242460,2104718770,2089538671,1,1,2030423975,2032560228,19565130,19443832,2025124688,2024162775",0,0,N/A,N/A,21601883,21415669,2012501452,2014006179,1,1,20061840,19959496,2036447518,2035318446,2024162775,2025124687",0,0,20488848,20384506,N/A,N/A,21286727,21343827,20816268,20565748,2061908412,2066284922,2032560228,2030423974,2031337973,2031251519",0,0,19582444,19484124,1,1,N/A,N/A,21700600,21670612,2035318446,2036447517,2066284922,2061908411,2002558597,2003480671",0,0,2034885921,2035788522,0,1,2063687976,2090342098,N/A,N/A,19959495,20061839,21080108,21051893,2003267390,2000583045",0,0,1897199487,1933010736,0,1,2014006178,2012501451,21678868,21712449,N/A,N/A,19443831,19565129,2000583044,2003267389",0,0,2034756948,2034128135,20245275,20118615,21190587,21120949,0,1,21331154,21451072,N/A,N/A,2031250608,2031337061",0,0,1930794442,1930791641,21415669,21601882,21343826,21286726,0,1,1953810811,1957088180,21051892,21080107,N/A,N/A"
1755311859,N/A,N/A,19484125,19582445,20116683,20242460,2104718770,2089538671,1,1,2030423975,2032560228,19565130,19443832,2025124688,2024162775",0,0,N/A,N/A,21601883,21415669,2012501452,2014006179,1,1,20061840,19959496,2036447518,2035318446,2024162775,2025124687",0,0,20488848,20384506,N/A,N/A,21286727,21343827,20816268,20565748,2061908412,2066284922,2032560228,2030423974,2031337973,2031251519",0,0,19582444,19484124,1,1,N/A,N/A,21700600,21670612,2035318446,2036447517,2066284922,2061908411,2002558597,2003480671",0,0,2034885921,2035788522,0,1,2063687976,2090342098,N/A,N/A,19959495,20061839,21080108,21051893,2003267390,2000583045",0,0,1897199487,1933010736,0,1,2014006178,2012501451,21678868,21712449,N/A,N/A,19443831,19565129,2000583044,2003267389",0,0,2034756948,2034128135,20245275,20118615,21190587,21120949,0,1,21331154,21451072,N/A,N/A,2031250608,2031337061",0,0,1930794442,1930791641,21415669,21601882,21343826,21286726,0,1,1953810811,1957088180,21051892,21080107,N/A,N/A"
1755311861,N/A,N/A,19484125,19582445,20116683,20242460,2104718770,2089538671,1,1,2030423975,2032560228,19565130,19443832,2025124688,2024162775",0,0,N/A,N/A,21601883,21415669,2012501452,2014006179,1,1,20061840,19959496,2036447518,2035318446,2024162775,2025124687",0,0,20488848,20384506,N/A,N/A,21286727,21343827,20816268,20565748,2061908412,2066284922,2032560228,2030423974,2031337973,2031251519",0,0,19582444,19484124,1,1,N/A,N/A,21700600,21670612,2035318446,2036447517,2066284922,2061908411,2002558597,2003480671",0,0,2034885921,2035788522,0,1,2063687976,2090342098,N/A,N/A,19959495,20061839,21080108,21051893,2003267390,2000583045",0,0,1897199487,1933010736,0,1,2014006178,2012501451,21678868,21712449,N/A,N/A,19443831,19565129,2000583044,2003267389",0,0,2034756948,2034128135,20245275,20118615,21190587,21120949,0,1,21331154,21451072,N/A,N/A,2031250608,2031337061",0,0,1930794442,1930791641,21415669,21601882,21343826,21286726,0,1,1953810811,1957088180,21051892,21080107,N/A,N/A"
1755311863,N/A,N/A,19484125,19582445,20116683,20242460,2104718770,2089538671,1,1,2030423975,2032560228,19565130,19443832,2025124688,2024162775",0,0,N/A,N/A,21601883,21415669,2012501452,2014006179,1,1,20061840,19959496,2036447518,2035318446,2024162775,2025124687",0,0,20488848,20384506,N/A,N/A,21286727,21343827,20816268,20565748,2061908412,2066284922,2032560228,2030423974,2031337973,2031251519",0,0,19582444,19484124,1,1,N/A,N/A,21700600,21670612,2035318446,2036447517,2066284922,2061908411,2002558597,2003480671",0,0,2034885921,2035788522,0,1,2063687976,2090342098,N/A,N/A,19959495,20061839,21080108,21051893,2003267390,2000583045",0,0,1897199487,1933010736,0,1,2014006178,2012501451,21678868,21712449,N/A,N/A,19443831,19565129,2000583044,2003267389",0,0,2034756948,2034128135,20245275,20118615,21190587,21120949,0,1,21331154,21451072,N/A,N/A,2031250608,2031337061",0,0,1930794442,1930791641,21415669,21601882,21343826,21286726,0,1,1953810811,1957088180,21051892,21080107,N/A,N/A"
1755311864,N/A,N/A,19484125,19582445,20116683,20242460,2104718770,2089538671,1,1,2030423975,2032560228,19565130,19443832,2025124688,2024162775",0,0,N/A,N/A,21601883,21415669,2012501452,2014006179,1,1,20061840,19959496,2036447518,2035318446,2024162775,2025124687",0,0,20488848,20384506,N/A,N/A,21286727,21343827,20816268,20565748,2061908412,2066284922,2032560228,2030423974,2031337973,2031251519",0,0,19582444,19484124,1,1,N/A,N/A,21700600,21670612,2035318446,2036447517,2066284922,2061908411,2002558597,2003480671",0,0,2034885921,2035788522,0,1,2063687976,2090342098,N/A,N/A,19959495,20061839,21080108,21051893,2003267390,2000583045",0,0,1897199487,1933010736,0,1,2014006178,2012501451,21678868,21712449,N/A,N/A,19443831,19565129,2000583044,2003267389",0,0,2034756948,2034128135,20245275,20118615,21190587,21120949,0,1,21331154,21451072,N/A,N/A,2031250608,2031337061",0,0,1930794442,1930791641,21415669,21601882,21343826,21286726,0,1,1953810811,1957088180,21051892,21080107,N/A,N/A"
1755311866,N/A,N/A,19484125,19582445,20116683,20242460,2104718770,2089538671,1,1,2030423975,2032560228,19565130,19443832,2025124688,2024162775",0,0,N/A,N/A,21601883,21415669,2012501452,2014006179,1,1,20061840,19959496,2036447518,2035318446,2024162775,2025124687",0,0,20488848,20384506,N/A,N/A,21286727,21343827,20816268,20565748,2061908412,2066284922,2032560228,2030423974,2031337973,2031251519",0,0,19582444,19484124,1,1,N/A,N/A,21700600,21670612,2035318446,2036447517,2066284922,2061908411,2002558597,2003480671",0,0,2034885921,2035788522,0,1,2063687976,2090342098,N/A,N/A,19959495,20061839,21080108,21051893,2003267390,2000583045",0,0,1897199487,1933010736,0,1,2014006178,2012501451,21678868,21712449,N/A,N/A,19443831,19565129,2000583044,2003267389",0,0,2034756948,2034128135,20245275,20118615,21190587,21120949,0,1,21331154,21451072,N/A,N/A,2031250608,2031337061",0,0,1930794442,1930791641,21415669,21601882,21343826,21286726,0,1,1953810811,1957088180,21051892,21080107,N/A,N/A"
1755311868,N/A,N/A,19484125,19582445,20116683,20242460,2104718770,2089538671,1,1,2030423975,2032560228,19565130,19443832,2025124688,2024162775",0,0,N/A,N/A,21601883,21415669,2012501452,2014006179,1,1,20061840,19959496,2036447518,2035318446,2024162775,2025124687",0,0,20488848,20384506,N/A,N/A,21286727,21343827,20816268,20565748,2061908412,2066284922,2032560228,2030423974,2031337973,2031251519",0,0,19582444,19484124,1,1,N/A,N/A,21700600,21670612,2035318446,2036447517,2066284922,2061908411,2002558597,2003480671",0,0,2034885921,2035788522,0,1,2063687976,2090342098,N/A,N/A,19959495,20061839,21080108,21051893,2003267390,2000583045",0,0,1897199487,1933010736,0,1,2014006178,2012501451,21678868,21712449,N/A,N/A,19443831,19565129,2000583044,2003267389",0,0,2034756948,2034128135,20245275,20118615,21190587,21120949,0,1,21331154,21451072,N/A,N/A,2031250608,2031337061",0,0,1930794442,1930791641,21415669,21601882,21343826,21286726,0,1,1953810811,1957088180,21051892,21080107,N/A,N/A"
1755311869,N/A,N/A,19484125,19582445,20116683,20242460,2104718770,2089538671,1,1,2030423975,2032560228,19565130,19443832,2025124688,2024162775",0,0,N/A,N/A,21601883,21415669,2012501452,2014006179,1,1,20061840,19959496,2036447518,2035318446,2024162775,2025124687",0,0,20488848,20384506,N/A,N/A,21286727,21343827,20816268,20565748,2061908412,2066284922,2032560228,2030423974,2031337973,2031251519",0,0,19582444,19484124,1,1,N/A,N/A,21700600,21670612,2035318446,2036447517,2066284922,2061908411,2002558597,2003480671",0,0,2034885921,2035788522,0,1,2063687976,2090342098,N/A,N/A,19959495,20061839,21080108,21051893,2003267390,2000583045",0,0,1897199487,1933010736,0,1,2014006178,2012501451,21678868,21712449,N/A,N/A,19443831,19565129,2000583044,2003267389",0,0,2034756948,2034128135,20245275,20118615,21190587,21120949,0,1,21331154,21451072,N/A,N/A,2031250608,2031337061",0,0,1930794442,1930791641,21415669,21601882,21343826,21286726,0,1,1953810811,1957088180,21051892,21080107,N/A,N/A"
1755311871,N/A,N/A,19484125,19582445,20116683,20242460,2104718770,2089538671,1,1,2030423975,2032560228,19565130,19443832,2025124688,2024162775",0,0,N/A,N/A,21601883,21415669,2012501452,2014006179,1,1,20061840,19959496,2036447518,2035318446,2024162775,2025124687",0,0,20488848,20384506,N/A,N/A,21286727,21343827,20816268,20565748,2061908412,2066284922,2032560228,2030423974,2031337973,2031251519",0,0,19582444,19484124,1,1,N/A,N/A,21700600,21670612,2035318446,2036447517,2066284922,2061908411,2002558597,2003480671",0,0,2034885921,2035788522,0,1,2063687976,2090342098,N/A,N/A,19959495,20061839,21080108,21051893,2003267390,2000583045",0,0,1897199487,1933010736,0,1,2014006178,2012501451,21678868,21712449,N/A,N/A,19443831,19565129,2000583044,2003267389",0,0,2034756948,2034128135,20245275,20118615,21190587,21120949,0,1,21331154,21451072,N/A,N/A,2031250608,2031337061",0,0,1930794442,1930791641,21415669,21601882,21343826,21286726,0,1,1953810811,1957088180,21051892,21080107,N/A,N/A"
1755311872,N/A,N/A,19484125,19582445,20116683,20242460,2104718770,2089538671,1,1,2030423975,2032560228,19565130,19443832,2025124688,2024162775",0,0,N/A,N/A,21601883,21415669,2012501452,2014006179,1,1,20061840,19959496,2036447518,2035318446,2024162775,2025124687",0,0,20488848,20384506,N/A,N/A,21286727,21343827,20816268,20565748,2061908412,2066284922,2032560228,2030423974,2031337973,2031251519",0,0,19582444,19484124,1,1,N/A,N/A,21700600,21670612,2035318446,2036447517,2066284922,2061908411,2002558597,2003480671",0,0,2034885921,2035788522,0,1,2063687976,2090342098,N/A,N/A,19959495,20061839,21080108,21051893,2003267390,2000583045",0,0,1897199487,1933010736,0,1,2014006178,2012501451,21678868,21712449,N/A,N/A,19443831,19565129,2000583044,2003267389",0,0,2034756948,2034128135,20245275,20118615,21190587,21120949,0,1,21331154,21451072,N/A,N/A,2031250608,2031337061",0,0,1930794442,1930791641,21415669,21601882,21343826,21286726,0,1,1953810811,1957088180,21051892,21080107,N/A,N/A"
1755311874,N/A,N/A,19484125,19582445,20116683,20242460,2104718770,2089538671,1,1,2030423975,2032560228,19565130,19443832,2025124688,2024162775",0,0,N/A,N/A,21601883,21415669,2012501452,2014006179,1,1,20061840,19959496,2036447518,2035318446,2024162775,2025124687",0,0,20488848,20384506,N/A,N/A,21286727,21343827,20816268,20565748,2061908412,2066284922,2032560228,2030423974,2031337973,2031251519",0,0,19582444,19484124,1,1,N/A,N/A,21700600,21670612,2035318446,2036447517,2066284922,2061908411,2002558597,2003480671",0,0,2034885921,2035788522,0,1,2063687976,2090342098,N/A,N/A,19959495,20061839,21080108,21051893,2003267390,2000583045",0,0,1897199487,1933010736,0,1,2014006178,2012501451,21678868,21712449,N/A,N/A,19443831,19565129,2000583044,2003267389",0,0,2034756948,2034128135,20245275,20118615,21190587,21120949,0,1,21331154,21451072,N/A,N/A,2031250608,2031337061",0,0,1930794442,1930791641,21415669,21601882,21343826,21286726,0,1,1953810811,1957088180,21051892,21080107,N/A,N/A"
1755311876,N/A,N/A,19484125,19582445,20116683,20242460,2104718770,2089538671,1,1,2030423975,2032560228,19565130,19443832,2025124688,2024162775",0,0,N/A,N/A,21601883,21415669,2012501452,2014006179,1,1,20061840,19959496,2036447518,2035318446,2024162775,2025124687",0,0,20488848,20384506,N/A,N/A,21286727,21343827,20816268,20565748,2061908412,2066284922,2032560228,2030423974,2031337973,2031251519",0,0,19582444,19484124,1,1,N/A,N/A,21700600,21670612,2035318446,2036447517,2066284922,2061908411,2002558597,2003480671",0,0,2034885921,2035788522,0,1,2063687976,2090342098,N/A,N/A,19959495,20061839,21080108,21051893,2003267390,2000583045",0,0,1897199487,1933010736,0,1,2014006178,2012501451,21678868,21712449,N/A,N/A,19443831,19565129,2000583044,2003267389",0,0,2034756948,2034128135,20245275,20118615,21190587,21120949,0,1,21331154,21451072,N/A,N/A,2031250608,2031337061",0,0,1930794442,1930791641,21415669,21601882,21343826,21286726,0,1,1953810811,1957088180,21051892,21080107,N/A,N/A"
1755311877,N/A,N/A,19484125,19582445,20116683,20242460,2104718770,2089538671,1,1,2030423975,2032560228,19565130,19443832,2025124688,2024162775",0,0,N/A,N/A,21601883,21415669,2012501452,2014006179,1,1,20061840,19959496,2036447518,2035318446,2024162775,2025124687",0,0,20488848,20384506,N/A,N/A,21286727,21343827,20816268,20565748,2061908412,2066284922,2032560228,2030423974,2031337973,2031251519",0,0,19582444,19484124,1,1,N/A,N/A,21700600,21670612,2035318446,2036447517,2066284922,2061908411,2002558597,2003480671",0,0,2034885921,2035788522,0,1,2063687976,2090342098,N/A,N/A,19959495,20061839,21080108,21051893,2003267390,2000583045",0,0,1897199487,1933010736,0,1,2014006178,2012501451,21678868,21712449,N/A,N/A,19443831,19565129,2000583044,2003267389",0,0,2034756948,2034128135,20245275,20118615,21190587,21120949,0,1,21331154,21451072,N/A,N/A,2031250608,2031337061",0,0,1930794442,1930791641,21415669,21601882,21343826,21286726,0,1,1953810811,1957088180,21051892,21080107,N/A,N/A"
1755311879,N/A,N/A,19484125,19582445,20116683,20242460,2104718770,2089538671,1,1,2030423975,2032560228,19565130,19443832,2025124688,2024162775",0,0,N/A,N/A,21601883,21415669,2012501452,2014006179,1,1,20061840,19959496,2036447518,2035318446,2024162775,2025124687",0,0,20488848,20384506,N/A,N/A,21286727,21343827,20816268,20565748,2061908412,2066284922,2032560228,2030423974,2031337973,2031251519",0,0,19582444,19484124,1,1,N/A,N/A,21700600,21670612,2035318446,2036447517,2066284922,2061908411,2002558597,2003480671",0,0,2034885921,2035788522,0,1,2063687976,2090342098,N/A,N/A,19959495,20061839,21080108,21051893,2003267390,2000583045",0,0,1897199487,1933010736,0,1,2014006178,2012501451,21678868,21712449,N/A,N/A,19443831,19565129,2000583044,2003267389",0,0,2034756948,2034128135,20245275,20118615,21190587,21120949,0,1,21331154,21451072,N/A,N/A,2031250608,2031337061",0,0,1930794442,1930791641,21415669,21601882,21343826,21286726,0,1,1953810811,1957088180,21051892,21080107,N/A,N/A"
1755311881,N/A,N/A,19484125,19582445,20116683,20242460,2104718770,2089538671,1,1,2030423975,2032560228,19565130,19443832,2025124688,2024162775",0,0,N/A,N/A,21601883,21415669,2012501452,2014006179,1,1,20061840,19959496,2036447518,2035318446,2024162775,2025124687",0,0,20488848,20384506,N/A,N/A,21286727,21343827,20816268,20565748,2061908412,2066284922,2032560228,2030423974,2031337973,2031251519",0,0,19582444,19484124,1,1,N/A,N/A,21700600,21670612,2035318446,2036447517,2066284922,2061908411,2002558597,2003480671",0,0,2034885921,2035788522,0,1,2063687976,2090342098,N/A,N/A,19959495,20061839,21080108,21051893,2003267390,2000583045",0,0,1897199487,1933010736,0,1,2014006178,2012501451,21678868,21712449,N/A,N/A,19443831,19565129,2000583044,2003267389",0,0,2034756948,2034128135,20245275,20118615,21190587,21120949,0,1,21331154,21451072,N/A,N/A,2031250608,2031337061",0,0,1930794442,1930791641,21415669,21601882,21343826,21286726,0,1,1953810811,1957088180,21051892,21080107,N/A,N/A"
1755311882,N/A,N/A,19484125,19582445,20116683,20242460,2104718770,2089538671,1,1,2030423975,2032560228,19565130,19443832,2025124688,2024162775",0,0,N/A,N/A,21601883,21415669,2012501452,2014006179,1,1,20061840,19959496,2036447518,2035318446,2024162775,2025124687",0,0,20488848,20384506,N/A,N/A,21286727,21343827,20816268,20565748,2061908412,2066284922,2032560228,2030423974,2031337973,2031251519",0,0,19582444,19484124,1,1,N/A,N/A,21700600,21670612,2035318446,2036447517,2066284922,2061908411,2002558597,2003480671",0,0,2034885921,2035788522,0,1,2063687976,2090342098,N/A,N/A,19959495,20061839,21080108,21051893,2003267390,2000583045",0,0,1897199487,1933010736,0,1,2014006178,2012501451,21678868,21712449,N/A,N/A,19443831,19565129,2000583044,2003267389",0,0,2034756948,2034128135,20245275,20118615,21190587,21120949,0,1,21331154,21451072,N/A,N/A,2031250608,2031337061",0,0,1930794442,1930791641,21415669,21601882,21343826,21286726,0,1,1953810811,1957088180,21051892,21080107,N/A,N/A"
1755311884,N/A,N/A,19484125,19582445,20116683,20242460,2104718770,2089538671,1,1,2030423975,2032560228,19565130,19443832,2025124688,2024162775",0,0,N/A,N/A,21601883,21415669,2012501452,2014006179,1,1,20061840,19959496,2036447518,2035318446,2024162775,2025124687",0,0,20488848,20384506,N/A,N/A,21286727,21343827,20816268,20565748,2061908412,2066284922,2032560228,2030423974,2031337973,2031251519",0,0,19582444,19484124,1,1,N/A,N/A,21700600,21670612,2035318446,2036447517,2066284922,2061908411,2002558597,2003480671",0,0,2034885921,2035788522,0,1,2063687976,2090342098,N/A,N/A,19959495,20061839,21080108,21051893,2003267390,2000583045",0,0,1897199487,1933010736,0,1,2014006178,2012501451,21678868,21712449,N/A,N/A,19443831,19565129,2000583044,2003267389",0,0,2034756948,2034128135,20245275,20118615,21190587,21120949,0,1,21331154,21451072,N/A,N/A,2031250608,2031337061",0,0,1930794442,1930791641,21415669,21601882,21343826,21286726,0,1,1953810811,1957088180,21051892,21080107,N/A,N/A"
1755311886,N/A,N/A,19484125,19582445,20116683,20242460,2104718770,2089538671,1,1,2030423975,2032560228,19565130,19443832,2025124688,2024162775",0,0,N/A,N/A,21601883,21415669,2012501452,2014006179,1,1,20061840,19959496,2036447518,2035318446,2024162775,2025124687",0,0,20488848,20384506,N/A,N/A,21286727,21343827,20816268,20565748,2061908412,2066284922,2032560228,2030423974,2031337973,2031251519",0,0,19582444,19484124,1,1,N/A,N/A,21700600,21670612,2035318446,2036447517,2066284922,2061908411,2002558597,2003480671",0,0,2034885921,2035788522,0,1,2063687976,2090342098,N/A,N/A,19959495,20061839,21080108,21051893,2003267390,2000583045",0,0,1897199487,1933010736,0,1,2014006178,2012501451,21678868,21712449,N/A,N/A,19443831,19565129,2000583044,2003267389",0,0,2034756948,2034128135,20245275,20118615,21190587,21120949,0,1,21331154,21451072,N/A,N/A,2031250608,2031337061",0,0,1930794442,1930791641,21415669,21601882,21343826,21286726,0,1,1953810811,1957088180,21051892,21080107,N/A,N/A"
1755311887,N/A,N/A,19484125,19582445,20116683,20242460,2104718770,2089538671,1,1,2030423975,2032560228,19565130,19443832,2025124688,2024162775",0,0,N/A,N/A,21601883,21415669,2012501452,2014006179,1,1,20061840,19959496,2036447518,2035318446,2024162775,2025124687",0,0,20488848,20384506,N/A,N/A,21286727,21343827,20816268,20565748,2061908412,2066284922,2032560228,2030423974,2031337973,2031251519",0,0,19582444,19484124,1,1,N/A,N/A,21700600,21670612,2035318446,2036447517,2066284922,2061908411,2002558597,2003480671",0,0,2034885921,2035788522,0,1,2063687976,2090342098,N/A,N/A,19959495,20061839,21080108,21051893,2003267390,2000583045",0,0,1897199487,1933010736,0,1,2014006178,2012501451,21678868,21712449,N/A,N/A,19443831,19565129,2000583044,2003267389",0,0,2034756948,2034128135,20245275,20118615,21190587,21120949,0,1,21331154,21451072,N/A,N/A,2031250608,2031337061",0,0,1930794442,1930791641,21415669,21601882,21343826,21286726,0,1,1953810811,1957088180,21051892,21080107,N/A,N/A"
1755311889,N/A,N/A,19484125,19582445,20116683,20242460,2104718770,2089538671,1,1,2030423975,2032560228,19565130,19443832,2025124688,2024162775",0,0,N/A,N/A,21601883,21415669,2012501452,2014006179,1,1,20061840,19959496,2036447518,2035318446,2024162775,2025124687",0,0,20488848,20384506,N/A,N/A,21286727,21343827,20816268,20565748,2061908412,2066284922,2032560228,2030423974,2031337973,2031251519",0,0,19582444,19484124,1,1,N/A,N/A,21700600,21670612,2035318446,2036447517,2066284922,2061908411,2002558597,2003480671",0,0,2034885921,2035788522,0,1,2063687976,2090342098,N/A,N/A,19959495,20061839,21080108,21051893,2003267390,2000583045",0,0,1897199487,1933010736,0,1,2014006178,2012501451,21678868,21712449,N/A,N/A,19443831,19565129,2000583044,2003267389",0,0,2034756948,2034128135,20245275,20118615,21190587,21120949,0,1,21331154,21451072,N/A,N/A,2031250608,2031337061",0,0,1930794442,1930791641,21415669,21601882,21343826,21286726,0,1,1953810811,1957088180,21051892,21080107,N/A,N/A"
1755311891,N/A,N/A,19484125,19582445,20116683,20242460,2104718770,2089538671,1,1,2030423975,2032560228,19565130,19443832,2025124688,2024162775",0,0,N/A,N/A,21601883,21415669,2012501452,2014006179,1,1,20061840,19959496,2036447518,2035318446,2024162775,2025124687",0,0,20488848,20384506,N/A,N/A,21286727,21343827,20816268,20565748,2061908412,2066284922,2032560228,2030423974,2031337973,2031251519",0,0,19582444,19484124,1,1,N/A,N/A,21700600,21670612,2035318446,2036447517,2066284922,2061908411,2002558597,2003480671",0,0,2034885921,2035788522,0,1,2063687976,2090342098,N/A,N/A,19959495,20061839,21080108,21051893,2003267390,2000583045",0,0,1897199487,1933010736,0,1,2014006178,2012501451,21678868,21712449,N/A,N/A,19443831,19565129,2000583044,2003267389",0,0,2034756948,2034128135,20245275,20118615,21190587,21120949,0,1,21331154,21451072,N/A,N/A,2031250608,2031337061",0,0,1930794442,1930791641,21415669,21601882,21343826,21286726,0,1,1953810811,1957088180,21051892,21080107,N/A,N/A"
1755311892,N/A,N/A,19484125,19582445,20116683,20242460,2104718770,2089538671,1,1,2030423975,2032560228,19565130,19443832,2025124688,2024162775",0,0,N/A,N/A,21601883,21415669,2012501452,2014006179,1,1,20061840,19959496,2036447518,2035318446,2024162775,2025124687",0,0,20488848,20384506,N/A,N/A,21286727,21343827,20816268,20565748,2061908412,2066284922,2032560228,2030423974,2031337973,2031251519",0,0,19582444,19484124,1,1,N/A,N/A,21700600,21670612,2035318446,2036447517,2066284922,2061908411,2002558597,2003480671",0,0,2034885921,2035788522,0,1,2063687976,2090342098,N/A,N/A,19959495,20061839,21080108,21051893,2003267390,2000583045",0,0,1897199487,1933010736,0,1,2014006178,2012501451,21678868,21712449,N/A,N/A,19443831,19565129,2000583044,2003267389",0,0,2034756948,2034128135,20245275,20118615,21190587,21120949,0,1,21331154,21451072,N/A,N/A,2031250608,2031337061",0,0,1930794442,1930791641,21415669,21601882,21343826,21286726,0,1,1953810811,1957088180,21051892,21080107,N/A,N/A"
1755311894,N/A,N/A,19484125,19582445,20116683,20242460,2104718770,2089538671,1,1,2030423975,2032560228,19565130,19443832,2025124688,2024162775",0,0,N/A,N/A,21601883,21415669,2012501452,2014006179,1,1,20061840,19959496,2036447518,2035318446,2024162775,2025124687",0,0,20488848,20384506,N/A,N/A,21286727,21343827,20816268,20565748,2061908412,2066284922,2032560228,2030423974,2031337973,2031251519",0,0,19582444,19484124,1,1,N/A,N/A,21700600,21670612,2035318446,2036447517,2066284922,2061908411,2002558597,2003480671",0,0,2034885921,2035788522,0,1,2063687976,2090342098,N/A,N/A,19959495,20061839,21080108,21051893,2003267390,2000583045",0,0,1897199487,1933010736,0,1,2014006178,2012501451,21678868,21712449,N/A,N/A,19443831,19565129,2000583044,2003267389",0,0,2034756948,2034128135,20245275,20118615,21190587,21120949,0,1,21331154,21451072,N/A,N/A,2031250608,2031337061",0,0,1930794442,1930791641,21415669,21601882,21343826,21286726,0,1,1953810811,1957088180,21051892,21080107,N/A,N/A"
1755311896,N/A,N/A,19484125,19582445,20116683,20242460,2104718770,2089538671,1,1,2030423975,2032560228,19565130,19443832,2025124688,2024162775",0,0,N/A,N/A,21601883,21415669,2012501452,2014006179,1,1,20061840,19959496,2036447518,2035318446,2024162775,2025124687",0,0,20488848,20384506,N/A,N/A,21286727,21343827,20816268,20565748,2061908412,2066284922,2032560228,2030423974,2031337973,2031251519",0,0,19582444,19484124,1,1,N/A,N/A,21700600,21670612,2035318446,2036447517,2066284922,2061908411,2002558597,2003480671",0,0,2034885921,2035788522,0,1,2063687976,2090342098,N/A,N/A,19959495,20061839,21080108,21051893,2003267390,2000583045",0,0,1897199487,1933010736,0,1,2014006178,2012501451,21678868,21712449,N/A,N/A,19443831,19565129,2000583044,2003267389",0,0,2034756948,2034128135,20245275,20118615,21190587,21120949,0,1,21331154,21451072,N/A,N/A,2031250608,2031337061",0,0,1930794442,1930791641,21415669,21601882,21343826,21286726,0,1,1953810811,1957088180,21051892,21080107,N/A,N/A"
1755311897,N/A,N/A,19484125,19582445,20116683,20242460,2104718770,2089538671,1,1,2030423975,2032560228,19565130,19443832,2025124688,2024162775",0,0,N/A,N/A,21601883,21415669,2012501452,2014006179,1,1,20061840,19959496,2036447518,2035318446,2024162775,2025124687",0,0,20488848,20384506,N/A,N/A,21286727,21343827,20816268,20565748,2061908412,2066284922,2032560228,2030423974,2031337973,2031251519",0,0,19582444,19484124,1,1,N/A,N/A,21700600,21670612,2035318446,2036447517,2066284922,2061908411,2002558597,2003480671",0,0,2034885921,2035788522,0,1,2063687976,2090342098,N/A,N/A,19959495,20061839,21080108,21051893,2003267390,2000583045",0,0,1897199487,1933010736,0,1,2014006178,2012501451,21678868,21712449,N/A,N/A,19443831,19565129,2000583044,2003267389",0,0,2034756948,2034128135,20245275,20118615,21190587,21120949,0,1,21331154,21451072,N/A,N/A,2031250608,2031337061",0,0,1930794442,1930791641,21415669,21601882,21343826,21286726,0,1,1953810811,1957088180,21051892,21080107,N/A,N/A"
1755311899,N/A,N/A,19484125,19582445,20116683,20242460,2104718770,2089538671,1,1,2030423975,2032560228,19565130,19443832,2025124688,2024162775",0,0,N/A,N/A,21601883,21415669,2012501452,2014006179,1,1,20061840,19959496,2036447518,2035318446,2024162775,2025124687",0,0,20488848,20384506,N/A,N/A,21286727,21343827,20816268,20565748,2061908412,2066284922,2032560228,2030423974,2031337973,2031251519",0,0,19582444,19484124,1,1,N/A,N/A,21700600,21670612,2035318446,2036447517,2066284922,2061908411,2002558597,2003480671",0,0,2034885921,2035788522,0,1,2063687976,2090342098,N/A,N/A,19959495,20061839,21080108,21051893,2003267390,2000583045",0,0,1897199487,1933010736,0,1,2014006178,2012501451,21678868,21712449,N/A,N/A,19443831,19565129,2000583044,2003267389",0,0,2034756948,2034128135,20245275,20118615,21190587,21120949,0,1,21331154,21451072,N/A,N/A,2031250608,2031337061",0,0,1930794442,1930791641,21415669,21601882,21343826,21286726,0,1,1953810811,1957088180,21051892,21080107,N/A,N/A"
1755311901,N/A,N/A,19484125,19582445,20116683,20242460,2104718770,2089538671,1,1,2030423975,2032560228,19565130,19443832,2025124688,2024162775",0,0,N/A,N/A,21601883,21415669,2012501452,2014006179,1,1,20061840,19959496,2036447518,2035318446,2024162775,2025124687",0,0,20488848,20384506,N/A,N/A,21286727,21343827,20816268,20565748,2061908412,2066284922,2032560228,2030423974,2031337973,2031251519",0,0,19582444,19484124,1,1,N/A,N/A,21700600,21670612,2035318446,2036447517,2066284922,2061908411,2002558597,2003480671",0,0,2034885921,2035788522,0,1,2063687976,2090342098,N/A,N/A,19959495,20061839,21080108,21051893,2003267390,2000583045",0,0,1897199487,1933010736,0,1,2014006178,2012501451,21678868,21712449,N/A,N/A,19443831,19565129,2000583044,2003267389",0,0,2034756948,2034128135,20245275,20118615,21190587,21120949,0,1,21331154,21451072,N/A,N/A,2031250608,2031337061",0,0,1930794442,1930791641,21415669,21601882,21343826,21286726,0,1,1953810811,1957088180,21051892,21080107,N/A,N/A"
1755311902,N/A,N/A,19484125,19582445,20116683,20242460,2104718770,2089538671,1,1,2030423975,2032560228,19565130,19443832,2025124688,2024162775",0,0,N/A,N/A,21601883,21415669,2012501452,2014006179,1,1,20061840,19959496,2036447518,2035318446,2024162775,2025124687",0,0,20488848,20384506,N/A,N/A,21286727,21343827,20816268,20565748,2061908412,2066284922,2032560228,2030423974,2031337973,2031251519",0,0,19582444,19484124,1,1,N/A,N/A,21700600,21670612,2035318446,2036447517,2066284922,2061908411,2002558597,2003480671",0,0,2034885921,2035788522,0,1,2063687976,2090342098,N/A,N/A,19959495,20061839,21080108,21051893,2003267390,2000583045",0,0,1897199487,1933010736,0,1,2014006178,2012501451,21678868,21712449,N/A,N/A,19443831,19565129,2000583044,2003267389",0,0,2034756948,2034128135,20245275,20118615,21190587,21120949,0,1,21331154,21451072,N/A,N/A,2031250608,2031337061",0,0,1930794442,1930791641,21415669,21601882,21343826,21286726,0,1,1953810811,1957088180,21051892,21080107,N/A,N/A"
1755311904,N/A,N/A,19484125,19582445,20116683,20242460,2104718770,2089538671,1,1,2030423975,2032560228,19565130,19443832,2025124688,2024162775",0,0,N/A,N/A,21601883,21415669,2012501452,2014006179,1,1,20061840,19959496,2036447518,2035318446,2024162775,2025124687",0,0,20488848,20384506,N/A,N/A,21286727,21343827,20816268,20565748,2061908412,2066284922,2032560228,2030423974,2031337973,2031251519",0,0,19582444,19484124,1,1,N/A,N/A,21700600,21670612,2035318446,2036447517,2066284922,2061908411,2002558597,2003480671",0,0,2034885921,2035788522,0,1,2063687976,2090342098,N/A,N/A,19959495,20061839,21080108,21051893,2003267390,2000583045",0,0,1897199487,1933010736,0,1,2014006178,2012501451,21678868,21712449,N/A,N/A,19443831,19565129,2000583044,2003267389",0,0,2034756948,2034128135,20245275,20118615,21190587,21120949,0,1,21331154,21451072,N/A,N/A,2031250608,2031337061",0,0,1930794442,1930791641,21415669,21601882,21343826,21286726,0,1,1953810811,1957088180,21051892,21080107,N/A,N/A"
1755311906,N/A,N/A,19484125,19582445,20116683,20242460,2104718770,2089538671,1,1,2030423975,2032560228,19565130,19443832,2025124688,2024162775",0,0,N/A,N/A,21601883,21415669,2012501452,2014006179,1,1,20061840,19959496,2036447518,2035318446,2024162775,2025124687",0,0,20488848,20384506,N/A,N/A,21286727,21343827,20816268,20565748,2061908412,2066284922,2032560228,2030423974,2031337973,2031251519",0,0,19582444,19484124,1,1,N/A,N/A,21700600,21670612,2035318446,2036447517,2066284922,2061908411,2002558597,2003480671",0,0,2034885921,2035788522,0,1,2063687976,2090342098,N/A,N/A,19959495,20061839,21080108,21051893,2003267390,2000583045",0,0,1897199487,1933010736,0,1,2014006178,2012501451,21678868,21712449,N/A,N/A,19443831,19565129,2000583044,2003267389",0,0,2034756948,2034128135,20245275,20118615,21190587,21120949,0,1,21331154,21451072,N/A,N/A,2031250608,2031337061",0,0,1930794442,1930791641,21415669,21601882,21343826,21286726,0,1,1953810811,1957088180,21051892,21080107,N/A,N/A"
1755311907,N/A,N/A,19484125,19582445,20116683,20242460,2104718770,2089538671,1,1,2030423975,2032560228,19565130,19443832,2025124688,2024162775",0,0,N/A,N/A,21601883,21415669,2012501452,2014006179,1,1,20061840,19959496,2036447518,2035318446,2024162775,2025124687",0,0,20488848,20384506,N/A,N/A,21286727,21343827,20816268,20565748,2061908412,2066284922,2032560228,2030423974,2031337973,2031251519",0,0,19582444,19484124,1,1,N/A,N/A,21700600,21670612,2035318446,2036447517,2066284922,2061908411,2002558597,2003480671",0,0,2034885921,2035788522,0,1,2063687976,2090342098,N/A,N/A,19959495,20061839,21080108,21051893,2003267390,2000583045",0,0,1897199487,1933010736,0,1,2014006178,2012501451,21678868,21712449,N/A,N/A,19443831,19565129,2000583044,2003267389",0,0,2034756948,2034128135,20245275,20118615,21190587,21120949,0,1,21331154,21451072,N/A,N/A,2031250608,2031337061",0,0,1930794442,1930791641,21415669,21601882,21343826,21286726,0,1,1953810811,1957088180,21051892,21080107,N/A,N/A"
1755311909,N/A,N/A,19484125,19582445,20116683,20242460,2104718770,2089538671,1,1,2030423975,2032560228,19565130,19443832,2025124688,2024162775",0,0,N/A,N/A,21601883,21415669,2012501452,2014006179,1,1,20061840,19959496,2036447518,2035318446,2024162775,2025124687",0,0,20488848,20384506,N/A,N/A,21286727,21343827,20816268,20565748,2061908412,2066284922,2032560228,2030423974,2031337973,2031251519",0,0,19582444,19484124,1,1,N/A,N/A,21700600,21670612,2035318446,2036447517,2066284922,2061908411,2002558597,2003480671",0,0,2034885921,2035788522,0,1,2063687976,2090342098,N/A,N/A,19959495,20061839,21080108,21051893,2003267390,2000583045",0,0,1897199487,1933010736,0,1,2014006178,2012501451,21678868,21712449,N/A,N/A,19443831,19565129,2000583044,2003267389",0,0,2034756948,2034128135,20245275,20118615,21190587,21120949,0,1,21331154,21451072,N/A,N/A,2031250608,2031337061",0,0,1930794442,1930791641,21415669,21601882,21343826,21286726,0,1,1953810811,1957088180,21051892,21080107,N/A,N/A"
1755311910,N/A,N/A,19484125,19582445,20116683,20242460,2104718770,2089538671,1,1,2030423975,2032560228,19565130,19443832,2025124688,2024162775",0,0,N/A,N/A,21601883,21415669,2012501452,2014006179,1,1,20061840,19959496,2036447518,2035318446,2024162775,2025124687",0,0,20488848,20384506,N/A,N/A,21286727,21343827,20816268,20565748,2061908412,2066284922,2032560228,2030423974,2031337973,2031251519",0,0,19582444,19484124,1,1,N/A,N/A,21700600,21670612,2035318446,2036447517,2066284922,2061908411,2002558597,2003480671",0,0,2034885921,2035788522,0,1,2063687976,2090342098,N/A,N/A,19959495,20061839,21080108,21051893,2003267390,2000583045",0,0,1897199487,1933010736,0,1,2014006178,2012501451,21678868,21712449,N/A,N/A,19443831,19565129,2000583044,2003267389",0,0,2034756948,2034128135,20245275,20118615,21190587,21120949,0,1,21331154,21451072,N/A,N/A,2031250608,2031337061",0,0,1930794442,1930791641,21415669,21601882,21343826,21286726,0,1,1953810811,1957088180,21051892,21080107,N/A,N/A"
1755311912,N/A,N/A,19484125,19582445,20116683,20242460,2104718770,2089538671,1,1,2030423975,2032560228,19565130,19443832,2025124688,2024162775",0,0,N/A,N/A,21601883,21415669,2012501452,2014006179,1,1,20061840,19959496,2036447518,2035318446,2024162775,2025124687",0,0,20488848,20384506,N/A,N/A,21286727,21343827,20816268,20565748,2061908412,2066284922,2032560228,2030423974,2031337973,2031251519",0,0,19582444,19484124,1,1,N/A,N/A,21700600,21670612,2035318446,2036447517,2066284922,2061908411,2002558597,2003480671",0,0,2034885921,2035788522,0,1,2063687976,2090342098,N/A,N/A,19959495,20061839,21080108,21051893,2003267390,2000583045",0,0,1897199487,1933010736,0,1,2014006178,2012501451,21678868,21712449,N/A,N/A,19443831,19565129,2000583044,2003267389",0,0,2034756948,2034128135,20245275,20118615,21190587,21120949,0,1,21331154,21451072,N/A,N/A,2031250608,2031337061",0,0,1930794442,1930791641,21415669,21601882,21343826,21286726,0,1,1953810811,1957088180,21051892,21080107,N/A,N/A"
1755311914,N/A,N/A,19484125,19582445,20116683,20242460,2104718770,2089538671,1,1,2030423975,2032560228,19565130,19443832,2025124688,2024162775",0,0,N/A,N/A,21601883,21415669,2012501452,2014006179,1,1,20061840,19959496,2036447518,2035318446,2024162775,2025124687",0,0,20488848,20384506,N/A,N/A,21286727,21343827,20816268,20565748,2061908412,2066284922,2032560228,2030423974,2031337973,2031251519",0,0,19582444,19484124,1,1,N/A,N/A,21700600,21670612,2035318446,2036447517,2066284922,2061908411,2002558597,2003480671",0,0,2034885921,2035788522,0,1,2063687976,2090342098,N/A,N/A,19959495,20061839,21080108,21051893,2003267390,2000583045",0,0,1897199487,1933010736,0,1,2014006178,2012501451,21678868,21712449,N/A,N/A,19443831,19565129,2000583044,2003267389",0,0,2034756948,2034128135,20245275,20118615,21190587,21120949,0,1,21331154,21451072,N/A,N/A,2031250608,2031337061",0,0,1930794442,1930791641,21415669,21601882,21343826,21286726,0,1,1953810811,1957088180,21051892,21080107,N/A,N/A"
1755311915,N/A,N/A,19484125,19582445,20116683,20242460,2104718770,2089538671,1,1,2030423975,2032560228,19565130,19443832,2025124688,2024162775",0,0,N/A,N/A,21601883,21415669,2012501452,2014006179,1,1,20061840,19959496,2036447518,2035318446,2024162775,2025124687",0,0,20488848,20384506,N/A,N/A,21286727,21343827,20816268,20565748,2061908412,2066284922,2032560228,2030423974,2031337973,2031251519",0,0,19582444,19484124,1,1,N/A,N/A,21700600,21670612,2035318446,2036447517,2066284922,2061908411,2002558597,2003480671",0,0,2034885921,2035788522,0,1,2063687976,2090342098,N/A,N/A,19959495,20061839,21080108,21051893,2003267390,2000583045",0,0,1897199487,1933010736,0,1,2014006178,2012501451,21678868,21712449,N/A,N/A,19443831,19565129,2000583044,2003267389",0,0,2034756948,2034128135,20245275,20118615,21190587,21120949,0,1,21331154,21451072,N/A,N/A,2031250608,2031337061",0,0,1930794442,1930791641,21415669,21601882,21343826,21286726,0,1,1953810811,1957088180,21051892,21080107,N/A,N/A"
1755311917,N/A,N/A,19484125,19582445,20116683,20242460,2104718770,2089538671,1,1,2030423975,2032560228,19565130,19443832,2025124688,2024162775",0,0,N/A,N/A,21601883,21415669,2012501452,2014006179,1,1,20061840,19959496,2036447518,2035318446,2024162775,2025124687",0,0,20488848,20384506,N/A,N/A,21286727,21343827,20816268,20565748,2061908412,2066284922,2032560228,2030423974,2031337973,2031251519",0,0,19582444,19484124,1,1,N/A,N/A,21700600,21670612,2035318446,2036447517,2066284922,2061908411,2002558597,2003480671",0,0,2034885921,2035788522,0,1,2063687976,2090342098,N/A,N/A,19959495,20061839,21080108,21051893,2003267390,2000583045",0,0,1897199487,1933010736,0,1,2014006178,2012501451,21678868,21712449,N/A,N/A,19443831,19565129,2000583044,2003267389",0,0,2034756948,2034128135,20245275,20118615,21190587,21120949,0,1,21331154,21451072,N/A,N/A,2031250608,2031337061",0,0,1930794442,1930791641,21415669,21601882,21343826,21286726,0,1,1953810811,1957088180,21051892,21080107,N/A,N/A"
1755311919,N/A,N/A,19484125,19582445,20116683,20242460,2104718770,2089538671,1,1,2030423975,2032560228,19565130,19443832,2025124688,2024162775",0,0,N/A,N/A,21601883,21415669,2012501452,2014006179,1,1,20061840,19959496,2036447518,2035318446,2024162775,2025124687",0,0,20488848,20384506,N/A,N/A,21286727,21343827,20816268,20565748,2061908412,2066284922,2032560228,2030423974,2031337973,2031251519",0,0,19582444,19484124,1,1,N/A,N/A,21700600,21670612,2035318446,2036447517,2066284922,2061908411,2002558597,2003480671",0,0,2034885921,2035788522,0,1,2063687976,2090342098,N/A,N/A,19959495,20061839,21080108,21051893,2003267390,2000583045",0,0,1897199487,1933010736,0,1,2014006178,2012501451,21678868,21712449,N/A,N/A,19443831,19565129,2000583044,2003267389",0,0,2034756948,2034128135,20245275,20118615,21190587,21120949,0,1,21331154,21451072,N/A,N/A,2031250608,2031337061",0,0,1930794442,1930791641,21415669,21601882,21343826,21286726,0,1,1953810811,1957088180,21051892,21080107,N/A,N/A"
1755311920,N/A,N/A,19484125,19582445,20116683,20242460,2104718770,2089538671,1,1,2030423975,2032560228,19565130,19443832,2025124688,2024162775",0,0,N/A,N/A,21601883,21415669,2012501452,2014006179,1,1,20061840,19959496,2036447518,2035318446,2024162775,2025124687",0,0,20488848,20384506,N/A,N/A,21286727,21343827,20816268,20565748,2061908412,2066284922,2032560228,2030423974,2031337973,2031251519",0,0,19582444,19484124,1,1,N/A,N/A,21700600,21670612,2035318446,2036447517,2066284922,2061908411,2002558597,2003480671",0,0,2034885921,2035788522,0,1,2063687976,2090342098,N/A,N/A,19959495,20061839,21080108,21051893,2003267390,2000583045",0,0,1897199487,1933010736,0,1,2014006178,2012501451,21678868,21712449,N/A,N/A,19443831,19565129,2000583044,2003267389",0,0,2034756948,2034128135,20245275,20118615,21190587,21120949,0,1,21331154,21451072,N/A,N/A,2031250608,2031337061",0,0,1930794442,1930791641,21415669,21601882,21343826,21286726,0,1,1953810811,1957088180,21051892,21080107,N/A,N/A"
1755311922,N/A,N/A,19484125,19582445,20116683,20242460,2104718770,2089538671,1,1,2030423975,2032560228,19565130,19443832,2025124688,2024162775",0,0,N/A,N/A,21601883,21415669,2012501452,2014006179,1,1,20061840,19959496,2036447518,2035318446,2024162775,2025124687",0,0,20488848,20384506,N/A,N/A,21286727,21343827,20816268,20565748,2061908412,2066284922,2032560228,2030423974,2031337973,2031251519",0,0,19582444,19484124,1,1,N/A,N/A,21700600,21670612,2035318446,2036447517,2066284922,2061908411,2002558597,2003480671",0,0,2034885921,2035788522,0,1,2063687976,2090342098,N/A,N/A,19959495,20061839,21080108,21051893,2003267390,2000583045",0,0,1897199487,1933010736,0,1,2014006178,2012501451,21678868,21712449,N/A,N/A,19443831,19565129,2000583044,2003267389",0,0,2034756948,2034128135,20245275,20118615,21190587,21120949,0,1,21331154,21451072,N/A,N/A,2031250608,2031337061",0,0,1930794442,1930791641,21415669,21601882,21343826,21286726,0,1,1953810811,1957088180,21051892,21080107,N/A,N/A"
1755311924,N/A,N/A,19484125,19582445,20116683,20242460,2104718770,2089538671,1,1,2030423975,2032560228,19565130,19443832,2025124688,2024162775",0,0,N/A,N/A,21601883,21415669,2012501452,2014006179,1,1,20061840,19959496,2036447518,2035318446,2024162775,2025124687",0,0,20488848,20384506,N/A,N/A,21286727,21343827,20816268,20565748,2061908412,2066284922,2032560228,2030423974,2031337973,2031251519",0,0,19582444,19484124,1,1,N/A,N/A,21700600,21670612,2035318446,2036447517,2066284922,2061908411,2002558597,2003480671",0,0,2034885921,2035788522,0,1,2063687976,2090342098,N/A,N/A,19959495,20061839,21080108,21051893,2003267390,2000583045",0,0,1897199487,1933010736,0,1,2014006178,2012501451,21678868,21712449,N/A,N/A,19443831,19565129,2000583044,2003267389",0,0,2034756948,2034128135,20245275,20118615,21190587,21120949,0,1,21331154,21451072,N/A,N/A,2031250608,2031337061",0,0,1930794442,1930791641,21415669,21601882,21343826,21286726,0,1,1953810811,1957088180,21051892,21080107,N/A,N/A"
1755311925,N/A,N/A,19484125,19582445,20116683,20242460,2104718770,2089538671,1,1,2030423975,2032560228,19565130,19443832,2025124688,2024162775",0,0,N/A,N/A,21601883,21415669,2012501452,2014006179,1,1,20061840,19959496,2036447518,2035318446,2024162775,2025124687",0,0,20488848,20384506,N/A,N/A,21286727,21343827,20816268,20565748,2061908412,2066284922,2032560228,2030423974,2031337973,2031251519",0,0,19582444,19484124,1,1,N/A,N/A,21700600,21670612,2035318446,2036447517,2066284922,2061908411,2002558597,2003480671",0,0,2034885921,2035788522,0,1,2063687976,2090342098,N/A,N/A,19959495,20061839,21080108,21051893,2003267390,2000583045",0,0,1897199487,1933010736,0,1,2014006178,2012501451,21678868,21712449,N/A,N/A,19443831,19565129,2000583044,2003267389",0,0,2034756948,2034128135,20245275,20118615,21190587,21120949,0,1,21331154,21451072,N/A,N/A,2031250608,2031337061",0,0,1930794442,1930791641,21415669,21601882,21343826,21286726,0,1,1953810811,1957088180,21051892,21080107,N/A,N/A"
1755311927,N/A,N/A,19484125,19582445,20116683,20242460,2104718770,2089538671,1,1,2030423975,2032560228,19565130,19443832,2025124688,2024162775",0,0,N/A,N/A,21601883,21415669,2012501452,2014006179,1,1,20061840,19959496,2036447518,2035318446,2024162775,2025124687",0,0,20488848,20384506,N/A,N/A,21286727,21343827,20816268,20565748,2061908412,2066284922,2032560228,2030423974,2031337973,2031251519",0,0,19582444,19484124,1,1,N/A,N/A,21700600,21670612,2035318446,2036447517,2066284922,2061908411,2002558597,2003480671",0,0,2034885921,2035788522,0,1,2063687976,2090342098,N/A,N/A,19959495,20061839,21080108,21051893,2003267390,2000583045",0,0,1897199487,1933010736,0,1,2014006178,2012501451,21678868,21712449,N/A,N/A,19443831,19565129,2000583044,2003267389",0,0,2034756948,2034128135,20245275,20118615,21190587,21120949,0,1,21331154,21451072,N/A,N/A,2031250608,2031337061",0,0,1930794442,1930791641,21415669,21601882,21343826,21286726,0,1,1953810811,1957088180,21051892,21080107,N/A,N/A"
1755311929,N/A,N/A,19484125,19582445,20116683,20242460,2104718770,2089538671,1,1,2030423975,2032560228,19565130,19443832,2025124688,2024162775",0,0,N/A,N/A,21601883,21415669,2012501452,2014006179,1,1,20061840,19959496,2036447518,2035318446,2024162775,2025124687",0,0,20488848,20384506,N/A,N/A,21286727,21343827,20816268,20565748,2061908412,2066284922,2032560228,2030423974,2031337973,2031251519",0,0,19582444,19484124,1,1,N/A,N/A,21700600,21670612,2035318446,2036447517,2066284922,2061908411,2002558597,2003480671",0,0,2034885921,2035788522,0,1,2063687976,2090342098,N/A,N/A,19959495,20061839,21080108,21051893,2003267390,2000583045",0,0,1897199487,1933010736,0,1,2014006178,2012501451,21678868,21712449,N/A,N/A,19443831,19565129,2000583044,2003267389",0,0,2034756948,2034128135,20245275,20118615,21190587,21120949,0,1,21331154,21451072,N/A,N/A,2031250608,2031337061",0,0,1930794442,1930791641,21415669,21601882,21343826,21286726,0,1,1953810811,1957088180,21051892,21080107,N/A,N/A"
1755311930,N/A,N/A,19484125,19582445,20116683,20242460,2104718770,2089538671,1,1,2030423975,2032560228,19565130,19443832,2025124688,2024162775",0,0,N/A,N/A,21601883,21415669,2012501452,2014006179,1,1,20061840,19959496,2036447518,2035318446,2024162775,2025124687",0,0,20488848,20384506,N/A,N/A,21286727,21343827,20816268,20565748,2061908412,2066284922,2032560228,2030423974,2031337973,2031251519",0,0,19582444,19484124,1,1,N/A,N/A,21700600,21670612,2035318446,2036447517,2066284922,2061908411,2002558597,2003480671",0,0,2034885921,2035788522,0,1,2063687976,2090342098,N/A,N/A,19959495,20061839,21080108,21051893,2003267390,2000583045",0,0,1897199487,1933010736,0,1,2014006178,2012501451,21678868,21712449,N/A,N/A,19443831,19565129,2000583044,2003267389",0,0,2034756948,2034128135,20245275,20118615,21190587,21120949,0,1,21331154,21451072,N/A,N/A,2031250608,2031337061",0,0,1930794442,1930791641,21415669,21601882,21343826,21286726,0,1,1953810811,1957088180,21051892,21080107,N/A,N/A"
1755311932,N/A,N/A,19484125,19582445,20116683,20242460,2104718770,2089538671,1,1,2030423975,2032560228,19565130,19443832,2025124688,2024162775",0,0,N/A,N/A,21601883,21415669,2012501452,2014006179,1,1,20061840,19959496,2036447518,2035318446,2024162775,2025124687",0,0,20488848,20384506,N/A,N/A,21286727,21343827,20816268,20565748,2061908412,2066284922,2032560228,2030423974,2031337973,2031251519",0,0,19582444,19484124,1,1,N/A,N/A,21700600,21670612,2035318446,2036447517,2066284922,2061908411,2002558597,2003480671",0,0,2034885921,2035788522,0,1,2063687976,2090342098,N/A,N/A,19959495,20061839,21080108,21051893,2003267390,2000583045",0,0,1897199487,1933010736,0,1,2014006178,2012501451,21678868,21712449,N/A,N/A,19443831,19565129,2000583044,2003267389",0,0,2034756948,2034128135,20245275,20118615,21190587,21120949,0,1,21331154,21451072,N/A,N/A,2031250608,2031337061",0,0,1930794442,1930791641,21415669,21601882,21343826,21286726,0,1,1953810811,1957088180,21051892,21080107,N/A,N/A"
1755311934,N/A,N/A,19484125,19582445,20116683,20242460,2104718770,2089538671,1,1,2030423975,2032560228,19565130,19443832,2025124688,2024162775",0,0,N/A,N/A,21601883,21415669,2012501452,2014006179,1,1,20061840,19959496,2036447518,2035318446,2024162775,2025124687",0,0,20488848,20384506,N/A,N/A,21286727,21343827,20816268,20565748,2061908412,2066284922,2032560228,2030423974,2031337973,2031251519",0,0,19582444,19484124,1,1,N/A,N/A,21700600,21670612,2035318446,2036447517,2066284922,2061908411,2002558597,2003480671",0,0,2034885921,2035788522,0,1,2063687976,2090342098,N/A,N/A,19959495,20061839,21080108,21051893,2003267390,2000583045",0,0,1897199487,1933010736,0,1,2014006178,2012501451,21678868,21712449,N/A,N/A,19443831,19565129,2000583044,2003267389",0,0,2034756948,2034128135,20245275,20118615,21190587,21120949,0,1,21331154,21451072,N/A,N/A,2031250608,2031337061",0,0,1930794442,1930791641,21415669,21601882,21343826,21286726,0,1,1953810811,1957088180,21051892,21080107,N/A,N/A"
1755311935,N/A,N/A,19484125,19582445,20116683,20242460,2104718770,2089538671,1,1,2030423975,2032560228,19565130,19443832,2025124688,2024162775",0,0,N/A,N/A,21601883,21415669,2012501452,2014006179,1,1,20061840,19959496,2036447518,2035318446,2024162775,2025124687",0,0,20488848,20384506,N/A,N/A,21286727,21343827,20816268,20565748,2061908412,2066284922,2032560228,2030423974,2031337973,2031251519",0,0,19582444,19484124,1,1,N/A,N/A,21700600,21670612,2035318446,2036447517,2066284922,2061908411,2002558597,2003480671",0,0,2034885921,2035788522,0,1,2063687976,2090342098,N/A,N/A,19959495,20061839,21080108,21051893,2003267390,2000583045",0,0,1897199487,1933010736,0,1,2014006178,2012501451,21678868,21712449,N/A,N/A,19443831,19565129,2000583044,2003267389",0,0,2034756948,2034128135,20245275,20118615,21190587,21120949,0,1,21331154,21451072,N/A,N/A,2031250608,2031337061",0,0,1930794442,1930791641,21415669,21601882,21343826,21286726,0,1,1953810811,1957088180,21051892,21080107,N/A,N/A"
1755311937,N/A,N/A,19484125,19582445,20116683,20242460,2104718770,2089538671,1,1,2030423975,2032560228,19565130,19443832,2025124688,2024162775",0,0,N/A,N/A,21601883,21415669,2012501452,2014006179,1,1,20061840,19959496,2036447518,2035318446,2024162775,2025124687",0,0,20488848,20384506,N/A,N/A,21286727,21343827,20816268,20565748,2061908412,2066284922,2032560228,2030423974,2031337973,2031251519",0,0,19582444,19484124,1,1,N/A,N/A,21700600,21670612,2035318446,2036447517,2066284922,2061908411,2002558597,2003480671",0,0,2034885921,2035788522,0,1,2063687976,2090342098,N/A,N/A,19959495,20061839,21080108,21051893,2003267390,2000583045",0,0,1897199487,1933010736,0,1,2014006178,2012501451,21678868,21712449,N/A,N/A,19443831,19565129,2000583044,2003267389",0,0,2034756948,2034128135,20245275,20118615,21190587,21120949,0,1,21331154,21451072,N/A,N/A,2031250608,2031337061",0,0,1930794442,1930791641,21415669,21601882,21343826,21286726,0,1,1953810811,1957088180,21051892,21080107,N/A,N/A"
1755311939,N/A,N/A,19484125,19582445,20116683,20242460,2104718770,2089538671,1,1,2030423975,2032560228,19565130,19443832,2025124688,2024162775",0,0,N/A,N/A,21601883,21415669,2012501452,2014006179,1,1,20061840,19959496,2036447518,2035318446,2024162775,2025124687",0,0,20488848,20384506,N/A,N/A,21286727,21343827,20816268,20565748,2061908412,2066284922,2032560228,2030423974,2031337973,2031251519",0,0,19582444,19484124,1,1,N/A,N/A,21700600,21670612,2035318446,2036447517,2066284922,2061908411,2002558597,2003480671",0,0,2034885921,2035788522,0,1,2063687976,2090342098,N/A,N/A,19959495,20061839,21080108,21051893,2003267390,2000583045",0,0,1897199487,1933010736,0,1,2014006178,2012501451,21678868,21712449,N/A,N/A,19443831,19565129,2000583044,2003267389",0,0,2034756948,2034128135,20245275,20118615,21190587,21120949,0,1,21331154,21451072,N/A,N/A,2031250608,2031337061",0,0,1930794442,1930791641,21415669,21601882,21343826,21286726,0,1,1953810811,1957088180,21051892,21080107,N/A,N/A"
1755311940,N/A,N/A,19484125,19582445,20116683,20242460,2104718770,2089538671,1,1,2030423975,2032560228,19565130,19443832,2025124688,2024162775",0,0,N/A,N/A,21601883,21415669,2012501452,2014006179,1,1,20061840,19959496,2036447518,2035318446,2024162775,2025124687",0,0,20488848,20384506,N/A,N/A,21286727,21343827,20816268,20565748,2061908412,2066284922,2032560228,2030423974,2031337973,2031251519",0,0,19582444,19484124,1,1,N/A,N/A,21700600,21670612,2035318446,2036447517,2066284922,2061908411,2002558597,2003480671",0,0,2034885921,2035788522,0,1,2063687976,2090342098,N/A,N/A,19959495,20061839,21080108,21051893,2003267390,2000583045",0,0,1897199487,1933010736,0,1,2014006178,2012501451,21678868,21712449,N/A,N/A,19443831,19565129,2000583044,2003267389",0,0,2034756948,2034128135,20245275,20118615,21190587,21120949,0,1,21331154,21451072,N/A,N/A,2031250608,2031337061",0,0,1930794442,1930791641,21415669,21601882,21343826,21286726,0,1,1953810811,1957088180,21051892,21080107,N/A,N/A"
1755311942,N/A,N/A,19484125,19582445,20116683,20242460,2104718770,2089538671,1,1,2030423975,2032560228,19565130,19443832,2025124688,2024162775",0,0,N/A,N/A,21601883,21415669,2012501452,2014006179,1,1,20061840,19959496,2036447518,2035318446,2024162775,2025124687",0,0,20488848,20384506,N/A,N/A,21286727,21343827,20816268,20565748,2061908412,2066284922,2032560228,2030423974,2031337973,2031251519",0,0,19582444,19484124,1,1,N/A,N/A,21700600,21670612,2035318446,2036447517,2066284922,2061908411,2002558597,2003480671",0,0,2034885921,2035788522,0,1,2063687976,2090342098,N/A,N/A,19959495,20061839,21080108,21051893,2003267390,2000583045",0,0,1897199487,1933010736,0,1,2014006178,2012501451,21678868,21712449,N/A,N/A,19443831,19565129,2000583044,2003267389",0,0,2034756948,2034128135,20245275,20118615,21190587,21120949,0,1,21331154,21451072,N/A,N/A,2031250608,2031337061",0,0,1930794442,1930791641,21415669,21601882,21343826,21286726,0,1,1953810811,1957088180,21051892,21080107,N/A,N/A"
1755311944,N/A,N/A,19484125,19582445,20116683,20242460,2104718770,2089538671,1,1,2030423975,2032560228,19565130,19443832,2025124688,2024162775",0,0,N/A,N/A,21601883,21415669,2012501452,2014006179,1,1,20061840,19959496,2036447518,2035318446,2024162775,2025124687",0,0,20488848,20384506,N/A,N/A,21286727,21343827,20816268,20565748,2061908412,2066284922,2032560228,2030423974,2031337973,2031251519",0,0,19582444,19484124,1,1,N/A,N/A,21700600,21670612,2035318446,2036447517,2066284922,2061908411,2002558597,2003480671",0,0,2034885921,2035788522,0,1,2063687976,2090342098,N/A,N/A,19959495,20061839,21080108,21051893,2003267390,2000583045",0,0,1897199487,1933010736,0,1,2014006178,2012501451,21678868,21712449,N/A,N/A,19443831,19565129,2000583044,2003267389",0,0,2034756948,2034128135,20245275,20118615,21190587,21120949,0,1,21331154,21451072,N/A,N/A,2031250608,2031337061",0,0,1930794442,1930791641,21415669,21601882,21343826,21286726,0,1,1953810811,1957088180,21051892,21080107,N/A,N/A"
1755311945,N/A,N/A,19484125,19582445,20116683,20242460,2104718770,2089538671,1,1,2030423975,2032560228,19565130,19443832,2025124688,2024162775",0,0,N/A,N/A,21601883,21415669,2012501452,2014006179,1,1,20061840,19959496,2036447518,2035318446,2024162775,2025124687",0,0,20488848,20384506,N/A,N/A,21286727,21343827,20816268,20565748,2061908412,2066284922,2032560228,2030423974,2031337973,2031251519",0,0,19582444,19484124,1,1,N/A,N/A,21700600,21670612,2035318446,2036447517,2066284922,2061908411,2002558597,2003480671",0,0,2034885921,2035788522,0,1,2063687976,2090342098,N/A,N/A,19959495,20061839,21080108,21051893,2003267390,2000583045",0,0,1897199487,1933010736,0,1,2014006178,2012501451,21678868,21712449,N/A,N/A,19443831,19565129,2000583044,2003267389",0,0,2034756948,2034128135,20245275,20118615,21190587,21120949,0,1,21331154,21451072,N/A,N/A,2031250608,2031337061",0,0,1930794442,1930791641,21415669,21601882,21343826,21286726,0,1,1953810811,1957088180,21051892,21080107,N/A,N/A"
1755311947,N/A,N/A,19484125,19582445,20116683,20242460,2104718770,2089538671,1,1,2030423975,2032560228,19565130,19443832,2025124688,2024162775",0,0,N/A,N/A,21601883,21415669,2012501452,2014006179,1,1,20061840,19959496,2036447518,2035318446,2024162775,2025124687",0,0,20488848,20384506,N/A,N/A,21286727,21343827,20816268,20565748,2061908412,2066284922,2032560228,2030423974,2031337973,2031251519",0,0,19582444,19484124,1,1,N/A,N/A,21700600,21670612,2035318446,2036447517,2066284922,2061908411,2002558597,2003480671",0,0,2034885921,2035788522,0,1,2063687976,2090342098,N/A,N/A,19959495,20061839,21080108,21051893,2003267390,2000583045",0,0,1897199487,1933010736,0,1,2014006178,2012501451,21678868,21712449,N/A,N/A,19443831,19565129,2000583044,2003267389",0,0,2034756948,2034128135,20245275,20118615,21190587,21120949,0,1,21331154,21451072,N/A,N/A,2031250608,2031337061",0,0,1930794442,1930791641,21415669,21601882,21343826,21286726,0,1,1953810811,1957088180,21051892,21080107,N/A,N/A"
1755311949,N/A,N/A,19484125,19582445,20116683,20242460,2104718770,2089538671,1,1,2030423975,2032560228,19565130,19443832,2025124688,2024162775",0,0,N/A,N/A,21601883,21415669,2012501452,2014006179,1,1,20061840,19959496,2036447518,2035318446,2024162775,2025124687",0,0,20488848,20384506,N/A,N/A,21286727,21343827,20816268,20565748,2061908412,2066284922,2032560228,2030423974,2031337973,2031251519",0,0,19582444,19484124,1,1,N/A,N/A,21700600,21670612,2035318446,2036447517,2066284922,2061908411,2002558597,2003480671",0,0,2034885921,2035788522,0,1,2063687976,2090342098,N/A,N/A,19959495,20061839,21080108,21051893,2003267390,2000583045",0,0,1897199487,1933010736,0,1,2014006178,2012501451,21678868,21712449,N/A,N/A,19443831,19565129,2000583044,2003267389",0,0,2034756948,2034128135,20245275,20118615,21190587,21120949,0,1,21331154,21451072,N/A,N/A,2031250608,2031337061",0,0,1930794442,1930791641,21415669,21601882,21343826,21286726,0,1,1953810811,1957088180,21051892,21080107,N/A,N/A"
1755311950,N/A,N/A,19484125,19582445,20116683,20242460,2104718770,2089538671,1,1,2030423975,2032560228,19565130,19443832,2025124688,2024162775",0,0,N/A,N/A,21601883,21415669,2012501452,2014006179,1,1,20061840,19959496,2036447518,2035318446,2024162775,2025124687",0,0,20488848,20384506,N/A,N/A,21286727,21343827,20816268,20565748,2061908412,2066284922,2032560228,2030423974,2031337973,2031251519",0,0,19582444,19484124,1,1,N/A,N/A,21700600,21670612,2035318446,2036447517,2066284922,2061908411,2002558597,2003480671",0,0,2034885921,2035788522,0,1,2063687976,2090342098,N/A,N/A,19959495,20061839,21080108,21051893,2003267390,2000583045",0,0,1897199487,1933010736,0,1,2014006178,2012501451,21678868,21712449,N/A,N/A,19443831,19565129,2000583044,2003267389",0,0,2034756948,2034128135,20245275,20118615,21190587,21120949,0,1,21331154,21451072,N/A,N/A,2031250608,2031337061",0,0,1930794442,1930791641,21415669,21601882,21343826,21286726,0,1,1953810811,1957088180,21051892,21080107,N/A,N/A"
1755311952,N/A,N/A,19484125,19582445,20116683,20242460,2104718770,2089538671,1,1,2030423975,2032560228,19565130,19443832,2025124688,2024162775",0,0,N/A,N/A,21601883,21415669,2012501452,2014006179,1,1,20061840,19959496,2036447518,2035318446,2024162775,2025124687",0,0,20488848,20384506,N/A,N/A,21286727,21343827,20816268,20565748,2061908412,2066284922,2032560228,2030423974,2031337973,2031251519",0,0,19582444,19484124,1,1,N/A,N/A,21700600,21670612,2035318446,2036447517,2066284922,2061908411,2002558597,2003480671",0,0,2034885921,2035788522,0,1,2063687976,2090342098,N/A,N/A,19959495,20061839,21080108,21051893,2003267390,2000583045",0,0,1897199487,1933010736,0,1,2014006178,2012501451,21678868,21712449,N/A,N/A,19443831,19565129,2000583044,2003267389",0,0,2034756948,2034128135,20245275,20118615,21190587,21120949,0,1,21331154,21451072,N/A,N/A,2031250608,2031337061",0,0,1930794442,1930791641,21415669,21601882,21343826,21286726,0,1,1953810811,1957088180,21051892,21080107,N/A,N/A"
1755311954,N/A,N/A,19484125,19582445,20116683,20242460,2104718770,2089538671,1,1,2030423975,2032560228,19565130,19443832,2025124688,2024162775",0,0,N/A,N/A,21601883,21415669,2012501452,2014006179,1,1,20061840,19959496,2036447518,2035318446,2024162775,2025124687",0,0,20488848,20384506,N/A,N/A,21286727,21343827,20816268,20565748,2061908412,2066284922,2032560228,2030423974,2031337973,2031251519",0,0,19582444,19484124,1,1,N/A,N/A,21700600,21670612,2035318446,2036447517,2066284922,2061908411,2002558597,2003480671",0,0,2034885921,2035788522,0,1,2063687976,2090342098,N/A,N/A,19959495,20061839,21080108,21051893,2003267390,2000583045",0,0,1897199487,1933010736,0,1,2014006178,2012501451,21678868,21712449,N/A,N/A,19443831,19565129,2000583044,2003267389",0,0,2034756948,2034128135,20245275,20118615,21190587,21120949,0,1,21331154,21451072,N/A,N/A,2031250608,2031337061",0,0,1930794442,1930791641,21415669,21601882,21343826,21286726,0,1,1953810811,1957088180,21051892,21080107,N/A,N/A"
1755311955,N/A,N/A,19484125,19582445,20116683,20242460,2104718770,2089538671,1,1,2030423975,2032560228,19565130,19443832,2025124688,2024162775",0,0,N/A,N/A,21601883,21415669,2012501452,2014006179,1,1,20061840,19959496,2036447518,2035318446,2024162775,2025124687",0,0,20488848,20384506,N/A,N/A,21286727,21343827,20816268,20565748,2061908412,2066284922,2032560228,2030423974,2031337973,2031251519",0,0,19582444,19484124,1,1,N/A,N/A,21700600,21670612,2035318446,2036447517,2066284922,2061908411,2002558597,2003480671",0,0,2034885921,2035788522,0,1,2063687976,2090342098,N/A,N/A,19959495,20061839,21080108,21051893,2003267390,2000583045",0,0,1897199487,1933010736,0,1,2014006178,2012501451,21678868,21712449,N/A,N/A,19443831,19565129,2000583044,2003267389",0,0,2034756948,2034128135,20245275,20118615,21190587,21120949,0,1,21331154,21451072,N/A,N/A,2031250608,2031337061",0,0,1930794442,1930791641,21415669,21601882,21343826,21286726,0,1,1953810811,1957088180,21051892,21080107,N/A,N/A"
1755311957,N/A,N/A,19484125,19582445,20116683,20242460,2104718770,2089538671,1,1,2030423975,2032560228,19565130,19443832,2025124688,2024162775",0,0,N/A,N/A,21601883,21415669,2012501452,2014006179,1,1,20061840,19959496,2036447518,2035318446,2024162775,2025124687",0,0,20488848,20384506,N/A,N/A,21286727,21343827,20816268,20565748,2061908412,2066284922,2032560228,2030423974,2031337973,2031251519",0,0,19582444,19484124,1,1,N/A,N/A,21700600,21670612,2035318446,2036447517,2066284922,2061908411,2002558597,2003480671",0,0,2034885921,2035788522,0,1,2063687976,2090342098,N/A,N/A,19959495,20061839,21080108,21051893,2003267390,2000583045",0,0,1897199487,1933010736,0,1,2014006178,2012501451,21678868,21712449,N/A,N/A,19443831,19565129,2000583044,2003267389",0,0,2034756948,2034128135,20245275,20118615,21190587,21120949,0,1,21331154,21451072,N/A,N/A,2031250608,2031337061",0,0,1930794442,1930791641,21415669,21601882,21343826,21286726,0,1,1953810811,1957088180,21051892,21080107,N/A,N/A"
1755311959,N/A,N/A,19484125,19582445,20116683,20242460,2104718770,2089538671,1,1,2030423975,2032560228,19565130,19443832,2025124688,2024162775",0,0,N/A,N/A,21601883,21415669,2012501452,2014006179,1,1,20061840,19959496,2036447518,2035318446,2024162775,2025124687",0,0,20488848,20384506,N/A,N/A,21286727,21343827,20816268,20565748,2061908412,2066284922,2032560228,2030423974,2031337973,2031251519",0,0,19582444,19484124,1,1,N/A,N/A,21700600,21670612,2035318446,2036447517,2066284922,2061908411,2002558597,2003480671",0,0,2034885921,2035788522,0,1,2063687976,2090342098,N/A,N/A,19959495,20061839,21080108,21051893,2003267390,2000583045",0,0,1897199487,1933010736,0,1,2014006178,2012501451,21678868,21712449,N/A,N/A,19443831,19565129,2000583044,2003267389",0,0,2034756948,2034128135,20245275,20118615,21190587,21120949,0,1,21331154,21451072,N/A,N/A,2031250608,2031337061",0,0,1930794442,1930791641,21415669,21601882,21343826,21286726,0,1,1953810811,1957088180,21051892,21080107,N/A,N/A"
1755311960,N/A,N/A,19484125,19582445,20116683,20242460,2104718770,2089538671,1,1,2030423975,2032560228,19565130,19443832,2025124688,2024162775",0,0,N/A,N/A,21601883,21415669,2012501452,2014006179,1,1,20061840,19959496,2036447518,2035318446,2024162775,2025124687",0,0,20488848,20384506,N/A,N/A,21286727,21343827,20816268,20565748,2061908412,2066284922,2032560228,2030423974,2031337973,2031251519",0,0,19582444,19484124,1,1,N/A,N/A,21700600,21670612,2035318446,2036447517,2066284922,2061908411,2002558597,2003480671",0,0,2034885921,2035788522,0,1,2063687976,2090342098,N/A,N/A,19959495,20061839,21080108,21051893,2003267390,2000583045",0,0,1897199487,1933010736,0,1,2014006178,2012501451,21678868,21712449,N/A,N/A,19443831,19565129,2000583044,2003267389",0,0,2034756948,2034128135,20245275,20118615,21190587,21120949,0,1,21331154,21451072,N/A,N/A,2031250608,2031337061",0,0,1930794442,1930791641,21415669,21601882,21343826,21286726,0,1,1953810811,1957088180,21051892,21080107,N/A,N/A"
1755311962,N/A,N/A,19484125,19582445,20116683,20242460,2104718770,2089538671,1,1,2030423975,2032560228,19565130,19443832,2025124688,2024162775",0,0,N/A,N/A,21601883,21415669,2012501452,2014006179,1,1,20061840,19959496,2036447518,2035318446,2024162775,2025124687",0,0,20488848,20384506,N/A,N/A,21286727,21343827,20816268,20565748,2061908412,2066284922,2032560228,2030423974,2031337973,2031251519",0,0,19582444,19484124,1,1,N/A,N/A,21700600,21670612,2035318446,2036447517,2066284922,2061908411,2002558597,2003480671",0,0,2034885921,2035788522,0,1,2063687976,2090342098,N/A,N/A,19959495,20061839,21080108,21051893,2003267390,2000583045",0,0,1897199487,1933010736,0,1,2014006178,2012501451,21678868,21712449,N/A,N/A,19443831,19565129,2000583044,2003267389",0,0,2034756948,2034128135,20245275,20118615,21190587,21120949,0,1,21331154,21451072,N/A,N/A,2031250608,2031337061",0,0,1930794442,1930791641,21415669,21601882,21343826,21286726,0,1,1953810811,1957088180,21051892,21080107,N/A,N/A"
1755311964,N/A,N/A,19484125,19582445,20116683,20242460,2104718770,2089538671,1,1,2030423975,2032560228,19565130,19443832,2025124688,2024162775",0,0,N/A,N/A,21601883,21415669,2012501452,2014006179,1,1,20061840,19959496,2036447518,2035318446,2024162775,2025124687",0,0,20488848,20384506,N/A,N/A,21286727,21343827,20816268,20565748,2061908412,2066284922,2032560228,2030423974,2031337973,2031251519",0,0,19582444,19484124,1,1,N/A,N/A,21700600,21670612,2035318446,2036447517,2066284922,2061908411,2002558597,2003480671",0,0,2034885921,2035788522,0,1,2063687976,2090342098,N/A,N/A,19959495,20061839,21080108,21051893,2003267390,2000583045",0,0,1897199487,1933010736,0,1,2014006178,2012501451,21678868,21712449,N/A,N/A,19443831,19565129,2000583044,2003267389",0,0,2034756948,2034128135,20245275,20118615,21190587,21120949,0,1,21331154,21451072,N/A,N/A,2031250608,2031337061",0,0,1930794442,1930791641,21415669,21601882,21343826,21286726,0,1,1953810811,1957088180,21051892,21080107,N/A,N/A"
1755311965,N/A,N/A,19484125,19582445,20116683,20242460,2104718770,2089538671,1,1,2030423975,2032560228,19565130,19443832,2025124688,2024162775",0,0,N/A,N/A,21601883,21415669,2012501452,2014006179,1,1,20061840,19959496,2036447518,2035318446,2024162775,2025124687",0,0,20488848,20384506,N/A,N/A,21286727,21343827,20816268,20565748,2061908412,2066284922,2032560228,2030423974,2031337973,2031251519",0,0,19582444,19484124,1,1,N/A,N/A,21700600,21670612,2035318446,2036447517,2066284922,2061908411,2002558597,2003480671",0,0,2034885921,2035788522,0,1,2063687976,2090342098,N/A,N/A,19959495,20061839,21080108,21051893,2003267390,2000583045",0,0,1897199487,1933010736,0,1,2014006178,2012501451,21678868,21712449,N/A,N/A,19443831,19565129,2000583044,2003267389",0,0,2034756948,2034128135,20245275,20118615,21190587,21120949,0,1,21331154,21451072,N/A,N/A,2031250608,2031337061",0,0,1930794442,1930791641,21415669,21601882,21343826,21286726,0,1,1953810811,1957088180,21051892,21080107,N/A,N/A"
1755311967,N/A,N/A,19484125,19582445,20116683,20242460,2104718770,2089538671,1,1,2030423975,2032560228,19565130,19443832,2025124688,2024162775",0,0,N/A,N/A,21601883,21415669,2012501452,2014006179,1,1,20061840,19959496,2036447518,2035318446,2024162775,2025124687",0,0,20488848,20384506,N/A,N/A,21286727,21343827,20816268,20565748,2061908412,2066284922,2032560228,2030423974,2031337973,2031251519",0,0,19582444,19484124,1,1,N/A,N/A,21700600,21670612,2035318446,2036447517,2066284922,2061908411,2002558597,2003480671",0,0,2034885921,2035788522,0,1,2063687976,2090342098,N/A,N/A,19959495,20061839,21080108,21051893,2003267390,2000583045",0,0,1897199487,1933010736,0,1,2014006178,2012501451,21678868,21712449,N/A,N/A,19443831,19565129,2000583044,2003267389",0,0,2034756948,2034128135,20245275,20118615,21190587,21120949,0,1,21331154,21451072,N/A,N/A,2031250608,2031337061",0,0,1930794442,1930791641,21415669,21601882,21343826,21286726,0,1,1953810811,1957088180,21051892,21080107,N/A,N/A"
1755311969,N/A,N/A,19484125,19582445,20116683,20242460,2104718770,2089538671,1,1,2030423975,2032560228,19565130,19443832,2025124688,2024162775",0,0,N/A,N/A,21601883,21415669,2012501452,2014006179,1,1,20061840,19959496,2036447518,2035318446,2024162775,2025124687",0,0,20488848,20384506,N/A,N/A,21286727,21343827,20816268,20565748,2061908412,2066284922,2032560228,2030423974,2031337973,2031251519",0,0,19582444,19484124,1,1,N/A,N/A,21700600,21670612,2035318446,2036447517,2066284922,2061908411,2002558597,2003480671",0,0,2034885921,2035788522,0,1,2063687976,2090342098,N/A,N/A,19959495,20061839,21080108,21051893,2003267390,2000583045",0,0,1897199487,1933010736,0,1,2014006178,2012501451,21678868,21712449,N/A,N/A,19443831,19565129,2000583044,2003267389",0,0,2034756948,2034128135,20245275,20118615,21190587,21120949,0,1,21331154,21451072,N/A,N/A,2031250608,2031337061",0,0,1930794442,1930791641,21415669,21601882,21343826,21286726,0,1,1953810811,1957088180,21051892,21080107,N/A,N/A"
1755311970,N/A,N/A,19484125,19582445,20116683,20242460,2104718770,2089538671,1,1,2030423975,2032560228,19565130,19443832,2025124688,2024162775",0,0,N/A,N/A,21601883,21415669,2012501452,2014006179,1,1,20061840,19959496,2036447518,2035318446,2024162775,2025124687",0,0,20488848,20384506,N/A,N/A,21286727,21343827,20816268,20565748,2061908412,2066284922,2032560228,2030423974,2031337973,2031251519",0,0,19582444,19484124,1,1,N/A,N/A,21700600,21670612,2035318446,2036447517,2066284922,2061908411,2002558597,2003480671",0,0,2034885921,2035788522,0,1,2063687976,2090342098,N/A,N/A,19959495,20061839,21080108,21051893,2003267390,2000583045",0,0,1897199487,1933010736,0,1,2014006178,2012501451,21678868,21712449,N/A,N/A,19443831,19565129,2000583044,2003267389",0,0,2034756948,2034128135,20245275,20118615,21190587,21120949,0,1,21331154,21451072,N/A,N/A,2031250608,2031337061",0,0,1930794442,1930791641,21415669,21601882,21343826,21286726,0,1,1953810811,1957088180,21051892,21080107,N/A,N/A"
1755311972,N/A,N/A,19484125,19582445,20116683,20242460,2104718770,2089538671,1,1,2030423975,2032560228,19565130,19443832,2025124688,2024162775",0,0,N/A,N/A,21601883,21415669,2012501452,2014006179,1,1,20061840,19959496,2036447518,2035318446,2024162775,2025124687",0,0,20488848,20384506,N/A,N/A,21286727,21343827,20816268,20565748,2061908412,2066284922,2032560228,2030423974,2031337973,2031251519",0,0,19582444,19484124,1,1,N/A,N/A,21700600,21670612,2035318446,2036447517,2066284922,2061908411,2002558597,2003480671",0,0,2034885921,2035788522,0,1,2063687976,2090342098,N/A,N/A,19959495,20061839,21080108,21051893,2003267390,2000583045",0,0,1897199487,1933010736,0,1,2014006178,2012501451,21678868,21712449,N/A,N/A,19443831,19565129,2000583044,2003267389",0,0,2034756948,2034128135,20245275,20118615,21190587,21120949,0,1,21331154,21451072,N/A,N/A,2031250608,2031337061",0,0,1930794442,1930791641,21415669,21601882,21343826,21286726,0,1,1953810811,1957088180,21051892,21080107,N/A,N/A"
1755311974,N/A,N/A,19484125,19582445,20116683,20242460,2104718770,2089538671,1,1,2030423975,2032560228,19565130,19443832,2025124688,2024162775",0,0,N/A,N/A,21601883,21415669,2012501452,2014006179,1,1,20061840,19959496,2036447518,2035318446,2024162775,2025124687",0,0,20488848,20384506,N/A,N/A,21286727,21343827,20816268,20565748,2061908412,2066284922,2032560228,2030423974,2031337973,2031251519",0,0,19582444,19484124,1,1,N/A,N/A,21700600,21670612,2035318446,2036447517,2066284922,2061908411,2002558597,2003480671",0,0,2034885921,2035788522,0,1,2063687976,2090342098,N/A,N/A,19959495,20061839,21080108,21051893,2003267390,2000583045",0,0,1897199487,1933010736,0,1,2014006178,2012501451,21678868,21712449,N/A,N/A,19443831,19565129,2000583044,2003267389",0,0,2034756948,2034128135,20245275,20118615,21190587,21120949,0,1,21331154,21451072,N/A,N/A,2031250608,2031337061",0,0,1930794442,1930791641,21415669,21601882,21343826,21286726,0,1,1953810811,1957088180,21051892,21080107,N/A,N/A"
1755311975,N/A,N/A,19484125,19582445,20116683,20242460,2104718770,2089538671,1,1,2030423975,2032560228,19565130,19443832,2025124688,2024162775",0,0,N/A,N/A,21601883,21415669,2012501452,2014006179,1,1,20061840,19959496,2036447518,2035318446,2024162775,2025124687",0,0,20488848,20384506,N/A,N/A,21286727,21343827,20816268,20565748,2061908412,2066284922,2032560228,2030423974,2031337973,2031251519",0,0,19582444,19484124,1,1,N/A,N/A,21700600,21670612,2035318446,2036447517,2066284922,2061908411,2002558597,2003480671",0,0,2034885921,2035788522,0,1,2063687976,2090342098,N/A,N/A,19959495,20061839,21080108,21051893,2003267390,2000583045",0,0,1897199487,1933010736,0,1,2014006178,2012501451,21678868,21712449,N/A,N/A,19443831,19565129,2000583044,2003267389",0,0,2034756948,2034128135,20245275,20118615,21190587,21120949,0,1,21331154,21451072,N/A,N/A,2031250608,2031337061",0,0,1930794442,1930791641,21415669,21601882,21343826,21286726,0,1,1953810811,1957088180,21051892,21080107,N/A,N/A"
1755311977,N/A,N/A,19484125,19582445,20116683,20242460,2104718770,2089538671,1,1,2030423975,2032560228,19565130,19443832,2025124688,2024162775",0,0,N/A,N/A,21601883,21415669,2012501452,2014006179,1,1,20061840,19959496,2036447518,2035318446,2024162775,2025124687",0,0,20488848,20384506,N/A,N/A,21286727,21343827,20816268,20565748,2061908412,2066284922,2032560228,2030423974,2031337973,2031251519",0,0,19582444,19484124,1,1,N/A,N/A,21700600,21670612,2035318446,2036447517,2066284922,2061908411,2002558597,2003480671",0,0,2034885921,2035788522,0,1,2063687976,2090342098,N/A,N/A,19959495,20061839,21080108,21051893,2003267390,2000583045",0,0,1897199487,1933010736,0,1,2014006178,2012501451,21678868,21712449,N/A,N/A,19443831,19565129,2000583044,2003267389",0,0,2034756948,2034128135,20245275,20118615,21190587,21120949,0,1,21331154,21451072,N/A,N/A,2031250608,2031337061",0,0,1930794442,1930791641,21415669,21601882,21343826,21286726,0,1,1953810811,1957088180,21051892,21080107,N/A,N/A"
1755311979,N/A,N/A,19484125,19582445,20116683,20242460,2104718770,2089538671,1,1,2030423975,2032560228,19565130,19443832,2025124688,2024162775",0,0,N/A,N/A,21601883,21415669,2012501452,2014006179,1,1,20061840,19959496,2036447518,2035318446,2024162775,2025124687",0,0,20488848,20384506,N/A,N/A,21286727,21343827,20816268,20565748,2061908412,2066284922,2032560228,2030423974,2031337973,2031251519",0,0,19582444,19484124,1,1,N/A,N/A,21700600,21670612,2035318446,2036447517,2066284922,2061908411,2002558597,2003480671",0,0,2034885921,2035788522,0,1,2063687976,2090342098,N/A,N/A,19959495,20061839,21080108,21051893,2003267390,2000583045",0,0,1897199487,1933010736,0,1,2014006178,2012501451,21678868,21712449,N/A,N/A,19443831,19565129,2000583044,2003267389",0,0,2034756948,2034128135,20245275,20118615,21190587,21120949,0,1,21331154,21451072,N/A,N/A,2031250608,2031337061",0,0,1930794442,1930791641,21415669,21601882,21343826,21286726,0,1,1953810811,1957088180,21051892,21080107,N/A,N/A"
1755311980,N/A,N/A,19484125,19582445,20116683,20242460,2104718770,2089538671,1,1,2030423975,2032560228,19565130,19443832,2025124688,2024162775",0,0,N/A,N/A,21601883,21415669,2012501452,2014006179,1,1,20061840,19959496,2036447518,2035318446,2024162775,2025124687",0,0,20488848,20384506,N/A,N/A,21286727,21343827,20816268,20565748,2061908412,2066284922,2032560228,2030423974,2031337973,2031251519",0,0,19582444,19484124,1,1,N/A,N/A,21700600,21670612,2035318446,2036447517,2066284922,2061908411,2002558597,2003480671",0,0,2034885921,2035788522,0,1,2063687976,2090342098,N/A,N/A,19959495,20061839,21080108,21051893,2003267390,2000583045",0,0,1897199487,1933010736,0,1,2014006178,2012501451,21678868,21712449,N/A,N/A,19443831,19565129,2000583044,2003267389",0,0,2034756948,2034128135,20245275,20118615,21190587,21120949,0,1,21331154,21451072,N/A,N/A,2031250608,2031337061",0,0,1930794442,1930791641,21415669,21601882,21343826,21286726,0,1,1953810811,1957088180,21051892,21080107,N/A,N/A"
1755311982,N/A,N/A,19484125,19582445,20116683,20242460,2104718770,2089538671,1,1,2030423975,2032560228,19565130,19443832,2025124688,2024162775",0,0,N/A,N/A,21601883,21415669,2012501452,2014006179,1,1,20061840,19959496,2036447518,2035318446,2024162775,2025124687",0,0,20488848,20384506,N/A,N/A,21286727,21343827,20816268,20565748,2061908412,2066284922,2032560228,2030423974,2031337973,2031251519",0,0,19582444,19484124,1,1,N/A,N/A,21700600,21670612,2035318446,2036447517,2066284922,2061908411,2002558597,2003480671",0,0,2034885921,2035788522,0,1,2063687976,2090342098,N/A,N/A,19959495,20061839,21080108,21051893,2003267390,2000583045",0,0,1897199487,1933010736,0,1,2014006178,2012501451,21678868,21712449,N/A,N/A,19443831,19565129,2000583044,2003267389",0,0,2034756948,2034128135,20245275,20118615,21190587,21120949,0,1,21331154,21451072,N/A,N/A,2031250608,2031337061",0,0,1930794442,1930791641,21415669,21601882,21343826,21286726,0,1,1953810811,1957088180,21051892,21080107,N/A,N/A"
1755311983,N/A,N/A,19484125,19582445,20116683,20242460,2104718770,2089538671,1,1,2030423975,2032560228,19565130,19443832,2025124688,2024162775",0,0,N/A,N/A,21601883,21415669,2012501452,2014006179,1,1,20061840,19959496,2036447518,2035318446,2024162775,2025124687",0,0,20488848,20384506,N/A,N/A,21286727,21343827,20816268,20565748,2061908412,2066284922,2032560228,2030423974,2031337973,2031251519",0,0,19582444,19484124,1,1,N/A,N/A,21700600,21670612,2035318446,2036447517,2066284922,2061908411,2002558597,2003480671",0,0,2034885921,2035788522,0,1,2063687976,2090342098,N/A,N/A,19959495,20061839,21080108,21051893,2003267390,2000583045",0,0,1897199487,1933010736,0,1,2014006178,2012501451,21678868,21712449,N/A,N/A,19443831,19565129,2000583044,2003267389",0,0,2034756948,2034128135,20245275,20118615,21190587,21120949,0,1,21331154,21451072,N/A,N/A,2031250608,2031337061",0,0,1930794442,1930791641,21415669,21601882,21343826,21286726,0,1,1953810811,1957088180,21051892,21080107,N/A,N/A"
1755311985,N/A,N/A,19484125,19582445,20116683,20242460,2104718770,2089538671,1,1,2030423975,2032560228,19565130,19443832,2025124688,2024162775",0,0,N/A,N/A,21601883,21415669,2012501452,2014006179,1,1,20061840,19959496,2036447518,2035318446,2024162775,2025124687",0,0,20488848,20384506,N/A,N/A,21286727,21343827,20816268,20565748,2061908412,2066284922,2032560228,2030423974,2031337973,2031251519",0,0,19582444,19484124,1,1,N/A,N/A,21700600,21670612,2035318446,2036447517,2066284922,2061908411,2002558597,2003480671",0,0,2034885921,2035788522,0,1,2063687976,2090342098,N/A,N/A,19959495,20061839,21080108,21051893,2003267390,2000583045",0,0,1897199487,1933010736,0,1,2014006178,2012501451,21678868,21712449,N/A,N/A,19443831,19565129,2000583044,2003267389",0,0,2034756948,2034128135,20245275,20118615,21190587,21120949,0,1,21331154,21451072,N/A,N/A,2031250608,2031337061",0,0,1930794442,1930791641,21415669,21601882,21343826,21286726,0,1,1953810811,1957088180,21051892,21080107,N/A,N/A"
1755311987,N/A,N/A,19484125,19582445,20116683,20242460,2104718770,2089538671,1,1,2030423975,2032560228,19565130,19443832,2025124688,2024162775",0,0,N/A,N/A,21601883,21415669,2012501452,2014006179,1,1,20061840,19959496,2036447518,2035318446,2024162775,2025124687",0,0,20488848,20384506,N/A,N/A,21286727,21343827,20816268,20565748,2061908412,2066284922,2032560228,2030423974,2031337973,2031251519",0,0,19582444,19484124,1,1,N/A,N/A,21700600,21670612,2035318446,2036447517,2066284922,2061908411,2002558597,2003480671",0,0,2034885921,2035788522,0,1,2063687976,2090342098,N/A,N/A,19959495,20061839,21080108,21051893,2003267390,2000583045",0,0,1897199487,1933010736,0,1,2014006178,2012501451,21678868,21712449,N/A,N/A,19443831,19565129,2000583044,2003267389",0,0,2034756948,2034128135,20245275,20118615,21190587,21120949,0,1,21331154,21451072,N/A,N/A,2031250608,2031337061",0,0,1930794442,1930791641,21415669,21601882,21343826,21286726,0,1,1953810811,1957088180,21051892,21080107,N/A,N/A"
1755311988,N/A,N/A,19484125,19582445,20116683,20242460,2104718770,2089538671,1,1,2030423975,2032560228,19565130,19443832,2025124688,2024162775",0,0,N/A,N/A,21601883,21415669,2012501452,2014006179,1,1,20061840,19959496,2036447518,2035318446,2024162775,2025124687",0,0,20488848,20384506,N/A,N/A,21286727,21343827,20816268,20565748,2061908412,2066284922,2032560228,2030423974,2031337973,2031251519",0,0,19582444,19484124,1,1,N/A,N/A,21700600,21670612,2035318446,2036447517,2066284922,2061908411,2002558597,2003480671",0,0,2034885921,2035788522,0,1,2063687976,2090342098,N/A,N/A,19959495,20061839,21080108,21051893,2003267390,2000583045",0,0,1897199487,1933010736,0,1,2014006178,2012501451,21678868,21712449,N/A,N/A,19443831,19565129,2000583044,2003267389",0,0,2034756948,2034128135,20245275,20118615,21190587,21120949,0,1,21331154,21451072,N/A,N/A,2031250608,2031337061",0,0,1930794442,1930791641,21415669,21601882,21343826,21286726,0,1,1953810811,1957088180,21051892,21080107,N/A,N/A"
1755311990,N/A,N/A,19484125,19582445,20116683,20242460,2104718770,2089538671,1,1,2030423975,2032560228,19565130,19443832,2025124688,2024162775",0,0,N/A,N/A,21601883,21415669,2012501452,2014006179,1,1,20061840,19959496,2036447518,2035318446,2024162775,2025124687",0,0,20488848,20384506,N/A,N/A,21286727,21343827,20816268,20565748,2061908412,2066284922,2032560228,2030423974,2031337973,2031251519",0,0,19582444,19484124,1,1,N/A,N/A,21700600,21670612,2035318446,2036447517,2066284922,2061908411,2002558597,2003480671",0,0,2034885921,2035788522,0,1,2063687976,2090342098,N/A,N/A,19959495,20061839,21080108,21051893,2003267390,2000583045",0,0,1897199487,1933010736,0,1,2014006178,2012501451,21678868,21712449,N/A,N/A,19443831,19565129,2000583044,2003267389",0,0,2034756948,2034128135,20245275,20118615,21190587,21120949,0,1,21331154,21451072,N/A,N/A,2031250608,2031337061",0,0,1930794442,1930791641,21415669,21601882,21343826,21286726,0,1,1953810811,1957088180,21051892,21080107,N/A,N/A"
1755311992,N/A,N/A,19484125,19582445,20116683,20242460,2104718770,2089538671,1,1,2030423975,2032560228,19565130,19443832,2025124688,2024162775",0,0,N/A,N/A,21601883,21415669,2012501452,2014006179,1,1,20061840,19959496,2036447518,2035318446,2024162775,2025124687",0,0,20488848,20384506,N/A,N/A,21286727,21343827,20816268,20565748,2061908412,2066284922,2032560228,2030423974,2031337973,2031251519",0,0,19582444,19484124,1,1,N/A,N/A,21700600,21670612,2035318446,2036447517,2066284922,2061908411,2002558597,2003480671",0,0,2034885921,2035788522,0,1,2063687976,2090342098,N/A,N/A,19959495,20061839,21080108,21051893,2003267390,2000583045",0,0,1897199487,1933010736,0,1,2014006178,2012501451,21678868,21712449,N/A,N/A,19443831,19565129,2000583044,2003267389",0,0,2034756948,2034128135,20245275,20118615,21190587,21120949,0,1,21331154,21451072,N/A,N/A,2031250608,2031337061",0,0,1930794442,1930791641,21415669,21601882,21343826,21286726,0,1,1953810811,1957088180,21051892,21080107,N/A,N/A"
1755311993,N/A,N/A,19484125,19582445,20116683,20242460,2104718770,2089538671,1,1,2030423975,2032560228,19565130,19443832,2025124688,2024162775",0,0,N/A,N/A,21601883,21415669,2012501452,2014006179,1,1,20061840,19959496,2036447518,2035318446,2024162775,2025124687",0,0,20488848,20384506,N/A,N/A,21286727,21343827,20816268,20565748,2061908412,2066284922,2032560228,2030423974,2031337973,2031251519",0,0,19582444,19484124,1,1,N/A,N/A,21700600,21670612,2035318446,2036447517,2066284922,2061908411,2002558597,2003480671",0,0,2034885921,2035788522,0,1,2063687976,2090342098,N/A,N/A,19959495,20061839,21080108,21051893,2003267390,2000583045",0,0,1897199487,1933010736,0,1,2014006178,2012501451,21678868,21712449,N/A,N/A,19443831,19565129,2000583044,2003267389",0,0,2034756948,2034128135,20245275,20118615,21190587,21120949,0,1,21331154,21451072,N/A,N/A,2031250608,2031337061",0,0,1930794442,1930791641,21415669,21601882,21343826,21286726,0,1,1953810811,1957088180,21051892,21080107,N/A,N/A"
1755311995,N/A,N/A,19484125,19582445,20116683,20242460,2104718770,2089538671,1,1,2030423975,2032560228,19565130,19443832,2025124688,2024162775",0,0,N/A,N/A,21601883,21415669,2012501452,2014006179,1,1,20061840,19959496,2036447518,2035318446,2024162775,2025124687",0,0,20488848,20384506,N/A,N/A,21286727,21343827,20816268,20565748,2061908412,2066284922,2032560228,2030423974,2031337973,2031251519",0,0,19582444,19484124,1,1,N/A,N/A,21700600,21670612,2035318446,2036447517,2066284922,2061908411,2002558597,2003480671",0,0,2034885921,2035788522,0,1,2063687976,2090342098,N/A,N/A,19959495,20061839,21080108,21051893,2003267390,2000583045",0,0,1897199487,1933010736,0,1,2014006178,2012501451,21678868,21712449,N/A,N/A,19443831,19565129,2000583044,2003267389",0,0,2034756948,2034128135,20245275,20118615,21190587,21120949,0,1,21331154,21451072,N/A,N/A,2031250608,2031337061",0,0,1930794442,1930791641,21415669,21601882,21343826,21286726,0,1,1953810811,1957088180,21051892,21080107,N/A,N/A"
1755311997,N/A,N/A,19484125,19582445,20116683,20242460,2104718770,2089538671,1,1,2030423975,2032560228,19565130,19443832,2025124688,2024162775",0,0,N/A,N/A,21601883,21415669,2012501452,2014006179,1,1,20061840,19959496,2036447518,2035318446,2024162775,2025124687",0,0,20488848,20384506,N/A,N/A,21286727,21343827,20816268,20565748,2061908412,2066284922,2032560228,2030423974,2031337973,2031251519",0,0,19582444,19484124,1,1,N/A,N/A,21700600,21670612,2035318446,2036447517,2066284922,2061908411,2002558597,2003480671",0,0,2034885921,2035788522,0,1,2063687976,2090342098,N/A,N/A,19959495,20061839,21080108,21051893,2003267390,2000583045",0,0,1897199487,1933010736,0,1,2014006178,2012501451,21678868,21712449,N/A,N/A,19443831,19565129,2000583044,2003267389",0,0,2034756948,2034128135,20245275,20118615,21190587,21120949,0,1,21331154,21451072,N/A,N/A,2031250608,2031337061",0,0,1930794442,1930791641,21415669,21601882,21343826,21286726,0,1,1953810811,1957088180,21051892,21080107,N/A,N/A"
1755311998,N/A,N/A,19484125,19582445,20116683,20242460,2104718770,2089538671,1,1,2030423975,2032560228,19565130,19443832,2025124688,2024162775",0,0,N/A,N/A,21601883,21415669,2012501452,2014006179,1,1,20061840,19959496,2036447518,2035318446,2024162775,2025124687",0,0,20488848,20384506,N/A,N/A,21286727,21343827,20816268,20565748,2061908412,2066284922,2032560228,2030423974,2031337973,2031251519",0,0,19582444,19484124,1,1,N/A,N/A,21700600,21670612,2035318446,2036447517,2066284922,2061908411,2002558597,2003480671",0,0,2034885921,2035788522,0,1,2063687976,2090342098,N/A,N/A,19959495,20061839,21080108,21051893,2003267390,2000583045",0,0,1897199487,1933010736,0,1,2014006178,2012501451,21678868,21712449,N/A,N/A,19443831,19565129,2000583044,2003267389",0,0,2034756948,2034128135,20245275,20118615,21190587,21120949,0,1,21331154,21451072,N/A,N/A,2031250608,2031337061",0,0,1930794442,1930791641,21415669,21601882,21343826,21286726,0,1,1953810811,1957088180,21051892,21080107,N/A,N/A"
1755312000,N/A,N/A,19484125,19582445,20116683,20242460,2104718770,2089538671,1,1,2030423975,2032560228,19565130,19443832,2025124688,2024162775",0,0,N/A,N/A,21601883,21415669,2012501452,2014006179,1,1,20061840,19959496,2036447518,2035318446,2024162775,2025124687",0,0,20488848,20384506,N/A,N/A,21286727,21343827,20816268,20565748,2061908412,2066284922,2032560228,2030423974,2031337973,2031251519",0,0,19582444,19484124,1,1,N/A,N/A,21700600,21670612,2035318446,2036447517,2066284922,2061908411,2002558597,2003480671",0,0,2034885921,2035788522,0,1,2063687976,2090342098,N/A,N/A,19959495,20061839,21080108,21051893,2003267390,2000583045",0,0,1897199487,1933010736,0,1,2014006178,2012501451,21678868,21712449,N/A,N/A,19443831,19565129,2000583044,2003267389",0,0,2034756948,2034128135,20245275,20118615,21190587,21120949,0,1,21331154,21451072,N/A,N/A,2031250608,2031337061",0,0,1930794442,1930791641,21415669,21601882,21343826,21286726,0,1,1953810811,1957088180,21051892,21080107,N/A,N/A"
1755312002,N/A,N/A,19484125,19582445,20116683,20242460,2104718770,2089538671,1,1,2030423975,2032560228,19565130,19443832,2025124688,2024162775",0,0,N/A,N/A,21601883,21415669,2012501452,2014006179,1,1,20061840,19959496,2036447518,2035318446,2024162775,2025124687",0,0,20488848,20384506,N/A,N/A,21286727,21343827,20816268,20565748,2061908412,2066284922,2032560228,2030423974,2031337973,2031251519",0,0,19582444,19484124,1,1,N/A,N/A,21700600,21670612,2035318446,2036447517,2066284922,2061908411,2002558597,2003480671",0,0,2034885921,2035788522,0,1,2063687976,2090342098,N/A,N/A,19959495,20061839,21080108,21051893,2003267390,2000583045",0,0,1897199487,1933010736,0,1,2014006178,2012501451,21678868,21712449,N/A,N/A,19443831,19565129,2000583044,2003267389",0,0,2034756948,2034128135,20245275,20118615,21190587,21120949,0,1,21331154,21451072,N/A,N/A,2031250608,2031337061",0,0,1930794442,1930791641,21415669,21601882,21343826,21286726,0,1,1953810811,1957088180,21051892,21080107,N/A,N/A"
1755312003,N/A,N/A,19484125,19582445,20116683,20242460,2104718770,2089538671,1,1,2030423975,2032560228,19565130,19443832,2025124688,2024162775",0,0,N/A,N/A,21601883,21415669,2012501452,2014006179,1,1,20061840,19959496,2036447518,2035318446,2024162775,2025124687",0,0,20488848,20384506,N/A,N/A,21286727,21343827,20816268,20565748,2061908412,2066284922,2032560228,2030423974,2031337973,2031251519",0,0,19582444,19484124,1,1,N/A,N/A,21700600,21670612,2035318446,2036447517,2066284922,2061908411,2002558597,2003480671",0,0,2034885921,2035788522,0,1,2063687976,2090342098,N/A,N/A,19959495,20061839,21080108,21051893,2003267390,2000583045",0,0,1897199487,1933010736,0,1,2014006178,2012501451,21678868,21712449,N/A,N/A,19443831,19565129,2000583044,2003267389",0,0,2034756948,2034128135,20245275,20118615,21190587,21120949,0,1,21331154,21451072,N/A,N/A,2031250608,2031337061",0,0,1930794442,1930791641,21415669,21601882,21343826,21286726,0,1,1953810811,1957088180,21051892,21080107,N/A,N/A"
1755312005,N/A,N/A,19484125,19582445,20116683,20242460,2104718770,2089538671,1,1,2030423975,2032560228,19565130,19443832,2025124688,2024162775",0,0,N/A,N/A,21601883,21415669,2012501452,2014006179,1,1,20061840,19959496,2036447518,2035318446,2024162775,2025124687",0,0,20488848,20384506,N/A,N/A,21286727,21343827,20816268,20565748,2061908412,2066284922,2032560228,2030423974,2031337973,2031251519",0,0,19582444,19484124,1,1,N/A,N/A,21700600,21670612,2035318446,2036447517,2066284922,2061908411,2002558597,2003480671",0,0,2034885921,2035788522,0,1,2063687976,2090342098,N/A,N/A,19959495,20061839,21080108,21051893,2003267390,2000583045",0,0,1897199487,1933010736,0,1,2014006178,2012501451,21678868,21712449,N/A,N/A,19443831,19565129,2000583044,2003267389",0,0,2034756948,2034128135,20245275,20118615,21190587,21120949,0,1,21331154,21451072,N/A,N/A,2031250608,2031337061",0,0,1930794442,1930791641,21415669,21601882,21343826,21286726,0,1,1953810811,1957088180,21051892,21080107,N/A,N/A"
1755312007,N/A,N/A,19484125,19582445,20116683,20242460,2104718770,2089538671,1,1,2030423975,2032560228,19565130,19443832,2025124688,2024162775",0,0,N/A,N/A,21601883,21415669,2012501452,2014006179,1,1,20061840,19959496,2036447518,2035318446,2024162775,2025124687",0,0,20488848,20384506,N/A,N/A,21286727,21343827,20816268,20565748,2061908412,2066284922,2032560228,2030423974,2031337973,2031251519",0,0,19582444,19484124,1,1,N/A,N/A,21700600,21670612,2035318446,2036447517,2066284922,2061908411,2002558597,2003480671",0,0,2034885921,2035788522,0,1,2063687976,2090342098,N/A,N/A,19959495,20061839,21080108,21051893,2003267390,2000583045",0,0,1897199487,1933010736,0,1,2014006178,2012501451,21678868,21712449,N/A,N/A,19443831,19565129,2000583044,2003267389",0,0,2034756948,2034128135,20245275,20118615,21190587,21120949,0,1,21331154,21451072,N/A,N/A,2031250608,2031337061",0,0,1930794442,1930791641,21415669,21601882,21343826,21286726,0,1,1953810811,1957088180,21051892,21080107,N/A,N/A"
1755312008,N/A,N/A,19484125,19582445,20116683,20242460,2104718770,2089538671,1,1,2030423975,2032560228,19565130,19443832,2025124688,2024162775",0,0,N/A,N/A,21601883,21415669,2012501452,2014006179,1,1,20061840,19959496,2036447518,2035318446,2024162775,2025124687",0,0,20488848,20384506,N/A,N/A,21286727,21343827,20816268,20565748,2061908412,2066284922,2032560228,2030423974,2031337973,2031251519",0,0,19582444,19484124,1,1,N/A,N/A,21700600,21670612,2035318446,2036447517,2066284922,2061908411,2002558597,2003480671",0,0,2034885921,2035788522,0,1,2063687976,2090342098,N/A,N/A,19959495,20061839,21080108,21051893,2003267390,2000583045",0,0,1897199487,1933010736,0,1,2014006178,2012501451,21678868,21712449,N/A,N/A,19443831,19565129,2000583044,2003267389",0,0,2034756948,2034128135,20245275,20118615,21190587,21120949,0,1,21331154,21451072,N/A,N/A,2031250608,2031337061",0,0,1930794442,1930791641,21415669,21601882,21343826,21286726,0,1,1953810811,1957088180,21051892,21080107,N/A,N/A"
1755312010,N/A,N/A,19484125,19582445,20116683,20242460,2104718770,2089538671,1,1,2030423975,2032560228,19565130,19443832,2025124688,2024162775",0,0,N/A,N/A,21601883,21415669,2012501452,2014006179,1,1,20061840,19959496,2036447518,2035318446,2024162775,2025124687",0,0,20488848,20384506,N/A,N/A,21286727,21343827,20816268,20565748,2061908412,2066284922,2032560228,2030423974,2031337973,2031251519",0,0,19582444,19484124,1,1,N/A,N/A,21700600,21670612,2035318446,2036447517,2066284922,2061908411,2002558597,2003480671",0,0,2034885921,2035788522,0,1,2063687976,2090342098,N/A,N/A,19959495,20061839,21080108,21051893,2003267390,2000583045",0,0,1897199487,1933010736,0,1,2014006178,2012501451,21678868,21712449,N/A,N/A,19443831,19565129,2000583044,2003267389",0,0,2034756948,2034128135,20245275,20118615,21190587,21120949,0,1,21331154,21451072,N/A,N/A,2031250608,2031337061",0,0,1930794442,1930791641,21415669,21601882,21343826,21286726,0,1,1953810811,1957088180,21051892,21080107,N/A,N/A"
1755312012,N/A,N/A,19484125,19582445,20116683,20242460,2104718770,2089538671,1,1,2030423975,2032560228,19565130,19443832,2025124688,2024162775",0,0,N/A,N/A,21601883,21415669,2012501452,2014006179,1,1,20061840,19959496,2036447518,2035318446,2024162775,2025124687",0,0,20488848,20384506,N/A,N/A,21286727,21343827,20816268,20565748,2061908412,2066284922,2032560228,2030423974,2031337973,2031251519",0,0,19582444,19484124,1,1,N/A,N/A,21700600,21670612,2035318446,2036447517,2066284922,2061908411,2002558597,2003480671",0,0,2034885921,2035788522,0,1,2063687976,2090342098,N/A,N/A,19959495,20061839,21080108,21051893,2003267390,2000583045",0,0,1897199487,1933010736,0,1,2014006178,2012501451,21678868,21712449,N/A,N/A,19443831,19565129,2000583044,2003267389",0,0,2034756948,2034128135,20245275,20118615,21190587,21120949,0,1,21331154,21451072,N/A,N/A,2031250608,2031337061",0,0,1930794442,1930791641,21415669,21601882,21343826,21286726,0,1,1953810811,1957088180,21051892,21080107,N/A,N/A"
1755312013,N/A,N/A,19484125,19582445,20116683,20242460,2104718770,2089538671,1,1,2030423975,2032560228,19565130,19443832,2025124688,2024162775",0,0,N/A,N/A,21601883,21415669,2012501452,2014006179,1,1,20061840,19959496,2036447518,2035318446,2024162775,2025124687",0,0,20488848,20384506,N/A,N/A,21286727,21343827,20816268,20565748,2061908412,2066284922,2032560228,2030423974,2031337973,2031251519",0,0,19582444,19484124,1,1,N/A,N/A,21700600,21670612,2035318446,2036447517,2066284922,2061908411,2002558597,2003480671",0,0,2034885921,2035788522,0,1,2063687976,2090342098,N/A,N/A,19959495,20061839,21080108,21051893,2003267390,2000583045",0,0,1897199487,1933010736,0,1,2014006178,2012501451,21678868,21712449,N/A,N/A,19443831,19565129,2000583044,2003267389",0,0,2034756948,2034128135,20245275,20118615,21190587,21120949,0,1,21331154,21451072,N/A,N/A,2031250608,2031337061",0,0,1930794442,1930791641,21415669,21601882,21343826,21286726,0,1,1953810811,1957088180,21051892,21080107,N/A,N/A"
1755312015,N/A,N/A,19484125,19582445,20116683,20242460,2104718770,2089538671,1,1,2030423975,2032560228,19565130,19443832,2025124688,2024162775",0,0,N/A,N/A,21601883,21415669,2012501452,2014006179,1,1,20061840,19959496,2036447518,2035318446,2024162775,2025124687",0,0,20488848,20384506,N/A,N/A,21286727,21343827,20816268,20565748,2061908412,2066284922,2032560228,2030423974,2031337973,2031251519",0,0,19582444,19484124,1,1,N/A,N/A,21700600,21670612,2035318446,2036447517,2066284922,2061908411,2002558597,2003480671",0,0,2034885921,2035788522,0,1,2063687976,2090342098,N/A,N/A,19959495,20061839,21080108,21051893,2003267390,2000583045",0,0,1897199487,1933010736,0,1,2014006178,2012501451,21678868,21712449,N/A,N/A,19443831,19565129,2000583044,2003267389",0,0,2034756948,2034128135,20245275,20118615,21190587,21120949,0,1,21331154,21451072,N/A,N/A,2031250608,2031337061",0,0,1930794442,1930791641,21415669,21601882,21343826,21286726,0,1,1953810811,1957088180,21051892,21080107,N/A,N/A"
1755312017,N/A,N/A,19484125,19582445,20116683,20242460,2104718770,2089538671,1,1,2030423975,2032560228,19565130,19443832,2025124688,2024162775",0,0,N/A,N/A,21601883,21415669,2012501452,2014006179,1,1,20061840,19959496,2036447518,2035318446,2024162775,2025124687",0,0,20488848,20384506,N/A,N/A,21286727,21343827,20816268,20565748,2061908412,2066284922,2032560228,2030423974,2031337973,2031251519",0,0,19582444,19484124,1,1,N/A,N/A,21700600,21670612,2035318446,2036447517,2066284922,2061908411,2002558597,2003480671",0,0,2034885921,2035788522,0,1,2063687976,2090342098,N/A,N/A,19959495,20061839,21080108,21051893,2003267390,2000583045",0,0,1897199487,1933010736,0,1,2014006178,2012501451,21678868,21712449,N/A,N/A,19443831,19565129,2000583044,2003267389",0,0,2034756948,2034128135,20245275,20118615,21190587,21120949,0,1,21331154,21451072,N/A,N/A,2031250608,2031337061",0,0,1930794442,1930791641,21415669,21601882,21343826,21286726,0,1,1953810811,1957088180,21051892,21080107,N/A,N/A"
1755312018,N/A,N/A,19484125,19582445,20116683,20242460,2104718770,2089538671,1,1,2030423975,2032560228,19565130,19443832,2025124688,2024162775",0,0,N/A,N/A,21601883,21415669,2012501452,2014006179,1,1,20061840,19959496,2036447518,2035318446,2024162775,2025124687",0,0,20488848,20384506,N/A,N/A,21286727,21343827,20816268,20565748,2061908412,2066284922,2032560228,2030423974,2031337973,2031251519",0,0,19582444,19484124,1,1,N/A,N/A,21700600,21670612,2035318446,2036447517,2066284922,2061908411,2002558597,2003480671",0,0,2034885921,2035788522,0,1,2063687976,2090342098,N/A,N/A,19959495,20061839,21080108,21051893,2003267390,2000583045",0,0,1897199487,1933010736,0,1,2014006178,2012501451,21678868,21712449,N/A,N/A,19443831,19565129,2000583044,2003267389",0,0,2034756948,2034128135,20245275,20118615,21190587,21120949,0,1,21331154,21451072,N/A,N/A,2031250608,2031337061",0,0,1930794442,1930791641,21415669,21601882,21343826,21286726,0,1,1953810811,1957088180,21051892,21080107,N/A,N/A"
1755312020,N/A,N/A,19484125,19582445,20116683,20242460,2104718770,2089538671,1,1,2030423975,2032560228,19565130,19443832,2025124688,2024162775",0,0,N/A,N/A,21601883,21415669,2012501452,2014006179,1,1,20061840,19959496,2036447518,2035318446,2024162775,2025124687",0,0,20488848,20384506,N/A,N/A,21286727,21343827,20816268,20565748,2061908412,2066284922,2032560228,2030423974,2031337973,2031251519",0,0,19582444,19484124,1,1,N/A,N/A,21700600,21670612,2035318446,2036447517,2066284922,2061908411,2002558597,2003480671",0,0,2034885921,2035788522,0,1,2063687976,2090342098,N/A,N/A,19959495,20061839,21080108,21051893,2003267390,2000583045",0,0,1897199487,1933010736,0,1,2014006178,2012501451,21678868,21712449,N/A,N/A,19443831,19565129,2000583044,2003267389",0,0,2034756948,2034128135,20245275,20118615,21190587,21120949,0,1,21331154,21451072,N/A,N/A,2031250608,2031337061",0,0,1930794442,1930791641,21415669,21601882,21343826,21286726,0,1,1953810811,1957088180,21051892,21080107,N/A,N/A"
1755312021,N/A,N/A,19484125,19582445,20116683,20242460,2104718770,2089538671,1,1,2030423975,2032560228,19565130,19443832,2025124688,2024162775",0,0,N/A,N/A,21601883,21415669,2012501452,2014006179,1,1,20061840,19959496,2036447518,2035318446,2024162775,2025124687",0,0,20488848,20384506,N/A,N/A,21286727,21343827,20816268,20565748,2061908412,2066284922,2032560228,2030423974,2031337973,2031251519",0,0,19582444,19484124,1,1,N/A,N/A,21700600,21670612,2035318446,2036447517,2066284922,2061908411,2002558597,2003480671",0,0,2034885921,2035788522,0,1,2063687976,2090342098,N/A,N/A,19959495,20061839,21080108,21051893,2003267390,2000583045",0,0,1897199487,1933010736,0,1,2014006178,2012501451,21678868,21712449,N/A,N/A,19443831,19565129,2000583044,2003267389",0,0,2034756948,2034128135,20245275,20118615,21190587,21120949,0,1,21331154,21451072,N/A,N/A,2031250608,2031337061",0,0,1930794442,1930791641,21415669,21601882,21343826,21286726,0,1,1953810811,1957088180,21051892,21080107,N/A,N/A"
1755312023,N/A,N/A,19484125,19582445,20116683,20242460,2104718770,2089538671,1,1,2030423975,2032560228,19565130,19443832,2025124688,2024162775",0,0,N/A,N/A,21601883,21415669,2012501452,2014006179,1,1,20061840,19959496,2036447518,2035318446,2024162775,2025124687",0,0,20488848,20384506,N/A,N/A,21286727,21343827,20816268,20565748,2061908412,2066284922,2032560228,2030423974,2031337973,2031251519",0,0,19582444,19484124,1,1,N/A,N/A,21700600,21670612,2035318446,2036447517,2066284922,2061908411,2002558597,2003480671",0,0,2034885921,2035788522,0,1,2063687976,2090342098,N/A,N/A,19959495,20061839,21080108,21051893,2003267390,2000583045",0,0,1897199487,1933010736,0,1,2014006178,2012501451,21678868,21712449,N/A,N/A,19443831,19565129,2000583044,2003267389",0,0,2034756948,2034128135,20245275,20118615,21190587,21120949,0,1,21331154,21451072,N/A,N/A,2031250608,2031337061",0,0,1930794442,1930791641,21415669,21601882,21343826,21286726,0,1,1953810811,1957088180,21051892,21080107,N/A,N/A"
1755312025,N/A,N/A,19484125,19582445,20116683,20242460,2104718770,2089538671,1,1,2030423975,2032560228,19565130,19443832,2025124688,2024162775",0,0,N/A,N/A,21601883,21415669,2012501452,2014006179,1,1,20061840,19959496,2036447518,2035318446,2024162775,2025124687",0,0,20488848,20384506,N/A,N/A,21286727,21343827,20816268,20565748,2061908412,2066284922,2032560228,2030423974,2031337973,2031251519",0,0,19582444,19484124,1,1,N/A,N/A,21700600,21670612,2035318446,2036447517,2066284922,2061908411,2002558597,2003480671",0,0,2034885921,2035788522,0,1,2063687976,2090342098,N/A,N/A,19959495,20061839,21080108,21051893,2003267390,2000583045",0,0,1897199487,1933010736,0,1,2014006178,2012501451,21678868,21712449,N/A,N/A,19443831,19565129,2000583044,2003267389",0,0,2034756948,2034128135,20245275,20118615,21190587,21120949,0,1,21331154,21451072,N/A,N/A,2031250608,2031337061",0,0,1930794442,1930791641,21415669,21601882,21343826,21286726,0,1,1953810811,1957088180,21051892,21080107,N/A,N/A"
1755312026,N/A,N/A,19484125,19582445,20116683,20242460,2104718770,2089538671,1,1,2030423975,2032560228,19565130,19443832,2025124688,2024162775",0,0,N/A,N/A,21601883,21415669,2012501452,2014006179,1,1,20061840,19959496,2036447518,2035318446,2024162775,2025124687",0,0,20488848,20384506,N/A,N/A,21286727,21343827,20816268,20565748,2061908412,2066284922,2032560228,2030423974,2031337973,2031251519",0,0,19582444,19484124,1,1,N/A,N/A,21700600,21670612,2035318446,2036447517,2066284922,2061908411,2002558597,2003480671",0,0,2034885921,2035788522,0,1,2063687976,2090342098,N/A,N/A,19959495,20061839,21080108,21051893,2003267390,2000583045",0,0,1897199487,1933010736,0,1,2014006178,2012501451,21678868,21712449,N/A,N/A,19443831,19565129,2000583044,2003267389",0,0,2034756948,2034128135,20245275,20118615,21190587,21120949,0,1,21331154,21451072,N/A,N/A,2031250608,2031337061",0,0,1930794442,1930791641,21415669,21601882,21343826,21286726,0,1,1953810811,1957088180,21051892,21080107,N/A,N/A"
1755312028,N/A,N/A,19484125,19582445,20116683,20242460,2104718770,2089538671,1,1,2030423975,2032560228,19565130,19443832,2025124688,2024162775",0,0,N/A,N/A,21601883,21415669,2012501452,2014006179,1,1,20061840,19959496,2036447518,2035318446,2024162775,2025124687",0,0,20488848,20384506,N/A,N/A,21286727,21343827,20816268,20565748,2061908412,2066284922,2032560228,2030423974,2031337973,2031251519",0,0,19582444,19484124,1,1,N/A,N/A,21700600,21670612,2035318446,2036447517,2066284922,2061908411,2002558597,2003480671",0,0,2034885921,2035788522,0,1,2063687976,2090342098,N/A,N/A,19959495,20061839,21080108,21051893,2003267390,2000583045",0,0,1897199487,1933010736,0,1,2014006178,2012501451,21678868,21712449,N/A,N/A,19443831,19565129,2000583044,2003267389",0,0,2034756948,2034128135,20245275,20118615,21190587,21120949,0,1,21331154,21451072,N/A,N/A,2031250608,2031337061",0,0,1930794442,1930791641,21415669,21601882,21343826,21286726,0,1,1953810811,1957088180,21051892,21080107,N/A,N/A"
1755312030,N/A,N/A,19484125,19582445,20116683,20242460,2104718770,2089538671,1,1,2030423975,2032560228,19565130,19443832,2025124688,2024162775",0,0,N/A,N/A,21601883,21415669,2012501452,2014006179,1,1,20061840,19959496,2036447518,2035318446,2024162775,2025124687",0,0,20488848,20384506,N/A,N/A,21286727,21343827,20816268,20565748,2061908412,2066284922,2032560228,2030423974,2031337973,2031251519",0,0,19582444,19484124,1,1,N/A,N/A,21700600,21670612,2035318446,2036447517,2066284922,2061908411,2002558597,2003480671",0,0,2034885921,2035788522,0,1,2063687976,2090342098,N/A,N/A,19959495,20061839,21080108,21051893,2003267390,2000583045",0,0,1897199487,1933010736,0,1,2014006178,2012501451,21678868,21712449,N/A,N/A,19443831,19565129,2000583044,2003267389",0,0,2034756948,2034128135,20245275,20118615,21190587,21120949,0,1,21331154,21451072,N/A,N/A,2031250608,2031337061",0,0,1930794442,1930791641,21415669,21601882,21343826,21286726,0,1,1953810811,1957088180,21051892,21080107,N/A,N/A"
1755312031,N/A,N/A,19484125,19582445,20116683,20242460,2104718770,2089538671,1,1,2030423975,2032560228,19565130,19443832,2025124688,2024162775",0,0,N/A,N/A,21601883,21415669,2012501452,2014006179,1,1,20061840,19959496,2036447518,2035318446,2024162775,2025124687",0,0,20488848,20384506,N/A,N/A,21286727,21343827,20816268,20565748,2061908412,2066284922,2032560228,2030423974,2031337973,2031251519",0,0,19582444,19484124,1,1,N/A,N/A,21700600,21670612,2035318446,2036447517,2066284922,2061908411,2002558597,2003480671",0,0,2034885921,2035788522,0,1,2063687976,2090342098,N/A,N/A,19959495,20061839,21080108,21051893,2003267390,2000583045",0,0,1897199487,1933010736,0,1,2014006178,2012501451,21678868,21712449,N/A,N/A,19443831,19565129,2000583044,2003267389",0,0,2034756948,2034128135,20245275,20118615,21190587,21120949,0,1,21331154,21451072,N/A,N/A,2031250608,2031337061",0,0,1930794442,1930791641,21415669,21601882,21343826,21286726,0,1,1953810811,1957088180,21051892,21080107,N/A,N/A"
1755312033,N/A,N/A,19484125,19582445,20116683,20242460,2104718770,2089538671,1,1,2030423975,2032560228,19565130,19443832,2025124688,2024162775",0,0,N/A,N/A,21601883,21415669,2012501452,2014006179,1,1,20061840,19959496,2036447518,2035318446,2024162775,2025124687",0,0,20488848,20384506,N/A,N/A,21286727,21343827,20816268,20565748,2061908412,2066284922,2032560228,2030423974,2031337973,2031251519",0,0,19582444,19484124,1,1,N/A,N/A,21700600,21670612,2035318446,2036447517,2066284922,2061908411,2002558597,2003480671",0,0,2034885921,2035788522,0,1,2063687976,2090342098,N/A,N/A,19959495,20061839,21080108,21051893,2003267390,2000583045",0,0,1897199487,1933010736,0,1,2014006178,2012501451,21678868,21712449,N/A,N/A,19443831,19565129,2000583044,2003267389",0,0,2034756948,2034128135,20245275,20118615,21190587,21120949,0,1,21331154,21451072,N/A,N/A,2031250608,2031337061",0,0,1930794442,1930791641,21415669,21601882,21343826,21286726,0,1,1953810811,1957088180,21051892,21080107,N/A,N/A"
1755312035,N/A,N/A,19484125,19582445,20116683,20242460,2104718770,2089538671,1,1,2030423975,2032560228,19565130,19443832,2025124688,2024162775",0,0,N/A,N/A,21601883,21415669,2012501452,2014006179,1,1,20061840,19959496,2036447518,2035318446,2024162775,2025124687",0,0,20488848,20384506,N/A,N/A,21286727,21343827,20816268,20565748,2061908412,2066284922,2032560228,2030423974,2031337973,2031251519",0,0,19582444,19484124,1,1,N/A,N/A,21700600,21670612,2035318446,2036447517,2066284922,2061908411,2002558597,2003480671",0,0,2034885921,2035788522,0,1,2063687976,2090342098,N/A,N/A,19959495,20061839,21080108,21051893,2003267390,2000583045",0,0,1897199487,1933010736,0,1,2014006178,2012501451,21678868,21712449,N/A,N/A,19443831,19565129,2000583044,2003267389",0,0,2034756948,2034128135,20245275,20118615,21190587,21120949,0,1,21331154,21451072,N/A,N/A,2031250608,2031337061",0,0,1930794442,1930791641,21415669,21601882,21343826,21286726,0,1,1953810811,1957088180,21051892,21080107,N/A,N/A"
1755312036,N/A,N/A,19484125,19582445,20116683,20242460,2104718770,2089538671,1,1,2030423975,2032560228,19565130,19443832,2025124688,2024162775",0,0,N/A,N/A,21601883,21415669,2012501452,2014006179,1,1,20061840,19959496,2036447518,2035318446,2024162775,2025124687",0,0,20488848,20384506,N/A,N/A,21286727,21343827,20816268,20565748,2061908412,2066284922,2032560228,2030423974,2031337973,2031251519",0,0,19582444,19484124,1,1,N/A,N/A,21700600,21670612,2035318446,2036447517,2066284922,2061908411,2002558597,2003480671",0,0,2034885921,2035788522,0,1,2063687976,2090342098,N/A,N/A,19959495,20061839,21080108,21051893,2003267390,2000583045",0,0,1897199487,1933010736,0,1,2014006178,2012501451,21678868,21712449,N/A,N/A,19443831,19565129,2000583044,2003267389",0,0,2034756948,2034128135,20245275,20118615,21190587,21120949,0,1,21331154,21451072,N/A,N/A,2031250608,2031337061",0,0,1930794442,1930791641,21415669,21601882,21343826,21286726,0,1,1953810811,1957088180,21051892,21080107,N/A,N/A"
1755312038,N/A,N/A,19484125,19582445,20116683,20242460,2104718770,2089538671,1,1,2030423975,2032560228,19565130,19443832,2025124688,2024162775",0,0,N/A,N/A,21601883,21415669,2012501452,2014006179,1,1,20061840,19959496,2036447518,2035318446,2024162775,2025124687",0,0,20488848,20384506,N/A,N/A,21286727,21343827,20816268,20565748,2061908412,2066284922,2032560228,2030423974,2031337973,2031251519",0,0,19582444,19484124,1,1,N/A,N/A,21700600,21670612,2035318446,2036447517,2066284922,2061908411,2002558597,2003480671",0,0,2034885921,2035788522,0,1,2063687976,2090342098,N/A,N/A,19959495,20061839,21080108,21051893,2003267390,2000583045",0,0,1897199487,1933010736,0,1,2014006178,2012501451,21678868,21712449,N/A,N/A,19443831,19565129,2000583044,2003267389",0,0,2034756948,2034128135,20245275,20118615,21190587,21120949,0,1,21331154,21451072,N/A,N/A,2031250608,2031337061",0,0,1930794442,1930791641,21415669,21601882,21343826,21286726,0,1,1953810811,1957088180,21051892,21080107,N/A,N/A"
1755312040,N/A,N/A,19484125,19582445,20116683,20242460,2104718770,2089538671,1,1,2030423975,2032560228,19565130,19443832,2025124688,2024162775",0,0,N/A,N/A,21601883,21415669,2012501452,2014006179,1,1,20061840,19959496,2036447518,2035318446,2024162775,2025124687",0,0,20488848,20384506,N/A,N/A,21286727,21343827,20816268,20565748,2061908412,2066284922,2032560228,2030423974,2031337973,2031251519",0,0,19582444,19484124,1,1,N/A,N/A,21700600,21670612,2035318446,2036447517,2066284922,2061908411,2002558597,2003480671",0,0,2034885921,2035788522,0,1,2063687976,2090342098,N/A,N/A,19959495,20061839,21080108,21051893,2003267390,2000583045",0,0,1897199487,1933010736,0,1,2014006178,2012501451,21678868,21712449,N/A,N/A,19443831,19565129,2000583044,2003267389",0,0,2034756948,2034128135,20245275,20118615,21190587,21120949,0,1,21331154,21451072,N/A,N/A,2031250608,2031337061",0,0,1930794442,1930791641,21415669,21601882,21343826,21286726,0,1,1953810811,1957088180,21051892,21080107,N/A,N/A"
1755312041,N/A,N/A,19484125,19582445,20116683,20242460,2104718770,2089538671,1,1,2030423975,2032560228,19565130,19443832,2025124688,2024162775",0,0,N/A,N/A,21601883,21415669,2012501452,2014006179,1,1,20061840,19959496,2036447518,2035318446,2024162775,2025124687",0,0,20488848,20384506,N/A,N/A,21286727,21343827,20816268,20565748,2061908412,2066284922,2032560228,2030423974,2031337973,2031251519",0,0,19582444,19484124,1,1,N/A,N/A,21700600,21670612,2035318446,2036447517,2066284922,2061908411,2002558597,2003480671",0,0,2034885921,2035788522,0,1,2063687976,2090342098,N/A,N/A,19959495,20061839,21080108,21051893,2003267390,2000583045",0,0,1897199487,1933010736,0,1,2014006178,2012501451,21678868,21712449,N/A,N/A,19443831,19565129,2000583044,2003267389",0,0,2034756948,2034128135,20245275,20118615,21190587,21120949,0,1,21331154,21451072,N/A,N/A,2031250608,2031337061",0,0,1930794442,1930791641,21415669,21601882,21343826,21286726,0,1,1953810811,1957088180,21051892,21080107,N/A,N/A"
1755312043,N/A,N/A,19484125,19582445,20116683,20242460,2104718770,2089538671,1,1,2030423975,2032560228,19565130,19443832,2025124688,2024162775",0,0,N/A,N/A,21601883,21415669,2012501452,2014006179,1,1,20061840,19959496,2036447518,2035318446,2024162775,2025124687",0,0,20488848,20384506,N/A,N/A,21286727,21343827,20816268,20565748,2061908412,2066284922,2032560228,2030423974,2031337973,2031251519",0,0,19582444,19484124,1,1,N/A,N/A,21700600,21670612,2035318446,2036447517,2066284922,2061908411,2002558597,2003480671",0,0,2034885921,2035788522,0,1,2063687976,2090342098,N/A,N/A,19959495,20061839,21080108,21051893,2003267390,2000583045",0,0,1897199487,1933010736,0,1,2014006178,2012501451,21678868,21712449,N/A,N/A,19443831,19565129,2000583044,2003267389",0,0,2034756948,2034128135,20245275,20118615,21190587,21120949,0,1,21331154,21451072,N/A,N/A,2031250608,2031337061",0,0,1930794442,1930791641,21415669,21601882,21343826,21286726,0,1,1953810811,1957088180,21051892,21080107,N/A,N/A"
1755312045,N/A,N/A,19484125,19582445,20116683,20242460,2104718770,2089538671,1,1,2030423975,2032560228,19565130,19443832,2025124688,2024162775",0,0,N/A,N/A,21601883,21415669,2012501452,2014006179,1,1,20061840,19959496,2036447518,2035318446,2024162775,2025124687",0,0,20488848,20384506,N/A,N/A,21286727,21343827,20816268,20565748,2061908412,2066284922,2032560228,2030423974,2031337973,2031251519",0,0,19582444,19484124,1,1,N/A,N/A,21700600,21670612,2035318446,2036447517,2066284922,2061908411,2002558597,2003480671",0,0,2034885921,2035788522,0,1,2063687976,2090342098,N/A,N/A,19959495,20061839,21080108,21051893,2003267390,2000583045",0,0,1897199487,1933010736,0,1,2014006178,2012501451,21678868,21712449,N/A,N/A,19443831,19565129,2000583044,2003267389",0,0,2034756948,2034128135,20245275,20118615,21190587,21120949,0,1,21331154,21451072,N/A,N/A,2031250608,2031337061",0,0,1930794442,1930791641,21415669,21601882,21343826,21286726,0,1,1953810811,1957088180,21051892,21080107,N/A,N/A"
1755312046,N/A,N/A,19484125,19582445,20116683,20242460,2104718770,2089538671,1,1,2030423975,2032560228,19565130,19443832,2025124688,2024162775",0,0,N/A,N/A,21601883,21415669,2012501452,2014006179,1,1,20061840,19959496,2036447518,2035318446,2024162775,2025124687",0,0,20488848,20384506,N/A,N/A,21286727,21343827,20816268,20565748,2061908412,2066284922,2032560228,2030423974,2031337973,2031251519",0,0,19582444,19484124,1,1,N/A,N/A,21700600,21670612,2035318446,2036447517,2066284922,2061908411,2002558597,2003480671",0,0,2034885921,2035788522,0,1,2063687976,2090342098,N/A,N/A,19959495,20061839,21080108,21051893,2003267390,2000583045",0,0,1897199487,1933010736,0,1,2014006178,2012501451,21678868,21712449,N/A,N/A,19443831,19565129,2000583044,2003267389",0,0,2034756948,2034128135,20245275,20118615,21190587,21120949,0,1,21331154,21451072,N/A,N/A,2031250608,2031337061",0,0,1930794442,1930791641,21415669,21601882,21343826,21286726,0,1,1953810811,1957088180,21051892,21080107,N/A,N/A"
1755312048,N/A,N/A,19484125,19582445,20116683,20242460,2104718770,2089538671,1,1,2030423975,2032560228,19565130,19443832,2025124688,2024162775",0,0,N/A,N/A,21601883,21415669,2012501452,2014006179,1,1,20061840,19959496,2036447518,2035318446,2024162775,2025124687",0,0,20488848,20384506,N/A,N/A,21286727,21343827,20816268,20565748,2061908412,2066284922,2032560228,2030423974,2031337973,2031251519",0,0,19582444,19484124,1,1,N/A,N/A,21700600,21670612,2035318446,2036447517,2066284922,2061908411,2002558597,2003480671",0,0,2034885921,2035788522,0,1,2063687976,2090342098,N/A,N/A,19959495,20061839,21080108,21051893,2003267390,2000583045",0,0,1897199487,1933010736,0,1,2014006178,2012501451,21678868,21712449,N/A,N/A,19443831,19565129,2000583044,2003267389",0,0,2034756948,2034128135,20245275,20118615,21190587,21120949,0,1,21331154,21451072,N/A,N/A,2031250608,2031337061",0,0,1930794442,1930791641,21415669,21601882,21343826,21286726,0,1,1953810811,1957088180,21051892,21080107,N/A,N/A"
1755312050,N/A,N/A,19484125,19582445,20116683,20242460,2104718770,2089538671,1,1,2030423975,2032560228,19565130,19443832,2025124688,2024162775",0,0,N/A,N/A,21601883,21415669,2012501452,2014006179,1,1,20061840,19959496,2036447518,2035318446,2024162775,2025124687",0,0,20488848,20384506,N/A,N/A,21286727,21343827,20816268,20565748,2061908412,2066284922,2032560228,2030423974,2031337973,2031251519",0,0,19582444,19484124,1,1,N/A,N/A,21700600,21670612,2035318446,2036447517,2066284922,2061908411,2002558597,2003480671",0,0,2034885921,2035788522,0,1,2063687976,2090342098,N/A,N/A,19959495,20061839,21080108,21051893,2003267390,2000583045",0,0,1897199487,1933010736,0,1,2014006178,2012501451,21678868,21712449,N/A,N/A,19443831,19565129,2000583044,2003267389",0,0,2034756948,2034128135,20245275,20118615,21190587,21120949,0,1,21331154,21451072,N/A,N/A,2031250608,2031337061",0,0,1930794442,1930791641,21415669,21601882,21343826,21286726,0,1,1953810811,1957088180,21051892,21080107,N/A,N/A"
1755312051,N/A,N/A,19484125,19582445,20116683,20242460,2104718770,2089538671,1,1,2030423975,2032560228,19565130,19443832,2025124688,2024162775",0,0,N/A,N/A,21601883,21415669,2012501452,2014006179,1,1,20061840,19959496,2036447518,2035318446,2024162775,2025124687",0,0,20488848,20384506,N/A,N/A,21286727,21343827,20816268,20565748,2061908412,2066284922,2032560228,2030423974,2031337973,2031251519",0,0,19582444,19484124,1,1,N/A,N/A,21700600,21670612,2035318446,2036447517,2066284922,2061908411,2002558597,2003480671",0,0,2034885921,2035788522,0,1,2063687976,2090342098,N/A,N/A,19959495,20061839,21080108,21051893,2003267390,2000583045",0,0,1897199487,1933010736,0,1,2014006178,2012501451,21678868,21712449,N/A,N/A,19443831,19565129,2000583044,2003267389",0,0,2034756948,2034128135,20245275,20118615,21190587,21120949,0,1,21331154,21451072,N/A,N/A,2031250608,2031337061",0,0,1930794442,1930791641,21415669,21601882,21343826,21286726,0,1,1953810811,1957088180,21051892,21080107,N/A,N/A"
1755312053,N/A,N/A,19484125,19582445,20116683,20242460,2104718770,2089538671,1,1,2030423975,2032560228,19565130,19443832,2025124688,2024162775",0,0,N/A,N/A,21601883,21415669,2012501452,2014006179,1,1,20061840,19959496,2036447518,2035318446,2024162775,2025124687",0,0,20488848,20384506,N/A,N/A,21286727,21343827,20816268,20565748,2061908412,2066284922,2032560228,2030423974,2031337973,2031251519",0,0,19582444,19484124,1,1,N/A,N/A,21700600,21670612,2035318446,2036447517,2066284922,2061908411,2002558597,2003480671",0,0,2034885921,2035788522,0,1,2063687976,2090342098,N/A,N/A,19959495,20061839,21080108,21051893,2003267390,2000583045",0,0,1897199487,1933010736,0,1,2014006178,2012501451,21678868,21712449,N/A,N/A,19443831,19565129,2000583044,2003267389",0,0,2034756948,2034128135,20245275,20118615,21190587,21120949,0,1,21331154,21451072,N/A,N/A,2031250608,2031337061",0,0,1930794442,1930791641,21415669,21601882,21343826,21286726,0,1,1953810811,1957088180,21051892,21080107,N/A,N/A"
1755312055,N/A,N/A,19484125,19582445,20116683,20242460,2104718770,2089538671,1,1,2030423975,2032560228,19565130,19443832,2025124688,2024162775",0,0,N/A,N/A,21601883,21415669,2012501452,2014006179,1,1,20061840,19959496,2036447518,2035318446,2024162775,2025124687",0,0,20488848,20384506,N/A,N/A,21286727,21343827,20816268,20565748,2061908412,2066284922,2032560228,2030423974,2031337973,2031251519",0,0,19582444,19484124,1,1,N/A,N/A,21700600,21670612,2035318446,2036447517,2066284922,2061908411,2002558597,2003480671",0,0,2034885921,2035788522,0,1,2063687976,2090342098,N/A,N/A,19959495,20061839,21080108,21051893,2003267390,2000583045",0,0,1897199487,1933010736,0,1,2014006178,2012501451,21678868,21712449,N/A,N/A,19443831,19565129,2000583044,2003267389",0,0,2034756948,2034128135,20245275,20118615,21190587,21120949,0,1,21331154,21451072,N/A,N/A,2031250608,2031337061",0,0,1930794442,1930791641,21415669,21601882,21343826,21286726,0,1,1953810811,1957088180,21051892,21080107,N/A,N/A"
1755312056,N/A,N/A,19484125,19582445,20116683,20242460,2104718770,2089538671,1,1,2030423975,2032560228,19565130,19443832,2025124688,2024162775",0,0,N/A,N/A,21601883,21415669,2012501452,2014006179,1,1,20061840,19959496,2036447518,2035318446,2024162775,2025124687",0,0,20488848,20384506,N/A,N/A,21286727,21343827,20816268,20565748,2061908412,2066284922,2032560228,2030423974,2031337973,2031251519",0,0,19582444,19484124,1,1,N/A,N/A,21700600,21670612,2035318446,2036447517,2066284922,2061908411,2002558597,2003480671",0,0,2034885921,2035788522,0,1,2063687976,2090342098,N/A,N/A,19959495,20061839,21080108,21051893,2003267390,2000583045",0,0,1897199487,1933010736,0,1,2014006178,2012501451,21678868,21712449,N/A,N/A,19443831,19565129,2000583044,2003267389",0,0,2034756948,2034128135,20245275,20118615,21190587,21120949,0,1,21331154,21451072,N/A,N/A,2031250608,2031337061",0,0,1930794442,1930791641,21415669,21601882,21343826,21286726,0,1,1953810811,1957088180,21051892,21080107,N/A,N/A"
1755312058,N/A,N/A,19484125,19582445,20116683,20242460,2104718770,2089538671,1,1,2030423975,2032560228,19565130,19443832,2025124688,2024162775",0,0,N/A,N/A,21601883,21415669,2012501452,2014006179,1,1,20061840,19959496,2036447518,2035318446,2024162775,2025124687",0,0,20488848,20384506,N/A,N/A,21286727,21343827,20816268,20565748,2061908412,2066284922,2032560228,2030423974,2031337973,2031251519",0,0,19582444,19484124,1,1,N/A,N/A,21700600,21670612,2035318446,2036447517,2066284922,2061908411,2002558597,2003480671",0,0,2034885921,2035788522,0,1,2063687976,2090342098,N/A,N/A,19959495,20061839,21080108,21051893,2003267390,2000583045",0,0,1897199487,1933010736,0,1,2014006178,2012501451,21678868,21712449,N/A,N/A,19443831,19565129,2000583044,2003267389",0,0,2034756948,2034128135,20245275,20118615,21190587,21120949,0,1,21331154,21451072,N/A,N/A,2031250608,2031337061",0,0,1930794442,1930791641,21415669,21601882,21343826,21286726,0,1,1953810811,1957088180,21051892,21080107,N/A,N/A"
1755312060,N/A,N/A,19484125,19582445,20116683,20242460,2104718770,2089538671,1,1,2030423975,2032560228,19565130,19443832,2025124688,2024162775",0,0,N/A,N/A,21601883,21415669,2012501452,2014006179,1,1,20061840,19959496,2036447518,2035318446,2024162775,2025124687",0,0,20488848,20384506,N/A,N/A,21286727,21343827,20816268,20565748,2061908412,2066284922,2032560228,2030423974,2031337973,2031251519",0,0,19582444,19484124,1,1,N/A,N/A,21700600,21670612,2035318446,2036447517,2066284922,2061908411,2002558597,2003480671",0,0,2034885921,2035788522,0,1,2063687976,2090342098,N/A,N/A,19959495,20061839,21080108,21051893,2003267390,2000583045",0,0,1897199487,1933010736,0,1,2014006178,2012501451,21678868,21712449,N/A,N/A,19443831,19565129,2000583044,2003267389",0,0,2034756948,2034128135,20245275,20118615,21190587,21120949,0,1,21331154,21451072,N/A,N/A,2031250608,2031337061",0,0,1930794442,1930791641,21415669,21601882,21343826,21286726,0,1,1953810811,1957088180,21051892,21080107,N/A,N/A"
1755312061,N/A,N/A,19484125,19582445,20116683,20242460,2104718770,2089538671,1,1,2030423975,2032560228,19565130,19443832,2025124688,2024162775",0,0,N/A,N/A,21601883,21415669,2012501452,2014006179,1,1,20061840,19959496,2036447518,2035318446,2024162775,2025124687",0,0,20488848,20384506,N/A,N/A,21286727,21343827,20816268,20565748,2061908412,2066284922,2032560228,2030423974,2031337973,2031251519",0,0,19582444,19484124,1,1,N/A,N/A,21700600,21670612,2035318446,2036447517,2066284922,2061908411,2002558597,2003480671",0,0,2034885921,2035788522,0,1,2063687976,2090342098,N/A,N/A,19959495,20061839,21080108,21051893,2003267390,2000583045",0,0,1897199487,1933010736,0,1,2014006178,2012501451,21678868,21712449,N/A,N/A,19443831,19565129,2000583044,2003267389",0,0,2034756948,2034128135,20245275,20118615,21190587,21120949,0,1,21331154,21451072,N/A,N/A,2031250608,2031337061",0,0,1930794442,1930791641,21415669,21601882,21343826,21286726,0,1,1953810811,1957088180,21051892,21080107,N/A,N/A"
1755312063,N/A,N/A,19484125,19582445,20116683,20242460,2104718770,2089538671,1,1,2030423975,2032560228,19565130,19443832,2025124688,2024162775",0,0,N/A,N/A,21601883,21415669,2012501452,2014006179,1,1,20061840,19959496,2036447518,2035318446,2024162775,2025124687",0,0,20488848,20384506,N/A,N/A,21286727,21343827,20816268,20565748,2061908412,2066284922,2032560228,2030423974,2031337973,2031251519",0,0,19582444,19484124,1,1,N/A,N/A,21700600,21670612,2035318446,2036447517,2066284922,2061908411,2002558597,2003480671",0,0,2034885921,2035788522,0,1,2063687976,2090342098,N/A,N/A,19959495,20061839,21080108,21051893,2003267390,2000583045",0,0,1897199487,1933010736,0,1,2014006178,2012501451,21678868,21712449,N/A,N/A,19443831,19565129,2000583044,2003267389",0,0,2034756948,2034128135,20245275,20118615,21190587,21120949,0,1,21331154,21451072,N/A,N/A,2031250608,2031337061",0,0,1930794442,1930791641,21415669,21601882,21343826,21286726,0,1,1953810811,1957088180,21051892,21080107,N/A,N/A"
1755312065,N/A,N/A,19484125,19582445,20116683,20242460,2104718770,2089538671,1,1,2030423975,2032560228,19565130,19443832,2025124688,2024162775",0,0,N/A,N/A,21601883,21415669,2012501452,2014006179,1,1,20061840,19959496,2036447518,2035318446,2024162775,2025124687",0,0,20488848,20384506,N/A,N/A,21286727,21343827,20816268,20565748,2061908412,2066284922,2032560228,2030423974,2031337973,2031251519",0,0,19582444,19484124,1,1,N/A,N/A,21700600,21670612,2035318446,2036447517,2066284922,2061908411,2002558597,2003480671",0,0,2034885921,2035788522,0,1,2063687976,2090342098,N/A,N/A,19959495,20061839,21080108,21051893,2003267390,2000583045",0,0,1897199487,1933010736,0,1,2014006178,2012501451,21678868,21712449,N/A,N/A,19443831,19565129,2000583044,2003267389",0,0,2034756948,2034128135,20245275,20118615,21190587,21120949,0,1,21331154,21451072,N/A,N/A,2031250608,2031337061",0,0,1930794442,1930791641,21415669,21601882,21343826,21286726,0,1,1953810811,1957088180,21051892,21080107,N/A,N/A"
1755312066,N/A,N/A,19484125,19582445,20116683,20242460,2104718770,2089538671,1,1,2030423975,2032560228,19565130,19443832,2025124688,2024162775",0,0,N/A,N/A,21601883,21415669,2012501452,2014006179,1,1,20061840,19959496,2036447518,2035318446,2024162775,2025124687",0,0,20488848,20384506,N/A,N/A,21286727,21343827,20816268,20565748,2061908412,2066284922,2032560228,2030423974,2031337973,2031251519",0,0,19582444,19484124,1,1,N/A,N/A,21700600,21670612,2035318446,2036447517,2066284922,2061908411,2002558597,2003480671",0,0,2034885921,2035788522,0,1,2063687976,2090342098,N/A,N/A,19959495,20061839,21080108,21051893,2003267390,2000583045",0,0,1897199487,1933010736,0,1,2014006178,2012501451,21678868,21712449,N/A,N/A,19443831,19565129,2000583044,2003267389",0,0,2034756948,2034128135,20245275,20118615,21190587,21120949,0,1,21331154,21451072,N/A,N/A,2031250608,2031337061",0,0,1930794442,1930791641,21415669,21601882,21343826,21286726,0,1,1953810811,1957088180,21051892,21080107,N/A,N/A"
1755312068,N/A,N/A,19484125,19582445,20116683,20242460,2104718770,2089538671,1,1,2030423975,2032560228,19565130,19443832,2025124688,2024162775",0,0,N/A,N/A,21601883,21415669,2012501452,2014006179,1,1,20061840,19959496,2036447518,2035318446,2024162775,2025124687",0,0,20488848,20384506,N/A,N/A,21286727,21343827,20816268,20565748,2061908412,2066284922,2032560228,2030423974,2031337973,2031251519",0,0,19582444,19484124,1,1,N/A,N/A,21700600,21670612,2035318446,2036447517,2066284922,2061908411,2002558597,2003480671",0,0,2034885921,2035788522,0,1,2063687976,2090342098,N/A,N/A,19959495,20061839,21080108,21051893,2003267390,2000583045",0,0,1897199487,1933010736,0,1,2014006178,2012501451,21678868,21712449,N/A,N/A,19443831,19565129,2000583044,2003267389",0,0,2034756948,2034128135,20245275,20118615,21190587,21120949,0,1,21331154,21451072,N/A,N/A,2031250608,2031337061",0,0,1930794442,1930791641,21415669,21601882,21343826,21286726,0,1,1953810811,1957088180,21051892,21080107,N/A,N/A"
1755312070,N/A,N/A,19484125,19582445,20116683,20242460,2104718770,2089538671,1,1,2030423975,2032560228,19565130,19443832,2025124688,2024162775",0,0,N/A,N/A,21601883,21415669,2012501452,2014006179,1,1,20061840,19959496,2036447518,2035318446,2024162775,2025124687",0,0,20488848,20384506,N/A,N/A,21286727,21343827,20816268,20565748,2061908412,2066284922,2032560228,2030423974,2031337973,2031251519",0,0,19582444,19484124,1,1,N/A,N/A,21700600,21670612,2035318446,2036447517,2066284922,2061908411,2002558597,2003480671",0,0,2034885921,2035788522,0,1,2063687976,2090342098,N/A,N/A,19959495,20061839,21080108,21051893,2003267390,2000583045",0,0,1897199487,1933010736,0,1,2014006178,2012501451,21678868,21712449,N/A,N/A,19443831,19565129,2000583044,2003267389",0,0,2034756948,2034128135,20245275,20118615,21190587,21120949,0,1,21331154,21451072,N/A,N/A,2031250608,2031337061",0,0,1930794442,1930791641,21415669,21601882,21343826,21286726,0,1,1953810811,1957088180,21051892,21080107,N/A,N/A"
1755312071,N/A,N/A,19484125,19582445,20116683,20242460,2104718770,2089538671,1,1,2030423975,2032560228,19565130,19443832,2025124688,2024162775",0,0,N/A,N/A,21601883,21415669,2012501452,2014006179,1,1,20061840,19959496,2036447518,2035318446,2024162775,2025124687",0,0,20488848,20384506,N/A,N/A,21286727,21343827,20816268,20565748,2061908412,2066284922,2032560228,2030423974,2031337973,2031251519",0,0,19582444,19484124,1,1,N/A,N/A,21700600,21670612,2035318446,2036447517,2066284922,2061908411,2002558597,2003480671",0,0,2034885921,2035788522,0,1,2063687976,2090342098,N/A,N/A,19959495,20061839,21080108,21051893,2003267390,2000583045",0,0,1897199487,1933010736,0,1,2014006178,2012501451,21678868,21712449,N/A,N/A,19443831,19565129,2000583044,2003267389",0,0,2034756948,2034128135,20245275,20118615,21190587,21120949,0,1,21331154,21451072,N/A,N/A,2031250608,2031337061",0,0,1930794442,1930791641,21415669,21601882,21343826,21286726,0,1,1953810811,1957088180,21051892,21080107,N/A,N/A"
1755312073,N/A,N/A,19484125,19582445,20116683,20242460,2104718770,2089538671,1,1,2030423975,2032560228,19565130,19443832,2025124688,2024162775",0,0,N/A,N/A,21601883,21415669,2012501452,2014006179,1,1,20061840,19959496,2036447518,2035318446,2024162775,2025124687",0,0,20488848,20384506,N/A,N/A,21286727,21343827,20816268,20565748,2061908412,2066284922,2032560228,2030423974,2031337973,2031251519",0,0,19582444,19484124,1,1,N/A,N/A,21700600,21670612,2035318446,2036447517,2066284922,2061908411,2002558597,2003480671",0,0,2034885921,2035788522,0,1,2063687976,2090342098,N/A,N/A,19959495,20061839,21080108,21051893,2003267390,2000583045",0,0,1897199487,1933010736,0,1,2014006178,2012501451,21678868,21712449,N/A,N/A,19443831,19565129,2000583044,2003267389",0,0,2034756948,2034128135,20245275,20118615,21190587,21120949,0,1,21331154,21451072,N/A,N/A,2031250608,2031337061",0,0,1930794442,1930791641,21415669,21601882,21343826,21286726,0,1,1953810811,1957088180,21051892,21080107,N/A,N/A"
1755312075,N/A,N/A,19484125,19582445,20116683,20242460,2104718770,2089538671,1,1,2030423975,2032560228,19565130,19443832,2025124688,2024162775",0,0,N/A,N/A,21601883,21415669,2012501452,2014006179,1,1,20061840,19959496,2036447518,2035318446,2024162775,2025124687",0,0,20488848,20384506,N/A,N/A,21286727,21343827,20816268,20565748,2061908412,2066284922,2032560228,2030423974,2031337973,2031251519",0,0,19582444,19484124,1,1,N/A,N/A,21700600,21670612,2035318446,2036447517,2066284922,2061908411,2002558597,2003480671",0,0,2034885921,2035788522,0,1,2063687976,2090342098,N/A,N/A,19959495,20061839,21080108,21051893,2003267390,2000583045",0,0,1897199487,1933010736,0,1,2014006178,2012501451,21678868,21712449,N/A,N/A,19443831,19565129,2000583044,2003267389",0,0,2034756948,2034128135,20245275,20118615,21190587,21120949,0,1,21331154,21451072,N/A,N/A,2031250608,2031337061",0,0,1930794442,1930791641,21415669,21601882,21343826,21286726,0,1,1953810811,1957088180,21051892,21080107,N/A,N/A"
1755312076,N/A,N/A,19484125,19582445,20116683,20242460,2104718770,2089538671,1,1,2030423975,2032560228,19565130,19443832,2025124688,2024162775",0,0,N/A,N/A,21601883,21415669,2012501452,2014006179,1,1,20061840,19959496,2036447518,2035318446,2024162775,2025124687",0,0,20488848,20384506,N/A,N/A,21286727,21343827,20816268,20565748,2061908412,2066284922,2032560228,2030423974,2031337973,2031251519",0,0,19582444,19484124,1,1,N/A,N/A,21700600,21670612,2035318446,2036447517,2066284922,2061908411,2002558597,2003480671",0,0,2034885921,2035788522,0,1,2063687976,2090342098,N/A,N/A,19959495,20061839,21080108,21051893,2003267390,2000583045",0,0,1897199487,1933010736,0,1,2014006178,2012501451,21678868,21712449,N/A,N/A,19443831,19565129,2000583044,2003267389",0,0,2034756948,2034128135,20245275,20118615,21190587,21120949,0,1,21331154,21451072,N/A,N/A,2031250608,2031337061",0,0,1930794442,1930791641,21415669,21601882,21343826,21286726,0,1,1953810811,1957088180,21051892,21080107,N/A,N/A"
1755312078,N/A,N/A,19484125,19582445,20116683,20242460,2104718770,2089538671,1,1,2030423975,2032560228,19565130,19443832,2025124688,2024162775",0,0,N/A,N/A,21601883,21415669,2012501452,2014006179,1,1,20061840,19959496,2036447518,2035318446,2024162775,2025124687",0,0,20488848,20384506,N/A,N/A,21286727,21343827,20816268,20565748,2061908412,2066284922,2032560228,2030423974,2031337973,2031251519",0,0,19582444,19484124,1,1,N/A,N/A,21700600,21670612,2035318446,2036447517,2066284922,2061908411,2002558597,2003480671",0,0,2034885921,2035788522,0,1,2063687976,2090342098,N/A,N/A,19959495,20061839,21080108,21051893,2003267390,2000583045",0,0,1897199487,1933010736,0,1,2014006178,2012501451,21678868,21712449,N/A,N/A,19443831,19565129,2000583044,2003267389",0,0,2034756948,2034128135,20245275,20118615,21190587,21120949,0,1,21331154,21451072,N/A,N/A,2031250608,2031337061",0,0,1930794442,1930791641,21415669,21601882,21343826,21286726,0,1,1953810811,1957088180,21051892,21080107,N/A,N/A"
1755312080,N/A,N/A,19484125,19582445,20116683,20242460,2104718770,2089538671,1,1,2030423975,2032560228,19565130,19443832,2025124688,2024162775",0,0,N/A,N/A,21601883,21415669,2012501452,2014006179,1,1,20061840,19959496,2036447518,2035318446,2024162775,2025124687",0,0,20488848,20384506,N/A,N/A,21286727,21343827,20816268,20565748,2061908412,2066284922,2032560228,2030423974,2031337973,2031251519",0,0,19582444,19484124,1,1,N/A,N/A,21700600,21670612,2035318446,2036447517,2066284922,2061908411,2002558597,2003480671",0,0,2034885921,2035788522,0,1,2063687976,2090342098,N/A,N/A,19959495,20061839,21080108,21051893,2003267390,2000583045",0,0,1897199487,1933010736,0,1,2014006178,2012501451,21678868,21712449,N/A,N/A,19443831,19565129,2000583044,2003267389",0,0,2034756948,2034128135,20245275,20118615,21190587,21120949,0,1,21331154,21451072,N/A,N/A,2031250608,2031337061",0,0,1930794442,1930791641,21415669,21601882,21343826,21286726,0,1,1953810811,1957088180,21051892,21080107,N/A,N/A"
1755312081,N/A,N/A,19484125,19582445,20116683,20242460,2104718770,2089538671,1,1,2030423975,2032560228,19565130,19443832,2025124688,2024162775",0,0,N/A,N/A,21601883,21415669,2012501452,2014006179,1,1,20061840,19959496,2036447518,2035318446,2024162775,2025124687",0,0,20488848,20384506,N/A,N/A,21286727,21343827,20816268,20565748,2061908412,2066284922,2032560228,2030423974,2031337973,2031251519",0,0,19582444,19484124,1,1,N/A,N/A,21700600,21670612,2035318446,2036447517,2066284922,2061908411,2002558597,2003480671",0,0,2034885921,2035788522,0,1,2063687976,2090342098,N/A,N/A,19959495,20061839,21080108,21051893,2003267390,2000583045",0,0,1897199487,1933010736,0,1,2014006178,2012501451,21678868,21712449,N/A,N/A,19443831,19565129,2000583044,2003267389",0,0,2034756948,2034128135,20245275,20118615,21190587,21120949,0,1,21331154,21451072,N/A,N/A,2031250608,2031337061",0,0,1930794442,1930791641,21415669,21601882,21343826,21286726,0,1,1953810811,1957088180,21051892,21080107,N/A,N/A"
1755312083,N/A,N/A,19484125,19582445,20116683,20242460,2104718770,2089538671,1,1,2030423975,2032560228,19565130,19443832,2025124688,2024162775",0,0,N/A,N/A,21601883,21415669,2012501452,2014006179,1,1,20061840,19959496,2036447518,2035318446,2024162775,2025124687",0,0,20488848,20384506,N/A,N/A,21286727,21343827,20816268,20565748,2061908412,2066284922,2032560228,2030423974,2031337973,2031251519",0,0,19582444,19484124,1,1,N/A,N/A,21700600,21670612,2035318446,2036447517,2066284922,2061908411,2002558597,2003480671",0,0,2034885921,2035788522,0,1,2063687976,2090342098,N/A,N/A,19959495,20061839,21080108,21051893,2003267390,2000583045",0,0,1897199487,1933010736,0,1,2014006178,2012501451,21678868,21712449,N/A,N/A,19443831,19565129,2000583044,2003267389",0,0,2034756948,2034128135,20245275,20118615,21190587,21120949,0,1,21331154,21451072,N/A,N/A,2031250608,2031337061",0,0,1930794442,1930791641,21415669,21601882,21343826,21286726,0,1,1953810811,1957088180,21051892,21080107,N/A,N/A"
1755312085,N/A,N/A,19484125,19582445,20116683,20242460,2104718770,2089538671,1,1,2030423975,2032560228,19565130,19443832,2025124688,2024162775",0,0,N/A,N/A,21601883,21415669,2012501452,2014006179,1,1,20061840,19959496,2036447518,2035318446,2024162775,2025124687",0,0,20488848,20384506,N/A,N/A,21286727,21343827,20816268,20565748,2061908412,2066284922,2032560228,2030423974,2031337973,2031251519",0,0,19582444,19484124,1,1,N/A,N/A,21700600,21670612,2035318446,2036447517,2066284922,2061908411,2002558597,2003480671",0,0,2034885921,2035788522,0,1,2063687976,2090342098,N/A,N/A,19959495,20061839,21080108,21051893,2003267390,2000583045",0,0,1897199487,1933010736,0,1,2014006178,2012501451,21678868,21712449,N/A,N/A,19443831,19565129,2000583044,2003267389",0,0,2034756948,2034128135,20245275,20118615,21190587,21120949,0,1,21331154,21451072,N/A,N/A,2031250608,2031337061",0,0,1930794442,1930791641,21415669,21601882,21343826,21286726,0,1,1953810811,1957088180,21051892,21080107,N/A,N/A"
1755312086,N/A,N/A,19484125,19582445,20116683,20242460,2104718770,2089538671,1,1,2030423975,2032560228,19565130,19443832,2025124688,2024162775",0,0,N/A,N/A,21601883,21415669,2012501452,2014006179,1,1,20061840,19959496,2036447518,2035318446,2024162775,2025124687",0,0,20488848,20384506,N/A,N/A,21286727,21343827,20816268,20565748,2061908412,2066284922,2032560228,2030423974,2031337973,2031251519",0,0,19582444,19484124,1,1,N/A,N/A,21700600,21670612,2035318446,2036447517,2066284922,2061908411,2002558597,2003480671",0,0,2034885921,2035788522,0,1,2063687976,2090342098,N/A,N/A,19959495,20061839,21080108,21051893,2003267390,2000583045",0,0,1897199487,1933010736,0,1,2014006178,2012501451,21678868,21712449,N/A,N/A,19443831,19565129,2000583044,2003267389",0,0,2034756948,2034128135,20245275,20118615,21190587,21120949,0,1,21331154,21451072,N/A,N/A,2031250608,2031337061",0,0,1930794442,1930791641,21415669,21601882,21343826,21286726,0,1,1953810811,1957088180,21051892,21080107,N/A,N/A"
1755312088,N/A,N/A,19484125,19582445,20116683,20242460,2104718770,2089538671,1,1,2030423975,2032560228,19565130,19443832,2025124688,2024162775",0,0,N/A,N/A,21601883,21415669,2012501452,2014006179,1,1,20061840,19959496,2036447518,2035318446,2024162775,2025124687",0,0,20488848,20384506,N/A,N/A,21286727,21343827,20816268,20565748,2061908412,2066284922,2032560228,2030423974,2031337973,2031251519",0,0,19582444,19484124,1,1,N/A,N/A,21700600,21670612,2035318446,2036447517,2066284922,2061908411,2002558597,2003480671",0,0,2034885921,2035788522,0,1,2063687976,2090342098,N/A,N/A,19959495,20061839,21080108,21051893,2003267390,2000583045",0,0,1897199487,1933010736,0,1,2014006178,2012501451,21678868,21712449,N/A,N/A,19443831,19565129,2000583044,2003267389",0,0,2034756948,2034128135,20245275,20118615,21190587,21120949,0,1,21331154,21451072,N/A,N/A,2031250608,2031337061",0,0,1930794442,1930791641,21415669,21601882,21343826,21286726,0,1,1953810811,1957088180,21051892,21080107,N/A,N/A"
1755312090,N/A,N/A,19484125,19582445,20116683,20242460,2104718770,2089538671,1,1,2030423975,2032560228,19565130,19443832,2025124688,2024162775",0,0,N/A,N/A,21601883,21415669,2012501452,2014006179,1,1,20061840,19959496,2036447518,2035318446,2024162775,2025124687",0,0,20488848,20384506,N/A,N/A,21286727,21343827,20816268,20565748,2061908412,2066284922,2032560228,2030423974,2031337973,2031251519",0,0,19582444,19484124,1,1,N/A,N/A,21700600,21670612,2035318446,2036447517,2066284922,2061908411,2002558597,2003480671",0,0,2034885921,2035788522,0,1,2063687976,2090342098,N/A,N/A,19959495,20061839,21080108,21051893,2003267390,2000583045",0,0,1897199487,1933010736,0,1,2014006178,2012501451,21678868,21712449,N/A,N/A,19443831,19565129,2000583044,2003267389",0,0,2034756948,2034128135,20245275,20118615,21190587,21120949,0,1,21331154,21451072,N/A,N/A,2031250608,2031337061",0,0,1930794442,1930791641,21415669,21601882,21343826,21286726,0,1,1953810811,1957088180,21051892,21080107,N/A,N/A"
1755312091,N/A,N/A,19484125,19582445,20116683,20242460,2104718770,2089538671,1,1,2030423975,2032560228,19565130,19443832,2025124688,2024162775",0,0,N/A,N/A,21601883,21415669,2012501452,2014006179,1,1,20061840,19959496,2036447518,2035318446,2024162775,2025124687",0,0,20488848,20384506,N/A,N/A,21286727,21343827,20816268,20565748,2061908412,2066284922,2032560228,2030423974,2031337973,2031251519",0,0,19582444,19484124,1,1,N/A,N/A,21700600,21670612,2035318446,2036447517,2066284922,2061908411,2002558597,2003480671",0,0,2034885921,2035788522,0,1,2063687976,2090342098,N/A,N/A,19959495,20061839,21080108,21051893,2003267390,2000583045",0,0,1897199487,1933010736,0,1,2014006178,2012501451,21678868,21712449,N/A,N/A,19443831,19565129,2000583044,2003267389",0,0,2034756948,2034128135,20245275,20118615,21190587,21120949,0,1,21331154,21451072,N/A,N/A,2031250608,2031337061",0,0,1930794442,1930791641,21415669,21601882,21343826,21286726,0,1,1953810811,1957088180,21051892,21080107,N/A,N/A"
1755312093,N/A,N/A,19484125,19582445,20116683,20242460,2104718770,2089538671,1,1,2030423975,2032560228,19565130,19443832,2025124688,2024162775",0,0,N/A,N/A,21601883,21415669,2012501452,2014006179,1,1,20061840,19959496,2036447518,2035318446,2024162775,2025124687",0,0,20488848,20384506,N/A,N/A,21286727,21343827,20816268,20565748,2061908412,2066284922,2032560228,2030423974,2031337973,2031251519",0,0,19582444,19484124,1,1,N/A,N/A,21700600,21670612,2035318446,2036447517,2066284922,2061908411,2002558597,2003480671",0,0,2034885921,2035788522,0,1,2063687976,2090342098,N/A,N/A,19959495,20061839,21080108,21051893,2003267390,2000583045",0,0,1897199487,1933010736,0,1,2014006178,2012501451,21678868,21712449,N/A,N/A,19443831,19565129,2000583044,2003267389",0,0,2034756948,2034128135,20245275,20118615,21190587,21120949,0,1,21331154,21451072,N/A,N/A,2031250608,2031337061",0,0,1930794442,1930791641,21415669,21601882,21343826,21286726,0,1,1953810811,1957088180,21051892,21080107,N/A,N/A"
1755312095,N/A,N/A,19484125,19582445,20116683,20242460,2104718770,2089538671,1,1,2030423975,2032560228,19565130,19443832,2025124688,2024162775",0,0,N/A,N/A,21601883,21415669,2012501452,2014006179,1,1,20061840,19959496,2036447518,2035318446,2024162775,2025124687",0,0,20488848,20384506,N/A,N/A,21286727,21343827,20816268,20565748,2061908412,2066284922,2032560228,2030423974,2031337973,2031251519",0,0,19582444,19484124,1,1,N/A,N/A,21700600,21670612,2035318446,2036447517,2066284922,2061908411,2002558597,2003480671",0,0,2034885921,2035788522,0,1,2063687976,2090342098,N/A,N/A,19959495,20061839,21080108,21051893,2003267390,2000583045",0,0,1897199487,1933010736,0,1,2014006178,2012501451,21678868,21712449,N/A,N/A,19443831,19565129,2000583044,2003267389",0,0,2034756948,2034128135,20245275,20118615,21190587,21120949,0,1,21331154,21451072,N/A,N/A,2031250608,2031337061",0,0,1930794442,1930791641,21415669,21601882,21343826,21286726,0,1,1953810811,1957088180,21051892,21080107,N/A,N/A"
1755312096,N/A,N/A,19484125,19582445,20116683,20242460,2104718770,2089538671,1,1,2030423975,2032560228,19565130,19443832,2025124688,2024162775",0,0,N/A,N/A,21601883,21415669,2012501452,2014006179,1,1,20061840,19959496,2036447518,2035318446,2024162775,2025124687",0,0,20488848,20384506,N/A,N/A,21286727,21343827,20816268,20565748,2061908412,2066284922,2032560228,2030423974,2031337973,2031251519",0,0,19582444,19484124,1,1,N/A,N/A,21700600,21670612,2035318446,2036447517,2066284922,2061908411,2002558597,2003480671",0,0,2034885921,2035788522,0,1,2063687976,2090342098,N/A,N/A,19959495,20061839,21080108,21051893,2003267390,2000583045",0,0,1897199487,1933010736,0,1,2014006178,2012501451,21678868,21712449,N/A,N/A,19443831,19565129,2000583044,2003267389",0,0,2034756948,2034128135,20245275,20118615,21190587,21120949,0,1,21331154,21451072,N/A,N/A,2031250608,2031337061",0,0,1930794442,1930791641,21415669,21601882,21343826,21286726,0,1,1953810811,1957088180,21051892,21080107,N/A,N/A"
1755312098,N/A,N/A,19484125,19582445,20116683,20242460,2104718770,2089538671,1,1,2030423975,2032560228,19565130,19443832,2025124688,2024162775",0,0,N/A,N/A,21601883,21415669,2012501452,2014006179,1,1,20061840,19959496,2036447518,2035318446,2024162775,2025124687",0,0,20488848,20384506,N/A,N/A,21286727,21343827,20816268,20565748,2061908412,2066284922,2032560228,2030423974,2031337973,2031251519",0,0,19582444,19484124,1,1,N/A,N/A,21700600,21670612,2035318446,2036447517,2066284922,2061908411,2002558597,2003480671",0,0,2034885921,2035788522,0,1,2063687976,2090342098,N/A,N/A,19959495,20061839,21080108,21051893,2003267390,2000583045",0,0,1897199487,1933010736,0,1,2014006178,2012501451,21678868,21712449,N/A,N/A,19443831,19565129,2000583044,2003267389",0,0,2034756948,2034128135,20245275,20118615,21190587,21120949,0,1,21331154,21451072,N/A,N/A,2031250608,2031337061",0,0,1930794442,1930791641,21415669,21601882,21343826,21286726,0,1,1953810811,1957088180,21051892,21080107,N/A,N/A"
1755312100,N/A,N/A,19484125,19582445,20116683,20242460,2104718770,2089538671,1,1,2030423975,2032560228,19565130,19443832,2025124688,2024162775",0,0,N/A,N/A,21601883,21415669,2012501452,2014006179,1,1,20061840,19959496,2036447518,2035318446,2024162775,2025124687",0,0,20488848,20384506,N/A,N/A,21286727,21343827,20816268,20565748,2061908412,2066284922,2032560228,2030423974,2031337973,2031251519",0,0,19582444,19484124,1,1,N/A,N/A,21700600,21670612,2035318446,2036447517,2066284922,2061908411,2002558597,2003480671",0,0,2034885921,2035788522,0,1,2063687976,2090342098,N/A,N/A,19959495,20061839,21080108,21051893,2003267390,2000583045",0,0,1897199487,1933010736,0,1,2014006178,2012501451,21678868,21712449,N/A,N/A,19443831,19565129,2000583044,2003267389",0,0,2034756948,2034128135,20245275,20118615,21190587,21120949,0,1,21331154,21451072,N/A,N/A,2031250608,2031337061",0,0,1930794442,1930791641,21415669,21601882,21343826,21286726,0,1,1953810811,1957088180,21051892,21080107,N/A,N/A"
1755312101,N/A,N/A,19484125,19582445,20116683,20242460,2104718770,2089538671,1,1,2030423975,2032560228,19565130,19443832,2025124688,2024162775",0,0,N/A,N/A,21601883,21415669,2012501452,2014006179,1,1,20061840,19959496,2036447518,2035318446,2024162775,2025124687",0,0,20488848,20384506,N/A,N/A,21286727,21343827,20816268,20565748,2061908412,2066284922,2032560228,2030423974,2031337973,2031251519",0,0,19582444,19484124,1,1,N/A,N/A,21700600,21670612,2035318446,2036447517,2066284922,2061908411,2002558597,2003480671",0,0,2034885921,2035788522,0,1,2063687976,2090342098,N/A,N/A,19959495,20061839,21080108,21051893,2003267390,2000583045",0,0,1897199487,1933010736,0,1,2014006178,2012501451,21678868,21712449,N/A,N/A,19443831,19565129,2000583044,2003267389",0,0,2034756948,2034128135,20245275,20118615,21190587,21120949,0,1,21331154,21451072,N/A,N/A,2031250608,2031337061",0,0,1930794442,1930791641,21415669,21601882,21343826,21286726,0,1,1953810811,1957088180,21051892,21080107,N/A,N/A"
1755312103,N/A,N/A,19484125,19582445,20116683,20242460,2104718770,2089538671,1,1,2030423975,2032560228,19565130,19443832,2025124688,2024162775",0,0,N/A,N/A,21601883,21415669,2012501452,2014006179,1,1,20061840,19959496,2036447518,2035318446,2024162775,2025124687",0,0,20488848,20384506,N/A,N/A,21286727,21343827,20816268,20565748,2061908412,2066284922,2032560228,2030423974,2031337973,2031251519",0,0,19582444,19484124,1,1,N/A,N/A,21700600,21670612,2035318446,2036447517,2066284922,2061908411,2002558597,2003480671",0,0,2034885921,2035788522,0,1,2063687976,2090342098,N/A,N/A,19959495,20061839,21080108,21051893,2003267390,2000583045",0,0,1897199487,1933010736,0,1,2014006178,2012501451,21678868,21712449,N/A,N/A,19443831,19565129,2000583044,2003267389",0,0,2034756948,2034128135,20245275,20118615,21190587,21120949,0,1,21331154,21451072,N/A,N/A,2031250608,2031337061",0,0,1930794442,1930791641,21415669,21601882,21343826,21286726,0,1,1953810811,1957088180,21051892,21080107,N/A,N/A"
1755312105,N/A,N/A,19484125,19582445,20116683,20242460,2104718770,2089538671,1,1,2030423975,2032560228,19565130,19443832,2025124688,2024162775",0,0,N/A,N/A,21601883,21415669,2012501452,2014006179,1,1,20061840,19959496,2036447518,2035318446,2024162775,2025124687",0,0,20488848,20384506,N/A,N/A,21286727,21343827,20816268,20565748,2061908412,2066284922,2032560228,2030423974,2031337973,2031251519",0,0,19582444,19484124,1,1,N/A,N/A,21700600,21670612,2035318446,2036447517,2066284922,2061908411,2002558597,2003480671",0,0,2034885921,2035788522,0,1,2063687976,2090342098,N/A,N/A,19959495,20061839,21080108,21051893,2003267390,2000583045",0,0,1897199487,1933010736,0,1,2014006178,2012501451,21678868,21712449,N/A,N/A,19443831,19565129,2000583044,2003267389",0,0,2034756948,2034128135,20245275,20118615,21190587,21120949,0,1,21331154,21451072,N/A,N/A,2031250608,2031337061",0,0,1930794442,1930791641,21415669,21601882,21343826,21286726,0,1,1953810811,1957088180,21051892,21080107,N/A,N/A"
1755312106,N/A,N/A,19484125,19582445,20116683,20242460,2104718770,2089538671,1,1,2030423975,2032560228,19565130,19443832,2025124688,2024162775",0,0,N/A,N/A,21601883,21415669,2012501452,2014006179,1,1,20061840,19959496,2036447518,2035318446,2024162775,2025124687",0,0,20488848,20384506,N/A,N/A,21286727,21343827,20816268,20565748,2061908412,2066284922,2032560228,2030423974,2031337973,2031251519",0,0,19582444,19484124,1,1,N/A,N/A,21700600,21670612,2035318446,2036447517,2066284922,2061908411,2002558597,2003480671",0,0,2034885921,2035788522,0,1,2063687976,2090342098,N/A,N/A,19959495,20061839,21080108,21051893,2003267390,2000583045",0,0,1897199487,1933010736,0,1,2014006178,2012501451,21678868,21712449,N/A,N/A,19443831,19565129,2000583044,2003267389",0,0,2034756948,2034128135,20245275,20118615,21190587,21120949,0,1,21331154,21451072,N/A,N/A,2031250608,2031337061",0,0,1930794442,1930791641,21415669,21601882,21343826,21286726,0,1,1953810811,1957088180,21051892,21080107,N/A,N/A"
