Timestamp,gpu0r0,gpu0w0,gpu0r1,gpu0w1,gpu0r2,gpu0w2,gpu0r3,gpu0w3,gpu0r4,gpu0w4,gpu0r5,gpu0w5,gpu0r6,gpu0w6,gpu0r7,gpu0w7,gpu1r0,gpu1w0,gpu1r1,gpu1w1,gpu1r2,gpu1w2,gpu1r3,gpu1w3,gpu1r4,gpu1w4,gpu1r5,gpu1w5,gpu1r6,gpu1w6,gpu1r7,gpu1w7,gpu2r0,gpu2w0,gpu2r1,gpu2w1,gpu2r2,gpu2w2,gpu2r3,gpu2w3,gpu2r4,gpu2w4,gpu2r5,gpu2w5,gpu2r6,gpu2w6,gpu2r7,gpu2w7,gpu3r0,gpu3w0,gpu3r1,gpu3w1,gpu3r2,gpu3w2,gpu3r3,gpu3w3,gpu3r4,gpu3w4,gpu3r5,gpu3w5,gpu3r6,gpu3w6,gpu3r7,gpu3w7,gpu4r0,gpu4w0,gpu4r1,gpu4w1,gpu4r2,gpu4w2,gpu4r3,gpu4w3,gpu4r4,gpu4w4,gpu4r5,gpu4w5,gpu4r6,gpu4w6,gpu4r7,gpu4w7,gpu5r0,gpu5w0,gpu5r1,gpu5w1,gpu5r2,gpu5w2,gpu5r3,gpu5w3,gpu5r4,gpu5w4,gpu5r5,gpu5w5,gpu5r6,gpu5w6,gpu5r7,gpu5w7,gpu6r0,gpu6w0,gpu6r1,gpu6w1,gpu6r2,gpu6w2,gpu6r3,gpu6w3,gpu6r4,gpu6w4,gpu6r5,gpu6w5,gpu6r6,gpu6w6,gpu6r7,gpu6w7,gpu7r0,gpu7w0,gpu7r1,gpu7w1,gpu7r2,gpu7w2,gpu7r3,gpu7w3,gpu7r4,gpu7w4,gpu7r5,gpu7w5,gpu7r6,gpu7w6,gpu7r7,gpu7w7
1755379331,N/A,N/A,3675933301,3697160988,688797265,705714819,9521797538,9518265328,1591574628,1603936823,9208565922,9242133996,248301940,248229748,17161450553,17116466543",0,0,N/A,N/A,896050031,895436876,9338081693,9336744312,182592602,182551338,250312180,250683708,10837900086,10767298423,17124581476,17178352713",0,0,3314702983,3383992330,N/A,N/A,886608143,887220784,249556943,249136470,13562832093,13536955847,9242133995,9208567283,9181827713,9191507228",0,0,3697856106,3676695944,1422622963,1394036213,N/A,N/A,257236045,257359378,10859898975,10777874611,13536930720,13562877165,12051798263,12050317656",0,0,8750693188,8762144676,1394050376,1422624863,9518481376,9522063999,N/A,N/A,250726125,250502633,2333621974,2339980114,10994672084,10966660479",0,0,9423819847,9428534592,181726083,181894951,9336844288,9338142388,257359386,257236070,N/A,N/A,248229731,248301949,10966722298,10994756012",0,0,8764052862,8752968485,705714819,688797265,247002128,246664427,182550876,182592001,2370602145,2417256604,N/A,N/A,9172339491,9190376665",0,0,9428625443,9423784276,895436863,896050031,887221783,886610421,1603923304,1591549055,11283375094,11291437361,2339980113,2333621973,N/A,N/A"
1755379332,N/A,N/A,3675933301,3697160988,688797265,705714819,9521797538,9518265328,1591574628,1603936823,9208565922,9242133996,248301940,248229748,17161450553,17116466543",0,0,N/A,N/A,896050031,895436876,9338081693,9336744312,182592602,182551338,250312180,250683708,10837900086,10767298423,17124581476,17178352713",0,0,3314702983,3383992330,N/A,N/A,886608143,887220784,249556943,249136470,13562832093,13536955847,9242133995,9208567283,9181827713,9191507228",0,0,3697856106,3676695944,1422622963,1394036213,N/A,N/A,257236045,257359378,10859898975,10777874611,13536930720,13562877165,12051798263,12050317656",0,0,8750693188,8762144676,1394050376,1422624863,9518481376,9522063999,N/A,N/A,250726125,250502633,2333621974,2339980114,10994672084,10966660479",0,0,9423819847,9428534592,181726083,181894951,9336844288,9338142388,257359386,257236070,N/A,N/A,248229731,248301949,10966722298,10994756012",0,0,8764052862,8752968485,705714819,688797265,247002128,246664427,182550876,182592001,2370602145,2417256604,N/A,N/A,9172339491,9190376665",0,0,9428625443,9423784276,895436863,896050031,887221783,886610421,1603923304,1591549055,11283375094,11291437361,2339980113,2333621973,N/A,N/A"
1755379334,N/A,N/A,3675933301,3697160988,688797265,705714819,9521797538,9518265328,1591574628,1603936823,9208565922,9242133996,248301940,248229748,17161450553,17116466543",0,0,N/A,N/A,896050031,895436876,9338081693,9336744312,182592602,182551338,250312180,250683708,10837900086,10767298423,17124581476,17178352713",0,0,3314702983,3383992330,N/A,N/A,886608143,887220784,249556943,249136470,13562832093,13536955847,9242133995,9208567283,9181827713,9191507228",0,0,3697856106,3676695944,1422622963,1394036213,N/A,N/A,257236045,257359378,10859898975,10777874611,13536930720,13562877165,12051798263,12050317656",0,0,8750693188,8762144676,1394050376,1422624863,9518481376,9522063999,N/A,N/A,250726125,250502633,2333621974,2339980114,10994672084,10966660479",0,0,9423819847,9428534592,181726083,181894951,9336844288,9338142388,257359386,257236070,N/A,N/A,248229731,248301949,10966722298,10994756012",0,0,8764052862,8752968485,705714819,688797265,247002128,246664427,182550876,182592001,2370602145,2417256604,N/A,N/A,9172339491,9190376665",0,0,9428625443,9423784276,895436863,896050031,887221783,886610421,1603923304,1591549055,11283375094,11291437361,2339980113,2333621973,N/A,N/A"
1755379335,N/A,N/A,3675933301,3697160988,688797265,705714819,9521797538,9518265328,1591574628,1603936823,9208565922,9242133996,248301940,248229748,17161450553,17116466543",0,0,N/A,N/A,896050031,895436876,9338081693,9336744312,182592602,182551338,250312180,250683708,10837900086,10767298423,17124581476,17178352713",0,0,3314702983,3383992330,N/A,N/A,886608143,887220784,249556943,249136470,13562832093,13536955847,9242133995,9208567283,9181827713,9191507228",0,0,3697856106,3676695944,1422622963,1394036213,N/A,N/A,257236045,257359378,10859898975,10777874611,13536930720,13562877165,12051798263,12050317656",0,0,8750693188,8762144676,1394050376,1422624863,9518481376,9522063999,N/A,N/A,250726125,250502633,2333621974,2339980114,10994672084,10966660479",0,0,9423819847,9428534592,181726083,181894951,9336844288,9338142388,257359386,257236070,N/A,N/A,248229731,248301949,10966722298,10994756012",0,0,8764052862,8752968485,705714819,688797265,247002128,246664427,182550876,182592001,2370602145,2417256604,N/A,N/A,9172339491,9190376665",0,0,9428625443,9423784276,895436863,896050031,887221783,886610421,1603923304,1591549055,11283375094,11291437361,2339980113,2333621973,N/A,N/A"
1755379337,N/A,N/A,3675933301,3697160988,688797265,705714819,9521797538,9518265328,1591574628,1603936823,9208565922,9242133996,248301940,248229748,17161450553,17116466543",0,0,N/A,N/A,896050031,895436876,9338081693,9336744312,182592602,182551338,250312180,250683708,10837900086,10767298423,17124581476,17178352713",0,0,3314702983,3383992330,N/A,N/A,886608143,887220784,249556943,249136470,13562832093,13536955847,9242133995,9208567283,9181827713,9191507228",0,0,3697856106,3676695944,1422622963,1394036213,N/A,N/A,257236045,257359378,10859898975,10777874611,13536930720,13562877165,12051798263,12050317656",0,0,8750693188,8762144676,1394050376,1422624863,9518481376,9522063999,N/A,N/A,250726125,250502633,2333621974,2339980114,10994672084,10966660479",0,0,9423819847,9428534592,181726083,181894951,9336844288,9338142388,257359386,257236070,N/A,N/A,248229731,248301949,10966722298,10994756012",0,0,8764052862,8752968485,705714819,688797265,247002128,246664427,182550876,182592001,2370602145,2417256604,N/A,N/A,9172339491,9190376665",0,0,9428625443,9423784276,895436863,896050031,887221783,886610421,1603923304,1591549055,11283375094,11291437361,2339980113,2333621973,N/A,N/A"
1755379338,N/A,N/A,3675933301,3697160988,688797265,705714819,9521797538,9518265328,1591574628,1603936823,9208565922,9242133996,248301940,248229748,17161450553,17116466543",0,0,N/A,N/A,896050031,895436876,9338081693,9336744312,182592602,182551338,250312180,250683708,10837900086,10767298423,17124581476,17178352713",0,0,3314702983,3383992330,N/A,N/A,886608143,887220784,249556943,249136470,13562832093,13536955847,9242133995,9208567283,9181827713,9191507228",0,0,3697856106,3676695944,1422622963,1394036213,N/A,N/A,257236045,257359378,10859898975,10777874611,13536930720,13562877165,12051798263,12050317656",0,0,8750693188,8762144676,1394050376,1422624863,9518481376,9522063999,N/A,N/A,250726125,250502633,2333621974,2339980114,10994672084,10966660479",0,0,9423819847,9428534592,181726083,181894951,9336844288,9338142388,257359386,257236070,N/A,N/A,248229731,248301949,10966722298,10994756012",0,0,8764052862,8752968485,705714819,688797265,247002128,246664427,182550876,182592001,2370602145,2417256604,N/A,N/A,9172339491,9190376665",0,0,9428625443,9423784276,895436863,896050031,887221783,886610421,1603923304,1591549055,11283375094,11291437361,2339980113,2333621973,N/A,N/A"
1755379339,N/A,N/A,3675933301,3697160988,688797265,705714819,9521797538,9518265328,1591574628,1603936823,9208565922,9242133996,248301940,248229748,17161450553,17116466543",0,0,N/A,N/A,896050031,895436876,9338081693,9336744312,182592602,182551338,250312180,250683708,10837900086,10767298423,17124581476,17178352713",0,0,3314702983,3383992330,N/A,N/A,886608143,887220784,249556943,249136470,13562832093,13536955847,9242133995,9208567283,9181827713,9191507228",0,0,3697856106,3676695944,1422622963,1394036213,N/A,N/A,257236045,257359378,10859898975,10777874611,13536930720,13562877165,12051798263,12050317656",0,0,8750693188,8762144676,1394050376,1422624863,9518481376,9522063999,N/A,N/A,250726125,250502633,2333621974,2339980114,10994672084,10966660479",0,0,9423819847,9428534592,181726083,181894951,9336844288,9338142388,257359386,257236070,N/A,N/A,248229731,248301949,10966722298,10994756012",0,0,8764052862,8752968485,705714819,688797265,247002128,246664427,182550876,182592001,2370602145,2417256604,N/A,N/A,9172339491,9190376665",0,0,9428625443,9423784276,895436863,896050031,887221783,886610421,1603923304,1591549055,11283375094,11291437361,2339980113,2333621973,N/A,N/A"
1755379341,N/A,N/A,3675933301,3697160988,688797265,705714819,9521797538,9518265328,1591574628,1603936823,9208565922,9242133996,248301940,248229748,17161450553,17116466543",0,0,N/A,N/A,896050031,895436876,9338081693,9336744312,182592602,182551338,250312180,250683708,10837900086,10767298423,17124581476,17178352713",0,0,3314702983,3383992330,N/A,N/A,886608143,887220784,249556943,249136470,13562832093,13536955847,9242133995,9208567283,9181827713,9191507228",0,0,3697856106,3676695944,1422622963,1394036213,N/A,N/A,257236045,257359378,10859898975,10777874611,13536930720,13562877165,12051798263,12050317656",0,0,8750693188,8762144676,1394050376,1422624863,9518481376,9522063999,N/A,N/A,250726125,250502633,2333621974,2339980114,10994672084,10966660479",0,0,9423819847,9428534592,181726083,181894951,9336844288,9338142388,257359386,257236070,N/A,N/A,248229731,248301949,10966722298,10994756012",0,0,8764052862,8752968485,705714819,688797265,247002128,246664427,182550876,182592001,2370602145,2417256604,N/A,N/A,9172339491,9190376665",0,0,9428625443,9423784276,895436863,896050031,887221783,886610421,1603923304,1591549055,11283375094,11291437361,2339980113,2333621973,N/A,N/A"
1755379342,N/A,N/A,3675933301,3697160988,688797265,705714819,9521797538,9518265328,1591574628,1603936823,9208565922,9242133996,248301940,248229748,17161450553,17116466543",0,0,N/A,N/A,896050031,895436876,9338081693,9336744312,182592602,182551338,250312180,250683708,10837900086,10767298423,17124581476,17178352713",0,0,3314702983,3383992330,N/A,N/A,886608143,887220784,249556943,249136470,13562832093,13536955847,9242133995,9208567283,9181827713,9191507228",0,0,3697856106,3676695944,1422622963,1394036213,N/A,N/A,257236045,257359378,10859898975,10777874611,13536930720,13562877165,12051798263,12050317656",0,0,8750693188,8762144676,1394050376,1422624863,9518481376,9522063999,N/A,N/A,250726125,250502633,2333621974,2339980114,10994672084,10966660479",0,0,9423819847,9428534592,181726083,181894951,9336844288,9338142388,257359386,257236070,N/A,N/A,248229731,248301949,10966722298,10994756012",0,0,8764052862,8752968485,705714819,688797265,247002128,246664427,182550876,182592001,2370602145,2417256604,N/A,N/A,9172339491,9190376665",0,0,9428625443,9423784276,895436863,896050031,887221783,886610421,1603923304,1591549055,11283375094,11291437361,2339980113,2333621973,N/A,N/A"
1755379344,N/A,N/A,3675933301,3697160988,688797265,705714819,9521797538,9518265328,1591574628,1603936823,9208565922,9242133996,248301940,248229748,17161450553,17116466543",0,0,N/A,N/A,896050031,895436876,9338081693,9336744312,182592602,182551338,250312180,250683708,10837900086,10767298423,17124581476,17178352713",0,0,3314702983,3383992330,N/A,N/A,886608143,887220784,249556943,249136470,13562832093,13536955847,9242133995,9208567283,9181827713,9191507228",0,0,3697856106,3676695944,1422622963,1394036213,N/A,N/A,257236045,257359378,10859898975,10777874611,13536930720,13562877165,12051798263,12050317656",0,0,8750693188,8762144676,1394050376,1422624863,9518481376,9522063999,N/A,N/A,250726125,250502633,2333621974,2339980114,10994672084,10966660479",0,0,9423819847,9428534592,181726083,181894951,9336844288,9338142388,257359386,257236070,N/A,N/A,248229731,248301949,10966722298,10994756012",0,0,8764052862,8752968485,705714819,688797265,247002128,246664427,182550876,182592001,2370602145,2417256604,N/A,N/A,9172339491,9190376665",0,0,9428625443,9423784276,895436863,896050031,887221783,886610421,1603923304,1591549055,11283375094,11291437361,2339980113,2333621973,N/A,N/A"
1755379345,N/A,N/A,3675933301,3697160988,688797265,705714819,9521797538,9518265328,1591574628,1603936823,9208565922,9242133996,248301940,248229748,17161450553,17116466543",0,0,N/A,N/A,896050031,895436876,9338081693,9336744312,182592602,182551338,250312180,250683708,10837900086,10767298423,17124581476,17178352713",0,0,3314702983,3383992330,N/A,N/A,886608143,887220784,249556943,249136470,13562832093,13536955847,9242133995,9208567283,9181827713,9191507228",0,0,3697856106,3676695944,1422622963,1394036213,N/A,N/A,257236045,257359378,10859898975,10777874611,13536930720,13562877165,12051798263,12050317656",0,0,8750693188,8762144676,1394050376,1422624863,9518481376,9522063999,N/A,N/A,250726125,250502633,2333621974,2339980114,10994672084,10966660479",0,0,9423819847,9428534592,181726083,181894951,9336844288,9338142388,257359386,257236070,N/A,N/A,248229731,248301949,10966722298,10994756012",0,0,8764052862,8752968485,705714819,688797265,247002128,246664427,182550876,182592001,2370602145,2417256604,N/A,N/A,9172339491,9190376665",0,0,9428625443,9423784276,895436863,896050031,887221783,886610421,1603923304,1591549055,11283375094,11291437361,2339980113,2333621973,N/A,N/A"
1755379347,N/A,N/A,3675933301,3697160988,688797265,705714819,9521797538,9518265328,1591574628,1603936823,9208565922,9242133996,248301940,248229748,17161450553,17116466543",0,0,N/A,N/A,896050031,895436876,9338081693,9336744312,182592602,182551338,250312180,250683708,10837900086,10767298423,17124581476,17178352713",0,0,3314702983,3383992330,N/A,N/A,886608143,887220784,249556943,249136470,13562832093,13536955847,9242133995,9208567283,9181827713,9191507228",0,0,3697856106,3676695944,1422622963,1394036213,N/A,N/A,257236045,257359378,10859898975,10777874611,13536930720,13562877165,12051798263,12050317656",0,0,8750693188,8762144676,1394050376,1422624863,9518481376,9522063999,N/A,N/A,250726125,250502633,2333621974,2339980114,10994672084,10966660479",0,0,9423819847,9428534592,181726083,181894951,9336844288,9338142388,257359386,257236070,N/A,N/A,248229731,248301949,10966722298,10994756012",0,0,8764052862,8752968485,705714819,688797265,247002128,246664427,182550876,182592001,2370602145,2417256604,N/A,N/A,9172339491,9190376665",0,0,9428625443,9423784276,895436863,896050031,887221783,886610421,1603923304,1591549055,11283375094,11291437361,2339980113,2333621973,N/A,N/A"
1755379348,N/A,N/A,3675933301,3697160988,688797265,705714819,9521797538,9518265328,1591574628,1603936823,9208565922,9242133996,248301940,248229748,17161450553,17116466543",0,0,N/A,N/A,896050031,895436876,9338081693,9336744312,182592602,182551338,250312180,250683708,10837900086,10767298423,17124581476,17178352713",0,0,3314702983,3383992330,N/A,N/A,886608143,887220784,249556943,249136470,13562832093,13536955847,9242133995,9208567283,9181827713,9191507228",0,0,3697856106,3676695944,1422622963,1394036213,N/A,N/A,257236045,257359378,10859898975,10777874611,13536930720,13562877165,12051798263,12050317656",0,0,8750693188,8762144676,1394050376,1422624863,9518481376,9522063999,N/A,N/A,250726125,250502633,2333621974,2339980114,10994672084,10966660479",0,0,9423819847,9428534592,181726083,181894951,9336844288,9338142388,257359386,257236070,N/A,N/A,248229731,248301949,10966722298,10994756012",0,0,8764052862,8752968485,705714819,688797265,247002128,246664427,182550876,182592001,2370602145,2417256604,N/A,N/A,9172339491,9190376665",0,0,9428625443,9423784276,895436863,896050031,887221783,886610421,1603923304,1591549055,11283375094,11291437361,2339980113,2333621973,N/A,N/A"
1755379350,N/A,N/A,3675933301,3697160988,688797265,705714819,9521797538,9518265328,1591574628,1603936823,9208565922,9242133996,248301940,248229748,17166579618,17121605880",0,0,N/A,N/A,896050031,895436876,9338081693,9336744312,182592602,182551338,250312180,250683708,10837900086,10767298423,17129772444,17183544369",0,0,3314702983,3383992330,N/A,N/A,886608143,887220784,249556943,249136470,13562832093,13536955847,9242133995,9208567283,9181827713,9191507228",0,0,3697856106,3676695944,1422622963,1394036213,N/A,N/A,257236045,257359378,10859898975,10777874611,13536930720,13562877165,12051798263,12050317656",0,0,8750693188,8762144676,1394050376,1422624863,9518481376,9522063999,N/A,N/A,250726125,250502633,2333621974,2339980114,10994672084,10966660479",0,0,9423819847,9428534592,181726083,181894951,9336844288,9338142388,257359386,257236070,N/A,N/A,248229731,248301949,10966722298,10994756012",0,0,8764052862,8752968485,705714819,688797265,247002128,246664427,182550876,182592001,2370602145,2417256604,N/A,N/A,9172339491,9190376665",0,0,9428625443,9423784276,895436863,896050031,887221783,886610421,1603923304,1591549055,11283375094,11291437361,2339980113,2333621973,N/A,N/A"
1755379351,N/A,N/A,3675933301,3697160988,688797265,705714819,9521797538,9518265328,1591574628,1603936823,9208565922,9242133996,248301940,248229748,17175484888,17130514119",0,0,N/A,N/A,896050031,895436876,9338081693,9336744312,182592602,182551338,250312180,250683708,10837900086,10767298423,17138680731,17192453923",0,0,3314702983,3383992330,N/A,N/A,886608143,887220784,249556943,249136470,13562832093,13536955847,9242133995,9208567283,9181827713,9191507228",0,0,3697856106,3676695944,1422622963,1394036213,N/A,N/A,257236045,257359378,10859898975,10777874611,13536930720,13562877165,12051798263,12050317656",0,0,8750693188,8762144676,1394050376,1422624863,9518481376,9522063999,N/A,N/A,250726125,250502633,2333621974,2339980114,10994672084,10966660479",0,0,9423819847,9428534592,181726083,181894951,9336844288,9338142388,257359386,257236070,N/A,N/A,248229731,248301949,10966722298,10994756012",0,0,8764052862,8752968485,705714819,688797265,247002128,246664427,182550876,182592001,2370602145,2417256604,N/A,N/A,9172339491,9190376665",0,0,9428625443,9423784276,895436863,896050031,887221783,886610421,1603923304,1591549055,11283375094,11291437361,2339980113,2333621973,N/A,N/A"
1755379353,N/A,N/A,3675933301,3697160988,688797265,705714819,9521797538,9518265328,1591574628,1603936823,9208565922,9242133996,248301940,248229748,17186136484,17141178397",0,0,N/A,N/A,896050031,895436876,9338081693,9336744312,182592602,182551338,250312180,250683708,10837900086,10767298423,17149344975,17203105614",0,0,3314702983,3383992330,N/A,N/A,886608143,887220784,249556943,249136470,13562832093,13536955847,9242133995,9208567283,9181827713,9191507228",0,0,3697856106,3676695944,1422622963,1394036213,N/A,N/A,257236045,257359378,10859898975,10777874611,13536930720,13562877165,12051798263,12050317656",0,0,8750693188,8762144676,1394050376,1422624863,9518481376,9522063999,N/A,N/A,250726125,250502633,2333621974,2339980114,10994672084,10966660479",0,0,9423819847,9428534592,181726083,181894951,9336844288,9338142388,257359386,257236070,N/A,N/A,248229731,248301949,10966722298,10994756012",0,0,8764052862,8752968485,705714819,688797265,247002128,246664427,182550876,182592001,2370602145,2417256604,N/A,N/A,9172339491,9190376665",0,0,9428625443,9423784276,895436863,896050031,887221783,886610421,1603923304,1591549055,11283375094,11291437361,2339980113,2333621973,N/A,N/A"
1755379354,N/A,N/A,3675933301,3697160988,688797265,705714819,9521797538,9518265328,1591574628,1603936823,9208565922,9242133996,248301940,248229748,17195198940,17150244527",0,0,N/A,N/A,896050031,895436876,9338081693,9336744312,182592602,182551338,250312180,250683708,10837900086,10767298423,17158411195,17212164595",0,0,3314702983,3383992330,N/A,N/A,886608143,887220784,249556943,249136470,13562832093,13536955847,9242133995,9208567283,9181827713,9191507228",0,0,3697856106,3676695944,1422622963,1394036213,N/A,N/A,257236045,257359378,10859898975,10777874611,13536930720,13562877165,12051798263,12050317656",0,0,8750693188,8762144676,1394050376,1422624863,9518481376,9522063999,N/A,N/A,250726125,250502633,2333621974,2339980114,10994672084,10966660479",0,0,9423819847,9428534592,181726083,181894951,9336844288,9338142388,257359386,257236070,N/A,N/A,248229731,248301949,10966722298,10994756012",0,0,8764052862,8752968485,705714819,688797265,247002128,246664427,182550876,182592001,2370602145,2417256604,N/A,N/A,9172339491,9190376665",0,0,9428625443,9423784276,895436863,896050031,887221783,886610421,1603923304,1591549055,11283375094,11291437361,2339980113,2333621973,N/A,N/A"
1755379356,N/A,N/A,3675933301,3697160988,688797265,705714819,9521797538,9518265328,1591574628,1603936823,9208565922,9242133996,248301940,248229748,17205709005,17160759711",0,0,N/A,N/A,896050031,895436876,9338081693,9336744312,182592602,182551338,250312180,250683708,10837900086,10767298423,17168934671,17222670001",0,0,3314702983,3383992330,N/A,N/A,886608143,887220784,249556943,249136470,13562832093,13536955847,9242133995,9208567283,9181827713,9191507228",0,0,3697856106,3676695944,1422622963,1394036213,N/A,N/A,257236045,257359378,10859898975,10777874611,13536930720,13562877165,12051798263,12050317656",0,0,8750693188,8762144676,1394050376,1422624863,9518481376,9522063999,N/A,N/A,250726125,250502633,2333621974,2339980114,10994672084,10966660479",0,0,9423819847,9428534592,181726083,181894951,9336844288,9338142388,257359386,257236070,N/A,N/A,248229731,248301949,10966722298,10994756012",0,0,8764052862,8752968485,705714819,688797265,247002128,246664427,182550876,182592001,2370602145,2417256604,N/A,N/A,9172339491,9190376665",0,0,9428625443,9423784276,895436863,896050031,887221783,886610421,1603923304,1591549055,11283375094,11291437361,2339980113,2333621973,N/A,N/A"
1755379357,N/A,N/A,3675933301,3697160988,688797265,705714819,9521797538,9518265328,1591574628,1603936823,9208565922,9242133996,248301940,248229748,17214910890,17169971857",0,0,N/A,N/A,896050031,895436876,9338081693,9336744312,182592602,182551338,250312180,250683708,10837900086,10767298423,17178086790,17231813050",0,0,3314702983,3383992330,N/A,N/A,886608143,887220784,249556943,249136470,13562832093,13536955847,9242133995,9208567283,9181827713,9191507228",0,0,3697856106,3676695944,1422622963,1394036213,N/A,N/A,257236045,257359378,10859898975,10777874611,13536930720,13562877165,12051798263,12050317656",0,0,8750693188,8762144676,1394050376,1422624863,9518481376,9522063999,N/A,N/A,250726125,250502633,2333621974,2339980114,10994672084,10966660479",0,0,9423819847,9428534592,181726083,181894951,9336844288,9338142388,257359386,257236070,N/A,N/A,248229731,248301949,10966722298,10994756012",0,0,8764052862,8752968485,705714819,688797265,247002128,246664427,182550876,182592001,2370602145,2417256604,N/A,N/A,9172339491,9190376665",0,0,9428625443,9423784276,895436863,896050031,887221783,886610421,1603923304,1591549055,11283375094,11291437361,2339980113,2333621973,N/A,N/A"
1755379359,N/A,N/A,3675933301,3697160988,688797265,705714819,9521797538,9518265328,1591574628,1603936823,9208565922,9242133996,248301940,248229748,17225019779,17180084452",0,0,N/A,N/A,896050031,895436876,9338081693,9336744312,182592602,182551338,250312180,250683708,10837900086,10767298423,17188259451,17241988855",0,0,3314702983,3383992330,N/A,N/A,886608143,887220784,249556943,249136470,13562832093,13536955847,9242133995,9208567283,9181827713,9191507228",0,0,3697856106,3676695944,1422622963,1394036213,N/A,N/A,257236045,257359378,10859898975,10777874611,13536930720,13562877165,12051798263,12050317656",0,0,8750693188,8762144676,1394050376,1422624863,9518481376,9522063999,N/A,N/A,250726125,250502633,2333621974,2339980114,10994672084,10966660479",0,0,9423819847,9428534592,181726083,181894951,9336844288,9338142388,257359386,257236070,N/A,N/A,248229731,248301949,10966722298,10994756012",0,0,8764052862,8752968485,705714819,688797265,247002128,246664427,182550876,182592001,2370602145,2417256604,N/A,N/A,9172339491,9190376665",0,0,9428625443,9423784276,895436863,896050031,887221783,886610421,1603923304,1591549055,11283375094,11291437361,2339980113,2333621973,N/A,N/A"
1755379360,N/A,N/A,3675933301,3697160988,688797265,705714819,9521797538,9518265328,1591574628,1603936823,9208565922,9242133996,248301940,248229748,17234958266,17190037343",0,0,N/A,N/A,896050031,895436876,9338081693,9336744312,182592602,182551338,250312180,250683708,10837900086,10767298423,17198152277,17251860426",0,0,3314702983,3383992330,N/A,N/A,886608143,887220784,249556943,249136470,13562832093,13536955847,9242133995,9208567283,9181827713,9191507228",0,0,3697856106,3676695944,1422622963,1394036213,N/A,N/A,257236045,257359378,10859898975,10777874611,13536930720,13562877165,12051798263,12050317656",0,0,8750693188,8762144676,1394050376,1422624863,9518481376,9522063999,N/A,N/A,250726125,250502633,2333621974,2339980114,10994672084,10966660479",0,0,9423819847,9428534592,181726083,181894951,9336844288,9338142388,257359386,257236070,N/A,N/A,248229731,248301949,10966722298,10994756012",0,0,8764052862,8752968485,705714819,688797265,247002128,246664427,182550876,182592001,2370602145,2417256604,N/A,N/A,9172339491,9190376665",0,0,9428625443,9423784276,895436863,896050031,887221783,886610421,1603923304,1591549055,11283375094,11291437361,2339980113,2333621973,N/A,N/A"
1755379361,N/A,N/A,3675933301,3697160988,688797265,705714819,9521797538,9518265328,1591574628,1603936823,9208565922,9242133996,248301940,248229748,17244338273,17199430518",0,0,N/A,N/A,896050031,895436876,9338081693,9336744312,182592602,182551338,250312180,250683708,10837900086,10767298423,17207597001,17261301348",0,0,3314702983,3383992330,N/A,N/A,886608143,887220784,249556943,249136470,13562832093,13536955847,9242133995,9208567283,9181827713,9191507228",0,0,3697856106,3676695944,1422622963,1394036213,N/A,N/A,257236045,257359378,10859898975,10777874611,13536930720,13562877165,12051798263,12050317656",0,0,8750693188,8762144676,1394050376,1422624863,9518481376,9522063999,N/A,N/A,250726125,250502633,2333621974,2339980114,10994672084,10966660479",0,0,9423819847,9428534592,181726083,181894951,9336844288,9338142388,257359386,257236070,N/A,N/A,248229731,248301949,10966722298,10994756012",0,0,8764052862,8752968485,705714819,688797265,247002128,246664427,182550876,182592001,2370602145,2417256604,N/A,N/A,9172339491,9190376665",0,0,9428625443,9423784276,895436863,896050031,887221783,886610421,1603923304,1591549055,11283375094,11291437361,2339980113,2333621973,N/A,N/A"
1755379363,N/A,N/A,3675933301,3697160988,688797265,705714819,9521797538,9518265328,1591574628,1603936823,9208565922,9242133996,248301940,248229748,17254717290,17209815191",0,0,N/A,N/A,896050031,895436876,9338081693,9336744312,182592602,182551338,250312180,250683708,10837900086,10767298423,17217990311,17271686371",0,0,3314702983,3383992330,N/A,N/A,886608143,887220784,249556943,249136470,13562832093,13536955847,9242133995,9208567283,9181827713,9191507228",0,0,3697856106,3676695944,1422622963,1394036213,N/A,N/A,257236045,257359378,10859898975,10777874611,13536930720,13562877165,12051798263,12050317656",0,0,8750693188,8762144676,1394050376,1422624863,9518481376,9522063999,N/A,N/A,250726125,250502633,2333621974,2339980114,10994672084,10966660479",0,0,9423819847,9428534592,181726083,181894951,9336844288,9338142388,257359386,257236070,N/A,N/A,248229731,248301949,10966722298,10994756012",0,0,8764052862,8752968485,705714819,688797265,247002128,246664427,182550876,182592001,2370602145,2417256604,N/A,N/A,9172339491,9190376665",0,0,9428625443,9423784276,895436863,896050031,887221783,886610421,1603923304,1591549055,11283375094,11291437361,2339980113,2333621973,N/A,N/A"
1755379364,N/A,N/A,3675933301,3697160988,688797265,705714819,9521797538,9518265328,1591574628,1603936823,9208565922,9242133996,248301940,248229748,17263868764,17218972421",0,0,N/A,N/A,896050031,895436876,9338081693,9336744312,182592602,182551338,250312180,250683708,10837900086,10767298423,17227132102,17280822525",0,0,3314702983,3383992330,N/A,N/A,886608143,887220784,249556943,249136470,13562832093,13536955847,9242133995,9208567283,9181827713,9191507228",0,0,3697856106,3676695944,1422622963,1394036213,N/A,N/A,257236045,257359378,10859898975,10777874611,13536930720,13562877165,12051798263,12050317656",0,0,8750693188,8762144676,1394050376,1422624863,9518481376,9522063999,N/A,N/A,250726125,250502633,2333621974,2339980114,10994672084,10966660479",0,0,9423819847,9428534592,181726083,181894951,9336844288,9338142388,257359386,257236070,N/A,N/A,248229731,248301949,10966722298,10994756012",0,0,8764052862,8752968485,705714819,688797265,247002128,246664427,182550876,182592001,2370602145,2417256604,N/A,N/A,9172339491,9190376665",0,0,9428625443,9423784276,895436863,896050031,887221783,886610421,1603923304,1591549055,11283375094,11291437361,2339980113,2333621973,N/A,N/A"
1755379366,N/A,N/A,3675933301,3697160988,688797265,705714819,9521797538,9518265328,1591574628,1603936823,9208565922,9242133996,248301940,248229748,17274271340,17229395464",0,0,N/A,N/A,896050031,895436876,9338081693,9336744312,182592602,182551338,250312180,250683708,10837900086,10767298423,17237570528,17291230082",0,0,3314702983,3383992330,N/A,N/A,886608143,887220784,249556943,249136470,13562832093,13536955847,9242133995,9208567283,9181827713,9191507228",0,0,3697856106,3676695944,1422622963,1394036213,N/A,N/A,257236045,257359378,10859898975,10777874611,13536930720,13562877165,12051798263,12050317656",0,0,8750693188,8762144676,1394050376,1422624863,9518481376,9522063999,N/A,N/A,250726125,250502633,2333621974,2339980114,10994672084,10966660479",0,0,9423819847,9428534592,181726083,181894951,9336844288,9338142388,257359386,257236070,N/A,N/A,248229731,248301949,10966722298,10994756012",0,0,8764052862,8752968485,705714819,688797265,247002128,246664427,182550876,182592001,2370602145,2417256604,N/A,N/A,9172339491,9190376665",0,0,9428625443,9423784276,895436863,896050031,887221783,886610421,1603923304,1591549055,11283375094,11291437361,2339980113,2333621973,N/A,N/A"
1755379367,N/A,N/A,3675933301,3697160988,688797265,705714819,9521797538,9518265328,1591574628,1603936823,9208565922,9242133996,248301940,248229748,17283456312,17238587533",0,0,N/A,N/A,896050031,895436876,9338081693,9336744312,182592602,182551338,250312180,250683708,10837900086,10767298423,17246754086,17300420055",0,0,3314702983,3383992330,N/A,N/A,886608143,887220784,249556943,249136470,13562832093,13536955847,9242133995,9208567283,9181827713,9191507228",0,0,3697856106,3676695944,1422622963,1394036213,N/A,N/A,257236045,257359378,10859898975,10777874611,13536930720,13562877165,12051798263,12050317656",0,0,8750693188,8762144676,1394050376,1422624863,9518481376,9522063999,N/A,N/A,250726125,250502633,2333621974,2339980114,10994672084,10966660479",0,0,9423819847,9428534592,181726083,181894951,9336844288,9338142388,257359386,257236070,N/A,N/A,248229731,248301949,10966722298,10994756012",0,0,8764052862,8752968485,705714819,688797265,247002128,246664427,182550876,182592001,2370602145,2417256604,N/A,N/A,9172339491,9190376665",0,0,9428625443,9423784276,895436863,896050031,887221783,886610421,1603923304,1591549055,11283375094,11291437361,2339980113,2333621973,N/A,N/A"
1755379369,N/A,N/A,3675933301,3697160988,688797265,705714819,9521797538,9518265328,1591574628,1603936823,9208565922,9242133996,248301940,248229748,17293865184,17249013143",0,0,N/A,N/A,896050031,895436876,9338081693,9336744312,182592602,182551338,250312180,250683708,10837900086,10767298423,17257190156,17310832334",0,0,3314702983,3383992330,N/A,N/A,886608143,887220784,249556943,249136470,13562832093,13536955847,9242133995,9208567283,9181827713,9191507228",0,0,3697856106,3676695944,1422622963,1394036213,N/A,N/A,257236045,257359378,10859898975,10777874611,13536930720,13562877165,12051798263,12050317656",0,0,8750693188,8762144676,1394050376,1422624863,9518481376,9522063999,N/A,N/A,250726125,250502633,2333621974,2339980114,10994672084,10966660479",0,0,9423819847,9428534592,181726083,181894951,9336844288,9338142388,257359386,257236070,N/A,N/A,248229731,248301949,10966722298,10994756012",0,0,8764052862,8752968485,705714819,688797265,247002128,246664427,182550876,182592001,2370602145,2417256604,N/A,N/A,9172339491,9190376665",0,0,9428625443,9423784276,895436863,896050031,887221783,886610421,1603923304,1591549055,11283375094,11291437361,2339980113,2333621973,N/A,N/A"
1755379370,N/A,N/A,3675933301,3697160988,688797265,705714819,9521797538,9518265328,1591574628,1603936823,9208565922,9242133996,248301940,248229748,17302724515,17257873037",0,0,N/A,N/A,896050031,895436876,9338081693,9336744312,182592602,182551338,250312180,250683708,10837900086,10767298423,17266039564,17319693605",0,0,3314702983,3383992330,N/A,N/A,886608143,887220784,249556943,249136470,13562832093,13536955847,9242133995,9208567283,9181827713,9191507228",0,0,3697856106,3676695944,1422622963,1394036213,N/A,N/A,257236045,257359378,10859898975,10777874611,13536930720,13562877165,12051798263,12050317656",0,0,8750693188,8762144676,1394050376,1422624863,9518481376,9522063999,N/A,N/A,250726125,250502633,2333621974,2339980114,10994672084,10966660479",0,0,9423819847,9428534592,181726083,181894951,9336844288,9338142388,257359386,257236070,N/A,N/A,248229731,248301949,10966722298,10994756012",0,0,8764052862,8752968485,705714819,688797265,247002128,246664427,182550876,182592001,2370602145,2417256604,N/A,N/A,9172339491,9190376665",0,0,9428625443,9423784276,895436863,896050031,887221783,886610421,1603923304,1591549055,11283375094,11291437361,2339980113,2333621973,N/A,N/A"
1755379372,N/A,N/A,3675933301,3697160988,688797265,705714819,9521797538,9518265328,1591574628,1603936823,9208565922,9242133996,248301940,248229748,17313169196,17268329235",0,0,N/A,N/A,896050031,895436876,9338081693,9336744312,182592602,182551338,250312180,250683708,10837900086,10767298423,17276501741,17330138274",0,0,3314702983,3383992330,N/A,N/A,886608143,887220784,249556943,249136470,13562832093,13536955847,9242133995,9208567283,9181827713,9191507228",0,0,3697856106,3676695944,1422622963,1394036213,N/A,N/A,257236045,257359378,10859898975,10777874611,13536930720,13562877165,12051798263,12050317656",0,0,8750693188,8762144676,1394050376,1422624863,9518481376,9522063999,N/A,N/A,250726125,250502633,2333621974,2339980114,10994672084,10966660479",0,0,9423819847,9428534592,181726083,181894951,9336844288,9338142388,257359386,257236070,N/A,N/A,248229731,248301949,10966722298,10994756012",0,0,8764052862,8752968485,705714819,688797265,247002128,246664427,182550876,182592001,2370602145,2417256604,N/A,N/A,9172339491,9190376665",0,0,9428625443,9423784276,895436863,896050031,887221783,886610421,1603923304,1591549055,11283375094,11291437361,2339980113,2333621973,N/A,N/A"
1755379373,N/A,N/A,3675933301,3697160988,688797265,705714819,9521797538,9518265328,1591574628,1603936823,9208565922,9242133996,248301940,248229748,17322193719,17277363059",0,0,N/A,N/A,896050031,895436876,9338081693,9336744312,182592602,182551338,250312180,250683708,10837900086,10767298423,17285540683,17339164678",0,0,3314702983,3383992330,N/A,N/A,886608143,887220784,249556943,249136470,13562832093,13536955847,9242133995,9208567283,9181827713,9191507228",0,0,3697856106,3676695944,1422622963,1394036213,N/A,N/A,257236045,257359378,10859898975,10777874611,13536930720,13562877165,12051798263,12050317656",0,0,8750693188,8762144676,1394050376,1422624863,9518481376,9522063999,N/A,N/A,250726125,250502633,2333621974,2339980114,10994672084,10966660479",0,0,9423819847,9428534592,181726083,181894951,9336844288,9338142388,257359386,257236070,N/A,N/A,248229731,248301949,10966722298,10994756012",0,0,8764052862,8752968485,705714819,688797265,247002128,246664427,182550876,182592001,2370602145,2417256604,N/A,N/A,9172339491,9190376665",0,0,9428625443,9423784276,895436863,896050031,887221783,886610421,1603923304,1591549055,11283375094,11291437361,2339980113,2333621973,N/A,N/A"
1755379375,N/A,N/A,3675933301,3697160988,688797265,705714819,9521797538,9518265328,1591574628,1603936823,9208565922,9242133996,248301940,248229748,17332658898,17287833361",0,0,N/A,N/A,896050031,895436876,9338081693,9336744312,182592602,182551338,250312180,250683708,10837900086,10767298423,17296008399,17349627946",0,0,3314702983,3383992330,N/A,N/A,886608143,887220784,249556943,249136470,13562832093,13536955847,9242133995,9208567283,9181827713,9191507228",0,0,3697856106,3676695944,1422622963,1394036213,N/A,N/A,257236045,257359378,10859898975,10777874611,13536930720,13562877165,12051798263,12050317656",0,0,8750693188,8762144676,1394050376,1422624863,9518481376,9522063999,N/A,N/A,250726125,250502633,2333621974,2339980114,10994672084,10966660479",0,0,9423819847,9428534592,181726083,181894951,9336844288,9338142388,257359386,257236070,N/A,N/A,248229731,248301949,10966722298,10994756012",0,0,8764052862,8752968485,705714819,688797265,247002128,246664427,182550876,182592001,2370602145,2417256604,N/A,N/A,9172339491,9190376665",0,0,9428625443,9423784276,895436863,896050031,887221783,886610421,1603923304,1591549055,11283375094,11291437361,2339980113,2333621973,N/A,N/A"
1755379376,N/A,N/A,3675933301,3697160988,688797265,705714819,9521797538,9518265328,1591574628,1603936823,9208565922,9242133996,248301940,248229748,17341883829,17297072237",0,0,N/A,N/A,896050031,895436876,9338081693,9336744312,182592602,182551338,250312180,250683708,10837900086,10767298423,17305194128,17358801297",0,0,3314702983,3383992330,N/A,N/A,886608143,887220784,249556943,249136470,13562832093,13536955847,9242133995,9208567283,9181827713,9191507228",0,0,3697856106,3676695944,1422622963,1394036213,N/A,N/A,257236045,257359378,10859898975,10777874611,13536930720,13562877165,12051798263,12050317656",0,0,8750693188,8762144676,1394050376,1422624863,9518481376,9522063999,N/A,N/A,250726125,250502633,2333621974,2339980114,10994672084,10966660479",0,0,9423819847,9428534592,181726083,181894951,9336844288,9338142388,257359386,257236070,N/A,N/A,248229731,248301949,10966722298,10994756012",0,0,8764052862,8752968485,705714819,688797265,247002128,246664427,182550876,182592001,2370602145,2417256604,N/A,N/A,9172339491,9190376665",0,0,9428625443,9423784276,895436863,896050031,887221783,886610421,1603923304,1591549055,11283375094,11291437361,2339980113,2333621973,N/A,N/A"
1755379378,N/A,N/A,3675933301,3697160988,688797265,705714819,9521797538,9518265328,1591574628,1603936823,9208565922,9242133996,248301940,248229748,17352294831,17307506121",0,0,N/A,N/A,896050031,895436876,9338081693,9336744312,182592602,182551338,250312180,250683708,10837900086,10767298423,17315672814,17369261562",0,0,3314702983,3383992330,N/A,N/A,886608143,887220784,249556943,249136470,13562832093,13536955847,9242133995,9208567283,9181827713,9191507228",0,0,3697856106,3676695944,1422622963,1394036213,N/A,N/A,257236045,257359378,10859898975,10777874611,13536930720,13562877165,12051798263,12050317656",0,0,8750693188,8762144676,1394050376,1422624863,9518481376,9522063999,N/A,N/A,250726125,250502633,2333621974,2339980114,10994672084,10966660479",0,0,9423819847,9428534592,181726083,181894951,9336844288,9338142388,257359386,257236070,N/A,N/A,248229731,248301949,10966722298,10994756012",0,0,8764052862,8752968485,705714819,688797265,247002128,246664427,182550876,182592001,2370602145,2417256604,N/A,N/A,9172339491,9190376665",0,0,9428625443,9423784276,895436863,896050031,887221783,886610421,1603923304,1591549055,11283375094,11291437361,2339980113,2333621973,N/A,N/A"
1755379379,N/A,N/A,3675933301,3697160988,688797265,705714819,9521797538,9518265328,1591574628,1603936823,9208565922,9242133996,248301940,248229748,17361936265,17317156037",0,0,N/A,N/A,896050031,895436876,9338081693,9336744312,182592602,182551338,250312180,250683708,10837900086,10767298423,17325270970,17378838425",0,0,3314702983,3383992330,N/A,N/A,886608143,887220784,249556943,249136470,13562832093,13536955847,9242133995,9208567283,9181827713,9191507228",0,0,3697856106,3676695944,1422622963,1394036213,N/A,N/A,257236045,257359378,10859898975,10777874611,13536930720,13562877165,12051798263,12050317656",0,0,8750693188,8762144676,1394050376,1422624863,9518481376,9522063999,N/A,N/A,250726125,250502633,2333621974,2339980114,10994672084,10966660479",0,0,9423819847,9428534592,181726083,181894951,9336844288,9338142388,257359386,257236070,N/A,N/A,248229731,248301949,10966722298,10994756012",0,0,8764052862,8752968485,705714819,688797265,247002128,246664427,182550876,182592001,2370602145,2417256604,N/A,N/A,9172339491,9190376665",0,0,9428625443,9423784276,895436863,896050031,887221783,886610421,1603923304,1591549055,11283375094,11291437361,2339980113,2333621973,N/A,N/A"
1755379380,N/A,N/A,3675933301,3697160988,688797265,705714819,9521797538,9518265328,1591574628,1603936823,9208565922,9242133996,248301940,248229748,17371662390,17326896966",0,0,N/A,N/A,896050031,895436876,9338081693,9336744312,182592602,182551338,250312180,250683708,10837900086,10767298423,17335072104,17388622541",0,0,3314702983,3383992330,N/A,N/A,886608143,887220784,249556943,249136470,13562832093,13536955847,9242133995,9208567283,9181827713,9191507228",0,0,3697856106,3676695944,1422622963,1394036213,N/A,N/A,257236045,257359378,10859898975,10777874611,13536930720,13562877165,12051798263,12050317656",0,0,8750693188,8762144676,1394050376,1422624863,9518481376,9522063999,N/A,N/A,250726125,250502633,2333621974,2339980114,10994672084,10966660479",0,0,9423819847,9428534592,181726083,181894951,9336844288,9338142388,257359386,257236070,N/A,N/A,248229731,248301949,10966722298,10994756012",0,0,8764052862,8752968485,705714819,688797265,247002128,246664427,182550876,182592001,2370602145,2417256604,N/A,N/A,9172339491,9190376665",0,0,9428625443,9423784276,895436863,896050031,887221783,886610421,1603923304,1591549055,11283375094,11291437361,2339980113,2333621973,N/A,N/A"
1755379382,N/A,N/A,3675933301,3697160988,688797265,705714819,9521797538,9518265328,1591574628,1603936823,9208565922,9242133996,248301940,248229748,17381990997,17337244799",0,0,N/A,N/A,896050031,895436876,9338081693,9336744312,182592602,182551338,250312180,250683708,10837900086,10767298423,17345359732,17398893157",0,0,3314702983,3383992330,N/A,N/A,886608143,887220784,249556943,249136470,13562832093,13536955847,9242133995,9208567283,9181827713,9191507228",0,0,3697856106,3676695944,1422622963,1394036213,N/A,N/A,257236045,257359378,10859898975,10777874611,13536930720,13562877165,12051798263,12050317656",0,0,8750693188,8762144676,1394050376,1422624863,9518481376,9522063999,N/A,N/A,250726125,250502633,2333621974,2339980114,10994672084,10966660479",0,0,9423819847,9428534592,181726083,181894951,9336844288,9338142388,257359386,257236070,N/A,N/A,248229731,248301949,10966722298,10994756012",0,0,8764052862,8752968485,705714819,688797265,247002128,246664427,182550876,182592001,2370602145,2417256604,N/A,N/A,9172339491,9190376665",0,0,9428625443,9423784276,895436863,896050031,887221783,886610421,1603923304,1591549055,11283375094,11291437361,2339980113,2333621973,N/A,N/A"
1755379383,N/A,N/A,3675933301,3697160988,688797265,705714819,9521797538,9518265328,1591574628,1603936823,9208565922,9242133996,248301940,248229748,17391171551,17346439961",0,0,N/A,N/A,896050031,895436876,9338081693,9336744312,182592602,182551338,250312180,250683708,10837900086,10767298423,17354617904,17408140632",0,0,3314702983,3383992330,N/A,N/A,886608143,887220784,249556943,249136470,13562832093,13536955847,9242133995,9208567283,9181827713,9191507228",0,0,3697856106,3676695944,1422622963,1394036213,N/A,N/A,257236045,257359378,10859898975,10777874611,13536930720,13562877165,12051798263,12050317656",0,0,8750693188,8762144676,1394050376,1422624863,9518481376,9522063999,N/A,N/A,250726125,250502633,2333621974,2339980114,10994672084,10966660479",0,0,9423819847,9428534592,181726083,181894951,9336844288,9338142388,257359386,257236070,N/A,N/A,248229731,248301949,10966722298,10994756012",0,0,8764052862,8752968485,705714819,688797265,247002128,246664427,182550876,182592001,2370602145,2417256604,N/A,N/A,9172339491,9190376665",0,0,9428625443,9423784276,895436863,896050031,887221783,886610421,1603923304,1591549055,11283375094,11291437361,2339980113,2333621973,N/A,N/A"
1755379385,N/A,N/A,3675933301,3697160988,688797265,705714819,9521797538,9518265328,1591574628,1603936823,9208565922,9242133996,248301940,248229748,17401564009,17356838597",0,0,N/A,N/A,896050031,895436876,9338081693,9336744312,182592602,182551338,250312180,250683708,10837900086,10767298423,17365013662,17418522844",0,0,3314702983,3383992330,N/A,N/A,886608143,887220784,249556943,249136470,13562832093,13536955847,9242133995,9208567283,9181827713,9191507228",0,0,3697856106,3676695944,1422622963,1394036213,N/A,N/A,257236045,257359378,10859898975,10777874611,13536930720,13562877165,12051798263,12050317656",0,0,8750693188,8762144676,1394050376,1422624863,9518481376,9522063999,N/A,N/A,250726125,250502633,2333621974,2339980114,10994672084,10966660479",0,0,9423819847,9428534592,181726083,181894951,9336844288,9338142388,257359386,257236070,N/A,N/A,248229731,248301949,10966722298,10994756012",0,0,8764052862,8752968485,705714819,688797265,247002128,246664427,182550876,182592001,2370602145,2417256604,N/A,N/A,9172339491,9190376665",0,0,9428625443,9423784276,895436863,896050031,887221783,886610421,1603923304,1591549055,11283375094,11291437361,2339980113,2333621973,N/A,N/A"
1755379386,N/A,N/A,3675933301,3697160988,688797265,705714819,9521797538,9518265328,1591574628,1603936823,9208565922,9242133996,248301940,248229748,17410350294,17365636221",0,0,N/A,N/A,896050031,895436876,9338081693,9336744312,182592602,182551338,250312180,250683708,10837900086,10767298423,17373802857,17427318753",0,0,3314702983,3383992330,N/A,N/A,886608143,887220784,249556943,249136470,13562832093,13536955847,9242133995,9208567283,9181827713,9191507228",0,0,3697856106,3676695944,1422622963,1394036213,N/A,N/A,257236045,257359378,10859898975,10777874611,13536930720,13562877165,12051798263,12050317656",0,0,8750693188,8762144676,1394050376,1422624863,9518481376,9522063999,N/A,N/A,250726125,250502633,2333621974,2339980114,10994672084,10966660479",0,0,9423819847,9428534592,181726083,181894951,9336844288,9338142388,257359386,257236070,N/A,N/A,248229731,248301949,10966722298,10994756012",0,0,8764052862,8752968485,705714819,688797265,247002128,246664427,182550876,182592001,2370602145,2417256604,N/A,N/A,9172339491,9190376665",0,0,9428625443,9423784276,895436863,896050031,887221783,886610421,1603923304,1591549055,11283375094,11291437361,2339980113,2333621973,N/A,N/A"
1755379388,N/A,N/A,3675933301,3697160988,688797265,705714819,9521797538,9518265328,1591574628,1603936823,9208565922,9242133996,248301940,248229748,17420756656,17376057645",0,0,N/A,N/A,896050031,895436876,9338081693,9336744312,182592602,182551338,250312180,250683708,10837900086,10767298423,17384224230,17437724062",0,0,3314702983,3383992330,N/A,N/A,886608143,887220784,249556943,249136470,13562832093,13536955847,9242133995,9208567283,9181827713,9191507228",0,0,3697856106,3676695944,1422622963,1394036213,N/A,N/A,257236045,257359378,10859898975,10777874611,13536930720,13562877165,12051798263,12050317656",0,0,8750693188,8762144676,1394050376,1422624863,9518481376,9522063999,N/A,N/A,250726125,250502633,2333621974,2339980114,10994672084,10966660479",0,0,9423819847,9428534592,181726083,181894951,9336844288,9338142388,257359386,257236070,N/A,N/A,248229731,248301949,10966722298,10994756012",0,0,8764052862,8752968485,705714819,688797265,247002128,246664427,182550876,182592001,2370602145,2417256604,N/A,N/A,9172339491,9190376665",0,0,9428625443,9423784276,895436863,896050031,887221783,886610421,1603923304,1591549055,11283375094,11291437361,2339980113,2333621973,N/A,N/A"
1755379389,N/A,N/A,3675933301,3697160988,688797265,705714819,9521797538,9518265328,1591574628,1603936823,9208565922,9242133996,248301940,248229748,17429946240,17385250842",0,0,N/A,N/A,896050031,895436876,9338081693,9336744312,182592602,182551338,250312180,250683708,10837900086,10767298423,17393424755,17446915394",0,0,3314702983,3383992330,N/A,N/A,886608143,887220784,249556943,249136470,13562832093,13536955847,9242133995,9208567283,9181827713,9191507228",0,0,3697856106,3676695944,1422622963,1394036213,N/A,N/A,257236045,257359378,10859898975,10777874611,13536930720,13562877165,12051798263,12050317656",0,0,8750693188,8762144676,1394050376,1422624863,9518481376,9522063999,N/A,N/A,250726125,250502633,2333621974,2339980114,10994672084,10966660479",0,0,9423819847,9428534592,181726083,181894951,9336844288,9338142388,257359386,257236070,N/A,N/A,248229731,248301949,10966722298,10994756012",0,0,8764052862,8752968485,705714819,688797265,247002128,246664427,182550876,182592001,2370602145,2417256604,N/A,N/A,9172339491,9190376665",0,0,9428625443,9423784276,895436863,896050031,887221783,886610421,1603923304,1591549055,11283375094,11291437361,2339980113,2333621973,N/A,N/A"
1755379391,N/A,N/A,3675933301,3697160988,688797265,705714819,9521797538,9518265328,1591574628,1603936823,9208565922,9242133996,248301940,248229748,17440421274,17395737642",0,0,N/A,N/A,896050031,895436876,9338081693,9336744312,182592602,182551338,250312180,250683708,10837900086,10767298423,17403912660,17457376146",0,0,3314702983,3383992330,N/A,N/A,886608143,887220784,249556943,249136470,13562832093,13536955847,9242133995,9208567283,9181827713,9191507228",0,0,3697856106,3676695944,1422622963,1394036213,N/A,N/A,257236045,257359378,10859898975,10777874611,13536930720,13562877165,12051798263,12050317656",0,0,8750693188,8762144676,1394050376,1422624863,9518481376,9522063999,N/A,N/A,250726125,250502633,2333621974,2339980114,10994672084,10966660479",0,0,9423819847,9428534592,181726083,181894951,9336844288,9338142388,257359386,257236070,N/A,N/A,248229731,248301949,10966722298,10994756012",0,0,8764052862,8752968485,705714819,688797265,247002128,246664427,182550876,182592001,2370602145,2417256604,N/A,N/A,9172339491,9190376665",0,0,9428625443,9423784276,895436863,896050031,887221783,886610421,1603923304,1591549055,11283375094,11291437361,2339980113,2333621973,N/A,N/A"
1755379392,N/A,N/A,3675933301,3697160988,688797265,705714819,9521797538,9518265328,1591574628,1603936823,9208565922,9242133996,248301940,248229748,17449550488,17404871137",0,0,N/A,N/A,896050031,895436876,9338081693,9336744312,182592602,182551338,250312180,250683708,10837900086,10767298423,17413046105,17466519512",0,0,3314702983,3383992330,N/A,N/A,886608143,887220784,249556943,249136470,13562832093,13536955847,9242133995,9208567283,9181827713,9191507228",0,0,3697856106,3676695944,1422622963,1394036213,N/A,N/A,257236045,257359378,10859898975,10777874611,13536930720,13562877165,12051798263,12050317656",0,0,8750693188,8762144676,1394050376,1422624863,9518481376,9522063999,N/A,N/A,250726125,250502633,2333621974,2339980114,10994672084,10966660479",0,0,9423819847,9428534592,181726083,181894951,9336844288,9338142388,257359386,257236070,N/A,N/A,248229731,248301949,10966722298,10994756012",0,0,8764052862,8752968485,705714819,688797265,247002128,246664427,182550876,182592001,2370602145,2417256604,N/A,N/A,9172339491,9190376665",0,0,9428625443,9423784276,895436863,896050031,887221783,886610421,1603923304,1591549055,11283375094,11291437361,2339980113,2333621973,N/A,N/A"
1755379394,N/A,N/A,3675933301,3697160988,688797265,705714819,9521797538,9518265328,1591574628,1603936823,9208565922,9242133996,248301940,248229748,17460007864,17415358270",0,0,N/A,N/A,896050031,895436876,9338081693,9336744312,182592602,182551338,250312180,250683708,10837900086,10767298423,17423524899,17476971958",0,0,3314702983,3383992330,N/A,N/A,886608143,887220784,249556943,249136470,13562832093,13536955847,9242133995,9208567283,9181827713,9191507228",0,0,3697856106,3676695944,1422622963,1394036213,N/A,N/A,257236045,257359378,10859898975,10777874611,13536930720,13562877165,12051798263,12050317656",0,0,8750693188,8762144676,1394050376,1422624863,9518481376,9522063999,N/A,N/A,250726125,250502633,2333621974,2339980114,10994672084,10966660479",0,0,9423819847,9428534592,181726083,181894951,9336844288,9338142388,257359386,257236070,N/A,N/A,248229731,248301949,10966722298,10994756012",0,0,8764052862,8752968485,705714819,688797265,247002128,246664427,182550876,182592001,2370602145,2417256604,N/A,N/A,9172339491,9190376665",0,0,9428625443,9423784276,895436863,896050031,887221783,886610421,1603923304,1591549055,11283375094,11291437361,2339980113,2333621973,N/A,N/A"
1755379395,N/A,N/A,3675933301,3697160988,688797265,705714819,9521797538,9518265328,1591574628,1603936823,9208565922,9242133996,248301940,248229748,17469089170,17424436549",0,0,N/A,N/A,896050031,895436876,9338081693,9336744312,182592602,182551338,250312180,250683708,10837900086,10767298423,17432611535,17486058211",0,0,3314702983,3383992330,N/A,N/A,886608143,887220784,249556943,249136470,13562832093,13536955847,9242133995,9208567283,9181827713,9191507228",0,0,3697856106,3676695944,1422622963,1394036213,N/A,N/A,257236045,257359378,10859898975,10777874611,13536930720,13562877165,12051798263,12050317656",0,0,8750693188,8762144676,1394050376,1422624863,9518481376,9522063999,N/A,N/A,250726125,250502633,2333621974,2339980114,10994672084,10966660479",0,0,9423819847,9428534592,181726083,181894951,9336844288,9338142388,257359386,257236070,N/A,N/A,248229731,248301949,10966722298,10994756012",0,0,8764052862,8752968485,705714819,688797265,247002128,246664427,182550876,182592001,2370602145,2417256604,N/A,N/A,9172339491,9190376665",0,0,9428625443,9423784276,895436863,896050031,887221783,886610421,1603923304,1591549055,11283375094,11291437361,2339980113,2333621973,N/A,N/A"
1755379397,N/A,N/A,3675933301,3697160988,688797265,705714819,9521797538,9518265328,1591574628,1603936823,9208565922,9242133996,248301940,248229748,17479340041,17434701026",0,0,N/A,N/A,896050031,895436876,9338081693,9336744312,182592602,182551338,250312180,250683708,10837900086,10767298423,17442876171,17496308741",0,0,3314702983,3383992330,N/A,N/A,886608143,887220784,249556943,249136470,13562832093,13536955847,9242133995,9208567283,9181827713,9191507228",0,0,3697856106,3676695944,1422622963,1394036213,N/A,N/A,257236045,257359378,10859898975,10777874611,13536930720,13562877165,12051798263,12050317656",0,0,8750693188,8762144676,1394050376,1422624863,9518481376,9522063999,N/A,N/A,250726125,250502633,2333621974,2339980114,10994672084,10966660479",0,0,9423819847,9428534592,181726083,181894951,9336844288,9338142388,257359386,257236070,N/A,N/A,248229731,248301949,10966722298,10994756012",0,0,8764052862,8752968485,705714819,688797265,247002128,246664427,182550876,182592001,2370602145,2417256604,N/A,N/A,9172339491,9190376665",0,0,9428625443,9423784276,895436863,896050031,887221783,886610421,1603923304,1591549055,11283375094,11291437361,2339980113,2333621973,N/A,N/A"
1755379398,N/A,N/A,3675933301,3697160988,688797265,705714819,9521797538,9518265328,1591574628,1603936823,9208565922,9242133996,248301940,248229748,17488924800,17444307799",0,0,N/A,N/A,896050031,895436876,9338081693,9336744312,182592602,182551338,250312180,250683708,10837900086,10767298423,17452422732,17505826960",0,0,3314702983,3383992330,N/A,N/A,886608143,887220784,249556943,249136470,13562832093,13536955847,9242133995,9208567283,9181827713,9191507228",0,0,3697856106,3676695944,1422622963,1394036213,N/A,N/A,257236045,257359378,10859898975,10777874611,13536930720,13562877165,12051798263,12050317656",0,0,8750693188,8762144676,1394050376,1422624863,9518481376,9522063999,N/A,N/A,250726125,250502633,2333621974,2339980114,10994672084,10966660479",0,0,9423819847,9428534592,181726083,181894951,9336844288,9338142388,257359386,257236070,N/A,N/A,248229731,248301949,10966722298,10994756012",0,0,8764052862,8752968485,705714819,688797265,247002128,246664427,182550876,182592001,2370602145,2417256604,N/A,N/A,9172339491,9190376665",0,0,9428625443,9423784276,895436863,896050031,887221783,886610421,1603923304,1591549055,11283375094,11291437361,2339980113,2333621973,N/A,N/A"
1755379399,N/A,N/A,3675933301,3697160988,688797265,705714819,9521797538,9518265328,1591574628,1603936823,9208565922,9242133996,248301940,248229748,17498706395,17454099490",0,0,N/A,N/A,896050031,895436876,9338081693,9336744312,182592602,182551338,250312180,250683708,10837900086,10767298423,17462266016,17515669823",0,0,3314702983,3383992330,N/A,N/A,886608143,887220784,249556943,249136470,13562832093,13536955847,9242133995,9208567283,9181827713,9191507228",0,0,3697856106,3676695944,1422622963,1394036213,N/A,N/A,257236045,257359378,10859898975,10777874611,13536930720,13562877165,12051798263,12050317656",0,0,8750693188,8762144676,1394050376,1422624863,9518481376,9522063999,N/A,N/A,250726125,250502633,2333621974,2339980114,10994672084,10966660479",0,0,9423819847,9428534592,181726083,181894951,9336844288,9338142388,257359386,257236070,N/A,N/A,248229731,248301949,10966722298,10994756012",0,0,8764052862,8752968485,705714819,688797265,247002128,246664427,182550876,182592001,2370602145,2417256604,N/A,N/A,9172339491,9190376665",0,0,9428625443,9423784276,895436863,896050031,887221783,886610421,1603923304,1591549055,11283375094,11291437361,2339980113,2333621973,N/A,N/A"
1755379401,N/A,N/A,3675933301,3697160988,688797265,705714819,9521797538,9518265328,1591574628,1603936823,9208565922,9242133996,248301940,248229748,17508973043,17464375127",0,0,N/A,N/A,896050031,895436876,9338081693,9336744312,182592602,182551338,250312180,250683708,10837900086,10767298423,17472490060,17525875203",0,0,3314702983,3383992330,N/A,N/A,886608143,887220784,249556943,249136470,13562832093,13536955847,9242133995,9208567283,9181827713,9191507228",0,0,3697856106,3676695944,1422622963,1394036213,N/A,N/A,257236045,257359378,10859898975,10777874611,13536930720,13562877165,12051798263,12050317656",0,0,8750693188,8762144676,1394050376,1422624863,9518481376,9522063999,N/A,N/A,250726125,250502633,2333621974,2339980114,10994672084,10966660479",0,0,9423819847,9428534592,181726083,181894951,9336844288,9338142388,257359386,257236070,N/A,N/A,248229731,248301949,10966722298,10994756012",0,0,8764052862,8752968485,705714819,688797265,247002128,246664427,182550876,182592001,2370602145,2417256604,N/A,N/A,9172339491,9190376665",0,0,9428625443,9423784276,895436863,896050031,887221783,886610421,1603923304,1591549055,11283375094,11291437361,2339980113,2333621973,N/A,N/A"
1755379402,N/A,N/A,3675933301,3697160988,688797265,705714819,9521797538,9518265328,1591574628,1603936823,9208565922,9242133996,248301940,248229748,17518375891,17473790955",0,0,N/A,N/A,896050031,895436876,9338081693,9336744312,182592602,182551338,250312180,250683708,10837900086,10767298423,17481970191,17535344929",0,0,3314702983,3383992330,N/A,N/A,886608143,887220784,249556943,249136470,13562832093,13536955847,9242133995,9208567283,9181827713,9191507228",0,0,3697856106,3676695944,1422622963,1394036213,N/A,N/A,257236045,257359378,10859898975,10777874611,13536930720,13562877165,12051798263,12050317656",0,0,8750693188,8762144676,1394050376,1422624863,9518481376,9522063999,N/A,N/A,250726125,250502633,2333621974,2339980114,10994672084,10966660479",0,0,9423819847,9428534592,181726083,181894951,9336844288,9338142388,257359386,257236070,N/A,N/A,248229731,248301949,10966722298,10994756012",0,0,8764052862,8752968485,705714819,688797265,247002128,246664427,182550876,182592001,2370602145,2417256604,N/A,N/A,9172339491,9190376665",0,0,9428625443,9423784276,895436863,896050031,887221783,886610421,1603923304,1591549055,11283375094,11291437361,2339980113,2333621973,N/A,N/A"
1755379404,N/A,N/A,3675933301,3697160988,688797265,705714819,9521797538,9518265328,1591574628,1603936823,9208565922,9242133996,248301940,248229748,17528696626,17484125689",0,0,N/A,N/A,896050031,895436876,9338081693,9336744312,182592602,182551338,250312180,250683708,10837900086,10767298423,17492291972,17545663313",0,0,3314702983,3383992330,N/A,N/A,886608143,887220784,249556943,249136470,13562832093,13536955847,9242133995,9208567283,9181827713,9191507228",0,0,3697856106,3676695944,1422622963,1394036213,N/A,N/A,257236045,257359378,10859898975,10777874611,13536930720,13562877165,12051798263,12050317656",0,0,8750693188,8762144676,1394050376,1422624863,9518481376,9522063999,N/A,N/A,250726125,250502633,2333621974,2339980114,10994672084,10966660479",0,0,9423819847,9428534592,181726083,181894951,9336844288,9338142388,257359386,257236070,N/A,N/A,248229731,248301949,10966722298,10994756012",0,0,8764052862,8752968485,705714819,688797265,247002128,246664427,182550876,182592001,2370602145,2417256604,N/A,N/A,9172339491,9190376665",0,0,9428625443,9423784276,895436863,896050031,887221783,886610421,1603923304,1591549055,11283375094,11291437361,2339980113,2333621973,N/A,N/A"
1755379405,N/A,N/A,3675933301,3697160988,688797265,705714819,9521797538,9518265328,1591574628,1603936823,9208565922,9242133996,248301940,248229748,17538017868,17493443532",0,0,N/A,N/A,896050031,895436876,9338081693,9336744312,182592602,182551338,250312180,250683708,10837900086,10767298423,17501618578,17554983821",0,0,3314702983,3383992330,N/A,N/A,886608143,887220784,249556943,249136470,13562832093,13536955847,9242133995,9208567283,9181827713,9191507228",0,0,3697856106,3676695944,1422622963,1394036213,N/A,N/A,257236045,257359378,10859898975,10777874611,13536930720,13562877165,12051798263,12050317656",0,0,8750693188,8762144676,1394050376,1422624863,9518481376,9522063999,N/A,N/A,250726125,250502633,2333621974,2339980114,10994672084,10966660479",0,0,9423819847,9428534592,181726083,181894951,9336844288,9338142388,257359386,257236070,N/A,N/A,248229731,248301949,10966722298,10994756012",0,0,8764052862,8752968485,705714819,688797265,247002128,246664427,182550876,182592001,2370602145,2417256604,N/A,N/A,9172339491,9190376665",0,0,9428625443,9423784276,895436863,896050031,887221783,886610421,1603923304,1591549055,11283375094,11291437361,2339980113,2333621973,N/A,N/A"
1755379407,N/A,N/A,3675933301,3697160988,688797265,705714819,9521797538,9518265328,1591574628,1603936823,9208565922,9242133996,248301940,248229748,17548313394,17503751360",0,0,N/A,N/A,896050031,895436876,9338081693,9336744312,182592602,182551338,250312180,250683708,10837900086,10767298423,17511926390,17565282447",0,0,3314702983,3383992330,N/A,N/A,886608143,887220784,249556943,249136470,13562832093,13536955847,9242133995,9208567283,9181827713,9191507228",0,0,3697856106,3676695944,1422622963,1394036213,N/A,N/A,257236045,257359378,10859898975,10777874611,13536930720,13562877165,12051798263,12050317656",0,0,8750693188,8762144676,1394050376,1422624863,9518481376,9522063999,N/A,N/A,250726125,250502633,2333621974,2339980114,10994672084,10966660479",0,0,9423819847,9428534592,181726083,181894951,9336844288,9338142388,257359386,257236070,N/A,N/A,248229731,248301949,10966722298,10994756012",0,0,8764052862,8752968485,705714819,688797265,247002128,246664427,182550876,182592001,2370602145,2417256604,N/A,N/A,9172339491,9190376665",0,0,9428625443,9423784276,895436863,896050031,887221783,886610421,1603923304,1591549055,11283375094,11291437361,2339980113,2333621973,N/A,N/A"
1755379408,N/A,N/A,3675933301,3697160988,688797265,705714819,9521797538,9518265328,1591574628,1603936823,9208565922,9242133996,248301940,248229748,17557650435,17513099583",0,0,N/A,N/A,896050031,895436876,9338081693,9336744312,182592602,182551338,250312180,250683708,10837900086,10767298423,17521276718,17574617700",0,0,3314702983,3383992330,N/A,N/A,886608143,887220784,249556943,249136470,13562832093,13536955847,9242133995,9208567283,9181827713,9191507228",0,0,3697856106,3676695944,1422622963,1394036213,N/A,N/A,257236045,257359378,10859898975,10777874611,13536930720,13562877165,12051798263,12050317656",0,0,8750693188,8762144676,1394050376,1422624863,9518481376,9522063999,N/A,N/A,250726125,250502633,2333621974,2339980114,10994672084,10966660479",0,0,9423819847,9428534592,181726083,181894951,9336844288,9338142388,257359386,257236070,N/A,N/A,248229731,248301949,10966722298,10994756012",0,0,8764052862,8752968485,705714819,688797265,247002128,246664427,182550876,182592001,2370602145,2417256604,N/A,N/A,9172339491,9190376665",0,0,9428625443,9423784276,895436863,896050031,887221783,886610421,1603923304,1591549055,11283375094,11291437361,2339980113,2333621973,N/A,N/A"
1755379410,N/A,N/A,3675933301,3697160988,688797265,705714819,9521797538,9518265328,1591574628,1603936823,9208565922,9242133996,248301940,248229748,17568099671,17523559347",0,0,N/A,N/A,896050031,895436876,9338081693,9336744312,182592602,182551338,250312180,250683708,10837900086,10767298423,17531725991,17585068722",0,0,3314702983,3383992330,N/A,N/A,886608143,887220784,249556943,249136470,13562832093,13536955847,9242133995,9208567283,9181827713,9191507228",0,0,3697856106,3676695944,1422622963,1394036213,N/A,N/A,257236045,257359378,10859898975,10777874611,13536930720,13562877165,12051798263,12050317656",0,0,8750693188,8762144676,1394050376,1422624863,9518481376,9522063999,N/A,N/A,250726125,250502633,2333621974,2339980114,10994672084,10966660479",0,0,9423819847,9428534592,181726083,181894951,9336844288,9338142388,257359386,257236070,N/A,N/A,248229731,248301949,10966722298,10994756012",0,0,8764052862,8752968485,705714819,688797265,247002128,246664427,182550876,182592001,2370602145,2417256604,N/A,N/A,9172339491,9190376665",0,0,9428625443,9423784276,895436863,896050031,887221783,886610421,1603923304,1591549055,11283375094,11291437361,2339980113,2333621973,N/A,N/A"
1755379411,N/A,N/A,3675933301,3697160988,688797265,705714819,9521797538,9518265328,1591574628,1603936823,9208565922,9242133996,248301940,248229748,17577249945,17532707621",0,0,N/A,N/A,896050031,895436876,9338081693,9336744312,182592602,182551338,250312180,250683708,10837900086,10767298423,17540874225,17594213109",0,0,3314702983,3383992330,N/A,N/A,886608143,887220784,249556943,249136470,13562832093,13536955847,9242133995,9208567283,9181827713,9191507228",0,0,3697856106,3676695944,1422622963,1394036213,N/A,N/A,257236045,257359378,10859898975,10777874611,13536930720,13562877165,12051798263,12050317656",0,0,8750693188,8762144676,1394050376,1422624863,9518481376,9522063999,N/A,N/A,250726125,250502633,2333621974,2339980114,10994672084,10966660479",0,0,9423819847,9428534592,181726083,181894951,9336844288,9338142388,257359386,257236070,N/A,N/A,248229731,248301949,10966722298,10994756012",0,0,8764052862,8752968485,705714819,688797265,247002128,246664427,182550876,182592001,2370602145,2417256604,N/A,N/A,9172339491,9190376665",0,0,9428625443,9423784276,895436863,896050031,887221783,886610421,1603923304,1591549055,11283375094,11291437361,2339980113,2333621973,N/A,N/A"
1755379413,N/A,N/A,3675933301,3697160988,688797265,705714819,9521797538,9518265328,1591574628,1603936823,9208565922,9242133996,248301940,248229748,17587628964,17543094055",0,0,N/A,N/A,896050031,895436876,9338081693,9336744312,182592602,182551338,250312180,250683708,10837900086,10767298423,17551269118,17604582656",0,0,3314702983,3383992330,N/A,N/A,886608143,887220784,249556943,249136470,13562832093,13536955847,9242133995,9208567283,9181827713,9191507228",0,0,3697856106,3676695944,1422622963,1394036213,N/A,N/A,257236045,257359378,10859898975,10777874611,13536930720,13562877165,12051798263,12050317656",0,0,8750693188,8762144676,1394050376,1422624863,9518481376,9522063999,N/A,N/A,250726125,250502633,2333621974,2339980114,10994672084,10966660479",0,0,9423819847,9428534592,181726083,181894951,9336844288,9338142388,257359386,257236070,N/A,N/A,248229731,248301949,10966722298,10994756012",0,0,8764052862,8752968485,705714819,688797265,247002128,246664427,182550876,182592001,2370602145,2417256604,N/A,N/A,9172339491,9190376665",0,0,9428625443,9423784276,895436863,896050031,887221783,886610421,1603923304,1591549055,11283375094,11291437361,2339980113,2333621973,N/A,N/A"
1755379414,N/A,N/A,3675933301,3697160988,688797265,705714819,9521797538,9518265328,1591574628,1603936823,9208565922,9242133996,248301940,248229748,17596810941,17552291596",0,0,N/A,N/A,896050031,895436876,9338081693,9336744312,182592602,182551338,250312180,250683708,10837900086,10767298423,17560458275,17613779933",0,0,3314702983,3383992330,N/A,N/A,886608143,887220784,249556943,249136470,13562832093,13536955847,9242133995,9208567283,9181827713,9191507228",0,0,3697856106,3676695944,1422622963,1394036213,N/A,N/A,257236045,257359378,10859898975,10777874611,13536930720,13562877165,12051798263,12050317656",0,0,8750693188,8762144676,1394050376,1422624863,9518481376,9522063999,N/A,N/A,250726125,250502633,2333621974,2339980114,10994672084,10966660479",0,0,9423819847,9428534592,181726083,181894951,9336844288,9338142388,257359386,257236070,N/A,N/A,248229731,248301949,10966722298,10994756012",0,0,8764052862,8752968485,705714819,688797265,247002128,246664427,182550876,182592001,2370602145,2417256604,N/A,N/A,9172339491,9190376665",0,0,9428625443,9423784276,895436863,896050031,887221783,886610421,1603923304,1591549055,11283375094,11291437361,2339980113,2333621973,N/A,N/A"
1755379416,N/A,N/A,3675933301,3697160988,688797265,705714819,9521797538,9518265328,1591574628,1603936823,9208565922,9242133996,248301940,248229748,17607435333,17562926499",0,0,N/A,N/A,896050031,895436876,9338081693,9336744312,182592602,182551338,250312180,250683708,10837900086,10767298423,17571101559,17624404374",0,0,3314702983,3383992330,N/A,N/A,886608143,887220784,249556943,249136470,13562832093,13536955847,9242133995,9208567283,9181827713,9191507228",0,0,3697856106,3676695944,1422622963,1394036213,N/A,N/A,257236045,257359378,10859898975,10777874611,13536930720,13562877165,12051798263,12050317656",0,0,8750693188,8762144676,1394050376,1422624863,9518481376,9522063999,N/A,N/A,250726125,250502633,2333621974,2339980114,10994672084,10966660479",0,0,9423819847,9428534592,181726083,181894951,9336844288,9338142388,257359386,257236070,N/A,N/A,248229731,248301949,10966722298,10994756012",0,0,8764052862,8752968485,705714819,688797265,247002128,246664427,182550876,182592001,2370602145,2417256604,N/A,N/A,9172339491,9190376665",0,0,9428625443,9423784276,895436863,896050031,887221783,886610421,1603923304,1591549055,11283375094,11291437361,2339980113,2333621973,N/A,N/A"
1755379417,N/A,N/A,3675933301,3697160988,688797265,705714819,9521797538,9518265328,1591574628,1603936823,9208565922,9242133996,248301940,248229748,17616728014,17572236300",0,0,N/A,N/A,896050031,895436876,9338081693,9336744312,182592602,182551338,250312180,250683708,10837900086,10767298423,17580410099,17633697101",0,0,3314702983,3383992330,N/A,N/A,886608143,887220784,249556943,249136470,13562832093,13536955847,9242133995,9208567283,9181827713,9191507228",0,0,3697856106,3676695944,1422622963,1394036213,N/A,N/A,257236045,257359378,10859898975,10777874611,13536930720,13562877165,12051798263,12050317656",0,0,8750693188,8762144676,1394050376,1422624863,9518481376,9522063999,N/A,N/A,250726125,250502633,2333621974,2339980114,10994672084,10966660479",0,0,9423819847,9428534592,181726083,181894951,9336844288,9338142388,257359386,257236070,N/A,N/A,248229731,248301949,10966722298,10994756012",0,0,8764052862,8752968485,705714819,688797265,247002128,246664427,182550876,182592001,2370602145,2417256604,N/A,N/A,9172339491,9190376665",0,0,9428625443,9423784276,895436863,896050031,887221783,886610421,1603923304,1591549055,11283375094,11291437361,2339980113,2333621973,N/A,N/A"
1755379419,N/A,N/A,3675933301,3697160988,688797265,705714819,9521797538,9518265328,1591574628,1603936823,9208565922,9242133996,248301940,248229748,17627239665,17582756285",0,0,N/A,N/A,896050031,895436876,9338081693,9336744312,182592602,182551338,250312180,250683708,10837900086,10767298423,17590931388,17644208739",0,0,3314702983,3383992330,N/A,N/A,886608143,887220784,249556943,249136470,13562832093,13536955847,9242133995,9208567283,9181827713,9191507228",0,0,3697856106,3676695944,1422622963,1394036213,N/A,N/A,257236045,257359378,10859898975,10777874611,13536930720,13562877165,12051798263,12050317656",0,0,8750693188,8762144676,1394050376,1422624863,9518481376,9522063999,N/A,N/A,250726125,250502633,2333621974,2339980114,10994672084,10966660479",0,0,9423819847,9428534592,181726083,181894951,9336844288,9338142388,257359386,257236070,N/A,N/A,248229731,248301949,10966722298,10994756012",0,0,8764052862,8752968485,705714819,688797265,247002128,246664427,182550876,182592001,2370602145,2417256604,N/A,N/A,9172339491,9190376665",0,0,9428625443,9423784276,895436863,896050031,887221783,886610421,1603923304,1591549055,11283375094,11291437361,2339980113,2333621973,N/A,N/A"
1755379420,N/A,N/A,3675933301,3697160988,688797265,705714819,9521797538,9518265328,1591574628,1603936823,9208565922,9242133996,248301940,248229748,17636307631,17591833721",0,0,N/A,N/A,896050031,895436876,9338081693,9336744312,182592602,182551338,250312180,250683708,10837900086,10767298423,17600015555,17653276729",0,0,3314702983,3383992330,N/A,N/A,886608143,887220784,249556943,249136470,13562832093,13536955847,9242133995,9208567283,9181827713,9191507228",0,0,3697856106,3676695944,1422622963,1394036213,N/A,N/A,257236045,257359378,10859898975,10777874611,13536930720,13562877165,12051798263,12050317656",0,0,8750693188,8762144676,1394050376,1422624863,9518481376,9522063999,N/A,N/A,250726125,250502633,2333621974,2339980114,10994672084,10966660479",0,0,9423819847,9428534592,181726083,181894951,9336844288,9338142388,257359386,257236070,N/A,N/A,248229731,248301949,10966722298,10994756012",0,0,8764052862,8752968485,705714819,688797265,247002128,246664427,182550876,182592001,2370602145,2417256604,N/A,N/A,9172339491,9190376665",0,0,9428625443,9423784276,895436863,896050031,887221783,886610421,1603923304,1591549055,11283375094,11291437361,2339980113,2333621973,N/A,N/A"
1755379422,N/A,N/A,3675933301,3697160988,688797265,705714819,9521797538,9518265328,1591574628,1603936823,9208565922,9242133996,248301940,248229748,17646818616,17602348547",0,0,N/A,N/A,896050031,895436876,9338081693,9336744312,182592602,182551338,250312180,250683708,10837900086,10767298423,17610523608,17663780636",0,0,3314702983,3383992330,N/A,N/A,886608143,887220784,249556943,249136470,13562832093,13536955847,9242133995,9208567283,9181827713,9191507228",0,0,3697856106,3676695944,1422622963,1394036213,N/A,N/A,257236045,257359378,10859898975,10777874611,13536930720,13562877165,12051798263,12050317656",0,0,8750693188,8762144676,1394050376,1422624863,9518481376,9522063999,N/A,N/A,250726125,250502633,2333621974,2339980114,10994672084,10966660479",0,0,9423819847,9428534592,181726083,181894951,9336844288,9338142388,257359386,257236070,N/A,N/A,248229731,248301949,10966722298,10994756012",0,0,8764052862,8752968485,705714819,688797265,247002128,246664427,182550876,182592001,2370602145,2417256604,N/A,N/A,9172339491,9190376665",0,0,9428625443,9423784276,895436863,896050031,887221783,886610421,1603923304,1591549055,11283375094,11291437361,2339980113,2333621973,N/A,N/A"
1755379423,N/A,N/A,3675933301,3697160988,688797265,705714819,9521797538,9518265328,1591574628,1603936823,9208565922,9242133996,248301940,248229748,17656014674,17611549999",0,0,N/A,N/A,896050031,895436876,9338081693,9336744312,182592602,182551338,250312180,250683708,10837900086,10767298423,17619712542,17672968272",0,0,3314702983,3383992330,N/A,N/A,886608143,887220784,249556943,249136470,13562832093,13536955847,9242133995,9208567283,9181827713,9191507228",0,0,3697856106,3676695944,1422622963,1394036213,N/A,N/A,257236045,257359378,10859898975,10777874611,13536930720,13562877165,12051798263,12050317656",0,0,8750693188,8762144676,1394050376,1422624863,9518481376,9522063999,N/A,N/A,250726125,250502633,2333621974,2339980114,10994672084,10966660479",0,0,9423819847,9428534592,181726083,181894951,9336844288,9338142388,257359386,257236070,N/A,N/A,248229731,248301949,10966722298,10994756012",0,0,8764052862,8752968485,705714819,688797265,247002128,246664427,182550876,182592001,2370602145,2417256604,N/A,N/A,9172339491,9190376665",0,0,9428625443,9423784276,895436863,896050031,887221783,886610421,1603923304,1591549055,11283375094,11291437361,2339980113,2333621973,N/A,N/A"
1755379424,N/A,N/A,3675933301,3697160988,688797265,705714819,9521797538,9518265328,1591574628,1603936823,9208565922,9242133996,248301940,248229748,17666411130,17621974181",0,0,N/A,N/A,896050031,895436876,9338081693,9336744312,182592602,182551338,250312180,250683708,10837900086,10767298423,17630146201,17683375988",0,0,3314702983,3383992330,N/A,N/A,886608143,887220784,249556943,249136470,13562832093,13536955847,9242133995,9208567283,9181827713,9191507228",0,0,3697856106,3676695944,1422622963,1394036213,N/A,N/A,257236045,257359378,10859898975,10777874611,13536930720,13562877165,12051798263,12050317656",0,0,8750693188,8762144676,1394050376,1422624863,9518481376,9522063999,N/A,N/A,250726125,250502633,2333621974,2339980114,10994672084,10966660479",0,0,9423819847,9428534592,181726083,181894951,9336844288,9338142388,257359386,257236070,N/A,N/A,248229731,248301949,10966722298,10994756012",0,0,8764052862,8752968485,705714819,688797265,247002128,246664427,182550876,182592001,2370602145,2417256604,N/A,N/A,9172339491,9190376665",0,0,9428625443,9423784276,895436863,896050031,887221783,886610421,1603923304,1591549055,11283375094,11291437361,2339980113,2333621973,N/A,N/A"
1755379426,N/A,N/A,3675933301,3697160988,688797265,705714819,9521797538,9518265328,1591574628,1603936823,9208565922,9242133996,248301940,248229748,17676047549,17631607859",0,0,N/A,N/A,896050031,895436876,9338081693,9336744312,182592602,182551338,250312180,250683708,10837900086,10767298423,17639722793,17692949709",0,0,3314702983,3383992330,N/A,N/A,886608143,887220784,249556943,249136470,13562832093,13536955847,9242133995,9208567283,9181827713,9191507228",0,0,3697856106,3676695944,1422622963,1394036213,N/A,N/A,257236045,257359378,10859898975,10777874611,13536930720,13562877165,12051798263,12050317656",0,0,8750693188,8762144676,1394050376,1422624863,9518481376,9522063999,N/A,N/A,250726125,250502633,2333621974,2339980114,10994672084,10966660479",0,0,9423819847,9428534592,181726083,181894951,9336844288,9338142388,257359386,257236070,N/A,N/A,248229731,248301949,10966722298,10994756012",0,0,8764052862,8752968485,705714819,688797265,247002128,246664427,182550876,182592001,2370602145,2417256604,N/A,N/A,9172339491,9190376665",0,0,9428625443,9423784276,895436863,896050031,887221783,886610421,1603923304,1591549055,11283375094,11291437361,2339980113,2333621973,N/A,N/A"
1755379427,N/A,N/A,3675933301,3697160988,688797265,705714819,9521797538,9518265328,1591574628,1603936823,9208565922,9242133996,248301940,248229748,17686048277,17641621197",0,0,N/A,N/A,896050031,895436876,9338081693,9336744312,182592602,182551338,250312180,250683708,10837900086,10767298423,17649796190,17703017360",0,0,3314702983,3383992330,N/A,N/A,886608143,887220784,249556943,249136470,13562832093,13536955847,9242133995,9208567283,9181827713,9191507228",0,0,3697856106,3676695944,1422622963,1394036213,N/A,N/A,257236045,257359378,10859898975,10777874611,13536930720,13562877165,12051798263,12050317656",0,0,8750693188,8762144676,1394050376,1422624863,9518481376,9522063999,N/A,N/A,250726125,250502633,2333621974,2339980114,10994672084,10966660479",0,0,9423819847,9428534592,181726083,181894951,9336844288,9338142388,257359386,257236070,N/A,N/A,248229731,248301949,10966722298,10994756012",0,0,8764052862,8752968485,705714819,688797265,247002128,246664427,182550876,182592001,2370602145,2417256604,N/A,N/A,9172339491,9190376665",0,0,9428625443,9423784276,895436863,896050031,887221783,886610421,1603923304,1591549055,11283375094,11291437361,2339980113,2333621973,N/A,N/A"
1755379429,N/A,N/A,3675933301,3697160988,688797265,705714819,9521797538,9518265328,1591574628,1603936823,9208565922,9242133996,248301940,248229748,17696099218,17651690336",0,0,N/A,N/A,896050031,895436876,9338081693,9336744312,182592602,182551338,250312180,250683708,10837900086,10767298423,17659805269,17713001377",0,0,3314702983,3383992330,N/A,N/A,886608143,887220784,249556943,249136470,13562832093,13536955847,9242133995,9208567283,9181827713,9191507228",0,0,3697856106,3676695944,1422622963,1394036213,N/A,N/A,257236045,257359378,10859898975,10777874611,13536930720,13562877165,12051798263,12050317656",0,0,8750693188,8762144676,1394050376,1422624863,9518481376,9522063999,N/A,N/A,250726125,250502633,2333621974,2339980114,10994672084,10966660479",0,0,9423819847,9428534592,181726083,181894951,9336844288,9338142388,257359386,257236070,N/A,N/A,248229731,248301949,10966722298,10994756012",0,0,8764052862,8752968485,705714819,688797265,247002128,246664427,182550876,182592001,2370602145,2417256604,N/A,N/A,9172339491,9190376665",0,0,9428625443,9423784276,895436863,896050031,887221783,886610421,1603923304,1591549055,11283375094,11291437361,2339980113,2333621973,N/A,N/A"
1755379430,N/A,N/A,3675933301,3697160988,688797265,705714819,9521797538,9518265328,1591574628,1603936823,9208565922,9242133996,248301940,248229748,17705701823,17661307977",0,0,N/A,N/A,896050031,895436876,9338081693,9336744312,182592602,182551338,250312180,250683708,10837900086,10767298423,17669474527,17722665149",0,0,3314702983,3383992330,N/A,N/A,886608143,887220784,249556943,249136470,13562832093,13536955847,9242133995,9208567283,9181827713,9191507228",0,0,3697856106,3676695944,1422622963,1394036213,N/A,N/A,257236045,257359378,10859898975,10777874611,13536930720,13562877165,12051798263,12050317656",0,0,8750693188,8762144676,1394050376,1422624863,9518481376,9522063999,N/A,N/A,250726125,250502633,2333621974,2339980114,10994672084,10966660479",0,0,9423819847,9428534592,181726083,181894951,9336844288,9338142388,257359386,257236070,N/A,N/A,248229731,248301949,10966722298,10994756012",0,0,8764052862,8752968485,705714819,688797265,247002128,246664427,182550876,182592001,2370602145,2417256604,N/A,N/A,9172339491,9190376665",0,0,9428625443,9423784276,895436863,896050031,887221783,886610421,1603923304,1591549055,11283375094,11291437361,2339980113,2333621973,N/A,N/A"
1755379432,N/A,N/A,3675933301,3697160988,688797265,705714819,9521797538,9518265328,1591574628,1603936823,9208565922,9242133996,248301940,248229748,17716151014,17671770107",0,0,N/A,N/A,896050031,895436876,9338081693,9336744312,182592602,182551338,250312180,250683708,10837900086,10767298423,17679885040,17733053174",0,0,3314702983,3383992330,N/A,N/A,886608143,887220784,249556943,249136470,13562832093,13536955847,9242133995,9208567283,9181827713,9191507228",0,0,3697856106,3676695944,1422622963,1394036213,N/A,N/A,257236045,257359378,10859898975,10777874611,13536930720,13562877165,12051798263,12050317656",0,0,8750693188,8762144676,1394050376,1422624863,9518481376,9522063999,N/A,N/A,250726125,250502633,2333621974,2339980114,10994672084,10966660479",0,0,9423819847,9428534592,181726083,181894951,9336844288,9338142388,257359386,257236070,N/A,N/A,248229731,248301949,10966722298,10994756012",0,0,8764052862,8752968485,705714819,688797265,247002128,246664427,182550876,182592001,2370602145,2417256604,N/A,N/A,9172339491,9190376665",0,0,9428625443,9423784276,895436863,896050031,887221783,886610421,1603923304,1591549055,11283375094,11291437361,2339980113,2333621973,N/A,N/A"
1755379433,N/A,N/A,3675933301,3697160988,688797265,705714819,9521797538,9518265328,1591574628,1603936823,9208565922,9242133996,248301940,248229748,17725258571,17680886305",0,0,N/A,N/A,896050031,895436876,9338081693,9336744312,182592602,182551338,250312180,250683708,10837900086,10767298423,17689061314,17742227681",0,0,3314702983,3383992330,N/A,N/A,886608143,887220784,249556943,249136470,13562832093,13536955847,9242133995,9208567283,9181827713,9191507228",0,0,3697856106,3676695944,1422622963,1394036213,N/A,N/A,257236045,257359378,10859898975,10777874611,13536930720,13562877165,12051798263,12050317656",0,0,8750693188,8762144676,1394050376,1422624863,9518481376,9522063999,N/A,N/A,250726125,250502633,2333621974,2339980114,10994672084,10966660479",0,0,9423819847,9428534592,181726083,181894951,9336844288,9338142388,257359386,257236070,N/A,N/A,248229731,248301949,10966722298,10994756012",0,0,8764052862,8752968485,705714819,688797265,247002128,246664427,182550876,182592001,2370602145,2417256604,N/A,N/A,9172339491,9190376665",0,0,9428625443,9423784276,895436863,896050031,887221783,886610421,1603923304,1591549055,11283375094,11291437361,2339980113,2333621973,N/A,N/A"
1755379435,N/A,N/A,3675933301,3697160988,688797265,705714819,9521797538,9518265328,1591574628,1603936823,9208565922,9242133996,248301940,248229748,17735667209,17691316194",0,0,N/A,N/A,896050031,895436876,9338081693,9336744312,182592602,182551338,250312180,250683708,10837900086,10767298423,17699491289,17752620896",0,0,3314702983,3383992330,N/A,N/A,886608143,887220784,249556943,249136470,13562832093,13536955847,9242133995,9208567283,9181827713,9191507228",0,0,3697856106,3676695944,1422622963,1394036213,N/A,N/A,257236045,257359378,10859898975,10777874611,13536930720,13562877165,12051798263,12050317656",0,0,8750693188,8762144676,1394050376,1422624863,9518481376,9522063999,N/A,N/A,250726125,250502633,2333621974,2339980114,10994672084,10966660479",0,0,9423819847,9428534592,181726083,181894951,9336844288,9338142388,257359386,257236070,N/A,N/A,248229731,248301949,10966722298,10994756012",0,0,8764052862,8752968485,705714819,688797265,247002128,246664427,182550876,182592001,2370602145,2417256604,N/A,N/A,9172339491,9190376665",0,0,9428625443,9423784276,895436863,896050031,887221783,886610421,1603923304,1591549055,11283375094,11291437361,2339980113,2333621973,N/A,N/A"
1755379436,N/A,N/A,3675933301,3697160988,688797265,705714819,9521797538,9518265328,1591574628,1603936823,9208565922,9242133996,248301940,248229748,17744706626,17700363952",0,0,N/A,N/A,896050031,895436876,9338081693,9336744312,182592602,182551338,250312180,250683708,10837900086,10767298423,17708539505,17761675314",0,0,3314702983,3383992330,N/A,N/A,886608143,887220784,249556943,249136470,13562832093,13536955847,9242133995,9208567283,9181827713,9191507228",0,0,3697856106,3676695944,1422622963,1394036213,N/A,N/A,257236045,257359378,10859898975,10777874611,13536930720,13562877165,12051798263,12050317656",0,0,8750693188,8762144676,1394050376,1422624863,9518481376,9522063999,N/A,N/A,250726125,250502633,2333621974,2339980114,10994672084,10966660479",0,0,9423819847,9428534592,181726083,181894951,9336844288,9338142388,257359386,257236070,N/A,N/A,248229731,248301949,10966722298,10994756012",0,0,8764052862,8752968485,705714819,688797265,247002128,246664427,182550876,182592001,2370602145,2417256604,N/A,N/A,9172339491,9190376665",0,0,9428625443,9423784276,895436863,896050031,887221783,886610421,1603923304,1591549055,11283375094,11291437361,2339980113,2333621973,N/A,N/A"
1755379438,N/A,N/A,3675933301,3697160988,688797265,705714819,9521797538,9518265328,1591574628,1603936823,9208565922,9242133996,248301940,248229748,17755234935,17710914015",0,0,N/A,N/A,896050031,895436876,9338081693,9336744312,182592602,182551338,250312180,250683708,10837900086,10767298423,17719087979,17772201521",0,0,3314702983,3383992330,N/A,N/A,886608143,887220784,249556943,249136470,13562832093,13536955847,9242133995,9208567283,9181827713,9191507228",0,0,3697856106,3676695944,1422622963,1394036213,N/A,N/A,257236045,257359378,10859898975,10777874611,13536930720,13562877165,12051798263,12050317656",0,0,8750693188,8762144676,1394050376,1422624863,9518481376,9522063999,N/A,N/A,250726125,250502633,2333621974,2339980114,10994672084,10966660479",0,0,9423819847,9428534592,181726083,181894951,9336844288,9338142388,257359386,257236070,N/A,N/A,248229731,248301949,10966722298,10994756012",0,0,8764052862,8752968485,705714819,688797265,247002128,246664427,182550876,182592001,2370602145,2417256604,N/A,N/A,9172339491,9190376665",0,0,9428625443,9423784276,895436863,896050031,887221783,886610421,1603923304,1591549055,11283375094,11291437361,2339980113,2333621973,N/A,N/A"
1755379439,N/A,N/A,3675933301,3697160988,688797265,705714819,9521797538,9518265328,1591574628,1603936823,9208565922,9242133996,248301940,248229748,17764338297,17720019714",0,0,N/A,N/A,896050031,895436876,9338081693,9336744312,182592602,182551338,250312180,250683708,10837900086,10767298423,17728197589,17781322772",0,0,3314702983,3383992330,N/A,N/A,886608143,887220784,249556943,249136470,13562832093,13536955847,9242133995,9208567283,9181827713,9191507228",0,0,3697856106,3676695944,1422622963,1394036213,N/A,N/A,257236045,257359378,10859898975,10777874611,13536930720,13562877165,12051798263,12050317656",0,0,8750693188,8762144676,1394050376,1422624863,9518481376,9522063999,N/A,N/A,250726125,250502633,2333621974,2339980114,10994672084,10966660479",0,0,9423819847,9428534592,181726083,181894951,9336844288,9338142388,257359386,257236070,N/A,N/A,248229731,248301949,10966722298,10994756012",0,0,8764052862,8752968485,705714819,688797265,247002128,246664427,182550876,182592001,2370602145,2417256604,N/A,N/A,9172339491,9190376665",0,0,9428625443,9423784276,895436863,896050031,887221783,886610421,1603923304,1591549055,11283375094,11291437361,2339980113,2333621973,N/A,N/A"
1755379441,N/A,N/A,3675933301,3697160988,688797265,705714819,9521797538,9518265328,1591574628,1603936823,9208565922,9242133996,248301940,248229748,17775125080,17730819199",0,0,N/A,N/A,896050031,895436876,9338081693,9336744312,182592602,182551338,250312180,250683708,10837900086,10767298423,17738985806,17792087264",0,0,3314702983,3383992330,N/A,N/A,886608143,887220784,249556943,249136470,13562832093,13536955847,9242133995,9208567283,9181827713,9191507228",0,0,3697856106,3676695944,1422622963,1394036213,N/A,N/A,257236045,257359378,10859898975,10777874611,13536930720,13562877165,12051798263,12050317656",0,0,8750693188,8762144676,1394050376,1422624863,9518481376,9522063999,N/A,N/A,250726125,250502633,2333621974,2339980114,10994672084,10966660479",0,0,9423819847,9428534592,181726083,181894951,9336844288,9338142388,257359386,257236070,N/A,N/A,248229731,248301949,10966722298,10994756012",0,0,8764052862,8752968485,705714819,688797265,247002128,246664427,182550876,182592001,2370602145,2417256604,N/A,N/A,9172339491,9190376665",0,0,9428625443,9423784276,895436863,896050031,887221783,886610421,1603923304,1591549055,11283375094,11291437361,2339980113,2333621973,N/A,N/A"
1755379442,N/A,N/A,3675933301,3697160988,688797265,705714819,9521797538,9518265328,1591574628,1603936823,9208565922,9242133996,248301940,248229748,17784231264,17739922524",0,0,N/A,N/A,896050031,895436876,9338081693,9336744312,182592602,182551338,250312180,250683708,10837900086,10767298423,17748089139,17801200249",0,0,3314702983,3383992330,N/A,N/A,886608143,887220784,249556943,249136470,13562832093,13536955847,9242133995,9208567283,9181827713,9191507228",0,0,3697856106,3676695944,1422622963,1394036213,N/A,N/A,257236045,257359378,10859898975,10777874611,13536930720,13562877165,12051798263,12050317656",0,0,8750693188,8762144676,1394050376,1422624863,9518481376,9522063999,N/A,N/A,250726125,250502633,2333621974,2339980114,10994672084,10966660479",0,0,9423819847,9428534592,181726083,181894951,9336844288,9338142388,257359386,257236070,N/A,N/A,248229731,248301949,10966722298,10994756012",0,0,8764052862,8752968485,705714819,688797265,247002128,246664427,182550876,182592001,2370602145,2417256604,N/A,N/A,9172339491,9190376665",0,0,9428625443,9423784276,895436863,896050031,887221783,886610421,1603923304,1591549055,11283375094,11291437361,2339980113,2333621973,N/A,N/A"
1755379444,N/A,N/A,3675933301,3697160988,688797265,705714819,9521797538,9518265328,1591574628,1603936823,9208565922,9242133996,248301940,248229748,17794656133,17750365828",0,0,N/A,N/A,896050031,895436876,9338081693,9336744312,182592602,182551338,250312180,250683708,10837900086,10767298423,17758533457,17811622277",0,0,3314702983,3383992330,N/A,N/A,886608143,887220784,249556943,249136470,13562832093,13536955847,9242133995,9208567283,9181827713,9191507228",0,0,3697856106,3676695944,1422622963,1394036213,N/A,N/A,257236045,257359378,10859898975,10777874611,13536930720,13562877165,12051798263,12050317656",0,0,8750693188,8762144676,1394050376,1422624863,9518481376,9522063999,N/A,N/A,250726125,250502633,2333621974,2339980114,10994672084,10966660479",0,0,9423819847,9428534592,181726083,181894951,9336844288,9338142388,257359386,257236070,N/A,N/A,248229731,248301949,10966722298,10994756012",0,0,8764052862,8752968485,705714819,688797265,247002128,246664427,182550876,182592001,2370602145,2417256604,N/A,N/A,9172339491,9190376665",0,0,9428625443,9423784276,895436863,896050031,887221783,886610421,1603923304,1591549055,11283375094,11291437361,2339980113,2333621973,N/A,N/A"
1755379445,N/A,N/A,3675933301,3697160988,688797265,705714819,9521797538,9518265328,1591574628,1603936823,9208565922,9242133996,248301940,248229748,17803631178,17759335780",0,0,N/A,N/A,896050031,895436876,9338081693,9336744312,182592602,182551338,250312180,250683708,10837900086,10767298423,17767502351,17820600272",0,0,3314702983,3383992330,N/A,N/A,886608143,887220784,249556943,249136470,13562832093,13536955847,9242133995,9208567283,9181827713,9191507228",0,0,3697856106,3676695944,1422622963,1394036213,N/A,N/A,257236045,257359378,10859898975,10777874611,13536930720,13562877165,12051798263,12050317656",0,0,8750693188,8762144676,1394050376,1422624863,9518481376,9522063999,N/A,N/A,250726125,250502633,2333621974,2339980114,10994672084,10966660479",0,0,9423819847,9428534592,181726083,181894951,9336844288,9338142388,257359386,257236070,N/A,N/A,248229731,248301949,10966722298,10994756012",0,0,8764052862,8752968485,705714819,688797265,247002128,246664427,182550876,182592001,2370602145,2417256604,N/A,N/A,9172339491,9190376665",0,0,9428625443,9423784276,895436863,896050031,887221783,886610421,1603923304,1591549055,11283375094,11291437361,2339980113,2333621973,N/A,N/A"
1755379446,N/A,N/A,3675933301,3697160988,688797265,705714819,9521797538,9518265328,1591574628,1603936823,9208565922,9242133996,248301940,248229748,17814164885,17769875771",0,0,N/A,N/A,896050031,895436876,9338081693,9336744312,182592602,182551338,250312180,250683708,10837900086,10767298423,17778050888,17831118388",0,0,3314702983,3383992330,N/A,N/A,886608143,887220784,249556943,249136470,13562832093,13536955847,9242133995,9208567283,9181827713,9191507228",0,0,3697856106,3676695944,1422622963,1394036213,N/A,N/A,257236045,257359378,10859898975,10777874611,13536930720,13562877165,12051798263,12050317656",0,0,8750693188,8762144676,1394050376,1422624863,9518481376,9522063999,N/A,N/A,250726125,250502633,2333621974,2339980114,10994672084,10966660479",0,0,9423819847,9428534592,181726083,181894951,9336844288,9338142388,257359386,257236070,N/A,N/A,248229731,248301949,10966722298,10994756012",0,0,8764052862,8752968485,705714819,688797265,247002128,246664427,182550876,182592001,2370602145,2417256604,N/A,N/A,9172339491,9190376665",0,0,9428625443,9423784276,895436863,896050031,887221783,886610421,1603923304,1591549055,11283375094,11291437361,2339980113,2333621973,N/A,N/A"
1755379448,N/A,N/A,3675933301,3697160988,688797265,705714819,9521797538,9518265328,1591574628,1603936823,9208565922,9242133996,248301940,248229748,17823322426,17779047613",0,0,N/A,N/A,896050031,895436876,9338081693,9336744312,182592602,182551338,250312180,250683708,10837900086,10767298423,17787214159,17840291636",0,0,3314702983,3383992330,N/A,N/A,886608143,887220784,249556943,249136470,13562832093,13536955847,9242133995,9208567283,9181827713,9191507228",0,0,3697856106,3676695944,1422622963,1394036213,N/A,N/A,257236045,257359378,10859898975,10777874611,13536930720,13562877165,12051798263,12050317656",0,0,8750693188,8762144676,1394050376,1422624863,9518481376,9522063999,N/A,N/A,250726125,250502633,2333621974,2339980114,10994672084,10966660479",0,0,9423819847,9428534592,181726083,181894951,9336844288,9338142388,257359386,257236070,N/A,N/A,248229731,248301949,10966722298,10994756012",0,0,8764052862,8752968485,705714819,688797265,247002128,246664427,182550876,182592001,2370602145,2417256604,N/A,N/A,9172339491,9190376665",0,0,9428625443,9423784276,895436863,896050031,887221783,886610421,1603923304,1591549055,11283375094,11291437361,2339980113,2333621973,N/A,N/A"
1755379449,N/A,N/A,3675933301,3697160988,688797265,705714819,9521797538,9518265328,1591574628,1603936823,9208565922,9242133996,248301940,248229748,17833798166,17789542650",0,0,N/A,N/A,896050031,895436876,9338081693,9336744312,182592602,182551338,250312180,250683708,10837900086,10767298423,17797709262,17850764602",0,0,3314702983,3383992330,N/A,N/A,886608143,887220784,249556943,249136470,13562832093,13536955847,9242133995,9208567283,9181827713,9191507228",0,0,3697856106,3676695944,1422622963,1394036213,N/A,N/A,257236045,257359378,10859898975,10777874611,13536930720,13562877165,12051798263,12050317656",0,0,8750693188,8762144676,1394050376,1422624863,9518481376,9522063999,N/A,N/A,250726125,250502633,2333621974,2339980114,10994672084,10966660479",0,0,9423819847,9428534592,181726083,181894951,9336844288,9338142388,257359386,257236070,N/A,N/A,248229731,248301949,10966722298,10994756012",0,0,8764052862,8752968485,705714819,688797265,247002128,246664427,182550876,182592001,2370602145,2417256604,N/A,N/A,9172339491,9190376665",0,0,9428625443,9423784276,895436863,896050031,887221783,886610421,1603923304,1591549055,11283375094,11291437361,2339980113,2333621973,N/A,N/A"
1755379451,N/A,N/A,3675933301,3697160988,688797265,705714819,9521797538,9518265328,1591574628,1603936823,9208565922,9242133996,248301940,248229748,17843127772,17798878185",0,0,N/A,N/A,896050031,895436876,9338081693,9336744312,182592602,182551338,250312180,250683708,10837900086,10767298423,17806993118,17860029932",0,0,3314702983,3383992330,N/A,N/A,886608143,887220784,249556943,249136470,13562832093,13536955847,9242133995,9208567283,9181827713,9191507228",0,0,3697856106,3676695944,1422622963,1394036213,N/A,N/A,257236045,257359378,10859898975,10777874611,13536930720,13562877165,12051798263,12050317656",0,0,8750693188,8762144676,1394050376,1422624863,9518481376,9522063999,N/A,N/A,250726125,250502633,2333621974,2339980114,10994672084,10966660479",0,0,9423819847,9428534592,181726083,181894951,9336844288,9338142388,257359386,257236070,N/A,N/A,248229731,248301949,10966722298,10994756012",0,0,8764052862,8752968485,705714819,688797265,247002128,246664427,182550876,182592001,2370602145,2417256604,N/A,N/A,9172339491,9190376665",0,0,9428625443,9423784276,895436863,896050031,887221783,886610421,1603923304,1591549055,11283375094,11291437361,2339980113,2333621973,N/A,N/A"
1755379452,N/A,N/A,3675933301,3697160988,688797265,705714819,9521797538,9518265328,1591574628,1603936823,9208565922,9242133996,248301940,248229748,17853379786,17809145793",0,0,N/A,N/A,896050031,895436876,9338081693,9336744312,182592602,182551338,250312180,250683708,10837900086,10767298423,17817312292,17870347023",0,0,3314702983,3383992330,N/A,N/A,886608143,887220784,249556943,249136470,13562832093,13536955847,9242133995,9208567283,9181827713,9191507228",0,0,3697856106,3676695944,1422622963,1394036213,N/A,N/A,257236045,257359378,10859898975,10777874611,13536930720,13562877165,12051798263,12050317656",0,0,8750693188,8762144676,1394050376,1422624863,9518481376,9522063999,N/A,N/A,250726125,250502633,2333621974,2339980114,10994672084,10966660479",0,0,9423819847,9428534592,181726083,181894951,9336844288,9338142388,257359386,257236070,N/A,N/A,248229731,248301949,10966722298,10994756012",0,0,8764052862,8752968485,705714819,688797265,247002128,246664427,182550876,182592001,2370602145,2417256604,N/A,N/A,9172339491,9190376665",0,0,9428625443,9423784276,895436863,896050031,887221783,886610421,1603923304,1591549055,11283375094,11291437361,2339980113,2333621973,N/A,N/A"
1755379454,N/A,N/A,3675933301,3697160988,688797265,705714819,9521797538,9518265328,1591574628,1603936823,9208565922,9242133996,248301940,248229748,17863177160,17818948085",0,0,N/A,N/A,896050031,895436876,9338081693,9336744312,182592602,182551338,250312180,250683708,10837900086,10767298423,17827063018,17880079320",0,0,3314702983,3383992330,N/A,N/A,886608143,887220784,249556943,249136470,13562832093,13536955847,9242133995,9208567283,9181827713,9191507228",0,0,3697856106,3676695944,1422622963,1394036213,N/A,N/A,257236045,257359378,10859898975,10777874611,13536930720,13562877165,12051798263,12050317656",0,0,8750693188,8762144676,1394050376,1422624863,9518481376,9522063999,N/A,N/A,250726125,250502633,2333621974,2339980114,10994672084,10966660479",0,0,9423819847,9428534592,181726083,181894951,9336844288,9338142388,257359386,257236070,N/A,N/A,248229731,248301949,10966722298,10994756012",0,0,8764052862,8752968485,705714819,688797265,247002128,246664427,182550876,182592001,2370602145,2417256604,N/A,N/A,9172339491,9190376665",0,0,9428625443,9423784276,895436863,896050031,887221783,886610421,1603923304,1591549055,11283375094,11291437361,2339980113,2333621973,N/A,N/A"
1755379455,N/A,N/A,3675933301,3697160988,688797265,705714819,9521797538,9518265328,1591574628,1603936823,9208565922,9242133996,248301940,248229748,17873043775,17828826134",0,0,N/A,N/A,896050031,895436876,9338081693,9336744312,182592602,182551338,250312180,250683708,10837900086,10767298423,17837001140,17890006444",0,0,3314702983,3383992330,N/A,N/A,886608143,887220784,249556943,249136470,13562832093,13536955847,9242133995,9208567283,9181827713,9191507228",0,0,3697856106,3676695944,1422622963,1394036213,N/A,N/A,257236045,257359378,10859898975,10777874611,13536930720,13562877165,12051798263,12050317656",0,0,8750693188,8762144676,1394050376,1422624863,9518481376,9522063999,N/A,N/A,250726125,250502633,2333621974,2339980114,10994672084,10966660479",0,0,9423819847,9428534592,181726083,181894951,9336844288,9338142388,257359386,257236070,N/A,N/A,248229731,248301949,10966722298,10994756012",0,0,8764052862,8752968485,705714819,688797265,247002128,246664427,182550876,182592001,2370602145,2417256604,N/A,N/A,9172339491,9190376665",0,0,9428625443,9423784276,895436863,896050031,887221783,886610421,1603923304,1591549055,11283375094,11291437361,2339980113,2333621973,N/A,N/A"
1755379457,N/A,N/A,3675933301,3697160988,688797265,705714819,9521797538,9518265328,1591574628,1603936823,9208565922,9242133996,248301940,248229748,17883227798,17839024241",0,0,N/A,N/A,896050031,895436876,9338081693,9336744312,182592602,182551338,250312180,250683708,10837900086,10767298423,17847139174,17900129958",0,0,3314702983,3383992330,N/A,N/A,886608143,887220784,249556943,249136470,13562832093,13536955847,9242133995,9208567283,9181827713,9191507228",0,0,3697856106,3676695944,1422622963,1394036213,N/A,N/A,257236045,257359378,10859898975,10777874611,13536930720,13562877165,12051798263,12050317656",0,0,8750693188,8762144676,1394050376,1422624863,9518481376,9522063999,N/A,N/A,250726125,250502633,2333621974,2339980114,10994672084,10966660479",0,0,9423819847,9428534592,181726083,181894951,9336844288,9338142388,257359386,257236070,N/A,N/A,248229731,248301949,10966722298,10994756012",0,0,8764052862,8752968485,705714819,688797265,247002128,246664427,182550876,182592001,2370602145,2417256604,N/A,N/A,9172339491,9190376665",0,0,9428625443,9423784276,895436863,896050031,887221783,886610421,1603923304,1591549055,11283375094,11291437361,2339980113,2333621973,N/A,N/A"
1755379458,N/A,N/A,3675933301,3697160988,688797265,705714819,9521797538,9518265328,1591574628,1603936823,9208565922,9242133996,248301940,248229748,17892632134,17848441136",0,0,N/A,N/A,896050031,895436876,9338081693,9336744312,182592602,182551338,250312180,250683708,10837900086,10767298423,17856620300,17909601285",0,0,3314702983,3383992330,N/A,N/A,886608143,887220784,249556943,249136470,13562832093,13536955847,9242133995,9208567283,9181827713,9191507228",0,0,3697856106,3676695944,1422622963,1394036213,N/A,N/A,257236045,257359378,10859898975,10777874611,13536930720,13562877165,12051798263,12050317656",0,0,8750693188,8762144676,1394050376,1422624863,9518481376,9522063999,N/A,N/A,250726125,250502633,2333621974,2339980114,10994672084,10966660479",0,0,9423819847,9428534592,181726083,181894951,9336844288,9338142388,257359386,257236070,N/A,N/A,248229731,248301949,10966722298,10994756012",0,0,8764052862,8752968485,705714819,688797265,247002128,246664427,182550876,182592001,2370602145,2417256604,N/A,N/A,9172339491,9190376665",0,0,9428625443,9423784276,895436863,896050031,887221783,886610421,1603923304,1591549055,11283375094,11291437361,2339980113,2333621973,N/A,N/A"
1755379460,N/A,N/A,3675933301,3697160988,688797265,705714819,9521797538,9518265328,1591574628,1603936823,9208565922,9242133996,248301940,248229748,17902994253,17858825980",0,0,N/A,N/A,896050031,895436876,9338081693,9336744312,182592602,182551338,250312180,250683708,10837900086,10767298423,17866992948,17919960023",0,0,3314702983,3383992330,N/A,N/A,886608143,887220784,249556943,249136470,13562832093,13536955847,9242133995,9208567283,9181827713,9191507228",0,0,3697856106,3676695944,1422622963,1394036213,N/A,N/A,257236045,257359378,10859898975,10777874611,13536930720,13562877165,12051798263,12050317656",0,0,8750693188,8762144676,1394050376,1422624863,9518481376,9522063999,N/A,N/A,250726125,250502633,2333621974,2339980114,10994672084,10966660479",0,0,9423819847,9428534592,181726083,181894951,9336844288,9338142388,257359386,257236070,N/A,N/A,248229731,248301949,10966722298,10994756012",0,0,8764052862,8752968485,705714819,688797265,247002128,246664427,182550876,182592001,2370602145,2417256604,N/A,N/A,9172339491,9190376665",0,0,9428625443,9423784276,895436863,896050031,887221783,886610421,1603923304,1591549055,11283375094,11291437361,2339980113,2333621973,N/A,N/A"
1755379461,N/A,N/A,3675933301,3697160988,688797265,705714819,9521797538,9518265328,1591574628,1603936823,9208565922,9242133996,248301940,248229748,17912394579,17868228370",0,0,N/A,N/A,896050031,895436876,9338081693,9336744312,182592602,182551338,250312180,250683708,10837900086,10767298423,17876403871,17929363587",0,0,3314702983,3383992330,N/A,N/A,886608143,887220784,249556943,249136470,13562832093,13536955847,9242133995,9208567283,9181827713,9191507228",0,0,3697856106,3676695944,1422622963,1394036213,N/A,N/A,257236045,257359378,10859898975,10777874611,13536930720,13562877165,12051798263,12050317656",0,0,8750693188,8762144676,1394050376,1422624863,9518481376,9522063999,N/A,N/A,250726125,250502633,2333621974,2339980114,10994672084,10966660479",0,0,9423819847,9428534592,181726083,181894951,9336844288,9338142388,257359386,257236070,N/A,N/A,248229731,248301949,10966722298,10994756012",0,0,8764052862,8752968485,705714819,688797265,247002128,246664427,182550876,182592001,2370602145,2417256604,N/A,N/A,9172339491,9190376665",0,0,9428625443,9423784276,895436863,896050031,887221783,886610421,1603923304,1591549055,11283375094,11291437361,2339980113,2333621973,N/A,N/A"
1755379463,N/A,N/A,3675933301,3697160988,688797265,705714819,9521797538,9518265328,1591574628,1603936823,9208565922,9242133996,248301940,248229748,17922757637,17878605847",0,0,N/A,N/A,896050031,895436876,9338081693,9336744312,182592602,182551338,250312180,250683708,10837900086,10767298423,17886772449,17939719792",0,0,3314702983,3383992330,N/A,N/A,886608143,887220784,249556943,249136470,13562832093,13536955847,9242133995,9208567283,9181827713,9191507228",0,0,3697856106,3676695944,1422622963,1394036213,N/A,N/A,257236045,257359378,10859898975,10777874611,13536930720,13562877165,12051798263,12050317656",0,0,8750693188,8762144676,1394050376,1422624863,9518481376,9522063999,N/A,N/A,250726125,250502633,2333621974,2339980114,10994672084,10966660479",0,0,9423819847,9428534592,181726083,181894951,9336844288,9338142388,257359386,257236070,N/A,N/A,248229731,248301949,10966722298,10994756012",0,0,8764052862,8752968485,705714819,688797265,247002128,246664427,182550876,182592001,2370602145,2417256604,N/A,N/A,9172339491,9190376665",0,0,9428625443,9423784276,895436863,896050031,887221783,886610421,1603923304,1591549055,11283375094,11291437361,2339980113,2333621973,N/A,N/A"
1755379464,N/A,N/A,3675933301,3697160988,688797265,705714819,9521797538,9518265328,1591574628,1603936823,9208565922,9242133996,248301940,248229748,17931952401,17887803246",0,0,N/A,N/A,896050031,895436876,9338081693,9336744312,182592602,182551338,250312180,250683708,10837900086,10767298423,17895969840,17948921390",0,0,3314702983,3383992330,N/A,N/A,886608143,887220784,249556943,249136470,13562832093,13536955847,9242133995,9208567283,9181827713,9191507228",0,0,3697856106,3676695944,1422622963,1394036213,N/A,N/A,257236045,257359378,10859898975,10777874611,13536930720,13562877165,12051798263,12050317656",0,0,8750693188,8762144676,1394050376,1422624863,9518481376,9522063999,N/A,N/A,250726125,250502633,2333621974,2339980114,10994672084,10966660479",0,0,9423819847,9428534592,181726083,181894951,9336844288,9338142388,257359386,257236070,N/A,N/A,248229731,248301949,10966722298,10994756012",0,0,8764052862,8752968485,705714819,688797265,247002128,246664427,182550876,182592001,2370602145,2417256604,N/A,N/A,9172339491,9190376665",0,0,9428625443,9423784276,895436863,896050031,887221783,886610421,1603923304,1591549055,11283375094,11291437361,2339980113,2333621973,N/A,N/A"
1755379466,N/A,N/A,3675933301,3697160988,688797265,705714819,9521797538,9518265328,1591574628,1603936823,9208565922,9242133996,248301940,248229748,17942514447,17898381323",0,0,N/A,N/A,896050031,895436876,9338081693,9336744312,182592602,182551338,250312180,250683708,10837900086,10767298423,17906544180,17959483457",0,0,3314702983,3383992330,N/A,N/A,886608143,887220784,249556943,249136470,13562832093,13536955847,9242133995,9208567283,9181827713,9191507228",0,0,3697856106,3676695944,1422622963,1394036213,N/A,N/A,257236045,257359378,10859898975,10777874611,13536930720,13562877165,12051798263,12050317656",0,0,8750693188,8762144676,1394050376,1422624863,9518481376,9522063999,N/A,N/A,250726125,250502633,2333621974,2339980114,10994672084,10966660479",0,0,9423819847,9428534592,181726083,181894951,9336844288,9338142388,257359386,257236070,N/A,N/A,248229731,248301949,10966722298,10994756012",0,0,8764052862,8752968485,705714819,688797265,247002128,246664427,182550876,182592001,2370602145,2417256604,N/A,N/A,9172339491,9190376665",0,0,9428625443,9423784276,895436863,896050031,887221783,886610421,1603923304,1591549055,11283375094,11291437361,2339980113,2333621973,N/A,N/A"
1755379467,N/A,N/A,3675933301,3697160988,688797265,705714819,9521797538,9518265328,1591574628,1603936823,9208565922,9242133996,248301940,248229748,17951733400,17907605357",0,0,N/A,N/A,896050031,895436876,9338081693,9336744312,182592602,182551338,250312180,250683708,10837900086,10767298423,17915772022,17968702545",0,0,3314702983,3383992330,N/A,N/A,886608143,887220784,249556943,249136470,13562832093,13536955847,9242133995,9208567283,9181827713,9191507228",0,0,3697856106,3676695944,1422622963,1394036213,N/A,N/A,257236045,257359378,10859898975,10777874611,13536930720,13562877165,12051798263,12050317656",0,0,8750693188,8762144676,1394050376,1422624863,9518481376,9522063999,N/A,N/A,250726125,250502633,2333621974,2339980114,10994672084,10966660479",0,0,9423819847,9428534592,181726083,181894951,9336844288,9338142388,257359386,257236070,N/A,N/A,248229731,248301949,10966722298,10994756012",0,0,8764052862,8752968485,705714819,688797265,247002128,246664427,182550876,182592001,2370602145,2417256604,N/A,N/A,9172339491,9190376665",0,0,9428625443,9423784276,895436863,896050031,887221783,886610421,1603923304,1591549055,11283375094,11291437361,2339980113,2333621973,N/A,N/A"
1755379468,N/A,N/A,3675933301,3697160988,688797265,705714819,9521797538,9518265328,1591574628,1603936823,9208565922,9242133996,248301940,248229748,17962157521,17918041918",0,0,N/A,N/A,896050031,895436876,9338081693,9336744312,182592602,182551338,250312180,250683708,10837900086,10767298423,17926217006,17979126630",0,0,3314702983,3383992330,N/A,N/A,886608143,887220784,249556943,249136470,13562832093,13536955847,9242133995,9208567283,9181827713,9191507228",0,0,3697856106,3676695944,1422622963,1394036213,N/A,N/A,257236045,257359378,10859898975,10777874611,13536930720,13562877165,12051798263,12050317656",0,0,8750693188,8762144676,1394050376,1422624863,9518481376,9522063999,N/A,N/A,250726125,250502633,2333621974,2339980114,10994672084,10966660479",0,0,9423819847,9428534592,181726083,181894951,9336844288,9338142388,257359386,257236070,N/A,N/A,248229731,248301949,10966722298,10994756012",0,0,8764052862,8752968485,705714819,688797265,247002128,246664427,182550876,182592001,2370602145,2417256604,N/A,N/A,9172339491,9190376665",0,0,9428625443,9423784276,895436863,896050031,887221783,886610421,1603923304,1591549055,11283375094,11291437361,2339980113,2333621973,N/A,N/A"
1755379470,N/A,N/A,3675933301,3697160988,688797265,705714819,9521797538,9518265328,1591574628,1603936823,9208565922,9242133996,248301940,248229748,17971094529,17926994505",0,0,N/A,N/A,896050031,895436876,9338081693,9336744312,182592602,182551338,250312180,250683708,10837900086,10767298423,17935176521,17988063573",0,0,3314702983,3383992330,N/A,N/A,886608143,887220784,249556943,249136470,13562832093,13536955847,9242133995,9208567283,9181827713,9191507228",0,0,3697856106,3676695944,1422622963,1394036213,N/A,N/A,257236045,257359378,10859898975,10777874611,13536930720,13562877165,12051798263,12050317656",0,0,8750693188,8762144676,1394050376,1422624863,9518481376,9522063999,N/A,N/A,250726125,250502633,2333621974,2339980114,10994672084,10966660479",0,0,9423819847,9428534592,181726083,181894951,9336844288,9338142388,257359386,257236070,N/A,N/A,248229731,248301949,10966722298,10994756012",0,0,8764052862,8752968485,705714819,688797265,247002128,246664427,182550876,182592001,2370602145,2417256604,N/A,N/A,9172339491,9190376665",0,0,9428625443,9423784276,895436863,896050031,887221783,886610421,1603923304,1591549055,11283375094,11291437361,2339980113,2333621973,N/A,N/A"
1755379471,N/A,N/A,3675933301,3697160988,688797265,705714819,9521797538,9518265328,1591574628,1603936823,9208565922,9242133996,248301940,248229748,17981533052,17937450031",0,0,N/A,N/A,896050031,895436876,9338081693,9336744312,182592602,182551338,250312180,250683708,10837900086,10767298423,17945625088,17998494380",0,0,3314702983,3383992330,N/A,N/A,886608143,887220784,249556943,249136470,13562832093,13536955847,9242133995,9208567283,9181827713,9191507228",0,0,3697856106,3676695944,1422622963,1394036213,N/A,N/A,257236045,257359378,10859898975,10777874611,13536930720,13562877165,12051798263,12050317656",0,0,8750693188,8762144676,1394050376,1422624863,9518481376,9522063999,N/A,N/A,250726125,250502633,2333621974,2339980114,10994672084,10966660479",0,0,9423819847,9428534592,181726083,181894951,9336844288,9338142388,257359386,257236070,N/A,N/A,248229731,248301949,10966722298,10994756012",0,0,8764052862,8752968485,705714819,688797265,247002128,246664427,182550876,182592001,2370602145,2417256604,N/A,N/A,9172339491,9190376665",0,0,9428625443,9423784276,895436863,896050031,887221783,886610421,1603923304,1591549055,11283375094,11291437361,2339980113,2333621973,N/A,N/A"
1755379473,N/A,N/A,3675933301,3697160988,688797265,705714819,9521797538,9518265328,1591574628,1603936823,9208565922,9242133996,248301940,248229748,17990617261,17946546994",0,0,N/A,N/A,896050031,895436876,9338081693,9336744312,182592602,182551338,250312180,250683708,10837900086,10767298423,17954722374,18007589545",0,0,3314702983,3383992330,N/A,N/A,886608143,887220784,249556943,249136470,13562832093,13536955847,9242133995,9208567283,9181827713,9191507228",0,0,3697856106,3676695944,1422622963,1394036213,N/A,N/A,257236045,257359378,10859898975,10777874611,13536930720,13562877165,12051798263,12050317656",0,0,8750693188,8762144676,1394050376,1422624863,9518481376,9522063999,N/A,N/A,250726125,250502633,2333621974,2339980114,10994672084,10966660479",0,0,9423819847,9428534592,181726083,181894951,9336844288,9338142388,257359386,257236070,N/A,N/A,248229731,248301949,10966722298,10994756012",0,0,8764052862,8752968485,705714819,688797265,247002128,246664427,182550876,182592001,2370602145,2417256604,N/A,N/A,9172339491,9190376665",0,0,9428625443,9423784276,895436863,896050031,887221783,886610421,1603923304,1591549055,11283375094,11291437361,2339980113,2333621973,N/A,N/A"
1755379474,N/A,N/A,3675933301,3697160988,688797265,705714819,9521797538,9518265328,1591574628,1603936823,9208565922,9242133996,248301940,248229748,18001147594,17957083769",0,0,N/A,N/A,896050031,895436876,9338081693,9336744312,182592602,182551338,250312180,250683708,10837900086,10767298423,17965258806,18018116646",0,0,3314702983,3383992330,N/A,N/A,886608143,887220784,249556943,249136470,13562832093,13536955847,9242133995,9208567283,9181827713,9191507228",0,0,3697856106,3676695944,1422622963,1394036213,N/A,N/A,257236045,257359378,10859898975,10777874611,13536930720,13562877165,12051798263,12050317656",0,0,8750693188,8762144676,1394050376,1422624863,9518481376,9522063999,N/A,N/A,250726125,250502633,2333621974,2339980114,10994672084,10966660479",0,0,9423819847,9428534592,181726083,181894951,9336844288,9338142388,257359386,257236070,N/A,N/A,248229731,248301949,10966722298,10994756012",0,0,8764052862,8752968485,705714819,688797265,247002128,246664427,182550876,182592001,2370602145,2417256604,N/A,N/A,9172339491,9190376665",0,0,9428625443,9423784276,895436863,896050031,887221783,886610421,1603923304,1591549055,11283375094,11291437361,2339980113,2333621973,N/A,N/A"
1755379476,N/A,N/A,3675933301,3697160988,688797265,705714819,9521797538,9518265328,1591574628,1603936823,9208565922,9242133996,248301940,248229748,18010232519,17966174192",0,0,N/A,N/A,896050031,895436876,9338081693,9336744312,182592602,182551338,250312180,250683708,10837900086,10767298423,17974289125,18027134679",0,0,3314702983,3383992330,N/A,N/A,886608143,887220784,249556943,249136470,13562832093,13536955847,9242133995,9208567283,9181827713,9191507228",0,0,3697856106,3676695944,1422622963,1394036213,N/A,N/A,257236045,257359378,10859898975,10777874611,13536930720,13562877165,12051798263,12050317656",0,0,8750693188,8762144676,1394050376,1422624863,9518481376,9522063999,N/A,N/A,250726125,250502633,2333621974,2339980114,10994672084,10966660479",0,0,9423819847,9428534592,181726083,181894951,9336844288,9338142388,257359386,257236070,N/A,N/A,248229731,248301949,10966722298,10994756012",0,0,8764052862,8752968485,705714819,688797265,247002128,246664427,182550876,182592001,2370602145,2417256604,N/A,N/A,9172339491,9190376665",0,0,9428625443,9423784276,895436863,896050031,887221783,886610421,1603923304,1591549055,11283375094,11291437361,2339980113,2333621973,N/A,N/A"
1755379477,N/A,N/A,3675933301,3697160988,688797265,705714819,9521797538,9518265328,1591574628,1603936823,9208565922,9242133996,248301940,248229748,18020394575,17976351981",0,0,N/A,N/A,896050031,895436876,9338081693,9336744312,182592602,182551338,250312180,250683708,10837900086,10767298423,17984526979,18037363672",0,0,3314702983,3383992330,N/A,N/A,886608143,887220784,249556943,249136470,13562832093,13536955847,9242133995,9208567283,9181827713,9191507228",0,0,3697856106,3676695944,1422622963,1394036213,N/A,N/A,257236045,257359378,10859898975,10777874611,13536930720,13562877165,12051798263,12050317656",0,0,8750693188,8762144676,1394050376,1422624863,9518481376,9522063999,N/A,N/A,250726125,250502633,2333621974,2339980114,10994672084,10966660479",0,0,9423819847,9428534592,181726083,181894951,9336844288,9338142388,257359386,257236070,N/A,N/A,248229731,248301949,10966722298,10994756012",0,0,8764052862,8752968485,705714819,688797265,247002128,246664427,182550876,182592001,2370602145,2417256604,N/A,N/A,9172339491,9190376665",0,0,9428625443,9423784276,895436863,896050031,887221783,886610421,1603923304,1591549055,11283375094,11291437361,2339980113,2333621973,N/A,N/A"
1755379479,N/A,N/A,3675933301,3697160988,688797265,705714819,9521797538,9518265328,1591574628,1603936823,9208565922,9242133996,248301940,248229748,18030266721,17986237037",0,0,N/A,N/A,896050031,895436876,9338081693,9336744312,182592602,182551338,250312180,250683708,10837900086,10767298423,17994351970,18047168881",0,0,3314702983,3383992330,N/A,N/A,886608143,887220784,249556943,249136470,13562832093,13536955847,9242133995,9208567283,9181827713,9191507228",0,0,3697856106,3676695944,1422622963,1394036213,N/A,N/A,257236045,257359378,10859898975,10777874611,13536930720,13562877165,12051798263,12050317656",0,0,8750693188,8762144676,1394050376,1422624863,9518481376,9522063999,N/A,N/A,250726125,250502633,2333621974,2339980114,10994672084,10966660479",0,0,9423819847,9428534592,181726083,181894951,9336844288,9338142388,257359386,257236070,N/A,N/A,248229731,248301949,10966722298,10994756012",0,0,8764052862,8752968485,705714819,688797265,247002128,246664427,182550876,182592001,2370602145,2417256604,N/A,N/A,9172339491,9190376665",0,0,9428625443,9423784276,895436863,896050031,887221783,886610421,1603923304,1591549055,11283375094,11291437361,2339980113,2333621973,N/A,N/A"
1755379480,N/A,N/A,3675933301,3697160988,688797265,705714819,9521797538,9518265328,1591574628,1603936823,9208565922,9242133996,248301940,248229748,18040004513,17995985400",0,0,N/A,N/A,896050031,895436876,9338081693,9336744312,182592602,182551338,250312180,250683708,10837900086,10767298423,18004152019,18056973539",0,0,3314702983,3383992330,N/A,N/A,886608143,887220784,249556943,249136470,13562832093,13536955847,9242133995,9208567283,9181827713,9191507228",0,0,3697856106,3676695944,1422622963,1394036213,N/A,N/A,257236045,257359378,10859898975,10777874611,13536930720,13562877165,12051798263,12050317656",0,0,8750693188,8762144676,1394050376,1422624863,9518481376,9522063999,N/A,N/A,250726125,250502633,2333621974,2339980114,10994672084,10966660479",0,0,9423819847,9428534592,181726083,181894951,9336844288,9338142388,257359386,257236070,N/A,N/A,248229731,248301949,10966722298,10994756012",0,0,8764052862,8752968485,705714819,688797265,247002128,246664427,182550876,182592001,2370602145,2417256604,N/A,N/A,9172339491,9190376665",0,0,9428625443,9423784276,895436863,896050031,887221783,886610421,1603923304,1591549055,11283375094,11291437361,2339980113,2333621973,N/A,N/A"
1755379482,N/A,N/A,3675933301,3697160988,688797265,705714819,9521797538,9518265328,1591574628,1603936823,9208565922,9242133996,248301940,248229748,18050313582,18006299037",0,0,N/A,N/A,896050031,895436876,9338081693,9336744312,182592602,182551338,250312180,250683708,10837900086,10767298423,18014413970,18067215742",0,0,3314702983,3383992330,N/A,N/A,886608143,887220784,249556943,249136470,13562832093,13536955847,9242133995,9208567283,9181827713,9191507228",0,0,3697856106,3676695944,1422622963,1394036213,N/A,N/A,257236045,257359378,10859898975,10777874611,13536930720,13562877165,12051798263,12050317656",0,0,8750693188,8762144676,1394050376,1422624863,9518481376,9522063999,N/A,N/A,250726125,250502633,2333621974,2339980114,10994672084,10966660479",0,0,9423819847,9428534592,181726083,181894951,9336844288,9338142388,257359386,257236070,N/A,N/A,248229731,248301949,10966722298,10994756012",0,0,8764052862,8752968485,705714819,688797265,247002128,246664427,182550876,182592001,2370602145,2417256604,N/A,N/A,9172339491,9190376665",0,0,9428625443,9423784276,895436863,896050031,887221783,886610421,1603923304,1591549055,11283375094,11291437361,2339980113,2333621973,N/A,N/A"
1755379483,N/A,N/A,3675933301,3697160988,688797265,705714819,9521797538,9518265328,1591574628,1603936823,9208565922,9242133996,248301940,248229748,18059494102,18015490814",0,0,N/A,N/A,896050031,895436876,9338081693,9336744312,182592602,182551338,250312180,250683708,10837900086,10767298423,18023657417,18076463104",0,0,3314702983,3383992330,N/A,N/A,886608143,887220784,249556943,249136470,13562832093,13536955847,9242133995,9208567283,9181827713,9191507228",0,0,3697856106,3676695944,1422622963,1394036213,N/A,N/A,257236045,257359378,10859898975,10777874611,13536930720,13562877165,12051798263,12050317656",0,0,8750693188,8762144676,1394050376,1422624863,9518481376,9522063999,N/A,N/A,250726125,250502633,2333621974,2339980114,10994672084,10966660479",0,0,9423819847,9428534592,181726083,181894951,9336844288,9338142388,257359386,257236070,N/A,N/A,248229731,248301949,10966722298,10994756012",0,0,8764052862,8752968485,705714819,688797265,247002128,246664427,182550876,182592001,2370602145,2417256604,N/A,N/A,9172339491,9190376665",0,0,9428625443,9423784276,895436863,896050031,887221783,886610421,1603923304,1591549055,11283375094,11291437361,2339980113,2333621973,N/A,N/A"
1755379485,N/A,N/A,3675933301,3697160988,688797265,705714819,9521797538,9518265328,1591574628,1603936823,9208565922,9242133996,248301940,248229748,18069916517,18025920105",0,0,N/A,N/A,896050031,895436876,9338081693,9336744312,182592602,182551338,250312180,250683708,10837900086,10767298423,18034095160,18086885613",0,0,3314702983,3383992330,N/A,N/A,886608143,887220784,249556943,249136470,13562832093,13536955847,9242133995,9208567283,9181827713,9191507228",0,0,3697856106,3676695944,1422622963,1394036213,N/A,N/A,257236045,257359378,10859898975,10777874611,13536930720,13562877165,12051798263,12050317656",0,0,8750693188,8762144676,1394050376,1422624863,9518481376,9522063999,N/A,N/A,250726125,250502633,2333621974,2339980114,10994672084,10966660479",0,0,9423819847,9428534592,181726083,181894951,9336844288,9338142388,257359386,257236070,N/A,N/A,248229731,248301949,10966722298,10994756012",0,0,8764052862,8752968485,705714819,688797265,247002128,246664427,182550876,182592001,2370602145,2417256604,N/A,N/A,9172339491,9190376665",0,0,9428625443,9423784276,895436863,896050031,887221783,886610421,1603923304,1591549055,11283375094,11291437361,2339980113,2333621973,N/A,N/A"
1755379486,N/A,N/A,3675933301,3697160988,688797265,705714819,9521797538,9518265328,1591574628,1603936823,9208565922,9242133996,248301940,248229748,18078956202,18034963300",0,0,N/A,N/A,896050031,895436876,9338081693,9336744312,182592602,182551338,250312180,250683708,10837900086,10767298423,18043138298,18095918245",0,0,3314702983,3383992330,N/A,N/A,886608143,887220784,249556943,249136470,13562832093,13536955847,9242133995,9208567283,9181827713,9191507228",0,0,3697856106,3676695944,1422622963,1394036213,N/A,N/A,257236045,257359378,10859898975,10777874611,13536930720,13562877165,12051798263,12050317656",0,0,8750693188,8762144676,1394050376,1422624863,9518481376,9522063999,N/A,N/A,250726125,250502633,2333621974,2339980114,10994672084,10966660479",0,0,9423819847,9428534592,181726083,181894951,9336844288,9338142388,257359386,257236070,N/A,N/A,248229731,248301949,10966722298,10994756012",0,0,8764052862,8752968485,705714819,688797265,247002128,246664427,182550876,182592001,2370602145,2417256604,N/A,N/A,9172339491,9190376665",0,0,9428625443,9423784276,895436863,896050031,887221783,886610421,1603923304,1591549055,11283375094,11291437361,2339980113,2333621973,N/A,N/A"
1755379487,N/A,N/A,3675933301,3697160988,688797265,705714819,9521797538,9518265328,1591574628,1603936823,9208565922,9242133996,248301940,248229748,18089295082,18045311965",0,0,N/A,N/A,896050031,895436876,9338081693,9336744312,182592602,182551338,250312180,250683708,10837900086,10767298423,18053486922,18106259515",0,0,3314702983,3383992330,N/A,N/A,886608143,887220784,249556943,249136470,13562832093,13536955847,9242133995,9208567283,9181827713,9191507228",0,0,3697856106,3676695944,1422622963,1394036213,N/A,N/A,257236045,257359378,10859898975,10777874611,13536930720,13562877165,12051798263,12050317656",0,0,8750693188,8762144676,1394050376,1422624863,9518481376,9522063999,N/A,N/A,250726125,250502633,2333621974,2339980114,10994672084,10966660479",0,0,9423819847,9428534592,181726083,181894951,9336844288,9338142388,257359386,257236070,N/A,N/A,248229731,248301949,10966722298,10994756012",0,0,8764052862,8752968485,705714819,688797265,247002128,246664427,182550876,182592001,2370602145,2417256604,N/A,N/A,9172339491,9190376665",0,0,9428625443,9423784276,895436863,896050031,887221783,886610421,1603923304,1591549055,11283375094,11291437361,2339980113,2333621973,N/A,N/A"
1755379489,N/A,N/A,3675933301,3697160988,688797265,705714819,9521797538,9518265328,1591574628,1603936823,9208565922,9242133996,248301940,248229748,18098385655,18054411824",0,0,N/A,N/A,896050031,895436876,9338081693,9336744312,182592602,182551338,250312180,250683708,10837900086,10767298423,18062578393,18115354701",0,0,3314702983,3383992330,N/A,N/A,886608143,887220784,249556943,249136470,13562832093,13536955847,9242133995,9208567283,9181827713,9191507228",0,0,3697856106,3676695944,1422622963,1394036213,N/A,N/A,257236045,257359378,10859898975,10777874611,13536930720,13562877165,12051798263,12050317656",0,0,8750693188,8762144676,1394050376,1422624863,9518481376,9522063999,N/A,N/A,250726125,250502633,2333621974,2339980114,10994672084,10966660479",0,0,9423819847,9428534592,181726083,181894951,9336844288,9338142388,257359386,257236070,N/A,N/A,248229731,248301949,10966722298,10994756012",0,0,8764052862,8752968485,705714819,688797265,247002128,246664427,182550876,182592001,2370602145,2417256604,N/A,N/A,9172339491,9190376665",0,0,9428625443,9423784276,895436863,896050031,887221783,886610421,1603923304,1591549055,11283375094,11291437361,2339980113,2333621973,N/A,N/A"
1755379490,N/A,N/A,3675933301,3697160988,688797265,705714819,9521797538,9518265328,1591574628,1603936823,9208565922,9242133996,248301940,248229748,18108636531,18064674714",0,0,N/A,N/A,896050031,895436876,9338081693,9336744312,182592602,182551338,250312180,250683708,10837900086,10767298423,18072841210,18125605632",0,0,3314702983,3383992330,N/A,N/A,886608143,887220784,249556943,249136470,13562832093,13536955847,9242133995,9208567283,9181827713,9191507228",0,0,3697856106,3676695944,1422622963,1394036213,N/A,N/A,257236045,257359378,10859898975,10777874611,13536930720,13562877165,12051798263,12050317656",0,0,8750693188,8762144676,1394050376,1422624863,9518481376,9522063999,N/A,N/A,250726125,250502633,2333621974,2339980114,10994672084,10966660479",0,0,9423819847,9428534592,181726083,181894951,9336844288,9338142388,257359386,257236070,N/A,N/A,248229731,248301949,10966722298,10994756012",0,0,8764052862,8752968485,705714819,688797265,247002128,246664427,182550876,182592001,2370602145,2417256604,N/A,N/A,9172339491,9190376665",0,0,9428625443,9423784276,895436863,896050031,887221783,886610421,1603923304,1591549055,11283375094,11291437361,2339980113,2333621973,N/A,N/A"
1755379492,N/A,N/A,3675933301,3697160988,688797265,705714819,9521797538,9518265328,1591574628,1603936823,9208565922,9242133996,248301940,248229748,18117874267,18073911192",0,0,N/A,N/A,896050031,895436876,9338081693,9336744312,182592602,182551338,250312180,250683708,10837900086,10767298423,18082077760,18134839045",0,0,3314702983,3383992330,N/A,N/A,886608143,887220784,249556943,249136470,13562832093,13536955847,9242133995,9208567283,9181827713,9191507228",0,0,3697856106,3676695944,1422622963,1394036213,N/A,N/A,257236045,257359378,10859898975,10777874611,13536930720,13562877165,12051798263,12050317656",0,0,8750693188,8762144676,1394050376,1422624863,9518481376,9522063999,N/A,N/A,250726125,250502633,2333621974,2339980114,10994672084,10966660479",0,0,9423819847,9428534592,181726083,181894951,9336844288,9338142388,257359386,257236070,N/A,N/A,248229731,248301949,10966722298,10994756012",0,0,8764052862,8752968485,705714819,688797265,247002128,246664427,182550876,182592001,2370602145,2417256604,N/A,N/A,9172339491,9190376665",0,0,9428625443,9423784276,895436863,896050031,887221783,886610421,1603923304,1591549055,11283375094,11291437361,2339980113,2333621973,N/A,N/A"
1755379493,N/A,N/A,3675933301,3697160988,688797265,705714819,9521797538,9518265328,1591574628,1603936823,9208565922,9242133996,248301940,248229748,18128151884,18084206814",0,0,N/A,N/A,896050031,895436876,9338081693,9336744312,182592602,182551338,250312180,250683708,10837900086,10767298423,18092373345,18145120940",0,0,3314702983,3383992330,N/A,N/A,886608143,887220784,249556943,249136470,13562832093,13536955847,9242133995,9208567283,9181827713,9191507228",0,0,3697856106,3676695944,1422622963,1394036213,N/A,N/A,257236045,257359378,10859898975,10777874611,13536930720,13562877165,12051798263,12050317656",0,0,8750693188,8762144676,1394050376,1422624863,9518481376,9522063999,N/A,N/A,250726125,250502633,2333621974,2339980114,10994672084,10966660479",0,0,9423819847,9428534592,181726083,181894951,9336844288,9338142388,257359386,257236070,N/A,N/A,248229731,248301949,10966722298,10994756012",0,0,8764052862,8752968485,705714819,688797265,247002128,246664427,182550876,182592001,2370602145,2417256604,N/A,N/A,9172339491,9190376665",0,0,9428625443,9423784276,895436863,896050031,887221783,886610421,1603923304,1591549055,11283375094,11291437361,2339980113,2333621973,N/A,N/A"
1755379495,N/A,N/A,3675933301,3697160988,688797265,705714819,9521797538,9518265328,1591574628,1603936823,9208565922,9242133996,248301940,248229748,18137252627,18093304976",0,0,N/A,N/A,896050031,895436876,9338081693,9336744312,182592602,182551338,250312180,250683708,10837900086,10767298423,18101480002,18154220622",0,0,3314702983,3383992330,N/A,N/A,886608143,887220784,249556943,249136470,13562832093,13536955847,9242133995,9208567283,9181827713,9191507228",0,0,3697856106,3676695944,1422622963,1394036213,N/A,N/A,257236045,257359378,10859898975,10777874611,13536930720,13562877165,12051798263,12050317656",0,0,8750693188,8762144676,1394050376,1422624863,9518481376,9522063999,N/A,N/A,250726125,250502633,2333621974,2339980114,10994672084,10966660479",0,0,9423819847,9428534592,181726083,181894951,9336844288,9338142388,257359386,257236070,N/A,N/A,248229731,248301949,10966722298,10994756012",0,0,8764052862,8752968485,705714819,688797265,247002128,246664427,182550876,182592001,2370602145,2417256604,N/A,N/A,9172339491,9190376665",0,0,9428625443,9423784276,895436863,896050031,887221783,886610421,1603923304,1591549055,11283375094,11291437361,2339980113,2333621973,N/A,N/A"
1755379496,N/A,N/A,3675933301,3697160988,688797265,705714819,9521797538,9518265328,1591574628,1603936823,9208565922,9242133996,248301940,248229748,18147598908,18103668365",0,0,N/A,N/A,896050031,895436876,9338081693,9336744312,182592602,182551338,250312180,250683708,10837900086,10767298423,18111834921,18164567957",0,0,3314702983,3383992330,N/A,N/A,886608143,887220784,249556943,249136470,13562832093,13536955847,9242133995,9208567283,9181827713,9191507228",0,0,3697856106,3676695944,1422622963,1394036213,N/A,N/A,257236045,257359378,10859898975,10777874611,13536930720,13562877165,12051798263,12050317656",0,0,8750693188,8762144676,1394050376,1422624863,9518481376,9522063999,N/A,N/A,250726125,250502633,2333621974,2339980114,10994672084,10966660479",0,0,9423819847,9428534592,181726083,181894951,9336844288,9338142388,257359386,257236070,N/A,N/A,248229731,248301949,10966722298,10994756012",0,0,8764052862,8752968485,705714819,688797265,247002128,246664427,182550876,182592001,2370602145,2417256604,N/A,N/A,9172339491,9190376665",0,0,9428625443,9423784276,895436863,896050031,887221783,886610421,1603923304,1591549055,11283375094,11291437361,2339980113,2333621973,N/A,N/A"
1755379498,N/A,N/A,3675933301,3697160988,688797265,705714819,9521797538,9518265328,1591574628,1603936823,9208565922,9242133996,248301940,248229748,18157240576,18113315515",0,0,N/A,N/A,896050031,895436876,9338081693,9336744312,182592602,182551338,250312180,250683708,10837900086,10767298423,18121430448,18174142736",0,0,3314702983,3383992330,N/A,N/A,886608143,887220784,249556943,249136470,13562832093,13536955847,9242133995,9208567283,9181827713,9191507228",0,0,3697856106,3676695944,1422622963,1394036213,N/A,N/A,257236045,257359378,10859898975,10777874611,13536930720,13562877165,12051798263,12050317656",0,0,8750693188,8762144676,1394050376,1422624863,9518481376,9522063999,N/A,N/A,250726125,250502633,2333621974,2339980114,10994672084,10966660479",0,0,9423819847,9428534592,181726083,181894951,9336844288,9338142388,257359386,257236070,N/A,N/A,248229731,248301949,10966722298,10994756012",0,0,8764052862,8752968485,705714819,688797265,247002128,246664427,182550876,182592001,2370602145,2417256604,N/A,N/A,9172339491,9190376665",0,0,9428625443,9423784276,895436863,896050031,887221783,886610421,1603923304,1591549055,11283375094,11291437361,2339980113,2333621973,N/A,N/A"
1755379499,N/A,N/A,3675933301,3697160988,688797265,705714819,9521797538,9518265328,1591574628,1603936823,9208565922,9242133996,248301940,248229748,18167090261,18123179395",0,0,N/A,N/A,896050031,895436876,9338081693,9336744312,182592602,182551338,250312180,250683708,10837900086,10767298423,18131345966,18184059402",0,0,3314702983,3383992330,N/A,N/A,886608143,887220784,249556943,249136470,13562832093,13536955847,9242133995,9208567283,9181827713,9191507228",0,0,3697856106,3676695944,1422622963,1394036213,N/A,N/A,257236045,257359378,10859898975,10777874611,13536930720,13562877165,12051798263,12050317656",0,0,8750693188,8762144676,1394050376,1422624863,9518481376,9522063999,N/A,N/A,250726125,250502633,2333621974,2339980114,10994672084,10966660479",0,0,9423819847,9428534592,181726083,181894951,9336844288,9338142388,257359386,257236070,N/A,N/A,248229731,248301949,10966722298,10994756012",0,0,8764052862,8752968485,705714819,688797265,247002128,246664427,182550876,182592001,2370602145,2417256604,N/A,N/A,9172339491,9190376665",0,0,9428625443,9423784276,895436863,896050031,887221783,886610421,1603923304,1591549055,11283375094,11291437361,2339980113,2333621973,N/A,N/A"
1755379501,N/A,N/A,3675933301,3697160988,688797265,705714819,9521797538,9518265328,1591574628,1603936823,9208565922,9242133996,248301940,248229748,18177291914,18133392702",0,0,N/A,N/A,896050031,895436876,9338081693,9336744312,182592602,182551338,250312180,250683708,10837900086,10767298423,18141507635,18194194074",0,0,3314702983,3383992330,N/A,N/A,886608143,887220784,249556943,249136470,13562832093,13536955847,9242133995,9208567283,9181827713,9191507228",0,0,3697856106,3676695944,1422622963,1394036213,N/A,N/A,257236045,257359378,10859898975,10777874611,13536930720,13562877165,12051798263,12050317656",0,0,8750693188,8762144676,1394050376,1422624863,9518481376,9522063999,N/A,N/A,250726125,250502633,2333621974,2339980114,10994672084,10966660479",0,0,9423819847,9428534592,181726083,181894951,9336844288,9338142388,257359386,257236070,N/A,N/A,248229731,248301949,10966722298,10994756012",0,0,8764052862,8752968485,705714819,688797265,247002128,246664427,182550876,182592001,2370602145,2417256604,N/A,N/A,9172339491,9190376665",0,0,9428625443,9423784276,895436863,896050031,887221783,886610421,1603923304,1591549055,11283375094,11291437361,2339980113,2333621973,N/A,N/A"
1755379502,N/A,N/A,3675933301,3697160988,688797265,705714819,9521797538,9518265328,1591574628,1603936823,9208565922,9242133996,248301940,248229748,18186622107,18142731861",0,0,N/A,N/A,896050031,895436876,9338081693,9336744312,182592602,182551338,250312180,250683708,10837900086,10767298423,18150907004,18203591206",0,0,3314702983,3383992330,N/A,N/A,886608143,887220784,249556943,249136470,13562832093,13536955847,9242133995,9208567283,9181827713,9191507228",0,0,3697856106,3676695944,1422622963,1394036213,N/A,N/A,257236045,257359378,10859898975,10777874611,13536930720,13562877165,12051798263,12050317656",0,0,8750693188,8762144676,1394050376,1422624863,9518481376,9522063999,N/A,N/A,250726125,250502633,2333621974,2339980114,10994672084,10966660479",0,0,9423819847,9428534592,181726083,181894951,9336844288,9338142388,257359386,257236070,N/A,N/A,248229731,248301949,10966722298,10994756012",0,0,8764052862,8752968485,705714819,688797265,247002128,246664427,182550876,182592001,2370602145,2417256604,N/A,N/A,9172339491,9190376665",0,0,9428625443,9423784276,895436863,896050031,887221783,886610421,1603923304,1591549055,11283375094,11291437361,2339980113,2333621973,N/A,N/A"
1755379504,N/A,N/A,3675933301,3697160988,688797265,705714819,9521797538,9518265328,1591574628,1603936823,9208565922,9242133996,248301940,248229748,18196948425,18153087082",0,0,N/A,N/A,896050031,895436876,9338081693,9336744312,182592602,182551338,250312180,250683708,10837900086,10767298423,18161253678,18213917515",0,0,3314702983,3383992330,N/A,N/A,886608143,887220784,249556943,249136470,13562832093,13536955847,9242133995,9208567283,9181827713,9191507228",0,0,3697856106,3676695944,1422622963,1394036213,N/A,N/A,257236045,257359378,10859898975,10777874611,13536930720,13562877165,12051798263,12050317656",0,0,8750693188,8762144676,1394050376,1422624863,9518481376,9522063999,N/A,N/A,250726125,250502633,2333621974,2339980114,10994672084,10966660479",0,0,9423819847,9428534592,181726083,181894951,9336844288,9338142388,257359386,257236070,N/A,N/A,248229731,248301949,10966722298,10994756012",0,0,8764052862,8752968485,705714819,688797265,247002128,246664427,182550876,182592001,2370602145,2417256604,N/A,N/A,9172339491,9190376665",0,0,9428625443,9423784276,895436863,896050031,887221783,886610421,1603923304,1591549055,11283375094,11291437361,2339980113,2333621973,N/A,N/A"
1755379505,N/A,N/A,3675933301,3697160988,688797265,705714819,9521797538,9518265328,1591574628,1603936823,9208565922,9242133996,248301940,248229748,18206010567,18162151065",0,0,N/A,N/A,896050031,895436876,9338081693,9336744312,182592602,182551338,250312180,250683708,10837900086,10767298423,18170317740,18222975072",0,0,3314702983,3383992330,N/A,N/A,886608143,887220784,249556943,249136470,13562832093,13536955847,9242133995,9208567283,9181827713,9191507228",0,0,3697856106,3676695944,1422622963,1394036213,N/A,N/A,257236045,257359378,10859898975,10777874611,13536930720,13562877165,12051798263,12050317656",0,0,8750693188,8762144676,1394050376,1422624863,9518481376,9522063999,N/A,N/A,250726125,250502633,2333621974,2339980114,10994672084,10966660479",0,0,9423819847,9428534592,181726083,181894951,9336844288,9338142388,257359386,257236070,N/A,N/A,248229731,248301949,10966722298,10994756012",0,0,8764052862,8752968485,705714819,688797265,247002128,246664427,182550876,182592001,2370602145,2417256604,N/A,N/A,9172339491,9190376665",0,0,9428625443,9423784276,895436863,896050031,887221783,886610421,1603923304,1591549055,11283375094,11291437361,2339980113,2333621973,N/A,N/A"
1755379507,N/A,N/A,3675933301,3697160988,688797265,705714819,9521797538,9518265328,1591574628,1603936823,9208565922,9242133996,248301940,248229748,18216365904,18172507406",0,0,N/A,N/A,896050031,895436876,9338081693,9336744312,182592602,182551338,250312180,250683708,10837900086,10767298423,18180682340,18233319597",0,0,3314702983,3383992330,N/A,N/A,886608143,887220784,249556943,249136470,13562832093,13536955847,9242133995,9208567283,9181827713,9191507228",0,0,3697856106,3676695944,1422622963,1394036213,N/A,N/A,257236045,257359378,10859898975,10777874611,13536930720,13562877165,12051798263,12050317656",0,0,8750693188,8762144676,1394050376,1422624863,9518481376,9522063999,N/A,N/A,250726125,250502633,2333621974,2339980114,10994672084,10966660479",0,0,9423819847,9428534592,181726083,181894951,9336844288,9338142388,257359386,257236070,N/A,N/A,248229731,248301949,10966722298,10994756012",0,0,8764052862,8752968485,705714819,688797265,247002128,246664427,182550876,182592001,2370602145,2417256604,N/A,N/A,9172339491,9190376665",0,0,9428625443,9423784276,895436863,896050031,887221783,886610421,1603923304,1591549055,11283375094,11291437361,2339980113,2333621973,N/A,N/A"
1755379508,N/A,N/A,3675933301,3697160988,688797265,705714819,9521797538,9518265328,1591574628,1603936823,9208565922,9242133996,248301940,248229748,18225535853,18181687513",0,0,N/A,N/A,896050031,895436876,9338081693,9336744312,182592602,182551338,250312180,250683708,10837900086,10767298423,18189862612,18242494260",0,0,3314702983,3383992330,N/A,N/A,886608143,887220784,249556943,249136470,13562832093,13536955847,9242133995,9208567283,9181827713,9191507228",0,0,3697856106,3676695944,1422622963,1394036213,N/A,N/A,257236045,257359378,10859898975,10777874611,13536930720,13562877165,12051798263,12050317656",0,0,8750693188,8762144676,1394050376,1422624863,9518481376,9522063999,N/A,N/A,250726125,250502633,2333621974,2339980114,10994672084,10966660479",0,0,9423819847,9428534592,181726083,181894951,9336844288,9338142388,257359386,257236070,N/A,N/A,248229731,248301949,10966722298,10994756012",0,0,8764052862,8752968485,705714819,688797265,247002128,246664427,182550876,182592001,2370602145,2417256604,N/A,N/A,9172339491,9190376665",0,0,9428625443,9423784276,895436863,896050031,887221783,886610421,1603923304,1591549055,11283375094,11291437361,2339980113,2333621973,N/A,N/A"
1755379509,N/A,N/A,3675933301,3697160988,688797265,705714819,9521797538,9518265328,1591574628,1603936823,9208565922,9242133996,248301940,248229748,18235969192,18192128658",0,0,N/A,N/A,896050031,895436876,9338081693,9336744312,182592602,182551338,250312180,250683708,10837900086,10767298423,18200303650,18252938231",0,0,3314702983,3383992330,N/A,N/A,886608143,887220784,249556943,249136470,13562832093,13536955847,9242133995,9208567283,9181827713,9191507228",0,0,3697856106,3676695944,1422622963,1394036213,N/A,N/A,257236045,257359378,10859898975,10777874611,13536930720,13562877165,12051798263,12050317656",0,0,8750693188,8762144676,1394050376,1422624863,9518481376,9522063999,N/A,N/A,250726125,250502633,2333621974,2339980114,10994672084,10966660479",0,0,9423819847,9428534592,181726083,181894951,9336844288,9338142388,257359386,257236070,N/A,N/A,248229731,248301949,10966722298,10994756012",0,0,8764052862,8752968485,705714819,688797265,247002128,246664427,182550876,182592001,2370602145,2417256604,N/A,N/A,9172339491,9190376665",0,0,9428625443,9423784276,895436863,896050031,887221783,886610421,1603923304,1591549055,11283375094,11291437361,2339980113,2333621973,N/A,N/A"
1755379511,N/A,N/A,3675933301,3697160988,688797265,705714819,9521797538,9518265328,1591574628,1603936823,9208565922,9242133996,248301940,248229748,18245080624,18201244561",0,0,N/A,N/A,896050031,895436876,9338081693,9336744312,182592602,182551338,250312180,250683708,10837900086,10767298423,18209424675,18262049615",0,0,3314702983,3383992330,N/A,N/A,886608143,887220784,249556943,249136470,13562832093,13536955847,9242133995,9208567283,9181827713,9191507228",0,0,3697856106,3676695944,1422622963,1394036213,N/A,N/A,257236045,257359378,10859898975,10777874611,13536930720,13562877165,12051798263,12050317656",0,0,8750693188,8762144676,1394050376,1422624863,9518481376,9522063999,N/A,N/A,250726125,250502633,2333621974,2339980114,10994672084,10966660479",0,0,9423819847,9428534592,181726083,181894951,9336844288,9338142388,257359386,257236070,N/A,N/A,248229731,248301949,10966722298,10994756012",0,0,8764052862,8752968485,705714819,688797265,247002128,246664427,182550876,182592001,2370602145,2417256604,N/A,N/A,9172339491,9190376665",0,0,9428625443,9423784276,895436863,896050031,887221783,886610421,1603923304,1591549055,11283375094,11291437361,2339980113,2333621973,N/A,N/A"
1755379512,N/A,N/A,3675933301,3697160988,688797265,705714819,9521797538,9518265328,1591574628,1603936823,9208565922,9242133996,248301940,248229748,18255486960,18211659940",0,0,N/A,N/A,896050031,895436876,9338081693,9336744312,182592602,182551338,250312180,250683708,10837900086,10767298423,18219834731,18272456016",0,0,3314702983,3383992330,N/A,N/A,886608143,887220784,249556943,249136470,13562832093,13536955847,9242133995,9208567283,9181827713,9191507228",0,0,3697856106,3676695944,1422622963,1394036213,N/A,N/A,257236045,257359378,10859898975,10777874611,13536930720,13562877165,12051798263,12050317656",0,0,8750693188,8762144676,1394050376,1422624863,9518481376,9522063999,N/A,N/A,250726125,250502633,2333621974,2339980114,10994672084,10966660479",0,0,9423819847,9428534592,181726083,181894951,9336844288,9338142388,257359386,257236070,N/A,N/A,248229731,248301949,10966722298,10994756012",0,0,8764052862,8752968485,705714819,688797265,247002128,246664427,182550876,182592001,2370602145,2417256604,N/A,N/A,9172339491,9190376665",0,0,9428625443,9423784276,895436863,896050031,887221783,886610421,1603923304,1591549055,11283375094,11291437361,2339980113,2333621973,N/A,N/A"
1755379514,N/A,N/A,3675933301,3697160988,688797265,705714819,9521797538,9518265328,1591574628,1603936823,9208565922,9242133996,248301940,248229748,18264612872,18220788338",0,0,N/A,N/A,896050031,895436876,9338081693,9336744312,182592602,182551338,250312180,250683708,10837900086,10767298423,18228966279,18281581940",0,0,3314702983,3383992330,N/A,N/A,886608143,887220784,249556943,249136470,13562832093,13536955847,9242133995,9208567283,9181827713,9191507228",0,0,3697856106,3676695944,1422622963,1394036213,N/A,N/A,257236045,257359378,10859898975,10777874611,13536930720,13562877165,12051798263,12050317656",0,0,8750693188,8762144676,1394050376,1422624863,9518481376,9522063999,N/A,N/A,250726125,250502633,2333621974,2339980114,10994672084,10966660479",0,0,9423819847,9428534592,181726083,181894951,9336844288,9338142388,257359386,257236070,N/A,N/A,248229731,248301949,10966722298,10994756012",0,0,8764052862,8752968485,705714819,688797265,247002128,246664427,182550876,182592001,2370602145,2417256604,N/A,N/A,9172339491,9190376665",0,0,9428625443,9423784276,895436863,896050031,887221783,886610421,1603923304,1591549055,11283375094,11291437361,2339980113,2333621973,N/A,N/A"
1755379515,N/A,N/A,3675933301,3697160988,688797265,705714819,9521797538,9518265328,1591574628,1603936823,9208565922,9242133996,248301940,248229748,18275086789,18231283393",0,0,N/A,N/A,896050031,895436876,9338081693,9336744312,182592602,182551338,250312180,250683708,10837900086,10767298423,18239458420,18292043330",0,0,3314702983,3383992330,N/A,N/A,886608143,887220784,249556943,249136470,13562832093,13536955847,9242133995,9208567283,9181827713,9191507228",0,0,3697856106,3676695944,1422622963,1394036213,N/A,N/A,257236045,257359378,10859898975,10777874611,13536930720,13562877165,12051798263,12050317656",0,0,8750693188,8762144676,1394050376,1422624863,9518481376,9522063999,N/A,N/A,250726125,250502633,2333621974,2339980114,10994672084,10966660479",0,0,9423819847,9428534592,181726083,181894951,9336844288,9338142388,257359386,257236070,N/A,N/A,248229731,248301949,10966722298,10994756012",0,0,8764052862,8752968485,705714819,688797265,247002128,246664427,182550876,182592001,2370602145,2417256604,N/A,N/A,9172339491,9190376665",0,0,9428625443,9423784276,895436863,896050031,887221783,886610421,1603923304,1591549055,11283375094,11291437361,2339980113,2333621973,N/A,N/A"
1755379517,N/A,N/A,3675933301,3697160988,688797265,705714819,9521797538,9518265328,1591574628,1603936823,9208565922,9242133996,248301940,248229748,18284226867,18240435745",0,0,N/A,N/A,896050031,895436876,9338081693,9336744312,182592602,182551338,250312180,250683708,10837900086,10767298423,18248557603,18301144441",0,0,3314702983,3383992330,N/A,N/A,886608143,887220784,249556943,249136470,13562832093,13536955847,9242133995,9208567283,9181827713,9191507228",0,0,3697856106,3676695944,1422622963,1394036213,N/A,N/A,257236045,257359378,10859898975,10777874611,13536930720,13562877165,12051798263,12050317656",0,0,8750693188,8762144676,1394050376,1422624863,9518481376,9522063999,N/A,N/A,250726125,250502633,2333621974,2339980114,10994672084,10966660479",0,0,9423819847,9428534592,181726083,181894951,9336844288,9338142388,257359386,257236070,N/A,N/A,248229731,248301949,10966722298,10994756012",0,0,8764052862,8752968485,705714819,688797265,247002128,246664427,182550876,182592001,2370602145,2417256604,N/A,N/A,9172339491,9190376665",0,0,9428625443,9423784276,895436863,896050031,887221783,886610421,1603923304,1591549055,11283375094,11291437361,2339980113,2333621973,N/A,N/A"
1755379518,N/A,N/A,3675933301,3697160988,688797265,705714819,9521797538,9518265328,1591574628,1603936823,9208565922,9242133996,248301940,248229748,18294587598,18250812086",0,0,N/A,N/A,896050031,895436876,9338081693,9336744312,182592602,182551338,250312180,250683708,10837900086,10767298423,18258978615,18311551175",0,0,3314702983,3383992330,N/A,N/A,886608143,887220784,249556943,249136470,13562832093,13536955847,9242133995,9208567283,9181827713,9191507228",0,0,3697856106,3676695944,1422622963,1394036213,N/A,N/A,257236045,257359378,10859898975,10777874611,13536930720,13562877165,12051798263,12050317656",0,0,8750693188,8762144676,1394050376,1422624863,9518481376,9522063999,N/A,N/A,250726125,250502633,2333621974,2339980114,10994672084,10966660479",0,0,9423819847,9428534592,181726083,181894951,9336844288,9338142388,257359386,257236070,N/A,N/A,248229731,248301949,10966722298,10994756012",0,0,8764052862,8752968485,705714819,688797265,247002128,246664427,182550876,182592001,2370602145,2417256604,N/A,N/A,9172339491,9190376665",0,0,9428625443,9423784276,895436863,896050031,887221783,886610421,1603923304,1591549055,11283375094,11291437361,2339980113,2333621973,N/A,N/A"
1755379520,N/A,N/A,3675933301,3697160988,688797265,705714819,9521797538,9518265328,1591574628,1603936823,9208565922,9242133996,248301940,248229748,18304275083,18260500939",0,0,N/A,N/A,896050031,895436876,9338081693,9336744312,182592602,182551338,250312180,250683708,10837900086,10767298423,18268615872,18321177243",0,0,3314702983,3383992330,N/A,N/A,886608143,887220784,249556943,249136470,13562832093,13536955847,9242133995,9208567283,9181827713,9191507228",0,0,3697856106,3676695944,1422622963,1394036213,N/A,N/A,257236045,257359378,10859898975,10777874611,13536930720,13562877165,12051798263,12050317656",0,0,8750693188,8762144676,1394050376,1422624863,9518481376,9522063999,N/A,N/A,250726125,250502633,2333621974,2339980114,10994672084,10966660479",0,0,9423819847,9428534592,181726083,181894951,9336844288,9338142388,257359386,257236070,N/A,N/A,248229731,248301949,10966722298,10994756012",0,0,8764052862,8752968485,705714819,688797265,247002128,246664427,182550876,182592001,2370602145,2417256604,N/A,N/A,9172339491,9190376665",0,0,9428625443,9423784276,895436863,896050031,887221783,886610421,1603923304,1591549055,11283375094,11291437361,2339980113,2333621973,N/A,N/A"
1755379521,N/A,N/A,3675933301,3697160988,688797265,705714819,9521797538,9518265328,1591574628,1603936823,9208565922,9242133996,248301940,248229748,18314145261,18270381705",0,0,N/A,N/A,896050031,895436876,9338081693,9336744312,182592602,182551338,250312180,250683708,10837900086,10767298423,18278557812,18331111600",0,0,3314702983,3383992330,N/A,N/A,886608143,887220784,249556943,249136470,13562832093,13536955847,9242133995,9208567283,9181827713,9191507228",0,0,3697856106,3676695944,1422622963,1394036213,N/A,N/A,257236045,257359378,10859898975,10777874611,13536930720,13562877165,12051798263,12050317656",0,0,8750693188,8762144676,1394050376,1422624863,9518481376,9522063999,N/A,N/A,250726125,250502633,2333621974,2339980114,10994672084,10966660479",0,0,9423819847,9428534592,181726083,181894951,9336844288,9338142388,257359386,257236070,N/A,N/A,248229731,248301949,10966722298,10994756012",0,0,8764052862,8752968485,705714819,688797265,247002128,246664427,182550876,182592001,2370602145,2417256604,N/A,N/A,9172339491,9190376665",0,0,9428625443,9423784276,895436863,896050031,887221783,886610421,1603923304,1591549055,11283375094,11291437361,2339980113,2333621973,N/A,N/A"
1755379523,N/A,N/A,3675933301,3697160988,688797265,705714819,9521797538,9518265328,1591574628,1603936823,9208565922,9242133996,248301940,248229748,18324319017,18280556887",0,0,N/A,N/A,896050031,895436876,9338081693,9336744312,182592602,182551338,250312180,250683708,10837900086,10767298423,18288671820,18341221177",0,0,3314702983,3383992330,N/A,N/A,886608143,887220784,249556943,249136470,13562832093,13536955847,9242133995,9208567283,9181827713,9191507228",0,0,3697856106,3676695944,1422622963,1394036213,N/A,N/A,257236045,257359378,10859898975,10777874611,13536930720,13562877165,12051798263,12050317656",0,0,8750693188,8762144676,1394050376,1422624863,9518481376,9522063999,N/A,N/A,250726125,250502633,2333621974,2339980114,10994672084,10966660479",0,0,9423819847,9428534592,181726083,181894951,9336844288,9338142388,257359386,257236070,N/A,N/A,248229731,248301949,10966722298,10994756012",0,0,8764052862,8752968485,705714819,688797265,247002128,246664427,182550876,182592001,2370602145,2417256604,N/A,N/A,9172339491,9190376665",0,0,9428625443,9423784276,895436863,896050031,887221783,886610421,1603923304,1591549055,11283375094,11291437361,2339980113,2333621973,N/A,N/A"
1755379524,N/A,N/A,3675933301,3697160988,688797265,705714819,9521797538,9518265328,1591574628,1603936823,9208565922,9242133996,248301940,248229748,18333557599,18289793986",0,0,N/A,N/A,896050031,895436876,9338081693,9336744312,182592602,182551338,250312180,250683708,10837900086,10767298423,18297971524,18350526657",0,0,3314702983,3383992330,N/A,N/A,886608143,887220784,249556943,249136470,13562832093,13536955847,9242133995,9208567283,9181827713,9191507228",0,0,3697856106,3676695944,1422622963,1394036213,N/A,N/A,257236045,257359378,10859898975,10777874611,13536930720,13562877165,12051798263,12050317656",0,0,8750693188,8762144676,1394050376,1422624863,9518481376,9522063999,N/A,N/A,250726125,250502633,2333621974,2339980114,10994672084,10966660479",0,0,9423819847,9428534592,181726083,181894951,9336844288,9338142388,257359386,257236070,N/A,N/A,248229731,248301949,10966722298,10994756012",0,0,8764052862,8752968485,705714819,688797265,247002128,246664427,182550876,182592001,2370602145,2417256604,N/A,N/A,9172339491,9190376665",0,0,9428625443,9423784276,895436863,896050031,887221783,886610421,1603923304,1591549055,11283375094,11291437361,2339980113,2333621973,N/A,N/A"
1755379526,N/A,N/A,3675933301,3697160988,688797265,705714819,9521797538,9518265328,1591574628,1603936823,9208565922,9242133996,248301940,248229748,18343941741,18300193274",0,0,N/A,N/A,896050031,895436876,9338081693,9336744312,182592602,182551338,250312180,250683708,10837900086,10767298423,18308368341,18360910799",0,0,3314702983,3383992330,N/A,N/A,886608143,887220784,249556943,249136470,13562832093,13536955847,9242133995,9208567283,9181827713,9191507228",0,0,3697856106,3676695944,1422622963,1394036213,N/A,N/A,257236045,257359378,10859898975,10777874611,13536930720,13562877165,12051798263,12050317656",0,0,8750693188,8762144676,1394050376,1422624863,9518481376,9522063999,N/A,N/A,250726125,250502633,2333621974,2339980114,10994672084,10966660479",0,0,9423819847,9428534592,181726083,181894951,9336844288,9338142388,257359386,257236070,N/A,N/A,248229731,248301949,10966722298,10994756012",0,0,8764052862,8752968485,705714819,688797265,247002128,246664427,182550876,182592001,2370602145,2417256604,N/A,N/A,9172339491,9190376665",0,0,9428625443,9423784276,895436863,896050031,887221783,886610421,1603923304,1591549055,11283375094,11291437361,2339980113,2333621973,N/A,N/A"
1755379527,N/A,N/A,3675933301,3697160988,688797265,705714819,9521797538,9518265328,1591574628,1603936823,9208565922,9242133996,248301940,248229748,18353130150,18309401595",0,0,N/A,N/A,896050031,895436876,9338081693,9336744312,182592602,182551338,250312180,250683708,10837900086,10767298423,18317577150,18370093997",0,0,3314702983,3383992330,N/A,N/A,886608143,887220784,249556943,249136470,13562832093,13536955847,9242133995,9208567283,9181827713,9191507228",0,0,3697856106,3676695944,1422622963,1394036213,N/A,N/A,257236045,257359378,10859898975,10777874611,13536930720,13562877165,12051798263,12050317656",0,0,8750693188,8762144676,1394050376,1422624863,9518481376,9522063999,N/A,N/A,250726125,250502633,2333621974,2339980114,10994672084,10966660479",0,0,9423819847,9428534592,181726083,181894951,9336844288,9338142388,257359386,257236070,N/A,N/A,248229731,248301949,10966722298,10994756012",0,0,8764052862,8752968485,705714819,688797265,247002128,246664427,182550876,182592001,2370602145,2417256604,N/A,N/A,9172339491,9190376665",0,0,9428625443,9423784276,895436863,896050031,887221783,886610421,1603923304,1591549055,11283375094,11291437361,2339980113,2333621973,N/A,N/A"
1755379528,N/A,N/A,3675933301,3697160988,688797265,705714819,9521797538,9518265328,1591574628,1603936823,9208565922,9242133996,248301940,248229748,18363467491,18319761737",0,0,N/A,N/A,896050031,895436876,9338081693,9336744312,182592602,182551338,250312180,250683708,10837900086,10767298423,18327926342,18380436567",0,0,3314702983,3383992330,N/A,N/A,886608143,887220784,249556943,249136470,13562832093,13536955847,9242133995,9208567283,9181827713,9191507228",0,0,3697856106,3676695944,1422622963,1394036213,N/A,N/A,257236045,257359378,10859898975,10777874611,13536930720,13562877165,12051798263,12050317656",0,0,8750693188,8762144676,1394050376,1422624863,9518481376,9522063999,N/A,N/A,250726125,250502633,2333621974,2339980114,10994672084,10966660479",0,0,9423819847,9428534592,181726083,181894951,9336844288,9338142388,257359386,257236070,N/A,N/A,248229731,248301949,10966722298,10994756012",0,0,8764052862,8752968485,705714819,688797265,247002128,246664427,182550876,182592001,2370602145,2417256604,N/A,N/A,9172339491,9190376665",0,0,9428625443,9423784276,895436863,896050031,887221783,886610421,1603923304,1591549055,11283375094,11291437361,2339980113,2333621973,N/A,N/A"
1755379530,N/A,N/A,3675933301,3697160988,688797265,705714819,9521797538,9518265328,1591574628,1603936823,9208565922,9242133996,248301940,248229748,18372731683,18329032998",0,0,N/A,N/A,896050031,895436876,9338081693,9336744312,182592602,182551338,250312180,250683708,10837900086,10767298423,18337199622,18389700678",0,0,3314702983,3383992330,N/A,N/A,886608143,887220784,249556943,249136470,13562832093,13536955847,9242133995,9208567283,9181827713,9191507228",0,0,3697856106,3676695944,1422622963,1394036213,N/A,N/A,257236045,257359378,10859898975,10777874611,13536930720,13562877165,12051798263,12050317656",0,0,8750693188,8762144676,1394050376,1422624863,9518481376,9522063999,N/A,N/A,250726125,250502633,2333621974,2339980114,10994672084,10966660479",0,0,9423819847,9428534592,181726083,181894951,9336844288,9338142388,257359386,257236070,N/A,N/A,248229731,248301949,10966722298,10994756012",0,0,8764052862,8752968485,705714819,688797265,247002128,246664427,182550876,182592001,2370602145,2417256604,N/A,N/A,9172339491,9190376665",0,0,9428625443,9423784276,895436863,896050031,887221783,886610421,1603923304,1591549055,11283375094,11291437361,2339980113,2333621973,N/A,N/A"
1755379531,N/A,N/A,3675933301,3697160988,688797265,705714819,9521797538,9518265328,1591574628,1603936823,9208565922,9242133996,248301940,248229748,18383444697,18339755305",0,0,N/A,N/A,896050031,895436876,9338081693,9336744312,182592602,182551338,250312180,250683708,10837900086,10767298423,18347930328,18400412577",0,0,3314702983,3383992330,N/A,N/A,886608143,887220784,249556943,249136470,13562832093,13536955847,9242133995,9208567283,9181827713,9191507228",0,0,3697856106,3676695944,1422622963,1394036213,N/A,N/A,257236045,257359378,10859898975,10777874611,13536930720,13562877165,12051798263,12050317656",0,0,8750693188,8762144676,1394050376,1422624863,9518481376,9522063999,N/A,N/A,250726125,250502633,2333621974,2339980114,10994672084,10966660479",0,0,9423819847,9428534592,181726083,181894951,9336844288,9338142388,257359386,257236070,N/A,N/A,248229731,248301949,10966722298,10994756012",0,0,8764052862,8752968485,705714819,688797265,247002128,246664427,182550876,182592001,2370602145,2417256604,N/A,N/A,9172339491,9190376665",0,0,9428625443,9423784276,895436863,896050031,887221783,886610421,1603923304,1591549055,11283375094,11291437361,2339980113,2333621973,N/A,N/A"
1755379533,N/A,N/A,3675933301,3697160988,688797265,705714819,9521797538,9518265328,1591574628,1603936823,9208565922,9242133996,248301940,248229748,18392595442,18348905148",0,0,N/A,N/A,896050031,895436876,9338081693,9336744312,182592602,182551338,250312180,250683708,10837900086,10767298423,18357083839,18409564495",0,0,3314702983,3383992330,N/A,N/A,886608143,887220784,249556943,249136470,13562832093,13536955847,9242133995,9208567283,9181827713,9191507228",0,0,3697856106,3676695944,1422622963,1394036213,N/A,N/A,257236045,257359378,10859898975,10777874611,13536930720,13562877165,12051798263,12050317656",0,0,8750693188,8762144676,1394050376,1422624863,9518481376,9522063999,N/A,N/A,250726125,250502633,2333621974,2339980114,10994672084,10966660479",0,0,9423819847,9428534592,181726083,181894951,9336844288,9338142388,257359386,257236070,N/A,N/A,248229731,248301949,10966722298,10994756012",0,0,8764052862,8752968485,705714819,688797265,247002128,246664427,182550876,182592001,2370602145,2417256604,N/A,N/A,9172339491,9190376665",0,0,9428625443,9423784276,895436863,896050031,887221783,886610421,1603923304,1591549055,11283375094,11291437361,2339980113,2333621973,N/A,N/A"
1755379534,N/A,N/A,3675933301,3697160988,688797265,705714819,9521797538,9518265328,1591574628,1603936823,9208565922,9242133996,248301940,248229748,18403045953,18359365827",0,0,N/A,N/A,896050031,895436876,9338081693,9336744312,182592602,182551338,250312180,250683708,10837900086,10767298423,18367540756,18420015007",0,0,3314702983,3383992330,N/A,N/A,886608143,887220784,249556943,249136470,13562832093,13536955847,9242133995,9208567283,9181827713,9191507228",0,0,3697856106,3676695944,1422622963,1394036213,N/A,N/A,257236045,257359378,10859898975,10777874611,13536930720,13562877165,12051798263,12050317656",0,0,8750693188,8762144676,1394050376,1422624863,9518481376,9522063999,N/A,N/A,250726125,250502633,2333621974,2339980114,10994672084,10966660479",0,0,9423819847,9428534592,181726083,181894951,9336844288,9338142388,257359386,257236070,N/A,N/A,248229731,248301949,10966722298,10994756012",0,0,8764052862,8752968485,705714819,688797265,247002128,246664427,182550876,182592001,2370602145,2417256604,N/A,N/A,9172339491,9190376665",0,0,9428625443,9423784276,895436863,896050031,887221783,886610421,1603923304,1591549055,11283375094,11291437361,2339980113,2333621973,N/A,N/A"
1755379536,N/A,N/A,3675933301,3697160988,688797265,705714819,9521797538,9518265328,1591574628,1603936823,9208565922,9242133996,248301940,248229748,18412048341,18368376461",0,0,N/A,N/A,896050031,895436876,9338081693,9336744312,182592602,182551338,250312180,250683708,10837900086,10767298423,18376542970,18429017283",0,0,3314702983,3383992330,N/A,N/A,886608143,887220784,249556943,249136470,13562832093,13536955847,9242133995,9208567283,9181827713,9191507228",0,0,3697856106,3676695944,1422622963,1394036213,N/A,N/A,257236045,257359378,10859898975,10777874611,13536930720,13562877165,12051798263,12050317656",0,0,8750693188,8762144676,1394050376,1422624863,9518481376,9522063999,N/A,N/A,250726125,250502633,2333621974,2339980114,10994672084,10966660479",0,0,9423819847,9428534592,181726083,181894951,9336844288,9338142388,257359386,257236070,N/A,N/A,248229731,248301949,10966722298,10994756012",0,0,8764052862,8752968485,705714819,688797265,247002128,246664427,182550876,182592001,2370602145,2417256604,N/A,N/A,9172339491,9190376665",0,0,9428625443,9423784276,895436863,896050031,887221783,886610421,1603923304,1591549055,11283375094,11291437361,2339980113,2333621973,N/A,N/A"
1755379537,N/A,N/A,3675933301,3697160988,688797265,705714819,9521797538,9518265328,1591574628,1603936823,9208565922,9242133996,248301940,248229748,18422474866,18378808029",0,0,N/A,N/A,896050031,895436876,9338081693,9336744312,182592602,182551338,250312180,250683708,10837900086,10767298423,18386974538,18439443917",0,0,3314702983,3383992330,N/A,N/A,886608143,887220784,249556943,249136470,13562832093,13536955847,9242133995,9208567283,9181827713,9191507228",0,0,3697856106,3676695944,1422622963,1394036213,N/A,N/A,257236045,257359378,10859898975,10777874611,13536930720,13562877165,12051798263,12050317656",0,0,8750693188,8762144676,1394050376,1422624863,9518481376,9522063999,N/A,N/A,250726125,250502633,2333621974,2339980114,10994672084,10966660479",0,0,9423819847,9428534592,181726083,181894951,9336844288,9338142388,257359386,257236070,N/A,N/A,248229731,248301949,10966722298,10994756012",0,0,8764052862,8752968485,705714819,688797265,247002128,246664427,182550876,182592001,2370602145,2417256604,N/A,N/A,9172339491,9190376665",0,0,9428625443,9423784276,895436863,896050031,887221783,886610421,1603923304,1591549055,11283375094,11291437361,2339980113,2333621973,N/A,N/A"
1755379539,N/A,N/A,3675933301,3697160988,688797265,705714819,9521797538,9518265328,1591574628,1603936823,9208565922,9242133996,248301940,248229748,18431863876,18388187447",0,0,N/A,N/A,896050031,895436876,9338081693,9336744312,182592602,182551338,250312180,250683708,10837900086,10767298423,18396362440,18448832983",0,0,3314702983,3383992330,N/A,N/A,886608143,887220784,249556943,249136470,13562832093,13536955847,9242133995,9208567283,9181827713,9191507228",0,0,3697856106,3676695944,1422622963,1394036213,N/A,N/A,257236045,257359378,10859898975,10777874611,13536930720,13562877165,12051798263,12050317656",0,0,8750693188,8762144676,1394050376,1422624863,9518481376,9522063999,N/A,N/A,250726125,250502633,2333621974,2339980114,10994672084,10966660479",0,0,9423819847,9428534592,181726083,181894951,9336844288,9338142388,257359386,257236070,N/A,N/A,248229731,248301949,10966722298,10994756012",0,0,8764052862,8752968485,705714819,688797265,247002128,246664427,182550876,182592001,2370602145,2417256604,N/A,N/A,9172339491,9190376665",0,0,9428625443,9423784276,895436863,896050031,887221783,886610421,1603923304,1591549055,11283375094,11291437361,2339980113,2333621973,N/A,N/A"
1755379540,N/A,N/A,3675933301,3697160988,688797265,705714819,9521797538,9518265328,1591574628,1603936823,9208565922,9242133996,248301940,248229748,18442382426,18398719554",0,0,N/A,N/A,896050031,895436876,9338081693,9336744312,182592602,182551338,250312180,250683708,10837900086,10767298423,18406879228,18459336027",0,0,3314702983,3383992330,N/A,N/A,886608143,887220784,249556943,249136470,13562832093,13536955847,9242133995,9208567283,9181827713,9191507228",0,0,3697856106,3676695944,1422622963,1394036213,N/A,N/A,257236045,257359378,10859898975,10777874611,13536930720,13562877165,12051798263,12050317656",0,0,8750693188,8762144676,1394050376,1422624863,9518481376,9522063999,N/A,N/A,250726125,250502633,2333621974,2339980114,10994672084,10966660479",0,0,9423819847,9428534592,181726083,181894951,9336844288,9338142388,257359386,257236070,N/A,N/A,248229731,248301949,10966722298,10994756012",0,0,8764052862,8752968485,705714819,688797265,247002128,246664427,182550876,182592001,2370602145,2417256604,N/A,N/A,9172339491,9190376665",0,0,9428625443,9423784276,895436863,896050031,887221783,886610421,1603923304,1591549055,11283375094,11291437361,2339980113,2333621973,N/A,N/A"
1755379542,N/A,N/A,3675933301,3697160988,688797265,705714819,9521797538,9518265328,1591574628,1603936823,9208565922,9242133996,248301940,248229748,18451557793,18407908793",0,0,N/A,N/A,896050031,895436876,9338081693,9336744312,182592602,182551338,250312180,250683708,10837900086,10767298423,18416079567,18468527802",0,0,3314702983,3383992330,N/A,N/A,886608143,887220784,249556943,249136470,13562832093,13536955847,9242133995,9208567283,9181827713,9191507228",0,0,3697856106,3676695944,1422622963,1394036213,N/A,N/A,257236045,257359378,10859898975,10777874611,13536930720,13562877165,12051798263,12050317656",0,0,8750693188,8762144676,1394050376,1422624863,9518481376,9522063999,N/A,N/A,250726125,250502633,2333621974,2339980114,10994672084,10966660479",0,0,9423819847,9428534592,181726083,181894951,9336844288,9338142388,257359386,257236070,N/A,N/A,248229731,248301949,10966722298,10994756012",0,0,8764052862,8752968485,705714819,688797265,247002128,246664427,182550876,182592001,2370602145,2417256604,N/A,N/A,9172339491,9190376665",0,0,9428625443,9423784276,895436863,896050031,887221783,886610421,1603923304,1591549055,11283375094,11291437361,2339980113,2333621973,N/A,N/A"
1755379543,N/A,N/A,3675933301,3697160988,688797265,705714819,9521797538,9518265328,1591574628,1603936823,9208565922,9242133996,248301940,248229748,18462007545,18418372255",0,0,N/A,N/A,896050031,895436876,9338081693,9336744312,182592602,182551338,250312180,250683708,10837900086,10767298423,18426543849,18478976637",0,0,3314702983,3383992330,N/A,N/A,886608143,887220784,249556943,249136470,13562832093,13536955847,9242133995,9208567283,9181827713,9191507228",0,0,3697856106,3676695944,1422622963,1394036213,N/A,N/A,257236045,257359378,10859898975,10777874611,13536930720,13562877165,12051798263,12050317656",0,0,8750693188,8762144676,1394050376,1422624863,9518481376,9522063999,N/A,N/A,250726125,250502633,2333621974,2339980114,10994672084,10966660479",0,0,9423819847,9428534592,181726083,181894951,9336844288,9338142388,257359386,257236070,N/A,N/A,248229731,248301949,10966722298,10994756012",0,0,8764052862,8752968485,705714819,688797265,247002128,246664427,182550876,182592001,2370602145,2417256604,N/A,N/A,9172339491,9190376665",0,0,9428625443,9423784276,895436863,896050031,887221783,886610421,1603923304,1591549055,11283375094,11291437361,2339980113,2333621973,N/A,N/A"
1755379545,N/A,N/A,3675933301,3697160988,688797265,705714819,9521797538,9518265328,1591574628,1603936823,9208565922,9242133996,248301940,248229748,18471347629,18427724438",0,0,N/A,N/A,896050031,895436876,9338081693,9336744312,182592602,182551338,250312180,250683708,10837900086,10767298423,18435839371,18488249789",0,0,3314702983,3383992330,N/A,N/A,886608143,887220784,249556943,249136470,13562832093,13536955847,9242133995,9208567283,9181827713,9191507228",0,0,3697856106,3676695944,1422622963,1394036213,N/A,N/A,257236045,257359378,10859898975,10777874611,13536930720,13562877165,12051798263,12050317656",0,0,8750693188,8762144676,1394050376,1422624863,9518481376,9522063999,N/A,N/A,250726125,250502633,2333621974,2339980114,10994672084,10966660479",0,0,9423819847,9428534592,181726083,181894951,9336844288,9338142388,257359386,257236070,N/A,N/A,248229731,248301949,10966722298,10994756012",0,0,8764052862,8752968485,705714819,688797265,247002128,246664427,182550876,182592001,2370602145,2417256604,N/A,N/A,9172339491,9190376665",0,0,9428625443,9423784276,895436863,896050031,887221783,886610421,1603923304,1591549055,11283375094,11291437361,2339980113,2333621973,N/A,N/A"
1755379546,N/A,N/A,3675933301,3697160988,688797265,705714819,9521797538,9518265328,1591574628,1603936823,9208565922,9242133996,248301940,248229748,18481553098,18437940229",0,0,N/A,N/A,896050031,895436876,9338081693,9336744312,182592602,182551338,250312180,250683708,10837900086,10767298423,18446114439,18498522164",0,0,3314702983,3383992330,N/A,N/A,886608143,887220784,249556943,249136470,13562832093,13536955847,9242133995,9208567283,9181827713,9191507228",0,0,3697856106,3676695944,1422622963,1394036213,N/A,N/A,257236045,257359378,10859898975,10777874611,13536930720,13562877165,12051798263,12050317656",0,0,8750693188,8762144676,1394050376,1422624863,9518481376,9522063999,N/A,N/A,250726125,250502633,2333621974,2339980114,10994672084,10966660479",0,0,9423819847,9428534592,181726083,181894951,9336844288,9338142388,257359386,257236070,N/A,N/A,248229731,248301949,10966722298,10994756012",0,0,8764052862,8752968485,705714819,688797265,247002128,246664427,182550876,182592001,2370602145,2417256604,N/A,N/A,9172339491,9190376665",0,0,9428625443,9423784276,895436863,896050031,887221783,886610421,1603923304,1591549055,11283375094,11291437361,2339980113,2333621973,N/A,N/A"
1755379548,N/A,N/A,3675933301,3697160988,688797265,705714819,9521797538,9518265328,1591574628,1603936823,9208565922,9242133996,248301940,248229748,18491397897,18447797187",0,0,N/A,N/A,896050031,895436876,9338081693,9336744312,182592602,182551338,250312180,250683708,10837900086,10767298423,18455912120,18508300057",0,0,3314702983,3383992330,N/A,N/A,886608143,887220784,249556943,249136470,13562832093,13536955847,9242133995,9208567283,9181827713,9191507228",0,0,3697856106,3676695944,1422622963,1394036213,N/A,N/A,257236045,257359378,10859898975,10777874611,13536930720,13562877165,12051798263,12050317656",0,0,8750693188,8762144676,1394050376,1422624863,9518481376,9522063999,N/A,N/A,250726125,250502633,2333621974,2339980114,10994672084,10966660479",0,0,9423819847,9428534592,181726083,181894951,9336844288,9338142388,257359386,257236070,N/A,N/A,248229731,248301949,10966722298,10994756012",0,0,8764052862,8752968485,705714819,688797265,247002128,246664427,182550876,182592001,2370602145,2417256604,N/A,N/A,9172339491,9190376665",0,0,9428625443,9423784276,895436863,896050031,887221783,886610421,1603923304,1591549055,11283375094,11291437361,2339980113,2333621973,N/A,N/A"
1755379549,N/A,N/A,3675933301,3697160988,688797265,705714819,9521797538,9518265328,1591574628,1603936823,9208565922,9242133996,248301940,248229748,18500906389,18457312775",0,0,N/A,N/A,896050031,895436876,9338081693,9336744312,182592602,182551338,250312180,250683708,10837900086,10767298423,18465487927,18517875488",0,0,3314702983,3383992330,N/A,N/A,886608143,887220784,249556943,249136470,13562832093,13536955847,9242133995,9208567283,9181827713,9191507228",0,0,3697856106,3676695944,1422622963,1394036213,N/A,N/A,257236045,257359378,10859898975,10777874611,13536930720,13562877165,12051798263,12050317656",0,0,8750693188,8762144676,1394050376,1422624863,9518481376,9522063999,N/A,N/A,250726125,250502633,2333621974,2339980114,10994672084,10966660479",0,0,9423819847,9428534592,181726083,181894951,9336844288,9338142388,257359386,257236070,N/A,N/A,248229731,248301949,10966722298,10994756012",0,0,8764052862,8752968485,705714819,688797265,247002128,246664427,182550876,182592001,2370602145,2417256604,N/A,N/A,9172339491,9190376665",0,0,9428625443,9423784276,895436863,896050031,887221783,886610421,1603923304,1591549055,11283375094,11291437361,2339980113,2333621973,N/A,N/A"
1755379551,N/A,N/A,3675933301,3697160988,688797265,705714819,9521797538,9518265328,1591574628,1603936823,9208565922,9242133996,248301940,248229748,18511178942,18467597550",0,0,N/A,N/A,896050031,895436876,9338081693,9336744312,182592602,182551338,250312180,250683708,10837900086,10767298423,18475772513,18528135265",0,0,3314702983,3383992330,N/A,N/A,886608143,887220784,249556943,249136470,13562832093,13536955847,9242133995,9208567283,9181827713,9191507228",0,0,3697856106,3676695944,1422622963,1394036213,N/A,N/A,257236045,257359378,10859898975,10777874611,13536930720,13562877165,12051798263,12050317656",0,0,8750693188,8762144676,1394050376,1422624863,9518481376,9522063999,N/A,N/A,250726125,250502633,2333621974,2339980114,10994672084,10966660479",0,0,9423819847,9428534592,181726083,181894951,9336844288,9338142388,257359386,257236070,N/A,N/A,248229731,248301949,10966722298,10994756012",0,0,8764052862,8752968485,705714819,688797265,247002128,246664427,182550876,182592001,2370602145,2417256604,N/A,N/A,9172339491,9190376665",0,0,9428625443,9423784276,895436863,896050031,887221783,886610421,1603923304,1591549055,11283375094,11291437361,2339980113,2333621973,N/A,N/A"
1755379552,N/A,N/A,3675933301,3697160988,688797265,705714819,9521797538,9518265328,1591574628,1603936823,9208565922,9242133996,248301940,248229748,18520352021,18476771716",0,0,N/A,N/A,896050031,895436876,9338081693,9336744312,182592602,182551338,250312180,250683708,10837900086,10767298423,18484909539,18537276644",0,0,3314702983,3383992330,N/A,N/A,886608143,887220784,249556943,249136470,13562832093,13536955847,9242133995,9208567283,9181827713,9191507228",0,0,3697856106,3676695944,1422622963,1394036213,N/A,N/A,257236045,257359378,10859898975,10777874611,13536930720,13562877165,12051798263,12050317656",0,0,8750693188,8762144676,1394050376,1422624863,9518481376,9522063999,N/A,N/A,250726125,250502633,2333621974,2339980114,10994672084,10966660479",0,0,9423819847,9428534592,181726083,181894951,9336844288,9338142388,257359386,257236070,N/A,N/A,248229731,248301949,10966722298,10994756012",0,0,8764052862,8752968485,705714819,688797265,247002128,246664427,182550876,182592001,2370602145,2417256604,N/A,N/A,9172339491,9190376665",0,0,9428625443,9423784276,895436863,896050031,887221783,886610421,1603923304,1591549055,11283375094,11291437361,2339980113,2333621973,N/A,N/A"
1755379553,N/A,N/A,3675933301,3697160988,688797265,705714819,9521797538,9518265328,1591574628,1603936823,9208565922,9242133996,248301940,248229748,18530631524,18487079667",0,0,N/A,N/A,896050031,895436876,9338081693,9336744312,182592602,182551338,250312180,250683708,10837900086,10767298423,18495246365,18547595264",0,0,3314702983,3383992330,N/A,N/A,886608143,887220784,249556943,249136470,13562832093,13536955847,9242133995,9208567283,9181827713,9191507228",0,0,3697856106,3676695944,1422622963,1394036213,N/A,N/A,257236045,257359378,10859898975,10777874611,13536930720,13562877165,12051798263,12050317656",0,0,8750693188,8762144676,1394050376,1422624863,9518481376,9522063999,N/A,N/A,250726125,250502633,2333621974,2339980114,10994672084,10966660479",0,0,9423819847,9428534592,181726083,181894951,9336844288,9338142388,257359386,257236070,N/A,N/A,248229731,248301949,10966722298,10994756012",0,0,8764052862,8752968485,705714819,688797265,247002128,246664427,182550876,182592001,2370602145,2417256604,N/A,N/A,9172339491,9190376665",0,0,9428625443,9423784276,895436863,896050031,887221783,886610421,1603923304,1591549055,11283375094,11291437361,2339980113,2333621973,N/A,N/A"
1755379555,N/A,N/A,3675933301,3697160988,688797265,705714819,9521797538,9518265328,1591574628,1603936823,9208565922,9242133996,248301940,248229748,18539918051,18496367864",0,0,N/A,N/A,896050031,895436876,9338081693,9336744312,182592602,182551338,250312180,250683708,10837900086,10767298423,18504534479,18556887093",0,0,3314702983,3383992330,N/A,N/A,886608143,887220784,249556943,249136470,13562832093,13536955847,9242133995,9208567283,9181827713,9191507228",0,0,3697856106,3676695944,1422622963,1394036213,N/A,N/A,257236045,257359378,10859898975,10777874611,13536930720,13562877165,12051798263,12050317656",0,0,8750693188,8762144676,1394050376,1422624863,9518481376,9522063999,N/A,N/A,250726125,250502633,2333621974,2339980114,10994672084,10966660479",0,0,9423819847,9428534592,181726083,181894951,9336844288,9338142388,257359386,257236070,N/A,N/A,248229731,248301949,10966722298,10994756012",0,0,8764052862,8752968485,705714819,688797265,247002128,246664427,182550876,182592001,2370602145,2417256604,N/A,N/A,9172339491,9190376665",0,0,9428625443,9423784276,895436863,896050031,887221783,886610421,1603923304,1591549055,11283375094,11291437361,2339980113,2333621973,N/A,N/A"
1755379556,N/A,N/A,3675933301,3697160988,688797265,705714819,9521797538,9518265328,1591574628,1603936823,9208565922,9242133996,248301940,248229748,18550272644,18506727464",0,0,N/A,N/A,896050031,895436876,9338081693,9336744312,182592602,182551338,250312180,250683708,10837900086,10767298423,18514909486,18567249103",0,0,3314702983,3383992330,N/A,N/A,886608143,887220784,249556943,249136470,13562832093,13536955847,9242133995,9208567283,9181827713,9191507228",0,0,3697856106,3676695944,1422622963,1394036213,N/A,N/A,257236045,257359378,10859898975,10777874611,13536930720,13562877165,12051798263,12050317656",0,0,8750693188,8762144676,1394050376,1422624863,9518481376,9522063999,N/A,N/A,250726125,250502633,2333621974,2339980114,10994672084,10966660479",0,0,9423819847,9428534592,181726083,181894951,9336844288,9338142388,257359386,257236070,N/A,N/A,248229731,248301949,10966722298,10994756012",0,0,8764052862,8752968485,705714819,688797265,247002128,246664427,182550876,182592001,2370602145,2417256604,N/A,N/A,9172339491,9190376665",0,0,9428625443,9423784276,895436863,896050031,887221783,886610421,1603923304,1591549055,11283375094,11291437361,2339980113,2333621973,N/A,N/A"
1755379558,N/A,N/A,3675933301,3697160988,688797265,705714819,9521797538,9518265328,1591574628,1603936823,9208565922,9242133996,248301940,248229748,18559499681,18515967454",0,0,N/A,N/A,896050031,895436876,9338081693,9336744312,182592602,182551338,250312180,250683708,10837900086,10767298423,18524144749,18576467719",0,0,3314702983,3383992330,N/A,N/A,886608143,887220784,249556943,249136470,13562832093,13536955847,9242133995,9208567283,9181827713,9191507228",0,0,3697856106,3676695944,1422622963,1394036213,N/A,N/A,257236045,257359378,10859898975,10777874611,13536930720,13562877165,12051798263,12050317656",0,0,8750693188,8762144676,1394050376,1422624863,9518481376,9522063999,N/A,N/A,250726125,250502633,2333621974,2339980114,10994672084,10966660479",0,0,9423819847,9428534592,181726083,181894951,9336844288,9338142388,257359386,257236070,N/A,N/A,248229731,248301949,10966722298,10994756012",0,0,8764052862,8752968485,705714819,688797265,247002128,246664427,182550876,182592001,2370602145,2417256604,N/A,N/A,9172339491,9190376665",0,0,9428625443,9423784276,895436863,896050031,887221783,886610421,1603923304,1591549055,11283375094,11291437361,2339980113,2333621973,N/A,N/A"
1755379559,N/A,N/A,3675933301,3697160988,688797265,705714819,9521797538,9518265328,1591574628,1603936823,9208565922,9242133996,248301940,248229748,18569899507,18526371171",0,0,N/A,N/A,896050031,895436876,9338081693,9336744312,182592602,182551338,250312180,250683708,10837900086,10767298423,18534546181,18586853125",0,0,3314702983,3383992330,N/A,N/A,886608143,887220784,249556943,249136470,13562832093,13536955847,9242133995,9208567283,9181827713,9191507228",0,0,3697856106,3676695944,1422622963,1394036213,N/A,N/A,257236045,257359378,10859898975,10777874611,13536930720,13562877165,12051798263,12050317656",0,0,8750693188,8762144676,1394050376,1422624863,9518481376,9522063999,N/A,N/A,250726125,250502633,2333621974,2339980114,10994672084,10966660479",0,0,9423819847,9428534592,181726083,181894951,9336844288,9338142388,257359386,257236070,N/A,N/A,248229731,248301949,10966722298,10994756012",0,0,8764052862,8752968485,705714819,688797265,247002128,246664427,182550876,182592001,2370602145,2417256604,N/A,N/A,9172339491,9190376665",0,0,9428625443,9423784276,895436863,896050031,887221783,886610421,1603923304,1591549055,11283375094,11291437361,2339980113,2333621973,N/A,N/A"
1755379561,N/A,N/A,3675933301,3697160988,688797265,705714819,9521797538,9518265328,1591574628,1603936823,9208565922,9242133996,248301940,248229748,18579013418,18535495808",0,0,N/A,N/A,896050031,895436876,9338081693,9336744312,182592602,182551338,250312180,250683708,10837900086,10767298423,18543662414,18595979929",0,0,3314702983,3383992330,N/A,N/A,886608143,887220784,249556943,249136470,13562832093,13536955847,9242133995,9208567283,9181827713,9191507228",0,0,3697856106,3676695944,1422622963,1394036213,N/A,N/A,257236045,257359378,10859898975,10777874611,13536930720,13562877165,12051798263,12050317656",0,0,8750693188,8762144676,1394050376,1422624863,9518481376,9522063999,N/A,N/A,250726125,250502633,2333621974,2339980114,10994672084,10966660479",0,0,9423819847,9428534592,181726083,181894951,9336844288,9338142388,257359386,257236070,N/A,N/A,248229731,248301949,10966722298,10994756012",0,0,8764052862,8752968485,705714819,688797265,247002128,246664427,182550876,182592001,2370602145,2417256604,N/A,N/A,9172339491,9190376665",0,0,9428625443,9423784276,895436863,896050031,887221783,886610421,1603923304,1591549055,11283375094,11291437361,2339980113,2333621973,N/A,N/A"
1755379562,N/A,N/A,3675933301,3697160988,688797265,705714819,9521797538,9518265328,1591574628,1603936823,9208565922,9242133996,248301940,248229748,18589436522,18545927832",0,0,N/A,N/A,896050031,895436876,9338081693,9336744312,182592602,182551338,250312180,250683708,10837900086,10767298423,18554102886,18606390088",0,0,3314702983,3383992330,N/A,N/A,886608143,887220784,249556943,249136470,13562832093,13536955847,9242133995,9208567283,9181827713,9191507228",0,0,3697856106,3676695944,1422622963,1394036213,N/A,N/A,257236045,257359378,10859898975,10777874611,13536930720,13562877165,12051798263,12050317656",0,0,8750693188,8762144676,1394050376,1422624863,9518481376,9522063999,N/A,N/A,250726125,250502633,2333621974,2339980114,10994672084,10966660479",0,0,9423819847,9428534592,181726083,181894951,9336844288,9338142388,257359386,257236070,N/A,N/A,248229731,248301949,10966722298,10994756012",0,0,8764052862,8752968485,705714819,688797265,247002128,246664427,182550876,182592001,2370602145,2417256604,N/A,N/A,9172339491,9190376665",0,0,9428625443,9423784276,895436863,896050031,887221783,886610421,1603923304,1591549055,11283375094,11291437361,2339980113,2333621973,N/A,N/A"
1755379564,N/A,N/A,3675933301,3697160988,688797265,705714819,9521797538,9518265328,1591574628,1603936823,9208565922,9242133996,248301940,248229748,18598522521,18555020354",0,0,N/A,N/A,896050031,895436876,9338081693,9336744312,182592602,182551338,250312180,250683708,10837900086,10767298423,18563196456,18615491540",0,0,3314702983,3383992330,N/A,N/A,886608143,887220784,249556943,249136470,13562832093,13536955847,9242133995,9208567283,9181827713,9191507228",0,0,3697856106,3676695944,1422622963,1394036213,N/A,N/A,257236045,257359378,10859898975,10777874611,13536930720,13562877165,12051798263,12050317656",0,0,8750693188,8762144676,1394050376,1422624863,9518481376,9522063999,N/A,N/A,250726125,250502633,2333621974,2339980114,10994672084,10966660479",0,0,9423819847,9428534592,181726083,181894951,9336844288,9338142388,257359386,257236070,N/A,N/A,248229731,248301949,10966722298,10994756012",0,0,8764052862,8752968485,705714819,688797265,247002128,246664427,182550876,182592001,2370602145,2417256604,N/A,N/A,9172339491,9190376665",0,0,9428625443,9423784276,895436863,896050031,887221783,886610421,1603923304,1591549055,11283375094,11291437361,2339980113,2333621973,N/A,N/A"
1755379565,N/A,N/A,3675933301,3697160988,688797265,705714819,9521797538,9518265328,1591574628,1603936823,9208565922,9242133996,248301940,248229748,18609026291,18565545296",0,0,N/A,N/A,896050031,895436876,9338081693,9336744312,182592602,182551338,250312180,250683708,10837900086,10767298423,18573712731,18625995333",0,0,3314702983,3383992330,N/A,N/A,886608143,887220784,249556943,249136470,13562832093,13536955847,9242133995,9208567283,9181827713,9191507228",0,0,3697856106,3676695944,1422622963,1394036213,N/A,N/A,257236045,257359378,10859898975,10777874611,13536930720,13562877165,12051798263,12050317656",0,0,8750693188,8762144676,1394050376,1422624863,9518481376,9522063999,N/A,N/A,250726125,250502633,2333621974,2339980114,10994672084,10966660479",0,0,9423819847,9428534592,181726083,181894951,9336844288,9338142388,257359386,257236070,N/A,N/A,248229731,248301949,10966722298,10994756012",0,0,8764052862,8752968485,705714819,688797265,247002128,246664427,182550876,182592001,2370602145,2417256604,N/A,N/A,9172339491,9190376665",0,0,9428625443,9423784276,895436863,896050031,887221783,886610421,1603923304,1591549055,11283375094,11291437361,2339980113,2333621973,N/A,N/A"
1755379567,N/A,N/A,3675933301,3697160988,688797265,705714819,9521797538,9518265328,1591574628,1603936823,9208565922,9242133996,248301940,248229748,18618379441,18574905084",0,0,N/A,N/A,896050031,895436876,9338081693,9336744312,182592602,182551338,250312180,250683708,10837900086,10767298423,18583020017,18635281601",0,0,3314702983,3383992330,N/A,N/A,886608143,887220784,249556943,249136470,13562832093,13536955847,9242133995,9208567283,9181827713,9191507228",0,0,3697856106,3676695944,1422622963,1394036213,N/A,N/A,257236045,257359378,10859898975,10777874611,13536930720,13562877165,12051798263,12050317656",0,0,8750693188,8762144676,1394050376,1422624863,9518481376,9522063999,N/A,N/A,250726125,250502633,2333621974,2339980114,10994672084,10966660479",0,0,9423819847,9428534592,181726083,181894951,9336844288,9338142388,257359386,257236070,N/A,N/A,248229731,248301949,10966722298,10994756012",0,0,8764052862,8752968485,705714819,688797265,247002128,246664427,182550876,182592001,2370602145,2417256604,N/A,N/A,9172339491,9190376665",0,0,9428625443,9423784276,895436863,896050031,887221783,886610421,1603923304,1591549055,11283375094,11291437361,2339980113,2333621973,N/A,N/A"
1755379568,N/A,N/A,3675933301,3697160988,688797265,705714819,9521797538,9518265328,1591574628,1603936823,9208565922,9242133996,248301940,248229748,18628504683,18585043760",0,0,N/A,N/A,896050031,895436876,9338081693,9336744312,182592602,182551338,250312180,250683708,10837900086,10767298423,18593218730,18645465389",0,0,3314702983,3383992330,N/A,N/A,886608143,887220784,249556943,249136470,13562832093,13536955847,9242133995,9208567283,9181827713,9191507228",0,0,3697856106,3676695944,1422622963,1394036213,N/A,N/A,257236045,257359378,10859898975,10777874611,13536930720,13562877165,12051798263,12050317656",0,0,8750693188,8762144676,1394050376,1422624863,9518481376,9522063999,N/A,N/A,250726125,250502633,2333621974,2339980114,10994672084,10966660479",0,0,9423819847,9428534592,181726083,181894951,9336844288,9338142388,257359386,257236070,N/A,N/A,248229731,248301949,10966722298,10994756012",0,0,8764052862,8752968485,705714819,688797265,247002128,246664427,182550876,182592001,2370602145,2417256604,N/A,N/A,9172339491,9190376665",0,0,9428625443,9423784276,895436863,896050031,887221783,886610421,1603923304,1591549055,11283375094,11291437361,2339980113,2333621973,N/A,N/A"
1755379570,N/A,N/A,3675933301,3697160988,688797265,705714819,9521797538,9518265328,1591574628,1603936823,9208565922,9242133996,248301940,248229748,18638430615,18594980674",0,0,N/A,N/A,896050031,895436876,9338081693,9336744312,182592602,182551338,250312180,250683708,10837900086,10767298423,18603095607,18655332775",0,0,3314702983,3383992330,N/A,N/A,886608143,887220784,249556943,249136470,13562832093,13536955847,9242133995,9208567283,9181827713,9191507228",0,0,3697856106,3676695944,1422622963,1394036213,N/A,N/A,257236045,257359378,10859898975,10777874611,13536930720,13562877165,12051798263,12050317656",0,0,8750693188,8762144676,1394050376,1422624863,9518481376,9522063999,N/A,N/A,250726125,250502633,2333621974,2339980114,10994672084,10966660479",0,0,9423819847,9428534592,181726083,181894951,9336844288,9338142388,257359386,257236070,N/A,N/A,248229731,248301949,10966722298,10994756012",0,0,8764052862,8752968485,705714819,688797265,247002128,246664427,182550876,182592001,2370602145,2417256604,N/A,N/A,9172339491,9190376665",0,0,9428625443,9423784276,895436863,896050031,887221783,886610421,1603923304,1591549055,11283375094,11291437361,2339980113,2333621973,N/A,N/A"
1755379571,N/A,N/A,3675933301,3697160988,688797265,705714819,9521797538,9518265328,1591574628,1603936823,9208565922,9242133996,248301940,248229748,18648140852,18604701347",0,0,N/A,N/A,896050031,895436876,9338081693,9336744312,182592602,182551338,250312180,250683708,10837900086,10767298423,18612871538,18665107975",0,0,3314702983,3383992330,N/A,N/A,886608143,887220784,249556943,249136470,13562832093,13536955847,9242133995,9208567283,9181827713,9191507228",0,0,3697856106,3676695944,1422622963,1394036213,N/A,N/A,257236045,257359378,10859898975,10777874611,13536930720,13562877165,12051798263,12050317656",0,0,8750693188,8762144676,1394050376,1422624863,9518481376,9522063999,N/A,N/A,250726125,250502633,2333621974,2339980114,10994672084,10966660479",0,0,9423819847,9428534592,181726083,181894951,9336844288,9338142388,257359386,257236070,N/A,N/A,248229731,248301949,10966722298,10994756012",0,0,8764052862,8752968485,705714819,688797265,247002128,246664427,182550876,182592001,2370602145,2417256604,N/A,N/A,9172339491,9190376665",0,0,9428625443,9423784276,895436863,896050031,887221783,886610421,1603923304,1591549055,11283375094,11291437361,2339980113,2333621973,N/A,N/A"
1755379573,N/A,N/A,3675933301,3697160988,688797265,705714819,9521797538,9518265328,1591574628,1603936823,9208565922,9242133996,248301940,248229748,18658477809,18615038327",0,0,N/A,N/A,896050031,895436876,9338081693,9336744312,182592602,182551338,250312180,250683708,10837900086,10767298423,18623153260,18675379969",0,0,3314702983,3383992330,N/A,N/A,886608143,887220784,249556943,249136470,13562832093,13536955847,9242133995,9208567283,9181827713,9191507228",0,0,3697856106,3676695944,1422622963,1394036213,N/A,N/A,257236045,257359378,10859898975,10777874611,13536930720,13562877165,12051798263,12050317656",0,0,8750693188,8762144676,1394050376,1422624863,9518481376,9522063999,N/A,N/A,250726125,250502633,2333621974,2339980114,10994672084,10966660479",0,0,9423819847,9428534592,181726083,181894951,9336844288,9338142388,257359386,257236070,N/A,N/A,248229731,248301949,10966722298,10994756012",0,0,8764052862,8752968485,705714819,688797265,247002128,246664427,182550876,182592001,2370602145,2417256604,N/A,N/A,9172339491,9190376665",0,0,9428625443,9423784276,895436863,896050031,887221783,886610421,1603923304,1591549055,11283375094,11291437361,2339980113,2333621973,N/A,N/A"
1755379574,N/A,N/A,3675933301,3697160988,688797265,705714819,9521797538,9518265328,1591574628,1603936823,9208565922,9242133996,248301940,248229748,18667740711,18624305637",0,0,N/A,N/A,896050031,895436876,9338081693,9336744312,182592602,182551338,250312180,250683708,10837900086,10767298423,18632480695,18684709782",0,0,3314702983,3383992330,N/A,N/A,886608143,887220784,249556943,249136470,13562832093,13536955847,9242133995,9208567283,9181827713,9191507228",0,0,3697856106,3676695944,1422622963,1394036213,N/A,N/A,257236045,257359378,10859898975,10777874611,13536930720,13562877165,12051798263,12050317656",0,0,8750693188,8762144676,1394050376,1422624863,9518481376,9522063999,N/A,N/A,250726125,250502633,2333621974,2339980114,10994672084,10966660479",0,0,9423819847,9428534592,181726083,181894951,9336844288,9338142388,257359386,257236070,N/A,N/A,248229731,248301949,10966722298,10994756012",0,0,8764052862,8752968485,705714819,688797265,247002128,246664427,182550876,182592001,2370602145,2417256604,N/A,N/A,9172339491,9190376665",0,0,9428625443,9423784276,895436863,896050031,887221783,886610421,1603923304,1591549055,11283375094,11291437361,2339980113,2333621973,N/A,N/A"
1755379575,N/A,N/A,3675933301,3697160988,688797265,705714819,9521797538,9518265328,1591574628,1603936823,9208565922,9242133996,248301940,248229748,18678145985,18634731163",0,0,N/A,N/A,896050031,895436876,9338081693,9336744312,182592602,182551338,250312180,250683708,10837900086,10767298423,18642906232,18695102225",0,0,3314702983,3383992330,N/A,N/A,886608143,887220784,249556943,249136470,13562832093,13536955847,9242133995,9208567283,9181827713,9191507228",0,0,3697856106,3676695944,1422622963,1394036213,N/A,N/A,257236045,257359378,10859898975,10777874611,13536930720,13562877165,12051798263,12050317656",0,0,8750693188,8762144676,1394050376,1422624863,9518481376,9522063999,N/A,N/A,250726125,250502633,2333621974,2339980114,10994672084,10966660479",0,0,9423819847,9428534592,181726083,181894951,9336844288,9338142388,257359386,257236070,N/A,N/A,248229731,248301949,10966722298,10994756012",0,0,8764052862,8752968485,705714819,688797265,247002128,246664427,182550876,182592001,2370602145,2417256604,N/A,N/A,9172339491,9190376665",0,0,9428625443,9423784276,895436863,896050031,887221783,886610421,1603923304,1591549055,11283375094,11291437361,2339980113,2333621973,N/A,N/A"
1755379577,N/A,N/A,3675933301,3697160988,688797265,705714819,9521797538,9518265328,1591574628,1603936823,9208565922,9242133996,248301940,248229748,18687344638,18643932983",0,0,N/A,N/A,896050031,895436876,9338081693,9336744312,182592602,182551338,250312180,250683708,10837900086,10767298423,18652108125,18704313699",0,0,3314702983,3383992330,N/A,N/A,886608143,887220784,249556943,249136470,13562832093,13536955847,9242133995,9208567283,9181827713,9191507228",0,0,3697856106,3676695944,1422622963,1394036213,N/A,N/A,257236045,257359378,10859898975,10777874611,13536930720,13562877165,12051798263,12050317656",0,0,8750693188,8762144676,1394050376,1422624863,9518481376,9522063999,N/A,N/A,250726125,250502633,2333621974,2339980114,10994672084,10966660479",0,0,9423819847,9428534592,181726083,181894951,9336844288,9338142388,257359386,257236070,N/A,N/A,248229731,248301949,10966722298,10994756012",0,0,8764052862,8752968485,705714819,688797265,247002128,246664427,182550876,182592001,2370602145,2417256604,N/A,N/A,9172339491,9190376665",0,0,9428625443,9423784276,895436863,896050031,887221783,886610421,1603923304,1591549055,11283375094,11291437361,2339980113,2333621973,N/A,N/A"
1755379578,N/A,N/A,3675933301,3697160988,688797265,705714819,9521797538,9518265328,1591574628,1603936823,9208565922,9242133996,248301940,248229748,18697848688,18654467125",0,0,N/A,N/A,896050031,895436876,9338081693,9336744312,182592602,182551338,250312180,250683708,10837900086,10767298423,18662633691,18714817751",0,0,3314702983,3383992330,N/A,N/A,886608143,887220784,249556943,249136470,13562832093,13536955847,9242133995,9208567283,9181827713,9191507228",0,0,3697856106,3676695944,1422622963,1394036213,N/A,N/A,257236045,257359378,10859898975,10777874611,13536930720,13562877165,12051798263,12050317656",0,0,8750693188,8762144676,1394050376,1422624863,9518481376,9522063999,N/A,N/A,250726125,250502633,2333621974,2339980114,10994672084,10966660479",0,0,9423819847,9428534592,181726083,181894951,9336844288,9338142388,257359386,257236070,N/A,N/A,248229731,248301949,10966722298,10994756012",0,0,8764052862,8752968485,705714819,688797265,247002128,246664427,182550876,182592001,2370602145,2417256604,N/A,N/A,9172339491,9190376665",0,0,9428625443,9423784276,895436863,896050031,887221783,886610421,1603923304,1591549055,11283375094,11291437361,2339980113,2333621973,N/A,N/A"
1755379580,N/A,N/A,3675933301,3697160988,688797265,705714819,9521797538,9518265328,1591574628,1603936823,9208565922,9242133996,248301940,248229748,18706758267,18663385643",0,0,N/A,N/A,896050031,895436876,9338081693,9336744312,182592602,182551338,250312180,250683708,10837900086,10767298423,18671552228,18723724104",0,0,3314702983,3383992330,N/A,N/A,886608143,887220784,249556943,249136470,13562832093,13536955847,9242133995,9208567283,9181827713,9191507228",0,0,3697856106,3676695944,1422622963,1394036213,N/A,N/A,257236045,257359378,10859898975,10777874611,13536930720,13562877165,12051798263,12050317656",0,0,8750693188,8762144676,1394050376,1422624863,9518481376,9522063999,N/A,N/A,250726125,250502633,2333621974,2339980114,10994672084,10966660479",0,0,9423819847,9428534592,181726083,181894951,9336844288,9338142388,257359386,257236070,N/A,N/A,248229731,248301949,10966722298,10994756012",0,0,8764052862,8752968485,705714819,688797265,247002128,246664427,182550876,182592001,2370602145,2417256604,N/A,N/A,9172339491,9190376665",0,0,9428625443,9423784276,895436863,896050031,887221783,886610421,1603923304,1591549055,11283375094,11291437361,2339980113,2333621973,N/A,N/A"
1755379581,N/A,N/A,3675933301,3697160988,688797265,705714819,9521797538,9518265328,1591574628,1603936823,9208565922,9242133996,248301940,248229748,18716940700,18673576537",0,0,N/A,N/A,896050031,895436876,9338081693,9336744312,182592602,182551338,250312180,250683708,10837900086,10767298423,18681743085,18733909751",0,0,3314702983,3383992330,N/A,N/A,886608143,887220784,249556943,249136470,13562832093,13536955847,9242133995,9208567283,9181827713,9191507228",0,0,3697856106,3676695944,1422622963,1394036213,N/A,N/A,257236045,257359378,10859898975,10777874611,13536930720,13562877165,12051798263,12050317656",0,0,8750693188,8762144676,1394050376,1422624863,9518481376,9522063999,N/A,N/A,250726125,250502633,2333621974,2339980114,10994672084,10966660479",0,0,9423819847,9428534592,181726083,181894951,9336844288,9338142388,257359386,257236070,N/A,N/A,248229731,248301949,10966722298,10994756012",0,0,8764052862,8752968485,705714819,688797265,247002128,246664427,182550876,182592001,2370602145,2417256604,N/A,N/A,9172339491,9190376665",0,0,9428625443,9423784276,895436863,896050031,887221783,886610421,1603923304,1591549055,11283375094,11291437361,2339980113,2333621973,N/A,N/A"
1755379583,N/A,N/A,3675933301,3697160988,688797265,705714819,9521797538,9518265328,1591574628,1603936823,9208565922,9242133996,248301940,248229748,18726003852,18682646291",0,0,N/A,N/A,896050031,895436876,9338081693,9336744312,182592602,182551338,250312180,250683708,10837900086,10767298423,18690824524,18742972840",0,0,3314702983,3383992330,N/A,N/A,886608143,887220784,249556943,249136470,13562832093,13536955847,9242133995,9208567283,9181827713,9191507228",0,0,3697856106,3676695944,1422622963,1394036213,N/A,N/A,257236045,257359378,10859898975,10777874611,13536930720,13562877165,12051798263,12050317656",0,0,8750693188,8762144676,1394050376,1422624863,9518481376,9522063999,N/A,N/A,250726125,250502633,2333621974,2339980114,10994672084,10966660479",0,0,9423819847,9428534592,181726083,181894951,9336844288,9338142388,257359386,257236070,N/A,N/A,248229731,248301949,10966722298,10994756012",0,0,8764052862,8752968485,705714819,688797265,247002128,246664427,182550876,182592001,2370602145,2417256604,N/A,N/A,9172339491,9190376665",0,0,9428625443,9423784276,895436863,896050031,887221783,886610421,1603923304,1591549055,11283375094,11291437361,2339980113,2333621973,N/A,N/A"
1755379584,N/A,N/A,3675933301,3697160988,688797265,705714819,9521797538,9518265328,1591574628,1603936823,9208565922,9242133996,248301940,248229748,18736478729,18693139981",0,0,N/A,N/A,896050031,895436876,9338081693,9336744312,182592602,182551338,250312180,250683708,10837900086,10767298423,18701306537,18753441307",0,0,3314702983,3383992330,N/A,N/A,886608143,887220784,249556943,249136470,13562832093,13536955847,9242133995,9208567283,9181827713,9191507228",0,0,3697856106,3676695944,1422622963,1394036213,N/A,N/A,257236045,257359378,10859898975,10777874611,13536930720,13562877165,12051798263,12050317656",0,0,8750693188,8762144676,1394050376,1422624863,9518481376,9522063999,N/A,N/A,250726125,250502633,2333621974,2339980114,10994672084,10966660479",0,0,9423819847,9428534592,181726083,181894951,9336844288,9338142388,257359386,257236070,N/A,N/A,248229731,248301949,10966722298,10994756012",0,0,8764052862,8752968485,705714819,688797265,247002128,246664427,182550876,182592001,2370602145,2417256604,N/A,N/A,9172339491,9190376665",0,0,9428625443,9423784276,895436863,896050031,887221783,886610421,1603923304,1591549055,11283375094,11291437361,2339980113,2333621973,N/A,N/A"
1755379586,N/A,N/A,3675933301,3697160988,688797265,705714819,9521797538,9518265328,1591574628,1603936823,9208565922,9242133996,248301940,248229748,18745536574,18702198215",0,0,N/A,N/A,896050031,895436876,9338081693,9336744312,182592602,182551338,250312180,250683708,10837900086,10767298423,18710375830,18762505627",0,0,3314702983,3383992330,N/A,N/A,886608143,887220784,249556943,249136470,13562832093,13536955847,9242133995,9208567283,9181827713,9191507228",0,0,3697856106,3676695944,1422622963,1394036213,N/A,N/A,257236045,257359378,10859898975,10777874611,13536930720,13562877165,12051798263,12050317656",0,0,8750693188,8762144676,1394050376,1422624863,9518481376,9522063999,N/A,N/A,250726125,250502633,2333621974,2339980114,10994672084,10966660479",0,0,9423819847,9428534592,181726083,181894951,9336844288,9338142388,257359386,257236070,N/A,N/A,248229731,248301949,10966722298,10994756012",0,0,8764052862,8752968485,705714819,688797265,247002128,246664427,182550876,182592001,2370602145,2417256604,N/A,N/A,9172339491,9190376665",0,0,9428625443,9423784276,895436863,896050031,887221783,886610421,1603923304,1591549055,11283375094,11291437361,2339980113,2333621973,N/A,N/A"
1755379587,N/A,N/A,3675933301,3697160988,688797265,705714819,9521797538,9518265328,1591574628,1603936823,9208565922,9242133996,248301940,248229748,18756101768,18712783073",0,0,N/A,N/A,896050031,895436876,9338081693,9336744312,182592602,182551338,250312180,250683708,10837900086,10767298423,18720958110,18773070843",0,0,3314702983,3383992330,N/A,N/A,886608143,887220784,249556943,249136470,13562832093,13536955847,9242133995,9208567283,9181827713,9191507228",0,0,3697856106,3676695944,1422622963,1394036213,N/A,N/A,257236045,257359378,10859898975,10777874611,13536930720,13562877165,12051798263,12050317656",0,0,8750693188,8762144676,1394050376,1422624863,9518481376,9522063999,N/A,N/A,250726125,250502633,2333621974,2339980114,10994672084,10966660479",0,0,9423819847,9428534592,181726083,181894951,9336844288,9338142388,257359386,257236070,N/A,N/A,248229731,248301949,10966722298,10994756012",0,0,8764052862,8752968485,705714819,688797265,247002128,246664427,182550876,182592001,2370602145,2417256604,N/A,N/A,9172339491,9190376665",0,0,9428625443,9423784276,895436863,896050031,887221783,886610421,1603923304,1591549055,11283375094,11291437361,2339980113,2333621973,N/A,N/A"
1755379589,N/A,N/A,3675933301,3697160988,688797265,705714819,9521797538,9518265328,1591574628,1603936823,9208565922,9242133996,248301940,248229748,18765417706,18722118533",0,0,N/A,N/A,896050031,895436876,9338081693,9336744312,182592602,182551338,250312180,250683708,10837900086,10767298423,18730233466,18782319865",0,0,3314702983,3383992330,N/A,N/A,886608143,887220784,249556943,249136470,13562832093,13536955847,9242133995,9208567283,9181827713,9191507228",0,0,3697856106,3676695944,1422622963,1394036213,N/A,N/A,257236045,257359378,10859898975,10777874611,13536930720,13562877165,12051798263,12050317656",0,0,8750693188,8762144676,1394050376,1422624863,9518481376,9522063999,N/A,N/A,250726125,250502633,2333621974,2339980114,10994672084,10966660479",0,0,9423819847,9428534592,181726083,181894951,9336844288,9338142388,257359386,257236070,N/A,N/A,248229731,248301949,10966722298,10994756012",0,0,8764052862,8752968485,705714819,688797265,247002128,246664427,182550876,182592001,2370602145,2417256604,N/A,N/A,9172339491,9190376665",0,0,9428625443,9423784276,895436863,896050031,887221783,886610421,1603923304,1591549055,11283375094,11291437361,2339980113,2333621973,N/A,N/A"
1755379590,N/A,N/A,3675933301,3697160988,688797265,705714819,9521797538,9518265328,1591574628,1603936823,9208565922,9242133996,248301940,248229748,18775530855,18732243278",0,0,N/A,N/A,896050031,895436876,9338081693,9336744312,182592602,182551338,250312180,250683708,10837900086,10767298423,18740418435,18792499907",0,0,3314702983,3383992330,N/A,N/A,886608143,887220784,249556943,249136470,13562832093,13536955847,9242133995,9208567283,9181827713,9191507228",0,0,3697856106,3676695944,1422622963,1394036213,N/A,N/A,257236045,257359378,10859898975,10777874611,13536930720,13562877165,12051798263,12050317656",0,0,8750693188,8762144676,1394050376,1422624863,9518481376,9522063999,N/A,N/A,250726125,250502633,2333621974,2339980114,10994672084,10966660479",0,0,9423819847,9428534592,181726083,181894951,9336844288,9338142388,257359386,257236070,N/A,N/A,248229731,248301949,10966722298,10994756012",0,0,8764052862,8752968485,705714819,688797265,247002128,246664427,182550876,182592001,2370602145,2417256604,N/A,N/A,9172339491,9190376665",0,0,9428625443,9423784276,895436863,896050031,887221783,886610421,1603923304,1591549055,11283375094,11291437361,2339980113,2333621973,N/A,N/A"
1755379592,N/A,N/A,3675933301,3697160988,688797265,705714819,9521797538,9518265328,1591574628,1603936823,9208565922,9242133996,248301940,248229748,18785474572,18742212567",0,0,N/A,N/A,896050031,895436876,9338081693,9336744312,182592602,182551338,250312180,250683708,10837900086,10767298423,18750327500,18802376732",0,0,3314702983,3383992330,N/A,N/A,886608143,887220784,249556943,249136470,13562832093,13536955847,9242133995,9208567283,9181827713,9191507228",0,0,3697856106,3676695944,1422622963,1394036213,N/A,N/A,257236045,257359378,10859898975,10777874611,13536930720,13562877165,12051798263,12050317656",0,0,8750693188,8762144676,1394050376,1422624863,9518481376,9522063999,N/A,N/A,250726125,250502633,2333621974,2339980114,10994672084,10966660479",0,0,9423819847,9428534592,181726083,181894951,9336844288,9338142388,257359386,257236070,N/A,N/A,248229731,248301949,10966722298,10994756012",0,0,8764052862,8752968485,705714819,688797265,247002128,246664427,182550876,182592001,2370602145,2417256604,N/A,N/A,9172339491,9190376665",0,0,9428625443,9423784276,895436863,896050031,887221783,886610421,1603923304,1591549055,11283375094,11291437361,2339980113,2333621973,N/A,N/A"
1755379593,N/A,N/A,3675933301,3697160988,688797265,705714819,9521797538,9518265328,1591574628,1603936823,9208565922,9242133996,248301940,248229748,18795032865,18751780578",0,0,N/A,N/A,896050031,895436876,9338081693,9336744312,182592602,182551338,250312180,250683708,10837900086,10767298423,18759947156,18812001950",0,0,3314702983,3383992330,N/A,N/A,886608143,887220784,249556943,249136470,13562832093,13536955847,9242133995,9208567283,9181827713,9191507228",0,0,3697856106,3676695944,1422622963,1394036213,N/A,N/A,257236045,257359378,10859898975,10777874611,13536930720,13562877165,12051798263,12050317656",0,0,8750693188,8762144676,1394050376,1422624863,9518481376,9522063999,N/A,N/A,250726125,250502633,2333621974,2339980114,10994672084,10966660479",0,0,9423819847,9428534592,181726083,181894951,9336844288,9338142388,257359386,257236070,N/A,N/A,248229731,248301949,10966722298,10994756012",0,0,8764052862,8752968485,705714819,688797265,247002128,246664427,182550876,182592001,2370602145,2417256604,N/A,N/A,9172339491,9190376665",0,0,9428625443,9423784276,895436863,896050031,887221783,886610421,1603923304,1591549055,11283375094,11291437361,2339980113,2333621973,N/A,N/A"
1755379594,N/A,N/A,3675933301,3697160988,688797265,705714819,9521797538,9518265328,1591574628,1603936823,9208565922,9242133996,248301940,248229748,18805467489,18762234086",0,0,N/A,N/A,896050031,895436876,9338081693,9336744312,182592602,182551338,250312180,250683708,10837900086,10767298423,18770394311,18822424718",0,0,3314702983,3383992330,N/A,N/A,886608143,887220784,249556943,249136470,13562832093,13536955847,9242133995,9208567283,9181827713,9191507228",0,0,3697856106,3676695944,1422622963,1394036213,N/A,N/A,257236045,257359378,10859898975,10777874611,13536930720,13562877165,12051798263,12050317656",0,0,8750693188,8762144676,1394050376,1422624863,9518481376,9522063999,N/A,N/A,250726125,250502633,2333621974,2339980114,10994672084,10966660479",0,0,9423819847,9428534592,181726083,181894951,9336844288,9338142388,257359386,257236070,N/A,N/A,248229731,248301949,10966722298,10994756012",0,0,8764052862,8752968485,705714819,688797265,247002128,246664427,182550876,182592001,2370602145,2417256604,N/A,N/A,9172339491,9190376665",0,0,9428625443,9423784276,895436863,896050031,887221783,886610421,1603923304,1591549055,11283375094,11291437361,2339980113,2333621973,N/A,N/A"
1755379596,N/A,N/A,3675933301,3697160988,688797265,705714819,9521797538,9518265328,1591574628,1603936823,9208565922,9242133996,248301940,248229748,18814523261,18771287383",0,0,N/A,N/A,896050031,895436876,9338081693,9336744312,182592602,182551338,250312180,250683708,10837900086,10767298423,18779453975,18831492383",0,0,3314702983,3383992330,N/A,N/A,886608143,887220784,249556943,249136470,13562832093,13536955847,9242133995,9208567283,9181827713,9191507228",0,0,3697856106,3676695944,1422622963,1394036213,N/A,N/A,257236045,257359378,10859898975,10777874611,13536930720,13562877165,12051798263,12050317656",0,0,8750693188,8762144676,1394050376,1422624863,9518481376,9522063999,N/A,N/A,250726125,250502633,2333621974,2339980114,10994672084,10966660479",0,0,9423819847,9428534592,181726083,181894951,9336844288,9338142388,257359386,257236070,N/A,N/A,248229731,248301949,10966722298,10994756012",0,0,8764052862,8752968485,705714819,688797265,247002128,246664427,182550876,182592001,2370602145,2417256604,N/A,N/A,9172339491,9190376665",0,0,9428625443,9423784276,895436863,896050031,887221783,886610421,1603923304,1591549055,11283375094,11291437361,2339980113,2333621973,N/A,N/A"
1755379597,N/A,N/A,3675933301,3697160988,688797265,705714819,9521797538,9518265328,1591574628,1603936823,9208565922,9242133996,248301940,248229748,18824929574,18781705734",0,0,N/A,N/A,896050031,895436876,9338081693,9336744312,182592602,182551338,250312180,250683708,10837900086,10767298423,18789872241,18841896770",0,0,3314702983,3383992330,N/A,N/A,886608143,887220784,249556943,249136470,13562832093,13536955847,9242133995,9208567283,9181827713,9191507228",0,0,3697856106,3676695944,1422622963,1394036213,N/A,N/A,257236045,257359378,10859898975,10777874611,13536930720,13562877165,12051798263,12050317656",0,0,8750693188,8762144676,1394050376,1422624863,9518481376,9522063999,N/A,N/A,250726125,250502633,2333621974,2339980114,10994672084,10966660479",0,0,9423819847,9428534592,181726083,181894951,9336844288,9338142388,257359386,257236070,N/A,N/A,248229731,248301949,10966722298,10994756012",0,0,8764052862,8752968485,705714819,688797265,247002128,246664427,182550876,182592001,2370602145,2417256604,N/A,N/A,9172339491,9190376665",0,0,9428625443,9423784276,895436863,896050031,887221783,886610421,1603923304,1591549055,11283375094,11291437361,2339980113,2333621973,N/A,N/A"
1755379599,N/A,N/A,3675933301,3697160988,688797265,705714819,9521797538,9518265328,1591574628,1603936823,9208565922,9242133996,248301940,248229748,18833961804,18790734226",0,0,N/A,N/A,896050031,895436876,9338081693,9336744312,182592602,182551338,250312180,250683708,10837900086,10767298423,18798908882,18850930846",0,0,3314702983,3383992330,N/A,N/A,886608143,887220784,249556943,249136470,13562832093,13536955847,9242133995,9208567283,9181827713,9191507228",0,0,3697856106,3676695944,1422622963,1394036213,N/A,N/A,257236045,257359378,10859898975,10777874611,13536930720,13562877165,12051798263,12050317656",0,0,8750693188,8762144676,1394050376,1422624863,9518481376,9522063999,N/A,N/A,250726125,250502633,2333621974,2339980114,10994672084,10966660479",0,0,9423819847,9428534592,181726083,181894951,9336844288,9338142388,257359386,257236070,N/A,N/A,248229731,248301949,10966722298,10994756012",0,0,8764052862,8752968485,705714819,688797265,247002128,246664427,182550876,182592001,2370602145,2417256604,N/A,N/A,9172339491,9190376665",0,0,9428625443,9423784276,895436863,896050031,887221783,886610421,1603923304,1591549055,11283375094,11291437361,2339980113,2333621973,N/A,N/A"
1755379600,N/A,N/A,3675933301,3697160988,688797265,705714819,9521797538,9518265328,1591574628,1603936823,9208565922,9242133996,248301940,248229748,18844323319,18801100100",0,0,N/A,N/A,896050031,895436876,9338081693,9336744312,182592602,182551338,250312180,250683708,10837900086,10767298423,18809275113,18861292360",0,0,3314702983,3383992330,N/A,N/A,886608143,887220784,249556943,249136470,13562832093,13536955847,9242133995,9208567283,9181827713,9191507228",0,0,3697856106,3676695944,1422622963,1394036213,N/A,N/A,257236045,257359378,10859898975,10777874611,13536930720,13562877165,12051798263,12050317656",0,0,8750693188,8762144676,1394050376,1422624863,9518481376,9522063999,N/A,N/A,250726125,250502633,2333621974,2339980114,10994672084,10966660479",0,0,9423819847,9428534592,181726083,181894951,9336844288,9338142388,257359386,257236070,N/A,N/A,248229731,248301949,10966722298,10994756012",0,0,8764052862,8752968485,705714819,688797265,247002128,246664427,182550876,182592001,2370602145,2417256604,N/A,N/A,9172339491,9190376665",0,0,9428625443,9423784276,895436863,896050031,887221783,886610421,1603923304,1591549055,11283375094,11291437361,2339980113,2333621973,N/A,N/A"
1755379602,N/A,N/A,3675933301,3697160988,688797265,705714819,9521797538,9518265328,1591574628,1603936823,9208565922,9242133996,248301940,248229748,18853653005,18810436726",0,0,N/A,N/A,896050031,895436876,9338081693,9336744312,182592602,182551338,250312180,250683708,10837900086,10767298423,18818614186,18870622056",0,0,3314702983,3383992330,N/A,N/A,886608143,887220784,249556943,249136470,13562832093,13536955847,9242133995,9208567283,9181827713,9191507228",0,0,3697856106,3676695944,1422622963,1394036213,N/A,N/A,257236045,257359378,10859898975,10777874611,13536930720,13562877165,12051798263,12050317656",0,0,8750693188,8762144676,1394050376,1422624863,9518481376,9522063999,N/A,N/A,250726125,250502633,2333621974,2339980114,10994672084,10966660479",0,0,9423819847,9428534592,181726083,181894951,9336844288,9338142388,257359386,257236070,N/A,N/A,248229731,248301949,10966722298,10994756012",0,0,8764052862,8752968485,705714819,688797265,247002128,246664427,182550876,182592001,2370602145,2417256604,N/A,N/A,9172339491,9190376665",0,0,9428625443,9423784276,895436863,896050031,887221783,886610421,1603923304,1591549055,11283375094,11291437361,2339980113,2333621973,N/A,N/A"
1755379603,N/A,N/A,3675933301,3697160988,688797265,705714819,9521797538,9518265328,1591574628,1603936823,9208565922,9242133996,248301940,248229748,18864044123,18820853322",0,0,N/A,N/A,896050031,895436876,9338081693,9336744312,182592602,182551338,250312180,250683708,10837900086,10767298423,18829019968,18881007917",0,0,3314702983,3383992330,N/A,N/A,886608143,887220784,249556943,249136470,13562832093,13536955847,9242133995,9208567283,9181827713,9191507228",0,0,3697856106,3676695944,1422622963,1394036213,N/A,N/A,257236045,257359378,10859898975,10777874611,13536930720,13562877165,12051798263,12050317656",0,0,8750693188,8762144676,1394050376,1422624863,9518481376,9522063999,N/A,N/A,250726125,250502633,2333621974,2339980114,10994672084,10966660479",0,0,9423819847,9428534592,181726083,181894951,9336844288,9338142388,257359386,257236070,N/A,N/A,248229731,248301949,10966722298,10994756012",0,0,8764052862,8752968485,705714819,688797265,247002128,246664427,182550876,182592001,2370602145,2417256604,N/A,N/A,9172339491,9190376665",0,0,9428625443,9423784276,895436863,896050031,887221783,886610421,1603923304,1591549055,11283375094,11291437361,2339980113,2333621973,N/A,N/A"
1755379605,N/A,N/A,3675933301,3697160988,688797265,705714819,9521797538,9518265328,1591574628,1603936823,9208565922,9242133996,248301940,248229748,18872884826,18829694904",0,0,N/A,N/A,896050031,895436876,9338081693,9336744312,182592602,182551338,250312180,250683708,10837900086,10767298423,18837862637,18889853852",0,0,3314702983,3383992330,N/A,N/A,886608143,887220784,249556943,249136470,13562832093,13536955847,9242133995,9208567283,9181827713,9191507228",0,0,3697856106,3676695944,1422622963,1394036213,N/A,N/A,257236045,257359378,10859898975,10777874611,13536930720,13562877165,12051798263,12050317656",0,0,8750693188,8762144676,1394050376,1422624863,9518481376,9522063999,N/A,N/A,250726125,250502633,2333621974,2339980114,10994672084,10966660479",0,0,9423819847,9428534592,181726083,181894951,9336844288,9338142388,257359386,257236070,N/A,N/A,248229731,248301949,10966722298,10994756012",0,0,8764052862,8752968485,705714819,688797265,247002128,246664427,182550876,182592001,2370602145,2417256604,N/A,N/A,9172339491,9190376665",0,0,9428625443,9423784276,895436863,896050031,887221783,886610421,1603923304,1591549055,11283375094,11291437361,2339980113,2333621973,N/A,N/A"
1755379606,N/A,N/A,3675933301,3697160988,688797265,705714819,9521797538,9518265328,1591574628,1603936823,9208565922,9242133996,248301940,248229748,18883111959,18839930547",0,0,N/A,N/A,896050031,895436876,9338081693,9336744312,182592602,182551338,250312180,250683708,10837900086,10767298423,18848101960,18900081020",0,0,3314702983,3383992330,N/A,N/A,886608143,887220784,249556943,249136470,13562832093,13536955847,9242133995,9208567283,9181827713,9191507228",0,0,3697856106,3676695944,1422622963,1394036213,N/A,N/A,257236045,257359378,10859898975,10777874611,13536930720,13562877165,12051798263,12050317656",0,0,8750693188,8762144676,1394050376,1422624863,9518481376,9522063999,N/A,N/A,250726125,250502633,2333621974,2339980114,10994672084,10966660479",0,0,9423819847,9428534592,181726083,181894951,9336844288,9338142388,257359386,257236070,N/A,N/A,248229731,248301949,10966722298,10994756012",0,0,8764052862,8752968485,705714819,688797265,247002128,246664427,182550876,182592001,2370602145,2417256604,N/A,N/A,9172339491,9190376665",0,0,9428625443,9423784276,895436863,896050031,887221783,886610421,1603923304,1591549055,11283375094,11291437361,2339980113,2333621973,N/A,N/A"
1755379608,N/A,N/A,3675933301,3697160988,688797265,705714819,9521797538,9518265328,1591574628,1603936823,9208565922,9242133996,248301940,248229748,18892397185,18849213304",0,0,N/A,N/A,896050031,895436876,9338081693,9336744312,182592602,182551338,250312180,250683708,10837900086,10767298423,18857335193,18909314685",0,0,3314702983,3383992330,N/A,N/A,886608143,887220784,249556943,249136470,13562832093,13536955847,9242133995,9208567283,9181827713,9191507228",0,0,3697856106,3676695944,1422622963,1394036213,N/A,N/A,257236045,257359378,10859898975,10777874611,13536930720,13562877165,12051798263,12050317656",0,0,8750693188,8762144676,1394050376,1422624863,9518481376,9522063999,N/A,N/A,250726125,250502633,2333621974,2339980114,10994672084,10966660479",0,0,9423819847,9428534592,181726083,181894951,9336844288,9338142388,257359386,257236070,N/A,N/A,248229731,248301949,10966722298,10994756012",0,0,8764052862,8752968485,705714819,688797265,247002128,246664427,182550876,182592001,2370602145,2417256604,N/A,N/A,9172339491,9190376665",0,0,9428625443,9423784276,895436863,896050031,887221783,886610421,1603923304,1591549055,11283375094,11291437361,2339980113,2333621973,N/A,N/A"
1755379609,N/A,N/A,3675933301,3697160988,688797265,705714819,9521797538,9518265328,1591574628,1603936823,9208565922,9242133996,248301940,248229748,18902728746,18859546102",0,0,N/A,N/A,896050031,895436876,9338081693,9336744312,182592602,182551338,250312180,250683708,10837900086,10767298423,18867726911,18919697791",0,0,3314702983,3383992330,N/A,N/A,886608143,887220784,249556943,249136470,13562832093,13536955847,9242133995,9208567283,9181827713,9191507228",0,0,3697856106,3676695944,1422622963,1394036213,N/A,N/A,257236045,257359378,10859898975,10777874611,13536930720,13562877165,12051798263,12050317656",0,0,8750693188,8762144676,1394050376,1422624863,9518481376,9522063999,N/A,N/A,250726125,250502633,2333621974,2339980114,10994672084,10966660479",0,0,9423819847,9428534592,181726083,181894951,9336844288,9338142388,257359386,257236070,N/A,N/A,248229731,248301949,10966722298,10994756012",0,0,8764052862,8752968485,705714819,688797265,247002128,246664427,182550876,182592001,2370602145,2417256604,N/A,N/A,9172339491,9190376665",0,0,9428625443,9423784276,895436863,896050031,887221783,886610421,1603923304,1591549055,11283375094,11291437361,2339980113,2333621973,N/A,N/A"
1755379611,N/A,N/A,3675933301,3697160988,688797265,705714819,9521797538,9518265328,1591574628,1603936823,9208565922,9242133996,248301940,248229748,18912443931,18869275221",0,0,N/A,N/A,896050031,895436876,9338081693,9336744312,182592602,182551338,250312180,250683708,10837900086,10767298423,18877390154,18929346091",0,0,3314702983,3383992330,N/A,N/A,886608143,887220784,249556943,249136470,13562832093,13536955847,9242133995,9208567283,9181827713,9191507228",0,0,3697856106,3676695944,1422622963,1394036213,N/A,N/A,257236045,257359378,10859898975,10777874611,13536930720,13562877165,12051798263,12050317656",0,0,8750693188,8762144676,1394050376,1422624863,9518481376,9522063999,N/A,N/A,250726125,250502633,2333621974,2339980114,10994672084,10966660479",0,0,9423819847,9428534592,181726083,181894951,9336844288,9338142388,257359386,257236070,N/A,N/A,248229731,248301949,10966722298,10994756012",0,0,8764052862,8752968485,705714819,688797265,247002128,246664427,182550876,182592001,2370602145,2417256604,N/A,N/A,9172339491,9190376665",0,0,9428625443,9423784276,895436863,896050031,887221783,886610421,1603923304,1591549055,11283375094,11291437361,2339980113,2333621973,N/A,N/A"
1755379612,N/A,N/A,3675933301,3697160988,688797265,705714819,9521797538,9518265328,1591574628,1603936823,9208565922,9242133996,248301940,248229748,18922325828,18879168387",0,0,N/A,N/A,896050031,895436876,9338081693,9336744312,182592602,182551338,250312180,250683708,10837900086,10767298423,18887343471,18939285250",0,0,3314702983,3383992330,N/A,N/A,886608143,887220784,249556943,249136470,13562832093,13536955847,9242133995,9208567283,9181827713,9191507228",0,0,3697856106,3676695944,1422622963,1394036213,N/A,N/A,257236045,257359378,10859898975,10777874611,13536930720,13562877165,12051798263,12050317656",0,0,8750693188,8762144676,1394050376,1422624863,9518481376,9522063999,N/A,N/A,250726125,250502633,2333621974,2339980114,10994672084,10966660479",0,0,9423819847,9428534592,181726083,181894951,9336844288,9338142388,257359386,257236070,N/A,N/A,248229731,248301949,10966722298,10994756012",0,0,8764052862,8752968485,705714819,688797265,247002128,246664427,182550876,182592001,2370602145,2417256604,N/A,N/A,9172339491,9190376665",0,0,9428625443,9423784276,895436863,896050031,887221783,886610421,1603923304,1591549055,11283375094,11291437361,2339980113,2333621973,N/A,N/A"
1755379614,N/A,N/A,3675933301,3697160988,688797265,705714819,9521797538,9518265328,1591574628,1603936823,9208565922,9242133996,248301940,248229748,18932495309,18889348142",0,0,N/A,N/A,896050031,895436876,9338081693,9336744312,182592602,182551338,250312180,250683708,10837900086,10767298423,18897463075,18949397469",0,0,3314702983,3383992330,N/A,N/A,886608143,887220784,249556943,249136470,13562832093,13536955847,9242133995,9208567283,9181827713,9191507228",0,0,3697856106,3676695944,1422622963,1394036213,N/A,N/A,257236045,257359378,10859898975,10777874611,13536930720,13562877165,12051798263,12050317656",0,0,8750693188,8762144676,1394050376,1422624863,9518481376,9522063999,N/A,N/A,250726125,250502633,2333621974,2339980114,10994672084,10966660479",0,0,9423819847,9428534592,181726083,181894951,9336844288,9338142388,257359386,257236070,N/A,N/A,248229731,248301949,10966722298,10994756012",0,0,8764052862,8752968485,705714819,688797265,247002128,246664427,182550876,182592001,2370602145,2417256604,N/A,N/A,9172339491,9190376665",0,0,9428625443,9423784276,895436863,896050031,887221783,886610421,1603923304,1591549055,11283375094,11291437361,2339980113,2333621973,N/A,N/A"
1755379615,N/A,N/A,3675933301,3697160988,688797265,705714819,9521797538,9518265328,1591574628,1603936823,9208565922,9242133996,248301940,248229748,18941967220,18898836652",0,0,N/A,N/A,896050031,895436876,9338081693,9336744312,182592602,182551338,250312180,250683708,10837900086,10767298423,18907004136,18958936202",0,0,3314702983,3383992330,N/A,N/A,886608143,887220784,249556943,249136470,13562832093,13536955847,9242133995,9208567283,9181827713,9191507228",0,0,3697856106,3676695944,1422622963,1394036213,N/A,N/A,257236045,257359378,10859898975,10777874611,13536930720,13562877165,12051798263,12050317656",0,0,8750693188,8762144676,1394050376,1422624863,9518481376,9522063999,N/A,N/A,250726125,250502633,2333621974,2339980114,10994672084,10966660479",0,0,9423819847,9428534592,181726083,181894951,9336844288,9338142388,257359386,257236070,N/A,N/A,248229731,248301949,10966722298,10994756012",0,0,8764052862,8752968485,705714819,688797265,247002128,246664427,182550876,182592001,2370602145,2417256604,N/A,N/A,9172339491,9190376665",0,0,9428625443,9423784276,895436863,896050031,887221783,886610421,1603923304,1591549055,11283375094,11291437361,2339980113,2333621973,N/A,N/A"
1755379616,N/A,N/A,3675933301,3697160988,688797265,705714819,9521797538,9518265328,1591574628,1603936823,9208565922,9242133996,248301940,248229748,18952367409,18909240425",0,0,N/A,N/A,896050031,895436876,9338081693,9336744312,182592602,182551338,250312180,250683708,10837900086,10767298423,18917415486,18969332674",0,0,3314702983,3383992330,N/A,N/A,886608143,887220784,249556943,249136470,13562832093,13536955847,9242133995,9208567283,9181827713,9191507228",0,0,3697856106,3676695944,1422622963,1394036213,N/A,N/A,257236045,257359378,10859898975,10777874611,13536930720,13562877165,12051798263,12050317656",0,0,8750693188,8762144676,1394050376,1422624863,9518481376,9522063999,N/A,N/A,250726125,250502633,2333621974,2339980114,10994672084,10966660479",0,0,9423819847,9428534592,181726083,181894951,9336844288,9338142388,257359386,257236070,N/A,N/A,248229731,248301949,10966722298,10994756012",0,0,8764052862,8752968485,705714819,688797265,247002128,246664427,182550876,182592001,2370602145,2417256604,N/A,N/A,9172339491,9190376665",0,0,9428625443,9423784276,895436863,896050031,887221783,886610421,1603923304,1591549055,11283375094,11291437361,2339980113,2333621973,N/A,N/A"
1755379618,N/A,N/A,3675933301,3697160988,688797265,705714819,9521797538,9518265328,1591574628,1603936823,9208565922,9242133996,248301940,248229748,18961625573,18918504689",0,0,N/A,N/A,896050031,895436876,9338081693,9336744312,182592602,182551338,250312180,250683708,10837900086,10767298423,18926679726,18978583459",0,0,3314702983,3383992330,N/A,N/A,886608143,887220784,249556943,249136470,13562832093,13536955847,9242133995,9208567283,9181827713,9191507228",0,0,3697856106,3676695944,1422622963,1394036213,N/A,N/A,257236045,257359378,10859898975,10777874611,13536930720,13562877165,12051798263,12050317656",0,0,8750693188,8762144676,1394050376,1422624863,9518481376,9522063999,N/A,N/A,250726125,250502633,2333621974,2339980114,10994672084,10966660479",0,0,9423819847,9428534592,181726083,181894951,9336844288,9338142388,257359386,257236070,N/A,N/A,248229731,248301949,10966722298,10994756012",0,0,8764052862,8752968485,705714819,688797265,247002128,246664427,182550876,182592001,2370602145,2417256604,N/A,N/A,9172339491,9190376665",0,0,9428625443,9423784276,895436863,896050031,887221783,886610421,1603923304,1591549055,11283375094,11291437361,2339980113,2333621973,N/A,N/A"
1755379619,N/A,N/A,3675933301,3697160988,688797265,705714819,9521797538,9518265328,1591574628,1603936823,9208565922,9242133996,248301940,248229748,18971973037,18928871133",0,0,N/A,N/A,896050031,895436876,9338081693,9336744312,182592602,182551338,250312180,250683708,10837900086,10767298423,18937036006,18988938381",0,0,3314702983,3383992330,N/A,N/A,886608143,887220784,249556943,249136470,13562832093,13536955847,9242133995,9208567283,9181827713,9191507228",0,0,3697856106,3676695944,1422622963,1394036213,N/A,N/A,257236045,257359378,10859898975,10777874611,13536930720,13562877165,12051798263,12050317656",0,0,8750693188,8762144676,1394050376,1422624863,9518481376,9522063999,N/A,N/A,250726125,250502633,2333621974,2339980114,10994672084,10966660479",0,0,9423819847,9428534592,181726083,181894951,9336844288,9338142388,257359386,257236070,N/A,N/A,248229731,248301949,10966722298,10994756012",0,0,8764052862,8752968485,705714819,688797265,247002128,246664427,182550876,182592001,2370602145,2417256604,N/A,N/A,9172339491,9190376665",0,0,9428625443,9423784276,895436863,896050031,887221783,886610421,1603923304,1591549055,11283375094,11291437361,2339980113,2333621973,N/A,N/A"
1755379621,N/A,N/A,3675933301,3697160988,688797265,705714819,9521797538,9518265328,1591574628,1603936823,9208565922,9242133996,248301940,248229748,18981144358,18938037774",0,0,N/A,N/A,896050031,895436876,9338081693,9336744312,182592602,182551338,250312180,250683708,10837900086,10767298423,18946212905,18998100623",0,0,3314702983,3383992330,N/A,N/A,886608143,887220784,249556943,249136470,13562832093,13536955847,9242133995,9208567283,9181827713,9191507228",0,0,3697856106,3676695944,1422622963,1394036213,N/A,N/A,257236045,257359378,10859898975,10777874611,13536930720,13562877165,12051798263,12050317656",0,0,8750693188,8762144676,1394050376,1422624863,9518481376,9522063999,N/A,N/A,250726125,250502633,2333621974,2339980114,10994672084,10966660479",0,0,9423819847,9428534592,181726083,181894951,9336844288,9338142388,257359386,257236070,N/A,N/A,248229731,248301949,10966722298,10994756012",0,0,8764052862,8752968485,705714819,688797265,247002128,246664427,182550876,182592001,2370602145,2417256604,N/A,N/A,9172339491,9190376665",0,0,9428625443,9423784276,895436863,896050031,887221783,886610421,1603923304,1591549055,11283375094,11291437361,2339980113,2333621973,N/A,N/A"
1755379622,N/A,N/A,3675933301,3697160988,688797265,705714819,9521797538,9518265328,1591574628,1603936823,9208565922,9242133996,248301940,248229748,18991515642,18948436236",0,0,N/A,N/A,896050031,895436876,9338081693,9336744312,182592602,182551338,250312180,250683708,10837900086,10767298423,18956602864,19008484645",0,0,3314702983,3383992330,N/A,N/A,886608143,887220784,249556943,249136470,13562832093,13536955847,9242133995,9208567283,9181827713,9191507228",0,0,3697856106,3676695944,1422622963,1394036213,N/A,N/A,257236045,257359378,10859898975,10777874611,13536930720,13562877165,12051798263,12050317656",0,0,8750693188,8762144676,1394050376,1422624863,9518481376,9522063999,N/A,N/A,250726125,250502633,2333621974,2339980114,10994672084,10966660479",0,0,9423819847,9428534592,181726083,181894951,9336844288,9338142388,257359386,257236070,N/A,N/A,248229731,248301949,10966722298,10994756012",0,0,8764052862,8752968485,705714819,688797265,247002128,246664427,182550876,182592001,2370602145,2417256604,N/A,N/A,9172339491,9190376665",0,0,9428625443,9423784276,895436863,896050031,887221783,886610421,1603923304,1591549055,11283375094,11291437361,2339980113,2333621973,N/A,N/A"
1755379624,N/A,N/A,3675933301,3697160988,688797265,705714819,9521797538,9518265328,1591574628,1603936823,9208565922,9242133996,248301940,248229748,19000815755,18957732132",0,0,N/A,N/A,896050031,895436876,9338081693,9336744312,182592602,182551338,250312180,250683708,10837900086,10767298423,18965907083,19017784783",0,0,3314702983,3383992330,N/A,N/A,886608143,887220784,249556943,249136470,13562832093,13536955847,9242133995,9208567283,9181827713,9191507228",0,0,3697856106,3676695944,1422622963,1394036213,N/A,N/A,257236045,257359378,10859898975,10777874611,13536930720,13562877165,12051798263,12050317656",0,0,8750693188,8762144676,1394050376,1422624863,9518481376,9522063999,N/A,N/A,250726125,250502633,2333621974,2339980114,10994672084,10966660479",0,0,9423819847,9428534592,181726083,181894951,9336844288,9338142388,257359386,257236070,N/A,N/A,248229731,248301949,10966722298,10994756012",0,0,8764052862,8752968485,705714819,688797265,247002128,246664427,182550876,182592001,2370602145,2417256604,N/A,N/A,9172339491,9190376665",0,0,9428625443,9423784276,895436863,896050031,887221783,886610421,1603923304,1591549055,11283375094,11291437361,2339980113,2333621973,N/A,N/A"
1755379625,N/A,N/A,3675933301,3697160988,688797265,705714819,9521797538,9518265328,1591574628,1603936823,9208565922,9242133996,248301940,248229748,19011252238,18968192502",0,0,N/A,N/A,896050031,895436876,9338081693,9336744312,182592602,182551338,250312180,250683708,10837900086,10767298423,18976359127,19028221295",0,0,3314702983,3383992330,N/A,N/A,886608143,887220784,249556943,249136470,13562832093,13536955847,9242133995,9208567283,9181827713,9191507228",0,0,3697856106,3676695944,1422622963,1394036213,N/A,N/A,257236045,257359378,10859898975,10777874611,13536930720,13562877165,12051798263,12050317656",0,0,8750693188,8762144676,1394050376,1422624863,9518481376,9522063999,N/A,N/A,250726125,250502633,2333621974,2339980114,10994672084,10966660479",0,0,9423819847,9428534592,181726083,181894951,9336844288,9338142388,257359386,257236070,N/A,N/A,248229731,248301949,10966722298,10994756012",0,0,8764052862,8752968485,705714819,688797265,247002128,246664427,182550876,182592001,2370602145,2417256604,N/A,N/A,9172339491,9190376665",0,0,9428625443,9423784276,895436863,896050031,887221783,886610421,1603923304,1591549055,11283375094,11291437361,2339980113,2333621973,N/A,N/A"
1755379627,N/A,N/A,3675933301,3697160988,688797265,705714819,9521797538,9518265328,1591574628,1603936823,9208565922,9242133996,248301940,248229748,19020380913,18977327399",0,0,N/A,N/A,896050031,895436876,9338081693,9336744312,182592602,182551338,250312180,250683708,10837900086,10767298423,18985494037,19037350012",0,0,3314702983,3383992330,N/A,N/A,886608143,887220784,249556943,249136470,13562832093,13536955847,9242133995,9208567283,9181827713,9191507228",0,0,3697856106,3676695944,1422622963,1394036213,N/A,N/A,257236045,257359378,10859898975,10777874611,13536930720,13562877165,12051798263,12050317656",0,0,8750693188,8762144676,1394050376,1422624863,9518481376,9522063999,N/A,N/A,250726125,250502633,2333621974,2339980114,10994672084,10966660479",0,0,9423819847,9428534592,181726083,181894951,9336844288,9338142388,257359386,257236070,N/A,N/A,248229731,248301949,10966722298,10994756012",0,0,8764052862,8752968485,705714819,688797265,247002128,246664427,182550876,182592001,2370602145,2417256604,N/A,N/A,9172339491,9190376665",0,0,9428625443,9423784276,895436863,896050031,887221783,886610421,1603923304,1591549055,11283375094,11291437361,2339980113,2333621973,N/A,N/A"
1755379628,N/A,N/A,3675933301,3697160988,688797265,705714819,9521797538,9518265328,1591574628,1603936823,9208565922,9242133996,248301940,248229748,19030781375,18987742075",0,0,N/A,N/A,896050031,895436876,9338081693,9336744312,182592602,182551338,250312180,250683708,10837900086,10767298423,18995917106,19047741042",0,0,3314702983,3383992330,N/A,N/A,886608143,887220784,249556943,249136470,13562832093,13536955847,9242133995,9208567283,9181827713,9191507228",0,0,3697856106,3676695944,1422622963,1394036213,N/A,N/A,257236045,257359378,10859898975,10777874611,13536930720,13562877165,12051798263,12050317656",0,0,8750693188,8762144676,1394050376,1422624863,9518481376,9522063999,N/A,N/A,250726125,250502633,2333621974,2339980114,10994672084,10966660479",0,0,9423819847,9428534592,181726083,181894951,9336844288,9338142388,257359386,257236070,N/A,N/A,248229731,248301949,10966722298,10994756012",0,0,8764052862,8752968485,705714819,688797265,247002128,246664427,182550876,182592001,2370602145,2417256604,N/A,N/A,9172339491,9190376665",0,0,9428625443,9423784276,895436863,896050031,887221783,886610421,1603923304,1591549055,11283375094,11291437361,2339980113,2333621973,N/A,N/A"
1755379630,N/A,N/A,3675933301,3697160988,688797265,705714819,9521797538,9518265328,1591574628,1603936823,9208565922,9242133996,248301940,248229748,19040068341,18997039541",0,0,N/A,N/A,896050031,895436876,9338081693,9336744312,182592602,182551338,250312180,250683708,10837900086,10767298423,19005214297,19057037373",0,0,3314702983,3383992330,N/A,N/A,886608143,887220784,249556943,249136470,13562832093,13536955847,9242133995,9208567283,9181827713,9191507228",0,0,3697856106,3676695944,1422622963,1394036213,N/A,N/A,257236045,257359378,10859898975,10777874611,13536930720,13562877165,12051798263,12050317656",0,0,8750693188,8762144676,1394050376,1422624863,9518481376,9522063999,N/A,N/A,250726125,250502633,2333621974,2339980114,10994672084,10966660479",0,0,9423819847,9428534592,181726083,181894951,9336844288,9338142388,257359386,257236070,N/A,N/A,248229731,248301949,10966722298,10994756012",0,0,8764052862,8752968485,705714819,688797265,247002128,246664427,182550876,182592001,2370602145,2417256604,N/A,N/A,9172339491,9190376665",0,0,9428625443,9423784276,895436863,896050031,887221783,886610421,1603923304,1591549055,11283375094,11291437361,2339980113,2333621973,N/A,N/A"
1755379631,N/A,N/A,3675933301,3697160988,688797265,705714819,9521797538,9518265328,1591574628,1603936823,9208565922,9242133996,248301940,248229748,19050586556,19007566095",0,0,N/A,N/A,896050031,895436876,9338081693,9336744312,182592602,182551338,250312180,250683708,10837900086,10767298423,19015741145,19067555591",0,0,3314702983,3383992330,N/A,N/A,886608143,887220784,249556943,249136470,13562832093,13536955847,9242133995,9208567283,9181827713,9191507228",0,0,3697856106,3676695944,1422622963,1394036213,N/A,N/A,257236045,257359378,10859898975,10777874611,13536930720,13562877165,12051798263,12050317656",0,0,8750693188,8762144676,1394050376,1422624863,9518481376,9522063999,N/A,N/A,250726125,250502633,2333621974,2339980114,10994672084,10966660479",0,0,9423819847,9428534592,181726083,181894951,9336844288,9338142388,257359386,257236070,N/A,N/A,248229731,248301949,10966722298,10994756012",0,0,8764052862,8752968485,705714819,688797265,247002128,246664427,182550876,182592001,2370602145,2417256604,N/A,N/A,9172339491,9190376665",0,0,9428625443,9423784276,895436863,896050031,887221783,886610421,1603923304,1591549055,11283375094,11291437361,2339980113,2333621973,N/A,N/A"
1755379633,N/A,N/A,3675933301,3697160988,688797265,705714819,9521797538,9518265328,1591574628,1603936823,9208565922,9242133996,248301940,248229748,19059561055,19016550308",0,0,N/A,N/A,896050031,895436876,9338081693,9336744312,182592602,182551338,250312180,250683708,10837900086,10767298423,19024728572,19076530116",0,0,3314702983,3383992330,N/A,N/A,886608143,887220784,249556943,249136470,13562832093,13536955847,9242133995,9208567283,9181827713,9191507228",0,0,3697856106,3676695944,1422622963,1394036213,N/A,N/A,257236045,257359378,10859898975,10777874611,13536930720,13562877165,12051798263,12050317656",0,0,8750693188,8762144676,1394050376,1422624863,9518481376,9522063999,N/A,N/A,250726125,250502633,2333621974,2339980114,10994672084,10966660479",0,0,9423819847,9428534592,181726083,181894951,9336844288,9338142388,257359386,257236070,N/A,N/A,248229731,248301949,10966722298,10994756012",0,0,8764052862,8752968485,705714819,688797265,247002128,246664427,182550876,182592001,2370602145,2417256604,N/A,N/A,9172339491,9190376665",0,0,9428625443,9423784276,895436863,896050031,887221783,886610421,1603923304,1591549055,11283375094,11291437361,2339980113,2333621973,N/A,N/A"
1755379634,N/A,N/A,3675933301,3697160988,688797265,705714819,9521797538,9518265328,1591574628,1603936823,9208565922,9242133996,248301940,248229748,19070037848,19027047049",0,0,N/A,N/A,896050031,895436876,9338081693,9336744312,182592602,182551338,250312180,250683708,10837900086,10767298423,19035222212,19087006885",0,0,3314702983,3383992330,N/A,N/A,886608143,887220784,249556943,249136470,13562832093,13536955847,9242133995,9208567283,9181827713,9191507228",0,0,3697856106,3676695944,1422622963,1394036213,N/A,N/A,257236045,257359378,10859898975,10777874611,13536930720,13562877165,12051798263,12050317656",0,0,8750693188,8762144676,1394050376,1422624863,9518481376,9522063999,N/A,N/A,250726125,250502633,2333621974,2339980114,10994672084,10966660479",0,0,9423819847,9428534592,181726083,181894951,9336844288,9338142388,257359386,257236070,N/A,N/A,248229731,248301949,10966722298,10994756012",0,0,8764052862,8752968485,705714819,688797265,247002128,246664427,182550876,182592001,2370602145,2417256604,N/A,N/A,9172339491,9190376665",0,0,9428625443,9423784276,895436863,896050031,887221783,886610421,1603923304,1591549055,11283375094,11291437361,2339980113,2333621973,N/A,N/A"
1755379636,N/A,N/A,3675933301,3697160988,688797265,705714819,9521797538,9518265328,1591574628,1603936823,9208565922,9242133996,248301940,248229748,19079532591,19036562289",0,0,N/A,N/A,896050031,895436876,9338081693,9336744312,182592602,182551338,250312180,250683708,10837900086,10767298423,19044677222,19096434751",0,0,3314702983,3383992330,N/A,N/A,886608143,887220784,249556943,249136470,13562832093,13536955847,9242133995,9208567283,9181827713,9191507228",0,0,3697856106,3676695944,1422622963,1394036213,N/A,N/A,257236045,257359378,10859898975,10777874611,13536930720,13562877165,12051798263,12050317656",0,0,8750693188,8762144676,1394050376,1422624863,9518481376,9522063999,N/A,N/A,250726125,250502633,2333621974,2339980114,10994672084,10966660479",0,0,9423819847,9428534592,181726083,181894951,9336844288,9338142388,257359386,257236070,N/A,N/A,248229731,248301949,10966722298,10994756012",0,0,8764052862,8752968485,705714819,688797265,247002128,246664427,182550876,182592001,2370602145,2417256604,N/A,N/A,9172339491,9190376665",0,0,9428625443,9423784276,895436863,896050031,887221783,886610421,1603923304,1591549055,11283375094,11291437361,2339980113,2333621973,N/A,N/A"
1755379637,N/A,N/A,3675933301,3697160988,688797265,705714819,9521797538,9518265328,1591574628,1603936823,9208565922,9242133996,248301940,248229748,19089583905,19046630187",0,0,N/A,N/A,896050031,895436876,9338081693,9336744312,182592602,182551338,250312180,250683708,10837900086,10767298423,19054796797,19106547574",0,0,3314702983,3383992330,N/A,N/A,886608143,887220784,249556943,249136470,13562832093,13536955847,9242133995,9208567283,9181827713,9191507228",0,0,3697856106,3676695944,1422622963,1394036213,N/A,N/A,257236045,257359378,10859898975,10777874611,13536930720,13562877165,12051798263,12050317656",0,0,8750693188,8762144676,1394050376,1422624863,9518481376,9522063999,N/A,N/A,250726125,250502633,2333621974,2339980114,10994672084,10966660479",0,0,9423819847,9428534592,181726083,181894951,9336844288,9338142388,257359386,257236070,N/A,N/A,248229731,248301949,10966722298,10994756012",0,0,8764052862,8752968485,705714819,688797265,247002128,246664427,182550876,182592001,2370602145,2417256604,N/A,N/A,9172339491,9190376665",0,0,9428625443,9423784276,895436863,896050031,887221783,886610421,1603923304,1591549055,11283375094,11291437361,2339980113,2333621973,N/A,N/A"
1755379638,N/A,N/A,3675933301,3697160988,688797265,705714819,9521797538,9518265328,1591574628,1603936823,9208565922,9242133996,248301940,248229748,19099583600,19056638964",0,0,N/A,N/A,896050031,895436876,9338081693,9336744312,182592602,182551338,250312180,250683708,10837900086,10767298423,19064753897,19116485760",0,0,3314702983,3383992330,N/A,N/A,886608143,887220784,249556943,249136470,13562832093,13536955847,9242133995,9208567283,9181827713,9191507228",0,0,3697856106,3676695944,1422622963,1394036213,N/A,N/A,257236045,257359378,10859898975,10777874611,13536930720,13562877165,12051798263,12050317656",0,0,8750693188,8762144676,1394050376,1422624863,9518481376,9522063999,N/A,N/A,250726125,250502633,2333621974,2339980114,10994672084,10966660479",0,0,9423819847,9428534592,181726083,181894951,9336844288,9338142388,257359386,257236070,N/A,N/A,248229731,248301949,10966722298,10994756012",0,0,8764052862,8752968485,705714819,688797265,247002128,246664427,182550876,182592001,2370602145,2417256604,N/A,N/A,9172339491,9190376665",0,0,9428625443,9423784276,895436863,896050031,887221783,886610421,1603923304,1591549055,11283375094,11291437361,2339980113,2333621973,N/A,N/A"
1755379640,N/A,N/A,3675933301,3697160988,688797265,705714819,9521797538,9518265328,1591574628,1603936823,9208565922,9242133996,248301940,248229748,19109097504,19066157335",0,0,N/A,N/A,896050031,895436876,9338081693,9336744312,182592602,182551338,250312180,250683708,10837900086,10767298423,19074326067,19126066518",0,0,3314702983,3383992330,N/A,N/A,886608143,887220784,249556943,249136470,13562832093,13536955847,9242133995,9208567283,9181827713,9191507228",0,0,3697856106,3676695944,1422622963,1394036213,N/A,N/A,257236045,257359378,10859898975,10777874611,13536930720,13562877165,12051798263,12050317656",0,0,8750693188,8762144676,1394050376,1422624863,9518481376,9522063999,N/A,N/A,250726125,250502633,2333621974,2339980114,10994672084,10966660479",0,0,9423819847,9428534592,181726083,181894951,9336844288,9338142388,257359386,257236070,N/A,N/A,248229731,248301949,10966722298,10994756012",0,0,8764052862,8752968485,705714819,688797265,247002128,246664427,182550876,182592001,2370602145,2417256604,N/A,N/A,9172339491,9190376665",0,0,9428625443,9423784276,895436863,896050031,887221783,886610421,1603923304,1591549055,11283375094,11291437361,2339980113,2333621973,N/A,N/A"
1755379641,N/A,N/A,3675933301,3697160988,688797265,705714819,9521797538,9518265328,1591574628,1603936823,9208565922,9242133996,248301940,248229748,19119521162,19076591260",0,0,N/A,N/A,896050031,895436876,9338081693,9336744312,182592602,182551338,250312180,250683708,10837900086,10767298423,19084766344,19136480240",0,0,3314702983,3383992330,N/A,N/A,886608143,887220784,249556943,249136470,13562832093,13536955847,9242133995,9208567283,9181827713,9191507228",0,0,3697856106,3676695944,1422622963,1394036213,N/A,N/A,257236045,257359378,10859898975,10777874611,13536930720,13562877165,12051798263,12050317656",0,0,8750693188,8762144676,1394050376,1422624863,9518481376,9522063999,N/A,N/A,250726125,250502633,2333621974,2339980114,10994672084,10966660479",0,0,9423819847,9428534592,181726083,181894951,9336844288,9338142388,257359386,257236070,N/A,N/A,248229731,248301949,10966722298,10994756012",0,0,8764052862,8752968485,705714819,688797265,247002128,246664427,182550876,182592001,2370602145,2417256604,N/A,N/A,9172339491,9190376665",0,0,9428625443,9423784276,895436863,896050031,887221783,886610421,1603923304,1591549055,11283375094,11291437361,2339980113,2333621973,N/A,N/A"
1755379643,N/A,N/A,3675933301,3697160988,688797265,705714819,9521797538,9518265328,1591574628,1603936823,9208565922,9242133996,248301940,248229748,19128646876,19085727423",0,0,N/A,N/A,896050031,895436876,9338081693,9336744312,182592602,182551338,250312180,250683708,10837900086,10767298423,19093902470,19145607409",0,0,3314702983,3383992330,N/A,N/A,886608143,887220784,249556943,249136470,13562832093,13536955847,9242133995,9208567283,9181827713,9191507228",0,0,3697856106,3676695944,1422622963,1394036213,N/A,N/A,257236045,257359378,10859898975,10777874611,13536930720,13562877165,12051798263,12050317656",0,0,8750693188,8762144676,1394050376,1422624863,9518481376,9522063999,N/A,N/A,250726125,250502633,2333621974,2339980114,10994672084,10966660479",0,0,9423819847,9428534592,181726083,181894951,9336844288,9338142388,257359386,257236070,N/A,N/A,248229731,248301949,10966722298,10994756012",0,0,8764052862,8752968485,705714819,688797265,247002128,246664427,182550876,182592001,2370602145,2417256604,N/A,N/A,9172339491,9190376665",0,0,9428625443,9423784276,895436863,896050031,887221783,886610421,1603923304,1591549055,11283375094,11291437361,2339980113,2333621973,N/A,N/A"
1755379644,N/A,N/A,3675933301,3697160988,688797265,705714819,9521797538,9518265328,1591574628,1603936823,9208565922,9242133996,248301940,248229748,19139065854,19096168586",0,0,N/A,N/A,896050031,895436876,9338081693,9336744312,182592602,182551338,250312180,250683708,10837900086,10767298423,19104335122,19156028514",0,0,3314702983,3383992330,N/A,N/A,886608143,887220784,249556943,249136470,13562832093,13536955847,9242133995,9208567283,9181827713,9191507228",0,0,3697856106,3676695944,1422622963,1394036213,N/A,N/A,257236045,257359378,10859898975,10777874611,13536930720,13562877165,12051798263,12050317656",0,0,8750693188,8762144676,1394050376,1422624863,9518481376,9522063999,N/A,N/A,250726125,250502633,2333621974,2339980114,10994672084,10966660479",0,0,9423819847,9428534592,181726083,181894951,9336844288,9338142388,257359386,257236070,N/A,N/A,248229731,248301949,10966722298,10994756012",0,0,8764052862,8752968485,705714819,688797265,247002128,246664427,182550876,182592001,2370602145,2417256604,N/A,N/A,9172339491,9190376665",0,0,9428625443,9423784276,895436863,896050031,887221783,886610421,1603923304,1591549055,11283375094,11291437361,2339980113,2333621973,N/A,N/A"
1755379646,N/A,N/A,3675933301,3697160988,688797265,705714819,9521797538,9518265328,1591574628,1603936823,9208565922,9242133996,248301940,248229748,19148039495,19105147704",0,0,N/A,N/A,896050031,895436876,9338081693,9336744312,182592602,182551338,250312180,250683708,10837900086,10767298423,19113314246,19165007031",0,0,3314702983,3383992330,N/A,N/A,886608143,887220784,249556943,249136470,13562832093,13536955847,9242133995,9208567283,9181827713,9191507228",0,0,3697856106,3676695944,1422622963,1394036213,N/A,N/A,257236045,257359378,10859898975,10777874611,13536930720,13562877165,12051798263,12050317656",0,0,8750693188,8762144676,1394050376,1422624863,9518481376,9522063999,N/A,N/A,250726125,250502633,2333621974,2339980114,10994672084,10966660479",0,0,9423819847,9428534592,181726083,181894951,9336844288,9338142388,257359386,257236070,N/A,N/A,248229731,248301949,10966722298,10994756012",0,0,8764052862,8752968485,705714819,688797265,247002128,246664427,182550876,182592001,2370602145,2417256604,N/A,N/A,9172339491,9190376665",0,0,9428625443,9423784276,895436863,896050031,887221783,886610421,1603923304,1591549055,11283375094,11291437361,2339980113,2333621973,N/A,N/A"
1755379647,N/A,N/A,3675933301,3697160988,688797265,705714819,9521797538,9518265328,1591574628,1603936823,9208565922,9242133996,248301940,248229748,19158506073,19115616929",0,0,N/A,N/A,896050031,895436876,9338081693,9336744312,182592602,182551338,250312180,250683708,10837900086,10767298423,19123792006,19175475138",0,0,3314702983,3383992330,N/A,N/A,886608143,887220784,249556943,249136470,13562832093,13536955847,9242133995,9208567283,9181827713,9191507228",0,0,3697856106,3676695944,1422622963,1394036213,N/A,N/A,257236045,257359378,10859898975,10777874611,13536930720,13562877165,12051798263,12050317656",0,0,8750693188,8762144676,1394050376,1422624863,9518481376,9522063999,N/A,N/A,250726125,250502633,2333621974,2339980114,10994672084,10966660479",0,0,9423819847,9428534592,181726083,181894951,9336844288,9338142388,257359386,257236070,N/A,N/A,248229731,248301949,10966722298,10994756012",0,0,8764052862,8752968485,705714819,688797265,247002128,246664427,182550876,182592001,2370602145,2417256604,N/A,N/A,9172339491,9190376665",0,0,9428625443,9423784276,895436863,896050031,887221783,886610421,1603923304,1591549055,11283375094,11291437361,2339980113,2333621973,N/A,N/A"
1755379649,N/A,N/A,3675933301,3697160988,688797265,705714819,9521797538,9518265328,1591574628,1603936823,9208565922,9242133996,248301940,248229748,19167613392,19124725924",0,0,N/A,N/A,896050031,895436876,9338081693,9336744312,182592602,182551338,250312180,250683708,10837900086,10767298423,19132901014,19184578334",0,0,3314702983,3383992330,N/A,N/A,886608143,887220784,249556943,249136470,13562832093,13536955847,9242133995,9208567283,9181827713,9191507228",0,0,3697856106,3676695944,1422622963,1394036213,N/A,N/A,257236045,257359378,10859898975,10777874611,13536930720,13562877165,12051798263,12050317656",0,0,8750693188,8762144676,1394050376,1422624863,9518481376,9522063999,N/A,N/A,250726125,250502633,2333621974,2339980114,10994672084,10966660479",0,0,9423819847,9428534592,181726083,181894951,9336844288,9338142388,257359386,257236070,N/A,N/A,248229731,248301949,10966722298,10994756012",0,0,8764052862,8752968485,705714819,688797265,247002128,246664427,182550876,182592001,2370602145,2417256604,N/A,N/A,9172339491,9190376665",0,0,9428625443,9423784276,895436863,896050031,887221783,886610421,1603923304,1591549055,11283375094,11291437361,2339980113,2333621973,N/A,N/A"
1755379650,N/A,N/A,3675933301,3697160988,688797265,705714819,9521797538,9518265328,1591574628,1603936823,9208565922,9242133996,248301940,248229748,19178027153,19135164512",0,0,N/A,N/A,896050031,895436876,9338081693,9336744312,182592602,182551338,250312180,250683708,10837900086,10767298423,19143331137,19194996251",0,0,3314702983,3383992330,N/A,N/A,886608143,887220784,249556943,249136470,13562832093,13536955847,9242133995,9208567283,9181827713,9191507228",0,0,3697856106,3676695944,1422622963,1394036213,N/A,N/A,257236045,257359378,10859898975,10777874611,13536930720,13562877165,12051798263,12050317656",0,0,8750693188,8762144676,1394050376,1422624863,9518481376,9522063999,N/A,N/A,250726125,250502633,2333621974,2339980114,10994672084,10966660479",0,0,9423819847,9428534592,181726083,181894951,9336844288,9338142388,257359386,257236070,N/A,N/A,248229731,248301949,10966722298,10994756012",0,0,8764052862,8752968485,705714819,688797265,247002128,246664427,182550876,182592001,2370602145,2417256604,N/A,N/A,9172339491,9190376665",0,0,9428625443,9423784276,895436863,896050031,887221783,886610421,1603923304,1591549055,11283375094,11291437361,2339980113,2333621973,N/A,N/A"
1755379652,N/A,N/A,3675933301,3697160988,688797265,705714819,9521797538,9518265328,1591574628,1603936823,9208565922,9242133996,248301940,248229748,19187090963,19144235620",0,0,N/A,N/A,896050031,895436876,9338081693,9336744312,182592602,182551338,250312180,250683708,10837900086,10767298423,19152402219,19204059992",0,0,3314702983,3383992330,N/A,N/A,886608143,887220784,249556943,249136470,13562832093,13536955847,9242133995,9208567283,9181827713,9191507228",0,0,3697856106,3676695944,1422622963,1394036213,N/A,N/A,257236045,257359378,10859898975,10777874611,13536930720,13562877165,12051798263,12050317656",0,0,8750693188,8762144676,1394050376,1422624863,9518481376,9522063999,N/A,N/A,250726125,250502633,2333621974,2339980114,10994672084,10966660479",0,0,9423819847,9428534592,181726083,181894951,9336844288,9338142388,257359386,257236070,N/A,N/A,248229731,248301949,10966722298,10994756012",0,0,8764052862,8752968485,705714819,688797265,247002128,246664427,182550876,182592001,2370602145,2417256604,N/A,N/A,9172339491,9190376665",0,0,9428625443,9423784276,895436863,896050031,887221783,886610421,1603923304,1591549055,11283375094,11291437361,2339980113,2333621973,N/A,N/A"
1755379653,N/A,N/A,3675933301,3697160988,688797265,705714819,9521797538,9518265328,1591574628,1603936823,9208565922,9242133996,248301940,248229748,19197520958,19154688017",0,0,N/A,N/A,896050031,895436876,9338081693,9336744312,182592602,182551338,250312180,250683708,10837900086,10767298423,19162866053,19214490059",0,0,3314702983,3383992330,N/A,N/A,886608143,887220784,249556943,249136470,13562832093,13536955847,9242133995,9208567283,9181827713,9191507228",0,0,3697856106,3676695944,1422622963,1394036213,N/A,N/A,257236045,257359378,10859898975,10777874611,13536930720,13562877165,12051798263,12050317656",0,0,8750693188,8762144676,1394050376,1422624863,9518481376,9522063999,N/A,N/A,250726125,250502633,2333621974,2339980114,10994672084,10966660479",0,0,9423819847,9428534592,181726083,181894951,9336844288,9338142388,257359386,257236070,N/A,N/A,248229731,248301949,10966722298,10994756012",0,0,8764052862,8752968485,705714819,688797265,247002128,246664427,182550876,182592001,2370602145,2417256604,N/A,N/A,9172339491,9190376665",0,0,9428625443,9423784276,895436863,896050031,887221783,886610421,1603923304,1591549055,11283375094,11291437361,2339980113,2333621973,N/A,N/A"
1755379655,N/A,N/A,3675933301,3697160988,688797265,705714819,9521797538,9518265328,1591574628,1603936823,9208565922,9242133996,248301940,248229748,19206605704,19163774252",0,0,N/A,N/A,896050031,895436876,9338081693,9336744312,182592602,182551338,250312180,250683708,10837900086,10767298423,19171940929,19223574788",0,0,3314702983,3383992330,N/A,N/A,886608143,887220784,249556943,249136470,13562832093,13536955847,9242133995,9208567283,9181827713,9191507228",0,0,3697856106,3676695944,1422622963,1394036213,N/A,N/A,257236045,257359378,10859898975,10777874611,13536930720,13562877165,12051798263,12050317656",0,0,8750693188,8762144676,1394050376,1422624863,9518481376,9522063999,N/A,N/A,250726125,250502633,2333621974,2339980114,10994672084,10966660479",0,0,9423819847,9428534592,181726083,181894951,9336844288,9338142388,257359386,257236070,N/A,N/A,248229731,248301949,10966722298,10994756012",0,0,8764052862,8752968485,705714819,688797265,247002128,246664427,182550876,182592001,2370602145,2417256604,N/A,N/A,9172339491,9190376665",0,0,9428625443,9423784276,895436863,896050031,887221783,886610421,1603923304,1591549055,11283375094,11291437361,2339980113,2333621973,N/A,N/A"
1755379656,N/A,N/A,3675933301,3697160988,688797265,705714819,9521797538,9518265328,1591574628,1603936823,9208565922,9242133996,248301940,248229748,19217051315,19174230754",0,0,N/A,N/A,896050031,895436876,9338081693,9336744312,182592602,182551338,250312180,250683708,10837900086,10767298423,19182405858,19234020383",0,0,3314702983,3383992330,N/A,N/A,886608143,887220784,249556943,249136470,13562832093,13536955847,9242133995,9208567283,9181827713,9191507228",0,0,3697856106,3676695944,1422622963,1394036213,N/A,N/A,257236045,257359378,10859898975,10777874611,13536930720,13562877165,12051798263,12050317656",0,0,8750693188,8762144676,1394050376,1422624863,9518481376,9522063999,N/A,N/A,250726125,250502633,2333621974,2339980114,10994672084,10966660479",0,0,9423819847,9428534592,181726083,181894951,9336844288,9338142388,257359386,257236070,N/A,N/A,248229731,248301949,10966722298,10994756012",0,0,8764052862,8752968485,705714819,688797265,247002128,246664427,182550876,182592001,2370602145,2417256604,N/A,N/A,9172339491,9190376665",0,0,9428625443,9423784276,895436863,896050031,887221783,886610421,1603923304,1591549055,11283375094,11291437361,2339980113,2333621973,N/A,N/A"
1755379658,N/A,N/A,3675933301,3697160988,688797265,705714819,9521797538,9518265328,1591574628,1603936823,9208565922,9242133996,248301940,248229748,19226567102,19183761482",0,0,N/A,N/A,896050031,895436876,9338081693,9336744312,182592602,182551338,250312180,250683708,10837900086,10767298423,19191876416,19243469262",0,0,3314702983,3383992330,N/A,N/A,886608143,887220784,249556943,249136470,13562832093,13536955847,9242133995,9208567283,9181827713,9191507228",0,0,3697856106,3676695944,1422622963,1394036213,N/A,N/A,257236045,257359378,10859898975,10777874611,13536930720,13562877165,12051798263,12050317656",0,0,8750693188,8762144676,1394050376,1422624863,9518481376,9522063999,N/A,N/A,250726125,250502633,2333621974,2339980114,10994672084,10966660479",0,0,9423819847,9428534592,181726083,181894951,9336844288,9338142388,257359386,257236070,N/A,N/A,248229731,248301949,10966722298,10994756012",0,0,8764052862,8752968485,705714819,688797265,247002128,246664427,182550876,182592001,2370602145,2417256604,N/A,N/A,9172339491,9190376665",0,0,9428625443,9423784276,895436863,896050031,887221783,886610421,1603923304,1591549055,11283375094,11291437361,2339980113,2333621973,N/A,N/A"
1755379659,N/A,N/A,3675933301,3697160988,688797265,705714819,9521797538,9518265328,1591574628,1603936823,9208565922,9242133996,248301940,248229748,19236685093,19193897798",0,0,N/A,N/A,896050031,895436876,9338081693,9336744312,182592602,182551338,250312180,250683708,10837900086,10767298423,19202064411,19253654180",0,0,3314702983,3383992330,N/A,N/A,886608143,887220784,249556943,249136470,13562832093,13536955847,9242133995,9208567283,9181827713,9191507228",0,0,3697856106,3676695944,1422622963,1394036213,N/A,N/A,257236045,257359378,10859898975,10777874611,13536930720,13562877165,12051798263,12050317656",0,0,8750693188,8762144676,1394050376,1422624863,9518481376,9522063999,N/A,N/A,250726125,250502633,2333621974,2339980114,10994672084,10966660479",0,0,9423819847,9428534592,181726083,181894951,9336844288,9338142388,257359386,257236070,N/A,N/A,248229731,248301949,10966722298,10994756012",0,0,8764052862,8752968485,705714819,688797265,247002128,246664427,182550876,182592001,2370602145,2417256604,N/A,N/A,9172339491,9190376665",0,0,9428625443,9423784276,895436863,896050031,887221783,886610421,1603923304,1591549055,11283375094,11291437361,2339980113,2333621973,N/A,N/A"
1755379660,N/A,N/A,3675933301,3697160988,688797265,705714819,9521797538,9518265328,1591574628,1603936823,9208565922,9242133996,248301940,248229748,19246620481,19203846874",0,0,N/A,N/A,896050031,895436876,9338081693,9336744312,182592602,182551338,250312180,250683708,10837900086,10767298423,19211961808,19263522640",0,0,3314702983,3383992330,N/A,N/A,886608143,887220784,249556943,249136470,13562832093,13536955847,9242133995,9208567283,9181827713,9191507228",0,0,3697856106,3676695944,1422622963,1394036213,N/A,N/A,257236045,257359378,10859898975,10777874611,13536930720,13562877165,12051798263,12050317656",0,0,8750693188,8762144676,1394050376,1422624863,9518481376,9522063999,N/A,N/A,250726125,250502633,2333621974,2339980114,10994672084,10966660479",0,0,9423819847,9428534592,181726083,181894951,9336844288,9338142388,257359386,257236070,N/A,N/A,248229731,248301949,10966722298,10994756012",0,0,8764052862,8752968485,705714819,688797265,247002128,246664427,182550876,182592001,2370602145,2417256604,N/A,N/A,9172339491,9190376665",0,0,9428625443,9423784276,895436863,896050031,887221783,886610421,1603923304,1591549055,11283375094,11291437361,2339980113,2333621973,N/A,N/A"
1755379662,N/A,N/A,3675933301,3697160988,688797265,705714819,9521797538,9518265328,1591574628,1603936823,9208565922,9242133996,248301940,248229748,19256246324,19213477151",0,0,N/A,N/A,896050031,895436876,9338081693,9336744312,182592602,182551338,250312180,250683708,10837900086,10767298423,19221649954,19273215396",0,0,3314702983,3383992330,N/A,N/A,886608143,887220784,249556943,249136470,13562832093,13536955847,9242133995,9208567283,9181827713,9191507228",0,0,3697856106,3676695944,1422622963,1394036213,N/A,N/A,257236045,257359378,10859898975,10777874611,13536930720,13562877165,12051798263,12050317656",0,0,8750693188,8762144676,1394050376,1422624863,9518481376,9522063999,N/A,N/A,250726125,250502633,2333621974,2339980114,10994672084,10966660479",0,0,9423819847,9428534592,181726083,181894951,9336844288,9338142388,257359386,257236070,N/A,N/A,248229731,248301949,10966722298,10994756012",0,0,8764052862,8752968485,705714819,688797265,247002128,246664427,182550876,182592001,2370602145,2417256604,N/A,N/A,9172339491,9190376665",0,0,9428625443,9423784276,895436863,896050031,887221783,886610421,1603923304,1591549055,11283375094,11291437361,2339980113,2333621973,N/A,N/A"
1755379663,N/A,N/A,3675933301,3697160988,688797265,705714819,9521797538,9518265328,1591574628,1603936823,9208565922,9242133996,248301940,248229748,19266668578,19223908067",0,0,N/A,N/A,896050031,895436876,9338081693,9336744312,182592602,182551338,250312180,250683708,10837900086,10767298423,19232023000,19283570738",0,0,3314702983,3383992330,N/A,N/A,886608143,887220784,249556943,249136470,13562832093,13536955847,9242133995,9208567283,9181827713,9191507228",0,0,3697856106,3676695944,1422622963,1394036213,N/A,N/A,257236045,257359378,10859898975,10777874611,13536930720,13562877165,12051798263,12050317656",0,0,8750693188,8762144676,1394050376,1422624863,9518481376,9522063999,N/A,N/A,250726125,250502633,2333621974,2339980114,10994672084,10966660479",0,0,9423819847,9428534592,181726083,181894951,9336844288,9338142388,257359386,257236070,N/A,N/A,248229731,248301949,10966722298,10994756012",0,0,8764052862,8752968485,705714819,688797265,247002128,246664427,182550876,182592001,2370602145,2417256604,N/A,N/A,9172339491,9190376665",0,0,9428625443,9423784276,895436863,896050031,887221783,886610421,1603923304,1591549055,11283375094,11291437361,2339980113,2333621973,N/A,N/A"
1755379665,N/A,N/A,3675933301,3697160988,688797265,705714819,9521797538,9518265328,1591574628,1603936823,9208565922,9242133996,248301940,248229748,19275918058,19233172098",0,0,N/A,N/A,896050031,895436876,9338081693,9336744312,182592602,182551338,250312180,250683708,10837900086,10767298423,19241338664,19292886158",0,0,3314702983,3383992330,N/A,N/A,886608143,887220784,249556943,249136470,13562832093,13536955847,9242133995,9208567283,9181827713,9191507228",0,0,3697856106,3676695944,1422622963,1394036213,N/A,N/A,257236045,257359378,10859898975,10777874611,13536930720,13562877165,12051798263,12050317656",0,0,8750693188,8762144676,1394050376,1422624863,9518481376,9522063999,N/A,N/A,250726125,250502633,2333621974,2339980114,10994672084,10966660479",0,0,9423819847,9428534592,181726083,181894951,9336844288,9338142388,257359386,257236070,N/A,N/A,248229731,248301949,10966722298,10994756012",0,0,8764052862,8752968485,705714819,688797265,247002128,246664427,182550876,182592001,2370602145,2417256604,N/A,N/A,9172339491,9190376665",0,0,9428625443,9423784276,895436863,896050031,887221783,886610421,1603923304,1591549055,11283375094,11291437361,2339980113,2333621973,N/A,N/A"
1755379666,N/A,N/A,3675933301,3697160988,688797265,705714819,9521797538,9518265328,1591574628,1603936823,9208565922,9242133996,248301940,248229748,19286275192,19243542235",0,0,N/A,N/A,896050031,895436876,9338081693,9336744312,182592602,182551338,250312180,250683708,10837900086,10767298423,19251715416,19303244242",0,0,3314702983,3383992330,N/A,N/A,886608143,887220784,249556943,249136470,13562832093,13536955847,9242133995,9208567283,9181827713,9191507228",0,0,3697856106,3676695944,1422622963,1394036213,N/A,N/A,257236045,257359378,10859898975,10777874611,13536930720,13562877165,12051798263,12050317656",0,0,8750693188,8762144676,1394050376,1422624863,9518481376,9522063999,N/A,N/A,250726125,250502633,2333621974,2339980114,10994672084,10966660479",0,0,9423819847,9428534592,181726083,181894951,9336844288,9338142388,257359386,257236070,N/A,N/A,248229731,248301949,10966722298,10994756012",0,0,8764052862,8752968485,705714819,688797265,247002128,246664427,182550876,182592001,2370602145,2417256604,N/A,N/A,9172339491,9190376665",0,0,9428625443,9423784276,895436863,896050031,887221783,886610421,1603923304,1591549055,11283375094,11291437361,2339980113,2333621973,N/A,N/A"
1755379668,N/A,N/A,3675933301,3697160988,688797265,705714819,9521797538,9518265328,1591574628,1603936823,9208565922,9242133996,248301940,248229748,19295432971,19252711623",0,0,N/A,N/A,896050031,895436876,9338081693,9336744312,182592602,182551338,250312180,250683708,10837900086,10767298423,19260878175,19312401976",0,0,3314702983,3383992330,N/A,N/A,886608143,887220784,249556943,249136470,13562832093,13536955847,9242133995,9208567283,9181827713,9191507228",0,0,3697856106,3676695944,1422622963,1394036213,N/A,N/A,257236045,257359378,10859898975,10777874611,13536930720,13562877165,12051798263,12050317656",0,0,8750693188,8762144676,1394050376,1422624863,9518481376,9522063999,N/A,N/A,250726125,250502633,2333621974,2339980114,10994672084,10966660479",0,0,9423819847,9428534592,181726083,181894951,9336844288,9338142388,257359386,257236070,N/A,N/A,248229731,248301949,10966722298,10994756012",0,0,8764052862,8752968485,705714819,688797265,247002128,246664427,182550876,182592001,2370602145,2417256604,N/A,N/A,9172339491,9190376665",0,0,9428625443,9423784276,895436863,896050031,887221783,886610421,1603923304,1591549055,11283375094,11291437361,2339980113,2333621973,N/A,N/A"
1755379669,N/A,N/A,3675933301,3697160988,688797265,705714819,9521797538,9518265328,1591574628,1603936823,9208565922,9242133996,248301940,248229748,19305792824,19263092065",0,0,N/A,N/A,896050031,895436876,9338081693,9336744312,182592602,182551338,250312180,250683708,10837900086,10767298423,19271258631,19322757118",0,0,3314702983,3383992330,N/A,N/A,886608143,887220784,249556943,249136470,13562832093,13536955847,9242133995,9208567283,9181827713,9191507228",0,0,3697856106,3676695944,1422622963,1394036213,N/A,N/A,257236045,257359378,10859898975,10777874611,13536930720,13562877165,12051798263,12050317656",0,0,8750693188,8762144676,1394050376,1422624863,9518481376,9522063999,N/A,N/A,250726125,250502633,2333621974,2339980114,10994672084,10966660479",0,0,9423819847,9428534592,181726083,181894951,9336844288,9338142388,257359386,257236070,N/A,N/A,248229731,248301949,10966722298,10994756012",0,0,8764052862,8752968485,705714819,688797265,247002128,246664427,182550876,182592001,2370602145,2417256604,N/A,N/A,9172339491,9190376665",0,0,9428625443,9423784276,895436863,896050031,887221783,886610421,1603923304,1591549055,11283375094,11291437361,2339980113,2333621973,N/A,N/A"
1755379671,N/A,N/A,3675933301,3697160988,688797265,705714819,9521797538,9518265328,1591574628,1603936823,9208565922,9242133996,248301940,248229748,19314763984,19272057285",0,0,N/A,N/A,896050031,895436876,9338081693,9336744312,182592602,182551338,250312180,250683708,10837900086,10767298423,19280232315,19331733098",0,0,3314702983,3383992330,N/A,N/A,886608143,887220784,249556943,249136470,13562832093,13536955847,9242133995,9208567283,9181827713,9191507228",0,0,3697856106,3676695944,1422622963,1394036213,N/A,N/A,257236045,257359378,10859898975,10777874611,13536930720,13562877165,12051798263,12050317656",0,0,8750693188,8762144676,1394050376,1422624863,9518481376,9522063999,N/A,N/A,250726125,250502633,2333621974,2339980114,10994672084,10966660479",0,0,9423819847,9428534592,181726083,181894951,9336844288,9338142388,257359386,257236070,N/A,N/A,248229731,248301949,10966722298,10994756012",0,0,8764052862,8752968485,705714819,688797265,247002128,246664427,182550876,182592001,2370602145,2417256604,N/A,N/A,9172339491,9190376665",0,0,9428625443,9423784276,895436863,896050031,887221783,886610421,1603923304,1591549055,11283375094,11291437361,2339980113,2333621973,N/A,N/A"
1755379672,N/A,N/A,3675933301,3697160988,688797265,705714819,9521797538,9518265328,1591574628,1603936823,9208565922,9242133996,248301940,248229748,19325236279,19282548697",0,0,N/A,N/A,896050031,895436876,9338081693,9336744312,182592602,182551338,250312180,250683708,10837900086,10767298423,19290723745,19342191981",0,0,3314702983,3383992330,N/A,N/A,886608143,887220784,249556943,249136470,13562832093,13536955847,9242133995,9208567283,9181827713,9191507228",0,0,3697856106,3676695944,1422622963,1394036213,N/A,N/A,257236045,257359378,10859898975,10777874611,13536930720,13562877165,12051798263,12050317656",0,0,8750693188,8762144676,1394050376,1422624863,9518481376,9522063999,N/A,N/A,250726125,250502633,2333621974,2339980114,10994672084,10966660479",0,0,9423819847,9428534592,181726083,181894951,9336844288,9338142388,257359386,257236070,N/A,N/A,248229731,248301949,10966722298,10994756012",0,0,8764052862,8752968485,705714819,688797265,247002128,246664427,182550876,182592001,2370602145,2417256604,N/A,N/A,9172339491,9190376665",0,0,9428625443,9423784276,895436863,896050031,887221783,886610421,1603923304,1591549055,11283375094,11291437361,2339980113,2333621973,N/A,N/A"
1755379674,N/A,N/A,3675933301,3697160988,688797265,705714819,9521797538,9518265328,1591574628,1603936823,9208565922,9242133996,248301940,248229748,19334531292,19291861984",0,0,N/A,N/A,896050031,895436876,9338081693,9336744312,182592602,182551338,250312180,250683708,10837900086,10767298423,19300039698,19351500350",0,0,3314702983,3383992330,N/A,N/A,886608143,887220784,249556943,249136470,13562832093,13536955847,9242133995,9208567283,9181827713,9191507228",0,0,3697856106,3676695944,1422622963,1394036213,N/A,N/A,257236045,257359378,10859898975,10777874611,13536930720,13562877165,12051798263,12050317656",0,0,8750693188,8762144676,1394050376,1422624863,9518481376,9522063999,N/A,N/A,250726125,250502633,2333621974,2339980114,10994672084,10966660479",0,0,9423819847,9428534592,181726083,181894951,9336844288,9338142388,257359386,257236070,N/A,N/A,248229731,248301949,10966722298,10994756012",0,0,8764052862,8752968485,705714819,688797265,247002128,246664427,182550876,182592001,2370602145,2417256604,N/A,N/A,9172339491,9190376665",0,0,9428625443,9423784276,895436863,896050031,887221783,886610421,1603923304,1591549055,11283375094,11291437361,2339980113,2333621973,N/A,N/A"
1755379675,N/A,N/A,3675933301,3697160988,688797265,705714819,9521797538,9518265328,1591574628,1603936823,9208565922,9242133996,248301940,248229748,19345063641,19302391266",0,0,N/A,N/A,896050031,895436876,9338081693,9336744312,182592602,182551338,250312180,250683708,10837900086,10767298423,19310566356,19362032649",0,0,3314702983,3383992330,N/A,N/A,886608143,887220784,249556943,249136470,13562832093,13536955847,9242133995,9208567283,9181827713,9191507228",0,0,3697856106,3676695944,1422622963,1394036213,N/A,N/A,257236045,257359378,10859898975,10777874611,13536930720,13562877165,12051798263,12050317656",0,0,8750693188,8762144676,1394050376,1422624863,9518481376,9522063999,N/A,N/A,250726125,250502633,2333621974,2339980114,10994672084,10966660479",0,0,9423819847,9428534592,181726083,181894951,9336844288,9338142388,257359386,257236070,N/A,N/A,248229731,248301949,10966722298,10994756012",0,0,8764052862,8752968485,705714819,688797265,247002128,246664427,182550876,182592001,2370602145,2417256604,N/A,N/A,9172339491,9190376665",0,0,9428625443,9423784276,895436863,896050031,887221783,886610421,1603923304,1591549055,11283375094,11291437361,2339980113,2333621973,N/A,N/A"
1755379677,N/A,N/A,3675933301,3697160988,688797265,705714819,9521797538,9518265328,1591574628,1603936823,9208565922,9242133996,248301940,248229748,19354244466,19311582885",0,0,N/A,N/A,896050031,895436876,9338081693,9336744312,182592602,182551338,250312180,250683708,10837900086,10767298423,19319749396,19371213447",0,0,3314702983,3383992330,N/A,N/A,886608143,887220784,249556943,249136470,13562832093,13536955847,9242133995,9208567283,9181827713,9191507228",0,0,3697856106,3676695944,1422622963,1394036213,N/A,N/A,257236045,257359378,10859898975,10777874611,13536930720,13562877165,12051798263,12050317656",0,0,8750693188,8762144676,1394050376,1422624863,9518481376,9522063999,N/A,N/A,250726125,250502633,2333621974,2339980114,10994672084,10966660479",0,0,9423819847,9428534592,181726083,181894951,9336844288,9338142388,257359386,257236070,N/A,N/A,248229731,248301949,10966722298,10994756012",0,0,8764052862,8752968485,705714819,688797265,247002128,246664427,182550876,182592001,2370602145,2417256604,N/A,N/A,9172339491,9190376665",0,0,9428625443,9423784276,895436863,896050031,887221783,886610421,1603923304,1591549055,11283375094,11291437361,2339980113,2333621973,N/A,N/A"
1755379678,N/A,N/A,3675933301,3697160988,688797265,705714819,9521797538,9518265328,1591574628,1603936823,9208565922,9242133996,248301940,248229748,19364894407,19322236245",0,0,N/A,N/A,896050031,895436876,9338081693,9336744312,182592602,182551338,250312180,250683708,10837900086,10767298423,19330418242,19381863423",0,0,3314702983,3383992330,N/A,N/A,886608143,887220784,249556943,249136470,13562832093,13536955847,9242133995,9208567283,9181827713,9191507228",0,0,3697856106,3676695944,1422622963,1394036213,N/A,N/A,257236045,257359378,10859898975,10777874611,13536930720,13562877165,12051798263,12050317656",0,0,8750693188,8762144676,1394050376,1422624863,9518481376,9522063999,N/A,N/A,250726125,250502633,2333621974,2339980114,10994672084,10966660479",0,0,9423819847,9428534592,181726083,181894951,9336844288,9338142388,257359386,257236070,N/A,N/A,248229731,248301949,10966722298,10994756012",0,0,8764052862,8752968485,705714819,688797265,247002128,246664427,182550876,182592001,2370602145,2417256604,N/A,N/A,9172339491,9190376665",0,0,9428625443,9423784276,895436863,896050031,887221783,886610421,1603923304,1591549055,11283375094,11291437361,2339980113,2333621973,N/A,N/A"
1755379680,N/A,N/A,3675933301,3697160988,688797265,705714819,9521797538,9518265328,1591574628,1603936823,9208565922,9242133996,248301940,248229748,19374067769,19331412426",0,0,N/A,N/A,896050031,895436876,9338081693,9336744312,182592602,182551338,250312180,250683708,10837900086,10767298423,19339579037,19391034883",0,0,3314702983,3383992330,N/A,N/A,886608143,887220784,249556943,249136470,13562832093,13536955847,9242133995,9208567283,9181827713,9191507228",0,0,3697856106,3676695944,1422622963,1394036213,N/A,N/A,257236045,257359378,10859898975,10777874611,13536930720,13562877165,12051798263,12050317656",0,0,8750693188,8762144676,1394050376,1422624863,9518481376,9522063999,N/A,N/A,250726125,250502633,2333621974,2339980114,10994672084,10966660479",0,0,9423819847,9428534592,181726083,181894951,9336844288,9338142388,257359386,257236070,N/A,N/A,248229731,248301949,10966722298,10994756012",0,0,8764052862,8752968485,705714819,688797265,247002128,246664427,182550876,182592001,2370602145,2417256604,N/A,N/A,9172339491,9190376665",0,0,9428625443,9423784276,895436863,896050031,887221783,886610421,1603923304,1591549055,11283375094,11291437361,2339980113,2333621973,N/A,N/A"
1755379681,N/A,N/A,3675933301,3697160988,688797265,705714819,9521797538,9518265328,1591574628,1603936823,9208565922,9242133996,248301940,248229748,19384586120,19341946978",0,0,N/A,N/A,896050031,895436876,9338081693,9336744312,182592602,182551338,250312180,250683708,10837900086,10767298423,19350113606,19401555184",0,0,3314702983,3383992330,N/A,N/A,886608143,887220784,249556943,249136470,13562832093,13536955847,9242133995,9208567283,9181827713,9191507228",0,0,3697856106,3676695944,1422622963,1394036213,N/A,N/A,257236045,257359378,10859898975,10777874611,13536930720,13562877165,12051798263,12050317656",0,0,8750693188,8762144676,1394050376,1422624863,9518481376,9522063999,N/A,N/A,250726125,250502633,2333621974,2339980114,10994672084,10966660479",0,0,9423819847,9428534592,181726083,181894951,9336844288,9338142388,257359386,257236070,N/A,N/A,248229731,248301949,10966722298,10994756012",0,0,8764052862,8752968485,705714819,688797265,247002128,246664427,182550876,182592001,2370602145,2417256604,N/A,N/A,9172339491,9190376665",0,0,9428625443,9423784276,895436863,896050031,887221783,886610421,1603923304,1591549055,11283375094,11291437361,2339980113,2333621973,N/A,N/A"
1755379683,N/A,N/A,3675933301,3697160988,688797265,705714819,9521797538,9518265328,1591574628,1603936823,9208565922,9242133996,248301940,248229748,19389211093,19346566922",0,0,N/A,N/A,896050031,895436876,9338081693,9336744312,182592602,182551338,250312180,250683708,10837900086,10767298423,19354681855,19406113253",0,0,3314702983,3383992330,N/A,N/A,886608143,887220784,249556943,249136470,13562832093,13536955847,9242133995,9208567283,9181827713,9191507228",0,0,3697856106,3676695944,1422622963,1394036213,N/A,N/A,257236045,257359378,10859898975,10777874611,13536930720,13562877165,12051798263,12050317656",0,0,8750693188,8762144676,1394050376,1422624863,9518481376,9522063999,N/A,N/A,250726125,250502633,2333621974,2339980114,10994672084,10966660479",0,0,9423819847,9428534592,181726083,181894951,9336844288,9338142388,257359386,257236070,N/A,N/A,248229731,248301949,10966722298,10994756012",0,0,8764052862,8752968485,705714819,688797265,247002128,246664427,182550876,182592001,2370602145,2417256604,N/A,N/A,9172339491,9190376665",0,0,9428625443,9423784276,895436863,896050031,887221783,886610421,1603923304,1591549055,11283375094,11291437361,2339980113,2333621973,N/A,N/A"
1755379684,N/A,N/A,3675933301,3697160988,688797265,705714819,9521797538,9518265328,1591574628,1603936823,9208565922,9242133996,248301940,248229748,19389211093,19346566922",0,0,N/A,N/A,896050031,895436876,9338081693,9336744312,182592602,182551338,250312180,250683708,10837900086,10767298423,19354681855,19406113253",0,0,3314702983,3383992330,N/A,N/A,886608143,887220784,249556943,249136470,13562832093,13536955847,9242133995,9208567283,9181827713,9191507228",0,0,3697856106,3676695944,1422622963,1394036213,N/A,N/A,257236045,257359378,10859898975,10777874611,13536930720,13562877165,12051798263,12050317656",0,0,8750693188,8762144676,1394050376,1422624863,9518481376,9522063999,N/A,N/A,250726125,250502633,2333621974,2339980114,10994672084,10966660479",0,0,9423819847,9428534592,181726083,181894951,9336844288,9338142388,257359386,257236070,N/A,N/A,248229731,248301949,10966722298,10994756012",0,0,8764052862,8752968485,705714819,688797265,247002128,246664427,182550876,182592001,2370602145,2417256604,N/A,N/A,9172339491,9190376665",0,0,9428625443,9423784276,895436863,896050031,887221783,886610421,1603923304,1591549055,11283375094,11291437361,2339980113,2333621973,N/A,N/A"
1755379685,N/A,N/A,3675933301,3697160988,688797265,705714819,9521797538,9518265328,1591574628,1603936823,9208565922,9242133996,248301940,248229748,19389211093,19346566922",0,0,N/A,N/A,896050031,895436876,9338081693,9336744312,182592602,182551338,250312180,250683708,10837900086,10767298423,19354681855,19406113253",0,0,3314702983,3383992330,N/A,N/A,886608143,887220784,249556943,249136470,13562832093,13536955847,9242133995,9208567283,9181827713,9191507228",0,0,3697856106,3676695944,1422622963,1394036213,N/A,N/A,257236045,257359378,10859898975,10777874611,13536930720,13562877165,12051798263,12050317656",0,0,8750693188,8762144676,1394050376,1422624863,9518481376,9522063999,N/A,N/A,250726125,250502633,2333621974,2339980114,10994672084,10966660479",0,0,9423819847,9428534592,181726083,181894951,9336844288,9338142388,257359386,257236070,N/A,N/A,248229731,248301949,10966722298,10994756012",0,0,8764052862,8752968485,705714819,688797265,247002128,246664427,182550876,182592001,2370602145,2417256604,N/A,N/A,9172339491,9190376665",0,0,9428625443,9423784276,895436863,896050031,887221783,886610421,1603923304,1591549055,11283375094,11291437361,2339980113,2333621973,N/A,N/A"
1755379687,N/A,N/A,3675933301,3697160988,688797265,705714819,9521797538,9518265328,1591574628,1603936823,9208565922,9242133996,248301940,248229748,19389211093,19346566922",0,0,N/A,N/A,896050031,895436876,9338081693,9336744312,182592602,182551338,250312180,250683708,10837900086,10767298423,19354681855,19406113253",0,0,3314702983,3383992330,N/A,N/A,886608143,887220784,249556943,249136470,13562832093,13536955847,9242133995,9208567283,9181827713,9191507228",0,0,3697856106,3676695944,1422622963,1394036213,N/A,N/A,257236045,257359378,10859898975,10777874611,13536930720,13562877165,12051798263,12050317656",0,0,8750693188,8762144676,1394050376,1422624863,9518481376,9522063999,N/A,N/A,250726125,250502633,2333621974,2339980114,10994672084,10966660479",0,0,9423819847,9428534592,181726083,181894951,9336844288,9338142388,257359386,257236070,N/A,N/A,248229731,248301949,10966722298,10994756012",0,0,8764052862,8752968485,705714819,688797265,247002128,246664427,182550876,182592001,2370602145,2417256604,N/A,N/A,9172339491,9190376665",0,0,9428625443,9423784276,895436863,896050031,887221783,886610421,1603923304,1591549055,11283375094,11291437361,2339980113,2333621973,N/A,N/A"
1755379688,N/A,N/A,3675933301,3697160988,688797265,705714819,9521797538,9518265328,1591574628,1603936823,9208565922,9242133996,248301940,248229748,19389211093,19346566922",0,0,N/A,N/A,896050031,895436876,9338081693,9336744312,182592602,182551338,250312180,250683708,10837900086,10767298423,19354681855,19406113253",0,0,3314702983,3383992330,N/A,N/A,886608143,887220784,249556943,249136470,13562832093,13536955847,9242133995,9208567283,9181827713,9191507228",0,0,3697856106,3676695944,1422622963,1394036213,N/A,N/A,257236045,257359378,10859898975,10777874611,13536930720,13562877165,12051798263,12050317656",0,0,8750693188,8762144676,1394050376,1422624863,9518481376,9522063999,N/A,N/A,250726125,250502633,2333621974,2339980114,10994672084,10966660479",0,0,9423819847,9428534592,181726083,181894951,9336844288,9338142388,257359386,257236070,N/A,N/A,248229731,248301949,10966722298,10994756012",0,0,8764052862,8752968485,705714819,688797265,247002128,246664427,182550876,182592001,2370602145,2417256604,N/A,N/A,9172339491,9190376665",0,0,9428625443,9423784276,895436863,896050031,887221783,886610421,1603923304,1591549055,11283375094,11291437361,2339980113,2333621973,N/A,N/A"
1755379690,N/A,N/A,3675933301,3697160988,688797265,705714819,9521797538,9518265328,1591574628,1603936823,9208565922,9242133996,248301940,248229748,19389211093,19346566922",0,0,N/A,N/A,896050031,895436876,9338081693,9336744312,182592602,182551338,250312180,250683708,10837900086,10767298423,19354681855,19406113253",0,0,3314702983,3383992330,N/A,N/A,886608143,887220784,249556943,249136470,13562832093,13536955847,9242133995,9208567283,9181827713,9191507228",0,0,3697856106,3676695944,1422622963,1394036213,N/A,N/A,257236045,257359378,10859898975,10777874611,13536930720,13562877165,12051798263,12050317656",0,0,8750693188,8762144676,1394050376,1422624863,9518481376,9522063999,N/A,N/A,250726125,250502633,2333621974,2339980114,10994672084,10966660479",0,0,9423819847,9428534592,181726083,181894951,9336844288,9338142388,257359386,257236070,N/A,N/A,248229731,248301949,10966722298,10994756012",0,0,8764052862,8752968485,705714819,688797265,247002128,246664427,182550876,182592001,2370602145,2417256604,N/A,N/A,9172339491,9190376665",0,0,9428625443,9423784276,895436863,896050031,887221783,886610421,1603923304,1591549055,11283375094,11291437361,2339980113,2333621973,N/A,N/A"
1755379691,N/A,N/A,3675933301,3697160988,688797265,705714819,9521797538,9518265328,1591574628,1603936823,9208565922,9242133996,248301940,248229748,19389211093,19346566922",0,0,N/A,N/A,896050031,895436876,9338081693,9336744312,182592602,182551338,250312180,250683708,10837900086,10767298423,19354681855,19406113253",0,0,3314702983,3383992330,N/A,N/A,886608143,887220784,249556943,249136470,13562832093,13536955847,9242133995,9208567283,9181827713,9191507228",0,0,3697856106,3676695944,1422622963,1394036213,N/A,N/A,257236045,257359378,10859898975,10777874611,13536930720,13562877165,12051798263,12050317656",0,0,8750693188,8762144676,1394050376,1422624863,9518481376,9522063999,N/A,N/A,250726125,250502633,2333621974,2339980114,10994672084,10966660479",0,0,9423819847,9428534592,181726083,181894951,9336844288,9338142388,257359386,257236070,N/A,N/A,248229731,248301949,10966722298,10994756012",0,0,8764052862,8752968485,705714819,688797265,247002128,246664427,182550876,182592001,2370602145,2417256604,N/A,N/A,9172339491,9190376665",0,0,9428625443,9423784276,895436863,896050031,887221783,886610421,1603923304,1591549055,11283375094,11291437361,2339980113,2333621973,N/A,N/A"
