Timestamp,gpu0r0,gpu0w0,gpu0r1,gpu0w1,gpu0r2,gpu0w2,gpu0r3,gpu0w3,gpu0r4,gpu0w4,gpu0r5,gpu0w5,gpu0r6,gpu0w6,gpu0r7,gpu0w7,gpu1r0,gpu1w0,gpu1r1,gpu1w1,gpu1r2,gpu1w2,gpu1r3,gpu1w3,gpu1r4,gpu1w4,gpu1r5,gpu1w5,gpu1r6,gpu1w6,gpu1r7,gpu1w7,gpu2r0,gpu2w0,gpu2r1,gpu2w1,gpu2r2,gpu2w2,gpu2r3,gpu2w3,gpu2r4,gpu2w4,gpu2r5,gpu2w5,gpu2r6,gpu2w6,gpu2r7,gpu2w7,gpu3r0,gpu3w0,gpu3r1,gpu3w1,gpu3r2,gpu3w2,gpu3r3,gpu3w3,gpu3r4,gpu3w4,gpu3r5,gpu3w5,gpu3r6,gpu3w6,gpu3r7,gpu3w7,gpu4r0,gpu4w0,gpu4r1,gpu4w1,gpu4r2,gpu4w2,gpu4r3,gpu4w3,gpu4r4,gpu4w4,gpu4r5,gpu4w5,gpu4r6,gpu4w6,gpu4r7,gpu4w7,gpu5r0,gpu5w0,gpu5r1,gpu5w1,gpu5r2,gpu5w2,gpu5r3,gpu5w3,gpu5r4,gpu5w4,gpu5r5,gpu5w5,gpu5r6,gpu5w6,gpu5r7,gpu5w7,gpu6r0,gpu6w0,gpu6r1,gpu6w1,gpu6r2,gpu6w2,gpu6r3,gpu6w3,gpu6r4,gpu6w4,gpu6r5,gpu6w5,gpu6r6,gpu6w6,gpu6r7,gpu6w7,gpu7r0,gpu7w0,gpu7r1,gpu7w1,gpu7r2,gpu7w2,gpu7r3,gpu7w3,gpu7r4,gpu7w4,gpu7r5,gpu7w5,gpu7r6,gpu7w6,gpu7r7,gpu7w7
1755378452,N/A,N/A,3675933301,3697160988,688797265,705714819,9521797538,9518265328,1591574628,1603936823,9208565922,9242133996,248301940,248229748,17161450553,17116466543",0,0,N/A,N/A,896050031,895436876,9338081693,9336744312,182592602,182551338,250312180,250683708,10837900086,10767298423,17124581476,17178352713",0,0,3314702983,3383992330,N/A,N/A,886608143,887220784,249556943,249136470,13562832093,13536955847,9242133995,9208567283,9181827713,9191507228",0,0,3697856106,3676695944,1422622963,1394036213,N/A,N/A,257236045,257359378,10859898975,10777874611,13536930720,13562877165,12051798263,12050317656",0,0,8750693188,8762144676,1394050376,1422624863,9518481376,9522063999,N/A,N/A,250726125,250502633,2333621974,2339980114,10994672084,10966660479",0,0,9423819847,9428534592,181726083,181894951,9336844288,9338142388,257359386,257236070,N/A,N/A,248229731,248301949,10966722298,10994756012",0,0,8764052862,8752968485,705714819,688797265,247002128,246664427,182550876,182592001,2370602145,2417256604,N/A,N/A,9172339491,9190376665",0,0,9428625443,9423784276,895436863,896050031,887221783,886610421,1603923304,1591549055,11283375094,11291437361,2339980113,2333621973,N/A,N/A"
1755378454,N/A,N/A,3675933301,3697160988,688797265,705714819,9521797538,9518265328,1591574628,1603936823,9208565922,9242133996,248301940,248229748,17161450553,17116466543",0,0,N/A,N/A,896050031,895436876,9338081693,9336744312,182592602,182551338,250312180,250683708,10837900086,10767298423,17124581476,17178352713",0,0,3314702983,3383992330,N/A,N/A,886608143,887220784,249556943,249136470,13562832093,13536955847,9242133995,9208567283,9181827713,9191507228",0,0,3697856106,3676695944,1422622963,1394036213,N/A,N/A,257236045,257359378,10859898975,10777874611,13536930720,13562877165,12051798263,12050317656",0,0,8750693188,8762144676,1394050376,1422624863,9518481376,9522063999,N/A,N/A,250726125,250502633,2333621974,2339980114,10994672084,10966660479",0,0,9423819847,9428534592,181726083,181894951,9336844288,9338142388,257359386,257236070,N/A,N/A,248229731,248301949,10966722298,10994756012",0,0,8764052862,8752968485,705714819,688797265,247002128,246664427,182550876,182592001,2370602145,2417256604,N/A,N/A,9172339491,9190376665",0,0,9428625443,9423784276,895436863,896050031,887221783,886610421,1603923304,1591549055,11283375094,11291437361,2339980113,2333621973,N/A,N/A"
1755378455,N/A,N/A,3675933301,3697160988,688797265,705714819,9521797538,9518265328,1591574628,1603936823,9208565922,9242133996,248301940,248229748,17161450553,17116466543",0,0,N/A,N/A,896050031,895436876,9338081693,9336744312,182592602,182551338,250312180,250683708,10837900086,10767298423,17124581476,17178352713",0,0,3314702983,3383992330,N/A,N/A,886608143,887220784,249556943,249136470,13562832093,13536955847,9242133995,9208567283,9181827713,9191507228",0,0,3697856106,3676695944,1422622963,1394036213,N/A,N/A,257236045,257359378,10859898975,10777874611,13536930720,13562877165,12051798263,12050317656",0,0,8750693188,8762144676,1394050376,1422624863,9518481376,9522063999,N/A,N/A,250726125,250502633,2333621974,2339980114,10994672084,10966660479",0,0,9423819847,9428534592,181726083,181894951,9336844288,9338142388,257359386,257236070,N/A,N/A,248229731,248301949,10966722298,10994756012",0,0,8764052862,8752968485,705714819,688797265,247002128,246664427,182550876,182592001,2370602145,2417256604,N/A,N/A,9172339491,9190376665",0,0,9428625443,9423784276,895436863,896050031,887221783,886610421,1603923304,1591549055,11283375094,11291437361,2339980113,2333621973,N/A,N/A"
1755378457,N/A,N/A,3675933301,3697160988,688797265,705714819,9521797538,9518265328,1591574628,1603936823,9208565922,9242133996,248301940,248229748,17161450553,17116466543",0,0,N/A,N/A,896050031,895436876,9338081693,9336744312,182592602,182551338,250312180,250683708,10837900086,10767298423,17124581476,17178352713",0,0,3314702983,3383992330,N/A,N/A,886608143,887220784,249556943,249136470,13562832093,13536955847,9242133995,9208567283,9181827713,9191507228",0,0,3697856106,3676695944,1422622963,1394036213,N/A,N/A,257236045,257359378,10859898975,10777874611,13536930720,13562877165,12051798263,12050317656",0,0,8750693188,8762144676,1394050376,1422624863,9518481376,9522063999,N/A,N/A,250726125,250502633,2333621974,2339980114,10994672084,10966660479",0,0,9423819847,9428534592,181726083,181894951,9336844288,9338142388,257359386,257236070,N/A,N/A,248229731,248301949,10966722298,10994756012",0,0,8764052862,8752968485,705714819,688797265,247002128,246664427,182550876,182592001,2370602145,2417256604,N/A,N/A,9172339491,9190376665",0,0,9428625443,9423784276,895436863,896050031,887221783,886610421,1603923304,1591549055,11283375094,11291437361,2339980113,2333621973,N/A,N/A"
1755378458,N/A,N/A,3675933301,3697160988,688797265,705714819,9521797538,9518265328,1591574628,1603936823,9208565922,9242133996,248301940,248229748,17161450553,17116466543",0,0,N/A,N/A,896050031,895436876,9338081693,9336744312,182592602,182551338,250312180,250683708,10837900086,10767298423,17124581476,17178352713",0,0,3314702983,3383992330,N/A,N/A,886608143,887220784,249556943,249136470,13562832093,13536955847,9242133995,9208567283,9181827713,9191507228",0,0,3697856106,3676695944,1422622963,1394036213,N/A,N/A,257236045,257359378,10859898975,10777874611,13536930720,13562877165,12051798263,12050317656",0,0,8750693188,8762144676,1394050376,1422624863,9518481376,9522063999,N/A,N/A,250726125,250502633,2333621974,2339980114,10994672084,10966660479",0,0,9423819847,9428534592,181726083,181894951,9336844288,9338142388,257359386,257236070,N/A,N/A,248229731,248301949,10966722298,10994756012",0,0,8764052862,8752968485,705714819,688797265,247002128,246664427,182550876,182592001,2370602145,2417256604,N/A,N/A,9172339491,9190376665",0,0,9428625443,9423784276,895436863,896050031,887221783,886610421,1603923304,1591549055,11283375094,11291437361,2339980113,2333621973,N/A,N/A"
1755378460,N/A,N/A,3675933301,3697160988,688797265,705714819,9521797538,9518265328,1591574628,1603936823,9208565922,9242133996,248301940,248229748,17161450553,17116466543",0,0,N/A,N/A,896050031,895436876,9338081693,9336744312,182592602,182551338,250312180,250683708,10837900086,10767298423,17124581476,17178352713",0,0,3314702983,3383992330,N/A,N/A,886608143,887220784,249556943,249136470,13562832093,13536955847,9242133995,9208567283,9181827713,9191507228",0,0,3697856106,3676695944,1422622963,1394036213,N/A,N/A,257236045,257359378,10859898975,10777874611,13536930720,13562877165,12051798263,12050317656",0,0,8750693188,8762144676,1394050376,1422624863,9518481376,9522063999,N/A,N/A,250726125,250502633,2333621974,2339980114,10994672084,10966660479",0,0,9423819847,9428534592,181726083,181894951,9336844288,9338142388,257359386,257236070,N/A,N/A,248229731,248301949,10966722298,10994756012",0,0,8764052862,8752968485,705714819,688797265,247002128,246664427,182550876,182592001,2370602145,2417256604,N/A,N/A,9172339491,9190376665",0,0,9428625443,9423784276,895436863,896050031,887221783,886610421,1603923304,1591549055,11283375094,11291437361,2339980113,2333621973,N/A,N/A"
1755378461,N/A,N/A,3675933301,3697160988,688797265,705714819,9521797538,9518265328,1591574628,1603936823,9208565922,9242133996,248301940,248229748,17161450553,17116466543",0,0,N/A,N/A,896050031,895436876,9338081693,9336744312,182592602,182551338,250312180,250683708,10837900086,10767298423,17124581476,17178352713",0,0,3314702983,3383992330,N/A,N/A,886608143,887220784,249556943,249136470,13562832093,13536955847,9242133995,9208567283,9181827713,9191507228",0,0,3697856106,3676695944,1422622963,1394036213,N/A,N/A,257236045,257359378,10859898975,10777874611,13536930720,13562877165,12051798263,12050317656",0,0,8750693188,8762144676,1394050376,1422624863,9518481376,9522063999,N/A,N/A,250726125,250502633,2333621974,2339980114,10994672084,10966660479",0,0,9423819847,9428534592,181726083,181894951,9336844288,9338142388,257359386,257236070,N/A,N/A,248229731,248301949,10966722298,10994756012",0,0,8764052862,8752968485,705714819,688797265,247002128,246664427,182550876,182592001,2370602145,2417256604,N/A,N/A,9172339491,9190376665",0,0,9428625443,9423784276,895436863,896050031,887221783,886610421,1603923304,1591549055,11283375094,11291437361,2339980113,2333621973,N/A,N/A"
1755378463,N/A,N/A,3675933301,3697160988,688797265,705714819,9521797538,9518265328,1591574628,1603936823,9208565922,9242133996,248301940,248229748,17161450553,17116466543",0,0,N/A,N/A,896050031,895436876,9338081693,9336744312,182592602,182551338,250312180,250683708,10837900086,10767298423,17124581476,17178352713",0,0,3314702983,3383992330,N/A,N/A,886608143,887220784,249556943,249136470,13562832093,13536955847,9242133995,9208567283,9181827713,9191507228",0,0,3697856106,3676695944,1422622963,1394036213,N/A,N/A,257236045,257359378,10859898975,10777874611,13536930720,13562877165,12051798263,12050317656",0,0,8750693188,8762144676,1394050376,1422624863,9518481376,9522063999,N/A,N/A,250726125,250502633,2333621974,2339980114,10994672084,10966660479",0,0,9423819847,9428534592,181726083,181894951,9336844288,9338142388,257359386,257236070,N/A,N/A,248229731,248301949,10966722298,10994756012",0,0,8764052862,8752968485,705714819,688797265,247002128,246664427,182550876,182592001,2370602145,2417256604,N/A,N/A,9172339491,9190376665",0,0,9428625443,9423784276,895436863,896050031,887221783,886610421,1603923304,1591549055,11283375094,11291437361,2339980113,2333621973,N/A,N/A"
1755378464,N/A,N/A,3675933301,3697160988,688797265,705714819,9521797538,9518265328,1591574628,1603936823,9208565922,9242133996,248301940,248229748,17161450553,17116466543",0,0,N/A,N/A,896050031,895436876,9338081693,9336744312,182592602,182551338,250312180,250683708,10837900086,10767298423,17124581476,17178352713",0,0,3314702983,3383992330,N/A,N/A,886608143,887220784,249556943,249136470,13562832093,13536955847,9242133995,9208567283,9181827713,9191507228",0,0,3697856106,3676695944,1422622963,1394036213,N/A,N/A,257236045,257359378,10859898975,10777874611,13536930720,13562877165,12051798263,12050317656",0,0,8750693188,8762144676,1394050376,1422624863,9518481376,9522063999,N/A,N/A,250726125,250502633,2333621974,2339980114,10994672084,10966660479",0,0,9423819847,9428534592,181726083,181894951,9336844288,9338142388,257359386,257236070,N/A,N/A,248229731,248301949,10966722298,10994756012",0,0,8764052862,8752968485,705714819,688797265,247002128,246664427,182550876,182592001,2370602145,2417256604,N/A,N/A,9172339491,9190376665",0,0,9428625443,9423784276,895436863,896050031,887221783,886610421,1603923304,1591549055,11283375094,11291437361,2339980113,2333621973,N/A,N/A"
1755378465,N/A,N/A,3675933301,3697160988,688797265,705714819,9521797538,9518265328,1591574628,1603936823,9208565922,9242133996,248301940,248229748,17161450553,17116466543",0,0,N/A,N/A,896050031,895436876,9338081693,9336744312,182592602,182551338,250312180,250683708,10837900086,10767298423,17124581476,17178352713",0,0,3314702983,3383992330,N/A,N/A,886608143,887220784,249556943,249136470,13562832093,13536955847,9242133995,9208567283,9181827713,9191507228",0,0,3697856106,3676695944,1422622963,1394036213,N/A,N/A,257236045,257359378,10859898975,10777874611,13536930720,13562877165,12051798263,12050317656",0,0,8750693188,8762144676,1394050376,1422624863,9518481376,9522063999,N/A,N/A,250726125,250502633,2333621974,2339980114,10994672084,10966660479",0,0,9423819847,9428534592,181726083,181894951,9336844288,9338142388,257359386,257236070,N/A,N/A,248229731,248301949,10966722298,10994756012",0,0,8764052862,8752968485,705714819,688797265,247002128,246664427,182550876,182592001,2370602145,2417256604,N/A,N/A,9172339491,9190376665",0,0,9428625443,9423784276,895436863,896050031,887221783,886610421,1603923304,1591549055,11283375094,11291437361,2339980113,2333621973,N/A,N/A"
1755378467,N/A,N/A,3675933301,3697160988,688797265,705714819,9521797538,9518265328,1591574628,1603936823,9208565922,9242133996,248301940,248229748,17161450553,17116466543",0,0,N/A,N/A,896050031,895436876,9338081693,9336744312,182592602,182551338,250312180,250683708,10837900086,10767298423,17124581476,17178352713",0,0,3314702983,3383992330,N/A,N/A,886608143,887220784,249556943,249136470,13562832093,13536955847,9242133995,9208567283,9181827713,9191507228",0,0,3697856106,3676695944,1422622963,1394036213,N/A,N/A,257236045,257359378,10859898975,10777874611,13536930720,13562877165,12051798263,12050317656",0,0,8750693188,8762144676,1394050376,1422624863,9518481376,9522063999,N/A,N/A,250726125,250502633,2333621974,2339980114,10994672084,10966660479",0,0,9423819847,9428534592,181726083,181894951,9336844288,9338142388,257359386,257236070,N/A,N/A,248229731,248301949,10966722298,10994756012",0,0,8764052862,8752968485,705714819,688797265,247002128,246664427,182550876,182592001,2370602145,2417256604,N/A,N/A,9172339491,9190376665",0,0,9428625443,9423784276,895436863,896050031,887221783,886610421,1603923304,1591549055,11283375094,11291437361,2339980113,2333621973,N/A,N/A"
1755378468,N/A,N/A,3675933301,3697160988,688797265,705714819,9521797538,9518265328,1591574628,1603936823,9208565922,9242133996,248301940,248229748,17161450553,17116466543",0,0,N/A,N/A,896050031,895436876,9338081693,9336744312,182592602,182551338,250312180,250683708,10837900086,10767298423,17124581476,17178352713",0,0,3314702983,3383992330,N/A,N/A,886608143,887220784,249556943,249136470,13562832093,13536955847,9242133995,9208567283,9181827713,9191507228",0,0,3697856106,3676695944,1422622963,1394036213,N/A,N/A,257236045,257359378,10859898975,10777874611,13536930720,13562877165,12051798263,12050317656",0,0,8750693188,8762144676,1394050376,1422624863,9518481376,9522063999,N/A,N/A,250726125,250502633,2333621974,2339980114,10994672084,10966660479",0,0,9423819847,9428534592,181726083,181894951,9336844288,9338142388,257359386,257236070,N/A,N/A,248229731,248301949,10966722298,10994756012",0,0,8764052862,8752968485,705714819,688797265,247002128,246664427,182550876,182592001,2370602145,2417256604,N/A,N/A,9172339491,9190376665",0,0,9428625443,9423784276,895436863,896050031,887221783,886610421,1603923304,1591549055,11283375094,11291437361,2339980113,2333621973,N/A,N/A"
1755378470,N/A,N/A,3675933301,3697160988,688797265,705714819,9521797538,9518265328,1591574628,1603936823,9208565922,9242133996,248301940,248229748,17161450553,17116466543",0,0,N/A,N/A,896050031,895436876,9338081693,9336744312,182592602,182551338,250312180,250683708,10837900086,10767298423,17124581476,17178352713",0,0,3314702983,3383992330,N/A,N/A,886608143,887220784,249556943,249136470,13562832093,13536955847,9242133995,9208567283,9181827713,9191507228",0,0,3697856106,3676695944,1422622963,1394036213,N/A,N/A,257236045,257359378,10859898975,10777874611,13536930720,13562877165,12051798263,12050317656",0,0,8750693188,8762144676,1394050376,1422624863,9518481376,9522063999,N/A,N/A,250726125,250502633,2333621974,2339980114,10994672084,10966660479",0,0,9423819847,9428534592,181726083,181894951,9336844288,9338142388,257359386,257236070,N/A,N/A,248229731,248301949,10966722298,10994756012",0,0,8764052862,8752968485,705714819,688797265,247002128,246664427,182550876,182592001,2370602145,2417256604,N/A,N/A,9172339491,9190376665",0,0,9428625443,9423784276,895436863,896050031,887221783,886610421,1603923304,1591549055,11283375094,11291437361,2339980113,2333621973,N/A,N/A"
1755378471,N/A,N/A,3675933301,3697160988,688797265,705714819,9521797538,9518265328,1591574628,1603936823,9208565922,9242133996,248301940,248229748,17161450553,17116466543",0,0,N/A,N/A,896050031,895436876,9338081693,9336744312,182592602,182551338,250312180,250683708,10837900086,10767298423,17124581476,17178352713",0,0,3314702983,3383992330,N/A,N/A,886608143,887220784,249556943,249136470,13562832093,13536955847,9242133995,9208567283,9181827713,9191507228",0,0,3697856106,3676695944,1422622963,1394036213,N/A,N/A,257236045,257359378,10859898975,10777874611,13536930720,13562877165,12051798263,12050317656",0,0,8750693188,8762144676,1394050376,1422624863,9518481376,9522063999,N/A,N/A,250726125,250502633,2333621974,2339980114,10994672084,10966660479",0,0,9423819847,9428534592,181726083,181894951,9336844288,9338142388,257359386,257236070,N/A,N/A,248229731,248301949,10966722298,10994756012",0,0,8764052862,8752968485,705714819,688797265,247002128,246664427,182550876,182592001,2370602145,2417256604,N/A,N/A,9172339491,9190376665",0,0,9428625443,9423784276,895436863,896050031,887221783,886610421,1603923304,1591549055,11283375094,11291437361,2339980113,2333621973,N/A,N/A"
1755378473,N/A,N/A,3675933301,3697160988,688797265,705714819,9521797538,9518265328,1591574628,1603936823,9208565922,9242133996,248301940,248229748,17161450553,17116466543",0,0,N/A,N/A,896050031,895436876,9338081693,9336744312,182592602,182551338,250312180,250683708,10837900086,10767298423,17124581476,17178352713",0,0,3314702983,3383992330,N/A,N/A,886608143,887220784,249556943,249136470,13562832093,13536955847,9242133995,9208567283,9181827713,9191507228",0,0,3697856106,3676695944,1422622963,1394036213,N/A,N/A,257236045,257359378,10859898975,10777874611,13536930720,13562877165,12051798263,12050317656",0,0,8750693188,8762144676,1394050376,1422624863,9518481376,9522063999,N/A,N/A,250726125,250502633,2333621974,2339980114,10994672084,10966660479",0,0,9423819847,9428534592,181726083,181894951,9336844288,9338142388,257359386,257236070,N/A,N/A,248229731,248301949,10966722298,10994756012",0,0,8764052862,8752968485,705714819,688797265,247002128,246664427,182550876,182592001,2370602145,2417256604,N/A,N/A,9172339491,9190376665",0,0,9428625443,9423784276,895436863,896050031,887221783,886610421,1603923304,1591549055,11283375094,11291437361,2339980113,2333621973,N/A,N/A"
1755378474,N/A,N/A,3675933301,3697160988,688797265,705714819,9521797538,9518265328,1591574628,1603936823,9208565922,9242133996,248301940,248229748,17161450553,17116466543",0,0,N/A,N/A,896050031,895436876,9338081693,9336744312,182592602,182551338,250312180,250683708,10837900086,10767298423,17124581476,17178352713",0,0,3314702983,3383992330,N/A,N/A,886608143,887220784,249556943,249136470,13562832093,13536955847,9242133995,9208567283,9181827713,9191507228",0,0,3697856106,3676695944,1422622963,1394036213,N/A,N/A,257236045,257359378,10859898975,10777874611,13536930720,13562877165,12051798263,12050317656",0,0,8750693188,8762144676,1394050376,1422624863,9518481376,9522063999,N/A,N/A,250726125,250502633,2333621974,2339980114,10994672084,10966660479",0,0,9423819847,9428534592,181726083,181894951,9336844288,9338142388,257359386,257236070,N/A,N/A,248229731,248301949,10966722298,10994756012",0,0,8764052862,8752968485,705714819,688797265,247002128,246664427,182550876,182592001,2370602145,2417256604,N/A,N/A,9172339491,9190376665",0,0,9428625443,9423784276,895436863,896050031,887221783,886610421,1603923304,1591549055,11283375094,11291437361,2339980113,2333621973,N/A,N/A"
1755378476,N/A,N/A,3675933301,3697160988,688797265,705714819,9521797538,9518265328,1591574628,1603936823,9208565922,9242133996,248301940,248229748,17161450553,17116466543",0,0,N/A,N/A,896050031,895436876,9338081693,9336744312,182592602,182551338,250312180,250683708,10837900086,10767298423,17124581476,17178352713",0,0,3314702983,3383992330,N/A,N/A,886608143,887220784,249556943,249136470,13562832093,13536955847,9242133995,9208567283,9181827713,9191507228",0,0,3697856106,3676695944,1422622963,1394036213,N/A,N/A,257236045,257359378,10859898975,10777874611,13536930720,13562877165,12051798263,12050317656",0,0,8750693188,8762144676,1394050376,1422624863,9518481376,9522063999,N/A,N/A,250726125,250502633,2333621974,2339980114,10994672084,10966660479",0,0,9423819847,9428534592,181726083,181894951,9336844288,9338142388,257359386,257236070,N/A,N/A,248229731,248301949,10966722298,10994756012",0,0,8764052862,8752968485,705714819,688797265,247002128,246664427,182550876,182592001,2370602145,2417256604,N/A,N/A,9172339491,9190376665",0,0,9428625443,9423784276,895436863,896050031,887221783,886610421,1603923304,1591549055,11283375094,11291437361,2339980113,2333621973,N/A,N/A"
1755378477,N/A,N/A,3675933301,3697160988,688797265,705714819,9521797538,9518265328,1591574628,1603936823,9208565922,9242133996,248301940,248229748,17161450553,17116466543",0,0,N/A,N/A,896050031,895436876,9338081693,9336744312,182592602,182551338,250312180,250683708,10837900086,10767298423,17124581476,17178352713",0,0,3314702983,3383992330,N/A,N/A,886608143,887220784,249556943,249136470,13562832093,13536955847,9242133995,9208567283,9181827713,9191507228",0,0,3697856106,3676695944,1422622963,1394036213,N/A,N/A,257236045,257359378,10859898975,10777874611,13536930720,13562877165,12051798263,12050317656",0,0,8750693188,8762144676,1394050376,1422624863,9518481376,9522063999,N/A,N/A,250726125,250502633,2333621974,2339980114,10994672084,10966660479",0,0,9423819847,9428534592,181726083,181894951,9336844288,9338142388,257359386,257236070,N/A,N/A,248229731,248301949,10966722298,10994756012",0,0,8764052862,8752968485,705714819,688797265,247002128,246664427,182550876,182592001,2370602145,2417256604,N/A,N/A,9172339491,9190376665",0,0,9428625443,9423784276,895436863,896050031,887221783,886610421,1603923304,1591549055,11283375094,11291437361,2339980113,2333621973,N/A,N/A"
1755378479,N/A,N/A,3675933301,3697160988,688797265,705714819,9521797538,9518265328,1591574628,1603936823,9208565922,9242133996,248301940,248229748,17161450553,17116466543",0,0,N/A,N/A,896050031,895436876,9338081693,9336744312,182592602,182551338,250312180,250683708,10837900086,10767298423,17124581476,17178352713",0,0,3314702983,3383992330,N/A,N/A,886608143,887220784,249556943,249136470,13562832093,13536955847,9242133995,9208567283,9181827713,9191507228",0,0,3697856106,3676695944,1422622963,1394036213,N/A,N/A,257236045,257359378,10859898975,10777874611,13536930720,13562877165,12051798263,12050317656",0,0,8750693188,8762144676,1394050376,1422624863,9518481376,9522063999,N/A,N/A,250726125,250502633,2333621974,2339980114,10994672084,10966660479",0,0,9423819847,9428534592,181726083,181894951,9336844288,9338142388,257359386,257236070,N/A,N/A,248229731,248301949,10966722298,10994756012",0,0,8764052862,8752968485,705714819,688797265,247002128,246664427,182550876,182592001,2370602145,2417256604,N/A,N/A,9172339491,9190376665",0,0,9428625443,9423784276,895436863,896050031,887221783,886610421,1603923304,1591549055,11283375094,11291437361,2339980113,2333621973,N/A,N/A"
1755378480,N/A,N/A,3675933301,3697160988,688797265,705714819,9521797538,9518265328,1591574628,1603936823,9208565922,9242133996,248301940,248229748,17161450553,17116466543",0,0,N/A,N/A,896050031,895436876,9338081693,9336744312,182592602,182551338,250312180,250683708,10837900086,10767298423,17124581476,17178352713",0,0,3314702983,3383992330,N/A,N/A,886608143,887220784,249556943,249136470,13562832093,13536955847,9242133995,9208567283,9181827713,9191507228",0,0,3697856106,3676695944,1422622963,1394036213,N/A,N/A,257236045,257359378,10859898975,10777874611,13536930720,13562877165,12051798263,12050317656",0,0,8750693188,8762144676,1394050376,1422624863,9518481376,9522063999,N/A,N/A,250726125,250502633,2333621974,2339980114,10994672084,10966660479",0,0,9423819847,9428534592,181726083,181894951,9336844288,9338142388,257359386,257236070,N/A,N/A,248229731,248301949,10966722298,10994756012",0,0,8764052862,8752968485,705714819,688797265,247002128,246664427,182550876,182592001,2370602145,2417256604,N/A,N/A,9172339491,9190376665",0,0,9428625443,9423784276,895436863,896050031,887221783,886610421,1603923304,1591549055,11283375094,11291437361,2339980113,2333621973,N/A,N/A"
1755378482,N/A,N/A,3675933301,3697160988,688797265,705714819,9521797538,9518265328,1591574628,1603936823,9208565922,9242133996,248301940,248229748,17161450553,17116466543",0,0,N/A,N/A,896050031,895436876,9338081693,9336744312,182592602,182551338,250312180,250683708,10837900086,10767298423,17124581476,17178352713",0,0,3314702983,3383992330,N/A,N/A,886608143,887220784,249556943,249136470,13562832093,13536955847,9242133995,9208567283,9181827713,9191507228",0,0,3697856106,3676695944,1422622963,1394036213,N/A,N/A,257236045,257359378,10859898975,10777874611,13536930720,13562877165,12051798263,12050317656",0,0,8750693188,8762144676,1394050376,1422624863,9518481376,9522063999,N/A,N/A,250726125,250502633,2333621974,2339980114,10994672084,10966660479",0,0,9423819847,9428534592,181726083,181894951,9336844288,9338142388,257359386,257236070,N/A,N/A,248229731,248301949,10966722298,10994756012",0,0,8764052862,8752968485,705714819,688797265,247002128,246664427,182550876,182592001,2370602145,2417256604,N/A,N/A,9172339491,9190376665",0,0,9428625443,9423784276,895436863,896050031,887221783,886610421,1603923304,1591549055,11283375094,11291437361,2339980113,2333621973,N/A,N/A"
1755378483,N/A,N/A,3675933301,3697160988,688797265,705714819,9521797538,9518265328,1591574628,1603936823,9208565922,9242133996,248301940,248229748,17161450553,17116466543",0,0,N/A,N/A,896050031,895436876,9338081693,9336744312,182592602,182551338,250312180,250683708,10837900086,10767298423,17124581476,17178352713",0,0,3314702983,3383992330,N/A,N/A,886608143,887220784,249556943,249136470,13562832093,13536955847,9242133995,9208567283,9181827713,9191507228",0,0,3697856106,3676695944,1422622963,1394036213,N/A,N/A,257236045,257359378,10859898975,10777874611,13536930720,13562877165,12051798263,12050317656",0,0,8750693188,8762144676,1394050376,1422624863,9518481376,9522063999,N/A,N/A,250726125,250502633,2333621974,2339980114,10994672084,10966660479",0,0,9423819847,9428534592,181726083,181894951,9336844288,9338142388,257359386,257236070,N/A,N/A,248229731,248301949,10966722298,10994756012",0,0,8764052862,8752968485,705714819,688797265,247002128,246664427,182550876,182592001,2370602145,2417256604,N/A,N/A,9172339491,9190376665",0,0,9428625443,9423784276,895436863,896050031,887221783,886610421,1603923304,1591549055,11283375094,11291437361,2339980113,2333621973,N/A,N/A"
1755378485,N/A,N/A,3675933301,3697160988,688797265,705714819,9521797538,9518265328,1591574628,1603936823,9208565922,9242133996,248301940,248229748,17161450553,17116466543",0,0,N/A,N/A,896050031,895436876,9338081693,9336744312,182592602,182551338,250312180,250683708,10837900086,10767298423,17124581476,17178352713",0,0,3314702983,3383992330,N/A,N/A,886608143,887220784,249556943,249136470,13562832093,13536955847,9242133995,9208567283,9181827713,9191507228",0,0,3697856106,3676695944,1422622963,1394036213,N/A,N/A,257236045,257359378,10859898975,10777874611,13536930720,13562877165,12051798263,12050317656",0,0,8750693188,8762144676,1394050376,1422624863,9518481376,9522063999,N/A,N/A,250726125,250502633,2333621974,2339980114,10994672084,10966660479",0,0,9423819847,9428534592,181726083,181894951,9336844288,9338142388,257359386,257236070,N/A,N/A,248229731,248301949,10966722298,10994756012",0,0,8764052862,8752968485,705714819,688797265,247002128,246664427,182550876,182592001,2370602145,2417256604,N/A,N/A,9172339491,9190376665",0,0,9428625443,9423784276,895436863,896050031,887221783,886610421,1603923304,1591549055,11283375094,11291437361,2339980113,2333621973,N/A,N/A"
1755378486,N/A,N/A,3675933301,3697160988,688797265,705714819,9521797538,9518265328,1591574628,1603936823,9208565922,9242133996,248301940,248229748,17161450553,17116466543",0,0,N/A,N/A,896050031,895436876,9338081693,9336744312,182592602,182551338,250312180,250683708,10837900086,10767298423,17124581476,17178352713",0,0,3314702983,3383992330,N/A,N/A,886608143,887220784,249556943,249136470,13562832093,13536955847,9242133995,9208567283,9181827713,9191507228",0,0,3697856106,3676695944,1422622963,1394036213,N/A,N/A,257236045,257359378,10859898975,10777874611,13536930720,13562877165,12051798263,12050317656",0,0,8750693188,8762144676,1394050376,1422624863,9518481376,9522063999,N/A,N/A,250726125,250502633,2333621974,2339980114,10994672084,10966660479",0,0,9423819847,9428534592,181726083,181894951,9336844288,9338142388,257359386,257236070,N/A,N/A,248229731,248301949,10966722298,10994756012",0,0,8764052862,8752968485,705714819,688797265,247002128,246664427,182550876,182592001,2370602145,2417256604,N/A,N/A,9172339491,9190376665",0,0,9428625443,9423784276,895436863,896050031,887221783,886610421,1603923304,1591549055,11283375094,11291437361,2339980113,2333621973,N/A,N/A"
1755378488,N/A,N/A,3675933301,3697160988,688797265,705714819,9521797538,9518265328,1591574628,1603936823,9208565922,9242133996,248301940,248229748,17161450553,17116466543",0,0,N/A,N/A,896050031,895436876,9338081693,9336744312,182592602,182551338,250312180,250683708,10837900086,10767298423,17124581476,17178352713",0,0,3314702983,3383992330,N/A,N/A,886608143,887220784,249556943,249136470,13562832093,13536955847,9242133995,9208567283,9181827713,9191507228",0,0,3697856106,3676695944,1422622963,1394036213,N/A,N/A,257236045,257359378,10859898975,10777874611,13536930720,13562877165,12051798263,12050317656",0,0,8750693188,8762144676,1394050376,1422624863,9518481376,9522063999,N/A,N/A,250726125,250502633,2333621974,2339980114,10994672084,10966660479",0,0,9423819847,9428534592,181726083,181894951,9336844288,9338142388,257359386,257236070,N/A,N/A,248229731,248301949,10966722298,10994756012",0,0,8764052862,8752968485,705714819,688797265,247002128,246664427,182550876,182592001,2370602145,2417256604,N/A,N/A,9172339491,9190376665",0,0,9428625443,9423784276,895436863,896050031,887221783,886610421,1603923304,1591549055,11283375094,11291437361,2339980113,2333621973,N/A,N/A"
1755378489,N/A,N/A,3675933301,3697160988,688797265,705714819,9521797538,9518265328,1591574628,1603936823,9208565922,9242133996,248301940,248229748,17161450553,17116466543",0,0,N/A,N/A,896050031,895436876,9338081693,9336744312,182592602,182551338,250312180,250683708,10837900086,10767298423,17124581476,17178352713",0,0,3314702983,3383992330,N/A,N/A,886608143,887220784,249556943,249136470,13562832093,13536955847,9242133995,9208567283,9181827713,9191507228",0,0,3697856106,3676695944,1422622963,1394036213,N/A,N/A,257236045,257359378,10859898975,10777874611,13536930720,13562877165,12051798263,12050317656",0,0,8750693188,8762144676,1394050376,1422624863,9518481376,9522063999,N/A,N/A,250726125,250502633,2333621974,2339980114,10994672084,10966660479",0,0,9423819847,9428534592,181726083,181894951,9336844288,9338142388,257359386,257236070,N/A,N/A,248229731,248301949,10966722298,10994756012",0,0,8764052862,8752968485,705714819,688797265,247002128,246664427,182550876,182592001,2370602145,2417256604,N/A,N/A,9172339491,9190376665",0,0,9428625443,9423784276,895436863,896050031,887221783,886610421,1603923304,1591549055,11283375094,11291437361,2339980113,2333621973,N/A,N/A"
1755378490,N/A,N/A,3675933301,3697160988,688797265,705714819,9521797538,9518265328,1591574628,1603936823,9208565922,9242133996,248301940,248229748,17161450553,17116466543",0,0,N/A,N/A,896050031,895436876,9338081693,9336744312,182592602,182551338,250312180,250683708,10837900086,10767298423,17124581476,17178352713",0,0,3314702983,3383992330,N/A,N/A,886608143,887220784,249556943,249136470,13562832093,13536955847,9242133995,9208567283,9181827713,9191507228",0,0,3697856106,3676695944,1422622963,1394036213,N/A,N/A,257236045,257359378,10859898975,10777874611,13536930720,13562877165,12051798263,12050317656",0,0,8750693188,8762144676,1394050376,1422624863,9518481376,9522063999,N/A,N/A,250726125,250502633,2333621974,2339980114,10994672084,10966660479",0,0,9423819847,9428534592,181726083,181894951,9336844288,9338142388,257359386,257236070,N/A,N/A,248229731,248301949,10966722298,10994756012",0,0,8764052862,8752968485,705714819,688797265,247002128,246664427,182550876,182592001,2370602145,2417256604,N/A,N/A,9172339491,9190376665",0,0,9428625443,9423784276,895436863,896050031,887221783,886610421,1603923304,1591549055,11283375094,11291437361,2339980113,2333621973,N/A,N/A"
1755378492,N/A,N/A,3675933301,3697160988,688797265,705714819,9521797538,9518265328,1591574628,1603936823,9208565922,9242133996,248301940,248229748,17161450553,17116466543",0,0,N/A,N/A,896050031,895436876,9338081693,9336744312,182592602,182551338,250312180,250683708,10837900086,10767298423,17124581476,17178352713",0,0,3314702983,3383992330,N/A,N/A,886608143,887220784,249556943,249136470,13562832093,13536955847,9242133995,9208567283,9181827713,9191507228",0,0,3697856106,3676695944,1422622963,1394036213,N/A,N/A,257236045,257359378,10859898975,10777874611,13536930720,13562877165,12051798263,12050317656",0,0,8750693188,8762144676,1394050376,1422624863,9518481376,9522063999,N/A,N/A,250726125,250502633,2333621974,2339980114,10994672084,10966660479",0,0,9423819847,9428534592,181726083,181894951,9336844288,9338142388,257359386,257236070,N/A,N/A,248229731,248301949,10966722298,10994756012",0,0,8764052862,8752968485,705714819,688797265,247002128,246664427,182550876,182592001,2370602145,2417256604,N/A,N/A,9172339491,9190376665",0,0,9428625443,9423784276,895436863,896050031,887221783,886610421,1603923304,1591549055,11283375094,11291437361,2339980113,2333621973,N/A,N/A"
1755378493,N/A,N/A,3675933301,3697160988,688797265,705714819,9521797538,9518265328,1591574628,1603936823,9208565922,9242133996,248301940,248229748,17161450553,17116466543",0,0,N/A,N/A,896050031,895436876,9338081693,9336744312,182592602,182551338,250312180,250683708,10837900086,10767298423,17124581476,17178352713",0,0,3314702983,3383992330,N/A,N/A,886608143,887220784,249556943,249136470,13562832093,13536955847,9242133995,9208567283,9181827713,9191507228",0,0,3697856106,3676695944,1422622963,1394036213,N/A,N/A,257236045,257359378,10859898975,10777874611,13536930720,13562877165,12051798263,12050317656",0,0,8750693188,8762144676,1394050376,1422624863,9518481376,9522063999,N/A,N/A,250726125,250502633,2333621974,2339980114,10994672084,10966660479",0,0,9423819847,9428534592,181726083,181894951,9336844288,9338142388,257359386,257236070,N/A,N/A,248229731,248301949,10966722298,10994756012",0,0,8764052862,8752968485,705714819,688797265,247002128,246664427,182550876,182592001,2370602145,2417256604,N/A,N/A,9172339491,9190376665",0,0,9428625443,9423784276,895436863,896050031,887221783,886610421,1603923304,1591549055,11283375094,11291437361,2339980113,2333621973,N/A,N/A"
1755378495,N/A,N/A,3675933301,3697160988,688797265,705714819,9521797538,9518265328,1591574628,1603936823,9208565922,9242133996,248301940,248229748,17161450553,17116466543",0,0,N/A,N/A,896050031,895436876,9338081693,9336744312,182592602,182551338,250312180,250683708,10837900086,10767298423,17124581476,17178352713",0,0,3314702983,3383992330,N/A,N/A,886608143,887220784,249556943,249136470,13562832093,13536955847,9242133995,9208567283,9181827713,9191507228",0,0,3697856106,3676695944,1422622963,1394036213,N/A,N/A,257236045,257359378,10859898975,10777874611,13536930720,13562877165,12051798263,12050317656",0,0,8750693188,8762144676,1394050376,1422624863,9518481376,9522063999,N/A,N/A,250726125,250502633,2333621974,2339980114,10994672084,10966660479",0,0,9423819847,9428534592,181726083,181894951,9336844288,9338142388,257359386,257236070,N/A,N/A,248229731,248301949,10966722298,10994756012",0,0,8764052862,8752968485,705714819,688797265,247002128,246664427,182550876,182592001,2370602145,2417256604,N/A,N/A,9172339491,9190376665",0,0,9428625443,9423784276,895436863,896050031,887221783,886610421,1603923304,1591549055,11283375094,11291437361,2339980113,2333621973,N/A,N/A"
1755378496,N/A,N/A,3675933301,3697160988,688797265,705714819,9521797538,9518265328,1591574628,1603936823,9208565922,9242133996,248301940,248229748,17161450553,17116466543",0,0,N/A,N/A,896050031,895436876,9338081693,9336744312,182592602,182551338,250312180,250683708,10837900086,10767298423,17124581476,17178352713",0,0,3314702983,3383992330,N/A,N/A,886608143,887220784,249556943,249136470,13562832093,13536955847,9242133995,9208567283,9181827713,9191507228",0,0,3697856106,3676695944,1422622963,1394036213,N/A,N/A,257236045,257359378,10859898975,10777874611,13536930720,13562877165,12051798263,12050317656",0,0,8750693188,8762144676,1394050376,1422624863,9518481376,9522063999,N/A,N/A,250726125,250502633,2333621974,2339980114,10994672084,10966660479",0,0,9423819847,9428534592,181726083,181894951,9336844288,9338142388,257359386,257236070,N/A,N/A,248229731,248301949,10966722298,10994756012",0,0,8764052862,8752968485,705714819,688797265,247002128,246664427,182550876,182592001,2370602145,2417256604,N/A,N/A,9172339491,9190376665",0,0,9428625443,9423784276,895436863,896050031,887221783,886610421,1603923304,1591549055,11283375094,11291437361,2339980113,2333621973,N/A,N/A"
1755378498,N/A,N/A,3675933301,3697160988,688797265,705714819,9521797538,9518265328,1591574628,1603936823,9208565922,9242133996,248301940,248229748,17161450553,17116466543",0,0,N/A,N/A,896050031,895436876,9338081693,9336744312,182592602,182551338,250312180,250683708,10837900086,10767298423,17124581476,17178352713",0,0,3314702983,3383992330,N/A,N/A,886608143,887220784,249556943,249136470,13562832093,13536955847,9242133995,9208567283,9181827713,9191507228",0,0,3697856106,3676695944,1422622963,1394036213,N/A,N/A,257236045,257359378,10859898975,10777874611,13536930720,13562877165,12051798263,12050317656",0,0,8750693188,8762144676,1394050376,1422624863,9518481376,9522063999,N/A,N/A,250726125,250502633,2333621974,2339980114,10994672084,10966660479",0,0,9423819847,9428534592,181726083,181894951,9336844288,9338142388,257359386,257236070,N/A,N/A,248229731,248301949,10966722298,10994756012",0,0,8764052862,8752968485,705714819,688797265,247002128,246664427,182550876,182592001,2370602145,2417256604,N/A,N/A,9172339491,9190376665",0,0,9428625443,9423784276,895436863,896050031,887221783,886610421,1603923304,1591549055,11283375094,11291437361,2339980113,2333621973,N/A,N/A"
1755378499,N/A,N/A,3675933301,3697160988,688797265,705714819,9521797538,9518265328,1591574628,1603936823,9208565922,9242133996,248301940,248229748,17161450553,17116466543",0,0,N/A,N/A,896050031,895436876,9338081693,9336744312,182592602,182551338,250312180,250683708,10837900086,10767298423,17124581476,17178352713",0,0,3314702983,3383992330,N/A,N/A,886608143,887220784,249556943,249136470,13562832093,13536955847,9242133995,9208567283,9181827713,9191507228",0,0,3697856106,3676695944,1422622963,1394036213,N/A,N/A,257236045,257359378,10859898975,10777874611,13536930720,13562877165,12051798263,12050317656",0,0,8750693188,8762144676,1394050376,1422624863,9518481376,9522063999,N/A,N/A,250726125,250502633,2333621974,2339980114,10994672084,10966660479",0,0,9423819847,9428534592,181726083,181894951,9336844288,9338142388,257359386,257236070,N/A,N/A,248229731,248301949,10966722298,10994756012",0,0,8764052862,8752968485,705714819,688797265,247002128,246664427,182550876,182592001,2370602145,2417256604,N/A,N/A,9172339491,9190376665",0,0,9428625443,9423784276,895436863,896050031,887221783,886610421,1603923304,1591549055,11283375094,11291437361,2339980113,2333621973,N/A,N/A"
1755378501,N/A,N/A,3675933301,3697160988,688797265,705714819,9521797538,9518265328,1591574628,1603936823,9208565922,9242133996,248301940,248229748,17161450553,17116466543",0,0,N/A,N/A,896050031,895436876,9338081693,9336744312,182592602,182551338,250312180,250683708,10837900086,10767298423,17124581476,17178352713",0,0,3314702983,3383992330,N/A,N/A,886608143,887220784,249556943,249136470,13562832093,13536955847,9242133995,9208567283,9181827713,9191507228",0,0,3697856106,3676695944,1422622963,1394036213,N/A,N/A,257236045,257359378,10859898975,10777874611,13536930720,13562877165,12051798263,12050317656",0,0,8750693188,8762144676,1394050376,1422624863,9518481376,9522063999,N/A,N/A,250726125,250502633,2333621974,2339980114,10994672084,10966660479",0,0,9423819847,9428534592,181726083,181894951,9336844288,9338142388,257359386,257236070,N/A,N/A,248229731,248301949,10966722298,10994756012",0,0,8764052862,8752968485,705714819,688797265,247002128,246664427,182550876,182592001,2370602145,2417256604,N/A,N/A,9172339491,9190376665",0,0,9428625443,9423784276,895436863,896050031,887221783,886610421,1603923304,1591549055,11283375094,11291437361,2339980113,2333621973,N/A,N/A"
1755378502,N/A,N/A,3675933301,3697160988,688797265,705714819,9521797538,9518265328,1591574628,1603936823,9208565922,9242133996,248301940,248229748,17161450553,17116466543",0,0,N/A,N/A,896050031,895436876,9338081693,9336744312,182592602,182551338,250312180,250683708,10837900086,10767298423,17124581476,17178352713",0,0,3314702983,3383992330,N/A,N/A,886608143,887220784,249556943,249136470,13562832093,13536955847,9242133995,9208567283,9181827713,9191507228",0,0,3697856106,3676695944,1422622963,1394036213,N/A,N/A,257236045,257359378,10859898975,10777874611,13536930720,13562877165,12051798263,12050317656",0,0,8750693188,8762144676,1394050376,1422624863,9518481376,9522063999,N/A,N/A,250726125,250502633,2333621974,2339980114,10994672084,10966660479",0,0,9423819847,9428534592,181726083,181894951,9336844288,9338142388,257359386,257236070,N/A,N/A,248229731,248301949,10966722298,10994756012",0,0,8764052862,8752968485,705714819,688797265,247002128,246664427,182550876,182592001,2370602145,2417256604,N/A,N/A,9172339491,9190376665",0,0,9428625443,9423784276,895436863,896050031,887221783,886610421,1603923304,1591549055,11283375094,11291437361,2339980113,2333621973,N/A,N/A"
1755378504,N/A,N/A,3675933301,3697160988,688797265,705714819,9521797538,9518265328,1591574628,1603936823,9208565922,9242133996,248301940,248229748,17161450553,17116466543",0,0,N/A,N/A,896050031,895436876,9338081693,9336744312,182592602,182551338,250312180,250683708,10837900086,10767298423,17124581476,17178352713",0,0,3314702983,3383992330,N/A,N/A,886608143,887220784,249556943,249136470,13562832093,13536955847,9242133995,9208567283,9181827713,9191507228",0,0,3697856106,3676695944,1422622963,1394036213,N/A,N/A,257236045,257359378,10859898975,10777874611,13536930720,13562877165,12051798263,12050317656",0,0,8750693188,8762144676,1394050376,1422624863,9518481376,9522063999,N/A,N/A,250726125,250502633,2333621974,2339980114,10994672084,10966660479",0,0,9423819847,9428534592,181726083,181894951,9336844288,9338142388,257359386,257236070,N/A,N/A,248229731,248301949,10966722298,10994756012",0,0,8764052862,8752968485,705714819,688797265,247002128,246664427,182550876,182592001,2370602145,2417256604,N/A,N/A,9172339491,9190376665",0,0,9428625443,9423784276,895436863,896050031,887221783,886610421,1603923304,1591549055,11283375094,11291437361,2339980113,2333621973,N/A,N/A"
1755378505,N/A,N/A,3675933301,3697160988,688797265,705714819,9521797538,9518265328,1591574628,1603936823,9208565922,9242133996,248301940,248229748,17161450553,17116466543",0,0,N/A,N/A,896050031,895436876,9338081693,9336744312,182592602,182551338,250312180,250683708,10837900086,10767298423,17124581476,17178352713",0,0,3314702983,3383992330,N/A,N/A,886608143,887220784,249556943,249136470,13562832093,13536955847,9242133995,9208567283,9181827713,9191507228",0,0,3697856106,3676695944,1422622963,1394036213,N/A,N/A,257236045,257359378,10859898975,10777874611,13536930720,13562877165,12051798263,12050317656",0,0,8750693188,8762144676,1394050376,1422624863,9518481376,9522063999,N/A,N/A,250726125,250502633,2333621974,2339980114,10994672084,10966660479",0,0,9423819847,9428534592,181726083,181894951,9336844288,9338142388,257359386,257236070,N/A,N/A,248229731,248301949,10966722298,10994756012",0,0,8764052862,8752968485,705714819,688797265,247002128,246664427,182550876,182592001,2370602145,2417256604,N/A,N/A,9172339491,9190376665",0,0,9428625443,9423784276,895436863,896050031,887221783,886610421,1603923304,1591549055,11283375094,11291437361,2339980113,2333621973,N/A,N/A"
1755378507,N/A,N/A,3675933301,3697160988,688797265,705714819,9521797538,9518265328,1591574628,1603936823,9208565922,9242133996,248301940,248229748,17161450553,17116466543",0,0,N/A,N/A,896050031,895436876,9338081693,9336744312,182592602,182551338,250312180,250683708,10837900086,10767298423,17124581476,17178352713",0,0,3314702983,3383992330,N/A,N/A,886608143,887220784,249556943,249136470,13562832093,13536955847,9242133995,9208567283,9181827713,9191507228",0,0,3697856106,3676695944,1422622963,1394036213,N/A,N/A,257236045,257359378,10859898975,10777874611,13536930720,13562877165,12051798263,12050317656",0,0,8750693188,8762144676,1394050376,1422624863,9518481376,9522063999,N/A,N/A,250726125,250502633,2333621974,2339980114,10994672084,10966660479",0,0,9423819847,9428534592,181726083,181894951,9336844288,9338142388,257359386,257236070,N/A,N/A,248229731,248301949,10966722298,10994756012",0,0,8764052862,8752968485,705714819,688797265,247002128,246664427,182550876,182592001,2370602145,2417256604,N/A,N/A,9172339491,9190376665",0,0,9428625443,9423784276,895436863,896050031,887221783,886610421,1603923304,1591549055,11283375094,11291437361,2339980113,2333621973,N/A,N/A"
1755378508,N/A,N/A,3675933301,3697160988,688797265,705714819,9521797538,9518265328,1591574628,1603936823,9208565922,9242133996,248301940,248229748,17161450553,17116466543",0,0,N/A,N/A,896050031,895436876,9338081693,9336744312,182592602,182551338,250312180,250683708,10837900086,10767298423,17124581476,17178352713",0,0,3314702983,3383992330,N/A,N/A,886608143,887220784,249556943,249136470,13562832093,13536955847,9242133995,9208567283,9181827713,9191507228",0,0,3697856106,3676695944,1422622963,1394036213,N/A,N/A,257236045,257359378,10859898975,10777874611,13536930720,13562877165,12051798263,12050317656",0,0,8750693188,8762144676,1394050376,1422624863,9518481376,9522063999,N/A,N/A,250726125,250502633,2333621974,2339980114,10994672084,10966660479",0,0,9423819847,9428534592,181726083,181894951,9336844288,9338142388,257359386,257236070,N/A,N/A,248229731,248301949,10966722298,10994756012",0,0,8764052862,8752968485,705714819,688797265,247002128,246664427,182550876,182592001,2370602145,2417256604,N/A,N/A,9172339491,9190376665",0,0,9428625443,9423784276,895436863,896050031,887221783,886610421,1603923304,1591549055,11283375094,11291437361,2339980113,2333621973,N/A,N/A"
1755378509,N/A,N/A,3675933301,3697160988,688797265,705714819,9521797538,9518265328,1591574628,1603936823,9208565922,9242133996,248301940,248229748,17161450553,17116466543",0,0,N/A,N/A,896050031,895436876,9338081693,9336744312,182592602,182551338,250312180,250683708,10837900086,10767298423,17124581476,17178352713",0,0,3314702983,3383992330,N/A,N/A,886608143,887220784,249556943,249136470,13562832093,13536955847,9242133995,9208567283,9181827713,9191507228",0,0,3697856106,3676695944,1422622963,1394036213,N/A,N/A,257236045,257359378,10859898975,10777874611,13536930720,13562877165,12051798263,12050317656",0,0,8750693188,8762144676,1394050376,1422624863,9518481376,9522063999,N/A,N/A,250726125,250502633,2333621974,2339980114,10994672084,10966660479",0,0,9423819847,9428534592,181726083,181894951,9336844288,9338142388,257359386,257236070,N/A,N/A,248229731,248301949,10966722298,10994756012",0,0,8764052862,8752968485,705714819,688797265,247002128,246664427,182550876,182592001,2370602145,2417256604,N/A,N/A,9172339491,9190376665",0,0,9428625443,9423784276,895436863,896050031,887221783,886610421,1603923304,1591549055,11283375094,11291437361,2339980113,2333621973,N/A,N/A"
1755378511,N/A,N/A,3675933301,3697160988,688797265,705714819,9521797538,9518265328,1591574628,1603936823,9208565922,9242133996,248301940,248229748,17161450553,17116466543",0,0,N/A,N/A,896050031,895436876,9338081693,9336744312,182592602,182551338,250312180,250683708,10837900086,10767298423,17124581476,17178352713",0,0,3314702983,3383992330,N/A,N/A,886608143,887220784,249556943,249136470,13562832093,13536955847,9242133995,9208567283,9181827713,9191507228",0,0,3697856106,3676695944,1422622963,1394036213,N/A,N/A,257236045,257359378,10859898975,10777874611,13536930720,13562877165,12051798263,12050317656",0,0,8750693188,8762144676,1394050376,1422624863,9518481376,9522063999,N/A,N/A,250726125,250502633,2333621974,2339980114,10994672084,10966660479",0,0,9423819847,9428534592,181726083,181894951,9336844288,9338142388,257359386,257236070,N/A,N/A,248229731,248301949,10966722298,10994756012",0,0,8764052862,8752968485,705714819,688797265,247002128,246664427,182550876,182592001,2370602145,2417256604,N/A,N/A,9172339491,9190376665",0,0,9428625443,9423784276,895436863,896050031,887221783,886610421,1603923304,1591549055,11283375094,11291437361,2339980113,2333621973,N/A,N/A"
1755378512,N/A,N/A,3675933301,3697160988,688797265,705714819,9521797538,9518265328,1591574628,1603936823,9208565922,9242133996,248301940,248229748,17161450553,17116466543",0,0,N/A,N/A,896050031,895436876,9338081693,9336744312,182592602,182551338,250312180,250683708,10837900086,10767298423,17124581476,17178352713",0,0,3314702983,3383992330,N/A,N/A,886608143,887220784,249556943,249136470,13562832093,13536955847,9242133995,9208567283,9181827713,9191507228",0,0,3697856106,3676695944,1422622963,1394036213,N/A,N/A,257236045,257359378,10859898975,10777874611,13536930720,13562877165,12051798263,12050317656",0,0,8750693188,8762144676,1394050376,1422624863,9518481376,9522063999,N/A,N/A,250726125,250502633,2333621974,2339980114,10994672084,10966660479",0,0,9423819847,9428534592,181726083,181894951,9336844288,9338142388,257359386,257236070,N/A,N/A,248229731,248301949,10966722298,10994756012",0,0,8764052862,8752968485,705714819,688797265,247002128,246664427,182550876,182592001,2370602145,2417256604,N/A,N/A,9172339491,9190376665",0,0,9428625443,9423784276,895436863,896050031,887221783,886610421,1603923304,1591549055,11283375094,11291437361,2339980113,2333621973,N/A,N/A"
1755378514,N/A,N/A,3675933301,3697160988,688797265,705714819,9521797538,9518265328,1591574628,1603936823,9208565922,9242133996,248301940,248229748,17161450553,17116466543",0,0,N/A,N/A,896050031,895436876,9338081693,9336744312,182592602,182551338,250312180,250683708,10837900086,10767298423,17124581476,17178352713",0,0,3314702983,3383992330,N/A,N/A,886608143,887220784,249556943,249136470,13562832093,13536955847,9242133995,9208567283,9181827713,9191507228",0,0,3697856106,3676695944,1422622963,1394036213,N/A,N/A,257236045,257359378,10859898975,10777874611,13536930720,13562877165,12051798263,12050317656",0,0,8750693188,8762144676,1394050376,1422624863,9518481376,9522063999,N/A,N/A,250726125,250502633,2333621974,2339980114,10994672084,10966660479",0,0,9423819847,9428534592,181726083,181894951,9336844288,9338142388,257359386,257236070,N/A,N/A,248229731,248301949,10966722298,10994756012",0,0,8764052862,8752968485,705714819,688797265,247002128,246664427,182550876,182592001,2370602145,2417256604,N/A,N/A,9172339491,9190376665",0,0,9428625443,9423784276,895436863,896050031,887221783,886610421,1603923304,1591549055,11283375094,11291437361,2339980113,2333621973,N/A,N/A"
1755378515,N/A,N/A,3675933301,3697160988,688797265,705714819,9521797538,9518265328,1591574628,1603936823,9208565922,9242133996,248301940,248229748,17161450553,17116466543",0,0,N/A,N/A,896050031,895436876,9338081693,9336744312,182592602,182551338,250312180,250683708,10837900086,10767298423,17124581476,17178352713",0,0,3314702983,3383992330,N/A,N/A,886608143,887220784,249556943,249136470,13562832093,13536955847,9242133995,9208567283,9181827713,9191507228",0,0,3697856106,3676695944,1422622963,1394036213,N/A,N/A,257236045,257359378,10859898975,10777874611,13536930720,13562877165,12051798263,12050317656",0,0,8750693188,8762144676,1394050376,1422624863,9518481376,9522063999,N/A,N/A,250726125,250502633,2333621974,2339980114,10994672084,10966660479",0,0,9423819847,9428534592,181726083,181894951,9336844288,9338142388,257359386,257236070,N/A,N/A,248229731,248301949,10966722298,10994756012",0,0,8764052862,8752968485,705714819,688797265,247002128,246664427,182550876,182592001,2370602145,2417256604,N/A,N/A,9172339491,9190376665",0,0,9428625443,9423784276,895436863,896050031,887221783,886610421,1603923304,1591549055,11283375094,11291437361,2339980113,2333621973,N/A,N/A"
1755378517,N/A,N/A,3675933301,3697160988,688797265,705714819,9521797538,9518265328,1591574628,1603936823,9208565922,9242133996,248301940,248229748,17161450553,17116466543",0,0,N/A,N/A,896050031,895436876,9338081693,9336744312,182592602,182551338,250312180,250683708,10837900086,10767298423,17124581476,17178352713",0,0,3314702983,3383992330,N/A,N/A,886608143,887220784,249556943,249136470,13562832093,13536955847,9242133995,9208567283,9181827713,9191507228",0,0,3697856106,3676695944,1422622963,1394036213,N/A,N/A,257236045,257359378,10859898975,10777874611,13536930720,13562877165,12051798263,12050317656",0,0,8750693188,8762144676,1394050376,1422624863,9518481376,9522063999,N/A,N/A,250726125,250502633,2333621974,2339980114,10994672084,10966660479",0,0,9423819847,9428534592,181726083,181894951,9336844288,9338142388,257359386,257236070,N/A,N/A,248229731,248301949,10966722298,10994756012",0,0,8764052862,8752968485,705714819,688797265,247002128,246664427,182550876,182592001,2370602145,2417256604,N/A,N/A,9172339491,9190376665",0,0,9428625443,9423784276,895436863,896050031,887221783,886610421,1603923304,1591549055,11283375094,11291437361,2339980113,2333621973,N/A,N/A"
1755378518,N/A,N/A,3675933301,3697160988,688797265,705714819,9521797538,9518265328,1591574628,1603936823,9208565922,9242133996,248301940,248229748,17161450553,17116466543",0,0,N/A,N/A,896050031,895436876,9338081693,9336744312,182592602,182551338,250312180,250683708,10837900086,10767298423,17124581476,17178352713",0,0,3314702983,3383992330,N/A,N/A,886608143,887220784,249556943,249136470,13562832093,13536955847,9242133995,9208567283,9181827713,9191507228",0,0,3697856106,3676695944,1422622963,1394036213,N/A,N/A,257236045,257359378,10859898975,10777874611,13536930720,13562877165,12051798263,12050317656",0,0,8750693188,8762144676,1394050376,1422624863,9518481376,9522063999,N/A,N/A,250726125,250502633,2333621974,2339980114,10994672084,10966660479",0,0,9423819847,9428534592,181726083,181894951,9336844288,9338142388,257359386,257236070,N/A,N/A,248229731,248301949,10966722298,10994756012",0,0,8764052862,8752968485,705714819,688797265,247002128,246664427,182550876,182592001,2370602145,2417256604,N/A,N/A,9172339491,9190376665",0,0,9428625443,9423784276,895436863,896050031,887221783,886610421,1603923304,1591549055,11283375094,11291437361,2339980113,2333621973,N/A,N/A"
1755378520,N/A,N/A,3675933301,3697160988,688797265,705714819,9521797538,9518265328,1591574628,1603936823,9208565922,9242133996,248301940,248229748,17161450553,17116466543",0,0,N/A,N/A,896050031,895436876,9338081693,9336744312,182592602,182551338,250312180,250683708,10837900086,10767298423,17124581476,17178352713",0,0,3314702983,3383992330,N/A,N/A,886608143,887220784,249556943,249136470,13562832093,13536955847,9242133995,9208567283,9181827713,9191507228",0,0,3697856106,3676695944,1422622963,1394036213,N/A,N/A,257236045,257359378,10859898975,10777874611,13536930720,13562877165,12051798263,12050317656",0,0,8750693188,8762144676,1394050376,1422624863,9518481376,9522063999,N/A,N/A,250726125,250502633,2333621974,2339980114,10994672084,10966660479",0,0,9423819847,9428534592,181726083,181894951,9336844288,9338142388,257359386,257236070,N/A,N/A,248229731,248301949,10966722298,10994756012",0,0,8764052862,8752968485,705714819,688797265,247002128,246664427,182550876,182592001,2370602145,2417256604,N/A,N/A,9172339491,9190376665",0,0,9428625443,9423784276,895436863,896050031,887221783,886610421,1603923304,1591549055,11283375094,11291437361,2339980113,2333621973,N/A,N/A"
1755378521,N/A,N/A,3675933301,3697160988,688797265,705714819,9521797538,9518265328,1591574628,1603936823,9208565922,9242133996,248301940,248229748,17161450553,17116466543",0,0,N/A,N/A,896050031,895436876,9338081693,9336744312,182592602,182551338,250312180,250683708,10837900086,10767298423,17124581476,17178352713",0,0,3314702983,3383992330,N/A,N/A,886608143,887220784,249556943,249136470,13562832093,13536955847,9242133995,9208567283,9181827713,9191507228",0,0,3697856106,3676695944,1422622963,1394036213,N/A,N/A,257236045,257359378,10859898975,10777874611,13536930720,13562877165,12051798263,12050317656",0,0,8750693188,8762144676,1394050376,1422624863,9518481376,9522063999,N/A,N/A,250726125,250502633,2333621974,2339980114,10994672084,10966660479",0,0,9423819847,9428534592,181726083,181894951,9336844288,9338142388,257359386,257236070,N/A,N/A,248229731,248301949,10966722298,10994756012",0,0,8764052862,8752968485,705714819,688797265,247002128,246664427,182550876,182592001,2370602145,2417256604,N/A,N/A,9172339491,9190376665",0,0,9428625443,9423784276,895436863,896050031,887221783,886610421,1603923304,1591549055,11283375094,11291437361,2339980113,2333621973,N/A,N/A"
1755378523,N/A,N/A,3675933301,3697160988,688797265,705714819,9521797538,9518265328,1591574628,1603936823,9208565922,9242133996,248301940,248229748,17161450553,17116466543",0,0,N/A,N/A,896050031,895436876,9338081693,9336744312,182592602,182551338,250312180,250683708,10837900086,10767298423,17124581476,17178352713",0,0,3314702983,3383992330,N/A,N/A,886608143,887220784,249556943,249136470,13562832093,13536955847,9242133995,9208567283,9181827713,9191507228",0,0,3697856106,3676695944,1422622963,1394036213,N/A,N/A,257236045,257359378,10859898975,10777874611,13536930720,13562877165,12051798263,12050317656",0,0,8750693188,8762144676,1394050376,1422624863,9518481376,9522063999,N/A,N/A,250726125,250502633,2333621974,2339980114,10994672084,10966660479",0,0,9423819847,9428534592,181726083,181894951,9336844288,9338142388,257359386,257236070,N/A,N/A,248229731,248301949,10966722298,10994756012",0,0,8764052862,8752968485,705714819,688797265,247002128,246664427,182550876,182592001,2370602145,2417256604,N/A,N/A,9172339491,9190376665",0,0,9428625443,9423784276,895436863,896050031,887221783,886610421,1603923304,1591549055,11283375094,11291437361,2339980113,2333621973,N/A,N/A"
1755378524,N/A,N/A,3675933301,3697160988,688797265,705714819,9521797538,9518265328,1591574628,1603936823,9208565922,9242133996,248301940,248229748,17161450553,17116466543",0,0,N/A,N/A,896050031,895436876,9338081693,9336744312,182592602,182551338,250312180,250683708,10837900086,10767298423,17124581476,17178352713",0,0,3314702983,3383992330,N/A,N/A,886608143,887220784,249556943,249136470,13562832093,13536955847,9242133995,9208567283,9181827713,9191507228",0,0,3697856106,3676695944,1422622963,1394036213,N/A,N/A,257236045,257359378,10859898975,10777874611,13536930720,13562877165,12051798263,12050317656",0,0,8750693188,8762144676,1394050376,1422624863,9518481376,9522063999,N/A,N/A,250726125,250502633,2333621974,2339980114,10994672084,10966660479",0,0,9423819847,9428534592,181726083,181894951,9336844288,9338142388,257359386,257236070,N/A,N/A,248229731,248301949,10966722298,10994756012",0,0,8764052862,8752968485,705714819,688797265,247002128,246664427,182550876,182592001,2370602145,2417256604,N/A,N/A,9172339491,9190376665",0,0,9428625443,9423784276,895436863,896050031,887221783,886610421,1603923304,1591549055,11283375094,11291437361,2339980113,2333621973,N/A,N/A"
1755378526,N/A,N/A,3675933301,3697160988,688797265,705714819,9521797538,9518265328,1591574628,1603936823,9208565922,9242133996,248301940,248229748,17161450553,17116466543",0,0,N/A,N/A,896050031,895436876,9338081693,9336744312,182592602,182551338,250312180,250683708,10837900086,10767298423,17124581476,17178352713",0,0,3314702983,3383992330,N/A,N/A,886608143,887220784,249556943,249136470,13562832093,13536955847,9242133995,9208567283,9181827713,9191507228",0,0,3697856106,3676695944,1422622963,1394036213,N/A,N/A,257236045,257359378,10859898975,10777874611,13536930720,13562877165,12051798263,12050317656",0,0,8750693188,8762144676,1394050376,1422624863,9518481376,9522063999,N/A,N/A,250726125,250502633,2333621974,2339980114,10994672084,10966660479",0,0,9423819847,9428534592,181726083,181894951,9336844288,9338142388,257359386,257236070,N/A,N/A,248229731,248301949,10966722298,10994756012",0,0,8764052862,8752968485,705714819,688797265,247002128,246664427,182550876,182592001,2370602145,2417256604,N/A,N/A,9172339491,9190376665",0,0,9428625443,9423784276,895436863,896050031,887221783,886610421,1603923304,1591549055,11283375094,11291437361,2339980113,2333621973,N/A,N/A"
1755378527,N/A,N/A,3675933301,3697160988,688797265,705714819,9521797538,9518265328,1591574628,1603936823,9208565922,9242133996,248301940,248229748,17161450553,17116466543",0,0,N/A,N/A,896050031,895436876,9338081693,9336744312,182592602,182551338,250312180,250683708,10837900086,10767298423,17124581476,17178352713",0,0,3314702983,3383992330,N/A,N/A,886608143,887220784,249556943,249136470,13562832093,13536955847,9242133995,9208567283,9181827713,9191507228",0,0,3697856106,3676695944,1422622963,1394036213,N/A,N/A,257236045,257359378,10859898975,10777874611,13536930720,13562877165,12051798263,12050317656",0,0,8750693188,8762144676,1394050376,1422624863,9518481376,9522063999,N/A,N/A,250726125,250502633,2333621974,2339980114,10994672084,10966660479",0,0,9423819847,9428534592,181726083,181894951,9336844288,9338142388,257359386,257236070,N/A,N/A,248229731,248301949,10966722298,10994756012",0,0,8764052862,8752968485,705714819,688797265,247002128,246664427,182550876,182592001,2370602145,2417256604,N/A,N/A,9172339491,9190376665",0,0,9428625443,9423784276,895436863,896050031,887221783,886610421,1603923304,1591549055,11283375094,11291437361,2339980113,2333621973,N/A,N/A"
1755378528,N/A,N/A,3675933301,3697160988,688797265,705714819,9521797538,9518265328,1591574628,1603936823,9208565922,9242133996,248301940,248229748,17161450553,17116466543",0,0,N/A,N/A,896050031,895436876,9338081693,9336744312,182592602,182551338,250312180,250683708,10837900086,10767298423,17124581476,17178352713",0,0,3314702983,3383992330,N/A,N/A,886608143,887220784,249556943,249136470,13562832093,13536955847,9242133995,9208567283,9181827713,9191507228",0,0,3697856106,3676695944,1422622963,1394036213,N/A,N/A,257236045,257359378,10859898975,10777874611,13536930720,13562877165,12051798263,12050317656",0,0,8750693188,8762144676,1394050376,1422624863,9518481376,9522063999,N/A,N/A,250726125,250502633,2333621974,2339980114,10994672084,10966660479",0,0,9423819847,9428534592,181726083,181894951,9336844288,9338142388,257359386,257236070,N/A,N/A,248229731,248301949,10966722298,10994756012",0,0,8764052862,8752968485,705714819,688797265,247002128,246664427,182550876,182592001,2370602145,2417256604,N/A,N/A,9172339491,9190376665",0,0,9428625443,9423784276,895436863,896050031,887221783,886610421,1603923304,1591549055,11283375094,11291437361,2339980113,2333621973,N/A,N/A"
1755378530,N/A,N/A,3675933301,3697160988,688797265,705714819,9521797538,9518265328,1591574628,1603936823,9208565922,9242133996,248301940,248229748,17161450553,17116466543",0,0,N/A,N/A,896050031,895436876,9338081693,9336744312,182592602,182551338,250312180,250683708,10837900086,10767298423,17124581476,17178352713",0,0,3314702983,3383992330,N/A,N/A,886608143,887220784,249556943,249136470,13562832093,13536955847,9242133995,9208567283,9181827713,9191507228",0,0,3697856106,3676695944,1422622963,1394036213,N/A,N/A,257236045,257359378,10859898975,10777874611,13536930720,13562877165,12051798263,12050317656",0,0,8750693188,8762144676,1394050376,1422624863,9518481376,9522063999,N/A,N/A,250726125,250502633,2333621974,2339980114,10994672084,10966660479",0,0,9423819847,9428534592,181726083,181894951,9336844288,9338142388,257359386,257236070,N/A,N/A,248229731,248301949,10966722298,10994756012",0,0,8764052862,8752968485,705714819,688797265,247002128,246664427,182550876,182592001,2370602145,2417256604,N/A,N/A,9172339491,9190376665",0,0,9428625443,9423784276,895436863,896050031,887221783,886610421,1603923304,1591549055,11283375094,11291437361,2339980113,2333621973,N/A,N/A"
1755378531,N/A,N/A,3675933301,3697160988,688797265,705714819,9521797538,9518265328,1591574628,1603936823,9208565922,9242133996,248301940,248229748,17161450553,17116466543",0,0,N/A,N/A,896050031,895436876,9338081693,9336744312,182592602,182551338,250312180,250683708,10837900086,10767298423,17124581476,17178352713",0,0,3314702983,3383992330,N/A,N/A,886608143,887220784,249556943,249136470,13562832093,13536955847,9242133995,9208567283,9181827713,9191507228",0,0,3697856106,3676695944,1422622963,1394036213,N/A,N/A,257236045,257359378,10859898975,10777874611,13536930720,13562877165,12051798263,12050317656",0,0,8750693188,8762144676,1394050376,1422624863,9518481376,9522063999,N/A,N/A,250726125,250502633,2333621974,2339980114,10994672084,10966660479",0,0,9423819847,9428534592,181726083,181894951,9336844288,9338142388,257359386,257236070,N/A,N/A,248229731,248301949,10966722298,10994756012",0,0,8764052862,8752968485,705714819,688797265,247002128,246664427,182550876,182592001,2370602145,2417256604,N/A,N/A,9172339491,9190376665",0,0,9428625443,9423784276,895436863,896050031,887221783,886610421,1603923304,1591549055,11283375094,11291437361,2339980113,2333621973,N/A,N/A"
1755378533,N/A,N/A,3675933301,3697160988,688797265,705714819,9521797538,9518265328,1591574628,1603936823,9208565922,9242133996,248301940,248229748,17161450553,17116466543",0,0,N/A,N/A,896050031,895436876,9338081693,9336744312,182592602,182551338,250312180,250683708,10837900086,10767298423,17124581476,17178352713",0,0,3314702983,3383992330,N/A,N/A,886608143,887220784,249556943,249136470,13562832093,13536955847,9242133995,9208567283,9181827713,9191507228",0,0,3697856106,3676695944,1422622963,1394036213,N/A,N/A,257236045,257359378,10859898975,10777874611,13536930720,13562877165,12051798263,12050317656",0,0,8750693188,8762144676,1394050376,1422624863,9518481376,9522063999,N/A,N/A,250726125,250502633,2333621974,2339980114,10994672084,10966660479",0,0,9423819847,9428534592,181726083,181894951,9336844288,9338142388,257359386,257236070,N/A,N/A,248229731,248301949,10966722298,10994756012",0,0,8764052862,8752968485,705714819,688797265,247002128,246664427,182550876,182592001,2370602145,2417256604,N/A,N/A,9172339491,9190376665",0,0,9428625443,9423784276,895436863,896050031,887221783,886610421,1603923304,1591549055,11283375094,11291437361,2339980113,2333621973,N/A,N/A"
1755378534,N/A,N/A,3675933301,3697160988,688797265,705714819,9521797538,9518265328,1591574628,1603936823,9208565922,9242133996,248301940,248229748,17161450553,17116466543",0,0,N/A,N/A,896050031,895436876,9338081693,9336744312,182592602,182551338,250312180,250683708,10837900086,10767298423,17124581476,17178352713",0,0,3314702983,3383992330,N/A,N/A,886608143,887220784,249556943,249136470,13562832093,13536955847,9242133995,9208567283,9181827713,9191507228",0,0,3697856106,3676695944,1422622963,1394036213,N/A,N/A,257236045,257359378,10859898975,10777874611,13536930720,13562877165,12051798263,12050317656",0,0,8750693188,8762144676,1394050376,1422624863,9518481376,9522063999,N/A,N/A,250726125,250502633,2333621974,2339980114,10994672084,10966660479",0,0,9423819847,9428534592,181726083,181894951,9336844288,9338142388,257359386,257236070,N/A,N/A,248229731,248301949,10966722298,10994756012",0,0,8764052862,8752968485,705714819,688797265,247002128,246664427,182550876,182592001,2370602145,2417256604,N/A,N/A,9172339491,9190376665",0,0,9428625443,9423784276,895436863,896050031,887221783,886610421,1603923304,1591549055,11283375094,11291437361,2339980113,2333621973,N/A,N/A"
1755378536,N/A,N/A,3675933301,3697160988,688797265,705714819,9521797538,9518265328,1591574628,1603936823,9208565922,9242133996,248301940,248229748,17161450553,17116466543",0,0,N/A,N/A,896050031,895436876,9338081693,9336744312,182592602,182551338,250312180,250683708,10837900086,10767298423,17124581476,17178352713",0,0,3314702983,3383992330,N/A,N/A,886608143,887220784,249556943,249136470,13562832093,13536955847,9242133995,9208567283,9181827713,9191507228",0,0,3697856106,3676695944,1422622963,1394036213,N/A,N/A,257236045,257359378,10859898975,10777874611,13536930720,13562877165,12051798263,12050317656",0,0,8750693188,8762144676,1394050376,1422624863,9518481376,9522063999,N/A,N/A,250726125,250502633,2333621974,2339980114,10994672084,10966660479",0,0,9423819847,9428534592,181726083,181894951,9336844288,9338142388,257359386,257236070,N/A,N/A,248229731,248301949,10966722298,10994756012",0,0,8764052862,8752968485,705714819,688797265,247002128,246664427,182550876,182592001,2370602145,2417256604,N/A,N/A,9172339491,9190376665",0,0,9428625443,9423784276,895436863,896050031,887221783,886610421,1603923304,1591549055,11283375094,11291437361,2339980113,2333621973,N/A,N/A"
1755378537,N/A,N/A,3675933301,3697160988,688797265,705714819,9521797538,9518265328,1591574628,1603936823,9208565922,9242133996,248301940,248229748,17161450553,17116466543",0,0,N/A,N/A,896050031,895436876,9338081693,9336744312,182592602,182551338,250312180,250683708,10837900086,10767298423,17124581476,17178352713",0,0,3314702983,3383992330,N/A,N/A,886608143,887220784,249556943,249136470,13562832093,13536955847,9242133995,9208567283,9181827713,9191507228",0,0,3697856106,3676695944,1422622963,1394036213,N/A,N/A,257236045,257359378,10859898975,10777874611,13536930720,13562877165,12051798263,12050317656",0,0,8750693188,8762144676,1394050376,1422624863,9518481376,9522063999,N/A,N/A,250726125,250502633,2333621974,2339980114,10994672084,10966660479",0,0,9423819847,9428534592,181726083,181894951,9336844288,9338142388,257359386,257236070,N/A,N/A,248229731,248301949,10966722298,10994756012",0,0,8764052862,8752968485,705714819,688797265,247002128,246664427,182550876,182592001,2370602145,2417256604,N/A,N/A,9172339491,9190376665",0,0,9428625443,9423784276,895436863,896050031,887221783,886610421,1603923304,1591549055,11283375094,11291437361,2339980113,2333621973,N/A,N/A"
1755378539,N/A,N/A,3675933301,3697160988,688797265,705714819,9521797538,9518265328,1591574628,1603936823,9208565922,9242133996,248301940,248229748,17161450553,17116466543",0,0,N/A,N/A,896050031,895436876,9338081693,9336744312,182592602,182551338,250312180,250683708,10837900086,10767298423,17124581476,17178352713",0,0,3314702983,3383992330,N/A,N/A,886608143,887220784,249556943,249136470,13562832093,13536955847,9242133995,9208567283,9181827713,9191507228",0,0,3697856106,3676695944,1422622963,1394036213,N/A,N/A,257236045,257359378,10859898975,10777874611,13536930720,13562877165,12051798263,12050317656",0,0,8750693188,8762144676,1394050376,1422624863,9518481376,9522063999,N/A,N/A,250726125,250502633,2333621974,2339980114,10994672084,10966660479",0,0,9423819847,9428534592,181726083,181894951,9336844288,9338142388,257359386,257236070,N/A,N/A,248229731,248301949,10966722298,10994756012",0,0,8764052862,8752968485,705714819,688797265,247002128,246664427,182550876,182592001,2370602145,2417256604,N/A,N/A,9172339491,9190376665",0,0,9428625443,9423784276,895436863,896050031,887221783,886610421,1603923304,1591549055,11283375094,11291437361,2339980113,2333621973,N/A,N/A"
1755378540,N/A,N/A,3675933301,3697160988,688797265,705714819,9521797538,9518265328,1591574628,1603936823,9208565922,9242133996,248301940,248229748,17161450553,17116466543",0,0,N/A,N/A,896050031,895436876,9338081693,9336744312,182592602,182551338,250312180,250683708,10837900086,10767298423,17124581476,17178352713",0,0,3314702983,3383992330,N/A,N/A,886608143,887220784,249556943,249136470,13562832093,13536955847,9242133995,9208567283,9181827713,9191507228",0,0,3697856106,3676695944,1422622963,1394036213,N/A,N/A,257236045,257359378,10859898975,10777874611,13536930720,13562877165,12051798263,12050317656",0,0,8750693188,8762144676,1394050376,1422624863,9518481376,9522063999,N/A,N/A,250726125,250502633,2333621974,2339980114,10994672084,10966660479",0,0,9423819847,9428534592,181726083,181894951,9336844288,9338142388,257359386,257236070,N/A,N/A,248229731,248301949,10966722298,10994756012",0,0,8764052862,8752968485,705714819,688797265,247002128,246664427,182550876,182592001,2370602145,2417256604,N/A,N/A,9172339491,9190376665",0,0,9428625443,9423784276,895436863,896050031,887221783,886610421,1603923304,1591549055,11283375094,11291437361,2339980113,2333621973,N/A,N/A"
1755378542,N/A,N/A,3675933301,3697160988,688797265,705714819,9521797538,9518265328,1591574628,1603936823,9208565922,9242133996,248301940,248229748,17161450553,17116466543",0,0,N/A,N/A,896050031,895436876,9338081693,9336744312,182592602,182551338,250312180,250683708,10837900086,10767298423,17124581476,17178352713",0,0,3314702983,3383992330,N/A,N/A,886608143,887220784,249556943,249136470,13562832093,13536955847,9242133995,9208567283,9181827713,9191507228",0,0,3697856106,3676695944,1422622963,1394036213,N/A,N/A,257236045,257359378,10859898975,10777874611,13536930720,13562877165,12051798263,12050317656",0,0,8750693188,8762144676,1394050376,1422624863,9518481376,9522063999,N/A,N/A,250726125,250502633,2333621974,2339980114,10994672084,10966660479",0,0,9423819847,9428534592,181726083,181894951,9336844288,9338142388,257359386,257236070,N/A,N/A,248229731,248301949,10966722298,10994756012",0,0,8764052862,8752968485,705714819,688797265,247002128,246664427,182550876,182592001,2370602145,2417256604,N/A,N/A,9172339491,9190376665",0,0,9428625443,9423784276,895436863,896050031,887221783,886610421,1603923304,1591549055,11283375094,11291437361,2339980113,2333621973,N/A,N/A"
1755378543,N/A,N/A,3675933301,3697160988,688797265,705714819,9521797538,9518265328,1591574628,1603936823,9208565922,9242133996,248301940,248229748,17161450553,17116466543",0,0,N/A,N/A,896050031,895436876,9338081693,9336744312,182592602,182551338,250312180,250683708,10837900086,10767298423,17124581476,17178352713",0,0,3314702983,3383992330,N/A,N/A,886608143,887220784,249556943,249136470,13562832093,13536955847,9242133995,9208567283,9181827713,9191507228",0,0,3697856106,3676695944,1422622963,1394036213,N/A,N/A,257236045,257359378,10859898975,10777874611,13536930720,13562877165,12051798263,12050317656",0,0,8750693188,8762144676,1394050376,1422624863,9518481376,9522063999,N/A,N/A,250726125,250502633,2333621974,2339980114,10994672084,10966660479",0,0,9423819847,9428534592,181726083,181894951,9336844288,9338142388,257359386,257236070,N/A,N/A,248229731,248301949,10966722298,10994756012",0,0,8764052862,8752968485,705714819,688797265,247002128,246664427,182550876,182592001,2370602145,2417256604,N/A,N/A,9172339491,9190376665",0,0,9428625443,9423784276,895436863,896050031,887221783,886610421,1603923304,1591549055,11283375094,11291437361,2339980113,2333621973,N/A,N/A"
1755378545,N/A,N/A,3675933301,3697160988,688797265,705714819,9521797538,9518265328,1591574628,1603936823,9208565922,9242133996,248301940,248229748,17161450553,17116466543",0,0,N/A,N/A,896050031,895436876,9338081693,9336744312,182592602,182551338,250312180,250683708,10837900086,10767298423,17124581476,17178352713",0,0,3314702983,3383992330,N/A,N/A,886608143,887220784,249556943,249136470,13562832093,13536955847,9242133995,9208567283,9181827713,9191507228",0,0,3697856106,3676695944,1422622963,1394036213,N/A,N/A,257236045,257359378,10859898975,10777874611,13536930720,13562877165,12051798263,12050317656",0,0,8750693188,8762144676,1394050376,1422624863,9518481376,9522063999,N/A,N/A,250726125,250502633,2333621974,2339980114,10994672084,10966660479",0,0,9423819847,9428534592,181726083,181894951,9336844288,9338142388,257359386,257236070,N/A,N/A,248229731,248301949,10966722298,10994756012",0,0,8764052862,8752968485,705714819,688797265,247002128,246664427,182550876,182592001,2370602145,2417256604,N/A,N/A,9172339491,9190376665",0,0,9428625443,9423784276,895436863,896050031,887221783,886610421,1603923304,1591549055,11283375094,11291437361,2339980113,2333621973,N/A,N/A"
1755378546,N/A,N/A,3675933301,3697160988,688797265,705714819,9521797538,9518265328,1591574628,1603936823,9208565922,9242133996,248301940,248229748,17161450553,17116466543",0,0,N/A,N/A,896050031,895436876,9338081693,9336744312,182592602,182551338,250312180,250683708,10837900086,10767298423,17124581476,17178352713",0,0,3314702983,3383992330,N/A,N/A,886608143,887220784,249556943,249136470,13562832093,13536955847,9242133995,9208567283,9181827713,9191507228",0,0,3697856106,3676695944,1422622963,1394036213,N/A,N/A,257236045,257359378,10859898975,10777874611,13536930720,13562877165,12051798263,12050317656",0,0,8750693188,8762144676,1394050376,1422624863,9518481376,9522063999,N/A,N/A,250726125,250502633,2333621974,2339980114,10994672084,10966660479",0,0,9423819847,9428534592,181726083,181894951,9336844288,9338142388,257359386,257236070,N/A,N/A,248229731,248301949,10966722298,10994756012",0,0,8764052862,8752968485,705714819,688797265,247002128,246664427,182550876,182592001,2370602145,2417256604,N/A,N/A,9172339491,9190376665",0,0,9428625443,9423784276,895436863,896050031,887221783,886610421,1603923304,1591549055,11283375094,11291437361,2339980113,2333621973,N/A,N/A"
1755378548,N/A,N/A,3675933301,3697160988,688797265,705714819,9521797538,9518265328,1591574628,1603936823,9208565922,9242133996,248301940,248229748,17161450553,17116466543",0,0,N/A,N/A,896050031,895436876,9338081693,9336744312,182592602,182551338,250312180,250683708,10837900086,10767298423,17124581476,17178352713",0,0,3314702983,3383992330,N/A,N/A,886608143,887220784,249556943,249136470,13562832093,13536955847,9242133995,9208567283,9181827713,9191507228",0,0,3697856106,3676695944,1422622963,1394036213,N/A,N/A,257236045,257359378,10859898975,10777874611,13536930720,13562877165,12051798263,12050317656",0,0,8750693188,8762144676,1394050376,1422624863,9518481376,9522063999,N/A,N/A,250726125,250502633,2333621974,2339980114,10994672084,10966660479",0,0,9423819847,9428534592,181726083,181894951,9336844288,9338142388,257359386,257236070,N/A,N/A,248229731,248301949,10966722298,10994756012",0,0,8764052862,8752968485,705714819,688797265,247002128,246664427,182550876,182592001,2370602145,2417256604,N/A,N/A,9172339491,9190376665",0,0,9428625443,9423784276,895436863,896050031,887221783,886610421,1603923304,1591549055,11283375094,11291437361,2339980113,2333621973,N/A,N/A"
1755378549,N/A,N/A,3675933301,3697160988,688797265,705714819,9521797538,9518265328,1591574628,1603936823,9208565922,9242133996,248301940,248229748,17161450553,17116466543",0,0,N/A,N/A,896050031,895436876,9338081693,9336744312,182592602,182551338,250312180,250683708,10837900086,10767298423,17124581476,17178352713",0,0,3314702983,3383992330,N/A,N/A,886608143,887220784,249556943,249136470,13562832093,13536955847,9242133995,9208567283,9181827713,9191507228",0,0,3697856106,3676695944,1422622963,1394036213,N/A,N/A,257236045,257359378,10859898975,10777874611,13536930720,13562877165,12051798263,12050317656",0,0,8750693188,8762144676,1394050376,1422624863,9518481376,9522063999,N/A,N/A,250726125,250502633,2333621974,2339980114,10994672084,10966660479",0,0,9423819847,9428534592,181726083,181894951,9336844288,9338142388,257359386,257236070,N/A,N/A,248229731,248301949,10966722298,10994756012",0,0,8764052862,8752968485,705714819,688797265,247002128,246664427,182550876,182592001,2370602145,2417256604,N/A,N/A,9172339491,9190376665",0,0,9428625443,9423784276,895436863,896050031,887221783,886610421,1603923304,1591549055,11283375094,11291437361,2339980113,2333621973,N/A,N/A"
1755378551,N/A,N/A,3675933301,3697160988,688797265,705714819,9521797538,9518265328,1591574628,1603936823,9208565922,9242133996,248301940,248229748,17161450553,17116466543",0,0,N/A,N/A,896050031,895436876,9338081693,9336744312,182592602,182551338,250312180,250683708,10837900086,10767298423,17124581476,17178352713",0,0,3314702983,3383992330,N/A,N/A,886608143,887220784,249556943,249136470,13562832093,13536955847,9242133995,9208567283,9181827713,9191507228",0,0,3697856106,3676695944,1422622963,1394036213,N/A,N/A,257236045,257359378,10859898975,10777874611,13536930720,13562877165,12051798263,12050317656",0,0,8750693188,8762144676,1394050376,1422624863,9518481376,9522063999,N/A,N/A,250726125,250502633,2333621974,2339980114,10994672084,10966660479",0,0,9423819847,9428534592,181726083,181894951,9336844288,9338142388,257359386,257236070,N/A,N/A,248229731,248301949,10966722298,10994756012",0,0,8764052862,8752968485,705714819,688797265,247002128,246664427,182550876,182592001,2370602145,2417256604,N/A,N/A,9172339491,9190376665",0,0,9428625443,9423784276,895436863,896050031,887221783,886610421,1603923304,1591549055,11283375094,11291437361,2339980113,2333621973,N/A,N/A"
1755378552,N/A,N/A,3675933301,3697160988,688797265,705714819,9521797538,9518265328,1591574628,1603936823,9208565922,9242133996,248301940,248229748,17161450553,17116466543",0,0,N/A,N/A,896050031,895436876,9338081693,9336744312,182592602,182551338,250312180,250683708,10837900086,10767298423,17124581476,17178352713",0,0,3314702983,3383992330,N/A,N/A,886608143,887220784,249556943,249136470,13562832093,13536955847,9242133995,9208567283,9181827713,9191507228",0,0,3697856106,3676695944,1422622963,1394036213,N/A,N/A,257236045,257359378,10859898975,10777874611,13536930720,13562877165,12051798263,12050317656",0,0,8750693188,8762144676,1394050376,1422624863,9518481376,9522063999,N/A,N/A,250726125,250502633,2333621974,2339980114,10994672084,10966660479",0,0,9423819847,9428534592,181726083,181894951,9336844288,9338142388,257359386,257236070,N/A,N/A,248229731,248301949,10966722298,10994756012",0,0,8764052862,8752968485,705714819,688797265,247002128,246664427,182550876,182592001,2370602145,2417256604,N/A,N/A,9172339491,9190376665",0,0,9428625443,9423784276,895436863,896050031,887221783,886610421,1603923304,1591549055,11283375094,11291437361,2339980113,2333621973,N/A,N/A"
1755378553,N/A,N/A,3675933301,3697160988,688797265,705714819,9521797538,9518265328,1591574628,1603936823,9208565922,9242133996,248301940,248229748,17161450553,17116466543",0,0,N/A,N/A,896050031,895436876,9338081693,9336744312,182592602,182551338,250312180,250683708,10837900086,10767298423,17124581476,17178352713",0,0,3314702983,3383992330,N/A,N/A,886608143,887220784,249556943,249136470,13562832093,13536955847,9242133995,9208567283,9181827713,9191507228",0,0,3697856106,3676695944,1422622963,1394036213,N/A,N/A,257236045,257359378,10859898975,10777874611,13536930720,13562877165,12051798263,12050317656",0,0,8750693188,8762144676,1394050376,1422624863,9518481376,9522063999,N/A,N/A,250726125,250502633,2333621974,2339980114,10994672084,10966660479",0,0,9423819847,9428534592,181726083,181894951,9336844288,9338142388,257359386,257236070,N/A,N/A,248229731,248301949,10966722298,10994756012",0,0,8764052862,8752968485,705714819,688797265,247002128,246664427,182550876,182592001,2370602145,2417256604,N/A,N/A,9172339491,9190376665",0,0,9428625443,9423784276,895436863,896050031,887221783,886610421,1603923304,1591549055,11283375094,11291437361,2339980113,2333621973,N/A,N/A"
1755378555,N/A,N/A,3675933301,3697160988,688797265,705714819,9521797538,9518265328,1591574628,1603936823,9208565922,9242133996,248301940,248229748,17161450553,17116466543",0,0,N/A,N/A,896050031,895436876,9338081693,9336744312,182592602,182551338,250312180,250683708,10837900086,10767298423,17124581476,17178352713",0,0,3314702983,3383992330,N/A,N/A,886608143,887220784,249556943,249136470,13562832093,13536955847,9242133995,9208567283,9181827713,9191507228",0,0,3697856106,3676695944,1422622963,1394036213,N/A,N/A,257236045,257359378,10859898975,10777874611,13536930720,13562877165,12051798263,12050317656",0,0,8750693188,8762144676,1394050376,1422624863,9518481376,9522063999,N/A,N/A,250726125,250502633,2333621974,2339980114,10994672084,10966660479",0,0,9423819847,9428534592,181726083,181894951,9336844288,9338142388,257359386,257236070,N/A,N/A,248229731,248301949,10966722298,10994756012",0,0,8764052862,8752968485,705714819,688797265,247002128,246664427,182550876,182592001,2370602145,2417256604,N/A,N/A,9172339491,9190376665",0,0,9428625443,9423784276,895436863,896050031,887221783,886610421,1603923304,1591549055,11283375094,11291437361,2339980113,2333621973,N/A,N/A"
1755378556,N/A,N/A,3675933301,3697160988,688797265,705714819,9521797538,9518265328,1591574628,1603936823,9208565922,9242133996,248301940,248229748,17161450553,17116466543",0,0,N/A,N/A,896050031,895436876,9338081693,9336744312,182592602,182551338,250312180,250683708,10837900086,10767298423,17124581476,17178352713",0,0,3314702983,3383992330,N/A,N/A,886608143,887220784,249556943,249136470,13562832093,13536955847,9242133995,9208567283,9181827713,9191507228",0,0,3697856106,3676695944,1422622963,1394036213,N/A,N/A,257236045,257359378,10859898975,10777874611,13536930720,13562877165,12051798263,12050317656",0,0,8750693188,8762144676,1394050376,1422624863,9518481376,9522063999,N/A,N/A,250726125,250502633,2333621974,2339980114,10994672084,10966660479",0,0,9423819847,9428534592,181726083,181894951,9336844288,9338142388,257359386,257236070,N/A,N/A,248229731,248301949,10966722298,10994756012",0,0,8764052862,8752968485,705714819,688797265,247002128,246664427,182550876,182592001,2370602145,2417256604,N/A,N/A,9172339491,9190376665",0,0,9428625443,9423784276,895436863,896050031,887221783,886610421,1603923304,1591549055,11283375094,11291437361,2339980113,2333621973,N/A,N/A"
1755378558,N/A,N/A,3675933301,3697160988,688797265,705714819,9521797538,9518265328,1591574628,1603936823,9208565922,9242133996,248301940,248229748,17161450553,17116466543",0,0,N/A,N/A,896050031,895436876,9338081693,9336744312,182592602,182551338,250312180,250683708,10837900086,10767298423,17124581476,17178352713",0,0,3314702983,3383992330,N/A,N/A,886608143,887220784,249556943,249136470,13562832093,13536955847,9242133995,9208567283,9181827713,9191507228",0,0,3697856106,3676695944,1422622963,1394036213,N/A,N/A,257236045,257359378,10859898975,10777874611,13536930720,13562877165,12051798263,12050317656",0,0,8750693188,8762144676,1394050376,1422624863,9518481376,9522063999,N/A,N/A,250726125,250502633,2333621974,2339980114,10994672084,10966660479",0,0,9423819847,9428534592,181726083,181894951,9336844288,9338142388,257359386,257236070,N/A,N/A,248229731,248301949,10966722298,10994756012",0,0,8764052862,8752968485,705714819,688797265,247002128,246664427,182550876,182592001,2370602145,2417256604,N/A,N/A,9172339491,9190376665",0,0,9428625443,9423784276,895436863,896050031,887221783,886610421,1603923304,1591549055,11283375094,11291437361,2339980113,2333621973,N/A,N/A"
1755378559,N/A,N/A,3675933301,3697160988,688797265,705714819,9521797538,9518265328,1591574628,1603936823,9208565922,9242133996,248301940,248229748,17161450553,17116466543",0,0,N/A,N/A,896050031,895436876,9338081693,9336744312,182592602,182551338,250312180,250683708,10837900086,10767298423,17124581476,17178352713",0,0,3314702983,3383992330,N/A,N/A,886608143,887220784,249556943,249136470,13562832093,13536955847,9242133995,9208567283,9181827713,9191507228",0,0,3697856106,3676695944,1422622963,1394036213,N/A,N/A,257236045,257359378,10859898975,10777874611,13536930720,13562877165,12051798263,12050317656",0,0,8750693188,8762144676,1394050376,1422624863,9518481376,9522063999,N/A,N/A,250726125,250502633,2333621974,2339980114,10994672084,10966660479",0,0,9423819847,9428534592,181726083,181894951,9336844288,9338142388,257359386,257236070,N/A,N/A,248229731,248301949,10966722298,10994756012",0,0,8764052862,8752968485,705714819,688797265,247002128,246664427,182550876,182592001,2370602145,2417256604,N/A,N/A,9172339491,9190376665",0,0,9428625443,9423784276,895436863,896050031,887221783,886610421,1603923304,1591549055,11283375094,11291437361,2339980113,2333621973,N/A,N/A"
1755378561,N/A,N/A,3675933301,3697160988,688797265,705714819,9521797538,9518265328,1591574628,1603936823,9208565922,9242133996,248301940,248229748,17161450553,17116466543",0,0,N/A,N/A,896050031,895436876,9338081693,9336744312,182592602,182551338,250312180,250683708,10837900086,10767298423,17124581476,17178352713",0,0,3314702983,3383992330,N/A,N/A,886608143,887220784,249556943,249136470,13562832093,13536955847,9242133995,9208567283,9181827713,9191507228",0,0,3697856106,3676695944,1422622963,1394036213,N/A,N/A,257236045,257359378,10859898975,10777874611,13536930720,13562877165,12051798263,12050317656",0,0,8750693188,8762144676,1394050376,1422624863,9518481376,9522063999,N/A,N/A,250726125,250502633,2333621974,2339980114,10994672084,10966660479",0,0,9423819847,9428534592,181726083,181894951,9336844288,9338142388,257359386,257236070,N/A,N/A,248229731,248301949,10966722298,10994756012",0,0,8764052862,8752968485,705714819,688797265,247002128,246664427,182550876,182592001,2370602145,2417256604,N/A,N/A,9172339491,9190376665",0,0,9428625443,9423784276,895436863,896050031,887221783,886610421,1603923304,1591549055,11283375094,11291437361,2339980113,2333621973,N/A,N/A"
1755378562,N/A,N/A,3675933301,3697160988,688797265,705714819,9521797538,9518265328,1591574628,1603936823,9208565922,9242133996,248301940,248229748,17161450553,17116466543",0,0,N/A,N/A,896050031,895436876,9338081693,9336744312,182592602,182551338,250312180,250683708,10837900086,10767298423,17124581476,17178352713",0,0,3314702983,3383992330,N/A,N/A,886608143,887220784,249556943,249136470,13562832093,13536955847,9242133995,9208567283,9181827713,9191507228",0,0,3697856106,3676695944,1422622963,1394036213,N/A,N/A,257236045,257359378,10859898975,10777874611,13536930720,13562877165,12051798263,12050317656",0,0,8750693188,8762144676,1394050376,1422624863,9518481376,9522063999,N/A,N/A,250726125,250502633,2333621974,2339980114,10994672084,10966660479",0,0,9423819847,9428534592,181726083,181894951,9336844288,9338142388,257359386,257236070,N/A,N/A,248229731,248301949,10966722298,10994756012",0,0,8764052862,8752968485,705714819,688797265,247002128,246664427,182550876,182592001,2370602145,2417256604,N/A,N/A,9172339491,9190376665",0,0,9428625443,9423784276,895436863,896050031,887221783,886610421,1603923304,1591549055,11283375094,11291437361,2339980113,2333621973,N/A,N/A"
1755378564,N/A,N/A,3675933301,3697160988,688797265,705714819,9521797538,9518265328,1591574628,1603936823,9208565922,9242133996,248301940,248229748,17161450553,17116466543",0,0,N/A,N/A,896050031,895436876,9338081693,9336744312,182592602,182551338,250312180,250683708,10837900086,10767298423,17124581476,17178352713",0,0,3314702983,3383992330,N/A,N/A,886608143,887220784,249556943,249136470,13562832093,13536955847,9242133995,9208567283,9181827713,9191507228",0,0,3697856106,3676695944,1422622963,1394036213,N/A,N/A,257236045,257359378,10859898975,10777874611,13536930720,13562877165,12051798263,12050317656",0,0,8750693188,8762144676,1394050376,1422624863,9518481376,9522063999,N/A,N/A,250726125,250502633,2333621974,2339980114,10994672084,10966660479",0,0,9423819847,9428534592,181726083,181894951,9336844288,9338142388,257359386,257236070,N/A,N/A,248229731,248301949,10966722298,10994756012",0,0,8764052862,8752968485,705714819,688797265,247002128,246664427,182550876,182592001,2370602145,2417256604,N/A,N/A,9172339491,9190376665",0,0,9428625443,9423784276,895436863,896050031,887221783,886610421,1603923304,1591549055,11283375094,11291437361,2339980113,2333621973,N/A,N/A"
1755378565,N/A,N/A,3675933301,3697160988,688797265,705714819,9521797538,9518265328,1591574628,1603936823,9208565922,9242133996,248301940,248229748,17161450553,17116466543",0,0,N/A,N/A,896050031,895436876,9338081693,9336744312,182592602,182551338,250312180,250683708,10837900086,10767298423,17124581476,17178352713",0,0,3314702983,3383992330,N/A,N/A,886608143,887220784,249556943,249136470,13562832093,13536955847,9242133995,9208567283,9181827713,9191507228",0,0,3697856106,3676695944,1422622963,1394036213,N/A,N/A,257236045,257359378,10859898975,10777874611,13536930720,13562877165,12051798263,12050317656",0,0,8750693188,8762144676,1394050376,1422624863,9518481376,9522063999,N/A,N/A,250726125,250502633,2333621974,2339980114,10994672084,10966660479",0,0,9423819847,9428534592,181726083,181894951,9336844288,9338142388,257359386,257236070,N/A,N/A,248229731,248301949,10966722298,10994756012",0,0,8764052862,8752968485,705714819,688797265,247002128,246664427,182550876,182592001,2370602145,2417256604,N/A,N/A,9172339491,9190376665",0,0,9428625443,9423784276,895436863,896050031,887221783,886610421,1603923304,1591549055,11283375094,11291437361,2339980113,2333621973,N/A,N/A"
1755378567,N/A,N/A,3675933301,3697160988,688797265,705714819,9521797538,9518265328,1591574628,1603936823,9208565922,9242133996,248301940,248229748,17161450553,17116466543",0,0,N/A,N/A,896050031,895436876,9338081693,9336744312,182592602,182551338,250312180,250683708,10837900086,10767298423,17124581476,17178352713",0,0,3314702983,3383992330,N/A,N/A,886608143,887220784,249556943,249136470,13562832093,13536955847,9242133995,9208567283,9181827713,9191507228",0,0,3697856106,3676695944,1422622963,1394036213,N/A,N/A,257236045,257359378,10859898975,10777874611,13536930720,13562877165,12051798263,12050317656",0,0,8750693188,8762144676,1394050376,1422624863,9518481376,9522063999,N/A,N/A,250726125,250502633,2333621974,2339980114,10994672084,10966660479",0,0,9423819847,9428534592,181726083,181894951,9336844288,9338142388,257359386,257236070,N/A,N/A,248229731,248301949,10966722298,10994756012",0,0,8764052862,8752968485,705714819,688797265,247002128,246664427,182550876,182592001,2370602145,2417256604,N/A,N/A,9172339491,9190376665",0,0,9428625443,9423784276,895436863,896050031,887221783,886610421,1603923304,1591549055,11283375094,11291437361,2339980113,2333621973,N/A,N/A"
1755378568,N/A,N/A,3675933301,3697160988,688797265,705714819,9521797538,9518265328,1591574628,1603936823,9208565922,9242133996,248301940,248229748,17161450553,17116466543",0,0,N/A,N/A,896050031,895436876,9338081693,9336744312,182592602,182551338,250312180,250683708,10837900086,10767298423,17124581476,17178352713",0,0,3314702983,3383992330,N/A,N/A,886608143,887220784,249556943,249136470,13562832093,13536955847,9242133995,9208567283,9181827713,9191507228",0,0,3697856106,3676695944,1422622963,1394036213,N/A,N/A,257236045,257359378,10859898975,10777874611,13536930720,13562877165,12051798263,12050317656",0,0,8750693188,8762144676,1394050376,1422624863,9518481376,9522063999,N/A,N/A,250726125,250502633,2333621974,2339980114,10994672084,10966660479",0,0,9423819847,9428534592,181726083,181894951,9336844288,9338142388,257359386,257236070,N/A,N/A,248229731,248301949,10966722298,10994756012",0,0,8764052862,8752968485,705714819,688797265,247002128,246664427,182550876,182592001,2370602145,2417256604,N/A,N/A,9172339491,9190376665",0,0,9428625443,9423784276,895436863,896050031,887221783,886610421,1603923304,1591549055,11283375094,11291437361,2339980113,2333621973,N/A,N/A"
1755378570,N/A,N/A,3675933301,3697160988,688797265,705714819,9521797538,9518265328,1591574628,1603936823,9208565922,9242133996,248301940,248229748,17161450553,17116466543",0,0,N/A,N/A,896050031,895436876,9338081693,9336744312,182592602,182551338,250312180,250683708,10837900086,10767298423,17124581476,17178352713",0,0,3314702983,3383992330,N/A,N/A,886608143,887220784,249556943,249136470,13562832093,13536955847,9242133995,9208567283,9181827713,9191507228",0,0,3697856106,3676695944,1422622963,1394036213,N/A,N/A,257236045,257359378,10859898975,10777874611,13536930720,13562877165,12051798263,12050317656",0,0,8750693188,8762144676,1394050376,1422624863,9518481376,9522063999,N/A,N/A,250726125,250502633,2333621974,2339980114,10994672084,10966660479",0,0,9423819847,9428534592,181726083,181894951,9336844288,9338142388,257359386,257236070,N/A,N/A,248229731,248301949,10966722298,10994756012",0,0,8764052862,8752968485,705714819,688797265,247002128,246664427,182550876,182592001,2370602145,2417256604,N/A,N/A,9172339491,9190376665",0,0,9428625443,9423784276,895436863,896050031,887221783,886610421,1603923304,1591549055,11283375094,11291437361,2339980113,2333621973,N/A,N/A"
1755378571,N/A,N/A,3675933301,3697160988,688797265,705714819,9521797538,9518265328,1591574628,1603936823,9208565922,9242133996,248301940,248229748,17161450553,17116466543",0,0,N/A,N/A,896050031,895436876,9338081693,9336744312,182592602,182551338,250312180,250683708,10837900086,10767298423,17124581476,17178352713",0,0,3314702983,3383992330,N/A,N/A,886608143,887220784,249556943,249136470,13562832093,13536955847,9242133995,9208567283,9181827713,9191507228",0,0,3697856106,3676695944,1422622963,1394036213,N/A,N/A,257236045,257359378,10859898975,10777874611,13536930720,13562877165,12051798263,12050317656",0,0,8750693188,8762144676,1394050376,1422624863,9518481376,9522063999,N/A,N/A,250726125,250502633,2333621974,2339980114,10994672084,10966660479",0,0,9423819847,9428534592,181726083,181894951,9336844288,9338142388,257359386,257236070,N/A,N/A,248229731,248301949,10966722298,10994756012",0,0,8764052862,8752968485,705714819,688797265,247002128,246664427,182550876,182592001,2370602145,2417256604,N/A,N/A,9172339491,9190376665",0,0,9428625443,9423784276,895436863,896050031,887221783,886610421,1603923304,1591549055,11283375094,11291437361,2339980113,2333621973,N/A,N/A"
1755378573,N/A,N/A,3675933301,3697160988,688797265,705714819,9521797538,9518265328,1591574628,1603936823,9208565922,9242133996,248301940,248229748,17161450553,17116466543",0,0,N/A,N/A,896050031,895436876,9338081693,9336744312,182592602,182551338,250312180,250683708,10837900086,10767298423,17124581476,17178352713",0,0,3314702983,3383992330,N/A,N/A,886608143,887220784,249556943,249136470,13562832093,13536955847,9242133995,9208567283,9181827713,9191507228",0,0,3697856106,3676695944,1422622963,1394036213,N/A,N/A,257236045,257359378,10859898975,10777874611,13536930720,13562877165,12051798263,12050317656",0,0,8750693188,8762144676,1394050376,1422624863,9518481376,9522063999,N/A,N/A,250726125,250502633,2333621974,2339980114,10994672084,10966660479",0,0,9423819847,9428534592,181726083,181894951,9336844288,9338142388,257359386,257236070,N/A,N/A,248229731,248301949,10966722298,10994756012",0,0,8764052862,8752968485,705714819,688797265,247002128,246664427,182550876,182592001,2370602145,2417256604,N/A,N/A,9172339491,9190376665",0,0,9428625443,9423784276,895436863,896050031,887221783,886610421,1603923304,1591549055,11283375094,11291437361,2339980113,2333621973,N/A,N/A"
1755378574,N/A,N/A,3675933301,3697160988,688797265,705714819,9521797538,9518265328,1591574628,1603936823,9208565922,9242133996,248301940,248229748,17161450553,17116466543",0,0,N/A,N/A,896050031,895436876,9338081693,9336744312,182592602,182551338,250312180,250683708,10837900086,10767298423,17124581476,17178352713",0,0,3314702983,3383992330,N/A,N/A,886608143,887220784,249556943,249136470,13562832093,13536955847,9242133995,9208567283,9181827713,9191507228",0,0,3697856106,3676695944,1422622963,1394036213,N/A,N/A,257236045,257359378,10859898975,10777874611,13536930720,13562877165,12051798263,12050317656",0,0,8750693188,8762144676,1394050376,1422624863,9518481376,9522063999,N/A,N/A,250726125,250502633,2333621974,2339980114,10994672084,10966660479",0,0,9423819847,9428534592,181726083,181894951,9336844288,9338142388,257359386,257236070,N/A,N/A,248229731,248301949,10966722298,10994756012",0,0,8764052862,8752968485,705714819,688797265,247002128,246664427,182550876,182592001,2370602145,2417256604,N/A,N/A,9172339491,9190376665",0,0,9428625443,9423784276,895436863,896050031,887221783,886610421,1603923304,1591549055,11283375094,11291437361,2339980113,2333621973,N/A,N/A"
1755378576,N/A,N/A,3675933301,3697160988,688797265,705714819,9521797538,9518265328,1591574628,1603936823,9208565922,9242133996,248301940,248229748,17161450553,17116466543",0,0,N/A,N/A,896050031,895436876,9338081693,9336744312,182592602,182551338,250312180,250683708,10837900086,10767298423,17124581476,17178352713",0,0,3314702983,3383992330,N/A,N/A,886608143,887220784,249556943,249136470,13562832093,13536955847,9242133995,9208567283,9181827713,9191507228",0,0,3697856106,3676695944,1422622963,1394036213,N/A,N/A,257236045,257359378,10859898975,10777874611,13536930720,13562877165,12051798263,12050317656",0,0,8750693188,8762144676,1394050376,1422624863,9518481376,9522063999,N/A,N/A,250726125,250502633,2333621974,2339980114,10994672084,10966660479",0,0,9423819847,9428534592,181726083,181894951,9336844288,9338142388,257359386,257236070,N/A,N/A,248229731,248301949,10966722298,10994756012",0,0,8764052862,8752968485,705714819,688797265,247002128,246664427,182550876,182592001,2370602145,2417256604,N/A,N/A,9172339491,9190376665",0,0,9428625443,9423784276,895436863,896050031,887221783,886610421,1603923304,1591549055,11283375094,11291437361,2339980113,2333621973,N/A,N/A"
1755378577,N/A,N/A,3675933301,3697160988,688797265,705714819,9521797538,9518265328,1591574628,1603936823,9208565922,9242133996,248301940,248229748,17161450553,17116466543",0,0,N/A,N/A,896050031,895436876,9338081693,9336744312,182592602,182551338,250312180,250683708,10837900086,10767298423,17124581476,17178352713",0,0,3314702983,3383992330,N/A,N/A,886608143,887220784,249556943,249136470,13562832093,13536955847,9242133995,9208567283,9181827713,9191507228",0,0,3697856106,3676695944,1422622963,1394036213,N/A,N/A,257236045,257359378,10859898975,10777874611,13536930720,13562877165,12051798263,12050317656",0,0,8750693188,8762144676,1394050376,1422624863,9518481376,9522063999,N/A,N/A,250726125,250502633,2333621974,2339980114,10994672084,10966660479",0,0,9423819847,9428534592,181726083,181894951,9336844288,9338142388,257359386,257236070,N/A,N/A,248229731,248301949,10966722298,10994756012",0,0,8764052862,8752968485,705714819,688797265,247002128,246664427,182550876,182592001,2370602145,2417256604,N/A,N/A,9172339491,9190376665",0,0,9428625443,9423784276,895436863,896050031,887221783,886610421,1603923304,1591549055,11283375094,11291437361,2339980113,2333621973,N/A,N/A"
1755378578,N/A,N/A,3675933301,3697160988,688797265,705714819,9521797538,9518265328,1591574628,1603936823,9208565922,9242133996,248301940,248229748,17161450553,17116466543",0,0,N/A,N/A,896050031,895436876,9338081693,9336744312,182592602,182551338,250312180,250683708,10837900086,10767298423,17124581476,17178352713",0,0,3314702983,3383992330,N/A,N/A,886608143,887220784,249556943,249136470,13562832093,13536955847,9242133995,9208567283,9181827713,9191507228",0,0,3697856106,3676695944,1422622963,1394036213,N/A,N/A,257236045,257359378,10859898975,10777874611,13536930720,13562877165,12051798263,12050317656",0,0,8750693188,8762144676,1394050376,1422624863,9518481376,9522063999,N/A,N/A,250726125,250502633,2333621974,2339980114,10994672084,10966660479",0,0,9423819847,9428534592,181726083,181894951,9336844288,9338142388,257359386,257236070,N/A,N/A,248229731,248301949,10966722298,10994756012",0,0,8764052862,8752968485,705714819,688797265,247002128,246664427,182550876,182592001,2370602145,2417256604,N/A,N/A,9172339491,9190376665",0,0,9428625443,9423784276,895436863,896050031,887221783,886610421,1603923304,1591549055,11283375094,11291437361,2339980113,2333621973,N/A,N/A"
1755378580,N/A,N/A,3675933301,3697160988,688797265,705714819,9521797538,9518265328,1591574628,1603936823,9208565922,9242133996,248301940,248229748,17161450553,17116466543",0,0,N/A,N/A,896050031,895436876,9338081693,9336744312,182592602,182551338,250312180,250683708,10837900086,10767298423,17124581476,17178352713",0,0,3314702983,3383992330,N/A,N/A,886608143,887220784,249556943,249136470,13562832093,13536955847,9242133995,9208567283,9181827713,9191507228",0,0,3697856106,3676695944,1422622963,1394036213,N/A,N/A,257236045,257359378,10859898975,10777874611,13536930720,13562877165,12051798263,12050317656",0,0,8750693188,8762144676,1394050376,1422624863,9518481376,9522063999,N/A,N/A,250726125,250502633,2333621974,2339980114,10994672084,10966660479",0,0,9423819847,9428534592,181726083,181894951,9336844288,9338142388,257359386,257236070,N/A,N/A,248229731,248301949,10966722298,10994756012",0,0,8764052862,8752968485,705714819,688797265,247002128,246664427,182550876,182592001,2370602145,2417256604,N/A,N/A,9172339491,9190376665",0,0,9428625443,9423784276,895436863,896050031,887221783,886610421,1603923304,1591549055,11283375094,11291437361,2339980113,2333621973,N/A,N/A"
1755378581,N/A,N/A,3675933301,3697160988,688797265,705714819,9521797538,9518265328,1591574628,1603936823,9208565922,9242133996,248301940,248229748,17161450553,17116466543",0,0,N/A,N/A,896050031,895436876,9338081693,9336744312,182592602,182551338,250312180,250683708,10837900086,10767298423,17124581476,17178352713",0,0,3314702983,3383992330,N/A,N/A,886608143,887220784,249556943,249136470,13562832093,13536955847,9242133995,9208567283,9181827713,9191507228",0,0,3697856106,3676695944,1422622963,1394036213,N/A,N/A,257236045,257359378,10859898975,10777874611,13536930720,13562877165,12051798263,12050317656",0,0,8750693188,8762144676,1394050376,1422624863,9518481376,9522063999,N/A,N/A,250726125,250502633,2333621974,2339980114,10994672084,10966660479",0,0,9423819847,9428534592,181726083,181894951,9336844288,9338142388,257359386,257236070,N/A,N/A,248229731,248301949,10966722298,10994756012",0,0,8764052862,8752968485,705714819,688797265,247002128,246664427,182550876,182592001,2370602145,2417256604,N/A,N/A,9172339491,9190376665",0,0,9428625443,9423784276,895436863,896050031,887221783,886610421,1603923304,1591549055,11283375094,11291437361,2339980113,2333621973,N/A,N/A"
1755378583,N/A,N/A,3675933301,3697160988,688797265,705714819,9521797538,9518265328,1591574628,1603936823,9208565922,9242133996,248301940,248229748,17161450553,17116466543",0,0,N/A,N/A,896050031,895436876,9338081693,9336744312,182592602,182551338,250312180,250683708,10837900086,10767298423,17124581476,17178352713",0,0,3314702983,3383992330,N/A,N/A,886608143,887220784,249556943,249136470,13562832093,13536955847,9242133995,9208567283,9181827713,9191507228",0,0,3697856106,3676695944,1422622963,1394036213,N/A,N/A,257236045,257359378,10859898975,10777874611,13536930720,13562877165,12051798263,12050317656",0,0,8750693188,8762144676,1394050376,1422624863,9518481376,9522063999,N/A,N/A,250726125,250502633,2333621974,2339980114,10994672084,10966660479",0,0,9423819847,9428534592,181726083,181894951,9336844288,9338142388,257359386,257236070,N/A,N/A,248229731,248301949,10966722298,10994756012",0,0,8764052862,8752968485,705714819,688797265,247002128,246664427,182550876,182592001,2370602145,2417256604,N/A,N/A,9172339491,9190376665",0,0,9428625443,9423784276,895436863,896050031,887221783,886610421,1603923304,1591549055,11283375094,11291437361,2339980113,2333621973,N/A,N/A"
1755378584,N/A,N/A,3675933301,3697160988,688797265,705714819,9521797538,9518265328,1591574628,1603936823,9208565922,9242133996,248301940,248229748,17161450553,17116466543",0,0,N/A,N/A,896050031,895436876,9338081693,9336744312,182592602,182551338,250312180,250683708,10837900086,10767298423,17124581476,17178352713",0,0,3314702983,3383992330,N/A,N/A,886608143,887220784,249556943,249136470,13562832093,13536955847,9242133995,9208567283,9181827713,9191507228",0,0,3697856106,3676695944,1422622963,1394036213,N/A,N/A,257236045,257359378,10859898975,10777874611,13536930720,13562877165,12051798263,12050317656",0,0,8750693188,8762144676,1394050376,1422624863,9518481376,9522063999,N/A,N/A,250726125,250502633,2333621974,2339980114,10994672084,10966660479",0,0,9423819847,9428534592,181726083,181894951,9336844288,9338142388,257359386,257236070,N/A,N/A,248229731,248301949,10966722298,10994756012",0,0,8764052862,8752968485,705714819,688797265,247002128,246664427,182550876,182592001,2370602145,2417256604,N/A,N/A,9172339491,9190376665",0,0,9428625443,9423784276,895436863,896050031,887221783,886610421,1603923304,1591549055,11283375094,11291437361,2339980113,2333621973,N/A,N/A"
1755378586,N/A,N/A,3675933301,3697160988,688797265,705714819,9521797538,9518265328,1591574628,1603936823,9208565922,9242133996,248301940,248229748,17161450553,17116466543",0,0,N/A,N/A,896050031,895436876,9338081693,9336744312,182592602,182551338,250312180,250683708,10837900086,10767298423,17124581476,17178352713",0,0,3314702983,3383992330,N/A,N/A,886608143,887220784,249556943,249136470,13562832093,13536955847,9242133995,9208567283,9181827713,9191507228",0,0,3697856106,3676695944,1422622963,1394036213,N/A,N/A,257236045,257359378,10859898975,10777874611,13536930720,13562877165,12051798263,12050317656",0,0,8750693188,8762144676,1394050376,1422624863,9518481376,9522063999,N/A,N/A,250726125,250502633,2333621974,2339980114,10994672084,10966660479",0,0,9423819847,9428534592,181726083,181894951,9336844288,9338142388,257359386,257236070,N/A,N/A,248229731,248301949,10966722298,10994756012",0,0,8764052862,8752968485,705714819,688797265,247002128,246664427,182550876,182592001,2370602145,2417256604,N/A,N/A,9172339491,9190376665",0,0,9428625443,9423784276,895436863,896050031,887221783,886610421,1603923304,1591549055,11283375094,11291437361,2339980113,2333621973,N/A,N/A"
1755378587,N/A,N/A,3675933301,3697160988,688797265,705714819,9521797538,9518265328,1591574628,1603936823,9208565922,9242133996,248301940,248229748,17161450553,17116466543",0,0,N/A,N/A,896050031,895436876,9338081693,9336744312,182592602,182551338,250312180,250683708,10837900086,10767298423,17124581476,17178352713",0,0,3314702983,3383992330,N/A,N/A,886608143,887220784,249556943,249136470,13562832093,13536955847,9242133995,9208567283,9181827713,9191507228",0,0,3697856106,3676695944,1422622963,1394036213,N/A,N/A,257236045,257359378,10859898975,10777874611,13536930720,13562877165,12051798263,12050317656",0,0,8750693188,8762144676,1394050376,1422624863,9518481376,9522063999,N/A,N/A,250726125,250502633,2333621974,2339980114,10994672084,10966660479",0,0,9423819847,9428534592,181726083,181894951,9336844288,9338142388,257359386,257236070,N/A,N/A,248229731,248301949,10966722298,10994756012",0,0,8764052862,8752968485,705714819,688797265,247002128,246664427,182550876,182592001,2370602145,2417256604,N/A,N/A,9172339491,9190376665",0,0,9428625443,9423784276,895436863,896050031,887221783,886610421,1603923304,1591549055,11283375094,11291437361,2339980113,2333621973,N/A,N/A"
1755378589,N/A,N/A,3675933301,3697160988,688797265,705714819,9521797538,9518265328,1591574628,1603936823,9208565922,9242133996,248301940,248229748,17161450553,17116466543",0,0,N/A,N/A,896050031,895436876,9338081693,9336744312,182592602,182551338,250312180,250683708,10837900086,10767298423,17124581476,17178352713",0,0,3314702983,3383992330,N/A,N/A,886608143,887220784,249556943,249136470,13562832093,13536955847,9242133995,9208567283,9181827713,9191507228",0,0,3697856106,3676695944,1422622963,1394036213,N/A,N/A,257236045,257359378,10859898975,10777874611,13536930720,13562877165,12051798263,12050317656",0,0,8750693188,8762144676,1394050376,1422624863,9518481376,9522063999,N/A,N/A,250726125,250502633,2333621974,2339980114,10994672084,10966660479",0,0,9423819847,9428534592,181726083,181894951,9336844288,9338142388,257359386,257236070,N/A,N/A,248229731,248301949,10966722298,10994756012",0,0,8764052862,8752968485,705714819,688797265,247002128,246664427,182550876,182592001,2370602145,2417256604,N/A,N/A,9172339491,9190376665",0,0,9428625443,9423784276,895436863,896050031,887221783,886610421,1603923304,1591549055,11283375094,11291437361,2339980113,2333621973,N/A,N/A"
1755378590,N/A,N/A,3675933301,3697160988,688797265,705714819,9521797538,9518265328,1591574628,1603936823,9208565922,9242133996,248301940,248229748,17161450553,17116466543",0,0,N/A,N/A,896050031,895436876,9338081693,9336744312,182592602,182551338,250312180,250683708,10837900086,10767298423,17124581476,17178352713",0,0,3314702983,3383992330,N/A,N/A,886608143,887220784,249556943,249136470,13562832093,13536955847,9242133995,9208567283,9181827713,9191507228",0,0,3697856106,3676695944,1422622963,1394036213,N/A,N/A,257236045,257359378,10859898975,10777874611,13536930720,13562877165,12051798263,12050317656",0,0,8750693188,8762144676,1394050376,1422624863,9518481376,9522063999,N/A,N/A,250726125,250502633,2333621974,2339980114,10994672084,10966660479",0,0,9423819847,9428534592,181726083,181894951,9336844288,9338142388,257359386,257236070,N/A,N/A,248229731,248301949,10966722298,10994756012",0,0,8764052862,8752968485,705714819,688797265,247002128,246664427,182550876,182592001,2370602145,2417256604,N/A,N/A,9172339491,9190376665",0,0,9428625443,9423784276,895436863,896050031,887221783,886610421,1603923304,1591549055,11283375094,11291437361,2339980113,2333621973,N/A,N/A"
1755378592,N/A,N/A,3675933301,3697160988,688797265,705714819,9521797538,9518265328,1591574628,1603936823,9208565922,9242133996,248301940,248229748,17161450553,17116466543",0,0,N/A,N/A,896050031,895436876,9338081693,9336744312,182592602,182551338,250312180,250683708,10837900086,10767298423,17124581476,17178352713",0,0,3314702983,3383992330,N/A,N/A,886608143,887220784,249556943,249136470,13562832093,13536955847,9242133995,9208567283,9181827713,9191507228",0,0,3697856106,3676695944,1422622963,1394036213,N/A,N/A,257236045,257359378,10859898975,10777874611,13536930720,13562877165,12051798263,12050317656",0,0,8750693188,8762144676,1394050376,1422624863,9518481376,9522063999,N/A,N/A,250726125,250502633,2333621974,2339980114,10994672084,10966660479",0,0,9423819847,9428534592,181726083,181894951,9336844288,9338142388,257359386,257236070,N/A,N/A,248229731,248301949,10966722298,10994756012",0,0,8764052862,8752968485,705714819,688797265,247002128,246664427,182550876,182592001,2370602145,2417256604,N/A,N/A,9172339491,9190376665",0,0,9428625443,9423784276,895436863,896050031,887221783,886610421,1603923304,1591549055,11283375094,11291437361,2339980113,2333621973,N/A,N/A"
1755378593,N/A,N/A,3675933301,3697160988,688797265,705714819,9521797538,9518265328,1591574628,1603936823,9208565922,9242133996,248301940,248229748,17161450553,17116466543",0,0,N/A,N/A,896050031,895436876,9338081693,9336744312,182592602,182551338,250312180,250683708,10837900086,10767298423,17124581476,17178352713",0,0,3314702983,3383992330,N/A,N/A,886608143,887220784,249556943,249136470,13562832093,13536955847,9242133995,9208567283,9181827713,9191507228",0,0,3697856106,3676695944,1422622963,1394036213,N/A,N/A,257236045,257359378,10859898975,10777874611,13536930720,13562877165,12051798263,12050317656",0,0,8750693188,8762144676,1394050376,1422624863,9518481376,9522063999,N/A,N/A,250726125,250502633,2333621974,2339980114,10994672084,10966660479",0,0,9423819847,9428534592,181726083,181894951,9336844288,9338142388,257359386,257236070,N/A,N/A,248229731,248301949,10966722298,10994756012",0,0,8764052862,8752968485,705714819,688797265,247002128,246664427,182550876,182592001,2370602145,2417256604,N/A,N/A,9172339491,9190376665",0,0,9428625443,9423784276,895436863,896050031,887221783,886610421,1603923304,1591549055,11283375094,11291437361,2339980113,2333621973,N/A,N/A"
1755378595,N/A,N/A,3675933301,3697160988,688797265,705714819,9521797538,9518265328,1591574628,1603936823,9208565922,9242133996,248301940,248229748,17161450553,17116466543",0,0,N/A,N/A,896050031,895436876,9338081693,9336744312,182592602,182551338,250312180,250683708,10837900086,10767298423,17124581476,17178352713",0,0,3314702983,3383992330,N/A,N/A,886608143,887220784,249556943,249136470,13562832093,13536955847,9242133995,9208567283,9181827713,9191507228",0,0,3697856106,3676695944,1422622963,1394036213,N/A,N/A,257236045,257359378,10859898975,10777874611,13536930720,13562877165,12051798263,12050317656",0,0,8750693188,8762144676,1394050376,1422624863,9518481376,9522063999,N/A,N/A,250726125,250502633,2333621974,2339980114,10994672084,10966660479",0,0,9423819847,9428534592,181726083,181894951,9336844288,9338142388,257359386,257236070,N/A,N/A,248229731,248301949,10966722298,10994756012",0,0,8764052862,8752968485,705714819,688797265,247002128,246664427,182550876,182592001,2370602145,2417256604,N/A,N/A,9172339491,9190376665",0,0,9428625443,9423784276,895436863,896050031,887221783,886610421,1603923304,1591549055,11283375094,11291437361,2339980113,2333621973,N/A,N/A"
1755378596,N/A,N/A,3675933301,3697160988,688797265,705714819,9521797538,9518265328,1591574628,1603936823,9208565922,9242133996,248301940,248229748,17161450553,17116466543",0,0,N/A,N/A,896050031,895436876,9338081693,9336744312,182592602,182551338,250312180,250683708,10837900086,10767298423,17124581476,17178352713",0,0,3314702983,3383992330,N/A,N/A,886608143,887220784,249556943,249136470,13562832093,13536955847,9242133995,9208567283,9181827713,9191507228",0,0,3697856106,3676695944,1422622963,1394036213,N/A,N/A,257236045,257359378,10859898975,10777874611,13536930720,13562877165,12051798263,12050317656",0,0,8750693188,8762144676,1394050376,1422624863,9518481376,9522063999,N/A,N/A,250726125,250502633,2333621974,2339980114,10994672084,10966660479",0,0,9423819847,9428534592,181726083,181894951,9336844288,9338142388,257359386,257236070,N/A,N/A,248229731,248301949,10966722298,10994756012",0,0,8764052862,8752968485,705714819,688797265,247002128,246664427,182550876,182592001,2370602145,2417256604,N/A,N/A,9172339491,9190376665",0,0,9428625443,9423784276,895436863,896050031,887221783,886610421,1603923304,1591549055,11283375094,11291437361,2339980113,2333621973,N/A,N/A"
1755378598,N/A,N/A,3675933301,3697160988,688797265,705714819,9521797538,9518265328,1591574628,1603936823,9208565922,9242133996,248301940,248229748,17161450553,17116466543",0,0,N/A,N/A,896050031,895436876,9338081693,9336744312,182592602,182551338,250312180,250683708,10837900086,10767298423,17124581476,17178352713",0,0,3314702983,3383992330,N/A,N/A,886608143,887220784,249556943,249136470,13562832093,13536955847,9242133995,9208567283,9181827713,9191507228",0,0,3697856106,3676695944,1422622963,1394036213,N/A,N/A,257236045,257359378,10859898975,10777874611,13536930720,13562877165,12051798263,12050317656",0,0,8750693188,8762144676,1394050376,1422624863,9518481376,9522063999,N/A,N/A,250726125,250502633,2333621974,2339980114,10994672084,10966660479",0,0,9423819847,9428534592,181726083,181894951,9336844288,9338142388,257359386,257236070,N/A,N/A,248229731,248301949,10966722298,10994756012",0,0,8764052862,8752968485,705714819,688797265,247002128,246664427,182550876,182592001,2370602145,2417256604,N/A,N/A,9172339491,9190376665",0,0,9428625443,9423784276,895436863,896050031,887221783,886610421,1603923304,1591549055,11283375094,11291437361,2339980113,2333621973,N/A,N/A"
1755378599,N/A,N/A,3675933301,3697160988,688797265,705714819,9521797538,9518265328,1591574628,1603936823,9208565922,9242133996,248301940,248229748,17161450553,17116466543",0,0,N/A,N/A,896050031,895436876,9338081693,9336744312,182592602,182551338,250312180,250683708,10837900086,10767298423,17124581476,17178352713",0,0,3314702983,3383992330,N/A,N/A,886608143,887220784,249556943,249136470,13562832093,13536955847,9242133995,9208567283,9181827713,9191507228",0,0,3697856106,3676695944,1422622963,1394036213,N/A,N/A,257236045,257359378,10859898975,10777874611,13536930720,13562877165,12051798263,12050317656",0,0,8750693188,8762144676,1394050376,1422624863,9518481376,9522063999,N/A,N/A,250726125,250502633,2333621974,2339980114,10994672084,10966660479",0,0,9423819847,9428534592,181726083,181894951,9336844288,9338142388,257359386,257236070,N/A,N/A,248229731,248301949,10966722298,10994756012",0,0,8764052862,8752968485,705714819,688797265,247002128,246664427,182550876,182592001,2370602145,2417256604,N/A,N/A,9172339491,9190376665",0,0,9428625443,9423784276,895436863,896050031,887221783,886610421,1603923304,1591549055,11283375094,11291437361,2339980113,2333621973,N/A,N/A"
1755378601,N/A,N/A,3675933301,3697160988,688797265,705714819,9521797538,9518265328,1591574628,1603936823,9208565922,9242133996,248301940,248229748,17161450553,17116466543",0,0,N/A,N/A,896050031,895436876,9338081693,9336744312,182592602,182551338,250312180,250683708,10837900086,10767298423,17124581476,17178352713",0,0,3314702983,3383992330,N/A,N/A,886608143,887220784,249556943,249136470,13562832093,13536955847,9242133995,9208567283,9181827713,9191507228",0,0,3697856106,3676695944,1422622963,1394036213,N/A,N/A,257236045,257359378,10859898975,10777874611,13536930720,13562877165,12051798263,12050317656",0,0,8750693188,8762144676,1394050376,1422624863,9518481376,9522063999,N/A,N/A,250726125,250502633,2333621974,2339980114,10994672084,10966660479",0,0,9423819847,9428534592,181726083,181894951,9336844288,9338142388,257359386,257236070,N/A,N/A,248229731,248301949,10966722298,10994756012",0,0,8764052862,8752968485,705714819,688797265,247002128,246664427,182550876,182592001,2370602145,2417256604,N/A,N/A,9172339491,9190376665",0,0,9428625443,9423784276,895436863,896050031,887221783,886610421,1603923304,1591549055,11283375094,11291437361,2339980113,2333621973,N/A,N/A"
1755378602,N/A,N/A,3675933301,3697160988,688797265,705714819,9521797538,9518265328,1591574628,1603936823,9208565922,9242133996,248301940,248229748,17161450553,17116466543",0,0,N/A,N/A,896050031,895436876,9338081693,9336744312,182592602,182551338,250312180,250683708,10837900086,10767298423,17124581476,17178352713",0,0,3314702983,3383992330,N/A,N/A,886608143,887220784,249556943,249136470,13562832093,13536955847,9242133995,9208567283,9181827713,9191507228",0,0,3697856106,3676695944,1422622963,1394036213,N/A,N/A,257236045,257359378,10859898975,10777874611,13536930720,13562877165,12051798263,12050317656",0,0,8750693188,8762144676,1394050376,1422624863,9518481376,9522063999,N/A,N/A,250726125,250502633,2333621974,2339980114,10994672084,10966660479",0,0,9423819847,9428534592,181726083,181894951,9336844288,9338142388,257359386,257236070,N/A,N/A,248229731,248301949,10966722298,10994756012",0,0,8764052862,8752968485,705714819,688797265,247002128,246664427,182550876,182592001,2370602145,2417256604,N/A,N/A,9172339491,9190376665",0,0,9428625443,9423784276,895436863,896050031,887221783,886610421,1603923304,1591549055,11283375094,11291437361,2339980113,2333621973,N/A,N/A"
1755378603,N/A,N/A,3675933301,3697160988,688797265,705714819,9521797538,9518265328,1591574628,1603936823,9208565922,9242133996,248301940,248229748,17161450553,17116466543",0,0,N/A,N/A,896050031,895436876,9338081693,9336744312,182592602,182551338,250312180,250683708,10837900086,10767298423,17124581476,17178352713",0,0,3314702983,3383992330,N/A,N/A,886608143,887220784,249556943,249136470,13562832093,13536955847,9242133995,9208567283,9181827713,9191507228",0,0,3697856106,3676695944,1422622963,1394036213,N/A,N/A,257236045,257359378,10859898975,10777874611,13536930720,13562877165,12051798263,12050317656",0,0,8750693188,8762144676,1394050376,1422624863,9518481376,9522063999,N/A,N/A,250726125,250502633,2333621974,2339980114,10994672084,10966660479",0,0,9423819847,9428534592,181726083,181894951,9336844288,9338142388,257359386,257236070,N/A,N/A,248229731,248301949,10966722298,10994756012",0,0,8764052862,8752968485,705714819,688797265,247002128,246664427,182550876,182592001,2370602145,2417256604,N/A,N/A,9172339491,9190376665",0,0,9428625443,9423784276,895436863,896050031,887221783,886610421,1603923304,1591549055,11283375094,11291437361,2339980113,2333621973,N/A,N/A"
1755378605,N/A,N/A,3675933301,3697160988,688797265,705714819,9521797538,9518265328,1591574628,1603936823,9208565922,9242133996,248301940,248229748,17161450553,17116466543",0,0,N/A,N/A,896050031,895436876,9338081693,9336744312,182592602,182551338,250312180,250683708,10837900086,10767298423,17124581476,17178352713",0,0,3314702983,3383992330,N/A,N/A,886608143,887220784,249556943,249136470,13562832093,13536955847,9242133995,9208567283,9181827713,9191507228",0,0,3697856106,3676695944,1422622963,1394036213,N/A,N/A,257236045,257359378,10859898975,10777874611,13536930720,13562877165,12051798263,12050317656",0,0,8750693188,8762144676,1394050376,1422624863,9518481376,9522063999,N/A,N/A,250726125,250502633,2333621974,2339980114,10994672084,10966660479",0,0,9423819847,9428534592,181726083,181894951,9336844288,9338142388,257359386,257236070,N/A,N/A,248229731,248301949,10966722298,10994756012",0,0,8764052862,8752968485,705714819,688797265,247002128,246664427,182550876,182592001,2370602145,2417256604,N/A,N/A,9172339491,9190376665",0,0,9428625443,9423784276,895436863,896050031,887221783,886610421,1603923304,1591549055,11283375094,11291437361,2339980113,2333621973,N/A,N/A"
1755378606,N/A,N/A,3675933301,3697160988,688797265,705714819,9521797538,9518265328,1591574628,1603936823,9208565922,9242133996,248301940,248229748,17161450553,17116466543",0,0,N/A,N/A,896050031,895436876,9338081693,9336744312,182592602,182551338,250312180,250683708,10837900086,10767298423,17124581476,17178352713",0,0,3314702983,3383992330,N/A,N/A,886608143,887220784,249556943,249136470,13562832093,13536955847,9242133995,9208567283,9181827713,9191507228",0,0,3697856106,3676695944,1422622963,1394036213,N/A,N/A,257236045,257359378,10859898975,10777874611,13536930720,13562877165,12051798263,12050317656",0,0,8750693188,8762144676,1394050376,1422624863,9518481376,9522063999,N/A,N/A,250726125,250502633,2333621974,2339980114,10994672084,10966660479",0,0,9423819847,9428534592,181726083,181894951,9336844288,9338142388,257359386,257236070,N/A,N/A,248229731,248301949,10966722298,10994756012",0,0,8764052862,8752968485,705714819,688797265,247002128,246664427,182550876,182592001,2370602145,2417256604,N/A,N/A,9172339491,9190376665",0,0,9428625443,9423784276,895436863,896050031,887221783,886610421,1603923304,1591549055,11283375094,11291437361,2339980113,2333621973,N/A,N/A"
1755378608,N/A,N/A,3675933301,3697160988,688797265,705714819,9521797538,9518265328,1591574628,1603936823,9208565922,9242133996,248301940,248229748,17161450553,17116466543",0,0,N/A,N/A,896050031,895436876,9338081693,9336744312,182592602,182551338,250312180,250683708,10837900086,10767298423,17124581476,17178352713",0,0,3314702983,3383992330,N/A,N/A,886608143,887220784,249556943,249136470,13562832093,13536955847,9242133995,9208567283,9181827713,9191507228",0,0,3697856106,3676695944,1422622963,1394036213,N/A,N/A,257236045,257359378,10859898975,10777874611,13536930720,13562877165,12051798263,12050317656",0,0,8750693188,8762144676,1394050376,1422624863,9518481376,9522063999,N/A,N/A,250726125,250502633,2333621974,2339980114,10994672084,10966660479",0,0,9423819847,9428534592,181726083,181894951,9336844288,9338142388,257359386,257236070,N/A,N/A,248229731,248301949,10966722298,10994756012",0,0,8764052862,8752968485,705714819,688797265,247002128,246664427,182550876,182592001,2370602145,2417256604,N/A,N/A,9172339491,9190376665",0,0,9428625443,9423784276,895436863,896050031,887221783,886610421,1603923304,1591549055,11283375094,11291437361,2339980113,2333621973,N/A,N/A"
1755378609,N/A,N/A,3675933301,3697160988,688797265,705714819,9521797538,9518265328,1591574628,1603936823,9208565922,9242133996,248301940,248229748,17161450553,17116466543",0,0,N/A,N/A,896050031,895436876,9338081693,9336744312,182592602,182551338,250312180,250683708,10837900086,10767298423,17124581476,17178352713",0,0,3314702983,3383992330,N/A,N/A,886608143,887220784,249556943,249136470,13562832093,13536955847,9242133995,9208567283,9181827713,9191507228",0,0,3697856106,3676695944,1422622963,1394036213,N/A,N/A,257236045,257359378,10859898975,10777874611,13536930720,13562877165,12051798263,12050317656",0,0,8750693188,8762144676,1394050376,1422624863,9518481376,9522063999,N/A,N/A,250726125,250502633,2333621974,2339980114,10994672084,10966660479",0,0,9423819847,9428534592,181726083,181894951,9336844288,9338142388,257359386,257236070,N/A,N/A,248229731,248301949,10966722298,10994756012",0,0,8764052862,8752968485,705714819,688797265,247002128,246664427,182550876,182592001,2370602145,2417256604,N/A,N/A,9172339491,9190376665",0,0,9428625443,9423784276,895436863,896050031,887221783,886610421,1603923304,1591549055,11283375094,11291437361,2339980113,2333621973,N/A,N/A"
1755378611,N/A,N/A,3675933301,3697160988,688797265,705714819,9521797538,9518265328,1591574628,1603936823,9208565922,9242133996,248301940,248229748,17161450553,17116466543",0,0,N/A,N/A,896050031,895436876,9338081693,9336744312,182592602,182551338,250312180,250683708,10837900086,10767298423,17124581476,17178352713",0,0,3314702983,3383992330,N/A,N/A,886608143,887220784,249556943,249136470,13562832093,13536955847,9242133995,9208567283,9181827713,9191507228",0,0,3697856106,3676695944,1422622963,1394036213,N/A,N/A,257236045,257359378,10859898975,10777874611,13536930720,13562877165,12051798263,12050317656",0,0,8750693188,8762144676,1394050376,1422624863,9518481376,9522063999,N/A,N/A,250726125,250502633,2333621974,2339980114,10994672084,10966660479",0,0,9423819847,9428534592,181726083,181894951,9336844288,9338142388,257359386,257236070,N/A,N/A,248229731,248301949,10966722298,10994756012",0,0,8764052862,8752968485,705714819,688797265,247002128,246664427,182550876,182592001,2370602145,2417256604,N/A,N/A,9172339491,9190376665",0,0,9428625443,9423784276,895436863,896050031,887221783,886610421,1603923304,1591549055,11283375094,11291437361,2339980113,2333621973,N/A,N/A"
1755378612,N/A,N/A,3675933301,3697160988,688797265,705714819,9521797538,9518265328,1591574628,1603936823,9208565922,9242133996,248301940,248229748,17161450553,17116466543",0,0,N/A,N/A,896050031,895436876,9338081693,9336744312,182592602,182551338,250312180,250683708,10837900086,10767298423,17124581476,17178352713",0,0,3314702983,3383992330,N/A,N/A,886608143,887220784,249556943,249136470,13562832093,13536955847,9242133995,9208567283,9181827713,9191507228",0,0,3697856106,3676695944,1422622963,1394036213,N/A,N/A,257236045,257359378,10859898975,10777874611,13536930720,13562877165,12051798263,12050317656",0,0,8750693188,8762144676,1394050376,1422624863,9518481376,9522063999,N/A,N/A,250726125,250502633,2333621974,2339980114,10994672084,10966660479",0,0,9423819847,9428534592,181726083,181894951,9336844288,9338142388,257359386,257236070,N/A,N/A,248229731,248301949,10966722298,10994756012",0,0,8764052862,8752968485,705714819,688797265,247002128,246664427,182550876,182592001,2370602145,2417256604,N/A,N/A,9172339491,9190376665",0,0,9428625443,9423784276,895436863,896050031,887221783,886610421,1603923304,1591549055,11283375094,11291437361,2339980113,2333621973,N/A,N/A"
1755378614,N/A,N/A,3675933301,3697160988,688797265,705714819,9521797538,9518265328,1591574628,1603936823,9208565922,9242133996,248301940,248229748,17161450553,17116466543",0,0,N/A,N/A,896050031,895436876,9338081693,9336744312,182592602,182551338,250312180,250683708,10837900086,10767298423,17124581476,17178352713",0,0,3314702983,3383992330,N/A,N/A,886608143,887220784,249556943,249136470,13562832093,13536955847,9242133995,9208567283,9181827713,9191507228",0,0,3697856106,3676695944,1422622963,1394036213,N/A,N/A,257236045,257359378,10859898975,10777874611,13536930720,13562877165,12051798263,12050317656",0,0,8750693188,8762144676,1394050376,1422624863,9518481376,9522063999,N/A,N/A,250726125,250502633,2333621974,2339980114,10994672084,10966660479",0,0,9423819847,9428534592,181726083,181894951,9336844288,9338142388,257359386,257236070,N/A,N/A,248229731,248301949,10966722298,10994756012",0,0,8764052862,8752968485,705714819,688797265,247002128,246664427,182550876,182592001,2370602145,2417256604,N/A,N/A,9172339491,9190376665",0,0,9428625443,9423784276,895436863,896050031,887221783,886610421,1603923304,1591549055,11283375094,11291437361,2339980113,2333621973,N/A,N/A"
1755378615,N/A,N/A,3675933301,3697160988,688797265,705714819,9521797538,9518265328,1591574628,1603936823,9208565922,9242133996,248301940,248229748,17161450553,17116466543",0,0,N/A,N/A,896050031,895436876,9338081693,9336744312,182592602,182551338,250312180,250683708,10837900086,10767298423,17124581476,17178352713",0,0,3314702983,3383992330,N/A,N/A,886608143,887220784,249556943,249136470,13562832093,13536955847,9242133995,9208567283,9181827713,9191507228",0,0,3697856106,3676695944,1422622963,1394036213,N/A,N/A,257236045,257359378,10859898975,10777874611,13536930720,13562877165,12051798263,12050317656",0,0,8750693188,8762144676,1394050376,1422624863,9518481376,9522063999,N/A,N/A,250726125,250502633,2333621974,2339980114,10994672084,10966660479",0,0,9423819847,9428534592,181726083,181894951,9336844288,9338142388,257359386,257236070,N/A,N/A,248229731,248301949,10966722298,10994756012",0,0,8764052862,8752968485,705714819,688797265,247002128,246664427,182550876,182592001,2370602145,2417256604,N/A,N/A,9172339491,9190376665",0,0,9428625443,9423784276,895436863,896050031,887221783,886610421,1603923304,1591549055,11283375094,11291437361,2339980113,2333621973,N/A,N/A"
1755378617,N/A,N/A,3675933301,3697160988,688797265,705714819,9521797538,9518265328,1591574628,1603936823,9208565922,9242133996,248301940,248229748,17161450553,17116466543",0,0,N/A,N/A,896050031,895436876,9338081693,9336744312,182592602,182551338,250312180,250683708,10837900086,10767298423,17124581476,17178352713",0,0,3314702983,3383992330,N/A,N/A,886608143,887220784,249556943,249136470,13562832093,13536955847,9242133995,9208567283,9181827713,9191507228",0,0,3697856106,3676695944,1422622963,1394036213,N/A,N/A,257236045,257359378,10859898975,10777874611,13536930720,13562877165,12051798263,12050317656",0,0,8750693188,8762144676,1394050376,1422624863,9518481376,9522063999,N/A,N/A,250726125,250502633,2333621974,2339980114,10994672084,10966660479",0,0,9423819847,9428534592,181726083,181894951,9336844288,9338142388,257359386,257236070,N/A,N/A,248229731,248301949,10966722298,10994756012",0,0,8764052862,8752968485,705714819,688797265,247002128,246664427,182550876,182592001,2370602145,2417256604,N/A,N/A,9172339491,9190376665",0,0,9428625443,9423784276,895436863,896050031,887221783,886610421,1603923304,1591549055,11283375094,11291437361,2339980113,2333621973,N/A,N/A"
1755378618,N/A,N/A,3675933301,3697160988,688797265,705714819,9521797538,9518265328,1591574628,1603936823,9208565922,9242133996,248301940,248229748,17161450553,17116466543",0,0,N/A,N/A,896050031,895436876,9338081693,9336744312,182592602,182551338,250312180,250683708,10837900086,10767298423,17124581476,17178352713",0,0,3314702983,3383992330,N/A,N/A,886608143,887220784,249556943,249136470,13562832093,13536955847,9242133995,9208567283,9181827713,9191507228",0,0,3697856106,3676695944,1422622963,1394036213,N/A,N/A,257236045,257359378,10859898975,10777874611,13536930720,13562877165,12051798263,12050317656",0,0,8750693188,8762144676,1394050376,1422624863,9518481376,9522063999,N/A,N/A,250726125,250502633,2333621974,2339980114,10994672084,10966660479",0,0,9423819847,9428534592,181726083,181894951,9336844288,9338142388,257359386,257236070,N/A,N/A,248229731,248301949,10966722298,10994756012",0,0,8764052862,8752968485,705714819,688797265,247002128,246664427,182550876,182592001,2370602145,2417256604,N/A,N/A,9172339491,9190376665",0,0,9428625443,9423784276,895436863,896050031,887221783,886610421,1603923304,1591549055,11283375094,11291437361,2339980113,2333621973,N/A,N/A"
1755378620,N/A,N/A,3675933301,3697160988,688797265,705714819,9521797538,9518265328,1591574628,1603936823,9208565922,9242133996,248301940,248229748,17161450553,17116466543",0,0,N/A,N/A,896050031,895436876,9338081693,9336744312,182592602,182551338,250312180,250683708,10837900086,10767298423,17124581476,17178352713",0,0,3314702983,3383992330,N/A,N/A,886608143,887220784,249556943,249136470,13562832093,13536955847,9242133995,9208567283,9181827713,9191507228",0,0,3697856106,3676695944,1422622963,1394036213,N/A,N/A,257236045,257359378,10859898975,10777874611,13536930720,13562877165,12051798263,12050317656",0,0,8750693188,8762144676,1394050376,1422624863,9518481376,9522063999,N/A,N/A,250726125,250502633,2333621974,2339980114,10994672084,10966660479",0,0,9423819847,9428534592,181726083,181894951,9336844288,9338142388,257359386,257236070,N/A,N/A,248229731,248301949,10966722298,10994756012",0,0,8764052862,8752968485,705714819,688797265,247002128,246664427,182550876,182592001,2370602145,2417256604,N/A,N/A,9172339491,9190376665",0,0,9428625443,9423784276,895436863,896050031,887221783,886610421,1603923304,1591549055,11283375094,11291437361,2339980113,2333621973,N/A,N/A"
1755378621,N/A,N/A,3675933301,3697160988,688797265,705714819,9521797538,9518265328,1591574628,1603936823,9208565922,9242133996,248301940,248229748,17161450553,17116466543",0,0,N/A,N/A,896050031,895436876,9338081693,9336744312,182592602,182551338,250312180,250683708,10837900086,10767298423,17124581476,17178352713",0,0,3314702983,3383992330,N/A,N/A,886608143,887220784,249556943,249136470,13562832093,13536955847,9242133995,9208567283,9181827713,9191507228",0,0,3697856106,3676695944,1422622963,1394036213,N/A,N/A,257236045,257359378,10859898975,10777874611,13536930720,13562877165,12051798263,12050317656",0,0,8750693188,8762144676,1394050376,1422624863,9518481376,9522063999,N/A,N/A,250726125,250502633,2333621974,2339980114,10994672084,10966660479",0,0,9423819847,9428534592,181726083,181894951,9336844288,9338142388,257359386,257236070,N/A,N/A,248229731,248301949,10966722298,10994756012",0,0,8764052862,8752968485,705714819,688797265,247002128,246664427,182550876,182592001,2370602145,2417256604,N/A,N/A,9172339491,9190376665",0,0,9428625443,9423784276,895436863,896050031,887221783,886610421,1603923304,1591549055,11283375094,11291437361,2339980113,2333621973,N/A,N/A"
1755378622,N/A,N/A,3675933301,3697160988,688797265,705714819,9521797538,9518265328,1591574628,1603936823,9208565922,9242133996,248301940,248229748,17161450553,17116466543",0,0,N/A,N/A,896050031,895436876,9338081693,9336744312,182592602,182551338,250312180,250683708,10837900086,10767298423,17124581476,17178352713",0,0,3314702983,3383992330,N/A,N/A,886608143,887220784,249556943,249136470,13562832093,13536955847,9242133995,9208567283,9181827713,9191507228",0,0,3697856106,3676695944,1422622963,1394036213,N/A,N/A,257236045,257359378,10859898975,10777874611,13536930720,13562877165,12051798263,12050317656",0,0,8750693188,8762144676,1394050376,1422624863,9518481376,9522063999,N/A,N/A,250726125,250502633,2333621974,2339980114,10994672084,10966660479",0,0,9423819847,9428534592,181726083,181894951,9336844288,9338142388,257359386,257236070,N/A,N/A,248229731,248301949,10966722298,10994756012",0,0,8764052862,8752968485,705714819,688797265,247002128,246664427,182550876,182592001,2370602145,2417256604,N/A,N/A,9172339491,9190376665",0,0,9428625443,9423784276,895436863,896050031,887221783,886610421,1603923304,1591549055,11283375094,11291437361,2339980113,2333621973,N/A,N/A"
1755378624,N/A,N/A,3675933301,3697160988,688797265,705714819,9521797538,9518265328,1591574628,1603936823,9208565922,9242133996,248301940,248229748,17161450553,17116466543",0,0,N/A,N/A,896050031,895436876,9338081693,9336744312,182592602,182551338,250312180,250683708,10837900086,10767298423,17124581476,17178352713",0,0,3314702983,3383992330,N/A,N/A,886608143,887220784,249556943,249136470,13562832093,13536955847,9242133995,9208567283,9181827713,9191507228",0,0,3697856106,3676695944,1422622963,1394036213,N/A,N/A,257236045,257359378,10859898975,10777874611,13536930720,13562877165,12051798263,12050317656",0,0,8750693188,8762144676,1394050376,1422624863,9518481376,9522063999,N/A,N/A,250726125,250502633,2333621974,2339980114,10994672084,10966660479",0,0,9423819847,9428534592,181726083,181894951,9336844288,9338142388,257359386,257236070,N/A,N/A,248229731,248301949,10966722298,10994756012",0,0,8764052862,8752968485,705714819,688797265,247002128,246664427,182550876,182592001,2370602145,2417256604,N/A,N/A,9172339491,9190376665",0,0,9428625443,9423784276,895436863,896050031,887221783,886610421,1603923304,1591549055,11283375094,11291437361,2339980113,2333621973,N/A,N/A"
1755378625,N/A,N/A,3675933301,3697160988,688797265,705714819,9521797538,9518265328,1591574628,1603936823,9208565922,9242133996,248301940,248229748,17161450553,17116466543",0,0,N/A,N/A,896050031,895436876,9338081693,9336744312,182592602,182551338,250312180,250683708,10837900086,10767298423,17124581476,17178352713",0,0,3314702983,3383992330,N/A,N/A,886608143,887220784,249556943,249136470,13562832093,13536955847,9242133995,9208567283,9181827713,9191507228",0,0,3697856106,3676695944,1422622963,1394036213,N/A,N/A,257236045,257359378,10859898975,10777874611,13536930720,13562877165,12051798263,12050317656",0,0,8750693188,8762144676,1394050376,1422624863,9518481376,9522063999,N/A,N/A,250726125,250502633,2333621974,2339980114,10994672084,10966660479",0,0,9423819847,9428534592,181726083,181894951,9336844288,9338142388,257359386,257236070,N/A,N/A,248229731,248301949,10966722298,10994756012",0,0,8764052862,8752968485,705714819,688797265,247002128,246664427,182550876,182592001,2370602145,2417256604,N/A,N/A,9172339491,9190376665",0,0,9428625443,9423784276,895436863,896050031,887221783,886610421,1603923304,1591549055,11283375094,11291437361,2339980113,2333621973,N/A,N/A"
1755378627,N/A,N/A,3675933301,3697160988,688797265,705714819,9521797538,9518265328,1591574628,1603936823,9208565922,9242133996,248301940,248229748,17161450553,17116466543",0,0,N/A,N/A,896050031,895436876,9338081693,9336744312,182592602,182551338,250312180,250683708,10837900086,10767298423,17124581476,17178352713",0,0,3314702983,3383992330,N/A,N/A,886608143,887220784,249556943,249136470,13562832093,13536955847,9242133995,9208567283,9181827713,9191507228",0,0,3697856106,3676695944,1422622963,1394036213,N/A,N/A,257236045,257359378,10859898975,10777874611,13536930720,13562877165,12051798263,12050317656",0,0,8750693188,8762144676,1394050376,1422624863,9518481376,9522063999,N/A,N/A,250726125,250502633,2333621974,2339980114,10994672084,10966660479",0,0,9423819847,9428534592,181726083,181894951,9336844288,9338142388,257359386,257236070,N/A,N/A,248229731,248301949,10966722298,10994756012",0,0,8764052862,8752968485,705714819,688797265,247002128,246664427,182550876,182592001,2370602145,2417256604,N/A,N/A,9172339491,9190376665",0,0,9428625443,9423784276,895436863,896050031,887221783,886610421,1603923304,1591549055,11283375094,11291437361,2339980113,2333621973,N/A,N/A"
1755378628,N/A,N/A,3675933301,3697160988,688797265,705714819,9521797538,9518265328,1591574628,1603936823,9208565922,9242133996,248301940,248229748,17161450553,17116466543",0,0,N/A,N/A,896050031,895436876,9338081693,9336744312,182592602,182551338,250312180,250683708,10837900086,10767298423,17124581476,17178352713",0,0,3314702983,3383992330,N/A,N/A,886608143,887220784,249556943,249136470,13562832093,13536955847,9242133995,9208567283,9181827713,9191507228",0,0,3697856106,3676695944,1422622963,1394036213,N/A,N/A,257236045,257359378,10859898975,10777874611,13536930720,13562877165,12051798263,12050317656",0,0,8750693188,8762144676,1394050376,1422624863,9518481376,9522063999,N/A,N/A,250726125,250502633,2333621974,2339980114,10994672084,10966660479",0,0,9423819847,9428534592,181726083,181894951,9336844288,9338142388,257359386,257236070,N/A,N/A,248229731,248301949,10966722298,10994756012",0,0,8764052862,8752968485,705714819,688797265,247002128,246664427,182550876,182592001,2370602145,2417256604,N/A,N/A,9172339491,9190376665",0,0,9428625443,9423784276,895436863,896050031,887221783,886610421,1603923304,1591549055,11283375094,11291437361,2339980113,2333621973,N/A,N/A"
1755378630,N/A,N/A,3675933301,3697160988,688797265,705714819,9521797538,9518265328,1591574628,1603936823,9208565922,9242133996,248301940,248229748,17161450553,17116466543",0,0,N/A,N/A,896050031,895436876,9338081693,9336744312,182592602,182551338,250312180,250683708,10837900086,10767298423,17124581476,17178352713",0,0,3314702983,3383992330,N/A,N/A,886608143,887220784,249556943,249136470,13562832093,13536955847,9242133995,9208567283,9181827713,9191507228",0,0,3697856106,3676695944,1422622963,1394036213,N/A,N/A,257236045,257359378,10859898975,10777874611,13536930720,13562877165,12051798263,12050317656",0,0,8750693188,8762144676,1394050376,1422624863,9518481376,9522063999,N/A,N/A,250726125,250502633,2333621974,2339980114,10994672084,10966660479",0,0,9423819847,9428534592,181726083,181894951,9336844288,9338142388,257359386,257236070,N/A,N/A,248229731,248301949,10966722298,10994756012",0,0,8764052862,8752968485,705714819,688797265,247002128,246664427,182550876,182592001,2370602145,2417256604,N/A,N/A,9172339491,9190376665",0,0,9428625443,9423784276,895436863,896050031,887221783,886610421,1603923304,1591549055,11283375094,11291437361,2339980113,2333621973,N/A,N/A"
1755378631,N/A,N/A,3675933301,3697160988,688797265,705714819,9521797538,9518265328,1591574628,1603936823,9208565922,9242133996,248301940,248229748,17161450553,17116466543",0,0,N/A,N/A,896050031,895436876,9338081693,9336744312,182592602,182551338,250312180,250683708,10837900086,10767298423,17124581476,17178352713",0,0,3314702983,3383992330,N/A,N/A,886608143,887220784,249556943,249136470,13562832093,13536955847,9242133995,9208567283,9181827713,9191507228",0,0,3697856106,3676695944,1422622963,1394036213,N/A,N/A,257236045,257359378,10859898975,10777874611,13536930720,13562877165,12051798263,12050317656",0,0,8750693188,8762144676,1394050376,1422624863,9518481376,9522063999,N/A,N/A,250726125,250502633,2333621974,2339980114,10994672084,10966660479",0,0,9423819847,9428534592,181726083,181894951,9336844288,9338142388,257359386,257236070,N/A,N/A,248229731,248301949,10966722298,10994756012",0,0,8764052862,8752968485,705714819,688797265,247002128,246664427,182550876,182592001,2370602145,2417256604,N/A,N/A,9172339491,9190376665",0,0,9428625443,9423784276,895436863,896050031,887221783,886610421,1603923304,1591549055,11283375094,11291437361,2339980113,2333621973,N/A,N/A"
1755378633,N/A,N/A,3675933301,3697160988,688797265,705714819,9521797538,9518265328,1591574628,1603936823,9208565922,9242133996,248301940,248229748,17161450553,17116466543",0,0,N/A,N/A,896050031,895436876,9338081693,9336744312,182592602,182551338,250312180,250683708,10837900086,10767298423,17124581476,17178352713",0,0,3314702983,3383992330,N/A,N/A,886608143,887220784,249556943,249136470,13562832093,13536955847,9242133995,9208567283,9181827713,9191507228",0,0,3697856106,3676695944,1422622963,1394036213,N/A,N/A,257236045,257359378,10859898975,10777874611,13536930720,13562877165,12051798263,12050317656",0,0,8750693188,8762144676,1394050376,1422624863,9518481376,9522063999,N/A,N/A,250726125,250502633,2333621974,2339980114,10994672084,10966660479",0,0,9423819847,9428534592,181726083,181894951,9336844288,9338142388,257359386,257236070,N/A,N/A,248229731,248301949,10966722298,10994756012",0,0,8764052862,8752968485,705714819,688797265,247002128,246664427,182550876,182592001,2370602145,2417256604,N/A,N/A,9172339491,9190376665",0,0,9428625443,9423784276,895436863,896050031,887221783,886610421,1603923304,1591549055,11283375094,11291437361,2339980113,2333621973,N/A,N/A"
1755378634,N/A,N/A,3675933301,3697160988,688797265,705714819,9521797538,9518265328,1591574628,1603936823,9208565922,9242133996,248301940,248229748,17161450553,17116466543",0,0,N/A,N/A,896050031,895436876,9338081693,9336744312,182592602,182551338,250312180,250683708,10837900086,10767298423,17124581476,17178352713",0,0,3314702983,3383992330,N/A,N/A,886608143,887220784,249556943,249136470,13562832093,13536955847,9242133995,9208567283,9181827713,9191507228",0,0,3697856106,3676695944,1422622963,1394036213,N/A,N/A,257236045,257359378,10859898975,10777874611,13536930720,13562877165,12051798263,12050317656",0,0,8750693188,8762144676,1394050376,1422624863,9518481376,9522063999,N/A,N/A,250726125,250502633,2333621974,2339980114,10994672084,10966660479",0,0,9423819847,9428534592,181726083,181894951,9336844288,9338142388,257359386,257236070,N/A,N/A,248229731,248301949,10966722298,10994756012",0,0,8764052862,8752968485,705714819,688797265,247002128,246664427,182550876,182592001,2370602145,2417256604,N/A,N/A,9172339491,9190376665",0,0,9428625443,9423784276,895436863,896050031,887221783,886610421,1603923304,1591549055,11283375094,11291437361,2339980113,2333621973,N/A,N/A"
1755378636,N/A,N/A,3675933301,3697160988,688797265,705714819,9521797538,9518265328,1591574628,1603936823,9208565922,9242133996,248301940,248229748,17161450553,17116466543",0,0,N/A,N/A,896050031,895436876,9338081693,9336744312,182592602,182551338,250312180,250683708,10837900086,10767298423,17124581476,17178352713",0,0,3314702983,3383992330,N/A,N/A,886608143,887220784,249556943,249136470,13562832093,13536955847,9242133995,9208567283,9181827713,9191507228",0,0,3697856106,3676695944,1422622963,1394036213,N/A,N/A,257236045,257359378,10859898975,10777874611,13536930720,13562877165,12051798263,12050317656",0,0,8750693188,8762144676,1394050376,1422624863,9518481376,9522063999,N/A,N/A,250726125,250502633,2333621974,2339980114,10994672084,10966660479",0,0,9423819847,9428534592,181726083,181894951,9336844288,9338142388,257359386,257236070,N/A,N/A,248229731,248301949,10966722298,10994756012",0,0,8764052862,8752968485,705714819,688797265,247002128,246664427,182550876,182592001,2370602145,2417256604,N/A,N/A,9172339491,9190376665",0,0,9428625443,9423784276,895436863,896050031,887221783,886610421,1603923304,1591549055,11283375094,11291437361,2339980113,2333621973,N/A,N/A"
1755378637,N/A,N/A,3675933301,3697160988,688797265,705714819,9521797538,9518265328,1591574628,1603936823,9208565922,9242133996,248301940,248229748,17161450553,17116466543",0,0,N/A,N/A,896050031,895436876,9338081693,9336744312,182592602,182551338,250312180,250683708,10837900086,10767298423,17124581476,17178352713",0,0,3314702983,3383992330,N/A,N/A,886608143,887220784,249556943,249136470,13562832093,13536955847,9242133995,9208567283,9181827713,9191507228",0,0,3697856106,3676695944,1422622963,1394036213,N/A,N/A,257236045,257359378,10859898975,10777874611,13536930720,13562877165,12051798263,12050317656",0,0,8750693188,8762144676,1394050376,1422624863,9518481376,9522063999,N/A,N/A,250726125,250502633,2333621974,2339980114,10994672084,10966660479",0,0,9423819847,9428534592,181726083,181894951,9336844288,9338142388,257359386,257236070,N/A,N/A,248229731,248301949,10966722298,10994756012",0,0,8764052862,8752968485,705714819,688797265,247002128,246664427,182550876,182592001,2370602145,2417256604,N/A,N/A,9172339491,9190376665",0,0,9428625443,9423784276,895436863,896050031,887221783,886610421,1603923304,1591549055,11283375094,11291437361,2339980113,2333621973,N/A,N/A"
1755378639,N/A,N/A,3675933301,3697160988,688797265,705714819,9521797538,9518265328,1591574628,1603936823,9208565922,9242133996,248301940,248229748,17161450553,17116466543",0,0,N/A,N/A,896050031,895436876,9338081693,9336744312,182592602,182551338,250312180,250683708,10837900086,10767298423,17124581476,17178352713",0,0,3314702983,3383992330,N/A,N/A,886608143,887220784,249556943,249136470,13562832093,13536955847,9242133995,9208567283,9181827713,9191507228",0,0,3697856106,3676695944,1422622963,1394036213,N/A,N/A,257236045,257359378,10859898975,10777874611,13536930720,13562877165,12051798263,12050317656",0,0,8750693188,8762144676,1394050376,1422624863,9518481376,9522063999,N/A,N/A,250726125,250502633,2333621974,2339980114,10994672084,10966660479",0,0,9423819847,9428534592,181726083,181894951,9336844288,9338142388,257359386,257236070,N/A,N/A,248229731,248301949,10966722298,10994756012",0,0,8764052862,8752968485,705714819,688797265,247002128,246664427,182550876,182592001,2370602145,2417256604,N/A,N/A,9172339491,9190376665",0,0,9428625443,9423784276,895436863,896050031,887221783,886610421,1603923304,1591549055,11283375094,11291437361,2339980113,2333621973,N/A,N/A"
1755378640,N/A,N/A,3675933301,3697160988,688797265,705714819,9521797538,9518265328,1591574628,1603936823,9208565922,9242133996,248301940,248229748,17161450553,17116466543",0,0,N/A,N/A,896050031,895436876,9338081693,9336744312,182592602,182551338,250312180,250683708,10837900086,10767298423,17124581476,17178352713",0,0,3314702983,3383992330,N/A,N/A,886608143,887220784,249556943,249136470,13562832093,13536955847,9242133995,9208567283,9181827713,9191507228",0,0,3697856106,3676695944,1422622963,1394036213,N/A,N/A,257236045,257359378,10859898975,10777874611,13536930720,13562877165,12051798263,12050317656",0,0,8750693188,8762144676,1394050376,1422624863,9518481376,9522063999,N/A,N/A,250726125,250502633,2333621974,2339980114,10994672084,10966660479",0,0,9423819847,9428534592,181726083,181894951,9336844288,9338142388,257359386,257236070,N/A,N/A,248229731,248301949,10966722298,10994756012",0,0,8764052862,8752968485,705714819,688797265,247002128,246664427,182550876,182592001,2370602145,2417256604,N/A,N/A,9172339491,9190376665",0,0,9428625443,9423784276,895436863,896050031,887221783,886610421,1603923304,1591549055,11283375094,11291437361,2339980113,2333621973,N/A,N/A"
1755378642,N/A,N/A,3675933301,3697160988,688797265,705714819,9521797538,9518265328,1591574628,1603936823,9208565922,9242133996,248301940,248229748,17161450553,17116466543",0,0,N/A,N/A,896050031,895436876,9338081693,9336744312,182592602,182551338,250312180,250683708,10837900086,10767298423,17124581476,17178352713",0,0,3314702983,3383992330,N/A,N/A,886608143,887220784,249556943,249136470,13562832093,13536955847,9242133995,9208567283,9181827713,9191507228",0,0,3697856106,3676695944,1422622963,1394036213,N/A,N/A,257236045,257359378,10859898975,10777874611,13536930720,13562877165,12051798263,12050317656",0,0,8750693188,8762144676,1394050376,1422624863,9518481376,9522063999,N/A,N/A,250726125,250502633,2333621974,2339980114,10994672084,10966660479",0,0,9423819847,9428534592,181726083,181894951,9336844288,9338142388,257359386,257236070,N/A,N/A,248229731,248301949,10966722298,10994756012",0,0,8764052862,8752968485,705714819,688797265,247002128,246664427,182550876,182592001,2370602145,2417256604,N/A,N/A,9172339491,9190376665",0,0,9428625443,9423784276,895436863,896050031,887221783,886610421,1603923304,1591549055,11283375094,11291437361,2339980113,2333621973,N/A,N/A"
1755378643,N/A,N/A,3675933301,3697160988,688797265,705714819,9521797538,9518265328,1591574628,1603936823,9208565922,9242133996,248301940,248229748,17161450553,17116466543",0,0,N/A,N/A,896050031,895436876,9338081693,9336744312,182592602,182551338,250312180,250683708,10837900086,10767298423,17124581476,17178352713",0,0,3314702983,3383992330,N/A,N/A,886608143,887220784,249556943,249136470,13562832093,13536955847,9242133995,9208567283,9181827713,9191507228",0,0,3697856106,3676695944,1422622963,1394036213,N/A,N/A,257236045,257359378,10859898975,10777874611,13536930720,13562877165,12051798263,12050317656",0,0,8750693188,8762144676,1394050376,1422624863,9518481376,9522063999,N/A,N/A,250726125,250502633,2333621974,2339980114,10994672084,10966660479",0,0,9423819847,9428534592,181726083,181894951,9336844288,9338142388,257359386,257236070,N/A,N/A,248229731,248301949,10966722298,10994756012",0,0,8764052862,8752968485,705714819,688797265,247002128,246664427,182550876,182592001,2370602145,2417256604,N/A,N/A,9172339491,9190376665",0,0,9428625443,9423784276,895436863,896050031,887221783,886610421,1603923304,1591549055,11283375094,11291437361,2339980113,2333621973,N/A,N/A"
1755378644,N/A,N/A,3675933301,3697160988,688797265,705714819,9521797538,9518265328,1591574628,1603936823,9208565922,9242133996,248301940,248229748,17161450553,17116466543",0,0,N/A,N/A,896050031,895436876,9338081693,9336744312,182592602,182551338,250312180,250683708,10837900086,10767298423,17124581476,17178352713",0,0,3314702983,3383992330,N/A,N/A,886608143,887220784,249556943,249136470,13562832093,13536955847,9242133995,9208567283,9181827713,9191507228",0,0,3697856106,3676695944,1422622963,1394036213,N/A,N/A,257236045,257359378,10859898975,10777874611,13536930720,13562877165,12051798263,12050317656",0,0,8750693188,8762144676,1394050376,1422624863,9518481376,9522063999,N/A,N/A,250726125,250502633,2333621974,2339980114,10994672084,10966660479",0,0,9423819847,9428534592,181726083,181894951,9336844288,9338142388,257359386,257236070,N/A,N/A,248229731,248301949,10966722298,10994756012",0,0,8764052862,8752968485,705714819,688797265,247002128,246664427,182550876,182592001,2370602145,2417256604,N/A,N/A,9172339491,9190376665",0,0,9428625443,9423784276,895436863,896050031,887221783,886610421,1603923304,1591549055,11283375094,11291437361,2339980113,2333621973,N/A,N/A"
1755378646,N/A,N/A,3675933301,3697160988,688797265,705714819,9521797538,9518265328,1591574628,1603936823,9208565922,9242133996,248301940,248229748,17161450553,17116466543",0,0,N/A,N/A,896050031,895436876,9338081693,9336744312,182592602,182551338,250312180,250683708,10837900086,10767298423,17124581476,17178352713",0,0,3314702983,3383992330,N/A,N/A,886608143,887220784,249556943,249136470,13562832093,13536955847,9242133995,9208567283,9181827713,9191507228",0,0,3697856106,3676695944,1422622963,1394036213,N/A,N/A,257236045,257359378,10859898975,10777874611,13536930720,13562877165,12051798263,12050317656",0,0,8750693188,8762144676,1394050376,1422624863,9518481376,9522063999,N/A,N/A,250726125,250502633,2333621974,2339980114,10994672084,10966660479",0,0,9423819847,9428534592,181726083,181894951,9336844288,9338142388,257359386,257236070,N/A,N/A,248229731,248301949,10966722298,10994756012",0,0,8764052862,8752968485,705714819,688797265,247002128,246664427,182550876,182592001,2370602145,2417256604,N/A,N/A,9172339491,9190376665",0,0,9428625443,9423784276,895436863,896050031,887221783,886610421,1603923304,1591549055,11283375094,11291437361,2339980113,2333621973,N/A,N/A"
1755378647,N/A,N/A,3675933301,3697160988,688797265,705714819,9521797538,9518265328,1591574628,1603936823,9208565922,9242133996,248301940,248229748,17161450553,17116466543",0,0,N/A,N/A,896050031,895436876,9338081693,9336744312,182592602,182551338,250312180,250683708,10837900086,10767298423,17124581476,17178352713",0,0,3314702983,3383992330,N/A,N/A,886608143,887220784,249556943,249136470,13562832093,13536955847,9242133995,9208567283,9181827713,9191507228",0,0,3697856106,3676695944,1422622963,1394036213,N/A,N/A,257236045,257359378,10859898975,10777874611,13536930720,13562877165,12051798263,12050317656",0,0,8750693188,8762144676,1394050376,1422624863,9518481376,9522063999,N/A,N/A,250726125,250502633,2333621974,2339980114,10994672084,10966660479",0,0,9423819847,9428534592,181726083,181894951,9336844288,9338142388,257359386,257236070,N/A,N/A,248229731,248301949,10966722298,10994756012",0,0,8764052862,8752968485,705714819,688797265,247002128,246664427,182550876,182592001,2370602145,2417256604,N/A,N/A,9172339491,9190376665",0,0,9428625443,9423784276,895436863,896050031,887221783,886610421,1603923304,1591549055,11283375094,11291437361,2339980113,2333621973,N/A,N/A"
1755378649,N/A,N/A,3675933301,3697160988,688797265,705714819,9521797538,9518265328,1591574628,1603936823,9208565922,9242133996,248301940,248229748,17161450553,17116466543",0,0,N/A,N/A,896050031,895436876,9338081693,9336744312,182592602,182551338,250312180,250683708,10837900086,10767298423,17124581476,17178352713",0,0,3314702983,3383992330,N/A,N/A,886608143,887220784,249556943,249136470,13562832093,13536955847,9242133995,9208567283,9181827713,9191507228",0,0,3697856106,3676695944,1422622963,1394036213,N/A,N/A,257236045,257359378,10859898975,10777874611,13536930720,13562877165,12051798263,12050317656",0,0,8750693188,8762144676,1394050376,1422624863,9518481376,9522063999,N/A,N/A,250726125,250502633,2333621974,2339980114,10994672084,10966660479",0,0,9423819847,9428534592,181726083,181894951,9336844288,9338142388,257359386,257236070,N/A,N/A,248229731,248301949,10966722298,10994756012",0,0,8764052862,8752968485,705714819,688797265,247002128,246664427,182550876,182592001,2370602145,2417256604,N/A,N/A,9172339491,9190376665",0,0,9428625443,9423784276,895436863,896050031,887221783,886610421,1603923304,1591549055,11283375094,11291437361,2339980113,2333621973,N/A,N/A"
1755378650,N/A,N/A,3675933301,3697160988,688797265,705714819,9521797538,9518265328,1591574628,1603936823,9208565922,9242133996,248301940,248229748,17161450553,17116466543",0,0,N/A,N/A,896050031,895436876,9338081693,9336744312,182592602,182551338,250312180,250683708,10837900086,10767298423,17124581476,17178352713",0,0,3314702983,3383992330,N/A,N/A,886608143,887220784,249556943,249136470,13562832093,13536955847,9242133995,9208567283,9181827713,9191507228",0,0,3697856106,3676695944,1422622963,1394036213,N/A,N/A,257236045,257359378,10859898975,10777874611,13536930720,13562877165,12051798263,12050317656",0,0,8750693188,8762144676,1394050376,1422624863,9518481376,9522063999,N/A,N/A,250726125,250502633,2333621974,2339980114,10994672084,10966660479",0,0,9423819847,9428534592,181726083,181894951,9336844288,9338142388,257359386,257236070,N/A,N/A,248229731,248301949,10966722298,10994756012",0,0,8764052862,8752968485,705714819,688797265,247002128,246664427,182550876,182592001,2370602145,2417256604,N/A,N/A,9172339491,9190376665",0,0,9428625443,9423784276,895436863,896050031,887221783,886610421,1603923304,1591549055,11283375094,11291437361,2339980113,2333621973,N/A,N/A"
1755378652,N/A,N/A,3675933301,3697160988,688797265,705714819,9521797538,9518265328,1591574628,1603936823,9208565922,9242133996,248301940,248229748,17161450553,17116466543",0,0,N/A,N/A,896050031,895436876,9338081693,9336744312,182592602,182551338,250312180,250683708,10837900086,10767298423,17124581476,17178352713",0,0,3314702983,3383992330,N/A,N/A,886608143,887220784,249556943,249136470,13562832093,13536955847,9242133995,9208567283,9181827713,9191507228",0,0,3697856106,3676695944,1422622963,1394036213,N/A,N/A,257236045,257359378,10859898975,10777874611,13536930720,13562877165,12051798263,12050317656",0,0,8750693188,8762144676,1394050376,1422624863,9518481376,9522063999,N/A,N/A,250726125,250502633,2333621974,2339980114,10994672084,10966660479",0,0,9423819847,9428534592,181726083,181894951,9336844288,9338142388,257359386,257236070,N/A,N/A,248229731,248301949,10966722298,10994756012",0,0,8764052862,8752968485,705714819,688797265,247002128,246664427,182550876,182592001,2370602145,2417256604,N/A,N/A,9172339491,9190376665",0,0,9428625443,9423784276,895436863,896050031,887221783,886610421,1603923304,1591549055,11283375094,11291437361,2339980113,2333621973,N/A,N/A"
1755378653,N/A,N/A,3675933301,3697160988,688797265,705714819,9521797538,9518265328,1591574628,1603936823,9208565922,9242133996,248301940,248229748,17161450553,17116466543",0,0,N/A,N/A,896050031,895436876,9338081693,9336744312,182592602,182551338,250312180,250683708,10837900086,10767298423,17124581476,17178352713",0,0,3314702983,3383992330,N/A,N/A,886608143,887220784,249556943,249136470,13562832093,13536955847,9242133995,9208567283,9181827713,9191507228",0,0,3697856106,3676695944,1422622963,1394036213,N/A,N/A,257236045,257359378,10859898975,10777874611,13536930720,13562877165,12051798263,12050317656",0,0,8750693188,8762144676,1394050376,1422624863,9518481376,9522063999,N/A,N/A,250726125,250502633,2333621974,2339980114,10994672084,10966660479",0,0,9423819847,9428534592,181726083,181894951,9336844288,9338142388,257359386,257236070,N/A,N/A,248229731,248301949,10966722298,10994756012",0,0,8764052862,8752968485,705714819,688797265,247002128,246664427,182550876,182592001,2370602145,2417256604,N/A,N/A,9172339491,9190376665",0,0,9428625443,9423784276,895436863,896050031,887221783,886610421,1603923304,1591549055,11283375094,11291437361,2339980113,2333621973,N/A,N/A"
1755378655,N/A,N/A,3675933301,3697160988,688797265,705714819,9521797538,9518265328,1591574628,1603936823,9208565922,9242133996,248301940,248229748,17161450553,17116466543",0,0,N/A,N/A,896050031,895436876,9338081693,9336744312,182592602,182551338,250312180,250683708,10837900086,10767298423,17124581476,17178352713",0,0,3314702983,3383992330,N/A,N/A,886608143,887220784,249556943,249136470,13562832093,13536955847,9242133995,9208567283,9181827713,9191507228",0,0,3697856106,3676695944,1422622963,1394036213,N/A,N/A,257236045,257359378,10859898975,10777874611,13536930720,13562877165,12051798263,12050317656",0,0,8750693188,8762144676,1394050376,1422624863,9518481376,9522063999,N/A,N/A,250726125,250502633,2333621974,2339980114,10994672084,10966660479",0,0,9423819847,9428534592,181726083,181894951,9336844288,9338142388,257359386,257236070,N/A,N/A,248229731,248301949,10966722298,10994756012",0,0,8764052862,8752968485,705714819,688797265,247002128,246664427,182550876,182592001,2370602145,2417256604,N/A,N/A,9172339491,9190376665",0,0,9428625443,9423784276,895436863,896050031,887221783,886610421,1603923304,1591549055,11283375094,11291437361,2339980113,2333621973,N/A,N/A"
1755378656,N/A,N/A,3675933301,3697160988,688797265,705714819,9521797538,9518265328,1591574628,1603936823,9208565922,9242133996,248301940,248229748,17161450553,17116466543",0,0,N/A,N/A,896050031,895436876,9338081693,9336744312,182592602,182551338,250312180,250683708,10837900086,10767298423,17124581476,17178352713",0,0,3314702983,3383992330,N/A,N/A,886608143,887220784,249556943,249136470,13562832093,13536955847,9242133995,9208567283,9181827713,9191507228",0,0,3697856106,3676695944,1422622963,1394036213,N/A,N/A,257236045,257359378,10859898975,10777874611,13536930720,13562877165,12051798263,12050317656",0,0,8750693188,8762144676,1394050376,1422624863,9518481376,9522063999,N/A,N/A,250726125,250502633,2333621974,2339980114,10994672084,10966660479",0,0,9423819847,9428534592,181726083,181894951,9336844288,9338142388,257359386,257236070,N/A,N/A,248229731,248301949,10966722298,10994756012",0,0,8764052862,8752968485,705714819,688797265,247002128,246664427,182550876,182592001,2370602145,2417256604,N/A,N/A,9172339491,9190376665",0,0,9428625443,9423784276,895436863,896050031,887221783,886610421,1603923304,1591549055,11283375094,11291437361,2339980113,2333621973,N/A,N/A"
1755378658,N/A,N/A,3675933301,3697160988,688797265,705714819,9521797538,9518265328,1591574628,1603936823,9208565922,9242133996,248301940,248229748,17161450553,17116466543",0,0,N/A,N/A,896050031,895436876,9338081693,9336744312,182592602,182551338,250312180,250683708,10837900086,10767298423,17124581476,17178352713",0,0,3314702983,3383992330,N/A,N/A,886608143,887220784,249556943,249136470,13562832093,13536955847,9242133995,9208567283,9181827713,9191507228",0,0,3697856106,3676695944,1422622963,1394036213,N/A,N/A,257236045,257359378,10859898975,10777874611,13536930720,13562877165,12051798263,12050317656",0,0,8750693188,8762144676,1394050376,1422624863,9518481376,9522063999,N/A,N/A,250726125,250502633,2333621974,2339980114,10994672084,10966660479",0,0,9423819847,9428534592,181726083,181894951,9336844288,9338142388,257359386,257236070,N/A,N/A,248229731,248301949,10966722298,10994756012",0,0,8764052862,8752968485,705714819,688797265,247002128,246664427,182550876,182592001,2370602145,2417256604,N/A,N/A,9172339491,9190376665",0,0,9428625443,9423784276,895436863,896050031,887221783,886610421,1603923304,1591549055,11283375094,11291437361,2339980113,2333621973,N/A,N/A"
1755378659,N/A,N/A,3675933301,3697160988,688797265,705714819,9521797538,9518265328,1591574628,1603936823,9208565922,9242133996,248301940,248229748,17161450553,17116466543",0,0,N/A,N/A,896050031,895436876,9338081693,9336744312,182592602,182551338,250312180,250683708,10837900086,10767298423,17124581476,17178352713",0,0,3314702983,3383992330,N/A,N/A,886608143,887220784,249556943,249136470,13562832093,13536955847,9242133995,9208567283,9181827713,9191507228",0,0,3697856106,3676695944,1422622963,1394036213,N/A,N/A,257236045,257359378,10859898975,10777874611,13536930720,13562877165,12051798263,12050317656",0,0,8750693188,8762144676,1394050376,1422624863,9518481376,9522063999,N/A,N/A,250726125,250502633,2333621974,2339980114,10994672084,10966660479",0,0,9423819847,9428534592,181726083,181894951,9336844288,9338142388,257359386,257236070,N/A,N/A,248229731,248301949,10966722298,10994756012",0,0,8764052862,8752968485,705714819,688797265,247002128,246664427,182550876,182592001,2370602145,2417256604,N/A,N/A,9172339491,9190376665",0,0,9428625443,9423784276,895436863,896050031,887221783,886610421,1603923304,1591549055,11283375094,11291437361,2339980113,2333621973,N/A,N/A"
1755378661,N/A,N/A,3675933301,3697160988,688797265,705714819,9521797538,9518265328,1591574628,1603936823,9208565922,9242133996,248301940,248229748,17161450553,17116466543",0,0,N/A,N/A,896050031,895436876,9338081693,9336744312,182592602,182551338,250312180,250683708,10837900086,10767298423,17124581476,17178352713",0,0,3314702983,3383992330,N/A,N/A,886608143,887220784,249556943,249136470,13562832093,13536955847,9242133995,9208567283,9181827713,9191507228",0,0,3697856106,3676695944,1422622963,1394036213,N/A,N/A,257236045,257359378,10859898975,10777874611,13536930720,13562877165,12051798263,12050317656",0,0,8750693188,8762144676,1394050376,1422624863,9518481376,9522063999,N/A,N/A,250726125,250502633,2333621974,2339980114,10994672084,10966660479",0,0,9423819847,9428534592,181726083,181894951,9336844288,9338142388,257359386,257236070,N/A,N/A,248229731,248301949,10966722298,10994756012",0,0,8764052862,8752968485,705714819,688797265,247002128,246664427,182550876,182592001,2370602145,2417256604,N/A,N/A,9172339491,9190376665",0,0,9428625443,9423784276,895436863,896050031,887221783,886610421,1603923304,1591549055,11283375094,11291437361,2339980113,2333621973,N/A,N/A"
1755378662,N/A,N/A,3675933301,3697160988,688797265,705714819,9521797538,9518265328,1591574628,1603936823,9208565922,9242133996,248301940,248229748,17161450553,17116466543",0,0,N/A,N/A,896050031,895436876,9338081693,9336744312,182592602,182551338,250312180,250683708,10837900086,10767298423,17124581476,17178352713",0,0,3314702983,3383992330,N/A,N/A,886608143,887220784,249556943,249136470,13562832093,13536955847,9242133995,9208567283,9181827713,9191507228",0,0,3697856106,3676695944,1422622963,1394036213,N/A,N/A,257236045,257359378,10859898975,10777874611,13536930720,13562877165,12051798263,12050317656",0,0,8750693188,8762144676,1394050376,1422624863,9518481376,9522063999,N/A,N/A,250726125,250502633,2333621974,2339980114,10994672084,10966660479",0,0,9423819847,9428534592,181726083,181894951,9336844288,9338142388,257359386,257236070,N/A,N/A,248229731,248301949,10966722298,10994756012",0,0,8764052862,8752968485,705714819,688797265,247002128,246664427,182550876,182592001,2370602145,2417256604,N/A,N/A,9172339491,9190376665",0,0,9428625443,9423784276,895436863,896050031,887221783,886610421,1603923304,1591549055,11283375094,11291437361,2339980113,2333621973,N/A,N/A"
1755378664,N/A,N/A,3675933301,3697160988,688797265,705714819,9521797538,9518265328,1591574628,1603936823,9208565922,9242133996,248301940,248229748,17161450553,17116466543",0,0,N/A,N/A,896050031,895436876,9338081693,9336744312,182592602,182551338,250312180,250683708,10837900086,10767298423,17124581476,17178352713",0,0,3314702983,3383992330,N/A,N/A,886608143,887220784,249556943,249136470,13562832093,13536955847,9242133995,9208567283,9181827713,9191507228",0,0,3697856106,3676695944,1422622963,1394036213,N/A,N/A,257236045,257359378,10859898975,10777874611,13536930720,13562877165,12051798263,12050317656",0,0,8750693188,8762144676,1394050376,1422624863,9518481376,9522063999,N/A,N/A,250726125,250502633,2333621974,2339980114,10994672084,10966660479",0,0,9423819847,9428534592,181726083,181894951,9336844288,9338142388,257359386,257236070,N/A,N/A,248229731,248301949,10966722298,10994756012",0,0,8764052862,8752968485,705714819,688797265,247002128,246664427,182550876,182592001,2370602145,2417256604,N/A,N/A,9172339491,9190376665",0,0,9428625443,9423784276,895436863,896050031,887221783,886610421,1603923304,1591549055,11283375094,11291437361,2339980113,2333621973,N/A,N/A"
1755378665,N/A,N/A,3675933301,3697160988,688797265,705714819,9521797538,9518265328,1591574628,1603936823,9208565922,9242133996,248301940,248229748,17161450553,17116466543",0,0,N/A,N/A,896050031,895436876,9338081693,9336744312,182592602,182551338,250312180,250683708,10837900086,10767298423,17124581476,17178352713",0,0,3314702983,3383992330,N/A,N/A,886608143,887220784,249556943,249136470,13562832093,13536955847,9242133995,9208567283,9181827713,9191507228",0,0,3697856106,3676695944,1422622963,1394036213,N/A,N/A,257236045,257359378,10859898975,10777874611,13536930720,13562877165,12051798263,12050317656",0,0,8750693188,8762144676,1394050376,1422624863,9518481376,9522063999,N/A,N/A,250726125,250502633,2333621974,2339980114,10994672084,10966660479",0,0,9423819847,9428534592,181726083,181894951,9336844288,9338142388,257359386,257236070,N/A,N/A,248229731,248301949,10966722298,10994756012",0,0,8764052862,8752968485,705714819,688797265,247002128,246664427,182550876,182592001,2370602145,2417256604,N/A,N/A,9172339491,9190376665",0,0,9428625443,9423784276,895436863,896050031,887221783,886610421,1603923304,1591549055,11283375094,11291437361,2339980113,2333621973,N/A,N/A"
1755378666,N/A,N/A,3675933301,3697160988,688797265,705714819,9521797538,9518265328,1591574628,1603936823,9208565922,9242133996,248301940,248229748,17161450553,17116466543",0,0,N/A,N/A,896050031,895436876,9338081693,9336744312,182592602,182551338,250312180,250683708,10837900086,10767298423,17124581476,17178352713",0,0,3314702983,3383992330,N/A,N/A,886608143,887220784,249556943,249136470,13562832093,13536955847,9242133995,9208567283,9181827713,9191507228",0,0,3697856106,3676695944,1422622963,1394036213,N/A,N/A,257236045,257359378,10859898975,10777874611,13536930720,13562877165,12051798263,12050317656",0,0,8750693188,8762144676,1394050376,1422624863,9518481376,9522063999,N/A,N/A,250726125,250502633,2333621974,2339980114,10994672084,10966660479",0,0,9423819847,9428534592,181726083,181894951,9336844288,9338142388,257359386,257236070,N/A,N/A,248229731,248301949,10966722298,10994756012",0,0,8764052862,8752968485,705714819,688797265,247002128,246664427,182550876,182592001,2370602145,2417256604,N/A,N/A,9172339491,9190376665",0,0,9428625443,9423784276,895436863,896050031,887221783,886610421,1603923304,1591549055,11283375094,11291437361,2339980113,2333621973,N/A,N/A"
1755378668,N/A,N/A,3675933301,3697160988,688797265,705714819,9521797538,9518265328,1591574628,1603936823,9208565922,9242133996,248301940,248229748,17161450553,17116466543",0,0,N/A,N/A,896050031,895436876,9338081693,9336744312,182592602,182551338,250312180,250683708,10837900086,10767298423,17124581476,17178352713",0,0,3314702983,3383992330,N/A,N/A,886608143,887220784,249556943,249136470,13562832093,13536955847,9242133995,9208567283,9181827713,9191507228",0,0,3697856106,3676695944,1422622963,1394036213,N/A,N/A,257236045,257359378,10859898975,10777874611,13536930720,13562877165,12051798263,12050317656",0,0,8750693188,8762144676,1394050376,1422624863,9518481376,9522063999,N/A,N/A,250726125,250502633,2333621974,2339980114,10994672084,10966660479",0,0,9423819847,9428534592,181726083,181894951,9336844288,9338142388,257359386,257236070,N/A,N/A,248229731,248301949,10966722298,10994756012",0,0,8764052862,8752968485,705714819,688797265,247002128,246664427,182550876,182592001,2370602145,2417256604,N/A,N/A,9172339491,9190376665",0,0,9428625443,9423784276,895436863,896050031,887221783,886610421,1603923304,1591549055,11283375094,11291437361,2339980113,2333621973,N/A,N/A"
1755378669,N/A,N/A,3675933301,3697160988,688797265,705714819,9521797538,9518265328,1591574628,1603936823,9208565922,9242133996,248301940,248229748,17161450553,17116466543",0,0,N/A,N/A,896050031,895436876,9338081693,9336744312,182592602,182551338,250312180,250683708,10837900086,10767298423,17124581476,17178352713",0,0,3314702983,3383992330,N/A,N/A,886608143,887220784,249556943,249136470,13562832093,13536955847,9242133995,9208567283,9181827713,9191507228",0,0,3697856106,3676695944,1422622963,1394036213,N/A,N/A,257236045,257359378,10859898975,10777874611,13536930720,13562877165,12051798263,12050317656",0,0,8750693188,8762144676,1394050376,1422624863,9518481376,9522063999,N/A,N/A,250726125,250502633,2333621974,2339980114,10994672084,10966660479",0,0,9423819847,9428534592,181726083,181894951,9336844288,9338142388,257359386,257236070,N/A,N/A,248229731,248301949,10966722298,10994756012",0,0,8764052862,8752968485,705714819,688797265,247002128,246664427,182550876,182592001,2370602145,2417256604,N/A,N/A,9172339491,9190376665",0,0,9428625443,9423784276,895436863,896050031,887221783,886610421,1603923304,1591549055,11283375094,11291437361,2339980113,2333621973,N/A,N/A"
1755378671,N/A,N/A,3675933301,3697160988,688797265,705714819,9521797538,9518265328,1591574628,1603936823,9208565922,9242133996,248301940,248229748,17161450553,17116466543",0,0,N/A,N/A,896050031,895436876,9338081693,9336744312,182592602,182551338,250312180,250683708,10837900086,10767298423,17124581476,17178352713",0,0,3314702983,3383992330,N/A,N/A,886608143,887220784,249556943,249136470,13562832093,13536955847,9242133995,9208567283,9181827713,9191507228",0,0,3697856106,3676695944,1422622963,1394036213,N/A,N/A,257236045,257359378,10859898975,10777874611,13536930720,13562877165,12051798263,12050317656",0,0,8750693188,8762144676,1394050376,1422624863,9518481376,9522063999,N/A,N/A,250726125,250502633,2333621974,2339980114,10994672084,10966660479",0,0,9423819847,9428534592,181726083,181894951,9336844288,9338142388,257359386,257236070,N/A,N/A,248229731,248301949,10966722298,10994756012",0,0,8764052862,8752968485,705714819,688797265,247002128,246664427,182550876,182592001,2370602145,2417256604,N/A,N/A,9172339491,9190376665",0,0,9428625443,9423784276,895436863,896050031,887221783,886610421,1603923304,1591549055,11283375094,11291437361,2339980113,2333621973,N/A,N/A"
1755378672,N/A,N/A,3675933301,3697160988,688797265,705714819,9521797538,9518265328,1591574628,1603936823,9208565922,9242133996,248301940,248229748,17161450553,17116466543",0,0,N/A,N/A,896050031,895436876,9338081693,9336744312,182592602,182551338,250312180,250683708,10837900086,10767298423,17124581476,17178352713",0,0,3314702983,3383992330,N/A,N/A,886608143,887220784,249556943,249136470,13562832093,13536955847,9242133995,9208567283,9181827713,9191507228",0,0,3697856106,3676695944,1422622963,1394036213,N/A,N/A,257236045,257359378,10859898975,10777874611,13536930720,13562877165,12051798263,12050317656",0,0,8750693188,8762144676,1394050376,1422624863,9518481376,9522063999,N/A,N/A,250726125,250502633,2333621974,2339980114,10994672084,10966660479",0,0,9423819847,9428534592,181726083,181894951,9336844288,9338142388,257359386,257236070,N/A,N/A,248229731,248301949,10966722298,10994756012",0,0,8764052862,8752968485,705714819,688797265,247002128,246664427,182550876,182592001,2370602145,2417256604,N/A,N/A,9172339491,9190376665",0,0,9428625443,9423784276,895436863,896050031,887221783,886610421,1603923304,1591549055,11283375094,11291437361,2339980113,2333621973,N/A,N/A"
1755378674,N/A,N/A,3675933301,3697160988,688797265,705714819,9521797538,9518265328,1591574628,1603936823,9208565922,9242133996,248301940,248229748,17161450553,17116466543",0,0,N/A,N/A,896050031,895436876,9338081693,9336744312,182592602,182551338,250312180,250683708,10837900086,10767298423,17124581476,17178352713",0,0,3314702983,3383992330,N/A,N/A,886608143,887220784,249556943,249136470,13562832093,13536955847,9242133995,9208567283,9181827713,9191507228",0,0,3697856106,3676695944,1422622963,1394036213,N/A,N/A,257236045,257359378,10859898975,10777874611,13536930720,13562877165,12051798263,12050317656",0,0,8750693188,8762144676,1394050376,1422624863,9518481376,9522063999,N/A,N/A,250726125,250502633,2333621974,2339980114,10994672084,10966660479",0,0,9423819847,9428534592,181726083,181894951,9336844288,9338142388,257359386,257236070,N/A,N/A,248229731,248301949,10966722298,10994756012",0,0,8764052862,8752968485,705714819,688797265,247002128,246664427,182550876,182592001,2370602145,2417256604,N/A,N/A,9172339491,9190376665",0,0,9428625443,9423784276,895436863,896050031,887221783,886610421,1603923304,1591549055,11283375094,11291437361,2339980113,2333621973,N/A,N/A"
1755378675,N/A,N/A,3675933301,3697160988,688797265,705714819,9521797538,9518265328,1591574628,1603936823,9208565922,9242133996,248301940,248229748,17161450553,17116466543",0,0,N/A,N/A,896050031,895436876,9338081693,9336744312,182592602,182551338,250312180,250683708,10837900086,10767298423,17124581476,17178352713",0,0,3314702983,3383992330,N/A,N/A,886608143,887220784,249556943,249136470,13562832093,13536955847,9242133995,9208567283,9181827713,9191507228",0,0,3697856106,3676695944,1422622963,1394036213,N/A,N/A,257236045,257359378,10859898975,10777874611,13536930720,13562877165,12051798263,12050317656",0,0,8750693188,8762144676,1394050376,1422624863,9518481376,9522063999,N/A,N/A,250726125,250502633,2333621974,2339980114,10994672084,10966660479",0,0,9423819847,9428534592,181726083,181894951,9336844288,9338142388,257359386,257236070,N/A,N/A,248229731,248301949,10966722298,10994756012",0,0,8764052862,8752968485,705714819,688797265,247002128,246664427,182550876,182592001,2370602145,2417256604,N/A,N/A,9172339491,9190376665",0,0,9428625443,9423784276,895436863,896050031,887221783,886610421,1603923304,1591549055,11283375094,11291437361,2339980113,2333621973,N/A,N/A"
1755378677,N/A,N/A,3675933301,3697160988,688797265,705714819,9521797538,9518265328,1591574628,1603936823,9208565922,9242133996,248301940,248229748,17161450553,17116466543",0,0,N/A,N/A,896050031,895436876,9338081693,9336744312,182592602,182551338,250312180,250683708,10837900086,10767298423,17124581476,17178352713",0,0,3314702983,3383992330,N/A,N/A,886608143,887220784,249556943,249136470,13562832093,13536955847,9242133995,9208567283,9181827713,9191507228",0,0,3697856106,3676695944,1422622963,1394036213,N/A,N/A,257236045,257359378,10859898975,10777874611,13536930720,13562877165,12051798263,12050317656",0,0,8750693188,8762144676,1394050376,1422624863,9518481376,9522063999,N/A,N/A,250726125,250502633,2333621974,2339980114,10994672084,10966660479",0,0,9423819847,9428534592,181726083,181894951,9336844288,9338142388,257359386,257236070,N/A,N/A,248229731,248301949,10966722298,10994756012",0,0,8764052862,8752968485,705714819,688797265,247002128,246664427,182550876,182592001,2370602145,2417256604,N/A,N/A,9172339491,9190376665",0,0,9428625443,9423784276,895436863,896050031,887221783,886610421,1603923304,1591549055,11283375094,11291437361,2339980113,2333621973,N/A,N/A"
1755378678,N/A,N/A,3675933301,3697160988,688797265,705714819,9521797538,9518265328,1591574628,1603936823,9208565922,9242133996,248301940,248229748,17161450553,17116466543",0,0,N/A,N/A,896050031,895436876,9338081693,9336744312,182592602,182551338,250312180,250683708,10837900086,10767298423,17124581476,17178352713",0,0,3314702983,3383992330,N/A,N/A,886608143,887220784,249556943,249136470,13562832093,13536955847,9242133995,9208567283,9181827713,9191507228",0,0,3697856106,3676695944,1422622963,1394036213,N/A,N/A,257236045,257359378,10859898975,10777874611,13536930720,13562877165,12051798263,12050317656",0,0,8750693188,8762144676,1394050376,1422624863,9518481376,9522063999,N/A,N/A,250726125,250502633,2333621974,2339980114,10994672084,10966660479",0,0,9423819847,9428534592,181726083,181894951,9336844288,9338142388,257359386,257236070,N/A,N/A,248229731,248301949,10966722298,10994756012",0,0,8764052862,8752968485,705714819,688797265,247002128,246664427,182550876,182592001,2370602145,2417256604,N/A,N/A,9172339491,9190376665",0,0,9428625443,9423784276,895436863,896050031,887221783,886610421,1603923304,1591549055,11283375094,11291437361,2339980113,2333621973,N/A,N/A"
1755378680,N/A,N/A,3675933301,3697160988,688797265,705714819,9521797538,9518265328,1591574628,1603936823,9208565922,9242133996,248301940,248229748,17161450553,17116466543",0,0,N/A,N/A,896050031,895436876,9338081693,9336744312,182592602,182551338,250312180,250683708,10837900086,10767298423,17124581476,17178352713",0,0,3314702983,3383992330,N/A,N/A,886608143,887220784,249556943,249136470,13562832093,13536955847,9242133995,9208567283,9181827713,9191507228",0,0,3697856106,3676695944,1422622963,1394036213,N/A,N/A,257236045,257359378,10859898975,10777874611,13536930720,13562877165,12051798263,12050317656",0,0,8750693188,8762144676,1394050376,1422624863,9518481376,9522063999,N/A,N/A,250726125,250502633,2333621974,2339980114,10994672084,10966660479",0,0,9423819847,9428534592,181726083,181894951,9336844288,9338142388,257359386,257236070,N/A,N/A,248229731,248301949,10966722298,10994756012",0,0,8764052862,8752968485,705714819,688797265,247002128,246664427,182550876,182592001,2370602145,2417256604,N/A,N/A,9172339491,9190376665",0,0,9428625443,9423784276,895436863,896050031,887221783,886610421,1603923304,1591549055,11283375094,11291437361,2339980113,2333621973,N/A,N/A"
1755378681,N/A,N/A,3675933301,3697160988,688797265,705714819,9521797538,9518265328,1591574628,1603936823,9208565922,9242133996,248301940,248229748,17161450553,17116466543",0,0,N/A,N/A,896050031,895436876,9338081693,9336744312,182592602,182551338,250312180,250683708,10837900086,10767298423,17124581476,17178352713",0,0,3314702983,3383992330,N/A,N/A,886608143,887220784,249556943,249136470,13562832093,13536955847,9242133995,9208567283,9181827713,9191507228",0,0,3697856106,3676695944,1422622963,1394036213,N/A,N/A,257236045,257359378,10859898975,10777874611,13536930720,13562877165,12051798263,12050317656",0,0,8750693188,8762144676,1394050376,1422624863,9518481376,9522063999,N/A,N/A,250726125,250502633,2333621974,2339980114,10994672084,10966660479",0,0,9423819847,9428534592,181726083,181894951,9336844288,9338142388,257359386,257236070,N/A,N/A,248229731,248301949,10966722298,10994756012",0,0,8764052862,8752968485,705714819,688797265,247002128,246664427,182550876,182592001,2370602145,2417256604,N/A,N/A,9172339491,9190376665",0,0,9428625443,9423784276,895436863,896050031,887221783,886610421,1603923304,1591549055,11283375094,11291437361,2339980113,2333621973,N/A,N/A"
1755378683,N/A,N/A,3675933301,3697160988,688797265,705714819,9521797538,9518265328,1591574628,1603936823,9208565922,9242133996,248301940,248229748,17161450553,17116466543",0,0,N/A,N/A,896050031,895436876,9338081693,9336744312,182592602,182551338,250312180,250683708,10837900086,10767298423,17124581476,17178352713",0,0,3314702983,3383992330,N/A,N/A,886608143,887220784,249556943,249136470,13562832093,13536955847,9242133995,9208567283,9181827713,9191507228",0,0,3697856106,3676695944,1422622963,1394036213,N/A,N/A,257236045,257359378,10859898975,10777874611,13536930720,13562877165,12051798263,12050317656",0,0,8750693188,8762144676,1394050376,1422624863,9518481376,9522063999,N/A,N/A,250726125,250502633,2333621974,2339980114,10994672084,10966660479",0,0,9423819847,9428534592,181726083,181894951,9336844288,9338142388,257359386,257236070,N/A,N/A,248229731,248301949,10966722298,10994756012",0,0,8764052862,8752968485,705714819,688797265,247002128,246664427,182550876,182592001,2370602145,2417256604,N/A,N/A,9172339491,9190376665",0,0,9428625443,9423784276,895436863,896050031,887221783,886610421,1603923304,1591549055,11283375094,11291437361,2339980113,2333621973,N/A,N/A"
1755378684,N/A,N/A,3675933301,3697160988,688797265,705714819,9521797538,9518265328,1591574628,1603936823,9208565922,9242133996,248301940,248229748,17161450553,17116466543",0,0,N/A,N/A,896050031,895436876,9338081693,9336744312,182592602,182551338,250312180,250683708,10837900086,10767298423,17124581476,17178352713",0,0,3314702983,3383992330,N/A,N/A,886608143,887220784,249556943,249136470,13562832093,13536955847,9242133995,9208567283,9181827713,9191507228",0,0,3697856106,3676695944,1422622963,1394036213,N/A,N/A,257236045,257359378,10859898975,10777874611,13536930720,13562877165,12051798263,12050317656",0,0,8750693188,8762144676,1394050376,1422624863,9518481376,9522063999,N/A,N/A,250726125,250502633,2333621974,2339980114,10994672084,10966660479",0,0,9423819847,9428534592,181726083,181894951,9336844288,9338142388,257359386,257236070,N/A,N/A,248229731,248301949,10966722298,10994756012",0,0,8764052862,8752968485,705714819,688797265,247002128,246664427,182550876,182592001,2370602145,2417256604,N/A,N/A,9172339491,9190376665",0,0,9428625443,9423784276,895436863,896050031,887221783,886610421,1603923304,1591549055,11283375094,11291437361,2339980113,2333621973,N/A,N/A"
1755378686,N/A,N/A,3675933301,3697160988,688797265,705714819,9521797538,9518265328,1591574628,1603936823,9208565922,9242133996,248301940,248229748,17161450553,17116466543",0,0,N/A,N/A,896050031,895436876,9338081693,9336744312,182592602,182551338,250312180,250683708,10837900086,10767298423,17124581476,17178352713",0,0,3314702983,3383992330,N/A,N/A,886608143,887220784,249556943,249136470,13562832093,13536955847,9242133995,9208567283,9181827713,9191507228",0,0,3697856106,3676695944,1422622963,1394036213,N/A,N/A,257236045,257359378,10859898975,10777874611,13536930720,13562877165,12051798263,12050317656",0,0,8750693188,8762144676,1394050376,1422624863,9518481376,9522063999,N/A,N/A,250726125,250502633,2333621974,2339980114,10994672084,10966660479",0,0,9423819847,9428534592,181726083,181894951,9336844288,9338142388,257359386,257236070,N/A,N/A,248229731,248301949,10966722298,10994756012",0,0,8764052862,8752968485,705714819,688797265,247002128,246664427,182550876,182592001,2370602145,2417256604,N/A,N/A,9172339491,9190376665",0,0,9428625443,9423784276,895436863,896050031,887221783,886610421,1603923304,1591549055,11283375094,11291437361,2339980113,2333621973,N/A,N/A"
1755378687,N/A,N/A,3675933301,3697160988,688797265,705714819,9521797538,9518265328,1591574628,1603936823,9208565922,9242133996,248301940,248229748,17161450553,17116466543",0,0,N/A,N/A,896050031,895436876,9338081693,9336744312,182592602,182551338,250312180,250683708,10837900086,10767298423,17124581476,17178352713",0,0,3314702983,3383992330,N/A,N/A,886608143,887220784,249556943,249136470,13562832093,13536955847,9242133995,9208567283,9181827713,9191507228",0,0,3697856106,3676695944,1422622963,1394036213,N/A,N/A,257236045,257359378,10859898975,10777874611,13536930720,13562877165,12051798263,12050317656",0,0,8750693188,8762144676,1394050376,1422624863,9518481376,9522063999,N/A,N/A,250726125,250502633,2333621974,2339980114,10994672084,10966660479",0,0,9423819847,9428534592,181726083,181894951,9336844288,9338142388,257359386,257236070,N/A,N/A,248229731,248301949,10966722298,10994756012",0,0,8764052862,8752968485,705714819,688797265,247002128,246664427,182550876,182592001,2370602145,2417256604,N/A,N/A,9172339491,9190376665",0,0,9428625443,9423784276,895436863,896050031,887221783,886610421,1603923304,1591549055,11283375094,11291437361,2339980113,2333621973,N/A,N/A"
1755378688,N/A,N/A,3675933301,3697160988,688797265,705714819,9521797538,9518265328,1591574628,1603936823,9208565922,9242133996,248301940,248229748,17161450553,17116466543",0,0,N/A,N/A,896050031,895436876,9338081693,9336744312,182592602,182551338,250312180,250683708,10837900086,10767298423,17124581476,17178352713",0,0,3314702983,3383992330,N/A,N/A,886608143,887220784,249556943,249136470,13562832093,13536955847,9242133995,9208567283,9181827713,9191507228",0,0,3697856106,3676695944,1422622963,1394036213,N/A,N/A,257236045,257359378,10859898975,10777874611,13536930720,13562877165,12051798263,12050317656",0,0,8750693188,8762144676,1394050376,1422624863,9518481376,9522063999,N/A,N/A,250726125,250502633,2333621974,2339980114,10994672084,10966660479",0,0,9423819847,9428534592,181726083,181894951,9336844288,9338142388,257359386,257236070,N/A,N/A,248229731,248301949,10966722298,10994756012",0,0,8764052862,8752968485,705714819,688797265,247002128,246664427,182550876,182592001,2370602145,2417256604,N/A,N/A,9172339491,9190376665",0,0,9428625443,9423784276,895436863,896050031,887221783,886610421,1603923304,1591549055,11283375094,11291437361,2339980113,2333621973,N/A,N/A"
1755378690,N/A,N/A,3675933301,3697160988,688797265,705714819,9521797538,9518265328,1591574628,1603936823,9208565922,9242133996,248301940,248229748,17161450553,17116466543",0,0,N/A,N/A,896050031,895436876,9338081693,9336744312,182592602,182551338,250312180,250683708,10837900086,10767298423,17124581476,17178352713",0,0,3314702983,3383992330,N/A,N/A,886608143,887220784,249556943,249136470,13562832093,13536955847,9242133995,9208567283,9181827713,9191507228",0,0,3697856106,3676695944,1422622963,1394036213,N/A,N/A,257236045,257359378,10859898975,10777874611,13536930720,13562877165,12051798263,12050317656",0,0,8750693188,8762144676,1394050376,1422624863,9518481376,9522063999,N/A,N/A,250726125,250502633,2333621974,2339980114,10994672084,10966660479",0,0,9423819847,9428534592,181726083,181894951,9336844288,9338142388,257359386,257236070,N/A,N/A,248229731,248301949,10966722298,10994756012",0,0,8764052862,8752968485,705714819,688797265,247002128,246664427,182550876,182592001,2370602145,2417256604,N/A,N/A,9172339491,9190376665",0,0,9428625443,9423784276,895436863,896050031,887221783,886610421,1603923304,1591549055,11283375094,11291437361,2339980113,2333621973,N/A,N/A"
1755378691,N/A,N/A,3675933301,3697160988,688797265,705714819,9521797538,9518265328,1591574628,1603936823,9208565922,9242133996,248301940,248229748,17161450553,17116466543",0,0,N/A,N/A,896050031,895436876,9338081693,9336744312,182592602,182551338,250312180,250683708,10837900086,10767298423,17124581476,17178352713",0,0,3314702983,3383992330,N/A,N/A,886608143,887220784,249556943,249136470,13562832093,13536955847,9242133995,9208567283,9181827713,9191507228",0,0,3697856106,3676695944,1422622963,1394036213,N/A,N/A,257236045,257359378,10859898975,10777874611,13536930720,13562877165,12051798263,12050317656",0,0,8750693188,8762144676,1394050376,1422624863,9518481376,9522063999,N/A,N/A,250726125,250502633,2333621974,2339980114,10994672084,10966660479",0,0,9423819847,9428534592,181726083,181894951,9336844288,9338142388,257359386,257236070,N/A,N/A,248229731,248301949,10966722298,10994756012",0,0,8764052862,8752968485,705714819,688797265,247002128,246664427,182550876,182592001,2370602145,2417256604,N/A,N/A,9172339491,9190376665",0,0,9428625443,9423784276,895436863,896050031,887221783,886610421,1603923304,1591549055,11283375094,11291437361,2339980113,2333621973,N/A,N/A"
1755378693,N/A,N/A,3675933301,3697160988,688797265,705714819,9521797538,9518265328,1591574628,1603936823,9208565922,9242133996,248301940,248229748,17161450553,17116466543",0,0,N/A,N/A,896050031,895436876,9338081693,9336744312,182592602,182551338,250312180,250683708,10837900086,10767298423,17124581476,17178352713",0,0,3314702983,3383992330,N/A,N/A,886608143,887220784,249556943,249136470,13562832093,13536955847,9242133995,9208567283,9181827713,9191507228",0,0,3697856106,3676695944,1422622963,1394036213,N/A,N/A,257236045,257359378,10859898975,10777874611,13536930720,13562877165,12051798263,12050317656",0,0,8750693188,8762144676,1394050376,1422624863,9518481376,9522063999,N/A,N/A,250726125,250502633,2333621974,2339980114,10994672084,10966660479",0,0,9423819847,9428534592,181726083,181894951,9336844288,9338142388,257359386,257236070,N/A,N/A,248229731,248301949,10966722298,10994756012",0,0,8764052862,8752968485,705714819,688797265,247002128,246664427,182550876,182592001,2370602145,2417256604,N/A,N/A,9172339491,9190376665",0,0,9428625443,9423784276,895436863,896050031,887221783,886610421,1603923304,1591549055,11283375094,11291437361,2339980113,2333621973,N/A,N/A"
1755378694,N/A,N/A,3675933301,3697160988,688797265,705714819,9521797538,9518265328,1591574628,1603936823,9208565922,9242133996,248301940,248229748,17161450553,17116466543",0,0,N/A,N/A,896050031,895436876,9338081693,9336744312,182592602,182551338,250312180,250683708,10837900086,10767298423,17124581476,17178352713",0,0,3314702983,3383992330,N/A,N/A,886608143,887220784,249556943,249136470,13562832093,13536955847,9242133995,9208567283,9181827713,9191507228",0,0,3697856106,3676695944,1422622963,1394036213,N/A,N/A,257236045,257359378,10859898975,10777874611,13536930720,13562877165,12051798263,12050317656",0,0,8750693188,8762144676,1394050376,1422624863,9518481376,9522063999,N/A,N/A,250726125,250502633,2333621974,2339980114,10994672084,10966660479",0,0,9423819847,9428534592,181726083,181894951,9336844288,9338142388,257359386,257236070,N/A,N/A,248229731,248301949,10966722298,10994756012",0,0,8764052862,8752968485,705714819,688797265,247002128,246664427,182550876,182592001,2370602145,2417256604,N/A,N/A,9172339491,9190376665",0,0,9428625443,9423784276,895436863,896050031,887221783,886610421,1603923304,1591549055,11283375094,11291437361,2339980113,2333621973,N/A,N/A"
1755378696,N/A,N/A,3675933301,3697160988,688797265,705714819,9521797538,9518265328,1591574628,1603936823,9208565922,9242133996,248301940,248229748,17161450553,17116466543",0,0,N/A,N/A,896050031,895436876,9338081693,9336744312,182592602,182551338,250312180,250683708,10837900086,10767298423,17124581476,17178352713",0,0,3314702983,3383992330,N/A,N/A,886608143,887220784,249556943,249136470,13562832093,13536955847,9242133995,9208567283,9181827713,9191507228",0,0,3697856106,3676695944,1422622963,1394036213,N/A,N/A,257236045,257359378,10859898975,10777874611,13536930720,13562877165,12051798263,12050317656",0,0,8750693188,8762144676,1394050376,1422624863,9518481376,9522063999,N/A,N/A,250726125,250502633,2333621974,2339980114,10994672084,10966660479",0,0,9423819847,9428534592,181726083,181894951,9336844288,9338142388,257359386,257236070,N/A,N/A,248229731,248301949,10966722298,10994756012",0,0,8764052862,8752968485,705714819,688797265,247002128,246664427,182550876,182592001,2370602145,2417256604,N/A,N/A,9172339491,9190376665",0,0,9428625443,9423784276,895436863,896050031,887221783,886610421,1603923304,1591549055,11283375094,11291437361,2339980113,2333621973,N/A,N/A"
1755378697,N/A,N/A,3675933301,3697160988,688797265,705714819,9521797538,9518265328,1591574628,1603936823,9208565922,9242133996,248301940,248229748,17161450553,17116466543",0,0,N/A,N/A,896050031,895436876,9338081693,9336744312,182592602,182551338,250312180,250683708,10837900086,10767298423,17124581476,17178352713",0,0,3314702983,3383992330,N/A,N/A,886608143,887220784,249556943,249136470,13562832093,13536955847,9242133995,9208567283,9181827713,9191507228",0,0,3697856106,3676695944,1422622963,1394036213,N/A,N/A,257236045,257359378,10859898975,10777874611,13536930720,13562877165,12051798263,12050317656",0,0,8750693188,8762144676,1394050376,1422624863,9518481376,9522063999,N/A,N/A,250726125,250502633,2333621974,2339980114,10994672084,10966660479",0,0,9423819847,9428534592,181726083,181894951,9336844288,9338142388,257359386,257236070,N/A,N/A,248229731,248301949,10966722298,10994756012",0,0,8764052862,8752968485,705714819,688797265,247002128,246664427,182550876,182592001,2370602145,2417256604,N/A,N/A,9172339491,9190376665",0,0,9428625443,9423784276,895436863,896050031,887221783,886610421,1603923304,1591549055,11283375094,11291437361,2339980113,2333621973,N/A,N/A"
1755378699,N/A,N/A,3675933301,3697160988,688797265,705714819,9521797538,9518265328,1591574628,1603936823,9208565922,9242133996,248301940,248229748,17161450553,17116466543",0,0,N/A,N/A,896050031,895436876,9338081693,9336744312,182592602,182551338,250312180,250683708,10837900086,10767298423,17124581476,17178352713",0,0,3314702983,3383992330,N/A,N/A,886608143,887220784,249556943,249136470,13562832093,13536955847,9242133995,9208567283,9181827713,9191507228",0,0,3697856106,3676695944,1422622963,1394036213,N/A,N/A,257236045,257359378,10859898975,10777874611,13536930720,13562877165,12051798263,12050317656",0,0,8750693188,8762144676,1394050376,1422624863,9518481376,9522063999,N/A,N/A,250726125,250502633,2333621974,2339980114,10994672084,10966660479",0,0,9423819847,9428534592,181726083,181894951,9336844288,9338142388,257359386,257236070,N/A,N/A,248229731,248301949,10966722298,10994756012",0,0,8764052862,8752968485,705714819,688797265,247002128,246664427,182550876,182592001,2370602145,2417256604,N/A,N/A,9172339491,9190376665",0,0,9428625443,9423784276,895436863,896050031,887221783,886610421,1603923304,1591549055,11283375094,11291437361,2339980113,2333621973,N/A,N/A"
1755378700,N/A,N/A,3675933301,3697160988,688797265,705714819,9521797538,9518265328,1591574628,1603936823,9208565922,9242133996,248301940,248229748,17161450553,17116466543",0,0,N/A,N/A,896050031,895436876,9338081693,9336744312,182592602,182551338,250312180,250683708,10837900086,10767298423,17124581476,17178352713",0,0,3314702983,3383992330,N/A,N/A,886608143,887220784,249556943,249136470,13562832093,13536955847,9242133995,9208567283,9181827713,9191507228",0,0,3697856106,3676695944,1422622963,1394036213,N/A,N/A,257236045,257359378,10859898975,10777874611,13536930720,13562877165,12051798263,12050317656",0,0,8750693188,8762144676,1394050376,1422624863,9518481376,9522063999,N/A,N/A,250726125,250502633,2333621974,2339980114,10994672084,10966660479",0,0,9423819847,9428534592,181726083,181894951,9336844288,9338142388,257359386,257236070,N/A,N/A,248229731,248301949,10966722298,10994756012",0,0,8764052862,8752968485,705714819,688797265,247002128,246664427,182550876,182592001,2370602145,2417256604,N/A,N/A,9172339491,9190376665",0,0,9428625443,9423784276,895436863,896050031,887221783,886610421,1603923304,1591549055,11283375094,11291437361,2339980113,2333621973,N/A,N/A"
1755378702,N/A,N/A,3675933301,3697160988,688797265,705714819,9521797538,9518265328,1591574628,1603936823,9208565922,9242133996,248301940,248229748,17161450553,17116466543",0,0,N/A,N/A,896050031,895436876,9338081693,9336744312,182592602,182551338,250312180,250683708,10837900086,10767298423,17124581476,17178352713",0,0,3314702983,3383992330,N/A,N/A,886608143,887220784,249556943,249136470,13562832093,13536955847,9242133995,9208567283,9181827713,9191507228",0,0,3697856106,3676695944,1422622963,1394036213,N/A,N/A,257236045,257359378,10859898975,10777874611,13536930720,13562877165,12051798263,12050317656",0,0,8750693188,8762144676,1394050376,1422624863,9518481376,9522063999,N/A,N/A,250726125,250502633,2333621974,2339980114,10994672084,10966660479",0,0,9423819847,9428534592,181726083,181894951,9336844288,9338142388,257359386,257236070,N/A,N/A,248229731,248301949,10966722298,10994756012",0,0,8764052862,8752968485,705714819,688797265,247002128,246664427,182550876,182592001,2370602145,2417256604,N/A,N/A,9172339491,9190376665",0,0,9428625443,9423784276,895436863,896050031,887221783,886610421,1603923304,1591549055,11283375094,11291437361,2339980113,2333621973,N/A,N/A"
1755378703,N/A,N/A,3675933301,3697160988,688797265,705714819,9521797538,9518265328,1591574628,1603936823,9208565922,9242133996,248301940,248229748,17161450553,17116466543",0,0,N/A,N/A,896050031,895436876,9338081693,9336744312,182592602,182551338,250312180,250683708,10837900086,10767298423,17124581476,17178352713",0,0,3314702983,3383992330,N/A,N/A,886608143,887220784,249556943,249136470,13562832093,13536955847,9242133995,9208567283,9181827713,9191507228",0,0,3697856106,3676695944,1422622963,1394036213,N/A,N/A,257236045,257359378,10859898975,10777874611,13536930720,13562877165,12051798263,12050317656",0,0,8750693188,8762144676,1394050376,1422624863,9518481376,9522063999,N/A,N/A,250726125,250502633,2333621974,2339980114,10994672084,10966660479",0,0,9423819847,9428534592,181726083,181894951,9336844288,9338142388,257359386,257236070,N/A,N/A,248229731,248301949,10966722298,10994756012",0,0,8764052862,8752968485,705714819,688797265,247002128,246664427,182550876,182592001,2370602145,2417256604,N/A,N/A,9172339491,9190376665",0,0,9428625443,9423784276,895436863,896050031,887221783,886610421,1603923304,1591549055,11283375094,11291437361,2339980113,2333621973,N/A,N/A"
1755378705,N/A,N/A,3675933301,3697160988,688797265,705714819,9521797538,9518265328,1591574628,1603936823,9208565922,9242133996,248301940,248229748,17161450553,17116466543",0,0,N/A,N/A,896050031,895436876,9338081693,9336744312,182592602,182551338,250312180,250683708,10837900086,10767298423,17124581476,17178352713",0,0,3314702983,3383992330,N/A,N/A,886608143,887220784,249556943,249136470,13562832093,13536955847,9242133995,9208567283,9181827713,9191507228",0,0,3697856106,3676695944,1422622963,1394036213,N/A,N/A,257236045,257359378,10859898975,10777874611,13536930720,13562877165,12051798263,12050317656",0,0,8750693188,8762144676,1394050376,1422624863,9518481376,9522063999,N/A,N/A,250726125,250502633,2333621974,2339980114,10994672084,10966660479",0,0,9423819847,9428534592,181726083,181894951,9336844288,9338142388,257359386,257236070,N/A,N/A,248229731,248301949,10966722298,10994756012",0,0,8764052862,8752968485,705714819,688797265,247002128,246664427,182550876,182592001,2370602145,2417256604,N/A,N/A,9172339491,9190376665",0,0,9428625443,9423784276,895436863,896050031,887221783,886610421,1603923304,1591549055,11283375094,11291437361,2339980113,2333621973,N/A,N/A"
1755378706,N/A,N/A,3675933301,3697160988,688797265,705714819,9521797538,9518265328,1591574628,1603936823,9208565922,9242133996,248301940,248229748,17161450553,17116466543",0,0,N/A,N/A,896050031,895436876,9338081693,9336744312,182592602,182551338,250312180,250683708,10837900086,10767298423,17124581476,17178352713",0,0,3314702983,3383992330,N/A,N/A,886608143,887220784,249556943,249136470,13562832093,13536955847,9242133995,9208567283,9181827713,9191507228",0,0,3697856106,3676695944,1422622963,1394036213,N/A,N/A,257236045,257359378,10859898975,10777874611,13536930720,13562877165,12051798263,12050317656",0,0,8750693188,8762144676,1394050376,1422624863,9518481376,9522063999,N/A,N/A,250726125,250502633,2333621974,2339980114,10994672084,10966660479",0,0,9423819847,9428534592,181726083,181894951,9336844288,9338142388,257359386,257236070,N/A,N/A,248229731,248301949,10966722298,10994756012",0,0,8764052862,8752968485,705714819,688797265,247002128,246664427,182550876,182592001,2370602145,2417256604,N/A,N/A,9172339491,9190376665",0,0,9428625443,9423784276,895436863,896050031,887221783,886610421,1603923304,1591549055,11283375094,11291437361,2339980113,2333621973,N/A,N/A"
1755378708,N/A,N/A,3675933301,3697160988,688797265,705714819,9521797538,9518265328,1591574628,1603936823,9208565922,9242133996,248301940,248229748,17161450553,17116466543",0,0,N/A,N/A,896050031,895436876,9338081693,9336744312,182592602,182551338,250312180,250683708,10837900086,10767298423,17124581476,17178352713",0,0,3314702983,3383992330,N/A,N/A,886608143,887220784,249556943,249136470,13562832093,13536955847,9242133995,9208567283,9181827713,9191507228",0,0,3697856106,3676695944,1422622963,1394036213,N/A,N/A,257236045,257359378,10859898975,10777874611,13536930720,13562877165,12051798263,12050317656",0,0,8750693188,8762144676,1394050376,1422624863,9518481376,9522063999,N/A,N/A,250726125,250502633,2333621974,2339980114,10994672084,10966660479",0,0,9423819847,9428534592,181726083,181894951,9336844288,9338142388,257359386,257236070,N/A,N/A,248229731,248301949,10966722298,10994756012",0,0,8764052862,8752968485,705714819,688797265,247002128,246664427,182550876,182592001,2370602145,2417256604,N/A,N/A,9172339491,9190376665",0,0,9428625443,9423784276,895436863,896050031,887221783,886610421,1603923304,1591549055,11283375094,11291437361,2339980113,2333621973,N/A,N/A"
1755378709,N/A,N/A,3675933301,3697160988,688797265,705714819,9521797538,9518265328,1591574628,1603936823,9208565922,9242133996,248301940,248229748,17161450553,17116466543",0,0,N/A,N/A,896050031,895436876,9338081693,9336744312,182592602,182551338,250312180,250683708,10837900086,10767298423,17124581476,17178352713",0,0,3314702983,3383992330,N/A,N/A,886608143,887220784,249556943,249136470,13562832093,13536955847,9242133995,9208567283,9181827713,9191507228",0,0,3697856106,3676695944,1422622963,1394036213,N/A,N/A,257236045,257359378,10859898975,10777874611,13536930720,13562877165,12051798263,12050317656",0,0,8750693188,8762144676,1394050376,1422624863,9518481376,9522063999,N/A,N/A,250726125,250502633,2333621974,2339980114,10994672084,10966660479",0,0,9423819847,9428534592,181726083,181894951,9336844288,9338142388,257359386,257236070,N/A,N/A,248229731,248301949,10966722298,10994756012",0,0,8764052862,8752968485,705714819,688797265,247002128,246664427,182550876,182592001,2370602145,2417256604,N/A,N/A,9172339491,9190376665",0,0,9428625443,9423784276,895436863,896050031,887221783,886610421,1603923304,1591549055,11283375094,11291437361,2339980113,2333621973,N/A,N/A"
1755378710,N/A,N/A,3675933301,3697160988,688797265,705714819,9521797538,9518265328,1591574628,1603936823,9208565922,9242133996,248301940,248229748,17161450553,17116466543",0,0,N/A,N/A,896050031,895436876,9338081693,9336744312,182592602,182551338,250312180,250683708,10837900086,10767298423,17124581476,17178352713",0,0,3314702983,3383992330,N/A,N/A,886608143,887220784,249556943,249136470,13562832093,13536955847,9242133995,9208567283,9181827713,9191507228",0,0,3697856106,3676695944,1422622963,1394036213,N/A,N/A,257236045,257359378,10859898975,10777874611,13536930720,13562877165,12051798263,12050317656",0,0,8750693188,8762144676,1394050376,1422624863,9518481376,9522063999,N/A,N/A,250726125,250502633,2333621974,2339980114,10994672084,10966660479",0,0,9423819847,9428534592,181726083,181894951,9336844288,9338142388,257359386,257236070,N/A,N/A,248229731,248301949,10966722298,10994756012",0,0,8764052862,8752968485,705714819,688797265,247002128,246664427,182550876,182592001,2370602145,2417256604,N/A,N/A,9172339491,9190376665",0,0,9428625443,9423784276,895436863,896050031,887221783,886610421,1603923304,1591549055,11283375094,11291437361,2339980113,2333621973,N/A,N/A"
1755378712,N/A,N/A,3675933301,3697160988,688797265,705714819,9521797538,9518265328,1591574628,1603936823,9208565922,9242133996,248301940,248229748,17161450553,17116466543",0,0,N/A,N/A,896050031,895436876,9338081693,9336744312,182592602,182551338,250312180,250683708,10837900086,10767298423,17124581476,17178352713",0,0,3314702983,3383992330,N/A,N/A,886608143,887220784,249556943,249136470,13562832093,13536955847,9242133995,9208567283,9181827713,9191507228",0,0,3697856106,3676695944,1422622963,1394036213,N/A,N/A,257236045,257359378,10859898975,10777874611,13536930720,13562877165,12051798263,12050317656",0,0,8750693188,8762144676,1394050376,1422624863,9518481376,9522063999,N/A,N/A,250726125,250502633,2333621974,2339980114,10994672084,10966660479",0,0,9423819847,9428534592,181726083,181894951,9336844288,9338142388,257359386,257236070,N/A,N/A,248229731,248301949,10966722298,10994756012",0,0,8764052862,8752968485,705714819,688797265,247002128,246664427,182550876,182592001,2370602145,2417256604,N/A,N/A,9172339491,9190376665",0,0,9428625443,9423784276,895436863,896050031,887221783,886610421,1603923304,1591549055,11283375094,11291437361,2339980113,2333621973,N/A,N/A"
1755378713,N/A,N/A,3675933301,3697160988,688797265,705714819,9521797538,9518265328,1591574628,1603936823,9208565922,9242133996,248301940,248229748,17161450553,17116466543",0,0,N/A,N/A,896050031,895436876,9338081693,9336744312,182592602,182551338,250312180,250683708,10837900086,10767298423,17124581476,17178352713",0,0,3314702983,3383992330,N/A,N/A,886608143,887220784,249556943,249136470,13562832093,13536955847,9242133995,9208567283,9181827713,9191507228",0,0,3697856106,3676695944,1422622963,1394036213,N/A,N/A,257236045,257359378,10859898975,10777874611,13536930720,13562877165,12051798263,12050317656",0,0,8750693188,8762144676,1394050376,1422624863,9518481376,9522063999,N/A,N/A,250726125,250502633,2333621974,2339980114,10994672084,10966660479",0,0,9423819847,9428534592,181726083,181894951,9336844288,9338142388,257359386,257236070,N/A,N/A,248229731,248301949,10966722298,10994756012",0,0,8764052862,8752968485,705714819,688797265,247002128,246664427,182550876,182592001,2370602145,2417256604,N/A,N/A,9172339491,9190376665",0,0,9428625443,9423784276,895436863,896050031,887221783,886610421,1603923304,1591549055,11283375094,11291437361,2339980113,2333621973,N/A,N/A"
1755378715,N/A,N/A,3675933301,3697160988,688797265,705714819,9521797538,9518265328,1591574628,1603936823,9208565922,9242133996,248301940,248229748,17161450553,17116466543",0,0,N/A,N/A,896050031,895436876,9338081693,9336744312,182592602,182551338,250312180,250683708,10837900086,10767298423,17124581476,17178352713",0,0,3314702983,3383992330,N/A,N/A,886608143,887220784,249556943,249136470,13562832093,13536955847,9242133995,9208567283,9181827713,9191507228",0,0,3697856106,3676695944,1422622963,1394036213,N/A,N/A,257236045,257359378,10859898975,10777874611,13536930720,13562877165,12051798263,12050317656",0,0,8750693188,8762144676,1394050376,1422624863,9518481376,9522063999,N/A,N/A,250726125,250502633,2333621974,2339980114,10994672084,10966660479",0,0,9423819847,9428534592,181726083,181894951,9336844288,9338142388,257359386,257236070,N/A,N/A,248229731,248301949,10966722298,10994756012",0,0,8764052862,8752968485,705714819,688797265,247002128,246664427,182550876,182592001,2370602145,2417256604,N/A,N/A,9172339491,9190376665",0,0,9428625443,9423784276,895436863,896050031,887221783,886610421,1603923304,1591549055,11283375094,11291437361,2339980113,2333621973,N/A,N/A"
1755378716,N/A,N/A,3675933301,3697160988,688797265,705714819,9521797538,9518265328,1591574628,1603936823,9208565922,9242133996,248301940,248229748,17161450553,17116466543",0,0,N/A,N/A,896050031,895436876,9338081693,9336744312,182592602,182551338,250312180,250683708,10837900086,10767298423,17124581476,17178352713",0,0,3314702983,3383992330,N/A,N/A,886608143,887220784,249556943,249136470,13562832093,13536955847,9242133995,9208567283,9181827713,9191507228",0,0,3697856106,3676695944,1422622963,1394036213,N/A,N/A,257236045,257359378,10859898975,10777874611,13536930720,13562877165,12051798263,12050317656",0,0,8750693188,8762144676,1394050376,1422624863,9518481376,9522063999,N/A,N/A,250726125,250502633,2333621974,2339980114,10994672084,10966660479",0,0,9423819847,9428534592,181726083,181894951,9336844288,9338142388,257359386,257236070,N/A,N/A,248229731,248301949,10966722298,10994756012",0,0,8764052862,8752968485,705714819,688797265,247002128,246664427,182550876,182592001,2370602145,2417256604,N/A,N/A,9172339491,9190376665",0,0,9428625443,9423784276,895436863,896050031,887221783,886610421,1603923304,1591549055,11283375094,11291437361,2339980113,2333621973,N/A,N/A"
1755378718,N/A,N/A,3675933301,3697160988,688797265,705714819,9521797538,9518265328,1591574628,1603936823,9208565922,9242133996,248301940,248229748,17161450553,17116466543",0,0,N/A,N/A,896050031,895436876,9338081693,9336744312,182592602,182551338,250312180,250683708,10837900086,10767298423,17124581476,17178352713",0,0,3314702983,3383992330,N/A,N/A,886608143,887220784,249556943,249136470,13562832093,13536955847,9242133995,9208567283,9181827713,9191507228",0,0,3697856106,3676695944,1422622963,1394036213,N/A,N/A,257236045,257359378,10859898975,10777874611,13536930720,13562877165,12051798263,12050317656",0,0,8750693188,8762144676,1394050376,1422624863,9518481376,9522063999,N/A,N/A,250726125,250502633,2333621974,2339980114,10994672084,10966660479",0,0,9423819847,9428534592,181726083,181894951,9336844288,9338142388,257359386,257236070,N/A,N/A,248229731,248301949,10966722298,10994756012",0,0,8764052862,8752968485,705714819,688797265,247002128,246664427,182550876,182592001,2370602145,2417256604,N/A,N/A,9172339491,9190376665",0,0,9428625443,9423784276,895436863,896050031,887221783,886610421,1603923304,1591549055,11283375094,11291437361,2339980113,2333621973,N/A,N/A"
1755378719,N/A,N/A,3675933301,3697160988,688797265,705714819,9521797538,9518265328,1591574628,1603936823,9208565922,9242133996,248301940,248229748,17161450553,17116466543",0,0,N/A,N/A,896050031,895436876,9338081693,9336744312,182592602,182551338,250312180,250683708,10837900086,10767298423,17124581476,17178352713",0,0,3314702983,3383992330,N/A,N/A,886608143,887220784,249556943,249136470,13562832093,13536955847,9242133995,9208567283,9181827713,9191507228",0,0,3697856106,3676695944,1422622963,1394036213,N/A,N/A,257236045,257359378,10859898975,10777874611,13536930720,13562877165,12051798263,12050317656",0,0,8750693188,8762144676,1394050376,1422624863,9518481376,9522063999,N/A,N/A,250726125,250502633,2333621974,2339980114,10994672084,10966660479",0,0,9423819847,9428534592,181726083,181894951,9336844288,9338142388,257359386,257236070,N/A,N/A,248229731,248301949,10966722298,10994756012",0,0,8764052862,8752968485,705714819,688797265,247002128,246664427,182550876,182592001,2370602145,2417256604,N/A,N/A,9172339491,9190376665",0,0,9428625443,9423784276,895436863,896050031,887221783,886610421,1603923304,1591549055,11283375094,11291437361,2339980113,2333621973,N/A,N/A"
1755378721,N/A,N/A,3675933301,3697160988,688797265,705714819,9521797538,9518265328,1591574628,1603936823,9208565922,9242133996,248301940,248229748,17161450553,17116466543",0,0,N/A,N/A,896050031,895436876,9338081693,9336744312,182592602,182551338,250312180,250683708,10837900086,10767298423,17124581476,17178352713",0,0,3314702983,3383992330,N/A,N/A,886608143,887220784,249556943,249136470,13562832093,13536955847,9242133995,9208567283,9181827713,9191507228",0,0,3697856106,3676695944,1422622963,1394036213,N/A,N/A,257236045,257359378,10859898975,10777874611,13536930720,13562877165,12051798263,12050317656",0,0,8750693188,8762144676,1394050376,1422624863,9518481376,9522063999,N/A,N/A,250726125,250502633,2333621974,2339980114,10994672084,10966660479",0,0,9423819847,9428534592,181726083,181894951,9336844288,9338142388,257359386,257236070,N/A,N/A,248229731,248301949,10966722298,10994756012",0,0,8764052862,8752968485,705714819,688797265,247002128,246664427,182550876,182592001,2370602145,2417256604,N/A,N/A,9172339491,9190376665",0,0,9428625443,9423784276,895436863,896050031,887221783,886610421,1603923304,1591549055,11283375094,11291437361,2339980113,2333621973,N/A,N/A"
1755378722,N/A,N/A,3675933301,3697160988,688797265,705714819,9521797538,9518265328,1591574628,1603936823,9208565922,9242133996,248301940,248229748,17161450553,17116466543",0,0,N/A,N/A,896050031,895436876,9338081693,9336744312,182592602,182551338,250312180,250683708,10837900086,10767298423,17124581476,17178352713",0,0,3314702983,3383992330,N/A,N/A,886608143,887220784,249556943,249136470,13562832093,13536955847,9242133995,9208567283,9181827713,9191507228",0,0,3697856106,3676695944,1422622963,1394036213,N/A,N/A,257236045,257359378,10859898975,10777874611,13536930720,13562877165,12051798263,12050317656",0,0,8750693188,8762144676,1394050376,1422624863,9518481376,9522063999,N/A,N/A,250726125,250502633,2333621974,2339980114,10994672084,10966660479",0,0,9423819847,9428534592,181726083,181894951,9336844288,9338142388,257359386,257236070,N/A,N/A,248229731,248301949,10966722298,10994756012",0,0,8764052862,8752968485,705714819,688797265,247002128,246664427,182550876,182592001,2370602145,2417256604,N/A,N/A,9172339491,9190376665",0,0,9428625443,9423784276,895436863,896050031,887221783,886610421,1603923304,1591549055,11283375094,11291437361,2339980113,2333621973,N/A,N/A"
1755378724,N/A,N/A,3675933301,3697160988,688797265,705714819,9521797538,9518265328,1591574628,1603936823,9208565922,9242133996,248301940,248229748,17161450553,17116466543",0,0,N/A,N/A,896050031,895436876,9338081693,9336744312,182592602,182551338,250312180,250683708,10837900086,10767298423,17124581476,17178352713",0,0,3314702983,3383992330,N/A,N/A,886608143,887220784,249556943,249136470,13562832093,13536955847,9242133995,9208567283,9181827713,9191507228",0,0,3697856106,3676695944,1422622963,1394036213,N/A,N/A,257236045,257359378,10859898975,10777874611,13536930720,13562877165,12051798263,12050317656",0,0,8750693188,8762144676,1394050376,1422624863,9518481376,9522063999,N/A,N/A,250726125,250502633,2333621974,2339980114,10994672084,10966660479",0,0,9423819847,9428534592,181726083,181894951,9336844288,9338142388,257359386,257236070,N/A,N/A,248229731,248301949,10966722298,10994756012",0,0,8764052862,8752968485,705714819,688797265,247002128,246664427,182550876,182592001,2370602145,2417256604,N/A,N/A,9172339491,9190376665",0,0,9428625443,9423784276,895436863,896050031,887221783,886610421,1603923304,1591549055,11283375094,11291437361,2339980113,2333621973,N/A,N/A"
1755378725,N/A,N/A,3675933301,3697160988,688797265,705714819,9521797538,9518265328,1591574628,1603936823,9208565922,9242133996,248301940,248229748,17161450553,17116466543",0,0,N/A,N/A,896050031,895436876,9338081693,9336744312,182592602,182551338,250312180,250683708,10837900086,10767298423,17124581476,17178352713",0,0,3314702983,3383992330,N/A,N/A,886608143,887220784,249556943,249136470,13562832093,13536955847,9242133995,9208567283,9181827713,9191507228",0,0,3697856106,3676695944,1422622963,1394036213,N/A,N/A,257236045,257359378,10859898975,10777874611,13536930720,13562877165,12051798263,12050317656",0,0,8750693188,8762144676,1394050376,1422624863,9518481376,9522063999,N/A,N/A,250726125,250502633,2333621974,2339980114,10994672084,10966660479",0,0,9423819847,9428534592,181726083,181894951,9336844288,9338142388,257359386,257236070,N/A,N/A,248229731,248301949,10966722298,10994756012",0,0,8764052862,8752968485,705714819,688797265,247002128,246664427,182550876,182592001,2370602145,2417256604,N/A,N/A,9172339491,9190376665",0,0,9428625443,9423784276,895436863,896050031,887221783,886610421,1603923304,1591549055,11283375094,11291437361,2339980113,2333621973,N/A,N/A"
1755378727,N/A,N/A,3675933301,3697160988,688797265,705714819,9521797538,9518265328,1591574628,1603936823,9208565922,9242133996,248301940,248229748,17161450553,17116466543",0,0,N/A,N/A,896050031,895436876,9338081693,9336744312,182592602,182551338,250312180,250683708,10837900086,10767298423,17124581476,17178352713",0,0,3314702983,3383992330,N/A,N/A,886608143,887220784,249556943,249136470,13562832093,13536955847,9242133995,9208567283,9181827713,9191507228",0,0,3697856106,3676695944,1422622963,1394036213,N/A,N/A,257236045,257359378,10859898975,10777874611,13536930720,13562877165,12051798263,12050317656",0,0,8750693188,8762144676,1394050376,1422624863,9518481376,9522063999,N/A,N/A,250726125,250502633,2333621974,2339980114,10994672084,10966660479",0,0,9423819847,9428534592,181726083,181894951,9336844288,9338142388,257359386,257236070,N/A,N/A,248229731,248301949,10966722298,10994756012",0,0,8764052862,8752968485,705714819,688797265,247002128,246664427,182550876,182592001,2370602145,2417256604,N/A,N/A,9172339491,9190376665",0,0,9428625443,9423784276,895436863,896050031,887221783,886610421,1603923304,1591549055,11283375094,11291437361,2339980113,2333621973,N/A,N/A"
1755378728,N/A,N/A,3675933301,3697160988,688797265,705714819,9521797538,9518265328,1591574628,1603936823,9208565922,9242133996,248301940,248229748,17161450553,17116466543",0,0,N/A,N/A,896050031,895436876,9338081693,9336744312,182592602,182551338,250312180,250683708,10837900086,10767298423,17124581476,17178352713",0,0,3314702983,3383992330,N/A,N/A,886608143,887220784,249556943,249136470,13562832093,13536955847,9242133995,9208567283,9181827713,9191507228",0,0,3697856106,3676695944,1422622963,1394036213,N/A,N/A,257236045,257359378,10859898975,10777874611,13536930720,13562877165,12051798263,12050317656",0,0,8750693188,8762144676,1394050376,1422624863,9518481376,9522063999,N/A,N/A,250726125,250502633,2333621974,2339980114,10994672084,10966660479",0,0,9423819847,9428534592,181726083,181894951,9336844288,9338142388,257359386,257236070,N/A,N/A,248229731,248301949,10966722298,10994756012",0,0,8764052862,8752968485,705714819,688797265,247002128,246664427,182550876,182592001,2370602145,2417256604,N/A,N/A,9172339491,9190376665",0,0,9428625443,9423784276,895436863,896050031,887221783,886610421,1603923304,1591549055,11283375094,11291437361,2339980113,2333621973,N/A,N/A"
1755378730,N/A,N/A,3675933301,3697160988,688797265,705714819,9521797538,9518265328,1591574628,1603936823,9208565922,9242133996,248301940,248229748,17161450553,17116466543",0,0,N/A,N/A,896050031,895436876,9338081693,9336744312,182592602,182551338,250312180,250683708,10837900086,10767298423,17124581476,17178352713",0,0,3314702983,3383992330,N/A,N/A,886608143,887220784,249556943,249136470,13562832093,13536955847,9242133995,9208567283,9181827713,9191507228",0,0,3697856106,3676695944,1422622963,1394036213,N/A,N/A,257236045,257359378,10859898975,10777874611,13536930720,13562877165,12051798263,12050317656",0,0,8750693188,8762144676,1394050376,1422624863,9518481376,9522063999,N/A,N/A,250726125,250502633,2333621974,2339980114,10994672084,10966660479",0,0,9423819847,9428534592,181726083,181894951,9336844288,9338142388,257359386,257236070,N/A,N/A,248229731,248301949,10966722298,10994756012",0,0,8764052862,8752968485,705714819,688797265,247002128,246664427,182550876,182592001,2370602145,2417256604,N/A,N/A,9172339491,9190376665",0,0,9428625443,9423784276,895436863,896050031,887221783,886610421,1603923304,1591549055,11283375094,11291437361,2339980113,2333621973,N/A,N/A"
1755378731,N/A,N/A,3675933301,3697160988,688797265,705714819,9521797538,9518265328,1591574628,1603936823,9208565922,9242133996,248301940,248229748,17161450553,17116466543",0,0,N/A,N/A,896050031,895436876,9338081693,9336744312,182592602,182551338,250312180,250683708,10837900086,10767298423,17124581476,17178352713",0,0,3314702983,3383992330,N/A,N/A,886608143,887220784,249556943,249136470,13562832093,13536955847,9242133995,9208567283,9181827713,9191507228",0,0,3697856106,3676695944,1422622963,1394036213,N/A,N/A,257236045,257359378,10859898975,10777874611,13536930720,13562877165,12051798263,12050317656",0,0,8750693188,8762144676,1394050376,1422624863,9518481376,9522063999,N/A,N/A,250726125,250502633,2333621974,2339980114,10994672084,10966660479",0,0,9423819847,9428534592,181726083,181894951,9336844288,9338142388,257359386,257236070,N/A,N/A,248229731,248301949,10966722298,10994756012",0,0,8764052862,8752968485,705714819,688797265,247002128,246664427,182550876,182592001,2370602145,2417256604,N/A,N/A,9172339491,9190376665",0,0,9428625443,9423784276,895436863,896050031,887221783,886610421,1603923304,1591549055,11283375094,11291437361,2339980113,2333621973,N/A,N/A"
1755378733,N/A,N/A,3675933301,3697160988,688797265,705714819,9521797538,9518265328,1591574628,1603936823,9208565922,9242133996,248301940,248229748,17161450553,17116466543",0,0,N/A,N/A,896050031,895436876,9338081693,9336744312,182592602,182551338,250312180,250683708,10837900086,10767298423,17124581476,17178352713",0,0,3314702983,3383992330,N/A,N/A,886608143,887220784,249556943,249136470,13562832093,13536955847,9242133995,9208567283,9181827713,9191507228",0,0,3697856106,3676695944,1422622963,1394036213,N/A,N/A,257236045,257359378,10859898975,10777874611,13536930720,13562877165,12051798263,12050317656",0,0,8750693188,8762144676,1394050376,1422624863,9518481376,9522063999,N/A,N/A,250726125,250502633,2333621974,2339980114,10994672084,10966660479",0,0,9423819847,9428534592,181726083,181894951,9336844288,9338142388,257359386,257236070,N/A,N/A,248229731,248301949,10966722298,10994756012",0,0,8764052862,8752968485,705714819,688797265,247002128,246664427,182550876,182592001,2370602145,2417256604,N/A,N/A,9172339491,9190376665",0,0,9428625443,9423784276,895436863,896050031,887221783,886610421,1603923304,1591549055,11283375094,11291437361,2339980113,2333621973,N/A,N/A"
1755378734,N/A,N/A,3675933301,3697160988,688797265,705714819,9521797538,9518265328,1591574628,1603936823,9208565922,9242133996,248301940,248229748,17161450553,17116466543",0,0,N/A,N/A,896050031,895436876,9338081693,9336744312,182592602,182551338,250312180,250683708,10837900086,10767298423,17124581476,17178352713",0,0,3314702983,3383992330,N/A,N/A,886608143,887220784,249556943,249136470,13562832093,13536955847,9242133995,9208567283,9181827713,9191507228",0,0,3697856106,3676695944,1422622963,1394036213,N/A,N/A,257236045,257359378,10859898975,10777874611,13536930720,13562877165,12051798263,12050317656",0,0,8750693188,8762144676,1394050376,1422624863,9518481376,9522063999,N/A,N/A,250726125,250502633,2333621974,2339980114,10994672084,10966660479",0,0,9423819847,9428534592,181726083,181894951,9336844288,9338142388,257359386,257236070,N/A,N/A,248229731,248301949,10966722298,10994756012",0,0,8764052862,8752968485,705714819,688797265,247002128,246664427,182550876,182592001,2370602145,2417256604,N/A,N/A,9172339491,9190376665",0,0,9428625443,9423784276,895436863,896050031,887221783,886610421,1603923304,1591549055,11283375094,11291437361,2339980113,2333621973,N/A,N/A"
1755378735,N/A,N/A,3675933301,3697160988,688797265,705714819,9521797538,9518265328,1591574628,1603936823,9208565922,9242133996,248301940,248229748,17161450553,17116466543",0,0,N/A,N/A,896050031,895436876,9338081693,9336744312,182592602,182551338,250312180,250683708,10837900086,10767298423,17124581476,17178352713",0,0,3314702983,3383992330,N/A,N/A,886608143,887220784,249556943,249136470,13562832093,13536955847,9242133995,9208567283,9181827713,9191507228",0,0,3697856106,3676695944,1422622963,1394036213,N/A,N/A,257236045,257359378,10859898975,10777874611,13536930720,13562877165,12051798263,12050317656",0,0,8750693188,8762144676,1394050376,1422624863,9518481376,9522063999,N/A,N/A,250726125,250502633,2333621974,2339980114,10994672084,10966660479",0,0,9423819847,9428534592,181726083,181894951,9336844288,9338142388,257359386,257236070,N/A,N/A,248229731,248301949,10966722298,10994756012",0,0,8764052862,8752968485,705714819,688797265,247002128,246664427,182550876,182592001,2370602145,2417256604,N/A,N/A,9172339491,9190376665",0,0,9428625443,9423784276,895436863,896050031,887221783,886610421,1603923304,1591549055,11283375094,11291437361,2339980113,2333621973,N/A,N/A"
1755378737,N/A,N/A,3675933301,3697160988,688797265,705714819,9521797538,9518265328,1591574628,1603936823,9208565922,9242133996,248301940,248229748,17161450553,17116466543",0,0,N/A,N/A,896050031,895436876,9338081693,9336744312,182592602,182551338,250312180,250683708,10837900086,10767298423,17124581476,17178352713",0,0,3314702983,3383992330,N/A,N/A,886608143,887220784,249556943,249136470,13562832093,13536955847,9242133995,9208567283,9181827713,9191507228",0,0,3697856106,3676695944,1422622963,1394036213,N/A,N/A,257236045,257359378,10859898975,10777874611,13536930720,13562877165,12051798263,12050317656",0,0,8750693188,8762144676,1394050376,1422624863,9518481376,9522063999,N/A,N/A,250726125,250502633,2333621974,2339980114,10994672084,10966660479",0,0,9423819847,9428534592,181726083,181894951,9336844288,9338142388,257359386,257236070,N/A,N/A,248229731,248301949,10966722298,10994756012",0,0,8764052862,8752968485,705714819,688797265,247002128,246664427,182550876,182592001,2370602145,2417256604,N/A,N/A,9172339491,9190376665",0,0,9428625443,9423784276,895436863,896050031,887221783,886610421,1603923304,1591549055,11283375094,11291437361,2339980113,2333621973,N/A,N/A"
1755378738,N/A,N/A,3675933301,3697160988,688797265,705714819,9521797538,9518265328,1591574628,1603936823,9208565922,9242133996,248301940,248229748,17161450553,17116466543",0,0,N/A,N/A,896050031,895436876,9338081693,9336744312,182592602,182551338,250312180,250683708,10837900086,10767298423,17124581476,17178352713",0,0,3314702983,3383992330,N/A,N/A,886608143,887220784,249556943,249136470,13562832093,13536955847,9242133995,9208567283,9181827713,9191507228",0,0,3697856106,3676695944,1422622963,1394036213,N/A,N/A,257236045,257359378,10859898975,10777874611,13536930720,13562877165,12051798263,12050317656",0,0,8750693188,8762144676,1394050376,1422624863,9518481376,9522063999,N/A,N/A,250726125,250502633,2333621974,2339980114,10994672084,10966660479",0,0,9423819847,9428534592,181726083,181894951,9336844288,9338142388,257359386,257236070,N/A,N/A,248229731,248301949,10966722298,10994756012",0,0,8764052862,8752968485,705714819,688797265,247002128,246664427,182550876,182592001,2370602145,2417256604,N/A,N/A,9172339491,9190376665",0,0,9428625443,9423784276,895436863,896050031,887221783,886610421,1603923304,1591549055,11283375094,11291437361,2339980113,2333621973,N/A,N/A"
1755378740,N/A,N/A,3675933301,3697160988,688797265,705714819,9521797538,9518265328,1591574628,1603936823,9208565922,9242133996,248301940,248229748,17161450553,17116466543",0,0,N/A,N/A,896050031,895436876,9338081693,9336744312,182592602,182551338,250312180,250683708,10837900086,10767298423,17124581476,17178352713",0,0,3314702983,3383992330,N/A,N/A,886608143,887220784,249556943,249136470,13562832093,13536955847,9242133995,9208567283,9181827713,9191507228",0,0,3697856106,3676695944,1422622963,1394036213,N/A,N/A,257236045,257359378,10859898975,10777874611,13536930720,13562877165,12051798263,12050317656",0,0,8750693188,8762144676,1394050376,1422624863,9518481376,9522063999,N/A,N/A,250726125,250502633,2333621974,2339980114,10994672084,10966660479",0,0,9423819847,9428534592,181726083,181894951,9336844288,9338142388,257359386,257236070,N/A,N/A,248229731,248301949,10966722298,10994756012",0,0,8764052862,8752968485,705714819,688797265,247002128,246664427,182550876,182592001,2370602145,2417256604,N/A,N/A,9172339491,9190376665",0,0,9428625443,9423784276,895436863,896050031,887221783,886610421,1603923304,1591549055,11283375094,11291437361,2339980113,2333621973,N/A,N/A"
1755378741,N/A,N/A,3675933301,3697160988,688797265,705714819,9521797538,9518265328,1591574628,1603936823,9208565922,9242133996,248301940,248229748,17161450553,17116466543",0,0,N/A,N/A,896050031,895436876,9338081693,9336744312,182592602,182551338,250312180,250683708,10837900086,10767298423,17124581476,17178352713",0,0,3314702983,3383992330,N/A,N/A,886608143,887220784,249556943,249136470,13562832093,13536955847,9242133995,9208567283,9181827713,9191507228",0,0,3697856106,3676695944,1422622963,1394036213,N/A,N/A,257236045,257359378,10859898975,10777874611,13536930720,13562877165,12051798263,12050317656",0,0,8750693188,8762144676,1394050376,1422624863,9518481376,9522063999,N/A,N/A,250726125,250502633,2333621974,2339980114,10994672084,10966660479",0,0,9423819847,9428534592,181726083,181894951,9336844288,9338142388,257359386,257236070,N/A,N/A,248229731,248301949,10966722298,10994756012",0,0,8764052862,8752968485,705714819,688797265,247002128,246664427,182550876,182592001,2370602145,2417256604,N/A,N/A,9172339491,9190376665",0,0,9428625443,9423784276,895436863,896050031,887221783,886610421,1603923304,1591549055,11283375094,11291437361,2339980113,2333621973,N/A,N/A"
1755378743,N/A,N/A,3675933301,3697160988,688797265,705714819,9521797538,9518265328,1591574628,1603936823,9208565922,9242133996,248301940,248229748,17161450553,17116466543",0,0,N/A,N/A,896050031,895436876,9338081693,9336744312,182592602,182551338,250312180,250683708,10837900086,10767298423,17124581476,17178352713",0,0,3314702983,3383992330,N/A,N/A,886608143,887220784,249556943,249136470,13562832093,13536955847,9242133995,9208567283,9181827713,9191507228",0,0,3697856106,3676695944,1422622963,1394036213,N/A,N/A,257236045,257359378,10859898975,10777874611,13536930720,13562877165,12051798263,12050317656",0,0,8750693188,8762144676,1394050376,1422624863,9518481376,9522063999,N/A,N/A,250726125,250502633,2333621974,2339980114,10994672084,10966660479",0,0,9423819847,9428534592,181726083,181894951,9336844288,9338142388,257359386,257236070,N/A,N/A,248229731,248301949,10966722298,10994756012",0,0,8764052862,8752968485,705714819,688797265,247002128,246664427,182550876,182592001,2370602145,2417256604,N/A,N/A,9172339491,9190376665",0,0,9428625443,9423784276,895436863,896050031,887221783,886610421,1603923304,1591549055,11283375094,11291437361,2339980113,2333621973,N/A,N/A"
1755378744,N/A,N/A,3675933301,3697160988,688797265,705714819,9521797538,9518265328,1591574628,1603936823,9208565922,9242133996,248301940,248229748,17161450553,17116466543",0,0,N/A,N/A,896050031,895436876,9338081693,9336744312,182592602,182551338,250312180,250683708,10837900086,10767298423,17124581476,17178352713",0,0,3314702983,3383992330,N/A,N/A,886608143,887220784,249556943,249136470,13562832093,13536955847,9242133995,9208567283,9181827713,9191507228",0,0,3697856106,3676695944,1422622963,1394036213,N/A,N/A,257236045,257359378,10859898975,10777874611,13536930720,13562877165,12051798263,12050317656",0,0,8750693188,8762144676,1394050376,1422624863,9518481376,9522063999,N/A,N/A,250726125,250502633,2333621974,2339980114,10994672084,10966660479",0,0,9423819847,9428534592,181726083,181894951,9336844288,9338142388,257359386,257236070,N/A,N/A,248229731,248301949,10966722298,10994756012",0,0,8764052862,8752968485,705714819,688797265,247002128,246664427,182550876,182592001,2370602145,2417256604,N/A,N/A,9172339491,9190376665",0,0,9428625443,9423784276,895436863,896050031,887221783,886610421,1603923304,1591549055,11283375094,11291437361,2339980113,2333621973,N/A,N/A"
1755378746,N/A,N/A,3675933301,3697160988,688797265,705714819,9521797538,9518265328,1591574628,1603936823,9208565922,9242133996,248301940,248229748,17161450553,17116466543",0,0,N/A,N/A,896050031,895436876,9338081693,9336744312,182592602,182551338,250312180,250683708,10837900086,10767298423,17124581476,17178352713",0,0,3314702983,3383992330,N/A,N/A,886608143,887220784,249556943,249136470,13562832093,13536955847,9242133995,9208567283,9181827713,9191507228",0,0,3697856106,3676695944,1422622963,1394036213,N/A,N/A,257236045,257359378,10859898975,10777874611,13536930720,13562877165,12051798263,12050317656",0,0,8750693188,8762144676,1394050376,1422624863,9518481376,9522063999,N/A,N/A,250726125,250502633,2333621974,2339980114,10994672084,10966660479",0,0,9423819847,9428534592,181726083,181894951,9336844288,9338142388,257359386,257236070,N/A,N/A,248229731,248301949,10966722298,10994756012",0,0,8764052862,8752968485,705714819,688797265,247002128,246664427,182550876,182592001,2370602145,2417256604,N/A,N/A,9172339491,9190376665",0,0,9428625443,9423784276,895436863,896050031,887221783,886610421,1603923304,1591549055,11283375094,11291437361,2339980113,2333621973,N/A,N/A"
1755378747,N/A,N/A,3675933301,3697160988,688797265,705714819,9521797538,9518265328,1591574628,1603936823,9208565922,9242133996,248301940,248229748,17161450553,17116466543",0,0,N/A,N/A,896050031,895436876,9338081693,9336744312,182592602,182551338,250312180,250683708,10837900086,10767298423,17124581476,17178352713",0,0,3314702983,3383992330,N/A,N/A,886608143,887220784,249556943,249136470,13562832093,13536955847,9242133995,9208567283,9181827713,9191507228",0,0,3697856106,3676695944,1422622963,1394036213,N/A,N/A,257236045,257359378,10859898975,10777874611,13536930720,13562877165,12051798263,12050317656",0,0,8750693188,8762144676,1394050376,1422624863,9518481376,9522063999,N/A,N/A,250726125,250502633,2333621974,2339980114,10994672084,10966660479",0,0,9423819847,9428534592,181726083,181894951,9336844288,9338142388,257359386,257236070,N/A,N/A,248229731,248301949,10966722298,10994756012",0,0,8764052862,8752968485,705714819,688797265,247002128,246664427,182550876,182592001,2370602145,2417256604,N/A,N/A,9172339491,9190376665",0,0,9428625443,9423784276,895436863,896050031,887221783,886610421,1603923304,1591549055,11283375094,11291437361,2339980113,2333621973,N/A,N/A"
1755378749,N/A,N/A,3675933301,3697160988,688797265,705714819,9521797538,9518265328,1591574628,1603936823,9208565922,9242133996,248301940,248229748,17161450553,17116466543",0,0,N/A,N/A,896050031,895436876,9338081693,9336744312,182592602,182551338,250312180,250683708,10837900086,10767298423,17124581476,17178352713",0,0,3314702983,3383992330,N/A,N/A,886608143,887220784,249556943,249136470,13562832093,13536955847,9242133995,9208567283,9181827713,9191507228",0,0,3697856106,3676695944,1422622963,1394036213,N/A,N/A,257236045,257359378,10859898975,10777874611,13536930720,13562877165,12051798263,12050317656",0,0,8750693188,8762144676,1394050376,1422624863,9518481376,9522063999,N/A,N/A,250726125,250502633,2333621974,2339980114,10994672084,10966660479",0,0,9423819847,9428534592,181726083,181894951,9336844288,9338142388,257359386,257236070,N/A,N/A,248229731,248301949,10966722298,10994756012",0,0,8764052862,8752968485,705714819,688797265,247002128,246664427,182550876,182592001,2370602145,2417256604,N/A,N/A,9172339491,9190376665",0,0,9428625443,9423784276,895436863,896050031,887221783,886610421,1603923304,1591549055,11283375094,11291437361,2339980113,2333621973,N/A,N/A"
1755378750,N/A,N/A,3675933301,3697160988,688797265,705714819,9521797538,9518265328,1591574628,1603936823,9208565922,9242133996,248301940,248229748,17161450553,17116466543",0,0,N/A,N/A,896050031,895436876,9338081693,9336744312,182592602,182551338,250312180,250683708,10837900086,10767298423,17124581476,17178352713",0,0,3314702983,3383992330,N/A,N/A,886608143,887220784,249556943,249136470,13562832093,13536955847,9242133995,9208567283,9181827713,9191507228",0,0,3697856106,3676695944,1422622963,1394036213,N/A,N/A,257236045,257359378,10859898975,10777874611,13536930720,13562877165,12051798263,12050317656",0,0,8750693188,8762144676,1394050376,1422624863,9518481376,9522063999,N/A,N/A,250726125,250502633,2333621974,2339980114,10994672084,10966660479",0,0,9423819847,9428534592,181726083,181894951,9336844288,9338142388,257359386,257236070,N/A,N/A,248229731,248301949,10966722298,10994756012",0,0,8764052862,8752968485,705714819,688797265,247002128,246664427,182550876,182592001,2370602145,2417256604,N/A,N/A,9172339491,9190376665",0,0,9428625443,9423784276,895436863,896050031,887221783,886610421,1603923304,1591549055,11283375094,11291437361,2339980113,2333621973,N/A,N/A"
1755378752,N/A,N/A,3675933301,3697160988,688797265,705714819,9521797538,9518265328,1591574628,1603936823,9208565922,9242133996,248301940,248229748,17161450553,17116466543",0,0,N/A,N/A,896050031,895436876,9338081693,9336744312,182592602,182551338,250312180,250683708,10837900086,10767298423,17124581476,17178352713",0,0,3314702983,3383992330,N/A,N/A,886608143,887220784,249556943,249136470,13562832093,13536955847,9242133995,9208567283,9181827713,9191507228",0,0,3697856106,3676695944,1422622963,1394036213,N/A,N/A,257236045,257359378,10859898975,10777874611,13536930720,13562877165,12051798263,12050317656",0,0,8750693188,8762144676,1394050376,1422624863,9518481376,9522063999,N/A,N/A,250726125,250502633,2333621974,2339980114,10994672084,10966660479",0,0,9423819847,9428534592,181726083,181894951,9336844288,9338142388,257359386,257236070,N/A,N/A,248229731,248301949,10966722298,10994756012",0,0,8764052862,8752968485,705714819,688797265,247002128,246664427,182550876,182592001,2370602145,2417256604,N/A,N/A,9172339491,9190376665",0,0,9428625443,9423784276,895436863,896050031,887221783,886610421,1603923304,1591549055,11283375094,11291437361,2339980113,2333621973,N/A,N/A"
1755378753,N/A,N/A,3675933301,3697160988,688797265,705714819,9521797538,9518265328,1591574628,1603936823,9208565922,9242133996,248301940,248229748,17161450553,17116466543",0,0,N/A,N/A,896050031,895436876,9338081693,9336744312,182592602,182551338,250312180,250683708,10837900086,10767298423,17124581476,17178352713",0,0,3314702983,3383992330,N/A,N/A,886608143,887220784,249556943,249136470,13562832093,13536955847,9242133995,9208567283,9181827713,9191507228",0,0,3697856106,3676695944,1422622963,1394036213,N/A,N/A,257236045,257359378,10859898975,10777874611,13536930720,13562877165,12051798263,12050317656",0,0,8750693188,8762144676,1394050376,1422624863,9518481376,9522063999,N/A,N/A,250726125,250502633,2333621974,2339980114,10994672084,10966660479",0,0,9423819847,9428534592,181726083,181894951,9336844288,9338142388,257359386,257236070,N/A,N/A,248229731,248301949,10966722298,10994756012",0,0,8764052862,8752968485,705714819,688797265,247002128,246664427,182550876,182592001,2370602145,2417256604,N/A,N/A,9172339491,9190376665",0,0,9428625443,9423784276,895436863,896050031,887221783,886610421,1603923304,1591549055,11283375094,11291437361,2339980113,2333621973,N/A,N/A"
1755378755,N/A,N/A,3675933301,3697160988,688797265,705714819,9521797538,9518265328,1591574628,1603936823,9208565922,9242133996,248301940,248229748,17161450553,17116466543",0,0,N/A,N/A,896050031,895436876,9338081693,9336744312,182592602,182551338,250312180,250683708,10837900086,10767298423,17124581476,17178352713",0,0,3314702983,3383992330,N/A,N/A,886608143,887220784,249556943,249136470,13562832093,13536955847,9242133995,9208567283,9181827713,9191507228",0,0,3697856106,3676695944,1422622963,1394036213,N/A,N/A,257236045,257359378,10859898975,10777874611,13536930720,13562877165,12051798263,12050317656",0,0,8750693188,8762144676,1394050376,1422624863,9518481376,9522063999,N/A,N/A,250726125,250502633,2333621974,2339980114,10994672084,10966660479",0,0,9423819847,9428534592,181726083,181894951,9336844288,9338142388,257359386,257236070,N/A,N/A,248229731,248301949,10966722298,10994756012",0,0,8764052862,8752968485,705714819,688797265,247002128,246664427,182550876,182592001,2370602145,2417256604,N/A,N/A,9172339491,9190376665",0,0,9428625443,9423784276,895436863,896050031,887221783,886610421,1603923304,1591549055,11283375094,11291437361,2339980113,2333621973,N/A,N/A"
1755378756,N/A,N/A,3675933301,3697160988,688797265,705714819,9521797538,9518265328,1591574628,1603936823,9208565922,9242133996,248301940,248229748,17161450553,17116466543",0,0,N/A,N/A,896050031,895436876,9338081693,9336744312,182592602,182551338,250312180,250683708,10837900086,10767298423,17124581476,17178352713",0,0,3314702983,3383992330,N/A,N/A,886608143,887220784,249556943,249136470,13562832093,13536955847,9242133995,9208567283,9181827713,9191507228",0,0,3697856106,3676695944,1422622963,1394036213,N/A,N/A,257236045,257359378,10859898975,10777874611,13536930720,13562877165,12051798263,12050317656",0,0,8750693188,8762144676,1394050376,1422624863,9518481376,9522063999,N/A,N/A,250726125,250502633,2333621974,2339980114,10994672084,10966660479",0,0,9423819847,9428534592,181726083,181894951,9336844288,9338142388,257359386,257236070,N/A,N/A,248229731,248301949,10966722298,10994756012",0,0,8764052862,8752968485,705714819,688797265,247002128,246664427,182550876,182592001,2370602145,2417256604,N/A,N/A,9172339491,9190376665",0,0,9428625443,9423784276,895436863,896050031,887221783,886610421,1603923304,1591549055,11283375094,11291437361,2339980113,2333621973,N/A,N/A"
1755378758,N/A,N/A,3675933301,3697160988,688797265,705714819,9521797538,9518265328,1591574628,1603936823,9208565922,9242133996,248301940,248229748,17161450553,17116466543",0,0,N/A,N/A,896050031,895436876,9338081693,9336744312,182592602,182551338,250312180,250683708,10837900086,10767298423,17124581476,17178352713",0,0,3314702983,3383992330,N/A,N/A,886608143,887220784,249556943,249136470,13562832093,13536955847,9242133995,9208567283,9181827713,9191507228",0,0,3697856106,3676695944,1422622963,1394036213,N/A,N/A,257236045,257359378,10859898975,10777874611,13536930720,13562877165,12051798263,12050317656",0,0,8750693188,8762144676,1394050376,1422624863,9518481376,9522063999,N/A,N/A,250726125,250502633,2333621974,2339980114,10994672084,10966660479",0,0,9423819847,9428534592,181726083,181894951,9336844288,9338142388,257359386,257236070,N/A,N/A,248229731,248301949,10966722298,10994756012",0,0,8764052862,8752968485,705714819,688797265,247002128,246664427,182550876,182592001,2370602145,2417256604,N/A,N/A,9172339491,9190376665",0,0,9428625443,9423784276,895436863,896050031,887221783,886610421,1603923304,1591549055,11283375094,11291437361,2339980113,2333621973,N/A,N/A"
1755378759,N/A,N/A,3675933301,3697160988,688797265,705714819,9521797538,9518265328,1591574628,1603936823,9208565922,9242133996,248301940,248229748,17161450553,17116466543",0,0,N/A,N/A,896050031,895436876,9338081693,9336744312,182592602,182551338,250312180,250683708,10837900086,10767298423,17124581476,17178352713",0,0,3314702983,3383992330,N/A,N/A,886608143,887220784,249556943,249136470,13562832093,13536955847,9242133995,9208567283,9181827713,9191507228",0,0,3697856106,3676695944,1422622963,1394036213,N/A,N/A,257236045,257359378,10859898975,10777874611,13536930720,13562877165,12051798263,12050317656",0,0,8750693188,8762144676,1394050376,1422624863,9518481376,9522063999,N/A,N/A,250726125,250502633,2333621974,2339980114,10994672084,10966660479",0,0,9423819847,9428534592,181726083,181894951,9336844288,9338142388,257359386,257236070,N/A,N/A,248229731,248301949,10966722298,10994756012",0,0,8764052862,8752968485,705714819,688797265,247002128,246664427,182550876,182592001,2370602145,2417256604,N/A,N/A,9172339491,9190376665",0,0,9428625443,9423784276,895436863,896050031,887221783,886610421,1603923304,1591549055,11283375094,11291437361,2339980113,2333621973,N/A,N/A"
1755378760,N/A,N/A,3675933301,3697160988,688797265,705714819,9521797538,9518265328,1591574628,1603936823,9208565922,9242133996,248301940,248229748,17161450553,17116466543",0,0,N/A,N/A,896050031,895436876,9338081693,9336744312,182592602,182551338,250312180,250683708,10837900086,10767298423,17124581476,17178352713",0,0,3314702983,3383992330,N/A,N/A,886608143,887220784,249556943,249136470,13562832093,13536955847,9242133995,9208567283,9181827713,9191507228",0,0,3697856106,3676695944,1422622963,1394036213,N/A,N/A,257236045,257359378,10859898975,10777874611,13536930720,13562877165,12051798263,12050317656",0,0,8750693188,8762144676,1394050376,1422624863,9518481376,9522063999,N/A,N/A,250726125,250502633,2333621974,2339980114,10994672084,10966660479",0,0,9423819847,9428534592,181726083,181894951,9336844288,9338142388,257359386,257236070,N/A,N/A,248229731,248301949,10966722298,10994756012",0,0,8764052862,8752968485,705714819,688797265,247002128,246664427,182550876,182592001,2370602145,2417256604,N/A,N/A,9172339491,9190376665",0,0,9428625443,9423784276,895436863,896050031,887221783,886610421,1603923304,1591549055,11283375094,11291437361,2339980113,2333621973,N/A,N/A"
1755378762,N/A,N/A,3675933301,3697160988,688797265,705714819,9521797538,9518265328,1591574628,1603936823,9208565922,9242133996,248301940,248229748,17161450553,17116466543",0,0,N/A,N/A,896050031,895436876,9338081693,9336744312,182592602,182551338,250312180,250683708,10837900086,10767298423,17124581476,17178352713",0,0,3314702983,3383992330,N/A,N/A,886608143,887220784,249556943,249136470,13562832093,13536955847,9242133995,9208567283,9181827713,9191507228",0,0,3697856106,3676695944,1422622963,1394036213,N/A,N/A,257236045,257359378,10859898975,10777874611,13536930720,13562877165,12051798263,12050317656",0,0,8750693188,8762144676,1394050376,1422624863,9518481376,9522063999,N/A,N/A,250726125,250502633,2333621974,2339980114,10994672084,10966660479",0,0,9423819847,9428534592,181726083,181894951,9336844288,9338142388,257359386,257236070,N/A,N/A,248229731,248301949,10966722298,10994756012",0,0,8764052862,8752968485,705714819,688797265,247002128,246664427,182550876,182592001,2370602145,2417256604,N/A,N/A,9172339491,9190376665",0,0,9428625443,9423784276,895436863,896050031,887221783,886610421,1603923304,1591549055,11283375094,11291437361,2339980113,2333621973,N/A,N/A"
1755378763,N/A,N/A,3675933301,3697160988,688797265,705714819,9521797538,9518265328,1591574628,1603936823,9208565922,9242133996,248301940,248229748,17161450553,17116466543",0,0,N/A,N/A,896050031,895436876,9338081693,9336744312,182592602,182551338,250312180,250683708,10837900086,10767298423,17124581476,17178352713",0,0,3314702983,3383992330,N/A,N/A,886608143,887220784,249556943,249136470,13562832093,13536955847,9242133995,9208567283,9181827713,9191507228",0,0,3697856106,3676695944,1422622963,1394036213,N/A,N/A,257236045,257359378,10859898975,10777874611,13536930720,13562877165,12051798263,12050317656",0,0,8750693188,8762144676,1394050376,1422624863,9518481376,9522063999,N/A,N/A,250726125,250502633,2333621974,2339980114,10994672084,10966660479",0,0,9423819847,9428534592,181726083,181894951,9336844288,9338142388,257359386,257236070,N/A,N/A,248229731,248301949,10966722298,10994756012",0,0,8764052862,8752968485,705714819,688797265,247002128,246664427,182550876,182592001,2370602145,2417256604,N/A,N/A,9172339491,9190376665",0,0,9428625443,9423784276,895436863,896050031,887221783,886610421,1603923304,1591549055,11283375094,11291437361,2339980113,2333621973,N/A,N/A"
1755378765,N/A,N/A,3675933301,3697160988,688797265,705714819,9521797538,9518265328,1591574628,1603936823,9208565922,9242133996,248301940,248229748,17161450553,17116466543",0,0,N/A,N/A,896050031,895436876,9338081693,9336744312,182592602,182551338,250312180,250683708,10837900086,10767298423,17124581476,17178352713",0,0,3314702983,3383992330,N/A,N/A,886608143,887220784,249556943,249136470,13562832093,13536955847,9242133995,9208567283,9181827713,9191507228",0,0,3697856106,3676695944,1422622963,1394036213,N/A,N/A,257236045,257359378,10859898975,10777874611,13536930720,13562877165,12051798263,12050317656",0,0,8750693188,8762144676,1394050376,1422624863,9518481376,9522063999,N/A,N/A,250726125,250502633,2333621974,2339980114,10994672084,10966660479",0,0,9423819847,9428534592,181726083,181894951,9336844288,9338142388,257359386,257236070,N/A,N/A,248229731,248301949,10966722298,10994756012",0,0,8764052862,8752968485,705714819,688797265,247002128,246664427,182550876,182592001,2370602145,2417256604,N/A,N/A,9172339491,9190376665",0,0,9428625443,9423784276,895436863,896050031,887221783,886610421,1603923304,1591549055,11283375094,11291437361,2339980113,2333621973,N/A,N/A"
1755378766,N/A,N/A,3675933301,3697160988,688797265,705714819,9521797538,9518265328,1591574628,1603936823,9208565922,9242133996,248301940,248229748,17161450553,17116466543",0,0,N/A,N/A,896050031,895436876,9338081693,9336744312,182592602,182551338,250312180,250683708,10837900086,10767298423,17124581476,17178352713",0,0,3314702983,3383992330,N/A,N/A,886608143,887220784,249556943,249136470,13562832093,13536955847,9242133995,9208567283,9181827713,9191507228",0,0,3697856106,3676695944,1422622963,1394036213,N/A,N/A,257236045,257359378,10859898975,10777874611,13536930720,13562877165,12051798263,12050317656",0,0,8750693188,8762144676,1394050376,1422624863,9518481376,9522063999,N/A,N/A,250726125,250502633,2333621974,2339980114,10994672084,10966660479",0,0,9423819847,9428534592,181726083,181894951,9336844288,9338142388,257359386,257236070,N/A,N/A,248229731,248301949,10966722298,10994756012",0,0,8764052862,8752968485,705714819,688797265,247002128,246664427,182550876,182592001,2370602145,2417256604,N/A,N/A,9172339491,9190376665",0,0,9428625443,9423784276,895436863,896050031,887221783,886610421,1603923304,1591549055,11283375094,11291437361,2339980113,2333621973,N/A,N/A"
1755378768,N/A,N/A,3675933301,3697160988,688797265,705714819,9521797538,9518265328,1591574628,1603936823,9208565922,9242133996,248301940,248229748,17161450553,17116466543",0,0,N/A,N/A,896050031,895436876,9338081693,9336744312,182592602,182551338,250312180,250683708,10837900086,10767298423,17124581476,17178352713",0,0,3314702983,3383992330,N/A,N/A,886608143,887220784,249556943,249136470,13562832093,13536955847,9242133995,9208567283,9181827713,9191507228",0,0,3697856106,3676695944,1422622963,1394036213,N/A,N/A,257236045,257359378,10859898975,10777874611,13536930720,13562877165,12051798263,12050317656",0,0,8750693188,8762144676,1394050376,1422624863,9518481376,9522063999,N/A,N/A,250726125,250502633,2333621974,2339980114,10994672084,10966660479",0,0,9423819847,9428534592,181726083,181894951,9336844288,9338142388,257359386,257236070,N/A,N/A,248229731,248301949,10966722298,10994756012",0,0,8764052862,8752968485,705714819,688797265,247002128,246664427,182550876,182592001,2370602145,2417256604,N/A,N/A,9172339491,9190376665",0,0,9428625443,9423784276,895436863,896050031,887221783,886610421,1603923304,1591549055,11283375094,11291437361,2339980113,2333621973,N/A,N/A"
1755378769,N/A,N/A,3675933301,3697160988,688797265,705714819,9521797538,9518265328,1591574628,1603936823,9208565922,9242133996,248301940,248229748,17161450553,17116466543",0,0,N/A,N/A,896050031,895436876,9338081693,9336744312,182592602,182551338,250312180,250683708,10837900086,10767298423,17124581476,17178352713",0,0,3314702983,3383992330,N/A,N/A,886608143,887220784,249556943,249136470,13562832093,13536955847,9242133995,9208567283,9181827713,9191507228",0,0,3697856106,3676695944,1422622963,1394036213,N/A,N/A,257236045,257359378,10859898975,10777874611,13536930720,13562877165,12051798263,12050317656",0,0,8750693188,8762144676,1394050376,1422624863,9518481376,9522063999,N/A,N/A,250726125,250502633,2333621974,2339980114,10994672084,10966660479",0,0,9423819847,9428534592,181726083,181894951,9336844288,9338142388,257359386,257236070,N/A,N/A,248229731,248301949,10966722298,10994756012",0,0,8764052862,8752968485,705714819,688797265,247002128,246664427,182550876,182592001,2370602145,2417256604,N/A,N/A,9172339491,9190376665",0,0,9428625443,9423784276,895436863,896050031,887221783,886610421,1603923304,1591549055,11283375094,11291437361,2339980113,2333621973,N/A,N/A"
1755378771,N/A,N/A,3675933301,3697160988,688797265,705714819,9521797538,9518265328,1591574628,1603936823,9208565922,9242133996,248301940,248229748,17161450553,17116466543",0,0,N/A,N/A,896050031,895436876,9338081693,9336744312,182592602,182551338,250312180,250683708,10837900086,10767298423,17124581476,17178352713",0,0,3314702983,3383992330,N/A,N/A,886608143,887220784,249556943,249136470,13562832093,13536955847,9242133995,9208567283,9181827713,9191507228",0,0,3697856106,3676695944,1422622963,1394036213,N/A,N/A,257236045,257359378,10859898975,10777874611,13536930720,13562877165,12051798263,12050317656",0,0,8750693188,8762144676,1394050376,1422624863,9518481376,9522063999,N/A,N/A,250726125,250502633,2333621974,2339980114,10994672084,10966660479",0,0,9423819847,9428534592,181726083,181894951,9336844288,9338142388,257359386,257236070,N/A,N/A,248229731,248301949,10966722298,10994756012",0,0,8764052862,8752968485,705714819,688797265,247002128,246664427,182550876,182592001,2370602145,2417256604,N/A,N/A,9172339491,9190376665",0,0,9428625443,9423784276,895436863,896050031,887221783,886610421,1603923304,1591549055,11283375094,11291437361,2339980113,2333621973,N/A,N/A"
1755378772,N/A,N/A,3675933301,3697160988,688797265,705714819,9521797538,9518265328,1591574628,1603936823,9208565922,9242133996,248301940,248229748,17161450553,17116466543",0,0,N/A,N/A,896050031,895436876,9338081693,9336744312,182592602,182551338,250312180,250683708,10837900086,10767298423,17124581476,17178352713",0,0,3314702983,3383992330,N/A,N/A,886608143,887220784,249556943,249136470,13562832093,13536955847,9242133995,9208567283,9181827713,9191507228",0,0,3697856106,3676695944,1422622963,1394036213,N/A,N/A,257236045,257359378,10859898975,10777874611,13536930720,13562877165,12051798263,12050317656",0,0,8750693188,8762144676,1394050376,1422624863,9518481376,9522063999,N/A,N/A,250726125,250502633,2333621974,2339980114,10994672084,10966660479",0,0,9423819847,9428534592,181726083,181894951,9336844288,9338142388,257359386,257236070,N/A,N/A,248229731,248301949,10966722298,10994756012",0,0,8764052862,8752968485,705714819,688797265,247002128,246664427,182550876,182592001,2370602145,2417256604,N/A,N/A,9172339491,9190376665",0,0,9428625443,9423784276,895436863,896050031,887221783,886610421,1603923304,1591549055,11283375094,11291437361,2339980113,2333621973,N/A,N/A"
1755378774,N/A,N/A,3675933301,3697160988,688797265,705714819,9521797538,9518265328,1591574628,1603936823,9208565922,9242133996,248301940,248229748,17161450553,17116466543",0,0,N/A,N/A,896050031,895436876,9338081693,9336744312,182592602,182551338,250312180,250683708,10837900086,10767298423,17124581476,17178352713",0,0,3314702983,3383992330,N/A,N/A,886608143,887220784,249556943,249136470,13562832093,13536955847,9242133995,9208567283,9181827713,9191507228",0,0,3697856106,3676695944,1422622963,1394036213,N/A,N/A,257236045,257359378,10859898975,10777874611,13536930720,13562877165,12051798263,12050317656",0,0,8750693188,8762144676,1394050376,1422624863,9518481376,9522063999,N/A,N/A,250726125,250502633,2333621974,2339980114,10994672084,10966660479",0,0,9423819847,9428534592,181726083,181894951,9336844288,9338142388,257359386,257236070,N/A,N/A,248229731,248301949,10966722298,10994756012",0,0,8764052862,8752968485,705714819,688797265,247002128,246664427,182550876,182592001,2370602145,2417256604,N/A,N/A,9172339491,9190376665",0,0,9428625443,9423784276,895436863,896050031,887221783,886610421,1603923304,1591549055,11283375094,11291437361,2339980113,2333621973,N/A,N/A"
1755378775,N/A,N/A,3675933301,3697160988,688797265,705714819,9521797538,9518265328,1591574628,1603936823,9208565922,9242133996,248301940,248229748,17161450553,17116466543",0,0,N/A,N/A,896050031,895436876,9338081693,9336744312,182592602,182551338,250312180,250683708,10837900086,10767298423,17124581476,17178352713",0,0,3314702983,3383992330,N/A,N/A,886608143,887220784,249556943,249136470,13562832093,13536955847,9242133995,9208567283,9181827713,9191507228",0,0,3697856106,3676695944,1422622963,1394036213,N/A,N/A,257236045,257359378,10859898975,10777874611,13536930720,13562877165,12051798263,12050317656",0,0,8750693188,8762144676,1394050376,1422624863,9518481376,9522063999,N/A,N/A,250726125,250502633,2333621974,2339980114,10994672084,10966660479",0,0,9423819847,9428534592,181726083,181894951,9336844288,9338142388,257359386,257236070,N/A,N/A,248229731,248301949,10966722298,10994756012",0,0,8764052862,8752968485,705714819,688797265,247002128,246664427,182550876,182592001,2370602145,2417256604,N/A,N/A,9172339491,9190376665",0,0,9428625443,9423784276,895436863,896050031,887221783,886610421,1603923304,1591549055,11283375094,11291437361,2339980113,2333621973,N/A,N/A"
1755378777,N/A,N/A,3675933301,3697160988,688797265,705714819,9521797538,9518265328,1591574628,1603936823,9208565922,9242133996,248301940,248229748,17161450553,17116466543",0,0,N/A,N/A,896050031,895436876,9338081693,9336744312,182592602,182551338,250312180,250683708,10837900086,10767298423,17124581476,17178352713",0,0,3314702983,3383992330,N/A,N/A,886608143,887220784,249556943,249136470,13562832093,13536955847,9242133995,9208567283,9181827713,9191507228",0,0,3697856106,3676695944,1422622963,1394036213,N/A,N/A,257236045,257359378,10859898975,10777874611,13536930720,13562877165,12051798263,12050317656",0,0,8750693188,8762144676,1394050376,1422624863,9518481376,9522063999,N/A,N/A,250726125,250502633,2333621974,2339980114,10994672084,10966660479",0,0,9423819847,9428534592,181726083,181894951,9336844288,9338142388,257359386,257236070,N/A,N/A,248229731,248301949,10966722298,10994756012",0,0,8764052862,8752968485,705714819,688797265,247002128,246664427,182550876,182592001,2370602145,2417256604,N/A,N/A,9172339491,9190376665",0,0,9428625443,9423784276,895436863,896050031,887221783,886610421,1603923304,1591549055,11283375094,11291437361,2339980113,2333621973,N/A,N/A"
1755378778,N/A,N/A,3675933301,3697160988,688797265,705714819,9521797538,9518265328,1591574628,1603936823,9208565922,9242133996,248301940,248229748,17161450553,17116466543",0,0,N/A,N/A,896050031,895436876,9338081693,9336744312,182592602,182551338,250312180,250683708,10837900086,10767298423,17124581476,17178352713",0,0,3314702983,3383992330,N/A,N/A,886608143,887220784,249556943,249136470,13562832093,13536955847,9242133995,9208567283,9181827713,9191507228",0,0,3697856106,3676695944,1422622963,1394036213,N/A,N/A,257236045,257359378,10859898975,10777874611,13536930720,13562877165,12051798263,12050317656",0,0,8750693188,8762144676,1394050376,1422624863,9518481376,9522063999,N/A,N/A,250726125,250502633,2333621974,2339980114,10994672084,10966660479",0,0,9423819847,9428534592,181726083,181894951,9336844288,9338142388,257359386,257236070,N/A,N/A,248229731,248301949,10966722298,10994756012",0,0,8764052862,8752968485,705714819,688797265,247002128,246664427,182550876,182592001,2370602145,2417256604,N/A,N/A,9172339491,9190376665",0,0,9428625443,9423784276,895436863,896050031,887221783,886610421,1603923304,1591549055,11283375094,11291437361,2339980113,2333621973,N/A,N/A"
1755378780,N/A,N/A,3675933301,3697160988,688797265,705714819,9521797538,9518265328,1591574628,1603936823,9208565922,9242133996,248301940,248229748,17161450553,17116466543",0,0,N/A,N/A,896050031,895436876,9338081693,9336744312,182592602,182551338,250312180,250683708,10837900086,10767298423,17124581476,17178352713",0,0,3314702983,3383992330,N/A,N/A,886608143,887220784,249556943,249136470,13562832093,13536955847,9242133995,9208567283,9181827713,9191507228",0,0,3697856106,3676695944,1422622963,1394036213,N/A,N/A,257236045,257359378,10859898975,10777874611,13536930720,13562877165,12051798263,12050317656",0,0,8750693188,8762144676,1394050376,1422624863,9518481376,9522063999,N/A,N/A,250726125,250502633,2333621974,2339980114,10994672084,10966660479",0,0,9423819847,9428534592,181726083,181894951,9336844288,9338142388,257359386,257236070,N/A,N/A,248229731,248301949,10966722298,10994756012",0,0,8764052862,8752968485,705714819,688797265,247002128,246664427,182550876,182592001,2370602145,2417256604,N/A,N/A,9172339491,9190376665",0,0,9428625443,9423784276,895436863,896050031,887221783,886610421,1603923304,1591549055,11283375094,11291437361,2339980113,2333621973,N/A,N/A"
1755378781,N/A,N/A,3675933301,3697160988,688797265,705714819,9521797538,9518265328,1591574628,1603936823,9208565922,9242133996,248301940,248229748,17161450553,17116466543",0,0,N/A,N/A,896050031,895436876,9338081693,9336744312,182592602,182551338,250312180,250683708,10837900086,10767298423,17124581476,17178352713",0,0,3314702983,3383992330,N/A,N/A,886608143,887220784,249556943,249136470,13562832093,13536955847,9242133995,9208567283,9181827713,9191507228",0,0,3697856106,3676695944,1422622963,1394036213,N/A,N/A,257236045,257359378,10859898975,10777874611,13536930720,13562877165,12051798263,12050317656",0,0,8750693188,8762144676,1394050376,1422624863,9518481376,9522063999,N/A,N/A,250726125,250502633,2333621974,2339980114,10994672084,10966660479",0,0,9423819847,9428534592,181726083,181894951,9336844288,9338142388,257359386,257236070,N/A,N/A,248229731,248301949,10966722298,10994756012",0,0,8764052862,8752968485,705714819,688797265,247002128,246664427,182550876,182592001,2370602145,2417256604,N/A,N/A,9172339491,9190376665",0,0,9428625443,9423784276,895436863,896050031,887221783,886610421,1603923304,1591549055,11283375094,11291437361,2339980113,2333621973,N/A,N/A"
1755378783,N/A,N/A,3675933301,3697160988,688797265,705714819,9521797538,9518265328,1591574628,1603936823,9208565922,9242133996,248301940,248229748,17161450553,17116466543",0,0,N/A,N/A,896050031,895436876,9338081693,9336744312,182592602,182551338,250312180,250683708,10837900086,10767298423,17124581476,17178352713",0,0,3314702983,3383992330,N/A,N/A,886608143,887220784,249556943,249136470,13562832093,13536955847,9242133995,9208567283,9181827713,9191507228",0,0,3697856106,3676695944,1422622963,1394036213,N/A,N/A,257236045,257359378,10859898975,10777874611,13536930720,13562877165,12051798263,12050317656",0,0,8750693188,8762144676,1394050376,1422624863,9518481376,9522063999,N/A,N/A,250726125,250502633,2333621974,2339980114,10994672084,10966660479",0,0,9423819847,9428534592,181726083,181894951,9336844288,9338142388,257359386,257236070,N/A,N/A,248229731,248301949,10966722298,10994756012",0,0,8764052862,8752968485,705714819,688797265,247002128,246664427,182550876,182592001,2370602145,2417256604,N/A,N/A,9172339491,9190376665",0,0,9428625443,9423784276,895436863,896050031,887221783,886610421,1603923304,1591549055,11283375094,11291437361,2339980113,2333621973,N/A,N/A"
1755378784,N/A,N/A,3675933301,3697160988,688797265,705714819,9521797538,9518265328,1591574628,1603936823,9208565922,9242133996,248301940,248229748,17161450553,17116466543",0,0,N/A,N/A,896050031,895436876,9338081693,9336744312,182592602,182551338,250312180,250683708,10837900086,10767298423,17124581476,17178352713",0,0,3314702983,3383992330,N/A,N/A,886608143,887220784,249556943,249136470,13562832093,13536955847,9242133995,9208567283,9181827713,9191507228",0,0,3697856106,3676695944,1422622963,1394036213,N/A,N/A,257236045,257359378,10859898975,10777874611,13536930720,13562877165,12051798263,12050317656",0,0,8750693188,8762144676,1394050376,1422624863,9518481376,9522063999,N/A,N/A,250726125,250502633,2333621974,2339980114,10994672084,10966660479",0,0,9423819847,9428534592,181726083,181894951,9336844288,9338142388,257359386,257236070,N/A,N/A,248229731,248301949,10966722298,10994756012",0,0,8764052862,8752968485,705714819,688797265,247002128,246664427,182550876,182592001,2370602145,2417256604,N/A,N/A,9172339491,9190376665",0,0,9428625443,9423784276,895436863,896050031,887221783,886610421,1603923304,1591549055,11283375094,11291437361,2339980113,2333621973,N/A,N/A"
1755378785,N/A,N/A,3675933301,3697160988,688797265,705714819,9521797538,9518265328,1591574628,1603936823,9208565922,9242133996,248301940,248229748,17161450553,17116466543",0,0,N/A,N/A,896050031,895436876,9338081693,9336744312,182592602,182551338,250312180,250683708,10837900086,10767298423,17124581476,17178352713",0,0,3314702983,3383992330,N/A,N/A,886608143,887220784,249556943,249136470,13562832093,13536955847,9242133995,9208567283,9181827713,9191507228",0,0,3697856106,3676695944,1422622963,1394036213,N/A,N/A,257236045,257359378,10859898975,10777874611,13536930720,13562877165,12051798263,12050317656",0,0,8750693188,8762144676,1394050376,1422624863,9518481376,9522063999,N/A,N/A,250726125,250502633,2333621974,2339980114,10994672084,10966660479",0,0,9423819847,9428534592,181726083,181894951,9336844288,9338142388,257359386,257236070,N/A,N/A,248229731,248301949,10966722298,10994756012",0,0,8764052862,8752968485,705714819,688797265,247002128,246664427,182550876,182592001,2370602145,2417256604,N/A,N/A,9172339491,9190376665",0,0,9428625443,9423784276,895436863,896050031,887221783,886610421,1603923304,1591549055,11283375094,11291437361,2339980113,2333621973,N/A,N/A"
1755378787,N/A,N/A,3675933301,3697160988,688797265,705714819,9521797538,9518265328,1591574628,1603936823,9208565922,9242133996,248301940,248229748,17161450553,17116466543",0,0,N/A,N/A,896050031,895436876,9338081693,9336744312,182592602,182551338,250312180,250683708,10837900086,10767298423,17124581476,17178352713",0,0,3314702983,3383992330,N/A,N/A,886608143,887220784,249556943,249136470,13562832093,13536955847,9242133995,9208567283,9181827713,9191507228",0,0,3697856106,3676695944,1422622963,1394036213,N/A,N/A,257236045,257359378,10859898975,10777874611,13536930720,13562877165,12051798263,12050317656",0,0,8750693188,8762144676,1394050376,1422624863,9518481376,9522063999,N/A,N/A,250726125,250502633,2333621974,2339980114,10994672084,10966660479",0,0,9423819847,9428534592,181726083,181894951,9336844288,9338142388,257359386,257236070,N/A,N/A,248229731,248301949,10966722298,10994756012",0,0,8764052862,8752968485,705714819,688797265,247002128,246664427,182550876,182592001,2370602145,2417256604,N/A,N/A,9172339491,9190376665",0,0,9428625443,9423784276,895436863,896050031,887221783,886610421,1603923304,1591549055,11283375094,11291437361,2339980113,2333621973,N/A,N/A"
1755378788,N/A,N/A,3675933301,3697160988,688797265,705714819,9521797538,9518265328,1591574628,1603936823,9208565922,9242133996,248301940,248229748,17161450553,17116466543",0,0,N/A,N/A,896050031,895436876,9338081693,9336744312,182592602,182551338,250312180,250683708,10837900086,10767298423,17124581476,17178352713",0,0,3314702983,3383992330,N/A,N/A,886608143,887220784,249556943,249136470,13562832093,13536955847,9242133995,9208567283,9181827713,9191507228",0,0,3697856106,3676695944,1422622963,1394036213,N/A,N/A,257236045,257359378,10859898975,10777874611,13536930720,13562877165,12051798263,12050317656",0,0,8750693188,8762144676,1394050376,1422624863,9518481376,9522063999,N/A,N/A,250726125,250502633,2333621974,2339980114,10994672084,10966660479",0,0,9423819847,9428534592,181726083,181894951,9336844288,9338142388,257359386,257236070,N/A,N/A,248229731,248301949,10966722298,10994756012",0,0,8764052862,8752968485,705714819,688797265,247002128,246664427,182550876,182592001,2370602145,2417256604,N/A,N/A,9172339491,9190376665",0,0,9428625443,9423784276,895436863,896050031,887221783,886610421,1603923304,1591549055,11283375094,11291437361,2339980113,2333621973,N/A,N/A"
1755378790,N/A,N/A,3675933301,3697160988,688797265,705714819,9521797538,9518265328,1591574628,1603936823,9208565922,9242133996,248301940,248229748,17161450553,17116466543",0,0,N/A,N/A,896050031,895436876,9338081693,9336744312,182592602,182551338,250312180,250683708,10837900086,10767298423,17124581476,17178352713",0,0,3314702983,3383992330,N/A,N/A,886608143,887220784,249556943,249136470,13562832093,13536955847,9242133995,9208567283,9181827713,9191507228",0,0,3697856106,3676695944,1422622963,1394036213,N/A,N/A,257236045,257359378,10859898975,10777874611,13536930720,13562877165,12051798263,12050317656",0,0,8750693188,8762144676,1394050376,1422624863,9518481376,9522063999,N/A,N/A,250726125,250502633,2333621974,2339980114,10994672084,10966660479",0,0,9423819847,9428534592,181726083,181894951,9336844288,9338142388,257359386,257236070,N/A,N/A,248229731,248301949,10966722298,10994756012",0,0,8764052862,8752968485,705714819,688797265,247002128,246664427,182550876,182592001,2370602145,2417256604,N/A,N/A,9172339491,9190376665",0,0,9428625443,9423784276,895436863,896050031,887221783,886610421,1603923304,1591549055,11283375094,11291437361,2339980113,2333621973,N/A,N/A"
1755378791,N/A,N/A,3675933301,3697160988,688797265,705714819,9521797538,9518265328,1591574628,1603936823,9208565922,9242133996,248301940,248229748,17161450553,17116466543",0,0,N/A,N/A,896050031,895436876,9338081693,9336744312,182592602,182551338,250312180,250683708,10837900086,10767298423,17124581476,17178352713",0,0,3314702983,3383992330,N/A,N/A,886608143,887220784,249556943,249136470,13562832093,13536955847,9242133995,9208567283,9181827713,9191507228",0,0,3697856106,3676695944,1422622963,1394036213,N/A,N/A,257236045,257359378,10859898975,10777874611,13536930720,13562877165,12051798263,12050317656",0,0,8750693188,8762144676,1394050376,1422624863,9518481376,9522063999,N/A,N/A,250726125,250502633,2333621974,2339980114,10994672084,10966660479",0,0,9423819847,9428534592,181726083,181894951,9336844288,9338142388,257359386,257236070,N/A,N/A,248229731,248301949,10966722298,10994756012",0,0,8764052862,8752968485,705714819,688797265,247002128,246664427,182550876,182592001,2370602145,2417256604,N/A,N/A,9172339491,9190376665",0,0,9428625443,9423784276,895436863,896050031,887221783,886610421,1603923304,1591549055,11283375094,11291437361,2339980113,2333621973,N/A,N/A"
1755378793,N/A,N/A,3675933301,3697160988,688797265,705714819,9521797538,9518265328,1591574628,1603936823,9208565922,9242133996,248301940,248229748,17161450553,17116466543",0,0,N/A,N/A,896050031,895436876,9338081693,9336744312,182592602,182551338,250312180,250683708,10837900086,10767298423,17124581476,17178352713",0,0,3314702983,3383992330,N/A,N/A,886608143,887220784,249556943,249136470,13562832093,13536955847,9242133995,9208567283,9181827713,9191507228",0,0,3697856106,3676695944,1422622963,1394036213,N/A,N/A,257236045,257359378,10859898975,10777874611,13536930720,13562877165,12051798263,12050317656",0,0,8750693188,8762144676,1394050376,1422624863,9518481376,9522063999,N/A,N/A,250726125,250502633,2333621974,2339980114,10994672084,10966660479",0,0,9423819847,9428534592,181726083,181894951,9336844288,9338142388,257359386,257236070,N/A,N/A,248229731,248301949,10966722298,10994756012",0,0,8764052862,8752968485,705714819,688797265,247002128,246664427,182550876,182592001,2370602145,2417256604,N/A,N/A,9172339491,9190376665",0,0,9428625443,9423784276,895436863,896050031,887221783,886610421,1603923304,1591549055,11283375094,11291437361,2339980113,2333621973,N/A,N/A"
1755378794,N/A,N/A,3675933301,3697160988,688797265,705714819,9521797538,9518265328,1591574628,1603936823,9208565922,9242133996,248301940,248229748,17161450553,17116466543",0,0,N/A,N/A,896050031,895436876,9338081693,9336744312,182592602,182551338,250312180,250683708,10837900086,10767298423,17124581476,17178352713",0,0,3314702983,3383992330,N/A,N/A,886608143,887220784,249556943,249136470,13562832093,13536955847,9242133995,9208567283,9181827713,9191507228",0,0,3697856106,3676695944,1422622963,1394036213,N/A,N/A,257236045,257359378,10859898975,10777874611,13536930720,13562877165,12051798263,12050317656",0,0,8750693188,8762144676,1394050376,1422624863,9518481376,9522063999,N/A,N/A,250726125,250502633,2333621974,2339980114,10994672084,10966660479",0,0,9423819847,9428534592,181726083,181894951,9336844288,9338142388,257359386,257236070,N/A,N/A,248229731,248301949,10966722298,10994756012",0,0,8764052862,8752968485,705714819,688797265,247002128,246664427,182550876,182592001,2370602145,2417256604,N/A,N/A,9172339491,9190376665",0,0,9428625443,9423784276,895436863,896050031,887221783,886610421,1603923304,1591549055,11283375094,11291437361,2339980113,2333621973,N/A,N/A"
1755378796,N/A,N/A,3675933301,3697160988,688797265,705714819,9521797538,9518265328,1591574628,1603936823,9208565922,9242133996,248301940,248229748,17161450553,17116466543",0,0,N/A,N/A,896050031,895436876,9338081693,9336744312,182592602,182551338,250312180,250683708,10837900086,10767298423,17124581476,17178352713",0,0,3314702983,3383992330,N/A,N/A,886608143,887220784,249556943,249136470,13562832093,13536955847,9242133995,9208567283,9181827713,9191507228",0,0,3697856106,3676695944,1422622963,1394036213,N/A,N/A,257236045,257359378,10859898975,10777874611,13536930720,13562877165,12051798263,12050317656",0,0,8750693188,8762144676,1394050376,1422624863,9518481376,9522063999,N/A,N/A,250726125,250502633,2333621974,2339980114,10994672084,10966660479",0,0,9423819847,9428534592,181726083,181894951,9336844288,9338142388,257359386,257236070,N/A,N/A,248229731,248301949,10966722298,10994756012",0,0,8764052862,8752968485,705714819,688797265,247002128,246664427,182550876,182592001,2370602145,2417256604,N/A,N/A,9172339491,9190376665",0,0,9428625443,9423784276,895436863,896050031,887221783,886610421,1603923304,1591549055,11283375094,11291437361,2339980113,2333621973,N/A,N/A"
1755378797,N/A,N/A,3675933301,3697160988,688797265,705714819,9521797538,9518265328,1591574628,1603936823,9208565922,9242133996,248301940,248229748,17161450553,17116466543",0,0,N/A,N/A,896050031,895436876,9338081693,9336744312,182592602,182551338,250312180,250683708,10837900086,10767298423,17124581476,17178352713",0,0,3314702983,3383992330,N/A,N/A,886608143,887220784,249556943,249136470,13562832093,13536955847,9242133995,9208567283,9181827713,9191507228",0,0,3697856106,3676695944,1422622963,1394036213,N/A,N/A,257236045,257359378,10859898975,10777874611,13536930720,13562877165,12051798263,12050317656",0,0,8750693188,8762144676,1394050376,1422624863,9518481376,9522063999,N/A,N/A,250726125,250502633,2333621974,2339980114,10994672084,10966660479",0,0,9423819847,9428534592,181726083,181894951,9336844288,9338142388,257359386,257236070,N/A,N/A,248229731,248301949,10966722298,10994756012",0,0,8764052862,8752968485,705714819,688797265,247002128,246664427,182550876,182592001,2370602145,2417256604,N/A,N/A,9172339491,9190376665",0,0,9428625443,9423784276,895436863,896050031,887221783,886610421,1603923304,1591549055,11283375094,11291437361,2339980113,2333621973,N/A,N/A"
1755378799,N/A,N/A,3675933301,3697160988,688797265,705714819,9521797538,9518265328,1591574628,1603936823,9208565922,9242133996,248301940,248229748,17161450553,17116466543",0,0,N/A,N/A,896050031,895436876,9338081693,9336744312,182592602,182551338,250312180,250683708,10837900086,10767298423,17124581476,17178352713",0,0,3314702983,3383992330,N/A,N/A,886608143,887220784,249556943,249136470,13562832093,13536955847,9242133995,9208567283,9181827713,9191507228",0,0,3697856106,3676695944,1422622963,1394036213,N/A,N/A,257236045,257359378,10859898975,10777874611,13536930720,13562877165,12051798263,12050317656",0,0,8750693188,8762144676,1394050376,1422624863,9518481376,9522063999,N/A,N/A,250726125,250502633,2333621974,2339980114,10994672084,10966660479",0,0,9423819847,9428534592,181726083,181894951,9336844288,9338142388,257359386,257236070,N/A,N/A,248229731,248301949,10966722298,10994756012",0,0,8764052862,8752968485,705714819,688797265,247002128,246664427,182550876,182592001,2370602145,2417256604,N/A,N/A,9172339491,9190376665",0,0,9428625443,9423784276,895436863,896050031,887221783,886610421,1603923304,1591549055,11283375094,11291437361,2339980113,2333621973,N/A,N/A"
1755378800,N/A,N/A,3675933301,3697160988,688797265,705714819,9521797538,9518265328,1591574628,1603936823,9208565922,9242133996,248301940,248229748,17161450553,17116466543",0,0,N/A,N/A,896050031,895436876,9338081693,9336744312,182592602,182551338,250312180,250683708,10837900086,10767298423,17124581476,17178352713",0,0,3314702983,3383992330,N/A,N/A,886608143,887220784,249556943,249136470,13562832093,13536955847,9242133995,9208567283,9181827713,9191507228",0,0,3697856106,3676695944,1422622963,1394036213,N/A,N/A,257236045,257359378,10859898975,10777874611,13536930720,13562877165,12051798263,12050317656",0,0,8750693188,8762144676,1394050376,1422624863,9518481376,9522063999,N/A,N/A,250726125,250502633,2333621974,2339980114,10994672084,10966660479",0,0,9423819847,9428534592,181726083,181894951,9336844288,9338142388,257359386,257236070,N/A,N/A,248229731,248301949,10966722298,10994756012",0,0,8764052862,8752968485,705714819,688797265,247002128,246664427,182550876,182592001,2370602145,2417256604,N/A,N/A,9172339491,9190376665",0,0,9428625443,9423784276,895436863,896050031,887221783,886610421,1603923304,1591549055,11283375094,11291437361,2339980113,2333621973,N/A,N/A"
1755378802,N/A,N/A,3675933301,3697160988,688797265,705714819,9521797538,9518265328,1591574628,1603936823,9208565922,9242133996,248301940,248229748,17161450553,17116466543",0,0,N/A,N/A,896050031,895436876,9338081693,9336744312,182592602,182551338,250312180,250683708,10837900086,10767298423,17124581476,17178352713",0,0,3314702983,3383992330,N/A,N/A,886608143,887220784,249556943,249136470,13562832093,13536955847,9242133995,9208567283,9181827713,9191507228",0,0,3697856106,3676695944,1422622963,1394036213,N/A,N/A,257236045,257359378,10859898975,10777874611,13536930720,13562877165,12051798263,12050317656",0,0,8750693188,8762144676,1394050376,1422624863,9518481376,9522063999,N/A,N/A,250726125,250502633,2333621974,2339980114,10994672084,10966660479",0,0,9423819847,9428534592,181726083,181894951,9336844288,9338142388,257359386,257236070,N/A,N/A,248229731,248301949,10966722298,10994756012",0,0,8764052862,8752968485,705714819,688797265,247002128,246664427,182550876,182592001,2370602145,2417256604,N/A,N/A,9172339491,9190376665",0,0,9428625443,9423784276,895436863,896050031,887221783,886610421,1603923304,1591549055,11283375094,11291437361,2339980113,2333621973,N/A,N/A"
1755378803,N/A,N/A,3675933301,3697160988,688797265,705714819,9521797538,9518265328,1591574628,1603936823,9208565922,9242133996,248301940,248229748,17161450553,17116466543",0,0,N/A,N/A,896050031,895436876,9338081693,9336744312,182592602,182551338,250312180,250683708,10837900086,10767298423,17124581476,17178352713",0,0,3314702983,3383992330,N/A,N/A,886608143,887220784,249556943,249136470,13562832093,13536955847,9242133995,9208567283,9181827713,9191507228",0,0,3697856106,3676695944,1422622963,1394036213,N/A,N/A,257236045,257359378,10859898975,10777874611,13536930720,13562877165,12051798263,12050317656",0,0,8750693188,8762144676,1394050376,1422624863,9518481376,9522063999,N/A,N/A,250726125,250502633,2333621974,2339980114,10994672084,10966660479",0,0,9423819847,9428534592,181726083,181894951,9336844288,9338142388,257359386,257236070,N/A,N/A,248229731,248301949,10966722298,10994756012",0,0,8764052862,8752968485,705714819,688797265,247002128,246664427,182550876,182592001,2370602145,2417256604,N/A,N/A,9172339491,9190376665",0,0,9428625443,9423784276,895436863,896050031,887221783,886610421,1603923304,1591549055,11283375094,11291437361,2339980113,2333621973,N/A,N/A"
1755378805,N/A,N/A,3675933301,3697160988,688797265,705714819,9521797538,9518265328,1591574628,1603936823,9208565922,9242133996,248301940,248229748,17161450553,17116466543",0,0,N/A,N/A,896050031,895436876,9338081693,9336744312,182592602,182551338,250312180,250683708,10837900086,10767298423,17124581476,17178352713",0,0,3314702983,3383992330,N/A,N/A,886608143,887220784,249556943,249136470,13562832093,13536955847,9242133995,9208567283,9181827713,9191507228",0,0,3697856106,3676695944,1422622963,1394036213,N/A,N/A,257236045,257359378,10859898975,10777874611,13536930720,13562877165,12051798263,12050317656",0,0,8750693188,8762144676,1394050376,1422624863,9518481376,9522063999,N/A,N/A,250726125,250502633,2333621974,2339980114,10994672084,10966660479",0,0,9423819847,9428534592,181726083,181894951,9336844288,9338142388,257359386,257236070,N/A,N/A,248229731,248301949,10966722298,10994756012",0,0,8764052862,8752968485,705714819,688797265,247002128,246664427,182550876,182592001,2370602145,2417256604,N/A,N/A,9172339491,9190376665",0,0,9428625443,9423784276,895436863,896050031,887221783,886610421,1603923304,1591549055,11283375094,11291437361,2339980113,2333621973,N/A,N/A"
1755378806,N/A,N/A,3675933301,3697160988,688797265,705714819,9521797538,9518265328,1591574628,1603936823,9208565922,9242133996,248301940,248229748,17161450553,17116466543",0,0,N/A,N/A,896050031,895436876,9338081693,9336744312,182592602,182551338,250312180,250683708,10837900086,10767298423,17124581476,17178352713",0,0,3314702983,3383992330,N/A,N/A,886608143,887220784,249556943,249136470,13562832093,13536955847,9242133995,9208567283,9181827713,9191507228",0,0,3697856106,3676695944,1422622963,1394036213,N/A,N/A,257236045,257359378,10859898975,10777874611,13536930720,13562877165,12051798263,12050317656",0,0,8750693188,8762144676,1394050376,1422624863,9518481376,9522063999,N/A,N/A,250726125,250502633,2333621974,2339980114,10994672084,10966660479",0,0,9423819847,9428534592,181726083,181894951,9336844288,9338142388,257359386,257236070,N/A,N/A,248229731,248301949,10966722298,10994756012",0,0,8764052862,8752968485,705714819,688797265,247002128,246664427,182550876,182592001,2370602145,2417256604,N/A,N/A,9172339491,9190376665",0,0,9428625443,9423784276,895436863,896050031,887221783,886610421,1603923304,1591549055,11283375094,11291437361,2339980113,2333621973,N/A,N/A"
1755378807,N/A,N/A,3675933301,3697160988,688797265,705714819,9521797538,9518265328,1591574628,1603936823,9208565922,9242133996,248301940,248229748,17161450553,17116466543",0,0,N/A,N/A,896050031,895436876,9338081693,9336744312,182592602,182551338,250312180,250683708,10837900086,10767298423,17124581476,17178352713",0,0,3314702983,3383992330,N/A,N/A,886608143,887220784,249556943,249136470,13562832093,13536955847,9242133995,9208567283,9181827713,9191507228",0,0,3697856106,3676695944,1422622963,1394036213,N/A,N/A,257236045,257359378,10859898975,10777874611,13536930720,13562877165,12051798263,12050317656",0,0,8750693188,8762144676,1394050376,1422624863,9518481376,9522063999,N/A,N/A,250726125,250502633,2333621974,2339980114,10994672084,10966660479",0,0,9423819847,9428534592,181726083,181894951,9336844288,9338142388,257359386,257236070,N/A,N/A,248229731,248301949,10966722298,10994756012",0,0,8764052862,8752968485,705714819,688797265,247002128,246664427,182550876,182592001,2370602145,2417256604,N/A,N/A,9172339491,9190376665",0,0,9428625443,9423784276,895436863,896050031,887221783,886610421,1603923304,1591549055,11283375094,11291437361,2339980113,2333621973,N/A,N/A"
1755378809,N/A,N/A,3675933301,3697160988,688797265,705714819,9521797538,9518265328,1591574628,1603936823,9208565922,9242133996,248301940,248229748,17161450553,17116466543",0,0,N/A,N/A,896050031,895436876,9338081693,9336744312,182592602,182551338,250312180,250683708,10837900086,10767298423,17124581476,17178352713",0,0,3314702983,3383992330,N/A,N/A,886608143,887220784,249556943,249136470,13562832093,13536955847,9242133995,9208567283,9181827713,9191507228",0,0,3697856106,3676695944,1422622963,1394036213,N/A,N/A,257236045,257359378,10859898975,10777874611,13536930720,13562877165,12051798263,12050317656",0,0,8750693188,8762144676,1394050376,1422624863,9518481376,9522063999,N/A,N/A,250726125,250502633,2333621974,2339980114,10994672084,10966660479",0,0,9423819847,9428534592,181726083,181894951,9336844288,9338142388,257359386,257236070,N/A,N/A,248229731,248301949,10966722298,10994756012",0,0,8764052862,8752968485,705714819,688797265,247002128,246664427,182550876,182592001,2370602145,2417256604,N/A,N/A,9172339491,9190376665",0,0,9428625443,9423784276,895436863,896050031,887221783,886610421,1603923304,1591549055,11283375094,11291437361,2339980113,2333621973,N/A,N/A"
1755378810,N/A,N/A,3675933301,3697160988,688797265,705714819,9521797538,9518265328,1591574628,1603936823,9208565922,9242133996,248301940,248229748,17161450553,17116466543",0,0,N/A,N/A,896050031,895436876,9338081693,9336744312,182592602,182551338,250312180,250683708,10837900086,10767298423,17124581476,17178352713",0,0,3314702983,3383992330,N/A,N/A,886608143,887220784,249556943,249136470,13562832093,13536955847,9242133995,9208567283,9181827713,9191507228",0,0,3697856106,3676695944,1422622963,1394036213,N/A,N/A,257236045,257359378,10859898975,10777874611,13536930720,13562877165,12051798263,12050317656",0,0,8750693188,8762144676,1394050376,1422624863,9518481376,9522063999,N/A,N/A,250726125,250502633,2333621974,2339980114,10994672084,10966660479",0,0,9423819847,9428534592,181726083,181894951,9336844288,9338142388,257359386,257236070,N/A,N/A,248229731,248301949,10966722298,10994756012",0,0,8764052862,8752968485,705714819,688797265,247002128,246664427,182550876,182592001,2370602145,2417256604,N/A,N/A,9172339491,9190376665",0,0,9428625443,9423784276,895436863,896050031,887221783,886610421,1603923304,1591549055,11283375094,11291437361,2339980113,2333621973,N/A,N/A"
1755378812,N/A,N/A,3675933301,3697160988,688797265,705714819,9521797538,9518265328,1591574628,1603936823,9208565922,9242133996,248301940,248229748,17161450553,17116466543",0,0,N/A,N/A,896050031,895436876,9338081693,9336744312,182592602,182551338,250312180,250683708,10837900086,10767298423,17124581476,17178352713",0,0,3314702983,3383992330,N/A,N/A,886608143,887220784,249556943,249136470,13562832093,13536955847,9242133995,9208567283,9181827713,9191507228",0,0,3697856106,3676695944,1422622963,1394036213,N/A,N/A,257236045,257359378,10859898975,10777874611,13536930720,13562877165,12051798263,12050317656",0,0,8750693188,8762144676,1394050376,1422624863,9518481376,9522063999,N/A,N/A,250726125,250502633,2333621974,2339980114,10994672084,10966660479",0,0,9423819847,9428534592,181726083,181894951,9336844288,9338142388,257359386,257236070,N/A,N/A,248229731,248301949,10966722298,10994756012",0,0,8764052862,8752968485,705714819,688797265,247002128,246664427,182550876,182592001,2370602145,2417256604,N/A,N/A,9172339491,9190376665",0,0,9428625443,9423784276,895436863,896050031,887221783,886610421,1603923304,1591549055,11283375094,11291437361,2339980113,2333621973,N/A,N/A"
1755378813,N/A,N/A,3675933301,3697160988,688797265,705714819,9521797538,9518265328,1591574628,1603936823,9208565922,9242133996,248301940,248229748,17161450553,17116466543",0,0,N/A,N/A,896050031,895436876,9338081693,9336744312,182592602,182551338,250312180,250683708,10837900086,10767298423,17124581476,17178352713",0,0,3314702983,3383992330,N/A,N/A,886608143,887220784,249556943,249136470,13562832093,13536955847,9242133995,9208567283,9181827713,9191507228",0,0,3697856106,3676695944,1422622963,1394036213,N/A,N/A,257236045,257359378,10859898975,10777874611,13536930720,13562877165,12051798263,12050317656",0,0,8750693188,8762144676,1394050376,1422624863,9518481376,9522063999,N/A,N/A,250726125,250502633,2333621974,2339980114,10994672084,10966660479",0,0,9423819847,9428534592,181726083,181894951,9336844288,9338142388,257359386,257236070,N/A,N/A,248229731,248301949,10966722298,10994756012",0,0,8764052862,8752968485,705714819,688797265,247002128,246664427,182550876,182592001,2370602145,2417256604,N/A,N/A,9172339491,9190376665",0,0,9428625443,9423784276,895436863,896050031,887221783,886610421,1603923304,1591549055,11283375094,11291437361,2339980113,2333621973,N/A,N/A"
1755378815,N/A,N/A,3675933301,3697160988,688797265,705714819,9521797538,9518265328,1591574628,1603936823,9208565922,9242133996,248301940,248229748,17161450553,17116466543",0,0,N/A,N/A,896050031,895436876,9338081693,9336744312,182592602,182551338,250312180,250683708,10837900086,10767298423,17124581476,17178352713",0,0,3314702983,3383992330,N/A,N/A,886608143,887220784,249556943,249136470,13562832093,13536955847,9242133995,9208567283,9181827713,9191507228",0,0,3697856106,3676695944,1422622963,1394036213,N/A,N/A,257236045,257359378,10859898975,10777874611,13536930720,13562877165,12051798263,12050317656",0,0,8750693188,8762144676,1394050376,1422624863,9518481376,9522063999,N/A,N/A,250726125,250502633,2333621974,2339980114,10994672084,10966660479",0,0,9423819847,9428534592,181726083,181894951,9336844288,9338142388,257359386,257236070,N/A,N/A,248229731,248301949,10966722298,10994756012",0,0,8764052862,8752968485,705714819,688797265,247002128,246664427,182550876,182592001,2370602145,2417256604,N/A,N/A,9172339491,9190376665",0,0,9428625443,9423784276,895436863,896050031,887221783,886610421,1603923304,1591549055,11283375094,11291437361,2339980113,2333621973,N/A,N/A"
1755378816,N/A,N/A,3675933301,3697160988,688797265,705714819,9521797538,9518265328,1591574628,1603936823,9208565922,9242133996,248301940,248229748,17161450553,17116466543",0,0,N/A,N/A,896050031,895436876,9338081693,9336744312,182592602,182551338,250312180,250683708,10837900086,10767298423,17124581476,17178352713",0,0,3314702983,3383992330,N/A,N/A,886608143,887220784,249556943,249136470,13562832093,13536955847,9242133995,9208567283,9181827713,9191507228",0,0,3697856106,3676695944,1422622963,1394036213,N/A,N/A,257236045,257359378,10859898975,10777874611,13536930720,13562877165,12051798263,12050317656",0,0,8750693188,8762144676,1394050376,1422624863,9518481376,9522063999,N/A,N/A,250726125,250502633,2333621974,2339980114,10994672084,10966660479",0,0,9423819847,9428534592,181726083,181894951,9336844288,9338142388,257359386,257236070,N/A,N/A,248229731,248301949,10966722298,10994756012",0,0,8764052862,8752968485,705714819,688797265,247002128,246664427,182550876,182592001,2370602145,2417256604,N/A,N/A,9172339491,9190376665",0,0,9428625443,9423784276,895436863,896050031,887221783,886610421,1603923304,1591549055,11283375094,11291437361,2339980113,2333621973,N/A,N/A"
1755378818,N/A,N/A,3675933301,3697160988,688797265,705714819,9521797538,9518265328,1591574628,1603936823,9208565922,9242133996,248301940,248229748,17161450553,17116466543",0,0,N/A,N/A,896050031,895436876,9338081693,9336744312,182592602,182551338,250312180,250683708,10837900086,10767298423,17124581476,17178352713",0,0,3314702983,3383992330,N/A,N/A,886608143,887220784,249556943,249136470,13562832093,13536955847,9242133995,9208567283,9181827713,9191507228",0,0,3697856106,3676695944,1422622963,1394036213,N/A,N/A,257236045,257359378,10859898975,10777874611,13536930720,13562877165,12051798263,12050317656",0,0,8750693188,8762144676,1394050376,1422624863,9518481376,9522063999,N/A,N/A,250726125,250502633,2333621974,2339980114,10994672084,10966660479",0,0,9423819847,9428534592,181726083,181894951,9336844288,9338142388,257359386,257236070,N/A,N/A,248229731,248301949,10966722298,10994756012",0,0,8764052862,8752968485,705714819,688797265,247002128,246664427,182550876,182592001,2370602145,2417256604,N/A,N/A,9172339491,9190376665",0,0,9428625443,9423784276,895436863,896050031,887221783,886610421,1603923304,1591549055,11283375094,11291437361,2339980113,2333621973,N/A,N/A"
1755378819,N/A,N/A,3675933301,3697160988,688797265,705714819,9521797538,9518265328,1591574628,1603936823,9208565922,9242133996,248301940,248229748,17161450553,17116466543",0,0,N/A,N/A,896050031,895436876,9338081693,9336744312,182592602,182551338,250312180,250683708,10837900086,10767298423,17124581476,17178352713",0,0,3314702983,3383992330,N/A,N/A,886608143,887220784,249556943,249136470,13562832093,13536955847,9242133995,9208567283,9181827713,9191507228",0,0,3697856106,3676695944,1422622963,1394036213,N/A,N/A,257236045,257359378,10859898975,10777874611,13536930720,13562877165,12051798263,12050317656",0,0,8750693188,8762144676,1394050376,1422624863,9518481376,9522063999,N/A,N/A,250726125,250502633,2333621974,2339980114,10994672084,10966660479",0,0,9423819847,9428534592,181726083,181894951,9336844288,9338142388,257359386,257236070,N/A,N/A,248229731,248301949,10966722298,10994756012",0,0,8764052862,8752968485,705714819,688797265,247002128,246664427,182550876,182592001,2370602145,2417256604,N/A,N/A,9172339491,9190376665",0,0,9428625443,9423784276,895436863,896050031,887221783,886610421,1603923304,1591549055,11283375094,11291437361,2339980113,2333621973,N/A,N/A"
1755378821,N/A,N/A,3675933301,3697160988,688797265,705714819,9521797538,9518265328,1591574628,1603936823,9208565922,9242133996,248301940,248229748,17161450553,17116466543",0,0,N/A,N/A,896050031,895436876,9338081693,9336744312,182592602,182551338,250312180,250683708,10837900086,10767298423,17124581476,17178352713",0,0,3314702983,3383992330,N/A,N/A,886608143,887220784,249556943,249136470,13562832093,13536955847,9242133995,9208567283,9181827713,9191507228",0,0,3697856106,3676695944,1422622963,1394036213,N/A,N/A,257236045,257359378,10859898975,10777874611,13536930720,13562877165,12051798263,12050317656",0,0,8750693188,8762144676,1394050376,1422624863,9518481376,9522063999,N/A,N/A,250726125,250502633,2333621974,2339980114,10994672084,10966660479",0,0,9423819847,9428534592,181726083,181894951,9336844288,9338142388,257359386,257236070,N/A,N/A,248229731,248301949,10966722298,10994756012",0,0,8764052862,8752968485,705714819,688797265,247002128,246664427,182550876,182592001,2370602145,2417256604,N/A,N/A,9172339491,9190376665",0,0,9428625443,9423784276,895436863,896050031,887221783,886610421,1603923304,1591549055,11283375094,11291437361,2339980113,2333621973,N/A,N/A"
1755378822,N/A,N/A,3675933301,3697160988,688797265,705714819,9521797538,9518265328,1591574628,1603936823,9208565922,9242133996,248301940,248229748,17161450553,17116466543",0,0,N/A,N/A,896050031,895436876,9338081693,9336744312,182592602,182551338,250312180,250683708,10837900086,10767298423,17124581476,17178352713",0,0,3314702983,3383992330,N/A,N/A,886608143,887220784,249556943,249136470,13562832093,13536955847,9242133995,9208567283,9181827713,9191507228",0,0,3697856106,3676695944,1422622963,1394036213,N/A,N/A,257236045,257359378,10859898975,10777874611,13536930720,13562877165,12051798263,12050317656",0,0,8750693188,8762144676,1394050376,1422624863,9518481376,9522063999,N/A,N/A,250726125,250502633,2333621974,2339980114,10994672084,10966660479",0,0,9423819847,9428534592,181726083,181894951,9336844288,9338142388,257359386,257236070,N/A,N/A,248229731,248301949,10966722298,10994756012",0,0,8764052862,8752968485,705714819,688797265,247002128,246664427,182550876,182592001,2370602145,2417256604,N/A,N/A,9172339491,9190376665",0,0,9428625443,9423784276,895436863,896050031,887221783,886610421,1603923304,1591549055,11283375094,11291437361,2339980113,2333621973,N/A,N/A"
1755378824,N/A,N/A,3675933301,3697160988,688797265,705714819,9521797538,9518265328,1591574628,1603936823,9208565922,9242133996,248301940,248229748,17161450553,17116466543",0,0,N/A,N/A,896050031,895436876,9338081693,9336744312,182592602,182551338,250312180,250683708,10837900086,10767298423,17124581476,17178352713",0,0,3314702983,3383992330,N/A,N/A,886608143,887220784,249556943,249136470,13562832093,13536955847,9242133995,9208567283,9181827713,9191507228",0,0,3697856106,3676695944,1422622963,1394036213,N/A,N/A,257236045,257359378,10859898975,10777874611,13536930720,13562877165,12051798263,12050317656",0,0,8750693188,8762144676,1394050376,1422624863,9518481376,9522063999,N/A,N/A,250726125,250502633,2333621974,2339980114,10994672084,10966660479",0,0,9423819847,9428534592,181726083,181894951,9336844288,9338142388,257359386,257236070,N/A,N/A,248229731,248301949,10966722298,10994756012",0,0,8764052862,8752968485,705714819,688797265,247002128,246664427,182550876,182592001,2370602145,2417256604,N/A,N/A,9172339491,9190376665",0,0,9428625443,9423784276,895436863,896050031,887221783,886610421,1603923304,1591549055,11283375094,11291437361,2339980113,2333621973,N/A,N/A"
1755378825,N/A,N/A,3675933301,3697160988,688797265,705714819,9521797538,9518265328,1591574628,1603936823,9208565922,9242133996,248301940,248229748,17161450553,17116466543",0,0,N/A,N/A,896050031,895436876,9338081693,9336744312,182592602,182551338,250312180,250683708,10837900086,10767298423,17124581476,17178352713",0,0,3314702983,3383992330,N/A,N/A,886608143,887220784,249556943,249136470,13562832093,13536955847,9242133995,9208567283,9181827713,9191507228",0,0,3697856106,3676695944,1422622963,1394036213,N/A,N/A,257236045,257359378,10859898975,10777874611,13536930720,13562877165,12051798263,12050317656",0,0,8750693188,8762144676,1394050376,1422624863,9518481376,9522063999,N/A,N/A,250726125,250502633,2333621974,2339980114,10994672084,10966660479",0,0,9423819847,9428534592,181726083,181894951,9336844288,9338142388,257359386,257236070,N/A,N/A,248229731,248301949,10966722298,10994756012",0,0,8764052862,8752968485,705714819,688797265,247002128,246664427,182550876,182592001,2370602145,2417256604,N/A,N/A,9172339491,9190376665",0,0,9428625443,9423784276,895436863,896050031,887221783,886610421,1603923304,1591549055,11283375094,11291437361,2339980113,2333621973,N/A,N/A"
1755378827,N/A,N/A,3675933301,3697160988,688797265,705714819,9521797538,9518265328,1591574628,1603936823,9208565922,9242133996,248301940,248229748,17161450553,17116466543",0,0,N/A,N/A,896050031,895436876,9338081693,9336744312,182592602,182551338,250312180,250683708,10837900086,10767298423,17124581476,17178352713",0,0,3314702983,3383992330,N/A,N/A,886608143,887220784,249556943,249136470,13562832093,13536955847,9242133995,9208567283,9181827713,9191507228",0,0,3697856106,3676695944,1422622963,1394036213,N/A,N/A,257236045,257359378,10859898975,10777874611,13536930720,13562877165,12051798263,12050317656",0,0,8750693188,8762144676,1394050376,1422624863,9518481376,9522063999,N/A,N/A,250726125,250502633,2333621974,2339980114,10994672084,10966660479",0,0,9423819847,9428534592,181726083,181894951,9336844288,9338142388,257359386,257236070,N/A,N/A,248229731,248301949,10966722298,10994756012",0,0,8764052862,8752968485,705714819,688797265,247002128,246664427,182550876,182592001,2370602145,2417256604,N/A,N/A,9172339491,9190376665",0,0,9428625443,9423784276,895436863,896050031,887221783,886610421,1603923304,1591549055,11283375094,11291437361,2339980113,2333621973,N/A,N/A"
1755378828,N/A,N/A,3675933301,3697160988,688797265,705714819,9521797538,9518265328,1591574628,1603936823,9208565922,9242133996,248301940,248229748,17161450553,17116466543",0,0,N/A,N/A,896050031,895436876,9338081693,9336744312,182592602,182551338,250312180,250683708,10837900086,10767298423,17124581476,17178352713",0,0,3314702983,3383992330,N/A,N/A,886608143,887220784,249556943,249136470,13562832093,13536955847,9242133995,9208567283,9181827713,9191507228",0,0,3697856106,3676695944,1422622963,1394036213,N/A,N/A,257236045,257359378,10859898975,10777874611,13536930720,13562877165,12051798263,12050317656",0,0,8750693188,8762144676,1394050376,1422624863,9518481376,9522063999,N/A,N/A,250726125,250502633,2333621974,2339980114,10994672084,10966660479",0,0,9423819847,9428534592,181726083,181894951,9336844288,9338142388,257359386,257236070,N/A,N/A,248229731,248301949,10966722298,10994756012",0,0,8764052862,8752968485,705714819,688797265,247002128,246664427,182550876,182592001,2370602145,2417256604,N/A,N/A,9172339491,9190376665",0,0,9428625443,9423784276,895436863,896050031,887221783,886610421,1603923304,1591549055,11283375094,11291437361,2339980113,2333621973,N/A,N/A"
1755378830,N/A,N/A,3675933301,3697160988,688797265,705714819,9521797538,9518265328,1591574628,1603936823,9208565922,9242133996,248301940,248229748,17161450553,17116466543",0,0,N/A,N/A,896050031,895436876,9338081693,9336744312,182592602,182551338,250312180,250683708,10837900086,10767298423,17124581476,17178352713",0,0,3314702983,3383992330,N/A,N/A,886608143,887220784,249556943,249136470,13562832093,13536955847,9242133995,9208567283,9181827713,9191507228",0,0,3697856106,3676695944,1422622963,1394036213,N/A,N/A,257236045,257359378,10859898975,10777874611,13536930720,13562877165,12051798263,12050317656",0,0,8750693188,8762144676,1394050376,1422624863,9518481376,9522063999,N/A,N/A,250726125,250502633,2333621974,2339980114,10994672084,10966660479",0,0,9423819847,9428534592,181726083,181894951,9336844288,9338142388,257359386,257236070,N/A,N/A,248229731,248301949,10966722298,10994756012",0,0,8764052862,8752968485,705714819,688797265,247002128,246664427,182550876,182592001,2370602145,2417256604,N/A,N/A,9172339491,9190376665",0,0,9428625443,9423784276,895436863,896050031,887221783,886610421,1603923304,1591549055,11283375094,11291437361,2339980113,2333621973,N/A,N/A"
1755378831,N/A,N/A,3675933301,3697160988,688797265,705714819,9521797538,9518265328,1591574628,1603936823,9208565922,9242133996,248301940,248229748,17161450553,17116466543",0,0,N/A,N/A,896050031,895436876,9338081693,9336744312,182592602,182551338,250312180,250683708,10837900086,10767298423,17124581476,17178352713",0,0,3314702983,3383992330,N/A,N/A,886608143,887220784,249556943,249136470,13562832093,13536955847,9242133995,9208567283,9181827713,9191507228",0,0,3697856106,3676695944,1422622963,1394036213,N/A,N/A,257236045,257359378,10859898975,10777874611,13536930720,13562877165,12051798263,12050317656",0,0,8750693188,8762144676,1394050376,1422624863,9518481376,9522063999,N/A,N/A,250726125,250502633,2333621974,2339980114,10994672084,10966660479",0,0,9423819847,9428534592,181726083,181894951,9336844288,9338142388,257359386,257236070,N/A,N/A,248229731,248301949,10966722298,10994756012",0,0,8764052862,8752968485,705714819,688797265,247002128,246664427,182550876,182592001,2370602145,2417256604,N/A,N/A,9172339491,9190376665",0,0,9428625443,9423784276,895436863,896050031,887221783,886610421,1603923304,1591549055,11283375094,11291437361,2339980113,2333621973,N/A,N/A"
1755378833,N/A,N/A,3675933301,3697160988,688797265,705714819,9521797538,9518265328,1591574628,1603936823,9208565922,9242133996,248301940,248229748,17161450553,17116466543",0,0,N/A,N/A,896050031,895436876,9338081693,9336744312,182592602,182551338,250312180,250683708,10837900086,10767298423,17124581476,17178352713",0,0,3314702983,3383992330,N/A,N/A,886608143,887220784,249556943,249136470,13562832093,13536955847,9242133995,9208567283,9181827713,9191507228",0,0,3697856106,3676695944,1422622963,1394036213,N/A,N/A,257236045,257359378,10859898975,10777874611,13536930720,13562877165,12051798263,12050317656",0,0,8750693188,8762144676,1394050376,1422624863,9518481376,9522063999,N/A,N/A,250726125,250502633,2333621974,2339980114,10994672084,10966660479",0,0,9423819847,9428534592,181726083,181894951,9336844288,9338142388,257359386,257236070,N/A,N/A,248229731,248301949,10966722298,10994756012",0,0,8764052862,8752968485,705714819,688797265,247002128,246664427,182550876,182592001,2370602145,2417256604,N/A,N/A,9172339491,9190376665",0,0,9428625443,9423784276,895436863,896050031,887221783,886610421,1603923304,1591549055,11283375094,11291437361,2339980113,2333621973,N/A,N/A"
1755378834,N/A,N/A,3675933301,3697160988,688797265,705714819,9521797538,9518265328,1591574628,1603936823,9208565922,9242133996,248301940,248229748,17161450553,17116466543",0,0,N/A,N/A,896050031,895436876,9338081693,9336744312,182592602,182551338,250312180,250683708,10837900086,10767298423,17124581476,17178352713",0,0,3314702983,3383992330,N/A,N/A,886608143,887220784,249556943,249136470,13562832093,13536955847,9242133995,9208567283,9181827713,9191507228",0,0,3697856106,3676695944,1422622963,1394036213,N/A,N/A,257236045,257359378,10859898975,10777874611,13536930720,13562877165,12051798263,12050317656",0,0,8750693188,8762144676,1394050376,1422624863,9518481376,9522063999,N/A,N/A,250726125,250502633,2333621974,2339980114,10994672084,10966660479",0,0,9423819847,9428534592,181726083,181894951,9336844288,9338142388,257359386,257236070,N/A,N/A,248229731,248301949,10966722298,10994756012",0,0,8764052862,8752968485,705714819,688797265,247002128,246664427,182550876,182592001,2370602145,2417256604,N/A,N/A,9172339491,9190376665",0,0,9428625443,9423784276,895436863,896050031,887221783,886610421,1603923304,1591549055,11283375094,11291437361,2339980113,2333621973,N/A,N/A"
1755378835,N/A,N/A,3675933301,3697160988,688797265,705714819,9521797538,9518265328,1591574628,1603936823,9208565922,9242133996,248301940,248229748,17161450553,17116466543",0,0,N/A,N/A,896050031,895436876,9338081693,9336744312,182592602,182551338,250312180,250683708,10837900086,10767298423,17124581476,17178352713",0,0,3314702983,3383992330,N/A,N/A,886608143,887220784,249556943,249136470,13562832093,13536955847,9242133995,9208567283,9181827713,9191507228",0,0,3697856106,3676695944,1422622963,1394036213,N/A,N/A,257236045,257359378,10859898975,10777874611,13536930720,13562877165,12051798263,12050317656",0,0,8750693188,8762144676,1394050376,1422624863,9518481376,9522063999,N/A,N/A,250726125,250502633,2333621974,2339980114,10994672084,10966660479",0,0,9423819847,9428534592,181726083,181894951,9336844288,9338142388,257359386,257236070,N/A,N/A,248229731,248301949,10966722298,10994756012",0,0,8764052862,8752968485,705714819,688797265,247002128,246664427,182550876,182592001,2370602145,2417256604,N/A,N/A,9172339491,9190376665",0,0,9428625443,9423784276,895436863,896050031,887221783,886610421,1603923304,1591549055,11283375094,11291437361,2339980113,2333621973,N/A,N/A"
1755378837,N/A,N/A,3675933301,3697160988,688797265,705714819,9521797538,9518265328,1591574628,1603936823,9208565922,9242133996,248301940,248229748,17161450553,17116466543",0,0,N/A,N/A,896050031,895436876,9338081693,9336744312,182592602,182551338,250312180,250683708,10837900086,10767298423,17124581476,17178352713",0,0,3314702983,3383992330,N/A,N/A,886608143,887220784,249556943,249136470,13562832093,13536955847,9242133995,9208567283,9181827713,9191507228",0,0,3697856106,3676695944,1422622963,1394036213,N/A,N/A,257236045,257359378,10859898975,10777874611,13536930720,13562877165,12051798263,12050317656",0,0,8750693188,8762144676,1394050376,1422624863,9518481376,9522063999,N/A,N/A,250726125,250502633,2333621974,2339980114,10994672084,10966660479",0,0,9423819847,9428534592,181726083,181894951,9336844288,9338142388,257359386,257236070,N/A,N/A,248229731,248301949,10966722298,10994756012",0,0,8764052862,8752968485,705714819,688797265,247002128,246664427,182550876,182592001,2370602145,2417256604,N/A,N/A,9172339491,9190376665",0,0,9428625443,9423784276,895436863,896050031,887221783,886610421,1603923304,1591549055,11283375094,11291437361,2339980113,2333621973,N/A,N/A"
1755378838,N/A,N/A,3675933301,3697160988,688797265,705714819,9521797538,9518265328,1591574628,1603936823,9208565922,9242133996,248301940,248229748,17161450553,17116466543",0,0,N/A,N/A,896050031,895436876,9338081693,9336744312,182592602,182551338,250312180,250683708,10837900086,10767298423,17124581476,17178352713",0,0,3314702983,3383992330,N/A,N/A,886608143,887220784,249556943,249136470,13562832093,13536955847,9242133995,9208567283,9181827713,9191507228",0,0,3697856106,3676695944,1422622963,1394036213,N/A,N/A,257236045,257359378,10859898975,10777874611,13536930720,13562877165,12051798263,12050317656",0,0,8750693188,8762144676,1394050376,1422624863,9518481376,9522063999,N/A,N/A,250726125,250502633,2333621974,2339980114,10994672084,10966660479",0,0,9423819847,9428534592,181726083,181894951,9336844288,9338142388,257359386,257236070,N/A,N/A,248229731,248301949,10966722298,10994756012",0,0,8764052862,8752968485,705714819,688797265,247002128,246664427,182550876,182592001,2370602145,2417256604,N/A,N/A,9172339491,9190376665",0,0,9428625443,9423784276,895436863,896050031,887221783,886610421,1603923304,1591549055,11283375094,11291437361,2339980113,2333621973,N/A,N/A"
1755378840,N/A,N/A,3675933301,3697160988,688797265,705714819,9521797538,9518265328,1591574628,1603936823,9208565922,9242133996,248301940,248229748,17161450553,17116466543",0,0,N/A,N/A,896050031,895436876,9338081693,9336744312,182592602,182551338,250312180,250683708,10837900086,10767298423,17124581476,17178352713",0,0,3314702983,3383992330,N/A,N/A,886608143,887220784,249556943,249136470,13562832093,13536955847,9242133995,9208567283,9181827713,9191507228",0,0,3697856106,3676695944,1422622963,1394036213,N/A,N/A,257236045,257359378,10859898975,10777874611,13536930720,13562877165,12051798263,12050317656",0,0,8750693188,8762144676,1394050376,1422624863,9518481376,9522063999,N/A,N/A,250726125,250502633,2333621974,2339980114,10994672084,10966660479",0,0,9423819847,9428534592,181726083,181894951,9336844288,9338142388,257359386,257236070,N/A,N/A,248229731,248301949,10966722298,10994756012",0,0,8764052862,8752968485,705714819,688797265,247002128,246664427,182550876,182592001,2370602145,2417256604,N/A,N/A,9172339491,9190376665",0,0,9428625443,9423784276,895436863,896050031,887221783,886610421,1603923304,1591549055,11283375094,11291437361,2339980113,2333621973,N/A,N/A"
1755378841,N/A,N/A,3675933301,3697160988,688797265,705714819,9521797538,9518265328,1591574628,1603936823,9208565922,9242133996,248301940,248229748,17161450553,17116466543",0,0,N/A,N/A,896050031,895436876,9338081693,9336744312,182592602,182551338,250312180,250683708,10837900086,10767298423,17124581476,17178352713",0,0,3314702983,3383992330,N/A,N/A,886608143,887220784,249556943,249136470,13562832093,13536955847,9242133995,9208567283,9181827713,9191507228",0,0,3697856106,3676695944,1422622963,1394036213,N/A,N/A,257236045,257359378,10859898975,10777874611,13536930720,13562877165,12051798263,12050317656",0,0,8750693188,8762144676,1394050376,1422624863,9518481376,9522063999,N/A,N/A,250726125,250502633,2333621974,2339980114,10994672084,10966660479",0,0,9423819847,9428534592,181726083,181894951,9336844288,9338142388,257359386,257236070,N/A,N/A,248229731,248301949,10966722298,10994756012",0,0,8764052862,8752968485,705714819,688797265,247002128,246664427,182550876,182592001,2370602145,2417256604,N/A,N/A,9172339491,9190376665",0,0,9428625443,9423784276,895436863,896050031,887221783,886610421,1603923304,1591549055,11283375094,11291437361,2339980113,2333621973,N/A,N/A"
1755378843,N/A,N/A,3675933301,3697160988,688797265,705714819,9521797538,9518265328,1591574628,1603936823,9208565922,9242133996,248301940,248229748,17161450553,17116466543",0,0,N/A,N/A,896050031,895436876,9338081693,9336744312,182592602,182551338,250312180,250683708,10837900086,10767298423,17124581476,17178352713",0,0,3314702983,3383992330,N/A,N/A,886608143,887220784,249556943,249136470,13562832093,13536955847,9242133995,9208567283,9181827713,9191507228",0,0,3697856106,3676695944,1422622963,1394036213,N/A,N/A,257236045,257359378,10859898975,10777874611,13536930720,13562877165,12051798263,12050317656",0,0,8750693188,8762144676,1394050376,1422624863,9518481376,9522063999,N/A,N/A,250726125,250502633,2333621974,2339980114,10994672084,10966660479",0,0,9423819847,9428534592,181726083,181894951,9336844288,9338142388,257359386,257236070,N/A,N/A,248229731,248301949,10966722298,10994756012",0,0,8764052862,8752968485,705714819,688797265,247002128,246664427,182550876,182592001,2370602145,2417256604,N/A,N/A,9172339491,9190376665",0,0,9428625443,9423784276,895436863,896050031,887221783,886610421,1603923304,1591549055,11283375094,11291437361,2339980113,2333621973,N/A,N/A"
1755378844,N/A,N/A,3675933301,3697160988,688797265,705714819,9521797538,9518265328,1591574628,1603936823,9208565922,9242133996,248301940,248229748,17161450553,17116466543",0,0,N/A,N/A,896050031,895436876,9338081693,9336744312,182592602,182551338,250312180,250683708,10837900086,10767298423,17124581476,17178352713",0,0,3314702983,3383992330,N/A,N/A,886608143,887220784,249556943,249136470,13562832093,13536955847,9242133995,9208567283,9181827713,9191507228",0,0,3697856106,3676695944,1422622963,1394036213,N/A,N/A,257236045,257359378,10859898975,10777874611,13536930720,13562877165,12051798263,12050317656",0,0,8750693188,8762144676,1394050376,1422624863,9518481376,9522063999,N/A,N/A,250726125,250502633,2333621974,2339980114,10994672084,10966660479",0,0,9423819847,9428534592,181726083,181894951,9336844288,9338142388,257359386,257236070,N/A,N/A,248229731,248301949,10966722298,10994756012",0,0,8764052862,8752968485,705714819,688797265,247002128,246664427,182550876,182592001,2370602145,2417256604,N/A,N/A,9172339491,9190376665",0,0,9428625443,9423784276,895436863,896050031,887221783,886610421,1603923304,1591549055,11283375094,11291437361,2339980113,2333621973,N/A,N/A"
1755378846,N/A,N/A,3675933301,3697160988,688797265,705714819,9521797538,9518265328,1591574628,1603936823,9208565922,9242133996,248301940,248229748,17161450553,17116466543",0,0,N/A,N/A,896050031,895436876,9338081693,9336744312,182592602,182551338,250312180,250683708,10837900086,10767298423,17124581476,17178352713",0,0,3314702983,3383992330,N/A,N/A,886608143,887220784,249556943,249136470,13562832093,13536955847,9242133995,9208567283,9181827713,9191507228",0,0,3697856106,3676695944,1422622963,1394036213,N/A,N/A,257236045,257359378,10859898975,10777874611,13536930720,13562877165,12051798263,12050317656",0,0,8750693188,8762144676,1394050376,1422624863,9518481376,9522063999,N/A,N/A,250726125,250502633,2333621974,2339980114,10994672084,10966660479",0,0,9423819847,9428534592,181726083,181894951,9336844288,9338142388,257359386,257236070,N/A,N/A,248229731,248301949,10966722298,10994756012",0,0,8764052862,8752968485,705714819,688797265,247002128,246664427,182550876,182592001,2370602145,2417256604,N/A,N/A,9172339491,9190376665",0,0,9428625443,9423784276,895436863,896050031,887221783,886610421,1603923304,1591549055,11283375094,11291437361,2339980113,2333621973,N/A,N/A"
1755378847,N/A,N/A,3675933301,3697160988,688797265,705714819,9521797538,9518265328,1591574628,1603936823,9208565922,9242133996,248301940,248229748,17161450553,17116466543",0,0,N/A,N/A,896050031,895436876,9338081693,9336744312,182592602,182551338,250312180,250683708,10837900086,10767298423,17124581476,17178352713",0,0,3314702983,3383992330,N/A,N/A,886608143,887220784,249556943,249136470,13562832093,13536955847,9242133995,9208567283,9181827713,9191507228",0,0,3697856106,3676695944,1422622963,1394036213,N/A,N/A,257236045,257359378,10859898975,10777874611,13536930720,13562877165,12051798263,12050317656",0,0,8750693188,8762144676,1394050376,1422624863,9518481376,9522063999,N/A,N/A,250726125,250502633,2333621974,2339980114,10994672084,10966660479",0,0,9423819847,9428534592,181726083,181894951,9336844288,9338142388,257359386,257236070,N/A,N/A,248229731,248301949,10966722298,10994756012",0,0,8764052862,8752968485,705714819,688797265,247002128,246664427,182550876,182592001,2370602145,2417256604,N/A,N/A,9172339491,9190376665",0,0,9428625443,9423784276,895436863,896050031,887221783,886610421,1603923304,1591549055,11283375094,11291437361,2339980113,2333621973,N/A,N/A"
1755378849,N/A,N/A,3675933301,3697160988,688797265,705714819,9521797538,9518265328,1591574628,1603936823,9208565922,9242133996,248301940,248229748,17161450553,17116466543",0,0,N/A,N/A,896050031,895436876,9338081693,9336744312,182592602,182551338,250312180,250683708,10837900086,10767298423,17124581476,17178352713",0,0,3314702983,3383992330,N/A,N/A,886608143,887220784,249556943,249136470,13562832093,13536955847,9242133995,9208567283,9181827713,9191507228",0,0,3697856106,3676695944,1422622963,1394036213,N/A,N/A,257236045,257359378,10859898975,10777874611,13536930720,13562877165,12051798263,12050317656",0,0,8750693188,8762144676,1394050376,1422624863,9518481376,9522063999,N/A,N/A,250726125,250502633,2333621974,2339980114,10994672084,10966660479",0,0,9423819847,9428534592,181726083,181894951,9336844288,9338142388,257359386,257236070,N/A,N/A,248229731,248301949,10966722298,10994756012",0,0,8764052862,8752968485,705714819,688797265,247002128,246664427,182550876,182592001,2370602145,2417256604,N/A,N/A,9172339491,9190376665",0,0,9428625443,9423784276,895436863,896050031,887221783,886610421,1603923304,1591549055,11283375094,11291437361,2339980113,2333621973,N/A,N/A"
1755378850,N/A,N/A,3675933301,3697160988,688797265,705714819,9521797538,9518265328,1591574628,1603936823,9208565922,9242133996,248301940,248229748,17161450553,17116466543",0,0,N/A,N/A,896050031,895436876,9338081693,9336744312,182592602,182551338,250312180,250683708,10837900086,10767298423,17124581476,17178352713",0,0,3314702983,3383992330,N/A,N/A,886608143,887220784,249556943,249136470,13562832093,13536955847,9242133995,9208567283,9181827713,9191507228",0,0,3697856106,3676695944,1422622963,1394036213,N/A,N/A,257236045,257359378,10859898975,10777874611,13536930720,13562877165,12051798263,12050317656",0,0,8750693188,8762144676,1394050376,1422624863,9518481376,9522063999,N/A,N/A,250726125,250502633,2333621974,2339980114,10994672084,10966660479",0,0,9423819847,9428534592,181726083,181894951,9336844288,9338142388,257359386,257236070,N/A,N/A,248229731,248301949,10966722298,10994756012",0,0,8764052862,8752968485,705714819,688797265,247002128,246664427,182550876,182592001,2370602145,2417256604,N/A,N/A,9172339491,9190376665",0,0,9428625443,9423784276,895436863,896050031,887221783,886610421,1603923304,1591549055,11283375094,11291437361,2339980113,2333621973,N/A,N/A"
1755378852,N/A,N/A,3675933301,3697160988,688797265,705714819,9521797538,9518265328,1591574628,1603936823,9208565922,9242133996,248301940,248229748,17161450553,17116466543",0,0,N/A,N/A,896050031,895436876,9338081693,9336744312,182592602,182551338,250312180,250683708,10837900086,10767298423,17124581476,17178352713",0,0,3314702983,3383992330,N/A,N/A,886608143,887220784,249556943,249136470,13562832093,13536955847,9242133995,9208567283,9181827713,9191507228",0,0,3697856106,3676695944,1422622963,1394036213,N/A,N/A,257236045,257359378,10859898975,10777874611,13536930720,13562877165,12051798263,12050317656",0,0,8750693188,8762144676,1394050376,1422624863,9518481376,9522063999,N/A,N/A,250726125,250502633,2333621974,2339980114,10994672084,10966660479",0,0,9423819847,9428534592,181726083,181894951,9336844288,9338142388,257359386,257236070,N/A,N/A,248229731,248301949,10966722298,10994756012",0,0,8764052862,8752968485,705714819,688797265,247002128,246664427,182550876,182592001,2370602145,2417256604,N/A,N/A,9172339491,9190376665",0,0,9428625443,9423784276,895436863,896050031,887221783,886610421,1603923304,1591549055,11283375094,11291437361,2339980113,2333621973,N/A,N/A"
1755378853,N/A,N/A,3675933301,3697160988,688797265,705714819,9521797538,9518265328,1591574628,1603936823,9208565922,9242133996,248301940,248229748,17161450553,17116466543",0,0,N/A,N/A,896050031,895436876,9338081693,9336744312,182592602,182551338,250312180,250683708,10837900086,10767298423,17124581476,17178352713",0,0,3314702983,3383992330,N/A,N/A,886608143,887220784,249556943,249136470,13562832093,13536955847,9242133995,9208567283,9181827713,9191507228",0,0,3697856106,3676695944,1422622963,1394036213,N/A,N/A,257236045,257359378,10859898975,10777874611,13536930720,13562877165,12051798263,12050317656",0,0,8750693188,8762144676,1394050376,1422624863,9518481376,9522063999,N/A,N/A,250726125,250502633,2333621974,2339980114,10994672084,10966660479",0,0,9423819847,9428534592,181726083,181894951,9336844288,9338142388,257359386,257236070,N/A,N/A,248229731,248301949,10966722298,10994756012",0,0,8764052862,8752968485,705714819,688797265,247002128,246664427,182550876,182592001,2370602145,2417256604,N/A,N/A,9172339491,9190376665",0,0,9428625443,9423784276,895436863,896050031,887221783,886610421,1603923304,1591549055,11283375094,11291437361,2339980113,2333621973,N/A,N/A"
1755378854,N/A,N/A,3675933301,3697160988,688797265,705714819,9521797538,9518265328,1591574628,1603936823,9208565922,9242133996,248301940,248229748,17161450553,17116466543",0,0,N/A,N/A,896050031,895436876,9338081693,9336744312,182592602,182551338,250312180,250683708,10837900086,10767298423,17124581476,17178352713",0,0,3314702983,3383992330,N/A,N/A,886608143,887220784,249556943,249136470,13562832093,13536955847,9242133995,9208567283,9181827713,9191507228",0,0,3697856106,3676695944,1422622963,1394036213,N/A,N/A,257236045,257359378,10859898975,10777874611,13536930720,13562877165,12051798263,12050317656",0,0,8750693188,8762144676,1394050376,1422624863,9518481376,9522063999,N/A,N/A,250726125,250502633,2333621974,2339980114,10994672084,10966660479",0,0,9423819847,9428534592,181726083,181894951,9336844288,9338142388,257359386,257236070,N/A,N/A,248229731,248301949,10966722298,10994756012",0,0,8764052862,8752968485,705714819,688797265,247002128,246664427,182550876,182592001,2370602145,2417256604,N/A,N/A,9172339491,9190376665",0,0,9428625443,9423784276,895436863,896050031,887221783,886610421,1603923304,1591549055,11283375094,11291437361,2339980113,2333621973,N/A,N/A"
1755378856,N/A,N/A,3675933301,3697160988,688797265,705714819,9521797538,9518265328,1591574628,1603936823,9208565922,9242133996,248301940,248229748,17161450553,17116466543",0,0,N/A,N/A,896050031,895436876,9338081693,9336744312,182592602,182551338,250312180,250683708,10837900086,10767298423,17124581476,17178352713",0,0,3314702983,3383992330,N/A,N/A,886608143,887220784,249556943,249136470,13562832093,13536955847,9242133995,9208567283,9181827713,9191507228",0,0,3697856106,3676695944,1422622963,1394036213,N/A,N/A,257236045,257359378,10859898975,10777874611,13536930720,13562877165,12051798263,12050317656",0,0,8750693188,8762144676,1394050376,1422624863,9518481376,9522063999,N/A,N/A,250726125,250502633,2333621974,2339980114,10994672084,10966660479",0,0,9423819847,9428534592,181726083,181894951,9336844288,9338142388,257359386,257236070,N/A,N/A,248229731,248301949,10966722298,10994756012",0,0,8764052862,8752968485,705714819,688797265,247002128,246664427,182550876,182592001,2370602145,2417256604,N/A,N/A,9172339491,9190376665",0,0,9428625443,9423784276,895436863,896050031,887221783,886610421,1603923304,1591549055,11283375094,11291437361,2339980113,2333621973,N/A,N/A"
1755378857,N/A,N/A,3675933301,3697160988,688797265,705714819,9521797538,9518265328,1591574628,1603936823,9208565922,9242133996,248301940,248229748,17161450553,17116466543",0,0,N/A,N/A,896050031,895436876,9338081693,9336744312,182592602,182551338,250312180,250683708,10837900086,10767298423,17124581476,17178352713",0,0,3314702983,3383992330,N/A,N/A,886608143,887220784,249556943,249136470,13562832093,13536955847,9242133995,9208567283,9181827713,9191507228",0,0,3697856106,3676695944,1422622963,1394036213,N/A,N/A,257236045,257359378,10859898975,10777874611,13536930720,13562877165,12051798263,12050317656",0,0,8750693188,8762144676,1394050376,1422624863,9518481376,9522063999,N/A,N/A,250726125,250502633,2333621974,2339980114,10994672084,10966660479",0,0,9423819847,9428534592,181726083,181894951,9336844288,9338142388,257359386,257236070,N/A,N/A,248229731,248301949,10966722298,10994756012",0,0,8764052862,8752968485,705714819,688797265,247002128,246664427,182550876,182592001,2370602145,2417256604,N/A,N/A,9172339491,9190376665",0,0,9428625443,9423784276,895436863,896050031,887221783,886610421,1603923304,1591549055,11283375094,11291437361,2339980113,2333621973,N/A,N/A"
1755378859,N/A,N/A,3675933301,3697160988,688797265,705714819,9521797538,9518265328,1591574628,1603936823,9208565922,9242133996,248301940,248229748,17161450553,17116466543",0,0,N/A,N/A,896050031,895436876,9338081693,9336744312,182592602,182551338,250312180,250683708,10837900086,10767298423,17124581476,17178352713",0,0,3314702983,3383992330,N/A,N/A,886608143,887220784,249556943,249136470,13562832093,13536955847,9242133995,9208567283,9181827713,9191507228",0,0,3697856106,3676695944,1422622963,1394036213,N/A,N/A,257236045,257359378,10859898975,10777874611,13536930720,13562877165,12051798263,12050317656",0,0,8750693188,8762144676,1394050376,1422624863,9518481376,9522063999,N/A,N/A,250726125,250502633,2333621974,2339980114,10994672084,10966660479",0,0,9423819847,9428534592,181726083,181894951,9336844288,9338142388,257359386,257236070,N/A,N/A,248229731,248301949,10966722298,10994756012",0,0,8764052862,8752968485,705714819,688797265,247002128,246664427,182550876,182592001,2370602145,2417256604,N/A,N/A,9172339491,9190376665",0,0,9428625443,9423784276,895436863,896050031,887221783,886610421,1603923304,1591549055,11283375094,11291437361,2339980113,2333621973,N/A,N/A"
1755378860,N/A,N/A,3675933301,3697160988,688797265,705714819,9521797538,9518265328,1591574628,1603936823,9208565922,9242133996,248301940,248229748,17161450553,17116466543",0,0,N/A,N/A,896050031,895436876,9338081693,9336744312,182592602,182551338,250312180,250683708,10837900086,10767298423,17124581476,17178352713",0,0,3314702983,3383992330,N/A,N/A,886608143,887220784,249556943,249136470,13562832093,13536955847,9242133995,9208567283,9181827713,9191507228",0,0,3697856106,3676695944,1422622963,1394036213,N/A,N/A,257236045,257359378,10859898975,10777874611,13536930720,13562877165,12051798263,12050317656",0,0,8750693188,8762144676,1394050376,1422624863,9518481376,9522063999,N/A,N/A,250726125,250502633,2333621974,2339980114,10994672084,10966660479",0,0,9423819847,9428534592,181726083,181894951,9336844288,9338142388,257359386,257236070,N/A,N/A,248229731,248301949,10966722298,10994756012",0,0,8764052862,8752968485,705714819,688797265,247002128,246664427,182550876,182592001,2370602145,2417256604,N/A,N/A,9172339491,9190376665",0,0,9428625443,9423784276,895436863,896050031,887221783,886610421,1603923304,1591549055,11283375094,11291437361,2339980113,2333621973,N/A,N/A"
1755378862,N/A,N/A,3675933301,3697160988,688797265,705714819,9521797538,9518265328,1591574628,1603936823,9208565922,9242133996,248301940,248229748,17161450553,17116466543",0,0,N/A,N/A,896050031,895436876,9338081693,9336744312,182592602,182551338,250312180,250683708,10837900086,10767298423,17124581476,17178352713",0,0,3314702983,3383992330,N/A,N/A,886608143,887220784,249556943,249136470,13562832093,13536955847,9242133995,9208567283,9181827713,9191507228",0,0,3697856106,3676695944,1422622963,1394036213,N/A,N/A,257236045,257359378,10859898975,10777874611,13536930720,13562877165,12051798263,12050317656",0,0,8750693188,8762144676,1394050376,1422624863,9518481376,9522063999,N/A,N/A,250726125,250502633,2333621974,2339980114,10994672084,10966660479",0,0,9423819847,9428534592,181726083,181894951,9336844288,9338142388,257359386,257236070,N/A,N/A,248229731,248301949,10966722298,10994756012",0,0,8764052862,8752968485,705714819,688797265,247002128,246664427,182550876,182592001,2370602145,2417256604,N/A,N/A,9172339491,9190376665",0,0,9428625443,9423784276,895436863,896050031,887221783,886610421,1603923304,1591549055,11283375094,11291437361,2339980113,2333621973,N/A,N/A"
1755378863,N/A,N/A,3675933301,3697160988,688797265,705714819,9521797538,9518265328,1591574628,1603936823,9208565922,9242133996,248301940,248229748,17161450553,17116466543",0,0,N/A,N/A,896050031,895436876,9338081693,9336744312,182592602,182551338,250312180,250683708,10837900086,10767298423,17124581476,17178352713",0,0,3314702983,3383992330,N/A,N/A,886608143,887220784,249556943,249136470,13562832093,13536955847,9242133995,9208567283,9181827713,9191507228",0,0,3697856106,3676695944,1422622963,1394036213,N/A,N/A,257236045,257359378,10859898975,10777874611,13536930720,13562877165,12051798263,12050317656",0,0,8750693188,8762144676,1394050376,1422624863,9518481376,9522063999,N/A,N/A,250726125,250502633,2333621974,2339980114,10994672084,10966660479",0,0,9423819847,9428534592,181726083,181894951,9336844288,9338142388,257359386,257236070,N/A,N/A,248229731,248301949,10966722298,10994756012",0,0,8764052862,8752968485,705714819,688797265,247002128,246664427,182550876,182592001,2370602145,2417256604,N/A,N/A,9172339491,9190376665",0,0,9428625443,9423784276,895436863,896050031,887221783,886610421,1603923304,1591549055,11283375094,11291437361,2339980113,2333621973,N/A,N/A"
1755378865,N/A,N/A,3675933301,3697160988,688797265,705714819,9521797538,9518265328,1591574628,1603936823,9208565922,9242133996,248301940,248229748,17161450553,17116466543",0,0,N/A,N/A,896050031,895436876,9338081693,9336744312,182592602,182551338,250312180,250683708,10837900086,10767298423,17124581476,17178352713",0,0,3314702983,3383992330,N/A,N/A,886608143,887220784,249556943,249136470,13562832093,13536955847,9242133995,9208567283,9181827713,9191507228",0,0,3697856106,3676695944,1422622963,1394036213,N/A,N/A,257236045,257359378,10859898975,10777874611,13536930720,13562877165,12051798263,12050317656",0,0,8750693188,8762144676,1394050376,1422624863,9518481376,9522063999,N/A,N/A,250726125,250502633,2333621974,2339980114,10994672084,10966660479",0,0,9423819847,9428534592,181726083,181894951,9336844288,9338142388,257359386,257236070,N/A,N/A,248229731,248301949,10966722298,10994756012",0,0,8764052862,8752968485,705714819,688797265,247002128,246664427,182550876,182592001,2370602145,2417256604,N/A,N/A,9172339491,9190376665",0,0,9428625443,9423784276,895436863,896050031,887221783,886610421,1603923304,1591549055,11283375094,11291437361,2339980113,2333621973,N/A,N/A"
1755378866,N/A,N/A,3675933301,3697160988,688797265,705714819,9521797538,9518265328,1591574628,1603936823,9208565922,9242133996,248301940,248229748,17161450553,17116466543",0,0,N/A,N/A,896050031,895436876,9338081693,9336744312,182592602,182551338,250312180,250683708,10837900086,10767298423,17124581476,17178352713",0,0,3314702983,3383992330,N/A,N/A,886608143,887220784,249556943,249136470,13562832093,13536955847,9242133995,9208567283,9181827713,9191507228",0,0,3697856106,3676695944,1422622963,1394036213,N/A,N/A,257236045,257359378,10859898975,10777874611,13536930720,13562877165,12051798263,12050317656",0,0,8750693188,8762144676,1394050376,1422624863,9518481376,9522063999,N/A,N/A,250726125,250502633,2333621974,2339980114,10994672084,10966660479",0,0,9423819847,9428534592,181726083,181894951,9336844288,9338142388,257359386,257236070,N/A,N/A,248229731,248301949,10966722298,10994756012",0,0,8764052862,8752968485,705714819,688797265,247002128,246664427,182550876,182592001,2370602145,2417256604,N/A,N/A,9172339491,9190376665",0,0,9428625443,9423784276,895436863,896050031,887221783,886610421,1603923304,1591549055,11283375094,11291437361,2339980113,2333621973,N/A,N/A"
1755378868,N/A,N/A,3675933301,3697160988,688797265,705714819,9521797538,9518265328,1591574628,1603936823,9208565922,9242133996,248301940,248229748,17161450553,17116466543",0,0,N/A,N/A,896050031,895436876,9338081693,9336744312,182592602,182551338,250312180,250683708,10837900086,10767298423,17124581476,17178352713",0,0,3314702983,3383992330,N/A,N/A,886608143,887220784,249556943,249136470,13562832093,13536955847,9242133995,9208567283,9181827713,9191507228",0,0,3697856106,3676695944,1422622963,1394036213,N/A,N/A,257236045,257359378,10859898975,10777874611,13536930720,13562877165,12051798263,12050317656",0,0,8750693188,8762144676,1394050376,1422624863,9518481376,9522063999,N/A,N/A,250726125,250502633,2333621974,2339980114,10994672084,10966660479",0,0,9423819847,9428534592,181726083,181894951,9336844288,9338142388,257359386,257236070,N/A,N/A,248229731,248301949,10966722298,10994756012",0,0,8764052862,8752968485,705714819,688797265,247002128,246664427,182550876,182592001,2370602145,2417256604,N/A,N/A,9172339491,9190376665",0,0,9428625443,9423784276,895436863,896050031,887221783,886610421,1603923304,1591549055,11283375094,11291437361,2339980113,2333621973,N/A,N/A"
1755378869,N/A,N/A,3675933301,3697160988,688797265,705714819,9521797538,9518265328,1591574628,1603936823,9208565922,9242133996,248301940,248229748,17161450553,17116466543",0,0,N/A,N/A,896050031,895436876,9338081693,9336744312,182592602,182551338,250312180,250683708,10837900086,10767298423,17124581476,17178352713",0,0,3314702983,3383992330,N/A,N/A,886608143,887220784,249556943,249136470,13562832093,13536955847,9242133995,9208567283,9181827713,9191507228",0,0,3697856106,3676695944,1422622963,1394036213,N/A,N/A,257236045,257359378,10859898975,10777874611,13536930720,13562877165,12051798263,12050317656",0,0,8750693188,8762144676,1394050376,1422624863,9518481376,9522063999,N/A,N/A,250726125,250502633,2333621974,2339980114,10994672084,10966660479",0,0,9423819847,9428534592,181726083,181894951,9336844288,9338142388,257359386,257236070,N/A,N/A,248229731,248301949,10966722298,10994756012",0,0,8764052862,8752968485,705714819,688797265,247002128,246664427,182550876,182592001,2370602145,2417256604,N/A,N/A,9172339491,9190376665",0,0,9428625443,9423784276,895436863,896050031,887221783,886610421,1603923304,1591549055,11283375094,11291437361,2339980113,2333621973,N/A,N/A"
1755378871,N/A,N/A,3675933301,3697160988,688797265,705714819,9521797538,9518265328,1591574628,1603936823,9208565922,9242133996,248301940,248229748,17161450553,17116466543",0,0,N/A,N/A,896050031,895436876,9338081693,9336744312,182592602,182551338,250312180,250683708,10837900086,10767298423,17124581476,17178352713",0,0,3314702983,3383992330,N/A,N/A,886608143,887220784,249556943,249136470,13562832093,13536955847,9242133995,9208567283,9181827713,9191507228",0,0,3697856106,3676695944,1422622963,1394036213,N/A,N/A,257236045,257359378,10859898975,10777874611,13536930720,13562877165,12051798263,12050317656",0,0,8750693188,8762144676,1394050376,1422624863,9518481376,9522063999,N/A,N/A,250726125,250502633,2333621974,2339980114,10994672084,10966660479",0,0,9423819847,9428534592,181726083,181894951,9336844288,9338142388,257359386,257236070,N/A,N/A,248229731,248301949,10966722298,10994756012",0,0,8764052862,8752968485,705714819,688797265,247002128,246664427,182550876,182592001,2370602145,2417256604,N/A,N/A,9172339491,9190376665",0,0,9428625443,9423784276,895436863,896050031,887221783,886610421,1603923304,1591549055,11283375094,11291437361,2339980113,2333621973,N/A,N/A"
1755378872,N/A,N/A,3675933301,3697160988,688797265,705714819,9521797538,9518265328,1591574628,1603936823,9208565922,9242133996,248301940,248229748,17161450553,17116466543",0,0,N/A,N/A,896050031,895436876,9338081693,9336744312,182592602,182551338,250312180,250683708,10837900086,10767298423,17124581476,17178352713",0,0,3314702983,3383992330,N/A,N/A,886608143,887220784,249556943,249136470,13562832093,13536955847,9242133995,9208567283,9181827713,9191507228",0,0,3697856106,3676695944,1422622963,1394036213,N/A,N/A,257236045,257359378,10859898975,10777874611,13536930720,13562877165,12051798263,12050317656",0,0,8750693188,8762144676,1394050376,1422624863,9518481376,9522063999,N/A,N/A,250726125,250502633,2333621974,2339980114,10994672084,10966660479",0,0,9423819847,9428534592,181726083,181894951,9336844288,9338142388,257359386,257236070,N/A,N/A,248229731,248301949,10966722298,10994756012",0,0,8764052862,8752968485,705714819,688797265,247002128,246664427,182550876,182592001,2370602145,2417256604,N/A,N/A,9172339491,9190376665",0,0,9428625443,9423784276,895436863,896050031,887221783,886610421,1603923304,1591549055,11283375094,11291437361,2339980113,2333621973,N/A,N/A"
1755378874,N/A,N/A,3675933301,3697160988,688797265,705714819,9521797538,9518265328,1591574628,1603936823,9208565922,9242133996,248301940,248229748,17161450553,17116466543",0,0,N/A,N/A,896050031,895436876,9338081693,9336744312,182592602,182551338,250312180,250683708,10837900086,10767298423,17124581476,17178352713",0,0,3314702983,3383992330,N/A,N/A,886608143,887220784,249556943,249136470,13562832093,13536955847,9242133995,9208567283,9181827713,9191507228",0,0,3697856106,3676695944,1422622963,1394036213,N/A,N/A,257236045,257359378,10859898975,10777874611,13536930720,13562877165,12051798263,12050317656",0,0,8750693188,8762144676,1394050376,1422624863,9518481376,9522063999,N/A,N/A,250726125,250502633,2333621974,2339980114,10994672084,10966660479",0,0,9423819847,9428534592,181726083,181894951,9336844288,9338142388,257359386,257236070,N/A,N/A,248229731,248301949,10966722298,10994756012",0,0,8764052862,8752968485,705714819,688797265,247002128,246664427,182550876,182592001,2370602145,2417256604,N/A,N/A,9172339491,9190376665",0,0,9428625443,9423784276,895436863,896050031,887221783,886610421,1603923304,1591549055,11283375094,11291437361,2339980113,2333621973,N/A,N/A"
1755378875,N/A,N/A,3675933301,3697160988,688797265,705714819,9521797538,9518265328,1591574628,1603936823,9208565922,9242133996,248301940,248229748,17161450553,17116466543",0,0,N/A,N/A,896050031,895436876,9338081693,9336744312,182592602,182551338,250312180,250683708,10837900086,10767298423,17124581476,17178352713",0,0,3314702983,3383992330,N/A,N/A,886608143,887220784,249556943,249136470,13562832093,13536955847,9242133995,9208567283,9181827713,9191507228",0,0,3697856106,3676695944,1422622963,1394036213,N/A,N/A,257236045,257359378,10859898975,10777874611,13536930720,13562877165,12051798263,12050317656",0,0,8750693188,8762144676,1394050376,1422624863,9518481376,9522063999,N/A,N/A,250726125,250502633,2333621974,2339980114,10994672084,10966660479",0,0,9423819847,9428534592,181726083,181894951,9336844288,9338142388,257359386,257236070,N/A,N/A,248229731,248301949,10966722298,10994756012",0,0,8764052862,8752968485,705714819,688797265,247002128,246664427,182550876,182592001,2370602145,2417256604,N/A,N/A,9172339491,9190376665",0,0,9428625443,9423784276,895436863,896050031,887221783,886610421,1603923304,1591549055,11283375094,11291437361,2339980113,2333621973,N/A,N/A"
1755378876,N/A,N/A,3675933301,3697160988,688797265,705714819,9521797538,9518265328,1591574628,1603936823,9208565922,9242133996,248301940,248229748,17161450553,17116466543",0,0,N/A,N/A,896050031,895436876,9338081693,9336744312,182592602,182551338,250312180,250683708,10837900086,10767298423,17124581476,17178352713",0,0,3314702983,3383992330,N/A,N/A,886608143,887220784,249556943,249136470,13562832093,13536955847,9242133995,9208567283,9181827713,9191507228",0,0,3697856106,3676695944,1422622963,1394036213,N/A,N/A,257236045,257359378,10859898975,10777874611,13536930720,13562877165,12051798263,12050317656",0,0,8750693188,8762144676,1394050376,1422624863,9518481376,9522063999,N/A,N/A,250726125,250502633,2333621974,2339980114,10994672084,10966660479",0,0,9423819847,9428534592,181726083,181894951,9336844288,9338142388,257359386,257236070,N/A,N/A,248229731,248301949,10966722298,10994756012",0,0,8764052862,8752968485,705714819,688797265,247002128,246664427,182550876,182592001,2370602145,2417256604,N/A,N/A,9172339491,9190376665",0,0,9428625443,9423784276,895436863,896050031,887221783,886610421,1603923304,1591549055,11283375094,11291437361,2339980113,2333621973,N/A,N/A"
1755378878,N/A,N/A,3675933301,3697160988,688797265,705714819,9521797538,9518265328,1591574628,1603936823,9208565922,9242133996,248301940,248229748,17161450553,17116466543",0,0,N/A,N/A,896050031,895436876,9338081693,9336744312,182592602,182551338,250312180,250683708,10837900086,10767298423,17124581476,17178352713",0,0,3314702983,3383992330,N/A,N/A,886608143,887220784,249556943,249136470,13562832093,13536955847,9242133995,9208567283,9181827713,9191507228",0,0,3697856106,3676695944,1422622963,1394036213,N/A,N/A,257236045,257359378,10859898975,10777874611,13536930720,13562877165,12051798263,12050317656",0,0,8750693188,8762144676,1394050376,1422624863,9518481376,9522063999,N/A,N/A,250726125,250502633,2333621974,2339980114,10994672084,10966660479",0,0,9423819847,9428534592,181726083,181894951,9336844288,9338142388,257359386,257236070,N/A,N/A,248229731,248301949,10966722298,10994756012",0,0,8764052862,8752968485,705714819,688797265,247002128,246664427,182550876,182592001,2370602145,2417256604,N/A,N/A,9172339491,9190376665",0,0,9428625443,9423784276,895436863,896050031,887221783,886610421,1603923304,1591549055,11283375094,11291437361,2339980113,2333621973,N/A,N/A"
1755378879,N/A,N/A,3675933301,3697160988,688797265,705714819,9521797538,9518265328,1591574628,1603936823,9208565922,9242133996,248301940,248229748,17161450553,17116466543",0,0,N/A,N/A,896050031,895436876,9338081693,9336744312,182592602,182551338,250312180,250683708,10837900086,10767298423,17124581476,17178352713",0,0,3314702983,3383992330,N/A,N/A,886608143,887220784,249556943,249136470,13562832093,13536955847,9242133995,9208567283,9181827713,9191507228",0,0,3697856106,3676695944,1422622963,1394036213,N/A,N/A,257236045,257359378,10859898975,10777874611,13536930720,13562877165,12051798263,12050317656",0,0,8750693188,8762144676,1394050376,1422624863,9518481376,9522063999,N/A,N/A,250726125,250502633,2333621974,2339980114,10994672084,10966660479",0,0,9423819847,9428534592,181726083,181894951,9336844288,9338142388,257359386,257236070,N/A,N/A,248229731,248301949,10966722298,10994756012",0,0,8764052862,8752968485,705714819,688797265,247002128,246664427,182550876,182592001,2370602145,2417256604,N/A,N/A,9172339491,9190376665",0,0,9428625443,9423784276,895436863,896050031,887221783,886610421,1603923304,1591549055,11283375094,11291437361,2339980113,2333621973,N/A,N/A"
1755378881,N/A,N/A,3675933301,3697160988,688797265,705714819,9521797538,9518265328,1591574628,1603936823,9208565922,9242133996,248301940,248229748,17161450553,17116466543",0,0,N/A,N/A,896050031,895436876,9338081693,9336744312,182592602,182551338,250312180,250683708,10837900086,10767298423,17124581476,17178352713",0,0,3314702983,3383992330,N/A,N/A,886608143,887220784,249556943,249136470,13562832093,13536955847,9242133995,9208567283,9181827713,9191507228",0,0,3697856106,3676695944,1422622963,1394036213,N/A,N/A,257236045,257359378,10859898975,10777874611,13536930720,13562877165,12051798263,12050317656",0,0,8750693188,8762144676,1394050376,1422624863,9518481376,9522063999,N/A,N/A,250726125,250502633,2333621974,2339980114,10994672084,10966660479",0,0,9423819847,9428534592,181726083,181894951,9336844288,9338142388,257359386,257236070,N/A,N/A,248229731,248301949,10966722298,10994756012",0,0,8764052862,8752968485,705714819,688797265,247002128,246664427,182550876,182592001,2370602145,2417256604,N/A,N/A,9172339491,9190376665",0,0,9428625443,9423784276,895436863,896050031,887221783,886610421,1603923304,1591549055,11283375094,11291437361,2339980113,2333621973,N/A,N/A"
1755378882,N/A,N/A,3675933301,3697160988,688797265,705714819,9521797538,9518265328,1591574628,1603936823,9208565922,9242133996,248301940,248229748,17161450553,17116466543",0,0,N/A,N/A,896050031,895436876,9338081693,9336744312,182592602,182551338,250312180,250683708,10837900086,10767298423,17124581476,17178352713",0,0,3314702983,3383992330,N/A,N/A,886608143,887220784,249556943,249136470,13562832093,13536955847,9242133995,9208567283,9181827713,9191507228",0,0,3697856106,3676695944,1422622963,1394036213,N/A,N/A,257236045,257359378,10859898975,10777874611,13536930720,13562877165,12051798263,12050317656",0,0,8750693188,8762144676,1394050376,1422624863,9518481376,9522063999,N/A,N/A,250726125,250502633,2333621974,2339980114,10994672084,10966660479",0,0,9423819847,9428534592,181726083,181894951,9336844288,9338142388,257359386,257236070,N/A,N/A,248229731,248301949,10966722298,10994756012",0,0,8764052862,8752968485,705714819,688797265,247002128,246664427,182550876,182592001,2370602145,2417256604,N/A,N/A,9172339491,9190376665",0,0,9428625443,9423784276,895436863,896050031,887221783,886610421,1603923304,1591549055,11283375094,11291437361,2339980113,2333621973,N/A,N/A"
1755378884,N/A,N/A,3675933301,3697160988,688797265,705714819,9521797538,9518265328,1591574628,1603936823,9208565922,9242133996,248301940,248229748,17161450553,17116466543",0,0,N/A,N/A,896050031,895436876,9338081693,9336744312,182592602,182551338,250312180,250683708,10837900086,10767298423,17124581476,17178352713",0,0,3314702983,3383992330,N/A,N/A,886608143,887220784,249556943,249136470,13562832093,13536955847,9242133995,9208567283,9181827713,9191507228",0,0,3697856106,3676695944,1422622963,1394036213,N/A,N/A,257236045,257359378,10859898975,10777874611,13536930720,13562877165,12051798263,12050317656",0,0,8750693188,8762144676,1394050376,1422624863,9518481376,9522063999,N/A,N/A,250726125,250502633,2333621974,2339980114,10994672084,10966660479",0,0,9423819847,9428534592,181726083,181894951,9336844288,9338142388,257359386,257236070,N/A,N/A,248229731,248301949,10966722298,10994756012",0,0,8764052862,8752968485,705714819,688797265,247002128,246664427,182550876,182592001,2370602145,2417256604,N/A,N/A,9172339491,9190376665",0,0,9428625443,9423784276,895436863,896050031,887221783,886610421,1603923304,1591549055,11283375094,11291437361,2339980113,2333621973,N/A,N/A"
1755378885,N/A,N/A,3675933301,3697160988,688797265,705714819,9521797538,9518265328,1591574628,1603936823,9208565922,9242133996,248301940,248229748,17161450553,17116466543",0,0,N/A,N/A,896050031,895436876,9338081693,9336744312,182592602,182551338,250312180,250683708,10837900086,10767298423,17124581476,17178352713",0,0,3314702983,3383992330,N/A,N/A,886608143,887220784,249556943,249136470,13562832093,13536955847,9242133995,9208567283,9181827713,9191507228",0,0,3697856106,3676695944,1422622963,1394036213,N/A,N/A,257236045,257359378,10859898975,10777874611,13536930720,13562877165,12051798263,12050317656",0,0,8750693188,8762144676,1394050376,1422624863,9518481376,9522063999,N/A,N/A,250726125,250502633,2333621974,2339980114,10994672084,10966660479",0,0,9423819847,9428534592,181726083,181894951,9336844288,9338142388,257359386,257236070,N/A,N/A,248229731,248301949,10966722298,10994756012",0,0,8764052862,8752968485,705714819,688797265,247002128,246664427,182550876,182592001,2370602145,2417256604,N/A,N/A,9172339491,9190376665",0,0,9428625443,9423784276,895436863,896050031,887221783,886610421,1603923304,1591549055,11283375094,11291437361,2339980113,2333621973,N/A,N/A"
1755378887,N/A,N/A,3675933301,3697160988,688797265,705714819,9521797538,9518265328,1591574628,1603936823,9208565922,9242133996,248301940,248229748,17161450553,17116466543",0,0,N/A,N/A,896050031,895436876,9338081693,9336744312,182592602,182551338,250312180,250683708,10837900086,10767298423,17124581476,17178352713",0,0,3314702983,3383992330,N/A,N/A,886608143,887220784,249556943,249136470,13562832093,13536955847,9242133995,9208567283,9181827713,9191507228",0,0,3697856106,3676695944,1422622963,1394036213,N/A,N/A,257236045,257359378,10859898975,10777874611,13536930720,13562877165,12051798263,12050317656",0,0,8750693188,8762144676,1394050376,1422624863,9518481376,9522063999,N/A,N/A,250726125,250502633,2333621974,2339980114,10994672084,10966660479",0,0,9423819847,9428534592,181726083,181894951,9336844288,9338142388,257359386,257236070,N/A,N/A,248229731,248301949,10966722298,10994756012",0,0,8764052862,8752968485,705714819,688797265,247002128,246664427,182550876,182592001,2370602145,2417256604,N/A,N/A,9172339491,9190376665",0,0,9428625443,9423784276,895436863,896050031,887221783,886610421,1603923304,1591549055,11283375094,11291437361,2339980113,2333621973,N/A,N/A"
1755378888,N/A,N/A,3675933301,3697160988,688797265,705714819,9521797538,9518265328,1591574628,1603936823,9208565922,9242133996,248301940,248229748,17161450553,17116466543",0,0,N/A,N/A,896050031,895436876,9338081693,9336744312,182592602,182551338,250312180,250683708,10837900086,10767298423,17124581476,17178352713",0,0,3314702983,3383992330,N/A,N/A,886608143,887220784,249556943,249136470,13562832093,13536955847,9242133995,9208567283,9181827713,9191507228",0,0,3697856106,3676695944,1422622963,1394036213,N/A,N/A,257236045,257359378,10859898975,10777874611,13536930720,13562877165,12051798263,12050317656",0,0,8750693188,8762144676,1394050376,1422624863,9518481376,9522063999,N/A,N/A,250726125,250502633,2333621974,2339980114,10994672084,10966660479",0,0,9423819847,9428534592,181726083,181894951,9336844288,9338142388,257359386,257236070,N/A,N/A,248229731,248301949,10966722298,10994756012",0,0,8764052862,8752968485,705714819,688797265,247002128,246664427,182550876,182592001,2370602145,2417256604,N/A,N/A,9172339491,9190376665",0,0,9428625443,9423784276,895436863,896050031,887221783,886610421,1603923304,1591549055,11283375094,11291437361,2339980113,2333621973,N/A,N/A"
1755378890,N/A,N/A,3675933301,3697160988,688797265,705714819,9521797538,9518265328,1591574628,1603936823,9208565922,9242133996,248301940,248229748,17161450553,17116466543",0,0,N/A,N/A,896050031,895436876,9338081693,9336744312,182592602,182551338,250312180,250683708,10837900086,10767298423,17124581476,17178352713",0,0,3314702983,3383992330,N/A,N/A,886608143,887220784,249556943,249136470,13562832093,13536955847,9242133995,9208567283,9181827713,9191507228",0,0,3697856106,3676695944,1422622963,1394036213,N/A,N/A,257236045,257359378,10859898975,10777874611,13536930720,13562877165,12051798263,12050317656",0,0,8750693188,8762144676,1394050376,1422624863,9518481376,9522063999,N/A,N/A,250726125,250502633,2333621974,2339980114,10994672084,10966660479",0,0,9423819847,9428534592,181726083,181894951,9336844288,9338142388,257359386,257236070,N/A,N/A,248229731,248301949,10966722298,10994756012",0,0,8764052862,8752968485,705714819,688797265,247002128,246664427,182550876,182592001,2370602145,2417256604,N/A,N/A,9172339491,9190376665",0,0,9428625443,9423784276,895436863,896050031,887221783,886610421,1603923304,1591549055,11283375094,11291437361,2339980113,2333621973,N/A,N/A"
1755378891,N/A,N/A,3675933301,3697160988,688797265,705714819,9521797538,9518265328,1591574628,1603936823,9208565922,9242133996,248301940,248229748,17161450553,17116466543",0,0,N/A,N/A,896050031,895436876,9338081693,9336744312,182592602,182551338,250312180,250683708,10837900086,10767298423,17124581476,17178352713",0,0,3314702983,3383992330,N/A,N/A,886608143,887220784,249556943,249136470,13562832093,13536955847,9242133995,9208567283,9181827713,9191507228",0,0,3697856106,3676695944,1422622963,1394036213,N/A,N/A,257236045,257359378,10859898975,10777874611,13536930720,13562877165,12051798263,12050317656",0,0,8750693188,8762144676,1394050376,1422624863,9518481376,9522063999,N/A,N/A,250726125,250502633,2333621974,2339980114,10994672084,10966660479",0,0,9423819847,9428534592,181726083,181894951,9336844288,9338142388,257359386,257236070,N/A,N/A,248229731,248301949,10966722298,10994756012",0,0,8764052862,8752968485,705714819,688797265,247002128,246664427,182550876,182592001,2370602145,2417256604,N/A,N/A,9172339491,9190376665",0,0,9428625443,9423784276,895436863,896050031,887221783,886610421,1603923304,1591549055,11283375094,11291437361,2339980113,2333621973,N/A,N/A"
1755378893,N/A,N/A,3675933301,3697160988,688797265,705714819,9521797538,9518265328,1591574628,1603936823,9208565922,9242133996,248301940,248229748,17161450553,17116466543",0,0,N/A,N/A,896050031,895436876,9338081693,9336744312,182592602,182551338,250312180,250683708,10837900086,10767298423,17124581476,17178352713",0,0,3314702983,3383992330,N/A,N/A,886608143,887220784,249556943,249136470,13562832093,13536955847,9242133995,9208567283,9181827713,9191507228",0,0,3697856106,3676695944,1422622963,1394036213,N/A,N/A,257236045,257359378,10859898975,10777874611,13536930720,13562877165,12051798263,12050317656",0,0,8750693188,8762144676,1394050376,1422624863,9518481376,9522063999,N/A,N/A,250726125,250502633,2333621974,2339980114,10994672084,10966660479",0,0,9423819847,9428534592,181726083,181894951,9336844288,9338142388,257359386,257236070,N/A,N/A,248229731,248301949,10966722298,10994756012",0,0,8764052862,8752968485,705714819,688797265,247002128,246664427,182550876,182592001,2370602145,2417256604,N/A,N/A,9172339491,9190376665",0,0,9428625443,9423784276,895436863,896050031,887221783,886610421,1603923304,1591549055,11283375094,11291437361,2339980113,2333621973,N/A,N/A"
1755378894,N/A,N/A,3675933301,3697160988,688797265,705714819,9521797538,9518265328,1591574628,1603936823,9208565922,9242133996,248301940,248229748,17161450553,17116466543",0,0,N/A,N/A,896050031,895436876,9338081693,9336744312,182592602,182551338,250312180,250683708,10837900086,10767298423,17124581476,17178352713",0,0,3314702983,3383992330,N/A,N/A,886608143,887220784,249556943,249136470,13562832093,13536955847,9242133995,9208567283,9181827713,9191507228",0,0,3697856106,3676695944,1422622963,1394036213,N/A,N/A,257236045,257359378,10859898975,10777874611,13536930720,13562877165,12051798263,12050317656",0,0,8750693188,8762144676,1394050376,1422624863,9518481376,9522063999,N/A,N/A,250726125,250502633,2333621974,2339980114,10994672084,10966660479",0,0,9423819847,9428534592,181726083,181894951,9336844288,9338142388,257359386,257236070,N/A,N/A,248229731,248301949,10966722298,10994756012",0,0,8764052862,8752968485,705714819,688797265,247002128,246664427,182550876,182592001,2370602145,2417256604,N/A,N/A,9172339491,9190376665",0,0,9428625443,9423784276,895436863,896050031,887221783,886610421,1603923304,1591549055,11283375094,11291437361,2339980113,2333621973,N/A,N/A"
1755378896,N/A,N/A,3675933301,3697160988,688797265,705714819,9521797538,9518265328,1591574628,1603936823,9208565922,9242133996,248301940,248229748,17161450553,17116466543",0,0,N/A,N/A,896050031,895436876,9338081693,9336744312,182592602,182551338,250312180,250683708,10837900086,10767298423,17124581476,17178352713",0,0,3314702983,3383992330,N/A,N/A,886608143,887220784,249556943,249136470,13562832093,13536955847,9242133995,9208567283,9181827713,9191507228",0,0,3697856106,3676695944,1422622963,1394036213,N/A,N/A,257236045,257359378,10859898975,10777874611,13536930720,13562877165,12051798263,12050317656",0,0,8750693188,8762144676,1394050376,1422624863,9518481376,9522063999,N/A,N/A,250726125,250502633,2333621974,2339980114,10994672084,10966660479",0,0,9423819847,9428534592,181726083,181894951,9336844288,9338142388,257359386,257236070,N/A,N/A,248229731,248301949,10966722298,10994756012",0,0,8764052862,8752968485,705714819,688797265,247002128,246664427,182550876,182592001,2370602145,2417256604,N/A,N/A,9172339491,9190376665",0,0,9428625443,9423784276,895436863,896050031,887221783,886610421,1603923304,1591549055,11283375094,11291437361,2339980113,2333621973,N/A,N/A"
1755378897,N/A,N/A,3675933301,3697160988,688797265,705714819,9521797538,9518265328,1591574628,1603936823,9208565922,9242133996,248301940,248229748,17161450553,17116466543",0,0,N/A,N/A,896050031,895436876,9338081693,9336744312,182592602,182551338,250312180,250683708,10837900086,10767298423,17124581476,17178352713",0,0,3314702983,3383992330,N/A,N/A,886608143,887220784,249556943,249136470,13562832093,13536955847,9242133995,9208567283,9181827713,9191507228",0,0,3697856106,3676695944,1422622963,1394036213,N/A,N/A,257236045,257359378,10859898975,10777874611,13536930720,13562877165,12051798263,12050317656",0,0,8750693188,8762144676,1394050376,1422624863,9518481376,9522063999,N/A,N/A,250726125,250502633,2333621974,2339980114,10994672084,10966660479",0,0,9423819847,9428534592,181726083,181894951,9336844288,9338142388,257359386,257236070,N/A,N/A,248229731,248301949,10966722298,10994756012",0,0,8764052862,8752968485,705714819,688797265,247002128,246664427,182550876,182592001,2370602145,2417256604,N/A,N/A,9172339491,9190376665",0,0,9428625443,9423784276,895436863,896050031,887221783,886610421,1603923304,1591549055,11283375094,11291437361,2339980113,2333621973,N/A,N/A"
1755378898,N/A,N/A,3675933301,3697160988,688797265,705714819,9521797538,9518265328,1591574628,1603936823,9208565922,9242133996,248301940,248229748,17161450553,17116466543",0,0,N/A,N/A,896050031,895436876,9338081693,9336744312,182592602,182551338,250312180,250683708,10837900086,10767298423,17124581476,17178352713",0,0,3314702983,3383992330,N/A,N/A,886608143,887220784,249556943,249136470,13562832093,13536955847,9242133995,9208567283,9181827713,9191507228",0,0,3697856106,3676695944,1422622963,1394036213,N/A,N/A,257236045,257359378,10859898975,10777874611,13536930720,13562877165,12051798263,12050317656",0,0,8750693188,8762144676,1394050376,1422624863,9518481376,9522063999,N/A,N/A,250726125,250502633,2333621974,2339980114,10994672084,10966660479",0,0,9423819847,9428534592,181726083,181894951,9336844288,9338142388,257359386,257236070,N/A,N/A,248229731,248301949,10966722298,10994756012",0,0,8764052862,8752968485,705714819,688797265,247002128,246664427,182550876,182592001,2370602145,2417256604,N/A,N/A,9172339491,9190376665",0,0,9428625443,9423784276,895436863,896050031,887221783,886610421,1603923304,1591549055,11283375094,11291437361,2339980113,2333621973,N/A,N/A"
1755378900,N/A,N/A,3675933301,3697160988,688797265,705714819,9521797538,9518265328,1591574628,1603936823,9208565922,9242133996,248301940,248229748,17161450553,17116466543",0,0,N/A,N/A,896050031,895436876,9338081693,9336744312,182592602,182551338,250312180,250683708,10837900086,10767298423,17124581476,17178352713",0,0,3314702983,3383992330,N/A,N/A,886608143,887220784,249556943,249136470,13562832093,13536955847,9242133995,9208567283,9181827713,9191507228",0,0,3697856106,3676695944,1422622963,1394036213,N/A,N/A,257236045,257359378,10859898975,10777874611,13536930720,13562877165,12051798263,12050317656",0,0,8750693188,8762144676,1394050376,1422624863,9518481376,9522063999,N/A,N/A,250726125,250502633,2333621974,2339980114,10994672084,10966660479",0,0,9423819847,9428534592,181726083,181894951,9336844288,9338142388,257359386,257236070,N/A,N/A,248229731,248301949,10966722298,10994756012",0,0,8764052862,8752968485,705714819,688797265,247002128,246664427,182550876,182592001,2370602145,2417256604,N/A,N/A,9172339491,9190376665",0,0,9428625443,9423784276,895436863,896050031,887221783,886610421,1603923304,1591549055,11283375094,11291437361,2339980113,2333621973,N/A,N/A"
