Timestamp,GPU
1755869808,1787040806
1755869809,1787040806
1755869810,1787040806
1755869811,1787040806
1755869812,1787040806
1755869814,1787040806
1755869815,1787040806
1755869816,1787040806
1755869817,1787040806
1755869818,1787040806
1755869819,1787046390
1755869820,1787046406
1755869821,1787046492
1755869822,1787046580
1755869823,1787046669
1755869825,1787046757
1755869826,1787046848
1755869827,1787046936
1755869828,1787047024
1755869829,1787047112
1755869830,1787047203
1755869831,1787047291
1755869832,1787047380
1755869833,1787047466
1755869834,1787047554
1755869835,1787047642
1755869837,1787047733
1755869838,1787047821
1755869839,1787047909
1755869840,1787048000
1755869841,1787048088
1755869842,1787048176
1755869843,1787048264
1755869844,1787048353
1755869845,1787048441
1755869846,1787048529
1755869848,1787048618
1755869849,1787048755
1755869850,1787048755
1755869851,1787048755
1755869852,1787048755
1755869853,1787048755
1755869854,1787048755
1755869855,1787048755
1755869856,1787048755
1755869857,1787048755
1755869858,1787048755
1755869860,1787048755
1755869861,1787048755
1755869862,1787048755
1755869863,1787048755
1755869864,1787048755
1755869865,1787048755
1755869866,1787048755
1755869867,1787048755
1755869868,1787048777
1755869869,1787048869
1755869870,1787048959
1755869872,1787049049
1755869873,1787049137
1755869874,1787049226
1755869875,1787049316
1755869876,1787049402
1755869877,1787049490
1755869878,1787049581
1755869879,1787049667
1755869880,1787049756
1755869881,1787049846
1755869883,1787049934
1755869884,1787050014
1755869885,1787050100
1755869886,1787050187
1755869887,1787050274
1755869888,1787050290
1755869889,1787050290
1755869890,1787050354
1755869891,1787050441
1755869892,1787050495
1755869894,1787050495
1755869895,1787050495
1755869896,1787050495
1755869898,1787050495
1755869899,1787050495
1755869901,1787050495
1755869902,1787050495
1755869904,1787050495
1755869905,1787050495
1755869907,1787050495
1755869909,1787050495
1755869910,1787050495
1755869911,1787050495
1755869913,1787050495
1755869915,1787050495
1755869916,1787050495
1755869918,1787050495
1755869919,1787050495
1755869921,1787050495
1755869922,1787050495
1755869924,1787050495
1755869925,1787050495
1755869927,1787050495
1755869928,1787050495
1755869930,1787050495
1755869931,1787050495
1755869932,1787050495
1755869934,1787050495
1755869936,1787050495
1755869937,1787050495
1755869939,1787050495
1755869940,1787050495
1755869941,1787050495
1755869943,1787050495
1755869944,1787050495
1755869946,1787050495
1755869947,1787050495
1755869949,1787050495
1755869950,1787050495
1755869952,1787050495
1755869953,1787050495
1755869955,1787050495
1755869956,1787050495
1755869958,1787050495
1755869959,1787050495
1755869961,1787050495
1755869962,1787050495
1755869964,1787050495
1755869965,1787050495
1755869967,1787050495
1755869968,1787050495
1755869970,1787050495
1755869971,1787050495
1755869973,1787050495
1755869974,1787050495
1755869976,1787050495
1755869977,1787050495
1755869979,1787050495
1755869980,1787050495
1755869982,1787050495
1755869983,1787050495
1755869985,1787050495
1755869986,1787050495
1755869988,1787050495
1755869989,1787050495
1755869991,1787050495
1755869992,1787050495
1755869994,1787050495
1755869995,1787050495
1755869997,1787050495
1755869998,1787050495
1755870000,1787050495
1755870001,1787050495
1755870003,1787050495
1755870004,1787050495
1755870006,1787050495
1755870007,1787050495
1755870009,1787050495
1755870010,1787050495
1755870012,1787050495
1755870013,1787050495
1755870015,1787050495
1755870016,1787050495
1755870018,1787050495
1755870019,1787050495
1755870020,1787050495
1755870022,1787050495
1755870023,1787050495
1755870025,1787050495
1755870026,1787050495
1755870028,1787050495
1755870029,1787050495
1755870031,1787050495
1755870032,1787050495
1755870034,1787050495
1755870035,1787050495
1755870037,1787050495
1755870038,1787050495
1755870040,1787050495
1755870041,1787050495
1755870043,1787050495
1755870044,1787050495
1755870046,1787050495
1755870047,1787050495
1755870049,1787050495
1755870050,1787050495
1755870052,1787050495
1755870053,1787050495
1755870055,1787050495
1755870056,1787050495
1755870058,1787050495
1755870059,1787050495
1755870061,1787050495
1755870062,1787050495
1755870064,1787050495
1755870065,1787050495
1755870067,1787050495
1755870068,1787050495
1755870070,1787050495
1755870071,1787050495
1755870073,1787050495
1755870074,1787050495
1755870076,1787050495
1755870077,1787050495
1755870079,1787050495
1755870080,1787050495
1755870082,1787050495
1755870083,1787050495
1755870085,1787050495
1755870086,1787050495
1755870088,1787050495
1755870089,1787050495
1755870091,1787050495
1755870092,1787050495
1755870094,1787050495
1755870095,1787050495
1755870097,1787050495
1755870098,1787050495
1755870100,1787050495
1755870101,1787050495
1755870103,1787050495
1755870104,1787050495
1755870106,1787050495
1755870107,1787050495
1755870109,1787050495
1755870110,1787050495
1755870112,1787050495
1755870113,1787050495
1755870114,1787050495
1755870116,1787050495
1755870117,1787050495
1755870119,1787050495
1755870120,1787050495
1755870122,1787050495
1755870123,1787050495
1755870125,1787050495
1755870126,1787050495
1755870128,1787050495
1755870129,1787050495
1755870131,1787050495
1755870132,1787050495
1755870134,1787050495
1755870135,1787050495
1755870137,1787050495
1755870138,1787050495
1755870140,1787050495
1755870141,1787050495
1755870142,1787050495
1755870144,1787050495
1755870145,1787050495
1755870147,1787050495
1755870148,1787050495
1755870150,1787050495
1755870151,1787050495
1755870153,1787050495
1755870154,1787050495
1755870156,1787050495
1755870157,1787050495
1755870159,1787050495
1755870160,1787050495
1755870162,1787050495
1755870163,1787050495
1755870165,1787050495
1755870166,1787050495
1755870168,1787050495
1755870169,1787050495
1755870171,1787050495
1755870172,1787050495
1755870173,1787050495
1755870175,1787050495
1755870176,1787050495
1755870178,1787050495
1755870179,1787050495
1755870181,1787050495
1755870182,1787050495
1755870184,1787050495
1755870185,1787050495
1755870187,1787050495
1755870188,1787050495
1755870190,1787050495
1755870191,1787050495
1755870193,1787050495
1755870194,1787050495
1755870196,1787050495
1755870197,1787050495
1755870199,1787050495
1755870200,1787050495
1755870202,1787050495
1755870203,1787050495
1755870205,1787050495
1755870206,1787050495
1755870208,1787050495
1755870209,1787050495
1755870211,1787050495
1755870212,1787050495
1755870214,1787050495
1755870215,1787050495
1755870217,1787050495
1755870218,1787050495
1755870220,1787050495
1755870221,1787050495
1755870223,1787050495
1755870224,1787050495
1755870226,1787050495
1755870227,1787050495
1755870229,1787050495
1755870230,1787050495
1755870232,1787050495
1755870233,1787050495
1755870235,1787050495
1755870236,1787050495
1755870238,1787050495
1755870239,1787050495
1755870241,1787050495
1755870242,1787050495
1755870244,1787050495
1755870245,1787050495
1755870247,1787050495
1755870248,1787050495
1755870250,1787050495
1755870251,1787050495
1755870253,1787050495
1755870254,1787050495
1755870256,1787050495
1755870257,1787050495
1755870259,1787050495
1755870260,1787050495
1755870261,1787050495
1755870263,1787050495
1755870264,1787050495
1755870266,1787050495
1755870267,1787050495
1755870269,1787050495
1755870270,1787050495
1755870272,1787050495
1755870273,1787050495
1755870275,1787050495
1755870276,1787050495
1755870278,1787050495
1755870279,1787050495
1755870281,1787050495
1755870282,1787050495
1755870284,1787050495
1755870285,1787050495
1755870287,1787050495
1755870288,1787050495
1755870290,1787050495
1755870291,1787050495
1755870293,1787050495
1755870294,1787050495
1755870296,1787050495
1755870297,1787050495
1755870299,1787050495
1755870300,1787050495
1755870302,1787050495
1755870303,1787050495
1755870305,1787050495
1755870306,1787050495
1755870308,1787050495
1755870309,1787050495
1755870311,1787050495
1755870312,1787050495
1755870314,1787050495
1755870315,1787050495
1755870317,1787050495
1755870318,1787050495
1755870320,1787050495
1755870321,1787050495
1755870323,1787050495
1755870324,1787050495
1755870326,1787050495
1755870327,1787050495
1755870329,1787050495
1755870330,1787050495
1755870332,1787050495
1755870333,1787050495
1755870335,1787050495
1755870336,1787050495
1755870338,1787050495
1755870339,1787050495
1755870340,1787050495
1755870342,1787050495
1755870343,1787050495
1755870345,1787050495
1755870346,1787050495
1755870348,1787050495
1755870349,1787050495
1755870350,1787050495
1755870352,1787050495
1755870353,1787050495
1755870355,1787050495
1755870356,1787050495
1755870358,1787050495
1755870359,1787050495
1755870361,1787050495
1755870362,1787050495
1755870364,1787050495
1755870365,1787050495
1755870367,1787050495
1755870368,1787050495
1755870370,1787050495
1755870371,1787050495
1755870373,1787050495
1755870374,1787050495
1755870375,1787050495
1755870377,1787050495
1755870378,1787050495
1755870380,1787050495
1755870381,1787050495
1755870383,1787050495
1755870384,1787050495
1755870386,1787050495
1755870387,1787050495
1755870389,1787050495
1755870390,1787050495
1755870392,1787050495
1755870393,1787050495
1755870395,1787050495
1755870396,1787050495
1755870398,1787050495
1755870399,1787050495
1755870401,1787050495
1755870402,1787050495
1755870404,1787050495
1755870405,1787050495
1755870407,1787050495
1755870408,1787050495
1755870410,1787050495
1755870411,1787050495
1755870413,1787050495
1755870414,1787050495
1755870416,1787050495
1755870417,1787050495
1755870419,1787050495
1755870420,1787050495
1755870422,1787050495
1755870423,1787050495
1755870424,1787050495
1755870426,1787050495
1755870427,1787050495
1755870429,1787050495
1755870430,1787050495
1755870432,1787050495
1755870433,1787050495
1755870435,1787050495
1755870436,1787050495
1755870438,1787050495
1755870440,1787050495
1755870441,1787050495
1755870443,1787050495
1755870444,1787050495
1755870446,1787050495
1755870447,1787050495
1755870448,1787050495
1755870449,1787050495
1755870451,1787050495
1755870452,1787050495
1755870453,1787050495
1755870455,1787050495
1755870456,1787050495
1755870458,1787050495
1755870459,1787050495
1755870460,1787050495
1755870462,1787050495
1755870463,1787050495
1755870465,1787050495
1755870466,1787050495
1755870467,1787050495
1755870469,1787050495
1755870470,1787050495
1755870472,1787050495
1755870473,1787050495
1755870474,1787050495
1755870475,1787050495
1755870477,1787050495
1755870478,1787050495
1755870479,1787050495
1755870480,1787050495
1755870482,1787050495
1755870483,1787050495
1755870484,1787050495
1755870485,1787050495
1755870487,1787050495
1755870488,1787050495
1755870489,1787050495
1755870490,1787050495
1755870492,1787050495
1755870493,1787050495
1755870494,1787050495
1755870495,1787050495
1755870496,1787050495
1755870498,1787050495
1755870499,1787050495
1755870500,1787050495
1755870501,1787050495
1755870502,1787050495
1755870504,1787050495
1755870505,1787050495
1755870506,1787050495
1755870507,1787050495
1755870509,1787050495
1755870510,1787050495
1755870511,1787050495
1755870512,1787050495
1755870514,1787050495
1755870515,1787050495
1755870516,1787050495
1755870517,1787050495
1755870518,1787050495
1755870520,1787050495
1755870521,1787050495
1755870522,1787050495
1755870523,1787050495
1755870524,1787050495
1755870526,1787050495
1755870527,1787050495
1755870528,1787050495
1755870529,1787050495
1755870530,1787050495
1755870532,1787050495
1755870533,1787050495
1755870534,1787050495
1755870535,1787050495
1755870536,1787050495
1755870538,1787050495
1755870539,1787050495
1755870540,1787050495
1755870541,1787050495
1755870542,1787050495
1755870544,1787050495
1755870545,1787050495
1755870546,1787050495
1755870547,1787050495
1755870548,1787050495
1755870550,1787050495
1755870551,1787050495
1755870552,1787050495
1755870553,1787050495
1755870554,1787050495
1755870556,1787050495
1755870557,1787050495
1755870558,1787050495
1755870559,1787050495
1755870560,1787050495
1755870562,1787050495
1755870563,1787050495
1755870564,1787050495
1755870565,1787050495
1755870566,1787050495
1755870568,1787050495
1755870569,1787050495
1755870570,1787050495
1755870571,1787050495
1755870572,1787050495
1755870574,1787050495
1755870575,1787050495
1755870576,1787050495
1755870577,1787050495
1755870578,1787050495
1755870580,1787050495
1755870581,1787050495
1755870582,1787050495
1755870583,1787050495
1755870584,1787050495
1755870585,1787050495
1755870587,1787050495
1755870588,1787050495
1755870589,1787050495
1755870590,1787050495
1755870591,1787050495
1755870593,1787050495
1755870594,1787050495
1755870595,1787050495
1755870596,1787050495
1755870597,1787050495
1755870599,1787050495
1755870600,1787050495
1755870601,1787050495
1755870602,1787050495
1755870603,1787050495
1755870604,1787050495
1755870606,1787050495
1755870607,1787050495
1755870608,1787050495
1755870609,1787050495
1755870610,1787050495
1755870611,1787050495
1755870613,1787050495
1755870614,1787050495
1755870615,1787050495
1755870616,1787050495
1755870617,1787050495
1755870618,1787050495
1755870619,1787050495
1755870621,1787050495
1755870622,1787050495
1755870623,1787050495
1755870624,1787050495
1755870625,1787050495
1755870626,1787050495
1755870627,1787050495
1755870629,1787050495
1755870630,1787050495
1755870631,1787050495
1755870632,1787050495
1755870633,1787050495
1755870634,1787050495
1755870635,1787050495
1755870637,1787050495
1755870638,1787050495
1755870639,1787050495
1755870640,1787050495
1755870641,1787050495
1755870642,1787050495
1755870643,1787050495
1755870644,1787050495
1755870646,1787050495
1755870647,1787050495
1755870648,1787050495
1755870649,1787050495
1755870650,1787050495
1755870651,1787050495
1755870652,1787050495
1755870653,1787050495
1755870655,1787050495
1755870656,1787050495
1755870657,1787050495
1755870658,1787050495
1755870659,1787050495
1755870660,1787050495
1755870661,1787050495
1755870662,1787050495
1755870663,1787050495
1755870664,1787050495
1755870666,1787050495
1755870667,1787050495
1755870668,1787050495
1755870669,1787050495
1755870670,1787050495
1755870671,1787050495
1755870672,1787050495
1755870673,1787050495
1755870674,1787050495
1755870675,1787050495
1755870677,1787050495
1755870678,1787050495
1755870679,1787050495
1755870680,1787050495
1755870681,1787050495
1755870682,1787050495
1755870683,1787050495
1755870684,1787050495
1755870685,1787050495
1755870687,1787050495
1755870688,1787050495
1755870689,1787050495
1755870690,1787050495
1755870691,1787050495
1755870692,1787050495
1755870693,1787050495
1755870694,1787050495
1755870695,1787050495
1755870696,1787050495
1755870698,1787050495
1755870699,1787050495
1755870700,1787050495
1755870701,1787050495
1755870702,1787050495
1755870703,1787050495
1755870704,1787050495
1755870705,1787050495
1755870706,1787050495
1755870708,1787050495
1755870709,1787050495
1755870710,1787050495
1755870711,1787050495
1755870712,1787050495
1755870713,1787050495
1755870714,1787050495
1755870715,1787050495
1755870716,1787050495
1755870717,1787050495
1755870719,1787050495
1755870720,1787050495
1755870721,1787050495
1755870722,1787050495
1755870723,1787050495
1755870724,1787050495
1755870725,1787050495
1755870726,1787050495
1755870727,1787050495
1755870728,1787050495
1755870730,1787050495
1755870731,1787050495
1755870732,1787050495
1755870734,1787050495
1755870735,1787050495
1755870736,1787050495
1755870738,1787050495
1755870739,1787050495
1755870741,1787050495
1755870742,1787050495
1755870744,1787050495
1755870745,1787050495
1755870747,1787050495
1755870748,1787050495
1755870750,1787050495
1755870751,1787050495
1755870753,1787050495
1755870754,1787050495
1755870756,1787050495
1755870757,1787050495
1755870759,1787050495
1755870760,1787050495
1755870762,1787050495
1755870763,1787050495
1755870765,1787050495
1755870766,1787050495
1755870768,1787050495
1755870769,1787050495
1755870770,1787050495
1755870772,1787050495
1755870774,1787050495
1755870775,1787050495
1755870777,1787050495
1755870778,1787050495
1755870779,1787050495
1755870781,1787050495
1755870782,1787050495
1755870784,1787050495
1755870785,1787050495
1755870787,1787050495
1755870788,1787050495
1755870790,1787050495
1755870791,1787050495
1755870793,1787050495
1755870794,1787050495
1755870796,1787050495
1755870797,1787050495
1755870798,1787050495
1755870799,1787050495
1755870801,1787050495
1755870802,1787050495
1755870803,1787050495
1755870804,1787050495
1755870805,1787050495
1755870807,1787050495
1755870808,1787050495
1755870809,1787050495
1755870810,1787050495
1755870811,1787050495
1755870812,1787050495
1755870813,1787050495
1755870814,1787050495
1755870816,1787050495
1755870817,1787050495
1755870818,1787050495
1755870819,1787050495
1755870820,1787050495
1755870821,1787050495
1755870822,1787050495
1755870823,1787050495
1755870824,1787050495
1755870825,1787050495
1755870827,1787050495
1755870828,1787050495
1755870829,1787050495
1755870830,1787050495
1755870832,1787050495
1755870833,1787050495
1755870834,1787050495
1755870835,1787050495
1755870836,1787050495
1755870837,1787050495
1755870838,1787050495
1755870840,1787050495
1755870841,1787050495
1755870842,1787050495
1755870843,1787050495
1755870844,1787050495
1755870845,1787050495
1755870846,1787050495
1755870847,1787050495
1755870848,1787050495
1755870850,1787050495
1755870851,1787050495
1755870852,1787050495
1755870853,1787050495
1755870854,1787050495
1755870855,1787050495
1755870856,1787050495
1755870857,1787050495
1755870858,1787050495
1755870859,1787050495
1755870861,1787050495
1755870862,1787050495
1755870863,1787050495
1755870864,1787050495
1755870865,1787050495
1755870866,1787050495
1755870867,1787050495
1755870868,1787050495
1755870870,1787050495
1755870871,1787050495
1755870872,1787050495
1755870873,1787050495
1755870874,1787050495
1755870875,1787050495
1755870876,1787050495
1755870877,1787050495
1755870878,1787050495
1755870879,1787050495
1755870881,1787050495
1755870882,1787050495
1755870883,1787050495
1755870884,1787050495
1755870885,1787050495
1755870886,1787050495
1755870887,1787050495
1755870888,1787050495
1755870889,1787050495
1755870890,1787050495
1755870892,1787050495
1755870893,1787050495
1755870894,1787050495
1755870895,1787050495
1755870896,1787050495
1755870897,1787050495
1755870898,1787050495
1755870899,1787050495
1755870901,1787050495
1755870902,1787050495
1755870903,1787050495
1755870904,1787050495
1755870905,1787050495
1755870906,1787050495
1755870907,1787050495
1755870908,1787050495
1755870909,1787050495
1755870910,1787050495
1755870911,1787050495
1755870913,1787050495
1755870914,1787050495
1755870915,1787050495
1755870916,1787050495
1755870917,1787050495
1755870918,1787050495
1755870919,1787050495
1755870920,1787050495
1755870921,1787050495
1755870922,1787050495
1755870924,1787050495
1755870925,1787050495
1755870926,1787050495
1755870927,1787050495
1755870928,1787050495
1755870929,1787050495
1755870931,1787050495
1755870932,1787050495
1755870933,1787050495
1755870934,1787050495
1755870935,1787050495
1755870936,1787050495
1755870937,1787050495
1755870938,1787050495
1755870939,1787050495
1755870940,1787050495
1755870941,1787050495
1755870943,1787050495
1755870944,1787050495
1755870945,1787050495
1755870946,1787050495
1755870947,1787050495
1755870948,1787050495
1755870949,1787050495
1755870950,1787050495
1755870951,1787050495
1755870952,1787050495
1755870954,1787050495
1755870955,1787050495
1755870956,1787050495
1755870957,1787050495
1755870958,1787050495
1755870959,1787050495
1755870960,1787050495
1755870961,1787050495
1755870962,1787050495
1755870964,1787050495
1755870965,1787050495
1755870966,1787050495
1755870967,1787050495
1755870968,1787050495
1755870969,1787050495
1755870970,1787050495
1755870971,1787050495
1755870972,1787050495
1755870973,1787050495
1755870975,1787050495
1755870976,1787050495
1755870977,1787050495
1755870978,1787050495
1755870979,1787050495
1755870980,1787050495
1755870981,1787050495
1755870982,1787050495
1755870984,1787050495
1755870985,1787050495
1755870986,1787050495
1755870987,1787050495
1755870988,1787050495
1755870989,1787050495
1755870990,1787050495
1755870991,1787050495
1755870992,1787050495
1755870993,1787050495
1755870994,1787050495
1755870996,1787050495
1755870997,1787050495
1755870998,1787050495
1755870999,1787050495
1755871000,1787050495
1755871001,1787050495
1755871002,1787050495
1755871003,1787050495
1755871004,1787050495
1755871006,1787050495
1755871007,1787050495
1755871008,1787050495
1755871009,1787050495
1755871010,1787050495
1755871011,1787050495
1755871012,1787050495
1755871013,1787050495
1755871014,1787050495
1755871015,1787050495
1755871017,1787050495
1755871018,1787050495
1755871019,1787050495
1755871020,1787050495
1755871021,1787050495
1755871022,1787050495
1755871023,1787050495
1755871024,1787050495
1755871025,1787050495
1755871026,1787050495
1755871028,1787050495
1755871029,1787050495
1755871030,1787050495
1755871031,1787050495
1755871032,1787050495
1755871033,1787050495
1755871034,1787050495
1755871035,1787050495
1755871036,1787050495
1755871038,1787050495
1755871039,1787050495
1755871040,1787050495
1755871041,1787050495
1755871042,1787050495
1755871043,1787050495
1755871044,1787050495
1755871045,1787050495
1755871046,1787050495
1755871047,1787050495
1755871049,1787050495
1755871050,1787050495
1755871051,1787050495
1755871052,1787050495
1755871053,1787050495
1755871054,1787050495
1755871055,1787050495
1755871056,1787050495
1755871057,1787050495
1755871058,1787050495
1755871059,1787050495
1755871061,1787050495
1755871062,1787050495
1755871063,1787050495
1755871064,1787050495
1755871065,1787050495
1755871066,1787050495
1755871067,1787050495
1755871068,1787050495
1755871069,1787050495
1755871071,1787050495
1755871072,1787050495
1755871073,1787050495
1755871074,1787050495
1755871075,1787050495
1755871076,1787050495
1755871077,1787050495
1755871078,1787050495
1755871079,1787050495
1755871080,1787050495
1755871082,1787050495
1755871083,1787050495
1755871084,1787050495
1755871085,1787050495
1755871086,1787050495
1755871087,1787050495
1755871088,1787050495
1755871089,1787050495
1755871090,1787050495
1755871092,1787050495
1755871093,1787050495
1755871094,1787050495
1755871095,1787050495
1755871096,1787050495
1755871097,1787050495
1755871098,1787050495
1755871099,1787050495
1755871100,1787050495
1755871101,1787050495
1755871103,1787050495
1755871104,1787050495
1755871105,1787050495
1755871106,1787050495
1755871107,1787050495
1755871108,1787050495
1755871109,1787050495
1755871110,1787050495
1755871111,1787050495
1755871112,1787050495
1755871114,1787050495
1755871115,1787050495
1755871116,1787050495
1755871117,1787050495
1755871118,1787050495
1755871119,1787050495
1755871120,1787050495
1755871121,1787050495
1755871122,1787050495
1755871124,1787050495
1755871125,1787050495
1755871126,1787050495
1755871127,1787050495
1755871128,1787050495
1755871129,1787050495
1755871130,1787050495
1755871131,1787050495
1755871132,1787050495
1755871133,1787050495
1755871135,1787050495
1755871136,1787050495
1755871137,1787050495
1755871138,1787050495
1755871139,1787050495
1755871140,1787050495
1755871141,1787050495
1755871142,1787050495
1755871143,1787050495
1755871145,1787050495
1755871146,1787050495
1755871147,1787050495
1755871148,1787050495
1755871149,1787050495
1755871150,1787050495
1755871151,1787050495
1755871152,1787050495
1755871153,1787050495
1755871154,1787050495
1755871156,1787050495
1755871157,1787050495
1755871158,1787050495
1755871159,1787050495
1755871160,1787050495
1755871161,1787050495
1755871162,1787050495
1755871163,1787050495
1755871164,1787050495
1755871165,1787050495
1755871167,1787050495
1755871168,1787050495
1755871169,1787050495
1755871170,1787050495
1755871171,1787050495
1755871172,1787050495
1755871173,1787050495
1755871174,1787050495
1755871175,1787050495
1755871176,1787050495
1755871178,1787050495
1755871179,1787050495
1755871180,1787050495
1755871181,1787050495
1755871182,1787050495
1755871183,1787050495
1755871184,1787050495
1755871185,1787050495
1755871186,1787050495
1755871187,1787050495
1755871189,1787050495
1755871190,1787050495
1755871191,1787050495
1755871192,1787050495
1755871193,1787050495
1755871194,1787050495
1755871195,1787050495
1755871196,1787050495
1755871197,1787050495
1755871198,1787050495
1755871200,1787050495
1755871201,1787050495
1755871202,1787050495
1755871203,1787050495
1755871204,1787050495
1755871205,1787050495
1755871206,1787050495
1755871207,1787050495
1755871208,1787050495
1755871210,1787050495
1755871211,1787050495
1755871212,1787050495
1755871213,1787050495
1755871214,1787050495
1755871215,1787050495
1755871216,1787050495
1755871217,1787050495
1755871218,1787050495
1755871219,1787050495
1755871220,1787050495
1755871222,1787050495
1755871223,1787050495
1755871224,1787050495
1755871225,1787050495
1755871226,1787050495
1755871227,1787050495
1755871228,1787050495
1755871229,1787050495
1755871231,1787050495
1755871232,1787050495
1755871233,1787050495
1755871234,1787050495
1755871235,1787050495
1755871236,1787050495
1755871237,1787050495
1755871238,1787050495
1755871239,1787050495
1755871240,1787050495
1755871242,1787050495
1755871243,1787050495
1755871244,1787050495
1755871245,1787050495
1755871246,1787050495
1755871247,1787050495
1755871248,1787050495
1755871249,1787050495
1755871250,1787050495
1755871251,1787050495
1755871252,1787050495
1755871254,1787050495
1755871255,1787050495
1755871256,1787050495
1755871257,1787050495
1755871258,1787050495
1755871259,1787050495
1755871260,1787050495
1755871261,1787050495
1755871262,1787050495
1755871264,1787050495
1755871265,1787050495
1755871266,1787050495
1755871267,1787050495
1755871268,1787050495
1755871269,1787050495
1755871270,1787050495
1755871271,1787050495
1755871272,1787050495
1755871273,1787050495
1755871275,1787050495
1755871276,1787050495
1755871277,1787050495
1755871278,1787050495
1755871279,1787050495
1755871280,1787050495
1755871281,1787050495
1755871282,1787050495
1755871283,1787050495
1755871284,1787050495
1755871286,1787050495
1755871287,1787050495
1755871288,1787050495
1755871289,1787050495
1755871290,1787050495
1755871291,1787050495
1755871292,1787050495
1755871293,1787050495
1755871294,1787050495
1755871296,1787050495
1755871297,1787050495
1755871298,1787050495
1755871299,1787050495
1755871300,1787050495
1755871301,1787050495
1755871302,1787050495
1755871303,1787050495
1755871304,1787050495
1755871305,1787050495
1755871307,1787050495
1755871308,1787050495
1755871309,1787050495
1755871310,1787050495
1755871311,1787050495
1755871312,1787050495
1755871313,1787050495
1755871315,1787050495
1755871316,1787050495
1755871317,1787050495
1755871318,1787050495
1755871319,1787050495
1755871320,1787050495
1755871321,1787050495
1755871322,1787050495
1755871323,1787050495
1755871324,1787050495
1755871326,1787050495
1755871327,1787050495
1755871328,1787050495
1755871329,1787050495
1755871330,1787050495
1755871331,1787050495
1755871332,1787050495
1755871333,1787050495
1755871334,1787050495
1755871335,1787050495
1755871336,1787050495
1755871338,1787050495
1755871339,1787050495
1755871340,1787050495
1755871341,1787050495
1755871342,1787050495
1755871343,1787050495
1755871345,1787050495
1755871346,1787050495
1755871347,1787050495
1755871348,1787050495
1755871349,1787050495
1755871350,1787050495
1755871351,1787050495
1755871352,1787050495
1755871353,1787050495
1755871354,1787050495
1755871355,1787050495
1755871357,1787050495
1755871358,1787050495
1755871359,1787050495
1755871360,1787050495
1755871361,1787050495
1755871362,1787050495
1755871363,1787050495
1755871364,1787050495
1755871365,1787050495
1755871367,1787050495
1755871368,1787050495
1755871369,1787050495
1755871370,1787050495
1755871371,1787050495
1755871372,1787050495
1755871373,1787050495
1755871374,1787050495
1755871375,1787050495
1755871376,1787050495
1755871378,1787050495
1755871379,1787050495
1755871380,1787050495
1755871381,1787050495
1755871382,1787050495
1755871383,1787050495
1755871384,1787050495
1755871385,1787050495
1755871386,1787050495
1755871387,1787050495
1755871389,1787050495
1755871390,1787050495
1755871391,1787050495
1755871392,1787050495
1755871393,1787050495
1755871394,1787050495
1755871395,1787050495
1755871396,1787050495
1755871397,1787050495
1755871399,1787050495
1755871400,1787050495
1755871401,1787050495
1755871402,1787050495
1755871403,1787050495
1755871404,1787050495
1755871405,1787050495
1755871406,1787050495
1755871407,1787050495
1755871408,1787050495
1755871410,1787050495
1755871411,1787050495
1755871412,1787050495
1755871413,1787050495
1755871414,1787050495
1755871415,1787050495
1755871416,1787050495
1755871417,1787050495
1755871418,1787050495
1755871419,1787050495
1755871421,1787050495
1755871422,1787050495
1755871423,1787050495
1755871424,1787050495
1755871425,1787050495
1755871426,1787050495
1755871427,1787050495
1755871429,1787050495
1755871430,1787050495
1755871431,1787050495
1755871432,1787050495
1755871433,1787050495
1755871434,1787050495
1755871435,1787050495
1755871436,1787050495
1755871437,1787050495
1755871438,1787050495
1755871440,1787050495
1755871441,1787050495
1755871442,1787050495
1755871443,1787050495
1755871444,1787050495
1755871445,1787050495
1755871446,1787050495
1755871447,1787050495
1755871448,1787050495
1755871449,1787050495
1755871451,1787050495
1755871452,1787050495
1755871453,1787050495
1755871454,1787050495
1755871455,1787050495
1755871456,1787050495
1755871457,1787050495
1755871459,1787050495
1755871460,1787050495
1755871461,1787050495
1755871462,1787050495
1755871463,1787050495
1755871464,1787050495
1755871465,1787050495
1755871466,1787050495
1755871467,1787050495
1755871468,1787050495
1755871470,1787050495
1755871471,1787050495
1755871472,1787050495
1755871473,1787050495
1755871474,1787050495
1755871475,1787050495
1755871476,1787050495
1755871477,1787050495
1755871479,1787050495
1755871480,1787050495
1755871481,1787050495
1755871482,1787050495
1755871483,1787050495
1755871484,1787050495
1755871485,1787050495
1755871486,1787050495
1755871488,1787050495
1755871489,1787050495
1755871490,1787050495
1755871491,1787050495
1755871492,1787050495
1755871493,1787050495
1755871494,1787050495
1755871495,1787050495
1755871496,1787050495
1755871497,1787050495
1755871498,1787050495
1755871500,1787050495
1755871501,1787050495
1755871502,1787050495
1755871503,1787050495
1755871504,1787050495
1755871505,1787050495
1755871506,1787050495
1755871507,1787050495
1755871508,1787050495
1755871510,1787050495
1755871511,1787050495
1755871512,1787050495
1755871513,1787050495
1755871514,1787050495
1755871515,1787050495
1755871516,1787050495
1755871517,1787050495
1755871518,1787050495
1755871520,1787050495
1755871521,1787050495
1755871522,1787050495
1755871523,1787050495
1755871524,1787050495
1755871525,1787050495
1755871526,1787050495
1755871527,1787050495
1755871528,1787050495
1755871529,1787050495
1755871531,1787050495
1755871532,1787050495
1755871533,1787050495
1755871534,1787050495
1755871535,1787050495
1755871536,1787050495
1755871537,1787050495
1755871539,1787050495
1755871540,1787050495
1755871541,1787050495
1755871542,1787050495
1755871543,1787050495
1755871544,1787050495
1755871545,1787050495
1755871546,1787050495
1755871547,1787050495
1755871548,1787050495
1755871549,1787050495
1755871551,1787050495
1755871552,1787050495
1755871553,1787050495
1755871554,1787050495
1755871555,1787050495
1755871556,1787050495
1755871557,1787050495
1755871558,1787050495
1755871559,1787050495
1755871560,1787050495
1755871562,1787050495
1755871563,1787050495
1755871564,1787050495
1755871565,1787050495
1755871566,1787050495
1755871567,1787050495
1755871568,1787050495
1755871569,1787050495
1755871571,1787050495
1755871572,1787050495
1755871573,1787050495
1755871574,1787050495
1755871575,1787050495
1755871576,1787050495
1755871577,1787050495
1755871578,1787050495
1755871579,1787050495
1755871580,1787050495
1755871582,1787050495
1755871583,1787050495
1755871584,1787050495
1755871585,1787050495
1755871586,1787050495
1755871587,1787050495
1755871588,1787050495
1755871589,1787050495
1755871590,1787050495
1755871591,1787050495
1755871593,1787050495
1755871594,1787050495
1755871595,1787050495
1755871596,1787050495
1755871597,1787050495
1755871598,1787050495
1755871599,1787050495
1755871600,1787050495
1755871601,1787050495
1755871602,1787050495
1755871604,1787050495
1755871605,1787050495
1755871606,1787050495
1755871607,1787050495
1755871608,1787050495
1755871609,1787050495
1755871610,1787050495
1755871611,1787050495
1755871612,1787050495
1755871613,1787050495
1755871614,1787050495
1755871616,1787050495
1755871617,1787050495
1755871618,1787050495
1755871619,1787050495
1755871620,1787050495
1755871621,1787050495
1755871622,1787050495
1755871623,1787050495
1755871624,1787050495
1755871626,1787050495
1755871627,1787050495
1755871628,1787050495
1755871629,1787050495
1755871630,1787050495
1755871631,1787050495
1755871632,1787050495
1755871633,1787050495
1755871634,1787050495
1755871635,1787050495
1755871637,1787050495
1755871638,1787050495
1755871639,1787050495
1755871640,1787050495
1755871641,1787050495
1755871642,1787050495
1755871643,1787050495
1755871644,1787050495
1755871645,1787050495
1755871647,1787050495
1755871648,1787050495
1755871649,1787050495
1755871650,1787050495
1755871651,1787050495
1755871652,1787050495
1755871653,1787050495
1755871654,1787050495
1755871656,1787050495
1755871657,1787050495
1755871658,1787050495
1755871659,1787050495
1755871660,1787050495
1755871661,1787050495
1755871662,1787050495
1755871663,1787050495
1755871664,1787050495
1755871665,1787050495
1755871666,1787050495
1755871668,1787050495
1755871669,1787050495
1755871670,1787050495
1755871671,1787050495
1755871672,1787050495
1755871673,1787050495
1755871674,1787050495
1755871675,1787050495
1755871676,1787050495
1755871678,1787050495
1755871679,1787050495
1755871680,1787050495
1755871681,1787050495
1755871682,1787050495
1755871683,1787050495
1755871684,1787050495
1755871685,1787050495
1755871686,1787050495
1755871688,1787050495
1755871689,1787050495
1755871690,1787050495
1755871691,1787050495
1755871692,1787050495
1755871693,1787050495
1755871694,1787050495
1755871695,1787050495
1755871696,1787050495
1755871697,1787050495
1755871699,1787050495
1755871700,1787050495
1755871701,1787050495
1755871702,1787050495
1755871703,1787050495
1755871704,1787050495
1755871705,1787050495
1755871706,1787050495
1755871707,1787050495
1755871708,1787050495
1755871709,1787050495
1755871711,1787050495
1755871712,1787050495
1755871713,1787050495
1755871714,1787050495
1755871715,1787050495
1755871716,1787050495
1755871717,1787050495
1755871718,1787050495
1755871719,1787050495
1755871720,1787050495
1755871722,1787050495
1755871723,1787050495
1755871724,1787050495
1755871725,1787050495
1755871726,1787050495
1755871727,1787050495
1755871728,1787050495
1755871729,1787050495
1755871730,1787050495
1755871731,1787050495
1755871733,1787050495
1755871734,1787050495
1755871735,1787050495
1755871736,1787050495
1755871737,1787050495
1755871738,1787050495
1755871739,1787050495
1755871740,1787050495
1755871741,1787050495
1755871743,1787050495
1755871744,1787050495
1755871745,1787050495
1755871746,1787050495
1755871747,1787050495
1755871748,1787050495
1755871749,1787050495
1755871750,1787050495
1755871751,1787050495
1755871752,1787050495
1755871754,1787050495
1755871755,1787050495
1755871756,1787050495
1755871757,1787050495
1755871758,1787050495
1755871759,1787050495
1755871760,1787050495
1755871762,1787050495
1755871763,1787050495
1755871764,1787050495
1755871765,1787050495
1755871766,1787050495
1755871767,1787050495
1755871768,1787050495
1755871769,1787050495
1755871770,1787050495
1755871771,1787050495
1755871772,1787050495
1755871774,1787050495
1755871775,1787050495
1755871776,1787050495
1755871777,1787050495
1755871778,1787050495
1755871779,1787050495
1755871780,1787050495
1755871781,1787050495
1755871782,1787050495
1755871783,1787050495
1755871785,1787050495
1755871786,1787050495
1755871787,1787050495
1755871788,1787050495
1755871789,1787050495
1755871790,1787050495
1755871791,1787050495
1755871792,1787050495
1755871793,1787050495
1755871795,1787050495
1755871796,1787050495
1755871797,1787050495
1755871798,1787050495
1755871799,1787050495
1755871800,1787050495
1755871801,1787050495
1755871802,1787050495
1755871803,1787050495
1755871804,1787050495
1755871806,1787050495
1755871807,1787050495
1755871808,1787050495
1755871809,1787050495
1755871810,1787050495
1755871811,1787050495
1755871812,1787050495
1755871813,1787050495
1755871814,1787050495
1755871815,1787050495
1755871817,1787050495
1755871818,1787050495
1755871819,1787050495
1755871820,1787050495
1755871821,1787050495
1755871822,1787050495
1755871823,1787050495
1755871824,1787050495
1755871825,1787050495
1755871827,1787050495
1755871828,1787050495
1755871829,1787050495
1755871830,1787050495
1755871831,1787050495
1755871832,1787050495
1755871833,1787050495
1755871834,1787050495
1755871835,1787050495
1755871836,1787050495
1755871838,1787050495
1755871839,1787050495
1755871840,1787050495
1755871841,1787050495
1755871842,1787050495
1755871843,1787050495
1755871844,1787050495
1755871845,1787050495
1755871846,1787050495
1755871847,1787050495
1755871849,1787050495
1755871850,1787050495
1755871851,1787050495
1755871852,1787050495
1755871853,1787050495
1755871854,1787050495
1755871855,1787050495
1755871857,1787050495
1755871858,1787050495
1755871859,1787050495
1755871860,1787050495
1755871861,1787050495
1755871862,1787050495
1755871863,1787050495
1755871864,1787050495
1755871865,1787050495
1755871866,1787050495
1755871868,1787050495
1755871869,1787050495
1755871870,1787050495
1755871871,1787050495
1755871872,1787050495
1755871873,1787050495
1755871875,1787050495
1755871876,1787050495
1755871877,1787050495
1755871878,1787050495
1755871879,1787050495
1755871880,1787050495
1755871881,1787050495
1755871882,1787050495
1755871883,1787050495
1755871884,1787050495
1755871886,1787050495
1755871887,1787050495
1755871888,1787050495
1755871889,1787050495
1755871890,1787050495
1755871891,1787050495
1755871892,1787050495
1755871893,1787050495
1755871894,1787050495
1755871895,1787050495
1755871897,1787050495
1755871898,1787050495
1755871899,1787050495
1755871900,1787050495
1755871901,1787050495
1755871902,1787050495
1755871903,1787050495
1755871904,1787050495
1755871906,1787050495
1755871907,1787050495
1755871908,1787050495
1755871909,1787050495
1755871910,1787050495
1755871911,1787050495
1755871912,1787050495
1755871913,1787050495
1755871914,1787050495
1755871916,1787050495
1755871917,1787050495
1755871918,1787050495
1755871919,1787050495
1755871920,1787050495
1755871921,1787050495
1755871922,1787050495
1755871923,1787050495
1755871924,1787050495
1755871925,1787050495
1755871927,1787050495
1755871928,1787050495
1755871929,1787050495
1755871930,1787050495
1755871931,1787050495
1755871932,1787050495
1755871933,1787050495
1755871935,1787050495
1755871936,1787050495
1755871937,1787050495
1755871938,1787050495
1755871939,1787050495
1755871940,1787050495
1755871941,1787050495
1755871942,1787050495
1755871943,1787050495
1755871944,1787050495
1755871946,1787050495
1755871947,1787050495
1755871948,1787050495
1755871949,1787050495
1755871950,1787050495
1755871951,1787050495
1755871952,1787050495
1755871953,1787050495
1755871954,1787050495
1755871955,1787050495
1755871957,1787050495
1755871958,1787050495
1755871959,1787050495
1755871960,1787050495
1755871961,1787050495
1755871962,1787050495
1755871964,1787050495
1755871965,1787050495
1755871966,1787050495
1755871967,1787050495
1755871968,1787050495
1755871969,1787050495
1755871970,1787050495
1755871971,1787050495
1755871972,1787050495
1755871973,1787050495
1755871975,1787050495
1755871976,1787050495
1755871977,1787050495
1755871978,1787050495
1755871979,1787050495
1755871980,1787050495
1755871981,1787050495
1755871982,1787050495
1755871983,1787050495
1755871984,1787050495
1755871986,1787050495
1755871987,1787050495
1755871988,1787050495
1755871989,1787050495
1755871990,1787050495
1755871991,1787050495
1755871992,1787050495
1755871993,1787050495
1755871994,1787050495
1755871996,1787050495
1755871997,1787050495
1755871998,1787050495
1755871999,1787050495
1755872000,1787050495
1755872001,1787050495
1755872002,1787050495
1755872003,1787050495
1755872004,1787050495
1755872005,1787050495
1755872007,1787050495
1755872008,1787050495
1755872009,1787050495
1755872010,1787050495
1755872011,1787050495
1755872012,1787050495
1755872013,1787050495
1755872014,1787050495
1755872015,1787050495
1755872016,1787050495
1755872018,1787050495
1755872019,1787050495
1755872020,1787050495
1755872021,1787050495
1755872022,1787050495
1755872023,1787050495
1755872024,1787050495
1755872025,1787050495
1755872026,1787050495
1755872027,1787050495
1755872029,1787050495
1755872030,1787050495
1755872031,1787050495
1755872032,1787050495
1755872033,1787050495
1755872034,1787050495
1755872035,1787050495
1755872036,1787050495
1755872037,1787050495
1755872038,1787050495
1755872040,1787050495
1755872041,1787050495
1755872042,1787050495
1755872043,1787050495
1755872044,1787050495
1755872045,1787050495
1755872046,1787050495
1755872047,1787050495
1755872048,1787050495
1755872050,1787050495
1755872051,1787050495
1755872052,1787050495
1755872053,1787050495
1755872054,1787050495
1755872055,1787050495
1755872056,1787050495
1755872057,1787050495
1755872058,1787050495
1755872059,1787050495
1755872061,1787050495
1755872062,1787050495
1755872063,1787050495
1755872064,1787050495
1755872065,1787050495
1755872066,1787050495
1755872067,1787050495
1755872068,1787050495
1755872069,1787050495
1755872070,1787050495
1755872072,1787050495
1755872073,1787050495
1755872074,1787050495
1755872075,1787050495
1755872076,1787050495
1755872077,1787050495
1755872078,1787050495
1755872079,1787050495
1755872081,1787050495
1755872082,1787050495
1755872083,1787050495
1755872084,1787050495
1755872085,1787050495
1755872086,1787050495
1755872087,1787050495
1755872088,1787050495
1755872089,1787050495
1755872090,1787050495
1755872092,1787050495
1755872093,1787050495
1755872094,1787050495
1755872095,1787050495
1755872096,1787050495
1755872097,1787050495
1755872098,1787050495
1755872100,1787050495
1755872101,1787050495
1755872102,1787050495
1755872103,1787050495
1755872104,1787050495
1755872105,1787050495
1755872106,1787050495
1755872107,1787050495
1755872108,1787050495
1755872109,1787050495
1755872111,1787050495
1755872112,1787050495
1755872113,1787050495
1755872114,1787050495
1755872115,1787050495
1755872116,1787050495
1755872117,1787050495
1755872118,1787050495
1755872119,1787050495
1755872120,1787050495
1755872122,1787050495
1755872123,1787050495
1755872124,1787050495
1755872125,1787050495
1755872126,1787050495
1755872127,1787050495
1755872128,1787050495
1755872130,1787050495
1755872131,1787050495
1755872132,1787050495
1755872133,1787050495
1755872134,1787050495
1755872135,1787050495
1755872136,1787050495
1755872137,1787050495
1755872138,1787050495
1755872139,1787050495
1755872140,1787050495
1755872142,1787050495
1755872143,1787050495
1755872144,1787050495
1755872145,1787050495
1755872146,1787050495
1755872147,1787050495
1755872148,1787050495
1755872149,1787050495
1755872150,1787050495
1755872151,1787050495
1755872153,1787050495
1755872154,1787050495
1755872155,1787050495
1755872156,1787050495
1755872157,1787050495
1755872158,1787050495
1755872159,1787050495
1755872160,1787050495
1755872162,1787050495
1755872163,1787050495
1755872164,1787050495
1755872165,1787050495
1755872166,1787050495
1755872167,1787050495
1755872168,1787050495
1755872169,1787050495
1755872170,1787050495
1755872171,1787050495
1755872173,1787050495
1755872174,1787050495
1755872175,1787050495
1755872176,1787050495
1755872177,1787050495
1755872178,1787050495
1755872179,1787050495
1755872180,1787050495
1755872181,1787050495
1755872182,1787050495
1755872184,1787050495
1755872185,1787050495
1755872186,1787050495
1755872187,1787050495
1755872188,1787050495
1755872189,1787050495
1755872190,1787050495
1755872191,1787050495
1755872192,1787050495
1755872193,1787050495
1755872195,1787050495
1755872196,1787050495
1755872197,1787050495
1755872198,1787050495
1755872199,1787050495
1755872200,1787050495
1755872201,1787050495
1755872202,1787050495
1755872203,1787050495
1755872204,1787050495
1755872206,1787050495
1755872207,1787050495
1755872208,1787050495
1755872209,1787050495
1755872210,1787050495
1755872211,1787050495
1755872212,1787050495
1755872213,1787050495
1755872215,1787050495
1755872216,1787050495
1755872217,1787050495
1755872218,1787050495
1755872219,1787050495
1755872220,1787050495
1755872221,1787050495
1755872222,1787050495
1755872223,1787050495
1755872224,1787050495
1755872226,1787050495
1755872227,1787050495
1755872228,1787050495
1755872229,1787050495
1755872230,1787050495
1755872231,1787050495
1755872232,1787050495
1755872233,1787050495
1755872234,1787050495
1755872235,1787050495
1755872236,1787050495
1755872238,1787050495
1755872239,1787050495
1755872240,1787050495
1755872241,1787050495
1755872242,1787050495
1755872243,1787050495
1755872244,1787050495
1755872245,1787050495
1755872247,1787050495
1755872248,1787050495
1755872249,1787050495
1755872250,1787050495
1755872251,1787050495
1755872252,1787050495
1755872253,1787050495
1755872254,1787050495
1755872255,1787050495
1755872256,1787050495
1755872258,1787050495
1755872259,1787050495
1755872260,1787050495
1755872261,1787050495
1755872262,1787050495
1755872263,1787050495
1755872264,1787050495
1755872265,1787050495
1755872266,1787050495
1755872267,1787050495
1755872269,1787050495
1755872270,1787050495
1755872271,1787050495
1755872272,1787050495
1755872273,1787050495
1755872274,1787050495
1755872275,1787050495
1755872276,1787050495
1755872277,1787050495
1755872278,1787050495
1755872279,1787050495
1755872281,1787050495
1755872282,1787050495
1755872283,1787050495
1755872284,1787050495
1755872285,1787050495
1755872286,1787050495
1755872287,1787050495
1755872288,1787050495
1755872289,1787050495
1755872290,1787050495
1755872292,1787050495
1755872293,1787050495
1755872294,1787050495
1755872295,1787050495
1755872296,1787050495
1755872297,1787050495
1755872298,1787050495
1755872299,1787050495
1755872301,1787050495
1755872302,1787050495
1755872303,1787050495
1755872304,1787050495
1755872305,1787050495
1755872306,1787050495
1755872307,1787050495
1755872308,1787050495
1755872309,1787050495
1755872310,1787050495
1755872312,1787050495
1755872313,1787050495
1755872314,1787050495
1755872315,1787050495
1755872316,1787050495
1755872317,1787050495
1755872318,1787050495
1755872319,1787050495
1755872321,1787050495
1755872322,1787050495
1755872323,1787050495
1755872324,1787050495
1755872325,1787050495
1755872326,1787050495
1755872327,1787050495
1755872328,1787050495
1755872329,1787050495
1755872330,1787050495
1755872332,1787050495
1755872333,1787050495
1755872334,1787050495
1755872335,1787050495
1755872336,1787050495
1755872337,1787050495
1755872338,1787050495
1755872339,1787050495
1755872340,1787050495
1755872341,1787050495
1755872343,1787050495
1755872344,1787050495
1755872345,1787050495
1755872346,1787050495
1755872347,1787050495
1755872348,1787050495
1755872349,1787050495
1755872350,1787050495
1755872351,1787050495
1755872353,1787050495
1755872354,1787050495
1755872355,1787050495
1755872356,1787050495
1755872357,1787050495
1755872358,1787050495
1755872359,1787050495
1755872360,1787050495
1755872361,1787050495
1755872362,1787050495
1755872364,1787050495
1755872365,1787050495
1755872366,1787050495
1755872367,1787050495
1755872368,1787050495
1755872369,1787050495
1755872370,1787050495
1755872371,1787050495
1755872372,1787050495
1755872373,1787050495
1755872374,1787050495
1755872376,1787050495
1755872377,1787050495
1755872378,1787050495
1755872379,1787050495
1755872380,1787050495
1755872381,1787050495
1755872382,1787050495
1755872383,1787050495
1755872384,1787050495
1755872386,1787050495
1755872387,1787050495
1755872388,1787050495
1755872389,1787050495
1755872390,1787050495
1755872391,1787050495
1755872392,1787050495
1755872393,1787050495
1755872394,1787050495
1755872395,1787050495
1755872397,1787050495
1755872398,1787050495
1755872399,1787050495
1755872400,1787050495
1755872401,1787050495
1755872402,1787050495
1755872403,1787050495
1755872404,1787050495
1755872405,1787050495
1755872406,1787050495
1755872408,1787050495
1755872409,1787050495
1755872410,1787050495
1755872411,1787050495
1755872412,1787050495
1755872413,1787050495
1755872414,1787050495
1755872416,1787050495
1755872417,1787050495
1755872418,1787050495
1755872419,1787050495
1755872420,1787050495
1755872421,1787050495
1755872422,1787050495
1755872423,1787050495
1755872424,1787050495
1755872425,1787050495
1755872427,1787050495
1755872428,1787050495
1755872429,1787050495
1755872430,1787050495
1755872431,1787050495
1755872432,1787050495
1755872433,1787050495
1755872435,1787050495
1755872436,1787050495
1755872437,1787050495
1755872438,1787050495
1755872439,1787050495
1755872440,1787050495
1755872441,1787050495
1755872442,1787050495
1755872443,1787050495
1755872444,1787050495
1755872446,1787050495
1755872447,1787050495
1755872448,1787050495
1755872449,1787050495
1755872450,1787050495
1755872451,1787050495
1755872452,1787050495
1755872453,1787050495
1755872454,1787050495
1755872455,1787050495
1755872457,1787050495
1755872458,1787050495
1755872459,1787050495
1755872460,1787050495
1755872461,1787050495
1755872462,1787050495
1755872463,1787050495
1755872464,1787050495
1755872466,1787050495
1755872467,1787050495
1755872468,1787050495
1755872469,1787050495
1755872470,1787050495
1755872471,1787050495
1755872472,1787050495
1755872473,1787050495
1755872474,1787050495
1755872475,1787050495
1755872477,1787050495
1755872478,1787050495
1755872479,1787050495
1755872480,1787050495
1755872481,1787050495
1755872482,1787050495
1755872483,1787050495
1755872484,1787050495
1755872485,1787050495
1755872486,1787050495
1755872488,1787050495
1755872489,1787050495
1755872490,1787050495
1755872491,1787050495
1755872492,1787050495
1755872493,1787050495
1755872494,1787050495
1755872495,1787050495
1755872496,1787050495
1755872497,1787050495
1755872499,1787050495
1755872500,1787050495
1755872501,1787050495
1755872502,1787050495
1755872503,1787050495
1755872504,1787050495
1755872505,1787050495
1755872506,1787050495
1755872507,1787050495
1755872508,1787050495
1755872510,1787050495
1755872511,1787050495
1755872512,1787050495
1755872513,1787050495
1755872514,1787050495
1755872515,1787050495
1755872516,1787050495
1755872517,1787050495
1755872518,1787050495
1755872519,1787050495
1755872521,1787050495
1755872522,1787050495
1755872523,1787050495
1755872524,1787050495
1755872525,1787050495
1755872526,1787050495
1755872527,1787050495
1755872528,1787050495
1755872530,1787050495
1755872531,1787050495
1755872532,1787050495
1755872533,1787050495
1755872534,1787050495
1755872535,1787050495
1755872536,1787050495
1755872537,1787050495
1755872538,1787050495
1755872539,1787050495
1755872540,1787050495
1755872542,1787050495
1755872543,1787050495
1755872544,1787050495
1755872545,1787050495
1755872546,1787050495
1755872547,1787050495
1755872548,1787050495
1755872549,1787050495
1755872550,1787050495
1755872551,1787050495
1755872553,1787050495
1755872554,1787050495
1755872555,1787050495
1755872556,1787050495
1755872557,1787050495
1755872558,1787050495
1755872559,1787050495
1755872561,1787050495
1755872562,1787050495
1755872563,1787050495
1755872564,1787050495
1755872565,1787050495
1755872566,1787050495
1755872567,1787050495
1755872568,1787050495
1755872569,1787050495
1755872570,1787050495
1755872572,1787050495
1755872573,1787050495
1755872574,1787050495
1755872575,1787050495
1755872576,1787050495
1755872577,1787050495
1755872578,1787050495
1755872579,1787050495
1755872580,1787050495
1755872581,1787050495
1755872583,1787050495
1755872584,1787050495
1755872585,1787050495
1755872586,1787050495
1755872587,1787050495
1755872588,1787050495
1755872589,1787050495
1755872590,1787050495
1755872591,1787050495
1755872592,1787050495
1755872594,1787050495
1755872595,1787050495
1755872596,1787050495
1755872597,1787050495
1755872598,1787050495
1755872599,1787050495
1755872600,1787050495
1755872601,1787050495
1755872603,1787050495
1755872604,1787050495
1755872605,1787050495
1755872606,1787050495
1755872607,1787050495
1755872608,1787050495
1755872609,1787050495
1755872610,1787050495
1755872611,1787050495
1755872612,1787050495
1755872613,1787050495
1755872615,1787050495
1755872616,1787050495
1755872617,1787050495
1755872618,1787050495
1755872619,1787050495
1755872620,1787050495
1755872621,1787050495
1755872622,1787050495
1755872623,1787050495
1755872624,1787050495
1755872625,1787050495
1755872627,1787050495
1755872628,1787050495
1755872629,1787050495
1755872630,1787050495
1755872631,1787050495
1755872632,1787050495
1755872633,1787050495
1755872635,1787050495
1755872636,1787050495
1755872637,1787050495
1755872638,1787050495
1755872639,1787050495
1755872640,1787050495
1755872641,1787050495
1755872642,1787050495
1755872643,1787050495
1755872644,1787050495
1755872646,1787050495
1755872647,1787050495
1755872648,1787050495
1755872649,1787050495
1755872650,1787050495
1755872651,1787050495
1755872652,1787050495
1755872653,1787050495
1755872654,1787050495
1755872656,1787050495
1755872657,1787050495
1755872658,1787050495
1755872659,1787050495
1755872660,1787050495
1755872661,1787050495
1755872662,1787050495
1755872663,1787050495
1755872664,1787050495
1755872665,1787050495
1755872667,1787050495
1755872668,1787050495
1755872669,1787050495
1755872670,1787050495
1755872671,1787050495
1755872672,1787050495
1755872673,1787050495
1755872674,1787050495
1755872675,1787050495
1755872677,1787050495
1755872678,1787050495
1755872679,1787050495
1755872680,1787050495
1755872681,1787050495
1755872682,1787050495
1755872683,1787050495
1755872684,1787050495
1755872685,1787050495
1755872686,1787050495
1755872687,1787050495
1755872689,1787050495
1755872690,1787050495
1755872691,1787050495
1755872692,1787050495
1755872693,1787050495
1755872694,1787050495
1755872695,1787050495
1755872696,1787050495
1755872697,1787050495
1755872698,1787050495
1755872700,1787050495
1755872701,1787050495
1755872702,1787050495
1755872703,1787050495
1755872704,1787050495
1755872705,1787050495
1755872706,1787050495
1755872708,1787050495
1755872709,1787050495
1755872710,1787050495
1755872711,1787050495
1755872712,1787050495
1755872713,1787050495
1755872714,1787050495
1755872715,1787050495
1755872716,1787050495
1755872717,1787050495
1755872718,1787050495
1755872720,1787050495
1755872721,1787050495
1755872722,1787050495
1755872723,1787050495
1755872724,1787050495
1755872725,1787050495
1755872726,1787050495
1755872727,1787050495
1755872728,1787050495
1755872729,1787050495
1755872730,1787050495
1755872732,1787050495
1755872733,1787050495
1755872734,1787050495
1755872735,1787050495
1755872736,1787050495
1755872737,1787050495
1755872738,1787050495
1755872739,1787050495
1755872740,1787050495
1755872741,1787050495
1755872743,1787050495
1755872744,1787050495
1755872745,1787050495
1755872746,1787050495
1755872747,1787050495
1755872748,1787050495
1755872749,1787050495
1755872750,1787050495
1755872752,1787050495
1755872753,1787050495
1755872754,1787050495
1755872755,1787050495
1755872756,1787050495
1755872757,1787050495
1755872758,1787050495
1755872759,1787050495
1755872760,1787050495
1755872761,1787050495
1755872763,1787050495
1755872764,1787050495
1755872765,1787050495
1755872766,1787050495
1755872767,1787050495
1755872768,1787050495
1755872769,1787050495
1755872770,1787050495
1755872771,1787050495
1755872772,1787050495
1755872773,1787050495
1755872775,1787050495
1755872776,1787050495
1755872777,1787050495
1755872778,1787050495
1755872779,1787050495
1755872780,1787050495
1755872781,1787050495
1755872783,1787050495
1755872784,1787050495
1755872785,1787050495
1755872786,1787050495
1755872787,1787050495
1755872788,1787050495
1755872789,1787050495
1755872790,1787050495
1755872791,1787050495
1755872793,1787050495
1755872794,1787050495
1755872795,1787050495
1755872796,1787050495
1755872797,1787050495
1755872798,1787050495
1755872799,1787050495
1755872800,1787050495
1755872801,1787050495
1755872802,1787050495
1755872804,1787050495
1755872805,1787050495
1755872806,1787050495
1755872807,1787050495
1755872808,1787050495
1755872809,1787050495
1755872810,1787050495
1755872811,1787050495
1755872812,1787050495
1755872813,1787050495
1755872815,1787050495
1755872816,1787050495
1755872817,1787050495
1755872818,1787050495
1755872819,1787050495
1755872820,1787050495
1755872821,1787050495
1755872822,1787050495
1755872824,1787050495
1755872825,1787050495
1755872826,1787050495
1755872827,1787050495
1755872828,1787050495
1755872829,1787050495
1755872830,1787050495
1755872831,1787050495
1755872832,1787050495
1755872834,1787050495
1755872835,1787050495
1755872836,1787050495
1755872837,1787050495
1755872838,1787050495
1755872839,1787050495
1755872840,1787050495
1755872841,1787050495
1755872842,1787050495
1755872843,1787050495
1755872845,1787050495
1755872846,1787050495
1755872847,1787050495
1755872848,1787050495
1755872849,1787050495
1755872850,1787050495
1755872851,1787050495
1755872852,1787050495
1755872854,1787050495
1755872855,1787050495
1755872856,1787050495
1755872857,1787050495
1755872858,1787050495
1755872859,1787050495
1755872860,1787050495
1755872861,1787050495
1755872862,1787050495
1755872864,1787050495
1755872865,1787050495
1755872866,1787050495
1755872867,1787050495
1755872868,1787050495
1755872869,1787050495
1755872870,1787050495
1755872871,1787050495
1755872872,1787050495
1755872873,1787050495
1755872875,1787050495
1755872876,1787050495
1755872877,1787050495
1755872878,1787050495
1755872879,1787050495
1755872880,1787050495
1755872881,1787050495
1755872882,1787050495
1755872883,1787050495
1755872884,1787050495
1755872886,1787050495
1755872887,1787050495
1755872888,1787050495
1755872889,1787050495
1755872890,1787050495
1755872891,1787050495
1755872892,1787050495
1755872893,1787050495
1755872895,1787050495
1755872896,1787050495
1755872897,1787050495
1755872898,1787050495
1755872899,1787050495
1755872900,1787050495
1755872901,1787050495
1755872902,1787050495
1755872903,1787050495
1755872904,1787050495
1755872906,1787050495
1755872907,1787050495
1755872908,1787050495
1755872909,1787050495
1755872910,1787050495
1755872911,1787050495
1755872912,1787050495
1755872913,1787050495
1755872914,1787050495
1755872915,1787050495
1755872917,1787050495
1755872918,1787050495
1755872919,1787050495
1755872920,1787050495
1755872921,1787050495
1755872922,1787050495
1755872923,1787050495
1755872925,1787050495
1755872926,1787050495
1755872927,1787050495
1755872928,1787050495
1755872929,1787050495
1755872930,1787050495
1755872931,1787050495
1755872932,1787050495
1755872933,1787050495
1755872934,1787050495
1755872936,1787050495
1755872937,1787050495
1755872938,1787050495
1755872939,1787050495
1755872940,1787050495
1755872941,1787050495
1755872942,1787050495
1755872943,1787050495
1755872944,1787050495
1755872945,1787050495
1755872947,1787050495
1755872948,1787050495
1755872949,1787050495
1755872950,1787050495
1755872951,1787050495
1755872952,1787050495
1755872953,1787050495
1755872954,1787050495
1755872955,1787050495
1755872956,1787050495
1755872958,1787050495
1755872959,1787050495
1755872960,1787050495
1755872961,1787050495
1755872962,1787050495
1755872963,1787050495
1755872964,1787050495
1755872966,1787050495
1755872967,1787050495
1755872968,1787050495
1755872969,1787050495
1755872970,1787050495
1755872971,1787050495
1755872972,1787050495
1755872973,1787050495
1755872974,1787050495
1755872975,1787050495
1755872977,1787050495
1755872978,1787050495
1755872979,1787050495
1755872980,1787050495
1755872981,1787050495
1755872982,1787050495
1755872983,1787050495
1755872984,1787050495
1755872985,1787050495
1755872986,1787050495
1755872987,1787050495
1755872989,1787050495
1755872990,1787050495
1755872991,1787050495
1755872992,1787050495
1755872993,1787050495
1755872994,1787050495
1755872995,1787050495
1755872996,1787050495
1755872997,1787050495
1755872999,1787050495
1755873000,1787050495
1755873001,1787050495
1755873002,1787050495
1755873003,1787050495
1755873004,1787050495
1755873005,1787050495
1755873007,1787050495
1755873008,1787050495
1755873009,1787050495
1755873010,1787050495
1755873011,1787050495
1755873012,1787050495
1755873013,1787050495
1755873014,1787050495
1755873015,1787050495
1755873016,1787050495
1755873017,1787050495
1755873019,1787050495
1755873020,1787050495
1755873021,1787050495
1755873022,1787050495
1755873023,1787050495
1755873024,1787050495
1755873025,1787050495
1755873026,1787050495
1755873027,1787050495
1755873028,1787050495
1755873029,1787050495
1755873031,1787050495
1755873032,1787050495
1755873033,1787050495
1755873034,1787050495
1755873035,1787050495
1755873036,1787050495
1755873037,1787050495
1755873038,1787050495
1755873040,1787050495
1755873041,1787050495
1755873042,1787050495
1755873043,1787050495
1755873044,1787050495
1755873045,1787050495
1755873046,1787050495
1755873047,1787050495
1755873048,1787050495
1755873050,1787050495
1755873051,1787050495
1755873052,1787050495
1755873053,1787050495
1755873054,1787050495
1755873055,1787050495
1755873056,1787050495
1755873057,1787050495
1755873058,1787050495
1755873059,1787050495
1755873061,1787050495
1755873062,1787050495
1755873063,1787050495
1755873064,1787050495
1755873065,1787050495
1755873066,1787050495
1755873067,1787050495
1755873068,1787050495
1755873069,1787050495
1755873070,1787050495
1755873072,1787050495
1755873073,1787050495
1755873074,1787050495
1755873075,1787050495
1755873076,1787050495
1755873077,1787050495
1755873079,1787050495
1755873080,1787050495
1755873081,1787050495
1755873082,1787050495
1755873083,1787050495
1755873084,1787050495
1755873085,1787050495
1755873086,1787050495
1755873087,1787050495
1755873088,1787050495
1755873090,1787050495
1755873091,1787050495
1755873092,1787050495
1755873093,1787050495
1755873094,1787050495
1755873095,1787050495
1755873096,1787050495
1755873097,1787050495
1755873098,1787050495
1755873099,1787050495
1755873100,1787050495
1755873102,1787050495
1755873103,1787050495
1755873104,1787050495
1755873105,1787050495
1755873106,1787050495
1755873107,1787050495
1755873108,1787050495
1755873109,1787050495
1755873110,1787050495
1755873112,1787050495
1755873113,1787050495
1755873114,1787050495
1755873115,1787050495
1755873116,1787050495
1755873117,1787050495
1755873118,1787050495
1755873120,1787050495
1755873121,1787050495
1755873122,1787050495
1755873123,1787050495
1755873124,1787050495
1755873125,1787050495
1755873126,1787050495
1755873127,1787050495
1755873128,1787050495
1755873129,1787050495
1755873131,1787050495
1755873132,1787050495
1755873133,1787050495
1755873134,1787050495
1755873135,1787050495
1755873136,1787050495
1755873137,1787050495
1755873138,1787050495
1755873139,1787050495
1755873140,1787050495
1755873142,1787050495
1755873143,1787050495
1755873144,1787050495
1755873145,1787050495
1755873146,1787050495
1755873147,1787050495
1755873148,1787050495
1755873150,1787050495
1755873151,1787050495
1755873152,1787050495
1755873153,1787050495
1755873154,1787050495
1755873155,1787050495
1755873156,1787050495
1755873157,1787050495
1755873158,1787050495
1755873159,1787050495
1755873161,1787050495
1755873162,1787050495
1755873163,1787050495
1755873164,1787050495
1755873165,1787050495
1755873166,1787050495
1755873167,1787050495
1755873168,1787050495
1755873169,1787050495
1755873170,1787050495
1755873172,1787050495
1755873173,1787050495
1755873174,1787050495
1755873175,1787050495
1755873176,1787050495
1755873177,1787050495
1755873178,1787050495
1755873179,1787050495
1755873180,1787050495
1755873181,1787050495
1755873183,1787050495
1755873184,1787050495
1755873185,1787050495
1755873186,1787050495
1755873187,1787050495
1755873188,1787050495
1755873189,1787050495
1755873191,1787050495
1755873192,1787050495
1755873193,1787050495
1755873194,1787050495
1755873195,1787050495
1755873196,1787050495
1755873197,1787050495
1755873198,1787050495
1755873199,1787050495
1755873200,1787050495
1755873201,1787050495
1755873203,1787050495
1755873204,1787050495
1755873205,1787050495
1755873206,1787050495
1755873207,1787050495
1755873208,1787050495
1755873209,1787050495
1755873210,1787050495
1755873211,1787050495
1755873212,1787050495
1755873214,1787050495
1755873215,1787050495
1755873216,1787050495
1755873217,1787050495
1755873218,1787050495
1755873219,1787050495
1755873220,1787050495
1755873222,1787050495
1755873223,1787050495
1755873224,1787050495
1755873225,1787050495
1755873226,1787050495
1755873227,1787050495
1755873228,1787050495
1755873229,1787050495
1755873230,1787050495
1755873231,1787050495
1755873233,1787050495
1755873234,1787050495
1755873235,1787050495
1755873236,1787050495
1755873237,1787050495
1755873238,1787050495
1755873239,1787050495
1755873240,1787050495
1755873241,1787050495
1755873242,1787050495
1755873243,1787050495
1755873245,1787050495
1755873246,1787050495
1755873247,1787050495
1755873248,1787050495
1755873249,1787050495
1755873250,1787050495
1755873251,1787050495
1755873252,1787050495
1755873253,1787050495
1755873254,1787050495
1755873255,1787050495
1755873257,1787050495
1755873258,1787050495
1755873259,1787050495
1755873260,1787050495
1755873261,1787050495
1755873262,1787050495
1755873263,1787050495
1755873264,1787050495
1755873266,1787050495
1755873267,1787050495
1755873268,1787050495
1755873269,1787050495
1755873270,1787050495
1755873271,1787050495
1755873272,1787050495
1755873273,1787050495
1755873274,1787050495
1755873275,1787050495
1755873277,1787050495
1755873278,1787050495
1755873279,1787050495
1755873280,1787050495
1755873281,1787050495
1755873282,1787050495
1755873283,1787050495
1755873284,1787050495
1755873285,1787050495
1755873286,1787050495
1755873287,1787050495
1755873289,1787050495
1755873290,1787050495
1755873291,1787050495
1755873292,1787050495
1755873293,1787050495
1755873294,1787050495
1755873295,1787050495
1755873296,1787050495
1755873298,1787050495
1755873299,1787050495
1755873300,1787050495
1755873301,1787050495
1755873302,1787050495
1755873303,1787050495
1755873304,1787050495
1755873305,1787050495
1755873306,1787050495
1755873307,1787050495
1755873309,1787050495
1755873310,1787050495
1755873311,1787050495
1755873312,1787050495
1755873313,1787050495
1755873314,1787050495
1755873315,1787050495
1755873316,1787050495
1755873317,1787050495
1755873318,1787050495
1755873320,1787050495
1755873321,1787050495
1755873322,1787050495
1755873323,1787050495
1755873324,1787050495
1755873325,1787050495
1755873326,1787050495
1755873327,1787050495
1755873328,1787050495
1755873329,1787050495
1755873331,1787050495
1755873332,1787050495
1755873333,1787050495
1755873334,1787050495
1755873335,1787050495
1755873336,1787050495
1755873337,1787050495
1755873339,1787050495
1755873340,1787050495
1755873341,1787050495
1755873342,1787050495
1755873343,1787050495
1755873344,1787050495
1755873345,1787050495
1755873346,1787050495
1755873347,1787050495
1755873348,1787050495
1755873350,1787050495
1755873351,1787050495
1755873352,1787050495
1755873353,1787050495
1755873354,1787050495
1755873355,1787050495
1755873356,1787050495
1755873357,1787050495
1755873358,1787050495
1755873359,1787050495
1755873361,1787050495
1755873362,1787050495
1755873363,1787050495
1755873364,1787050495
1755873365,1787050495
1755873366,1787050495
1755873367,1787050495
1755873369,1787050495
1755873370,1787050495
1755873371,1787050495
1755873372,1787050495
1755873373,1787050495
1755873374,1787050495
1755873375,1787050495
1755873376,1787050495
1755873377,1787050495
1755873378,1787050495
1755873380,1787050495
1755873381,1787050495
1755873382,1787050495
1755873383,1787050495
1755873384,1787050495
1755873385,1787050495
1755873386,1787050495
1755873387,1787050495
1755873388,1787050495
1755873389,1787050495
1755873391,1787050495
1755873392,1787050495
1755873393,1787050495
1755873394,1787050495
1755873395,1787050495
1755873396,1787050495
1755873397,1787050495
1755873398,1787050495
1755873399,1787050495
1755873400,1787050495
1755873402,1787050495
1755873403,1787050495
1755873404,1787050495
1755873405,1787050495
1755873406,1787050495
1755873407,1787050495
1755873408,1787050495
1755873409,1787050495
1755873410,1787050495
1755873412,1787050495
1755873413,1787050495
1755873414,1787050495
1755873415,1787050495
1755873416,1787050495
1755873417,1787050495
1755873418,1787050495
1755873419,1787050495
1755873420,1787050495
1755873421,1787050495
1755873423,1787050495
1755873424,1787050495
1755873425,1787050495
1755873426,1787050495
1755873427,1787050495
1755873428,1787050495
1755873429,1787050495
1755873430,1787050495
1755873431,1787050495
1755873432,1787050495
1755873433,1787050495
1755873435,1787050495
1755873436,1787050495
1755873437,1787050495
1755873438,1787050495
1755873439,1787050495
1755873440,1787050495
1755873441,1787050495
1755873443,1787050495
1755873444,1787050495
1755873445,1787050495
1755873446,1787050495
1755873447,1787050495
1755873448,1787050495
1755873449,1787050495
1755873450,1787050495
1755873451,1787050495
1755873452,1787050495
1755873454,1787050495
1755873455,1787050495
1755873456,1787050495
1755873457,1787050495
1755873458,1787050495
1755873459,1787050495
1755873460,1787050495
1755873461,1787050495
1755873462,1787050495
1755873463,1787050495
1755873464,1787050495
1755873466,1787050495
1755873467,1787050495
1755873468,1787050495
1755873469,1787050495
1755873470,1787050495
1755873471,1787050495
1755873472,1787050495
1755873473,1787050495
1755873474,1787050495
1755873475,1787050495
1755873476,1787050495
1755873478,1787050495
1755873479,1787050495
1755873480,1787050495
1755873481,1787050495
1755873482,1787050495
1755873483,1787050495
1755873484,1787050495
1755873485,1787050495
1755873486,1787050495
1755873488,1787050495
1755873489,1787050495
1755873490,1787050495
1755873491,1787050495
1755873492,1787050495
1755873493,1787050495
1755873494,1787050495
1755873495,1787050495
1755873496,1787050495
1755873497,1787050495
1755873499,1787050495
1755873500,1787050495
1755873501,1787050495
1755873502,1787050495
1755873503,1787050495
1755873504,1787050495
1755873505,1787050495
1755873506,1787050495
1755873507,1787050495
1755873509,1787050495
1755873510,1787050495
1755873511,1787050495
1755873512,1787050495
1755873513,1787050495
1755873514,1787050495
1755873515,1787050495
1755873516,1787050495
1755873518,1787050495
1755873519,1787050495
1755873520,1787050495
1755873521,1787050495
1755873522,1787050495
1755873523,1787050495
1755873524,1787050495
1755873525,1787050495
1755873526,1787050495
1755873527,1787050495
1755873529,1787050495
1755873530,1787050495
1755873531,1787050495
1755873532,1787050495
1755873533,1787050495
1755873534,1787050495
1755873535,1787050495
1755873536,1787050495
1755873537,1787050495
1755873538,1787050495
1755873540,1787050495
1755873541,1787050495
1755873542,1787050495
1755873543,1787050495
1755873544,1787050495
1755873545,1787050495
1755873547,1787050495
1755873548,1787050495
1755873549,1787050495
1755873550,1787050495
1755873551,1787050495
1755873552,1787050495
1755873553,1787050495
1755873554,1787050495
1755873555,1787050495
1755873556,1787050495
1755873558,1787050495
1755873559,1787050495
1755873560,1787050495
1755873561,1787050495
1755873562,1787050495
1755873563,1787050495
1755873564,1787050495
1755873565,1787050495
1755873566,1787050495
1755873568,1787050495
1755873569,1787050495
1755873570,1787050495
1755873571,1787050495
1755873572,1787050495
1755873573,1787050495
1755873574,1787050495
1755873575,1787050495
1755873576,1787050495
1755873577,1787050495
1755873579,1787050495
1755873580,1787050495
1755873581,1787050495
1755873582,1787050495
1755873583,1787050495
1755873584,1787050495
1755873585,1787050495
1755873586,1787050495
1755873587,1787050495
1755873588,1787050495
1755873590,1787050495
1755873591,1787050495
1755873592,1787050495
1755873593,1787050495
1755873594,1787050495
1755873595,1787050495
1755873596,1787050495
1755873597,1787050495
1755873598,1787050495
1755873599,1787050495
1755873601,1787050495
1755873602,1787050495
1755873603,1787050495
1755873604,1787050495
1755873605,1787050495
1755873606,1787050495
1755873607,1787050495
1755873609,1787050495
1755873610,1787050495
1755873611,1787050495
1755873612,1787050495
1755873613,1787050495
1755873614,1787050495
1755873615,1787050495
1755873616,1787050495
1755873617,1787050495
1755873618,1787050495
1755873620,1787050495
1755873621,1787050495
1755873622,1787050495
1755873623,1787050495
1755873624,1787050495
1755873625,1787050495
1755873626,1787050495
1755873627,1787050495
1755873628,1787050495
1755873629,1787050495
1755873631,1787050495
1755873632,1787050495
1755873633,1787050495
1755873634,1787050495
1755873635,1787050495
1755873636,1787050495
1755873637,1787050495
1755873639,1787050495
1755873640,1787050495
1755873641,1787050495
1755873642,1787050495
1755873643,1787050495
1755873644,1787050495
1755873645,1787050495
1755873646,1787050495
1755873648,1787050495
1755873649,1787050495
1755873650,1787050495
1755873651,1787050495
1755873652,1787050495
1755873653,1787050495
1755873654,1787050495
1755873655,1787050495
1755873656,1787050495
1755873657,1787050495
1755873659,1787050495
1755873660,1787050495
1755873661,1787050495
1755873662,1787050495
1755873663,1787050495
1755873664,1787050495
1755873665,1787050495
1755873666,1787050495
1755873667,1787050495
1755873668,1787050495
1755873670,1787050495
1755873671,1787050495
1755873672,1787050495
1755873673,1787050495
1755873674,1787050495
1755873675,1787050495
1755873676,1787050495
1755873678,1787050495
1755873679,1787050495
1755873680,1787050495
1755873681,1787050495
1755873682,1787050495
1755873683,1787050495
1755873684,1787050495
1755873685,1787050495
1755873686,1787050495
1755873687,1787050495
1755873688,1787050495
1755873690,1787050495
1755873691,1787050495
1755873692,1787050495
1755873693,1787050495
1755873694,1787050495
1755873695,1787050495
1755873696,1787050495
1755873697,1787050495
1755873698,1787050495
1755873699,1787050495
1755873700,1787050495
1755873702,1787050495
1755873703,1787050495
1755873704,1787050495
1755873705,1787050495
1755873706,1787050495
1755873707,1787050495
1755873708,1787050495
1755873709,1787050495
1755873711,1787050495
1755873712,1787050495
1755873713,1787050495
1755873714,1787050495
1755873715,1787050495
1755873716,1787050495
1755873717,1787050495
1755873718,1787050495
1755873719,1787050495
1755873720,1787050495
1755873722,1787050495
1755873723,1787050495
1755873724,1787050495
1755873725,1787050495
1755873726,1787050495
1755873727,1787050495
1755873728,1787050495
1755873729,1787050495
1755873730,1787050495
1755873731,1787050495
1755873732,1787050495
1755873734,1787050495
1755873735,1787050495
1755873736,1787050495
1755873737,1787050495
1755873738,1787050495
1755873739,1787050495
1755873740,1787050495
1755873741,1787050495
1755873742,1787050495
1755873743,1787050495
1755873745,1787050495
1755873746,1787050495
1755873747,1787050495
1755873748,1787050495
1755873749,1787050495
1755873750,1787050495
1755873751,1787050495
1755873752,1787050495
1755873754,1787050495
1755873755,1787050495
1755873756,1787050495
1755873757,1787050495
1755873758,1787050495
1755873759,1787050495
1755873760,1787050495
1755873761,1787050495
1755873762,1787050495
1755873763,1787050495
1755873765,1787050495
1755873766,1787050495
1755873767,1787050495
1755873768,1787050495
1755873769,1787050495
1755873770,1787050495
1755873771,1787050495
1755873772,1787050495
1755873773,1787050495
1755873775,1787050495
1755873776,1787050495
1755873777,1787050495
1755873778,1787050495
1755873779,1787050495
1755873780,1787050495
1755873781,1787050495
1755873782,1787050495
1755873783,1787050495
1755873785,1787050495
1755873786,1787050495
1755873787,1787050495
1755873788,1787050495
1755873789,1787050495
1755873790,1787050495
1755873791,1787050495
1755873792,1787050495
1755873794,1787050495
1755873795,1787050495
1755873796,1787050495
1755873797,1787050495
1755873798,1787050495
1755873799,1787050495
1755873800,1787050495
1755873801,1787050495
1755873802,1787050495
1755873803,1787050495
1755873805,1787050495
1755873806,1787050495
1755873807,1787050495
1755873808,1787050495
1755873809,1787050495
1755873810,1787050495
1755873811,1787050495
1755873812,1787050495
1755873813,1787050495
1755873814,1787050495
1755873815,1787050495
1755873817,1787050495
1755873818,1787050495
1755873819,1787050495
1755873820,1787050495
1755873821,1787050495
1755873822,1787050495
1755873823,1787050495
1755873824,1787050495
1755873825,1787050495
1755873827,1787050495
1755873828,1787050495
1755873829,1787050495
1755873830,1787050495
1755873831,1787050495
1755873832,1787050495
1755873833,1787050495
1755873834,1787050495
1755873836,1787050495
1755873837,1787050495
1755873838,1787050495
1755873839,1787050495
1755873840,1787050495
1755873841,1787050495
1755873842,1787050495
1755873843,1787050495
1755873844,1787050495
1755873845,1787050495
1755873847,1787050495
1755873848,1787050495
1755873849,1787050495
1755873850,1787050495
1755873851,1787050495
1755873852,1787050495
1755873853,1787050495
1755873854,1787050495
1755873855,1787050495
1755873856,1787050495
1755873858,1787050495
1755873859,1787050495
1755873860,1787050495
1755873861,1787050495
1755873862,1787050495
1755873863,1787050495
1755873864,1787050495
1755873865,1787050495
1755873867,1787050495
1755873868,1787050495
1755873869,1787050495
1755873870,1787050495
1755873871,1787050495
1755873872,1787050495
1755873873,1787050495
1755873874,1787050495
1755873875,1787050495
1755873876,1787050495
1755873877,1787050495
1755873879,1787050495
1755873880,1787050495
1755873881,1787050495
1755873882,1787050495
1755873883,1787050495
1755873884,1787050495
1755873885,1787050495
1755873886,1787050495
1755873887,1787050495
1755873888,1787050495
1755873890,1787050495
1755873891,1787050495
1755873892,1787050495
1755873893,1787050495
1755873894,1787050495
1755873895,1787050495
1755873896,1787050495
1755873897,1787050495
1755873898,1787050495
1755873899,1787050495
1755873901,1787050495
1755873902,1787050495
1755873903,1787050495
1755873904,1787050495
1755873905,1787050495
1755873906,1787050495
1755873907,1787050495
1755873908,1787050495
1755873910,1787050495
1755873911,1787050495
1755873912,1787050495
1755873913,1787050495
1755873914,1787050495
1755873915,1787050495
1755873916,1787050495
1755873917,1787050495
1755873918,1787050495
1755873919,1787050495
1755873920,1787050495
1755873922,1787050495
1755873923,1787050495
1755873924,1787050495
1755873925,1787050495
1755873926,1787050495
1755873927,1787050495
1755873928,1787050495
1755873929,1787050495
1755873930,1787050495
1755873931,1787050495
1755873933,1787050495
1755873934,1787050495
1755873935,1787050495
1755873936,1787050495
1755873937,1787050495
1755873938,1787050495
1755873939,1787050495
1755873940,1787050495
1755873942,1787050495
1755873943,1787050495
1755873944,1787050495
1755873945,1787050495
1755873946,1787050495
1755873947,1787050495
1755873948,1787050495
1755873949,1787050495
1755873950,1787050495
1755873951,1787050495
1755873953,1787050495
1755873954,1787050495
1755873955,1787050495
1755873956,1787050495
1755873957,1787050495
1755873958,1787050495
1755873959,1787050495
1755873960,1787050495
1755873961,1787050495
1755873962,1787050495
1755873963,1787050495
1755873965,1787050495
1755873966,1787050495
1755873967,1787050495
1755873968,1787050495
1755873969,1787050495
1755873970,1787050495
1755873971,1787050495
1755873972,1787050495
1755873973,1787050495
1755873974,1787050495
1755873976,1787050495
1755873977,1787050495
1755873978,1787050495
1755873979,1787050495
1755873980,1787050495
1755873981,1787050495
1755873982,1787050495
1755873983,1787050495
1755873984,1787050495
1755873985,1787050495
1755873987,1787050495
1755873988,1787050495
1755873989,1787050495
1755873990,1787050495
1755873991,1787050495
1755873992,1787050495
1755873993,1787050495
1755873994,1787050495
1755873995,1787050495
1755873996,1787050495
1755873997,1787050495
1755873999,1787050495
1755874000,1787050495
1755874001,1787050495
1755874002,1787050495
1755874003,1787050495
1755874004,1787050495
1755874005,1787050495
1755874006,1787050495
1755874008,1787050495
1755874009,1787050495
1755874010,1787050495
1755874011,1787050495
1755874012,1787050495
1755874013,1787050495
1755874014,1787050495
1755874015,1787050495
1755874016,1787050495
1755874018,1787050495
1755874019,1787050495
1755874020,1787050495
1755874021,1787050495
1755874022,1787050495
1755874023,1787050495
1755874024,1787050495
1755874025,1787050495
1755874026,1787050495
1755874027,1787050495
1755874029,1787050495
1755874030,1787050495
1755874031,1787050495
1755874032,1787050495
1755874033,1787050495
1755874034,1787050495
1755874035,1787050495
1755874036,1787050495
1755874037,1787050495
1755874038,1787050495
1755874040,1787050495
1755874041,1787050495
1755874042,1787050495
1755874043,1787050495
1755874044,1787050495
1755874045,1787050495
1755874046,1787050495
1755874047,1787050495
1755874048,1787050495
1755874050,1787050495
1755874051,1787050495
1755874052,1787050495
1755874053,1787050495
1755874054,1787050495
1755874055,1787050495
1755874056,1787050495
1755874057,1787050495
1755874059,1787050495
1755874060,1787050495
1755874061,1787050495
1755874062,1787050495
1755874063,1787050495
1755874064,1787050495
1755874065,1787050495
1755874066,1787050495
1755874067,1787050495
1755874068,1787050495
1755874069,1787050495
1755874071,1787050495
1755874072,1787050495
1755874073,1787050495
1755874074,1787050495
1755874075,1787050495
1755874076,1787050495
1755874077,1787050495
1755874078,1787050495
1755874079,1787050495
1755874080,1787050495
1755874082,1787050495
1755874083,1787050495
1755874084,1787050495
1755874085,1787050495
1755874086,1787050495
1755874087,1787050495
1755874088,1787050495
1755874090,1787050495
1755874091,1787050495
1755874092,1787050495
1755874093,1787050495
1755874094,1787050495
1755874095,1787050495
1755874096,1787050495
1755874097,1787050495
1755874098,1787050495
1755874099,1787050495
1755874100,1787050495
1755874102,1787050495
1755874103,1787050495
1755874104,1787050495
1755874105,1787050495
1755874106,1787050495
1755874107,1787050495
1755874108,1787050495
1755874109,1787050495
1755874110,1787050495
1755874111,1787050495
1755874112,1787050495
1755874114,1787050495
1755874115,1787050495
1755874116,1787050495
1755874117,1787050495
1755874118,1787050495
1755874119,1787050495
1755874120,1787050495
1755874121,1787050495
1755874122,1787050495
1755874124,1787050495
1755874125,1787050495
1755874126,1787050495
1755874127,1787050495
1755874128,1787050495
1755874129,1787050495
1755874130,1787050495
1755874131,1787050495
1755874132,1787050495
1755874134,1787050495
1755874135,1787050495
1755874136,1787050495
1755874137,1787050495
1755874138,1787050495
1755874139,1787050495
1755874140,1787050495
1755874141,1787050495
1755874142,1787050495
1755874143,1787050495
1755874145,1787050495
1755874146,1787050495
1755874147,1787050495
1755874148,1787050495
1755874149,1787050495
1755874150,1787050495
1755874151,1787050495
1755874152,1787050495
1755874153,1787050495
1755874154,1787050495
1755874155,1787050495
1755874157,1787050495
1755874158,1787050495
1755874159,1787050495
1755874160,1787050495
1755874161,1787050495
1755874162,1787050495
1755874163,1787050495
1755874164,1787050495
1755874166,1787050495
1755874167,1787050495
1755874168,1787050495
1755874169,1787050495
1755874170,1787050495
1755874171,1787050495
1755874172,1787050495
1755874173,1787050495
1755874174,1787050495
1755874175,1787050495
1755874176,1787050495
1755874178,1787050495
1755874179,1787050495
1755874180,1787050495
1755874181,1787050495
1755874182,1787050495
1755874183,1787050495
1755874184,1787050495
1755874185,1787050495
1755874186,1787050495
1755874187,1787050495
1755874188,1787050495
1755874190,1787050495
1755874191,1787050495
1755874192,1787050495
1755874193,1787050495
1755874194,1787050495
1755874195,1787050495
1755874196,1787050495
1755874197,1787050495
1755874199,1787050495
1755874200,1787050495
1755874201,1787050495
1755874202,1787050495
1755874203,1787050495
1755874204,1787050495
1755874205,1787050495
1755874206,1787050495
1755874207,1787050495
1755874208,1787050495
1755874209,1787050495
1755874211,1787050495
1755874212,1787050495
1755874213,1787050495
1755874214,1787050495
1755874215,1787050495
1755874216,1787050495
1755874217,1787050495
1755874218,1787050495
1755874219,1787050495
1755874220,1787050495
1755874222,1787050495
1755874223,1787050495
1755874224,1787050495
1755874225,1787050495
1755874226,1787050495
1755874227,1787050495
1755874228,1787050495
1755874229,1787050495
1755874231,1787050495
1755874232,1787050495
1755874233,1787050495
1755874234,1787050495
1755874235,1787050495
1755874236,1787050495
1755874237,1787050495
1755874238,1787050495
1755874239,1787050495
1755874241,1787050495
1755874242,1787050495
1755874243,1787050495
1755874244,1787050495
1755874245,1787050495
1755874246,1787050495
1755874247,1787050495
1755874248,1787050495
1755874249,1787050495
1755874250,1787050495
1755874251,1787050495
1755874253,1787050495
1755874254,1787050495
1755874255,1787050495
1755874256,1787050495
1755874257,1787050495
1755874258,1787050495
1755874259,1787050495
1755874260,1787050495
1755874261,1787050495
1755874262,1787050495
1755874263,1787050495
1755874265,1787050495
1755874266,1787050495
1755874267,1787050495
1755874268,1787050495
1755874269,1787050495
1755874270,1787050495
1755874271,1787050495
1755874273,1787050495
1755874274,1787050495
1755874275,1787050495
1755874276,1787050495
1755874277,1787050495
1755874278,1787050495
1755874279,1787050495
1755874280,1787050495
1755874281,1787050495
1755874282,1787050495
1755874284,1787050495
1755874285,1787050495
1755874286,1787050495
1755874287,1787050495
1755874288,1787050495
1755874289,1787050495
1755874290,1787050495
1755874291,1787050495
1755874292,1787050495
1755874293,1787050495
1755874294,1787050495
1755874296,1787050495
1755874297,1787050495
1755874298,1787050495
1755874299,1787050495
1755874300,1787050495
1755874301,1787050495
1755874302,1787050495
1755874303,1787050495
1755874305,1787050495
1755874306,1787050495
1755874307,1787050495
1755874308,1787050495
1755874309,1787050495
1755874310,1787050495
1755874311,1787050495
1755874312,1787050495
1755874313,1787050495
1755874314,1787050495
1755874316,1787050495
1755874317,1787050495
1755874318,1787050495
1755874319,1787050495
1755874320,1787050495
1755874321,1787050495
1755874322,1787050495
1755874323,1787050495
1755874324,1787050495
1755874325,1787050495
1755874327,1787050495
1755874328,1787050495
1755874329,1787050495
1755874330,1787050495
1755874331,1787050495
1755874332,1787050495
1755874333,1787050495
1755874334,1787050495
1755874335,1787050495
1755874336,1787050495
1755874337,1787050495
1755874339,1787050495
1755874340,1787050495
1755874341,1787050495
1755874342,1787050495
1755874343,1787050495
1755874344,1787050495
1755874345,1787050495
1755874346,1787050495
1755874348,1787050495
1755874349,1787050495
1755874350,1787050495
1755874351,1787050495
1755874352,1787050495
1755874353,1787050495
1755874354,1787050495
1755874355,1787050495
1755874356,1787050495
1755874357,1787050495
1755874358,1787050495
1755874360,1787050495
1755874361,1787050495
1755874362,1787050495
1755874363,1787050495
1755874364,1787050495
1755874365,1787050495
1755874366,1787050495
1755874367,1787050495
1755874368,1787050495
1755874369,1787050495
1755874370,1787050495
1755874372,1787050495
1755874373,1787050495
1755874374,1787050495
1755874375,1787050495
1755874376,1787050495
1755874377,1787050495
1755874378,1787050495
1755874380,1787050495
1755874381,1787050495
1755874382,1787050495
1755874383,1787050495
1755874384,1787050495
1755874385,1787050495
1755874386,1787050495
1755874387,1787050495
1755874388,1787050495
1755874389,1787050495
1755874391,1787050495
1755874392,1787050495
1755874393,1787050495
1755874394,1787050495
1755874395,1787050495
1755874396,1787050495
1755874397,1787050495
1755874398,1787050495
1755874399,1787050495
1755874400,1787050495
1755874402,1787050495
1755874403,1787050495
1755874404,1787050495
1755874405,1787050495
1755874406,1787050495
1755874407,1787050495
1755874408,1787050495
1755874409,1787050495
1755874410,1787050495
1755874411,1787050495
1755874413,1787050495
1755874414,1787050495
1755874415,1787050495
1755874416,1787050495
1755874417,1787050495
1755874418,1787050495
1755874419,1787050495
1755874420,1787050495
1755874422,1787050495
1755874423,1787050495
1755874424,1787050495
1755874425,1787050495
1755874426,1787050495
1755874427,1787050495
1755874428,1787050495
1755874429,1787050495
1755874430,1787050495
1755874431,1787050495
1755874433,1787050495
1755874434,1787050495
1755874435,1787050495
1755874436,1787050495
1755874437,1787050495
1755874438,1787050495
1755874439,1787050495
1755874440,1787050495
1755874441,1787050495
1755874442,1787050495
1755874444,1787050495
1755874445,1787050495
1755874446,1787050495
1755874447,1787050495
1755874448,1787050495
1755874449,1787050495
1755874450,1787050495
1755874451,1787050495
1755874453,1787050495
1755874454,1787050495
1755874455,1787050495
1755874456,1787050495
1755874457,1787050495
1755874458,1787050495
1755874459,1787050495
1755874460,1787050495
1755874461,1787050495
1755874463,1787050495
1755874464,1787050495
1755874465,1787050495
1755874466,1787050495
1755874467,1787050495
1755874468,1787050495
1755874469,1787050495
1755874470,1787050495
1755874471,1787050495
1755874472,1787050495
1755874473,1787050495
1755874475,1787050495
1755874476,1787050495
1755874477,1787050495
1755874478,1787050495
1755874479,1787050495
1755874480,1787050495
1755874481,1787050495
1755874482,1787050495
1755874483,1787050495
1755874484,1787050495
1755874486,1787050495
1755874487,1787050495
1755874488,1787050495
1755874489,1787050495
1755874490,1787050495
1755874491,1787050495
1755874492,1787050495
1755874493,1787050495
1755874494,1787050495
1755874496,1787050495
1755874497,1787050495
1755874498,1787050495
1755874499,1787050495
1755874500,1787050495
1755874501,1787050495
1755874502,1787050495
1755874503,1787050495
1755874504,1787050495
1755874505,1787050495
1755874507,1787050495
1755874508,1787050495
1755874509,1787050495
1755874510,1787050495
1755874511,1787050495
1755874512,1787050495
1755874513,1787050495
1755874514,1787050495
1755874515,1787050495
1755874516,1787050495
1755874518,1787050495
1755874519,1787050495
1755874520,1787050495
1755874521,1787050495
1755874522,1787050495
1755874523,1787050495
1755874524,1787050495
1755874525,1787050495
1755874527,1787050495
1755874528,1787050495
1755874529,1787050495
1755874530,1787050495
1755874531,1787050495
1755874532,1787050495
1755874533,1787050495
1755874534,1787050495
1755874535,1787050495
1755874536,1787050495
1755874538,1787050495
1755874539,1787050495
1755874540,1787050495
1755874541,1787050495
1755874542,1787050495
1755874543,1787050495
1755874544,1787050495
1755874545,1787050495
1755874546,1787050495
1755874548,1787050495
1755874549,1787050495
1755874550,1787050495
1755874551,1787050495
1755874552,1787050495
1755874553,1787050495
1755874554,1787050495
1755874555,1787050495
1755874556,1787050495
1755874557,1787050495
1755874559,1787050495
1755874560,1787050495
1755874561,1787050495
1755874562,1787050495
1755874563,1787050495
1755874564,1787050495
1755874565,1787050495
1755874566,1787050495
1755874567,1787050495
1755874569,1787050495
1755874570,1787050495
1755874571,1787050495
1755874572,1787050495
1755874573,1787050495
1755874574,1787050495
1755874575,1787050495
1755874576,1787050495
1755874577,1787050495
1755874578,1787050495
1755874579,1787050495
1755874581,1787050495
1755874582,1787050495
1755874583,1787050495
1755874584,1787050495
1755874585,1787050495
1755874586,1787050495
1755874587,1787050495
1755874588,1787050495
1755874589,1787050495
1755874590,1787050495
1755874592,1787050495
1755874593,1787050495
1755874594,1787050495
1755874595,1787050495
1755874596,1787050495
1755874597,1787050495
1755874598,1787050495
1755874599,1787050495
1755874601,1787050495
1755874602,1787050495
1755874603,1787050495
1755874604,1787050495
1755874605,1787050495
1755874606,1787050495
1755874607,1787050495
1755874608,1787050495
1755874609,1787050495
1755874610,1787050495
1755874612,1787050495
1755874613,1787050495
1755874614,1787050495
1755874615,1787050495
1755874616,1787050495
1755874617,1787050495
1755874618,1787050495
1755874619,1787050495
1755874620,1787050495
1755874621,1787050495
1755874623,1787050495
1755874624,1787050495
1755874625,1787050495
1755874626,1787050495
1755874627,1787050495
1755874628,1787050495
1755874629,1787050495
1755874630,1787050495
1755874631,1787050495
1755874632,1787050495
1755874634,1787050495
1755874635,1787050495
1755874636,1787050495
1755874637,1787050495
1755874638,1787050495
1755874639,1787050495
1755874640,1787050495
1755874641,1787050495
1755874643,1787050495
1755874644,1787050495
1755874645,1787050495
1755874646,1787050495
1755874647,1787050495
1755874648,1787050495
1755874649,1787050495
1755874650,1787050495
1755874651,1787050495
1755874652,1787050495
1755874654,1787050495
1755874655,1787050495
1755874656,1787050495
1755874657,1787050495
1755874658,1787050495
1755874659,1787050495
1755874660,1787050495
1755874661,1787050495
1755874662,1787050495
1755874663,1787050495
1755874664,1787050495
1755874666,1787050495
1755874667,1787050495
1755874668,1787050495
1755874669,1787050495
1755874670,1787050495
1755874671,1787050495
1755874672,1787050495
1755874673,1787050495
1755874675,1787050495
1755874676,1787050495
1755874677,1787050495
1755874678,1787050495
1755874679,1787050495
1755874680,1787050495
1755874681,1787050495
1755874682,1787050495
1755874683,1787050495
1755874685,1787050495
1755874686,1787050495
1755874687,1787050495
1755874688,1787050495
1755874689,1787050495
1755874690,1787050495
1755874691,1787050495
1755874692,1787050495
1755874693,1787050495
1755874694,1787050495
1755874695,1787050495
1755874697,1787050495
1755874698,1787050495
1755874699,1787050495
1755874700,1787050495
1755874701,1787050495
1755874702,1787050495
1755874703,1787050495
1755874704,1787050495
1755874705,1787050495
1755874706,1787050495
1755874707,1787050495
1755874709,1787050495
1755874710,1787050495
1755874711,1787050495
1755874712,1787050495
1755874713,1787050495
1755874714,1787050495
1755874715,1787050495
1755874717,1787066197
1755874718,1787076161
1755874719,1787081707
1755874720,1787155350
1755874721,1787174974
1755874722,1787174974
1755874723,1787174974
1755874724,1787174974
1755874725,1787174974
1755874726,1787174974
1755874728,1787175015
1755874729,1787175015
1755874730,1787175015
1755874731,1787175015
1755874732,1787175015
1755874733,1787175015
1755874734,1787193432
1755874735,1787267272
1755874736,1787340306
1755874737,1787412187
1755874738,1787482320
1755874740,1787552578
1755874741,1787625502
1755874742,1787697966
1755874743,1787770513
1755874744,1787842941
1755874745,1787916123
1755874746,1787988657
1755874747,1788061095
1755874748,1788133542
1755874749,1788205821
1755874750,1788278029
1755874752,1788350144
1755874753,1788422158
1755874754,1788494218
1755874755,1788566685
1755874756,1788639168
1755874757,1788711930
1755874758,1788783898
1755874759,1788855915
1755874760,1788927996
1755874761,1788999922
1755874763,1789070085
1755874764,1789138552
1755874765,1789208387
1755874766,1789280430
1755874767,1789352268
1755874768,1789424074
1755874769,1789495740
1755874770,1789567737
1755874771,1789639710
1755874772,1789711271
1755874773,1789783009
1755874775,1789854772
1755874776,1789926973
1755874777,1789998768
1755874778,1790070666
1755874779,1790142460
1755874780,1790214368
1755874781,1790286125
1755874782,1790357897
1755874783,1790429838
1755874784,1790501773
1755874785,1790574176
1755874787,1790646080
1755874788,1790715882
1755874789,1790784582
1755874790,1790854522
1755874791,1790926336
1755874792,1790998059
1755874793,1791069990
1755874794,1791141767
1755874795,1791213984
1755874796,1791285814
1755874798,1791357611
1755874799,1791429104
1755874800,1791501000
1755874801,1791572802
1755874802,1791644455
1755874803,1791716099
1755874804,1791787805
1755874805,1791859703
1755874806,1791931501
1755874807,1792003258
1755874808,1792074806
1755874810,1792146552
1755874811,1792218197
1755874812,1792289702
1755874813,1792358862
1755874814,1792427131
1755874815,1792496975
1755874816,1792568900
1755874817,1792640222
1755874818,1792711728
1755874819,1792783261
1755874821,1792854673
1755874822,1792925992
1755874823,1792997373
1755874824,1793068821
1755874825,1793140147
1755874826,1793211861
1755874827,1793283214
1755874828,1793354603
1755874829,1793426121
1755874830,1793497907
1755874831,1793569631
1755874833,1793640927
1755874834,1793712102
1755874835,1793783285
1755874836,1793854918
1755874837,1793926155
1755874838,1793994623
1755874839,1794062357
1755874840,1794131939
1755874841,1794203037
1755874842,1794274234
1755874843,1794345252
1755874845,1794416503
1755874846,1794488751
1755874847,1794561018
1755874848,1794632215
1755874849,1794703378
1755874850,1794774605
1755874851,1794845733
1755874852,1794916704
1755874853,1794987697
1755874854,1795058737
1755874856,1795129959
1755874857,1795201385
1755874858,1795272527
1755874859,1795343547
1755874860,1795414662
1755874861,1795486434
1755874862,1795557831
1755874863,1795625458
1755874864,1795692693
1755874865,1795762301
1755874867,1795833421
1755874868,1795904426
1755874869,1795975325
1755874870,1796046241
1755874871,1796117149
1755874872,1796188004
1755874873,1796258880
1755874874,1796329610
1755874875,1796400338
1755874876,1796471437
1755874877,1796542846
1755874879,1796613744
1755874880,1796684592
1755874881,1796755363
1755874882,1796826148
1755874883,1796896973
1755874884,1796967728
1755874885,1797038452
1755874886,1797109228
1755874887,1797179683
1755874888,1797247042
1755874890,1797314234
1755874891,1797384385
1755874892,1797455973
1755874893,1797526600
1755874894,1797597283
1755874895,1797667892
1755874896,1797738375
1755874897,1797809237
1755874898,1797880201
1755874899,1797950872
1755874900,1798021478
1755874902,1798092125
1755874903,1798162718
1755874904,1798233426
1755874905,1798303959
1755874906,1798375262
1755874907,1798446526
1755874908,1798517624
1755874909,1798588203
1755874910,1798658745
1755874911,1798729432
1755874913,1798798656
1755874914,1798865738
1755874915,1798932755
1755874916,1799002661
1755874917,1799072864
1755874918,1799143620
1755874919,1799213984
1755874920,1799284624
1755874921,1799355364
1755874922,1799426431
1755874924,1799496810
1755874925,1799567120
1755874926,1799637580
1755874927,1799707778
1755874928,1799777986
1755874929,1799848681
1755874930,1799919256
1755874931,1799989669
1755874932,1800060024
1755874933,1800130460
1755874934,1800200795
1755874936,1800271199
1755874937,1800342717
1755874938,1800412181
1755874939,1800479582
1755874940,1800546446
1755874941,1800616838
1755874942,1800687230
1755874943,1800757602
1755874944,1800827866
1755874945,1800898228
1755874947,1800968532
1755874948,1801038802
1755874949,1801109098
1755874950,1801179790
1755874951,1801250329
1755874952,1801321052
1755874953,1801391425
1755874954,1801461740
1755874955,1801532157
1755874956,1801602401
1755874957,1801672618
1755874959,1801742828
1755874960,1801813443
1755874961,1801883757
1755874962,1801954159
1755874963,1802022363
1755874964,1802089035
1755874965,1802156082
1755874966,1802227026
1755874967,1802297851
1755874968,1802367977
1755874970,1802438147
1755874971,1802508546
1755874972,1802578643
1755874973,1802648715
1755874974,1802718994
1755874975,1802788949
1755874976,1802859184
1755874977,1802929209
1755874978,1802999387
1755874979,1803069498
1755874980,1803140001
1755874982,1803210178
1755874983,1803280285
1755874984,1803350323
1755874985,1803420436
1755874986,1803490524
1755874987,1803560665
1755874988,1803628164
1755874989,1803694713
1755874990,1803761941
1755874991,1803832362
1755874992,1803902333
1755874994,1803972377
1755874995,1804042501
1755874996,1804112780
1755874997,1804182756
1755874998,1804252709
1755874999,1804322616
1755875000,1804392533
1755875001,1804462793
1755875002,1804532769
1755875003,1804602729
1755875005,1804672854
1755875006,1804742828
1755875007,1804812578
1755875008,1804882706
1755875009,1804952659
1755875010,1805022630
1755875011,1805092541
1755875012,1805162692
1755875013,1805230035
1755875014,1805296411
1755875015,1805363978
1755875017,1805433885
1755875018,1805503817
1755875019,1805573717
1755875020,1805643683
1755875021,1805713562
1755875022,1805783887
1755875023,1805854040
1755875024,1805924025
1755875025,1805994210
1755875026,1806064939
1755875028,1806135153
1755875029,1806205128
1755875030,1806275254
1755875031,1806345205
1755875032,1806415231
1755875033,1806485689
1755875034,1806555828
1755875035,1806626034
1755875036,1806696241
1755875037,1806766229
1755875038,1806833428
1755875040,1806899988
1755875041,1806968288
1755875042,1807038260
1755875043,1807108648
1755875044,1807178740
1755875045,1807248775
1755875046,1807318817
1755875047,1807388752
1755875048,1807458938
1755875049,1807528890
1755875051,1807598792
1755875052,1807668654
1755875053,1807738656
1755875054,1807808995
1755875055,1807879878
1755875056,1807950553
1755875057,1808020451
1755875058,1808090395
1755875059,1808160481
1755875060,1808230382
1755875061,1808300516
1755875063,1808370160
1755875064,1808437267
1755875065,1808503983
1755875066,1808572853
1755875067,1808642711
1755875068,1808712709
1755875069,1808782494
1755875070,1808852465
1755875071,1808922207
1755875072,1808992149
1755875074,1809062025
1755875075,1809132325
1755875076,1809202336
1755875077,1809272238
1755875078,1809342329
1755875079,1809412279
1755875080,1809482329
1755875081,1809552284
1755875082,1809622237
1755875083,1809692079
1755875084,1809762475
1755875086,1809832548
1755875087,1809902582
1755875088,1809971938
1755875089,1810038565
1755875090,1810104969
1755875091,1810173963
1755875092,1810243844
1755875093,1810313702
1755875094,1810383608
1755875095,1810454013
1755875097,1810524279
1755875098,1810594199
1755875099,1810664128
1755875100,1810734234
1755875101,1810804146
1755875102,1810874102
1755875103,1810944001
1755875104,1811013954
1755875105,1811084207
1755875106,1811154391
1755875107,1811224314
1755875109,1811294453
1755875110,1811364495
1755875111,1811434587
1755875112,1811504586
1755875113,1811573398
1755875114,1811640085
1755875115,1811706985
1755875116,1811776828
1755875117,1811846750
1755875118,1811916696
1755875119,1811986523
1755875121,1812056440
1755875122,1812126323
1755875123,1812196148
1755875124,1812265994
1755875125,1812335771
1755875126,1812406109
1755875127,1812476090
1755875128,1812546164
1755875129,1812616167
1755875130,1812686170
1755875132,1812756037
1755875133,1812825987
1755875134,1812895824
1755875135,1812965615
1755875136,1813035428
1755875137,1813105928
1755875138,1813174627
1755875139,1813241268
1755875140,1813307390
1755875141,1813376830
1755875142,1813446519
1755875144,1813516183
1755875145,1813586103
1755875146,1813655814
1755875147,1813725968
1755875148,1813795852
1755875149,1813865772
1755875150,1813935772
1755875151,1814005532
1755875152,1814075352
1755875153,1814145239
1755875155,1814214901
1755875156,1814284725
1755875157,1814354329
1755875158,1814424639
1755875159,1814495162
1755875160,1814564988
1755875161,1814634863
1755875162,1814704730
1755875163,1814772683
1755875164,1814839324
1755875165,1814905713
1755875167,1814975323
1755875168,1815045506
1755875169,1815115292
1755875170,1815185038
1755875171,1815254797
1755875172,1815324648
1755875173,1815394337
1755875174,1815463807
1755875175,1815533484
1755875176,1815603087
1755875177,1815672633
1755875179,1815742988
1755875180,1815812828
1755875181,1815882535
1755875182,1815952294
1755875183,1816021969
1755875184,1816091650
1755875185,1816161297
1755875186,1816231087
1755875187,1816301219
1755875188,1816369507
1755875190,1816436041
1755875191,1816502385
1755875192,1816572182
1755875193,1816642075
1755875194,1816711757
1755875195,1816781580
1755875196,1816851313
1755875197,1816920991
1755875198,1816990958
1755875199,1817060969
1755875200,1817130797
1755875202,1817200579
1755875203,1817270467
1755875204,1817340290
1755875205,1817410150
1755875206,1817479944
1755875207,1817549806
1755875208,1817619521
1755875209,1817689561
1755875210,1817759576
1755875211,1817829505
1755875213,1817899643
1755875214,1817967188
1755875215,1818033481
1755875216,1818100535
1755875217,1818170493
1755875218,1818240331
1755875219,1818309908
1755875220,1818380105
1755875221,1818450148
1755875222,1818520054
1755875223,1818589859
1755875225,1818659602
1755875226,1818729312
1755875227,1818798987
1755875228,1818868677
1755875229,1818938273
1755875230,1819007874
1755875231,1819078733
1755875232,1819149439
1755875233,1819219148
1755875234,1819288927
1755875236,1819358664
1755875237,1819428417
1755875238,1819498124
1755875239,1819565258
1755875240,1819631797
1755875241,1819699566
1755875242,1819769213
1755875243,1819838901
1755875244,1819908540
1755875245,1819978315
1755875246,1820048063
1755875248,1820117797
1755875249,1820187408
1755875250,1820257423
1755875251,1820327103
1755875252,1820397184
1755875253,1820467077
1755875254,1820536946
1755875255,1820606695
1755875256,1820676545
1755875257,1820746274
1755875259,1820816088
1755875260,1820885868
1755875261,1820955424
1755875262,1821025630
1755875263,1821095467
1755875264,1821162381
1755875265,1821228731
1755875266,1821296831
1755875267,1821366368
1755875268,1821436008
1755875269,1821505529
1755875271,1821575309
1755875272,1821644946
1755875273,1821715144
1755875274,1821785069
1755875275,1821854692
1755875276,1821924353
1755875277,1821994023
1755875278,1822063860
1755875279,1822133513
1755875280,1822203225
1755875281,1822273062
1755875283,1822343163
1755875284,1822413007
1755875285,1822482706
1755875286,1822552386
1755875287,1822622271
1755875288,1822691802
1755875289,1822758888
1755875290,1822825569
1755875291,1822893627
1755875292,1822963395
1755875294,1823033335
1755875295,1823103202
1755875296,1823172890
1755875297,1823242631
1755875298,1823312531
1755875299,1823382161
1755875300,1823451942
1755875301,1823521643
1755875302,1823591246
1755875303,1823661439
1755875304,1823732092
1755875306,1823801921
1755875307,1823871835
1755875308,1823941718
1755875309,1824011567
1755875310,1824081314
1755875311,1824150942
1755875312,1824220812
1755875313,1824289952
1755875314,1824357152
1755875315,1824423471
1755875317,1824492167
1755875318,1824561691
1755875319,1824631544
1755875320,1824701181
1755875321,1824770887
1755875322,1824840517
1755875323,1824910070
1755875324,1824980168
1755875325,1825049998
1755875326,1825119781
1755875327,1825189524
1755875329,1825259199
1755875330,1825329041
1755875331,1825398798
1755875332,1825468616
1755875333,1825538310
1755875334,1825608049
1755875335,1825678236
1755875336,1825748151
1755875337,1825818105
1755875338,1825886940
1755875339,1825953314
1755875341,1826019549
1755875342,1826088613
1755875343,1826158280
1755875344,1826228044
1755875345,1826297845
1755875346,1826367689
1755875347,1826437609
1755875348,1826507747
1755875349,1826577496
1755875350,1826647261
1755875352,1826716980
1755875353,1826786620
1755875354,1826856202
1755875355,1826925945
1755875356,1826996138
1755875357,1827065887
1755875358,1827135768
1755875359,1827205437
1755875360,1827275266
1755875361,1827344989
1755875362,1827414656
1755875364,1827483374
1755875365,1827549817
1755875366,1827616282
1755875367,1827686029
1755875368,1827755656
1755875369,1827825317
1755875370,1827895007
1755875371,1827964807
1755875372,1828034590
1755875373,1828104407
1755875375,1828174041
1755875376,1828243736
1755875377,1828313694
1755875378,1828383516
1755875379,1828453302
1755875380,1828522918
1755875381,1828592760
1755875382,1828662512
1755875383,1828732293
1755875384,1828801888
1755875385,1828871466
1755875387,1828941126
1755875388,1829011211
1755875389,1829079829
1755875390,1829146350
1755875391,1829212427
1755875392,1829282156
1755875393,1829351786
1755875394,1829421406
1755875395,1829491079
1755875396,1829560771
1755875397,1829630904
1755875399,1829700652
1755875400,1829770359
1755875401,1829840026
1755875402,1829909758
1755875403,1829979388
1755875404,1830049239
1755875405,1830119000
1755875406,1830188731
1755875407,1830258348
1755875408,1830328485
1755875410,1830398305
1755875411,1830467996
1755875412,1830537763
1755875413,1830607633
1755875414,1830675703
1755875415,1830742176
1755875416,1830808663
1755875417,1830878312
1755875418,1830948268
1755875419,1831018200
1755875420,1831087967
1755875422,1831157898
1755875423,1831227833
1755875424,1831297675
1755875425,1831367355
1755875426,1831437107
1755875427,1831506795
1755875428,1831576422
1755875429,1831646512
1755875430,1831716497
1755875431,1831786305
1755875433,1831856124
1755875434,1831925882
1755875435,1831995703
1755875436,1832065546
1755875437,1832136009
1755875438,1832205752
1755875439,1832273780
1755875440,1832340000
1755875441,1832407006
1755875442,1832476707
1755875443,1832546337
1755875445,1832616046
1755875446,1832685877
1755875447,1832755418
1755875448,1832825038
1755875449,1832894872
1755875450,1832965159
1755875451,1833035635
1755875452,1833106073
1755875453,1833175828
1755875454,1833245500
1755875456,1833315221
1755875457,1833384928
1755875458,1833454871
1755875459,1833524566
1755875460,1833594555
1755875461,1833664376
1755875462,1833734082
1755875463,1833803919
1755875464,1833871131
1755875465,1833937435
1755875466,1834005455
1755875468,1834075832
1755875469,1834145635
1755875470,1834215153
1755875471,1834285008
1755875472,1834354735
1755875473,1834424500
1755875474,1834494341
1755875475,1834563916
1755875476,1834633640
1755875477,1834703386
1755875479,1834773193
1755875480,1834842791
1755875481,1834912576
1755875482,1834982722
1755875483,1835052458
1755875484,1835122322
1755875485,1835192011
1755875486,1835261716
1755875487,1835331581
1755875488,1835401206
1755875489,1835468102
1755875491,1835534307
1755875492,1835602448
1755875493,1835672014
1755875494,1835741865
1755875495,1835811508
1755875496,1835881211
1755875497,1835950913
1755875498,1836020517
1755875499,1836090375
1755875500,1836160072
1755875502,1836229896
1755875503,1836299985
1755875504,1836369761
1755875505,1836439714
1755875506,1836509613
1755875507,1836579439
1755875508,1836649377
1755875509,1836719160
1755875510,1836789361
1755875511,1836859434
1755875512,1836929537
1755875514,1836999179
1755875515,1837065701
1755875516,1837132440
1755875517,1837200940
1755875518,1837270650
1755875519,1837340293
1755875520,1837409890
1755875521,1837479590
1755875522,1837549108
1755875523,1837619247
1755875525,1837689221
1755875526,1837759842
1755875527,1837830208
1755875528,1837900006
1755875529,1837969727
1755875530,1838039504
1755875531,1838109084
1755875532,1838178782
1755875533,1838249019
1755875534,1838318899
1755875535,1838388742
1755875537,1838458532
1755875538,1838528378
1755875539,1838597592
1755875540,1838663957
1755875541,1838730673
1755875542,1838799273
1755875543,1838868946
1755875544,1838939351
1755875545,1839009073
1755875546,1839078788
1755875548,1839148396
1755875549,1839218170
1755875550,1839287845
1755875551,1839357440
1755875552,1839427227
1755875553,1839496855
1755875554,1839566917
1755875555,1839636602
1755875556,1839706905
1755875557,1839776725
1755875558,1839846423
1755875560,1839916292
1755875561,1839986016
1755875562,1840055761
1755875563,1840125531
1755875564,1840194158
1755875565,1840261067
1755875566,1840327095
1755875567,1840396155
1755875568,1840465866
1755875569,1840535696
1755875571,1840605349
1755875572,1840675797
1755875573,1840745401
1755875574,1840814946
1755875575,1840884986
1755875576,1840954824
1755875577,1841024515
1755875578,1841094237
1755875579,1841163880
1755875580,1841233492
1755875581,1841303207
1755875583,1841372889
1755875584,1841442529
1755875585,1841512293
1755875586,1841582312
1755875587,1841651954
1755875588,1841721702
1755875589,1841790340
1755875590,1841856739
1755875591,1841922590
1755875592,1841991905
1755875594,1842061454
1755875595,1842131014
1755875596,1842200719
1755875597,1842270503
1755875598,1842340096
1755875599,1842409685
1755875600,1842479798
1755875601,1842550068
1755875602,1842619811
1755875603,1842689347
1755875604,1842758859
1755875606,1842828234
1755875607,1842898344
1755875608,1842968173
1755875609,1843037703
1755875610,1843107509
1755875611,1843177019
1755875612,1843246696
1755875613,1843316308
1755875614,1843384343
1755875615,1843450572
1755875617,1843516697
1755875618,1843586703
1755875619,1843656200
1755875620,1843725762
1755875621,1843795348
1755875622,1843864827
1755875623,1843934476
1755875624,1844003921
1755875625,1844073449
1755875626,1844143045
1755875627,1844212935
1755875629,1844282516
1755875630,1844353199
1755875631,1844423689
1755875632,1844493377
1755875633,1844562915
1755875634,1844632475
1755875635,1844701943
1755875636,1844771391
1755875637,1844840942
1755875638,1844911027
1755875640,1844978354
1755875641,1845044525
1755875642,1845111192
1755875643,1845180634
1755875644,1845250249
1755875645,1845319639
1755875646,1845388976
1755875647,1845458470
1755875648,1845528304
1755875649,1845597807
1755875650,1845667306
1755875652,1845736908
1755875653,1845806405
1755875654,1845876076
1755875655,1845945505
1755875656,1846015103
1755875657,1846084471
1755875658,1846153958
1755875659,1846224155
1755875660,1846294271
1755875661,1846363998
1755875662,1846433519
1755875664,1846503061
1755875665,1846570009
1755875666,1846636130
1755875667,1846703192
1755875668,1846772633
1755875669,1846842486
1755875670,1846912061
1755875671,1846981591
1755875672,1847050990
1755875673,1847120719
1755875675,1847190848
1755875676,1847260309
1755875677,1847329912
1755875678,1847399407
1755875679,1847468906
1755875680,1847538744
1755875681,1847608309
1755875682,1847677730
1755875683,1847747440
1755875684,1847816984
1755875685,1847886564
1755875687,1847955951
1755875688,1848025333
1755875689,1848094535
1755875690,1848161495
1755875691,1848228225
1755875692,1848295375
1755875693,1848364847
1755875694,1848434289
1755875695,1848503773
1755875696,1848573220
1755875697,1848642621
1755875699,1848712156
1755875700,1848781437
1755875701,1848851219
1755875702,1848920818
1755875703,1848990393
1755875704,1849060287
1755875705,1849129898
1755875706,1849199304
1755875707,1849268713
1755875708,1849338130
1755875710,1849407693
1755875711,1849477153
1755875712,1849547175
1755875713,1849616889
1755875714,1849686187
1755875715,1849752900
1755875716,1849819368
1755875717,1849887283
1755875718,1849957079
1755875719,1850026402
1755875720,1850095874
1755875722,1850165522
1755875723,1850234867
1755875724,1850304286
1755875725,1850373743
1755875726,1850443233
1755875727,1850512765
1755875728,1850582243
1755875729,1850651582
1755875730,1850720952
1755875731,1850790431
1755875732,1850861078
1755875734,1850931497
1755875735,1851001022
1755875736,1851070602
1755875737,1851139904
1755875738,1851209414
1755875739,1851278590
1755875740,1851344908
1755875741,1851411070
1755875742,1851479375
1755875743,1851548824
1755875745,1851618505
1755875746,1851688066
1755875747,1851757477
1755875748,1851827153
1755875749,1851896711
1755875750,1851966112
1755875751,1852035645
1755875752,1852105069
1755875753,1852174892
1755875754,1852244413
1755875755,1852314085
1755875757,1852383564
1755875758,1852453102
1755875759,1852522736
1755875760,1852592177
1755875761,1852661601
1755875762,1852730960
1755875763,1852800471
1755875764,1852869950
1755875765,1852936373
1755875766,1853002363
1755875768,1853070638
1755875769,1853140081
1755875770,1853209501
1755875771,1853278943
1755875772,1853348471
1755875773,1853417879
1755875774,1853487691
1755875775,1853557211
1755875776,1853626650
1755875777,1853696009
1755875778,1853765511
1755875780,1853834961
1755875781,1853904449
1755875782,1853973934
1755875783,1854043489
1755875784,1854112853
1755875785,1854182896
1755875786,1854252393
1755875787,1854321816
1755875788,1854391209
1755875789,1854460060
1755875790,1854526195
1755875792,1854592610
1755875793,1854661054
1755875794,1854730395
1755875795,1854800137
1755875796,1854869603
1755875797,1854938981
1755875798,1855008593
1755875799,1855078037
1755875800,1855147447
1755875801,1855216747
1755875803,1855286040
1755875804,1855355596
1755875805,1855425236
1755875806,1855495343
1755875807,1855565144
1755875808,1855635443
1755875809,1855704926
1755875810,1855774364
1755875811,1855843907
1755875812,1855913337
1755875813,1855983028
1755875815,1856051256
1755875816,1856118058
1755875817,1856184201
1755875818,1856253048
1755875819,1856322534
1755875820,1856392067
1755875821,1856461653
1755875822,1856531338
1755875823,1856600894
1755875824,1856670336
1755875826,1856739760
1755875827,1856809752
1755875828,1856879243
1755875829,1856948710
1755875830,1857018148
1755875831,1857087708
1755875832,1857157198
1755875833,1857226683
1755875834,1857296213
1755875835,1857365831
1755875836,1857435558
1755875838,1857505634
1755875839,1857575230
1755875840,1857643216
1755875841,1857709909
1755875842,1857775985
1755875843,1857845260
1755875844,1857914724
1755875845,1857983943
1755875846,1858053234
1755875847,1858122870
1755875849,1858192493
1755875850,1858262014
1755875851,1858331525
1755875852,1858400995
1755875853,1858470514
1755875854,1858539916
1755875855,1858609287
1755875856,1858678735
1755875857,1858748192
1755875858,1858818190
1755875859,1858887664
1755875861,1858957131
1755875862,1859026668
1755875863,1859096124
1755875864,1859165854
1755875865,1859233562
1755875866,1859299865
1755875867,1859366540
1755875868,1859436206
1755875869,1859505825
1755875870,1859575423
1755875872,1859644820
1755875873,1859714396
1755875874,1859783915
1755875875,1859853345
1755875876,1859922820
1755875877,1859992247
1755875878,1860061609
1755875879,1860131570
1755875880,1860201041
1755875881,1860270719
1755875882,1860340283
1755875884,1860409662
1755875885,1860479116
1755875886,1860548737
1755875887,1860618213
1755875888,1860687815
1755875889,1860757518
1755875890,1860825167
1755875891,1860891101
1755875892,1860957774
1755875893,1861027314
1755875894,1861096685
1755875896,1861166450
1755875897,1861236543
1755875898,1861305977
1755875899,1861375384
1755875900,1861445297
1755875901,1861514891
1755875902,1861584379
1755875903,1861653825
1755875904,1861723279
1755875905,1861792913
1755875907,1861862400
1755875908,1861931885
1755875909,1862001282
1755875910,1862070789
1755875911,1862141659
1755875912,1862211854
1755875913,1862281359
1755875914,1862350859
1755875915,1862417965
1755875916,1862484457
1755875918,1862551354
1755875919,1862620586
1755875920,1862690017
1755875921,1862759805
1755875922,1862829356
1755875923,1862898798
1755875924,1862968235
1755875925,1863037639
1755875926,1863107098
1755875927,1863176537
1755875928,1863245743
1755875930,1863315242
1755875931,1863384532
1755875932,1863454267
1755875933,1863523656
1755875934,1863593187
1755875935,1863662648
1755875936,1863732154
1755875937,1863801592
1755875938,1863871056
1755875939,1863940348
1755875940,1864007080
1755875942,1864073726
1755875943,1864141456
1755875944,1864210835
1755875945,1864280342
1755875946,1864349753
1755875947,1864419070
1755875948,1864488463
1755875949,1864557925
1755875950,1864627383
1755875951,1864696800
1755875953,1864766650
1755875954,1864836098
1755875955,1864906290
1755875956,1864976433
1755875957,1865045769
1755875958,1865115263
1755875959,1865184759
1755875960,1865254132
1755875961,1865323459
1755875962,1865393040
1755875963,1865462825
1755875965,1865532097
1755875966,1865598645
1755875967,1865664689
1755875968,1865732191
1755875969,1865801586
1755875970,1865870826
1755875971,1865940150
1755875972,1866009538
1755875973,1866079282
1755875974,1866148809
1755875975,1866218357
1755875977,1866287788
1755875978,1866357259
1755875979,1866426612
1755875980,1866496041
1755875981,1866565424
1755875982,1866634799
1755875983,1866704148
1755875984,1866774134
1755875985,1866843766
1755875986,1866913285
1755875988,1866982697
1755875989,1867052195
1755875990,1867121000
1755875991,1867187063
1755875992,1867253135
1755875993,1867321003
1755875994,1867390754
1755875995,1867460092
1755875996,1867529619
1755875997,1867599217
1755875998,1867668772
1755876000,1867738504
1755876001,1867808171
1755876002,1867877546
1755876003,1867946964
1755876004,1868016263
1755876005,1868086042
1755876006,1868155567
1755876007,1868225125
1755876008,1868294565
1755876009,1868363957
1755876011,1868433289
1755876012,1868502655
1755876013,1868572002
1755876014,1868641579
1755876015,1868711651
1755876016,1868777998
1755876017,1868844061
1755876018,1868912511
1755876019,1868981748
1755876020,1869051187
1755876021,1869120593
1755876023,1869189824
1755876024,1869259217
1755876025,1869328584
1755876026,1869398446
1755876027,1869468127
1755876028,1869537608
1755876029,1869608274
1755876030,1869678463
1755876031,1869747896
1755876032,1869817352
1755876034,1869886793
1755876035,1869956255
1755876036,1870025792
1755876037,1870095726
1755876038,1870165282
1755876039,1870234741
1755876040,1870303174
1755876041,1870369288
1755876042,1870435449
1755876043,1870504392
1755876044,1870573647
1755876046,1870642924
1755876047,1870712675
1755876048,1870782213
1755876049,1870851907
1755876050,1870921366
1755876051,1870990813
1755876052,1871060166
1755876053,1871129438
1755876054,1871198999
1755876055,1871268400
1755876056,1871337794
1755876058,1871407857
1755876059,1871477457
1755876060,1871547379
1755876061,1871616794
1755876062,1871686214
1755876063,1871755646
1755876064,1871825298
1755876065,1871893285
1755876066,1871959435
1755876067,1872025897
1755876069,1872094920
1755876070,1872164121
1755876071,1872233590
1755876072,1872302881
1755876073,1872372252
1755876074,1872442051
1755876075,1872511434
1755876076,1872580812
1755876077,1872650277
1755876078,1872720197
1755876079,1872789635
1755876081,1872859039
1755876082,1872928461
1755876083,1872997808
1755876084,1873067232
1755876085,1873136801
1755876086,1873206310
1755876087,1873275774
1755876088,1873345470
1755876089,1873415109
1755876090,1873482871
1755876091,1873549143
1755876093,1873615340
1755876094,1873684579
1755876095,1873753905
1755876096,1873823105
1755876097,1873892450
1755876098,1873961763
1755876099,1874031565
1755876100,1874100924
1755876101,1874170401
1755876102,1874239767
1755876104,1874309319
1755876105,1874378678
1755876106,1874448018
1755876107,1874517464
1755876108,1874586897
1755876109,1874656225
1755876110,1874726132
1755876111,1874795754
1755876112,1874865165
1755876113,1874934644
1755876114,1875004085
1755876116,1875071500
1755876117,1875137637
1755876118,1875204082
1755876119,1875273921
1755876120,1875343856
1755876121,1875413255
1755876122,1875482583
1755876123,1875551975
1755876124,1875621291
1755876125,1875690619
1755876126,1875760072
1755876128,1875829437
1755876129,1875898661
1755876130,1875967922
1755876131,1876037731
1755876132,1876107265
1755876133,1876176725
1755876134,1876246164
1755876135,1876315591
1755876136,1876384984
1755876137,1876454310
1755876139,1876523737
1755876140,1876593363
1755876141,1876661044
1755876142,1876727274
1755876143,1876794049
1755876144,1876863603
1755876145,1876932957
1755876146,1877002458
1755876147,1877072040
1755876148,1877141352
1755876149,1877210705
1755876151,1877279957
1755876152,1877349882
1755876153,1877419534
1755876154,1877488904
1755876155,1877558452
1755876156,1877627861
1755876157,1877697227
1755876158,1877766678
1755876159,1877836125
1755876160,1877905664
1755876161,1877975862
1755876163,1878046436
1755876164,1878115865
1755876165,1878185471
1755876166,1878252346
1755876167,1878318817
1755876168,1878385900
1755876169,1878455178
1755876170,1878524466
1755876171,1878593821
1755876172,1878663522
1755876174,1878732987
1755876175,1878802582
1755876176,1878872085
1755876177,1878942276
1755876178,1879011619
1755876179,1879081053
1755876180,1879150446
1755876181,1879219802
1755876182,1879289152
1755876183,1879359184
1755876184,1879428598
1755876186,1879497965
1755876187,1879567385
1755876188,1879636848
1755876189,1879706275
1755876190,1879775417
1755876191,1879841991
1755876192,1879908002
1755876193,1879975870
1755876194,1880045189
1755876195,1880114604
1755876197,1880184026
1755876198,1880253404
1755876199,1880322633
1755876200,1880391944
1755876201,1880461301
1755876202,1880530554
1755876203,1880600131
1755876204,1880670022
1755876205,1880739811
1755876206,1880809196
1755876207,1880878685
1755876209,1880948189
1755876210,1881017713
1755876211,1881087274
1755876212,1881156831
1755876213,1881226124
1755876214,1881295829
1755876215,1881365361
1755876216,1881432043
1755876217,1881498439
1755876218,1881566048
1755876219,1881635433
1755876221,1881704735
1755876222,1881774051
1755876223,1881843535
1755876224,1881912819
1755876225,1881982933
1755876226,1882052479
1755876227,1882121963
1755876228,1882191377
1755876229,1882260839
1755876230,1882330360
1755876232,1882399989
1755876233,1882469479
1755876234,1882538831
1755876235,1882609159
1755876236,1882679752
1755876237,1882749336
1755876238,1882818821
1755876239,1882888463
1755876240,1882957410
1755876241,1883023785
1755876242,1883089849
1755876244,1883157908
1755876245,1883227402
1755876246,1883297236
1755876247,1883366840
1755876248,1883436318
1755876249,1883505869
1755876250,1883575185
1755876251,1883644637
1755876252,1883714061
1755876253,1883783559
1755876255,1883852946
1755876256,1883922385
1755876257,1883992171
1755876258,1884061650
1755876259,1884131120
1755876260,1884200753
1755876261,1884270229
1755876262,1884339766
1755876263,1884409022
1755876264,1884478704
1755876265,1884547439
1755876267,1884614263
1755876268,1884680517
1755876269,1884748918
1755876270,1884818314
1755876271,1884887700
1755876272,1884957105
1755876273,1885026568
1755876274,1885096056
1755876275,1885165458
1755876276,1885235026
1755876277,1885304831
1755876279,1885374486
1755876280,1885444511
1755876281,1885513932
1755876282,1885583610
1755876283,1885652933
1755876284,1885722327
1755876285,1885791725
1755876286,1885861048
1755876287,1885930572
1755876288,1886000415
1755876290,1886070181
1755876291,1886138688
1755876292,1886204839
1755876293,1886270897
1755876294,1886339576
1755876295,1886409016
1755876296,1886478514
1755876297,1886547917
1755876298,1886617617
1755876299,1886687033
1755876300,1886756388
1755876302,1886825621
1755876303,1886895212
1755876304,1886964677
1755876305,1887034026
1755876306,1887103304
1755876307,1887172629
1755876308,1887242054
1755876309,1887311997
1755876310,1887381551
1755876311,1887450999
1755876312,1887520467
1755876314,1887589809
1755876315,1887659360
1755876316,1887727647
1755876317,1887794168
1755876318,1887860136
1755876319,1887929411
1755876320,1887998781
1755876321,1888068006
1755876322,1888137639
1755876323,1888207151
1755876325,1888276642
1755876326,1888345932
1755876327,1888415278
1755876328,1888484718
1755876329,1888554026
1755876330,1888623882
1755876331,1888693438
1755876332,1888762936
1755876333,1888832256
1755876334,1888901694
1755876335,1888971075
1755876337,1889040615
1755876338,1889111063
1755876339,1889180541
1755876340,1889250383
1755876341,1889318236
1755876342,1889384684
1755876343,1889450688
1755876344,1889520123
1755876345,1889589500
1755876346,1889658895
1755876348,1889728178
1755876349,1889797524
1755876350,1889867053
1755876351,1889936975
1755876352,1890006509
1755876353,1890076073
1755876354,1890145387
1755876355,1890214825
1755876356,1890284298
1755876357,1890353633
1755876358,1890423162
1755876360,1890492438
1755876361,1890561942
1755876362,1890631661
1755876363,1890701261
1755876364,1890770875
1755876365,1890840513
1755876366,1890907958
1755876367,1890974396
1755876368,1891040999
1755876369,1891110284
1755876370,1891179596
1755876372,1891249378
1755876373,1891318875
1755876374,1891388287
1755876375,1891457600
1755876376,1891526957
1755876377,1891596571
1755876378,1891666085
1755876379,1891735719
1755876380,1891805264
1755876381,1891874669
1755876383,1891944334
1755876384,1892013840
1755876385,1892083333
1755876386,1892152866
1755876387,1892222139
1755876388,1892291705
1755876389,1892361014
1755876390,1892430461
1755876391,1892497811
1755876392,1892564578
1755876393,1892631109
1755876395,1892701509
1755876396,1892771696
1755876397,1892840994
1755876398,1892910489
1755876399,1892979899
1755876400,1893049246
1755876401,1893118615
1755876402,1893187989
1755876403,1893257795
1755876404,1893327239
1755876405,1893396722
1755876407,1893466087
1755876408,1893535617
1755876409,1893605244
1755876410,1893674710
1755876411,1893744042
1755876412,1893813460
1755876413,1893882941
1755876414,1893952765
1755876415,1894022104
1755876416,1894089210
1755876418,1894155429
1755876419,1894221941
1755876420,1894291316
1755876421,1894360635
1755876422,1894430018
1755876423,1894499312
1755876424,1894569464
1755876425,1894638887
1755876426,1894708343
1755876427,1894777758
1755876428,1894847241
1755876430,1894916695
1755876431,1894986120
1755876432,1895055513
1755876433,1895124875
1755876434,1895194305
1755876435,1895264366
1755876436,1895333759
1755876437,1895403299
1755876438,1895472712
1755876439,1895542233
1755876440,1895611700
1755876442,1895678315
1755876443,1895744474
1755876444,1895811253
1755876445,1895881001
1755876446,1895950512
1755876447,1896019858
1755876448,1896089428
1755876449,1896158853
1755876450,1896228190
1755876451,1896297642
1755876453,1896366996
1755876454,1896436623
1755876455,1896506160
1755876456,1896576193
1755876457,1896645791
1755876458,1896715481
1755876459,1896784930
1755876460,1896854360
1755876461,1896923932
1755876462,1896993315
1755876463,1897062743
1755876465,1897132384
1755876466,1897202119
1755876467,1897268568
1755876468,1897335391
1755876469,1897403383
1755876470,1897472826
1755876471,1897542383
1755876472,1897611838
1755876473,1897681338
1755876474,1897750805
1755876476,1897820068
1755876477,1897889977
1755876478,1897959697
1755876479,1898029089
1755876480,1898098658
1755876481,1898168080
1755876482,1898237683
1755876483,1898307115
1755876484,1898376477
1755876485,1898445875
1755876486,1898515430
1755876488,1898585349
1755876489,1898654827
1755876490,1898724325
1755876491,1898793631
1755876492,1898859973
1755876493,1898926108
1755876494,1898993919
1755876495,1899063351
1755876496,1899132688
1755876497,1899202672
1755876498,1899272110
1755876500,1899341751
1755876501,1899411177
1755876502,1899480532
1755876503,1899550039
1755876504,1899619353
1755876505,1899688717
1755876506,1899758167
1755876507,1899827573
1755876508,1899897424
1755876509,1899966862
1755876511,1900036221
1755876512,1900105702
1755876513,1900175065
1755876514,1900244557
1755876515,1900314147
1755876516,1900383107
1755876517,1900449120
1755876518,1900515451
1755876519,1900583616
1755876520,1900653092
1755876521,1900722474
1755876523,1900791807
1755876524,1900861147
1755876525,1900930554
1755876526,1900999834
1755876527,1901069322
1755876528,1901138744
1755876529,1901208693
1755876530,1901278130
1755876531,1901347666
1755876532,1901417080
1755876533,1901486457
1755876535,1901555883
1755876536,1901625276
1755876537,1901694757
1755876538,1901764076
1755876539,1901833738
1755876540,1901903524
1755876541,1901973199
1755876542,1902040004
1755876543,1902106175
1755876544,1902174664
1755876546,1902243926
1755876547,1902313339
1755876548,1902382629
1755876549,1902452090
1755876550,1902521901
1755876551,1902591380
1755876552,1902660767
1755876553,1902730161
1755876554,1902799657
1755876555,1902869349
1755876556,1902939512
1755876558,1903008907
1755876559,1903078216
1755876560,1903147499
1755876561,1903217396
1755876562,1903286914
1755876563,1903356626
1755876564,1903426115
1755876565,1903495819
1755876566,1903564200
1755876567,1903630214
1755876568,1903696564
1755876570,1903765659
1755876571,1903835786
1755876572,1903905516
1755876573,1903975042
1755876574,1904044713
1755876575,1904114321
1755876576,1904183990
1755876577,1904253552
1755876578,1904323243
1755876579,1904392731
1755876581,1904462371
1755876582,1904532275
1755876583,1904601882
1755876584,1904671426
1755876585,1904741247
1755876586,1904811049
1755876587,1904880589
1755876588,1904950228
1755876589,1905019805
1755876590,1905089466
1755876591,1905158014
1755876593,1905224486
1755876594,1905290817
1755876595,1905360208
1755876596,1905429922
1755876597,1905499619
1755876598,1905569233
1755876599,1905638893
1755876600,1905708780
1755876601,1905778167
1755876602,1905848363
1755876604,1905917997
1755876605,1905987658
1755876606,1906057286
1755876607,1906126938
1755876608,1906196607
1755876609,1906266230
1755876610,1906335793
1755876611,1906405232
1755876612,1906475001
1755876613,1906544764
1755876614,1906615303
1755876616,1906685682
1755876617,1906753433
1755876618,1906819823
1755876619,1906885974
1755876620,1906955604
1755876621,1907025167
1755876622,1907094692
1755876623,1907164666
1755876624,1907234308
1755876625,1907303986
1755876627,1907373439
1755876628,1907443097
1755876629,1907512647
1755876630,1907582193
1755876631,1907651781
1755876632,1907721161
1755876633,1907790627
1755876634,1907860808
1755876635,1907930399
1755876636,1908000081
1755876637,1908069624
1755876639,1908139333
1755876640,1908208870
1755876641,1908278588
1755876642,1908346150
1755876643,1908412316
1755876644,1908479603
1755876645,1908549102
1755876646,1908618628
1755876647,1908688047
1755876648,1908757753
1755876650,1908827398
1755876651,1908896875
1755876652,1908966244
1755876653,1909035672
1755876654,1909105060
1755876655,1909175166
1755876656,1909244682
1755876657,1909314171
1755876658,1909383843
1755876659,1909453303
1755876660,1909522879
1755876662,1909592311
1755876663,1909661882
1755876664,1909731450
1755876665,1909801287
1755876666,1909870871
1755876667,1909937794
1755876668,1910003965
1755876669,1910070935
1755876670,1910140387
1755876671,1910209973
1755876672,1910279345
1755876674,1910349126
1755876675,1910418383
1755876676,1910488243
1755876677,1910557907
1755876678,1910627406
1755876679,1910696896
1755876680,1910766307
1755876681,1910835723
1755876682,1910905273
1755876683,1910974600
1755876685,1911044217
1755876686,1911114051
1755876687,1911183691
1755876688,1911253260
1755876689,1911322948
1755876690,1911392602
1755876691,1911462050
1755876692,1911528994
1755876693,1911595249
1755876694,1911662339
1755876695,1911731659
1755876697,1911801405
1755876698,1911871010
1755876699,1911940465
1755876700,1912009910
1755876701,1912079364
1755876702,1912148741
1755876703,1912218185
1755876704,1912287637
1755876705,1912357100
1755876706,1912426555
1755876707,1912496514
1755876709,1912566157
1755876710,1912635660
1755876711,1912705235
1755876712,1912774687
1755876713,1912844321
1755876714,1912913714
1755876715,1912983333
1755876716,1913052545
1755876717,1913120554
1755876718,1913187550
1755876720,1913255077
1755876721,1913324803
1755876722,1913394277
1755876723,1913463723
1755876724,1913533116
1755876725,1913602595
1755876726,1913671898
1755876727,1913741391
1755876728,1913811392
1755876729,1913881008
1755876730,1913950451
1755876732,1914019859
1755876733,1914089282
1755876734,1914158661
1755876735,1914228155
1755876736,1914297611
1755876737,1914367080
1755876738,1914436882
1755876739,1914506474
1755876740,1914576039
1755876741,1914645162
1755876743,1914711672
1755876744,1914778125
1755876745,1914846047
1755876746,1914915384
1755876747,1914985126
1755876748,1915054512
1755876749,1915124492
1755876750,1915194005
1755876751,1915263488
1755876752,1915332989
1755876753,1915402439
1755876755,1915471979
1755876756,1915541417
1755876757,1915610993
1755876758,1915680457
1755876759,1915750128
1755876760,1915819736
1755876761,1915889456
1755876762,1915959831
1755876763,1916029335
1755876764,1916098913
1755876766,1916168532
1755876767,1916237381
1755876768,1916303718
1755876769,1916369732
1755876770,1916438501
1755876771,1916508116
1755876772,1916577411
1755876773,1916647024
1755876774,1916716494
1755876775,1916785836
1755876776,1916855305
1755876778,1916924618
1755876779,1916994241
1755876780,1917063635
1755876781,1917133644
1755876782,1917203298
1755876783,1917272902
1755876784,1917342600
1755876785,1917412252
1755876786,1917481999
1755876787,1917551625
1755876789,1917621314
1755876790,1917690906
1755876791,1917761191
1755876792,1917830233
1755876793,1917896739
1755876794,1917963285
1755876795,1918032446
1755876796,1918102250
1755876797,1918171878
1755876798,1918241595
1755876799,1918311368
1755876801,1918381371
1755876802,1918451578
1755876803,1918521620
1755876804,1918591411
1755876805,1918661205
1755876806,1918731038
1755876807,1918800720
1755876808,1918870392
1755876809,1918940097
1755876810,1919009793
1755876811,1919079965
1755876813,1919149759
1755876814,1919219500
1755876815,1919289157
1755876816,1919358857
1755876817,1919427108
1755876818,1919493386
1755876819,1919559625
1755876820,1919629319
1755876821,1919698819
1755876822,1919768785
1755876824,1919838342
1755876825,1919908097
1755876826,1919977767
1755876827,1920047451
1755876828,1920117256
1755876829,1920187196
1755876830,1920257315
1755876831,1920327266
1755876832,1920397545
1755876833,1920467859
1755876834,1920538195
1755876836,1920608416
1755876837,1920678789
1755876838,1920749048
1755876839,1920819524
1755876840,1920889887
1755876841,1920960423
1755876842,1921029409
1755876843,1921096913
1755876844,1921163750
1755876845,1921234325
1755876847,1921304771
1755876848,1921375158
1755876849,1921445997
1755876850,1921517049
1755876851,1921587501
1755876852,1921657840
1755876853,1921728670
1755876854,1921799065
1755876855,1921869317
1755876856,1921939726
1755876857,1922009983
1755876859,1922080276
1755876860,1922150507
1755876861,1922220663
1755876862,1922290917
1755876863,1922361146
1755876864,1922432070
1755876865,1922502291
1755876866,1922572661
1755876867,1922640847
1755876868,1922707739
1755876869,1922774943
1755876871,1922844976
1755876872,1922914940
1755876873,1922984931
1755876874,1923055352
1755876875,1923125521
1755876876,1923195623
1755876877,1923265944
1755876878,1923336258
1755876879,1923406188
1755876880,1923476312
1755876882,1923546294
1755876883,1923616285
1755876884,1923686242
1755876885,1923756735
1755876886,1923826863
1755876887,1923897020
1755876888,1923967254
1755876889,1924037318
1755876890,1924107281
1755876891,1924177440
1755876892,1924245149
1755876894,1924311478
1755876895,1924378975
1755876896,1924448983
1755876897,1924519041
1755876898,1924589283
1755876899,1924659357
1755876900,1924729422
1755876901,1924799569
1755876902,1924869607
1755876903,1924939712
1755876905,1925009726
1755876906,1925080277
1755876907,1925150419
1755876908,1925221392
1755876909,1925292294
1755876910,1925362362
1755876911,1925432603
1755876912,1925502686
1755876913,1925572726
1755876914,1925642740
1755876915,1925713088
1755876917,1925782967
1755876918,1925850534
1755876919,1925917023
1755876920,1925984518
1755876921,1926054531
1755876922,1926124582
1755876923,1926194875
1755876924,1926264776
1755876925,1926334523
1755876926,1926404877
1755876927,1926474887
1755876929,1926544998
1755876930,1926614831
1755876931,1926684974
1755876932,1926754819
1755876933,1926824863
1755876934,1926894665
1755876935,1926964369
1755876936,1927034690
1755876937,1927104875
1755876938,1927174806
1755876940,1927244839
1755876941,1927314754
1755876942,1927384595
1755876943,1927451401
1755876944,1927517843
1755876945,1927585497
1755876946,1927655169
1755876947,1927725473
1755876948,1927795570
1755876949,1927865499
1755876950,1927935400
1755876952,1928005151
1755876953,1928074924
1755876954,1928144670
1755876955,1928214471
1755876956,1928284164
1755876957,1928354358
1755876958,1928424160
1755876959,1928494051
1755876960,1928563946
1755876961,1928633909
1755876962,1928703708
1755876964,1928773509
1755876965,1928843258
1755876966,1928913461
1755876967,1928983785
1755876968,1929051347
1755876969,1929117910
1755876970,1929186122
1755876971,1929255891
1755876972,1929325799
1755876973,1929395880
1755876975,1929465702
1755876976,1929535547
1755876977,1929605387
1755876978,1929675766
1755876979,1929745666
1755876980,1929815607
1755876981,1929885922
1755876982,1929955806
1755876983,1930025795
1755876984,1930095703
1755876985,1930165662
1755876987,1930235704
1755876988,1930305752
1755876989,1930376195
1755876990,1930446187
1755876991,1930516291
1755876992,1930586134
1755876993,1930652861
1755876994,1930719406
1755876995,1930787987
1755876996,1930858503
1755876998,1930928378
1755876999,1930998668
1755877000,1931068559
1755877001,1931138484
1755877002,1931208392
1755877003,1931278201
1755877004,1931348070
1755877005,1931417883
1755877006,1931487914
1755877007,1931557668
1755877008,1931627660
1755877010,1931697847
1755877011,1931767688
1755877012,1931837617
1755877013,1931907481
1755877014,1931977249
1755877015,1932047194
1755877016,1932116950
1755877017,1932186091
1755877018,1932252581
1755877019,1932319029
1755877020,1932387936
1755877022,1932457605
1755877023,1932527491
1755877024,1932597315
1755877025,1932668231
1755877026,1932738714
1755877027,1932808499
1755877028,1932878140
1755877029,1932947811
1755877030,1933018004
1755877031,1933087797
1755877033,1933157741
1755877034,1933227616
1755877035,1933297461
1755877036,1933367303
1755877037,1933437175
1755877038,1933507021
1755877039,1933576770
1755877040,1933647059
1755877041,1933717311
1755877042,1933786283
1755877043,1933853039
1755877045,1933919456
1755877046,1933988613
1755877047,1934058473
1755877048,1934128179
1755877049,1934198013
1755877050,1934267927
1755877051,1934338645
1755877052,1934408560
1755877053,1934478554
1755877054,1934549580
1755877056,1934620203
1755877057,1934690165
1755877058,1934760076
1755877059,1934830020
1755877060,1934900065
1755877061,1934970337
1755877062,1935040428
1755877063,1935110488
1755877064,1935180614
1755877065,1935250710
1755877066,1935320690
1755877068,1935389171
1755877069,1935455678
1755877070,1935522241
1755877071,1935591781
1755877072,1935662074
1755877073,1935732010
1755877074,1935801966
1755877075,1935871738
1755877076,1935941712
1755877077,1936011521
1755877079,1936081356
1755877080,1936151170
1755877081,1936220976
1755877082,1936291401
1755877083,1936361402
1755877084,1936431979
1755877085,1936502533
1755877086,1936572315
1755877087,1936641949
1755877088,1936711731
1755877089,1936781585
1755877091,1936851303
1755877092,1936921185
1755877093,1936989881
1755877094,1937056427
1755877095,1937122627
1755877096,1937192352
1755877097,1937262118
1755877098,1937331901
1755877099,1937401879
1755877100,1937471676
1755877102,1937541491
1755877103,1937611423
1755877104,1937681291
1755877105,1937751235
1755877106,1937821127
1755877107,1937890888
1755877108,1937960961
1755877109,1938030626
1755877110,1938100582
1755877111,1938170310
1755877112,1938240137
1755877114,1938310322
1755877115,1938380343
1755877116,1938450167
1755877117,1938520397
1755877118,1938588205
1755877119,1938655032
1755877120,1938721599
1755877121,1938791363
1755877122,1938860885
1755877123,1938930952
1755877124,1939000912
1755877126,1939070933
1755877127,1939140751
1755877128,1939210662
1755877129,1939280608
1755877130,1939350475
1755877131,1939420325
1755877132,1939490094
1755877133,1939559856
1755877134,1939630154
1755877135,1939699939
1755877137,1939769934
1755877138,1939839729
1755877139,1939909548
1755877140,1939979456
1755877141,1940049346
1755877142,1940119018
1755877143,1940187145
1755877144,1940254163
1755877145,1940321810
1755877146,1940391463
1755877147,1940461021
1755877149,1940530757
1755877150,1940600500
1755877151,1940670179
1755877152,1940739803
1755877153,1940809582
1755877154,1940879223
1755877155,1940949424
1755877156,1941019092
1755877157,1941089226
1755877158,1941159552
1755877160,1941229216
1755877161,1941298905
1755877162,1941368592
1755877163,1941438193
1755877164,1941507953
1755877165,1941577531
1755877166,1941647908
1755877167,1941717687
1755877168,1941784742
1755877169,1941851002
1755877170,1941918448
1755877172,1941988151
1755877173,1942057783
1755877174,1942127296
1755877175,1942196733
1755877176,1942266627
1755877177,1942336437
1755877178,1942406023
1755877179,1942475661
1755877180,1942545339
1755877181,1942615074
1755877182,1942684746
1755877184,1942754351
1755877185,1942823903
1755877186,1942893835
1755877187,1942964684
1755877188,1943034392
1755877189,1943104052
1755877190,1943173930
1755877191,1943243697
1755877192,1943313258
1755877193,1943380082
1755877195,1943446510
1755877196,1943514153
1755877197,1943584021
1755877198,1943653467
1755877199,1943723066
1755877200,1943792664
1755877201,1943862517
1755877202,1943932151
1755877203,1944001760
1755877204,1944071265
1755877205,1944140824
1755877207,1944210220
1755877208,1944280273
1755877209,1944350091
1755877210,1944419860
1755877211,1944489621
1755877212,1944559337
1755877213,1944629063
1755877214,1944698645
1755877215,1944768837
1755877216,1944838736
1755877217,1944908655
1755877219,1944975665
1755877220,1945042038
1755877221,1945110071
1755877222,1945179623
1755877223,1945249233
1755877224,1945318790
1755877225,1945388405
1755877226,1945458143
1755877227,1945527779
1755877228,1945597768
1755877230,1945668209
1755877231,1945738411
1755877232,1945808050
1755877233,1945877764
1755877234,1945947434
1755877235,1946017069
1755877236,1946086727
1755877237,1946156184
1755877238,1946225944
1755877239,1946295662
1755877240,1946365108
1755877242,1946435029
1755877243,1946504228
1755877244,1946570825
1755877245,1946637565
1755877246,1946706079
1755877247,1946775451
1755877248,1946844923
1755877249,1946914943
1755877250,1946984542
1755877251,1947054139
1755877253,1947123709
1755877254,1947193327
1755877255,1947263168
1755877256,1947332863
1755877257,1947402429
1755877258,1947472128
1755877259,1947541663
1755877260,1947611670
1755877261,1947681268
1755877262,1947750947
1755877263,1947820681
1755877265,1947890357
1755877266,1947959958
1755877267,1948029706
1755877268,1948098692
1755877269,1948165113
1755877270,1948231715
1755877271,1948300182
1755877272,1948369907
1755877273,1948439397
1755877274,1948509098
1755877275,1948578645
1755877277,1948648054
1755877278,1948717694
1755877279,1948787213
1755877280,1948856742
1755877281,1948927077
1755877282,1948996695
1755877283,1949066354
1755877284,1949135958
1755877285,1949205641
1755877286,1949275207
1755877287,1949344754
1755877289,1949415383
1755877290,1949484971
1755877291,1949555061
1755877292,1949624691
1755877293,1949693066
1755877294,1949759313
1755877295,1949825367
1755877296,1949894590
1755877297,1949964050
1755877298,1950033652
1755877300,1950103122
1755877301,1950172726
1755877302,1950242799
1755877303,1950312587
1755877304,1950382364
1755877305,1950452009
1755877306,1950521689
1755877307,1950591218
1755877308,1950660727
1755877309,1950730385
1755877310,1950799989
1755877312,1950870132
1755877313,1950939943
1755877314,1951009514
1755877315,1951079212
1755877316,1951148963
1755877317,1951218511
1755877318,1951286605
1755877319,1951352797
1755877320,1951418985
1755877321,1951488093
1755877322,1951558007
1755877324,1951627570
1755877325,1951697266
1755877326,1951766963
1755877327,1951836664
1755877328,1951906325
1755877329,1951976024
1755877330,1952045536
1755877331,1952115080
1755877332,1952184770
1755877333,1952254561
1755877335,1952324442
1755877336,1952394130
1755877337,1952463962
1755877338,1952533658
1755877339,1952603309
1755877340,1952672882
1755877341,1952742509
1755877342,1952812018
1755877343,1952880861
1755877344,1952947176
1755877345,1953013225
1755877347,1953082548
1755877348,1953152196
1755877349,1953221846
1755877350,1953291420
1755877351,1953361145
1755877352,1953430759
1755877353,1953500399
1755877354,1953570334
1755877355,1953640113
1755877356,1953709692
1755877357,1953779522
1755877359,1953849385
1755877360,1953919058
1755877361,1953988728
1755877362,1954058274
1755877363,1954127806
1755877364,1954197741
1755877365,1954267313
1755877366,1954337229
1755877367,1954406889
1755877368,1954474646
1755877370,1954540980
1755877371,1954607249
1755877372,1954676826
1755877373,1954746443
1755877374,1954816027
1755877375,1954886157
1755877376,1954955767
1755877377,1955025279
1755877378,1955094912
1755877379,1955164645
1755877380,1955234395
1755877382,1955303931
1755877383,1955373619
1755877384,1955443333
1755877385,1955513293
1755877386,1955582921
1755877387,1955652627
1755877388,1955723404
1755877389,1955794047
1755877390,1955863692
1755877391,1955933412
1755877393,1956002903
1755877394,1956070316
1755877395,1956136571
1755877396,1956203808
1755877397,1956273344
1755877398,1956343024
1755877399,1956412736
1755877400,1956482374
1755877401,1956552068
1755877402,1956621519
1755877403,1956691104
1755877405,1956760661
1755877406,1956830781
1755877407,1956900357
1755877408,1956970185
1755877409,1957039847
1755877410,1957109617
1755877411,1957179411
1755877412,1957249249
1755877413,1957318745
1755877414,1957388375
1755877415,1957458141
1755877417,1957528303
1755877418,1957598307
1755877419,1957665574
1755877420,1957731924
1755877421,1957798870
1755877422,1957868443
1755877423,1957938109
1755877424,1958007745
1755877425,1958077228
1755877426,1958146916
1755877428,1958216601
1755877429,1958286244
1755877430,1958356077
1755877431,1958425815
1755877432,1958496015
1755877433,1958565574
1755877434,1958635139
1755877435,1958704715
1755877436,1958774456
1755877437,1958844539
1755877438,1958914092
1755877440,1958983903
1755877441,1959053639
1755877442,1959123385
1755877443,1959192775
1755877444,1959259768
1755877445,1959325947
1755877446,1959393781
1755877447,1959464173
1755877448,1959534218
1755877449,1959603874
1755877451,1959673504
1755877452,1959742994
1755877453,1959812652
1755877454,1959882108
1755877455,1959951864
1755877456,1960021283
1755877457,1960090882
1755877458,1960160875
1755877459,1960230576
1755877460,1960300218
1755877461,1960369783
1755877463,1960439499
1755877464,1960509167
1755877465,1960578826
1755877466,1960648392
1755877467,1960718060
1755877468,1960787604
1755877469,1960855045
1755877470,1960921464
1755877471,1960989610
1755877472,1961059077
1755877473,1961128713
1755877475,1961198284
1755877476,1961268006
1755877477,1961337550
1755877478,1961407099
1755877479,1961477157
1755877480,1961546915
1755877481,1961616516
1755877482,1961686147
1755877483,1961755957
1755877484,1961825621
1755877486,1961895318
1755877487,1961964960
1755877488,1962034527
1755877489,1962104025
1755877490,1962175141
1755877491,1962245616
1755877492,1962315277
1755877493,1962384739
1755877494,1962451380
1755877495,1962517838
1755877496,1962586133
1755877498,1962655545
1755877499,1962725066
1755877500,1962795017
1755877501,1962864642
1755877502,1962934503
1755877503,1963004150
1755877504,1963073807
1755877505,1963143405
1755877506,1963212917
1755877507,1963282381
1755877508,1963351969
1755877510,1963421467
1755877511,1963491655
1755877512,1963561243
1755877513,1963630855
1755877514,1963700492
1755877515,1963770131
1755877516,1963839825
1755877517,1963909599
1755877518,1963978630
1755877519,1964046092
1755877521,1964113315
1755877522,1964181721
1755877523,1964251271
1755877524,1964321091
1755877525,1964390638
1755877526,1964460203
1755877527,1964529906
1755877528,1964599579
1755877529,1964669112
1755877530,1964738600
1755877531,1964808691
1755877533,1964878419
1755877534,1964948169
1755877535,1965017934
1755877536,1965087567
1755877537,1965157164
1755877538,1965226791
1755877539,1965296345
1755877540,1965365915
1755877541,1965435506
1755877542,1965505744
1755877544,1965574527
1755877545,1965640913
1755877546,1965707122
1755877547,1965775898
1755877548,1965845419
1755877549,1965915975
1755877550,1965986160
1755877551,1966055854
1755877552,1966125814
1755877553,1966195582
1755877554,1966265236
1755877556,1966334805
1755877557,1966404468
1755877558,1966474146
1755877559,1966543902
1755877560,1966613470
1755877561,1966683116
1755877562,1966752585
1755877563,1966822541
1755877564,1966892333
1755877565,1966961995
1755877567,1967031715
1755877568,1967101417
1755877569,1967169983
1755877570,1967236433
1755877571,1967302619
1755877572,1967371740
1755877573,1967441705
1755877574,1967511365
1755877575,1967581099
1755877576,1967650726
1755877577,1967720390
1755877579,1967789921
1755877580,1967859599
1755877581,1967929164
1755877582,1967998640
1755877583,1968068358
1755877584,1968138459
1755877585,1968208106
1755877586,1968277805
1755877587,1968347612
1755877588,1968417336
1755877589,1968486855
1755877591,1968556557
1755877592,1968626317
1755877593,1968696332
1755877594,1968764920
1755877595,1968831299
1755877596,1968897611
1755877597,1968966916
1755877598,1969036566
1755877599,1969106203
1755877600,1969175804
1755877602,1969245283
1755877603,1969314840
1755877604,1969384507
1755877605,1969454585
1755877606,1969524331
1755877607,1969594121
1755877608,1969664229
1755877609,1969733684
1755877610,1969803243
1755877611,1969872939
1755877612,1969942789
1755877614,1970012244
1755877615,1970082309
1755877616,1970152075
1755877617,1970221878
1755877618,1970291627
1755877619,1970359740
1755877620,1970426179
1755877621,1970492532
1755877622,1970562754
1755877623,1970632228
1755877624,1970701923
1755877626,1970771990
1755877627,1970841755
1755877628,1970911408
1755877629,1970980921
1755877630,1971050709
1755877631,1971120208
1755877632,1971189953
1755877633,1971259434
1755877634,1971328989
1755877635,1971398615
1755877637,1971468809
1755877638,1971538474
1755877639,1971608154
1755877640,1971677790
1755877641,1971747410
1755877642,1971817007
1755877643,1971886599
1755877644,1971953982
1755877645,1972020288
1755877646,1972087696
1755877647,1972157265
1755877649,1972226945
1755877650,1972296445
1755877651,1972366974
1755877652,1972437360
1755877653,1972507012
1755877654,1972576708
1755877655,1972646299
1755877656,1972715955
1755877657,1972785959
1755877658,1972855603
1755877660,1972925173
1755877661,1972994858
1755877662,1973064630
1755877663,1973134312
1755877664,1973203989
1755877665,1973273466
1755877666,1973343194
1755877667,1973413312
1755877668,1973483133
1755877669,1973550687
1755877670,1973616915
1755877672,1973684116
1755877673,1973753652
1755877674,1973823139
1755877675,1973892792
1755877676,1973962396
1755877677,1974031828
1755877678,1974102000
1755877679,1974171691
1755877680,1974241589
1755877681,1974311452
1755877682,1974381138
1755877684,1974450907
1755877685,1974520418
1755877686,1974590205
1755877687,1974659773
1755877688,1974729746
1755877689,1974799436
1755877690,1974869118
1755877691,1974938893
1755877692,1975008535
1755877693,1975078273
1755877695,1975145690
1755877696,1975212150
1755877697,1975279747
1755877698,1975349263
1755877699,1975419380
1755877700,1975488969
1755877701,1975558882
1755877702,1975628565
1755877703,1975698167
1755877704,1975767743
1755877705,1975837327
1755877707,1975906818
1755877708,1975976410
1755877709,1976046518
1755877710,1976116924
1755877711,1976186717
1755877712,1976256312
1755877713,1976326036
1755877714,1976395672
1755877715,1976465371
1755877716,1976535100
1755877718,1976604885
1755877719,1976674452
1755877720,1976741344
1755877721,1976807667
1755877722,1976875400
1755877723,1976944860
1755877724,1977014497
1755877725,1977084056
1755877726,1977153724
1755877727,1977223367
1755877728,1977293032
1755877730,1977362853
1755877731,1977432742
1755877732,1977502452
1755877733,1977572206
1755877734,1977641786
1755877735,1977711504
1755877736,1977781020
1755877737,1977850492
1755877738,1977920094
1755877739,1977989794
1755877740,1978060044
1755877742,1978129610
1755877743,1978199630
1755877744,1978268669
1755877745,1978335101
1755877746,1978401305
1755877747,1978469238
1755877748,1978538686
1755877749,1978608333
1755877750,1978677772
1755877751,1978747933
1755877752,1978817630
1755877754,1978887308
1755877755,1978956804
1755877756,1979026446
1755877757,1979096145
1755877758,1979165713
1755877759,1979235187
1755877760,1979304725
1755877761,1979374806
1755877762,1979444482
1755877763,1979514256
1755877765,1979583896
1755877766,1979653629
1755877767,1979724184
1755877768,1979794524
1755877769,1979863765
1755877770,1979930113
1755877771,1979996345
1755877772,1980065351
1755877773,1980135001
1755877774,1980204724
1755877775,1980274325
1755877777,1980343973
1755877778,1980413494
1755877779,1980483261
1755877780,1980552789
1755877781,1980622416
1755877782,1980693167
1755877783,1980762909
1755877784,1980832634
1755877785,1980902377
1755877786,1980972142
1755877788,1981041822
1755877789,1981111487
1755877790,1981181219
1755877791,1981250844
1755877792,1981320544
1755877793,1981390770
1755877794,1981459501
1755877795,1981526198
1755877796,1981592758
1755877797,1981661710
1755877798,1981731206
1755877800,1981800731
1755877801,1981870293
1755877802,1981939644
1755877803,1982009605
1755877804,1982079286
1755877805,1982148985
1755877806,1982218677
1755877807,1982288384
1755877808,1982358020
1755877809,1982427601
1755877810,1982497252
1755877812,1982566890
1755877813,1982636377
1755877814,1982706553
1755877815,1982776274
1755877816,1982846019
1755877817,1982915662
1755877818,1982985416
1755877819,1983053991
1755877820,1983120268
1755877821,1983186407
1755877823,1983255695
1755877824,1983325582
1755877825,1983395662
1755877826,1983465382
1755877827,1983535062
1755877828,1983604630
1755877829,1983674248
1755877830,1983743998
1755877831,1983813653
1755877832,1983883259
1755877833,1983952706
1755877835,1984022690
1755877836,1984092591
1755877837,1984162202
1755877838,1984231967
1755877839,1984301541
1755877840,1984371099
1755877841,1984440800
1755877842,1984510503
1755877843,1984580139
1755877844,1984648079
1755877845,1984715032
1755877847,1984781150
1755877848,1984850491
1755877849,1984920069
1755877850,1984989673
1755877851,1985059177
1755877852,1985128883
1755877853,1985198672
1755877854,1985268522
1755877855,1985338461
1755877856,1985408048
1755877858,1985477745
1755877859,1985547362
1755877860,1985617306
1755877861,1985686980
1755877862,1985756703
1755877863,1985826247
1755877864,1985895842
1755877865,1985965337
1755877866,1986035398
1755877867,1986105253
1755877868,1986174873
1755877870,1986243312
1755877871,1986309327
1755877872,1986375362
1755877873,1986444827
1755877874,1986514483
1755877875,1986584072
1755877876,1986654105
1755877877,1986723813
1755877878,1986793483
1755877879,1986863034
1755877881,1986932619
1755877882,1987002201
1755877883,1987071702
1755877884,1987141591
1755877885,1987211182
1755877886,1987280860
1755877887,1987350792
1755877888,1987420558
1755877889,1987490249
1755877890,1987559945
1755877891,1987629735
1755877893,1987699419
1755877894,1987769203
1755877895,1987836611
1755877896,1987902866
1755877897,1987969942
1755877898,1988039500
1755877899,1988109238
1755877900,1988178993
1755877901,1988248544
1755877902,1988318061
1755877903,1988387629
1755877905,1988457302
1755877906,1988526878
1755877907,1988596404
1755877908,1988666570
1755877909,1988736216
1755877910,1988805927
1755877911,1988875397
1755877912,1988945019
1755877913,1989014856
1755877914,1989085327
1755877916,1989154975
1755877917,1989224568
1755877918,1989294635
1755877919,1989364294
1755877920,1989431554
1755877921,1989497846
1755877922,1989564998
1755877923,1989634750
1755877924,1989704258
1755877925,1989773984
1755877926,1989843543
1755877928,1989912953
1755877929,1989983106
1755877930,1990052834
1755877931,1990122561
1755877932,1990192336
1755877933,1990261935
1755877934,1990331612
1755877935,1990401145
1755877936,1990470854
1755877937,1990540360
1755877938,1990609794
1755877940,1990679963
1755877941,1990749624
1755877942,1990819336
1755877943,1990889199
1755877944,1990959172
1755877945,1991026332
1755877946,1991092555
1755877947,1991160104
1755877948,1991229560
1755877949,1991299504
1755877951,1991369125
1755877952,1991439001
1755877953,1991508519
1755877954,1991578139
1755877955,1991647753
1755877956,1991717372
1755877957,1991786925
1755877958,1991856610
1755877959,1991926055
1755877960,1991996222
1755877961,1992065999
1755877963,1992135761
1755877964,1992205533
1755877965,1992275038
1755877966,1992344717
1755877967,1992414258
1755877968,1992483920
1755877969,1992553142
1755877970,1992620459
1755877971,1992686666
1755877972,1992754270
1755877974,1992824112
1755877975,1992893610
1755877976,1992963257
1755877977,1993032700
1755877978,1993102371
1755877979,1993172015
1755877980,1993241609
1755877981,1993311575
1755877982,1993381331
1755877983,1993450981
1755877984,1993520560
1755877986,1993590371
1755877987,1993660047
1755877988,1993729873
1755877989,1993799409
1755877990,1993868969
1755877991,1993938922
1755877992,1994008585
1755877993,1994078376
1755877994,1994147671
1755877995,1994214313
1755877996,1994280608
1755877998,1994348467
1755877999,1994417993
1755878000,1994487487
1755878001,1994556906
1755878002,1994626952
1755878003,1994696587
1755878004,1994766043
1755878005,1994835687
1755878006,1994905382
1755878007,1994975057
1755878009,1995044788
1755878010,1995114451
1755878011,1995184119
1755878012,1995253859
1755878013,1995323679
1755878014,1995393365
1755878015,1995463106
1755878016,1995532876
1755878017,1995602494
1755878018,1995672340
1755878019,1995741465
1755878021,1995807533
1755878022,1995873778
1755878023,1995942374
1755878024,1996012117
1755878025,1996081748
1755878026,1996151365
1755878027,1996221069
1755878028,1996290601
1755878029,1996360139
1755878030,1996429612
1755878031,1996499168
1755878033,1996569321
1755878034,1996639393
1755878035,1996709074
1755878036,1996778564
1755878037,1996848291
1755878038,1996917890
1755878039,1996987462
1755878040,1997057198
1755878041,1997126739
1755878042,1997196177
1755878044,1997266135
1755878045,1997335264
1755878046,1997401442
1755878047,1997467745
1755878048,1997536267
1755878049,1997605790
1755878050,1997675132
1755878051,1997744549
1755878052,1997814029
1755878053,1997883585
1755878054,1997953620
1755878056,1998023404
1755878057,1998092974
1755878058,1998162439
1755878059,1998232061
1755878060,1998301615
1755878061,1998371554
1755878062,1998441768
1755878063,1998511508
1755878064,1998581459
1755878065,1998650956
1755878066,1998720646
1755878068,1998790162
1755878069,1998859762
1755878070,1998928520
1755878071,1998995050
1755878072,1999061154
1755878073,1999129870
1755878074,1999199447
1755878075,1999269335
1755878076,1999338764
1755878077,1999408447
1755878079,1999478162
1755878080,1999547629
1755878081,1999617047
1755878082,1999686487
1755878083,1999755970
1755878084,1999825519
1755878085,1999895469
1755878086,1999965047
1755878087,2000034578
1755878088,2000104034
1755878089,2000173587
1755878091,2000243153
1755878092,2000312634
1755878093,2000382308
1755878094,2000451759
1755878095,2000520064
1755878096,2000586692
1755878097,2000652716
1755878098,2000721795
1755878099,2000791475
1755878100,2000861055
1755878101,2000930432
1755878103,2000999807
1755878104,2001069151
1755878105,2001138604
1755878106,2001208124
1755878107,2001278133
1755878108,2001347660
1755878109,2001417311
1755878110,2001486826
1755878111,2001556358
1755878112,2001625954
1755878114,2001695488
1755878115,2001765038
1755878116,2001834537
1755878117,2001904284
1755878118,2001973975
1755878119,2002043605
1755878120,2002111618
1755878121,2002178004
1755878122,2002244477
1755878123,2002313788
1755878124,2002383206
1755878126,2002452517
1755878127,2002521985
1755878128,2002591907
1755878129,2002661537
1755878130,2002730967
1755878131,2002800361
1755878132,2002869871
1755878133,2002939648
1755878134,2003009252
1755878135,2003078840
1755878136,2003148498
1755878138,2003218407
1755878139,2003287903
1755878140,2003357536
1755878141,2003427256
1755878142,2003496851
1755878143,2003566520
1755878144,2003636039
1755878145,2003703738
1755878146,2003770105
1755878147,2003836637
1755878149,2003906475
1755878150,2003976156
1755878151,2004045618
1755878152,2004115289
1755878153,2004184695
1755878154,2004254137
1755878155,2004323564
1755878156,2004392984
1755878157,2004462273
1755878158,2004532185
1755878159,2004601864
1755878161,2004671337
1755878162,2004740871
1755878163,2004810491
1755878164,2004880768
1755878165,2004950308
1755878166,2005019693
1755878167,2005089060
1755878168,2005158579
1755878169,2005228493
1755878170,2005295834
1755878171,2005362229
1755878173,2005428760
1755878174,2005498177
1755878175,2005567690
1755878176,2005637070
1755878177,2005706496
1755878178,2005776207
1755878179,2005845670
1755878180,2005915836
1755878181,2005985365
1755878182,2006054829
1755878184,2006124285
1755878185,2006193751
1755878186,2006263141
1755878187,2006332812
1755878188,2006402215
1755878189,2006471692
1755878190,2006541429
1755878191,2006611055
1755878192,2006680611
1755878193,2006750222
1755878194,2006819801
1755878196,2006886737
1755878197,2006953013
1755878198,2007019711
1755878199,2007089068
1755878200,2007158438
1755878201,2007228289
1755878202,2007297794
1755878203,2007367219
1755878204,2007436648
1755878205,2007506099
1755878207,2007575569
1755878208,2007645137
1755878209,2007714676
1755878210,2007784006
1755878211,2007853742
1755878212,2007923244
1755878213,2007992825
1755878214,2008062256
1755878215,2008131838
1755878216,2008201356
1755878217,2008270714
1755878219,2008340224
1755878220,2008409603
1755878221,2008476319
1755878222,2008543063
1755878223,2008610559
1755878224,2008680064
1755878225,2008749420
1755878226,2008818875
1755878227,2008888357
1755878228,2008957845
1755878229,2009027358
1755878231,2009096723
1755878232,2009166324
1755878233,2009235840
1755878234,2009305436
1755878235,2009375019
1755878236,2009444695
1755878237,2009514203
1755878238,2009583784
1755878239,2009653107
1755878240,2009722489
1755878242,2009791949
1755878243,2009861930
1755878244,2009931441
1755878245,2010000789
1755878246,2010067229
1755878247,2010133358
1755878248,2010200921
1755878249,2010270201
1755878250,2010339653
1755878251,2010409737
1755878252,2010479828
1755878254,2010549528
1755878255,2010618989
1755878256,2010688486
1755878257,2010757984
1755878258,2010827597
1755878259,2010896992
1755878260,2010966604
1755878261,2011036010
1755878262,2011105362
1755878263,2011175139
1755878265,2011244903
1755878266,2011314362
1755878267,2011383808
1755878268,2011453175
1755878269,2011522787
1755878270,2011591685
1755878271,2011658011
1755878272,2011724168
1755878273,2011792005
1755878274,2011861614
1755878275,2011931072
1755878277,2012000491
1755878278,2012069908
1755878279,2012139414
1755878280,2012208799
1755878281,2012278302
1755878282,2012347688
1755878283,2012416993
1755878284,2012486941
1755878285,2012556588
1755878286,2012626120
1755878288,2012695741
1755878289,2012765152
1755878290,2012834562
1755878291,2012904172
1755878292,2012973533
1755878293,2013042936
1755878294,2013112571
1755878295,2013181839
1755878296,2013247970
1755878297,2013314194
1755878298,2013382398
1755878300,2013451778
1755878301,2013521314
1755878302,2013590777
1755878303,2013660033
1755878304,2013729291
1755878305,2013798801
1755878306,2013868672
1755878307,2013938213
1755878308,2014007625
1755878309,2014077187
1755878310,2014146626
1755878312,2014216003
1755878313,2014285320
1755878314,2014354684
1755878315,2014424248
1755878316,2014494194
1755878317,2014563752
1755878318,2014633273
1755878319,2014702832
1755878320,2014771377
1755878321,2014837513
1755878323,2014903431
1755878324,2014972408
1755878325,2015042330
1755878326,2015111626
1755878327,2015181390
1755878328,2015250877
1755878329,2015320266
1755878330,2015389664
1755878331,2015459166
1755878332,2015528541
1755878333,2015597989
1755878335,2015667384
1755878336,2015736851
1755878337,2015806712
1755878338,2015876298
1755878339,2015946052
1755878340,2016015481
1755878341,2016084915
1755878342,2016154453
1755878343,2016223814
1755878344,2016293434
1755878346,2016361486
1755878347,2016427548
1755878348,2016494546
1755878349,2016563759
1755878350,2016633187
1755878351,2016702701
1755878352,2016772244
1755878353,2016841847
1755878354,2016911691
1755878355,2016981106
1755878356,2017050404
1755878358,2017120264
1755878359,2017189893
1755878360,2017259318
1755878361,2017328783
1755878362,2017398347
1755878363,2017467713
1755878364,2017537351
1755878365,2017606701
1755878366,2017676234
1755878367,2017745601
1755878369,2017816117
1755878370,2017886190
1755878371,2017953979
1755878372,2018020487
1755878373,2018086878
1755878374,2018156196
1755878375,2018225552
1755878376,2018294894
1755878377,2018364357
1755878378,2018433876
1755878379,2018503879
1755878381,2018573292
1755878382,2018642629
1755878383,2018711905
1755878384,2018781642
1755878385,2018851017
1755878386,2018920464
1755878387,2018989786
1755878388,2019059223
1755878389,2019128957
1755878390,2019198408
1755878391,2019267931
1755878393,2019337434
1755878394,2019406927
1755878395,2019476175
1755878396,2019543543
1755878397,2019609791
1755878398,2019676251
1755878399,2019745548
1755878400,2019815424
1755878401,2019884878
1755878402,2019954257
1755878404,2020023619
1755878405,2020093059
1755878406,2020162378
1755878407,2020232005
1755878408,2020301487
1755878409,2020370844
1755878410,2020440604
1755878411,2020510053
1755878412,2020579708
1755878413,2020650160
1755878414,2020720568
1755878416,2020789977
1755878417,2020859378
1755878418,2020928812
1755878419,2020998040
1755878420,2021067553
1755878421,2021135410
1755878422,2021201732
1755878423,2021268282
1755878424,2021337607
1755878425,2021407014
1755878427,2021476469
1755878428,2021545821
1755878429,2021615608
1755878430,2021684939
1755878431,2021754542
1755878432,2021824100
1755878433,2021893513
1755878434,2021962830
1755878435,2022032331
1755878436,2022101827
1755878437,2022171173
1755878439,2022240582
1755878440,2022309948
1755878441,2022379287
1755878442,2022449181
1755878443,2022518616
1755878444,2022588182
1755878445,2022657625
1755878446,2022724595
1755878447,2022790777
1755878448,2022857773
1755878449,2022927172
1755878451,2022996480
1755878452,2023065744
1755878453,2023135499
1755878454,2023204972
1755878455,2023274539
1755878456,2023343850
1755878457,2023413267
1755878458,2023483368
1755878459,2023553450
1755878460,2023622671
1755878462,2023691970
1755878463,2023761757
1755878464,2023831303
1755878465,2023900784
1755878466,2023970207
1755878467,2024039530
1755878468,2024108918
1755878469,2024178483
1755878470,2024247942
1755878471,2024314489
1755878472,2024380503
1755878474,2024448172
1755878475,2024517493
1755878476,2024586747
1755878477,2024656250
1755878478,2024725587
1755878479,2024794850
1755878480,2024864221
1755878481,2024933529
1755878482,2025002715
1755878483,2025072414
1755878484,2025141934
1755878486,2025211215
1755878487,2025280901
1755878488,2025350527
1755878489,2025420056
1755878490,2025489463
1755878491,2025558990
1755878492,2025628279
1755878493,2025697636
1755878494,2025767519
1755878495,2025836770
1755878497,2025903254
1755878498,2025969356
1755878499,2026036876
1755878500,2026106244
1755878501,2026175397
1755878502,2026245850
1755878503,2026315748
1755878504,2026384218
1755878505,2026384507
1755878506,2026384507
1755878507,2026384509
1755878509,2026384509
1755878510,2026384511
1755878511,2026384511
1755878512,2026384698
1755878513,2026385196
1755878514,2026385800
1755878515,2026386404
1755878516,2026387008
1755878517,2026387290
1755878518,2026387290
1755878520,2026387290
1755878521,2026387293
1755878522,2026387293
1755878523,2026387293
1755878524,2026387293
1755878525,2026387293
1755878526,2026387293
1755878527,2026387293
1755878528,2026387293
1755878529,2026387293
