Timestamp,gpu,socket_power,gfx_voltage,soc_voltage,mem_voltage,throttle_status,power_management,gfx_0_clk,gfx_0_min_clk,gfx_0_max_clk,gfx_0_clk_locked,gfx_0_deep_sleep,gfx_1_clk,gfx_1_min_clk,gfx_1_max_clk,gfx_1_clk_locked,gfx_1_deep_sleep,gfx_2_clk,gfx_2_min_clk,gfx_2_max_clk,gfx_2_clk_locked,gfx_2_deep_sleep,gfx_3_clk,gfx_3_min_clk,gfx_3_max_clk,gfx_3_clk_locked,gfx_3_deep_sleep,gfx_4_clk,gfx_4_min_clk,gfx_4_max_clk,gfx_4_clk_locked,gfx_4_deep_sleep,gfx_5_clk,gfx_5_min_clk,gfx_5_max_clk,gfx_5_clk_locked,gfx_5_deep_sleep,gfx_6_clk,gfx_6_min_clk,gfx_6_max_clk,gfx_6_clk_locked,gfx_6_deep_sleep,gfx_7_clk,gfx_7_min_clk,gfx_7_max_clk,gfx_7_clk_locked,gfx_7_deep_sleep,mem_0_clk,mem_0_min_clk,mem_0_max_clk,mem_0_clk_locked,mem_0_deep_sleep,vclk_0_clk,vclk_0_min_clk,vclk_0_max_clk,vclk_0_clk_locked,vclk_0_deep_sleep,vclk_1_clk,vclk_1_min_clk,vclk_1_max_clk,vclk_1_clk_locked,vclk_1_deep_sleep,vclk_2_clk,vclk_2_min_clk,vclk_2_max_clk,vclk_2_clk_locked,vclk_2_deep_sleep,vclk_3_clk,vclk_3_min_clk,vclk_3_max_clk,vclk_3_clk_locked,vclk_3_deep_sleep,dclk_0_clk,dclk_0_min_clk,dclk_0_max_clk,dclk_0_clk_locked,dclk_0_deep_sleep,dclk_1_clk,dclk_1_min_clk,dclk_1_max_clk,dclk_1_clk_locked,dclk_1_deep_sleep,dclk_2_clk,dclk_2_min_clk,dclk_2_max_clk,dclk_2_clk_locked,dclk_2_deep_sleep,dclk_3_clk,dclk_3_min_clk,dclk_3_max_clk,dclk_3_clk_locked,dclk_3_deep_sleep,edge,hotspot,mem
1744595233,0,123,N/A,N/A,N/A,N/A,ENABLED,143,147,2100,DISABLED,DISABLED,131,147,2100,DISABLED,ENABLED,131,147,2100,DISABLED,ENABLED,132,147,2100,DISABLED,ENABLED,132,147,2100,DISABLED,ENABLED,132,147,2100,DISABLED,ENABLED,131,147,2100,DISABLED,ENABLED,132,147,2100,DISABLED,ENABLED,900,900,1500,N/A,DISABLED,29,914,1680,N/A,ENABLED,29,914,1680,N/A,ENABLED,29,914,1680,N/A,ENABLED,29,914,1680,N/A,ENABLED,22,711,1400,N/A,ENABLED,22,711,1400,N/A,ENABLED,22,711,1400,N/A,ENABLED,22,711,1400,N/A,ENABLED,N/A,46,46
1744595234,0,122,N/A,N/A,N/A,N/A,ENABLED,133,500,2100,DISABLED,ENABLED,131,500,2100,DISABLED,ENABLED,131,500,2100,DISABLED,ENABLED,132,500,2100,DISABLED,ENABLED,132,500,2100,DISABLED,ENABLED,132,500,2100,DISABLED,ENABLED,131,500,2100,DISABLED,ENABLED,132,500,2100,DISABLED,ENABLED,900,900,1500,N/A,DISABLED,29,914,1680,N/A,ENABLED,29,914,1680,N/A,ENABLED,29,914,1680,N/A,ENABLED,29,914,1680,N/A,ENABLED,22,711,1400,N/A,ENABLED,22,711,1400,N/A,ENABLED,22,711,1400,N/A,ENABLED,22,711,1400,N/A,ENABLED,N/A,46,45
1744595235,0,123,N/A,N/A,N/A,N/A,ENABLED,133,500,2100,DISABLED,ENABLED,131,500,2100,DISABLED,ENABLED,131,500,2100,DISABLED,ENABLED,132,500,2100,DISABLED,ENABLED,132,500,2100,DISABLED,ENABLED,132,500,2100,DISABLED,ENABLED,131,500,2100,DISABLED,ENABLED,132,500,2100,DISABLED,ENABLED,900,900,1500,N/A,DISABLED,29,914,1680,N/A,ENABLED,29,914,1680,N/A,ENABLED,29,914,1680,N/A,ENABLED,29,914,1680,N/A,ENABLED,22,711,1400,N/A,ENABLED,22,711,1400,N/A,ENABLED,22,711,1400,N/A,ENABLED,22,711,1400,N/A,ENABLED,N/A,46,45
1744595236,0,123,N/A,N/A,N/A,N/A,ENABLED,132,500,2100,DISABLED,ENABLED,131,500,2100,DISABLED,ENABLED,131,500,2100,DISABLED,ENABLED,132,500,2100,DISABLED,ENABLED,132,500,2100,DISABLED,ENABLED,132,500,2100,DISABLED,ENABLED,131,500,2100,DISABLED,ENABLED,132,500,2100,DISABLED,ENABLED,900,900,1500,N/A,DISABLED,29,914,1680,N/A,ENABLED,29,914,1680,N/A,ENABLED,29,914,1680,N/A,ENABLED,29,914,1680,N/A,ENABLED,22,711,1400,N/A,ENABLED,22,711,1400,N/A,ENABLED,22,711,1400,N/A,ENABLED,22,711,1400,N/A,ENABLED,N/A,46,45
1744595237,0,123,N/A,N/A,N/A,N/A,ENABLED,132,500,2100,DISABLED,ENABLED,131,500,2100,DISABLED,ENABLED,131,500,2100,DISABLED,ENABLED,132,500,2100,DISABLED,ENABLED,132,500,2100,DISABLED,ENABLED,132,500,2100,DISABLED,ENABLED,131,500,2100,DISABLED,ENABLED,132,500,2100,DISABLED,ENABLED,900,900,1500,N/A,DISABLED,29,914,1680,N/A,ENABLED,29,914,1680,N/A,ENABLED,29,914,1680,N/A,ENABLED,29,914,1680,N/A,ENABLED,22,711,1400,N/A,ENABLED,22,711,1400,N/A,ENABLED,22,711,1400,N/A,ENABLED,22,711,1400,N/A,ENABLED,N/A,46,45
1744595238,0,122,N/A,N/A,N/A,N/A,ENABLED,132,500,2100,DISABLED,ENABLED,131,500,2100,DISABLED,ENABLED,131,500,2100,DISABLED,ENABLED,132,500,2100,DISABLED,ENABLED,132,500,2100,DISABLED,ENABLED,132,500,2100,DISABLED,ENABLED,131,500,2100,DISABLED,ENABLED,132,500,2100,DISABLED,ENABLED,900,900,1500,N/A,DISABLED,29,914,1680,N/A,ENABLED,29,914,1680,N/A,ENABLED,29,914,1680,N/A,ENABLED,29,914,1680,N/A,ENABLED,22,711,1400,N/A,ENABLED,22,711,1400,N/A,ENABLED,22,711,1400,N/A,ENABLED,22,711,1400,N/A,ENABLED,N/A,46,45
1744595240,0,122,N/A,N/A,N/A,N/A,ENABLED,132,500,2100,DISABLED,ENABLED,131,500,2100,DISABLED,ENABLED,131,500,2100,DISABLED,ENABLED,132,500,2100,DISABLED,ENABLED,132,500,2100,DISABLED,ENABLED,132,500,2100,DISABLED,ENABLED,131,500,2100,DISABLED,ENABLED,132,500,2100,DISABLED,ENABLED,900,900,1500,N/A,DISABLED,29,914,1680,N/A,ENABLED,29,914,1680,N/A,ENABLED,29,914,1680,N/A,ENABLED,29,914,1680,N/A,ENABLED,22,711,1400,N/A,ENABLED,22,711,1400,N/A,ENABLED,22,711,1400,N/A,ENABLED,22,711,1400,N/A,ENABLED,N/A,46,45
1744595241,0,122,N/A,N/A,N/A,N/A,ENABLED,132,500,2100,DISABLED,ENABLED,131,500,2100,DISABLED,ENABLED,131,500,2100,DISABLED,ENABLED,132,500,2100,DISABLED,ENABLED,132,500,2100,DISABLED,ENABLED,132,500,2100,DISABLED,ENABLED,131,500,2100,DISABLED,ENABLED,132,500,2100,DISABLED,ENABLED,900,900,1500,N/A,DISABLED,29,914,1680,N/A,ENABLED,29,914,1680,N/A,ENABLED,29,914,1680,N/A,ENABLED,29,914,1680,N/A,ENABLED,22,711,1400,N/A,ENABLED,22,711,1400,N/A,ENABLED,22,711,1400,N/A,ENABLED,22,711,1400,N/A,ENABLED,N/A,46,45
1744595242,0,122,N/A,N/A,N/A,N/A,ENABLED,132,500,2100,DISABLED,ENABLED,131,500,2100,DISABLED,ENABLED,131,500,2100,DISABLED,ENABLED,132,500,2100,DISABLED,ENABLED,132,500,2100,DISABLED,ENABLED,132,500,2100,DISABLED,ENABLED,131,500,2100,DISABLED,ENABLED,132,500,2100,DISABLED,ENABLED,900,900,1500,N/A,DISABLED,29,914,1680,N/A,ENABLED,29,914,1680,N/A,ENABLED,29,914,1680,N/A,ENABLED,29,914,1680,N/A,ENABLED,22,711,1400,N/A,ENABLED,22,711,1400,N/A,ENABLED,22,711,1400,N/A,ENABLED,22,711,1400,N/A,ENABLED,N/A,46,44
1744595243,0,122,N/A,N/A,N/A,N/A,ENABLED,132,500,2100,DISABLED,ENABLED,131,500,2100,DISABLED,ENABLED,131,500,2100,DISABLED,ENABLED,132,500,2100,DISABLED,ENABLED,132,500,2100,DISABLED,ENABLED,132,500,2100,DISABLED,ENABLED,131,500,2100,DISABLED,ENABLED,132,500,2100,DISABLED,ENABLED,900,900,1500,N/A,DISABLED,29,914,1680,N/A,ENABLED,29,914,1680,N/A,ENABLED,29,914,1680,N/A,ENABLED,29,914,1680,N/A,ENABLED,22,711,1400,N/A,ENABLED,22,711,1400,N/A,ENABLED,22,711,1400,N/A,ENABLED,22,711,1400,N/A,ENABLED,N/A,46,45
1744595244,0,728,N/A,N/A,N/A,N/A,ENABLED,1902,500,2100,DISABLED,DISABLED,1884,500,2100,DISABLED,DISABLED,1915,500,2100,DISABLED,DISABLED,1908,500,2100,DISABLED,DISABLED,1915,500,2100,DISABLED,DISABLED,1903,500,2100,DISABLED,DISABLED,1907,500,2100,DISABLED,DISABLED,1902,500,2100,DISABLED,DISABLED,1488,900,1500,N/A,DISABLED,52,914,1680,N/A,ENABLED,52,914,1680,N/A,ENABLED,52,914,1680,N/A,ENABLED,52,914,1680,N/A,ENABLED,43,711,1400,N/A,ENABLED,43,711,1400,N/A,ENABLED,43,711,1400,N/A,ENABLED,43,711,1400,N/A,ENABLED,N/A,48,55
1744595245,0,740,N/A,N/A,N/A,N/A,ENABLED,1897,500,2100,DISABLED,DISABLED,1879,500,2100,DISABLED,DISABLED,1911,500,2100,DISABLED,DISABLED,1902,500,2100,DISABLED,DISABLED,1912,500,2100,DISABLED,DISABLED,1898,500,2100,DISABLED,DISABLED,1903,500,2100,DISABLED,DISABLED,1897,500,2100,DISABLED,DISABLED,1500,900,1500,N/A,DISABLED,53,914,1680,N/A,ENABLED,53,914,1680,N/A,ENABLED,53,914,1680,N/A,ENABLED,53,914,1680,N/A,ENABLED,44,711,1400,N/A,ENABLED,44,711,1400,N/A,ENABLED,44,711,1400,N/A,ENABLED,44,711,1400,N/A,ENABLED,N/A,55,58
1744595247,0,742,N/A,N/A,N/A,N/A,ENABLED,1898,500,2100,DISABLED,DISABLED,1880,500,2100,DISABLED,DISABLED,1913,500,2100,DISABLED,DISABLED,1905,500,2100,DISABLED,DISABLED,1913,500,2100,DISABLED,DISABLED,1899,500,2100,DISABLED,DISABLED,1904,500,2100,DISABLED,DISABLED,1899,500,2100,DISABLED,DISABLED,1500,900,1500,N/A,DISABLED,53,914,1680,N/A,ENABLED,53,914,1680,N/A,ENABLED,53,914,1680,N/A,ENABLED,53,914,1680,N/A,ENABLED,44,711,1400,N/A,ENABLED,44,711,1400,N/A,ENABLED,44,711,1400,N/A,ENABLED,44,711,1400,N/A,ENABLED,N/A,57,59
1744595248,0,743,N/A,N/A,N/A,N/A,ENABLED,1895,500,2100,DISABLED,DISABLED,1877,500,2100,DISABLED,DISABLED,1909,500,2100,DISABLED,DISABLED,1901,500,2100,DISABLED,DISABLED,1911,500,2100,DISABLED,DISABLED,1897,500,2100,DISABLED,DISABLED,1901,500,2100,DISABLED,DISABLED,1895,500,2100,DISABLED,DISABLED,1500,900,1500,N/A,DISABLED,53,914,1680,N/A,ENABLED,53,914,1680,N/A,ENABLED,53,914,1680,N/A,ENABLED,53,914,1680,N/A,ENABLED,44,711,1400,N/A,ENABLED,44,711,1400,N/A,ENABLED,44,711,1400,N/A,ENABLED,44,711,1400,N/A,ENABLED,N/A,59,60
1744595249,0,743,N/A,N/A,N/A,N/A,ENABLED,1899,500,2100,DISABLED,DISABLED,1880,500,2100,DISABLED,DISABLED,1913,500,2100,DISABLED,DISABLED,1904,500,2100,DISABLED,DISABLED,1915,500,2100,DISABLED,DISABLED,1902,500,2100,DISABLED,DISABLED,1905,500,2100,DISABLED,DISABLED,1899,500,2100,DISABLED,DISABLED,1500,900,1500,N/A,DISABLED,53,914,1680,N/A,ENABLED,53,914,1680,N/A,ENABLED,53,914,1680,N/A,ENABLED,53,914,1680,N/A,ENABLED,44,711,1400,N/A,ENABLED,44,711,1400,N/A,ENABLED,44,711,1400,N/A,ENABLED,44,711,1400,N/A,ENABLED,N/A,59,60
1744595250,0,746,N/A,N/A,N/A,N/A,ENABLED,1900,500,2100,DISABLED,DISABLED,1882,500,2100,DISABLED,DISABLED,1916,500,2100,DISABLED,DISABLED,1906,500,2100,DISABLED,DISABLED,1918,500,2100,DISABLED,DISABLED,1904,500,2100,DISABLED,DISABLED,1908,500,2100,DISABLED,DISABLED,1901,500,2100,DISABLED,DISABLED,1500,900,1500,N/A,DISABLED,53,914,1680,N/A,ENABLED,53,914,1680,N/A,ENABLED,53,914,1680,N/A,ENABLED,53,914,1680,N/A,ENABLED,44,711,1400,N/A,ENABLED,44,711,1400,N/A,ENABLED,44,711,1400,N/A,ENABLED,44,711,1400,N/A,ENABLED,N/A,60,61
1744595251,0,747,N/A,N/A,N/A,N/A,ENABLED,1898,500,2100,DISABLED,DISABLED,1880,500,2100,DISABLED,DISABLED,1914,500,2100,DISABLED,DISABLED,1904,500,2100,DISABLED,DISABLED,1915,500,2100,DISABLED,DISABLED,1902,500,2100,DISABLED,DISABLED,1905,500,2100,DISABLED,DISABLED,1899,500,2100,DISABLED,DISABLED,1500,900,1500,N/A,DISABLED,53,914,1680,N/A,ENABLED,53,914,1680,N/A,ENABLED,53,914,1680,N/A,ENABLED,53,914,1680,N/A,ENABLED,44,711,1400,N/A,ENABLED,44,711,1400,N/A,ENABLED,44,711,1400,N/A,ENABLED,44,711,1400,N/A,ENABLED,N/A,60,61
1744595253,0,748,N/A,N/A,N/A,N/A,ENABLED,1899,500,2100,DISABLED,DISABLED,1880,500,2100,DISABLED,DISABLED,1914,500,2100,DISABLED,DISABLED,1906,500,2100,DISABLED,DISABLED,1917,500,2100,DISABLED,DISABLED,1902,500,2100,DISABLED,DISABLED,1908,500,2100,DISABLED,DISABLED,1900,500,2100,DISABLED,DISABLED,1500,900,1500,N/A,DISABLED,53,914,1680,N/A,ENABLED,53,914,1680,N/A,ENABLED,53,914,1680,N/A,ENABLED,53,914,1680,N/A,ENABLED,44,711,1400,N/A,ENABLED,44,711,1400,N/A,ENABLED,44,711,1400,N/A,ENABLED,44,711,1400,N/A,ENABLED,N/A,60,61
1744595254,0,748,N/A,N/A,N/A,N/A,ENABLED,1899,500,2100,DISABLED,DISABLED,1882,500,2100,DISABLED,DISABLED,1914,500,2100,DISABLED,DISABLED,1906,500,2100,DISABLED,DISABLED,1916,500,2100,DISABLED,DISABLED,1903,500,2100,DISABLED,DISABLED,1908,500,2100,DISABLED,DISABLED,1901,500,2100,DISABLED,DISABLED,1500,900,1500,N/A,DISABLED,53,914,1680,N/A,ENABLED,53,914,1680,N/A,ENABLED,53,914,1680,N/A,ENABLED,53,914,1680,N/A,ENABLED,44,711,1400,N/A,ENABLED,44,711,1400,N/A,ENABLED,44,711,1400,N/A,ENABLED,44,711,1400,N/A,ENABLED,N/A,61,62
1744595255,0,746,N/A,N/A,N/A,N/A,ENABLED,1894,500,2100,DISABLED,DISABLED,1876,500,2100,DISABLED,DISABLED,1909,500,2100,DISABLED,DISABLED,1901,500,2100,DISABLED,DISABLED,1911,500,2100,DISABLED,DISABLED,1899,500,2100,DISABLED,DISABLED,1903,500,2100,DISABLED,DISABLED,1895,500,2100,DISABLED,DISABLED,1500,900,1500,N/A,DISABLED,53,914,1680,N/A,ENABLED,53,914,1680,N/A,ENABLED,53,914,1680,N/A,ENABLED,53,914,1680,N/A,ENABLED,44,711,1400,N/A,ENABLED,44,711,1400,N/A,ENABLED,44,711,1400,N/A,ENABLED,44,711,1400,N/A,ENABLED,N/A,61,62
1744595256,0,749,N/A,N/A,N/A,N/A,ENABLED,1899,500,2100,DISABLED,DISABLED,1880,500,2100,DISABLED,DISABLED,1913,500,2100,DISABLED,DISABLED,1905,500,2100,DISABLED,DISABLED,1916,500,2100,DISABLED,DISABLED,1902,500,2100,DISABLED,DISABLED,1905,500,2100,DISABLED,DISABLED,1899,500,2100,DISABLED,DISABLED,1500,900,1500,N/A,DISABLED,53,914,1680,N/A,ENABLED,53,914,1680,N/A,ENABLED,53,914,1680,N/A,ENABLED,53,914,1680,N/A,ENABLED,44,711,1400,N/A,ENABLED,44,711,1400,N/A,ENABLED,44,711,1400,N/A,ENABLED,44,711,1400,N/A,ENABLED,N/A,62,62
1744595257,0,749,N/A,N/A,N/A,N/A,ENABLED,1893,500,2100,DISABLED,DISABLED,1875,500,2100,DISABLED,DISABLED,1910,500,2100,DISABLED,DISABLED,1900,500,2100,DISABLED,DISABLED,1912,500,2100,DISABLED,DISABLED,1896,500,2100,DISABLED,DISABLED,1900,500,2100,DISABLED,DISABLED,1893,500,2100,DISABLED,DISABLED,1500,900,1500,N/A,DISABLED,53,914,1680,N/A,ENABLED,53,914,1680,N/A,ENABLED,53,914,1680,N/A,ENABLED,53,914,1680,N/A,ENABLED,44,711,1400,N/A,ENABLED,44,711,1400,N/A,ENABLED,44,711,1400,N/A,ENABLED,44,711,1400,N/A,ENABLED,N/A,62,63
1744595258,0,748,N/A,N/A,N/A,N/A,ENABLED,1893,500,2100,DISABLED,DISABLED,1875,500,2100,DISABLED,DISABLED,1909,500,2100,DISABLED,DISABLED,1900,500,2100,DISABLED,DISABLED,1912,500,2100,DISABLED,DISABLED,1897,500,2100,DISABLED,DISABLED,1901,500,2100,DISABLED,DISABLED,1893,500,2100,DISABLED,DISABLED,1500,900,1500,N/A,DISABLED,53,914,1680,N/A,ENABLED,53,914,1680,N/A,ENABLED,53,914,1680,N/A,ENABLED,53,914,1680,N/A,ENABLED,44,711,1400,N/A,ENABLED,44,711,1400,N/A,ENABLED,44,711,1400,N/A,ENABLED,44,711,1400,N/A,ENABLED,N/A,62,63
1744595260,0,747,N/A,N/A,N/A,N/A,ENABLED,1894,500,2100,DISABLED,DISABLED,1876,500,2100,DISABLED,DISABLED,1909,500,2100,DISABLED,DISABLED,1899,500,2100,DISABLED,DISABLED,1911,500,2100,DISABLED,DISABLED,1896,500,2100,DISABLED,DISABLED,1901,500,2100,DISABLED,DISABLED,1893,500,2100,DISABLED,DISABLED,1500,900,1500,N/A,DISABLED,53,914,1680,N/A,ENABLED,53,914,1680,N/A,ENABLED,53,914,1680,N/A,ENABLED,53,914,1680,N/A,ENABLED,44,711,1400,N/A,ENABLED,44,711,1400,N/A,ENABLED,44,711,1400,N/A,ENABLED,44,711,1400,N/A,ENABLED,N/A,63,63
1744595261,0,747,N/A,N/A,N/A,N/A,ENABLED,1892,500,2100,DISABLED,DISABLED,1874,500,2100,DISABLED,DISABLED,1908,500,2100,DISABLED,DISABLED,1897,500,2100,DISABLED,DISABLED,1909,500,2100,DISABLED,DISABLED,1895,500,2100,DISABLED,DISABLED,1899,500,2100,DISABLED,DISABLED,1891,500,2100,DISABLED,DISABLED,1500,900,1500,N/A,DISABLED,53,914,1680,N/A,ENABLED,53,914,1680,N/A,ENABLED,53,914,1680,N/A,ENABLED,53,914,1680,N/A,ENABLED,44,711,1400,N/A,ENABLED,44,711,1400,N/A,ENABLED,44,711,1400,N/A,ENABLED,44,711,1400,N/A,ENABLED,N/A,63,64
1744595262,0,747,N/A,N/A,N/A,N/A,ENABLED,1891,500,2100,DISABLED,DISABLED,1872,500,2100,DISABLED,DISABLED,1906,500,2100,DISABLED,DISABLED,1895,500,2100,DISABLED,DISABLED,1909,500,2100,DISABLED,DISABLED,1895,500,2100,DISABLED,DISABLED,1898,500,2100,DISABLED,DISABLED,1891,500,2100,DISABLED,DISABLED,1500,900,1500,N/A,DISABLED,53,914,1680,N/A,ENABLED,53,914,1680,N/A,ENABLED,53,914,1680,N/A,ENABLED,53,914,1680,N/A,ENABLED,44,711,1400,N/A,ENABLED,44,711,1400,N/A,ENABLED,44,711,1400,N/A,ENABLED,44,711,1400,N/A,ENABLED,N/A,63,64
1744595263,0,745,N/A,N/A,N/A,N/A,ENABLED,1887,500,2100,DISABLED,DISABLED,1867,500,2100,DISABLED,DISABLED,1902,500,2100,DISABLED,DISABLED,1892,500,2100,DISABLED,DISABLED,1903,500,2100,DISABLED,DISABLED,1889,500,2100,DISABLED,DISABLED,1894,500,2100,DISABLED,DISABLED,1886,500,2100,DISABLED,DISABLED,1500,900,1500,N/A,DISABLED,53,914,1680,N/A,ENABLED,53,914,1680,N/A,ENABLED,53,914,1680,N/A,ENABLED,53,914,1680,N/A,ENABLED,44,711,1400,N/A,ENABLED,44,711,1400,N/A,ENABLED,44,711,1400,N/A,ENABLED,44,711,1400,N/A,ENABLED,N/A,63,64
1744595264,0,748,N/A,N/A,N/A,N/A,ENABLED,1888,500,2100,DISABLED,DISABLED,1869,500,2100,DISABLED,DISABLED,1903,500,2100,DISABLED,DISABLED,1895,500,2100,DISABLED,DISABLED,1906,500,2100,DISABLED,DISABLED,1892,500,2100,DISABLED,DISABLED,1897,500,2100,DISABLED,DISABLED,1888,500,2100,DISABLED,DISABLED,1500,900,1500,N/A,DISABLED,53,914,1680,N/A,ENABLED,53,914,1680,N/A,ENABLED,53,914,1680,N/A,ENABLED,53,914,1680,N/A,ENABLED,44,711,1400,N/A,ENABLED,44,711,1400,N/A,ENABLED,44,711,1400,N/A,ENABLED,44,711,1400,N/A,ENABLED,N/A,64,64
1744595266,0,747,N/A,N/A,N/A,N/A,ENABLED,1886,500,2100,DISABLED,DISABLED,1868,500,2100,DISABLED,DISABLED,1902,500,2100,DISABLED,DISABLED,1893,500,2100,DISABLED,DISABLED,1905,500,2100,DISABLED,DISABLED,1890,500,2100,DISABLED,DISABLED,1895,500,2100,DISABLED,DISABLED,1887,500,2100,DISABLED,DISABLED,1500,900,1500,N/A,DISABLED,53,914,1680,N/A,ENABLED,53,914,1680,N/A,ENABLED,53,914,1680,N/A,ENABLED,53,914,1680,N/A,ENABLED,44,711,1400,N/A,ENABLED,44,711,1400,N/A,ENABLED,44,711,1400,N/A,ENABLED,44,711,1400,N/A,ENABLED,N/A,64,65
1744595267,0,747,N/A,N/A,N/A,N/A,ENABLED,1887,500,2100,DISABLED,DISABLED,1868,500,2100,DISABLED,DISABLED,1903,500,2100,DISABLED,DISABLED,1893,500,2100,DISABLED,DISABLED,1905,500,2100,DISABLED,DISABLED,1891,500,2100,DISABLED,DISABLED,1895,500,2100,DISABLED,DISABLED,1887,500,2100,DISABLED,DISABLED,1500,900,1500,N/A,DISABLED,53,914,1680,N/A,ENABLED,53,914,1680,N/A,ENABLED,53,914,1680,N/A,ENABLED,53,914,1680,N/A,ENABLED,44,711,1400,N/A,ENABLED,44,711,1400,N/A,ENABLED,44,711,1400,N/A,ENABLED,44,711,1400,N/A,ENABLED,N/A,64,65
1744595268,0,749,N/A,N/A,N/A,N/A,ENABLED,1887,500,2100,DISABLED,DISABLED,1869,500,2100,DISABLED,DISABLED,1903,500,2100,DISABLED,DISABLED,1893,500,2100,DISABLED,DISABLED,1906,500,2100,DISABLED,DISABLED,1890,500,2100,DISABLED,DISABLED,1895,500,2100,DISABLED,DISABLED,1886,500,2100,DISABLED,DISABLED,1500,900,1500,N/A,DISABLED,53,914,1680,N/A,ENABLED,53,914,1680,N/A,ENABLED,53,914,1680,N/A,ENABLED,53,914,1680,N/A,ENABLED,44,711,1400,N/A,ENABLED,44,711,1400,N/A,ENABLED,44,711,1400,N/A,ENABLED,44,711,1400,N/A,ENABLED,N/A,64,65
1744595269,0,751,N/A,N/A,N/A,N/A,ENABLED,1890,500,2100,DISABLED,DISABLED,1871,500,2100,DISABLED,DISABLED,1906,500,2100,DISABLED,DISABLED,1896,500,2100,DISABLED,DISABLED,1908,500,2100,DISABLED,DISABLED,1893,500,2100,DISABLED,DISABLED,1898,500,2100,DISABLED,DISABLED,1889,500,2100,DISABLED,DISABLED,1500,900,1500,N/A,DISABLED,53,914,1680,N/A,ENABLED,53,914,1680,N/A,ENABLED,53,914,1680,N/A,ENABLED,53,914,1680,N/A,ENABLED,44,711,1400,N/A,ENABLED,44,711,1400,N/A,ENABLED,44,711,1400,N/A,ENABLED,44,711,1400,N/A,ENABLED,N/A,64,65
1744595270,0,747,N/A,N/A,N/A,N/A,ENABLED,1886,500,2100,DISABLED,DISABLED,1866,500,2100,DISABLED,DISABLED,1901,500,2100,DISABLED,DISABLED,1890,500,2100,DISABLED,DISABLED,1904,500,2100,DISABLED,DISABLED,1889,500,2100,DISABLED,DISABLED,1894,500,2100,DISABLED,DISABLED,1885,500,2100,DISABLED,DISABLED,1500,900,1500,N/A,DISABLED,53,914,1680,N/A,ENABLED,53,914,1680,N/A,ENABLED,53,914,1680,N/A,ENABLED,53,914,1680,N/A,ENABLED,44,711,1400,N/A,ENABLED,44,711,1400,N/A,ENABLED,44,711,1400,N/A,ENABLED,44,711,1400,N/A,ENABLED,N/A,64,65
1744595271,0,748,N/A,N/A,N/A,N/A,ENABLED,1885,500,2100,DISABLED,DISABLED,1865,500,2100,DISABLED,DISABLED,1900,500,2100,DISABLED,DISABLED,1890,500,2100,DISABLED,DISABLED,1903,500,2100,DISABLED,DISABLED,1888,500,2100,DISABLED,DISABLED,1894,500,2100,DISABLED,DISABLED,1884,500,2100,DISABLED,DISABLED,1500,900,1500,N/A,DISABLED,53,914,1680,N/A,ENABLED,53,914,1680,N/A,ENABLED,53,914,1680,N/A,ENABLED,53,914,1680,N/A,ENABLED,44,711,1400,N/A,ENABLED,44,711,1400,N/A,ENABLED,44,711,1400,N/A,ENABLED,44,711,1400,N/A,ENABLED,N/A,64,65
1744595273,0,747,N/A,N/A,N/A,N/A,ENABLED,1887,500,2100,DISABLED,DISABLED,1867,500,2100,DISABLED,DISABLED,1902,500,2100,DISABLED,DISABLED,1891,500,2100,DISABLED,DISABLED,1904,500,2100,DISABLED,DISABLED,1889,500,2100,DISABLED,DISABLED,1894,500,2100,DISABLED,DISABLED,1885,500,2100,DISABLED,DISABLED,1500,900,1500,N/A,DISABLED,53,914,1680,N/A,ENABLED,53,914,1680,N/A,ENABLED,53,914,1680,N/A,ENABLED,53,914,1680,N/A,ENABLED,44,711,1400,N/A,ENABLED,44,711,1400,N/A,ENABLED,44,711,1400,N/A,ENABLED,44,711,1400,N/A,ENABLED,N/A,65,66
1744595274,0,749,N/A,N/A,N/A,N/A,ENABLED,1887,500,2100,DISABLED,DISABLED,1868,500,2100,DISABLED,DISABLED,1903,500,2100,DISABLED,DISABLED,1892,500,2100,DISABLED,DISABLED,1905,500,2100,DISABLED,DISABLED,1891,500,2100,DISABLED,DISABLED,1896,500,2100,DISABLED,DISABLED,1886,500,2100,DISABLED,DISABLED,1500,900,1500,N/A,DISABLED,53,914,1680,N/A,ENABLED,53,914,1680,N/A,ENABLED,53,914,1680,N/A,ENABLED,53,914,1680,N/A,ENABLED,44,711,1400,N/A,ENABLED,44,711,1400,N/A,ENABLED,44,711,1400,N/A,ENABLED,44,711,1400,N/A,ENABLED,N/A,65,65
1744595275,0,747,N/A,N/A,N/A,N/A,ENABLED,1885,500,2100,DISABLED,DISABLED,1866,500,2100,DISABLED,DISABLED,1901,500,2100,DISABLED,DISABLED,1891,500,2100,DISABLED,DISABLED,1903,500,2100,DISABLED,DISABLED,1888,500,2100,DISABLED,DISABLED,1895,500,2100,DISABLED,DISABLED,1885,500,2100,DISABLED,DISABLED,1500,900,1500,N/A,DISABLED,53,914,1680,N/A,ENABLED,53,914,1680,N/A,ENABLED,53,914,1680,N/A,ENABLED,53,914,1680,N/A,ENABLED,44,711,1400,N/A,ENABLED,44,711,1400,N/A,ENABLED,44,711,1400,N/A,ENABLED,44,711,1400,N/A,ENABLED,N/A,65,66
1744595276,0,748,N/A,N/A,N/A,N/A,ENABLED,1885,500,2100,DISABLED,DISABLED,1866,500,2100,DISABLED,DISABLED,1901,500,2100,DISABLED,DISABLED,1891,500,2100,DISABLED,DISABLED,1903,500,2100,DISABLED,DISABLED,1888,500,2100,DISABLED,DISABLED,1894,500,2100,DISABLED,DISABLED,1884,500,2100,DISABLED,DISABLED,1500,900,1500,N/A,DISABLED,53,914,1680,N/A,ENABLED,53,914,1680,N/A,ENABLED,53,914,1680,N/A,ENABLED,53,914,1680,N/A,ENABLED,44,711,1400,N/A,ENABLED,44,711,1400,N/A,ENABLED,44,711,1400,N/A,ENABLED,44,711,1400,N/A,ENABLED,N/A,65,66
1744595277,0,747,N/A,N/A,N/A,N/A,ENABLED,1883,500,2100,DISABLED,DISABLED,1864,500,2100,DISABLED,DISABLED,1898,500,2100,DISABLED,DISABLED,1888,500,2100,DISABLED,DISABLED,1901,500,2100,DISABLED,DISABLED,1885,500,2100,DISABLED,DISABLED,1891,500,2100,DISABLED,DISABLED,1882,500,2100,DISABLED,DISABLED,1500,900,1500,N/A,DISABLED,53,914,1680,N/A,ENABLED,53,914,1680,N/A,ENABLED,53,914,1680,N/A,ENABLED,53,914,1680,N/A,ENABLED,44,711,1400,N/A,ENABLED,44,711,1400,N/A,ENABLED,44,711,1400,N/A,ENABLED,44,711,1400,N/A,ENABLED,N/A,65,66
1744595278,0,750,N/A,N/A,N/A,N/A,ENABLED,1888,500,2100,DISABLED,DISABLED,1869,500,2100,DISABLED,DISABLED,1904,500,2100,DISABLED,DISABLED,1894,500,2100,DISABLED,DISABLED,1907,500,2100,DISABLED,DISABLED,1890,500,2100,DISABLED,DISABLED,1896,500,2100,DISABLED,DISABLED,1887,500,2100,DISABLED,DISABLED,1500,900,1500,N/A,DISABLED,53,914,1680,N/A,ENABLED,53,914,1680,N/A,ENABLED,53,914,1680,N/A,ENABLED,53,914,1680,N/A,ENABLED,44,711,1400,N/A,ENABLED,44,711,1400,N/A,ENABLED,44,711,1400,N/A,ENABLED,44,711,1400,N/A,ENABLED,N/A,65,65
1744595280,0,749,N/A,N/A,N/A,N/A,ENABLED,1889,500,2100,DISABLED,DISABLED,1870,500,2100,DISABLED,DISABLED,1904,500,2100,DISABLED,DISABLED,1894,500,2100,DISABLED,DISABLED,1906,500,2100,DISABLED,DISABLED,1891,500,2100,DISABLED,DISABLED,1897,500,2100,DISABLED,DISABLED,1888,500,2100,DISABLED,DISABLED,1500,900,1500,N/A,DISABLED,53,914,1680,N/A,ENABLED,53,914,1680,N/A,ENABLED,53,914,1680,N/A,ENABLED,53,914,1680,N/A,ENABLED,44,711,1400,N/A,ENABLED,44,711,1400,N/A,ENABLED,44,711,1400,N/A,ENABLED,44,711,1400,N/A,ENABLED,N/A,65,66
1744595281,0,747,N/A,N/A,N/A,N/A,ENABLED,1882,500,2100,DISABLED,DISABLED,1864,500,2100,DISABLED,DISABLED,1899,500,2100,DISABLED,DISABLED,1888,500,2100,DISABLED,DISABLED,1901,500,2100,DISABLED,DISABLED,1885,500,2100,DISABLED,DISABLED,1890,500,2100,DISABLED,DISABLED,1882,500,2100,DISABLED,DISABLED,1500,900,1500,N/A,DISABLED,53,914,1680,N/A,ENABLED,53,914,1680,N/A,ENABLED,53,914,1680,N/A,ENABLED,53,914,1680,N/A,ENABLED,44,711,1400,N/A,ENABLED,44,711,1400,N/A,ENABLED,44,711,1400,N/A,ENABLED,44,711,1400,N/A,ENABLED,N/A,65,65
1744595282,0,750,N/A,N/A,N/A,N/A,ENABLED,1890,500,2100,DISABLED,DISABLED,1871,500,2100,DISABLED,DISABLED,1906,500,2100,DISABLED,DISABLED,1895,500,2100,DISABLED,DISABLED,1908,500,2100,DISABLED,DISABLED,1893,500,2100,DISABLED,DISABLED,1898,500,2100,DISABLED,DISABLED,1889,500,2100,DISABLED,DISABLED,1500,900,1500,N/A,DISABLED,53,914,1680,N/A,ENABLED,53,914,1680,N/A,ENABLED,53,914,1680,N/A,ENABLED,53,914,1680,N/A,ENABLED,44,711,1400,N/A,ENABLED,44,711,1400,N/A,ENABLED,44,711,1400,N/A,ENABLED,44,711,1400,N/A,ENABLED,N/A,65,66
1744595283,0,747,N/A,N/A,N/A,N/A,ENABLED,1885,500,2100,DISABLED,DISABLED,1866,500,2100,DISABLED,DISABLED,1900,500,2100,DISABLED,DISABLED,1889,500,2100,DISABLED,DISABLED,1903,500,2100,DISABLED,DISABLED,1888,500,2100,DISABLED,DISABLED,1894,500,2100,DISABLED,DISABLED,1884,500,2100,DISABLED,DISABLED,1500,900,1500,N/A,DISABLED,53,914,1680,N/A,ENABLED,53,914,1680,N/A,ENABLED,53,914,1680,N/A,ENABLED,53,914,1680,N/A,ENABLED,44,711,1400,N/A,ENABLED,44,711,1400,N/A,ENABLED,44,711,1400,N/A,ENABLED,44,711,1400,N/A,ENABLED,N/A,65,66
1744595284,0,749,N/A,N/A,N/A,N/A,ENABLED,1886,500,2100,DISABLED,DISABLED,1868,500,2100,DISABLED,DISABLED,1903,500,2100,DISABLED,DISABLED,1891,500,2100,DISABLED,DISABLED,1905,500,2100,DISABLED,DISABLED,1889,500,2100,DISABLED,DISABLED,1895,500,2100,DISABLED,DISABLED,1886,500,2100,DISABLED,DISABLED,1500,900,1500,N/A,DISABLED,53,914,1680,N/A,ENABLED,53,914,1680,N/A,ENABLED,53,914,1680,N/A,ENABLED,53,914,1680,N/A,ENABLED,44,711,1400,N/A,ENABLED,44,711,1400,N/A,ENABLED,44,711,1400,N/A,ENABLED,44,711,1400,N/A,ENABLED,N/A,65,66
1744595285,0,746,N/A,N/A,N/A,N/A,ENABLED,1886,500,2100,DISABLED,DISABLED,1868,500,2100,DISABLED,DISABLED,1901,500,2100,DISABLED,DISABLED,1891,500,2100,DISABLED,DISABLED,1904,500,2100,DISABLED,DISABLED,1889,500,2100,DISABLED,DISABLED,1893,500,2100,DISABLED,DISABLED,1887,500,2100,DISABLED,DISABLED,1500,900,1500,N/A,DISABLED,53,914,1680,N/A,ENABLED,53,914,1680,N/A,ENABLED,53,914,1680,N/A,ENABLED,53,914,1680,N/A,ENABLED,44,711,1400,N/A,ENABLED,44,711,1400,N/A,ENABLED,44,711,1400,N/A,ENABLED,44,711,1400,N/A,ENABLED,N/A,65,66
1744595287,0,749,N/A,N/A,N/A,N/A,ENABLED,1887,500,2100,DISABLED,DISABLED,1868,500,2100,DISABLED,DISABLED,1903,500,2100,DISABLED,DISABLED,1891,500,2100,DISABLED,DISABLED,1905,500,2100,DISABLED,DISABLED,1889,500,2100,DISABLED,DISABLED,1893,500,2100,DISABLED,DISABLED,1885,500,2100,DISABLED,DISABLED,1500,900,1500,N/A,DISABLED,53,914,1680,N/A,ENABLED,53,914,1680,N/A,ENABLED,53,914,1680,N/A,ENABLED,53,914,1680,N/A,ENABLED,44,711,1400,N/A,ENABLED,44,711,1400,N/A,ENABLED,44,711,1400,N/A,ENABLED,44,711,1400,N/A,ENABLED,N/A,65,66
1744595288,0,748,N/A,N/A,N/A,N/A,ENABLED,1887,500,2100,DISABLED,DISABLED,1868,500,2100,DISABLED,DISABLED,1903,500,2100,DISABLED,DISABLED,1892,500,2100,DISABLED,DISABLED,1905,500,2100,DISABLED,DISABLED,1888,500,2100,DISABLED,DISABLED,1894,500,2100,DISABLED,DISABLED,1885,500,2100,DISABLED,DISABLED,1500,900,1500,N/A,DISABLED,53,914,1680,N/A,ENABLED,53,914,1680,N/A,ENABLED,53,914,1680,N/A,ENABLED,53,914,1680,N/A,ENABLED,44,711,1400,N/A,ENABLED,44,711,1400,N/A,ENABLED,44,711,1400,N/A,ENABLED,44,711,1400,N/A,ENABLED,N/A,65,66
1744595289,0,749,N/A,N/A,N/A,N/A,ENABLED,1885,500,2100,DISABLED,DISABLED,1866,500,2100,DISABLED,DISABLED,1902,500,2100,DISABLED,DISABLED,1891,500,2100,DISABLED,DISABLED,1903,500,2100,DISABLED,DISABLED,1886,500,2100,DISABLED,DISABLED,1892,500,2100,DISABLED,DISABLED,1882,500,2100,DISABLED,DISABLED,1500,900,1500,N/A,DISABLED,53,914,1680,N/A,ENABLED,53,914,1680,N/A,ENABLED,53,914,1680,N/A,ENABLED,53,914,1680,N/A,ENABLED,44,711,1400,N/A,ENABLED,44,711,1400,N/A,ENABLED,44,711,1400,N/A,ENABLED,44,711,1400,N/A,ENABLED,N/A,65,66
1744595290,0,748,N/A,N/A,N/A,N/A,ENABLED,1890,500,2100,DISABLED,DISABLED,1868,500,2100,DISABLED,DISABLED,1903,500,2100,DISABLED,DISABLED,1893,500,2100,DISABLED,DISABLED,1905,500,2100,DISABLED,DISABLED,1891,500,2100,DISABLED,DISABLED,1896,500,2100,DISABLED,DISABLED,1887,500,2100,DISABLED,DISABLED,1500,900,1500,N/A,DISABLED,53,914,1680,N/A,ENABLED,53,914,1680,N/A,ENABLED,53,914,1680,N/A,ENABLED,53,914,1680,N/A,ENABLED,44,711,1400,N/A,ENABLED,44,711,1400,N/A,ENABLED,44,711,1400,N/A,ENABLED,44,711,1400,N/A,ENABLED,N/A,65,65
1744595291,0,748,N/A,N/A,N/A,N/A,ENABLED,1886,500,2100,DISABLED,DISABLED,1868,500,2100,DISABLED,DISABLED,1904,500,2100,DISABLED,DISABLED,1892,500,2100,DISABLED,DISABLED,1905,500,2100,DISABLED,DISABLED,1889,500,2100,DISABLED,DISABLED,1895,500,2100,DISABLED,DISABLED,1886,500,2100,DISABLED,DISABLED,1500,900,1500,N/A,DISABLED,53,914,1680,N/A,ENABLED,53,914,1680,N/A,ENABLED,53,914,1680,N/A,ENABLED,53,914,1680,N/A,ENABLED,44,711,1400,N/A,ENABLED,44,711,1400,N/A,ENABLED,44,711,1400,N/A,ENABLED,44,711,1400,N/A,ENABLED,N/A,65,66
1744595293,0,747,N/A,N/A,N/A,N/A,ENABLED,1883,500,2100,DISABLED,DISABLED,1865,500,2100,DISABLED,DISABLED,1900,500,2100,DISABLED,DISABLED,1889,500,2100,DISABLED,DISABLED,1902,500,2100,DISABLED,DISABLED,1886,500,2100,DISABLED,DISABLED,1893,500,2100,DISABLED,DISABLED,1884,500,2100,DISABLED,DISABLED,1500,900,1500,N/A,DISABLED,53,914,1680,N/A,ENABLED,53,914,1680,N/A,ENABLED,53,914,1680,N/A,ENABLED,53,914,1680,N/A,ENABLED,44,711,1400,N/A,ENABLED,44,711,1400,N/A,ENABLED,44,711,1400,N/A,ENABLED,44,711,1400,N/A,ENABLED,N/A,65,66
1744595294,0,749,N/A,N/A,N/A,N/A,ENABLED,1886,500,2100,DISABLED,DISABLED,1868,500,2100,DISABLED,DISABLED,1902,500,2100,DISABLED,DISABLED,1891,500,2100,DISABLED,DISABLED,1904,500,2100,DISABLED,DISABLED,1888,500,2100,DISABLED,DISABLED,1893,500,2100,DISABLED,DISABLED,1885,500,2100,DISABLED,DISABLED,1500,900,1500,N/A,DISABLED,53,914,1680,N/A,ENABLED,53,914,1680,N/A,ENABLED,53,914,1680,N/A,ENABLED,53,914,1680,N/A,ENABLED,44,711,1400,N/A,ENABLED,44,711,1400,N/A,ENABLED,44,711,1400,N/A,ENABLED,44,711,1400,N/A,ENABLED,N/A,65,66
1744595295,0,748,N/A,N/A,N/A,N/A,ENABLED,1881,500,2100,DISABLED,DISABLED,1864,500,2100,DISABLED,DISABLED,1898,500,2100,DISABLED,DISABLED,1889,500,2100,DISABLED,DISABLED,1900,500,2100,DISABLED,DISABLED,1885,500,2100,DISABLED,DISABLED,1891,500,2100,DISABLED,DISABLED,1882,500,2100,DISABLED,DISABLED,1500,900,1500,N/A,DISABLED,53,914,1680,N/A,ENABLED,53,914,1680,N/A,ENABLED,53,914,1680,N/A,ENABLED,53,914,1680,N/A,ENABLED,44,711,1400,N/A,ENABLED,44,711,1400,N/A,ENABLED,44,711,1400,N/A,ENABLED,44,711,1400,N/A,ENABLED,N/A,65,66
1744595296,0,747,N/A,N/A,N/A,N/A,ENABLED,1880,500,2100,DISABLED,DISABLED,1861,500,2100,DISABLED,DISABLED,1896,500,2100,DISABLED,DISABLED,1885,500,2100,DISABLED,DISABLED,1898,500,2100,DISABLED,DISABLED,1884,500,2100,DISABLED,DISABLED,1889,500,2100,DISABLED,DISABLED,1880,500,2100,DISABLED,DISABLED,1500,900,1500,N/A,DISABLED,53,914,1680,N/A,ENABLED,53,914,1680,N/A,ENABLED,53,914,1680,N/A,ENABLED,53,914,1680,N/A,ENABLED,44,711,1400,N/A,ENABLED,44,711,1400,N/A,ENABLED,44,711,1400,N/A,ENABLED,44,711,1400,N/A,ENABLED,N/A,65,66
1744595297,0,749,N/A,N/A,N/A,N/A,ENABLED,1885,500,2100,DISABLED,DISABLED,1866,500,2100,DISABLED,DISABLED,1902,500,2100,DISABLED,DISABLED,1891,500,2100,DISABLED,DISABLED,1903,500,2100,DISABLED,DISABLED,1888,500,2100,DISABLED,DISABLED,1893,500,2100,DISABLED,DISABLED,1885,500,2100,DISABLED,DISABLED,1500,900,1500,N/A,DISABLED,53,914,1680,N/A,ENABLED,53,914,1680,N/A,ENABLED,53,914,1680,N/A,ENABLED,53,914,1680,N/A,ENABLED,44,711,1400,N/A,ENABLED,44,711,1400,N/A,ENABLED,44,711,1400,N/A,ENABLED,44,711,1400,N/A,ENABLED,N/A,65,66
1744595298,0,746,N/A,N/A,N/A,N/A,ENABLED,1883,500,2100,DISABLED,DISABLED,1863,500,2100,DISABLED,DISABLED,1898,500,2100,DISABLED,DISABLED,1887,500,2100,DISABLED,DISABLED,1901,500,2100,DISABLED,DISABLED,1886,500,2100,DISABLED,DISABLED,1890,500,2100,DISABLED,DISABLED,1881,500,2100,DISABLED,DISABLED,1500,900,1500,N/A,DISABLED,53,914,1680,N/A,ENABLED,53,914,1680,N/A,ENABLED,53,914,1680,N/A,ENABLED,53,914,1680,N/A,ENABLED,44,711,1400,N/A,ENABLED,44,711,1400,N/A,ENABLED,44,711,1400,N/A,ENABLED,44,711,1400,N/A,ENABLED,N/A,65,66
1744595300,0,750,N/A,N/A,N/A,N/A,ENABLED,1885,500,2100,DISABLED,DISABLED,1864,500,2100,DISABLED,DISABLED,1900,500,2100,DISABLED,DISABLED,1891,500,2100,DISABLED,DISABLED,1902,500,2100,DISABLED,DISABLED,1888,500,2100,DISABLED,DISABLED,1893,500,2100,DISABLED,DISABLED,1884,500,2100,DISABLED,DISABLED,1500,900,1500,N/A,DISABLED,53,914,1680,N/A,ENABLED,53,914,1680,N/A,ENABLED,53,914,1680,N/A,ENABLED,53,914,1680,N/A,ENABLED,44,711,1400,N/A,ENABLED,44,711,1400,N/A,ENABLED,44,711,1400,N/A,ENABLED,44,711,1400,N/A,ENABLED,N/A,65,66
1744595301,0,747,N/A,N/A,N/A,N/A,ENABLED,1881,500,2100,DISABLED,DISABLED,1862,500,2100,DISABLED,DISABLED,1897,500,2100,DISABLED,DISABLED,1888,500,2100,DISABLED,DISABLED,1899,500,2100,DISABLED,DISABLED,1884,500,2100,DISABLED,DISABLED,1888,500,2100,DISABLED,DISABLED,1880,500,2100,DISABLED,DISABLED,1500,900,1500,N/A,DISABLED,53,914,1680,N/A,ENABLED,53,914,1680,N/A,ENABLED,53,914,1680,N/A,ENABLED,53,914,1680,N/A,ENABLED,44,711,1400,N/A,ENABLED,44,711,1400,N/A,ENABLED,44,711,1400,N/A,ENABLED,44,711,1400,N/A,ENABLED,N/A,65,66
1744595302,0,749,N/A,N/A,N/A,N/A,ENABLED,1884,500,2100,DISABLED,DISABLED,1865,500,2100,DISABLED,DISABLED,1900,500,2100,DISABLED,DISABLED,1890,500,2100,DISABLED,DISABLED,1903,500,2100,DISABLED,DISABLED,1888,500,2100,DISABLED,DISABLED,1893,500,2100,DISABLED,DISABLED,1884,500,2100,DISABLED,DISABLED,1500,900,1500,N/A,DISABLED,53,914,1680,N/A,ENABLED,53,914,1680,N/A,ENABLED,53,914,1680,N/A,ENABLED,53,914,1680,N/A,ENABLED,44,711,1400,N/A,ENABLED,44,711,1400,N/A,ENABLED,44,711,1400,N/A,ENABLED,44,711,1400,N/A,ENABLED,N/A,65,66
1744595303,0,750,N/A,N/A,N/A,N/A,ENABLED,1884,500,2100,DISABLED,DISABLED,1865,500,2100,DISABLED,DISABLED,1900,500,2100,DISABLED,DISABLED,1890,500,2100,DISABLED,DISABLED,1903,500,2100,DISABLED,DISABLED,1888,500,2100,DISABLED,DISABLED,1893,500,2100,DISABLED,DISABLED,1884,500,2100,DISABLED,DISABLED,1500,900,1500,N/A,DISABLED,53,914,1680,N/A,ENABLED,53,914,1680,N/A,ENABLED,53,914,1680,N/A,ENABLED,53,914,1680,N/A,ENABLED,44,711,1400,N/A,ENABLED,44,711,1400,N/A,ENABLED,44,711,1400,N/A,ENABLED,44,711,1400,N/A,ENABLED,N/A,65,66
1744595304,0,749,N/A,N/A,N/A,N/A,ENABLED,1886,500,2100,DISABLED,DISABLED,1867,500,2100,DISABLED,DISABLED,1901,500,2100,DISABLED,DISABLED,1891,500,2100,DISABLED,DISABLED,1904,500,2100,DISABLED,DISABLED,1889,500,2100,DISABLED,DISABLED,1894,500,2100,DISABLED,DISABLED,1885,500,2100,DISABLED,DISABLED,1500,900,1500,N/A,DISABLED,53,914,1680,N/A,ENABLED,53,914,1680,N/A,ENABLED,53,914,1680,N/A,ENABLED,53,914,1680,N/A,ENABLED,44,711,1400,N/A,ENABLED,44,711,1400,N/A,ENABLED,44,711,1400,N/A,ENABLED,44,711,1400,N/A,ENABLED,N/A,65,66
1744595305,0,750,N/A,N/A,N/A,N/A,ENABLED,1886,500,2100,DISABLED,DISABLED,1867,500,2100,DISABLED,DISABLED,1902,500,2100,DISABLED,DISABLED,1891,500,2100,DISABLED,DISABLED,1904,500,2100,DISABLED,DISABLED,1889,500,2100,DISABLED,DISABLED,1895,500,2100,DISABLED,DISABLED,1886,500,2100,DISABLED,DISABLED,1500,900,1500,N/A,DISABLED,53,914,1680,N/A,ENABLED,53,914,1680,N/A,ENABLED,53,914,1680,N/A,ENABLED,53,914,1680,N/A,ENABLED,44,711,1400,N/A,ENABLED,44,711,1400,N/A,ENABLED,44,711,1400,N/A,ENABLED,44,711,1400,N/A,ENABLED,N/A,65,66
1744595307,0,750,N/A,N/A,N/A,N/A,ENABLED,1886,500,2100,DISABLED,DISABLED,1867,500,2100,DISABLED,DISABLED,1902,500,2100,DISABLED,DISABLED,1891,500,2100,DISABLED,DISABLED,1905,500,2100,DISABLED,DISABLED,1890,500,2100,DISABLED,DISABLED,1895,500,2100,DISABLED,DISABLED,1887,500,2100,DISABLED,DISABLED,1500,900,1500,N/A,DISABLED,53,914,1680,N/A,ENABLED,53,914,1680,N/A,ENABLED,53,914,1680,N/A,ENABLED,53,914,1680,N/A,ENABLED,44,711,1400,N/A,ENABLED,44,711,1400,N/A,ENABLED,44,711,1400,N/A,ENABLED,44,711,1400,N/A,ENABLED,N/A,65,66
1744595308,0,751,N/A,N/A,N/A,N/A,ENABLED,1885,500,2100,DISABLED,DISABLED,1866,500,2100,DISABLED,DISABLED,1901,500,2100,DISABLED,DISABLED,1891,500,2100,DISABLED,DISABLED,1904,500,2100,DISABLED,DISABLED,1889,500,2100,DISABLED,DISABLED,1894,500,2100,DISABLED,DISABLED,1886,500,2100,DISABLED,DISABLED,1500,900,1500,N/A,DISABLED,53,914,1680,N/A,ENABLED,53,914,1680,N/A,ENABLED,53,914,1680,N/A,ENABLED,53,914,1680,N/A,ENABLED,44,711,1400,N/A,ENABLED,44,711,1400,N/A,ENABLED,44,711,1400,N/A,ENABLED,44,711,1400,N/A,ENABLED,N/A,65,67
1744595309,0,748,N/A,N/A,N/A,N/A,ENABLED,1881,500,2100,DISABLED,DISABLED,1862,500,2100,DISABLED,DISABLED,1897,500,2100,DISABLED,DISABLED,1887,500,2100,DISABLED,DISABLED,1900,500,2100,DISABLED,DISABLED,1884,500,2100,DISABLED,DISABLED,1889,500,2100,DISABLED,DISABLED,1880,500,2100,DISABLED,DISABLED,1500,900,1500,N/A,DISABLED,53,914,1680,N/A,ENABLED,53,914,1680,N/A,ENABLED,53,914,1680,N/A,ENABLED,53,914,1680,N/A,ENABLED,44,711,1400,N/A,ENABLED,44,711,1400,N/A,ENABLED,44,711,1400,N/A,ENABLED,44,711,1400,N/A,ENABLED,N/A,65,67
1744595310,0,750,N/A,N/A,N/A,N/A,ENABLED,1885,500,2100,DISABLED,DISABLED,1866,500,2100,DISABLED,DISABLED,1901,500,2100,DISABLED,DISABLED,1890,500,2100,DISABLED,DISABLED,1903,500,2100,DISABLED,DISABLED,1887,500,2100,DISABLED,DISABLED,1892,500,2100,DISABLED,DISABLED,1883,500,2100,DISABLED,DISABLED,1500,900,1500,N/A,DISABLED,53,914,1680,N/A,ENABLED,53,914,1680,N/A,ENABLED,53,914,1680,N/A,ENABLED,53,914,1680,N/A,ENABLED,44,711,1400,N/A,ENABLED,44,711,1400,N/A,ENABLED,44,711,1400,N/A,ENABLED,44,711,1400,N/A,ENABLED,N/A,66,67
1744595311,0,748,N/A,N/A,N/A,N/A,ENABLED,1881,500,2100,DISABLED,DISABLED,1862,500,2100,DISABLED,DISABLED,1896,500,2100,DISABLED,DISABLED,1887,500,2100,DISABLED,DISABLED,1900,500,2100,DISABLED,DISABLED,1884,500,2100,DISABLED,DISABLED,1889,500,2100,DISABLED,DISABLED,1881,500,2100,DISABLED,DISABLED,1500,900,1500,N/A,DISABLED,53,914,1680,N/A,ENABLED,53,914,1680,N/A,ENABLED,53,914,1680,N/A,ENABLED,53,914,1680,N/A,ENABLED,44,711,1400,N/A,ENABLED,44,711,1400,N/A,ENABLED,44,711,1400,N/A,ENABLED,44,711,1400,N/A,ENABLED,N/A,66,67
1744595313,0,751,N/A,N/A,N/A,N/A,ENABLED,1887,500,2100,DISABLED,DISABLED,1867,500,2100,DISABLED,DISABLED,1901,500,2100,DISABLED,DISABLED,1891,500,2100,DISABLED,DISABLED,1904,500,2100,DISABLED,DISABLED,1889,500,2100,DISABLED,DISABLED,1895,500,2100,DISABLED,DISABLED,1885,500,2100,DISABLED,DISABLED,1500,900,1500,N/A,DISABLED,53,914,1680,N/A,ENABLED,53,914,1680,N/A,ENABLED,53,914,1680,N/A,ENABLED,53,914,1680,N/A,ENABLED,44,711,1400,N/A,ENABLED,44,711,1400,N/A,ENABLED,44,711,1400,N/A,ENABLED,44,711,1400,N/A,ENABLED,N/A,66,67
1744595314,0,750,N/A,N/A,N/A,N/A,ENABLED,1880,500,2100,DISABLED,DISABLED,1861,500,2100,DISABLED,DISABLED,1894,500,2100,DISABLED,DISABLED,1885,500,2100,DISABLED,DISABLED,1897,500,2100,DISABLED,DISABLED,1882,500,2100,DISABLED,DISABLED,1888,500,2100,DISABLED,DISABLED,1879,500,2100,DISABLED,DISABLED,1500,900,1500,N/A,DISABLED,53,914,1680,N/A,ENABLED,53,914,1680,N/A,ENABLED,53,914,1680,N/A,ENABLED,53,914,1680,N/A,ENABLED,44,711,1400,N/A,ENABLED,44,711,1400,N/A,ENABLED,44,711,1400,N/A,ENABLED,44,711,1400,N/A,ENABLED,N/A,66,67
1744595315,0,749,N/A,N/A,N/A,N/A,ENABLED,1877,500,2100,DISABLED,DISABLED,1858,500,2100,DISABLED,DISABLED,1893,500,2100,DISABLED,DISABLED,1883,500,2100,DISABLED,DISABLED,1896,500,2100,DISABLED,DISABLED,1881,500,2100,DISABLED,DISABLED,1886,500,2100,DISABLED,DISABLED,1877,500,2100,DISABLED,DISABLED,1500,900,1500,N/A,DISABLED,53,914,1680,N/A,ENABLED,53,914,1680,N/A,ENABLED,53,914,1680,N/A,ENABLED,53,914,1680,N/A,ENABLED,44,711,1400,N/A,ENABLED,44,711,1400,N/A,ENABLED,44,711,1400,N/A,ENABLED,44,711,1400,N/A,ENABLED,N/A,66,67
1744595316,0,747,N/A,N/A,N/A,N/A,ENABLED,1880,500,2100,DISABLED,DISABLED,1861,500,2100,DISABLED,DISABLED,1896,500,2100,DISABLED,DISABLED,1885,500,2100,DISABLED,DISABLED,1898,500,2100,DISABLED,DISABLED,1883,500,2100,DISABLED,DISABLED,1888,500,2100,DISABLED,DISABLED,1879,500,2100,DISABLED,DISABLED,1500,900,1500,N/A,DISABLED,53,914,1680,N/A,ENABLED,53,914,1680,N/A,ENABLED,53,914,1680,N/A,ENABLED,53,914,1680,N/A,ENABLED,44,711,1400,N/A,ENABLED,44,711,1400,N/A,ENABLED,44,711,1400,N/A,ENABLED,44,711,1400,N/A,ENABLED,N/A,66,67
1744595317,0,749,N/A,N/A,N/A,N/A,ENABLED,1880,500,2100,DISABLED,DISABLED,1862,500,2100,DISABLED,DISABLED,1896,500,2100,DISABLED,DISABLED,1885,500,2100,DISABLED,DISABLED,1899,500,2100,DISABLED,DISABLED,1884,500,2100,DISABLED,DISABLED,1888,500,2100,DISABLED,DISABLED,1879,500,2100,DISABLED,DISABLED,1500,900,1500,N/A,DISABLED,53,914,1680,N/A,ENABLED,53,914,1680,N/A,ENABLED,53,914,1680,N/A,ENABLED,53,914,1680,N/A,ENABLED,44,711,1400,N/A,ENABLED,44,711,1400,N/A,ENABLED,44,711,1400,N/A,ENABLED,44,711,1400,N/A,ENABLED,N/A,66,67
1744595318,0,748,N/A,N/A,N/A,N/A,ENABLED,1877,500,2100,DISABLED,DISABLED,1858,500,2100,DISABLED,DISABLED,1892,500,2100,DISABLED,DISABLED,1882,500,2100,DISABLED,DISABLED,1895,500,2100,DISABLED,DISABLED,1880,500,2100,DISABLED,DISABLED,1886,500,2100,DISABLED,DISABLED,1875,500,2100,DISABLED,DISABLED,1500,900,1500,N/A,DISABLED,53,914,1680,N/A,ENABLED,53,914,1680,N/A,ENABLED,53,914,1680,N/A,ENABLED,53,914,1680,N/A,ENABLED,44,711,1400,N/A,ENABLED,44,711,1400,N/A,ENABLED,44,711,1400,N/A,ENABLED,44,711,1400,N/A,ENABLED,N/A,67,68
1744595320,0,750,N/A,N/A,N/A,N/A,ENABLED,1880,500,2100,DISABLED,DISABLED,1862,500,2100,DISABLED,DISABLED,1895,500,2100,DISABLED,DISABLED,1885,500,2100,DISABLED,DISABLED,1899,500,2100,DISABLED,DISABLED,1885,500,2100,DISABLED,DISABLED,1887,500,2100,DISABLED,DISABLED,1878,500,2100,DISABLED,DISABLED,1500,900,1500,N/A,DISABLED,53,914,1680,N/A,ENABLED,53,914,1680,N/A,ENABLED,53,914,1680,N/A,ENABLED,53,914,1680,N/A,ENABLED,44,711,1400,N/A,ENABLED,44,711,1400,N/A,ENABLED,44,711,1400,N/A,ENABLED,44,711,1400,N/A,ENABLED,N/A,67,68
1744595321,0,749,N/A,N/A,N/A,N/A,ENABLED,1873,500,2100,DISABLED,DISABLED,1855,500,2100,DISABLED,DISABLED,1888,500,2100,DISABLED,DISABLED,1878,500,2100,DISABLED,DISABLED,1892,500,2100,DISABLED,DISABLED,1875,500,2100,DISABLED,DISABLED,1881,500,2100,DISABLED,DISABLED,1871,500,2100,DISABLED,DISABLED,1500,900,1500,N/A,DISABLED,53,914,1680,N/A,ENABLED,53,914,1680,N/A,ENABLED,53,914,1680,N/A,ENABLED,53,914,1680,N/A,ENABLED,44,711,1400,N/A,ENABLED,44,711,1400,N/A,ENABLED,44,711,1400,N/A,ENABLED,44,711,1400,N/A,ENABLED,N/A,67,68
1744595322,0,750,N/A,N/A,N/A,N/A,ENABLED,1877,500,2100,DISABLED,DISABLED,1858,500,2100,DISABLED,DISABLED,1893,500,2100,DISABLED,DISABLED,1883,500,2100,DISABLED,DISABLED,1897,500,2100,DISABLED,DISABLED,1881,500,2100,DISABLED,DISABLED,1886,500,2100,DISABLED,DISABLED,1876,500,2100,DISABLED,DISABLED,1500,900,1500,N/A,DISABLED,53,914,1680,N/A,ENABLED,53,914,1680,N/A,ENABLED,53,914,1680,N/A,ENABLED,53,914,1680,N/A,ENABLED,44,711,1400,N/A,ENABLED,44,711,1400,N/A,ENABLED,44,711,1400,N/A,ENABLED,44,711,1400,N/A,ENABLED,N/A,67,68
1744595323,0,748,N/A,N/A,N/A,N/A,ENABLED,1873,500,2100,DISABLED,DISABLED,1854,500,2100,DISABLED,DISABLED,1890,500,2100,DISABLED,DISABLED,1878,500,2100,DISABLED,DISABLED,1893,500,2100,DISABLED,DISABLED,1876,500,2100,DISABLED,DISABLED,1881,500,2100,DISABLED,DISABLED,1871,500,2100,DISABLED,DISABLED,1500,900,1500,N/A,DISABLED,53,914,1680,N/A,ENABLED,53,914,1680,N/A,ENABLED,53,914,1680,N/A,ENABLED,53,914,1680,N/A,ENABLED,44,711,1400,N/A,ENABLED,44,711,1400,N/A,ENABLED,44,711,1400,N/A,ENABLED,44,711,1400,N/A,ENABLED,N/A,67,68
1744595324,0,750,N/A,N/A,N/A,N/A,ENABLED,1876,500,2100,DISABLED,DISABLED,1857,500,2100,DISABLED,DISABLED,1894,500,2100,DISABLED,DISABLED,1883,500,2100,DISABLED,DISABLED,1897,500,2100,DISABLED,DISABLED,1880,500,2100,DISABLED,DISABLED,1884,500,2100,DISABLED,DISABLED,1876,500,2100,DISABLED,DISABLED,1500,900,1500,N/A,DISABLED,53,914,1680,N/A,ENABLED,53,914,1680,N/A,ENABLED,53,914,1680,N/A,ENABLED,53,914,1680,N/A,ENABLED,44,711,1400,N/A,ENABLED,44,711,1400,N/A,ENABLED,44,711,1400,N/A,ENABLED,44,711,1400,N/A,ENABLED,N/A,67,69
1744595325,0,747,N/A,N/A,N/A,N/A,ENABLED,1872,500,2100,DISABLED,DISABLED,1852,500,2100,DISABLED,DISABLED,1887,500,2100,DISABLED,DISABLED,1876,500,2100,DISABLED,DISABLED,1888,500,2100,DISABLED,DISABLED,1875,500,2100,DISABLED,DISABLED,1879,500,2100,DISABLED,DISABLED,1870,500,2100,DISABLED,DISABLED,1500,900,1500,N/A,DISABLED,53,914,1680,N/A,ENABLED,53,914,1680,N/A,ENABLED,53,914,1680,N/A,ENABLED,53,914,1680,N/A,ENABLED,44,711,1400,N/A,ENABLED,44,711,1400,N/A,ENABLED,44,711,1400,N/A,ENABLED,44,711,1400,N/A,ENABLED,N/A,68,69
1744595327,0,750,N/A,N/A,N/A,N/A,ENABLED,1873,500,2100,DISABLED,DISABLED,1854,500,2100,DISABLED,DISABLED,1889,500,2100,DISABLED,DISABLED,1879,500,2100,DISABLED,DISABLED,1892,500,2100,DISABLED,DISABLED,1877,500,2100,DISABLED,DISABLED,1881,500,2100,DISABLED,DISABLED,1871,500,2100,DISABLED,DISABLED,1500,900,1500,N/A,DISABLED,53,914,1680,N/A,ENABLED,53,914,1680,N/A,ENABLED,53,914,1680,N/A,ENABLED,53,914,1680,N/A,ENABLED,44,711,1400,N/A,ENABLED,44,711,1400,N/A,ENABLED,44,711,1400,N/A,ENABLED,44,711,1400,N/A,ENABLED,N/A,68,69
1744595328,0,749,N/A,N/A,N/A,N/A,ENABLED,1871,500,2100,DISABLED,DISABLED,1851,500,2100,DISABLED,DISABLED,1886,500,2100,DISABLED,DISABLED,1874,500,2100,DISABLED,DISABLED,1889,500,2100,DISABLED,DISABLED,1874,500,2100,DISABLED,DISABLED,1878,500,2100,DISABLED,DISABLED,1868,500,2100,DISABLED,DISABLED,1500,900,1500,N/A,DISABLED,53,914,1680,N/A,ENABLED,53,914,1680,N/A,ENABLED,53,914,1680,N/A,ENABLED,53,914,1680,N/A,ENABLED,44,711,1400,N/A,ENABLED,44,711,1400,N/A,ENABLED,44,711,1400,N/A,ENABLED,44,711,1400,N/A,ENABLED,N/A,68,69
1744595329,0,750,N/A,N/A,N/A,N/A,ENABLED,1874,500,2100,DISABLED,DISABLED,1854,500,2100,DISABLED,DISABLED,1888,500,2100,DISABLED,DISABLED,1881,500,2100,DISABLED,DISABLED,1893,500,2100,DISABLED,DISABLED,1877,500,2100,DISABLED,DISABLED,1881,500,2100,DISABLED,DISABLED,1872,500,2100,DISABLED,DISABLED,1500,900,1500,N/A,DISABLED,53,914,1680,N/A,ENABLED,53,914,1680,N/A,ENABLED,53,914,1680,N/A,ENABLED,53,914,1680,N/A,ENABLED,44,711,1400,N/A,ENABLED,44,711,1400,N/A,ENABLED,44,711,1400,N/A,ENABLED,44,711,1400,N/A,ENABLED,N/A,68,69
1744595330,0,751,N/A,N/A,N/A,N/A,ENABLED,1872,500,2100,DISABLED,DISABLED,1853,500,2100,DISABLED,DISABLED,1888,500,2100,DISABLED,DISABLED,1879,500,2100,DISABLED,DISABLED,1892,500,2100,DISABLED,DISABLED,1877,500,2100,DISABLED,DISABLED,1882,500,2100,DISABLED,DISABLED,1871,500,2100,DISABLED,DISABLED,1500,900,1500,N/A,DISABLED,53,914,1680,N/A,ENABLED,53,914,1680,N/A,ENABLED,53,914,1680,N/A,ENABLED,53,914,1680,N/A,ENABLED,44,711,1400,N/A,ENABLED,44,711,1400,N/A,ENABLED,44,711,1400,N/A,ENABLED,44,711,1400,N/A,ENABLED,N/A,68,69
1744595331,0,751,N/A,N/A,N/A,N/A,ENABLED,1873,500,2100,DISABLED,DISABLED,1853,500,2100,DISABLED,DISABLED,1888,500,2100,DISABLED,DISABLED,1877,500,2100,DISABLED,DISABLED,1890,500,2100,DISABLED,DISABLED,1877,500,2100,DISABLED,DISABLED,1881,500,2100,DISABLED,DISABLED,1871,500,2100,DISABLED,DISABLED,1500,900,1500,N/A,DISABLED,53,914,1680,N/A,ENABLED,53,914,1680,N/A,ENABLED,53,914,1680,N/A,ENABLED,53,914,1680,N/A,ENABLED,44,711,1400,N/A,ENABLED,44,711,1400,N/A,ENABLED,44,711,1400,N/A,ENABLED,44,711,1400,N/A,ENABLED,N/A,68,70
1744595333,0,751,N/A,N/A,N/A,N/A,ENABLED,1871,500,2100,DISABLED,DISABLED,1852,500,2100,DISABLED,DISABLED,1887,500,2100,DISABLED,DISABLED,1876,500,2100,DISABLED,DISABLED,1890,500,2100,DISABLED,DISABLED,1875,500,2100,DISABLED,DISABLED,1880,500,2100,DISABLED,DISABLED,1870,500,2100,DISABLED,DISABLED,1500,900,1500,N/A,DISABLED,53,914,1680,N/A,ENABLED,53,914,1680,N/A,ENABLED,53,914,1680,N/A,ENABLED,53,914,1680,N/A,ENABLED,44,711,1400,N/A,ENABLED,44,711,1400,N/A,ENABLED,44,711,1400,N/A,ENABLED,44,711,1400,N/A,ENABLED,N/A,68,69
1744595334,0,748,N/A,N/A,N/A,N/A,ENABLED,1867,500,2100,DISABLED,DISABLED,1849,500,2100,DISABLED,DISABLED,1884,500,2100,DISABLED,DISABLED,1876,500,2100,DISABLED,DISABLED,1887,500,2100,DISABLED,DISABLED,1872,500,2100,DISABLED,DISABLED,1877,500,2100,DISABLED,DISABLED,1866,500,2100,DISABLED,DISABLED,1500,900,1500,N/A,DISABLED,53,914,1680,N/A,ENABLED,53,914,1680,N/A,ENABLED,53,914,1680,N/A,ENABLED,53,914,1680,N/A,ENABLED,44,711,1400,N/A,ENABLED,44,711,1400,N/A,ENABLED,44,711,1400,N/A,ENABLED,44,711,1400,N/A,ENABLED,N/A,68,69
1744595335,0,749,N/A,N/A,N/A,N/A,ENABLED,1868,500,2100,DISABLED,DISABLED,1848,500,2100,DISABLED,DISABLED,1884,500,2100,DISABLED,DISABLED,1873,500,2100,DISABLED,DISABLED,1886,500,2100,DISABLED,DISABLED,1872,500,2100,DISABLED,DISABLED,1877,500,2100,DISABLED,DISABLED,1867,500,2100,DISABLED,DISABLED,1500,900,1500,N/A,DISABLED,53,914,1680,N/A,ENABLED,53,914,1680,N/A,ENABLED,53,914,1680,N/A,ENABLED,53,914,1680,N/A,ENABLED,44,711,1400,N/A,ENABLED,44,711,1400,N/A,ENABLED,44,711,1400,N/A,ENABLED,44,711,1400,N/A,ENABLED,N/A,69,70
1744595336,0,751,N/A,N/A,N/A,N/A,ENABLED,1872,500,2100,DISABLED,DISABLED,1854,500,2100,DISABLED,DISABLED,1888,500,2100,DISABLED,DISABLED,1878,500,2100,DISABLED,DISABLED,1891,500,2100,DISABLED,DISABLED,1877,500,2100,DISABLED,DISABLED,1882,500,2100,DISABLED,DISABLED,1871,500,2100,DISABLED,DISABLED,1500,900,1500,N/A,DISABLED,53,914,1680,N/A,ENABLED,53,914,1680,N/A,ENABLED,53,914,1680,N/A,ENABLED,53,914,1680,N/A,ENABLED,44,711,1400,N/A,ENABLED,44,711,1400,N/A,ENABLED,44,711,1400,N/A,ENABLED,44,711,1400,N/A,ENABLED,N/A,69,70
1744595337,0,750,N/A,N/A,N/A,N/A,ENABLED,1870,500,2100,DISABLED,DISABLED,1850,500,2100,DISABLED,DISABLED,1886,500,2100,DISABLED,DISABLED,1874,500,2100,DISABLED,DISABLED,1889,500,2100,DISABLED,DISABLED,1874,500,2100,DISABLED,DISABLED,1879,500,2100,DISABLED,DISABLED,1868,500,2100,DISABLED,DISABLED,1500,900,1500,N/A,DISABLED,53,914,1680,N/A,ENABLED,53,914,1680,N/A,ENABLED,53,914,1680,N/A,ENABLED,53,914,1680,N/A,ENABLED,44,711,1400,N/A,ENABLED,44,711,1400,N/A,ENABLED,44,711,1400,N/A,ENABLED,44,711,1400,N/A,ENABLED,N/A,69,70
1744595338,0,748,N/A,N/A,N/A,N/A,ENABLED,1863,500,2100,DISABLED,DISABLED,1843,500,2100,DISABLED,DISABLED,1880,500,2100,DISABLED,DISABLED,1869,500,2100,DISABLED,DISABLED,1882,500,2100,DISABLED,DISABLED,1867,500,2100,DISABLED,DISABLED,1872,500,2100,DISABLED,DISABLED,1861,500,2100,DISABLED,DISABLED,1500,900,1500,N/A,DISABLED,53,914,1680,N/A,ENABLED,53,914,1680,N/A,ENABLED,53,914,1680,N/A,ENABLED,53,914,1680,N/A,ENABLED,44,711,1400,N/A,ENABLED,44,711,1400,N/A,ENABLED,44,711,1400,N/A,ENABLED,44,711,1400,N/A,ENABLED,N/A,69,70
1744595340,0,748,N/A,N/A,N/A,N/A,ENABLED,1868,500,2100,DISABLED,DISABLED,1849,500,2100,DISABLED,DISABLED,1884,500,2100,DISABLED,DISABLED,1875,500,2100,DISABLED,DISABLED,1888,500,2100,DISABLED,DISABLED,1872,500,2100,DISABLED,DISABLED,1876,500,2100,DISABLED,DISABLED,1866,500,2100,DISABLED,DISABLED,1500,900,1500,N/A,DISABLED,53,914,1680,N/A,ENABLED,53,914,1680,N/A,ENABLED,53,914,1680,N/A,ENABLED,53,914,1680,N/A,ENABLED,44,711,1400,N/A,ENABLED,44,711,1400,N/A,ENABLED,44,711,1400,N/A,ENABLED,44,711,1400,N/A,ENABLED,N/A,69,70
1744595341,0,751,N/A,N/A,N/A,N/A,ENABLED,1872,500,2100,DISABLED,DISABLED,1852,500,2100,DISABLED,DISABLED,1888,500,2100,DISABLED,DISABLED,1878,500,2100,DISABLED,DISABLED,1891,500,2100,DISABLED,DISABLED,1875,500,2100,DISABLED,DISABLED,1880,500,2100,DISABLED,DISABLED,1869,500,2100,DISABLED,DISABLED,1500,900,1500,N/A,DISABLED,53,914,1680,N/A,ENABLED,53,914,1680,N/A,ENABLED,53,914,1680,N/A,ENABLED,53,914,1680,N/A,ENABLED,44,711,1400,N/A,ENABLED,44,711,1400,N/A,ENABLED,44,711,1400,N/A,ENABLED,44,711,1400,N/A,ENABLED,N/A,69,70
1744595342,0,751,N/A,N/A,N/A,N/A,ENABLED,1870,500,2100,DISABLED,DISABLED,1850,500,2100,DISABLED,DISABLED,1886,500,2100,DISABLED,DISABLED,1876,500,2100,DISABLED,DISABLED,1889,500,2100,DISABLED,DISABLED,1874,500,2100,DISABLED,DISABLED,1879,500,2100,DISABLED,DISABLED,1868,500,2100,DISABLED,DISABLED,1500,900,1500,N/A,DISABLED,53,914,1680,N/A,ENABLED,53,914,1680,N/A,ENABLED,53,914,1680,N/A,ENABLED,53,914,1680,N/A,ENABLED,44,711,1400,N/A,ENABLED,44,711,1400,N/A,ENABLED,44,711,1400,N/A,ENABLED,44,711,1400,N/A,ENABLED,N/A,69,70
1744595343,0,749,N/A,N/A,N/A,N/A,ENABLED,1868,500,2100,DISABLED,DISABLED,1847,500,2100,DISABLED,DISABLED,1884,500,2100,DISABLED,DISABLED,1873,500,2100,DISABLED,DISABLED,1886,500,2100,DISABLED,DISABLED,1871,500,2100,DISABLED,DISABLED,1876,500,2100,DISABLED,DISABLED,1866,500,2100,DISABLED,DISABLED,1500,900,1500,N/A,DISABLED,53,914,1680,N/A,ENABLED,53,914,1680,N/A,ENABLED,53,914,1680,N/A,ENABLED,53,914,1680,N/A,ENABLED,44,711,1400,N/A,ENABLED,44,711,1400,N/A,ENABLED,44,711,1400,N/A,ENABLED,44,711,1400,N/A,ENABLED,N/A,69,70
1744595344,0,749,N/A,N/A,N/A,N/A,ENABLED,1867,500,2100,DISABLED,DISABLED,1848,500,2100,DISABLED,DISABLED,1883,500,2100,DISABLED,DISABLED,1873,500,2100,DISABLED,DISABLED,1886,500,2100,DISABLED,DISABLED,1871,500,2100,DISABLED,DISABLED,1875,500,2100,DISABLED,DISABLED,1865,500,2100,DISABLED,DISABLED,1500,900,1500,N/A,DISABLED,53,914,1680,N/A,ENABLED,53,914,1680,N/A,ENABLED,53,914,1680,N/A,ENABLED,53,914,1680,N/A,ENABLED,44,711,1400,N/A,ENABLED,44,711,1400,N/A,ENABLED,44,711,1400,N/A,ENABLED,44,711,1400,N/A,ENABLED,N/A,69,71
1744595345,0,749,N/A,N/A,N/A,N/A,ENABLED,1862,500,2100,DISABLED,DISABLED,1843,500,2100,DISABLED,DISABLED,1879,500,2100,DISABLED,DISABLED,1868,500,2100,DISABLED,DISABLED,1880,500,2100,DISABLED,DISABLED,1866,500,2100,DISABLED,DISABLED,1871,500,2100,DISABLED,DISABLED,1860,500,2100,DISABLED,DISABLED,1500,900,1500,N/A,DISABLED,53,914,1680,N/A,ENABLED,53,914,1680,N/A,ENABLED,53,914,1680,N/A,ENABLED,53,914,1680,N/A,ENABLED,44,711,1400,N/A,ENABLED,44,711,1400,N/A,ENABLED,44,711,1400,N/A,ENABLED,44,711,1400,N/A,ENABLED,N/A,70,70
1744595347,0,751,N/A,N/A,N/A,N/A,ENABLED,1867,500,2100,DISABLED,DISABLED,1848,500,2100,DISABLED,DISABLED,1884,500,2100,DISABLED,DISABLED,1874,500,2100,DISABLED,DISABLED,1886,500,2100,DISABLED,DISABLED,1871,500,2100,DISABLED,DISABLED,1877,500,2100,DISABLED,DISABLED,1866,500,2100,DISABLED,DISABLED,1500,900,1500,N/A,DISABLED,53,914,1680,N/A,ENABLED,53,914,1680,N/A,ENABLED,53,914,1680,N/A,ENABLED,53,914,1680,N/A,ENABLED,44,711,1400,N/A,ENABLED,44,711,1400,N/A,ENABLED,44,711,1400,N/A,ENABLED,44,711,1400,N/A,ENABLED,N/A,70,71
1744595348,0,751,N/A,N/A,N/A,N/A,ENABLED,1867,500,2100,DISABLED,DISABLED,1847,500,2100,DISABLED,DISABLED,1883,500,2100,DISABLED,DISABLED,1873,500,2100,DISABLED,DISABLED,1885,500,2100,DISABLED,DISABLED,1870,500,2100,DISABLED,DISABLED,1875,500,2100,DISABLED,DISABLED,1864,500,2100,DISABLED,DISABLED,1500,900,1500,N/A,DISABLED,53,914,1680,N/A,ENABLED,53,914,1680,N/A,ENABLED,53,914,1680,N/A,ENABLED,53,914,1680,N/A,ENABLED,44,711,1400,N/A,ENABLED,44,711,1400,N/A,ENABLED,44,711,1400,N/A,ENABLED,44,711,1400,N/A,ENABLED,N/A,70,71
1744595349,0,748,N/A,N/A,N/A,N/A,ENABLED,1860,500,2100,DISABLED,DISABLED,1841,500,2100,DISABLED,DISABLED,1877,500,2100,DISABLED,DISABLED,1867,500,2100,DISABLED,DISABLED,1879,500,2100,DISABLED,DISABLED,1865,500,2100,DISABLED,DISABLED,1869,500,2100,DISABLED,DISABLED,1858,500,2100,DISABLED,DISABLED,1500,900,1500,N/A,DISABLED,53,914,1680,N/A,ENABLED,53,914,1680,N/A,ENABLED,53,914,1680,N/A,ENABLED,53,914,1680,N/A,ENABLED,44,711,1400,N/A,ENABLED,44,711,1400,N/A,ENABLED,44,711,1400,N/A,ENABLED,44,711,1400,N/A,ENABLED,N/A,70,71
1744595350,0,748,N/A,N/A,N/A,N/A,ENABLED,1862,500,2100,DISABLED,DISABLED,1842,500,2100,DISABLED,DISABLED,1879,500,2100,DISABLED,DISABLED,1867,500,2100,DISABLED,DISABLED,1881,500,2100,DISABLED,DISABLED,1866,500,2100,DISABLED,DISABLED,1871,500,2100,DISABLED,DISABLED,1860,500,2100,DISABLED,DISABLED,1500,900,1500,N/A,DISABLED,53,914,1680,N/A,ENABLED,53,914,1680,N/A,ENABLED,53,914,1680,N/A,ENABLED,53,914,1680,N/A,ENABLED,44,711,1400,N/A,ENABLED,44,711,1400,N/A,ENABLED,44,711,1400,N/A,ENABLED,44,711,1400,N/A,ENABLED,N/A,70,71
1744595351,0,751,N/A,N/A,N/A,N/A,ENABLED,1865,500,2100,DISABLED,DISABLED,1845,500,2100,DISABLED,DISABLED,1881,500,2100,DISABLED,DISABLED,1871,500,2100,DISABLED,DISABLED,1883,500,2100,DISABLED,DISABLED,1868,500,2100,DISABLED,DISABLED,1873,500,2100,DISABLED,DISABLED,1863,500,2100,DISABLED,DISABLED,1500,900,1500,N/A,DISABLED,53,914,1680,N/A,ENABLED,53,914,1680,N/A,ENABLED,53,914,1680,N/A,ENABLED,53,914,1680,N/A,ENABLED,44,711,1400,N/A,ENABLED,44,711,1400,N/A,ENABLED,44,711,1400,N/A,ENABLED,44,711,1400,N/A,ENABLED,N/A,70,71
1744595353,0,750,N/A,N/A,N/A,N/A,ENABLED,1865,500,2100,DISABLED,DISABLED,1846,500,2100,DISABLED,DISABLED,1882,500,2100,DISABLED,DISABLED,1871,500,2100,DISABLED,DISABLED,1883,500,2100,DISABLED,DISABLED,1868,500,2100,DISABLED,DISABLED,1875,500,2100,DISABLED,DISABLED,1865,500,2100,DISABLED,DISABLED,1500,900,1500,N/A,DISABLED,53,914,1680,N/A,ENABLED,53,914,1680,N/A,ENABLED,53,914,1680,N/A,ENABLED,53,914,1680,N/A,ENABLED,44,711,1400,N/A,ENABLED,44,711,1400,N/A,ENABLED,44,711,1400,N/A,ENABLED,44,711,1400,N/A,ENABLED,N/A,70,71
1744595354,0,748,N/A,N/A,N/A,N/A,ENABLED,1860,500,2100,DISABLED,DISABLED,1841,500,2100,DISABLED,DISABLED,1877,500,2100,DISABLED,DISABLED,1866,500,2100,DISABLED,DISABLED,1879,500,2100,DISABLED,DISABLED,1863,500,2100,DISABLED,DISABLED,1868,500,2100,DISABLED,DISABLED,1857,500,2100,DISABLED,DISABLED,1500,900,1500,N/A,DISABLED,53,914,1680,N/A,ENABLED,53,914,1680,N/A,ENABLED,53,914,1680,N/A,ENABLED,53,914,1680,N/A,ENABLED,44,711,1400,N/A,ENABLED,44,711,1400,N/A,ENABLED,44,711,1400,N/A,ENABLED,44,711,1400,N/A,ENABLED,N/A,70,72
1744595355,0,751,N/A,N/A,N/A,N/A,ENABLED,1864,500,2100,DISABLED,DISABLED,1845,500,2100,DISABLED,DISABLED,1880,500,2100,DISABLED,DISABLED,1870,500,2100,DISABLED,DISABLED,1883,500,2100,DISABLED,DISABLED,1870,500,2100,DISABLED,DISABLED,1873,500,2100,DISABLED,DISABLED,1864,500,2100,DISABLED,DISABLED,1500,900,1500,N/A,DISABLED,53,914,1680,N/A,ENABLED,53,914,1680,N/A,ENABLED,53,914,1680,N/A,ENABLED,53,914,1680,N/A,ENABLED,44,711,1400,N/A,ENABLED,44,711,1400,N/A,ENABLED,44,711,1400,N/A,ENABLED,44,711,1400,N/A,ENABLED,N/A,70,71
1744595356,0,748,N/A,N/A,N/A,N/A,ENABLED,1859,500,2100,DISABLED,DISABLED,1840,500,2100,DISABLED,DISABLED,1876,500,2100,DISABLED,DISABLED,1865,500,2100,DISABLED,DISABLED,1878,500,2100,DISABLED,DISABLED,1864,500,2100,DISABLED,DISABLED,1868,500,2100,DISABLED,DISABLED,1859,500,2100,DISABLED,DISABLED,1500,900,1500,N/A,DISABLED,53,914,1680,N/A,ENABLED,53,914,1680,N/A,ENABLED,53,914,1680,N/A,ENABLED,53,914,1680,N/A,ENABLED,44,711,1400,N/A,ENABLED,44,711,1400,N/A,ENABLED,44,711,1400,N/A,ENABLED,44,711,1400,N/A,ENABLED,N/A,71,72
1744595357,0,749,N/A,N/A,N/A,N/A,ENABLED,1862,500,2100,DISABLED,DISABLED,1844,500,2100,DISABLED,DISABLED,1879,500,2100,DISABLED,DISABLED,1866,500,2100,DISABLED,DISABLED,1879,500,2100,DISABLED,DISABLED,1866,500,2100,DISABLED,DISABLED,1871,500,2100,DISABLED,DISABLED,1860,500,2100,DISABLED,DISABLED,1500,900,1500,N/A,DISABLED,53,914,1680,N/A,ENABLED,53,914,1680,N/A,ENABLED,53,914,1680,N/A,ENABLED,53,914,1680,N/A,ENABLED,44,711,1400,N/A,ENABLED,44,711,1400,N/A,ENABLED,44,711,1400,N/A,ENABLED,44,711,1400,N/A,ENABLED,N/A,71,72
1744595358,0,751,N/A,N/A,N/A,N/A,ENABLED,1862,500,2100,DISABLED,DISABLED,1844,500,2100,DISABLED,DISABLED,1878,500,2100,DISABLED,DISABLED,1867,500,2100,DISABLED,DISABLED,1879,500,2100,DISABLED,DISABLED,1866,500,2100,DISABLED,DISABLED,1871,500,2100,DISABLED,DISABLED,1860,500,2100,DISABLED,DISABLED,1500,900,1500,N/A,DISABLED,53,914,1680,N/A,ENABLED,53,914,1680,N/A,ENABLED,53,914,1680,N/A,ENABLED,53,914,1680,N/A,ENABLED,44,711,1400,N/A,ENABLED,44,711,1400,N/A,ENABLED,44,711,1400,N/A,ENABLED,44,711,1400,N/A,ENABLED,N/A,71,72
1744595360,0,749,N/A,N/A,N/A,N/A,ENABLED,1857,500,2100,DISABLED,DISABLED,1838,500,2100,DISABLED,DISABLED,1875,500,2100,DISABLED,DISABLED,1864,500,2100,DISABLED,DISABLED,1877,500,2100,DISABLED,DISABLED,1862,500,2100,DISABLED,DISABLED,1866,500,2100,DISABLED,DISABLED,1856,500,2100,DISABLED,DISABLED,1500,900,1500,N/A,DISABLED,53,914,1680,N/A,ENABLED,53,914,1680,N/A,ENABLED,53,914,1680,N/A,ENABLED,53,914,1680,N/A,ENABLED,44,711,1400,N/A,ENABLED,44,711,1400,N/A,ENABLED,44,711,1400,N/A,ENABLED,44,711,1400,N/A,ENABLED,N/A,71,72
1744595361,0,748,N/A,N/A,N/A,N/A,ENABLED,1856,500,2100,DISABLED,DISABLED,1836,500,2100,DISABLED,DISABLED,1873,500,2100,DISABLED,DISABLED,1862,500,2100,DISABLED,DISABLED,1874,500,2100,DISABLED,DISABLED,1860,500,2100,DISABLED,DISABLED,1864,500,2100,DISABLED,DISABLED,1853,500,2100,DISABLED,DISABLED,1500,900,1500,N/A,DISABLED,53,914,1680,N/A,ENABLED,53,914,1680,N/A,ENABLED,53,914,1680,N/A,ENABLED,53,914,1680,N/A,ENABLED,44,711,1400,N/A,ENABLED,44,711,1400,N/A,ENABLED,44,711,1400,N/A,ENABLED,44,711,1400,N/A,ENABLED,N/A,71,72
1744595362,0,749,N/A,N/A,N/A,N/A,ENABLED,1862,500,2100,DISABLED,DISABLED,1843,500,2100,DISABLED,DISABLED,1880,500,2100,DISABLED,DISABLED,1867,500,2100,DISABLED,DISABLED,1881,500,2100,DISABLED,DISABLED,1866,500,2100,DISABLED,DISABLED,1870,500,2100,DISABLED,DISABLED,1860,500,2100,DISABLED,DISABLED,1500,900,1500,N/A,DISABLED,53,914,1680,N/A,ENABLED,53,914,1680,N/A,ENABLED,53,914,1680,N/A,ENABLED,53,914,1680,N/A,ENABLED,44,711,1400,N/A,ENABLED,44,711,1400,N/A,ENABLED,44,711,1400,N/A,ENABLED,44,711,1400,N/A,ENABLED,N/A,71,72
1744595363,0,750,N/A,N/A,N/A,N/A,ENABLED,1858,500,2100,DISABLED,DISABLED,1839,500,2100,DISABLED,DISABLED,1875,500,2100,DISABLED,DISABLED,1863,500,2100,DISABLED,DISABLED,1876,500,2100,DISABLED,DISABLED,1863,500,2100,DISABLED,DISABLED,1867,500,2100,DISABLED,DISABLED,1856,500,2100,DISABLED,DISABLED,1500,900,1500,N/A,DISABLED,53,914,1680,N/A,ENABLED,53,914,1680,N/A,ENABLED,53,914,1680,N/A,ENABLED,53,914,1680,N/A,ENABLED,44,711,1400,N/A,ENABLED,44,711,1400,N/A,ENABLED,44,711,1400,N/A,ENABLED,44,711,1400,N/A,ENABLED,N/A,71,72
1744595364,0,748,N/A,N/A,N/A,N/A,ENABLED,1857,500,2100,DISABLED,DISABLED,1838,500,2100,DISABLED,DISABLED,1875,500,2100,DISABLED,DISABLED,1862,500,2100,DISABLED,DISABLED,1876,500,2100,DISABLED,DISABLED,1861,500,2100,DISABLED,DISABLED,1866,500,2100,DISABLED,DISABLED,1854,500,2100,DISABLED,DISABLED,1500,900,1500,N/A,DISABLED,53,914,1680,N/A,ENABLED,53,914,1680,N/A,ENABLED,53,914,1680,N/A,ENABLED,53,914,1680,N/A,ENABLED,44,711,1400,N/A,ENABLED,44,711,1400,N/A,ENABLED,44,711,1400,N/A,ENABLED,44,711,1400,N/A,ENABLED,N/A,71,72
1744595365,0,749,N/A,N/A,N/A,N/A,ENABLED,1857,500,2100,DISABLED,DISABLED,1838,500,2100,DISABLED,DISABLED,1875,500,2100,DISABLED,DISABLED,1861,500,2100,DISABLED,DISABLED,1876,500,2100,DISABLED,DISABLED,1862,500,2100,DISABLED,DISABLED,1864,500,2100,DISABLED,DISABLED,1855,500,2100,DISABLED,DISABLED,1500,900,1500,N/A,DISABLED,53,914,1680,N/A,ENABLED,53,914,1680,N/A,ENABLED,53,914,1680,N/A,ENABLED,53,914,1680,N/A,ENABLED,44,711,1400,N/A,ENABLED,44,711,1400,N/A,ENABLED,44,711,1400,N/A,ENABLED,44,711,1400,N/A,ENABLED,N/A,71,72
1744595367,0,748,N/A,N/A,N/A,N/A,ENABLED,1855,500,2100,DISABLED,DISABLED,1835,500,2100,DISABLED,DISABLED,1872,500,2100,DISABLED,DISABLED,1859,500,2100,DISABLED,DISABLED,1874,500,2100,DISABLED,DISABLED,1859,500,2100,DISABLED,DISABLED,1862,500,2100,DISABLED,DISABLED,1852,500,2100,DISABLED,DISABLED,1500,900,1500,N/A,DISABLED,53,914,1680,N/A,ENABLED,53,914,1680,N/A,ENABLED,53,914,1680,N/A,ENABLED,53,914,1680,N/A,ENABLED,44,711,1400,N/A,ENABLED,44,711,1400,N/A,ENABLED,44,711,1400,N/A,ENABLED,44,711,1400,N/A,ENABLED,N/A,71,72
1744595368,0,749,N/A,N/A,N/A,N/A,ENABLED,1859,500,2100,DISABLED,DISABLED,1839,500,2100,DISABLED,DISABLED,1876,500,2100,DISABLED,DISABLED,1864,500,2100,DISABLED,DISABLED,1877,500,2100,DISABLED,DISABLED,1862,500,2100,DISABLED,DISABLED,1867,500,2100,DISABLED,DISABLED,1857,500,2100,DISABLED,DISABLED,1500,900,1500,N/A,DISABLED,53,914,1680,N/A,ENABLED,53,914,1680,N/A,ENABLED,53,914,1680,N/A,ENABLED,53,914,1680,N/A,ENABLED,44,711,1400,N/A,ENABLED,44,711,1400,N/A,ENABLED,44,711,1400,N/A,ENABLED,44,711,1400,N/A,ENABLED,N/A,71,73
1744595369,0,750,N/A,N/A,N/A,N/A,ENABLED,1859,500,2100,DISABLED,DISABLED,1840,500,2100,DISABLED,DISABLED,1876,500,2100,DISABLED,DISABLED,1865,500,2100,DISABLED,DISABLED,1878,500,2100,DISABLED,DISABLED,1864,500,2100,DISABLED,DISABLED,1869,500,2100,DISABLED,DISABLED,1858,500,2100,DISABLED,DISABLED,1500,900,1500,N/A,DISABLED,53,914,1680,N/A,ENABLED,53,914,1680,N/A,ENABLED,53,914,1680,N/A,ENABLED,53,914,1680,N/A,ENABLED,44,711,1400,N/A,ENABLED,44,711,1400,N/A,ENABLED,44,711,1400,N/A,ENABLED,44,711,1400,N/A,ENABLED,N/A,71,72
1744595370,0,748,N/A,N/A,N/A,N/A,ENABLED,1855,500,2100,DISABLED,DISABLED,1836,500,2100,DISABLED,DISABLED,1872,500,2100,DISABLED,DISABLED,1860,500,2100,DISABLED,DISABLED,1874,500,2100,DISABLED,DISABLED,1860,500,2100,DISABLED,DISABLED,1864,500,2100,DISABLED,DISABLED,1854,500,2100,DISABLED,DISABLED,1500,900,1500,N/A,DISABLED,53,914,1680,N/A,ENABLED,53,914,1680,N/A,ENABLED,53,914,1680,N/A,ENABLED,53,914,1680,N/A,ENABLED,44,711,1400,N/A,ENABLED,44,711,1400,N/A,ENABLED,44,711,1400,N/A,ENABLED,44,711,1400,N/A,ENABLED,N/A,71,72
1744595371,0,751,N/A,N/A,N/A,N/A,ENABLED,1856,500,2100,DISABLED,DISABLED,1836,500,2100,DISABLED,DISABLED,1872,500,2100,DISABLED,DISABLED,1861,500,2100,DISABLED,DISABLED,1874,500,2100,DISABLED,DISABLED,1859,500,2100,DISABLED,DISABLED,1864,500,2100,DISABLED,DISABLED,1854,500,2100,DISABLED,DISABLED,1500,900,1500,N/A,DISABLED,53,914,1680,N/A,ENABLED,53,914,1680,N/A,ENABLED,53,914,1680,N/A,ENABLED,53,914,1680,N/A,ENABLED,44,711,1400,N/A,ENABLED,44,711,1400,N/A,ENABLED,44,711,1400,N/A,ENABLED,44,711,1400,N/A,ENABLED,N/A,71,72
1744595373,0,751,N/A,N/A,N/A,N/A,ENABLED,1862,500,2100,DISABLED,DISABLED,1842,500,2100,DISABLED,DISABLED,1877,500,2100,DISABLED,DISABLED,1865,500,2100,DISABLED,DISABLED,1879,500,2100,DISABLED,DISABLED,1866,500,2100,DISABLED,DISABLED,1871,500,2100,DISABLED,DISABLED,1859,500,2100,DISABLED,DISABLED,1500,900,1500,N/A,DISABLED,53,914,1680,N/A,ENABLED,53,914,1680,N/A,ENABLED,53,914,1680,N/A,ENABLED,53,914,1680,N/A,ENABLED,44,711,1400,N/A,ENABLED,44,711,1400,N/A,ENABLED,44,711,1400,N/A,ENABLED,44,711,1400,N/A,ENABLED,N/A,71,73
1744595374,0,750,N/A,N/A,N/A,N/A,ENABLED,1859,500,2100,DISABLED,DISABLED,1839,500,2100,DISABLED,DISABLED,1875,500,2100,DISABLED,DISABLED,1864,500,2100,DISABLED,DISABLED,1877,500,2100,DISABLED,DISABLED,1862,500,2100,DISABLED,DISABLED,1867,500,2100,DISABLED,DISABLED,1857,500,2100,DISABLED,DISABLED,1500,900,1500,N/A,DISABLED,53,914,1680,N/A,ENABLED,53,914,1680,N/A,ENABLED,53,914,1680,N/A,ENABLED,53,914,1680,N/A,ENABLED,44,711,1400,N/A,ENABLED,44,711,1400,N/A,ENABLED,44,711,1400,N/A,ENABLED,44,711,1400,N/A,ENABLED,N/A,72,73
1744595375,0,749,N/A,N/A,N/A,N/A,ENABLED,1855,500,2100,DISABLED,DISABLED,1837,500,2100,DISABLED,DISABLED,1873,500,2100,DISABLED,DISABLED,1861,500,2100,DISABLED,DISABLED,1874,500,2100,DISABLED,DISABLED,1859,500,2100,DISABLED,DISABLED,1864,500,2100,DISABLED,DISABLED,1854,500,2100,DISABLED,DISABLED,1500,900,1500,N/A,DISABLED,53,914,1680,N/A,ENABLED,53,914,1680,N/A,ENABLED,53,914,1680,N/A,ENABLED,53,914,1680,N/A,ENABLED,44,711,1400,N/A,ENABLED,44,711,1400,N/A,ENABLED,44,711,1400,N/A,ENABLED,44,711,1400,N/A,ENABLED,N/A,72,73
1744595376,0,751,N/A,N/A,N/A,N/A,ENABLED,1859,500,2100,DISABLED,DISABLED,1840,500,2100,DISABLED,DISABLED,1875,500,2100,DISABLED,DISABLED,1864,500,2100,DISABLED,DISABLED,1877,500,2100,DISABLED,DISABLED,1863,500,2100,DISABLED,DISABLED,1868,500,2100,DISABLED,DISABLED,1857,500,2100,DISABLED,DISABLED,1500,900,1500,N/A,DISABLED,53,914,1680,N/A,ENABLED,53,914,1680,N/A,ENABLED,53,914,1680,N/A,ENABLED,53,914,1680,N/A,ENABLED,44,711,1400,N/A,ENABLED,44,711,1400,N/A,ENABLED,44,711,1400,N/A,ENABLED,44,711,1400,N/A,ENABLED,N/A,72,72
1744595377,0,751,N/A,N/A,N/A,N/A,ENABLED,1859,500,2100,DISABLED,DISABLED,1839,500,2100,DISABLED,DISABLED,1875,500,2100,DISABLED,DISABLED,1864,500,2100,DISABLED,DISABLED,1877,500,2100,DISABLED,DISABLED,1863,500,2100,DISABLED,DISABLED,1869,500,2100,DISABLED,DISABLED,1857,500,2100,DISABLED,DISABLED,1500,900,1500,N/A,DISABLED,53,914,1680,N/A,ENABLED,53,914,1680,N/A,ENABLED,53,914,1680,N/A,ENABLED,53,914,1680,N/A,ENABLED,44,711,1400,N/A,ENABLED,44,711,1400,N/A,ENABLED,44,711,1400,N/A,ENABLED,44,711,1400,N/A,ENABLED,N/A,72,72
1744595378,0,749,N/A,N/A,N/A,N/A,ENABLED,1856,500,2100,DISABLED,DISABLED,1837,500,2100,DISABLED,DISABLED,1873,500,2100,DISABLED,DISABLED,1861,500,2100,DISABLED,DISABLED,1876,500,2100,DISABLED,DISABLED,1862,500,2100,DISABLED,DISABLED,1866,500,2100,DISABLED,DISABLED,1855,500,2100,DISABLED,DISABLED,1500,900,1500,N/A,DISABLED,53,914,1680,N/A,ENABLED,53,914,1680,N/A,ENABLED,53,914,1680,N/A,ENABLED,53,914,1680,N/A,ENABLED,44,711,1400,N/A,ENABLED,44,711,1400,N/A,ENABLED,44,711,1400,N/A,ENABLED,44,711,1400,N/A,ENABLED,N/A,72,73
1744595380,0,748,N/A,N/A,N/A,N/A,ENABLED,1852,500,2100,DISABLED,DISABLED,1833,500,2100,DISABLED,DISABLED,1869,500,2100,DISABLED,DISABLED,1858,500,2100,DISABLED,DISABLED,1872,500,2100,DISABLED,DISABLED,1857,500,2100,DISABLED,DISABLED,1862,500,2100,DISABLED,DISABLED,1852,500,2100,DISABLED,DISABLED,1500,900,1500,N/A,DISABLED,53,914,1680,N/A,ENABLED,53,914,1680,N/A,ENABLED,53,914,1680,N/A,ENABLED,53,914,1680,N/A,ENABLED,44,711,1400,N/A,ENABLED,44,711,1400,N/A,ENABLED,44,711,1400,N/A,ENABLED,44,711,1400,N/A,ENABLED,N/A,72,73
1744595381,0,748,N/A,N/A,N/A,N/A,ENABLED,1853,500,2100,DISABLED,DISABLED,1832,500,2100,DISABLED,DISABLED,1870,500,2100,DISABLED,DISABLED,1857,500,2100,DISABLED,DISABLED,1871,500,2100,DISABLED,DISABLED,1857,500,2100,DISABLED,DISABLED,1862,500,2100,DISABLED,DISABLED,1851,500,2100,DISABLED,DISABLED,1500,900,1500,N/A,DISABLED,53,914,1680,N/A,ENABLED,53,914,1680,N/A,ENABLED,53,914,1680,N/A,ENABLED,53,914,1680,N/A,ENABLED,44,711,1400,N/A,ENABLED,44,711,1400,N/A,ENABLED,44,711,1400,N/A,ENABLED,44,711,1400,N/A,ENABLED,N/A,72,73
1744595382,0,749,N/A,N/A,N/A,N/A,ENABLED,1854,500,2100,DISABLED,DISABLED,1834,500,2100,DISABLED,DISABLED,1871,500,2100,DISABLED,DISABLED,1860,500,2100,DISABLED,DISABLED,1873,500,2100,DISABLED,DISABLED,1857,500,2100,DISABLED,DISABLED,1863,500,2100,DISABLED,DISABLED,1852,500,2100,DISABLED,DISABLED,1500,900,1500,N/A,DISABLED,53,914,1680,N/A,ENABLED,53,914,1680,N/A,ENABLED,53,914,1680,N/A,ENABLED,53,914,1680,N/A,ENABLED,44,711,1400,N/A,ENABLED,44,711,1400,N/A,ENABLED,44,711,1400,N/A,ENABLED,44,711,1400,N/A,ENABLED,N/A,72,73
1744595383,0,748,N/A,N/A,N/A,N/A,ENABLED,1854,500,2100,DISABLED,DISABLED,1835,500,2100,DISABLED,DISABLED,1871,500,2100,DISABLED,DISABLED,1859,500,2100,DISABLED,DISABLED,1872,500,2100,DISABLED,DISABLED,1857,500,2100,DISABLED,DISABLED,1863,500,2100,DISABLED,DISABLED,1852,500,2100,DISABLED,DISABLED,1500,900,1500,N/A,DISABLED,53,914,1680,N/A,ENABLED,53,914,1680,N/A,ENABLED,53,914,1680,N/A,ENABLED,53,914,1680,N/A,ENABLED,44,711,1400,N/A,ENABLED,44,711,1400,N/A,ENABLED,44,711,1400,N/A,ENABLED,44,711,1400,N/A,ENABLED,N/A,72,73
1744595384,0,748,N/A,N/A,N/A,N/A,ENABLED,1853,500,2100,DISABLED,DISABLED,1833,500,2100,DISABLED,DISABLED,1870,500,2100,DISABLED,DISABLED,1858,500,2100,DISABLED,DISABLED,1872,500,2100,DISABLED,DISABLED,1857,500,2100,DISABLED,DISABLED,1863,500,2100,DISABLED,DISABLED,1852,500,2100,DISABLED,DISABLED,1500,900,1500,N/A,DISABLED,53,914,1680,N/A,ENABLED,53,914,1680,N/A,ENABLED,53,914,1680,N/A,ENABLED,53,914,1680,N/A,ENABLED,44,711,1400,N/A,ENABLED,44,711,1400,N/A,ENABLED,44,711,1400,N/A,ENABLED,44,711,1400,N/A,ENABLED,N/A,72,73
1744595385,0,751,N/A,N/A,N/A,N/A,ENABLED,1856,500,2100,DISABLED,DISABLED,1837,500,2100,DISABLED,DISABLED,1872,500,2100,DISABLED,DISABLED,1860,500,2100,DISABLED,DISABLED,1874,500,2100,DISABLED,DISABLED,1860,500,2100,DISABLED,DISABLED,1864,500,2100,DISABLED,DISABLED,1853,500,2100,DISABLED,DISABLED,1500,900,1500,N/A,DISABLED,53,914,1680,N/A,ENABLED,53,914,1680,N/A,ENABLED,53,914,1680,N/A,ENABLED,53,914,1680,N/A,ENABLED,44,711,1400,N/A,ENABLED,44,711,1400,N/A,ENABLED,44,711,1400,N/A,ENABLED,44,711,1400,N/A,ENABLED,N/A,72,73
1744595387,0,751,N/A,N/A,N/A,N/A,ENABLED,1858,500,2100,DISABLED,DISABLED,1838,500,2100,DISABLED,DISABLED,1874,500,2100,DISABLED,DISABLED,1862,500,2100,DISABLED,DISABLED,1876,500,2100,DISABLED,DISABLED,1866,500,2100,DISABLED,DISABLED,1865,500,2100,DISABLED,DISABLED,1854,500,2100,DISABLED,DISABLED,1500,900,1500,N/A,DISABLED,53,914,1680,N/A,ENABLED,53,914,1680,N/A,ENABLED,53,914,1680,N/A,ENABLED,53,914,1680,N/A,ENABLED,44,711,1400,N/A,ENABLED,44,711,1400,N/A,ENABLED,44,711,1400,N/A,ENABLED,44,711,1400,N/A,ENABLED,N/A,72,73
1744595388,0,752,N/A,N/A,N/A,N/A,ENABLED,1858,500,2100,DISABLED,DISABLED,1839,500,2100,DISABLED,DISABLED,1876,500,2100,DISABLED,DISABLED,1864,500,2100,DISABLED,DISABLED,1876,500,2100,DISABLED,DISABLED,1862,500,2100,DISABLED,DISABLED,1868,500,2100,DISABLED,DISABLED,1856,500,2100,DISABLED,DISABLED,1500,900,1500,N/A,DISABLED,53,914,1680,N/A,ENABLED,53,914,1680,N/A,ENABLED,53,914,1680,N/A,ENABLED,53,914,1680,N/A,ENABLED,44,711,1400,N/A,ENABLED,44,711,1400,N/A,ENABLED,44,711,1400,N/A,ENABLED,44,711,1400,N/A,ENABLED,N/A,72,73
1744595389,0,751,N/A,N/A,N/A,N/A,ENABLED,1856,500,2100,DISABLED,DISABLED,1837,500,2100,DISABLED,DISABLED,1874,500,2100,DISABLED,DISABLED,1861,500,2100,DISABLED,DISABLED,1873,500,2100,DISABLED,DISABLED,1861,500,2100,DISABLED,DISABLED,1867,500,2100,DISABLED,DISABLED,1855,500,2100,DISABLED,DISABLED,1500,900,1500,N/A,DISABLED,53,914,1680,N/A,ENABLED,53,914,1680,N/A,ENABLED,53,914,1680,N/A,ENABLED,53,914,1680,N/A,ENABLED,44,711,1400,N/A,ENABLED,44,711,1400,N/A,ENABLED,44,711,1400,N/A,ENABLED,44,711,1400,N/A,ENABLED,N/A,72,73
1744595390,0,751,N/A,N/A,N/A,N/A,ENABLED,1857,500,2100,DISABLED,DISABLED,1837,500,2100,DISABLED,DISABLED,1874,500,2100,DISABLED,DISABLED,1861,500,2100,DISABLED,DISABLED,1874,500,2100,DISABLED,DISABLED,1859,500,2100,DISABLED,DISABLED,1864,500,2100,DISABLED,DISABLED,1853,500,2100,DISABLED,DISABLED,1500,900,1500,N/A,DISABLED,53,914,1680,N/A,ENABLED,53,914,1680,N/A,ENABLED,53,914,1680,N/A,ENABLED,53,914,1680,N/A,ENABLED,44,711,1400,N/A,ENABLED,44,711,1400,N/A,ENABLED,44,711,1400,N/A,ENABLED,44,711,1400,N/A,ENABLED,N/A,72,73
1744595391,0,749,N/A,N/A,N/A,N/A,ENABLED,1856,500,2100,DISABLED,DISABLED,1836,500,2100,DISABLED,DISABLED,1874,500,2100,DISABLED,DISABLED,1862,500,2100,DISABLED,DISABLED,1876,500,2100,DISABLED,DISABLED,1860,500,2100,DISABLED,DISABLED,1865,500,2100,DISABLED,DISABLED,1854,500,2100,DISABLED,DISABLED,1500,900,1500,N/A,DISABLED,53,914,1680,N/A,ENABLED,53,914,1680,N/A,ENABLED,53,914,1680,N/A,ENABLED,53,914,1680,N/A,ENABLED,44,711,1400,N/A,ENABLED,44,711,1400,N/A,ENABLED,44,711,1400,N/A,ENABLED,44,711,1400,N/A,ENABLED,N/A,72,73
1744595393,0,751,N/A,N/A,N/A,N/A,ENABLED,1853,500,2100,DISABLED,DISABLED,1834,500,2100,DISABLED,DISABLED,1875,500,2100,DISABLED,DISABLED,1859,500,2100,DISABLED,DISABLED,1874,500,2100,DISABLED,DISABLED,1857,500,2100,DISABLED,DISABLED,1863,500,2100,DISABLED,DISABLED,1851,500,2100,DISABLED,DISABLED,1500,900,1500,N/A,DISABLED,53,914,1680,N/A,ENABLED,53,914,1680,N/A,ENABLED,53,914,1680,N/A,ENABLED,53,914,1680,N/A,ENABLED,44,711,1400,N/A,ENABLED,44,711,1400,N/A,ENABLED,44,711,1400,N/A,ENABLED,44,711,1400,N/A,ENABLED,N/A,72,74
1744595394,0,751,N/A,N/A,N/A,N/A,ENABLED,1855,500,2100,DISABLED,DISABLED,1835,500,2100,DISABLED,DISABLED,1873,500,2100,DISABLED,DISABLED,1861,500,2100,DISABLED,DISABLED,1874,500,2100,DISABLED,DISABLED,1859,500,2100,DISABLED,DISABLED,1863,500,2100,DISABLED,DISABLED,1852,500,2100,DISABLED,DISABLED,1500,900,1500,N/A,DISABLED,53,914,1680,N/A,ENABLED,53,914,1680,N/A,ENABLED,53,914,1680,N/A,ENABLED,53,914,1680,N/A,ENABLED,44,711,1400,N/A,ENABLED,44,711,1400,N/A,ENABLED,44,711,1400,N/A,ENABLED,44,711,1400,N/A,ENABLED,N/A,72,73
1744595395,0,748,N/A,N/A,N/A,N/A,ENABLED,1851,500,2100,DISABLED,DISABLED,1831,500,2100,DISABLED,DISABLED,1870,500,2100,DISABLED,DISABLED,1858,500,2100,DISABLED,DISABLED,1871,500,2100,DISABLED,DISABLED,1856,500,2100,DISABLED,DISABLED,1860,500,2100,DISABLED,DISABLED,1848,500,2100,DISABLED,DISABLED,1500,900,1500,N/A,DISABLED,53,914,1680,N/A,ENABLED,53,914,1680,N/A,ENABLED,53,914,1680,N/A,ENABLED,53,914,1680,N/A,ENABLED,44,711,1400,N/A,ENABLED,44,711,1400,N/A,ENABLED,44,711,1400,N/A,ENABLED,44,711,1400,N/A,ENABLED,N/A,72,73
1744595396,0,749,N/A,N/A,N/A,N/A,ENABLED,1849,500,2100,DISABLED,DISABLED,1830,500,2100,DISABLED,DISABLED,1868,500,2100,DISABLED,DISABLED,1857,500,2100,DISABLED,DISABLED,1869,500,2100,DISABLED,DISABLED,1855,500,2100,DISABLED,DISABLED,1859,500,2100,DISABLED,DISABLED,1847,500,2100,DISABLED,DISABLED,1500,900,1500,N/A,DISABLED,53,914,1680,N/A,ENABLED,53,914,1680,N/A,ENABLED,53,914,1680,N/A,ENABLED,53,914,1680,N/A,ENABLED,44,711,1400,N/A,ENABLED,44,711,1400,N/A,ENABLED,44,711,1400,N/A,ENABLED,44,711,1400,N/A,ENABLED,N/A,72,73
1744595397,0,751,N/A,N/A,N/A,N/A,ENABLED,1854,500,2100,DISABLED,DISABLED,1835,500,2100,DISABLED,DISABLED,1872,500,2100,DISABLED,DISABLED,1860,500,2100,DISABLED,DISABLED,1873,500,2100,DISABLED,DISABLED,1859,500,2100,DISABLED,DISABLED,1864,500,2100,DISABLED,DISABLED,1852,500,2100,DISABLED,DISABLED,1500,900,1500,N/A,DISABLED,53,914,1680,N/A,ENABLED,53,914,1680,N/A,ENABLED,53,914,1680,N/A,ENABLED,53,914,1680,N/A,ENABLED,44,711,1400,N/A,ENABLED,44,711,1400,N/A,ENABLED,44,711,1400,N/A,ENABLED,44,711,1400,N/A,ENABLED,N/A,72,73
1744595398,0,752,N/A,N/A,N/A,N/A,ENABLED,1855,500,2100,DISABLED,DISABLED,1836,500,2100,DISABLED,DISABLED,1873,500,2100,DISABLED,DISABLED,1861,500,2100,DISABLED,DISABLED,1874,500,2100,DISABLED,DISABLED,1859,500,2100,DISABLED,DISABLED,1863,500,2100,DISABLED,DISABLED,1853,500,2100,DISABLED,DISABLED,1500,900,1500,N/A,DISABLED,53,914,1680,N/A,ENABLED,53,914,1680,N/A,ENABLED,53,914,1680,N/A,ENABLED,53,914,1680,N/A,ENABLED,44,711,1400,N/A,ENABLED,44,711,1400,N/A,ENABLED,44,711,1400,N/A,ENABLED,44,711,1400,N/A,ENABLED,N/A,72,74
1744595400,0,752,N/A,N/A,N/A,N/A,ENABLED,1855,500,2100,DISABLED,DISABLED,1836,500,2100,DISABLED,DISABLED,1874,500,2100,DISABLED,DISABLED,1862,500,2100,DISABLED,DISABLED,1875,500,2100,DISABLED,DISABLED,1860,500,2100,DISABLED,DISABLED,1865,500,2100,DISABLED,DISABLED,1854,500,2100,DISABLED,DISABLED,1500,900,1500,N/A,DISABLED,53,914,1680,N/A,ENABLED,53,914,1680,N/A,ENABLED,53,914,1680,N/A,ENABLED,53,914,1680,N/A,ENABLED,44,711,1400,N/A,ENABLED,44,711,1400,N/A,ENABLED,44,711,1400,N/A,ENABLED,44,711,1400,N/A,ENABLED,N/A,72,73
1744595401,0,749,N/A,N/A,N/A,N/A,ENABLED,1850,500,2100,DISABLED,DISABLED,1830,500,2100,DISABLED,DISABLED,1868,500,2100,DISABLED,DISABLED,1857,500,2100,DISABLED,DISABLED,1870,500,2100,DISABLED,DISABLED,1854,500,2100,DISABLED,DISABLED,1859,500,2100,DISABLED,DISABLED,1848,500,2100,DISABLED,DISABLED,1500,900,1500,N/A,DISABLED,53,914,1680,N/A,ENABLED,53,914,1680,N/A,ENABLED,53,914,1680,N/A,ENABLED,53,914,1680,N/A,ENABLED,44,711,1400,N/A,ENABLED,44,711,1400,N/A,ENABLED,44,711,1400,N/A,ENABLED,44,711,1400,N/A,ENABLED,N/A,73,74
1744595402,0,751,N/A,N/A,N/A,N/A,ENABLED,1850,500,2100,DISABLED,DISABLED,1831,500,2100,DISABLED,DISABLED,1869,500,2100,DISABLED,DISABLED,1856,500,2100,DISABLED,DISABLED,1870,500,2100,DISABLED,DISABLED,1854,500,2100,DISABLED,DISABLED,1859,500,2100,DISABLED,DISABLED,1848,500,2100,DISABLED,DISABLED,1500,900,1500,N/A,DISABLED,53,914,1680,N/A,ENABLED,53,914,1680,N/A,ENABLED,53,914,1680,N/A,ENABLED,53,914,1680,N/A,ENABLED,44,711,1400,N/A,ENABLED,44,711,1400,N/A,ENABLED,44,711,1400,N/A,ENABLED,44,711,1400,N/A,ENABLED,N/A,73,74
1744595403,0,751,N/A,N/A,N/A,N/A,ENABLED,1854,500,2100,DISABLED,DISABLED,1835,500,2100,DISABLED,DISABLED,1872,500,2100,DISABLED,DISABLED,1860,500,2100,DISABLED,DISABLED,1873,500,2100,DISABLED,DISABLED,1858,500,2100,DISABLED,DISABLED,1862,500,2100,DISABLED,DISABLED,1852,500,2100,DISABLED,DISABLED,1500,900,1500,N/A,DISABLED,53,914,1680,N/A,ENABLED,53,914,1680,N/A,ENABLED,53,914,1680,N/A,ENABLED,53,914,1680,N/A,ENABLED,44,711,1400,N/A,ENABLED,44,711,1400,N/A,ENABLED,44,711,1400,N/A,ENABLED,44,711,1400,N/A,ENABLED,N/A,73,74
1744595404,0,748,N/A,N/A,N/A,N/A,ENABLED,1846,500,2100,DISABLED,DISABLED,1827,500,2100,DISABLED,DISABLED,1865,500,2100,DISABLED,DISABLED,1853,500,2100,DISABLED,DISABLED,1866,500,2100,DISABLED,DISABLED,1851,500,2100,DISABLED,DISABLED,1855,500,2100,DISABLED,DISABLED,1845,500,2100,DISABLED,DISABLED,1500,900,1500,N/A,DISABLED,53,914,1680,N/A,ENABLED,53,914,1680,N/A,ENABLED,53,914,1680,N/A,ENABLED,53,914,1680,N/A,ENABLED,44,711,1400,N/A,ENABLED,44,711,1400,N/A,ENABLED,44,711,1400,N/A,ENABLED,44,711,1400,N/A,ENABLED,N/A,73,74
1744595405,0,751,N/A,N/A,N/A,N/A,ENABLED,1851,500,2100,DISABLED,DISABLED,1831,500,2100,DISABLED,DISABLED,1869,500,2100,DISABLED,DISABLED,1856,500,2100,DISABLED,DISABLED,1870,500,2100,DISABLED,DISABLED,1855,500,2100,DISABLED,DISABLED,1860,500,2100,DISABLED,DISABLED,1849,500,2100,DISABLED,DISABLED,1500,900,1500,N/A,DISABLED,53,914,1680,N/A,ENABLED,53,914,1680,N/A,ENABLED,53,914,1680,N/A,ENABLED,53,914,1680,N/A,ENABLED,44,711,1400,N/A,ENABLED,44,711,1400,N/A,ENABLED,44,711,1400,N/A,ENABLED,44,711,1400,N/A,ENABLED,N/A,73,74
1744595407,0,750,N/A,N/A,N/A,N/A,ENABLED,1851,500,2100,DISABLED,DISABLED,1831,500,2100,DISABLED,DISABLED,1869,500,2100,DISABLED,DISABLED,1858,500,2100,DISABLED,DISABLED,1871,500,2100,DISABLED,DISABLED,1855,500,2100,DISABLED,DISABLED,1860,500,2100,DISABLED,DISABLED,1849,500,2100,DISABLED,DISABLED,1500,900,1500,N/A,DISABLED,53,914,1680,N/A,ENABLED,53,914,1680,N/A,ENABLED,53,914,1680,N/A,ENABLED,53,914,1680,N/A,ENABLED,44,711,1400,N/A,ENABLED,44,711,1400,N/A,ENABLED,44,711,1400,N/A,ENABLED,44,711,1400,N/A,ENABLED,N/A,73,74
1744595408,0,751,N/A,N/A,N/A,N/A,ENABLED,1847,500,2100,DISABLED,DISABLED,1828,500,2100,DISABLED,DISABLED,1866,500,2100,DISABLED,DISABLED,1853,500,2100,DISABLED,DISABLED,1867,500,2100,DISABLED,DISABLED,1852,500,2100,DISABLED,DISABLED,1856,500,2100,DISABLED,DISABLED,1846,500,2100,DISABLED,DISABLED,1500,900,1500,N/A,DISABLED,53,914,1680,N/A,ENABLED,53,914,1680,N/A,ENABLED,53,914,1680,N/A,ENABLED,53,914,1680,N/A,ENABLED,44,711,1400,N/A,ENABLED,44,711,1400,N/A,ENABLED,44,711,1400,N/A,ENABLED,44,711,1400,N/A,ENABLED,N/A,73,74
1744595409,0,751,N/A,N/A,N/A,N/A,ENABLED,1850,500,2100,DISABLED,DISABLED,1829,500,2100,DISABLED,DISABLED,1867,500,2100,DISABLED,DISABLED,1855,500,2100,DISABLED,DISABLED,1869,500,2100,DISABLED,DISABLED,1852,500,2100,DISABLED,DISABLED,1857,500,2100,DISABLED,DISABLED,1848,500,2100,DISABLED,DISABLED,1500,900,1500,N/A,DISABLED,53,914,1680,N/A,ENABLED,53,914,1680,N/A,ENABLED,53,914,1680,N/A,ENABLED,53,914,1680,N/A,ENABLED,44,711,1400,N/A,ENABLED,44,711,1400,N/A,ENABLED,44,711,1400,N/A,ENABLED,44,711,1400,N/A,ENABLED,N/A,73,74
1744595410,0,749,N/A,N/A,N/A,N/A,ENABLED,1847,500,2100,DISABLED,DISABLED,1827,500,2100,DISABLED,DISABLED,1865,500,2100,DISABLED,DISABLED,1852,500,2100,DISABLED,DISABLED,1865,500,2100,DISABLED,DISABLED,1851,500,2100,DISABLED,DISABLED,1856,500,2100,DISABLED,DISABLED,1845,500,2100,DISABLED,DISABLED,1500,900,1500,N/A,DISABLED,53,914,1680,N/A,ENABLED,53,914,1680,N/A,ENABLED,53,914,1680,N/A,ENABLED,53,914,1680,N/A,ENABLED,44,711,1400,N/A,ENABLED,44,711,1400,N/A,ENABLED,44,711,1400,N/A,ENABLED,44,711,1400,N/A,ENABLED,N/A,73,74
1744595411,0,751,N/A,N/A,N/A,N/A,ENABLED,1852,500,2100,DISABLED,DISABLED,1832,500,2100,DISABLED,DISABLED,1870,500,2100,DISABLED,DISABLED,1859,500,2100,DISABLED,DISABLED,1870,500,2100,DISABLED,DISABLED,1856,500,2100,DISABLED,DISABLED,1861,500,2100,DISABLED,DISABLED,1850,500,2100,DISABLED,DISABLED,1500,900,1500,N/A,DISABLED,53,914,1680,N/A,ENABLED,53,914,1680,N/A,ENABLED,53,914,1680,N/A,ENABLED,53,914,1680,N/A,ENABLED,44,711,1400,N/A,ENABLED,44,711,1400,N/A,ENABLED,44,711,1400,N/A,ENABLED,44,711,1400,N/A,ENABLED,N/A,73,74
1744595413,0,751,N/A,N/A,N/A,N/A,ENABLED,1851,500,2100,DISABLED,DISABLED,1832,500,2100,DISABLED,DISABLED,1870,500,2100,DISABLED,DISABLED,1857,500,2100,DISABLED,DISABLED,1870,500,2100,DISABLED,DISABLED,1856,500,2100,DISABLED,DISABLED,1861,500,2100,DISABLED,DISABLED,1850,500,2100,DISABLED,DISABLED,1500,900,1500,N/A,DISABLED,53,914,1680,N/A,ENABLED,53,914,1680,N/A,ENABLED,53,914,1680,N/A,ENABLED,53,914,1680,N/A,ENABLED,44,711,1400,N/A,ENABLED,44,711,1400,N/A,ENABLED,44,711,1400,N/A,ENABLED,44,711,1400,N/A,ENABLED,N/A,73,74
1744595414,0,749,N/A,N/A,N/A,N/A,ENABLED,1847,500,2100,DISABLED,DISABLED,1826,500,2100,DISABLED,DISABLED,1865,500,2100,DISABLED,DISABLED,1852,500,2100,DISABLED,DISABLED,1866,500,2100,DISABLED,DISABLED,1851,500,2100,DISABLED,DISABLED,1855,500,2100,DISABLED,DISABLED,1845,500,2100,DISABLED,DISABLED,1500,900,1500,N/A,DISABLED,53,914,1680,N/A,ENABLED,53,914,1680,N/A,ENABLED,53,914,1680,N/A,ENABLED,53,914,1680,N/A,ENABLED,44,711,1400,N/A,ENABLED,44,711,1400,N/A,ENABLED,44,711,1400,N/A,ENABLED,44,711,1400,N/A,ENABLED,N/A,73,74
1744595415,0,751,N/A,N/A,N/A,N/A,ENABLED,1849,500,2100,DISABLED,DISABLED,1829,500,2100,DISABLED,DISABLED,1868,500,2100,DISABLED,DISABLED,1856,500,2100,DISABLED,DISABLED,1869,500,2100,DISABLED,DISABLED,1853,500,2100,DISABLED,DISABLED,1857,500,2100,DISABLED,DISABLED,1847,500,2100,DISABLED,DISABLED,1500,900,1500,N/A,DISABLED,53,914,1680,N/A,ENABLED,53,914,1680,N/A,ENABLED,53,914,1680,N/A,ENABLED,53,914,1680,N/A,ENABLED,44,711,1400,N/A,ENABLED,44,711,1400,N/A,ENABLED,44,711,1400,N/A,ENABLED,44,711,1400,N/A,ENABLED,N/A,74,74
1744595416,0,751,N/A,N/A,N/A,N/A,ENABLED,1848,500,2100,DISABLED,DISABLED,1828,500,2100,DISABLED,DISABLED,1867,500,2100,DISABLED,DISABLED,1854,500,2100,DISABLED,DISABLED,1867,500,2100,DISABLED,DISABLED,1852,500,2100,DISABLED,DISABLED,1857,500,2100,DISABLED,DISABLED,1845,500,2100,DISABLED,DISABLED,1500,900,1500,N/A,DISABLED,53,914,1680,N/A,ENABLED,53,914,1680,N/A,ENABLED,53,914,1680,N/A,ENABLED,53,914,1680,N/A,ENABLED,44,711,1400,N/A,ENABLED,44,711,1400,N/A,ENABLED,44,711,1400,N/A,ENABLED,44,711,1400,N/A,ENABLED,N/A,74,74
1744595417,0,752,N/A,N/A,N/A,N/A,ENABLED,1847,500,2100,DISABLED,DISABLED,1827,500,2100,DISABLED,DISABLED,1864,500,2100,DISABLED,DISABLED,1853,500,2100,DISABLED,DISABLED,1866,500,2100,DISABLED,DISABLED,1850,500,2100,DISABLED,DISABLED,1855,500,2100,DISABLED,DISABLED,1844,500,2100,DISABLED,DISABLED,1500,900,1500,N/A,DISABLED,53,914,1680,N/A,ENABLED,53,914,1680,N/A,ENABLED,53,914,1680,N/A,ENABLED,53,914,1680,N/A,ENABLED,44,711,1400,N/A,ENABLED,44,711,1400,N/A,ENABLED,44,711,1400,N/A,ENABLED,44,711,1400,N/A,ENABLED,N/A,74,74
1744595418,0,750,N/A,N/A,N/A,N/A,ENABLED,1846,500,2100,DISABLED,DISABLED,1826,500,2100,DISABLED,DISABLED,1864,500,2100,DISABLED,DISABLED,1853,500,2100,DISABLED,DISABLED,1865,500,2100,DISABLED,DISABLED,1850,500,2100,DISABLED,DISABLED,1855,500,2100,DISABLED,DISABLED,1844,500,2100,DISABLED,DISABLED,1500,900,1500,N/A,DISABLED,53,914,1680,N/A,ENABLED,53,914,1680,N/A,ENABLED,53,914,1680,N/A,ENABLED,53,914,1680,N/A,ENABLED,44,711,1400,N/A,ENABLED,44,711,1400,N/A,ENABLED,44,711,1400,N/A,ENABLED,44,711,1400,N/A,ENABLED,N/A,74,75
1744595420,0,748,N/A,N/A,N/A,N/A,ENABLED,1844,500,2100,DISABLED,DISABLED,1824,500,2100,DISABLED,DISABLED,1862,500,2100,DISABLED,DISABLED,1850,500,2100,DISABLED,DISABLED,1863,500,2100,DISABLED,DISABLED,1848,500,2100,DISABLED,DISABLED,1851,500,2100,DISABLED,DISABLED,1840,500,2100,DISABLED,DISABLED,1500,900,1500,N/A,DISABLED,53,914,1680,N/A,ENABLED,53,914,1680,N/A,ENABLED,53,914,1680,N/A,ENABLED,53,914,1680,N/A,ENABLED,44,711,1400,N/A,ENABLED,44,711,1400,N/A,ENABLED,44,711,1400,N/A,ENABLED,44,711,1400,N/A,ENABLED,N/A,74,75
1744595421,0,751,N/A,N/A,N/A,N/A,ENABLED,1847,500,2100,DISABLED,DISABLED,1826,500,2100,DISABLED,DISABLED,1865,500,2100,DISABLED,DISABLED,1853,500,2100,DISABLED,DISABLED,1865,500,2100,DISABLED,DISABLED,1850,500,2100,DISABLED,DISABLED,1855,500,2100,DISABLED,DISABLED,1843,500,2100,DISABLED,DISABLED,1500,900,1500,N/A,DISABLED,53,914,1680,N/A,ENABLED,53,914,1680,N/A,ENABLED,53,914,1680,N/A,ENABLED,53,914,1680,N/A,ENABLED,44,711,1400,N/A,ENABLED,44,711,1400,N/A,ENABLED,44,711,1400,N/A,ENABLED,44,711,1400,N/A,ENABLED,N/A,74,75
1744595422,0,750,N/A,N/A,N/A,N/A,ENABLED,1844,500,2100,DISABLED,DISABLED,1825,500,2100,DISABLED,DISABLED,1862,500,2100,DISABLED,DISABLED,1850,500,2100,DISABLED,DISABLED,1863,500,2100,DISABLED,DISABLED,1847,500,2100,DISABLED,DISABLED,1851,500,2100,DISABLED,DISABLED,1839,500,2100,DISABLED,DISABLED,1500,900,1500,N/A,DISABLED,53,914,1680,N/A,ENABLED,53,914,1680,N/A,ENABLED,53,914,1680,N/A,ENABLED,53,914,1680,N/A,ENABLED,44,711,1400,N/A,ENABLED,44,711,1400,N/A,ENABLED,44,711,1400,N/A,ENABLED,44,711,1400,N/A,ENABLED,N/A,74,75
1744595423,0,748,N/A,N/A,N/A,N/A,ENABLED,1843,500,2100,DISABLED,DISABLED,1824,500,2100,DISABLED,DISABLED,1861,500,2100,DISABLED,DISABLED,1849,500,2100,DISABLED,DISABLED,1861,500,2100,DISABLED,DISABLED,1848,500,2100,DISABLED,DISABLED,1853,500,2100,DISABLED,DISABLED,1841,500,2100,DISABLED,DISABLED,1500,900,1500,N/A,DISABLED,53,914,1680,N/A,ENABLED,53,914,1680,N/A,ENABLED,53,914,1680,N/A,ENABLED,53,914,1680,N/A,ENABLED,44,711,1400,N/A,ENABLED,44,711,1400,N/A,ENABLED,44,711,1400,N/A,ENABLED,44,711,1400,N/A,ENABLED,N/A,74,75
1744595424,0,751,N/A,N/A,N/A,N/A,ENABLED,1848,500,2100,DISABLED,DISABLED,1828,500,2100,DISABLED,DISABLED,1867,500,2100,DISABLED,DISABLED,1855,500,2100,DISABLED,DISABLED,1868,500,2100,DISABLED,DISABLED,1852,500,2100,DISABLED,DISABLED,1857,500,2100,DISABLED,DISABLED,1845,500,2100,DISABLED,DISABLED,1500,900,1500,N/A,DISABLED,53,914,1680,N/A,ENABLED,53,914,1680,N/A,ENABLED,53,914,1680,N/A,ENABLED,53,914,1680,N/A,ENABLED,44,711,1400,N/A,ENABLED,44,711,1400,N/A,ENABLED,44,711,1400,N/A,ENABLED,44,711,1400,N/A,ENABLED,N/A,74,75
1744595425,0,750,N/A,N/A,N/A,N/A,ENABLED,1842,500,2100,DISABLED,DISABLED,1823,500,2100,DISABLED,DISABLED,1863,500,2100,DISABLED,DISABLED,1851,500,2100,DISABLED,DISABLED,1864,500,2100,DISABLED,DISABLED,1847,500,2100,DISABLED,DISABLED,1852,500,2100,DISABLED,DISABLED,1841,500,2100,DISABLED,DISABLED,1500,900,1500,N/A,DISABLED,53,914,1680,N/A,ENABLED,53,914,1680,N/A,ENABLED,53,914,1680,N/A,ENABLED,53,914,1680,N/A,ENABLED,44,711,1400,N/A,ENABLED,44,711,1400,N/A,ENABLED,44,711,1400,N/A,ENABLED,44,711,1400,N/A,ENABLED,N/A,74,75
1744595427,0,748,N/A,N/A,N/A,N/A,ENABLED,1841,500,2100,DISABLED,DISABLED,1821,500,2100,DISABLED,DISABLED,1859,500,2100,DISABLED,DISABLED,1846,500,2100,DISABLED,DISABLED,1861,500,2100,DISABLED,DISABLED,1845,500,2100,DISABLED,DISABLED,1850,500,2100,DISABLED,DISABLED,1839,500,2100,DISABLED,DISABLED,1500,900,1500,N/A,DISABLED,53,914,1680,N/A,ENABLED,53,914,1680,N/A,ENABLED,53,914,1680,N/A,ENABLED,53,914,1680,N/A,ENABLED,44,711,1400,N/A,ENABLED,44,711,1400,N/A,ENABLED,44,711,1400,N/A,ENABLED,44,711,1400,N/A,ENABLED,N/A,74,75
1744595428,0,748,N/A,N/A,N/A,N/A,ENABLED,1842,500,2100,DISABLED,DISABLED,1823,500,2100,DISABLED,DISABLED,1861,500,2100,DISABLED,DISABLED,1847,500,2100,DISABLED,DISABLED,1863,500,2100,DISABLED,DISABLED,1847,500,2100,DISABLED,DISABLED,1851,500,2100,DISABLED,DISABLED,1839,500,2100,DISABLED,DISABLED,1500,900,1500,N/A,DISABLED,53,914,1680,N/A,ENABLED,53,914,1680,N/A,ENABLED,53,914,1680,N/A,ENABLED,53,914,1680,N/A,ENABLED,44,711,1400,N/A,ENABLED,44,711,1400,N/A,ENABLED,44,711,1400,N/A,ENABLED,44,711,1400,N/A,ENABLED,N/A,74,75
1744595429,0,751,N/A,N/A,N/A,N/A,ENABLED,1848,500,2100,DISABLED,DISABLED,1827,500,2100,DISABLED,DISABLED,1865,500,2100,DISABLED,DISABLED,1853,500,2100,DISABLED,DISABLED,1866,500,2100,DISABLED,DISABLED,1851,500,2100,DISABLED,DISABLED,1857,500,2100,DISABLED,DISABLED,1845,500,2100,DISABLED,DISABLED,1500,900,1500,N/A,DISABLED,53,914,1680,N/A,ENABLED,53,914,1680,N/A,ENABLED,53,914,1680,N/A,ENABLED,53,914,1680,N/A,ENABLED,44,711,1400,N/A,ENABLED,44,711,1400,N/A,ENABLED,44,711,1400,N/A,ENABLED,44,711,1400,N/A,ENABLED,N/A,74,75
1744595430,0,751,N/A,N/A,N/A,N/A,ENABLED,1842,500,2100,DISABLED,DISABLED,1823,500,2100,DISABLED,DISABLED,1861,500,2100,DISABLED,DISABLED,1850,500,2100,DISABLED,DISABLED,1863,500,2100,DISABLED,DISABLED,1848,500,2100,DISABLED,DISABLED,1853,500,2100,DISABLED,DISABLED,1841,500,2100,DISABLED,DISABLED,1500,900,1500,N/A,DISABLED,53,914,1680,N/A,ENABLED,53,914,1680,N/A,ENABLED,53,914,1680,N/A,ENABLED,53,914,1680,N/A,ENABLED,44,711,1400,N/A,ENABLED,44,711,1400,N/A,ENABLED,44,711,1400,N/A,ENABLED,44,711,1400,N/A,ENABLED,N/A,74,75
1744595431,0,752,N/A,N/A,N/A,N/A,ENABLED,1847,500,2100,DISABLED,DISABLED,1826,500,2100,DISABLED,DISABLED,1864,500,2100,DISABLED,DISABLED,1852,500,2100,DISABLED,DISABLED,1866,500,2100,DISABLED,DISABLED,1851,500,2100,DISABLED,DISABLED,1855,500,2100,DISABLED,DISABLED,1844,500,2100,DISABLED,DISABLED,1500,900,1500,N/A,DISABLED,53,914,1680,N/A,ENABLED,53,914,1680,N/A,ENABLED,53,914,1680,N/A,ENABLED,53,914,1680,N/A,ENABLED,44,711,1400,N/A,ENABLED,44,711,1400,N/A,ENABLED,44,711,1400,N/A,ENABLED,44,711,1400,N/A,ENABLED,N/A,74,75
1744595433,0,749,N/A,N/A,N/A,N/A,ENABLED,1842,500,2100,DISABLED,DISABLED,1822,500,2100,DISABLED,DISABLED,1861,500,2100,DISABLED,DISABLED,1849,500,2100,DISABLED,DISABLED,1862,500,2100,DISABLED,DISABLED,1847,500,2100,DISABLED,DISABLED,1851,500,2100,DISABLED,DISABLED,1840,500,2100,DISABLED,DISABLED,1500,900,1500,N/A,DISABLED,53,914,1680,N/A,ENABLED,53,914,1680,N/A,ENABLED,53,914,1680,N/A,ENABLED,53,914,1680,N/A,ENABLED,44,711,1400,N/A,ENABLED,44,711,1400,N/A,ENABLED,44,711,1400,N/A,ENABLED,44,711,1400,N/A,ENABLED,N/A,74,75
1744595434,0,749,N/A,N/A,N/A,N/A,ENABLED,1838,500,2100,DISABLED,DISABLED,1818,500,2100,DISABLED,DISABLED,1856,500,2100,DISABLED,DISABLED,1845,500,2100,DISABLED,DISABLED,1858,500,2100,DISABLED,DISABLED,1843,500,2100,DISABLED,DISABLED,1847,500,2100,DISABLED,DISABLED,1835,500,2100,DISABLED,DISABLED,1500,900,1500,N/A,DISABLED,53,914,1680,N/A,ENABLED,53,914,1680,N/A,ENABLED,53,914,1680,N/A,ENABLED,53,914,1680,N/A,ENABLED,44,711,1400,N/A,ENABLED,44,711,1400,N/A,ENABLED,44,711,1400,N/A,ENABLED,44,711,1400,N/A,ENABLED,N/A,74,75
1744595435,0,749,N/A,N/A,N/A,N/A,ENABLED,1841,500,2100,DISABLED,DISABLED,1821,500,2100,DISABLED,DISABLED,1858,500,2100,DISABLED,DISABLED,1846,500,2100,DISABLED,DISABLED,1860,500,2100,DISABLED,DISABLED,1844,500,2100,DISABLED,DISABLED,1850,500,2100,DISABLED,DISABLED,1838,500,2100,DISABLED,DISABLED,1500,900,1500,N/A,DISABLED,53,914,1680,N/A,ENABLED,53,914,1680,N/A,ENABLED,53,914,1680,N/A,ENABLED,53,914,1680,N/A,ENABLED,44,711,1400,N/A,ENABLED,44,711,1400,N/A,ENABLED,44,711,1400,N/A,ENABLED,44,711,1400,N/A,ENABLED,N/A,74,76
1744595436,0,751,N/A,N/A,N/A,N/A,ENABLED,1842,500,2100,DISABLED,DISABLED,1822,500,2100,DISABLED,DISABLED,1859,500,2100,DISABLED,DISABLED,1848,500,2100,DISABLED,DISABLED,1860,500,2100,DISABLED,DISABLED,1846,500,2100,DISABLED,DISABLED,1851,500,2100,DISABLED,DISABLED,1839,500,2100,DISABLED,DISABLED,1500,900,1500,N/A,DISABLED,53,914,1680,N/A,ENABLED,53,914,1680,N/A,ENABLED,53,914,1680,N/A,ENABLED,53,914,1680,N/A,ENABLED,44,711,1400,N/A,ENABLED,44,711,1400,N/A,ENABLED,44,711,1400,N/A,ENABLED,44,711,1400,N/A,ENABLED,N/A,74,76
1744595437,0,751,N/A,N/A,N/A,N/A,ENABLED,1843,500,2100,DISABLED,DISABLED,1824,500,2100,DISABLED,DISABLED,1861,500,2100,DISABLED,DISABLED,1849,500,2100,DISABLED,DISABLED,1862,500,2100,DISABLED,DISABLED,1848,500,2100,DISABLED,DISABLED,1853,500,2100,DISABLED,DISABLED,1841,500,2100,DISABLED,DISABLED,1500,900,1500,N/A,DISABLED,53,914,1680,N/A,ENABLED,53,914,1680,N/A,ENABLED,53,914,1680,N/A,ENABLED,53,914,1680,N/A,ENABLED,44,711,1400,N/A,ENABLED,44,711,1400,N/A,ENABLED,44,711,1400,N/A,ENABLED,44,711,1400,N/A,ENABLED,N/A,74,76
1744595438,0,751,N/A,N/A,N/A,N/A,ENABLED,1844,500,2100,DISABLED,DISABLED,1824,500,2100,DISABLED,DISABLED,1861,500,2100,DISABLED,DISABLED,1849,500,2100,DISABLED,DISABLED,1861,500,2100,DISABLED,DISABLED,1848,500,2100,DISABLED,DISABLED,1852,500,2100,DISABLED,DISABLED,1841,500,2100,DISABLED,DISABLED,1500,900,1500,N/A,DISABLED,53,914,1680,N/A,ENABLED,53,914,1680,N/A,ENABLED,53,914,1680,N/A,ENABLED,53,914,1680,N/A,ENABLED,44,711,1400,N/A,ENABLED,44,711,1400,N/A,ENABLED,44,711,1400,N/A,ENABLED,44,711,1400,N/A,ENABLED,N/A,75,76
1744595440,0,748,N/A,N/A,N/A,N/A,ENABLED,1840,500,2100,DISABLED,DISABLED,1820,500,2100,DISABLED,DISABLED,1857,500,2100,DISABLED,DISABLED,1847,500,2100,DISABLED,DISABLED,1859,500,2100,DISABLED,DISABLED,1844,500,2100,DISABLED,DISABLED,1849,500,2100,DISABLED,DISABLED,1837,500,2100,DISABLED,DISABLED,1500,900,1500,N/A,DISABLED,53,914,1680,N/A,ENABLED,53,914,1680,N/A,ENABLED,53,914,1680,N/A,ENABLED,53,914,1680,N/A,ENABLED,44,711,1400,N/A,ENABLED,44,711,1400,N/A,ENABLED,44,711,1400,N/A,ENABLED,44,711,1400,N/A,ENABLED,N/A,75,76
1744595441,0,748,N/A,N/A,N/A,N/A,ENABLED,1842,500,2100,DISABLED,DISABLED,1821,500,2100,DISABLED,DISABLED,1858,500,2100,DISABLED,DISABLED,1847,500,2100,DISABLED,DISABLED,1859,500,2100,DISABLED,DISABLED,1845,500,2100,DISABLED,DISABLED,1851,500,2100,DISABLED,DISABLED,1838,500,2100,DISABLED,DISABLED,1500,900,1500,N/A,DISABLED,53,914,1680,N/A,ENABLED,53,914,1680,N/A,ENABLED,53,914,1680,N/A,ENABLED,53,914,1680,N/A,ENABLED,44,711,1400,N/A,ENABLED,44,711,1400,N/A,ENABLED,44,711,1400,N/A,ENABLED,44,711,1400,N/A,ENABLED,N/A,75,76
1744595442,0,749,N/A,N/A,N/A,N/A,ENABLED,1842,500,2100,DISABLED,DISABLED,1821,500,2100,DISABLED,DISABLED,1859,500,2100,DISABLED,DISABLED,1848,500,2100,DISABLED,DISABLED,1861,500,2100,DISABLED,DISABLED,1845,500,2100,DISABLED,DISABLED,1850,500,2100,DISABLED,DISABLED,1837,500,2100,DISABLED,DISABLED,1500,900,1500,N/A,DISABLED,53,914,1680,N/A,ENABLED,53,914,1680,N/A,ENABLED,53,914,1680,N/A,ENABLED,53,914,1680,N/A,ENABLED,44,711,1400,N/A,ENABLED,44,711,1400,N/A,ENABLED,44,711,1400,N/A,ENABLED,44,711,1400,N/A,ENABLED,N/A,75,75
1744595443,0,750,N/A,N/A,N/A,N/A,ENABLED,1839,500,2100,DISABLED,DISABLED,1818,500,2100,DISABLED,DISABLED,1856,500,2100,DISABLED,DISABLED,1844,500,2100,DISABLED,DISABLED,1858,500,2100,DISABLED,DISABLED,1842,500,2100,DISABLED,DISABLED,1848,500,2100,DISABLED,DISABLED,1836,500,2100,DISABLED,DISABLED,1500,900,1500,N/A,DISABLED,53,914,1680,N/A,ENABLED,53,914,1680,N/A,ENABLED,53,914,1680,N/A,ENABLED,53,914,1680,N/A,ENABLED,44,711,1400,N/A,ENABLED,44,711,1400,N/A,ENABLED,44,711,1400,N/A,ENABLED,44,711,1400,N/A,ENABLED,N/A,75,76
1744595444,0,751,N/A,N/A,N/A,N/A,ENABLED,1844,500,2100,DISABLED,DISABLED,1824,500,2100,DISABLED,DISABLED,1862,500,2100,DISABLED,DISABLED,1850,500,2100,DISABLED,DISABLED,1863,500,2100,DISABLED,DISABLED,1847,500,2100,DISABLED,DISABLED,1852,500,2100,DISABLED,DISABLED,1840,500,2100,DISABLED,DISABLED,1500,900,1500,N/A,DISABLED,53,914,1680,N/A,ENABLED,53,914,1680,N/A,ENABLED,53,914,1680,N/A,ENABLED,53,914,1680,N/A,ENABLED,44,711,1400,N/A,ENABLED,44,711,1400,N/A,ENABLED,44,711,1400,N/A,ENABLED,44,711,1400,N/A,ENABLED,N/A,75,76
1744595445,0,752,N/A,N/A,N/A,N/A,ENABLED,1842,500,2100,DISABLED,DISABLED,1822,500,2100,DISABLED,DISABLED,1860,500,2100,DISABLED,DISABLED,1849,500,2100,DISABLED,DISABLED,1861,500,2100,DISABLED,DISABLED,1847,500,2100,DISABLED,DISABLED,1851,500,2100,DISABLED,DISABLED,1839,500,2100,DISABLED,DISABLED,1500,900,1500,N/A,DISABLED,53,914,1680,N/A,ENABLED,53,914,1680,N/A,ENABLED,53,914,1680,N/A,ENABLED,53,914,1680,N/A,ENABLED,44,711,1400,N/A,ENABLED,44,711,1400,N/A,ENABLED,44,711,1400,N/A,ENABLED,44,711,1400,N/A,ENABLED,N/A,75,76
1744595447,0,749,N/A,N/A,N/A,N/A,ENABLED,1840,500,2100,DISABLED,DISABLED,1818,500,2100,DISABLED,DISABLED,1857,500,2100,DISABLED,DISABLED,1846,500,2100,DISABLED,DISABLED,1859,500,2100,DISABLED,DISABLED,1842,500,2100,DISABLED,DISABLED,1848,500,2100,DISABLED,DISABLED,1836,500,2100,DISABLED,DISABLED,1500,900,1500,N/A,DISABLED,53,914,1680,N/A,ENABLED,53,914,1680,N/A,ENABLED,53,914,1680,N/A,ENABLED,53,914,1680,N/A,ENABLED,44,711,1400,N/A,ENABLED,44,711,1400,N/A,ENABLED,44,711,1400,N/A,ENABLED,44,711,1400,N/A,ENABLED,N/A,75,76
1744595448,0,751,N/A,N/A,N/A,N/A,ENABLED,1845,500,2100,DISABLED,DISABLED,1824,500,2100,DISABLED,DISABLED,1861,500,2100,DISABLED,DISABLED,1850,500,2100,DISABLED,DISABLED,1863,500,2100,DISABLED,DISABLED,1848,500,2100,DISABLED,DISABLED,1854,500,2100,DISABLED,DISABLED,1840,500,2100,DISABLED,DISABLED,1500,900,1500,N/A,DISABLED,53,914,1680,N/A,ENABLED,53,914,1680,N/A,ENABLED,53,914,1680,N/A,ENABLED,53,914,1680,N/A,ENABLED,44,711,1400,N/A,ENABLED,44,711,1400,N/A,ENABLED,44,711,1400,N/A,ENABLED,44,711,1400,N/A,ENABLED,N/A,75,76
1744595449,0,751,N/A,N/A,N/A,N/A,ENABLED,1843,500,2100,DISABLED,DISABLED,1821,500,2100,DISABLED,DISABLED,1860,500,2100,DISABLED,DISABLED,1849,500,2100,DISABLED,DISABLED,1861,500,2100,DISABLED,DISABLED,1847,500,2100,DISABLED,DISABLED,1851,500,2100,DISABLED,DISABLED,1839,500,2100,DISABLED,DISABLED,1500,900,1500,N/A,DISABLED,53,914,1680,N/A,ENABLED,53,914,1680,N/A,ENABLED,53,914,1680,N/A,ENABLED,53,914,1680,N/A,ENABLED,44,711,1400,N/A,ENABLED,44,711,1400,N/A,ENABLED,44,711,1400,N/A,ENABLED,44,711,1400,N/A,ENABLED,N/A,75,76
1744595450,0,749,N/A,N/A,N/A,N/A,ENABLED,1837,500,2100,DISABLED,DISABLED,1816,500,2100,DISABLED,DISABLED,1854,500,2100,DISABLED,DISABLED,1843,500,2100,DISABLED,DISABLED,1855,500,2100,DISABLED,DISABLED,1841,500,2100,DISABLED,DISABLED,1846,500,2100,DISABLED,DISABLED,1834,500,2100,DISABLED,DISABLED,1500,900,1500,N/A,DISABLED,53,914,1680,N/A,ENABLED,53,914,1680,N/A,ENABLED,53,914,1680,N/A,ENABLED,53,914,1680,N/A,ENABLED,44,711,1400,N/A,ENABLED,44,711,1400,N/A,ENABLED,44,711,1400,N/A,ENABLED,44,711,1400,N/A,ENABLED,N/A,75,76
1744595451,0,749,N/A,N/A,N/A,N/A,ENABLED,1838,500,2100,DISABLED,DISABLED,1818,500,2100,DISABLED,DISABLED,1856,500,2100,DISABLED,DISABLED,1844,500,2100,DISABLED,DISABLED,1857,500,2100,DISABLED,DISABLED,1842,500,2100,DISABLED,DISABLED,1848,500,2100,DISABLED,DISABLED,1835,500,2100,DISABLED,DISABLED,1500,900,1500,N/A,DISABLED,53,914,1680,N/A,ENABLED,53,914,1680,N/A,ENABLED,53,914,1680,N/A,ENABLED,53,914,1680,N/A,ENABLED,44,711,1400,N/A,ENABLED,44,711,1400,N/A,ENABLED,44,711,1400,N/A,ENABLED,44,711,1400,N/A,ENABLED,N/A,75,75
1744595452,0,751,N/A,N/A,N/A,N/A,ENABLED,1845,500,2100,DISABLED,DISABLED,1825,500,2100,DISABLED,DISABLED,1863,500,2100,DISABLED,DISABLED,1852,500,2100,DISABLED,DISABLED,1864,500,2100,DISABLED,DISABLED,1849,500,2100,DISABLED,DISABLED,1856,500,2100,DISABLED,DISABLED,1841,500,2100,DISABLED,DISABLED,1500,900,1500,N/A,DISABLED,53,914,1680,N/A,ENABLED,53,914,1680,N/A,ENABLED,53,914,1680,N/A,ENABLED,53,914,1680,N/A,ENABLED,44,711,1400,N/A,ENABLED,44,711,1400,N/A,ENABLED,44,711,1400,N/A,ENABLED,44,711,1400,N/A,ENABLED,N/A,75,76
1744595454,0,749,N/A,N/A,N/A,N/A,ENABLED,1838,500,2100,DISABLED,DISABLED,1818,500,2100,DISABLED,DISABLED,1856,500,2100,DISABLED,DISABLED,1844,500,2100,DISABLED,DISABLED,1858,500,2100,DISABLED,DISABLED,1843,500,2100,DISABLED,DISABLED,1847,500,2100,DISABLED,DISABLED,1835,500,2100,DISABLED,DISABLED,1500,900,1500,N/A,DISABLED,53,914,1680,N/A,ENABLED,53,914,1680,N/A,ENABLED,53,914,1680,N/A,ENABLED,53,914,1680,N/A,ENABLED,44,711,1400,N/A,ENABLED,44,711,1400,N/A,ENABLED,44,711,1400,N/A,ENABLED,44,711,1400,N/A,ENABLED,N/A,75,76
1744595455,0,749,N/A,N/A,N/A,N/A,ENABLED,1839,500,2100,DISABLED,DISABLED,1819,500,2100,DISABLED,DISABLED,1857,500,2100,DISABLED,DISABLED,1845,500,2100,DISABLED,DISABLED,1857,500,2100,DISABLED,DISABLED,1843,500,2100,DISABLED,DISABLED,1847,500,2100,DISABLED,DISABLED,1836,500,2100,DISABLED,DISABLED,1500,900,1500,N/A,DISABLED,53,914,1680,N/A,ENABLED,53,914,1680,N/A,ENABLED,53,914,1680,N/A,ENABLED,53,914,1680,N/A,ENABLED,44,711,1400,N/A,ENABLED,44,711,1400,N/A,ENABLED,44,711,1400,N/A,ENABLED,44,711,1400,N/A,ENABLED,N/A,75,76
1744595456,0,751,N/A,N/A,N/A,N/A,ENABLED,1841,500,2100,DISABLED,DISABLED,1822,500,2100,DISABLED,DISABLED,1860,500,2100,DISABLED,DISABLED,1848,500,2100,DISABLED,DISABLED,1860,500,2100,DISABLED,DISABLED,1845,500,2100,DISABLED,DISABLED,1849,500,2100,DISABLED,DISABLED,1838,500,2100,DISABLED,DISABLED,1500,900,1500,N/A,DISABLED,53,914,1680,N/A,ENABLED,53,914,1680,N/A,ENABLED,53,914,1680,N/A,ENABLED,53,914,1680,N/A,ENABLED,44,711,1400,N/A,ENABLED,44,711,1400,N/A,ENABLED,44,711,1400,N/A,ENABLED,44,711,1400,N/A,ENABLED,N/A,75,76
1744595457,0,751,N/A,N/A,N/A,N/A,ENABLED,1848,500,2100,DISABLED,DISABLED,1829,500,2100,DISABLED,DISABLED,1863,500,2100,DISABLED,DISABLED,1851,500,2100,DISABLED,DISABLED,1864,500,2100,DISABLED,DISABLED,1849,500,2100,DISABLED,DISABLED,1854,500,2100,DISABLED,DISABLED,1842,500,2100,DISABLED,DISABLED,1500,900,1500,N/A,DISABLED,53,914,1680,N/A,ENABLED,53,914,1680,N/A,ENABLED,53,914,1680,N/A,ENABLED,53,914,1680,N/A,ENABLED,44,711,1400,N/A,ENABLED,44,711,1400,N/A,ENABLED,44,711,1400,N/A,ENABLED,44,711,1400,N/A,ENABLED,N/A,75,76
1744595458,0,751,N/A,N/A,N/A,N/A,ENABLED,1839,500,2100,DISABLED,DISABLED,1819,500,2100,DISABLED,DISABLED,1860,500,2100,DISABLED,DISABLED,1847,500,2100,DISABLED,DISABLED,1861,500,2100,DISABLED,DISABLED,1844,500,2100,DISABLED,DISABLED,1849,500,2100,DISABLED,DISABLED,1838,500,2100,DISABLED,DISABLED,1500,900,1500,N/A,DISABLED,53,914,1680,N/A,ENABLED,53,914,1680,N/A,ENABLED,53,914,1680,N/A,ENABLED,53,914,1680,N/A,ENABLED,44,711,1400,N/A,ENABLED,44,711,1400,N/A,ENABLED,44,711,1400,N/A,ENABLED,44,711,1400,N/A,ENABLED,N/A,75,76
1744595460,0,752,N/A,N/A,N/A,N/A,ENABLED,1839,500,2100,DISABLED,DISABLED,1819,500,2100,DISABLED,DISABLED,1857,500,2100,DISABLED,DISABLED,1845,500,2100,DISABLED,DISABLED,1860,500,2100,DISABLED,DISABLED,1844,500,2100,DISABLED,DISABLED,1848,500,2100,DISABLED,DISABLED,1836,500,2100,DISABLED,DISABLED,1500,900,1500,N/A,DISABLED,53,914,1680,N/A,ENABLED,53,914,1680,N/A,ENABLED,53,914,1680,N/A,ENABLED,53,914,1680,N/A,ENABLED,44,711,1400,N/A,ENABLED,44,711,1400,N/A,ENABLED,44,711,1400,N/A,ENABLED,44,711,1400,N/A,ENABLED,N/A,75,75
1744595461,0,749,N/A,N/A,N/A,N/A,ENABLED,1838,500,2100,DISABLED,DISABLED,1818,500,2100,DISABLED,DISABLED,1857,500,2100,DISABLED,DISABLED,1843,500,2100,DISABLED,DISABLED,1857,500,2100,DISABLED,DISABLED,1842,500,2100,DISABLED,DISABLED,1846,500,2100,DISABLED,DISABLED,1835,500,2100,DISABLED,DISABLED,1500,900,1500,N/A,DISABLED,53,914,1680,N/A,ENABLED,53,914,1680,N/A,ENABLED,53,914,1680,N/A,ENABLED,53,914,1680,N/A,ENABLED,44,711,1400,N/A,ENABLED,44,711,1400,N/A,ENABLED,44,711,1400,N/A,ENABLED,44,711,1400,N/A,ENABLED,N/A,75,76
1744595462,0,749,N/A,N/A,N/A,N/A,ENABLED,1840,500,2100,DISABLED,DISABLED,1819,500,2100,DISABLED,DISABLED,1858,500,2100,DISABLED,DISABLED,1846,500,2100,DISABLED,DISABLED,1860,500,2100,DISABLED,DISABLED,1844,500,2100,DISABLED,DISABLED,1848,500,2100,DISABLED,DISABLED,1837,500,2100,DISABLED,DISABLED,1500,900,1500,N/A,DISABLED,53,914,1680,N/A,ENABLED,53,914,1680,N/A,ENABLED,53,914,1680,N/A,ENABLED,53,914,1680,N/A,ENABLED,44,711,1400,N/A,ENABLED,44,711,1400,N/A,ENABLED,44,711,1400,N/A,ENABLED,44,711,1400,N/A,ENABLED,N/A,75,76
1744595463,0,750,N/A,N/A,N/A,N/A,ENABLED,1841,500,2100,DISABLED,DISABLED,1821,500,2100,DISABLED,DISABLED,1860,500,2100,DISABLED,DISABLED,1849,500,2100,DISABLED,DISABLED,1862,500,2100,DISABLED,DISABLED,1847,500,2100,DISABLED,DISABLED,1851,500,2100,DISABLED,DISABLED,1839,500,2100,DISABLED,DISABLED,1500,900,1500,N/A,DISABLED,53,914,1680,N/A,ENABLED,53,914,1680,N/A,ENABLED,53,914,1680,N/A,ENABLED,53,914,1680,N/A,ENABLED,44,711,1400,N/A,ENABLED,44,711,1400,N/A,ENABLED,44,711,1400,N/A,ENABLED,44,711,1400,N/A,ENABLED,N/A,75,76
1744595464,0,750,N/A,N/A,N/A,N/A,ENABLED,1838,500,2100,DISABLED,DISABLED,1818,500,2100,DISABLED,DISABLED,1856,500,2100,DISABLED,DISABLED,1846,500,2100,DISABLED,DISABLED,1859,500,2100,DISABLED,DISABLED,1844,500,2100,DISABLED,DISABLED,1848,500,2100,DISABLED,DISABLED,1837,500,2100,DISABLED,DISABLED,1500,900,1500,N/A,DISABLED,53,914,1680,N/A,ENABLED,53,914,1680,N/A,ENABLED,53,914,1680,N/A,ENABLED,53,914,1680,N/A,ENABLED,44,711,1400,N/A,ENABLED,44,711,1400,N/A,ENABLED,44,711,1400,N/A,ENABLED,44,711,1400,N/A,ENABLED,N/A,75,76
1744595465,0,750,N/A,N/A,N/A,N/A,ENABLED,1837,500,2100,DISABLED,DISABLED,1817,500,2100,DISABLED,DISABLED,1856,500,2100,DISABLED,DISABLED,1845,500,2100,DISABLED,DISABLED,1857,500,2100,DISABLED,DISABLED,1843,500,2100,DISABLED,DISABLED,1846,500,2100,DISABLED,DISABLED,1835,500,2100,DISABLED,DISABLED,1500,900,1500,N/A,DISABLED,53,914,1680,N/A,ENABLED,53,914,1680,N/A,ENABLED,53,914,1680,N/A,ENABLED,53,914,1680,N/A,ENABLED,44,711,1400,N/A,ENABLED,44,711,1400,N/A,ENABLED,44,711,1400,N/A,ENABLED,44,711,1400,N/A,ENABLED,N/A,75,76
1744595467,0,750,N/A,N/A,N/A,N/A,ENABLED,1840,500,2100,DISABLED,DISABLED,1820,500,2100,DISABLED,DISABLED,1858,500,2100,DISABLED,DISABLED,1845,500,2100,DISABLED,DISABLED,1859,500,2100,DISABLED,DISABLED,1845,500,2100,DISABLED,DISABLED,1848,500,2100,DISABLED,DISABLED,1837,500,2100,DISABLED,DISABLED,1500,900,1500,N/A,DISABLED,53,914,1680,N/A,ENABLED,53,914,1680,N/A,ENABLED,53,914,1680,N/A,ENABLED,53,914,1680,N/A,ENABLED,44,711,1400,N/A,ENABLED,44,711,1400,N/A,ENABLED,44,711,1400,N/A,ENABLED,44,711,1400,N/A,ENABLED,N/A,75,76
1744595468,0,749,N/A,N/A,N/A,N/A,ENABLED,1839,500,2100,DISABLED,DISABLED,1819,500,2100,DISABLED,DISABLED,1857,500,2100,DISABLED,DISABLED,1848,500,2100,DISABLED,DISABLED,1858,500,2100,DISABLED,DISABLED,1844,500,2100,DISABLED,DISABLED,1847,500,2100,DISABLED,DISABLED,1836,500,2100,DISABLED,DISABLED,1500,900,1500,N/A,DISABLED,53,914,1680,N/A,ENABLED,53,914,1680,N/A,ENABLED,53,914,1680,N/A,ENABLED,53,914,1680,N/A,ENABLED,44,711,1400,N/A,ENABLED,44,711,1400,N/A,ENABLED,44,711,1400,N/A,ENABLED,44,711,1400,N/A,ENABLED,N/A,75,76
1744595469,0,752,N/A,N/A,N/A,N/A,ENABLED,1842,500,2100,DISABLED,DISABLED,1822,500,2100,DISABLED,DISABLED,1860,500,2100,DISABLED,DISABLED,1850,500,2100,DISABLED,DISABLED,1861,500,2100,DISABLED,DISABLED,1847,500,2100,DISABLED,DISABLED,1852,500,2100,DISABLED,DISABLED,1839,500,2100,DISABLED,DISABLED,1500,900,1500,N/A,DISABLED,53,914,1680,N/A,ENABLED,53,914,1680,N/A,ENABLED,53,914,1680,N/A,ENABLED,53,914,1680,N/A,ENABLED,44,711,1400,N/A,ENABLED,44,711,1400,N/A,ENABLED,44,711,1400,N/A,ENABLED,44,711,1400,N/A,ENABLED,N/A,75,76
1744595470,0,749,N/A,N/A,N/A,N/A,ENABLED,1837,500,2100,DISABLED,DISABLED,1816,500,2100,DISABLED,DISABLED,1855,500,2100,DISABLED,DISABLED,1844,500,2100,DISABLED,DISABLED,1856,500,2100,DISABLED,DISABLED,1841,500,2100,DISABLED,DISABLED,1846,500,2100,DISABLED,DISABLED,1833,500,2100,DISABLED,DISABLED,1500,900,1500,N/A,DISABLED,53,914,1680,N/A,ENABLED,53,914,1680,N/A,ENABLED,53,914,1680,N/A,ENABLED,53,914,1680,N/A,ENABLED,44,711,1400,N/A,ENABLED,44,711,1400,N/A,ENABLED,44,711,1400,N/A,ENABLED,44,711,1400,N/A,ENABLED,N/A,75,76
1744595471,0,750,N/A,N/A,N/A,N/A,ENABLED,1839,500,2100,DISABLED,DISABLED,1818,500,2100,DISABLED,DISABLED,1857,500,2100,DISABLED,DISABLED,1845,500,2100,DISABLED,DISABLED,1857,500,2100,DISABLED,DISABLED,1843,500,2100,DISABLED,DISABLED,1846,500,2100,DISABLED,DISABLED,1835,500,2100,DISABLED,DISABLED,1500,900,1500,N/A,DISABLED,53,914,1680,N/A,ENABLED,53,914,1680,N/A,ENABLED,53,914,1680,N/A,ENABLED,53,914,1680,N/A,ENABLED,44,711,1400,N/A,ENABLED,44,711,1400,N/A,ENABLED,44,711,1400,N/A,ENABLED,44,711,1400,N/A,ENABLED,N/A,75,76
1744595472,0,749,N/A,N/A,N/A,N/A,ENABLED,1837,500,2100,DISABLED,DISABLED,1817,500,2100,DISABLED,DISABLED,1855,500,2100,DISABLED,DISABLED,1843,500,2100,DISABLED,DISABLED,1856,500,2100,DISABLED,DISABLED,1841,500,2100,DISABLED,DISABLED,1847,500,2100,DISABLED,DISABLED,1835,500,2100,DISABLED,DISABLED,1500,900,1500,N/A,DISABLED,53,914,1680,N/A,ENABLED,53,914,1680,N/A,ENABLED,53,914,1680,N/A,ENABLED,53,914,1680,N/A,ENABLED,44,711,1400,N/A,ENABLED,44,711,1400,N/A,ENABLED,44,711,1400,N/A,ENABLED,44,711,1400,N/A,ENABLED,N/A,75,76
1744595474,0,749,N/A,N/A,N/A,N/A,ENABLED,1837,500,2100,DISABLED,DISABLED,1817,500,2100,DISABLED,DISABLED,1855,500,2100,DISABLED,DISABLED,1844,500,2100,DISABLED,DISABLED,1857,500,2100,DISABLED,DISABLED,1841,500,2100,DISABLED,DISABLED,1847,500,2100,DISABLED,DISABLED,1834,500,2100,DISABLED,DISABLED,1500,900,1500,N/A,DISABLED,53,914,1680,N/A,ENABLED,53,914,1680,N/A,ENABLED,53,914,1680,N/A,ENABLED,53,914,1680,N/A,ENABLED,44,711,1400,N/A,ENABLED,44,711,1400,N/A,ENABLED,44,711,1400,N/A,ENABLED,44,711,1400,N/A,ENABLED,N/A,75,76
1744595475,0,749,N/A,N/A,N/A,N/A,ENABLED,1836,500,2100,DISABLED,DISABLED,1814,500,2100,DISABLED,DISABLED,1853,500,2100,DISABLED,DISABLED,1841,500,2100,DISABLED,DISABLED,1854,500,2100,DISABLED,DISABLED,1840,500,2100,DISABLED,DISABLED,1844,500,2100,DISABLED,DISABLED,1833,500,2100,DISABLED,DISABLED,1500,900,1500,N/A,DISABLED,53,914,1680,N/A,ENABLED,53,914,1680,N/A,ENABLED,53,914,1680,N/A,ENABLED,53,914,1680,N/A,ENABLED,44,711,1400,N/A,ENABLED,44,711,1400,N/A,ENABLED,44,711,1400,N/A,ENABLED,44,711,1400,N/A,ENABLED,N/A,75,76
1744595476,0,752,N/A,N/A,N/A,N/A,ENABLED,1842,500,2100,DISABLED,DISABLED,1821,500,2100,DISABLED,DISABLED,1859,500,2100,DISABLED,DISABLED,1848,500,2100,DISABLED,DISABLED,1862,500,2100,DISABLED,DISABLED,1847,500,2100,DISABLED,DISABLED,1852,500,2100,DISABLED,DISABLED,1840,500,2100,DISABLED,DISABLED,1500,900,1500,N/A,DISABLED,53,914,1680,N/A,ENABLED,53,914,1680,N/A,ENABLED,53,914,1680,N/A,ENABLED,53,914,1680,N/A,ENABLED,44,711,1400,N/A,ENABLED,44,711,1400,N/A,ENABLED,44,711,1400,N/A,ENABLED,44,711,1400,N/A,ENABLED,N/A,75,76
1744595477,0,749,N/A,N/A,N/A,N/A,ENABLED,1838,500,2100,DISABLED,DISABLED,1817,500,2100,DISABLED,DISABLED,1857,500,2100,DISABLED,DISABLED,1845,500,2100,DISABLED,DISABLED,1856,500,2100,DISABLED,DISABLED,1842,500,2100,DISABLED,DISABLED,1847,500,2100,DISABLED,DISABLED,1834,500,2100,DISABLED,DISABLED,1500,900,1500,N/A,DISABLED,53,914,1680,N/A,ENABLED,53,914,1680,N/A,ENABLED,53,914,1680,N/A,ENABLED,53,914,1680,N/A,ENABLED,44,711,1400,N/A,ENABLED,44,711,1400,N/A,ENABLED,44,711,1400,N/A,ENABLED,44,711,1400,N/A,ENABLED,N/A,75,76
1744595478,0,749,N/A,N/A,N/A,N/A,ENABLED,1836,500,2100,DISABLED,DISABLED,1815,500,2100,DISABLED,DISABLED,1854,500,2100,DISABLED,DISABLED,1841,500,2100,DISABLED,DISABLED,1854,500,2100,DISABLED,DISABLED,1840,500,2100,DISABLED,DISABLED,1845,500,2100,DISABLED,DISABLED,1833,500,2100,DISABLED,DISABLED,1500,900,1500,N/A,DISABLED,53,914,1680,N/A,ENABLED,53,914,1680,N/A,ENABLED,53,914,1680,N/A,ENABLED,53,914,1680,N/A,ENABLED,44,711,1400,N/A,ENABLED,44,711,1400,N/A,ENABLED,44,711,1400,N/A,ENABLED,44,711,1400,N/A,ENABLED,N/A,75,76
1744595479,0,750,N/A,N/A,N/A,N/A,ENABLED,1834,500,2100,DISABLED,DISABLED,1813,500,2100,DISABLED,DISABLED,1852,500,2100,DISABLED,DISABLED,1840,500,2100,DISABLED,DISABLED,1852,500,2100,DISABLED,DISABLED,1838,500,2100,DISABLED,DISABLED,1844,500,2100,DISABLED,DISABLED,1831,500,2100,DISABLED,DISABLED,1500,900,1500,N/A,DISABLED,53,914,1680,N/A,ENABLED,53,914,1680,N/A,ENABLED,53,914,1680,N/A,ENABLED,53,914,1680,N/A,ENABLED,44,711,1400,N/A,ENABLED,44,711,1400,N/A,ENABLED,44,711,1400,N/A,ENABLED,44,711,1400,N/A,ENABLED,N/A,75,76
1744595481,0,749,N/A,N/A,N/A,N/A,ENABLED,1837,500,2100,DISABLED,DISABLED,1817,500,2100,DISABLED,DISABLED,1855,500,2100,DISABLED,DISABLED,1843,500,2100,DISABLED,DISABLED,1856,500,2100,DISABLED,DISABLED,1841,500,2100,DISABLED,DISABLED,1846,500,2100,DISABLED,DISABLED,1834,500,2100,DISABLED,DISABLED,1500,900,1500,N/A,DISABLED,53,914,1680,N/A,ENABLED,53,914,1680,N/A,ENABLED,53,914,1680,N/A,ENABLED,53,914,1680,N/A,ENABLED,44,711,1400,N/A,ENABLED,44,711,1400,N/A,ENABLED,44,711,1400,N/A,ENABLED,44,711,1400,N/A,ENABLED,N/A,75,76
1744595482,0,748,N/A,N/A,N/A,N/A,ENABLED,1835,500,2100,DISABLED,DISABLED,1814,500,2100,DISABLED,DISABLED,1852,500,2100,DISABLED,DISABLED,1841,500,2100,DISABLED,DISABLED,1854,500,2100,DISABLED,DISABLED,1839,500,2100,DISABLED,DISABLED,1844,500,2100,DISABLED,DISABLED,1831,500,2100,DISABLED,DISABLED,1500,900,1500,N/A,DISABLED,53,914,1680,N/A,ENABLED,53,914,1680,N/A,ENABLED,53,914,1680,N/A,ENABLED,53,914,1680,N/A,ENABLED,44,711,1400,N/A,ENABLED,44,711,1400,N/A,ENABLED,44,711,1400,N/A,ENABLED,44,711,1400,N/A,ENABLED,N/A,75,76
1744595483,0,748,N/A,N/A,N/A,N/A,ENABLED,1837,500,2100,DISABLED,DISABLED,1816,500,2100,DISABLED,DISABLED,1856,500,2100,DISABLED,DISABLED,1843,500,2100,DISABLED,DISABLED,1856,500,2100,DISABLED,DISABLED,1841,500,2100,DISABLED,DISABLED,1845,500,2100,DISABLED,DISABLED,1833,500,2100,DISABLED,DISABLED,1500,900,1500,N/A,DISABLED,53,914,1680,N/A,ENABLED,53,914,1680,N/A,ENABLED,53,914,1680,N/A,ENABLED,53,914,1680,N/A,ENABLED,44,711,1400,N/A,ENABLED,44,711,1400,N/A,ENABLED,44,711,1400,N/A,ENABLED,44,711,1400,N/A,ENABLED,N/A,75,76
1744595484,0,750,N/A,N/A,N/A,N/A,ENABLED,1839,500,2100,DISABLED,DISABLED,1818,500,2100,DISABLED,DISABLED,1856,500,2100,DISABLED,DISABLED,1846,500,2100,DISABLED,DISABLED,1859,500,2100,DISABLED,DISABLED,1844,500,2100,DISABLED,DISABLED,1847,500,2100,DISABLED,DISABLED,1836,500,2100,DISABLED,DISABLED,1500,900,1500,N/A,DISABLED,53,914,1680,N/A,ENABLED,53,914,1680,N/A,ENABLED,53,914,1680,N/A,ENABLED,53,914,1680,N/A,ENABLED,44,711,1400,N/A,ENABLED,44,711,1400,N/A,ENABLED,44,711,1400,N/A,ENABLED,44,711,1400,N/A,ENABLED,N/A,75,77
1744595485,0,749,N/A,N/A,N/A,N/A,ENABLED,1836,500,2100,DISABLED,DISABLED,1816,500,2100,DISABLED,DISABLED,1854,500,2100,DISABLED,DISABLED,1842,500,2100,DISABLED,DISABLED,1855,500,2100,DISABLED,DISABLED,1842,500,2100,DISABLED,DISABLED,1845,500,2100,DISABLED,DISABLED,1833,500,2100,DISABLED,DISABLED,1500,900,1500,N/A,DISABLED,53,914,1680,N/A,ENABLED,53,914,1680,N/A,ENABLED,53,914,1680,N/A,ENABLED,53,914,1680,N/A,ENABLED,44,711,1400,N/A,ENABLED,44,711,1400,N/A,ENABLED,44,711,1400,N/A,ENABLED,44,711,1400,N/A,ENABLED,N/A,75,76
1744595487,0,750,N/A,N/A,N/A,N/A,ENABLED,1836,500,2100,DISABLED,DISABLED,1815,500,2100,DISABLED,DISABLED,1855,500,2100,DISABLED,DISABLED,1843,500,2100,DISABLED,DISABLED,1856,500,2100,DISABLED,DISABLED,1839,500,2100,DISABLED,DISABLED,1846,500,2100,DISABLED,DISABLED,1834,500,2100,DISABLED,DISABLED,1500,900,1500,N/A,DISABLED,53,914,1680,N/A,ENABLED,53,914,1680,N/A,ENABLED,53,914,1680,N/A,ENABLED,53,914,1680,N/A,ENABLED,44,711,1400,N/A,ENABLED,44,711,1400,N/A,ENABLED,44,711,1400,N/A,ENABLED,44,711,1400,N/A,ENABLED,N/A,75,76
1744595488,0,748,N/A,N/A,N/A,N/A,ENABLED,1833,500,2100,DISABLED,DISABLED,1811,500,2100,DISABLED,DISABLED,1851,500,2100,DISABLED,DISABLED,1839,500,2100,DISABLED,DISABLED,1852,500,2100,DISABLED,DISABLED,1838,500,2100,DISABLED,DISABLED,1843,500,2100,DISABLED,DISABLED,1831,500,2100,DISABLED,DISABLED,1500,900,1500,N/A,DISABLED,53,914,1680,N/A,ENABLED,53,914,1680,N/A,ENABLED,53,914,1680,N/A,ENABLED,53,914,1680,N/A,ENABLED,44,711,1400,N/A,ENABLED,44,711,1400,N/A,ENABLED,44,711,1400,N/A,ENABLED,44,711,1400,N/A,ENABLED,N/A,75,77
1744595489,0,751,N/A,N/A,N/A,N/A,ENABLED,1840,500,2100,DISABLED,DISABLED,1817,500,2100,DISABLED,DISABLED,1857,500,2100,DISABLED,DISABLED,1844,500,2100,DISABLED,DISABLED,1859,500,2100,DISABLED,DISABLED,1842,500,2100,DISABLED,DISABLED,1846,500,2100,DISABLED,DISABLED,1834,500,2100,DISABLED,DISABLED,1500,900,1500,N/A,DISABLED,53,914,1680,N/A,ENABLED,53,914,1680,N/A,ENABLED,53,914,1680,N/A,ENABLED,53,914,1680,N/A,ENABLED,44,711,1400,N/A,ENABLED,44,711,1400,N/A,ENABLED,44,711,1400,N/A,ENABLED,44,711,1400,N/A,ENABLED,N/A,75,76
1744595490,0,751,N/A,N/A,N/A,N/A,ENABLED,1840,500,2100,DISABLED,DISABLED,1819,500,2100,DISABLED,DISABLED,1859,500,2100,DISABLED,DISABLED,1846,500,2100,DISABLED,DISABLED,1860,500,2100,DISABLED,DISABLED,1845,500,2100,DISABLED,DISABLED,1848,500,2100,DISABLED,DISABLED,1836,500,2100,DISABLED,DISABLED,1500,900,1500,N/A,DISABLED,53,914,1680,N/A,ENABLED,53,914,1680,N/A,ENABLED,53,914,1680,N/A,ENABLED,53,914,1680,N/A,ENABLED,44,711,1400,N/A,ENABLED,44,711,1400,N/A,ENABLED,44,711,1400,N/A,ENABLED,44,711,1400,N/A,ENABLED,N/A,75,76
1744595491,0,749,N/A,N/A,N/A,N/A,ENABLED,1832,500,2100,DISABLED,DISABLED,1811,500,2100,DISABLED,DISABLED,1851,500,2100,DISABLED,DISABLED,1838,500,2100,DISABLED,DISABLED,1852,500,2100,DISABLED,DISABLED,1837,500,2100,DISABLED,DISABLED,1840,500,2100,DISABLED,DISABLED,1828,500,2100,DISABLED,DISABLED,1500,900,1500,N/A,DISABLED,53,914,1680,N/A,ENABLED,53,914,1680,N/A,ENABLED,53,914,1680,N/A,ENABLED,53,914,1680,N/A,ENABLED,44,711,1400,N/A,ENABLED,44,711,1400,N/A,ENABLED,44,711,1400,N/A,ENABLED,44,711,1400,N/A,ENABLED,N/A,75,76
1744595492,0,751,N/A,N/A,N/A,N/A,ENABLED,1840,500,2100,DISABLED,DISABLED,1820,500,2100,DISABLED,DISABLED,1857,500,2100,DISABLED,DISABLED,1846,500,2100,DISABLED,DISABLED,1860,500,2100,DISABLED,DISABLED,1845,500,2100,DISABLED,DISABLED,1849,500,2100,DISABLED,DISABLED,1838,500,2100,DISABLED,DISABLED,1500,900,1500,N/A,DISABLED,53,914,1680,N/A,ENABLED,53,914,1680,N/A,ENABLED,53,914,1680,N/A,ENABLED,53,914,1680,N/A,ENABLED,44,711,1400,N/A,ENABLED,44,711,1400,N/A,ENABLED,44,711,1400,N/A,ENABLED,44,711,1400,N/A,ENABLED,N/A,75,76
1744595494,0,748,N/A,N/A,N/A,N/A,ENABLED,1835,500,2100,DISABLED,DISABLED,1815,500,2100,DISABLED,DISABLED,1853,500,2100,DISABLED,DISABLED,1842,500,2100,DISABLED,DISABLED,1854,500,2100,DISABLED,DISABLED,1840,500,2100,DISABLED,DISABLED,1844,500,2100,DISABLED,DISABLED,1832,500,2100,DISABLED,DISABLED,1500,900,1500,N/A,DISABLED,53,914,1680,N/A,ENABLED,53,914,1680,N/A,ENABLED,53,914,1680,N/A,ENABLED,53,914,1680,N/A,ENABLED,44,711,1400,N/A,ENABLED,44,711,1400,N/A,ENABLED,44,711,1400,N/A,ENABLED,44,711,1400,N/A,ENABLED,N/A,75,76
1744595495,0,750,N/A,N/A,N/A,N/A,ENABLED,1834,500,2100,DISABLED,DISABLED,1813,500,2100,DISABLED,DISABLED,1852,500,2100,DISABLED,DISABLED,1842,500,2100,DISABLED,DISABLED,1854,500,2100,DISABLED,DISABLED,1839,500,2100,DISABLED,DISABLED,1844,500,2100,DISABLED,DISABLED,1831,500,2100,DISABLED,DISABLED,1500,900,1500,N/A,DISABLED,53,914,1680,N/A,ENABLED,53,914,1680,N/A,ENABLED,53,914,1680,N/A,ENABLED,53,914,1680,N/A,ENABLED,44,711,1400,N/A,ENABLED,44,711,1400,N/A,ENABLED,44,711,1400,N/A,ENABLED,44,711,1400,N/A,ENABLED,N/A,75,76
1744595496,0,750,N/A,N/A,N/A,N/A,ENABLED,1834,500,2100,DISABLED,DISABLED,1813,500,2100,DISABLED,DISABLED,1852,500,2100,DISABLED,DISABLED,1842,500,2100,DISABLED,DISABLED,1852,500,2100,DISABLED,DISABLED,1839,500,2100,DISABLED,DISABLED,1842,500,2100,DISABLED,DISABLED,1831,500,2100,DISABLED,DISABLED,1500,900,1500,N/A,DISABLED,53,914,1680,N/A,ENABLED,53,914,1680,N/A,ENABLED,53,914,1680,N/A,ENABLED,53,914,1680,N/A,ENABLED,44,711,1400,N/A,ENABLED,44,711,1400,N/A,ENABLED,44,711,1400,N/A,ENABLED,44,711,1400,N/A,ENABLED,N/A,75,77
1744595497,0,751,N/A,N/A,N/A,N/A,ENABLED,1838,500,2100,DISABLED,DISABLED,1818,500,2100,DISABLED,DISABLED,1856,500,2100,DISABLED,DISABLED,1844,500,2100,DISABLED,DISABLED,1858,500,2100,DISABLED,DISABLED,1843,500,2100,DISABLED,DISABLED,1847,500,2100,DISABLED,DISABLED,1835,500,2100,DISABLED,DISABLED,1500,900,1500,N/A,DISABLED,53,914,1680,N/A,ENABLED,53,914,1680,N/A,ENABLED,53,914,1680,N/A,ENABLED,53,914,1680,N/A,ENABLED,44,711,1400,N/A,ENABLED,44,711,1400,N/A,ENABLED,44,711,1400,N/A,ENABLED,44,711,1400,N/A,ENABLED,N/A,76,77
1744595498,0,751,N/A,N/A,N/A,N/A,ENABLED,1837,500,2100,DISABLED,DISABLED,1816,500,2100,DISABLED,DISABLED,1855,500,2100,DISABLED,DISABLED,1842,500,2100,DISABLED,DISABLED,1855,500,2100,DISABLED,DISABLED,1842,500,2100,DISABLED,DISABLED,1845,500,2100,DISABLED,DISABLED,1833,500,2100,DISABLED,DISABLED,1500,900,1500,N/A,DISABLED,53,914,1680,N/A,ENABLED,53,914,1680,N/A,ENABLED,53,914,1680,N/A,ENABLED,53,914,1680,N/A,ENABLED,44,711,1400,N/A,ENABLED,44,711,1400,N/A,ENABLED,44,711,1400,N/A,ENABLED,44,711,1400,N/A,ENABLED,N/A,76,76
1744595499,0,752,N/A,N/A,N/A,N/A,ENABLED,1836,500,2100,DISABLED,DISABLED,1816,500,2100,DISABLED,DISABLED,1854,500,2100,DISABLED,DISABLED,1842,500,2100,DISABLED,DISABLED,1856,500,2100,DISABLED,DISABLED,1842,500,2100,DISABLED,DISABLED,1844,500,2100,DISABLED,DISABLED,1832,500,2100,DISABLED,DISABLED,1500,900,1500,N/A,DISABLED,53,914,1680,N/A,ENABLED,53,914,1680,N/A,ENABLED,53,914,1680,N/A,ENABLED,53,914,1680,N/A,ENABLED,44,711,1400,N/A,ENABLED,44,711,1400,N/A,ENABLED,44,711,1400,N/A,ENABLED,44,711,1400,N/A,ENABLED,N/A,76,77
1744595501,0,750,N/A,N/A,N/A,N/A,ENABLED,1838,500,2100,DISABLED,DISABLED,1818,500,2100,DISABLED,DISABLED,1855,500,2100,DISABLED,DISABLED,1843,500,2100,DISABLED,DISABLED,1858,500,2100,DISABLED,DISABLED,1843,500,2100,DISABLED,DISABLED,1847,500,2100,DISABLED,DISABLED,1834,500,2100,DISABLED,DISABLED,1500,900,1500,N/A,DISABLED,53,914,1680,N/A,ENABLED,53,914,1680,N/A,ENABLED,53,914,1680,N/A,ENABLED,53,914,1680,N/A,ENABLED,44,711,1400,N/A,ENABLED,44,711,1400,N/A,ENABLED,44,711,1400,N/A,ENABLED,44,711,1400,N/A,ENABLED,N/A,76,77
1744595502,0,751,N/A,N/A,N/A,N/A,ENABLED,1838,500,2100,DISABLED,DISABLED,1817,500,2100,DISABLED,DISABLED,1856,500,2100,DISABLED,DISABLED,1844,500,2100,DISABLED,DISABLED,1857,500,2100,DISABLED,DISABLED,1843,500,2100,DISABLED,DISABLED,1847,500,2100,DISABLED,DISABLED,1835,500,2100,DISABLED,DISABLED,1500,900,1500,N/A,DISABLED,53,914,1680,N/A,ENABLED,53,914,1680,N/A,ENABLED,53,914,1680,N/A,ENABLED,53,914,1680,N/A,ENABLED,44,711,1400,N/A,ENABLED,44,711,1400,N/A,ENABLED,44,711,1400,N/A,ENABLED,44,711,1400,N/A,ENABLED,N/A,76,77
1744595503,0,751,N/A,N/A,N/A,N/A,ENABLED,1840,500,2100,DISABLED,DISABLED,1820,500,2100,DISABLED,DISABLED,1859,500,2100,DISABLED,DISABLED,1847,500,2100,DISABLED,DISABLED,1860,500,2100,DISABLED,DISABLED,1845,500,2100,DISABLED,DISABLED,1850,500,2100,DISABLED,DISABLED,1837,500,2100,DISABLED,DISABLED,1500,900,1500,N/A,DISABLED,53,914,1680,N/A,ENABLED,53,914,1680,N/A,ENABLED,53,914,1680,N/A,ENABLED,53,914,1680,N/A,ENABLED,44,711,1400,N/A,ENABLED,44,711,1400,N/A,ENABLED,44,711,1400,N/A,ENABLED,44,711,1400,N/A,ENABLED,N/A,76,77
1744595504,0,749,N/A,N/A,N/A,N/A,ENABLED,1833,500,2100,DISABLED,DISABLED,1811,500,2100,DISABLED,DISABLED,1851,500,2100,DISABLED,DISABLED,1838,500,2100,DISABLED,DISABLED,1852,500,2100,DISABLED,DISABLED,1837,500,2100,DISABLED,DISABLED,1842,500,2100,DISABLED,DISABLED,1829,500,2100,DISABLED,DISABLED,1500,900,1500,N/A,DISABLED,53,914,1680,N/A,ENABLED,53,914,1680,N/A,ENABLED,53,914,1680,N/A,ENABLED,53,914,1680,N/A,ENABLED,44,711,1400,N/A,ENABLED,44,711,1400,N/A,ENABLED,44,711,1400,N/A,ENABLED,44,711,1400,N/A,ENABLED,N/A,76,77
1744595505,0,749,N/A,N/A,N/A,N/A,ENABLED,1836,500,2100,DISABLED,DISABLED,1815,500,2100,DISABLED,DISABLED,1854,500,2100,DISABLED,DISABLED,1843,500,2100,DISABLED,DISABLED,1856,500,2100,DISABLED,DISABLED,1840,500,2100,DISABLED,DISABLED,1845,500,2100,DISABLED,DISABLED,1833,500,2100,DISABLED,DISABLED,1500,900,1500,N/A,DISABLED,53,914,1680,N/A,ENABLED,53,914,1680,N/A,ENABLED,53,914,1680,N/A,ENABLED,53,914,1680,N/A,ENABLED,44,711,1400,N/A,ENABLED,44,711,1400,N/A,ENABLED,44,711,1400,N/A,ENABLED,44,711,1400,N/A,ENABLED,N/A,76,77
1744595507,0,751,N/A,N/A,N/A,N/A,ENABLED,1835,500,2100,DISABLED,DISABLED,1815,500,2100,DISABLED,DISABLED,1853,500,2100,DISABLED,DISABLED,1841,500,2100,DISABLED,DISABLED,1854,500,2100,DISABLED,DISABLED,1839,500,2100,DISABLED,DISABLED,1843,500,2100,DISABLED,DISABLED,1831,500,2100,DISABLED,DISABLED,1500,900,1500,N/A,DISABLED,53,914,1680,N/A,ENABLED,53,914,1680,N/A,ENABLED,53,914,1680,N/A,ENABLED,53,914,1680,N/A,ENABLED,44,711,1400,N/A,ENABLED,44,711,1400,N/A,ENABLED,44,711,1400,N/A,ENABLED,44,711,1400,N/A,ENABLED,N/A,76,77
1744595508,0,751,N/A,N/A,N/A,N/A,ENABLED,1838,500,2100,DISABLED,DISABLED,1817,500,2100,DISABLED,DISABLED,1855,500,2100,DISABLED,DISABLED,1844,500,2100,DISABLED,DISABLED,1856,500,2100,DISABLED,DISABLED,1842,500,2100,DISABLED,DISABLED,1846,500,2100,DISABLED,DISABLED,1834,500,2100,DISABLED,DISABLED,1500,900,1500,N/A,DISABLED,53,914,1680,N/A,ENABLED,53,914,1680,N/A,ENABLED,53,914,1680,N/A,ENABLED,53,914,1680,N/A,ENABLED,44,711,1400,N/A,ENABLED,44,711,1400,N/A,ENABLED,44,711,1400,N/A,ENABLED,44,711,1400,N/A,ENABLED,N/A,76,77
1744595509,0,748,N/A,N/A,N/A,N/A,ENABLED,1835,500,2100,DISABLED,DISABLED,1814,500,2100,DISABLED,DISABLED,1851,500,2100,DISABLED,DISABLED,1841,500,2100,DISABLED,DISABLED,1853,500,2100,DISABLED,DISABLED,1838,500,2100,DISABLED,DISABLED,1844,500,2100,DISABLED,DISABLED,1831,500,2100,DISABLED,DISABLED,1500,900,1500,N/A,DISABLED,53,914,1680,N/A,ENABLED,53,914,1680,N/A,ENABLED,53,914,1680,N/A,ENABLED,53,914,1680,N/A,ENABLED,44,711,1400,N/A,ENABLED,44,711,1400,N/A,ENABLED,44,711,1400,N/A,ENABLED,44,711,1400,N/A,ENABLED,N/A,76,77
1744595510,0,751,N/A,N/A,N/A,N/A,ENABLED,1834,500,2100,DISABLED,DISABLED,1812,500,2100,DISABLED,DISABLED,1850,500,2100,DISABLED,DISABLED,1839,500,2100,DISABLED,DISABLED,1852,500,2100,DISABLED,DISABLED,1837,500,2100,DISABLED,DISABLED,1842,500,2100,DISABLED,DISABLED,1829,500,2100,DISABLED,DISABLED,1500,900,1500,N/A,DISABLED,53,914,1680,N/A,ENABLED,53,914,1680,N/A,ENABLED,53,914,1680,N/A,ENABLED,53,914,1680,N/A,ENABLED,44,711,1400,N/A,ENABLED,44,711,1400,N/A,ENABLED,44,711,1400,N/A,ENABLED,44,711,1400,N/A,ENABLED,N/A,76,77
1744595511,0,751,N/A,N/A,N/A,N/A,ENABLED,1835,500,2100,DISABLED,DISABLED,1814,500,2100,DISABLED,DISABLED,1852,500,2100,DISABLED,DISABLED,1842,500,2100,DISABLED,DISABLED,1855,500,2100,DISABLED,DISABLED,1839,500,2100,DISABLED,DISABLED,1843,500,2100,DISABLED,DISABLED,1831,500,2100,DISABLED,DISABLED,1500,900,1500,N/A,DISABLED,53,914,1680,N/A,ENABLED,53,914,1680,N/A,ENABLED,53,914,1680,N/A,ENABLED,53,914,1680,N/A,ENABLED,44,711,1400,N/A,ENABLED,44,711,1400,N/A,ENABLED,44,711,1400,N/A,ENABLED,44,711,1400,N/A,ENABLED,N/A,76,77
1744595512,0,748,N/A,N/A,N/A,N/A,ENABLED,1831,500,2100,DISABLED,DISABLED,1810,500,2100,DISABLED,DISABLED,1848,500,2100,DISABLED,DISABLED,1837,500,2100,DISABLED,DISABLED,1849,500,2100,DISABLED,DISABLED,1835,500,2100,DISABLED,DISABLED,1839,500,2100,DISABLED,DISABLED,1827,500,2100,DISABLED,DISABLED,1500,900,1500,N/A,DISABLED,53,914,1680,N/A,ENABLED,53,914,1680,N/A,ENABLED,53,914,1680,N/A,ENABLED,53,914,1680,N/A,ENABLED,44,711,1400,N/A,ENABLED,44,711,1400,N/A,ENABLED,44,711,1400,N/A,ENABLED,44,711,1400,N/A,ENABLED,N/A,76,77
1744595514,0,748,N/A,N/A,N/A,N/A,ENABLED,1833,500,2100,DISABLED,DISABLED,1812,500,2100,DISABLED,DISABLED,1850,500,2100,DISABLED,DISABLED,1840,500,2100,DISABLED,DISABLED,1853,500,2100,DISABLED,DISABLED,1837,500,2100,DISABLED,DISABLED,1841,500,2100,DISABLED,DISABLED,1830,500,2100,DISABLED,DISABLED,1500,900,1500,N/A,DISABLED,53,914,1680,N/A,ENABLED,53,914,1680,N/A,ENABLED,53,914,1680,N/A,ENABLED,53,914,1680,N/A,ENABLED,44,711,1400,N/A,ENABLED,44,711,1400,N/A,ENABLED,44,711,1400,N/A,ENABLED,44,711,1400,N/A,ENABLED,N/A,76,77
1744595515,0,750,N/A,N/A,N/A,N/A,ENABLED,1837,500,2100,DISABLED,DISABLED,1815,500,2100,DISABLED,DISABLED,1854,500,2100,DISABLED,DISABLED,1843,500,2100,DISABLED,DISABLED,1857,500,2100,DISABLED,DISABLED,1842,500,2100,DISABLED,DISABLED,1847,500,2100,DISABLED,DISABLED,1835,500,2100,DISABLED,DISABLED,1500,900,1500,N/A,DISABLED,53,914,1680,N/A,ENABLED,53,914,1680,N/A,ENABLED,53,914,1680,N/A,ENABLED,53,914,1680,N/A,ENABLED,44,711,1400,N/A,ENABLED,44,711,1400,N/A,ENABLED,44,711,1400,N/A,ENABLED,44,711,1400,N/A,ENABLED,N/A,76,77
1744595516,0,750,N/A,N/A,N/A,N/A,ENABLED,1834,500,2100,DISABLED,DISABLED,1813,500,2100,DISABLED,DISABLED,1850,500,2100,DISABLED,DISABLED,1841,500,2100,DISABLED,DISABLED,1854,500,2100,DISABLED,DISABLED,1838,500,2100,DISABLED,DISABLED,1842,500,2100,DISABLED,DISABLED,1830,500,2100,DISABLED,DISABLED,1500,900,1500,N/A,DISABLED,53,914,1680,N/A,ENABLED,53,914,1680,N/A,ENABLED,53,914,1680,N/A,ENABLED,53,914,1680,N/A,ENABLED,44,711,1400,N/A,ENABLED,44,711,1400,N/A,ENABLED,44,711,1400,N/A,ENABLED,44,711,1400,N/A,ENABLED,N/A,76,77
1744595517,0,749,N/A,N/A,N/A,N/A,ENABLED,1831,500,2100,DISABLED,DISABLED,1810,500,2100,DISABLED,DISABLED,1848,500,2100,DISABLED,DISABLED,1838,500,2100,DISABLED,DISABLED,1850,500,2100,DISABLED,DISABLED,1834,500,2100,DISABLED,DISABLED,1839,500,2100,DISABLED,DISABLED,1827,500,2100,DISABLED,DISABLED,1500,900,1500,N/A,DISABLED,53,914,1680,N/A,ENABLED,53,914,1680,N/A,ENABLED,53,914,1680,N/A,ENABLED,53,914,1680,N/A,ENABLED,44,711,1400,N/A,ENABLED,44,711,1400,N/A,ENABLED,44,711,1400,N/A,ENABLED,44,711,1400,N/A,ENABLED,N/A,76,77
1744595518,0,752,N/A,N/A,N/A,N/A,ENABLED,1836,500,2100,DISABLED,DISABLED,1815,500,2100,DISABLED,DISABLED,1853,500,2100,DISABLED,DISABLED,1843,500,2100,DISABLED,DISABLED,1856,500,2100,DISABLED,DISABLED,1841,500,2100,DISABLED,DISABLED,1844,500,2100,DISABLED,DISABLED,1833,500,2100,DISABLED,DISABLED,1500,900,1500,N/A,DISABLED,53,914,1680,N/A,ENABLED,53,914,1680,N/A,ENABLED,53,914,1680,N/A,ENABLED,53,914,1680,N/A,ENABLED,44,711,1400,N/A,ENABLED,44,711,1400,N/A,ENABLED,44,711,1400,N/A,ENABLED,44,711,1400,N/A,ENABLED,N/A,76,77
1744595519,0,749,N/A,N/A,N/A,N/A,ENABLED,1833,500,2100,DISABLED,DISABLED,1812,500,2100,DISABLED,DISABLED,1850,500,2100,DISABLED,DISABLED,1839,500,2100,DISABLED,DISABLED,1853,500,2100,DISABLED,DISABLED,1836,500,2100,DISABLED,DISABLED,1841,500,2100,DISABLED,DISABLED,1828,500,2100,DISABLED,DISABLED,1500,900,1500,N/A,DISABLED,53,914,1680,N/A,ENABLED,53,914,1680,N/A,ENABLED,53,914,1680,N/A,ENABLED,53,914,1680,N/A,ENABLED,44,711,1400,N/A,ENABLED,44,711,1400,N/A,ENABLED,44,711,1400,N/A,ENABLED,44,711,1400,N/A,ENABLED,N/A,76,77
1744595521,0,748,N/A,N/A,N/A,N/A,ENABLED,1834,500,2100,DISABLED,DISABLED,1812,500,2100,DISABLED,DISABLED,1851,500,2100,DISABLED,DISABLED,1839,500,2100,DISABLED,DISABLED,1854,500,2100,DISABLED,DISABLED,1838,500,2100,DISABLED,DISABLED,1842,500,2100,DISABLED,DISABLED,1830,500,2100,DISABLED,DISABLED,1500,900,1500,N/A,DISABLED,53,914,1680,N/A,ENABLED,53,914,1680,N/A,ENABLED,53,914,1680,N/A,ENABLED,53,914,1680,N/A,ENABLED,44,711,1400,N/A,ENABLED,44,711,1400,N/A,ENABLED,44,711,1400,N/A,ENABLED,44,711,1400,N/A,ENABLED,N/A,76,77
1744595522,0,751,N/A,N/A,N/A,N/A,ENABLED,1834,500,2100,DISABLED,DISABLED,1814,500,2100,DISABLED,DISABLED,1851,500,2100,DISABLED,DISABLED,1841,500,2100,DISABLED,DISABLED,1855,500,2100,DISABLED,DISABLED,1840,500,2100,DISABLED,DISABLED,1844,500,2100,DISABLED,DISABLED,1832,500,2100,DISABLED,DISABLED,1500,900,1500,N/A,DISABLED,53,914,1680,N/A,ENABLED,53,914,1680,N/A,ENABLED,53,914,1680,N/A,ENABLED,53,914,1680,N/A,ENABLED,44,711,1400,N/A,ENABLED,44,711,1400,N/A,ENABLED,44,711,1400,N/A,ENABLED,44,711,1400,N/A,ENABLED,N/A,76,77
1744595523,0,748,N/A,N/A,N/A,N/A,ENABLED,1831,500,2100,DISABLED,DISABLED,1811,500,2100,DISABLED,DISABLED,1849,500,2100,DISABLED,DISABLED,1839,500,2100,DISABLED,DISABLED,1851,500,2100,DISABLED,DISABLED,1838,500,2100,DISABLED,DISABLED,1841,500,2100,DISABLED,DISABLED,1830,500,2100,DISABLED,DISABLED,1500,900,1500,N/A,DISABLED,53,914,1680,N/A,ENABLED,53,914,1680,N/A,ENABLED,53,914,1680,N/A,ENABLED,53,914,1680,N/A,ENABLED,44,711,1400,N/A,ENABLED,44,711,1400,N/A,ENABLED,44,711,1400,N/A,ENABLED,44,711,1400,N/A,ENABLED,N/A,76,77
1744595524,0,750,N/A,N/A,N/A,N/A,ENABLED,1835,500,2100,DISABLED,DISABLED,1818,500,2100,DISABLED,DISABLED,1853,500,2100,DISABLED,DISABLED,1842,500,2100,DISABLED,DISABLED,1854,500,2100,DISABLED,DISABLED,1838,500,2100,DISABLED,DISABLED,1843,500,2100,DISABLED,DISABLED,1831,500,2100,DISABLED,DISABLED,1500,900,1500,N/A,DISABLED,53,914,1680,N/A,ENABLED,53,914,1680,N/A,ENABLED,53,914,1680,N/A,ENABLED,53,914,1680,N/A,ENABLED,44,711,1400,N/A,ENABLED,44,711,1400,N/A,ENABLED,44,711,1400,N/A,ENABLED,44,711,1400,N/A,ENABLED,N/A,76,77
1744595525,0,750,N/A,N/A,N/A,N/A,ENABLED,1840,500,2100,DISABLED,DISABLED,1819,500,2100,DISABLED,DISABLED,1856,500,2100,DISABLED,DISABLED,1845,500,2100,DISABLED,DISABLED,1857,500,2100,DISABLED,DISABLED,1844,500,2100,DISABLED,DISABLED,1848,500,2100,DISABLED,DISABLED,1836,500,2100,DISABLED,DISABLED,1500,900,1500,N/A,DISABLED,53,914,1680,N/A,ENABLED,53,914,1680,N/A,ENABLED,53,914,1680,N/A,ENABLED,53,914,1680,N/A,ENABLED,44,711,1400,N/A,ENABLED,44,711,1400,N/A,ENABLED,44,711,1400,N/A,ENABLED,44,711,1400,N/A,ENABLED,N/A,76,77
1744595527,0,751,N/A,N/A,N/A,N/A,ENABLED,1838,500,2100,DISABLED,DISABLED,1818,500,2100,DISABLED,DISABLED,1857,500,2100,DISABLED,DISABLED,1845,500,2100,DISABLED,DISABLED,1858,500,2100,DISABLED,DISABLED,1843,500,2100,DISABLED,DISABLED,1847,500,2100,DISABLED,DISABLED,1836,500,2100,DISABLED,DISABLED,1500,900,1500,N/A,DISABLED,53,914,1680,N/A,ENABLED,53,914,1680,N/A,ENABLED,53,914,1680,N/A,ENABLED,53,914,1680,N/A,ENABLED,44,711,1400,N/A,ENABLED,44,711,1400,N/A,ENABLED,44,711,1400,N/A,ENABLED,44,711,1400,N/A,ENABLED,N/A,76,77
1744595528,0,749,N/A,N/A,N/A,N/A,ENABLED,1838,500,2100,DISABLED,DISABLED,1818,500,2100,DISABLED,DISABLED,1856,500,2100,DISABLED,DISABLED,1844,500,2100,DISABLED,DISABLED,1858,500,2100,DISABLED,DISABLED,1843,500,2100,DISABLED,DISABLED,1847,500,2100,DISABLED,DISABLED,1835,500,2100,DISABLED,DISABLED,1500,900,1500,N/A,DISABLED,53,914,1680,N/A,ENABLED,53,914,1680,N/A,ENABLED,53,914,1680,N/A,ENABLED,53,914,1680,N/A,ENABLED,44,711,1400,N/A,ENABLED,44,711,1400,N/A,ENABLED,44,711,1400,N/A,ENABLED,44,711,1400,N/A,ENABLED,N/A,76,77
1744595529,0,750,N/A,N/A,N/A,N/A,ENABLED,1837,500,2100,DISABLED,DISABLED,1816,500,2100,DISABLED,DISABLED,1855,500,2100,DISABLED,DISABLED,1842,500,2100,DISABLED,DISABLED,1856,500,2100,DISABLED,DISABLED,1841,500,2100,DISABLED,DISABLED,1845,500,2100,DISABLED,DISABLED,1834,500,2100,DISABLED,DISABLED,1500,900,1500,N/A,DISABLED,53,914,1680,N/A,ENABLED,53,914,1680,N/A,ENABLED,53,914,1680,N/A,ENABLED,53,914,1680,N/A,ENABLED,44,711,1400,N/A,ENABLED,44,711,1400,N/A,ENABLED,44,711,1400,N/A,ENABLED,44,711,1400,N/A,ENABLED,N/A,76,77
1744595530,0,749,N/A,N/A,N/A,N/A,ENABLED,1836,500,2100,DISABLED,DISABLED,1815,500,2100,DISABLED,DISABLED,1854,500,2100,DISABLED,DISABLED,1843,500,2100,DISABLED,DISABLED,1856,500,2100,DISABLED,DISABLED,1840,500,2100,DISABLED,DISABLED,1845,500,2100,DISABLED,DISABLED,1833,500,2100,DISABLED,DISABLED,1500,900,1500,N/A,DISABLED,53,914,1680,N/A,ENABLED,53,914,1680,N/A,ENABLED,53,914,1680,N/A,ENABLED,53,914,1680,N/A,ENABLED,44,711,1400,N/A,ENABLED,44,711,1400,N/A,ENABLED,44,711,1400,N/A,ENABLED,44,711,1400,N/A,ENABLED,N/A,76,77
1744595531,0,749,N/A,N/A,N/A,N/A,ENABLED,1832,500,2100,DISABLED,DISABLED,1812,500,2100,DISABLED,DISABLED,1850,500,2100,DISABLED,DISABLED,1840,500,2100,DISABLED,DISABLED,1853,500,2100,DISABLED,DISABLED,1837,500,2100,DISABLED,DISABLED,1841,500,2100,DISABLED,DISABLED,1830,500,2100,DISABLED,DISABLED,1500,900,1500,N/A,DISABLED,53,914,1680,N/A,ENABLED,53,914,1680,N/A,ENABLED,53,914,1680,N/A,ENABLED,53,914,1680,N/A,ENABLED,44,711,1400,N/A,ENABLED,44,711,1400,N/A,ENABLED,44,711,1400,N/A,ENABLED,44,711,1400,N/A,ENABLED,N/A,75,77
1744595532,0,751,N/A,N/A,N/A,N/A,ENABLED,1838,500,2100,DISABLED,DISABLED,1817,500,2100,DISABLED,DISABLED,1856,500,2100,DISABLED,DISABLED,1844,500,2100,DISABLED,DISABLED,1859,500,2100,DISABLED,DISABLED,1842,500,2100,DISABLED,DISABLED,1846,500,2100,DISABLED,DISABLED,1836,500,2100,DISABLED,DISABLED,1500,900,1500,N/A,DISABLED,53,914,1680,N/A,ENABLED,53,914,1680,N/A,ENABLED,53,914,1680,N/A,ENABLED,53,914,1680,N/A,ENABLED,44,711,1400,N/A,ENABLED,44,711,1400,N/A,ENABLED,44,711,1400,N/A,ENABLED,44,711,1400,N/A,ENABLED,N/A,76,76
1744595534,0,750,N/A,N/A,N/A,N/A,ENABLED,1837,500,2100,DISABLED,DISABLED,1818,500,2100,DISABLED,DISABLED,1855,500,2100,DISABLED,DISABLED,1845,500,2100,DISABLED,DISABLED,1858,500,2100,DISABLED,DISABLED,1842,500,2100,DISABLED,DISABLED,1847,500,2100,DISABLED,DISABLED,1835,500,2100,DISABLED,DISABLED,1500,900,1500,N/A,DISABLED,53,914,1680,N/A,ENABLED,53,914,1680,N/A,ENABLED,53,914,1680,N/A,ENABLED,53,914,1680,N/A,ENABLED,44,711,1400,N/A,ENABLED,44,711,1400,N/A,ENABLED,44,711,1400,N/A,ENABLED,44,711,1400,N/A,ENABLED,N/A,76,77
1744595535,0,751,N/A,N/A,N/A,N/A,ENABLED,1838,500,2100,DISABLED,DISABLED,1818,500,2100,DISABLED,DISABLED,1856,500,2100,DISABLED,DISABLED,1846,500,2100,DISABLED,DISABLED,1857,500,2100,DISABLED,DISABLED,1842,500,2100,DISABLED,DISABLED,1846,500,2100,DISABLED,DISABLED,1835,500,2100,DISABLED,DISABLED,1500,900,1500,N/A,DISABLED,53,914,1680,N/A,ENABLED,53,914,1680,N/A,ENABLED,53,914,1680,N/A,ENABLED,53,914,1680,N/A,ENABLED,44,711,1400,N/A,ENABLED,44,711,1400,N/A,ENABLED,44,711,1400,N/A,ENABLED,44,711,1400,N/A,ENABLED,N/A,76,77
1744595536,0,749,N/A,N/A,N/A,N/A,ENABLED,1836,500,2100,DISABLED,DISABLED,1816,500,2100,DISABLED,DISABLED,1854,500,2100,DISABLED,DISABLED,1842,500,2100,DISABLED,DISABLED,1856,500,2100,DISABLED,DISABLED,1841,500,2100,DISABLED,DISABLED,1845,500,2100,DISABLED,DISABLED,1834,500,2100,DISABLED,DISABLED,1500,900,1500,N/A,DISABLED,53,914,1680,N/A,ENABLED,53,914,1680,N/A,ENABLED,53,914,1680,N/A,ENABLED,53,914,1680,N/A,ENABLED,44,711,1400,N/A,ENABLED,44,711,1400,N/A,ENABLED,44,711,1400,N/A,ENABLED,44,711,1400,N/A,ENABLED,N/A,75,77
1744595537,0,751,N/A,N/A,N/A,N/A,ENABLED,1839,500,2100,DISABLED,DISABLED,1819,500,2100,DISABLED,DISABLED,1857,500,2100,DISABLED,DISABLED,1846,500,2100,DISABLED,DISABLED,1858,500,2100,DISABLED,DISABLED,1843,500,2100,DISABLED,DISABLED,1848,500,2100,DISABLED,DISABLED,1837,500,2100,DISABLED,DISABLED,1500,900,1500,N/A,DISABLED,53,914,1680,N/A,ENABLED,53,914,1680,N/A,ENABLED,53,914,1680,N/A,ENABLED,53,914,1680,N/A,ENABLED,44,711,1400,N/A,ENABLED,44,711,1400,N/A,ENABLED,44,711,1400,N/A,ENABLED,44,711,1400,N/A,ENABLED,N/A,76,77
1744595538,0,749,N/A,N/A,N/A,N/A,ENABLED,1832,500,2100,DISABLED,DISABLED,1810,500,2100,DISABLED,DISABLED,1850,500,2100,DISABLED,DISABLED,1838,500,2100,DISABLED,DISABLED,1851,500,2100,DISABLED,DISABLED,1836,500,2100,DISABLED,DISABLED,1840,500,2100,DISABLED,DISABLED,1828,500,2100,DISABLED,DISABLED,1500,900,1500,N/A,DISABLED,53,914,1680,N/A,ENABLED,53,914,1680,N/A,ENABLED,53,914,1680,N/A,ENABLED,53,914,1680,N/A,ENABLED,44,711,1400,N/A,ENABLED,44,711,1400,N/A,ENABLED,44,711,1400,N/A,ENABLED,44,711,1400,N/A,ENABLED,N/A,76,76
1744595539,0,750,N/A,N/A,N/A,N/A,ENABLED,1835,500,2100,DISABLED,DISABLED,1815,500,2100,DISABLED,DISABLED,1853,500,2100,DISABLED,DISABLED,1841,500,2100,DISABLED,DISABLED,1855,500,2100,DISABLED,DISABLED,1840,500,2100,DISABLED,DISABLED,1844,500,2100,DISABLED,DISABLED,1832,500,2100,DISABLED,DISABLED,1500,900,1500,N/A,DISABLED,53,914,1680,N/A,ENABLED,53,914,1680,N/A,ENABLED,53,914,1680,N/A,ENABLED,53,914,1680,N/A,ENABLED,44,711,1400,N/A,ENABLED,44,711,1400,N/A,ENABLED,44,711,1400,N/A,ENABLED,44,711,1400,N/A,ENABLED,N/A,76,77
1744595541,0,751,N/A,N/A,N/A,N/A,ENABLED,1837,500,2100,DISABLED,DISABLED,1817,500,2100,DISABLED,DISABLED,1855,500,2100,DISABLED,DISABLED,1844,500,2100,DISABLED,DISABLED,1857,500,2100,DISABLED,DISABLED,1841,500,2100,DISABLED,DISABLED,1847,500,2100,DISABLED,DISABLED,1834,500,2100,DISABLED,DISABLED,1500,900,1500,N/A,DISABLED,53,914,1680,N/A,ENABLED,53,914,1680,N/A,ENABLED,53,914,1680,N/A,ENABLED,53,914,1680,N/A,ENABLED,44,711,1400,N/A,ENABLED,44,711,1400,N/A,ENABLED,44,711,1400,N/A,ENABLED,44,711,1400,N/A,ENABLED,N/A,76,77
1744595542,0,749,N/A,N/A,N/A,N/A,ENABLED,1832,500,2100,DISABLED,DISABLED,1812,500,2100,DISABLED,DISABLED,1850,500,2100,DISABLED,DISABLED,1839,500,2100,DISABLED,DISABLED,1852,500,2100,DISABLED,DISABLED,1836,500,2100,DISABLED,DISABLED,1841,500,2100,DISABLED,DISABLED,1830,500,2100,DISABLED,DISABLED,1500,900,1500,N/A,DISABLED,53,914,1680,N/A,ENABLED,53,914,1680,N/A,ENABLED,53,914,1680,N/A,ENABLED,53,914,1680,N/A,ENABLED,44,711,1400,N/A,ENABLED,44,711,1400,N/A,ENABLED,44,711,1400,N/A,ENABLED,44,711,1400,N/A,ENABLED,N/A,76,77
1744595543,0,749,N/A,N/A,N/A,N/A,ENABLED,1832,500,2100,DISABLED,DISABLED,1811,500,2100,DISABLED,DISABLED,1849,500,2100,DISABLED,DISABLED,1838,500,2100,DISABLED,DISABLED,1851,500,2100,DISABLED,DISABLED,1835,500,2100,DISABLED,DISABLED,1841,500,2100,DISABLED,DISABLED,1829,500,2100,DISABLED,DISABLED,1500,900,1500,N/A,DISABLED,53,914,1680,N/A,ENABLED,53,914,1680,N/A,ENABLED,53,914,1680,N/A,ENABLED,53,914,1680,N/A,ENABLED,44,711,1400,N/A,ENABLED,44,711,1400,N/A,ENABLED,44,711,1400,N/A,ENABLED,44,711,1400,N/A,ENABLED,N/A,76,77
1744595544,0,750,N/A,N/A,N/A,N/A,ENABLED,1835,500,2100,DISABLED,DISABLED,1814,500,2100,DISABLED,DISABLED,1853,500,2100,DISABLED,DISABLED,1842,500,2100,DISABLED,DISABLED,1855,500,2100,DISABLED,DISABLED,1840,500,2100,DISABLED,DISABLED,1843,500,2100,DISABLED,DISABLED,1833,500,2100,DISABLED,DISABLED,1500,900,1500,N/A,DISABLED,53,914,1680,N/A,ENABLED,53,914,1680,N/A,ENABLED,53,914,1680,N/A,ENABLED,53,914,1680,N/A,ENABLED,44,711,1400,N/A,ENABLED,44,711,1400,N/A,ENABLED,44,711,1400,N/A,ENABLED,44,711,1400,N/A,ENABLED,N/A,76,77
1744595545,0,749,N/A,N/A,N/A,N/A,ENABLED,1832,500,2100,DISABLED,DISABLED,1811,500,2100,DISABLED,DISABLED,1850,500,2100,DISABLED,DISABLED,1839,500,2100,DISABLED,DISABLED,1851,500,2100,DISABLED,DISABLED,1836,500,2100,DISABLED,DISABLED,1840,500,2100,DISABLED,DISABLED,1829,500,2100,DISABLED,DISABLED,1500,900,1500,N/A,DISABLED,53,914,1680,N/A,ENABLED,53,914,1680,N/A,ENABLED,53,914,1680,N/A,ENABLED,53,914,1680,N/A,ENABLED,44,711,1400,N/A,ENABLED,44,711,1400,N/A,ENABLED,44,711,1400,N/A,ENABLED,44,711,1400,N/A,ENABLED,N/A,76,77
1744595547,0,274,N/A,N/A,N/A,N/A,ENABLED,330,330,2100,DISABLED,DISABLED,325,330,2100,DISABLED,DISABLED,328,330,2100,DISABLED,DISABLED,327,330,2100,DISABLED,DISABLED,329,330,2100,DISABLED,DISABLED,328,330,2100,DISABLED,DISABLED,328,330,2100,DISABLED,DISABLED,328,330,2100,DISABLED,DISABLED,1500,900,1500,N/A,DISABLED,53,914,1680,N/A,ENABLED,53,914,1680,N/A,ENABLED,53,914,1680,N/A,ENABLED,53,914,1680,N/A,ENABLED,44,711,1400,N/A,ENABLED,44,711,1400,N/A,ENABLED,44,711,1400,N/A,ENABLED,44,711,1400,N/A,ENABLED,N/A,74,68
1744595548,0,147,N/A,N/A,N/A,N/A,ENABLED,132,500,2100,DISABLED,ENABLED,131,500,2100,DISABLED,ENABLED,131,500,2100,DISABLED,ENABLED,132,500,2100,DISABLED,ENABLED,131,500,2100,DISABLED,ENABLED,132,500,2100,DISABLED,ENABLED,131,500,2100,DISABLED,ENABLED,132,500,2100,DISABLED,ENABLED,900,900,1500,N/A,DISABLED,29,914,1680,N/A,ENABLED,29,914,1680,N/A,ENABLED,29,914,1680,N/A,ENABLED,29,914,1680,N/A,ENABLED,22,711,1400,N/A,ENABLED,22,711,1400,N/A,ENABLED,22,711,1400,N/A,ENABLED,22,711,1400,N/A,ENABLED,N/A,68,64
1744595549,0,145,N/A,N/A,N/A,N/A,ENABLED,132,500,2100,DISABLED,ENABLED,131,500,2100,DISABLED,ENABLED,131,500,2100,DISABLED,ENABLED,132,500,2100,DISABLED,ENABLED,132,500,2100,DISABLED,ENABLED,132,500,2100,DISABLED,ENABLED,131,500,2100,DISABLED,ENABLED,132,500,2100,DISABLED,ENABLED,900,900,1500,N/A,DISABLED,29,914,1680,N/A,ENABLED,29,914,1680,N/A,ENABLED,29,914,1680,N/A,ENABLED,29,914,1680,N/A,ENABLED,22,711,1400,N/A,ENABLED,22,711,1400,N/A,ENABLED,22,711,1400,N/A,ENABLED,22,711,1400,N/A,ENABLED,N/A,65,63
1744595550,0,144,N/A,N/A,N/A,N/A,ENABLED,132,500,2100,DISABLED,ENABLED,131,500,2100,DISABLED,ENABLED,131,500,2100,DISABLED,ENABLED,132,500,2100,DISABLED,ENABLED,131,500,2100,DISABLED,ENABLED,132,500,2100,DISABLED,ENABLED,131,500,2100,DISABLED,ENABLED,132,500,2100,DISABLED,ENABLED,900,900,1500,N/A,DISABLED,29,914,1680,N/A,ENABLED,29,914,1680,N/A,ENABLED,29,914,1680,N/A,ENABLED,29,914,1680,N/A,ENABLED,22,711,1400,N/A,ENABLED,22,711,1400,N/A,ENABLED,22,711,1400,N/A,ENABLED,22,711,1400,N/A,ENABLED,N/A,63,62
1744595551,0,144,N/A,N/A,N/A,N/A,ENABLED,132,500,2100,DISABLED,ENABLED,131,500,2100,DISABLED,ENABLED,131,500,2100,DISABLED,ENABLED,132,500,2100,DISABLED,ENABLED,132,500,2100,DISABLED,ENABLED,132,500,2100,DISABLED,ENABLED,131,500,2100,DISABLED,ENABLED,132,500,2100,DISABLED,ENABLED,900,900,1500,N/A,DISABLED,29,914,1680,N/A,ENABLED,29,914,1680,N/A,ENABLED,29,914,1680,N/A,ENABLED,29,914,1680,N/A,ENABLED,22,711,1400,N/A,ENABLED,22,711,1400,N/A,ENABLED,22,711,1400,N/A,ENABLED,22,711,1400,N/A,ENABLED,N/A,62,62
1744595552,0,143,N/A,N/A,N/A,N/A,ENABLED,132,500,2100,DISABLED,ENABLED,131,500,2100,DISABLED,ENABLED,131,500,2100,DISABLED,ENABLED,132,500,2100,DISABLED,ENABLED,132,500,2100,DISABLED,ENABLED,132,500,2100,DISABLED,ENABLED,131,500,2100,DISABLED,ENABLED,132,500,2100,DISABLED,ENABLED,900,900,1500,N/A,DISABLED,29,914,1680,N/A,ENABLED,29,914,1680,N/A,ENABLED,29,914,1680,N/A,ENABLED,29,914,1680,N/A,ENABLED,22,711,1400,N/A,ENABLED,22,711,1400,N/A,ENABLED,22,711,1400,N/A,ENABLED,22,711,1400,N/A,ENABLED,N/A,62,61
1744595554,0,140,N/A,N/A,N/A,N/A,ENABLED,132,500,2100,DISABLED,ENABLED,131,500,2100,DISABLED,ENABLED,131,500,2100,DISABLED,ENABLED,132,500,2100,DISABLED,ENABLED,132,500,2100,DISABLED,ENABLED,132,500,2100,DISABLED,ENABLED,131,500,2100,DISABLED,ENABLED,132,500,2100,DISABLED,ENABLED,900,900,1500,N/A,DISABLED,29,914,1680,N/A,ENABLED,29,914,1680,N/A,ENABLED,29,914,1680,N/A,ENABLED,29,914,1680,N/A,ENABLED,22,711,1400,N/A,ENABLED,22,711,1400,N/A,ENABLED,22,711,1400,N/A,ENABLED,22,711,1400,N/A,ENABLED,N/A,61,60
1744595555,0,141,N/A,N/A,N/A,N/A,ENABLED,132,500,2100,DISABLED,ENABLED,131,500,2100,DISABLED,ENABLED,131,500,2100,DISABLED,ENABLED,132,500,2100,DISABLED,ENABLED,132,500,2100,DISABLED,ENABLED,132,500,2100,DISABLED,ENABLED,131,500,2100,DISABLED,ENABLED,132,500,2100,DISABLED,ENABLED,900,900,1500,N/A,DISABLED,29,914,1680,N/A,ENABLED,29,914,1680,N/A,ENABLED,29,914,1680,N/A,ENABLED,29,914,1680,N/A,ENABLED,22,711,1400,N/A,ENABLED,22,711,1400,N/A,ENABLED,22,711,1400,N/A,ENABLED,22,711,1400,N/A,ENABLED,N/A,61,60
1744595556,0,140,N/A,N/A,N/A,N/A,ENABLED,132,500,2100,DISABLED,ENABLED,131,500,2100,DISABLED,ENABLED,131,500,2100,DISABLED,ENABLED,132,500,2100,DISABLED,ENABLED,132,500,2100,DISABLED,ENABLED,132,500,2100,DISABLED,ENABLED,131,500,2100,DISABLED,ENABLED,132,500,2100,DISABLED,ENABLED,900,900,1500,N/A,DISABLED,29,914,1680,N/A,ENABLED,29,914,1680,N/A,ENABLED,29,914,1680,N/A,ENABLED,29,914,1680,N/A,ENABLED,22,711,1400,N/A,ENABLED,22,711,1400,N/A,ENABLED,22,711,1400,N/A,ENABLED,22,711,1400,N/A,ENABLED,N/A,60,60
