Timestamp,gpu0r0,gpu0w0,gpu0r1,gpu0w1,gpu0r2,gpu0w2,gpu0r3,gpu0w3,gpu0r4,gpu0w4,gpu0r5,gpu0w5,gpu0r6,gpu0w6,gpu0r7,gpu0w7,gpu1r0,gpu1w0,gpu1r1,gpu1w1,gpu1r2,gpu1w2,gpu1r3,gpu1w3,gpu1r4,gpu1w4,gpu1r5,gpu1w5,gpu1r6,gpu1w6,gpu1r7,gpu1w7,gpu2r0,gpu2w0,gpu2r1,gpu2w1,gpu2r2,gpu2w2,gpu2r3,gpu2w3,gpu2r4,gpu2w4,gpu2r5,gpu2w5,gpu2r6,gpu2w6,gpu2r7,gpu2w7,gpu3r0,gpu3w0,gpu3r1,gpu3w1,gpu3r2,gpu3w2,gpu3r3,gpu3w3,gpu3r4,gpu3w4,gpu3r5,gpu3w5,gpu3r6,gpu3w6,gpu3r7,gpu3w7,gpu4r0,gpu4w0,gpu4r1,gpu4w1,gpu4r2,gpu4w2,gpu4r3,gpu4w3,gpu4r4,gpu4w4,gpu4r5,gpu4w5,gpu4r6,gpu4w6,gpu4r7,gpu4w7,gpu5r0,gpu5w0,gpu5r1,gpu5w1,gpu5r2,gpu5w2,gpu5r3,gpu5w3,gpu5r4,gpu5w4,gpu5r5,gpu5w5,gpu5r6,gpu5w6,gpu5r7,gpu5w7,gpu6r0,gpu6w0,gpu6r1,gpu6w1,gpu6r2,gpu6w2,gpu6r3,gpu6w3,gpu6r4,gpu6w4,gpu6r5,gpu6w5,gpu6r6,gpu6w6,gpu6r7,gpu6w7,gpu7r0,gpu7w0,gpu7r1,gpu7w1,gpu7r2,gpu7w2,gpu7r3,gpu7w3,gpu7r4,gpu7w4,gpu7r5,gpu7w5,gpu7r6,gpu7w6,gpu7r7,gpu7w7
1755317246,N/A,N/A,2216841338,2227693719,376578024,385326895,9217263314,9215149141,796382122,801745452,8650894509,8671848042,156429726,156322222,15343116626,15336100386",0,0,N/A,N/A,483142823,483224553,9030092735,9029201274,91497020,91604332,158554675,159035857,9539149310,9439705866,15344229603,15360078492",0,0,2036079790,2071226842,N/A,N/A,476719457,477507115,158377543,157855118,11349088597,11341101468,8671848042,8650895870,8879122499,8889505153",0,0,2228388845,2217603978,711591911,697045811,N/A,N/A,164031247,164099595,9527793603,9451042580,11341076341,11349133668,10203683274,10200950915",0,0,8412941709,8420840434,697059258,711597195,9215365188,9217529776,N/A,N/A,159078273,158745128,1548151908,1552472727,10027529023,10017986361",0,0,8529124233,8531729312,91257679,91298808,9029301251,9030153430,164099602,164031273,N/A,N/A,156322206,156429735,10018048180,10027612951",0,0,8422748621,8415217006,385326894,376578024,158309193,157787757,91603870,91496419,1560435273,1588344082,N/A,N/A,8870338158,8887673590",0,0,8531820163,8529088662,483224540,483142822,477508114,476721735,801731934,796356549,10001400147,10006121923,1552472727,1548151908,N/A,N/A"
1755317247,N/A,N/A,2216841338,2227693719,376578024,385326895,9217263314,9215149141,796382122,801745452,8650894509,8671848042,156429726,156322222,15343116626,15336100386",0,0,N/A,N/A,483142823,483224553,9030092735,9029201274,91497020,91604332,158554675,159035857,9539149310,9439705866,15344229603,15360078492",0,0,2036079790,2071226842,N/A,N/A,476719457,477507115,158377543,157855118,11349088597,11341101468,8671848042,8650895870,8879122499,8889505153",0,0,2228388845,2217603978,711591911,697045811,N/A,N/A,164031247,164099595,9527793603,9451042580,11341076341,11349133668,10203683274,10200950915",0,0,8412941709,8420840434,697059258,711597195,9215365188,9217529776,N/A,N/A,159078273,158745128,1548151908,1552472727,10027529023,10017986361",0,0,8529124233,8531729312,91257679,91298808,9029301251,9030153430,164099602,164031273,N/A,N/A,156322206,156429735,10018048180,10027612951",0,0,8422748621,8415217006,385326894,376578024,158309193,157787757,91603870,91496419,1560435273,1588344082,N/A,N/A,8870338158,8887673590",0,0,8531820163,8529088662,483224540,483142822,477508114,476721735,801731934,796356549,10001400147,10006121923,1552472727,1548151908,N/A,N/A"
1755317249,N/A,N/A,2216841338,2227693719,376578024,385326895,9217263314,9215149141,796382122,801745452,8650894509,8671848042,156429726,156322222,15343116626,15336100386",0,0,N/A,N/A,483142823,483224553,9030092735,9029201274,91497020,91604332,158554675,159035857,9539149310,9439705866,15344229603,15360078492",0,0,2036079790,2071226842,N/A,N/A,476719457,477507115,158377543,157855118,11349088597,11341101468,8671848042,8650895870,8879122499,8889505153",0,0,2228388845,2217603978,711591911,697045811,N/A,N/A,164031247,164099595,9527793603,9451042580,11341076341,11349133668,10203683274,10200950915",0,0,8412941709,8420840434,697059258,711597195,9215365188,9217529776,N/A,N/A,159078273,158745128,1548151908,1552472727,10027529023,10017986361",0,0,8529124233,8531729312,91257679,91298808,9029301251,9030153430,164099602,164031273,N/A,N/A,156322206,156429735,10018048180,10027612951",0,0,8422748621,8415217006,385326894,376578024,158309193,157787757,91603870,91496419,1560435273,1588344082,N/A,N/A,8870338158,8887673590",0,0,8531820163,8529088662,483224540,483142822,477508114,476721735,801731934,796356549,10001400147,10006121923,1552472727,1548151908,N/A,N/A"
1755317250,N/A,N/A,2216841338,2227693719,376578024,385326895,9217263314,9215149141,796382122,801745452,8650894509,8671848042,156429726,156322222,15343116626,15336100386",0,0,N/A,N/A,483142823,483224553,9030092735,9029201274,91497020,91604332,158554675,159035857,9539149310,9439705866,15344229603,15360078492",0,0,2036079790,2071226842,N/A,N/A,476719457,477507115,158377543,157855118,11349088597,11341101468,8671848042,8650895870,8879122499,8889505153",0,0,2228388845,2217603978,711591911,697045811,N/A,N/A,164031247,164099595,9527793603,9451042580,11341076341,11349133668,10203683274,10200950915",0,0,8412941709,8420840434,697059258,711597195,9215365188,9217529776,N/A,N/A,159078273,158745128,1548151908,1552472727,10027529023,10017986361",0,0,8529124233,8531729312,91257679,91298808,9029301251,9030153430,164099602,164031273,N/A,N/A,156322206,156429735,10018048180,10027612951",0,0,8422748621,8415217006,385326894,376578024,158309193,157787757,91603870,91496419,1560435273,1588344082,N/A,N/A,8870338158,8887673590",0,0,8531820163,8529088662,483224540,483142822,477508114,476721735,801731934,796356549,10001400147,10006121923,1552472727,1548151908,N/A,N/A"
1755317251,N/A,N/A,2216841338,2227693719,376578024,385326895,9217263314,9215149141,796382122,801745452,8650894509,8671848042,156429726,156322222,15343116626,15336100386",0,0,N/A,N/A,483142823,483224553,9030092735,9029201274,91497020,91604332,158554675,159035857,9539149310,9439705866,15344229603,15360078492",0,0,2036079790,2071226842,N/A,N/A,476719457,477507115,158377543,157855118,11349088597,11341101468,8671848042,8650895870,8879122499,8889505153",0,0,2228388845,2217603978,711591911,697045811,N/A,N/A,164031247,164099595,9527793603,9451042580,11341076341,11349133668,10203683274,10200950915",0,0,8412941709,8420840434,697059258,711597195,9215365188,9217529776,N/A,N/A,159078273,158745128,1548151908,1552472727,10027529023,10017986361",0,0,8529124233,8531729312,91257679,91298808,9029301251,9030153430,164099602,164031273,N/A,N/A,156322206,156429735,10018048180,10027612951",0,0,8422748621,8415217006,385326894,376578024,158309193,157787757,91603870,91496419,1560435273,1588344082,N/A,N/A,8870338158,8887673590",0,0,8531820163,8529088662,483224540,483142822,477508114,476721735,801731934,796356549,10001400147,10006121923,1552472727,1548151908,N/A,N/A"
1755317253,N/A,N/A,2216841338,2227693719,376578024,385326895,9217263314,9215149141,796382122,801745452,8650894509,8671848042,156429726,156322222,15343116626,15336100386",0,0,N/A,N/A,483142823,483224553,9030092735,9029201274,91497020,91604332,158554675,159035857,9539149310,9439705866,15344229603,15360078492",0,0,2036079790,2071226842,N/A,N/A,476719457,477507115,158377543,157855118,11349088597,11341101468,8671848042,8650895870,8879122499,8889505153",0,0,2228388845,2217603978,711591911,697045811,N/A,N/A,164031247,164099595,9527793603,9451042580,11341076341,11349133668,10203683274,10200950915",0,0,8412941709,8420840434,697059258,711597195,9215365188,9217529776,N/A,N/A,159078273,158745128,1548151908,1552472727,10027529023,10017986361",0,0,8529124233,8531729312,91257679,91298808,9029301251,9030153430,164099602,164031273,N/A,N/A,156322206,156429735,10018048180,10027612951",0,0,8422748621,8415217006,385326894,376578024,158309193,157787757,91603870,91496419,1560435273,1588344082,N/A,N/A,8870338158,8887673590",0,0,8531820163,8529088662,483224540,483142822,477508114,476721735,801731934,796356549,10001400147,10006121923,1552472727,1548151908,N/A,N/A"
1755317254,N/A,N/A,2216841338,2227693719,376578024,385326895,9217263314,9215149141,796382122,801745452,8650894509,8671848042,156429726,156322222,15343116626,15336100386",0,0,N/A,N/A,483142823,483224553,9030092735,9029201274,91497020,91604332,158554675,159035857,9539149310,9439705866,15344229603,15360078492",0,0,2036079790,2071226842,N/A,N/A,476719457,477507115,158377543,157855118,11349088597,11341101468,8671848042,8650895870,8879122499,8889505153",0,0,2228388845,2217603978,711591911,697045811,N/A,N/A,164031247,164099595,9527793603,9451042580,11341076341,11349133668,10203683274,10200950915",0,0,8412941709,8420840434,697059258,711597195,9215365188,9217529776,N/A,N/A,159078273,158745128,1548151908,1552472727,10027529023,10017986361",0,0,8529124233,8531729312,91257679,91298808,9029301251,9030153430,164099602,164031273,N/A,N/A,156322206,156429735,10018048180,10027612951",0,0,8422748621,8415217006,385326894,376578024,158309193,157787757,91603870,91496419,1560435273,1588344082,N/A,N/A,8870338158,8887673590",0,0,8531820163,8529088662,483224540,483142822,477508114,476721735,801731934,796356549,10001400147,10006121923,1552472727,1548151908,N/A,N/A"
1755317256,N/A,N/A,2216841338,2227693719,376578024,385326895,9217263314,9215149141,796382122,801745452,8650894509,8671848042,156429726,156322222,15343116626,15336100386",0,0,N/A,N/A,483142823,483224553,9030092735,9029201274,91497020,91604332,158554675,159035857,9539149310,9439705866,15344229603,15360078492",0,0,2036079790,2071226842,N/A,N/A,476719457,477507115,158377543,157855118,11349088597,11341101468,8671848042,8650895870,8879122499,8889505153",0,0,2228388845,2217603978,711591911,697045811,N/A,N/A,164031247,164099595,9527793603,9451042580,11341076341,11349133668,10203683274,10200950915",0,0,8412941709,8420840434,697059258,711597195,9215365188,9217529776,N/A,N/A,159078273,158745128,1548151908,1552472727,10027529023,10017986361",0,0,8529124233,8531729312,91257679,91298808,9029301251,9030153430,164099602,164031273,N/A,N/A,156322206,156429735,10018048180,10027612951",0,0,8422748621,8415217006,385326894,376578024,158309193,157787757,91603870,91496419,1560435273,1588344082,N/A,N/A,8870338158,8887673590",0,0,8531820163,8529088662,483224540,483142822,477508114,476721735,801731934,796356549,10001400147,10006121923,1552472727,1548151908,N/A,N/A"
1755317257,N/A,N/A,2216841338,2227693719,376578024,385326895,9217263314,9215149141,796382122,801745452,8650894509,8671848042,156429726,156322222,15343116626,15336100386",0,0,N/A,N/A,483142823,483224553,9030092735,9029201274,91497020,91604332,158554675,159035857,9539149310,9439705866,15344229603,15360078492",0,0,2036079790,2071226842,N/A,N/A,476719457,477507115,158377543,157855118,11349088597,11341101468,8671848042,8650895870,8879122499,8889505153",0,0,2228388845,2217603978,711591911,697045811,N/A,N/A,164031247,164099595,9527793603,9451042580,11341076341,11349133668,10203683274,10200950915",0,0,8412941709,8420840434,697059258,711597195,9215365188,9217529776,N/A,N/A,159078273,158745128,1548151908,1552472727,10027529023,10017986361",0,0,8529124233,8531729312,91257679,91298808,9029301251,9030153430,164099602,164031273,N/A,N/A,156322206,156429735,10018048180,10027612951",0,0,8422748621,8415217006,385326894,376578024,158309193,157787757,91603870,91496419,1560435273,1588344082,N/A,N/A,8870338158,8887673590",0,0,8531820163,8529088662,483224540,483142822,477508114,476721735,801731934,796356549,10001400147,10006121923,1552472727,1548151908,N/A,N/A"
1755317259,N/A,N/A,2216841338,2227693719,376578024,385326895,9217263314,9215149141,796382122,801745452,8650894509,8671848042,156429726,156322222,15343116626,15336100386",0,0,N/A,N/A,483142823,483224553,9030092735,9029201274,91497020,91604332,158554675,159035857,9539149310,9439705866,15344229603,15360078492",0,0,2036079790,2071226842,N/A,N/A,476719457,477507115,158377543,157855118,11349088597,11341101468,8671848042,8650895870,8879122499,8889505153",0,0,2228388845,2217603978,711591911,697045811,N/A,N/A,164031247,164099595,9527793603,9451042580,11341076341,11349133668,10203683274,10200950915",0,0,8412941709,8420840434,697059258,711597195,9215365188,9217529776,N/A,N/A,159078273,158745128,1548151908,1552472727,10027529023,10017986361",0,0,8529124233,8531729312,91257679,91298808,9029301251,9030153430,164099602,164031273,N/A,N/A,156322206,156429735,10018048180,10027612951",0,0,8422748621,8415217006,385326894,376578024,158309193,157787757,91603870,91496419,1560435273,1588344082,N/A,N/A,8870338158,8887673590",0,0,8531820163,8529088662,483224540,483142822,477508114,476721735,801731934,796356549,10001400147,10006121923,1552472727,1548151908,N/A,N/A"
1755317260,N/A,N/A,2216841338,2227693719,376578024,385326895,9217263314,9215149141,796382122,801745452,8650894509,8671848042,156429726,156322222,15343687937,15336672920",0,0,N/A,N/A,483142823,483224553,9030092735,9029201274,91497020,91604332,158554675,159035857,9539149310,9439705866,15344822303,15360673627",0,0,2036079790,2071226842,N/A,N/A,476719457,477507115,158377543,157855118,11349088597,11341101468,8671848042,8650895870,8879122499,8889505153",0,0,2228388845,2217603978,711591911,697045811,N/A,N/A,164031247,164099595,9527793603,9451042580,11341076341,11349133668,10203683274,10200950915",0,0,8412941709,8420840434,697059258,711597195,9215365188,9217529776,N/A,N/A,159078273,158745128,1548151908,1552472727,10027529023,10017986361",0,0,8529124233,8531729312,91257679,91298808,9029301251,9030153430,164099602,164031273,N/A,N/A,156322206,156429735,10018048180,10027612951",0,0,8422748621,8415217006,385326894,376578024,158309193,157787757,91603870,91496419,1560435273,1588344082,N/A,N/A,8870338158,8887673590",0,0,8531820163,8529088662,483224540,483142822,477508114,476721735,801731934,796356549,10001400147,10006121923,1552472727,1548151908,N/A,N/A"
1755317262,N/A,N/A,2216841338,2227693719,376578024,385326895,9217263314,9215149141,796382122,801745452,8650894509,8671848042,156429726,156322222,15346739415,15339726860",0,0,N/A,N/A,483142823,483224553,9030092735,9029201274,91497020,91604332,158554675,159035857,9539149310,9439705866,15347876099,15363723148",0,0,2036079790,2071226842,N/A,N/A,476719457,477507115,158377543,157855118,11349088597,11341101468,8671848042,8650895870,8879122499,8889505153",0,0,2228388845,2217603978,711591911,697045811,N/A,N/A,164031247,164099595,9527793603,9451042580,11341076341,11349133668,10203683274,10200950915",0,0,8412941709,8420840434,697059258,711597195,9215365188,9217529776,N/A,N/A,159078273,158745128,1548151908,1552472727,10027529023,10017986361",0,0,8529124233,8531729312,91257679,91298808,9029301251,9030153430,164099602,164031273,N/A,N/A,156322206,156429735,10018048180,10027612951",0,0,8422748621,8415217006,385326894,376578024,158309193,157787757,91603870,91496419,1560435273,1588344082,N/A,N/A,8870338158,8887673590",0,0,8531820163,8529088662,483224540,483142822,477508114,476721735,801731934,796356549,10001400147,10006121923,1552472727,1548151908,N/A,N/A"
1755317263,N/A,N/A,2216841338,2227693719,376578024,385326895,9217263314,9215149141,796382122,801745452,8650894509,8671848042,156429726,156322222,15350097441,15343087087",0,0,N/A,N/A,483142823,483224553,9030092735,9029201274,91497020,91604332,158554675,159035857,9539149310,9439705866,15351241883,15367088410",0,0,2036079790,2071226842,N/A,N/A,476719457,477507115,158377543,157855118,11349088597,11341101468,8671848042,8650895870,8879122499,8889505153",0,0,2228388845,2217603978,711591911,697045811,N/A,N/A,164031247,164099595,9527793603,9451042580,11341076341,11349133668,10203683274,10200950915",0,0,8412941709,8420840434,697059258,711597195,9215365188,9217529776,N/A,N/A,159078273,158745128,1548151908,1552472727,10027529023,10017986361",0,0,8529124233,8531729312,91257679,91298808,9029301251,9030153430,164099602,164031273,N/A,N/A,156322206,156429735,10018048180,10027612951",0,0,8422748621,8415217006,385326894,376578024,158309193,157787757,91603870,91496419,1560435273,1588344082,N/A,N/A,8870338158,8887673590",0,0,8531820163,8529088662,483224540,483142822,477508114,476721735,801731934,796356549,10001400147,10006121923,1552472727,1548151908,N/A,N/A"
1755317265,N/A,N/A,2216841338,2227693719,376578024,385326895,9217263314,9215149141,796382122,801745452,8650894509,8671848042,156429726,156322222,15353433624,15346423273",0,0,N/A,N/A,483142823,483224553,9030092735,9029201274,91497020,91604332,158554675,159035857,9539149310,9439705866,15354572615,15370421054",0,0,2036079790,2071226842,N/A,N/A,476719457,477507115,158377543,157855118,11349088597,11341101468,8671848042,8650895870,8879122499,8889505153",0,0,2228388845,2217603978,711591911,697045811,N/A,N/A,164031247,164099595,9527793603,9451042580,11341076341,11349133668,10203683274,10200950915",0,0,8412941709,8420840434,697059258,711597195,9215365188,9217529776,N/A,N/A,159078273,158745128,1548151908,1552472727,10027529023,10017986361",0,0,8529124233,8531729312,91257679,91298808,9029301251,9030153430,164099602,164031273,N/A,N/A,156322206,156429735,10018048180,10027612951",0,0,8422748621,8415217006,385326894,376578024,158309193,157787757,91603870,91496419,1560435273,1588344082,N/A,N/A,8870338158,8887673590",0,0,8531820163,8529088662,483224540,483142822,477508114,476721735,801731934,796356549,10001400147,10006121923,1552472727,1548151908,N/A,N/A"
1755317266,N/A,N/A,2216841338,2227693719,376578024,385326895,9217263314,9215149141,796382122,801745452,8650894509,8671848042,156429726,156322222,15356710750,15349699686",0,0,N/A,N/A,483142823,483224553,9030092735,9029201274,91497020,91604332,158554675,159035857,9539149310,9439705866,15357852551,15373698072",0,0,2036079790,2071226842,N/A,N/A,476719457,477507115,158377543,157855118,11349088597,11341101468,8671848042,8650895870,8879122499,8889505153",0,0,2228388845,2217603978,711591911,697045811,N/A,N/A,164031247,164099595,9527793603,9451042580,11341076341,11349133668,10203683274,10200950915",0,0,8412941709,8420840434,697059258,711597195,9215365188,9217529776,N/A,N/A,159078273,158745128,1548151908,1552472727,10027529023,10017986361",0,0,8529124233,8531729312,91257679,91298808,9029301251,9030153430,164099602,164031273,N/A,N/A,156322206,156429735,10018048180,10027612951",0,0,8422748621,8415217006,385326894,376578024,158309193,157787757,91603870,91496419,1560435273,1588344082,N/A,N/A,8870338158,8887673590",0,0,8531820163,8529088662,483224540,483142822,477508114,476721735,801731934,796356549,10001400147,10006121923,1552472727,1548151908,N/A,N/A"
1755317268,N/A,N/A,2216841338,2227693719,376578024,385326895,9217263314,9215149141,796382122,801745452,8650894509,8671848042,156429726,156322222,15360032930,15353022285",0,0,N/A,N/A,483142823,483224553,9030092735,9029201274,91497020,91604332,158554675,159035857,9539149310,9439705866,15361171461,15377018337",0,0,2036079790,2071226842,N/A,N/A,476719457,477507115,158377543,157855118,11349088597,11341101468,8671848042,8650895870,8879122499,8889505153",0,0,2228388845,2217603978,711591911,697045811,N/A,N/A,164031247,164099595,9527793603,9451042580,11341076341,11349133668,10203683274,10200950915",0,0,8412941709,8420840434,697059258,711597195,9215365188,9217529776,N/A,N/A,159078273,158745128,1548151908,1552472727,10027529023,10017986361",0,0,8529124233,8531729312,91257679,91298808,9029301251,9030153430,164099602,164031273,N/A,N/A,156322206,156429735,10018048180,10027612951",0,0,8422748621,8415217006,385326894,376578024,158309193,157787757,91603870,91496419,1560435273,1588344082,N/A,N/A,8870338158,8887673590",0,0,8531820163,8529088662,483224540,483142822,477508114,476721735,801731934,796356549,10001400147,10006121923,1552472727,1548151908,N/A,N/A"
1755317269,N/A,N/A,2216841338,2227693719,376578024,385326895,9217263314,9215149141,796382122,801745452,8650894509,8671848042,156429726,156322222,15363193734,15356187033",0,0,N/A,N/A,483142823,483224553,9030092735,9029201274,91497020,91604332,158554675,159035857,9539149310,9439705866,15364338074,15380181463",0,0,2036079790,2071226842,N/A,N/A,476719457,477507115,158377543,157855118,11349088597,11341101468,8671848042,8650895870,8879122499,8889505153",0,0,2228388845,2217603978,711591911,697045811,N/A,N/A,164031247,164099595,9527793603,9451042580,11341076341,11349133668,10203683274,10200950915",0,0,8412941709,8420840434,697059258,711597195,9215365188,9217529776,N/A,N/A,159078273,158745128,1548151908,1552472727,10027529023,10017986361",0,0,8529124233,8531729312,91257679,91298808,9029301251,9030153430,164099602,164031273,N/A,N/A,156322206,156429735,10018048180,10027612951",0,0,8422748621,8415217006,385326894,376578024,158309193,157787757,91603870,91496419,1560435273,1588344082,N/A,N/A,8870338158,8887673590",0,0,8531820163,8529088662,483224540,483142822,477508114,476721735,801731934,796356549,10001400147,10006121923,1552472727,1548151908,N/A,N/A"
1755317271,N/A,N/A,2216841338,2227693719,376578024,385326895,9217263314,9215149141,796382122,801745452,8650894509,8671848042,156429726,156322222,15366529395,15359524272",0,0,N/A,N/A,483142823,483224553,9030092735,9029201274,91497020,91604332,158554675,159035857,9539149310,9439705866,15367677076,15383517114",0,0,2036079790,2071226842,N/A,N/A,476719457,477507115,158377543,157855118,11349088597,11341101468,8671848042,8650895870,8879122499,8889505153",0,0,2228388845,2217603978,711591911,697045811,N/A,N/A,164031247,164099595,9527793603,9451042580,11341076341,11349133668,10203683274,10200950915",0,0,8412941709,8420840434,697059258,711597195,9215365188,9217529776,N/A,N/A,159078273,158745128,1548151908,1552472727,10027529023,10017986361",0,0,8529124233,8531729312,91257679,91298808,9029301251,9030153430,164099602,164031273,N/A,N/A,156322206,156429735,10018048180,10027612951",0,0,8422748621,8415217006,385326894,376578024,158309193,157787757,91603870,91496419,1560435273,1588344082,N/A,N/A,8870338158,8887673590",0,0,8531820163,8529088662,483224540,483142822,477508114,476721735,801731934,796356549,10001400147,10006121923,1552472727,1548151908,N/A,N/A"
1755317272,N/A,N/A,2216841338,2227693719,376578024,385326895,9217263314,9215149141,796382122,801745452,8650894509,8671848042,156429726,156322222,15369684665,15362682644",0,0,N/A,N/A,483142823,483224553,9030092735,9029201274,91497020,91604332,158554675,159035857,9539149310,9439705866,15370837524,15386676346",0,0,2036079790,2071226842,N/A,N/A,476719457,477507115,158377543,157855118,11349088597,11341101468,8671848042,8650895870,8879122499,8889505153",0,0,2228388845,2217603978,711591911,697045811,N/A,N/A,164031247,164099595,9527793603,9451042580,11341076341,11349133668,10203683274,10200950915",0,0,8412941709,8420840434,697059258,711597195,9215365188,9217529776,N/A,N/A,159078273,158745128,1548151908,1552472727,10027529023,10017986361",0,0,8529124233,8531729312,91257679,91298808,9029301251,9030153430,164099602,164031273,N/A,N/A,156322206,156429735,10018048180,10027612951",0,0,8422748621,8415217006,385326894,376578024,158309193,157787757,91603870,91496419,1560435273,1588344082,N/A,N/A,8870338158,8887673590",0,0,8531820163,8529088662,483224540,483142822,477508114,476721735,801731934,796356549,10001400147,10006121923,1552472727,1548151908,N/A,N/A"
1755317273,N/A,N/A,2216841338,2227693719,376578024,385326895,9217263314,9215149141,796382122,801745452,8650894509,8671848042,156429726,156322222,15372932382,15365928449",0,0,N/A,N/A,483142823,483224553,9030092735,9029201274,91497020,91604332,158554675,159035857,9539149310,9439705866,15374079105,15389919748",0,0,2036079790,2071226842,N/A,N/A,476719457,477507115,158377543,157855118,11349088597,11341101468,8671848042,8650895870,8879122499,8889505153",0,0,2228388845,2217603978,711591911,697045811,N/A,N/A,164031247,164099595,9527793603,9451042580,11341076341,11349133668,10203683274,10200950915",0,0,8412941709,8420840434,697059258,711597195,9215365188,9217529776,N/A,N/A,159078273,158745128,1548151908,1552472727,10027529023,10017986361",0,0,8529124233,8531729312,91257679,91298808,9029301251,9030153430,164099602,164031273,N/A,N/A,156322206,156429735,10018048180,10027612951",0,0,8422748621,8415217006,385326894,376578024,158309193,157787757,91603870,91496419,1560435273,1588344082,N/A,N/A,8870338158,8887673590",0,0,8531820163,8529088662,483224540,483142822,477508114,476721735,801731934,796356549,10001400147,10006121923,1552472727,1548151908,N/A,N/A"
1755317275,N/A,N/A,2216841338,2227693719,376578024,385326895,9217263314,9215149141,796382122,801745452,8650894509,8671848042,156429726,156322222,15376233475,15369225851",0,0,N/A,N/A,483142823,483224553,9030092735,9029201274,91497020,91604332,158554675,159035857,9539149310,9439705866,15377376480,15393221001",0,0,2036079790,2071226842,N/A,N/A,476719457,477507115,158377543,157855118,11349088597,11341101468,8671848042,8650895870,8879122499,8889505153",0,0,2228388845,2217603978,711591911,697045811,N/A,N/A,164031247,164099595,9527793603,9451042580,11341076341,11349133668,10203683274,10200950915",0,0,8412941709,8420840434,697059258,711597195,9215365188,9217529776,N/A,N/A,159078273,158745128,1548151908,1552472727,10027529023,10017986361",0,0,8529124233,8531729312,91257679,91298808,9029301251,9030153430,164099602,164031273,N/A,N/A,156322206,156429735,10018048180,10027612951",0,0,8422748621,8415217006,385326894,376578024,158309193,157787757,91603870,91496419,1560435273,1588344082,N/A,N/A,8870338158,8887673590",0,0,8531820163,8529088662,483224540,483142822,477508114,476721735,801731934,796356549,10001400147,10006121923,1552472727,1548151908,N/A,N/A"
1755317276,N/A,N/A,2216841338,2227693719,376578024,385326895,9217263314,9215149141,796382122,801745452,8650894509,8671848042,156429726,156322222,15379635193,15372624477",0,0,N/A,N/A,483142823,483224553,9030092735,9029201274,91497020,91604332,158554675,159035857,9539149310,9439705866,15380775372,15396622416",0,0,2036079790,2071226842,N/A,N/A,476719457,477507115,158377543,157855118,11349088597,11341101468,8671848042,8650895870,8879122499,8889505153",0,0,2228388845,2217603978,711591911,697045811,N/A,N/A,164031247,164099595,9527793603,9451042580,11341076341,11349133668,10203683274,10200950915",0,0,8412941709,8420840434,697059258,711597195,9215365188,9217529776,N/A,N/A,159078273,158745128,1548151908,1552472727,10027529023,10017986361",0,0,8529124233,8531729312,91257679,91298808,9029301251,9030153430,164099602,164031273,N/A,N/A,156322206,156429735,10018048180,10027612951",0,0,8422748621,8415217006,385326894,376578024,158309193,157787757,91603870,91496419,1560435273,1588344082,N/A,N/A,8870338158,8887673590",0,0,8531820163,8529088662,483224540,483142822,477508114,476721735,801731934,796356549,10001400147,10006121923,1552472727,1548151908,N/A,N/A"
1755317278,N/A,N/A,2216841338,2227693719,376578024,385326895,9217263314,9215149141,796382122,801745452,8650894509,8671848042,156429726,156322222,15383057363,15376042850",0,0,N/A,N/A,483142823,483224553,9030092735,9029201274,91497020,91604332,158554675,159035857,9539149310,9439705866,15384193687,15400046398",0,0,2036079790,2071226842,N/A,N/A,476719457,477507115,158377543,157855118,11349088597,11341101468,8671848042,8650895870,8879122499,8889505153",0,0,2228388845,2217603978,711591911,697045811,N/A,N/A,164031247,164099595,9527793603,9451042580,11341076341,11349133668,10203683274,10200950915",0,0,8412941709,8420840434,697059258,711597195,9215365188,9217529776,N/A,N/A,159078273,158745128,1548151908,1552472727,10027529023,10017986361",0,0,8529124233,8531729312,91257679,91298808,9029301251,9030153430,164099602,164031273,N/A,N/A,156322206,156429735,10018048180,10027612951",0,0,8422748621,8415217006,385326894,376578024,158309193,157787757,91603870,91496419,1560435273,1588344082,N/A,N/A,8870338158,8887673590",0,0,8531820163,8529088662,483224540,483142822,477508114,476721735,801731934,796356549,10001400147,10006121923,1552472727,1548151908,N/A,N/A"
1755317279,N/A,N/A,2216841338,2227693719,376578024,385326895,9217263314,9215149141,796382122,801745452,8650894509,8671848042,156429726,156322222,15386459209,15379439787",0,0,N/A,N/A,483142823,483224553,9030092735,9029201274,91497020,91604332,158554675,159035857,9539149310,9439705866,15387594084,15403449849",0,0,2036079790,2071226842,N/A,N/A,476719457,477507115,158377543,157855118,11349088597,11341101468,8671848042,8650895870,8879122499,8889505153",0,0,2228388845,2217603978,711591911,697045811,N/A,N/A,164031247,164099595,9527793603,9451042580,11341076341,11349133668,10203683274,10200950915",0,0,8412941709,8420840434,697059258,711597195,9215365188,9217529776,N/A,N/A,159078273,158745128,1548151908,1552472727,10027529023,10017986361",0,0,8529124233,8531729312,91257679,91298808,9029301251,9030153430,164099602,164031273,N/A,N/A,156322206,156429735,10018048180,10027612951",0,0,8422748621,8415217006,385326894,376578024,158309193,157787757,91603870,91496419,1560435273,1588344082,N/A,N/A,8870338158,8887673590",0,0,8531820163,8529088662,483224540,483142822,477508114,476721735,801731934,796356549,10001400147,10006121923,1552472727,1548151908,N/A,N/A"
1755317281,N/A,N/A,2216841338,2227693719,376578024,385326895,9217263314,9215149141,796382122,801745452,8650894509,8671848042,156429726,156322222,15389793327,15382771508",0,0,N/A,N/A,483142823,483224553,9030092735,9029201274,91497020,91604332,158554675,159035857,9539149310,9439705866,15390925941,15406782187",0,0,2036079790,2071226842,N/A,N/A,476719457,477507115,158377543,157855118,11349088597,11341101468,8671848042,8650895870,8879122499,8889505153",0,0,2228388845,2217603978,711591911,697045811,N/A,N/A,164031247,164099595,9527793603,9451042580,11341076341,11349133668,10203683274,10200950915",0,0,8412941709,8420840434,697059258,711597195,9215365188,9217529776,N/A,N/A,159078273,158745128,1548151908,1552472727,10027529023,10017986361",0,0,8529124233,8531729312,91257679,91298808,9029301251,9030153430,164099602,164031273,N/A,N/A,156322206,156429735,10018048180,10027612951",0,0,8422748621,8415217006,385326894,376578024,158309193,157787757,91603870,91496419,1560435273,1588344082,N/A,N/A,8870338158,8887673590",0,0,8531820163,8529088662,483224540,483142822,477508114,476721735,801731934,796356549,10001400147,10006121923,1552472727,1548151908,N/A,N/A"
1755317282,N/A,N/A,2216841338,2227693719,376578024,385326895,9217263314,9215149141,796382122,801745452,8650894509,8671848042,156429726,156322222,15393080266,15386054209",0,0,N/A,N/A,483142823,483224553,9030092735,9029201274,91497020,91604332,158554675,159035857,9539149310,9439705866,15394206122,15410068545",0,0,2036079790,2071226842,N/A,N/A,476719457,477507115,158377543,157855118,11349088597,11341101468,8671848042,8650895870,8879122499,8889505153",0,0,2228388845,2217603978,711591911,697045811,N/A,N/A,164031247,164099595,9527793603,9451042580,11341076341,11349133668,10203683274,10200950915",0,0,8412941709,8420840434,697059258,711597195,9215365188,9217529776,N/A,N/A,159078273,158745128,1548151908,1552472727,10027529023,10017986361",0,0,8529124233,8531729312,91257679,91298808,9029301251,9030153430,164099602,164031273,N/A,N/A,156322206,156429735,10018048180,10027612951",0,0,8422748621,8415217006,385326894,376578024,158309193,157787757,91603870,91496419,1560435273,1588344082,N/A,N/A,8870338158,8887673590",0,0,8531820163,8529088662,483224540,483142822,477508114,476721735,801731934,796356549,10001400147,10006121923,1552472727,1548151908,N/A,N/A"
1755317284,N/A,N/A,2216841338,2227693719,376578024,385326895,9217263314,9215149141,796382122,801745452,8650894509,8671848042,156429726,156322222,15396485070,15389454794",0,0,N/A,N/A,483142823,483224553,9030092735,9029201274,91497020,91604332,158554675,159035857,9539149310,9439705866,15397603207,15413469858",0,0,2036079790,2071226842,N/A,N/A,476719457,477507115,158377543,157855118,11349088597,11341101468,8671848042,8650895870,8879122499,8889505153",0,0,2228388845,2217603978,711591911,697045811,N/A,N/A,164031247,164099595,9527793603,9451042580,11341076341,11349133668,10203683274,10200950915",0,0,8412941709,8420840434,697059258,711597195,9215365188,9217529776,N/A,N/A,159078273,158745128,1548151908,1552472727,10027529023,10017986361",0,0,8529124233,8531729312,91257679,91298808,9029301251,9030153430,164099602,164031273,N/A,N/A,156322206,156429735,10018048180,10027612951",0,0,8422748621,8415217006,385326894,376578024,158309193,157787757,91603870,91496419,1560435273,1588344082,N/A,N/A,8870338158,8887673590",0,0,8531820163,8529088662,483224540,483142822,477508114,476721735,801731934,796356549,10001400147,10006121923,1552472727,1548151908,N/A,N/A"
1755317285,N/A,N/A,2216841338,2227693719,376578024,385326895,9217263314,9215149141,796382122,801745452,8650894509,8671848042,156429726,156322222,15399839684,15392804333",0,0,N/A,N/A,483142823,483224553,9030092735,9029201274,91497020,91604332,158554675,159035857,9539149310,9439705866,15400953433,15416822598",0,0,2036079790,2071226842,N/A,N/A,476719457,477507115,158377543,157855118,11349088597,11341101468,8671848042,8650895870,8879122499,8889505153",0,0,2228388845,2217603978,711591911,697045811,N/A,N/A,164031247,164099595,9527793603,9451042580,11341076341,11349133668,10203683274,10200950915",0,0,8412941709,8420840434,697059258,711597195,9215365188,9217529776,N/A,N/A,159078273,158745128,1548151908,1552472727,10027529023,10017986361",0,0,8529124233,8531729312,91257679,91298808,9029301251,9030153430,164099602,164031273,N/A,N/A,156322206,156429735,10018048180,10027612951",0,0,8422748621,8415217006,385326894,376578024,158309193,157787757,91603870,91496419,1560435273,1588344082,N/A,N/A,8870338158,8887673590",0,0,8531820163,8529088662,483224540,483142822,477508114,476721735,801731934,796356549,10001400147,10006121923,1552472727,1548151908,N/A,N/A"
1755317287,N/A,N/A,2216841338,2227693719,376578024,385326895,9217263314,9215149141,796382122,801745452,8650894509,8671848042,156429726,156322222,15403152397,15396116362",0,0,N/A,N/A,483142823,483224553,9030092735,9029201274,91497020,91604332,158554675,159035857,9539149310,9439705866,15404269084,15420142538",0,0,2036079790,2071226842,N/A,N/A,476719457,477507115,158377543,157855118,11349088597,11341101468,8671848042,8650895870,8879122499,8889505153",0,0,2228388845,2217603978,711591911,697045811,N/A,N/A,164031247,164099595,9527793603,9451042580,11341076341,11349133668,10203683274,10200950915",0,0,8412941709,8420840434,697059258,711597195,9215365188,9217529776,N/A,N/A,159078273,158745128,1548151908,1552472727,10027529023,10017986361",0,0,8529124233,8531729312,91257679,91298808,9029301251,9030153430,164099602,164031273,N/A,N/A,156322206,156429735,10018048180,10027612951",0,0,8422748621,8415217006,385326894,376578024,158309193,157787757,91603870,91496419,1560435273,1588344082,N/A,N/A,8870338158,8887673590",0,0,8531820163,8529088662,483224540,483142822,477508114,476721735,801731934,796356549,10001400147,10006121923,1552472727,1548151908,N/A,N/A"
1755317288,N/A,N/A,2216841338,2227693719,376578024,385326895,9217263314,9215149141,796382122,801745452,8650894509,8671848042,156429726,156322222,15406487589,15399447840",0,0,N/A,N/A,483142823,483224553,9030092735,9029201274,91497020,91604332,158554675,159035857,9539149310,9439705866,15407587796,15423461300",0,0,2036079790,2071226842,N/A,N/A,476719457,477507115,158377543,157855118,11349088597,11341101468,8671848042,8650895870,8879122499,8889505153",0,0,2228388845,2217603978,711591911,697045811,N/A,N/A,164031247,164099595,9527793603,9451042580,11341076341,11349133668,10203683274,10200950915",0,0,8412941709,8420840434,697059258,711597195,9215365188,9217529776,N/A,N/A,159078273,158745128,1548151908,1552472727,10027529023,10017986361",0,0,8529124233,8531729312,91257679,91298808,9029301251,9030153430,164099602,164031273,N/A,N/A,156322206,156429735,10018048180,10027612951",0,0,8422748621,8415217006,385326894,376578024,158309193,157787757,91603870,91496419,1560435273,1588344082,N/A,N/A,8870338158,8887673590",0,0,8531820163,8529088662,483224540,483142822,477508114,476721735,801731934,796356549,10001400147,10006121923,1552472727,1548151908,N/A,N/A"
1755317290,N/A,N/A,2216841338,2227693719,376578024,385326895,9217263314,9215149141,796382122,801745452,8650894509,8671848042,156429726,156322222,15409792154,15402749128",0,0,N/A,N/A,483142823,483224553,9030092735,9029201274,91497020,91604332,158554675,159035857,9539149310,9439705866,15410876244,15426751184",0,0,2036079790,2071226842,N/A,N/A,476719457,477507115,158377543,157855118,11349088597,11341101468,8671848042,8650895870,8879122499,8889505153",0,0,2228388845,2217603978,711591911,697045811,N/A,N/A,164031247,164099595,9527793603,9451042580,11341076341,11349133668,10203683274,10200950915",0,0,8412941709,8420840434,697059258,711597195,9215365188,9217529776,N/A,N/A,159078273,158745128,1548151908,1552472727,10027529023,10017986361",0,0,8529124233,8531729312,91257679,91298808,9029301251,9030153430,164099602,164031273,N/A,N/A,156322206,156429735,10018048180,10027612951",0,0,8422748621,8415217006,385326894,376578024,158309193,157787757,91603870,91496419,1560435273,1588344082,N/A,N/A,8870338158,8887673590",0,0,8531820163,8529088662,483224540,483142822,477508114,476721735,801731934,796356549,10001400147,10006121923,1552472727,1548151908,N/A,N/A"
1755317291,N/A,N/A,2216841338,2227693719,376578024,385326895,9217263314,9215149141,796382122,801745452,8650894509,8671848042,156429726,156322222,15413079901,15406038916",0,0,N/A,N/A,483142823,483224553,9030092735,9029201274,91497020,91604332,158554675,159035857,9539149310,9439705866,15414166033,15430038931",0,0,2036079790,2071226842,N/A,N/A,476719457,477507115,158377543,157855118,11349088597,11341101468,8671848042,8650895870,8879122499,8889505153",0,0,2228388845,2217603978,711591911,697045811,N/A,N/A,164031247,164099595,9527793603,9451042580,11341076341,11349133668,10203683274,10200950915",0,0,8412941709,8420840434,697059258,711597195,9215365188,9217529776,N/A,N/A,159078273,158745128,1548151908,1552472727,10027529023,10017986361",0,0,8529124233,8531729312,91257679,91298808,9029301251,9030153430,164099602,164031273,N/A,N/A,156322206,156429735,10018048180,10027612951",0,0,8422748621,8415217006,385326894,376578024,158309193,157787757,91603870,91496419,1560435273,1588344082,N/A,N/A,8870338158,8887673590",0,0,8531820163,8529088662,483224540,483142822,477508114,476721735,801731934,796356549,10001400147,10006121923,1552472727,1548151908,N/A,N/A"
1755317293,N/A,N/A,2216841338,2227693719,376578024,385326895,9217263314,9215149141,796382122,801745452,8650894509,8671848042,156429726,156322222,15416358941,15409316102",0,0,N/A,N/A,483142823,483224553,9030092735,9029201274,91497020,91604332,158554675,159035857,9539149310,9439705866,15417443219,15433317970",0,0,2036079790,2071226842,N/A,N/A,476719457,477507115,158377543,157855118,11349088597,11341101468,8671848042,8650895870,8879122499,8889505153",0,0,2228388845,2217603978,711591911,697045811,N/A,N/A,164031247,164099595,9527793603,9451042580,11341076341,11349133668,10203683274,10200950915",0,0,8412941709,8420840434,697059258,711597195,9215365188,9217529776,N/A,N/A,159078273,158745128,1548151908,1552472727,10027529023,10017986361",0,0,8529124233,8531729312,91257679,91298808,9029301251,9030153430,164099602,164031273,N/A,N/A,156322206,156429735,10018048180,10027612951",0,0,8422748621,8415217006,385326894,376578024,158309193,157787757,91603870,91496419,1560435273,1588344082,N/A,N/A,8870338158,8887673590",0,0,8531820163,8529088662,483224540,483142822,477508114,476721735,801731934,796356549,10001400147,10006121923,1552472727,1548151908,N/A,N/A"
1755317294,N/A,N/A,2216841338,2227693719,376578024,385326895,9217263314,9215149141,796382122,801745452,8650894509,8671848042,156429726,156322222,15419645081,15412599182",0,0,N/A,N/A,483142823,483224553,9030092735,9029201274,91497020,91604332,158554675,159035857,9539149310,9439705866,15420726299,15436604111",0,0,2036079790,2071226842,N/A,N/A,476719457,477507115,158377543,157855118,11349088597,11341101468,8671848042,8650895870,8879122499,8889505153",0,0,2228388845,2217603978,711591911,697045811,N/A,N/A,164031247,164099595,9527793603,9451042580,11341076341,11349133668,10203683274,10200950915",0,0,8412941709,8420840434,697059258,711597195,9215365188,9217529776,N/A,N/A,159078273,158745128,1548151908,1552472727,10027529023,10017986361",0,0,8529124233,8531729312,91257679,91298808,9029301251,9030153430,164099602,164031273,N/A,N/A,156322206,156429735,10018048180,10027612951",0,0,8422748621,8415217006,385326894,376578024,158309193,157787757,91603870,91496419,1560435273,1588344082,N/A,N/A,8870338158,8887673590",0,0,8531820163,8529088662,483224540,483142822,477508114,476721735,801731934,796356549,10001400147,10006121923,1552472727,1548151908,N/A,N/A"
1755317295,N/A,N/A,2216841338,2227693719,376578024,385326895,9217263314,9215149141,796382122,801745452,8650894509,8671848042,156429726,156322222,15422952898,15415901174",0,0,N/A,N/A,483142823,483224553,9030092735,9029201274,91497020,91604332,158554675,159035857,9539149310,9439705866,15424028290,15439911928",0,0,2036079790,2071226842,N/A,N/A,476719457,477507115,158377543,157855118,11349088597,11341101468,8671848042,8650895870,8879122499,8889505153",0,0,2228388845,2217603978,711591911,697045811,N/A,N/A,164031247,164099595,9527793603,9451042580,11341076341,11349133668,10203683274,10200950915",0,0,8412941709,8420840434,697059258,711597195,9215365188,9217529776,N/A,N/A,159078273,158745128,1548151908,1552472727,10027529023,10017986361",0,0,8529124233,8531729312,91257679,91298808,9029301251,9030153430,164099602,164031273,N/A,N/A,156322206,156429735,10018048180,10027612951",0,0,8422748621,8415217006,385326894,376578024,158309193,157787757,91603870,91496419,1560435273,1588344082,N/A,N/A,8870338158,8887673590",0,0,8531820163,8529088662,483224540,483142822,477508114,476721735,801731934,796356549,10001400147,10006121923,1552472727,1548151908,N/A,N/A"
1755317297,N/A,N/A,2216841338,2227693719,376578024,385326895,9217263314,9215149141,796382122,801745452,8650894509,8671848042,156429726,156322222,15426232135,15419175366",0,0,N/A,N/A,483142823,483224553,9030092735,9029201274,91497020,91604332,158554675,159035857,9539149310,9439705866,15427300727,15443189409",0,0,2036079790,2071226842,N/A,N/A,476719457,477507115,158377543,157855118,11349088597,11341101468,8671848042,8650895870,8879122499,8889505153",0,0,2228388845,2217603978,711591911,697045811,N/A,N/A,164031247,164099595,9527793603,9451042580,11341076341,11349133668,10203683274,10200950915",0,0,8412941709,8420840434,697059258,711597195,9215365188,9217529776,N/A,N/A,159078273,158745128,1548151908,1552472727,10027529023,10017986361",0,0,8529124233,8531729312,91257679,91298808,9029301251,9030153430,164099602,164031273,N/A,N/A,156322206,156429735,10018048180,10027612951",0,0,8422748621,8415217006,385326894,376578024,158309193,157787757,91603870,91496419,1560435273,1588344082,N/A,N/A,8870338158,8887673590",0,0,8531820163,8529088662,483224540,483142822,477508114,476721735,801731934,796356549,10001400147,10006121923,1552472727,1548151908,N/A,N/A"
1755317298,N/A,N/A,2216841338,2227693719,376578024,385326895,9217263314,9215149141,796382122,801745452,8650894509,8671848042,156429726,156322222,15429511217,15422450455",0,0,N/A,N/A,483142823,483224553,9030092735,9029201274,91497020,91604332,158554675,159035857,9539149310,9439705866,15430577286,15446468395",0,0,2036079790,2071226842,N/A,N/A,476719457,477507115,158377543,157855118,11349088597,11341101468,8671848042,8650895870,8879122499,8889505153",0,0,2228388845,2217603978,711591911,697045811,N/A,N/A,164031247,164099595,9527793603,9451042580,11341076341,11349133668,10203683274,10200950915",0,0,8412941709,8420840434,697059258,711597195,9215365188,9217529776,N/A,N/A,159078273,158745128,1548151908,1552472727,10027529023,10017986361",0,0,8529124233,8531729312,91257679,91298808,9029301251,9030153430,164099602,164031273,N/A,N/A,156322206,156429735,10018048180,10027612951",0,0,8422748621,8415217006,385326894,376578024,158309193,157787757,91603870,91496419,1560435273,1588344082,N/A,N/A,8870338158,8887673590",0,0,8531820163,8529088662,483224540,483142822,477508114,476721735,801731934,796356549,10001400147,10006121923,1552472727,1548151908,N/A,N/A"
1755317300,N/A,N/A,2216841338,2227693719,376578024,385326895,9217263314,9215149141,796382122,801745452,8650894509,8671848042,156429726,156322222,15432790795,15425727088",0,0,N/A,N/A,483142823,483224553,9030092735,9029201274,91497020,91604332,158554675,159035857,9539149310,9439705866,15433853919,15449747973",0,0,2036079790,2071226842,N/A,N/A,476719457,477507115,158377543,157855118,11349088597,11341101468,8671848042,8650895870,8879122499,8889505153",0,0,2228388845,2217603978,711591911,697045811,N/A,N/A,164031247,164099595,9527793603,9451042580,11341076341,11349133668,10203683274,10200950915",0,0,8412941709,8420840434,697059258,711597195,9215365188,9217529776,N/A,N/A,159078273,158745128,1548151908,1552472727,10027529023,10017986361",0,0,8529124233,8531729312,91257679,91298808,9029301251,9030153430,164099602,164031273,N/A,N/A,156322206,156429735,10018048180,10027612951",0,0,8422748621,8415217006,385326894,376578024,158309193,157787757,91603870,91496419,1560435273,1588344082,N/A,N/A,8870338158,8887673590",0,0,8531820163,8529088662,483224540,483142822,477508114,476721735,801731934,796356549,10001400147,10006121923,1552472727,1548151908,N/A,N/A"
1755317301,N/A,N/A,2216841338,2227693719,376578024,385326895,9217263314,9215149141,796382122,801745452,8650894509,8671848042,156429726,156322222,15436069741,15429000435",0,0,N/A,N/A,483142823,483224553,9030092735,9029201274,91497020,91604332,158554675,159035857,9539149310,9439705866,15437125496,15453025157",0,0,2036079790,2071226842,N/A,N/A,476719457,477507115,158377543,157855118,11349088597,11341101468,8671848042,8650895870,8879122499,8889505153",0,0,2228388845,2217603978,711591911,697045811,N/A,N/A,164031247,164099595,9527793603,9451042580,11341076341,11349133668,10203683274,10200950915",0,0,8412941709,8420840434,697059258,711597195,9215365188,9217529776,N/A,N/A,159078273,158745128,1548151908,1552472727,10027529023,10017986361",0,0,8529124233,8531729312,91257679,91298808,9029301251,9030153430,164099602,164031273,N/A,N/A,156322206,156429735,10018048180,10027612951",0,0,8422748621,8415217006,385326894,376578024,158309193,157787757,91603870,91496419,1560435273,1588344082,N/A,N/A,8870338158,8887673590",0,0,8531820163,8529088662,483224540,483142822,477508114,476721735,801731934,796356549,10001400147,10006121923,1552472727,1548151908,N/A,N/A"
1755317303,N/A,N/A,2216841338,2227693719,376578024,385326895,9217263314,9215149141,796382122,801745452,8650894509,8671848042,156429726,156322222,15439356018,15432284452",0,0,N/A,N/A,483142823,483224553,9030092735,9029201274,91497020,91604332,158554675,159035857,9539149310,9439705866,15440431353,15456335061",0,0,2036079790,2071226842,N/A,N/A,476719457,477507115,158377543,157855118,11349088597,11341101468,8671848042,8650895870,8879122499,8889505153",0,0,2228388845,2217603978,711591911,697045811,N/A,N/A,164031247,164099595,9527793603,9451042580,11341076341,11349133668,10203683274,10200950915",0,0,8412941709,8420840434,697059258,711597195,9215365188,9217529776,N/A,N/A,159078273,158745128,1548151908,1552472727,10027529023,10017986361",0,0,8529124233,8531729312,91257679,91298808,9029301251,9030153430,164099602,164031273,N/A,N/A,156322206,156429735,10018048180,10027612951",0,0,8422748621,8415217006,385326894,376578024,158309193,157787757,91603870,91496419,1560435273,1588344082,N/A,N/A,8870338158,8887673590",0,0,8531820163,8529088662,483224540,483142822,477508114,476721735,801731934,796356549,10001400147,10006121923,1552472727,1548151908,N/A,N/A"
1755317304,N/A,N/A,2216841338,2227693719,376578024,385326895,9217263314,9215149141,796382122,801745452,8650894509,8671848042,156429726,156322222,15442694294,15435620855",0,0,N/A,N/A,483142823,483224553,9030092735,9029201274,91497020,91604332,158554675,159035857,9539149310,9439705866,15443771509,15459678980",0,0,2036079790,2071226842,N/A,N/A,476719457,477507115,158377543,157855118,11349088597,11341101468,8671848042,8650895870,8879122499,8889505153",0,0,2228388845,2217603978,711591911,697045811,N/A,N/A,164031247,164099595,9527793603,9451042580,11341076341,11349133668,10203683274,10200950915",0,0,8412941709,8420840434,697059258,711597195,9215365188,9217529776,N/A,N/A,159078273,158745128,1548151908,1552472727,10027529023,10017986361",0,0,8529124233,8531729312,91257679,91298808,9029301251,9030153430,164099602,164031273,N/A,N/A,156322206,156429735,10018048180,10027612951",0,0,8422748621,8415217006,385326894,376578024,158309193,157787757,91603870,91496419,1560435273,1588344082,N/A,N/A,8870338158,8887673590",0,0,8531820163,8529088662,483224540,483142822,477508114,476721735,801731934,796356549,10001400147,10006121923,1552472727,1548151908,N/A,N/A"
1755317306,N/A,N/A,2216841338,2227693719,376578024,385326895,9217263314,9215149141,796382122,801745452,8650894509,8671848042,156429726,156322222,15446132561,15439054912",0,0,N/A,N/A,483142823,483224553,9030092735,9029201274,91497020,91604332,158554675,159035857,9539149310,9439705866,15447201640,15463111497",0,0,2036079790,2071226842,N/A,N/A,476719457,477507115,158377543,157855118,11349088597,11341101468,8671848042,8650895870,8879122499,8889505153",0,0,2228388845,2217603978,711591911,697045811,N/A,N/A,164031247,164099595,9527793603,9451042580,11341076341,11349133668,10203683274,10200950915",0,0,8412941709,8420840434,697059258,711597195,9215365188,9217529776,N/A,N/A,159078273,158745128,1548151908,1552472727,10027529023,10017986361",0,0,8529124233,8531729312,91257679,91298808,9029301251,9030153430,164099602,164031273,N/A,N/A,156322206,156429735,10018048180,10027612951",0,0,8422748621,8415217006,385326894,376578024,158309193,157787757,91603870,91496419,1560435273,1588344082,N/A,N/A,8870338158,8887673590",0,0,8531820163,8529088662,483224540,483142822,477508114,476721735,801731934,796356549,10001400147,10006121923,1552472727,1548151908,N/A,N/A"
1755317307,N/A,N/A,2216841338,2227693719,376578024,385326895,9217263314,9215149141,796382122,801745452,8650894509,8671848042,156429726,156322222,15449491392,15442408572",0,0,N/A,N/A,483142823,483224553,9030092735,9029201274,91497020,91604332,158554675,159035857,9539149310,9439705866,15450549972,15466464103",0,0,2036079790,2071226842,N/A,N/A,476719457,477507115,158377543,157855118,11349088597,11341101468,8671848042,8650895870,8879122499,8889505153",0,0,2228388845,2217603978,711591911,697045811,N/A,N/A,164031247,164099595,9527793603,9451042580,11341076341,11349133668,10203683274,10200950915",0,0,8412941709,8420840434,697059258,711597195,9215365188,9217529776,N/A,N/A,159078273,158745128,1548151908,1552472727,10027529023,10017986361",0,0,8529124233,8531729312,91257679,91298808,9029301251,9030153430,164099602,164031273,N/A,N/A,156322206,156429735,10018048180,10027612951",0,0,8422748621,8415217006,385326894,376578024,158309193,157787757,91603870,91496419,1560435273,1588344082,N/A,N/A,8870338158,8887673590",0,0,8531820163,8529088662,483224540,483142822,477508114,476721735,801731934,796356549,10001400147,10006121923,1552472727,1548151908,N/A,N/A"
1755317309,N/A,N/A,2216841338,2227693719,376578024,385326895,9217263314,9215149141,796382122,801745452,8650894509,8671848042,156429726,156322222,15452869463,15445782061",0,0,N/A,N/A,483142823,483224553,9030092735,9029201274,91497020,91604332,158554675,159035857,9539149310,9439705866,15453928485,15469839017",0,0,2036079790,2071226842,N/A,N/A,476719457,477507115,158377543,157855118,11349088597,11341101468,8671848042,8650895870,8879122499,8889505153",0,0,2228388845,2217603978,711591911,697045811,N/A,N/A,164031247,164099595,9527793603,9451042580,11341076341,11349133668,10203683274,10200950915",0,0,8412941709,8420840434,697059258,711597195,9215365188,9217529776,N/A,N/A,159078273,158745128,1548151908,1552472727,10027529023,10017986361",0,0,8529124233,8531729312,91257679,91298808,9029301251,9030153430,164099602,164031273,N/A,N/A,156322206,156429735,10018048180,10027612951",0,0,8422748621,8415217006,385326894,376578024,158309193,157787757,91603870,91496419,1560435273,1588344082,N/A,N/A,8870338158,8887673590",0,0,8531820163,8529088662,483224540,483142822,477508114,476721735,801731934,796356549,10001400147,10006121923,1552472727,1548151908,N/A,N/A"
1755317310,N/A,N/A,2216841338,2227693719,376578024,385326895,9217263314,9215149141,796382122,801745452,8650894509,8671848042,156429726,156322222,15456204349,15449117119",0,0,N/A,N/A,483142823,483224553,9030092735,9029201274,91497020,91604332,158554675,159035857,9539149310,9439705866,15457263823,15473176200",0,0,2036079790,2071226842,N/A,N/A,476719457,477507115,158377543,157855118,11349088597,11341101468,8671848042,8650895870,8879122499,8889505153",0,0,2228388845,2217603978,711591911,697045811,N/A,N/A,164031247,164099595,9527793603,9451042580,11341076341,11349133668,10203683274,10200950915",0,0,8412941709,8420840434,697059258,711597195,9215365188,9217529776,N/A,N/A,159078273,158745128,1548151908,1552472727,10027529023,10017986361",0,0,8529124233,8531729312,91257679,91298808,9029301251,9030153430,164099602,164031273,N/A,N/A,156322206,156429735,10018048180,10027612951",0,0,8422748621,8415217006,385326894,376578024,158309193,157787757,91603870,91496419,1560435273,1588344082,N/A,N/A,8870338158,8887673590",0,0,8531820163,8529088662,483224540,483142822,477508114,476721735,801731934,796356549,10001400147,10006121923,1552472727,1548151908,N/A,N/A"
1755317312,N/A,N/A,2216841338,2227693719,376578024,385326895,9217263314,9215149141,796382122,801745452,8650894509,8671848042,156429726,156322222,15459697560,15452601433",0,0,N/A,N/A,483142823,483224553,9030092735,9029201274,91497020,91604332,158554675,159035857,9539149310,9439705866,15460751684,15476669613",0,0,2036079790,2071226842,N/A,N/A,476719457,477507115,158377543,157855118,11349088597,11341101468,8671848042,8650895870,8879122499,8889505153",0,0,2228388845,2217603978,711591911,697045811,N/A,N/A,164031247,164099595,9527793603,9451042580,11341076341,11349133668,10203683274,10200950915",0,0,8412941709,8420840434,697059258,711597195,9215365188,9217529776,N/A,N/A,159078273,158745128,1548151908,1552472727,10027529023,10017986361",0,0,8529124233,8531729312,91257679,91298808,9029301251,9030153430,164099602,164031273,N/A,N/A,156322206,156429735,10018048180,10027612951",0,0,8422748621,8415217006,385326894,376578024,158309193,157787757,91603870,91496419,1560435273,1588344082,N/A,N/A,8870338158,8887673590",0,0,8531820163,8529088662,483224540,483142822,477508114,476721735,801731934,796356549,10001400147,10006121923,1552472727,1548151908,N/A,N/A"
1755317313,N/A,N/A,2216841338,2227693719,376578024,385326895,9217263314,9215149141,796382122,801745452,8650894509,8671848042,156429726,156322222,15463083275,15455979463",0,0,N/A,N/A,483142823,483224553,9030092735,9029201274,91497020,91604332,158554675,159035857,9539149310,9439705866,15464125723,15480055068",0,0,2036079790,2071226842,N/A,N/A,476719457,477507115,158377543,157855118,11349088597,11341101468,8671848042,8650895870,8879122499,8889505153",0,0,2228388845,2217603978,711591911,697045811,N/A,N/A,164031247,164099595,9527793603,9451042580,11341076341,11349133668,10203683274,10200950915",0,0,8412941709,8420840434,697059258,711597195,9215365188,9217529776,N/A,N/A,159078273,158745128,1548151908,1552472727,10027529023,10017986361",0,0,8529124233,8531729312,91257679,91298808,9029301251,9030153430,164099602,164031273,N/A,N/A,156322206,156429735,10018048180,10027612951",0,0,8422748621,8415217006,385326894,376578024,158309193,157787757,91603870,91496419,1560435273,1588344082,N/A,N/A,8870338158,8887673590",0,0,8531820163,8529088662,483224540,483142822,477508114,476721735,801731934,796356549,10001400147,10006121923,1552472727,1548151908,N/A,N/A"
1755317315,N/A,N/A,2216841338,2227693719,376578024,385326895,9217263314,9215149141,796382122,801745452,8650894509,8671848042,156429726,156322222,15466570127,15459458604",0,0,N/A,N/A,483142823,483224553,9030092735,9029201274,91497020,91604332,158554675,159035857,9539149310,9439705866,15467603204,15483536272",0,0,2036079790,2071226842,N/A,N/A,476719457,477507115,158377543,157855118,11349088597,11341101468,8671848042,8650895870,8879122499,8889505153",0,0,2228388845,2217603978,711591911,697045811,N/A,N/A,164031247,164099595,9527793603,9451042580,11341076341,11349133668,10203683274,10200950915",0,0,8412941709,8420840434,697059258,711597195,9215365188,9217529776,N/A,N/A,159078273,158745128,1548151908,1552472727,10027529023,10017986361",0,0,8529124233,8531729312,91257679,91298808,9029301251,9030153430,164099602,164031273,N/A,N/A,156322206,156429735,10018048180,10027612951",0,0,8422748621,8415217006,385326894,376578024,158309193,157787757,91603870,91496419,1560435273,1588344082,N/A,N/A,8870338158,8887673590",0,0,8531820163,8529088662,483224540,483142822,477508114,476721735,801731934,796356549,10001400147,10006121923,1552472727,1548151908,N/A,N/A"
1755317316,N/A,N/A,2216841338,2227693719,376578024,385326895,9217263314,9215149141,796382122,801745452,8650894509,8671848042,156429726,156322222,15469867998,15462751633",0,0,N/A,N/A,483142823,483224553,9030092735,9029201274,91497020,91604332,158554675,159035857,9539149310,9439705866,15470894216,15486832362",0,0,2036079790,2071226842,N/A,N/A,476719457,477507115,158377543,157855118,11349088597,11341101468,8671848042,8650895870,8879122499,8889505153",0,0,2228388845,2217603978,711591911,697045811,N/A,N/A,164031247,164099595,9527793603,9451042580,11341076341,11349133668,10203683274,10200950915",0,0,8412941709,8420840434,697059258,711597195,9215365188,9217529776,N/A,N/A,159078273,158745128,1548151908,1552472727,10027529023,10017986361",0,0,8529124233,8531729312,91257679,91298808,9029301251,9030153430,164099602,164031273,N/A,N/A,156322206,156429735,10018048180,10027612951",0,0,8422748621,8415217006,385326894,376578024,158309193,157787757,91603870,91496419,1560435273,1588344082,N/A,N/A,8870338158,8887673590",0,0,8531820163,8529088662,483224540,483142822,477508114,476721735,801731934,796356549,10001400147,10006121923,1552472727,1548151908,N/A,N/A"
1755317318,N/A,N/A,2216841338,2227693719,376578024,385326895,9217263314,9215149141,796382122,801745452,8650894509,8671848042,156429726,156322222,15473209225,15466087839",0,0,N/A,N/A,483142823,483224553,9030092735,9029201274,91497020,91604332,158554675,159035857,9539149310,9439705866,15474228580,15490171639",0,0,2036079790,2071226842,N/A,N/A,476719457,477507115,158377543,157855118,11349088597,11341101468,8671848042,8650895870,8879122499,8889505153",0,0,2228388845,2217603978,711591911,697045811,N/A,N/A,164031247,164099595,9527793603,9451042580,11341076341,11349133668,10203683274,10200950915",0,0,8412941709,8420840434,697059258,711597195,9215365188,9217529776,N/A,N/A,159078273,158745128,1548151908,1552472727,10027529023,10017986361",0,0,8529124233,8531729312,91257679,91298808,9029301251,9030153430,164099602,164031273,N/A,N/A,156322206,156429735,10018048180,10027612951",0,0,8422748621,8415217006,385326894,376578024,158309193,157787757,91603870,91496419,1560435273,1588344082,N/A,N/A,8870338158,8887673590",0,0,8531820163,8529088662,483224540,483142822,477508114,476721735,801731934,796356549,10001400147,10006121923,1552472727,1548151908,N/A,N/A"
1755317319,N/A,N/A,2216841338,2227693719,376578024,385326895,9217263314,9215149141,796382122,801745452,8650894509,8671848042,156429726,156322222,15476544654,15469420712",0,0,N/A,N/A,483142823,483224553,9030092735,9029201274,91497020,91604332,158554675,159035857,9539149310,9439705866,15477563223,15493507045",0,0,2036079790,2071226842,N/A,N/A,476719457,477507115,158377543,157855118,11349088597,11341101468,8671848042,8650895870,8879122499,8889505153",0,0,2228388845,2217603978,711591911,697045811,N/A,N/A,164031247,164099595,9527793603,9451042580,11341076341,11349133668,10203683274,10200950915",0,0,8412941709,8420840434,697059258,711597195,9215365188,9217529776,N/A,N/A,159078273,158745128,1548151908,1552472727,10027529023,10017986361",0,0,8529124233,8531729312,91257679,91298808,9029301251,9030153430,164099602,164031273,N/A,N/A,156322206,156429735,10018048180,10027612951",0,0,8422748621,8415217006,385326894,376578024,158309193,157787757,91603870,91496419,1560435273,1588344082,N/A,N/A,8870338158,8887673590",0,0,8531820163,8529088662,483224540,483142822,477508114,476721735,801731934,796356549,10001400147,10006121923,1552472727,1548151908,N/A,N/A"
1755317321,N/A,N/A,2216841338,2227693719,376578024,385326895,9217263314,9215149141,796382122,801745452,8650894509,8671848042,156429726,156322222,15479893946,15472766182",0,0,N/A,N/A,483142823,483224553,9030092735,9029201274,91497020,91604332,158554675,159035857,9539149310,9439705866,15480902078,15496845401",0,0,2036079790,2071226842,N/A,N/A,476719457,477507115,158377543,157855118,11349088597,11341101468,8671848042,8650895870,8879122499,8889505153",0,0,2228388845,2217603978,711591911,697045811,N/A,N/A,164031247,164099595,9527793603,9451042580,11341076341,11349133668,10203683274,10200950915",0,0,8412941709,8420840434,697059258,711597195,9215365188,9217529776,N/A,N/A,159078273,158745128,1548151908,1552472727,10027529023,10017986361",0,0,8529124233,8531729312,91257679,91298808,9029301251,9030153430,164099602,164031273,N/A,N/A,156322206,156429735,10018048180,10027612951",0,0,8422748621,8415217006,385326894,376578024,158309193,157787757,91603870,91496419,1560435273,1588344082,N/A,N/A,8870338158,8887673590",0,0,8531820163,8529088662,483224540,483142822,477508114,476721735,801731934,796356549,10001400147,10006121923,1552472727,1548151908,N/A,N/A"
1755317322,N/A,N/A,2216841338,2227693719,376578024,385326895,9217263314,9215149141,796382122,801745452,8650894509,8671848042,156429726,156322222,15483189644,15476056877",0,0,N/A,N/A,483142823,483224553,9030092735,9029201274,91497020,91604332,158554675,159035857,9539149310,9439705866,15484180944,15500128226",0,0,2036079790,2071226842,N/A,N/A,476719457,477507115,158377543,157855118,11349088597,11341101468,8671848042,8650895870,8879122499,8889505153",0,0,2228388845,2217603978,711591911,697045811,N/A,N/A,164031247,164099595,9527793603,9451042580,11341076341,11349133668,10203683274,10200950915",0,0,8412941709,8420840434,697059258,711597195,9215365188,9217529776,N/A,N/A,159078273,158745128,1548151908,1552472727,10027529023,10017986361",0,0,8529124233,8531729312,91257679,91298808,9029301251,9030153430,164099602,164031273,N/A,N/A,156322206,156429735,10018048180,10027612951",0,0,8422748621,8415217006,385326894,376578024,158309193,157787757,91603870,91496419,1560435273,1588344082,N/A,N/A,8870338158,8887673590",0,0,8531820163,8529088662,483224540,483142822,477508114,476721735,801731934,796356549,10001400147,10006121923,1552472727,1548151908,N/A,N/A"
1755317323,N/A,N/A,2216841338,2227693719,376578024,385326895,9217263314,9215149141,796382122,801745452,8650894509,8671848042,156429726,156322222,15486507693,15479366739",0,0,N/A,N/A,483142823,483224553,9030092735,9029201274,91497020,91604332,158554675,159035857,9539149310,9439705866,15487490806,15503446274",0,0,2036079790,2071226842,N/A,N/A,476719457,477507115,158377543,157855118,11349088597,11341101468,8671848042,8650895870,8879122499,8889505153",0,0,2228388845,2217603978,711591911,697045811,N/A,N/A,164031247,164099595,9527793603,9451042580,11341076341,11349133668,10203683274,10200950915",0,0,8412941709,8420840434,697059258,711597195,9215365188,9217529776,N/A,N/A,159078273,158745128,1548151908,1552472727,10027529023,10017986361",0,0,8529124233,8531729312,91257679,91298808,9029301251,9030153430,164099602,164031273,N/A,N/A,156322206,156429735,10018048180,10027612951",0,0,8422748621,8415217006,385326894,376578024,158309193,157787757,91603870,91496419,1560435273,1588344082,N/A,N/A,8870338158,8887673590",0,0,8531820163,8529088662,483224540,483142822,477508114,476721735,801731934,796356549,10001400147,10006121923,1552472727,1548151908,N/A,N/A"
1755317325,N/A,N/A,2216841338,2227693719,376578024,385326895,9217263314,9215149141,796382122,801745452,8650894509,8671848042,156429726,156322222,15489819973,15482673822",0,0,N/A,N/A,483142823,483224553,9030092735,9029201274,91497020,91604332,158554675,159035857,9539149310,9439705866,15490797889,15506758554",0,0,2036079790,2071226842,N/A,N/A,476719457,477507115,158377543,157855118,11349088597,11341101468,8671848042,8650895870,8879122499,8889505153",0,0,2228388845,2217603978,711591911,697045811,N/A,N/A,164031247,164099595,9527793603,9451042580,11341076341,11349133668,10203683274,10200950915",0,0,8412941709,8420840434,697059258,711597195,9215365188,9217529776,N/A,N/A,159078273,158745128,1548151908,1552472727,10027529023,10017986361",0,0,8529124233,8531729312,91257679,91298808,9029301251,9030153430,164099602,164031273,N/A,N/A,156322206,156429735,10018048180,10027612951",0,0,8422748621,8415217006,385326894,376578024,158309193,157787757,91603870,91496419,1560435273,1588344082,N/A,N/A,8870338158,8887673590",0,0,8531820163,8529088662,483224540,483142822,477508114,476721735,801731934,796356549,10001400147,10006121923,1552472727,1548151908,N/A,N/A"
1755317326,N/A,N/A,2216841338,2227693719,376578024,385326895,9217263314,9215149141,796382122,801745452,8650894509,8671848042,156429726,156322222,15493134601,15485980464",0,0,N/A,N/A,483142823,483224553,9030092735,9029201274,91497020,91604332,158554675,159035857,9539149310,9439705866,15494105208,15510071452",0,0,2036079790,2071226842,N/A,N/A,476719457,477507115,158377543,157855118,11349088597,11341101468,8671848042,8650895870,8879122499,8889505153",0,0,2228388845,2217603978,711591911,697045811,N/A,N/A,164031247,164099595,9527793603,9451042580,11341076341,11349133668,10203683274,10200950915",0,0,8412941709,8420840434,697059258,711597195,9215365188,9217529776,N/A,N/A,159078273,158745128,1548151908,1552472727,10027529023,10017986361",0,0,8529124233,8531729312,91257679,91298808,9029301251,9030153430,164099602,164031273,N/A,N/A,156322206,156429735,10018048180,10027612951",0,0,8422748621,8415217006,385326894,376578024,158309193,157787757,91603870,91496419,1560435273,1588344082,N/A,N/A,8870338158,8887673590",0,0,8531820163,8529088662,483224540,483142822,477508114,476721735,801731934,796356549,10001400147,10006121923,1552472727,1548151908,N/A,N/A"
1755317328,N/A,N/A,2216841338,2227693719,376578024,385326895,9217263314,9215149141,796382122,801745452,8650894509,8671848042,156429726,156322222,15496449975,15489285906",0,0,N/A,N/A,483142823,483224553,9030092735,9029201274,91497020,91604332,158554675,159035857,9539149310,9439705866,15497408861,15513385045",0,0,2036079790,2071226842,N/A,N/A,476719457,477507115,158377543,157855118,11349088597,11341101468,8671848042,8650895870,8879122499,8889505153",0,0,2228388845,2217603978,711591911,697045811,N/A,N/A,164031247,164099595,9527793603,9451042580,11341076341,11349133668,10203683274,10200950915",0,0,8412941709,8420840434,697059258,711597195,9215365188,9217529776,N/A,N/A,159078273,158745128,1548151908,1552472727,10027529023,10017986361",0,0,8529124233,8531729312,91257679,91298808,9029301251,9030153430,164099602,164031273,N/A,N/A,156322206,156429735,10018048180,10027612951",0,0,8422748621,8415217006,385326894,376578024,158309193,157787757,91603870,91496419,1560435273,1588344082,N/A,N/A,8870338158,8887673590",0,0,8531820163,8529088662,483224540,483142822,477508114,476721735,801731934,796356549,10001400147,10006121923,1552472727,1548151908,N/A,N/A"
1755317329,N/A,N/A,2216841338,2227693719,376578024,385326895,9217263314,9215149141,796382122,801745452,8650894509,8671848042,156429726,156322222,15499857625,15492685980",0,0,N/A,N/A,483142823,483224553,9030092735,9029201274,91497020,91604332,158554675,159035857,9539149310,9439705866,15500830519,15516817100",0,0,2036079790,2071226842,N/A,N/A,476719457,477507115,158377543,157855118,11349088597,11341101468,8671848042,8650895870,8879122499,8889505153",0,0,2228388845,2217603978,711591911,697045811,N/A,N/A,164031247,164099595,9527793603,9451042580,11341076341,11349133668,10203683274,10200950915",0,0,8412941709,8420840434,697059258,711597195,9215365188,9217529776,N/A,N/A,159078273,158745128,1548151908,1552472727,10027529023,10017986361",0,0,8529124233,8531729312,91257679,91298808,9029301251,9030153430,164099602,164031273,N/A,N/A,156322206,156429735,10018048180,10027612951",0,0,8422748621,8415217006,385326894,376578024,158309193,157787757,91603870,91496419,1560435273,1588344082,N/A,N/A,8870338158,8887673590",0,0,8531820163,8529088662,483224540,483142822,477508114,476721735,801731934,796356549,10001400147,10006121923,1552472727,1548151908,N/A,N/A"
1755317331,N/A,N/A,2216841338,2227693719,376578024,385326895,9217263314,9215149141,796382122,801745452,8650894509,8671848042,156429726,156322222,15503343292,15496163705",0,0,N/A,N/A,483142823,483224553,9030092735,9029201274,91497020,91604332,158554675,159035857,9539149310,9439705866,15504310924,15520304747",0,0,2036079790,2071226842,N/A,N/A,476719457,477507115,158377543,157855118,11349088597,11341101468,8671848042,8650895870,8879122499,8889505153",0,0,2228388845,2217603978,711591911,697045811,N/A,N/A,164031247,164099595,9527793603,9451042580,11341076341,11349133668,10203683274,10200950915",0,0,8412941709,8420840434,697059258,711597195,9215365188,9217529776,N/A,N/A,159078273,158745128,1548151908,1552472727,10027529023,10017986361",0,0,8529124233,8531729312,91257679,91298808,9029301251,9030153430,164099602,164031273,N/A,N/A,156322206,156429735,10018048180,10027612951",0,0,8422748621,8415217006,385326894,376578024,158309193,157787757,91603870,91496419,1560435273,1588344082,N/A,N/A,8870338158,8887673590",0,0,8531820163,8529088662,483224540,483142822,477508114,476721735,801731934,796356549,10001400147,10006121923,1552472727,1548151908,N/A,N/A"
1755317332,N/A,N/A,2216841338,2227693719,376578024,385326895,9217263314,9215149141,796382122,801745452,8650894509,8671848042,156429726,156322222,15506736128,15499547628",0,0,N/A,N/A,483142823,483224553,9030092735,9029201274,91497020,91604332,158554675,159035857,9539149310,9439705866,15507694164,15523691318",0,0,2036079790,2071226842,N/A,N/A,476719457,477507115,158377543,157855118,11349088597,11341101468,8671848042,8650895870,8879122499,8889505153",0,0,2228388845,2217603978,711591911,697045811,N/A,N/A,164031247,164099595,9527793603,9451042580,11341076341,11349133668,10203683274,10200950915",0,0,8412941709,8420840434,697059258,711597195,9215365188,9217529776,N/A,N/A,159078273,158745128,1548151908,1552472727,10027529023,10017986361",0,0,8529124233,8531729312,91257679,91298808,9029301251,9030153430,164099602,164031273,N/A,N/A,156322206,156429735,10018048180,10027612951",0,0,8422748621,8415217006,385326894,376578024,158309193,157787757,91603870,91496419,1560435273,1588344082,N/A,N/A,8870338158,8887673590",0,0,8531820163,8529088662,483224540,483142822,477508114,476721735,801731934,796356549,10001400147,10006121923,1552472727,1548151908,N/A,N/A"
1755317334,N/A,N/A,2216841338,2227693719,376578024,385326895,9217263314,9215149141,796382122,801745452,8650894509,8671848042,156429726,156322222,15510051264,15502861616",0,0,N/A,N/A,483142823,483224553,9030092735,9029201274,91497020,91604332,158554675,159035857,9539149310,9439705866,15511008078,15527007972",0,0,2036079790,2071226842,N/A,N/A,476719457,477507115,158377543,157855118,11349088597,11341101468,8671848042,8650895870,8879122499,8889505153",0,0,2228388845,2217603978,711591911,697045811,N/A,N/A,164031247,164099595,9527793603,9451042580,11341076341,11349133668,10203683274,10200950915",0,0,8412941709,8420840434,697059258,711597195,9215365188,9217529776,N/A,N/A,159078273,158745128,1548151908,1552472727,10027529023,10017986361",0,0,8529124233,8531729312,91257679,91298808,9029301251,9030153430,164099602,164031273,N/A,N/A,156322206,156429735,10018048180,10027612951",0,0,8422748621,8415217006,385326894,376578024,158309193,157787757,91603870,91496419,1560435273,1588344082,N/A,N/A,8870338158,8887673590",0,0,8531820163,8529088662,483224540,483142822,477508114,476721735,801731934,796356549,10001400147,10006121923,1552472727,1548151908,N/A,N/A"
1755317335,N/A,N/A,2216841338,2227693719,376578024,385326895,9217263314,9215149141,796382122,801745452,8650894509,8671848042,156429726,156322222,15513408836,15506217408",0,0,N/A,N/A,483142823,483224553,9030092735,9029201274,91497020,91604332,158554675,159035857,9539149310,9439705866,15514371229,15530371812",0,0,2036079790,2071226842,N/A,N/A,476719457,477507115,158377543,157855118,11349088597,11341101468,8671848042,8650895870,8879122499,8889505153",0,0,2228388845,2217603978,711591911,697045811,N/A,N/A,164031247,164099595,9527793603,9451042580,11341076341,11349133668,10203683274,10200950915",0,0,8412941709,8420840434,697059258,711597195,9215365188,9217529776,N/A,N/A,159078273,158745128,1548151908,1552472727,10027529023,10017986361",0,0,8529124233,8531729312,91257679,91298808,9029301251,9030153430,164099602,164031273,N/A,N/A,156322206,156429735,10018048180,10027612951",0,0,8422748621,8415217006,385326894,376578024,158309193,157787757,91603870,91496419,1560435273,1588344082,N/A,N/A,8870338158,8887673590",0,0,8531820163,8529088662,483224540,483142822,477508114,476721735,801731934,796356549,10001400147,10006121923,1552472727,1548151908,N/A,N/A"
1755317337,N/A,N/A,2216841338,2227693719,376578024,385326895,9217263314,9215149141,796382122,801745452,8650894509,8671848042,156429726,156322222,15516719277,15509521540",0,0,N/A,N/A,483142823,483224553,9030092735,9029201274,91497020,91604332,158554675,159035857,9539149310,9439705866,15517673178,15533676476",0,0,2036079790,2071226842,N/A,N/A,476719457,477507115,158377543,157855118,11349088597,11341101468,8671848042,8650895870,8879122499,8889505153",0,0,2228388845,2217603978,711591911,697045811,N/A,N/A,164031247,164099595,9527793603,9451042580,11341076341,11349133668,10203683274,10200950915",0,0,8412941709,8420840434,697059258,711597195,9215365188,9217529776,N/A,N/A,159078273,158745128,1548151908,1552472727,10027529023,10017986361",0,0,8529124233,8531729312,91257679,91298808,9029301251,9030153430,164099602,164031273,N/A,N/A,156322206,156429735,10018048180,10027612951",0,0,8422748621,8415217006,385326894,376578024,158309193,157787757,91603870,91496419,1560435273,1588344082,N/A,N/A,8870338158,8887673590",0,0,8531820163,8529088662,483224540,483142822,477508114,476721735,801731934,796356549,10001400147,10006121923,1552472727,1548151908,N/A,N/A"
1755317338,N/A,N/A,2216841338,2227693719,376578024,385326895,9217263314,9215149141,796382122,801745452,8650894509,8671848042,156429726,156322222,15520135541,15512933993",0,0,N/A,N/A,483142823,483224553,9030092735,9029201274,91497020,91604332,158554675,159035857,9539149310,9439705866,15521085510,15537094025",0,0,2036079790,2071226842,N/A,N/A,476719457,477507115,158377543,157855118,11349088597,11341101468,8671848042,8650895870,8879122499,8889505153",0,0,2228388845,2217603978,711591911,697045811,N/A,N/A,164031247,164099595,9527793603,9451042580,11341076341,11349133668,10203683274,10200950915",0,0,8412941709,8420840434,697059258,711597195,9215365188,9217529776,N/A,N/A,159078273,158745128,1548151908,1552472727,10027529023,10017986361",0,0,8529124233,8531729312,91257679,91298808,9029301251,9030153430,164099602,164031273,N/A,N/A,156322206,156429735,10018048180,10027612951",0,0,8422748621,8415217006,385326894,376578024,158309193,157787757,91603870,91496419,1560435273,1588344082,N/A,N/A,8870338158,8887673590",0,0,8531820163,8529088662,483224540,483142822,477508114,476721735,801731934,796356549,10001400147,10006121923,1552472727,1548151908,N/A,N/A"
1755317340,N/A,N/A,2216841338,2227693719,376578024,385326895,9217263314,9215149141,796382122,801745452,8650894509,8671848042,156429726,156322222,15523521261,15516315603",0,0,N/A,N/A,483142823,483224553,9030092735,9029201274,91497020,91604332,158554675,159035857,9539149310,9439705866,15524465472,15540478384",0,0,2036079790,2071226842,N/A,N/A,476719457,477507115,158377543,157855118,11349088597,11341101468,8671848042,8650895870,8879122499,8889505153",0,0,2228388845,2217603978,711591911,697045811,N/A,N/A,164031247,164099595,9527793603,9451042580,11341076341,11349133668,10203683274,10200950915",0,0,8412941709,8420840434,697059258,711597195,9215365188,9217529776,N/A,N/A,159078273,158745128,1548151908,1552472727,10027529023,10017986361",0,0,8529124233,8531729312,91257679,91298808,9029301251,9030153430,164099602,164031273,N/A,N/A,156322206,156429735,10018048180,10027612951",0,0,8422748621,8415217006,385326894,376578024,158309193,157787757,91603870,91496419,1560435273,1588344082,N/A,N/A,8870338158,8887673590",0,0,8531820163,8529088662,483224540,483142822,477508114,476721735,801731934,796356549,10001400147,10006121923,1552472727,1548151908,N/A,N/A"
1755317341,N/A,N/A,2216841338,2227693719,376578024,385326895,9217263314,9215149141,796382122,801745452,8650894509,8671848042,156429726,156322222,15526810536,15519598794",0,0,N/A,N/A,483142823,483224553,9030092735,9029201274,91497020,91604332,158554675,159035857,9539149310,9439705866,15527746347,15543763556",0,0,2036079790,2071226842,N/A,N/A,476719457,477507115,158377543,157855118,11349088597,11341101468,8671848042,8650895870,8879122499,8889505153",0,0,2228388845,2217603978,711591911,697045811,N/A,N/A,164031247,164099595,9527793603,9451042580,11341076341,11349133668,10203683274,10200950915",0,0,8412941709,8420840434,697059258,711597195,9215365188,9217529776,N/A,N/A,159078273,158745128,1548151908,1552472727,10027529023,10017986361",0,0,8529124233,8531729312,91257679,91298808,9029301251,9030153430,164099602,164031273,N/A,N/A,156322206,156429735,10018048180,10027612951",0,0,8422748621,8415217006,385326894,376578024,158309193,157787757,91603870,91496419,1560435273,1588344082,N/A,N/A,8870338158,8887673590",0,0,8531820163,8529088662,483224540,483142822,477508114,476721735,801731934,796356549,10001400147,10006121923,1552472727,1548151908,N/A,N/A"
1755317343,N/A,N/A,2216841338,2227693719,376578024,385326895,9217263314,9215149141,796382122,801745452,8650894509,8671848042,156429726,156322222,15530125628,15522910126",0,0,N/A,N/A,483142823,483224553,9030092735,9029201274,91497020,91604332,158554675,159035857,9539149310,9439705866,15531056135,15547078877",0,0,2036079790,2071226842,N/A,N/A,476719457,477507115,158377543,157855118,11349088597,11341101468,8671848042,8650895870,8879122499,8889505153",0,0,2228388845,2217603978,711591911,697045811,N/A,N/A,164031247,164099595,9527793603,9451042580,11341076341,11349133668,10203683274,10200950915",0,0,8412941709,8420840434,697059258,711597195,9215365188,9217529776,N/A,N/A,159078273,158745128,1548151908,1552472727,10027529023,10017986361",0,0,8529124233,8531729312,91257679,91298808,9029301251,9030153430,164099602,164031273,N/A,N/A,156322206,156429735,10018048180,10027612951",0,0,8422748621,8415217006,385326894,376578024,158309193,157787757,91603870,91496419,1560435273,1588344082,N/A,N/A,8870338158,8887673590",0,0,8531820163,8529088662,483224540,483142822,477508114,476721735,801731934,796356549,10001400147,10006121923,1552472727,1548151908,N/A,N/A"
1755317344,N/A,N/A,2216841338,2227693719,376578024,385326895,9217263314,9215149141,796382122,801745452,8650894509,8671848042,156429726,156322222,15533457876,15526236060",0,0,N/A,N/A,483142823,483224553,9030092735,9029201274,91497020,91604332,158554675,159035857,9539149310,9439705866,15534380528,15550409113",0,0,2036079790,2071226842,N/A,N/A,476719457,477507115,158377543,157855118,11349088597,11341101468,8671848042,8650895870,8879122499,8889505153",0,0,2228388845,2217603978,711591911,697045811,N/A,N/A,164031247,164099595,9527793603,9451042580,11341076341,11349133668,10203683274,10200950915",0,0,8412941709,8420840434,697059258,711597195,9215365188,9217529776,N/A,N/A,159078273,158745128,1548151908,1552472727,10027529023,10017986361",0,0,8529124233,8531729312,91257679,91298808,9029301251,9030153430,164099602,164031273,N/A,N/A,156322206,156429735,10018048180,10027612951",0,0,8422748621,8415217006,385326894,376578024,158309193,157787757,91603870,91496419,1560435273,1588344082,N/A,N/A,8870338158,8887673590",0,0,8531820163,8529088662,483224540,483142822,477508114,476721735,801731934,796356549,10001400147,10006121923,1552472727,1548151908,N/A,N/A"
1755317346,N/A,N/A,2216841338,2227693719,376578024,385326895,9217263314,9215149141,796382122,801745452,8650894509,8671848042,156429726,156322222,15536808939,15529581176",0,0,N/A,N/A,483142823,483224553,9030092735,9029201274,91497020,91604332,158554675,159035857,9539149310,9439705866,15537725203,15553760256",0,0,2036079790,2071226842,N/A,N/A,476719457,477507115,158377543,157855118,11349088597,11341101468,8671848042,8650895870,8879122499,8889505153",0,0,2228388845,2217603978,711591911,697045811,N/A,N/A,164031247,164099595,9527793603,9451042580,11341076341,11349133668,10203683274,10200950915",0,0,8412941709,8420840434,697059258,711597195,9215365188,9217529776,N/A,N/A,159078273,158745128,1548151908,1552472727,10027529023,10017986361",0,0,8529124233,8531729312,91257679,91298808,9029301251,9030153430,164099602,164031273,N/A,N/A,156322206,156429735,10018048180,10027612951",0,0,8422748621,8415217006,385326894,376578024,158309193,157787757,91603870,91496419,1560435273,1588344082,N/A,N/A,8870338158,8887673590",0,0,8531820163,8529088662,483224540,483142822,477508114,476721735,801731934,796356549,10001400147,10006121923,1552472727,1548151908,N/A,N/A"
1755317347,N/A,N/A,2216841338,2227693719,376578024,385326895,9217263314,9215149141,796382122,801745452,8650894509,8671848042,156429726,156322222,15540234690,15533001243",0,0,N/A,N/A,483142823,483224553,9030092735,9029201274,91497020,91604332,158554675,159035857,9539149310,9439705866,15541150858,15557191888",0,0,2036079790,2071226842,N/A,N/A,476719457,477507115,158377543,157855118,11349088597,11341101468,8671848042,8650895870,8879122499,8889505153",0,0,2228388845,2217603978,711591911,697045811,N/A,N/A,164031247,164099595,9527793603,9451042580,11341076341,11349133668,10203683274,10200950915",0,0,8412941709,8420840434,697059258,711597195,9215365188,9217529776,N/A,N/A,159078273,158745128,1548151908,1552472727,10027529023,10017986361",0,0,8529124233,8531729312,91257679,91298808,9029301251,9030153430,164099602,164031273,N/A,N/A,156322206,156429735,10018048180,10027612951",0,0,8422748621,8415217006,385326894,376578024,158309193,157787757,91603870,91496419,1560435273,1588344082,N/A,N/A,8870338158,8887673590",0,0,8531820163,8529088662,483224540,483142822,477508114,476721735,801731934,796356549,10001400147,10006121923,1552472727,1548151908,N/A,N/A"
1755317349,N/A,N/A,2216841338,2227693719,376578024,385326895,9217263314,9215149141,796382122,801745452,8650894509,8671848042,156429726,156322222,15543619939,15536382495",0,0,N/A,N/A,483142823,483224553,9030092735,9029201274,91497020,91604332,158554675,159035857,9539149310,9439705866,15544525138,15560570000",0,0,2036079790,2071226842,N/A,N/A,476719457,477507115,158377543,157855118,11349088597,11341101468,8671848042,8650895870,8879122499,8889505153",0,0,2228388845,2217603978,711591911,697045811,N/A,N/A,164031247,164099595,9527793603,9451042580,11341076341,11349133668,10203683274,10200950915",0,0,8412941709,8420840434,697059258,711597195,9215365188,9217529776,N/A,N/A,159078273,158745128,1548151908,1552472727,10027529023,10017986361",0,0,8529124233,8531729312,91257679,91298808,9029301251,9030153430,164099602,164031273,N/A,N/A,156322206,156429735,10018048180,10027612951",0,0,8422748621,8415217006,385326894,376578024,158309193,157787757,91603870,91496419,1560435273,1588344082,N/A,N/A,8870338158,8887673590",0,0,8531820163,8529088662,483224540,483142822,477508114,476721735,801731934,796356549,10001400147,10006121923,1552472727,1548151908,N/A,N/A"
1755317350,N/A,N/A,2216841338,2227693719,376578024,385326895,9217263314,9215149141,796382122,801745452,8650894509,8671848042,156429726,156322222,15547018650,15539771211",0,0,N/A,N/A,483142823,483224553,9030092735,9029201274,91497020,91604332,158554675,159035857,9539149310,9439705866,15547895269,15563946283",0,0,2036079790,2071226842,N/A,N/A,476719457,477507115,158377543,157855118,11349088597,11341101468,8671848042,8650895870,8879122499,8889505153",0,0,2228388845,2217603978,711591911,697045811,N/A,N/A,164031247,164099595,9527793603,9451042580,11341076341,11349133668,10203683274,10200950915",0,0,8412941709,8420840434,697059258,711597195,9215365188,9217529776,N/A,N/A,159078273,158745128,1548151908,1552472727,10027529023,10017986361",0,0,8529124233,8531729312,91257679,91298808,9029301251,9030153430,164099602,164031273,N/A,N/A,156322206,156429735,10018048180,10027612951",0,0,8422748621,8415217006,385326894,376578024,158309193,157787757,91603870,91496419,1560435273,1588344082,N/A,N/A,8870338158,8887673590",0,0,8531820163,8529088662,483224540,483142822,477508114,476721735,801731934,796356549,10001400147,10006121923,1552472727,1548151908,N/A,N/A"
1755317351,N/A,N/A,2216841338,2227693719,376578024,385326895,9217263314,9215149141,796382122,801745452,8650894509,8671848042,156429726,156322222,15550339595,15543083922",0,0,N/A,N/A,483142823,483224553,9030092735,9029201274,91497020,91604332,158554675,159035857,9539149310,9439705866,15551207980,15567267227",0,0,2036079790,2071226842,N/A,N/A,476719457,477507115,158377543,157855118,11349088597,11341101468,8671848042,8650895870,8879122499,8889505153",0,0,2228388845,2217603978,711591911,697045811,N/A,N/A,164031247,164099595,9527793603,9451042580,11341076341,11349133668,10203683274,10200950915",0,0,8412941709,8420840434,697059258,711597195,9215365188,9217529776,N/A,N/A,159078273,158745128,1548151908,1552472727,10027529023,10017986361",0,0,8529124233,8531729312,91257679,91298808,9029301251,9030153430,164099602,164031273,N/A,N/A,156322206,156429735,10018048180,10027612951",0,0,8422748621,8415217006,385326894,376578024,158309193,157787757,91603870,91496419,1560435273,1588344082,N/A,N/A,8870338158,8887673590",0,0,8531820163,8529088662,483224540,483142822,477508114,476721735,801731934,796356549,10001400147,10006121923,1552472727,1548151908,N/A,N/A"
1755317353,N/A,N/A,2216841338,2227693719,376578024,385326895,9217263314,9215149141,796382122,801745452,8650894509,8671848042,156429726,156322222,15553662705,15546400346",0,0,N/A,N/A,483142823,483224553,9030092735,9029201274,91497020,91604332,158554675,159035857,9539149310,9439705866,15554544470,15570613470",0,0,2036079790,2071226842,N/A,N/A,476719457,477507115,158377543,157855118,11349088597,11341101468,8671848042,8650895870,8879122499,8889505153",0,0,2228388845,2217603978,711591911,697045811,N/A,N/A,164031247,164099595,9527793603,9451042580,11341076341,11349133668,10203683274,10200950915",0,0,8412941709,8420840434,697059258,711597195,9215365188,9217529776,N/A,N/A,159078273,158745128,1548151908,1552472727,10027529023,10017986361",0,0,8529124233,8531729312,91257679,91298808,9029301251,9030153430,164099602,164031273,N/A,N/A,156322206,156429735,10018048180,10027612951",0,0,8422748621,8415217006,385326894,376578024,158309193,157787757,91603870,91496419,1560435273,1588344082,N/A,N/A,8870338158,8887673590",0,0,8531820163,8529088662,483224540,483142822,477508114,476721735,801731934,796356549,10001400147,10006121923,1552472727,1548151908,N/A,N/A"
1755317354,N/A,N/A,2216841338,2227693719,376578024,385326895,9217263314,9215149141,796382122,801745452,8650894509,8671848042,156429726,156322222,15557103966,15549833068",0,0,N/A,N/A,483142823,483224553,9030092735,9029201274,91497020,91604332,158554675,159035857,9539149310,9439705866,15557982899,15574060476",0,0,2036079790,2071226842,N/A,N/A,476719457,477507115,158377543,157855118,11349088597,11341101468,8671848042,8650895870,8879122499,8889505153",0,0,2228388845,2217603978,711591911,697045811,N/A,N/A,164031247,164099595,9527793603,9451042580,11341076341,11349133668,10203683274,10200950915",0,0,8412941709,8420840434,697059258,711597195,9215365188,9217529776,N/A,N/A,159078273,158745128,1548151908,1552472727,10027529023,10017986361",0,0,8529124233,8531729312,91257679,91298808,9029301251,9030153430,164099602,164031273,N/A,N/A,156322206,156429735,10018048180,10027612951",0,0,8422748621,8415217006,385326894,376578024,158309193,157787757,91603870,91496419,1560435273,1588344082,N/A,N/A,8870338158,8887673590",0,0,8531820163,8529088662,483224540,483142822,477508114,476721735,801731934,796356549,10001400147,10006121923,1552472727,1548151908,N/A,N/A"
1755317356,N/A,N/A,2216841338,2227693719,376578024,385326895,9217263314,9215149141,796382122,801745452,8650894509,8671848042,156429726,156322222,15560520153,15553239433",0,0,N/A,N/A,483142823,483224553,9030092735,9029201274,91497020,91604332,158554675,159035857,9539149310,9439705866,15561386917,15577472821",0,0,2036079790,2071226842,N/A,N/A,476719457,477507115,158377543,157855118,11349088597,11341101468,8671848042,8650895870,8879122499,8889505153",0,0,2228388845,2217603978,711591911,697045811,N/A,N/A,164031247,164099595,9527793603,9451042580,11341076341,11349133668,10203683274,10200950915",0,0,8412941709,8420840434,697059258,711597195,9215365188,9217529776,N/A,N/A,159078273,158745128,1548151908,1552472727,10027529023,10017986361",0,0,8529124233,8531729312,91257679,91298808,9029301251,9030153430,164099602,164031273,N/A,N/A,156322206,156429735,10018048180,10027612951",0,0,8422748621,8415217006,385326894,376578024,158309193,157787757,91603870,91496419,1560435273,1588344082,N/A,N/A,8870338158,8887673590",0,0,8531820163,8529088662,483224540,483142822,477508114,476721735,801731934,796356549,10001400147,10006121923,1552472727,1548151908,N/A,N/A"
1755317357,N/A,N/A,2216841338,2227693719,376578024,385326895,9217263314,9215149141,796382122,801745452,8650894509,8671848042,156429726,156322222,15563864570,15556579041",0,0,N/A,N/A,483142823,483224553,9030092735,9029201274,91497020,91604332,158554675,159035857,9539149310,9439705866,15564728211,15580817170",0,0,2036079790,2071226842,N/A,N/A,476719457,477507115,158377543,157855118,11349088597,11341101468,8671848042,8650895870,8879122499,8889505153",0,0,2228388845,2217603978,711591911,697045811,N/A,N/A,164031247,164099595,9527793603,9451042580,11341076341,11349133668,10203683274,10200950915",0,0,8412941709,8420840434,697059258,711597195,9215365188,9217529776,N/A,N/A,159078273,158745128,1548151908,1552472727,10027529023,10017986361",0,0,8529124233,8531729312,91257679,91298808,9029301251,9030153430,164099602,164031273,N/A,N/A,156322206,156429735,10018048180,10027612951",0,0,8422748621,8415217006,385326894,376578024,158309193,157787757,91603870,91496419,1560435273,1588344082,N/A,N/A,8870338158,8887673590",0,0,8531820163,8529088662,483224540,483142822,477508114,476721735,801731934,796356549,10001400147,10006121923,1552472727,1548151908,N/A,N/A"
1755317359,N/A,N/A,2216841338,2227693719,376578024,385326895,9217263314,9215149141,796382122,801745452,8650894509,8671848042,156429726,156322222,15567203134,15559910804",0,0,N/A,N/A,483142823,483224553,9030092735,9029201274,91497020,91604332,158554675,159035857,9539149310,9439705866,15568056403,15584151205",0,0,2036079790,2071226842,N/A,N/A,476719457,477507115,158377543,157855118,11349088597,11341101468,8671848042,8650895870,8879122499,8889505153",0,0,2228388845,2217603978,711591911,697045811,N/A,N/A,164031247,164099595,9527793603,9451042580,11341076341,11349133668,10203683274,10200950915",0,0,8412941709,8420840434,697059258,711597195,9215365188,9217529776,N/A,N/A,159078273,158745128,1548151908,1552472727,10027529023,10017986361",0,0,8529124233,8531729312,91257679,91298808,9029301251,9030153430,164099602,164031273,N/A,N/A,156322206,156429735,10018048180,10027612951",0,0,8422748621,8415217006,385326894,376578024,158309193,157787757,91603870,91496419,1560435273,1588344082,N/A,N/A,8870338158,8887673590",0,0,8531820163,8529088662,483224540,483142822,477508114,476721735,801731934,796356549,10001400147,10006121923,1552472727,1548151908,N/A,N/A"
1755317360,N/A,N/A,2216841338,2227693719,376578024,385326895,9217263314,9215149141,796382122,801745452,8650894509,8671848042,156429726,156322222,15570491190,15563194533",0,0,N/A,N/A,483142823,483224553,9030092735,9029201274,91497020,91604332,158554675,159035857,9539149310,9439705866,15571344041,15587443139",0,0,2036079790,2071226842,N/A,N/A,476719457,477507115,158377543,157855118,11349088597,11341101468,8671848042,8650895870,8879122499,8889505153",0,0,2228388845,2217603978,711591911,697045811,N/A,N/A,164031247,164099595,9527793603,9451042580,11341076341,11349133668,10203683274,10200950915",0,0,8412941709,8420840434,697059258,711597195,9215365188,9217529776,N/A,N/A,159078273,158745128,1548151908,1552472727,10027529023,10017986361",0,0,8529124233,8531729312,91257679,91298808,9029301251,9030153430,164099602,164031273,N/A,N/A,156322206,156429735,10018048180,10027612951",0,0,8422748621,8415217006,385326894,376578024,158309193,157787757,91603870,91496419,1560435273,1588344082,N/A,N/A,8870338158,8887673590",0,0,8531820163,8529088662,483224540,483142822,477508114,476721735,801731934,796356549,10001400147,10006121923,1552472727,1548151908,N/A,N/A"
1755317362,N/A,N/A,2216841338,2227693719,376578024,385326895,9217263314,9215149141,796382122,801745452,8650894509,8671848042,156429726,156322222,15573765397,15566466667",0,0,N/A,N/A,483142823,483224553,9030092735,9029201274,91497020,91604332,158554675,159035857,9539149310,9439705866,15574614142,15590716998",0,0,2036079790,2071226842,N/A,N/A,476719457,477507115,158377543,157855118,11349088597,11341101468,8671848042,8650895870,8879122499,8889505153",0,0,2228388845,2217603978,711591911,697045811,N/A,N/A,164031247,164099595,9527793603,9451042580,11341076341,11349133668,10203683274,10200950915",0,0,8412941709,8420840434,697059258,711597195,9215365188,9217529776,N/A,N/A,159078273,158745128,1548151908,1552472727,10027529023,10017986361",0,0,8529124233,8531729312,91257679,91298808,9029301251,9030153430,164099602,164031273,N/A,N/A,156322206,156429735,10018048180,10027612951",0,0,8422748621,8415217006,385326894,376578024,158309193,157787757,91603870,91496419,1560435273,1588344082,N/A,N/A,8870338158,8887673590",0,0,8531820163,8529088662,483224540,483142822,477508114,476721735,801731934,796356549,10001400147,10006121923,1552472727,1548151908,N/A,N/A"
1755317363,N/A,N/A,2216841338,2227693719,376578024,385326895,9217263314,9215149141,796382122,801745452,8650894509,8671848042,156429726,156322222,15577077026,15569772132",0,0,N/A,N/A,483142823,483224553,9030092735,9029201274,91497020,91604332,158554675,159035857,9539149310,9439705866,15577908762,15594014212",0,0,2036079790,2071226842,N/A,N/A,476719457,477507115,158377543,157855118,11349088597,11341101468,8671848042,8650895870,8879122499,8889505153",0,0,2228388845,2217603978,711591911,697045811,N/A,N/A,164031247,164099595,9527793603,9451042580,11341076341,11349133668,10203683274,10200950915",0,0,8412941709,8420840434,697059258,711597195,9215365188,9217529776,N/A,N/A,159078273,158745128,1548151908,1552472727,10027529023,10017986361",0,0,8529124233,8531729312,91257679,91298808,9029301251,9030153430,164099602,164031273,N/A,N/A,156322206,156429735,10018048180,10027612951",0,0,8422748621,8415217006,385326894,376578024,158309193,157787757,91603870,91496419,1560435273,1588344082,N/A,N/A,8870338158,8887673590",0,0,8531820163,8529088662,483224540,483142822,477508114,476721735,801731934,796356549,10001400147,10006121923,1552472727,1548151908,N/A,N/A"
1755317365,N/A,N/A,2216841338,2227693719,376578024,385326895,9217263314,9215149141,796382122,801745452,8650894509,8671848042,156429726,156322222,15580369078,15573057408",0,0,N/A,N/A,483142823,483224553,9030092735,9029201274,91497020,91604332,158554675,159035857,9539149310,9439705866,15581204852,15597316091",0,0,2036079790,2071226842,N/A,N/A,476719457,477507115,158377543,157855118,11349088597,11341101468,8671848042,8650895870,8879122499,8889505153",0,0,2228388845,2217603978,711591911,697045811,N/A,N/A,164031247,164099595,9527793603,9451042580,11341076341,11349133668,10203683274,10200950915",0,0,8412941709,8420840434,697059258,711597195,9215365188,9217529776,N/A,N/A,159078273,158745128,1548151908,1552472727,10027529023,10017986361",0,0,8529124233,8531729312,91257679,91298808,9029301251,9030153430,164099602,164031273,N/A,N/A,156322206,156429735,10018048180,10027612951",0,0,8422748621,8415217006,385326894,376578024,158309193,157787757,91603870,91496419,1560435273,1588344082,N/A,N/A,8870338158,8887673590",0,0,8531820163,8529088662,483224540,483142822,477508114,476721735,801731934,796356549,10001400147,10006121923,1552472727,1548151908,N/A,N/A"
1755317366,N/A,N/A,2216841338,2227693719,376578024,385326895,9217263314,9215149141,796382122,801745452,8650894509,8671848042,156429726,156322222,15583670501,15576358452",0,0,N/A,N/A,483142823,483224553,9030092735,9029201274,91497020,91604332,158554675,159035857,9539149310,9439705866,15584502302,15600615654",0,0,2036079790,2071226842,N/A,N/A,476719457,477507115,158377543,157855118,11349088597,11341101468,8671848042,8650895870,8879122499,8889505153",0,0,2228388845,2217603978,711591911,697045811,N/A,N/A,164031247,164099595,9527793603,9451042580,11341076341,11349133668,10203683274,10200950915",0,0,8412941709,8420840434,697059258,711597195,9215365188,9217529776,N/A,N/A,159078273,158745128,1548151908,1552472727,10027529023,10017986361",0,0,8529124233,8531729312,91257679,91298808,9029301251,9030153430,164099602,164031273,N/A,N/A,156322206,156429735,10018048180,10027612951",0,0,8422748621,8415217006,385326894,376578024,158309193,157787757,91603870,91496419,1560435273,1588344082,N/A,N/A,8870338158,8887673590",0,0,8531820163,8529088662,483224540,483142822,477508114,476721735,801731934,796356549,10001400147,10006121923,1552472727,1548151908,N/A,N/A"
1755317368,N/A,N/A,2216841338,2227693719,376578024,385326895,9217263314,9215149141,796382122,801745452,8650894509,8671848042,156429726,156322222,15586969962,15579654133",0,0,N/A,N/A,483142823,483224553,9030092735,9029201274,91497020,91604332,158554675,159035857,9539149310,9439705866,15587805357,15603918726",0,0,2036079790,2071226842,N/A,N/A,476719457,477507115,158377543,157855118,11349088597,11341101468,8671848042,8650895870,8879122499,8889505153",0,0,2228388845,2217603978,711591911,697045811,N/A,N/A,164031247,164099595,9527793603,9451042580,11341076341,11349133668,10203683274,10200950915",0,0,8412941709,8420840434,697059258,711597195,9215365188,9217529776,N/A,N/A,159078273,158745128,1548151908,1552472727,10027529023,10017986361",0,0,8529124233,8531729312,91257679,91298808,9029301251,9030153430,164099602,164031273,N/A,N/A,156322206,156429735,10018048180,10027612951",0,0,8422748621,8415217006,385326894,376578024,158309193,157787757,91603870,91496419,1560435273,1588344082,N/A,N/A,8870338158,8887673590",0,0,8531820163,8529088662,483224540,483142822,477508114,476721735,801731934,796356549,10001400147,10006121923,1552472727,1548151908,N/A,N/A"
1755317369,N/A,N/A,2216841338,2227693719,376578024,385326895,9217263314,9215149141,796382122,801745452,8650894509,8671848042,156429726,156322222,15590264614,15582947075",0,0,N/A,N/A,483142823,483224553,9030092735,9029201274,91497020,91604332,158554675,159035857,9539149310,9439705866,15591094633,15607211565",0,0,2036079790,2071226842,N/A,N/A,476719457,477507115,158377543,157855118,11349088597,11341101468,8671848042,8650895870,8879122499,8889505153",0,0,2228388845,2217603978,711591911,697045811,N/A,N/A,164031247,164099595,9527793603,9451042580,11341076341,11349133668,10203683274,10200950915",0,0,8412941709,8420840434,697059258,711597195,9215365188,9217529776,N/A,N/A,159078273,158745128,1548151908,1552472727,10027529023,10017986361",0,0,8529124233,8531729312,91257679,91298808,9029301251,9030153430,164099602,164031273,N/A,N/A,156322206,156429735,10018048180,10027612951",0,0,8422748621,8415217006,385326894,376578024,158309193,157787757,91603870,91496419,1560435273,1588344082,N/A,N/A,8870338158,8887673590",0,0,8531820163,8529088662,483224540,483142822,477508114,476721735,801731934,796356549,10001400147,10006121923,1552472727,1548151908,N/A,N/A"
1755317371,N/A,N/A,2216841338,2227693719,376578024,385326895,9217263314,9215149141,796382122,801745452,8650894509,8671848042,156429726,156322222,15593673460,15586356844",0,0,N/A,N/A,483142823,483224553,9030092735,9029201274,91497020,91604332,158554675,159035857,9539149310,9439705866,15594504468,15610620543",0,0,2036079790,2071226842,N/A,N/A,476719457,477507115,158377543,157855118,11349088597,11341101468,8671848042,8650895870,8879122499,8889505153",0,0,2228388845,2217603978,711591911,697045811,N/A,N/A,164031247,164099595,9527793603,9451042580,11341076341,11349133668,10203683274,10200950915",0,0,8412941709,8420840434,697059258,711597195,9215365188,9217529776,N/A,N/A,159078273,158745128,1548151908,1552472727,10027529023,10017986361",0,0,8529124233,8531729312,91257679,91298808,9029301251,9030153430,164099602,164031273,N/A,N/A,156322206,156429735,10018048180,10027612951",0,0,8422748621,8415217006,385326894,376578024,158309193,157787757,91603870,91496419,1560435273,1588344082,N/A,N/A,8870338158,8887673590",0,0,8531820163,8529088662,483224540,483142822,477508114,476721735,801731934,796356549,10001400147,10006121923,1552472727,1548151908,N/A,N/A"
1755317372,N/A,N/A,2216841338,2227693719,376578024,385326895,9217263314,9215149141,796382122,801745452,8650894509,8671848042,156429726,156322222,15596942808,15589626731",0,0,N/A,N/A,483142823,483224553,9030092735,9029201274,91497020,91604332,158554675,159035857,9539149310,9439705866,15597773427,15613886216",0,0,2036079790,2071226842,N/A,N/A,476719457,477507115,158377543,157855118,11349088597,11341101468,8671848042,8650895870,8879122499,8889505153",0,0,2228388845,2217603978,711591911,697045811,N/A,N/A,164031247,164099595,9527793603,9451042580,11341076341,11349133668,10203683274,10200950915",0,0,8412941709,8420840434,697059258,711597195,9215365188,9217529776,N/A,N/A,159078273,158745128,1548151908,1552472727,10027529023,10017986361",0,0,8529124233,8531729312,91257679,91298808,9029301251,9030153430,164099602,164031273,N/A,N/A,156322206,156429735,10018048180,10027612951",0,0,8422748621,8415217006,385326894,376578024,158309193,157787757,91603870,91496419,1560435273,1588344082,N/A,N/A,8870338158,8887673590",0,0,8531820163,8529088662,483224540,483142822,477508114,476721735,801731934,796356549,10001400147,10006121923,1552472727,1548151908,N/A,N/A"
1755317374,N/A,N/A,2216841338,2227693719,376578024,385326895,9217263314,9215149141,796382122,801745452,8650894509,8671848042,156429726,156322222,15600238470,15592922326",0,0,N/A,N/A,483142823,483224553,9030092735,9029201274,91497020,91604332,158554675,159035857,9539149310,9439705866,15601069053,15617182080",0,0,2036079790,2071226842,N/A,N/A,476719457,477507115,158377543,157855118,11349088597,11341101468,8671848042,8650895870,8879122499,8889505153",0,0,2228388845,2217603978,711591911,697045811,N/A,N/A,164031247,164099595,9527793603,9451042580,11341076341,11349133668,10203683274,10200950915",0,0,8412941709,8420840434,697059258,711597195,9215365188,9217529776,N/A,N/A,159078273,158745128,1548151908,1552472727,10027529023,10017986361",0,0,8529124233,8531729312,91257679,91298808,9029301251,9030153430,164099602,164031273,N/A,N/A,156322206,156429735,10018048180,10027612951",0,0,8422748621,8415217006,385326894,376578024,158309193,157787757,91603870,91496419,1560435273,1588344082,N/A,N/A,8870338158,8887673590",0,0,8531820163,8529088662,483224540,483142822,477508114,476721735,801731934,796356549,10001400147,10006121923,1552472727,1548151908,N/A,N/A"
1755317375,N/A,N/A,2216841338,2227693719,376578024,385326895,9217263314,9215149141,796382122,801745452,8650894509,8671848042,156429726,156322222,15603529209,15596215265",0,0,N/A,N/A,483142823,483224553,9030092735,9029201274,91497020,91604332,158554675,159035857,9539149310,9439705866,15604362245,15620475009",0,0,2036079790,2071226842,N/A,N/A,476719457,477507115,158377543,157855118,11349088597,11341101468,8671848042,8650895870,8879122499,8889505153",0,0,2228388845,2217603978,711591911,697045811,N/A,N/A,164031247,164099595,9527793603,9451042580,11341076341,11349133668,10203683274,10200950915",0,0,8412941709,8420840434,697059258,711597195,9215365188,9217529776,N/A,N/A,159078273,158745128,1548151908,1552472727,10027529023,10017986361",0,0,8529124233,8531729312,91257679,91298808,9029301251,9030153430,164099602,164031273,N/A,N/A,156322206,156429735,10018048180,10027612951",0,0,8422748621,8415217006,385326894,376578024,158309193,157787757,91603870,91496419,1560435273,1588344082,N/A,N/A,8870338158,8887673590",0,0,8531820163,8529088662,483224540,483142822,477508114,476721735,801731934,796356549,10001400147,10006121923,1552472727,1548151908,N/A,N/A"
1755317376,N/A,N/A,2216841338,2227693719,376578024,385326895,9217263314,9215149141,796382122,801745452,8650894509,8671848042,156429726,156322222,15606855019,15599539298",0,0,N/A,N/A,483142823,483224553,9030092735,9029201274,91497020,91604332,158554675,159035857,9539149310,9439705866,15607688693,15623800878",0,0,2036079790,2071226842,N/A,N/A,476719457,477507115,158377543,157855118,11349088597,11341101468,8671848042,8650895870,8879122499,8889505153",0,0,2228388845,2217603978,711591911,697045811,N/A,N/A,164031247,164099595,9527793603,9451042580,11341076341,11349133668,10203683274,10200950915",0,0,8412941709,8420840434,697059258,711597195,9215365188,9217529776,N/A,N/A,159078273,158745128,1548151908,1552472727,10027529023,10017986361",0,0,8529124233,8531729312,91257679,91298808,9029301251,9030153430,164099602,164031273,N/A,N/A,156322206,156429735,10018048180,10027612951",0,0,8422748621,8415217006,385326894,376578024,158309193,157787757,91603870,91496419,1560435273,1588344082,N/A,N/A,8870338158,8887673590",0,0,8531820163,8529088662,483224540,483142822,477508114,476721735,801731934,796356549,10001400147,10006121923,1552472727,1548151908,N/A,N/A"
1755317378,N/A,N/A,2216841338,2227693719,376578024,385326895,9217263314,9215149141,796382122,801745452,8650894509,8671848042,156429726,156322222,15610189255,15602875680",0,0,N/A,N/A,483142823,483224553,9030092735,9029201274,91497020,91604332,158554675,159035857,9539149310,9439705866,15611020652,15627131364",0,0,2036079790,2071226842,N/A,N/A,476719457,477507115,158377543,157855118,11349088597,11341101468,8671848042,8650895870,8879122499,8889505153",0,0,2228388845,2217603978,711591911,697045811,N/A,N/A,164031247,164099595,9527793603,9451042580,11341076341,11349133668,10203683274,10200950915",0,0,8412941709,8420840434,697059258,711597195,9215365188,9217529776,N/A,N/A,159078273,158745128,1548151908,1552472727,10027529023,10017986361",0,0,8529124233,8531729312,91257679,91298808,9029301251,9030153430,164099602,164031273,N/A,N/A,156322206,156429735,10018048180,10027612951",0,0,8422748621,8415217006,385326894,376578024,158309193,157787757,91603870,91496419,1560435273,1588344082,N/A,N/A,8870338158,8887673590",0,0,8531820163,8529088662,483224540,483142822,477508114,476721735,801731934,796356549,10001400147,10006121923,1552472727,1548151908,N/A,N/A"
1755317379,N/A,N/A,2216841338,2227693719,376578024,385326895,9217263314,9215149141,796382122,801745452,8650894509,8671848042,156429726,156322222,15613529755,15606207035",0,0,N/A,N/A,483142823,483224553,9030092735,9029201274,91497020,91604332,158554675,159035857,9539149310,9439705866,15614355525,15630471733",0,0,2036079790,2071226842,N/A,N/A,476719457,477507115,158377543,157855118,11349088597,11341101468,8671848042,8650895870,8879122499,8889505153",0,0,2228388845,2217603978,711591911,697045811,N/A,N/A,164031247,164099595,9527793603,9451042580,11341076341,11349133668,10203683274,10200950915",0,0,8412941709,8420840434,697059258,711597195,9215365188,9217529776,N/A,N/A,159078273,158745128,1548151908,1552472727,10027529023,10017986361",0,0,8529124233,8531729312,91257679,91298808,9029301251,9030153430,164099602,164031273,N/A,N/A,156322206,156429735,10018048180,10027612951",0,0,8422748621,8415217006,385326894,376578024,158309193,157787757,91603870,91496419,1560435273,1588344082,N/A,N/A,8870338158,8887673590",0,0,8531820163,8529088662,483224540,483142822,477508114,476721735,801731934,796356549,10001400147,10006121923,1552472727,1548151908,N/A,N/A"
1755317381,N/A,N/A,2216841338,2227693719,376578024,385326895,9217263314,9215149141,796382122,801745452,8650894509,8671848042,156429726,156322222,15616816735,15609489041",0,0,N/A,N/A,483142823,483224553,9030092735,9029201274,91497020,91604332,158554675,159035857,9539149310,9439705866,15617639430,15633760596",0,0,2036079790,2071226842,N/A,N/A,476719457,477507115,158377543,157855118,11349088597,11341101468,8671848042,8650895870,8879122499,8889505153",0,0,2228388845,2217603978,711591911,697045811,N/A,N/A,164031247,164099595,9527793603,9451042580,11341076341,11349133668,10203683274,10200950915",0,0,8412941709,8420840434,697059258,711597195,9215365188,9217529776,N/A,N/A,159078273,158745128,1548151908,1552472727,10027529023,10017986361",0,0,8529124233,8531729312,91257679,91298808,9029301251,9030153430,164099602,164031273,N/A,N/A,156322206,156429735,10018048180,10027612951",0,0,8422748621,8415217006,385326894,376578024,158309193,157787757,91603870,91496419,1560435273,1588344082,N/A,N/A,8870338158,8887673590",0,0,8531820163,8529088662,483224540,483142822,477508114,476721735,801731934,796356549,10001400147,10006121923,1552472727,1548151908,N/A,N/A"
1755317382,N/A,N/A,2216841338,2227693719,376578024,385326895,9217263314,9215149141,796382122,801745452,8650894509,8671848042,156429726,156322222,15620061344,15612731658",0,0,N/A,N/A,483142823,483224553,9030092735,9029201274,91497020,91604332,158554675,159035857,9539149310,9439705866,15620880174,15637005240",0,0,2036079790,2071226842,N/A,N/A,476719457,477507115,158377543,157855118,11349088597,11341101468,8671848042,8650895870,8879122499,8889505153",0,0,2228388845,2217603978,711591911,697045811,N/A,N/A,164031247,164099595,9527793603,9451042580,11341076341,11349133668,10203683274,10200950915",0,0,8412941709,8420840434,697059258,711597195,9215365188,9217529776,N/A,N/A,159078273,158745128,1548151908,1552472727,10027529023,10017986361",0,0,8529124233,8531729312,91257679,91298808,9029301251,9030153430,164099602,164031273,N/A,N/A,156322206,156429735,10018048180,10027612951",0,0,8422748621,8415217006,385326894,376578024,158309193,157787757,91603870,91496419,1560435273,1588344082,N/A,N/A,8870338158,8887673590",0,0,8531820163,8529088662,483224540,483142822,477508114,476721735,801731934,796356549,10001400147,10006121923,1552472727,1548151908,N/A,N/A"
1755317384,N/A,N/A,2216841338,2227693719,376578024,385326895,9217263314,9215149141,796382122,801745452,8650894509,8671848042,156429726,156322222,15623357019,15616021192",0,0,N/A,N/A,483142823,483224553,9030092735,9029201274,91497020,91604332,158554675,159035857,9539149310,9439705866,15624169646,15640297335",0,0,2036079790,2071226842,N/A,N/A,476719457,477507115,158377543,157855118,11349088597,11341101468,8671848042,8650895870,8879122499,8889505153",0,0,2228388845,2217603978,711591911,697045811,N/A,N/A,164031247,164099595,9527793603,9451042580,11341076341,11349133668,10203683274,10200950915",0,0,8412941709,8420840434,697059258,711597195,9215365188,9217529776,N/A,N/A,159078273,158745128,1548151908,1552472727,10027529023,10017986361",0,0,8529124233,8531729312,91257679,91298808,9029301251,9030153430,164099602,164031273,N/A,N/A,156322206,156429735,10018048180,10027612951",0,0,8422748621,8415217006,385326894,376578024,158309193,157787757,91603870,91496419,1560435273,1588344082,N/A,N/A,8870338158,8887673590",0,0,8531820163,8529088662,483224540,483142822,477508114,476721735,801731934,796356549,10001400147,10006121923,1552472727,1548151908,N/A,N/A"
1755317385,N/A,N/A,2216841338,2227693719,376578024,385326895,9217263314,9215149141,796382122,801745452,8650894509,8671848042,156429726,156322222,15626669083,15619329706",0,0,N/A,N/A,483142823,483224553,9030092735,9029201274,91497020,91604332,158554675,159035857,9539149310,9439705866,15627478256,15643609445",0,0,2036079790,2071226842,N/A,N/A,476719457,477507115,158377543,157855118,11349088597,11341101468,8671848042,8650895870,8879122499,8889505153",0,0,2228388845,2217603978,711591911,697045811,N/A,N/A,164031247,164099595,9527793603,9451042580,11341076341,11349133668,10203683274,10200950915",0,0,8412941709,8420840434,697059258,711597195,9215365188,9217529776,N/A,N/A,159078273,158745128,1548151908,1552472727,10027529023,10017986361",0,0,8529124233,8531729312,91257679,91298808,9029301251,9030153430,164099602,164031273,N/A,N/A,156322206,156429735,10018048180,10027612951",0,0,8422748621,8415217006,385326894,376578024,158309193,157787757,91603870,91496419,1560435273,1588344082,N/A,N/A,8870338158,8887673590",0,0,8531820163,8529088662,483224540,483142822,477508114,476721735,801731934,796356549,10001400147,10006121923,1552472727,1548151908,N/A,N/A"
1755317387,N/A,N/A,2216841338,2227693719,376578024,385326895,9217263314,9215149141,796382122,801745452,8650894509,8671848042,156429726,156322222,15629925459,15622580698",0,0,N/A,N/A,483142823,483224553,9030092735,9029201274,91497020,91604332,158554675,159035857,9539149310,9439705866,15630726895,15646865675",0,0,2036079790,2071226842,N/A,N/A,476719457,477507115,158377543,157855118,11349088597,11341101468,8671848042,8650895870,8879122499,8889505153",0,0,2228388845,2217603978,711591911,697045811,N/A,N/A,164031247,164099595,9527793603,9451042580,11341076341,11349133668,10203683274,10200950915",0,0,8412941709,8420840434,697059258,711597195,9215365188,9217529776,N/A,N/A,159078273,158745128,1548151908,1552472727,10027529023,10017986361",0,0,8529124233,8531729312,91257679,91298808,9029301251,9030153430,164099602,164031273,N/A,N/A,156322206,156429735,10018048180,10027612951",0,0,8422748621,8415217006,385326894,376578024,158309193,157787757,91603870,91496419,1560435273,1588344082,N/A,N/A,8870338158,8887673590",0,0,8531820163,8529088662,483224540,483142822,477508114,476721735,801731934,796356549,10001400147,10006121923,1552472727,1548151908,N/A,N/A"
1755317388,N/A,N/A,2216841338,2227693719,376578024,385326895,9217263314,9215149141,796382122,801745452,8650894509,8671848042,156429726,156322222,15633302984,15625958287",0,0,N/A,N/A,483142823,483224553,9030092735,9029201274,91497020,91604332,158554675,159035857,9539149310,9439705866,15634104582,15650243326",0,0,2036079790,2071226842,N/A,N/A,476719457,477507115,158377543,157855118,11349088597,11341101468,8671848042,8650895870,8879122499,8889505153",0,0,2228388845,2217603978,711591911,697045811,N/A,N/A,164031247,164099595,9527793603,9451042580,11341076341,11349133668,10203683274,10200950915",0,0,8412941709,8420840434,697059258,711597195,9215365188,9217529776,N/A,N/A,159078273,158745128,1548151908,1552472727,10027529023,10017986361",0,0,8529124233,8531729312,91257679,91298808,9029301251,9030153430,164099602,164031273,N/A,N/A,156322206,156429735,10018048180,10027612951",0,0,8422748621,8415217006,385326894,376578024,158309193,157787757,91603870,91496419,1560435273,1588344082,N/A,N/A,8870338158,8887673590",0,0,8531820163,8529088662,483224540,483142822,477508114,476721735,801731934,796356549,10001400147,10006121923,1552472727,1548151908,N/A,N/A"
1755317390,N/A,N/A,2216841338,2227693719,376578024,385326895,9217263314,9215149141,796382122,801745452,8650894509,8671848042,156429726,156322222,15636580964,15629235856",0,0,N/A,N/A,483142823,483224553,9030092735,9029201274,91497020,91604332,158554675,159035857,9539149310,9439705866,15637379913,15653517385",0,0,2036079790,2071226842,N/A,N/A,476719457,477507115,158377543,157855118,11349088597,11341101468,8671848042,8650895870,8879122499,8889505153",0,0,2228388845,2217603978,711591911,697045811,N/A,N/A,164031247,164099595,9527793603,9451042580,11341076341,11349133668,10203683274,10200950915",0,0,8412941709,8420840434,697059258,711597195,9215365188,9217529776,N/A,N/A,159078273,158745128,1548151908,1552472727,10027529023,10017986361",0,0,8529124233,8531729312,91257679,91298808,9029301251,9030153430,164099602,164031273,N/A,N/A,156322206,156429735,10018048180,10027612951",0,0,8422748621,8415217006,385326894,376578024,158309193,157787757,91603870,91496419,1560435273,1588344082,N/A,N/A,8870338158,8887673590",0,0,8531820163,8529088662,483224540,483142822,477508114,476721735,801731934,796356549,10001400147,10006121923,1552472727,1548151908,N/A,N/A"
1755317391,N/A,N/A,2216841338,2227693719,376578024,385326895,9217263314,9215149141,796382122,801745452,8650894509,8671848042,156429726,156322222,15639919792,15632577554",0,0,N/A,N/A,483142823,483224553,9030092735,9029201274,91497020,91604332,158554675,159035857,9539149310,9439705866,15640723755,15656859936",0,0,2036079790,2071226842,N/A,N/A,476719457,477507115,158377543,157855118,11349088597,11341101468,8671848042,8650895870,8879122499,8889505153",0,0,2228388845,2217603978,711591911,697045811,N/A,N/A,164031247,164099595,9527793603,9451042580,11341076341,11349133668,10203683274,10200950915",0,0,8412941709,8420840434,697059258,711597195,9215365188,9217529776,N/A,N/A,159078273,158745128,1548151908,1552472727,10027529023,10017986361",0,0,8529124233,8531729312,91257679,91298808,9029301251,9030153430,164099602,164031273,N/A,N/A,156322206,156429735,10018048180,10027612951",0,0,8422748621,8415217006,385326894,376578024,158309193,157787757,91603870,91496419,1560435273,1588344082,N/A,N/A,8870338158,8887673590",0,0,8531820163,8529088662,483224540,483142822,477508114,476721735,801731934,796356549,10001400147,10006121923,1552472727,1548151908,N/A,N/A"
1755317393,N/A,N/A,2216841338,2227693719,376578024,385326895,9217263314,9215149141,796382122,801745452,8650894509,8671848042,156429726,156322222,15643229942,15635886624",0,0,N/A,N/A,483142823,483224553,9030092735,9029201274,91497020,91604332,158554675,159035857,9539149310,9439705866,15644032654,15660168284",0,0,2036079790,2071226842,N/A,N/A,476719457,477507115,158377543,157855118,11349088597,11341101468,8671848042,8650895870,8879122499,8889505153",0,0,2228388845,2217603978,711591911,697045811,N/A,N/A,164031247,164099595,9527793603,9451042580,11341076341,11349133668,10203683274,10200950915",0,0,8412941709,8420840434,697059258,711597195,9215365188,9217529776,N/A,N/A,159078273,158745128,1548151908,1552472727,10027529023,10017986361",0,0,8529124233,8531729312,91257679,91298808,9029301251,9030153430,164099602,164031273,N/A,N/A,156322206,156429735,10018048180,10027612951",0,0,8422748621,8415217006,385326894,376578024,158309193,157787757,91603870,91496419,1560435273,1588344082,N/A,N/A,8870338158,8887673590",0,0,8531820163,8529088662,483224540,483142822,477508114,476721735,801731934,796356549,10001400147,10006121923,1552472727,1548151908,N/A,N/A"
1755317394,N/A,N/A,2216841338,2227693719,376578024,385326895,9217263314,9215149141,796382122,801745452,8650894509,8671848042,156429726,156322222,15646579792,15639235911",0,0,N/A,N/A,483142823,483224553,9030092735,9029201274,91497020,91604332,158554675,159035857,9539149310,9439705866,15647380138,15663517391",0,0,2036079790,2071226842,N/A,N/A,476719457,477507115,158377543,157855118,11349088597,11341101468,8671848042,8650895870,8879122499,8889505153",0,0,2228388845,2217603978,711591911,697045811,N/A,N/A,164031247,164099595,9527793603,9451042580,11341076341,11349133668,10203683274,10200950915",0,0,8412941709,8420840434,697059258,711597195,9215365188,9217529776,N/A,N/A,159078273,158745128,1548151908,1552472727,10027529023,10017986361",0,0,8529124233,8531729312,91257679,91298808,9029301251,9030153430,164099602,164031273,N/A,N/A,156322206,156429735,10018048180,10027612951",0,0,8422748621,8415217006,385326894,376578024,158309193,157787757,91603870,91496419,1560435273,1588344082,N/A,N/A,8870338158,8887673590",0,0,8531820163,8529088662,483224540,483142822,477508114,476721735,801731934,796356549,10001400147,10006121923,1552472727,1548151908,N/A,N/A"
1755317396,N/A,N/A,2216841338,2227693719,376578024,385326895,9217263314,9215149141,796382122,801745452,8650894509,8671848042,156429726,156322222,15649969001,15642617825",0,0,N/A,N/A,483142823,483224553,9030092735,9029201274,91497020,91604332,158554675,159035857,9539149310,9439705866,15650760715,15666906957",0,0,2036079790,2071226842,N/A,N/A,476719457,477507115,158377543,157855118,11349088597,11341101468,8671848042,8650895870,8879122499,8889505153",0,0,2228388845,2217603978,711591911,697045811,N/A,N/A,164031247,164099595,9527793603,9451042580,11341076341,11349133668,10203683274,10200950915",0,0,8412941709,8420840434,697059258,711597195,9215365188,9217529776,N/A,N/A,159078273,158745128,1548151908,1552472727,10027529023,10017986361",0,0,8529124233,8531729312,91257679,91298808,9029301251,9030153430,164099602,164031273,N/A,N/A,156322206,156429735,10018048180,10027612951",0,0,8422748621,8415217006,385326894,376578024,158309193,157787757,91603870,91496419,1560435273,1588344082,N/A,N/A,8870338158,8887673590",0,0,8531820163,8529088662,483224540,483142822,477508114,476721735,801731934,796356549,10001400147,10006121923,1552472727,1548151908,N/A,N/A"
1755317397,N/A,N/A,2216841338,2227693719,376578024,385326895,9217263314,9215149141,796382122,801745452,8650894509,8671848042,156429726,156322222,15653309981,15645951501",0,0,N/A,N/A,483142823,483224553,9030092735,9029201274,91497020,91604332,158554675,159035857,9539149310,9439705866,15654093725,15670244532",0,0,2036079790,2071226842,N/A,N/A,476719457,477507115,158377543,157855118,11349088597,11341101468,8671848042,8650895870,8879122499,8889505153",0,0,2228388845,2217603978,711591911,697045811,N/A,N/A,164031247,164099595,9527793603,9451042580,11341076341,11349133668,10203683274,10200950915",0,0,8412941709,8420840434,697059258,711597195,9215365188,9217529776,N/A,N/A,159078273,158745128,1548151908,1552472727,10027529023,10017986361",0,0,8529124233,8531729312,91257679,91298808,9029301251,9030153430,164099602,164031273,N/A,N/A,156322206,156429735,10018048180,10027612951",0,0,8422748621,8415217006,385326894,376578024,158309193,157787757,91603870,91496419,1560435273,1588344082,N/A,N/A,8870338158,8887673590",0,0,8531820163,8529088662,483224540,483142822,477508114,476721735,801731934,796356549,10001400147,10006121923,1552472727,1548151908,N/A,N/A"
1755317399,N/A,N/A,2216841338,2227693719,376578024,385326895,9217263314,9215149141,796382122,801745452,8650894509,8671848042,156429726,156322222,15656687078,15649324517",0,0,N/A,N/A,483142823,483224553,9030092735,9029201274,91497020,91604332,158554675,159035857,9539149310,9439705866,15657467171,15673620136",0,0,2036079790,2071226842,N/A,N/A,476719457,477507115,158377543,157855118,11349088597,11341101468,8671848042,8650895870,8879122499,8889505153",0,0,2228388845,2217603978,711591911,697045811,N/A,N/A,164031247,164099595,9527793603,9451042580,11341076341,11349133668,10203683274,10200950915",0,0,8412941709,8420840434,697059258,711597195,9215365188,9217529776,N/A,N/A,159078273,158745128,1548151908,1552472727,10027529023,10017986361",0,0,8529124233,8531729312,91257679,91298808,9029301251,9030153430,164099602,164031273,N/A,N/A,156322206,156429735,10018048180,10027612951",0,0,8422748621,8415217006,385326894,376578024,158309193,157787757,91603870,91496419,1560435273,1588344082,N/A,N/A,8870338158,8887673590",0,0,8531820163,8529088662,483224540,483142822,477508114,476721735,801731934,796356549,10001400147,10006121923,1552472727,1548151908,N/A,N/A"
1755317400,N/A,N/A,2216841338,2227693719,376578024,385326895,9217263314,9215149141,796382122,801745452,8650894509,8671848042,156429726,156322222,15659984737,15652620670",0,0,N/A,N/A,483142823,483224553,9030092735,9029201274,91497020,91604332,158554675,159035857,9539149310,9439705866,15660763532,15676919036",0,0,2036079790,2071226842,N/A,N/A,476719457,477507115,158377543,157855118,11349088597,11341101468,8671848042,8650895870,8879122499,8889505153",0,0,2228388845,2217603978,711591911,697045811,N/A,N/A,164031247,164099595,9527793603,9451042580,11341076341,11349133668,10203683274,10200950915",0,0,8412941709,8420840434,697059258,711597195,9215365188,9217529776,N/A,N/A,159078273,158745128,1548151908,1552472727,10027529023,10017986361",0,0,8529124233,8531729312,91257679,91298808,9029301251,9030153430,164099602,164031273,N/A,N/A,156322206,156429735,10018048180,10027612951",0,0,8422748621,8415217006,385326894,376578024,158309193,157787757,91603870,91496419,1560435273,1588344082,N/A,N/A,8870338158,8887673590",0,0,8531820163,8529088662,483224540,483142822,477508114,476721735,801731934,796356549,10001400147,10006121923,1552472727,1548151908,N/A,N/A"
1755317401,N/A,N/A,2216841338,2227693719,376578024,385326895,9217263314,9215149141,796382122,801745452,8650894509,8671848042,156429726,156322222,15663322922,15655954800",0,0,N/A,N/A,483142823,483224553,9030092735,9029201274,91497020,91604332,158554675,159035857,9539149310,9439705866,15664096759,15680255976",0,0,2036079790,2071226842,N/A,N/A,476719457,477507115,158377543,157855118,11349088597,11341101468,8671848042,8650895870,8879122499,8889505153",0,0,2228388845,2217603978,711591911,697045811,N/A,N/A,164031247,164099595,9527793603,9451042580,11341076341,11349133668,10203683274,10200950915",0,0,8412941709,8420840434,697059258,711597195,9215365188,9217529776,N/A,N/A,159078273,158745128,1548151908,1552472727,10027529023,10017986361",0,0,8529124233,8531729312,91257679,91298808,9029301251,9030153430,164099602,164031273,N/A,N/A,156322206,156429735,10018048180,10027612951",0,0,8422748621,8415217006,385326894,376578024,158309193,157787757,91603870,91496419,1560435273,1588344082,N/A,N/A,8870338158,8887673590",0,0,8531820163,8529088662,483224540,483142822,477508114,476721735,801731934,796356549,10001400147,10006121923,1552472727,1548151908,N/A,N/A"
1755317403,N/A,N/A,2216841338,2227693719,376578024,385326895,9217263314,9215149141,796382122,801745452,8650894509,8671848042,156429726,156322222,15666685405,15659311130",0,0,N/A,N/A,483142823,483224553,9030092735,9029201274,91497020,91604332,158554675,159035857,9539149310,9439705866,15667433078,15683594146",0,0,2036079790,2071226842,N/A,N/A,476719457,477507115,158377543,157855118,11349088597,11341101468,8671848042,8650895870,8879122499,8889505153",0,0,2228388845,2217603978,711591911,697045811,N/A,N/A,164031247,164099595,9527793603,9451042580,11341076341,11349133668,10203683274,10200950915",0,0,8412941709,8420840434,697059258,711597195,9215365188,9217529776,N/A,N/A,159078273,158745128,1548151908,1552472727,10027529023,10017986361",0,0,8529124233,8531729312,91257679,91298808,9029301251,9030153430,164099602,164031273,N/A,N/A,156322206,156429735,10018048180,10027612951",0,0,8422748621,8415217006,385326894,376578024,158309193,157787757,91603870,91496419,1560435273,1588344082,N/A,N/A,8870338158,8887673590",0,0,8531820163,8529088662,483224540,483142822,477508114,476721735,801731934,796356549,10001400147,10006121923,1552472727,1548151908,N/A,N/A"
1755317404,N/A,N/A,2216841338,2227693719,376578024,385326895,9217263314,9215149141,796382122,801745452,8650894509,8671848042,156429726,156322222,15669965427,15662586927",0,0,N/A,N/A,483142823,483224553,9030092735,9029201274,91497020,91604332,158554675,159035857,9539149310,9439705866,15670708875,15686874168",0,0,2036079790,2071226842,N/A,N/A,476719457,477507115,158377543,157855118,11349088597,11341101468,8671848042,8650895870,8879122499,8889505153",0,0,2228388845,2217603978,711591911,697045811,N/A,N/A,164031247,164099595,9527793603,9451042580,11341076341,11349133668,10203683274,10200950915",0,0,8412941709,8420840434,697059258,711597195,9215365188,9217529776,N/A,N/A,159078273,158745128,1548151908,1552472727,10027529023,10017986361",0,0,8529124233,8531729312,91257679,91298808,9029301251,9030153430,164099602,164031273,N/A,N/A,156322206,156429735,10018048180,10027612951",0,0,8422748621,8415217006,385326894,376578024,158309193,157787757,91603870,91496419,1560435273,1588344082,N/A,N/A,8870338158,8887673590",0,0,8531820163,8529088662,483224540,483142822,477508114,476721735,801731934,796356549,10001400147,10006121923,1552472727,1548151908,N/A,N/A"
1755317406,N/A,N/A,2216841338,2227693719,376578024,385326895,9217263314,9215149141,796382122,801745452,8650894509,8671848042,156429726,156322222,15673253780,15665871599",0,0,N/A,N/A,483142823,483224553,9030092735,9029201274,91497020,91604332,158554675,159035857,9539149310,9439705866,15673993547,15690162521",0,0,2036079790,2071226842,N/A,N/A,476719457,477507115,158377543,157855118,11349088597,11341101468,8671848042,8650895870,8879122499,8889505153",0,0,2228388845,2217603978,711591911,697045811,N/A,N/A,164031247,164099595,9527793603,9451042580,11341076341,11349133668,10203683274,10200950915",0,0,8412941709,8420840434,697059258,711597195,9215365188,9217529776,N/A,N/A,159078273,158745128,1548151908,1552472727,10027529023,10017986361",0,0,8529124233,8531729312,91257679,91298808,9029301251,9030153430,164099602,164031273,N/A,N/A,156322206,156429735,10018048180,10027612951",0,0,8422748621,8415217006,385326894,376578024,158309193,157787757,91603870,91496419,1560435273,1588344082,N/A,N/A,8870338158,8887673590",0,0,8531820163,8529088662,483224540,483142822,477508114,476721735,801731934,796356549,10001400147,10006121923,1552472727,1548151908,N/A,N/A"
1755317407,N/A,N/A,2216841338,2227693719,376578024,385326895,9217263314,9215149141,796382122,801745452,8650894509,8671848042,156429726,156322222,15676544369,15669157829",0,0,N/A,N/A,483142823,483224553,9030092735,9029201274,91497020,91604332,158554675,159035857,9539149310,9439705866,15677279804,15693453129",0,0,2036079790,2071226842,N/A,N/A,476719457,477507115,158377543,157855118,11349088597,11341101468,8671848042,8650895870,8879122499,8889505153",0,0,2228388845,2217603978,711591911,697045811,N/A,N/A,164031247,164099595,9527793603,9451042580,11341076341,11349133668,10203683274,10200950915",0,0,8412941709,8420840434,697059258,711597195,9215365188,9217529776,N/A,N/A,159078273,158745128,1548151908,1552472727,10027529023,10017986361",0,0,8529124233,8531729312,91257679,91298808,9029301251,9030153430,164099602,164031273,N/A,N/A,156322206,156429735,10018048180,10027612951",0,0,8422748621,8415217006,385326894,376578024,158309193,157787757,91603870,91496419,1560435273,1588344082,N/A,N/A,8870338158,8887673590",0,0,8531820163,8529088662,483224540,483142822,477508114,476721735,801731934,796356549,10001400147,10006121923,1552472727,1548151908,N/A,N/A"
1755317409,N/A,N/A,2216841338,2227693719,376578024,385326895,9217263314,9215149141,796382122,801745452,8650894509,8671848042,156429726,156322222,15679834601,15672446074",0,0,N/A,N/A,483142823,483224553,9030092735,9029201274,91497020,91604332,158554675,159035857,9539149310,9439705866,15680568049,15696743360",0,0,2036079790,2071226842,N/A,N/A,476719457,477507115,158377543,157855118,11349088597,11341101468,8671848042,8650895870,8879122499,8889505153",0,0,2228388845,2217603978,711591911,697045811,N/A,N/A,164031247,164099595,9527793603,9451042580,11341076341,11349133668,10203683274,10200950915",0,0,8412941709,8420840434,697059258,711597195,9215365188,9217529776,N/A,N/A,159078273,158745128,1548151908,1552472727,10027529023,10017986361",0,0,8529124233,8531729312,91257679,91298808,9029301251,9030153430,164099602,164031273,N/A,N/A,156322206,156429735,10018048180,10027612951",0,0,8422748621,8415217006,385326894,376578024,158309193,157787757,91603870,91496419,1560435273,1588344082,N/A,N/A,8870338158,8887673590",0,0,8531820163,8529088662,483224540,483142822,477508114,476721735,801731934,796356549,10001400147,10006121923,1552472727,1548151908,N/A,N/A"
1755317410,N/A,N/A,2216841338,2227693719,376578024,385326895,9217263314,9215149141,796382122,801745452,8650894509,8671848042,156429726,156322222,15683131994,15675741767",0,0,N/A,N/A,483142823,483224553,9030092735,9029201274,91497020,91604332,158554675,159035857,9539149310,9439705866,15683863742,15700040754",0,0,2036079790,2071226842,N/A,N/A,476719457,477507115,158377543,157855118,11349088597,11341101468,8671848042,8650895870,8879122499,8889505153",0,0,2228388845,2217603978,711591911,697045811,N/A,N/A,164031247,164099595,9527793603,9451042580,11341076341,11349133668,10203683274,10200950915",0,0,8412941709,8420840434,697059258,711597195,9215365188,9217529776,N/A,N/A,159078273,158745128,1548151908,1552472727,10027529023,10017986361",0,0,8529124233,8531729312,91257679,91298808,9029301251,9030153430,164099602,164031273,N/A,N/A,156322206,156429735,10018048180,10027612951",0,0,8422748621,8415217006,385326894,376578024,158309193,157787757,91603870,91496419,1560435273,1588344082,N/A,N/A,8870338158,8887673590",0,0,8531820163,8529088662,483224540,483142822,477508114,476721735,801731934,796356549,10001400147,10006121923,1552472727,1548151908,N/A,N/A"
1755317412,N/A,N/A,2216841338,2227693719,376578024,385326895,9217263314,9215149141,796382122,801745452,8650894509,8671848042,156429726,156322222,15686429402,15679034778",0,0,N/A,N/A,483142823,483224553,9030092735,9029201274,91497020,91604332,158554675,159035857,9539149310,9439705866,15687178626,15703361860",0,0,2036079790,2071226842,N/A,N/A,476719457,477507115,158377543,157855118,11349088597,11341101468,8671848042,8650895870,8879122499,8889505153",0,0,2228388845,2217603978,711591911,697045811,N/A,N/A,164031247,164099595,9527793603,9451042580,11341076341,11349133668,10203683274,10200950915",0,0,8412941709,8420840434,697059258,711597195,9215365188,9217529776,N/A,N/A,159078273,158745128,1548151908,1552472727,10027529023,10017986361",0,0,8529124233,8531729312,91257679,91298808,9029301251,9030153430,164099602,164031273,N/A,N/A,156322206,156429735,10018048180,10027612951",0,0,8422748621,8415217006,385326894,376578024,158309193,157787757,91603870,91496419,1560435273,1588344082,N/A,N/A,8870338158,8887673590",0,0,8531820163,8529088662,483224540,483142822,477508114,476721735,801731934,796356549,10001400147,10006121923,1552472727,1548151908,N/A,N/A"
1755317413,N/A,N/A,2216841338,2227693719,376578024,385326895,9217263314,9215149141,796382122,801745452,8650894509,8671848042,156429726,156322222,15689760308,15682361994",0,0,N/A,N/A,483142823,483224553,9030092735,9029201274,91497020,91604332,158554675,159035857,9539149310,9439705866,15690505022,15706691862",0,0,2036079790,2071226842,N/A,N/A,476719457,477507115,158377543,157855118,11349088597,11341101468,8671848042,8650895870,8879122499,8889505153",0,0,2228388845,2217603978,711591911,697045811,N/A,N/A,164031247,164099595,9527793603,9451042580,11341076341,11349133668,10203683274,10200950915",0,0,8412941709,8420840434,697059258,711597195,9215365188,9217529776,N/A,N/A,159078273,158745128,1548151908,1552472727,10027529023,10017986361",0,0,8529124233,8531729312,91257679,91298808,9029301251,9030153430,164099602,164031273,N/A,N/A,156322206,156429735,10018048180,10027612951",0,0,8422748621,8415217006,385326894,376578024,158309193,157787757,91603870,91496419,1560435273,1588344082,N/A,N/A,8870338158,8887673590",0,0,8531820163,8529088662,483224540,483142822,477508114,476721735,801731934,796356549,10001400147,10006121923,1552472727,1548151908,N/A,N/A"
1755317415,N/A,N/A,2216841338,2227693719,376578024,385326895,9217263314,9215149141,796382122,801745452,8650894509,8671848042,156429726,156322222,15693119120,15685716485",0,0,N/A,N/A,483142823,483224553,9030092735,9029201274,91497020,91604332,158554675,159035857,9539149310,9439705866,15693858413,15710049660",0,0,2036079790,2071226842,N/A,N/A,476719457,477507115,158377543,157855118,11349088597,11341101468,8671848042,8650895870,8879122499,8889505153",0,0,2228388845,2217603978,711591911,697045811,N/A,N/A,164031247,164099595,9527793603,9451042580,11341076341,11349133668,10203683274,10200950915",0,0,8412941709,8420840434,697059258,711597195,9215365188,9217529776,N/A,N/A,159078273,158745128,1548151908,1552472727,10027529023,10017986361",0,0,8529124233,8531729312,91257679,91298808,9029301251,9030153430,164099602,164031273,N/A,N/A,156322206,156429735,10018048180,10027612951",0,0,8422748621,8415217006,385326894,376578024,158309193,157787757,91603870,91496419,1560435273,1588344082,N/A,N/A,8870338158,8887673590",0,0,8531820163,8529088662,483224540,483142822,477508114,476721735,801731934,796356549,10001400147,10006121923,1552472727,1548151908,N/A,N/A"
1755317416,N/A,N/A,2216841338,2227693719,376578024,385326895,9217263314,9215149141,796382122,801745452,8650894509,8671848042,156429726,156322222,15696485340,15689078577",0,0,N/A,N/A,483142823,483224553,9030092735,9029201274,91497020,91604332,158554675,159035857,9539149310,9439705866,15697227048,15713424257",0,0,2036079790,2071226842,N/A,N/A,476719457,477507115,158377543,157855118,11349088597,11341101468,8671848042,8650895870,8879122499,8889505153",0,0,2228388845,2217603978,711591911,697045811,N/A,N/A,164031247,164099595,9527793603,9451042580,11341076341,11349133668,10203683274,10200950915",0,0,8412941709,8420840434,697059258,711597195,9215365188,9217529776,N/A,N/A,159078273,158745128,1548151908,1552472727,10027529023,10017986361",0,0,8529124233,8531729312,91257679,91298808,9029301251,9030153430,164099602,164031273,N/A,N/A,156322206,156429735,10018048180,10027612951",0,0,8422748621,8415217006,385326894,376578024,158309193,157787757,91603870,91496419,1560435273,1588344082,N/A,N/A,8870338158,8887673590",0,0,8531820163,8529088662,483224540,483142822,477508114,476721735,801731934,796356549,10001400147,10006121923,1552472727,1548151908,N/A,N/A"
1755317418,N/A,N/A,2216841338,2227693719,376578024,385326895,9217263314,9215149141,796382122,801745452,8650894509,8671848042,156429726,156322222,15699734709,15692324515",0,0,N/A,N/A,483142823,483224553,9030092735,9029201274,91497020,91604332,158554675,159035857,9539149310,9439705866,15700468210,15716667043",0,0,2036079790,2071226842,N/A,N/A,476719457,477507115,158377543,157855118,11349088597,11341101468,8671848042,8650895870,8879122499,8889505153",0,0,2228388845,2217603978,711591911,697045811,N/A,N/A,164031247,164099595,9527793603,9451042580,11341076341,11349133668,10203683274,10200950915",0,0,8412941709,8420840434,697059258,711597195,9215365188,9217529776,N/A,N/A,159078273,158745128,1548151908,1552472727,10027529023,10017986361",0,0,8529124233,8531729312,91257679,91298808,9029301251,9030153430,164099602,164031273,N/A,N/A,156322206,156429735,10018048180,10027612951",0,0,8422748621,8415217006,385326894,376578024,158309193,157787757,91603870,91496419,1560435273,1588344082,N/A,N/A,8870338158,8887673590",0,0,8531820163,8529088662,483224540,483142822,477508114,476721735,801731934,796356549,10001400147,10006121923,1552472727,1548151908,N/A,N/A"
1755317419,N/A,N/A,2216841338,2227693719,376578024,385326895,9217263314,9215149141,796382122,801745452,8650894509,8671848042,156429726,156322222,15703063029,15695649385",0,0,N/A,N/A,483142823,483224553,9030092735,9029201274,91497020,91604332,158554675,159035857,9539149310,9439705866,15703796670,15719997117",0,0,2036079790,2071226842,N/A,N/A,476719457,477507115,158377543,157855118,11349088597,11341101468,8671848042,8650895870,8879122499,8889505153",0,0,2228388845,2217603978,711591911,697045811,N/A,N/A,164031247,164099595,9527793603,9451042580,11341076341,11349133668,10203683274,10200950915",0,0,8412941709,8420840434,697059258,711597195,9215365188,9217529776,N/A,N/A,159078273,158745128,1548151908,1552472727,10027529023,10017986361",0,0,8529124233,8531729312,91257679,91298808,9029301251,9030153430,164099602,164031273,N/A,N/A,156322206,156429735,10018048180,10027612951",0,0,8422748621,8415217006,385326894,376578024,158309193,157787757,91603870,91496419,1560435273,1588344082,N/A,N/A,8870338158,8887673590",0,0,8531820163,8529088662,483224540,483142822,477508114,476721735,801731934,796356549,10001400147,10006121923,1552472727,1548151908,N/A,N/A"
1755317421,N/A,N/A,2216841338,2227693719,376578024,385326895,9217263314,9215149141,796382122,801745452,8650894509,8671848042,156429726,156322222,15706381577,15698964703",0,0,N/A,N/A,483142823,483224553,9030092735,9029201274,91497020,91604332,158554675,159035857,9539149310,9439705866,15707108191,15723312714",0,0,2036079790,2071226842,N/A,N/A,476719457,477507115,158377543,157855118,11349088597,11341101468,8671848042,8650895870,8879122499,8889505153",0,0,2228388845,2217603978,711591911,697045811,N/A,N/A,164031247,164099595,9527793603,9451042580,11341076341,11349133668,10203683274,10200950915",0,0,8412941709,8420840434,697059258,711597195,9215365188,9217529776,N/A,N/A,159078273,158745128,1548151908,1552472727,10027529023,10017986361",0,0,8529124233,8531729312,91257679,91298808,9029301251,9030153430,164099602,164031273,N/A,N/A,156322206,156429735,10018048180,10027612951",0,0,8422748621,8415217006,385326894,376578024,158309193,157787757,91603870,91496419,1560435273,1588344082,N/A,N/A,8870338158,8887673590",0,0,8531820163,8529088662,483224540,483142822,477508114,476721735,801731934,796356549,10001400147,10006121923,1552472727,1548151908,N/A,N/A"
1755317422,N/A,N/A,2216841338,2227693719,376578024,385326895,9217263314,9215149141,796382122,801745452,8650894509,8671848042,156429726,156322222,15708763872,15701342921",0,0,N/A,N/A,483142823,483224553,9030092735,9029201274,91497020,91604332,158554675,159035857,9539149310,9439705866,15709466531,15725672495",0,0,2036079790,2071226842,N/A,N/A,476719457,477507115,158377543,157855118,11349088597,11341101468,8671848042,8650895870,8879122499,8889505153",0,0,2228388845,2217603978,711591911,697045811,N/A,N/A,164031247,164099595,9527793603,9451042580,11341076341,11349133668,10203683274,10200950915",0,0,8412941709,8420840434,697059258,711597195,9215365188,9217529776,N/A,N/A,159078273,158745128,1548151908,1552472727,10027529023,10017986361",0,0,8529124233,8531729312,91257679,91298808,9029301251,9030153430,164099602,164031273,N/A,N/A,156322206,156429735,10018048180,10027612951",0,0,8422748621,8415217006,385326894,376578024,158309193,157787757,91603870,91496419,1560435273,1588344082,N/A,N/A,8870338158,8887673590",0,0,8531820163,8529088662,483224540,483142822,477508114,476721735,801731934,796356549,10001400147,10006121923,1552472727,1548151908,N/A,N/A"
1755317424,N/A,N/A,2216841338,2227693719,376578024,385326895,9217263314,9215149141,796382122,801745452,8650894509,8671848042,156429726,156322222,15708763872,15701342921",0,0,N/A,N/A,483142823,483224553,9030092735,9029201274,91497020,91604332,158554675,159035857,9539149310,9439705866,15709466531,15725672495",0,0,2036079790,2071226842,N/A,N/A,476719457,477507115,158377543,157855118,11349088597,11341101468,8671848042,8650895870,8879122499,8889505153",0,0,2228388845,2217603978,711591911,697045811,N/A,N/A,164031247,164099595,9527793603,9451042580,11341076341,11349133668,10203683274,10200950915",0,0,8412941709,8420840434,697059258,711597195,9215365188,9217529776,N/A,N/A,159078273,158745128,1548151908,1552472727,10027529023,10017986361",0,0,8529124233,8531729312,91257679,91298808,9029301251,9030153430,164099602,164031273,N/A,N/A,156322206,156429735,10018048180,10027612951",0,0,8422748621,8415217006,385326894,376578024,158309193,157787757,91603870,91496419,1560435273,1588344082,N/A,N/A,8870338158,8887673590",0,0,8531820163,8529088662,483224540,483142822,477508114,476721735,801731934,796356549,10001400147,10006121923,1552472727,1548151908,N/A,N/A"
1755317425,N/A,N/A,2216841338,2227693719,376578024,385326895,9217263314,9215149141,796382122,801745452,8650894509,8671848042,156429726,156322222,15708763872,15701342921",0,0,N/A,N/A,483142823,483224553,9030092735,9029201274,91497020,91604332,158554675,159035857,9539149310,9439705866,15709466531,15725672495",0,0,2036079790,2071226842,N/A,N/A,476719457,477507115,158377543,157855118,11349088597,11341101468,8671848042,8650895870,8879122499,8889505153",0,0,2228388845,2217603978,711591911,697045811,N/A,N/A,164031247,164099595,9527793603,9451042580,11341076341,11349133668,10203683274,10200950915",0,0,8412941709,8420840434,697059258,711597195,9215365188,9217529776,N/A,N/A,159078273,158745128,1548151908,1552472727,10027529023,10017986361",0,0,8529124233,8531729312,91257679,91298808,9029301251,9030153430,164099602,164031273,N/A,N/A,156322206,156429735,10018048180,10027612951",0,0,8422748621,8415217006,385326894,376578024,158309193,157787757,91603870,91496419,1560435273,1588344082,N/A,N/A,8870338158,8887673590",0,0,8531820163,8529088662,483224540,483142822,477508114,476721735,801731934,796356549,10001400147,10006121923,1552472727,1548151908,N/A,N/A"
1755317427,N/A,N/A,2216841338,2227693719,376578024,385326895,9217263314,9215149141,796382122,801745452,8650894509,8671848042,156429726,156322222,15708763872,15701342921",0,0,N/A,N/A,483142823,483224553,9030092735,9029201274,91497020,91604332,158554675,159035857,9539149310,9439705866,15709466531,15725672495",0,0,2036079790,2071226842,N/A,N/A,476719457,477507115,158377543,157855118,11349088597,11341101468,8671848042,8650895870,8879122499,8889505153",0,0,2228388845,2217603978,711591911,697045811,N/A,N/A,164031247,164099595,9527793603,9451042580,11341076341,11349133668,10203683274,10200950915",0,0,8412941709,8420840434,697059258,711597195,9215365188,9217529776,N/A,N/A,159078273,158745128,1548151908,1552472727,10027529023,10017986361",0,0,8529124233,8531729312,91257679,91298808,9029301251,9030153430,164099602,164031273,N/A,N/A,156322206,156429735,10018048180,10027612951",0,0,8422748621,8415217006,385326894,376578024,158309193,157787757,91603870,91496419,1560435273,1588344082,N/A,N/A,8870338158,8887673590",0,0,8531820163,8529088662,483224540,483142822,477508114,476721735,801731934,796356549,10001400147,10006121923,1552472727,1548151908,N/A,N/A"
1755317428,N/A,N/A,2216841338,2227693719,376578024,385326895,9217263314,9215149141,796382122,801745452,8650894509,8671848042,156429726,156322222,15708763872,15701342921",0,0,N/A,N/A,483142823,483224553,9030092735,9029201274,91497020,91604332,158554675,159035857,9539149310,9439705866,15709466531,15725672495",0,0,2036079790,2071226842,N/A,N/A,476719457,477507115,158377543,157855118,11349088597,11341101468,8671848042,8650895870,8879122499,8889505153",0,0,2228388845,2217603978,711591911,697045811,N/A,N/A,164031247,164099595,9527793603,9451042580,11341076341,11349133668,10203683274,10200950915",0,0,8412941709,8420840434,697059258,711597195,9215365188,9217529776,N/A,N/A,159078273,158745128,1548151908,1552472727,10027529023,10017986361",0,0,8529124233,8531729312,91257679,91298808,9029301251,9030153430,164099602,164031273,N/A,N/A,156322206,156429735,10018048180,10027612951",0,0,8422748621,8415217006,385326894,376578024,158309193,157787757,91603870,91496419,1560435273,1588344082,N/A,N/A,8870338158,8887673590",0,0,8531820163,8529088662,483224540,483142822,477508114,476721735,801731934,796356549,10001400147,10006121923,1552472727,1548151908,N/A,N/A"
1755317429,N/A,N/A,2216841338,2227693719,376578024,385326895,9217263314,9215149141,796382122,801745452,8650894509,8671848042,156429726,156322222,15708763872,15701342921",0,0,N/A,N/A,483142823,483224553,9030092735,9029201274,91497020,91604332,158554675,159035857,9539149310,9439705866,15709466531,15725672495",0,0,2036079790,2071226842,N/A,N/A,476719457,477507115,158377543,157855118,11349088597,11341101468,8671848042,8650895870,8879122499,8889505153",0,0,2228388845,2217603978,711591911,697045811,N/A,N/A,164031247,164099595,9527793603,9451042580,11341076341,11349133668,10203683274,10200950915",0,0,8412941709,8420840434,697059258,711597195,9215365188,9217529776,N/A,N/A,159078273,158745128,1548151908,1552472727,10027529023,10017986361",0,0,8529124233,8531729312,91257679,91298808,9029301251,9030153430,164099602,164031273,N/A,N/A,156322206,156429735,10018048180,10027612951",0,0,8422748621,8415217006,385326894,376578024,158309193,157787757,91603870,91496419,1560435273,1588344082,N/A,N/A,8870338158,8887673590",0,0,8531820163,8529088662,483224540,483142822,477508114,476721735,801731934,796356549,10001400147,10006121923,1552472727,1548151908,N/A,N/A"
1755317431,N/A,N/A,2216841338,2227693719,376578024,385326895,9217263314,9215149141,796382122,801745452,8650894509,8671848042,156429726,156322222,15708763872,15701342921",0,0,N/A,N/A,483142823,483224553,9030092735,9029201274,91497020,91604332,158554675,159035857,9539149310,9439705866,15709466531,15725672495",0,0,2036079790,2071226842,N/A,N/A,476719457,477507115,158377543,157855118,11349088597,11341101468,8671848042,8650895870,8879122499,8889505153",0,0,2228388845,2217603978,711591911,697045811,N/A,N/A,164031247,164099595,9527793603,9451042580,11341076341,11349133668,10203683274,10200950915",0,0,8412941709,8420840434,697059258,711597195,9215365188,9217529776,N/A,N/A,159078273,158745128,1548151908,1552472727,10027529023,10017986361",0,0,8529124233,8531729312,91257679,91298808,9029301251,9030153430,164099602,164031273,N/A,N/A,156322206,156429735,10018048180,10027612951",0,0,8422748621,8415217006,385326894,376578024,158309193,157787757,91603870,91496419,1560435273,1588344082,N/A,N/A,8870338158,8887673590",0,0,8531820163,8529088662,483224540,483142822,477508114,476721735,801731934,796356549,10001400147,10006121923,1552472727,1548151908,N/A,N/A"
