Timestamp,gpu,socket_power,gfx_voltage,soc_voltage,mem_voltage,throttle_status,power_management,gfx_0_clk,gfx_0_min_clk,gfx_0_max_clk,gfx_0_clk_locked,gfx_0_deep_sleep,gfx_1_clk,gfx_1_min_clk,gfx_1_max_clk,gfx_1_clk_locked,gfx_1_deep_sleep,gfx_2_clk,gfx_2_min_clk,gfx_2_max_clk,gfx_2_clk_locked,gfx_2_deep_sleep,gfx_3_clk,gfx_3_min_clk,gfx_3_max_clk,gfx_3_clk_locked,gfx_3_deep_sleep,gfx_4_clk,gfx_4_min_clk,gfx_4_max_clk,gfx_4_clk_locked,gfx_4_deep_sleep,gfx_5_clk,gfx_5_min_clk,gfx_5_max_clk,gfx_5_clk_locked,gfx_5_deep_sleep,gfx_6_clk,gfx_6_min_clk,gfx_6_max_clk,gfx_6_clk_locked,gfx_6_deep_sleep,gfx_7_clk,gfx_7_min_clk,gfx_7_max_clk,gfx_7_clk_locked,gfx_7_deep_sleep,mem_0_clk,mem_0_min_clk,mem_0_max_clk,mem_0_clk_locked,mem_0_deep_sleep,vclk_0_clk,vclk_0_min_clk,vclk_0_max_clk,vclk_0_clk_locked,vclk_0_deep_sleep,vclk_1_clk,vclk_1_min_clk,vclk_1_max_clk,vclk_1_clk_locked,vclk_1_deep_sleep,vclk_2_clk,vclk_2_min_clk,vclk_2_max_clk,vclk_2_clk_locked,vclk_2_deep_sleep,vclk_3_clk,vclk_3_min_clk,vclk_3_max_clk,vclk_3_clk_locked,vclk_3_deep_sleep,dclk_0_clk,dclk_0_min_clk,dclk_0_max_clk,dclk_0_clk_locked,dclk_0_deep_sleep,dclk_1_clk,dclk_1_min_clk,dclk_1_max_clk,dclk_1_clk_locked,dclk_1_deep_sleep,dclk_2_clk,dclk_2_min_clk,dclk_2_max_clk,dclk_2_clk_locked,dclk_2_deep_sleep,dclk_3_clk,dclk_3_min_clk,dclk_3_max_clk,dclk_3_clk_locked,dclk_3_deep_sleep,edge,hotspot,mem
1744926185,0,135,N/A,N/A,N/A,N/A,ENABLED,149,153,2100,DISABLED,DISABLED,132,153,2100,DISABLED,ENABLED,135,153,2100,DISABLED,ENABLED,135,153,2100,DISABLED,ENABLED,131,153,2100,DISABLED,ENABLED,132,153,2100,DISABLED,ENABLED,132,153,2100,DISABLED,ENABLED,132,153,2100,DISABLED,ENABLED,900,900,1300,N/A,DISABLED,29,914,1333,N/A,ENABLED,29,914,1333,N/A,ENABLED,29,914,1333,N/A,ENABLED,29,914,1333,N/A,ENABLED,22,711,1143,N/A,ENABLED,22,711,1143,N/A,ENABLED,22,711,1143,N/A,ENABLED,22,711,1143,N/A,ENABLED,N/A,37,28
1744926186,0,135,N/A,N/A,N/A,N/A,ENABLED,133,500,2100,DISABLED,ENABLED,132,500,2100,DISABLED,ENABLED,132,500,2100,DISABLED,ENABLED,133,500,2100,DISABLED,ENABLED,131,500,2100,DISABLED,ENABLED,132,500,2100,DISABLED,ENABLED,132,500,2100,DISABLED,ENABLED,132,500,2100,DISABLED,ENABLED,900,900,1300,N/A,DISABLED,29,914,1333,N/A,ENABLED,29,914,1333,N/A,ENABLED,29,914,1333,N/A,ENABLED,29,914,1333,N/A,ENABLED,22,711,1143,N/A,ENABLED,22,711,1143,N/A,ENABLED,22,711,1143,N/A,ENABLED,22,711,1143,N/A,ENABLED,N/A,37,28
1744926187,0,135,N/A,N/A,N/A,N/A,ENABLED,132,500,2100,DISABLED,ENABLED,132,500,2100,DISABLED,ENABLED,132,500,2100,DISABLED,ENABLED,132,500,2100,DISABLED,ENABLED,131,500,2100,DISABLED,ENABLED,132,500,2100,DISABLED,ENABLED,132,500,2100,DISABLED,ENABLED,132,500,2100,DISABLED,ENABLED,900,900,1300,N/A,DISABLED,29,914,1333,N/A,ENABLED,29,914,1333,N/A,ENABLED,29,914,1333,N/A,ENABLED,29,914,1333,N/A,ENABLED,22,711,1143,N/A,ENABLED,22,711,1143,N/A,ENABLED,22,711,1143,N/A,ENABLED,22,711,1143,N/A,ENABLED,N/A,37,28
1744926188,0,136,N/A,N/A,N/A,N/A,ENABLED,132,500,2100,DISABLED,ENABLED,132,500,2100,DISABLED,ENABLED,138,500,2100,DISABLED,ENABLED,138,500,2100,DISABLED,ENABLED,131,500,2100,DISABLED,ENABLED,132,500,2100,DISABLED,ENABLED,132,500,2100,DISABLED,ENABLED,132,500,2100,DISABLED,ENABLED,900,900,1300,N/A,DISABLED,29,914,1333,N/A,ENABLED,29,914,1333,N/A,ENABLED,29,914,1333,N/A,ENABLED,29,914,1333,N/A,ENABLED,22,711,1143,N/A,ENABLED,22,711,1143,N/A,ENABLED,22,711,1143,N/A,ENABLED,22,711,1143,N/A,ENABLED,N/A,37,28
1744926190,0,135,N/A,N/A,N/A,N/A,ENABLED,132,500,2100,DISABLED,ENABLED,132,500,2100,DISABLED,ENABLED,137,500,2100,DISABLED,ENABLED,137,500,2100,DISABLED,ENABLED,131,500,2100,DISABLED,ENABLED,132,500,2100,DISABLED,ENABLED,132,500,2100,DISABLED,ENABLED,132,500,2100,DISABLED,ENABLED,900,900,1300,N/A,DISABLED,29,914,1333,N/A,ENABLED,29,914,1333,N/A,ENABLED,29,914,1333,N/A,ENABLED,29,914,1333,N/A,ENABLED,22,711,1143,N/A,ENABLED,22,711,1143,N/A,ENABLED,22,711,1143,N/A,ENABLED,22,711,1143,N/A,ENABLED,N/A,37,28
1744926191,0,135,N/A,N/A,N/A,N/A,ENABLED,138,142,2100,DISABLED,ENABLED,132,142,2100,DISABLED,ENABLED,144,142,2100,DISABLED,DISABLED,144,142,2100,DISABLED,DISABLED,131,142,2100,DISABLED,ENABLED,132,142,2100,DISABLED,ENABLED,132,142,2100,DISABLED,ENABLED,132,142,2100,DISABLED,ENABLED,900,900,1300,N/A,DISABLED,29,914,1333,N/A,ENABLED,29,914,1333,N/A,ENABLED,29,914,1333,N/A,ENABLED,29,914,1333,N/A,ENABLED,22,711,1143,N/A,ENABLED,22,711,1143,N/A,ENABLED,22,711,1143,N/A,ENABLED,22,711,1143,N/A,ENABLED,N/A,37,28
1744926192,0,135,N/A,N/A,N/A,N/A,ENABLED,134,500,2100,DISABLED,ENABLED,132,500,2100,DISABLED,ENABLED,134,500,2100,DISABLED,ENABLED,134,500,2100,DISABLED,ENABLED,131,500,2100,DISABLED,ENABLED,132,500,2100,DISABLED,ENABLED,132,500,2100,DISABLED,ENABLED,132,500,2100,DISABLED,ENABLED,900,900,1300,N/A,DISABLED,29,914,1333,N/A,ENABLED,29,914,1333,N/A,ENABLED,29,914,1333,N/A,ENABLED,29,914,1333,N/A,ENABLED,22,711,1143,N/A,ENABLED,22,711,1143,N/A,ENABLED,22,711,1143,N/A,ENABLED,22,711,1143,N/A,ENABLED,N/A,37,28
1744926193,0,135,N/A,N/A,N/A,N/A,ENABLED,133,500,2100,DISABLED,ENABLED,132,500,2100,DISABLED,ENABLED,134,500,2100,DISABLED,ENABLED,134,500,2100,DISABLED,ENABLED,131,500,2100,DISABLED,ENABLED,132,500,2100,DISABLED,ENABLED,132,500,2100,DISABLED,ENABLED,132,500,2100,DISABLED,ENABLED,900,900,1300,N/A,DISABLED,29,914,1333,N/A,ENABLED,29,914,1333,N/A,ENABLED,29,914,1333,N/A,ENABLED,29,914,1333,N/A,ENABLED,22,711,1143,N/A,ENABLED,22,711,1143,N/A,ENABLED,22,711,1143,N/A,ENABLED,22,711,1143,N/A,ENABLED,N/A,37,28
1744926195,0,135,N/A,N/A,N/A,N/A,ENABLED,132,500,2100,DISABLED,ENABLED,132,500,2100,DISABLED,ENABLED,131,500,2100,DISABLED,ENABLED,132,500,2100,DISABLED,ENABLED,131,500,2100,DISABLED,ENABLED,132,500,2100,DISABLED,ENABLED,132,500,2100,DISABLED,ENABLED,132,500,2100,DISABLED,ENABLED,900,900,1300,N/A,DISABLED,29,914,1333,N/A,ENABLED,29,914,1333,N/A,ENABLED,29,914,1333,N/A,ENABLED,29,914,1333,N/A,ENABLED,22,711,1143,N/A,ENABLED,22,711,1143,N/A,ENABLED,22,711,1143,N/A,ENABLED,22,711,1143,N/A,ENABLED,N/A,37,28
1744926196,0,135,N/A,N/A,N/A,N/A,ENABLED,132,500,2100,DISABLED,ENABLED,132,500,2100,DISABLED,ENABLED,132,500,2100,DISABLED,ENABLED,132,500,2100,DISABLED,ENABLED,131,500,2100,DISABLED,ENABLED,132,500,2100,DISABLED,ENABLED,132,500,2100,DISABLED,ENABLED,132,500,2100,DISABLED,ENABLED,900,900,1300,N/A,DISABLED,29,914,1333,N/A,ENABLED,29,914,1333,N/A,ENABLED,29,914,1333,N/A,ENABLED,29,914,1333,N/A,ENABLED,22,711,1143,N/A,ENABLED,22,711,1143,N/A,ENABLED,22,711,1143,N/A,ENABLED,22,711,1143,N/A,ENABLED,N/A,37,28
1744926197,0,135,N/A,N/A,N/A,N/A,ENABLED,132,500,2100,DISABLED,ENABLED,132,500,2100,DISABLED,ENABLED,134,500,2100,DISABLED,ENABLED,134,500,2100,DISABLED,ENABLED,131,500,2100,DISABLED,ENABLED,132,500,2100,DISABLED,ENABLED,132,500,2100,DISABLED,ENABLED,132,500,2100,DISABLED,ENABLED,900,900,1300,N/A,DISABLED,29,914,1333,N/A,ENABLED,29,914,1333,N/A,ENABLED,29,914,1333,N/A,ENABLED,29,914,1333,N/A,ENABLED,22,711,1143,N/A,ENABLED,22,711,1143,N/A,ENABLED,22,711,1143,N/A,ENABLED,22,711,1143,N/A,ENABLED,N/A,37,28
1744926199,0,135,N/A,N/A,N/A,N/A,ENABLED,132,500,2100,DISABLED,ENABLED,132,500,2100,DISABLED,ENABLED,135,500,2100,DISABLED,ENABLED,135,500,2100,DISABLED,ENABLED,131,500,2100,DISABLED,ENABLED,132,500,2100,DISABLED,ENABLED,132,500,2100,DISABLED,ENABLED,132,500,2100,DISABLED,ENABLED,900,900,1300,N/A,DISABLED,29,914,1333,N/A,ENABLED,29,914,1333,N/A,ENABLED,29,914,1333,N/A,ENABLED,29,914,1333,N/A,ENABLED,22,711,1143,N/A,ENABLED,22,711,1143,N/A,ENABLED,22,711,1143,N/A,ENABLED,22,711,1143,N/A,ENABLED,N/A,37,28
1744926200,0,135,N/A,N/A,N/A,N/A,ENABLED,132,500,2100,DISABLED,ENABLED,132,500,2100,DISABLED,ENABLED,139,500,2100,DISABLED,ENABLED,140,500,2100,DISABLED,ENABLED,131,500,2100,DISABLED,ENABLED,132,500,2100,DISABLED,ENABLED,132,500,2100,DISABLED,ENABLED,132,500,2100,DISABLED,ENABLED,900,900,1300,N/A,DISABLED,29,914,1333,N/A,ENABLED,29,914,1333,N/A,ENABLED,29,914,1333,N/A,ENABLED,29,914,1333,N/A,ENABLED,22,711,1143,N/A,ENABLED,22,711,1143,N/A,ENABLED,22,711,1143,N/A,ENABLED,22,711,1143,N/A,ENABLED,N/A,37,28
1744926201,0,135,N/A,N/A,N/A,N/A,ENABLED,136,140,2100,DISABLED,ENABLED,132,140,2100,DISABLED,ENABLED,134,140,2100,DISABLED,ENABLED,135,140,2100,DISABLED,ENABLED,131,140,2100,DISABLED,ENABLED,132,140,2100,DISABLED,ENABLED,132,140,2100,DISABLED,ENABLED,132,140,2100,DISABLED,ENABLED,900,900,1300,N/A,DISABLED,29,914,1333,N/A,ENABLED,29,914,1333,N/A,ENABLED,29,914,1333,N/A,ENABLED,29,914,1333,N/A,ENABLED,22,711,1143,N/A,ENABLED,22,711,1143,N/A,ENABLED,22,711,1143,N/A,ENABLED,22,711,1143,N/A,ENABLED,N/A,37,28
1744926202,0,164,N/A,N/A,N/A,N/A,ENABLED,2056,500,2100,DISABLED,DISABLED,2060,500,2100,DISABLED,DISABLED,2051,500,2100,DISABLED,DISABLED,2057,500,2100,DISABLED,DISABLED,2050,500,2100,DISABLED,DISABLED,2054,500,2100,DISABLED,DISABLED,2054,500,2100,DISABLED,DISABLED,2055,500,2100,DISABLED,DISABLED,900,900,1300,N/A,DISABLED,29,914,1333,N/A,ENABLED,29,914,1333,N/A,ENABLED,29,914,1333,N/A,ENABLED,29,914,1333,N/A,ENABLED,22,711,1143,N/A,ENABLED,22,711,1143,N/A,ENABLED,22,711,1143,N/A,ENABLED,22,711,1143,N/A,ENABLED,N/A,37,28
1744926204,0,667,N/A,N/A,N/A,N/A,ENABLED,1929,500,2100,DISABLED,DISABLED,1933,500,2100,DISABLED,DISABLED,1928,500,2100,DISABLED,DISABLED,1927,500,2100,DISABLED,DISABLED,1927,500,2100,DISABLED,DISABLED,1923,500,2100,DISABLED,DISABLED,1927,500,2100,DISABLED,DISABLED,1923,500,2100,DISABLED,DISABLED,1300,900,1300,N/A,DISABLED,42,914,1333,N/A,ENABLED,42,914,1333,N/A,ENABLED,42,914,1333,N/A,ENABLED,42,914,1333,N/A,ENABLED,36,711,1143,N/A,ENABLED,36,711,1143,N/A,ENABLED,36,711,1143,N/A,ENABLED,36,711,1143,N/A,ENABLED,N/A,40,44
1744926205,0,669,N/A,N/A,N/A,N/A,ENABLED,1917,500,2100,DISABLED,DISABLED,1916,500,2100,DISABLED,DISABLED,1916,500,2100,DISABLED,DISABLED,1912,500,2100,DISABLED,DISABLED,1911,500,2100,DISABLED,DISABLED,1911,500,2100,DISABLED,DISABLED,1911,500,2100,DISABLED,DISABLED,1907,500,2100,DISABLED,DISABLED,1300,900,1300,N/A,DISABLED,42,914,1333,N/A,ENABLED,42,914,1333,N/A,ENABLED,42,914,1333,N/A,ENABLED,42,914,1333,N/A,ENABLED,36,711,1143,N/A,ENABLED,36,711,1143,N/A,ENABLED,36,711,1143,N/A,ENABLED,36,711,1143,N/A,ENABLED,N/A,44,45
1744926206,0,672,N/A,N/A,N/A,N/A,ENABLED,1923,500,2100,DISABLED,DISABLED,1926,500,2100,DISABLED,DISABLED,1923,500,2100,DISABLED,DISABLED,1920,500,2100,DISABLED,DISABLED,1920,500,2100,DISABLED,DISABLED,1917,500,2100,DISABLED,DISABLED,1921,500,2100,DISABLED,DISABLED,1916,500,2100,DISABLED,DISABLED,1300,900,1300,N/A,DISABLED,42,914,1333,N/A,ENABLED,42,914,1333,N/A,ENABLED,42,914,1333,N/A,ENABLED,42,914,1333,N/A,ENABLED,36,711,1143,N/A,ENABLED,36,711,1143,N/A,ENABLED,36,711,1143,N/A,ENABLED,36,711,1143,N/A,ENABLED,N/A,46,46
1744926207,0,673,N/A,N/A,N/A,N/A,ENABLED,1932,500,2100,DISABLED,DISABLED,1933,500,2100,DISABLED,DISABLED,1931,500,2100,DISABLED,DISABLED,1927,500,2100,DISABLED,DISABLED,1927,500,2100,DISABLED,DISABLED,1925,500,2100,DISABLED,DISABLED,1927,500,2100,DISABLED,DISABLED,1921,500,2100,DISABLED,DISABLED,1300,900,1300,N/A,DISABLED,42,914,1333,N/A,ENABLED,42,914,1333,N/A,ENABLED,42,914,1333,N/A,ENABLED,42,914,1333,N/A,ENABLED,36,711,1143,N/A,ENABLED,36,711,1143,N/A,ENABLED,36,711,1143,N/A,ENABLED,36,711,1143,N/A,ENABLED,N/A,48,46
1744926209,0,675,N/A,N/A,N/A,N/A,ENABLED,1911,500,2100,DISABLED,DISABLED,1914,500,2100,DISABLED,DISABLED,1910,500,2100,DISABLED,DISABLED,1908,500,2100,DISABLED,DISABLED,1908,500,2100,DISABLED,DISABLED,1904,500,2100,DISABLED,DISABLED,1906,500,2100,DISABLED,DISABLED,1902,500,2100,DISABLED,DISABLED,1300,900,1300,N/A,DISABLED,42,914,1333,N/A,ENABLED,42,914,1333,N/A,ENABLED,42,914,1333,N/A,ENABLED,42,914,1333,N/A,ENABLED,36,711,1143,N/A,ENABLED,36,711,1143,N/A,ENABLED,36,711,1143,N/A,ENABLED,36,711,1143,N/A,ENABLED,N/A,50,47
1744926210,0,666,N/A,N/A,N/A,N/A,ENABLED,1913,500,2100,DISABLED,DISABLED,1914,500,2100,DISABLED,DISABLED,1912,500,2100,DISABLED,DISABLED,1908,500,2100,DISABLED,DISABLED,1912,500,2100,DISABLED,DISABLED,1906,500,2100,DISABLED,DISABLED,1909,500,2100,DISABLED,DISABLED,1904,500,2100,DISABLED,DISABLED,1300,900,1300,N/A,DISABLED,42,914,1333,N/A,ENABLED,42,914,1333,N/A,ENABLED,42,914,1333,N/A,ENABLED,42,914,1333,N/A,ENABLED,36,711,1143,N/A,ENABLED,36,711,1143,N/A,ENABLED,36,711,1143,N/A,ENABLED,36,711,1143,N/A,ENABLED,N/A,51,47
1744926211,0,667,N/A,N/A,N/A,N/A,ENABLED,1913,500,2100,DISABLED,DISABLED,1914,500,2100,DISABLED,DISABLED,1912,500,2100,DISABLED,DISABLED,1907,500,2100,DISABLED,DISABLED,1908,500,2100,DISABLED,DISABLED,1906,500,2100,DISABLED,DISABLED,1909,500,2100,DISABLED,DISABLED,1903,500,2100,DISABLED,DISABLED,1300,900,1300,N/A,DISABLED,42,914,1333,N/A,ENABLED,42,914,1333,N/A,ENABLED,42,914,1333,N/A,ENABLED,42,914,1333,N/A,ENABLED,36,711,1143,N/A,ENABLED,36,711,1143,N/A,ENABLED,36,711,1143,N/A,ENABLED,36,711,1143,N/A,ENABLED,N/A,52,47
1744926212,0,667,N/A,N/A,N/A,N/A,ENABLED,1904,500,2100,DISABLED,DISABLED,1906,500,2100,DISABLED,DISABLED,1904,500,2100,DISABLED,DISABLED,1901,500,2100,DISABLED,DISABLED,1901,500,2100,DISABLED,DISABLED,1899,500,2100,DISABLED,DISABLED,1901,500,2100,DISABLED,DISABLED,1895,500,2100,DISABLED,DISABLED,1300,900,1300,N/A,DISABLED,42,914,1333,N/A,ENABLED,42,914,1333,N/A,ENABLED,42,914,1333,N/A,ENABLED,42,914,1333,N/A,ENABLED,36,711,1143,N/A,ENABLED,36,711,1143,N/A,ENABLED,36,711,1143,N/A,ENABLED,36,711,1143,N/A,ENABLED,N/A,53,48
1744926214,0,659,N/A,N/A,N/A,N/A,ENABLED,1922,500,2100,DISABLED,DISABLED,1924,500,2100,DISABLED,DISABLED,1922,500,2100,DISABLED,DISABLED,1919,500,2100,DISABLED,DISABLED,1920,500,2100,DISABLED,DISABLED,1917,500,2100,DISABLED,DISABLED,1920,500,2100,DISABLED,DISABLED,1914,500,2100,DISABLED,DISABLED,1300,900,1300,N/A,DISABLED,42,914,1333,N/A,ENABLED,42,914,1333,N/A,ENABLED,42,914,1333,N/A,ENABLED,42,914,1333,N/A,ENABLED,36,711,1143,N/A,ENABLED,36,711,1143,N/A,ENABLED,36,711,1143,N/A,ENABLED,36,711,1143,N/A,ENABLED,N/A,53,47
1744926215,0,678,N/A,N/A,N/A,N/A,ENABLED,1923,500,2100,DISABLED,DISABLED,1923,500,2100,DISABLED,DISABLED,1922,500,2100,DISABLED,DISABLED,1918,500,2100,DISABLED,DISABLED,1918,500,2100,DISABLED,DISABLED,1915,500,2100,DISABLED,DISABLED,1917,500,2100,DISABLED,DISABLED,1912,500,2100,DISABLED,DISABLED,1300,900,1300,N/A,DISABLED,42,914,1333,N/A,ENABLED,42,914,1333,N/A,ENABLED,42,914,1333,N/A,ENABLED,42,914,1333,N/A,ENABLED,36,711,1143,N/A,ENABLED,36,711,1143,N/A,ENABLED,36,711,1143,N/A,ENABLED,36,711,1143,N/A,ENABLED,N/A,54,48
1744926216,0,668,N/A,N/A,N/A,N/A,ENABLED,1920,500,2100,DISABLED,DISABLED,1920,500,2100,DISABLED,DISABLED,1918,500,2100,DISABLED,DISABLED,1915,500,2100,DISABLED,DISABLED,1915,500,2100,DISABLED,DISABLED,1912,500,2100,DISABLED,DISABLED,1916,500,2100,DISABLED,DISABLED,1910,500,2100,DISABLED,DISABLED,1300,900,1300,N/A,DISABLED,42,914,1333,N/A,ENABLED,42,914,1333,N/A,ENABLED,42,914,1333,N/A,ENABLED,42,914,1333,N/A,ENABLED,36,711,1143,N/A,ENABLED,36,711,1143,N/A,ENABLED,36,711,1143,N/A,ENABLED,36,711,1143,N/A,ENABLED,N/A,54,48
1744926217,0,668,N/A,N/A,N/A,N/A,ENABLED,1917,500,2100,DISABLED,DISABLED,1917,500,2100,DISABLED,DISABLED,1916,500,2100,DISABLED,DISABLED,1913,500,2100,DISABLED,DISABLED,1913,500,2100,DISABLED,DISABLED,1909,500,2100,DISABLED,DISABLED,1912,500,2100,DISABLED,DISABLED,1908,500,2100,DISABLED,DISABLED,1300,900,1300,N/A,DISABLED,42,914,1333,N/A,ENABLED,42,914,1333,N/A,ENABLED,42,914,1333,N/A,ENABLED,42,914,1333,N/A,ENABLED,36,711,1143,N/A,ENABLED,36,711,1143,N/A,ENABLED,36,711,1143,N/A,ENABLED,36,711,1143,N/A,ENABLED,N/A,55,48
1744926219,0,675,N/A,N/A,N/A,N/A,ENABLED,1925,500,2100,DISABLED,DISABLED,1925,500,2100,DISABLED,DISABLED,1923,500,2100,DISABLED,DISABLED,1918,500,2100,DISABLED,DISABLED,1920,500,2100,DISABLED,DISABLED,1917,500,2100,DISABLED,DISABLED,1919,500,2100,DISABLED,DISABLED,1915,500,2100,DISABLED,DISABLED,1300,900,1300,N/A,DISABLED,42,914,1333,N/A,ENABLED,42,914,1333,N/A,ENABLED,42,914,1333,N/A,ENABLED,42,914,1333,N/A,ENABLED,36,711,1143,N/A,ENABLED,36,711,1143,N/A,ENABLED,36,711,1143,N/A,ENABLED,36,711,1143,N/A,ENABLED,N/A,55,49
1744926220,0,673,N/A,N/A,N/A,N/A,ENABLED,1923,500,2100,DISABLED,DISABLED,1924,500,2100,DISABLED,DISABLED,1922,500,2100,DISABLED,DISABLED,1918,500,2100,DISABLED,DISABLED,1918,500,2100,DISABLED,DISABLED,1916,500,2100,DISABLED,DISABLED,1917,500,2100,DISABLED,DISABLED,1913,500,2100,DISABLED,DISABLED,1300,900,1300,N/A,DISABLED,42,914,1333,N/A,ENABLED,42,914,1333,N/A,ENABLED,42,914,1333,N/A,ENABLED,42,914,1333,N/A,ENABLED,36,711,1143,N/A,ENABLED,36,711,1143,N/A,ENABLED,36,711,1143,N/A,ENABLED,36,711,1143,N/A,ENABLED,N/A,56,49
1744926221,0,671,N/A,N/A,N/A,N/A,ENABLED,1924,500,2100,DISABLED,DISABLED,1925,500,2100,DISABLED,DISABLED,1924,500,2100,DISABLED,DISABLED,1919,500,2100,DISABLED,DISABLED,1920,500,2100,DISABLED,DISABLED,1918,500,2100,DISABLED,DISABLED,1919,500,2100,DISABLED,DISABLED,1915,500,2100,DISABLED,DISABLED,1300,900,1300,N/A,DISABLED,42,914,1333,N/A,ENABLED,42,914,1333,N/A,ENABLED,42,914,1333,N/A,ENABLED,42,914,1333,N/A,ENABLED,36,711,1143,N/A,ENABLED,36,711,1143,N/A,ENABLED,36,711,1143,N/A,ENABLED,36,711,1143,N/A,ENABLED,N/A,56,50
1744926222,0,682,N/A,N/A,N/A,N/A,ENABLED,1918,500,2100,DISABLED,DISABLED,1919,500,2100,DISABLED,DISABLED,1918,500,2100,DISABLED,DISABLED,1913,500,2100,DISABLED,DISABLED,1913,500,2100,DISABLED,DISABLED,1912,500,2100,DISABLED,DISABLED,1914,500,2100,DISABLED,DISABLED,1909,500,2100,DISABLED,DISABLED,1300,900,1300,N/A,DISABLED,42,914,1333,N/A,ENABLED,42,914,1333,N/A,ENABLED,42,914,1333,N/A,ENABLED,42,914,1333,N/A,ENABLED,36,711,1143,N/A,ENABLED,36,711,1143,N/A,ENABLED,36,711,1143,N/A,ENABLED,36,711,1143,N/A,ENABLED,N/A,56,50
1744926224,0,673,N/A,N/A,N/A,N/A,ENABLED,1917,500,2100,DISABLED,DISABLED,1918,500,2100,DISABLED,DISABLED,1916,500,2100,DISABLED,DISABLED,1912,500,2100,DISABLED,DISABLED,1912,500,2100,DISABLED,DISABLED,1909,500,2100,DISABLED,DISABLED,1912,500,2100,DISABLED,DISABLED,1908,500,2100,DISABLED,DISABLED,1300,900,1300,N/A,DISABLED,42,914,1333,N/A,ENABLED,42,914,1333,N/A,ENABLED,42,914,1333,N/A,ENABLED,42,914,1333,N/A,ENABLED,36,711,1143,N/A,ENABLED,36,711,1143,N/A,ENABLED,36,711,1143,N/A,ENABLED,36,711,1143,N/A,ENABLED,N/A,56,50
1744926225,0,685,N/A,N/A,N/A,N/A,ENABLED,1905,500,2100,DISABLED,DISABLED,1905,500,2100,DISABLED,DISABLED,1905,500,2100,DISABLED,DISABLED,1900,500,2100,DISABLED,DISABLED,1901,500,2100,DISABLED,DISABLED,1899,500,2100,DISABLED,DISABLED,1900,500,2100,DISABLED,DISABLED,1895,500,2100,DISABLED,DISABLED,1300,900,1300,N/A,DISABLED,42,914,1333,N/A,ENABLED,42,914,1333,N/A,ENABLED,42,914,1333,N/A,ENABLED,42,914,1333,N/A,ENABLED,36,711,1143,N/A,ENABLED,36,711,1143,N/A,ENABLED,36,711,1143,N/A,ENABLED,36,711,1143,N/A,ENABLED,N/A,56,51
1744926226,0,668,N/A,N/A,N/A,N/A,ENABLED,1916,500,2100,DISABLED,DISABLED,1917,500,2100,DISABLED,DISABLED,1915,500,2100,DISABLED,DISABLED,1911,500,2100,DISABLED,DISABLED,1911,500,2100,DISABLED,DISABLED,1908,500,2100,DISABLED,DISABLED,1910,500,2100,DISABLED,DISABLED,1906,500,2100,DISABLED,DISABLED,1300,900,1300,N/A,DISABLED,42,914,1333,N/A,ENABLED,42,914,1333,N/A,ENABLED,42,914,1333,N/A,ENABLED,42,914,1333,N/A,ENABLED,36,711,1143,N/A,ENABLED,36,711,1143,N/A,ENABLED,36,711,1143,N/A,ENABLED,36,711,1143,N/A,ENABLED,N/A,57,50
1744926227,0,662,N/A,N/A,N/A,N/A,ENABLED,1935,500,2100,DISABLED,DISABLED,1936,500,2100,DISABLED,DISABLED,1935,500,2100,DISABLED,DISABLED,1931,500,2100,DISABLED,DISABLED,1931,500,2100,DISABLED,DISABLED,1928,500,2100,DISABLED,DISABLED,1930,500,2100,DISABLED,DISABLED,1926,500,2100,DISABLED,DISABLED,1300,900,1300,N/A,DISABLED,42,914,1333,N/A,ENABLED,42,914,1333,N/A,ENABLED,42,914,1333,N/A,ENABLED,42,914,1333,N/A,ENABLED,36,711,1143,N/A,ENABLED,36,711,1143,N/A,ENABLED,36,711,1143,N/A,ENABLED,36,711,1143,N/A,ENABLED,N/A,57,50
1744926229,0,678,N/A,N/A,N/A,N/A,ENABLED,1894,500,2100,DISABLED,DISABLED,1894,500,2100,DISABLED,DISABLED,1893,500,2100,DISABLED,DISABLED,1889,500,2100,DISABLED,DISABLED,1889,500,2100,DISABLED,DISABLED,1886,500,2100,DISABLED,DISABLED,1890,500,2100,DISABLED,DISABLED,1884,500,2100,DISABLED,DISABLED,1300,900,1300,N/A,DISABLED,42,914,1333,N/A,ENABLED,42,914,1333,N/A,ENABLED,42,914,1333,N/A,ENABLED,42,914,1333,N/A,ENABLED,36,711,1143,N/A,ENABLED,36,711,1143,N/A,ENABLED,36,711,1143,N/A,ENABLED,36,711,1143,N/A,ENABLED,N/A,57,51
1744926230,0,672,N/A,N/A,N/A,N/A,ENABLED,1910,500,2100,DISABLED,DISABLED,1910,500,2100,DISABLED,DISABLED,1910,500,2100,DISABLED,DISABLED,1907,500,2100,DISABLED,DISABLED,1906,500,2100,DISABLED,DISABLED,1903,500,2100,DISABLED,DISABLED,1907,500,2100,DISABLED,DISABLED,1901,500,2100,DISABLED,DISABLED,1300,900,1300,N/A,DISABLED,42,914,1333,N/A,ENABLED,42,914,1333,N/A,ENABLED,42,914,1333,N/A,ENABLED,42,914,1333,N/A,ENABLED,36,711,1143,N/A,ENABLED,36,711,1143,N/A,ENABLED,36,711,1143,N/A,ENABLED,36,711,1143,N/A,ENABLED,N/A,57,50
1744926231,0,669,N/A,N/A,N/A,N/A,ENABLED,1912,500,2100,DISABLED,DISABLED,1913,500,2100,DISABLED,DISABLED,1911,500,2100,DISABLED,DISABLED,1908,500,2100,DISABLED,DISABLED,1908,500,2100,DISABLED,DISABLED,1905,500,2100,DISABLED,DISABLED,1908,500,2100,DISABLED,DISABLED,1903,500,2100,DISABLED,DISABLED,1300,900,1300,N/A,DISABLED,42,914,1333,N/A,ENABLED,42,914,1333,N/A,ENABLED,42,914,1333,N/A,ENABLED,42,914,1333,N/A,ENABLED,36,711,1143,N/A,ENABLED,36,711,1143,N/A,ENABLED,36,711,1143,N/A,ENABLED,36,711,1143,N/A,ENABLED,N/A,57,50
1744926233,0,670,N/A,N/A,N/A,N/A,ENABLED,1890,500,2100,DISABLED,DISABLED,1891,500,2100,DISABLED,DISABLED,1889,500,2100,DISABLED,DISABLED,1887,500,2100,DISABLED,DISABLED,1886,500,2100,DISABLED,DISABLED,1884,500,2100,DISABLED,DISABLED,1886,500,2100,DISABLED,DISABLED,1881,500,2100,DISABLED,DISABLED,1300,900,1300,N/A,DISABLED,42,914,1333,N/A,ENABLED,42,914,1333,N/A,ENABLED,42,914,1333,N/A,ENABLED,42,914,1333,N/A,ENABLED,36,711,1143,N/A,ENABLED,36,711,1143,N/A,ENABLED,36,711,1143,N/A,ENABLED,36,711,1143,N/A,ENABLED,N/A,57,51
1744926234,0,674,N/A,N/A,N/A,N/A,ENABLED,1904,500,2100,DISABLED,DISABLED,1904,500,2100,DISABLED,DISABLED,1902,500,2100,DISABLED,DISABLED,1899,500,2100,DISABLED,DISABLED,1900,500,2100,DISABLED,DISABLED,1897,500,2100,DISABLED,DISABLED,1900,500,2100,DISABLED,DISABLED,1894,500,2100,DISABLED,DISABLED,1300,900,1300,N/A,DISABLED,42,914,1333,N/A,ENABLED,42,914,1333,N/A,ENABLED,42,914,1333,N/A,ENABLED,42,914,1333,N/A,ENABLED,36,711,1143,N/A,ENABLED,36,711,1143,N/A,ENABLED,36,711,1143,N/A,ENABLED,36,711,1143,N/A,ENABLED,N/A,58,51
1744926235,0,677,N/A,N/A,N/A,N/A,ENABLED,1908,500,2100,DISABLED,DISABLED,1908,500,2100,DISABLED,DISABLED,1906,500,2100,DISABLED,DISABLED,1903,500,2100,DISABLED,DISABLED,1903,500,2100,DISABLED,DISABLED,1899,500,2100,DISABLED,DISABLED,1903,500,2100,DISABLED,DISABLED,1898,500,2100,DISABLED,DISABLED,1300,900,1300,N/A,DISABLED,42,914,1333,N/A,ENABLED,42,914,1333,N/A,ENABLED,42,914,1333,N/A,ENABLED,42,914,1333,N/A,ENABLED,36,711,1143,N/A,ENABLED,36,711,1143,N/A,ENABLED,36,711,1143,N/A,ENABLED,36,711,1143,N/A,ENABLED,N/A,58,51
1744926236,0,670,N/A,N/A,N/A,N/A,ENABLED,1903,500,2100,DISABLED,DISABLED,1902,500,2100,DISABLED,DISABLED,1903,500,2100,DISABLED,DISABLED,1897,500,2100,DISABLED,DISABLED,1897,500,2100,DISABLED,DISABLED,1895,500,2100,DISABLED,DISABLED,1897,500,2100,DISABLED,DISABLED,1892,500,2100,DISABLED,DISABLED,1300,900,1300,N/A,DISABLED,42,914,1333,N/A,ENABLED,42,914,1333,N/A,ENABLED,42,914,1333,N/A,ENABLED,42,914,1333,N/A,ENABLED,36,711,1143,N/A,ENABLED,36,711,1143,N/A,ENABLED,36,711,1143,N/A,ENABLED,36,711,1143,N/A,ENABLED,N/A,58,52
1744926238,0,673,N/A,N/A,N/A,N/A,ENABLED,1894,500,2100,DISABLED,DISABLED,1892,500,2100,DISABLED,DISABLED,1894,500,2100,DISABLED,DISABLED,1888,500,2100,DISABLED,DISABLED,1889,500,2100,DISABLED,DISABLED,1887,500,2100,DISABLED,DISABLED,1889,500,2100,DISABLED,DISABLED,1884,500,2100,DISABLED,DISABLED,1300,900,1300,N/A,DISABLED,42,914,1333,N/A,ENABLED,42,914,1333,N/A,ENABLED,42,914,1333,N/A,ENABLED,42,914,1333,N/A,ENABLED,36,711,1143,N/A,ENABLED,36,711,1143,N/A,ENABLED,36,711,1143,N/A,ENABLED,36,711,1143,N/A,ENABLED,N/A,58,52
1744926239,0,676,N/A,N/A,N/A,N/A,ENABLED,1907,500,2100,DISABLED,DISABLED,1905,500,2100,DISABLED,DISABLED,1907,500,2100,DISABLED,DISABLED,1902,500,2100,DISABLED,DISABLED,1902,500,2100,DISABLED,DISABLED,1900,500,2100,DISABLED,DISABLED,1901,500,2100,DISABLED,DISABLED,1897,500,2100,DISABLED,DISABLED,1300,900,1300,N/A,DISABLED,42,914,1333,N/A,ENABLED,42,914,1333,N/A,ENABLED,42,914,1333,N/A,ENABLED,42,914,1333,N/A,ENABLED,36,711,1143,N/A,ENABLED,36,711,1143,N/A,ENABLED,36,711,1143,N/A,ENABLED,36,711,1143,N/A,ENABLED,N/A,58,51
1744926240,0,688,N/A,N/A,N/A,N/A,ENABLED,1895,500,2100,DISABLED,DISABLED,1898,500,2100,DISABLED,DISABLED,1896,500,2100,DISABLED,DISABLED,1893,500,2100,DISABLED,DISABLED,1895,500,2100,DISABLED,DISABLED,1889,500,2100,DISABLED,DISABLED,1894,500,2100,DISABLED,DISABLED,1889,500,2100,DISABLED,DISABLED,1300,900,1300,N/A,DISABLED,42,914,1333,N/A,ENABLED,42,914,1333,N/A,ENABLED,42,914,1333,N/A,ENABLED,42,914,1333,N/A,ENABLED,36,711,1143,N/A,ENABLED,36,711,1143,N/A,ENABLED,36,711,1143,N/A,ENABLED,36,711,1143,N/A,ENABLED,N/A,58,52
1744926241,0,670,N/A,N/A,N/A,N/A,ENABLED,1892,500,2100,DISABLED,DISABLED,1892,500,2100,DISABLED,DISABLED,1891,500,2100,DISABLED,DISABLED,1886,500,2100,DISABLED,DISABLED,1887,500,2100,DISABLED,DISABLED,1885,500,2100,DISABLED,DISABLED,1887,500,2100,DISABLED,DISABLED,1882,500,2100,DISABLED,DISABLED,1300,900,1300,N/A,DISABLED,42,914,1333,N/A,ENABLED,42,914,1333,N/A,ENABLED,42,914,1333,N/A,ENABLED,42,914,1333,N/A,ENABLED,36,711,1143,N/A,ENABLED,36,711,1143,N/A,ENABLED,36,711,1143,N/A,ENABLED,36,711,1143,N/A,ENABLED,N/A,58,52
1744926243,0,674,N/A,N/A,N/A,N/A,ENABLED,1923,500,2100,DISABLED,DISABLED,1924,500,2100,DISABLED,DISABLED,1922,500,2100,DISABLED,DISABLED,1917,500,2100,DISABLED,DISABLED,1917,500,2100,DISABLED,DISABLED,1915,500,2100,DISABLED,DISABLED,1918,500,2100,DISABLED,DISABLED,1913,500,2100,DISABLED,DISABLED,1300,900,1300,N/A,DISABLED,42,914,1333,N/A,ENABLED,42,914,1333,N/A,ENABLED,42,914,1333,N/A,ENABLED,42,914,1333,N/A,ENABLED,36,711,1143,N/A,ENABLED,36,711,1143,N/A,ENABLED,36,711,1143,N/A,ENABLED,36,711,1143,N/A,ENABLED,N/A,58,52
1744926244,0,675,N/A,N/A,N/A,N/A,ENABLED,1893,500,2100,DISABLED,DISABLED,1894,500,2100,DISABLED,DISABLED,1893,500,2100,DISABLED,DISABLED,1888,500,2100,DISABLED,DISABLED,1890,500,2100,DISABLED,DISABLED,1886,500,2100,DISABLED,DISABLED,1889,500,2100,DISABLED,DISABLED,1885,500,2100,DISABLED,DISABLED,1300,900,1300,N/A,DISABLED,42,914,1333,N/A,ENABLED,42,914,1333,N/A,ENABLED,42,914,1333,N/A,ENABLED,42,914,1333,N/A,ENABLED,36,711,1143,N/A,ENABLED,36,711,1143,N/A,ENABLED,36,711,1143,N/A,ENABLED,36,711,1143,N/A,ENABLED,N/A,58,52
1744926245,0,674,N/A,N/A,N/A,N/A,ENABLED,1920,500,2100,DISABLED,DISABLED,1920,500,2100,DISABLED,DISABLED,1919,500,2100,DISABLED,DISABLED,1914,500,2100,DISABLED,DISABLED,1915,500,2100,DISABLED,DISABLED,1912,500,2100,DISABLED,DISABLED,1916,500,2100,DISABLED,DISABLED,1910,500,2100,DISABLED,DISABLED,1300,900,1300,N/A,DISABLED,42,914,1333,N/A,ENABLED,42,914,1333,N/A,ENABLED,42,914,1333,N/A,ENABLED,42,914,1333,N/A,ENABLED,36,711,1143,N/A,ENABLED,36,711,1143,N/A,ENABLED,36,711,1143,N/A,ENABLED,36,711,1143,N/A,ENABLED,N/A,59,51
1744926246,0,677,N/A,N/A,N/A,N/A,ENABLED,1910,500,2100,DISABLED,DISABLED,1910,500,2100,DISABLED,DISABLED,1907,500,2100,DISABLED,DISABLED,1902,500,2100,DISABLED,DISABLED,1904,500,2100,DISABLED,DISABLED,1900,500,2100,DISABLED,DISABLED,1903,500,2100,DISABLED,DISABLED,1899,500,2100,DISABLED,DISABLED,1300,900,1300,N/A,DISABLED,42,914,1333,N/A,ENABLED,42,914,1333,N/A,ENABLED,42,914,1333,N/A,ENABLED,42,914,1333,N/A,ENABLED,36,711,1143,N/A,ENABLED,36,711,1143,N/A,ENABLED,36,711,1143,N/A,ENABLED,36,711,1143,N/A,ENABLED,N/A,59,52
1744926248,0,662,N/A,N/A,N/A,N/A,ENABLED,1926,500,2100,DISABLED,DISABLED,1927,500,2100,DISABLED,DISABLED,1926,500,2100,DISABLED,DISABLED,1921,500,2100,DISABLED,DISABLED,1921,500,2100,DISABLED,DISABLED,1917,500,2100,DISABLED,DISABLED,1922,500,2100,DISABLED,DISABLED,1917,500,2100,DISABLED,DISABLED,1300,900,1300,N/A,DISABLED,42,914,1333,N/A,ENABLED,42,914,1333,N/A,ENABLED,42,914,1333,N/A,ENABLED,42,914,1333,N/A,ENABLED,36,711,1143,N/A,ENABLED,36,711,1143,N/A,ENABLED,36,711,1143,N/A,ENABLED,36,711,1143,N/A,ENABLED,N/A,59,51
1744926249,0,677,N/A,N/A,N/A,N/A,ENABLED,1895,500,2100,DISABLED,DISABLED,1895,500,2100,DISABLED,DISABLED,1894,500,2100,DISABLED,DISABLED,1890,500,2100,DISABLED,DISABLED,1890,500,2100,DISABLED,DISABLED,1887,500,2100,DISABLED,DISABLED,1891,500,2100,DISABLED,DISABLED,1885,500,2100,DISABLED,DISABLED,1300,900,1300,N/A,DISABLED,42,914,1333,N/A,ENABLED,42,914,1333,N/A,ENABLED,42,914,1333,N/A,ENABLED,42,914,1333,N/A,ENABLED,36,711,1143,N/A,ENABLED,36,711,1143,N/A,ENABLED,36,711,1143,N/A,ENABLED,36,711,1143,N/A,ENABLED,N/A,59,52
1744926250,0,675,N/A,N/A,N/A,N/A,ENABLED,1909,500,2100,DISABLED,DISABLED,1908,500,2100,DISABLED,DISABLED,1908,500,2100,DISABLED,DISABLED,1903,500,2100,DISABLED,DISABLED,1904,500,2100,DISABLED,DISABLED,1900,500,2100,DISABLED,DISABLED,1903,500,2100,DISABLED,DISABLED,1899,500,2100,DISABLED,DISABLED,1300,900,1300,N/A,DISABLED,42,914,1333,N/A,ENABLED,42,914,1333,N/A,ENABLED,42,914,1333,N/A,ENABLED,42,914,1333,N/A,ENABLED,36,711,1143,N/A,ENABLED,36,711,1143,N/A,ENABLED,36,711,1143,N/A,ENABLED,36,711,1143,N/A,ENABLED,N/A,59,52
1744926251,0,678,N/A,N/A,N/A,N/A,ENABLED,1883,500,2100,DISABLED,DISABLED,1883,500,2100,DISABLED,DISABLED,1884,500,2100,DISABLED,DISABLED,1879,500,2100,DISABLED,DISABLED,1880,500,2100,DISABLED,DISABLED,1876,500,2100,DISABLED,DISABLED,1879,500,2100,DISABLED,DISABLED,1874,500,2100,DISABLED,DISABLED,1300,900,1300,N/A,DISABLED,42,914,1333,N/A,ENABLED,42,914,1333,N/A,ENABLED,42,914,1333,N/A,ENABLED,42,914,1333,N/A,ENABLED,36,711,1143,N/A,ENABLED,36,711,1143,N/A,ENABLED,36,711,1143,N/A,ENABLED,36,711,1143,N/A,ENABLED,N/A,59,54
1744926253,0,684,N/A,N/A,N/A,N/A,ENABLED,1916,500,2100,DISABLED,DISABLED,1915,500,2100,DISABLED,DISABLED,1916,500,2100,DISABLED,DISABLED,1909,500,2100,DISABLED,DISABLED,1911,500,2100,DISABLED,DISABLED,1907,500,2100,DISABLED,DISABLED,1910,500,2100,DISABLED,DISABLED,1905,500,2100,DISABLED,DISABLED,1300,900,1300,N/A,DISABLED,42,914,1333,N/A,ENABLED,42,914,1333,N/A,ENABLED,42,914,1333,N/A,ENABLED,42,914,1333,N/A,ENABLED,36,711,1143,N/A,ENABLED,36,711,1143,N/A,ENABLED,36,711,1143,N/A,ENABLED,36,711,1143,N/A,ENABLED,N/A,59,53
1744926254,0,673,N/A,N/A,N/A,N/A,ENABLED,1910,500,2100,DISABLED,DISABLED,1911,500,2100,DISABLED,DISABLED,1910,500,2100,DISABLED,DISABLED,1906,500,2100,DISABLED,DISABLED,1906,500,2100,DISABLED,DISABLED,1903,500,2100,DISABLED,DISABLED,1906,500,2100,DISABLED,DISABLED,1901,500,2100,DISABLED,DISABLED,1300,900,1300,N/A,DISABLED,42,914,1333,N/A,ENABLED,42,914,1333,N/A,ENABLED,42,914,1333,N/A,ENABLED,42,914,1333,N/A,ENABLED,36,711,1143,N/A,ENABLED,36,711,1143,N/A,ENABLED,36,711,1143,N/A,ENABLED,36,711,1143,N/A,ENABLED,N/A,59,52
1744926255,0,678,N/A,N/A,N/A,N/A,ENABLED,1893,500,2100,DISABLED,DISABLED,1893,500,2100,DISABLED,DISABLED,1893,500,2100,DISABLED,DISABLED,1888,500,2100,DISABLED,DISABLED,1890,500,2100,DISABLED,DISABLED,1886,500,2100,DISABLED,DISABLED,1888,500,2100,DISABLED,DISABLED,1883,500,2100,DISABLED,DISABLED,1300,900,1300,N/A,DISABLED,42,914,1333,N/A,ENABLED,42,914,1333,N/A,ENABLED,42,914,1333,N/A,ENABLED,42,914,1333,N/A,ENABLED,36,711,1143,N/A,ENABLED,36,711,1143,N/A,ENABLED,36,711,1143,N/A,ENABLED,36,711,1143,N/A,ENABLED,N/A,59,53
1744926256,0,668,N/A,N/A,N/A,N/A,ENABLED,1929,500,2100,DISABLED,DISABLED,1929,500,2100,DISABLED,DISABLED,1929,500,2100,DISABLED,DISABLED,1924,500,2100,DISABLED,DISABLED,1925,500,2100,DISABLED,DISABLED,1921,500,2100,DISABLED,DISABLED,1924,500,2100,DISABLED,DISABLED,1920,500,2100,DISABLED,DISABLED,1300,900,1300,N/A,DISABLED,42,914,1333,N/A,ENABLED,42,914,1333,N/A,ENABLED,42,914,1333,N/A,ENABLED,42,914,1333,N/A,ENABLED,36,711,1143,N/A,ENABLED,36,711,1143,N/A,ENABLED,36,711,1143,N/A,ENABLED,36,711,1143,N/A,ENABLED,N/A,59,52
1744926258,0,675,N/A,N/A,N/A,N/A,ENABLED,1908,500,2100,DISABLED,DISABLED,1909,500,2100,DISABLED,DISABLED,1907,500,2100,DISABLED,DISABLED,1902,500,2100,DISABLED,DISABLED,1903,500,2100,DISABLED,DISABLED,1899,500,2100,DISABLED,DISABLED,1903,500,2100,DISABLED,DISABLED,1897,500,2100,DISABLED,DISABLED,1300,900,1300,N/A,DISABLED,42,914,1333,N/A,ENABLED,42,914,1333,N/A,ENABLED,42,914,1333,N/A,ENABLED,42,914,1333,N/A,ENABLED,36,711,1143,N/A,ENABLED,36,711,1143,N/A,ENABLED,36,711,1143,N/A,ENABLED,36,711,1143,N/A,ENABLED,N/A,59,53
1744926259,0,677,N/A,N/A,N/A,N/A,ENABLED,1886,500,2100,DISABLED,DISABLED,1885,500,2100,DISABLED,DISABLED,1885,500,2100,DISABLED,DISABLED,1881,500,2100,DISABLED,DISABLED,1881,500,2100,DISABLED,DISABLED,1878,500,2100,DISABLED,DISABLED,1881,500,2100,DISABLED,DISABLED,1876,500,2100,DISABLED,DISABLED,1300,900,1300,N/A,DISABLED,42,914,1333,N/A,ENABLED,42,914,1333,N/A,ENABLED,42,914,1333,N/A,ENABLED,42,914,1333,N/A,ENABLED,36,711,1143,N/A,ENABLED,36,711,1143,N/A,ENABLED,36,711,1143,N/A,ENABLED,36,711,1143,N/A,ENABLED,N/A,60,54
1744926260,0,686,N/A,N/A,N/A,N/A,ENABLED,1882,500,2100,DISABLED,DISABLED,1881,500,2100,DISABLED,DISABLED,1880,500,2100,DISABLED,DISABLED,1875,500,2100,DISABLED,DISABLED,1877,500,2100,DISABLED,DISABLED,1873,500,2100,DISABLED,DISABLED,1876,500,2100,DISABLED,DISABLED,1871,500,2100,DISABLED,DISABLED,1300,900,1300,N/A,DISABLED,42,914,1333,N/A,ENABLED,42,914,1333,N/A,ENABLED,42,914,1333,N/A,ENABLED,42,914,1333,N/A,ENABLED,36,711,1143,N/A,ENABLED,36,711,1143,N/A,ENABLED,36,711,1143,N/A,ENABLED,36,711,1143,N/A,ENABLED,N/A,60,53
1744926261,0,686,N/A,N/A,N/A,N/A,ENABLED,1879,500,2100,DISABLED,DISABLED,1878,500,2100,DISABLED,DISABLED,1879,500,2100,DISABLED,DISABLED,1873,500,2100,DISABLED,DISABLED,1875,500,2100,DISABLED,DISABLED,1872,500,2100,DISABLED,DISABLED,1874,500,2100,DISABLED,DISABLED,1868,500,2100,DISABLED,DISABLED,1300,900,1300,N/A,DISABLED,42,914,1333,N/A,ENABLED,42,914,1333,N/A,ENABLED,42,914,1333,N/A,ENABLED,42,914,1333,N/A,ENABLED,36,711,1143,N/A,ENABLED,36,711,1143,N/A,ENABLED,36,711,1143,N/A,ENABLED,36,711,1143,N/A,ENABLED,N/A,60,54
1744926263,0,682,N/A,N/A,N/A,N/A,ENABLED,1900,500,2100,DISABLED,DISABLED,1899,500,2100,DISABLED,DISABLED,1899,500,2100,DISABLED,DISABLED,1894,500,2100,DISABLED,DISABLED,1894,500,2100,DISABLED,DISABLED,1892,500,2100,DISABLED,DISABLED,1895,500,2100,DISABLED,DISABLED,1889,500,2100,DISABLED,DISABLED,1300,900,1300,N/A,DISABLED,42,914,1333,N/A,ENABLED,42,914,1333,N/A,ENABLED,42,914,1333,N/A,ENABLED,42,914,1333,N/A,ENABLED,36,711,1143,N/A,ENABLED,36,711,1143,N/A,ENABLED,36,711,1143,N/A,ENABLED,36,711,1143,N/A,ENABLED,N/A,60,54
1744926264,0,682,N/A,N/A,N/A,N/A,ENABLED,1901,500,2100,DISABLED,DISABLED,1900,500,2100,DISABLED,DISABLED,1901,500,2100,DISABLED,DISABLED,1895,500,2100,DISABLED,DISABLED,1896,500,2100,DISABLED,DISABLED,1892,500,2100,DISABLED,DISABLED,1896,500,2100,DISABLED,DISABLED,1891,500,2100,DISABLED,DISABLED,1300,900,1300,N/A,DISABLED,42,914,1333,N/A,ENABLED,42,914,1333,N/A,ENABLED,42,914,1333,N/A,ENABLED,42,914,1333,N/A,ENABLED,36,711,1143,N/A,ENABLED,36,711,1143,N/A,ENABLED,36,711,1143,N/A,ENABLED,36,711,1143,N/A,ENABLED,N/A,60,54
1744926265,0,675,N/A,N/A,N/A,N/A,ENABLED,1907,500,2100,DISABLED,DISABLED,1908,500,2100,DISABLED,DISABLED,1906,500,2100,DISABLED,DISABLED,1902,500,2100,DISABLED,DISABLED,1902,500,2100,DISABLED,DISABLED,1898,500,2100,DISABLED,DISABLED,1902,500,2100,DISABLED,DISABLED,1898,500,2100,DISABLED,DISABLED,1300,900,1300,N/A,DISABLED,42,914,1333,N/A,ENABLED,42,914,1333,N/A,ENABLED,42,914,1333,N/A,ENABLED,42,914,1333,N/A,ENABLED,36,711,1143,N/A,ENABLED,36,711,1143,N/A,ENABLED,36,711,1143,N/A,ENABLED,36,711,1143,N/A,ENABLED,N/A,60,53
1744926266,0,670,N/A,N/A,N/A,N/A,ENABLED,1900,500,2100,DISABLED,DISABLED,1900,500,2100,DISABLED,DISABLED,1899,500,2100,DISABLED,DISABLED,1896,500,2100,DISABLED,DISABLED,1896,500,2100,DISABLED,DISABLED,1893,500,2100,DISABLED,DISABLED,1896,500,2100,DISABLED,DISABLED,1892,500,2100,DISABLED,DISABLED,1300,900,1300,N/A,DISABLED,42,914,1333,N/A,ENABLED,42,914,1333,N/A,ENABLED,42,914,1333,N/A,ENABLED,42,914,1333,N/A,ENABLED,36,711,1143,N/A,ENABLED,36,711,1143,N/A,ENABLED,36,711,1143,N/A,ENABLED,36,711,1143,N/A,ENABLED,N/A,60,53
1744926268,0,679,N/A,N/A,N/A,N/A,ENABLED,1902,500,2100,DISABLED,DISABLED,1902,500,2100,DISABLED,DISABLED,1902,500,2100,DISABLED,DISABLED,1897,500,2100,DISABLED,DISABLED,1898,500,2100,DISABLED,DISABLED,1896,500,2100,DISABLED,DISABLED,1898,500,2100,DISABLED,DISABLED,1892,500,2100,DISABLED,DISABLED,1300,900,1300,N/A,DISABLED,42,914,1333,N/A,ENABLED,42,914,1333,N/A,ENABLED,42,914,1333,N/A,ENABLED,42,914,1333,N/A,ENABLED,36,711,1143,N/A,ENABLED,36,711,1143,N/A,ENABLED,36,711,1143,N/A,ENABLED,36,711,1143,N/A,ENABLED,N/A,60,54
1744926269,0,671,N/A,N/A,N/A,N/A,ENABLED,1933,500,2100,DISABLED,DISABLED,1932,500,2100,DISABLED,DISABLED,1931,500,2100,DISABLED,DISABLED,1927,500,2100,DISABLED,DISABLED,1927,500,2100,DISABLED,DISABLED,1925,500,2100,DISABLED,DISABLED,1927,500,2100,DISABLED,DISABLED,1922,500,2100,DISABLED,DISABLED,1300,900,1300,N/A,DISABLED,42,914,1333,N/A,ENABLED,42,914,1333,N/A,ENABLED,42,914,1333,N/A,ENABLED,42,914,1333,N/A,ENABLED,36,711,1143,N/A,ENABLED,36,711,1143,N/A,ENABLED,36,711,1143,N/A,ENABLED,36,711,1143,N/A,ENABLED,N/A,60,53
1744926270,0,676,N/A,N/A,N/A,N/A,ENABLED,1897,500,2100,DISABLED,DISABLED,1896,500,2100,DISABLED,DISABLED,1897,500,2100,DISABLED,DISABLED,1892,500,2100,DISABLED,DISABLED,1892,500,2100,DISABLED,DISABLED,1890,500,2100,DISABLED,DISABLED,1891,500,2100,DISABLED,DISABLED,1887,500,2100,DISABLED,DISABLED,1300,900,1300,N/A,DISABLED,42,914,1333,N/A,ENABLED,42,914,1333,N/A,ENABLED,42,914,1333,N/A,ENABLED,42,914,1333,N/A,ENABLED,36,711,1143,N/A,ENABLED,36,711,1143,N/A,ENABLED,36,711,1143,N/A,ENABLED,36,711,1143,N/A,ENABLED,N/A,60,54
1744926271,0,685,N/A,N/A,N/A,N/A,ENABLED,1892,500,2100,DISABLED,DISABLED,1892,500,2100,DISABLED,DISABLED,1891,500,2100,DISABLED,DISABLED,1887,500,2100,DISABLED,DISABLED,1887,500,2100,DISABLED,DISABLED,1883,500,2100,DISABLED,DISABLED,1887,500,2100,DISABLED,DISABLED,1882,500,2100,DISABLED,DISABLED,1300,900,1300,N/A,DISABLED,42,914,1333,N/A,ENABLED,42,914,1333,N/A,ENABLED,42,914,1333,N/A,ENABLED,42,914,1333,N/A,ENABLED,36,711,1143,N/A,ENABLED,36,711,1143,N/A,ENABLED,36,711,1143,N/A,ENABLED,36,711,1143,N/A,ENABLED,N/A,60,54
1744926273,0,672,N/A,N/A,N/A,N/A,ENABLED,1890,500,2100,DISABLED,DISABLED,1889,500,2100,DISABLED,DISABLED,1889,500,2100,DISABLED,DISABLED,1885,500,2100,DISABLED,DISABLED,1885,500,2100,DISABLED,DISABLED,1883,500,2100,DISABLED,DISABLED,1886,500,2100,DISABLED,DISABLED,1881,500,2100,DISABLED,DISABLED,1300,900,1300,N/A,DISABLED,42,914,1333,N/A,ENABLED,42,914,1333,N/A,ENABLED,42,914,1333,N/A,ENABLED,42,914,1333,N/A,ENABLED,36,711,1143,N/A,ENABLED,36,711,1143,N/A,ENABLED,36,711,1143,N/A,ENABLED,36,711,1143,N/A,ENABLED,N/A,60,55
1744926274,0,683,N/A,N/A,N/A,N/A,ENABLED,1893,500,2100,DISABLED,DISABLED,1893,500,2100,DISABLED,DISABLED,1891,500,2100,DISABLED,DISABLED,1889,500,2100,DISABLED,DISABLED,1889,500,2100,DISABLED,DISABLED,1885,500,2100,DISABLED,DISABLED,1889,500,2100,DISABLED,DISABLED,1884,500,2100,DISABLED,DISABLED,1300,900,1300,N/A,DISABLED,42,914,1333,N/A,ENABLED,42,914,1333,N/A,ENABLED,42,914,1333,N/A,ENABLED,42,914,1333,N/A,ENABLED,36,711,1143,N/A,ENABLED,36,711,1143,N/A,ENABLED,36,711,1143,N/A,ENABLED,36,711,1143,N/A,ENABLED,N/A,60,55
1744926275,0,673,N/A,N/A,N/A,N/A,ENABLED,1888,500,2100,DISABLED,DISABLED,1885,500,2100,DISABLED,DISABLED,1886,500,2100,DISABLED,DISABLED,1880,500,2100,DISABLED,DISABLED,1880,500,2100,DISABLED,DISABLED,1879,500,2100,DISABLED,DISABLED,1881,500,2100,DISABLED,DISABLED,1877,500,2100,DISABLED,DISABLED,1300,900,1300,N/A,DISABLED,42,914,1333,N/A,ENABLED,42,914,1333,N/A,ENABLED,42,914,1333,N/A,ENABLED,42,914,1333,N/A,ENABLED,36,711,1143,N/A,ENABLED,36,711,1143,N/A,ENABLED,36,711,1143,N/A,ENABLED,36,711,1143,N/A,ENABLED,N/A,60,54
1744926276,0,677,N/A,N/A,N/A,N/A,ENABLED,1910,500,2100,DISABLED,DISABLED,1909,500,2100,DISABLED,DISABLED,1909,500,2100,DISABLED,DISABLED,1904,500,2100,DISABLED,DISABLED,1905,500,2100,DISABLED,DISABLED,1902,500,2100,DISABLED,DISABLED,1904,500,2100,DISABLED,DISABLED,1900,500,2100,DISABLED,DISABLED,1300,900,1300,N/A,DISABLED,42,914,1333,N/A,ENABLED,42,914,1333,N/A,ENABLED,42,914,1333,N/A,ENABLED,42,914,1333,N/A,ENABLED,36,711,1143,N/A,ENABLED,36,711,1143,N/A,ENABLED,36,711,1143,N/A,ENABLED,36,711,1143,N/A,ENABLED,N/A,61,54
1744926278,0,675,N/A,N/A,N/A,N/A,ENABLED,1916,500,2100,DISABLED,DISABLED,1915,500,2100,DISABLED,DISABLED,1915,500,2100,DISABLED,DISABLED,1912,500,2100,DISABLED,DISABLED,1911,500,2100,DISABLED,DISABLED,1909,500,2100,DISABLED,DISABLED,1910,500,2100,DISABLED,DISABLED,1905,500,2100,DISABLED,DISABLED,1300,900,1300,N/A,DISABLED,42,914,1333,N/A,ENABLED,42,914,1333,N/A,ENABLED,42,914,1333,N/A,ENABLED,42,914,1333,N/A,ENABLED,36,711,1143,N/A,ENABLED,36,711,1143,N/A,ENABLED,36,711,1143,N/A,ENABLED,36,711,1143,N/A,ENABLED,N/A,61,54
1744926279,0,682,N/A,N/A,N/A,N/A,ENABLED,1900,500,2100,DISABLED,DISABLED,1901,500,2100,DISABLED,DISABLED,1901,500,2100,DISABLED,DISABLED,1895,500,2100,DISABLED,DISABLED,1897,500,2100,DISABLED,DISABLED,1893,500,2100,DISABLED,DISABLED,1896,500,2100,DISABLED,DISABLED,1891,500,2100,DISABLED,DISABLED,1300,900,1300,N/A,DISABLED,42,914,1333,N/A,ENABLED,42,914,1333,N/A,ENABLED,42,914,1333,N/A,ENABLED,42,914,1333,N/A,ENABLED,36,711,1143,N/A,ENABLED,36,711,1143,N/A,ENABLED,36,711,1143,N/A,ENABLED,36,711,1143,N/A,ENABLED,N/A,61,55
1744926280,0,679,N/A,N/A,N/A,N/A,ENABLED,1898,500,2100,DISABLED,DISABLED,1897,500,2100,DISABLED,DISABLED,1898,500,2100,DISABLED,DISABLED,1895,500,2100,DISABLED,DISABLED,1892,500,2100,DISABLED,DISABLED,1890,500,2100,DISABLED,DISABLED,1892,500,2100,DISABLED,DISABLED,1887,500,2100,DISABLED,DISABLED,1300,900,1300,N/A,DISABLED,42,914,1333,N/A,ENABLED,42,914,1333,N/A,ENABLED,42,914,1333,N/A,ENABLED,42,914,1333,N/A,ENABLED,36,711,1143,N/A,ENABLED,36,711,1143,N/A,ENABLED,36,711,1143,N/A,ENABLED,36,711,1143,N/A,ENABLED,N/A,61,55
1744926281,0,686,N/A,N/A,N/A,N/A,ENABLED,1888,500,2100,DISABLED,DISABLED,1886,500,2100,DISABLED,DISABLED,1887,500,2100,DISABLED,DISABLED,1882,500,2100,DISABLED,DISABLED,1882,500,2100,DISABLED,DISABLED,1880,500,2100,DISABLED,DISABLED,1882,500,2100,DISABLED,DISABLED,1877,500,2100,DISABLED,DISABLED,1300,900,1300,N/A,DISABLED,42,914,1333,N/A,ENABLED,42,914,1333,N/A,ENABLED,42,914,1333,N/A,ENABLED,42,914,1333,N/A,ENABLED,36,711,1143,N/A,ENABLED,36,711,1143,N/A,ENABLED,36,711,1143,N/A,ENABLED,36,711,1143,N/A,ENABLED,N/A,61,55
1744926283,0,677,N/A,N/A,N/A,N/A,ENABLED,1903,500,2100,DISABLED,DISABLED,1902,500,2100,DISABLED,DISABLED,1903,500,2100,DISABLED,DISABLED,1896,500,2100,DISABLED,DISABLED,1898,500,2100,DISABLED,DISABLED,1895,500,2100,DISABLED,DISABLED,1897,500,2100,DISABLED,DISABLED,1893,500,2100,DISABLED,DISABLED,1300,900,1300,N/A,DISABLED,42,914,1333,N/A,ENABLED,42,914,1333,N/A,ENABLED,42,914,1333,N/A,ENABLED,42,914,1333,N/A,ENABLED,36,711,1143,N/A,ENABLED,36,711,1143,N/A,ENABLED,36,711,1143,N/A,ENABLED,36,711,1143,N/A,ENABLED,N/A,61,55
1744926284,0,680,N/A,N/A,N/A,N/A,ENABLED,1881,500,2100,DISABLED,DISABLED,1880,500,2100,DISABLED,DISABLED,1879,500,2100,DISABLED,DISABLED,1875,500,2100,DISABLED,DISABLED,1876,500,2100,DISABLED,DISABLED,1872,500,2100,DISABLED,DISABLED,1875,500,2100,DISABLED,DISABLED,1871,500,2100,DISABLED,DISABLED,1300,900,1300,N/A,DISABLED,42,914,1333,N/A,ENABLED,42,914,1333,N/A,ENABLED,42,914,1333,N/A,ENABLED,42,914,1333,N/A,ENABLED,36,711,1143,N/A,ENABLED,36,711,1143,N/A,ENABLED,36,711,1143,N/A,ENABLED,36,711,1143,N/A,ENABLED,N/A,61,55
1744926285,0,686,N/A,N/A,N/A,N/A,ENABLED,1908,500,2100,DISABLED,DISABLED,1907,500,2100,DISABLED,DISABLED,1906,500,2100,DISABLED,DISABLED,1900,500,2100,DISABLED,DISABLED,1902,500,2100,DISABLED,DISABLED,1900,500,2100,DISABLED,DISABLED,1902,500,2100,DISABLED,DISABLED,1897,500,2100,DISABLED,DISABLED,1300,900,1300,N/A,DISABLED,42,914,1333,N/A,ENABLED,42,914,1333,N/A,ENABLED,42,914,1333,N/A,ENABLED,42,914,1333,N/A,ENABLED,36,711,1143,N/A,ENABLED,36,711,1143,N/A,ENABLED,36,711,1143,N/A,ENABLED,36,711,1143,N/A,ENABLED,N/A,61,55
1744926286,0,677,N/A,N/A,N/A,N/A,ENABLED,1919,500,2100,DISABLED,DISABLED,1918,500,2100,DISABLED,DISABLED,1918,500,2100,DISABLED,DISABLED,1914,500,2100,DISABLED,DISABLED,1913,500,2100,DISABLED,DISABLED,1910,500,2100,DISABLED,DISABLED,1913,500,2100,DISABLED,DISABLED,1908,500,2100,DISABLED,DISABLED,1300,900,1300,N/A,DISABLED,42,914,1333,N/A,ENABLED,42,914,1333,N/A,ENABLED,42,914,1333,N/A,ENABLED,42,914,1333,N/A,ENABLED,36,711,1143,N/A,ENABLED,36,711,1143,N/A,ENABLED,36,711,1143,N/A,ENABLED,36,711,1143,N/A,ENABLED,N/A,61,54
1744926288,0,686,N/A,N/A,N/A,N/A,ENABLED,1881,500,2100,DISABLED,DISABLED,1880,500,2100,DISABLED,DISABLED,1881,500,2100,DISABLED,DISABLED,1876,500,2100,DISABLED,DISABLED,1876,500,2100,DISABLED,DISABLED,1873,500,2100,DISABLED,DISABLED,1877,500,2100,DISABLED,DISABLED,1871,500,2100,DISABLED,DISABLED,1300,900,1300,N/A,DISABLED,42,914,1333,N/A,ENABLED,42,914,1333,N/A,ENABLED,42,914,1333,N/A,ENABLED,42,914,1333,N/A,ENABLED,36,711,1143,N/A,ENABLED,36,711,1143,N/A,ENABLED,36,711,1143,N/A,ENABLED,36,711,1143,N/A,ENABLED,N/A,61,55
1744926289,0,679,N/A,N/A,N/A,N/A,ENABLED,1924,500,2100,DISABLED,DISABLED,1923,500,2100,DISABLED,DISABLED,1923,500,2100,DISABLED,DISABLED,1919,500,2100,DISABLED,DISABLED,1919,500,2100,DISABLED,DISABLED,1915,500,2100,DISABLED,DISABLED,1919,500,2100,DISABLED,DISABLED,1915,500,2100,DISABLED,DISABLED,1300,900,1300,N/A,DISABLED,42,914,1333,N/A,ENABLED,42,914,1333,N/A,ENABLED,42,914,1333,N/A,ENABLED,42,914,1333,N/A,ENABLED,36,711,1143,N/A,ENABLED,36,711,1143,N/A,ENABLED,36,711,1143,N/A,ENABLED,36,711,1143,N/A,ENABLED,N/A,61,54
1744926290,0,685,N/A,N/A,N/A,N/A,ENABLED,1890,500,2100,DISABLED,DISABLED,1890,500,2100,DISABLED,DISABLED,1891,500,2100,DISABLED,DISABLED,1886,500,2100,DISABLED,DISABLED,1886,500,2100,DISABLED,DISABLED,1883,500,2100,DISABLED,DISABLED,1886,500,2100,DISABLED,DISABLED,1880,500,2100,DISABLED,DISABLED,1300,900,1300,N/A,DISABLED,42,914,1333,N/A,ENABLED,42,914,1333,N/A,ENABLED,42,914,1333,N/A,ENABLED,42,914,1333,N/A,ENABLED,36,711,1143,N/A,ENABLED,36,711,1143,N/A,ENABLED,36,711,1143,N/A,ENABLED,36,711,1143,N/A,ENABLED,N/A,61,56
1744926292,0,689,N/A,N/A,N/A,N/A,ENABLED,1890,500,2100,DISABLED,DISABLED,1888,500,2100,DISABLED,DISABLED,1889,500,2100,DISABLED,DISABLED,1883,500,2100,DISABLED,DISABLED,1883,500,2100,DISABLED,DISABLED,1880,500,2100,DISABLED,DISABLED,1883,500,2100,DISABLED,DISABLED,1878,500,2100,DISABLED,DISABLED,1300,900,1300,N/A,DISABLED,42,914,1333,N/A,ENABLED,42,914,1333,N/A,ENABLED,42,914,1333,N/A,ENABLED,42,914,1333,N/A,ENABLED,36,711,1143,N/A,ENABLED,36,711,1143,N/A,ENABLED,36,711,1143,N/A,ENABLED,36,711,1143,N/A,ENABLED,N/A,61,56
1744926293,0,678,N/A,N/A,N/A,N/A,ENABLED,1891,500,2100,DISABLED,DISABLED,1892,500,2100,DISABLED,DISABLED,1892,500,2100,DISABLED,DISABLED,1888,500,2100,DISABLED,DISABLED,1888,500,2100,DISABLED,DISABLED,1884,500,2100,DISABLED,DISABLED,1888,500,2100,DISABLED,DISABLED,1883,500,2100,DISABLED,DISABLED,1300,900,1300,N/A,DISABLED,42,914,1333,N/A,ENABLED,42,914,1333,N/A,ENABLED,42,914,1333,N/A,ENABLED,42,914,1333,N/A,ENABLED,36,711,1143,N/A,ENABLED,36,711,1143,N/A,ENABLED,36,711,1143,N/A,ENABLED,36,711,1143,N/A,ENABLED,N/A,61,55
1744926294,0,685,N/A,N/A,N/A,N/A,ENABLED,1895,500,2100,DISABLED,DISABLED,1894,500,2100,DISABLED,DISABLED,1894,500,2100,DISABLED,DISABLED,1888,500,2100,DISABLED,DISABLED,1890,500,2100,DISABLED,DISABLED,1886,500,2100,DISABLED,DISABLED,1891,500,2100,DISABLED,DISABLED,1884,500,2100,DISABLED,DISABLED,1300,900,1300,N/A,DISABLED,42,914,1333,N/A,ENABLED,42,914,1333,N/A,ENABLED,42,914,1333,N/A,ENABLED,42,914,1333,N/A,ENABLED,36,711,1143,N/A,ENABLED,36,711,1143,N/A,ENABLED,36,711,1143,N/A,ENABLED,36,711,1143,N/A,ENABLED,N/A,61,56
1744926295,0,677,N/A,N/A,N/A,N/A,ENABLED,1892,500,2100,DISABLED,DISABLED,1892,500,2100,DISABLED,DISABLED,1891,500,2100,DISABLED,DISABLED,1888,500,2100,DISABLED,DISABLED,1888,500,2100,DISABLED,DISABLED,1884,500,2100,DISABLED,DISABLED,1889,500,2100,DISABLED,DISABLED,1882,500,2100,DISABLED,DISABLED,1300,900,1300,N/A,DISABLED,42,914,1333,N/A,ENABLED,42,914,1333,N/A,ENABLED,42,914,1333,N/A,ENABLED,42,914,1333,N/A,ENABLED,36,711,1143,N/A,ENABLED,36,711,1143,N/A,ENABLED,36,711,1143,N/A,ENABLED,36,711,1143,N/A,ENABLED,N/A,62,55
1744926297,0,683,N/A,N/A,N/A,N/A,ENABLED,1889,500,2100,DISABLED,DISABLED,1888,500,2100,DISABLED,DISABLED,1889,500,2100,DISABLED,DISABLED,1882,500,2100,DISABLED,DISABLED,1883,500,2100,DISABLED,DISABLED,1880,500,2100,DISABLED,DISABLED,1884,500,2100,DISABLED,DISABLED,1878,500,2100,DISABLED,DISABLED,1300,900,1300,N/A,DISABLED,42,914,1333,N/A,ENABLED,42,914,1333,N/A,ENABLED,42,914,1333,N/A,ENABLED,42,914,1333,N/A,ENABLED,36,711,1143,N/A,ENABLED,36,711,1143,N/A,ENABLED,36,711,1143,N/A,ENABLED,36,711,1143,N/A,ENABLED,N/A,62,56
1744926298,0,689,N/A,N/A,N/A,N/A,ENABLED,1893,500,2100,DISABLED,DISABLED,1891,500,2100,DISABLED,DISABLED,1891,500,2100,DISABLED,DISABLED,1887,500,2100,DISABLED,DISABLED,1887,500,2100,DISABLED,DISABLED,1884,500,2100,DISABLED,DISABLED,1886,500,2100,DISABLED,DISABLED,1882,500,2100,DISABLED,DISABLED,1300,900,1300,N/A,DISABLED,42,914,1333,N/A,ENABLED,42,914,1333,N/A,ENABLED,42,914,1333,N/A,ENABLED,42,914,1333,N/A,ENABLED,36,711,1143,N/A,ENABLED,36,711,1143,N/A,ENABLED,36,711,1143,N/A,ENABLED,36,711,1143,N/A,ENABLED,N/A,62,56
1744926299,0,680,N/A,N/A,N/A,N/A,ENABLED,1880,500,2100,DISABLED,DISABLED,1878,500,2100,DISABLED,DISABLED,1881,500,2100,DISABLED,DISABLED,1877,500,2100,DISABLED,DISABLED,1877,500,2100,DISABLED,DISABLED,1873,500,2100,DISABLED,DISABLED,1877,500,2100,DISABLED,DISABLED,1872,500,2100,DISABLED,DISABLED,1300,900,1300,N/A,DISABLED,42,914,1333,N/A,ENABLED,42,914,1333,N/A,ENABLED,42,914,1333,N/A,ENABLED,42,914,1333,N/A,ENABLED,36,711,1143,N/A,ENABLED,36,711,1143,N/A,ENABLED,36,711,1143,N/A,ENABLED,36,711,1143,N/A,ENABLED,N/A,62,56
1744926300,0,676,N/A,N/A,N/A,N/A,ENABLED,1901,500,2100,DISABLED,DISABLED,1900,500,2100,DISABLED,DISABLED,1901,500,2100,DISABLED,DISABLED,1896,500,2100,DISABLED,DISABLED,1896,500,2100,DISABLED,DISABLED,1892,500,2100,DISABLED,DISABLED,1896,500,2100,DISABLED,DISABLED,1891,500,2100,DISABLED,DISABLED,1300,900,1300,N/A,DISABLED,42,914,1333,N/A,ENABLED,42,914,1333,N/A,ENABLED,42,914,1333,N/A,ENABLED,42,914,1333,N/A,ENABLED,36,711,1143,N/A,ENABLED,36,711,1143,N/A,ENABLED,36,711,1143,N/A,ENABLED,36,711,1143,N/A,ENABLED,N/A,62,55
1744926302,0,677,N/A,N/A,N/A,N/A,ENABLED,1884,500,2100,DISABLED,DISABLED,1883,500,2100,DISABLED,DISABLED,1884,500,2100,DISABLED,DISABLED,1878,500,2100,DISABLED,DISABLED,1879,500,2100,DISABLED,DISABLED,1875,500,2100,DISABLED,DISABLED,1879,500,2100,DISABLED,DISABLED,1873,500,2100,DISABLED,DISABLED,1300,900,1300,N/A,DISABLED,42,914,1333,N/A,ENABLED,42,914,1333,N/A,ENABLED,42,914,1333,N/A,ENABLED,42,914,1333,N/A,ENABLED,36,711,1143,N/A,ENABLED,36,711,1143,N/A,ENABLED,36,711,1143,N/A,ENABLED,36,711,1143,N/A,ENABLED,N/A,62,56
1744926303,0,679,N/A,N/A,N/A,N/A,ENABLED,1880,500,2100,DISABLED,DISABLED,1878,500,2100,DISABLED,DISABLED,1879,500,2100,DISABLED,DISABLED,1875,500,2100,DISABLED,DISABLED,1874,500,2100,DISABLED,DISABLED,1872,500,2100,DISABLED,DISABLED,1875,500,2100,DISABLED,DISABLED,1869,500,2100,DISABLED,DISABLED,1300,900,1300,N/A,DISABLED,42,914,1333,N/A,ENABLED,42,914,1333,N/A,ENABLED,42,914,1333,N/A,ENABLED,42,914,1333,N/A,ENABLED,36,711,1143,N/A,ENABLED,36,711,1143,N/A,ENABLED,36,711,1143,N/A,ENABLED,36,711,1143,N/A,ENABLED,N/A,62,56
1744926304,0,677,N/A,N/A,N/A,N/A,ENABLED,1889,500,2100,DISABLED,DISABLED,1888,500,2100,DISABLED,DISABLED,1889,500,2100,DISABLED,DISABLED,1883,500,2100,DISABLED,DISABLED,1883,500,2100,DISABLED,DISABLED,1881,500,2100,DISABLED,DISABLED,1884,500,2100,DISABLED,DISABLED,1878,500,2100,DISABLED,DISABLED,1300,900,1300,N/A,DISABLED,42,914,1333,N/A,ENABLED,42,914,1333,N/A,ENABLED,42,914,1333,N/A,ENABLED,42,914,1333,N/A,ENABLED,36,711,1143,N/A,ENABLED,36,711,1143,N/A,ENABLED,36,711,1143,N/A,ENABLED,36,711,1143,N/A,ENABLED,N/A,62,56
1744926305,0,676,N/A,N/A,N/A,N/A,ENABLED,1887,500,2100,DISABLED,DISABLED,1887,500,2100,DISABLED,DISABLED,1887,500,2100,DISABLED,DISABLED,1882,500,2100,DISABLED,DISABLED,1883,500,2100,DISABLED,DISABLED,1879,500,2100,DISABLED,DISABLED,1883,500,2100,DISABLED,DISABLED,1878,500,2100,DISABLED,DISABLED,1300,900,1300,N/A,DISABLED,42,914,1333,N/A,ENABLED,42,914,1333,N/A,ENABLED,42,914,1333,N/A,ENABLED,42,914,1333,N/A,ENABLED,36,711,1143,N/A,ENABLED,36,711,1143,N/A,ENABLED,36,711,1143,N/A,ENABLED,36,711,1143,N/A,ENABLED,N/A,62,56
1744926307,0,684,N/A,N/A,N/A,N/A,ENABLED,1888,500,2100,DISABLED,DISABLED,1890,500,2100,DISABLED,DISABLED,1887,500,2100,DISABLED,DISABLED,1883,500,2100,DISABLED,DISABLED,1884,500,2100,DISABLED,DISABLED,1879,500,2100,DISABLED,DISABLED,1884,500,2100,DISABLED,DISABLED,1880,500,2100,DISABLED,DISABLED,1300,900,1300,N/A,DISABLED,42,914,1333,N/A,ENABLED,42,914,1333,N/A,ENABLED,42,914,1333,N/A,ENABLED,42,914,1333,N/A,ENABLED,36,711,1143,N/A,ENABLED,36,711,1143,N/A,ENABLED,36,711,1143,N/A,ENABLED,36,711,1143,N/A,ENABLED,N/A,62,57
1744926308,0,681,N/A,N/A,N/A,N/A,ENABLED,1892,500,2100,DISABLED,DISABLED,1892,500,2100,DISABLED,DISABLED,1893,500,2100,DISABLED,DISABLED,1887,500,2100,DISABLED,DISABLED,1887,500,2100,DISABLED,DISABLED,1884,500,2100,DISABLED,DISABLED,1887,500,2100,DISABLED,DISABLED,1883,500,2100,DISABLED,DISABLED,1300,900,1300,N/A,DISABLED,42,914,1333,N/A,ENABLED,42,914,1333,N/A,ENABLED,42,914,1333,N/A,ENABLED,42,914,1333,N/A,ENABLED,36,711,1143,N/A,ENABLED,36,711,1143,N/A,ENABLED,36,711,1143,N/A,ENABLED,36,711,1143,N/A,ENABLED,N/A,62,56
1744926309,0,681,N/A,N/A,N/A,N/A,ENABLED,1915,500,2100,DISABLED,DISABLED,1914,500,2100,DISABLED,DISABLED,1914,500,2100,DISABLED,DISABLED,1909,500,2100,DISABLED,DISABLED,1911,500,2100,DISABLED,DISABLED,1906,500,2100,DISABLED,DISABLED,1909,500,2100,DISABLED,DISABLED,1904,500,2100,DISABLED,DISABLED,1300,900,1300,N/A,DISABLED,42,914,1333,N/A,ENABLED,42,914,1333,N/A,ENABLED,42,914,1333,N/A,ENABLED,42,914,1333,N/A,ENABLED,36,711,1143,N/A,ENABLED,36,711,1143,N/A,ENABLED,36,711,1143,N/A,ENABLED,36,711,1143,N/A,ENABLED,N/A,62,56
1744926310,0,686,N/A,N/A,N/A,N/A,ENABLED,1893,500,2100,DISABLED,DISABLED,1893,500,2100,DISABLED,DISABLED,1892,500,2100,DISABLED,DISABLED,1888,500,2100,DISABLED,DISABLED,1888,500,2100,DISABLED,DISABLED,1884,500,2100,DISABLED,DISABLED,1887,500,2100,DISABLED,DISABLED,1882,500,2100,DISABLED,DISABLED,1300,900,1300,N/A,DISABLED,42,914,1333,N/A,ENABLED,42,914,1333,N/A,ENABLED,42,914,1333,N/A,ENABLED,42,914,1333,N/A,ENABLED,36,711,1143,N/A,ENABLED,36,711,1143,N/A,ENABLED,36,711,1143,N/A,ENABLED,36,711,1143,N/A,ENABLED,N/A,62,56
1744926312,0,685,N/A,N/A,N/A,N/A,ENABLED,1909,500,2100,DISABLED,DISABLED,1908,500,2100,DISABLED,DISABLED,1910,500,2100,DISABLED,DISABLED,1905,500,2100,DISABLED,DISABLED,1905,500,2100,DISABLED,DISABLED,1901,500,2100,DISABLED,DISABLED,1904,500,2100,DISABLED,DISABLED,1899,500,2100,DISABLED,DISABLED,1300,900,1300,N/A,DISABLED,42,914,1333,N/A,ENABLED,42,914,1333,N/A,ENABLED,42,914,1333,N/A,ENABLED,42,914,1333,N/A,ENABLED,36,711,1143,N/A,ENABLED,36,711,1143,N/A,ENABLED,36,711,1143,N/A,ENABLED,36,711,1143,N/A,ENABLED,N/A,62,56
1744926313,0,669,N/A,N/A,N/A,N/A,ENABLED,1886,500,2100,DISABLED,DISABLED,1887,500,2100,DISABLED,DISABLED,1887,500,2100,DISABLED,DISABLED,1880,500,2100,DISABLED,DISABLED,1883,500,2100,DISABLED,DISABLED,1879,500,2100,DISABLED,DISABLED,1883,500,2100,DISABLED,DISABLED,1877,500,2100,DISABLED,DISABLED,1300,900,1300,N/A,DISABLED,42,914,1333,N/A,ENABLED,42,914,1333,N/A,ENABLED,42,914,1333,N/A,ENABLED,42,914,1333,N/A,ENABLED,36,711,1143,N/A,ENABLED,36,711,1143,N/A,ENABLED,36,711,1143,N/A,ENABLED,36,711,1143,N/A,ENABLED,N/A,62,56
1744926314,0,683,N/A,N/A,N/A,N/A,ENABLED,1885,500,2100,DISABLED,DISABLED,1885,500,2100,DISABLED,DISABLED,1886,500,2100,DISABLED,DISABLED,1882,500,2100,DISABLED,DISABLED,1881,500,2100,DISABLED,DISABLED,1878,500,2100,DISABLED,DISABLED,1881,500,2100,DISABLED,DISABLED,1876,500,2100,DISABLED,DISABLED,1300,900,1300,N/A,DISABLED,42,914,1333,N/A,ENABLED,42,914,1333,N/A,ENABLED,42,914,1333,N/A,ENABLED,42,914,1333,N/A,ENABLED,36,711,1143,N/A,ENABLED,36,711,1143,N/A,ENABLED,36,711,1143,N/A,ENABLED,36,711,1143,N/A,ENABLED,N/A,62,57
1744926315,0,676,N/A,N/A,N/A,N/A,ENABLED,1877,500,2100,DISABLED,DISABLED,1876,500,2100,DISABLED,DISABLED,1876,500,2100,DISABLED,DISABLED,1871,500,2100,DISABLED,DISABLED,1871,500,2100,DISABLED,DISABLED,1868,500,2100,DISABLED,DISABLED,1872,500,2100,DISABLED,DISABLED,1866,500,2100,DISABLED,DISABLED,1300,900,1300,N/A,DISABLED,42,914,1333,N/A,ENABLED,42,914,1333,N/A,ENABLED,42,914,1333,N/A,ENABLED,42,914,1333,N/A,ENABLED,36,711,1143,N/A,ENABLED,36,711,1143,N/A,ENABLED,36,711,1143,N/A,ENABLED,36,711,1143,N/A,ENABLED,N/A,62,57
1744926317,0,681,N/A,N/A,N/A,N/A,ENABLED,1874,500,2100,DISABLED,DISABLED,1874,500,2100,DISABLED,DISABLED,1875,500,2100,DISABLED,DISABLED,1868,500,2100,DISABLED,DISABLED,1870,500,2100,DISABLED,DISABLED,1866,500,2100,DISABLED,DISABLED,1870,500,2100,DISABLED,DISABLED,1864,500,2100,DISABLED,DISABLED,1300,900,1300,N/A,DISABLED,42,914,1333,N/A,ENABLED,42,914,1333,N/A,ENABLED,42,914,1333,N/A,ENABLED,42,914,1333,N/A,ENABLED,36,711,1143,N/A,ENABLED,36,711,1143,N/A,ENABLED,36,711,1143,N/A,ENABLED,36,711,1143,N/A,ENABLED,N/A,62,57
1744926318,0,683,N/A,N/A,N/A,N/A,ENABLED,1877,500,2100,DISABLED,DISABLED,1877,500,2100,DISABLED,DISABLED,1877,500,2100,DISABLED,DISABLED,1871,500,2100,DISABLED,DISABLED,1872,500,2100,DISABLED,DISABLED,1869,500,2100,DISABLED,DISABLED,1873,500,2100,DISABLED,DISABLED,1867,500,2100,DISABLED,DISABLED,1300,900,1300,N/A,DISABLED,42,914,1333,N/A,ENABLED,42,914,1333,N/A,ENABLED,42,914,1333,N/A,ENABLED,42,914,1333,N/A,ENABLED,36,711,1143,N/A,ENABLED,36,711,1143,N/A,ENABLED,36,711,1143,N/A,ENABLED,36,711,1143,N/A,ENABLED,N/A,62,57
1744926319,0,677,N/A,N/A,N/A,N/A,ENABLED,1882,500,2100,DISABLED,DISABLED,1881,500,2100,DISABLED,DISABLED,1882,500,2100,DISABLED,DISABLED,1877,500,2100,DISABLED,DISABLED,1878,500,2100,DISABLED,DISABLED,1874,500,2100,DISABLED,DISABLED,1878,500,2100,DISABLED,DISABLED,1872,500,2100,DISABLED,DISABLED,1300,900,1300,N/A,DISABLED,42,914,1333,N/A,ENABLED,42,914,1333,N/A,ENABLED,42,914,1333,N/A,ENABLED,42,914,1333,N/A,ENABLED,36,711,1143,N/A,ENABLED,36,711,1143,N/A,ENABLED,36,711,1143,N/A,ENABLED,36,711,1143,N/A,ENABLED,N/A,62,57
1744926320,0,678,N/A,N/A,N/A,N/A,ENABLED,1891,500,2100,DISABLED,DISABLED,1890,500,2100,DISABLED,DISABLED,1891,500,2100,DISABLED,DISABLED,1885,500,2100,DISABLED,DISABLED,1887,500,2100,DISABLED,DISABLED,1884,500,2100,DISABLED,DISABLED,1887,500,2100,DISABLED,DISABLED,1881,500,2100,DISABLED,DISABLED,1300,900,1300,N/A,DISABLED,42,914,1333,N/A,ENABLED,42,914,1333,N/A,ENABLED,42,914,1333,N/A,ENABLED,42,914,1333,N/A,ENABLED,36,711,1143,N/A,ENABLED,36,711,1143,N/A,ENABLED,36,711,1143,N/A,ENABLED,36,711,1143,N/A,ENABLED,N/A,62,57
1744926322,0,674,N/A,N/A,N/A,N/A,ENABLED,1888,500,2100,DISABLED,DISABLED,1888,500,2100,DISABLED,DISABLED,1889,500,2100,DISABLED,DISABLED,1883,500,2100,DISABLED,DISABLED,1884,500,2100,DISABLED,DISABLED,1880,500,2100,DISABLED,DISABLED,1883,500,2100,DISABLED,DISABLED,1877,500,2100,DISABLED,DISABLED,1300,900,1300,N/A,DISABLED,42,914,1333,N/A,ENABLED,42,914,1333,N/A,ENABLED,42,914,1333,N/A,ENABLED,42,914,1333,N/A,ENABLED,36,711,1143,N/A,ENABLED,36,711,1143,N/A,ENABLED,36,711,1143,N/A,ENABLED,36,711,1143,N/A,ENABLED,N/A,62,56
1744926323,0,686,N/A,N/A,N/A,N/A,ENABLED,1879,500,2100,DISABLED,DISABLED,1879,500,2100,DISABLED,DISABLED,1881,500,2100,DISABLED,DISABLED,1873,500,2100,DISABLED,DISABLED,1876,500,2100,DISABLED,DISABLED,1872,500,2100,DISABLED,DISABLED,1875,500,2100,DISABLED,DISABLED,1869,500,2100,DISABLED,DISABLED,1300,900,1300,N/A,DISABLED,42,914,1333,N/A,ENABLED,42,914,1333,N/A,ENABLED,42,914,1333,N/A,ENABLED,42,914,1333,N/A,ENABLED,36,711,1143,N/A,ENABLED,36,711,1143,N/A,ENABLED,36,711,1143,N/A,ENABLED,36,711,1143,N/A,ENABLED,N/A,63,57
1744926324,0,679,N/A,N/A,N/A,N/A,ENABLED,1893,500,2100,DISABLED,DISABLED,1892,500,2100,DISABLED,DISABLED,1893,500,2100,DISABLED,DISABLED,1887,500,2100,DISABLED,DISABLED,1888,500,2100,DISABLED,DISABLED,1885,500,2100,DISABLED,DISABLED,1888,500,2100,DISABLED,DISABLED,1882,500,2100,DISABLED,DISABLED,1300,900,1300,N/A,DISABLED,42,914,1333,N/A,ENABLED,42,914,1333,N/A,ENABLED,42,914,1333,N/A,ENABLED,42,914,1333,N/A,ENABLED,36,711,1143,N/A,ENABLED,36,711,1143,N/A,ENABLED,36,711,1143,N/A,ENABLED,36,711,1143,N/A,ENABLED,N/A,63,57
1744926325,0,687,N/A,N/A,N/A,N/A,ENABLED,1857,500,2100,DISABLED,DISABLED,1857,500,2100,DISABLED,DISABLED,1857,500,2100,DISABLED,DISABLED,1852,500,2100,DISABLED,DISABLED,1853,500,2100,DISABLED,DISABLED,1848,500,2100,DISABLED,DISABLED,1854,500,2100,DISABLED,DISABLED,1848,500,2100,DISABLED,DISABLED,1300,900,1300,N/A,DISABLED,42,914,1333,N/A,ENABLED,42,914,1333,N/A,ENABLED,42,914,1333,N/A,ENABLED,42,914,1333,N/A,ENABLED,36,711,1143,N/A,ENABLED,36,711,1143,N/A,ENABLED,36,711,1143,N/A,ENABLED,36,711,1143,N/A,ENABLED,N/A,63,58
1744926327,0,682,N/A,N/A,N/A,N/A,ENABLED,1875,500,2100,DISABLED,DISABLED,1876,500,2100,DISABLED,DISABLED,1875,500,2100,DISABLED,DISABLED,1870,500,2100,DISABLED,DISABLED,1871,500,2100,DISABLED,DISABLED,1867,500,2100,DISABLED,DISABLED,1871,500,2100,DISABLED,DISABLED,1865,500,2100,DISABLED,DISABLED,1300,900,1300,N/A,DISABLED,42,914,1333,N/A,ENABLED,42,914,1333,N/A,ENABLED,42,914,1333,N/A,ENABLED,42,914,1333,N/A,ENABLED,36,711,1143,N/A,ENABLED,36,711,1143,N/A,ENABLED,36,711,1143,N/A,ENABLED,36,711,1143,N/A,ENABLED,N/A,63,57
1744926328,0,683,N/A,N/A,N/A,N/A,ENABLED,1885,500,2100,DISABLED,DISABLED,1883,500,2100,DISABLED,DISABLED,1884,500,2100,DISABLED,DISABLED,1877,500,2100,DISABLED,DISABLED,1878,500,2100,DISABLED,DISABLED,1875,500,2100,DISABLED,DISABLED,1879,500,2100,DISABLED,DISABLED,1874,500,2100,DISABLED,DISABLED,1300,900,1300,N/A,DISABLED,42,914,1333,N/A,ENABLED,42,914,1333,N/A,ENABLED,42,914,1333,N/A,ENABLED,42,914,1333,N/A,ENABLED,36,711,1143,N/A,ENABLED,36,711,1143,N/A,ENABLED,36,711,1143,N/A,ENABLED,36,711,1143,N/A,ENABLED,N/A,63,58
1744926329,0,681,N/A,N/A,N/A,N/A,ENABLED,1879,500,2100,DISABLED,DISABLED,1879,500,2100,DISABLED,DISABLED,1879,500,2100,DISABLED,DISABLED,1875,500,2100,DISABLED,DISABLED,1874,500,2100,DISABLED,DISABLED,1871,500,2100,DISABLED,DISABLED,1875,500,2100,DISABLED,DISABLED,1870,500,2100,DISABLED,DISABLED,1300,900,1300,N/A,DISABLED,42,914,1333,N/A,ENABLED,42,914,1333,N/A,ENABLED,42,914,1333,N/A,ENABLED,42,914,1333,N/A,ENABLED,36,711,1143,N/A,ENABLED,36,711,1143,N/A,ENABLED,36,711,1143,N/A,ENABLED,36,711,1143,N/A,ENABLED,N/A,63,57
1744926330,0,688,N/A,N/A,N/A,N/A,ENABLED,1896,500,2100,DISABLED,DISABLED,1896,500,2100,DISABLED,DISABLED,1894,500,2100,DISABLED,DISABLED,1889,500,2100,DISABLED,DISABLED,1890,500,2100,DISABLED,DISABLED,1888,500,2100,DISABLED,DISABLED,1890,500,2100,DISABLED,DISABLED,1885,500,2100,DISABLED,DISABLED,1300,900,1300,N/A,DISABLED,42,914,1333,N/A,ENABLED,42,914,1333,N/A,ENABLED,42,914,1333,N/A,ENABLED,42,914,1333,N/A,ENABLED,36,711,1143,N/A,ENABLED,36,711,1143,N/A,ENABLED,36,711,1143,N/A,ENABLED,36,711,1143,N/A,ENABLED,N/A,63,57
1744926332,0,685,N/A,N/A,N/A,N/A,ENABLED,1889,500,2100,DISABLED,DISABLED,1888,500,2100,DISABLED,DISABLED,1889,500,2100,DISABLED,DISABLED,1884,500,2100,DISABLED,DISABLED,1885,500,2100,DISABLED,DISABLED,1883,500,2100,DISABLED,DISABLED,1884,500,2100,DISABLED,DISABLED,1880,500,2100,DISABLED,DISABLED,1300,900,1300,N/A,DISABLED,42,914,1333,N/A,ENABLED,42,914,1333,N/A,ENABLED,42,914,1333,N/A,ENABLED,42,914,1333,N/A,ENABLED,36,711,1143,N/A,ENABLED,36,711,1143,N/A,ENABLED,36,711,1143,N/A,ENABLED,36,711,1143,N/A,ENABLED,N/A,63,57
1744926333,0,692,N/A,N/A,N/A,N/A,ENABLED,1871,500,2100,DISABLED,DISABLED,1870,500,2100,DISABLED,DISABLED,1870,500,2100,DISABLED,DISABLED,1864,500,2100,DISABLED,DISABLED,1865,500,2100,DISABLED,DISABLED,1862,500,2100,DISABLED,DISABLED,1864,500,2100,DISABLED,DISABLED,1859,500,2100,DISABLED,DISABLED,1300,900,1300,N/A,DISABLED,42,914,1333,N/A,ENABLED,42,914,1333,N/A,ENABLED,42,914,1333,N/A,ENABLED,42,914,1333,N/A,ENABLED,36,711,1143,N/A,ENABLED,36,711,1143,N/A,ENABLED,36,711,1143,N/A,ENABLED,36,711,1143,N/A,ENABLED,N/A,63,58
1744926334,0,686,N/A,N/A,N/A,N/A,ENABLED,1888,500,2100,DISABLED,DISABLED,1886,500,2100,DISABLED,DISABLED,1888,500,2100,DISABLED,DISABLED,1881,500,2100,DISABLED,DISABLED,1882,500,2100,DISABLED,DISABLED,1881,500,2100,DISABLED,DISABLED,1882,500,2100,DISABLED,DISABLED,1877,500,2100,DISABLED,DISABLED,1300,900,1300,N/A,DISABLED,42,914,1333,N/A,ENABLED,42,914,1333,N/A,ENABLED,42,914,1333,N/A,ENABLED,42,914,1333,N/A,ENABLED,36,711,1143,N/A,ENABLED,36,711,1143,N/A,ENABLED,36,711,1143,N/A,ENABLED,36,711,1143,N/A,ENABLED,N/A,63,57
1744926335,0,686,N/A,N/A,N/A,N/A,ENABLED,1871,500,2100,DISABLED,DISABLED,1869,500,2100,DISABLED,DISABLED,1871,500,2100,DISABLED,DISABLED,1864,500,2100,DISABLED,DISABLED,1865,500,2100,DISABLED,DISABLED,1862,500,2100,DISABLED,DISABLED,1866,500,2100,DISABLED,DISABLED,1860,500,2100,DISABLED,DISABLED,1300,900,1300,N/A,DISABLED,42,914,1333,N/A,ENABLED,42,914,1333,N/A,ENABLED,42,914,1333,N/A,ENABLED,42,914,1333,N/A,ENABLED,36,711,1143,N/A,ENABLED,36,711,1143,N/A,ENABLED,36,711,1143,N/A,ENABLED,36,711,1143,N/A,ENABLED,N/A,63,58
1744926337,0,687,N/A,N/A,N/A,N/A,ENABLED,1883,500,2100,DISABLED,DISABLED,1884,500,2100,DISABLED,DISABLED,1880,500,2100,DISABLED,DISABLED,1877,500,2100,DISABLED,DISABLED,1878,500,2100,DISABLED,DISABLED,1872,500,2100,DISABLED,DISABLED,1879,500,2100,DISABLED,DISABLED,1873,500,2100,DISABLED,DISABLED,1300,900,1300,N/A,DISABLED,42,914,1333,N/A,ENABLED,42,914,1333,N/A,ENABLED,42,914,1333,N/A,ENABLED,42,914,1333,N/A,ENABLED,36,711,1143,N/A,ENABLED,36,711,1143,N/A,ENABLED,36,711,1143,N/A,ENABLED,36,711,1143,N/A,ENABLED,N/A,63,58
1744926338,0,681,N/A,N/A,N/A,N/A,ENABLED,1862,500,2100,DISABLED,DISABLED,1860,500,2100,DISABLED,DISABLED,1862,500,2100,DISABLED,DISABLED,1854,500,2100,DISABLED,DISABLED,1855,500,2100,DISABLED,DISABLED,1854,500,2100,DISABLED,DISABLED,1855,500,2100,DISABLED,DISABLED,1849,500,2100,DISABLED,DISABLED,1300,900,1300,N/A,DISABLED,42,914,1333,N/A,ENABLED,42,914,1333,N/A,ENABLED,42,914,1333,N/A,ENABLED,42,914,1333,N/A,ENABLED,36,711,1143,N/A,ENABLED,36,711,1143,N/A,ENABLED,36,711,1143,N/A,ENABLED,36,711,1143,N/A,ENABLED,N/A,63,58
1744926339,0,677,N/A,N/A,N/A,N/A,ENABLED,1873,500,2100,DISABLED,DISABLED,1873,500,2100,DISABLED,DISABLED,1873,500,2100,DISABLED,DISABLED,1868,500,2100,DISABLED,DISABLED,1868,500,2100,DISABLED,DISABLED,1865,500,2100,DISABLED,DISABLED,1869,500,2100,DISABLED,DISABLED,1863,500,2100,DISABLED,DISABLED,1300,900,1300,N/A,DISABLED,42,914,1333,N/A,ENABLED,42,914,1333,N/A,ENABLED,42,914,1333,N/A,ENABLED,42,914,1333,N/A,ENABLED,36,711,1143,N/A,ENABLED,36,711,1143,N/A,ENABLED,36,711,1143,N/A,ENABLED,36,711,1143,N/A,ENABLED,N/A,63,57
1744926341,0,678,N/A,N/A,N/A,N/A,ENABLED,1879,500,2100,DISABLED,DISABLED,1877,500,2100,DISABLED,DISABLED,1881,500,2100,DISABLED,DISABLED,1873,500,2100,DISABLED,DISABLED,1874,500,2100,DISABLED,DISABLED,1872,500,2100,DISABLED,DISABLED,1875,500,2100,DISABLED,DISABLED,1869,500,2100,DISABLED,DISABLED,1300,900,1300,N/A,DISABLED,42,914,1333,N/A,ENABLED,42,914,1333,N/A,ENABLED,42,914,1333,N/A,ENABLED,42,914,1333,N/A,ENABLED,36,711,1143,N/A,ENABLED,36,711,1143,N/A,ENABLED,36,711,1143,N/A,ENABLED,36,711,1143,N/A,ENABLED,N/A,63,57
1744926342,0,676,N/A,N/A,N/A,N/A,ENABLED,1884,500,2100,DISABLED,DISABLED,1884,500,2100,DISABLED,DISABLED,1885,500,2100,DISABLED,DISABLED,1878,500,2100,DISABLED,DISABLED,1879,500,2100,DISABLED,DISABLED,1879,500,2100,DISABLED,DISABLED,1879,500,2100,DISABLED,DISABLED,1873,500,2100,DISABLED,DISABLED,1300,900,1300,N/A,DISABLED,42,914,1333,N/A,ENABLED,42,914,1333,N/A,ENABLED,42,914,1333,N/A,ENABLED,42,914,1333,N/A,ENABLED,36,711,1143,N/A,ENABLED,36,711,1143,N/A,ENABLED,36,711,1143,N/A,ENABLED,36,711,1143,N/A,ENABLED,N/A,62,56
1744926343,0,675,N/A,N/A,N/A,N/A,ENABLED,1899,500,2100,DISABLED,DISABLED,1899,500,2100,DISABLED,DISABLED,1898,500,2100,DISABLED,DISABLED,1891,500,2100,DISABLED,DISABLED,1891,500,2100,DISABLED,DISABLED,1890,500,2100,DISABLED,DISABLED,1893,500,2100,DISABLED,DISABLED,1888,500,2100,DISABLED,DISABLED,1300,900,1300,N/A,DISABLED,42,914,1333,N/A,ENABLED,42,914,1333,N/A,ENABLED,42,914,1333,N/A,ENABLED,42,914,1333,N/A,ENABLED,36,711,1143,N/A,ENABLED,36,711,1143,N/A,ENABLED,36,711,1143,N/A,ENABLED,36,711,1143,N/A,ENABLED,N/A,62,56
1744926344,0,685,N/A,N/A,N/A,N/A,ENABLED,1874,500,2100,DISABLED,DISABLED,1874,500,2100,DISABLED,DISABLED,1874,500,2100,DISABLED,DISABLED,1867,500,2100,DISABLED,DISABLED,1869,500,2100,DISABLED,DISABLED,1866,500,2100,DISABLED,DISABLED,1870,500,2100,DISABLED,DISABLED,1864,500,2100,DISABLED,DISABLED,1300,900,1300,N/A,DISABLED,42,914,1333,N/A,ENABLED,42,914,1333,N/A,ENABLED,42,914,1333,N/A,ENABLED,42,914,1333,N/A,ENABLED,36,711,1143,N/A,ENABLED,36,711,1143,N/A,ENABLED,36,711,1143,N/A,ENABLED,36,711,1143,N/A,ENABLED,N/A,62,57
1744926346,0,685,N/A,N/A,N/A,N/A,ENABLED,1875,500,2100,DISABLED,DISABLED,1875,500,2100,DISABLED,DISABLED,1874,500,2100,DISABLED,DISABLED,1867,500,2100,DISABLED,DISABLED,1869,500,2100,DISABLED,DISABLED,1867,500,2100,DISABLED,DISABLED,1870,500,2100,DISABLED,DISABLED,1865,500,2100,DISABLED,DISABLED,1300,900,1300,N/A,DISABLED,42,914,1333,N/A,ENABLED,42,914,1333,N/A,ENABLED,42,914,1333,N/A,ENABLED,42,914,1333,N/A,ENABLED,36,711,1143,N/A,ENABLED,36,711,1143,N/A,ENABLED,36,711,1143,N/A,ENABLED,36,711,1143,N/A,ENABLED,N/A,62,57
1744926347,0,685,N/A,N/A,N/A,N/A,ENABLED,1868,500,2100,DISABLED,DISABLED,1868,500,2100,DISABLED,DISABLED,1870,500,2100,DISABLED,DISABLED,1866,500,2100,DISABLED,DISABLED,1864,500,2100,DISABLED,DISABLED,1862,500,2100,DISABLED,DISABLED,1864,500,2100,DISABLED,DISABLED,1859,500,2100,DISABLED,DISABLED,1300,900,1300,N/A,DISABLED,42,914,1333,N/A,ENABLED,42,914,1333,N/A,ENABLED,42,914,1333,N/A,ENABLED,42,914,1333,N/A,ENABLED,36,711,1143,N/A,ENABLED,36,711,1143,N/A,ENABLED,36,711,1143,N/A,ENABLED,36,711,1143,N/A,ENABLED,N/A,62,57
1744926348,0,689,N/A,N/A,N/A,N/A,ENABLED,1866,500,2100,DISABLED,DISABLED,1865,500,2100,DISABLED,DISABLED,1866,500,2100,DISABLED,DISABLED,1862,500,2100,DISABLED,DISABLED,1861,500,2100,DISABLED,DISABLED,1859,500,2100,DISABLED,DISABLED,1862,500,2100,DISABLED,DISABLED,1857,500,2100,DISABLED,DISABLED,1300,900,1300,N/A,DISABLED,42,914,1333,N/A,ENABLED,42,914,1333,N/A,ENABLED,42,914,1333,N/A,ENABLED,42,914,1333,N/A,ENABLED,36,711,1143,N/A,ENABLED,36,711,1143,N/A,ENABLED,36,711,1143,N/A,ENABLED,36,711,1143,N/A,ENABLED,N/A,62,57
1744926349,0,685,N/A,N/A,N/A,N/A,ENABLED,1885,500,2100,DISABLED,DISABLED,1885,500,2100,DISABLED,DISABLED,1888,500,2100,DISABLED,DISABLED,1882,500,2100,DISABLED,DISABLED,1882,500,2100,DISABLED,DISABLED,1879,500,2100,DISABLED,DISABLED,1882,500,2100,DISABLED,DISABLED,1877,500,2100,DISABLED,DISABLED,1300,900,1300,N/A,DISABLED,42,914,1333,N/A,ENABLED,42,914,1333,N/A,ENABLED,42,914,1333,N/A,ENABLED,42,914,1333,N/A,ENABLED,36,711,1143,N/A,ENABLED,36,711,1143,N/A,ENABLED,36,711,1143,N/A,ENABLED,36,711,1143,N/A,ENABLED,N/A,62,56
1744926351,0,680,N/A,N/A,N/A,N/A,ENABLED,1875,500,2100,DISABLED,DISABLED,1875,500,2100,DISABLED,DISABLED,1874,500,2100,DISABLED,DISABLED,1869,500,2100,DISABLED,DISABLED,1869,500,2100,DISABLED,DISABLED,1866,500,2100,DISABLED,DISABLED,1870,500,2100,DISABLED,DISABLED,1864,500,2100,DISABLED,DISABLED,1300,900,1300,N/A,DISABLED,42,914,1333,N/A,ENABLED,42,914,1333,N/A,ENABLED,42,914,1333,N/A,ENABLED,42,914,1333,N/A,ENABLED,36,711,1143,N/A,ENABLED,36,711,1143,N/A,ENABLED,36,711,1143,N/A,ENABLED,36,711,1143,N/A,ENABLED,N/A,62,56
1744926352,0,676,N/A,N/A,N/A,N/A,ENABLED,1889,500,2100,DISABLED,DISABLED,1888,500,2100,DISABLED,DISABLED,1889,500,2100,DISABLED,DISABLED,1883,500,2100,DISABLED,DISABLED,1883,500,2100,DISABLED,DISABLED,1881,500,2100,DISABLED,DISABLED,1884,500,2100,DISABLED,DISABLED,1878,500,2100,DISABLED,DISABLED,1300,900,1300,N/A,DISABLED,42,914,1333,N/A,ENABLED,42,914,1333,N/A,ENABLED,42,914,1333,N/A,ENABLED,42,914,1333,N/A,ENABLED,36,711,1143,N/A,ENABLED,36,711,1143,N/A,ENABLED,36,711,1143,N/A,ENABLED,36,711,1143,N/A,ENABLED,N/A,62,56
1744926353,0,677,N/A,N/A,N/A,N/A,ENABLED,1883,500,2100,DISABLED,DISABLED,1883,500,2100,DISABLED,DISABLED,1882,500,2100,DISABLED,DISABLED,1878,500,2100,DISABLED,DISABLED,1878,500,2100,DISABLED,DISABLED,1876,500,2100,DISABLED,DISABLED,1878,500,2100,DISABLED,DISABLED,1873,500,2100,DISABLED,DISABLED,1300,900,1300,N/A,DISABLED,42,914,1333,N/A,ENABLED,42,914,1333,N/A,ENABLED,42,914,1333,N/A,ENABLED,42,914,1333,N/A,ENABLED,36,711,1143,N/A,ENABLED,36,711,1143,N/A,ENABLED,36,711,1143,N/A,ENABLED,36,711,1143,N/A,ENABLED,N/A,62,56
1744926354,0,679,N/A,N/A,N/A,N/A,ENABLED,1881,500,2100,DISABLED,DISABLED,1881,500,2100,DISABLED,DISABLED,1881,500,2100,DISABLED,DISABLED,1876,500,2100,DISABLED,DISABLED,1876,500,2100,DISABLED,DISABLED,1874,500,2100,DISABLED,DISABLED,1875,500,2100,DISABLED,DISABLED,1871,500,2100,DISABLED,DISABLED,1300,900,1300,N/A,DISABLED,42,914,1333,N/A,ENABLED,42,914,1333,N/A,ENABLED,42,914,1333,N/A,ENABLED,42,914,1333,N/A,ENABLED,36,711,1143,N/A,ENABLED,36,711,1143,N/A,ENABLED,36,711,1143,N/A,ENABLED,36,711,1143,N/A,ENABLED,N/A,62,56
1744926356,0,678,N/A,N/A,N/A,N/A,ENABLED,1880,500,2100,DISABLED,DISABLED,1880,500,2100,DISABLED,DISABLED,1881,500,2100,DISABLED,DISABLED,1877,500,2100,DISABLED,DISABLED,1876,500,2100,DISABLED,DISABLED,1874,500,2100,DISABLED,DISABLED,1877,500,2100,DISABLED,DISABLED,1872,500,2100,DISABLED,DISABLED,1300,900,1300,N/A,DISABLED,42,914,1333,N/A,ENABLED,42,914,1333,N/A,ENABLED,42,914,1333,N/A,ENABLED,42,914,1333,N/A,ENABLED,36,711,1143,N/A,ENABLED,36,711,1143,N/A,ENABLED,36,711,1143,N/A,ENABLED,36,711,1143,N/A,ENABLED,N/A,62,56
1744926357,0,677,N/A,N/A,N/A,N/A,ENABLED,1892,500,2100,DISABLED,DISABLED,1892,500,2100,DISABLED,DISABLED,1893,500,2100,DISABLED,DISABLED,1888,500,2100,DISABLED,DISABLED,1888,500,2100,DISABLED,DISABLED,1885,500,2100,DISABLED,DISABLED,1887,500,2100,DISABLED,DISABLED,1883,500,2100,DISABLED,DISABLED,1300,900,1300,N/A,DISABLED,42,914,1333,N/A,ENABLED,42,914,1333,N/A,ENABLED,42,914,1333,N/A,ENABLED,42,914,1333,N/A,ENABLED,36,711,1143,N/A,ENABLED,36,711,1143,N/A,ENABLED,36,711,1143,N/A,ENABLED,36,711,1143,N/A,ENABLED,N/A,62,55
1744926358,0,679,N/A,N/A,N/A,N/A,ENABLED,1887,500,2100,DISABLED,DISABLED,1886,500,2100,DISABLED,DISABLED,1888,500,2100,DISABLED,DISABLED,1883,500,2100,DISABLED,DISABLED,1883,500,2100,DISABLED,DISABLED,1880,500,2100,DISABLED,DISABLED,1883,500,2100,DISABLED,DISABLED,1878,500,2100,DISABLED,DISABLED,1300,900,1300,N/A,DISABLED,42,914,1333,N/A,ENABLED,42,914,1333,N/A,ENABLED,42,914,1333,N/A,ENABLED,42,914,1333,N/A,ENABLED,36,711,1143,N/A,ENABLED,36,711,1143,N/A,ENABLED,36,711,1143,N/A,ENABLED,36,711,1143,N/A,ENABLED,N/A,62,55
1744926359,0,687,N/A,N/A,N/A,N/A,ENABLED,1899,500,2100,DISABLED,DISABLED,1900,500,2100,DISABLED,DISABLED,1901,500,2100,DISABLED,DISABLED,1895,500,2100,DISABLED,DISABLED,1894,500,2100,DISABLED,DISABLED,1892,500,2100,DISABLED,DISABLED,1895,500,2100,DISABLED,DISABLED,1889,500,2100,DISABLED,DISABLED,1300,900,1300,N/A,DISABLED,42,914,1333,N/A,ENABLED,42,914,1333,N/A,ENABLED,42,914,1333,N/A,ENABLED,42,914,1333,N/A,ENABLED,36,711,1143,N/A,ENABLED,36,711,1143,N/A,ENABLED,36,711,1143,N/A,ENABLED,36,711,1143,N/A,ENABLED,N/A,62,55
1744926361,0,680,N/A,N/A,N/A,N/A,ENABLED,1889,500,2100,DISABLED,DISABLED,1889,500,2100,DISABLED,DISABLED,1888,500,2100,DISABLED,DISABLED,1884,500,2100,DISABLED,DISABLED,1884,500,2100,DISABLED,DISABLED,1880,500,2100,DISABLED,DISABLED,1884,500,2100,DISABLED,DISABLED,1878,500,2100,DISABLED,DISABLED,1300,900,1300,N/A,DISABLED,42,914,1333,N/A,ENABLED,42,914,1333,N/A,ENABLED,42,914,1333,N/A,ENABLED,42,914,1333,N/A,ENABLED,36,711,1143,N/A,ENABLED,36,711,1143,N/A,ENABLED,36,711,1143,N/A,ENABLED,36,711,1143,N/A,ENABLED,N/A,62,55
1744926362,0,671,N/A,N/A,N/A,N/A,ENABLED,1905,500,2100,DISABLED,DISABLED,1905,500,2100,DISABLED,DISABLED,1906,500,2100,DISABLED,DISABLED,1902,500,2100,DISABLED,DISABLED,1901,500,2100,DISABLED,DISABLED,1898,500,2100,DISABLED,DISABLED,1902,500,2100,DISABLED,DISABLED,1896,500,2100,DISABLED,DISABLED,1300,900,1300,N/A,DISABLED,42,914,1333,N/A,ENABLED,42,914,1333,N/A,ENABLED,42,914,1333,N/A,ENABLED,42,914,1333,N/A,ENABLED,36,711,1143,N/A,ENABLED,36,711,1143,N/A,ENABLED,36,711,1143,N/A,ENABLED,36,711,1143,N/A,ENABLED,N/A,61,54
1744926363,0,674,N/A,N/A,N/A,N/A,ENABLED,1896,500,2100,DISABLED,DISABLED,1895,500,2100,DISABLED,DISABLED,1897,500,2100,DISABLED,DISABLED,1892,500,2100,DISABLED,DISABLED,1891,500,2100,DISABLED,DISABLED,1889,500,2100,DISABLED,DISABLED,1893,500,2100,DISABLED,DISABLED,1886,500,2100,DISABLED,DISABLED,1300,900,1300,N/A,DISABLED,42,914,1333,N/A,ENABLED,42,914,1333,N/A,ENABLED,42,914,1333,N/A,ENABLED,42,914,1333,N/A,ENABLED,36,711,1143,N/A,ENABLED,36,711,1143,N/A,ENABLED,36,711,1143,N/A,ENABLED,36,711,1143,N/A,ENABLED,N/A,61,55
1744926364,0,679,N/A,N/A,N/A,N/A,ENABLED,1891,500,2100,DISABLED,DISABLED,1891,500,2100,DISABLED,DISABLED,1891,500,2100,DISABLED,DISABLED,1886,500,2100,DISABLED,DISABLED,1886,500,2100,DISABLED,DISABLED,1883,500,2100,DISABLED,DISABLED,1886,500,2100,DISABLED,DISABLED,1881,500,2100,DISABLED,DISABLED,1300,900,1300,N/A,DISABLED,42,914,1333,N/A,ENABLED,42,914,1333,N/A,ENABLED,42,914,1333,N/A,ENABLED,42,914,1333,N/A,ENABLED,36,711,1143,N/A,ENABLED,36,711,1143,N/A,ENABLED,36,711,1143,N/A,ENABLED,36,711,1143,N/A,ENABLED,N/A,61,55
1744926366,0,677,N/A,N/A,N/A,N/A,ENABLED,1936,500,2100,DISABLED,DISABLED,1936,500,2100,DISABLED,DISABLED,1937,500,2100,DISABLED,DISABLED,1931,500,2100,DISABLED,DISABLED,1931,500,2100,DISABLED,DISABLED,1928,500,2100,DISABLED,DISABLED,1930,500,2100,DISABLED,DISABLED,1926,500,2100,DISABLED,DISABLED,1300,900,1300,N/A,DISABLED,42,914,1333,N/A,ENABLED,42,914,1333,N/A,ENABLED,42,914,1333,N/A,ENABLED,42,914,1333,N/A,ENABLED,36,711,1143,N/A,ENABLED,36,711,1143,N/A,ENABLED,36,711,1143,N/A,ENABLED,36,711,1143,N/A,ENABLED,N/A,61,54
1744926367,0,685,N/A,N/A,N/A,N/A,ENABLED,1904,500,2100,DISABLED,DISABLED,1904,500,2100,DISABLED,DISABLED,1904,500,2100,DISABLED,DISABLED,1899,500,2100,DISABLED,DISABLED,1899,500,2100,DISABLED,DISABLED,1897,500,2100,DISABLED,DISABLED,1899,500,2100,DISABLED,DISABLED,1894,500,2100,DISABLED,DISABLED,1300,900,1300,N/A,DISABLED,42,914,1333,N/A,ENABLED,42,914,1333,N/A,ENABLED,42,914,1333,N/A,ENABLED,42,914,1333,N/A,ENABLED,36,711,1143,N/A,ENABLED,36,711,1143,N/A,ENABLED,36,711,1143,N/A,ENABLED,36,711,1143,N/A,ENABLED,N/A,61,54
1744926368,0,672,N/A,N/A,N/A,N/A,ENABLED,1872,500,2100,DISABLED,DISABLED,1870,500,2100,DISABLED,DISABLED,1872,500,2100,DISABLED,DISABLED,1866,500,2100,DISABLED,DISABLED,1866,500,2100,DISABLED,DISABLED,1865,500,2100,DISABLED,DISABLED,1867,500,2100,DISABLED,DISABLED,1861,500,2100,DISABLED,DISABLED,1300,900,1300,N/A,DISABLED,42,914,1333,N/A,ENABLED,42,914,1333,N/A,ENABLED,42,914,1333,N/A,ENABLED,42,914,1333,N/A,ENABLED,36,711,1143,N/A,ENABLED,36,711,1143,N/A,ENABLED,36,711,1143,N/A,ENABLED,36,711,1143,N/A,ENABLED,N/A,61,55
1744926369,0,672,N/A,N/A,N/A,N/A,ENABLED,1899,500,2100,DISABLED,DISABLED,1898,500,2100,DISABLED,DISABLED,1897,500,2100,DISABLED,DISABLED,1891,500,2100,DISABLED,DISABLED,1892,500,2100,DISABLED,DISABLED,1891,500,2100,DISABLED,DISABLED,1892,500,2100,DISABLED,DISABLED,1887,500,2100,DISABLED,DISABLED,1300,900,1300,N/A,DISABLED,42,914,1333,N/A,ENABLED,42,914,1333,N/A,ENABLED,42,914,1333,N/A,ENABLED,42,914,1333,N/A,ENABLED,36,711,1143,N/A,ENABLED,36,711,1143,N/A,ENABLED,36,711,1143,N/A,ENABLED,36,711,1143,N/A,ENABLED,N/A,61,55
1744926371,0,679,N/A,N/A,N/A,N/A,ENABLED,1917,500,2100,DISABLED,DISABLED,1916,500,2100,DISABLED,DISABLED,1916,500,2100,DISABLED,DISABLED,1910,500,2100,DISABLED,DISABLED,1911,500,2100,DISABLED,DISABLED,1909,500,2100,DISABLED,DISABLED,1910,500,2100,DISABLED,DISABLED,1905,500,2100,DISABLED,DISABLED,1300,900,1300,N/A,DISABLED,42,914,1333,N/A,ENABLED,42,914,1333,N/A,ENABLED,42,914,1333,N/A,ENABLED,42,914,1333,N/A,ENABLED,36,711,1143,N/A,ENABLED,36,711,1143,N/A,ENABLED,36,711,1143,N/A,ENABLED,36,711,1143,N/A,ENABLED,N/A,61,54
1744926372,0,680,N/A,N/A,N/A,N/A,ENABLED,1911,500,2100,DISABLED,DISABLED,1910,500,2100,DISABLED,DISABLED,1911,500,2100,DISABLED,DISABLED,1904,500,2100,DISABLED,DISABLED,1905,500,2100,DISABLED,DISABLED,1903,500,2100,DISABLED,DISABLED,1904,500,2100,DISABLED,DISABLED,1900,500,2100,DISABLED,DISABLED,1300,900,1300,N/A,DISABLED,42,914,1333,N/A,ENABLED,42,914,1333,N/A,ENABLED,42,914,1333,N/A,ENABLED,42,914,1333,N/A,ENABLED,36,711,1143,N/A,ENABLED,36,711,1143,N/A,ENABLED,36,711,1143,N/A,ENABLED,36,711,1143,N/A,ENABLED,N/A,61,54
1744926373,0,678,N/A,N/A,N/A,N/A,ENABLED,1873,500,2100,DISABLED,DISABLED,1872,500,2100,DISABLED,DISABLED,1873,500,2100,DISABLED,DISABLED,1867,500,2100,DISABLED,DISABLED,1868,500,2100,DISABLED,DISABLED,1864,500,2100,DISABLED,DISABLED,1867,500,2100,DISABLED,DISABLED,1863,500,2100,DISABLED,DISABLED,1300,900,1300,N/A,DISABLED,42,914,1333,N/A,ENABLED,42,914,1333,N/A,ENABLED,42,914,1333,N/A,ENABLED,42,914,1333,N/A,ENABLED,36,711,1143,N/A,ENABLED,36,711,1143,N/A,ENABLED,36,711,1143,N/A,ENABLED,36,711,1143,N/A,ENABLED,N/A,60,55
1744926374,0,682,N/A,N/A,N/A,N/A,ENABLED,1894,500,2100,DISABLED,DISABLED,1896,500,2100,DISABLED,DISABLED,1894,500,2100,DISABLED,DISABLED,1890,500,2100,DISABLED,DISABLED,1891,500,2100,DISABLED,DISABLED,1887,500,2100,DISABLED,DISABLED,1891,500,2100,DISABLED,DISABLED,1887,500,2100,DISABLED,DISABLED,1300,900,1300,N/A,DISABLED,42,914,1333,N/A,ENABLED,42,914,1333,N/A,ENABLED,42,914,1333,N/A,ENABLED,42,914,1333,N/A,ENABLED,36,711,1143,N/A,ENABLED,36,711,1143,N/A,ENABLED,36,711,1143,N/A,ENABLED,36,711,1143,N/A,ENABLED,N/A,60,54
1744926376,0,674,N/A,N/A,N/A,N/A,ENABLED,1917,500,2100,DISABLED,DISABLED,1917,500,2100,DISABLED,DISABLED,1919,500,2100,DISABLED,DISABLED,1911,500,2100,DISABLED,DISABLED,1912,500,2100,DISABLED,DISABLED,1910,500,2100,DISABLED,DISABLED,1914,500,2100,DISABLED,DISABLED,1910,500,2100,DISABLED,DISABLED,1300,900,1300,N/A,DISABLED,42,914,1333,N/A,ENABLED,42,914,1333,N/A,ENABLED,42,914,1333,N/A,ENABLED,42,914,1333,N/A,ENABLED,36,711,1143,N/A,ENABLED,36,711,1143,N/A,ENABLED,36,711,1143,N/A,ENABLED,36,711,1143,N/A,ENABLED,N/A,60,53
1744926377,0,674,N/A,N/A,N/A,N/A,ENABLED,1916,500,2100,DISABLED,DISABLED,1916,500,2100,DISABLED,DISABLED,1916,500,2100,DISABLED,DISABLED,1909,500,2100,DISABLED,DISABLED,1909,500,2100,DISABLED,DISABLED,1907,500,2100,DISABLED,DISABLED,1912,500,2100,DISABLED,DISABLED,1907,500,2100,DISABLED,DISABLED,1300,900,1300,N/A,DISABLED,42,914,1333,N/A,ENABLED,42,914,1333,N/A,ENABLED,42,914,1333,N/A,ENABLED,42,914,1333,N/A,ENABLED,36,711,1143,N/A,ENABLED,36,711,1143,N/A,ENABLED,36,711,1143,N/A,ENABLED,36,711,1143,N/A,ENABLED,N/A,60,53
1744926378,0,676,N/A,N/A,N/A,N/A,ENABLED,1904,500,2100,DISABLED,DISABLED,1904,500,2100,DISABLED,DISABLED,1904,500,2100,DISABLED,DISABLED,1898,500,2100,DISABLED,DISABLED,1899,500,2100,DISABLED,DISABLED,1896,500,2100,DISABLED,DISABLED,1900,500,2100,DISABLED,DISABLED,1895,500,2100,DISABLED,DISABLED,1300,900,1300,N/A,DISABLED,42,914,1333,N/A,ENABLED,42,914,1333,N/A,ENABLED,42,914,1333,N/A,ENABLED,42,914,1333,N/A,ENABLED,36,711,1143,N/A,ENABLED,36,711,1143,N/A,ENABLED,36,711,1143,N/A,ENABLED,36,711,1143,N/A,ENABLED,N/A,60,53
1744926379,0,680,N/A,N/A,N/A,N/A,ENABLED,1922,500,2100,DISABLED,DISABLED,1923,500,2100,DISABLED,DISABLED,1922,500,2100,DISABLED,DISABLED,1915,500,2100,DISABLED,DISABLED,1917,500,2100,DISABLED,DISABLED,1913,500,2100,DISABLED,DISABLED,1917,500,2100,DISABLED,DISABLED,1912,500,2100,DISABLED,DISABLED,1300,900,1300,N/A,DISABLED,42,914,1333,N/A,ENABLED,42,914,1333,N/A,ENABLED,42,914,1333,N/A,ENABLED,42,914,1333,N/A,ENABLED,36,711,1143,N/A,ENABLED,36,711,1143,N/A,ENABLED,36,711,1143,N/A,ENABLED,36,711,1143,N/A,ENABLED,N/A,60,53
1744926381,0,679,N/A,N/A,N/A,N/A,ENABLED,1900,500,2100,DISABLED,DISABLED,1898,500,2100,DISABLED,DISABLED,1899,500,2100,DISABLED,DISABLED,1895,500,2100,DISABLED,DISABLED,1892,500,2100,DISABLED,DISABLED,1891,500,2100,DISABLED,DISABLED,1894,500,2100,DISABLED,DISABLED,1888,500,2100,DISABLED,DISABLED,1300,900,1300,N/A,DISABLED,42,914,1333,N/A,ENABLED,42,914,1333,N/A,ENABLED,42,914,1333,N/A,ENABLED,42,914,1333,N/A,ENABLED,36,711,1143,N/A,ENABLED,36,711,1143,N/A,ENABLED,36,711,1143,N/A,ENABLED,36,711,1143,N/A,ENABLED,N/A,60,54
1744926382,0,688,N/A,N/A,N/A,N/A,ENABLED,1889,500,2100,DISABLED,DISABLED,1888,500,2100,DISABLED,DISABLED,1889,500,2100,DISABLED,DISABLED,1883,500,2100,DISABLED,DISABLED,1882,500,2100,DISABLED,DISABLED,1880,500,2100,DISABLED,DISABLED,1883,500,2100,DISABLED,DISABLED,1877,500,2100,DISABLED,DISABLED,1300,900,1300,N/A,DISABLED,42,914,1333,N/A,ENABLED,42,914,1333,N/A,ENABLED,42,914,1333,N/A,ENABLED,42,914,1333,N/A,ENABLED,36,711,1143,N/A,ENABLED,36,711,1143,N/A,ENABLED,36,711,1143,N/A,ENABLED,36,711,1143,N/A,ENABLED,N/A,60,54
1744926383,0,682,N/A,N/A,N/A,N/A,ENABLED,1897,500,2100,DISABLED,DISABLED,1895,500,2100,DISABLED,DISABLED,1895,500,2100,DISABLED,DISABLED,1887,500,2100,DISABLED,DISABLED,1889,500,2100,DISABLED,DISABLED,1887,500,2100,DISABLED,DISABLED,1890,500,2100,DISABLED,DISABLED,1884,500,2100,DISABLED,DISABLED,1300,900,1300,N/A,DISABLED,42,914,1333,N/A,ENABLED,42,914,1333,N/A,ENABLED,42,914,1333,N/A,ENABLED,42,914,1333,N/A,ENABLED,36,711,1143,N/A,ENABLED,36,711,1143,N/A,ENABLED,36,711,1143,N/A,ENABLED,36,711,1143,N/A,ENABLED,N/A,60,54
1744926384,0,674,N/A,N/A,N/A,N/A,ENABLED,1912,500,2100,DISABLED,DISABLED,1913,500,2100,DISABLED,DISABLED,1913,500,2100,DISABLED,DISABLED,1907,500,2100,DISABLED,DISABLED,1907,500,2100,DISABLED,DISABLED,1905,500,2100,DISABLED,DISABLED,1908,500,2100,DISABLED,DISABLED,1903,500,2100,DISABLED,DISABLED,1300,900,1300,N/A,DISABLED,42,914,1333,N/A,ENABLED,42,914,1333,N/A,ENABLED,42,914,1333,N/A,ENABLED,42,914,1333,N/A,ENABLED,36,711,1143,N/A,ENABLED,36,711,1143,N/A,ENABLED,36,711,1143,N/A,ENABLED,36,711,1143,N/A,ENABLED,N/A,60,53
1744926386,0,671,N/A,N/A,N/A,N/A,ENABLED,1900,500,2100,DISABLED,DISABLED,1900,500,2100,DISABLED,DISABLED,1901,500,2100,DISABLED,DISABLED,1896,500,2100,DISABLED,DISABLED,1896,500,2100,DISABLED,DISABLED,1893,500,2100,DISABLED,DISABLED,1896,500,2100,DISABLED,DISABLED,1891,500,2100,DISABLED,DISABLED,1300,900,1300,N/A,DISABLED,42,914,1333,N/A,ENABLED,42,914,1333,N/A,ENABLED,42,914,1333,N/A,ENABLED,42,914,1333,N/A,ENABLED,36,711,1143,N/A,ENABLED,36,711,1143,N/A,ENABLED,36,711,1143,N/A,ENABLED,36,711,1143,N/A,ENABLED,N/A,60,53
1744926387,0,676,N/A,N/A,N/A,N/A,ENABLED,1919,500,2100,DISABLED,DISABLED,1919,500,2100,DISABLED,DISABLED,1919,500,2100,DISABLED,DISABLED,1914,500,2100,DISABLED,DISABLED,1914,500,2100,DISABLED,DISABLED,1911,500,2100,DISABLED,DISABLED,1914,500,2100,DISABLED,DISABLED,1910,500,2100,DISABLED,DISABLED,1300,900,1300,N/A,DISABLED,42,914,1333,N/A,ENABLED,42,914,1333,N/A,ENABLED,42,914,1333,N/A,ENABLED,42,914,1333,N/A,ENABLED,36,711,1143,N/A,ENABLED,36,711,1143,N/A,ENABLED,36,711,1143,N/A,ENABLED,36,711,1143,N/A,ENABLED,N/A,60,52
1744926388,0,677,N/A,N/A,N/A,N/A,ENABLED,1918,500,2100,DISABLED,DISABLED,1918,500,2100,DISABLED,DISABLED,1918,500,2100,DISABLED,DISABLED,1913,500,2100,DISABLED,DISABLED,1914,500,2100,DISABLED,DISABLED,1910,500,2100,DISABLED,DISABLED,1913,500,2100,DISABLED,DISABLED,1909,500,2100,DISABLED,DISABLED,1300,900,1300,N/A,DISABLED,42,914,1333,N/A,ENABLED,42,914,1333,N/A,ENABLED,42,914,1333,N/A,ENABLED,42,914,1333,N/A,ENABLED,36,711,1143,N/A,ENABLED,36,711,1143,N/A,ENABLED,36,711,1143,N/A,ENABLED,36,711,1143,N/A,ENABLED,N/A,60,53
1744926389,0,678,N/A,N/A,N/A,N/A,ENABLED,1891,500,2100,DISABLED,DISABLED,1892,500,2100,DISABLED,DISABLED,1892,500,2100,DISABLED,DISABLED,1887,500,2100,DISABLED,DISABLED,1887,500,2100,DISABLED,DISABLED,1883,500,2100,DISABLED,DISABLED,1886,500,2100,DISABLED,DISABLED,1882,500,2100,DISABLED,DISABLED,1300,900,1300,N/A,DISABLED,42,914,1333,N/A,ENABLED,42,914,1333,N/A,ENABLED,42,914,1333,N/A,ENABLED,42,914,1333,N/A,ENABLED,36,711,1143,N/A,ENABLED,36,711,1143,N/A,ENABLED,36,711,1143,N/A,ENABLED,36,711,1143,N/A,ENABLED,N/A,59,53
1744926391,0,682,N/A,N/A,N/A,N/A,ENABLED,1891,500,2100,DISABLED,DISABLED,1891,500,2100,DISABLED,DISABLED,1892,500,2100,DISABLED,DISABLED,1886,500,2100,DISABLED,DISABLED,1886,500,2100,DISABLED,DISABLED,1884,500,2100,DISABLED,DISABLED,1886,500,2100,DISABLED,DISABLED,1882,500,2100,DISABLED,DISABLED,1300,900,1300,N/A,DISABLED,42,914,1333,N/A,ENABLED,42,914,1333,N/A,ENABLED,42,914,1333,N/A,ENABLED,42,914,1333,N/A,ENABLED,36,711,1143,N/A,ENABLED,36,711,1143,N/A,ENABLED,36,711,1143,N/A,ENABLED,36,711,1143,N/A,ENABLED,N/A,59,53
1744926392,0,685,N/A,N/A,N/A,N/A,ENABLED,1902,500,2100,DISABLED,DISABLED,1901,500,2100,DISABLED,DISABLED,1903,500,2100,DISABLED,DISABLED,1896,500,2100,DISABLED,DISABLED,1896,500,2100,DISABLED,DISABLED,1894,500,2100,DISABLED,DISABLED,1896,500,2100,DISABLED,DISABLED,1891,500,2100,DISABLED,DISABLED,1300,900,1300,N/A,DISABLED,42,914,1333,N/A,ENABLED,42,914,1333,N/A,ENABLED,42,914,1333,N/A,ENABLED,42,914,1333,N/A,ENABLED,36,711,1143,N/A,ENABLED,36,711,1143,N/A,ENABLED,36,711,1143,N/A,ENABLED,36,711,1143,N/A,ENABLED,N/A,59,53
1744926393,0,668,N/A,N/A,N/A,N/A,ENABLED,1894,500,2100,DISABLED,DISABLED,1896,500,2100,DISABLED,DISABLED,1896,500,2100,DISABLED,DISABLED,1890,500,2100,DISABLED,DISABLED,1890,500,2100,DISABLED,DISABLED,1887,500,2100,DISABLED,DISABLED,1890,500,2100,DISABLED,DISABLED,1886,500,2100,DISABLED,DISABLED,1300,900,1300,N/A,DISABLED,42,914,1333,N/A,ENABLED,42,914,1333,N/A,ENABLED,42,914,1333,N/A,ENABLED,42,914,1333,N/A,ENABLED,36,711,1143,N/A,ENABLED,36,711,1143,N/A,ENABLED,36,711,1143,N/A,ENABLED,36,711,1143,N/A,ENABLED,N/A,59,52
1744926394,0,680,N/A,N/A,N/A,N/A,ENABLED,1898,500,2100,DISABLED,DISABLED,1899,500,2100,DISABLED,DISABLED,1900,500,2100,DISABLED,DISABLED,1894,500,2100,DISABLED,DISABLED,1894,500,2100,DISABLED,DISABLED,1890,500,2100,DISABLED,DISABLED,1893,500,2100,DISABLED,DISABLED,1890,500,2100,DISABLED,DISABLED,1300,900,1300,N/A,DISABLED,42,914,1333,N/A,ENABLED,42,914,1333,N/A,ENABLED,42,914,1333,N/A,ENABLED,42,914,1333,N/A,ENABLED,36,711,1143,N/A,ENABLED,36,711,1143,N/A,ENABLED,36,711,1143,N/A,ENABLED,36,711,1143,N/A,ENABLED,N/A,59,52
1744926396,0,681,N/A,N/A,N/A,N/A,ENABLED,1894,500,2100,DISABLED,DISABLED,1894,500,2100,DISABLED,DISABLED,1896,500,2100,DISABLED,DISABLED,1889,500,2100,DISABLED,DISABLED,1889,500,2100,DISABLED,DISABLED,1885,500,2100,DISABLED,DISABLED,1888,500,2100,DISABLED,DISABLED,1884,500,2100,DISABLED,DISABLED,1300,900,1300,N/A,DISABLED,42,914,1333,N/A,ENABLED,42,914,1333,N/A,ENABLED,42,914,1333,N/A,ENABLED,42,914,1333,N/A,ENABLED,36,711,1143,N/A,ENABLED,36,711,1143,N/A,ENABLED,36,711,1143,N/A,ENABLED,36,711,1143,N/A,ENABLED,N/A,59,52
1744926397,0,684,N/A,N/A,N/A,N/A,ENABLED,1907,500,2100,DISABLED,DISABLED,1907,500,2100,DISABLED,DISABLED,1907,500,2100,DISABLED,DISABLED,1902,500,2100,DISABLED,DISABLED,1902,500,2100,DISABLED,DISABLED,1899,500,2100,DISABLED,DISABLED,1902,500,2100,DISABLED,DISABLED,1897,500,2100,DISABLED,DISABLED,1300,900,1300,N/A,DISABLED,42,914,1333,N/A,ENABLED,42,914,1333,N/A,ENABLED,42,914,1333,N/A,ENABLED,42,914,1333,N/A,ENABLED,36,711,1143,N/A,ENABLED,36,711,1143,N/A,ENABLED,36,711,1143,N/A,ENABLED,36,711,1143,N/A,ENABLED,N/A,59,53
1744926398,0,676,N/A,N/A,N/A,N/A,ENABLED,1904,500,2100,DISABLED,DISABLED,1904,500,2100,DISABLED,DISABLED,1904,500,2100,DISABLED,DISABLED,1898,500,2100,DISABLED,DISABLED,1898,500,2100,DISABLED,DISABLED,1895,500,2100,DISABLED,DISABLED,1897,500,2100,DISABLED,DISABLED,1894,500,2100,DISABLED,DISABLED,1300,900,1300,N/A,DISABLED,42,914,1333,N/A,ENABLED,42,914,1333,N/A,ENABLED,42,914,1333,N/A,ENABLED,42,914,1333,N/A,ENABLED,36,711,1143,N/A,ENABLED,36,711,1143,N/A,ENABLED,36,711,1143,N/A,ENABLED,36,711,1143,N/A,ENABLED,N/A,59,52
1744926399,0,674,N/A,N/A,N/A,N/A,ENABLED,1900,500,2100,DISABLED,DISABLED,1901,500,2100,DISABLED,DISABLED,1901,500,2100,DISABLED,DISABLED,1897,500,2100,DISABLED,DISABLED,1896,500,2100,DISABLED,DISABLED,1894,500,2100,DISABLED,DISABLED,1896,500,2100,DISABLED,DISABLED,1892,500,2100,DISABLED,DISABLED,1300,900,1300,N/A,DISABLED,42,914,1333,N/A,ENABLED,42,914,1333,N/A,ENABLED,42,914,1333,N/A,ENABLED,42,914,1333,N/A,ENABLED,36,711,1143,N/A,ENABLED,36,711,1143,N/A,ENABLED,36,711,1143,N/A,ENABLED,36,711,1143,N/A,ENABLED,N/A,59,52
1744926401,0,682,N/A,N/A,N/A,N/A,ENABLED,1923,500,2100,DISABLED,DISABLED,1924,500,2100,DISABLED,DISABLED,1924,500,2100,DISABLED,DISABLED,1918,500,2100,DISABLED,DISABLED,1918,500,2100,DISABLED,DISABLED,1916,500,2100,DISABLED,DISABLED,1918,500,2100,DISABLED,DISABLED,1914,500,2100,DISABLED,DISABLED,1300,900,1300,N/A,DISABLED,42,914,1333,N/A,ENABLED,42,914,1333,N/A,ENABLED,42,914,1333,N/A,ENABLED,42,914,1333,N/A,ENABLED,36,711,1143,N/A,ENABLED,36,711,1143,N/A,ENABLED,36,711,1143,N/A,ENABLED,36,711,1143,N/A,ENABLED,N/A,59,52
1744926402,0,669,N/A,N/A,N/A,N/A,ENABLED,1906,500,2100,DISABLED,DISABLED,1907,500,2100,DISABLED,DISABLED,1908,500,2100,DISABLED,DISABLED,1901,500,2100,DISABLED,DISABLED,1901,500,2100,DISABLED,DISABLED,1899,500,2100,DISABLED,DISABLED,1903,500,2100,DISABLED,DISABLED,1897,500,2100,DISABLED,DISABLED,1300,900,1300,N/A,DISABLED,42,914,1333,N/A,ENABLED,42,914,1333,N/A,ENABLED,42,914,1333,N/A,ENABLED,42,914,1333,N/A,ENABLED,36,711,1143,N/A,ENABLED,36,711,1143,N/A,ENABLED,36,711,1143,N/A,ENABLED,36,711,1143,N/A,ENABLED,N/A,59,52
1744926403,0,671,N/A,N/A,N/A,N/A,ENABLED,1897,500,2100,DISABLED,DISABLED,1895,500,2100,DISABLED,DISABLED,1895,500,2100,DISABLED,DISABLED,1891,500,2100,DISABLED,DISABLED,1891,500,2100,DISABLED,DISABLED,1889,500,2100,DISABLED,DISABLED,1891,500,2100,DISABLED,DISABLED,1885,500,2100,DISABLED,DISABLED,1300,900,1300,N/A,DISABLED,42,914,1333,N/A,ENABLED,42,914,1333,N/A,ENABLED,42,914,1333,N/A,ENABLED,42,914,1333,N/A,ENABLED,36,711,1143,N/A,ENABLED,36,711,1143,N/A,ENABLED,36,711,1143,N/A,ENABLED,36,711,1143,N/A,ENABLED,N/A,59,52
1744926405,0,671,N/A,N/A,N/A,N/A,ENABLED,1905,500,2100,DISABLED,DISABLED,1903,500,2100,DISABLED,DISABLED,1904,500,2100,DISABLED,DISABLED,1898,500,2100,DISABLED,DISABLED,1898,500,2100,DISABLED,DISABLED,1897,500,2100,DISABLED,DISABLED,1898,500,2100,DISABLED,DISABLED,1893,500,2100,DISABLED,DISABLED,1300,900,1300,N/A,DISABLED,42,914,1333,N/A,ENABLED,42,914,1333,N/A,ENABLED,42,914,1333,N/A,ENABLED,42,914,1333,N/A,ENABLED,36,711,1143,N/A,ENABLED,36,711,1143,N/A,ENABLED,36,711,1143,N/A,ENABLED,36,711,1143,N/A,ENABLED,N/A,59,51
1744926406,0,675,N/A,N/A,N/A,N/A,ENABLED,1918,500,2100,DISABLED,DISABLED,1917,500,2100,DISABLED,DISABLED,1918,500,2100,DISABLED,DISABLED,1912,500,2100,DISABLED,DISABLED,1912,500,2100,DISABLED,DISABLED,1910,500,2100,DISABLED,DISABLED,1910,500,2100,DISABLED,DISABLED,1906,500,2100,DISABLED,DISABLED,1300,900,1300,N/A,DISABLED,42,914,1333,N/A,ENABLED,42,914,1333,N/A,ENABLED,42,914,1333,N/A,ENABLED,42,914,1333,N/A,ENABLED,36,711,1143,N/A,ENABLED,36,711,1143,N/A,ENABLED,36,711,1143,N/A,ENABLED,36,711,1143,N/A,ENABLED,N/A,59,52
1744926407,0,680,N/A,N/A,N/A,N/A,ENABLED,1913,500,2100,DISABLED,DISABLED,1913,500,2100,DISABLED,DISABLED,1912,500,2100,DISABLED,DISABLED,1908,500,2100,DISABLED,DISABLED,1908,500,2100,DISABLED,DISABLED,1906,500,2100,DISABLED,DISABLED,1908,500,2100,DISABLED,DISABLED,1903,500,2100,DISABLED,DISABLED,1300,900,1300,N/A,DISABLED,42,914,1333,N/A,ENABLED,42,914,1333,N/A,ENABLED,42,914,1333,N/A,ENABLED,42,914,1333,N/A,ENABLED,36,711,1143,N/A,ENABLED,36,711,1143,N/A,ENABLED,36,711,1143,N/A,ENABLED,36,711,1143,N/A,ENABLED,N/A,59,52
1744926408,0,678,N/A,N/A,N/A,N/A,ENABLED,1913,500,2100,DISABLED,DISABLED,1913,500,2100,DISABLED,DISABLED,1913,500,2100,DISABLED,DISABLED,1908,500,2100,DISABLED,DISABLED,1908,500,2100,DISABLED,DISABLED,1905,500,2100,DISABLED,DISABLED,1908,500,2100,DISABLED,DISABLED,1903,500,2100,DISABLED,DISABLED,1300,900,1300,N/A,DISABLED,42,914,1333,N/A,ENABLED,42,914,1333,N/A,ENABLED,42,914,1333,N/A,ENABLED,42,914,1333,N/A,ENABLED,36,711,1143,N/A,ENABLED,36,711,1143,N/A,ENABLED,36,711,1143,N/A,ENABLED,36,711,1143,N/A,ENABLED,N/A,59,52
1744926410,0,678,N/A,N/A,N/A,N/A,ENABLED,1914,500,2100,DISABLED,DISABLED,1916,500,2100,DISABLED,DISABLED,1914,500,2100,DISABLED,DISABLED,1911,500,2100,DISABLED,DISABLED,1911,500,2100,DISABLED,DISABLED,1907,500,2100,DISABLED,DISABLED,1910,500,2100,DISABLED,DISABLED,1904,500,2100,DISABLED,DISABLED,1300,900,1300,N/A,DISABLED,42,914,1333,N/A,ENABLED,42,914,1333,N/A,ENABLED,42,914,1333,N/A,ENABLED,42,914,1333,N/A,ENABLED,36,711,1143,N/A,ENABLED,36,711,1143,N/A,ENABLED,36,711,1143,N/A,ENABLED,36,711,1143,N/A,ENABLED,N/A,59,52
1744926411,0,675,N/A,N/A,N/A,N/A,ENABLED,1909,500,2100,DISABLED,DISABLED,1910,500,2100,DISABLED,DISABLED,1909,500,2100,DISABLED,DISABLED,1905,500,2100,DISABLED,DISABLED,1905,500,2100,DISABLED,DISABLED,1902,500,2100,DISABLED,DISABLED,1905,500,2100,DISABLED,DISABLED,1900,500,2100,DISABLED,DISABLED,1300,900,1300,N/A,DISABLED,42,914,1333,N/A,ENABLED,42,914,1333,N/A,ENABLED,42,914,1333,N/A,ENABLED,42,914,1333,N/A,ENABLED,36,711,1143,N/A,ENABLED,36,711,1143,N/A,ENABLED,36,711,1143,N/A,ENABLED,36,711,1143,N/A,ENABLED,N/A,58,52
1744926412,0,679,N/A,N/A,N/A,N/A,ENABLED,1925,500,2100,DISABLED,DISABLED,1924,500,2100,DISABLED,DISABLED,1924,500,2100,DISABLED,DISABLED,1921,500,2100,DISABLED,DISABLED,1920,500,2100,DISABLED,DISABLED,1917,500,2100,DISABLED,DISABLED,1919,500,2100,DISABLED,DISABLED,1915,500,2100,DISABLED,DISABLED,1300,900,1300,N/A,DISABLED,42,914,1333,N/A,ENABLED,42,914,1333,N/A,ENABLED,42,914,1333,N/A,ENABLED,42,914,1333,N/A,ENABLED,36,711,1143,N/A,ENABLED,36,711,1143,N/A,ENABLED,36,711,1143,N/A,ENABLED,36,711,1143,N/A,ENABLED,N/A,59,52
1744926413,0,675,N/A,N/A,N/A,N/A,ENABLED,1910,500,2100,DISABLED,DISABLED,1910,500,2100,DISABLED,DISABLED,1910,500,2100,DISABLED,DISABLED,1904,500,2100,DISABLED,DISABLED,1905,500,2100,DISABLED,DISABLED,1903,500,2100,DISABLED,DISABLED,1906,500,2100,DISABLED,DISABLED,1901,500,2100,DISABLED,DISABLED,1300,900,1300,N/A,DISABLED,42,914,1333,N/A,ENABLED,42,914,1333,N/A,ENABLED,42,914,1333,N/A,ENABLED,42,914,1333,N/A,ENABLED,36,711,1143,N/A,ENABLED,36,711,1143,N/A,ENABLED,36,711,1143,N/A,ENABLED,36,711,1143,N/A,ENABLED,N/A,58,52
1744926415,0,684,N/A,N/A,N/A,N/A,ENABLED,1903,500,2100,DISABLED,DISABLED,1903,500,2100,DISABLED,DISABLED,1903,500,2100,DISABLED,DISABLED,1898,500,2100,DISABLED,DISABLED,1898,500,2100,DISABLED,DISABLED,1896,500,2100,DISABLED,DISABLED,1898,500,2100,DISABLED,DISABLED,1892,500,2100,DISABLED,DISABLED,1300,900,1300,N/A,DISABLED,42,914,1333,N/A,ENABLED,42,914,1333,N/A,ENABLED,42,914,1333,N/A,ENABLED,42,914,1333,N/A,ENABLED,36,711,1143,N/A,ENABLED,36,711,1143,N/A,ENABLED,36,711,1143,N/A,ENABLED,36,711,1143,N/A,ENABLED,N/A,58,52
1744926416,0,681,N/A,N/A,N/A,N/A,ENABLED,1899,500,2100,DISABLED,DISABLED,1898,500,2100,DISABLED,DISABLED,1899,500,2100,DISABLED,DISABLED,1892,500,2100,DISABLED,DISABLED,1893,500,2100,DISABLED,DISABLED,1891,500,2100,DISABLED,DISABLED,1893,500,2100,DISABLED,DISABLED,1889,500,2100,DISABLED,DISABLED,1300,900,1300,N/A,DISABLED,42,914,1333,N/A,ENABLED,42,914,1333,N/A,ENABLED,42,914,1333,N/A,ENABLED,42,914,1333,N/A,ENABLED,36,711,1143,N/A,ENABLED,36,711,1143,N/A,ENABLED,36,711,1143,N/A,ENABLED,36,711,1143,N/A,ENABLED,N/A,58,52
1744926417,0,670,N/A,N/A,N/A,N/A,ENABLED,1897,500,2100,DISABLED,DISABLED,1898,500,2100,DISABLED,DISABLED,1897,500,2100,DISABLED,DISABLED,1892,500,2100,DISABLED,DISABLED,1893,500,2100,DISABLED,DISABLED,1890,500,2100,DISABLED,DISABLED,1893,500,2100,DISABLED,DISABLED,1888,500,2100,DISABLED,DISABLED,1300,900,1300,N/A,DISABLED,42,914,1333,N/A,ENABLED,42,914,1333,N/A,ENABLED,42,914,1333,N/A,ENABLED,42,914,1333,N/A,ENABLED,36,711,1143,N/A,ENABLED,36,711,1143,N/A,ENABLED,36,711,1143,N/A,ENABLED,36,711,1143,N/A,ENABLED,N/A,58,52
1744926418,0,685,N/A,N/A,N/A,N/A,ENABLED,1887,500,2100,DISABLED,DISABLED,1887,500,2100,DISABLED,DISABLED,1888,500,2100,DISABLED,DISABLED,1881,500,2100,DISABLED,DISABLED,1882,500,2100,DISABLED,DISABLED,1880,500,2100,DISABLED,DISABLED,1882,500,2100,DISABLED,DISABLED,1878,500,2100,DISABLED,DISABLED,1300,900,1300,N/A,DISABLED,42,914,1333,N/A,ENABLED,42,914,1333,N/A,ENABLED,42,914,1333,N/A,ENABLED,42,914,1333,N/A,ENABLED,36,711,1143,N/A,ENABLED,36,711,1143,N/A,ENABLED,36,711,1143,N/A,ENABLED,36,711,1143,N/A,ENABLED,N/A,58,52
1744926420,0,678,N/A,N/A,N/A,N/A,ENABLED,1911,500,2100,DISABLED,DISABLED,1911,500,2100,DISABLED,DISABLED,1911,500,2100,DISABLED,DISABLED,1905,500,2100,DISABLED,DISABLED,1906,500,2100,DISABLED,DISABLED,1904,500,2100,DISABLED,DISABLED,1906,500,2100,DISABLED,DISABLED,1901,500,2100,DISABLED,DISABLED,1300,900,1300,N/A,DISABLED,42,914,1333,N/A,ENABLED,42,914,1333,N/A,ENABLED,42,914,1333,N/A,ENABLED,42,914,1333,N/A,ENABLED,36,711,1143,N/A,ENABLED,36,711,1143,N/A,ENABLED,36,711,1143,N/A,ENABLED,36,711,1143,N/A,ENABLED,N/A,58,52
1744926421,0,675,N/A,N/A,N/A,N/A,ENABLED,1921,500,2100,DISABLED,DISABLED,1922,500,2100,DISABLED,DISABLED,1922,500,2100,DISABLED,DISABLED,1915,500,2100,DISABLED,DISABLED,1916,500,2100,DISABLED,DISABLED,1914,500,2100,DISABLED,DISABLED,1916,500,2100,DISABLED,DISABLED,1913,500,2100,DISABLED,DISABLED,1300,900,1300,N/A,DISABLED,42,914,1333,N/A,ENABLED,42,914,1333,N/A,ENABLED,42,914,1333,N/A,ENABLED,42,914,1333,N/A,ENABLED,36,711,1143,N/A,ENABLED,36,711,1143,N/A,ENABLED,36,711,1143,N/A,ENABLED,36,711,1143,N/A,ENABLED,N/A,58,51
1744926422,0,676,N/A,N/A,N/A,N/A,ENABLED,1901,500,2100,DISABLED,DISABLED,1902,500,2100,DISABLED,DISABLED,1901,500,2100,DISABLED,DISABLED,1895,500,2100,DISABLED,DISABLED,1896,500,2100,DISABLED,DISABLED,1893,500,2100,DISABLED,DISABLED,1895,500,2100,DISABLED,DISABLED,1890,500,2100,DISABLED,DISABLED,1300,900,1300,N/A,DISABLED,42,914,1333,N/A,ENABLED,42,914,1333,N/A,ENABLED,42,914,1333,N/A,ENABLED,42,914,1333,N/A,ENABLED,36,711,1143,N/A,ENABLED,36,711,1143,N/A,ENABLED,36,711,1143,N/A,ENABLED,36,711,1143,N/A,ENABLED,N/A,58,52
1744926423,0,672,N/A,N/A,N/A,N/A,ENABLED,1926,500,2100,DISABLED,DISABLED,1926,500,2100,DISABLED,DISABLED,1926,500,2100,DISABLED,DISABLED,1921,500,2100,DISABLED,DISABLED,1922,500,2100,DISABLED,DISABLED,1918,500,2100,DISABLED,DISABLED,1921,500,2100,DISABLED,DISABLED,1916,500,2100,DISABLED,DISABLED,1300,900,1300,N/A,DISABLED,42,914,1333,N/A,ENABLED,42,914,1333,N/A,ENABLED,42,914,1333,N/A,ENABLED,42,914,1333,N/A,ENABLED,36,711,1143,N/A,ENABLED,36,711,1143,N/A,ENABLED,36,711,1143,N/A,ENABLED,36,711,1143,N/A,ENABLED,N/A,58,51
1744926425,0,672,N/A,N/A,N/A,N/A,ENABLED,1897,500,2100,DISABLED,DISABLED,1899,500,2100,DISABLED,DISABLED,1898,500,2100,DISABLED,DISABLED,1893,500,2100,DISABLED,DISABLED,1893,500,2100,DISABLED,DISABLED,1891,500,2100,DISABLED,DISABLED,1893,500,2100,DISABLED,DISABLED,1889,500,2100,DISABLED,DISABLED,1300,900,1300,N/A,DISABLED,42,914,1333,N/A,ENABLED,42,914,1333,N/A,ENABLED,42,914,1333,N/A,ENABLED,42,914,1333,N/A,ENABLED,36,711,1143,N/A,ENABLED,36,711,1143,N/A,ENABLED,36,711,1143,N/A,ENABLED,36,711,1143,N/A,ENABLED,N/A,58,51
1744926426,0,687,N/A,N/A,N/A,N/A,ENABLED,1893,500,2100,DISABLED,DISABLED,1894,500,2100,DISABLED,DISABLED,1894,500,2100,DISABLED,DISABLED,1888,500,2100,DISABLED,DISABLED,1889,500,2100,DISABLED,DISABLED,1887,500,2100,DISABLED,DISABLED,1888,500,2100,DISABLED,DISABLED,1884,500,2100,DISABLED,DISABLED,1300,900,1300,N/A,DISABLED,42,914,1333,N/A,ENABLED,42,914,1333,N/A,ENABLED,42,914,1333,N/A,ENABLED,42,914,1333,N/A,ENABLED,36,711,1143,N/A,ENABLED,36,711,1143,N/A,ENABLED,36,711,1143,N/A,ENABLED,36,711,1143,N/A,ENABLED,N/A,58,52
1744926427,0,670,N/A,N/A,N/A,N/A,ENABLED,1895,500,2100,DISABLED,DISABLED,1897,500,2100,DISABLED,DISABLED,1897,500,2100,DISABLED,DISABLED,1891,500,2100,DISABLED,DISABLED,1892,500,2100,DISABLED,DISABLED,1890,500,2100,DISABLED,DISABLED,1891,500,2100,DISABLED,DISABLED,1887,500,2100,DISABLED,DISABLED,1300,900,1300,N/A,DISABLED,42,914,1333,N/A,ENABLED,42,914,1333,N/A,ENABLED,42,914,1333,N/A,ENABLED,42,914,1333,N/A,ENABLED,36,711,1143,N/A,ENABLED,36,711,1143,N/A,ENABLED,36,711,1143,N/A,ENABLED,36,711,1143,N/A,ENABLED,N/A,58,51
1744926428,0,667,N/A,N/A,N/A,N/A,ENABLED,1909,500,2100,DISABLED,DISABLED,1911,500,2100,DISABLED,DISABLED,1911,500,2100,DISABLED,DISABLED,1906,500,2100,DISABLED,DISABLED,1906,500,2100,DISABLED,DISABLED,1904,500,2100,DISABLED,DISABLED,1906,500,2100,DISABLED,DISABLED,1902,500,2100,DISABLED,DISABLED,1300,900,1300,N/A,DISABLED,42,914,1333,N/A,ENABLED,42,914,1333,N/A,ENABLED,42,914,1333,N/A,ENABLED,42,914,1333,N/A,ENABLED,36,711,1143,N/A,ENABLED,36,711,1143,N/A,ENABLED,36,711,1143,N/A,ENABLED,36,711,1143,N/A,ENABLED,N/A,58,51
1744926430,0,667,N/A,N/A,N/A,N/A,ENABLED,1891,500,2100,DISABLED,DISABLED,1893,500,2100,DISABLED,DISABLED,1893,500,2100,DISABLED,DISABLED,1888,500,2100,DISABLED,DISABLED,1887,500,2100,DISABLED,DISABLED,1885,500,2100,DISABLED,DISABLED,1886,500,2100,DISABLED,DISABLED,1883,500,2100,DISABLED,DISABLED,1300,900,1300,N/A,DISABLED,42,914,1333,N/A,ENABLED,42,914,1333,N/A,ENABLED,42,914,1333,N/A,ENABLED,42,914,1333,N/A,ENABLED,36,711,1143,N/A,ENABLED,36,711,1143,N/A,ENABLED,36,711,1143,N/A,ENABLED,36,711,1143,N/A,ENABLED,N/A,58,52
1744926431,0,678,N/A,N/A,N/A,N/A,ENABLED,1894,500,2100,DISABLED,DISABLED,1896,500,2100,DISABLED,DISABLED,1895,500,2100,DISABLED,DISABLED,1890,500,2100,DISABLED,DISABLED,1889,500,2100,DISABLED,DISABLED,1886,500,2100,DISABLED,DISABLED,1890,500,2100,DISABLED,DISABLED,1885,500,2100,DISABLED,DISABLED,1300,900,1300,N/A,DISABLED,42,914,1333,N/A,ENABLED,42,914,1333,N/A,ENABLED,42,914,1333,N/A,ENABLED,42,914,1333,N/A,ENABLED,36,711,1143,N/A,ENABLED,36,711,1143,N/A,ENABLED,36,711,1143,N/A,ENABLED,36,711,1143,N/A,ENABLED,N/A,58,51
1744926432,0,677,N/A,N/A,N/A,N/A,ENABLED,1920,500,2100,DISABLED,DISABLED,1921,500,2100,DISABLED,DISABLED,1917,500,2100,DISABLED,DISABLED,1914,500,2100,DISABLED,DISABLED,1914,500,2100,DISABLED,DISABLED,1911,500,2100,DISABLED,DISABLED,1914,500,2100,DISABLED,DISABLED,1909,500,2100,DISABLED,DISABLED,1300,900,1300,N/A,DISABLED,42,914,1333,N/A,ENABLED,42,914,1333,N/A,ENABLED,42,914,1333,N/A,ENABLED,42,914,1333,N/A,ENABLED,36,711,1143,N/A,ENABLED,36,711,1143,N/A,ENABLED,36,711,1143,N/A,ENABLED,36,711,1143,N/A,ENABLED,N/A,58,51
1744926433,0,678,N/A,N/A,N/A,N/A,ENABLED,1910,500,2100,DISABLED,DISABLED,1911,500,2100,DISABLED,DISABLED,1911,500,2100,DISABLED,DISABLED,1905,500,2100,DISABLED,DISABLED,1904,500,2100,DISABLED,DISABLED,1903,500,2100,DISABLED,DISABLED,1905,500,2100,DISABLED,DISABLED,1900,500,2100,DISABLED,DISABLED,1300,900,1300,N/A,DISABLED,42,914,1333,N/A,ENABLED,42,914,1333,N/A,ENABLED,42,914,1333,N/A,ENABLED,42,914,1333,N/A,ENABLED,36,711,1143,N/A,ENABLED,36,711,1143,N/A,ENABLED,36,711,1143,N/A,ENABLED,36,711,1143,N/A,ENABLED,N/A,58,51
1744926435,0,678,N/A,N/A,N/A,N/A,ENABLED,1909,500,2100,DISABLED,DISABLED,1910,500,2100,DISABLED,DISABLED,1910,500,2100,DISABLED,DISABLED,1905,500,2100,DISABLED,DISABLED,1904,500,2100,DISABLED,DISABLED,1902,500,2100,DISABLED,DISABLED,1905,500,2100,DISABLED,DISABLED,1900,500,2100,DISABLED,DISABLED,1300,900,1300,N/A,DISABLED,42,914,1333,N/A,ENABLED,42,914,1333,N/A,ENABLED,42,914,1333,N/A,ENABLED,42,914,1333,N/A,ENABLED,36,711,1143,N/A,ENABLED,36,711,1143,N/A,ENABLED,36,711,1143,N/A,ENABLED,36,711,1143,N/A,ENABLED,N/A,58,52
1744926436,0,668,N/A,N/A,N/A,N/A,ENABLED,1916,500,2100,DISABLED,DISABLED,1915,500,2100,DISABLED,DISABLED,1914,500,2100,DISABLED,DISABLED,1909,500,2100,DISABLED,DISABLED,1908,500,2100,DISABLED,DISABLED,1908,500,2100,DISABLED,DISABLED,1909,500,2100,DISABLED,DISABLED,1904,500,2100,DISABLED,DISABLED,1300,900,1300,N/A,DISABLED,42,914,1333,N/A,ENABLED,42,914,1333,N/A,ENABLED,42,914,1333,N/A,ENABLED,42,914,1333,N/A,ENABLED,36,711,1143,N/A,ENABLED,36,711,1143,N/A,ENABLED,36,711,1143,N/A,ENABLED,36,711,1143,N/A,ENABLED,N/A,58,50
1744926437,0,664,N/A,N/A,N/A,N/A,ENABLED,1909,500,2100,DISABLED,DISABLED,1908,500,2100,DISABLED,DISABLED,1909,500,2100,DISABLED,DISABLED,1903,500,2100,DISABLED,DISABLED,1902,500,2100,DISABLED,DISABLED,1902,500,2100,DISABLED,DISABLED,1902,500,2100,DISABLED,DISABLED,1898,500,2100,DISABLED,DISABLED,1300,900,1300,N/A,DISABLED,42,914,1333,N/A,ENABLED,42,914,1333,N/A,ENABLED,42,914,1333,N/A,ENABLED,42,914,1333,N/A,ENABLED,36,711,1143,N/A,ENABLED,36,711,1143,N/A,ENABLED,36,711,1143,N/A,ENABLED,36,711,1143,N/A,ENABLED,N/A,58,51
1744926438,0,681,N/A,N/A,N/A,N/A,ENABLED,1894,500,2100,DISABLED,DISABLED,1894,500,2100,DISABLED,DISABLED,1894,500,2100,DISABLED,DISABLED,1889,500,2100,DISABLED,DISABLED,1887,500,2100,DISABLED,DISABLED,1887,500,2100,DISABLED,DISABLED,1888,500,2100,DISABLED,DISABLED,1883,500,2100,DISABLED,DISABLED,1300,900,1300,N/A,DISABLED,42,914,1333,N/A,ENABLED,42,914,1333,N/A,ENABLED,42,914,1333,N/A,ENABLED,42,914,1333,N/A,ENABLED,36,711,1143,N/A,ENABLED,36,711,1143,N/A,ENABLED,36,711,1143,N/A,ENABLED,36,711,1143,N/A,ENABLED,N/A,58,52
1744926440,0,679,N/A,N/A,N/A,N/A,ENABLED,1907,500,2100,DISABLED,DISABLED,1909,500,2100,DISABLED,DISABLED,1908,500,2100,DISABLED,DISABLED,1904,500,2100,DISABLED,DISABLED,1903,500,2100,DISABLED,DISABLED,1902,500,2100,DISABLED,DISABLED,1904,500,2100,DISABLED,DISABLED,1900,500,2100,DISABLED,DISABLED,1300,900,1300,N/A,DISABLED,42,914,1333,N/A,ENABLED,42,914,1333,N/A,ENABLED,42,914,1333,N/A,ENABLED,42,914,1333,N/A,ENABLED,36,711,1143,N/A,ENABLED,36,711,1143,N/A,ENABLED,36,711,1143,N/A,ENABLED,36,711,1143,N/A,ENABLED,N/A,58,51
1744926441,0,676,N/A,N/A,N/A,N/A,ENABLED,1901,500,2100,DISABLED,DISABLED,1901,500,2100,DISABLED,DISABLED,1902,500,2100,DISABLED,DISABLED,1896,500,2100,DISABLED,DISABLED,1896,500,2100,DISABLED,DISABLED,1896,500,2100,DISABLED,DISABLED,1896,500,2100,DISABLED,DISABLED,1891,500,2100,DISABLED,DISABLED,1300,900,1300,N/A,DISABLED,42,914,1333,N/A,ENABLED,42,914,1333,N/A,ENABLED,42,914,1333,N/A,ENABLED,42,914,1333,N/A,ENABLED,36,711,1143,N/A,ENABLED,36,711,1143,N/A,ENABLED,36,711,1143,N/A,ENABLED,36,711,1143,N/A,ENABLED,N/A,58,52
1744926442,0,682,N/A,N/A,N/A,N/A,ENABLED,1892,500,2100,DISABLED,DISABLED,1894,500,2100,DISABLED,DISABLED,1892,500,2100,DISABLED,DISABLED,1888,500,2100,DISABLED,DISABLED,1888,500,2100,DISABLED,DISABLED,1885,500,2100,DISABLED,DISABLED,1886,500,2100,DISABLED,DISABLED,1880,500,2100,DISABLED,DISABLED,1300,900,1300,N/A,DISABLED,42,914,1333,N/A,ENABLED,42,914,1333,N/A,ENABLED,42,914,1333,N/A,ENABLED,42,914,1333,N/A,ENABLED,36,711,1143,N/A,ENABLED,36,711,1143,N/A,ENABLED,36,711,1143,N/A,ENABLED,36,711,1143,N/A,ENABLED,N/A,58,52
1744926443,0,677,N/A,N/A,N/A,N/A,ENABLED,1908,500,2100,DISABLED,DISABLED,1907,500,2100,DISABLED,DISABLED,1907,500,2100,DISABLED,DISABLED,1904,500,2100,DISABLED,DISABLED,1903,500,2100,DISABLED,DISABLED,1901,500,2100,DISABLED,DISABLED,1902,500,2100,DISABLED,DISABLED,1897,500,2100,DISABLED,DISABLED,1300,900,1300,N/A,DISABLED,42,914,1333,N/A,ENABLED,42,914,1333,N/A,ENABLED,42,914,1333,N/A,ENABLED,42,914,1333,N/A,ENABLED,36,711,1143,N/A,ENABLED,36,711,1143,N/A,ENABLED,36,711,1143,N/A,ENABLED,36,711,1143,N/A,ENABLED,N/A,58,52
1744926445,0,664,N/A,N/A,N/A,N/A,ENABLED,1923,500,2100,DISABLED,DISABLED,1924,500,2100,DISABLED,DISABLED,1922,500,2100,DISABLED,DISABLED,1918,500,2100,DISABLED,DISABLED,1918,500,2100,DISABLED,DISABLED,1917,500,2100,DISABLED,DISABLED,1918,500,2100,DISABLED,DISABLED,1914,500,2100,DISABLED,DISABLED,1300,900,1300,N/A,DISABLED,42,914,1333,N/A,ENABLED,42,914,1333,N/A,ENABLED,42,914,1333,N/A,ENABLED,42,914,1333,N/A,ENABLED,36,711,1143,N/A,ENABLED,36,711,1143,N/A,ENABLED,36,711,1143,N/A,ENABLED,36,711,1143,N/A,ENABLED,N/A,58,50
1744926446,0,679,N/A,N/A,N/A,N/A,ENABLED,1904,500,2100,DISABLED,DISABLED,1906,500,2100,DISABLED,DISABLED,1906,500,2100,DISABLED,DISABLED,1900,500,2100,DISABLED,DISABLED,1901,500,2100,DISABLED,DISABLED,1899,500,2100,DISABLED,DISABLED,1900,500,2100,DISABLED,DISABLED,1896,500,2100,DISABLED,DISABLED,1300,900,1300,N/A,DISABLED,42,914,1333,N/A,ENABLED,42,914,1333,N/A,ENABLED,42,914,1333,N/A,ENABLED,42,914,1333,N/A,ENABLED,36,711,1143,N/A,ENABLED,36,711,1143,N/A,ENABLED,36,711,1143,N/A,ENABLED,36,711,1143,N/A,ENABLED,N/A,58,51
1744926447,0,663,N/A,N/A,N/A,N/A,ENABLED,1913,500,2100,DISABLED,DISABLED,1915,500,2100,DISABLED,DISABLED,1913,500,2100,DISABLED,DISABLED,1908,500,2100,DISABLED,DISABLED,1909,500,2100,DISABLED,DISABLED,1907,500,2100,DISABLED,DISABLED,1907,500,2100,DISABLED,DISABLED,1904,500,2100,DISABLED,DISABLED,1300,900,1300,N/A,DISABLED,42,914,1333,N/A,ENABLED,42,914,1333,N/A,ENABLED,42,914,1333,N/A,ENABLED,42,914,1333,N/A,ENABLED,36,711,1143,N/A,ENABLED,36,711,1143,N/A,ENABLED,36,711,1143,N/A,ENABLED,36,711,1143,N/A,ENABLED,N/A,58,51
1744926448,0,675,N/A,N/A,N/A,N/A,ENABLED,1896,500,2100,DISABLED,DISABLED,1898,500,2100,DISABLED,DISABLED,1896,500,2100,DISABLED,DISABLED,1890,500,2100,DISABLED,DISABLED,1891,500,2100,DISABLED,DISABLED,1889,500,2100,DISABLED,DISABLED,1891,500,2100,DISABLED,DISABLED,1887,500,2100,DISABLED,DISABLED,1300,900,1300,N/A,DISABLED,42,914,1333,N/A,ENABLED,42,914,1333,N/A,ENABLED,42,914,1333,N/A,ENABLED,42,914,1333,N/A,ENABLED,36,711,1143,N/A,ENABLED,36,711,1143,N/A,ENABLED,36,711,1143,N/A,ENABLED,36,711,1143,N/A,ENABLED,N/A,58,52
1744926450,0,679,N/A,N/A,N/A,N/A,ENABLED,1884,500,2100,DISABLED,DISABLED,1884,500,2100,DISABLED,DISABLED,1885,500,2100,DISABLED,DISABLED,1879,500,2100,DISABLED,DISABLED,1878,500,2100,DISABLED,DISABLED,1877,500,2100,DISABLED,DISABLED,1879,500,2100,DISABLED,DISABLED,1875,500,2100,DISABLED,DISABLED,1300,900,1300,N/A,DISABLED,42,914,1333,N/A,ENABLED,42,914,1333,N/A,ENABLED,42,914,1333,N/A,ENABLED,42,914,1333,N/A,ENABLED,36,711,1143,N/A,ENABLED,36,711,1143,N/A,ENABLED,36,711,1143,N/A,ENABLED,36,711,1143,N/A,ENABLED,N/A,58,52
1744926451,0,670,N/A,N/A,N/A,N/A,ENABLED,1908,500,2100,DISABLED,DISABLED,1909,500,2100,DISABLED,DISABLED,1908,500,2100,DISABLED,DISABLED,1903,500,2100,DISABLED,DISABLED,1903,500,2100,DISABLED,DISABLED,1902,500,2100,DISABLED,DISABLED,1904,500,2100,DISABLED,DISABLED,1900,500,2100,DISABLED,DISABLED,1300,900,1300,N/A,DISABLED,42,914,1333,N/A,ENABLED,42,914,1333,N/A,ENABLED,42,914,1333,N/A,ENABLED,42,914,1333,N/A,ENABLED,36,711,1143,N/A,ENABLED,36,711,1143,N/A,ENABLED,36,711,1143,N/A,ENABLED,36,711,1143,N/A,ENABLED,N/A,58,51
1744926452,0,688,N/A,N/A,N/A,N/A,ENABLED,1889,500,2100,DISABLED,DISABLED,1889,500,2100,DISABLED,DISABLED,1890,500,2100,DISABLED,DISABLED,1884,500,2100,DISABLED,DISABLED,1883,500,2100,DISABLED,DISABLED,1883,500,2100,DISABLED,DISABLED,1885,500,2100,DISABLED,DISABLED,1880,500,2100,DISABLED,DISABLED,1300,900,1300,N/A,DISABLED,42,914,1333,N/A,ENABLED,42,914,1333,N/A,ENABLED,42,914,1333,N/A,ENABLED,42,914,1333,N/A,ENABLED,36,711,1143,N/A,ENABLED,36,711,1143,N/A,ENABLED,36,711,1143,N/A,ENABLED,36,711,1143,N/A,ENABLED,N/A,58,53
1744926453,0,674,N/A,N/A,N/A,N/A,ENABLED,1898,500,2100,DISABLED,DISABLED,1899,500,2100,DISABLED,DISABLED,1899,500,2100,DISABLED,DISABLED,1894,500,2100,DISABLED,DISABLED,1893,500,2100,DISABLED,DISABLED,1891,500,2100,DISABLED,DISABLED,1894,500,2100,DISABLED,DISABLED,1889,500,2100,DISABLED,DISABLED,1300,900,1300,N/A,DISABLED,42,914,1333,N/A,ENABLED,42,914,1333,N/A,ENABLED,42,914,1333,N/A,ENABLED,42,914,1333,N/A,ENABLED,36,711,1143,N/A,ENABLED,36,711,1143,N/A,ENABLED,36,711,1143,N/A,ENABLED,36,711,1143,N/A,ENABLED,N/A,58,52
1744926455,0,682,N/A,N/A,N/A,N/A,ENABLED,1900,500,2100,DISABLED,DISABLED,1901,500,2100,DISABLED,DISABLED,1900,500,2100,DISABLED,DISABLED,1895,500,2100,DISABLED,DISABLED,1894,500,2100,DISABLED,DISABLED,1892,500,2100,DISABLED,DISABLED,1895,500,2100,DISABLED,DISABLED,1890,500,2100,DISABLED,DISABLED,1300,900,1300,N/A,DISABLED,42,914,1333,N/A,ENABLED,42,914,1333,N/A,ENABLED,42,914,1333,N/A,ENABLED,42,914,1333,N/A,ENABLED,36,711,1143,N/A,ENABLED,36,711,1143,N/A,ENABLED,36,711,1143,N/A,ENABLED,36,711,1143,N/A,ENABLED,N/A,58,52
1744926456,0,675,N/A,N/A,N/A,N/A,ENABLED,1898,500,2100,DISABLED,DISABLED,1899,500,2100,DISABLED,DISABLED,1899,500,2100,DISABLED,DISABLED,1894,500,2100,DISABLED,DISABLED,1894,500,2100,DISABLED,DISABLED,1891,500,2100,DISABLED,DISABLED,1895,500,2100,DISABLED,DISABLED,1890,500,2100,DISABLED,DISABLED,1300,900,1300,N/A,DISABLED,42,914,1333,N/A,ENABLED,42,914,1333,N/A,ENABLED,42,914,1333,N/A,ENABLED,42,914,1333,N/A,ENABLED,36,711,1143,N/A,ENABLED,36,711,1143,N/A,ENABLED,36,711,1143,N/A,ENABLED,36,711,1143,N/A,ENABLED,N/A,58,52
1744926457,0,675,N/A,N/A,N/A,N/A,ENABLED,1894,500,2100,DISABLED,DISABLED,1895,500,2100,DISABLED,DISABLED,1895,500,2100,DISABLED,DISABLED,1891,500,2100,DISABLED,DISABLED,1891,500,2100,DISABLED,DISABLED,1887,500,2100,DISABLED,DISABLED,1892,500,2100,DISABLED,DISABLED,1887,500,2100,DISABLED,DISABLED,1300,900,1300,N/A,DISABLED,42,914,1333,N/A,ENABLED,42,914,1333,N/A,ENABLED,42,914,1333,N/A,ENABLED,42,914,1333,N/A,ENABLED,36,711,1143,N/A,ENABLED,36,711,1143,N/A,ENABLED,36,711,1143,N/A,ENABLED,36,711,1143,N/A,ENABLED,N/A,58,52
1744926458,0,673,N/A,N/A,N/A,N/A,ENABLED,1918,500,2100,DISABLED,DISABLED,1920,500,2100,DISABLED,DISABLED,1917,500,2100,DISABLED,DISABLED,1913,500,2100,DISABLED,DISABLED,1913,500,2100,DISABLED,DISABLED,1910,500,2100,DISABLED,DISABLED,1914,500,2100,DISABLED,DISABLED,1908,500,2100,DISABLED,DISABLED,1300,900,1300,N/A,DISABLED,42,914,1333,N/A,ENABLED,42,914,1333,N/A,ENABLED,42,914,1333,N/A,ENABLED,42,914,1333,N/A,ENABLED,36,711,1143,N/A,ENABLED,36,711,1143,N/A,ENABLED,36,711,1143,N/A,ENABLED,36,711,1143,N/A,ENABLED,N/A,58,51
1744926460,0,668,N/A,N/A,N/A,N/A,ENABLED,1917,500,2100,DISABLED,DISABLED,1918,500,2100,DISABLED,DISABLED,1916,500,2100,DISABLED,DISABLED,1912,500,2100,DISABLED,DISABLED,1912,500,2100,DISABLED,DISABLED,1909,500,2100,DISABLED,DISABLED,1913,500,2100,DISABLED,DISABLED,1907,500,2100,DISABLED,DISABLED,1300,900,1300,N/A,DISABLED,42,914,1333,N/A,ENABLED,42,914,1333,N/A,ENABLED,42,914,1333,N/A,ENABLED,42,914,1333,N/A,ENABLED,36,711,1143,N/A,ENABLED,36,711,1143,N/A,ENABLED,36,711,1143,N/A,ENABLED,36,711,1143,N/A,ENABLED,N/A,58,51
1744926461,0,679,N/A,N/A,N/A,N/A,ENABLED,1919,500,2100,DISABLED,DISABLED,1920,500,2100,DISABLED,DISABLED,1919,500,2100,DISABLED,DISABLED,1915,500,2100,DISABLED,DISABLED,1914,500,2100,DISABLED,DISABLED,1912,500,2100,DISABLED,DISABLED,1915,500,2100,DISABLED,DISABLED,1910,500,2100,DISABLED,DISABLED,1300,900,1300,N/A,DISABLED,42,914,1333,N/A,ENABLED,42,914,1333,N/A,ENABLED,42,914,1333,N/A,ENABLED,42,914,1333,N/A,ENABLED,36,711,1143,N/A,ENABLED,36,711,1143,N/A,ENABLED,36,711,1143,N/A,ENABLED,36,711,1143,N/A,ENABLED,N/A,58,52
1744926462,0,682,N/A,N/A,N/A,N/A,ENABLED,1899,500,2100,DISABLED,DISABLED,1900,500,2100,DISABLED,DISABLED,1899,500,2100,DISABLED,DISABLED,1894,500,2100,DISABLED,DISABLED,1894,500,2100,DISABLED,DISABLED,1893,500,2100,DISABLED,DISABLED,1895,500,2100,DISABLED,DISABLED,1890,500,2100,DISABLED,DISABLED,1300,900,1300,N/A,DISABLED,42,914,1333,N/A,ENABLED,42,914,1333,N/A,ENABLED,42,914,1333,N/A,ENABLED,42,914,1333,N/A,ENABLED,36,711,1143,N/A,ENABLED,36,711,1143,N/A,ENABLED,36,711,1143,N/A,ENABLED,36,711,1143,N/A,ENABLED,N/A,58,52
1744926463,0,670,N/A,N/A,N/A,N/A,ENABLED,1903,500,2100,DISABLED,DISABLED,1903,500,2100,DISABLED,DISABLED,1902,500,2100,DISABLED,DISABLED,1897,500,2100,DISABLED,DISABLED,1897,500,2100,DISABLED,DISABLED,1895,500,2100,DISABLED,DISABLED,1899,500,2100,DISABLED,DISABLED,1893,500,2100,DISABLED,DISABLED,1300,900,1300,N/A,DISABLED,42,914,1333,N/A,ENABLED,42,914,1333,N/A,ENABLED,42,914,1333,N/A,ENABLED,42,914,1333,N/A,ENABLED,36,711,1143,N/A,ENABLED,36,711,1143,N/A,ENABLED,36,711,1143,N/A,ENABLED,36,711,1143,N/A,ENABLED,N/A,59,52
1744926465,0,679,N/A,N/A,N/A,N/A,ENABLED,1907,500,2100,DISABLED,DISABLED,1909,500,2100,DISABLED,DISABLED,1906,500,2100,DISABLED,DISABLED,1901,500,2100,DISABLED,DISABLED,1901,500,2100,DISABLED,DISABLED,1899,500,2100,DISABLED,DISABLED,1902,500,2100,DISABLED,DISABLED,1897,500,2100,DISABLED,DISABLED,1300,900,1300,N/A,DISABLED,42,914,1333,N/A,ENABLED,42,914,1333,N/A,ENABLED,42,914,1333,N/A,ENABLED,42,914,1333,N/A,ENABLED,36,711,1143,N/A,ENABLED,36,711,1143,N/A,ENABLED,36,711,1143,N/A,ENABLED,36,711,1143,N/A,ENABLED,N/A,58,52
1744926466,0,681,N/A,N/A,N/A,N/A,ENABLED,1903,500,2100,DISABLED,DISABLED,1904,500,2100,DISABLED,DISABLED,1903,500,2100,DISABLED,DISABLED,1900,500,2100,DISABLED,DISABLED,1899,500,2100,DISABLED,DISABLED,1896,500,2100,DISABLED,DISABLED,1899,500,2100,DISABLED,DISABLED,1895,500,2100,DISABLED,DISABLED,1300,900,1300,N/A,DISABLED,42,914,1333,N/A,ENABLED,42,914,1333,N/A,ENABLED,42,914,1333,N/A,ENABLED,42,914,1333,N/A,ENABLED,36,711,1143,N/A,ENABLED,36,711,1143,N/A,ENABLED,36,711,1143,N/A,ENABLED,36,711,1143,N/A,ENABLED,N/A,58,52
1744926467,0,679,N/A,N/A,N/A,N/A,ENABLED,1910,500,2100,DISABLED,DISABLED,1910,500,2100,DISABLED,DISABLED,1910,500,2100,DISABLED,DISABLED,1905,500,2100,DISABLED,DISABLED,1905,500,2100,DISABLED,DISABLED,1902,500,2100,DISABLED,DISABLED,1905,500,2100,DISABLED,DISABLED,1901,500,2100,DISABLED,DISABLED,1300,900,1300,N/A,DISABLED,42,914,1333,N/A,ENABLED,42,914,1333,N/A,ENABLED,42,914,1333,N/A,ENABLED,42,914,1333,N/A,ENABLED,36,711,1143,N/A,ENABLED,36,711,1143,N/A,ENABLED,36,711,1143,N/A,ENABLED,36,711,1143,N/A,ENABLED,N/A,59,52
1744926469,0,676,N/A,N/A,N/A,N/A,ENABLED,1893,500,2100,DISABLED,DISABLED,1894,500,2100,DISABLED,DISABLED,1893,500,2100,DISABLED,DISABLED,1890,500,2100,DISABLED,DISABLED,1889,500,2100,DISABLED,DISABLED,1887,500,2100,DISABLED,DISABLED,1889,500,2100,DISABLED,DISABLED,1884,500,2100,DISABLED,DISABLED,1300,900,1300,N/A,DISABLED,42,914,1333,N/A,ENABLED,42,914,1333,N/A,ENABLED,42,914,1333,N/A,ENABLED,42,914,1333,N/A,ENABLED,36,711,1143,N/A,ENABLED,36,711,1143,N/A,ENABLED,36,711,1143,N/A,ENABLED,36,711,1143,N/A,ENABLED,N/A,59,52
1744926470,0,678,N/A,N/A,N/A,N/A,ENABLED,1904,500,2100,DISABLED,DISABLED,1903,500,2100,DISABLED,DISABLED,1902,500,2100,DISABLED,DISABLED,1898,500,2100,DISABLED,DISABLED,1898,500,2100,DISABLED,DISABLED,1896,500,2100,DISABLED,DISABLED,1898,500,2100,DISABLED,DISABLED,1893,500,2100,DISABLED,DISABLED,1300,900,1300,N/A,DISABLED,42,914,1333,N/A,ENABLED,42,914,1333,N/A,ENABLED,42,914,1333,N/A,ENABLED,42,914,1333,N/A,ENABLED,36,711,1143,N/A,ENABLED,36,711,1143,N/A,ENABLED,36,711,1143,N/A,ENABLED,36,711,1143,N/A,ENABLED,N/A,59,52
1744926471,0,683,N/A,N/A,N/A,N/A,ENABLED,1902,500,2100,DISABLED,DISABLED,1901,500,2100,DISABLED,DISABLED,1901,500,2100,DISABLED,DISABLED,1896,500,2100,DISABLED,DISABLED,1897,500,2100,DISABLED,DISABLED,1894,500,2100,DISABLED,DISABLED,1896,500,2100,DISABLED,DISABLED,1891,500,2100,DISABLED,DISABLED,1300,900,1300,N/A,DISABLED,42,914,1333,N/A,ENABLED,42,914,1333,N/A,ENABLED,42,914,1333,N/A,ENABLED,42,914,1333,N/A,ENABLED,36,711,1143,N/A,ENABLED,36,711,1143,N/A,ENABLED,36,711,1143,N/A,ENABLED,36,711,1143,N/A,ENABLED,N/A,59,52
1744926472,0,674,N/A,N/A,N/A,N/A,ENABLED,1918,500,2100,DISABLED,DISABLED,1920,500,2100,DISABLED,DISABLED,1917,500,2100,DISABLED,DISABLED,1913,500,2100,DISABLED,DISABLED,1913,500,2100,DISABLED,DISABLED,1911,500,2100,DISABLED,DISABLED,1915,500,2100,DISABLED,DISABLED,1910,500,2100,DISABLED,DISABLED,1300,900,1300,N/A,DISABLED,42,914,1333,N/A,ENABLED,42,914,1333,N/A,ENABLED,42,914,1333,N/A,ENABLED,42,914,1333,N/A,ENABLED,36,711,1143,N/A,ENABLED,36,711,1143,N/A,ENABLED,36,711,1143,N/A,ENABLED,36,711,1143,N/A,ENABLED,N/A,59,52
1744926474,0,675,N/A,N/A,N/A,N/A,ENABLED,1909,500,2100,DISABLED,DISABLED,1909,500,2100,DISABLED,DISABLED,1909,500,2100,DISABLED,DISABLED,1905,500,2100,DISABLED,DISABLED,1904,500,2100,DISABLED,DISABLED,1902,500,2100,DISABLED,DISABLED,1904,500,2100,DISABLED,DISABLED,1899,500,2100,DISABLED,DISABLED,1300,900,1300,N/A,DISABLED,42,914,1333,N/A,ENABLED,42,914,1333,N/A,ENABLED,42,914,1333,N/A,ENABLED,42,914,1333,N/A,ENABLED,36,711,1143,N/A,ENABLED,36,711,1143,N/A,ENABLED,36,711,1143,N/A,ENABLED,36,711,1143,N/A,ENABLED,N/A,59,52
1744926475,0,673,N/A,N/A,N/A,N/A,ENABLED,1910,500,2100,DISABLED,DISABLED,1910,500,2100,DISABLED,DISABLED,1908,500,2100,DISABLED,DISABLED,1903,500,2100,DISABLED,DISABLED,1903,500,2100,DISABLED,DISABLED,1901,500,2100,DISABLED,DISABLED,1904,500,2100,DISABLED,DISABLED,1899,500,2100,DISABLED,DISABLED,1300,900,1300,N/A,DISABLED,42,914,1333,N/A,ENABLED,42,914,1333,N/A,ENABLED,42,914,1333,N/A,ENABLED,42,914,1333,N/A,ENABLED,36,711,1143,N/A,ENABLED,36,711,1143,N/A,ENABLED,36,711,1143,N/A,ENABLED,36,711,1143,N/A,ENABLED,N/A,59,52
1744926476,0,678,N/A,N/A,N/A,N/A,ENABLED,1916,500,2100,DISABLED,DISABLED,1918,500,2100,DISABLED,DISABLED,1915,500,2100,DISABLED,DISABLED,1911,500,2100,DISABLED,DISABLED,1912,500,2100,DISABLED,DISABLED,1908,500,2100,DISABLED,DISABLED,1911,500,2100,DISABLED,DISABLED,1907,500,2100,DISABLED,DISABLED,1300,900,1300,N/A,DISABLED,42,914,1333,N/A,ENABLED,42,914,1333,N/A,ENABLED,42,914,1333,N/A,ENABLED,42,914,1333,N/A,ENABLED,36,711,1143,N/A,ENABLED,36,711,1143,N/A,ENABLED,36,711,1143,N/A,ENABLED,36,711,1143,N/A,ENABLED,N/A,59,52
1744926477,0,672,N/A,N/A,N/A,N/A,ENABLED,1901,500,2100,DISABLED,DISABLED,1902,500,2100,DISABLED,DISABLED,1900,500,2100,DISABLED,DISABLED,1895,500,2100,DISABLED,DISABLED,1896,500,2100,DISABLED,DISABLED,1894,500,2100,DISABLED,DISABLED,1897,500,2100,DISABLED,DISABLED,1892,500,2100,DISABLED,DISABLED,1300,900,1300,N/A,DISABLED,42,914,1333,N/A,ENABLED,42,914,1333,N/A,ENABLED,42,914,1333,N/A,ENABLED,42,914,1333,N/A,ENABLED,36,711,1143,N/A,ENABLED,36,711,1143,N/A,ENABLED,36,711,1143,N/A,ENABLED,36,711,1143,N/A,ENABLED,N/A,59,52
1744926479,0,669,N/A,N/A,N/A,N/A,ENABLED,1921,500,2100,DISABLED,DISABLED,1922,500,2100,DISABLED,DISABLED,1919,500,2100,DISABLED,DISABLED,1914,500,2100,DISABLED,DISABLED,1916,500,2100,DISABLED,DISABLED,1913,500,2100,DISABLED,DISABLED,1916,500,2100,DISABLED,DISABLED,1911,500,2100,DISABLED,DISABLED,1300,900,1300,N/A,DISABLED,42,914,1333,N/A,ENABLED,42,914,1333,N/A,ENABLED,42,914,1333,N/A,ENABLED,42,914,1333,N/A,ENABLED,36,711,1143,N/A,ENABLED,36,711,1143,N/A,ENABLED,36,711,1143,N/A,ENABLED,36,711,1143,N/A,ENABLED,N/A,59,52
1744926480,0,672,N/A,N/A,N/A,N/A,ENABLED,1920,500,2100,DISABLED,DISABLED,1921,500,2100,DISABLED,DISABLED,1919,500,2100,DISABLED,DISABLED,1914,500,2100,DISABLED,DISABLED,1916,500,2100,DISABLED,DISABLED,1912,500,2100,DISABLED,DISABLED,1916,500,2100,DISABLED,DISABLED,1911,500,2100,DISABLED,DISABLED,1300,900,1300,N/A,DISABLED,42,914,1333,N/A,ENABLED,42,914,1333,N/A,ENABLED,42,914,1333,N/A,ENABLED,42,914,1333,N/A,ENABLED,36,711,1143,N/A,ENABLED,36,711,1143,N/A,ENABLED,36,711,1143,N/A,ENABLED,36,711,1143,N/A,ENABLED,N/A,59,52
1744926481,0,679,N/A,N/A,N/A,N/A,ENABLED,1903,500,2100,DISABLED,DISABLED,1901,500,2100,DISABLED,DISABLED,1902,500,2100,DISABLED,DISABLED,1898,500,2100,DISABLED,DISABLED,1897,500,2100,DISABLED,DISABLED,1896,500,2100,DISABLED,DISABLED,1898,500,2100,DISABLED,DISABLED,1892,500,2100,DISABLED,DISABLED,1300,900,1300,N/A,DISABLED,42,914,1333,N/A,ENABLED,42,914,1333,N/A,ENABLED,42,914,1333,N/A,ENABLED,42,914,1333,N/A,ENABLED,36,711,1143,N/A,ENABLED,36,711,1143,N/A,ENABLED,36,711,1143,N/A,ENABLED,36,711,1143,N/A,ENABLED,N/A,59,52
1744926482,0,669,N/A,N/A,N/A,N/A,ENABLED,1923,500,2100,DISABLED,DISABLED,1923,500,2100,DISABLED,DISABLED,1923,500,2100,DISABLED,DISABLED,1918,500,2100,DISABLED,DISABLED,1918,500,2100,DISABLED,DISABLED,1915,500,2100,DISABLED,DISABLED,1918,500,2100,DISABLED,DISABLED,1913,500,2100,DISABLED,DISABLED,1300,900,1300,N/A,DISABLED,42,914,1333,N/A,ENABLED,42,914,1333,N/A,ENABLED,42,914,1333,N/A,ENABLED,42,914,1333,N/A,ENABLED,36,711,1143,N/A,ENABLED,36,711,1143,N/A,ENABLED,36,711,1143,N/A,ENABLED,36,711,1143,N/A,ENABLED,N/A,59,52
1744926484,0,678,N/A,N/A,N/A,N/A,ENABLED,1910,500,2100,DISABLED,DISABLED,1911,500,2100,DISABLED,DISABLED,1908,500,2100,DISABLED,DISABLED,1904,500,2100,DISABLED,DISABLED,1904,500,2100,DISABLED,DISABLED,1900,500,2100,DISABLED,DISABLED,1904,500,2100,DISABLED,DISABLED,1899,500,2100,DISABLED,DISABLED,1300,900,1300,N/A,DISABLED,42,914,1333,N/A,ENABLED,42,914,1333,N/A,ENABLED,42,914,1333,N/A,ENABLED,42,914,1333,N/A,ENABLED,36,711,1143,N/A,ENABLED,36,711,1143,N/A,ENABLED,36,711,1143,N/A,ENABLED,36,711,1143,N/A,ENABLED,N/A,59,53
1744926485,0,677,N/A,N/A,N/A,N/A,ENABLED,1900,500,2100,DISABLED,DISABLED,1901,500,2100,DISABLED,DISABLED,1900,500,2100,DISABLED,DISABLED,1896,500,2100,DISABLED,DISABLED,1896,500,2100,DISABLED,DISABLED,1893,500,2100,DISABLED,DISABLED,1897,500,2100,DISABLED,DISABLED,1891,500,2100,DISABLED,DISABLED,1300,900,1300,N/A,DISABLED,42,914,1333,N/A,ENABLED,42,914,1333,N/A,ENABLED,42,914,1333,N/A,ENABLED,42,914,1333,N/A,ENABLED,36,711,1143,N/A,ENABLED,36,711,1143,N/A,ENABLED,36,711,1143,N/A,ENABLED,36,711,1143,N/A,ENABLED,N/A,59,53
1744926486,0,676,N/A,N/A,N/A,N/A,ENABLED,1910,500,2100,DISABLED,DISABLED,1911,500,2100,DISABLED,DISABLED,1909,500,2100,DISABLED,DISABLED,1905,500,2100,DISABLED,DISABLED,1905,500,2100,DISABLED,DISABLED,1902,500,2100,DISABLED,DISABLED,1905,500,2100,DISABLED,DISABLED,1900,500,2100,DISABLED,DISABLED,1300,900,1300,N/A,DISABLED,42,914,1333,N/A,ENABLED,42,914,1333,N/A,ENABLED,42,914,1333,N/A,ENABLED,42,914,1333,N/A,ENABLED,36,711,1143,N/A,ENABLED,36,711,1143,N/A,ENABLED,36,711,1143,N/A,ENABLED,36,711,1143,N/A,ENABLED,N/A,59,53
1744926487,0,676,N/A,N/A,N/A,N/A,ENABLED,1908,500,2100,DISABLED,DISABLED,1907,500,2100,DISABLED,DISABLED,1906,500,2100,DISABLED,DISABLED,1901,500,2100,DISABLED,DISABLED,1902,500,2100,DISABLED,DISABLED,1901,500,2100,DISABLED,DISABLED,1903,500,2100,DISABLED,DISABLED,1898,500,2100,DISABLED,DISABLED,1300,900,1300,N/A,DISABLED,42,914,1333,N/A,ENABLED,42,914,1333,N/A,ENABLED,42,914,1333,N/A,ENABLED,42,914,1333,N/A,ENABLED,36,711,1143,N/A,ENABLED,36,711,1143,N/A,ENABLED,36,711,1143,N/A,ENABLED,36,711,1143,N/A,ENABLED,N/A,59,53
1744926489,0,674,N/A,N/A,N/A,N/A,ENABLED,1909,500,2100,DISABLED,DISABLED,1908,500,2100,DISABLED,DISABLED,1909,500,2100,DISABLED,DISABLED,1905,500,2100,DISABLED,DISABLED,1904,500,2100,DISABLED,DISABLED,1902,500,2100,DISABLED,DISABLED,1906,500,2100,DISABLED,DISABLED,1900,500,2100,DISABLED,DISABLED,1300,900,1300,N/A,DISABLED,42,914,1333,N/A,ENABLED,42,914,1333,N/A,ENABLED,42,914,1333,N/A,ENABLED,42,914,1333,N/A,ENABLED,36,711,1143,N/A,ENABLED,36,711,1143,N/A,ENABLED,36,711,1143,N/A,ENABLED,36,711,1143,N/A,ENABLED,N/A,59,53
1744926490,0,676,N/A,N/A,N/A,N/A,ENABLED,1898,500,2100,DISABLED,DISABLED,1897,500,2100,DISABLED,DISABLED,1897,500,2100,DISABLED,DISABLED,1893,500,2100,DISABLED,DISABLED,1892,500,2100,DISABLED,DISABLED,1890,500,2100,DISABLED,DISABLED,1894,500,2100,DISABLED,DISABLED,1888,500,2100,DISABLED,DISABLED,1300,900,1300,N/A,DISABLED,42,914,1333,N/A,ENABLED,42,914,1333,N/A,ENABLED,42,914,1333,N/A,ENABLED,42,914,1333,N/A,ENABLED,36,711,1143,N/A,ENABLED,36,711,1143,N/A,ENABLED,36,711,1143,N/A,ENABLED,36,711,1143,N/A,ENABLED,N/A,60,53
1744926491,0,665,N/A,N/A,N/A,N/A,ENABLED,1899,500,2100,DISABLED,DISABLED,1900,500,2100,DISABLED,DISABLED,1899,500,2100,DISABLED,DISABLED,1896,500,2100,DISABLED,DISABLED,1896,500,2100,DISABLED,DISABLED,1893,500,2100,DISABLED,DISABLED,1896,500,2100,DISABLED,DISABLED,1891,500,2100,DISABLED,DISABLED,1300,900,1300,N/A,DISABLED,42,914,1333,N/A,ENABLED,42,914,1333,N/A,ENABLED,42,914,1333,N/A,ENABLED,42,914,1333,N/A,ENABLED,36,711,1143,N/A,ENABLED,36,711,1143,N/A,ENABLED,36,711,1143,N/A,ENABLED,36,711,1143,N/A,ENABLED,N/A,59,52
1744926492,0,669,N/A,N/A,N/A,N/A,ENABLED,1913,500,2100,DISABLED,DISABLED,1913,500,2100,DISABLED,DISABLED,1912,500,2100,DISABLED,DISABLED,1909,500,2100,DISABLED,DISABLED,1908,500,2100,DISABLED,DISABLED,1906,500,2100,DISABLED,DISABLED,1909,500,2100,DISABLED,DISABLED,1903,500,2100,DISABLED,DISABLED,1300,900,1300,N/A,DISABLED,42,914,1333,N/A,ENABLED,42,914,1333,N/A,ENABLED,42,914,1333,N/A,ENABLED,42,914,1333,N/A,ENABLED,36,711,1143,N/A,ENABLED,36,711,1143,N/A,ENABLED,36,711,1143,N/A,ENABLED,36,711,1143,N/A,ENABLED,N/A,60,53
1744926494,0,686,N/A,N/A,N/A,N/A,ENABLED,1897,500,2100,DISABLED,DISABLED,1896,500,2100,DISABLED,DISABLED,1898,500,2100,DISABLED,DISABLED,1892,500,2100,DISABLED,DISABLED,1892,500,2100,DISABLED,DISABLED,1890,500,2100,DISABLED,DISABLED,1892,500,2100,DISABLED,DISABLED,1887,500,2100,DISABLED,DISABLED,1300,900,1300,N/A,DISABLED,42,914,1333,N/A,ENABLED,42,914,1333,N/A,ENABLED,42,914,1333,N/A,ENABLED,42,914,1333,N/A,ENABLED,36,711,1143,N/A,ENABLED,36,711,1143,N/A,ENABLED,36,711,1143,N/A,ENABLED,36,711,1143,N/A,ENABLED,N/A,60,54
1744926495,0,681,N/A,N/A,N/A,N/A,ENABLED,1888,500,2100,DISABLED,DISABLED,1887,500,2100,DISABLED,DISABLED,1886,500,2100,DISABLED,DISABLED,1880,500,2100,DISABLED,DISABLED,1881,500,2100,DISABLED,DISABLED,1879,500,2100,DISABLED,DISABLED,1882,500,2100,DISABLED,DISABLED,1876,500,2100,DISABLED,DISABLED,1300,900,1300,N/A,DISABLED,42,914,1333,N/A,ENABLED,42,914,1333,N/A,ENABLED,42,914,1333,N/A,ENABLED,42,914,1333,N/A,ENABLED,36,711,1143,N/A,ENABLED,36,711,1143,N/A,ENABLED,36,711,1143,N/A,ENABLED,36,711,1143,N/A,ENABLED,N/A,60,54
1744926496,0,680,N/A,N/A,N/A,N/A,ENABLED,1891,500,2100,DISABLED,DISABLED,1889,500,2100,DISABLED,DISABLED,1890,500,2100,DISABLED,DISABLED,1885,500,2100,DISABLED,DISABLED,1884,500,2100,DISABLED,DISABLED,1883,500,2100,DISABLED,DISABLED,1885,500,2100,DISABLED,DISABLED,1880,500,2100,DISABLED,DISABLED,1300,900,1300,N/A,DISABLED,42,914,1333,N/A,ENABLED,42,914,1333,N/A,ENABLED,42,914,1333,N/A,ENABLED,42,914,1333,N/A,ENABLED,36,711,1143,N/A,ENABLED,36,711,1143,N/A,ENABLED,36,711,1143,N/A,ENABLED,36,711,1143,N/A,ENABLED,N/A,60,54
1744926497,0,682,N/A,N/A,N/A,N/A,ENABLED,1893,500,2100,DISABLED,DISABLED,1891,500,2100,DISABLED,DISABLED,1893,500,2100,DISABLED,DISABLED,1887,500,2100,DISABLED,DISABLED,1887,500,2100,DISABLED,DISABLED,1885,500,2100,DISABLED,DISABLED,1887,500,2100,DISABLED,DISABLED,1882,500,2100,DISABLED,DISABLED,1300,900,1300,N/A,DISABLED,42,914,1333,N/A,ENABLED,42,914,1333,N/A,ENABLED,42,914,1333,N/A,ENABLED,42,914,1333,N/A,ENABLED,36,711,1143,N/A,ENABLED,36,711,1143,N/A,ENABLED,36,711,1143,N/A,ENABLED,36,711,1143,N/A,ENABLED,N/A,60,54
1744926499,0,677,N/A,N/A,N/A,N/A,ENABLED,1900,500,2100,DISABLED,DISABLED,1899,500,2100,DISABLED,DISABLED,1899,500,2100,DISABLED,DISABLED,1894,500,2100,DISABLED,DISABLED,1894,500,2100,DISABLED,DISABLED,1892,500,2100,DISABLED,DISABLED,1894,500,2100,DISABLED,DISABLED,1889,500,2100,DISABLED,DISABLED,1300,900,1300,N/A,DISABLED,42,914,1333,N/A,ENABLED,42,914,1333,N/A,ENABLED,42,914,1333,N/A,ENABLED,42,914,1333,N/A,ENABLED,36,711,1143,N/A,ENABLED,36,711,1143,N/A,ENABLED,36,711,1143,N/A,ENABLED,36,711,1143,N/A,ENABLED,N/A,60,54
1744926500,0,682,N/A,N/A,N/A,N/A,ENABLED,1903,500,2100,DISABLED,DISABLED,1903,500,2100,DISABLED,DISABLED,1904,500,2100,DISABLED,DISABLED,1898,500,2100,DISABLED,DISABLED,1898,500,2100,DISABLED,DISABLED,1898,500,2100,DISABLED,DISABLED,1899,500,2100,DISABLED,DISABLED,1894,500,2100,DISABLED,DISABLED,1300,900,1300,N/A,DISABLED,42,914,1333,N/A,ENABLED,42,914,1333,N/A,ENABLED,42,914,1333,N/A,ENABLED,42,914,1333,N/A,ENABLED,36,711,1143,N/A,ENABLED,36,711,1143,N/A,ENABLED,36,711,1143,N/A,ENABLED,36,711,1143,N/A,ENABLED,N/A,60,54
1744926501,0,683,N/A,N/A,N/A,N/A,ENABLED,1899,500,2100,DISABLED,DISABLED,1898,500,2100,DISABLED,DISABLED,1898,500,2100,DISABLED,DISABLED,1894,500,2100,DISABLED,DISABLED,1894,500,2100,DISABLED,DISABLED,1892,500,2100,DISABLED,DISABLED,1893,500,2100,DISABLED,DISABLED,1889,500,2100,DISABLED,DISABLED,1300,900,1300,N/A,DISABLED,42,914,1333,N/A,ENABLED,42,914,1333,N/A,ENABLED,42,914,1333,N/A,ENABLED,42,914,1333,N/A,ENABLED,36,711,1143,N/A,ENABLED,36,711,1143,N/A,ENABLED,36,711,1143,N/A,ENABLED,36,711,1143,N/A,ENABLED,N/A,60,54
1744926502,0,673,N/A,N/A,N/A,N/A,ENABLED,1906,500,2100,DISABLED,DISABLED,1906,500,2100,DISABLED,DISABLED,1908,500,2100,DISABLED,DISABLED,1904,500,2100,DISABLED,DISABLED,1903,500,2100,DISABLED,DISABLED,1899,500,2100,DISABLED,DISABLED,1903,500,2100,DISABLED,DISABLED,1898,500,2100,DISABLED,DISABLED,1300,900,1300,N/A,DISABLED,42,914,1333,N/A,ENABLED,42,914,1333,N/A,ENABLED,42,914,1333,N/A,ENABLED,42,914,1333,N/A,ENABLED,36,711,1143,N/A,ENABLED,36,711,1143,N/A,ENABLED,36,711,1143,N/A,ENABLED,36,711,1143,N/A,ENABLED,N/A,60,53
1744926504,0,685,N/A,N/A,N/A,N/A,ENABLED,1909,500,2100,DISABLED,DISABLED,1910,500,2100,DISABLED,DISABLED,1907,500,2100,DISABLED,DISABLED,1906,500,2100,DISABLED,DISABLED,1906,500,2100,DISABLED,DISABLED,1901,500,2100,DISABLED,DISABLED,1906,500,2100,DISABLED,DISABLED,1901,500,2100,DISABLED,DISABLED,1300,900,1300,N/A,DISABLED,42,914,1333,N/A,ENABLED,42,914,1333,N/A,ENABLED,42,914,1333,N/A,ENABLED,42,914,1333,N/A,ENABLED,36,711,1143,N/A,ENABLED,36,711,1143,N/A,ENABLED,36,711,1143,N/A,ENABLED,36,711,1143,N/A,ENABLED,N/A,60,54
1744926505,0,682,N/A,N/A,N/A,N/A,ENABLED,1895,500,2100,DISABLED,DISABLED,1894,500,2100,DISABLED,DISABLED,1896,500,2100,DISABLED,DISABLED,1890,500,2100,DISABLED,DISABLED,1890,500,2100,DISABLED,DISABLED,1888,500,2100,DISABLED,DISABLED,1889,500,2100,DISABLED,DISABLED,1884,500,2100,DISABLED,DISABLED,1300,900,1300,N/A,DISABLED,42,914,1333,N/A,ENABLED,42,914,1333,N/A,ENABLED,42,914,1333,N/A,ENABLED,42,914,1333,N/A,ENABLED,36,711,1143,N/A,ENABLED,36,711,1143,N/A,ENABLED,36,711,1143,N/A,ENABLED,36,711,1143,N/A,ENABLED,N/A,60,54
1744926506,0,677,N/A,N/A,N/A,N/A,ENABLED,1905,500,2100,DISABLED,DISABLED,1903,500,2100,DISABLED,DISABLED,1903,500,2100,DISABLED,DISABLED,1898,500,2100,DISABLED,DISABLED,1897,500,2100,DISABLED,DISABLED,1896,500,2100,DISABLED,DISABLED,1898,500,2100,DISABLED,DISABLED,1894,500,2100,DISABLED,DISABLED,1300,900,1300,N/A,DISABLED,42,914,1333,N/A,ENABLED,42,914,1333,N/A,ENABLED,42,914,1333,N/A,ENABLED,42,914,1333,N/A,ENABLED,36,711,1143,N/A,ENABLED,36,711,1143,N/A,ENABLED,36,711,1143,N/A,ENABLED,36,711,1143,N/A,ENABLED,N/A,60,54
1744926507,0,683,N/A,N/A,N/A,N/A,ENABLED,1903,500,2100,DISABLED,DISABLED,1902,500,2100,DISABLED,DISABLED,1902,500,2100,DISABLED,DISABLED,1897,500,2100,DISABLED,DISABLED,1897,500,2100,DISABLED,DISABLED,1895,500,2100,DISABLED,DISABLED,1898,500,2100,DISABLED,DISABLED,1893,500,2100,DISABLED,DISABLED,1300,900,1300,N/A,DISABLED,42,914,1333,N/A,ENABLED,42,914,1333,N/A,ENABLED,42,914,1333,N/A,ENABLED,42,914,1333,N/A,ENABLED,36,711,1143,N/A,ENABLED,36,711,1143,N/A,ENABLED,36,711,1143,N/A,ENABLED,36,711,1143,N/A,ENABLED,N/A,60,54
1744926509,0,674,N/A,N/A,N/A,N/A,ENABLED,1900,500,2100,DISABLED,DISABLED,1901,500,2100,DISABLED,DISABLED,1899,500,2100,DISABLED,DISABLED,1895,500,2100,DISABLED,DISABLED,1895,500,2100,DISABLED,DISABLED,1892,500,2100,DISABLED,DISABLED,1897,500,2100,DISABLED,DISABLED,1891,500,2100,DISABLED,DISABLED,1300,900,1300,N/A,DISABLED,42,914,1333,N/A,ENABLED,42,914,1333,N/A,ENABLED,42,914,1333,N/A,ENABLED,42,914,1333,N/A,ENABLED,36,711,1143,N/A,ENABLED,36,711,1143,N/A,ENABLED,36,711,1143,N/A,ENABLED,36,711,1143,N/A,ENABLED,N/A,60,54
1744926510,0,675,N/A,N/A,N/A,N/A,ENABLED,1895,500,2100,DISABLED,DISABLED,1897,500,2100,DISABLED,DISABLED,1896,500,2100,DISABLED,DISABLED,1891,500,2100,DISABLED,DISABLED,1890,500,2100,DISABLED,DISABLED,1888,500,2100,DISABLED,DISABLED,1892,500,2100,DISABLED,DISABLED,1887,500,2100,DISABLED,DISABLED,1300,900,1300,N/A,DISABLED,42,914,1333,N/A,ENABLED,42,914,1333,N/A,ENABLED,42,914,1333,N/A,ENABLED,42,914,1333,N/A,ENABLED,36,711,1143,N/A,ENABLED,36,711,1143,N/A,ENABLED,36,711,1143,N/A,ENABLED,36,711,1143,N/A,ENABLED,N/A,60,54
1744926511,0,679,N/A,N/A,N/A,N/A,ENABLED,1903,500,2100,DISABLED,DISABLED,1904,500,2100,DISABLED,DISABLED,1903,500,2100,DISABLED,DISABLED,1897,500,2100,DISABLED,DISABLED,1899,500,2100,DISABLED,DISABLED,1896,500,2100,DISABLED,DISABLED,1898,500,2100,DISABLED,DISABLED,1894,500,2100,DISABLED,DISABLED,1300,900,1300,N/A,DISABLED,42,914,1333,N/A,ENABLED,42,914,1333,N/A,ENABLED,42,914,1333,N/A,ENABLED,42,914,1333,N/A,ENABLED,36,711,1143,N/A,ENABLED,36,711,1143,N/A,ENABLED,36,711,1143,N/A,ENABLED,36,711,1143,N/A,ENABLED,N/A,60,54
1744926513,0,670,N/A,N/A,N/A,N/A,ENABLED,1904,500,2100,DISABLED,DISABLED,1904,500,2100,DISABLED,DISABLED,1904,500,2100,DISABLED,DISABLED,1899,500,2100,DISABLED,DISABLED,1900,500,2100,DISABLED,DISABLED,1896,500,2100,DISABLED,DISABLED,1900,500,2100,DISABLED,DISABLED,1896,500,2100,DISABLED,DISABLED,1300,900,1300,N/A,DISABLED,42,914,1333,N/A,ENABLED,42,914,1333,N/A,ENABLED,42,914,1333,N/A,ENABLED,42,914,1333,N/A,ENABLED,36,711,1143,N/A,ENABLED,36,711,1143,N/A,ENABLED,36,711,1143,N/A,ENABLED,36,711,1143,N/A,ENABLED,N/A,60,54
1744926514,0,682,N/A,N/A,N/A,N/A,ENABLED,1903,500,2100,DISABLED,DISABLED,1902,500,2100,DISABLED,DISABLED,1902,500,2100,DISABLED,DISABLED,1899,500,2100,DISABLED,DISABLED,1898,500,2100,DISABLED,DISABLED,1896,500,2100,DISABLED,DISABLED,1897,500,2100,DISABLED,DISABLED,1892,500,2100,DISABLED,DISABLED,1300,900,1300,N/A,DISABLED,42,914,1333,N/A,ENABLED,42,914,1333,N/A,ENABLED,42,914,1333,N/A,ENABLED,42,914,1333,N/A,ENABLED,36,711,1143,N/A,ENABLED,36,711,1143,N/A,ENABLED,36,711,1143,N/A,ENABLED,36,711,1143,N/A,ENABLED,N/A,60,55
1744926515,0,676,N/A,N/A,N/A,N/A,ENABLED,1887,500,2100,DISABLED,DISABLED,1887,500,2100,DISABLED,DISABLED,1887,500,2100,DISABLED,DISABLED,1882,500,2100,DISABLED,DISABLED,1883,500,2100,DISABLED,DISABLED,1879,500,2100,DISABLED,DISABLED,1883,500,2100,DISABLED,DISABLED,1878,500,2100,DISABLED,DISABLED,1300,900,1300,N/A,DISABLED,42,914,1333,N/A,ENABLED,42,914,1333,N/A,ENABLED,42,914,1333,N/A,ENABLED,42,914,1333,N/A,ENABLED,36,711,1143,N/A,ENABLED,36,711,1143,N/A,ENABLED,36,711,1143,N/A,ENABLED,36,711,1143,N/A,ENABLED,N/A,60,54
1744926516,0,681,N/A,N/A,N/A,N/A,ENABLED,1879,500,2100,DISABLED,DISABLED,1879,500,2100,DISABLED,DISABLED,1880,500,2100,DISABLED,DISABLED,1875,500,2100,DISABLED,DISABLED,1875,500,2100,DISABLED,DISABLED,1872,500,2100,DISABLED,DISABLED,1875,500,2100,DISABLED,DISABLED,1870,500,2100,DISABLED,DISABLED,1300,900,1300,N/A,DISABLED,42,914,1333,N/A,ENABLED,42,914,1333,N/A,ENABLED,42,914,1333,N/A,ENABLED,42,914,1333,N/A,ENABLED,36,711,1143,N/A,ENABLED,36,711,1143,N/A,ENABLED,36,711,1143,N/A,ENABLED,36,711,1143,N/A,ENABLED,N/A,61,56
1744926518,0,684,N/A,N/A,N/A,N/A,ENABLED,1895,500,2100,DISABLED,DISABLED,1894,500,2100,DISABLED,DISABLED,1896,500,2100,DISABLED,DISABLED,1891,500,2100,DISABLED,DISABLED,1891,500,2100,DISABLED,DISABLED,1888,500,2100,DISABLED,DISABLED,1891,500,2100,DISABLED,DISABLED,1886,500,2100,DISABLED,DISABLED,1300,900,1300,N/A,DISABLED,42,914,1333,N/A,ENABLED,42,914,1333,N/A,ENABLED,42,914,1333,N/A,ENABLED,42,914,1333,N/A,ENABLED,36,711,1143,N/A,ENABLED,36,711,1143,N/A,ENABLED,36,711,1143,N/A,ENABLED,36,711,1143,N/A,ENABLED,N/A,61,55
1744926519,0,674,N/A,N/A,N/A,N/A,ENABLED,1893,500,2100,DISABLED,DISABLED,1893,500,2100,DISABLED,DISABLED,1894,500,2100,DISABLED,DISABLED,1890,500,2100,DISABLED,DISABLED,1889,500,2100,DISABLED,DISABLED,1886,500,2100,DISABLED,DISABLED,1890,500,2100,DISABLED,DISABLED,1884,500,2100,DISABLED,DISABLED,1300,900,1300,N/A,DISABLED,42,914,1333,N/A,ENABLED,42,914,1333,N/A,ENABLED,42,914,1333,N/A,ENABLED,42,914,1333,N/A,ENABLED,36,711,1143,N/A,ENABLED,36,711,1143,N/A,ENABLED,36,711,1143,N/A,ENABLED,36,711,1143,N/A,ENABLED,N/A,61,55
1744926520,0,679,N/A,N/A,N/A,N/A,ENABLED,1904,500,2100,DISABLED,DISABLED,1903,500,2100,DISABLED,DISABLED,1903,500,2100,DISABLED,DISABLED,1898,500,2100,DISABLED,DISABLED,1899,500,2100,DISABLED,DISABLED,1896,500,2100,DISABLED,DISABLED,1899,500,2100,DISABLED,DISABLED,1894,500,2100,DISABLED,DISABLED,1300,900,1300,N/A,DISABLED,42,914,1333,N/A,ENABLED,42,914,1333,N/A,ENABLED,42,914,1333,N/A,ENABLED,42,914,1333,N/A,ENABLED,36,711,1143,N/A,ENABLED,36,711,1143,N/A,ENABLED,36,711,1143,N/A,ENABLED,36,711,1143,N/A,ENABLED,N/A,61,55
1744926521,0,677,N/A,N/A,N/A,N/A,ENABLED,1926,500,2100,DISABLED,DISABLED,1925,500,2100,DISABLED,DISABLED,1926,500,2100,DISABLED,DISABLED,1922,500,2100,DISABLED,DISABLED,1920,500,2100,DISABLED,DISABLED,1918,500,2100,DISABLED,DISABLED,1920,500,2100,DISABLED,DISABLED,1916,500,2100,DISABLED,DISABLED,1300,900,1300,N/A,DISABLED,42,914,1333,N/A,ENABLED,42,914,1333,N/A,ENABLED,42,914,1333,N/A,ENABLED,42,914,1333,N/A,ENABLED,36,711,1143,N/A,ENABLED,36,711,1143,N/A,ENABLED,36,711,1143,N/A,ENABLED,36,711,1143,N/A,ENABLED,N/A,61,54
1744926523,0,679,N/A,N/A,N/A,N/A,ENABLED,1883,500,2100,DISABLED,DISABLED,1882,500,2100,DISABLED,DISABLED,1884,500,2100,DISABLED,DISABLED,1879,500,2100,DISABLED,DISABLED,1879,500,2100,DISABLED,DISABLED,1876,500,2100,DISABLED,DISABLED,1878,500,2100,DISABLED,DISABLED,1874,500,2100,DISABLED,DISABLED,1300,900,1300,N/A,DISABLED,42,914,1333,N/A,ENABLED,42,914,1333,N/A,ENABLED,42,914,1333,N/A,ENABLED,42,914,1333,N/A,ENABLED,36,711,1143,N/A,ENABLED,36,711,1143,N/A,ENABLED,36,711,1143,N/A,ENABLED,36,711,1143,N/A,ENABLED,N/A,61,56
1744926524,0,684,N/A,N/A,N/A,N/A,ENABLED,1897,500,2100,DISABLED,DISABLED,1896,500,2100,DISABLED,DISABLED,1895,500,2100,DISABLED,DISABLED,1891,500,2100,DISABLED,DISABLED,1890,500,2100,DISABLED,DISABLED,1889,500,2100,DISABLED,DISABLED,1890,500,2100,DISABLED,DISABLED,1886,500,2100,DISABLED,DISABLED,1300,900,1300,N/A,DISABLED,42,914,1333,N/A,ENABLED,42,914,1333,N/A,ENABLED,42,914,1333,N/A,ENABLED,42,914,1333,N/A,ENABLED,36,711,1143,N/A,ENABLED,36,711,1143,N/A,ENABLED,36,711,1143,N/A,ENABLED,36,711,1143,N/A,ENABLED,N/A,61,55
1744926525,0,687,N/A,N/A,N/A,N/A,ENABLED,1897,500,2100,DISABLED,DISABLED,1894,500,2100,DISABLED,DISABLED,1896,500,2100,DISABLED,DISABLED,1891,500,2100,DISABLED,DISABLED,1890,500,2100,DISABLED,DISABLED,1890,500,2100,DISABLED,DISABLED,1890,500,2100,DISABLED,DISABLED,1887,500,2100,DISABLED,DISABLED,1300,900,1300,N/A,DISABLED,42,914,1333,N/A,ENABLED,42,914,1333,N/A,ENABLED,42,914,1333,N/A,ENABLED,42,914,1333,N/A,ENABLED,36,711,1143,N/A,ENABLED,36,711,1143,N/A,ENABLED,36,711,1143,N/A,ENABLED,36,711,1143,N/A,ENABLED,N/A,61,56
1744926526,0,674,N/A,N/A,N/A,N/A,ENABLED,1877,500,2100,DISABLED,DISABLED,1877,500,2100,DISABLED,DISABLED,1877,500,2100,DISABLED,DISABLED,1874,500,2100,DISABLED,DISABLED,1872,500,2100,DISABLED,DISABLED,1871,500,2100,DISABLED,DISABLED,1873,500,2100,DISABLED,DISABLED,1869,500,2100,DISABLED,DISABLED,1300,900,1300,N/A,DISABLED,42,914,1333,N/A,ENABLED,42,914,1333,N/A,ENABLED,42,914,1333,N/A,ENABLED,42,914,1333,N/A,ENABLED,36,711,1143,N/A,ENABLED,36,711,1143,N/A,ENABLED,36,711,1143,N/A,ENABLED,36,711,1143,N/A,ENABLED,N/A,61,56
1744926528,0,685,N/A,N/A,N/A,N/A,ENABLED,1884,500,2100,DISABLED,DISABLED,1883,500,2100,DISABLED,DISABLED,1885,500,2100,DISABLED,DISABLED,1880,500,2100,DISABLED,DISABLED,1880,500,2100,DISABLED,DISABLED,1880,500,2100,DISABLED,DISABLED,1880,500,2100,DISABLED,DISABLED,1876,500,2100,DISABLED,DISABLED,1300,900,1300,N/A,DISABLED,42,914,1333,N/A,ENABLED,42,914,1333,N/A,ENABLED,42,914,1333,N/A,ENABLED,42,914,1333,N/A,ENABLED,36,711,1143,N/A,ENABLED,36,711,1143,N/A,ENABLED,36,711,1143,N/A,ENABLED,36,711,1143,N/A,ENABLED,N/A,61,55
1744926529,0,679,N/A,N/A,N/A,N/A,ENABLED,1890,500,2100,DISABLED,DISABLED,1890,500,2100,DISABLED,DISABLED,1888,500,2100,DISABLED,DISABLED,1885,500,2100,DISABLED,DISABLED,1884,500,2100,DISABLED,DISABLED,1882,500,2100,DISABLED,DISABLED,1884,500,2100,DISABLED,DISABLED,1880,500,2100,DISABLED,DISABLED,1300,900,1300,N/A,DISABLED,42,914,1333,N/A,ENABLED,42,914,1333,N/A,ENABLED,42,914,1333,N/A,ENABLED,42,914,1333,N/A,ENABLED,36,711,1143,N/A,ENABLED,36,711,1143,N/A,ENABLED,36,711,1143,N/A,ENABLED,36,711,1143,N/A,ENABLED,N/A,61,55
1744926530,0,678,N/A,N/A,N/A,N/A,ENABLED,1906,500,2100,DISABLED,DISABLED,1906,500,2100,DISABLED,DISABLED,1905,500,2100,DISABLED,DISABLED,1903,500,2100,DISABLED,DISABLED,1901,500,2100,DISABLED,DISABLED,1900,500,2100,DISABLED,DISABLED,1901,500,2100,DISABLED,DISABLED,1897,500,2100,DISABLED,DISABLED,1300,900,1300,N/A,DISABLED,42,914,1333,N/A,ENABLED,42,914,1333,N/A,ENABLED,42,914,1333,N/A,ENABLED,42,914,1333,N/A,ENABLED,36,711,1143,N/A,ENABLED,36,711,1143,N/A,ENABLED,36,711,1143,N/A,ENABLED,36,711,1143,N/A,ENABLED,N/A,61,55
1744926531,0,676,N/A,N/A,N/A,N/A,ENABLED,1881,500,2100,DISABLED,DISABLED,1881,500,2100,DISABLED,DISABLED,1881,500,2100,DISABLED,DISABLED,1877,500,2100,DISABLED,DISABLED,1877,500,2100,DISABLED,DISABLED,1874,500,2100,DISABLED,DISABLED,1876,500,2100,DISABLED,DISABLED,1872,500,2100,DISABLED,DISABLED,1300,900,1300,N/A,DISABLED,42,914,1333,N/A,ENABLED,42,914,1333,N/A,ENABLED,42,914,1333,N/A,ENABLED,42,914,1333,N/A,ENABLED,36,711,1143,N/A,ENABLED,36,711,1143,N/A,ENABLED,36,711,1143,N/A,ENABLED,36,711,1143,N/A,ENABLED,N/A,61,56
1744926533,0,675,N/A,N/A,N/A,N/A,ENABLED,1888,500,2100,DISABLED,DISABLED,1889,500,2100,DISABLED,DISABLED,1888,500,2100,DISABLED,DISABLED,1886,500,2100,DISABLED,DISABLED,1885,500,2100,DISABLED,DISABLED,1883,500,2100,DISABLED,DISABLED,1885,500,2100,DISABLED,DISABLED,1880,500,2100,DISABLED,DISABLED,1300,900,1300,N/A,DISABLED,42,914,1333,N/A,ENABLED,42,914,1333,N/A,ENABLED,42,914,1333,N/A,ENABLED,42,914,1333,N/A,ENABLED,36,711,1143,N/A,ENABLED,36,711,1143,N/A,ENABLED,36,711,1143,N/A,ENABLED,36,711,1143,N/A,ENABLED,N/A,61,56
1744926534,0,679,N/A,N/A,N/A,N/A,ENABLED,1894,500,2100,DISABLED,DISABLED,1892,500,2100,DISABLED,DISABLED,1893,500,2100,DISABLED,DISABLED,1887,500,2100,DISABLED,DISABLED,1887,500,2100,DISABLED,DISABLED,1887,500,2100,DISABLED,DISABLED,1888,500,2100,DISABLED,DISABLED,1884,500,2100,DISABLED,DISABLED,1300,900,1300,N/A,DISABLED,42,914,1333,N/A,ENABLED,42,914,1333,N/A,ENABLED,42,914,1333,N/A,ENABLED,42,914,1333,N/A,ENABLED,36,711,1143,N/A,ENABLED,36,711,1143,N/A,ENABLED,36,711,1143,N/A,ENABLED,36,711,1143,N/A,ENABLED,N/A,61,56
1744926535,0,672,N/A,N/A,N/A,N/A,ENABLED,1890,500,2100,DISABLED,DISABLED,1889,500,2100,DISABLED,DISABLED,1889,500,2100,DISABLED,DISABLED,1886,500,2100,DISABLED,DISABLED,1886,500,2100,DISABLED,DISABLED,1883,500,2100,DISABLED,DISABLED,1885,500,2100,DISABLED,DISABLED,1881,500,2100,DISABLED,DISABLED,1300,900,1300,N/A,DISABLED,42,914,1333,N/A,ENABLED,42,914,1333,N/A,ENABLED,42,914,1333,N/A,ENABLED,42,914,1333,N/A,ENABLED,36,711,1143,N/A,ENABLED,36,711,1143,N/A,ENABLED,36,711,1143,N/A,ENABLED,36,711,1143,N/A,ENABLED,N/A,61,56
1744926536,0,683,N/A,N/A,N/A,N/A,ENABLED,1883,500,2100,DISABLED,DISABLED,1882,500,2100,DISABLED,DISABLED,1882,500,2100,DISABLED,DISABLED,1879,500,2100,DISABLED,DISABLED,1878,500,2100,DISABLED,DISABLED,1877,500,2100,DISABLED,DISABLED,1879,500,2100,DISABLED,DISABLED,1874,500,2100,DISABLED,DISABLED,1300,900,1300,N/A,DISABLED,42,914,1333,N/A,ENABLED,42,914,1333,N/A,ENABLED,42,914,1333,N/A,ENABLED,42,914,1333,N/A,ENABLED,36,711,1143,N/A,ENABLED,36,711,1143,N/A,ENABLED,36,711,1143,N/A,ENABLED,36,711,1143,N/A,ENABLED,N/A,62,56
1744926538,0,676,N/A,N/A,N/A,N/A,ENABLED,1894,500,2100,DISABLED,DISABLED,1892,500,2100,DISABLED,DISABLED,1893,500,2100,DISABLED,DISABLED,1888,500,2100,DISABLED,DISABLED,1888,500,2100,DISABLED,DISABLED,1887,500,2100,DISABLED,DISABLED,1888,500,2100,DISABLED,DISABLED,1883,500,2100,DISABLED,DISABLED,1300,900,1300,N/A,DISABLED,42,914,1333,N/A,ENABLED,42,914,1333,N/A,ENABLED,42,914,1333,N/A,ENABLED,42,914,1333,N/A,ENABLED,36,711,1143,N/A,ENABLED,36,711,1143,N/A,ENABLED,36,711,1143,N/A,ENABLED,36,711,1143,N/A,ENABLED,N/A,62,55
1744926539,0,684,N/A,N/A,N/A,N/A,ENABLED,1915,500,2100,DISABLED,DISABLED,1917,500,2100,DISABLED,DISABLED,1914,500,2100,DISABLED,DISABLED,1912,500,2100,DISABLED,DISABLED,1912,500,2100,DISABLED,DISABLED,1907,500,2100,DISABLED,DISABLED,1912,500,2100,DISABLED,DISABLED,1907,500,2100,DISABLED,DISABLED,1300,900,1300,N/A,DISABLED,42,914,1333,N/A,ENABLED,42,914,1333,N/A,ENABLED,42,914,1333,N/A,ENABLED,42,914,1333,N/A,ENABLED,36,711,1143,N/A,ENABLED,36,711,1143,N/A,ENABLED,36,711,1143,N/A,ENABLED,36,711,1143,N/A,ENABLED,N/A,62,56
1744926540,0,679,N/A,N/A,N/A,N/A,ENABLED,1894,500,2100,DISABLED,DISABLED,1893,500,2100,DISABLED,DISABLED,1894,500,2100,DISABLED,DISABLED,1889,500,2100,DISABLED,DISABLED,1889,500,2100,DISABLED,DISABLED,1888,500,2100,DISABLED,DISABLED,1890,500,2100,DISABLED,DISABLED,1885,500,2100,DISABLED,DISABLED,1300,900,1300,N/A,DISABLED,42,914,1333,N/A,ENABLED,42,914,1333,N/A,ENABLED,42,914,1333,N/A,ENABLED,42,914,1333,N/A,ENABLED,36,711,1143,N/A,ENABLED,36,711,1143,N/A,ENABLED,36,711,1143,N/A,ENABLED,36,711,1143,N/A,ENABLED,N/A,62,55
1744926541,0,671,N/A,N/A,N/A,N/A,ENABLED,1897,500,2100,DISABLED,DISABLED,1896,500,2100,DISABLED,DISABLED,1898,500,2100,DISABLED,DISABLED,1893,500,2100,DISABLED,DISABLED,1892,500,2100,DISABLED,DISABLED,1891,500,2100,DISABLED,DISABLED,1893,500,2100,DISABLED,DISABLED,1888,500,2100,DISABLED,DISABLED,1300,900,1300,N/A,DISABLED,42,914,1333,N/A,ENABLED,42,914,1333,N/A,ENABLED,42,914,1333,N/A,ENABLED,42,914,1333,N/A,ENABLED,36,711,1143,N/A,ENABLED,36,711,1143,N/A,ENABLED,36,711,1143,N/A,ENABLED,36,711,1143,N/A,ENABLED,N/A,62,55
1744926543,0,676,N/A,N/A,N/A,N/A,ENABLED,1905,500,2100,DISABLED,DISABLED,1903,500,2100,DISABLED,DISABLED,1903,500,2100,DISABLED,DISABLED,1897,500,2100,DISABLED,DISABLED,1898,500,2100,DISABLED,DISABLED,1897,500,2100,DISABLED,DISABLED,1899,500,2100,DISABLED,DISABLED,1894,500,2100,DISABLED,DISABLED,1300,900,1300,N/A,DISABLED,42,914,1333,N/A,ENABLED,42,914,1333,N/A,ENABLED,42,914,1333,N/A,ENABLED,42,914,1333,N/A,ENABLED,36,711,1143,N/A,ENABLED,36,711,1143,N/A,ENABLED,36,711,1143,N/A,ENABLED,36,711,1143,N/A,ENABLED,N/A,62,55
1744926544,0,674,N/A,N/A,N/A,N/A,ENABLED,1924,500,2100,DISABLED,DISABLED,1923,500,2100,DISABLED,DISABLED,1924,500,2100,DISABLED,DISABLED,1919,500,2100,DISABLED,DISABLED,1920,500,2100,DISABLED,DISABLED,1917,500,2100,DISABLED,DISABLED,1919,500,2100,DISABLED,DISABLED,1915,500,2100,DISABLED,DISABLED,1300,900,1300,N/A,DISABLED,42,914,1333,N/A,ENABLED,42,914,1333,N/A,ENABLED,42,914,1333,N/A,ENABLED,42,914,1333,N/A,ENABLED,36,711,1143,N/A,ENABLED,36,711,1143,N/A,ENABLED,36,711,1143,N/A,ENABLED,36,711,1143,N/A,ENABLED,N/A,62,55
1744926545,0,683,N/A,N/A,N/A,N/A,ENABLED,1893,500,2100,DISABLED,DISABLED,1893,500,2100,DISABLED,DISABLED,1894,500,2100,DISABLED,DISABLED,1887,500,2100,DISABLED,DISABLED,1888,500,2100,DISABLED,DISABLED,1886,500,2100,DISABLED,DISABLED,1888,500,2100,DISABLED,DISABLED,1884,500,2100,DISABLED,DISABLED,1300,900,1300,N/A,DISABLED,42,914,1333,N/A,ENABLED,42,914,1333,N/A,ENABLED,42,914,1333,N/A,ENABLED,42,914,1333,N/A,ENABLED,36,711,1143,N/A,ENABLED,36,711,1143,N/A,ENABLED,36,711,1143,N/A,ENABLED,36,711,1143,N/A,ENABLED,N/A,62,56
1744926546,0,687,N/A,N/A,N/A,N/A,ENABLED,1884,500,2100,DISABLED,DISABLED,1884,500,2100,DISABLED,DISABLED,1886,500,2100,DISABLED,DISABLED,1881,500,2100,DISABLED,DISABLED,1881,500,2100,DISABLED,DISABLED,1878,500,2100,DISABLED,DISABLED,1880,500,2100,DISABLED,DISABLED,1875,500,2100,DISABLED,DISABLED,1300,900,1300,N/A,DISABLED,42,914,1333,N/A,ENABLED,42,914,1333,N/A,ENABLED,42,914,1333,N/A,ENABLED,42,914,1333,N/A,ENABLED,36,711,1143,N/A,ENABLED,36,711,1143,N/A,ENABLED,36,711,1143,N/A,ENABLED,36,711,1143,N/A,ENABLED,N/A,62,56
1744926548,0,674,N/A,N/A,N/A,N/A,ENABLED,1887,500,2100,DISABLED,DISABLED,1887,500,2100,DISABLED,DISABLED,1887,500,2100,DISABLED,DISABLED,1881,500,2100,DISABLED,DISABLED,1882,500,2100,DISABLED,DISABLED,1880,500,2100,DISABLED,DISABLED,1882,500,2100,DISABLED,DISABLED,1878,500,2100,DISABLED,DISABLED,1300,900,1300,N/A,DISABLED,42,914,1333,N/A,ENABLED,42,914,1333,N/A,ENABLED,42,914,1333,N/A,ENABLED,42,914,1333,N/A,ENABLED,36,711,1143,N/A,ENABLED,36,711,1143,N/A,ENABLED,36,711,1143,N/A,ENABLED,36,711,1143,N/A,ENABLED,N/A,62,56
1744926549,0,688,N/A,N/A,N/A,N/A,ENABLED,1899,500,2100,DISABLED,DISABLED,1899,500,2100,DISABLED,DISABLED,1901,500,2100,DISABLED,DISABLED,1895,500,2100,DISABLED,DISABLED,1895,500,2100,DISABLED,DISABLED,1892,500,2100,DISABLED,DISABLED,1895,500,2100,DISABLED,DISABLED,1890,500,2100,DISABLED,DISABLED,1300,900,1300,N/A,DISABLED,42,914,1333,N/A,ENABLED,42,914,1333,N/A,ENABLED,42,914,1333,N/A,ENABLED,42,914,1333,N/A,ENABLED,36,711,1143,N/A,ENABLED,36,711,1143,N/A,ENABLED,36,711,1143,N/A,ENABLED,36,711,1143,N/A,ENABLED,N/A,62,56
1744926550,0,676,N/A,N/A,N/A,N/A,ENABLED,1885,500,2100,DISABLED,DISABLED,1884,500,2100,DISABLED,DISABLED,1884,500,2100,DISABLED,DISABLED,1880,500,2100,DISABLED,DISABLED,1879,500,2100,DISABLED,DISABLED,1877,500,2100,DISABLED,DISABLED,1879,500,2100,DISABLED,DISABLED,1875,500,2100,DISABLED,DISABLED,1300,900,1300,N/A,DISABLED,42,914,1333,N/A,ENABLED,42,914,1333,N/A,ENABLED,42,914,1333,N/A,ENABLED,42,914,1333,N/A,ENABLED,36,711,1143,N/A,ENABLED,36,711,1143,N/A,ENABLED,36,711,1143,N/A,ENABLED,36,711,1143,N/A,ENABLED,N/A,62,56
1744926551,0,686,N/A,N/A,N/A,N/A,ENABLED,1877,500,2100,DISABLED,DISABLED,1876,500,2100,DISABLED,DISABLED,1878,500,2100,DISABLED,DISABLED,1872,500,2100,DISABLED,DISABLED,1872,500,2100,DISABLED,DISABLED,1870,500,2100,DISABLED,DISABLED,1872,500,2100,DISABLED,DISABLED,1868,500,2100,DISABLED,DISABLED,1300,900,1300,N/A,DISABLED,42,914,1333,N/A,ENABLED,42,914,1333,N/A,ENABLED,42,914,1333,N/A,ENABLED,42,914,1333,N/A,ENABLED,36,711,1143,N/A,ENABLED,36,711,1143,N/A,ENABLED,36,711,1143,N/A,ENABLED,36,711,1143,N/A,ENABLED,N/A,62,57
1744926553,0,672,N/A,N/A,N/A,N/A,ENABLED,1882,500,2100,DISABLED,DISABLED,1882,500,2100,DISABLED,DISABLED,1882,500,2100,DISABLED,DISABLED,1877,500,2100,DISABLED,DISABLED,1877,500,2100,DISABLED,DISABLED,1875,500,2100,DISABLED,DISABLED,1878,500,2100,DISABLED,DISABLED,1872,500,2100,DISABLED,DISABLED,1300,900,1300,N/A,DISABLED,42,914,1333,N/A,ENABLED,42,914,1333,N/A,ENABLED,42,914,1333,N/A,ENABLED,42,914,1333,N/A,ENABLED,36,711,1143,N/A,ENABLED,36,711,1143,N/A,ENABLED,36,711,1143,N/A,ENABLED,36,711,1143,N/A,ENABLED,N/A,62,56
1744926554,0,675,N/A,N/A,N/A,N/A,ENABLED,1885,500,2100,DISABLED,DISABLED,1883,500,2100,DISABLED,DISABLED,1884,500,2100,DISABLED,DISABLED,1880,500,2100,DISABLED,DISABLED,1880,500,2100,DISABLED,DISABLED,1877,500,2100,DISABLED,DISABLED,1880,500,2100,DISABLED,DISABLED,1875,500,2100,DISABLED,DISABLED,1300,900,1300,N/A,DISABLED,42,914,1333,N/A,ENABLED,42,914,1333,N/A,ENABLED,42,914,1333,N/A,ENABLED,42,914,1333,N/A,ENABLED,36,711,1143,N/A,ENABLED,36,711,1143,N/A,ENABLED,36,711,1143,N/A,ENABLED,36,711,1143,N/A,ENABLED,N/A,62,57
1744926555,0,683,N/A,N/A,N/A,N/A,ENABLED,1883,500,2100,DISABLED,DISABLED,1881,500,2100,DISABLED,DISABLED,1883,500,2100,DISABLED,DISABLED,1877,500,2100,DISABLED,DISABLED,1876,500,2100,DISABLED,DISABLED,1875,500,2100,DISABLED,DISABLED,1877,500,2100,DISABLED,DISABLED,1871,500,2100,DISABLED,DISABLED,1300,900,1300,N/A,DISABLED,42,914,1333,N/A,ENABLED,42,914,1333,N/A,ENABLED,42,914,1333,N/A,ENABLED,42,914,1333,N/A,ENABLED,36,711,1143,N/A,ENABLED,36,711,1143,N/A,ENABLED,36,711,1143,N/A,ENABLED,36,711,1143,N/A,ENABLED,N/A,62,57
1744926557,0,677,N/A,N/A,N/A,N/A,ENABLED,1886,500,2100,DISABLED,DISABLED,1884,500,2100,DISABLED,DISABLED,1886,500,2100,DISABLED,DISABLED,1882,500,2100,DISABLED,DISABLED,1882,500,2100,DISABLED,DISABLED,1879,500,2100,DISABLED,DISABLED,1882,500,2100,DISABLED,DISABLED,1877,500,2100,DISABLED,DISABLED,1300,900,1300,N/A,DISABLED,42,914,1333,N/A,ENABLED,42,914,1333,N/A,ENABLED,42,914,1333,N/A,ENABLED,42,914,1333,N/A,ENABLED,36,711,1143,N/A,ENABLED,36,711,1143,N/A,ENABLED,36,711,1143,N/A,ENABLED,36,711,1143,N/A,ENABLED,N/A,62,56
1744926558,0,688,N/A,N/A,N/A,N/A,ENABLED,1889,500,2100,DISABLED,DISABLED,1889,500,2100,DISABLED,DISABLED,1891,500,2100,DISABLED,DISABLED,1885,500,2100,DISABLED,DISABLED,1885,500,2100,DISABLED,DISABLED,1883,500,2100,DISABLED,DISABLED,1885,500,2100,DISABLED,DISABLED,1881,500,2100,DISABLED,DISABLED,1300,900,1300,N/A,DISABLED,42,914,1333,N/A,ENABLED,42,914,1333,N/A,ENABLED,42,914,1333,N/A,ENABLED,42,914,1333,N/A,ENABLED,36,711,1143,N/A,ENABLED,36,711,1143,N/A,ENABLED,36,711,1143,N/A,ENABLED,36,711,1143,N/A,ENABLED,N/A,62,57
1744926559,0,692,N/A,N/A,N/A,N/A,ENABLED,1872,500,2100,DISABLED,DISABLED,1870,500,2100,DISABLED,DISABLED,1872,500,2100,DISABLED,DISABLED,1865,500,2100,DISABLED,DISABLED,1867,500,2100,DISABLED,DISABLED,1864,500,2100,DISABLED,DISABLED,1867,500,2100,DISABLED,DISABLED,1861,500,2100,DISABLED,DISABLED,1300,900,1300,N/A,DISABLED,42,914,1333,N/A,ENABLED,42,914,1333,N/A,ENABLED,42,914,1333,N/A,ENABLED,42,914,1333,N/A,ENABLED,36,711,1143,N/A,ENABLED,36,711,1143,N/A,ENABLED,36,711,1143,N/A,ENABLED,36,711,1143,N/A,ENABLED,N/A,62,58
1744926560,0,689,N/A,N/A,N/A,N/A,ENABLED,1881,500,2100,DISABLED,DISABLED,1878,500,2100,DISABLED,DISABLED,1880,500,2100,DISABLED,DISABLED,1873,500,2100,DISABLED,DISABLED,1874,500,2100,DISABLED,DISABLED,1872,500,2100,DISABLED,DISABLED,1874,500,2100,DISABLED,DISABLED,1869,500,2100,DISABLED,DISABLED,1300,900,1300,N/A,DISABLED,42,914,1333,N/A,ENABLED,42,914,1333,N/A,ENABLED,42,914,1333,N/A,ENABLED,42,914,1333,N/A,ENABLED,36,711,1143,N/A,ENABLED,36,711,1143,N/A,ENABLED,36,711,1143,N/A,ENABLED,36,711,1143,N/A,ENABLED,N/A,62,57
1744926562,0,682,N/A,N/A,N/A,N/A,ENABLED,1869,500,2100,DISABLED,DISABLED,1869,500,2100,DISABLED,DISABLED,1870,500,2100,DISABLED,DISABLED,1865,500,2100,DISABLED,DISABLED,1865,500,2100,DISABLED,DISABLED,1863,500,2100,DISABLED,DISABLED,1865,500,2100,DISABLED,DISABLED,1860,500,2100,DISABLED,DISABLED,1300,900,1300,N/A,DISABLED,42,914,1333,N/A,ENABLED,42,914,1333,N/A,ENABLED,42,914,1333,N/A,ENABLED,42,914,1333,N/A,ENABLED,36,711,1143,N/A,ENABLED,36,711,1143,N/A,ENABLED,36,711,1143,N/A,ENABLED,36,711,1143,N/A,ENABLED,N/A,62,58
1744926563,0,683,N/A,N/A,N/A,N/A,ENABLED,1897,500,2100,DISABLED,DISABLED,1897,500,2100,DISABLED,DISABLED,1898,500,2100,DISABLED,DISABLED,1892,500,2100,DISABLED,DISABLED,1893,500,2100,DISABLED,DISABLED,1891,500,2100,DISABLED,DISABLED,1893,500,2100,DISABLED,DISABLED,1888,500,2100,DISABLED,DISABLED,1300,900,1300,N/A,DISABLED,42,914,1333,N/A,ENABLED,42,914,1333,N/A,ENABLED,42,914,1333,N/A,ENABLED,42,914,1333,N/A,ENABLED,36,711,1143,N/A,ENABLED,36,711,1143,N/A,ENABLED,36,711,1143,N/A,ENABLED,36,711,1143,N/A,ENABLED,N/A,62,57
1744926564,0,681,N/A,N/A,N/A,N/A,ENABLED,1876,500,2100,DISABLED,DISABLED,1876,500,2100,DISABLED,DISABLED,1876,500,2100,DISABLED,DISABLED,1872,500,2100,DISABLED,DISABLED,1871,500,2100,DISABLED,DISABLED,1868,500,2100,DISABLED,DISABLED,1872,500,2100,DISABLED,DISABLED,1866,500,2100,DISABLED,DISABLED,1300,900,1300,N/A,DISABLED,42,914,1333,N/A,ENABLED,42,914,1333,N/A,ENABLED,42,914,1333,N/A,ENABLED,42,914,1333,N/A,ENABLED,36,711,1143,N/A,ENABLED,36,711,1143,N/A,ENABLED,36,711,1143,N/A,ENABLED,36,711,1143,N/A,ENABLED,N/A,63,57
1744926565,0,677,N/A,N/A,N/A,N/A,ENABLED,1884,500,2100,DISABLED,DISABLED,1885,500,2100,DISABLED,DISABLED,1884,500,2100,DISABLED,DISABLED,1880,500,2100,DISABLED,DISABLED,1879,500,2100,DISABLED,DISABLED,1876,500,2100,DISABLED,DISABLED,1880,500,2100,DISABLED,DISABLED,1875,500,2100,DISABLED,DISABLED,1300,900,1300,N/A,DISABLED,42,914,1333,N/A,ENABLED,42,914,1333,N/A,ENABLED,42,914,1333,N/A,ENABLED,42,914,1333,N/A,ENABLED,36,711,1143,N/A,ENABLED,36,711,1143,N/A,ENABLED,36,711,1143,N/A,ENABLED,36,711,1143,N/A,ENABLED,N/A,63,56
1744926567,0,673,N/A,N/A,N/A,N/A,ENABLED,1895,500,2100,DISABLED,DISABLED,1894,500,2100,DISABLED,DISABLED,1895,500,2100,DISABLED,DISABLED,1890,500,2100,DISABLED,DISABLED,1890,500,2100,DISABLED,DISABLED,1886,500,2100,DISABLED,DISABLED,1890,500,2100,DISABLED,DISABLED,1885,500,2100,DISABLED,DISABLED,1300,900,1300,N/A,DISABLED,42,914,1333,N/A,ENABLED,42,914,1333,N/A,ENABLED,42,914,1333,N/A,ENABLED,42,914,1333,N/A,ENABLED,36,711,1143,N/A,ENABLED,36,711,1143,N/A,ENABLED,36,711,1143,N/A,ENABLED,36,711,1143,N/A,ENABLED,N/A,63,57
1744926568,0,688,N/A,N/A,N/A,N/A,ENABLED,1901,500,2100,DISABLED,DISABLED,1899,500,2100,DISABLED,DISABLED,1901,500,2100,DISABLED,DISABLED,1895,500,2100,DISABLED,DISABLED,1895,500,2100,DISABLED,DISABLED,1893,500,2100,DISABLED,DISABLED,1895,500,2100,DISABLED,DISABLED,1890,500,2100,DISABLED,DISABLED,1300,900,1300,N/A,DISABLED,42,914,1333,N/A,ENABLED,42,914,1333,N/A,ENABLED,42,914,1333,N/A,ENABLED,42,914,1333,N/A,ENABLED,36,711,1143,N/A,ENABLED,36,711,1143,N/A,ENABLED,36,711,1143,N/A,ENABLED,36,711,1143,N/A,ENABLED,N/A,63,57
1744926569,0,677,N/A,N/A,N/A,N/A,ENABLED,1872,500,2100,DISABLED,DISABLED,1871,500,2100,DISABLED,DISABLED,1872,500,2100,DISABLED,DISABLED,1865,500,2100,DISABLED,DISABLED,1866,500,2100,DISABLED,DISABLED,1864,500,2100,DISABLED,DISABLED,1866,500,2100,DISABLED,DISABLED,1861,500,2100,DISABLED,DISABLED,1300,900,1300,N/A,DISABLED,42,914,1333,N/A,ENABLED,42,914,1333,N/A,ENABLED,42,914,1333,N/A,ENABLED,42,914,1333,N/A,ENABLED,36,711,1143,N/A,ENABLED,36,711,1143,N/A,ENABLED,36,711,1143,N/A,ENABLED,36,711,1143,N/A,ENABLED,N/A,63,58
1744926570,0,681,N/A,N/A,N/A,N/A,ENABLED,1879,500,2100,DISABLED,DISABLED,1877,500,2100,DISABLED,DISABLED,1878,500,2100,DISABLED,DISABLED,1874,500,2100,DISABLED,DISABLED,1873,500,2100,DISABLED,DISABLED,1872,500,2100,DISABLED,DISABLED,1874,500,2100,DISABLED,DISABLED,1869,500,2100,DISABLED,DISABLED,1300,900,1300,N/A,DISABLED,42,914,1333,N/A,ENABLED,42,914,1333,N/A,ENABLED,42,914,1333,N/A,ENABLED,42,914,1333,N/A,ENABLED,36,711,1143,N/A,ENABLED,36,711,1143,N/A,ENABLED,36,711,1143,N/A,ENABLED,36,711,1143,N/A,ENABLED,N/A,63,57
1744926572,0,682,N/A,N/A,N/A,N/A,ENABLED,1891,500,2100,DISABLED,DISABLED,1890,500,2100,DISABLED,DISABLED,1892,500,2100,DISABLED,DISABLED,1886,500,2100,DISABLED,DISABLED,1884,500,2100,DISABLED,DISABLED,1883,500,2100,DISABLED,DISABLED,1884,500,2100,DISABLED,DISABLED,1879,500,2100,DISABLED,DISABLED,1300,900,1300,N/A,DISABLED,42,914,1333,N/A,ENABLED,42,914,1333,N/A,ENABLED,42,914,1333,N/A,ENABLED,42,914,1333,N/A,ENABLED,36,711,1143,N/A,ENABLED,36,711,1143,N/A,ENABLED,36,711,1143,N/A,ENABLED,36,711,1143,N/A,ENABLED,N/A,63,57
1744926573,0,684,N/A,N/A,N/A,N/A,ENABLED,1876,500,2100,DISABLED,DISABLED,1878,500,2100,DISABLED,DISABLED,1877,500,2100,DISABLED,DISABLED,1873,500,2100,DISABLED,DISABLED,1873,500,2100,DISABLED,DISABLED,1868,500,2100,DISABLED,DISABLED,1874,500,2100,DISABLED,DISABLED,1868,500,2100,DISABLED,DISABLED,1300,900,1300,N/A,DISABLED,42,914,1333,N/A,ENABLED,42,914,1333,N/A,ENABLED,42,914,1333,N/A,ENABLED,42,914,1333,N/A,ENABLED,36,711,1143,N/A,ENABLED,36,711,1143,N/A,ENABLED,36,711,1143,N/A,ENABLED,36,711,1143,N/A,ENABLED,N/A,63,58
1744926574,0,685,N/A,N/A,N/A,N/A,ENABLED,1893,500,2100,DISABLED,DISABLED,1893,500,2100,DISABLED,DISABLED,1892,500,2100,DISABLED,DISABLED,1888,500,2100,DISABLED,DISABLED,1888,500,2100,DISABLED,DISABLED,1886,500,2100,DISABLED,DISABLED,1888,500,2100,DISABLED,DISABLED,1883,500,2100,DISABLED,DISABLED,1300,900,1300,N/A,DISABLED,42,914,1333,N/A,ENABLED,42,914,1333,N/A,ENABLED,42,914,1333,N/A,ENABLED,42,914,1333,N/A,ENABLED,36,711,1143,N/A,ENABLED,36,711,1143,N/A,ENABLED,36,711,1143,N/A,ENABLED,36,711,1143,N/A,ENABLED,N/A,63,57
1744926575,0,678,N/A,N/A,N/A,N/A,ENABLED,1922,500,2100,DISABLED,DISABLED,1921,500,2100,DISABLED,DISABLED,1921,500,2100,DISABLED,DISABLED,1915,500,2100,DISABLED,DISABLED,1915,500,2100,DISABLED,DISABLED,1912,500,2100,DISABLED,DISABLED,1915,500,2100,DISABLED,DISABLED,1910,500,2100,DISABLED,DISABLED,1300,900,1300,N/A,DISABLED,42,914,1333,N/A,ENABLED,42,914,1333,N/A,ENABLED,42,914,1333,N/A,ENABLED,42,914,1333,N/A,ENABLED,36,711,1143,N/A,ENABLED,36,711,1143,N/A,ENABLED,36,711,1143,N/A,ENABLED,36,711,1143,N/A,ENABLED,N/A,63,56
1744926577,0,677,N/A,N/A,N/A,N/A,ENABLED,1912,500,2100,DISABLED,DISABLED,1915,500,2100,DISABLED,DISABLED,1912,500,2100,DISABLED,DISABLED,1907,500,2100,DISABLED,DISABLED,1906,500,2100,DISABLED,DISABLED,1904,500,2100,DISABLED,DISABLED,1907,500,2100,DISABLED,DISABLED,1903,500,2100,DISABLED,DISABLED,1300,900,1300,N/A,DISABLED,42,914,1333,N/A,ENABLED,42,914,1333,N/A,ENABLED,42,914,1333,N/A,ENABLED,42,914,1333,N/A,ENABLED,36,711,1143,N/A,ENABLED,36,711,1143,N/A,ENABLED,36,711,1143,N/A,ENABLED,36,711,1143,N/A,ENABLED,N/A,63,57
1744926578,0,684,N/A,N/A,N/A,N/A,ENABLED,1876,500,2100,DISABLED,DISABLED,1876,500,2100,DISABLED,DISABLED,1877,500,2100,DISABLED,DISABLED,1873,500,2100,DISABLED,DISABLED,1872,500,2100,DISABLED,DISABLED,1870,500,2100,DISABLED,DISABLED,1871,500,2100,DISABLED,DISABLED,1867,500,2100,DISABLED,DISABLED,1300,900,1300,N/A,DISABLED,42,914,1333,N/A,ENABLED,42,914,1333,N/A,ENABLED,42,914,1333,N/A,ENABLED,42,914,1333,N/A,ENABLED,36,711,1143,N/A,ENABLED,36,711,1143,N/A,ENABLED,36,711,1143,N/A,ENABLED,36,711,1143,N/A,ENABLED,N/A,63,58
1744926579,0,683,N/A,N/A,N/A,N/A,ENABLED,1893,500,2100,DISABLED,DISABLED,1892,500,2100,DISABLED,DISABLED,1893,500,2100,DISABLED,DISABLED,1889,500,2100,DISABLED,DISABLED,1890,500,2100,DISABLED,DISABLED,1887,500,2100,DISABLED,DISABLED,1889,500,2100,DISABLED,DISABLED,1884,500,2100,DISABLED,DISABLED,1300,900,1300,N/A,DISABLED,42,914,1333,N/A,ENABLED,42,914,1333,N/A,ENABLED,42,914,1333,N/A,ENABLED,42,914,1333,N/A,ENABLED,36,711,1143,N/A,ENABLED,36,711,1143,N/A,ENABLED,36,711,1143,N/A,ENABLED,36,711,1143,N/A,ENABLED,N/A,63,57
1744926580,0,692,N/A,N/A,N/A,N/A,ENABLED,1869,500,2100,DISABLED,DISABLED,1867,500,2100,DISABLED,DISABLED,1868,500,2100,DISABLED,DISABLED,1866,500,2100,DISABLED,DISABLED,1864,500,2100,DISABLED,DISABLED,1862,500,2100,DISABLED,DISABLED,1864,500,2100,DISABLED,DISABLED,1859,500,2100,DISABLED,DISABLED,1300,900,1300,N/A,DISABLED,42,914,1333,N/A,ENABLED,42,914,1333,N/A,ENABLED,42,914,1333,N/A,ENABLED,42,914,1333,N/A,ENABLED,36,711,1143,N/A,ENABLED,36,711,1143,N/A,ENABLED,36,711,1143,N/A,ENABLED,36,711,1143,N/A,ENABLED,N/A,63,58
1744926582,0,685,N/A,N/A,N/A,N/A,ENABLED,1908,500,2100,DISABLED,DISABLED,1906,500,2100,DISABLED,DISABLED,1908,500,2100,DISABLED,DISABLED,1906,500,2100,DISABLED,DISABLED,1903,500,2100,DISABLED,DISABLED,1902,500,2100,DISABLED,DISABLED,1903,500,2100,DISABLED,DISABLED,1897,500,2100,DISABLED,DISABLED,1300,900,1300,N/A,DISABLED,42,914,1333,N/A,ENABLED,42,914,1333,N/A,ENABLED,42,914,1333,N/A,ENABLED,42,914,1333,N/A,ENABLED,36,711,1143,N/A,ENABLED,36,711,1143,N/A,ENABLED,36,711,1143,N/A,ENABLED,36,711,1143,N/A,ENABLED,N/A,63,57
1744926583,0,684,N/A,N/A,N/A,N/A,ENABLED,1886,500,2100,DISABLED,DISABLED,1885,500,2100,DISABLED,DISABLED,1885,500,2100,DISABLED,DISABLED,1880,500,2100,DISABLED,DISABLED,1880,500,2100,DISABLED,DISABLED,1879,500,2100,DISABLED,DISABLED,1881,500,2100,DISABLED,DISABLED,1875,500,2100,DISABLED,DISABLED,1300,900,1300,N/A,DISABLED,42,914,1333,N/A,ENABLED,42,914,1333,N/A,ENABLED,42,914,1333,N/A,ENABLED,42,914,1333,N/A,ENABLED,36,711,1143,N/A,ENABLED,36,711,1143,N/A,ENABLED,36,711,1143,N/A,ENABLED,36,711,1143,N/A,ENABLED,N/A,63,58
1744926584,0,677,N/A,N/A,N/A,N/A,ENABLED,1909,500,2100,DISABLED,DISABLED,1910,500,2100,DISABLED,DISABLED,1909,500,2100,DISABLED,DISABLED,1905,500,2100,DISABLED,DISABLED,1905,500,2100,DISABLED,DISABLED,1902,500,2100,DISABLED,DISABLED,1904,500,2100,DISABLED,DISABLED,1900,500,2100,DISABLED,DISABLED,1300,900,1300,N/A,DISABLED,42,914,1333,N/A,ENABLED,42,914,1333,N/A,ENABLED,42,914,1333,N/A,ENABLED,42,914,1333,N/A,ENABLED,36,711,1143,N/A,ENABLED,36,711,1143,N/A,ENABLED,36,711,1143,N/A,ENABLED,36,711,1143,N/A,ENABLED,N/A,63,57
1744926585,0,690,N/A,N/A,N/A,N/A,ENABLED,1875,500,2100,DISABLED,DISABLED,1874,500,2100,DISABLED,DISABLED,1873,500,2100,DISABLED,DISABLED,1868,500,2100,DISABLED,DISABLED,1868,500,2100,DISABLED,DISABLED,1867,500,2100,DISABLED,DISABLED,1868,500,2100,DISABLED,DISABLED,1864,500,2100,DISABLED,DISABLED,1300,900,1300,N/A,DISABLED,42,914,1333,N/A,ENABLED,42,914,1333,N/A,ENABLED,42,914,1333,N/A,ENABLED,42,914,1333,N/A,ENABLED,36,711,1143,N/A,ENABLED,36,711,1143,N/A,ENABLED,36,711,1143,N/A,ENABLED,36,711,1143,N/A,ENABLED,N/A,63,58
1744926587,0,689,N/A,N/A,N/A,N/A,ENABLED,1879,500,2100,DISABLED,DISABLED,1878,500,2100,DISABLED,DISABLED,1879,500,2100,DISABLED,DISABLED,1875,500,2100,DISABLED,DISABLED,1875,500,2100,DISABLED,DISABLED,1873,500,2100,DISABLED,DISABLED,1875,500,2100,DISABLED,DISABLED,1870,500,2100,DISABLED,DISABLED,1300,900,1300,N/A,DISABLED,42,914,1333,N/A,ENABLED,42,914,1333,N/A,ENABLED,42,914,1333,N/A,ENABLED,42,914,1333,N/A,ENABLED,36,711,1143,N/A,ENABLED,36,711,1143,N/A,ENABLED,36,711,1143,N/A,ENABLED,36,711,1143,N/A,ENABLED,N/A,63,58
1744926588,0,681,N/A,N/A,N/A,N/A,ENABLED,1891,500,2100,DISABLED,DISABLED,1890,500,2100,DISABLED,DISABLED,1890,500,2100,DISABLED,DISABLED,1884,500,2100,DISABLED,DISABLED,1885,500,2100,DISABLED,DISABLED,1884,500,2100,DISABLED,DISABLED,1885,500,2100,DISABLED,DISABLED,1881,500,2100,DISABLED,DISABLED,1300,900,1300,N/A,DISABLED,42,914,1333,N/A,ENABLED,42,914,1333,N/A,ENABLED,42,914,1333,N/A,ENABLED,42,914,1333,N/A,ENABLED,36,711,1143,N/A,ENABLED,36,711,1143,N/A,ENABLED,36,711,1143,N/A,ENABLED,36,711,1143,N/A,ENABLED,N/A,63,57
1744926589,0,681,N/A,N/A,N/A,N/A,ENABLED,1889,500,2100,DISABLED,DISABLED,1888,500,2100,DISABLED,DISABLED,1888,500,2100,DISABLED,DISABLED,1885,500,2100,DISABLED,DISABLED,1884,500,2100,DISABLED,DISABLED,1882,500,2100,DISABLED,DISABLED,1884,500,2100,DISABLED,DISABLED,1880,500,2100,DISABLED,DISABLED,1300,900,1300,N/A,DISABLED,42,914,1333,N/A,ENABLED,42,914,1333,N/A,ENABLED,42,914,1333,N/A,ENABLED,42,914,1333,N/A,ENABLED,36,711,1143,N/A,ENABLED,36,711,1143,N/A,ENABLED,36,711,1143,N/A,ENABLED,36,711,1143,N/A,ENABLED,N/A,63,57
1744926590,0,673,N/A,N/A,N/A,N/A,ENABLED,1887,500,2100,DISABLED,DISABLED,1886,500,2100,DISABLED,DISABLED,1887,500,2100,DISABLED,DISABLED,1883,500,2100,DISABLED,DISABLED,1883,500,2100,DISABLED,DISABLED,1880,500,2100,DISABLED,DISABLED,1882,500,2100,DISABLED,DISABLED,1877,500,2100,DISABLED,DISABLED,1300,900,1300,N/A,DISABLED,42,914,1333,N/A,ENABLED,42,914,1333,N/A,ENABLED,42,914,1333,N/A,ENABLED,42,914,1333,N/A,ENABLED,36,711,1143,N/A,ENABLED,36,711,1143,N/A,ENABLED,36,711,1143,N/A,ENABLED,36,711,1143,N/A,ENABLED,N/A,63,57
1744926592,0,680,N/A,N/A,N/A,N/A,ENABLED,1872,500,2100,DISABLED,DISABLED,1872,500,2100,DISABLED,DISABLED,1873,500,2100,DISABLED,DISABLED,1869,500,2100,DISABLED,DISABLED,1868,500,2100,DISABLED,DISABLED,1865,500,2100,DISABLED,DISABLED,1869,500,2100,DISABLED,DISABLED,1863,500,2100,DISABLED,DISABLED,1300,900,1300,N/A,DISABLED,42,914,1333,N/A,ENABLED,42,914,1333,N/A,ENABLED,42,914,1333,N/A,ENABLED,42,914,1333,N/A,ENABLED,36,711,1143,N/A,ENABLED,36,711,1143,N/A,ENABLED,36,711,1143,N/A,ENABLED,36,711,1143,N/A,ENABLED,N/A,63,57
1744926593,0,690,N/A,N/A,N/A,N/A,ENABLED,1890,500,2100,DISABLED,DISABLED,1889,500,2100,DISABLED,DISABLED,1889,500,2100,DISABLED,DISABLED,1883,500,2100,DISABLED,DISABLED,1883,500,2100,DISABLED,DISABLED,1880,500,2100,DISABLED,DISABLED,1883,500,2100,DISABLED,DISABLED,1878,500,2100,DISABLED,DISABLED,1300,900,1300,N/A,DISABLED,42,914,1333,N/A,ENABLED,42,914,1333,N/A,ENABLED,42,914,1333,N/A,ENABLED,42,914,1333,N/A,ENABLED,36,711,1143,N/A,ENABLED,36,711,1143,N/A,ENABLED,36,711,1143,N/A,ENABLED,36,711,1143,N/A,ENABLED,N/A,63,57
1744926594,0,685,N/A,N/A,N/A,N/A,ENABLED,1896,500,2100,DISABLED,DISABLED,1895,500,2100,DISABLED,DISABLED,1896,500,2100,DISABLED,DISABLED,1889,500,2100,DISABLED,DISABLED,1891,500,2100,DISABLED,DISABLED,1888,500,2100,DISABLED,DISABLED,1889,500,2100,DISABLED,DISABLED,1885,500,2100,DISABLED,DISABLED,1300,900,1300,N/A,DISABLED,42,914,1333,N/A,ENABLED,42,914,1333,N/A,ENABLED,42,914,1333,N/A,ENABLED,42,914,1333,N/A,ENABLED,36,711,1143,N/A,ENABLED,36,711,1143,N/A,ENABLED,36,711,1143,N/A,ENABLED,36,711,1143,N/A,ENABLED,N/A,63,57
1744926595,0,678,N/A,N/A,N/A,N/A,ENABLED,1873,500,2100,DISABLED,DISABLED,1873,500,2100,DISABLED,DISABLED,1874,500,2100,DISABLED,DISABLED,1869,500,2100,DISABLED,DISABLED,1868,500,2100,DISABLED,DISABLED,1866,500,2100,DISABLED,DISABLED,1869,500,2100,DISABLED,DISABLED,1864,500,2100,DISABLED,DISABLED,1300,900,1300,N/A,DISABLED,42,914,1333,N/A,ENABLED,42,914,1333,N/A,ENABLED,42,914,1333,N/A,ENABLED,42,914,1333,N/A,ENABLED,36,711,1143,N/A,ENABLED,36,711,1143,N/A,ENABLED,36,711,1143,N/A,ENABLED,36,711,1143,N/A,ENABLED,N/A,63,58
1744926597,0,677,N/A,N/A,N/A,N/A,ENABLED,1903,500,2100,DISABLED,DISABLED,1903,500,2100,DISABLED,DISABLED,1903,500,2100,DISABLED,DISABLED,1899,500,2100,DISABLED,DISABLED,1899,500,2100,DISABLED,DISABLED,1895,500,2100,DISABLED,DISABLED,1898,500,2100,DISABLED,DISABLED,1894,500,2100,DISABLED,DISABLED,1300,900,1300,N/A,DISABLED,42,914,1333,N/A,ENABLED,42,914,1333,N/A,ENABLED,42,914,1333,N/A,ENABLED,42,914,1333,N/A,ENABLED,36,711,1143,N/A,ENABLED,36,711,1143,N/A,ENABLED,36,711,1143,N/A,ENABLED,36,711,1143,N/A,ENABLED,N/A,62,56
1744926598,0,684,N/A,N/A,N/A,N/A,ENABLED,1876,500,2100,DISABLED,DISABLED,1876,500,2100,DISABLED,DISABLED,1876,500,2100,DISABLED,DISABLED,1872,500,2100,DISABLED,DISABLED,1872,500,2100,DISABLED,DISABLED,1869,500,2100,DISABLED,DISABLED,1872,500,2100,DISABLED,DISABLED,1867,500,2100,DISABLED,DISABLED,1300,900,1300,N/A,DISABLED,42,914,1333,N/A,ENABLED,42,914,1333,N/A,ENABLED,42,914,1333,N/A,ENABLED,42,914,1333,N/A,ENABLED,36,711,1143,N/A,ENABLED,36,711,1143,N/A,ENABLED,36,711,1143,N/A,ENABLED,36,711,1143,N/A,ENABLED,N/A,62,58
1744926599,0,676,N/A,N/A,N/A,N/A,ENABLED,1892,500,2100,DISABLED,DISABLED,1890,500,2100,DISABLED,DISABLED,1891,500,2100,DISABLED,DISABLED,1885,500,2100,DISABLED,DISABLED,1886,500,2100,DISABLED,DISABLED,1882,500,2100,DISABLED,DISABLED,1885,500,2100,DISABLED,DISABLED,1880,500,2100,DISABLED,DISABLED,1300,900,1300,N/A,DISABLED,42,914,1333,N/A,ENABLED,42,914,1333,N/A,ENABLED,42,914,1333,N/A,ENABLED,42,914,1333,N/A,ENABLED,36,711,1143,N/A,ENABLED,36,711,1143,N/A,ENABLED,36,711,1143,N/A,ENABLED,36,711,1143,N/A,ENABLED,N/A,62,57
1744926600,0,680,N/A,N/A,N/A,N/A,ENABLED,1870,500,2100,DISABLED,DISABLED,1869,500,2100,DISABLED,DISABLED,1870,500,2100,DISABLED,DISABLED,1866,500,2100,DISABLED,DISABLED,1865,500,2100,DISABLED,DISABLED,1863,500,2100,DISABLED,DISABLED,1866,500,2100,DISABLED,DISABLED,1861,500,2100,DISABLED,DISABLED,1300,900,1300,N/A,DISABLED,42,914,1333,N/A,ENABLED,42,914,1333,N/A,ENABLED,42,914,1333,N/A,ENABLED,42,914,1333,N/A,ENABLED,36,711,1143,N/A,ENABLED,36,711,1143,N/A,ENABLED,36,711,1143,N/A,ENABLED,36,711,1143,N/A,ENABLED,N/A,62,57
1744926602,0,685,N/A,N/A,N/A,N/A,ENABLED,1882,500,2100,DISABLED,DISABLED,1881,500,2100,DISABLED,DISABLED,1883,500,2100,DISABLED,DISABLED,1878,500,2100,DISABLED,DISABLED,1877,500,2100,DISABLED,DISABLED,1875,500,2100,DISABLED,DISABLED,1878,500,2100,DISABLED,DISABLED,1873,500,2100,DISABLED,DISABLED,1300,900,1300,N/A,DISABLED,42,914,1333,N/A,ENABLED,42,914,1333,N/A,ENABLED,42,914,1333,N/A,ENABLED,42,914,1333,N/A,ENABLED,36,711,1143,N/A,ENABLED,36,711,1143,N/A,ENABLED,36,711,1143,N/A,ENABLED,36,711,1143,N/A,ENABLED,N/A,62,56
1744926603,0,684,N/A,N/A,N/A,N/A,ENABLED,1882,500,2100,DISABLED,DISABLED,1883,500,2100,DISABLED,DISABLED,1884,500,2100,DISABLED,DISABLED,1878,500,2100,DISABLED,DISABLED,1878,500,2100,DISABLED,DISABLED,1874,500,2100,DISABLED,DISABLED,1879,500,2100,DISABLED,DISABLED,1874,500,2100,DISABLED,DISABLED,1300,900,1300,N/A,DISABLED,42,914,1333,N/A,ENABLED,42,914,1333,N/A,ENABLED,42,914,1333,N/A,ENABLED,42,914,1333,N/A,ENABLED,36,711,1143,N/A,ENABLED,36,711,1143,N/A,ENABLED,36,711,1143,N/A,ENABLED,36,711,1143,N/A,ENABLED,N/A,62,56
1744926604,0,675,N/A,N/A,N/A,N/A,ENABLED,1904,500,2100,DISABLED,DISABLED,1903,500,2100,DISABLED,DISABLED,1903,500,2100,DISABLED,DISABLED,1899,500,2100,DISABLED,DISABLED,1898,500,2100,DISABLED,DISABLED,1896,500,2100,DISABLED,DISABLED,1898,500,2100,DISABLED,DISABLED,1894,500,2100,DISABLED,DISABLED,1300,900,1300,N/A,DISABLED,42,914,1333,N/A,ENABLED,42,914,1333,N/A,ENABLED,42,914,1333,N/A,ENABLED,42,914,1333,N/A,ENABLED,36,711,1143,N/A,ENABLED,36,711,1143,N/A,ENABLED,36,711,1143,N/A,ENABLED,36,711,1143,N/A,ENABLED,N/A,62,55
1744926605,0,683,N/A,N/A,N/A,N/A,ENABLED,1909,500,2100,DISABLED,DISABLED,1911,500,2100,DISABLED,DISABLED,1910,500,2100,DISABLED,DISABLED,1907,500,2100,DISABLED,DISABLED,1906,500,2100,DISABLED,DISABLED,1902,500,2100,DISABLED,DISABLED,1907,500,2100,DISABLED,DISABLED,1901,500,2100,DISABLED,DISABLED,1300,900,1300,N/A,DISABLED,42,914,1333,N/A,ENABLED,42,914,1333,N/A,ENABLED,42,914,1333,N/A,ENABLED,42,914,1333,N/A,ENABLED,36,711,1143,N/A,ENABLED,36,711,1143,N/A,ENABLED,36,711,1143,N/A,ENABLED,36,711,1143,N/A,ENABLED,N/A,62,56
1744926607,0,678,N/A,N/A,N/A,N/A,ENABLED,1879,500,2100,DISABLED,DISABLED,1880,500,2100,DISABLED,DISABLED,1879,500,2100,DISABLED,DISABLED,1876,500,2100,DISABLED,DISABLED,1876,500,2100,DISABLED,DISABLED,1872,500,2100,DISABLED,DISABLED,1876,500,2100,DISABLED,DISABLED,1871,500,2100,DISABLED,DISABLED,1300,900,1300,N/A,DISABLED,42,914,1333,N/A,ENABLED,42,914,1333,N/A,ENABLED,42,914,1333,N/A,ENABLED,42,914,1333,N/A,ENABLED,36,711,1143,N/A,ENABLED,36,711,1143,N/A,ENABLED,36,711,1143,N/A,ENABLED,36,711,1143,N/A,ENABLED,N/A,62,56
1744926608,0,673,N/A,N/A,N/A,N/A,ENABLED,1892,500,2100,DISABLED,DISABLED,1890,500,2100,DISABLED,DISABLED,1891,500,2100,DISABLED,DISABLED,1886,500,2100,DISABLED,DISABLED,1885,500,2100,DISABLED,DISABLED,1884,500,2100,DISABLED,DISABLED,1886,500,2100,DISABLED,DISABLED,1880,500,2100,DISABLED,DISABLED,1300,900,1300,N/A,DISABLED,42,914,1333,N/A,ENABLED,42,914,1333,N/A,ENABLED,42,914,1333,N/A,ENABLED,42,914,1333,N/A,ENABLED,36,711,1143,N/A,ENABLED,36,711,1143,N/A,ENABLED,36,711,1143,N/A,ENABLED,36,711,1143,N/A,ENABLED,N/A,62,55
1744926609,0,688,N/A,N/A,N/A,N/A,ENABLED,1883,500,2100,DISABLED,DISABLED,1885,500,2100,DISABLED,DISABLED,1883,500,2100,DISABLED,DISABLED,1879,500,2100,DISABLED,DISABLED,1879,500,2100,DISABLED,DISABLED,1875,500,2100,DISABLED,DISABLED,1879,500,2100,DISABLED,DISABLED,1873,500,2100,DISABLED,DISABLED,1300,900,1300,N/A,DISABLED,42,914,1333,N/A,ENABLED,42,914,1333,N/A,ENABLED,42,914,1333,N/A,ENABLED,42,914,1333,N/A,ENABLED,36,711,1143,N/A,ENABLED,36,711,1143,N/A,ENABLED,36,711,1143,N/A,ENABLED,36,711,1143,N/A,ENABLED,N/A,62,56
1744926611,0,681,N/A,N/A,N/A,N/A,ENABLED,1867,500,2100,DISABLED,DISABLED,1868,500,2100,DISABLED,DISABLED,1869,500,2100,DISABLED,DISABLED,1865,500,2100,DISABLED,DISABLED,1865,500,2100,DISABLED,DISABLED,1862,500,2100,DISABLED,DISABLED,1864,500,2100,DISABLED,DISABLED,1858,500,2100,DISABLED,DISABLED,1300,900,1300,N/A,DISABLED,42,914,1333,N/A,ENABLED,42,914,1333,N/A,ENABLED,42,914,1333,N/A,ENABLED,42,914,1333,N/A,ENABLED,36,711,1143,N/A,ENABLED,36,711,1143,N/A,ENABLED,36,711,1143,N/A,ENABLED,36,711,1143,N/A,ENABLED,N/A,62,56
1744926612,0,677,N/A,N/A,N/A,N/A,ENABLED,1891,500,2100,DISABLED,DISABLED,1892,500,2100,DISABLED,DISABLED,1894,500,2100,DISABLED,DISABLED,1889,500,2100,DISABLED,DISABLED,1887,500,2100,DISABLED,DISABLED,1885,500,2100,DISABLED,DISABLED,1888,500,2100,DISABLED,DISABLED,1883,500,2100,DISABLED,DISABLED,1300,900,1300,N/A,DISABLED,42,914,1333,N/A,ENABLED,42,914,1333,N/A,ENABLED,42,914,1333,N/A,ENABLED,42,914,1333,N/A,ENABLED,36,711,1143,N/A,ENABLED,36,711,1143,N/A,ENABLED,36,711,1143,N/A,ENABLED,36,711,1143,N/A,ENABLED,N/A,61,56
1744926613,0,687,N/A,N/A,N/A,N/A,ENABLED,1896,500,2100,DISABLED,DISABLED,1897,500,2100,DISABLED,DISABLED,1896,500,2100,DISABLED,DISABLED,1893,500,2100,DISABLED,DISABLED,1892,500,2100,DISABLED,DISABLED,1889,500,2100,DISABLED,DISABLED,1891,500,2100,DISABLED,DISABLED,1886,500,2100,DISABLED,DISABLED,1300,900,1300,N/A,DISABLED,42,914,1333,N/A,ENABLED,42,914,1333,N/A,ENABLED,42,914,1333,N/A,ENABLED,42,914,1333,N/A,ENABLED,36,711,1143,N/A,ENABLED,36,711,1143,N/A,ENABLED,36,711,1143,N/A,ENABLED,36,711,1143,N/A,ENABLED,N/A,61,56
1744926614,0,684,N/A,N/A,N/A,N/A,ENABLED,1891,500,2100,DISABLED,DISABLED,1890,500,2100,DISABLED,DISABLED,1892,500,2100,DISABLED,DISABLED,1887,500,2100,DISABLED,DISABLED,1886,500,2100,DISABLED,DISABLED,1884,500,2100,DISABLED,DISABLED,1886,500,2100,DISABLED,DISABLED,1881,500,2100,DISABLED,DISABLED,1300,900,1300,N/A,DISABLED,42,914,1333,N/A,ENABLED,42,914,1333,N/A,ENABLED,42,914,1333,N/A,ENABLED,42,914,1333,N/A,ENABLED,36,711,1143,N/A,ENABLED,36,711,1143,N/A,ENABLED,36,711,1143,N/A,ENABLED,36,711,1143,N/A,ENABLED,N/A,61,55
1744926616,0,668,N/A,N/A,N/A,N/A,ENABLED,1915,500,2100,DISABLED,DISABLED,1916,500,2100,DISABLED,DISABLED,1916,500,2100,DISABLED,DISABLED,1911,500,2100,DISABLED,DISABLED,1910,500,2100,DISABLED,DISABLED,1908,500,2100,DISABLED,DISABLED,1909,500,2100,DISABLED,DISABLED,1905,500,2100,DISABLED,DISABLED,1300,900,1300,N/A,DISABLED,42,914,1333,N/A,ENABLED,42,914,1333,N/A,ENABLED,42,914,1333,N/A,ENABLED,42,914,1333,N/A,ENABLED,36,711,1143,N/A,ENABLED,36,711,1143,N/A,ENABLED,36,711,1143,N/A,ENABLED,36,711,1143,N/A,ENABLED,N/A,61,53
1744926617,0,676,N/A,N/A,N/A,N/A,ENABLED,1901,500,2100,DISABLED,DISABLED,1902,500,2100,DISABLED,DISABLED,1902,500,2100,DISABLED,DISABLED,1898,500,2100,DISABLED,DISABLED,1897,500,2100,DISABLED,DISABLED,1894,500,2100,DISABLED,DISABLED,1897,500,2100,DISABLED,DISABLED,1892,500,2100,DISABLED,DISABLED,1300,900,1300,N/A,DISABLED,42,914,1333,N/A,ENABLED,42,914,1333,N/A,ENABLED,42,914,1333,N/A,ENABLED,42,914,1333,N/A,ENABLED,36,711,1143,N/A,ENABLED,36,711,1143,N/A,ENABLED,36,711,1143,N/A,ENABLED,36,711,1143,N/A,ENABLED,N/A,61,54
1744926618,0,680,N/A,N/A,N/A,N/A,ENABLED,1892,500,2100,DISABLED,DISABLED,1893,500,2100,DISABLED,DISABLED,1892,500,2100,DISABLED,DISABLED,1889,500,2100,DISABLED,DISABLED,1888,500,2100,DISABLED,DISABLED,1885,500,2100,DISABLED,DISABLED,1887,500,2100,DISABLED,DISABLED,1883,500,2100,DISABLED,DISABLED,1300,900,1300,N/A,DISABLED,42,914,1333,N/A,ENABLED,42,914,1333,N/A,ENABLED,42,914,1333,N/A,ENABLED,42,914,1333,N/A,ENABLED,36,711,1143,N/A,ENABLED,36,711,1143,N/A,ENABLED,36,711,1143,N/A,ENABLED,36,711,1143,N/A,ENABLED,N/A,61,54
1744926619,0,677,N/A,N/A,N/A,N/A,ENABLED,1885,500,2100,DISABLED,DISABLED,1886,500,2100,DISABLED,DISABLED,1885,500,2100,DISABLED,DISABLED,1881,500,2100,DISABLED,DISABLED,1880,500,2100,DISABLED,DISABLED,1878,500,2100,DISABLED,DISABLED,1881,500,2100,DISABLED,DISABLED,1876,500,2100,DISABLED,DISABLED,1300,900,1300,N/A,DISABLED,42,914,1333,N/A,ENABLED,42,914,1333,N/A,ENABLED,42,914,1333,N/A,ENABLED,42,914,1333,N/A,ENABLED,36,711,1143,N/A,ENABLED,36,711,1143,N/A,ENABLED,36,711,1143,N/A,ENABLED,36,711,1143,N/A,ENABLED,N/A,61,54
1744926621,0,673,N/A,N/A,N/A,N/A,ENABLED,1904,500,2100,DISABLED,DISABLED,1905,500,2100,DISABLED,DISABLED,1904,500,2100,DISABLED,DISABLED,1900,500,2100,DISABLED,DISABLED,1899,500,2100,DISABLED,DISABLED,1897,500,2100,DISABLED,DISABLED,1900,500,2100,DISABLED,DISABLED,1895,500,2100,DISABLED,DISABLED,1300,900,1300,N/A,DISABLED,42,914,1333,N/A,ENABLED,42,914,1333,N/A,ENABLED,42,914,1333,N/A,ENABLED,42,914,1333,N/A,ENABLED,36,711,1143,N/A,ENABLED,36,711,1143,N/A,ENABLED,36,711,1143,N/A,ENABLED,36,711,1143,N/A,ENABLED,N/A,61,54
1744926622,0,681,N/A,N/A,N/A,N/A,ENABLED,1879,500,2100,DISABLED,DISABLED,1881,500,2100,DISABLED,DISABLED,1881,500,2100,DISABLED,DISABLED,1876,500,2100,DISABLED,DISABLED,1875,500,2100,DISABLED,DISABLED,1873,500,2100,DISABLED,DISABLED,1876,500,2100,DISABLED,DISABLED,1871,500,2100,DISABLED,DISABLED,1300,900,1300,N/A,DISABLED,42,914,1333,N/A,ENABLED,42,914,1333,N/A,ENABLED,42,914,1333,N/A,ENABLED,42,914,1333,N/A,ENABLED,36,711,1143,N/A,ENABLED,36,711,1143,N/A,ENABLED,36,711,1143,N/A,ENABLED,36,711,1143,N/A,ENABLED,N/A,60,54
1744926623,0,673,N/A,N/A,N/A,N/A,ENABLED,1898,500,2100,DISABLED,DISABLED,1898,500,2100,DISABLED,DISABLED,1898,500,2100,DISABLED,DISABLED,1894,500,2100,DISABLED,DISABLED,1893,500,2100,DISABLED,DISABLED,1891,500,2100,DISABLED,DISABLED,1893,500,2100,DISABLED,DISABLED,1888,500,2100,DISABLED,DISABLED,1300,900,1300,N/A,DISABLED,42,914,1333,N/A,ENABLED,42,914,1333,N/A,ENABLED,42,914,1333,N/A,ENABLED,42,914,1333,N/A,ENABLED,36,711,1143,N/A,ENABLED,36,711,1143,N/A,ENABLED,36,711,1143,N/A,ENABLED,36,711,1143,N/A,ENABLED,N/A,60,54
1744926624,0,687,N/A,N/A,N/A,N/A,ENABLED,1892,500,2100,DISABLED,DISABLED,1892,500,2100,DISABLED,DISABLED,1893,500,2100,DISABLED,DISABLED,1887,500,2100,DISABLED,DISABLED,1887,500,2100,DISABLED,DISABLED,1885,500,2100,DISABLED,DISABLED,1888,500,2100,DISABLED,DISABLED,1883,500,2100,DISABLED,DISABLED,1300,900,1300,N/A,DISABLED,42,914,1333,N/A,ENABLED,42,914,1333,N/A,ENABLED,42,914,1333,N/A,ENABLED,42,914,1333,N/A,ENABLED,36,711,1143,N/A,ENABLED,36,711,1143,N/A,ENABLED,36,711,1143,N/A,ENABLED,36,711,1143,N/A,ENABLED,N/A,60,55
1744926626,0,675,N/A,N/A,N/A,N/A,ENABLED,1908,500,2100,DISABLED,DISABLED,1907,500,2100,DISABLED,DISABLED,1909,500,2100,DISABLED,DISABLED,1905,500,2100,DISABLED,DISABLED,1904,500,2100,DISABLED,DISABLED,1901,500,2100,DISABLED,DISABLED,1904,500,2100,DISABLED,DISABLED,1900,500,2100,DISABLED,DISABLED,1300,900,1300,N/A,DISABLED,42,914,1333,N/A,ENABLED,42,914,1333,N/A,ENABLED,42,914,1333,N/A,ENABLED,42,914,1333,N/A,ENABLED,36,711,1143,N/A,ENABLED,36,711,1143,N/A,ENABLED,36,711,1143,N/A,ENABLED,36,711,1143,N/A,ENABLED,N/A,60,53
1744926627,0,684,N/A,N/A,N/A,N/A,ENABLED,1891,500,2100,DISABLED,DISABLED,1890,500,2100,DISABLED,DISABLED,1890,500,2100,DISABLED,DISABLED,1886,500,2100,DISABLED,DISABLED,1885,500,2100,DISABLED,DISABLED,1884,500,2100,DISABLED,DISABLED,1886,500,2100,DISABLED,DISABLED,1881,500,2100,DISABLED,DISABLED,1300,900,1300,N/A,DISABLED,42,914,1333,N/A,ENABLED,42,914,1333,N/A,ENABLED,42,914,1333,N/A,ENABLED,42,914,1333,N/A,ENABLED,36,711,1143,N/A,ENABLED,36,711,1143,N/A,ENABLED,36,711,1143,N/A,ENABLED,36,711,1143,N/A,ENABLED,N/A,60,54
1744926628,0,674,N/A,N/A,N/A,N/A,ENABLED,1898,500,2100,DISABLED,DISABLED,1898,500,2100,DISABLED,DISABLED,1897,500,2100,DISABLED,DISABLED,1894,500,2100,DISABLED,DISABLED,1893,500,2100,DISABLED,DISABLED,1891,500,2100,DISABLED,DISABLED,1894,500,2100,DISABLED,DISABLED,1888,500,2100,DISABLED,DISABLED,1300,900,1300,N/A,DISABLED,42,914,1333,N/A,ENABLED,42,914,1333,N/A,ENABLED,42,914,1333,N/A,ENABLED,42,914,1333,N/A,ENABLED,36,711,1143,N/A,ENABLED,36,711,1143,N/A,ENABLED,36,711,1143,N/A,ENABLED,36,711,1143,N/A,ENABLED,N/A,60,54
1744926629,0,679,N/A,N/A,N/A,N/A,ENABLED,1887,500,2100,DISABLED,DISABLED,1887,500,2100,DISABLED,DISABLED,1888,500,2100,DISABLED,DISABLED,1883,500,2100,DISABLED,DISABLED,1883,500,2100,DISABLED,DISABLED,1881,500,2100,DISABLED,DISABLED,1883,500,2100,DISABLED,DISABLED,1879,500,2100,DISABLED,DISABLED,1300,900,1300,N/A,DISABLED,42,914,1333,N/A,ENABLED,42,914,1333,N/A,ENABLED,42,914,1333,N/A,ENABLED,42,914,1333,N/A,ENABLED,36,711,1143,N/A,ENABLED,36,711,1143,N/A,ENABLED,36,711,1143,N/A,ENABLED,36,711,1143,N/A,ENABLED,N/A,60,54
1744926631,0,682,N/A,N/A,N/A,N/A,ENABLED,1890,500,2100,DISABLED,DISABLED,1890,500,2100,DISABLED,DISABLED,1890,500,2100,DISABLED,DISABLED,1886,500,2100,DISABLED,DISABLED,1886,500,2100,DISABLED,DISABLED,1883,500,2100,DISABLED,DISABLED,1887,500,2100,DISABLED,DISABLED,1881,500,2100,DISABLED,DISABLED,1300,900,1300,N/A,DISABLED,42,914,1333,N/A,ENABLED,42,914,1333,N/A,ENABLED,42,914,1333,N/A,ENABLED,42,914,1333,N/A,ENABLED,36,711,1143,N/A,ENABLED,36,711,1143,N/A,ENABLED,36,711,1143,N/A,ENABLED,36,711,1143,N/A,ENABLED,N/A,60,53
1744926632,0,669,N/A,N/A,N/A,N/A,ENABLED,1900,500,2100,DISABLED,DISABLED,1900,500,2100,DISABLED,DISABLED,1899,500,2100,DISABLED,DISABLED,1895,500,2100,DISABLED,DISABLED,1895,500,2100,DISABLED,DISABLED,1893,500,2100,DISABLED,DISABLED,1895,500,2100,DISABLED,DISABLED,1890,500,2100,DISABLED,DISABLED,1300,900,1300,N/A,DISABLED,42,914,1333,N/A,ENABLED,42,914,1333,N/A,ENABLED,42,914,1333,N/A,ENABLED,42,914,1333,N/A,ENABLED,36,711,1143,N/A,ENABLED,36,711,1143,N/A,ENABLED,36,711,1143,N/A,ENABLED,36,711,1143,N/A,ENABLED,N/A,60,53
1744926633,0,675,N/A,N/A,N/A,N/A,ENABLED,1882,500,2100,DISABLED,DISABLED,1882,500,2100,DISABLED,DISABLED,1881,500,2100,DISABLED,DISABLED,1876,500,2100,DISABLED,DISABLED,1876,500,2100,DISABLED,DISABLED,1875,500,2100,DISABLED,DISABLED,1877,500,2100,DISABLED,DISABLED,1872,500,2100,DISABLED,DISABLED,1300,900,1300,N/A,DISABLED,42,914,1333,N/A,ENABLED,42,914,1333,N/A,ENABLED,42,914,1333,N/A,ENABLED,42,914,1333,N/A,ENABLED,36,711,1143,N/A,ENABLED,36,711,1143,N/A,ENABLED,36,711,1143,N/A,ENABLED,36,711,1143,N/A,ENABLED,N/A,60,54
1744926634,0,678,N/A,N/A,N/A,N/A,ENABLED,1920,500,2100,DISABLED,DISABLED,1919,500,2100,DISABLED,DISABLED,1920,500,2100,DISABLED,DISABLED,1914,500,2100,DISABLED,DISABLED,1915,500,2100,DISABLED,DISABLED,1913,500,2100,DISABLED,DISABLED,1914,500,2100,DISABLED,DISABLED,1910,500,2100,DISABLED,DISABLED,1300,900,1300,N/A,DISABLED,42,914,1333,N/A,ENABLED,42,914,1333,N/A,ENABLED,42,914,1333,N/A,ENABLED,42,914,1333,N/A,ENABLED,36,711,1143,N/A,ENABLED,36,711,1143,N/A,ENABLED,36,711,1143,N/A,ENABLED,36,711,1143,N/A,ENABLED,N/A,60,53
1744926636,0,673,N/A,N/A,N/A,N/A,ENABLED,1897,500,2100,DISABLED,DISABLED,1898,500,2100,DISABLED,DISABLED,1896,500,2100,DISABLED,DISABLED,1893,500,2100,DISABLED,DISABLED,1892,500,2100,DISABLED,DISABLED,1890,500,2100,DISABLED,DISABLED,1892,500,2100,DISABLED,DISABLED,1888,500,2100,DISABLED,DISABLED,1300,900,1300,N/A,DISABLED,42,914,1333,N/A,ENABLED,42,914,1333,N/A,ENABLED,42,914,1333,N/A,ENABLED,42,914,1333,N/A,ENABLED,36,711,1143,N/A,ENABLED,36,711,1143,N/A,ENABLED,36,711,1143,N/A,ENABLED,36,711,1143,N/A,ENABLED,N/A,59,53
1744926637,0,681,N/A,N/A,N/A,N/A,ENABLED,1905,500,2100,DISABLED,DISABLED,1907,500,2100,DISABLED,DISABLED,1908,500,2100,DISABLED,DISABLED,1902,500,2100,DISABLED,DISABLED,1904,500,2100,DISABLED,DISABLED,1898,500,2100,DISABLED,DISABLED,1902,500,2100,DISABLED,DISABLED,1898,500,2100,DISABLED,DISABLED,1300,900,1300,N/A,DISABLED,42,914,1333,N/A,ENABLED,42,914,1333,N/A,ENABLED,42,914,1333,N/A,ENABLED,42,914,1333,N/A,ENABLED,36,711,1143,N/A,ENABLED,36,711,1143,N/A,ENABLED,36,711,1143,N/A,ENABLED,36,711,1143,N/A,ENABLED,N/A,59,53
1744926638,0,682,N/A,N/A,N/A,N/A,ENABLED,1898,500,2100,DISABLED,DISABLED,1899,500,2100,DISABLED,DISABLED,1898,500,2100,DISABLED,DISABLED,1895,500,2100,DISABLED,DISABLED,1895,500,2100,DISABLED,DISABLED,1891,500,2100,DISABLED,DISABLED,1895,500,2100,DISABLED,DISABLED,1890,500,2100,DISABLED,DISABLED,1300,900,1300,N/A,DISABLED,42,914,1333,N/A,ENABLED,42,914,1333,N/A,ENABLED,42,914,1333,N/A,ENABLED,42,914,1333,N/A,ENABLED,36,711,1143,N/A,ENABLED,36,711,1143,N/A,ENABLED,36,711,1143,N/A,ENABLED,36,711,1143,N/A,ENABLED,N/A,59,53
1744926639,0,672,N/A,N/A,N/A,N/A,ENABLED,1903,500,2100,DISABLED,DISABLED,1902,500,2100,DISABLED,DISABLED,1902,500,2100,DISABLED,DISABLED,1897,500,2100,DISABLED,DISABLED,1897,500,2100,DISABLED,DISABLED,1896,500,2100,DISABLED,DISABLED,1896,500,2100,DISABLED,DISABLED,1893,500,2100,DISABLED,DISABLED,1300,900,1300,N/A,DISABLED,42,914,1333,N/A,ENABLED,42,914,1333,N/A,ENABLED,42,914,1333,N/A,ENABLED,42,914,1333,N/A,ENABLED,36,711,1143,N/A,ENABLED,36,711,1143,N/A,ENABLED,36,711,1143,N/A,ENABLED,36,711,1143,N/A,ENABLED,N/A,59,52
1744926641,0,677,N/A,N/A,N/A,N/A,ENABLED,1912,500,2100,DISABLED,DISABLED,1912,500,2100,DISABLED,DISABLED,1912,500,2100,DISABLED,DISABLED,1906,500,2100,DISABLED,DISABLED,1907,500,2100,DISABLED,DISABLED,1905,500,2100,DISABLED,DISABLED,1906,500,2100,DISABLED,DISABLED,1902,500,2100,DISABLED,DISABLED,1300,900,1300,N/A,DISABLED,42,914,1333,N/A,ENABLED,42,914,1333,N/A,ENABLED,42,914,1333,N/A,ENABLED,42,914,1333,N/A,ENABLED,36,711,1143,N/A,ENABLED,36,711,1143,N/A,ENABLED,36,711,1143,N/A,ENABLED,36,711,1143,N/A,ENABLED,N/A,59,52
1744926642,0,679,N/A,N/A,N/A,N/A,ENABLED,1886,500,2100,DISABLED,DISABLED,1885,500,2100,DISABLED,DISABLED,1886,500,2100,DISABLED,DISABLED,1879,500,2100,DISABLED,DISABLED,1879,500,2100,DISABLED,DISABLED,1878,500,2100,DISABLED,DISABLED,1879,500,2100,DISABLED,DISABLED,1876,500,2100,DISABLED,DISABLED,1300,900,1300,N/A,DISABLED,42,914,1333,N/A,ENABLED,42,914,1333,N/A,ENABLED,42,914,1333,N/A,ENABLED,42,914,1333,N/A,ENABLED,36,711,1143,N/A,ENABLED,36,711,1143,N/A,ENABLED,36,711,1143,N/A,ENABLED,36,711,1143,N/A,ENABLED,N/A,59,54
1744926643,0,672,N/A,N/A,N/A,N/A,ENABLED,1887,500,2100,DISABLED,DISABLED,1886,500,2100,DISABLED,DISABLED,1888,500,2100,DISABLED,DISABLED,1881,500,2100,DISABLED,DISABLED,1882,500,2100,DISABLED,DISABLED,1880,500,2100,DISABLED,DISABLED,1883,500,2100,DISABLED,DISABLED,1879,500,2100,DISABLED,DISABLED,1300,900,1300,N/A,DISABLED,42,914,1333,N/A,ENABLED,42,914,1333,N/A,ENABLED,42,914,1333,N/A,ENABLED,42,914,1333,N/A,ENABLED,36,711,1143,N/A,ENABLED,36,711,1143,N/A,ENABLED,36,711,1143,N/A,ENABLED,36,711,1143,N/A,ENABLED,N/A,59,52
1744926644,0,680,N/A,N/A,N/A,N/A,ENABLED,1895,500,2100,DISABLED,DISABLED,1896,500,2100,DISABLED,DISABLED,1896,500,2100,DISABLED,DISABLED,1890,500,2100,DISABLED,DISABLED,1892,500,2100,DISABLED,DISABLED,1888,500,2100,DISABLED,DISABLED,1892,500,2100,DISABLED,DISABLED,1887,500,2100,DISABLED,DISABLED,1300,900,1300,N/A,DISABLED,42,914,1333,N/A,ENABLED,42,914,1333,N/A,ENABLED,42,914,1333,N/A,ENABLED,42,914,1333,N/A,ENABLED,36,711,1143,N/A,ENABLED,36,711,1143,N/A,ENABLED,36,711,1143,N/A,ENABLED,36,711,1143,N/A,ENABLED,N/A,59,52
1744926646,0,681,N/A,N/A,N/A,N/A,ENABLED,1906,500,2100,DISABLED,DISABLED,1905,500,2100,DISABLED,DISABLED,1905,500,2100,DISABLED,DISABLED,1902,500,2100,DISABLED,DISABLED,1900,500,2100,DISABLED,DISABLED,1898,500,2100,DISABLED,DISABLED,1901,500,2100,DISABLED,DISABLED,1895,500,2100,DISABLED,DISABLED,1300,900,1300,N/A,DISABLED,42,914,1333,N/A,ENABLED,42,914,1333,N/A,ENABLED,42,914,1333,N/A,ENABLED,42,914,1333,N/A,ENABLED,36,711,1143,N/A,ENABLED,36,711,1143,N/A,ENABLED,36,711,1143,N/A,ENABLED,36,711,1143,N/A,ENABLED,N/A,59,52
1744926647,0,673,N/A,N/A,N/A,N/A,ENABLED,1893,500,2100,DISABLED,DISABLED,1892,500,2100,DISABLED,DISABLED,1891,500,2100,DISABLED,DISABLED,1888,500,2100,DISABLED,DISABLED,1887,500,2100,DISABLED,DISABLED,1884,500,2100,DISABLED,DISABLED,1888,500,2100,DISABLED,DISABLED,1883,500,2100,DISABLED,DISABLED,1300,900,1300,N/A,DISABLED,42,914,1333,N/A,ENABLED,42,914,1333,N/A,ENABLED,42,914,1333,N/A,ENABLED,42,914,1333,N/A,ENABLED,36,711,1143,N/A,ENABLED,36,711,1143,N/A,ENABLED,36,711,1143,N/A,ENABLED,36,711,1143,N/A,ENABLED,N/A,59,53
1744926648,0,671,N/A,N/A,N/A,N/A,ENABLED,1910,500,2100,DISABLED,DISABLED,1910,500,2100,DISABLED,DISABLED,1910,500,2100,DISABLED,DISABLED,1904,500,2100,DISABLED,DISABLED,1905,500,2100,DISABLED,DISABLED,1902,500,2100,DISABLED,DISABLED,1907,500,2100,DISABLED,DISABLED,1901,500,2100,DISABLED,DISABLED,1300,900,1300,N/A,DISABLED,42,914,1333,N/A,ENABLED,42,914,1333,N/A,ENABLED,42,914,1333,N/A,ENABLED,42,914,1333,N/A,ENABLED,36,711,1143,N/A,ENABLED,36,711,1143,N/A,ENABLED,36,711,1143,N/A,ENABLED,36,711,1143,N/A,ENABLED,N/A,59,52
1744926649,0,677,N/A,N/A,N/A,N/A,ENABLED,1879,500,2100,DISABLED,DISABLED,1878,500,2100,DISABLED,DISABLED,1878,500,2100,DISABLED,DISABLED,1873,500,2100,DISABLED,DISABLED,1874,500,2100,DISABLED,DISABLED,1871,500,2100,DISABLED,DISABLED,1875,500,2100,DISABLED,DISABLED,1869,500,2100,DISABLED,DISABLED,1300,900,1300,N/A,DISABLED,42,914,1333,N/A,ENABLED,42,914,1333,N/A,ENABLED,42,914,1333,N/A,ENABLED,42,914,1333,N/A,ENABLED,36,711,1143,N/A,ENABLED,36,711,1143,N/A,ENABLED,36,711,1143,N/A,ENABLED,36,711,1143,N/A,ENABLED,N/A,59,53
1744926651,0,679,N/A,N/A,N/A,N/A,ENABLED,1885,500,2100,DISABLED,DISABLED,1885,500,2100,DISABLED,DISABLED,1886,500,2100,DISABLED,DISABLED,1882,500,2100,DISABLED,DISABLED,1882,500,2100,DISABLED,DISABLED,1878,500,2100,DISABLED,DISABLED,1882,500,2100,DISABLED,DISABLED,1876,500,2100,DISABLED,DISABLED,1300,900,1300,N/A,DISABLED,42,914,1333,N/A,ENABLED,42,914,1333,N/A,ENABLED,42,914,1333,N/A,ENABLED,42,914,1333,N/A,ENABLED,36,711,1143,N/A,ENABLED,36,711,1143,N/A,ENABLED,36,711,1143,N/A,ENABLED,36,711,1143,N/A,ENABLED,N/A,59,53
1744926652,0,673,N/A,N/A,N/A,N/A,ENABLED,1893,500,2100,DISABLED,DISABLED,1892,500,2100,DISABLED,DISABLED,1892,500,2100,DISABLED,DISABLED,1888,500,2100,DISABLED,DISABLED,1888,500,2100,DISABLED,DISABLED,1885,500,2100,DISABLED,DISABLED,1889,500,2100,DISABLED,DISABLED,1883,500,2100,DISABLED,DISABLED,1300,900,1300,N/A,DISABLED,42,914,1333,N/A,ENABLED,42,914,1333,N/A,ENABLED,42,914,1333,N/A,ENABLED,42,914,1333,N/A,ENABLED,36,711,1143,N/A,ENABLED,36,711,1143,N/A,ENABLED,36,711,1143,N/A,ENABLED,36,711,1143,N/A,ENABLED,N/A,59,52
1744926653,0,671,N/A,N/A,N/A,N/A,ENABLED,1922,500,2100,DISABLED,DISABLED,1921,500,2100,DISABLED,DISABLED,1922,500,2100,DISABLED,DISABLED,1916,500,2100,DISABLED,DISABLED,1917,500,2100,DISABLED,DISABLED,1914,500,2100,DISABLED,DISABLED,1917,500,2100,DISABLED,DISABLED,1912,500,2100,DISABLED,DISABLED,1300,900,1300,N/A,DISABLED,42,914,1333,N/A,ENABLED,42,914,1333,N/A,ENABLED,42,914,1333,N/A,ENABLED,42,914,1333,N/A,ENABLED,36,711,1143,N/A,ENABLED,36,711,1143,N/A,ENABLED,36,711,1143,N/A,ENABLED,36,711,1143,N/A,ENABLED,N/A,59,51
1744926654,0,684,N/A,N/A,N/A,N/A,ENABLED,1905,500,2100,DISABLED,DISABLED,1904,500,2100,DISABLED,DISABLED,1903,500,2100,DISABLED,DISABLED,1898,500,2100,DISABLED,DISABLED,1899,500,2100,DISABLED,DISABLED,1897,500,2100,DISABLED,DISABLED,1900,500,2100,DISABLED,DISABLED,1894,500,2100,DISABLED,DISABLED,1300,900,1300,N/A,DISABLED,42,914,1333,N/A,ENABLED,42,914,1333,N/A,ENABLED,42,914,1333,N/A,ENABLED,42,914,1333,N/A,ENABLED,36,711,1143,N/A,ENABLED,36,711,1143,N/A,ENABLED,36,711,1143,N/A,ENABLED,36,711,1143,N/A,ENABLED,N/A,59,52
1744926656,0,676,N/A,N/A,N/A,N/A,ENABLED,1902,500,2100,DISABLED,DISABLED,1903,500,2100,DISABLED,DISABLED,1902,500,2100,DISABLED,DISABLED,1899,500,2100,DISABLED,DISABLED,1899,500,2100,DISABLED,DISABLED,1896,500,2100,DISABLED,DISABLED,1899,500,2100,DISABLED,DISABLED,1893,500,2100,DISABLED,DISABLED,1300,900,1300,N/A,DISABLED,42,914,1333,N/A,ENABLED,42,914,1333,N/A,ENABLED,42,914,1333,N/A,ENABLED,42,914,1333,N/A,ENABLED,36,711,1143,N/A,ENABLED,36,711,1143,N/A,ENABLED,36,711,1143,N/A,ENABLED,36,711,1143,N/A,ENABLED,N/A,59,52
1744926657,0,687,N/A,N/A,N/A,N/A,ENABLED,1902,500,2100,DISABLED,DISABLED,1901,500,2100,DISABLED,DISABLED,1902,500,2100,DISABLED,DISABLED,1896,500,2100,DISABLED,DISABLED,1897,500,2100,DISABLED,DISABLED,1895,500,2100,DISABLED,DISABLED,1897,500,2100,DISABLED,DISABLED,1892,500,2100,DISABLED,DISABLED,1300,900,1300,N/A,DISABLED,42,914,1333,N/A,ENABLED,42,914,1333,N/A,ENABLED,42,914,1333,N/A,ENABLED,42,914,1333,N/A,ENABLED,36,711,1143,N/A,ENABLED,36,711,1143,N/A,ENABLED,36,711,1143,N/A,ENABLED,36,711,1143,N/A,ENABLED,N/A,59,53
1744926658,0,678,N/A,N/A,N/A,N/A,ENABLED,1923,500,2100,DISABLED,DISABLED,1923,500,2100,DISABLED,DISABLED,1924,500,2100,DISABLED,DISABLED,1919,500,2100,DISABLED,DISABLED,1918,500,2100,DISABLED,DISABLED,1917,500,2100,DISABLED,DISABLED,1920,500,2100,DISABLED,DISABLED,1914,500,2100,DISABLED,DISABLED,1300,900,1300,N/A,DISABLED,42,914,1333,N/A,ENABLED,42,914,1333,N/A,ENABLED,42,914,1333,N/A,ENABLED,42,914,1333,N/A,ENABLED,36,711,1143,N/A,ENABLED,36,711,1143,N/A,ENABLED,36,711,1143,N/A,ENABLED,36,711,1143,N/A,ENABLED,N/A,59,52
1744926659,0,671,N/A,N/A,N/A,N/A,ENABLED,1903,500,2100,DISABLED,DISABLED,1903,500,2100,DISABLED,DISABLED,1903,500,2100,DISABLED,DISABLED,1899,500,2100,DISABLED,DISABLED,1899,500,2100,DISABLED,DISABLED,1895,500,2100,DISABLED,DISABLED,1898,500,2100,DISABLED,DISABLED,1893,500,2100,DISABLED,DISABLED,1300,900,1300,N/A,DISABLED,42,914,1333,N/A,ENABLED,42,914,1333,N/A,ENABLED,42,914,1333,N/A,ENABLED,42,914,1333,N/A,ENABLED,36,711,1143,N/A,ENABLED,36,711,1143,N/A,ENABLED,36,711,1143,N/A,ENABLED,36,711,1143,N/A,ENABLED,N/A,58,52
1744926661,0,674,N/A,N/A,N/A,N/A,ENABLED,1908,500,2100,DISABLED,DISABLED,1908,500,2100,DISABLED,DISABLED,1907,500,2100,DISABLED,DISABLED,1902,500,2100,DISABLED,DISABLED,1902,500,2100,DISABLED,DISABLED,1899,500,2100,DISABLED,DISABLED,1903,500,2100,DISABLED,DISABLED,1898,500,2100,DISABLED,DISABLED,1300,900,1300,N/A,DISABLED,42,914,1333,N/A,ENABLED,42,914,1333,N/A,ENABLED,42,914,1333,N/A,ENABLED,42,914,1333,N/A,ENABLED,36,711,1143,N/A,ENABLED,36,711,1143,N/A,ENABLED,36,711,1143,N/A,ENABLED,36,711,1143,N/A,ENABLED,N/A,58,51
1744926662,0,677,N/A,N/A,N/A,N/A,ENABLED,1918,500,2100,DISABLED,DISABLED,1918,500,2100,DISABLED,DISABLED,1919,500,2100,DISABLED,DISABLED,1914,500,2100,DISABLED,DISABLED,1914,500,2100,DISABLED,DISABLED,1912,500,2100,DISABLED,DISABLED,1914,500,2100,DISABLED,DISABLED,1909,500,2100,DISABLED,DISABLED,1300,900,1300,N/A,DISABLED,42,914,1333,N/A,ENABLED,42,914,1333,N/A,ENABLED,42,914,1333,N/A,ENABLED,42,914,1333,N/A,ENABLED,36,711,1143,N/A,ENABLED,36,711,1143,N/A,ENABLED,36,711,1143,N/A,ENABLED,36,711,1143,N/A,ENABLED,N/A,58,52
1744926663,0,678,N/A,N/A,N/A,N/A,ENABLED,1909,500,2100,DISABLED,DISABLED,1909,500,2100,DISABLED,DISABLED,1909,500,2100,DISABLED,DISABLED,1905,500,2100,DISABLED,DISABLED,1905,500,2100,DISABLED,DISABLED,1902,500,2100,DISABLED,DISABLED,1905,500,2100,DISABLED,DISABLED,1900,500,2100,DISABLED,DISABLED,1300,900,1300,N/A,DISABLED,42,914,1333,N/A,ENABLED,42,914,1333,N/A,ENABLED,42,914,1333,N/A,ENABLED,42,914,1333,N/A,ENABLED,36,711,1143,N/A,ENABLED,36,711,1143,N/A,ENABLED,36,711,1143,N/A,ENABLED,36,711,1143,N/A,ENABLED,N/A,59,52
1744926664,0,668,N/A,N/A,N/A,N/A,ENABLED,1899,500,2100,DISABLED,DISABLED,1899,500,2100,DISABLED,DISABLED,1899,500,2100,DISABLED,DISABLED,1895,500,2100,DISABLED,DISABLED,1895,500,2100,DISABLED,DISABLED,1892,500,2100,DISABLED,DISABLED,1895,500,2100,DISABLED,DISABLED,1890,500,2100,DISABLED,DISABLED,1300,900,1300,N/A,DISABLED,42,914,1333,N/A,ENABLED,42,914,1333,N/A,ENABLED,42,914,1333,N/A,ENABLED,42,914,1333,N/A,ENABLED,36,711,1143,N/A,ENABLED,36,711,1143,N/A,ENABLED,36,711,1143,N/A,ENABLED,36,711,1143,N/A,ENABLED,N/A,58,52
1744926666,0,669,N/A,N/A,N/A,N/A,ENABLED,1920,500,2100,DISABLED,DISABLED,1920,500,2100,DISABLED,DISABLED,1920,500,2100,DISABLED,DISABLED,1917,500,2100,DISABLED,DISABLED,1916,500,2100,DISABLED,DISABLED,1913,500,2100,DISABLED,DISABLED,1917,500,2100,DISABLED,DISABLED,1911,500,2100,DISABLED,DISABLED,1300,900,1300,N/A,DISABLED,42,914,1333,N/A,ENABLED,42,914,1333,N/A,ENABLED,42,914,1333,N/A,ENABLED,42,914,1333,N/A,ENABLED,36,711,1143,N/A,ENABLED,36,711,1143,N/A,ENABLED,36,711,1143,N/A,ENABLED,36,711,1143,N/A,ENABLED,N/A,58,51
1744926667,0,682,N/A,N/A,N/A,N/A,ENABLED,1896,500,2100,DISABLED,DISABLED,1895,500,2100,DISABLED,DISABLED,1897,500,2100,DISABLED,DISABLED,1892,500,2100,DISABLED,DISABLED,1893,500,2100,DISABLED,DISABLED,1891,500,2100,DISABLED,DISABLED,1892,500,2100,DISABLED,DISABLED,1887,500,2100,DISABLED,DISABLED,1300,900,1300,N/A,DISABLED,42,914,1333,N/A,ENABLED,42,914,1333,N/A,ENABLED,42,914,1333,N/A,ENABLED,42,914,1333,N/A,ENABLED,36,711,1143,N/A,ENABLED,36,711,1143,N/A,ENABLED,36,711,1143,N/A,ENABLED,36,711,1143,N/A,ENABLED,N/A,58,52
1744926668,0,669,N/A,N/A,N/A,N/A,ENABLED,1923,500,2100,DISABLED,DISABLED,1924,500,2100,DISABLED,DISABLED,1921,500,2100,DISABLED,DISABLED,1918,500,2100,DISABLED,DISABLED,1919,500,2100,DISABLED,DISABLED,1916,500,2100,DISABLED,DISABLED,1919,500,2100,DISABLED,DISABLED,1913,500,2100,DISABLED,DISABLED,1300,900,1300,N/A,DISABLED,42,914,1333,N/A,ENABLED,42,914,1333,N/A,ENABLED,42,914,1333,N/A,ENABLED,42,914,1333,N/A,ENABLED,36,711,1143,N/A,ENABLED,36,711,1143,N/A,ENABLED,36,711,1143,N/A,ENABLED,36,711,1143,N/A,ENABLED,N/A,58,51
1744926670,0,673,N/A,N/A,N/A,N/A,ENABLED,1919,500,2100,DISABLED,DISABLED,1910,500,2100,DISABLED,DISABLED,1910,500,2100,DISABLED,DISABLED,1906,500,2100,DISABLED,DISABLED,1906,500,2100,DISABLED,DISABLED,1908,500,2100,DISABLED,DISABLED,1907,500,2100,DISABLED,DISABLED,1901,500,2100,DISABLED,DISABLED,1300,900,1300,N/A,DISABLED,42,914,1333,N/A,ENABLED,42,914,1333,N/A,ENABLED,42,914,1333,N/A,ENABLED,42,914,1333,N/A,ENABLED,36,711,1143,N/A,ENABLED,36,711,1143,N/A,ENABLED,36,711,1143,N/A,ENABLED,36,711,1143,N/A,ENABLED,N/A,58,51
1744926671,0,673,N/A,N/A,N/A,N/A,ENABLED,1907,500,2100,DISABLED,DISABLED,1905,500,2100,DISABLED,DISABLED,1907,500,2100,DISABLED,DISABLED,1901,500,2100,DISABLED,DISABLED,1901,500,2100,DISABLED,DISABLED,1900,500,2100,DISABLED,DISABLED,1901,500,2100,DISABLED,DISABLED,1896,500,2100,DISABLED,DISABLED,1300,900,1300,N/A,DISABLED,42,914,1333,N/A,ENABLED,42,914,1333,N/A,ENABLED,42,914,1333,N/A,ENABLED,42,914,1333,N/A,ENABLED,36,711,1143,N/A,ENABLED,36,711,1143,N/A,ENABLED,36,711,1143,N/A,ENABLED,36,711,1143,N/A,ENABLED,N/A,58,51
1744926672,0,674,N/A,N/A,N/A,N/A,ENABLED,1891,500,2100,DISABLED,DISABLED,1890,500,2100,DISABLED,DISABLED,1891,500,2100,DISABLED,DISABLED,1886,500,2100,DISABLED,DISABLED,1884,500,2100,DISABLED,DISABLED,1885,500,2100,DISABLED,DISABLED,1885,500,2100,DISABLED,DISABLED,1880,500,2100,DISABLED,DISABLED,1300,900,1300,N/A,DISABLED,42,914,1333,N/A,ENABLED,42,914,1333,N/A,ENABLED,42,914,1333,N/A,ENABLED,42,914,1333,N/A,ENABLED,36,711,1143,N/A,ENABLED,36,711,1143,N/A,ENABLED,36,711,1143,N/A,ENABLED,36,711,1143,N/A,ENABLED,N/A,58,52
1744926673,0,672,N/A,N/A,N/A,N/A,ENABLED,1902,500,2100,DISABLED,DISABLED,1902,500,2100,DISABLED,DISABLED,1901,500,2100,DISABLED,DISABLED,1897,500,2100,DISABLED,DISABLED,1897,500,2100,DISABLED,DISABLED,1893,500,2100,DISABLED,DISABLED,1898,500,2100,DISABLED,DISABLED,1893,500,2100,DISABLED,DISABLED,1300,900,1300,N/A,DISABLED,42,914,1333,N/A,ENABLED,42,914,1333,N/A,ENABLED,42,914,1333,N/A,ENABLED,42,914,1333,N/A,ENABLED,36,711,1143,N/A,ENABLED,36,711,1143,N/A,ENABLED,36,711,1143,N/A,ENABLED,36,711,1143,N/A,ENABLED,N/A,58,52
1744926675,0,678,N/A,N/A,N/A,N/A,ENABLED,1901,500,2100,DISABLED,DISABLED,1900,500,2100,DISABLED,DISABLED,1902,500,2100,DISABLED,DISABLED,1896,500,2100,DISABLED,DISABLED,1895,500,2100,DISABLED,DISABLED,1894,500,2100,DISABLED,DISABLED,1895,500,2100,DISABLED,DISABLED,1890,500,2100,DISABLED,DISABLED,1300,900,1300,N/A,DISABLED,42,914,1333,N/A,ENABLED,42,914,1333,N/A,ENABLED,42,914,1333,N/A,ENABLED,42,914,1333,N/A,ENABLED,36,711,1143,N/A,ENABLED,36,711,1143,N/A,ENABLED,36,711,1143,N/A,ENABLED,36,711,1143,N/A,ENABLED,N/A,58,51
1744926676,0,682,N/A,N/A,N/A,N/A,ENABLED,1901,500,2100,DISABLED,DISABLED,1903,500,2100,DISABLED,DISABLED,1902,500,2100,DISABLED,DISABLED,1898,500,2100,DISABLED,DISABLED,1898,500,2100,DISABLED,DISABLED,1895,500,2100,DISABLED,DISABLED,1899,500,2100,DISABLED,DISABLED,1895,500,2100,DISABLED,DISABLED,1300,900,1300,N/A,DISABLED,42,914,1333,N/A,ENABLED,42,914,1333,N/A,ENABLED,42,914,1333,N/A,ENABLED,42,914,1333,N/A,ENABLED,36,711,1143,N/A,ENABLED,36,711,1143,N/A,ENABLED,36,711,1143,N/A,ENABLED,36,711,1143,N/A,ENABLED,N/A,58,52
1744926677,0,677,N/A,N/A,N/A,N/A,ENABLED,1886,500,2100,DISABLED,DISABLED,1886,500,2100,DISABLED,DISABLED,1888,500,2100,DISABLED,DISABLED,1884,500,2100,DISABLED,DISABLED,1883,500,2100,DISABLED,DISABLED,1880,500,2100,DISABLED,DISABLED,1882,500,2100,DISABLED,DISABLED,1878,500,2100,DISABLED,DISABLED,1300,900,1300,N/A,DISABLED,42,914,1333,N/A,ENABLED,42,914,1333,N/A,ENABLED,42,914,1333,N/A,ENABLED,42,914,1333,N/A,ENABLED,36,711,1143,N/A,ENABLED,36,711,1143,N/A,ENABLED,36,711,1143,N/A,ENABLED,36,711,1143,N/A,ENABLED,N/A,58,52
1744926678,0,682,N/A,N/A,N/A,N/A,ENABLED,1878,500,2100,DISABLED,DISABLED,1877,500,2100,DISABLED,DISABLED,1879,500,2100,DISABLED,DISABLED,1875,500,2100,DISABLED,DISABLED,1873,500,2100,DISABLED,DISABLED,1872,500,2100,DISABLED,DISABLED,1874,500,2100,DISABLED,DISABLED,1869,500,2100,DISABLED,DISABLED,1300,900,1300,N/A,DISABLED,42,914,1333,N/A,ENABLED,42,914,1333,N/A,ENABLED,42,914,1333,N/A,ENABLED,42,914,1333,N/A,ENABLED,36,711,1143,N/A,ENABLED,36,711,1143,N/A,ENABLED,36,711,1143,N/A,ENABLED,36,711,1143,N/A,ENABLED,N/A,58,53
1744926680,0,674,N/A,N/A,N/A,N/A,ENABLED,1893,500,2100,DISABLED,DISABLED,1893,500,2100,DISABLED,DISABLED,1892,500,2100,DISABLED,DISABLED,1889,500,2100,DISABLED,DISABLED,1886,500,2100,DISABLED,DISABLED,1885,500,2100,DISABLED,DISABLED,1886,500,2100,DISABLED,DISABLED,1882,500,2100,DISABLED,DISABLED,1300,900,1300,N/A,DISABLED,42,914,1333,N/A,ENABLED,42,914,1333,N/A,ENABLED,42,914,1333,N/A,ENABLED,42,914,1333,N/A,ENABLED,36,711,1143,N/A,ENABLED,36,711,1143,N/A,ENABLED,36,711,1143,N/A,ENABLED,36,711,1143,N/A,ENABLED,N/A,58,52
1744926681,0,665,N/A,N/A,N/A,N/A,ENABLED,1892,500,2100,DISABLED,DISABLED,1893,500,2100,DISABLED,DISABLED,1893,500,2100,DISABLED,DISABLED,1888,500,2100,DISABLED,DISABLED,1888,500,2100,DISABLED,DISABLED,1885,500,2100,DISABLED,DISABLED,1888,500,2100,DISABLED,DISABLED,1884,500,2100,DISABLED,DISABLED,1300,900,1300,N/A,DISABLED,42,914,1333,N/A,ENABLED,42,914,1333,N/A,ENABLED,42,914,1333,N/A,ENABLED,42,914,1333,N/A,ENABLED,36,711,1143,N/A,ENABLED,36,711,1143,N/A,ENABLED,36,711,1143,N/A,ENABLED,36,711,1143,N/A,ENABLED,N/A,58,52
1744926682,0,679,N/A,N/A,N/A,N/A,ENABLED,1919,500,2100,DISABLED,DISABLED,1919,500,2100,DISABLED,DISABLED,1919,500,2100,DISABLED,DISABLED,1914,500,2100,DISABLED,DISABLED,1913,500,2100,DISABLED,DISABLED,1912,500,2100,DISABLED,DISABLED,1914,500,2100,DISABLED,DISABLED,1909,500,2100,DISABLED,DISABLED,1300,900,1300,N/A,DISABLED,42,914,1333,N/A,ENABLED,42,914,1333,N/A,ENABLED,42,914,1333,N/A,ENABLED,42,914,1333,N/A,ENABLED,36,711,1143,N/A,ENABLED,36,711,1143,N/A,ENABLED,36,711,1143,N/A,ENABLED,36,711,1143,N/A,ENABLED,N/A,58,51
1744926683,0,676,N/A,N/A,N/A,N/A,ENABLED,1920,500,2100,DISABLED,DISABLED,1920,500,2100,DISABLED,DISABLED,1920,500,2100,DISABLED,DISABLED,1914,500,2100,DISABLED,DISABLED,1915,500,2100,DISABLED,DISABLED,1913,500,2100,DISABLED,DISABLED,1914,500,2100,DISABLED,DISABLED,1910,500,2100,DISABLED,DISABLED,1300,900,1300,N/A,DISABLED,42,914,1333,N/A,ENABLED,42,914,1333,N/A,ENABLED,42,914,1333,N/A,ENABLED,42,914,1333,N/A,ENABLED,36,711,1143,N/A,ENABLED,36,711,1143,N/A,ENABLED,36,711,1143,N/A,ENABLED,36,711,1143,N/A,ENABLED,N/A,58,51
1744926685,0,681,N/A,N/A,N/A,N/A,ENABLED,1899,500,2100,DISABLED,DISABLED,1900,500,2100,DISABLED,DISABLED,1900,500,2100,DISABLED,DISABLED,1896,500,2100,DISABLED,DISABLED,1896,500,2100,DISABLED,DISABLED,1894,500,2100,DISABLED,DISABLED,1897,500,2100,DISABLED,DISABLED,1891,500,2100,DISABLED,DISABLED,1300,900,1300,N/A,DISABLED,42,914,1333,N/A,ENABLED,42,914,1333,N/A,ENABLED,42,914,1333,N/A,ENABLED,42,914,1333,N/A,ENABLED,36,711,1143,N/A,ENABLED,36,711,1143,N/A,ENABLED,36,711,1143,N/A,ENABLED,36,711,1143,N/A,ENABLED,N/A,58,51
1744926686,0,679,N/A,N/A,N/A,N/A,ENABLED,1914,500,2100,DISABLED,DISABLED,1915,500,2100,DISABLED,DISABLED,1914,500,2100,DISABLED,DISABLED,1909,500,2100,DISABLED,DISABLED,1909,500,2100,DISABLED,DISABLED,1908,500,2100,DISABLED,DISABLED,1910,500,2100,DISABLED,DISABLED,1905,500,2100,DISABLED,DISABLED,1300,900,1300,N/A,DISABLED,42,914,1333,N/A,ENABLED,42,914,1333,N/A,ENABLED,42,914,1333,N/A,ENABLED,42,914,1333,N/A,ENABLED,36,711,1143,N/A,ENABLED,36,711,1143,N/A,ENABLED,36,711,1143,N/A,ENABLED,36,711,1143,N/A,ENABLED,N/A,58,52
1744926687,0,672,N/A,N/A,N/A,N/A,ENABLED,1907,500,2100,DISABLED,DISABLED,1908,500,2100,DISABLED,DISABLED,1907,500,2100,DISABLED,DISABLED,1902,500,2100,DISABLED,DISABLED,1902,500,2100,DISABLED,DISABLED,1901,500,2100,DISABLED,DISABLED,1902,500,2100,DISABLED,DISABLED,1898,500,2100,DISABLED,DISABLED,1300,900,1300,N/A,DISABLED,42,914,1333,N/A,ENABLED,42,914,1333,N/A,ENABLED,42,914,1333,N/A,ENABLED,42,914,1333,N/A,ENABLED,36,711,1143,N/A,ENABLED,36,711,1143,N/A,ENABLED,36,711,1143,N/A,ENABLED,36,711,1143,N/A,ENABLED,N/A,58,52
1744926688,0,683,N/A,N/A,N/A,N/A,ENABLED,1894,500,2100,DISABLED,DISABLED,1893,500,2100,DISABLED,DISABLED,1894,500,2100,DISABLED,DISABLED,1888,500,2100,DISABLED,DISABLED,1889,500,2100,DISABLED,DISABLED,1887,500,2100,DISABLED,DISABLED,1889,500,2100,DISABLED,DISABLED,1884,500,2100,DISABLED,DISABLED,1300,900,1300,N/A,DISABLED,42,914,1333,N/A,ENABLED,42,914,1333,N/A,ENABLED,42,914,1333,N/A,ENABLED,42,914,1333,N/A,ENABLED,36,711,1143,N/A,ENABLED,36,711,1143,N/A,ENABLED,36,711,1143,N/A,ENABLED,36,711,1143,N/A,ENABLED,N/A,58,52
1744926690,0,671,N/A,N/A,N/A,N/A,ENABLED,1894,500,2100,DISABLED,DISABLED,1894,500,2100,DISABLED,DISABLED,1894,500,2100,DISABLED,DISABLED,1888,500,2100,DISABLED,DISABLED,1889,500,2100,DISABLED,DISABLED,1887,500,2100,DISABLED,DISABLED,1889,500,2100,DISABLED,DISABLED,1884,500,2100,DISABLED,DISABLED,1300,900,1300,N/A,DISABLED,42,914,1333,N/A,ENABLED,42,914,1333,N/A,ENABLED,42,914,1333,N/A,ENABLED,42,914,1333,N/A,ENABLED,36,711,1143,N/A,ENABLED,36,711,1143,N/A,ENABLED,36,711,1143,N/A,ENABLED,36,711,1143,N/A,ENABLED,N/A,58,52
1744926691,0,670,N/A,N/A,N/A,N/A,ENABLED,1913,500,2100,DISABLED,DISABLED,1913,500,2100,DISABLED,DISABLED,1914,500,2100,DISABLED,DISABLED,1909,500,2100,DISABLED,DISABLED,1908,500,2100,DISABLED,DISABLED,1907,500,2100,DISABLED,DISABLED,1908,500,2100,DISABLED,DISABLED,1904,500,2100,DISABLED,DISABLED,1300,900,1300,N/A,DISABLED,42,914,1333,N/A,ENABLED,42,914,1333,N/A,ENABLED,42,914,1333,N/A,ENABLED,42,914,1333,N/A,ENABLED,36,711,1143,N/A,ENABLED,36,711,1143,N/A,ENABLED,36,711,1143,N/A,ENABLED,36,711,1143,N/A,ENABLED,N/A,58,51
1744926692,0,672,N/A,N/A,N/A,N/A,ENABLED,1914,500,2100,DISABLED,DISABLED,1915,500,2100,DISABLED,DISABLED,1914,500,2100,DISABLED,DISABLED,1910,500,2100,DISABLED,DISABLED,1909,500,2100,DISABLED,DISABLED,1908,500,2100,DISABLED,DISABLED,1909,500,2100,DISABLED,DISABLED,1906,500,2100,DISABLED,DISABLED,1300,900,1300,N/A,DISABLED,42,914,1333,N/A,ENABLED,42,914,1333,N/A,ENABLED,42,914,1333,N/A,ENABLED,42,914,1333,N/A,ENABLED,36,711,1143,N/A,ENABLED,36,711,1143,N/A,ENABLED,36,711,1143,N/A,ENABLED,36,711,1143,N/A,ENABLED,N/A,58,51
1744926693,0,677,N/A,N/A,N/A,N/A,ENABLED,1883,500,2100,DISABLED,DISABLED,1884,500,2100,DISABLED,DISABLED,1883,500,2100,DISABLED,DISABLED,1878,500,2100,DISABLED,DISABLED,1879,500,2100,DISABLED,DISABLED,1876,500,2100,DISABLED,DISABLED,1878,500,2100,DISABLED,DISABLED,1874,500,2100,DISABLED,DISABLED,1300,900,1300,N/A,DISABLED,42,914,1333,N/A,ENABLED,42,914,1333,N/A,ENABLED,42,914,1333,N/A,ENABLED,42,914,1333,N/A,ENABLED,36,711,1143,N/A,ENABLED,36,711,1143,N/A,ENABLED,36,711,1143,N/A,ENABLED,36,711,1143,N/A,ENABLED,N/A,58,52
1744926695,0,673,N/A,N/A,N/A,N/A,ENABLED,1905,500,2100,DISABLED,DISABLED,1904,500,2100,DISABLED,DISABLED,1904,500,2100,DISABLED,DISABLED,1900,500,2100,DISABLED,DISABLED,1900,500,2100,DISABLED,DISABLED,1898,500,2100,DISABLED,DISABLED,1900,500,2100,DISABLED,DISABLED,1895,500,2100,DISABLED,DISABLED,1300,900,1300,N/A,DISABLED,42,914,1333,N/A,ENABLED,42,914,1333,N/A,ENABLED,42,914,1333,N/A,ENABLED,42,914,1333,N/A,ENABLED,36,711,1143,N/A,ENABLED,36,711,1143,N/A,ENABLED,36,711,1143,N/A,ENABLED,36,711,1143,N/A,ENABLED,N/A,58,52
1744926696,0,673,N/A,N/A,N/A,N/A,ENABLED,1913,500,2100,DISABLED,DISABLED,1914,500,2100,DISABLED,DISABLED,1913,500,2100,DISABLED,DISABLED,1909,500,2100,DISABLED,DISABLED,1910,500,2100,DISABLED,DISABLED,1907,500,2100,DISABLED,DISABLED,1910,500,2100,DISABLED,DISABLED,1905,500,2100,DISABLED,DISABLED,1300,900,1300,N/A,DISABLED,42,914,1333,N/A,ENABLED,42,914,1333,N/A,ENABLED,42,914,1333,N/A,ENABLED,42,914,1333,N/A,ENABLED,36,711,1143,N/A,ENABLED,36,711,1143,N/A,ENABLED,36,711,1143,N/A,ENABLED,36,711,1143,N/A,ENABLED,N/A,58,52
1744926697,0,675,N/A,N/A,N/A,N/A,ENABLED,1892,500,2100,DISABLED,DISABLED,1893,500,2100,DISABLED,DISABLED,1892,500,2100,DISABLED,DISABLED,1888,500,2100,DISABLED,DISABLED,1889,500,2100,DISABLED,DISABLED,1886,500,2100,DISABLED,DISABLED,1888,500,2100,DISABLED,DISABLED,1883,500,2100,DISABLED,DISABLED,1300,900,1300,N/A,DISABLED,42,914,1333,N/A,ENABLED,42,914,1333,N/A,ENABLED,42,914,1333,N/A,ENABLED,42,914,1333,N/A,ENABLED,36,711,1143,N/A,ENABLED,36,711,1143,N/A,ENABLED,36,711,1143,N/A,ENABLED,36,711,1143,N/A,ENABLED,N/A,58,52
1744926698,0,681,N/A,N/A,N/A,N/A,ENABLED,1903,500,2100,DISABLED,DISABLED,1904,500,2100,DISABLED,DISABLED,1903,500,2100,DISABLED,DISABLED,1898,500,2100,DISABLED,DISABLED,1898,500,2100,DISABLED,DISABLED,1897,500,2100,DISABLED,DISABLED,1898,500,2100,DISABLED,DISABLED,1893,500,2100,DISABLED,DISABLED,1300,900,1300,N/A,DISABLED,42,914,1333,N/A,ENABLED,42,914,1333,N/A,ENABLED,42,914,1333,N/A,ENABLED,42,914,1333,N/A,ENABLED,36,711,1143,N/A,ENABLED,36,711,1143,N/A,ENABLED,36,711,1143,N/A,ENABLED,36,711,1143,N/A,ENABLED,N/A,58,52
1744926700,0,682,N/A,N/A,N/A,N/A,ENABLED,1913,500,2100,DISABLED,DISABLED,1913,500,2100,DISABLED,DISABLED,1914,500,2100,DISABLED,DISABLED,1907,500,2100,DISABLED,DISABLED,1908,500,2100,DISABLED,DISABLED,1907,500,2100,DISABLED,DISABLED,1908,500,2100,DISABLED,DISABLED,1903,500,2100,DISABLED,DISABLED,1300,900,1300,N/A,DISABLED,42,914,1333,N/A,ENABLED,42,914,1333,N/A,ENABLED,42,914,1333,N/A,ENABLED,42,914,1333,N/A,ENABLED,36,711,1143,N/A,ENABLED,36,711,1143,N/A,ENABLED,36,711,1143,N/A,ENABLED,36,711,1143,N/A,ENABLED,N/A,58,52
1744926701,0,674,N/A,N/A,N/A,N/A,ENABLED,1907,500,2100,DISABLED,DISABLED,1907,500,2100,DISABLED,DISABLED,1908,500,2100,DISABLED,DISABLED,1902,500,2100,DISABLED,DISABLED,1903,500,2100,DISABLED,DISABLED,1902,500,2100,DISABLED,DISABLED,1902,500,2100,DISABLED,DISABLED,1898,500,2100,DISABLED,DISABLED,1300,900,1300,N/A,DISABLED,42,914,1333,N/A,ENABLED,42,914,1333,N/A,ENABLED,42,914,1333,N/A,ENABLED,42,914,1333,N/A,ENABLED,36,711,1143,N/A,ENABLED,36,711,1143,N/A,ENABLED,36,711,1143,N/A,ENABLED,36,711,1143,N/A,ENABLED,N/A,58,52
1744926702,0,679,N/A,N/A,N/A,N/A,ENABLED,1900,500,2100,DISABLED,DISABLED,1901,500,2100,DISABLED,DISABLED,1900,500,2100,DISABLED,DISABLED,1894,500,2100,DISABLED,DISABLED,1894,500,2100,DISABLED,DISABLED,1891,500,2100,DISABLED,DISABLED,1893,500,2100,DISABLED,DISABLED,1889,500,2100,DISABLED,DISABLED,1300,900,1300,N/A,DISABLED,42,914,1333,N/A,ENABLED,42,914,1333,N/A,ENABLED,42,914,1333,N/A,ENABLED,42,914,1333,N/A,ENABLED,36,711,1143,N/A,ENABLED,36,711,1143,N/A,ENABLED,36,711,1143,N/A,ENABLED,36,711,1143,N/A,ENABLED,N/A,59,52
1744926703,0,685,N/A,N/A,N/A,N/A,ENABLED,1907,500,2100,DISABLED,DISABLED,1908,500,2100,DISABLED,DISABLED,1909,500,2100,DISABLED,DISABLED,1904,500,2100,DISABLED,DISABLED,1904,500,2100,DISABLED,DISABLED,1900,500,2100,DISABLED,DISABLED,1903,500,2100,DISABLED,DISABLED,1899,500,2100,DISABLED,DISABLED,1300,900,1300,N/A,DISABLED,42,914,1333,N/A,ENABLED,42,914,1333,N/A,ENABLED,42,914,1333,N/A,ENABLED,42,914,1333,N/A,ENABLED,36,711,1143,N/A,ENABLED,36,711,1143,N/A,ENABLED,36,711,1143,N/A,ENABLED,36,711,1143,N/A,ENABLED,N/A,59,52
1744926705,0,676,N/A,N/A,N/A,N/A,ENABLED,1921,500,2100,DISABLED,DISABLED,1922,500,2100,DISABLED,DISABLED,1921,500,2100,DISABLED,DISABLED,1917,500,2100,DISABLED,DISABLED,1918,500,2100,DISABLED,DISABLED,1914,500,2100,DISABLED,DISABLED,1918,500,2100,DISABLED,DISABLED,1913,500,2100,DISABLED,DISABLED,1300,900,1300,N/A,DISABLED,42,914,1333,N/A,ENABLED,42,914,1333,N/A,ENABLED,42,914,1333,N/A,ENABLED,42,914,1333,N/A,ENABLED,36,711,1143,N/A,ENABLED,36,711,1143,N/A,ENABLED,36,711,1143,N/A,ENABLED,36,711,1143,N/A,ENABLED,N/A,59,52
1744926706,0,680,N/A,N/A,N/A,N/A,ENABLED,1904,500,2100,DISABLED,DISABLED,1904,500,2100,DISABLED,DISABLED,1905,500,2100,DISABLED,DISABLED,1900,500,2100,DISABLED,DISABLED,1900,500,2100,DISABLED,DISABLED,1897,500,2100,DISABLED,DISABLED,1900,500,2100,DISABLED,DISABLED,1895,500,2100,DISABLED,DISABLED,1300,900,1300,N/A,DISABLED,42,914,1333,N/A,ENABLED,42,914,1333,N/A,ENABLED,42,914,1333,N/A,ENABLED,42,914,1333,N/A,ENABLED,36,711,1143,N/A,ENABLED,36,711,1143,N/A,ENABLED,36,711,1143,N/A,ENABLED,36,711,1143,N/A,ENABLED,N/A,59,52
1744926707,0,677,N/A,N/A,N/A,N/A,ENABLED,1895,500,2100,DISABLED,DISABLED,1894,500,2100,DISABLED,DISABLED,1896,500,2100,DISABLED,DISABLED,1890,500,2100,DISABLED,DISABLED,1888,500,2100,DISABLED,DISABLED,1888,500,2100,DISABLED,DISABLED,1890,500,2100,DISABLED,DISABLED,1885,500,2100,DISABLED,DISABLED,1300,900,1300,N/A,DISABLED,42,914,1333,N/A,ENABLED,42,914,1333,N/A,ENABLED,42,914,1333,N/A,ENABLED,42,914,1333,N/A,ENABLED,36,711,1143,N/A,ENABLED,36,711,1143,N/A,ENABLED,36,711,1143,N/A,ENABLED,36,711,1143,N/A,ENABLED,N/A,59,52
1744926708,0,670,N/A,N/A,N/A,N/A,ENABLED,1899,500,2100,DISABLED,DISABLED,1898,500,2100,DISABLED,DISABLED,1900,500,2100,DISABLED,DISABLED,1894,500,2100,DISABLED,DISABLED,1893,500,2100,DISABLED,DISABLED,1892,500,2100,DISABLED,DISABLED,1893,500,2100,DISABLED,DISABLED,1888,500,2100,DISABLED,DISABLED,1300,900,1300,N/A,DISABLED,42,914,1333,N/A,ENABLED,42,914,1333,N/A,ENABLED,42,914,1333,N/A,ENABLED,42,914,1333,N/A,ENABLED,36,711,1143,N/A,ENABLED,36,711,1143,N/A,ENABLED,36,711,1143,N/A,ENABLED,36,711,1143,N/A,ENABLED,N/A,59,52
1744926710,0,206,N/A,N/A,N/A,N/A,ENABLED,228,234,2100,DISABLED,DISABLED,229,234,2100,DISABLED,DISABLED,227,234,2100,DISABLED,DISABLED,228,234,2100,DISABLED,DISABLED,228,234,2100,DISABLED,DISABLED,227,234,2100,DISABLED,DISABLED,227,234,2100,DISABLED,DISABLED,227,234,2100,DISABLED,DISABLED,1300,900,1300,N/A,DISABLED,42,914,1333,N/A,ENABLED,42,914,1333,N/A,ENABLED,42,914,1333,N/A,ENABLED,42,914,1333,N/A,ENABLED,36,711,1143,N/A,ENABLED,36,711,1143,N/A,ENABLED,36,711,1143,N/A,ENABLED,36,711,1143,N/A,ENABLED,N/A,57,41
1744926711,0,141,N/A,N/A,N/A,N/A,ENABLED,132,500,2100,DISABLED,ENABLED,132,500,2100,DISABLED,ENABLED,131,500,2100,DISABLED,ENABLED,132,500,2100,DISABLED,ENABLED,131,500,2100,DISABLED,ENABLED,132,500,2100,DISABLED,ENABLED,131,500,2100,DISABLED,ENABLED,132,500,2100,DISABLED,ENABLED,900,900,1300,N/A,DISABLED,29,914,1333,N/A,ENABLED,29,914,1333,N/A,ENABLED,29,914,1333,N/A,ENABLED,29,914,1333,N/A,ENABLED,22,711,1143,N/A,ENABLED,22,711,1143,N/A,ENABLED,22,711,1143,N/A,ENABLED,22,711,1143,N/A,ENABLED,N/A,48,37
1744926712,0,140,N/A,N/A,N/A,N/A,ENABLED,132,500,2100,DISABLED,ENABLED,132,500,2100,DISABLED,ENABLED,131,500,2100,DISABLED,ENABLED,132,500,2100,DISABLED,ENABLED,131,500,2100,DISABLED,ENABLED,132,500,2100,DISABLED,ENABLED,131,500,2100,DISABLED,ENABLED,132,500,2100,DISABLED,ENABLED,900,900,1300,N/A,DISABLED,29,914,1333,N/A,ENABLED,29,914,1333,N/A,ENABLED,29,914,1333,N/A,ENABLED,29,914,1333,N/A,ENABLED,22,711,1143,N/A,ENABLED,22,711,1143,N/A,ENABLED,22,711,1143,N/A,ENABLED,22,711,1143,N/A,ENABLED,N/A,45,37
1744926713,0,140,N/A,N/A,N/A,N/A,ENABLED,136,142,2100,DISABLED,ENABLED,132,142,2100,DISABLED,ENABLED,131,142,2100,DISABLED,ENABLED,132,142,2100,DISABLED,ENABLED,131,142,2100,DISABLED,ENABLED,132,142,2100,DISABLED,ENABLED,131,142,2100,DISABLED,ENABLED,132,142,2100,DISABLED,ENABLED,900,900,1300,N/A,DISABLED,29,914,1333,N/A,ENABLED,29,914,1333,N/A,ENABLED,29,914,1333,N/A,ENABLED,29,914,1333,N/A,ENABLED,22,711,1143,N/A,ENABLED,22,711,1143,N/A,ENABLED,22,711,1143,N/A,ENABLED,22,711,1143,N/A,ENABLED,N/A,44,35
1744926715,0,139,N/A,N/A,N/A,N/A,ENABLED,133,500,2100,DISABLED,ENABLED,132,500,2100,DISABLED,ENABLED,131,500,2100,DISABLED,ENABLED,132,500,2100,DISABLED,ENABLED,131,500,2100,DISABLED,ENABLED,132,500,2100,DISABLED,ENABLED,131,500,2100,DISABLED,ENABLED,132,500,2100,DISABLED,ENABLED,900,900,1300,N/A,DISABLED,29,914,1333,N/A,ENABLED,29,914,1333,N/A,ENABLED,29,914,1333,N/A,ENABLED,29,914,1333,N/A,ENABLED,22,711,1143,N/A,ENABLED,22,711,1143,N/A,ENABLED,22,711,1143,N/A,ENABLED,22,711,1143,N/A,ENABLED,N/A,43,35
1744926716,0,139,N/A,N/A,N/A,N/A,ENABLED,132,500,2100,DISABLED,ENABLED,132,500,2100,DISABLED,ENABLED,131,500,2100,DISABLED,ENABLED,132,500,2100,DISABLED,ENABLED,131,500,2100,DISABLED,ENABLED,132,500,2100,DISABLED,ENABLED,131,500,2100,DISABLED,ENABLED,132,500,2100,DISABLED,ENABLED,900,900,1300,N/A,DISABLED,29,914,1333,N/A,ENABLED,29,914,1333,N/A,ENABLED,29,914,1333,N/A,ENABLED,29,914,1333,N/A,ENABLED,22,711,1143,N/A,ENABLED,22,711,1143,N/A,ENABLED,22,711,1143,N/A,ENABLED,22,711,1143,N/A,ENABLED,N/A,43,34
1744926717,0,139,N/A,N/A,N/A,N/A,ENABLED,132,500,2100,DISABLED,ENABLED,132,500,2100,DISABLED,ENABLED,131,500,2100,DISABLED,ENABLED,132,500,2100,DISABLED,ENABLED,131,500,2100,DISABLED,ENABLED,132,500,2100,DISABLED,ENABLED,131,500,2100,DISABLED,ENABLED,132,500,2100,DISABLED,ENABLED,900,900,1300,N/A,DISABLED,29,914,1333,N/A,ENABLED,29,914,1333,N/A,ENABLED,29,914,1333,N/A,ENABLED,29,914,1333,N/A,ENABLED,22,711,1143,N/A,ENABLED,22,711,1143,N/A,ENABLED,22,711,1143,N/A,ENABLED,22,711,1143,N/A,ENABLED,N/A,42,34
1744926718,0,138,N/A,N/A,N/A,N/A,ENABLED,132,500,2100,DISABLED,ENABLED,132,500,2100,DISABLED,ENABLED,131,500,2100,DISABLED,ENABLED,132,500,2100,DISABLED,ENABLED,131,500,2100,DISABLED,ENABLED,132,500,2100,DISABLED,ENABLED,131,500,2100,DISABLED,ENABLED,132,500,2100,DISABLED,ENABLED,900,900,1300,N/A,DISABLED,29,914,1333,N/A,ENABLED,29,914,1333,N/A,ENABLED,29,914,1333,N/A,ENABLED,29,914,1333,N/A,ENABLED,22,711,1143,N/A,ENABLED,22,711,1143,N/A,ENABLED,22,711,1143,N/A,ENABLED,22,711,1143,N/A,ENABLED,N/A,42,34
