Timestamp,gpu,socket_power,gfx_voltage,soc_voltage,mem_voltage,throttle_status,power_management,gfx_0_clk,gfx_0_min_clk,gfx_0_max_clk,gfx_0_clk_locked,gfx_0_deep_sleep,gfx_1_clk,gfx_1_min_clk,gfx_1_max_clk,gfx_1_clk_locked,gfx_1_deep_sleep,gfx_2_clk,gfx_2_min_clk,gfx_2_max_clk,gfx_2_clk_locked,gfx_2_deep_sleep,gfx_3_clk,gfx_3_min_clk,gfx_3_max_clk,gfx_3_clk_locked,gfx_3_deep_sleep,gfx_4_clk,gfx_4_min_clk,gfx_4_max_clk,gfx_4_clk_locked,gfx_4_deep_sleep,gfx_5_clk,gfx_5_min_clk,gfx_5_max_clk,gfx_5_clk_locked,gfx_5_deep_sleep,gfx_6_clk,gfx_6_min_clk,gfx_6_max_clk,gfx_6_clk_locked,gfx_6_deep_sleep,gfx_7_clk,gfx_7_min_clk,gfx_7_max_clk,gfx_7_clk_locked,gfx_7_deep_sleep,mem_0_clk,mem_0_min_clk,mem_0_max_clk,mem_0_clk_locked,mem_0_deep_sleep,vclk_0_clk,vclk_0_min_clk,vclk_0_max_clk,vclk_0_clk_locked,vclk_0_deep_sleep,vclk_1_clk,vclk_1_min_clk,vclk_1_max_clk,vclk_1_clk_locked,vclk_1_deep_sleep,vclk_2_clk,vclk_2_min_clk,vclk_2_max_clk,vclk_2_clk_locked,vclk_2_deep_sleep,vclk_3_clk,vclk_3_min_clk,vclk_3_max_clk,vclk_3_clk_locked,vclk_3_deep_sleep,dclk_0_clk,dclk_0_min_clk,dclk_0_max_clk,dclk_0_clk_locked,dclk_0_deep_sleep,dclk_1_clk,dclk_1_min_clk,dclk_1_max_clk,dclk_1_clk_locked,dclk_1_deep_sleep,dclk_2_clk,dclk_2_min_clk,dclk_2_max_clk,dclk_2_clk_locked,dclk_2_deep_sleep,dclk_3_clk,dclk_3_min_clk,dclk_3_max_clk,dclk_3_clk_locked,dclk_3_deep_sleep,edge,hotspot,mem
1744921479,0,137,N/A,N/A,N/A,N/A,ENABLED,148,150,2100,DISABLED,DISABLED,132,150,2100,DISABLED,ENABLED,131,150,2100,DISABLED,ENABLED,132,150,2100,DISABLED,ENABLED,131,150,2100,DISABLED,ENABLED,132,150,2100,DISABLED,ENABLED,131,150,2100,DISABLED,ENABLED,132,150,2100,DISABLED,ENABLED,900,900,1300,N/A,DISABLED,29,914,1333,N/A,ENABLED,29,914,1333,N/A,ENABLED,29,914,1333,N/A,ENABLED,29,914,1333,N/A,ENABLED,22,711,1143,N/A,ENABLED,22,711,1143,N/A,ENABLED,22,711,1143,N/A,ENABLED,22,711,1143,N/A,ENABLED,N/A,40,31
1744921480,0,137,N/A,N/A,N/A,N/A,ENABLED,133,500,2100,DISABLED,ENABLED,132,500,2100,DISABLED,ENABLED,131,500,2100,DISABLED,ENABLED,132,500,2100,DISABLED,ENABLED,131,500,2100,DISABLED,ENABLED,132,500,2100,DISABLED,ENABLED,131,500,2100,DISABLED,ENABLED,132,500,2100,DISABLED,ENABLED,900,900,1300,N/A,DISABLED,29,914,1333,N/A,ENABLED,29,914,1333,N/A,ENABLED,29,914,1333,N/A,ENABLED,29,914,1333,N/A,ENABLED,22,711,1143,N/A,ENABLED,22,711,1143,N/A,ENABLED,22,711,1143,N/A,ENABLED,22,711,1143,N/A,ENABLED,N/A,40,31
1744921481,0,137,N/A,N/A,N/A,N/A,ENABLED,132,500,2100,DISABLED,ENABLED,132,500,2100,DISABLED,ENABLED,131,500,2100,DISABLED,ENABLED,132,500,2100,DISABLED,ENABLED,131,500,2100,DISABLED,ENABLED,132,500,2100,DISABLED,ENABLED,131,500,2100,DISABLED,ENABLED,132,500,2100,DISABLED,ENABLED,900,900,1300,N/A,DISABLED,29,914,1333,N/A,ENABLED,29,914,1333,N/A,ENABLED,29,914,1333,N/A,ENABLED,29,914,1333,N/A,ENABLED,22,711,1143,N/A,ENABLED,22,711,1143,N/A,ENABLED,22,711,1143,N/A,ENABLED,22,711,1143,N/A,ENABLED,N/A,40,32
1744921482,0,137,N/A,N/A,N/A,N/A,ENABLED,132,500,2100,DISABLED,ENABLED,132,500,2100,DISABLED,ENABLED,131,500,2100,DISABLED,ENABLED,132,500,2100,DISABLED,ENABLED,131,500,2100,DISABLED,ENABLED,132,500,2100,DISABLED,ENABLED,131,500,2100,DISABLED,ENABLED,132,500,2100,DISABLED,ENABLED,900,900,1300,N/A,DISABLED,29,914,1333,N/A,ENABLED,29,914,1333,N/A,ENABLED,29,914,1333,N/A,ENABLED,29,914,1333,N/A,ENABLED,22,711,1143,N/A,ENABLED,22,711,1143,N/A,ENABLED,22,711,1143,N/A,ENABLED,22,711,1143,N/A,ENABLED,N/A,40,31
1744921484,0,137,N/A,N/A,N/A,N/A,ENABLED,132,500,2100,DISABLED,ENABLED,132,500,2100,DISABLED,ENABLED,131,500,2100,DISABLED,ENABLED,132,500,2100,DISABLED,ENABLED,131,500,2100,DISABLED,ENABLED,132,500,2100,DISABLED,ENABLED,131,500,2100,DISABLED,ENABLED,132,500,2100,DISABLED,ENABLED,900,900,1300,N/A,DISABLED,29,914,1333,N/A,ENABLED,29,914,1333,N/A,ENABLED,29,914,1333,N/A,ENABLED,29,914,1333,N/A,ENABLED,22,711,1143,N/A,ENABLED,22,711,1143,N/A,ENABLED,22,711,1143,N/A,ENABLED,22,711,1143,N/A,ENABLED,N/A,40,31
1744921485,0,137,N/A,N/A,N/A,N/A,ENABLED,137,500,2100,DISABLED,ENABLED,132,500,2100,DISABLED,ENABLED,131,500,2100,DISABLED,ENABLED,132,500,2100,DISABLED,ENABLED,131,500,2100,DISABLED,ENABLED,132,500,2100,DISABLED,ENABLED,131,500,2100,DISABLED,ENABLED,132,500,2100,DISABLED,ENABLED,900,900,1300,N/A,DISABLED,29,914,1333,N/A,ENABLED,29,914,1333,N/A,ENABLED,29,914,1333,N/A,ENABLED,29,914,1333,N/A,ENABLED,22,711,1143,N/A,ENABLED,22,711,1143,N/A,ENABLED,22,711,1143,N/A,ENABLED,22,711,1143,N/A,ENABLED,N/A,40,31
1744921486,0,136,N/A,N/A,N/A,N/A,ENABLED,133,500,2100,DISABLED,ENABLED,132,500,2100,DISABLED,ENABLED,131,500,2100,DISABLED,ENABLED,132,500,2100,DISABLED,ENABLED,131,500,2100,DISABLED,ENABLED,132,500,2100,DISABLED,ENABLED,131,500,2100,DISABLED,ENABLED,132,500,2100,DISABLED,ENABLED,900,900,1300,N/A,DISABLED,29,914,1333,N/A,ENABLED,29,914,1333,N/A,ENABLED,29,914,1333,N/A,ENABLED,29,914,1333,N/A,ENABLED,22,711,1143,N/A,ENABLED,22,711,1143,N/A,ENABLED,22,711,1143,N/A,ENABLED,22,711,1143,N/A,ENABLED,N/A,40,31
1744921488,0,137,N/A,N/A,N/A,N/A,ENABLED,132,500,2100,DISABLED,ENABLED,132,500,2100,DISABLED,ENABLED,131,500,2100,DISABLED,ENABLED,132,500,2100,DISABLED,ENABLED,131,500,2100,DISABLED,ENABLED,132,500,2100,DISABLED,ENABLED,134,500,2100,DISABLED,ENABLED,135,500,2100,DISABLED,ENABLED,900,900,1300,N/A,DISABLED,29,914,1333,N/A,ENABLED,29,914,1333,N/A,ENABLED,29,914,1333,N/A,ENABLED,29,914,1333,N/A,ENABLED,22,711,1143,N/A,ENABLED,22,711,1143,N/A,ENABLED,22,711,1143,N/A,ENABLED,22,711,1143,N/A,ENABLED,N/A,40,31
1744921489,0,137,N/A,N/A,N/A,N/A,ENABLED,132,500,2100,DISABLED,ENABLED,132,500,2100,DISABLED,ENABLED,131,500,2100,DISABLED,ENABLED,132,500,2100,DISABLED,ENABLED,131,500,2100,DISABLED,ENABLED,132,500,2100,DISABLED,ENABLED,135,500,2100,DISABLED,ENABLED,135,500,2100,DISABLED,ENABLED,900,900,1300,N/A,DISABLED,29,914,1333,N/A,ENABLED,29,914,1333,N/A,ENABLED,29,914,1333,N/A,ENABLED,29,914,1333,N/A,ENABLED,22,711,1143,N/A,ENABLED,22,711,1143,N/A,ENABLED,22,711,1143,N/A,ENABLED,22,711,1143,N/A,ENABLED,N/A,40,31
1744921490,0,137,N/A,N/A,N/A,N/A,ENABLED,132,500,2100,DISABLED,ENABLED,132,500,2100,DISABLED,ENABLED,131,500,2100,DISABLED,ENABLED,132,500,2100,DISABLED,ENABLED,131,500,2100,DISABLED,ENABLED,132,500,2100,DISABLED,ENABLED,149,500,2100,DISABLED,DISABLED,149,500,2100,DISABLED,DISABLED,900,900,1300,N/A,DISABLED,29,914,1333,N/A,ENABLED,29,914,1333,N/A,ENABLED,29,914,1333,N/A,ENABLED,29,914,1333,N/A,ENABLED,22,711,1143,N/A,ENABLED,22,711,1143,N/A,ENABLED,22,711,1143,N/A,ENABLED,22,711,1143,N/A,ENABLED,N/A,39,30
1744921491,0,136,N/A,N/A,N/A,N/A,ENABLED,132,500,2100,DISABLED,ENABLED,132,500,2100,DISABLED,ENABLED,131,500,2100,DISABLED,ENABLED,132,500,2100,DISABLED,ENABLED,131,500,2100,DISABLED,ENABLED,132,500,2100,DISABLED,ENABLED,157,500,2100,DISABLED,DISABLED,157,500,2100,DISABLED,DISABLED,900,900,1300,N/A,DISABLED,29,914,1333,N/A,ENABLED,29,914,1333,N/A,ENABLED,29,914,1333,N/A,ENABLED,29,914,1333,N/A,ENABLED,22,711,1143,N/A,ENABLED,22,711,1143,N/A,ENABLED,22,711,1143,N/A,ENABLED,22,711,1143,N/A,ENABLED,N/A,39,30
1744921493,0,137,N/A,N/A,N/A,N/A,ENABLED,132,500,2100,DISABLED,ENABLED,132,500,2100,DISABLED,ENABLED,131,500,2100,DISABLED,ENABLED,132,500,2100,DISABLED,ENABLED,131,500,2100,DISABLED,ENABLED,132,500,2100,DISABLED,ENABLED,163,500,2100,DISABLED,DISABLED,163,500,2100,DISABLED,DISABLED,900,900,1300,N/A,DISABLED,29,914,1333,N/A,ENABLED,29,914,1333,N/A,ENABLED,29,914,1333,N/A,ENABLED,29,914,1333,N/A,ENABLED,22,711,1143,N/A,ENABLED,22,711,1143,N/A,ENABLED,22,711,1143,N/A,ENABLED,22,711,1143,N/A,ENABLED,N/A,39,30
1744921494,0,137,N/A,N/A,N/A,N/A,ENABLED,142,146,2100,DISABLED,DISABLED,132,146,2100,DISABLED,ENABLED,131,146,2100,DISABLED,ENABLED,132,146,2100,DISABLED,ENABLED,131,146,2100,DISABLED,ENABLED,132,146,2100,DISABLED,ENABLED,149,146,2100,DISABLED,DISABLED,150,146,2100,DISABLED,DISABLED,900,900,1300,N/A,DISABLED,29,914,1333,N/A,ENABLED,29,914,1333,N/A,ENABLED,29,914,1333,N/A,ENABLED,29,914,1333,N/A,ENABLED,22,711,1143,N/A,ENABLED,22,711,1143,N/A,ENABLED,22,711,1143,N/A,ENABLED,22,711,1143,N/A,ENABLED,N/A,39,30
1744921495,0,137,N/A,N/A,N/A,N/A,ENABLED,134,140,2100,DISABLED,ENABLED,132,140,2100,DISABLED,ENABLED,131,140,2100,DISABLED,ENABLED,132,140,2100,DISABLED,ENABLED,131,140,2100,DISABLED,ENABLED,132,140,2100,DISABLED,ENABLED,151,140,2100,DISABLED,DISABLED,151,140,2100,DISABLED,DISABLED,900,900,1300,N/A,DISABLED,29,914,1333,N/A,ENABLED,29,914,1333,N/A,ENABLED,29,914,1333,N/A,ENABLED,29,914,1333,N/A,ENABLED,22,711,1143,N/A,ENABLED,22,711,1143,N/A,ENABLED,22,711,1143,N/A,ENABLED,22,711,1143,N/A,ENABLED,N/A,39,30
1744921496,0,137,N/A,N/A,N/A,N/A,ENABLED,161,164,2100,DISABLED,DISABLED,160,164,2100,DISABLED,DISABLED,159,164,2100,DISABLED,DISABLED,159,164,2100,DISABLED,DISABLED,159,164,2100,DISABLED,DISABLED,159,164,2100,DISABLED,DISABLED,181,164,2100,DISABLED,DISABLED,182,164,2100,DISABLED,DISABLED,900,900,1300,N/A,DISABLED,29,914,1333,N/A,ENABLED,29,914,1333,N/A,ENABLED,29,914,1333,N/A,ENABLED,29,914,1333,N/A,ENABLED,22,711,1143,N/A,ENABLED,22,711,1143,N/A,ENABLED,22,711,1143,N/A,ENABLED,22,711,1143,N/A,ENABLED,N/A,39,30
1744921498,0,751,N/A,N/A,N/A,N/A,ENABLED,1544,500,2100,DISABLED,DISABLED,1543,500,2100,DISABLED,DISABLED,1548,500,2100,DISABLED,DISABLED,1533,500,2100,DISABLED,DISABLED,1536,500,2100,DISABLED,DISABLED,1530,500,2100,DISABLED,DISABLED,1546,500,2100,DISABLED,DISABLED,1533,500,2100,DISABLED,DISABLED,1300,900,1300,N/A,DISABLED,42,914,1333,N/A,ENABLED,42,914,1333,N/A,ENABLED,42,914,1333,N/A,ENABLED,42,914,1333,N/A,ENABLED,36,711,1143,N/A,ENABLED,36,711,1143,N/A,ENABLED,36,711,1143,N/A,ENABLED,36,711,1143,N/A,ENABLED,N/A,43,54
1744921499,0,749,N/A,N/A,N/A,N/A,ENABLED,1529,500,2100,DISABLED,DISABLED,1527,500,2100,DISABLED,DISABLED,1529,500,2100,DISABLED,DISABLED,1514,500,2100,DISABLED,DISABLED,1517,500,2100,DISABLED,DISABLED,1510,500,2100,DISABLED,DISABLED,1527,500,2100,DISABLED,DISABLED,1515,500,2100,DISABLED,DISABLED,1300,900,1300,N/A,DISABLED,42,914,1333,N/A,ENABLED,42,914,1333,N/A,ENABLED,42,914,1333,N/A,ENABLED,42,914,1333,N/A,ENABLED,36,711,1143,N/A,ENABLED,36,711,1143,N/A,ENABLED,36,711,1143,N/A,ENABLED,36,711,1143,N/A,ENABLED,N/A,47,55
1744921500,0,748,N/A,N/A,N/A,N/A,ENABLED,1539,500,2100,DISABLED,DISABLED,1537,500,2100,DISABLED,DISABLED,1537,500,2100,DISABLED,DISABLED,1521,500,2100,DISABLED,DISABLED,1524,500,2100,DISABLED,DISABLED,1518,500,2100,DISABLED,DISABLED,1534,500,2100,DISABLED,DISABLED,1521,500,2100,DISABLED,DISABLED,1300,900,1300,N/A,DISABLED,42,914,1333,N/A,ENABLED,42,914,1333,N/A,ENABLED,42,914,1333,N/A,ENABLED,42,914,1333,N/A,ENABLED,36,711,1143,N/A,ENABLED,36,711,1143,N/A,ENABLED,36,711,1143,N/A,ENABLED,36,711,1143,N/A,ENABLED,N/A,49,56
1744921501,0,750,N/A,N/A,N/A,N/A,ENABLED,1539,500,2100,DISABLED,DISABLED,1538,500,2100,DISABLED,DISABLED,1539,500,2100,DISABLED,DISABLED,1522,500,2100,DISABLED,DISABLED,1526,500,2100,DISABLED,DISABLED,1519,500,2100,DISABLED,DISABLED,1534,500,2100,DISABLED,DISABLED,1522,500,2100,DISABLED,DISABLED,1300,900,1300,N/A,DISABLED,42,914,1333,N/A,ENABLED,42,914,1333,N/A,ENABLED,42,914,1333,N/A,ENABLED,42,914,1333,N/A,ENABLED,36,711,1143,N/A,ENABLED,36,711,1143,N/A,ENABLED,36,711,1143,N/A,ENABLED,36,711,1143,N/A,ENABLED,N/A,51,57
1744921503,0,748,N/A,N/A,N/A,N/A,ENABLED,1526,500,2100,DISABLED,DISABLED,1524,500,2100,DISABLED,DISABLED,1523,500,2100,DISABLED,DISABLED,1506,500,2100,DISABLED,DISABLED,1511,500,2100,DISABLED,DISABLED,1504,500,2100,DISABLED,DISABLED,1520,500,2100,DISABLED,DISABLED,1508,500,2100,DISABLED,DISABLED,1300,900,1300,N/A,DISABLED,42,914,1333,N/A,ENABLED,42,914,1333,N/A,ENABLED,42,914,1333,N/A,ENABLED,42,914,1333,N/A,ENABLED,36,711,1143,N/A,ENABLED,36,711,1143,N/A,ENABLED,36,711,1143,N/A,ENABLED,36,711,1143,N/A,ENABLED,N/A,52,57
1744921504,0,751,N/A,N/A,N/A,N/A,ENABLED,1529,500,2100,DISABLED,DISABLED,1525,500,2100,DISABLED,DISABLED,1527,500,2100,DISABLED,DISABLED,1511,500,2100,DISABLED,DISABLED,1517,500,2100,DISABLED,DISABLED,1511,500,2100,DISABLED,DISABLED,1524,500,2100,DISABLED,DISABLED,1511,500,2100,DISABLED,DISABLED,1300,900,1300,N/A,DISABLED,42,914,1333,N/A,ENABLED,42,914,1333,N/A,ENABLED,42,914,1333,N/A,ENABLED,42,914,1333,N/A,ENABLED,36,711,1143,N/A,ENABLED,36,711,1143,N/A,ENABLED,36,711,1143,N/A,ENABLED,36,711,1143,N/A,ENABLED,N/A,53,57
1744921505,0,748,N/A,N/A,N/A,N/A,ENABLED,1525,500,2100,DISABLED,DISABLED,1522,500,2100,DISABLED,DISABLED,1523,500,2100,DISABLED,DISABLED,1506,500,2100,DISABLED,DISABLED,1512,500,2100,DISABLED,DISABLED,1505,500,2100,DISABLED,DISABLED,1521,500,2100,DISABLED,DISABLED,1508,500,2100,DISABLED,DISABLED,1300,900,1300,N/A,DISABLED,42,914,1333,N/A,ENABLED,42,914,1333,N/A,ENABLED,42,914,1333,N/A,ENABLED,42,914,1333,N/A,ENABLED,36,711,1143,N/A,ENABLED,36,711,1143,N/A,ENABLED,36,711,1143,N/A,ENABLED,36,711,1143,N/A,ENABLED,N/A,54,58
1744921506,0,750,N/A,N/A,N/A,N/A,ENABLED,1524,500,2100,DISABLED,DISABLED,1521,500,2100,DISABLED,DISABLED,1522,500,2100,DISABLED,DISABLED,1506,500,2100,DISABLED,DISABLED,1511,500,2100,DISABLED,DISABLED,1505,500,2100,DISABLED,DISABLED,1519,500,2100,DISABLED,DISABLED,1507,500,2100,DISABLED,DISABLED,1300,900,1300,N/A,DISABLED,42,914,1333,N/A,ENABLED,42,914,1333,N/A,ENABLED,42,914,1333,N/A,ENABLED,42,914,1333,N/A,ENABLED,36,711,1143,N/A,ENABLED,36,711,1143,N/A,ENABLED,36,711,1143,N/A,ENABLED,36,711,1143,N/A,ENABLED,N/A,54,58
1744921508,0,749,N/A,N/A,N/A,N/A,ENABLED,1516,500,2100,DISABLED,DISABLED,1513,500,2100,DISABLED,DISABLED,1512,500,2100,DISABLED,DISABLED,1497,500,2100,DISABLED,DISABLED,1506,500,2100,DISABLED,DISABLED,1499,500,2100,DISABLED,DISABLED,1511,500,2100,DISABLED,DISABLED,1499,500,2100,DISABLED,DISABLED,1300,900,1300,N/A,DISABLED,42,914,1333,N/A,ENABLED,42,914,1333,N/A,ENABLED,42,914,1333,N/A,ENABLED,42,914,1333,N/A,ENABLED,36,711,1143,N/A,ENABLED,36,711,1143,N/A,ENABLED,36,711,1143,N/A,ENABLED,36,711,1143,N/A,ENABLED,N/A,55,58
1744921509,0,750,N/A,N/A,N/A,N/A,ENABLED,1517,500,2100,DISABLED,DISABLED,1514,500,2100,DISABLED,DISABLED,1515,500,2100,DISABLED,DISABLED,1497,500,2100,DISABLED,DISABLED,1506,500,2100,DISABLED,DISABLED,1501,500,2100,DISABLED,DISABLED,1512,500,2100,DISABLED,DISABLED,1499,500,2100,DISABLED,DISABLED,1300,900,1300,N/A,DISABLED,42,914,1333,N/A,ENABLED,42,914,1333,N/A,ENABLED,42,914,1333,N/A,ENABLED,42,914,1333,N/A,ENABLED,36,711,1143,N/A,ENABLED,36,711,1143,N/A,ENABLED,36,711,1143,N/A,ENABLED,36,711,1143,N/A,ENABLED,N/A,56,58
1744921510,0,750,N/A,N/A,N/A,N/A,ENABLED,1527,500,2100,DISABLED,DISABLED,1525,500,2100,DISABLED,DISABLED,1525,500,2100,DISABLED,DISABLED,1509,500,2100,DISABLED,DISABLED,1516,500,2100,DISABLED,DISABLED,1510,500,2100,DISABLED,DISABLED,1523,500,2100,DISABLED,DISABLED,1510,500,2100,DISABLED,DISABLED,1300,900,1300,N/A,DISABLED,42,914,1333,N/A,ENABLED,42,914,1333,N/A,ENABLED,42,914,1333,N/A,ENABLED,42,914,1333,N/A,ENABLED,36,711,1143,N/A,ENABLED,36,711,1143,N/A,ENABLED,36,711,1143,N/A,ENABLED,36,711,1143,N/A,ENABLED,N/A,56,58
1744921512,0,751,N/A,N/A,N/A,N/A,ENABLED,1518,500,2100,DISABLED,DISABLED,1514,500,2100,DISABLED,DISABLED,1516,500,2100,DISABLED,DISABLED,1499,500,2100,DISABLED,DISABLED,1507,500,2100,DISABLED,DISABLED,1500,500,2100,DISABLED,DISABLED,1513,500,2100,DISABLED,DISABLED,1500,500,2100,DISABLED,DISABLED,1300,900,1300,N/A,DISABLED,42,914,1333,N/A,ENABLED,42,914,1333,N/A,ENABLED,42,914,1333,N/A,ENABLED,42,914,1333,N/A,ENABLED,36,711,1143,N/A,ENABLED,36,711,1143,N/A,ENABLED,36,711,1143,N/A,ENABLED,36,711,1143,N/A,ENABLED,N/A,57,59
1744921513,0,751,N/A,N/A,N/A,N/A,ENABLED,1514,500,2100,DISABLED,DISABLED,1510,500,2100,DISABLED,DISABLED,1514,500,2100,DISABLED,DISABLED,1497,500,2100,DISABLED,DISABLED,1506,500,2100,DISABLED,DISABLED,1500,500,2100,DISABLED,DISABLED,1511,500,2100,DISABLED,DISABLED,1498,500,2100,DISABLED,DISABLED,1300,900,1300,N/A,DISABLED,42,914,1333,N/A,ENABLED,42,914,1333,N/A,ENABLED,42,914,1333,N/A,ENABLED,42,914,1333,N/A,ENABLED,36,711,1143,N/A,ENABLED,36,711,1143,N/A,ENABLED,36,711,1143,N/A,ENABLED,36,711,1143,N/A,ENABLED,N/A,57,59
1744921514,0,750,N/A,N/A,N/A,N/A,ENABLED,1515,500,2100,DISABLED,DISABLED,1512,500,2100,DISABLED,DISABLED,1512,500,2100,DISABLED,DISABLED,1495,500,2100,DISABLED,DISABLED,1504,500,2100,DISABLED,DISABLED,1499,500,2100,DISABLED,DISABLED,1511,500,2100,DISABLED,DISABLED,1499,500,2100,DISABLED,DISABLED,1300,900,1300,N/A,DISABLED,42,914,1333,N/A,ENABLED,42,914,1333,N/A,ENABLED,42,914,1333,N/A,ENABLED,42,914,1333,N/A,ENABLED,36,711,1143,N/A,ENABLED,36,711,1143,N/A,ENABLED,36,711,1143,N/A,ENABLED,36,711,1143,N/A,ENABLED,N/A,57,59
1744921515,0,751,N/A,N/A,N/A,N/A,ENABLED,1523,500,2100,DISABLED,DISABLED,1519,500,2100,DISABLED,DISABLED,1518,500,2100,DISABLED,DISABLED,1501,500,2100,DISABLED,DISABLED,1511,500,2100,DISABLED,DISABLED,1504,500,2100,DISABLED,DISABLED,1516,500,2100,DISABLED,DISABLED,1503,500,2100,DISABLED,DISABLED,1300,900,1300,N/A,DISABLED,42,914,1333,N/A,ENABLED,42,914,1333,N/A,ENABLED,42,914,1333,N/A,ENABLED,42,914,1333,N/A,ENABLED,36,711,1143,N/A,ENABLED,36,711,1143,N/A,ENABLED,36,711,1143,N/A,ENABLED,36,711,1143,N/A,ENABLED,N/A,57,59
1744921517,0,749,N/A,N/A,N/A,N/A,ENABLED,1511,500,2100,DISABLED,DISABLED,1507,500,2100,DISABLED,DISABLED,1507,500,2100,DISABLED,DISABLED,1490,500,2100,DISABLED,DISABLED,1499,500,2100,DISABLED,DISABLED,1494,500,2100,DISABLED,DISABLED,1505,500,2100,DISABLED,DISABLED,1493,500,2100,DISABLED,DISABLED,1300,900,1300,N/A,DISABLED,42,914,1333,N/A,ENABLED,42,914,1333,N/A,ENABLED,42,914,1333,N/A,ENABLED,42,914,1333,N/A,ENABLED,36,711,1143,N/A,ENABLED,36,711,1143,N/A,ENABLED,36,711,1143,N/A,ENABLED,36,711,1143,N/A,ENABLED,N/A,57,60
1744921518,0,750,N/A,N/A,N/A,N/A,ENABLED,1510,500,2100,DISABLED,DISABLED,1507,500,2100,DISABLED,DISABLED,1507,500,2100,DISABLED,DISABLED,1490,500,2100,DISABLED,DISABLED,1499,500,2100,DISABLED,DISABLED,1493,500,2100,DISABLED,DISABLED,1503,500,2100,DISABLED,DISABLED,1492,500,2100,DISABLED,DISABLED,1300,900,1300,N/A,DISABLED,42,914,1333,N/A,ENABLED,42,914,1333,N/A,ENABLED,42,914,1333,N/A,ENABLED,42,914,1333,N/A,ENABLED,36,711,1143,N/A,ENABLED,36,711,1143,N/A,ENABLED,36,711,1143,N/A,ENABLED,36,711,1143,N/A,ENABLED,N/A,58,60
1744921519,0,751,N/A,N/A,N/A,N/A,ENABLED,1516,500,2100,DISABLED,DISABLED,1511,500,2100,DISABLED,DISABLED,1512,500,2100,DISABLED,DISABLED,1495,500,2100,DISABLED,DISABLED,1503,500,2100,DISABLED,DISABLED,1497,500,2100,DISABLED,DISABLED,1511,500,2100,DISABLED,DISABLED,1498,500,2100,DISABLED,DISABLED,1300,900,1300,N/A,DISABLED,42,914,1333,N/A,ENABLED,42,914,1333,N/A,ENABLED,42,914,1333,N/A,ENABLED,42,914,1333,N/A,ENABLED,36,711,1143,N/A,ENABLED,36,711,1143,N/A,ENABLED,36,711,1143,N/A,ENABLED,36,711,1143,N/A,ENABLED,N/A,58,60
1744921520,0,750,N/A,N/A,N/A,N/A,ENABLED,1516,500,2100,DISABLED,DISABLED,1514,500,2100,DISABLED,DISABLED,1514,500,2100,DISABLED,DISABLED,1498,500,2100,DISABLED,DISABLED,1506,500,2100,DISABLED,DISABLED,1500,500,2100,DISABLED,DISABLED,1512,500,2100,DISABLED,DISABLED,1499,500,2100,DISABLED,DISABLED,1300,900,1300,N/A,DISABLED,42,914,1333,N/A,ENABLED,42,914,1333,N/A,ENABLED,42,914,1333,N/A,ENABLED,42,914,1333,N/A,ENABLED,36,711,1143,N/A,ENABLED,36,711,1143,N/A,ENABLED,36,711,1143,N/A,ENABLED,36,711,1143,N/A,ENABLED,N/A,58,60
1744921522,0,751,N/A,N/A,N/A,N/A,ENABLED,1515,500,2100,DISABLED,DISABLED,1510,500,2100,DISABLED,DISABLED,1510,500,2100,DISABLED,DISABLED,1494,500,2100,DISABLED,DISABLED,1503,500,2100,DISABLED,DISABLED,1498,500,2100,DISABLED,DISABLED,1510,500,2100,DISABLED,DISABLED,1497,500,2100,DISABLED,DISABLED,1300,900,1300,N/A,DISABLED,42,914,1333,N/A,ENABLED,42,914,1333,N/A,ENABLED,42,914,1333,N/A,ENABLED,42,914,1333,N/A,ENABLED,36,711,1143,N/A,ENABLED,36,711,1143,N/A,ENABLED,36,711,1143,N/A,ENABLED,36,711,1143,N/A,ENABLED,N/A,58,60
1744921523,0,751,N/A,N/A,N/A,N/A,ENABLED,1508,500,2100,DISABLED,DISABLED,1505,500,2100,DISABLED,DISABLED,1504,500,2100,DISABLED,DISABLED,1488,500,2100,DISABLED,DISABLED,1497,500,2100,DISABLED,DISABLED,1492,500,2100,DISABLED,DISABLED,1504,500,2100,DISABLED,DISABLED,1490,500,2100,DISABLED,DISABLED,1300,900,1300,N/A,DISABLED,42,914,1333,N/A,ENABLED,42,914,1333,N/A,ENABLED,42,914,1333,N/A,ENABLED,42,914,1333,N/A,ENABLED,36,711,1143,N/A,ENABLED,36,711,1143,N/A,ENABLED,36,711,1143,N/A,ENABLED,36,711,1143,N/A,ENABLED,N/A,58,60
1744921524,0,751,N/A,N/A,N/A,N/A,ENABLED,1509,500,2100,DISABLED,DISABLED,1507,500,2100,DISABLED,DISABLED,1507,500,2100,DISABLED,DISABLED,1490,500,2100,DISABLED,DISABLED,1500,500,2100,DISABLED,DISABLED,1493,500,2100,DISABLED,DISABLED,1506,500,2100,DISABLED,DISABLED,1493,500,2100,DISABLED,DISABLED,1300,900,1300,N/A,DISABLED,42,914,1333,N/A,ENABLED,42,914,1333,N/A,ENABLED,42,914,1333,N/A,ENABLED,42,914,1333,N/A,ENABLED,36,711,1143,N/A,ENABLED,36,711,1143,N/A,ENABLED,36,711,1143,N/A,ENABLED,36,711,1143,N/A,ENABLED,N/A,58,60
1744921525,0,750,N/A,N/A,N/A,N/A,ENABLED,1509,500,2100,DISABLED,DISABLED,1504,500,2100,DISABLED,DISABLED,1502,500,2100,DISABLED,DISABLED,1485,500,2100,DISABLED,DISABLED,1496,500,2100,DISABLED,DISABLED,1491,500,2100,DISABLED,DISABLED,1504,500,2100,DISABLED,DISABLED,1490,500,2100,DISABLED,DISABLED,1300,900,1300,N/A,DISABLED,42,914,1333,N/A,ENABLED,42,914,1333,N/A,ENABLED,42,914,1333,N/A,ENABLED,42,914,1333,N/A,ENABLED,36,711,1143,N/A,ENABLED,36,711,1143,N/A,ENABLED,36,711,1143,N/A,ENABLED,36,711,1143,N/A,ENABLED,N/A,58,60
1744921527,0,750,N/A,N/A,N/A,N/A,ENABLED,1512,500,2100,DISABLED,DISABLED,1509,500,2100,DISABLED,DISABLED,1509,500,2100,DISABLED,DISABLED,1493,500,2100,DISABLED,DISABLED,1501,500,2100,DISABLED,DISABLED,1495,500,2100,DISABLED,DISABLED,1509,500,2100,DISABLED,DISABLED,1495,500,2100,DISABLED,DISABLED,1300,900,1300,N/A,DISABLED,42,914,1333,N/A,ENABLED,42,914,1333,N/A,ENABLED,42,914,1333,N/A,ENABLED,42,914,1333,N/A,ENABLED,36,711,1143,N/A,ENABLED,36,711,1143,N/A,ENABLED,36,711,1143,N/A,ENABLED,36,711,1143,N/A,ENABLED,N/A,58,60
1744921528,0,752,N/A,N/A,N/A,N/A,ENABLED,1509,500,2100,DISABLED,DISABLED,1505,500,2100,DISABLED,DISABLED,1505,500,2100,DISABLED,DISABLED,1488,500,2100,DISABLED,DISABLED,1497,500,2100,DISABLED,DISABLED,1491,500,2100,DISABLED,DISABLED,1505,500,2100,DISABLED,DISABLED,1490,500,2100,DISABLED,DISABLED,1300,900,1300,N/A,DISABLED,42,914,1333,N/A,ENABLED,42,914,1333,N/A,ENABLED,42,914,1333,N/A,ENABLED,42,914,1333,N/A,ENABLED,36,711,1143,N/A,ENABLED,36,711,1143,N/A,ENABLED,36,711,1143,N/A,ENABLED,36,711,1143,N/A,ENABLED,N/A,58,60
1744921529,0,751,N/A,N/A,N/A,N/A,ENABLED,1509,500,2100,DISABLED,DISABLED,1505,500,2100,DISABLED,DISABLED,1508,500,2100,DISABLED,DISABLED,1490,500,2100,DISABLED,DISABLED,1499,500,2100,DISABLED,DISABLED,1494,500,2100,DISABLED,DISABLED,1505,500,2100,DISABLED,DISABLED,1491,500,2100,DISABLED,DISABLED,1300,900,1300,N/A,DISABLED,42,914,1333,N/A,ENABLED,42,914,1333,N/A,ENABLED,42,914,1333,N/A,ENABLED,42,914,1333,N/A,ENABLED,36,711,1143,N/A,ENABLED,36,711,1143,N/A,ENABLED,36,711,1143,N/A,ENABLED,36,711,1143,N/A,ENABLED,N/A,58,61
1744921530,0,749,N/A,N/A,N/A,N/A,ENABLED,1509,500,2100,DISABLED,DISABLED,1504,500,2100,DISABLED,DISABLED,1504,500,2100,DISABLED,DISABLED,1488,500,2100,DISABLED,DISABLED,1497,500,2100,DISABLED,DISABLED,1492,500,2100,DISABLED,DISABLED,1503,500,2100,DISABLED,DISABLED,1490,500,2100,DISABLED,DISABLED,1300,900,1300,N/A,DISABLED,42,914,1333,N/A,ENABLED,42,914,1333,N/A,ENABLED,42,914,1333,N/A,ENABLED,42,914,1333,N/A,ENABLED,36,711,1143,N/A,ENABLED,36,711,1143,N/A,ENABLED,36,711,1143,N/A,ENABLED,36,711,1143,N/A,ENABLED,N/A,59,61
1744921532,0,749,N/A,N/A,N/A,N/A,ENABLED,1506,500,2100,DISABLED,DISABLED,1504,500,2100,DISABLED,DISABLED,1503,500,2100,DISABLED,DISABLED,1484,500,2100,DISABLED,DISABLED,1492,500,2100,DISABLED,DISABLED,1488,500,2100,DISABLED,DISABLED,1502,500,2100,DISABLED,DISABLED,1488,500,2100,DISABLED,DISABLED,1300,900,1300,N/A,DISABLED,42,914,1333,N/A,ENABLED,42,914,1333,N/A,ENABLED,42,914,1333,N/A,ENABLED,42,914,1333,N/A,ENABLED,36,711,1143,N/A,ENABLED,36,711,1143,N/A,ENABLED,36,711,1143,N/A,ENABLED,36,711,1143,N/A,ENABLED,N/A,59,60
1744921533,0,749,N/A,N/A,N/A,N/A,ENABLED,1508,500,2100,DISABLED,DISABLED,1505,500,2100,DISABLED,DISABLED,1506,500,2100,DISABLED,DISABLED,1489,500,2100,DISABLED,DISABLED,1499,500,2100,DISABLED,DISABLED,1493,500,2100,DISABLED,DISABLED,1504,500,2100,DISABLED,DISABLED,1491,500,2100,DISABLED,DISABLED,1300,900,1300,N/A,DISABLED,42,914,1333,N/A,ENABLED,42,914,1333,N/A,ENABLED,42,914,1333,N/A,ENABLED,42,914,1333,N/A,ENABLED,36,711,1143,N/A,ENABLED,36,711,1143,N/A,ENABLED,36,711,1143,N/A,ENABLED,36,711,1143,N/A,ENABLED,N/A,59,61
1744921534,0,749,N/A,N/A,N/A,N/A,ENABLED,1505,500,2100,DISABLED,DISABLED,1501,500,2100,DISABLED,DISABLED,1501,500,2100,DISABLED,DISABLED,1484,500,2100,DISABLED,DISABLED,1494,500,2100,DISABLED,DISABLED,1488,500,2100,DISABLED,DISABLED,1500,500,2100,DISABLED,DISABLED,1488,500,2100,DISABLED,DISABLED,1300,900,1300,N/A,DISABLED,42,914,1333,N/A,ENABLED,42,914,1333,N/A,ENABLED,42,914,1333,N/A,ENABLED,42,914,1333,N/A,ENABLED,36,711,1143,N/A,ENABLED,36,711,1143,N/A,ENABLED,36,711,1143,N/A,ENABLED,36,711,1143,N/A,ENABLED,N/A,59,60
1744921535,0,751,N/A,N/A,N/A,N/A,ENABLED,1510,500,2100,DISABLED,DISABLED,1506,500,2100,DISABLED,DISABLED,1505,500,2100,DISABLED,DISABLED,1489,500,2100,DISABLED,DISABLED,1499,500,2100,DISABLED,DISABLED,1493,500,2100,DISABLED,DISABLED,1505,500,2100,DISABLED,DISABLED,1490,500,2100,DISABLED,DISABLED,1300,900,1300,N/A,DISABLED,42,914,1333,N/A,ENABLED,42,914,1333,N/A,ENABLED,42,914,1333,N/A,ENABLED,42,914,1333,N/A,ENABLED,36,711,1143,N/A,ENABLED,36,711,1143,N/A,ENABLED,36,711,1143,N/A,ENABLED,36,711,1143,N/A,ENABLED,N/A,59,61
1744921537,0,750,N/A,N/A,N/A,N/A,ENABLED,1512,500,2100,DISABLED,DISABLED,1508,500,2100,DISABLED,DISABLED,1507,500,2100,DISABLED,DISABLED,1488,500,2100,DISABLED,DISABLED,1500,500,2100,DISABLED,DISABLED,1495,500,2100,DISABLED,DISABLED,1507,500,2100,DISABLED,DISABLED,1493,500,2100,DISABLED,DISABLED,1300,900,1300,N/A,DISABLED,42,914,1333,N/A,ENABLED,42,914,1333,N/A,ENABLED,42,914,1333,N/A,ENABLED,42,914,1333,N/A,ENABLED,36,711,1143,N/A,ENABLED,36,711,1143,N/A,ENABLED,36,711,1143,N/A,ENABLED,36,711,1143,N/A,ENABLED,N/A,59,61
1744921538,0,751,N/A,N/A,N/A,N/A,ENABLED,1508,500,2100,DISABLED,DISABLED,1504,500,2100,DISABLED,DISABLED,1501,500,2100,DISABLED,DISABLED,1483,500,2100,DISABLED,DISABLED,1495,500,2100,DISABLED,DISABLED,1489,500,2100,DISABLED,DISABLED,1502,500,2100,DISABLED,DISABLED,1488,500,2100,DISABLED,DISABLED,1300,900,1300,N/A,DISABLED,42,914,1333,N/A,ENABLED,42,914,1333,N/A,ENABLED,42,914,1333,N/A,ENABLED,42,914,1333,N/A,ENABLED,36,711,1143,N/A,ENABLED,36,711,1143,N/A,ENABLED,36,711,1143,N/A,ENABLED,36,711,1143,N/A,ENABLED,N/A,59,61
1744921539,0,751,N/A,N/A,N/A,N/A,ENABLED,1514,500,2100,DISABLED,DISABLED,1511,500,2100,DISABLED,DISABLED,1509,500,2100,DISABLED,DISABLED,1492,500,2100,DISABLED,DISABLED,1501,500,2100,DISABLED,DISABLED,1494,500,2100,DISABLED,DISABLED,1508,500,2100,DISABLED,DISABLED,1495,500,2100,DISABLED,DISABLED,1300,900,1300,N/A,DISABLED,42,914,1333,N/A,ENABLED,42,914,1333,N/A,ENABLED,42,914,1333,N/A,ENABLED,42,914,1333,N/A,ENABLED,36,711,1143,N/A,ENABLED,36,711,1143,N/A,ENABLED,36,711,1143,N/A,ENABLED,36,711,1143,N/A,ENABLED,N/A,59,61
1744921540,0,751,N/A,N/A,N/A,N/A,ENABLED,1511,500,2100,DISABLED,DISABLED,1508,500,2100,DISABLED,DISABLED,1507,500,2100,DISABLED,DISABLED,1490,500,2100,DISABLED,DISABLED,1501,500,2100,DISABLED,DISABLED,1493,500,2100,DISABLED,DISABLED,1507,500,2100,DISABLED,DISABLED,1494,500,2100,DISABLED,DISABLED,1300,900,1300,N/A,DISABLED,42,914,1333,N/A,ENABLED,42,914,1333,N/A,ENABLED,42,914,1333,N/A,ENABLED,42,914,1333,N/A,ENABLED,36,711,1143,N/A,ENABLED,36,711,1143,N/A,ENABLED,36,711,1143,N/A,ENABLED,36,711,1143,N/A,ENABLED,N/A,59,61
1744921542,0,749,N/A,N/A,N/A,N/A,ENABLED,1507,500,2100,DISABLED,DISABLED,1505,500,2100,DISABLED,DISABLED,1502,500,2100,DISABLED,DISABLED,1486,500,2100,DISABLED,DISABLED,1496,500,2100,DISABLED,DISABLED,1488,500,2100,DISABLED,DISABLED,1502,500,2100,DISABLED,DISABLED,1489,500,2100,DISABLED,DISABLED,1300,900,1300,N/A,DISABLED,42,914,1333,N/A,ENABLED,42,914,1333,N/A,ENABLED,42,914,1333,N/A,ENABLED,42,914,1333,N/A,ENABLED,36,711,1143,N/A,ENABLED,36,711,1143,N/A,ENABLED,36,711,1143,N/A,ENABLED,36,711,1143,N/A,ENABLED,N/A,59,61
1744921543,0,750,N/A,N/A,N/A,N/A,ENABLED,1509,500,2100,DISABLED,DISABLED,1505,500,2100,DISABLED,DISABLED,1505,500,2100,DISABLED,DISABLED,1487,500,2100,DISABLED,DISABLED,1497,500,2100,DISABLED,DISABLED,1490,500,2100,DISABLED,DISABLED,1504,500,2100,DISABLED,DISABLED,1491,500,2100,DISABLED,DISABLED,1300,900,1300,N/A,DISABLED,42,914,1333,N/A,ENABLED,42,914,1333,N/A,ENABLED,42,914,1333,N/A,ENABLED,42,914,1333,N/A,ENABLED,36,711,1143,N/A,ENABLED,36,711,1143,N/A,ENABLED,36,711,1143,N/A,ENABLED,36,711,1143,N/A,ENABLED,N/A,59,61
1744921544,0,751,N/A,N/A,N/A,N/A,ENABLED,1511,500,2100,DISABLED,DISABLED,1508,500,2100,DISABLED,DISABLED,1508,500,2100,DISABLED,DISABLED,1489,500,2100,DISABLED,DISABLED,1500,500,2100,DISABLED,DISABLED,1493,500,2100,DISABLED,DISABLED,1507,500,2100,DISABLED,DISABLED,1493,500,2100,DISABLED,DISABLED,1300,900,1300,N/A,DISABLED,42,914,1333,N/A,ENABLED,42,914,1333,N/A,ENABLED,42,914,1333,N/A,ENABLED,42,914,1333,N/A,ENABLED,36,711,1143,N/A,ENABLED,36,711,1143,N/A,ENABLED,36,711,1143,N/A,ENABLED,36,711,1143,N/A,ENABLED,N/A,59,61
1744921545,0,749,N/A,N/A,N/A,N/A,ENABLED,1505,500,2100,DISABLED,DISABLED,1501,500,2100,DISABLED,DISABLED,1501,500,2100,DISABLED,DISABLED,1482,500,2100,DISABLED,DISABLED,1494,500,2100,DISABLED,DISABLED,1487,500,2100,DISABLED,DISABLED,1501,500,2100,DISABLED,DISABLED,1487,500,2100,DISABLED,DISABLED,1300,900,1300,N/A,DISABLED,42,914,1333,N/A,ENABLED,42,914,1333,N/A,ENABLED,42,914,1333,N/A,ENABLED,42,914,1333,N/A,ENABLED,36,711,1143,N/A,ENABLED,36,711,1143,N/A,ENABLED,36,711,1143,N/A,ENABLED,36,711,1143,N/A,ENABLED,N/A,59,61
1744921547,0,751,N/A,N/A,N/A,N/A,ENABLED,1508,500,2100,DISABLED,DISABLED,1504,500,2100,DISABLED,DISABLED,1505,500,2100,DISABLED,DISABLED,1486,500,2100,DISABLED,DISABLED,1497,500,2100,DISABLED,DISABLED,1490,500,2100,DISABLED,DISABLED,1502,500,2100,DISABLED,DISABLED,1490,500,2100,DISABLED,DISABLED,1300,900,1300,N/A,DISABLED,42,914,1333,N/A,ENABLED,42,914,1333,N/A,ENABLED,42,914,1333,N/A,ENABLED,42,914,1333,N/A,ENABLED,36,711,1143,N/A,ENABLED,36,711,1143,N/A,ENABLED,36,711,1143,N/A,ENABLED,36,711,1143,N/A,ENABLED,N/A,59,61
1744921548,0,750,N/A,N/A,N/A,N/A,ENABLED,1504,500,2100,DISABLED,DISABLED,1501,500,2100,DISABLED,DISABLED,1499,500,2100,DISABLED,DISABLED,1480,500,2100,DISABLED,DISABLED,1491,500,2100,DISABLED,DISABLED,1485,500,2100,DISABLED,DISABLED,1498,500,2100,DISABLED,DISABLED,1485,500,2100,DISABLED,DISABLED,1300,900,1300,N/A,DISABLED,42,914,1333,N/A,ENABLED,42,914,1333,N/A,ENABLED,42,914,1333,N/A,ENABLED,42,914,1333,N/A,ENABLED,36,711,1143,N/A,ENABLED,36,711,1143,N/A,ENABLED,36,711,1143,N/A,ENABLED,36,711,1143,N/A,ENABLED,N/A,59,61
1744921549,0,751,N/A,N/A,N/A,N/A,ENABLED,1508,500,2100,DISABLED,DISABLED,1505,500,2100,DISABLED,DISABLED,1504,500,2100,DISABLED,DISABLED,1487,500,2100,DISABLED,DISABLED,1496,500,2100,DISABLED,DISABLED,1490,500,2100,DISABLED,DISABLED,1504,500,2100,DISABLED,DISABLED,1491,500,2100,DISABLED,DISABLED,1300,900,1300,N/A,DISABLED,42,914,1333,N/A,ENABLED,42,914,1333,N/A,ENABLED,42,914,1333,N/A,ENABLED,42,914,1333,N/A,ENABLED,36,711,1143,N/A,ENABLED,36,711,1143,N/A,ENABLED,36,711,1143,N/A,ENABLED,36,711,1143,N/A,ENABLED,N/A,59,61
1744921551,0,749,N/A,N/A,N/A,N/A,ENABLED,1501,500,2100,DISABLED,DISABLED,1497,500,2100,DISABLED,DISABLED,1496,500,2100,DISABLED,DISABLED,1479,500,2100,DISABLED,DISABLED,1488,500,2100,DISABLED,DISABLED,1483,500,2100,DISABLED,DISABLED,1497,500,2100,DISABLED,DISABLED,1483,500,2100,DISABLED,DISABLED,1300,900,1300,N/A,DISABLED,42,914,1333,N/A,ENABLED,42,914,1333,N/A,ENABLED,42,914,1333,N/A,ENABLED,42,914,1333,N/A,ENABLED,36,711,1143,N/A,ENABLED,36,711,1143,N/A,ENABLED,36,711,1143,N/A,ENABLED,36,711,1143,N/A,ENABLED,N/A,59,61
1744921552,0,750,N/A,N/A,N/A,N/A,ENABLED,1503,500,2100,DISABLED,DISABLED,1500,500,2100,DISABLED,DISABLED,1498,500,2100,DISABLED,DISABLED,1481,500,2100,DISABLED,DISABLED,1492,500,2100,DISABLED,DISABLED,1486,500,2100,DISABLED,DISABLED,1498,500,2100,DISABLED,DISABLED,1485,500,2100,DISABLED,DISABLED,1300,900,1300,N/A,DISABLED,42,914,1333,N/A,ENABLED,42,914,1333,N/A,ENABLED,42,914,1333,N/A,ENABLED,42,914,1333,N/A,ENABLED,36,711,1143,N/A,ENABLED,36,711,1143,N/A,ENABLED,36,711,1143,N/A,ENABLED,36,711,1143,N/A,ENABLED,N/A,59,61
1744921553,0,750,N/A,N/A,N/A,N/A,ENABLED,1503,500,2100,DISABLED,DISABLED,1498,500,2100,DISABLED,DISABLED,1500,500,2100,DISABLED,DISABLED,1483,500,2100,DISABLED,DISABLED,1490,500,2100,DISABLED,DISABLED,1486,500,2100,DISABLED,DISABLED,1497,500,2100,DISABLED,DISABLED,1485,500,2100,DISABLED,DISABLED,1300,900,1300,N/A,DISABLED,42,914,1333,N/A,ENABLED,42,914,1333,N/A,ENABLED,42,914,1333,N/A,ENABLED,42,914,1333,N/A,ENABLED,36,711,1143,N/A,ENABLED,36,711,1143,N/A,ENABLED,36,711,1143,N/A,ENABLED,36,711,1143,N/A,ENABLED,N/A,59,62
1744921554,0,750,N/A,N/A,N/A,N/A,ENABLED,1503,500,2100,DISABLED,DISABLED,1501,500,2100,DISABLED,DISABLED,1502,500,2100,DISABLED,DISABLED,1484,500,2100,DISABLED,DISABLED,1493,500,2100,DISABLED,DISABLED,1486,500,2100,DISABLED,DISABLED,1498,500,2100,DISABLED,DISABLED,1485,500,2100,DISABLED,DISABLED,1300,900,1300,N/A,DISABLED,42,914,1333,N/A,ENABLED,42,914,1333,N/A,ENABLED,42,914,1333,N/A,ENABLED,42,914,1333,N/A,ENABLED,36,711,1143,N/A,ENABLED,36,711,1143,N/A,ENABLED,36,711,1143,N/A,ENABLED,36,711,1143,N/A,ENABLED,N/A,59,62
1744921556,0,751,N/A,N/A,N/A,N/A,ENABLED,1501,500,2100,DISABLED,DISABLED,1497,500,2100,DISABLED,DISABLED,1499,500,2100,DISABLED,DISABLED,1481,500,2100,DISABLED,DISABLED,1491,500,2100,DISABLED,DISABLED,1485,500,2100,DISABLED,DISABLED,1497,500,2100,DISABLED,DISABLED,1484,500,2100,DISABLED,DISABLED,1300,900,1300,N/A,DISABLED,42,914,1333,N/A,ENABLED,42,914,1333,N/A,ENABLED,42,914,1333,N/A,ENABLED,42,914,1333,N/A,ENABLED,36,711,1143,N/A,ENABLED,36,711,1143,N/A,ENABLED,36,711,1143,N/A,ENABLED,36,711,1143,N/A,ENABLED,N/A,59,62
1744921557,0,749,N/A,N/A,N/A,N/A,ENABLED,1499,500,2100,DISABLED,DISABLED,1496,500,2100,DISABLED,DISABLED,1496,500,2100,DISABLED,DISABLED,1478,500,2100,DISABLED,DISABLED,1489,500,2100,DISABLED,DISABLED,1482,500,2100,DISABLED,DISABLED,1494,500,2100,DISABLED,DISABLED,1482,500,2100,DISABLED,DISABLED,1300,900,1300,N/A,DISABLED,42,914,1333,N/A,ENABLED,42,914,1333,N/A,ENABLED,42,914,1333,N/A,ENABLED,42,914,1333,N/A,ENABLED,36,711,1143,N/A,ENABLED,36,711,1143,N/A,ENABLED,36,711,1143,N/A,ENABLED,36,711,1143,N/A,ENABLED,N/A,60,62
1744921558,0,750,N/A,N/A,N/A,N/A,ENABLED,1504,500,2100,DISABLED,DISABLED,1498,500,2100,DISABLED,DISABLED,1498,500,2100,DISABLED,DISABLED,1481,500,2100,DISABLED,DISABLED,1491,500,2100,DISABLED,DISABLED,1486,500,2100,DISABLED,DISABLED,1495,500,2100,DISABLED,DISABLED,1483,500,2100,DISABLED,DISABLED,1300,900,1300,N/A,DISABLED,42,914,1333,N/A,ENABLED,42,914,1333,N/A,ENABLED,42,914,1333,N/A,ENABLED,42,914,1333,N/A,ENABLED,36,711,1143,N/A,ENABLED,36,711,1143,N/A,ENABLED,36,711,1143,N/A,ENABLED,36,711,1143,N/A,ENABLED,N/A,60,62
1744921559,0,751,N/A,N/A,N/A,N/A,ENABLED,1497,500,2100,DISABLED,DISABLED,1492,500,2100,DISABLED,DISABLED,1492,500,2100,DISABLED,DISABLED,1474,500,2100,DISABLED,DISABLED,1483,500,2100,DISABLED,DISABLED,1478,500,2100,DISABLED,DISABLED,1490,500,2100,DISABLED,DISABLED,1478,500,2100,DISABLED,DISABLED,1300,900,1300,N/A,DISABLED,42,914,1333,N/A,ENABLED,42,914,1333,N/A,ENABLED,42,914,1333,N/A,ENABLED,42,914,1333,N/A,ENABLED,36,711,1143,N/A,ENABLED,36,711,1143,N/A,ENABLED,36,711,1143,N/A,ENABLED,36,711,1143,N/A,ENABLED,N/A,60,62
1744921561,0,750,N/A,N/A,N/A,N/A,ENABLED,1504,500,2100,DISABLED,DISABLED,1500,500,2100,DISABLED,DISABLED,1501,500,2100,DISABLED,DISABLED,1482,500,2100,DISABLED,DISABLED,1492,500,2100,DISABLED,DISABLED,1485,500,2100,DISABLED,DISABLED,1498,500,2100,DISABLED,DISABLED,1485,500,2100,DISABLED,DISABLED,1300,900,1300,N/A,DISABLED,42,914,1333,N/A,ENABLED,42,914,1333,N/A,ENABLED,42,914,1333,N/A,ENABLED,42,914,1333,N/A,ENABLED,36,711,1143,N/A,ENABLED,36,711,1143,N/A,ENABLED,36,711,1143,N/A,ENABLED,36,711,1143,N/A,ENABLED,N/A,60,62
1744921562,0,752,N/A,N/A,N/A,N/A,ENABLED,1501,500,2100,DISABLED,DISABLED,1498,500,2100,DISABLED,DISABLED,1495,500,2100,DISABLED,DISABLED,1479,500,2100,DISABLED,DISABLED,1488,500,2100,DISABLED,DISABLED,1482,500,2100,DISABLED,DISABLED,1496,500,2100,DISABLED,DISABLED,1483,500,2100,DISABLED,DISABLED,1300,900,1300,N/A,DISABLED,42,914,1333,N/A,ENABLED,42,914,1333,N/A,ENABLED,42,914,1333,N/A,ENABLED,42,914,1333,N/A,ENABLED,36,711,1143,N/A,ENABLED,36,711,1143,N/A,ENABLED,36,711,1143,N/A,ENABLED,36,711,1143,N/A,ENABLED,N/A,60,62
1744921563,0,748,N/A,N/A,N/A,N/A,ENABLED,1493,500,2100,DISABLED,DISABLED,1490,500,2100,DISABLED,DISABLED,1488,500,2100,DISABLED,DISABLED,1471,500,2100,DISABLED,DISABLED,1481,500,2100,DISABLED,DISABLED,1475,500,2100,DISABLED,DISABLED,1488,500,2100,DISABLED,DISABLED,1476,500,2100,DISABLED,DISABLED,1300,900,1300,N/A,DISABLED,42,914,1333,N/A,ENABLED,42,914,1333,N/A,ENABLED,42,914,1333,N/A,ENABLED,42,914,1333,N/A,ENABLED,36,711,1143,N/A,ENABLED,36,711,1143,N/A,ENABLED,36,711,1143,N/A,ENABLED,36,711,1143,N/A,ENABLED,N/A,60,62
1744921564,0,750,N/A,N/A,N/A,N/A,ENABLED,1502,500,2100,DISABLED,DISABLED,1497,500,2100,DISABLED,DISABLED,1499,500,2100,DISABLED,DISABLED,1480,500,2100,DISABLED,DISABLED,1490,500,2100,DISABLED,DISABLED,1486,500,2100,DISABLED,DISABLED,1498,500,2100,DISABLED,DISABLED,1485,500,2100,DISABLED,DISABLED,1300,900,1300,N/A,DISABLED,42,914,1333,N/A,ENABLED,42,914,1333,N/A,ENABLED,42,914,1333,N/A,ENABLED,42,914,1333,N/A,ENABLED,36,711,1143,N/A,ENABLED,36,711,1143,N/A,ENABLED,36,711,1143,N/A,ENABLED,36,711,1143,N/A,ENABLED,N/A,60,62
1744921566,0,751,N/A,N/A,N/A,N/A,ENABLED,1507,500,2100,DISABLED,DISABLED,1502,500,2100,DISABLED,DISABLED,1502,500,2100,DISABLED,DISABLED,1484,500,2100,DISABLED,DISABLED,1494,500,2100,DISABLED,DISABLED,1488,500,2100,DISABLED,DISABLED,1502,500,2100,DISABLED,DISABLED,1488,500,2100,DISABLED,DISABLED,1300,900,1300,N/A,DISABLED,42,914,1333,N/A,ENABLED,42,914,1333,N/A,ENABLED,42,914,1333,N/A,ENABLED,42,914,1333,N/A,ENABLED,36,711,1143,N/A,ENABLED,36,711,1143,N/A,ENABLED,36,711,1143,N/A,ENABLED,36,711,1143,N/A,ENABLED,N/A,60,62
1744921567,0,751,N/A,N/A,N/A,N/A,ENABLED,1498,500,2100,DISABLED,DISABLED,1494,500,2100,DISABLED,DISABLED,1496,500,2100,DISABLED,DISABLED,1478,500,2100,DISABLED,DISABLED,1488,500,2100,DISABLED,DISABLED,1482,500,2100,DISABLED,DISABLED,1493,500,2100,DISABLED,DISABLED,1480,500,2100,DISABLED,DISABLED,1300,900,1300,N/A,DISABLED,42,914,1333,N/A,ENABLED,42,914,1333,N/A,ENABLED,42,914,1333,N/A,ENABLED,42,914,1333,N/A,ENABLED,36,711,1143,N/A,ENABLED,36,711,1143,N/A,ENABLED,36,711,1143,N/A,ENABLED,36,711,1143,N/A,ENABLED,N/A,60,63
1744921568,0,751,N/A,N/A,N/A,N/A,ENABLED,1503,500,2100,DISABLED,DISABLED,1500,500,2100,DISABLED,DISABLED,1498,500,2100,DISABLED,DISABLED,1480,500,2100,DISABLED,DISABLED,1490,500,2100,DISABLED,DISABLED,1484,500,2100,DISABLED,DISABLED,1495,500,2100,DISABLED,DISABLED,1482,500,2100,DISABLED,DISABLED,1300,900,1300,N/A,DISABLED,42,914,1333,N/A,ENABLED,42,914,1333,N/A,ENABLED,42,914,1333,N/A,ENABLED,42,914,1333,N/A,ENABLED,36,711,1143,N/A,ENABLED,36,711,1143,N/A,ENABLED,36,711,1143,N/A,ENABLED,36,711,1143,N/A,ENABLED,N/A,60,63
1744921569,0,749,N/A,N/A,N/A,N/A,ENABLED,1496,500,2100,DISABLED,DISABLED,1493,500,2100,DISABLED,DISABLED,1493,500,2100,DISABLED,DISABLED,1475,500,2100,DISABLED,DISABLED,1486,500,2100,DISABLED,DISABLED,1479,500,2100,DISABLED,DISABLED,1491,500,2100,DISABLED,DISABLED,1479,500,2100,DISABLED,DISABLED,1300,900,1300,N/A,DISABLED,42,914,1333,N/A,ENABLED,42,914,1333,N/A,ENABLED,42,914,1333,N/A,ENABLED,42,914,1333,N/A,ENABLED,36,711,1143,N/A,ENABLED,36,711,1143,N/A,ENABLED,36,711,1143,N/A,ENABLED,36,711,1143,N/A,ENABLED,N/A,60,63
1744921571,0,749,N/A,N/A,N/A,N/A,ENABLED,1492,500,2100,DISABLED,DISABLED,1489,500,2100,DISABLED,DISABLED,1487,500,2100,DISABLED,DISABLED,1470,500,2100,DISABLED,DISABLED,1480,500,2100,DISABLED,DISABLED,1474,500,2100,DISABLED,DISABLED,1488,500,2100,DISABLED,DISABLED,1475,500,2100,DISABLED,DISABLED,1300,900,1300,N/A,DISABLED,42,914,1333,N/A,ENABLED,42,914,1333,N/A,ENABLED,42,914,1333,N/A,ENABLED,42,914,1333,N/A,ENABLED,36,711,1143,N/A,ENABLED,36,711,1143,N/A,ENABLED,36,711,1143,N/A,ENABLED,36,711,1143,N/A,ENABLED,N/A,60,63
1744921572,0,751,N/A,N/A,N/A,N/A,ENABLED,1501,500,2100,DISABLED,DISABLED,1498,500,2100,DISABLED,DISABLED,1499,500,2100,DISABLED,DISABLED,1481,500,2100,DISABLED,DISABLED,1488,500,2100,DISABLED,DISABLED,1482,500,2100,DISABLED,DISABLED,1497,500,2100,DISABLED,DISABLED,1483,500,2100,DISABLED,DISABLED,1300,900,1300,N/A,DISABLED,42,914,1333,N/A,ENABLED,42,914,1333,N/A,ENABLED,42,914,1333,N/A,ENABLED,42,914,1333,N/A,ENABLED,36,711,1143,N/A,ENABLED,36,711,1143,N/A,ENABLED,36,711,1143,N/A,ENABLED,36,711,1143,N/A,ENABLED,N/A,60,63
1744921573,0,748,N/A,N/A,N/A,N/A,ENABLED,1495,500,2100,DISABLED,DISABLED,1491,500,2100,DISABLED,DISABLED,1492,500,2100,DISABLED,DISABLED,1475,500,2100,DISABLED,DISABLED,1484,500,2100,DISABLED,DISABLED,1478,500,2100,DISABLED,DISABLED,1491,500,2100,DISABLED,DISABLED,1477,500,2100,DISABLED,DISABLED,1300,900,1300,N/A,DISABLED,42,914,1333,N/A,ENABLED,42,914,1333,N/A,ENABLED,42,914,1333,N/A,ENABLED,42,914,1333,N/A,ENABLED,36,711,1143,N/A,ENABLED,36,711,1143,N/A,ENABLED,36,711,1143,N/A,ENABLED,36,711,1143,N/A,ENABLED,N/A,60,63
1744921574,0,749,N/A,N/A,N/A,N/A,ENABLED,1496,500,2100,DISABLED,DISABLED,1492,500,2100,DISABLED,DISABLED,1493,500,2100,DISABLED,DISABLED,1475,500,2100,DISABLED,DISABLED,1483,500,2100,DISABLED,DISABLED,1477,500,2100,DISABLED,DISABLED,1491,500,2100,DISABLED,DISABLED,1477,500,2100,DISABLED,DISABLED,1300,900,1300,N/A,DISABLED,42,914,1333,N/A,ENABLED,42,914,1333,N/A,ENABLED,42,914,1333,N/A,ENABLED,42,914,1333,N/A,ENABLED,36,711,1143,N/A,ENABLED,36,711,1143,N/A,ENABLED,36,711,1143,N/A,ENABLED,36,711,1143,N/A,ENABLED,N/A,61,63
1744921576,0,750,N/A,N/A,N/A,N/A,ENABLED,1497,500,2100,DISABLED,DISABLED,1494,500,2100,DISABLED,DISABLED,1494,500,2100,DISABLED,DISABLED,1476,500,2100,DISABLED,DISABLED,1485,500,2100,DISABLED,DISABLED,1479,500,2100,DISABLED,DISABLED,1492,500,2100,DISABLED,DISABLED,1479,500,2100,DISABLED,DISABLED,1300,900,1300,N/A,DISABLED,42,914,1333,N/A,ENABLED,42,914,1333,N/A,ENABLED,42,914,1333,N/A,ENABLED,42,914,1333,N/A,ENABLED,36,711,1143,N/A,ENABLED,36,711,1143,N/A,ENABLED,36,711,1143,N/A,ENABLED,36,711,1143,N/A,ENABLED,N/A,61,63
1744921577,0,748,N/A,N/A,N/A,N/A,ENABLED,1496,500,2100,DISABLED,DISABLED,1492,500,2100,DISABLED,DISABLED,1491,500,2100,DISABLED,DISABLED,1473,500,2100,DISABLED,DISABLED,1481,500,2100,DISABLED,DISABLED,1476,500,2100,DISABLED,DISABLED,1489,500,2100,DISABLED,DISABLED,1476,500,2100,DISABLED,DISABLED,1300,900,1300,N/A,DISABLED,42,914,1333,N/A,ENABLED,42,914,1333,N/A,ENABLED,42,914,1333,N/A,ENABLED,42,914,1333,N/A,ENABLED,36,711,1143,N/A,ENABLED,36,711,1143,N/A,ENABLED,36,711,1143,N/A,ENABLED,36,711,1143,N/A,ENABLED,N/A,61,63
1744921578,0,751,N/A,N/A,N/A,N/A,ENABLED,1499,500,2100,DISABLED,DISABLED,1495,500,2100,DISABLED,DISABLED,1495,500,2100,DISABLED,DISABLED,1477,500,2100,DISABLED,DISABLED,1483,500,2100,DISABLED,DISABLED,1478,500,2100,DISABLED,DISABLED,1492,500,2100,DISABLED,DISABLED,1480,500,2100,DISABLED,DISABLED,1300,900,1300,N/A,DISABLED,42,914,1333,N/A,ENABLED,42,914,1333,N/A,ENABLED,42,914,1333,N/A,ENABLED,42,914,1333,N/A,ENABLED,36,711,1143,N/A,ENABLED,36,711,1143,N/A,ENABLED,36,711,1143,N/A,ENABLED,36,711,1143,N/A,ENABLED,N/A,61,63
1744921579,0,751,N/A,N/A,N/A,N/A,ENABLED,1500,500,2100,DISABLED,DISABLED,1496,500,2100,DISABLED,DISABLED,1498,500,2100,DISABLED,DISABLED,1481,500,2100,DISABLED,DISABLED,1486,500,2100,DISABLED,DISABLED,1481,500,2100,DISABLED,DISABLED,1494,500,2100,DISABLED,DISABLED,1482,500,2100,DISABLED,DISABLED,1300,900,1300,N/A,DISABLED,42,914,1333,N/A,ENABLED,42,914,1333,N/A,ENABLED,42,914,1333,N/A,ENABLED,42,914,1333,N/A,ENABLED,36,711,1143,N/A,ENABLED,36,711,1143,N/A,ENABLED,36,711,1143,N/A,ENABLED,36,711,1143,N/A,ENABLED,N/A,61,63
1744921581,0,751,N/A,N/A,N/A,N/A,ENABLED,1498,500,2100,DISABLED,DISABLED,1494,500,2100,DISABLED,DISABLED,1496,500,2100,DISABLED,DISABLED,1478,500,2100,DISABLED,DISABLED,1484,500,2100,DISABLED,DISABLED,1480,500,2100,DISABLED,DISABLED,1493,500,2100,DISABLED,DISABLED,1480,500,2100,DISABLED,DISABLED,1300,900,1300,N/A,DISABLED,42,914,1333,N/A,ENABLED,42,914,1333,N/A,ENABLED,42,914,1333,N/A,ENABLED,42,914,1333,N/A,ENABLED,36,711,1143,N/A,ENABLED,36,711,1143,N/A,ENABLED,36,711,1143,N/A,ENABLED,36,711,1143,N/A,ENABLED,N/A,61,63
1744921582,0,751,N/A,N/A,N/A,N/A,ENABLED,1493,500,2100,DISABLED,DISABLED,1489,500,2100,DISABLED,DISABLED,1490,500,2100,DISABLED,DISABLED,1472,500,2100,DISABLED,DISABLED,1480,500,2100,DISABLED,DISABLED,1475,500,2100,DISABLED,DISABLED,1487,500,2100,DISABLED,DISABLED,1474,500,2100,DISABLED,DISABLED,1300,900,1300,N/A,DISABLED,42,914,1333,N/A,ENABLED,42,914,1333,N/A,ENABLED,42,914,1333,N/A,ENABLED,42,914,1333,N/A,ENABLED,36,711,1143,N/A,ENABLED,36,711,1143,N/A,ENABLED,36,711,1143,N/A,ENABLED,36,711,1143,N/A,ENABLED,N/A,61,63
1744921583,0,751,N/A,N/A,N/A,N/A,ENABLED,1496,500,2100,DISABLED,DISABLED,1493,500,2100,DISABLED,DISABLED,1494,500,2100,DISABLED,DISABLED,1475,500,2100,DISABLED,DISABLED,1483,500,2100,DISABLED,DISABLED,1477,500,2100,DISABLED,DISABLED,1491,500,2100,DISABLED,DISABLED,1478,500,2100,DISABLED,DISABLED,1300,900,1300,N/A,DISABLED,42,914,1333,N/A,ENABLED,42,914,1333,N/A,ENABLED,42,914,1333,N/A,ENABLED,42,914,1333,N/A,ENABLED,36,711,1143,N/A,ENABLED,36,711,1143,N/A,ENABLED,36,711,1143,N/A,ENABLED,36,711,1143,N/A,ENABLED,N/A,61,63
1744921584,0,751,N/A,N/A,N/A,N/A,ENABLED,1500,500,2100,DISABLED,DISABLED,1496,500,2100,DISABLED,DISABLED,1497,500,2100,DISABLED,DISABLED,1480,500,2100,DISABLED,DISABLED,1487,500,2100,DISABLED,DISABLED,1481,500,2100,DISABLED,DISABLED,1494,500,2100,DISABLED,DISABLED,1481,500,2100,DISABLED,DISABLED,1300,900,1300,N/A,DISABLED,42,914,1333,N/A,ENABLED,42,914,1333,N/A,ENABLED,42,914,1333,N/A,ENABLED,42,914,1333,N/A,ENABLED,36,711,1143,N/A,ENABLED,36,711,1143,N/A,ENABLED,36,711,1143,N/A,ENABLED,36,711,1143,N/A,ENABLED,N/A,61,63
1744921586,0,750,N/A,N/A,N/A,N/A,ENABLED,1492,500,2100,DISABLED,DISABLED,1490,500,2100,DISABLED,DISABLED,1491,500,2100,DISABLED,DISABLED,1474,500,2100,DISABLED,DISABLED,1480,500,2100,DISABLED,DISABLED,1473,500,2100,DISABLED,DISABLED,1487,500,2100,DISABLED,DISABLED,1475,500,2100,DISABLED,DISABLED,1300,900,1300,N/A,DISABLED,42,914,1333,N/A,ENABLED,42,914,1333,N/A,ENABLED,42,914,1333,N/A,ENABLED,42,914,1333,N/A,ENABLED,36,711,1143,N/A,ENABLED,36,711,1143,N/A,ENABLED,36,711,1143,N/A,ENABLED,36,711,1143,N/A,ENABLED,N/A,61,63
1744921587,0,751,N/A,N/A,N/A,N/A,ENABLED,1495,500,2100,DISABLED,DISABLED,1491,500,2100,DISABLED,DISABLED,1494,500,2100,DISABLED,DISABLED,1476,500,2100,DISABLED,DISABLED,1482,500,2100,DISABLED,DISABLED,1477,500,2100,DISABLED,DISABLED,1488,500,2100,DISABLED,DISABLED,1475,500,2100,DISABLED,DISABLED,1300,900,1300,N/A,DISABLED,42,914,1333,N/A,ENABLED,42,914,1333,N/A,ENABLED,42,914,1333,N/A,ENABLED,42,914,1333,N/A,ENABLED,36,711,1143,N/A,ENABLED,36,711,1143,N/A,ENABLED,36,711,1143,N/A,ENABLED,36,711,1143,N/A,ENABLED,N/A,61,63
1744921588,0,749,N/A,N/A,N/A,N/A,ENABLED,1494,500,2100,DISABLED,DISABLED,1490,500,2100,DISABLED,DISABLED,1492,500,2100,DISABLED,DISABLED,1474,500,2100,DISABLED,DISABLED,1480,500,2100,DISABLED,DISABLED,1475,500,2100,DISABLED,DISABLED,1488,500,2100,DISABLED,DISABLED,1475,500,2100,DISABLED,DISABLED,1300,900,1300,N/A,DISABLED,42,914,1333,N/A,ENABLED,42,914,1333,N/A,ENABLED,42,914,1333,N/A,ENABLED,42,914,1333,N/A,ENABLED,36,711,1143,N/A,ENABLED,36,711,1143,N/A,ENABLED,36,711,1143,N/A,ENABLED,36,711,1143,N/A,ENABLED,N/A,61,63
1744921589,0,748,N/A,N/A,N/A,N/A,ENABLED,1492,500,2100,DISABLED,DISABLED,1488,500,2100,DISABLED,DISABLED,1488,500,2100,DISABLED,DISABLED,1470,500,2100,DISABLED,DISABLED,1479,500,2100,DISABLED,DISABLED,1472,500,2100,DISABLED,DISABLED,1485,500,2100,DISABLED,DISABLED,1471,500,2100,DISABLED,DISABLED,1300,900,1300,N/A,DISABLED,42,914,1333,N/A,ENABLED,42,914,1333,N/A,ENABLED,42,914,1333,N/A,ENABLED,42,914,1333,N/A,ENABLED,36,711,1143,N/A,ENABLED,36,711,1143,N/A,ENABLED,36,711,1143,N/A,ENABLED,36,711,1143,N/A,ENABLED,N/A,61,63
1744921591,0,751,N/A,N/A,N/A,N/A,ENABLED,1495,500,2100,DISABLED,DISABLED,1491,500,2100,DISABLED,DISABLED,1492,500,2100,DISABLED,DISABLED,1475,500,2100,DISABLED,DISABLED,1481,500,2100,DISABLED,DISABLED,1475,500,2100,DISABLED,DISABLED,1488,500,2100,DISABLED,DISABLED,1474,500,2100,DISABLED,DISABLED,1300,900,1300,N/A,DISABLED,42,914,1333,N/A,ENABLED,42,914,1333,N/A,ENABLED,42,914,1333,N/A,ENABLED,42,914,1333,N/A,ENABLED,36,711,1143,N/A,ENABLED,36,711,1143,N/A,ENABLED,36,711,1143,N/A,ENABLED,36,711,1143,N/A,ENABLED,N/A,61,63
1744921592,0,751,N/A,N/A,N/A,N/A,ENABLED,1497,500,2100,DISABLED,DISABLED,1493,500,2100,DISABLED,DISABLED,1493,500,2100,DISABLED,DISABLED,1476,500,2100,DISABLED,DISABLED,1484,500,2100,DISABLED,DISABLED,1477,500,2100,DISABLED,DISABLED,1491,500,2100,DISABLED,DISABLED,1477,500,2100,DISABLED,DISABLED,1300,900,1300,N/A,DISABLED,42,914,1333,N/A,ENABLED,42,914,1333,N/A,ENABLED,42,914,1333,N/A,ENABLED,42,914,1333,N/A,ENABLED,36,711,1143,N/A,ENABLED,36,711,1143,N/A,ENABLED,36,711,1143,N/A,ENABLED,36,711,1143,N/A,ENABLED,N/A,61,63
1744921593,0,751,N/A,N/A,N/A,N/A,ENABLED,1497,500,2100,DISABLED,DISABLED,1494,500,2100,DISABLED,DISABLED,1496,500,2100,DISABLED,DISABLED,1479,500,2100,DISABLED,DISABLED,1485,500,2100,DISABLED,DISABLED,1478,500,2100,DISABLED,DISABLED,1492,500,2100,DISABLED,DISABLED,1478,500,2100,DISABLED,DISABLED,1300,900,1300,N/A,DISABLED,42,914,1333,N/A,ENABLED,42,914,1333,N/A,ENABLED,42,914,1333,N/A,ENABLED,42,914,1333,N/A,ENABLED,36,711,1143,N/A,ENABLED,36,711,1143,N/A,ENABLED,36,711,1143,N/A,ENABLED,36,711,1143,N/A,ENABLED,N/A,61,63
1744921594,0,747,N/A,N/A,N/A,N/A,ENABLED,1490,500,2100,DISABLED,DISABLED,1487,500,2100,DISABLED,DISABLED,1488,500,2100,DISABLED,DISABLED,1470,500,2100,DISABLED,DISABLED,1479,500,2100,DISABLED,DISABLED,1471,500,2100,DISABLED,DISABLED,1488,500,2100,DISABLED,DISABLED,1472,500,2100,DISABLED,DISABLED,1300,900,1300,N/A,DISABLED,42,914,1333,N/A,ENABLED,42,914,1333,N/A,ENABLED,42,914,1333,N/A,ENABLED,42,914,1333,N/A,ENABLED,36,711,1143,N/A,ENABLED,36,711,1143,N/A,ENABLED,36,711,1143,N/A,ENABLED,36,711,1143,N/A,ENABLED,N/A,61,64
1744921596,0,748,N/A,N/A,N/A,N/A,ENABLED,1494,500,2100,DISABLED,DISABLED,1491,500,2100,DISABLED,DISABLED,1490,500,2100,DISABLED,DISABLED,1472,500,2100,DISABLED,DISABLED,1482,500,2100,DISABLED,DISABLED,1475,500,2100,DISABLED,DISABLED,1490,500,2100,DISABLED,DISABLED,1475,500,2100,DISABLED,DISABLED,1300,900,1300,N/A,DISABLED,42,914,1333,N/A,ENABLED,42,914,1333,N/A,ENABLED,42,914,1333,N/A,ENABLED,42,914,1333,N/A,ENABLED,36,711,1143,N/A,ENABLED,36,711,1143,N/A,ENABLED,36,711,1143,N/A,ENABLED,36,711,1143,N/A,ENABLED,N/A,61,64
1744921597,0,751,N/A,N/A,N/A,N/A,ENABLED,1499,500,2100,DISABLED,DISABLED,1493,500,2100,DISABLED,DISABLED,1493,500,2100,DISABLED,DISABLED,1475,500,2100,DISABLED,DISABLED,1483,500,2100,DISABLED,DISABLED,1477,500,2100,DISABLED,DISABLED,1491,500,2100,DISABLED,DISABLED,1476,500,2100,DISABLED,DISABLED,1300,900,1300,N/A,DISABLED,42,914,1333,N/A,ENABLED,42,914,1333,N/A,ENABLED,42,914,1333,N/A,ENABLED,42,914,1333,N/A,ENABLED,36,711,1143,N/A,ENABLED,36,711,1143,N/A,ENABLED,36,711,1143,N/A,ENABLED,36,711,1143,N/A,ENABLED,N/A,61,63
1744921598,0,748,N/A,N/A,N/A,N/A,ENABLED,1494,500,2100,DISABLED,DISABLED,1489,500,2100,DISABLED,DISABLED,1490,500,2100,DISABLED,DISABLED,1473,500,2100,DISABLED,DISABLED,1480,500,2100,DISABLED,DISABLED,1474,500,2100,DISABLED,DISABLED,1488,500,2100,DISABLED,DISABLED,1475,500,2100,DISABLED,DISABLED,1300,900,1300,N/A,DISABLED,42,914,1333,N/A,ENABLED,42,914,1333,N/A,ENABLED,42,914,1333,N/A,ENABLED,42,914,1333,N/A,ENABLED,36,711,1143,N/A,ENABLED,36,711,1143,N/A,ENABLED,36,711,1143,N/A,ENABLED,36,711,1143,N/A,ENABLED,N/A,61,64
1744921600,0,748,N/A,N/A,N/A,N/A,ENABLED,1490,500,2100,DISABLED,DISABLED,1485,500,2100,DISABLED,DISABLED,1486,500,2100,DISABLED,DISABLED,1469,500,2100,DISABLED,DISABLED,1479,500,2100,DISABLED,DISABLED,1473,500,2100,DISABLED,DISABLED,1486,500,2100,DISABLED,DISABLED,1472,500,2100,DISABLED,DISABLED,1300,900,1300,N/A,DISABLED,42,914,1333,N/A,ENABLED,42,914,1333,N/A,ENABLED,42,914,1333,N/A,ENABLED,42,914,1333,N/A,ENABLED,36,711,1143,N/A,ENABLED,36,711,1143,N/A,ENABLED,36,711,1143,N/A,ENABLED,36,711,1143,N/A,ENABLED,N/A,61,63
1744921601,0,751,N/A,N/A,N/A,N/A,ENABLED,1496,500,2100,DISABLED,DISABLED,1491,500,2100,DISABLED,DISABLED,1490,500,2100,DISABLED,DISABLED,1473,500,2100,DISABLED,DISABLED,1481,500,2100,DISABLED,DISABLED,1475,500,2100,DISABLED,DISABLED,1489,500,2100,DISABLED,DISABLED,1475,500,2100,DISABLED,DISABLED,1300,900,1300,N/A,DISABLED,42,914,1333,N/A,ENABLED,42,914,1333,N/A,ENABLED,42,914,1333,N/A,ENABLED,42,914,1333,N/A,ENABLED,36,711,1143,N/A,ENABLED,36,711,1143,N/A,ENABLED,36,711,1143,N/A,ENABLED,36,711,1143,N/A,ENABLED,N/A,61,63
1744921602,0,751,N/A,N/A,N/A,N/A,ENABLED,1496,500,2100,DISABLED,DISABLED,1491,500,2100,DISABLED,DISABLED,1492,500,2100,DISABLED,DISABLED,1474,500,2100,DISABLED,DISABLED,1482,500,2100,DISABLED,DISABLED,1477,500,2100,DISABLED,DISABLED,1489,500,2100,DISABLED,DISABLED,1475,500,2100,DISABLED,DISABLED,1300,900,1300,N/A,DISABLED,42,914,1333,N/A,ENABLED,42,914,1333,N/A,ENABLED,42,914,1333,N/A,ENABLED,42,914,1333,N/A,ENABLED,36,711,1143,N/A,ENABLED,36,711,1143,N/A,ENABLED,36,711,1143,N/A,ENABLED,36,711,1143,N/A,ENABLED,N/A,61,63
1744921603,0,751,N/A,N/A,N/A,N/A,ENABLED,1494,500,2100,DISABLED,DISABLED,1490,500,2100,DISABLED,DISABLED,1492,500,2100,DISABLED,DISABLED,1475,500,2100,DISABLED,DISABLED,1482,500,2100,DISABLED,DISABLED,1477,500,2100,DISABLED,DISABLED,1489,500,2100,DISABLED,DISABLED,1475,500,2100,DISABLED,DISABLED,1300,900,1300,N/A,DISABLED,42,914,1333,N/A,ENABLED,42,914,1333,N/A,ENABLED,42,914,1333,N/A,ENABLED,42,914,1333,N/A,ENABLED,36,711,1143,N/A,ENABLED,36,711,1143,N/A,ENABLED,36,711,1143,N/A,ENABLED,36,711,1143,N/A,ENABLED,N/A,61,64
1744921605,0,750,N/A,N/A,N/A,N/A,ENABLED,1491,500,2100,DISABLED,DISABLED,1487,500,2100,DISABLED,DISABLED,1488,500,2100,DISABLED,DISABLED,1471,500,2100,DISABLED,DISABLED,1478,500,2100,DISABLED,DISABLED,1472,500,2100,DISABLED,DISABLED,1485,500,2100,DISABLED,DISABLED,1472,500,2100,DISABLED,DISABLED,1300,900,1300,N/A,DISABLED,42,914,1333,N/A,ENABLED,42,914,1333,N/A,ENABLED,42,914,1333,N/A,ENABLED,42,914,1333,N/A,ENABLED,36,711,1143,N/A,ENABLED,36,711,1143,N/A,ENABLED,36,711,1143,N/A,ENABLED,36,711,1143,N/A,ENABLED,N/A,61,64
1744921606,0,748,N/A,N/A,N/A,N/A,ENABLED,1497,500,2100,DISABLED,DISABLED,1493,500,2100,DISABLED,DISABLED,1493,500,2100,DISABLED,DISABLED,1476,500,2100,DISABLED,DISABLED,1481,500,2100,DISABLED,DISABLED,1476,500,2100,DISABLED,DISABLED,1491,500,2100,DISABLED,DISABLED,1477,500,2100,DISABLED,DISABLED,1300,900,1300,N/A,DISABLED,42,914,1333,N/A,ENABLED,42,914,1333,N/A,ENABLED,42,914,1333,N/A,ENABLED,42,914,1333,N/A,ENABLED,36,711,1143,N/A,ENABLED,36,711,1143,N/A,ENABLED,36,711,1143,N/A,ENABLED,36,711,1143,N/A,ENABLED,N/A,61,64
1744921607,0,747,N/A,N/A,N/A,N/A,ENABLED,1490,500,2100,DISABLED,DISABLED,1486,500,2100,DISABLED,DISABLED,1487,500,2100,DISABLED,DISABLED,1468,500,2100,DISABLED,DISABLED,1476,500,2100,DISABLED,DISABLED,1470,500,2100,DISABLED,DISABLED,1483,500,2100,DISABLED,DISABLED,1470,500,2100,DISABLED,DISABLED,1300,900,1300,N/A,DISABLED,42,914,1333,N/A,ENABLED,42,914,1333,N/A,ENABLED,42,914,1333,N/A,ENABLED,42,914,1333,N/A,ENABLED,36,711,1143,N/A,ENABLED,36,711,1143,N/A,ENABLED,36,711,1143,N/A,ENABLED,36,711,1143,N/A,ENABLED,N/A,61,64
1744921608,0,750,N/A,N/A,N/A,N/A,ENABLED,1494,500,2100,DISABLED,DISABLED,1491,500,2100,DISABLED,DISABLED,1491,500,2100,DISABLED,DISABLED,1472,500,2100,DISABLED,DISABLED,1480,500,2100,DISABLED,DISABLED,1474,500,2100,DISABLED,DISABLED,1488,500,2100,DISABLED,DISABLED,1476,500,2100,DISABLED,DISABLED,1300,900,1300,N/A,DISABLED,42,914,1333,N/A,ENABLED,42,914,1333,N/A,ENABLED,42,914,1333,N/A,ENABLED,42,914,1333,N/A,ENABLED,36,711,1143,N/A,ENABLED,36,711,1143,N/A,ENABLED,36,711,1143,N/A,ENABLED,36,711,1143,N/A,ENABLED,N/A,61,63
1744921610,0,749,N/A,N/A,N/A,N/A,ENABLED,1485,500,2100,DISABLED,DISABLED,1483,500,2100,DISABLED,DISABLED,1483,500,2100,DISABLED,DISABLED,1466,500,2100,DISABLED,DISABLED,1472,500,2100,DISABLED,DISABLED,1467,500,2100,DISABLED,DISABLED,1481,500,2100,DISABLED,DISABLED,1467,500,2100,DISABLED,DISABLED,1300,900,1300,N/A,DISABLED,42,914,1333,N/A,ENABLED,42,914,1333,N/A,ENABLED,42,914,1333,N/A,ENABLED,42,914,1333,N/A,ENABLED,36,711,1143,N/A,ENABLED,36,711,1143,N/A,ENABLED,36,711,1143,N/A,ENABLED,36,711,1143,N/A,ENABLED,N/A,61,63
1744921611,0,750,N/A,N/A,N/A,N/A,ENABLED,1488,500,2100,DISABLED,DISABLED,1485,500,2100,DISABLED,DISABLED,1486,500,2100,DISABLED,DISABLED,1469,500,2100,DISABLED,DISABLED,1476,500,2100,DISABLED,DISABLED,1470,500,2100,DISABLED,DISABLED,1483,500,2100,DISABLED,DISABLED,1470,500,2100,DISABLED,DISABLED,1300,900,1300,N/A,DISABLED,42,914,1333,N/A,ENABLED,42,914,1333,N/A,ENABLED,42,914,1333,N/A,ENABLED,42,914,1333,N/A,ENABLED,36,711,1143,N/A,ENABLED,36,711,1143,N/A,ENABLED,36,711,1143,N/A,ENABLED,36,711,1143,N/A,ENABLED,N/A,61,63
1744921612,0,748,N/A,N/A,N/A,N/A,ENABLED,1492,500,2100,DISABLED,DISABLED,1488,500,2100,DISABLED,DISABLED,1490,500,2100,DISABLED,DISABLED,1473,500,2100,DISABLED,DISABLED,1477,500,2100,DISABLED,DISABLED,1472,500,2100,DISABLED,DISABLED,1485,500,2100,DISABLED,DISABLED,1472,500,2100,DISABLED,DISABLED,1300,900,1300,N/A,DISABLED,42,914,1333,N/A,ENABLED,42,914,1333,N/A,ENABLED,42,914,1333,N/A,ENABLED,42,914,1333,N/A,ENABLED,36,711,1143,N/A,ENABLED,36,711,1143,N/A,ENABLED,36,711,1143,N/A,ENABLED,36,711,1143,N/A,ENABLED,N/A,61,64
1744921613,0,750,N/A,N/A,N/A,N/A,ENABLED,1488,500,2100,DISABLED,DISABLED,1483,500,2100,DISABLED,DISABLED,1484,500,2100,DISABLED,DISABLED,1467,500,2100,DISABLED,DISABLED,1474,500,2100,DISABLED,DISABLED,1467,500,2100,DISABLED,DISABLED,1481,500,2100,DISABLED,DISABLED,1467,500,2100,DISABLED,DISABLED,1300,900,1300,N/A,DISABLED,42,914,1333,N/A,ENABLED,42,914,1333,N/A,ENABLED,42,914,1333,N/A,ENABLED,42,914,1333,N/A,ENABLED,36,711,1143,N/A,ENABLED,36,711,1143,N/A,ENABLED,36,711,1143,N/A,ENABLED,36,711,1143,N/A,ENABLED,N/A,61,63
1744921615,0,749,N/A,N/A,N/A,N/A,ENABLED,1491,500,2100,DISABLED,DISABLED,1486,500,2100,DISABLED,DISABLED,1487,500,2100,DISABLED,DISABLED,1470,500,2100,DISABLED,DISABLED,1479,500,2100,DISABLED,DISABLED,1474,500,2100,DISABLED,DISABLED,1485,500,2100,DISABLED,DISABLED,1471,500,2100,DISABLED,DISABLED,1300,900,1300,N/A,DISABLED,42,914,1333,N/A,ENABLED,42,914,1333,N/A,ENABLED,42,914,1333,N/A,ENABLED,42,914,1333,N/A,ENABLED,36,711,1143,N/A,ENABLED,36,711,1143,N/A,ENABLED,36,711,1143,N/A,ENABLED,36,711,1143,N/A,ENABLED,N/A,61,64
1744921616,0,751,N/A,N/A,N/A,N/A,ENABLED,1490,500,2100,DISABLED,DISABLED,1487,500,2100,DISABLED,DISABLED,1488,500,2100,DISABLED,DISABLED,1469,500,2100,DISABLED,DISABLED,1479,500,2100,DISABLED,DISABLED,1473,500,2100,DISABLED,DISABLED,1485,500,2100,DISABLED,DISABLED,1471,500,2100,DISABLED,DISABLED,1300,900,1300,N/A,DISABLED,42,914,1333,N/A,ENABLED,42,914,1333,N/A,ENABLED,42,914,1333,N/A,ENABLED,42,914,1333,N/A,ENABLED,36,711,1143,N/A,ENABLED,36,711,1143,N/A,ENABLED,36,711,1143,N/A,ENABLED,36,711,1143,N/A,ENABLED,N/A,61,64
1744921617,0,748,N/A,N/A,N/A,N/A,ENABLED,1490,500,2100,DISABLED,DISABLED,1486,500,2100,DISABLED,DISABLED,1487,500,2100,DISABLED,DISABLED,1468,500,2100,DISABLED,DISABLED,1476,500,2100,DISABLED,DISABLED,1471,500,2100,DISABLED,DISABLED,1485,500,2100,DISABLED,DISABLED,1470,500,2100,DISABLED,DISABLED,1300,900,1300,N/A,DISABLED,42,914,1333,N/A,ENABLED,42,914,1333,N/A,ENABLED,42,914,1333,N/A,ENABLED,42,914,1333,N/A,ENABLED,36,711,1143,N/A,ENABLED,36,711,1143,N/A,ENABLED,36,711,1143,N/A,ENABLED,36,711,1143,N/A,ENABLED,N/A,61,64
1744921618,0,750,N/A,N/A,N/A,N/A,ENABLED,1490,500,2100,DISABLED,DISABLED,1485,500,2100,DISABLED,DISABLED,1488,500,2100,DISABLED,DISABLED,1471,500,2100,DISABLED,DISABLED,1475,500,2100,DISABLED,DISABLED,1469,500,2100,DISABLED,DISABLED,1481,500,2100,DISABLED,DISABLED,1467,500,2100,DISABLED,DISABLED,1300,900,1300,N/A,DISABLED,42,914,1333,N/A,ENABLED,42,914,1333,N/A,ENABLED,42,914,1333,N/A,ENABLED,42,914,1333,N/A,ENABLED,36,711,1143,N/A,ENABLED,36,711,1143,N/A,ENABLED,36,711,1143,N/A,ENABLED,36,711,1143,N/A,ENABLED,N/A,61,64
1744921620,0,750,N/A,N/A,N/A,N/A,ENABLED,1488,500,2100,DISABLED,DISABLED,1484,500,2100,DISABLED,DISABLED,1486,500,2100,DISABLED,DISABLED,1470,500,2100,DISABLED,DISABLED,1475,500,2100,DISABLED,DISABLED,1469,500,2100,DISABLED,DISABLED,1481,500,2100,DISABLED,DISABLED,1468,500,2100,DISABLED,DISABLED,1300,900,1300,N/A,DISABLED,42,914,1333,N/A,ENABLED,42,914,1333,N/A,ENABLED,42,914,1333,N/A,ENABLED,42,914,1333,N/A,ENABLED,36,711,1143,N/A,ENABLED,36,711,1143,N/A,ENABLED,36,711,1143,N/A,ENABLED,36,711,1143,N/A,ENABLED,N/A,61,64
1744921621,0,748,N/A,N/A,N/A,N/A,ENABLED,1492,500,2100,DISABLED,DISABLED,1488,500,2100,DISABLED,DISABLED,1490,500,2100,DISABLED,DISABLED,1473,500,2100,DISABLED,DISABLED,1475,500,2100,DISABLED,DISABLED,1471,500,2100,DISABLED,DISABLED,1483,500,2100,DISABLED,DISABLED,1470,500,2100,DISABLED,DISABLED,1300,900,1300,N/A,DISABLED,42,914,1333,N/A,ENABLED,42,914,1333,N/A,ENABLED,42,914,1333,N/A,ENABLED,42,914,1333,N/A,ENABLED,36,711,1143,N/A,ENABLED,36,711,1143,N/A,ENABLED,36,711,1143,N/A,ENABLED,36,711,1143,N/A,ENABLED,N/A,61,64
1744921622,0,752,N/A,N/A,N/A,N/A,ENABLED,1487,500,2100,DISABLED,DISABLED,1483,500,2100,DISABLED,DISABLED,1486,500,2100,DISABLED,DISABLED,1468,500,2100,DISABLED,DISABLED,1472,500,2100,DISABLED,DISABLED,1467,500,2100,DISABLED,DISABLED,1478,500,2100,DISABLED,DISABLED,1464,500,2100,DISABLED,DISABLED,1300,900,1300,N/A,DISABLED,42,914,1333,N/A,ENABLED,42,914,1333,N/A,ENABLED,42,914,1333,N/A,ENABLED,42,914,1333,N/A,ENABLED,36,711,1143,N/A,ENABLED,36,711,1143,N/A,ENABLED,36,711,1143,N/A,ENABLED,36,711,1143,N/A,ENABLED,N/A,61,64
1744921623,0,749,N/A,N/A,N/A,N/A,ENABLED,1494,500,2100,DISABLED,DISABLED,1491,500,2100,DISABLED,DISABLED,1493,500,2100,DISABLED,DISABLED,1475,500,2100,DISABLED,DISABLED,1479,500,2100,DISABLED,DISABLED,1474,500,2100,DISABLED,DISABLED,1485,500,2100,DISABLED,DISABLED,1471,500,2100,DISABLED,DISABLED,1300,900,1300,N/A,DISABLED,42,914,1333,N/A,ENABLED,42,914,1333,N/A,ENABLED,42,914,1333,N/A,ENABLED,42,914,1333,N/A,ENABLED,36,711,1143,N/A,ENABLED,36,711,1143,N/A,ENABLED,36,711,1143,N/A,ENABLED,36,711,1143,N/A,ENABLED,N/A,61,64
1744921625,0,750,N/A,N/A,N/A,N/A,ENABLED,1496,500,2100,DISABLED,DISABLED,1491,500,2100,DISABLED,DISABLED,1492,500,2100,DISABLED,DISABLED,1474,500,2100,DISABLED,DISABLED,1480,500,2100,DISABLED,DISABLED,1477,500,2100,DISABLED,DISABLED,1488,500,2100,DISABLED,DISABLED,1474,500,2100,DISABLED,DISABLED,1300,900,1300,N/A,DISABLED,42,914,1333,N/A,ENABLED,42,914,1333,N/A,ENABLED,42,914,1333,N/A,ENABLED,42,914,1333,N/A,ENABLED,36,711,1143,N/A,ENABLED,36,711,1143,N/A,ENABLED,36,711,1143,N/A,ENABLED,36,711,1143,N/A,ENABLED,N/A,61,64
1744921626,0,748,N/A,N/A,N/A,N/A,ENABLED,1486,500,2100,DISABLED,DISABLED,1483,500,2100,DISABLED,DISABLED,1483,500,2100,DISABLED,DISABLED,1466,500,2100,DISABLED,DISABLED,1470,500,2100,DISABLED,DISABLED,1464,500,2100,DISABLED,DISABLED,1479,500,2100,DISABLED,DISABLED,1467,500,2100,DISABLED,DISABLED,1300,900,1300,N/A,DISABLED,42,914,1333,N/A,ENABLED,42,914,1333,N/A,ENABLED,42,914,1333,N/A,ENABLED,42,914,1333,N/A,ENABLED,36,711,1143,N/A,ENABLED,36,711,1143,N/A,ENABLED,36,711,1143,N/A,ENABLED,36,711,1143,N/A,ENABLED,N/A,61,64
1744921627,0,752,N/A,N/A,N/A,N/A,ENABLED,1490,500,2100,DISABLED,DISABLED,1487,500,2100,DISABLED,DISABLED,1487,500,2100,DISABLED,DISABLED,1470,500,2100,DISABLED,DISABLED,1473,500,2100,DISABLED,DISABLED,1467,500,2100,DISABLED,DISABLED,1484,500,2100,DISABLED,DISABLED,1469,500,2100,DISABLED,DISABLED,1300,900,1300,N/A,DISABLED,42,914,1333,N/A,ENABLED,42,914,1333,N/A,ENABLED,42,914,1333,N/A,ENABLED,42,914,1333,N/A,ENABLED,36,711,1143,N/A,ENABLED,36,711,1143,N/A,ENABLED,36,711,1143,N/A,ENABLED,36,711,1143,N/A,ENABLED,N/A,61,64
1744921628,0,751,N/A,N/A,N/A,N/A,ENABLED,1492,500,2100,DISABLED,DISABLED,1488,500,2100,DISABLED,DISABLED,1489,500,2100,DISABLED,DISABLED,1471,500,2100,DISABLED,DISABLED,1475,500,2100,DISABLED,DISABLED,1472,500,2100,DISABLED,DISABLED,1484,500,2100,DISABLED,DISABLED,1471,500,2100,DISABLED,DISABLED,1300,900,1300,N/A,DISABLED,42,914,1333,N/A,ENABLED,42,914,1333,N/A,ENABLED,42,914,1333,N/A,ENABLED,42,914,1333,N/A,ENABLED,36,711,1143,N/A,ENABLED,36,711,1143,N/A,ENABLED,36,711,1143,N/A,ENABLED,36,711,1143,N/A,ENABLED,N/A,61,64
1744921630,0,750,N/A,N/A,N/A,N/A,ENABLED,1493,500,2100,DISABLED,DISABLED,1489,500,2100,DISABLED,DISABLED,1491,500,2100,DISABLED,DISABLED,1471,500,2100,DISABLED,DISABLED,1475,500,2100,DISABLED,DISABLED,1472,500,2100,DISABLED,DISABLED,1484,500,2100,DISABLED,DISABLED,1472,500,2100,DISABLED,DISABLED,1300,900,1300,N/A,DISABLED,42,914,1333,N/A,ENABLED,42,914,1333,N/A,ENABLED,42,914,1333,N/A,ENABLED,42,914,1333,N/A,ENABLED,36,711,1143,N/A,ENABLED,36,711,1143,N/A,ENABLED,36,711,1143,N/A,ENABLED,36,711,1143,N/A,ENABLED,N/A,62,64
1744921631,0,748,N/A,N/A,N/A,N/A,ENABLED,1489,500,2100,DISABLED,DISABLED,1486,500,2100,DISABLED,DISABLED,1486,500,2100,DISABLED,DISABLED,1468,500,2100,DISABLED,DISABLED,1474,500,2100,DISABLED,DISABLED,1469,500,2100,DISABLED,DISABLED,1483,500,2100,DISABLED,DISABLED,1470,500,2100,DISABLED,DISABLED,1300,900,1300,N/A,DISABLED,42,914,1333,N/A,ENABLED,42,914,1333,N/A,ENABLED,42,914,1333,N/A,ENABLED,42,914,1333,N/A,ENABLED,36,711,1143,N/A,ENABLED,36,711,1143,N/A,ENABLED,36,711,1143,N/A,ENABLED,36,711,1143,N/A,ENABLED,N/A,62,64
1744921632,0,751,N/A,N/A,N/A,N/A,ENABLED,1495,500,2100,DISABLED,DISABLED,1490,500,2100,DISABLED,DISABLED,1491,500,2100,DISABLED,DISABLED,1472,500,2100,DISABLED,DISABLED,1477,500,2100,DISABLED,DISABLED,1471,500,2100,DISABLED,DISABLED,1486,500,2100,DISABLED,DISABLED,1472,500,2100,DISABLED,DISABLED,1300,900,1300,N/A,DISABLED,42,914,1333,N/A,ENABLED,42,914,1333,N/A,ENABLED,42,914,1333,N/A,ENABLED,42,914,1333,N/A,ENABLED,36,711,1143,N/A,ENABLED,36,711,1143,N/A,ENABLED,36,711,1143,N/A,ENABLED,36,711,1143,N/A,ENABLED,N/A,61,64
1744921633,0,751,N/A,N/A,N/A,N/A,ENABLED,1494,500,2100,DISABLED,DISABLED,1490,500,2100,DISABLED,DISABLED,1490,500,2100,DISABLED,DISABLED,1472,500,2100,DISABLED,DISABLED,1477,500,2100,DISABLED,DISABLED,1473,500,2100,DISABLED,DISABLED,1485,500,2100,DISABLED,DISABLED,1472,500,2100,DISABLED,DISABLED,1300,900,1300,N/A,DISABLED,42,914,1333,N/A,ENABLED,42,914,1333,N/A,ENABLED,42,914,1333,N/A,ENABLED,42,914,1333,N/A,ENABLED,36,711,1143,N/A,ENABLED,36,711,1143,N/A,ENABLED,36,711,1143,N/A,ENABLED,36,711,1143,N/A,ENABLED,N/A,62,64
1744921635,0,749,N/A,N/A,N/A,N/A,ENABLED,1489,500,2100,DISABLED,DISABLED,1484,500,2100,DISABLED,DISABLED,1485,500,2100,DISABLED,DISABLED,1465,500,2100,DISABLED,DISABLED,1471,500,2100,DISABLED,DISABLED,1467,500,2100,DISABLED,DISABLED,1482,500,2100,DISABLED,DISABLED,1470,500,2100,DISABLED,DISABLED,1300,900,1300,N/A,DISABLED,42,914,1333,N/A,ENABLED,42,914,1333,N/A,ENABLED,42,914,1333,N/A,ENABLED,42,914,1333,N/A,ENABLED,36,711,1143,N/A,ENABLED,36,711,1143,N/A,ENABLED,36,711,1143,N/A,ENABLED,36,711,1143,N/A,ENABLED,N/A,62,64
1744921636,0,751,N/A,N/A,N/A,N/A,ENABLED,1494,500,2100,DISABLED,DISABLED,1489,500,2100,DISABLED,DISABLED,1490,500,2100,DISABLED,DISABLED,1471,500,2100,DISABLED,DISABLED,1477,500,2100,DISABLED,DISABLED,1472,500,2100,DISABLED,DISABLED,1486,500,2100,DISABLED,DISABLED,1472,500,2100,DISABLED,DISABLED,1300,900,1300,N/A,DISABLED,42,914,1333,N/A,ENABLED,42,914,1333,N/A,ENABLED,42,914,1333,N/A,ENABLED,42,914,1333,N/A,ENABLED,36,711,1143,N/A,ENABLED,36,711,1143,N/A,ENABLED,36,711,1143,N/A,ENABLED,36,711,1143,N/A,ENABLED,N/A,62,64
1744921637,0,751,N/A,N/A,N/A,N/A,ENABLED,1492,500,2100,DISABLED,DISABLED,1488,500,2100,DISABLED,DISABLED,1490,500,2100,DISABLED,DISABLED,1470,500,2100,DISABLED,DISABLED,1477,500,2100,DISABLED,DISABLED,1473,500,2100,DISABLED,DISABLED,1487,500,2100,DISABLED,DISABLED,1473,500,2100,DISABLED,DISABLED,1300,900,1300,N/A,DISABLED,42,914,1333,N/A,ENABLED,42,914,1333,N/A,ENABLED,42,914,1333,N/A,ENABLED,42,914,1333,N/A,ENABLED,36,711,1143,N/A,ENABLED,36,711,1143,N/A,ENABLED,36,711,1143,N/A,ENABLED,36,711,1143,N/A,ENABLED,N/A,62,64
1744921639,0,749,N/A,N/A,N/A,N/A,ENABLED,1493,500,2100,DISABLED,DISABLED,1488,500,2100,DISABLED,DISABLED,1489,500,2100,DISABLED,DISABLED,1470,500,2100,DISABLED,DISABLED,1476,500,2100,DISABLED,DISABLED,1470,500,2100,DISABLED,DISABLED,1486,500,2100,DISABLED,DISABLED,1472,500,2100,DISABLED,DISABLED,1300,900,1300,N/A,DISABLED,42,914,1333,N/A,ENABLED,42,914,1333,N/A,ENABLED,42,914,1333,N/A,ENABLED,42,914,1333,N/A,ENABLED,36,711,1143,N/A,ENABLED,36,711,1143,N/A,ENABLED,36,711,1143,N/A,ENABLED,36,711,1143,N/A,ENABLED,N/A,62,64
1744921640,0,747,N/A,N/A,N/A,N/A,ENABLED,1489,500,2100,DISABLED,DISABLED,1484,500,2100,DISABLED,DISABLED,1486,500,2100,DISABLED,DISABLED,1466,500,2100,DISABLED,DISABLED,1471,500,2100,DISABLED,DISABLED,1466,500,2100,DISABLED,DISABLED,1479,500,2100,DISABLED,DISABLED,1466,500,2100,DISABLED,DISABLED,1300,900,1300,N/A,DISABLED,42,914,1333,N/A,ENABLED,42,914,1333,N/A,ENABLED,42,914,1333,N/A,ENABLED,42,914,1333,N/A,ENABLED,36,711,1143,N/A,ENABLED,36,711,1143,N/A,ENABLED,36,711,1143,N/A,ENABLED,36,711,1143,N/A,ENABLED,N/A,62,64
1744921641,0,747,N/A,N/A,N/A,N/A,ENABLED,1495,500,2100,DISABLED,DISABLED,1490,500,2100,DISABLED,DISABLED,1489,500,2100,DISABLED,DISABLED,1470,500,2100,DISABLED,DISABLED,1478,500,2100,DISABLED,DISABLED,1475,500,2100,DISABLED,DISABLED,1487,500,2100,DISABLED,DISABLED,1472,500,2100,DISABLED,DISABLED,1300,900,1300,N/A,DISABLED,42,914,1333,N/A,ENABLED,42,914,1333,N/A,ENABLED,42,914,1333,N/A,ENABLED,42,914,1333,N/A,ENABLED,36,711,1143,N/A,ENABLED,36,711,1143,N/A,ENABLED,36,711,1143,N/A,ENABLED,36,711,1143,N/A,ENABLED,N/A,62,64
1744921642,0,751,N/A,N/A,N/A,N/A,ENABLED,1491,500,2100,DISABLED,DISABLED,1487,500,2100,DISABLED,DISABLED,1489,500,2100,DISABLED,DISABLED,1469,500,2100,DISABLED,DISABLED,1475,500,2100,DISABLED,DISABLED,1471,500,2100,DISABLED,DISABLED,1485,500,2100,DISABLED,DISABLED,1472,500,2100,DISABLED,DISABLED,1300,900,1300,N/A,DISABLED,42,914,1333,N/A,ENABLED,42,914,1333,N/A,ENABLED,42,914,1333,N/A,ENABLED,42,914,1333,N/A,ENABLED,36,711,1143,N/A,ENABLED,36,711,1143,N/A,ENABLED,36,711,1143,N/A,ENABLED,36,711,1143,N/A,ENABLED,N/A,62,64
1744921644,0,750,N/A,N/A,N/A,N/A,ENABLED,1496,500,2100,DISABLED,DISABLED,1492,500,2100,DISABLED,DISABLED,1493,500,2100,DISABLED,DISABLED,1473,500,2100,DISABLED,DISABLED,1480,500,2100,DISABLED,DISABLED,1474,500,2100,DISABLED,DISABLED,1490,500,2100,DISABLED,DISABLED,1476,500,2100,DISABLED,DISABLED,1300,900,1300,N/A,DISABLED,42,914,1333,N/A,ENABLED,42,914,1333,N/A,ENABLED,42,914,1333,N/A,ENABLED,42,914,1333,N/A,ENABLED,36,711,1143,N/A,ENABLED,36,711,1143,N/A,ENABLED,36,711,1143,N/A,ENABLED,36,711,1143,N/A,ENABLED,N/A,62,64
1744921645,0,750,N/A,N/A,N/A,N/A,ENABLED,1492,500,2100,DISABLED,DISABLED,1488,500,2100,DISABLED,DISABLED,1490,500,2100,DISABLED,DISABLED,1471,500,2100,DISABLED,DISABLED,1475,500,2100,DISABLED,DISABLED,1471,500,2100,DISABLED,DISABLED,1485,500,2100,DISABLED,DISABLED,1471,500,2100,DISABLED,DISABLED,1300,900,1300,N/A,DISABLED,42,914,1333,N/A,ENABLED,42,914,1333,N/A,ENABLED,42,914,1333,N/A,ENABLED,42,914,1333,N/A,ENABLED,36,711,1143,N/A,ENABLED,36,711,1143,N/A,ENABLED,36,711,1143,N/A,ENABLED,36,711,1143,N/A,ENABLED,N/A,62,64
1744921646,0,751,N/A,N/A,N/A,N/A,ENABLED,1493,500,2100,DISABLED,DISABLED,1488,500,2100,DISABLED,DISABLED,1490,500,2100,DISABLED,DISABLED,1472,500,2100,DISABLED,DISABLED,1476,500,2100,DISABLED,DISABLED,1471,500,2100,DISABLED,DISABLED,1485,500,2100,DISABLED,DISABLED,1472,500,2100,DISABLED,DISABLED,1300,900,1300,N/A,DISABLED,42,914,1333,N/A,ENABLED,42,914,1333,N/A,ENABLED,42,914,1333,N/A,ENABLED,42,914,1333,N/A,ENABLED,36,711,1143,N/A,ENABLED,36,711,1143,N/A,ENABLED,36,711,1143,N/A,ENABLED,36,711,1143,N/A,ENABLED,N/A,62,64
1744921647,0,749,N/A,N/A,N/A,N/A,ENABLED,1490,500,2100,DISABLED,DISABLED,1485,500,2100,DISABLED,DISABLED,1487,500,2100,DISABLED,DISABLED,1468,500,2100,DISABLED,DISABLED,1472,500,2100,DISABLED,DISABLED,1468,500,2100,DISABLED,DISABLED,1484,500,2100,DISABLED,DISABLED,1469,500,2100,DISABLED,DISABLED,1300,900,1300,N/A,DISABLED,42,914,1333,N/A,ENABLED,42,914,1333,N/A,ENABLED,42,914,1333,N/A,ENABLED,42,914,1333,N/A,ENABLED,36,711,1143,N/A,ENABLED,36,711,1143,N/A,ENABLED,36,711,1143,N/A,ENABLED,36,711,1143,N/A,ENABLED,N/A,62,64
1744921649,0,748,N/A,N/A,N/A,N/A,ENABLED,1493,500,2100,DISABLED,DISABLED,1489,500,2100,DISABLED,DISABLED,1492,500,2100,DISABLED,DISABLED,1473,500,2100,DISABLED,DISABLED,1476,500,2100,DISABLED,DISABLED,1471,500,2100,DISABLED,DISABLED,1485,500,2100,DISABLED,DISABLED,1471,500,2100,DISABLED,DISABLED,1300,900,1300,N/A,DISABLED,42,914,1333,N/A,ENABLED,42,914,1333,N/A,ENABLED,42,914,1333,N/A,ENABLED,42,914,1333,N/A,ENABLED,36,711,1143,N/A,ENABLED,36,711,1143,N/A,ENABLED,36,711,1143,N/A,ENABLED,36,711,1143,N/A,ENABLED,N/A,62,64
1744921650,0,750,N/A,N/A,N/A,N/A,ENABLED,1490,500,2100,DISABLED,DISABLED,1487,500,2100,DISABLED,DISABLED,1490,500,2100,DISABLED,DISABLED,1470,500,2100,DISABLED,DISABLED,1475,500,2100,DISABLED,DISABLED,1470,500,2100,DISABLED,DISABLED,1485,500,2100,DISABLED,DISABLED,1470,500,2100,DISABLED,DISABLED,1300,900,1300,N/A,DISABLED,42,914,1333,N/A,ENABLED,42,914,1333,N/A,ENABLED,42,914,1333,N/A,ENABLED,42,914,1333,N/A,ENABLED,36,711,1143,N/A,ENABLED,36,711,1143,N/A,ENABLED,36,711,1143,N/A,ENABLED,36,711,1143,N/A,ENABLED,N/A,62,64
1744921651,0,747,N/A,N/A,N/A,N/A,ENABLED,1492,500,2100,DISABLED,DISABLED,1488,500,2100,DISABLED,DISABLED,1487,500,2100,DISABLED,DISABLED,1468,500,2100,DISABLED,DISABLED,1477,500,2100,DISABLED,DISABLED,1473,500,2100,DISABLED,DISABLED,1485,500,2100,DISABLED,DISABLED,1470,500,2100,DISABLED,DISABLED,1300,900,1300,N/A,DISABLED,42,914,1333,N/A,ENABLED,42,914,1333,N/A,ENABLED,42,914,1333,N/A,ENABLED,42,914,1333,N/A,ENABLED,36,711,1143,N/A,ENABLED,36,711,1143,N/A,ENABLED,36,711,1143,N/A,ENABLED,36,711,1143,N/A,ENABLED,N/A,62,64
1744921652,0,751,N/A,N/A,N/A,N/A,ENABLED,1490,500,2100,DISABLED,DISABLED,1486,500,2100,DISABLED,DISABLED,1488,500,2100,DISABLED,DISABLED,1471,500,2100,DISABLED,DISABLED,1475,500,2100,DISABLED,DISABLED,1472,500,2100,DISABLED,DISABLED,1485,500,2100,DISABLED,DISABLED,1471,500,2100,DISABLED,DISABLED,1300,900,1300,N/A,DISABLED,42,914,1333,N/A,ENABLED,42,914,1333,N/A,ENABLED,42,914,1333,N/A,ENABLED,42,914,1333,N/A,ENABLED,36,711,1143,N/A,ENABLED,36,711,1143,N/A,ENABLED,36,711,1143,N/A,ENABLED,36,711,1143,N/A,ENABLED,N/A,62,64
1744921654,0,749,N/A,N/A,N/A,N/A,ENABLED,1487,500,2100,DISABLED,DISABLED,1484,500,2100,DISABLED,DISABLED,1484,500,2100,DISABLED,DISABLED,1465,500,2100,DISABLED,DISABLED,1472,500,2100,DISABLED,DISABLED,1468,500,2100,DISABLED,DISABLED,1482,500,2100,DISABLED,DISABLED,1468,500,2100,DISABLED,DISABLED,1300,900,1300,N/A,DISABLED,42,914,1333,N/A,ENABLED,42,914,1333,N/A,ENABLED,42,914,1333,N/A,ENABLED,42,914,1333,N/A,ENABLED,36,711,1143,N/A,ENABLED,36,711,1143,N/A,ENABLED,36,711,1143,N/A,ENABLED,36,711,1143,N/A,ENABLED,N/A,62,64
1744921655,0,748,N/A,N/A,N/A,N/A,ENABLED,1494,500,2100,DISABLED,DISABLED,1489,500,2100,DISABLED,DISABLED,1490,500,2100,DISABLED,DISABLED,1470,500,2100,DISABLED,DISABLED,1479,500,2100,DISABLED,DISABLED,1473,500,2100,DISABLED,DISABLED,1487,500,2100,DISABLED,DISABLED,1473,500,2100,DISABLED,DISABLED,1300,900,1300,N/A,DISABLED,42,914,1333,N/A,ENABLED,42,914,1333,N/A,ENABLED,42,914,1333,N/A,ENABLED,42,914,1333,N/A,ENABLED,36,711,1143,N/A,ENABLED,36,711,1143,N/A,ENABLED,36,711,1143,N/A,ENABLED,36,711,1143,N/A,ENABLED,N/A,62,64
1744921656,0,751,N/A,N/A,N/A,N/A,ENABLED,1488,500,2100,DISABLED,DISABLED,1484,500,2100,DISABLED,DISABLED,1486,500,2100,DISABLED,DISABLED,1466,500,2100,DISABLED,DISABLED,1473,500,2100,DISABLED,DISABLED,1467,500,2100,DISABLED,DISABLED,1481,500,2100,DISABLED,DISABLED,1467,500,2100,DISABLED,DISABLED,1300,900,1300,N/A,DISABLED,42,914,1333,N/A,ENABLED,42,914,1333,N/A,ENABLED,42,914,1333,N/A,ENABLED,42,914,1333,N/A,ENABLED,36,711,1143,N/A,ENABLED,36,711,1143,N/A,ENABLED,36,711,1143,N/A,ENABLED,36,711,1143,N/A,ENABLED,N/A,62,64
1744921657,0,752,N/A,N/A,N/A,N/A,ENABLED,1491,500,2100,DISABLED,DISABLED,1486,500,2100,DISABLED,DISABLED,1488,500,2100,DISABLED,DISABLED,1468,500,2100,DISABLED,DISABLED,1474,500,2100,DISABLED,DISABLED,1468,500,2100,DISABLED,DISABLED,1482,500,2100,DISABLED,DISABLED,1467,500,2100,DISABLED,DISABLED,1300,900,1300,N/A,DISABLED,42,914,1333,N/A,ENABLED,42,914,1333,N/A,ENABLED,42,914,1333,N/A,ENABLED,42,914,1333,N/A,ENABLED,36,711,1143,N/A,ENABLED,36,711,1143,N/A,ENABLED,36,711,1143,N/A,ENABLED,36,711,1143,N/A,ENABLED,N/A,62,64
1744921659,0,750,N/A,N/A,N/A,N/A,ENABLED,1494,500,2100,DISABLED,DISABLED,1489,500,2100,DISABLED,DISABLED,1491,500,2100,DISABLED,DISABLED,1472,500,2100,DISABLED,DISABLED,1476,500,2100,DISABLED,DISABLED,1472,500,2100,DISABLED,DISABLED,1484,500,2100,DISABLED,DISABLED,1470,500,2100,DISABLED,DISABLED,1300,900,1300,N/A,DISABLED,42,914,1333,N/A,ENABLED,42,914,1333,N/A,ENABLED,42,914,1333,N/A,ENABLED,42,914,1333,N/A,ENABLED,36,711,1143,N/A,ENABLED,36,711,1143,N/A,ENABLED,36,711,1143,N/A,ENABLED,36,711,1143,N/A,ENABLED,N/A,62,65
1744921660,0,748,N/A,N/A,N/A,N/A,ENABLED,1495,500,2100,DISABLED,DISABLED,1491,500,2100,DISABLED,DISABLED,1491,500,2100,DISABLED,DISABLED,1473,500,2100,DISABLED,DISABLED,1480,500,2100,DISABLED,DISABLED,1474,500,2100,DISABLED,DISABLED,1488,500,2100,DISABLED,DISABLED,1475,500,2100,DISABLED,DISABLED,1300,900,1300,N/A,DISABLED,42,914,1333,N/A,ENABLED,42,914,1333,N/A,ENABLED,42,914,1333,N/A,ENABLED,42,914,1333,N/A,ENABLED,36,711,1143,N/A,ENABLED,36,711,1143,N/A,ENABLED,36,711,1143,N/A,ENABLED,36,711,1143,N/A,ENABLED,N/A,62,65
1744921661,0,749,N/A,N/A,N/A,N/A,ENABLED,1491,500,2100,DISABLED,DISABLED,1488,500,2100,DISABLED,DISABLED,1489,500,2100,DISABLED,DISABLED,1471,500,2100,DISABLED,DISABLED,1477,500,2100,DISABLED,DISABLED,1471,500,2100,DISABLED,DISABLED,1486,500,2100,DISABLED,DISABLED,1473,500,2100,DISABLED,DISABLED,1300,900,1300,N/A,DISABLED,42,914,1333,N/A,ENABLED,42,914,1333,N/A,ENABLED,42,914,1333,N/A,ENABLED,42,914,1333,N/A,ENABLED,36,711,1143,N/A,ENABLED,36,711,1143,N/A,ENABLED,36,711,1143,N/A,ENABLED,36,711,1143,N/A,ENABLED,N/A,62,64
1744921662,0,751,N/A,N/A,N/A,N/A,ENABLED,1493,500,2100,DISABLED,DISABLED,1488,500,2100,DISABLED,DISABLED,1490,500,2100,DISABLED,DISABLED,1472,500,2100,DISABLED,DISABLED,1476,500,2100,DISABLED,DISABLED,1471,500,2100,DISABLED,DISABLED,1486,500,2100,DISABLED,DISABLED,1473,500,2100,DISABLED,DISABLED,1300,900,1300,N/A,DISABLED,42,914,1333,N/A,ENABLED,42,914,1333,N/A,ENABLED,42,914,1333,N/A,ENABLED,42,914,1333,N/A,ENABLED,36,711,1143,N/A,ENABLED,36,711,1143,N/A,ENABLED,36,711,1143,N/A,ENABLED,36,711,1143,N/A,ENABLED,N/A,62,64
1744921664,0,750,N/A,N/A,N/A,N/A,ENABLED,1495,500,2100,DISABLED,DISABLED,1490,500,2100,DISABLED,DISABLED,1492,500,2100,DISABLED,DISABLED,1473,500,2100,DISABLED,DISABLED,1478,500,2100,DISABLED,DISABLED,1474,500,2100,DISABLED,DISABLED,1485,500,2100,DISABLED,DISABLED,1472,500,2100,DISABLED,DISABLED,1300,900,1300,N/A,DISABLED,42,914,1333,N/A,ENABLED,42,914,1333,N/A,ENABLED,42,914,1333,N/A,ENABLED,42,914,1333,N/A,ENABLED,36,711,1143,N/A,ENABLED,36,711,1143,N/A,ENABLED,36,711,1143,N/A,ENABLED,36,711,1143,N/A,ENABLED,N/A,62,65
1744921665,0,749,N/A,N/A,N/A,N/A,ENABLED,1489,500,2100,DISABLED,DISABLED,1483,500,2100,DISABLED,DISABLED,1488,500,2100,DISABLED,DISABLED,1467,500,2100,DISABLED,DISABLED,1474,500,2100,DISABLED,DISABLED,1470,500,2100,DISABLED,DISABLED,1481,500,2100,DISABLED,DISABLED,1467,500,2100,DISABLED,DISABLED,1300,900,1300,N/A,DISABLED,42,914,1333,N/A,ENABLED,42,914,1333,N/A,ENABLED,42,914,1333,N/A,ENABLED,42,914,1333,N/A,ENABLED,36,711,1143,N/A,ENABLED,36,711,1143,N/A,ENABLED,36,711,1143,N/A,ENABLED,36,711,1143,N/A,ENABLED,N/A,62,64
1744921666,0,750,N/A,N/A,N/A,N/A,ENABLED,1491,500,2100,DISABLED,DISABLED,1485,500,2100,DISABLED,DISABLED,1487,500,2100,DISABLED,DISABLED,1469,500,2100,DISABLED,DISABLED,1473,500,2100,DISABLED,DISABLED,1470,500,2100,DISABLED,DISABLED,1482,500,2100,DISABLED,DISABLED,1470,500,2100,DISABLED,DISABLED,1300,900,1300,N/A,DISABLED,42,914,1333,N/A,ENABLED,42,914,1333,N/A,ENABLED,42,914,1333,N/A,ENABLED,42,914,1333,N/A,ENABLED,36,711,1143,N/A,ENABLED,36,711,1143,N/A,ENABLED,36,711,1143,N/A,ENABLED,36,711,1143,N/A,ENABLED,N/A,62,65
1744921667,0,751,N/A,N/A,N/A,N/A,ENABLED,1490,500,2100,DISABLED,DISABLED,1485,500,2100,DISABLED,DISABLED,1486,500,2100,DISABLED,DISABLED,1468,500,2100,DISABLED,DISABLED,1472,500,2100,DISABLED,DISABLED,1467,500,2100,DISABLED,DISABLED,1481,500,2100,DISABLED,DISABLED,1469,500,2100,DISABLED,DISABLED,1300,900,1300,N/A,DISABLED,42,914,1333,N/A,ENABLED,42,914,1333,N/A,ENABLED,42,914,1333,N/A,ENABLED,42,914,1333,N/A,ENABLED,36,711,1143,N/A,ENABLED,36,711,1143,N/A,ENABLED,36,711,1143,N/A,ENABLED,36,711,1143,N/A,ENABLED,N/A,62,64
1744921669,0,748,N/A,N/A,N/A,N/A,ENABLED,1489,500,2100,DISABLED,DISABLED,1485,500,2100,DISABLED,DISABLED,1488,500,2100,DISABLED,DISABLED,1469,500,2100,DISABLED,DISABLED,1472,500,2100,DISABLED,DISABLED,1467,500,2100,DISABLED,DISABLED,1479,500,2100,DISABLED,DISABLED,1467,500,2100,DISABLED,DISABLED,1300,900,1300,N/A,DISABLED,42,914,1333,N/A,ENABLED,42,914,1333,N/A,ENABLED,42,914,1333,N/A,ENABLED,42,914,1333,N/A,ENABLED,36,711,1143,N/A,ENABLED,36,711,1143,N/A,ENABLED,36,711,1143,N/A,ENABLED,36,711,1143,N/A,ENABLED,N/A,62,64
1744921670,0,751,N/A,N/A,N/A,N/A,ENABLED,1492,500,2100,DISABLED,DISABLED,1487,500,2100,DISABLED,DISABLED,1489,500,2100,DISABLED,DISABLED,1471,500,2100,DISABLED,DISABLED,1475,500,2100,DISABLED,DISABLED,1469,500,2100,DISABLED,DISABLED,1483,500,2100,DISABLED,DISABLED,1470,500,2100,DISABLED,DISABLED,1300,900,1300,N/A,DISABLED,42,914,1333,N/A,ENABLED,42,914,1333,N/A,ENABLED,42,914,1333,N/A,ENABLED,42,914,1333,N/A,ENABLED,36,711,1143,N/A,ENABLED,36,711,1143,N/A,ENABLED,36,711,1143,N/A,ENABLED,36,711,1143,N/A,ENABLED,N/A,62,64
1744921671,0,750,N/A,N/A,N/A,N/A,ENABLED,1488,500,2100,DISABLED,DISABLED,1484,500,2100,DISABLED,DISABLED,1487,500,2100,DISABLED,DISABLED,1468,500,2100,DISABLED,DISABLED,1472,500,2100,DISABLED,DISABLED,1467,500,2100,DISABLED,DISABLED,1480,500,2100,DISABLED,DISABLED,1467,500,2100,DISABLED,DISABLED,1300,900,1300,N/A,DISABLED,42,914,1333,N/A,ENABLED,42,914,1333,N/A,ENABLED,42,914,1333,N/A,ENABLED,42,914,1333,N/A,ENABLED,36,711,1143,N/A,ENABLED,36,711,1143,N/A,ENABLED,36,711,1143,N/A,ENABLED,36,711,1143,N/A,ENABLED,N/A,62,65
1744921672,0,748,N/A,N/A,N/A,N/A,ENABLED,1485,500,2100,DISABLED,DISABLED,1479,500,2100,DISABLED,DISABLED,1481,500,2100,DISABLED,DISABLED,1463,500,2100,DISABLED,DISABLED,1468,500,2100,DISABLED,DISABLED,1462,500,2100,DISABLED,DISABLED,1475,500,2100,DISABLED,DISABLED,1462,500,2100,DISABLED,DISABLED,1300,900,1300,N/A,DISABLED,42,914,1333,N/A,ENABLED,42,914,1333,N/A,ENABLED,42,914,1333,N/A,ENABLED,42,914,1333,N/A,ENABLED,36,711,1143,N/A,ENABLED,36,711,1143,N/A,ENABLED,36,711,1143,N/A,ENABLED,36,711,1143,N/A,ENABLED,N/A,62,65
1744921674,0,750,N/A,N/A,N/A,N/A,ENABLED,1492,500,2100,DISABLED,DISABLED,1487,500,2100,DISABLED,DISABLED,1492,500,2100,DISABLED,DISABLED,1473,500,2100,DISABLED,DISABLED,1476,500,2100,DISABLED,DISABLED,1470,500,2100,DISABLED,DISABLED,1487,500,2100,DISABLED,DISABLED,1473,500,2100,DISABLED,DISABLED,1300,900,1300,N/A,DISABLED,42,914,1333,N/A,ENABLED,42,914,1333,N/A,ENABLED,42,914,1333,N/A,ENABLED,42,914,1333,N/A,ENABLED,36,711,1143,N/A,ENABLED,36,711,1143,N/A,ENABLED,36,711,1143,N/A,ENABLED,36,711,1143,N/A,ENABLED,N/A,62,65
1744921675,0,748,N/A,N/A,N/A,N/A,ENABLED,1488,500,2100,DISABLED,DISABLED,1482,500,2100,DISABLED,DISABLED,1486,500,2100,DISABLED,DISABLED,1468,500,2100,DISABLED,DISABLED,1470,500,2100,DISABLED,DISABLED,1466,500,2100,DISABLED,DISABLED,1480,500,2100,DISABLED,DISABLED,1466,500,2100,DISABLED,DISABLED,1300,900,1300,N/A,DISABLED,42,914,1333,N/A,ENABLED,42,914,1333,N/A,ENABLED,42,914,1333,N/A,ENABLED,42,914,1333,N/A,ENABLED,36,711,1143,N/A,ENABLED,36,711,1143,N/A,ENABLED,36,711,1143,N/A,ENABLED,36,711,1143,N/A,ENABLED,N/A,62,65
1744921676,0,750,N/A,N/A,N/A,N/A,ENABLED,1492,500,2100,DISABLED,DISABLED,1487,500,2100,DISABLED,DISABLED,1490,500,2100,DISABLED,DISABLED,1472,500,2100,DISABLED,DISABLED,1475,500,2100,DISABLED,DISABLED,1469,500,2100,DISABLED,DISABLED,1486,500,2100,DISABLED,DISABLED,1473,500,2100,DISABLED,DISABLED,1300,900,1300,N/A,DISABLED,42,914,1333,N/A,ENABLED,42,914,1333,N/A,ENABLED,42,914,1333,N/A,ENABLED,42,914,1333,N/A,ENABLED,36,711,1143,N/A,ENABLED,36,711,1143,N/A,ENABLED,36,711,1143,N/A,ENABLED,36,711,1143,N/A,ENABLED,N/A,62,64
1744921678,0,751,N/A,N/A,N/A,N/A,ENABLED,1491,500,2100,DISABLED,DISABLED,1486,500,2100,DISABLED,DISABLED,1489,500,2100,DISABLED,DISABLED,1470,500,2100,DISABLED,DISABLED,1474,500,2100,DISABLED,DISABLED,1470,500,2100,DISABLED,DISABLED,1483,500,2100,DISABLED,DISABLED,1470,500,2100,DISABLED,DISABLED,1300,900,1300,N/A,DISABLED,42,914,1333,N/A,ENABLED,42,914,1333,N/A,ENABLED,42,914,1333,N/A,ENABLED,42,914,1333,N/A,ENABLED,36,711,1143,N/A,ENABLED,36,711,1143,N/A,ENABLED,36,711,1143,N/A,ENABLED,36,711,1143,N/A,ENABLED,N/A,62,65
1744921679,0,751,N/A,N/A,N/A,N/A,ENABLED,1485,500,2100,DISABLED,DISABLED,1480,500,2100,DISABLED,DISABLED,1485,500,2100,DISABLED,DISABLED,1464,500,2100,DISABLED,DISABLED,1468,500,2100,DISABLED,DISABLED,1463,500,2100,DISABLED,DISABLED,1479,500,2100,DISABLED,DISABLED,1465,500,2100,DISABLED,DISABLED,1300,900,1300,N/A,DISABLED,42,914,1333,N/A,ENABLED,42,914,1333,N/A,ENABLED,42,914,1333,N/A,ENABLED,42,914,1333,N/A,ENABLED,36,711,1143,N/A,ENABLED,36,711,1143,N/A,ENABLED,36,711,1143,N/A,ENABLED,36,711,1143,N/A,ENABLED,N/A,62,65
1744921680,0,747,N/A,N/A,N/A,N/A,ENABLED,1490,500,2100,DISABLED,DISABLED,1485,500,2100,DISABLED,DISABLED,1488,500,2100,DISABLED,DISABLED,1470,500,2100,DISABLED,DISABLED,1472,500,2100,DISABLED,DISABLED,1468,500,2100,DISABLED,DISABLED,1482,500,2100,DISABLED,DISABLED,1468,500,2100,DISABLED,DISABLED,1300,900,1300,N/A,DISABLED,42,914,1333,N/A,ENABLED,42,914,1333,N/A,ENABLED,42,914,1333,N/A,ENABLED,42,914,1333,N/A,ENABLED,36,711,1143,N/A,ENABLED,36,711,1143,N/A,ENABLED,36,711,1143,N/A,ENABLED,36,711,1143,N/A,ENABLED,N/A,62,65
1744921681,0,749,N/A,N/A,N/A,N/A,ENABLED,1491,500,2100,DISABLED,DISABLED,1485,500,2100,DISABLED,DISABLED,1488,500,2100,DISABLED,DISABLED,1471,500,2100,DISABLED,DISABLED,1473,500,2100,DISABLED,DISABLED,1467,500,2100,DISABLED,DISABLED,1481,500,2100,DISABLED,DISABLED,1468,500,2100,DISABLED,DISABLED,1300,900,1300,N/A,DISABLED,42,914,1333,N/A,ENABLED,42,914,1333,N/A,ENABLED,42,914,1333,N/A,ENABLED,42,914,1333,N/A,ENABLED,36,711,1143,N/A,ENABLED,36,711,1143,N/A,ENABLED,36,711,1143,N/A,ENABLED,36,711,1143,N/A,ENABLED,N/A,62,65
1744921683,0,750,N/A,N/A,N/A,N/A,ENABLED,1487,500,2100,DISABLED,DISABLED,1482,500,2100,DISABLED,DISABLED,1485,500,2100,DISABLED,DISABLED,1466,500,2100,DISABLED,DISABLED,1469,500,2100,DISABLED,DISABLED,1462,500,2100,DISABLED,DISABLED,1479,500,2100,DISABLED,DISABLED,1465,500,2100,DISABLED,DISABLED,1300,900,1300,N/A,DISABLED,42,914,1333,N/A,ENABLED,42,914,1333,N/A,ENABLED,42,914,1333,N/A,ENABLED,42,914,1333,N/A,ENABLED,36,711,1143,N/A,ENABLED,36,711,1143,N/A,ENABLED,36,711,1143,N/A,ENABLED,36,711,1143,N/A,ENABLED,N/A,62,65
1744921684,0,751,N/A,N/A,N/A,N/A,ENABLED,1489,500,2100,DISABLED,DISABLED,1484,500,2100,DISABLED,DISABLED,1486,500,2100,DISABLED,DISABLED,1467,500,2100,DISABLED,DISABLED,1471,500,2100,DISABLED,DISABLED,1465,500,2100,DISABLED,DISABLED,1480,500,2100,DISABLED,DISABLED,1466,500,2100,DISABLED,DISABLED,1300,900,1300,N/A,DISABLED,42,914,1333,N/A,ENABLED,42,914,1333,N/A,ENABLED,42,914,1333,N/A,ENABLED,42,914,1333,N/A,ENABLED,36,711,1143,N/A,ENABLED,36,711,1143,N/A,ENABLED,36,711,1143,N/A,ENABLED,36,711,1143,N/A,ENABLED,N/A,62,65
1744921685,0,751,N/A,N/A,N/A,N/A,ENABLED,1488,500,2100,DISABLED,DISABLED,1483,500,2100,DISABLED,DISABLED,1483,500,2100,DISABLED,DISABLED,1464,500,2100,DISABLED,DISABLED,1468,500,2100,DISABLED,DISABLED,1461,500,2100,DISABLED,DISABLED,1478,500,2100,DISABLED,DISABLED,1463,500,2100,DISABLED,DISABLED,1300,900,1300,N/A,DISABLED,42,914,1333,N/A,ENABLED,42,914,1333,N/A,ENABLED,42,914,1333,N/A,ENABLED,42,914,1333,N/A,ENABLED,36,711,1143,N/A,ENABLED,36,711,1143,N/A,ENABLED,36,711,1143,N/A,ENABLED,36,711,1143,N/A,ENABLED,N/A,62,65
1744921686,0,748,N/A,N/A,N/A,N/A,ENABLED,1486,500,2100,DISABLED,DISABLED,1480,500,2100,DISABLED,DISABLED,1479,500,2100,DISABLED,DISABLED,1460,500,2100,DISABLED,DISABLED,1465,500,2100,DISABLED,DISABLED,1459,500,2100,DISABLED,DISABLED,1473,500,2100,DISABLED,DISABLED,1461,500,2100,DISABLED,DISABLED,1300,900,1300,N/A,DISABLED,42,914,1333,N/A,ENABLED,42,914,1333,N/A,ENABLED,42,914,1333,N/A,ENABLED,42,914,1333,N/A,ENABLED,36,711,1143,N/A,ENABLED,36,711,1143,N/A,ENABLED,36,711,1143,N/A,ENABLED,36,711,1143,N/A,ENABLED,N/A,62,65
1744921688,0,751,N/A,N/A,N/A,N/A,ENABLED,1490,500,2100,DISABLED,DISABLED,1484,500,2100,DISABLED,DISABLED,1486,500,2100,DISABLED,DISABLED,1468,500,2100,DISABLED,DISABLED,1473,500,2100,DISABLED,DISABLED,1466,500,2100,DISABLED,DISABLED,1480,500,2100,DISABLED,DISABLED,1467,500,2100,DISABLED,DISABLED,1300,900,1300,N/A,DISABLED,42,914,1333,N/A,ENABLED,42,914,1333,N/A,ENABLED,42,914,1333,N/A,ENABLED,42,914,1333,N/A,ENABLED,36,711,1143,N/A,ENABLED,36,711,1143,N/A,ENABLED,36,711,1143,N/A,ENABLED,36,711,1143,N/A,ENABLED,N/A,62,65
1744921689,0,749,N/A,N/A,N/A,N/A,ENABLED,1493,500,2100,DISABLED,DISABLED,1488,500,2100,DISABLED,DISABLED,1489,500,2100,DISABLED,DISABLED,1471,500,2100,DISABLED,DISABLED,1475,500,2100,DISABLED,DISABLED,1469,500,2100,DISABLED,DISABLED,1481,500,2100,DISABLED,DISABLED,1469,500,2100,DISABLED,DISABLED,1300,900,1300,N/A,DISABLED,42,914,1333,N/A,ENABLED,42,914,1333,N/A,ENABLED,42,914,1333,N/A,ENABLED,42,914,1333,N/A,ENABLED,36,711,1143,N/A,ENABLED,36,711,1143,N/A,ENABLED,36,711,1143,N/A,ENABLED,36,711,1143,N/A,ENABLED,N/A,62,65
1744921690,0,751,N/A,N/A,N/A,N/A,ENABLED,1484,500,2100,DISABLED,DISABLED,1479,500,2100,DISABLED,DISABLED,1481,500,2100,DISABLED,DISABLED,1462,500,2100,DISABLED,DISABLED,1467,500,2100,DISABLED,DISABLED,1460,500,2100,DISABLED,DISABLED,1475,500,2100,DISABLED,DISABLED,1461,500,2100,DISABLED,DISABLED,1300,900,1300,N/A,DISABLED,42,914,1333,N/A,ENABLED,42,914,1333,N/A,ENABLED,42,914,1333,N/A,ENABLED,42,914,1333,N/A,ENABLED,36,711,1143,N/A,ENABLED,36,711,1143,N/A,ENABLED,36,711,1143,N/A,ENABLED,36,711,1143,N/A,ENABLED,N/A,62,65
1744921691,0,751,N/A,N/A,N/A,N/A,ENABLED,1495,500,2100,DISABLED,DISABLED,1485,500,2100,DISABLED,DISABLED,1489,500,2100,DISABLED,DISABLED,1471,500,2100,DISABLED,DISABLED,1474,500,2100,DISABLED,DISABLED,1469,500,2100,DISABLED,DISABLED,1481,500,2100,DISABLED,DISABLED,1468,500,2100,DISABLED,DISABLED,1300,900,1300,N/A,DISABLED,42,914,1333,N/A,ENABLED,42,914,1333,N/A,ENABLED,42,914,1333,N/A,ENABLED,42,914,1333,N/A,ENABLED,36,711,1143,N/A,ENABLED,36,711,1143,N/A,ENABLED,36,711,1143,N/A,ENABLED,36,711,1143,N/A,ENABLED,N/A,62,65
1744921693,0,749,N/A,N/A,N/A,N/A,ENABLED,1487,500,2100,DISABLED,DISABLED,1481,500,2100,DISABLED,DISABLED,1484,500,2100,DISABLED,DISABLED,1466,500,2100,DISABLED,DISABLED,1470,500,2100,DISABLED,DISABLED,1464,500,2100,DISABLED,DISABLED,1476,500,2100,DISABLED,DISABLED,1463,500,2100,DISABLED,DISABLED,1300,900,1300,N/A,DISABLED,42,914,1333,N/A,ENABLED,42,914,1333,N/A,ENABLED,42,914,1333,N/A,ENABLED,42,914,1333,N/A,ENABLED,36,711,1143,N/A,ENABLED,36,711,1143,N/A,ENABLED,36,711,1143,N/A,ENABLED,36,711,1143,N/A,ENABLED,N/A,62,65
1744921694,0,751,N/A,N/A,N/A,N/A,ENABLED,1484,500,2100,DISABLED,DISABLED,1480,500,2100,DISABLED,DISABLED,1483,500,2100,DISABLED,DISABLED,1464,500,2100,DISABLED,DISABLED,1468,500,2100,DISABLED,DISABLED,1462,500,2100,DISABLED,DISABLED,1475,500,2100,DISABLED,DISABLED,1461,500,2100,DISABLED,DISABLED,1300,900,1300,N/A,DISABLED,42,914,1333,N/A,ENABLED,42,914,1333,N/A,ENABLED,42,914,1333,N/A,ENABLED,42,914,1333,N/A,ENABLED,36,711,1143,N/A,ENABLED,36,711,1143,N/A,ENABLED,36,711,1143,N/A,ENABLED,36,711,1143,N/A,ENABLED,N/A,62,65
1744921695,0,748,N/A,N/A,N/A,N/A,ENABLED,1476,500,2100,DISABLED,DISABLED,1472,500,2100,DISABLED,DISABLED,1475,500,2100,DISABLED,DISABLED,1456,500,2100,DISABLED,DISABLED,1460,500,2100,DISABLED,DISABLED,1454,500,2100,DISABLED,DISABLED,1468,500,2100,DISABLED,DISABLED,1456,500,2100,DISABLED,DISABLED,1300,900,1300,N/A,DISABLED,42,914,1333,N/A,ENABLED,42,914,1333,N/A,ENABLED,42,914,1333,N/A,ENABLED,42,914,1333,N/A,ENABLED,36,711,1143,N/A,ENABLED,36,711,1143,N/A,ENABLED,36,711,1143,N/A,ENABLED,36,711,1143,N/A,ENABLED,N/A,62,65
1744921696,0,751,N/A,N/A,N/A,N/A,ENABLED,1483,500,2100,DISABLED,DISABLED,1478,500,2100,DISABLED,DISABLED,1481,500,2100,DISABLED,DISABLED,1463,500,2100,DISABLED,DISABLED,1467,500,2100,DISABLED,DISABLED,1460,500,2100,DISABLED,DISABLED,1473,500,2100,DISABLED,DISABLED,1460,500,2100,DISABLED,DISABLED,1300,900,1300,N/A,DISABLED,42,914,1333,N/A,ENABLED,42,914,1333,N/A,ENABLED,42,914,1333,N/A,ENABLED,42,914,1333,N/A,ENABLED,36,711,1143,N/A,ENABLED,36,711,1143,N/A,ENABLED,36,711,1143,N/A,ENABLED,36,711,1143,N/A,ENABLED,N/A,62,65
1744921698,0,748,N/A,N/A,N/A,N/A,ENABLED,1486,500,2100,DISABLED,DISABLED,1480,500,2100,DISABLED,DISABLED,1484,500,2100,DISABLED,DISABLED,1465,500,2100,DISABLED,DISABLED,1468,500,2100,DISABLED,DISABLED,1462,500,2100,DISABLED,DISABLED,1475,500,2100,DISABLED,DISABLED,1463,500,2100,DISABLED,DISABLED,1300,900,1300,N/A,DISABLED,42,914,1333,N/A,ENABLED,42,914,1333,N/A,ENABLED,42,914,1333,N/A,ENABLED,42,914,1333,N/A,ENABLED,36,711,1143,N/A,ENABLED,36,711,1143,N/A,ENABLED,36,711,1143,N/A,ENABLED,36,711,1143,N/A,ENABLED,N/A,62,66
1744921699,0,750,N/A,N/A,N/A,N/A,ENABLED,1487,500,2100,DISABLED,DISABLED,1482,500,2100,DISABLED,DISABLED,1484,500,2100,DISABLED,DISABLED,1465,500,2100,DISABLED,DISABLED,1466,500,2100,DISABLED,DISABLED,1463,500,2100,DISABLED,DISABLED,1476,500,2100,DISABLED,DISABLED,1465,500,2100,DISABLED,DISABLED,1300,900,1300,N/A,DISABLED,42,914,1333,N/A,ENABLED,42,914,1333,N/A,ENABLED,42,914,1333,N/A,ENABLED,42,914,1333,N/A,ENABLED,36,711,1143,N/A,ENABLED,36,711,1143,N/A,ENABLED,36,711,1143,N/A,ENABLED,36,711,1143,N/A,ENABLED,N/A,63,65
1744921700,0,750,N/A,N/A,N/A,N/A,ENABLED,1483,500,2100,DISABLED,DISABLED,1478,500,2100,DISABLED,DISABLED,1480,500,2100,DISABLED,DISABLED,1459,500,2100,DISABLED,DISABLED,1467,500,2100,DISABLED,DISABLED,1461,500,2100,DISABLED,DISABLED,1473,500,2100,DISABLED,DISABLED,1461,500,2100,DISABLED,DISABLED,1300,900,1300,N/A,DISABLED,42,914,1333,N/A,ENABLED,42,914,1333,N/A,ENABLED,42,914,1333,N/A,ENABLED,42,914,1333,N/A,ENABLED,36,711,1143,N/A,ENABLED,36,711,1143,N/A,ENABLED,36,711,1143,N/A,ENABLED,36,711,1143,N/A,ENABLED,N/A,63,66
1744921701,0,750,N/A,N/A,N/A,N/A,ENABLED,1488,500,2100,DISABLED,DISABLED,1481,500,2100,DISABLED,DISABLED,1484,500,2100,DISABLED,DISABLED,1463,500,2100,DISABLED,DISABLED,1469,500,2100,DISABLED,DISABLED,1464,500,2100,DISABLED,DISABLED,1477,500,2100,DISABLED,DISABLED,1465,500,2100,DISABLED,DISABLED,1300,900,1300,N/A,DISABLED,42,914,1333,N/A,ENABLED,42,914,1333,N/A,ENABLED,42,914,1333,N/A,ENABLED,42,914,1333,N/A,ENABLED,36,711,1143,N/A,ENABLED,36,711,1143,N/A,ENABLED,36,711,1143,N/A,ENABLED,36,711,1143,N/A,ENABLED,N/A,63,65
1744921703,0,750,N/A,N/A,N/A,N/A,ENABLED,1487,500,2100,DISABLED,DISABLED,1482,500,2100,DISABLED,DISABLED,1484,500,2100,DISABLED,DISABLED,1464,500,2100,DISABLED,DISABLED,1469,500,2100,DISABLED,DISABLED,1464,500,2100,DISABLED,DISABLED,1478,500,2100,DISABLED,DISABLED,1463,500,2100,DISABLED,DISABLED,1300,900,1300,N/A,DISABLED,42,914,1333,N/A,ENABLED,42,914,1333,N/A,ENABLED,42,914,1333,N/A,ENABLED,42,914,1333,N/A,ENABLED,36,711,1143,N/A,ENABLED,36,711,1143,N/A,ENABLED,36,711,1143,N/A,ENABLED,36,711,1143,N/A,ENABLED,N/A,63,65
1744921704,0,750,N/A,N/A,N/A,N/A,ENABLED,1487,500,2100,DISABLED,DISABLED,1481,500,2100,DISABLED,DISABLED,1483,500,2100,DISABLED,DISABLED,1465,500,2100,DISABLED,DISABLED,1469,500,2100,DISABLED,DISABLED,1464,500,2100,DISABLED,DISABLED,1476,500,2100,DISABLED,DISABLED,1463,500,2100,DISABLED,DISABLED,1300,900,1300,N/A,DISABLED,42,914,1333,N/A,ENABLED,42,914,1333,N/A,ENABLED,42,914,1333,N/A,ENABLED,42,914,1333,N/A,ENABLED,36,711,1143,N/A,ENABLED,36,711,1143,N/A,ENABLED,36,711,1143,N/A,ENABLED,36,711,1143,N/A,ENABLED,N/A,63,66
1744921705,0,750,N/A,N/A,N/A,N/A,ENABLED,1486,500,2100,DISABLED,DISABLED,1480,500,2100,DISABLED,DISABLED,1484,500,2100,DISABLED,DISABLED,1464,500,2100,DISABLED,DISABLED,1468,500,2100,DISABLED,DISABLED,1462,500,2100,DISABLED,DISABLED,1475,500,2100,DISABLED,DISABLED,1462,500,2100,DISABLED,DISABLED,1300,900,1300,N/A,DISABLED,42,914,1333,N/A,ENABLED,42,914,1333,N/A,ENABLED,42,914,1333,N/A,ENABLED,42,914,1333,N/A,ENABLED,36,711,1143,N/A,ENABLED,36,711,1143,N/A,ENABLED,36,711,1143,N/A,ENABLED,36,711,1143,N/A,ENABLED,N/A,63,65
1744921706,0,751,N/A,N/A,N/A,N/A,ENABLED,1485,500,2100,DISABLED,DISABLED,1478,500,2100,DISABLED,DISABLED,1484,500,2100,DISABLED,DISABLED,1464,500,2100,DISABLED,DISABLED,1467,500,2100,DISABLED,DISABLED,1462,500,2100,DISABLED,DISABLED,1476,500,2100,DISABLED,DISABLED,1464,500,2100,DISABLED,DISABLED,1300,900,1300,N/A,DISABLED,42,914,1333,N/A,ENABLED,42,914,1333,N/A,ENABLED,42,914,1333,N/A,ENABLED,42,914,1333,N/A,ENABLED,36,711,1143,N/A,ENABLED,36,711,1143,N/A,ENABLED,36,711,1143,N/A,ENABLED,36,711,1143,N/A,ENABLED,N/A,63,66
1744921708,0,750,N/A,N/A,N/A,N/A,ENABLED,1487,500,2100,DISABLED,DISABLED,1479,500,2100,DISABLED,DISABLED,1482,500,2100,DISABLED,DISABLED,1464,500,2100,DISABLED,DISABLED,1467,500,2100,DISABLED,DISABLED,1462,500,2100,DISABLED,DISABLED,1477,500,2100,DISABLED,DISABLED,1464,500,2100,DISABLED,DISABLED,1300,900,1300,N/A,DISABLED,42,914,1333,N/A,ENABLED,42,914,1333,N/A,ENABLED,42,914,1333,N/A,ENABLED,42,914,1333,N/A,ENABLED,36,711,1143,N/A,ENABLED,36,711,1143,N/A,ENABLED,36,711,1143,N/A,ENABLED,36,711,1143,N/A,ENABLED,N/A,63,66
1744921709,0,749,N/A,N/A,N/A,N/A,ENABLED,1484,500,2100,DISABLED,DISABLED,1478,500,2100,DISABLED,DISABLED,1481,500,2100,DISABLED,DISABLED,1462,500,2100,DISABLED,DISABLED,1465,500,2100,DISABLED,DISABLED,1460,500,2100,DISABLED,DISABLED,1474,500,2100,DISABLED,DISABLED,1459,500,2100,DISABLED,DISABLED,1300,900,1300,N/A,DISABLED,42,914,1333,N/A,ENABLED,42,914,1333,N/A,ENABLED,42,914,1333,N/A,ENABLED,42,914,1333,N/A,ENABLED,36,711,1143,N/A,ENABLED,36,711,1143,N/A,ENABLED,36,711,1143,N/A,ENABLED,36,711,1143,N/A,ENABLED,N/A,63,65
1744921710,0,751,N/A,N/A,N/A,N/A,ENABLED,1488,500,2100,DISABLED,DISABLED,1483,500,2100,DISABLED,DISABLED,1485,500,2100,DISABLED,DISABLED,1466,500,2100,DISABLED,DISABLED,1470,500,2100,DISABLED,DISABLED,1465,500,2100,DISABLED,DISABLED,1478,500,2100,DISABLED,DISABLED,1464,500,2100,DISABLED,DISABLED,1300,900,1300,N/A,DISABLED,42,914,1333,N/A,ENABLED,42,914,1333,N/A,ENABLED,42,914,1333,N/A,ENABLED,42,914,1333,N/A,ENABLED,36,711,1143,N/A,ENABLED,36,711,1143,N/A,ENABLED,36,711,1143,N/A,ENABLED,36,711,1143,N/A,ENABLED,N/A,63,66
1744921711,0,751,N/A,N/A,N/A,N/A,ENABLED,1489,500,2100,DISABLED,DISABLED,1482,500,2100,DISABLED,DISABLED,1486,500,2100,DISABLED,DISABLED,1467,500,2100,DISABLED,DISABLED,1469,500,2100,DISABLED,DISABLED,1463,500,2100,DISABLED,DISABLED,1477,500,2100,DISABLED,DISABLED,1463,500,2100,DISABLED,DISABLED,1300,900,1300,N/A,DISABLED,42,914,1333,N/A,ENABLED,42,914,1333,N/A,ENABLED,42,914,1333,N/A,ENABLED,42,914,1333,N/A,ENABLED,36,711,1143,N/A,ENABLED,36,711,1143,N/A,ENABLED,36,711,1143,N/A,ENABLED,36,711,1143,N/A,ENABLED,N/A,63,66
1744921713,0,751,N/A,N/A,N/A,N/A,ENABLED,1486,500,2100,DISABLED,DISABLED,1480,500,2100,DISABLED,DISABLED,1483,500,2100,DISABLED,DISABLED,1463,500,2100,DISABLED,DISABLED,1466,500,2100,DISABLED,DISABLED,1461,500,2100,DISABLED,DISABLED,1475,500,2100,DISABLED,DISABLED,1461,500,2100,DISABLED,DISABLED,1300,900,1300,N/A,DISABLED,42,914,1333,N/A,ENABLED,42,914,1333,N/A,ENABLED,42,914,1333,N/A,ENABLED,42,914,1333,N/A,ENABLED,36,711,1143,N/A,ENABLED,36,711,1143,N/A,ENABLED,36,711,1143,N/A,ENABLED,36,711,1143,N/A,ENABLED,N/A,63,66
1744921714,0,751,N/A,N/A,N/A,N/A,ENABLED,1485,500,2100,DISABLED,DISABLED,1479,500,2100,DISABLED,DISABLED,1480,500,2100,DISABLED,DISABLED,1461,500,2100,DISABLED,DISABLED,1465,500,2100,DISABLED,DISABLED,1460,500,2100,DISABLED,DISABLED,1473,500,2100,DISABLED,DISABLED,1459,500,2100,DISABLED,DISABLED,1300,900,1300,N/A,DISABLED,42,914,1333,N/A,ENABLED,42,914,1333,N/A,ENABLED,42,914,1333,N/A,ENABLED,42,914,1333,N/A,ENABLED,36,711,1143,N/A,ENABLED,36,711,1143,N/A,ENABLED,36,711,1143,N/A,ENABLED,36,711,1143,N/A,ENABLED,N/A,63,66
1744921715,0,751,N/A,N/A,N/A,N/A,ENABLED,1486,500,2100,DISABLED,DISABLED,1480,500,2100,DISABLED,DISABLED,1483,500,2100,DISABLED,DISABLED,1464,500,2100,DISABLED,DISABLED,1468,500,2100,DISABLED,DISABLED,1462,500,2100,DISABLED,DISABLED,1475,500,2100,DISABLED,DISABLED,1461,500,2100,DISABLED,DISABLED,1300,900,1300,N/A,DISABLED,42,914,1333,N/A,ENABLED,42,914,1333,N/A,ENABLED,42,914,1333,N/A,ENABLED,42,914,1333,N/A,ENABLED,36,711,1143,N/A,ENABLED,36,711,1143,N/A,ENABLED,36,711,1143,N/A,ENABLED,36,711,1143,N/A,ENABLED,N/A,63,65
1744921716,0,751,N/A,N/A,N/A,N/A,ENABLED,1491,500,2100,DISABLED,DISABLED,1484,500,2100,DISABLED,DISABLED,1487,500,2100,DISABLED,DISABLED,1469,500,2100,DISABLED,DISABLED,1471,500,2100,DISABLED,DISABLED,1465,500,2100,DISABLED,DISABLED,1479,500,2100,DISABLED,DISABLED,1465,500,2100,DISABLED,DISABLED,1300,900,1300,N/A,DISABLED,42,914,1333,N/A,ENABLED,42,914,1333,N/A,ENABLED,42,914,1333,N/A,ENABLED,42,914,1333,N/A,ENABLED,36,711,1143,N/A,ENABLED,36,711,1143,N/A,ENABLED,36,711,1143,N/A,ENABLED,36,711,1143,N/A,ENABLED,N/A,63,65
1744921718,0,751,N/A,N/A,N/A,N/A,ENABLED,1486,500,2100,DISABLED,DISABLED,1479,500,2100,DISABLED,DISABLED,1484,500,2100,DISABLED,DISABLED,1466,500,2100,DISABLED,DISABLED,1469,500,2100,DISABLED,DISABLED,1463,500,2100,DISABLED,DISABLED,1479,500,2100,DISABLED,DISABLED,1465,500,2100,DISABLED,DISABLED,1300,900,1300,N/A,DISABLED,42,914,1333,N/A,ENABLED,42,914,1333,N/A,ENABLED,42,914,1333,N/A,ENABLED,42,914,1333,N/A,ENABLED,36,711,1143,N/A,ENABLED,36,711,1143,N/A,ENABLED,36,711,1143,N/A,ENABLED,36,711,1143,N/A,ENABLED,N/A,63,66
1744921719,0,750,N/A,N/A,N/A,N/A,ENABLED,1486,500,2100,DISABLED,DISABLED,1480,500,2100,DISABLED,DISABLED,1483,500,2100,DISABLED,DISABLED,1465,500,2100,DISABLED,DISABLED,1468,500,2100,DISABLED,DISABLED,1461,500,2100,DISABLED,DISABLED,1478,500,2100,DISABLED,DISABLED,1464,500,2100,DISABLED,DISABLED,1300,900,1300,N/A,DISABLED,42,914,1333,N/A,ENABLED,42,914,1333,N/A,ENABLED,42,914,1333,N/A,ENABLED,42,914,1333,N/A,ENABLED,36,711,1143,N/A,ENABLED,36,711,1143,N/A,ENABLED,36,711,1143,N/A,ENABLED,36,711,1143,N/A,ENABLED,N/A,63,66
1744921720,0,750,N/A,N/A,N/A,N/A,ENABLED,1488,500,2100,DISABLED,DISABLED,1483,500,2100,DISABLED,DISABLED,1483,500,2100,DISABLED,DISABLED,1465,500,2100,DISABLED,DISABLED,1468,500,2100,DISABLED,DISABLED,1463,500,2100,DISABLED,DISABLED,1477,500,2100,DISABLED,DISABLED,1464,500,2100,DISABLED,DISABLED,1300,900,1300,N/A,DISABLED,42,914,1333,N/A,ENABLED,42,914,1333,N/A,ENABLED,42,914,1333,N/A,ENABLED,42,914,1333,N/A,ENABLED,36,711,1143,N/A,ENABLED,36,711,1143,N/A,ENABLED,36,711,1143,N/A,ENABLED,36,711,1143,N/A,ENABLED,N/A,63,65
1744921721,0,751,N/A,N/A,N/A,N/A,ENABLED,1486,500,2100,DISABLED,DISABLED,1481,500,2100,DISABLED,DISABLED,1482,500,2100,DISABLED,DISABLED,1463,500,2100,DISABLED,DISABLED,1467,500,2100,DISABLED,DISABLED,1464,500,2100,DISABLED,DISABLED,1477,500,2100,DISABLED,DISABLED,1465,500,2100,DISABLED,DISABLED,1300,900,1300,N/A,DISABLED,42,914,1333,N/A,ENABLED,42,914,1333,N/A,ENABLED,42,914,1333,N/A,ENABLED,42,914,1333,N/A,ENABLED,36,711,1143,N/A,ENABLED,36,711,1143,N/A,ENABLED,36,711,1143,N/A,ENABLED,36,711,1143,N/A,ENABLED,N/A,63,65
1744921723,0,751,N/A,N/A,N/A,N/A,ENABLED,1490,500,2100,DISABLED,DISABLED,1485,500,2100,DISABLED,DISABLED,1486,500,2100,DISABLED,DISABLED,1467,500,2100,DISABLED,DISABLED,1472,500,2100,DISABLED,DISABLED,1468,500,2100,DISABLED,DISABLED,1479,500,2100,DISABLED,DISABLED,1467,500,2100,DISABLED,DISABLED,1300,900,1300,N/A,DISABLED,42,914,1333,N/A,ENABLED,42,914,1333,N/A,ENABLED,42,914,1333,N/A,ENABLED,42,914,1333,N/A,ENABLED,36,711,1143,N/A,ENABLED,36,711,1143,N/A,ENABLED,36,711,1143,N/A,ENABLED,36,711,1143,N/A,ENABLED,N/A,63,66
1744921724,0,751,N/A,N/A,N/A,N/A,ENABLED,1487,500,2100,DISABLED,DISABLED,1482,500,2100,DISABLED,DISABLED,1484,500,2100,DISABLED,DISABLED,1465,500,2100,DISABLED,DISABLED,1468,500,2100,DISABLED,DISABLED,1463,500,2100,DISABLED,DISABLED,1476,500,2100,DISABLED,DISABLED,1464,500,2100,DISABLED,DISABLED,1300,900,1300,N/A,DISABLED,42,914,1333,N/A,ENABLED,42,914,1333,N/A,ENABLED,42,914,1333,N/A,ENABLED,42,914,1333,N/A,ENABLED,36,711,1143,N/A,ENABLED,36,711,1143,N/A,ENABLED,36,711,1143,N/A,ENABLED,36,711,1143,N/A,ENABLED,N/A,62,65
1744921725,0,751,N/A,N/A,N/A,N/A,ENABLED,1487,500,2100,DISABLED,DISABLED,1482,500,2100,DISABLED,DISABLED,1483,500,2100,DISABLED,DISABLED,1465,500,2100,DISABLED,DISABLED,1468,500,2100,DISABLED,DISABLED,1464,500,2100,DISABLED,DISABLED,1478,500,2100,DISABLED,DISABLED,1464,500,2100,DISABLED,DISABLED,1300,900,1300,N/A,DISABLED,42,914,1333,N/A,ENABLED,42,914,1333,N/A,ENABLED,42,914,1333,N/A,ENABLED,42,914,1333,N/A,ENABLED,36,711,1143,N/A,ENABLED,36,711,1143,N/A,ENABLED,36,711,1143,N/A,ENABLED,36,711,1143,N/A,ENABLED,N/A,62,65
1744921726,0,751,N/A,N/A,N/A,N/A,ENABLED,1493,500,2100,DISABLED,DISABLED,1487,500,2100,DISABLED,DISABLED,1488,500,2100,DISABLED,DISABLED,1470,500,2100,DISABLED,DISABLED,1474,500,2100,DISABLED,DISABLED,1468,500,2100,DISABLED,DISABLED,1483,500,2100,DISABLED,DISABLED,1469,500,2100,DISABLED,DISABLED,1300,900,1300,N/A,DISABLED,42,914,1333,N/A,ENABLED,42,914,1333,N/A,ENABLED,42,914,1333,N/A,ENABLED,42,914,1333,N/A,ENABLED,36,711,1143,N/A,ENABLED,36,711,1143,N/A,ENABLED,36,711,1143,N/A,ENABLED,36,711,1143,N/A,ENABLED,N/A,62,65
1744921728,0,749,N/A,N/A,N/A,N/A,ENABLED,1491,500,2100,DISABLED,DISABLED,1485,500,2100,DISABLED,DISABLED,1487,500,2100,DISABLED,DISABLED,1468,500,2100,DISABLED,DISABLED,1472,500,2100,DISABLED,DISABLED,1468,500,2100,DISABLED,DISABLED,1480,500,2100,DISABLED,DISABLED,1467,500,2100,DISABLED,DISABLED,1300,900,1300,N/A,DISABLED,42,914,1333,N/A,ENABLED,42,914,1333,N/A,ENABLED,42,914,1333,N/A,ENABLED,42,914,1333,N/A,ENABLED,36,711,1143,N/A,ENABLED,36,711,1143,N/A,ENABLED,36,711,1143,N/A,ENABLED,36,711,1143,N/A,ENABLED,N/A,62,65
1744921729,0,749,N/A,N/A,N/A,N/A,ENABLED,1488,500,2100,DISABLED,DISABLED,1480,500,2100,DISABLED,DISABLED,1484,500,2100,DISABLED,DISABLED,1465,500,2100,DISABLED,DISABLED,1468,500,2100,DISABLED,DISABLED,1464,500,2100,DISABLED,DISABLED,1476,500,2100,DISABLED,DISABLED,1462,500,2100,DISABLED,DISABLED,1300,900,1300,N/A,DISABLED,42,914,1333,N/A,ENABLED,42,914,1333,N/A,ENABLED,42,914,1333,N/A,ENABLED,42,914,1333,N/A,ENABLED,36,711,1143,N/A,ENABLED,36,711,1143,N/A,ENABLED,36,711,1143,N/A,ENABLED,36,711,1143,N/A,ENABLED,N/A,62,65
1744921730,0,751,N/A,N/A,N/A,N/A,ENABLED,1489,500,2100,DISABLED,DISABLED,1483,500,2100,DISABLED,DISABLED,1485,500,2100,DISABLED,DISABLED,1468,500,2100,DISABLED,DISABLED,1470,500,2100,DISABLED,DISABLED,1465,500,2100,DISABLED,DISABLED,1479,500,2100,DISABLED,DISABLED,1466,500,2100,DISABLED,DISABLED,1300,900,1300,N/A,DISABLED,42,914,1333,N/A,ENABLED,42,914,1333,N/A,ENABLED,42,914,1333,N/A,ENABLED,42,914,1333,N/A,ENABLED,36,711,1143,N/A,ENABLED,36,711,1143,N/A,ENABLED,36,711,1143,N/A,ENABLED,36,711,1143,N/A,ENABLED,N/A,62,65
1744921732,0,751,N/A,N/A,N/A,N/A,ENABLED,1489,500,2100,DISABLED,DISABLED,1483,500,2100,DISABLED,DISABLED,1486,500,2100,DISABLED,DISABLED,1468,500,2100,DISABLED,DISABLED,1471,500,2100,DISABLED,DISABLED,1466,500,2100,DISABLED,DISABLED,1480,500,2100,DISABLED,DISABLED,1467,500,2100,DISABLED,DISABLED,1300,900,1300,N/A,DISABLED,42,914,1333,N/A,ENABLED,42,914,1333,N/A,ENABLED,42,914,1333,N/A,ENABLED,42,914,1333,N/A,ENABLED,36,711,1143,N/A,ENABLED,36,711,1143,N/A,ENABLED,36,711,1143,N/A,ENABLED,36,711,1143,N/A,ENABLED,N/A,62,65
1744921733,0,751,N/A,N/A,N/A,N/A,ENABLED,1492,500,2100,DISABLED,DISABLED,1488,500,2100,DISABLED,DISABLED,1490,500,2100,DISABLED,DISABLED,1471,500,2100,DISABLED,DISABLED,1474,500,2100,DISABLED,DISABLED,1471,500,2100,DISABLED,DISABLED,1484,500,2100,DISABLED,DISABLED,1470,500,2100,DISABLED,DISABLED,1300,900,1300,N/A,DISABLED,42,914,1333,N/A,ENABLED,42,914,1333,N/A,ENABLED,42,914,1333,N/A,ENABLED,42,914,1333,N/A,ENABLED,36,711,1143,N/A,ENABLED,36,711,1143,N/A,ENABLED,36,711,1143,N/A,ENABLED,36,711,1143,N/A,ENABLED,N/A,62,65
1744921734,0,748,N/A,N/A,N/A,N/A,ENABLED,1491,500,2100,DISABLED,DISABLED,1486,500,2100,DISABLED,DISABLED,1488,500,2100,DISABLED,DISABLED,1472,500,2100,DISABLED,DISABLED,1473,500,2100,DISABLED,DISABLED,1469,500,2100,DISABLED,DISABLED,1482,500,2100,DISABLED,DISABLED,1468,500,2100,DISABLED,DISABLED,1300,900,1300,N/A,DISABLED,42,914,1333,N/A,ENABLED,42,914,1333,N/A,ENABLED,42,914,1333,N/A,ENABLED,42,914,1333,N/A,ENABLED,36,711,1143,N/A,ENABLED,36,711,1143,N/A,ENABLED,36,711,1143,N/A,ENABLED,36,711,1143,N/A,ENABLED,N/A,62,65
1744921735,0,752,N/A,N/A,N/A,N/A,ENABLED,1493,500,2100,DISABLED,DISABLED,1486,500,2100,DISABLED,DISABLED,1488,500,2100,DISABLED,DISABLED,1472,500,2100,DISABLED,DISABLED,1473,500,2100,DISABLED,DISABLED,1469,500,2100,DISABLED,DISABLED,1484,500,2100,DISABLED,DISABLED,1469,500,2100,DISABLED,DISABLED,1300,900,1300,N/A,DISABLED,42,914,1333,N/A,ENABLED,42,914,1333,N/A,ENABLED,42,914,1333,N/A,ENABLED,42,914,1333,N/A,ENABLED,36,711,1143,N/A,ENABLED,36,711,1143,N/A,ENABLED,36,711,1143,N/A,ENABLED,36,711,1143,N/A,ENABLED,N/A,62,65
1744921737,0,750,N/A,N/A,N/A,N/A,ENABLED,1493,500,2100,DISABLED,DISABLED,1488,500,2100,DISABLED,DISABLED,1488,500,2100,DISABLED,DISABLED,1467,500,2100,DISABLED,DISABLED,1474,500,2100,DISABLED,DISABLED,1470,500,2100,DISABLED,DISABLED,1486,500,2100,DISABLED,DISABLED,1471,500,2100,DISABLED,DISABLED,1300,900,1300,N/A,DISABLED,42,914,1333,N/A,ENABLED,42,914,1333,N/A,ENABLED,42,914,1333,N/A,ENABLED,42,914,1333,N/A,ENABLED,36,711,1143,N/A,ENABLED,36,711,1143,N/A,ENABLED,36,711,1143,N/A,ENABLED,36,711,1143,N/A,ENABLED,N/A,62,64
1744921738,0,751,N/A,N/A,N/A,N/A,ENABLED,1492,500,2100,DISABLED,DISABLED,1487,500,2100,DISABLED,DISABLED,1489,500,2100,DISABLED,DISABLED,1472,500,2100,DISABLED,DISABLED,1474,500,2100,DISABLED,DISABLED,1470,500,2100,DISABLED,DISABLED,1484,500,2100,DISABLED,DISABLED,1469,500,2100,DISABLED,DISABLED,1300,900,1300,N/A,DISABLED,42,914,1333,N/A,ENABLED,42,914,1333,N/A,ENABLED,42,914,1333,N/A,ENABLED,42,914,1333,N/A,ENABLED,36,711,1143,N/A,ENABLED,36,711,1143,N/A,ENABLED,36,711,1143,N/A,ENABLED,36,711,1143,N/A,ENABLED,N/A,62,64
1744921739,0,752,N/A,N/A,N/A,N/A,ENABLED,1492,500,2100,DISABLED,DISABLED,1487,500,2100,DISABLED,DISABLED,1490,500,2100,DISABLED,DISABLED,1471,500,2100,DISABLED,DISABLED,1474,500,2100,DISABLED,DISABLED,1470,500,2100,DISABLED,DISABLED,1485,500,2100,DISABLED,DISABLED,1470,500,2100,DISABLED,DISABLED,1300,900,1300,N/A,DISABLED,42,914,1333,N/A,ENABLED,42,914,1333,N/A,ENABLED,42,914,1333,N/A,ENABLED,42,914,1333,N/A,ENABLED,36,711,1143,N/A,ENABLED,36,711,1143,N/A,ENABLED,36,711,1143,N/A,ENABLED,36,711,1143,N/A,ENABLED,N/A,62,64
1744921740,0,750,N/A,N/A,N/A,N/A,ENABLED,1496,500,2100,DISABLED,DISABLED,1491,500,2100,DISABLED,DISABLED,1495,500,2100,DISABLED,DISABLED,1477,500,2100,DISABLED,DISABLED,1481,500,2100,DISABLED,DISABLED,1477,500,2100,DISABLED,DISABLED,1491,500,2100,DISABLED,DISABLED,1477,500,2100,DISABLED,DISABLED,1300,900,1300,N/A,DISABLED,42,914,1333,N/A,ENABLED,42,914,1333,N/A,ENABLED,42,914,1333,N/A,ENABLED,42,914,1333,N/A,ENABLED,36,711,1143,N/A,ENABLED,36,711,1143,N/A,ENABLED,36,711,1143,N/A,ENABLED,36,711,1143,N/A,ENABLED,N/A,62,64
1744921742,0,751,N/A,N/A,N/A,N/A,ENABLED,1494,500,2100,DISABLED,DISABLED,1490,500,2100,DISABLED,DISABLED,1489,500,2100,DISABLED,DISABLED,1470,500,2100,DISABLED,DISABLED,1480,500,2100,DISABLED,DISABLED,1475,500,2100,DISABLED,DISABLED,1487,500,2100,DISABLED,DISABLED,1472,500,2100,DISABLED,DISABLED,1300,900,1300,N/A,DISABLED,42,914,1333,N/A,ENABLED,42,914,1333,N/A,ENABLED,42,914,1333,N/A,ENABLED,42,914,1333,N/A,ENABLED,36,711,1143,N/A,ENABLED,36,711,1143,N/A,ENABLED,36,711,1143,N/A,ENABLED,36,711,1143,N/A,ENABLED,N/A,62,64
1744921743,0,748,N/A,N/A,N/A,N/A,ENABLED,1489,500,2100,DISABLED,DISABLED,1483,500,2100,DISABLED,DISABLED,1484,500,2100,DISABLED,DISABLED,1465,500,2100,DISABLED,DISABLED,1471,500,2100,DISABLED,DISABLED,1466,500,2100,DISABLED,DISABLED,1482,500,2100,DISABLED,DISABLED,1468,500,2100,DISABLED,DISABLED,1300,900,1300,N/A,DISABLED,42,914,1333,N/A,ENABLED,42,914,1333,N/A,ENABLED,42,914,1333,N/A,ENABLED,42,914,1333,N/A,ENABLED,36,711,1143,N/A,ENABLED,36,711,1143,N/A,ENABLED,36,711,1143,N/A,ENABLED,36,711,1143,N/A,ENABLED,N/A,62,64
1744921744,0,750,N/A,N/A,N/A,N/A,ENABLED,1493,500,2100,DISABLED,DISABLED,1489,500,2100,DISABLED,DISABLED,1489,500,2100,DISABLED,DISABLED,1470,500,2100,DISABLED,DISABLED,1478,500,2100,DISABLED,DISABLED,1472,500,2100,DISABLED,DISABLED,1487,500,2100,DISABLED,DISABLED,1472,500,2100,DISABLED,DISABLED,1300,900,1300,N/A,DISABLED,42,914,1333,N/A,ENABLED,42,914,1333,N/A,ENABLED,42,914,1333,N/A,ENABLED,42,914,1333,N/A,ENABLED,36,711,1143,N/A,ENABLED,36,711,1143,N/A,ENABLED,36,711,1143,N/A,ENABLED,36,711,1143,N/A,ENABLED,N/A,62,64
1744921745,0,750,N/A,N/A,N/A,N/A,ENABLED,1494,500,2100,DISABLED,DISABLED,1491,500,2100,DISABLED,DISABLED,1491,500,2100,DISABLED,DISABLED,1473,500,2100,DISABLED,DISABLED,1478,500,2100,DISABLED,DISABLED,1473,500,2100,DISABLED,DISABLED,1489,500,2100,DISABLED,DISABLED,1474,500,2100,DISABLED,DISABLED,1300,900,1300,N/A,DISABLED,42,914,1333,N/A,ENABLED,42,914,1333,N/A,ENABLED,42,914,1333,N/A,ENABLED,42,914,1333,N/A,ENABLED,36,711,1143,N/A,ENABLED,36,711,1143,N/A,ENABLED,36,711,1143,N/A,ENABLED,36,711,1143,N/A,ENABLED,N/A,61,64
1744921747,0,751,N/A,N/A,N/A,N/A,ENABLED,1491,500,2100,DISABLED,DISABLED,1487,500,2100,DISABLED,DISABLED,1487,500,2100,DISABLED,DISABLED,1469,500,2100,DISABLED,DISABLED,1477,500,2100,DISABLED,DISABLED,1470,500,2100,DISABLED,DISABLED,1485,500,2100,DISABLED,DISABLED,1471,500,2100,DISABLED,DISABLED,1300,900,1300,N/A,DISABLED,42,914,1333,N/A,ENABLED,42,914,1333,N/A,ENABLED,42,914,1333,N/A,ENABLED,42,914,1333,N/A,ENABLED,36,711,1143,N/A,ENABLED,36,711,1143,N/A,ENABLED,36,711,1143,N/A,ENABLED,36,711,1143,N/A,ENABLED,N/A,61,63
1744921748,0,751,N/A,N/A,N/A,N/A,ENABLED,1494,500,2100,DISABLED,DISABLED,1490,500,2100,DISABLED,DISABLED,1491,500,2100,DISABLED,DISABLED,1473,500,2100,DISABLED,DISABLED,1480,500,2100,DISABLED,DISABLED,1475,500,2100,DISABLED,DISABLED,1489,500,2100,DISABLED,DISABLED,1475,500,2100,DISABLED,DISABLED,1300,900,1300,N/A,DISABLED,42,914,1333,N/A,ENABLED,42,914,1333,N/A,ENABLED,42,914,1333,N/A,ENABLED,42,914,1333,N/A,ENABLED,36,711,1143,N/A,ENABLED,36,711,1143,N/A,ENABLED,36,711,1143,N/A,ENABLED,36,711,1143,N/A,ENABLED,N/A,61,64
1744921749,0,751,N/A,N/A,N/A,N/A,ENABLED,1488,500,2100,DISABLED,DISABLED,1483,500,2100,DISABLED,DISABLED,1486,500,2100,DISABLED,DISABLED,1467,500,2100,DISABLED,DISABLED,1476,500,2100,DISABLED,DISABLED,1469,500,2100,DISABLED,DISABLED,1482,500,2100,DISABLED,DISABLED,1468,500,2100,DISABLED,DISABLED,1300,900,1300,N/A,DISABLED,42,914,1333,N/A,ENABLED,42,914,1333,N/A,ENABLED,42,914,1333,N/A,ENABLED,42,914,1333,N/A,ENABLED,36,711,1143,N/A,ENABLED,36,711,1143,N/A,ENABLED,36,711,1143,N/A,ENABLED,36,711,1143,N/A,ENABLED,N/A,61,63
1744921750,0,750,N/A,N/A,N/A,N/A,ENABLED,1496,500,2100,DISABLED,DISABLED,1491,500,2100,DISABLED,DISABLED,1493,500,2100,DISABLED,DISABLED,1476,500,2100,DISABLED,DISABLED,1483,500,2100,DISABLED,DISABLED,1476,500,2100,DISABLED,DISABLED,1489,500,2100,DISABLED,DISABLED,1474,500,2100,DISABLED,DISABLED,1300,900,1300,N/A,DISABLED,42,914,1333,N/A,ENABLED,42,914,1333,N/A,ENABLED,42,914,1333,N/A,ENABLED,42,914,1333,N/A,ENABLED,36,711,1143,N/A,ENABLED,36,711,1143,N/A,ENABLED,36,711,1143,N/A,ENABLED,36,711,1143,N/A,ENABLED,N/A,61,63
1744921752,0,752,N/A,N/A,N/A,N/A,ENABLED,1493,500,2100,DISABLED,DISABLED,1488,500,2100,DISABLED,DISABLED,1490,500,2100,DISABLED,DISABLED,1471,500,2100,DISABLED,DISABLED,1479,500,2100,DISABLED,DISABLED,1473,500,2100,DISABLED,DISABLED,1487,500,2100,DISABLED,DISABLED,1473,500,2100,DISABLED,DISABLED,1300,900,1300,N/A,DISABLED,42,914,1333,N/A,ENABLED,42,914,1333,N/A,ENABLED,42,914,1333,N/A,ENABLED,42,914,1333,N/A,ENABLED,36,711,1143,N/A,ENABLED,36,711,1143,N/A,ENABLED,36,711,1143,N/A,ENABLED,36,711,1143,N/A,ENABLED,N/A,61,64
1744921753,0,750,N/A,N/A,N/A,N/A,ENABLED,1491,500,2100,DISABLED,DISABLED,1488,500,2100,DISABLED,DISABLED,1488,500,2100,DISABLED,DISABLED,1469,500,2100,DISABLED,DISABLED,1477,500,2100,DISABLED,DISABLED,1472,500,2100,DISABLED,DISABLED,1485,500,2100,DISABLED,DISABLED,1472,500,2100,DISABLED,DISABLED,1300,900,1300,N/A,DISABLED,42,914,1333,N/A,ENABLED,42,914,1333,N/A,ENABLED,42,914,1333,N/A,ENABLED,42,914,1333,N/A,ENABLED,36,711,1143,N/A,ENABLED,36,711,1143,N/A,ENABLED,36,711,1143,N/A,ENABLED,36,711,1143,N/A,ENABLED,N/A,61,63
1744921754,0,749,N/A,N/A,N/A,N/A,ENABLED,1494,500,2100,DISABLED,DISABLED,1490,500,2100,DISABLED,DISABLED,1491,500,2100,DISABLED,DISABLED,1473,500,2100,DISABLED,DISABLED,1480,500,2100,DISABLED,DISABLED,1475,500,2100,DISABLED,DISABLED,1489,500,2100,DISABLED,DISABLED,1475,500,2100,DISABLED,DISABLED,1300,900,1300,N/A,DISABLED,42,914,1333,N/A,ENABLED,42,914,1333,N/A,ENABLED,42,914,1333,N/A,ENABLED,42,914,1333,N/A,ENABLED,36,711,1143,N/A,ENABLED,36,711,1143,N/A,ENABLED,36,711,1143,N/A,ENABLED,36,711,1143,N/A,ENABLED,N/A,61,64
1744921755,0,751,N/A,N/A,N/A,N/A,ENABLED,1498,500,2100,DISABLED,DISABLED,1493,500,2100,DISABLED,DISABLED,1494,500,2100,DISABLED,DISABLED,1477,500,2100,DISABLED,DISABLED,1485,500,2100,DISABLED,DISABLED,1480,500,2100,DISABLED,DISABLED,1493,500,2100,DISABLED,DISABLED,1478,500,2100,DISABLED,DISABLED,1300,900,1300,N/A,DISABLED,42,914,1333,N/A,ENABLED,42,914,1333,N/A,ENABLED,42,914,1333,N/A,ENABLED,42,914,1333,N/A,ENABLED,36,711,1143,N/A,ENABLED,36,711,1143,N/A,ENABLED,36,711,1143,N/A,ENABLED,36,711,1143,N/A,ENABLED,N/A,61,63
1744921757,0,751,N/A,N/A,N/A,N/A,ENABLED,1495,500,2100,DISABLED,DISABLED,1490,500,2100,DISABLED,DISABLED,1490,500,2100,DISABLED,DISABLED,1472,500,2100,DISABLED,DISABLED,1480,500,2100,DISABLED,DISABLED,1476,500,2100,DISABLED,DISABLED,1489,500,2100,DISABLED,DISABLED,1476,500,2100,DISABLED,DISABLED,1300,900,1300,N/A,DISABLED,42,914,1333,N/A,ENABLED,42,914,1333,N/A,ENABLED,42,914,1333,N/A,ENABLED,42,914,1333,N/A,ENABLED,36,711,1143,N/A,ENABLED,36,711,1143,N/A,ENABLED,36,711,1143,N/A,ENABLED,36,711,1143,N/A,ENABLED,N/A,61,63
1744921758,0,751,N/A,N/A,N/A,N/A,ENABLED,1495,500,2100,DISABLED,DISABLED,1492,500,2100,DISABLED,DISABLED,1491,500,2100,DISABLED,DISABLED,1472,500,2100,DISABLED,DISABLED,1480,500,2100,DISABLED,DISABLED,1475,500,2100,DISABLED,DISABLED,1489,500,2100,DISABLED,DISABLED,1474,500,2100,DISABLED,DISABLED,1300,900,1300,N/A,DISABLED,42,914,1333,N/A,ENABLED,42,914,1333,N/A,ENABLED,42,914,1333,N/A,ENABLED,42,914,1333,N/A,ENABLED,36,711,1143,N/A,ENABLED,36,711,1143,N/A,ENABLED,36,711,1143,N/A,ENABLED,36,711,1143,N/A,ENABLED,N/A,61,63
1744921759,0,748,N/A,N/A,N/A,N/A,ENABLED,1495,500,2100,DISABLED,DISABLED,1492,500,2100,DISABLED,DISABLED,1493,500,2100,DISABLED,DISABLED,1474,500,2100,DISABLED,DISABLED,1481,500,2100,DISABLED,DISABLED,1476,500,2100,DISABLED,DISABLED,1489,500,2100,DISABLED,DISABLED,1475,500,2100,DISABLED,DISABLED,1300,900,1300,N/A,DISABLED,42,914,1333,N/A,ENABLED,42,914,1333,N/A,ENABLED,42,914,1333,N/A,ENABLED,42,914,1333,N/A,ENABLED,36,711,1143,N/A,ENABLED,36,711,1143,N/A,ENABLED,36,711,1143,N/A,ENABLED,36,711,1143,N/A,ENABLED,N/A,61,63
1744921760,0,749,N/A,N/A,N/A,N/A,ENABLED,1495,500,2100,DISABLED,DISABLED,1489,500,2100,DISABLED,DISABLED,1490,500,2100,DISABLED,DISABLED,1472,500,2100,DISABLED,DISABLED,1481,500,2100,DISABLED,DISABLED,1478,500,2100,DISABLED,DISABLED,1487,500,2100,DISABLED,DISABLED,1473,500,2100,DISABLED,DISABLED,1300,900,1300,N/A,DISABLED,42,914,1333,N/A,ENABLED,42,914,1333,N/A,ENABLED,42,914,1333,N/A,ENABLED,42,914,1333,N/A,ENABLED,36,711,1143,N/A,ENABLED,36,711,1143,N/A,ENABLED,36,711,1143,N/A,ENABLED,36,711,1143,N/A,ENABLED,N/A,61,63
1744921762,0,749,N/A,N/A,N/A,N/A,ENABLED,1492,500,2100,DISABLED,DISABLED,1487,500,2100,DISABLED,DISABLED,1488,500,2100,DISABLED,DISABLED,1471,500,2100,DISABLED,DISABLED,1479,500,2100,DISABLED,DISABLED,1474,500,2100,DISABLED,DISABLED,1486,500,2100,DISABLED,DISABLED,1472,500,2100,DISABLED,DISABLED,1300,900,1300,N/A,DISABLED,42,914,1333,N/A,ENABLED,42,914,1333,N/A,ENABLED,42,914,1333,N/A,ENABLED,42,914,1333,N/A,ENABLED,36,711,1143,N/A,ENABLED,36,711,1143,N/A,ENABLED,36,711,1143,N/A,ENABLED,36,711,1143,N/A,ENABLED,N/A,61,63
1744921763,0,748,N/A,N/A,N/A,N/A,ENABLED,1500,500,2100,DISABLED,DISABLED,1495,500,2100,DISABLED,DISABLED,1494,500,2100,DISABLED,DISABLED,1477,500,2100,DISABLED,DISABLED,1485,500,2100,DISABLED,DISABLED,1480,500,2100,DISABLED,DISABLED,1492,500,2100,DISABLED,DISABLED,1478,500,2100,DISABLED,DISABLED,1300,900,1300,N/A,DISABLED,42,914,1333,N/A,ENABLED,42,914,1333,N/A,ENABLED,42,914,1333,N/A,ENABLED,42,914,1333,N/A,ENABLED,36,711,1143,N/A,ENABLED,36,711,1143,N/A,ENABLED,36,711,1143,N/A,ENABLED,36,711,1143,N/A,ENABLED,N/A,61,63
1744921764,0,751,N/A,N/A,N/A,N/A,ENABLED,1498,500,2100,DISABLED,DISABLED,1493,500,2100,DISABLED,DISABLED,1495,500,2100,DISABLED,DISABLED,1477,500,2100,DISABLED,DISABLED,1484,500,2100,DISABLED,DISABLED,1479,500,2100,DISABLED,DISABLED,1491,500,2100,DISABLED,DISABLED,1477,500,2100,DISABLED,DISABLED,1300,900,1300,N/A,DISABLED,42,914,1333,N/A,ENABLED,42,914,1333,N/A,ENABLED,42,914,1333,N/A,ENABLED,42,914,1333,N/A,ENABLED,36,711,1143,N/A,ENABLED,36,711,1143,N/A,ENABLED,36,711,1143,N/A,ENABLED,36,711,1143,N/A,ENABLED,N/A,61,63
1744921765,0,749,N/A,N/A,N/A,N/A,ENABLED,1495,500,2100,DISABLED,DISABLED,1493,500,2100,DISABLED,DISABLED,1492,500,2100,DISABLED,DISABLED,1474,500,2100,DISABLED,DISABLED,1483,500,2100,DISABLED,DISABLED,1478,500,2100,DISABLED,DISABLED,1488,500,2100,DISABLED,DISABLED,1474,500,2100,DISABLED,DISABLED,1300,900,1300,N/A,DISABLED,42,914,1333,N/A,ENABLED,42,914,1333,N/A,ENABLED,42,914,1333,N/A,ENABLED,42,914,1333,N/A,ENABLED,36,711,1143,N/A,ENABLED,36,711,1143,N/A,ENABLED,36,711,1143,N/A,ENABLED,36,711,1143,N/A,ENABLED,N/A,60,63
1744921767,0,751,N/A,N/A,N/A,N/A,ENABLED,1497,500,2100,DISABLED,DISABLED,1491,500,2100,DISABLED,DISABLED,1493,500,2100,DISABLED,DISABLED,1476,500,2100,DISABLED,DISABLED,1484,500,2100,DISABLED,DISABLED,1479,500,2100,DISABLED,DISABLED,1491,500,2100,DISABLED,DISABLED,1477,500,2100,DISABLED,DISABLED,1300,900,1300,N/A,DISABLED,42,914,1333,N/A,ENABLED,42,914,1333,N/A,ENABLED,42,914,1333,N/A,ENABLED,42,914,1333,N/A,ENABLED,36,711,1143,N/A,ENABLED,36,711,1143,N/A,ENABLED,36,711,1143,N/A,ENABLED,36,711,1143,N/A,ENABLED,N/A,60,63
1744921768,0,750,N/A,N/A,N/A,N/A,ENABLED,1497,500,2100,DISABLED,DISABLED,1491,500,2100,DISABLED,DISABLED,1493,500,2100,DISABLED,DISABLED,1474,500,2100,DISABLED,DISABLED,1483,500,2100,DISABLED,DISABLED,1478,500,2100,DISABLED,DISABLED,1490,500,2100,DISABLED,DISABLED,1476,500,2100,DISABLED,DISABLED,1300,900,1300,N/A,DISABLED,42,914,1333,N/A,ENABLED,42,914,1333,N/A,ENABLED,42,914,1333,N/A,ENABLED,42,914,1333,N/A,ENABLED,36,711,1143,N/A,ENABLED,36,711,1143,N/A,ENABLED,36,711,1143,N/A,ENABLED,36,711,1143,N/A,ENABLED,N/A,60,63
1744921769,0,748,N/A,N/A,N/A,N/A,ENABLED,1495,500,2100,DISABLED,DISABLED,1490,500,2100,DISABLED,DISABLED,1490,500,2100,DISABLED,DISABLED,1473,500,2100,DISABLED,DISABLED,1480,500,2100,DISABLED,DISABLED,1475,500,2100,DISABLED,DISABLED,1489,500,2100,DISABLED,DISABLED,1474,500,2100,DISABLED,DISABLED,1300,900,1300,N/A,DISABLED,42,914,1333,N/A,ENABLED,42,914,1333,N/A,ENABLED,42,914,1333,N/A,ENABLED,42,914,1333,N/A,ENABLED,36,711,1143,N/A,ENABLED,36,711,1143,N/A,ENABLED,36,711,1143,N/A,ENABLED,36,711,1143,N/A,ENABLED,N/A,60,63
1744921770,0,751,N/A,N/A,N/A,N/A,ENABLED,1496,500,2100,DISABLED,DISABLED,1492,500,2100,DISABLED,DISABLED,1493,500,2100,DISABLED,DISABLED,1476,500,2100,DISABLED,DISABLED,1483,500,2100,DISABLED,DISABLED,1477,500,2100,DISABLED,DISABLED,1490,500,2100,DISABLED,DISABLED,1476,500,2100,DISABLED,DISABLED,1300,900,1300,N/A,DISABLED,42,914,1333,N/A,ENABLED,42,914,1333,N/A,ENABLED,42,914,1333,N/A,ENABLED,42,914,1333,N/A,ENABLED,36,711,1143,N/A,ENABLED,36,711,1143,N/A,ENABLED,36,711,1143,N/A,ENABLED,36,711,1143,N/A,ENABLED,N/A,60,63
1744921772,0,749,N/A,N/A,N/A,N/A,ENABLED,1498,500,2100,DISABLED,DISABLED,1493,500,2100,DISABLED,DISABLED,1494,500,2100,DISABLED,DISABLED,1476,500,2100,DISABLED,DISABLED,1485,500,2100,DISABLED,DISABLED,1479,500,2100,DISABLED,DISABLED,1491,500,2100,DISABLED,DISABLED,1477,500,2100,DISABLED,DISABLED,1300,900,1300,N/A,DISABLED,42,914,1333,N/A,ENABLED,42,914,1333,N/A,ENABLED,42,914,1333,N/A,ENABLED,42,914,1333,N/A,ENABLED,36,711,1143,N/A,ENABLED,36,711,1143,N/A,ENABLED,36,711,1143,N/A,ENABLED,36,711,1143,N/A,ENABLED,N/A,60,63
1744921773,0,751,N/A,N/A,N/A,N/A,ENABLED,1499,500,2100,DISABLED,DISABLED,1494,500,2100,DISABLED,DISABLED,1496,500,2100,DISABLED,DISABLED,1479,500,2100,DISABLED,DISABLED,1486,500,2100,DISABLED,DISABLED,1481,500,2100,DISABLED,DISABLED,1495,500,2100,DISABLED,DISABLED,1481,500,2100,DISABLED,DISABLED,1300,900,1300,N/A,DISABLED,42,914,1333,N/A,ENABLED,42,914,1333,N/A,ENABLED,42,914,1333,N/A,ENABLED,42,914,1333,N/A,ENABLED,36,711,1143,N/A,ENABLED,36,711,1143,N/A,ENABLED,36,711,1143,N/A,ENABLED,36,711,1143,N/A,ENABLED,N/A,60,63
1744921774,0,751,N/A,N/A,N/A,N/A,ENABLED,1499,500,2100,DISABLED,DISABLED,1494,500,2100,DISABLED,DISABLED,1495,500,2100,DISABLED,DISABLED,1477,500,2100,DISABLED,DISABLED,1482,500,2100,DISABLED,DISABLED,1478,500,2100,DISABLED,DISABLED,1493,500,2100,DISABLED,DISABLED,1479,500,2100,DISABLED,DISABLED,1300,900,1300,N/A,DISABLED,42,914,1333,N/A,ENABLED,42,914,1333,N/A,ENABLED,42,914,1333,N/A,ENABLED,42,914,1333,N/A,ENABLED,36,711,1143,N/A,ENABLED,36,711,1143,N/A,ENABLED,36,711,1143,N/A,ENABLED,36,711,1143,N/A,ENABLED,N/A,60,63
1744921775,0,751,N/A,N/A,N/A,N/A,ENABLED,1500,500,2100,DISABLED,DISABLED,1494,500,2100,DISABLED,DISABLED,1496,500,2100,DISABLED,DISABLED,1477,500,2100,DISABLED,DISABLED,1484,500,2100,DISABLED,DISABLED,1480,500,2100,DISABLED,DISABLED,1493,500,2100,DISABLED,DISABLED,1478,500,2100,DISABLED,DISABLED,1300,900,1300,N/A,DISABLED,42,914,1333,N/A,ENABLED,42,914,1333,N/A,ENABLED,42,914,1333,N/A,ENABLED,42,914,1333,N/A,ENABLED,36,711,1143,N/A,ENABLED,36,711,1143,N/A,ENABLED,36,711,1143,N/A,ENABLED,36,711,1143,N/A,ENABLED,N/A,60,63
1744921777,0,751,N/A,N/A,N/A,N/A,ENABLED,1496,500,2100,DISABLED,DISABLED,1490,500,2100,DISABLED,DISABLED,1495,500,2100,DISABLED,DISABLED,1475,500,2100,DISABLED,DISABLED,1482,500,2100,DISABLED,DISABLED,1476,500,2100,DISABLED,DISABLED,1491,500,2100,DISABLED,DISABLED,1476,500,2100,DISABLED,DISABLED,1300,900,1300,N/A,DISABLED,42,914,1333,N/A,ENABLED,42,914,1333,N/A,ENABLED,42,914,1333,N/A,ENABLED,42,914,1333,N/A,ENABLED,36,711,1143,N/A,ENABLED,36,711,1143,N/A,ENABLED,36,711,1143,N/A,ENABLED,36,711,1143,N/A,ENABLED,N/A,60,63
1744921778,0,749,N/A,N/A,N/A,N/A,ENABLED,1494,500,2100,DISABLED,DISABLED,1489,500,2100,DISABLED,DISABLED,1491,500,2100,DISABLED,DISABLED,1473,500,2100,DISABLED,DISABLED,1479,500,2100,DISABLED,DISABLED,1476,500,2100,DISABLED,DISABLED,1488,500,2100,DISABLED,DISABLED,1474,500,2100,DISABLED,DISABLED,1300,900,1300,N/A,DISABLED,42,914,1333,N/A,ENABLED,42,914,1333,N/A,ENABLED,42,914,1333,N/A,ENABLED,42,914,1333,N/A,ENABLED,36,711,1143,N/A,ENABLED,36,711,1143,N/A,ENABLED,36,711,1143,N/A,ENABLED,36,711,1143,N/A,ENABLED,N/A,60,63
1744921779,0,751,N/A,N/A,N/A,N/A,ENABLED,1504,500,2100,DISABLED,DISABLED,1499,500,2100,DISABLED,DISABLED,1501,500,2100,DISABLED,DISABLED,1483,500,2100,DISABLED,DISABLED,1491,500,2100,DISABLED,DISABLED,1486,500,2100,DISABLED,DISABLED,1498,500,2100,DISABLED,DISABLED,1484,500,2100,DISABLED,DISABLED,1300,900,1300,N/A,DISABLED,42,914,1333,N/A,ENABLED,42,914,1333,N/A,ENABLED,42,914,1333,N/A,ENABLED,42,914,1333,N/A,ENABLED,36,711,1143,N/A,ENABLED,36,711,1143,N/A,ENABLED,36,711,1143,N/A,ENABLED,36,711,1143,N/A,ENABLED,N/A,60,63
1744921780,0,750,N/A,N/A,N/A,N/A,ENABLED,1498,500,2100,DISABLED,DISABLED,1493,500,2100,DISABLED,DISABLED,1493,500,2100,DISABLED,DISABLED,1476,500,2100,DISABLED,DISABLED,1482,500,2100,DISABLED,DISABLED,1477,500,2100,DISABLED,DISABLED,1490,500,2100,DISABLED,DISABLED,1477,500,2100,DISABLED,DISABLED,1300,900,1300,N/A,DISABLED,42,914,1333,N/A,ENABLED,42,914,1333,N/A,ENABLED,42,914,1333,N/A,ENABLED,42,914,1333,N/A,ENABLED,36,711,1143,N/A,ENABLED,36,711,1143,N/A,ENABLED,36,711,1143,N/A,ENABLED,36,711,1143,N/A,ENABLED,N/A,60,63
1744921782,0,751,N/A,N/A,N/A,N/A,ENABLED,1494,500,2100,DISABLED,DISABLED,1488,500,2100,DISABLED,DISABLED,1491,500,2100,DISABLED,DISABLED,1472,500,2100,DISABLED,DISABLED,1480,500,2100,DISABLED,DISABLED,1475,500,2100,DISABLED,DISABLED,1489,500,2100,DISABLED,DISABLED,1475,500,2100,DISABLED,DISABLED,1300,900,1300,N/A,DISABLED,42,914,1333,N/A,ENABLED,42,914,1333,N/A,ENABLED,42,914,1333,N/A,ENABLED,42,914,1333,N/A,ENABLED,36,711,1143,N/A,ENABLED,36,711,1143,N/A,ENABLED,36,711,1143,N/A,ENABLED,36,711,1143,N/A,ENABLED,N/A,60,62
1744921783,0,750,N/A,N/A,N/A,N/A,ENABLED,1501,500,2100,DISABLED,DISABLED,1496,500,2100,DISABLED,DISABLED,1497,500,2100,DISABLED,DISABLED,1480,500,2100,DISABLED,DISABLED,1490,500,2100,DISABLED,DISABLED,1485,500,2100,DISABLED,DISABLED,1497,500,2100,DISABLED,DISABLED,1484,500,2100,DISABLED,DISABLED,1300,900,1300,N/A,DISABLED,42,914,1333,N/A,ENABLED,42,914,1333,N/A,ENABLED,42,914,1333,N/A,ENABLED,42,914,1333,N/A,ENABLED,36,711,1143,N/A,ENABLED,36,711,1143,N/A,ENABLED,36,711,1143,N/A,ENABLED,36,711,1143,N/A,ENABLED,N/A,60,63
1744921784,0,748,N/A,N/A,N/A,N/A,ENABLED,1500,500,2100,DISABLED,DISABLED,1495,500,2100,DISABLED,DISABLED,1497,500,2100,DISABLED,DISABLED,1479,500,2100,DISABLED,DISABLED,1487,500,2100,DISABLED,DISABLED,1482,500,2100,DISABLED,DISABLED,1495,500,2100,DISABLED,DISABLED,1482,500,2100,DISABLED,DISABLED,1300,900,1300,N/A,DISABLED,42,914,1333,N/A,ENABLED,42,914,1333,N/A,ENABLED,42,914,1333,N/A,ENABLED,42,914,1333,N/A,ENABLED,36,711,1143,N/A,ENABLED,36,711,1143,N/A,ENABLED,36,711,1143,N/A,ENABLED,36,711,1143,N/A,ENABLED,N/A,60,63
1744921786,0,749,N/A,N/A,N/A,N/A,ENABLED,1494,500,2100,DISABLED,DISABLED,1488,500,2100,DISABLED,DISABLED,1489,500,2100,DISABLED,DISABLED,1472,500,2100,DISABLED,DISABLED,1482,500,2100,DISABLED,DISABLED,1476,500,2100,DISABLED,DISABLED,1487,500,2100,DISABLED,DISABLED,1475,500,2100,DISABLED,DISABLED,1300,900,1300,N/A,DISABLED,42,914,1333,N/A,ENABLED,42,914,1333,N/A,ENABLED,42,914,1333,N/A,ENABLED,42,914,1333,N/A,ENABLED,36,711,1143,N/A,ENABLED,36,711,1143,N/A,ENABLED,36,711,1143,N/A,ENABLED,36,711,1143,N/A,ENABLED,N/A,60,62
1744921787,0,750,N/A,N/A,N/A,N/A,ENABLED,1495,500,2100,DISABLED,DISABLED,1490,500,2100,DISABLED,DISABLED,1490,500,2100,DISABLED,DISABLED,1475,500,2100,DISABLED,DISABLED,1483,500,2100,DISABLED,DISABLED,1478,500,2100,DISABLED,DISABLED,1491,500,2100,DISABLED,DISABLED,1478,500,2100,DISABLED,DISABLED,1300,900,1300,N/A,DISABLED,42,914,1333,N/A,ENABLED,42,914,1333,N/A,ENABLED,42,914,1333,N/A,ENABLED,42,914,1333,N/A,ENABLED,36,711,1143,N/A,ENABLED,36,711,1143,N/A,ENABLED,36,711,1143,N/A,ENABLED,36,711,1143,N/A,ENABLED,N/A,60,62
1744921788,0,748,N/A,N/A,N/A,N/A,ENABLED,1498,500,2100,DISABLED,DISABLED,1493,500,2100,DISABLED,DISABLED,1494,500,2100,DISABLED,DISABLED,1477,500,2100,DISABLED,DISABLED,1485,500,2100,DISABLED,DISABLED,1480,500,2100,DISABLED,DISABLED,1493,500,2100,DISABLED,DISABLED,1480,500,2100,DISABLED,DISABLED,1300,900,1300,N/A,DISABLED,42,914,1333,N/A,ENABLED,42,914,1333,N/A,ENABLED,42,914,1333,N/A,ENABLED,42,914,1333,N/A,ENABLED,36,711,1143,N/A,ENABLED,36,711,1143,N/A,ENABLED,36,711,1143,N/A,ENABLED,36,711,1143,N/A,ENABLED,N/A,60,63
1744921789,0,751,N/A,N/A,N/A,N/A,ENABLED,1503,500,2100,DISABLED,DISABLED,1499,500,2100,DISABLED,DISABLED,1498,500,2100,DISABLED,DISABLED,1480,500,2100,DISABLED,DISABLED,1488,500,2100,DISABLED,DISABLED,1483,500,2100,DISABLED,DISABLED,1496,500,2100,DISABLED,DISABLED,1484,500,2100,DISABLED,DISABLED,1300,900,1300,N/A,DISABLED,42,914,1333,N/A,ENABLED,42,914,1333,N/A,ENABLED,42,914,1333,N/A,ENABLED,42,914,1333,N/A,ENABLED,36,711,1143,N/A,ENABLED,36,711,1143,N/A,ENABLED,36,711,1143,N/A,ENABLED,36,711,1143,N/A,ENABLED,N/A,60,63
1744921791,0,748,N/A,N/A,N/A,N/A,ENABLED,1496,500,2100,DISABLED,DISABLED,1491,500,2100,DISABLED,DISABLED,1491,500,2100,DISABLED,DISABLED,1473,500,2100,DISABLED,DISABLED,1482,500,2100,DISABLED,DISABLED,1478,500,2100,DISABLED,DISABLED,1490,500,2100,DISABLED,DISABLED,1476,500,2100,DISABLED,DISABLED,1300,900,1300,N/A,DISABLED,42,914,1333,N/A,ENABLED,42,914,1333,N/A,ENABLED,42,914,1333,N/A,ENABLED,42,914,1333,N/A,ENABLED,36,711,1143,N/A,ENABLED,36,711,1143,N/A,ENABLED,36,711,1143,N/A,ENABLED,36,711,1143,N/A,ENABLED,N/A,60,63
1744921792,0,751,N/A,N/A,N/A,N/A,ENABLED,1500,500,2100,DISABLED,DISABLED,1496,500,2100,DISABLED,DISABLED,1498,500,2100,DISABLED,DISABLED,1481,500,2100,DISABLED,DISABLED,1487,500,2100,DISABLED,DISABLED,1482,500,2100,DISABLED,DISABLED,1495,500,2100,DISABLED,DISABLED,1481,500,2100,DISABLED,DISABLED,1300,900,1300,N/A,DISABLED,42,914,1333,N/A,ENABLED,42,914,1333,N/A,ENABLED,42,914,1333,N/A,ENABLED,42,914,1333,N/A,ENABLED,36,711,1143,N/A,ENABLED,36,711,1143,N/A,ENABLED,36,711,1143,N/A,ENABLED,36,711,1143,N/A,ENABLED,N/A,60,63
1744921793,0,751,N/A,N/A,N/A,N/A,ENABLED,1496,500,2100,DISABLED,DISABLED,1492,500,2100,DISABLED,DISABLED,1491,500,2100,DISABLED,DISABLED,1475,500,2100,DISABLED,DISABLED,1481,500,2100,DISABLED,DISABLED,1477,500,2100,DISABLED,DISABLED,1490,500,2100,DISABLED,DISABLED,1478,500,2100,DISABLED,DISABLED,1300,900,1300,N/A,DISABLED,42,914,1333,N/A,ENABLED,42,914,1333,N/A,ENABLED,42,914,1333,N/A,ENABLED,42,914,1333,N/A,ENABLED,36,711,1143,N/A,ENABLED,36,711,1143,N/A,ENABLED,36,711,1143,N/A,ENABLED,36,711,1143,N/A,ENABLED,N/A,60,62
1744921794,0,750,N/A,N/A,N/A,N/A,ENABLED,1499,500,2100,DISABLED,DISABLED,1492,500,2100,DISABLED,DISABLED,1496,500,2100,DISABLED,DISABLED,1478,500,2100,DISABLED,DISABLED,1483,500,2100,DISABLED,DISABLED,1480,500,2100,DISABLED,DISABLED,1493,500,2100,DISABLED,DISABLED,1480,500,2100,DISABLED,DISABLED,1300,900,1300,N/A,DISABLED,42,914,1333,N/A,ENABLED,42,914,1333,N/A,ENABLED,42,914,1333,N/A,ENABLED,42,914,1333,N/A,ENABLED,36,711,1143,N/A,ENABLED,36,711,1143,N/A,ENABLED,36,711,1143,N/A,ENABLED,36,711,1143,N/A,ENABLED,N/A,60,63
1744921796,0,751,N/A,N/A,N/A,N/A,ENABLED,1497,500,2100,DISABLED,DISABLED,1493,500,2100,DISABLED,DISABLED,1494,500,2100,DISABLED,DISABLED,1477,500,2100,DISABLED,DISABLED,1483,500,2100,DISABLED,DISABLED,1477,500,2100,DISABLED,DISABLED,1493,500,2100,DISABLED,DISABLED,1479,500,2100,DISABLED,DISABLED,1300,900,1300,N/A,DISABLED,42,914,1333,N/A,ENABLED,42,914,1333,N/A,ENABLED,42,914,1333,N/A,ENABLED,42,914,1333,N/A,ENABLED,36,711,1143,N/A,ENABLED,36,711,1143,N/A,ENABLED,36,711,1143,N/A,ENABLED,36,711,1143,N/A,ENABLED,N/A,60,63
1744921797,0,748,N/A,N/A,N/A,N/A,ENABLED,1496,500,2100,DISABLED,DISABLED,1490,500,2100,DISABLED,DISABLED,1491,500,2100,DISABLED,DISABLED,1475,500,2100,DISABLED,DISABLED,1482,500,2100,DISABLED,DISABLED,1476,500,2100,DISABLED,DISABLED,1489,500,2100,DISABLED,DISABLED,1474,500,2100,DISABLED,DISABLED,1300,900,1300,N/A,DISABLED,42,914,1333,N/A,ENABLED,42,914,1333,N/A,ENABLED,42,914,1333,N/A,ENABLED,42,914,1333,N/A,ENABLED,36,711,1143,N/A,ENABLED,36,711,1143,N/A,ENABLED,36,711,1143,N/A,ENABLED,36,711,1143,N/A,ENABLED,N/A,60,63
1744921798,0,748,N/A,N/A,N/A,N/A,ENABLED,1500,500,2100,DISABLED,DISABLED,1496,500,2100,DISABLED,DISABLED,1497,500,2100,DISABLED,DISABLED,1479,500,2100,DISABLED,DISABLED,1487,500,2100,DISABLED,DISABLED,1480,500,2100,DISABLED,DISABLED,1493,500,2100,DISABLED,DISABLED,1479,500,2100,DISABLED,DISABLED,1300,900,1300,N/A,DISABLED,42,914,1333,N/A,ENABLED,42,914,1333,N/A,ENABLED,42,914,1333,N/A,ENABLED,42,914,1333,N/A,ENABLED,36,711,1143,N/A,ENABLED,36,711,1143,N/A,ENABLED,36,711,1143,N/A,ENABLED,36,711,1143,N/A,ENABLED,N/A,60,63
1744921799,0,749,N/A,N/A,N/A,N/A,ENABLED,1493,500,2100,DISABLED,DISABLED,1488,500,2100,DISABLED,DISABLED,1488,500,2100,DISABLED,DISABLED,1470,500,2100,DISABLED,DISABLED,1481,500,2100,DISABLED,DISABLED,1475,500,2100,DISABLED,DISABLED,1488,500,2100,DISABLED,DISABLED,1473,500,2100,DISABLED,DISABLED,1300,900,1300,N/A,DISABLED,42,914,1333,N/A,ENABLED,42,914,1333,N/A,ENABLED,42,914,1333,N/A,ENABLED,42,914,1333,N/A,ENABLED,36,711,1143,N/A,ENABLED,36,711,1143,N/A,ENABLED,36,711,1143,N/A,ENABLED,36,711,1143,N/A,ENABLED,N/A,60,63
1744921801,0,749,N/A,N/A,N/A,N/A,ENABLED,1495,500,2100,DISABLED,DISABLED,1491,500,2100,DISABLED,DISABLED,1492,500,2100,DISABLED,DISABLED,1474,500,2100,DISABLED,DISABLED,1483,500,2100,DISABLED,DISABLED,1476,500,2100,DISABLED,DISABLED,1490,500,2100,DISABLED,DISABLED,1477,500,2100,DISABLED,DISABLED,1300,900,1300,N/A,DISABLED,42,914,1333,N/A,ENABLED,42,914,1333,N/A,ENABLED,42,914,1333,N/A,ENABLED,42,914,1333,N/A,ENABLED,36,711,1143,N/A,ENABLED,36,711,1143,N/A,ENABLED,36,711,1143,N/A,ENABLED,36,711,1143,N/A,ENABLED,N/A,60,63
1744921802,0,748,N/A,N/A,N/A,N/A,ENABLED,1497,500,2100,DISABLED,DISABLED,1492,500,2100,DISABLED,DISABLED,1495,500,2100,DISABLED,DISABLED,1478,500,2100,DISABLED,DISABLED,1485,500,2100,DISABLED,DISABLED,1480,500,2100,DISABLED,DISABLED,1493,500,2100,DISABLED,DISABLED,1479,500,2100,DISABLED,DISABLED,1300,900,1300,N/A,DISABLED,42,914,1333,N/A,ENABLED,42,914,1333,N/A,ENABLED,42,914,1333,N/A,ENABLED,42,914,1333,N/A,ENABLED,36,711,1143,N/A,ENABLED,36,711,1143,N/A,ENABLED,36,711,1143,N/A,ENABLED,36,711,1143,N/A,ENABLED,N/A,60,63
1744921803,0,751,N/A,N/A,N/A,N/A,ENABLED,1501,500,2100,DISABLED,DISABLED,1496,500,2100,DISABLED,DISABLED,1496,500,2100,DISABLED,DISABLED,1478,500,2100,DISABLED,DISABLED,1489,500,2100,DISABLED,DISABLED,1483,500,2100,DISABLED,DISABLED,1495,500,2100,DISABLED,DISABLED,1481,500,2100,DISABLED,DISABLED,1300,900,1300,N/A,DISABLED,42,914,1333,N/A,ENABLED,42,914,1333,N/A,ENABLED,42,914,1333,N/A,ENABLED,42,914,1333,N/A,ENABLED,36,711,1143,N/A,ENABLED,36,711,1143,N/A,ENABLED,36,711,1143,N/A,ENABLED,36,711,1143,N/A,ENABLED,N/A,60,63
1744921804,0,750,N/A,N/A,N/A,N/A,ENABLED,1501,500,2100,DISABLED,DISABLED,1494,500,2100,DISABLED,DISABLED,1495,500,2100,DISABLED,DISABLED,1479,500,2100,DISABLED,DISABLED,1486,500,2100,DISABLED,DISABLED,1480,500,2100,DISABLED,DISABLED,1494,500,2100,DISABLED,DISABLED,1480,500,2100,DISABLED,DISABLED,1300,900,1300,N/A,DISABLED,42,914,1333,N/A,ENABLED,42,914,1333,N/A,ENABLED,42,914,1333,N/A,ENABLED,42,914,1333,N/A,ENABLED,36,711,1143,N/A,ENABLED,36,711,1143,N/A,ENABLED,36,711,1143,N/A,ENABLED,36,711,1143,N/A,ENABLED,N/A,60,63
1744921806,0,751,N/A,N/A,N/A,N/A,ENABLED,1496,500,2100,DISABLED,DISABLED,1492,500,2100,DISABLED,DISABLED,1492,500,2100,DISABLED,DISABLED,1474,500,2100,DISABLED,DISABLED,1483,500,2100,DISABLED,DISABLED,1478,500,2100,DISABLED,DISABLED,1490,500,2100,DISABLED,DISABLED,1478,500,2100,DISABLED,DISABLED,1300,900,1300,N/A,DISABLED,42,914,1333,N/A,ENABLED,42,914,1333,N/A,ENABLED,42,914,1333,N/A,ENABLED,42,914,1333,N/A,ENABLED,36,711,1143,N/A,ENABLED,36,711,1143,N/A,ENABLED,36,711,1143,N/A,ENABLED,36,711,1143,N/A,ENABLED,N/A,60,63
1744921807,0,749,N/A,N/A,N/A,N/A,ENABLED,1491,500,2100,DISABLED,DISABLED,1487,500,2100,DISABLED,DISABLED,1487,500,2100,DISABLED,DISABLED,1469,500,2100,DISABLED,DISABLED,1476,500,2100,DISABLED,DISABLED,1470,500,2100,DISABLED,DISABLED,1485,500,2100,DISABLED,DISABLED,1472,500,2100,DISABLED,DISABLED,1300,900,1300,N/A,DISABLED,42,914,1333,N/A,ENABLED,42,914,1333,N/A,ENABLED,42,914,1333,N/A,ENABLED,42,914,1333,N/A,ENABLED,36,711,1143,N/A,ENABLED,36,711,1143,N/A,ENABLED,36,711,1143,N/A,ENABLED,36,711,1143,N/A,ENABLED,N/A,60,63
1744921808,0,751,N/A,N/A,N/A,N/A,ENABLED,1496,500,2100,DISABLED,DISABLED,1492,500,2100,DISABLED,DISABLED,1492,500,2100,DISABLED,DISABLED,1474,500,2100,DISABLED,DISABLED,1481,500,2100,DISABLED,DISABLED,1476,500,2100,DISABLED,DISABLED,1489,500,2100,DISABLED,DISABLED,1476,500,2100,DISABLED,DISABLED,1300,900,1300,N/A,DISABLED,42,914,1333,N/A,ENABLED,42,914,1333,N/A,ENABLED,42,914,1333,N/A,ENABLED,42,914,1333,N/A,ENABLED,36,711,1143,N/A,ENABLED,36,711,1143,N/A,ENABLED,36,711,1143,N/A,ENABLED,36,711,1143,N/A,ENABLED,N/A,60,63
1744921809,0,751,N/A,N/A,N/A,N/A,ENABLED,1494,500,2100,DISABLED,DISABLED,1490,500,2100,DISABLED,DISABLED,1491,500,2100,DISABLED,DISABLED,1475,500,2100,DISABLED,DISABLED,1481,500,2100,DISABLED,DISABLED,1476,500,2100,DISABLED,DISABLED,1488,500,2100,DISABLED,DISABLED,1476,500,2100,DISABLED,DISABLED,1300,900,1300,N/A,DISABLED,42,914,1333,N/A,ENABLED,42,914,1333,N/A,ENABLED,42,914,1333,N/A,ENABLED,42,914,1333,N/A,ENABLED,36,711,1143,N/A,ENABLED,36,711,1143,N/A,ENABLED,36,711,1143,N/A,ENABLED,36,711,1143,N/A,ENABLED,N/A,60,63
1744921811,0,749,N/A,N/A,N/A,N/A,ENABLED,1493,500,2100,DISABLED,DISABLED,1488,500,2100,DISABLED,DISABLED,1488,500,2100,DISABLED,DISABLED,1472,500,2100,DISABLED,DISABLED,1479,500,2100,DISABLED,DISABLED,1474,500,2100,DISABLED,DISABLED,1487,500,2100,DISABLED,DISABLED,1474,500,2100,DISABLED,DISABLED,1300,900,1300,N/A,DISABLED,42,914,1333,N/A,ENABLED,42,914,1333,N/A,ENABLED,42,914,1333,N/A,ENABLED,42,914,1333,N/A,ENABLED,36,711,1143,N/A,ENABLED,36,711,1143,N/A,ENABLED,36,711,1143,N/A,ENABLED,36,711,1143,N/A,ENABLED,N/A,60,63
1744921812,0,751,N/A,N/A,N/A,N/A,ENABLED,1498,500,2100,DISABLED,DISABLED,1492,500,2100,DISABLED,DISABLED,1493,500,2100,DISABLED,DISABLED,1475,500,2100,DISABLED,DISABLED,1483,500,2100,DISABLED,DISABLED,1478,500,2100,DISABLED,DISABLED,1492,500,2100,DISABLED,DISABLED,1478,500,2100,DISABLED,DISABLED,1300,900,1300,N/A,DISABLED,42,914,1333,N/A,ENABLED,42,914,1333,N/A,ENABLED,42,914,1333,N/A,ENABLED,42,914,1333,N/A,ENABLED,36,711,1143,N/A,ENABLED,36,711,1143,N/A,ENABLED,36,711,1143,N/A,ENABLED,36,711,1143,N/A,ENABLED,N/A,60,63
1744921813,0,751,N/A,N/A,N/A,N/A,ENABLED,1493,500,2100,DISABLED,DISABLED,1487,500,2100,DISABLED,DISABLED,1489,500,2100,DISABLED,DISABLED,1471,500,2100,DISABLED,DISABLED,1479,500,2100,DISABLED,DISABLED,1474,500,2100,DISABLED,DISABLED,1487,500,2100,DISABLED,DISABLED,1473,500,2100,DISABLED,DISABLED,1300,900,1300,N/A,DISABLED,42,914,1333,N/A,ENABLED,42,914,1333,N/A,ENABLED,42,914,1333,N/A,ENABLED,42,914,1333,N/A,ENABLED,36,711,1143,N/A,ENABLED,36,711,1143,N/A,ENABLED,36,711,1143,N/A,ENABLED,36,711,1143,N/A,ENABLED,N/A,60,63
1744921814,0,751,N/A,N/A,N/A,N/A,ENABLED,1489,500,2100,DISABLED,DISABLED,1484,500,2100,DISABLED,DISABLED,1486,500,2100,DISABLED,DISABLED,1468,500,2100,DISABLED,DISABLED,1477,500,2100,DISABLED,DISABLED,1471,500,2100,DISABLED,DISABLED,1484,500,2100,DISABLED,DISABLED,1470,500,2100,DISABLED,DISABLED,1300,900,1300,N/A,DISABLED,42,914,1333,N/A,ENABLED,42,914,1333,N/A,ENABLED,42,914,1333,N/A,ENABLED,42,914,1333,N/A,ENABLED,36,711,1143,N/A,ENABLED,36,711,1143,N/A,ENABLED,36,711,1143,N/A,ENABLED,36,711,1143,N/A,ENABLED,N/A,60,63
1744921816,0,228,N/A,N/A,N/A,N/A,ENABLED,287,286,2100,DISABLED,DISABLED,286,286,2100,DISABLED,DISABLED,286,286,2100,DISABLED,DISABLED,285,286,2100,DISABLED,DISABLED,285,286,2100,DISABLED,DISABLED,285,286,2100,DISABLED,DISABLED,285,286,2100,DISABLED,DISABLED,285,286,2100,DISABLED,DISABLED,1300,900,1300,N/A,DISABLED,42,914,1333,N/A,ENABLED,42,914,1333,N/A,ENABLED,42,914,1333,N/A,ENABLED,42,914,1333,N/A,ENABLED,36,711,1143,N/A,ENABLED,36,711,1143,N/A,ENABLED,36,711,1143,N/A,ENABLED,36,711,1143,N/A,ENABLED,N/A,59,45
1744921817,0,145,N/A,N/A,N/A,N/A,ENABLED,132,500,2100,DISABLED,ENABLED,132,500,2100,DISABLED,ENABLED,131,500,2100,DISABLED,ENABLED,132,500,2100,DISABLED,ENABLED,131,500,2100,DISABLED,ENABLED,132,500,2100,DISABLED,ENABLED,131,500,2100,DISABLED,ENABLED,132,500,2100,DISABLED,ENABLED,918,900,1300,N/A,DISABLED,29,914,1333,N/A,ENABLED,29,914,1333,N/A,ENABLED,29,914,1333,N/A,ENABLED,29,914,1333,N/A,ENABLED,23,711,1143,N/A,ENABLED,23,711,1143,N/A,ENABLED,23,711,1143,N/A,ENABLED,23,711,1143,N/A,ENABLED,N/A,51,40
1744921818,0,142,N/A,N/A,N/A,N/A,ENABLED,132,500,2100,DISABLED,ENABLED,132,500,2100,DISABLED,ENABLED,131,500,2100,DISABLED,ENABLED,132,500,2100,DISABLED,ENABLED,131,500,2100,DISABLED,ENABLED,132,500,2100,DISABLED,ENABLED,131,500,2100,DISABLED,ENABLED,132,500,2100,DISABLED,ENABLED,900,900,1300,N/A,DISABLED,29,914,1333,N/A,ENABLED,29,914,1333,N/A,ENABLED,29,914,1333,N/A,ENABLED,29,914,1333,N/A,ENABLED,22,711,1143,N/A,ENABLED,22,711,1143,N/A,ENABLED,22,711,1143,N/A,ENABLED,22,711,1143,N/A,ENABLED,N/A,47,38
1744921819,0,141,N/A,N/A,N/A,N/A,ENABLED,132,500,2100,DISABLED,ENABLED,132,500,2100,DISABLED,ENABLED,131,500,2100,DISABLED,ENABLED,132,500,2100,DISABLED,ENABLED,131,500,2100,DISABLED,ENABLED,132,500,2100,DISABLED,ENABLED,131,500,2100,DISABLED,ENABLED,132,500,2100,DISABLED,ENABLED,900,900,1300,N/A,DISABLED,29,914,1333,N/A,ENABLED,29,914,1333,N/A,ENABLED,29,914,1333,N/A,ENABLED,29,914,1333,N/A,ENABLED,22,711,1143,N/A,ENABLED,22,711,1143,N/A,ENABLED,22,711,1143,N/A,ENABLED,22,711,1143,N/A,ENABLED,N/A,46,37
1744921821,0,141,N/A,N/A,N/A,N/A,ENABLED,132,500,2100,DISABLED,ENABLED,132,500,2100,DISABLED,ENABLED,131,500,2100,DISABLED,ENABLED,132,500,2100,DISABLED,ENABLED,131,500,2100,DISABLED,ENABLED,132,500,2100,DISABLED,ENABLED,131,500,2100,DISABLED,ENABLED,132,500,2100,DISABLED,ENABLED,900,900,1300,N/A,DISABLED,29,914,1333,N/A,ENABLED,29,914,1333,N/A,ENABLED,29,914,1333,N/A,ENABLED,29,914,1333,N/A,ENABLED,22,711,1143,N/A,ENABLED,22,711,1143,N/A,ENABLED,22,711,1143,N/A,ENABLED,22,711,1143,N/A,ENABLED,N/A,45,37
1744921822,0,140,N/A,N/A,N/A,N/A,ENABLED,132,500,2100,DISABLED,ENABLED,132,500,2100,DISABLED,ENABLED,131,500,2100,DISABLED,ENABLED,132,500,2100,DISABLED,ENABLED,131,500,2100,DISABLED,ENABLED,132,500,2100,DISABLED,ENABLED,131,500,2100,DISABLED,ENABLED,132,500,2100,DISABLED,ENABLED,900,900,1300,N/A,DISABLED,29,914,1333,N/A,ENABLED,29,914,1333,N/A,ENABLED,29,914,1333,N/A,ENABLED,29,914,1333,N/A,ENABLED,22,711,1143,N/A,ENABLED,22,711,1143,N/A,ENABLED,22,711,1143,N/A,ENABLED,22,711,1143,N/A,ENABLED,N/A,44,37
1744921823,0,140,N/A,N/A,N/A,N/A,ENABLED,139,141,2100,DISABLED,ENABLED,132,141,2100,DISABLED,ENABLED,131,141,2100,DISABLED,ENABLED,132,141,2100,DISABLED,ENABLED,131,141,2100,DISABLED,ENABLED,132,141,2100,DISABLED,ENABLED,131,141,2100,DISABLED,ENABLED,132,141,2100,DISABLED,ENABLED,900,900,1300,N/A,DISABLED,29,914,1333,N/A,ENABLED,29,914,1333,N/A,ENABLED,29,914,1333,N/A,ENABLED,29,914,1333,N/A,ENABLED,22,711,1143,N/A,ENABLED,22,711,1143,N/A,ENABLED,22,711,1143,N/A,ENABLED,22,711,1143,N/A,ENABLED,N/A,44,36
1744921824,0,139,N/A,N/A,N/A,N/A,ENABLED,133,500,2100,DISABLED,ENABLED,132,500,2100,DISABLED,ENABLED,131,500,2100,DISABLED,ENABLED,132,500,2100,DISABLED,ENABLED,131,500,2100,DISABLED,ENABLED,132,500,2100,DISABLED,ENABLED,131,500,2100,DISABLED,ENABLED,132,500,2100,DISABLED,ENABLED,900,900,1300,N/A,DISABLED,29,914,1333,N/A,ENABLED,29,914,1333,N/A,ENABLED,29,914,1333,N/A,ENABLED,29,914,1333,N/A,ENABLED,22,711,1143,N/A,ENABLED,22,711,1143,N/A,ENABLED,22,711,1143,N/A,ENABLED,22,711,1143,N/A,ENABLED,N/A,43,35
