Timestamp,gpu,socket_power,gfx_voltage,soc_voltage,mem_voltage,throttle_status,power_management,gfx_0_clk,gfx_0_min_clk,gfx_0_max_clk,gfx_0_clk_locked,gfx_0_deep_sleep,gfx_1_clk,gfx_1_min_clk,gfx_1_max_clk,gfx_1_clk_locked,gfx_1_deep_sleep,gfx_2_clk,gfx_2_min_clk,gfx_2_max_clk,gfx_2_clk_locked,gfx_2_deep_sleep,gfx_3_clk,gfx_3_min_clk,gfx_3_max_clk,gfx_3_clk_locked,gfx_3_deep_sleep,gfx_4_clk,gfx_4_min_clk,gfx_4_max_clk,gfx_4_clk_locked,gfx_4_deep_sleep,gfx_5_clk,gfx_5_min_clk,gfx_5_max_clk,gfx_5_clk_locked,gfx_5_deep_sleep,gfx_6_clk,gfx_6_min_clk,gfx_6_max_clk,gfx_6_clk_locked,gfx_6_deep_sleep,gfx_7_clk,gfx_7_min_clk,gfx_7_max_clk,gfx_7_clk_locked,gfx_7_deep_sleep,mem_0_clk,mem_0_min_clk,mem_0_max_clk,mem_0_clk_locked,mem_0_deep_sleep,vclk_0_clk,vclk_0_min_clk,vclk_0_max_clk,vclk_0_clk_locked,vclk_0_deep_sleep,vclk_1_clk,vclk_1_min_clk,vclk_1_max_clk,vclk_1_clk_locked,vclk_1_deep_sleep,vclk_2_clk,vclk_2_min_clk,vclk_2_max_clk,vclk_2_clk_locked,vclk_2_deep_sleep,vclk_3_clk,vclk_3_min_clk,vclk_3_max_clk,vclk_3_clk_locked,vclk_3_deep_sleep,dclk_0_clk,dclk_0_min_clk,dclk_0_max_clk,dclk_0_clk_locked,dclk_0_deep_sleep,dclk_1_clk,dclk_1_min_clk,dclk_1_max_clk,dclk_1_clk_locked,dclk_1_deep_sleep,dclk_2_clk,dclk_2_min_clk,dclk_2_max_clk,dclk_2_clk_locked,dclk_2_deep_sleep,dclk_3_clk,dclk_3_min_clk,dclk_3_max_clk,dclk_3_clk_locked,dclk_3_deep_sleep,edge,hotspot,mem
1744669062,0,105,N/A,N/A,N/A,N/A,ENABLED,96,500,1400,DISABLED,ENABLED,87,500,1400,DISABLED,ENABLED,88,500,1400,DISABLED,ENABLED,88,500,1400,DISABLED,ENABLED,88,500,1400,DISABLED,ENABLED,88,500,1400,DISABLED,ENABLED,87,500,1400,DISABLED,ENABLED,88,500,1400,DISABLED,ENABLED,900,900,1500,N/A,DISABLED,29,914,1680,N/A,ENABLED,29,914,1680,N/A,ENABLED,29,914,1680,N/A,ENABLED,29,914,1680,N/A,ENABLED,22,711,1400,N/A,ENABLED,22,711,1400,N/A,ENABLED,22,711,1400,N/A,ENABLED,22,711,1400,N/A,ENABLED,N/A,33,32
1744669063,0,105,N/A,N/A,N/A,N/A,ENABLED,90,500,1400,DISABLED,ENABLED,87,500,1400,DISABLED,ENABLED,88,500,1400,DISABLED,ENABLED,88,500,1400,DISABLED,ENABLED,88,500,1400,DISABLED,ENABLED,88,500,1400,DISABLED,ENABLED,87,500,1400,DISABLED,ENABLED,87,500,1400,DISABLED,ENABLED,900,900,1500,N/A,DISABLED,29,914,1680,N/A,ENABLED,29,914,1680,N/A,ENABLED,29,914,1680,N/A,ENABLED,29,914,1680,N/A,ENABLED,22,711,1400,N/A,ENABLED,22,711,1400,N/A,ENABLED,22,711,1400,N/A,ENABLED,22,711,1400,N/A,ENABLED,N/A,33,32
1744669064,0,105,N/A,N/A,N/A,N/A,ENABLED,89,500,1400,DISABLED,ENABLED,87,500,1400,DISABLED,ENABLED,88,500,1400,DISABLED,ENABLED,88,500,1400,DISABLED,ENABLED,88,500,1400,DISABLED,ENABLED,88,500,1400,DISABLED,ENABLED,87,500,1400,DISABLED,ENABLED,88,500,1400,DISABLED,ENABLED,900,900,1500,N/A,DISABLED,29,914,1680,N/A,ENABLED,29,914,1680,N/A,ENABLED,29,914,1680,N/A,ENABLED,29,914,1680,N/A,ENABLED,22,711,1400,N/A,ENABLED,22,711,1400,N/A,ENABLED,22,711,1400,N/A,ENABLED,22,711,1400,N/A,ENABLED,N/A,33,32
1744669065,0,105,N/A,N/A,N/A,N/A,ENABLED,89,500,1400,DISABLED,ENABLED,87,500,1400,DISABLED,ENABLED,88,500,1400,DISABLED,ENABLED,88,500,1400,DISABLED,ENABLED,88,500,1400,DISABLED,ENABLED,88,500,1400,DISABLED,ENABLED,87,500,1400,DISABLED,ENABLED,88,500,1400,DISABLED,ENABLED,900,900,1500,N/A,DISABLED,29,914,1680,N/A,ENABLED,29,914,1680,N/A,ENABLED,29,914,1680,N/A,ENABLED,29,914,1680,N/A,ENABLED,22,711,1400,N/A,ENABLED,22,711,1400,N/A,ENABLED,22,711,1400,N/A,ENABLED,22,711,1400,N/A,ENABLED,N/A,33,32
1744669066,0,105,N/A,N/A,N/A,N/A,ENABLED,89,500,1400,DISABLED,ENABLED,87,500,1400,DISABLED,ENABLED,88,500,1400,DISABLED,ENABLED,88,500,1400,DISABLED,ENABLED,88,500,1400,DISABLED,ENABLED,88,500,1400,DISABLED,ENABLED,87,500,1400,DISABLED,ENABLED,88,500,1400,DISABLED,ENABLED,900,900,1500,N/A,DISABLED,29,914,1680,N/A,ENABLED,29,914,1680,N/A,ENABLED,29,914,1680,N/A,ENABLED,29,914,1680,N/A,ENABLED,22,711,1400,N/A,ENABLED,22,711,1400,N/A,ENABLED,22,711,1400,N/A,ENABLED,22,711,1400,N/A,ENABLED,N/A,33,32
1744669067,0,105,N/A,N/A,N/A,N/A,ENABLED,89,500,1400,DISABLED,ENABLED,87,500,1400,DISABLED,ENABLED,88,500,1400,DISABLED,ENABLED,88,500,1400,DISABLED,ENABLED,88,500,1400,DISABLED,ENABLED,88,500,1400,DISABLED,ENABLED,87,500,1400,DISABLED,ENABLED,88,500,1400,DISABLED,ENABLED,900,900,1500,N/A,DISABLED,29,914,1680,N/A,ENABLED,29,914,1680,N/A,ENABLED,29,914,1680,N/A,ENABLED,29,914,1680,N/A,ENABLED,22,711,1400,N/A,ENABLED,22,711,1400,N/A,ENABLED,22,711,1400,N/A,ENABLED,22,711,1400,N/A,ENABLED,N/A,33,32
1744669069,0,105,N/A,N/A,N/A,N/A,ENABLED,89,500,1400,DISABLED,ENABLED,87,500,1400,DISABLED,ENABLED,88,500,1400,DISABLED,ENABLED,88,500,1400,DISABLED,ENABLED,88,500,1400,DISABLED,ENABLED,88,500,1400,DISABLED,ENABLED,87,500,1400,DISABLED,ENABLED,88,500,1400,DISABLED,ENABLED,900,900,1500,N/A,DISABLED,29,914,1680,N/A,ENABLED,29,914,1680,N/A,ENABLED,29,914,1680,N/A,ENABLED,29,914,1680,N/A,ENABLED,22,711,1400,N/A,ENABLED,22,711,1400,N/A,ENABLED,22,711,1400,N/A,ENABLED,22,711,1400,N/A,ENABLED,N/A,33,32
1744669070,0,105,N/A,N/A,N/A,N/A,ENABLED,89,500,1400,DISABLED,ENABLED,87,500,1400,DISABLED,ENABLED,88,500,1400,DISABLED,ENABLED,88,500,1400,DISABLED,ENABLED,88,500,1400,DISABLED,ENABLED,88,500,1400,DISABLED,ENABLED,87,500,1400,DISABLED,ENABLED,88,500,1400,DISABLED,ENABLED,900,900,1500,N/A,DISABLED,29,914,1680,N/A,ENABLED,29,914,1680,N/A,ENABLED,29,914,1680,N/A,ENABLED,29,914,1680,N/A,ENABLED,22,711,1400,N/A,ENABLED,22,711,1400,N/A,ENABLED,22,711,1400,N/A,ENABLED,22,711,1400,N/A,ENABLED,N/A,33,32
1744669071,0,105,N/A,N/A,N/A,N/A,ENABLED,89,500,1400,DISABLED,ENABLED,87,500,1400,DISABLED,ENABLED,88,500,1400,DISABLED,ENABLED,88,500,1400,DISABLED,ENABLED,88,500,1400,DISABLED,ENABLED,88,500,1400,DISABLED,ENABLED,87,500,1400,DISABLED,ENABLED,88,500,1400,DISABLED,ENABLED,900,900,1500,N/A,DISABLED,29,914,1680,N/A,ENABLED,29,914,1680,N/A,ENABLED,29,914,1680,N/A,ENABLED,29,914,1680,N/A,ENABLED,22,711,1400,N/A,ENABLED,22,711,1400,N/A,ENABLED,22,711,1400,N/A,ENABLED,22,711,1400,N/A,ENABLED,N/A,33,32
1744669072,0,105,N/A,N/A,N/A,N/A,ENABLED,89,500,1400,DISABLED,ENABLED,87,500,1400,DISABLED,ENABLED,88,500,1400,DISABLED,ENABLED,88,500,1400,DISABLED,ENABLED,88,500,1400,DISABLED,ENABLED,88,500,1400,DISABLED,ENABLED,87,500,1400,DISABLED,ENABLED,88,500,1400,DISABLED,ENABLED,900,900,1500,N/A,DISABLED,29,914,1680,N/A,ENABLED,29,914,1680,N/A,ENABLED,29,914,1680,N/A,ENABLED,29,914,1680,N/A,ENABLED,22,711,1400,N/A,ENABLED,22,711,1400,N/A,ENABLED,22,711,1400,N/A,ENABLED,22,711,1400,N/A,ENABLED,N/A,33,32
1744669073,0,583,N/A,N/A,N/A,N/A,ENABLED,1380,500,1400,DISABLED,DISABLED,1362,500,1400,DISABLED,DISABLED,1385,500,1400,DISABLED,DISABLED,1376,500,1400,DISABLED,DISABLED,1378,500,1400,DISABLED,DISABLED,1374,500,1400,DISABLED,DISABLED,1360,500,1400,DISABLED,DISABLED,1365,500,1400,DISABLED,DISABLED,1465,900,1500,N/A,DISABLED,51,914,1680,N/A,ENABLED,51,914,1680,N/A,ENABLED,51,914,1680,N/A,ENABLED,51,914,1680,N/A,ENABLED,42,711,1400,N/A,ENABLED,42,711,1400,N/A,ENABLED,42,711,1400,N/A,ENABLED,42,711,1400,N/A,ENABLED,N/A,34,45
1744669075,0,612,N/A,N/A,N/A,N/A,ENABLED,1398,500,1400,DISABLED,DISABLED,1379,500,1400,DISABLED,DISABLED,1403,500,1400,DISABLED,DISABLED,1395,500,1400,DISABLED,DISABLED,1397,500,1400,DISABLED,DISABLED,1392,500,1400,DISABLED,DISABLED,1377,500,1400,DISABLED,DISABLED,1380,500,1400,DISABLED,DISABLED,1485,900,1500,N/A,DISABLED,52,914,1680,N/A,ENABLED,52,914,1680,N/A,ENABLED,52,914,1680,N/A,ENABLED,52,914,1680,N/A,ENABLED,43,711,1400,N/A,ENABLED,43,711,1400,N/A,ENABLED,43,711,1400,N/A,ENABLED,43,711,1400,N/A,ENABLED,N/A,40,48
1744669076,0,600,N/A,N/A,N/A,N/A,ENABLED,1398,500,1400,DISABLED,DISABLED,1381,500,1400,DISABLED,DISABLED,1403,500,1400,DISABLED,DISABLED,1394,500,1400,DISABLED,DISABLED,1397,500,1400,DISABLED,DISABLED,1392,500,1400,DISABLED,DISABLED,1379,500,1400,DISABLED,DISABLED,1382,500,1400,DISABLED,DISABLED,1484,900,1500,N/A,DISABLED,52,914,1680,N/A,ENABLED,52,914,1680,N/A,ENABLED,52,914,1680,N/A,ENABLED,52,914,1680,N/A,ENABLED,43,711,1400,N/A,ENABLED,43,711,1400,N/A,ENABLED,43,711,1400,N/A,ENABLED,43,711,1400,N/A,ENABLED,N/A,42,48
1744669077,0,607,N/A,N/A,N/A,N/A,ENABLED,1399,500,1400,DISABLED,DISABLED,1379,500,1400,DISABLED,DISABLED,1403,500,1400,DISABLED,DISABLED,1393,500,1400,DISABLED,DISABLED,1397,500,1400,DISABLED,DISABLED,1392,500,1400,DISABLED,DISABLED,1381,500,1400,DISABLED,DISABLED,1383,500,1400,DISABLED,DISABLED,1475,900,1500,N/A,DISABLED,51,914,1680,N/A,ENABLED,51,914,1680,N/A,ENABLED,51,914,1680,N/A,ENABLED,51,914,1680,N/A,ENABLED,43,711,1400,N/A,ENABLED,43,711,1400,N/A,ENABLED,43,711,1400,N/A,ENABLED,43,711,1400,N/A,ENABLED,N/A,43,49
1744669078,0,600,N/A,N/A,N/A,N/A,ENABLED,1399,500,1400,DISABLED,DISABLED,1378,500,1400,DISABLED,DISABLED,1402,500,1400,DISABLED,DISABLED,1394,500,1400,DISABLED,DISABLED,1398,500,1400,DISABLED,DISABLED,1392,500,1400,DISABLED,DISABLED,1379,500,1400,DISABLED,DISABLED,1381,500,1400,DISABLED,DISABLED,1477,900,1500,N/A,DISABLED,51,914,1680,N/A,ENABLED,51,914,1680,N/A,ENABLED,51,914,1680,N/A,ENABLED,51,914,1680,N/A,ENABLED,43,711,1400,N/A,ENABLED,43,711,1400,N/A,ENABLED,43,711,1400,N/A,ENABLED,43,711,1400,N/A,ENABLED,N/A,44,49
1744669079,0,600,N/A,N/A,N/A,N/A,ENABLED,1399,500,1400,DISABLED,DISABLED,1380,500,1400,DISABLED,DISABLED,1402,500,1400,DISABLED,DISABLED,1395,500,1400,DISABLED,DISABLED,1397,500,1400,DISABLED,DISABLED,1393,500,1400,DISABLED,DISABLED,1380,500,1400,DISABLED,DISABLED,1382,500,1400,DISABLED,DISABLED,1479,900,1500,N/A,DISABLED,51,914,1680,N/A,ENABLED,51,914,1680,N/A,ENABLED,51,914,1680,N/A,ENABLED,51,914,1680,N/A,ENABLED,43,711,1400,N/A,ENABLED,43,711,1400,N/A,ENABLED,43,711,1400,N/A,ENABLED,43,711,1400,N/A,ENABLED,N/A,44,50
1744669080,0,605,N/A,N/A,N/A,N/A,ENABLED,1399,500,1400,DISABLED,DISABLED,1378,500,1400,DISABLED,DISABLED,1402,500,1400,DISABLED,DISABLED,1395,500,1400,DISABLED,DISABLED,1397,500,1400,DISABLED,DISABLED,1392,500,1400,DISABLED,DISABLED,1380,500,1400,DISABLED,DISABLED,1382,500,1400,DISABLED,DISABLED,1468,900,1500,N/A,DISABLED,51,914,1680,N/A,ENABLED,51,914,1680,N/A,ENABLED,51,914,1680,N/A,ENABLED,51,914,1680,N/A,ENABLED,43,711,1400,N/A,ENABLED,43,711,1400,N/A,ENABLED,43,711,1400,N/A,ENABLED,43,711,1400,N/A,ENABLED,N/A,44,49
1744669082,0,599,N/A,N/A,N/A,N/A,ENABLED,1399,500,1400,DISABLED,DISABLED,1378,500,1400,DISABLED,DISABLED,1402,500,1400,DISABLED,DISABLED,1395,500,1400,DISABLED,DISABLED,1395,500,1400,DISABLED,DISABLED,1393,500,1400,DISABLED,DISABLED,1380,500,1400,DISABLED,DISABLED,1383,500,1400,DISABLED,DISABLED,1473,900,1500,N/A,DISABLED,51,914,1680,N/A,ENABLED,51,914,1680,N/A,ENABLED,51,914,1680,N/A,ENABLED,51,914,1680,N/A,ENABLED,43,711,1400,N/A,ENABLED,43,711,1400,N/A,ENABLED,43,711,1400,N/A,ENABLED,43,711,1400,N/A,ENABLED,N/A,45,50
1744669083,0,600,N/A,N/A,N/A,N/A,ENABLED,1399,500,1400,DISABLED,DISABLED,1379,500,1400,DISABLED,DISABLED,1403,500,1400,DISABLED,DISABLED,1395,500,1400,DISABLED,DISABLED,1397,500,1400,DISABLED,DISABLED,1393,500,1400,DISABLED,DISABLED,1380,500,1400,DISABLED,DISABLED,1383,500,1400,DISABLED,DISABLED,1473,900,1500,N/A,DISABLED,51,914,1680,N/A,ENABLED,51,914,1680,N/A,ENABLED,51,914,1680,N/A,ENABLED,51,914,1680,N/A,ENABLED,43,711,1400,N/A,ENABLED,43,711,1400,N/A,ENABLED,43,711,1400,N/A,ENABLED,43,711,1400,N/A,ENABLED,N/A,45,51
1744669084,0,597,N/A,N/A,N/A,N/A,ENABLED,1399,500,1400,DISABLED,DISABLED,1377,500,1400,DISABLED,DISABLED,1403,500,1400,DISABLED,DISABLED,1395,500,1400,DISABLED,DISABLED,1397,500,1400,DISABLED,DISABLED,1393,500,1400,DISABLED,DISABLED,1379,500,1400,DISABLED,DISABLED,1382,500,1400,DISABLED,DISABLED,1454,900,1500,N/A,DISABLED,50,914,1680,N/A,ENABLED,50,914,1680,N/A,ENABLED,50,914,1680,N/A,ENABLED,50,914,1680,N/A,ENABLED,42,711,1400,N/A,ENABLED,42,711,1400,N/A,ENABLED,42,711,1400,N/A,ENABLED,42,711,1400,N/A,ENABLED,N/A,45,50
1744669085,0,606,N/A,N/A,N/A,N/A,ENABLED,1398,500,1400,DISABLED,DISABLED,1377,500,1400,DISABLED,DISABLED,1403,500,1400,DISABLED,DISABLED,1395,500,1400,DISABLED,DISABLED,1397,500,1400,DISABLED,DISABLED,1393,500,1400,DISABLED,DISABLED,1380,500,1400,DISABLED,DISABLED,1382,500,1400,DISABLED,DISABLED,1467,900,1500,N/A,DISABLED,51,914,1680,N/A,ENABLED,51,914,1680,N/A,ENABLED,51,914,1680,N/A,ENABLED,51,914,1680,N/A,ENABLED,42,711,1400,N/A,ENABLED,42,711,1400,N/A,ENABLED,42,711,1400,N/A,ENABLED,42,711,1400,N/A,ENABLED,N/A,45,50
1744669086,0,611,N/A,N/A,N/A,N/A,ENABLED,1398,500,1400,DISABLED,DISABLED,1378,500,1400,DISABLED,DISABLED,1402,500,1400,DISABLED,DISABLED,1395,500,1400,DISABLED,DISABLED,1396,500,1400,DISABLED,DISABLED,1393,500,1400,DISABLED,DISABLED,1379,500,1400,DISABLED,DISABLED,1381,500,1400,DISABLED,DISABLED,1471,900,1500,N/A,DISABLED,51,914,1680,N/A,ENABLED,51,914,1680,N/A,ENABLED,51,914,1680,N/A,ENABLED,51,914,1680,N/A,ENABLED,43,711,1400,N/A,ENABLED,43,711,1400,N/A,ENABLED,43,711,1400,N/A,ENABLED,43,711,1400,N/A,ENABLED,N/A,45,51
1744669088,0,600,N/A,N/A,N/A,N/A,ENABLED,1398,500,1400,DISABLED,DISABLED,1378,500,1400,DISABLED,DISABLED,1403,500,1400,DISABLED,DISABLED,1395,500,1400,DISABLED,DISABLED,1397,500,1400,DISABLED,DISABLED,1394,500,1400,DISABLED,DISABLED,1380,500,1400,DISABLED,DISABLED,1384,500,1400,DISABLED,DISABLED,1464,900,1500,N/A,DISABLED,51,914,1680,N/A,ENABLED,51,914,1680,N/A,ENABLED,51,914,1680,N/A,ENABLED,51,914,1680,N/A,ENABLED,42,711,1400,N/A,ENABLED,42,711,1400,N/A,ENABLED,42,711,1400,N/A,ENABLED,42,711,1400,N/A,ENABLED,N/A,46,50
1744669089,0,608,N/A,N/A,N/A,N/A,ENABLED,1399,500,1400,DISABLED,DISABLED,1379,500,1400,DISABLED,DISABLED,1403,500,1400,DISABLED,DISABLED,1394,500,1400,DISABLED,DISABLED,1396,500,1400,DISABLED,DISABLED,1393,500,1400,DISABLED,DISABLED,1380,500,1400,DISABLED,DISABLED,1382,500,1400,DISABLED,DISABLED,1477,900,1500,N/A,DISABLED,51,914,1680,N/A,ENABLED,51,914,1680,N/A,ENABLED,51,914,1680,N/A,ENABLED,51,914,1680,N/A,ENABLED,43,711,1400,N/A,ENABLED,43,711,1400,N/A,ENABLED,43,711,1400,N/A,ENABLED,43,711,1400,N/A,ENABLED,N/A,46,51
1744669090,0,612,N/A,N/A,N/A,N/A,ENABLED,1399,500,1400,DISABLED,DISABLED,1377,500,1400,DISABLED,DISABLED,1402,500,1400,DISABLED,DISABLED,1394,500,1400,DISABLED,DISABLED,1397,500,1400,DISABLED,DISABLED,1392,500,1400,DISABLED,DISABLED,1379,500,1400,DISABLED,DISABLED,1381,500,1400,DISABLED,DISABLED,1473,900,1500,N/A,DISABLED,51,914,1680,N/A,ENABLED,51,914,1680,N/A,ENABLED,51,914,1680,N/A,ENABLED,51,914,1680,N/A,ENABLED,43,711,1400,N/A,ENABLED,43,711,1400,N/A,ENABLED,43,711,1400,N/A,ENABLED,43,711,1400,N/A,ENABLED,N/A,46,52
1744669091,0,604,N/A,N/A,N/A,N/A,ENABLED,1399,500,1400,DISABLED,DISABLED,1378,500,1400,DISABLED,DISABLED,1402,500,1400,DISABLED,DISABLED,1394,500,1400,DISABLED,DISABLED,1398,500,1400,DISABLED,DISABLED,1393,500,1400,DISABLED,DISABLED,1379,500,1400,DISABLED,DISABLED,1383,500,1400,DISABLED,DISABLED,1470,900,1500,N/A,DISABLED,51,914,1680,N/A,ENABLED,51,914,1680,N/A,ENABLED,51,914,1680,N/A,ENABLED,51,914,1680,N/A,ENABLED,43,711,1400,N/A,ENABLED,43,711,1400,N/A,ENABLED,43,711,1400,N/A,ENABLED,43,711,1400,N/A,ENABLED,N/A,46,52
1744669092,0,611,N/A,N/A,N/A,N/A,ENABLED,1399,500,1400,DISABLED,DISABLED,1379,500,1400,DISABLED,DISABLED,1402,500,1400,DISABLED,DISABLED,1395,500,1400,DISABLED,DISABLED,1397,500,1400,DISABLED,DISABLED,1393,500,1400,DISABLED,DISABLED,1379,500,1400,DISABLED,DISABLED,1383,500,1400,DISABLED,DISABLED,1467,900,1500,N/A,DISABLED,51,914,1680,N/A,ENABLED,51,914,1680,N/A,ENABLED,51,914,1680,N/A,ENABLED,51,914,1680,N/A,ENABLED,42,711,1400,N/A,ENABLED,42,711,1400,N/A,ENABLED,42,711,1400,N/A,ENABLED,42,711,1400,N/A,ENABLED,N/A,46,52
1744669093,0,602,N/A,N/A,N/A,N/A,ENABLED,1398,500,1400,DISABLED,DISABLED,1378,500,1400,DISABLED,DISABLED,1403,500,1400,DISABLED,DISABLED,1395,500,1400,DISABLED,DISABLED,1397,500,1400,DISABLED,DISABLED,1394,500,1400,DISABLED,DISABLED,1380,500,1400,DISABLED,DISABLED,1382,500,1400,DISABLED,DISABLED,1469,900,1500,N/A,DISABLED,51,914,1680,N/A,ENABLED,51,914,1680,N/A,ENABLED,51,914,1680,N/A,ENABLED,51,914,1680,N/A,ENABLED,43,711,1400,N/A,ENABLED,43,711,1400,N/A,ENABLED,43,711,1400,N/A,ENABLED,43,711,1400,N/A,ENABLED,N/A,46,52
1744669095,0,606,N/A,N/A,N/A,N/A,ENABLED,1398,500,1400,DISABLED,DISABLED,1378,500,1400,DISABLED,DISABLED,1402,500,1400,DISABLED,DISABLED,1394,500,1400,DISABLED,DISABLED,1398,500,1400,DISABLED,DISABLED,1393,500,1400,DISABLED,DISABLED,1380,500,1400,DISABLED,DISABLED,1383,500,1400,DISABLED,DISABLED,1470,900,1500,N/A,DISABLED,51,914,1680,N/A,ENABLED,51,914,1680,N/A,ENABLED,51,914,1680,N/A,ENABLED,51,914,1680,N/A,ENABLED,43,711,1400,N/A,ENABLED,43,711,1400,N/A,ENABLED,43,711,1400,N/A,ENABLED,43,711,1400,N/A,ENABLED,N/A,47,52
1744669096,0,607,N/A,N/A,N/A,N/A,ENABLED,1398,500,1400,DISABLED,DISABLED,1379,500,1400,DISABLED,DISABLED,1402,500,1400,DISABLED,DISABLED,1395,500,1400,DISABLED,DISABLED,1398,500,1400,DISABLED,DISABLED,1393,500,1400,DISABLED,DISABLED,1381,500,1400,DISABLED,DISABLED,1383,500,1400,DISABLED,DISABLED,1465,900,1500,N/A,DISABLED,51,914,1680,N/A,ENABLED,51,914,1680,N/A,ENABLED,51,914,1680,N/A,ENABLED,50,914,1680,N/A,ENABLED,42,711,1400,N/A,ENABLED,42,711,1400,N/A,ENABLED,42,711,1400,N/A,ENABLED,42,711,1400,N/A,ENABLED,N/A,47,52
1744669097,0,608,N/A,N/A,N/A,N/A,ENABLED,1400,500,1400,DISABLED,DISABLED,1379,500,1400,DISABLED,DISABLED,1403,500,1400,DISABLED,DISABLED,1395,500,1400,DISABLED,DISABLED,1398,500,1400,DISABLED,DISABLED,1392,500,1400,DISABLED,DISABLED,1381,500,1400,DISABLED,DISABLED,1384,500,1400,DISABLED,DISABLED,1467,900,1500,N/A,DISABLED,51,914,1680,N/A,ENABLED,51,914,1680,N/A,ENABLED,51,914,1680,N/A,ENABLED,51,914,1680,N/A,ENABLED,42,711,1400,N/A,ENABLED,42,711,1400,N/A,ENABLED,42,711,1400,N/A,ENABLED,42,711,1400,N/A,ENABLED,N/A,47,52
1744669098,0,606,N/A,N/A,N/A,N/A,ENABLED,1400,500,1400,DISABLED,DISABLED,1379,500,1400,DISABLED,DISABLED,1402,500,1400,DISABLED,DISABLED,1395,500,1400,DISABLED,DISABLED,1397,500,1400,DISABLED,DISABLED,1392,500,1400,DISABLED,DISABLED,1379,500,1400,DISABLED,DISABLED,1382,500,1400,DISABLED,DISABLED,1471,900,1500,N/A,DISABLED,51,914,1680,N/A,ENABLED,51,914,1680,N/A,ENABLED,51,914,1680,N/A,ENABLED,51,914,1680,N/A,ENABLED,43,711,1400,N/A,ENABLED,43,711,1400,N/A,ENABLED,43,711,1400,N/A,ENABLED,43,711,1400,N/A,ENABLED,N/A,47,52
1744669099,0,604,N/A,N/A,N/A,N/A,ENABLED,1399,500,1400,DISABLED,DISABLED,1378,500,1400,DISABLED,DISABLED,1403,500,1400,DISABLED,DISABLED,1394,500,1400,DISABLED,DISABLED,1398,500,1400,DISABLED,DISABLED,1393,500,1400,DISABLED,DISABLED,1379,500,1400,DISABLED,DISABLED,1381,500,1400,DISABLED,DISABLED,1467,900,1500,N/A,DISABLED,51,914,1680,N/A,ENABLED,51,914,1680,N/A,ENABLED,51,914,1680,N/A,ENABLED,51,914,1680,N/A,ENABLED,42,711,1400,N/A,ENABLED,42,711,1400,N/A,ENABLED,42,711,1400,N/A,ENABLED,42,711,1400,N/A,ENABLED,N/A,47,52
1744669100,0,602,N/A,N/A,N/A,N/A,ENABLED,1399,500,1400,DISABLED,DISABLED,1379,500,1400,DISABLED,DISABLED,1403,500,1400,DISABLED,DISABLED,1395,500,1400,DISABLED,DISABLED,1397,500,1400,DISABLED,DISABLED,1392,500,1400,DISABLED,DISABLED,1381,500,1400,DISABLED,DISABLED,1383,500,1400,DISABLED,DISABLED,1463,900,1500,N/A,DISABLED,51,914,1680,N/A,ENABLED,51,914,1680,N/A,ENABLED,51,914,1680,N/A,ENABLED,51,914,1680,N/A,ENABLED,42,711,1400,N/A,ENABLED,42,711,1400,N/A,ENABLED,42,711,1400,N/A,ENABLED,42,711,1400,N/A,ENABLED,N/A,47,52
1744669102,0,602,N/A,N/A,N/A,N/A,ENABLED,1399,500,1400,DISABLED,DISABLED,1379,500,1400,DISABLED,DISABLED,1402,500,1400,DISABLED,DISABLED,1395,500,1400,DISABLED,DISABLED,1398,500,1400,DISABLED,DISABLED,1392,500,1400,DISABLED,DISABLED,1381,500,1400,DISABLED,DISABLED,1383,500,1400,DISABLED,DISABLED,1467,900,1500,N/A,DISABLED,51,914,1680,N/A,ENABLED,51,914,1680,N/A,ENABLED,51,914,1680,N/A,ENABLED,51,914,1680,N/A,ENABLED,42,711,1400,N/A,ENABLED,42,711,1400,N/A,ENABLED,42,711,1400,N/A,ENABLED,42,711,1400,N/A,ENABLED,N/A,47,53
1744669103,0,604,N/A,N/A,N/A,N/A,ENABLED,1400,500,1400,DISABLED,DISABLED,1379,500,1400,DISABLED,DISABLED,1404,500,1400,DISABLED,DISABLED,1395,500,1400,DISABLED,DISABLED,1398,500,1400,DISABLED,DISABLED,1393,500,1400,DISABLED,DISABLED,1379,500,1400,DISABLED,DISABLED,1381,500,1400,DISABLED,DISABLED,1469,900,1500,N/A,DISABLED,51,914,1680,N/A,ENABLED,51,914,1680,N/A,ENABLED,51,914,1680,N/A,ENABLED,51,914,1680,N/A,ENABLED,43,711,1400,N/A,ENABLED,43,711,1400,N/A,ENABLED,43,711,1400,N/A,ENABLED,43,711,1400,N/A,ENABLED,N/A,47,53
1744669104,0,600,N/A,N/A,N/A,N/A,ENABLED,1399,500,1400,DISABLED,DISABLED,1378,500,1400,DISABLED,DISABLED,1403,500,1400,DISABLED,DISABLED,1395,500,1400,DISABLED,DISABLED,1398,500,1400,DISABLED,DISABLED,1393,500,1400,DISABLED,DISABLED,1381,500,1400,DISABLED,DISABLED,1383,500,1400,DISABLED,DISABLED,1457,900,1500,N/A,DISABLED,50,914,1680,N/A,ENABLED,50,914,1680,N/A,ENABLED,50,914,1680,N/A,ENABLED,50,914,1680,N/A,ENABLED,42,711,1400,N/A,ENABLED,42,711,1400,N/A,ENABLED,42,711,1400,N/A,ENABLED,42,711,1400,N/A,ENABLED,N/A,47,54
1744669105,0,599,N/A,N/A,N/A,N/A,ENABLED,1398,500,1400,DISABLED,DISABLED,1378,500,1400,DISABLED,DISABLED,1402,500,1400,DISABLED,DISABLED,1395,500,1400,DISABLED,DISABLED,1398,500,1400,DISABLED,DISABLED,1393,500,1400,DISABLED,DISABLED,1381,500,1400,DISABLED,DISABLED,1383,500,1400,DISABLED,DISABLED,1466,900,1500,N/A,DISABLED,51,914,1680,N/A,ENABLED,51,914,1680,N/A,ENABLED,51,914,1680,N/A,ENABLED,51,914,1680,N/A,ENABLED,42,711,1400,N/A,ENABLED,42,711,1400,N/A,ENABLED,42,711,1400,N/A,ENABLED,42,711,1400,N/A,ENABLED,N/A,47,52
1744669106,0,600,N/A,N/A,N/A,N/A,ENABLED,1399,500,1400,DISABLED,DISABLED,1379,500,1400,DISABLED,DISABLED,1403,500,1400,DISABLED,DISABLED,1395,500,1400,DISABLED,DISABLED,1398,500,1400,DISABLED,DISABLED,1393,500,1400,DISABLED,DISABLED,1381,500,1400,DISABLED,DISABLED,1383,500,1400,DISABLED,DISABLED,1463,900,1500,N/A,DISABLED,51,914,1680,N/A,ENABLED,51,914,1680,N/A,ENABLED,51,914,1680,N/A,ENABLED,51,914,1680,N/A,ENABLED,42,711,1400,N/A,ENABLED,42,711,1400,N/A,ENABLED,42,711,1400,N/A,ENABLED,42,711,1400,N/A,ENABLED,N/A,47,53
1744669108,0,597,N/A,N/A,N/A,N/A,ENABLED,1399,500,1400,DISABLED,DISABLED,1380,500,1400,DISABLED,DISABLED,1402,500,1400,DISABLED,DISABLED,1395,500,1400,DISABLED,DISABLED,1398,500,1400,DISABLED,DISABLED,1393,500,1400,DISABLED,DISABLED,1378,500,1400,DISABLED,DISABLED,1381,500,1400,DISABLED,DISABLED,1462,900,1500,N/A,DISABLED,51,914,1680,N/A,ENABLED,51,914,1680,N/A,ENABLED,51,914,1680,N/A,ENABLED,51,914,1680,N/A,ENABLED,42,711,1400,N/A,ENABLED,42,711,1400,N/A,ENABLED,42,711,1400,N/A,ENABLED,42,711,1400,N/A,ENABLED,N/A,48,52
1744669109,0,600,N/A,N/A,N/A,N/A,ENABLED,1398,500,1400,DISABLED,DISABLED,1379,500,1400,DISABLED,DISABLED,1403,500,1400,DISABLED,DISABLED,1395,500,1400,DISABLED,DISABLED,1398,500,1400,DISABLED,DISABLED,1393,500,1400,DISABLED,DISABLED,1379,500,1400,DISABLED,DISABLED,1383,500,1400,DISABLED,DISABLED,1458,900,1500,N/A,DISABLED,50,914,1680,N/A,ENABLED,50,914,1680,N/A,ENABLED,50,914,1680,N/A,ENABLED,50,914,1680,N/A,ENABLED,42,711,1400,N/A,ENABLED,42,711,1400,N/A,ENABLED,42,711,1400,N/A,ENABLED,42,711,1400,N/A,ENABLED,N/A,47,53
1744669110,0,609,N/A,N/A,N/A,N/A,ENABLED,1398,500,1400,DISABLED,DISABLED,1379,500,1400,DISABLED,DISABLED,1403,500,1400,DISABLED,DISABLED,1395,500,1400,DISABLED,DISABLED,1399,500,1400,DISABLED,DISABLED,1392,500,1400,DISABLED,DISABLED,1380,500,1400,DISABLED,DISABLED,1383,500,1400,DISABLED,DISABLED,1459,900,1500,N/A,DISABLED,50,914,1680,N/A,ENABLED,50,914,1680,N/A,ENABLED,50,914,1680,N/A,ENABLED,50,914,1680,N/A,ENABLED,42,711,1400,N/A,ENABLED,42,711,1400,N/A,ENABLED,42,711,1400,N/A,ENABLED,42,711,1400,N/A,ENABLED,N/A,48,53
1744669111,0,607,N/A,N/A,N/A,N/A,ENABLED,1399,500,1400,DISABLED,DISABLED,1379,500,1400,DISABLED,DISABLED,1402,500,1400,DISABLED,DISABLED,1396,500,1400,DISABLED,DISABLED,1398,500,1400,DISABLED,DISABLED,1392,500,1400,DISABLED,DISABLED,1379,500,1400,DISABLED,DISABLED,1383,500,1400,DISABLED,DISABLED,1467,900,1500,N/A,DISABLED,51,914,1680,N/A,ENABLED,51,914,1680,N/A,ENABLED,51,914,1680,N/A,ENABLED,51,914,1680,N/A,ENABLED,42,711,1400,N/A,ENABLED,42,711,1400,N/A,ENABLED,42,711,1400,N/A,ENABLED,42,711,1400,N/A,ENABLED,N/A,48,53
1744669112,0,593,N/A,N/A,N/A,N/A,ENABLED,1399,500,1400,DISABLED,DISABLED,1379,500,1400,DISABLED,DISABLED,1402,500,1400,DISABLED,DISABLED,1396,500,1400,DISABLED,DISABLED,1398,500,1400,DISABLED,DISABLED,1392,500,1400,DISABLED,DISABLED,1380,500,1400,DISABLED,DISABLED,1383,500,1400,DISABLED,DISABLED,1454,900,1500,N/A,DISABLED,50,914,1680,N/A,ENABLED,50,914,1680,N/A,ENABLED,50,914,1680,N/A,ENABLED,50,914,1680,N/A,ENABLED,42,711,1400,N/A,ENABLED,42,711,1400,N/A,ENABLED,42,711,1400,N/A,ENABLED,42,711,1400,N/A,ENABLED,N/A,48,53
1744669113,0,604,N/A,N/A,N/A,N/A,ENABLED,1399,500,1400,DISABLED,DISABLED,1378,500,1400,DISABLED,DISABLED,1402,500,1400,DISABLED,DISABLED,1395,500,1400,DISABLED,DISABLED,1399,500,1400,DISABLED,DISABLED,1393,500,1400,DISABLED,DISABLED,1381,500,1400,DISABLED,DISABLED,1383,500,1400,DISABLED,DISABLED,1454,900,1500,N/A,DISABLED,50,914,1680,N/A,ENABLED,50,914,1680,N/A,ENABLED,50,914,1680,N/A,ENABLED,50,914,1680,N/A,ENABLED,42,711,1400,N/A,ENABLED,42,711,1400,N/A,ENABLED,42,711,1400,N/A,ENABLED,42,711,1400,N/A,ENABLED,N/A,48,53
1744669115,0,605,N/A,N/A,N/A,N/A,ENABLED,1399,500,1400,DISABLED,DISABLED,1378,500,1400,DISABLED,DISABLED,1403,500,1400,DISABLED,DISABLED,1394,500,1400,DISABLED,DISABLED,1398,500,1400,DISABLED,DISABLED,1393,500,1400,DISABLED,DISABLED,1380,500,1400,DISABLED,DISABLED,1382,500,1400,DISABLED,DISABLED,1459,900,1500,N/A,DISABLED,50,914,1680,N/A,ENABLED,50,914,1680,N/A,ENABLED,50,914,1680,N/A,ENABLED,50,914,1680,N/A,ENABLED,42,711,1400,N/A,ENABLED,42,711,1400,N/A,ENABLED,42,711,1400,N/A,ENABLED,42,711,1400,N/A,ENABLED,N/A,48,53
1744669116,0,597,N/A,N/A,N/A,N/A,ENABLED,1399,500,1400,DISABLED,DISABLED,1379,500,1400,DISABLED,DISABLED,1403,500,1400,DISABLED,DISABLED,1396,500,1400,DISABLED,DISABLED,1399,500,1400,DISABLED,DISABLED,1393,500,1400,DISABLED,DISABLED,1381,500,1400,DISABLED,DISABLED,1383,500,1400,DISABLED,DISABLED,1466,900,1500,N/A,DISABLED,51,914,1680,N/A,ENABLED,51,914,1680,N/A,ENABLED,51,914,1680,N/A,ENABLED,51,914,1680,N/A,ENABLED,42,711,1400,N/A,ENABLED,42,711,1400,N/A,ENABLED,42,711,1400,N/A,ENABLED,42,711,1400,N/A,ENABLED,N/A,48,53
1744669117,0,609,N/A,N/A,N/A,N/A,ENABLED,1399,500,1400,DISABLED,DISABLED,1379,500,1400,DISABLED,DISABLED,1402,500,1400,DISABLED,DISABLED,1395,500,1400,DISABLED,DISABLED,1398,500,1400,DISABLED,DISABLED,1393,500,1400,DISABLED,DISABLED,1380,500,1400,DISABLED,DISABLED,1382,500,1400,DISABLED,DISABLED,1464,900,1500,N/A,DISABLED,51,914,1680,N/A,ENABLED,51,914,1680,N/A,ENABLED,51,914,1680,N/A,ENABLED,51,914,1680,N/A,ENABLED,42,711,1400,N/A,ENABLED,42,711,1400,N/A,ENABLED,42,711,1400,N/A,ENABLED,42,711,1400,N/A,ENABLED,N/A,48,53
1744669118,0,607,N/A,N/A,N/A,N/A,ENABLED,1400,500,1400,DISABLED,DISABLED,1379,500,1400,DISABLED,DISABLED,1402,500,1400,DISABLED,DISABLED,1394,500,1400,DISABLED,DISABLED,1398,500,1400,DISABLED,DISABLED,1393,500,1400,DISABLED,DISABLED,1380,500,1400,DISABLED,DISABLED,1383,500,1400,DISABLED,DISABLED,1461,900,1500,N/A,DISABLED,50,914,1680,N/A,ENABLED,50,914,1680,N/A,ENABLED,50,914,1680,N/A,ENABLED,50,914,1680,N/A,ENABLED,42,711,1400,N/A,ENABLED,42,711,1400,N/A,ENABLED,42,711,1400,N/A,ENABLED,42,711,1400,N/A,ENABLED,N/A,48,53
1744669119,0,605,N/A,N/A,N/A,N/A,ENABLED,1399,500,1400,DISABLED,DISABLED,1378,500,1400,DISABLED,DISABLED,1402,500,1400,DISABLED,DISABLED,1395,500,1400,DISABLED,DISABLED,1398,500,1400,DISABLED,DISABLED,1393,500,1400,DISABLED,DISABLED,1380,500,1400,DISABLED,DISABLED,1382,500,1400,DISABLED,DISABLED,1463,900,1500,N/A,DISABLED,51,914,1680,N/A,ENABLED,51,914,1680,N/A,ENABLED,51,914,1680,N/A,ENABLED,51,914,1680,N/A,ENABLED,42,711,1400,N/A,ENABLED,42,711,1400,N/A,ENABLED,42,711,1400,N/A,ENABLED,42,711,1400,N/A,ENABLED,N/A,48,53
1744669120,0,606,N/A,N/A,N/A,N/A,ENABLED,1399,500,1400,DISABLED,DISABLED,1378,500,1400,DISABLED,DISABLED,1402,500,1400,DISABLED,DISABLED,1395,500,1400,DISABLED,DISABLED,1397,500,1400,DISABLED,DISABLED,1393,500,1400,DISABLED,DISABLED,1380,500,1400,DISABLED,DISABLED,1382,500,1400,DISABLED,DISABLED,1463,900,1500,N/A,DISABLED,51,914,1680,N/A,ENABLED,51,914,1680,N/A,ENABLED,51,914,1680,N/A,ENABLED,51,914,1680,N/A,ENABLED,42,711,1400,N/A,ENABLED,42,711,1400,N/A,ENABLED,42,711,1400,N/A,ENABLED,42,711,1400,N/A,ENABLED,N/A,48,53
1744669122,0,607,N/A,N/A,N/A,N/A,ENABLED,1398,500,1400,DISABLED,DISABLED,1378,500,1400,DISABLED,DISABLED,1402,500,1400,DISABLED,DISABLED,1395,500,1400,DISABLED,DISABLED,1398,500,1400,DISABLED,DISABLED,1394,500,1400,DISABLED,DISABLED,1380,500,1400,DISABLED,DISABLED,1382,500,1400,DISABLED,DISABLED,1466,900,1500,N/A,DISABLED,51,914,1680,N/A,ENABLED,51,914,1680,N/A,ENABLED,51,914,1680,N/A,ENABLED,51,914,1680,N/A,ENABLED,42,711,1400,N/A,ENABLED,42,711,1400,N/A,ENABLED,42,711,1400,N/A,ENABLED,42,711,1400,N/A,ENABLED,N/A,48,54
1744669123,0,602,N/A,N/A,N/A,N/A,ENABLED,1400,500,1400,DISABLED,DISABLED,1378,500,1400,DISABLED,DISABLED,1402,500,1400,DISABLED,DISABLED,1396,500,1400,DISABLED,DISABLED,1398,500,1400,DISABLED,DISABLED,1393,500,1400,DISABLED,DISABLED,1379,500,1400,DISABLED,DISABLED,1383,500,1400,DISABLED,DISABLED,1469,900,1500,N/A,DISABLED,51,914,1680,N/A,ENABLED,51,914,1680,N/A,ENABLED,51,914,1680,N/A,ENABLED,51,914,1680,N/A,ENABLED,43,711,1400,N/A,ENABLED,43,711,1400,N/A,ENABLED,43,711,1400,N/A,ENABLED,43,711,1400,N/A,ENABLED,N/A,48,54
1744669124,0,614,N/A,N/A,N/A,N/A,ENABLED,1399,500,1400,DISABLED,DISABLED,1378,500,1400,DISABLED,DISABLED,1402,500,1400,DISABLED,DISABLED,1395,500,1400,DISABLED,DISABLED,1398,500,1400,DISABLED,DISABLED,1392,500,1400,DISABLED,DISABLED,1379,500,1400,DISABLED,DISABLED,1382,500,1400,DISABLED,DISABLED,1470,900,1500,N/A,DISABLED,51,914,1680,N/A,ENABLED,51,914,1680,N/A,ENABLED,51,914,1680,N/A,ENABLED,51,914,1680,N/A,ENABLED,43,711,1400,N/A,ENABLED,43,711,1400,N/A,ENABLED,43,711,1400,N/A,ENABLED,43,711,1400,N/A,ENABLED,N/A,48,53
1744669125,0,609,N/A,N/A,N/A,N/A,ENABLED,1398,500,1400,DISABLED,DISABLED,1379,500,1400,DISABLED,DISABLED,1402,500,1400,DISABLED,DISABLED,1396,500,1400,DISABLED,DISABLED,1399,500,1400,DISABLED,DISABLED,1393,500,1400,DISABLED,DISABLED,1380,500,1400,DISABLED,DISABLED,1382,500,1400,DISABLED,DISABLED,1470,900,1500,N/A,DISABLED,51,914,1680,N/A,ENABLED,51,914,1680,N/A,ENABLED,51,914,1680,N/A,ENABLED,51,914,1680,N/A,ENABLED,43,711,1400,N/A,ENABLED,43,711,1400,N/A,ENABLED,43,711,1400,N/A,ENABLED,43,711,1400,N/A,ENABLED,N/A,48,54
1744669126,0,609,N/A,N/A,N/A,N/A,ENABLED,1398,500,1400,DISABLED,DISABLED,1379,500,1400,DISABLED,DISABLED,1402,500,1400,DISABLED,DISABLED,1395,500,1400,DISABLED,DISABLED,1398,500,1400,DISABLED,DISABLED,1393,500,1400,DISABLED,DISABLED,1377,500,1400,DISABLED,DISABLED,1382,500,1400,DISABLED,DISABLED,1469,900,1500,N/A,DISABLED,51,914,1680,N/A,ENABLED,51,914,1680,N/A,ENABLED,51,914,1680,N/A,ENABLED,51,914,1680,N/A,ENABLED,43,711,1400,N/A,ENABLED,43,711,1400,N/A,ENABLED,43,711,1400,N/A,ENABLED,43,711,1400,N/A,ENABLED,N/A,48,53
1744669128,0,602,N/A,N/A,N/A,N/A,ENABLED,1399,500,1400,DISABLED,DISABLED,1379,500,1400,DISABLED,DISABLED,1402,500,1400,DISABLED,DISABLED,1396,500,1400,DISABLED,DISABLED,1398,500,1400,DISABLED,DISABLED,1393,500,1400,DISABLED,DISABLED,1377,500,1400,DISABLED,DISABLED,1382,500,1400,DISABLED,DISABLED,1460,900,1500,N/A,DISABLED,50,914,1680,N/A,ENABLED,50,914,1680,N/A,ENABLED,50,914,1680,N/A,ENABLED,50,914,1680,N/A,ENABLED,42,711,1400,N/A,ENABLED,42,711,1400,N/A,ENABLED,42,711,1400,N/A,ENABLED,42,711,1400,N/A,ENABLED,N/A,48,53
1744669129,0,600,N/A,N/A,N/A,N/A,ENABLED,1399,500,1400,DISABLED,DISABLED,1379,500,1400,DISABLED,DISABLED,1402,500,1400,DISABLED,DISABLED,1395,500,1400,DISABLED,DISABLED,1400,500,1400,DISABLED,DISABLED,1394,500,1400,DISABLED,DISABLED,1379,500,1400,DISABLED,DISABLED,1383,500,1400,DISABLED,DISABLED,1470,900,1500,N/A,DISABLED,51,914,1680,N/A,ENABLED,51,914,1680,N/A,ENABLED,51,914,1680,N/A,ENABLED,51,914,1680,N/A,ENABLED,43,711,1400,N/A,ENABLED,43,711,1400,N/A,ENABLED,43,711,1400,N/A,ENABLED,43,711,1400,N/A,ENABLED,N/A,48,53
1744669130,0,606,N/A,N/A,N/A,N/A,ENABLED,1399,500,1400,DISABLED,DISABLED,1378,500,1400,DISABLED,DISABLED,1403,500,1400,DISABLED,DISABLED,1395,500,1400,DISABLED,DISABLED,1399,500,1400,DISABLED,DISABLED,1393,500,1400,DISABLED,DISABLED,1379,500,1400,DISABLED,DISABLED,1382,500,1400,DISABLED,DISABLED,1466,900,1500,N/A,DISABLED,51,914,1680,N/A,ENABLED,51,914,1680,N/A,ENABLED,51,914,1680,N/A,ENABLED,51,914,1680,N/A,ENABLED,42,711,1400,N/A,ENABLED,42,711,1400,N/A,ENABLED,42,711,1400,N/A,ENABLED,42,711,1400,N/A,ENABLED,N/A,48,54
1744669131,0,609,N/A,N/A,N/A,N/A,ENABLED,1398,500,1400,DISABLED,DISABLED,1379,500,1400,DISABLED,DISABLED,1404,500,1400,DISABLED,DISABLED,1395,500,1400,DISABLED,DISABLED,1398,500,1400,DISABLED,DISABLED,1393,500,1400,DISABLED,DISABLED,1379,500,1400,DISABLED,DISABLED,1382,500,1400,DISABLED,DISABLED,1467,900,1500,N/A,DISABLED,51,914,1680,N/A,ENABLED,51,914,1680,N/A,ENABLED,51,914,1680,N/A,ENABLED,51,914,1680,N/A,ENABLED,42,711,1400,N/A,ENABLED,42,711,1400,N/A,ENABLED,42,711,1400,N/A,ENABLED,42,711,1400,N/A,ENABLED,N/A,48,53
1744669132,0,608,N/A,N/A,N/A,N/A,ENABLED,1398,500,1400,DISABLED,DISABLED,1378,500,1400,DISABLED,DISABLED,1403,500,1400,DISABLED,DISABLED,1394,500,1400,DISABLED,DISABLED,1398,500,1400,DISABLED,DISABLED,1394,500,1400,DISABLED,DISABLED,1378,500,1400,DISABLED,DISABLED,1383,500,1400,DISABLED,DISABLED,1454,900,1500,N/A,DISABLED,50,914,1680,N/A,ENABLED,50,914,1680,N/A,ENABLED,50,914,1680,N/A,ENABLED,50,914,1680,N/A,ENABLED,42,711,1400,N/A,ENABLED,42,711,1400,N/A,ENABLED,42,711,1400,N/A,ENABLED,42,711,1400,N/A,ENABLED,N/A,48,53
1744669133,0,600,N/A,N/A,N/A,N/A,ENABLED,1399,500,1400,DISABLED,DISABLED,1380,500,1400,DISABLED,DISABLED,1403,500,1400,DISABLED,DISABLED,1394,500,1400,DISABLED,DISABLED,1398,500,1400,DISABLED,DISABLED,1393,500,1400,DISABLED,DISABLED,1379,500,1400,DISABLED,DISABLED,1382,500,1400,DISABLED,DISABLED,1458,900,1500,N/A,DISABLED,50,914,1680,N/A,ENABLED,50,914,1680,N/A,ENABLED,50,914,1680,N/A,ENABLED,50,914,1680,N/A,ENABLED,42,711,1400,N/A,ENABLED,42,711,1400,N/A,ENABLED,42,711,1400,N/A,ENABLED,42,711,1400,N/A,ENABLED,N/A,48,53
1744669135,0,603,N/A,N/A,N/A,N/A,ENABLED,1399,500,1400,DISABLED,DISABLED,1380,500,1400,DISABLED,DISABLED,1403,500,1400,DISABLED,DISABLED,1395,500,1400,DISABLED,DISABLED,1399,500,1400,DISABLED,DISABLED,1394,500,1400,DISABLED,DISABLED,1379,500,1400,DISABLED,DISABLED,1382,500,1400,DISABLED,DISABLED,1461,900,1500,N/A,DISABLED,50,914,1680,N/A,ENABLED,50,914,1680,N/A,ENABLED,50,914,1680,N/A,ENABLED,50,914,1680,N/A,ENABLED,42,711,1400,N/A,ENABLED,42,711,1400,N/A,ENABLED,42,711,1400,N/A,ENABLED,42,711,1400,N/A,ENABLED,N/A,48,54
1744669136,0,598,N/A,N/A,N/A,N/A,ENABLED,1398,500,1400,DISABLED,DISABLED,1379,500,1400,DISABLED,DISABLED,1403,500,1400,DISABLED,DISABLED,1395,500,1400,DISABLED,DISABLED,1399,500,1400,DISABLED,DISABLED,1394,500,1400,DISABLED,DISABLED,1378,500,1400,DISABLED,DISABLED,1381,500,1400,DISABLED,DISABLED,1451,900,1500,N/A,DISABLED,50,914,1680,N/A,ENABLED,50,914,1680,N/A,ENABLED,50,914,1680,N/A,ENABLED,50,914,1680,N/A,ENABLED,42,711,1400,N/A,ENABLED,42,711,1400,N/A,ENABLED,42,711,1400,N/A,ENABLED,42,711,1400,N/A,ENABLED,N/A,48,54
1744669137,0,604,N/A,N/A,N/A,N/A,ENABLED,1398,500,1400,DISABLED,DISABLED,1379,500,1400,DISABLED,DISABLED,1403,500,1400,DISABLED,DISABLED,1395,500,1400,DISABLED,DISABLED,1398,500,1400,DISABLED,DISABLED,1394,500,1400,DISABLED,DISABLED,1379,500,1400,DISABLED,DISABLED,1382,500,1400,DISABLED,DISABLED,1460,900,1500,N/A,DISABLED,50,914,1680,N/A,ENABLED,50,914,1680,N/A,ENABLED,50,914,1680,N/A,ENABLED,50,914,1680,N/A,ENABLED,42,711,1400,N/A,ENABLED,42,711,1400,N/A,ENABLED,42,711,1400,N/A,ENABLED,42,711,1400,N/A,ENABLED,N/A,48,54
1744669138,0,603,N/A,N/A,N/A,N/A,ENABLED,1399,500,1400,DISABLED,DISABLED,1378,500,1400,DISABLED,DISABLED,1403,500,1400,DISABLED,DISABLED,1395,500,1400,DISABLED,DISABLED,1398,500,1400,DISABLED,DISABLED,1394,500,1400,DISABLED,DISABLED,1377,500,1400,DISABLED,DISABLED,1381,500,1400,DISABLED,DISABLED,1456,900,1500,N/A,DISABLED,50,914,1680,N/A,ENABLED,50,914,1680,N/A,ENABLED,50,914,1680,N/A,ENABLED,50,914,1680,N/A,ENABLED,42,711,1400,N/A,ENABLED,42,711,1400,N/A,ENABLED,42,711,1400,N/A,ENABLED,42,711,1400,N/A,ENABLED,N/A,48,54
1744669139,0,605,N/A,N/A,N/A,N/A,ENABLED,1399,500,1400,DISABLED,DISABLED,1378,500,1400,DISABLED,DISABLED,1403,500,1400,DISABLED,DISABLED,1395,500,1400,DISABLED,DISABLED,1399,500,1400,DISABLED,DISABLED,1395,500,1400,DISABLED,DISABLED,1379,500,1400,DISABLED,DISABLED,1382,500,1400,DISABLED,DISABLED,1459,900,1500,N/A,DISABLED,50,914,1680,N/A,ENABLED,50,914,1680,N/A,ENABLED,50,914,1680,N/A,ENABLED,50,914,1680,N/A,ENABLED,42,711,1400,N/A,ENABLED,42,711,1400,N/A,ENABLED,42,711,1400,N/A,ENABLED,42,711,1400,N/A,ENABLED,N/A,48,54
1744669140,0,614,N/A,N/A,N/A,N/A,ENABLED,1398,500,1400,DISABLED,DISABLED,1378,500,1400,DISABLED,DISABLED,1403,500,1400,DISABLED,DISABLED,1395,500,1400,DISABLED,DISABLED,1397,500,1400,DISABLED,DISABLED,1393,500,1400,DISABLED,DISABLED,1379,500,1400,DISABLED,DISABLED,1382,500,1400,DISABLED,DISABLED,1477,900,1500,N/A,DISABLED,51,914,1680,N/A,ENABLED,51,914,1680,N/A,ENABLED,51,914,1680,N/A,ENABLED,51,914,1680,N/A,ENABLED,43,711,1400,N/A,ENABLED,43,711,1400,N/A,ENABLED,43,711,1400,N/A,ENABLED,43,711,1400,N/A,ENABLED,N/A,48,54
1744669142,0,605,N/A,N/A,N/A,N/A,ENABLED,1398,500,1400,DISABLED,DISABLED,1379,500,1400,DISABLED,DISABLED,1403,500,1400,DISABLED,DISABLED,1395,500,1400,DISABLED,DISABLED,1397,500,1400,DISABLED,DISABLED,1393,500,1400,DISABLED,DISABLED,1378,500,1400,DISABLED,DISABLED,1383,500,1400,DISABLED,DISABLED,1460,900,1500,N/A,DISABLED,50,914,1680,N/A,ENABLED,50,914,1680,N/A,ENABLED,50,914,1680,N/A,ENABLED,50,914,1680,N/A,ENABLED,42,711,1400,N/A,ENABLED,42,711,1400,N/A,ENABLED,42,711,1400,N/A,ENABLED,42,711,1400,N/A,ENABLED,N/A,48,53
1744669143,0,597,N/A,N/A,N/A,N/A,ENABLED,1399,500,1400,DISABLED,DISABLED,1380,500,1400,DISABLED,DISABLED,1403,500,1400,DISABLED,DISABLED,1396,500,1400,DISABLED,DISABLED,1397,500,1400,DISABLED,DISABLED,1394,500,1400,DISABLED,DISABLED,1378,500,1400,DISABLED,DISABLED,1382,500,1400,DISABLED,DISABLED,1456,900,1500,N/A,DISABLED,50,914,1680,N/A,ENABLED,50,914,1680,N/A,ENABLED,50,914,1680,N/A,ENABLED,50,914,1680,N/A,ENABLED,42,711,1400,N/A,ENABLED,42,711,1400,N/A,ENABLED,42,711,1400,N/A,ENABLED,42,711,1400,N/A,ENABLED,N/A,48,53
1744669144,0,613,N/A,N/A,N/A,N/A,ENABLED,1398,500,1400,DISABLED,DISABLED,1380,500,1400,DISABLED,DISABLED,1402,500,1400,DISABLED,DISABLED,1395,500,1400,DISABLED,DISABLED,1398,500,1400,DISABLED,DISABLED,1393,500,1400,DISABLED,DISABLED,1379,500,1400,DISABLED,DISABLED,1381,500,1400,DISABLED,DISABLED,1470,900,1500,N/A,DISABLED,51,914,1680,N/A,ENABLED,51,914,1680,N/A,ENABLED,51,914,1680,N/A,ENABLED,51,914,1680,N/A,ENABLED,43,711,1400,N/A,ENABLED,43,711,1400,N/A,ENABLED,43,711,1400,N/A,ENABLED,43,711,1400,N/A,ENABLED,N/A,48,54
1744669145,0,612,N/A,N/A,N/A,N/A,ENABLED,1398,500,1400,DISABLED,DISABLED,1378,500,1400,DISABLED,DISABLED,1402,500,1400,DISABLED,DISABLED,1395,500,1400,DISABLED,DISABLED,1398,500,1400,DISABLED,DISABLED,1393,500,1400,DISABLED,DISABLED,1379,500,1400,DISABLED,DISABLED,1382,500,1400,DISABLED,DISABLED,1473,900,1500,N/A,DISABLED,51,914,1680,N/A,ENABLED,51,914,1680,N/A,ENABLED,51,914,1680,N/A,ENABLED,51,914,1680,N/A,ENABLED,43,711,1400,N/A,ENABLED,43,711,1400,N/A,ENABLED,43,711,1400,N/A,ENABLED,43,711,1400,N/A,ENABLED,N/A,48,53
1744669146,0,608,N/A,N/A,N/A,N/A,ENABLED,1398,500,1400,DISABLED,DISABLED,1378,500,1400,DISABLED,DISABLED,1402,500,1400,DISABLED,DISABLED,1395,500,1400,DISABLED,DISABLED,1398,500,1400,DISABLED,DISABLED,1393,500,1400,DISABLED,DISABLED,1378,500,1400,DISABLED,DISABLED,1382,500,1400,DISABLED,DISABLED,1468,900,1500,N/A,DISABLED,51,914,1680,N/A,ENABLED,51,914,1680,N/A,ENABLED,51,914,1680,N/A,ENABLED,51,914,1680,N/A,ENABLED,42,711,1400,N/A,ENABLED,42,711,1400,N/A,ENABLED,42,711,1400,N/A,ENABLED,43,711,1400,N/A,ENABLED,N/A,48,54
1744669148,0,607,N/A,N/A,N/A,N/A,ENABLED,1398,500,1400,DISABLED,DISABLED,1378,500,1400,DISABLED,DISABLED,1402,500,1400,DISABLED,DISABLED,1394,500,1400,DISABLED,DISABLED,1398,500,1400,DISABLED,DISABLED,1393,500,1400,DISABLED,DISABLED,1378,500,1400,DISABLED,DISABLED,1381,500,1400,DISABLED,DISABLED,1471,900,1500,N/A,DISABLED,51,914,1680,N/A,ENABLED,51,914,1680,N/A,ENABLED,51,914,1680,N/A,ENABLED,51,914,1680,N/A,ENABLED,43,711,1400,N/A,ENABLED,43,711,1400,N/A,ENABLED,43,711,1400,N/A,ENABLED,43,711,1400,N/A,ENABLED,N/A,48,54
1744669149,0,603,N/A,N/A,N/A,N/A,ENABLED,1400,500,1400,DISABLED,DISABLED,1379,500,1400,DISABLED,DISABLED,1402,500,1400,DISABLED,DISABLED,1395,500,1400,DISABLED,DISABLED,1398,500,1400,DISABLED,DISABLED,1393,500,1400,DISABLED,DISABLED,1377,500,1400,DISABLED,DISABLED,1382,500,1400,DISABLED,DISABLED,1461,900,1500,N/A,DISABLED,50,914,1680,N/A,ENABLED,50,914,1680,N/A,ENABLED,50,914,1680,N/A,ENABLED,50,914,1680,N/A,ENABLED,42,711,1400,N/A,ENABLED,42,711,1400,N/A,ENABLED,42,711,1400,N/A,ENABLED,42,711,1400,N/A,ENABLED,N/A,48,54
1744669150,0,604,N/A,N/A,N/A,N/A,ENABLED,1399,500,1400,DISABLED,DISABLED,1379,500,1400,DISABLED,DISABLED,1403,500,1400,DISABLED,DISABLED,1395,500,1400,DISABLED,DISABLED,1398,500,1400,DISABLED,DISABLED,1393,500,1400,DISABLED,DISABLED,1377,500,1400,DISABLED,DISABLED,1381,500,1400,DISABLED,DISABLED,1464,900,1500,N/A,DISABLED,51,914,1680,N/A,ENABLED,51,914,1680,N/A,ENABLED,51,914,1680,N/A,ENABLED,51,914,1680,N/A,ENABLED,42,711,1400,N/A,ENABLED,42,711,1400,N/A,ENABLED,42,711,1400,N/A,ENABLED,42,711,1400,N/A,ENABLED,N/A,48,53
1744669151,0,603,N/A,N/A,N/A,N/A,ENABLED,1399,500,1400,DISABLED,DISABLED,1378,500,1400,DISABLED,DISABLED,1402,500,1400,DISABLED,DISABLED,1396,500,1400,DISABLED,DISABLED,1397,500,1400,DISABLED,DISABLED,1393,500,1400,DISABLED,DISABLED,1378,500,1400,DISABLED,DISABLED,1382,500,1400,DISABLED,DISABLED,1456,900,1500,N/A,DISABLED,50,914,1680,N/A,ENABLED,50,914,1680,N/A,ENABLED,50,914,1680,N/A,ENABLED,50,914,1680,N/A,ENABLED,42,711,1400,N/A,ENABLED,42,711,1400,N/A,ENABLED,42,711,1400,N/A,ENABLED,42,711,1400,N/A,ENABLED,N/A,48,54
1744669152,0,606,N/A,N/A,N/A,N/A,ENABLED,1399,500,1400,DISABLED,DISABLED,1379,500,1400,DISABLED,DISABLED,1402,500,1400,DISABLED,DISABLED,1394,500,1400,DISABLED,DISABLED,1397,500,1400,DISABLED,DISABLED,1394,500,1400,DISABLED,DISABLED,1379,500,1400,DISABLED,DISABLED,1382,500,1400,DISABLED,DISABLED,1468,900,1500,N/A,DISABLED,51,914,1680,N/A,ENABLED,51,914,1680,N/A,ENABLED,51,914,1680,N/A,ENABLED,51,914,1680,N/A,ENABLED,42,711,1400,N/A,ENABLED,42,711,1400,N/A,ENABLED,42,711,1400,N/A,ENABLED,42,711,1400,N/A,ENABLED,N/A,48,53
1744669153,0,606,N/A,N/A,N/A,N/A,ENABLED,1398,500,1400,DISABLED,DISABLED,1378,500,1400,DISABLED,DISABLED,1402,500,1400,DISABLED,DISABLED,1394,500,1400,DISABLED,DISABLED,1397,500,1400,DISABLED,DISABLED,1393,500,1400,DISABLED,DISABLED,1378,500,1400,DISABLED,DISABLED,1383,500,1400,DISABLED,DISABLED,1461,900,1500,N/A,DISABLED,50,914,1680,N/A,ENABLED,50,914,1680,N/A,ENABLED,50,914,1680,N/A,ENABLED,50,914,1680,N/A,ENABLED,42,711,1400,N/A,ENABLED,42,711,1400,N/A,ENABLED,42,711,1400,N/A,ENABLED,42,711,1400,N/A,ENABLED,N/A,48,54
1744669155,0,602,N/A,N/A,N/A,N/A,ENABLED,1398,500,1400,DISABLED,DISABLED,1377,500,1400,DISABLED,DISABLED,1402,500,1400,DISABLED,DISABLED,1395,500,1400,DISABLED,DISABLED,1398,500,1400,DISABLED,DISABLED,1394,500,1400,DISABLED,DISABLED,1378,500,1400,DISABLED,DISABLED,1382,500,1400,DISABLED,DISABLED,1470,900,1500,N/A,DISABLED,51,914,1680,N/A,ENABLED,51,914,1680,N/A,ENABLED,51,914,1680,N/A,ENABLED,51,914,1680,N/A,ENABLED,43,711,1400,N/A,ENABLED,43,711,1400,N/A,ENABLED,43,711,1400,N/A,ENABLED,43,711,1400,N/A,ENABLED,N/A,48,53
1744669156,0,597,N/A,N/A,N/A,N/A,ENABLED,1398,500,1400,DISABLED,DISABLED,1378,500,1400,DISABLED,DISABLED,1403,500,1400,DISABLED,DISABLED,1394,500,1400,DISABLED,DISABLED,1397,500,1400,DISABLED,DISABLED,1394,500,1400,DISABLED,DISABLED,1379,500,1400,DISABLED,DISABLED,1383,500,1400,DISABLED,DISABLED,1456,900,1500,N/A,DISABLED,50,914,1680,N/A,ENABLED,50,914,1680,N/A,ENABLED,50,914,1680,N/A,ENABLED,50,914,1680,N/A,ENABLED,42,711,1400,N/A,ENABLED,42,711,1400,N/A,ENABLED,42,711,1400,N/A,ENABLED,42,711,1400,N/A,ENABLED,N/A,48,54
1744669157,0,601,N/A,N/A,N/A,N/A,ENABLED,1398,500,1400,DISABLED,DISABLED,1378,500,1400,DISABLED,DISABLED,1402,500,1400,DISABLED,DISABLED,1394,500,1400,DISABLED,DISABLED,1397,500,1400,DISABLED,DISABLED,1394,500,1400,DISABLED,DISABLED,1379,500,1400,DISABLED,DISABLED,1383,500,1400,DISABLED,DISABLED,1462,900,1500,N/A,DISABLED,50,914,1680,N/A,ENABLED,50,914,1680,N/A,ENABLED,50,914,1680,N/A,ENABLED,50,914,1680,N/A,ENABLED,42,711,1400,N/A,ENABLED,42,711,1400,N/A,ENABLED,42,711,1400,N/A,ENABLED,42,711,1400,N/A,ENABLED,N/A,48,54
1744669158,0,598,N/A,N/A,N/A,N/A,ENABLED,1398,500,1400,DISABLED,DISABLED,1377,500,1400,DISABLED,DISABLED,1403,500,1400,DISABLED,DISABLED,1395,500,1400,DISABLED,DISABLED,1397,500,1400,DISABLED,DISABLED,1394,500,1400,DISABLED,DISABLED,1380,500,1400,DISABLED,DISABLED,1384,500,1400,DISABLED,DISABLED,1466,900,1500,N/A,DISABLED,51,914,1680,N/A,ENABLED,51,914,1680,N/A,ENABLED,51,914,1680,N/A,ENABLED,51,914,1680,N/A,ENABLED,42,711,1400,N/A,ENABLED,42,711,1400,N/A,ENABLED,42,711,1400,N/A,ENABLED,42,711,1400,N/A,ENABLED,N/A,48,53
1744669159,0,603,N/A,N/A,N/A,N/A,ENABLED,1398,500,1400,DISABLED,DISABLED,1378,500,1400,DISABLED,DISABLED,1403,500,1400,DISABLED,DISABLED,1395,500,1400,DISABLED,DISABLED,1397,500,1400,DISABLED,DISABLED,1394,500,1400,DISABLED,DISABLED,1380,500,1400,DISABLED,DISABLED,1383,500,1400,DISABLED,DISABLED,1466,900,1500,N/A,DISABLED,51,914,1680,N/A,ENABLED,51,914,1680,N/A,ENABLED,51,914,1680,N/A,ENABLED,51,914,1680,N/A,ENABLED,42,711,1400,N/A,ENABLED,42,711,1400,N/A,ENABLED,42,711,1400,N/A,ENABLED,42,711,1400,N/A,ENABLED,N/A,48,53
1744669160,0,602,N/A,N/A,N/A,N/A,ENABLED,1398,500,1400,DISABLED,DISABLED,1379,500,1400,DISABLED,DISABLED,1403,500,1400,DISABLED,DISABLED,1395,500,1400,DISABLED,DISABLED,1398,500,1400,DISABLED,DISABLED,1394,500,1400,DISABLED,DISABLED,1379,500,1400,DISABLED,DISABLED,1383,500,1400,DISABLED,DISABLED,1457,900,1500,N/A,DISABLED,50,914,1680,N/A,ENABLED,50,914,1680,N/A,ENABLED,50,914,1680,N/A,ENABLED,50,914,1680,N/A,ENABLED,42,711,1400,N/A,ENABLED,42,711,1400,N/A,ENABLED,42,711,1400,N/A,ENABLED,42,711,1400,N/A,ENABLED,N/A,48,54
1744669162,0,607,N/A,N/A,N/A,N/A,ENABLED,1398,500,1400,DISABLED,DISABLED,1378,500,1400,DISABLED,DISABLED,1403,500,1400,DISABLED,DISABLED,1394,500,1400,DISABLED,DISABLED,1398,500,1400,DISABLED,DISABLED,1393,500,1400,DISABLED,DISABLED,1378,500,1400,DISABLED,DISABLED,1382,500,1400,DISABLED,DISABLED,1463,900,1500,N/A,DISABLED,51,914,1680,N/A,ENABLED,51,914,1680,N/A,ENABLED,51,914,1680,N/A,ENABLED,51,914,1680,N/A,ENABLED,42,711,1400,N/A,ENABLED,42,711,1400,N/A,ENABLED,42,711,1400,N/A,ENABLED,42,711,1400,N/A,ENABLED,N/A,49,54
1744669163,0,608,N/A,N/A,N/A,N/A,ENABLED,1398,500,1400,DISABLED,DISABLED,1378,500,1400,DISABLED,DISABLED,1402,500,1400,DISABLED,DISABLED,1394,500,1400,DISABLED,DISABLED,1397,500,1400,DISABLED,DISABLED,1393,500,1400,DISABLED,DISABLED,1379,500,1400,DISABLED,DISABLED,1382,500,1400,DISABLED,DISABLED,1463,900,1500,N/A,DISABLED,51,914,1680,N/A,ENABLED,51,914,1680,N/A,ENABLED,51,914,1680,N/A,ENABLED,51,914,1680,N/A,ENABLED,42,711,1400,N/A,ENABLED,42,711,1400,N/A,ENABLED,42,711,1400,N/A,ENABLED,42,711,1400,N/A,ENABLED,N/A,49,53
1744669164,0,610,N/A,N/A,N/A,N/A,ENABLED,1398,500,1400,DISABLED,DISABLED,1378,500,1400,DISABLED,DISABLED,1403,500,1400,DISABLED,DISABLED,1395,500,1400,DISABLED,DISABLED,1397,500,1400,DISABLED,DISABLED,1393,500,1400,DISABLED,DISABLED,1379,500,1400,DISABLED,DISABLED,1382,500,1400,DISABLED,DISABLED,1459,900,1500,N/A,DISABLED,50,914,1680,N/A,ENABLED,50,914,1680,N/A,ENABLED,50,914,1680,N/A,ENABLED,50,914,1680,N/A,ENABLED,42,711,1400,N/A,ENABLED,42,711,1400,N/A,ENABLED,42,711,1400,N/A,ENABLED,42,711,1400,N/A,ENABLED,N/A,49,54
1744669165,0,605,N/A,N/A,N/A,N/A,ENABLED,1398,500,1400,DISABLED,DISABLED,1378,500,1400,DISABLED,DISABLED,1403,500,1400,DISABLED,DISABLED,1395,500,1400,DISABLED,DISABLED,1397,500,1400,DISABLED,DISABLED,1393,500,1400,DISABLED,DISABLED,1379,500,1400,DISABLED,DISABLED,1381,500,1400,DISABLED,DISABLED,1464,900,1500,N/A,DISABLED,51,914,1680,N/A,ENABLED,51,914,1680,N/A,ENABLED,51,914,1680,N/A,ENABLED,51,914,1680,N/A,ENABLED,42,711,1400,N/A,ENABLED,42,711,1400,N/A,ENABLED,42,711,1400,N/A,ENABLED,42,711,1400,N/A,ENABLED,N/A,49,54
1744669166,0,609,N/A,N/A,N/A,N/A,ENABLED,1398,500,1400,DISABLED,DISABLED,1378,500,1400,DISABLED,DISABLED,1402,500,1400,DISABLED,DISABLED,1395,500,1400,DISABLED,DISABLED,1397,500,1400,DISABLED,DISABLED,1392,500,1400,DISABLED,DISABLED,1379,500,1400,DISABLED,DISABLED,1382,500,1400,DISABLED,DISABLED,1470,900,1500,N/A,DISABLED,51,914,1680,N/A,ENABLED,51,914,1680,N/A,ENABLED,51,914,1680,N/A,ENABLED,51,914,1680,N/A,ENABLED,43,711,1400,N/A,ENABLED,43,711,1400,N/A,ENABLED,43,711,1400,N/A,ENABLED,43,711,1400,N/A,ENABLED,N/A,49,54
1744669168,0,609,N/A,N/A,N/A,N/A,ENABLED,1399,500,1400,DISABLED,DISABLED,1379,500,1400,DISABLED,DISABLED,1403,500,1400,DISABLED,DISABLED,1395,500,1400,DISABLED,DISABLED,1398,500,1400,DISABLED,DISABLED,1393,500,1400,DISABLED,DISABLED,1379,500,1400,DISABLED,DISABLED,1382,500,1400,DISABLED,DISABLED,1467,900,1500,N/A,DISABLED,51,914,1680,N/A,ENABLED,51,914,1680,N/A,ENABLED,51,914,1680,N/A,ENABLED,51,914,1680,N/A,ENABLED,42,711,1400,N/A,ENABLED,42,711,1400,N/A,ENABLED,42,711,1400,N/A,ENABLED,42,711,1400,N/A,ENABLED,N/A,48,55
1744669169,0,603,N/A,N/A,N/A,N/A,ENABLED,1398,500,1400,DISABLED,DISABLED,1379,500,1400,DISABLED,DISABLED,1403,500,1400,DISABLED,DISABLED,1395,500,1400,DISABLED,DISABLED,1398,500,1400,DISABLED,DISABLED,1393,500,1400,DISABLED,DISABLED,1378,500,1400,DISABLED,DISABLED,1382,500,1400,DISABLED,DISABLED,1459,900,1500,N/A,DISABLED,50,914,1680,N/A,ENABLED,50,914,1680,N/A,ENABLED,50,914,1680,N/A,ENABLED,50,914,1680,N/A,ENABLED,42,711,1400,N/A,ENABLED,42,711,1400,N/A,ENABLED,42,711,1400,N/A,ENABLED,42,711,1400,N/A,ENABLED,N/A,49,54
1744669170,0,599,N/A,N/A,N/A,N/A,ENABLED,1398,500,1400,DISABLED,DISABLED,1379,500,1400,DISABLED,DISABLED,1403,500,1400,DISABLED,DISABLED,1395,500,1400,DISABLED,DISABLED,1398,500,1400,DISABLED,DISABLED,1394,500,1400,DISABLED,DISABLED,1380,500,1400,DISABLED,DISABLED,1383,500,1400,DISABLED,DISABLED,1459,900,1500,N/A,DISABLED,50,914,1680,N/A,ENABLED,50,914,1680,N/A,ENABLED,50,914,1680,N/A,ENABLED,50,914,1680,N/A,ENABLED,42,711,1400,N/A,ENABLED,42,711,1400,N/A,ENABLED,42,711,1400,N/A,ENABLED,42,711,1400,N/A,ENABLED,N/A,49,54
1744669171,0,607,N/A,N/A,N/A,N/A,ENABLED,1397,500,1400,DISABLED,DISABLED,1377,500,1400,DISABLED,DISABLED,1402,500,1400,DISABLED,DISABLED,1395,500,1400,DISABLED,DISABLED,1398,500,1400,DISABLED,DISABLED,1394,500,1400,DISABLED,DISABLED,1378,500,1400,DISABLED,DISABLED,1382,500,1400,DISABLED,DISABLED,1454,900,1500,N/A,DISABLED,50,914,1680,N/A,ENABLED,50,914,1680,N/A,ENABLED,50,914,1680,N/A,ENABLED,50,914,1680,N/A,ENABLED,42,711,1400,N/A,ENABLED,42,711,1400,N/A,ENABLED,42,711,1400,N/A,ENABLED,42,711,1400,N/A,ENABLED,N/A,49,54
1744669172,0,610,N/A,N/A,N/A,N/A,ENABLED,1397,500,1400,DISABLED,DISABLED,1378,500,1400,DISABLED,DISABLED,1402,500,1400,DISABLED,DISABLED,1395,500,1400,DISABLED,DISABLED,1397,500,1400,DISABLED,DISABLED,1393,500,1400,DISABLED,DISABLED,1379,500,1400,DISABLED,DISABLED,1382,500,1400,DISABLED,DISABLED,1466,900,1500,N/A,DISABLED,51,914,1680,N/A,ENABLED,51,914,1680,N/A,ENABLED,51,914,1680,N/A,ENABLED,51,914,1680,N/A,ENABLED,42,711,1400,N/A,ENABLED,42,711,1400,N/A,ENABLED,42,711,1400,N/A,ENABLED,42,711,1400,N/A,ENABLED,N/A,49,54
1744669173,0,604,N/A,N/A,N/A,N/A,ENABLED,1397,500,1400,DISABLED,DISABLED,1378,500,1400,DISABLED,DISABLED,1402,500,1400,DISABLED,DISABLED,1395,500,1400,DISABLED,DISABLED,1399,500,1400,DISABLED,DISABLED,1394,500,1400,DISABLED,DISABLED,1379,500,1400,DISABLED,DISABLED,1383,500,1400,DISABLED,DISABLED,1468,900,1500,N/A,DISABLED,51,914,1680,N/A,ENABLED,51,914,1680,N/A,ENABLED,51,914,1680,N/A,ENABLED,51,914,1680,N/A,ENABLED,42,711,1400,N/A,ENABLED,42,711,1400,N/A,ENABLED,42,711,1400,N/A,ENABLED,42,711,1400,N/A,ENABLED,N/A,49,54
1744669175,0,600,N/A,N/A,N/A,N/A,ENABLED,1398,500,1400,DISABLED,DISABLED,1378,500,1400,DISABLED,DISABLED,1402,500,1400,DISABLED,DISABLED,1395,500,1400,DISABLED,DISABLED,1398,500,1400,DISABLED,DISABLED,1394,500,1400,DISABLED,DISABLED,1381,500,1400,DISABLED,DISABLED,1384,500,1400,DISABLED,DISABLED,1465,900,1500,N/A,DISABLED,51,914,1680,N/A,ENABLED,51,914,1680,N/A,ENABLED,51,914,1680,N/A,ENABLED,51,914,1680,N/A,ENABLED,42,711,1400,N/A,ENABLED,42,711,1400,N/A,ENABLED,42,711,1400,N/A,ENABLED,42,711,1400,N/A,ENABLED,N/A,49,54
1744669176,0,607,N/A,N/A,N/A,N/A,ENABLED,1398,500,1400,DISABLED,DISABLED,1379,500,1400,DISABLED,DISABLED,1403,500,1400,DISABLED,DISABLED,1394,500,1400,DISABLED,DISABLED,1398,500,1400,DISABLED,DISABLED,1394,500,1400,DISABLED,DISABLED,1380,500,1400,DISABLED,DISABLED,1382,500,1400,DISABLED,DISABLED,1470,900,1500,N/A,DISABLED,51,914,1680,N/A,ENABLED,51,914,1680,N/A,ENABLED,51,914,1680,N/A,ENABLED,51,914,1680,N/A,ENABLED,43,711,1400,N/A,ENABLED,43,711,1400,N/A,ENABLED,43,711,1400,N/A,ENABLED,43,711,1400,N/A,ENABLED,N/A,49,53
1744669177,0,602,N/A,N/A,N/A,N/A,ENABLED,1397,500,1400,DISABLED,DISABLED,1378,500,1400,DISABLED,DISABLED,1402,500,1400,DISABLED,DISABLED,1395,500,1400,DISABLED,DISABLED,1399,500,1400,DISABLED,DISABLED,1394,500,1400,DISABLED,DISABLED,1379,500,1400,DISABLED,DISABLED,1382,500,1400,DISABLED,DISABLED,1467,900,1500,N/A,DISABLED,51,914,1680,N/A,ENABLED,51,914,1680,N/A,ENABLED,51,914,1680,N/A,ENABLED,51,914,1680,N/A,ENABLED,42,711,1400,N/A,ENABLED,42,711,1400,N/A,ENABLED,42,711,1400,N/A,ENABLED,42,711,1400,N/A,ENABLED,N/A,49,53
1744669178,0,610,N/A,N/A,N/A,N/A,ENABLED,1397,500,1400,DISABLED,DISABLED,1378,500,1400,DISABLED,DISABLED,1402,500,1400,DISABLED,DISABLED,1394,500,1400,DISABLED,DISABLED,1398,500,1400,DISABLED,DISABLED,1393,500,1400,DISABLED,DISABLED,1380,500,1400,DISABLED,DISABLED,1382,500,1400,DISABLED,DISABLED,1464,900,1500,N/A,DISABLED,51,914,1680,N/A,ENABLED,51,914,1680,N/A,ENABLED,51,914,1680,N/A,ENABLED,51,914,1680,N/A,ENABLED,42,711,1400,N/A,ENABLED,42,711,1400,N/A,ENABLED,42,711,1400,N/A,ENABLED,42,711,1400,N/A,ENABLED,N/A,49,54
1744669179,0,603,N/A,N/A,N/A,N/A,ENABLED,1398,500,1400,DISABLED,DISABLED,1379,500,1400,DISABLED,DISABLED,1402,500,1400,DISABLED,DISABLED,1395,500,1400,DISABLED,DISABLED,1398,500,1400,DISABLED,DISABLED,1394,500,1400,DISABLED,DISABLED,1380,500,1400,DISABLED,DISABLED,1383,500,1400,DISABLED,DISABLED,1464,900,1500,N/A,DISABLED,51,914,1680,N/A,ENABLED,51,914,1680,N/A,ENABLED,51,914,1680,N/A,ENABLED,51,914,1680,N/A,ENABLED,42,711,1400,N/A,ENABLED,42,711,1400,N/A,ENABLED,42,711,1400,N/A,ENABLED,42,711,1400,N/A,ENABLED,N/A,49,54
1744669180,0,599,N/A,N/A,N/A,N/A,ENABLED,1397,500,1400,DISABLED,DISABLED,1378,500,1400,DISABLED,DISABLED,1402,500,1400,DISABLED,DISABLED,1395,500,1400,DISABLED,DISABLED,1398,500,1400,DISABLED,DISABLED,1393,500,1400,DISABLED,DISABLED,1379,500,1400,DISABLED,DISABLED,1383,500,1400,DISABLED,DISABLED,1462,900,1500,N/A,DISABLED,51,914,1680,N/A,ENABLED,51,914,1680,N/A,ENABLED,51,914,1680,N/A,ENABLED,51,914,1680,N/A,ENABLED,42,711,1400,N/A,ENABLED,42,711,1400,N/A,ENABLED,42,711,1400,N/A,ENABLED,42,711,1400,N/A,ENABLED,N/A,49,54
1744669182,0,619,N/A,N/A,N/A,N/A,ENABLED,1396,500,1400,DISABLED,DISABLED,1378,500,1400,DISABLED,DISABLED,1401,500,1400,DISABLED,DISABLED,1394,500,1400,DISABLED,DISABLED,1398,500,1400,DISABLED,DISABLED,1393,500,1400,DISABLED,DISABLED,1379,500,1400,DISABLED,DISABLED,1383,500,1400,DISABLED,DISABLED,1477,900,1500,N/A,DISABLED,51,914,1680,N/A,ENABLED,51,914,1680,N/A,ENABLED,51,914,1680,N/A,ENABLED,51,914,1680,N/A,ENABLED,43,711,1400,N/A,ENABLED,43,711,1400,N/A,ENABLED,43,711,1400,N/A,ENABLED,43,711,1400,N/A,ENABLED,N/A,49,54
1744669183,0,602,N/A,N/A,N/A,N/A,ENABLED,1397,500,1400,DISABLED,DISABLED,1378,500,1400,DISABLED,DISABLED,1402,500,1400,DISABLED,DISABLED,1395,500,1400,DISABLED,DISABLED,1399,500,1400,DISABLED,DISABLED,1393,500,1400,DISABLED,DISABLED,1378,500,1400,DISABLED,DISABLED,1381,500,1400,DISABLED,DISABLED,1454,900,1500,N/A,DISABLED,50,914,1680,N/A,ENABLED,50,914,1680,N/A,ENABLED,50,914,1680,N/A,ENABLED,50,914,1680,N/A,ENABLED,42,711,1400,N/A,ENABLED,42,711,1400,N/A,ENABLED,42,711,1400,N/A,ENABLED,42,711,1400,N/A,ENABLED,N/A,49,55
1744669184,0,605,N/A,N/A,N/A,N/A,ENABLED,1397,500,1400,DISABLED,DISABLED,1379,500,1400,DISABLED,DISABLED,1402,500,1400,DISABLED,DISABLED,1395,500,1400,DISABLED,DISABLED,1399,500,1400,DISABLED,DISABLED,1393,500,1400,DISABLED,DISABLED,1379,500,1400,DISABLED,DISABLED,1382,500,1400,DISABLED,DISABLED,1455,900,1500,N/A,DISABLED,50,914,1680,N/A,ENABLED,50,914,1680,N/A,ENABLED,50,914,1680,N/A,ENABLED,50,914,1680,N/A,ENABLED,42,711,1400,N/A,ENABLED,42,711,1400,N/A,ENABLED,42,711,1400,N/A,ENABLED,42,711,1400,N/A,ENABLED,N/A,49,55
1744669185,0,607,N/A,N/A,N/A,N/A,ENABLED,1397,500,1400,DISABLED,DISABLED,1380,500,1400,DISABLED,DISABLED,1402,500,1400,DISABLED,DISABLED,1394,500,1400,DISABLED,DISABLED,1398,500,1400,DISABLED,DISABLED,1393,500,1400,DISABLED,DISABLED,1380,500,1400,DISABLED,DISABLED,1383,500,1400,DISABLED,DISABLED,1455,900,1500,N/A,DISABLED,50,914,1680,N/A,ENABLED,50,914,1680,N/A,ENABLED,50,914,1680,N/A,ENABLED,50,914,1680,N/A,ENABLED,42,711,1400,N/A,ENABLED,42,711,1400,N/A,ENABLED,42,711,1400,N/A,ENABLED,42,711,1400,N/A,ENABLED,N/A,49,54
1744669186,0,608,N/A,N/A,N/A,N/A,ENABLED,1397,500,1400,DISABLED,DISABLED,1379,500,1400,DISABLED,DISABLED,1402,500,1400,DISABLED,DISABLED,1394,500,1400,DISABLED,DISABLED,1399,500,1400,DISABLED,DISABLED,1394,500,1400,DISABLED,DISABLED,1380,500,1400,DISABLED,DISABLED,1383,500,1400,DISABLED,DISABLED,1458,900,1500,N/A,DISABLED,50,914,1680,N/A,ENABLED,50,914,1680,N/A,ENABLED,50,914,1680,N/A,ENABLED,50,914,1680,N/A,ENABLED,42,711,1400,N/A,ENABLED,42,711,1400,N/A,ENABLED,42,711,1400,N/A,ENABLED,42,711,1400,N/A,ENABLED,N/A,49,55
1744669188,0,605,N/A,N/A,N/A,N/A,ENABLED,1397,500,1400,DISABLED,DISABLED,1379,500,1400,DISABLED,DISABLED,1402,500,1400,DISABLED,DISABLED,1394,500,1400,DISABLED,DISABLED,1398,500,1400,DISABLED,DISABLED,1393,500,1400,DISABLED,DISABLED,1379,500,1400,DISABLED,DISABLED,1382,500,1400,DISABLED,DISABLED,1458,900,1500,N/A,DISABLED,50,914,1680,N/A,ENABLED,50,914,1680,N/A,ENABLED,50,914,1680,N/A,ENABLED,50,914,1680,N/A,ENABLED,42,711,1400,N/A,ENABLED,42,711,1400,N/A,ENABLED,42,711,1400,N/A,ENABLED,42,711,1400,N/A,ENABLED,N/A,49,54
1744669189,0,613,N/A,N/A,N/A,N/A,ENABLED,1397,500,1400,DISABLED,DISABLED,1379,500,1400,DISABLED,DISABLED,1402,500,1400,DISABLED,DISABLED,1394,500,1400,DISABLED,DISABLED,1399,500,1400,DISABLED,DISABLED,1393,500,1400,DISABLED,DISABLED,1378,500,1400,DISABLED,DISABLED,1382,500,1400,DISABLED,DISABLED,1466,900,1500,N/A,DISABLED,51,914,1680,N/A,ENABLED,51,914,1680,N/A,ENABLED,51,914,1680,N/A,ENABLED,51,914,1680,N/A,ENABLED,42,711,1400,N/A,ENABLED,42,711,1400,N/A,ENABLED,42,711,1400,N/A,ENABLED,42,711,1400,N/A,ENABLED,N/A,49,54
1744669190,0,594,N/A,N/A,N/A,N/A,ENABLED,1397,500,1400,DISABLED,DISABLED,1379,500,1400,DISABLED,DISABLED,1402,500,1400,DISABLED,DISABLED,1395,500,1400,DISABLED,DISABLED,1399,500,1400,DISABLED,DISABLED,1395,500,1400,DISABLED,DISABLED,1380,500,1400,DISABLED,DISABLED,1384,500,1400,DISABLED,DISABLED,1457,900,1500,N/A,DISABLED,50,914,1680,N/A,ENABLED,50,914,1680,N/A,ENABLED,50,914,1680,N/A,ENABLED,50,914,1680,N/A,ENABLED,42,711,1400,N/A,ENABLED,42,711,1400,N/A,ENABLED,42,711,1400,N/A,ENABLED,42,711,1400,N/A,ENABLED,N/A,49,54
1744669191,0,609,N/A,N/A,N/A,N/A,ENABLED,1396,500,1400,DISABLED,DISABLED,1377,500,1400,DISABLED,DISABLED,1402,500,1400,DISABLED,DISABLED,1395,500,1400,DISABLED,DISABLED,1397,500,1400,DISABLED,DISABLED,1394,500,1400,DISABLED,DISABLED,1379,500,1400,DISABLED,DISABLED,1382,500,1400,DISABLED,DISABLED,1461,900,1500,N/A,DISABLED,50,914,1680,N/A,ENABLED,50,914,1680,N/A,ENABLED,50,914,1680,N/A,ENABLED,50,914,1680,N/A,ENABLED,42,711,1400,N/A,ENABLED,42,711,1400,N/A,ENABLED,42,711,1400,N/A,ENABLED,42,711,1400,N/A,ENABLED,N/A,49,54
1744669192,0,607,N/A,N/A,N/A,N/A,ENABLED,1397,500,1400,DISABLED,DISABLED,1377,500,1400,DISABLED,DISABLED,1402,500,1400,DISABLED,DISABLED,1394,500,1400,DISABLED,DISABLED,1397,500,1400,DISABLED,DISABLED,1393,500,1400,DISABLED,DISABLED,1379,500,1400,DISABLED,DISABLED,1383,500,1400,DISABLED,DISABLED,1465,900,1500,N/A,DISABLED,51,914,1680,N/A,ENABLED,51,914,1680,N/A,ENABLED,51,914,1680,N/A,ENABLED,51,914,1680,N/A,ENABLED,42,711,1400,N/A,ENABLED,42,711,1400,N/A,ENABLED,42,711,1400,N/A,ENABLED,42,711,1400,N/A,ENABLED,N/A,49,54
1744669193,0,609,N/A,N/A,N/A,N/A,ENABLED,1398,500,1400,DISABLED,DISABLED,1377,500,1400,DISABLED,DISABLED,1403,500,1400,DISABLED,DISABLED,1394,500,1400,DISABLED,DISABLED,1398,500,1400,DISABLED,DISABLED,1393,500,1400,DISABLED,DISABLED,1379,500,1400,DISABLED,DISABLED,1382,500,1400,DISABLED,DISABLED,1457,900,1500,N/A,DISABLED,50,914,1680,N/A,ENABLED,50,914,1680,N/A,ENABLED,50,914,1680,N/A,ENABLED,50,914,1680,N/A,ENABLED,42,711,1400,N/A,ENABLED,42,711,1400,N/A,ENABLED,42,711,1400,N/A,ENABLED,42,711,1400,N/A,ENABLED,N/A,49,54
1744669195,0,614,N/A,N/A,N/A,N/A,ENABLED,1397,500,1400,DISABLED,DISABLED,1377,500,1400,DISABLED,DISABLED,1402,500,1400,DISABLED,DISABLED,1393,500,1400,DISABLED,DISABLED,1398,500,1400,DISABLED,DISABLED,1394,500,1400,DISABLED,DISABLED,1379,500,1400,DISABLED,DISABLED,1382,500,1400,DISABLED,DISABLED,1464,900,1500,N/A,DISABLED,51,914,1680,N/A,ENABLED,51,914,1680,N/A,ENABLED,51,914,1680,N/A,ENABLED,51,914,1680,N/A,ENABLED,42,711,1400,N/A,ENABLED,42,711,1400,N/A,ENABLED,42,711,1400,N/A,ENABLED,42,711,1400,N/A,ENABLED,N/A,49,54
1744669196,0,601,N/A,N/A,N/A,N/A,ENABLED,1397,500,1400,DISABLED,DISABLED,1379,500,1400,DISABLED,DISABLED,1402,500,1400,DISABLED,DISABLED,1394,500,1400,DISABLED,DISABLED,1398,500,1400,DISABLED,DISABLED,1395,500,1400,DISABLED,DISABLED,1378,500,1400,DISABLED,DISABLED,1382,500,1400,DISABLED,DISABLED,1464,900,1500,N/A,DISABLED,51,914,1680,N/A,ENABLED,51,914,1680,N/A,ENABLED,51,914,1680,N/A,ENABLED,51,914,1680,N/A,ENABLED,42,711,1400,N/A,ENABLED,42,711,1400,N/A,ENABLED,42,711,1400,N/A,ENABLED,42,711,1400,N/A,ENABLED,N/A,49,53
1744669197,0,601,N/A,N/A,N/A,N/A,ENABLED,1398,500,1400,DISABLED,DISABLED,1378,500,1400,DISABLED,DISABLED,1402,500,1400,DISABLED,DISABLED,1395,500,1400,DISABLED,DISABLED,1398,500,1400,DISABLED,DISABLED,1394,500,1400,DISABLED,DISABLED,1379,500,1400,DISABLED,DISABLED,1382,500,1400,DISABLED,DISABLED,1458,900,1500,N/A,DISABLED,50,914,1680,N/A,ENABLED,50,914,1680,N/A,ENABLED,50,914,1680,N/A,ENABLED,50,914,1680,N/A,ENABLED,42,711,1400,N/A,ENABLED,42,711,1400,N/A,ENABLED,42,711,1400,N/A,ENABLED,42,711,1400,N/A,ENABLED,N/A,49,55
1744669198,0,598,N/A,N/A,N/A,N/A,ENABLED,1398,500,1400,DISABLED,DISABLED,1379,500,1400,DISABLED,DISABLED,1402,500,1400,DISABLED,DISABLED,1395,500,1400,DISABLED,DISABLED,1398,500,1400,DISABLED,DISABLED,1395,500,1400,DISABLED,DISABLED,1379,500,1400,DISABLED,DISABLED,1383,500,1400,DISABLED,DISABLED,1465,900,1500,N/A,DISABLED,51,914,1680,N/A,ENABLED,51,914,1680,N/A,ENABLED,51,914,1680,N/A,ENABLED,51,914,1680,N/A,ENABLED,42,711,1400,N/A,ENABLED,42,711,1400,N/A,ENABLED,42,711,1400,N/A,ENABLED,42,711,1400,N/A,ENABLED,N/A,49,54
1744669199,0,612,N/A,N/A,N/A,N/A,ENABLED,1398,500,1400,DISABLED,DISABLED,1379,500,1400,DISABLED,DISABLED,1402,500,1400,DISABLED,DISABLED,1395,500,1400,DISABLED,DISABLED,1398,500,1400,DISABLED,DISABLED,1394,500,1400,DISABLED,DISABLED,1378,500,1400,DISABLED,DISABLED,1382,500,1400,DISABLED,DISABLED,1467,900,1500,N/A,DISABLED,51,914,1680,N/A,ENABLED,51,914,1680,N/A,ENABLED,51,914,1680,N/A,ENABLED,51,914,1680,N/A,ENABLED,42,711,1400,N/A,ENABLED,42,711,1400,N/A,ENABLED,42,711,1400,N/A,ENABLED,42,711,1400,N/A,ENABLED,N/A,49,54
1744669200,0,606,N/A,N/A,N/A,N/A,ENABLED,1398,500,1400,DISABLED,DISABLED,1379,500,1400,DISABLED,DISABLED,1402,500,1400,DISABLED,DISABLED,1395,500,1400,DISABLED,DISABLED,1397,500,1400,DISABLED,DISABLED,1394,500,1400,DISABLED,DISABLED,1379,500,1400,DISABLED,DISABLED,1383,500,1400,DISABLED,DISABLED,1468,900,1500,N/A,DISABLED,51,914,1680,N/A,ENABLED,51,914,1680,N/A,ENABLED,51,914,1680,N/A,ENABLED,51,914,1680,N/A,ENABLED,42,711,1400,N/A,ENABLED,42,711,1400,N/A,ENABLED,42,711,1400,N/A,ENABLED,42,711,1400,N/A,ENABLED,N/A,49,54
1744669202,0,602,N/A,N/A,N/A,N/A,ENABLED,1397,500,1400,DISABLED,DISABLED,1379,500,1400,DISABLED,DISABLED,1402,500,1400,DISABLED,DISABLED,1395,500,1400,DISABLED,DISABLED,1397,500,1400,DISABLED,DISABLED,1394,500,1400,DISABLED,DISABLED,1379,500,1400,DISABLED,DISABLED,1384,500,1400,DISABLED,DISABLED,1469,900,1500,N/A,DISABLED,51,914,1680,N/A,ENABLED,51,914,1680,N/A,ENABLED,51,914,1680,N/A,ENABLED,51,914,1680,N/A,ENABLED,43,711,1400,N/A,ENABLED,43,711,1400,N/A,ENABLED,43,711,1400,N/A,ENABLED,43,711,1400,N/A,ENABLED,N/A,49,53
1744669203,0,597,N/A,N/A,N/A,N/A,ENABLED,1398,500,1400,DISABLED,DISABLED,1379,500,1400,DISABLED,DISABLED,1402,500,1400,DISABLED,DISABLED,1395,500,1400,DISABLED,DISABLED,1398,500,1400,DISABLED,DISABLED,1395,500,1400,DISABLED,DISABLED,1378,500,1400,DISABLED,DISABLED,1383,500,1400,DISABLED,DISABLED,1464,900,1500,N/A,DISABLED,51,914,1680,N/A,ENABLED,51,914,1680,N/A,ENABLED,51,914,1680,N/A,ENABLED,51,914,1680,N/A,ENABLED,42,711,1400,N/A,ENABLED,42,711,1400,N/A,ENABLED,42,711,1400,N/A,ENABLED,42,711,1400,N/A,ENABLED,N/A,49,54
1744669204,0,601,N/A,N/A,N/A,N/A,ENABLED,1398,500,1400,DISABLED,DISABLED,1379,500,1400,DISABLED,DISABLED,1402,500,1400,DISABLED,DISABLED,1394,500,1400,DISABLED,DISABLED,1397,500,1400,DISABLED,DISABLED,1394,500,1400,DISABLED,DISABLED,1378,500,1400,DISABLED,DISABLED,1382,500,1400,DISABLED,DISABLED,1461,900,1500,N/A,DISABLED,50,914,1680,N/A,ENABLED,50,914,1680,N/A,ENABLED,50,914,1680,N/A,ENABLED,50,914,1680,N/A,ENABLED,42,711,1400,N/A,ENABLED,42,711,1400,N/A,ENABLED,42,711,1400,N/A,ENABLED,42,711,1400,N/A,ENABLED,N/A,49,53
1744669205,0,607,N/A,N/A,N/A,N/A,ENABLED,1398,500,1400,DISABLED,DISABLED,1378,500,1400,DISABLED,DISABLED,1402,500,1400,DISABLED,DISABLED,1394,500,1400,DISABLED,DISABLED,1398,500,1400,DISABLED,DISABLED,1394,500,1400,DISABLED,DISABLED,1378,500,1400,DISABLED,DISABLED,1383,500,1400,DISABLED,DISABLED,1470,900,1500,N/A,DISABLED,51,914,1680,N/A,ENABLED,51,914,1680,N/A,ENABLED,51,914,1680,N/A,ENABLED,51,914,1680,N/A,ENABLED,43,711,1400,N/A,ENABLED,43,711,1400,N/A,ENABLED,43,711,1400,N/A,ENABLED,43,711,1400,N/A,ENABLED,N/A,49,54
1744669206,0,609,N/A,N/A,N/A,N/A,ENABLED,1398,500,1400,DISABLED,DISABLED,1379,500,1400,DISABLED,DISABLED,1402,500,1400,DISABLED,DISABLED,1394,500,1400,DISABLED,DISABLED,1398,500,1400,DISABLED,DISABLED,1394,500,1400,DISABLED,DISABLED,1377,500,1400,DISABLED,DISABLED,1382,500,1400,DISABLED,DISABLED,1468,900,1500,N/A,DISABLED,51,914,1680,N/A,ENABLED,51,914,1680,N/A,ENABLED,51,914,1680,N/A,ENABLED,51,914,1680,N/A,ENABLED,42,711,1400,N/A,ENABLED,42,711,1400,N/A,ENABLED,42,711,1400,N/A,ENABLED,42,711,1400,N/A,ENABLED,N/A,49,54
1744669208,0,605,N/A,N/A,N/A,N/A,ENABLED,1399,500,1400,DISABLED,DISABLED,1378,500,1400,DISABLED,DISABLED,1402,500,1400,DISABLED,DISABLED,1394,500,1400,DISABLED,DISABLED,1398,500,1400,DISABLED,DISABLED,1393,500,1400,DISABLED,DISABLED,1379,500,1400,DISABLED,DISABLED,1381,500,1400,DISABLED,DISABLED,1455,900,1500,N/A,DISABLED,50,914,1680,N/A,ENABLED,50,914,1680,N/A,ENABLED,50,914,1680,N/A,ENABLED,50,914,1680,N/A,ENABLED,42,711,1400,N/A,ENABLED,42,711,1400,N/A,ENABLED,42,711,1400,N/A,ENABLED,42,711,1400,N/A,ENABLED,N/A,49,54
1744669209,0,595,N/A,N/A,N/A,N/A,ENABLED,1399,500,1400,DISABLED,DISABLED,1379,500,1400,DISABLED,DISABLED,1403,500,1400,DISABLED,DISABLED,1395,500,1400,DISABLED,DISABLED,1398,500,1400,DISABLED,DISABLED,1394,500,1400,DISABLED,DISABLED,1379,500,1400,DISABLED,DISABLED,1381,500,1400,DISABLED,DISABLED,1455,900,1500,N/A,DISABLED,50,914,1680,N/A,ENABLED,50,914,1680,N/A,ENABLED,50,914,1680,N/A,ENABLED,50,914,1680,N/A,ENABLED,42,711,1400,N/A,ENABLED,42,711,1400,N/A,ENABLED,42,711,1400,N/A,ENABLED,42,711,1400,N/A,ENABLED,N/A,49,54
1744669210,0,596,N/A,N/A,N/A,N/A,ENABLED,1399,500,1400,DISABLED,DISABLED,1380,500,1400,DISABLED,DISABLED,1403,500,1400,DISABLED,DISABLED,1395,500,1400,DISABLED,DISABLED,1399,500,1400,DISABLED,DISABLED,1395,500,1400,DISABLED,DISABLED,1380,500,1400,DISABLED,DISABLED,1384,500,1400,DISABLED,DISABLED,1455,900,1500,N/A,DISABLED,50,914,1680,N/A,ENABLED,50,914,1680,N/A,ENABLED,50,914,1680,N/A,ENABLED,50,914,1680,N/A,ENABLED,42,711,1400,N/A,ENABLED,42,711,1400,N/A,ENABLED,42,711,1400,N/A,ENABLED,42,711,1400,N/A,ENABLED,N/A,49,54
1744669211,0,606,N/A,N/A,N/A,N/A,ENABLED,1398,500,1400,DISABLED,DISABLED,1379,500,1400,DISABLED,DISABLED,1402,500,1400,DISABLED,DISABLED,1394,500,1400,DISABLED,DISABLED,1399,500,1400,DISABLED,DISABLED,1394,500,1400,DISABLED,DISABLED,1379,500,1400,DISABLED,DISABLED,1383,500,1400,DISABLED,DISABLED,1460,900,1500,N/A,DISABLED,50,914,1680,N/A,ENABLED,50,914,1680,N/A,ENABLED,50,914,1680,N/A,ENABLED,50,914,1680,N/A,ENABLED,42,711,1400,N/A,ENABLED,42,711,1400,N/A,ENABLED,42,711,1400,N/A,ENABLED,42,711,1400,N/A,ENABLED,N/A,49,54
1744669212,0,605,N/A,N/A,N/A,N/A,ENABLED,1397,500,1400,DISABLED,DISABLED,1378,500,1400,DISABLED,DISABLED,1402,500,1400,DISABLED,DISABLED,1394,500,1400,DISABLED,DISABLED,1399,500,1400,DISABLED,DISABLED,1394,500,1400,DISABLED,DISABLED,1378,500,1400,DISABLED,DISABLED,1381,500,1400,DISABLED,DISABLED,1458,900,1500,N/A,DISABLED,50,914,1680,N/A,ENABLED,50,914,1680,N/A,ENABLED,50,914,1680,N/A,ENABLED,50,914,1680,N/A,ENABLED,42,711,1400,N/A,ENABLED,42,711,1400,N/A,ENABLED,42,711,1400,N/A,ENABLED,42,711,1400,N/A,ENABLED,N/A,49,54
1744669213,0,610,N/A,N/A,N/A,N/A,ENABLED,1398,500,1400,DISABLED,DISABLED,1378,500,1400,DISABLED,DISABLED,1402,500,1400,DISABLED,DISABLED,1394,500,1400,DISABLED,DISABLED,1399,500,1400,DISABLED,DISABLED,1394,500,1400,DISABLED,DISABLED,1380,500,1400,DISABLED,DISABLED,1383,500,1400,DISABLED,DISABLED,1460,900,1500,N/A,DISABLED,50,914,1680,N/A,ENABLED,50,914,1680,N/A,ENABLED,50,914,1680,N/A,ENABLED,50,914,1680,N/A,ENABLED,42,711,1400,N/A,ENABLED,42,711,1400,N/A,ENABLED,42,711,1400,N/A,ENABLED,42,711,1400,N/A,ENABLED,N/A,49,54
1744669215,0,603,N/A,N/A,N/A,N/A,ENABLED,1397,500,1400,DISABLED,DISABLED,1378,500,1400,DISABLED,DISABLED,1403,500,1400,DISABLED,DISABLED,1394,500,1400,DISABLED,DISABLED,1399,500,1400,DISABLED,DISABLED,1394,500,1400,DISABLED,DISABLED,1378,500,1400,DISABLED,DISABLED,1381,500,1400,DISABLED,DISABLED,1462,900,1500,N/A,DISABLED,50,914,1680,N/A,ENABLED,50,914,1680,N/A,ENABLED,50,914,1680,N/A,ENABLED,50,914,1680,N/A,ENABLED,42,711,1400,N/A,ENABLED,42,711,1400,N/A,ENABLED,42,711,1400,N/A,ENABLED,42,711,1400,N/A,ENABLED,N/A,49,53
1744669216,0,602,N/A,N/A,N/A,N/A,ENABLED,1397,500,1400,DISABLED,DISABLED,1378,500,1400,DISABLED,DISABLED,1403,500,1400,DISABLED,DISABLED,1394,500,1400,DISABLED,DISABLED,1399,500,1400,DISABLED,DISABLED,1394,500,1400,DISABLED,DISABLED,1379,500,1400,DISABLED,DISABLED,1382,500,1400,DISABLED,DISABLED,1475,900,1500,N/A,DISABLED,51,914,1680,N/A,ENABLED,51,914,1680,N/A,ENABLED,51,914,1680,N/A,ENABLED,51,914,1680,N/A,ENABLED,43,711,1400,N/A,ENABLED,43,711,1400,N/A,ENABLED,43,711,1400,N/A,ENABLED,43,711,1400,N/A,ENABLED,N/A,49,54
1744669217,0,611,N/A,N/A,N/A,N/A,ENABLED,1397,500,1400,DISABLED,DISABLED,1378,500,1400,DISABLED,DISABLED,1402,500,1400,DISABLED,DISABLED,1394,500,1400,DISABLED,DISABLED,1399,500,1400,DISABLED,DISABLED,1394,500,1400,DISABLED,DISABLED,1380,500,1400,DISABLED,DISABLED,1382,500,1400,DISABLED,DISABLED,1462,900,1500,N/A,DISABLED,50,914,1680,N/A,ENABLED,50,914,1680,N/A,ENABLED,50,914,1680,N/A,ENABLED,50,914,1680,N/A,ENABLED,42,711,1400,N/A,ENABLED,42,711,1400,N/A,ENABLED,42,711,1400,N/A,ENABLED,42,711,1400,N/A,ENABLED,N/A,49,54
1744669218,0,608,N/A,N/A,N/A,N/A,ENABLED,1397,500,1400,DISABLED,DISABLED,1377,500,1400,DISABLED,DISABLED,1402,500,1400,DISABLED,DISABLED,1394,500,1400,DISABLED,DISABLED,1398,500,1400,DISABLED,DISABLED,1394,500,1400,DISABLED,DISABLED,1378,500,1400,DISABLED,DISABLED,1382,500,1400,DISABLED,DISABLED,1461,900,1500,N/A,DISABLED,50,914,1680,N/A,ENABLED,50,914,1680,N/A,ENABLED,50,914,1680,N/A,ENABLED,50,914,1680,N/A,ENABLED,42,711,1400,N/A,ENABLED,42,711,1400,N/A,ENABLED,42,711,1400,N/A,ENABLED,42,711,1400,N/A,ENABLED,N/A,49,54
1744669219,0,608,N/A,N/A,N/A,N/A,ENABLED,1396,500,1400,DISABLED,DISABLED,1378,500,1400,DISABLED,DISABLED,1402,500,1400,DISABLED,DISABLED,1394,500,1400,DISABLED,DISABLED,1398,500,1400,DISABLED,DISABLED,1394,500,1400,DISABLED,DISABLED,1379,500,1400,DISABLED,DISABLED,1383,500,1400,DISABLED,DISABLED,1460,900,1500,N/A,DISABLED,50,914,1680,N/A,ENABLED,50,914,1680,N/A,ENABLED,50,914,1680,N/A,ENABLED,50,914,1680,N/A,ENABLED,42,711,1400,N/A,ENABLED,42,711,1400,N/A,ENABLED,42,711,1400,N/A,ENABLED,42,711,1400,N/A,ENABLED,N/A,49,54
1744669221,0,598,N/A,N/A,N/A,N/A,ENABLED,1398,500,1400,DISABLED,DISABLED,1379,500,1400,DISABLED,DISABLED,1402,500,1400,DISABLED,DISABLED,1395,500,1400,DISABLED,DISABLED,1398,500,1400,DISABLED,DISABLED,1394,500,1400,DISABLED,DISABLED,1379,500,1400,DISABLED,DISABLED,1383,500,1400,DISABLED,DISABLED,1456,900,1500,N/A,DISABLED,50,914,1680,N/A,ENABLED,50,914,1680,N/A,ENABLED,50,914,1680,N/A,ENABLED,50,914,1680,N/A,ENABLED,42,711,1400,N/A,ENABLED,42,711,1400,N/A,ENABLED,42,711,1400,N/A,ENABLED,42,711,1400,N/A,ENABLED,N/A,49,55
1744669222,0,605,N/A,N/A,N/A,N/A,ENABLED,1397,500,1400,DISABLED,DISABLED,1378,500,1400,DISABLED,DISABLED,1402,500,1400,DISABLED,DISABLED,1395,500,1400,DISABLED,DISABLED,1398,500,1400,DISABLED,DISABLED,1395,500,1400,DISABLED,DISABLED,1379,500,1400,DISABLED,DISABLED,1383,500,1400,DISABLED,DISABLED,1456,900,1500,N/A,DISABLED,50,914,1680,N/A,ENABLED,50,914,1680,N/A,ENABLED,50,914,1680,N/A,ENABLED,50,914,1680,N/A,ENABLED,42,711,1400,N/A,ENABLED,42,711,1400,N/A,ENABLED,42,711,1400,N/A,ENABLED,42,711,1400,N/A,ENABLED,N/A,49,54
1744669223,0,605,N/A,N/A,N/A,N/A,ENABLED,1397,500,1400,DISABLED,DISABLED,1378,500,1400,DISABLED,DISABLED,1403,500,1400,DISABLED,DISABLED,1394,500,1400,DISABLED,DISABLED,1399,500,1400,DISABLED,DISABLED,1395,500,1400,DISABLED,DISABLED,1380,500,1400,DISABLED,DISABLED,1384,500,1400,DISABLED,DISABLED,1462,900,1500,N/A,DISABLED,50,914,1680,N/A,ENABLED,50,914,1680,N/A,ENABLED,50,914,1680,N/A,ENABLED,50,914,1680,N/A,ENABLED,42,711,1400,N/A,ENABLED,42,711,1400,N/A,ENABLED,42,711,1400,N/A,ENABLED,42,711,1400,N/A,ENABLED,N/A,49,54
1744669224,0,613,N/A,N/A,N/A,N/A,ENABLED,1397,500,1400,DISABLED,DISABLED,1377,500,1400,DISABLED,DISABLED,1402,500,1400,DISABLED,DISABLED,1393,500,1400,DISABLED,DISABLED,1398,500,1400,DISABLED,DISABLED,1394,500,1400,DISABLED,DISABLED,1379,500,1400,DISABLED,DISABLED,1384,500,1400,DISABLED,DISABLED,1471,900,1500,N/A,DISABLED,51,914,1680,N/A,ENABLED,51,914,1680,N/A,ENABLED,51,914,1680,N/A,ENABLED,51,914,1680,N/A,ENABLED,43,711,1400,N/A,ENABLED,43,711,1400,N/A,ENABLED,43,711,1400,N/A,ENABLED,43,711,1400,N/A,ENABLED,N/A,49,54
1744669225,0,604,N/A,N/A,N/A,N/A,ENABLED,1398,500,1400,DISABLED,DISABLED,1377,500,1400,DISABLED,DISABLED,1403,500,1400,DISABLED,DISABLED,1394,500,1400,DISABLED,DISABLED,1398,500,1400,DISABLED,DISABLED,1395,500,1400,DISABLED,DISABLED,1378,500,1400,DISABLED,DISABLED,1383,500,1400,DISABLED,DISABLED,1463,900,1500,N/A,DISABLED,51,914,1680,N/A,ENABLED,51,914,1680,N/A,ENABLED,51,914,1680,N/A,ENABLED,51,914,1680,N/A,ENABLED,42,711,1400,N/A,ENABLED,42,711,1400,N/A,ENABLED,42,711,1400,N/A,ENABLED,42,711,1400,N/A,ENABLED,N/A,49,54
1744669226,0,611,N/A,N/A,N/A,N/A,ENABLED,1398,500,1400,DISABLED,DISABLED,1378,500,1400,DISABLED,DISABLED,1403,500,1400,DISABLED,DISABLED,1393,500,1400,DISABLED,DISABLED,1398,500,1400,DISABLED,DISABLED,1395,500,1400,DISABLED,DISABLED,1378,500,1400,DISABLED,DISABLED,1381,500,1400,DISABLED,DISABLED,1470,900,1500,N/A,DISABLED,51,914,1680,N/A,ENABLED,51,914,1680,N/A,ENABLED,51,914,1680,N/A,ENABLED,51,914,1680,N/A,ENABLED,43,711,1400,N/A,ENABLED,43,711,1400,N/A,ENABLED,43,711,1400,N/A,ENABLED,43,711,1400,N/A,ENABLED,N/A,49,54
1744669228,0,610,N/A,N/A,N/A,N/A,ENABLED,1397,500,1400,DISABLED,DISABLED,1377,500,1400,DISABLED,DISABLED,1402,500,1400,DISABLED,DISABLED,1393,500,1400,DISABLED,DISABLED,1399,500,1400,DISABLED,DISABLED,1395,500,1400,DISABLED,DISABLED,1380,500,1400,DISABLED,DISABLED,1382,500,1400,DISABLED,DISABLED,1466,900,1500,N/A,DISABLED,51,914,1680,N/A,ENABLED,51,914,1680,N/A,ENABLED,51,914,1680,N/A,ENABLED,51,914,1680,N/A,ENABLED,42,711,1400,N/A,ENABLED,42,711,1400,N/A,ENABLED,42,711,1400,N/A,ENABLED,42,711,1400,N/A,ENABLED,N/A,49,54
1744669229,0,602,N/A,N/A,N/A,N/A,ENABLED,1397,500,1400,DISABLED,DISABLED,1378,500,1400,DISABLED,DISABLED,1403,500,1400,DISABLED,DISABLED,1393,500,1400,DISABLED,DISABLED,1398,500,1400,DISABLED,DISABLED,1395,500,1400,DISABLED,DISABLED,1381,500,1400,DISABLED,DISABLED,1384,500,1400,DISABLED,DISABLED,1466,900,1500,N/A,DISABLED,51,914,1680,N/A,ENABLED,51,914,1680,N/A,ENABLED,51,914,1680,N/A,ENABLED,51,914,1680,N/A,ENABLED,42,711,1400,N/A,ENABLED,42,711,1400,N/A,ENABLED,42,711,1400,N/A,ENABLED,42,711,1400,N/A,ENABLED,N/A,49,54
1744669230,0,606,N/A,N/A,N/A,N/A,ENABLED,1396,500,1400,DISABLED,DISABLED,1377,500,1400,DISABLED,DISABLED,1403,500,1400,DISABLED,DISABLED,1393,500,1400,DISABLED,DISABLED,1398,500,1400,DISABLED,DISABLED,1394,500,1400,DISABLED,DISABLED,1378,500,1400,DISABLED,DISABLED,1382,500,1400,DISABLED,DISABLED,1465,900,1500,N/A,DISABLED,51,914,1680,N/A,ENABLED,51,914,1680,N/A,ENABLED,51,914,1680,N/A,ENABLED,51,914,1680,N/A,ENABLED,42,711,1400,N/A,ENABLED,42,711,1400,N/A,ENABLED,42,711,1400,N/A,ENABLED,42,711,1400,N/A,ENABLED,N/A,49,54
1744669231,0,609,N/A,N/A,N/A,N/A,ENABLED,1398,500,1400,DISABLED,DISABLED,1378,500,1400,DISABLED,DISABLED,1403,500,1400,DISABLED,DISABLED,1394,500,1400,DISABLED,DISABLED,1398,500,1400,DISABLED,DISABLED,1394,500,1400,DISABLED,DISABLED,1378,500,1400,DISABLED,DISABLED,1382,500,1400,DISABLED,DISABLED,1469,900,1500,N/A,DISABLED,51,914,1680,N/A,ENABLED,51,914,1680,N/A,ENABLED,51,914,1680,N/A,ENABLED,51,914,1680,N/A,ENABLED,43,711,1400,N/A,ENABLED,43,711,1400,N/A,ENABLED,43,711,1400,N/A,ENABLED,43,711,1400,N/A,ENABLED,N/A,49,54
1744669232,0,610,N/A,N/A,N/A,N/A,ENABLED,1397,500,1400,DISABLED,DISABLED,1378,500,1400,DISABLED,DISABLED,1402,500,1400,DISABLED,DISABLED,1393,500,1400,DISABLED,DISABLED,1399,500,1400,DISABLED,DISABLED,1394,500,1400,DISABLED,DISABLED,1379,500,1400,DISABLED,DISABLED,1383,500,1400,DISABLED,DISABLED,1459,900,1500,N/A,DISABLED,50,914,1680,N/A,ENABLED,50,914,1680,N/A,ENABLED,50,914,1680,N/A,ENABLED,50,914,1680,N/A,ENABLED,42,711,1400,N/A,ENABLED,42,711,1400,N/A,ENABLED,42,711,1400,N/A,ENABLED,42,711,1400,N/A,ENABLED,N/A,49,55
1744669233,0,605,N/A,N/A,N/A,N/A,ENABLED,1397,500,1400,DISABLED,DISABLED,1378,500,1400,DISABLED,DISABLED,1402,500,1400,DISABLED,DISABLED,1394,500,1400,DISABLED,DISABLED,1398,500,1400,DISABLED,DISABLED,1395,500,1400,DISABLED,DISABLED,1379,500,1400,DISABLED,DISABLED,1383,500,1400,DISABLED,DISABLED,1453,900,1500,N/A,DISABLED,50,914,1680,N/A,ENABLED,50,914,1680,N/A,ENABLED,50,914,1680,N/A,ENABLED,50,914,1680,N/A,ENABLED,42,711,1400,N/A,ENABLED,42,711,1400,N/A,ENABLED,42,711,1400,N/A,ENABLED,42,711,1400,N/A,ENABLED,N/A,49,54
1744669235,0,612,N/A,N/A,N/A,N/A,ENABLED,1397,500,1400,DISABLED,DISABLED,1377,500,1400,DISABLED,DISABLED,1402,500,1400,DISABLED,DISABLED,1393,500,1400,DISABLED,DISABLED,1398,500,1400,DISABLED,DISABLED,1394,500,1400,DISABLED,DISABLED,1379,500,1400,DISABLED,DISABLED,1383,500,1400,DISABLED,DISABLED,1456,900,1500,N/A,DISABLED,50,914,1680,N/A,ENABLED,50,914,1680,N/A,ENABLED,50,914,1680,N/A,ENABLED,50,914,1680,N/A,ENABLED,42,711,1400,N/A,ENABLED,42,711,1400,N/A,ENABLED,42,711,1400,N/A,ENABLED,42,711,1400,N/A,ENABLED,N/A,49,54
1744669236,0,605,N/A,N/A,N/A,N/A,ENABLED,1396,500,1400,DISABLED,DISABLED,1378,500,1400,DISABLED,DISABLED,1402,500,1400,DISABLED,DISABLED,1394,500,1400,DISABLED,DISABLED,1398,500,1400,DISABLED,DISABLED,1395,500,1400,DISABLED,DISABLED,1380,500,1400,DISABLED,DISABLED,1384,500,1400,DISABLED,DISABLED,1460,900,1500,N/A,DISABLED,50,914,1680,N/A,ENABLED,50,914,1680,N/A,ENABLED,50,914,1680,N/A,ENABLED,50,914,1680,N/A,ENABLED,42,711,1400,N/A,ENABLED,42,711,1400,N/A,ENABLED,42,711,1400,N/A,ENABLED,42,711,1400,N/A,ENABLED,N/A,49,54
1744669237,0,611,N/A,N/A,N/A,N/A,ENABLED,1396,500,1400,DISABLED,DISABLED,1377,500,1400,DISABLED,DISABLED,1402,500,1400,DISABLED,DISABLED,1394,500,1400,DISABLED,DISABLED,1398,500,1400,DISABLED,DISABLED,1393,500,1400,DISABLED,DISABLED,1379,500,1400,DISABLED,DISABLED,1383,500,1400,DISABLED,DISABLED,1463,900,1500,N/A,DISABLED,51,914,1680,N/A,ENABLED,51,914,1680,N/A,ENABLED,51,914,1680,N/A,ENABLED,51,914,1680,N/A,ENABLED,42,711,1400,N/A,ENABLED,42,711,1400,N/A,ENABLED,42,711,1400,N/A,ENABLED,42,711,1400,N/A,ENABLED,N/A,49,54
1744669238,0,602,N/A,N/A,N/A,N/A,ENABLED,1397,500,1400,DISABLED,DISABLED,1379,500,1400,DISABLED,DISABLED,1402,500,1400,DISABLED,DISABLED,1393,500,1400,DISABLED,DISABLED,1399,500,1400,DISABLED,DISABLED,1394,500,1400,DISABLED,DISABLED,1377,500,1400,DISABLED,DISABLED,1381,500,1400,DISABLED,DISABLED,1469,900,1500,N/A,DISABLED,51,914,1680,N/A,ENABLED,51,914,1680,N/A,ENABLED,51,914,1680,N/A,ENABLED,51,914,1680,N/A,ENABLED,43,711,1400,N/A,ENABLED,43,711,1400,N/A,ENABLED,43,711,1400,N/A,ENABLED,43,711,1400,N/A,ENABLED,N/A,49,54
1744669239,0,609,N/A,N/A,N/A,N/A,ENABLED,1397,500,1400,DISABLED,DISABLED,1378,500,1400,DISABLED,DISABLED,1402,500,1400,DISABLED,DISABLED,1393,500,1400,DISABLED,DISABLED,1398,500,1400,DISABLED,DISABLED,1394,500,1400,DISABLED,DISABLED,1378,500,1400,DISABLED,DISABLED,1382,500,1400,DISABLED,DISABLED,1463,900,1500,N/A,DISABLED,51,914,1680,N/A,ENABLED,51,914,1680,N/A,ENABLED,51,914,1680,N/A,ENABLED,51,914,1680,N/A,ENABLED,42,711,1400,N/A,ENABLED,42,711,1400,N/A,ENABLED,42,711,1400,N/A,ENABLED,42,711,1400,N/A,ENABLED,N/A,49,54
1744669240,0,610,N/A,N/A,N/A,N/A,ENABLED,1398,500,1400,DISABLED,DISABLED,1377,500,1400,DISABLED,DISABLED,1402,500,1400,DISABLED,DISABLED,1393,500,1400,DISABLED,DISABLED,1399,500,1400,DISABLED,DISABLED,1394,500,1400,DISABLED,DISABLED,1378,500,1400,DISABLED,DISABLED,1383,500,1400,DISABLED,DISABLED,1461,900,1500,N/A,DISABLED,50,914,1680,N/A,ENABLED,50,914,1680,N/A,ENABLED,50,914,1680,N/A,ENABLED,50,914,1680,N/A,ENABLED,42,711,1400,N/A,ENABLED,42,711,1400,N/A,ENABLED,42,711,1400,N/A,ENABLED,42,711,1400,N/A,ENABLED,N/A,49,54
1744669242,0,603,N/A,N/A,N/A,N/A,ENABLED,1398,500,1400,DISABLED,DISABLED,1378,500,1400,DISABLED,DISABLED,1402,500,1400,DISABLED,DISABLED,1393,500,1400,DISABLED,DISABLED,1400,500,1400,DISABLED,DISABLED,1394,500,1400,DISABLED,DISABLED,1379,500,1400,DISABLED,DISABLED,1383,500,1400,DISABLED,DISABLED,1461,900,1500,N/A,DISABLED,50,914,1680,N/A,ENABLED,50,914,1680,N/A,ENABLED,50,914,1680,N/A,ENABLED,50,914,1680,N/A,ENABLED,42,711,1400,N/A,ENABLED,42,711,1400,N/A,ENABLED,42,711,1400,N/A,ENABLED,42,711,1400,N/A,ENABLED,N/A,49,54
1744669243,0,608,N/A,N/A,N/A,N/A,ENABLED,1398,500,1400,DISABLED,DISABLED,1378,500,1400,DISABLED,DISABLED,1402,500,1400,DISABLED,DISABLED,1393,500,1400,DISABLED,DISABLED,1398,500,1400,DISABLED,DISABLED,1394,500,1400,DISABLED,DISABLED,1380,500,1400,DISABLED,DISABLED,1384,500,1400,DISABLED,DISABLED,1468,900,1500,N/A,DISABLED,51,914,1680,N/A,ENABLED,51,914,1680,N/A,ENABLED,51,914,1680,N/A,ENABLED,51,914,1680,N/A,ENABLED,42,711,1400,N/A,ENABLED,42,711,1400,N/A,ENABLED,42,711,1400,N/A,ENABLED,42,711,1400,N/A,ENABLED,N/A,49,54
1744669244,0,608,N/A,N/A,N/A,N/A,ENABLED,1398,500,1400,DISABLED,DISABLED,1378,500,1400,DISABLED,DISABLED,1401,500,1400,DISABLED,DISABLED,1393,500,1400,DISABLED,DISABLED,1397,500,1400,DISABLED,DISABLED,1394,500,1400,DISABLED,DISABLED,1377,500,1400,DISABLED,DISABLED,1382,500,1400,DISABLED,DISABLED,1463,900,1500,N/A,DISABLED,51,914,1680,N/A,ENABLED,51,914,1680,N/A,ENABLED,51,914,1680,N/A,ENABLED,51,914,1680,N/A,ENABLED,42,711,1400,N/A,ENABLED,42,711,1400,N/A,ENABLED,42,711,1400,N/A,ENABLED,42,711,1400,N/A,ENABLED,N/A,49,55
1744669245,0,603,N/A,N/A,N/A,N/A,ENABLED,1398,500,1400,DISABLED,DISABLED,1378,500,1400,DISABLED,DISABLED,1402,500,1400,DISABLED,DISABLED,1393,500,1400,DISABLED,DISABLED,1398,500,1400,DISABLED,DISABLED,1394,500,1400,DISABLED,DISABLED,1378,500,1400,DISABLED,DISABLED,1382,500,1400,DISABLED,DISABLED,1464,900,1500,N/A,DISABLED,51,914,1680,N/A,ENABLED,51,914,1680,N/A,ENABLED,51,914,1680,N/A,ENABLED,51,914,1680,N/A,ENABLED,42,711,1400,N/A,ENABLED,42,711,1400,N/A,ENABLED,42,711,1400,N/A,ENABLED,42,711,1400,N/A,ENABLED,N/A,49,54
1744669246,0,599,N/A,N/A,N/A,N/A,ENABLED,1398,500,1400,DISABLED,DISABLED,1379,500,1400,DISABLED,DISABLED,1402,500,1400,DISABLED,DISABLED,1394,500,1400,DISABLED,DISABLED,1398,500,1400,DISABLED,DISABLED,1395,500,1400,DISABLED,DISABLED,1379,500,1400,DISABLED,DISABLED,1382,500,1400,DISABLED,DISABLED,1462,900,1500,N/A,DISABLED,51,914,1680,N/A,ENABLED,51,914,1680,N/A,ENABLED,51,914,1680,N/A,ENABLED,51,914,1680,N/A,ENABLED,42,711,1400,N/A,ENABLED,42,711,1400,N/A,ENABLED,42,711,1400,N/A,ENABLED,42,711,1400,N/A,ENABLED,N/A,49,55
1744669248,0,604,N/A,N/A,N/A,N/A,ENABLED,1398,500,1400,DISABLED,DISABLED,1378,500,1400,DISABLED,DISABLED,1402,500,1400,DISABLED,DISABLED,1394,500,1400,DISABLED,DISABLED,1398,500,1400,DISABLED,DISABLED,1395,500,1400,DISABLED,DISABLED,1379,500,1400,DISABLED,DISABLED,1383,500,1400,DISABLED,DISABLED,1461,900,1500,N/A,DISABLED,50,914,1680,N/A,ENABLED,50,914,1680,N/A,ENABLED,50,914,1680,N/A,ENABLED,50,914,1680,N/A,ENABLED,42,711,1400,N/A,ENABLED,42,711,1400,N/A,ENABLED,42,711,1400,N/A,ENABLED,42,711,1400,N/A,ENABLED,N/A,49,54
1744669249,0,616,N/A,N/A,N/A,N/A,ENABLED,1398,500,1400,DISABLED,DISABLED,1377,500,1400,DISABLED,DISABLED,1401,500,1400,DISABLED,DISABLED,1395,500,1400,DISABLED,DISABLED,1397,500,1400,DISABLED,DISABLED,1393,500,1400,DISABLED,DISABLED,1378,500,1400,DISABLED,DISABLED,1382,500,1400,DISABLED,DISABLED,1472,900,1500,N/A,DISABLED,51,914,1680,N/A,ENABLED,51,914,1680,N/A,ENABLED,51,914,1680,N/A,ENABLED,51,914,1680,N/A,ENABLED,43,711,1400,N/A,ENABLED,43,711,1400,N/A,ENABLED,43,711,1400,N/A,ENABLED,43,711,1400,N/A,ENABLED,N/A,49,54
1744669250,0,609,N/A,N/A,N/A,N/A,ENABLED,1397,500,1400,DISABLED,DISABLED,1378,500,1400,DISABLED,DISABLED,1402,500,1400,DISABLED,DISABLED,1394,500,1400,DISABLED,DISABLED,1397,500,1400,DISABLED,DISABLED,1394,500,1400,DISABLED,DISABLED,1378,500,1400,DISABLED,DISABLED,1382,500,1400,DISABLED,DISABLED,1470,900,1500,N/A,DISABLED,51,914,1680,N/A,ENABLED,51,914,1680,N/A,ENABLED,51,914,1680,N/A,ENABLED,51,914,1680,N/A,ENABLED,43,711,1400,N/A,ENABLED,43,711,1400,N/A,ENABLED,43,711,1400,N/A,ENABLED,43,711,1400,N/A,ENABLED,N/A,49,55
1744669251,0,609,N/A,N/A,N/A,N/A,ENABLED,1397,500,1400,DISABLED,DISABLED,1378,500,1400,DISABLED,DISABLED,1402,500,1400,DISABLED,DISABLED,1393,500,1400,DISABLED,DISABLED,1397,500,1400,DISABLED,DISABLED,1394,500,1400,DISABLED,DISABLED,1379,500,1400,DISABLED,DISABLED,1382,500,1400,DISABLED,DISABLED,1464,900,1500,N/A,DISABLED,51,914,1680,N/A,ENABLED,51,914,1680,N/A,ENABLED,51,914,1680,N/A,ENABLED,51,914,1680,N/A,ENABLED,42,711,1400,N/A,ENABLED,42,711,1400,N/A,ENABLED,42,711,1400,N/A,ENABLED,42,711,1400,N/A,ENABLED,N/A,49,55
1744669252,0,606,N/A,N/A,N/A,N/A,ENABLED,1397,500,1400,DISABLED,DISABLED,1378,500,1400,DISABLED,DISABLED,1402,500,1400,DISABLED,DISABLED,1394,500,1400,DISABLED,DISABLED,1397,500,1400,DISABLED,DISABLED,1394,500,1400,DISABLED,DISABLED,1379,500,1400,DISABLED,DISABLED,1382,500,1400,DISABLED,DISABLED,1466,900,1500,N/A,DISABLED,51,914,1680,N/A,ENABLED,51,914,1680,N/A,ENABLED,51,914,1680,N/A,ENABLED,51,914,1680,N/A,ENABLED,42,711,1400,N/A,ENABLED,42,711,1400,N/A,ENABLED,42,711,1400,N/A,ENABLED,42,711,1400,N/A,ENABLED,N/A,49,54
1744669253,0,605,N/A,N/A,N/A,N/A,ENABLED,1398,500,1400,DISABLED,DISABLED,1379,500,1400,DISABLED,DISABLED,1402,500,1400,DISABLED,DISABLED,1393,500,1400,DISABLED,DISABLED,1398,500,1400,DISABLED,DISABLED,1395,500,1400,DISABLED,DISABLED,1379,500,1400,DISABLED,DISABLED,1382,500,1400,DISABLED,DISABLED,1464,900,1500,N/A,DISABLED,51,914,1680,N/A,ENABLED,51,914,1680,N/A,ENABLED,51,914,1680,N/A,ENABLED,51,914,1680,N/A,ENABLED,42,711,1400,N/A,ENABLED,42,711,1400,N/A,ENABLED,42,711,1400,N/A,ENABLED,42,711,1400,N/A,ENABLED,N/A,49,54
1744669255,0,611,N/A,N/A,N/A,N/A,ENABLED,1397,500,1400,DISABLED,DISABLED,1378,500,1400,DISABLED,DISABLED,1402,500,1400,DISABLED,DISABLED,1394,500,1400,DISABLED,DISABLED,1399,500,1400,DISABLED,DISABLED,1394,500,1400,DISABLED,DISABLED,1380,500,1400,DISABLED,DISABLED,1382,500,1400,DISABLED,DISABLED,1468,900,1500,N/A,DISABLED,51,914,1680,N/A,ENABLED,51,914,1680,N/A,ENABLED,51,914,1680,N/A,ENABLED,51,914,1680,N/A,ENABLED,43,711,1400,N/A,ENABLED,43,711,1400,N/A,ENABLED,43,711,1400,N/A,ENABLED,43,711,1400,N/A,ENABLED,N/A,49,54
1744669256,0,610,N/A,N/A,N/A,N/A,ENABLED,1397,500,1400,DISABLED,DISABLED,1378,500,1400,DISABLED,DISABLED,1402,500,1400,DISABLED,DISABLED,1393,500,1400,DISABLED,DISABLED,1398,500,1400,DISABLED,DISABLED,1393,500,1400,DISABLED,DISABLED,1379,500,1400,DISABLED,DISABLED,1382,500,1400,DISABLED,DISABLED,1463,900,1500,N/A,DISABLED,51,914,1680,N/A,ENABLED,51,914,1680,N/A,ENABLED,51,914,1680,N/A,ENABLED,51,914,1680,N/A,ENABLED,42,711,1400,N/A,ENABLED,42,711,1400,N/A,ENABLED,42,711,1400,N/A,ENABLED,42,711,1400,N/A,ENABLED,N/A,49,54
1744669257,0,607,N/A,N/A,N/A,N/A,ENABLED,1397,500,1400,DISABLED,DISABLED,1378,500,1400,DISABLED,DISABLED,1402,500,1400,DISABLED,DISABLED,1394,500,1400,DISABLED,DISABLED,1398,500,1400,DISABLED,DISABLED,1393,500,1400,DISABLED,DISABLED,1378,500,1400,DISABLED,DISABLED,1382,500,1400,DISABLED,DISABLED,1461,900,1500,N/A,DISABLED,50,914,1680,N/A,ENABLED,50,914,1680,N/A,ENABLED,50,914,1680,N/A,ENABLED,50,914,1680,N/A,ENABLED,42,711,1400,N/A,ENABLED,42,711,1400,N/A,ENABLED,42,711,1400,N/A,ENABLED,42,711,1400,N/A,ENABLED,N/A,49,54
1744669258,0,602,N/A,N/A,N/A,N/A,ENABLED,1397,500,1400,DISABLED,DISABLED,1379,500,1400,DISABLED,DISABLED,1402,500,1400,DISABLED,DISABLED,1394,500,1400,DISABLED,DISABLED,1399,500,1400,DISABLED,DISABLED,1393,500,1400,DISABLED,DISABLED,1380,500,1400,DISABLED,DISABLED,1384,500,1400,DISABLED,DISABLED,1458,900,1500,N/A,DISABLED,50,914,1680,N/A,ENABLED,50,914,1680,N/A,ENABLED,50,914,1680,N/A,ENABLED,50,914,1680,N/A,ENABLED,42,711,1400,N/A,ENABLED,42,711,1400,N/A,ENABLED,42,711,1400,N/A,ENABLED,42,711,1400,N/A,ENABLED,N/A,49,54
1744669259,0,600,N/A,N/A,N/A,N/A,ENABLED,1397,500,1400,DISABLED,DISABLED,1378,500,1400,DISABLED,DISABLED,1402,500,1400,DISABLED,DISABLED,1394,500,1400,DISABLED,DISABLED,1398,500,1400,DISABLED,DISABLED,1394,500,1400,DISABLED,DISABLED,1377,500,1400,DISABLED,DISABLED,1381,500,1400,DISABLED,DISABLED,1454,900,1500,N/A,DISABLED,50,914,1680,N/A,ENABLED,50,914,1680,N/A,ENABLED,50,914,1680,N/A,ENABLED,50,914,1680,N/A,ENABLED,42,711,1400,N/A,ENABLED,42,711,1400,N/A,ENABLED,42,711,1400,N/A,ENABLED,42,711,1400,N/A,ENABLED,N/A,49,54
1744669260,0,604,N/A,N/A,N/A,N/A,ENABLED,1397,500,1400,DISABLED,DISABLED,1377,500,1400,DISABLED,DISABLED,1402,500,1400,DISABLED,DISABLED,1395,500,1400,DISABLED,DISABLED,1397,500,1400,DISABLED,DISABLED,1394,500,1400,DISABLED,DISABLED,1377,500,1400,DISABLED,DISABLED,1381,500,1400,DISABLED,DISABLED,1461,900,1500,N/A,DISABLED,50,914,1680,N/A,ENABLED,50,914,1680,N/A,ENABLED,50,914,1680,N/A,ENABLED,50,914,1680,N/A,ENABLED,42,711,1400,N/A,ENABLED,42,711,1400,N/A,ENABLED,42,711,1400,N/A,ENABLED,42,711,1400,N/A,ENABLED,N/A,49,54
1744669262,0,603,N/A,N/A,N/A,N/A,ENABLED,1397,500,1400,DISABLED,DISABLED,1378,500,1400,DISABLED,DISABLED,1402,500,1400,DISABLED,DISABLED,1395,500,1400,DISABLED,DISABLED,1398,500,1400,DISABLED,DISABLED,1394,500,1400,DISABLED,DISABLED,1380,500,1400,DISABLED,DISABLED,1382,500,1400,DISABLED,DISABLED,1454,900,1500,N/A,DISABLED,50,914,1680,N/A,ENABLED,50,914,1680,N/A,ENABLED,50,914,1680,N/A,ENABLED,50,914,1680,N/A,ENABLED,42,711,1400,N/A,ENABLED,42,711,1400,N/A,ENABLED,42,711,1400,N/A,ENABLED,42,711,1400,N/A,ENABLED,N/A,49,54
1744669263,0,606,N/A,N/A,N/A,N/A,ENABLED,1396,500,1400,DISABLED,DISABLED,1377,500,1400,DISABLED,DISABLED,1402,500,1400,DISABLED,DISABLED,1394,500,1400,DISABLED,DISABLED,1397,500,1400,DISABLED,DISABLED,1394,500,1400,DISABLED,DISABLED,1378,500,1400,DISABLED,DISABLED,1383,500,1400,DISABLED,DISABLED,1459,900,1500,N/A,DISABLED,50,914,1680,N/A,ENABLED,50,914,1680,N/A,ENABLED,50,914,1680,N/A,ENABLED,50,914,1680,N/A,ENABLED,42,711,1400,N/A,ENABLED,42,711,1400,N/A,ENABLED,42,711,1400,N/A,ENABLED,42,711,1400,N/A,ENABLED,N/A,49,55
1744669264,0,599,N/A,N/A,N/A,N/A,ENABLED,1397,500,1400,DISABLED,DISABLED,1378,500,1400,DISABLED,DISABLED,1403,500,1400,DISABLED,DISABLED,1395,500,1400,DISABLED,DISABLED,1397,500,1400,DISABLED,DISABLED,1394,500,1400,DISABLED,DISABLED,1379,500,1400,DISABLED,DISABLED,1383,500,1400,DISABLED,DISABLED,1464,900,1500,N/A,DISABLED,51,914,1680,N/A,ENABLED,51,914,1680,N/A,ENABLED,51,914,1680,N/A,ENABLED,51,914,1680,N/A,ENABLED,42,711,1400,N/A,ENABLED,42,711,1400,N/A,ENABLED,42,711,1400,N/A,ENABLED,42,711,1400,N/A,ENABLED,N/A,49,55
1744669265,0,604,N/A,N/A,N/A,N/A,ENABLED,1397,500,1400,DISABLED,DISABLED,1378,500,1400,DISABLED,DISABLED,1402,500,1400,DISABLED,DISABLED,1394,500,1400,DISABLED,DISABLED,1397,500,1400,DISABLED,DISABLED,1394,500,1400,DISABLED,DISABLED,1378,500,1400,DISABLED,DISABLED,1381,500,1400,DISABLED,DISABLED,1453,900,1500,N/A,DISABLED,50,914,1680,N/A,ENABLED,50,914,1680,N/A,ENABLED,50,914,1680,N/A,ENABLED,50,914,1680,N/A,ENABLED,42,711,1400,N/A,ENABLED,42,711,1400,N/A,ENABLED,42,711,1400,N/A,ENABLED,42,711,1400,N/A,ENABLED,N/A,49,54
1744669266,0,600,N/A,N/A,N/A,N/A,ENABLED,1398,500,1400,DISABLED,DISABLED,1379,500,1400,DISABLED,DISABLED,1402,500,1400,DISABLED,DISABLED,1394,500,1400,DISABLED,DISABLED,1397,500,1400,DISABLED,DISABLED,1394,500,1400,DISABLED,DISABLED,1378,500,1400,DISABLED,DISABLED,1381,500,1400,DISABLED,DISABLED,1459,900,1500,N/A,DISABLED,50,914,1680,N/A,ENABLED,50,914,1680,N/A,ENABLED,50,914,1680,N/A,ENABLED,50,914,1680,N/A,ENABLED,42,711,1400,N/A,ENABLED,42,711,1400,N/A,ENABLED,42,711,1400,N/A,ENABLED,42,711,1400,N/A,ENABLED,N/A,49,55
1744669268,0,607,N/A,N/A,N/A,N/A,ENABLED,1397,500,1400,DISABLED,DISABLED,1377,500,1400,DISABLED,DISABLED,1402,500,1400,DISABLED,DISABLED,1394,500,1400,DISABLED,DISABLED,1397,500,1400,DISABLED,DISABLED,1393,500,1400,DISABLED,DISABLED,1378,500,1400,DISABLED,DISABLED,1383,500,1400,DISABLED,DISABLED,1467,900,1500,N/A,DISABLED,51,914,1680,N/A,ENABLED,51,914,1680,N/A,ENABLED,51,914,1680,N/A,ENABLED,51,914,1680,N/A,ENABLED,42,711,1400,N/A,ENABLED,42,711,1400,N/A,ENABLED,42,711,1400,N/A,ENABLED,42,711,1400,N/A,ENABLED,N/A,49,54
1744669269,0,598,N/A,N/A,N/A,N/A,ENABLED,1398,500,1400,DISABLED,DISABLED,1378,500,1400,DISABLED,DISABLED,1402,500,1400,DISABLED,DISABLED,1393,500,1400,DISABLED,DISABLED,1397,500,1400,DISABLED,DISABLED,1393,500,1400,DISABLED,DISABLED,1380,500,1400,DISABLED,DISABLED,1384,500,1400,DISABLED,DISABLED,1457,900,1500,N/A,DISABLED,50,914,1680,N/A,ENABLED,50,914,1680,N/A,ENABLED,50,914,1680,N/A,ENABLED,50,914,1680,N/A,ENABLED,42,711,1400,N/A,ENABLED,42,711,1400,N/A,ENABLED,42,711,1400,N/A,ENABLED,42,711,1400,N/A,ENABLED,N/A,49,53
1744669270,0,606,N/A,N/A,N/A,N/A,ENABLED,1396,500,1400,DISABLED,DISABLED,1378,500,1400,DISABLED,DISABLED,1402,500,1400,DISABLED,DISABLED,1394,500,1400,DISABLED,DISABLED,1397,500,1400,DISABLED,DISABLED,1393,500,1400,DISABLED,DISABLED,1377,500,1400,DISABLED,DISABLED,1381,500,1400,DISABLED,DISABLED,1463,900,1500,N/A,DISABLED,51,914,1680,N/A,ENABLED,51,914,1680,N/A,ENABLED,51,914,1680,N/A,ENABLED,51,914,1680,N/A,ENABLED,42,711,1400,N/A,ENABLED,42,711,1400,N/A,ENABLED,42,711,1400,N/A,ENABLED,42,711,1400,N/A,ENABLED,N/A,49,54
1744669271,0,604,N/A,N/A,N/A,N/A,ENABLED,1398,500,1400,DISABLED,DISABLED,1379,500,1400,DISABLED,DISABLED,1403,500,1400,DISABLED,DISABLED,1395,500,1400,DISABLED,DISABLED,1398,500,1400,DISABLED,DISABLED,1394,500,1400,DISABLED,DISABLED,1379,500,1400,DISABLED,DISABLED,1383,500,1400,DISABLED,DISABLED,1466,900,1500,N/A,DISABLED,51,914,1680,N/A,ENABLED,51,914,1680,N/A,ENABLED,51,914,1680,N/A,ENABLED,50,914,1680,N/A,ENABLED,42,711,1400,N/A,ENABLED,42,711,1400,N/A,ENABLED,42,711,1400,N/A,ENABLED,42,711,1400,N/A,ENABLED,N/A,49,54
1744669272,0,603,N/A,N/A,N/A,N/A,ENABLED,1398,500,1400,DISABLED,DISABLED,1378,500,1400,DISABLED,DISABLED,1402,500,1400,DISABLED,DISABLED,1394,500,1400,DISABLED,DISABLED,1398,500,1400,DISABLED,DISABLED,1394,500,1400,DISABLED,DISABLED,1379,500,1400,DISABLED,DISABLED,1382,500,1400,DISABLED,DISABLED,1464,900,1500,N/A,DISABLED,51,914,1680,N/A,ENABLED,51,914,1680,N/A,ENABLED,51,914,1680,N/A,ENABLED,51,914,1680,N/A,ENABLED,42,711,1400,N/A,ENABLED,42,711,1400,N/A,ENABLED,42,711,1400,N/A,ENABLED,42,711,1400,N/A,ENABLED,N/A,49,53
1744669273,0,600,N/A,N/A,N/A,N/A,ENABLED,1398,500,1400,DISABLED,DISABLED,1377,500,1400,DISABLED,DISABLED,1402,500,1400,DISABLED,DISABLED,1394,500,1400,DISABLED,DISABLED,1397,500,1400,DISABLED,DISABLED,1393,500,1400,DISABLED,DISABLED,1379,500,1400,DISABLED,DISABLED,1382,500,1400,DISABLED,DISABLED,1460,900,1500,N/A,DISABLED,50,914,1680,N/A,ENABLED,50,914,1680,N/A,ENABLED,50,914,1680,N/A,ENABLED,50,914,1680,N/A,ENABLED,42,711,1400,N/A,ENABLED,42,711,1400,N/A,ENABLED,42,711,1400,N/A,ENABLED,42,711,1400,N/A,ENABLED,N/A,49,55
1744669275,0,608,N/A,N/A,N/A,N/A,ENABLED,1398,500,1400,DISABLED,DISABLED,1379,500,1400,DISABLED,DISABLED,1402,500,1400,DISABLED,DISABLED,1394,500,1400,DISABLED,DISABLED,1397,500,1400,DISABLED,DISABLED,1392,500,1400,DISABLED,DISABLED,1380,500,1400,DISABLED,DISABLED,1382,500,1400,DISABLED,DISABLED,1460,900,1500,N/A,DISABLED,50,914,1680,N/A,ENABLED,50,914,1680,N/A,ENABLED,50,914,1680,N/A,ENABLED,50,914,1680,N/A,ENABLED,42,711,1400,N/A,ENABLED,42,711,1400,N/A,ENABLED,42,711,1400,N/A,ENABLED,42,711,1400,N/A,ENABLED,N/A,49,54
1744669276,0,608,N/A,N/A,N/A,N/A,ENABLED,1396,500,1400,DISABLED,DISABLED,1379,500,1400,DISABLED,DISABLED,1401,500,1400,DISABLED,DISABLED,1393,500,1400,DISABLED,DISABLED,1397,500,1400,DISABLED,DISABLED,1393,500,1400,DISABLED,DISABLED,1379,500,1400,DISABLED,DISABLED,1383,500,1400,DISABLED,DISABLED,1466,900,1500,N/A,DISABLED,51,914,1680,N/A,ENABLED,51,914,1680,N/A,ENABLED,51,914,1680,N/A,ENABLED,51,914,1680,N/A,ENABLED,42,711,1400,N/A,ENABLED,42,711,1400,N/A,ENABLED,42,711,1400,N/A,ENABLED,42,711,1400,N/A,ENABLED,N/A,49,54
1744669277,0,614,N/A,N/A,N/A,N/A,ENABLED,1395,500,1400,DISABLED,DISABLED,1377,500,1400,DISABLED,DISABLED,1402,500,1400,DISABLED,DISABLED,1394,500,1400,DISABLED,DISABLED,1397,500,1400,DISABLED,DISABLED,1393,500,1400,DISABLED,DISABLED,1380,500,1400,DISABLED,DISABLED,1382,500,1400,DISABLED,DISABLED,1475,900,1500,N/A,DISABLED,51,914,1680,N/A,ENABLED,51,914,1680,N/A,ENABLED,51,914,1680,N/A,ENABLED,51,914,1680,N/A,ENABLED,43,711,1400,N/A,ENABLED,43,711,1400,N/A,ENABLED,43,711,1400,N/A,ENABLED,43,711,1400,N/A,ENABLED,N/A,49,54
1744669278,0,607,N/A,N/A,N/A,N/A,ENABLED,1396,500,1400,DISABLED,DISABLED,1377,500,1400,DISABLED,DISABLED,1402,500,1400,DISABLED,DISABLED,1394,500,1400,DISABLED,DISABLED,1398,500,1400,DISABLED,DISABLED,1394,500,1400,DISABLED,DISABLED,1379,500,1400,DISABLED,DISABLED,1382,500,1400,DISABLED,DISABLED,1468,900,1500,N/A,DISABLED,51,914,1680,N/A,ENABLED,51,914,1680,N/A,ENABLED,51,914,1680,N/A,ENABLED,51,914,1680,N/A,ENABLED,42,711,1400,N/A,ENABLED,42,711,1400,N/A,ENABLED,42,711,1400,N/A,ENABLED,42,711,1400,N/A,ENABLED,N/A,49,54
1744669279,0,609,N/A,N/A,N/A,N/A,ENABLED,1398,500,1400,DISABLED,DISABLED,1378,500,1400,DISABLED,DISABLED,1402,500,1400,DISABLED,DISABLED,1394,500,1400,DISABLED,DISABLED,1398,500,1400,DISABLED,DISABLED,1394,500,1400,DISABLED,DISABLED,1378,500,1400,DISABLED,DISABLED,1382,500,1400,DISABLED,DISABLED,1464,900,1500,N/A,DISABLED,51,914,1680,N/A,ENABLED,51,914,1680,N/A,ENABLED,51,914,1680,N/A,ENABLED,51,914,1680,N/A,ENABLED,42,711,1400,N/A,ENABLED,42,711,1400,N/A,ENABLED,42,711,1400,N/A,ENABLED,42,711,1400,N/A,ENABLED,N/A,49,54
1744669280,0,613,N/A,N/A,N/A,N/A,ENABLED,1397,500,1400,DISABLED,DISABLED,1378,500,1400,DISABLED,DISABLED,1402,500,1400,DISABLED,DISABLED,1393,500,1400,DISABLED,DISABLED,1397,500,1400,DISABLED,DISABLED,1393,500,1400,DISABLED,DISABLED,1378,500,1400,DISABLED,DISABLED,1381,500,1400,DISABLED,DISABLED,1467,900,1500,N/A,DISABLED,51,914,1680,N/A,ENABLED,51,914,1680,N/A,ENABLED,51,914,1680,N/A,ENABLED,51,914,1680,N/A,ENABLED,42,711,1400,N/A,ENABLED,42,711,1400,N/A,ENABLED,42,711,1400,N/A,ENABLED,42,711,1400,N/A,ENABLED,N/A,49,54
1744669282,0,613,N/A,N/A,N/A,N/A,ENABLED,1396,500,1400,DISABLED,DISABLED,1378,500,1400,DISABLED,DISABLED,1401,500,1400,DISABLED,DISABLED,1393,500,1400,DISABLED,DISABLED,1398,500,1400,DISABLED,DISABLED,1394,500,1400,DISABLED,DISABLED,1378,500,1400,DISABLED,DISABLED,1380,500,1400,DISABLED,DISABLED,1470,900,1500,N/A,DISABLED,51,914,1680,N/A,ENABLED,51,914,1680,N/A,ENABLED,51,914,1680,N/A,ENABLED,51,914,1680,N/A,ENABLED,43,711,1400,N/A,ENABLED,43,711,1400,N/A,ENABLED,43,711,1400,N/A,ENABLED,43,711,1400,N/A,ENABLED,N/A,49,54
1744669283,0,606,N/A,N/A,N/A,N/A,ENABLED,1396,500,1400,DISABLED,DISABLED,1379,500,1400,DISABLED,DISABLED,1402,500,1400,DISABLED,DISABLED,1393,500,1400,DISABLED,DISABLED,1396,500,1400,DISABLED,DISABLED,1393,500,1400,DISABLED,DISABLED,1379,500,1400,DISABLED,DISABLED,1381,500,1400,DISABLED,DISABLED,1452,900,1500,N/A,DISABLED,50,914,1680,N/A,ENABLED,50,914,1680,N/A,ENABLED,50,914,1680,N/A,ENABLED,50,914,1680,N/A,ENABLED,42,711,1400,N/A,ENABLED,42,711,1400,N/A,ENABLED,42,711,1400,N/A,ENABLED,42,711,1400,N/A,ENABLED,N/A,49,54
1744669284,0,609,N/A,N/A,N/A,N/A,ENABLED,1396,500,1400,DISABLED,DISABLED,1378,500,1400,DISABLED,DISABLED,1402,500,1400,DISABLED,DISABLED,1394,500,1400,DISABLED,DISABLED,1396,500,1400,DISABLED,DISABLED,1392,500,1400,DISABLED,DISABLED,1380,500,1400,DISABLED,DISABLED,1382,500,1400,DISABLED,DISABLED,1467,900,1500,N/A,DISABLED,51,914,1680,N/A,ENABLED,51,914,1680,N/A,ENABLED,51,914,1680,N/A,ENABLED,51,914,1680,N/A,ENABLED,42,711,1400,N/A,ENABLED,42,711,1400,N/A,ENABLED,42,711,1400,N/A,ENABLED,42,711,1400,N/A,ENABLED,N/A,49,54
1744669285,0,599,N/A,N/A,N/A,N/A,ENABLED,1397,500,1400,DISABLED,DISABLED,1378,500,1400,DISABLED,DISABLED,1402,500,1400,DISABLED,DISABLED,1395,500,1400,DISABLED,DISABLED,1396,500,1400,DISABLED,DISABLED,1394,500,1400,DISABLED,DISABLED,1381,500,1400,DISABLED,DISABLED,1382,500,1400,DISABLED,DISABLED,1448,900,1500,N/A,DISABLED,50,914,1680,N/A,ENABLED,50,914,1680,N/A,ENABLED,50,914,1680,N/A,ENABLED,50,914,1680,N/A,ENABLED,42,711,1400,N/A,ENABLED,42,711,1400,N/A,ENABLED,42,711,1400,N/A,ENABLED,42,711,1400,N/A,ENABLED,N/A,49,54
1744669286,0,603,N/A,N/A,N/A,N/A,ENABLED,1397,500,1400,DISABLED,DISABLED,1377,500,1400,DISABLED,DISABLED,1402,500,1400,DISABLED,DISABLED,1394,500,1400,DISABLED,DISABLED,1397,500,1400,DISABLED,DISABLED,1394,500,1400,DISABLED,DISABLED,1379,500,1400,DISABLED,DISABLED,1383,500,1400,DISABLED,DISABLED,1456,900,1500,N/A,DISABLED,50,914,1680,N/A,ENABLED,50,914,1680,N/A,ENABLED,50,914,1680,N/A,ENABLED,50,914,1680,N/A,ENABLED,42,711,1400,N/A,ENABLED,42,711,1400,N/A,ENABLED,42,711,1400,N/A,ENABLED,42,711,1400,N/A,ENABLED,N/A,49,54
1744669288,0,598,N/A,N/A,N/A,N/A,ENABLED,1399,500,1400,DISABLED,DISABLED,1379,500,1400,DISABLED,DISABLED,1403,500,1400,DISABLED,DISABLED,1394,500,1400,DISABLED,DISABLED,1397,500,1400,DISABLED,DISABLED,1395,500,1400,DISABLED,DISABLED,1380,500,1400,DISABLED,DISABLED,1383,500,1400,DISABLED,DISABLED,1462,900,1500,N/A,DISABLED,51,914,1680,N/A,ENABLED,51,914,1680,N/A,ENABLED,51,914,1680,N/A,ENABLED,51,914,1680,N/A,ENABLED,42,711,1400,N/A,ENABLED,42,711,1400,N/A,ENABLED,42,711,1400,N/A,ENABLED,42,711,1400,N/A,ENABLED,N/A,49,54
1744669289,0,600,N/A,N/A,N/A,N/A,ENABLED,1397,500,1400,DISABLED,DISABLED,1378,500,1400,DISABLED,DISABLED,1402,500,1400,DISABLED,DISABLED,1394,500,1400,DISABLED,DISABLED,1397,500,1400,DISABLED,DISABLED,1394,500,1400,DISABLED,DISABLED,1378,500,1400,DISABLED,DISABLED,1381,500,1400,DISABLED,DISABLED,1451,900,1500,N/A,DISABLED,50,914,1680,N/A,ENABLED,50,914,1680,N/A,ENABLED,50,914,1680,N/A,ENABLED,50,914,1680,N/A,ENABLED,42,711,1400,N/A,ENABLED,42,711,1400,N/A,ENABLED,42,711,1400,N/A,ENABLED,42,711,1400,N/A,ENABLED,N/A,49,55
1744669290,0,607,N/A,N/A,N/A,N/A,ENABLED,1397,500,1400,DISABLED,DISABLED,1378,500,1400,DISABLED,DISABLED,1402,500,1400,DISABLED,DISABLED,1395,500,1400,DISABLED,DISABLED,1397,500,1400,DISABLED,DISABLED,1394,500,1400,DISABLED,DISABLED,1378,500,1400,DISABLED,DISABLED,1381,500,1400,DISABLED,DISABLED,1456,900,1500,N/A,DISABLED,50,914,1680,N/A,ENABLED,50,914,1680,N/A,ENABLED,50,914,1680,N/A,ENABLED,50,914,1680,N/A,ENABLED,42,711,1400,N/A,ENABLED,42,711,1400,N/A,ENABLED,42,711,1400,N/A,ENABLED,42,711,1400,N/A,ENABLED,N/A,49,54
1744669291,0,606,N/A,N/A,N/A,N/A,ENABLED,1397,500,1400,DISABLED,DISABLED,1380,500,1400,DISABLED,DISABLED,1403,500,1400,DISABLED,DISABLED,1394,500,1400,DISABLED,DISABLED,1397,500,1400,DISABLED,DISABLED,1394,500,1400,DISABLED,DISABLED,1379,500,1400,DISABLED,DISABLED,1381,500,1400,DISABLED,DISABLED,1456,900,1500,N/A,DISABLED,50,914,1680,N/A,ENABLED,50,914,1680,N/A,ENABLED,50,914,1680,N/A,ENABLED,50,914,1680,N/A,ENABLED,42,711,1400,N/A,ENABLED,42,711,1400,N/A,ENABLED,42,711,1400,N/A,ENABLED,42,711,1400,N/A,ENABLED,N/A,49,54
1744669292,0,602,N/A,N/A,N/A,N/A,ENABLED,1395,500,1400,DISABLED,DISABLED,1378,500,1400,DISABLED,DISABLED,1403,500,1400,DISABLED,DISABLED,1395,500,1400,DISABLED,DISABLED,1396,500,1400,DISABLED,DISABLED,1393,500,1400,DISABLED,DISABLED,1380,500,1400,DISABLED,DISABLED,1383,500,1400,DISABLED,DISABLED,1457,900,1500,N/A,DISABLED,50,914,1680,N/A,ENABLED,50,914,1680,N/A,ENABLED,50,914,1680,N/A,ENABLED,50,914,1680,N/A,ENABLED,42,711,1400,N/A,ENABLED,42,711,1400,N/A,ENABLED,42,711,1400,N/A,ENABLED,42,711,1400,N/A,ENABLED,N/A,49,54
1744669293,0,605,N/A,N/A,N/A,N/A,ENABLED,1397,500,1400,DISABLED,DISABLED,1378,500,1400,DISABLED,DISABLED,1403,500,1400,DISABLED,DISABLED,1395,500,1400,DISABLED,DISABLED,1396,500,1400,DISABLED,DISABLED,1393,500,1400,DISABLED,DISABLED,1379,500,1400,DISABLED,DISABLED,1382,500,1400,DISABLED,DISABLED,1456,900,1500,N/A,DISABLED,50,914,1680,N/A,ENABLED,50,914,1680,N/A,ENABLED,50,914,1680,N/A,ENABLED,50,914,1680,N/A,ENABLED,42,711,1400,N/A,ENABLED,42,711,1400,N/A,ENABLED,42,711,1400,N/A,ENABLED,42,711,1400,N/A,ENABLED,N/A,49,54
1744669295,0,607,N/A,N/A,N/A,N/A,ENABLED,1396,500,1400,DISABLED,DISABLED,1379,500,1400,DISABLED,DISABLED,1403,500,1400,DISABLED,DISABLED,1394,500,1400,DISABLED,DISABLED,1396,500,1400,DISABLED,DISABLED,1393,500,1400,DISABLED,DISABLED,1379,500,1400,DISABLED,DISABLED,1382,500,1400,DISABLED,DISABLED,1465,900,1500,N/A,DISABLED,51,914,1680,N/A,ENABLED,51,914,1680,N/A,ENABLED,51,914,1680,N/A,ENABLED,51,914,1680,N/A,ENABLED,42,711,1400,N/A,ENABLED,42,711,1400,N/A,ENABLED,42,711,1400,N/A,ENABLED,42,711,1400,N/A,ENABLED,N/A,49,54
1744669296,0,605,N/A,N/A,N/A,N/A,ENABLED,1397,500,1400,DISABLED,DISABLED,1380,500,1400,DISABLED,DISABLED,1402,500,1400,DISABLED,DISABLED,1394,500,1400,DISABLED,DISABLED,1398,500,1400,DISABLED,DISABLED,1394,500,1400,DISABLED,DISABLED,1379,500,1400,DISABLED,DISABLED,1382,500,1400,DISABLED,DISABLED,1464,900,1500,N/A,DISABLED,51,914,1680,N/A,ENABLED,51,914,1680,N/A,ENABLED,51,914,1680,N/A,ENABLED,51,914,1680,N/A,ENABLED,42,711,1400,N/A,ENABLED,42,711,1400,N/A,ENABLED,42,711,1400,N/A,ENABLED,42,711,1400,N/A,ENABLED,N/A,49,54
1744669297,0,609,N/A,N/A,N/A,N/A,ENABLED,1397,500,1400,DISABLED,DISABLED,1379,500,1400,DISABLED,DISABLED,1402,500,1400,DISABLED,DISABLED,1394,500,1400,DISABLED,DISABLED,1398,500,1400,DISABLED,DISABLED,1394,500,1400,DISABLED,DISABLED,1379,500,1400,DISABLED,DISABLED,1381,500,1400,DISABLED,DISABLED,1463,900,1500,N/A,DISABLED,51,914,1680,N/A,ENABLED,51,914,1680,N/A,ENABLED,51,914,1680,N/A,ENABLED,51,914,1680,N/A,ENABLED,42,711,1400,N/A,ENABLED,42,711,1400,N/A,ENABLED,42,711,1400,N/A,ENABLED,42,711,1400,N/A,ENABLED,N/A,49,54
1744669298,0,601,N/A,N/A,N/A,N/A,ENABLED,1397,500,1400,DISABLED,DISABLED,1378,500,1400,DISABLED,DISABLED,1403,500,1400,DISABLED,DISABLED,1395,500,1400,DISABLED,DISABLED,1398,500,1400,DISABLED,DISABLED,1395,500,1400,DISABLED,DISABLED,1379,500,1400,DISABLED,DISABLED,1382,500,1400,DISABLED,DISABLED,1462,900,1500,N/A,DISABLED,50,914,1680,N/A,ENABLED,50,914,1680,N/A,ENABLED,50,914,1680,N/A,ENABLED,50,914,1680,N/A,ENABLED,42,711,1400,N/A,ENABLED,42,711,1400,N/A,ENABLED,42,711,1400,N/A,ENABLED,42,711,1400,N/A,ENABLED,N/A,49,54
1744669299,0,616,N/A,N/A,N/A,N/A,ENABLED,1397,500,1400,DISABLED,DISABLED,1378,500,1400,DISABLED,DISABLED,1403,500,1400,DISABLED,DISABLED,1394,500,1400,DISABLED,DISABLED,1397,500,1400,DISABLED,DISABLED,1393,500,1400,DISABLED,DISABLED,1379,500,1400,DISABLED,DISABLED,1383,500,1400,DISABLED,DISABLED,1477,900,1500,N/A,DISABLED,51,914,1680,N/A,ENABLED,51,914,1680,N/A,ENABLED,51,914,1680,N/A,ENABLED,51,914,1680,N/A,ENABLED,43,711,1400,N/A,ENABLED,43,711,1400,N/A,ENABLED,43,711,1400,N/A,ENABLED,43,711,1400,N/A,ENABLED,N/A,49,54
1744669301,0,608,N/A,N/A,N/A,N/A,ENABLED,1397,500,1400,DISABLED,DISABLED,1379,500,1400,DISABLED,DISABLED,1402,500,1400,DISABLED,DISABLED,1394,500,1400,DISABLED,DISABLED,1397,500,1400,DISABLED,DISABLED,1394,500,1400,DISABLED,DISABLED,1378,500,1400,DISABLED,DISABLED,1383,500,1400,DISABLED,DISABLED,1466,900,1500,N/A,DISABLED,51,914,1680,N/A,ENABLED,51,914,1680,N/A,ENABLED,51,914,1680,N/A,ENABLED,51,914,1680,N/A,ENABLED,42,711,1400,N/A,ENABLED,42,711,1400,N/A,ENABLED,42,711,1400,N/A,ENABLED,42,711,1400,N/A,ENABLED,N/A,49,54
1744669302,0,605,N/A,N/A,N/A,N/A,ENABLED,1398,500,1400,DISABLED,DISABLED,1380,500,1400,DISABLED,DISABLED,1403,500,1400,DISABLED,DISABLED,1395,500,1400,DISABLED,DISABLED,1397,500,1400,DISABLED,DISABLED,1394,500,1400,DISABLED,DISABLED,1380,500,1400,DISABLED,DISABLED,1382,500,1400,DISABLED,DISABLED,1463,900,1500,N/A,DISABLED,51,914,1680,N/A,ENABLED,51,914,1680,N/A,ENABLED,51,914,1680,N/A,ENABLED,51,914,1680,N/A,ENABLED,42,711,1400,N/A,ENABLED,42,711,1400,N/A,ENABLED,42,711,1400,N/A,ENABLED,42,711,1400,N/A,ENABLED,N/A,49,53
1744669303,0,599,N/A,N/A,N/A,N/A,ENABLED,1397,500,1400,DISABLED,DISABLED,1379,500,1400,DISABLED,DISABLED,1402,500,1400,DISABLED,DISABLED,1395,500,1400,DISABLED,DISABLED,1397,500,1400,DISABLED,DISABLED,1394,500,1400,DISABLED,DISABLED,1379,500,1400,DISABLED,DISABLED,1382,500,1400,DISABLED,DISABLED,1470,900,1500,N/A,DISABLED,51,914,1680,N/A,ENABLED,51,914,1680,N/A,ENABLED,51,914,1680,N/A,ENABLED,51,914,1680,N/A,ENABLED,43,711,1400,N/A,ENABLED,43,711,1400,N/A,ENABLED,43,711,1400,N/A,ENABLED,43,711,1400,N/A,ENABLED,N/A,49,53
1744669304,0,602,N/A,N/A,N/A,N/A,ENABLED,1397,500,1400,DISABLED,DISABLED,1379,500,1400,DISABLED,DISABLED,1402,500,1400,DISABLED,DISABLED,1395,500,1400,DISABLED,DISABLED,1397,500,1400,DISABLED,DISABLED,1394,500,1400,DISABLED,DISABLED,1377,500,1400,DISABLED,DISABLED,1381,500,1400,DISABLED,DISABLED,1464,900,1500,N/A,DISABLED,51,914,1680,N/A,ENABLED,51,914,1680,N/A,ENABLED,51,914,1680,N/A,ENABLED,51,914,1680,N/A,ENABLED,42,711,1400,N/A,ENABLED,42,711,1400,N/A,ENABLED,42,711,1400,N/A,ENABLED,42,711,1400,N/A,ENABLED,N/A,49,54
1744669305,0,604,N/A,N/A,N/A,N/A,ENABLED,1397,500,1400,DISABLED,DISABLED,1378,500,1400,DISABLED,DISABLED,1403,500,1400,DISABLED,DISABLED,1395,500,1400,DISABLED,DISABLED,1397,500,1400,DISABLED,DISABLED,1394,500,1400,DISABLED,DISABLED,1379,500,1400,DISABLED,DISABLED,1382,500,1400,DISABLED,DISABLED,1467,900,1500,N/A,DISABLED,51,914,1680,N/A,ENABLED,51,914,1680,N/A,ENABLED,51,914,1680,N/A,ENABLED,51,914,1680,N/A,ENABLED,42,711,1400,N/A,ENABLED,42,711,1400,N/A,ENABLED,42,711,1400,N/A,ENABLED,42,711,1400,N/A,ENABLED,N/A,49,55
1744669306,0,601,N/A,N/A,N/A,N/A,ENABLED,1397,500,1400,DISABLED,DISABLED,1378,500,1400,DISABLED,DISABLED,1402,500,1400,DISABLED,DISABLED,1394,500,1400,DISABLED,DISABLED,1396,500,1400,DISABLED,DISABLED,1394,500,1400,DISABLED,DISABLED,1379,500,1400,DISABLED,DISABLED,1381,500,1400,DISABLED,DISABLED,1464,900,1500,N/A,DISABLED,51,914,1680,N/A,ENABLED,51,914,1680,N/A,ENABLED,51,914,1680,N/A,ENABLED,51,914,1680,N/A,ENABLED,42,711,1400,N/A,ENABLED,42,711,1400,N/A,ENABLED,42,711,1400,N/A,ENABLED,42,711,1400,N/A,ENABLED,N/A,49,55
1744669308,0,605,N/A,N/A,N/A,N/A,ENABLED,1397,500,1400,DISABLED,DISABLED,1378,500,1400,DISABLED,DISABLED,1402,500,1400,DISABLED,DISABLED,1394,500,1400,DISABLED,DISABLED,1397,500,1400,DISABLED,DISABLED,1394,500,1400,DISABLED,DISABLED,1377,500,1400,DISABLED,DISABLED,1380,500,1400,DISABLED,DISABLED,1449,900,1500,N/A,DISABLED,50,914,1680,N/A,ENABLED,50,914,1680,N/A,ENABLED,50,914,1680,N/A,ENABLED,50,914,1680,N/A,ENABLED,42,711,1400,N/A,ENABLED,42,711,1400,N/A,ENABLED,42,711,1400,N/A,ENABLED,42,711,1400,N/A,ENABLED,N/A,49,54
1744669309,0,609,N/A,N/A,N/A,N/A,ENABLED,1397,500,1400,DISABLED,DISABLED,1378,500,1400,DISABLED,DISABLED,1402,500,1400,DISABLED,DISABLED,1394,500,1400,DISABLED,DISABLED,1397,500,1400,DISABLED,DISABLED,1393,500,1400,DISABLED,DISABLED,1379,500,1400,DISABLED,DISABLED,1381,500,1400,DISABLED,DISABLED,1457,900,1500,N/A,DISABLED,50,914,1680,N/A,ENABLED,50,914,1680,N/A,ENABLED,50,914,1680,N/A,ENABLED,50,914,1680,N/A,ENABLED,42,711,1400,N/A,ENABLED,42,711,1400,N/A,ENABLED,42,711,1400,N/A,ENABLED,42,711,1400,N/A,ENABLED,N/A,49,53
1744669310,0,601,N/A,N/A,N/A,N/A,ENABLED,1398,500,1400,DISABLED,DISABLED,1379,500,1400,DISABLED,DISABLED,1402,500,1400,DISABLED,DISABLED,1396,500,1400,DISABLED,DISABLED,1397,500,1400,DISABLED,DISABLED,1394,500,1400,DISABLED,DISABLED,1378,500,1400,DISABLED,DISABLED,1382,500,1400,DISABLED,DISABLED,1455,900,1500,N/A,DISABLED,50,914,1680,N/A,ENABLED,50,914,1680,N/A,ENABLED,50,914,1680,N/A,ENABLED,50,914,1680,N/A,ENABLED,42,711,1400,N/A,ENABLED,42,711,1400,N/A,ENABLED,42,711,1400,N/A,ENABLED,42,711,1400,N/A,ENABLED,N/A,49,54
1744669311,0,604,N/A,N/A,N/A,N/A,ENABLED,1398,500,1400,DISABLED,DISABLED,1379,500,1400,DISABLED,DISABLED,1402,500,1400,DISABLED,DISABLED,1395,500,1400,DISABLED,DISABLED,1397,500,1400,DISABLED,DISABLED,1393,500,1400,DISABLED,DISABLED,1378,500,1400,DISABLED,DISABLED,1381,500,1400,DISABLED,DISABLED,1453,900,1500,N/A,DISABLED,50,914,1680,N/A,ENABLED,50,914,1680,N/A,ENABLED,50,914,1680,N/A,ENABLED,50,914,1680,N/A,ENABLED,42,711,1400,N/A,ENABLED,42,711,1400,N/A,ENABLED,42,711,1400,N/A,ENABLED,42,711,1400,N/A,ENABLED,N/A,49,54
1744669312,0,614,N/A,N/A,N/A,N/A,ENABLED,1398,500,1400,DISABLED,DISABLED,1378,500,1400,DISABLED,DISABLED,1402,500,1400,DISABLED,DISABLED,1394,500,1400,DISABLED,DISABLED,1397,500,1400,DISABLED,DISABLED,1393,500,1400,DISABLED,DISABLED,1377,500,1400,DISABLED,DISABLED,1382,500,1400,DISABLED,DISABLED,1463,900,1500,N/A,DISABLED,51,914,1680,N/A,ENABLED,51,914,1680,N/A,ENABLED,51,914,1680,N/A,ENABLED,51,914,1680,N/A,ENABLED,42,711,1400,N/A,ENABLED,42,711,1400,N/A,ENABLED,42,711,1400,N/A,ENABLED,42,711,1400,N/A,ENABLED,N/A,49,55
1744669313,0,600,N/A,N/A,N/A,N/A,ENABLED,1397,500,1400,DISABLED,DISABLED,1378,500,1400,DISABLED,DISABLED,1401,500,1400,DISABLED,DISABLED,1395,500,1400,DISABLED,DISABLED,1396,500,1400,DISABLED,DISABLED,1394,500,1400,DISABLED,DISABLED,1379,500,1400,DISABLED,DISABLED,1383,500,1400,DISABLED,DISABLED,1456,900,1500,N/A,DISABLED,50,914,1680,N/A,ENABLED,50,914,1680,N/A,ENABLED,50,914,1680,N/A,ENABLED,50,914,1680,N/A,ENABLED,42,711,1400,N/A,ENABLED,42,711,1400,N/A,ENABLED,42,711,1400,N/A,ENABLED,42,711,1400,N/A,ENABLED,N/A,49,54
1744669315,0,598,N/A,N/A,N/A,N/A,ENABLED,1398,500,1400,DISABLED,DISABLED,1379,500,1400,DISABLED,DISABLED,1402,500,1400,DISABLED,DISABLED,1395,500,1400,DISABLED,DISABLED,1398,500,1400,DISABLED,DISABLED,1394,500,1400,DISABLED,DISABLED,1379,500,1400,DISABLED,DISABLED,1382,500,1400,DISABLED,DISABLED,1455,900,1500,N/A,DISABLED,50,914,1680,N/A,ENABLED,50,914,1680,N/A,ENABLED,50,914,1680,N/A,ENABLED,50,914,1680,N/A,ENABLED,42,711,1400,N/A,ENABLED,42,711,1400,N/A,ENABLED,42,711,1400,N/A,ENABLED,42,711,1400,N/A,ENABLED,N/A,49,54
1744669316,0,603,N/A,N/A,N/A,N/A,ENABLED,1398,500,1400,DISABLED,DISABLED,1379,500,1400,DISABLED,DISABLED,1402,500,1400,DISABLED,DISABLED,1394,500,1400,DISABLED,DISABLED,1397,500,1400,DISABLED,DISABLED,1394,500,1400,DISABLED,DISABLED,1380,500,1400,DISABLED,DISABLED,1383,500,1400,DISABLED,DISABLED,1455,900,1500,N/A,DISABLED,50,914,1680,N/A,ENABLED,50,914,1680,N/A,ENABLED,50,914,1680,N/A,ENABLED,50,914,1680,N/A,ENABLED,42,711,1400,N/A,ENABLED,42,711,1400,N/A,ENABLED,42,711,1400,N/A,ENABLED,42,711,1400,N/A,ENABLED,N/A,49,55
1744669317,0,608,N/A,N/A,N/A,N/A,ENABLED,1397,500,1400,DISABLED,DISABLED,1378,500,1400,DISABLED,DISABLED,1402,500,1400,DISABLED,DISABLED,1394,500,1400,DISABLED,DISABLED,1397,500,1400,DISABLED,DISABLED,1393,500,1400,DISABLED,DISABLED,1379,500,1400,DISABLED,DISABLED,1382,500,1400,DISABLED,DISABLED,1469,900,1500,N/A,DISABLED,51,914,1680,N/A,ENABLED,51,914,1680,N/A,ENABLED,51,914,1680,N/A,ENABLED,51,914,1680,N/A,ENABLED,43,711,1400,N/A,ENABLED,43,711,1400,N/A,ENABLED,43,711,1400,N/A,ENABLED,43,711,1400,N/A,ENABLED,N/A,49,54
1744669318,0,595,N/A,N/A,N/A,N/A,ENABLED,1398,500,1400,DISABLED,DISABLED,1380,500,1400,DISABLED,DISABLED,1402,500,1400,DISABLED,DISABLED,1394,500,1400,DISABLED,DISABLED,1398,500,1400,DISABLED,DISABLED,1394,500,1400,DISABLED,DISABLED,1380,500,1400,DISABLED,DISABLED,1383,500,1400,DISABLED,DISABLED,1460,900,1500,N/A,DISABLED,50,914,1680,N/A,ENABLED,50,914,1680,N/A,ENABLED,50,914,1680,N/A,ENABLED,50,914,1680,N/A,ENABLED,42,711,1400,N/A,ENABLED,42,711,1400,N/A,ENABLED,42,711,1400,N/A,ENABLED,42,711,1400,N/A,ENABLED,N/A,49,54
1744669319,0,610,N/A,N/A,N/A,N/A,ENABLED,1397,500,1400,DISABLED,DISABLED,1378,500,1400,DISABLED,DISABLED,1402,500,1400,DISABLED,DISABLED,1394,500,1400,DISABLED,DISABLED,1397,500,1400,DISABLED,DISABLED,1393,500,1400,DISABLED,DISABLED,1379,500,1400,DISABLED,DISABLED,1382,500,1400,DISABLED,DISABLED,1462,900,1500,N/A,DISABLED,51,914,1680,N/A,ENABLED,51,914,1680,N/A,ENABLED,51,914,1680,N/A,ENABLED,51,914,1680,N/A,ENABLED,42,711,1400,N/A,ENABLED,42,711,1400,N/A,ENABLED,42,711,1400,N/A,ENABLED,42,711,1400,N/A,ENABLED,N/A,49,55
1744669321,0,602,N/A,N/A,N/A,N/A,ENABLED,1398,500,1400,DISABLED,DISABLED,1379,500,1400,DISABLED,DISABLED,1403,500,1400,DISABLED,DISABLED,1394,500,1400,DISABLED,DISABLED,1397,500,1400,DISABLED,DISABLED,1394,500,1400,DISABLED,DISABLED,1379,500,1400,DISABLED,DISABLED,1383,500,1400,DISABLED,DISABLED,1463,900,1500,N/A,DISABLED,51,914,1680,N/A,ENABLED,51,914,1680,N/A,ENABLED,51,914,1680,N/A,ENABLED,51,914,1680,N/A,ENABLED,42,711,1400,N/A,ENABLED,42,711,1400,N/A,ENABLED,42,711,1400,N/A,ENABLED,42,711,1400,N/A,ENABLED,N/A,49,54
1744669322,0,601,N/A,N/A,N/A,N/A,ENABLED,1397,500,1400,DISABLED,DISABLED,1378,500,1400,DISABLED,DISABLED,1402,500,1400,DISABLED,DISABLED,1395,500,1400,DISABLED,DISABLED,1397,500,1400,DISABLED,DISABLED,1393,500,1400,DISABLED,DISABLED,1379,500,1400,DISABLED,DISABLED,1383,500,1400,DISABLED,DISABLED,1463,900,1500,N/A,DISABLED,51,914,1680,N/A,ENABLED,50,914,1680,N/A,ENABLED,50,914,1680,N/A,ENABLED,51,914,1680,N/A,ENABLED,42,711,1400,N/A,ENABLED,42,711,1400,N/A,ENABLED,42,711,1400,N/A,ENABLED,42,711,1400,N/A,ENABLED,N/A,49,53
1744669323,0,604,N/A,N/A,N/A,N/A,ENABLED,1397,500,1400,DISABLED,DISABLED,1378,500,1400,DISABLED,DISABLED,1402,500,1400,DISABLED,DISABLED,1394,500,1400,DISABLED,DISABLED,1398,500,1400,DISABLED,DISABLED,1392,500,1400,DISABLED,DISABLED,1378,500,1400,DISABLED,DISABLED,1382,500,1400,DISABLED,DISABLED,1460,900,1500,N/A,DISABLED,50,914,1680,N/A,ENABLED,50,914,1680,N/A,ENABLED,50,914,1680,N/A,ENABLED,50,914,1680,N/A,ENABLED,42,711,1400,N/A,ENABLED,42,711,1400,N/A,ENABLED,42,711,1400,N/A,ENABLED,42,711,1400,N/A,ENABLED,N/A,49,54
1744669324,0,604,N/A,N/A,N/A,N/A,ENABLED,1397,500,1400,DISABLED,DISABLED,1379,500,1400,DISABLED,DISABLED,1402,500,1400,DISABLED,DISABLED,1395,500,1400,DISABLED,DISABLED,1397,500,1400,DISABLED,DISABLED,1394,500,1400,DISABLED,DISABLED,1379,500,1400,DISABLED,DISABLED,1382,500,1400,DISABLED,DISABLED,1462,900,1500,N/A,DISABLED,50,914,1680,N/A,ENABLED,50,914,1680,N/A,ENABLED,50,914,1680,N/A,ENABLED,50,914,1680,N/A,ENABLED,42,711,1400,N/A,ENABLED,42,711,1400,N/A,ENABLED,42,711,1400,N/A,ENABLED,42,711,1400,N/A,ENABLED,N/A,49,54
1744669325,0,608,N/A,N/A,N/A,N/A,ENABLED,1397,500,1400,DISABLED,DISABLED,1379,500,1400,DISABLED,DISABLED,1402,500,1400,DISABLED,DISABLED,1394,500,1400,DISABLED,DISABLED,1396,500,1400,DISABLED,DISABLED,1394,500,1400,DISABLED,DISABLED,1378,500,1400,DISABLED,DISABLED,1381,500,1400,DISABLED,DISABLED,1460,900,1500,N/A,DISABLED,50,914,1680,N/A,ENABLED,50,914,1680,N/A,ENABLED,50,914,1680,N/A,ENABLED,50,914,1680,N/A,ENABLED,42,711,1400,N/A,ENABLED,42,711,1400,N/A,ENABLED,42,711,1400,N/A,ENABLED,42,711,1400,N/A,ENABLED,N/A,49,54
1744669326,0,600,N/A,N/A,N/A,N/A,ENABLED,1398,500,1400,DISABLED,DISABLED,1380,500,1400,DISABLED,DISABLED,1402,500,1400,DISABLED,DISABLED,1394,500,1400,DISABLED,DISABLED,1397,500,1400,DISABLED,DISABLED,1394,500,1400,DISABLED,DISABLED,1377,500,1400,DISABLED,DISABLED,1383,500,1400,DISABLED,DISABLED,1463,900,1500,N/A,DISABLED,51,914,1680,N/A,ENABLED,51,914,1680,N/A,ENABLED,51,914,1680,N/A,ENABLED,51,914,1680,N/A,ENABLED,42,711,1400,N/A,ENABLED,42,711,1400,N/A,ENABLED,42,711,1400,N/A,ENABLED,42,711,1400,N/A,ENABLED,N/A,49,54
1744669328,0,607,N/A,N/A,N/A,N/A,ENABLED,1399,500,1400,DISABLED,DISABLED,1380,500,1400,DISABLED,DISABLED,1402,500,1400,DISABLED,DISABLED,1395,500,1400,DISABLED,DISABLED,1398,500,1400,DISABLED,DISABLED,1393,500,1400,DISABLED,DISABLED,1378,500,1400,DISABLED,DISABLED,1382,500,1400,DISABLED,DISABLED,1464,900,1500,N/A,DISABLED,51,914,1680,N/A,ENABLED,51,914,1680,N/A,ENABLED,51,914,1680,N/A,ENABLED,51,914,1680,N/A,ENABLED,42,711,1400,N/A,ENABLED,42,711,1400,N/A,ENABLED,42,711,1400,N/A,ENABLED,42,711,1400,N/A,ENABLED,N/A,49,54
1744669329,0,602,N/A,N/A,N/A,N/A,ENABLED,1397,500,1400,DISABLED,DISABLED,1379,500,1400,DISABLED,DISABLED,1402,500,1400,DISABLED,DISABLED,1394,500,1400,DISABLED,DISABLED,1397,500,1400,DISABLED,DISABLED,1393,500,1400,DISABLED,DISABLED,1378,500,1400,DISABLED,DISABLED,1382,500,1400,DISABLED,DISABLED,1461,900,1500,N/A,DISABLED,50,914,1680,N/A,ENABLED,50,914,1680,N/A,ENABLED,50,914,1680,N/A,ENABLED,50,914,1680,N/A,ENABLED,42,711,1400,N/A,ENABLED,42,711,1400,N/A,ENABLED,42,711,1400,N/A,ENABLED,42,711,1400,N/A,ENABLED,N/A,49,54
1744669330,0,606,N/A,N/A,N/A,N/A,ENABLED,1398,500,1400,DISABLED,DISABLED,1378,500,1400,DISABLED,DISABLED,1402,500,1400,DISABLED,DISABLED,1394,500,1400,DISABLED,DISABLED,1398,500,1400,DISABLED,DISABLED,1394,500,1400,DISABLED,DISABLED,1377,500,1400,DISABLED,DISABLED,1382,500,1400,DISABLED,DISABLED,1468,900,1500,N/A,DISABLED,51,914,1680,N/A,ENABLED,51,914,1680,N/A,ENABLED,51,914,1680,N/A,ENABLED,51,914,1680,N/A,ENABLED,43,711,1400,N/A,ENABLED,43,711,1400,N/A,ENABLED,43,711,1400,N/A,ENABLED,43,711,1400,N/A,ENABLED,N/A,49,54
1744669331,0,612,N/A,N/A,N/A,N/A,ENABLED,1397,500,1400,DISABLED,DISABLED,1379,500,1400,DISABLED,DISABLED,1402,500,1400,DISABLED,DISABLED,1394,500,1400,DISABLED,DISABLED,1397,500,1400,DISABLED,DISABLED,1394,500,1400,DISABLED,DISABLED,1378,500,1400,DISABLED,DISABLED,1381,500,1400,DISABLED,DISABLED,1465,900,1500,N/A,DISABLED,51,914,1680,N/A,ENABLED,51,914,1680,N/A,ENABLED,51,914,1680,N/A,ENABLED,51,914,1680,N/A,ENABLED,42,711,1400,N/A,ENABLED,42,711,1400,N/A,ENABLED,42,711,1400,N/A,ENABLED,42,711,1400,N/A,ENABLED,N/A,49,54
1744669332,0,601,N/A,N/A,N/A,N/A,ENABLED,1398,500,1400,DISABLED,DISABLED,1379,500,1400,DISABLED,DISABLED,1402,500,1400,DISABLED,DISABLED,1396,500,1400,DISABLED,DISABLED,1398,500,1400,DISABLED,DISABLED,1394,500,1400,DISABLED,DISABLED,1380,500,1400,DISABLED,DISABLED,1383,500,1400,DISABLED,DISABLED,1461,900,1500,N/A,DISABLED,50,914,1680,N/A,ENABLED,50,914,1680,N/A,ENABLED,50,914,1680,N/A,ENABLED,50,914,1680,N/A,ENABLED,42,711,1400,N/A,ENABLED,42,711,1400,N/A,ENABLED,42,711,1400,N/A,ENABLED,42,711,1400,N/A,ENABLED,N/A,49,55
1744669333,0,607,N/A,N/A,N/A,N/A,ENABLED,1398,500,1400,DISABLED,DISABLED,1379,500,1400,DISABLED,DISABLED,1402,500,1400,DISABLED,DISABLED,1395,500,1400,DISABLED,DISABLED,1398,500,1400,DISABLED,DISABLED,1393,500,1400,DISABLED,DISABLED,1378,500,1400,DISABLED,DISABLED,1383,500,1400,DISABLED,DISABLED,1453,900,1500,N/A,DISABLED,50,914,1680,N/A,ENABLED,50,914,1680,N/A,ENABLED,50,914,1680,N/A,ENABLED,50,914,1680,N/A,ENABLED,42,711,1400,N/A,ENABLED,42,711,1400,N/A,ENABLED,42,711,1400,N/A,ENABLED,42,711,1400,N/A,ENABLED,N/A,49,54
1744669335,0,601,N/A,N/A,N/A,N/A,ENABLED,1398,500,1400,DISABLED,DISABLED,1378,500,1400,DISABLED,DISABLED,1402,500,1400,DISABLED,DISABLED,1395,500,1400,DISABLED,DISABLED,1397,500,1400,DISABLED,DISABLED,1393,500,1400,DISABLED,DISABLED,1380,500,1400,DISABLED,DISABLED,1383,500,1400,DISABLED,DISABLED,1453,900,1500,N/A,DISABLED,50,914,1680,N/A,ENABLED,50,914,1680,N/A,ENABLED,50,914,1680,N/A,ENABLED,50,914,1680,N/A,ENABLED,42,711,1400,N/A,ENABLED,42,711,1400,N/A,ENABLED,42,711,1400,N/A,ENABLED,42,711,1400,N/A,ENABLED,N/A,49,54
1744669336,0,600,N/A,N/A,N/A,N/A,ENABLED,1397,500,1400,DISABLED,DISABLED,1378,500,1400,DISABLED,DISABLED,1402,500,1400,DISABLED,DISABLED,1396,500,1400,DISABLED,DISABLED,1397,500,1400,DISABLED,DISABLED,1393,500,1400,DISABLED,DISABLED,1379,500,1400,DISABLED,DISABLED,1383,500,1400,DISABLED,DISABLED,1452,900,1500,N/A,DISABLED,50,914,1680,N/A,ENABLED,50,914,1680,N/A,ENABLED,50,914,1680,N/A,ENABLED,50,914,1680,N/A,ENABLED,42,711,1400,N/A,ENABLED,42,711,1400,N/A,ENABLED,42,711,1400,N/A,ENABLED,42,711,1400,N/A,ENABLED,N/A,49,54
1744669337,0,611,N/A,N/A,N/A,N/A,ENABLED,1397,500,1400,DISABLED,DISABLED,1378,500,1400,DISABLED,DISABLED,1402,500,1400,DISABLED,DISABLED,1394,500,1400,DISABLED,DISABLED,1398,500,1400,DISABLED,DISABLED,1393,500,1400,DISABLED,DISABLED,1378,500,1400,DISABLED,DISABLED,1382,500,1400,DISABLED,DISABLED,1458,900,1500,N/A,DISABLED,50,914,1680,N/A,ENABLED,50,914,1680,N/A,ENABLED,50,914,1680,N/A,ENABLED,50,914,1680,N/A,ENABLED,42,711,1400,N/A,ENABLED,42,711,1400,N/A,ENABLED,42,711,1400,N/A,ENABLED,42,711,1400,N/A,ENABLED,N/A,49,54
1744669338,0,601,N/A,N/A,N/A,N/A,ENABLED,1398,500,1400,DISABLED,DISABLED,1380,500,1400,DISABLED,DISABLED,1402,500,1400,DISABLED,DISABLED,1395,500,1400,DISABLED,DISABLED,1397,500,1400,DISABLED,DISABLED,1394,500,1400,DISABLED,DISABLED,1378,500,1400,DISABLED,DISABLED,1381,500,1400,DISABLED,DISABLED,1453,900,1500,N/A,DISABLED,50,914,1680,N/A,ENABLED,50,914,1680,N/A,ENABLED,50,914,1680,N/A,ENABLED,50,914,1680,N/A,ENABLED,42,711,1400,N/A,ENABLED,42,711,1400,N/A,ENABLED,42,711,1400,N/A,ENABLED,42,711,1400,N/A,ENABLED,N/A,49,54
1744669339,0,602,N/A,N/A,N/A,N/A,ENABLED,1398,500,1400,DISABLED,DISABLED,1379,500,1400,DISABLED,DISABLED,1402,500,1400,DISABLED,DISABLED,1395,500,1400,DISABLED,DISABLED,1399,500,1400,DISABLED,DISABLED,1394,500,1400,DISABLED,DISABLED,1378,500,1400,DISABLED,DISABLED,1382,500,1400,DISABLED,DISABLED,1455,900,1500,N/A,DISABLED,50,914,1680,N/A,ENABLED,50,914,1680,N/A,ENABLED,50,914,1680,N/A,ENABLED,50,914,1680,N/A,ENABLED,42,711,1400,N/A,ENABLED,42,711,1400,N/A,ENABLED,42,711,1400,N/A,ENABLED,42,711,1400,N/A,ENABLED,N/A,49,55
1744669341,0,609,N/A,N/A,N/A,N/A,ENABLED,1398,500,1400,DISABLED,DISABLED,1378,500,1400,DISABLED,DISABLED,1402,500,1400,DISABLED,DISABLED,1396,500,1400,DISABLED,DISABLED,1399,500,1400,DISABLED,DISABLED,1394,500,1400,DISABLED,DISABLED,1378,500,1400,DISABLED,DISABLED,1381,500,1400,DISABLED,DISABLED,1462,900,1500,N/A,DISABLED,50,914,1680,N/A,ENABLED,50,914,1680,N/A,ENABLED,50,914,1680,N/A,ENABLED,50,914,1680,N/A,ENABLED,42,711,1400,N/A,ENABLED,42,711,1400,N/A,ENABLED,42,711,1400,N/A,ENABLED,42,711,1400,N/A,ENABLED,N/A,49,54
1744669342,0,612,N/A,N/A,N/A,N/A,ENABLED,1397,500,1400,DISABLED,DISABLED,1378,500,1400,DISABLED,DISABLED,1403,500,1400,DISABLED,DISABLED,1395,500,1400,DISABLED,DISABLED,1398,500,1400,DISABLED,DISABLED,1393,500,1400,DISABLED,DISABLED,1378,500,1400,DISABLED,DISABLED,1382,500,1400,DISABLED,DISABLED,1466,900,1500,N/A,DISABLED,51,914,1680,N/A,ENABLED,51,914,1680,N/A,ENABLED,51,914,1680,N/A,ENABLED,51,914,1680,N/A,ENABLED,42,711,1400,N/A,ENABLED,42,711,1400,N/A,ENABLED,42,711,1400,N/A,ENABLED,42,711,1400,N/A,ENABLED,N/A,49,54
1744669343,0,605,N/A,N/A,N/A,N/A,ENABLED,1398,500,1400,DISABLED,DISABLED,1379,500,1400,DISABLED,DISABLED,1402,500,1400,DISABLED,DISABLED,1395,500,1400,DISABLED,DISABLED,1398,500,1400,DISABLED,DISABLED,1394,500,1400,DISABLED,DISABLED,1379,500,1400,DISABLED,DISABLED,1382,500,1400,DISABLED,DISABLED,1464,900,1500,N/A,DISABLED,51,914,1680,N/A,ENABLED,51,914,1680,N/A,ENABLED,51,914,1680,N/A,ENABLED,51,914,1680,N/A,ENABLED,42,711,1400,N/A,ENABLED,42,711,1400,N/A,ENABLED,42,711,1400,N/A,ENABLED,42,711,1400,N/A,ENABLED,N/A,49,54
1744669344,0,600,N/A,N/A,N/A,N/A,ENABLED,1397,500,1400,DISABLED,DISABLED,1379,500,1400,DISABLED,DISABLED,1402,500,1400,DISABLED,DISABLED,1395,500,1400,DISABLED,DISABLED,1399,500,1400,DISABLED,DISABLED,1394,500,1400,DISABLED,DISABLED,1379,500,1400,DISABLED,DISABLED,1382,500,1400,DISABLED,DISABLED,1454,900,1500,N/A,DISABLED,50,914,1680,N/A,ENABLED,50,914,1680,N/A,ENABLED,50,914,1680,N/A,ENABLED,50,914,1680,N/A,ENABLED,42,711,1400,N/A,ENABLED,42,711,1400,N/A,ENABLED,42,711,1400,N/A,ENABLED,42,711,1400,N/A,ENABLED,N/A,49,55
1744669345,0,610,N/A,N/A,N/A,N/A,ENABLED,1398,500,1400,DISABLED,DISABLED,1379,500,1400,DISABLED,DISABLED,1402,500,1400,DISABLED,DISABLED,1395,500,1400,DISABLED,DISABLED,1399,500,1400,DISABLED,DISABLED,1394,500,1400,DISABLED,DISABLED,1379,500,1400,DISABLED,DISABLED,1382,500,1400,DISABLED,DISABLED,1468,900,1500,N/A,DISABLED,51,914,1680,N/A,ENABLED,51,914,1680,N/A,ENABLED,51,914,1680,N/A,ENABLED,51,914,1680,N/A,ENABLED,43,711,1400,N/A,ENABLED,43,711,1400,N/A,ENABLED,43,711,1400,N/A,ENABLED,43,711,1400,N/A,ENABLED,N/A,49,54
1744669346,0,609,N/A,N/A,N/A,N/A,ENABLED,1398,500,1400,DISABLED,DISABLED,1379,500,1400,DISABLED,DISABLED,1402,500,1400,DISABLED,DISABLED,1394,500,1400,DISABLED,DISABLED,1397,500,1400,DISABLED,DISABLED,1394,500,1400,DISABLED,DISABLED,1377,500,1400,DISABLED,DISABLED,1382,500,1400,DISABLED,DISABLED,1453,900,1500,N/A,DISABLED,50,914,1680,N/A,ENABLED,51,914,1680,N/A,ENABLED,51,914,1680,N/A,ENABLED,50,914,1680,N/A,ENABLED,42,711,1400,N/A,ENABLED,42,711,1400,N/A,ENABLED,42,711,1400,N/A,ENABLED,42,711,1400,N/A,ENABLED,N/A,49,55
1744669348,0,603,N/A,N/A,N/A,N/A,ENABLED,1398,500,1400,DISABLED,DISABLED,1379,500,1400,DISABLED,DISABLED,1402,500,1400,DISABLED,DISABLED,1395,500,1400,DISABLED,DISABLED,1397,500,1400,DISABLED,DISABLED,1394,500,1400,DISABLED,DISABLED,1379,500,1400,DISABLED,DISABLED,1382,500,1400,DISABLED,DISABLED,1467,900,1500,N/A,DISABLED,51,914,1680,N/A,ENABLED,51,914,1680,N/A,ENABLED,51,914,1680,N/A,ENABLED,51,914,1680,N/A,ENABLED,42,711,1400,N/A,ENABLED,42,711,1400,N/A,ENABLED,42,711,1400,N/A,ENABLED,42,711,1400,N/A,ENABLED,N/A,49,54
1744669349,0,607,N/A,N/A,N/A,N/A,ENABLED,1398,500,1400,DISABLED,DISABLED,1379,500,1400,DISABLED,DISABLED,1402,500,1400,DISABLED,DISABLED,1395,500,1400,DISABLED,DISABLED,1397,500,1400,DISABLED,DISABLED,1393,500,1400,DISABLED,DISABLED,1379,500,1400,DISABLED,DISABLED,1383,500,1400,DISABLED,DISABLED,1471,900,1500,N/A,DISABLED,51,914,1680,N/A,ENABLED,51,914,1680,N/A,ENABLED,51,914,1680,N/A,ENABLED,51,914,1680,N/A,ENABLED,43,711,1400,N/A,ENABLED,43,711,1400,N/A,ENABLED,43,711,1400,N/A,ENABLED,43,711,1400,N/A,ENABLED,N/A,49,54
1744669350,0,604,N/A,N/A,N/A,N/A,ENABLED,1398,500,1400,DISABLED,DISABLED,1379,500,1400,DISABLED,DISABLED,1403,500,1400,DISABLED,DISABLED,1395,500,1400,DISABLED,DISABLED,1398,500,1400,DISABLED,DISABLED,1394,500,1400,DISABLED,DISABLED,1378,500,1400,DISABLED,DISABLED,1382,500,1400,DISABLED,DISABLED,1462,900,1500,N/A,DISABLED,50,914,1680,N/A,ENABLED,50,914,1680,N/A,ENABLED,50,914,1680,N/A,ENABLED,50,914,1680,N/A,ENABLED,42,711,1400,N/A,ENABLED,42,711,1400,N/A,ENABLED,42,711,1400,N/A,ENABLED,42,711,1400,N/A,ENABLED,N/A,49,54
1744669351,0,605,N/A,N/A,N/A,N/A,ENABLED,1398,500,1400,DISABLED,DISABLED,1379,500,1400,DISABLED,DISABLED,1402,500,1400,DISABLED,DISABLED,1395,500,1400,DISABLED,DISABLED,1398,500,1400,DISABLED,DISABLED,1394,500,1400,DISABLED,DISABLED,1379,500,1400,DISABLED,DISABLED,1383,500,1400,DISABLED,DISABLED,1461,900,1500,N/A,DISABLED,50,914,1680,N/A,ENABLED,50,914,1680,N/A,ENABLED,50,914,1680,N/A,ENABLED,50,914,1680,N/A,ENABLED,42,711,1400,N/A,ENABLED,42,711,1400,N/A,ENABLED,42,711,1400,N/A,ENABLED,42,711,1400,N/A,ENABLED,N/A,49,53
1744669352,0,608,N/A,N/A,N/A,N/A,ENABLED,1399,500,1400,DISABLED,DISABLED,1380,500,1400,DISABLED,DISABLED,1402,500,1400,DISABLED,DISABLED,1394,500,1400,DISABLED,DISABLED,1397,500,1400,DISABLED,DISABLED,1394,500,1400,DISABLED,DISABLED,1379,500,1400,DISABLED,DISABLED,1382,500,1400,DISABLED,DISABLED,1467,900,1500,N/A,DISABLED,51,914,1680,N/A,ENABLED,51,914,1680,N/A,ENABLED,51,914,1680,N/A,ENABLED,51,914,1680,N/A,ENABLED,42,711,1400,N/A,ENABLED,42,711,1400,N/A,ENABLED,42,711,1400,N/A,ENABLED,42,711,1400,N/A,ENABLED,N/A,49,55
1744669353,0,611,N/A,N/A,N/A,N/A,ENABLED,1398,500,1400,DISABLED,DISABLED,1380,500,1400,DISABLED,DISABLED,1402,500,1400,DISABLED,DISABLED,1395,500,1400,DISABLED,DISABLED,1397,500,1400,DISABLED,DISABLED,1393,500,1400,DISABLED,DISABLED,1379,500,1400,DISABLED,DISABLED,1383,500,1400,DISABLED,DISABLED,1467,900,1500,N/A,DISABLED,51,914,1680,N/A,ENABLED,51,914,1680,N/A,ENABLED,51,914,1680,N/A,ENABLED,51,914,1680,N/A,ENABLED,42,711,1400,N/A,ENABLED,42,711,1400,N/A,ENABLED,42,711,1400,N/A,ENABLED,42,711,1400,N/A,ENABLED,N/A,49,54
1744669355,0,609,N/A,N/A,N/A,N/A,ENABLED,1398,500,1400,DISABLED,DISABLED,1379,500,1400,DISABLED,DISABLED,1402,500,1400,DISABLED,DISABLED,1395,500,1400,DISABLED,DISABLED,1397,500,1400,DISABLED,DISABLED,1393,500,1400,DISABLED,DISABLED,1378,500,1400,DISABLED,DISABLED,1382,500,1400,DISABLED,DISABLED,1461,900,1500,N/A,DISABLED,50,914,1680,N/A,ENABLED,50,914,1680,N/A,ENABLED,50,914,1680,N/A,ENABLED,50,914,1680,N/A,ENABLED,42,711,1400,N/A,ENABLED,42,711,1400,N/A,ENABLED,42,711,1400,N/A,ENABLED,42,711,1400,N/A,ENABLED,N/A,49,55
1744669356,0,610,N/A,N/A,N/A,N/A,ENABLED,1398,500,1400,DISABLED,DISABLED,1378,500,1400,DISABLED,DISABLED,1402,500,1400,DISABLED,DISABLED,1394,500,1400,DISABLED,DISABLED,1397,500,1400,DISABLED,DISABLED,1394,500,1400,DISABLED,DISABLED,1379,500,1400,DISABLED,DISABLED,1383,500,1400,DISABLED,DISABLED,1469,900,1500,N/A,DISABLED,51,914,1680,N/A,ENABLED,51,914,1680,N/A,ENABLED,51,914,1680,N/A,ENABLED,51,914,1680,N/A,ENABLED,43,711,1400,N/A,ENABLED,43,711,1400,N/A,ENABLED,43,711,1400,N/A,ENABLED,43,711,1400,N/A,ENABLED,N/A,49,55
1744669357,0,600,N/A,N/A,N/A,N/A,ENABLED,1398,500,1400,DISABLED,DISABLED,1378,500,1400,DISABLED,DISABLED,1402,500,1400,DISABLED,DISABLED,1395,500,1400,DISABLED,DISABLED,1397,500,1400,DISABLED,DISABLED,1395,500,1400,DISABLED,DISABLED,1378,500,1400,DISABLED,DISABLED,1382,500,1400,DISABLED,DISABLED,1459,900,1500,N/A,DISABLED,50,914,1680,N/A,ENABLED,50,914,1680,N/A,ENABLED,50,914,1680,N/A,ENABLED,50,914,1680,N/A,ENABLED,42,711,1400,N/A,ENABLED,42,711,1400,N/A,ENABLED,42,711,1400,N/A,ENABLED,42,711,1400,N/A,ENABLED,N/A,49,54
1744669358,0,601,N/A,N/A,N/A,N/A,ENABLED,1399,500,1400,DISABLED,DISABLED,1379,500,1400,DISABLED,DISABLED,1402,500,1400,DISABLED,DISABLED,1395,500,1400,DISABLED,DISABLED,1397,500,1400,DISABLED,DISABLED,1395,500,1400,DISABLED,DISABLED,1379,500,1400,DISABLED,DISABLED,1382,500,1400,DISABLED,DISABLED,1451,900,1500,N/A,DISABLED,50,914,1680,N/A,ENABLED,50,914,1680,N/A,ENABLED,50,914,1680,N/A,ENABLED,50,914,1680,N/A,ENABLED,42,711,1400,N/A,ENABLED,42,711,1400,N/A,ENABLED,42,711,1400,N/A,ENABLED,42,711,1400,N/A,ENABLED,N/A,49,54
1744669359,0,618,N/A,N/A,N/A,N/A,ENABLED,1399,500,1400,DISABLED,DISABLED,1378,500,1400,DISABLED,DISABLED,1403,500,1400,DISABLED,DISABLED,1395,500,1400,DISABLED,DISABLED,1397,500,1400,DISABLED,DISABLED,1394,500,1400,DISABLED,DISABLED,1378,500,1400,DISABLED,DISABLED,1381,500,1400,DISABLED,DISABLED,1477,900,1500,N/A,DISABLED,51,914,1680,N/A,ENABLED,51,914,1680,N/A,ENABLED,51,914,1680,N/A,ENABLED,51,914,1680,N/A,ENABLED,43,711,1400,N/A,ENABLED,43,711,1400,N/A,ENABLED,43,711,1400,N/A,ENABLED,43,711,1400,N/A,ENABLED,N/A,49,55
1744669361,0,598,N/A,N/A,N/A,N/A,ENABLED,1398,500,1400,DISABLED,DISABLED,1378,500,1400,DISABLED,DISABLED,1402,500,1400,DISABLED,DISABLED,1395,500,1400,DISABLED,DISABLED,1397,500,1400,DISABLED,DISABLED,1394,500,1400,DISABLED,DISABLED,1377,500,1400,DISABLED,DISABLED,1382,500,1400,DISABLED,DISABLED,1455,900,1500,N/A,DISABLED,50,914,1680,N/A,ENABLED,50,914,1680,N/A,ENABLED,50,914,1680,N/A,ENABLED,50,914,1680,N/A,ENABLED,42,711,1400,N/A,ENABLED,42,711,1400,N/A,ENABLED,42,711,1400,N/A,ENABLED,42,711,1400,N/A,ENABLED,N/A,49,54
1744669362,0,609,N/A,N/A,N/A,N/A,ENABLED,1398,500,1400,DISABLED,DISABLED,1379,500,1400,DISABLED,DISABLED,1402,500,1400,DISABLED,DISABLED,1395,500,1400,DISABLED,DISABLED,1397,500,1400,DISABLED,DISABLED,1394,500,1400,DISABLED,DISABLED,1377,500,1400,DISABLED,DISABLED,1381,500,1400,DISABLED,DISABLED,1457,900,1500,N/A,DISABLED,50,914,1680,N/A,ENABLED,50,914,1680,N/A,ENABLED,50,914,1680,N/A,ENABLED,50,914,1680,N/A,ENABLED,42,711,1400,N/A,ENABLED,42,711,1400,N/A,ENABLED,42,711,1400,N/A,ENABLED,42,711,1400,N/A,ENABLED,N/A,49,54
1744669363,0,607,N/A,N/A,N/A,N/A,ENABLED,1399,500,1400,DISABLED,DISABLED,1379,500,1400,DISABLED,DISABLED,1403,500,1400,DISABLED,DISABLED,1395,500,1400,DISABLED,DISABLED,1397,500,1400,DISABLED,DISABLED,1394,500,1400,DISABLED,DISABLED,1379,500,1400,DISABLED,DISABLED,1382,500,1400,DISABLED,DISABLED,1466,900,1500,N/A,DISABLED,51,914,1680,N/A,ENABLED,51,914,1680,N/A,ENABLED,51,914,1680,N/A,ENABLED,51,914,1680,N/A,ENABLED,42,711,1400,N/A,ENABLED,42,711,1400,N/A,ENABLED,42,711,1400,N/A,ENABLED,42,711,1400,N/A,ENABLED,N/A,49,53
1744669364,0,605,N/A,N/A,N/A,N/A,ENABLED,1399,500,1400,DISABLED,DISABLED,1379,500,1400,DISABLED,DISABLED,1403,500,1400,DISABLED,DISABLED,1394,500,1400,DISABLED,DISABLED,1396,500,1400,DISABLED,DISABLED,1394,500,1400,DISABLED,DISABLED,1378,500,1400,DISABLED,DISABLED,1383,500,1400,DISABLED,DISABLED,1460,900,1500,N/A,DISABLED,50,914,1680,N/A,ENABLED,50,914,1680,N/A,ENABLED,50,914,1680,N/A,ENABLED,50,914,1680,N/A,ENABLED,42,711,1400,N/A,ENABLED,42,711,1400,N/A,ENABLED,42,711,1400,N/A,ENABLED,42,711,1400,N/A,ENABLED,N/A,49,54
1744669365,0,612,N/A,N/A,N/A,N/A,ENABLED,1398,500,1400,DISABLED,DISABLED,1380,500,1400,DISABLED,DISABLED,1403,500,1400,DISABLED,DISABLED,1394,500,1400,DISABLED,DISABLED,1396,500,1400,DISABLED,DISABLED,1394,500,1400,DISABLED,DISABLED,1379,500,1400,DISABLED,DISABLED,1382,500,1400,DISABLED,DISABLED,1471,900,1500,N/A,DISABLED,51,914,1680,N/A,ENABLED,51,914,1680,N/A,ENABLED,51,914,1680,N/A,ENABLED,51,914,1680,N/A,ENABLED,43,711,1400,N/A,ENABLED,43,711,1400,N/A,ENABLED,43,711,1400,N/A,ENABLED,43,711,1400,N/A,ENABLED,N/A,49,54
1744669366,0,612,N/A,N/A,N/A,N/A,ENABLED,1398,500,1400,DISABLED,DISABLED,1379,500,1400,DISABLED,DISABLED,1402,500,1400,DISABLED,DISABLED,1395,500,1400,DISABLED,DISABLED,1397,500,1400,DISABLED,DISABLED,1394,500,1400,DISABLED,DISABLED,1379,500,1400,DISABLED,DISABLED,1382,500,1400,DISABLED,DISABLED,1462,900,1500,N/A,DISABLED,50,914,1680,N/A,ENABLED,50,914,1680,N/A,ENABLED,50,914,1680,N/A,ENABLED,50,914,1680,N/A,ENABLED,42,711,1400,N/A,ENABLED,42,711,1400,N/A,ENABLED,42,711,1400,N/A,ENABLED,42,711,1400,N/A,ENABLED,N/A,49,54
1744669368,0,609,N/A,N/A,N/A,N/A,ENABLED,1397,500,1400,DISABLED,DISABLED,1380,500,1400,DISABLED,DISABLED,1403,500,1400,DISABLED,DISABLED,1394,500,1400,DISABLED,DISABLED,1396,500,1400,DISABLED,DISABLED,1394,500,1400,DISABLED,DISABLED,1379,500,1400,DISABLED,DISABLED,1381,500,1400,DISABLED,DISABLED,1470,900,1500,N/A,DISABLED,51,914,1680,N/A,ENABLED,51,914,1680,N/A,ENABLED,51,914,1680,N/A,ENABLED,51,914,1680,N/A,ENABLED,43,711,1400,N/A,ENABLED,43,711,1400,N/A,ENABLED,43,711,1400,N/A,ENABLED,43,711,1400,N/A,ENABLED,N/A,49,54
1744669369,0,607,N/A,N/A,N/A,N/A,ENABLED,1397,500,1400,DISABLED,DISABLED,1380,500,1400,DISABLED,DISABLED,1402,500,1400,DISABLED,DISABLED,1394,500,1400,DISABLED,DISABLED,1397,500,1400,DISABLED,DISABLED,1395,500,1400,DISABLED,DISABLED,1380,500,1400,DISABLED,DISABLED,1383,500,1400,DISABLED,DISABLED,1475,900,1500,N/A,DISABLED,51,914,1680,N/A,ENABLED,51,914,1680,N/A,ENABLED,51,914,1680,N/A,ENABLED,51,914,1680,N/A,ENABLED,43,711,1400,N/A,ENABLED,43,711,1400,N/A,ENABLED,43,711,1400,N/A,ENABLED,43,711,1400,N/A,ENABLED,N/A,49,54
1744669370,0,606,N/A,N/A,N/A,N/A,ENABLED,1397,500,1400,DISABLED,DISABLED,1379,500,1400,DISABLED,DISABLED,1402,500,1400,DISABLED,DISABLED,1395,500,1400,DISABLED,DISABLED,1398,500,1400,DISABLED,DISABLED,1395,500,1400,DISABLED,DISABLED,1378,500,1400,DISABLED,DISABLED,1382,500,1400,DISABLED,DISABLED,1459,900,1500,N/A,DISABLED,50,914,1680,N/A,ENABLED,50,914,1680,N/A,ENABLED,50,914,1680,N/A,ENABLED,50,914,1680,N/A,ENABLED,42,711,1400,N/A,ENABLED,42,711,1400,N/A,ENABLED,42,711,1400,N/A,ENABLED,42,711,1400,N/A,ENABLED,N/A,49,55
1744669371,0,602,N/A,N/A,N/A,N/A,ENABLED,1397,500,1400,DISABLED,DISABLED,1379,500,1400,DISABLED,DISABLED,1403,500,1400,DISABLED,DISABLED,1395,500,1400,DISABLED,DISABLED,1397,500,1400,DISABLED,DISABLED,1395,500,1400,DISABLED,DISABLED,1380,500,1400,DISABLED,DISABLED,1383,500,1400,DISABLED,DISABLED,1466,900,1500,N/A,DISABLED,51,914,1680,N/A,ENABLED,51,914,1680,N/A,ENABLED,51,914,1680,N/A,ENABLED,51,914,1680,N/A,ENABLED,42,711,1400,N/A,ENABLED,42,711,1400,N/A,ENABLED,42,711,1400,N/A,ENABLED,42,711,1400,N/A,ENABLED,N/A,49,55
1744669372,0,610,N/A,N/A,N/A,N/A,ENABLED,1397,500,1400,DISABLED,DISABLED,1379,500,1400,DISABLED,DISABLED,1402,500,1400,DISABLED,DISABLED,1395,500,1400,DISABLED,DISABLED,1397,500,1400,DISABLED,DISABLED,1394,500,1400,DISABLED,DISABLED,1380,500,1400,DISABLED,DISABLED,1383,500,1400,DISABLED,DISABLED,1470,900,1500,N/A,DISABLED,51,914,1680,N/A,ENABLED,51,914,1680,N/A,ENABLED,51,914,1680,N/A,ENABLED,51,914,1680,N/A,ENABLED,43,711,1400,N/A,ENABLED,43,711,1400,N/A,ENABLED,43,711,1400,N/A,ENABLED,43,711,1400,N/A,ENABLED,N/A,49,54
1744669373,0,607,N/A,N/A,N/A,N/A,ENABLED,1397,500,1400,DISABLED,DISABLED,1378,500,1400,DISABLED,DISABLED,1402,500,1400,DISABLED,DISABLED,1394,500,1400,DISABLED,DISABLED,1397,500,1400,DISABLED,DISABLED,1394,500,1400,DISABLED,DISABLED,1379,500,1400,DISABLED,DISABLED,1382,500,1400,DISABLED,DISABLED,1459,900,1500,N/A,DISABLED,50,914,1680,N/A,ENABLED,50,914,1680,N/A,ENABLED,50,914,1680,N/A,ENABLED,50,914,1680,N/A,ENABLED,42,711,1400,N/A,ENABLED,42,711,1400,N/A,ENABLED,42,711,1400,N/A,ENABLED,42,711,1400,N/A,ENABLED,N/A,49,54
1744669375,0,611,N/A,N/A,N/A,N/A,ENABLED,1396,500,1400,DISABLED,DISABLED,1378,500,1400,DISABLED,DISABLED,1402,500,1400,DISABLED,DISABLED,1395,500,1400,DISABLED,DISABLED,1397,500,1400,DISABLED,DISABLED,1393,500,1400,DISABLED,DISABLED,1378,500,1400,DISABLED,DISABLED,1382,500,1400,DISABLED,DISABLED,1469,900,1500,N/A,DISABLED,51,914,1680,N/A,ENABLED,51,914,1680,N/A,ENABLED,51,914,1680,N/A,ENABLED,51,914,1680,N/A,ENABLED,43,711,1400,N/A,ENABLED,43,711,1400,N/A,ENABLED,43,711,1400,N/A,ENABLED,43,711,1400,N/A,ENABLED,N/A,49,54
1744669376,0,609,N/A,N/A,N/A,N/A,ENABLED,1397,500,1400,DISABLED,DISABLED,1378,500,1400,DISABLED,DISABLED,1403,500,1400,DISABLED,DISABLED,1395,500,1400,DISABLED,DISABLED,1397,500,1400,DISABLED,DISABLED,1394,500,1400,DISABLED,DISABLED,1379,500,1400,DISABLED,DISABLED,1381,500,1400,DISABLED,DISABLED,1464,900,1500,N/A,DISABLED,51,914,1680,N/A,ENABLED,51,914,1680,N/A,ENABLED,51,914,1680,N/A,ENABLED,51,914,1680,N/A,ENABLED,42,711,1400,N/A,ENABLED,42,711,1400,N/A,ENABLED,42,711,1400,N/A,ENABLED,42,711,1400,N/A,ENABLED,N/A,49,54
1744669377,0,598,N/A,N/A,N/A,N/A,ENABLED,1397,500,1400,DISABLED,DISABLED,1380,500,1400,DISABLED,DISABLED,1403,500,1400,DISABLED,DISABLED,1395,500,1400,DISABLED,DISABLED,1398,500,1400,DISABLED,DISABLED,1394,500,1400,DISABLED,DISABLED,1379,500,1400,DISABLED,DISABLED,1382,500,1400,DISABLED,DISABLED,1456,900,1500,N/A,DISABLED,50,914,1680,N/A,ENABLED,50,914,1680,N/A,ENABLED,50,914,1680,N/A,ENABLED,50,914,1680,N/A,ENABLED,42,711,1400,N/A,ENABLED,42,711,1400,N/A,ENABLED,42,711,1400,N/A,ENABLED,42,711,1400,N/A,ENABLED,N/A,49,54
1744669378,0,606,N/A,N/A,N/A,N/A,ENABLED,1396,500,1400,DISABLED,DISABLED,1378,500,1400,DISABLED,DISABLED,1402,500,1400,DISABLED,DISABLED,1395,500,1400,DISABLED,DISABLED,1397,500,1400,DISABLED,DISABLED,1393,500,1400,DISABLED,DISABLED,1378,500,1400,DISABLED,DISABLED,1382,500,1400,DISABLED,DISABLED,1466,900,1500,N/A,DISABLED,51,914,1680,N/A,ENABLED,51,914,1680,N/A,ENABLED,51,914,1680,N/A,ENABLED,51,914,1680,N/A,ENABLED,42,711,1400,N/A,ENABLED,42,711,1400,N/A,ENABLED,42,711,1400,N/A,ENABLED,42,711,1400,N/A,ENABLED,N/A,49,54
1744669379,0,607,N/A,N/A,N/A,N/A,ENABLED,1398,500,1400,DISABLED,DISABLED,1378,500,1400,DISABLED,DISABLED,1402,500,1400,DISABLED,DISABLED,1394,500,1400,DISABLED,DISABLED,1399,500,1400,DISABLED,DISABLED,1394,500,1400,DISABLED,DISABLED,1380,500,1400,DISABLED,DISABLED,1383,500,1400,DISABLED,DISABLED,1463,900,1500,N/A,DISABLED,51,914,1680,N/A,ENABLED,51,914,1680,N/A,ENABLED,51,914,1680,N/A,ENABLED,51,914,1680,N/A,ENABLED,42,711,1400,N/A,ENABLED,42,711,1400,N/A,ENABLED,42,711,1400,N/A,ENABLED,42,711,1400,N/A,ENABLED,N/A,49,54
1744669381,0,607,N/A,N/A,N/A,N/A,ENABLED,1398,500,1400,DISABLED,DISABLED,1379,500,1400,DISABLED,DISABLED,1402,500,1400,DISABLED,DISABLED,1395,500,1400,DISABLED,DISABLED,1397,500,1400,DISABLED,DISABLED,1394,500,1400,DISABLED,DISABLED,1379,500,1400,DISABLED,DISABLED,1382,500,1400,DISABLED,DISABLED,1471,900,1500,N/A,DISABLED,51,914,1680,N/A,ENABLED,51,914,1680,N/A,ENABLED,51,914,1680,N/A,ENABLED,51,914,1680,N/A,ENABLED,43,711,1400,N/A,ENABLED,43,711,1400,N/A,ENABLED,43,711,1400,N/A,ENABLED,43,711,1400,N/A,ENABLED,N/A,49,54
1744669382,0,610,N/A,N/A,N/A,N/A,ENABLED,1397,500,1400,DISABLED,DISABLED,1378,500,1400,DISABLED,DISABLED,1402,500,1400,DISABLED,DISABLED,1394,500,1400,DISABLED,DISABLED,1397,500,1400,DISABLED,DISABLED,1394,500,1400,DISABLED,DISABLED,1379,500,1400,DISABLED,DISABLED,1382,500,1400,DISABLED,DISABLED,1468,900,1500,N/A,DISABLED,51,914,1680,N/A,ENABLED,51,914,1680,N/A,ENABLED,51,914,1680,N/A,ENABLED,51,914,1680,N/A,ENABLED,43,711,1400,N/A,ENABLED,43,711,1400,N/A,ENABLED,43,711,1400,N/A,ENABLED,43,711,1400,N/A,ENABLED,N/A,49,54
1744669383,0,610,N/A,N/A,N/A,N/A,ENABLED,1398,500,1400,DISABLED,DISABLED,1378,500,1400,DISABLED,DISABLED,1403,500,1400,DISABLED,DISABLED,1394,500,1400,DISABLED,DISABLED,1397,500,1400,DISABLED,DISABLED,1395,500,1400,DISABLED,DISABLED,1377,500,1400,DISABLED,DISABLED,1381,500,1400,DISABLED,DISABLED,1458,900,1500,N/A,DISABLED,50,914,1680,N/A,ENABLED,50,914,1680,N/A,ENABLED,50,914,1680,N/A,ENABLED,50,914,1680,N/A,ENABLED,42,711,1400,N/A,ENABLED,42,711,1400,N/A,ENABLED,42,711,1400,N/A,ENABLED,42,711,1400,N/A,ENABLED,N/A,49,55
1744669384,0,606,N/A,N/A,N/A,N/A,ENABLED,1398,500,1400,DISABLED,DISABLED,1378,500,1400,DISABLED,DISABLED,1403,500,1400,DISABLED,DISABLED,1394,500,1400,DISABLED,DISABLED,1397,500,1400,DISABLED,DISABLED,1394,500,1400,DISABLED,DISABLED,1378,500,1400,DISABLED,DISABLED,1381,500,1400,DISABLED,DISABLED,1454,900,1500,N/A,DISABLED,50,914,1680,N/A,ENABLED,50,914,1680,N/A,ENABLED,50,914,1680,N/A,ENABLED,50,914,1680,N/A,ENABLED,42,711,1400,N/A,ENABLED,42,711,1400,N/A,ENABLED,42,711,1400,N/A,ENABLED,42,711,1400,N/A,ENABLED,N/A,49,54
1744669385,0,601,N/A,N/A,N/A,N/A,ENABLED,1397,500,1400,DISABLED,DISABLED,1379,500,1400,DISABLED,DISABLED,1403,500,1400,DISABLED,DISABLED,1395,500,1400,DISABLED,DISABLED,1398,500,1400,DISABLED,DISABLED,1395,500,1400,DISABLED,DISABLED,1379,500,1400,DISABLED,DISABLED,1382,500,1400,DISABLED,DISABLED,1454,900,1500,N/A,DISABLED,50,914,1680,N/A,ENABLED,50,914,1680,N/A,ENABLED,50,914,1680,N/A,ENABLED,50,914,1680,N/A,ENABLED,42,711,1400,N/A,ENABLED,42,711,1400,N/A,ENABLED,42,711,1400,N/A,ENABLED,42,711,1400,N/A,ENABLED,N/A,49,54
1744669386,0,608,N/A,N/A,N/A,N/A,ENABLED,1398,500,1400,DISABLED,DISABLED,1379,500,1400,DISABLED,DISABLED,1403,500,1400,DISABLED,DISABLED,1395,500,1400,DISABLED,DISABLED,1396,500,1400,DISABLED,DISABLED,1394,500,1400,DISABLED,DISABLED,1379,500,1400,DISABLED,DISABLED,1382,500,1400,DISABLED,DISABLED,1468,900,1500,N/A,DISABLED,51,914,1680,N/A,ENABLED,51,914,1680,N/A,ENABLED,51,914,1680,N/A,ENABLED,51,914,1680,N/A,ENABLED,42,711,1400,N/A,ENABLED,42,711,1400,N/A,ENABLED,42,711,1400,N/A,ENABLED,42,711,1400,N/A,ENABLED,N/A,49,54
1744669388,0,607,N/A,N/A,N/A,N/A,ENABLED,1397,500,1400,DISABLED,DISABLED,1378,500,1400,DISABLED,DISABLED,1402,500,1400,DISABLED,DISABLED,1394,500,1400,DISABLED,DISABLED,1396,500,1400,DISABLED,DISABLED,1394,500,1400,DISABLED,DISABLED,1378,500,1400,DISABLED,DISABLED,1383,500,1400,DISABLED,DISABLED,1456,900,1500,N/A,DISABLED,50,914,1680,N/A,ENABLED,50,914,1680,N/A,ENABLED,50,914,1680,N/A,ENABLED,50,914,1680,N/A,ENABLED,42,711,1400,N/A,ENABLED,42,711,1400,N/A,ENABLED,42,711,1400,N/A,ENABLED,42,711,1400,N/A,ENABLED,N/A,49,55
1744669389,0,606,N/A,N/A,N/A,N/A,ENABLED,1397,500,1400,DISABLED,DISABLED,1379,500,1400,DISABLED,DISABLED,1403,500,1400,DISABLED,DISABLED,1395,500,1400,DISABLED,DISABLED,1396,500,1400,DISABLED,DISABLED,1394,500,1400,DISABLED,DISABLED,1378,500,1400,DISABLED,DISABLED,1381,500,1400,DISABLED,DISABLED,1467,900,1500,N/A,DISABLED,51,914,1680,N/A,ENABLED,51,914,1680,N/A,ENABLED,51,914,1680,N/A,ENABLED,51,914,1680,N/A,ENABLED,42,711,1400,N/A,ENABLED,42,711,1400,N/A,ENABLED,42,711,1400,N/A,ENABLED,42,711,1400,N/A,ENABLED,N/A,49,54
1744669390,0,602,N/A,N/A,N/A,N/A,ENABLED,1399,500,1400,DISABLED,DISABLED,1379,500,1400,DISABLED,DISABLED,1402,500,1400,DISABLED,DISABLED,1395,500,1400,DISABLED,DISABLED,1396,500,1400,DISABLED,DISABLED,1394,500,1400,DISABLED,DISABLED,1379,500,1400,DISABLED,DISABLED,1382,500,1400,DISABLED,DISABLED,1458,900,1500,N/A,DISABLED,50,914,1680,N/A,ENABLED,50,914,1680,N/A,ENABLED,50,914,1680,N/A,ENABLED,50,914,1680,N/A,ENABLED,42,711,1400,N/A,ENABLED,42,711,1400,N/A,ENABLED,42,711,1400,N/A,ENABLED,42,711,1400,N/A,ENABLED,N/A,49,55
1744669391,0,605,N/A,N/A,N/A,N/A,ENABLED,1398,500,1400,DISABLED,DISABLED,1378,500,1400,DISABLED,DISABLED,1403,500,1400,DISABLED,DISABLED,1394,500,1400,DISABLED,DISABLED,1397,500,1400,DISABLED,DISABLED,1394,500,1400,DISABLED,DISABLED,1379,500,1400,DISABLED,DISABLED,1383,500,1400,DISABLED,DISABLED,1458,900,1500,N/A,DISABLED,50,914,1680,N/A,ENABLED,50,914,1680,N/A,ENABLED,50,914,1680,N/A,ENABLED,50,914,1680,N/A,ENABLED,42,711,1400,N/A,ENABLED,42,711,1400,N/A,ENABLED,42,711,1400,N/A,ENABLED,42,711,1400,N/A,ENABLED,N/A,49,55
1744669392,0,615,N/A,N/A,N/A,N/A,ENABLED,1398,500,1400,DISABLED,DISABLED,1378,500,1400,DISABLED,DISABLED,1403,500,1400,DISABLED,DISABLED,1393,500,1400,DISABLED,DISABLED,1397,500,1400,DISABLED,DISABLED,1394,500,1400,DISABLED,DISABLED,1379,500,1400,DISABLED,DISABLED,1383,500,1400,DISABLED,DISABLED,1471,900,1500,N/A,DISABLED,51,914,1680,N/A,ENABLED,51,914,1680,N/A,ENABLED,51,914,1680,N/A,ENABLED,51,914,1680,N/A,ENABLED,43,711,1400,N/A,ENABLED,43,711,1400,N/A,ENABLED,43,711,1400,N/A,ENABLED,43,711,1400,N/A,ENABLED,N/A,49,55
1744669393,0,616,N/A,N/A,N/A,N/A,ENABLED,1397,500,1400,DISABLED,DISABLED,1379,500,1400,DISABLED,DISABLED,1402,500,1400,DISABLED,DISABLED,1394,500,1400,DISABLED,DISABLED,1396,500,1400,DISABLED,DISABLED,1394,500,1400,DISABLED,DISABLED,1377,500,1400,DISABLED,DISABLED,1381,500,1400,DISABLED,DISABLED,1468,900,1500,N/A,DISABLED,51,914,1680,N/A,ENABLED,51,914,1680,N/A,ENABLED,51,914,1680,N/A,ENABLED,51,914,1680,N/A,ENABLED,42,711,1400,N/A,ENABLED,42,711,1400,N/A,ENABLED,42,711,1400,N/A,ENABLED,42,711,1400,N/A,ENABLED,N/A,49,54
1744669395,0,608,N/A,N/A,N/A,N/A,ENABLED,1397,500,1400,DISABLED,DISABLED,1378,500,1400,DISABLED,DISABLED,1403,500,1400,DISABLED,DISABLED,1394,500,1400,DISABLED,DISABLED,1397,500,1400,DISABLED,DISABLED,1394,500,1400,DISABLED,DISABLED,1378,500,1400,DISABLED,DISABLED,1382,500,1400,DISABLED,DISABLED,1470,900,1500,N/A,DISABLED,51,914,1680,N/A,ENABLED,51,914,1680,N/A,ENABLED,51,914,1680,N/A,ENABLED,51,914,1680,N/A,ENABLED,43,711,1400,N/A,ENABLED,43,711,1400,N/A,ENABLED,43,711,1400,N/A,ENABLED,43,711,1400,N/A,ENABLED,N/A,49,54
1744669396,0,608,N/A,N/A,N/A,N/A,ENABLED,1398,500,1400,DISABLED,DISABLED,1378,500,1400,DISABLED,DISABLED,1402,500,1400,DISABLED,DISABLED,1394,500,1400,DISABLED,DISABLED,1396,500,1400,DISABLED,DISABLED,1393,500,1400,DISABLED,DISABLED,1379,500,1400,DISABLED,DISABLED,1381,500,1400,DISABLED,DISABLED,1468,900,1500,N/A,DISABLED,51,914,1680,N/A,ENABLED,51,914,1680,N/A,ENABLED,51,914,1680,N/A,ENABLED,51,914,1680,N/A,ENABLED,42,711,1400,N/A,ENABLED,42,711,1400,N/A,ENABLED,42,711,1400,N/A,ENABLED,42,711,1400,N/A,ENABLED,N/A,49,54
1744669397,0,602,N/A,N/A,N/A,N/A,ENABLED,1397,500,1400,DISABLED,DISABLED,1378,500,1400,DISABLED,DISABLED,1403,500,1400,DISABLED,DISABLED,1394,500,1400,DISABLED,DISABLED,1397,500,1400,DISABLED,DISABLED,1394,500,1400,DISABLED,DISABLED,1379,500,1400,DISABLED,DISABLED,1381,500,1400,DISABLED,DISABLED,1460,900,1500,N/A,DISABLED,50,914,1680,N/A,ENABLED,50,914,1680,N/A,ENABLED,50,914,1680,N/A,ENABLED,50,914,1680,N/A,ENABLED,42,711,1400,N/A,ENABLED,42,711,1400,N/A,ENABLED,42,711,1400,N/A,ENABLED,42,711,1400,N/A,ENABLED,N/A,49,55
1744669398,0,607,N/A,N/A,N/A,N/A,ENABLED,1397,500,1400,DISABLED,DISABLED,1378,500,1400,DISABLED,DISABLED,1402,500,1400,DISABLED,DISABLED,1393,500,1400,DISABLED,DISABLED,1396,500,1400,DISABLED,DISABLED,1394,500,1400,DISABLED,DISABLED,1379,500,1400,DISABLED,DISABLED,1381,500,1400,DISABLED,DISABLED,1460,900,1500,N/A,DISABLED,50,914,1680,N/A,ENABLED,50,914,1680,N/A,ENABLED,50,914,1680,N/A,ENABLED,50,914,1680,N/A,ENABLED,42,711,1400,N/A,ENABLED,42,711,1400,N/A,ENABLED,42,711,1400,N/A,ENABLED,42,711,1400,N/A,ENABLED,N/A,49,54
1744669399,0,608,N/A,N/A,N/A,N/A,ENABLED,1397,500,1400,DISABLED,DISABLED,1378,500,1400,DISABLED,DISABLED,1403,500,1400,DISABLED,DISABLED,1394,500,1400,DISABLED,DISABLED,1396,500,1400,DISABLED,DISABLED,1393,500,1400,DISABLED,DISABLED,1378,500,1400,DISABLED,DISABLED,1382,500,1400,DISABLED,DISABLED,1464,900,1500,N/A,DISABLED,51,914,1680,N/A,ENABLED,51,914,1680,N/A,ENABLED,51,914,1680,N/A,ENABLED,51,914,1680,N/A,ENABLED,42,711,1400,N/A,ENABLED,42,711,1400,N/A,ENABLED,42,711,1400,N/A,ENABLED,42,711,1400,N/A,ENABLED,N/A,49,55
1744669401,0,609,N/A,N/A,N/A,N/A,ENABLED,1397,500,1400,DISABLED,DISABLED,1378,500,1400,DISABLED,DISABLED,1402,500,1400,DISABLED,DISABLED,1394,500,1400,DISABLED,DISABLED,1398,500,1400,DISABLED,DISABLED,1395,500,1400,DISABLED,DISABLED,1379,500,1400,DISABLED,DISABLED,1382,500,1400,DISABLED,DISABLED,1471,900,1500,N/A,DISABLED,51,914,1680,N/A,ENABLED,51,914,1680,N/A,ENABLED,51,914,1680,N/A,ENABLED,51,914,1680,N/A,ENABLED,43,711,1400,N/A,ENABLED,43,711,1400,N/A,ENABLED,43,711,1400,N/A,ENABLED,43,711,1400,N/A,ENABLED,N/A,49,54
1744669402,0,606,N/A,N/A,N/A,N/A,ENABLED,1398,500,1400,DISABLED,DISABLED,1378,500,1400,DISABLED,DISABLED,1402,500,1400,DISABLED,DISABLED,1395,500,1400,DISABLED,DISABLED,1398,500,1400,DISABLED,DISABLED,1394,500,1400,DISABLED,DISABLED,1378,500,1400,DISABLED,DISABLED,1380,500,1400,DISABLED,DISABLED,1472,900,1500,N/A,DISABLED,51,914,1680,N/A,ENABLED,51,914,1680,N/A,ENABLED,51,914,1680,N/A,ENABLED,51,914,1680,N/A,ENABLED,43,711,1400,N/A,ENABLED,43,711,1400,N/A,ENABLED,43,711,1400,N/A,ENABLED,43,711,1400,N/A,ENABLED,N/A,49,54
1744669403,0,603,N/A,N/A,N/A,N/A,ENABLED,1398,500,1400,DISABLED,DISABLED,1379,500,1400,DISABLED,DISABLED,1402,500,1400,DISABLED,DISABLED,1394,500,1400,DISABLED,DISABLED,1397,500,1400,DISABLED,DISABLED,1394,500,1400,DISABLED,DISABLED,1379,500,1400,DISABLED,DISABLED,1382,500,1400,DISABLED,DISABLED,1461,900,1500,N/A,DISABLED,50,914,1680,N/A,ENABLED,50,914,1680,N/A,ENABLED,50,914,1680,N/A,ENABLED,50,914,1680,N/A,ENABLED,42,711,1400,N/A,ENABLED,42,711,1400,N/A,ENABLED,42,711,1400,N/A,ENABLED,42,711,1400,N/A,ENABLED,N/A,49,54
1744669404,0,598,N/A,N/A,N/A,N/A,ENABLED,1398,500,1400,DISABLED,DISABLED,1379,500,1400,DISABLED,DISABLED,1402,500,1400,DISABLED,DISABLED,1395,500,1400,DISABLED,DISABLED,1397,500,1400,DISABLED,DISABLED,1394,500,1400,DISABLED,DISABLED,1379,500,1400,DISABLED,DISABLED,1382,500,1400,DISABLED,DISABLED,1457,900,1500,N/A,DISABLED,50,914,1680,N/A,ENABLED,50,914,1680,N/A,ENABLED,50,914,1680,N/A,ENABLED,50,914,1680,N/A,ENABLED,42,711,1400,N/A,ENABLED,42,711,1400,N/A,ENABLED,42,711,1400,N/A,ENABLED,42,711,1400,N/A,ENABLED,N/A,49,55
1744669405,0,604,N/A,N/A,N/A,N/A,ENABLED,1398,500,1400,DISABLED,DISABLED,1377,500,1400,DISABLED,DISABLED,1403,500,1400,DISABLED,DISABLED,1394,500,1400,DISABLED,DISABLED,1398,500,1400,DISABLED,DISABLED,1395,500,1400,DISABLED,DISABLED,1379,500,1400,DISABLED,DISABLED,1381,500,1400,DISABLED,DISABLED,1461,900,1500,N/A,DISABLED,50,914,1680,N/A,ENABLED,50,914,1680,N/A,ENABLED,50,914,1680,N/A,ENABLED,50,914,1680,N/A,ENABLED,42,711,1400,N/A,ENABLED,42,711,1400,N/A,ENABLED,42,711,1400,N/A,ENABLED,42,711,1400,N/A,ENABLED,N/A,49,55
1744669406,0,607,N/A,N/A,N/A,N/A,ENABLED,1398,500,1400,DISABLED,DISABLED,1377,500,1400,DISABLED,DISABLED,1403,500,1400,DISABLED,DISABLED,1395,500,1400,DISABLED,DISABLED,1398,500,1400,DISABLED,DISABLED,1394,500,1400,DISABLED,DISABLED,1378,500,1400,DISABLED,DISABLED,1382,500,1400,DISABLED,DISABLED,1471,900,1500,N/A,DISABLED,51,914,1680,N/A,ENABLED,51,914,1680,N/A,ENABLED,51,914,1680,N/A,ENABLED,51,914,1680,N/A,ENABLED,43,711,1400,N/A,ENABLED,43,711,1400,N/A,ENABLED,43,711,1400,N/A,ENABLED,43,711,1400,N/A,ENABLED,N/A,49,54
1744669408,0,609,N/A,N/A,N/A,N/A,ENABLED,1398,500,1400,DISABLED,DISABLED,1378,500,1400,DISABLED,DISABLED,1402,500,1400,DISABLED,DISABLED,1395,500,1400,DISABLED,DISABLED,1398,500,1400,DISABLED,DISABLED,1394,500,1400,DISABLED,DISABLED,1377,500,1400,DISABLED,DISABLED,1379,500,1400,DISABLED,DISABLED,1458,900,1500,N/A,DISABLED,50,914,1680,N/A,ENABLED,50,914,1680,N/A,ENABLED,50,914,1680,N/A,ENABLED,50,914,1680,N/A,ENABLED,42,711,1400,N/A,ENABLED,42,711,1400,N/A,ENABLED,42,711,1400,N/A,ENABLED,42,711,1400,N/A,ENABLED,N/A,49,54
1744669409,0,613,N/A,N/A,N/A,N/A,ENABLED,1398,500,1400,DISABLED,DISABLED,1377,500,1400,DISABLED,DISABLED,1402,500,1400,DISABLED,DISABLED,1395,500,1400,DISABLED,DISABLED,1398,500,1400,DISABLED,DISABLED,1394,500,1400,DISABLED,DISABLED,1378,500,1400,DISABLED,DISABLED,1381,500,1400,DISABLED,DISABLED,1472,900,1500,N/A,DISABLED,51,914,1680,N/A,ENABLED,51,914,1680,N/A,ENABLED,51,914,1680,N/A,ENABLED,51,914,1680,N/A,ENABLED,43,711,1400,N/A,ENABLED,43,711,1400,N/A,ENABLED,43,711,1400,N/A,ENABLED,43,711,1400,N/A,ENABLED,N/A,49,54
1744669410,0,596,N/A,N/A,N/A,N/A,ENABLED,1398,500,1400,DISABLED,DISABLED,1378,500,1400,DISABLED,DISABLED,1402,500,1400,DISABLED,DISABLED,1396,500,1400,DISABLED,DISABLED,1398,500,1400,DISABLED,DISABLED,1394,500,1400,DISABLED,DISABLED,1380,500,1400,DISABLED,DISABLED,1383,500,1400,DISABLED,DISABLED,1461,900,1500,N/A,DISABLED,50,914,1680,N/A,ENABLED,50,914,1680,N/A,ENABLED,50,914,1680,N/A,ENABLED,50,914,1680,N/A,ENABLED,42,711,1400,N/A,ENABLED,42,711,1400,N/A,ENABLED,42,711,1400,N/A,ENABLED,42,711,1400,N/A,ENABLED,N/A,49,54
1744669411,0,603,N/A,N/A,N/A,N/A,ENABLED,1398,500,1400,DISABLED,DISABLED,1378,500,1400,DISABLED,DISABLED,1402,500,1400,DISABLED,DISABLED,1395,500,1400,DISABLED,DISABLED,1398,500,1400,DISABLED,DISABLED,1394,500,1400,DISABLED,DISABLED,1379,500,1400,DISABLED,DISABLED,1382,500,1400,DISABLED,DISABLED,1459,900,1500,N/A,DISABLED,50,914,1680,N/A,ENABLED,50,914,1680,N/A,ENABLED,50,914,1680,N/A,ENABLED,50,914,1680,N/A,ENABLED,42,711,1400,N/A,ENABLED,42,711,1400,N/A,ENABLED,42,711,1400,N/A,ENABLED,42,711,1400,N/A,ENABLED,N/A,49,55
1744669412,0,610,N/A,N/A,N/A,N/A,ENABLED,1398,500,1400,DISABLED,DISABLED,1377,500,1400,DISABLED,DISABLED,1402,500,1400,DISABLED,DISABLED,1395,500,1400,DISABLED,DISABLED,1397,500,1400,DISABLED,DISABLED,1394,500,1400,DISABLED,DISABLED,1380,500,1400,DISABLED,DISABLED,1382,500,1400,DISABLED,DISABLED,1462,900,1500,N/A,DISABLED,50,914,1680,N/A,ENABLED,50,914,1680,N/A,ENABLED,50,914,1680,N/A,ENABLED,50,914,1680,N/A,ENABLED,42,711,1400,N/A,ENABLED,42,711,1400,N/A,ENABLED,42,711,1400,N/A,ENABLED,42,711,1400,N/A,ENABLED,N/A,49,54
1744669414,0,600,N/A,N/A,N/A,N/A,ENABLED,1398,500,1400,DISABLED,DISABLED,1378,500,1400,DISABLED,DISABLED,1402,500,1400,DISABLED,DISABLED,1395,500,1400,DISABLED,DISABLED,1398,500,1400,DISABLED,DISABLED,1395,500,1400,DISABLED,DISABLED,1380,500,1400,DISABLED,DISABLED,1382,500,1400,DISABLED,DISABLED,1456,900,1500,N/A,DISABLED,50,914,1680,N/A,ENABLED,50,914,1680,N/A,ENABLED,50,914,1680,N/A,ENABLED,50,914,1680,N/A,ENABLED,42,711,1400,N/A,ENABLED,42,711,1400,N/A,ENABLED,42,711,1400,N/A,ENABLED,42,711,1400,N/A,ENABLED,N/A,49,54
1744669415,0,596,N/A,N/A,N/A,N/A,ENABLED,1398,500,1400,DISABLED,DISABLED,1379,500,1400,DISABLED,DISABLED,1402,500,1400,DISABLED,DISABLED,1395,500,1400,DISABLED,DISABLED,1397,500,1400,DISABLED,DISABLED,1395,500,1400,DISABLED,DISABLED,1380,500,1400,DISABLED,DISABLED,1383,500,1400,DISABLED,DISABLED,1457,900,1500,N/A,DISABLED,50,914,1680,N/A,ENABLED,50,914,1680,N/A,ENABLED,50,914,1680,N/A,ENABLED,50,914,1680,N/A,ENABLED,42,711,1400,N/A,ENABLED,42,711,1400,N/A,ENABLED,42,711,1400,N/A,ENABLED,42,711,1400,N/A,ENABLED,N/A,49,54
1744669416,0,601,N/A,N/A,N/A,N/A,ENABLED,1398,500,1400,DISABLED,DISABLED,1377,500,1400,DISABLED,DISABLED,1402,500,1400,DISABLED,DISABLED,1394,500,1400,DISABLED,DISABLED,1397,500,1400,DISABLED,DISABLED,1394,500,1400,DISABLED,DISABLED,1379,500,1400,DISABLED,DISABLED,1382,500,1400,DISABLED,DISABLED,1462,900,1500,N/A,DISABLED,50,914,1680,N/A,ENABLED,50,914,1680,N/A,ENABLED,50,914,1680,N/A,ENABLED,50,914,1680,N/A,ENABLED,42,711,1400,N/A,ENABLED,42,711,1400,N/A,ENABLED,42,711,1400,N/A,ENABLED,42,711,1400,N/A,ENABLED,N/A,49,53
1744669417,0,599,N/A,N/A,N/A,N/A,ENABLED,1397,500,1400,DISABLED,DISABLED,1378,500,1400,DISABLED,DISABLED,1402,500,1400,DISABLED,DISABLED,1394,500,1400,DISABLED,DISABLED,1397,500,1400,DISABLED,DISABLED,1394,500,1400,DISABLED,DISABLED,1380,500,1400,DISABLED,DISABLED,1384,500,1400,DISABLED,DISABLED,1460,900,1500,N/A,DISABLED,50,914,1680,N/A,ENABLED,50,914,1680,N/A,ENABLED,50,914,1680,N/A,ENABLED,50,914,1680,N/A,ENABLED,42,711,1400,N/A,ENABLED,42,711,1400,N/A,ENABLED,42,711,1400,N/A,ENABLED,42,711,1400,N/A,ENABLED,N/A,49,54
1744669418,0,606,N/A,N/A,N/A,N/A,ENABLED,1397,500,1400,DISABLED,DISABLED,1377,500,1400,DISABLED,DISABLED,1402,500,1400,DISABLED,DISABLED,1394,500,1400,DISABLED,DISABLED,1397,500,1400,DISABLED,DISABLED,1394,500,1400,DISABLED,DISABLED,1379,500,1400,DISABLED,DISABLED,1381,500,1400,DISABLED,DISABLED,1465,900,1500,N/A,DISABLED,51,914,1680,N/A,ENABLED,51,914,1680,N/A,ENABLED,51,914,1680,N/A,ENABLED,51,914,1680,N/A,ENABLED,42,711,1400,N/A,ENABLED,42,711,1400,N/A,ENABLED,42,711,1400,N/A,ENABLED,42,711,1400,N/A,ENABLED,N/A,49,54
1744669419,0,612,N/A,N/A,N/A,N/A,ENABLED,1396,500,1400,DISABLED,DISABLED,1377,500,1400,DISABLED,DISABLED,1401,500,1400,DISABLED,DISABLED,1393,500,1400,DISABLED,DISABLED,1397,500,1400,DISABLED,DISABLED,1394,500,1400,DISABLED,DISABLED,1377,500,1400,DISABLED,DISABLED,1382,500,1400,DISABLED,DISABLED,1465,900,1500,N/A,DISABLED,51,914,1680,N/A,ENABLED,51,914,1680,N/A,ENABLED,51,914,1680,N/A,ENABLED,51,914,1680,N/A,ENABLED,42,711,1400,N/A,ENABLED,42,711,1400,N/A,ENABLED,42,711,1400,N/A,ENABLED,42,711,1400,N/A,ENABLED,N/A,49,55
1744669421,0,615,N/A,N/A,N/A,N/A,ENABLED,1397,500,1400,DISABLED,DISABLED,1377,500,1400,DISABLED,DISABLED,1401,500,1400,DISABLED,DISABLED,1393,500,1400,DISABLED,DISABLED,1397,500,1400,DISABLED,DISABLED,1393,500,1400,DISABLED,DISABLED,1380,500,1400,DISABLED,DISABLED,1383,500,1400,DISABLED,DISABLED,1466,900,1500,N/A,DISABLED,51,914,1680,N/A,ENABLED,51,914,1680,N/A,ENABLED,51,914,1680,N/A,ENABLED,51,914,1680,N/A,ENABLED,42,711,1400,N/A,ENABLED,42,711,1400,N/A,ENABLED,42,711,1400,N/A,ENABLED,42,711,1400,N/A,ENABLED,N/A,49,54
1744669422,0,604,N/A,N/A,N/A,N/A,ENABLED,1398,500,1400,DISABLED,DISABLED,1378,500,1400,DISABLED,DISABLED,1402,500,1400,DISABLED,DISABLED,1393,500,1400,DISABLED,DISABLED,1397,500,1400,DISABLED,DISABLED,1394,500,1400,DISABLED,DISABLED,1378,500,1400,DISABLED,DISABLED,1382,500,1400,DISABLED,DISABLED,1462,900,1500,N/A,DISABLED,50,914,1680,N/A,ENABLED,51,914,1680,N/A,ENABLED,51,914,1680,N/A,ENABLED,51,914,1680,N/A,ENABLED,42,711,1400,N/A,ENABLED,42,711,1400,N/A,ENABLED,42,711,1400,N/A,ENABLED,42,711,1400,N/A,ENABLED,N/A,49,55
1744669423,0,602,N/A,N/A,N/A,N/A,ENABLED,1397,500,1400,DISABLED,DISABLED,1378,500,1400,DISABLED,DISABLED,1402,500,1400,DISABLED,DISABLED,1394,500,1400,DISABLED,DISABLED,1397,500,1400,DISABLED,DISABLED,1394,500,1400,DISABLED,DISABLED,1379,500,1400,DISABLED,DISABLED,1381,500,1400,DISABLED,DISABLED,1459,900,1500,N/A,DISABLED,50,914,1680,N/A,ENABLED,50,914,1680,N/A,ENABLED,50,914,1680,N/A,ENABLED,50,914,1680,N/A,ENABLED,42,711,1400,N/A,ENABLED,42,711,1400,N/A,ENABLED,42,711,1400,N/A,ENABLED,42,711,1400,N/A,ENABLED,N/A,49,53
1744669424,0,604,N/A,N/A,N/A,N/A,ENABLED,1397,500,1400,DISABLED,DISABLED,1378,500,1400,DISABLED,DISABLED,1402,500,1400,DISABLED,DISABLED,1395,500,1400,DISABLED,DISABLED,1398,500,1400,DISABLED,DISABLED,1393,500,1400,DISABLED,DISABLED,1379,500,1400,DISABLED,DISABLED,1382,500,1400,DISABLED,DISABLED,1463,900,1500,N/A,DISABLED,51,914,1680,N/A,ENABLED,51,914,1680,N/A,ENABLED,51,914,1680,N/A,ENABLED,51,914,1680,N/A,ENABLED,42,711,1400,N/A,ENABLED,42,711,1400,N/A,ENABLED,42,711,1400,N/A,ENABLED,42,711,1400,N/A,ENABLED,N/A,49,54
1744669425,0,605,N/A,N/A,N/A,N/A,ENABLED,1397,500,1400,DISABLED,DISABLED,1379,500,1400,DISABLED,DISABLED,1402,500,1400,DISABLED,DISABLED,1393,500,1400,DISABLED,DISABLED,1398,500,1400,DISABLED,DISABLED,1394,500,1400,DISABLED,DISABLED,1379,500,1400,DISABLED,DISABLED,1382,500,1400,DISABLED,DISABLED,1467,900,1500,N/A,DISABLED,51,914,1680,N/A,ENABLED,51,914,1680,N/A,ENABLED,51,914,1680,N/A,ENABLED,51,914,1680,N/A,ENABLED,42,711,1400,N/A,ENABLED,42,711,1400,N/A,ENABLED,42,711,1400,N/A,ENABLED,42,711,1400,N/A,ENABLED,N/A,49,54
1744669426,0,605,N/A,N/A,N/A,N/A,ENABLED,1398,500,1400,DISABLED,DISABLED,1378,500,1400,DISABLED,DISABLED,1403,500,1400,DISABLED,DISABLED,1394,500,1400,DISABLED,DISABLED,1398,500,1400,DISABLED,DISABLED,1394,500,1400,DISABLED,DISABLED,1377,500,1400,DISABLED,DISABLED,1381,500,1400,DISABLED,DISABLED,1464,900,1500,N/A,DISABLED,51,914,1680,N/A,ENABLED,51,914,1680,N/A,ENABLED,51,914,1680,N/A,ENABLED,51,914,1680,N/A,ENABLED,42,711,1400,N/A,ENABLED,42,711,1400,N/A,ENABLED,42,711,1400,N/A,ENABLED,42,711,1400,N/A,ENABLED,N/A,49,54
1744669428,0,607,N/A,N/A,N/A,N/A,ENABLED,1398,500,1400,DISABLED,DISABLED,1378,500,1400,DISABLED,DISABLED,1402,500,1400,DISABLED,DISABLED,1394,500,1400,DISABLED,DISABLED,1399,500,1400,DISABLED,DISABLED,1394,500,1400,DISABLED,DISABLED,1378,500,1400,DISABLED,DISABLED,1382,500,1400,DISABLED,DISABLED,1464,900,1500,N/A,DISABLED,51,914,1680,N/A,ENABLED,51,914,1680,N/A,ENABLED,51,914,1680,N/A,ENABLED,51,914,1680,N/A,ENABLED,42,711,1400,N/A,ENABLED,42,711,1400,N/A,ENABLED,42,711,1400,N/A,ENABLED,42,711,1400,N/A,ENABLED,N/A,49,53
1744669429,0,614,N/A,N/A,N/A,N/A,ENABLED,1398,500,1400,DISABLED,DISABLED,1377,500,1400,DISABLED,DISABLED,1402,500,1400,DISABLED,DISABLED,1393,500,1400,DISABLED,DISABLED,1398,500,1400,DISABLED,DISABLED,1394,500,1400,DISABLED,DISABLED,1378,500,1400,DISABLED,DISABLED,1381,500,1400,DISABLED,DISABLED,1473,900,1500,N/A,DISABLED,51,914,1680,N/A,ENABLED,51,914,1680,N/A,ENABLED,51,914,1680,N/A,ENABLED,51,914,1680,N/A,ENABLED,43,711,1400,N/A,ENABLED,43,711,1400,N/A,ENABLED,43,711,1400,N/A,ENABLED,43,711,1400,N/A,ENABLED,N/A,49,54
1744669430,0,603,N/A,N/A,N/A,N/A,ENABLED,1398,500,1400,DISABLED,DISABLED,1378,500,1400,DISABLED,DISABLED,1402,500,1400,DISABLED,DISABLED,1394,500,1400,DISABLED,DISABLED,1398,500,1400,DISABLED,DISABLED,1395,500,1400,DISABLED,DISABLED,1379,500,1400,DISABLED,DISABLED,1383,500,1400,DISABLED,DISABLED,1461,900,1500,N/A,DISABLED,50,914,1680,N/A,ENABLED,50,914,1680,N/A,ENABLED,50,914,1680,N/A,ENABLED,50,914,1680,N/A,ENABLED,42,711,1400,N/A,ENABLED,42,711,1400,N/A,ENABLED,42,711,1400,N/A,ENABLED,42,711,1400,N/A,ENABLED,N/A,49,54
1744669431,0,597,N/A,N/A,N/A,N/A,ENABLED,1398,500,1400,DISABLED,DISABLED,1378,500,1400,DISABLED,DISABLED,1402,500,1400,DISABLED,DISABLED,1395,500,1400,DISABLED,DISABLED,1399,500,1400,DISABLED,DISABLED,1396,500,1400,DISABLED,DISABLED,1378,500,1400,DISABLED,DISABLED,1382,500,1400,DISABLED,DISABLED,1460,900,1500,N/A,DISABLED,50,914,1680,N/A,ENABLED,50,914,1680,N/A,ENABLED,50,914,1680,N/A,ENABLED,50,914,1680,N/A,ENABLED,42,711,1400,N/A,ENABLED,42,711,1400,N/A,ENABLED,42,711,1400,N/A,ENABLED,42,711,1400,N/A,ENABLED,N/A,49,55
1744669432,0,609,N/A,N/A,N/A,N/A,ENABLED,1397,500,1400,DISABLED,DISABLED,1377,500,1400,DISABLED,DISABLED,1402,500,1400,DISABLED,DISABLED,1395,500,1400,DISABLED,DISABLED,1398,500,1400,DISABLED,DISABLED,1395,500,1400,DISABLED,DISABLED,1378,500,1400,DISABLED,DISABLED,1381,500,1400,DISABLED,DISABLED,1470,900,1500,N/A,DISABLED,51,914,1680,N/A,ENABLED,51,914,1680,N/A,ENABLED,51,914,1680,N/A,ENABLED,51,914,1680,N/A,ENABLED,43,711,1400,N/A,ENABLED,43,711,1400,N/A,ENABLED,43,711,1400,N/A,ENABLED,43,711,1400,N/A,ENABLED,N/A,49,54
1744669434,0,597,N/A,N/A,N/A,N/A,ENABLED,1398,500,1400,DISABLED,DISABLED,1378,500,1400,DISABLED,DISABLED,1402,500,1400,DISABLED,DISABLED,1395,500,1400,DISABLED,DISABLED,1398,500,1400,DISABLED,DISABLED,1394,500,1400,DISABLED,DISABLED,1377,500,1400,DISABLED,DISABLED,1381,500,1400,DISABLED,DISABLED,1456,900,1500,N/A,DISABLED,50,914,1680,N/A,ENABLED,50,914,1680,N/A,ENABLED,50,914,1680,N/A,ENABLED,50,914,1680,N/A,ENABLED,42,711,1400,N/A,ENABLED,42,711,1400,N/A,ENABLED,42,711,1400,N/A,ENABLED,42,711,1400,N/A,ENABLED,N/A,49,54
1744669435,0,611,N/A,N/A,N/A,N/A,ENABLED,1396,500,1400,DISABLED,DISABLED,1377,500,1400,DISABLED,DISABLED,1401,500,1400,DISABLED,DISABLED,1394,500,1400,DISABLED,DISABLED,1398,500,1400,DISABLED,DISABLED,1393,500,1400,DISABLED,DISABLED,1378,500,1400,DISABLED,DISABLED,1381,500,1400,DISABLED,DISABLED,1467,900,1500,N/A,DISABLED,51,914,1680,N/A,ENABLED,51,914,1680,N/A,ENABLED,51,914,1680,N/A,ENABLED,51,914,1680,N/A,ENABLED,42,711,1400,N/A,ENABLED,42,711,1400,N/A,ENABLED,42,711,1400,N/A,ENABLED,42,711,1400,N/A,ENABLED,N/A,49,54
1744669436,0,610,N/A,N/A,N/A,N/A,ENABLED,1397,500,1400,DISABLED,DISABLED,1377,500,1400,DISABLED,DISABLED,1401,500,1400,DISABLED,DISABLED,1394,500,1400,DISABLED,DISABLED,1397,500,1400,DISABLED,DISABLED,1394,500,1400,DISABLED,DISABLED,1378,500,1400,DISABLED,DISABLED,1382,500,1400,DISABLED,DISABLED,1464,900,1500,N/A,DISABLED,51,914,1680,N/A,ENABLED,51,914,1680,N/A,ENABLED,51,914,1680,N/A,ENABLED,51,914,1680,N/A,ENABLED,42,711,1400,N/A,ENABLED,42,711,1400,N/A,ENABLED,42,711,1400,N/A,ENABLED,42,711,1400,N/A,ENABLED,N/A,49,54
1744669437,0,602,N/A,N/A,N/A,N/A,ENABLED,1397,500,1400,DISABLED,DISABLED,1378,500,1400,DISABLED,DISABLED,1402,500,1400,DISABLED,DISABLED,1395,500,1400,DISABLED,DISABLED,1398,500,1400,DISABLED,DISABLED,1395,500,1400,DISABLED,DISABLED,1380,500,1400,DISABLED,DISABLED,1382,500,1400,DISABLED,DISABLED,1458,900,1500,N/A,DISABLED,50,914,1680,N/A,ENABLED,50,914,1680,N/A,ENABLED,50,914,1680,N/A,ENABLED,50,914,1680,N/A,ENABLED,42,711,1400,N/A,ENABLED,42,711,1400,N/A,ENABLED,42,711,1400,N/A,ENABLED,42,711,1400,N/A,ENABLED,N/A,49,54
1744669438,0,605,N/A,N/A,N/A,N/A,ENABLED,1397,500,1400,DISABLED,DISABLED,1378,500,1400,DISABLED,DISABLED,1402,500,1400,DISABLED,DISABLED,1394,500,1400,DISABLED,DISABLED,1397,500,1400,DISABLED,DISABLED,1395,500,1400,DISABLED,DISABLED,1378,500,1400,DISABLED,DISABLED,1381,500,1400,DISABLED,DISABLED,1451,900,1500,N/A,DISABLED,50,914,1680,N/A,ENABLED,50,914,1680,N/A,ENABLED,50,914,1680,N/A,ENABLED,50,914,1680,N/A,ENABLED,42,711,1400,N/A,ENABLED,42,711,1400,N/A,ENABLED,42,711,1400,N/A,ENABLED,42,711,1400,N/A,ENABLED,N/A,49,54
1744669439,0,604,N/A,N/A,N/A,N/A,ENABLED,1397,500,1400,DISABLED,DISABLED,1378,500,1400,DISABLED,DISABLED,1402,500,1400,DISABLED,DISABLED,1394,500,1400,DISABLED,DISABLED,1398,500,1400,DISABLED,DISABLED,1395,500,1400,DISABLED,DISABLED,1379,500,1400,DISABLED,DISABLED,1382,500,1400,DISABLED,DISABLED,1462,900,1500,N/A,DISABLED,50,914,1680,N/A,ENABLED,50,914,1680,N/A,ENABLED,50,914,1680,N/A,ENABLED,50,914,1680,N/A,ENABLED,42,711,1400,N/A,ENABLED,42,711,1400,N/A,ENABLED,42,711,1400,N/A,ENABLED,42,711,1400,N/A,ENABLED,N/A,49,53
1744669441,0,603,N/A,N/A,N/A,N/A,ENABLED,1398,500,1400,DISABLED,DISABLED,1378,500,1400,DISABLED,DISABLED,1403,500,1400,DISABLED,DISABLED,1396,500,1400,DISABLED,DISABLED,1397,500,1400,DISABLED,DISABLED,1394,500,1400,DISABLED,DISABLED,1379,500,1400,DISABLED,DISABLED,1381,500,1400,DISABLED,DISABLED,1454,900,1500,N/A,DISABLED,50,914,1680,N/A,ENABLED,50,914,1680,N/A,ENABLED,50,914,1680,N/A,ENABLED,50,914,1680,N/A,ENABLED,42,711,1400,N/A,ENABLED,42,711,1400,N/A,ENABLED,42,711,1400,N/A,ENABLED,42,711,1400,N/A,ENABLED,N/A,49,54
1744669442,0,600,N/A,N/A,N/A,N/A,ENABLED,1398,500,1400,DISABLED,DISABLED,1379,500,1400,DISABLED,DISABLED,1403,500,1400,DISABLED,DISABLED,1395,500,1400,DISABLED,DISABLED,1398,500,1400,DISABLED,DISABLED,1395,500,1400,DISABLED,DISABLED,1378,500,1400,DISABLED,DISABLED,1383,500,1400,DISABLED,DISABLED,1457,900,1500,N/A,DISABLED,50,914,1680,N/A,ENABLED,50,914,1680,N/A,ENABLED,50,914,1680,N/A,ENABLED,50,914,1680,N/A,ENABLED,42,711,1400,N/A,ENABLED,42,711,1400,N/A,ENABLED,42,711,1400,N/A,ENABLED,42,711,1400,N/A,ENABLED,N/A,49,55
1744669443,0,611,N/A,N/A,N/A,N/A,ENABLED,1397,500,1400,DISABLED,DISABLED,1378,500,1400,DISABLED,DISABLED,1402,500,1400,DISABLED,DISABLED,1394,500,1400,DISABLED,DISABLED,1397,500,1400,DISABLED,DISABLED,1394,500,1400,DISABLED,DISABLED,1377,500,1400,DISABLED,DISABLED,1380,500,1400,DISABLED,DISABLED,1468,900,1500,N/A,DISABLED,51,914,1680,N/A,ENABLED,51,914,1680,N/A,ENABLED,51,914,1680,N/A,ENABLED,51,914,1680,N/A,ENABLED,43,711,1400,N/A,ENABLED,43,711,1400,N/A,ENABLED,43,711,1400,N/A,ENABLED,43,711,1400,N/A,ENABLED,N/A,49,54
1744669444,0,608,N/A,N/A,N/A,N/A,ENABLED,1396,500,1400,DISABLED,DISABLED,1377,500,1400,DISABLED,DISABLED,1402,500,1400,DISABLED,DISABLED,1395,500,1400,DISABLED,DISABLED,1397,500,1400,DISABLED,DISABLED,1394,500,1400,DISABLED,DISABLED,1378,500,1400,DISABLED,DISABLED,1381,500,1400,DISABLED,DISABLED,1463,900,1500,N/A,DISABLED,51,914,1680,N/A,ENABLED,51,914,1680,N/A,ENABLED,51,914,1680,N/A,ENABLED,51,914,1680,N/A,ENABLED,42,711,1400,N/A,ENABLED,42,711,1400,N/A,ENABLED,42,711,1400,N/A,ENABLED,42,711,1400,N/A,ENABLED,N/A,49,54
1744669445,0,593,N/A,N/A,N/A,N/A,ENABLED,1397,500,1400,DISABLED,DISABLED,1379,500,1400,DISABLED,DISABLED,1402,500,1400,DISABLED,DISABLED,1395,500,1400,DISABLED,DISABLED,1399,500,1400,DISABLED,DISABLED,1395,500,1400,DISABLED,DISABLED,1378,500,1400,DISABLED,DISABLED,1381,500,1400,DISABLED,DISABLED,1452,900,1500,N/A,DISABLED,50,914,1680,N/A,ENABLED,50,914,1680,N/A,ENABLED,50,914,1680,N/A,ENABLED,50,914,1680,N/A,ENABLED,42,711,1400,N/A,ENABLED,42,711,1400,N/A,ENABLED,42,711,1400,N/A,ENABLED,42,711,1400,N/A,ENABLED,N/A,49,54
1744669447,0,612,N/A,N/A,N/A,N/A,ENABLED,1397,500,1400,DISABLED,DISABLED,1378,500,1400,DISABLED,DISABLED,1402,500,1400,DISABLED,DISABLED,1394,500,1400,DISABLED,DISABLED,1397,500,1400,DISABLED,DISABLED,1394,500,1400,DISABLED,DISABLED,1379,500,1400,DISABLED,DISABLED,1381,500,1400,DISABLED,DISABLED,1464,900,1500,N/A,DISABLED,51,914,1680,N/A,ENABLED,51,914,1680,N/A,ENABLED,51,914,1680,N/A,ENABLED,50,914,1680,N/A,ENABLED,42,711,1400,N/A,ENABLED,42,711,1400,N/A,ENABLED,42,711,1400,N/A,ENABLED,42,711,1400,N/A,ENABLED,N/A,49,54
1744669448,0,610,N/A,N/A,N/A,N/A,ENABLED,1397,500,1400,DISABLED,DISABLED,1377,500,1400,DISABLED,DISABLED,1402,500,1400,DISABLED,DISABLED,1394,500,1400,DISABLED,DISABLED,1397,500,1400,DISABLED,DISABLED,1394,500,1400,DISABLED,DISABLED,1380,500,1400,DISABLED,DISABLED,1381,500,1400,DISABLED,DISABLED,1465,900,1500,N/A,DISABLED,51,914,1680,N/A,ENABLED,51,914,1680,N/A,ENABLED,51,914,1680,N/A,ENABLED,51,914,1680,N/A,ENABLED,42,711,1400,N/A,ENABLED,42,711,1400,N/A,ENABLED,42,711,1400,N/A,ENABLED,42,711,1400,N/A,ENABLED,N/A,49,54
1744669449,0,598,N/A,N/A,N/A,N/A,ENABLED,1396,500,1400,DISABLED,DISABLED,1378,500,1400,DISABLED,DISABLED,1403,500,1400,DISABLED,DISABLED,1395,500,1400,DISABLED,DISABLED,1398,500,1400,DISABLED,DISABLED,1395,500,1400,DISABLED,DISABLED,1380,500,1400,DISABLED,DISABLED,1381,500,1400,DISABLED,DISABLED,1460,900,1500,N/A,DISABLED,50,914,1680,N/A,ENABLED,50,914,1680,N/A,ENABLED,50,914,1680,N/A,ENABLED,50,914,1680,N/A,ENABLED,42,711,1400,N/A,ENABLED,42,711,1400,N/A,ENABLED,42,711,1400,N/A,ENABLED,42,711,1400,N/A,ENABLED,N/A,49,53
1744669450,0,615,N/A,N/A,N/A,N/A,ENABLED,1397,500,1400,DISABLED,DISABLED,1377,500,1400,DISABLED,DISABLED,1402,500,1400,DISABLED,DISABLED,1395,500,1400,DISABLED,DISABLED,1398,500,1400,DISABLED,DISABLED,1395,500,1400,DISABLED,DISABLED,1380,500,1400,DISABLED,DISABLED,1383,500,1400,DISABLED,DISABLED,1469,900,1500,N/A,DISABLED,51,914,1680,N/A,ENABLED,51,914,1680,N/A,ENABLED,51,914,1680,N/A,ENABLED,51,914,1680,N/A,ENABLED,43,711,1400,N/A,ENABLED,43,711,1400,N/A,ENABLED,43,711,1400,N/A,ENABLED,43,711,1400,N/A,ENABLED,N/A,49,55
1744669451,0,610,N/A,N/A,N/A,N/A,ENABLED,1397,500,1400,DISABLED,DISABLED,1378,500,1400,DISABLED,DISABLED,1402,500,1400,DISABLED,DISABLED,1394,500,1400,DISABLED,DISABLED,1398,500,1400,DISABLED,DISABLED,1394,500,1400,DISABLED,DISABLED,1378,500,1400,DISABLED,DISABLED,1381,500,1400,DISABLED,DISABLED,1465,900,1500,N/A,DISABLED,51,914,1680,N/A,ENABLED,51,914,1680,N/A,ENABLED,51,914,1680,N/A,ENABLED,51,914,1680,N/A,ENABLED,42,711,1400,N/A,ENABLED,42,711,1400,N/A,ENABLED,42,711,1400,N/A,ENABLED,42,711,1400,N/A,ENABLED,N/A,49,54
1744669452,0,610,N/A,N/A,N/A,N/A,ENABLED,1398,500,1400,DISABLED,DISABLED,1378,500,1400,DISABLED,DISABLED,1402,500,1400,DISABLED,DISABLED,1395,500,1400,DISABLED,DISABLED,1397,500,1400,DISABLED,DISABLED,1394,500,1400,DISABLED,DISABLED,1380,500,1400,DISABLED,DISABLED,1382,500,1400,DISABLED,DISABLED,1468,900,1500,N/A,DISABLED,51,914,1680,N/A,ENABLED,51,914,1680,N/A,ENABLED,51,914,1680,N/A,ENABLED,51,914,1680,N/A,ENABLED,42,711,1400,N/A,ENABLED,42,711,1400,N/A,ENABLED,42,711,1400,N/A,ENABLED,42,711,1400,N/A,ENABLED,N/A,49,54
1744669454,0,608,N/A,N/A,N/A,N/A,ENABLED,1397,500,1400,DISABLED,DISABLED,1378,500,1400,DISABLED,DISABLED,1403,500,1400,DISABLED,DISABLED,1394,500,1400,DISABLED,DISABLED,1398,500,1400,DISABLED,DISABLED,1394,500,1400,DISABLED,DISABLED,1378,500,1400,DISABLED,DISABLED,1381,500,1400,DISABLED,DISABLED,1463,900,1500,N/A,DISABLED,51,914,1680,N/A,ENABLED,51,914,1680,N/A,ENABLED,51,914,1680,N/A,ENABLED,51,914,1680,N/A,ENABLED,42,711,1400,N/A,ENABLED,42,711,1400,N/A,ENABLED,42,711,1400,N/A,ENABLED,42,711,1400,N/A,ENABLED,N/A,49,54
1744669455,0,614,N/A,N/A,N/A,N/A,ENABLED,1397,500,1400,DISABLED,DISABLED,1377,500,1400,DISABLED,DISABLED,1402,500,1400,DISABLED,DISABLED,1394,500,1400,DISABLED,DISABLED,1397,500,1400,DISABLED,DISABLED,1394,500,1400,DISABLED,DISABLED,1379,500,1400,DISABLED,DISABLED,1383,500,1400,DISABLED,DISABLED,1469,900,1500,N/A,DISABLED,51,914,1680,N/A,ENABLED,51,914,1680,N/A,ENABLED,51,914,1680,N/A,ENABLED,51,914,1680,N/A,ENABLED,43,711,1400,N/A,ENABLED,43,711,1400,N/A,ENABLED,43,711,1400,N/A,ENABLED,43,711,1400,N/A,ENABLED,N/A,49,54
1744669456,0,605,N/A,N/A,N/A,N/A,ENABLED,1398,500,1400,DISABLED,DISABLED,1378,500,1400,DISABLED,DISABLED,1403,500,1400,DISABLED,DISABLED,1395,500,1400,DISABLED,DISABLED,1398,500,1400,DISABLED,DISABLED,1394,500,1400,DISABLED,DISABLED,1379,500,1400,DISABLED,DISABLED,1383,500,1400,DISABLED,DISABLED,1468,900,1500,N/A,DISABLED,51,914,1680,N/A,ENABLED,51,914,1680,N/A,ENABLED,51,914,1680,N/A,ENABLED,51,914,1680,N/A,ENABLED,43,711,1400,N/A,ENABLED,43,711,1400,N/A,ENABLED,43,711,1400,N/A,ENABLED,43,711,1400,N/A,ENABLED,N/A,49,55
1744669457,0,601,N/A,N/A,N/A,N/A,ENABLED,1398,500,1400,DISABLED,DISABLED,1378,500,1400,DISABLED,DISABLED,1402,500,1400,DISABLED,DISABLED,1395,500,1400,DISABLED,DISABLED,1397,500,1400,DISABLED,DISABLED,1395,500,1400,DISABLED,DISABLED,1379,500,1400,DISABLED,DISABLED,1381,500,1400,DISABLED,DISABLED,1463,900,1500,N/A,DISABLED,51,914,1680,N/A,ENABLED,51,914,1680,N/A,ENABLED,51,914,1680,N/A,ENABLED,51,914,1680,N/A,ENABLED,42,711,1400,N/A,ENABLED,42,711,1400,N/A,ENABLED,42,711,1400,N/A,ENABLED,42,711,1400,N/A,ENABLED,N/A,49,55
1744669458,0,604,N/A,N/A,N/A,N/A,ENABLED,1398,500,1400,DISABLED,DISABLED,1378,500,1400,DISABLED,DISABLED,1402,500,1400,DISABLED,DISABLED,1395,500,1400,DISABLED,DISABLED,1398,500,1400,DISABLED,DISABLED,1395,500,1400,DISABLED,DISABLED,1378,500,1400,DISABLED,DISABLED,1381,500,1400,DISABLED,DISABLED,1453,900,1500,N/A,DISABLED,50,914,1680,N/A,ENABLED,50,914,1680,N/A,ENABLED,50,914,1680,N/A,ENABLED,50,914,1680,N/A,ENABLED,42,711,1400,N/A,ENABLED,42,711,1400,N/A,ENABLED,42,711,1400,N/A,ENABLED,42,711,1400,N/A,ENABLED,N/A,49,54
1744669459,0,598,N/A,N/A,N/A,N/A,ENABLED,1398,500,1400,DISABLED,DISABLED,1378,500,1400,DISABLED,DISABLED,1402,500,1400,DISABLED,DISABLED,1395,500,1400,DISABLED,DISABLED,1397,500,1400,DISABLED,DISABLED,1394,500,1400,DISABLED,DISABLED,1377,500,1400,DISABLED,DISABLED,1380,500,1400,DISABLED,DISABLED,1456,900,1500,N/A,DISABLED,50,914,1680,N/A,ENABLED,50,914,1680,N/A,ENABLED,50,914,1680,N/A,ENABLED,50,914,1680,N/A,ENABLED,42,711,1400,N/A,ENABLED,42,711,1400,N/A,ENABLED,42,711,1400,N/A,ENABLED,42,711,1400,N/A,ENABLED,N/A,49,54
1744669461,0,607,N/A,N/A,N/A,N/A,ENABLED,1397,500,1400,DISABLED,DISABLED,1378,500,1400,DISABLED,DISABLED,1402,500,1400,DISABLED,DISABLED,1395,500,1400,DISABLED,DISABLED,1397,500,1400,DISABLED,DISABLED,1395,500,1400,DISABLED,DISABLED,1376,500,1400,DISABLED,DISABLED,1380,500,1400,DISABLED,DISABLED,1462,900,1500,N/A,DISABLED,50,914,1680,N/A,ENABLED,50,914,1680,N/A,ENABLED,50,914,1680,N/A,ENABLED,50,914,1680,N/A,ENABLED,42,711,1400,N/A,ENABLED,42,711,1400,N/A,ENABLED,42,711,1400,N/A,ENABLED,42,711,1400,N/A,ENABLED,N/A,49,55
1744669462,0,613,N/A,N/A,N/A,N/A,ENABLED,1397,500,1400,DISABLED,DISABLED,1377,500,1400,DISABLED,DISABLED,1402,500,1400,DISABLED,DISABLED,1395,500,1400,DISABLED,DISABLED,1397,500,1400,DISABLED,DISABLED,1394,500,1400,DISABLED,DISABLED,1379,500,1400,DISABLED,DISABLED,1383,500,1400,DISABLED,DISABLED,1471,900,1500,N/A,DISABLED,51,914,1680,N/A,ENABLED,51,914,1680,N/A,ENABLED,51,914,1680,N/A,ENABLED,51,914,1680,N/A,ENABLED,43,711,1400,N/A,ENABLED,43,711,1400,N/A,ENABLED,43,711,1400,N/A,ENABLED,43,711,1400,N/A,ENABLED,N/A,49,55
1744669463,0,609,N/A,N/A,N/A,N/A,ENABLED,1397,500,1400,DISABLED,DISABLED,1378,500,1400,DISABLED,DISABLED,1402,500,1400,DISABLED,DISABLED,1394,500,1400,DISABLED,DISABLED,1398,500,1400,DISABLED,DISABLED,1394,500,1400,DISABLED,DISABLED,1377,500,1400,DISABLED,DISABLED,1381,500,1400,DISABLED,DISABLED,1456,900,1500,N/A,DISABLED,50,914,1680,N/A,ENABLED,50,914,1680,N/A,ENABLED,50,914,1680,N/A,ENABLED,50,914,1680,N/A,ENABLED,42,711,1400,N/A,ENABLED,42,711,1400,N/A,ENABLED,42,711,1400,N/A,ENABLED,42,711,1400,N/A,ENABLED,N/A,49,54
1744669464,0,612,N/A,N/A,N/A,N/A,ENABLED,1397,500,1400,DISABLED,DISABLED,1376,500,1400,DISABLED,DISABLED,1402,500,1400,DISABLED,DISABLED,1394,500,1400,DISABLED,DISABLED,1398,500,1400,DISABLED,DISABLED,1394,500,1400,DISABLED,DISABLED,1377,500,1400,DISABLED,DISABLED,1381,500,1400,DISABLED,DISABLED,1472,900,1500,N/A,DISABLED,51,914,1680,N/A,ENABLED,51,914,1680,N/A,ENABLED,51,914,1680,N/A,ENABLED,51,914,1680,N/A,ENABLED,43,711,1400,N/A,ENABLED,43,711,1400,N/A,ENABLED,43,711,1400,N/A,ENABLED,43,711,1400,N/A,ENABLED,N/A,49,54
1744669465,0,598,N/A,N/A,N/A,N/A,ENABLED,1397,500,1400,DISABLED,DISABLED,1378,500,1400,DISABLED,DISABLED,1402,500,1400,DISABLED,DISABLED,1394,500,1400,DISABLED,DISABLED,1398,500,1400,DISABLED,DISABLED,1394,500,1400,DISABLED,DISABLED,1378,500,1400,DISABLED,DISABLED,1383,500,1400,DISABLED,DISABLED,1460,900,1500,N/A,DISABLED,50,914,1680,N/A,ENABLED,50,914,1680,N/A,ENABLED,50,914,1680,N/A,ENABLED,50,914,1680,N/A,ENABLED,42,711,1400,N/A,ENABLED,42,711,1400,N/A,ENABLED,42,711,1400,N/A,ENABLED,42,711,1400,N/A,ENABLED,N/A,49,54
1744669467,0,603,N/A,N/A,N/A,N/A,ENABLED,1398,500,1400,DISABLED,DISABLED,1378,500,1400,DISABLED,DISABLED,1402,500,1400,DISABLED,DISABLED,1395,500,1400,DISABLED,DISABLED,1398,500,1400,DISABLED,DISABLED,1394,500,1400,DISABLED,DISABLED,1377,500,1400,DISABLED,DISABLED,1381,500,1400,DISABLED,DISABLED,1458,900,1500,N/A,DISABLED,50,914,1680,N/A,ENABLED,50,914,1680,N/A,ENABLED,50,914,1680,N/A,ENABLED,50,914,1680,N/A,ENABLED,42,711,1400,N/A,ENABLED,42,711,1400,N/A,ENABLED,42,711,1400,N/A,ENABLED,42,711,1400,N/A,ENABLED,N/A,49,54
1744669468,0,602,N/A,N/A,N/A,N/A,ENABLED,1398,500,1400,DISABLED,DISABLED,1379,500,1400,DISABLED,DISABLED,1402,500,1400,DISABLED,DISABLED,1395,500,1400,DISABLED,DISABLED,1397,500,1400,DISABLED,DISABLED,1394,500,1400,DISABLED,DISABLED,1378,500,1400,DISABLED,DISABLED,1382,500,1400,DISABLED,DISABLED,1461,900,1500,N/A,DISABLED,50,914,1680,N/A,ENABLED,50,914,1680,N/A,ENABLED,50,914,1680,N/A,ENABLED,50,914,1680,N/A,ENABLED,42,711,1400,N/A,ENABLED,42,711,1400,N/A,ENABLED,42,711,1400,N/A,ENABLED,42,711,1400,N/A,ENABLED,N/A,49,54
1744669469,0,608,N/A,N/A,N/A,N/A,ENABLED,1397,500,1400,DISABLED,DISABLED,1379,500,1400,DISABLED,DISABLED,1402,500,1400,DISABLED,DISABLED,1395,500,1400,DISABLED,DISABLED,1398,500,1400,DISABLED,DISABLED,1394,500,1400,DISABLED,DISABLED,1378,500,1400,DISABLED,DISABLED,1381,500,1400,DISABLED,DISABLED,1464,900,1500,N/A,DISABLED,51,914,1680,N/A,ENABLED,51,914,1680,N/A,ENABLED,51,914,1680,N/A,ENABLED,51,914,1680,N/A,ENABLED,42,711,1400,N/A,ENABLED,42,711,1400,N/A,ENABLED,42,711,1400,N/A,ENABLED,42,711,1400,N/A,ENABLED,N/A,49,53
1744669470,0,610,N/A,N/A,N/A,N/A,ENABLED,1397,500,1400,DISABLED,DISABLED,1378,500,1400,DISABLED,DISABLED,1402,500,1400,DISABLED,DISABLED,1395,500,1400,DISABLED,DISABLED,1398,500,1400,DISABLED,DISABLED,1394,500,1400,DISABLED,DISABLED,1380,500,1400,DISABLED,DISABLED,1382,500,1400,DISABLED,DISABLED,1458,900,1500,N/A,DISABLED,50,914,1680,N/A,ENABLED,50,914,1680,N/A,ENABLED,50,914,1680,N/A,ENABLED,50,914,1680,N/A,ENABLED,42,711,1400,N/A,ENABLED,42,711,1400,N/A,ENABLED,42,711,1400,N/A,ENABLED,42,711,1400,N/A,ENABLED,N/A,49,54
1744669471,0,601,N/A,N/A,N/A,N/A,ENABLED,1398,500,1400,DISABLED,DISABLED,1379,500,1400,DISABLED,DISABLED,1402,500,1400,DISABLED,DISABLED,1394,500,1400,DISABLED,DISABLED,1399,500,1400,DISABLED,DISABLED,1394,500,1400,DISABLED,DISABLED,1379,500,1400,DISABLED,DISABLED,1383,500,1400,DISABLED,DISABLED,1462,900,1500,N/A,DISABLED,51,914,1680,N/A,ENABLED,51,914,1680,N/A,ENABLED,51,914,1680,N/A,ENABLED,51,914,1680,N/A,ENABLED,42,711,1400,N/A,ENABLED,42,711,1400,N/A,ENABLED,42,711,1400,N/A,ENABLED,42,711,1400,N/A,ENABLED,N/A,49,55
1744669472,0,613,N/A,N/A,N/A,N/A,ENABLED,1396,500,1400,DISABLED,DISABLED,1378,500,1400,DISABLED,DISABLED,1402,500,1400,DISABLED,DISABLED,1394,500,1400,DISABLED,DISABLED,1399,500,1400,DISABLED,DISABLED,1394,500,1400,DISABLED,DISABLED,1377,500,1400,DISABLED,DISABLED,1381,500,1400,DISABLED,DISABLED,1464,900,1500,N/A,DISABLED,51,914,1680,N/A,ENABLED,51,914,1680,N/A,ENABLED,51,914,1680,N/A,ENABLED,51,914,1680,N/A,ENABLED,42,711,1400,N/A,ENABLED,42,711,1400,N/A,ENABLED,42,711,1400,N/A,ENABLED,42,711,1400,N/A,ENABLED,N/A,49,54
1744669474,0,609,N/A,N/A,N/A,N/A,ENABLED,1397,500,1400,DISABLED,DISABLED,1379,500,1400,DISABLED,DISABLED,1402,500,1400,DISABLED,DISABLED,1395,500,1400,DISABLED,DISABLED,1398,500,1400,DISABLED,DISABLED,1393,500,1400,DISABLED,DISABLED,1379,500,1400,DISABLED,DISABLED,1382,500,1400,DISABLED,DISABLED,1470,900,1500,N/A,DISABLED,51,914,1680,N/A,ENABLED,51,914,1680,N/A,ENABLED,51,914,1680,N/A,ENABLED,51,914,1680,N/A,ENABLED,43,711,1400,N/A,ENABLED,43,711,1400,N/A,ENABLED,43,711,1400,N/A,ENABLED,43,711,1400,N/A,ENABLED,N/A,49,54
1744669475,0,603,N/A,N/A,N/A,N/A,ENABLED,1396,500,1400,DISABLED,DISABLED,1378,500,1400,DISABLED,DISABLED,1402,500,1400,DISABLED,DISABLED,1395,500,1400,DISABLED,DISABLED,1397,500,1400,DISABLED,DISABLED,1394,500,1400,DISABLED,DISABLED,1379,500,1400,DISABLED,DISABLED,1382,500,1400,DISABLED,DISABLED,1469,900,1500,N/A,DISABLED,51,914,1680,N/A,ENABLED,51,914,1680,N/A,ENABLED,51,914,1680,N/A,ENABLED,51,914,1680,N/A,ENABLED,43,711,1400,N/A,ENABLED,43,711,1400,N/A,ENABLED,43,711,1400,N/A,ENABLED,43,711,1400,N/A,ENABLED,N/A,49,54
1744669476,0,600,N/A,N/A,N/A,N/A,ENABLED,1397,500,1400,DISABLED,DISABLED,1378,500,1400,DISABLED,DISABLED,1402,500,1400,DISABLED,DISABLED,1395,500,1400,DISABLED,DISABLED,1397,500,1400,DISABLED,DISABLED,1395,500,1400,DISABLED,DISABLED,1380,500,1400,DISABLED,DISABLED,1382,500,1400,DISABLED,DISABLED,1462,900,1500,N/A,DISABLED,50,914,1680,N/A,ENABLED,50,914,1680,N/A,ENABLED,50,914,1680,N/A,ENABLED,50,914,1680,N/A,ENABLED,42,711,1400,N/A,ENABLED,42,711,1400,N/A,ENABLED,42,711,1400,N/A,ENABLED,42,711,1400,N/A,ENABLED,N/A,49,55
1744669477,0,610,N/A,N/A,N/A,N/A,ENABLED,1396,500,1400,DISABLED,DISABLED,1378,500,1400,DISABLED,DISABLED,1402,500,1400,DISABLED,DISABLED,1395,500,1400,DISABLED,DISABLED,1397,500,1400,DISABLED,DISABLED,1394,500,1400,DISABLED,DISABLED,1380,500,1400,DISABLED,DISABLED,1382,500,1400,DISABLED,DISABLED,1463,900,1500,N/A,DISABLED,51,914,1680,N/A,ENABLED,51,914,1680,N/A,ENABLED,51,914,1680,N/A,ENABLED,51,914,1680,N/A,ENABLED,42,711,1400,N/A,ENABLED,42,711,1400,N/A,ENABLED,42,711,1400,N/A,ENABLED,42,711,1400,N/A,ENABLED,N/A,49,54
1744669478,0,609,N/A,N/A,N/A,N/A,ENABLED,1396,500,1400,DISABLED,DISABLED,1377,500,1400,DISABLED,DISABLED,1402,500,1400,DISABLED,DISABLED,1394,500,1400,DISABLED,DISABLED,1397,500,1400,DISABLED,DISABLED,1395,500,1400,DISABLED,DISABLED,1380,500,1400,DISABLED,DISABLED,1382,500,1400,DISABLED,DISABLED,1474,900,1500,N/A,DISABLED,51,914,1680,N/A,ENABLED,51,914,1680,N/A,ENABLED,51,914,1680,N/A,ENABLED,51,914,1680,N/A,ENABLED,43,711,1400,N/A,ENABLED,43,711,1400,N/A,ENABLED,43,711,1400,N/A,ENABLED,43,711,1400,N/A,ENABLED,N/A,49,54
1744669479,0,608,N/A,N/A,N/A,N/A,ENABLED,1397,500,1400,DISABLED,DISABLED,1379,500,1400,DISABLED,DISABLED,1403,500,1400,DISABLED,DISABLED,1396,500,1400,DISABLED,DISABLED,1397,500,1400,DISABLED,DISABLED,1394,500,1400,DISABLED,DISABLED,1379,500,1400,DISABLED,DISABLED,1382,500,1400,DISABLED,DISABLED,1472,900,1500,N/A,DISABLED,51,914,1680,N/A,ENABLED,51,914,1680,N/A,ENABLED,51,914,1680,N/A,ENABLED,51,914,1680,N/A,ENABLED,43,711,1400,N/A,ENABLED,43,711,1400,N/A,ENABLED,43,711,1400,N/A,ENABLED,43,711,1400,N/A,ENABLED,N/A,49,55
1744669481,0,603,N/A,N/A,N/A,N/A,ENABLED,1397,500,1400,DISABLED,DISABLED,1377,500,1400,DISABLED,DISABLED,1403,500,1400,DISABLED,DISABLED,1395,500,1400,DISABLED,DISABLED,1397,500,1400,DISABLED,DISABLED,1394,500,1400,DISABLED,DISABLED,1378,500,1400,DISABLED,DISABLED,1381,500,1400,DISABLED,DISABLED,1465,900,1500,N/A,DISABLED,51,914,1680,N/A,ENABLED,51,914,1680,N/A,ENABLED,51,914,1680,N/A,ENABLED,51,914,1680,N/A,ENABLED,42,711,1400,N/A,ENABLED,42,711,1400,N/A,ENABLED,42,711,1400,N/A,ENABLED,42,711,1400,N/A,ENABLED,N/A,49,55
1744669482,0,608,N/A,N/A,N/A,N/A,ENABLED,1397,500,1400,DISABLED,DISABLED,1377,500,1400,DISABLED,DISABLED,1402,500,1400,DISABLED,DISABLED,1395,500,1400,DISABLED,DISABLED,1397,500,1400,DISABLED,DISABLED,1394,500,1400,DISABLED,DISABLED,1378,500,1400,DISABLED,DISABLED,1380,500,1400,DISABLED,DISABLED,1470,900,1500,N/A,DISABLED,51,914,1680,N/A,ENABLED,51,914,1680,N/A,ENABLED,51,914,1680,N/A,ENABLED,51,914,1680,N/A,ENABLED,43,711,1400,N/A,ENABLED,43,711,1400,N/A,ENABLED,43,711,1400,N/A,ENABLED,43,711,1400,N/A,ENABLED,N/A,49,55
1744669483,0,606,N/A,N/A,N/A,N/A,ENABLED,1396,500,1400,DISABLED,DISABLED,1377,500,1400,DISABLED,DISABLED,1402,500,1400,DISABLED,DISABLED,1394,500,1400,DISABLED,DISABLED,1397,500,1400,DISABLED,DISABLED,1394,500,1400,DISABLED,DISABLED,1378,500,1400,DISABLED,DISABLED,1381,500,1400,DISABLED,DISABLED,1455,900,1500,N/A,DISABLED,50,914,1680,N/A,ENABLED,50,914,1680,N/A,ENABLED,50,914,1680,N/A,ENABLED,50,914,1680,N/A,ENABLED,42,711,1400,N/A,ENABLED,42,711,1400,N/A,ENABLED,42,711,1400,N/A,ENABLED,42,711,1400,N/A,ENABLED,N/A,49,54
1744669484,0,602,N/A,N/A,N/A,N/A,ENABLED,1396,500,1400,DISABLED,DISABLED,1377,500,1400,DISABLED,DISABLED,1402,500,1400,DISABLED,DISABLED,1395,500,1400,DISABLED,DISABLED,1397,500,1400,DISABLED,DISABLED,1394,500,1400,DISABLED,DISABLED,1379,500,1400,DISABLED,DISABLED,1382,500,1400,DISABLED,DISABLED,1465,900,1500,N/A,DISABLED,51,914,1680,N/A,ENABLED,51,914,1680,N/A,ENABLED,51,914,1680,N/A,ENABLED,51,914,1680,N/A,ENABLED,42,711,1400,N/A,ENABLED,42,711,1400,N/A,ENABLED,42,711,1400,N/A,ENABLED,42,711,1400,N/A,ENABLED,N/A,49,54
1744669485,0,605,N/A,N/A,N/A,N/A,ENABLED,1397,500,1400,DISABLED,DISABLED,1378,500,1400,DISABLED,DISABLED,1402,500,1400,DISABLED,DISABLED,1395,500,1400,DISABLED,DISABLED,1397,500,1400,DISABLED,DISABLED,1394,500,1400,DISABLED,DISABLED,1379,500,1400,DISABLED,DISABLED,1382,500,1400,DISABLED,DISABLED,1454,900,1500,N/A,DISABLED,50,914,1680,N/A,ENABLED,50,914,1680,N/A,ENABLED,50,914,1680,N/A,ENABLED,50,914,1680,N/A,ENABLED,42,711,1400,N/A,ENABLED,42,711,1400,N/A,ENABLED,42,711,1400,N/A,ENABLED,42,711,1400,N/A,ENABLED,N/A,49,54
1744669487,0,612,N/A,N/A,N/A,N/A,ENABLED,1397,500,1400,DISABLED,DISABLED,1378,500,1400,DISABLED,DISABLED,1402,500,1400,DISABLED,DISABLED,1394,500,1400,DISABLED,DISABLED,1397,500,1400,DISABLED,DISABLED,1394,500,1400,DISABLED,DISABLED,1380,500,1400,DISABLED,DISABLED,1382,500,1400,DISABLED,DISABLED,1463,900,1500,N/A,DISABLED,51,914,1680,N/A,ENABLED,51,914,1680,N/A,ENABLED,51,914,1680,N/A,ENABLED,51,914,1680,N/A,ENABLED,42,711,1400,N/A,ENABLED,42,711,1400,N/A,ENABLED,42,711,1400,N/A,ENABLED,42,711,1400,N/A,ENABLED,N/A,49,54
1744669488,0,608,N/A,N/A,N/A,N/A,ENABLED,1396,500,1400,DISABLED,DISABLED,1377,500,1400,DISABLED,DISABLED,1403,500,1400,DISABLED,DISABLED,1395,500,1400,DISABLED,DISABLED,1397,500,1400,DISABLED,DISABLED,1394,500,1400,DISABLED,DISABLED,1379,500,1400,DISABLED,DISABLED,1381,500,1400,DISABLED,DISABLED,1463,900,1500,N/A,DISABLED,51,914,1680,N/A,ENABLED,51,914,1680,N/A,ENABLED,51,914,1680,N/A,ENABLED,51,914,1680,N/A,ENABLED,42,711,1400,N/A,ENABLED,42,711,1400,N/A,ENABLED,42,711,1400,N/A,ENABLED,42,711,1400,N/A,ENABLED,N/A,49,54
1744669489,0,610,N/A,N/A,N/A,N/A,ENABLED,1397,500,1400,DISABLED,DISABLED,1377,500,1400,DISABLED,DISABLED,1402,500,1400,DISABLED,DISABLED,1395,500,1400,DISABLED,DISABLED,1397,500,1400,DISABLED,DISABLED,1393,500,1400,DISABLED,DISABLED,1380,500,1400,DISABLED,DISABLED,1382,500,1400,DISABLED,DISABLED,1459,900,1500,N/A,DISABLED,50,914,1680,N/A,ENABLED,50,914,1680,N/A,ENABLED,50,914,1680,N/A,ENABLED,50,914,1680,N/A,ENABLED,42,711,1400,N/A,ENABLED,42,711,1400,N/A,ENABLED,42,711,1400,N/A,ENABLED,42,711,1400,N/A,ENABLED,N/A,49,54
1744669490,0,608,N/A,N/A,N/A,N/A,ENABLED,1396,500,1400,DISABLED,DISABLED,1377,500,1400,DISABLED,DISABLED,1402,500,1400,DISABLED,DISABLED,1394,500,1400,DISABLED,DISABLED,1398,500,1400,DISABLED,DISABLED,1394,500,1400,DISABLED,DISABLED,1380,500,1400,DISABLED,DISABLED,1381,500,1400,DISABLED,DISABLED,1460,900,1500,N/A,DISABLED,50,914,1680,N/A,ENABLED,50,914,1680,N/A,ENABLED,50,914,1680,N/A,ENABLED,50,914,1680,N/A,ENABLED,42,711,1400,N/A,ENABLED,42,711,1400,N/A,ENABLED,42,711,1400,N/A,ENABLED,42,711,1400,N/A,ENABLED,N/A,49,54
1744669491,0,600,N/A,N/A,N/A,N/A,ENABLED,1396,500,1400,DISABLED,DISABLED,1378,500,1400,DISABLED,DISABLED,1402,500,1400,DISABLED,DISABLED,1395,500,1400,DISABLED,DISABLED,1397,500,1400,DISABLED,DISABLED,1394,500,1400,DISABLED,DISABLED,1380,500,1400,DISABLED,DISABLED,1382,500,1400,DISABLED,DISABLED,1452,900,1500,N/A,DISABLED,50,914,1680,N/A,ENABLED,50,914,1680,N/A,ENABLED,50,914,1680,N/A,ENABLED,50,914,1680,N/A,ENABLED,42,711,1400,N/A,ENABLED,42,711,1400,N/A,ENABLED,42,711,1400,N/A,ENABLED,42,711,1400,N/A,ENABLED,N/A,49,54
1744669492,0,610,N/A,N/A,N/A,N/A,ENABLED,1397,500,1400,DISABLED,DISABLED,1378,500,1400,DISABLED,DISABLED,1402,500,1400,DISABLED,DISABLED,1395,500,1400,DISABLED,DISABLED,1398,500,1400,DISABLED,DISABLED,1394,500,1400,DISABLED,DISABLED,1380,500,1400,DISABLED,DISABLED,1382,500,1400,DISABLED,DISABLED,1464,900,1500,N/A,DISABLED,51,914,1680,N/A,ENABLED,51,914,1680,N/A,ENABLED,51,914,1680,N/A,ENABLED,51,914,1680,N/A,ENABLED,42,711,1400,N/A,ENABLED,42,711,1400,N/A,ENABLED,42,711,1400,N/A,ENABLED,42,711,1400,N/A,ENABLED,N/A,49,55
1744669494,0,609,N/A,N/A,N/A,N/A,ENABLED,1398,500,1400,DISABLED,DISABLED,1379,500,1400,DISABLED,DISABLED,1402,500,1400,DISABLED,DISABLED,1394,500,1400,DISABLED,DISABLED,1398,500,1400,DISABLED,DISABLED,1395,500,1400,DISABLED,DISABLED,1377,500,1400,DISABLED,DISABLED,1382,500,1400,DISABLED,DISABLED,1458,900,1500,N/A,DISABLED,50,914,1680,N/A,ENABLED,50,914,1680,N/A,ENABLED,50,914,1680,N/A,ENABLED,50,914,1680,N/A,ENABLED,42,711,1400,N/A,ENABLED,42,711,1400,N/A,ENABLED,42,711,1400,N/A,ENABLED,42,711,1400,N/A,ENABLED,N/A,49,55
1744669495,0,607,N/A,N/A,N/A,N/A,ENABLED,1396,500,1400,DISABLED,DISABLED,1377,500,1400,DISABLED,DISABLED,1402,500,1400,DISABLED,DISABLED,1394,500,1400,DISABLED,DISABLED,1397,500,1400,DISABLED,DISABLED,1394,500,1400,DISABLED,DISABLED,1379,500,1400,DISABLED,DISABLED,1382,500,1400,DISABLED,DISABLED,1464,900,1500,N/A,DISABLED,51,914,1680,N/A,ENABLED,51,914,1680,N/A,ENABLED,51,914,1680,N/A,ENABLED,51,914,1680,N/A,ENABLED,42,711,1400,N/A,ENABLED,42,711,1400,N/A,ENABLED,42,711,1400,N/A,ENABLED,42,711,1400,N/A,ENABLED,N/A,49,54
1744669496,0,594,N/A,N/A,N/A,N/A,ENABLED,1398,500,1400,DISABLED,DISABLED,1378,500,1400,DISABLED,DISABLED,1403,500,1400,DISABLED,DISABLED,1394,500,1400,DISABLED,DISABLED,1398,500,1400,DISABLED,DISABLED,1394,500,1400,DISABLED,DISABLED,1380,500,1400,DISABLED,DISABLED,1383,500,1400,DISABLED,DISABLED,1463,900,1500,N/A,DISABLED,51,914,1680,N/A,ENABLED,51,914,1680,N/A,ENABLED,51,914,1680,N/A,ENABLED,51,914,1680,N/A,ENABLED,42,711,1400,N/A,ENABLED,42,711,1400,N/A,ENABLED,42,711,1400,N/A,ENABLED,42,711,1400,N/A,ENABLED,N/A,49,53
1744669497,0,602,N/A,N/A,N/A,N/A,ENABLED,1397,500,1400,DISABLED,DISABLED,1377,500,1400,DISABLED,DISABLED,1403,500,1400,DISABLED,DISABLED,1394,500,1400,DISABLED,DISABLED,1397,500,1400,DISABLED,DISABLED,1395,500,1400,DISABLED,DISABLED,1378,500,1400,DISABLED,DISABLED,1382,500,1400,DISABLED,DISABLED,1464,900,1500,N/A,DISABLED,51,914,1680,N/A,ENABLED,50,914,1680,N/A,ENABLED,50,914,1680,N/A,ENABLED,51,914,1680,N/A,ENABLED,42,711,1400,N/A,ENABLED,42,711,1400,N/A,ENABLED,42,711,1400,N/A,ENABLED,42,711,1400,N/A,ENABLED,N/A,49,55
1744669498,0,610,N/A,N/A,N/A,N/A,ENABLED,1397,500,1400,DISABLED,DISABLED,1377,500,1400,DISABLED,DISABLED,1403,500,1400,DISABLED,DISABLED,1394,500,1400,DISABLED,DISABLED,1397,500,1400,DISABLED,DISABLED,1394,500,1400,DISABLED,DISABLED,1378,500,1400,DISABLED,DISABLED,1382,500,1400,DISABLED,DISABLED,1465,900,1500,N/A,DISABLED,51,914,1680,N/A,ENABLED,51,914,1680,N/A,ENABLED,51,914,1680,N/A,ENABLED,51,914,1680,N/A,ENABLED,42,711,1400,N/A,ENABLED,42,711,1400,N/A,ENABLED,42,711,1400,N/A,ENABLED,42,711,1400,N/A,ENABLED,N/A,49,54
1744669500,0,610,N/A,N/A,N/A,N/A,ENABLED,1397,500,1400,DISABLED,DISABLED,1378,500,1400,DISABLED,DISABLED,1403,500,1400,DISABLED,DISABLED,1394,500,1400,DISABLED,DISABLED,1398,500,1400,DISABLED,DISABLED,1394,500,1400,DISABLED,DISABLED,1377,500,1400,DISABLED,DISABLED,1381,500,1400,DISABLED,DISABLED,1470,900,1500,N/A,DISABLED,51,914,1680,N/A,ENABLED,51,914,1680,N/A,ENABLED,51,914,1680,N/A,ENABLED,51,914,1680,N/A,ENABLED,43,711,1400,N/A,ENABLED,43,711,1400,N/A,ENABLED,43,711,1400,N/A,ENABLED,43,711,1400,N/A,ENABLED,N/A,49,55
1744669501,0,603,N/A,N/A,N/A,N/A,ENABLED,1398,500,1400,DISABLED,DISABLED,1379,500,1400,DISABLED,DISABLED,1403,500,1400,DISABLED,DISABLED,1394,500,1400,DISABLED,DISABLED,1398,500,1400,DISABLED,DISABLED,1394,500,1400,DISABLED,DISABLED,1378,500,1400,DISABLED,DISABLED,1381,500,1400,DISABLED,DISABLED,1475,900,1500,N/A,DISABLED,51,914,1680,N/A,ENABLED,51,914,1680,N/A,ENABLED,51,914,1680,N/A,ENABLED,51,914,1680,N/A,ENABLED,43,711,1400,N/A,ENABLED,43,711,1400,N/A,ENABLED,43,711,1400,N/A,ENABLED,43,711,1400,N/A,ENABLED,N/A,49,54
1744669502,0,608,N/A,N/A,N/A,N/A,ENABLED,1397,500,1400,DISABLED,DISABLED,1378,500,1400,DISABLED,DISABLED,1402,500,1400,DISABLED,DISABLED,1394,500,1400,DISABLED,DISABLED,1398,500,1400,DISABLED,DISABLED,1394,500,1400,DISABLED,DISABLED,1376,500,1400,DISABLED,DISABLED,1381,500,1400,DISABLED,DISABLED,1464,900,1500,N/A,DISABLED,51,914,1680,N/A,ENABLED,51,914,1680,N/A,ENABLED,51,914,1680,N/A,ENABLED,51,914,1680,N/A,ENABLED,42,711,1400,N/A,ENABLED,42,711,1400,N/A,ENABLED,42,711,1400,N/A,ENABLED,42,711,1400,N/A,ENABLED,N/A,49,54
1744669503,0,614,N/A,N/A,N/A,N/A,ENABLED,1398,500,1400,DISABLED,DISABLED,1377,500,1400,DISABLED,DISABLED,1402,500,1400,DISABLED,DISABLED,1393,500,1400,DISABLED,DISABLED,1398,500,1400,DISABLED,DISABLED,1394,500,1400,DISABLED,DISABLED,1378,500,1400,DISABLED,DISABLED,1382,500,1400,DISABLED,DISABLED,1469,900,1500,N/A,DISABLED,51,914,1680,N/A,ENABLED,51,914,1680,N/A,ENABLED,51,914,1680,N/A,ENABLED,51,914,1680,N/A,ENABLED,43,711,1400,N/A,ENABLED,43,711,1400,N/A,ENABLED,43,711,1400,N/A,ENABLED,43,711,1400,N/A,ENABLED,N/A,49,54
1744669504,0,605,N/A,N/A,N/A,N/A,ENABLED,1398,500,1400,DISABLED,DISABLED,1378,500,1400,DISABLED,DISABLED,1403,500,1400,DISABLED,DISABLED,1393,500,1400,DISABLED,DISABLED,1397,500,1400,DISABLED,DISABLED,1394,500,1400,DISABLED,DISABLED,1379,500,1400,DISABLED,DISABLED,1382,500,1400,DISABLED,DISABLED,1464,900,1500,N/A,DISABLED,51,914,1680,N/A,ENABLED,51,914,1680,N/A,ENABLED,51,914,1680,N/A,ENABLED,51,914,1680,N/A,ENABLED,42,711,1400,N/A,ENABLED,42,711,1400,N/A,ENABLED,42,711,1400,N/A,ENABLED,42,711,1400,N/A,ENABLED,N/A,49,54
1744669505,0,611,N/A,N/A,N/A,N/A,ENABLED,1396,500,1400,DISABLED,DISABLED,1378,500,1400,DISABLED,DISABLED,1402,500,1400,DISABLED,DISABLED,1394,500,1400,DISABLED,DISABLED,1398,500,1400,DISABLED,DISABLED,1394,500,1400,DISABLED,DISABLED,1379,500,1400,DISABLED,DISABLED,1383,500,1400,DISABLED,DISABLED,1471,900,1500,N/A,DISABLED,51,914,1680,N/A,ENABLED,51,914,1680,N/A,ENABLED,51,914,1680,N/A,ENABLED,51,914,1680,N/A,ENABLED,43,711,1400,N/A,ENABLED,43,711,1400,N/A,ENABLED,43,711,1400,N/A,ENABLED,43,711,1400,N/A,ENABLED,N/A,49,55
1744669507,0,602,N/A,N/A,N/A,N/A,ENABLED,1397,500,1400,DISABLED,DISABLED,1377,500,1400,DISABLED,DISABLED,1402,500,1400,DISABLED,DISABLED,1394,500,1400,DISABLED,DISABLED,1398,500,1400,DISABLED,DISABLED,1395,500,1400,DISABLED,DISABLED,1379,500,1400,DISABLED,DISABLED,1384,500,1400,DISABLED,DISABLED,1472,900,1500,N/A,DISABLED,51,914,1680,N/A,ENABLED,51,914,1680,N/A,ENABLED,51,914,1680,N/A,ENABLED,51,914,1680,N/A,ENABLED,43,711,1400,N/A,ENABLED,43,711,1400,N/A,ENABLED,43,711,1400,N/A,ENABLED,43,711,1400,N/A,ENABLED,N/A,49,54
1744669508,0,604,N/A,N/A,N/A,N/A,ENABLED,1397,500,1400,DISABLED,DISABLED,1378,500,1400,DISABLED,DISABLED,1402,500,1400,DISABLED,DISABLED,1394,500,1400,DISABLED,DISABLED,1398,500,1400,DISABLED,DISABLED,1395,500,1400,DISABLED,DISABLED,1380,500,1400,DISABLED,DISABLED,1384,500,1400,DISABLED,DISABLED,1469,900,1500,N/A,DISABLED,51,914,1680,N/A,ENABLED,51,914,1680,N/A,ENABLED,51,914,1680,N/A,ENABLED,51,914,1680,N/A,ENABLED,43,711,1400,N/A,ENABLED,43,711,1400,N/A,ENABLED,43,711,1400,N/A,ENABLED,43,711,1400,N/A,ENABLED,N/A,49,54
1744669509,0,598,N/A,N/A,N/A,N/A,ENABLED,1397,500,1400,DISABLED,DISABLED,1378,500,1400,DISABLED,DISABLED,1403,500,1400,DISABLED,DISABLED,1394,500,1400,DISABLED,DISABLED,1398,500,1400,DISABLED,DISABLED,1395,500,1400,DISABLED,DISABLED,1378,500,1400,DISABLED,DISABLED,1383,500,1400,DISABLED,DISABLED,1453,900,1500,N/A,DISABLED,50,914,1680,N/A,ENABLED,50,914,1680,N/A,ENABLED,50,914,1680,N/A,ENABLED,50,914,1680,N/A,ENABLED,42,711,1400,N/A,ENABLED,42,711,1400,N/A,ENABLED,42,711,1400,N/A,ENABLED,42,711,1400,N/A,ENABLED,N/A,49,54
1744669510,0,597,N/A,N/A,N/A,N/A,ENABLED,1397,500,1400,DISABLED,DISABLED,1378,500,1400,DISABLED,DISABLED,1403,500,1400,DISABLED,DISABLED,1394,500,1400,DISABLED,DISABLED,1399,500,1400,DISABLED,DISABLED,1396,500,1400,DISABLED,DISABLED,1378,500,1400,DISABLED,DISABLED,1382,500,1400,DISABLED,DISABLED,1447,900,1500,N/A,DISABLED,50,914,1680,N/A,ENABLED,50,914,1680,N/A,ENABLED,50,914,1680,N/A,ENABLED,50,914,1680,N/A,ENABLED,42,711,1400,N/A,ENABLED,42,711,1400,N/A,ENABLED,42,711,1400,N/A,ENABLED,42,711,1400,N/A,ENABLED,N/A,49,54
1744669511,0,606,N/A,N/A,N/A,N/A,ENABLED,1397,500,1400,DISABLED,DISABLED,1377,500,1400,DISABLED,DISABLED,1403,500,1400,DISABLED,DISABLED,1394,500,1400,DISABLED,DISABLED,1397,500,1400,DISABLED,DISABLED,1394,500,1400,DISABLED,DISABLED,1378,500,1400,DISABLED,DISABLED,1382,500,1400,DISABLED,DISABLED,1453,900,1500,N/A,DISABLED,50,914,1680,N/A,ENABLED,50,914,1680,N/A,ENABLED,50,914,1680,N/A,ENABLED,50,914,1680,N/A,ENABLED,42,711,1400,N/A,ENABLED,42,711,1400,N/A,ENABLED,42,711,1400,N/A,ENABLED,42,711,1400,N/A,ENABLED,N/A,49,55
1744669512,0,604,N/A,N/A,N/A,N/A,ENABLED,1397,500,1400,DISABLED,DISABLED,1379,500,1400,DISABLED,DISABLED,1402,500,1400,DISABLED,DISABLED,1394,500,1400,DISABLED,DISABLED,1397,500,1400,DISABLED,DISABLED,1394,500,1400,DISABLED,DISABLED,1377,500,1400,DISABLED,DISABLED,1382,500,1400,DISABLED,DISABLED,1457,900,1500,N/A,DISABLED,50,914,1680,N/A,ENABLED,50,914,1680,N/A,ENABLED,50,914,1680,N/A,ENABLED,50,914,1680,N/A,ENABLED,42,711,1400,N/A,ENABLED,42,711,1400,N/A,ENABLED,42,711,1400,N/A,ENABLED,42,711,1400,N/A,ENABLED,N/A,49,54
1744669514,0,611,N/A,N/A,N/A,N/A,ENABLED,1397,500,1400,DISABLED,DISABLED,1379,500,1400,DISABLED,DISABLED,1402,500,1400,DISABLED,DISABLED,1394,500,1400,DISABLED,DISABLED,1397,500,1400,DISABLED,DISABLED,1394,500,1400,DISABLED,DISABLED,1378,500,1400,DISABLED,DISABLED,1382,500,1400,DISABLED,DISABLED,1455,900,1500,N/A,DISABLED,50,914,1680,N/A,ENABLED,50,914,1680,N/A,ENABLED,50,914,1680,N/A,ENABLED,50,914,1680,N/A,ENABLED,42,711,1400,N/A,ENABLED,42,711,1400,N/A,ENABLED,42,711,1400,N/A,ENABLED,42,711,1400,N/A,ENABLED,N/A,49,55
1744669515,0,604,N/A,N/A,N/A,N/A,ENABLED,1397,500,1400,DISABLED,DISABLED,1379,500,1400,DISABLED,DISABLED,1403,500,1400,DISABLED,DISABLED,1395,500,1400,DISABLED,DISABLED,1397,500,1400,DISABLED,DISABLED,1395,500,1400,DISABLED,DISABLED,1379,500,1400,DISABLED,DISABLED,1382,500,1400,DISABLED,DISABLED,1460,900,1500,N/A,DISABLED,50,914,1680,N/A,ENABLED,50,914,1680,N/A,ENABLED,50,914,1680,N/A,ENABLED,50,914,1680,N/A,ENABLED,42,711,1400,N/A,ENABLED,42,711,1400,N/A,ENABLED,42,711,1400,N/A,ENABLED,42,711,1400,N/A,ENABLED,N/A,49,54
1744669516,0,602,N/A,N/A,N/A,N/A,ENABLED,1397,500,1400,DISABLED,DISABLED,1378,500,1400,DISABLED,DISABLED,1402,500,1400,DISABLED,DISABLED,1394,500,1400,DISABLED,DISABLED,1398,500,1400,DISABLED,DISABLED,1395,500,1400,DISABLED,DISABLED,1378,500,1400,DISABLED,DISABLED,1382,500,1400,DISABLED,DISABLED,1460,900,1500,N/A,DISABLED,50,914,1680,N/A,ENABLED,50,914,1680,N/A,ENABLED,50,914,1680,N/A,ENABLED,50,914,1680,N/A,ENABLED,42,711,1400,N/A,ENABLED,42,711,1400,N/A,ENABLED,42,711,1400,N/A,ENABLED,42,711,1400,N/A,ENABLED,N/A,49,53
1744669517,0,606,N/A,N/A,N/A,N/A,ENABLED,1397,500,1400,DISABLED,DISABLED,1378,500,1400,DISABLED,DISABLED,1402,500,1400,DISABLED,DISABLED,1394,500,1400,DISABLED,DISABLED,1397,500,1400,DISABLED,DISABLED,1395,500,1400,DISABLED,DISABLED,1380,500,1400,DISABLED,DISABLED,1383,500,1400,DISABLED,DISABLED,1470,900,1500,N/A,DISABLED,51,914,1680,N/A,ENABLED,51,914,1680,N/A,ENABLED,51,914,1680,N/A,ENABLED,51,914,1680,N/A,ENABLED,43,711,1400,N/A,ENABLED,43,711,1400,N/A,ENABLED,43,711,1400,N/A,ENABLED,43,711,1400,N/A,ENABLED,N/A,49,55
1744669518,0,607,N/A,N/A,N/A,N/A,ENABLED,1397,500,1400,DISABLED,DISABLED,1378,500,1400,DISABLED,DISABLED,1403,500,1400,DISABLED,DISABLED,1394,500,1400,DISABLED,DISABLED,1397,500,1400,DISABLED,DISABLED,1395,500,1400,DISABLED,DISABLED,1379,500,1400,DISABLED,DISABLED,1383,500,1400,DISABLED,DISABLED,1463,900,1500,N/A,DISABLED,51,914,1680,N/A,ENABLED,51,914,1680,N/A,ENABLED,51,914,1680,N/A,ENABLED,51,914,1680,N/A,ENABLED,42,711,1400,N/A,ENABLED,42,711,1400,N/A,ENABLED,42,711,1400,N/A,ENABLED,42,711,1400,N/A,ENABLED,N/A,49,55
1744669520,0,607,N/A,N/A,N/A,N/A,ENABLED,1398,500,1400,DISABLED,DISABLED,1378,500,1400,DISABLED,DISABLED,1403,500,1400,DISABLED,DISABLED,1394,500,1400,DISABLED,DISABLED,1398,500,1400,DISABLED,DISABLED,1394,500,1400,DISABLED,DISABLED,1378,500,1400,DISABLED,DISABLED,1383,500,1400,DISABLED,DISABLED,1463,900,1500,N/A,DISABLED,51,914,1680,N/A,ENABLED,51,914,1680,N/A,ENABLED,51,914,1680,N/A,ENABLED,51,914,1680,N/A,ENABLED,42,711,1400,N/A,ENABLED,42,711,1400,N/A,ENABLED,42,711,1400,N/A,ENABLED,42,711,1400,N/A,ENABLED,N/A,49,55
1744669521,0,609,N/A,N/A,N/A,N/A,ENABLED,1397,500,1400,DISABLED,DISABLED,1378,500,1400,DISABLED,DISABLED,1402,500,1400,DISABLED,DISABLED,1394,500,1400,DISABLED,DISABLED,1398,500,1400,DISABLED,DISABLED,1395,500,1400,DISABLED,DISABLED,1378,500,1400,DISABLED,DISABLED,1382,500,1400,DISABLED,DISABLED,1466,900,1500,N/A,DISABLED,51,914,1680,N/A,ENABLED,51,914,1680,N/A,ENABLED,51,914,1680,N/A,ENABLED,51,914,1680,N/A,ENABLED,42,711,1400,N/A,ENABLED,42,711,1400,N/A,ENABLED,42,711,1400,N/A,ENABLED,42,711,1400,N/A,ENABLED,N/A,49,54
1744669522,0,604,N/A,N/A,N/A,N/A,ENABLED,1397,500,1400,DISABLED,DISABLED,1377,500,1400,DISABLED,DISABLED,1402,500,1400,DISABLED,DISABLED,1394,500,1400,DISABLED,DISABLED,1398,500,1400,DISABLED,DISABLED,1395,500,1400,DISABLED,DISABLED,1379,500,1400,DISABLED,DISABLED,1383,500,1400,DISABLED,DISABLED,1451,900,1500,N/A,DISABLED,50,914,1680,N/A,ENABLED,50,914,1680,N/A,ENABLED,50,914,1680,N/A,ENABLED,50,914,1680,N/A,ENABLED,42,711,1400,N/A,ENABLED,42,711,1400,N/A,ENABLED,42,711,1400,N/A,ENABLED,42,711,1400,N/A,ENABLED,N/A,49,54
1744669523,0,604,N/A,N/A,N/A,N/A,ENABLED,1396,500,1400,DISABLED,DISABLED,1378,500,1400,DISABLED,DISABLED,1402,500,1400,DISABLED,DISABLED,1394,500,1400,DISABLED,DISABLED,1398,500,1400,DISABLED,DISABLED,1395,500,1400,DISABLED,DISABLED,1379,500,1400,DISABLED,DISABLED,1382,500,1400,DISABLED,DISABLED,1463,900,1500,N/A,DISABLED,51,914,1680,N/A,ENABLED,51,914,1680,N/A,ENABLED,51,914,1680,N/A,ENABLED,51,914,1680,N/A,ENABLED,42,711,1400,N/A,ENABLED,42,711,1400,N/A,ENABLED,42,711,1400,N/A,ENABLED,42,711,1400,N/A,ENABLED,N/A,49,54
1744669524,0,606,N/A,N/A,N/A,N/A,ENABLED,1396,500,1400,DISABLED,DISABLED,1376,500,1400,DISABLED,DISABLED,1402,500,1400,DISABLED,DISABLED,1394,500,1400,DISABLED,DISABLED,1397,500,1400,DISABLED,DISABLED,1394,500,1400,DISABLED,DISABLED,1378,500,1400,DISABLED,DISABLED,1381,500,1400,DISABLED,DISABLED,1470,900,1500,N/A,DISABLED,51,914,1680,N/A,ENABLED,51,914,1680,N/A,ENABLED,51,914,1680,N/A,ENABLED,51,914,1680,N/A,ENABLED,43,711,1400,N/A,ENABLED,43,711,1400,N/A,ENABLED,43,711,1400,N/A,ENABLED,43,711,1400,N/A,ENABLED,N/A,49,54
1744669525,0,609,N/A,N/A,N/A,N/A,ENABLED,1396,500,1400,DISABLED,DISABLED,1378,500,1400,DISABLED,DISABLED,1402,500,1400,DISABLED,DISABLED,1394,500,1400,DISABLED,DISABLED,1397,500,1400,DISABLED,DISABLED,1394,500,1400,DISABLED,DISABLED,1380,500,1400,DISABLED,DISABLED,1382,500,1400,DISABLED,DISABLED,1466,900,1500,N/A,DISABLED,51,914,1680,N/A,ENABLED,51,914,1680,N/A,ENABLED,51,914,1680,N/A,ENABLED,51,914,1680,N/A,ENABLED,42,711,1400,N/A,ENABLED,42,711,1400,N/A,ENABLED,42,711,1400,N/A,ENABLED,42,711,1400,N/A,ENABLED,N/A,49,54
1744669527,0,598,N/A,N/A,N/A,N/A,ENABLED,1397,500,1400,DISABLED,DISABLED,1377,500,1400,DISABLED,DISABLED,1403,500,1400,DISABLED,DISABLED,1394,500,1400,DISABLED,DISABLED,1397,500,1400,DISABLED,DISABLED,1396,500,1400,DISABLED,DISABLED,1379,500,1400,DISABLED,DISABLED,1382,500,1400,DISABLED,DISABLED,1467,900,1500,N/A,DISABLED,51,914,1680,N/A,ENABLED,51,914,1680,N/A,ENABLED,51,914,1680,N/A,ENABLED,51,914,1680,N/A,ENABLED,42,711,1400,N/A,ENABLED,42,711,1400,N/A,ENABLED,42,711,1400,N/A,ENABLED,42,711,1400,N/A,ENABLED,N/A,49,54
1744669528,0,599,N/A,N/A,N/A,N/A,ENABLED,1396,500,1400,DISABLED,DISABLED,1379,500,1400,DISABLED,DISABLED,1403,500,1400,DISABLED,DISABLED,1395,500,1400,DISABLED,DISABLED,1396,500,1400,DISABLED,DISABLED,1395,500,1400,DISABLED,DISABLED,1380,500,1400,DISABLED,DISABLED,1383,500,1400,DISABLED,DISABLED,1461,900,1500,N/A,DISABLED,50,914,1680,N/A,ENABLED,50,914,1680,N/A,ENABLED,50,914,1680,N/A,ENABLED,50,914,1680,N/A,ENABLED,42,711,1400,N/A,ENABLED,42,711,1400,N/A,ENABLED,42,711,1400,N/A,ENABLED,42,711,1400,N/A,ENABLED,N/A,49,54
1744669529,0,611,N/A,N/A,N/A,N/A,ENABLED,1396,500,1400,DISABLED,DISABLED,1378,500,1400,DISABLED,DISABLED,1403,500,1400,DISABLED,DISABLED,1395,500,1400,DISABLED,DISABLED,1397,500,1400,DISABLED,DISABLED,1394,500,1400,DISABLED,DISABLED,1379,500,1400,DISABLED,DISABLED,1382,500,1400,DISABLED,DISABLED,1464,900,1500,N/A,DISABLED,51,914,1680,N/A,ENABLED,51,914,1680,N/A,ENABLED,51,914,1680,N/A,ENABLED,51,914,1680,N/A,ENABLED,42,711,1400,N/A,ENABLED,42,711,1400,N/A,ENABLED,42,711,1400,N/A,ENABLED,42,711,1400,N/A,ENABLED,N/A,49,54
1744669530,0,609,N/A,N/A,N/A,N/A,ENABLED,1397,500,1400,DISABLED,DISABLED,1379,500,1400,DISABLED,DISABLED,1403,500,1400,DISABLED,DISABLED,1395,500,1400,DISABLED,DISABLED,1397,500,1400,DISABLED,DISABLED,1395,500,1400,DISABLED,DISABLED,1380,500,1400,DISABLED,DISABLED,1383,500,1400,DISABLED,DISABLED,1459,900,1500,N/A,DISABLED,50,914,1680,N/A,ENABLED,50,914,1680,N/A,ENABLED,50,914,1680,N/A,ENABLED,50,914,1680,N/A,ENABLED,42,711,1400,N/A,ENABLED,42,711,1400,N/A,ENABLED,42,711,1400,N/A,ENABLED,42,711,1400,N/A,ENABLED,N/A,49,54
1744669531,0,605,N/A,N/A,N/A,N/A,ENABLED,1397,500,1400,DISABLED,DISABLED,1379,500,1400,DISABLED,DISABLED,1403,500,1400,DISABLED,DISABLED,1394,500,1400,DISABLED,DISABLED,1397,500,1400,DISABLED,DISABLED,1394,500,1400,DISABLED,DISABLED,1381,500,1400,DISABLED,DISABLED,1383,500,1400,DISABLED,DISABLED,1460,900,1500,N/A,DISABLED,50,914,1680,N/A,ENABLED,50,914,1680,N/A,ENABLED,50,914,1680,N/A,ENABLED,50,914,1680,N/A,ENABLED,42,711,1400,N/A,ENABLED,42,711,1400,N/A,ENABLED,42,711,1400,N/A,ENABLED,42,711,1400,N/A,ENABLED,N/A,49,55
1744669532,0,610,N/A,N/A,N/A,N/A,ENABLED,1397,500,1400,DISABLED,DISABLED,1378,500,1400,DISABLED,DISABLED,1402,500,1400,DISABLED,DISABLED,1395,500,1400,DISABLED,DISABLED,1396,500,1400,DISABLED,DISABLED,1394,500,1400,DISABLED,DISABLED,1378,500,1400,DISABLED,DISABLED,1382,500,1400,DISABLED,DISABLED,1476,900,1500,N/A,DISABLED,51,914,1680,N/A,ENABLED,51,914,1680,N/A,ENABLED,51,914,1680,N/A,ENABLED,51,914,1680,N/A,ENABLED,43,711,1400,N/A,ENABLED,43,711,1400,N/A,ENABLED,43,711,1400,N/A,ENABLED,43,711,1400,N/A,ENABLED,N/A,49,54
1744669534,0,604,N/A,N/A,N/A,N/A,ENABLED,1396,500,1400,DISABLED,DISABLED,1379,500,1400,DISABLED,DISABLED,1403,500,1400,DISABLED,DISABLED,1395,500,1400,DISABLED,DISABLED,1397,500,1400,DISABLED,DISABLED,1394,500,1400,DISABLED,DISABLED,1379,500,1400,DISABLED,DISABLED,1380,500,1400,DISABLED,DISABLED,1456,900,1500,N/A,DISABLED,50,914,1680,N/A,ENABLED,50,914,1680,N/A,ENABLED,50,914,1680,N/A,ENABLED,50,914,1680,N/A,ENABLED,42,711,1400,N/A,ENABLED,42,711,1400,N/A,ENABLED,42,711,1400,N/A,ENABLED,42,711,1400,N/A,ENABLED,N/A,49,54
1744669535,0,604,N/A,N/A,N/A,N/A,ENABLED,1397,500,1400,DISABLED,DISABLED,1379,500,1400,DISABLED,DISABLED,1403,500,1400,DISABLED,DISABLED,1395,500,1400,DISABLED,DISABLED,1398,500,1400,DISABLED,DISABLED,1395,500,1400,DISABLED,DISABLED,1379,500,1400,DISABLED,DISABLED,1382,500,1400,DISABLED,DISABLED,1458,900,1500,N/A,DISABLED,50,914,1680,N/A,ENABLED,50,914,1680,N/A,ENABLED,50,914,1680,N/A,ENABLED,50,914,1680,N/A,ENABLED,42,711,1400,N/A,ENABLED,42,711,1400,N/A,ENABLED,42,711,1400,N/A,ENABLED,42,711,1400,N/A,ENABLED,N/A,49,55
1744669536,0,610,N/A,N/A,N/A,N/A,ENABLED,1397,500,1400,DISABLED,DISABLED,1378,500,1400,DISABLED,DISABLED,1402,500,1400,DISABLED,DISABLED,1394,500,1400,DISABLED,DISABLED,1397,500,1400,DISABLED,DISABLED,1394,500,1400,DISABLED,DISABLED,1380,500,1400,DISABLED,DISABLED,1383,500,1400,DISABLED,DISABLED,1458,900,1500,N/A,DISABLED,50,914,1680,N/A,ENABLED,50,914,1680,N/A,ENABLED,50,914,1680,N/A,ENABLED,50,914,1680,N/A,ENABLED,42,711,1400,N/A,ENABLED,42,711,1400,N/A,ENABLED,42,711,1400,N/A,ENABLED,42,711,1400,N/A,ENABLED,N/A,49,54
1744669537,0,603,N/A,N/A,N/A,N/A,ENABLED,1397,500,1400,DISABLED,DISABLED,1379,500,1400,DISABLED,DISABLED,1402,500,1400,DISABLED,DISABLED,1394,500,1400,DISABLED,DISABLED,1397,500,1400,DISABLED,DISABLED,1394,500,1400,DISABLED,DISABLED,1378,500,1400,DISABLED,DISABLED,1381,500,1400,DISABLED,DISABLED,1456,900,1500,N/A,DISABLED,50,914,1680,N/A,ENABLED,50,914,1680,N/A,ENABLED,50,914,1680,N/A,ENABLED,50,914,1680,N/A,ENABLED,42,711,1400,N/A,ENABLED,42,711,1400,N/A,ENABLED,42,711,1400,N/A,ENABLED,42,711,1400,N/A,ENABLED,N/A,49,54
1744669538,0,599,N/A,N/A,N/A,N/A,ENABLED,1397,500,1400,DISABLED,DISABLED,1377,500,1400,DISABLED,DISABLED,1403,500,1400,DISABLED,DISABLED,1395,500,1400,DISABLED,DISABLED,1398,500,1400,DISABLED,DISABLED,1395,500,1400,DISABLED,DISABLED,1380,500,1400,DISABLED,DISABLED,1383,500,1400,DISABLED,DISABLED,1455,900,1500,N/A,DISABLED,50,914,1680,N/A,ENABLED,50,914,1680,N/A,ENABLED,50,914,1680,N/A,ENABLED,50,914,1680,N/A,ENABLED,42,711,1400,N/A,ENABLED,42,711,1400,N/A,ENABLED,42,711,1400,N/A,ENABLED,42,711,1400,N/A,ENABLED,N/A,49,55
1744669540,0,607,N/A,N/A,N/A,N/A,ENABLED,1397,500,1400,DISABLED,DISABLED,1378,500,1400,DISABLED,DISABLED,1402,500,1400,DISABLED,DISABLED,1395,500,1400,DISABLED,DISABLED,1396,500,1400,DISABLED,DISABLED,1394,500,1400,DISABLED,DISABLED,1378,500,1400,DISABLED,DISABLED,1382,500,1400,DISABLED,DISABLED,1461,900,1500,N/A,DISABLED,50,914,1680,N/A,ENABLED,50,914,1680,N/A,ENABLED,50,914,1680,N/A,ENABLED,50,914,1680,N/A,ENABLED,42,711,1400,N/A,ENABLED,42,711,1400,N/A,ENABLED,42,711,1400,N/A,ENABLED,42,711,1400,N/A,ENABLED,N/A,49,55
1744669541,0,608,N/A,N/A,N/A,N/A,ENABLED,1396,500,1400,DISABLED,DISABLED,1379,500,1400,DISABLED,DISABLED,1403,500,1400,DISABLED,DISABLED,1395,500,1400,DISABLED,DISABLED,1397,500,1400,DISABLED,DISABLED,1395,500,1400,DISABLED,DISABLED,1378,500,1400,DISABLED,DISABLED,1382,500,1400,DISABLED,DISABLED,1458,900,1500,N/A,DISABLED,50,914,1680,N/A,ENABLED,50,914,1680,N/A,ENABLED,50,914,1680,N/A,ENABLED,50,914,1680,N/A,ENABLED,42,711,1400,N/A,ENABLED,42,711,1400,N/A,ENABLED,42,711,1400,N/A,ENABLED,42,711,1400,N/A,ENABLED,N/A,49,54
1744669542,0,596,N/A,N/A,N/A,N/A,ENABLED,1398,500,1400,DISABLED,DISABLED,1378,500,1400,DISABLED,DISABLED,1403,500,1400,DISABLED,DISABLED,1396,500,1400,DISABLED,DISABLED,1397,500,1400,DISABLED,DISABLED,1395,500,1400,DISABLED,DISABLED,1378,500,1400,DISABLED,DISABLED,1382,500,1400,DISABLED,DISABLED,1461,900,1500,N/A,DISABLED,50,914,1680,N/A,ENABLED,50,914,1680,N/A,ENABLED,50,914,1680,N/A,ENABLED,50,914,1680,N/A,ENABLED,42,711,1400,N/A,ENABLED,42,711,1400,N/A,ENABLED,42,711,1400,N/A,ENABLED,42,711,1400,N/A,ENABLED,N/A,49,54
1744669543,0,605,N/A,N/A,N/A,N/A,ENABLED,1396,500,1400,DISABLED,DISABLED,1377,500,1400,DISABLED,DISABLED,1403,500,1400,DISABLED,DISABLED,1395,500,1400,DISABLED,DISABLED,1397,500,1400,DISABLED,DISABLED,1395,500,1400,DISABLED,DISABLED,1378,500,1400,DISABLED,DISABLED,1382,500,1400,DISABLED,DISABLED,1459,900,1500,N/A,DISABLED,50,914,1680,N/A,ENABLED,50,914,1680,N/A,ENABLED,50,914,1680,N/A,ENABLED,50,914,1680,N/A,ENABLED,42,711,1400,N/A,ENABLED,42,711,1400,N/A,ENABLED,42,711,1400,N/A,ENABLED,42,711,1400,N/A,ENABLED,N/A,49,55
1744669544,0,599,N/A,N/A,N/A,N/A,ENABLED,1397,500,1400,DISABLED,DISABLED,1377,500,1400,DISABLED,DISABLED,1403,500,1400,DISABLED,DISABLED,1396,500,1400,DISABLED,DISABLED,1396,500,1400,DISABLED,DISABLED,1395,500,1400,DISABLED,DISABLED,1378,500,1400,DISABLED,DISABLED,1383,500,1400,DISABLED,DISABLED,1474,900,1500,N/A,DISABLED,51,914,1680,N/A,ENABLED,51,914,1680,N/A,ENABLED,51,914,1680,N/A,ENABLED,51,914,1680,N/A,ENABLED,43,711,1400,N/A,ENABLED,43,711,1400,N/A,ENABLED,43,711,1400,N/A,ENABLED,43,711,1400,N/A,ENABLED,N/A,49,54
1744669545,0,602,N/A,N/A,N/A,N/A,ENABLED,1397,500,1400,DISABLED,DISABLED,1378,500,1400,DISABLED,DISABLED,1404,500,1400,DISABLED,DISABLED,1396,500,1400,DISABLED,DISABLED,1396,500,1400,DISABLED,DISABLED,1395,500,1400,DISABLED,DISABLED,1380,500,1400,DISABLED,DISABLED,1383,500,1400,DISABLED,DISABLED,1458,900,1500,N/A,DISABLED,50,914,1680,N/A,ENABLED,50,914,1680,N/A,ENABLED,50,914,1680,N/A,ENABLED,50,914,1680,N/A,ENABLED,42,711,1400,N/A,ENABLED,42,711,1400,N/A,ENABLED,42,711,1400,N/A,ENABLED,42,711,1400,N/A,ENABLED,N/A,49,54
1744669547,0,604,N/A,N/A,N/A,N/A,ENABLED,1396,500,1400,DISABLED,DISABLED,1378,500,1400,DISABLED,DISABLED,1403,500,1400,DISABLED,DISABLED,1396,500,1400,DISABLED,DISABLED,1396,500,1400,DISABLED,DISABLED,1395,500,1400,DISABLED,DISABLED,1380,500,1400,DISABLED,DISABLED,1383,500,1400,DISABLED,DISABLED,1460,900,1500,N/A,DISABLED,50,914,1680,N/A,ENABLED,50,914,1680,N/A,ENABLED,50,914,1680,N/A,ENABLED,50,914,1680,N/A,ENABLED,42,711,1400,N/A,ENABLED,42,711,1400,N/A,ENABLED,42,711,1400,N/A,ENABLED,42,711,1400,N/A,ENABLED,N/A,49,55
1744669548,0,612,N/A,N/A,N/A,N/A,ENABLED,1397,500,1400,DISABLED,DISABLED,1377,500,1400,DISABLED,DISABLED,1403,500,1400,DISABLED,DISABLED,1395,500,1400,DISABLED,DISABLED,1396,500,1400,DISABLED,DISABLED,1394,500,1400,DISABLED,DISABLED,1379,500,1400,DISABLED,DISABLED,1383,500,1400,DISABLED,DISABLED,1467,900,1500,N/A,DISABLED,51,914,1680,N/A,ENABLED,51,914,1680,N/A,ENABLED,51,914,1680,N/A,ENABLED,51,914,1680,N/A,ENABLED,42,711,1400,N/A,ENABLED,42,711,1400,N/A,ENABLED,42,711,1400,N/A,ENABLED,42,711,1400,N/A,ENABLED,N/A,49,54
1744669549,0,616,N/A,N/A,N/A,N/A,ENABLED,1396,500,1400,DISABLED,DISABLED,1377,500,1400,DISABLED,DISABLED,1403,500,1400,DISABLED,DISABLED,1395,500,1400,DISABLED,DISABLED,1397,500,1400,DISABLED,DISABLED,1394,500,1400,DISABLED,DISABLED,1378,500,1400,DISABLED,DISABLED,1382,500,1400,DISABLED,DISABLED,1471,900,1500,N/A,DISABLED,51,914,1680,N/A,ENABLED,51,914,1680,N/A,ENABLED,51,914,1680,N/A,ENABLED,51,914,1680,N/A,ENABLED,43,711,1400,N/A,ENABLED,43,711,1400,N/A,ENABLED,43,711,1400,N/A,ENABLED,43,711,1400,N/A,ENABLED,N/A,49,54
1744669550,0,601,N/A,N/A,N/A,N/A,ENABLED,1396,500,1400,DISABLED,DISABLED,1378,500,1400,DISABLED,DISABLED,1403,500,1400,DISABLED,DISABLED,1396,500,1400,DISABLED,DISABLED,1398,500,1400,DISABLED,DISABLED,1395,500,1400,DISABLED,DISABLED,1378,500,1400,DISABLED,DISABLED,1382,500,1400,DISABLED,DISABLED,1464,900,1500,N/A,DISABLED,51,914,1680,N/A,ENABLED,51,914,1680,N/A,ENABLED,51,914,1680,N/A,ENABLED,51,914,1680,N/A,ENABLED,42,711,1400,N/A,ENABLED,42,711,1400,N/A,ENABLED,42,711,1400,N/A,ENABLED,42,711,1400,N/A,ENABLED,N/A,49,54
1744669551,0,603,N/A,N/A,N/A,N/A,ENABLED,1396,500,1400,DISABLED,DISABLED,1378,500,1400,DISABLED,DISABLED,1404,500,1400,DISABLED,DISABLED,1395,500,1400,DISABLED,DISABLED,1397,500,1400,DISABLED,DISABLED,1395,500,1400,DISABLED,DISABLED,1378,500,1400,DISABLED,DISABLED,1383,500,1400,DISABLED,DISABLED,1468,900,1500,N/A,DISABLED,51,914,1680,N/A,ENABLED,51,914,1680,N/A,ENABLED,51,914,1680,N/A,ENABLED,51,914,1680,N/A,ENABLED,42,711,1400,N/A,ENABLED,42,711,1400,N/A,ENABLED,42,711,1400,N/A,ENABLED,42,711,1400,N/A,ENABLED,N/A,49,54
1744669552,0,611,N/A,N/A,N/A,N/A,ENABLED,1397,500,1400,DISABLED,DISABLED,1377,500,1400,DISABLED,DISABLED,1403,500,1400,DISABLED,DISABLED,1395,500,1400,DISABLED,DISABLED,1397,500,1400,DISABLED,DISABLED,1395,500,1400,DISABLED,DISABLED,1378,500,1400,DISABLED,DISABLED,1382,500,1400,DISABLED,DISABLED,1468,900,1500,N/A,DISABLED,51,914,1680,N/A,ENABLED,51,914,1680,N/A,ENABLED,51,914,1680,N/A,ENABLED,51,914,1680,N/A,ENABLED,42,711,1400,N/A,ENABLED,42,711,1400,N/A,ENABLED,42,711,1400,N/A,ENABLED,42,711,1400,N/A,ENABLED,N/A,49,54
1744669554,0,606,N/A,N/A,N/A,N/A,ENABLED,1397,500,1400,DISABLED,DISABLED,1377,500,1400,DISABLED,DISABLED,1403,500,1400,DISABLED,DISABLED,1396,500,1400,DISABLED,DISABLED,1398,500,1400,DISABLED,DISABLED,1394,500,1400,DISABLED,DISABLED,1380,500,1400,DISABLED,DISABLED,1383,500,1400,DISABLED,DISABLED,1466,900,1500,N/A,DISABLED,51,914,1680,N/A,ENABLED,51,914,1680,N/A,ENABLED,51,914,1680,N/A,ENABLED,51,914,1680,N/A,ENABLED,42,711,1400,N/A,ENABLED,42,711,1400,N/A,ENABLED,42,711,1400,N/A,ENABLED,42,711,1400,N/A,ENABLED,N/A,49,54
1744669555,0,605,N/A,N/A,N/A,N/A,ENABLED,1396,500,1400,DISABLED,DISABLED,1378,500,1400,DISABLED,DISABLED,1403,500,1400,DISABLED,DISABLED,1395,500,1400,DISABLED,DISABLED,1398,500,1400,DISABLED,DISABLED,1394,500,1400,DISABLED,DISABLED,1378,500,1400,DISABLED,DISABLED,1382,500,1400,DISABLED,DISABLED,1463,900,1500,N/A,DISABLED,51,914,1680,N/A,ENABLED,51,914,1680,N/A,ENABLED,51,914,1680,N/A,ENABLED,51,914,1680,N/A,ENABLED,42,711,1400,N/A,ENABLED,42,711,1400,N/A,ENABLED,42,711,1400,N/A,ENABLED,42,711,1400,N/A,ENABLED,N/A,49,55
1744669556,0,605,N/A,N/A,N/A,N/A,ENABLED,1396,500,1400,DISABLED,DISABLED,1377,500,1400,DISABLED,DISABLED,1403,500,1400,DISABLED,DISABLED,1394,500,1400,DISABLED,DISABLED,1397,500,1400,DISABLED,DISABLED,1394,500,1400,DISABLED,DISABLED,1378,500,1400,DISABLED,DISABLED,1382,500,1400,DISABLED,DISABLED,1464,900,1500,N/A,DISABLED,51,914,1680,N/A,ENABLED,51,914,1680,N/A,ENABLED,51,914,1680,N/A,ENABLED,51,914,1680,N/A,ENABLED,42,711,1400,N/A,ENABLED,42,711,1400,N/A,ENABLED,42,711,1400,N/A,ENABLED,42,711,1400,N/A,ENABLED,N/A,49,54
1744669557,0,601,N/A,N/A,N/A,N/A,ENABLED,1396,500,1400,DISABLED,DISABLED,1378,500,1400,DISABLED,DISABLED,1403,500,1400,DISABLED,DISABLED,1395,500,1400,DISABLED,DISABLED,1398,500,1400,DISABLED,DISABLED,1395,500,1400,DISABLED,DISABLED,1380,500,1400,DISABLED,DISABLED,1384,500,1400,DISABLED,DISABLED,1457,900,1500,N/A,DISABLED,50,914,1680,N/A,ENABLED,50,914,1680,N/A,ENABLED,50,914,1680,N/A,ENABLED,50,914,1680,N/A,ENABLED,42,711,1400,N/A,ENABLED,42,711,1400,N/A,ENABLED,42,711,1400,N/A,ENABLED,42,711,1400,N/A,ENABLED,N/A,49,55
1744669558,0,602,N/A,N/A,N/A,N/A,ENABLED,1396,500,1400,DISABLED,DISABLED,1378,500,1400,DISABLED,DISABLED,1404,500,1400,DISABLED,DISABLED,1394,500,1400,DISABLED,DISABLED,1397,500,1400,DISABLED,DISABLED,1395,500,1400,DISABLED,DISABLED,1379,500,1400,DISABLED,DISABLED,1383,500,1400,DISABLED,DISABLED,1451,900,1500,N/A,DISABLED,50,914,1680,N/A,ENABLED,50,914,1680,N/A,ENABLED,50,914,1680,N/A,ENABLED,50,914,1680,N/A,ENABLED,42,711,1400,N/A,ENABLED,42,711,1400,N/A,ENABLED,42,711,1400,N/A,ENABLED,42,711,1400,N/A,ENABLED,N/A,49,54
1744669560,0,601,N/A,N/A,N/A,N/A,ENABLED,1396,500,1400,DISABLED,DISABLED,1378,500,1400,DISABLED,DISABLED,1403,500,1400,DISABLED,DISABLED,1394,500,1400,DISABLED,DISABLED,1397,500,1400,DISABLED,DISABLED,1395,500,1400,DISABLED,DISABLED,1378,500,1400,DISABLED,DISABLED,1382,500,1400,DISABLED,DISABLED,1455,900,1500,N/A,DISABLED,50,914,1680,N/A,ENABLED,50,914,1680,N/A,ENABLED,50,914,1680,N/A,ENABLED,50,914,1680,N/A,ENABLED,42,711,1400,N/A,ENABLED,42,711,1400,N/A,ENABLED,42,711,1400,N/A,ENABLED,42,711,1400,N/A,ENABLED,N/A,49,55
1744669561,0,604,N/A,N/A,N/A,N/A,ENABLED,1396,500,1400,DISABLED,DISABLED,1378,500,1400,DISABLED,DISABLED,1402,500,1400,DISABLED,DISABLED,1395,500,1400,DISABLED,DISABLED,1397,500,1400,DISABLED,DISABLED,1393,500,1400,DISABLED,DISABLED,1379,500,1400,DISABLED,DISABLED,1383,500,1400,DISABLED,DISABLED,1455,900,1500,N/A,DISABLED,50,914,1680,N/A,ENABLED,50,914,1680,N/A,ENABLED,50,914,1680,N/A,ENABLED,50,914,1680,N/A,ENABLED,42,711,1400,N/A,ENABLED,42,711,1400,N/A,ENABLED,42,711,1400,N/A,ENABLED,42,711,1400,N/A,ENABLED,N/A,49,55
1744669562,0,608,N/A,N/A,N/A,N/A,ENABLED,1396,500,1400,DISABLED,DISABLED,1377,500,1400,DISABLED,DISABLED,1403,500,1400,DISABLED,DISABLED,1395,500,1400,DISABLED,DISABLED,1397,500,1400,DISABLED,DISABLED,1394,500,1400,DISABLED,DISABLED,1380,500,1400,DISABLED,DISABLED,1383,500,1400,DISABLED,DISABLED,1456,900,1500,N/A,DISABLED,50,914,1680,N/A,ENABLED,50,914,1680,N/A,ENABLED,50,914,1680,N/A,ENABLED,50,914,1680,N/A,ENABLED,42,711,1400,N/A,ENABLED,42,711,1400,N/A,ENABLED,42,711,1400,N/A,ENABLED,42,711,1400,N/A,ENABLED,N/A,49,55
1744669563,0,607,N/A,N/A,N/A,N/A,ENABLED,1396,500,1400,DISABLED,DISABLED,1378,500,1400,DISABLED,DISABLED,1402,500,1400,DISABLED,DISABLED,1394,500,1400,DISABLED,DISABLED,1397,500,1400,DISABLED,DISABLED,1393,500,1400,DISABLED,DISABLED,1378,500,1400,DISABLED,DISABLED,1382,500,1400,DISABLED,DISABLED,1454,900,1500,N/A,DISABLED,50,914,1680,N/A,ENABLED,50,914,1680,N/A,ENABLED,50,914,1680,N/A,ENABLED,50,914,1680,N/A,ENABLED,42,711,1400,N/A,ENABLED,42,711,1400,N/A,ENABLED,42,711,1400,N/A,ENABLED,42,711,1400,N/A,ENABLED,N/A,49,54
1744669564,0,602,N/A,N/A,N/A,N/A,ENABLED,1395,500,1400,DISABLED,DISABLED,1378,500,1400,DISABLED,DISABLED,1402,500,1400,DISABLED,DISABLED,1394,500,1400,DISABLED,DISABLED,1396,500,1400,DISABLED,DISABLED,1394,500,1400,DISABLED,DISABLED,1380,500,1400,DISABLED,DISABLED,1383,500,1400,DISABLED,DISABLED,1456,900,1500,N/A,DISABLED,50,914,1680,N/A,ENABLED,50,914,1680,N/A,ENABLED,50,914,1680,N/A,ENABLED,50,914,1680,N/A,ENABLED,42,711,1400,N/A,ENABLED,42,711,1400,N/A,ENABLED,42,711,1400,N/A,ENABLED,42,711,1400,N/A,ENABLED,N/A,49,55
1744669565,0,609,N/A,N/A,N/A,N/A,ENABLED,1396,500,1400,DISABLED,DISABLED,1378,500,1400,DISABLED,DISABLED,1403,500,1400,DISABLED,DISABLED,1394,500,1400,DISABLED,DISABLED,1396,500,1400,DISABLED,DISABLED,1394,500,1400,DISABLED,DISABLED,1379,500,1400,DISABLED,DISABLED,1382,500,1400,DISABLED,DISABLED,1455,900,1500,N/A,DISABLED,50,914,1680,N/A,ENABLED,50,914,1680,N/A,ENABLED,50,914,1680,N/A,ENABLED,50,914,1680,N/A,ENABLED,42,711,1400,N/A,ENABLED,42,711,1400,N/A,ENABLED,42,711,1400,N/A,ENABLED,42,711,1400,N/A,ENABLED,N/A,49,55
1744669567,0,603,N/A,N/A,N/A,N/A,ENABLED,1396,500,1400,DISABLED,DISABLED,1377,500,1400,DISABLED,DISABLED,1402,500,1400,DISABLED,DISABLED,1395,500,1400,DISABLED,DISABLED,1397,500,1400,DISABLED,DISABLED,1394,500,1400,DISABLED,DISABLED,1380,500,1400,DISABLED,DISABLED,1383,500,1400,DISABLED,DISABLED,1458,900,1500,N/A,DISABLED,50,914,1680,N/A,ENABLED,50,914,1680,N/A,ENABLED,50,914,1680,N/A,ENABLED,50,914,1680,N/A,ENABLED,42,711,1400,N/A,ENABLED,42,711,1400,N/A,ENABLED,42,711,1400,N/A,ENABLED,42,711,1400,N/A,ENABLED,N/A,49,54
1744669568,0,611,N/A,N/A,N/A,N/A,ENABLED,1397,500,1400,DISABLED,DISABLED,1378,500,1400,DISABLED,DISABLED,1403,500,1400,DISABLED,DISABLED,1394,500,1400,DISABLED,DISABLED,1396,500,1400,DISABLED,DISABLED,1393,500,1400,DISABLED,DISABLED,1380,500,1400,DISABLED,DISABLED,1383,500,1400,DISABLED,DISABLED,1458,900,1500,N/A,DISABLED,50,914,1680,N/A,ENABLED,50,914,1680,N/A,ENABLED,50,914,1680,N/A,ENABLED,50,914,1680,N/A,ENABLED,42,711,1400,N/A,ENABLED,42,711,1400,N/A,ENABLED,42,711,1400,N/A,ENABLED,42,711,1400,N/A,ENABLED,N/A,49,55
1744669569,0,602,N/A,N/A,N/A,N/A,ENABLED,1396,500,1400,DISABLED,DISABLED,1378,500,1400,DISABLED,DISABLED,1402,500,1400,DISABLED,DISABLED,1394,500,1400,DISABLED,DISABLED,1397,500,1400,DISABLED,DISABLED,1395,500,1400,DISABLED,DISABLED,1378,500,1400,DISABLED,DISABLED,1381,500,1400,DISABLED,DISABLED,1458,900,1500,N/A,DISABLED,50,914,1680,N/A,ENABLED,50,914,1680,N/A,ENABLED,50,914,1680,N/A,ENABLED,50,914,1680,N/A,ENABLED,42,711,1400,N/A,ENABLED,42,711,1400,N/A,ENABLED,42,711,1400,N/A,ENABLED,42,711,1400,N/A,ENABLED,N/A,49,55
1744669570,0,600,N/A,N/A,N/A,N/A,ENABLED,1397,500,1400,DISABLED,DISABLED,1377,500,1400,DISABLED,DISABLED,1402,500,1400,DISABLED,DISABLED,1394,500,1400,DISABLED,DISABLED,1397,500,1400,DISABLED,DISABLED,1395,500,1400,DISABLED,DISABLED,1380,500,1400,DISABLED,DISABLED,1383,500,1400,DISABLED,DISABLED,1457,900,1500,N/A,DISABLED,50,914,1680,N/A,ENABLED,50,914,1680,N/A,ENABLED,50,914,1680,N/A,ENABLED,50,914,1680,N/A,ENABLED,42,711,1400,N/A,ENABLED,42,711,1400,N/A,ENABLED,42,711,1400,N/A,ENABLED,42,711,1400,N/A,ENABLED,N/A,49,54
1744669571,0,607,N/A,N/A,N/A,N/A,ENABLED,1397,500,1400,DISABLED,DISABLED,1378,500,1400,DISABLED,DISABLED,1403,500,1400,DISABLED,DISABLED,1393,500,1400,DISABLED,DISABLED,1397,500,1400,DISABLED,DISABLED,1394,500,1400,DISABLED,DISABLED,1381,500,1400,DISABLED,DISABLED,1384,500,1400,DISABLED,DISABLED,1463,900,1500,N/A,DISABLED,51,914,1680,N/A,ENABLED,51,914,1680,N/A,ENABLED,51,914,1680,N/A,ENABLED,51,914,1680,N/A,ENABLED,42,711,1400,N/A,ENABLED,42,711,1400,N/A,ENABLED,42,711,1400,N/A,ENABLED,42,711,1400,N/A,ENABLED,N/A,49,55
1744669572,0,612,N/A,N/A,N/A,N/A,ENABLED,1397,500,1400,DISABLED,DISABLED,1377,500,1400,DISABLED,DISABLED,1402,500,1400,DISABLED,DISABLED,1394,500,1400,DISABLED,DISABLED,1396,500,1400,DISABLED,DISABLED,1394,500,1400,DISABLED,DISABLED,1380,500,1400,DISABLED,DISABLED,1384,500,1400,DISABLED,DISABLED,1458,900,1500,N/A,DISABLED,50,914,1680,N/A,ENABLED,50,914,1680,N/A,ENABLED,50,914,1680,N/A,ENABLED,50,914,1680,N/A,ENABLED,42,711,1400,N/A,ENABLED,42,711,1400,N/A,ENABLED,42,711,1400,N/A,ENABLED,42,711,1400,N/A,ENABLED,N/A,49,55
1744669574,0,605,N/A,N/A,N/A,N/A,ENABLED,1396,500,1400,DISABLED,DISABLED,1379,500,1400,DISABLED,DISABLED,1403,500,1400,DISABLED,DISABLED,1395,500,1400,DISABLED,DISABLED,1397,500,1400,DISABLED,DISABLED,1394,500,1400,DISABLED,DISABLED,1379,500,1400,DISABLED,DISABLED,1382,500,1400,DISABLED,DISABLED,1464,900,1500,N/A,DISABLED,51,914,1680,N/A,ENABLED,51,914,1680,N/A,ENABLED,51,914,1680,N/A,ENABLED,51,914,1680,N/A,ENABLED,42,711,1400,N/A,ENABLED,42,711,1400,N/A,ENABLED,42,711,1400,N/A,ENABLED,42,711,1400,N/A,ENABLED,N/A,49,53
1744669575,0,602,N/A,N/A,N/A,N/A,ENABLED,1397,500,1400,DISABLED,DISABLED,1379,500,1400,DISABLED,DISABLED,1403,500,1400,DISABLED,DISABLED,1395,500,1400,DISABLED,DISABLED,1397,500,1400,DISABLED,DISABLED,1395,500,1400,DISABLED,DISABLED,1380,500,1400,DISABLED,DISABLED,1384,500,1400,DISABLED,DISABLED,1463,900,1500,N/A,DISABLED,51,914,1680,N/A,ENABLED,51,914,1680,N/A,ENABLED,51,914,1680,N/A,ENABLED,51,914,1680,N/A,ENABLED,42,711,1400,N/A,ENABLED,42,711,1400,N/A,ENABLED,42,711,1400,N/A,ENABLED,42,711,1400,N/A,ENABLED,N/A,49,54
1744669576,0,610,N/A,N/A,N/A,N/A,ENABLED,1397,500,1400,DISABLED,DISABLED,1379,500,1400,DISABLED,DISABLED,1403,500,1400,DISABLED,DISABLED,1395,500,1400,DISABLED,DISABLED,1397,500,1400,DISABLED,DISABLED,1394,500,1400,DISABLED,DISABLED,1380,500,1400,DISABLED,DISABLED,1382,500,1400,DISABLED,DISABLED,1462,900,1500,N/A,DISABLED,50,914,1680,N/A,ENABLED,50,914,1680,N/A,ENABLED,50,914,1680,N/A,ENABLED,50,914,1680,N/A,ENABLED,42,711,1400,N/A,ENABLED,42,711,1400,N/A,ENABLED,42,711,1400,N/A,ENABLED,42,711,1400,N/A,ENABLED,N/A,49,54
1744669577,0,607,N/A,N/A,N/A,N/A,ENABLED,1396,500,1400,DISABLED,DISABLED,1378,500,1400,DISABLED,DISABLED,1403,500,1400,DISABLED,DISABLED,1395,500,1400,DISABLED,DISABLED,1397,500,1400,DISABLED,DISABLED,1393,500,1400,DISABLED,DISABLED,1380,500,1400,DISABLED,DISABLED,1382,500,1400,DISABLED,DISABLED,1465,900,1500,N/A,DISABLED,51,914,1680,N/A,ENABLED,51,914,1680,N/A,ENABLED,51,914,1680,N/A,ENABLED,51,914,1680,N/A,ENABLED,42,711,1400,N/A,ENABLED,42,711,1400,N/A,ENABLED,42,711,1400,N/A,ENABLED,42,711,1400,N/A,ENABLED,N/A,49,54
1744669578,0,611,N/A,N/A,N/A,N/A,ENABLED,1397,500,1400,DISABLED,DISABLED,1378,500,1400,DISABLED,DISABLED,1403,500,1400,DISABLED,DISABLED,1394,500,1400,DISABLED,DISABLED,1397,500,1400,DISABLED,DISABLED,1394,500,1400,DISABLED,DISABLED,1380,500,1400,DISABLED,DISABLED,1382,500,1400,DISABLED,DISABLED,1464,900,1500,N/A,DISABLED,51,914,1680,N/A,ENABLED,51,914,1680,N/A,ENABLED,51,914,1680,N/A,ENABLED,51,914,1680,N/A,ENABLED,42,711,1400,N/A,ENABLED,42,711,1400,N/A,ENABLED,42,711,1400,N/A,ENABLED,42,711,1400,N/A,ENABLED,N/A,49,54
1744669580,0,607,N/A,N/A,N/A,N/A,ENABLED,1398,500,1400,DISABLED,DISABLED,1378,500,1400,DISABLED,DISABLED,1403,500,1400,DISABLED,DISABLED,1394,500,1400,DISABLED,DISABLED,1397,500,1400,DISABLED,DISABLED,1394,500,1400,DISABLED,DISABLED,1381,500,1400,DISABLED,DISABLED,1383,500,1400,DISABLED,DISABLED,1466,900,1500,N/A,DISABLED,51,914,1680,N/A,ENABLED,51,914,1680,N/A,ENABLED,51,914,1680,N/A,ENABLED,51,914,1680,N/A,ENABLED,42,711,1400,N/A,ENABLED,42,711,1400,N/A,ENABLED,42,711,1400,N/A,ENABLED,42,711,1400,N/A,ENABLED,N/A,49,54
1744669581,0,609,N/A,N/A,N/A,N/A,ENABLED,1397,500,1400,DISABLED,DISABLED,1377,500,1400,DISABLED,DISABLED,1402,500,1400,DISABLED,DISABLED,1394,500,1400,DISABLED,DISABLED,1398,500,1400,DISABLED,DISABLED,1395,500,1400,DISABLED,DISABLED,1382,500,1400,DISABLED,DISABLED,1383,500,1400,DISABLED,DISABLED,1461,900,1500,N/A,DISABLED,50,914,1680,N/A,ENABLED,50,914,1680,N/A,ENABLED,50,914,1680,N/A,ENABLED,50,914,1680,N/A,ENABLED,42,711,1400,N/A,ENABLED,42,711,1400,N/A,ENABLED,42,711,1400,N/A,ENABLED,42,711,1400,N/A,ENABLED,N/A,49,54
1744669582,0,109,N/A,N/A,N/A,N/A,ENABLED,89,500,1400,DISABLED,ENABLED,87,500,1400,DISABLED,ENABLED,88,500,1400,DISABLED,ENABLED,88,500,1400,DISABLED,ENABLED,88,500,1400,DISABLED,ENABLED,88,500,1400,DISABLED,ENABLED,87,500,1400,DISABLED,ENABLED,88,500,1400,DISABLED,ENABLED,901,900,1500,N/A,DISABLED,29,914,1680,N/A,ENABLED,29,914,1680,N/A,ENABLED,29,914,1680,N/A,ENABLED,29,914,1680,N/A,ENABLED,22,711,1400,N/A,ENABLED,22,711,1400,N/A,ENABLED,22,711,1400,N/A,ENABLED,22,711,1400,N/A,ENABLED,N/A,44,40
1744669583,0,108,N/A,N/A,N/A,N/A,ENABLED,89,500,1400,DISABLED,ENABLED,87,500,1400,DISABLED,ENABLED,88,500,1400,DISABLED,ENABLED,88,500,1400,DISABLED,ENABLED,88,500,1400,DISABLED,ENABLED,88,500,1400,DISABLED,ENABLED,87,500,1400,DISABLED,ENABLED,88,500,1400,DISABLED,ENABLED,900,900,1500,N/A,DISABLED,29,914,1680,N/A,ENABLED,29,914,1680,N/A,ENABLED,29,914,1680,N/A,ENABLED,29,914,1680,N/A,ENABLED,22,711,1400,N/A,ENABLED,22,711,1400,N/A,ENABLED,22,711,1400,N/A,ENABLED,22,711,1400,N/A,ENABLED,N/A,41,39
1744669584,0,107,N/A,N/A,N/A,N/A,ENABLED,89,500,1400,DISABLED,ENABLED,87,500,1400,DISABLED,ENABLED,88,500,1400,DISABLED,ENABLED,88,500,1400,DISABLED,ENABLED,88,500,1400,DISABLED,ENABLED,88,500,1400,DISABLED,ENABLED,87,500,1400,DISABLED,ENABLED,88,500,1400,DISABLED,ENABLED,900,900,1500,N/A,DISABLED,29,914,1680,N/A,ENABLED,29,914,1680,N/A,ENABLED,29,914,1680,N/A,ENABLED,29,914,1680,N/A,ENABLED,22,711,1400,N/A,ENABLED,22,711,1400,N/A,ENABLED,22,711,1400,N/A,ENABLED,22,711,1400,N/A,ENABLED,N/A,39,38
1744669585,0,108,N/A,N/A,N/A,N/A,ENABLED,89,500,1400,DISABLED,ENABLED,87,500,1400,DISABLED,ENABLED,88,500,1400,DISABLED,ENABLED,88,500,1400,DISABLED,ENABLED,88,500,1400,DISABLED,ENABLED,88,500,1400,DISABLED,ENABLED,87,500,1400,DISABLED,ENABLED,88,500,1400,DISABLED,ENABLED,900,900,1500,N/A,DISABLED,29,914,1680,N/A,ENABLED,29,914,1680,N/A,ENABLED,29,914,1680,N/A,ENABLED,29,914,1680,N/A,ENABLED,22,711,1400,N/A,ENABLED,22,711,1400,N/A,ENABLED,22,711,1400,N/A,ENABLED,22,711,1400,N/A,ENABLED,N/A,39,38
1744669587,0,108,N/A,N/A,N/A,N/A,ENABLED,89,500,1400,DISABLED,ENABLED,87,500,1400,DISABLED,ENABLED,88,500,1400,DISABLED,ENABLED,88,500,1400,DISABLED,ENABLED,88,500,1400,DISABLED,ENABLED,88,500,1400,DISABLED,ENABLED,87,500,1400,DISABLED,ENABLED,88,500,1400,DISABLED,ENABLED,900,900,1500,N/A,DISABLED,29,914,1680,N/A,ENABLED,29,914,1680,N/A,ENABLED,29,914,1680,N/A,ENABLED,29,914,1680,N/A,ENABLED,22,711,1400,N/A,ENABLED,22,711,1400,N/A,ENABLED,22,711,1400,N/A,ENABLED,22,711,1400,N/A,ENABLED,N/A,38,37
1744669588,0,107,N/A,N/A,N/A,N/A,ENABLED,89,500,1400,DISABLED,ENABLED,87,500,1400,DISABLED,ENABLED,88,500,1400,DISABLED,ENABLED,88,500,1400,DISABLED,ENABLED,88,500,1400,DISABLED,ENABLED,88,500,1400,DISABLED,ENABLED,87,500,1400,DISABLED,ENABLED,88,500,1400,DISABLED,ENABLED,900,900,1500,N/A,DISABLED,29,914,1680,N/A,ENABLED,29,914,1680,N/A,ENABLED,29,914,1680,N/A,ENABLED,29,914,1680,N/A,ENABLED,22,711,1400,N/A,ENABLED,22,711,1400,N/A,ENABLED,22,711,1400,N/A,ENABLED,22,711,1400,N/A,ENABLED,N/A,38,37
1744669589,0,107,N/A,N/A,N/A,N/A,ENABLED,89,500,1400,DISABLED,ENABLED,87,500,1400,DISABLED,ENABLED,88,500,1400,DISABLED,ENABLED,88,500,1400,DISABLED,ENABLED,88,500,1400,DISABLED,ENABLED,88,500,1400,DISABLED,ENABLED,87,500,1400,DISABLED,ENABLED,88,500,1400,DISABLED,ENABLED,900,900,1500,N/A,DISABLED,29,914,1680,N/A,ENABLED,29,914,1680,N/A,ENABLED,29,914,1680,N/A,ENABLED,29,914,1680,N/A,ENABLED,22,711,1400,N/A,ENABLED,22,711,1400,N/A,ENABLED,22,711,1400,N/A,ENABLED,22,711,1400,N/A,ENABLED,N/A,37,37
1744669590,0,107,N/A,N/A,N/A,N/A,ENABLED,89,500,1400,DISABLED,ENABLED,87,500,1400,DISABLED,ENABLED,88,500,1400,DISABLED,ENABLED,88,500,1400,DISABLED,ENABLED,88,500,1400,DISABLED,ENABLED,88,500,1400,DISABLED,ENABLED,87,500,1400,DISABLED,ENABLED,88,500,1400,DISABLED,ENABLED,900,900,1500,N/A,DISABLED,29,914,1680,N/A,ENABLED,29,914,1680,N/A,ENABLED,29,914,1680,N/A,ENABLED,29,914,1680,N/A,ENABLED,22,711,1400,N/A,ENABLED,22,711,1400,N/A,ENABLED,22,711,1400,N/A,ENABLED,22,711,1400,N/A,ENABLED,N/A,37,36
