Timestamp,gpu,socket_power,gfx_voltage,soc_voltage,mem_voltage,throttle_status,power_management,gfx_0_clk,gfx_0_min_clk,gfx_0_max_clk,gfx_0_clk_locked,gfx_0_deep_sleep,gfx_1_clk,gfx_1_min_clk,gfx_1_max_clk,gfx_1_clk_locked,gfx_1_deep_sleep,gfx_2_clk,gfx_2_min_clk,gfx_2_max_clk,gfx_2_clk_locked,gfx_2_deep_sleep,gfx_3_clk,gfx_3_min_clk,gfx_3_max_clk,gfx_3_clk_locked,gfx_3_deep_sleep,gfx_4_clk,gfx_4_min_clk,gfx_4_max_clk,gfx_4_clk_locked,gfx_4_deep_sleep,gfx_5_clk,gfx_5_min_clk,gfx_5_max_clk,gfx_5_clk_locked,gfx_5_deep_sleep,gfx_6_clk,gfx_6_min_clk,gfx_6_max_clk,gfx_6_clk_locked,gfx_6_deep_sleep,gfx_7_clk,gfx_7_min_clk,gfx_7_max_clk,gfx_7_clk_locked,gfx_7_deep_sleep,mem_0_clk,mem_0_min_clk,mem_0_max_clk,mem_0_clk_locked,mem_0_deep_sleep,vclk_0_clk,vclk_0_min_clk,vclk_0_max_clk,vclk_0_clk_locked,vclk_0_deep_sleep,vclk_1_clk,vclk_1_min_clk,vclk_1_max_clk,vclk_1_clk_locked,vclk_1_deep_sleep,vclk_2_clk,vclk_2_min_clk,vclk_2_max_clk,vclk_2_clk_locked,vclk_2_deep_sleep,vclk_3_clk,vclk_3_min_clk,vclk_3_max_clk,vclk_3_clk_locked,vclk_3_deep_sleep,dclk_0_clk,dclk_0_min_clk,dclk_0_max_clk,dclk_0_clk_locked,dclk_0_deep_sleep,dclk_1_clk,dclk_1_min_clk,dclk_1_max_clk,dclk_1_clk_locked,dclk_1_deep_sleep,dclk_2_clk,dclk_2_min_clk,dclk_2_max_clk,dclk_2_clk_locked,dclk_2_deep_sleep,dclk_3_clk,dclk_3_min_clk,dclk_3_max_clk,dclk_3_clk_locked,dclk_3_deep_sleep,edge,hotspot,mem
1744593989,0,123,N/A,N/A,N/A,N/A,ENABLED,142,146,2100,DISABLED,DISABLED,131,146,2100,DISABLED,ENABLED,131,146,2100,DISABLED,ENABLED,132,146,2100,DISABLED,ENABLED,132,146,2100,DISABLED,ENABLED,132,146,2100,DISABLED,ENABLED,131,146,2100,DISABLED,ENABLED,132,146,2100,DISABLED,ENABLED,900,900,1500,N/A,DISABLED,29,914,1680,N/A,ENABLED,29,914,1680,N/A,ENABLED,29,914,1680,N/A,ENABLED,29,914,1680,N/A,ENABLED,22,711,1400,N/A,ENABLED,22,711,1400,N/A,ENABLED,22,711,1400,N/A,ENABLED,22,711,1400,N/A,ENABLED,N/A,48,46
1744593990,0,123,N/A,N/A,N/A,N/A,ENABLED,134,500,2100,DISABLED,ENABLED,131,500,2100,DISABLED,ENABLED,131,500,2100,DISABLED,ENABLED,132,500,2100,DISABLED,ENABLED,132,500,2100,DISABLED,ENABLED,132,500,2100,DISABLED,ENABLED,131,500,2100,DISABLED,ENABLED,132,500,2100,DISABLED,ENABLED,900,900,1500,N/A,DISABLED,29,914,1680,N/A,ENABLED,29,914,1680,N/A,ENABLED,29,914,1680,N/A,ENABLED,29,914,1680,N/A,ENABLED,22,711,1400,N/A,ENABLED,22,711,1400,N/A,ENABLED,22,711,1400,N/A,ENABLED,22,711,1400,N/A,ENABLED,N/A,48,46
1744593991,0,124,N/A,N/A,N/A,N/A,ENABLED,133,500,2100,DISABLED,ENABLED,131,500,2100,DISABLED,ENABLED,131,500,2100,DISABLED,ENABLED,132,500,2100,DISABLED,ENABLED,132,500,2100,DISABLED,ENABLED,132,500,2100,DISABLED,ENABLED,131,500,2100,DISABLED,ENABLED,132,500,2100,DISABLED,ENABLED,900,900,1500,N/A,DISABLED,29,914,1680,N/A,ENABLED,29,914,1680,N/A,ENABLED,29,914,1680,N/A,ENABLED,29,914,1680,N/A,ENABLED,22,711,1400,N/A,ENABLED,22,711,1400,N/A,ENABLED,22,711,1400,N/A,ENABLED,22,711,1400,N/A,ENABLED,N/A,47,46
1744593992,0,123,N/A,N/A,N/A,N/A,ENABLED,132,500,2100,DISABLED,ENABLED,131,500,2100,DISABLED,ENABLED,131,500,2100,DISABLED,ENABLED,132,500,2100,DISABLED,ENABLED,132,500,2100,DISABLED,ENABLED,132,500,2100,DISABLED,ENABLED,131,500,2100,DISABLED,ENABLED,132,500,2100,DISABLED,ENABLED,900,900,1500,N/A,DISABLED,29,914,1680,N/A,ENABLED,29,914,1680,N/A,ENABLED,29,914,1680,N/A,ENABLED,29,914,1680,N/A,ENABLED,22,711,1400,N/A,ENABLED,22,711,1400,N/A,ENABLED,22,711,1400,N/A,ENABLED,22,711,1400,N/A,ENABLED,N/A,47,46
1744593993,0,124,N/A,N/A,N/A,N/A,ENABLED,132,500,2100,DISABLED,ENABLED,131,500,2100,DISABLED,ENABLED,131,500,2100,DISABLED,ENABLED,132,500,2100,DISABLED,ENABLED,132,500,2100,DISABLED,ENABLED,132,500,2100,DISABLED,ENABLED,131,500,2100,DISABLED,ENABLED,132,500,2100,DISABLED,ENABLED,900,900,1500,N/A,DISABLED,29,914,1680,N/A,ENABLED,29,914,1680,N/A,ENABLED,29,914,1680,N/A,ENABLED,29,914,1680,N/A,ENABLED,22,711,1400,N/A,ENABLED,22,711,1400,N/A,ENABLED,22,711,1400,N/A,ENABLED,22,711,1400,N/A,ENABLED,N/A,47,46
1744593994,0,123,N/A,N/A,N/A,N/A,ENABLED,132,500,2100,DISABLED,ENABLED,131,500,2100,DISABLED,ENABLED,131,500,2100,DISABLED,ENABLED,132,500,2100,DISABLED,ENABLED,132,500,2100,DISABLED,ENABLED,132,500,2100,DISABLED,ENABLED,131,500,2100,DISABLED,ENABLED,132,500,2100,DISABLED,ENABLED,900,900,1500,N/A,DISABLED,29,914,1680,N/A,ENABLED,29,914,1680,N/A,ENABLED,29,914,1680,N/A,ENABLED,29,914,1680,N/A,ENABLED,22,711,1400,N/A,ENABLED,22,711,1400,N/A,ENABLED,22,711,1400,N/A,ENABLED,22,711,1400,N/A,ENABLED,N/A,47,46
1744593996,0,123,N/A,N/A,N/A,N/A,ENABLED,132,500,2100,DISABLED,ENABLED,131,500,2100,DISABLED,ENABLED,131,500,2100,DISABLED,ENABLED,132,500,2100,DISABLED,ENABLED,132,500,2100,DISABLED,ENABLED,132,500,2100,DISABLED,ENABLED,131,500,2100,DISABLED,ENABLED,132,500,2100,DISABLED,ENABLED,900,900,1500,N/A,DISABLED,29,914,1680,N/A,ENABLED,29,914,1680,N/A,ENABLED,29,914,1680,N/A,ENABLED,29,914,1680,N/A,ENABLED,22,711,1400,N/A,ENABLED,22,711,1400,N/A,ENABLED,22,711,1400,N/A,ENABLED,22,711,1400,N/A,ENABLED,N/A,47,46
1744593997,0,124,N/A,N/A,N/A,N/A,ENABLED,132,500,2100,DISABLED,ENABLED,131,500,2100,DISABLED,ENABLED,131,500,2100,DISABLED,ENABLED,132,500,2100,DISABLED,ENABLED,132,500,2100,DISABLED,ENABLED,132,500,2100,DISABLED,ENABLED,131,500,2100,DISABLED,ENABLED,132,500,2100,DISABLED,ENABLED,900,900,1500,N/A,DISABLED,29,914,1680,N/A,ENABLED,29,914,1680,N/A,ENABLED,29,914,1680,N/A,ENABLED,29,914,1680,N/A,ENABLED,22,711,1400,N/A,ENABLED,22,711,1400,N/A,ENABLED,22,711,1400,N/A,ENABLED,22,711,1400,N/A,ENABLED,N/A,47,45
1744593998,0,123,N/A,N/A,N/A,N/A,ENABLED,132,500,2100,DISABLED,ENABLED,131,500,2100,DISABLED,ENABLED,131,500,2100,DISABLED,ENABLED,132,500,2100,DISABLED,ENABLED,132,500,2100,DISABLED,ENABLED,132,500,2100,DISABLED,ENABLED,131,500,2100,DISABLED,ENABLED,132,500,2100,DISABLED,ENABLED,900,900,1500,N/A,DISABLED,29,914,1680,N/A,ENABLED,29,914,1680,N/A,ENABLED,29,914,1680,N/A,ENABLED,29,914,1680,N/A,ENABLED,22,711,1400,N/A,ENABLED,22,711,1400,N/A,ENABLED,22,711,1400,N/A,ENABLED,22,711,1400,N/A,ENABLED,N/A,47,45
1744593999,0,123,N/A,N/A,N/A,N/A,ENABLED,132,500,2100,DISABLED,ENABLED,131,500,2100,DISABLED,ENABLED,131,500,2100,DISABLED,ENABLED,132,500,2100,DISABLED,ENABLED,132,500,2100,DISABLED,ENABLED,132,500,2100,DISABLED,ENABLED,131,500,2100,DISABLED,ENABLED,132,500,2100,DISABLED,ENABLED,900,900,1500,N/A,DISABLED,29,914,1680,N/A,ENABLED,29,914,1680,N/A,ENABLED,29,914,1680,N/A,ENABLED,29,914,1680,N/A,ENABLED,22,711,1400,N/A,ENABLED,22,711,1400,N/A,ENABLED,22,711,1400,N/A,ENABLED,22,711,1400,N/A,ENABLED,N/A,46,45
1744594000,0,707,N/A,N/A,N/A,N/A,ENABLED,1690,500,2100,DISABLED,DISABLED,1664,500,2100,DISABLED,DISABLED,1712,500,2100,DISABLED,DISABLED,1693,500,2100,DISABLED,DISABLED,1710,500,2100,DISABLED,DISABLED,1687,500,2100,DISABLED,DISABLED,1697,500,2100,DISABLED,DISABLED,1682,500,2100,DISABLED,DISABLED,1327,900,1500,N/A,DISABLED,43,914,1680,N/A,ENABLED,43,914,1680,N/A,ENABLED,43,914,1680,N/A,ENABLED,43,914,1680,N/A,ENABLED,37,711,1400,N/A,ENABLED,37,711,1400,N/A,ENABLED,37,711,1400,N/A,ENABLED,37,711,1400,N/A,ENABLED,N/A,49,55
1744594001,0,718,N/A,N/A,N/A,N/A,ENABLED,1698,500,2100,DISABLED,DISABLED,1669,500,2100,DISABLED,DISABLED,1717,500,2100,DISABLED,DISABLED,1697,500,2100,DISABLED,DISABLED,1716,500,2100,DISABLED,DISABLED,1693,500,2100,DISABLED,DISABLED,1704,500,2100,DISABLED,DISABLED,1688,500,2100,DISABLED,DISABLED,1336,900,1500,N/A,DISABLED,44,914,1680,N/A,ENABLED,44,914,1680,N/A,ENABLED,44,914,1680,N/A,ENABLED,44,914,1680,N/A,ENABLED,37,711,1400,N/A,ENABLED,37,711,1400,N/A,ENABLED,37,711,1400,N/A,ENABLED,37,711,1400,N/A,ENABLED,N/A,55,57
1744594003,0,718,N/A,N/A,N/A,N/A,ENABLED,1694,500,2100,DISABLED,DISABLED,1666,500,2100,DISABLED,DISABLED,1712,500,2100,DISABLED,DISABLED,1693,500,2100,DISABLED,DISABLED,1713,500,2100,DISABLED,DISABLED,1688,500,2100,DISABLED,DISABLED,1700,500,2100,DISABLED,DISABLED,1685,500,2100,DISABLED,DISABLED,1330,900,1500,N/A,DISABLED,43,914,1680,N/A,ENABLED,43,914,1680,N/A,ENABLED,43,914,1680,N/A,ENABLED,43,914,1680,N/A,ENABLED,37,711,1400,N/A,ENABLED,37,711,1400,N/A,ENABLED,37,711,1400,N/A,ENABLED,37,711,1400,N/A,ENABLED,N/A,58,57
1744594004,0,719,N/A,N/A,N/A,N/A,ENABLED,1695,500,2100,DISABLED,DISABLED,1667,500,2100,DISABLED,DISABLED,1713,500,2100,DISABLED,DISABLED,1695,500,2100,DISABLED,DISABLED,1713,500,2100,DISABLED,DISABLED,1690,500,2100,DISABLED,DISABLED,1701,500,2100,DISABLED,DISABLED,1685,500,2100,DISABLED,DISABLED,1332,900,1500,N/A,DISABLED,43,914,1680,N/A,ENABLED,43,914,1680,N/A,ENABLED,43,914,1680,N/A,ENABLED,43,914,1680,N/A,ENABLED,37,711,1400,N/A,ENABLED,37,711,1400,N/A,ENABLED,37,711,1400,N/A,ENABLED,37,711,1400,N/A,ENABLED,N/A,59,58
1744594005,0,720,N/A,N/A,N/A,N/A,ENABLED,1690,500,2100,DISABLED,DISABLED,1661,500,2100,DISABLED,DISABLED,1708,500,2100,DISABLED,DISABLED,1689,500,2100,DISABLED,DISABLED,1709,500,2100,DISABLED,DISABLED,1685,500,2100,DISABLED,DISABLED,1694,500,2100,DISABLED,DISABLED,1678,500,2100,DISABLED,DISABLED,1335,900,1500,N/A,DISABLED,44,914,1680,N/A,ENABLED,44,914,1680,N/A,ENABLED,44,914,1680,N/A,ENABLED,44,914,1680,N/A,ENABLED,37,711,1400,N/A,ENABLED,37,711,1400,N/A,ENABLED,37,711,1400,N/A,ENABLED,37,711,1400,N/A,ENABLED,N/A,60,59
1744594006,0,721,N/A,N/A,N/A,N/A,ENABLED,1686,500,2100,DISABLED,DISABLED,1659,500,2100,DISABLED,DISABLED,1701,500,2100,DISABLED,DISABLED,1683,500,2100,DISABLED,DISABLED,1704,500,2100,DISABLED,DISABLED,1679,500,2100,DISABLED,DISABLED,1690,500,2100,DISABLED,DISABLED,1674,500,2100,DISABLED,DISABLED,1335,900,1500,N/A,DISABLED,44,914,1680,N/A,ENABLED,44,914,1680,N/A,ENABLED,44,914,1680,N/A,ENABLED,44,914,1680,N/A,ENABLED,37,711,1400,N/A,ENABLED,37,711,1400,N/A,ENABLED,37,711,1400,N/A,ENABLED,37,711,1400,N/A,ENABLED,N/A,60,59
1744594007,0,720,N/A,N/A,N/A,N/A,ENABLED,1686,500,2100,DISABLED,DISABLED,1657,500,2100,DISABLED,DISABLED,1700,500,2100,DISABLED,DISABLED,1682,500,2100,DISABLED,DISABLED,1702,500,2100,DISABLED,DISABLED,1677,500,2100,DISABLED,DISABLED,1689,500,2100,DISABLED,DISABLED,1672,500,2100,DISABLED,DISABLED,1337,900,1500,N/A,DISABLED,44,914,1680,N/A,ENABLED,44,914,1680,N/A,ENABLED,44,914,1680,N/A,ENABLED,44,914,1680,N/A,ENABLED,37,711,1400,N/A,ENABLED,37,711,1400,N/A,ENABLED,37,711,1400,N/A,ENABLED,37,711,1400,N/A,ENABLED,N/A,60,60
1744594009,0,721,N/A,N/A,N/A,N/A,ENABLED,1693,500,2100,DISABLED,DISABLED,1664,500,2100,DISABLED,DISABLED,1705,500,2100,DISABLED,DISABLED,1686,500,2100,DISABLED,DISABLED,1708,500,2100,DISABLED,DISABLED,1683,500,2100,DISABLED,DISABLED,1693,500,2100,DISABLED,DISABLED,1678,500,2100,DISABLED,DISABLED,1338,900,1500,N/A,DISABLED,44,914,1680,N/A,ENABLED,44,914,1680,N/A,ENABLED,44,914,1680,N/A,ENABLED,44,914,1680,N/A,ENABLED,37,711,1400,N/A,ENABLED,37,711,1400,N/A,ENABLED,37,711,1400,N/A,ENABLED,37,711,1400,N/A,ENABLED,N/A,61,60
1744594010,0,721,N/A,N/A,N/A,N/A,ENABLED,1685,500,2100,DISABLED,DISABLED,1656,500,2100,DISABLED,DISABLED,1695,500,2100,DISABLED,DISABLED,1677,500,2100,DISABLED,DISABLED,1701,500,2100,DISABLED,DISABLED,1676,500,2100,DISABLED,DISABLED,1687,500,2100,DISABLED,DISABLED,1671,500,2100,DISABLED,DISABLED,1337,900,1500,N/A,DISABLED,44,914,1680,N/A,ENABLED,44,914,1680,N/A,ENABLED,44,914,1680,N/A,ENABLED,44,914,1680,N/A,ENABLED,37,711,1400,N/A,ENABLED,37,711,1400,N/A,ENABLED,37,711,1400,N/A,ENABLED,37,711,1400,N/A,ENABLED,N/A,61,60
1744594011,0,720,N/A,N/A,N/A,N/A,ENABLED,1689,500,2100,DISABLED,DISABLED,1661,500,2100,DISABLED,DISABLED,1700,500,2100,DISABLED,DISABLED,1682,500,2100,DISABLED,DISABLED,1706,500,2100,DISABLED,DISABLED,1681,500,2100,DISABLED,DISABLED,1691,500,2100,DISABLED,DISABLED,1674,500,2100,DISABLED,DISABLED,1335,900,1500,N/A,DISABLED,44,914,1680,N/A,ENABLED,44,914,1680,N/A,ENABLED,44,914,1680,N/A,ENABLED,44,914,1680,N/A,ENABLED,37,711,1400,N/A,ENABLED,37,711,1400,N/A,ENABLED,37,711,1400,N/A,ENABLED,37,711,1400,N/A,ENABLED,N/A,61,60
1744594012,0,723,N/A,N/A,N/A,N/A,ENABLED,1695,500,2100,DISABLED,DISABLED,1666,500,2100,DISABLED,DISABLED,1705,500,2100,DISABLED,DISABLED,1685,500,2100,DISABLED,DISABLED,1711,500,2100,DISABLED,DISABLED,1686,500,2100,DISABLED,DISABLED,1696,500,2100,DISABLED,DISABLED,1679,500,2100,DISABLED,DISABLED,1335,900,1500,N/A,DISABLED,44,914,1680,N/A,ENABLED,44,914,1680,N/A,ENABLED,44,914,1680,N/A,ENABLED,44,914,1680,N/A,ENABLED,37,711,1400,N/A,ENABLED,37,711,1400,N/A,ENABLED,37,711,1400,N/A,ENABLED,37,711,1400,N/A,ENABLED,N/A,61,61
1744594013,0,720,N/A,N/A,N/A,N/A,ENABLED,1688,500,2100,DISABLED,DISABLED,1659,500,2100,DISABLED,DISABLED,1697,500,2100,DISABLED,DISABLED,1678,500,2100,DISABLED,DISABLED,1703,500,2100,DISABLED,DISABLED,1680,500,2100,DISABLED,DISABLED,1681,500,2100,DISABLED,DISABLED,1669,500,2100,DISABLED,DISABLED,1335,900,1500,N/A,DISABLED,44,914,1680,N/A,ENABLED,44,914,1680,N/A,ENABLED,44,914,1680,N/A,ENABLED,44,914,1680,N/A,ENABLED,37,711,1400,N/A,ENABLED,37,711,1400,N/A,ENABLED,37,711,1400,N/A,ENABLED,37,711,1400,N/A,ENABLED,N/A,62,61
1744594014,0,722,N/A,N/A,N/A,N/A,ENABLED,1686,500,2100,DISABLED,DISABLED,1658,500,2100,DISABLED,DISABLED,1696,500,2100,DISABLED,DISABLED,1677,500,2100,DISABLED,DISABLED,1703,500,2100,DISABLED,DISABLED,1673,500,2100,DISABLED,DISABLED,1677,500,2100,DISABLED,DISABLED,1663,500,2100,DISABLED,DISABLED,1334,900,1500,N/A,DISABLED,44,914,1680,N/A,ENABLED,44,914,1680,N/A,ENABLED,44,914,1680,N/A,ENABLED,44,914,1680,N/A,ENABLED,37,711,1400,N/A,ENABLED,37,711,1400,N/A,ENABLED,37,711,1400,N/A,ENABLED,37,711,1400,N/A,ENABLED,N/A,62,61
1744594016,0,722,N/A,N/A,N/A,N/A,ENABLED,1686,500,2100,DISABLED,DISABLED,1657,500,2100,DISABLED,DISABLED,1696,500,2100,DISABLED,DISABLED,1678,500,2100,DISABLED,DISABLED,1702,500,2100,DISABLED,DISABLED,1666,500,2100,DISABLED,DISABLED,1691,500,2100,DISABLED,DISABLED,1661,500,2100,DISABLED,DISABLED,1330,900,1500,N/A,DISABLED,43,914,1680,N/A,ENABLED,43,914,1680,N/A,ENABLED,43,914,1680,N/A,ENABLED,43,914,1680,N/A,ENABLED,37,711,1400,N/A,ENABLED,37,711,1400,N/A,ENABLED,37,711,1400,N/A,ENABLED,37,711,1400,N/A,ENABLED,N/A,62,61
1744594017,0,724,N/A,N/A,N/A,N/A,ENABLED,1690,500,2100,DISABLED,DISABLED,1662,500,2100,DISABLED,DISABLED,1699,500,2100,DISABLED,DISABLED,1679,500,2100,DISABLED,DISABLED,1705,500,2100,DISABLED,DISABLED,1678,500,2100,DISABLED,DISABLED,1691,500,2100,DISABLED,DISABLED,1673,500,2100,DISABLED,DISABLED,1334,900,1500,N/A,DISABLED,44,914,1680,N/A,ENABLED,44,914,1680,N/A,ENABLED,44,914,1680,N/A,ENABLED,44,914,1680,N/A,ENABLED,37,711,1400,N/A,ENABLED,37,711,1400,N/A,ENABLED,37,711,1400,N/A,ENABLED,37,711,1400,N/A,ENABLED,N/A,63,62
1744594018,0,723,N/A,N/A,N/A,N/A,ENABLED,1681,500,2100,DISABLED,DISABLED,1654,500,2100,DISABLED,DISABLED,1706,500,2100,DISABLED,DISABLED,1686,500,2100,DISABLED,DISABLED,1712,500,2100,DISABLED,DISABLED,1688,500,2100,DISABLED,DISABLED,1698,500,2100,DISABLED,DISABLED,1680,500,2100,DISABLED,DISABLED,1329,900,1500,N/A,DISABLED,43,914,1680,N/A,ENABLED,43,914,1680,N/A,ENABLED,43,914,1680,N/A,ENABLED,43,914,1680,N/A,ENABLED,37,711,1400,N/A,ENABLED,37,711,1400,N/A,ENABLED,37,711,1400,N/A,ENABLED,37,711,1400,N/A,ENABLED,N/A,63,62
1744594019,0,723,N/A,N/A,N/A,N/A,ENABLED,1672,500,2100,DISABLED,DISABLED,1642,500,2100,DISABLED,DISABLED,1693,500,2100,DISABLED,DISABLED,1674,500,2100,DISABLED,DISABLED,1700,500,2100,DISABLED,DISABLED,1675,500,2100,DISABLED,DISABLED,1685,500,2100,DISABLED,DISABLED,1667,500,2100,DISABLED,DISABLED,1334,900,1500,N/A,DISABLED,44,914,1680,N/A,ENABLED,44,914,1680,N/A,ENABLED,44,914,1680,N/A,ENABLED,44,914,1680,N/A,ENABLED,37,711,1400,N/A,ENABLED,37,711,1400,N/A,ENABLED,37,711,1400,N/A,ENABLED,37,711,1400,N/A,ENABLED,N/A,63,62
1744594020,0,723,N/A,N/A,N/A,N/A,ENABLED,1682,500,2100,DISABLED,DISABLED,1651,500,2100,DISABLED,DISABLED,1684,500,2100,DISABLED,DISABLED,1678,500,2100,DISABLED,DISABLED,1692,500,2100,DISABLED,DISABLED,1679,500,2100,DISABLED,DISABLED,1690,500,2100,DISABLED,DISABLED,1672,500,2100,DISABLED,DISABLED,1332,900,1500,N/A,DISABLED,43,914,1680,N/A,ENABLED,43,914,1680,N/A,ENABLED,43,914,1680,N/A,ENABLED,43,914,1680,N/A,ENABLED,37,711,1400,N/A,ENABLED,37,711,1400,N/A,ENABLED,37,711,1400,N/A,ENABLED,37,711,1400,N/A,ENABLED,N/A,63,62
1744594021,0,722,N/A,N/A,N/A,N/A,ENABLED,1686,500,2100,DISABLED,DISABLED,1656,500,2100,DISABLED,DISABLED,1682,500,2100,DISABLED,DISABLED,1675,500,2100,DISABLED,DISABLED,1690,500,2100,DISABLED,DISABLED,1677,500,2100,DISABLED,DISABLED,1687,500,2100,DISABLED,DISABLED,1669,500,2100,DISABLED,DISABLED,1327,900,1500,N/A,DISABLED,43,914,1680,N/A,ENABLED,43,914,1680,N/A,ENABLED,43,914,1680,N/A,ENABLED,43,914,1680,N/A,ENABLED,37,711,1400,N/A,ENABLED,37,711,1400,N/A,ENABLED,37,711,1400,N/A,ENABLED,37,711,1400,N/A,ENABLED,N/A,63,63
1744594023,0,717,N/A,N/A,N/A,N/A,ENABLED,1682,500,2100,DISABLED,DISABLED,1653,500,2100,DISABLED,DISABLED,1685,500,2100,DISABLED,DISABLED,1671,500,2100,DISABLED,DISABLED,1696,500,2100,DISABLED,DISABLED,1674,500,2100,DISABLED,DISABLED,1684,500,2100,DISABLED,DISABLED,1666,500,2100,DISABLED,DISABLED,1327,900,1500,N/A,DISABLED,43,914,1680,N/A,ENABLED,43,914,1680,N/A,ENABLED,43,914,1680,N/A,ENABLED,43,914,1680,N/A,ENABLED,37,711,1400,N/A,ENABLED,37,711,1400,N/A,ENABLED,37,711,1400,N/A,ENABLED,37,711,1400,N/A,ENABLED,N/A,64,63
1744594024,0,724,N/A,N/A,N/A,N/A,ENABLED,1689,500,2100,DISABLED,DISABLED,1659,500,2100,DISABLED,DISABLED,1697,500,2100,DISABLED,DISABLED,1676,500,2100,DISABLED,DISABLED,1704,500,2100,DISABLED,DISABLED,1681,500,2100,DISABLED,DISABLED,1690,500,2100,DISABLED,DISABLED,1671,500,2100,DISABLED,DISABLED,1330,900,1500,N/A,DISABLED,43,914,1680,N/A,ENABLED,43,914,1680,N/A,ENABLED,43,914,1680,N/A,ENABLED,43,914,1680,N/A,ENABLED,37,711,1400,N/A,ENABLED,37,711,1400,N/A,ENABLED,37,711,1400,N/A,ENABLED,37,711,1400,N/A,ENABLED,N/A,64,63
1744594025,0,723,N/A,N/A,N/A,N/A,ENABLED,1688,500,2100,DISABLED,DISABLED,1659,500,2100,DISABLED,DISABLED,1696,500,2100,DISABLED,DISABLED,1679,500,2100,DISABLED,DISABLED,1704,500,2100,DISABLED,DISABLED,1681,500,2100,DISABLED,DISABLED,1690,500,2100,DISABLED,DISABLED,1672,500,2100,DISABLED,DISABLED,1331,900,1500,N/A,DISABLED,43,914,1680,N/A,ENABLED,43,914,1680,N/A,ENABLED,43,914,1680,N/A,ENABLED,43,914,1680,N/A,ENABLED,37,711,1400,N/A,ENABLED,37,711,1400,N/A,ENABLED,37,711,1400,N/A,ENABLED,37,711,1400,N/A,ENABLED,N/A,64,63
1744594026,0,723,N/A,N/A,N/A,N/A,ENABLED,1689,500,2100,DISABLED,DISABLED,1660,500,2100,DISABLED,DISABLED,1697,500,2100,DISABLED,DISABLED,1678,500,2100,DISABLED,DISABLED,1703,500,2100,DISABLED,DISABLED,1680,500,2100,DISABLED,DISABLED,1690,500,2100,DISABLED,DISABLED,1673,500,2100,DISABLED,DISABLED,1329,900,1500,N/A,DISABLED,43,914,1680,N/A,ENABLED,43,914,1680,N/A,ENABLED,43,914,1680,N/A,ENABLED,43,914,1680,N/A,ENABLED,37,711,1400,N/A,ENABLED,37,711,1400,N/A,ENABLED,37,711,1400,N/A,ENABLED,37,711,1400,N/A,ENABLED,N/A,64,63
1744594027,0,723,N/A,N/A,N/A,N/A,ENABLED,1684,500,2100,DISABLED,DISABLED,1656,500,2100,DISABLED,DISABLED,1693,500,2100,DISABLED,DISABLED,1675,500,2100,DISABLED,DISABLED,1700,500,2100,DISABLED,DISABLED,1677,500,2100,DISABLED,DISABLED,1686,500,2100,DISABLED,DISABLED,1668,500,2100,DISABLED,DISABLED,1326,900,1500,N/A,DISABLED,43,914,1680,N/A,ENABLED,43,914,1680,N/A,ENABLED,43,914,1680,N/A,ENABLED,43,914,1680,N/A,ENABLED,37,711,1400,N/A,ENABLED,37,711,1400,N/A,ENABLED,37,711,1400,N/A,ENABLED,37,711,1400,N/A,ENABLED,N/A,65,63
1744594029,0,724,N/A,N/A,N/A,N/A,ENABLED,1687,500,2100,DISABLED,DISABLED,1658,500,2100,DISABLED,DISABLED,1696,500,2100,DISABLED,DISABLED,1665,500,2100,DISABLED,DISABLED,1702,500,2100,DISABLED,DISABLED,1678,500,2100,DISABLED,DISABLED,1688,500,2100,DISABLED,DISABLED,1671,500,2100,DISABLED,DISABLED,1326,900,1500,N/A,DISABLED,43,914,1680,N/A,ENABLED,43,914,1680,N/A,ENABLED,43,914,1680,N/A,ENABLED,43,914,1680,N/A,ENABLED,37,711,1400,N/A,ENABLED,37,711,1400,N/A,ENABLED,37,711,1400,N/A,ENABLED,37,711,1400,N/A,ENABLED,N/A,65,64
1744594030,0,723,N/A,N/A,N/A,N/A,ENABLED,1683,500,2100,DISABLED,DISABLED,1654,500,2100,DISABLED,DISABLED,1691,500,2100,DISABLED,DISABLED,1659,500,2100,DISABLED,DISABLED,1698,500,2100,DISABLED,DISABLED,1674,500,2100,DISABLED,DISABLED,1684,500,2100,DISABLED,DISABLED,1667,500,2100,DISABLED,DISABLED,1325,900,1500,N/A,DISABLED,43,914,1680,N/A,ENABLED,43,914,1680,N/A,ENABLED,43,914,1680,N/A,ENABLED,43,914,1680,N/A,ENABLED,37,711,1400,N/A,ENABLED,37,711,1400,N/A,ENABLED,37,711,1400,N/A,ENABLED,37,711,1400,N/A,ENABLED,N/A,65,64
1744594031,0,719,N/A,N/A,N/A,N/A,ENABLED,1677,500,2100,DISABLED,DISABLED,1647,500,2100,DISABLED,DISABLED,1684,500,2100,DISABLED,DISABLED,1653,500,2100,DISABLED,DISABLED,1691,500,2100,DISABLED,DISABLED,1667,500,2100,DISABLED,DISABLED,1678,500,2100,DISABLED,DISABLED,1661,500,2100,DISABLED,DISABLED,1337,900,1500,N/A,DISABLED,44,914,1680,N/A,ENABLED,44,914,1680,N/A,ENABLED,44,914,1680,N/A,ENABLED,44,914,1680,N/A,ENABLED,37,711,1400,N/A,ENABLED,37,711,1400,N/A,ENABLED,37,711,1400,N/A,ENABLED,37,711,1400,N/A,ENABLED,N/A,65,64
1744594032,0,723,N/A,N/A,N/A,N/A,ENABLED,1688,500,2100,DISABLED,DISABLED,1659,500,2100,DISABLED,DISABLED,1696,500,2100,DISABLED,DISABLED,1676,500,2100,DISABLED,DISABLED,1702,500,2100,DISABLED,DISABLED,1678,500,2100,DISABLED,DISABLED,1690,500,2100,DISABLED,DISABLED,1673,500,2100,DISABLED,DISABLED,1332,900,1500,N/A,DISABLED,43,914,1680,N/A,ENABLED,43,914,1680,N/A,ENABLED,43,914,1680,N/A,ENABLED,43,914,1680,N/A,ENABLED,37,711,1400,N/A,ENABLED,37,711,1400,N/A,ENABLED,37,711,1400,N/A,ENABLED,37,711,1400,N/A,ENABLED,N/A,65,64
1744594033,0,723,N/A,N/A,N/A,N/A,ENABLED,1682,500,2100,DISABLED,DISABLED,1653,500,2100,DISABLED,DISABLED,1690,500,2100,DISABLED,DISABLED,1672,500,2100,DISABLED,DISABLED,1698,500,2100,DISABLED,DISABLED,1673,500,2100,DISABLED,DISABLED,1683,500,2100,DISABLED,DISABLED,1666,500,2100,DISABLED,DISABLED,1331,900,1500,N/A,DISABLED,43,914,1680,N/A,ENABLED,43,914,1680,N/A,ENABLED,43,914,1680,N/A,ENABLED,43,914,1680,N/A,ENABLED,37,711,1400,N/A,ENABLED,37,711,1400,N/A,ENABLED,37,711,1400,N/A,ENABLED,37,711,1400,N/A,ENABLED,N/A,65,64
1744594034,0,723,N/A,N/A,N/A,N/A,ENABLED,1681,500,2100,DISABLED,DISABLED,1651,500,2100,DISABLED,DISABLED,1689,500,2100,DISABLED,DISABLED,1668,500,2100,DISABLED,DISABLED,1696,500,2100,DISABLED,DISABLED,1672,500,2100,DISABLED,DISABLED,1683,500,2100,DISABLED,DISABLED,1665,500,2100,DISABLED,DISABLED,1333,900,1500,N/A,DISABLED,44,914,1680,N/A,ENABLED,44,914,1680,N/A,ENABLED,44,914,1680,N/A,ENABLED,44,914,1680,N/A,ENABLED,37,711,1400,N/A,ENABLED,37,711,1400,N/A,ENABLED,37,711,1400,N/A,ENABLED,37,711,1400,N/A,ENABLED,N/A,65,64
1744594036,0,726,N/A,N/A,N/A,N/A,ENABLED,1684,500,2100,DISABLED,DISABLED,1655,500,2100,DISABLED,DISABLED,1692,500,2100,DISABLED,DISABLED,1672,500,2100,DISABLED,DISABLED,1698,500,2100,DISABLED,DISABLED,1674,500,2100,DISABLED,DISABLED,1685,500,2100,DISABLED,DISABLED,1667,500,2100,DISABLED,DISABLED,1335,900,1500,N/A,DISABLED,44,914,1680,N/A,ENABLED,44,914,1680,N/A,ENABLED,44,914,1680,N/A,ENABLED,44,914,1680,N/A,ENABLED,37,711,1400,N/A,ENABLED,37,711,1400,N/A,ENABLED,37,711,1400,N/A,ENABLED,37,711,1400,N/A,ENABLED,N/A,65,64
1744594037,0,719,N/A,N/A,N/A,N/A,ENABLED,1682,500,2100,DISABLED,DISABLED,1653,500,2100,DISABLED,DISABLED,1690,500,2100,DISABLED,DISABLED,1670,500,2100,DISABLED,DISABLED,1696,500,2100,DISABLED,DISABLED,1672,500,2100,DISABLED,DISABLED,1683,500,2100,DISABLED,DISABLED,1665,500,2100,DISABLED,DISABLED,1331,900,1500,N/A,DISABLED,43,914,1680,N/A,ENABLED,43,914,1680,N/A,ENABLED,43,914,1680,N/A,ENABLED,43,914,1680,N/A,ENABLED,37,711,1400,N/A,ENABLED,37,711,1400,N/A,ENABLED,37,711,1400,N/A,ENABLED,37,711,1400,N/A,ENABLED,N/A,65,64
1744594038,0,724,N/A,N/A,N/A,N/A,ENABLED,1686,500,2100,DISABLED,DISABLED,1659,500,2100,DISABLED,DISABLED,1695,500,2100,DISABLED,DISABLED,1675,500,2100,DISABLED,DISABLED,1701,500,2100,DISABLED,DISABLED,1676,500,2100,DISABLED,DISABLED,1688,500,2100,DISABLED,DISABLED,1671,500,2100,DISABLED,DISABLED,1329,900,1500,N/A,DISABLED,43,914,1680,N/A,ENABLED,43,914,1680,N/A,ENABLED,43,914,1680,N/A,ENABLED,43,914,1680,N/A,ENABLED,37,711,1400,N/A,ENABLED,37,711,1400,N/A,ENABLED,37,711,1400,N/A,ENABLED,37,711,1400,N/A,ENABLED,N/A,65,64
1744594039,0,723,N/A,N/A,N/A,N/A,ENABLED,1688,500,2100,DISABLED,DISABLED,1659,500,2100,DISABLED,DISABLED,1697,500,2100,DISABLED,DISABLED,1676,500,2100,DISABLED,DISABLED,1703,500,2100,DISABLED,DISABLED,1678,500,2100,DISABLED,DISABLED,1689,500,2100,DISABLED,DISABLED,1673,500,2100,DISABLED,DISABLED,1331,900,1500,N/A,DISABLED,43,914,1680,N/A,ENABLED,43,914,1680,N/A,ENABLED,43,914,1680,N/A,ENABLED,43,914,1680,N/A,ENABLED,37,711,1400,N/A,ENABLED,37,711,1400,N/A,ENABLED,37,711,1400,N/A,ENABLED,37,711,1400,N/A,ENABLED,N/A,65,64
1744594040,0,725,N/A,N/A,N/A,N/A,ENABLED,1689,500,2100,DISABLED,DISABLED,1660,500,2100,DISABLED,DISABLED,1697,500,2100,DISABLED,DISABLED,1676,500,2100,DISABLED,DISABLED,1703,500,2100,DISABLED,DISABLED,1679,500,2100,DISABLED,DISABLED,1691,500,2100,DISABLED,DISABLED,1673,500,2100,DISABLED,DISABLED,1332,900,1500,N/A,DISABLED,43,914,1680,N/A,ENABLED,43,914,1680,N/A,ENABLED,43,914,1680,N/A,ENABLED,43,914,1680,N/A,ENABLED,37,711,1400,N/A,ENABLED,37,711,1400,N/A,ENABLED,37,711,1400,N/A,ENABLED,37,711,1400,N/A,ENABLED,N/A,65,64
1744594041,0,725,N/A,N/A,N/A,N/A,ENABLED,1685,500,2100,DISABLED,DISABLED,1657,500,2100,DISABLED,DISABLED,1695,500,2100,DISABLED,DISABLED,1673,500,2100,DISABLED,DISABLED,1701,500,2100,DISABLED,DISABLED,1678,500,2100,DISABLED,DISABLED,1688,500,2100,DISABLED,DISABLED,1670,500,2100,DISABLED,DISABLED,1331,900,1500,N/A,DISABLED,43,914,1680,N/A,ENABLED,43,914,1680,N/A,ENABLED,43,914,1680,N/A,ENABLED,43,914,1680,N/A,ENABLED,37,711,1400,N/A,ENABLED,37,711,1400,N/A,ENABLED,37,711,1400,N/A,ENABLED,37,711,1400,N/A,ENABLED,N/A,65,64
1744594043,0,725,N/A,N/A,N/A,N/A,ENABLED,1693,500,2100,DISABLED,DISABLED,1663,500,2100,DISABLED,DISABLED,1702,500,2100,DISABLED,DISABLED,1680,500,2100,DISABLED,DISABLED,1708,500,2100,DISABLED,DISABLED,1685,500,2100,DISABLED,DISABLED,1695,500,2100,DISABLED,DISABLED,1677,500,2100,DISABLED,DISABLED,1329,900,1500,N/A,DISABLED,43,914,1680,N/A,ENABLED,43,914,1680,N/A,ENABLED,43,914,1680,N/A,ENABLED,43,914,1680,N/A,ENABLED,37,711,1400,N/A,ENABLED,37,711,1400,N/A,ENABLED,37,711,1400,N/A,ENABLED,37,711,1400,N/A,ENABLED,N/A,65,64
1744594044,0,726,N/A,N/A,N/A,N/A,ENABLED,1686,500,2100,DISABLED,DISABLED,1656,500,2100,DISABLED,DISABLED,1694,500,2100,DISABLED,DISABLED,1673,500,2100,DISABLED,DISABLED,1701,500,2100,DISABLED,DISABLED,1678,500,2100,DISABLED,DISABLED,1687,500,2100,DISABLED,DISABLED,1670,500,2100,DISABLED,DISABLED,1336,900,1500,N/A,DISABLED,44,914,1680,N/A,ENABLED,44,914,1680,N/A,ENABLED,44,914,1680,N/A,ENABLED,44,914,1680,N/A,ENABLED,37,711,1400,N/A,ENABLED,37,711,1400,N/A,ENABLED,37,711,1400,N/A,ENABLED,37,711,1400,N/A,ENABLED,N/A,65,64
1744594045,0,724,N/A,N/A,N/A,N/A,ENABLED,1684,500,2100,DISABLED,DISABLED,1655,500,2100,DISABLED,DISABLED,1692,500,2100,DISABLED,DISABLED,1672,500,2100,DISABLED,DISABLED,1700,500,2100,DISABLED,DISABLED,1675,500,2100,DISABLED,DISABLED,1685,500,2100,DISABLED,DISABLED,1668,500,2100,DISABLED,DISABLED,1332,900,1500,N/A,DISABLED,44,914,1680,N/A,ENABLED,43,914,1680,N/A,ENABLED,43,914,1680,N/A,ENABLED,44,914,1680,N/A,ENABLED,37,711,1400,N/A,ENABLED,37,711,1400,N/A,ENABLED,37,711,1400,N/A,ENABLED,37,711,1400,N/A,ENABLED,N/A,65,64
1744594046,0,723,N/A,N/A,N/A,N/A,ENABLED,1685,500,2100,DISABLED,DISABLED,1655,500,2100,DISABLED,DISABLED,1694,500,2100,DISABLED,DISABLED,1673,500,2100,DISABLED,DISABLED,1701,500,2100,DISABLED,DISABLED,1678,500,2100,DISABLED,DISABLED,1672,500,2100,DISABLED,DISABLED,1671,500,2100,DISABLED,DISABLED,1326,900,1500,N/A,DISABLED,43,914,1680,N/A,ENABLED,43,914,1680,N/A,ENABLED,44,914,1680,N/A,ENABLED,43,914,1680,N/A,ENABLED,37,711,1400,N/A,ENABLED,37,711,1400,N/A,ENABLED,37,711,1400,N/A,ENABLED,37,711,1400,N/A,ENABLED,N/A,65,64
1744594047,0,725,N/A,N/A,N/A,N/A,ENABLED,1689,500,2100,DISABLED,DISABLED,1660,500,2100,DISABLED,DISABLED,1697,500,2100,DISABLED,DISABLED,1678,500,2100,DISABLED,DISABLED,1704,500,2100,DISABLED,DISABLED,1677,500,2100,DISABLED,DISABLED,1677,500,2100,DISABLED,DISABLED,1659,500,2100,DISABLED,DISABLED,1332,900,1500,N/A,DISABLED,43,914,1680,N/A,ENABLED,43,914,1680,N/A,ENABLED,43,914,1680,N/A,ENABLED,43,914,1680,N/A,ENABLED,37,711,1400,N/A,ENABLED,37,711,1400,N/A,ENABLED,37,711,1400,N/A,ENABLED,37,711,1400,N/A,ENABLED,N/A,65,64
1744594049,0,723,N/A,N/A,N/A,N/A,ENABLED,1687,500,2100,DISABLED,DISABLED,1658,500,2100,DISABLED,DISABLED,1698,500,2100,DISABLED,DISABLED,1676,500,2100,DISABLED,DISABLED,1704,500,2100,DISABLED,DISABLED,1664,500,2100,DISABLED,DISABLED,1689,500,2100,DISABLED,DISABLED,1665,500,2100,DISABLED,DISABLED,1328,900,1500,N/A,DISABLED,43,914,1680,N/A,ENABLED,43,914,1680,N/A,ENABLED,43,914,1680,N/A,ENABLED,43,914,1680,N/A,ENABLED,37,711,1400,N/A,ENABLED,37,711,1400,N/A,ENABLED,37,711,1400,N/A,ENABLED,37,711,1400,N/A,ENABLED,N/A,65,64
1744594050,0,724,N/A,N/A,N/A,N/A,ENABLED,1682,500,2100,DISABLED,DISABLED,1653,500,2100,DISABLED,DISABLED,1691,500,2100,DISABLED,DISABLED,1670,500,2100,DISABLED,DISABLED,1697,500,2100,DISABLED,DISABLED,1663,500,2100,DISABLED,DISABLED,1683,500,2100,DISABLED,DISABLED,1666,500,2100,DISABLED,DISABLED,1331,900,1500,N/A,DISABLED,43,914,1680,N/A,ENABLED,43,914,1680,N/A,ENABLED,43,914,1680,N/A,ENABLED,43,914,1680,N/A,ENABLED,37,711,1400,N/A,ENABLED,37,711,1400,N/A,ENABLED,37,711,1400,N/A,ENABLED,37,711,1400,N/A,ENABLED,N/A,65,64
1744594051,0,721,N/A,N/A,N/A,N/A,ENABLED,1676,500,2100,DISABLED,DISABLED,1647,500,2100,DISABLED,DISABLED,1693,500,2100,DISABLED,DISABLED,1673,500,2100,DISABLED,DISABLED,1700,500,2100,DISABLED,DISABLED,1674,500,2100,DISABLED,DISABLED,1684,500,2100,DISABLED,DISABLED,1667,500,2100,DISABLED,DISABLED,1326,900,1500,N/A,DISABLED,43,914,1680,N/A,ENABLED,43,914,1680,N/A,ENABLED,43,914,1680,N/A,ENABLED,43,914,1680,N/A,ENABLED,37,711,1400,N/A,ENABLED,37,711,1400,N/A,ENABLED,37,711,1400,N/A,ENABLED,37,711,1400,N/A,ENABLED,N/A,65,64
1744594052,0,725,N/A,N/A,N/A,N/A,ENABLED,1665,500,2100,DISABLED,DISABLED,1636,500,2100,DISABLED,DISABLED,1695,500,2100,DISABLED,DISABLED,1675,500,2100,DISABLED,DISABLED,1700,500,2100,DISABLED,DISABLED,1675,500,2100,DISABLED,DISABLED,1685,500,2100,DISABLED,DISABLED,1668,500,2100,DISABLED,DISABLED,1331,900,1500,N/A,DISABLED,43,914,1680,N/A,ENABLED,43,914,1680,N/A,ENABLED,43,914,1680,N/A,ENABLED,43,914,1680,N/A,ENABLED,37,711,1400,N/A,ENABLED,37,711,1400,N/A,ENABLED,37,711,1400,N/A,ENABLED,37,711,1400,N/A,ENABLED,N/A,65,64
1744594053,0,724,N/A,N/A,N/A,N/A,ENABLED,1676,500,2100,DISABLED,DISABLED,1646,500,2100,DISABLED,DISABLED,1693,500,2100,DISABLED,DISABLED,1678,500,2100,DISABLED,DISABLED,1694,500,2100,DISABLED,DISABLED,1680,500,2100,DISABLED,DISABLED,1689,500,2100,DISABLED,DISABLED,1671,500,2100,DISABLED,DISABLED,1326,900,1500,N/A,DISABLED,43,914,1680,N/A,ENABLED,43,914,1680,N/A,ENABLED,43,914,1680,N/A,ENABLED,43,914,1680,N/A,ENABLED,37,711,1400,N/A,ENABLED,37,711,1400,N/A,ENABLED,37,711,1400,N/A,ENABLED,37,711,1400,N/A,ENABLED,N/A,65,64
1744594054,0,721,N/A,N/A,N/A,N/A,ENABLED,1686,500,2100,DISABLED,DISABLED,1657,500,2100,DISABLED,DISABLED,1680,500,2100,DISABLED,DISABLED,1678,500,2100,DISABLED,DISABLED,1685,500,2100,DISABLED,DISABLED,1677,500,2100,DISABLED,DISABLED,1689,500,2100,DISABLED,DISABLED,1671,500,2100,DISABLED,DISABLED,1326,900,1500,N/A,DISABLED,43,914,1680,N/A,ENABLED,43,914,1680,N/A,ENABLED,43,914,1680,N/A,ENABLED,43,914,1680,N/A,ENABLED,37,711,1400,N/A,ENABLED,37,711,1400,N/A,ENABLED,37,711,1400,N/A,ENABLED,37,711,1400,N/A,ENABLED,N/A,65,64
1744594056,0,723,N/A,N/A,N/A,N/A,ENABLED,1682,500,2100,DISABLED,DISABLED,1654,500,2100,DISABLED,DISABLED,1681,500,2100,DISABLED,DISABLED,1673,500,2100,DISABLED,DISABLED,1687,500,2100,DISABLED,DISABLED,1675,500,2100,DISABLED,DISABLED,1684,500,2100,DISABLED,DISABLED,1667,500,2100,DISABLED,DISABLED,1333,900,1500,N/A,DISABLED,44,914,1680,N/A,ENABLED,44,914,1680,N/A,ENABLED,44,914,1680,N/A,ENABLED,44,914,1680,N/A,ENABLED,37,711,1400,N/A,ENABLED,37,711,1400,N/A,ENABLED,37,711,1400,N/A,ENABLED,37,711,1400,N/A,ENABLED,N/A,65,64
1744594057,0,726,N/A,N/A,N/A,N/A,ENABLED,1686,500,2100,DISABLED,DISABLED,1656,500,2100,DISABLED,DISABLED,1693,500,2100,DISABLED,DISABLED,1675,500,2100,DISABLED,DISABLED,1701,500,2100,DISABLED,DISABLED,1676,500,2100,DISABLED,DISABLED,1687,500,2100,DISABLED,DISABLED,1670,500,2100,DISABLED,DISABLED,1334,900,1500,N/A,DISABLED,44,914,1680,N/A,ENABLED,44,914,1680,N/A,ENABLED,44,914,1680,N/A,ENABLED,44,914,1680,N/A,ENABLED,37,711,1400,N/A,ENABLED,37,711,1400,N/A,ENABLED,37,711,1400,N/A,ENABLED,37,711,1400,N/A,ENABLED,N/A,65,64
1744594058,0,723,N/A,N/A,N/A,N/A,ENABLED,1677,500,2100,DISABLED,DISABLED,1649,500,2100,DISABLED,DISABLED,1685,500,2100,DISABLED,DISABLED,1665,500,2100,DISABLED,DISABLED,1692,500,2100,DISABLED,DISABLED,1669,500,2100,DISABLED,DISABLED,1680,500,2100,DISABLED,DISABLED,1662,500,2100,DISABLED,DISABLED,1334,900,1500,N/A,DISABLED,44,914,1680,N/A,ENABLED,44,914,1680,N/A,ENABLED,44,914,1680,N/A,ENABLED,44,914,1680,N/A,ENABLED,37,711,1400,N/A,ENABLED,37,711,1400,N/A,ENABLED,37,711,1400,N/A,ENABLED,37,711,1400,N/A,ENABLED,N/A,65,64
1744594059,0,723,N/A,N/A,N/A,N/A,ENABLED,1678,500,2100,DISABLED,DISABLED,1649,500,2100,DISABLED,DISABLED,1687,500,2100,DISABLED,DISABLED,1665,500,2100,DISABLED,DISABLED,1693,500,2100,DISABLED,DISABLED,1669,500,2100,DISABLED,DISABLED,1679,500,2100,DISABLED,DISABLED,1662,500,2100,DISABLED,DISABLED,1331,900,1500,N/A,DISABLED,43,914,1680,N/A,ENABLED,43,914,1680,N/A,ENABLED,43,914,1680,N/A,ENABLED,43,914,1680,N/A,ENABLED,37,711,1400,N/A,ENABLED,37,711,1400,N/A,ENABLED,37,711,1400,N/A,ENABLED,37,711,1400,N/A,ENABLED,N/A,65,64
1744594060,0,720,N/A,N/A,N/A,N/A,ENABLED,1678,500,2100,DISABLED,DISABLED,1649,500,2100,DISABLED,DISABLED,1688,500,2100,DISABLED,DISABLED,1667,500,2100,DISABLED,DISABLED,1694,500,2100,DISABLED,DISABLED,1669,500,2100,DISABLED,DISABLED,1680,500,2100,DISABLED,DISABLED,1661,500,2100,DISABLED,DISABLED,1330,900,1500,N/A,DISABLED,43,914,1680,N/A,ENABLED,43,914,1680,N/A,ENABLED,43,914,1680,N/A,ENABLED,43,914,1680,N/A,ENABLED,37,711,1400,N/A,ENABLED,37,711,1400,N/A,ENABLED,37,711,1400,N/A,ENABLED,37,711,1400,N/A,ENABLED,N/A,65,64
1744594061,0,720,N/A,N/A,N/A,N/A,ENABLED,1679,500,2100,DISABLED,DISABLED,1649,500,2100,DISABLED,DISABLED,1688,500,2100,DISABLED,DISABLED,1666,500,2100,DISABLED,DISABLED,1695,500,2100,DISABLED,DISABLED,1671,500,2100,DISABLED,DISABLED,1681,500,2100,DISABLED,DISABLED,1663,500,2100,DISABLED,DISABLED,1332,900,1500,N/A,DISABLED,43,914,1680,N/A,ENABLED,43,914,1680,N/A,ENABLED,43,914,1680,N/A,ENABLED,43,914,1680,N/A,ENABLED,37,711,1400,N/A,ENABLED,37,711,1400,N/A,ENABLED,37,711,1400,N/A,ENABLED,37,711,1400,N/A,ENABLED,N/A,65,64
1744594063,0,727,N/A,N/A,N/A,N/A,ENABLED,1686,500,2100,DISABLED,DISABLED,1659,500,2100,DISABLED,DISABLED,1696,500,2100,DISABLED,DISABLED,1663,500,2100,DISABLED,DISABLED,1703,500,2100,DISABLED,DISABLED,1678,500,2100,DISABLED,DISABLED,1688,500,2100,DISABLED,DISABLED,1671,500,2100,DISABLED,DISABLED,1330,900,1500,N/A,DISABLED,43,914,1680,N/A,ENABLED,43,914,1680,N/A,ENABLED,43,914,1680,N/A,ENABLED,43,914,1680,N/A,ENABLED,37,711,1400,N/A,ENABLED,37,711,1400,N/A,ENABLED,37,711,1400,N/A,ENABLED,37,711,1400,N/A,ENABLED,N/A,65,65
1744594064,0,722,N/A,N/A,N/A,N/A,ENABLED,1677,500,2100,DISABLED,DISABLED,1648,500,2100,DISABLED,DISABLED,1687,500,2100,DISABLED,DISABLED,1654,500,2100,DISABLED,DISABLED,1693,500,2100,DISABLED,DISABLED,1669,500,2100,DISABLED,DISABLED,1678,500,2100,DISABLED,DISABLED,1662,500,2100,DISABLED,DISABLED,1331,900,1500,N/A,DISABLED,43,914,1680,N/A,ENABLED,43,914,1680,N/A,ENABLED,43,914,1680,N/A,ENABLED,43,914,1680,N/A,ENABLED,37,711,1400,N/A,ENABLED,37,711,1400,N/A,ENABLED,37,711,1400,N/A,ENABLED,37,711,1400,N/A,ENABLED,N/A,65,65
1744594065,0,726,N/A,N/A,N/A,N/A,ENABLED,1687,500,2100,DISABLED,DISABLED,1658,500,2100,DISABLED,DISABLED,1697,500,2100,DISABLED,DISABLED,1675,500,2100,DISABLED,DISABLED,1703,500,2100,DISABLED,DISABLED,1680,500,2100,DISABLED,DISABLED,1689,500,2100,DISABLED,DISABLED,1672,500,2100,DISABLED,DISABLED,1329,900,1500,N/A,DISABLED,43,914,1680,N/A,ENABLED,43,914,1680,N/A,ENABLED,43,914,1680,N/A,ENABLED,43,914,1680,N/A,ENABLED,37,711,1400,N/A,ENABLED,37,711,1400,N/A,ENABLED,37,711,1400,N/A,ENABLED,37,711,1400,N/A,ENABLED,N/A,66,65
1744594066,0,725,N/A,N/A,N/A,N/A,ENABLED,1686,500,2100,DISABLED,DISABLED,1658,500,2100,DISABLED,DISABLED,1695,500,2100,DISABLED,DISABLED,1675,500,2100,DISABLED,DISABLED,1702,500,2100,DISABLED,DISABLED,1679,500,2100,DISABLED,DISABLED,1689,500,2100,DISABLED,DISABLED,1673,500,2100,DISABLED,DISABLED,1328,900,1500,N/A,DISABLED,43,914,1680,N/A,ENABLED,43,914,1680,N/A,ENABLED,43,914,1680,N/A,ENABLED,43,914,1680,N/A,ENABLED,37,711,1400,N/A,ENABLED,37,711,1400,N/A,ENABLED,37,711,1400,N/A,ENABLED,37,711,1400,N/A,ENABLED,N/A,66,65
1744594067,0,723,N/A,N/A,N/A,N/A,ENABLED,1686,500,2100,DISABLED,DISABLED,1657,500,2100,DISABLED,DISABLED,1697,500,2100,DISABLED,DISABLED,1677,500,2100,DISABLED,DISABLED,1702,500,2100,DISABLED,DISABLED,1679,500,2100,DISABLED,DISABLED,1688,500,2100,DISABLED,DISABLED,1670,500,2100,DISABLED,DISABLED,1326,900,1500,N/A,DISABLED,43,914,1680,N/A,ENABLED,43,914,1680,N/A,ENABLED,43,914,1680,N/A,ENABLED,43,914,1680,N/A,ENABLED,37,711,1400,N/A,ENABLED,37,711,1400,N/A,ENABLED,37,711,1400,N/A,ENABLED,37,711,1400,N/A,ENABLED,N/A,66,65
1744594069,0,724,N/A,N/A,N/A,N/A,ENABLED,1684,500,2100,DISABLED,DISABLED,1655,500,2100,DISABLED,DISABLED,1694,500,2100,DISABLED,DISABLED,1673,500,2100,DISABLED,DISABLED,1701,500,2100,DISABLED,DISABLED,1678,500,2100,DISABLED,DISABLED,1687,500,2100,DISABLED,DISABLED,1670,500,2100,DISABLED,DISABLED,1330,900,1500,N/A,DISABLED,43,914,1680,N/A,ENABLED,43,914,1680,N/A,ENABLED,43,914,1680,N/A,ENABLED,43,914,1680,N/A,ENABLED,37,711,1400,N/A,ENABLED,37,711,1400,N/A,ENABLED,37,711,1400,N/A,ENABLED,37,711,1400,N/A,ENABLED,N/A,66,65
1744594070,0,724,N/A,N/A,N/A,N/A,ENABLED,1682,500,2100,DISABLED,DISABLED,1655,500,2100,DISABLED,DISABLED,1692,500,2100,DISABLED,DISABLED,1671,500,2100,DISABLED,DISABLED,1699,500,2100,DISABLED,DISABLED,1675,500,2100,DISABLED,DISABLED,1685,500,2100,DISABLED,DISABLED,1667,500,2100,DISABLED,DISABLED,1334,900,1500,N/A,DISABLED,44,914,1680,N/A,ENABLED,44,914,1680,N/A,ENABLED,44,914,1680,N/A,ENABLED,44,914,1680,N/A,ENABLED,37,711,1400,N/A,ENABLED,37,711,1400,N/A,ENABLED,37,711,1400,N/A,ENABLED,37,711,1400,N/A,ENABLED,N/A,66,65
1744594071,0,726,N/A,N/A,N/A,N/A,ENABLED,1687,500,2100,DISABLED,DISABLED,1659,500,2100,DISABLED,DISABLED,1697,500,2100,DISABLED,DISABLED,1676,500,2100,DISABLED,DISABLED,1703,500,2100,DISABLED,DISABLED,1679,500,2100,DISABLED,DISABLED,1690,500,2100,DISABLED,DISABLED,1672,500,2100,DISABLED,DISABLED,1333,900,1500,N/A,DISABLED,44,914,1680,N/A,ENABLED,44,914,1680,N/A,ENABLED,44,914,1680,N/A,ENABLED,43,914,1680,N/A,ENABLED,37,711,1400,N/A,ENABLED,37,711,1400,N/A,ENABLED,37,711,1400,N/A,ENABLED,37,711,1400,N/A,ENABLED,N/A,66,65
1744594072,0,726,N/A,N/A,N/A,N/A,ENABLED,1690,500,2100,DISABLED,DISABLED,1661,500,2100,DISABLED,DISABLED,1700,500,2100,DISABLED,DISABLED,1679,500,2100,DISABLED,DISABLED,1706,500,2100,DISABLED,DISABLED,1682,500,2100,DISABLED,DISABLED,1691,500,2100,DISABLED,DISABLED,1674,500,2100,DISABLED,DISABLED,1328,900,1500,N/A,DISABLED,43,914,1680,N/A,ENABLED,43,914,1680,N/A,ENABLED,43,914,1680,N/A,ENABLED,43,914,1680,N/A,ENABLED,37,711,1400,N/A,ENABLED,37,711,1400,N/A,ENABLED,37,711,1400,N/A,ENABLED,37,711,1400,N/A,ENABLED,N/A,66,65
1744594073,0,722,N/A,N/A,N/A,N/A,ENABLED,1675,500,2100,DISABLED,DISABLED,1645,500,2100,DISABLED,DISABLED,1683,500,2100,DISABLED,DISABLED,1663,500,2100,DISABLED,DISABLED,1692,500,2100,DISABLED,DISABLED,1667,500,2100,DISABLED,DISABLED,1676,500,2100,DISABLED,DISABLED,1660,500,2100,DISABLED,DISABLED,1326,900,1500,N/A,DISABLED,43,914,1680,N/A,ENABLED,43,914,1680,N/A,ENABLED,43,914,1680,N/A,ENABLED,43,914,1680,N/A,ENABLED,37,711,1400,N/A,ENABLED,37,711,1400,N/A,ENABLED,37,711,1400,N/A,ENABLED,37,711,1400,N/A,ENABLED,N/A,66,66
1744594074,0,725,N/A,N/A,N/A,N/A,ENABLED,1680,500,2100,DISABLED,DISABLED,1650,500,2100,DISABLED,DISABLED,1689,500,2100,DISABLED,DISABLED,1669,500,2100,DISABLED,DISABLED,1696,500,2100,DISABLED,DISABLED,1672,500,2100,DISABLED,DISABLED,1682,500,2100,DISABLED,DISABLED,1664,500,2100,DISABLED,DISABLED,1329,900,1500,N/A,DISABLED,43,914,1680,N/A,ENABLED,43,914,1680,N/A,ENABLED,43,914,1680,N/A,ENABLED,43,914,1680,N/A,ENABLED,37,711,1400,N/A,ENABLED,37,711,1400,N/A,ENABLED,37,711,1400,N/A,ENABLED,37,711,1400,N/A,ENABLED,N/A,66,66
1744594076,0,726,N/A,N/A,N/A,N/A,ENABLED,1688,500,2100,DISABLED,DISABLED,1659,500,2100,DISABLED,DISABLED,1697,500,2100,DISABLED,DISABLED,1675,500,2100,DISABLED,DISABLED,1704,500,2100,DISABLED,DISABLED,1679,500,2100,DISABLED,DISABLED,1690,500,2100,DISABLED,DISABLED,1672,500,2100,DISABLED,DISABLED,1326,900,1500,N/A,DISABLED,43,914,1680,N/A,ENABLED,43,914,1680,N/A,ENABLED,43,914,1680,N/A,ENABLED,43,914,1680,N/A,ENABLED,37,711,1400,N/A,ENABLED,37,711,1400,N/A,ENABLED,37,711,1400,N/A,ENABLED,37,711,1400,N/A,ENABLED,N/A,66,66
1744594077,0,726,N/A,N/A,N/A,N/A,ENABLED,1682,500,2100,DISABLED,DISABLED,1654,500,2100,DISABLED,DISABLED,1691,500,2100,DISABLED,DISABLED,1670,500,2100,DISABLED,DISABLED,1699,500,2100,DISABLED,DISABLED,1676,500,2100,DISABLED,DISABLED,1686,500,2100,DISABLED,DISABLED,1668,500,2100,DISABLED,DISABLED,1329,900,1500,N/A,DISABLED,43,914,1680,N/A,ENABLED,43,914,1680,N/A,ENABLED,43,914,1680,N/A,ENABLED,43,914,1680,N/A,ENABLED,37,711,1400,N/A,ENABLED,37,711,1400,N/A,ENABLED,37,711,1400,N/A,ENABLED,37,711,1400,N/A,ENABLED,N/A,66,66
1744594078,0,725,N/A,N/A,N/A,N/A,ENABLED,1679,500,2100,DISABLED,DISABLED,1650,500,2100,DISABLED,DISABLED,1688,500,2100,DISABLED,DISABLED,1668,500,2100,DISABLED,DISABLED,1696,500,2100,DISABLED,DISABLED,1672,500,2100,DISABLED,DISABLED,1682,500,2100,DISABLED,DISABLED,1664,500,2100,DISABLED,DISABLED,1324,900,1500,N/A,DISABLED,43,914,1680,N/A,ENABLED,43,914,1680,N/A,ENABLED,43,914,1680,N/A,ENABLED,43,914,1680,N/A,ENABLED,37,711,1400,N/A,ENABLED,37,711,1400,N/A,ENABLED,37,711,1400,N/A,ENABLED,37,711,1400,N/A,ENABLED,N/A,67,65
1744594079,0,724,N/A,N/A,N/A,N/A,ENABLED,1685,500,2100,DISABLED,DISABLED,1654,500,2100,DISABLED,DISABLED,1693,500,2100,DISABLED,DISABLED,1672,500,2100,DISABLED,DISABLED,1701,500,2100,DISABLED,DISABLED,1676,500,2100,DISABLED,DISABLED,1676,500,2100,DISABLED,DISABLED,1670,500,2100,DISABLED,DISABLED,1328,900,1500,N/A,DISABLED,43,914,1680,N/A,ENABLED,43,914,1680,N/A,ENABLED,43,914,1680,N/A,ENABLED,43,914,1680,N/A,ENABLED,37,711,1400,N/A,ENABLED,37,711,1400,N/A,ENABLED,37,711,1400,N/A,ENABLED,37,711,1400,N/A,ENABLED,N/A,67,66
1744594080,0,725,N/A,N/A,N/A,N/A,ENABLED,1682,500,2100,DISABLED,DISABLED,1652,500,2100,DISABLED,DISABLED,1691,500,2100,DISABLED,DISABLED,1671,500,2100,DISABLED,DISABLED,1698,500,2100,DISABLED,DISABLED,1672,500,2100,DISABLED,DISABLED,1668,500,2100,DISABLED,DISABLED,1652,500,2100,DISABLED,DISABLED,1331,900,1500,N/A,DISABLED,43,914,1680,N/A,ENABLED,43,914,1680,N/A,ENABLED,43,914,1680,N/A,ENABLED,43,914,1680,N/A,ENABLED,37,711,1400,N/A,ENABLED,37,711,1400,N/A,ENABLED,37,711,1400,N/A,ENABLED,37,711,1400,N/A,ENABLED,N/A,67,66
1744594082,0,721,N/A,N/A,N/A,N/A,ENABLED,1672,500,2100,DISABLED,DISABLED,1643,500,2100,DISABLED,DISABLED,1681,500,2100,DISABLED,DISABLED,1660,500,2100,DISABLED,DISABLED,1688,500,2100,DISABLED,DISABLED,1651,500,2100,DISABLED,DISABLED,1664,500,2100,DISABLED,DISABLED,1644,500,2100,DISABLED,DISABLED,1329,900,1500,N/A,DISABLED,43,914,1680,N/A,ENABLED,43,914,1680,N/A,ENABLED,43,914,1680,N/A,ENABLED,43,914,1680,N/A,ENABLED,37,711,1400,N/A,ENABLED,37,711,1400,N/A,ENABLED,37,711,1400,N/A,ENABLED,37,711,1400,N/A,ENABLED,N/A,67,66
1744594083,0,724,N/A,N/A,N/A,N/A,ENABLED,1672,500,2100,DISABLED,DISABLED,1642,500,2100,DISABLED,DISABLED,1683,500,2100,DISABLED,DISABLED,1661,500,2100,DISABLED,DISABLED,1689,500,2100,DISABLED,DISABLED,1649,500,2100,DISABLED,DISABLED,1674,500,2100,DISABLED,DISABLED,1648,500,2100,DISABLED,DISABLED,1333,900,1500,N/A,DISABLED,44,914,1680,N/A,ENABLED,44,914,1680,N/A,ENABLED,44,914,1680,N/A,ENABLED,44,914,1680,N/A,ENABLED,37,711,1400,N/A,ENABLED,37,711,1400,N/A,ENABLED,37,711,1400,N/A,ENABLED,37,711,1400,N/A,ENABLED,N/A,67,66
1744594084,0,724,N/A,N/A,N/A,N/A,ENABLED,1679,500,2100,DISABLED,DISABLED,1651,500,2100,DISABLED,DISABLED,1691,500,2100,DISABLED,DISABLED,1670,500,2100,DISABLED,DISABLED,1697,500,2100,DISABLED,DISABLED,1672,500,2100,DISABLED,DISABLED,1681,500,2100,DISABLED,DISABLED,1664,500,2100,DISABLED,DISABLED,1333,900,1500,N/A,DISABLED,43,914,1680,N/A,ENABLED,43,914,1680,N/A,ENABLED,43,914,1680,N/A,ENABLED,43,914,1680,N/A,ENABLED,37,711,1400,N/A,ENABLED,37,711,1400,N/A,ENABLED,37,711,1400,N/A,ENABLED,37,711,1400,N/A,ENABLED,N/A,67,66
1744594085,0,727,N/A,N/A,N/A,N/A,ENABLED,1664,500,2100,DISABLED,DISABLED,1636,500,2100,DISABLED,DISABLED,1686,500,2100,DISABLED,DISABLED,1665,500,2100,DISABLED,DISABLED,1693,500,2100,DISABLED,DISABLED,1669,500,2100,DISABLED,DISABLED,1678,500,2100,DISABLED,DISABLED,1661,500,2100,DISABLED,DISABLED,1332,900,1500,N/A,DISABLED,43,914,1680,N/A,ENABLED,43,914,1680,N/A,ENABLED,43,914,1680,N/A,ENABLED,43,914,1680,N/A,ENABLED,37,711,1400,N/A,ENABLED,37,711,1400,N/A,ENABLED,37,711,1400,N/A,ENABLED,37,711,1400,N/A,ENABLED,N/A,67,66
1744594086,0,726,N/A,N/A,N/A,N/A,ENABLED,1666,500,2100,DISABLED,DISABLED,1635,500,2100,DISABLED,DISABLED,1689,500,2100,DISABLED,DISABLED,1668,500,2100,DISABLED,DISABLED,1697,500,2100,DISABLED,DISABLED,1671,500,2100,DISABLED,DISABLED,1680,500,2100,DISABLED,DISABLED,1662,500,2100,DISABLED,DISABLED,1332,900,1500,N/A,DISABLED,43,914,1680,N/A,ENABLED,43,914,1680,N/A,ENABLED,43,914,1680,N/A,ENABLED,43,914,1680,N/A,ENABLED,37,711,1400,N/A,ENABLED,37,711,1400,N/A,ENABLED,37,711,1400,N/A,ENABLED,37,711,1400,N/A,ENABLED,N/A,68,67
1744594087,0,725,N/A,N/A,N/A,N/A,ENABLED,1673,500,2100,DISABLED,DISABLED,1636,500,2100,DISABLED,DISABLED,1673,500,2100,DISABLED,DISABLED,1664,500,2100,DISABLED,DISABLED,1680,500,2100,DISABLED,DISABLED,1667,500,2100,DISABLED,DISABLED,1677,500,2100,DISABLED,DISABLED,1658,500,2100,DISABLED,DISABLED,1330,900,1500,N/A,DISABLED,43,914,1680,N/A,ENABLED,43,914,1680,N/A,ENABLED,43,914,1680,N/A,ENABLED,43,914,1680,N/A,ENABLED,37,711,1400,N/A,ENABLED,37,711,1400,N/A,ENABLED,37,711,1400,N/A,ENABLED,37,711,1400,N/A,ENABLED,N/A,68,67
1744594089,0,727,N/A,N/A,N/A,N/A,ENABLED,1681,500,2100,DISABLED,DISABLED,1652,500,2100,DISABLED,DISABLED,1677,500,2100,DISABLED,DISABLED,1670,500,2100,DISABLED,DISABLED,1686,500,2100,DISABLED,DISABLED,1674,500,2100,DISABLED,DISABLED,1684,500,2100,DISABLED,DISABLED,1665,500,2100,DISABLED,DISABLED,1332,900,1500,N/A,DISABLED,43,914,1680,N/A,ENABLED,43,914,1680,N/A,ENABLED,43,914,1680,N/A,ENABLED,43,914,1680,N/A,ENABLED,37,711,1400,N/A,ENABLED,37,711,1400,N/A,ENABLED,37,711,1400,N/A,ENABLED,37,711,1400,N/A,ENABLED,N/A,68,67
1744594090,0,727,N/A,N/A,N/A,N/A,ENABLED,1679,500,2100,DISABLED,DISABLED,1650,500,2100,DISABLED,DISABLED,1688,500,2100,DISABLED,DISABLED,1669,500,2100,DISABLED,DISABLED,1696,500,2100,DISABLED,DISABLED,1673,500,2100,DISABLED,DISABLED,1682,500,2100,DISABLED,DISABLED,1663,500,2100,DISABLED,DISABLED,1330,900,1500,N/A,DISABLED,43,914,1680,N/A,ENABLED,43,914,1680,N/A,ENABLED,43,914,1680,N/A,ENABLED,43,914,1680,N/A,ENABLED,37,711,1400,N/A,ENABLED,37,711,1400,N/A,ENABLED,37,711,1400,N/A,ENABLED,37,711,1400,N/A,ENABLED,N/A,68,67
1744594091,0,725,N/A,N/A,N/A,N/A,ENABLED,1669,500,2100,DISABLED,DISABLED,1638,500,2100,DISABLED,DISABLED,1678,500,2100,DISABLED,DISABLED,1657,500,2100,DISABLED,DISABLED,1687,500,2100,DISABLED,DISABLED,1662,500,2100,DISABLED,DISABLED,1671,500,2100,DISABLED,DISABLED,1652,500,2100,DISABLED,DISABLED,1330,900,1500,N/A,DISABLED,43,914,1680,N/A,ENABLED,43,914,1680,N/A,ENABLED,43,914,1680,N/A,ENABLED,43,914,1680,N/A,ENABLED,37,711,1400,N/A,ENABLED,37,711,1400,N/A,ENABLED,37,711,1400,N/A,ENABLED,37,711,1400,N/A,ENABLED,N/A,68,67
1744594092,0,729,N/A,N/A,N/A,N/A,ENABLED,1684,500,2100,DISABLED,DISABLED,1654,500,2100,DISABLED,DISABLED,1693,500,2100,DISABLED,DISABLED,1672,500,2100,DISABLED,DISABLED,1701,500,2100,DISABLED,DISABLED,1677,500,2100,DISABLED,DISABLED,1687,500,2100,DISABLED,DISABLED,1668,500,2100,DISABLED,DISABLED,1329,900,1500,N/A,DISABLED,43,914,1680,N/A,ENABLED,43,914,1680,N/A,ENABLED,43,914,1680,N/A,ENABLED,43,914,1680,N/A,ENABLED,37,711,1400,N/A,ENABLED,37,711,1400,N/A,ENABLED,37,711,1400,N/A,ENABLED,37,711,1400,N/A,ENABLED,N/A,68,68
1744594093,0,728,N/A,N/A,N/A,N/A,ENABLED,1678,500,2100,DISABLED,DISABLED,1648,500,2100,DISABLED,DISABLED,1688,500,2100,DISABLED,DISABLED,1666,500,2100,DISABLED,DISABLED,1694,500,2100,DISABLED,DISABLED,1671,500,2100,DISABLED,DISABLED,1680,500,2100,DISABLED,DISABLED,1662,500,2100,DISABLED,DISABLED,1329,900,1500,N/A,DISABLED,43,914,1680,N/A,ENABLED,43,914,1680,N/A,ENABLED,43,914,1680,N/A,ENABLED,43,914,1680,N/A,ENABLED,37,711,1400,N/A,ENABLED,37,711,1400,N/A,ENABLED,37,711,1400,N/A,ENABLED,37,711,1400,N/A,ENABLED,N/A,69,67
1744594094,0,725,N/A,N/A,N/A,N/A,ENABLED,1669,500,2100,DISABLED,DISABLED,1638,500,2100,DISABLED,DISABLED,1677,500,2100,DISABLED,DISABLED,1657,500,2100,DISABLED,DISABLED,1686,500,2100,DISABLED,DISABLED,1662,500,2100,DISABLED,DISABLED,1672,500,2100,DISABLED,DISABLED,1652,500,2100,DISABLED,DISABLED,1331,900,1500,N/A,DISABLED,43,914,1680,N/A,ENABLED,43,914,1680,N/A,ENABLED,43,914,1680,N/A,ENABLED,43,914,1680,N/A,ENABLED,37,711,1400,N/A,ENABLED,37,711,1400,N/A,ENABLED,37,711,1400,N/A,ENABLED,37,711,1400,N/A,ENABLED,N/A,69,68
1744594096,0,725,N/A,N/A,N/A,N/A,ENABLED,1673,500,2100,DISABLED,DISABLED,1643,500,2100,DISABLED,DISABLED,1683,500,2100,DISABLED,DISABLED,1645,500,2100,DISABLED,DISABLED,1690,500,2100,DISABLED,DISABLED,1666,500,2100,DISABLED,DISABLED,1676,500,2100,DISABLED,DISABLED,1658,500,2100,DISABLED,DISABLED,1333,900,1500,N/A,DISABLED,44,914,1680,N/A,ENABLED,44,914,1680,N/A,ENABLED,44,914,1680,N/A,ENABLED,44,914,1680,N/A,ENABLED,37,711,1400,N/A,ENABLED,37,711,1400,N/A,ENABLED,37,711,1400,N/A,ENABLED,37,711,1400,N/A,ENABLED,N/A,69,68
1744594097,0,728,N/A,N/A,N/A,N/A,ENABLED,1675,500,2100,DISABLED,DISABLED,1644,500,2100,DISABLED,DISABLED,1684,500,2100,DISABLED,DISABLED,1654,500,2100,DISABLED,DISABLED,1690,500,2100,DISABLED,DISABLED,1666,500,2100,DISABLED,DISABLED,1675,500,2100,DISABLED,DISABLED,1657,500,2100,DISABLED,DISABLED,1328,900,1500,N/A,DISABLED,43,914,1680,N/A,ENABLED,43,914,1680,N/A,ENABLED,43,914,1680,N/A,ENABLED,43,914,1680,N/A,ENABLED,37,711,1400,N/A,ENABLED,37,711,1400,N/A,ENABLED,37,711,1400,N/A,ENABLED,37,711,1400,N/A,ENABLED,N/A,69,68
1744594098,0,728,N/A,N/A,N/A,N/A,ENABLED,1681,500,2100,DISABLED,DISABLED,1651,500,2100,DISABLED,DISABLED,1690,500,2100,DISABLED,DISABLED,1670,500,2100,DISABLED,DISABLED,1697,500,2100,DISABLED,DISABLED,1671,500,2100,DISABLED,DISABLED,1681,500,2100,DISABLED,DISABLED,1663,500,2100,DISABLED,DISABLED,1328,900,1500,N/A,DISABLED,43,914,1680,N/A,ENABLED,43,914,1680,N/A,ENABLED,43,914,1680,N/A,ENABLED,43,914,1680,N/A,ENABLED,37,711,1400,N/A,ENABLED,37,711,1400,N/A,ENABLED,37,711,1400,N/A,ENABLED,37,711,1400,N/A,ENABLED,N/A,69,68
1744594099,0,728,N/A,N/A,N/A,N/A,ENABLED,1682,500,2100,DISABLED,DISABLED,1652,500,2100,DISABLED,DISABLED,1691,500,2100,DISABLED,DISABLED,1670,500,2100,DISABLED,DISABLED,1698,500,2100,DISABLED,DISABLED,1673,500,2100,DISABLED,DISABLED,1683,500,2100,DISABLED,DISABLED,1663,500,2100,DISABLED,DISABLED,1329,900,1500,N/A,DISABLED,43,914,1680,N/A,ENABLED,43,914,1680,N/A,ENABLED,43,914,1680,N/A,ENABLED,43,914,1680,N/A,ENABLED,37,711,1400,N/A,ENABLED,37,711,1400,N/A,ENABLED,37,711,1400,N/A,ENABLED,37,711,1400,N/A,ENABLED,N/A,69,68
1744594100,0,726,N/A,N/A,N/A,N/A,ENABLED,1671,500,2100,DISABLED,DISABLED,1641,500,2100,DISABLED,DISABLED,1680,500,2100,DISABLED,DISABLED,1658,500,2100,DISABLED,DISABLED,1687,500,2100,DISABLED,DISABLED,1664,500,2100,DISABLED,DISABLED,1671,500,2100,DISABLED,DISABLED,1652,500,2100,DISABLED,DISABLED,1326,900,1500,N/A,DISABLED,43,914,1680,N/A,ENABLED,43,914,1680,N/A,ENABLED,43,914,1680,N/A,ENABLED,43,914,1680,N/A,ENABLED,37,711,1400,N/A,ENABLED,37,711,1400,N/A,ENABLED,37,711,1400,N/A,ENABLED,37,711,1400,N/A,ENABLED,N/A,69,68
1744594102,0,726,N/A,N/A,N/A,N/A,ENABLED,1681,500,2100,DISABLED,DISABLED,1651,500,2100,DISABLED,DISABLED,1690,500,2100,DISABLED,DISABLED,1668,500,2100,DISABLED,DISABLED,1698,500,2100,DISABLED,DISABLED,1674,500,2100,DISABLED,DISABLED,1682,500,2100,DISABLED,DISABLED,1663,500,2100,DISABLED,DISABLED,1326,900,1500,N/A,DISABLED,43,914,1680,N/A,ENABLED,43,914,1680,N/A,ENABLED,43,914,1680,N/A,ENABLED,43,914,1680,N/A,ENABLED,37,711,1400,N/A,ENABLED,37,711,1400,N/A,ENABLED,37,711,1400,N/A,ENABLED,37,711,1400,N/A,ENABLED,N/A,69,68
1744594103,0,725,N/A,N/A,N/A,N/A,ENABLED,1672,500,2100,DISABLED,DISABLED,1642,500,2100,DISABLED,DISABLED,1682,500,2100,DISABLED,DISABLED,1661,500,2100,DISABLED,DISABLED,1689,500,2100,DISABLED,DISABLED,1664,500,2100,DISABLED,DISABLED,1673,500,2100,DISABLED,DISABLED,1655,500,2100,DISABLED,DISABLED,1324,900,1500,N/A,DISABLED,43,914,1680,N/A,ENABLED,43,914,1680,N/A,ENABLED,43,914,1680,N/A,ENABLED,43,914,1680,N/A,ENABLED,37,711,1400,N/A,ENABLED,37,711,1400,N/A,ENABLED,37,711,1400,N/A,ENABLED,37,711,1400,N/A,ENABLED,N/A,70,68
1744594104,0,726,N/A,N/A,N/A,N/A,ENABLED,1675,500,2100,DISABLED,DISABLED,1645,500,2100,DISABLED,DISABLED,1685,500,2100,DISABLED,DISABLED,1664,500,2100,DISABLED,DISABLED,1691,500,2100,DISABLED,DISABLED,1667,500,2100,DISABLED,DISABLED,1676,500,2100,DISABLED,DISABLED,1657,500,2100,DISABLED,DISABLED,1327,900,1500,N/A,DISABLED,43,914,1680,N/A,ENABLED,43,914,1680,N/A,ENABLED,43,914,1680,N/A,ENABLED,43,914,1680,N/A,ENABLED,37,711,1400,N/A,ENABLED,37,711,1400,N/A,ENABLED,37,711,1400,N/A,ENABLED,37,711,1400,N/A,ENABLED,N/A,70,69
1744594105,0,727,N/A,N/A,N/A,N/A,ENABLED,1671,500,2100,DISABLED,DISABLED,1641,500,2100,DISABLED,DISABLED,1680,500,2100,DISABLED,DISABLED,1659,500,2100,DISABLED,DISABLED,1688,500,2100,DISABLED,DISABLED,1663,500,2100,DISABLED,DISABLED,1673,500,2100,DISABLED,DISABLED,1654,500,2100,DISABLED,DISABLED,1328,900,1500,N/A,DISABLED,43,914,1680,N/A,ENABLED,43,914,1680,N/A,ENABLED,43,914,1680,N/A,ENABLED,43,914,1680,N/A,ENABLED,37,711,1400,N/A,ENABLED,37,711,1400,N/A,ENABLED,37,711,1400,N/A,ENABLED,37,711,1400,N/A,ENABLED,N/A,70,69
1744594106,0,725,N/A,N/A,N/A,N/A,ENABLED,1666,500,2100,DISABLED,DISABLED,1635,500,2100,DISABLED,DISABLED,1674,500,2100,DISABLED,DISABLED,1654,500,2100,DISABLED,DISABLED,1683,500,2100,DISABLED,DISABLED,1658,500,2100,DISABLED,DISABLED,1667,500,2100,DISABLED,DISABLED,1648,500,2100,DISABLED,DISABLED,1332,900,1500,N/A,DISABLED,43,914,1680,N/A,ENABLED,43,914,1680,N/A,ENABLED,43,914,1680,N/A,ENABLED,43,914,1680,N/A,ENABLED,37,711,1400,N/A,ENABLED,37,711,1400,N/A,ENABLED,37,711,1400,N/A,ENABLED,37,711,1400,N/A,ENABLED,N/A,70,69
1744594107,0,728,N/A,N/A,N/A,N/A,ENABLED,1673,500,2100,DISABLED,DISABLED,1644,500,2100,DISABLED,DISABLED,1682,500,2100,DISABLED,DISABLED,1661,500,2100,DISABLED,DISABLED,1688,500,2100,DISABLED,DISABLED,1664,500,2100,DISABLED,DISABLED,1673,500,2100,DISABLED,DISABLED,1654,500,2100,DISABLED,DISABLED,1331,900,1500,N/A,DISABLED,43,914,1680,N/A,ENABLED,43,914,1680,N/A,ENABLED,43,914,1680,N/A,ENABLED,43,914,1680,N/A,ENABLED,37,711,1400,N/A,ENABLED,37,711,1400,N/A,ENABLED,37,711,1400,N/A,ENABLED,37,711,1400,N/A,ENABLED,N/A,70,69
1744594109,0,729,N/A,N/A,N/A,N/A,ENABLED,1677,500,2100,DISABLED,DISABLED,1646,500,2100,DISABLED,DISABLED,1685,500,2100,DISABLED,DISABLED,1665,500,2100,DISABLED,DISABLED,1692,500,2100,DISABLED,DISABLED,1666,500,2100,DISABLED,DISABLED,1678,500,2100,DISABLED,DISABLED,1658,500,2100,DISABLED,DISABLED,1331,900,1500,N/A,DISABLED,43,914,1680,N/A,ENABLED,43,914,1680,N/A,ENABLED,43,914,1680,N/A,ENABLED,43,914,1680,N/A,ENABLED,37,711,1400,N/A,ENABLED,37,711,1400,N/A,ENABLED,37,711,1400,N/A,ENABLED,37,711,1400,N/A,ENABLED,N/A,70,69
1744594110,0,727,N/A,N/A,N/A,N/A,ENABLED,1674,500,2100,DISABLED,DISABLED,1644,500,2100,DISABLED,DISABLED,1683,500,2100,DISABLED,DISABLED,1663,500,2100,DISABLED,DISABLED,1690,500,2100,DISABLED,DISABLED,1666,500,2100,DISABLED,DISABLED,1676,500,2100,DISABLED,DISABLED,1658,500,2100,DISABLED,DISABLED,1331,900,1500,N/A,DISABLED,43,914,1680,N/A,ENABLED,43,914,1680,N/A,ENABLED,43,914,1680,N/A,ENABLED,43,914,1680,N/A,ENABLED,37,711,1400,N/A,ENABLED,37,711,1400,N/A,ENABLED,37,711,1400,N/A,ENABLED,37,711,1400,N/A,ENABLED,N/A,70,69
1744594111,0,727,N/A,N/A,N/A,N/A,ENABLED,1672,500,2100,DISABLED,DISABLED,1641,500,2100,DISABLED,DISABLED,1681,500,2100,DISABLED,DISABLED,1660,500,2100,DISABLED,DISABLED,1688,500,2100,DISABLED,DISABLED,1664,500,2100,DISABLED,DISABLED,1674,500,2100,DISABLED,DISABLED,1655,500,2100,DISABLED,DISABLED,1334,900,1500,N/A,DISABLED,44,914,1680,N/A,ENABLED,44,914,1680,N/A,ENABLED,44,914,1680,N/A,ENABLED,44,914,1680,N/A,ENABLED,37,711,1400,N/A,ENABLED,37,711,1400,N/A,ENABLED,37,711,1400,N/A,ENABLED,37,711,1400,N/A,ENABLED,N/A,70,69
1744594112,0,727,N/A,N/A,N/A,N/A,ENABLED,1663,500,2100,DISABLED,DISABLED,1634,500,2100,DISABLED,DISABLED,1672,500,2100,DISABLED,DISABLED,1651,500,2100,DISABLED,DISABLED,1679,500,2100,DISABLED,DISABLED,1654,500,2100,DISABLED,DISABLED,1665,500,2100,DISABLED,DISABLED,1645,500,2100,DISABLED,DISABLED,1330,900,1500,N/A,DISABLED,43,914,1680,N/A,ENABLED,43,914,1680,N/A,ENABLED,43,914,1680,N/A,ENABLED,43,914,1680,N/A,ENABLED,37,711,1400,N/A,ENABLED,37,711,1400,N/A,ENABLED,37,711,1400,N/A,ENABLED,37,711,1400,N/A,ENABLED,N/A,70,69
1744594113,0,726,N/A,N/A,N/A,N/A,ENABLED,1670,500,2100,DISABLED,DISABLED,1640,500,2100,DISABLED,DISABLED,1679,500,2100,DISABLED,DISABLED,1659,500,2100,DISABLED,DISABLED,1688,500,2100,DISABLED,DISABLED,1663,500,2100,DISABLED,DISABLED,1654,500,2100,DISABLED,DISABLED,1649,500,2100,DISABLED,DISABLED,1331,900,1500,N/A,DISABLED,43,914,1680,N/A,ENABLED,43,914,1680,N/A,ENABLED,43,914,1680,N/A,ENABLED,43,914,1680,N/A,ENABLED,37,711,1400,N/A,ENABLED,37,711,1400,N/A,ENABLED,37,711,1400,N/A,ENABLED,37,711,1400,N/A,ENABLED,N/A,70,69
1744594114,0,727,N/A,N/A,N/A,N/A,ENABLED,1670,500,2100,DISABLED,DISABLED,1639,500,2100,DISABLED,DISABLED,1680,500,2100,DISABLED,DISABLED,1659,500,2100,DISABLED,DISABLED,1686,500,2100,DISABLED,DISABLED,1657,500,2100,DISABLED,DISABLED,1662,500,2100,DISABLED,DISABLED,1636,500,2100,DISABLED,DISABLED,1328,900,1500,N/A,DISABLED,43,914,1680,N/A,ENABLED,43,914,1680,N/A,ENABLED,43,914,1680,N/A,ENABLED,43,914,1680,N/A,ENABLED,37,711,1400,N/A,ENABLED,37,711,1400,N/A,ENABLED,37,711,1400,N/A,ENABLED,37,711,1400,N/A,ENABLED,N/A,70,69
1744594116,0,727,N/A,N/A,N/A,N/A,ENABLED,1664,500,2100,DISABLED,DISABLED,1633,500,2100,DISABLED,DISABLED,1672,500,2100,DISABLED,DISABLED,1651,500,2100,DISABLED,DISABLED,1680,500,2100,DISABLED,DISABLED,1641,500,2100,DISABLED,DISABLED,1664,500,2100,DISABLED,DISABLED,1631,500,2100,DISABLED,DISABLED,1331,900,1500,N/A,DISABLED,43,914,1680,N/A,ENABLED,43,914,1680,N/A,ENABLED,43,914,1680,N/A,ENABLED,43,914,1680,N/A,ENABLED,37,711,1400,N/A,ENABLED,37,711,1400,N/A,ENABLED,37,711,1400,N/A,ENABLED,37,711,1400,N/A,ENABLED,N/A,71,70
1744594117,0,729,N/A,N/A,N/A,N/A,ENABLED,1675,500,2100,DISABLED,DISABLED,1644,500,2100,DISABLED,DISABLED,1682,500,2100,DISABLED,DISABLED,1660,500,2100,DISABLED,DISABLED,1691,500,2100,DISABLED,DISABLED,1657,500,2100,DISABLED,DISABLED,1673,500,2100,DISABLED,DISABLED,1654,500,2100,DISABLED,DISABLED,1331,900,1500,N/A,DISABLED,43,914,1680,N/A,ENABLED,43,914,1680,N/A,ENABLED,43,914,1680,N/A,ENABLED,43,914,1680,N/A,ENABLED,37,711,1400,N/A,ENABLED,37,711,1400,N/A,ENABLED,37,711,1400,N/A,ENABLED,37,711,1400,N/A,ENABLED,N/A,71,70
1744594118,0,727,N/A,N/A,N/A,N/A,ENABLED,1654,500,2100,DISABLED,DISABLED,1626,500,2100,DISABLED,DISABLED,1676,500,2100,DISABLED,DISABLED,1654,500,2100,DISABLED,DISABLED,1684,500,2100,DISABLED,DISABLED,1658,500,2100,DISABLED,DISABLED,1668,500,2100,DISABLED,DISABLED,1647,500,2100,DISABLED,DISABLED,1329,900,1500,N/A,DISABLED,43,914,1680,N/A,ENABLED,43,914,1680,N/A,ENABLED,43,914,1680,N/A,ENABLED,43,914,1680,N/A,ENABLED,37,711,1400,N/A,ENABLED,37,711,1400,N/A,ENABLED,37,711,1400,N/A,ENABLED,37,711,1400,N/A,ENABLED,N/A,71,70
1744594119,0,727,N/A,N/A,N/A,N/A,ENABLED,1655,500,2100,DISABLED,DISABLED,1622,500,2100,DISABLED,DISABLED,1679,500,2100,DISABLED,DISABLED,1658,500,2100,DISABLED,DISABLED,1687,500,2100,DISABLED,DISABLED,1661,500,2100,DISABLED,DISABLED,1672,500,2100,DISABLED,DISABLED,1652,500,2100,DISABLED,DISABLED,1327,900,1500,N/A,DISABLED,43,914,1680,N/A,ENABLED,43,914,1680,N/A,ENABLED,43,914,1680,N/A,ENABLED,43,914,1680,N/A,ENABLED,37,711,1400,N/A,ENABLED,37,711,1400,N/A,ENABLED,37,711,1400,N/A,ENABLED,37,711,1400,N/A,ENABLED,N/A,71,70
1744594120,0,730,N/A,N/A,N/A,N/A,ENABLED,1668,500,2100,DISABLED,DISABLED,1637,500,2100,DISABLED,DISABLED,1678,500,2100,DISABLED,DISABLED,1663,500,2100,DISABLED,DISABLED,1680,500,2100,DISABLED,DISABLED,1669,500,2100,DISABLED,DISABLED,1678,500,2100,DISABLED,DISABLED,1660,500,2100,DISABLED,DISABLED,1330,900,1500,N/A,DISABLED,43,914,1680,N/A,ENABLED,43,914,1680,N/A,ENABLED,43,914,1680,N/A,ENABLED,43,914,1680,N/A,ENABLED,37,711,1400,N/A,ENABLED,37,711,1400,N/A,ENABLED,37,711,1400,N/A,ENABLED,37,711,1400,N/A,ENABLED,N/A,71,69
1744594122,0,729,N/A,N/A,N/A,N/A,ENABLED,1676,500,2100,DISABLED,DISABLED,1645,500,2100,DISABLED,DISABLED,1672,500,2100,DISABLED,DISABLED,1664,500,2100,DISABLED,DISABLED,1682,500,2100,DISABLED,DISABLED,1668,500,2100,DISABLED,DISABLED,1677,500,2100,DISABLED,DISABLED,1657,500,2100,DISABLED,DISABLED,1328,900,1500,N/A,DISABLED,43,914,1680,N/A,ENABLED,43,914,1680,N/A,ENABLED,44,914,1680,N/A,ENABLED,43,914,1680,N/A,ENABLED,37,711,1400,N/A,ENABLED,37,711,1400,N/A,ENABLED,37,711,1400,N/A,ENABLED,37,711,1400,N/A,ENABLED,N/A,71,70
1744594123,0,729,N/A,N/A,N/A,N/A,ENABLED,1670,500,2100,DISABLED,DISABLED,1640,500,2100,DISABLED,DISABLED,1673,500,2100,DISABLED,DISABLED,1660,500,2100,DISABLED,DISABLED,1685,500,2100,DISABLED,DISABLED,1663,500,2100,DISABLED,DISABLED,1671,500,2100,DISABLED,DISABLED,1652,500,2100,DISABLED,DISABLED,1326,900,1500,N/A,DISABLED,43,914,1680,N/A,ENABLED,43,914,1680,N/A,ENABLED,43,914,1680,N/A,ENABLED,43,914,1680,N/A,ENABLED,37,711,1400,N/A,ENABLED,37,711,1400,N/A,ENABLED,37,711,1400,N/A,ENABLED,37,711,1400,N/A,ENABLED,N/A,71,70
1744594124,0,727,N/A,N/A,N/A,N/A,ENABLED,1671,500,2100,DISABLED,DISABLED,1640,500,2100,DISABLED,DISABLED,1680,500,2100,DISABLED,DISABLED,1660,500,2100,DISABLED,DISABLED,1688,500,2100,DISABLED,DISABLED,1663,500,2100,DISABLED,DISABLED,1670,500,2100,DISABLED,DISABLED,1651,500,2100,DISABLED,DISABLED,1326,900,1500,N/A,DISABLED,43,914,1680,N/A,ENABLED,43,914,1680,N/A,ENABLED,43,914,1680,N/A,ENABLED,43,914,1680,N/A,ENABLED,37,711,1400,N/A,ENABLED,37,711,1400,N/A,ENABLED,37,711,1400,N/A,ENABLED,37,711,1400,N/A,ENABLED,N/A,71,70
1744594125,0,728,N/A,N/A,N/A,N/A,ENABLED,1679,500,2100,DISABLED,DISABLED,1649,500,2100,DISABLED,DISABLED,1689,500,2100,DISABLED,DISABLED,1668,500,2100,DISABLED,DISABLED,1696,500,2100,DISABLED,DISABLED,1672,500,2100,DISABLED,DISABLED,1680,500,2100,DISABLED,DISABLED,1660,500,2100,DISABLED,DISABLED,1325,900,1500,N/A,DISABLED,43,914,1680,N/A,ENABLED,43,914,1680,N/A,ENABLED,43,914,1680,N/A,ENABLED,43,914,1680,N/A,ENABLED,37,711,1400,N/A,ENABLED,37,711,1400,N/A,ENABLED,37,711,1400,N/A,ENABLED,37,711,1400,N/A,ENABLED,N/A,71,70
1744594126,0,728,N/A,N/A,N/A,N/A,ENABLED,1670,500,2100,DISABLED,DISABLED,1640,500,2100,DISABLED,DISABLED,1679,500,2100,DISABLED,DISABLED,1659,500,2100,DISABLED,DISABLED,1687,500,2100,DISABLED,DISABLED,1663,500,2100,DISABLED,DISABLED,1671,500,2100,DISABLED,DISABLED,1652,500,2100,DISABLED,DISABLED,1326,900,1500,N/A,DISABLED,43,914,1680,N/A,ENABLED,43,914,1680,N/A,ENABLED,43,914,1680,N/A,ENABLED,43,914,1680,N/A,ENABLED,37,711,1400,N/A,ENABLED,37,711,1400,N/A,ENABLED,37,711,1400,N/A,ENABLED,37,711,1400,N/A,ENABLED,N/A,71,70
1744594127,0,726,N/A,N/A,N/A,N/A,ENABLED,1670,500,2100,DISABLED,DISABLED,1639,500,2100,DISABLED,DISABLED,1679,500,2100,DISABLED,DISABLED,1659,500,2100,DISABLED,DISABLED,1687,500,2100,DISABLED,DISABLED,1662,500,2100,DISABLED,DISABLED,1672,500,2100,DISABLED,DISABLED,1652,500,2100,DISABLED,DISABLED,1326,900,1500,N/A,DISABLED,43,914,1680,N/A,ENABLED,43,914,1680,N/A,ENABLED,43,914,1680,N/A,ENABLED,43,914,1680,N/A,ENABLED,37,711,1400,N/A,ENABLED,37,711,1400,N/A,ENABLED,37,711,1400,N/A,ENABLED,37,711,1400,N/A,ENABLED,N/A,71,70
1744594129,0,727,N/A,N/A,N/A,N/A,ENABLED,1666,500,2100,DISABLED,DISABLED,1636,500,2100,DISABLED,DISABLED,1675,500,2100,DISABLED,DISABLED,1647,500,2100,DISABLED,DISABLED,1684,500,2100,DISABLED,DISABLED,1660,500,2100,DISABLED,DISABLED,1667,500,2100,DISABLED,DISABLED,1648,500,2100,DISABLED,DISABLED,1325,900,1500,N/A,DISABLED,43,914,1680,N/A,ENABLED,43,914,1680,N/A,ENABLED,43,914,1680,N/A,ENABLED,43,914,1680,N/A,ENABLED,37,711,1400,N/A,ENABLED,37,711,1400,N/A,ENABLED,37,711,1400,N/A,ENABLED,37,711,1400,N/A,ENABLED,N/A,71,70
1744594130,0,728,N/A,N/A,N/A,N/A,ENABLED,1673,500,2100,DISABLED,DISABLED,1643,500,2100,DISABLED,DISABLED,1682,500,2100,DISABLED,DISABLED,1644,500,2100,DISABLED,DISABLED,1691,500,2100,DISABLED,DISABLED,1667,500,2100,DISABLED,DISABLED,1675,500,2100,DISABLED,DISABLED,1656,500,2100,DISABLED,DISABLED,1328,900,1500,N/A,DISABLED,43,914,1680,N/A,ENABLED,43,914,1680,N/A,ENABLED,43,914,1680,N/A,ENABLED,43,914,1680,N/A,ENABLED,37,711,1400,N/A,ENABLED,37,711,1400,N/A,ENABLED,37,711,1400,N/A,ENABLED,37,711,1400,N/A,ENABLED,N/A,71,70
1744594131,0,729,N/A,N/A,N/A,N/A,ENABLED,1678,500,2100,DISABLED,DISABLED,1648,500,2100,DISABLED,DISABLED,1686,500,2100,DISABLED,DISABLED,1657,500,2100,DISABLED,DISABLED,1694,500,2100,DISABLED,DISABLED,1670,500,2100,DISABLED,DISABLED,1680,500,2100,DISABLED,DISABLED,1661,500,2100,DISABLED,DISABLED,1332,900,1500,N/A,DISABLED,43,914,1680,N/A,ENABLED,43,914,1680,N/A,ENABLED,43,914,1680,N/A,ENABLED,43,914,1680,N/A,ENABLED,37,711,1400,N/A,ENABLED,37,711,1400,N/A,ENABLED,37,711,1400,N/A,ENABLED,37,711,1400,N/A,ENABLED,N/A,71,70
1744594132,0,728,N/A,N/A,N/A,N/A,ENABLED,1663,500,2100,DISABLED,DISABLED,1633,500,2100,DISABLED,DISABLED,1672,500,2100,DISABLED,DISABLED,1650,500,2100,DISABLED,DISABLED,1680,500,2100,DISABLED,DISABLED,1656,500,2100,DISABLED,DISABLED,1664,500,2100,DISABLED,DISABLED,1646,500,2100,DISABLED,DISABLED,1331,900,1500,N/A,DISABLED,43,914,1680,N/A,ENABLED,43,914,1680,N/A,ENABLED,43,914,1680,N/A,ENABLED,43,914,1680,N/A,ENABLED,37,711,1400,N/A,ENABLED,37,711,1400,N/A,ENABLED,37,711,1400,N/A,ENABLED,37,711,1400,N/A,ENABLED,N/A,71,70
1744594133,0,727,N/A,N/A,N/A,N/A,ENABLED,1667,500,2100,DISABLED,DISABLED,1636,500,2100,DISABLED,DISABLED,1675,500,2100,DISABLED,DISABLED,1655,500,2100,DISABLED,DISABLED,1685,500,2100,DISABLED,DISABLED,1660,500,2100,DISABLED,DISABLED,1668,500,2100,DISABLED,DISABLED,1650,500,2100,DISABLED,DISABLED,1331,900,1500,N/A,DISABLED,43,914,1680,N/A,ENABLED,43,914,1680,N/A,ENABLED,43,914,1680,N/A,ENABLED,43,914,1680,N/A,ENABLED,37,711,1400,N/A,ENABLED,37,711,1400,N/A,ENABLED,37,711,1400,N/A,ENABLED,37,711,1400,N/A,ENABLED,N/A,71,70
1744594134,0,727,N/A,N/A,N/A,N/A,ENABLED,1665,500,2100,DISABLED,DISABLED,1635,500,2100,DISABLED,DISABLED,1674,500,2100,DISABLED,DISABLED,1653,500,2100,DISABLED,DISABLED,1683,500,2100,DISABLED,DISABLED,1658,500,2100,DISABLED,DISABLED,1666,500,2100,DISABLED,DISABLED,1647,500,2100,DISABLED,DISABLED,1330,900,1500,N/A,DISABLED,43,914,1680,N/A,ENABLED,43,914,1680,N/A,ENABLED,43,914,1680,N/A,ENABLED,43,914,1680,N/A,ENABLED,37,711,1400,N/A,ENABLED,37,711,1400,N/A,ENABLED,37,711,1400,N/A,ENABLED,37,711,1400,N/A,ENABLED,N/A,71,70
1744594136,0,725,N/A,N/A,N/A,N/A,ENABLED,1661,500,2100,DISABLED,DISABLED,1631,500,2100,DISABLED,DISABLED,1671,500,2100,DISABLED,DISABLED,1650,500,2100,DISABLED,DISABLED,1679,500,2100,DISABLED,DISABLED,1654,500,2100,DISABLED,DISABLED,1663,500,2100,DISABLED,DISABLED,1645,500,2100,DISABLED,DISABLED,1330,900,1500,N/A,DISABLED,43,914,1680,N/A,ENABLED,43,914,1680,N/A,ENABLED,43,914,1680,N/A,ENABLED,43,914,1680,N/A,ENABLED,37,711,1400,N/A,ENABLED,37,711,1400,N/A,ENABLED,37,711,1400,N/A,ENABLED,37,711,1400,N/A,ENABLED,N/A,71,70
1744594137,0,727,N/A,N/A,N/A,N/A,ENABLED,1662,500,2100,DISABLED,DISABLED,1631,500,2100,DISABLED,DISABLED,1672,500,2100,DISABLED,DISABLED,1653,500,2100,DISABLED,DISABLED,1680,500,2100,DISABLED,DISABLED,1655,500,2100,DISABLED,DISABLED,1663,500,2100,DISABLED,DISABLED,1644,500,2100,DISABLED,DISABLED,1328,900,1500,N/A,DISABLED,43,914,1680,N/A,ENABLED,43,914,1680,N/A,ENABLED,43,914,1680,N/A,ENABLED,43,914,1680,N/A,ENABLED,37,711,1400,N/A,ENABLED,37,711,1400,N/A,ENABLED,37,711,1400,N/A,ENABLED,37,711,1400,N/A,ENABLED,N/A,71,70
1744594138,0,728,N/A,N/A,N/A,N/A,ENABLED,1673,500,2100,DISABLED,DISABLED,1642,500,2100,DISABLED,DISABLED,1682,500,2100,DISABLED,DISABLED,1662,500,2100,DISABLED,DISABLED,1690,500,2100,DISABLED,DISABLED,1665,500,2100,DISABLED,DISABLED,1674,500,2100,DISABLED,DISABLED,1655,500,2100,DISABLED,DISABLED,1330,900,1500,N/A,DISABLED,43,914,1680,N/A,ENABLED,43,914,1680,N/A,ENABLED,43,914,1680,N/A,ENABLED,43,914,1680,N/A,ENABLED,37,711,1400,N/A,ENABLED,37,711,1400,N/A,ENABLED,37,711,1400,N/A,ENABLED,37,711,1400,N/A,ENABLED,N/A,71,70
1744594139,0,727,N/A,N/A,N/A,N/A,ENABLED,1669,500,2100,DISABLED,DISABLED,1638,500,2100,DISABLED,DISABLED,1678,500,2100,DISABLED,DISABLED,1658,500,2100,DISABLED,DISABLED,1686,500,2100,DISABLED,DISABLED,1661,500,2100,DISABLED,DISABLED,1671,500,2100,DISABLED,DISABLED,1652,500,2100,DISABLED,DISABLED,1331,900,1500,N/A,DISABLED,43,914,1680,N/A,ENABLED,43,914,1680,N/A,ENABLED,43,914,1680,N/A,ENABLED,43,914,1680,N/A,ENABLED,37,711,1400,N/A,ENABLED,37,711,1400,N/A,ENABLED,37,711,1400,N/A,ENABLED,37,711,1400,N/A,ENABLED,N/A,71,70
1744594140,0,728,N/A,N/A,N/A,N/A,ENABLED,1663,500,2100,DISABLED,DISABLED,1632,500,2100,DISABLED,DISABLED,1673,500,2100,DISABLED,DISABLED,1653,500,2100,DISABLED,DISABLED,1680,500,2100,DISABLED,DISABLED,1656,500,2100,DISABLED,DISABLED,1665,500,2100,DISABLED,DISABLED,1646,500,2100,DISABLED,DISABLED,1330,900,1500,N/A,DISABLED,43,914,1680,N/A,ENABLED,43,914,1680,N/A,ENABLED,43,914,1680,N/A,ENABLED,43,914,1680,N/A,ENABLED,37,711,1400,N/A,ENABLED,37,711,1400,N/A,ENABLED,37,711,1400,N/A,ENABLED,37,711,1400,N/A,ENABLED,N/A,71,70
1744594142,0,727,N/A,N/A,N/A,N/A,ENABLED,1664,500,2100,DISABLED,DISABLED,1634,500,2100,DISABLED,DISABLED,1673,500,2100,DISABLED,DISABLED,1653,500,2100,DISABLED,DISABLED,1680,500,2100,DISABLED,DISABLED,1656,500,2100,DISABLED,DISABLED,1664,500,2100,DISABLED,DISABLED,1645,500,2100,DISABLED,DISABLED,1329,900,1500,N/A,DISABLED,43,914,1680,N/A,ENABLED,43,914,1680,N/A,ENABLED,43,914,1680,N/A,ENABLED,43,914,1680,N/A,ENABLED,37,711,1400,N/A,ENABLED,37,711,1400,N/A,ENABLED,37,711,1400,N/A,ENABLED,37,711,1400,N/A,ENABLED,N/A,71,70
1744594143,0,726,N/A,N/A,N/A,N/A,ENABLED,1668,500,2100,DISABLED,DISABLED,1638,500,2100,DISABLED,DISABLED,1678,500,2100,DISABLED,DISABLED,1657,500,2100,DISABLED,DISABLED,1686,500,2100,DISABLED,DISABLED,1662,500,2100,DISABLED,DISABLED,1669,500,2100,DISABLED,DISABLED,1650,500,2100,DISABLED,DISABLED,1329,900,1500,N/A,DISABLED,43,914,1680,N/A,ENABLED,43,914,1680,N/A,ENABLED,43,914,1680,N/A,ENABLED,43,914,1680,N/A,ENABLED,37,711,1400,N/A,ENABLED,37,711,1400,N/A,ENABLED,37,711,1400,N/A,ENABLED,37,711,1400,N/A,ENABLED,N/A,71,70
1744594144,0,728,N/A,N/A,N/A,N/A,ENABLED,1667,500,2100,DISABLED,DISABLED,1637,500,2100,DISABLED,DISABLED,1678,500,2100,DISABLED,DISABLED,1659,500,2100,DISABLED,DISABLED,1685,500,2100,DISABLED,DISABLED,1662,500,2100,DISABLED,DISABLED,1670,500,2100,DISABLED,DISABLED,1650,500,2100,DISABLED,DISABLED,1330,900,1500,N/A,DISABLED,43,914,1680,N/A,ENABLED,43,914,1680,N/A,ENABLED,43,914,1680,N/A,ENABLED,43,914,1680,N/A,ENABLED,37,711,1400,N/A,ENABLED,37,711,1400,N/A,ENABLED,37,711,1400,N/A,ENABLED,37,711,1400,N/A,ENABLED,N/A,71,70
1744594145,0,726,N/A,N/A,N/A,N/A,ENABLED,1671,500,2100,DISABLED,DISABLED,1641,500,2100,DISABLED,DISABLED,1680,500,2100,DISABLED,DISABLED,1659,500,2100,DISABLED,DISABLED,1688,500,2100,DISABLED,DISABLED,1665,500,2100,DISABLED,DISABLED,1673,500,2100,DISABLED,DISABLED,1654,500,2100,DISABLED,DISABLED,1332,900,1500,N/A,DISABLED,44,914,1680,N/A,ENABLED,44,914,1680,N/A,ENABLED,44,914,1680,N/A,ENABLED,44,914,1680,N/A,ENABLED,37,711,1400,N/A,ENABLED,37,711,1400,N/A,ENABLED,37,711,1400,N/A,ENABLED,37,711,1400,N/A,ENABLED,N/A,71,70
1744594146,0,728,N/A,N/A,N/A,N/A,ENABLED,1677,500,2100,DISABLED,DISABLED,1647,500,2100,DISABLED,DISABLED,1688,500,2100,DISABLED,DISABLED,1667,500,2100,DISABLED,DISABLED,1696,500,2100,DISABLED,DISABLED,1673,500,2100,DISABLED,DISABLED,1666,500,2100,DISABLED,DISABLED,1660,500,2100,DISABLED,DISABLED,1331,900,1500,N/A,DISABLED,43,914,1680,N/A,ENABLED,44,914,1680,N/A,ENABLED,44,914,1680,N/A,ENABLED,43,914,1680,N/A,ENABLED,37,711,1400,N/A,ENABLED,37,711,1400,N/A,ENABLED,37,711,1400,N/A,ENABLED,37,711,1400,N/A,ENABLED,N/A,71,70
1744594147,0,727,N/A,N/A,N/A,N/A,ENABLED,1673,500,2100,DISABLED,DISABLED,1644,500,2100,DISABLED,DISABLED,1682,500,2100,DISABLED,DISABLED,1661,500,2100,DISABLED,DISABLED,1690,500,2100,DISABLED,DISABLED,1663,500,2100,DISABLED,DISABLED,1661,500,2100,DISABLED,DISABLED,1639,500,2100,DISABLED,DISABLED,1326,900,1500,N/A,DISABLED,43,914,1680,N/A,ENABLED,43,914,1680,N/A,ENABLED,43,914,1680,N/A,ENABLED,43,914,1680,N/A,ENABLED,37,711,1400,N/A,ENABLED,37,711,1400,N/A,ENABLED,37,711,1400,N/A,ENABLED,37,711,1400,N/A,ENABLED,N/A,71,70
1744594149,0,729,N/A,N/A,N/A,N/A,ENABLED,1675,500,2100,DISABLED,DISABLED,1645,500,2100,DISABLED,DISABLED,1683,500,2100,DISABLED,DISABLED,1664,500,2100,DISABLED,DISABLED,1692,500,2100,DISABLED,DISABLED,1650,500,2100,DISABLED,DISABLED,1668,500,2100,DISABLED,DISABLED,1643,500,2100,DISABLED,DISABLED,1329,900,1500,N/A,DISABLED,43,914,1680,N/A,ENABLED,43,914,1680,N/A,ENABLED,43,914,1680,N/A,ENABLED,43,914,1680,N/A,ENABLED,37,711,1400,N/A,ENABLED,37,711,1400,N/A,ENABLED,37,711,1400,N/A,ENABLED,37,711,1400,N/A,ENABLED,N/A,71,70
1744594150,0,728,N/A,N/A,N/A,N/A,ENABLED,1675,500,2100,DISABLED,DISABLED,1644,500,2100,DISABLED,DISABLED,1683,500,2100,DISABLED,DISABLED,1663,500,2100,DISABLED,DISABLED,1691,500,2100,DISABLED,DISABLED,1659,500,2100,DISABLED,DISABLED,1675,500,2100,DISABLED,DISABLED,1656,500,2100,DISABLED,DISABLED,1325,900,1500,N/A,DISABLED,43,914,1680,N/A,ENABLED,43,914,1680,N/A,ENABLED,43,914,1680,N/A,ENABLED,43,914,1680,N/A,ENABLED,37,711,1400,N/A,ENABLED,37,711,1400,N/A,ENABLED,37,711,1400,N/A,ENABLED,37,711,1400,N/A,ENABLED,N/A,71,70
1744594151,0,727,N/A,N/A,N/A,N/A,ENABLED,1666,500,2100,DISABLED,DISABLED,1635,500,2100,DISABLED,DISABLED,1679,500,2100,DISABLED,DISABLED,1661,500,2100,DISABLED,DISABLED,1688,500,2100,DISABLED,DISABLED,1665,500,2100,DISABLED,DISABLED,1672,500,2100,DISABLED,DISABLED,1653,500,2100,DISABLED,DISABLED,1326,900,1500,N/A,DISABLED,43,914,1680,N/A,ENABLED,43,914,1680,N/A,ENABLED,43,914,1680,N/A,ENABLED,43,914,1680,N/A,ENABLED,37,711,1400,N/A,ENABLED,37,711,1400,N/A,ENABLED,37,711,1400,N/A,ENABLED,37,711,1400,N/A,ENABLED,N/A,71,70
1744594152,0,727,N/A,N/A,N/A,N/A,ENABLED,1645,500,2100,DISABLED,DISABLED,1614,500,2100,DISABLED,DISABLED,1676,500,2100,DISABLED,DISABLED,1655,500,2100,DISABLED,DISABLED,1683,500,2100,DISABLED,DISABLED,1658,500,2100,DISABLED,DISABLED,1667,500,2100,DISABLED,DISABLED,1648,500,2100,DISABLED,DISABLED,1327,900,1500,N/A,DISABLED,43,914,1680,N/A,ENABLED,43,914,1680,N/A,ENABLED,43,914,1680,N/A,ENABLED,43,914,1680,N/A,ENABLED,37,711,1400,N/A,ENABLED,37,711,1400,N/A,ENABLED,37,711,1400,N/A,ENABLED,37,711,1400,N/A,ENABLED,N/A,71,70
1744594153,0,725,N/A,N/A,N/A,N/A,ENABLED,1655,500,2100,DISABLED,DISABLED,1622,500,2100,DISABLED,DISABLED,1669,500,2100,DISABLED,DISABLED,1655,500,2100,DISABLED,DISABLED,1677,500,2100,DISABLED,DISABLED,1658,500,2100,DISABLED,DISABLED,1667,500,2100,DISABLED,DISABLED,1648,500,2100,DISABLED,DISABLED,1325,900,1500,N/A,DISABLED,43,914,1680,N/A,ENABLED,43,914,1680,N/A,ENABLED,43,914,1680,N/A,ENABLED,43,914,1680,N/A,ENABLED,37,711,1400,N/A,ENABLED,37,711,1400,N/A,ENABLED,37,711,1400,N/A,ENABLED,37,711,1400,N/A,ENABLED,N/A,71,70
1744594154,0,723,N/A,N/A,N/A,N/A,ENABLED,1667,500,2100,DISABLED,DISABLED,1636,500,2100,DISABLED,DISABLED,1656,500,2100,DISABLED,DISABLED,1655,500,2100,DISABLED,DISABLED,1665,500,2100,DISABLED,DISABLED,1660,500,2100,DISABLED,DISABLED,1669,500,2100,DISABLED,DISABLED,1649,500,2100,DISABLED,DISABLED,1325,900,1500,N/A,DISABLED,43,914,1680,N/A,ENABLED,43,914,1680,N/A,ENABLED,43,914,1680,N/A,ENABLED,43,914,1680,N/A,ENABLED,37,711,1400,N/A,ENABLED,37,711,1400,N/A,ENABLED,37,711,1400,N/A,ENABLED,37,711,1400,N/A,ENABLED,N/A,71,70
1744594156,0,727,N/A,N/A,N/A,N/A,ENABLED,1665,500,2100,DISABLED,DISABLED,1633,500,2100,DISABLED,DISABLED,1661,500,2100,DISABLED,DISABLED,1653,500,2100,DISABLED,DISABLED,1669,500,2100,DISABLED,DISABLED,1657,500,2100,DISABLED,DISABLED,1666,500,2100,DISABLED,DISABLED,1646,500,2100,DISABLED,DISABLED,1330,900,1500,N/A,DISABLED,43,914,1680,N/A,ENABLED,43,914,1680,N/A,ENABLED,43,914,1680,N/A,ENABLED,43,914,1680,N/A,ENABLED,37,711,1400,N/A,ENABLED,37,711,1400,N/A,ENABLED,37,711,1400,N/A,ENABLED,37,711,1400,N/A,ENABLED,N/A,71,70
1744594157,0,727,N/A,N/A,N/A,N/A,ENABLED,1663,500,2100,DISABLED,DISABLED,1632,500,2100,DISABLED,DISABLED,1672,500,2100,DISABLED,DISABLED,1652,500,2100,DISABLED,DISABLED,1681,500,2100,DISABLED,DISABLED,1656,500,2100,DISABLED,DISABLED,1665,500,2100,DISABLED,DISABLED,1646,500,2100,DISABLED,DISABLED,1331,900,1500,N/A,DISABLED,43,914,1680,N/A,ENABLED,43,914,1680,N/A,ENABLED,43,914,1680,N/A,ENABLED,43,914,1680,N/A,ENABLED,37,711,1400,N/A,ENABLED,37,711,1400,N/A,ENABLED,37,711,1400,N/A,ENABLED,37,711,1400,N/A,ENABLED,N/A,71,70
1744594158,0,724,N/A,N/A,N/A,N/A,ENABLED,1661,500,2100,DISABLED,DISABLED,1631,500,2100,DISABLED,DISABLED,1670,500,2100,DISABLED,DISABLED,1650,500,2100,DISABLED,DISABLED,1678,500,2100,DISABLED,DISABLED,1654,500,2100,DISABLED,DISABLED,1663,500,2100,DISABLED,DISABLED,1644,500,2100,DISABLED,DISABLED,1329,900,1500,N/A,DISABLED,43,914,1680,N/A,ENABLED,43,914,1680,N/A,ENABLED,43,914,1680,N/A,ENABLED,43,914,1680,N/A,ENABLED,37,711,1400,N/A,ENABLED,37,711,1400,N/A,ENABLED,37,711,1400,N/A,ENABLED,37,711,1400,N/A,ENABLED,N/A,71,70
1744594159,0,729,N/A,N/A,N/A,N/A,ENABLED,1673,500,2100,DISABLED,DISABLED,1641,500,2100,DISABLED,DISABLED,1681,500,2100,DISABLED,DISABLED,1661,500,2100,DISABLED,DISABLED,1688,500,2100,DISABLED,DISABLED,1664,500,2100,DISABLED,DISABLED,1674,500,2100,DISABLED,DISABLED,1654,500,2100,DISABLED,DISABLED,1330,900,1500,N/A,DISABLED,43,914,1680,N/A,ENABLED,43,914,1680,N/A,ENABLED,43,914,1680,N/A,ENABLED,43,914,1680,N/A,ENABLED,37,711,1400,N/A,ENABLED,37,711,1400,N/A,ENABLED,37,711,1400,N/A,ENABLED,37,711,1400,N/A,ENABLED,N/A,71,70
1744594160,0,728,N/A,N/A,N/A,N/A,ENABLED,1670,500,2100,DISABLED,DISABLED,1639,500,2100,DISABLED,DISABLED,1679,500,2100,DISABLED,DISABLED,1657,500,2100,DISABLED,DISABLED,1684,500,2100,DISABLED,DISABLED,1662,500,2100,DISABLED,DISABLED,1672,500,2100,DISABLED,DISABLED,1652,500,2100,DISABLED,DISABLED,1330,900,1500,N/A,DISABLED,43,914,1680,N/A,ENABLED,43,914,1680,N/A,ENABLED,43,914,1680,N/A,ENABLED,43,914,1680,N/A,ENABLED,37,711,1400,N/A,ENABLED,37,711,1400,N/A,ENABLED,37,711,1400,N/A,ENABLED,37,711,1400,N/A,ENABLED,N/A,71,71
1744594162,0,727,N/A,N/A,N/A,N/A,ENABLED,1663,500,2100,DISABLED,DISABLED,1632,500,2100,DISABLED,DISABLED,1672,500,2100,DISABLED,DISABLED,1649,500,2100,DISABLED,DISABLED,1679,500,2100,DISABLED,DISABLED,1656,500,2100,DISABLED,DISABLED,1665,500,2100,DISABLED,DISABLED,1645,500,2100,DISABLED,DISABLED,1330,900,1500,N/A,DISABLED,43,914,1680,N/A,ENABLED,43,914,1680,N/A,ENABLED,43,914,1680,N/A,ENABLED,43,914,1680,N/A,ENABLED,37,711,1400,N/A,ENABLED,37,711,1400,N/A,ENABLED,37,711,1400,N/A,ENABLED,37,711,1400,N/A,ENABLED,N/A,71,71
1744594163,0,726,N/A,N/A,N/A,N/A,ENABLED,1660,500,2100,DISABLED,DISABLED,1629,500,2100,DISABLED,DISABLED,1668,500,2100,DISABLED,DISABLED,1637,500,2100,DISABLED,DISABLED,1677,500,2100,DISABLED,DISABLED,1653,500,2100,DISABLED,DISABLED,1661,500,2100,DISABLED,DISABLED,1642,500,2100,DISABLED,DISABLED,1329,900,1500,N/A,DISABLED,43,914,1680,N/A,ENABLED,43,914,1680,N/A,ENABLED,43,914,1680,N/A,ENABLED,43,914,1680,N/A,ENABLED,37,711,1400,N/A,ENABLED,37,711,1400,N/A,ENABLED,37,711,1400,N/A,ENABLED,37,711,1400,N/A,ENABLED,N/A,71,70
1744594164,0,726,N/A,N/A,N/A,N/A,ENABLED,1660,500,2100,DISABLED,DISABLED,1629,500,2100,DISABLED,DISABLED,1670,500,2100,DISABLED,DISABLED,1637,500,2100,DISABLED,DISABLED,1678,500,2100,DISABLED,DISABLED,1653,500,2100,DISABLED,DISABLED,1662,500,2100,DISABLED,DISABLED,1643,500,2100,DISABLED,DISABLED,1328,900,1500,N/A,DISABLED,43,914,1680,N/A,ENABLED,43,914,1680,N/A,ENABLED,43,914,1680,N/A,ENABLED,43,914,1680,N/A,ENABLED,37,711,1400,N/A,ENABLED,37,711,1400,N/A,ENABLED,37,711,1400,N/A,ENABLED,37,711,1400,N/A,ENABLED,N/A,72,70
1744594165,0,730,N/A,N/A,N/A,N/A,ENABLED,1664,500,2100,DISABLED,DISABLED,1634,500,2100,DISABLED,DISABLED,1673,500,2100,DISABLED,DISABLED,1654,500,2100,DISABLED,DISABLED,1683,500,2100,DISABLED,DISABLED,1658,500,2100,DISABLED,DISABLED,1666,500,2100,DISABLED,DISABLED,1647,500,2100,DISABLED,DISABLED,1330,900,1500,N/A,DISABLED,43,914,1680,N/A,ENABLED,43,914,1680,N/A,ENABLED,43,914,1680,N/A,ENABLED,43,914,1680,N/A,ENABLED,37,711,1400,N/A,ENABLED,37,711,1400,N/A,ENABLED,37,711,1400,N/A,ENABLED,37,711,1400,N/A,ENABLED,N/A,72,71
1744594166,0,727,N/A,N/A,N/A,N/A,ENABLED,1669,500,2100,DISABLED,DISABLED,1638,500,2100,DISABLED,DISABLED,1678,500,2100,DISABLED,DISABLED,1659,500,2100,DISABLED,DISABLED,1688,500,2100,DISABLED,DISABLED,1662,500,2100,DISABLED,DISABLED,1671,500,2100,DISABLED,DISABLED,1652,500,2100,DISABLED,DISABLED,1325,900,1500,N/A,DISABLED,43,914,1680,N/A,ENABLED,43,914,1680,N/A,ENABLED,43,914,1680,N/A,ENABLED,43,914,1680,N/A,ENABLED,37,711,1400,N/A,ENABLED,37,711,1400,N/A,ENABLED,37,711,1400,N/A,ENABLED,37,711,1400,N/A,ENABLED,N/A,72,71
1744594167,0,728,N/A,N/A,N/A,N/A,ENABLED,1670,500,2100,DISABLED,DISABLED,1639,500,2100,DISABLED,DISABLED,1680,500,2100,DISABLED,DISABLED,1659,500,2100,DISABLED,DISABLED,1687,500,2100,DISABLED,DISABLED,1664,500,2100,DISABLED,DISABLED,1672,500,2100,DISABLED,DISABLED,1653,500,2100,DISABLED,DISABLED,1331,900,1500,N/A,DISABLED,43,914,1680,N/A,ENABLED,43,914,1680,N/A,ENABLED,43,914,1680,N/A,ENABLED,43,914,1680,N/A,ENABLED,37,711,1400,N/A,ENABLED,37,711,1400,N/A,ENABLED,37,711,1400,N/A,ENABLED,37,711,1400,N/A,ENABLED,N/A,72,71
1744594169,0,724,N/A,N/A,N/A,N/A,ENABLED,1661,500,2100,DISABLED,DISABLED,1628,500,2100,DISABLED,DISABLED,1669,500,2100,DISABLED,DISABLED,1648,500,2100,DISABLED,DISABLED,1676,500,2100,DISABLED,DISABLED,1652,500,2100,DISABLED,DISABLED,1661,500,2100,DISABLED,DISABLED,1641,500,2100,DISABLED,DISABLED,1324,900,1500,N/A,DISABLED,43,914,1680,N/A,ENABLED,43,914,1680,N/A,ENABLED,43,914,1680,N/A,ENABLED,43,914,1680,N/A,ENABLED,37,711,1400,N/A,ENABLED,37,711,1400,N/A,ENABLED,37,711,1400,N/A,ENABLED,37,711,1400,N/A,ENABLED,N/A,72,71
1744594170,0,727,N/A,N/A,N/A,N/A,ENABLED,1669,500,2100,DISABLED,DISABLED,1637,500,2100,DISABLED,DISABLED,1678,500,2100,DISABLED,DISABLED,1659,500,2100,DISABLED,DISABLED,1686,500,2100,DISABLED,DISABLED,1661,500,2100,DISABLED,DISABLED,1670,500,2100,DISABLED,DISABLED,1650,500,2100,DISABLED,DISABLED,1330,900,1500,N/A,DISABLED,43,914,1680,N/A,ENABLED,43,914,1680,N/A,ENABLED,43,914,1680,N/A,ENABLED,43,914,1680,N/A,ENABLED,37,711,1400,N/A,ENABLED,37,711,1400,N/A,ENABLED,37,711,1400,N/A,ENABLED,37,711,1400,N/A,ENABLED,N/A,72,71
1744594171,0,730,N/A,N/A,N/A,N/A,ENABLED,1666,500,2100,DISABLED,DISABLED,1635,500,2100,DISABLED,DISABLED,1676,500,2100,DISABLED,DISABLED,1655,500,2100,DISABLED,DISABLED,1683,500,2100,DISABLED,DISABLED,1659,500,2100,DISABLED,DISABLED,1667,500,2100,DISABLED,DISABLED,1648,500,2100,DISABLED,DISABLED,1332,900,1500,N/A,DISABLED,43,914,1680,N/A,ENABLED,43,914,1680,N/A,ENABLED,43,914,1680,N/A,ENABLED,43,914,1680,N/A,ENABLED,37,711,1400,N/A,ENABLED,37,711,1400,N/A,ENABLED,37,711,1400,N/A,ENABLED,37,711,1400,N/A,ENABLED,N/A,72,71
1744594172,0,725,N/A,N/A,N/A,N/A,ENABLED,1661,500,2100,DISABLED,DISABLED,1630,500,2100,DISABLED,DISABLED,1671,500,2100,DISABLED,DISABLED,1650,500,2100,DISABLED,DISABLED,1678,500,2100,DISABLED,DISABLED,1653,500,2100,DISABLED,DISABLED,1662,500,2100,DISABLED,DISABLED,1643,500,2100,DISABLED,DISABLED,1324,900,1500,N/A,DISABLED,43,914,1680,N/A,ENABLED,43,914,1680,N/A,ENABLED,43,914,1680,N/A,ENABLED,43,914,1680,N/A,ENABLED,37,711,1400,N/A,ENABLED,37,711,1400,N/A,ENABLED,37,711,1400,N/A,ENABLED,37,711,1400,N/A,ENABLED,N/A,72,71
1744594173,0,730,N/A,N/A,N/A,N/A,ENABLED,1671,500,2100,DISABLED,DISABLED,1640,500,2100,DISABLED,DISABLED,1681,500,2100,DISABLED,DISABLED,1659,500,2100,DISABLED,DISABLED,1688,500,2100,DISABLED,DISABLED,1662,500,2100,DISABLED,DISABLED,1672,500,2100,DISABLED,DISABLED,1652,500,2100,DISABLED,DISABLED,1326,900,1500,N/A,DISABLED,43,914,1680,N/A,ENABLED,43,914,1680,N/A,ENABLED,43,914,1680,N/A,ENABLED,43,914,1680,N/A,ENABLED,37,711,1400,N/A,ENABLED,37,711,1400,N/A,ENABLED,37,711,1400,N/A,ENABLED,37,711,1400,N/A,ENABLED,N/A,72,71
1744594175,0,729,N/A,N/A,N/A,N/A,ENABLED,1671,500,2100,DISABLED,DISABLED,1641,500,2100,DISABLED,DISABLED,1681,500,2100,DISABLED,DISABLED,1660,500,2100,DISABLED,DISABLED,1689,500,2100,DISABLED,DISABLED,1664,500,2100,DISABLED,DISABLED,1673,500,2100,DISABLED,DISABLED,1655,500,2100,DISABLED,DISABLED,1327,900,1500,N/A,DISABLED,43,914,1680,N/A,ENABLED,43,914,1680,N/A,ENABLED,43,914,1680,N/A,ENABLED,43,914,1680,N/A,ENABLED,37,711,1400,N/A,ENABLED,37,711,1400,N/A,ENABLED,37,711,1400,N/A,ENABLED,37,711,1400,N/A,ENABLED,N/A,72,71
1744594176,0,727,N/A,N/A,N/A,N/A,ENABLED,1667,500,2100,DISABLED,DISABLED,1637,500,2100,DISABLED,DISABLED,1676,500,2100,DISABLED,DISABLED,1656,500,2100,DISABLED,DISABLED,1685,500,2100,DISABLED,DISABLED,1660,500,2100,DISABLED,DISABLED,1670,500,2100,DISABLED,DISABLED,1650,500,2100,DISABLED,DISABLED,1325,900,1500,N/A,DISABLED,43,914,1680,N/A,ENABLED,43,914,1680,N/A,ENABLED,43,914,1680,N/A,ENABLED,43,914,1680,N/A,ENABLED,37,711,1400,N/A,ENABLED,37,711,1400,N/A,ENABLED,37,711,1400,N/A,ENABLED,37,711,1400,N/A,ENABLED,N/A,72,71
1744594177,0,728,N/A,N/A,N/A,N/A,ENABLED,1667,500,2100,DISABLED,DISABLED,1636,500,2100,DISABLED,DISABLED,1677,500,2100,DISABLED,DISABLED,1657,500,2100,DISABLED,DISABLED,1684,500,2100,DISABLED,DISABLED,1658,500,2100,DISABLED,DISABLED,1668,500,2100,DISABLED,DISABLED,1649,500,2100,DISABLED,DISABLED,1323,900,1500,N/A,DISABLED,43,914,1680,N/A,ENABLED,43,914,1680,N/A,ENABLED,43,914,1680,N/A,ENABLED,43,914,1680,N/A,ENABLED,37,711,1400,N/A,ENABLED,37,711,1400,N/A,ENABLED,37,711,1400,N/A,ENABLED,37,711,1400,N/A,ENABLED,N/A,72,71
1744594178,0,729,N/A,N/A,N/A,N/A,ENABLED,1666,500,2100,DISABLED,DISABLED,1635,500,2100,DISABLED,DISABLED,1675,500,2100,DISABLED,DISABLED,1655,500,2100,DISABLED,DISABLED,1683,500,2100,DISABLED,DISABLED,1657,500,2100,DISABLED,DISABLED,1668,500,2100,DISABLED,DISABLED,1648,500,2100,DISABLED,DISABLED,1324,900,1500,N/A,DISABLED,43,914,1680,N/A,ENABLED,43,914,1680,N/A,ENABLED,43,914,1680,N/A,ENABLED,43,914,1680,N/A,ENABLED,37,711,1400,N/A,ENABLED,37,711,1400,N/A,ENABLED,37,711,1400,N/A,ENABLED,37,711,1400,N/A,ENABLED,N/A,73,72
1744594179,0,730,N/A,N/A,N/A,N/A,ENABLED,1669,500,2100,DISABLED,DISABLED,1638,500,2100,DISABLED,DISABLED,1676,500,2100,DISABLED,DISABLED,1657,500,2100,DISABLED,DISABLED,1686,500,2100,DISABLED,DISABLED,1661,500,2100,DISABLED,DISABLED,1662,500,2100,DISABLED,DISABLED,1651,500,2100,DISABLED,DISABLED,1326,900,1500,N/A,DISABLED,43,914,1680,N/A,ENABLED,43,914,1680,N/A,ENABLED,43,914,1680,N/A,ENABLED,43,914,1680,N/A,ENABLED,37,711,1400,N/A,ENABLED,37,711,1400,N/A,ENABLED,37,711,1400,N/A,ENABLED,37,711,1400,N/A,ENABLED,N/A,73,72
1744594180,0,729,N/A,N/A,N/A,N/A,ENABLED,1666,500,2100,DISABLED,DISABLED,1634,500,2100,DISABLED,DISABLED,1675,500,2100,DISABLED,DISABLED,1655,500,2100,DISABLED,DISABLED,1683,500,2100,DISABLED,DISABLED,1659,500,2100,DISABLED,DISABLED,1649,500,2100,DISABLED,DISABLED,1637,500,2100,DISABLED,DISABLED,1329,900,1500,N/A,DISABLED,43,914,1680,N/A,ENABLED,43,914,1680,N/A,ENABLED,43,914,1680,N/A,ENABLED,43,914,1680,N/A,ENABLED,37,711,1400,N/A,ENABLED,37,711,1400,N/A,ENABLED,37,711,1400,N/A,ENABLED,37,711,1400,N/A,ENABLED,N/A,73,72
1744594182,0,726,N/A,N/A,N/A,N/A,ENABLED,1658,500,2100,DISABLED,DISABLED,1626,500,2100,DISABLED,DISABLED,1667,500,2100,DISABLED,DISABLED,1647,500,2100,DISABLED,DISABLED,1674,500,2100,DISABLED,DISABLED,1637,500,2100,DISABLED,DISABLED,1647,500,2100,DISABLED,DISABLED,1624,500,2100,DISABLED,DISABLED,1329,900,1500,N/A,DISABLED,43,914,1680,N/A,ENABLED,43,914,1680,N/A,ENABLED,43,914,1680,N/A,ENABLED,43,914,1680,N/A,ENABLED,37,711,1400,N/A,ENABLED,37,711,1400,N/A,ENABLED,37,711,1400,N/A,ENABLED,37,711,1400,N/A,ENABLED,N/A,73,72
1744594183,0,730,N/A,N/A,N/A,N/A,ENABLED,1664,500,2100,DISABLED,DISABLED,1634,500,2100,DISABLED,DISABLED,1673,500,2100,DISABLED,DISABLED,1654,500,2100,DISABLED,DISABLED,1682,500,2100,DISABLED,DISABLED,1643,500,2100,DISABLED,DISABLED,1664,500,2100,DISABLED,DISABLED,1636,500,2100,DISABLED,DISABLED,1331,900,1500,N/A,DISABLED,43,914,1680,N/A,ENABLED,43,914,1680,N/A,ENABLED,43,914,1680,N/A,ENABLED,43,914,1680,N/A,ENABLED,37,711,1400,N/A,ENABLED,37,711,1400,N/A,ENABLED,37,711,1400,N/A,ENABLED,37,711,1400,N/A,ENABLED,N/A,73,72
1744594184,0,730,N/A,N/A,N/A,N/A,ENABLED,1662,500,2100,DISABLED,DISABLED,1630,500,2100,DISABLED,DISABLED,1671,500,2100,DISABLED,DISABLED,1651,500,2100,DISABLED,DISABLED,1680,500,2100,DISABLED,DISABLED,1651,500,2100,DISABLED,DISABLED,1662,500,2100,DISABLED,DISABLED,1643,500,2100,DISABLED,DISABLED,1330,900,1500,N/A,DISABLED,43,914,1680,N/A,ENABLED,43,914,1680,N/A,ENABLED,43,914,1680,N/A,ENABLED,43,914,1680,N/A,ENABLED,37,711,1400,N/A,ENABLED,37,711,1400,N/A,ENABLED,37,711,1400,N/A,ENABLED,37,711,1400,N/A,ENABLED,N/A,73,72
1744594185,0,729,N/A,N/A,N/A,N/A,ENABLED,1646,500,2100,DISABLED,DISABLED,1615,500,2100,DISABLED,DISABLED,1671,500,2100,DISABLED,DISABLED,1651,500,2100,DISABLED,DISABLED,1678,500,2100,DISABLED,DISABLED,1652,500,2100,DISABLED,DISABLED,1662,500,2100,DISABLED,DISABLED,1642,500,2100,DISABLED,DISABLED,1330,900,1500,N/A,DISABLED,43,914,1680,N/A,ENABLED,43,914,1680,N/A,ENABLED,43,914,1680,N/A,ENABLED,43,914,1680,N/A,ENABLED,37,711,1400,N/A,ENABLED,37,711,1400,N/A,ENABLED,37,711,1400,N/A,ENABLED,37,711,1400,N/A,ENABLED,N/A,73,72
1744594186,0,729,N/A,N/A,N/A,N/A,ENABLED,1650,500,2100,DISABLED,DISABLED,1619,500,2100,DISABLED,DISABLED,1674,500,2100,DISABLED,DISABLED,1655,500,2100,DISABLED,DISABLED,1682,500,2100,DISABLED,DISABLED,1659,500,2100,DISABLED,DISABLED,1668,500,2100,DISABLED,DISABLED,1648,500,2100,DISABLED,DISABLED,1330,900,1500,N/A,DISABLED,43,914,1680,N/A,ENABLED,43,914,1680,N/A,ENABLED,43,914,1680,N/A,ENABLED,43,914,1680,N/A,ENABLED,37,711,1400,N/A,ENABLED,37,711,1400,N/A,ENABLED,37,711,1400,N/A,ENABLED,37,711,1400,N/A,ENABLED,N/A,73,72
1744594187,0,729,N/A,N/A,N/A,N/A,ENABLED,1657,500,2100,DISABLED,DISABLED,1623,500,2100,DISABLED,DISABLED,1662,500,2100,DISABLED,DISABLED,1653,500,2100,DISABLED,DISABLED,1668,500,2100,DISABLED,DISABLED,1658,500,2100,DISABLED,DISABLED,1666,500,2100,DISABLED,DISABLED,1647,500,2100,DISABLED,DISABLED,1329,900,1500,N/A,DISABLED,43,914,1680,N/A,ENABLED,43,914,1680,N/A,ENABLED,43,914,1680,N/A,ENABLED,43,914,1680,N/A,ENABLED,37,711,1400,N/A,ENABLED,37,711,1400,N/A,ENABLED,37,711,1400,N/A,ENABLED,37,711,1400,N/A,ENABLED,N/A,73,72
1744594189,0,728,N/A,N/A,N/A,N/A,ENABLED,1658,500,2100,DISABLED,DISABLED,1628,500,2100,DISABLED,DISABLED,1658,500,2100,DISABLED,DISABLED,1648,500,2100,DISABLED,DISABLED,1666,500,2100,DISABLED,DISABLED,1651,500,2100,DISABLED,DISABLED,1661,500,2100,DISABLED,DISABLED,1641,500,2100,DISABLED,DISABLED,1326,900,1500,N/A,DISABLED,43,914,1680,N/A,ENABLED,43,914,1680,N/A,ENABLED,43,914,1680,N/A,ENABLED,43,914,1680,N/A,ENABLED,37,711,1400,N/A,ENABLED,37,711,1400,N/A,ENABLED,37,711,1400,N/A,ENABLED,37,711,1400,N/A,ENABLED,N/A,73,72
1744594190,0,728,N/A,N/A,N/A,N/A,ENABLED,1660,500,2100,DISABLED,DISABLED,1629,500,2100,DISABLED,DISABLED,1669,500,2100,DISABLED,DISABLED,1648,500,2100,DISABLED,DISABLED,1678,500,2100,DISABLED,DISABLED,1653,500,2100,DISABLED,DISABLED,1662,500,2100,DISABLED,DISABLED,1641,500,2100,DISABLED,DISABLED,1326,900,1500,N/A,DISABLED,43,914,1680,N/A,ENABLED,43,914,1680,N/A,ENABLED,43,914,1680,N/A,ENABLED,43,914,1680,N/A,ENABLED,37,711,1400,N/A,ENABLED,37,711,1400,N/A,ENABLED,37,711,1400,N/A,ENABLED,37,711,1400,N/A,ENABLED,N/A,73,72
1744594191,0,730,N/A,N/A,N/A,N/A,ENABLED,1669,500,2100,DISABLED,DISABLED,1639,500,2100,DISABLED,DISABLED,1679,500,2100,DISABLED,DISABLED,1658,500,2100,DISABLED,DISABLED,1687,500,2100,DISABLED,DISABLED,1663,500,2100,DISABLED,DISABLED,1673,500,2100,DISABLED,DISABLED,1653,500,2100,DISABLED,DISABLED,1325,900,1500,N/A,DISABLED,43,914,1680,N/A,ENABLED,43,914,1680,N/A,ENABLED,43,914,1680,N/A,ENABLED,43,914,1680,N/A,ENABLED,37,711,1400,N/A,ENABLED,37,711,1400,N/A,ENABLED,37,711,1400,N/A,ENABLED,37,711,1400,N/A,ENABLED,N/A,73,72
1744594192,0,729,N/A,N/A,N/A,N/A,ENABLED,1659,500,2100,DISABLED,DISABLED,1628,500,2100,DISABLED,DISABLED,1668,500,2100,DISABLED,DISABLED,1648,500,2100,DISABLED,DISABLED,1676,500,2100,DISABLED,DISABLED,1652,500,2100,DISABLED,DISABLED,1662,500,2100,DISABLED,DISABLED,1642,500,2100,DISABLED,DISABLED,1325,900,1500,N/A,DISABLED,43,914,1680,N/A,ENABLED,43,914,1680,N/A,ENABLED,43,914,1680,N/A,ENABLED,43,914,1680,N/A,ENABLED,37,711,1400,N/A,ENABLED,37,711,1400,N/A,ENABLED,37,711,1400,N/A,ENABLED,37,711,1400,N/A,ENABLED,N/A,73,72
1744594193,0,729,N/A,N/A,N/A,N/A,ENABLED,1657,500,2100,DISABLED,DISABLED,1626,500,2100,DISABLED,DISABLED,1665,500,2100,DISABLED,DISABLED,1645,500,2100,DISABLED,DISABLED,1674,500,2100,DISABLED,DISABLED,1650,500,2100,DISABLED,DISABLED,1660,500,2100,DISABLED,DISABLED,1639,500,2100,DISABLED,DISABLED,1327,900,1500,N/A,DISABLED,43,914,1680,N/A,ENABLED,43,914,1680,N/A,ENABLED,43,914,1680,N/A,ENABLED,43,914,1680,N/A,ENABLED,37,711,1400,N/A,ENABLED,37,711,1400,N/A,ENABLED,37,711,1400,N/A,ENABLED,37,711,1400,N/A,ENABLED,N/A,73,72
1744594195,0,730,N/A,N/A,N/A,N/A,ENABLED,1664,500,2100,DISABLED,DISABLED,1632,500,2100,DISABLED,DISABLED,1673,500,2100,DISABLED,DISABLED,1655,500,2100,DISABLED,DISABLED,1680,500,2100,DISABLED,DISABLED,1657,500,2100,DISABLED,DISABLED,1666,500,2100,DISABLED,DISABLED,1646,500,2100,DISABLED,DISABLED,1330,900,1500,N/A,DISABLED,43,914,1680,N/A,ENABLED,43,914,1680,N/A,ENABLED,43,914,1680,N/A,ENABLED,43,914,1680,N/A,ENABLED,37,711,1400,N/A,ENABLED,37,711,1400,N/A,ENABLED,37,711,1400,N/A,ENABLED,37,711,1400,N/A,ENABLED,N/A,73,72
1744594196,0,731,N/A,N/A,N/A,N/A,ENABLED,1667,500,2100,DISABLED,DISABLED,1634,500,2100,DISABLED,DISABLED,1676,500,2100,DISABLED,DISABLED,1642,500,2100,DISABLED,DISABLED,1684,500,2100,DISABLED,DISABLED,1660,500,2100,DISABLED,DISABLED,1670,500,2100,DISABLED,DISABLED,1650,500,2100,DISABLED,DISABLED,1332,900,1500,N/A,DISABLED,43,914,1680,N/A,ENABLED,43,914,1680,N/A,ENABLED,43,914,1680,N/A,ENABLED,43,914,1680,N/A,ENABLED,37,711,1400,N/A,ENABLED,37,711,1400,N/A,ENABLED,37,711,1400,N/A,ENABLED,37,711,1400,N/A,ENABLED,N/A,73,72
1744594197,0,729,N/A,N/A,N/A,N/A,ENABLED,1669,500,2100,DISABLED,DISABLED,1637,500,2100,DISABLED,DISABLED,1678,500,2100,DISABLED,DISABLED,1644,500,2100,DISABLED,DISABLED,1687,500,2100,DISABLED,DISABLED,1662,500,2100,DISABLED,DISABLED,1671,500,2100,DISABLED,DISABLED,1651,500,2100,DISABLED,DISABLED,1330,900,1500,N/A,DISABLED,43,914,1680,N/A,ENABLED,43,914,1680,N/A,ENABLED,43,914,1680,N/A,ENABLED,43,914,1680,N/A,ENABLED,37,711,1400,N/A,ENABLED,37,711,1400,N/A,ENABLED,37,711,1400,N/A,ENABLED,37,711,1400,N/A,ENABLED,N/A,74,72
1744594198,0,725,N/A,N/A,N/A,N/A,ENABLED,1658,500,2100,DISABLED,DISABLED,1626,500,2100,DISABLED,DISABLED,1667,500,2100,DISABLED,DISABLED,1648,500,2100,DISABLED,DISABLED,1675,500,2100,DISABLED,DISABLED,1650,500,2100,DISABLED,DISABLED,1659,500,2100,DISABLED,DISABLED,1638,500,2100,DISABLED,DISABLED,1325,900,1500,N/A,DISABLED,43,914,1680,N/A,ENABLED,43,914,1680,N/A,ENABLED,43,914,1680,N/A,ENABLED,43,914,1680,N/A,ENABLED,37,711,1400,N/A,ENABLED,37,711,1400,N/A,ENABLED,37,711,1400,N/A,ENABLED,37,711,1400,N/A,ENABLED,N/A,74,72
1744594199,0,730,N/A,N/A,N/A,N/A,ENABLED,1657,500,2100,DISABLED,DISABLED,1626,500,2100,DISABLED,DISABLED,1667,500,2100,DISABLED,DISABLED,1646,500,2100,DISABLED,DISABLED,1675,500,2100,DISABLED,DISABLED,1650,500,2100,DISABLED,DISABLED,1658,500,2100,DISABLED,DISABLED,1638,500,2100,DISABLED,DISABLED,1323,900,1500,N/A,DISABLED,43,914,1680,N/A,ENABLED,43,914,1680,N/A,ENABLED,43,914,1680,N/A,ENABLED,43,914,1680,N/A,ENABLED,37,711,1400,N/A,ENABLED,37,711,1400,N/A,ENABLED,37,711,1400,N/A,ENABLED,37,711,1400,N/A,ENABLED,N/A,74,73
1744594200,0,730,N/A,N/A,N/A,N/A,ENABLED,1665,500,2100,DISABLED,DISABLED,1635,500,2100,DISABLED,DISABLED,1674,500,2100,DISABLED,DISABLED,1654,500,2100,DISABLED,DISABLED,1683,500,2100,DISABLED,DISABLED,1659,500,2100,DISABLED,DISABLED,1667,500,2100,DISABLED,DISABLED,1648,500,2100,DISABLED,DISABLED,1323,900,1500,N/A,DISABLED,43,914,1680,N/A,ENABLED,43,914,1680,N/A,ENABLED,43,914,1680,N/A,ENABLED,43,914,1680,N/A,ENABLED,37,711,1400,N/A,ENABLED,37,711,1400,N/A,ENABLED,37,711,1400,N/A,ENABLED,37,711,1400,N/A,ENABLED,N/A,74,73
1744594202,0,732,N/A,N/A,N/A,N/A,ENABLED,1663,500,2100,DISABLED,DISABLED,1632,500,2100,DISABLED,DISABLED,1673,500,2100,DISABLED,DISABLED,1653,500,2100,DISABLED,DISABLED,1681,500,2100,DISABLED,DISABLED,1656,500,2100,DISABLED,DISABLED,1665,500,2100,DISABLED,DISABLED,1645,500,2100,DISABLED,DISABLED,1322,900,1500,N/A,DISABLED,43,914,1680,N/A,ENABLED,43,914,1680,N/A,ENABLED,43,914,1680,N/A,ENABLED,43,914,1680,N/A,ENABLED,37,711,1400,N/A,ENABLED,37,711,1400,N/A,ENABLED,37,711,1400,N/A,ENABLED,37,711,1400,N/A,ENABLED,N/A,74,73
1744594203,0,731,N/A,N/A,N/A,N/A,ENABLED,1670,500,2100,DISABLED,DISABLED,1638,500,2100,DISABLED,DISABLED,1680,500,2100,DISABLED,DISABLED,1658,500,2100,DISABLED,DISABLED,1688,500,2100,DISABLED,DISABLED,1663,500,2100,DISABLED,DISABLED,1673,500,2100,DISABLED,DISABLED,1652,500,2100,DISABLED,DISABLED,1324,900,1500,N/A,DISABLED,43,914,1680,N/A,ENABLED,43,914,1680,N/A,ENABLED,43,914,1680,N/A,ENABLED,43,914,1680,N/A,ENABLED,37,711,1400,N/A,ENABLED,37,711,1400,N/A,ENABLED,37,711,1400,N/A,ENABLED,37,711,1400,N/A,ENABLED,N/A,74,73
1744594204,0,728,N/A,N/A,N/A,N/A,ENABLED,1661,500,2100,DISABLED,DISABLED,1629,500,2100,DISABLED,DISABLED,1672,500,2100,DISABLED,DISABLED,1652,500,2100,DISABLED,DISABLED,1678,500,2100,DISABLED,DISABLED,1654,500,2100,DISABLED,DISABLED,1663,500,2100,DISABLED,DISABLED,1643,500,2100,DISABLED,DISABLED,1324,900,1500,N/A,DISABLED,43,914,1680,N/A,ENABLED,43,914,1680,N/A,ENABLED,43,914,1680,N/A,ENABLED,43,914,1680,N/A,ENABLED,37,711,1400,N/A,ENABLED,37,711,1400,N/A,ENABLED,37,711,1400,N/A,ENABLED,37,711,1400,N/A,ENABLED,N/A,74,73
1744594205,0,723,N/A,N/A,N/A,N/A,ENABLED,1656,500,2100,DISABLED,DISABLED,1624,500,2100,DISABLED,DISABLED,1668,500,2100,DISABLED,DISABLED,1647,500,2100,DISABLED,DISABLED,1674,500,2100,DISABLED,DISABLED,1649,500,2100,DISABLED,DISABLED,1660,500,2100,DISABLED,DISABLED,1640,500,2100,DISABLED,DISABLED,1323,900,1500,N/A,DISABLED,43,914,1680,N/A,ENABLED,43,914,1680,N/A,ENABLED,43,914,1680,N/A,ENABLED,43,914,1680,N/A,ENABLED,37,711,1400,N/A,ENABLED,37,711,1400,N/A,ENABLED,37,711,1400,N/A,ENABLED,37,711,1400,N/A,ENABLED,N/A,74,72
1744594206,0,727,N/A,N/A,N/A,N/A,ENABLED,1660,500,2100,DISABLED,DISABLED,1628,500,2100,DISABLED,DISABLED,1672,500,2100,DISABLED,DISABLED,1650,500,2100,DISABLED,DISABLED,1678,500,2100,DISABLED,DISABLED,1653,500,2100,DISABLED,DISABLED,1663,500,2100,DISABLED,DISABLED,1644,500,2100,DISABLED,DISABLED,1329,900,1500,N/A,DISABLED,43,914,1680,N/A,ENABLED,43,914,1680,N/A,ENABLED,43,914,1680,N/A,ENABLED,43,914,1680,N/A,ENABLED,37,711,1400,N/A,ENABLED,37,711,1400,N/A,ENABLED,37,711,1400,N/A,ENABLED,37,711,1400,N/A,ENABLED,N/A,74,72
1744594207,0,729,N/A,N/A,N/A,N/A,ENABLED,1659,500,2100,DISABLED,DISABLED,1626,500,2100,DISABLED,DISABLED,1670,500,2100,DISABLED,DISABLED,1650,500,2100,DISABLED,DISABLED,1675,500,2100,DISABLED,DISABLED,1652,500,2100,DISABLED,DISABLED,1660,500,2100,DISABLED,DISABLED,1640,500,2100,DISABLED,DISABLED,1328,900,1500,N/A,DISABLED,43,914,1680,N/A,ENABLED,43,914,1680,N/A,ENABLED,43,914,1680,N/A,ENABLED,43,914,1680,N/A,ENABLED,37,711,1400,N/A,ENABLED,37,711,1400,N/A,ENABLED,37,711,1400,N/A,ENABLED,37,711,1400,N/A,ENABLED,N/A,73,72
1744594209,0,729,N/A,N/A,N/A,N/A,ENABLED,1659,500,2100,DISABLED,DISABLED,1626,500,2100,DISABLED,DISABLED,1667,500,2100,DISABLED,DISABLED,1646,500,2100,DISABLED,DISABLED,1674,500,2100,DISABLED,DISABLED,1651,500,2100,DISABLED,DISABLED,1660,500,2100,DISABLED,DISABLED,1639,500,2100,DISABLED,DISABLED,1330,900,1500,N/A,DISABLED,43,914,1680,N/A,ENABLED,43,914,1680,N/A,ENABLED,43,914,1680,N/A,ENABLED,43,914,1680,N/A,ENABLED,37,711,1400,N/A,ENABLED,37,711,1400,N/A,ENABLED,37,711,1400,N/A,ENABLED,37,711,1400,N/A,ENABLED,N/A,74,72
1744594210,0,726,N/A,N/A,N/A,N/A,ENABLED,1655,500,2100,DISABLED,DISABLED,1623,500,2100,DISABLED,DISABLED,1664,500,2100,DISABLED,DISABLED,1644,500,2100,DISABLED,DISABLED,1671,500,2100,DISABLED,DISABLED,1648,500,2100,DISABLED,DISABLED,1656,500,2100,DISABLED,DISABLED,1635,500,2100,DISABLED,DISABLED,1329,900,1500,N/A,DISABLED,43,914,1680,N/A,ENABLED,43,914,1680,N/A,ENABLED,43,914,1680,N/A,ENABLED,43,914,1680,N/A,ENABLED,37,711,1400,N/A,ENABLED,37,711,1400,N/A,ENABLED,37,711,1400,N/A,ENABLED,37,711,1400,N/A,ENABLED,N/A,74,72
1744594211,0,730,N/A,N/A,N/A,N/A,ENABLED,1662,500,2100,DISABLED,DISABLED,1630,500,2100,DISABLED,DISABLED,1671,500,2100,DISABLED,DISABLED,1651,500,2100,DISABLED,DISABLED,1680,500,2100,DISABLED,DISABLED,1656,500,2100,DISABLED,DISABLED,1662,500,2100,DISABLED,DISABLED,1642,500,2100,DISABLED,DISABLED,1330,900,1500,N/A,DISABLED,43,914,1680,N/A,ENABLED,43,914,1680,N/A,ENABLED,43,914,1680,N/A,ENABLED,43,914,1680,N/A,ENABLED,37,711,1400,N/A,ENABLED,37,711,1400,N/A,ENABLED,37,711,1400,N/A,ENABLED,37,711,1400,N/A,ENABLED,N/A,73,72
1744594212,0,730,N/A,N/A,N/A,N/A,ENABLED,1656,500,2100,DISABLED,DISABLED,1623,500,2100,DISABLED,DISABLED,1665,500,2100,DISABLED,DISABLED,1643,500,2100,DISABLED,DISABLED,1673,500,2100,DISABLED,DISABLED,1649,500,2100,DISABLED,DISABLED,1656,500,2100,DISABLED,DISABLED,1635,500,2100,DISABLED,DISABLED,1329,900,1500,N/A,DISABLED,43,914,1680,N/A,ENABLED,43,914,1680,N/A,ENABLED,43,914,1680,N/A,ENABLED,43,914,1680,N/A,ENABLED,37,711,1400,N/A,ENABLED,37,711,1400,N/A,ENABLED,37,711,1400,N/A,ENABLED,37,711,1400,N/A,ENABLED,N/A,73,73
1744594213,0,730,N/A,N/A,N/A,N/A,ENABLED,1666,500,2100,DISABLED,DISABLED,1633,500,2100,DISABLED,DISABLED,1678,500,2100,DISABLED,DISABLED,1657,500,2100,DISABLED,DISABLED,1683,500,2100,DISABLED,DISABLED,1659,500,2100,DISABLED,DISABLED,1651,500,2100,DISABLED,DISABLED,1646,500,2100,DISABLED,DISABLED,1332,900,1500,N/A,DISABLED,43,914,1680,N/A,ENABLED,43,914,1680,N/A,ENABLED,43,914,1680,N/A,ENABLED,43,914,1680,N/A,ENABLED,37,711,1400,N/A,ENABLED,37,711,1400,N/A,ENABLED,37,711,1400,N/A,ENABLED,37,711,1400,N/A,ENABLED,N/A,73,73
1744594215,0,728,N/A,N/A,N/A,N/A,ENABLED,1659,500,2100,DISABLED,DISABLED,1627,500,2100,DISABLED,DISABLED,1669,500,2100,DISABLED,DISABLED,1647,500,2100,DISABLED,DISABLED,1676,500,2100,DISABLED,DISABLED,1646,500,2100,DISABLED,DISABLED,1649,500,2100,DISABLED,DISABLED,1626,500,2100,DISABLED,DISABLED,1329,900,1500,N/A,DISABLED,43,914,1680,N/A,ENABLED,43,914,1680,N/A,ENABLED,43,914,1680,N/A,ENABLED,43,914,1680,N/A,ENABLED,37,711,1400,N/A,ENABLED,37,711,1400,N/A,ENABLED,37,711,1400,N/A,ENABLED,37,711,1400,N/A,ENABLED,N/A,73,72
1744594216,0,729,N/A,N/A,N/A,N/A,ENABLED,1656,500,2100,DISABLED,DISABLED,1624,500,2100,DISABLED,DISABLED,1667,500,2100,DISABLED,DISABLED,1646,500,2100,DISABLED,DISABLED,1673,500,2100,DISABLED,DISABLED,1636,500,2100,DISABLED,DISABLED,1659,500,2100,DISABLED,DISABLED,1632,500,2100,DISABLED,DISABLED,1326,900,1500,N/A,DISABLED,43,914,1680,N/A,ENABLED,43,914,1680,N/A,ENABLED,43,914,1680,N/A,ENABLED,43,914,1680,N/A,ENABLED,37,711,1400,N/A,ENABLED,37,711,1400,N/A,ENABLED,37,711,1400,N/A,ENABLED,37,711,1400,N/A,ENABLED,N/A,74,73
1744594217,0,730,N/A,N/A,N/A,N/A,ENABLED,1662,500,2100,DISABLED,DISABLED,1629,500,2100,DISABLED,DISABLED,1671,500,2100,DISABLED,DISABLED,1651,500,2100,DISABLED,DISABLED,1678,500,2100,DISABLED,DISABLED,1645,500,2100,DISABLED,DISABLED,1667,500,2100,DISABLED,DISABLED,1647,500,2100,DISABLED,DISABLED,1325,900,1500,N/A,DISABLED,43,914,1680,N/A,ENABLED,43,914,1680,N/A,ENABLED,43,914,1680,N/A,ENABLED,43,914,1680,N/A,ENABLED,37,711,1400,N/A,ENABLED,37,711,1400,N/A,ENABLED,37,711,1400,N/A,ENABLED,37,711,1400,N/A,ENABLED,N/A,74,73
1744594218,0,730,N/A,N/A,N/A,N/A,ENABLED,1651,500,2100,DISABLED,DISABLED,1620,500,2100,DISABLED,DISABLED,1673,500,2100,DISABLED,DISABLED,1653,500,2100,DISABLED,DISABLED,1680,500,2100,DISABLED,DISABLED,1658,500,2100,DISABLED,DISABLED,1667,500,2100,DISABLED,DISABLED,1647,500,2100,DISABLED,DISABLED,1325,900,1500,N/A,DISABLED,43,914,1680,N/A,ENABLED,43,914,1680,N/A,ENABLED,43,914,1680,N/A,ENABLED,43,914,1680,N/A,ENABLED,37,711,1400,N/A,ENABLED,37,711,1400,N/A,ENABLED,37,711,1400,N/A,ENABLED,37,711,1400,N/A,ENABLED,N/A,74,73
1744594219,0,730,N/A,N/A,N/A,N/A,ENABLED,1643,500,2100,DISABLED,DISABLED,1611,500,2100,DISABLED,DISABLED,1671,500,2100,DISABLED,DISABLED,1650,500,2100,DISABLED,DISABLED,1678,500,2100,DISABLED,DISABLED,1652,500,2100,DISABLED,DISABLED,1663,500,2100,DISABLED,DISABLED,1643,500,2100,DISABLED,DISABLED,1329,900,1500,N/A,DISABLED,43,914,1680,N/A,ENABLED,43,914,1680,N/A,ENABLED,43,914,1680,N/A,ENABLED,43,914,1680,N/A,ENABLED,37,711,1400,N/A,ENABLED,37,711,1400,N/A,ENABLED,37,711,1400,N/A,ENABLED,37,711,1400,N/A,ENABLED,N/A,74,73
1744594220,0,731,N/A,N/A,N/A,N/A,ENABLED,1660,500,2100,DISABLED,DISABLED,1626,500,2100,DISABLED,DISABLED,1663,500,2100,DISABLED,DISABLED,1657,500,2100,DISABLED,DISABLED,1669,500,2100,DISABLED,DISABLED,1660,500,2100,DISABLED,DISABLED,1670,500,2100,DISABLED,DISABLED,1650,500,2100,DISABLED,DISABLED,1331,900,1500,N/A,DISABLED,43,914,1680,N/A,ENABLED,43,914,1680,N/A,ENABLED,43,914,1680,N/A,ENABLED,43,914,1680,N/A,ENABLED,37,711,1400,N/A,ENABLED,37,711,1400,N/A,ENABLED,37,711,1400,N/A,ENABLED,37,711,1400,N/A,ENABLED,N/A,74,73
1744594222,0,731,N/A,N/A,N/A,N/A,ENABLED,1665,500,2100,DISABLED,DISABLED,1633,500,2100,DISABLED,DISABLED,1656,500,2100,DISABLED,DISABLED,1653,500,2100,DISABLED,DISABLED,1670,500,2100,DISABLED,DISABLED,1657,500,2100,DISABLED,DISABLED,1668,500,2100,DISABLED,DISABLED,1648,500,2100,DISABLED,DISABLED,1322,900,1500,N/A,DISABLED,43,914,1680,N/A,ENABLED,43,914,1680,N/A,ENABLED,43,914,1680,N/A,ENABLED,43,914,1680,N/A,ENABLED,37,711,1400,N/A,ENABLED,37,711,1400,N/A,ENABLED,37,711,1400,N/A,ENABLED,37,711,1400,N/A,ENABLED,N/A,74,73
1744594223,0,727,N/A,N/A,N/A,N/A,ENABLED,1656,500,2100,DISABLED,DISABLED,1623,500,2100,DISABLED,DISABLED,1657,500,2100,DISABLED,DISABLED,1644,500,2100,DISABLED,DISABLED,1667,500,2100,DISABLED,DISABLED,1649,500,2100,DISABLED,DISABLED,1658,500,2100,DISABLED,DISABLED,1637,500,2100,DISABLED,DISABLED,1324,900,1500,N/A,DISABLED,43,914,1680,N/A,ENABLED,43,914,1680,N/A,ENABLED,43,914,1680,N/A,ENABLED,43,914,1680,N/A,ENABLED,37,711,1400,N/A,ENABLED,37,711,1400,N/A,ENABLED,37,711,1400,N/A,ENABLED,37,711,1400,N/A,ENABLED,N/A,74,73
1744594224,0,728,N/A,N/A,N/A,N/A,ENABLED,1660,500,2100,DISABLED,DISABLED,1626,500,2100,DISABLED,DISABLED,1668,500,2100,DISABLED,DISABLED,1648,500,2100,DISABLED,DISABLED,1676,500,2100,DISABLED,DISABLED,1651,500,2100,DISABLED,DISABLED,1662,500,2100,DISABLED,DISABLED,1641,500,2100,DISABLED,DISABLED,1323,900,1500,N/A,DISABLED,43,914,1680,N/A,ENABLED,43,914,1680,N/A,ENABLED,43,914,1680,N/A,ENABLED,43,914,1680,N/A,ENABLED,37,711,1400,N/A,ENABLED,37,711,1400,N/A,ENABLED,37,711,1400,N/A,ENABLED,37,711,1400,N/A,ENABLED,N/A,74,73
1744594225,0,731,N/A,N/A,N/A,N/A,ENABLED,1663,500,2100,DISABLED,DISABLED,1631,500,2100,DISABLED,DISABLED,1671,500,2100,DISABLED,DISABLED,1649,500,2100,DISABLED,DISABLED,1681,500,2100,DISABLED,DISABLED,1655,500,2100,DISABLED,DISABLED,1666,500,2100,DISABLED,DISABLED,1646,500,2100,DISABLED,DISABLED,1322,900,1500,N/A,DISABLED,43,914,1680,N/A,ENABLED,43,914,1680,N/A,ENABLED,43,914,1680,N/A,ENABLED,43,914,1680,N/A,ENABLED,37,711,1400,N/A,ENABLED,37,711,1400,N/A,ENABLED,37,711,1400,N/A,ENABLED,37,711,1400,N/A,ENABLED,N/A,74,73
1744594226,0,730,N/A,N/A,N/A,N/A,ENABLED,1658,500,2100,DISABLED,DISABLED,1626,500,2100,DISABLED,DISABLED,1667,500,2100,DISABLED,DISABLED,1647,500,2100,DISABLED,DISABLED,1674,500,2100,DISABLED,DISABLED,1649,500,2100,DISABLED,DISABLED,1660,500,2100,DISABLED,DISABLED,1640,500,2100,DISABLED,DISABLED,1326,900,1500,N/A,DISABLED,43,914,1680,N/A,ENABLED,43,914,1680,N/A,ENABLED,43,914,1680,N/A,ENABLED,43,914,1680,N/A,ENABLED,37,711,1400,N/A,ENABLED,37,711,1400,N/A,ENABLED,37,711,1400,N/A,ENABLED,37,711,1400,N/A,ENABLED,N/A,74,73
1744594227,0,730,N/A,N/A,N/A,N/A,ENABLED,1657,500,2100,DISABLED,DISABLED,1625,500,2100,DISABLED,DISABLED,1667,500,2100,DISABLED,DISABLED,1645,500,2100,DISABLED,DISABLED,1676,500,2100,DISABLED,DISABLED,1650,500,2100,DISABLED,DISABLED,1661,500,2100,DISABLED,DISABLED,1641,500,2100,DISABLED,DISABLED,1324,900,1500,N/A,DISABLED,43,914,1680,N/A,ENABLED,43,914,1680,N/A,ENABLED,43,914,1680,N/A,ENABLED,43,914,1680,N/A,ENABLED,37,711,1400,N/A,ENABLED,37,711,1400,N/A,ENABLED,37,711,1400,N/A,ENABLED,37,711,1400,N/A,ENABLED,N/A,74,73
1744594229,0,729,N/A,N/A,N/A,N/A,ENABLED,1656,500,2100,DISABLED,DISABLED,1623,500,2100,DISABLED,DISABLED,1665,500,2100,DISABLED,DISABLED,1637,500,2100,DISABLED,DISABLED,1673,500,2100,DISABLED,DISABLED,1649,500,2100,DISABLED,DISABLED,1659,500,2100,DISABLED,DISABLED,1638,500,2100,DISABLED,DISABLED,1326,900,1500,N/A,DISABLED,43,914,1680,N/A,ENABLED,43,914,1680,N/A,ENABLED,43,914,1680,N/A,ENABLED,43,914,1680,N/A,ENABLED,37,711,1400,N/A,ENABLED,37,711,1400,N/A,ENABLED,37,711,1400,N/A,ENABLED,37,711,1400,N/A,ENABLED,N/A,74,73
1744594230,0,730,N/A,N/A,N/A,N/A,ENABLED,1652,500,2100,DISABLED,DISABLED,1620,500,2100,DISABLED,DISABLED,1662,500,2100,DISABLED,DISABLED,1623,500,2100,DISABLED,DISABLED,1670,500,2100,DISABLED,DISABLED,1645,500,2100,DISABLED,DISABLED,1655,500,2100,DISABLED,DISABLED,1634,500,2100,DISABLED,DISABLED,1326,900,1500,N/A,DISABLED,43,914,1680,N/A,ENABLED,43,914,1680,N/A,ENABLED,43,914,1680,N/A,ENABLED,43,914,1680,N/A,ENABLED,37,711,1400,N/A,ENABLED,37,711,1400,N/A,ENABLED,37,711,1400,N/A,ENABLED,37,711,1400,N/A,ENABLED,N/A,74,73
1744594231,0,729,N/A,N/A,N/A,N/A,ENABLED,1658,500,2100,DISABLED,DISABLED,1625,500,2100,DISABLED,DISABLED,1666,500,2100,DISABLED,DISABLED,1633,500,2100,DISABLED,DISABLED,1674,500,2100,DISABLED,DISABLED,1650,500,2100,DISABLED,DISABLED,1660,500,2100,DISABLED,DISABLED,1640,500,2100,DISABLED,DISABLED,1331,900,1500,N/A,DISABLED,43,914,1680,N/A,ENABLED,43,914,1680,N/A,ENABLED,43,914,1680,N/A,ENABLED,43,914,1680,N/A,ENABLED,37,711,1400,N/A,ENABLED,37,711,1400,N/A,ENABLED,37,711,1400,N/A,ENABLED,37,711,1400,N/A,ENABLED,N/A,74,73
1744594232,0,730,N/A,N/A,N/A,N/A,ENABLED,1653,500,2100,DISABLED,DISABLED,1620,500,2100,DISABLED,DISABLED,1661,500,2100,DISABLED,DISABLED,1640,500,2100,DISABLED,DISABLED,1668,500,2100,DISABLED,DISABLED,1645,500,2100,DISABLED,DISABLED,1656,500,2100,DISABLED,DISABLED,1635,500,2100,DISABLED,DISABLED,1330,900,1500,N/A,DISABLED,43,914,1680,N/A,ENABLED,43,914,1680,N/A,ENABLED,43,914,1680,N/A,ENABLED,43,914,1680,N/A,ENABLED,37,711,1400,N/A,ENABLED,37,711,1400,N/A,ENABLED,37,711,1400,N/A,ENABLED,37,711,1400,N/A,ENABLED,N/A,74,73
1744594233,0,729,N/A,N/A,N/A,N/A,ENABLED,1652,500,2100,DISABLED,DISABLED,1620,500,2100,DISABLED,DISABLED,1660,500,2100,DISABLED,DISABLED,1641,500,2100,DISABLED,DISABLED,1669,500,2100,DISABLED,DISABLED,1645,500,2100,DISABLED,DISABLED,1654,500,2100,DISABLED,DISABLED,1633,500,2100,DISABLED,DISABLED,1329,900,1500,N/A,DISABLED,43,914,1680,N/A,ENABLED,43,914,1680,N/A,ENABLED,43,914,1680,N/A,ENABLED,43,914,1680,N/A,ENABLED,37,711,1400,N/A,ENABLED,37,711,1400,N/A,ENABLED,37,711,1400,N/A,ENABLED,37,711,1400,N/A,ENABLED,N/A,74,73
1744594235,0,732,N/A,N/A,N/A,N/A,ENABLED,1659,500,2100,DISABLED,DISABLED,1627,500,2100,DISABLED,DISABLED,1669,500,2100,DISABLED,DISABLED,1649,500,2100,DISABLED,DISABLED,1676,500,2100,DISABLED,DISABLED,1652,500,2100,DISABLED,DISABLED,1661,500,2100,DISABLED,DISABLED,1641,500,2100,DISABLED,DISABLED,1328,900,1500,N/A,DISABLED,43,914,1680,N/A,ENABLED,43,914,1680,N/A,ENABLED,43,914,1680,N/A,ENABLED,43,914,1680,N/A,ENABLED,37,711,1400,N/A,ENABLED,37,711,1400,N/A,ENABLED,37,711,1400,N/A,ENABLED,37,711,1400,N/A,ENABLED,N/A,74,73
1744594236,0,732,N/A,N/A,N/A,N/A,ENABLED,1660,500,2100,DISABLED,DISABLED,1628,500,2100,DISABLED,DISABLED,1669,500,2100,DISABLED,DISABLED,1650,500,2100,DISABLED,DISABLED,1676,500,2100,DISABLED,DISABLED,1651,500,2100,DISABLED,DISABLED,1662,500,2100,DISABLED,DISABLED,1642,500,2100,DISABLED,DISABLED,1328,900,1500,N/A,DISABLED,43,914,1680,N/A,ENABLED,43,914,1680,N/A,ENABLED,43,914,1680,N/A,ENABLED,43,914,1680,N/A,ENABLED,37,711,1400,N/A,ENABLED,37,711,1400,N/A,ENABLED,37,711,1400,N/A,ENABLED,37,711,1400,N/A,ENABLED,N/A,74,73
1744594237,0,730,N/A,N/A,N/A,N/A,ENABLED,1654,500,2100,DISABLED,DISABLED,1622,500,2100,DISABLED,DISABLED,1664,500,2100,DISABLED,DISABLED,1643,500,2100,DISABLED,DISABLED,1671,500,2100,DISABLED,DISABLED,1647,500,2100,DISABLED,DISABLED,1657,500,2100,DISABLED,DISABLED,1636,500,2100,DISABLED,DISABLED,1330,900,1500,N/A,DISABLED,43,914,1680,N/A,ENABLED,43,914,1680,N/A,ENABLED,43,914,1680,N/A,ENABLED,43,914,1680,N/A,ENABLED,37,711,1400,N/A,ENABLED,37,711,1400,N/A,ENABLED,37,711,1400,N/A,ENABLED,37,711,1400,N/A,ENABLED,N/A,74,73
1744594238,0,732,N/A,N/A,N/A,N/A,ENABLED,1658,500,2100,DISABLED,DISABLED,1625,500,2100,DISABLED,DISABLED,1665,500,2100,DISABLED,DISABLED,1645,500,2100,DISABLED,DISABLED,1673,500,2100,DISABLED,DISABLED,1650,500,2100,DISABLED,DISABLED,1660,500,2100,DISABLED,DISABLED,1638,500,2100,DISABLED,DISABLED,1329,900,1500,N/A,DISABLED,43,914,1680,N/A,ENABLED,43,914,1680,N/A,ENABLED,43,914,1680,N/A,ENABLED,43,914,1680,N/A,ENABLED,37,711,1400,N/A,ENABLED,37,711,1400,N/A,ENABLED,37,711,1400,N/A,ENABLED,37,711,1400,N/A,ENABLED,N/A,74,73
1744594239,0,729,N/A,N/A,N/A,N/A,ENABLED,1654,500,2100,DISABLED,DISABLED,1621,500,2100,DISABLED,DISABLED,1662,500,2100,DISABLED,DISABLED,1641,500,2100,DISABLED,DISABLED,1669,500,2100,DISABLED,DISABLED,1646,500,2100,DISABLED,DISABLED,1654,500,2100,DISABLED,DISABLED,1635,500,2100,DISABLED,DISABLED,1328,900,1500,N/A,DISABLED,43,914,1680,N/A,ENABLED,43,914,1680,N/A,ENABLED,43,914,1680,N/A,ENABLED,43,914,1680,N/A,ENABLED,37,711,1400,N/A,ENABLED,37,711,1400,N/A,ENABLED,37,711,1400,N/A,ENABLED,37,711,1400,N/A,ENABLED,N/A,74,74
1744594240,0,732,N/A,N/A,N/A,N/A,ENABLED,1668,500,2100,DISABLED,DISABLED,1635,500,2100,DISABLED,DISABLED,1677,500,2100,DISABLED,DISABLED,1655,500,2100,DISABLED,DISABLED,1684,500,2100,DISABLED,DISABLED,1661,500,2100,DISABLED,DISABLED,1670,500,2100,DISABLED,DISABLED,1649,500,2100,DISABLED,DISABLED,1325,900,1500,N/A,DISABLED,43,914,1680,N/A,ENABLED,43,914,1680,N/A,ENABLED,43,914,1680,N/A,ENABLED,43,914,1680,N/A,ENABLED,37,711,1400,N/A,ENABLED,37,711,1400,N/A,ENABLED,37,711,1400,N/A,ENABLED,37,711,1400,N/A,ENABLED,N/A,74,74
1744594242,0,730,N/A,N/A,N/A,N/A,ENABLED,1654,500,2100,DISABLED,DISABLED,1620,500,2100,DISABLED,DISABLED,1663,500,2100,DISABLED,DISABLED,1643,500,2100,DISABLED,DISABLED,1670,500,2100,DISABLED,DISABLED,1647,500,2100,DISABLED,DISABLED,1655,500,2100,DISABLED,DISABLED,1635,500,2100,DISABLED,DISABLED,1327,900,1500,N/A,DISABLED,43,914,1680,N/A,ENABLED,43,914,1680,N/A,ENABLED,43,914,1680,N/A,ENABLED,43,914,1680,N/A,ENABLED,37,711,1400,N/A,ENABLED,37,711,1400,N/A,ENABLED,37,711,1400,N/A,ENABLED,37,711,1400,N/A,ENABLED,N/A,75,74
1744594243,0,729,N/A,N/A,N/A,N/A,ENABLED,1655,500,2100,DISABLED,DISABLED,1622,500,2100,DISABLED,DISABLED,1664,500,2100,DISABLED,DISABLED,1645,500,2100,DISABLED,DISABLED,1670,500,2100,DISABLED,DISABLED,1646,500,2100,DISABLED,DISABLED,1655,500,2100,DISABLED,DISABLED,1634,500,2100,DISABLED,DISABLED,1328,900,1500,N/A,DISABLED,43,914,1680,N/A,ENABLED,43,914,1680,N/A,ENABLED,43,914,1680,N/A,ENABLED,43,914,1680,N/A,ENABLED,37,711,1400,N/A,ENABLED,37,711,1400,N/A,ENABLED,37,711,1400,N/A,ENABLED,37,711,1400,N/A,ENABLED,N/A,75,74
1744594244,0,730,N/A,N/A,N/A,N/A,ENABLED,1659,500,2100,DISABLED,DISABLED,1625,500,2100,DISABLED,DISABLED,1667,500,2100,DISABLED,DISABLED,1646,500,2100,DISABLED,DISABLED,1674,500,2100,DISABLED,DISABLED,1651,500,2100,DISABLED,DISABLED,1660,500,2100,DISABLED,DISABLED,1640,500,2100,DISABLED,DISABLED,1328,900,1500,N/A,DISABLED,43,914,1680,N/A,ENABLED,43,914,1680,N/A,ENABLED,43,914,1680,N/A,ENABLED,43,914,1680,N/A,ENABLED,37,711,1400,N/A,ENABLED,37,711,1400,N/A,ENABLED,37,711,1400,N/A,ENABLED,37,711,1400,N/A,ENABLED,N/A,75,74
1744594245,0,731,N/A,N/A,N/A,N/A,ENABLED,1658,500,2100,DISABLED,DISABLED,1624,500,2100,DISABLED,DISABLED,1666,500,2100,DISABLED,DISABLED,1646,500,2100,DISABLED,DISABLED,1672,500,2100,DISABLED,DISABLED,1648,500,2100,DISABLED,DISABLED,1658,500,2100,DISABLED,DISABLED,1638,500,2100,DISABLED,DISABLED,1328,900,1500,N/A,DISABLED,43,914,1680,N/A,ENABLED,43,914,1680,N/A,ENABLED,43,914,1680,N/A,ENABLED,43,914,1680,N/A,ENABLED,37,711,1400,N/A,ENABLED,37,711,1400,N/A,ENABLED,37,711,1400,N/A,ENABLED,37,711,1400,N/A,ENABLED,N/A,75,74
1744594246,0,730,N/A,N/A,N/A,N/A,ENABLED,1655,500,2100,DISABLED,DISABLED,1621,500,2100,DISABLED,DISABLED,1662,500,2100,DISABLED,DISABLED,1642,500,2100,DISABLED,DISABLED,1671,500,2100,DISABLED,DISABLED,1647,500,2100,DISABLED,DISABLED,1642,500,2100,DISABLED,DISABLED,1634,500,2100,DISABLED,DISABLED,1331,900,1500,N/A,DISABLED,43,914,1680,N/A,ENABLED,43,914,1680,N/A,ENABLED,43,914,1680,N/A,ENABLED,43,914,1680,N/A,ENABLED,37,711,1400,N/A,ENABLED,37,711,1400,N/A,ENABLED,37,711,1400,N/A,ENABLED,37,711,1400,N/A,ENABLED,N/A,75,74
1744594247,0,732,N/A,N/A,N/A,N/A,ENABLED,1660,500,2100,DISABLED,DISABLED,1628,500,2100,DISABLED,DISABLED,1669,500,2100,DISABLED,DISABLED,1650,500,2100,DISABLED,DISABLED,1677,500,2100,DISABLED,DISABLED,1648,500,2100,DISABLED,DISABLED,1653,500,2100,DISABLED,DISABLED,1625,500,2100,DISABLED,DISABLED,1322,900,1500,N/A,DISABLED,43,914,1680,N/A,ENABLED,43,914,1680,N/A,ENABLED,43,914,1680,N/A,ENABLED,43,914,1680,N/A,ENABLED,37,711,1400,N/A,ENABLED,37,711,1400,N/A,ENABLED,37,711,1400,N/A,ENABLED,37,711,1400,N/A,ENABLED,N/A,75,74
1744594249,0,732,N/A,N/A,N/A,N/A,ENABLED,1669,500,2100,DISABLED,DISABLED,1636,500,2100,DISABLED,DISABLED,1677,500,2100,DISABLED,DISABLED,1658,500,2100,DISABLED,DISABLED,1684,500,2100,DISABLED,DISABLED,1644,500,2100,DISABLED,DISABLED,1664,500,2100,DISABLED,DISABLED,1638,500,2100,DISABLED,DISABLED,1325,900,1500,N/A,DISABLED,43,914,1680,N/A,ENABLED,43,914,1680,N/A,ENABLED,43,914,1680,N/A,ENABLED,43,914,1680,N/A,ENABLED,37,711,1400,N/A,ENABLED,37,711,1400,N/A,ENABLED,37,711,1400,N/A,ENABLED,37,711,1400,N/A,ENABLED,N/A,75,74
1744594250,0,730,N/A,N/A,N/A,N/A,ENABLED,1661,500,2100,DISABLED,DISABLED,1628,500,2100,DISABLED,DISABLED,1669,500,2100,DISABLED,DISABLED,1647,500,2100,DISABLED,DISABLED,1676,500,2100,DISABLED,DISABLED,1644,500,2100,DISABLED,DISABLED,1659,500,2100,DISABLED,DISABLED,1632,500,2100,DISABLED,DISABLED,1325,900,1500,N/A,DISABLED,43,914,1680,N/A,ENABLED,43,914,1680,N/A,ENABLED,43,914,1680,N/A,ENABLED,43,914,1680,N/A,ENABLED,37,711,1400,N/A,ENABLED,37,711,1400,N/A,ENABLED,37,711,1400,N/A,ENABLED,37,711,1400,N/A,ENABLED,N/A,75,74
1744594251,0,729,N/A,N/A,N/A,N/A,ENABLED,1652,500,2100,DISABLED,DISABLED,1622,500,2100,DISABLED,DISABLED,1666,500,2100,DISABLED,DISABLED,1645,500,2100,DISABLED,DISABLED,1674,500,2100,DISABLED,DISABLED,1649,500,2100,DISABLED,DISABLED,1657,500,2100,DISABLED,DISABLED,1636,500,2100,DISABLED,DISABLED,1324,900,1500,N/A,DISABLED,43,914,1680,N/A,ENABLED,43,914,1680,N/A,ENABLED,43,914,1680,N/A,ENABLED,43,914,1680,N/A,ENABLED,37,711,1400,N/A,ENABLED,37,711,1400,N/A,ENABLED,37,711,1400,N/A,ENABLED,37,711,1400,N/A,ENABLED,N/A,75,74
1744594252,0,730,N/A,N/A,N/A,N/A,ENABLED,1636,500,2100,DISABLED,DISABLED,1604,500,2100,DISABLED,DISABLED,1663,500,2100,DISABLED,DISABLED,1643,500,2100,DISABLED,DISABLED,1671,500,2100,DISABLED,DISABLED,1647,500,2100,DISABLED,DISABLED,1656,500,2100,DISABLED,DISABLED,1634,500,2100,DISABLED,DISABLED,1325,900,1500,N/A,DISABLED,43,914,1680,N/A,ENABLED,43,914,1680,N/A,ENABLED,43,914,1680,N/A,ENABLED,43,914,1680,N/A,ENABLED,37,711,1400,N/A,ENABLED,37,711,1400,N/A,ENABLED,37,711,1400,N/A,ENABLED,37,711,1400,N/A,ENABLED,N/A,75,74
1744594253,0,730,N/A,N/A,N/A,N/A,ENABLED,1652,500,2100,DISABLED,DISABLED,1619,500,2100,DISABLED,DISABLED,1666,500,2100,DISABLED,DISABLED,1653,500,2100,DISABLED,DISABLED,1674,500,2100,DISABLED,DISABLED,1655,500,2100,DISABLED,DISABLED,1663,500,2100,DISABLED,DISABLED,1642,500,2100,DISABLED,DISABLED,1324,900,1500,N/A,DISABLED,43,914,1680,N/A,ENABLED,43,914,1680,N/A,ENABLED,43,914,1680,N/A,ENABLED,43,914,1680,N/A,ENABLED,37,711,1400,N/A,ENABLED,37,711,1400,N/A,ENABLED,37,711,1400,N/A,ENABLED,37,711,1400,N/A,ENABLED,N/A,75,74
1744594255,0,731,N/A,N/A,N/A,N/A,ENABLED,1655,500,2100,DISABLED,DISABLED,1622,500,2100,DISABLED,DISABLED,1648,500,2100,DISABLED,DISABLED,1645,500,2100,DISABLED,DISABLED,1655,500,2100,DISABLED,DISABLED,1647,500,2100,DISABLED,DISABLED,1655,500,2100,DISABLED,DISABLED,1635,500,2100,DISABLED,DISABLED,1324,900,1500,N/A,DISABLED,43,914,1680,N/A,ENABLED,43,914,1680,N/A,ENABLED,43,914,1680,N/A,ENABLED,43,914,1680,N/A,ENABLED,37,711,1400,N/A,ENABLED,37,711,1400,N/A,ENABLED,37,711,1400,N/A,ENABLED,37,711,1400,N/A,ENABLED,N/A,75,74
1744594256,0,729,N/A,N/A,N/A,N/A,ENABLED,1652,500,2100,DISABLED,DISABLED,1619,500,2100,DISABLED,DISABLED,1647,500,2100,DISABLED,DISABLED,1641,500,2100,DISABLED,DISABLED,1655,500,2100,DISABLED,DISABLED,1644,500,2100,DISABLED,DISABLED,1652,500,2100,DISABLED,DISABLED,1631,500,2100,DISABLED,DISABLED,1326,900,1500,N/A,DISABLED,43,914,1680,N/A,ENABLED,43,914,1680,N/A,ENABLED,43,914,1680,N/A,ENABLED,43,914,1680,N/A,ENABLED,37,711,1400,N/A,ENABLED,37,711,1400,N/A,ENABLED,37,711,1400,N/A,ENABLED,37,711,1400,N/A,ENABLED,N/A,75,74
1744594257,0,730,N/A,N/A,N/A,N/A,ENABLED,1654,500,2100,DISABLED,DISABLED,1620,500,2100,DISABLED,DISABLED,1662,500,2100,DISABLED,DISABLED,1643,500,2100,DISABLED,DISABLED,1669,500,2100,DISABLED,DISABLED,1646,500,2100,DISABLED,DISABLED,1654,500,2100,DISABLED,DISABLED,1633,500,2100,DISABLED,DISABLED,1328,900,1500,N/A,DISABLED,43,914,1680,N/A,ENABLED,43,914,1680,N/A,ENABLED,43,914,1680,N/A,ENABLED,43,914,1680,N/A,ENABLED,37,711,1400,N/A,ENABLED,37,711,1400,N/A,ENABLED,37,711,1400,N/A,ENABLED,37,711,1400,N/A,ENABLED,N/A,75,74
1744594258,0,731,N/A,N/A,N/A,N/A,ENABLED,1659,500,2100,DISABLED,DISABLED,1627,500,2100,DISABLED,DISABLED,1669,500,2100,DISABLED,DISABLED,1646,500,2100,DISABLED,DISABLED,1674,500,2100,DISABLED,DISABLED,1651,500,2100,DISABLED,DISABLED,1661,500,2100,DISABLED,DISABLED,1639,500,2100,DISABLED,DISABLED,1329,900,1500,N/A,DISABLED,43,914,1680,N/A,ENABLED,43,914,1680,N/A,ENABLED,43,914,1680,N/A,ENABLED,43,914,1680,N/A,ENABLED,37,711,1400,N/A,ENABLED,37,711,1400,N/A,ENABLED,37,711,1400,N/A,ENABLED,37,711,1400,N/A,ENABLED,N/A,75,74
1744594259,0,730,N/A,N/A,N/A,N/A,ENABLED,1653,500,2100,DISABLED,DISABLED,1621,500,2100,DISABLED,DISABLED,1661,500,2100,DISABLED,DISABLED,1642,500,2100,DISABLED,DISABLED,1668,500,2100,DISABLED,DISABLED,1645,500,2100,DISABLED,DISABLED,1655,500,2100,DISABLED,DISABLED,1633,500,2100,DISABLED,DISABLED,1330,900,1500,N/A,DISABLED,43,914,1680,N/A,ENABLED,43,914,1680,N/A,ENABLED,43,914,1680,N/A,ENABLED,43,914,1680,N/A,ENABLED,37,711,1400,N/A,ENABLED,37,711,1400,N/A,ENABLED,37,711,1400,N/A,ENABLED,37,711,1400,N/A,ENABLED,N/A,75,74
1744594260,0,732,N/A,N/A,N/A,N/A,ENABLED,1656,500,2100,DISABLED,DISABLED,1623,500,2100,DISABLED,DISABLED,1663,500,2100,DISABLED,DISABLED,1644,500,2100,DISABLED,DISABLED,1671,500,2100,DISABLED,DISABLED,1647,500,2100,DISABLED,DISABLED,1657,500,2100,DISABLED,DISABLED,1636,500,2100,DISABLED,DISABLED,1330,900,1500,N/A,DISABLED,43,914,1680,N/A,ENABLED,43,914,1680,N/A,ENABLED,43,914,1680,N/A,ENABLED,43,914,1680,N/A,ENABLED,37,711,1400,N/A,ENABLED,37,711,1400,N/A,ENABLED,37,711,1400,N/A,ENABLED,37,711,1400,N/A,ENABLED,N/A,75,74
1744594262,0,730,N/A,N/A,N/A,N/A,ENABLED,1649,500,2100,DISABLED,DISABLED,1617,500,2100,DISABLED,DISABLED,1657,500,2100,DISABLED,DISABLED,1637,500,2100,DISABLED,DISABLED,1665,500,2100,DISABLED,DISABLED,1641,500,2100,DISABLED,DISABLED,1651,500,2100,DISABLED,DISABLED,1629,500,2100,DISABLED,DISABLED,1329,900,1500,N/A,DISABLED,43,914,1680,N/A,ENABLED,43,914,1680,N/A,ENABLED,43,914,1680,N/A,ENABLED,43,914,1680,N/A,ENABLED,37,711,1400,N/A,ENABLED,37,711,1400,N/A,ENABLED,37,711,1400,N/A,ENABLED,37,711,1400,N/A,ENABLED,N/A,75,74
1744594263,0,730,N/A,N/A,N/A,N/A,ENABLED,1660,500,2100,DISABLED,DISABLED,1628,500,2100,DISABLED,DISABLED,1667,500,2100,DISABLED,DISABLED,1631,500,2100,DISABLED,DISABLED,1675,500,2100,DISABLED,DISABLED,1651,500,2100,DISABLED,DISABLED,1661,500,2100,DISABLED,DISABLED,1641,500,2100,DISABLED,DISABLED,1328,900,1500,N/A,DISABLED,43,914,1680,N/A,ENABLED,43,914,1680,N/A,ENABLED,43,914,1680,N/A,ENABLED,43,914,1680,N/A,ENABLED,37,711,1400,N/A,ENABLED,37,711,1400,N/A,ENABLED,37,711,1400,N/A,ENABLED,37,711,1400,N/A,ENABLED,N/A,75,74
1744594264,0,730,N/A,N/A,N/A,N/A,ENABLED,1658,500,2100,DISABLED,DISABLED,1626,500,2100,DISABLED,DISABLED,1666,500,2100,DISABLED,DISABLED,1637,500,2100,DISABLED,DISABLED,1675,500,2100,DISABLED,DISABLED,1651,500,2100,DISABLED,DISABLED,1659,500,2100,DISABLED,DISABLED,1639,500,2100,DISABLED,DISABLED,1328,900,1500,N/A,DISABLED,43,914,1680,N/A,ENABLED,43,914,1680,N/A,ENABLED,43,914,1680,N/A,ENABLED,43,914,1680,N/A,ENABLED,37,711,1400,N/A,ENABLED,37,711,1400,N/A,ENABLED,37,711,1400,N/A,ENABLED,37,711,1400,N/A,ENABLED,N/A,75,74
1744594265,0,730,N/A,N/A,N/A,N/A,ENABLED,1651,500,2100,DISABLED,DISABLED,1619,500,2100,DISABLED,DISABLED,1659,500,2100,DISABLED,DISABLED,1639,500,2100,DISABLED,DISABLED,1666,500,2100,DISABLED,DISABLED,1643,500,2100,DISABLED,DISABLED,1652,500,2100,DISABLED,DISABLED,1631,500,2100,DISABLED,DISABLED,1328,900,1500,N/A,DISABLED,43,914,1680,N/A,ENABLED,43,914,1680,N/A,ENABLED,43,914,1680,N/A,ENABLED,43,914,1680,N/A,ENABLED,37,711,1400,N/A,ENABLED,37,711,1400,N/A,ENABLED,37,711,1400,N/A,ENABLED,37,711,1400,N/A,ENABLED,N/A,75,74
1744594266,0,733,N/A,N/A,N/A,N/A,ENABLED,1662,500,2100,DISABLED,DISABLED,1630,500,2100,DISABLED,DISABLED,1669,500,2100,DISABLED,DISABLED,1650,500,2100,DISABLED,DISABLED,1678,500,2100,DISABLED,DISABLED,1654,500,2100,DISABLED,DISABLED,1663,500,2100,DISABLED,DISABLED,1643,500,2100,DISABLED,DISABLED,1328,900,1500,N/A,DISABLED,43,914,1680,N/A,ENABLED,43,914,1680,N/A,ENABLED,43,914,1680,N/A,ENABLED,43,914,1680,N/A,ENABLED,37,711,1400,N/A,ENABLED,37,711,1400,N/A,ENABLED,37,711,1400,N/A,ENABLED,37,711,1400,N/A,ENABLED,N/A,75,74
1744594267,0,732,N/A,N/A,N/A,N/A,ENABLED,1653,500,2100,DISABLED,DISABLED,1621,500,2100,DISABLED,DISABLED,1662,500,2100,DISABLED,DISABLED,1642,500,2100,DISABLED,DISABLED,1669,500,2100,DISABLED,DISABLED,1645,500,2100,DISABLED,DISABLED,1654,500,2100,DISABLED,DISABLED,1633,500,2100,DISABLED,DISABLED,1327,900,1500,N/A,DISABLED,43,914,1680,N/A,ENABLED,43,914,1680,N/A,ENABLED,43,914,1680,N/A,ENABLED,43,914,1680,N/A,ENABLED,37,711,1400,N/A,ENABLED,37,711,1400,N/A,ENABLED,37,711,1400,N/A,ENABLED,37,711,1400,N/A,ENABLED,N/A,75,74
1744594269,0,725,N/A,N/A,N/A,N/A,ENABLED,1652,500,2100,DISABLED,DISABLED,1619,500,2100,DISABLED,DISABLED,1661,500,2100,DISABLED,DISABLED,1641,500,2100,DISABLED,DISABLED,1669,500,2100,DISABLED,DISABLED,1645,500,2100,DISABLED,DISABLED,1653,500,2100,DISABLED,DISABLED,1633,500,2100,DISABLED,DISABLED,1326,900,1500,N/A,DISABLED,43,914,1680,N/A,ENABLED,43,914,1680,N/A,ENABLED,43,914,1680,N/A,ENABLED,43,914,1680,N/A,ENABLED,37,711,1400,N/A,ENABLED,37,711,1400,N/A,ENABLED,37,711,1400,N/A,ENABLED,37,711,1400,N/A,ENABLED,N/A,75,74
1744594270,0,731,N/A,N/A,N/A,N/A,ENABLED,1662,500,2100,DISABLED,DISABLED,1630,500,2100,DISABLED,DISABLED,1671,500,2100,DISABLED,DISABLED,1651,500,2100,DISABLED,DISABLED,1679,500,2100,DISABLED,DISABLED,1655,500,2100,DISABLED,DISABLED,1662,500,2100,DISABLED,DISABLED,1642,500,2100,DISABLED,DISABLED,1331,900,1500,N/A,DISABLED,43,914,1680,N/A,ENABLED,43,914,1680,N/A,ENABLED,43,914,1680,N/A,ENABLED,43,914,1680,N/A,ENABLED,37,711,1400,N/A,ENABLED,37,711,1400,N/A,ENABLED,37,711,1400,N/A,ENABLED,37,711,1400,N/A,ENABLED,N/A,75,74
1744594271,0,732,N/A,N/A,N/A,N/A,ENABLED,1655,500,2100,DISABLED,DISABLED,1623,500,2100,DISABLED,DISABLED,1663,500,2100,DISABLED,DISABLED,1644,500,2100,DISABLED,DISABLED,1672,500,2100,DISABLED,DISABLED,1648,500,2100,DISABLED,DISABLED,1656,500,2100,DISABLED,DISABLED,1636,500,2100,DISABLED,DISABLED,1333,900,1500,N/A,DISABLED,44,914,1680,N/A,ENABLED,44,914,1680,N/A,ENABLED,44,914,1680,N/A,ENABLED,44,914,1680,N/A,ENABLED,37,711,1400,N/A,ENABLED,37,711,1400,N/A,ENABLED,37,711,1400,N/A,ENABLED,37,711,1400,N/A,ENABLED,N/A,75,74
1744594272,0,731,N/A,N/A,N/A,N/A,ENABLED,1652,500,2100,DISABLED,DISABLED,1620,500,2100,DISABLED,DISABLED,1662,500,2100,DISABLED,DISABLED,1642,500,2100,DISABLED,DISABLED,1669,500,2100,DISABLED,DISABLED,1644,500,2100,DISABLED,DISABLED,1654,500,2100,DISABLED,DISABLED,1634,500,2100,DISABLED,DISABLED,1322,900,1500,N/A,DISABLED,43,914,1680,N/A,ENABLED,43,914,1680,N/A,ENABLED,43,914,1680,N/A,ENABLED,43,914,1680,N/A,ENABLED,37,711,1400,N/A,ENABLED,37,711,1400,N/A,ENABLED,37,711,1400,N/A,ENABLED,37,711,1400,N/A,ENABLED,N/A,75,74
1744594273,0,732,N/A,N/A,N/A,N/A,ENABLED,1656,500,2100,DISABLED,DISABLED,1624,500,2100,DISABLED,DISABLED,1666,500,2100,DISABLED,DISABLED,1645,500,2100,DISABLED,DISABLED,1671,500,2100,DISABLED,DISABLED,1647,500,2100,DISABLED,DISABLED,1657,500,2100,DISABLED,DISABLED,1637,500,2100,DISABLED,DISABLED,1324,900,1500,N/A,DISABLED,43,914,1680,N/A,ENABLED,43,914,1680,N/A,ENABLED,43,914,1680,N/A,ENABLED,43,914,1680,N/A,ENABLED,37,711,1400,N/A,ENABLED,37,711,1400,N/A,ENABLED,37,711,1400,N/A,ENABLED,37,711,1400,N/A,ENABLED,N/A,75,74
1744594275,0,730,N/A,N/A,N/A,N/A,ENABLED,1657,500,2100,DISABLED,DISABLED,1625,500,2100,DISABLED,DISABLED,1665,500,2100,DISABLED,DISABLED,1647,500,2100,DISABLED,DISABLED,1674,500,2100,DISABLED,DISABLED,1650,500,2100,DISABLED,DISABLED,1658,500,2100,DISABLED,DISABLED,1638,500,2100,DISABLED,DISABLED,1325,900,1500,N/A,DISABLED,43,914,1680,N/A,ENABLED,43,914,1680,N/A,ENABLED,43,914,1680,N/A,ENABLED,43,914,1680,N/A,ENABLED,37,711,1400,N/A,ENABLED,37,711,1400,N/A,ENABLED,37,711,1400,N/A,ENABLED,37,711,1400,N/A,ENABLED,N/A,75,74
1744594276,0,728,N/A,N/A,N/A,N/A,ENABLED,1653,500,2100,DISABLED,DISABLED,1621,500,2100,DISABLED,DISABLED,1661,500,2100,DISABLED,DISABLED,1642,500,2100,DISABLED,DISABLED,1670,500,2100,DISABLED,DISABLED,1647,500,2100,DISABLED,DISABLED,1655,500,2100,DISABLED,DISABLED,1635,500,2100,DISABLED,DISABLED,1323,900,1500,N/A,DISABLED,43,914,1680,N/A,ENABLED,43,914,1680,N/A,ENABLED,43,914,1680,N/A,ENABLED,43,914,1680,N/A,ENABLED,37,711,1400,N/A,ENABLED,37,711,1400,N/A,ENABLED,37,711,1400,N/A,ENABLED,37,711,1400,N/A,ENABLED,N/A,75,74
1744594277,0,731,N/A,N/A,N/A,N/A,ENABLED,1656,500,2100,DISABLED,DISABLED,1624,500,2100,DISABLED,DISABLED,1664,500,2100,DISABLED,DISABLED,1644,500,2100,DISABLED,DISABLED,1670,500,2100,DISABLED,DISABLED,1648,500,2100,DISABLED,DISABLED,1657,500,2100,DISABLED,DISABLED,1637,500,2100,DISABLED,DISABLED,1325,900,1500,N/A,DISABLED,43,914,1680,N/A,ENABLED,43,914,1680,N/A,ENABLED,43,914,1680,N/A,ENABLED,43,914,1680,N/A,ENABLED,37,711,1400,N/A,ENABLED,37,711,1400,N/A,ENABLED,37,711,1400,N/A,ENABLED,37,711,1400,N/A,ENABLED,N/A,75,74
1744594278,0,730,N/A,N/A,N/A,N/A,ENABLED,1658,500,2100,DISABLED,DISABLED,1626,500,2100,DISABLED,DISABLED,1667,500,2100,DISABLED,DISABLED,1647,500,2100,DISABLED,DISABLED,1674,500,2100,DISABLED,DISABLED,1650,500,2100,DISABLED,DISABLED,1661,500,2100,DISABLED,DISABLED,1639,500,2100,DISABLED,DISABLED,1326,900,1500,N/A,DISABLED,43,914,1680,N/A,ENABLED,43,914,1680,N/A,ENABLED,43,914,1680,N/A,ENABLED,43,914,1680,N/A,ENABLED,37,711,1400,N/A,ENABLED,37,711,1400,N/A,ENABLED,37,711,1400,N/A,ENABLED,37,711,1400,N/A,ENABLED,N/A,75,74
1744594279,0,731,N/A,N/A,N/A,N/A,ENABLED,1657,500,2100,DISABLED,DISABLED,1624,500,2100,DISABLED,DISABLED,1665,500,2100,DISABLED,DISABLED,1645,500,2100,DISABLED,DISABLED,1671,500,2100,DISABLED,DISABLED,1647,500,2100,DISABLED,DISABLED,1653,500,2100,DISABLED,DISABLED,1636,500,2100,DISABLED,DISABLED,1325,900,1500,N/A,DISABLED,43,914,1680,N/A,ENABLED,43,914,1680,N/A,ENABLED,43,914,1680,N/A,ENABLED,43,914,1680,N/A,ENABLED,37,711,1400,N/A,ENABLED,37,711,1400,N/A,ENABLED,37,711,1400,N/A,ENABLED,37,711,1400,N/A,ENABLED,N/A,75,74
1744594280,0,729,N/A,N/A,N/A,N/A,ENABLED,1661,500,2100,DISABLED,DISABLED,1629,500,2100,DISABLED,DISABLED,1671,500,2100,DISABLED,DISABLED,1652,500,2100,DISABLED,DISABLED,1678,500,2100,DISABLED,DISABLED,1653,500,2100,DISABLED,DISABLED,1642,500,2100,DISABLED,DISABLED,1629,500,2100,DISABLED,DISABLED,1326,900,1500,N/A,DISABLED,43,914,1680,N/A,ENABLED,43,914,1680,N/A,ENABLED,43,914,1680,N/A,ENABLED,43,914,1680,N/A,ENABLED,37,711,1400,N/A,ENABLED,37,711,1400,N/A,ENABLED,37,711,1400,N/A,ENABLED,37,711,1400,N/A,ENABLED,N/A,75,74
1744594282,0,731,N/A,N/A,N/A,N/A,ENABLED,1663,500,2100,DISABLED,DISABLED,1631,500,2100,DISABLED,DISABLED,1673,500,2100,DISABLED,DISABLED,1653,500,2100,DISABLED,DISABLED,1680,500,2100,DISABLED,DISABLED,1646,500,2100,DISABLED,DISABLED,1650,500,2100,DISABLED,DISABLED,1627,500,2100,DISABLED,DISABLED,1331,900,1500,N/A,DISABLED,43,914,1680,N/A,ENABLED,43,914,1680,N/A,ENABLED,43,914,1680,N/A,ENABLED,43,914,1680,N/A,ENABLED,37,711,1400,N/A,ENABLED,37,711,1400,N/A,ENABLED,37,711,1400,N/A,ENABLED,37,711,1400,N/A,ENABLED,N/A,74,73
1744594283,0,730,N/A,N/A,N/A,N/A,ENABLED,1654,500,2100,DISABLED,DISABLED,1622,500,2100,DISABLED,DISABLED,1665,500,2100,DISABLED,DISABLED,1645,500,2100,DISABLED,DISABLED,1671,500,2100,DISABLED,DISABLED,1631,500,2100,DISABLED,DISABLED,1658,500,2100,DISABLED,DISABLED,1622,500,2100,DISABLED,DISABLED,1328,900,1500,N/A,DISABLED,43,914,1680,N/A,ENABLED,43,914,1680,N/A,ENABLED,43,914,1680,N/A,ENABLED,43,914,1680,N/A,ENABLED,37,711,1400,N/A,ENABLED,37,711,1400,N/A,ENABLED,37,711,1400,N/A,ENABLED,37,711,1400,N/A,ENABLED,N/A,74,73
1744594284,0,727,N/A,N/A,N/A,N/A,ENABLED,1654,500,2100,DISABLED,DISABLED,1622,500,2100,DISABLED,DISABLED,1663,500,2100,DISABLED,DISABLED,1644,500,2100,DISABLED,DISABLED,1670,500,2100,DISABLED,DISABLED,1636,500,2100,DISABLED,DISABLED,1655,500,2100,DISABLED,DISABLED,1635,500,2100,DISABLED,DISABLED,1329,900,1500,N/A,DISABLED,43,914,1680,N/A,ENABLED,43,914,1680,N/A,ENABLED,43,914,1680,N/A,ENABLED,43,914,1680,N/A,ENABLED,37,711,1400,N/A,ENABLED,37,711,1400,N/A,ENABLED,37,711,1400,N/A,ENABLED,37,711,1400,N/A,ENABLED,N/A,74,73
1744594285,0,730,N/A,N/A,N/A,N/A,ENABLED,1650,500,2100,DISABLED,DISABLED,1619,500,2100,DISABLED,DISABLED,1667,500,2100,DISABLED,DISABLED,1648,500,2100,DISABLED,DISABLED,1676,500,2100,DISABLED,DISABLED,1651,500,2100,DISABLED,DISABLED,1661,500,2100,DISABLED,DISABLED,1640,500,2100,DISABLED,DISABLED,1330,900,1500,N/A,DISABLED,43,914,1680,N/A,ENABLED,43,914,1680,N/A,ENABLED,43,914,1680,N/A,ENABLED,43,914,1680,N/A,ENABLED,37,711,1400,N/A,ENABLED,37,711,1400,N/A,ENABLED,37,711,1400,N/A,ENABLED,37,711,1400,N/A,ENABLED,N/A,74,73
1744594286,0,728,N/A,N/A,N/A,N/A,ENABLED,1640,500,2100,DISABLED,DISABLED,1607,500,2100,DISABLED,DISABLED,1663,500,2100,DISABLED,DISABLED,1642,500,2100,DISABLED,DISABLED,1670,500,2100,DISABLED,DISABLED,1646,500,2100,DISABLED,DISABLED,1656,500,2100,DISABLED,DISABLED,1634,500,2100,DISABLED,DISABLED,1330,900,1500,N/A,DISABLED,43,914,1680,N/A,ENABLED,43,914,1680,N/A,ENABLED,43,914,1680,N/A,ENABLED,43,914,1680,N/A,ENABLED,37,711,1400,N/A,ENABLED,37,711,1400,N/A,ENABLED,37,711,1400,N/A,ENABLED,37,711,1400,N/A,ENABLED,N/A,74,73
1744594287,0,730,N/A,N/A,N/A,N/A,ENABLED,1642,500,2100,DISABLED,DISABLED,1608,500,2100,DISABLED,DISABLED,1656,500,2100,DISABLED,DISABLED,1644,500,2100,DISABLED,DISABLED,1662,500,2100,DISABLED,DISABLED,1648,500,2100,DISABLED,DISABLED,1658,500,2100,DISABLED,DISABLED,1636,500,2100,DISABLED,DISABLED,1330,900,1500,N/A,DISABLED,43,914,1680,N/A,ENABLED,43,914,1680,N/A,ENABLED,43,914,1680,N/A,ENABLED,43,914,1680,N/A,ENABLED,37,711,1400,N/A,ENABLED,37,711,1400,N/A,ENABLED,37,711,1400,N/A,ENABLED,37,711,1400,N/A,ENABLED,N/A,74,73
1744594289,0,728,N/A,N/A,N/A,N/A,ENABLED,1652,500,2100,DISABLED,DISABLED,1619,500,2100,DISABLED,DISABLED,1648,500,2100,DISABLED,DISABLED,1642,500,2100,DISABLED,DISABLED,1654,500,2100,DISABLED,DISABLED,1645,500,2100,DISABLED,DISABLED,1655,500,2100,DISABLED,DISABLED,1634,500,2100,DISABLED,DISABLED,1327,900,1500,N/A,DISABLED,43,914,1680,N/A,ENABLED,43,914,1680,N/A,ENABLED,43,914,1680,N/A,ENABLED,43,914,1680,N/A,ENABLED,37,711,1400,N/A,ENABLED,37,711,1400,N/A,ENABLED,37,711,1400,N/A,ENABLED,37,711,1400,N/A,ENABLED,N/A,74,73
1744594290,0,729,N/A,N/A,N/A,N/A,ENABLED,1660,500,2100,DISABLED,DISABLED,1627,500,2100,DISABLED,DISABLED,1658,500,2100,DISABLED,DISABLED,1651,500,2100,DISABLED,DISABLED,1669,500,2100,DISABLED,DISABLED,1654,500,2100,DISABLED,DISABLED,1663,500,2100,DISABLED,DISABLED,1642,500,2100,DISABLED,DISABLED,1328,900,1500,N/A,DISABLED,43,914,1680,N/A,ENABLED,43,914,1680,N/A,ENABLED,43,914,1680,N/A,ENABLED,43,914,1680,N/A,ENABLED,37,711,1400,N/A,ENABLED,37,711,1400,N/A,ENABLED,37,711,1400,N/A,ENABLED,37,711,1400,N/A,ENABLED,N/A,74,73
1744594291,0,730,N/A,N/A,N/A,N/A,ENABLED,1662,500,2100,DISABLED,DISABLED,1630,500,2100,DISABLED,DISABLED,1671,500,2100,DISABLED,DISABLED,1654,500,2100,DISABLED,DISABLED,1678,500,2100,DISABLED,DISABLED,1655,500,2100,DISABLED,DISABLED,1665,500,2100,DISABLED,DISABLED,1645,500,2100,DISABLED,DISABLED,1327,900,1500,N/A,DISABLED,43,914,1680,N/A,ENABLED,43,914,1680,N/A,ENABLED,43,914,1680,N/A,ENABLED,43,914,1680,N/A,ENABLED,37,711,1400,N/A,ENABLED,37,711,1400,N/A,ENABLED,37,711,1400,N/A,ENABLED,37,711,1400,N/A,ENABLED,N/A,74,73
1744594292,0,726,N/A,N/A,N/A,N/A,ENABLED,1654,500,2100,DISABLED,DISABLED,1622,500,2100,DISABLED,DISABLED,1664,500,2100,DISABLED,DISABLED,1644,500,2100,DISABLED,DISABLED,1671,500,2100,DISABLED,DISABLED,1647,500,2100,DISABLED,DISABLED,1657,500,2100,DISABLED,DISABLED,1636,500,2100,DISABLED,DISABLED,1326,900,1500,N/A,DISABLED,43,914,1680,N/A,ENABLED,43,914,1680,N/A,ENABLED,43,914,1680,N/A,ENABLED,43,914,1680,N/A,ENABLED,37,711,1400,N/A,ENABLED,37,711,1400,N/A,ENABLED,37,711,1400,N/A,ENABLED,37,711,1400,N/A,ENABLED,N/A,74,73
1744594293,0,726,N/A,N/A,N/A,N/A,ENABLED,1655,500,2100,DISABLED,DISABLED,1622,500,2100,DISABLED,DISABLED,1664,500,2100,DISABLED,DISABLED,1646,500,2100,DISABLED,DISABLED,1672,500,2100,DISABLED,DISABLED,1648,500,2100,DISABLED,DISABLED,1658,500,2100,DISABLED,DISABLED,1638,500,2100,DISABLED,DISABLED,1327,900,1500,N/A,DISABLED,43,914,1680,N/A,ENABLED,43,914,1680,N/A,ENABLED,43,914,1680,N/A,ENABLED,43,914,1680,N/A,ENABLED,37,711,1400,N/A,ENABLED,37,711,1400,N/A,ENABLED,37,711,1400,N/A,ENABLED,37,711,1400,N/A,ENABLED,N/A,74,73
1744594295,0,730,N/A,N/A,N/A,N/A,ENABLED,1655,500,2100,DISABLED,DISABLED,1623,500,2100,DISABLED,DISABLED,1665,500,2100,DISABLED,DISABLED,1644,500,2100,DISABLED,DISABLED,1673,500,2100,DISABLED,DISABLED,1648,500,2100,DISABLED,DISABLED,1658,500,2100,DISABLED,DISABLED,1637,500,2100,DISABLED,DISABLED,1330,900,1500,N/A,DISABLED,43,914,1680,N/A,ENABLED,43,914,1680,N/A,ENABLED,43,914,1680,N/A,ENABLED,43,914,1680,N/A,ENABLED,37,711,1400,N/A,ENABLED,37,711,1400,N/A,ENABLED,37,711,1400,N/A,ENABLED,37,711,1400,N/A,ENABLED,N/A,74,73
1744594296,0,729,N/A,N/A,N/A,N/A,ENABLED,1656,500,2100,DISABLED,DISABLED,1623,500,2100,DISABLED,DISABLED,1665,500,2100,DISABLED,DISABLED,1635,500,2100,DISABLED,DISABLED,1673,500,2100,DISABLED,DISABLED,1648,500,2100,DISABLED,DISABLED,1659,500,2100,DISABLED,DISABLED,1638,500,2100,DISABLED,DISABLED,1330,900,1500,N/A,DISABLED,43,914,1680,N/A,ENABLED,43,914,1680,N/A,ENABLED,43,914,1680,N/A,ENABLED,43,914,1680,N/A,ENABLED,37,711,1400,N/A,ENABLED,37,711,1400,N/A,ENABLED,37,711,1400,N/A,ENABLED,37,711,1400,N/A,ENABLED,N/A,74,73
1744594297,0,730,N/A,N/A,N/A,N/A,ENABLED,1658,500,2100,DISABLED,DISABLED,1627,500,2100,DISABLED,DISABLED,1669,500,2100,DISABLED,DISABLED,1639,500,2100,DISABLED,DISABLED,1676,500,2100,DISABLED,DISABLED,1651,500,2100,DISABLED,DISABLED,1662,500,2100,DISABLED,DISABLED,1642,500,2100,DISABLED,DISABLED,1324,900,1500,N/A,DISABLED,43,914,1680,N/A,ENABLED,43,914,1680,N/A,ENABLED,43,914,1680,N/A,ENABLED,43,914,1680,N/A,ENABLED,37,711,1400,N/A,ENABLED,37,711,1400,N/A,ENABLED,37,711,1400,N/A,ENABLED,37,711,1400,N/A,ENABLED,N/A,74,73
1744594298,0,726,N/A,N/A,N/A,N/A,ENABLED,1655,500,2100,DISABLED,DISABLED,1624,500,2100,DISABLED,DISABLED,1665,500,2100,DISABLED,DISABLED,1641,500,2100,DISABLED,DISABLED,1674,500,2100,DISABLED,DISABLED,1649,500,2100,DISABLED,DISABLED,1659,500,2100,DISABLED,DISABLED,1637,500,2100,DISABLED,DISABLED,1324,900,1500,N/A,DISABLED,43,914,1680,N/A,ENABLED,43,914,1680,N/A,ENABLED,43,914,1680,N/A,ENABLED,43,914,1680,N/A,ENABLED,37,711,1400,N/A,ENABLED,37,711,1400,N/A,ENABLED,37,711,1400,N/A,ENABLED,37,711,1400,N/A,ENABLED,N/A,74,73
1744594299,0,730,N/A,N/A,N/A,N/A,ENABLED,1658,500,2100,DISABLED,DISABLED,1626,500,2100,DISABLED,DISABLED,1666,500,2100,DISABLED,DISABLED,1646,500,2100,DISABLED,DISABLED,1675,500,2100,DISABLED,DISABLED,1651,500,2100,DISABLED,DISABLED,1661,500,2100,DISABLED,DISABLED,1639,500,2100,DISABLED,DISABLED,1326,900,1500,N/A,DISABLED,43,914,1680,N/A,ENABLED,43,914,1680,N/A,ENABLED,43,914,1680,N/A,ENABLED,43,914,1680,N/A,ENABLED,37,711,1400,N/A,ENABLED,37,711,1400,N/A,ENABLED,37,711,1400,N/A,ENABLED,37,711,1400,N/A,ENABLED,N/A,74,73
1744594300,0,730,N/A,N/A,N/A,N/A,ENABLED,1654,500,2100,DISABLED,DISABLED,1622,500,2100,DISABLED,DISABLED,1664,500,2100,DISABLED,DISABLED,1644,500,2100,DISABLED,DISABLED,1672,500,2100,DISABLED,DISABLED,1647,500,2100,DISABLED,DISABLED,1657,500,2100,DISABLED,DISABLED,1636,500,2100,DISABLED,DISABLED,1323,900,1500,N/A,DISABLED,43,914,1680,N/A,ENABLED,43,914,1680,N/A,ENABLED,43,914,1680,N/A,ENABLED,43,914,1680,N/A,ENABLED,37,711,1400,N/A,ENABLED,37,711,1400,N/A,ENABLED,37,711,1400,N/A,ENABLED,37,711,1400,N/A,ENABLED,N/A,74,73
1744594302,0,730,N/A,N/A,N/A,N/A,ENABLED,1656,500,2100,DISABLED,DISABLED,1624,500,2100,DISABLED,DISABLED,1665,500,2100,DISABLED,DISABLED,1646,500,2100,DISABLED,DISABLED,1672,500,2100,DISABLED,DISABLED,1647,500,2100,DISABLED,DISABLED,1659,500,2100,DISABLED,DISABLED,1637,500,2100,DISABLED,DISABLED,1324,900,1500,N/A,DISABLED,43,914,1680,N/A,ENABLED,43,914,1680,N/A,ENABLED,43,914,1680,N/A,ENABLED,43,914,1680,N/A,ENABLED,37,711,1400,N/A,ENABLED,37,711,1400,N/A,ENABLED,37,711,1400,N/A,ENABLED,37,711,1400,N/A,ENABLED,N/A,74,73
1744594303,0,728,N/A,N/A,N/A,N/A,ENABLED,1655,500,2100,DISABLED,DISABLED,1622,500,2100,DISABLED,DISABLED,1664,500,2100,DISABLED,DISABLED,1645,500,2100,DISABLED,DISABLED,1672,500,2100,DISABLED,DISABLED,1646,500,2100,DISABLED,DISABLED,1656,500,2100,DISABLED,DISABLED,1635,500,2100,DISABLED,DISABLED,1322,900,1500,N/A,DISABLED,43,914,1680,N/A,ENABLED,43,914,1680,N/A,ENABLED,43,914,1680,N/A,ENABLED,43,914,1680,N/A,ENABLED,37,711,1400,N/A,ENABLED,37,711,1400,N/A,ENABLED,37,711,1400,N/A,ENABLED,37,711,1400,N/A,ENABLED,N/A,74,74
1744594304,0,730,N/A,N/A,N/A,N/A,ENABLED,1664,500,2100,DISABLED,DISABLED,1632,500,2100,DISABLED,DISABLED,1672,500,2100,DISABLED,DISABLED,1653,500,2100,DISABLED,DISABLED,1681,500,2100,DISABLED,DISABLED,1657,500,2100,DISABLED,DISABLED,1665,500,2100,DISABLED,DISABLED,1645,500,2100,DISABLED,DISABLED,1325,900,1500,N/A,DISABLED,43,914,1680,N/A,ENABLED,43,914,1680,N/A,ENABLED,43,914,1680,N/A,ENABLED,43,914,1680,N/A,ENABLED,37,711,1400,N/A,ENABLED,37,711,1400,N/A,ENABLED,37,711,1400,N/A,ENABLED,37,711,1400,N/A,ENABLED,N/A,75,74
1744594305,0,729,N/A,N/A,N/A,N/A,ENABLED,1659,500,2100,DISABLED,DISABLED,1626,500,2100,DISABLED,DISABLED,1668,500,2100,DISABLED,DISABLED,1648,500,2100,DISABLED,DISABLED,1677,500,2100,DISABLED,DISABLED,1653,500,2100,DISABLED,DISABLED,1662,500,2100,DISABLED,DISABLED,1640,500,2100,DISABLED,DISABLED,1324,900,1500,N/A,DISABLED,43,914,1680,N/A,ENABLED,43,914,1680,N/A,ENABLED,43,914,1680,N/A,ENABLED,43,914,1680,N/A,ENABLED,37,711,1400,N/A,ENABLED,37,711,1400,N/A,ENABLED,37,711,1400,N/A,ENABLED,37,711,1400,N/A,ENABLED,N/A,75,74
1744594306,0,729,N/A,N/A,N/A,N/A,ENABLED,1650,500,2100,DISABLED,DISABLED,1616,500,2100,DISABLED,DISABLED,1659,500,2100,DISABLED,DISABLED,1639,500,2100,DISABLED,DISABLED,1667,500,2100,DISABLED,DISABLED,1642,500,2100,DISABLED,DISABLED,1651,500,2100,DISABLED,DISABLED,1631,500,2100,DISABLED,DISABLED,1329,900,1500,N/A,DISABLED,43,914,1680,N/A,ENABLED,43,914,1680,N/A,ENABLED,43,914,1680,N/A,ENABLED,43,914,1680,N/A,ENABLED,37,711,1400,N/A,ENABLED,37,711,1400,N/A,ENABLED,37,711,1400,N/A,ENABLED,37,711,1400,N/A,ENABLED,N/A,75,74
1744594307,0,725,N/A,N/A,N/A,N/A,ENABLED,1651,500,2100,DISABLED,DISABLED,1619,500,2100,DISABLED,DISABLED,1660,500,2100,DISABLED,DISABLED,1640,500,2100,DISABLED,DISABLED,1669,500,2100,DISABLED,DISABLED,1644,500,2100,DISABLED,DISABLED,1652,500,2100,DISABLED,DISABLED,1631,500,2100,DISABLED,DISABLED,1329,900,1500,N/A,DISABLED,43,914,1680,N/A,ENABLED,43,914,1680,N/A,ENABLED,43,914,1680,N/A,ENABLED,43,914,1680,N/A,ENABLED,37,711,1400,N/A,ENABLED,37,711,1400,N/A,ENABLED,37,711,1400,N/A,ENABLED,37,711,1400,N/A,ENABLED,N/A,75,74
1744594309,0,728,N/A,N/A,N/A,N/A,ENABLED,1654,500,2100,DISABLED,DISABLED,1621,500,2100,DISABLED,DISABLED,1662,500,2100,DISABLED,DISABLED,1641,500,2100,DISABLED,DISABLED,1670,500,2100,DISABLED,DISABLED,1646,500,2100,DISABLED,DISABLED,1655,500,2100,DISABLED,DISABLED,1635,500,2100,DISABLED,DISABLED,1331,900,1500,N/A,DISABLED,43,914,1680,N/A,ENABLED,43,914,1680,N/A,ENABLED,43,914,1680,N/A,ENABLED,43,914,1680,N/A,ENABLED,37,711,1400,N/A,ENABLED,37,711,1400,N/A,ENABLED,37,711,1400,N/A,ENABLED,37,711,1400,N/A,ENABLED,N/A,75,74
1744594310,0,730,N/A,N/A,N/A,N/A,ENABLED,1653,500,2100,DISABLED,DISABLED,1620,500,2100,DISABLED,DISABLED,1659,500,2100,DISABLED,DISABLED,1640,500,2100,DISABLED,DISABLED,1670,500,2100,DISABLED,DISABLED,1646,500,2100,DISABLED,DISABLED,1655,500,2100,DISABLED,DISABLED,1634,500,2100,DISABLED,DISABLED,1331,900,1500,N/A,DISABLED,43,914,1680,N/A,ENABLED,43,914,1680,N/A,ENABLED,43,914,1680,N/A,ENABLED,43,914,1680,N/A,ENABLED,37,711,1400,N/A,ENABLED,37,711,1400,N/A,ENABLED,37,711,1400,N/A,ENABLED,37,711,1400,N/A,ENABLED,N/A,75,74
1744594311,0,729,N/A,N/A,N/A,N/A,ENABLED,1660,500,2100,DISABLED,DISABLED,1627,500,2100,DISABLED,DISABLED,1668,500,2100,DISABLED,DISABLED,1648,500,2100,DISABLED,DISABLED,1676,500,2100,DISABLED,DISABLED,1653,500,2100,DISABLED,DISABLED,1661,500,2100,DISABLED,DISABLED,1641,500,2100,DISABLED,DISABLED,1329,900,1500,N/A,DISABLED,43,914,1680,N/A,ENABLED,43,914,1680,N/A,ENABLED,43,914,1680,N/A,ENABLED,43,914,1680,N/A,ENABLED,37,711,1400,N/A,ENABLED,37,711,1400,N/A,ENABLED,37,711,1400,N/A,ENABLED,37,711,1400,N/A,ENABLED,N/A,75,74
1744594312,0,730,N/A,N/A,N/A,N/A,ENABLED,1657,500,2100,DISABLED,DISABLED,1624,500,2100,DISABLED,DISABLED,1663,500,2100,DISABLED,DISABLED,1643,500,2100,DISABLED,DISABLED,1672,500,2100,DISABLED,DISABLED,1649,500,2100,DISABLED,DISABLED,1658,500,2100,DISABLED,DISABLED,1638,500,2100,DISABLED,DISABLED,1330,900,1500,N/A,DISABLED,43,914,1680,N/A,ENABLED,43,914,1680,N/A,ENABLED,43,914,1680,N/A,ENABLED,43,914,1680,N/A,ENABLED,37,711,1400,N/A,ENABLED,37,711,1400,N/A,ENABLED,37,711,1400,N/A,ENABLED,37,711,1400,N/A,ENABLED,N/A,75,74
1744594313,0,729,N/A,N/A,N/A,N/A,ENABLED,1651,500,2100,DISABLED,DISABLED,1617,500,2100,DISABLED,DISABLED,1659,500,2100,DISABLED,DISABLED,1640,500,2100,DISABLED,DISABLED,1666,500,2100,DISABLED,DISABLED,1642,500,2100,DISABLED,DISABLED,1641,500,2100,DISABLED,DISABLED,1632,500,2100,DISABLED,DISABLED,1326,900,1500,N/A,DISABLED,43,914,1680,N/A,ENABLED,43,914,1680,N/A,ENABLED,43,914,1680,N/A,ENABLED,43,914,1680,N/A,ENABLED,37,711,1400,N/A,ENABLED,37,711,1400,N/A,ENABLED,37,711,1400,N/A,ENABLED,37,711,1400,N/A,ENABLED,N/A,75,74
1744594314,0,729,N/A,N/A,N/A,N/A,ENABLED,1655,500,2100,DISABLED,DISABLED,1621,500,2100,DISABLED,DISABLED,1663,500,2100,DISABLED,DISABLED,1643,500,2100,DISABLED,DISABLED,1670,500,2100,DISABLED,DISABLED,1643,500,2100,DISABLED,DISABLED,1639,500,2100,DISABLED,DISABLED,1621,500,2100,DISABLED,DISABLED,1331,900,1500,N/A,DISABLED,43,914,1680,N/A,ENABLED,43,914,1680,N/A,ENABLED,43,914,1680,N/A,ENABLED,43,914,1680,N/A,ENABLED,37,711,1400,N/A,ENABLED,37,711,1400,N/A,ENABLED,37,711,1400,N/A,ENABLED,37,711,1400,N/A,ENABLED,N/A,75,74
1744594316,0,731,N/A,N/A,N/A,N/A,ENABLED,1656,500,2100,DISABLED,DISABLED,1622,500,2100,DISABLED,DISABLED,1662,500,2100,DISABLED,DISABLED,1643,500,2100,DISABLED,DISABLED,1671,500,2100,DISABLED,DISABLED,1630,500,2100,DISABLED,DISABLED,1650,500,2100,DISABLED,DISABLED,1622,500,2100,DISABLED,DISABLED,1330,900,1500,N/A,DISABLED,43,914,1680,N/A,ENABLED,43,914,1680,N/A,ENABLED,43,914,1680,N/A,ENABLED,43,914,1680,N/A,ENABLED,37,711,1400,N/A,ENABLED,37,711,1400,N/A,ENABLED,37,711,1400,N/A,ENABLED,37,711,1400,N/A,ENABLED,N/A,75,74
1744594317,0,729,N/A,N/A,N/A,N/A,ENABLED,1653,500,2100,DISABLED,DISABLED,1620,500,2100,DISABLED,DISABLED,1663,500,2100,DISABLED,DISABLED,1643,500,2100,DISABLED,DISABLED,1672,500,2100,DISABLED,DISABLED,1637,500,2100,DISABLED,DISABLED,1656,500,2100,DISABLED,DISABLED,1634,500,2100,DISABLED,DISABLED,1325,900,1500,N/A,DISABLED,43,914,1680,N/A,ENABLED,43,914,1680,N/A,ENABLED,43,914,1680,N/A,ENABLED,43,914,1680,N/A,ENABLED,37,711,1400,N/A,ENABLED,37,711,1400,N/A,ENABLED,37,711,1400,N/A,ENABLED,37,711,1400,N/A,ENABLED,N/A,75,74
1744594318,0,733,N/A,N/A,N/A,N/A,ENABLED,1648,500,2100,DISABLED,DISABLED,1617,500,2100,DISABLED,DISABLED,1663,500,2100,DISABLED,DISABLED,1644,500,2100,DISABLED,DISABLED,1672,500,2100,DISABLED,DISABLED,1650,500,2100,DISABLED,DISABLED,1659,500,2100,DISABLED,DISABLED,1639,500,2100,DISABLED,DISABLED,1325,900,1500,N/A,DISABLED,43,914,1680,N/A,ENABLED,43,914,1680,N/A,ENABLED,43,914,1680,N/A,ENABLED,43,914,1680,N/A,ENABLED,37,711,1400,N/A,ENABLED,37,711,1400,N/A,ENABLED,37,711,1400,N/A,ENABLED,37,711,1400,N/A,ENABLED,N/A,75,74
1744594319,0,732,N/A,N/A,N/A,N/A,ENABLED,1647,500,2100,DISABLED,DISABLED,1616,500,2100,DISABLED,DISABLED,1673,500,2100,DISABLED,DISABLED,1653,500,2100,DISABLED,DISABLED,1681,500,2100,DISABLED,DISABLED,1656,500,2100,DISABLED,DISABLED,1666,500,2100,DISABLED,DISABLED,1646,500,2100,DISABLED,DISABLED,1327,900,1500,N/A,DISABLED,43,914,1680,N/A,ENABLED,43,914,1680,N/A,ENABLED,43,914,1680,N/A,ENABLED,43,914,1680,N/A,ENABLED,37,711,1400,N/A,ENABLED,37,711,1400,N/A,ENABLED,37,711,1400,N/A,ENABLED,37,711,1400,N/A,ENABLED,N/A,75,74
1744594320,0,730,N/A,N/A,N/A,N/A,ENABLED,1651,500,2100,DISABLED,DISABLED,1618,500,2100,DISABLED,DISABLED,1661,500,2100,DISABLED,DISABLED,1646,500,2100,DISABLED,DISABLED,1668,500,2100,DISABLED,DISABLED,1649,500,2100,DISABLED,DISABLED,1659,500,2100,DISABLED,DISABLED,1638,500,2100,DISABLED,DISABLED,1329,900,1500,N/A,DISABLED,43,914,1680,N/A,ENABLED,43,914,1680,N/A,ENABLED,43,914,1680,N/A,ENABLED,43,914,1680,N/A,ENABLED,37,711,1400,N/A,ENABLED,37,711,1400,N/A,ENABLED,37,711,1400,N/A,ENABLED,37,711,1400,N/A,ENABLED,N/A,75,74
1744594322,0,730,N/A,N/A,N/A,N/A,ENABLED,1657,500,2100,DISABLED,DISABLED,1625,500,2100,DISABLED,DISABLED,1647,500,2100,DISABLED,DISABLED,1646,500,2100,DISABLED,DISABLED,1657,500,2100,DISABLED,DISABLED,1650,500,2100,DISABLED,DISABLED,1659,500,2100,DISABLED,DISABLED,1640,500,2100,DISABLED,DISABLED,1331,900,1500,N/A,DISABLED,43,914,1680,N/A,ENABLED,43,914,1680,N/A,ENABLED,43,914,1680,N/A,ENABLED,43,914,1680,N/A,ENABLED,37,711,1400,N/A,ENABLED,37,711,1400,N/A,ENABLED,37,711,1400,N/A,ENABLED,37,711,1400,N/A,ENABLED,N/A,75,74
1744594323,0,730,N/A,N/A,N/A,N/A,ENABLED,1654,500,2100,DISABLED,DISABLED,1621,500,2100,DISABLED,DISABLED,1657,500,2100,DISABLED,DISABLED,1643,500,2100,DISABLED,DISABLED,1666,500,2100,DISABLED,DISABLED,1647,500,2100,DISABLED,DISABLED,1656,500,2100,DISABLED,DISABLED,1637,500,2100,DISABLED,DISABLED,1323,900,1500,N/A,DISABLED,43,914,1680,N/A,ENABLED,43,914,1680,N/A,ENABLED,43,914,1680,N/A,ENABLED,43,914,1680,N/A,ENABLED,37,711,1400,N/A,ENABLED,37,711,1400,N/A,ENABLED,37,711,1400,N/A,ENABLED,37,711,1400,N/A,ENABLED,N/A,75,74
1744594324,0,731,N/A,N/A,N/A,N/A,ENABLED,1654,500,2100,DISABLED,DISABLED,1622,500,2100,DISABLED,DISABLED,1663,500,2100,DISABLED,DISABLED,1643,500,2100,DISABLED,DISABLED,1670,500,2100,DISABLED,DISABLED,1646,500,2100,DISABLED,DISABLED,1656,500,2100,DISABLED,DISABLED,1636,500,2100,DISABLED,DISABLED,1326,900,1500,N/A,DISABLED,43,914,1680,N/A,ENABLED,43,914,1680,N/A,ENABLED,43,914,1680,N/A,ENABLED,43,914,1680,N/A,ENABLED,37,711,1400,N/A,ENABLED,37,711,1400,N/A,ENABLED,37,711,1400,N/A,ENABLED,37,711,1400,N/A,ENABLED,N/A,75,74
1744594325,0,729,N/A,N/A,N/A,N/A,ENABLED,1653,500,2100,DISABLED,DISABLED,1621,500,2100,DISABLED,DISABLED,1662,500,2100,DISABLED,DISABLED,1644,500,2100,DISABLED,DISABLED,1670,500,2100,DISABLED,DISABLED,1646,500,2100,DISABLED,DISABLED,1656,500,2100,DISABLED,DISABLED,1635,500,2100,DISABLED,DISABLED,1326,900,1500,N/A,DISABLED,43,914,1680,N/A,ENABLED,43,914,1680,N/A,ENABLED,43,914,1680,N/A,ENABLED,43,914,1680,N/A,ENABLED,37,711,1400,N/A,ENABLED,37,711,1400,N/A,ENABLED,37,711,1400,N/A,ENABLED,37,711,1400,N/A,ENABLED,N/A,75,74
1744594326,0,730,N/A,N/A,N/A,N/A,ENABLED,1652,500,2100,DISABLED,DISABLED,1619,500,2100,DISABLED,DISABLED,1661,500,2100,DISABLED,DISABLED,1642,500,2100,DISABLED,DISABLED,1668,500,2100,DISABLED,DISABLED,1644,500,2100,DISABLED,DISABLED,1653,500,2100,DISABLED,DISABLED,1633,500,2100,DISABLED,DISABLED,1326,900,1500,N/A,DISABLED,43,914,1680,N/A,ENABLED,43,914,1680,N/A,ENABLED,43,914,1680,N/A,ENABLED,43,914,1680,N/A,ENABLED,37,711,1400,N/A,ENABLED,37,711,1400,N/A,ENABLED,37,711,1400,N/A,ENABLED,37,711,1400,N/A,ENABLED,N/A,75,74
1744594327,0,731,N/A,N/A,N/A,N/A,ENABLED,1660,500,2100,DISABLED,DISABLED,1628,500,2100,DISABLED,DISABLED,1670,500,2100,DISABLED,DISABLED,1647,500,2100,DISABLED,DISABLED,1676,500,2100,DISABLED,DISABLED,1651,500,2100,DISABLED,DISABLED,1661,500,2100,DISABLED,DISABLED,1641,500,2100,DISABLED,DISABLED,1324,900,1500,N/A,DISABLED,43,914,1680,N/A,ENABLED,43,914,1680,N/A,ENABLED,43,914,1680,N/A,ENABLED,43,914,1680,N/A,ENABLED,37,711,1400,N/A,ENABLED,37,711,1400,N/A,ENABLED,37,711,1400,N/A,ENABLED,37,711,1400,N/A,ENABLED,N/A,75,74
1744594329,0,732,N/A,N/A,N/A,N/A,ENABLED,1656,500,2100,DISABLED,DISABLED,1624,500,2100,DISABLED,DISABLED,1666,500,2100,DISABLED,DISABLED,1643,500,2100,DISABLED,DISABLED,1673,500,2100,DISABLED,DISABLED,1648,500,2100,DISABLED,DISABLED,1658,500,2100,DISABLED,DISABLED,1639,500,2100,DISABLED,DISABLED,1327,900,1500,N/A,DISABLED,43,914,1680,N/A,ENABLED,43,914,1680,N/A,ENABLED,43,914,1680,N/A,ENABLED,43,914,1680,N/A,ENABLED,37,711,1400,N/A,ENABLED,37,711,1400,N/A,ENABLED,37,711,1400,N/A,ENABLED,37,711,1400,N/A,ENABLED,N/A,75,75
1744594330,0,732,N/A,N/A,N/A,N/A,ENABLED,1653,500,2100,DISABLED,DISABLED,1621,500,2100,DISABLED,DISABLED,1663,500,2100,DISABLED,DISABLED,1626,500,2100,DISABLED,DISABLED,1670,500,2100,DISABLED,DISABLED,1646,500,2100,DISABLED,DISABLED,1655,500,2100,DISABLED,DISABLED,1635,500,2100,DISABLED,DISABLED,1324,900,1500,N/A,DISABLED,43,914,1680,N/A,ENABLED,43,914,1680,N/A,ENABLED,43,914,1680,N/A,ENABLED,43,914,1680,N/A,ENABLED,37,711,1400,N/A,ENABLED,37,711,1400,N/A,ENABLED,37,711,1400,N/A,ENABLED,37,711,1400,N/A,ENABLED,N/A,75,74
1744594331,0,730,N/A,N/A,N/A,N/A,ENABLED,1656,500,2100,DISABLED,DISABLED,1624,500,2100,DISABLED,DISABLED,1665,500,2100,DISABLED,DISABLED,1632,500,2100,DISABLED,DISABLED,1673,500,2100,DISABLED,DISABLED,1648,500,2100,DISABLED,DISABLED,1658,500,2100,DISABLED,DISABLED,1637,500,2100,DISABLED,DISABLED,1327,900,1500,N/A,DISABLED,43,914,1680,N/A,ENABLED,43,914,1680,N/A,ENABLED,43,914,1680,N/A,ENABLED,43,914,1680,N/A,ENABLED,37,711,1400,N/A,ENABLED,37,711,1400,N/A,ENABLED,37,711,1400,N/A,ENABLED,37,711,1400,N/A,ENABLED,N/A,75,75
1744594332,0,732,N/A,N/A,N/A,N/A,ENABLED,1657,500,2100,DISABLED,DISABLED,1625,500,2100,DISABLED,DISABLED,1666,500,2100,DISABLED,DISABLED,1647,500,2100,DISABLED,DISABLED,1674,500,2100,DISABLED,DISABLED,1649,500,2100,DISABLED,DISABLED,1658,500,2100,DISABLED,DISABLED,1638,500,2100,DISABLED,DISABLED,1328,900,1500,N/A,DISABLED,43,914,1680,N/A,ENABLED,43,914,1680,N/A,ENABLED,43,914,1680,N/A,ENABLED,43,914,1680,N/A,ENABLED,37,711,1400,N/A,ENABLED,37,711,1400,N/A,ENABLED,37,711,1400,N/A,ENABLED,37,711,1400,N/A,ENABLED,N/A,75,74
1744594333,0,733,N/A,N/A,N/A,N/A,ENABLED,1658,500,2100,DISABLED,DISABLED,1626,500,2100,DISABLED,DISABLED,1667,500,2100,DISABLED,DISABLED,1647,500,2100,DISABLED,DISABLED,1675,500,2100,DISABLED,DISABLED,1650,500,2100,DISABLED,DISABLED,1659,500,2100,DISABLED,DISABLED,1640,500,2100,DISABLED,DISABLED,1328,900,1500,N/A,DISABLED,43,914,1680,N/A,ENABLED,43,914,1680,N/A,ENABLED,43,914,1680,N/A,ENABLED,43,914,1680,N/A,ENABLED,37,711,1400,N/A,ENABLED,37,711,1400,N/A,ENABLED,37,711,1400,N/A,ENABLED,37,711,1400,N/A,ENABLED,N/A,75,74
1744594335,0,730,N/A,N/A,N/A,N/A,ENABLED,1652,500,2100,DISABLED,DISABLED,1620,500,2100,DISABLED,DISABLED,1661,500,2100,DISABLED,DISABLED,1642,500,2100,DISABLED,DISABLED,1668,500,2100,DISABLED,DISABLED,1643,500,2100,DISABLED,DISABLED,1652,500,2100,DISABLED,DISABLED,1633,500,2100,DISABLED,DISABLED,1327,900,1500,N/A,DISABLED,43,914,1680,N/A,ENABLED,43,914,1680,N/A,ENABLED,43,914,1680,N/A,ENABLED,43,914,1680,N/A,ENABLED,37,711,1400,N/A,ENABLED,37,711,1400,N/A,ENABLED,37,711,1400,N/A,ENABLED,37,711,1400,N/A,ENABLED,N/A,75,74
1744594336,0,731,N/A,N/A,N/A,N/A,ENABLED,1656,500,2100,DISABLED,DISABLED,1623,500,2100,DISABLED,DISABLED,1664,500,2100,DISABLED,DISABLED,1643,500,2100,DISABLED,DISABLED,1672,500,2100,DISABLED,DISABLED,1649,500,2100,DISABLED,DISABLED,1657,500,2100,DISABLED,DISABLED,1637,500,2100,DISABLED,DISABLED,1330,900,1500,N/A,DISABLED,43,914,1680,N/A,ENABLED,43,914,1680,N/A,ENABLED,43,914,1680,N/A,ENABLED,43,914,1680,N/A,ENABLED,37,711,1400,N/A,ENABLED,37,711,1400,N/A,ENABLED,37,711,1400,N/A,ENABLED,37,711,1400,N/A,ENABLED,N/A,75,74
1744594337,0,732,N/A,N/A,N/A,N/A,ENABLED,1656,500,2100,DISABLED,DISABLED,1624,500,2100,DISABLED,DISABLED,1663,500,2100,DISABLED,DISABLED,1643,500,2100,DISABLED,DISABLED,1671,500,2100,DISABLED,DISABLED,1647,500,2100,DISABLED,DISABLED,1658,500,2100,DISABLED,DISABLED,1639,500,2100,DISABLED,DISABLED,1329,900,1500,N/A,DISABLED,43,914,1680,N/A,ENABLED,43,914,1680,N/A,ENABLED,43,914,1680,N/A,ENABLED,43,914,1680,N/A,ENABLED,37,711,1400,N/A,ENABLED,37,711,1400,N/A,ENABLED,37,711,1400,N/A,ENABLED,37,711,1400,N/A,ENABLED,N/A,75,74
1744594338,0,731,N/A,N/A,N/A,N/A,ENABLED,1658,500,2100,DISABLED,DISABLED,1626,500,2100,DISABLED,DISABLED,1666,500,2100,DISABLED,DISABLED,1647,500,2100,DISABLED,DISABLED,1673,500,2100,DISABLED,DISABLED,1650,500,2100,DISABLED,DISABLED,1659,500,2100,DISABLED,DISABLED,1640,500,2100,DISABLED,DISABLED,1327,900,1500,N/A,DISABLED,43,914,1680,N/A,ENABLED,43,914,1680,N/A,ENABLED,43,914,1680,N/A,ENABLED,43,914,1680,N/A,ENABLED,37,711,1400,N/A,ENABLED,37,711,1400,N/A,ENABLED,37,711,1400,N/A,ENABLED,37,711,1400,N/A,ENABLED,N/A,75,74
1744594339,0,731,N/A,N/A,N/A,N/A,ENABLED,1659,500,2100,DISABLED,DISABLED,1627,500,2100,DISABLED,DISABLED,1667,500,2100,DISABLED,DISABLED,1647,500,2100,DISABLED,DISABLED,1675,500,2100,DISABLED,DISABLED,1651,500,2100,DISABLED,DISABLED,1660,500,2100,DISABLED,DISABLED,1641,500,2100,DISABLED,DISABLED,1328,900,1500,N/A,DISABLED,43,914,1680,N/A,ENABLED,43,914,1680,N/A,ENABLED,43,914,1680,N/A,ENABLED,43,914,1680,N/A,ENABLED,37,711,1400,N/A,ENABLED,37,711,1400,N/A,ENABLED,37,711,1400,N/A,ENABLED,37,711,1400,N/A,ENABLED,N/A,75,74
1744594340,0,731,N/A,N/A,N/A,N/A,ENABLED,1653,500,2100,DISABLED,DISABLED,1621,500,2100,DISABLED,DISABLED,1661,500,2100,DISABLED,DISABLED,1641,500,2100,DISABLED,DISABLED,1669,500,2100,DISABLED,DISABLED,1646,500,2100,DISABLED,DISABLED,1654,500,2100,DISABLED,DISABLED,1634,500,2100,DISABLED,DISABLED,1329,900,1500,N/A,DISABLED,43,914,1680,N/A,ENABLED,43,914,1680,N/A,ENABLED,43,914,1680,N/A,ENABLED,43,914,1680,N/A,ENABLED,37,711,1400,N/A,ENABLED,37,711,1400,N/A,ENABLED,37,711,1400,N/A,ENABLED,37,711,1400,N/A,ENABLED,N/A,75,74
1744594342,0,729,N/A,N/A,N/A,N/A,ENABLED,1656,500,2100,DISABLED,DISABLED,1624,500,2100,DISABLED,DISABLED,1664,500,2100,DISABLED,DISABLED,1646,500,2100,DISABLED,DISABLED,1673,500,2100,DISABLED,DISABLED,1650,500,2100,DISABLED,DISABLED,1658,500,2100,DISABLED,DISABLED,1638,500,2100,DISABLED,DISABLED,1327,900,1500,N/A,DISABLED,43,914,1680,N/A,ENABLED,43,914,1680,N/A,ENABLED,43,914,1680,N/A,ENABLED,43,914,1680,N/A,ENABLED,37,711,1400,N/A,ENABLED,37,711,1400,N/A,ENABLED,37,711,1400,N/A,ENABLED,37,711,1400,N/A,ENABLED,N/A,75,74
1744594343,0,729,N/A,N/A,N/A,N/A,ENABLED,1655,500,2100,DISABLED,DISABLED,1623,500,2100,DISABLED,DISABLED,1664,500,2100,DISABLED,DISABLED,1645,500,2100,DISABLED,DISABLED,1672,500,2100,DISABLED,DISABLED,1648,500,2100,DISABLED,DISABLED,1657,500,2100,DISABLED,DISABLED,1637,500,2100,DISABLED,DISABLED,1326,900,1500,N/A,DISABLED,43,914,1680,N/A,ENABLED,43,914,1680,N/A,ENABLED,43,914,1680,N/A,ENABLED,43,914,1680,N/A,ENABLED,37,711,1400,N/A,ENABLED,37,711,1400,N/A,ENABLED,37,711,1400,N/A,ENABLED,37,711,1400,N/A,ENABLED,N/A,75,75
1744594344,0,730,N/A,N/A,N/A,N/A,ENABLED,1654,500,2100,DISABLED,DISABLED,1621,500,2100,DISABLED,DISABLED,1662,500,2100,DISABLED,DISABLED,1643,500,2100,DISABLED,DISABLED,1671,500,2100,DISABLED,DISABLED,1646,500,2100,DISABLED,DISABLED,1656,500,2100,DISABLED,DISABLED,1636,500,2100,DISABLED,DISABLED,1328,900,1500,N/A,DISABLED,43,914,1680,N/A,ENABLED,43,914,1680,N/A,ENABLED,43,914,1680,N/A,ENABLED,43,914,1680,N/A,ENABLED,37,711,1400,N/A,ENABLED,37,711,1400,N/A,ENABLED,37,711,1400,N/A,ENABLED,37,711,1400,N/A,ENABLED,N/A,75,74
1744594345,0,731,N/A,N/A,N/A,N/A,ENABLED,1653,500,2100,DISABLED,DISABLED,1621,500,2100,DISABLED,DISABLED,1661,500,2100,DISABLED,DISABLED,1642,500,2100,DISABLED,DISABLED,1670,500,2100,DISABLED,DISABLED,1645,500,2100,DISABLED,DISABLED,1654,500,2100,DISABLED,DISABLED,1635,500,2100,DISABLED,DISABLED,1329,900,1500,N/A,DISABLED,43,914,1680,N/A,ENABLED,43,914,1680,N/A,ENABLED,43,914,1680,N/A,ENABLED,43,914,1680,N/A,ENABLED,37,711,1400,N/A,ENABLED,37,711,1400,N/A,ENABLED,37,711,1400,N/A,ENABLED,37,711,1400,N/A,ENABLED,N/A,75,74
1744594346,0,731,N/A,N/A,N/A,N/A,ENABLED,1663,500,2100,DISABLED,DISABLED,1631,500,2100,DISABLED,DISABLED,1670,500,2100,DISABLED,DISABLED,1651,500,2100,DISABLED,DISABLED,1679,500,2100,DISABLED,DISABLED,1654,500,2100,DISABLED,DISABLED,1653,500,2100,DISABLED,DISABLED,1645,500,2100,DISABLED,DISABLED,1332,900,1500,N/A,DISABLED,43,914,1680,N/A,ENABLED,43,914,1680,N/A,ENABLED,43,914,1680,N/A,ENABLED,43,914,1680,N/A,ENABLED,37,711,1400,N/A,ENABLED,37,711,1400,N/A,ENABLED,37,711,1400,N/A,ENABLED,37,711,1400,N/A,ENABLED,N/A,75,74
1744594347,0,732,N/A,N/A,N/A,N/A,ENABLED,1659,500,2100,DISABLED,DISABLED,1627,500,2100,DISABLED,DISABLED,1667,500,2100,DISABLED,DISABLED,1646,500,2100,DISABLED,DISABLED,1675,500,2100,DISABLED,DISABLED,1650,500,2100,DISABLED,DISABLED,1644,500,2100,DISABLED,DISABLED,1628,500,2100,DISABLED,DISABLED,1324,900,1500,N/A,DISABLED,43,914,1680,N/A,ENABLED,43,914,1680,N/A,ENABLED,43,914,1680,N/A,ENABLED,43,914,1680,N/A,ENABLED,37,711,1400,N/A,ENABLED,37,711,1400,N/A,ENABLED,37,711,1400,N/A,ENABLED,37,711,1400,N/A,ENABLED,N/A,75,74
1744594349,0,730,N/A,N/A,N/A,N/A,ENABLED,1658,500,2100,DISABLED,DISABLED,1624,500,2100,DISABLED,DISABLED,1665,500,2100,DISABLED,DISABLED,1645,500,2100,DISABLED,DISABLED,1674,500,2100,DISABLED,DISABLED,1634,500,2100,DISABLED,DISABLED,1652,500,2100,DISABLED,DISABLED,1626,500,2100,DISABLED,DISABLED,1325,900,1500,N/A,DISABLED,43,914,1680,N/A,ENABLED,43,914,1680,N/A,ENABLED,43,914,1680,N/A,ENABLED,43,914,1680,N/A,ENABLED,37,711,1400,N/A,ENABLED,37,711,1400,N/A,ENABLED,37,711,1400,N/A,ENABLED,37,711,1400,N/A,ENABLED,N/A,75,74
1744594350,0,730,N/A,N/A,N/A,N/A,ENABLED,1657,500,2100,DISABLED,DISABLED,1625,500,2100,DISABLED,DISABLED,1667,500,2100,DISABLED,DISABLED,1647,500,2100,DISABLED,DISABLED,1676,500,2100,DISABLED,DISABLED,1639,500,2100,DISABLED,DISABLED,1658,500,2100,DISABLED,DISABLED,1629,500,2100,DISABLED,DISABLED,1324,900,1500,N/A,DISABLED,43,914,1680,N/A,ENABLED,43,914,1680,N/A,ENABLED,43,914,1680,N/A,ENABLED,43,914,1680,N/A,ENABLED,37,711,1400,N/A,ENABLED,37,711,1400,N/A,ENABLED,37,711,1400,N/A,ENABLED,37,711,1400,N/A,ENABLED,N/A,75,74
1744594351,0,730,N/A,N/A,N/A,N/A,ENABLED,1652,500,2100,DISABLED,DISABLED,1620,500,2100,DISABLED,DISABLED,1662,500,2100,DISABLED,DISABLED,1643,500,2100,DISABLED,DISABLED,1671,500,2100,DISABLED,DISABLED,1643,500,2100,DISABLED,DISABLED,1656,500,2100,DISABLED,DISABLED,1636,500,2100,DISABLED,DISABLED,1325,900,1500,N/A,DISABLED,43,914,1680,N/A,ENABLED,43,914,1680,N/A,ENABLED,43,914,1680,N/A,ENABLED,43,914,1680,N/A,ENABLED,37,711,1400,N/A,ENABLED,37,711,1400,N/A,ENABLED,37,711,1400,N/A,ENABLED,37,711,1400,N/A,ENABLED,N/A,75,74
1744594352,0,732,N/A,N/A,N/A,N/A,ENABLED,1638,500,2100,DISABLED,DISABLED,1606,500,2100,DISABLED,DISABLED,1663,500,2100,DISABLED,DISABLED,1646,500,2100,DISABLED,DISABLED,1673,500,2100,DISABLED,DISABLED,1651,500,2100,DISABLED,DISABLED,1660,500,2100,DISABLED,DISABLED,1640,500,2100,DISABLED,DISABLED,1322,900,1500,N/A,DISABLED,43,914,1680,N/A,ENABLED,43,914,1680,N/A,ENABLED,43,914,1680,N/A,ENABLED,43,914,1680,N/A,ENABLED,37,711,1400,N/A,ENABLED,37,711,1400,N/A,ENABLED,37,711,1400,N/A,ENABLED,37,711,1400,N/A,ENABLED,N/A,75,75
1744594353,0,731,N/A,N/A,N/A,N/A,ENABLED,1647,500,2100,DISABLED,DISABLED,1613,500,2100,DISABLED,DISABLED,1668,500,2100,DISABLED,DISABLED,1649,500,2100,DISABLED,DISABLED,1675,500,2100,DISABLED,DISABLED,1651,500,2100,DISABLED,DISABLED,1660,500,2100,DISABLED,DISABLED,1639,500,2100,DISABLED,DISABLED,1326,900,1500,N/A,DISABLED,43,914,1680,N/A,ENABLED,43,914,1680,N/A,ENABLED,43,914,1680,N/A,ENABLED,43,914,1680,N/A,ENABLED,37,711,1400,N/A,ENABLED,37,711,1400,N/A,ENABLED,37,711,1400,N/A,ENABLED,37,711,1400,N/A,ENABLED,N/A,75,75
1744594355,0,731,N/A,N/A,N/A,N/A,ENABLED,1653,500,2100,DISABLED,DISABLED,1618,500,2100,DISABLED,DISABLED,1650,500,2100,DISABLED,DISABLED,1649,500,2100,DISABLED,DISABLED,1660,500,2100,DISABLED,DISABLED,1653,500,2100,DISABLED,DISABLED,1661,500,2100,DISABLED,DISABLED,1641,500,2100,DISABLED,DISABLED,1325,900,1500,N/A,DISABLED,43,914,1680,N/A,ENABLED,43,914,1680,N/A,ENABLED,43,914,1680,N/A,ENABLED,43,914,1680,N/A,ENABLED,37,711,1400,N/A,ENABLED,37,711,1400,N/A,ENABLED,37,711,1400,N/A,ENABLED,37,711,1400,N/A,ENABLED,N/A,75,75
1744594356,0,730,N/A,N/A,N/A,N/A,ENABLED,1658,500,2100,DISABLED,DISABLED,1625,500,2100,DISABLED,DISABLED,1649,500,2100,DISABLED,DISABLED,1646,500,2100,DISABLED,DISABLED,1661,500,2100,DISABLED,DISABLED,1650,500,2100,DISABLED,DISABLED,1661,500,2100,DISABLED,DISABLED,1640,500,2100,DISABLED,DISABLED,1323,900,1500,N/A,DISABLED,43,914,1680,N/A,ENABLED,43,914,1680,N/A,ENABLED,43,914,1680,N/A,ENABLED,43,914,1680,N/A,ENABLED,37,711,1400,N/A,ENABLED,37,711,1400,N/A,ENABLED,37,711,1400,N/A,ENABLED,37,711,1400,N/A,ENABLED,N/A,76,74
1744594357,0,731,N/A,N/A,N/A,N/A,ENABLED,1652,500,2100,DISABLED,DISABLED,1620,500,2100,DISABLED,DISABLED,1654,500,2100,DISABLED,DISABLED,1640,500,2100,DISABLED,DISABLED,1669,500,2100,DISABLED,DISABLED,1645,500,2100,DISABLED,DISABLED,1655,500,2100,DISABLED,DISABLED,1635,500,2100,DISABLED,DISABLED,1329,900,1500,N/A,DISABLED,43,914,1680,N/A,ENABLED,43,914,1680,N/A,ENABLED,43,914,1680,N/A,ENABLED,43,914,1680,N/A,ENABLED,37,711,1400,N/A,ENABLED,37,711,1400,N/A,ENABLED,37,711,1400,N/A,ENABLED,37,711,1400,N/A,ENABLED,N/A,76,74
1744594358,0,728,N/A,N/A,N/A,N/A,ENABLED,1645,500,2100,DISABLED,DISABLED,1613,500,2100,DISABLED,DISABLED,1654,500,2100,DISABLED,DISABLED,1634,500,2100,DISABLED,DISABLED,1664,500,2100,DISABLED,DISABLED,1638,500,2100,DISABLED,DISABLED,1648,500,2100,DISABLED,DISABLED,1627,500,2100,DISABLED,DISABLED,1329,900,1500,N/A,DISABLED,43,914,1680,N/A,ENABLED,43,914,1680,N/A,ENABLED,43,914,1680,N/A,ENABLED,43,914,1680,N/A,ENABLED,37,711,1400,N/A,ENABLED,37,711,1400,N/A,ENABLED,37,711,1400,N/A,ENABLED,37,711,1400,N/A,ENABLED,N/A,76,74
1744594359,0,731,N/A,N/A,N/A,N/A,ENABLED,1653,500,2100,DISABLED,DISABLED,1619,500,2100,DISABLED,DISABLED,1660,500,2100,DISABLED,DISABLED,1639,500,2100,DISABLED,DISABLED,1670,500,2100,DISABLED,DISABLED,1644,500,2100,DISABLED,DISABLED,1655,500,2100,DISABLED,DISABLED,1634,500,2100,DISABLED,DISABLED,1328,900,1500,N/A,DISABLED,43,914,1680,N/A,ENABLED,43,914,1680,N/A,ENABLED,43,914,1680,N/A,ENABLED,43,914,1680,N/A,ENABLED,37,711,1400,N/A,ENABLED,37,711,1400,N/A,ENABLED,37,711,1400,N/A,ENABLED,37,711,1400,N/A,ENABLED,N/A,76,75
1744594360,0,733,N/A,N/A,N/A,N/A,ENABLED,1654,500,2100,DISABLED,DISABLED,1621,500,2100,DISABLED,DISABLED,1660,500,2100,DISABLED,DISABLED,1640,500,2100,DISABLED,DISABLED,1670,500,2100,DISABLED,DISABLED,1644,500,2100,DISABLED,DISABLED,1655,500,2100,DISABLED,DISABLED,1635,500,2100,DISABLED,DISABLED,1328,900,1500,N/A,DISABLED,43,914,1680,N/A,ENABLED,43,914,1680,N/A,ENABLED,43,914,1680,N/A,ENABLED,43,914,1680,N/A,ENABLED,37,711,1400,N/A,ENABLED,37,711,1400,N/A,ENABLED,37,711,1400,N/A,ENABLED,37,711,1400,N/A,ENABLED,N/A,76,75
1744594362,0,730,N/A,N/A,N/A,N/A,ENABLED,1652,500,2100,DISABLED,DISABLED,1620,500,2100,DISABLED,DISABLED,1659,500,2100,DISABLED,DISABLED,1638,500,2100,DISABLED,DISABLED,1668,500,2100,DISABLED,DISABLED,1642,500,2100,DISABLED,DISABLED,1653,500,2100,DISABLED,DISABLED,1632,500,2100,DISABLED,DISABLED,1328,900,1500,N/A,DISABLED,43,914,1680,N/A,ENABLED,43,914,1680,N/A,ENABLED,43,914,1680,N/A,ENABLED,43,914,1680,N/A,ENABLED,37,711,1400,N/A,ENABLED,37,711,1400,N/A,ENABLED,37,711,1400,N/A,ENABLED,37,711,1400,N/A,ENABLED,N/A,76,75
1744594363,0,733,N/A,N/A,N/A,N/A,ENABLED,1651,500,2100,DISABLED,DISABLED,1618,500,2100,DISABLED,DISABLED,1659,500,2100,DISABLED,DISABLED,1625,500,2100,DISABLED,DISABLED,1667,500,2100,DISABLED,DISABLED,1641,500,2100,DISABLED,DISABLED,1651,500,2100,DISABLED,DISABLED,1631,500,2100,DISABLED,DISABLED,1326,900,1500,N/A,DISABLED,43,914,1680,N/A,ENABLED,43,914,1680,N/A,ENABLED,43,914,1680,N/A,ENABLED,43,914,1680,N/A,ENABLED,37,711,1400,N/A,ENABLED,37,711,1400,N/A,ENABLED,37,711,1400,N/A,ENABLED,37,711,1400,N/A,ENABLED,N/A,76,75
1744594364,0,728,N/A,N/A,N/A,N/A,ENABLED,1651,500,2100,DISABLED,DISABLED,1617,500,2100,DISABLED,DISABLED,1658,500,2100,DISABLED,DISABLED,1627,500,2100,DISABLED,DISABLED,1666,500,2100,DISABLED,DISABLED,1640,500,2100,DISABLED,DISABLED,1650,500,2100,DISABLED,DISABLED,1629,500,2100,DISABLED,DISABLED,1328,900,1500,N/A,DISABLED,43,914,1680,N/A,ENABLED,43,914,1680,N/A,ENABLED,43,914,1680,N/A,ENABLED,43,914,1680,N/A,ENABLED,37,711,1400,N/A,ENABLED,37,711,1400,N/A,ENABLED,37,711,1400,N/A,ENABLED,37,711,1400,N/A,ENABLED,N/A,76,75
1744594365,0,729,N/A,N/A,N/A,N/A,ENABLED,1644,500,2100,DISABLED,DISABLED,1612,500,2100,DISABLED,DISABLED,1653,500,2100,DISABLED,DISABLED,1621,500,2100,DISABLED,DISABLED,1660,500,2100,DISABLED,DISABLED,1636,500,2100,DISABLED,DISABLED,1646,500,2100,DISABLED,DISABLED,1625,500,2100,DISABLED,DISABLED,1330,900,1500,N/A,DISABLED,43,914,1680,N/A,ENABLED,43,914,1680,N/A,ENABLED,43,914,1680,N/A,ENABLED,43,914,1680,N/A,ENABLED,37,711,1400,N/A,ENABLED,37,711,1400,N/A,ENABLED,37,711,1400,N/A,ENABLED,37,711,1400,N/A,ENABLED,N/A,76,75
1744594366,0,731,N/A,N/A,N/A,N/A,ENABLED,1651,500,2100,DISABLED,DISABLED,1617,500,2100,DISABLED,DISABLED,1658,500,2100,DISABLED,DISABLED,1638,500,2100,DISABLED,DISABLED,1666,500,2100,DISABLED,DISABLED,1641,500,2100,DISABLED,DISABLED,1652,500,2100,DISABLED,DISABLED,1631,500,2100,DISABLED,DISABLED,1327,900,1500,N/A,DISABLED,43,914,1680,N/A,ENABLED,43,914,1680,N/A,ENABLED,43,914,1680,N/A,ENABLED,43,914,1680,N/A,ENABLED,37,711,1400,N/A,ENABLED,37,711,1400,N/A,ENABLED,37,711,1400,N/A,ENABLED,37,711,1400,N/A,ENABLED,N/A,76,75
1744594367,0,732,N/A,N/A,N/A,N/A,ENABLED,1653,500,2100,DISABLED,DISABLED,1621,500,2100,DISABLED,DISABLED,1662,500,2100,DISABLED,DISABLED,1643,500,2100,DISABLED,DISABLED,1670,500,2100,DISABLED,DISABLED,1645,500,2100,DISABLED,DISABLED,1655,500,2100,DISABLED,DISABLED,1634,500,2100,DISABLED,DISABLED,1326,900,1500,N/A,DISABLED,43,914,1680,N/A,ENABLED,43,914,1680,N/A,ENABLED,43,914,1680,N/A,ENABLED,43,914,1680,N/A,ENABLED,37,711,1400,N/A,ENABLED,37,711,1400,N/A,ENABLED,37,711,1400,N/A,ENABLED,37,711,1400,N/A,ENABLED,N/A,76,75
1744594369,0,731,N/A,N/A,N/A,N/A,ENABLED,1656,500,2100,DISABLED,DISABLED,1624,500,2100,DISABLED,DISABLED,1666,500,2100,DISABLED,DISABLED,1648,500,2100,DISABLED,DISABLED,1673,500,2100,DISABLED,DISABLED,1648,500,2100,DISABLED,DISABLED,1658,500,2100,DISABLED,DISABLED,1636,500,2100,DISABLED,DISABLED,1322,900,1500,N/A,DISABLED,43,914,1680,N/A,ENABLED,43,914,1680,N/A,ENABLED,43,914,1680,N/A,ENABLED,43,914,1680,N/A,ENABLED,37,711,1400,N/A,ENABLED,37,711,1400,N/A,ENABLED,37,711,1400,N/A,ENABLED,37,711,1400,N/A,ENABLED,N/A,76,75
1744594370,0,726,N/A,N/A,N/A,N/A,ENABLED,1650,500,2100,DISABLED,DISABLED,1616,500,2100,DISABLED,DISABLED,1656,500,2100,DISABLED,DISABLED,1638,500,2100,DISABLED,DISABLED,1666,500,2100,DISABLED,DISABLED,1640,500,2100,DISABLED,DISABLED,1652,500,2100,DISABLED,DISABLED,1630,500,2100,DISABLED,DISABLED,1328,900,1500,N/A,DISABLED,43,914,1680,N/A,ENABLED,43,914,1680,N/A,ENABLED,43,914,1680,N/A,ENABLED,43,914,1680,N/A,ENABLED,37,711,1400,N/A,ENABLED,37,711,1400,N/A,ENABLED,37,711,1400,N/A,ENABLED,37,711,1400,N/A,ENABLED,N/A,76,75
1744594371,0,728,N/A,N/A,N/A,N/A,ENABLED,1646,500,2100,DISABLED,DISABLED,1612,500,2100,DISABLED,DISABLED,1653,500,2100,DISABLED,DISABLED,1634,500,2100,DISABLED,DISABLED,1661,500,2100,DISABLED,DISABLED,1638,500,2100,DISABLED,DISABLED,1649,500,2100,DISABLED,DISABLED,1627,500,2100,DISABLED,DISABLED,1330,900,1500,N/A,DISABLED,43,914,1680,N/A,ENABLED,43,914,1680,N/A,ENABLED,43,914,1680,N/A,ENABLED,43,914,1680,N/A,ENABLED,37,711,1400,N/A,ENABLED,37,711,1400,N/A,ENABLED,37,711,1400,N/A,ENABLED,37,711,1400,N/A,ENABLED,N/A,76,75
1744594372,0,734,N/A,N/A,N/A,N/A,ENABLED,1654,500,2100,DISABLED,DISABLED,1621,500,2100,DISABLED,DISABLED,1662,500,2100,DISABLED,DISABLED,1644,500,2100,DISABLED,DISABLED,1670,500,2100,DISABLED,DISABLED,1646,500,2100,DISABLED,DISABLED,1656,500,2100,DISABLED,DISABLED,1636,500,2100,DISABLED,DISABLED,1323,900,1500,N/A,DISABLED,43,914,1680,N/A,ENABLED,43,914,1680,N/A,ENABLED,43,914,1680,N/A,ENABLED,43,914,1680,N/A,ENABLED,37,711,1400,N/A,ENABLED,37,711,1400,N/A,ENABLED,37,711,1400,N/A,ENABLED,37,711,1400,N/A,ENABLED,N/A,76,75
1744594373,0,732,N/A,N/A,N/A,N/A,ENABLED,1654,500,2100,DISABLED,DISABLED,1620,500,2100,DISABLED,DISABLED,1660,500,2100,DISABLED,DISABLED,1642,500,2100,DISABLED,DISABLED,1669,500,2100,DISABLED,DISABLED,1645,500,2100,DISABLED,DISABLED,1656,500,2100,DISABLED,DISABLED,1634,500,2100,DISABLED,DISABLED,1324,900,1500,N/A,DISABLED,43,914,1680,N/A,ENABLED,43,914,1680,N/A,ENABLED,43,914,1680,N/A,ENABLED,43,914,1680,N/A,ENABLED,37,711,1400,N/A,ENABLED,37,711,1400,N/A,ENABLED,37,711,1400,N/A,ENABLED,37,711,1400,N/A,ENABLED,N/A,76,75
1744594375,0,732,N/A,N/A,N/A,N/A,ENABLED,1658,500,2100,DISABLED,DISABLED,1625,500,2100,DISABLED,DISABLED,1668,500,2100,DISABLED,DISABLED,1649,500,2100,DISABLED,DISABLED,1676,500,2100,DISABLED,DISABLED,1650,500,2100,DISABLED,DISABLED,1660,500,2100,DISABLED,DISABLED,1640,500,2100,DISABLED,DISABLED,1324,900,1500,N/A,DISABLED,43,914,1680,N/A,ENABLED,43,914,1680,N/A,ENABLED,43,914,1680,N/A,ENABLED,43,914,1680,N/A,ENABLED,37,711,1400,N/A,ENABLED,37,711,1400,N/A,ENABLED,37,711,1400,N/A,ENABLED,37,711,1400,N/A,ENABLED,N/A,76,75
1744594376,0,730,N/A,N/A,N/A,N/A,ENABLED,1656,500,2100,DISABLED,DISABLED,1622,500,2100,DISABLED,DISABLED,1664,500,2100,DISABLED,DISABLED,1645,500,2100,DISABLED,DISABLED,1672,500,2100,DISABLED,DISABLED,1647,500,2100,DISABLED,DISABLED,1657,500,2100,DISABLED,DISABLED,1636,500,2100,DISABLED,DISABLED,1325,900,1500,N/A,DISABLED,43,914,1680,N/A,ENABLED,43,914,1680,N/A,ENABLED,43,914,1680,N/A,ENABLED,43,914,1680,N/A,ENABLED,37,711,1400,N/A,ENABLED,37,711,1400,N/A,ENABLED,37,711,1400,N/A,ENABLED,37,711,1400,N/A,ENABLED,N/A,76,75
1744594377,0,731,N/A,N/A,N/A,N/A,ENABLED,1652,500,2100,DISABLED,DISABLED,1619,500,2100,DISABLED,DISABLED,1661,500,2100,DISABLED,DISABLED,1642,500,2100,DISABLED,DISABLED,1668,500,2100,DISABLED,DISABLED,1643,500,2100,DISABLED,DISABLED,1653,500,2100,DISABLED,DISABLED,1631,500,2100,DISABLED,DISABLED,1324,900,1500,N/A,DISABLED,43,914,1680,N/A,ENABLED,43,914,1680,N/A,ENABLED,43,914,1680,N/A,ENABLED,43,914,1680,N/A,ENABLED,37,711,1400,N/A,ENABLED,37,711,1400,N/A,ENABLED,37,711,1400,N/A,ENABLED,37,711,1400,N/A,ENABLED,N/A,76,75
1744594378,0,731,N/A,N/A,N/A,N/A,ENABLED,1656,500,2100,DISABLED,DISABLED,1623,500,2100,DISABLED,DISABLED,1663,500,2100,DISABLED,DISABLED,1644,500,2100,DISABLED,DISABLED,1672,500,2100,DISABLED,DISABLED,1647,500,2100,DISABLED,DISABLED,1657,500,2100,DISABLED,DISABLED,1636,500,2100,DISABLED,DISABLED,1325,900,1500,N/A,DISABLED,43,914,1680,N/A,ENABLED,43,914,1680,N/A,ENABLED,43,914,1680,N/A,ENABLED,43,914,1680,N/A,ENABLED,37,711,1400,N/A,ENABLED,37,711,1400,N/A,ENABLED,37,711,1400,N/A,ENABLED,37,711,1400,N/A,ENABLED,N/A,76,75
1744594379,0,729,N/A,N/A,N/A,N/A,ENABLED,1649,500,2100,DISABLED,DISABLED,1615,500,2100,DISABLED,DISABLED,1658,500,2100,DISABLED,DISABLED,1639,500,2100,DISABLED,DISABLED,1665,500,2100,DISABLED,DISABLED,1640,500,2100,DISABLED,DISABLED,1647,500,2100,DISABLED,DISABLED,1630,500,2100,DISABLED,DISABLED,1323,900,1500,N/A,DISABLED,43,914,1680,N/A,ENABLED,43,914,1680,N/A,ENABLED,43,914,1680,N/A,ENABLED,43,914,1680,N/A,ENABLED,37,711,1400,N/A,ENABLED,37,711,1400,N/A,ENABLED,37,711,1400,N/A,ENABLED,37,711,1400,N/A,ENABLED,N/A,76,75
1744594380,0,729,N/A,N/A,N/A,N/A,ENABLED,1656,500,2100,DISABLED,DISABLED,1623,500,2100,DISABLED,DISABLED,1665,500,2100,DISABLED,DISABLED,1646,500,2100,DISABLED,DISABLED,1673,500,2100,DISABLED,DISABLED,1649,500,2100,DISABLED,DISABLED,1638,500,2100,DISABLED,DISABLED,1631,500,2100,DISABLED,DISABLED,1325,900,1500,N/A,DISABLED,43,914,1680,N/A,ENABLED,43,914,1680,N/A,ENABLED,43,914,1680,N/A,ENABLED,43,914,1680,N/A,ENABLED,37,711,1400,N/A,ENABLED,37,711,1400,N/A,ENABLED,37,711,1400,N/A,ENABLED,37,711,1400,N/A,ENABLED,N/A,76,75
1744594382,0,731,N/A,N/A,N/A,N/A,ENABLED,1645,500,2100,DISABLED,DISABLED,1612,500,2100,DISABLED,DISABLED,1653,500,2100,DISABLED,DISABLED,1635,500,2100,DISABLED,DISABLED,1662,500,2100,DISABLED,DISABLED,1626,500,2100,DISABLED,DISABLED,1635,500,2100,DISABLED,DISABLED,1613,500,2100,DISABLED,DISABLED,1328,900,1500,N/A,DISABLED,43,914,1680,N/A,ENABLED,43,914,1680,N/A,ENABLED,43,914,1680,N/A,ENABLED,43,914,1680,N/A,ENABLED,37,711,1400,N/A,ENABLED,37,711,1400,N/A,ENABLED,37,711,1400,N/A,ENABLED,37,711,1400,N/A,ENABLED,N/A,76,75
1744594383,0,731,N/A,N/A,N/A,N/A,ENABLED,1649,500,2100,DISABLED,DISABLED,1616,500,2100,DISABLED,DISABLED,1656,500,2100,DISABLED,DISABLED,1638,500,2100,DISABLED,DISABLED,1664,500,2100,DISABLED,DISABLED,1625,500,2100,DISABLED,DISABLED,1651,500,2100,DISABLED,DISABLED,1616,500,2100,DISABLED,DISABLED,1328,900,1500,N/A,DISABLED,43,914,1680,N/A,ENABLED,43,914,1680,N/A,ENABLED,43,914,1680,N/A,ENABLED,43,914,1680,N/A,ENABLED,37,711,1400,N/A,ENABLED,37,711,1400,N/A,ENABLED,37,711,1400,N/A,ENABLED,37,711,1400,N/A,ENABLED,N/A,76,75
1744594384,0,725,N/A,N/A,N/A,N/A,ENABLED,1644,500,2100,DISABLED,DISABLED,1611,500,2100,DISABLED,DISABLED,1653,500,2100,DISABLED,DISABLED,1633,500,2100,DISABLED,DISABLED,1661,500,2100,DISABLED,DISABLED,1620,500,2100,DISABLED,DISABLED,1645,500,2100,DISABLED,DISABLED,1624,500,2100,DISABLED,DISABLED,1328,900,1500,N/A,DISABLED,43,914,1680,N/A,ENABLED,43,914,1680,N/A,ENABLED,43,914,1680,N/A,ENABLED,43,914,1680,N/A,ENABLED,37,711,1400,N/A,ENABLED,37,711,1400,N/A,ENABLED,37,711,1400,N/A,ENABLED,37,711,1400,N/A,ENABLED,N/A,76,75
1744594385,0,732,N/A,N/A,N/A,N/A,ENABLED,1642,500,2100,DISABLED,DISABLED,1610,500,2100,DISABLED,DISABLED,1655,500,2100,DISABLED,DISABLED,1637,500,2100,DISABLED,DISABLED,1664,500,2100,DISABLED,DISABLED,1642,500,2100,DISABLED,DISABLED,1650,500,2100,DISABLED,DISABLED,1630,500,2100,DISABLED,DISABLED,1328,900,1500,N/A,DISABLED,43,914,1680,N/A,ENABLED,43,914,1680,N/A,ENABLED,43,914,1680,N/A,ENABLED,43,914,1680,N/A,ENABLED,37,711,1400,N/A,ENABLED,37,711,1400,N/A,ENABLED,37,711,1400,N/A,ENABLED,37,711,1400,N/A,ENABLED,N/A,76,75
1744594386,0,729,N/A,N/A,N/A,N/A,ENABLED,1643,500,2100,DISABLED,DISABLED,1609,500,2100,DISABLED,DISABLED,1663,500,2100,DISABLED,DISABLED,1643,500,2100,DISABLED,DISABLED,1671,500,2100,DISABLED,DISABLED,1645,500,2100,DISABLED,DISABLED,1655,500,2100,DISABLED,DISABLED,1635,500,2100,DISABLED,DISABLED,1330,900,1500,N/A,DISABLED,43,914,1680,N/A,ENABLED,43,914,1680,N/A,ENABLED,43,914,1680,N/A,ENABLED,43,914,1680,N/A,ENABLED,37,711,1400,N/A,ENABLED,37,711,1400,N/A,ENABLED,37,711,1400,N/A,ENABLED,37,711,1400,N/A,ENABLED,N/A,76,75
1744594387,0,729,N/A,N/A,N/A,N/A,ENABLED,1633,500,2100,DISABLED,DISABLED,1598,500,2100,DISABLED,DISABLED,1652,500,2100,DISABLED,DISABLED,1635,500,2100,DISABLED,DISABLED,1657,500,2100,DISABLED,DISABLED,1637,500,2100,DISABLED,DISABLED,1648,500,2100,DISABLED,DISABLED,1627,500,2100,DISABLED,DISABLED,1329,900,1500,N/A,DISABLED,43,914,1680,N/A,ENABLED,43,914,1680,N/A,ENABLED,43,914,1680,N/A,ENABLED,43,914,1680,N/A,ENABLED,37,711,1400,N/A,ENABLED,37,711,1400,N/A,ENABLED,37,711,1400,N/A,ENABLED,37,711,1400,N/A,ENABLED,N/A,76,75
1744594389,0,731,N/A,N/A,N/A,N/A,ENABLED,1658,500,2100,DISABLED,DISABLED,1624,500,2100,DISABLED,DISABLED,1649,500,2100,DISABLED,DISABLED,1644,500,2100,DISABLED,DISABLED,1659,500,2100,DISABLED,DISABLED,1648,500,2100,DISABLED,DISABLED,1658,500,2100,DISABLED,DISABLED,1638,500,2100,DISABLED,DISABLED,1325,900,1500,N/A,DISABLED,43,914,1680,N/A,ENABLED,43,914,1680,N/A,ENABLED,43,914,1680,N/A,ENABLED,43,914,1680,N/A,ENABLED,37,711,1400,N/A,ENABLED,37,711,1400,N/A,ENABLED,37,711,1400,N/A,ENABLED,37,711,1400,N/A,ENABLED,N/A,76,75
1744594390,0,732,N/A,N/A,N/A,N/A,ENABLED,1657,500,2100,DISABLED,DISABLED,1624,500,2100,DISABLED,DISABLED,1653,500,2100,DISABLED,DISABLED,1647,500,2100,DISABLED,DISABLED,1659,500,2100,DISABLED,DISABLED,1648,500,2100,DISABLED,DISABLED,1659,500,2100,DISABLED,DISABLED,1637,500,2100,DISABLED,DISABLED,1330,900,1500,N/A,DISABLED,43,914,1680,N/A,ENABLED,43,914,1680,N/A,ENABLED,43,914,1680,N/A,ENABLED,43,914,1680,N/A,ENABLED,37,711,1400,N/A,ENABLED,37,711,1400,N/A,ENABLED,37,711,1400,N/A,ENABLED,37,711,1400,N/A,ENABLED,N/A,76,75
1744594391,0,732,N/A,N/A,N/A,N/A,ENABLED,1658,500,2100,DISABLED,DISABLED,1625,500,2100,DISABLED,DISABLED,1666,500,2100,DISABLED,DISABLED,1649,500,2100,DISABLED,DISABLED,1673,500,2100,DISABLED,DISABLED,1650,500,2100,DISABLED,DISABLED,1660,500,2100,DISABLED,DISABLED,1640,500,2100,DISABLED,DISABLED,1327,900,1500,N/A,DISABLED,43,914,1680,N/A,ENABLED,43,914,1680,N/A,ENABLED,43,914,1680,N/A,ENABLED,43,914,1680,N/A,ENABLED,37,711,1400,N/A,ENABLED,37,711,1400,N/A,ENABLED,37,711,1400,N/A,ENABLED,37,711,1400,N/A,ENABLED,N/A,76,75
1744594392,0,733,N/A,N/A,N/A,N/A,ENABLED,1651,500,2100,DISABLED,DISABLED,1618,500,2100,DISABLED,DISABLED,1659,500,2100,DISABLED,DISABLED,1642,500,2100,DISABLED,DISABLED,1667,500,2100,DISABLED,DISABLED,1642,500,2100,DISABLED,DISABLED,1653,500,2100,DISABLED,DISABLED,1632,500,2100,DISABLED,DISABLED,1327,900,1500,N/A,DISABLED,43,914,1680,N/A,ENABLED,43,914,1680,N/A,ENABLED,43,914,1680,N/A,ENABLED,43,914,1680,N/A,ENABLED,37,711,1400,N/A,ENABLED,37,711,1400,N/A,ENABLED,37,711,1400,N/A,ENABLED,37,711,1400,N/A,ENABLED,N/A,76,75
1744594393,0,733,N/A,N/A,N/A,N/A,ENABLED,1657,500,2100,DISABLED,DISABLED,1625,500,2100,DISABLED,DISABLED,1665,500,2100,DISABLED,DISABLED,1647,500,2100,DISABLED,DISABLED,1673,500,2100,DISABLED,DISABLED,1649,500,2100,DISABLED,DISABLED,1659,500,2100,DISABLED,DISABLED,1637,500,2100,DISABLED,DISABLED,1326,900,1500,N/A,DISABLED,43,914,1680,N/A,ENABLED,43,914,1680,N/A,ENABLED,43,914,1680,N/A,ENABLED,43,914,1680,N/A,ENABLED,37,711,1400,N/A,ENABLED,37,711,1400,N/A,ENABLED,37,711,1400,N/A,ENABLED,37,711,1400,N/A,ENABLED,N/A,76,75
1744594395,0,733,N/A,N/A,N/A,N/A,ENABLED,1654,500,2100,DISABLED,DISABLED,1621,500,2100,DISABLED,DISABLED,1662,500,2100,DISABLED,DISABLED,1641,500,2100,DISABLED,DISABLED,1671,500,2100,DISABLED,DISABLED,1645,500,2100,DISABLED,DISABLED,1654,500,2100,DISABLED,DISABLED,1634,500,2100,DISABLED,DISABLED,1326,900,1500,N/A,DISABLED,43,914,1680,N/A,ENABLED,43,914,1680,N/A,ENABLED,43,914,1680,N/A,ENABLED,43,914,1680,N/A,ENABLED,37,711,1400,N/A,ENABLED,37,711,1400,N/A,ENABLED,37,711,1400,N/A,ENABLED,37,711,1400,N/A,ENABLED,N/A,76,75
1744594396,0,732,N/A,N/A,N/A,N/A,ENABLED,1651,500,2100,DISABLED,DISABLED,1618,500,2100,DISABLED,DISABLED,1659,500,2100,DISABLED,DISABLED,1629,500,2100,DISABLED,DISABLED,1667,500,2100,DISABLED,DISABLED,1642,500,2100,DISABLED,DISABLED,1652,500,2100,DISABLED,DISABLED,1631,500,2100,DISABLED,DISABLED,1329,900,1500,N/A,DISABLED,43,914,1680,N/A,ENABLED,43,914,1680,N/A,ENABLED,43,914,1680,N/A,ENABLED,43,914,1680,N/A,ENABLED,37,711,1400,N/A,ENABLED,37,711,1400,N/A,ENABLED,37,711,1400,N/A,ENABLED,37,711,1400,N/A,ENABLED,N/A,76,75
1744594397,0,734,N/A,N/A,N/A,N/A,ENABLED,1658,500,2100,DISABLED,DISABLED,1626,500,2100,DISABLED,DISABLED,1667,500,2100,DISABLED,DISABLED,1632,500,2100,DISABLED,DISABLED,1675,500,2100,DISABLED,DISABLED,1649,500,2100,DISABLED,DISABLED,1660,500,2100,DISABLED,DISABLED,1639,500,2100,DISABLED,DISABLED,1323,900,1500,N/A,DISABLED,43,914,1680,N/A,ENABLED,43,914,1680,N/A,ENABLED,43,914,1680,N/A,ENABLED,43,914,1680,N/A,ENABLED,37,711,1400,N/A,ENABLED,37,711,1400,N/A,ENABLED,37,711,1400,N/A,ENABLED,37,711,1400,N/A,ENABLED,N/A,76,75
1744594398,0,733,N/A,N/A,N/A,N/A,ENABLED,1660,500,2100,DISABLED,DISABLED,1627,500,2100,DISABLED,DISABLED,1668,500,2100,DISABLED,DISABLED,1638,500,2100,DISABLED,DISABLED,1677,500,2100,DISABLED,DISABLED,1651,500,2100,DISABLED,DISABLED,1661,500,2100,DISABLED,DISABLED,1640,500,2100,DISABLED,DISABLED,1326,900,1500,N/A,DISABLED,43,914,1680,N/A,ENABLED,43,914,1680,N/A,ENABLED,43,914,1680,N/A,ENABLED,43,914,1680,N/A,ENABLED,37,711,1400,N/A,ENABLED,37,711,1400,N/A,ENABLED,37,711,1400,N/A,ENABLED,37,711,1400,N/A,ENABLED,N/A,76,75
1744594399,0,733,N/A,N/A,N/A,N/A,ENABLED,1655,500,2100,DISABLED,DISABLED,1622,500,2100,DISABLED,DISABLED,1663,500,2100,DISABLED,DISABLED,1645,500,2100,DISABLED,DISABLED,1672,500,2100,DISABLED,DISABLED,1647,500,2100,DISABLED,DISABLED,1657,500,2100,DISABLED,DISABLED,1636,500,2100,DISABLED,DISABLED,1324,900,1500,N/A,DISABLED,43,914,1680,N/A,ENABLED,43,914,1680,N/A,ENABLED,43,914,1680,N/A,ENABLED,43,914,1680,N/A,ENABLED,37,711,1400,N/A,ENABLED,37,711,1400,N/A,ENABLED,37,711,1400,N/A,ENABLED,37,711,1400,N/A,ENABLED,N/A,76,75
1744594400,0,733,N/A,N/A,N/A,N/A,ENABLED,1659,500,2100,DISABLED,DISABLED,1627,500,2100,DISABLED,DISABLED,1669,500,2100,DISABLED,DISABLED,1650,500,2100,DISABLED,DISABLED,1677,500,2100,DISABLED,DISABLED,1652,500,2100,DISABLED,DISABLED,1660,500,2100,DISABLED,DISABLED,1639,500,2100,DISABLED,DISABLED,1322,900,1500,N/A,DISABLED,43,914,1680,N/A,ENABLED,43,914,1680,N/A,ENABLED,43,914,1680,N/A,ENABLED,43,914,1680,N/A,ENABLED,37,711,1400,N/A,ENABLED,37,711,1400,N/A,ENABLED,37,711,1400,N/A,ENABLED,37,711,1400,N/A,ENABLED,N/A,76,75
1744594402,0,733,N/A,N/A,N/A,N/A,ENABLED,1657,500,2100,DISABLED,DISABLED,1624,500,2100,DISABLED,DISABLED,1667,500,2100,DISABLED,DISABLED,1649,500,2100,DISABLED,DISABLED,1675,500,2100,DISABLED,DISABLED,1650,500,2100,DISABLED,DISABLED,1658,500,2100,DISABLED,DISABLED,1637,500,2100,DISABLED,DISABLED,1325,900,1500,N/A,DISABLED,43,914,1680,N/A,ENABLED,43,914,1680,N/A,ENABLED,43,914,1680,N/A,ENABLED,43,914,1680,N/A,ENABLED,37,711,1400,N/A,ENABLED,37,711,1400,N/A,ENABLED,37,711,1400,N/A,ENABLED,37,711,1400,N/A,ENABLED,N/A,76,75
1744594403,0,732,N/A,N/A,N/A,N/A,ENABLED,1650,500,2100,DISABLED,DISABLED,1617,500,2100,DISABLED,DISABLED,1658,500,2100,DISABLED,DISABLED,1639,500,2100,DISABLED,DISABLED,1667,500,2100,DISABLED,DISABLED,1642,500,2100,DISABLED,DISABLED,1652,500,2100,DISABLED,DISABLED,1630,500,2100,DISABLED,DISABLED,1322,900,1500,N/A,DISABLED,43,914,1680,N/A,ENABLED,43,914,1680,N/A,ENABLED,43,914,1680,N/A,ENABLED,43,914,1680,N/A,ENABLED,37,711,1400,N/A,ENABLED,37,711,1400,N/A,ENABLED,37,711,1400,N/A,ENABLED,37,711,1400,N/A,ENABLED,N/A,76,75
1744594404,0,730,N/A,N/A,N/A,N/A,ENABLED,1654,500,2100,DISABLED,DISABLED,1621,500,2100,DISABLED,DISABLED,1662,500,2100,DISABLED,DISABLED,1642,500,2100,DISABLED,DISABLED,1670,500,2100,DISABLED,DISABLED,1646,500,2100,DISABLED,DISABLED,1657,500,2100,DISABLED,DISABLED,1635,500,2100,DISABLED,DISABLED,1325,900,1500,N/A,DISABLED,43,914,1680,N/A,ENABLED,43,914,1680,N/A,ENABLED,43,914,1680,N/A,ENABLED,43,914,1680,N/A,ENABLED,37,711,1400,N/A,ENABLED,37,711,1400,N/A,ENABLED,37,711,1400,N/A,ENABLED,37,711,1400,N/A,ENABLED,N/A,76,75
1744594405,0,733,N/A,N/A,N/A,N/A,ENABLED,1662,500,2100,DISABLED,DISABLED,1628,500,2100,DISABLED,DISABLED,1670,500,2100,DISABLED,DISABLED,1650,500,2100,DISABLED,DISABLED,1678,500,2100,DISABLED,DISABLED,1653,500,2100,DISABLED,DISABLED,1664,500,2100,DISABLED,DISABLED,1642,500,2100,DISABLED,DISABLED,1323,900,1500,N/A,DISABLED,43,914,1680,N/A,ENABLED,43,914,1680,N/A,ENABLED,43,914,1680,N/A,ENABLED,43,914,1680,N/A,ENABLED,37,711,1400,N/A,ENABLED,37,711,1400,N/A,ENABLED,37,711,1400,N/A,ENABLED,37,711,1400,N/A,ENABLED,N/A,76,75
1744594406,0,731,N/A,N/A,N/A,N/A,ENABLED,1654,500,2100,DISABLED,DISABLED,1620,500,2100,DISABLED,DISABLED,1662,500,2100,DISABLED,DISABLED,1642,500,2100,DISABLED,DISABLED,1671,500,2100,DISABLED,DISABLED,1646,500,2100,DISABLED,DISABLED,1657,500,2100,DISABLED,DISABLED,1636,500,2100,DISABLED,DISABLED,1329,900,1500,N/A,DISABLED,43,914,1680,N/A,ENABLED,43,914,1680,N/A,ENABLED,43,914,1680,N/A,ENABLED,43,914,1680,N/A,ENABLED,37,711,1400,N/A,ENABLED,37,711,1400,N/A,ENABLED,37,711,1400,N/A,ENABLED,37,711,1400,N/A,ENABLED,N/A,76,75
1744594407,0,732,N/A,N/A,N/A,N/A,ENABLED,1654,500,2100,DISABLED,DISABLED,1621,500,2100,DISABLED,DISABLED,1662,500,2100,DISABLED,DISABLED,1643,500,2100,DISABLED,DISABLED,1669,500,2100,DISABLED,DISABLED,1644,500,2100,DISABLED,DISABLED,1655,500,2100,DISABLED,DISABLED,1634,500,2100,DISABLED,DISABLED,1330,900,1500,N/A,DISABLED,43,914,1680,N/A,ENABLED,43,914,1680,N/A,ENABLED,43,914,1680,N/A,ENABLED,43,914,1680,N/A,ENABLED,37,711,1400,N/A,ENABLED,37,711,1400,N/A,ENABLED,37,711,1400,N/A,ENABLED,37,711,1400,N/A,ENABLED,N/A,76,75
1744594409,0,732,N/A,N/A,N/A,N/A,ENABLED,1648,500,2100,DISABLED,DISABLED,1616,500,2100,DISABLED,DISABLED,1657,500,2100,DISABLED,DISABLED,1637,500,2100,DISABLED,DISABLED,1665,500,2100,DISABLED,DISABLED,1640,500,2100,DISABLED,DISABLED,1650,500,2100,DISABLED,DISABLED,1629,500,2100,DISABLED,DISABLED,1330,900,1500,N/A,DISABLED,43,914,1680,N/A,ENABLED,43,914,1680,N/A,ENABLED,43,914,1680,N/A,ENABLED,43,914,1680,N/A,ENABLED,37,711,1400,N/A,ENABLED,37,711,1400,N/A,ENABLED,37,711,1400,N/A,ENABLED,37,711,1400,N/A,ENABLED,N/A,76,75
1744594410,0,732,N/A,N/A,N/A,N/A,ENABLED,1648,500,2100,DISABLED,DISABLED,1617,500,2100,DISABLED,DISABLED,1657,500,2100,DISABLED,DISABLED,1638,500,2100,DISABLED,DISABLED,1666,500,2100,DISABLED,DISABLED,1640,500,2100,DISABLED,DISABLED,1649,500,2100,DISABLED,DISABLED,1628,500,2100,DISABLED,DISABLED,1328,900,1500,N/A,DISABLED,43,914,1680,N/A,ENABLED,43,914,1680,N/A,ENABLED,43,914,1680,N/A,ENABLED,43,914,1680,N/A,ENABLED,37,711,1400,N/A,ENABLED,37,711,1400,N/A,ENABLED,37,711,1400,N/A,ENABLED,37,711,1400,N/A,ENABLED,N/A,76,75
1744594411,0,148,N/A,N/A,N/A,N/A,ENABLED,132,500,2100,DISABLED,ENABLED,131,500,2100,DISABLED,ENABLED,131,500,2100,DISABLED,ENABLED,132,500,2100,DISABLED,ENABLED,132,500,2100,DISABLED,ENABLED,132,500,2100,DISABLED,ENABLED,131,500,2100,DISABLED,ENABLED,132,500,2100,DISABLED,ENABLED,910,900,1500,N/A,DISABLED,29,914,1680,N/A,ENABLED,29,914,1680,N/A,ENABLED,29,914,1680,N/A,ENABLED,29,914,1680,N/A,ENABLED,23,711,1400,N/A,ENABLED,23,711,1400,N/A,ENABLED,23,711,1400,N/A,ENABLED,23,711,1400,N/A,ENABLED,N/A,69,64
1744594412,0,145,N/A,N/A,N/A,N/A,ENABLED,132,500,2100,DISABLED,ENABLED,131,500,2100,DISABLED,ENABLED,131,500,2100,DISABLED,ENABLED,132,500,2100,DISABLED,ENABLED,132,500,2100,DISABLED,ENABLED,132,500,2100,DISABLED,ENABLED,131,500,2100,DISABLED,ENABLED,132,500,2100,DISABLED,ENABLED,900,900,1500,N/A,DISABLED,29,914,1680,N/A,ENABLED,29,914,1680,N/A,ENABLED,29,914,1680,N/A,ENABLED,29,914,1680,N/A,ENABLED,22,711,1400,N/A,ENABLED,22,711,1400,N/A,ENABLED,22,711,1400,N/A,ENABLED,22,711,1400,N/A,ENABLED,N/A,65,63
1744594413,0,143,N/A,N/A,N/A,N/A,ENABLED,132,500,2100,DISABLED,ENABLED,131,500,2100,DISABLED,ENABLED,131,500,2100,DISABLED,ENABLED,132,500,2100,DISABLED,ENABLED,132,500,2100,DISABLED,ENABLED,132,500,2100,DISABLED,ENABLED,131,500,2100,DISABLED,ENABLED,132,500,2100,DISABLED,ENABLED,900,900,1500,N/A,DISABLED,29,914,1680,N/A,ENABLED,29,914,1680,N/A,ENABLED,29,914,1680,N/A,ENABLED,29,914,1680,N/A,ENABLED,22,711,1400,N/A,ENABLED,22,711,1400,N/A,ENABLED,22,711,1400,N/A,ENABLED,22,711,1400,N/A,ENABLED,N/A,63,62
1744594415,0,142,N/A,N/A,N/A,N/A,ENABLED,132,500,2100,DISABLED,ENABLED,131,500,2100,DISABLED,ENABLED,131,500,2100,DISABLED,ENABLED,132,500,2100,DISABLED,ENABLED,132,500,2100,DISABLED,ENABLED,132,500,2100,DISABLED,ENABLED,131,500,2100,DISABLED,ENABLED,132,500,2100,DISABLED,ENABLED,900,900,1500,N/A,DISABLED,29,914,1680,N/A,ENABLED,29,914,1680,N/A,ENABLED,29,914,1680,N/A,ENABLED,29,914,1680,N/A,ENABLED,22,711,1400,N/A,ENABLED,22,711,1400,N/A,ENABLED,22,711,1400,N/A,ENABLED,22,711,1400,N/A,ENABLED,N/A,62,61
1744594416,0,142,N/A,N/A,N/A,N/A,ENABLED,132,500,2100,DISABLED,ENABLED,131,500,2100,DISABLED,ENABLED,131,500,2100,DISABLED,ENABLED,132,500,2100,DISABLED,ENABLED,132,500,2100,DISABLED,ENABLED,132,500,2100,DISABLED,ENABLED,131,500,2100,DISABLED,ENABLED,132,500,2100,DISABLED,ENABLED,900,900,1500,N/A,DISABLED,29,914,1680,N/A,ENABLED,29,914,1680,N/A,ENABLED,29,914,1680,N/A,ENABLED,29,914,1680,N/A,ENABLED,22,711,1400,N/A,ENABLED,22,711,1400,N/A,ENABLED,22,711,1400,N/A,ENABLED,22,711,1400,N/A,ENABLED,N/A,62,61
1744594417,0,140,N/A,N/A,N/A,N/A,ENABLED,132,500,2100,DISABLED,ENABLED,131,500,2100,DISABLED,ENABLED,131,500,2100,DISABLED,ENABLED,132,500,2100,DISABLED,ENABLED,132,500,2100,DISABLED,ENABLED,132,500,2100,DISABLED,ENABLED,131,500,2100,DISABLED,ENABLED,132,500,2100,DISABLED,ENABLED,900,900,1500,N/A,DISABLED,29,914,1680,N/A,ENABLED,29,914,1680,N/A,ENABLED,29,914,1680,N/A,ENABLED,29,914,1680,N/A,ENABLED,22,711,1400,N/A,ENABLED,22,711,1400,N/A,ENABLED,22,711,1400,N/A,ENABLED,22,711,1400,N/A,ENABLED,N/A,61,60
1744594418,0,140,N/A,N/A,N/A,N/A,ENABLED,132,500,2100,DISABLED,ENABLED,131,500,2100,DISABLED,ENABLED,131,500,2100,DISABLED,ENABLED,132,500,2100,DISABLED,ENABLED,132,500,2100,DISABLED,ENABLED,132,500,2100,DISABLED,ENABLED,131,500,2100,DISABLED,ENABLED,132,500,2100,DISABLED,ENABLED,900,900,1500,N/A,DISABLED,29,914,1680,N/A,ENABLED,29,914,1680,N/A,ENABLED,29,914,1680,N/A,ENABLED,29,914,1680,N/A,ENABLED,22,711,1400,N/A,ENABLED,22,711,1400,N/A,ENABLED,22,711,1400,N/A,ENABLED,22,711,1400,N/A,ENABLED,N/A,60,60
1744594419,0,139,N/A,N/A,N/A,N/A,ENABLED,132,500,2100,DISABLED,ENABLED,131,500,2100,DISABLED,ENABLED,131,500,2100,DISABLED,ENABLED,132,500,2100,DISABLED,ENABLED,132,500,2100,DISABLED,ENABLED,132,500,2100,DISABLED,ENABLED,131,500,2100,DISABLED,ENABLED,132,500,2100,DISABLED,ENABLED,900,900,1500,N/A,DISABLED,29,914,1680,N/A,ENABLED,29,914,1680,N/A,ENABLED,29,914,1680,N/A,ENABLED,29,914,1680,N/A,ENABLED,22,711,1400,N/A,ENABLED,22,711,1400,N/A,ENABLED,22,711,1400,N/A,ENABLED,22,711,1400,N/A,ENABLED,N/A,60,59
