Timestamp,gpu,socket_power,gfx_voltage,soc_voltage,mem_voltage,throttle_status,power_management,gfx_0_clk,gfx_0_min_clk,gfx_0_max_clk,gfx_0_clk_locked,gfx_0_deep_sleep,gfx_1_clk,gfx_1_min_clk,gfx_1_max_clk,gfx_1_clk_locked,gfx_1_deep_sleep,gfx_2_clk,gfx_2_min_clk,gfx_2_max_clk,gfx_2_clk_locked,gfx_2_deep_sleep,gfx_3_clk,gfx_3_min_clk,gfx_3_max_clk,gfx_3_clk_locked,gfx_3_deep_sleep,gfx_4_clk,gfx_4_min_clk,gfx_4_max_clk,gfx_4_clk_locked,gfx_4_deep_sleep,gfx_5_clk,gfx_5_min_clk,gfx_5_max_clk,gfx_5_clk_locked,gfx_5_deep_sleep,gfx_6_clk,gfx_6_min_clk,gfx_6_max_clk,gfx_6_clk_locked,gfx_6_deep_sleep,gfx_7_clk,gfx_7_min_clk,gfx_7_max_clk,gfx_7_clk_locked,gfx_7_deep_sleep,mem_0_clk,mem_0_min_clk,mem_0_max_clk,mem_0_clk_locked,mem_0_deep_sleep,vclk_0_clk,vclk_0_min_clk,vclk_0_max_clk,vclk_0_clk_locked,vclk_0_deep_sleep,vclk_1_clk,vclk_1_min_clk,vclk_1_max_clk,vclk_1_clk_locked,vclk_1_deep_sleep,vclk_2_clk,vclk_2_min_clk,vclk_2_max_clk,vclk_2_clk_locked,vclk_2_deep_sleep,vclk_3_clk,vclk_3_min_clk,vclk_3_max_clk,vclk_3_clk_locked,vclk_3_deep_sleep,dclk_0_clk,dclk_0_min_clk,dclk_0_max_clk,dclk_0_clk_locked,dclk_0_deep_sleep,dclk_1_clk,dclk_1_min_clk,dclk_1_max_clk,dclk_1_clk_locked,dclk_1_deep_sleep,dclk_2_clk,dclk_2_min_clk,dclk_2_max_clk,dclk_2_clk_locked,dclk_2_deep_sleep,dclk_3_clk,dclk_3_min_clk,dclk_3_max_clk,dclk_3_clk_locked,dclk_3_deep_sleep,edge,hotspot,mem
1744596716,0,120,N/A,N/A,N/A,N/A,ENABLED,142,146,2100,DISABLED,DISABLED,131,146,2100,DISABLED,ENABLED,131,146,2100,DISABLED,ENABLED,132,146,2100,DISABLED,ENABLED,132,146,2100,DISABLED,ENABLED,132,146,2100,DISABLED,ENABLED,131,146,2100,DISABLED,ENABLED,132,146,2100,DISABLED,ENABLED,900,900,1500,N/A,DISABLED,29,914,1680,N/A,ENABLED,29,914,1680,N/A,ENABLED,29,914,1680,N/A,ENABLED,29,914,1680,N/A,ENABLED,22,711,1400,N/A,ENABLED,22,711,1400,N/A,ENABLED,22,711,1400,N/A,ENABLED,22,711,1400,N/A,ENABLED,N/A,43,42
1744596717,0,120,N/A,N/A,N/A,N/A,ENABLED,133,500,2100,DISABLED,ENABLED,131,500,2100,DISABLED,ENABLED,131,500,2100,DISABLED,ENABLED,132,500,2100,DISABLED,ENABLED,132,500,2100,DISABLED,ENABLED,132,500,2100,DISABLED,ENABLED,131,500,2100,DISABLED,ENABLED,132,500,2100,DISABLED,ENABLED,900,900,1500,N/A,DISABLED,29,914,1680,N/A,ENABLED,29,914,1680,N/A,ENABLED,29,914,1680,N/A,ENABLED,29,914,1680,N/A,ENABLED,22,711,1400,N/A,ENABLED,22,711,1400,N/A,ENABLED,22,711,1400,N/A,ENABLED,22,711,1400,N/A,ENABLED,N/A,43,42
1744596719,0,120,N/A,N/A,N/A,N/A,ENABLED,133,500,2100,DISABLED,ENABLED,131,500,2100,DISABLED,ENABLED,131,500,2100,DISABLED,ENABLED,132,500,2100,DISABLED,ENABLED,132,500,2100,DISABLED,ENABLED,132,500,2100,DISABLED,ENABLED,131,500,2100,DISABLED,ENABLED,132,500,2100,DISABLED,ENABLED,900,900,1500,N/A,DISABLED,29,914,1680,N/A,ENABLED,29,914,1680,N/A,ENABLED,29,914,1680,N/A,ENABLED,29,914,1680,N/A,ENABLED,22,711,1400,N/A,ENABLED,22,711,1400,N/A,ENABLED,22,711,1400,N/A,ENABLED,22,711,1400,N/A,ENABLED,N/A,43,42
1744596720,0,120,N/A,N/A,N/A,N/A,ENABLED,132,500,2100,DISABLED,ENABLED,131,500,2100,DISABLED,ENABLED,131,500,2100,DISABLED,ENABLED,132,500,2100,DISABLED,ENABLED,132,500,2100,DISABLED,ENABLED,132,500,2100,DISABLED,ENABLED,131,500,2100,DISABLED,ENABLED,132,500,2100,DISABLED,ENABLED,900,900,1500,N/A,DISABLED,29,914,1680,N/A,ENABLED,29,914,1680,N/A,ENABLED,29,914,1680,N/A,ENABLED,29,914,1680,N/A,ENABLED,22,711,1400,N/A,ENABLED,22,711,1400,N/A,ENABLED,22,711,1400,N/A,ENABLED,22,711,1400,N/A,ENABLED,N/A,43,42
1744596721,0,120,N/A,N/A,N/A,N/A,ENABLED,132,500,2100,DISABLED,ENABLED,131,500,2100,DISABLED,ENABLED,131,500,2100,DISABLED,ENABLED,132,500,2100,DISABLED,ENABLED,132,500,2100,DISABLED,ENABLED,132,500,2100,DISABLED,ENABLED,131,500,2100,DISABLED,ENABLED,132,500,2100,DISABLED,ENABLED,900,900,1500,N/A,DISABLED,29,914,1680,N/A,ENABLED,29,914,1680,N/A,ENABLED,29,914,1680,N/A,ENABLED,29,914,1680,N/A,ENABLED,22,711,1400,N/A,ENABLED,22,711,1400,N/A,ENABLED,22,711,1400,N/A,ENABLED,22,711,1400,N/A,ENABLED,N/A,43,42
1744596722,0,120,N/A,N/A,N/A,N/A,ENABLED,132,500,2100,DISABLED,ENABLED,131,500,2100,DISABLED,ENABLED,131,500,2100,DISABLED,ENABLED,132,500,2100,DISABLED,ENABLED,132,500,2100,DISABLED,ENABLED,132,500,2100,DISABLED,ENABLED,131,500,2100,DISABLED,ENABLED,132,500,2100,DISABLED,ENABLED,900,900,1500,N/A,DISABLED,29,914,1680,N/A,ENABLED,29,914,1680,N/A,ENABLED,29,914,1680,N/A,ENABLED,29,914,1680,N/A,ENABLED,22,711,1400,N/A,ENABLED,22,711,1400,N/A,ENABLED,22,711,1400,N/A,ENABLED,22,711,1400,N/A,ENABLED,N/A,43,42
1744596723,0,120,N/A,N/A,N/A,N/A,ENABLED,132,500,2100,DISABLED,ENABLED,131,500,2100,DISABLED,ENABLED,131,500,2100,DISABLED,ENABLED,132,500,2100,DISABLED,ENABLED,132,500,2100,DISABLED,ENABLED,132,500,2100,DISABLED,ENABLED,131,500,2100,DISABLED,ENABLED,132,500,2100,DISABLED,ENABLED,900,900,1500,N/A,DISABLED,29,914,1680,N/A,ENABLED,29,914,1680,N/A,ENABLED,29,914,1680,N/A,ENABLED,29,914,1680,N/A,ENABLED,22,711,1400,N/A,ENABLED,22,711,1400,N/A,ENABLED,22,711,1400,N/A,ENABLED,22,711,1400,N/A,ENABLED,N/A,43,42
1744596724,0,120,N/A,N/A,N/A,N/A,ENABLED,132,500,2100,DISABLED,ENABLED,131,500,2100,DISABLED,ENABLED,131,500,2100,DISABLED,ENABLED,132,500,2100,DISABLED,ENABLED,132,500,2100,DISABLED,ENABLED,131,500,2100,DISABLED,ENABLED,131,500,2100,DISABLED,ENABLED,132,500,2100,DISABLED,ENABLED,900,900,1500,N/A,DISABLED,29,914,1680,N/A,ENABLED,29,914,1680,N/A,ENABLED,29,914,1680,N/A,ENABLED,29,914,1680,N/A,ENABLED,22,711,1400,N/A,ENABLED,22,711,1400,N/A,ENABLED,22,711,1400,N/A,ENABLED,22,711,1400,N/A,ENABLED,N/A,43,42
1744596726,0,120,N/A,N/A,N/A,N/A,ENABLED,132,500,2100,DISABLED,ENABLED,131,500,2100,DISABLED,ENABLED,131,500,2100,DISABLED,ENABLED,132,500,2100,DISABLED,ENABLED,132,500,2100,DISABLED,ENABLED,131,500,2100,DISABLED,ENABLED,131,500,2100,DISABLED,ENABLED,132,500,2100,DISABLED,ENABLED,900,900,1500,N/A,DISABLED,29,914,1680,N/A,ENABLED,29,914,1680,N/A,ENABLED,29,914,1680,N/A,ENABLED,29,914,1680,N/A,ENABLED,22,711,1400,N/A,ENABLED,22,711,1400,N/A,ENABLED,22,711,1400,N/A,ENABLED,22,711,1400,N/A,ENABLED,N/A,43,42
1744596727,0,120,N/A,N/A,N/A,N/A,ENABLED,132,500,2100,DISABLED,ENABLED,131,500,2100,DISABLED,ENABLED,131,500,2100,DISABLED,ENABLED,132,500,2100,DISABLED,ENABLED,132,500,2100,DISABLED,ENABLED,131,500,2100,DISABLED,ENABLED,131,500,2100,DISABLED,ENABLED,132,500,2100,DISABLED,ENABLED,900,900,1500,N/A,DISABLED,29,914,1680,N/A,ENABLED,29,914,1680,N/A,ENABLED,29,914,1680,N/A,ENABLED,29,914,1680,N/A,ENABLED,22,711,1400,N/A,ENABLED,22,711,1400,N/A,ENABLED,22,711,1400,N/A,ENABLED,22,711,1400,N/A,ENABLED,N/A,43,42
1744596728,0,662,N/A,N/A,N/A,N/A,ENABLED,1702,500,2100,DISABLED,DISABLED,1679,500,2100,DISABLED,DISABLED,1705,500,2100,DISABLED,DISABLED,1708,500,2100,DISABLED,DISABLED,1700,500,2100,DISABLED,DISABLED,1699,500,2100,DISABLED,DISABLED,1710,500,2100,DISABLED,DISABLED,1700,500,2100,DISABLED,DISABLED,1365,900,1500,N/A,DISABLED,45,914,1680,N/A,ENABLED,45,914,1680,N/A,ENABLED,45,914,1680,N/A,ENABLED,45,914,1680,N/A,ENABLED,38,711,1400,N/A,ENABLED,38,711,1400,N/A,ENABLED,38,711,1400,N/A,ENABLED,38,711,1400,N/A,ENABLED,N/A,45,50
1744596729,0,670,N/A,N/A,N/A,N/A,ENABLED,1697,500,2100,DISABLED,DISABLED,1672,500,2100,DISABLED,DISABLED,1706,500,2100,DISABLED,DISABLED,1700,500,2100,DISABLED,DISABLED,1713,500,2100,DISABLED,DISABLED,1692,500,2100,DISABLED,DISABLED,1704,500,2100,DISABLED,DISABLED,1692,500,2100,DISABLED,DISABLED,1368,900,1500,N/A,DISABLED,46,914,1680,N/A,ENABLED,46,914,1680,N/A,ENABLED,46,914,1680,N/A,ENABLED,46,914,1680,N/A,ENABLED,39,711,1400,N/A,ENABLED,39,711,1400,N/A,ENABLED,39,711,1400,N/A,ENABLED,39,711,1400,N/A,ENABLED,N/A,51,53
1744596730,0,666,N/A,N/A,N/A,N/A,ENABLED,1695,500,2100,DISABLED,DISABLED,1671,500,2100,DISABLED,DISABLED,1712,500,2100,DISABLED,DISABLED,1697,500,2100,DISABLED,DISABLED,1712,500,2100,DISABLED,DISABLED,1691,500,2100,DISABLED,DISABLED,1702,500,2100,DISABLED,DISABLED,1690,500,2100,DISABLED,DISABLED,1365,900,1500,N/A,DISABLED,45,914,1680,N/A,ENABLED,45,914,1680,N/A,ENABLED,45,914,1680,N/A,ENABLED,45,914,1680,N/A,ENABLED,38,711,1400,N/A,ENABLED,38,711,1400,N/A,ENABLED,38,711,1400,N/A,ENABLED,38,711,1400,N/A,ENABLED,N/A,54,53
1744596732,0,671,N/A,N/A,N/A,N/A,ENABLED,1693,500,2100,DISABLED,DISABLED,1669,500,2100,DISABLED,DISABLED,1710,500,2100,DISABLED,DISABLED,1694,500,2100,DISABLED,DISABLED,1710,500,2100,DISABLED,DISABLED,1689,500,2100,DISABLED,DISABLED,1700,500,2100,DISABLED,DISABLED,1688,500,2100,DISABLED,DISABLED,1368,900,1500,N/A,DISABLED,46,914,1680,N/A,ENABLED,46,914,1680,N/A,ENABLED,46,914,1680,N/A,ENABLED,46,914,1680,N/A,ENABLED,39,711,1400,N/A,ENABLED,39,711,1400,N/A,ENABLED,39,711,1400,N/A,ENABLED,39,711,1400,N/A,ENABLED,N/A,55,54
1744596733,0,674,N/A,N/A,N/A,N/A,ENABLED,1700,500,2100,DISABLED,DISABLED,1676,500,2100,DISABLED,DISABLED,1717,500,2100,DISABLED,DISABLED,1702,500,2100,DISABLED,DISABLED,1717,500,2100,DISABLED,DISABLED,1696,500,2100,DISABLED,DISABLED,1708,500,2100,DISABLED,DISABLED,1695,500,2100,DISABLED,DISABLED,1368,900,1500,N/A,DISABLED,45,914,1680,N/A,ENABLED,45,914,1680,N/A,ENABLED,45,914,1680,N/A,ENABLED,45,914,1680,N/A,ENABLED,39,711,1400,N/A,ENABLED,39,711,1400,N/A,ENABLED,39,711,1400,N/A,ENABLED,39,711,1400,N/A,ENABLED,N/A,56,54
1744596734,0,672,N/A,N/A,N/A,N/A,ENABLED,1701,500,2100,DISABLED,DISABLED,1677,500,2100,DISABLED,DISABLED,1718,500,2100,DISABLED,DISABLED,1701,500,2100,DISABLED,DISABLED,1717,500,2100,DISABLED,DISABLED,1697,500,2100,DISABLED,DISABLED,1709,500,2100,DISABLED,DISABLED,1696,500,2100,DISABLED,DISABLED,1364,900,1500,N/A,DISABLED,45,914,1680,N/A,ENABLED,45,914,1680,N/A,ENABLED,45,914,1680,N/A,ENABLED,45,914,1680,N/A,ENABLED,38,711,1400,N/A,ENABLED,38,711,1400,N/A,ENABLED,38,711,1400,N/A,ENABLED,38,711,1400,N/A,ENABLED,N/A,56,54
1744596735,0,673,N/A,N/A,N/A,N/A,ENABLED,1695,500,2100,DISABLED,DISABLED,1672,500,2100,DISABLED,DISABLED,1713,500,2100,DISABLED,DISABLED,1687,500,2100,DISABLED,DISABLED,1712,500,2100,DISABLED,DISABLED,1691,500,2100,DISABLED,DISABLED,1703,500,2100,DISABLED,DISABLED,1691,500,2100,DISABLED,DISABLED,1368,900,1500,N/A,DISABLED,46,914,1680,N/A,ENABLED,46,914,1680,N/A,ENABLED,46,914,1680,N/A,ENABLED,46,914,1680,N/A,ENABLED,39,711,1400,N/A,ENABLED,39,711,1400,N/A,ENABLED,39,711,1400,N/A,ENABLED,39,711,1400,N/A,ENABLED,N/A,56,55
1744596736,0,671,N/A,N/A,N/A,N/A,ENABLED,1698,500,2100,DISABLED,DISABLED,1672,500,2100,DISABLED,DISABLED,1715,500,2100,DISABLED,DISABLED,1684,500,2100,DISABLED,DISABLED,1714,500,2100,DISABLED,DISABLED,1693,500,2100,DISABLED,DISABLED,1705,500,2100,DISABLED,DISABLED,1693,500,2100,DISABLED,DISABLED,1366,900,1500,N/A,DISABLED,45,914,1680,N/A,ENABLED,45,914,1680,N/A,ENABLED,45,914,1680,N/A,ENABLED,45,914,1680,N/A,ENABLED,38,711,1400,N/A,ENABLED,38,711,1400,N/A,ENABLED,38,711,1400,N/A,ENABLED,38,711,1400,N/A,ENABLED,N/A,57,56
1744596737,0,672,N/A,N/A,N/A,N/A,ENABLED,1699,500,2100,DISABLED,DISABLED,1674,500,2100,DISABLED,DISABLED,1715,500,2100,DISABLED,DISABLED,1684,500,2100,DISABLED,DISABLED,1715,500,2100,DISABLED,DISABLED,1694,500,2100,DISABLED,DISABLED,1706,500,2100,DISABLED,DISABLED,1694,500,2100,DISABLED,DISABLED,1364,900,1500,N/A,DISABLED,45,914,1680,N/A,ENABLED,45,914,1680,N/A,ENABLED,45,914,1680,N/A,ENABLED,45,914,1680,N/A,ENABLED,38,711,1400,N/A,ENABLED,38,711,1400,N/A,ENABLED,38,711,1400,N/A,ENABLED,38,711,1400,N/A,ENABLED,N/A,57,56
1744596739,0,670,N/A,N/A,N/A,N/A,ENABLED,1694,500,2100,DISABLED,DISABLED,1669,500,2100,DISABLED,DISABLED,1711,500,2100,DISABLED,DISABLED,1697,500,2100,DISABLED,DISABLED,1710,500,2100,DISABLED,DISABLED,1689,500,2100,DISABLED,DISABLED,1701,500,2100,DISABLED,DISABLED,1688,500,2100,DISABLED,DISABLED,1362,900,1500,N/A,DISABLED,45,914,1680,N/A,ENABLED,45,914,1680,N/A,ENABLED,45,914,1680,N/A,ENABLED,45,914,1680,N/A,ENABLED,38,711,1400,N/A,ENABLED,38,711,1400,N/A,ENABLED,38,711,1400,N/A,ENABLED,38,711,1400,N/A,ENABLED,N/A,57,56
1744596740,0,672,N/A,N/A,N/A,N/A,ENABLED,1698,500,2100,DISABLED,DISABLED,1673,500,2100,DISABLED,DISABLED,1715,500,2100,DISABLED,DISABLED,1699,500,2100,DISABLED,DISABLED,1715,500,2100,DISABLED,DISABLED,1693,500,2100,DISABLED,DISABLED,1705,500,2100,DISABLED,DISABLED,1692,500,2100,DISABLED,DISABLED,1365,900,1500,N/A,DISABLED,45,914,1680,N/A,ENABLED,45,914,1680,N/A,ENABLED,45,914,1680,N/A,ENABLED,45,914,1680,N/A,ENABLED,38,711,1400,N/A,ENABLED,38,711,1400,N/A,ENABLED,38,711,1400,N/A,ENABLED,38,711,1400,N/A,ENABLED,N/A,58,56
1744596741,0,673,N/A,N/A,N/A,N/A,ENABLED,1697,500,2100,DISABLED,DISABLED,1671,500,2100,DISABLED,DISABLED,1713,500,2100,DISABLED,DISABLED,1698,500,2100,DISABLED,DISABLED,1712,500,2100,DISABLED,DISABLED,1691,500,2100,DISABLED,DISABLED,1701,500,2100,DISABLED,DISABLED,1690,500,2100,DISABLED,DISABLED,1362,900,1500,N/A,DISABLED,45,914,1680,N/A,ENABLED,45,914,1680,N/A,ENABLED,45,914,1680,N/A,ENABLED,45,914,1680,N/A,ENABLED,38,711,1400,N/A,ENABLED,38,711,1400,N/A,ENABLED,38,711,1400,N/A,ENABLED,38,711,1400,N/A,ENABLED,N/A,58,57
1744596742,0,676,N/A,N/A,N/A,N/A,ENABLED,1696,500,2100,DISABLED,DISABLED,1670,500,2100,DISABLED,DISABLED,1712,500,2100,DISABLED,DISABLED,1697,500,2100,DISABLED,DISABLED,1711,500,2100,DISABLED,DISABLED,1690,500,2100,DISABLED,DISABLED,1702,500,2100,DISABLED,DISABLED,1690,500,2100,DISABLED,DISABLED,1363,900,1500,N/A,DISABLED,45,914,1680,N/A,ENABLED,45,914,1680,N/A,ENABLED,45,914,1680,N/A,ENABLED,45,914,1680,N/A,ENABLED,38,711,1400,N/A,ENABLED,38,711,1400,N/A,ENABLED,38,711,1400,N/A,ENABLED,38,711,1400,N/A,ENABLED,N/A,58,57
1744596743,0,674,N/A,N/A,N/A,N/A,ENABLED,1696,500,2100,DISABLED,DISABLED,1671,500,2100,DISABLED,DISABLED,1712,500,2100,DISABLED,DISABLED,1696,500,2100,DISABLED,DISABLED,1712,500,2100,DISABLED,DISABLED,1691,500,2100,DISABLED,DISABLED,1702,500,2100,DISABLED,DISABLED,1691,500,2100,DISABLED,DISABLED,1362,900,1500,N/A,DISABLED,45,914,1680,N/A,ENABLED,45,914,1680,N/A,ENABLED,45,914,1680,N/A,ENABLED,45,914,1680,N/A,ENABLED,38,711,1400,N/A,ENABLED,38,711,1400,N/A,ENABLED,38,711,1400,N/A,ENABLED,38,711,1400,N/A,ENABLED,N/A,59,57
1744596745,0,673,N/A,N/A,N/A,N/A,ENABLED,1697,500,2100,DISABLED,DISABLED,1671,500,2100,DISABLED,DISABLED,1713,500,2100,DISABLED,DISABLED,1698,500,2100,DISABLED,DISABLED,1712,500,2100,DISABLED,DISABLED,1692,500,2100,DISABLED,DISABLED,1703,500,2100,DISABLED,DISABLED,1691,500,2100,DISABLED,DISABLED,1362,900,1500,N/A,DISABLED,45,914,1680,N/A,ENABLED,45,914,1680,N/A,ENABLED,45,914,1680,N/A,ENABLED,45,914,1680,N/A,ENABLED,38,711,1400,N/A,ENABLED,38,711,1400,N/A,ENABLED,38,711,1400,N/A,ENABLED,38,711,1400,N/A,ENABLED,N/A,59,58
1744596746,0,675,N/A,N/A,N/A,N/A,ENABLED,1693,500,2100,DISABLED,DISABLED,1667,500,2100,DISABLED,DISABLED,1709,500,2100,DISABLED,DISABLED,1695,500,2100,DISABLED,DISABLED,1707,500,2100,DISABLED,DISABLED,1688,500,2100,DISABLED,DISABLED,1699,500,2100,DISABLED,DISABLED,1687,500,2100,DISABLED,DISABLED,1362,900,1500,N/A,DISABLED,45,914,1680,N/A,ENABLED,45,914,1680,N/A,ENABLED,45,914,1680,N/A,ENABLED,45,914,1680,N/A,ENABLED,38,711,1400,N/A,ENABLED,38,711,1400,N/A,ENABLED,38,711,1400,N/A,ENABLED,38,711,1400,N/A,ENABLED,N/A,59,58
1744596747,0,676,N/A,N/A,N/A,N/A,ENABLED,1695,500,2100,DISABLED,DISABLED,1670,500,2100,DISABLED,DISABLED,1711,500,2100,DISABLED,DISABLED,1695,500,2100,DISABLED,DISABLED,1711,500,2100,DISABLED,DISABLED,1690,500,2100,DISABLED,DISABLED,1701,500,2100,DISABLED,DISABLED,1690,500,2100,DISABLED,DISABLED,1363,900,1500,N/A,DISABLED,45,914,1680,N/A,ENABLED,45,914,1680,N/A,ENABLED,45,914,1680,N/A,ENABLED,45,914,1680,N/A,ENABLED,38,711,1400,N/A,ENABLED,38,711,1400,N/A,ENABLED,38,711,1400,N/A,ENABLED,38,711,1400,N/A,ENABLED,N/A,59,58
1744596748,0,676,N/A,N/A,N/A,N/A,ENABLED,1693,500,2100,DISABLED,DISABLED,1667,500,2100,DISABLED,DISABLED,1709,500,2100,DISABLED,DISABLED,1694,500,2100,DISABLED,DISABLED,1709,500,2100,DISABLED,DISABLED,1687,500,2100,DISABLED,DISABLED,1698,500,2100,DISABLED,DISABLED,1687,500,2100,DISABLED,DISABLED,1364,900,1500,N/A,DISABLED,45,914,1680,N/A,ENABLED,45,914,1680,N/A,ENABLED,45,914,1680,N/A,ENABLED,45,914,1680,N/A,ENABLED,38,711,1400,N/A,ENABLED,38,711,1400,N/A,ENABLED,38,711,1400,N/A,ENABLED,38,711,1400,N/A,ENABLED,N/A,60,58
1744596749,0,678,N/A,N/A,N/A,N/A,ENABLED,1691,500,2100,DISABLED,DISABLED,1666,500,2100,DISABLED,DISABLED,1707,500,2100,DISABLED,DISABLED,1692,500,2100,DISABLED,DISABLED,1707,500,2100,DISABLED,DISABLED,1686,500,2100,DISABLED,DISABLED,1697,500,2100,DISABLED,DISABLED,1685,500,2100,DISABLED,DISABLED,1362,900,1500,N/A,DISABLED,45,914,1680,N/A,ENABLED,45,914,1680,N/A,ENABLED,45,914,1680,N/A,ENABLED,45,914,1680,N/A,ENABLED,38,711,1400,N/A,ENABLED,38,711,1400,N/A,ENABLED,38,711,1400,N/A,ENABLED,38,711,1400,N/A,ENABLED,N/A,60,58
1744596750,0,673,N/A,N/A,N/A,N/A,ENABLED,1694,500,2100,DISABLED,DISABLED,1669,500,2100,DISABLED,DISABLED,1711,500,2100,DISABLED,DISABLED,1695,500,2100,DISABLED,DISABLED,1711,500,2100,DISABLED,DISABLED,1689,500,2100,DISABLED,DISABLED,1701,500,2100,DISABLED,DISABLED,1689,500,2100,DISABLED,DISABLED,1363,900,1500,N/A,DISABLED,45,914,1680,N/A,ENABLED,45,914,1680,N/A,ENABLED,45,914,1680,N/A,ENABLED,45,914,1680,N/A,ENABLED,38,711,1400,N/A,ENABLED,38,711,1400,N/A,ENABLED,38,711,1400,N/A,ENABLED,38,711,1400,N/A,ENABLED,N/A,60,59
1744596752,0,674,N/A,N/A,N/A,N/A,ENABLED,1691,500,2100,DISABLED,DISABLED,1666,500,2100,DISABLED,DISABLED,1707,500,2100,DISABLED,DISABLED,1691,500,2100,DISABLED,DISABLED,1708,500,2100,DISABLED,DISABLED,1685,500,2100,DISABLED,DISABLED,1695,500,2100,DISABLED,DISABLED,1683,500,2100,DISABLED,DISABLED,1364,900,1500,N/A,DISABLED,45,914,1680,N/A,ENABLED,45,914,1680,N/A,ENABLED,45,914,1680,N/A,ENABLED,45,914,1680,N/A,ENABLED,38,711,1400,N/A,ENABLED,38,711,1400,N/A,ENABLED,38,711,1400,N/A,ENABLED,38,711,1400,N/A,ENABLED,N/A,60,59
1744596753,0,673,N/A,N/A,N/A,N/A,ENABLED,1692,500,2100,DISABLED,DISABLED,1667,500,2100,DISABLED,DISABLED,1709,500,2100,DISABLED,DISABLED,1693,500,2100,DISABLED,DISABLED,1709,500,2100,DISABLED,DISABLED,1688,500,2100,DISABLED,DISABLED,1675,500,2100,DISABLED,DISABLED,1683,500,2100,DISABLED,DISABLED,1361,900,1500,N/A,DISABLED,45,914,1680,N/A,ENABLED,45,914,1680,N/A,ENABLED,45,914,1680,N/A,ENABLED,45,914,1680,N/A,ENABLED,38,711,1400,N/A,ENABLED,38,711,1400,N/A,ENABLED,39,711,1400,N/A,ENABLED,38,711,1400,N/A,ENABLED,N/A,60,59
1744596754,0,677,N/A,N/A,N/A,N/A,ENABLED,1693,500,2100,DISABLED,DISABLED,1667,500,2100,DISABLED,DISABLED,1709,500,2100,DISABLED,DISABLED,1694,500,2100,DISABLED,DISABLED,1709,500,2100,DISABLED,DISABLED,1682,500,2100,DISABLED,DISABLED,1682,500,2100,DISABLED,DISABLED,1680,500,2100,DISABLED,DISABLED,1368,900,1500,N/A,DISABLED,46,914,1680,N/A,ENABLED,46,914,1680,N/A,ENABLED,46,914,1680,N/A,ENABLED,46,914,1680,N/A,ENABLED,39,711,1400,N/A,ENABLED,39,711,1400,N/A,ENABLED,39,711,1400,N/A,ENABLED,39,711,1400,N/A,ENABLED,N/A,60,59
1744596755,0,674,N/A,N/A,N/A,N/A,ENABLED,1690,500,2100,DISABLED,DISABLED,1665,500,2100,DISABLED,DISABLED,1708,500,2100,DISABLED,DISABLED,1690,500,2100,DISABLED,DISABLED,1706,500,2100,DISABLED,DISABLED,1674,500,2100,DISABLED,DISABLED,1694,500,2100,DISABLED,DISABLED,1666,500,2100,DISABLED,DISABLED,1361,900,1500,N/A,DISABLED,45,914,1680,N/A,ENABLED,45,914,1680,N/A,ENABLED,45,914,1680,N/A,ENABLED,45,914,1680,N/A,ENABLED,38,711,1400,N/A,ENABLED,38,711,1400,N/A,ENABLED,38,711,1400,N/A,ENABLED,38,711,1400,N/A,ENABLED,N/A,61,60
1744596756,0,677,N/A,N/A,N/A,N/A,ENABLED,1687,500,2100,DISABLED,DISABLED,1662,500,2100,DISABLED,DISABLED,1705,500,2100,DISABLED,DISABLED,1690,500,2100,DISABLED,DISABLED,1704,500,2100,DISABLED,DISABLED,1669,500,2100,DISABLED,DISABLED,1696,500,2100,DISABLED,DISABLED,1684,500,2100,DISABLED,DISABLED,1361,900,1500,N/A,DISABLED,45,914,1680,N/A,ENABLED,45,914,1680,N/A,ENABLED,45,914,1680,N/A,ENABLED,45,914,1680,N/A,ENABLED,38,711,1400,N/A,ENABLED,38,711,1400,N/A,ENABLED,38,711,1400,N/A,ENABLED,38,711,1400,N/A,ENABLED,N/A,61,60
1744596757,0,674,N/A,N/A,N/A,N/A,ENABLED,1672,500,2100,DISABLED,DISABLED,1654,500,2100,DISABLED,DISABLED,1708,500,2100,DISABLED,DISABLED,1691,500,2100,DISABLED,DISABLED,1707,500,2100,DISABLED,DISABLED,1686,500,2100,DISABLED,DISABLED,1696,500,2100,DISABLED,DISABLED,1685,500,2100,DISABLED,DISABLED,1361,900,1500,N/A,DISABLED,45,914,1680,N/A,ENABLED,45,914,1680,N/A,ENABLED,45,914,1680,N/A,ENABLED,45,914,1680,N/A,ENABLED,38,711,1400,N/A,ENABLED,38,711,1400,N/A,ENABLED,38,711,1400,N/A,ENABLED,38,711,1400,N/A,ENABLED,N/A,61,60
1744596759,0,673,N/A,N/A,N/A,N/A,ENABLED,1680,500,2100,DISABLED,DISABLED,1655,500,2100,DISABLED,DISABLED,1705,500,2100,DISABLED,DISABLED,1689,500,2100,DISABLED,DISABLED,1704,500,2100,DISABLED,DISABLED,1682,500,2100,DISABLED,DISABLED,1694,500,2100,DISABLED,DISABLED,1682,500,2100,DISABLED,DISABLED,1365,900,1500,N/A,DISABLED,45,914,1680,N/A,ENABLED,45,914,1680,N/A,ENABLED,45,914,1680,N/A,ENABLED,45,914,1680,N/A,ENABLED,38,711,1400,N/A,ENABLED,38,711,1400,N/A,ENABLED,38,711,1400,N/A,ENABLED,38,711,1400,N/A,ENABLED,N/A,61,59
1744596760,0,677,N/A,N/A,N/A,N/A,ENABLED,1676,500,2100,DISABLED,DISABLED,1649,500,2100,DISABLED,DISABLED,1690,500,2100,DISABLED,DISABLED,1692,500,2100,DISABLED,DISABLED,1686,500,2100,DISABLED,DISABLED,1687,500,2100,DISABLED,DISABLED,1699,500,2100,DISABLED,DISABLED,1686,500,2100,DISABLED,DISABLED,1361,900,1500,N/A,DISABLED,45,914,1680,N/A,ENABLED,45,914,1680,N/A,ENABLED,45,914,1680,N/A,ENABLED,45,914,1680,N/A,ENABLED,38,711,1400,N/A,ENABLED,38,711,1400,N/A,ENABLED,38,711,1400,N/A,ENABLED,38,711,1400,N/A,ENABLED,N/A,61,60
1744596761,0,673,N/A,N/A,N/A,N/A,ENABLED,1689,500,2100,DISABLED,DISABLED,1663,500,2100,DISABLED,DISABLED,1693,500,2100,DISABLED,DISABLED,1689,500,2100,DISABLED,DISABLED,1687,500,2100,DISABLED,DISABLED,1683,500,2100,DISABLED,DISABLED,1695,500,2100,DISABLED,DISABLED,1683,500,2100,DISABLED,DISABLED,1359,900,1500,N/A,DISABLED,45,914,1680,N/A,ENABLED,45,914,1680,N/A,ENABLED,45,914,1680,N/A,ENABLED,45,914,1680,N/A,ENABLED,38,711,1400,N/A,ENABLED,38,711,1400,N/A,ENABLED,38,711,1400,N/A,ENABLED,38,711,1400,N/A,ENABLED,N/A,61,59
1744596762,0,672,N/A,N/A,N/A,N/A,ENABLED,1688,500,2100,DISABLED,DISABLED,1662,500,2100,DISABLED,DISABLED,1692,500,2100,DISABLED,DISABLED,1689,500,2100,DISABLED,DISABLED,1690,500,2100,DISABLED,DISABLED,1683,500,2100,DISABLED,DISABLED,1694,500,2100,DISABLED,DISABLED,1682,500,2100,DISABLED,DISABLED,1361,900,1500,N/A,DISABLED,45,914,1680,N/A,ENABLED,45,914,1680,N/A,ENABLED,45,914,1680,N/A,ENABLED,45,914,1680,N/A,ENABLED,38,711,1400,N/A,ENABLED,38,711,1400,N/A,ENABLED,38,711,1400,N/A,ENABLED,38,711,1400,N/A,ENABLED,N/A,61,60
1744596763,0,676,N/A,N/A,N/A,N/A,ENABLED,1692,500,2100,DISABLED,DISABLED,1666,500,2100,DISABLED,DISABLED,1710,500,2100,DISABLED,DISABLED,1695,500,2100,DISABLED,DISABLED,1709,500,2100,DISABLED,DISABLED,1688,500,2100,DISABLED,DISABLED,1700,500,2100,DISABLED,DISABLED,1688,500,2100,DISABLED,DISABLED,1365,900,1500,N/A,DISABLED,45,914,1680,N/A,ENABLED,45,914,1680,N/A,ENABLED,45,914,1680,N/A,ENABLED,45,914,1680,N/A,ENABLED,38,711,1400,N/A,ENABLED,38,711,1400,N/A,ENABLED,38,711,1400,N/A,ENABLED,38,711,1400,N/A,ENABLED,N/A,61,60
1744596765,0,678,N/A,N/A,N/A,N/A,ENABLED,1696,500,2100,DISABLED,DISABLED,1670,500,2100,DISABLED,DISABLED,1713,500,2100,DISABLED,DISABLED,1695,500,2100,DISABLED,DISABLED,1713,500,2100,DISABLED,DISABLED,1690,500,2100,DISABLED,DISABLED,1701,500,2100,DISABLED,DISABLED,1691,500,2100,DISABLED,DISABLED,1360,900,1500,N/A,DISABLED,45,914,1680,N/A,ENABLED,45,914,1680,N/A,ENABLED,45,914,1680,N/A,ENABLED,45,914,1680,N/A,ENABLED,38,711,1400,N/A,ENABLED,38,711,1400,N/A,ENABLED,38,711,1400,N/A,ENABLED,38,711,1400,N/A,ENABLED,N/A,61,60
1744596766,0,679,N/A,N/A,N/A,N/A,ENABLED,1697,500,2100,DISABLED,DISABLED,1672,500,2100,DISABLED,DISABLED,1713,500,2100,DISABLED,DISABLED,1698,500,2100,DISABLED,DISABLED,1713,500,2100,DISABLED,DISABLED,1692,500,2100,DISABLED,DISABLED,1704,500,2100,DISABLED,DISABLED,1692,500,2100,DISABLED,DISABLED,1361,900,1500,N/A,DISABLED,45,914,1680,N/A,ENABLED,45,914,1680,N/A,ENABLED,45,914,1680,N/A,ENABLED,45,914,1680,N/A,ENABLED,38,711,1400,N/A,ENABLED,38,711,1400,N/A,ENABLED,38,711,1400,N/A,ENABLED,38,711,1400,N/A,ENABLED,N/A,61,60
1744596767,0,674,N/A,N/A,N/A,N/A,ENABLED,1687,500,2100,DISABLED,DISABLED,1661,500,2100,DISABLED,DISABLED,1703,500,2100,DISABLED,DISABLED,1688,500,2100,DISABLED,DISABLED,1702,500,2100,DISABLED,DISABLED,1681,500,2100,DISABLED,DISABLED,1694,500,2100,DISABLED,DISABLED,1681,500,2100,DISABLED,DISABLED,1361,900,1500,N/A,DISABLED,45,914,1680,N/A,ENABLED,45,914,1680,N/A,ENABLED,45,914,1680,N/A,ENABLED,45,914,1680,N/A,ENABLED,38,711,1400,N/A,ENABLED,38,711,1400,N/A,ENABLED,38,711,1400,N/A,ENABLED,38,711,1400,N/A,ENABLED,N/A,61,60
1744596768,0,676,N/A,N/A,N/A,N/A,ENABLED,1696,500,2100,DISABLED,DISABLED,1669,500,2100,DISABLED,DISABLED,1712,500,2100,DISABLED,DISABLED,1690,500,2100,DISABLED,DISABLED,1712,500,2100,DISABLED,DISABLED,1691,500,2100,DISABLED,DISABLED,1703,500,2100,DISABLED,DISABLED,1690,500,2100,DISABLED,DISABLED,1363,900,1500,N/A,DISABLED,45,914,1680,N/A,ENABLED,45,914,1680,N/A,ENABLED,45,914,1680,N/A,ENABLED,45,914,1680,N/A,ENABLED,38,711,1400,N/A,ENABLED,38,711,1400,N/A,ENABLED,38,711,1400,N/A,ENABLED,38,711,1400,N/A,ENABLED,N/A,61,60
1744596769,0,673,N/A,N/A,N/A,N/A,ENABLED,1686,500,2100,DISABLED,DISABLED,1659,500,2100,DISABLED,DISABLED,1702,500,2100,DISABLED,DISABLED,1675,500,2100,DISABLED,DISABLED,1702,500,2100,DISABLED,DISABLED,1680,500,2100,DISABLED,DISABLED,1691,500,2100,DISABLED,DISABLED,1679,500,2100,DISABLED,DISABLED,1361,900,1500,N/A,DISABLED,45,914,1680,N/A,ENABLED,45,914,1680,N/A,ENABLED,45,914,1680,N/A,ENABLED,45,914,1680,N/A,ENABLED,38,711,1400,N/A,ENABLED,38,711,1400,N/A,ENABLED,38,711,1400,N/A,ENABLED,38,711,1400,N/A,ENABLED,N/A,61,60
1744596770,0,677,N/A,N/A,N/A,N/A,ENABLED,1691,500,2100,DISABLED,DISABLED,1665,500,2100,DISABLED,DISABLED,1708,500,2100,DISABLED,DISABLED,1670,500,2100,DISABLED,DISABLED,1708,500,2100,DISABLED,DISABLED,1688,500,2100,DISABLED,DISABLED,1699,500,2100,DISABLED,DISABLED,1686,500,2100,DISABLED,DISABLED,1362,900,1500,N/A,DISABLED,45,914,1680,N/A,ENABLED,45,914,1680,N/A,ENABLED,45,914,1680,N/A,ENABLED,45,914,1680,N/A,ENABLED,38,711,1400,N/A,ENABLED,38,711,1400,N/A,ENABLED,38,711,1400,N/A,ENABLED,38,711,1400,N/A,ENABLED,N/A,61,60
1744596772,0,675,N/A,N/A,N/A,N/A,ENABLED,1691,500,2100,DISABLED,DISABLED,1665,500,2100,DISABLED,DISABLED,1707,500,2100,DISABLED,DISABLED,1691,500,2100,DISABLED,DISABLED,1707,500,2100,DISABLED,DISABLED,1686,500,2100,DISABLED,DISABLED,1698,500,2100,DISABLED,DISABLED,1686,500,2100,DISABLED,DISABLED,1361,900,1500,N/A,DISABLED,45,914,1680,N/A,ENABLED,45,914,1680,N/A,ENABLED,45,914,1680,N/A,ENABLED,45,914,1680,N/A,ENABLED,38,711,1400,N/A,ENABLED,38,711,1400,N/A,ENABLED,38,711,1400,N/A,ENABLED,38,711,1400,N/A,ENABLED,N/A,61,60
1744596773,0,677,N/A,N/A,N/A,N/A,ENABLED,1693,500,2100,DISABLED,DISABLED,1666,500,2100,DISABLED,DISABLED,1709,500,2100,DISABLED,DISABLED,1693,500,2100,DISABLED,DISABLED,1708,500,2100,DISABLED,DISABLED,1687,500,2100,DISABLED,DISABLED,1698,500,2100,DISABLED,DISABLED,1686,500,2100,DISABLED,DISABLED,1363,900,1500,N/A,DISABLED,45,914,1680,N/A,ENABLED,45,914,1680,N/A,ENABLED,45,914,1680,N/A,ENABLED,45,914,1680,N/A,ENABLED,38,711,1400,N/A,ENABLED,38,711,1400,N/A,ENABLED,38,711,1400,N/A,ENABLED,38,711,1400,N/A,ENABLED,N/A,62,60
1744596774,0,679,N/A,N/A,N/A,N/A,ENABLED,1694,500,2100,DISABLED,DISABLED,1667,500,2100,DISABLED,DISABLED,1711,500,2100,DISABLED,DISABLED,1694,500,2100,DISABLED,DISABLED,1710,500,2100,DISABLED,DISABLED,1689,500,2100,DISABLED,DISABLED,1701,500,2100,DISABLED,DISABLED,1689,500,2100,DISABLED,DISABLED,1361,900,1500,N/A,DISABLED,45,914,1680,N/A,ENABLED,45,914,1680,N/A,ENABLED,45,914,1680,N/A,ENABLED,45,914,1680,N/A,ENABLED,38,711,1400,N/A,ENABLED,38,711,1400,N/A,ENABLED,38,711,1400,N/A,ENABLED,38,711,1400,N/A,ENABLED,N/A,62,60
1744596775,0,678,N/A,N/A,N/A,N/A,ENABLED,1696,500,2100,DISABLED,DISABLED,1669,500,2100,DISABLED,DISABLED,1711,500,2100,DISABLED,DISABLED,1695,500,2100,DISABLED,DISABLED,1711,500,2100,DISABLED,DISABLED,1691,500,2100,DISABLED,DISABLED,1701,500,2100,DISABLED,DISABLED,1690,500,2100,DISABLED,DISABLED,1359,900,1500,N/A,DISABLED,45,914,1680,N/A,ENABLED,45,914,1680,N/A,ENABLED,45,914,1680,N/A,ENABLED,45,914,1680,N/A,ENABLED,38,711,1400,N/A,ENABLED,38,711,1400,N/A,ENABLED,38,711,1400,N/A,ENABLED,38,711,1400,N/A,ENABLED,N/A,62,61
1744596776,0,677,N/A,N/A,N/A,N/A,ENABLED,1688,500,2100,DISABLED,DISABLED,1661,500,2100,DISABLED,DISABLED,1702,500,2100,DISABLED,DISABLED,1686,500,2100,DISABLED,DISABLED,1703,500,2100,DISABLED,DISABLED,1682,500,2100,DISABLED,DISABLED,1692,500,2100,DISABLED,DISABLED,1681,500,2100,DISABLED,DISABLED,1365,900,1500,N/A,DISABLED,45,914,1680,N/A,ENABLED,45,914,1680,N/A,ENABLED,45,914,1680,N/A,ENABLED,45,914,1680,N/A,ENABLED,38,711,1400,N/A,ENABLED,38,711,1400,N/A,ENABLED,38,711,1400,N/A,ENABLED,38,711,1400,N/A,ENABLED,N/A,62,61
1744596777,0,679,N/A,N/A,N/A,N/A,ENABLED,1693,500,2100,DISABLED,DISABLED,1666,500,2100,DISABLED,DISABLED,1707,500,2100,DISABLED,DISABLED,1692,500,2100,DISABLED,DISABLED,1707,500,2100,DISABLED,DISABLED,1687,500,2100,DISABLED,DISABLED,1697,500,2100,DISABLED,DISABLED,1686,500,2100,DISABLED,DISABLED,1350,900,1500,N/A,DISABLED,44,914,1680,N/A,ENABLED,45,914,1680,N/A,ENABLED,45,914,1680,N/A,ENABLED,45,914,1680,N/A,ENABLED,38,711,1400,N/A,ENABLED,38,711,1400,N/A,ENABLED,38,711,1400,N/A,ENABLED,38,711,1400,N/A,ENABLED,N/A,62,61
1744596779,0,677,N/A,N/A,N/A,N/A,ENABLED,1687,500,2100,DISABLED,DISABLED,1661,500,2100,DISABLED,DISABLED,1703,500,2100,DISABLED,DISABLED,1688,500,2100,DISABLED,DISABLED,1702,500,2100,DISABLED,DISABLED,1682,500,2100,DISABLED,DISABLED,1692,500,2100,DISABLED,DISABLED,1681,500,2100,DISABLED,DISABLED,1365,900,1500,N/A,DISABLED,45,914,1680,N/A,ENABLED,45,914,1680,N/A,ENABLED,45,914,1680,N/A,ENABLED,45,914,1680,N/A,ENABLED,38,711,1400,N/A,ENABLED,38,711,1400,N/A,ENABLED,38,711,1400,N/A,ENABLED,38,711,1400,N/A,ENABLED,N/A,62,61
1744596780,0,678,N/A,N/A,N/A,N/A,ENABLED,1695,500,2100,DISABLED,DISABLED,1668,500,2100,DISABLED,DISABLED,1711,500,2100,DISABLED,DISABLED,1694,500,2100,DISABLED,DISABLED,1710,500,2100,DISABLED,DISABLED,1689,500,2100,DISABLED,DISABLED,1701,500,2100,DISABLED,DISABLED,1689,500,2100,DISABLED,DISABLED,1361,900,1500,N/A,DISABLED,45,914,1680,N/A,ENABLED,45,914,1680,N/A,ENABLED,45,914,1680,N/A,ENABLED,45,914,1680,N/A,ENABLED,38,711,1400,N/A,ENABLED,38,711,1400,N/A,ENABLED,38,711,1400,N/A,ENABLED,38,711,1400,N/A,ENABLED,N/A,62,61
1744596781,0,675,N/A,N/A,N/A,N/A,ENABLED,1688,500,2100,DISABLED,DISABLED,1662,500,2100,DISABLED,DISABLED,1703,500,2100,DISABLED,DISABLED,1687,500,2100,DISABLED,DISABLED,1704,500,2100,DISABLED,DISABLED,1683,500,2100,DISABLED,DISABLED,1694,500,2100,DISABLED,DISABLED,1682,500,2100,DISABLED,DISABLED,1360,900,1500,N/A,DISABLED,45,914,1680,N/A,ENABLED,45,914,1680,N/A,ENABLED,45,914,1680,N/A,ENABLED,45,914,1680,N/A,ENABLED,38,711,1400,N/A,ENABLED,38,711,1400,N/A,ENABLED,38,711,1400,N/A,ENABLED,38,711,1400,N/A,ENABLED,N/A,62,61
1744596782,0,671,N/A,N/A,N/A,N/A,ENABLED,1685,500,2100,DISABLED,DISABLED,1659,500,2100,DISABLED,DISABLED,1701,500,2100,DISABLED,DISABLED,1685,500,2100,DISABLED,DISABLED,1702,500,2100,DISABLED,DISABLED,1680,500,2100,DISABLED,DISABLED,1691,500,2100,DISABLED,DISABLED,1679,500,2100,DISABLED,DISABLED,1361,900,1500,N/A,DISABLED,45,914,1680,N/A,ENABLED,45,914,1680,N/A,ENABLED,45,914,1680,N/A,ENABLED,45,914,1680,N/A,ENABLED,38,711,1400,N/A,ENABLED,38,711,1400,N/A,ENABLED,38,711,1400,N/A,ENABLED,38,711,1400,N/A,ENABLED,N/A,62,61
1744596783,0,680,N/A,N/A,N/A,N/A,ENABLED,1692,500,2100,DISABLED,DISABLED,1666,500,2100,DISABLED,DISABLED,1707,500,2100,DISABLED,DISABLED,1692,500,2100,DISABLED,DISABLED,1707,500,2100,DISABLED,DISABLED,1686,500,2100,DISABLED,DISABLED,1697,500,2100,DISABLED,DISABLED,1684,500,2100,DISABLED,DISABLED,1363,900,1500,N/A,DISABLED,45,914,1680,N/A,ENABLED,45,914,1680,N/A,ENABLED,45,914,1680,N/A,ENABLED,45,914,1680,N/A,ENABLED,38,711,1400,N/A,ENABLED,38,711,1400,N/A,ENABLED,38,711,1400,N/A,ENABLED,38,711,1400,N/A,ENABLED,N/A,62,61
1744596785,0,680,N/A,N/A,N/A,N/A,ENABLED,1693,500,2100,DISABLED,DISABLED,1666,500,2100,DISABLED,DISABLED,1709,500,2100,DISABLED,DISABLED,1694,500,2100,DISABLED,DISABLED,1709,500,2100,DISABLED,DISABLED,1688,500,2100,DISABLED,DISABLED,1698,500,2100,DISABLED,DISABLED,1686,500,2100,DISABLED,DISABLED,1360,900,1500,N/A,DISABLED,45,914,1680,N/A,ENABLED,45,914,1680,N/A,ENABLED,45,914,1680,N/A,ENABLED,45,914,1680,N/A,ENABLED,38,711,1400,N/A,ENABLED,38,711,1400,N/A,ENABLED,38,711,1400,N/A,ENABLED,38,711,1400,N/A,ENABLED,N/A,62,61
1744596786,0,674,N/A,N/A,N/A,N/A,ENABLED,1686,500,2100,DISABLED,DISABLED,1659,500,2100,DISABLED,DISABLED,1703,500,2100,DISABLED,DISABLED,1686,500,2100,DISABLED,DISABLED,1703,500,2100,DISABLED,DISABLED,1682,500,2100,DISABLED,DISABLED,1673,500,2100,DISABLED,DISABLED,1681,500,2100,DISABLED,DISABLED,1361,900,1500,N/A,DISABLED,45,914,1680,N/A,ENABLED,45,914,1680,N/A,ENABLED,45,914,1680,N/A,ENABLED,45,914,1680,N/A,ENABLED,38,711,1400,N/A,ENABLED,38,711,1400,N/A,ENABLED,38,711,1400,N/A,ENABLED,38,711,1400,N/A,ENABLED,N/A,62,62
1744596787,0,674,N/A,N/A,N/A,N/A,ENABLED,1689,500,2100,DISABLED,DISABLED,1663,500,2100,DISABLED,DISABLED,1705,500,2100,DISABLED,DISABLED,1689,500,2100,DISABLED,DISABLED,1706,500,2100,DISABLED,DISABLED,1685,500,2100,DISABLED,DISABLED,1681,500,2100,DISABLED,DISABLED,1657,500,2100,DISABLED,DISABLED,1360,900,1500,N/A,DISABLED,45,914,1680,N/A,ENABLED,45,914,1680,N/A,ENABLED,45,914,1680,N/A,ENABLED,45,914,1680,N/A,ENABLED,38,711,1400,N/A,ENABLED,38,711,1400,N/A,ENABLED,38,711,1400,N/A,ENABLED,38,711,1400,N/A,ENABLED,N/A,63,62
1744596788,0,679,N/A,N/A,N/A,N/A,ENABLED,1685,500,2100,DISABLED,DISABLED,1659,500,2100,DISABLED,DISABLED,1701,500,2100,DISABLED,DISABLED,1686,500,2100,DISABLED,DISABLED,1701,500,2100,DISABLED,DISABLED,1664,500,2100,DISABLED,DISABLED,1676,500,2100,DISABLED,DISABLED,1655,500,2100,DISABLED,DISABLED,1360,900,1500,N/A,DISABLED,45,914,1680,N/A,ENABLED,45,914,1680,N/A,ENABLED,45,914,1680,N/A,ENABLED,45,914,1680,N/A,ENABLED,38,711,1400,N/A,ENABLED,38,711,1400,N/A,ENABLED,38,711,1400,N/A,ENABLED,38,711,1400,N/A,ENABLED,N/A,63,62
1744596789,0,673,N/A,N/A,N/A,N/A,ENABLED,1685,500,2100,DISABLED,DISABLED,1657,500,2100,DISABLED,DISABLED,1700,500,2100,DISABLED,DISABLED,1684,500,2100,DISABLED,DISABLED,1700,500,2100,DISABLED,DISABLED,1658,500,2100,DISABLED,DISABLED,1689,500,2100,DISABLED,DISABLED,1674,500,2100,DISABLED,DISABLED,1363,900,1500,N/A,DISABLED,45,914,1680,N/A,ENABLED,45,914,1680,N/A,ENABLED,45,914,1680,N/A,ENABLED,45,914,1680,N/A,ENABLED,38,711,1400,N/A,ENABLED,38,711,1400,N/A,ENABLED,38,711,1400,N/A,ENABLED,38,711,1400,N/A,ENABLED,N/A,63,62
1744596790,0,679,N/A,N/A,N/A,N/A,ENABLED,1688,500,2100,DISABLED,DISABLED,1665,500,2100,DISABLED,DISABLED,1708,500,2100,DISABLED,DISABLED,1692,500,2100,DISABLED,DISABLED,1706,500,2100,DISABLED,DISABLED,1686,500,2100,DISABLED,DISABLED,1698,500,2100,DISABLED,DISABLED,1685,500,2100,DISABLED,DISABLED,1361,900,1500,N/A,DISABLED,45,914,1680,N/A,ENABLED,45,914,1680,N/A,ENABLED,45,914,1680,N/A,ENABLED,45,914,1680,N/A,ENABLED,38,711,1400,N/A,ENABLED,38,711,1400,N/A,ENABLED,38,711,1400,N/A,ENABLED,38,711,1400,N/A,ENABLED,N/A,63,62
1744596792,0,681,N/A,N/A,N/A,N/A,ENABLED,1658,500,2100,DISABLED,DISABLED,1629,500,2100,DISABLED,DISABLED,1701,500,2100,DISABLED,DISABLED,1685,500,2100,DISABLED,DISABLED,1701,500,2100,DISABLED,DISABLED,1683,500,2100,DISABLED,DISABLED,1693,500,2100,DISABLED,DISABLED,1681,500,2100,DISABLED,DISABLED,1360,900,1500,N/A,DISABLED,45,914,1680,N/A,ENABLED,45,914,1680,N/A,ENABLED,45,914,1680,N/A,ENABLED,45,914,1680,N/A,ENABLED,38,711,1400,N/A,ENABLED,38,711,1400,N/A,ENABLED,38,711,1400,N/A,ENABLED,38,711,1400,N/A,ENABLED,N/A,63,62
1744596793,0,680,N/A,N/A,N/A,N/A,ENABLED,1675,500,2100,DISABLED,DISABLED,1647,500,2100,DISABLED,DISABLED,1711,500,2100,DISABLED,DISABLED,1693,500,2100,DISABLED,DISABLED,1708,500,2100,DISABLED,DISABLED,1688,500,2100,DISABLED,DISABLED,1700,500,2100,DISABLED,DISABLED,1688,500,2100,DISABLED,DISABLED,1361,900,1500,N/A,DISABLED,45,914,1680,N/A,ENABLED,45,914,1680,N/A,ENABLED,45,914,1680,N/A,ENABLED,45,914,1680,N/A,ENABLED,38,711,1400,N/A,ENABLED,38,711,1400,N/A,ENABLED,38,711,1400,N/A,ENABLED,38,711,1400,N/A,ENABLED,N/A,63,62
1744596794,0,676,N/A,N/A,N/A,N/A,ENABLED,1687,500,2100,DISABLED,DISABLED,1662,500,2100,DISABLED,DISABLED,1688,500,2100,DISABLED,DISABLED,1689,500,2100,DISABLED,DISABLED,1692,500,2100,DISABLED,DISABLED,1683,500,2100,DISABLED,DISABLED,1695,500,2100,DISABLED,DISABLED,1682,500,2100,DISABLED,DISABLED,1362,900,1500,N/A,DISABLED,45,914,1680,N/A,ENABLED,45,914,1680,N/A,ENABLED,45,914,1680,N/A,ENABLED,45,914,1680,N/A,ENABLED,38,711,1400,N/A,ENABLED,38,711,1400,N/A,ENABLED,38,711,1400,N/A,ENABLED,38,711,1400,N/A,ENABLED,N/A,63,62
1744596795,0,681,N/A,N/A,N/A,N/A,ENABLED,1691,500,2100,DISABLED,DISABLED,1664,500,2100,DISABLED,DISABLED,1687,500,2100,DISABLED,DISABLED,1687,500,2100,DISABLED,DISABLED,1685,500,2100,DISABLED,DISABLED,1685,500,2100,DISABLED,DISABLED,1695,500,2100,DISABLED,DISABLED,1683,500,2100,DISABLED,DISABLED,1359,900,1500,N/A,DISABLED,45,914,1680,N/A,ENABLED,45,914,1680,N/A,ENABLED,45,914,1680,N/A,ENABLED,45,914,1680,N/A,ENABLED,38,711,1400,N/A,ENABLED,38,711,1400,N/A,ENABLED,38,711,1400,N/A,ENABLED,38,711,1400,N/A,ENABLED,N/A,63,62
1744596796,0,681,N/A,N/A,N/A,N/A,ENABLED,1691,500,2100,DISABLED,DISABLED,1663,500,2100,DISABLED,DISABLED,1706,500,2100,DISABLED,DISABLED,1689,500,2100,DISABLED,DISABLED,1706,500,2100,DISABLED,DISABLED,1686,500,2100,DISABLED,DISABLED,1696,500,2100,DISABLED,DISABLED,1684,500,2100,DISABLED,DISABLED,1361,900,1500,N/A,DISABLED,45,914,1680,N/A,ENABLED,45,914,1680,N/A,ENABLED,45,914,1680,N/A,ENABLED,45,914,1680,N/A,ENABLED,38,711,1400,N/A,ENABLED,38,711,1400,N/A,ENABLED,38,711,1400,N/A,ENABLED,38,711,1400,N/A,ENABLED,N/A,63,62
1744596798,0,674,N/A,N/A,N/A,N/A,ENABLED,1686,500,2100,DISABLED,DISABLED,1659,500,2100,DISABLED,DISABLED,1701,500,2100,DISABLED,DISABLED,1684,500,2100,DISABLED,DISABLED,1701,500,2100,DISABLED,DISABLED,1680,500,2100,DISABLED,DISABLED,1692,500,2100,DISABLED,DISABLED,1678,500,2100,DISABLED,DISABLED,1360,900,1500,N/A,DISABLED,45,914,1680,N/A,ENABLED,45,914,1680,N/A,ENABLED,45,914,1680,N/A,ENABLED,45,914,1680,N/A,ENABLED,38,711,1400,N/A,ENABLED,38,711,1400,N/A,ENABLED,38,711,1400,N/A,ENABLED,38,711,1400,N/A,ENABLED,N/A,64,63
1744596799,0,680,N/A,N/A,N/A,N/A,ENABLED,1690,500,2100,DISABLED,DISABLED,1664,500,2100,DISABLED,DISABLED,1706,500,2100,DISABLED,DISABLED,1690,500,2100,DISABLED,DISABLED,1705,500,2100,DISABLED,DISABLED,1685,500,2100,DISABLED,DISABLED,1697,500,2100,DISABLED,DISABLED,1683,500,2100,DISABLED,DISABLED,1362,900,1500,N/A,DISABLED,45,914,1680,N/A,ENABLED,45,914,1680,N/A,ENABLED,45,914,1680,N/A,ENABLED,45,914,1680,N/A,ENABLED,38,711,1400,N/A,ENABLED,38,711,1400,N/A,ENABLED,38,711,1400,N/A,ENABLED,38,711,1400,N/A,ENABLED,N/A,64,62
1744596800,0,677,N/A,N/A,N/A,N/A,ENABLED,1683,500,2100,DISABLED,DISABLED,1656,500,2100,DISABLED,DISABLED,1698,500,2100,DISABLED,DISABLED,1683,500,2100,DISABLED,DISABLED,1699,500,2100,DISABLED,DISABLED,1677,500,2100,DISABLED,DISABLED,1689,500,2100,DISABLED,DISABLED,1675,500,2100,DISABLED,DISABLED,1361,900,1500,N/A,DISABLED,45,914,1680,N/A,ENABLED,45,914,1680,N/A,ENABLED,45,914,1680,N/A,ENABLED,45,914,1680,N/A,ENABLED,38,711,1400,N/A,ENABLED,38,711,1400,N/A,ENABLED,38,711,1400,N/A,ENABLED,38,711,1400,N/A,ENABLED,N/A,64,63
1744596801,0,680,N/A,N/A,N/A,N/A,ENABLED,1686,500,2100,DISABLED,DISABLED,1659,500,2100,DISABLED,DISABLED,1701,500,2100,DISABLED,DISABLED,1684,500,2100,DISABLED,DISABLED,1701,500,2100,DISABLED,DISABLED,1679,500,2100,DISABLED,DISABLED,1691,500,2100,DISABLED,DISABLED,1677,500,2100,DISABLED,DISABLED,1361,900,1500,N/A,DISABLED,45,914,1680,N/A,ENABLED,45,914,1680,N/A,ENABLED,45,914,1680,N/A,ENABLED,45,914,1680,N/A,ENABLED,38,711,1400,N/A,ENABLED,38,711,1400,N/A,ENABLED,38,711,1400,N/A,ENABLED,38,711,1400,N/A,ENABLED,N/A,64,63
1744596802,0,681,N/A,N/A,N/A,N/A,ENABLED,1692,500,2100,DISABLED,DISABLED,1665,500,2100,DISABLED,DISABLED,1707,500,2100,DISABLED,DISABLED,1662,500,2100,DISABLED,DISABLED,1707,500,2100,DISABLED,DISABLED,1686,500,2100,DISABLED,DISABLED,1698,500,2100,DISABLED,DISABLED,1684,500,2100,DISABLED,DISABLED,1363,900,1500,N/A,DISABLED,45,914,1680,N/A,ENABLED,45,914,1680,N/A,ENABLED,45,914,1680,N/A,ENABLED,45,914,1680,N/A,ENABLED,38,711,1400,N/A,ENABLED,38,711,1400,N/A,ENABLED,38,711,1400,N/A,ENABLED,38,711,1400,N/A,ENABLED,N/A,64,63
1744596803,0,678,N/A,N/A,N/A,N/A,ENABLED,1691,500,2100,DISABLED,DISABLED,1664,500,2100,DISABLED,DISABLED,1706,500,2100,DISABLED,DISABLED,1671,500,2100,DISABLED,DISABLED,1707,500,2100,DISABLED,DISABLED,1687,500,2100,DISABLED,DISABLED,1698,500,2100,DISABLED,DISABLED,1684,500,2100,DISABLED,DISABLED,1360,900,1500,N/A,DISABLED,45,914,1680,N/A,ENABLED,45,914,1680,N/A,ENABLED,45,914,1680,N/A,ENABLED,45,914,1680,N/A,ENABLED,38,711,1400,N/A,ENABLED,38,711,1400,N/A,ENABLED,38,711,1400,N/A,ENABLED,38,711,1400,N/A,ENABLED,N/A,64,63
1744596805,0,681,N/A,N/A,N/A,N/A,ENABLED,1689,500,2100,DISABLED,DISABLED,1663,500,2100,DISABLED,DISABLED,1705,500,2100,DISABLED,DISABLED,1689,500,2100,DISABLED,DISABLED,1705,500,2100,DISABLED,DISABLED,1683,500,2100,DISABLED,DISABLED,1695,500,2100,DISABLED,DISABLED,1681,500,2100,DISABLED,DISABLED,1358,900,1500,N/A,DISABLED,45,914,1680,N/A,ENABLED,45,914,1680,N/A,ENABLED,45,914,1680,N/A,ENABLED,45,914,1680,N/A,ENABLED,38,711,1400,N/A,ENABLED,38,711,1400,N/A,ENABLED,38,711,1400,N/A,ENABLED,38,711,1400,N/A,ENABLED,N/A,64,63
1744596806,0,681,N/A,N/A,N/A,N/A,ENABLED,1690,500,2100,DISABLED,DISABLED,1664,500,2100,DISABLED,DISABLED,1706,500,2100,DISABLED,DISABLED,1690,500,2100,DISABLED,DISABLED,1707,500,2100,DISABLED,DISABLED,1684,500,2100,DISABLED,DISABLED,1696,500,2100,DISABLED,DISABLED,1683,500,2100,DISABLED,DISABLED,1360,900,1500,N/A,DISABLED,45,914,1680,N/A,ENABLED,45,914,1680,N/A,ENABLED,45,914,1680,N/A,ENABLED,45,914,1680,N/A,ENABLED,38,711,1400,N/A,ENABLED,38,711,1400,N/A,ENABLED,38,711,1400,N/A,ENABLED,38,711,1400,N/A,ENABLED,N/A,64,63
1744596807,0,681,N/A,N/A,N/A,N/A,ENABLED,1688,500,2100,DISABLED,DISABLED,1661,500,2100,DISABLED,DISABLED,1704,500,2100,DISABLED,DISABLED,1686,500,2100,DISABLED,DISABLED,1704,500,2100,DISABLED,DISABLED,1682,500,2100,DISABLED,DISABLED,1694,500,2100,DISABLED,DISABLED,1681,500,2100,DISABLED,DISABLED,1363,900,1500,N/A,DISABLED,45,914,1680,N/A,ENABLED,45,914,1680,N/A,ENABLED,45,914,1680,N/A,ENABLED,45,914,1680,N/A,ENABLED,38,711,1400,N/A,ENABLED,38,711,1400,N/A,ENABLED,38,711,1400,N/A,ENABLED,38,711,1400,N/A,ENABLED,N/A,65,64
1744596808,0,680,N/A,N/A,N/A,N/A,ENABLED,1690,500,2100,DISABLED,DISABLED,1663,500,2100,DISABLED,DISABLED,1705,500,2100,DISABLED,DISABLED,1688,500,2100,DISABLED,DISABLED,1706,500,2100,DISABLED,DISABLED,1685,500,2100,DISABLED,DISABLED,1695,500,2100,DISABLED,DISABLED,1683,500,2100,DISABLED,DISABLED,1361,900,1500,N/A,DISABLED,45,914,1680,N/A,ENABLED,45,914,1680,N/A,ENABLED,45,914,1680,N/A,ENABLED,45,914,1680,N/A,ENABLED,38,711,1400,N/A,ENABLED,38,711,1400,N/A,ENABLED,38,711,1400,N/A,ENABLED,38,711,1400,N/A,ENABLED,N/A,65,64
1744596809,0,675,N/A,N/A,N/A,N/A,ENABLED,1681,500,2100,DISABLED,DISABLED,1655,500,2100,DISABLED,DISABLED,1697,500,2100,DISABLED,DISABLED,1681,500,2100,DISABLED,DISABLED,1698,500,2100,DISABLED,DISABLED,1677,500,2100,DISABLED,DISABLED,1688,500,2100,DISABLED,DISABLED,1674,500,2100,DISABLED,DISABLED,1358,900,1500,N/A,DISABLED,45,914,1680,N/A,ENABLED,45,914,1680,N/A,ENABLED,45,914,1680,N/A,ENABLED,45,914,1680,N/A,ENABLED,38,711,1400,N/A,ENABLED,38,711,1400,N/A,ENABLED,38,711,1400,N/A,ENABLED,38,711,1400,N/A,ENABLED,N/A,65,64
1744596811,0,682,N/A,N/A,N/A,N/A,ENABLED,1682,500,2100,DISABLED,DISABLED,1655,500,2100,DISABLED,DISABLED,1698,500,2100,DISABLED,DISABLED,1682,500,2100,DISABLED,DISABLED,1697,500,2100,DISABLED,DISABLED,1676,500,2100,DISABLED,DISABLED,1687,500,2100,DISABLED,DISABLED,1674,500,2100,DISABLED,DISABLED,1359,900,1500,N/A,DISABLED,45,914,1680,N/A,ENABLED,45,914,1680,N/A,ENABLED,45,914,1680,N/A,ENABLED,45,914,1680,N/A,ENABLED,38,711,1400,N/A,ENABLED,38,711,1400,N/A,ENABLED,38,711,1400,N/A,ENABLED,38,711,1400,N/A,ENABLED,N/A,65,64
1744596812,0,682,N/A,N/A,N/A,N/A,ENABLED,1691,500,2100,DISABLED,DISABLED,1665,500,2100,DISABLED,DISABLED,1707,500,2100,DISABLED,DISABLED,1690,500,2100,DISABLED,DISABLED,1707,500,2100,DISABLED,DISABLED,1685,500,2100,DISABLED,DISABLED,1697,500,2100,DISABLED,DISABLED,1684,500,2100,DISABLED,DISABLED,1360,900,1500,N/A,DISABLED,45,914,1680,N/A,ENABLED,45,914,1680,N/A,ENABLED,45,914,1680,N/A,ENABLED,45,914,1680,N/A,ENABLED,38,711,1400,N/A,ENABLED,38,711,1400,N/A,ENABLED,38,711,1400,N/A,ENABLED,38,711,1400,N/A,ENABLED,N/A,65,64
1744596813,0,681,N/A,N/A,N/A,N/A,ENABLED,1681,500,2100,DISABLED,DISABLED,1655,500,2100,DISABLED,DISABLED,1697,500,2100,DISABLED,DISABLED,1681,500,2100,DISABLED,DISABLED,1697,500,2100,DISABLED,DISABLED,1675,500,2100,DISABLED,DISABLED,1686,500,2100,DISABLED,DISABLED,1674,500,2100,DISABLED,DISABLED,1359,900,1500,N/A,DISABLED,45,914,1680,N/A,ENABLED,45,914,1680,N/A,ENABLED,45,914,1680,N/A,ENABLED,45,914,1680,N/A,ENABLED,38,711,1400,N/A,ENABLED,38,711,1400,N/A,ENABLED,38,711,1400,N/A,ENABLED,38,711,1400,N/A,ENABLED,N/A,65,64
1744596814,0,681,N/A,N/A,N/A,N/A,ENABLED,1689,500,2100,DISABLED,DISABLED,1663,500,2100,DISABLED,DISABLED,1705,500,2100,DISABLED,DISABLED,1687,500,2100,DISABLED,DISABLED,1706,500,2100,DISABLED,DISABLED,1684,500,2100,DISABLED,DISABLED,1695,500,2100,DISABLED,DISABLED,1682,500,2100,DISABLED,DISABLED,1361,900,1500,N/A,DISABLED,45,914,1680,N/A,ENABLED,45,914,1680,N/A,ENABLED,45,914,1680,N/A,ENABLED,45,914,1680,N/A,ENABLED,38,711,1400,N/A,ENABLED,38,711,1400,N/A,ENABLED,38,711,1400,N/A,ENABLED,38,711,1400,N/A,ENABLED,N/A,66,64
1744596815,0,679,N/A,N/A,N/A,N/A,ENABLED,1681,500,2100,DISABLED,DISABLED,1655,500,2100,DISABLED,DISABLED,1696,500,2100,DISABLED,DISABLED,1680,500,2100,DISABLED,DISABLED,1698,500,2100,DISABLED,DISABLED,1676,500,2100,DISABLED,DISABLED,1687,500,2100,DISABLED,DISABLED,1674,500,2100,DISABLED,DISABLED,1360,900,1500,N/A,DISABLED,45,914,1680,N/A,ENABLED,45,914,1680,N/A,ENABLED,45,914,1680,N/A,ENABLED,45,914,1680,N/A,ENABLED,38,711,1400,N/A,ENABLED,38,711,1400,N/A,ENABLED,38,711,1400,N/A,ENABLED,38,711,1400,N/A,ENABLED,N/A,66,64
1744596816,0,676,N/A,N/A,N/A,N/A,ENABLED,1679,500,2100,DISABLED,DISABLED,1651,500,2100,DISABLED,DISABLED,1694,500,2100,DISABLED,DISABLED,1678,500,2100,DISABLED,DISABLED,1696,500,2100,DISABLED,DISABLED,1674,500,2100,DISABLED,DISABLED,1685,500,2100,DISABLED,DISABLED,1672,500,2100,DISABLED,DISABLED,1359,900,1500,N/A,DISABLED,45,914,1680,N/A,ENABLED,45,914,1680,N/A,ENABLED,45,914,1680,N/A,ENABLED,45,914,1680,N/A,ENABLED,38,711,1400,N/A,ENABLED,38,711,1400,N/A,ENABLED,38,711,1400,N/A,ENABLED,38,711,1400,N/A,ENABLED,N/A,66,65
1744596818,0,682,N/A,N/A,N/A,N/A,ENABLED,1689,500,2100,DISABLED,DISABLED,1661,500,2100,DISABLED,DISABLED,1704,500,2100,DISABLED,DISABLED,1688,500,2100,DISABLED,DISABLED,1706,500,2100,DISABLED,DISABLED,1684,500,2100,DISABLED,DISABLED,1695,500,2100,DISABLED,DISABLED,1680,500,2100,DISABLED,DISABLED,1361,900,1500,N/A,DISABLED,45,914,1680,N/A,ENABLED,45,914,1680,N/A,ENABLED,45,914,1680,N/A,ENABLED,45,914,1680,N/A,ENABLED,38,711,1400,N/A,ENABLED,38,711,1400,N/A,ENABLED,38,711,1400,N/A,ENABLED,38,711,1400,N/A,ENABLED,N/A,66,65
1744596819,0,683,N/A,N/A,N/A,N/A,ENABLED,1686,500,2100,DISABLED,DISABLED,1659,500,2100,DISABLED,DISABLED,1700,500,2100,DISABLED,DISABLED,1685,500,2100,DISABLED,DISABLED,1702,500,2100,DISABLED,DISABLED,1679,500,2100,DISABLED,DISABLED,1687,500,2100,DISABLED,DISABLED,1677,500,2100,DISABLED,DISABLED,1360,900,1500,N/A,DISABLED,45,914,1680,N/A,ENABLED,45,914,1680,N/A,ENABLED,45,914,1680,N/A,ENABLED,45,914,1680,N/A,ENABLED,38,711,1400,N/A,ENABLED,38,711,1400,N/A,ENABLED,38,711,1400,N/A,ENABLED,38,711,1400,N/A,ENABLED,N/A,66,65
1744596820,0,681,N/A,N/A,N/A,N/A,ENABLED,1686,500,2100,DISABLED,DISABLED,1658,500,2100,DISABLED,DISABLED,1702,500,2100,DISABLED,DISABLED,1686,500,2100,DISABLED,DISABLED,1702,500,2100,DISABLED,DISABLED,1681,500,2100,DISABLED,DISABLED,1673,500,2100,DISABLED,DISABLED,1666,500,2100,DISABLED,DISABLED,1360,900,1500,N/A,DISABLED,45,914,1680,N/A,ENABLED,45,914,1680,N/A,ENABLED,45,914,1680,N/A,ENABLED,45,914,1680,N/A,ENABLED,38,711,1400,N/A,ENABLED,38,711,1400,N/A,ENABLED,38,711,1400,N/A,ENABLED,38,711,1400,N/A,ENABLED,N/A,66,65
1744596821,0,679,N/A,N/A,N/A,N/A,ENABLED,1686,500,2100,DISABLED,DISABLED,1659,500,2100,DISABLED,DISABLED,1702,500,2100,DISABLED,DISABLED,1685,500,2100,DISABLED,DISABLED,1703,500,2100,DISABLED,DISABLED,1660,500,2100,DISABLED,DISABLED,1674,500,2100,DISABLED,DISABLED,1663,500,2100,DISABLED,DISABLED,1359,900,1500,N/A,DISABLED,45,914,1680,N/A,ENABLED,45,914,1680,N/A,ENABLED,45,914,1680,N/A,ENABLED,45,914,1680,N/A,ENABLED,38,711,1400,N/A,ENABLED,38,711,1400,N/A,ENABLED,38,711,1400,N/A,ENABLED,38,711,1400,N/A,ENABLED,N/A,66,65
1744596822,0,678,N/A,N/A,N/A,N/A,ENABLED,1679,500,2100,DISABLED,DISABLED,1652,500,2100,DISABLED,DISABLED,1694,500,2100,DISABLED,DISABLED,1677,500,2100,DISABLED,DISABLED,1695,500,2100,DISABLED,DISABLED,1649,500,2100,DISABLED,DISABLED,1684,500,2100,DISABLED,DISABLED,1649,500,2100,DISABLED,DISABLED,1359,900,1500,N/A,DISABLED,45,914,1680,N/A,ENABLED,45,914,1680,N/A,ENABLED,45,914,1680,N/A,ENABLED,45,914,1680,N/A,ENABLED,38,711,1400,N/A,ENABLED,38,711,1400,N/A,ENABLED,38,711,1400,N/A,ENABLED,38,711,1400,N/A,ENABLED,N/A,66,65
1744596823,0,682,N/A,N/A,N/A,N/A,ENABLED,1681,500,2100,DISABLED,DISABLED,1656,500,2100,DISABLED,DISABLED,1697,500,2100,DISABLED,DISABLED,1683,500,2100,DISABLED,DISABLED,1698,500,2100,DISABLED,DISABLED,1674,500,2100,DISABLED,DISABLED,1688,500,2100,DISABLED,DISABLED,1674,500,2100,DISABLED,DISABLED,1358,900,1500,N/A,DISABLED,45,914,1680,N/A,ENABLED,45,914,1680,N/A,ENABLED,45,914,1680,N/A,ENABLED,45,914,1680,N/A,ENABLED,38,711,1400,N/A,ENABLED,38,711,1400,N/A,ENABLED,38,711,1400,N/A,ENABLED,38,711,1400,N/A,ENABLED,N/A,67,65
1744596825,0,682,N/A,N/A,N/A,N/A,ENABLED,1656,500,2100,DISABLED,DISABLED,1630,500,2100,DISABLED,DISABLED,1695,500,2100,DISABLED,DISABLED,1680,500,2100,DISABLED,DISABLED,1695,500,2100,DISABLED,DISABLED,1677,500,2100,DISABLED,DISABLED,1688,500,2100,DISABLED,DISABLED,1674,500,2100,DISABLED,DISABLED,1359,900,1500,N/A,DISABLED,45,914,1680,N/A,ENABLED,45,914,1680,N/A,ENABLED,45,914,1680,N/A,ENABLED,45,914,1680,N/A,ENABLED,38,711,1400,N/A,ENABLED,38,711,1400,N/A,ENABLED,38,711,1400,N/A,ENABLED,38,711,1400,N/A,ENABLED,N/A,67,65
1744596826,0,676,N/A,N/A,N/A,N/A,ENABLED,1668,500,2100,DISABLED,DISABLED,1639,500,2100,DISABLED,DISABLED,1701,500,2100,DISABLED,DISABLED,1684,500,2100,DISABLED,DISABLED,1703,500,2100,DISABLED,DISABLED,1678,500,2100,DISABLED,DISABLED,1690,500,2100,DISABLED,DISABLED,1676,500,2100,DISABLED,DISABLED,1361,900,1500,N/A,DISABLED,45,914,1680,N/A,ENABLED,45,914,1680,N/A,ENABLED,45,914,1680,N/A,ENABLED,45,914,1680,N/A,ENABLED,38,711,1400,N/A,ENABLED,38,711,1400,N/A,ENABLED,38,711,1400,N/A,ENABLED,38,711,1400,N/A,ENABLED,N/A,67,66
1744596827,0,685,N/A,N/A,N/A,N/A,ENABLED,1673,500,2100,DISABLED,DISABLED,1643,500,2100,DISABLED,DISABLED,1678,500,2100,DISABLED,DISABLED,1685,500,2100,DISABLED,DISABLED,1681,500,2100,DISABLED,DISABLED,1680,500,2100,DISABLED,DISABLED,1692,500,2100,DISABLED,DISABLED,1678,500,2100,DISABLED,DISABLED,1364,900,1500,N/A,DISABLED,45,914,1680,N/A,ENABLED,45,914,1680,N/A,ENABLED,45,914,1680,N/A,ENABLED,45,914,1680,N/A,ENABLED,38,711,1400,N/A,ENABLED,38,711,1400,N/A,ENABLED,38,711,1400,N/A,ENABLED,38,711,1400,N/A,ENABLED,N/A,67,65
1744596828,0,682,N/A,N/A,N/A,N/A,ENABLED,1681,500,2100,DISABLED,DISABLED,1655,500,2100,DISABLED,DISABLED,1674,500,2100,DISABLED,DISABLED,1681,500,2100,DISABLED,DISABLED,1673,500,2100,DISABLED,DISABLED,1676,500,2100,DISABLED,DISABLED,1687,500,2100,DISABLED,DISABLED,1673,500,2100,DISABLED,DISABLED,1361,900,1500,N/A,DISABLED,45,914,1680,N/A,ENABLED,45,914,1680,N/A,ENABLED,45,914,1680,N/A,ENABLED,45,914,1680,N/A,ENABLED,38,711,1400,N/A,ENABLED,38,711,1400,N/A,ENABLED,38,711,1400,N/A,ENABLED,38,711,1400,N/A,ENABLED,N/A,67,66
1744596829,0,684,N/A,N/A,N/A,N/A,ENABLED,1684,500,2100,DISABLED,DISABLED,1659,500,2100,DISABLED,DISABLED,1687,500,2100,DISABLED,DISABLED,1685,500,2100,DISABLED,DISABLED,1702,500,2100,DISABLED,DISABLED,1679,500,2100,DISABLED,DISABLED,1691,500,2100,DISABLED,DISABLED,1677,500,2100,DISABLED,DISABLED,1359,900,1500,N/A,DISABLED,45,914,1680,N/A,ENABLED,45,914,1680,N/A,ENABLED,45,914,1680,N/A,ENABLED,45,914,1680,N/A,ENABLED,38,711,1400,N/A,ENABLED,38,711,1400,N/A,ENABLED,38,711,1400,N/A,ENABLED,38,711,1400,N/A,ENABLED,N/A,67,66
1744596831,0,682,N/A,N/A,N/A,N/A,ENABLED,1682,500,2100,DISABLED,DISABLED,1657,500,2100,DISABLED,DISABLED,1699,500,2100,DISABLED,DISABLED,1681,500,2100,DISABLED,DISABLED,1700,500,2100,DISABLED,DISABLED,1677,500,2100,DISABLED,DISABLED,1689,500,2100,DISABLED,DISABLED,1674,500,2100,DISABLED,DISABLED,1358,900,1500,N/A,DISABLED,45,914,1680,N/A,ENABLED,45,914,1680,N/A,ENABLED,45,914,1680,N/A,ENABLED,45,914,1680,N/A,ENABLED,38,711,1400,N/A,ENABLED,38,711,1400,N/A,ENABLED,38,711,1400,N/A,ENABLED,38,711,1400,N/A,ENABLED,N/A,67,66
1744596832,0,683,N/A,N/A,N/A,N/A,ENABLED,1680,500,2100,DISABLED,DISABLED,1653,500,2100,DISABLED,DISABLED,1695,500,2100,DISABLED,DISABLED,1676,500,2100,DISABLED,DISABLED,1696,500,2100,DISABLED,DISABLED,1674,500,2100,DISABLED,DISABLED,1685,500,2100,DISABLED,DISABLED,1671,500,2100,DISABLED,DISABLED,1357,900,1500,N/A,DISABLED,45,914,1680,N/A,ENABLED,45,914,1680,N/A,ENABLED,45,914,1680,N/A,ENABLED,45,914,1680,N/A,ENABLED,38,711,1400,N/A,ENABLED,38,711,1400,N/A,ENABLED,38,711,1400,N/A,ENABLED,38,711,1400,N/A,ENABLED,N/A,67,66
1744596833,0,682,N/A,N/A,N/A,N/A,ENABLED,1679,500,2100,DISABLED,DISABLED,1653,500,2100,DISABLED,DISABLED,1695,500,2100,DISABLED,DISABLED,1676,500,2100,DISABLED,DISABLED,1695,500,2100,DISABLED,DISABLED,1673,500,2100,DISABLED,DISABLED,1684,500,2100,DISABLED,DISABLED,1671,500,2100,DISABLED,DISABLED,1357,900,1500,N/A,DISABLED,45,914,1680,N/A,ENABLED,45,914,1680,N/A,ENABLED,45,914,1680,N/A,ENABLED,45,914,1680,N/A,ENABLED,38,711,1400,N/A,ENABLED,38,711,1400,N/A,ENABLED,38,711,1400,N/A,ENABLED,38,711,1400,N/A,ENABLED,N/A,67,66
1744596834,0,684,N/A,N/A,N/A,N/A,ENABLED,1673,500,2100,DISABLED,DISABLED,1647,500,2100,DISABLED,DISABLED,1690,500,2100,DISABLED,DISABLED,1672,500,2100,DISABLED,DISABLED,1690,500,2100,DISABLED,DISABLED,1669,500,2100,DISABLED,DISABLED,1679,500,2100,DISABLED,DISABLED,1666,500,2100,DISABLED,DISABLED,1359,900,1500,N/A,DISABLED,45,914,1680,N/A,ENABLED,45,914,1680,N/A,ENABLED,45,914,1680,N/A,ENABLED,45,914,1680,N/A,ENABLED,38,711,1400,N/A,ENABLED,38,711,1400,N/A,ENABLED,38,711,1400,N/A,ENABLED,38,711,1400,N/A,ENABLED,N/A,67,66
1744596835,0,681,N/A,N/A,N/A,N/A,ENABLED,1682,500,2100,DISABLED,DISABLED,1657,500,2100,DISABLED,DISABLED,1698,500,2100,DISABLED,DISABLED,1661,500,2100,DISABLED,DISABLED,1699,500,2100,DISABLED,DISABLED,1678,500,2100,DISABLED,DISABLED,1688,500,2100,DISABLED,DISABLED,1675,500,2100,DISABLED,DISABLED,1360,900,1500,N/A,DISABLED,45,914,1680,N/A,ENABLED,45,914,1680,N/A,ENABLED,45,914,1680,N/A,ENABLED,45,914,1680,N/A,ENABLED,38,711,1400,N/A,ENABLED,38,711,1400,N/A,ENABLED,38,711,1400,N/A,ENABLED,38,711,1400,N/A,ENABLED,N/A,68,66
1744596836,0,684,N/A,N/A,N/A,N/A,ENABLED,1677,500,2100,DISABLED,DISABLED,1651,500,2100,DISABLED,DISABLED,1694,500,2100,DISABLED,DISABLED,1654,500,2100,DISABLED,DISABLED,1693,500,2100,DISABLED,DISABLED,1672,500,2100,DISABLED,DISABLED,1682,500,2100,DISABLED,DISABLED,1669,500,2100,DISABLED,DISABLED,1358,900,1500,N/A,DISABLED,45,914,1680,N/A,ENABLED,45,914,1680,N/A,ENABLED,45,914,1680,N/A,ENABLED,45,914,1680,N/A,ENABLED,38,711,1400,N/A,ENABLED,38,711,1400,N/A,ENABLED,38,711,1400,N/A,ENABLED,38,711,1400,N/A,ENABLED,N/A,68,66
1744596838,0,681,N/A,N/A,N/A,N/A,ENABLED,1676,500,2100,DISABLED,DISABLED,1651,500,2100,DISABLED,DISABLED,1693,500,2100,DISABLED,DISABLED,1662,500,2100,DISABLED,DISABLED,1693,500,2100,DISABLED,DISABLED,1673,500,2100,DISABLED,DISABLED,1683,500,2100,DISABLED,DISABLED,1669,500,2100,DISABLED,DISABLED,1358,900,1500,N/A,DISABLED,45,914,1680,N/A,ENABLED,45,914,1680,N/A,ENABLED,45,914,1680,N/A,ENABLED,45,914,1680,N/A,ENABLED,38,711,1400,N/A,ENABLED,38,711,1400,N/A,ENABLED,38,711,1400,N/A,ENABLED,38,711,1400,N/A,ENABLED,N/A,68,67
1744596839,0,684,N/A,N/A,N/A,N/A,ENABLED,1680,500,2100,DISABLED,DISABLED,1653,500,2100,DISABLED,DISABLED,1695,500,2100,DISABLED,DISABLED,1679,500,2100,DISABLED,DISABLED,1695,500,2100,DISABLED,DISABLED,1673,500,2100,DISABLED,DISABLED,1684,500,2100,DISABLED,DISABLED,1671,500,2100,DISABLED,DISABLED,1356,900,1500,N/A,DISABLED,45,914,1680,N/A,ENABLED,45,914,1680,N/A,ENABLED,45,914,1680,N/A,ENABLED,45,914,1680,N/A,ENABLED,38,711,1400,N/A,ENABLED,38,711,1400,N/A,ENABLED,38,711,1400,N/A,ENABLED,38,711,1400,N/A,ENABLED,N/A,68,67
1744596840,0,684,N/A,N/A,N/A,N/A,ENABLED,1682,500,2100,DISABLED,DISABLED,1657,500,2100,DISABLED,DISABLED,1698,500,2100,DISABLED,DISABLED,1680,500,2100,DISABLED,DISABLED,1698,500,2100,DISABLED,DISABLED,1678,500,2100,DISABLED,DISABLED,1689,500,2100,DISABLED,DISABLED,1675,500,2100,DISABLED,DISABLED,1359,900,1500,N/A,DISABLED,45,914,1680,N/A,ENABLED,45,914,1680,N/A,ENABLED,45,914,1680,N/A,ENABLED,45,914,1680,N/A,ENABLED,38,711,1400,N/A,ENABLED,38,711,1400,N/A,ENABLED,38,711,1400,N/A,ENABLED,38,711,1400,N/A,ENABLED,N/A,68,67
1744596841,0,684,N/A,N/A,N/A,N/A,ENABLED,1675,500,2100,DISABLED,DISABLED,1649,500,2100,DISABLED,DISABLED,1691,500,2100,DISABLED,DISABLED,1675,500,2100,DISABLED,DISABLED,1691,500,2100,DISABLED,DISABLED,1671,500,2100,DISABLED,DISABLED,1680,500,2100,DISABLED,DISABLED,1667,500,2100,DISABLED,DISABLED,1357,900,1500,N/A,DISABLED,45,914,1680,N/A,ENABLED,45,914,1680,N/A,ENABLED,45,914,1680,N/A,ENABLED,45,914,1680,N/A,ENABLED,38,711,1400,N/A,ENABLED,38,711,1400,N/A,ENABLED,38,711,1400,N/A,ENABLED,38,711,1400,N/A,ENABLED,N/A,68,67
1744596842,0,684,N/A,N/A,N/A,N/A,ENABLED,1679,500,2100,DISABLED,DISABLED,1653,500,2100,DISABLED,DISABLED,1696,500,2100,DISABLED,DISABLED,1677,500,2100,DISABLED,DISABLED,1695,500,2100,DISABLED,DISABLED,1675,500,2100,DISABLED,DISABLED,1685,500,2100,DISABLED,DISABLED,1671,500,2100,DISABLED,DISABLED,1360,900,1500,N/A,DISABLED,45,914,1680,N/A,ENABLED,45,914,1680,N/A,ENABLED,45,914,1680,N/A,ENABLED,45,914,1680,N/A,ENABLED,38,711,1400,N/A,ENABLED,38,711,1400,N/A,ENABLED,38,711,1400,N/A,ENABLED,38,711,1400,N/A,ENABLED,N/A,68,67
1744596843,0,684,N/A,N/A,N/A,N/A,ENABLED,1683,500,2100,DISABLED,DISABLED,1657,500,2100,DISABLED,DISABLED,1699,500,2100,DISABLED,DISABLED,1681,500,2100,DISABLED,DISABLED,1700,500,2100,DISABLED,DISABLED,1679,500,2100,DISABLED,DISABLED,1688,500,2100,DISABLED,DISABLED,1674,500,2100,DISABLED,DISABLED,1360,900,1500,N/A,DISABLED,45,914,1680,N/A,ENABLED,45,914,1680,N/A,ENABLED,45,914,1680,N/A,ENABLED,45,914,1680,N/A,ENABLED,38,711,1400,N/A,ENABLED,38,711,1400,N/A,ENABLED,38,711,1400,N/A,ENABLED,38,711,1400,N/A,ENABLED,N/A,68,67
1744596845,0,686,N/A,N/A,N/A,N/A,ENABLED,1683,500,2100,DISABLED,DISABLED,1656,500,2100,DISABLED,DISABLED,1698,500,2100,DISABLED,DISABLED,1680,500,2100,DISABLED,DISABLED,1698,500,2100,DISABLED,DISABLED,1677,500,2100,DISABLED,DISABLED,1688,500,2100,DISABLED,DISABLED,1674,500,2100,DISABLED,DISABLED,1360,900,1500,N/A,DISABLED,45,914,1680,N/A,ENABLED,45,914,1680,N/A,ENABLED,45,914,1680,N/A,ENABLED,45,914,1680,N/A,ENABLED,38,711,1400,N/A,ENABLED,38,711,1400,N/A,ENABLED,38,711,1400,N/A,ENABLED,38,711,1400,N/A,ENABLED,N/A,68,67
1744596846,0,685,N/A,N/A,N/A,N/A,ENABLED,1677,500,2100,DISABLED,DISABLED,1649,500,2100,DISABLED,DISABLED,1693,500,2100,DISABLED,DISABLED,1676,500,2100,DISABLED,DISABLED,1692,500,2100,DISABLED,DISABLED,1671,500,2100,DISABLED,DISABLED,1682,500,2100,DISABLED,DISABLED,1667,500,2100,DISABLED,DISABLED,1357,900,1500,N/A,DISABLED,45,914,1680,N/A,ENABLED,45,914,1680,N/A,ENABLED,45,914,1680,N/A,ENABLED,45,914,1680,N/A,ENABLED,38,711,1400,N/A,ENABLED,38,711,1400,N/A,ENABLED,38,711,1400,N/A,ENABLED,38,711,1400,N/A,ENABLED,N/A,68,67
1744596847,0,685,N/A,N/A,N/A,N/A,ENABLED,1684,500,2100,DISABLED,DISABLED,1657,500,2100,DISABLED,DISABLED,1701,500,2100,DISABLED,DISABLED,1682,500,2100,DISABLED,DISABLED,1700,500,2100,DISABLED,DISABLED,1678,500,2100,DISABLED,DISABLED,1689,500,2100,DISABLED,DISABLED,1674,500,2100,DISABLED,DISABLED,1358,900,1500,N/A,DISABLED,45,914,1680,N/A,ENABLED,45,914,1680,N/A,ENABLED,45,914,1680,N/A,ENABLED,45,914,1680,N/A,ENABLED,38,711,1400,N/A,ENABLED,38,711,1400,N/A,ENABLED,38,711,1400,N/A,ENABLED,38,711,1400,N/A,ENABLED,N/A,68,67
1744596848,0,683,N/A,N/A,N/A,N/A,ENABLED,1673,500,2100,DISABLED,DISABLED,1646,500,2100,DISABLED,DISABLED,1689,500,2100,DISABLED,DISABLED,1673,500,2100,DISABLED,DISABLED,1689,500,2100,DISABLED,DISABLED,1668,500,2100,DISABLED,DISABLED,1680,500,2100,DISABLED,DISABLED,1665,500,2100,DISABLED,DISABLED,1357,900,1500,N/A,DISABLED,45,914,1680,N/A,ENABLED,45,914,1680,N/A,ENABLED,45,914,1680,N/A,ENABLED,45,914,1680,N/A,ENABLED,38,711,1400,N/A,ENABLED,38,711,1400,N/A,ENABLED,38,711,1400,N/A,ENABLED,38,711,1400,N/A,ENABLED,N/A,69,67
1744596849,0,685,N/A,N/A,N/A,N/A,ENABLED,1679,500,2100,DISABLED,DISABLED,1652,500,2100,DISABLED,DISABLED,1695,500,2100,DISABLED,DISABLED,1679,500,2100,DISABLED,DISABLED,1695,500,2100,DISABLED,DISABLED,1674,500,2100,DISABLED,DISABLED,1685,500,2100,DISABLED,DISABLED,1670,500,2100,DISABLED,DISABLED,1357,900,1500,N/A,DISABLED,45,914,1680,N/A,ENABLED,45,914,1680,N/A,ENABLED,45,914,1680,N/A,ENABLED,45,914,1680,N/A,ENABLED,38,711,1400,N/A,ENABLED,38,711,1400,N/A,ENABLED,38,711,1400,N/A,ENABLED,38,711,1400,N/A,ENABLED,N/A,69,67
1744596851,0,686,N/A,N/A,N/A,N/A,ENABLED,1673,500,2100,DISABLED,DISABLED,1647,500,2100,DISABLED,DISABLED,1690,500,2100,DISABLED,DISABLED,1673,500,2100,DISABLED,DISABLED,1690,500,2100,DISABLED,DISABLED,1669,500,2100,DISABLED,DISABLED,1680,500,2100,DISABLED,DISABLED,1665,500,2100,DISABLED,DISABLED,1358,900,1500,N/A,DISABLED,45,914,1680,N/A,ENABLED,45,914,1680,N/A,ENABLED,45,914,1680,N/A,ENABLED,45,914,1680,N/A,ENABLED,38,711,1400,N/A,ENABLED,38,711,1400,N/A,ENABLED,38,711,1400,N/A,ENABLED,38,711,1400,N/A,ENABLED,N/A,69,67
1744596852,0,684,N/A,N/A,N/A,N/A,ENABLED,1676,500,2100,DISABLED,DISABLED,1649,500,2100,DISABLED,DISABLED,1692,500,2100,DISABLED,DISABLED,1676,500,2100,DISABLED,DISABLED,1693,500,2100,DISABLED,DISABLED,1672,500,2100,DISABLED,DISABLED,1682,500,2100,DISABLED,DISABLED,1667,500,2100,DISABLED,DISABLED,1360,900,1500,N/A,DISABLED,45,914,1680,N/A,ENABLED,45,914,1680,N/A,ENABLED,45,914,1680,N/A,ENABLED,45,914,1680,N/A,ENABLED,38,711,1400,N/A,ENABLED,38,711,1400,N/A,ENABLED,38,711,1400,N/A,ENABLED,38,711,1400,N/A,ENABLED,N/A,69,67
1744596853,0,685,N/A,N/A,N/A,N/A,ENABLED,1678,500,2100,DISABLED,DISABLED,1652,500,2100,DISABLED,DISABLED,1695,500,2100,DISABLED,DISABLED,1678,500,2100,DISABLED,DISABLED,1696,500,2100,DISABLED,DISABLED,1674,500,2100,DISABLED,DISABLED,1658,500,2100,DISABLED,DISABLED,1668,500,2100,DISABLED,DISABLED,1356,900,1500,N/A,DISABLED,45,914,1680,N/A,ENABLED,44,914,1680,N/A,ENABLED,45,914,1680,N/A,ENABLED,45,914,1680,N/A,ENABLED,38,711,1400,N/A,ENABLED,38,711,1400,N/A,ENABLED,38,711,1400,N/A,ENABLED,38,711,1400,N/A,ENABLED,N/A,69,68
1744596854,0,686,N/A,N/A,N/A,N/A,ENABLED,1680,500,2100,DISABLED,DISABLED,1654,500,2100,DISABLED,DISABLED,1696,500,2100,DISABLED,DISABLED,1680,500,2100,DISABLED,DISABLED,1696,500,2100,DISABLED,DISABLED,1662,500,2100,DISABLED,DISABLED,1667,500,2100,DISABLED,DISABLED,1648,500,2100,DISABLED,DISABLED,1357,900,1500,N/A,DISABLED,45,914,1680,N/A,ENABLED,45,914,1680,N/A,ENABLED,45,914,1680,N/A,ENABLED,45,914,1680,N/A,ENABLED,38,711,1400,N/A,ENABLED,38,711,1400,N/A,ENABLED,38,711,1400,N/A,ENABLED,38,711,1400,N/A,ENABLED,N/A,69,68
1744596855,0,679,N/A,N/A,N/A,N/A,ENABLED,1673,500,2100,DISABLED,DISABLED,1646,500,2100,DISABLED,DISABLED,1689,500,2100,DISABLED,DISABLED,1672,500,2100,DISABLED,DISABLED,1688,500,2100,DISABLED,DISABLED,1651,500,2100,DISABLED,DISABLED,1677,500,2100,DISABLED,DISABLED,1646,500,2100,DISABLED,DISABLED,1359,900,1500,N/A,DISABLED,45,914,1680,N/A,ENABLED,45,914,1680,N/A,ENABLED,45,914,1680,N/A,ENABLED,45,914,1680,N/A,ENABLED,38,711,1400,N/A,ENABLED,38,711,1400,N/A,ENABLED,38,711,1400,N/A,ENABLED,38,711,1400,N/A,ENABLED,N/A,69,68
1744596856,0,680,N/A,N/A,N/A,N/A,ENABLED,1671,500,2100,DISABLED,DISABLED,1644,500,2100,DISABLED,DISABLED,1687,500,2100,DISABLED,DISABLED,1669,500,2100,DISABLED,DISABLED,1686,500,2100,DISABLED,DISABLED,1646,500,2100,DISABLED,DISABLED,1676,500,2100,DISABLED,DISABLED,1661,500,2100,DISABLED,DISABLED,1357,900,1500,N/A,DISABLED,45,914,1680,N/A,ENABLED,45,914,1680,N/A,ENABLED,45,914,1680,N/A,ENABLED,45,914,1680,N/A,ENABLED,38,711,1400,N/A,ENABLED,38,711,1400,N/A,ENABLED,38,711,1400,N/A,ENABLED,38,711,1400,N/A,ENABLED,N/A,69,68
1744596858,0,682,N/A,N/A,N/A,N/A,ENABLED,1657,500,2100,DISABLED,DISABLED,1635,500,2100,DISABLED,DISABLED,1687,500,2100,DISABLED,DISABLED,1671,500,2100,DISABLED,DISABLED,1688,500,2100,DISABLED,DISABLED,1666,500,2100,DISABLED,DISABLED,1677,500,2100,DISABLED,DISABLED,1663,500,2100,DISABLED,DISABLED,1357,900,1500,N/A,DISABLED,45,914,1680,N/A,ENABLED,45,914,1680,N/A,ENABLED,45,914,1680,N/A,ENABLED,45,914,1680,N/A,ENABLED,38,711,1400,N/A,ENABLED,38,711,1400,N/A,ENABLED,38,711,1400,N/A,ENABLED,38,711,1400,N/A,ENABLED,N/A,69,68
1744596859,0,684,N/A,N/A,N/A,N/A,ENABLED,1662,500,2100,DISABLED,DISABLED,1632,500,2100,DISABLED,DISABLED,1693,500,2100,DISABLED,DISABLED,1677,500,2100,DISABLED,DISABLED,1693,500,2100,DISABLED,DISABLED,1671,500,2100,DISABLED,DISABLED,1683,500,2100,DISABLED,DISABLED,1669,500,2100,DISABLED,DISABLED,1358,900,1500,N/A,DISABLED,45,914,1680,N/A,ENABLED,45,914,1680,N/A,ENABLED,45,914,1680,N/A,ENABLED,45,914,1680,N/A,ENABLED,38,711,1400,N/A,ENABLED,38,711,1400,N/A,ENABLED,38,711,1400,N/A,ENABLED,38,711,1400,N/A,ENABLED,N/A,69,68
1744596860,0,686,N/A,N/A,N/A,N/A,ENABLED,1653,500,2100,DISABLED,DISABLED,1624,500,2100,DISABLED,DISABLED,1676,500,2100,DISABLED,DISABLED,1669,500,2100,DISABLED,DISABLED,1671,500,2100,DISABLED,DISABLED,1666,500,2100,DISABLED,DISABLED,1678,500,2100,DISABLED,DISABLED,1663,500,2100,DISABLED,DISABLED,1356,900,1500,N/A,DISABLED,45,914,1680,N/A,ENABLED,45,914,1680,N/A,ENABLED,45,914,1680,N/A,ENABLED,45,914,1680,N/A,ENABLED,38,711,1400,N/A,ENABLED,38,711,1400,N/A,ENABLED,38,711,1400,N/A,ENABLED,38,711,1400,N/A,ENABLED,N/A,69,68
1744596861,0,677,N/A,N/A,N/A,N/A,ENABLED,1670,500,2100,DISABLED,DISABLED,1643,500,2100,DISABLED,DISABLED,1673,500,2100,DISABLED,DISABLED,1671,500,2100,DISABLED,DISABLED,1667,500,2100,DISABLED,DISABLED,1666,500,2100,DISABLED,DISABLED,1677,500,2100,DISABLED,DISABLED,1662,500,2100,DISABLED,DISABLED,1358,900,1500,N/A,DISABLED,45,914,1680,N/A,ENABLED,45,914,1680,N/A,ENABLED,45,914,1680,N/A,ENABLED,45,914,1680,N/A,ENABLED,38,711,1400,N/A,ENABLED,38,711,1400,N/A,ENABLED,38,711,1400,N/A,ENABLED,38,711,1400,N/A,ENABLED,N/A,69,68
1744596862,0,686,N/A,N/A,N/A,N/A,ENABLED,1678,500,2100,DISABLED,DISABLED,1651,500,2100,DISABLED,DISABLED,1674,500,2100,DISABLED,DISABLED,1675,500,2100,DISABLED,DISABLED,1677,500,2100,DISABLED,DISABLED,1672,500,2100,DISABLED,DISABLED,1684,500,2100,DISABLED,DISABLED,1669,500,2100,DISABLED,DISABLED,1357,900,1500,N/A,DISABLED,45,914,1680,N/A,ENABLED,45,914,1680,N/A,ENABLED,45,914,1680,N/A,ENABLED,45,914,1680,N/A,ENABLED,38,711,1400,N/A,ENABLED,38,711,1400,N/A,ENABLED,38,711,1400,N/A,ENABLED,38,711,1400,N/A,ENABLED,N/A,69,68
1744596863,0,682,N/A,N/A,N/A,N/A,ENABLED,1670,500,2100,DISABLED,DISABLED,1642,500,2100,DISABLED,DISABLED,1685,500,2100,DISABLED,DISABLED,1671,500,2100,DISABLED,DISABLED,1687,500,2100,DISABLED,DISABLED,1664,500,2100,DISABLED,DISABLED,1676,500,2100,DISABLED,DISABLED,1661,500,2100,DISABLED,DISABLED,1359,900,1500,N/A,DISABLED,45,914,1680,N/A,ENABLED,45,914,1680,N/A,ENABLED,45,914,1680,N/A,ENABLED,45,914,1680,N/A,ENABLED,38,711,1400,N/A,ENABLED,38,711,1400,N/A,ENABLED,38,711,1400,N/A,ENABLED,38,711,1400,N/A,ENABLED,N/A,70,68
1744596865,0,681,N/A,N/A,N/A,N/A,ENABLED,1671,500,2100,DISABLED,DISABLED,1644,500,2100,DISABLED,DISABLED,1688,500,2100,DISABLED,DISABLED,1672,500,2100,DISABLED,DISABLED,1688,500,2100,DISABLED,DISABLED,1667,500,2100,DISABLED,DISABLED,1678,500,2100,DISABLED,DISABLED,1663,500,2100,DISABLED,DISABLED,1359,900,1500,N/A,DISABLED,45,914,1680,N/A,ENABLED,45,914,1680,N/A,ENABLED,45,914,1680,N/A,ENABLED,45,914,1680,N/A,ENABLED,38,711,1400,N/A,ENABLED,38,711,1400,N/A,ENABLED,38,711,1400,N/A,ENABLED,38,711,1400,N/A,ENABLED,N/A,70,69
1744596866,0,686,N/A,N/A,N/A,N/A,ENABLED,1682,500,2100,DISABLED,DISABLED,1655,500,2100,DISABLED,DISABLED,1699,500,2100,DISABLED,DISABLED,1679,500,2100,DISABLED,DISABLED,1699,500,2100,DISABLED,DISABLED,1677,500,2100,DISABLED,DISABLED,1689,500,2100,DISABLED,DISABLED,1674,500,2100,DISABLED,DISABLED,1356,900,1500,N/A,DISABLED,45,914,1680,N/A,ENABLED,45,914,1680,N/A,ENABLED,45,914,1680,N/A,ENABLED,45,914,1680,N/A,ENABLED,38,711,1400,N/A,ENABLED,38,711,1400,N/A,ENABLED,38,711,1400,N/A,ENABLED,38,711,1400,N/A,ENABLED,N/A,70,68
1744596867,0,683,N/A,N/A,N/A,N/A,ENABLED,1674,500,2100,DISABLED,DISABLED,1646,500,2100,DISABLED,DISABLED,1691,500,2100,DISABLED,DISABLED,1672,500,2100,DISABLED,DISABLED,1691,500,2100,DISABLED,DISABLED,1670,500,2100,DISABLED,DISABLED,1681,500,2100,DISABLED,DISABLED,1666,500,2100,DISABLED,DISABLED,1357,900,1500,N/A,DISABLED,45,914,1680,N/A,ENABLED,45,914,1680,N/A,ENABLED,45,914,1680,N/A,ENABLED,45,914,1680,N/A,ENABLED,38,711,1400,N/A,ENABLED,38,711,1400,N/A,ENABLED,38,711,1400,N/A,ENABLED,38,711,1400,N/A,ENABLED,N/A,70,69
1744596868,0,686,N/A,N/A,N/A,N/A,ENABLED,1675,500,2100,DISABLED,DISABLED,1647,500,2100,DISABLED,DISABLED,1691,500,2100,DISABLED,DISABLED,1667,500,2100,DISABLED,DISABLED,1691,500,2100,DISABLED,DISABLED,1670,500,2100,DISABLED,DISABLED,1683,500,2100,DISABLED,DISABLED,1667,500,2100,DISABLED,DISABLED,1360,900,1500,N/A,DISABLED,45,914,1680,N/A,ENABLED,45,914,1680,N/A,ENABLED,45,914,1680,N/A,ENABLED,45,914,1680,N/A,ENABLED,38,711,1400,N/A,ENABLED,38,711,1400,N/A,ENABLED,38,711,1400,N/A,ENABLED,38,711,1400,N/A,ENABLED,N/A,70,68
1744596869,0,685,N/A,N/A,N/A,N/A,ENABLED,1674,500,2100,DISABLED,DISABLED,1646,500,2100,DISABLED,DISABLED,1690,500,2100,DISABLED,DISABLED,1657,500,2100,DISABLED,DISABLED,1691,500,2100,DISABLED,DISABLED,1668,500,2100,DISABLED,DISABLED,1680,500,2100,DISABLED,DISABLED,1665,500,2100,DISABLED,DISABLED,1357,900,1500,N/A,DISABLED,45,914,1680,N/A,ENABLED,45,914,1680,N/A,ENABLED,45,914,1680,N/A,ENABLED,45,914,1680,N/A,ENABLED,38,711,1400,N/A,ENABLED,38,711,1400,N/A,ENABLED,38,711,1400,N/A,ENABLED,38,711,1400,N/A,ENABLED,N/A,70,69
1744596871,0,685,N/A,N/A,N/A,N/A,ENABLED,1673,500,2100,DISABLED,DISABLED,1645,500,2100,DISABLED,DISABLED,1690,500,2100,DISABLED,DISABLED,1653,500,2100,DISABLED,DISABLED,1689,500,2100,DISABLED,DISABLED,1668,500,2100,DISABLED,DISABLED,1679,500,2100,DISABLED,DISABLED,1664,500,2100,DISABLED,DISABLED,1357,900,1500,N/A,DISABLED,45,914,1680,N/A,ENABLED,45,914,1680,N/A,ENABLED,45,914,1680,N/A,ENABLED,45,914,1680,N/A,ENABLED,38,711,1400,N/A,ENABLED,38,711,1400,N/A,ENABLED,38,711,1400,N/A,ENABLED,38,711,1400,N/A,ENABLED,N/A,70,69
1744596872,0,686,N/A,N/A,N/A,N/A,ENABLED,1675,500,2100,DISABLED,DISABLED,1647,500,2100,DISABLED,DISABLED,1692,500,2100,DISABLED,DISABLED,1674,500,2100,DISABLED,DISABLED,1691,500,2100,DISABLED,DISABLED,1670,500,2100,DISABLED,DISABLED,1681,500,2100,DISABLED,DISABLED,1666,500,2100,DISABLED,DISABLED,1356,900,1500,N/A,DISABLED,45,914,1680,N/A,ENABLED,45,914,1680,N/A,ENABLED,45,914,1680,N/A,ENABLED,45,914,1680,N/A,ENABLED,38,711,1400,N/A,ENABLED,38,711,1400,N/A,ENABLED,38,711,1400,N/A,ENABLED,38,711,1400,N/A,ENABLED,N/A,70,69
1744596873,0,685,N/A,N/A,N/A,N/A,ENABLED,1668,500,2100,DISABLED,DISABLED,1640,500,2100,DISABLED,DISABLED,1685,500,2100,DISABLED,DISABLED,1668,500,2100,DISABLED,DISABLED,1684,500,2100,DISABLED,DISABLED,1663,500,2100,DISABLED,DISABLED,1675,500,2100,DISABLED,DISABLED,1660,500,2100,DISABLED,DISABLED,1357,900,1500,N/A,DISABLED,45,914,1680,N/A,ENABLED,45,914,1680,N/A,ENABLED,45,914,1680,N/A,ENABLED,45,914,1680,N/A,ENABLED,38,711,1400,N/A,ENABLED,38,711,1400,N/A,ENABLED,38,711,1400,N/A,ENABLED,38,711,1400,N/A,ENABLED,N/A,70,69
1744596874,0,686,N/A,N/A,N/A,N/A,ENABLED,1672,500,2100,DISABLED,DISABLED,1644,500,2100,DISABLED,DISABLED,1688,500,2100,DISABLED,DISABLED,1671,500,2100,DISABLED,DISABLED,1688,500,2100,DISABLED,DISABLED,1667,500,2100,DISABLED,DISABLED,1677,500,2100,DISABLED,DISABLED,1663,500,2100,DISABLED,DISABLED,1359,900,1500,N/A,DISABLED,45,914,1680,N/A,ENABLED,45,914,1680,N/A,ENABLED,45,914,1680,N/A,ENABLED,45,914,1680,N/A,ENABLED,38,711,1400,N/A,ENABLED,38,711,1400,N/A,ENABLED,38,711,1400,N/A,ENABLED,38,711,1400,N/A,ENABLED,N/A,70,69
1744596875,0,681,N/A,N/A,N/A,N/A,ENABLED,1674,500,2100,DISABLED,DISABLED,1646,500,2100,DISABLED,DISABLED,1689,500,2100,DISABLED,DISABLED,1671,500,2100,DISABLED,DISABLED,1689,500,2100,DISABLED,DISABLED,1668,500,2100,DISABLED,DISABLED,1680,500,2100,DISABLED,DISABLED,1665,500,2100,DISABLED,DISABLED,1358,900,1500,N/A,DISABLED,45,914,1680,N/A,ENABLED,45,914,1680,N/A,ENABLED,45,914,1680,N/A,ENABLED,45,914,1680,N/A,ENABLED,38,711,1400,N/A,ENABLED,38,711,1400,N/A,ENABLED,38,711,1400,N/A,ENABLED,38,711,1400,N/A,ENABLED,N/A,70,69
1744596876,0,681,N/A,N/A,N/A,N/A,ENABLED,1669,500,2100,DISABLED,DISABLED,1641,500,2100,DISABLED,DISABLED,1685,500,2100,DISABLED,DISABLED,1667,500,2100,DISABLED,DISABLED,1684,500,2100,DISABLED,DISABLED,1665,500,2100,DISABLED,DISABLED,1675,500,2100,DISABLED,DISABLED,1661,500,2100,DISABLED,DISABLED,1361,900,1500,N/A,DISABLED,45,914,1680,N/A,ENABLED,45,914,1680,N/A,ENABLED,45,914,1680,N/A,ENABLED,45,914,1680,N/A,ENABLED,38,711,1400,N/A,ENABLED,38,711,1400,N/A,ENABLED,38,711,1400,N/A,ENABLED,38,711,1400,N/A,ENABLED,N/A,70,69
1744596878,0,686,N/A,N/A,N/A,N/A,ENABLED,1674,500,2100,DISABLED,DISABLED,1645,500,2100,DISABLED,DISABLED,1690,500,2100,DISABLED,DISABLED,1673,500,2100,DISABLED,DISABLED,1689,500,2100,DISABLED,DISABLED,1668,500,2100,DISABLED,DISABLED,1679,500,2100,DISABLED,DISABLED,1663,500,2100,DISABLED,DISABLED,1356,900,1500,N/A,DISABLED,45,914,1680,N/A,ENABLED,45,914,1680,N/A,ENABLED,45,914,1680,N/A,ENABLED,45,914,1680,N/A,ENABLED,38,711,1400,N/A,ENABLED,38,711,1400,N/A,ENABLED,38,711,1400,N/A,ENABLED,38,711,1400,N/A,ENABLED,N/A,70,69
1744596879,0,686,N/A,N/A,N/A,N/A,ENABLED,1674,500,2100,DISABLED,DISABLED,1646,500,2100,DISABLED,DISABLED,1690,500,2100,DISABLED,DISABLED,1672,500,2100,DISABLED,DISABLED,1689,500,2100,DISABLED,DISABLED,1670,500,2100,DISABLED,DISABLED,1681,500,2100,DISABLED,DISABLED,1665,500,2100,DISABLED,DISABLED,1359,900,1500,N/A,DISABLED,45,914,1680,N/A,ENABLED,45,914,1680,N/A,ENABLED,45,914,1680,N/A,ENABLED,45,914,1680,N/A,ENABLED,38,711,1400,N/A,ENABLED,38,711,1400,N/A,ENABLED,38,711,1400,N/A,ENABLED,38,711,1400,N/A,ENABLED,N/A,70,69
1744596880,0,686,N/A,N/A,N/A,N/A,ENABLED,1675,500,2100,DISABLED,DISABLED,1647,500,2100,DISABLED,DISABLED,1690,500,2100,DISABLED,DISABLED,1672,500,2100,DISABLED,DISABLED,1690,500,2100,DISABLED,DISABLED,1670,500,2100,DISABLED,DISABLED,1682,500,2100,DISABLED,DISABLED,1667,500,2100,DISABLED,DISABLED,1358,900,1500,N/A,DISABLED,45,914,1680,N/A,ENABLED,45,914,1680,N/A,ENABLED,45,914,1680,N/A,ENABLED,45,914,1680,N/A,ENABLED,38,711,1400,N/A,ENABLED,38,711,1400,N/A,ENABLED,38,711,1400,N/A,ENABLED,38,711,1400,N/A,ENABLED,N/A,70,69
1744596881,0,685,N/A,N/A,N/A,N/A,ENABLED,1674,500,2100,DISABLED,DISABLED,1645,500,2100,DISABLED,DISABLED,1689,500,2100,DISABLED,DISABLED,1671,500,2100,DISABLED,DISABLED,1689,500,2100,DISABLED,DISABLED,1668,500,2100,DISABLED,DISABLED,1680,500,2100,DISABLED,DISABLED,1664,500,2100,DISABLED,DISABLED,1359,900,1500,N/A,DISABLED,45,914,1680,N/A,ENABLED,45,914,1680,N/A,ENABLED,45,914,1680,N/A,ENABLED,45,914,1680,N/A,ENABLED,38,711,1400,N/A,ENABLED,38,711,1400,N/A,ENABLED,38,711,1400,N/A,ENABLED,38,711,1400,N/A,ENABLED,N/A,70,69
1744596882,0,682,N/A,N/A,N/A,N/A,ENABLED,1670,500,2100,DISABLED,DISABLED,1642,500,2100,DISABLED,DISABLED,1686,500,2100,DISABLED,DISABLED,1668,500,2100,DISABLED,DISABLED,1686,500,2100,DISABLED,DISABLED,1666,500,2100,DISABLED,DISABLED,1678,500,2100,DISABLED,DISABLED,1662,500,2100,DISABLED,DISABLED,1358,900,1500,N/A,DISABLED,45,914,1680,N/A,ENABLED,45,914,1680,N/A,ENABLED,45,914,1680,N/A,ENABLED,45,914,1680,N/A,ENABLED,38,711,1400,N/A,ENABLED,38,711,1400,N/A,ENABLED,38,711,1400,N/A,ENABLED,38,711,1400,N/A,ENABLED,N/A,70,69
1744596884,0,685,N/A,N/A,N/A,N/A,ENABLED,1671,500,2100,DISABLED,DISABLED,1644,500,2100,DISABLED,DISABLED,1687,500,2100,DISABLED,DISABLED,1668,500,2100,DISABLED,DISABLED,1687,500,2100,DISABLED,DISABLED,1667,500,2100,DISABLED,DISABLED,1678,500,2100,DISABLED,DISABLED,1662,500,2100,DISABLED,DISABLED,1358,900,1500,N/A,DISABLED,45,914,1680,N/A,ENABLED,45,914,1680,N/A,ENABLED,45,914,1680,N/A,ENABLED,45,914,1680,N/A,ENABLED,38,711,1400,N/A,ENABLED,38,711,1400,N/A,ENABLED,38,711,1400,N/A,ENABLED,38,711,1400,N/A,ENABLED,N/A,71,69
1744596885,0,686,N/A,N/A,N/A,N/A,ENABLED,1673,500,2100,DISABLED,DISABLED,1645,500,2100,DISABLED,DISABLED,1688,500,2100,DISABLED,DISABLED,1671,500,2100,DISABLED,DISABLED,1688,500,2100,DISABLED,DISABLED,1668,500,2100,DISABLED,DISABLED,1678,500,2100,DISABLED,DISABLED,1663,500,2100,DISABLED,DISABLED,1356,900,1500,N/A,DISABLED,45,914,1680,N/A,ENABLED,45,914,1680,N/A,ENABLED,45,914,1680,N/A,ENABLED,45,914,1680,N/A,ENABLED,38,711,1400,N/A,ENABLED,38,711,1400,N/A,ENABLED,38,711,1400,N/A,ENABLED,38,711,1400,N/A,ENABLED,N/A,71,69
1744596886,0,683,N/A,N/A,N/A,N/A,ENABLED,1673,500,2100,DISABLED,DISABLED,1644,500,2100,DISABLED,DISABLED,1687,500,2100,DISABLED,DISABLED,1669,500,2100,DISABLED,DISABLED,1687,500,2100,DISABLED,DISABLED,1667,500,2100,DISABLED,DISABLED,1661,500,2100,DISABLED,DISABLED,1663,500,2100,DISABLED,DISABLED,1360,900,1500,N/A,DISABLED,45,914,1680,N/A,ENABLED,45,914,1680,N/A,ENABLED,45,914,1680,N/A,ENABLED,45,914,1680,N/A,ENABLED,38,711,1400,N/A,ENABLED,38,711,1400,N/A,ENABLED,38,711,1400,N/A,ENABLED,38,711,1400,N/A,ENABLED,N/A,71,69
1744596887,0,686,N/A,N/A,N/A,N/A,ENABLED,1674,500,2100,DISABLED,DISABLED,1647,500,2100,DISABLED,DISABLED,1690,500,2100,DISABLED,DISABLED,1672,500,2100,DISABLED,DISABLED,1690,500,2100,DISABLED,DISABLED,1670,500,2100,DISABLED,DISABLED,1658,500,2100,DISABLED,DISABLED,1646,500,2100,DISABLED,DISABLED,1358,900,1500,N/A,DISABLED,45,914,1680,N/A,ENABLED,45,914,1680,N/A,ENABLED,45,914,1680,N/A,ENABLED,45,914,1680,N/A,ENABLED,38,711,1400,N/A,ENABLED,38,711,1400,N/A,ENABLED,38,711,1400,N/A,ENABLED,38,711,1400,N/A,ENABLED,N/A,71,70
1744596888,0,686,N/A,N/A,N/A,N/A,ENABLED,1671,500,2100,DISABLED,DISABLED,1642,500,2100,DISABLED,DISABLED,1686,500,2100,DISABLED,DISABLED,1669,500,2100,DISABLED,DISABLED,1685,500,2100,DISABLED,DISABLED,1644,500,2100,DISABLED,DISABLED,1669,500,2100,DISABLED,DISABLED,1638,500,2100,DISABLED,DISABLED,1357,900,1500,N/A,DISABLED,45,914,1680,N/A,ENABLED,45,914,1680,N/A,ENABLED,45,914,1680,N/A,ENABLED,45,914,1680,N/A,ENABLED,38,711,1400,N/A,ENABLED,38,711,1400,N/A,ENABLED,38,711,1400,N/A,ENABLED,38,711,1400,N/A,ENABLED,N/A,71,69
1744596889,0,687,N/A,N/A,N/A,N/A,ENABLED,1671,500,2100,DISABLED,DISABLED,1643,500,2100,DISABLED,DISABLED,1688,500,2100,DISABLED,DISABLED,1671,500,2100,DISABLED,DISABLED,1688,500,2100,DISABLED,DISABLED,1647,500,2100,DISABLED,DISABLED,1681,500,2100,DISABLED,DISABLED,1659,500,2100,DISABLED,DISABLED,1356,900,1500,N/A,DISABLED,45,914,1680,N/A,ENABLED,45,914,1680,N/A,ENABLED,45,914,1680,N/A,ENABLED,45,914,1680,N/A,ENABLED,38,711,1400,N/A,ENABLED,38,711,1400,N/A,ENABLED,38,711,1400,N/A,ENABLED,38,711,1400,N/A,ENABLED,N/A,71,69
1744596891,0,688,N/A,N/A,N/A,N/A,ENABLED,1670,500,2100,DISABLED,DISABLED,1642,500,2100,DISABLED,DISABLED,1686,500,2100,DISABLED,DISABLED,1670,500,2100,DISABLED,DISABLED,1686,500,2100,DISABLED,DISABLED,1668,500,2100,DISABLED,DISABLED,1680,500,2100,DISABLED,DISABLED,1664,500,2100,DISABLED,DISABLED,1356,900,1500,N/A,DISABLED,45,914,1680,N/A,ENABLED,45,914,1680,N/A,ENABLED,45,914,1680,N/A,ENABLED,45,914,1680,N/A,ENABLED,38,711,1400,N/A,ENABLED,38,711,1400,N/A,ENABLED,38,711,1400,N/A,ENABLED,38,711,1400,N/A,ENABLED,N/A,71,69
1744596892,0,684,N/A,N/A,N/A,N/A,ENABLED,1647,500,2100,DISABLED,DISABLED,1615,500,2100,DISABLED,DISABLED,1687,500,2100,DISABLED,DISABLED,1667,500,2100,DISABLED,DISABLED,1685,500,2100,DISABLED,DISABLED,1664,500,2100,DISABLED,DISABLED,1676,500,2100,DISABLED,DISABLED,1660,500,2100,DISABLED,DISABLED,1358,900,1500,N/A,DISABLED,45,914,1680,N/A,ENABLED,45,914,1680,N/A,ENABLED,45,914,1680,N/A,ENABLED,45,914,1680,N/A,ENABLED,38,711,1400,N/A,ENABLED,38,711,1400,N/A,ENABLED,38,711,1400,N/A,ENABLED,38,711,1400,N/A,ENABLED,N/A,71,69
1744596893,0,682,N/A,N/A,N/A,N/A,ENABLED,1641,500,2100,DISABLED,DISABLED,1611,500,2100,DISABLED,DISABLED,1682,500,2100,DISABLED,DISABLED,1665,500,2100,DISABLED,DISABLED,1681,500,2100,DISABLED,DISABLED,1660,500,2100,DISABLED,DISABLED,1673,500,2100,DISABLED,DISABLED,1657,500,2100,DISABLED,DISABLED,1359,900,1500,N/A,DISABLED,45,914,1680,N/A,ENABLED,45,914,1680,N/A,ENABLED,45,914,1680,N/A,ENABLED,45,914,1680,N/A,ENABLED,38,711,1400,N/A,ENABLED,38,711,1400,N/A,ENABLED,38,711,1400,N/A,ENABLED,38,711,1400,N/A,ENABLED,N/A,71,70
1744596894,0,683,N/A,N/A,N/A,N/A,ENABLED,1669,500,2100,DISABLED,DISABLED,1640,500,2100,DISABLED,DISABLED,1669,500,2100,DISABLED,DISABLED,1670,500,2100,DISABLED,DISABLED,1670,500,2100,DISABLED,DISABLED,1666,500,2100,DISABLED,DISABLED,1677,500,2100,DISABLED,DISABLED,1661,500,2100,DISABLED,DISABLED,1358,900,1500,N/A,DISABLED,45,914,1680,N/A,ENABLED,45,914,1680,N/A,ENABLED,45,914,1680,N/A,ENABLED,45,914,1680,N/A,ENABLED,38,711,1400,N/A,ENABLED,38,711,1400,N/A,ENABLED,38,711,1400,N/A,ENABLED,38,711,1400,N/A,ENABLED,N/A,71,70
1744596895,0,684,N/A,N/A,N/A,N/A,ENABLED,1672,500,2100,DISABLED,DISABLED,1643,500,2100,DISABLED,DISABLED,1666,500,2100,DISABLED,DISABLED,1672,500,2100,DISABLED,DISABLED,1669,500,2100,DISABLED,DISABLED,1667,500,2100,DISABLED,DISABLED,1679,500,2100,DISABLED,DISABLED,1662,500,2100,DISABLED,DISABLED,1358,900,1500,N/A,DISABLED,45,914,1680,N/A,ENABLED,45,914,1680,N/A,ENABLED,45,914,1680,N/A,ENABLED,45,914,1680,N/A,ENABLED,38,711,1400,N/A,ENABLED,38,711,1400,N/A,ENABLED,38,711,1400,N/A,ENABLED,38,711,1400,N/A,ENABLED,N/A,71,70
1744596896,0,686,N/A,N/A,N/A,N/A,ENABLED,1667,500,2100,DISABLED,DISABLED,1639,500,2100,DISABLED,DISABLED,1683,500,2100,DISABLED,DISABLED,1664,500,2100,DISABLED,DISABLED,1684,500,2100,DISABLED,DISABLED,1662,500,2100,DISABLED,DISABLED,1674,500,2100,DISABLED,DISABLED,1658,500,2100,DISABLED,DISABLED,1356,900,1500,N/A,DISABLED,45,914,1680,N/A,ENABLED,45,914,1680,N/A,ENABLED,45,914,1680,N/A,ENABLED,45,914,1680,N/A,ENABLED,38,711,1400,N/A,ENABLED,38,711,1400,N/A,ENABLED,38,711,1400,N/A,ENABLED,38,711,1400,N/A,ENABLED,N/A,71,69
1744596898,0,682,N/A,N/A,N/A,N/A,ENABLED,1674,500,2100,DISABLED,DISABLED,1645,500,2100,DISABLED,DISABLED,1689,500,2100,DISABLED,DISABLED,1674,500,2100,DISABLED,DISABLED,1690,500,2100,DISABLED,DISABLED,1669,500,2100,DISABLED,DISABLED,1681,500,2100,DISABLED,DISABLED,1665,500,2100,DISABLED,DISABLED,1357,900,1500,N/A,DISABLED,45,914,1680,N/A,ENABLED,45,914,1680,N/A,ENABLED,45,914,1680,N/A,ENABLED,45,914,1680,N/A,ENABLED,38,711,1400,N/A,ENABLED,38,711,1400,N/A,ENABLED,38,711,1400,N/A,ENABLED,38,711,1400,N/A,ENABLED,N/A,71,70
1744596899,0,686,N/A,N/A,N/A,N/A,ENABLED,1669,500,2100,DISABLED,DISABLED,1640,500,2100,DISABLED,DISABLED,1684,500,2100,DISABLED,DISABLED,1666,500,2100,DISABLED,DISABLED,1684,500,2100,DISABLED,DISABLED,1663,500,2100,DISABLED,DISABLED,1675,500,2100,DISABLED,DISABLED,1659,500,2100,DISABLED,DISABLED,1356,900,1500,N/A,DISABLED,45,914,1680,N/A,ENABLED,45,914,1680,N/A,ENABLED,45,914,1680,N/A,ENABLED,45,914,1680,N/A,ENABLED,38,711,1400,N/A,ENABLED,38,711,1400,N/A,ENABLED,38,711,1400,N/A,ENABLED,38,711,1400,N/A,ENABLED,N/A,71,70
1744596900,0,688,N/A,N/A,N/A,N/A,ENABLED,1669,500,2100,DISABLED,DISABLED,1641,500,2100,DISABLED,DISABLED,1685,500,2100,DISABLED,DISABLED,1666,500,2100,DISABLED,DISABLED,1685,500,2100,DISABLED,DISABLED,1664,500,2100,DISABLED,DISABLED,1676,500,2100,DISABLED,DISABLED,1659,500,2100,DISABLED,DISABLED,1357,900,1500,N/A,DISABLED,45,914,1680,N/A,ENABLED,45,914,1680,N/A,ENABLED,45,914,1680,N/A,ENABLED,45,914,1680,N/A,ENABLED,38,711,1400,N/A,ENABLED,38,711,1400,N/A,ENABLED,38,711,1400,N/A,ENABLED,38,711,1400,N/A,ENABLED,N/A,71,70
1744596901,0,680,N/A,N/A,N/A,N/A,ENABLED,1662,500,2100,DISABLED,DISABLED,1634,500,2100,DISABLED,DISABLED,1679,500,2100,DISABLED,DISABLED,1661,500,2100,DISABLED,DISABLED,1678,500,2100,DISABLED,DISABLED,1657,500,2100,DISABLED,DISABLED,1669,500,2100,DISABLED,DISABLED,1653,500,2100,DISABLED,DISABLED,1358,900,1500,N/A,DISABLED,45,914,1680,N/A,ENABLED,45,914,1680,N/A,ENABLED,45,914,1680,N/A,ENABLED,45,914,1680,N/A,ENABLED,38,711,1400,N/A,ENABLED,38,711,1400,N/A,ENABLED,38,711,1400,N/A,ENABLED,38,711,1400,N/A,ENABLED,N/A,71,70
1744596902,0,687,N/A,N/A,N/A,N/A,ENABLED,1676,500,2100,DISABLED,DISABLED,1648,500,2100,DISABLED,DISABLED,1692,500,2100,DISABLED,DISABLED,1655,500,2100,DISABLED,DISABLED,1693,500,2100,DISABLED,DISABLED,1672,500,2100,DISABLED,DISABLED,1685,500,2100,DISABLED,DISABLED,1668,500,2100,DISABLED,DISABLED,1363,900,1500,N/A,DISABLED,45,914,1680,N/A,ENABLED,45,914,1680,N/A,ENABLED,45,914,1680,N/A,ENABLED,45,914,1680,N/A,ENABLED,38,711,1400,N/A,ENABLED,38,711,1400,N/A,ENABLED,38,711,1400,N/A,ENABLED,38,711,1400,N/A,ENABLED,N/A,71,70
1744596904,0,686,N/A,N/A,N/A,N/A,ENABLED,1670,500,2100,DISABLED,DISABLED,1643,500,2100,DISABLED,DISABLED,1687,500,2100,DISABLED,DISABLED,1649,500,2100,DISABLED,DISABLED,1687,500,2100,DISABLED,DISABLED,1666,500,2100,DISABLED,DISABLED,1678,500,2100,DISABLED,DISABLED,1661,500,2100,DISABLED,DISABLED,1356,900,1500,N/A,DISABLED,45,914,1680,N/A,ENABLED,45,914,1680,N/A,ENABLED,45,914,1680,N/A,ENABLED,45,914,1680,N/A,ENABLED,38,711,1400,N/A,ENABLED,38,711,1400,N/A,ENABLED,38,711,1400,N/A,ENABLED,38,711,1400,N/A,ENABLED,N/A,71,70
1744596905,0,680,N/A,N/A,N/A,N/A,ENABLED,1665,500,2100,DISABLED,DISABLED,1636,500,2100,DISABLED,DISABLED,1681,500,2100,DISABLED,DISABLED,1662,500,2100,DISABLED,DISABLED,1682,500,2100,DISABLED,DISABLED,1661,500,2100,DISABLED,DISABLED,1673,500,2100,DISABLED,DISABLED,1655,500,2100,DISABLED,DISABLED,1359,900,1500,N/A,DISABLED,45,914,1680,N/A,ENABLED,45,914,1680,N/A,ENABLED,45,914,1680,N/A,ENABLED,45,914,1680,N/A,ENABLED,38,711,1400,N/A,ENABLED,38,711,1400,N/A,ENABLED,38,711,1400,N/A,ENABLED,38,711,1400,N/A,ENABLED,N/A,71,70
1744596906,0,689,N/A,N/A,N/A,N/A,ENABLED,1670,500,2100,DISABLED,DISABLED,1643,500,2100,DISABLED,DISABLED,1687,500,2100,DISABLED,DISABLED,1671,500,2100,DISABLED,DISABLED,1687,500,2100,DISABLED,DISABLED,1666,500,2100,DISABLED,DISABLED,1678,500,2100,DISABLED,DISABLED,1662,500,2100,DISABLED,DISABLED,1359,900,1500,N/A,DISABLED,45,914,1680,N/A,ENABLED,45,914,1680,N/A,ENABLED,45,914,1680,N/A,ENABLED,45,914,1680,N/A,ENABLED,38,711,1400,N/A,ENABLED,38,711,1400,N/A,ENABLED,38,711,1400,N/A,ENABLED,38,711,1400,N/A,ENABLED,N/A,71,70
1744596907,0,686,N/A,N/A,N/A,N/A,ENABLED,1674,500,2100,DISABLED,DISABLED,1646,500,2100,DISABLED,DISABLED,1690,500,2100,DISABLED,DISABLED,1672,500,2100,DISABLED,DISABLED,1691,500,2100,DISABLED,DISABLED,1669,500,2100,DISABLED,DISABLED,1682,500,2100,DISABLED,DISABLED,1665,500,2100,DISABLED,DISABLED,1359,900,1500,N/A,DISABLED,45,914,1680,N/A,ENABLED,45,914,1680,N/A,ENABLED,45,914,1680,N/A,ENABLED,45,914,1680,N/A,ENABLED,38,711,1400,N/A,ENABLED,38,711,1400,N/A,ENABLED,38,711,1400,N/A,ENABLED,38,711,1400,N/A,ENABLED,N/A,71,70
1744596908,0,687,N/A,N/A,N/A,N/A,ENABLED,1669,500,2100,DISABLED,DISABLED,1641,500,2100,DISABLED,DISABLED,1685,500,2100,DISABLED,DISABLED,1668,500,2100,DISABLED,DISABLED,1686,500,2100,DISABLED,DISABLED,1665,500,2100,DISABLED,DISABLED,1676,500,2100,DISABLED,DISABLED,1660,500,2100,DISABLED,DISABLED,1357,900,1500,N/A,DISABLED,45,914,1680,N/A,ENABLED,45,914,1680,N/A,ENABLED,45,914,1680,N/A,ENABLED,45,914,1680,N/A,ENABLED,38,711,1400,N/A,ENABLED,38,711,1400,N/A,ENABLED,38,711,1400,N/A,ENABLED,38,711,1400,N/A,ENABLED,N/A,71,70
1744596909,0,684,N/A,N/A,N/A,N/A,ENABLED,1671,500,2100,DISABLED,DISABLED,1642,500,2100,DISABLED,DISABLED,1686,500,2100,DISABLED,DISABLED,1669,500,2100,DISABLED,DISABLED,1687,500,2100,DISABLED,DISABLED,1666,500,2100,DISABLED,DISABLED,1678,500,2100,DISABLED,DISABLED,1662,500,2100,DISABLED,DISABLED,1359,900,1500,N/A,DISABLED,45,914,1680,N/A,ENABLED,45,914,1680,N/A,ENABLED,45,914,1680,N/A,ENABLED,45,914,1680,N/A,ENABLED,38,711,1400,N/A,ENABLED,38,711,1400,N/A,ENABLED,38,711,1400,N/A,ENABLED,38,711,1400,N/A,ENABLED,N/A,71,70
1744596911,0,688,N/A,N/A,N/A,N/A,ENABLED,1675,500,2100,DISABLED,DISABLED,1646,500,2100,DISABLED,DISABLED,1691,500,2100,DISABLED,DISABLED,1673,500,2100,DISABLED,DISABLED,1691,500,2100,DISABLED,DISABLED,1670,500,2100,DISABLED,DISABLED,1681,500,2100,DISABLED,DISABLED,1665,500,2100,DISABLED,DISABLED,1358,900,1500,N/A,DISABLED,45,914,1680,N/A,ENABLED,45,914,1680,N/A,ENABLED,45,914,1680,N/A,ENABLED,45,914,1680,N/A,ENABLED,38,711,1400,N/A,ENABLED,38,711,1400,N/A,ENABLED,38,711,1400,N/A,ENABLED,38,711,1400,N/A,ENABLED,N/A,71,70
1744596912,0,686,N/A,N/A,N/A,N/A,ENABLED,1671,500,2100,DISABLED,DISABLED,1641,500,2100,DISABLED,DISABLED,1687,500,2100,DISABLED,DISABLED,1669,500,2100,DISABLED,DISABLED,1688,500,2100,DISABLED,DISABLED,1666,500,2100,DISABLED,DISABLED,1677,500,2100,DISABLED,DISABLED,1662,500,2100,DISABLED,DISABLED,1359,900,1500,N/A,DISABLED,45,914,1680,N/A,ENABLED,45,914,1680,N/A,ENABLED,45,914,1680,N/A,ENABLED,45,914,1680,N/A,ENABLED,38,711,1400,N/A,ENABLED,38,711,1400,N/A,ENABLED,38,711,1400,N/A,ENABLED,38,711,1400,N/A,ENABLED,N/A,71,70
1744596913,0,681,N/A,N/A,N/A,N/A,ENABLED,1666,500,2100,DISABLED,DISABLED,1637,500,2100,DISABLED,DISABLED,1681,500,2100,DISABLED,DISABLED,1663,500,2100,DISABLED,DISABLED,1682,500,2100,DISABLED,DISABLED,1661,500,2100,DISABLED,DISABLED,1673,500,2100,DISABLED,DISABLED,1657,500,2100,DISABLED,DISABLED,1357,900,1500,N/A,DISABLED,45,914,1680,N/A,ENABLED,45,914,1680,N/A,ENABLED,45,914,1680,N/A,ENABLED,45,914,1680,N/A,ENABLED,38,711,1400,N/A,ENABLED,38,711,1400,N/A,ENABLED,38,711,1400,N/A,ENABLED,38,711,1400,N/A,ENABLED,N/A,71,70
1744596914,0,689,N/A,N/A,N/A,N/A,ENABLED,1678,500,2100,DISABLED,DISABLED,1650,500,2100,DISABLED,DISABLED,1695,500,2100,DISABLED,DISABLED,1677,500,2100,DISABLED,DISABLED,1694,500,2100,DISABLED,DISABLED,1673,500,2100,DISABLED,DISABLED,1685,500,2100,DISABLED,DISABLED,1670,500,2100,DISABLED,DISABLED,1358,900,1500,N/A,DISABLED,45,914,1680,N/A,ENABLED,45,914,1680,N/A,ENABLED,45,914,1680,N/A,ENABLED,45,914,1680,N/A,ENABLED,38,711,1400,N/A,ENABLED,38,711,1400,N/A,ENABLED,38,711,1400,N/A,ENABLED,38,711,1400,N/A,ENABLED,N/A,71,70
1744596915,0,680,N/A,N/A,N/A,N/A,ENABLED,1665,500,2100,DISABLED,DISABLED,1635,500,2100,DISABLED,DISABLED,1681,500,2100,DISABLED,DISABLED,1663,500,2100,DISABLED,DISABLED,1681,500,2100,DISABLED,DISABLED,1660,500,2100,DISABLED,DISABLED,1672,500,2100,DISABLED,DISABLED,1656,500,2100,DISABLED,DISABLED,1357,900,1500,N/A,DISABLED,45,914,1680,N/A,ENABLED,45,914,1680,N/A,ENABLED,45,914,1680,N/A,ENABLED,45,914,1680,N/A,ENABLED,38,711,1400,N/A,ENABLED,38,711,1400,N/A,ENABLED,38,711,1400,N/A,ENABLED,38,711,1400,N/A,ENABLED,N/A,71,70
1744596917,0,682,N/A,N/A,N/A,N/A,ENABLED,1665,500,2100,DISABLED,DISABLED,1637,500,2100,DISABLED,DISABLED,1682,500,2100,DISABLED,DISABLED,1663,500,2100,DISABLED,DISABLED,1682,500,2100,DISABLED,DISABLED,1661,500,2100,DISABLED,DISABLED,1673,500,2100,DISABLED,DISABLED,1657,500,2100,DISABLED,DISABLED,1357,900,1500,N/A,DISABLED,45,914,1680,N/A,ENABLED,45,914,1680,N/A,ENABLED,45,914,1680,N/A,ENABLED,45,914,1680,N/A,ENABLED,38,711,1400,N/A,ENABLED,38,711,1400,N/A,ENABLED,38,711,1400,N/A,ENABLED,38,711,1400,N/A,ENABLED,N/A,71,70
1744596918,0,686,N/A,N/A,N/A,N/A,ENABLED,1669,500,2100,DISABLED,DISABLED,1641,500,2100,DISABLED,DISABLED,1685,500,2100,DISABLED,DISABLED,1667,500,2100,DISABLED,DISABLED,1686,500,2100,DISABLED,DISABLED,1665,500,2100,DISABLED,DISABLED,1675,500,2100,DISABLED,DISABLED,1660,500,2100,DISABLED,DISABLED,1356,900,1500,N/A,DISABLED,45,914,1680,N/A,ENABLED,45,914,1680,N/A,ENABLED,45,914,1680,N/A,ENABLED,45,914,1680,N/A,ENABLED,38,711,1400,N/A,ENABLED,38,711,1400,N/A,ENABLED,38,711,1400,N/A,ENABLED,38,711,1400,N/A,ENABLED,N/A,71,70
1744596919,0,687,N/A,N/A,N/A,N/A,ENABLED,1668,500,2100,DISABLED,DISABLED,1640,500,2100,DISABLED,DISABLED,1685,500,2100,DISABLED,DISABLED,1667,500,2100,DISABLED,DISABLED,1686,500,2100,DISABLED,DISABLED,1665,500,2100,DISABLED,DISABLED,1668,500,2100,DISABLED,DISABLED,1660,500,2100,DISABLED,DISABLED,1358,900,1500,N/A,DISABLED,45,914,1680,N/A,ENABLED,45,914,1680,N/A,ENABLED,45,914,1680,N/A,ENABLED,45,914,1680,N/A,ENABLED,38,711,1400,N/A,ENABLED,38,711,1400,N/A,ENABLED,38,711,1400,N/A,ENABLED,38,711,1400,N/A,ENABLED,N/A,71,70
1744596920,0,689,N/A,N/A,N/A,N/A,ENABLED,1667,500,2100,DISABLED,DISABLED,1638,500,2100,DISABLED,DISABLED,1683,500,2100,DISABLED,DISABLED,1666,500,2100,DISABLED,DISABLED,1683,500,2100,DISABLED,DISABLED,1663,500,2100,DISABLED,DISABLED,1657,500,2100,DISABLED,DISABLED,1645,500,2100,DISABLED,DISABLED,1359,900,1500,N/A,DISABLED,45,914,1680,N/A,ENABLED,45,914,1680,N/A,ENABLED,45,914,1680,N/A,ENABLED,45,914,1680,N/A,ENABLED,38,711,1400,N/A,ENABLED,38,711,1400,N/A,ENABLED,38,711,1400,N/A,ENABLED,38,711,1400,N/A,ENABLED,N/A,72,71
1744596921,0,684,N/A,N/A,N/A,N/A,ENABLED,1666,500,2100,DISABLED,DISABLED,1639,500,2100,DISABLED,DISABLED,1684,500,2100,DISABLED,DISABLED,1665,500,2100,DISABLED,DISABLED,1683,500,2100,DISABLED,DISABLED,1639,500,2100,DISABLED,DISABLED,1655,500,2100,DISABLED,DISABLED,1640,500,2100,DISABLED,DISABLED,1356,900,1500,N/A,DISABLED,45,914,1680,N/A,ENABLED,45,914,1680,N/A,ENABLED,45,914,1680,N/A,ENABLED,45,914,1680,N/A,ENABLED,38,711,1400,N/A,ENABLED,38,711,1400,N/A,ENABLED,38,711,1400,N/A,ENABLED,38,711,1400,N/A,ENABLED,N/A,72,70
1744596922,0,686,N/A,N/A,N/A,N/A,ENABLED,1672,500,2100,DISABLED,DISABLED,1643,500,2100,DISABLED,DISABLED,1687,500,2100,DISABLED,DISABLED,1669,500,2100,DISABLED,DISABLED,1687,500,2100,DISABLED,DISABLED,1638,500,2100,DISABLED,DISABLED,1676,500,2100,DISABLED,DISABLED,1641,500,2100,DISABLED,DISABLED,1357,900,1500,N/A,DISABLED,45,914,1680,N/A,ENABLED,45,914,1680,N/A,ENABLED,45,914,1680,N/A,ENABLED,45,914,1680,N/A,ENABLED,38,711,1400,N/A,ENABLED,38,711,1400,N/A,ENABLED,38,711,1400,N/A,ENABLED,38,711,1400,N/A,ENABLED,N/A,72,70
1744596924,0,687,N/A,N/A,N/A,N/A,ENABLED,1673,500,2100,DISABLED,DISABLED,1645,500,2100,DISABLED,DISABLED,1690,500,2100,DISABLED,DISABLED,1672,500,2100,DISABLED,DISABLED,1690,500,2100,DISABLED,DISABLED,1666,500,2100,DISABLED,DISABLED,1679,500,2100,DISABLED,DISABLED,1663,500,2100,DISABLED,DISABLED,1359,900,1500,N/A,DISABLED,45,914,1680,N/A,ENABLED,45,914,1680,N/A,ENABLED,45,914,1680,N/A,ENABLED,45,914,1680,N/A,ENABLED,38,711,1400,N/A,ENABLED,38,711,1400,N/A,ENABLED,38,711,1400,N/A,ENABLED,38,711,1400,N/A,ENABLED,N/A,72,70
1744596925,0,684,N/A,N/A,N/A,N/A,ENABLED,1641,500,2100,DISABLED,DISABLED,1614,500,2100,DISABLED,DISABLED,1681,500,2100,DISABLED,DISABLED,1663,500,2100,DISABLED,DISABLED,1682,500,2100,DISABLED,DISABLED,1661,500,2100,DISABLED,DISABLED,1672,500,2100,DISABLED,DISABLED,1656,500,2100,DISABLED,DISABLED,1357,900,1500,N/A,DISABLED,45,914,1680,N/A,ENABLED,45,914,1680,N/A,ENABLED,45,914,1680,N/A,ENABLED,45,914,1680,N/A,ENABLED,38,711,1400,N/A,ENABLED,38,711,1400,N/A,ENABLED,38,711,1400,N/A,ENABLED,38,711,1400,N/A,ENABLED,N/A,72,70
1744596926,0,690,N/A,N/A,N/A,N/A,ENABLED,1653,500,2100,DISABLED,DISABLED,1624,500,2100,DISABLED,DISABLED,1691,500,2100,DISABLED,DISABLED,1675,500,2100,DISABLED,DISABLED,1691,500,2100,DISABLED,DISABLED,1672,500,2100,DISABLED,DISABLED,1683,500,2100,DISABLED,DISABLED,1667,500,2100,DISABLED,DISABLED,1358,900,1500,N/A,DISABLED,45,914,1680,N/A,ENABLED,45,914,1680,N/A,ENABLED,45,914,1680,N/A,ENABLED,45,914,1680,N/A,ENABLED,38,711,1400,N/A,ENABLED,38,711,1400,N/A,ENABLED,38,711,1400,N/A,ENABLED,38,711,1400,N/A,ENABLED,N/A,72,70
1744596927,0,685,N/A,N/A,N/A,N/A,ENABLED,1655,500,2100,DISABLED,DISABLED,1623,500,2100,DISABLED,DISABLED,1662,500,2100,DISABLED,DISABLED,1666,500,2100,DISABLED,DISABLED,1665,500,2100,DISABLED,DISABLED,1664,500,2100,DISABLED,DISABLED,1675,500,2100,DISABLED,DISABLED,1659,500,2100,DISABLED,DISABLED,1361,900,1500,N/A,DISABLED,45,914,1680,N/A,ENABLED,45,914,1680,N/A,ENABLED,45,914,1680,N/A,ENABLED,45,914,1680,N/A,ENABLED,38,711,1400,N/A,ENABLED,38,711,1400,N/A,ENABLED,38,711,1400,N/A,ENABLED,38,711,1400,N/A,ENABLED,N/A,72,70
1744596928,0,689,N/A,N/A,N/A,N/A,ENABLED,1672,500,2100,DISABLED,DISABLED,1645,500,2100,DISABLED,DISABLED,1666,500,2100,DISABLED,DISABLED,1668,500,2100,DISABLED,DISABLED,1663,500,2100,DISABLED,DISABLED,1668,500,2100,DISABLED,DISABLED,1679,500,2100,DISABLED,DISABLED,1664,500,2100,DISABLED,DISABLED,1356,900,1500,N/A,DISABLED,45,914,1680,N/A,ENABLED,45,914,1680,N/A,ENABLED,45,914,1680,N/A,ENABLED,45,914,1680,N/A,ENABLED,38,711,1400,N/A,ENABLED,38,711,1400,N/A,ENABLED,38,711,1400,N/A,ENABLED,38,711,1400,N/A,ENABLED,N/A,72,71
1744596930,0,688,N/A,N/A,N/A,N/A,ENABLED,1667,500,2100,DISABLED,DISABLED,1639,500,2100,DISABLED,DISABLED,1667,500,2100,DISABLED,DISABLED,1664,500,2100,DISABLED,DISABLED,1680,500,2100,DISABLED,DISABLED,1661,500,2100,DISABLED,DISABLED,1674,500,2100,DISABLED,DISABLED,1658,500,2100,DISABLED,DISABLED,1356,900,1500,N/A,DISABLED,45,914,1680,N/A,ENABLED,45,914,1680,N/A,ENABLED,45,914,1680,N/A,ENABLED,45,914,1680,N/A,ENABLED,38,711,1400,N/A,ENABLED,38,711,1400,N/A,ENABLED,38,711,1400,N/A,ENABLED,38,711,1400,N/A,ENABLED,N/A,72,70
1744596931,0,687,N/A,N/A,N/A,N/A,ENABLED,1670,500,2100,DISABLED,DISABLED,1642,500,2100,DISABLED,DISABLED,1686,500,2100,DISABLED,DISABLED,1670,500,2100,DISABLED,DISABLED,1686,500,2100,DISABLED,DISABLED,1667,500,2100,DISABLED,DISABLED,1679,500,2100,DISABLED,DISABLED,1662,500,2100,DISABLED,DISABLED,1358,900,1500,N/A,DISABLED,45,914,1680,N/A,ENABLED,45,914,1680,N/A,ENABLED,45,914,1680,N/A,ENABLED,45,914,1680,N/A,ENABLED,38,711,1400,N/A,ENABLED,38,711,1400,N/A,ENABLED,38,711,1400,N/A,ENABLED,38,711,1400,N/A,ENABLED,N/A,72,71
1744596932,0,688,N/A,N/A,N/A,N/A,ENABLED,1662,500,2100,DISABLED,DISABLED,1635,500,2100,DISABLED,DISABLED,1678,500,2100,DISABLED,DISABLED,1660,500,2100,DISABLED,DISABLED,1678,500,2100,DISABLED,DISABLED,1658,500,2100,DISABLED,DISABLED,1670,500,2100,DISABLED,DISABLED,1654,500,2100,DISABLED,DISABLED,1357,900,1500,N/A,DISABLED,45,914,1680,N/A,ENABLED,45,914,1680,N/A,ENABLED,45,914,1680,N/A,ENABLED,45,914,1680,N/A,ENABLED,38,711,1400,N/A,ENABLED,38,711,1400,N/A,ENABLED,38,711,1400,N/A,ENABLED,38,711,1400,N/A,ENABLED,N/A,72,71
1744596933,0,688,N/A,N/A,N/A,N/A,ENABLED,1658,500,2100,DISABLED,DISABLED,1630,500,2100,DISABLED,DISABLED,1674,500,2100,DISABLED,DISABLED,1656,500,2100,DISABLED,DISABLED,1675,500,2100,DISABLED,DISABLED,1654,500,2100,DISABLED,DISABLED,1666,500,2100,DISABLED,DISABLED,1649,500,2100,DISABLED,DISABLED,1355,900,1500,N/A,DISABLED,45,914,1680,N/A,ENABLED,45,914,1680,N/A,ENABLED,45,914,1680,N/A,ENABLED,45,914,1680,N/A,ENABLED,38,711,1400,N/A,ENABLED,38,711,1400,N/A,ENABLED,38,711,1400,N/A,ENABLED,38,711,1400,N/A,ENABLED,N/A,72,71
1744596934,0,689,N/A,N/A,N/A,N/A,ENABLED,1669,500,2100,DISABLED,DISABLED,1641,500,2100,DISABLED,DISABLED,1686,500,2100,DISABLED,DISABLED,1666,500,2100,DISABLED,DISABLED,1686,500,2100,DISABLED,DISABLED,1664,500,2100,DISABLED,DISABLED,1677,500,2100,DISABLED,DISABLED,1659,500,2100,DISABLED,DISABLED,1356,900,1500,N/A,DISABLED,45,914,1680,N/A,ENABLED,45,914,1680,N/A,ENABLED,45,914,1680,N/A,ENABLED,45,914,1680,N/A,ENABLED,38,711,1400,N/A,ENABLED,38,711,1400,N/A,ENABLED,38,711,1400,N/A,ENABLED,38,711,1400,N/A,ENABLED,N/A,72,70
1744596935,0,687,N/A,N/A,N/A,N/A,ENABLED,1671,500,2100,DISABLED,DISABLED,1643,500,2100,DISABLED,DISABLED,1688,500,2100,DISABLED,DISABLED,1646,500,2100,DISABLED,DISABLED,1688,500,2100,DISABLED,DISABLED,1667,500,2100,DISABLED,DISABLED,1680,500,2100,DISABLED,DISABLED,1663,500,2100,DISABLED,DISABLED,1358,900,1500,N/A,DISABLED,45,914,1680,N/A,ENABLED,45,914,1680,N/A,ENABLED,45,914,1680,N/A,ENABLED,45,914,1680,N/A,ENABLED,38,711,1400,N/A,ENABLED,38,711,1400,N/A,ENABLED,38,711,1400,N/A,ENABLED,38,711,1400,N/A,ENABLED,N/A,72,71
1744596937,0,688,N/A,N/A,N/A,N/A,ENABLED,1668,500,2100,DISABLED,DISABLED,1640,500,2100,DISABLED,DISABLED,1684,500,2100,DISABLED,DISABLED,1644,500,2100,DISABLED,DISABLED,1685,500,2100,DISABLED,DISABLED,1664,500,2100,DISABLED,DISABLED,1676,500,2100,DISABLED,DISABLED,1660,500,2100,DISABLED,DISABLED,1357,900,1500,N/A,DISABLED,45,914,1680,N/A,ENABLED,45,914,1680,N/A,ENABLED,45,914,1680,N/A,ENABLED,45,914,1680,N/A,ENABLED,38,711,1400,N/A,ENABLED,38,711,1400,N/A,ENABLED,38,711,1400,N/A,ENABLED,38,711,1400,N/A,ENABLED,N/A,72,71
1744596938,0,225,N/A,N/A,N/A,N/A,ENABLED,197,200,2100,DISABLED,DISABLED,195,200,2100,DISABLED,DISABLED,197,200,2100,DISABLED,DISABLED,197,200,2100,DISABLED,DISABLED,197,200,2100,DISABLED,DISABLED,197,200,2100,DISABLED,DISABLED,197,200,2100,DISABLED,DISABLED,197,200,2100,DISABLED,DISABLED,1496,900,1500,N/A,DISABLED,52,914,1680,N/A,ENABLED,52,914,1680,N/A,ENABLED,52,914,1680,N/A,ENABLED,52,914,1680,N/A,ENABLED,44,711,1400,N/A,ENABLED,44,711,1400,N/A,ENABLED,44,711,1400,N/A,ENABLED,44,711,1400,N/A,ENABLED,N/A,70,63
1744596939,0,142,N/A,N/A,N/A,N/A,ENABLED,132,500,2100,DISABLED,ENABLED,131,500,2100,DISABLED,ENABLED,131,500,2100,DISABLED,ENABLED,132,500,2100,DISABLED,ENABLED,131,500,2100,DISABLED,ENABLED,132,500,2100,DISABLED,ENABLED,131,500,2100,DISABLED,ENABLED,132,500,2100,DISABLED,ENABLED,900,900,1500,N/A,DISABLED,29,914,1680,N/A,ENABLED,29,914,1680,N/A,ENABLED,29,914,1680,N/A,ENABLED,29,914,1680,N/A,ENABLED,22,711,1400,N/A,ENABLED,22,711,1400,N/A,ENABLED,22,711,1400,N/A,ENABLED,22,711,1400,N/A,ENABLED,N/A,64,60
1744596940,0,140,N/A,N/A,N/A,N/A,ENABLED,132,500,2100,DISABLED,ENABLED,131,500,2100,DISABLED,ENABLED,131,500,2100,DISABLED,ENABLED,132,500,2100,DISABLED,ENABLED,132,500,2100,DISABLED,ENABLED,132,500,2100,DISABLED,ENABLED,131,500,2100,DISABLED,ENABLED,132,500,2100,DISABLED,ENABLED,900,900,1500,N/A,DISABLED,29,914,1680,N/A,ENABLED,29,914,1680,N/A,ENABLED,29,914,1680,N/A,ENABLED,29,914,1680,N/A,ENABLED,22,711,1400,N/A,ENABLED,22,711,1400,N/A,ENABLED,22,711,1400,N/A,ENABLED,22,711,1400,N/A,ENABLED,N/A,61,60
1744596941,0,139,N/A,N/A,N/A,N/A,ENABLED,132,500,2100,DISABLED,ENABLED,131,500,2100,DISABLED,ENABLED,131,500,2100,DISABLED,ENABLED,132,500,2100,DISABLED,ENABLED,132,500,2100,DISABLED,ENABLED,132,500,2100,DISABLED,ENABLED,131,500,2100,DISABLED,ENABLED,132,500,2100,DISABLED,ENABLED,900,900,1500,N/A,DISABLED,29,914,1680,N/A,ENABLED,29,914,1680,N/A,ENABLED,29,914,1680,N/A,ENABLED,29,914,1680,N/A,ENABLED,22,711,1400,N/A,ENABLED,22,711,1400,N/A,ENABLED,22,711,1400,N/A,ENABLED,22,711,1400,N/A,ENABLED,N/A,60,59
1744596942,0,138,N/A,N/A,N/A,N/A,ENABLED,135,500,2100,DISABLED,ENABLED,131,500,2100,DISABLED,ENABLED,131,500,2100,DISABLED,ENABLED,132,500,2100,DISABLED,ENABLED,132,500,2100,DISABLED,ENABLED,132,500,2100,DISABLED,ENABLED,131,500,2100,DISABLED,ENABLED,132,500,2100,DISABLED,ENABLED,900,900,1500,N/A,DISABLED,29,914,1680,N/A,ENABLED,29,914,1680,N/A,ENABLED,29,914,1680,N/A,ENABLED,29,914,1680,N/A,ENABLED,22,711,1400,N/A,ENABLED,22,711,1400,N/A,ENABLED,22,711,1400,N/A,ENABLED,22,711,1400,N/A,ENABLED,N/A,60,58
1744596944,0,138,N/A,N/A,N/A,N/A,ENABLED,133,500,2100,DISABLED,ENABLED,131,500,2100,DISABLED,ENABLED,131,500,2100,DISABLED,ENABLED,132,500,2100,DISABLED,ENABLED,132,500,2100,DISABLED,ENABLED,131,500,2100,DISABLED,ENABLED,131,500,2100,DISABLED,ENABLED,132,500,2100,DISABLED,ENABLED,900,900,1500,N/A,DISABLED,29,914,1680,N/A,ENABLED,29,914,1680,N/A,ENABLED,29,914,1680,N/A,ENABLED,29,914,1680,N/A,ENABLED,22,711,1400,N/A,ENABLED,22,711,1400,N/A,ENABLED,22,711,1400,N/A,ENABLED,22,711,1400,N/A,ENABLED,N/A,59,58
1744596945,0,137,N/A,N/A,N/A,N/A,ENABLED,133,500,2100,DISABLED,ENABLED,131,500,2100,DISABLED,ENABLED,131,500,2100,DISABLED,ENABLED,132,500,2100,DISABLED,ENABLED,132,500,2100,DISABLED,ENABLED,132,500,2100,DISABLED,ENABLED,131,500,2100,DISABLED,ENABLED,132,500,2100,DISABLED,ENABLED,900,900,1500,N/A,DISABLED,29,914,1680,N/A,ENABLED,29,914,1680,N/A,ENABLED,29,914,1680,N/A,ENABLED,29,914,1680,N/A,ENABLED,22,711,1400,N/A,ENABLED,22,711,1400,N/A,ENABLED,22,711,1400,N/A,ENABLED,22,711,1400,N/A,ENABLED,N/A,59,57
1744596946,0,134,N/A,N/A,N/A,N/A,ENABLED,132,500,2100,DISABLED,ENABLED,131,500,2100,DISABLED,ENABLED,131,500,2100,DISABLED,ENABLED,132,500,2100,DISABLED,ENABLED,132,500,2100,DISABLED,ENABLED,132,500,2100,DISABLED,ENABLED,131,500,2100,DISABLED,ENABLED,132,500,2100,DISABLED,ENABLED,900,900,1500,N/A,DISABLED,29,914,1680,N/A,ENABLED,29,914,1680,N/A,ENABLED,29,914,1680,N/A,ENABLED,29,914,1680,N/A,ENABLED,22,711,1400,N/A,ENABLED,22,711,1400,N/A,ENABLED,22,711,1400,N/A,ENABLED,22,711,1400,N/A,ENABLED,N/A,58,57
1744596947,0,136,N/A,N/A,N/A,N/A,ENABLED,132,500,2100,DISABLED,ENABLED,131,500,2100,DISABLED,ENABLED,131,500,2100,DISABLED,ENABLED,132,500,2100,DISABLED,ENABLED,131,500,2100,DISABLED,ENABLED,132,500,2100,DISABLED,ENABLED,131,500,2100,DISABLED,ENABLED,132,500,2100,DISABLED,ENABLED,900,900,1500,N/A,DISABLED,29,914,1680,N/A,ENABLED,29,914,1680,N/A,ENABLED,29,914,1680,N/A,ENABLED,29,914,1680,N/A,ENABLED,22,711,1400,N/A,ENABLED,22,711,1400,N/A,ENABLED,22,711,1400,N/A,ENABLED,22,711,1400,N/A,ENABLED,N/A,58,56
