Timestamp,gpu,socket_power,gfx_voltage,soc_voltage,mem_voltage,throttle_status,power_management,gfx_0_clk,gfx_0_min_clk,gfx_0_max_clk,gfx_0_clk_locked,gfx_0_deep_sleep,gfx_1_clk,gfx_1_min_clk,gfx_1_max_clk,gfx_1_clk_locked,gfx_1_deep_sleep,gfx_2_clk,gfx_2_min_clk,gfx_2_max_clk,gfx_2_clk_locked,gfx_2_deep_sleep,gfx_3_clk,gfx_3_min_clk,gfx_3_max_clk,gfx_3_clk_locked,gfx_3_deep_sleep,gfx_4_clk,gfx_4_min_clk,gfx_4_max_clk,gfx_4_clk_locked,gfx_4_deep_sleep,gfx_5_clk,gfx_5_min_clk,gfx_5_max_clk,gfx_5_clk_locked,gfx_5_deep_sleep,gfx_6_clk,gfx_6_min_clk,gfx_6_max_clk,gfx_6_clk_locked,gfx_6_deep_sleep,gfx_7_clk,gfx_7_min_clk,gfx_7_max_clk,gfx_7_clk_locked,gfx_7_deep_sleep,mem_0_clk,mem_0_min_clk,mem_0_max_clk,mem_0_clk_locked,mem_0_deep_sleep,vclk_0_clk,vclk_0_min_clk,vclk_0_max_clk,vclk_0_clk_locked,vclk_0_deep_sleep,vclk_1_clk,vclk_1_min_clk,vclk_1_max_clk,vclk_1_clk_locked,vclk_1_deep_sleep,vclk_2_clk,vclk_2_min_clk,vclk_2_max_clk,vclk_2_clk_locked,vclk_2_deep_sleep,vclk_3_clk,vclk_3_min_clk,vclk_3_max_clk,vclk_3_clk_locked,vclk_3_deep_sleep,dclk_0_clk,dclk_0_min_clk,dclk_0_max_clk,dclk_0_clk_locked,dclk_0_deep_sleep,dclk_1_clk,dclk_1_min_clk,dclk_1_max_clk,dclk_1_clk_locked,dclk_1_deep_sleep,dclk_2_clk,dclk_2_min_clk,dclk_2_max_clk,dclk_2_clk_locked,dclk_2_deep_sleep,dclk_3_clk,dclk_3_min_clk,dclk_3_max_clk,dclk_3_clk_locked,dclk_3_deep_sleep,edge,hotspot,mem
1744662123,0,105,N/A,N/A,N/A,N/A,ENABLED,96,500,1400,DISABLED,ENABLED,87,500,1400,DISABLED,ENABLED,88,500,1400,DISABLED,ENABLED,88,500,1400,DISABLED,ENABLED,88,500,1400,DISABLED,ENABLED,88,500,1400,DISABLED,ENABLED,87,500,1400,DISABLED,ENABLED,88,500,1400,DISABLED,ENABLED,900,900,1500,N/A,DISABLED,29,914,1680,N/A,ENABLED,29,914,1680,N/A,ENABLED,29,914,1680,N/A,ENABLED,29,914,1680,N/A,ENABLED,22,711,1400,N/A,ENABLED,22,711,1400,N/A,ENABLED,22,711,1400,N/A,ENABLED,22,711,1400,N/A,ENABLED,N/A,32,31
1744662124,0,106,N/A,N/A,N/A,N/A,ENABLED,90,500,1400,DISABLED,ENABLED,87,500,1400,DISABLED,ENABLED,88,500,1400,DISABLED,ENABLED,88,500,1400,DISABLED,ENABLED,88,500,1400,DISABLED,ENABLED,88,500,1400,DISABLED,ENABLED,87,500,1400,DISABLED,ENABLED,88,500,1400,DISABLED,ENABLED,900,900,1500,N/A,DISABLED,29,914,1680,N/A,ENABLED,29,914,1680,N/A,ENABLED,29,914,1680,N/A,ENABLED,29,914,1680,N/A,ENABLED,22,711,1400,N/A,ENABLED,22,711,1400,N/A,ENABLED,22,711,1400,N/A,ENABLED,22,711,1400,N/A,ENABLED,N/A,32,31
1744662125,0,105,N/A,N/A,N/A,N/A,ENABLED,89,500,1400,DISABLED,ENABLED,87,500,1400,DISABLED,ENABLED,88,500,1400,DISABLED,ENABLED,88,500,1400,DISABLED,ENABLED,88,500,1400,DISABLED,ENABLED,88,500,1400,DISABLED,ENABLED,87,500,1400,DISABLED,ENABLED,88,500,1400,DISABLED,ENABLED,900,900,1500,N/A,DISABLED,29,914,1680,N/A,ENABLED,29,914,1680,N/A,ENABLED,29,914,1680,N/A,ENABLED,29,914,1680,N/A,ENABLED,22,711,1400,N/A,ENABLED,22,711,1400,N/A,ENABLED,22,711,1400,N/A,ENABLED,22,711,1400,N/A,ENABLED,N/A,32,31
1744662126,0,105,N/A,N/A,N/A,N/A,ENABLED,89,500,1400,DISABLED,ENABLED,87,500,1400,DISABLED,ENABLED,88,500,1400,DISABLED,ENABLED,88,500,1400,DISABLED,ENABLED,88,500,1400,DISABLED,ENABLED,88,500,1400,DISABLED,ENABLED,87,500,1400,DISABLED,ENABLED,88,500,1400,DISABLED,ENABLED,900,900,1500,N/A,DISABLED,29,914,1680,N/A,ENABLED,29,914,1680,N/A,ENABLED,29,914,1680,N/A,ENABLED,29,914,1680,N/A,ENABLED,22,711,1400,N/A,ENABLED,22,711,1400,N/A,ENABLED,22,711,1400,N/A,ENABLED,22,711,1400,N/A,ENABLED,N/A,32,31
1744662127,0,105,N/A,N/A,N/A,N/A,ENABLED,89,500,1400,DISABLED,ENABLED,87,500,1400,DISABLED,ENABLED,88,500,1400,DISABLED,ENABLED,88,500,1400,DISABLED,ENABLED,88,500,1400,DISABLED,ENABLED,88,500,1400,DISABLED,ENABLED,87,500,1400,DISABLED,ENABLED,88,500,1400,DISABLED,ENABLED,900,900,1500,N/A,DISABLED,29,914,1680,N/A,ENABLED,29,914,1680,N/A,ENABLED,29,914,1680,N/A,ENABLED,29,914,1680,N/A,ENABLED,22,711,1400,N/A,ENABLED,22,711,1400,N/A,ENABLED,22,711,1400,N/A,ENABLED,22,711,1400,N/A,ENABLED,N/A,32,32
1744662129,0,104,N/A,N/A,N/A,N/A,ENABLED,89,500,1400,DISABLED,ENABLED,87,500,1400,DISABLED,ENABLED,88,500,1400,DISABLED,ENABLED,88,500,1400,DISABLED,ENABLED,88,500,1400,DISABLED,ENABLED,88,500,1400,DISABLED,ENABLED,87,500,1400,DISABLED,ENABLED,88,500,1400,DISABLED,ENABLED,900,900,1500,N/A,DISABLED,29,914,1680,N/A,ENABLED,29,914,1680,N/A,ENABLED,29,914,1680,N/A,ENABLED,29,914,1680,N/A,ENABLED,22,711,1400,N/A,ENABLED,22,711,1400,N/A,ENABLED,22,711,1400,N/A,ENABLED,22,711,1400,N/A,ENABLED,N/A,32,31
1744662130,0,104,N/A,N/A,N/A,N/A,ENABLED,89,500,1400,DISABLED,ENABLED,87,500,1400,DISABLED,ENABLED,88,500,1400,DISABLED,ENABLED,88,500,1400,DISABLED,ENABLED,88,500,1400,DISABLED,ENABLED,88,500,1400,DISABLED,ENABLED,87,500,1400,DISABLED,ENABLED,88,500,1400,DISABLED,ENABLED,900,900,1500,N/A,DISABLED,29,914,1680,N/A,ENABLED,29,914,1680,N/A,ENABLED,29,914,1680,N/A,ENABLED,29,914,1680,N/A,ENABLED,22,711,1400,N/A,ENABLED,22,711,1400,N/A,ENABLED,22,711,1400,N/A,ENABLED,22,711,1400,N/A,ENABLED,N/A,32,32
1744662131,0,104,N/A,N/A,N/A,N/A,ENABLED,89,500,1400,DISABLED,ENABLED,87,500,1400,DISABLED,ENABLED,88,500,1400,DISABLED,ENABLED,88,500,1400,DISABLED,ENABLED,88,500,1400,DISABLED,ENABLED,88,500,1400,DISABLED,ENABLED,87,500,1400,DISABLED,ENABLED,88,500,1400,DISABLED,ENABLED,900,900,1500,N/A,DISABLED,29,914,1680,N/A,ENABLED,29,914,1680,N/A,ENABLED,29,914,1680,N/A,ENABLED,29,914,1680,N/A,ENABLED,22,711,1400,N/A,ENABLED,22,711,1400,N/A,ENABLED,22,711,1400,N/A,ENABLED,22,711,1400,N/A,ENABLED,N/A,32,31
1744662132,0,104,N/A,N/A,N/A,N/A,ENABLED,89,500,1400,DISABLED,ENABLED,87,500,1400,DISABLED,ENABLED,88,500,1400,DISABLED,ENABLED,88,500,1400,DISABLED,ENABLED,88,500,1400,DISABLED,ENABLED,88,500,1400,DISABLED,ENABLED,87,500,1400,DISABLED,ENABLED,88,500,1400,DISABLED,ENABLED,900,900,1500,N/A,DISABLED,29,914,1680,N/A,ENABLED,29,914,1680,N/A,ENABLED,29,914,1680,N/A,ENABLED,29,914,1680,N/A,ENABLED,22,711,1400,N/A,ENABLED,22,711,1400,N/A,ENABLED,22,711,1400,N/A,ENABLED,22,711,1400,N/A,ENABLED,N/A,32,31
1744662133,0,105,N/A,N/A,N/A,N/A,ENABLED,89,500,1400,DISABLED,ENABLED,87,500,1400,DISABLED,ENABLED,88,500,1400,DISABLED,ENABLED,88,500,1400,DISABLED,ENABLED,88,500,1400,DISABLED,ENABLED,88,500,1400,DISABLED,ENABLED,87,500,1400,DISABLED,ENABLED,88,500,1400,DISABLED,ENABLED,900,900,1500,N/A,DISABLED,29,914,1680,N/A,ENABLED,29,914,1680,N/A,ENABLED,29,914,1680,N/A,ENABLED,29,914,1680,N/A,ENABLED,22,711,1400,N/A,ENABLED,22,711,1400,N/A,ENABLED,22,711,1400,N/A,ENABLED,22,711,1400,N/A,ENABLED,N/A,32,32
1744662134,0,225,N/A,N/A,N/A,N/A,ENABLED,1400,500,1400,DISABLED,DISABLED,1386,500,1400,DISABLED,DISABLED,1401,500,1400,DISABLED,DISABLED,1397,500,1400,DISABLED,DISABLED,1398,500,1400,DISABLED,DISABLED,1398,500,1400,DISABLED,DISABLED,1388,500,1400,DISABLED,DISABLED,1398,500,1400,DISABLED,DISABLED,1492,900,1500,N/A,DISABLED,52,914,1680,N/A,ENABLED,52,914,1680,N/A,ENABLED,52,914,1680,N/A,ENABLED,52,914,1680,N/A,ENABLED,43,711,1400,N/A,ENABLED,43,711,1400,N/A,ENABLED,43,711,1400,N/A,ENABLED,43,711,1400,N/A,ENABLED,N/A,32,32
1744662136,0,226,N/A,N/A,N/A,N/A,ENABLED,1402,500,1402,DISABLED,DISABLED,1389,500,1402,DISABLED,DISABLED,1404,500,1402,DISABLED,DISABLED,1400,500,1402,DISABLED,DISABLED,1400,500,1402,DISABLED,DISABLED,1400,500,1402,DISABLED,DISABLED,1391,500,1402,DISABLED,DISABLED,1400,500,1402,DISABLED,DISABLED,1500,900,1500,N/A,DISABLED,53,914,1680,N/A,ENABLED,53,914,1680,N/A,ENABLED,53,914,1680,N/A,ENABLED,53,914,1680,N/A,ENABLED,44,711,1400,N/A,ENABLED,44,711,1400,N/A,ENABLED,44,711,1400,N/A,ENABLED,44,711,1400,N/A,ENABLED,N/A,33,32
1744662137,0,226,N/A,N/A,N/A,N/A,ENABLED,1402,500,1402,DISABLED,DISABLED,1389,500,1402,DISABLED,DISABLED,1403,500,1402,DISABLED,DISABLED,1400,500,1402,DISABLED,DISABLED,1400,500,1402,DISABLED,DISABLED,1400,500,1402,DISABLED,DISABLED,1391,500,1402,DISABLED,DISABLED,1401,500,1402,DISABLED,DISABLED,1500,900,1500,N/A,DISABLED,53,914,1680,N/A,ENABLED,53,914,1680,N/A,ENABLED,53,914,1680,N/A,ENABLED,53,914,1680,N/A,ENABLED,44,711,1400,N/A,ENABLED,44,711,1400,N/A,ENABLED,44,711,1400,N/A,ENABLED,44,711,1400,N/A,ENABLED,N/A,34,32
1744662138,0,227,N/A,N/A,N/A,N/A,ENABLED,1403,500,1403,DISABLED,DISABLED,1389,500,1403,DISABLED,DISABLED,1403,500,1403,DISABLED,DISABLED,1401,500,1403,DISABLED,DISABLED,1400,500,1403,DISABLED,DISABLED,1399,500,1403,DISABLED,DISABLED,1392,500,1403,DISABLED,DISABLED,1401,500,1403,DISABLED,DISABLED,1500,900,1500,N/A,DISABLED,53,914,1680,N/A,ENABLED,53,914,1680,N/A,ENABLED,53,914,1680,N/A,ENABLED,53,914,1680,N/A,ENABLED,44,711,1400,N/A,ENABLED,44,711,1400,N/A,ENABLED,44,711,1400,N/A,ENABLED,44,711,1400,N/A,ENABLED,N/A,34,32
1744662139,0,226,N/A,N/A,N/A,N/A,ENABLED,1403,500,1403,DISABLED,DISABLED,1388,500,1403,DISABLED,DISABLED,1404,500,1403,DISABLED,DISABLED,1400,500,1403,DISABLED,DISABLED,1400,500,1403,DISABLED,DISABLED,1399,500,1403,DISABLED,DISABLED,1391,500,1403,DISABLED,DISABLED,1400,500,1403,DISABLED,DISABLED,1500,900,1500,N/A,DISABLED,53,914,1680,N/A,ENABLED,53,914,1680,N/A,ENABLED,53,914,1680,N/A,ENABLED,53,914,1680,N/A,ENABLED,44,711,1400,N/A,ENABLED,44,711,1400,N/A,ENABLED,44,711,1400,N/A,ENABLED,44,711,1400,N/A,ENABLED,N/A,34,32
1744662140,0,226,N/A,N/A,N/A,N/A,ENABLED,1403,500,1403,DISABLED,DISABLED,1388,500,1403,DISABLED,DISABLED,1404,500,1403,DISABLED,DISABLED,1400,500,1403,DISABLED,DISABLED,1400,500,1403,DISABLED,DISABLED,1399,500,1403,DISABLED,DISABLED,1391,500,1403,DISABLED,DISABLED,1401,500,1403,DISABLED,DISABLED,1500,900,1500,N/A,DISABLED,53,914,1680,N/A,ENABLED,53,914,1680,N/A,ENABLED,53,914,1680,N/A,ENABLED,53,914,1680,N/A,ENABLED,44,711,1400,N/A,ENABLED,44,711,1400,N/A,ENABLED,44,711,1400,N/A,ENABLED,44,711,1400,N/A,ENABLED,N/A,34,33
1744662142,0,227,N/A,N/A,N/A,N/A,ENABLED,1403,500,1403,DISABLED,DISABLED,1388,500,1403,DISABLED,DISABLED,1403,500,1403,DISABLED,DISABLED,1401,500,1403,DISABLED,DISABLED,1400,500,1403,DISABLED,DISABLED,1399,500,1403,DISABLED,DISABLED,1391,500,1403,DISABLED,DISABLED,1401,500,1403,DISABLED,DISABLED,1500,900,1500,N/A,DISABLED,53,914,1680,N/A,ENABLED,53,914,1680,N/A,ENABLED,53,914,1680,N/A,ENABLED,53,914,1680,N/A,ENABLED,44,711,1400,N/A,ENABLED,44,711,1400,N/A,ENABLED,44,711,1400,N/A,ENABLED,44,711,1400,N/A,ENABLED,N/A,34,33
1744662143,0,225,N/A,N/A,N/A,N/A,ENABLED,1403,500,1403,DISABLED,DISABLED,1388,500,1403,DISABLED,DISABLED,1404,500,1403,DISABLED,DISABLED,1401,500,1403,DISABLED,DISABLED,1400,500,1403,DISABLED,DISABLED,1399,500,1403,DISABLED,DISABLED,1391,500,1403,DISABLED,DISABLED,1401,500,1403,DISABLED,DISABLED,1500,900,1500,N/A,DISABLED,53,914,1680,N/A,ENABLED,53,914,1680,N/A,ENABLED,53,914,1680,N/A,ENABLED,53,914,1680,N/A,ENABLED,44,711,1400,N/A,ENABLED,44,711,1400,N/A,ENABLED,44,711,1400,N/A,ENABLED,44,711,1400,N/A,ENABLED,N/A,34,33
1744662144,0,227,N/A,N/A,N/A,N/A,ENABLED,1404,500,1404,DISABLED,DISABLED,1389,500,1404,DISABLED,DISABLED,1404,500,1404,DISABLED,DISABLED,1400,500,1404,DISABLED,DISABLED,1400,500,1404,DISABLED,DISABLED,1399,500,1404,DISABLED,DISABLED,1392,500,1404,DISABLED,DISABLED,1401,500,1404,DISABLED,DISABLED,1500,900,1500,N/A,DISABLED,53,914,1680,N/A,ENABLED,53,914,1680,N/A,ENABLED,53,914,1680,N/A,ENABLED,53,914,1680,N/A,ENABLED,44,711,1400,N/A,ENABLED,44,711,1400,N/A,ENABLED,44,711,1400,N/A,ENABLED,44,711,1400,N/A,ENABLED,N/A,34,33
1744662145,0,226,N/A,N/A,N/A,N/A,ENABLED,1403,500,1403,DISABLED,DISABLED,1388,500,1403,DISABLED,DISABLED,1404,500,1403,DISABLED,DISABLED,1400,500,1403,DISABLED,DISABLED,1400,500,1403,DISABLED,DISABLED,1399,500,1403,DISABLED,DISABLED,1391,500,1403,DISABLED,DISABLED,1400,500,1403,DISABLED,DISABLED,1500,900,1500,N/A,DISABLED,53,914,1680,N/A,ENABLED,53,914,1680,N/A,ENABLED,53,914,1680,N/A,ENABLED,53,914,1680,N/A,ENABLED,44,711,1400,N/A,ENABLED,44,711,1400,N/A,ENABLED,44,711,1400,N/A,ENABLED,44,711,1400,N/A,ENABLED,N/A,34,33
1744662146,0,227,N/A,N/A,N/A,N/A,ENABLED,1403,500,1403,DISABLED,DISABLED,1388,500,1403,DISABLED,DISABLED,1403,500,1403,DISABLED,DISABLED,1400,500,1403,DISABLED,DISABLED,1401,500,1403,DISABLED,DISABLED,1399,500,1403,DISABLED,DISABLED,1391,500,1403,DISABLED,DISABLED,1401,500,1403,DISABLED,DISABLED,1500,900,1500,N/A,DISABLED,53,914,1680,N/A,ENABLED,53,914,1680,N/A,ENABLED,53,914,1680,N/A,ENABLED,53,914,1680,N/A,ENABLED,44,711,1400,N/A,ENABLED,44,711,1400,N/A,ENABLED,44,711,1400,N/A,ENABLED,44,711,1400,N/A,ENABLED,N/A,34,33
1744662147,0,226,N/A,N/A,N/A,N/A,ENABLED,1404,500,1404,DISABLED,DISABLED,1388,500,1404,DISABLED,DISABLED,1404,500,1404,DISABLED,DISABLED,1399,500,1404,DISABLED,DISABLED,1400,500,1404,DISABLED,DISABLED,1399,500,1404,DISABLED,DISABLED,1391,500,1404,DISABLED,DISABLED,1401,500,1404,DISABLED,DISABLED,1500,900,1500,N/A,DISABLED,53,914,1680,N/A,ENABLED,53,914,1680,N/A,ENABLED,53,914,1680,N/A,ENABLED,53,914,1680,N/A,ENABLED,44,711,1400,N/A,ENABLED,44,711,1400,N/A,ENABLED,44,711,1400,N/A,ENABLED,44,711,1400,N/A,ENABLED,N/A,35,33
1744662149,0,226,N/A,N/A,N/A,N/A,ENABLED,1403,500,1403,DISABLED,DISABLED,1389,500,1403,DISABLED,DISABLED,1403,500,1403,DISABLED,DISABLED,1400,500,1403,DISABLED,DISABLED,1401,500,1403,DISABLED,DISABLED,1399,500,1403,DISABLED,DISABLED,1391,500,1403,DISABLED,DISABLED,1400,500,1403,DISABLED,DISABLED,1500,900,1500,N/A,DISABLED,53,914,1680,N/A,ENABLED,53,914,1680,N/A,ENABLED,53,914,1680,N/A,ENABLED,53,914,1680,N/A,ENABLED,44,711,1400,N/A,ENABLED,44,711,1400,N/A,ENABLED,44,711,1400,N/A,ENABLED,44,711,1400,N/A,ENABLED,N/A,35,33
1744662150,0,225,N/A,N/A,N/A,N/A,ENABLED,1403,500,1403,DISABLED,DISABLED,1389,500,1403,DISABLED,DISABLED,1403,500,1403,DISABLED,DISABLED,1401,500,1403,DISABLED,DISABLED,1400,500,1403,DISABLED,DISABLED,1399,500,1403,DISABLED,DISABLED,1391,500,1403,DISABLED,DISABLED,1401,500,1403,DISABLED,DISABLED,1500,900,1500,N/A,DISABLED,53,914,1680,N/A,ENABLED,53,914,1680,N/A,ENABLED,53,914,1680,N/A,ENABLED,53,914,1680,N/A,ENABLED,44,711,1400,N/A,ENABLED,44,711,1400,N/A,ENABLED,44,711,1400,N/A,ENABLED,44,711,1400,N/A,ENABLED,N/A,35,33
1744662151,0,227,N/A,N/A,N/A,N/A,ENABLED,1403,500,1403,DISABLED,DISABLED,1388,500,1403,DISABLED,DISABLED,1403,500,1403,DISABLED,DISABLED,1400,500,1403,DISABLED,DISABLED,1400,500,1403,DISABLED,DISABLED,1400,500,1403,DISABLED,DISABLED,1392,500,1403,DISABLED,DISABLED,1401,500,1403,DISABLED,DISABLED,1500,900,1500,N/A,DISABLED,53,914,1680,N/A,ENABLED,53,914,1680,N/A,ENABLED,53,914,1680,N/A,ENABLED,53,914,1680,N/A,ENABLED,44,711,1400,N/A,ENABLED,44,711,1400,N/A,ENABLED,44,711,1400,N/A,ENABLED,44,711,1400,N/A,ENABLED,N/A,35,33
1744662152,0,227,N/A,N/A,N/A,N/A,ENABLED,1403,500,1403,DISABLED,DISABLED,1388,500,1403,DISABLED,DISABLED,1403,500,1403,DISABLED,DISABLED,1400,500,1403,DISABLED,DISABLED,1400,500,1403,DISABLED,DISABLED,1400,500,1403,DISABLED,DISABLED,1392,500,1403,DISABLED,DISABLED,1401,500,1403,DISABLED,DISABLED,1500,900,1500,N/A,DISABLED,53,914,1680,N/A,ENABLED,53,914,1680,N/A,ENABLED,53,914,1680,N/A,ENABLED,53,914,1680,N/A,ENABLED,44,711,1400,N/A,ENABLED,44,711,1400,N/A,ENABLED,44,711,1400,N/A,ENABLED,44,711,1400,N/A,ENABLED,N/A,35,33
1744662153,0,226,N/A,N/A,N/A,N/A,ENABLED,1403,500,1403,DISABLED,DISABLED,1388,500,1403,DISABLED,DISABLED,1403,500,1403,DISABLED,DISABLED,1400,500,1403,DISABLED,DISABLED,1400,500,1403,DISABLED,DISABLED,1399,500,1403,DISABLED,DISABLED,1391,500,1403,DISABLED,DISABLED,1401,500,1403,DISABLED,DISABLED,1500,900,1500,N/A,DISABLED,53,914,1680,N/A,ENABLED,53,914,1680,N/A,ENABLED,53,914,1680,N/A,ENABLED,53,914,1680,N/A,ENABLED,44,711,1400,N/A,ENABLED,44,711,1400,N/A,ENABLED,44,711,1400,N/A,ENABLED,44,711,1400,N/A,ENABLED,N/A,35,33
1744662155,0,227,N/A,N/A,N/A,N/A,ENABLED,1403,500,1403,DISABLED,DISABLED,1388,500,1403,DISABLED,DISABLED,1403,500,1403,DISABLED,DISABLED,1400,500,1403,DISABLED,DISABLED,1400,500,1403,DISABLED,DISABLED,1400,500,1403,DISABLED,DISABLED,1391,500,1403,DISABLED,DISABLED,1401,500,1403,DISABLED,DISABLED,1500,900,1500,N/A,DISABLED,53,914,1680,N/A,ENABLED,53,914,1680,N/A,ENABLED,53,914,1680,N/A,ENABLED,53,914,1680,N/A,ENABLED,44,711,1400,N/A,ENABLED,44,711,1400,N/A,ENABLED,44,711,1400,N/A,ENABLED,44,711,1400,N/A,ENABLED,N/A,35,33
1744662156,0,226,N/A,N/A,N/A,N/A,ENABLED,1403,500,1403,DISABLED,DISABLED,1387,500,1403,DISABLED,DISABLED,1403,500,1403,DISABLED,DISABLED,1399,500,1403,DISABLED,DISABLED,1400,500,1403,DISABLED,DISABLED,1401,500,1403,DISABLED,DISABLED,1391,500,1403,DISABLED,DISABLED,1400,500,1403,DISABLED,DISABLED,1500,900,1500,N/A,DISABLED,53,914,1680,N/A,ENABLED,53,914,1680,N/A,ENABLED,53,914,1680,N/A,ENABLED,53,914,1680,N/A,ENABLED,44,711,1400,N/A,ENABLED,44,711,1400,N/A,ENABLED,44,711,1400,N/A,ENABLED,44,711,1400,N/A,ENABLED,N/A,35,33
1744662157,0,226,N/A,N/A,N/A,N/A,ENABLED,1403,500,1403,DISABLED,DISABLED,1387,500,1403,DISABLED,DISABLED,1403,500,1403,DISABLED,DISABLED,1400,500,1403,DISABLED,DISABLED,1400,500,1403,DISABLED,DISABLED,1400,500,1403,DISABLED,DISABLED,1391,500,1403,DISABLED,DISABLED,1401,500,1403,DISABLED,DISABLED,1500,900,1500,N/A,DISABLED,53,914,1680,N/A,ENABLED,53,914,1680,N/A,ENABLED,53,914,1680,N/A,ENABLED,53,914,1680,N/A,ENABLED,44,711,1400,N/A,ENABLED,44,711,1400,N/A,ENABLED,44,711,1400,N/A,ENABLED,44,711,1400,N/A,ENABLED,N/A,35,33
1744662158,0,226,N/A,N/A,N/A,N/A,ENABLED,1403,500,1403,DISABLED,DISABLED,1387,500,1403,DISABLED,DISABLED,1403,500,1403,DISABLED,DISABLED,1400,500,1403,DISABLED,DISABLED,1399,500,1403,DISABLED,DISABLED,1400,500,1403,DISABLED,DISABLED,1391,500,1403,DISABLED,DISABLED,1401,500,1403,DISABLED,DISABLED,1500,900,1500,N/A,DISABLED,53,914,1680,N/A,ENABLED,53,914,1680,N/A,ENABLED,53,914,1680,N/A,ENABLED,53,914,1680,N/A,ENABLED,44,711,1400,N/A,ENABLED,44,711,1400,N/A,ENABLED,44,711,1400,N/A,ENABLED,44,711,1400,N/A,ENABLED,N/A,35,33
1744662159,0,226,N/A,N/A,N/A,N/A,ENABLED,1403,500,1403,DISABLED,DISABLED,1388,500,1403,DISABLED,DISABLED,1403,500,1403,DISABLED,DISABLED,1400,500,1403,DISABLED,DISABLED,1399,500,1403,DISABLED,DISABLED,1400,500,1403,DISABLED,DISABLED,1390,500,1403,DISABLED,DISABLED,1401,500,1403,DISABLED,DISABLED,1500,900,1500,N/A,DISABLED,53,914,1680,N/A,ENABLED,53,914,1680,N/A,ENABLED,53,914,1680,N/A,ENABLED,53,914,1680,N/A,ENABLED,44,711,1400,N/A,ENABLED,44,711,1400,N/A,ENABLED,44,711,1400,N/A,ENABLED,44,711,1400,N/A,ENABLED,N/A,35,34
1744662160,0,227,N/A,N/A,N/A,N/A,ENABLED,1403,500,1403,DISABLED,DISABLED,1388,500,1403,DISABLED,DISABLED,1402,500,1403,DISABLED,DISABLED,1400,500,1403,DISABLED,DISABLED,1399,500,1403,DISABLED,DISABLED,1399,500,1403,DISABLED,DISABLED,1391,500,1403,DISABLED,DISABLED,1401,500,1403,DISABLED,DISABLED,1500,900,1500,N/A,DISABLED,53,914,1680,N/A,ENABLED,53,914,1680,N/A,ENABLED,53,914,1680,N/A,ENABLED,53,914,1680,N/A,ENABLED,44,711,1400,N/A,ENABLED,44,711,1400,N/A,ENABLED,44,711,1400,N/A,ENABLED,44,711,1400,N/A,ENABLED,N/A,35,34
1744662162,0,227,N/A,N/A,N/A,N/A,ENABLED,1403,500,1403,DISABLED,DISABLED,1389,500,1403,DISABLED,DISABLED,1403,500,1403,DISABLED,DISABLED,1400,500,1403,DISABLED,DISABLED,1400,500,1403,DISABLED,DISABLED,1400,500,1403,DISABLED,DISABLED,1391,500,1403,DISABLED,DISABLED,1402,500,1403,DISABLED,DISABLED,1500,900,1500,N/A,DISABLED,53,914,1680,N/A,ENABLED,53,914,1680,N/A,ENABLED,53,914,1680,N/A,ENABLED,53,914,1680,N/A,ENABLED,44,711,1400,N/A,ENABLED,44,711,1400,N/A,ENABLED,44,711,1400,N/A,ENABLED,44,711,1400,N/A,ENABLED,N/A,35,33
1744662163,0,227,N/A,N/A,N/A,N/A,ENABLED,1402,500,1402,DISABLED,DISABLED,1388,500,1402,DISABLED,DISABLED,1403,500,1402,DISABLED,DISABLED,1400,500,1402,DISABLED,DISABLED,1399,500,1402,DISABLED,DISABLED,1400,500,1402,DISABLED,DISABLED,1392,500,1402,DISABLED,DISABLED,1402,500,1402,DISABLED,DISABLED,1500,900,1500,N/A,DISABLED,53,914,1680,N/A,ENABLED,53,914,1680,N/A,ENABLED,53,914,1680,N/A,ENABLED,53,914,1680,N/A,ENABLED,44,711,1400,N/A,ENABLED,44,711,1400,N/A,ENABLED,44,711,1400,N/A,ENABLED,44,711,1400,N/A,ENABLED,N/A,35,33
1744662164,0,227,N/A,N/A,N/A,N/A,ENABLED,1403,500,1403,DISABLED,DISABLED,1388,500,1403,DISABLED,DISABLED,1402,500,1403,DISABLED,DISABLED,1400,500,1403,DISABLED,DISABLED,1400,500,1403,DISABLED,DISABLED,1399,500,1403,DISABLED,DISABLED,1391,500,1403,DISABLED,DISABLED,1401,500,1403,DISABLED,DISABLED,1500,900,1500,N/A,DISABLED,53,914,1680,N/A,ENABLED,53,914,1680,N/A,ENABLED,53,914,1680,N/A,ENABLED,53,914,1680,N/A,ENABLED,44,711,1400,N/A,ENABLED,44,711,1400,N/A,ENABLED,44,711,1400,N/A,ENABLED,44,711,1400,N/A,ENABLED,N/A,35,33
1744662165,0,226,N/A,N/A,N/A,N/A,ENABLED,1403,500,1403,DISABLED,DISABLED,1387,500,1403,DISABLED,DISABLED,1403,500,1403,DISABLED,DISABLED,1400,500,1403,DISABLED,DISABLED,1400,500,1403,DISABLED,DISABLED,1400,500,1403,DISABLED,DISABLED,1391,500,1403,DISABLED,DISABLED,1401,500,1403,DISABLED,DISABLED,1500,900,1500,N/A,DISABLED,53,914,1680,N/A,ENABLED,53,914,1680,N/A,ENABLED,53,914,1680,N/A,ENABLED,53,914,1680,N/A,ENABLED,44,711,1400,N/A,ENABLED,44,711,1400,N/A,ENABLED,44,711,1400,N/A,ENABLED,44,711,1400,N/A,ENABLED,N/A,35,33
1744662166,0,226,N/A,N/A,N/A,N/A,ENABLED,1403,500,1403,DISABLED,DISABLED,1388,500,1403,DISABLED,DISABLED,1403,500,1403,DISABLED,DISABLED,1400,500,1403,DISABLED,DISABLED,1400,500,1403,DISABLED,DISABLED,1399,500,1403,DISABLED,DISABLED,1391,500,1403,DISABLED,DISABLED,1400,500,1403,DISABLED,DISABLED,1500,900,1500,N/A,DISABLED,53,914,1680,N/A,ENABLED,53,914,1680,N/A,ENABLED,53,914,1680,N/A,ENABLED,53,914,1680,N/A,ENABLED,44,711,1400,N/A,ENABLED,44,711,1400,N/A,ENABLED,44,711,1400,N/A,ENABLED,44,711,1400,N/A,ENABLED,N/A,35,33
1744662167,0,227,N/A,N/A,N/A,N/A,ENABLED,1403,500,1403,DISABLED,DISABLED,1388,500,1403,DISABLED,DISABLED,1403,500,1403,DISABLED,DISABLED,1399,500,1403,DISABLED,DISABLED,1400,500,1403,DISABLED,DISABLED,1400,500,1403,DISABLED,DISABLED,1391,500,1403,DISABLED,DISABLED,1401,500,1403,DISABLED,DISABLED,1500,900,1500,N/A,DISABLED,53,914,1680,N/A,ENABLED,53,914,1680,N/A,ENABLED,53,914,1680,N/A,ENABLED,53,914,1680,N/A,ENABLED,44,711,1400,N/A,ENABLED,44,711,1400,N/A,ENABLED,44,711,1400,N/A,ENABLED,44,711,1400,N/A,ENABLED,N/A,35,33
1744662169,0,226,N/A,N/A,N/A,N/A,ENABLED,1403,500,1403,DISABLED,DISABLED,1388,500,1403,DISABLED,DISABLED,1402,500,1403,DISABLED,DISABLED,1400,500,1403,DISABLED,DISABLED,1400,500,1403,DISABLED,DISABLED,1399,500,1403,DISABLED,DISABLED,1390,500,1403,DISABLED,DISABLED,1401,500,1403,DISABLED,DISABLED,1500,900,1500,N/A,DISABLED,53,914,1680,N/A,ENABLED,53,914,1680,N/A,ENABLED,53,914,1680,N/A,ENABLED,53,914,1680,N/A,ENABLED,44,711,1400,N/A,ENABLED,44,711,1400,N/A,ENABLED,44,711,1400,N/A,ENABLED,44,711,1400,N/A,ENABLED,N/A,35,33
1744662170,0,227,N/A,N/A,N/A,N/A,ENABLED,1404,500,1404,DISABLED,DISABLED,1388,500,1404,DISABLED,DISABLED,1403,500,1404,DISABLED,DISABLED,1400,500,1404,DISABLED,DISABLED,1401,500,1404,DISABLED,DISABLED,1399,500,1404,DISABLED,DISABLED,1391,500,1404,DISABLED,DISABLED,1402,500,1404,DISABLED,DISABLED,1500,900,1500,N/A,DISABLED,53,914,1680,N/A,ENABLED,53,914,1680,N/A,ENABLED,53,914,1680,N/A,ENABLED,53,914,1680,N/A,ENABLED,44,711,1400,N/A,ENABLED,44,711,1400,N/A,ENABLED,44,711,1400,N/A,ENABLED,44,711,1400,N/A,ENABLED,N/A,35,33
1744662171,0,226,N/A,N/A,N/A,N/A,ENABLED,1403,500,1403,DISABLED,DISABLED,1388,500,1403,DISABLED,DISABLED,1403,500,1403,DISABLED,DISABLED,1400,500,1403,DISABLED,DISABLED,1401,500,1403,DISABLED,DISABLED,1399,500,1403,DISABLED,DISABLED,1391,500,1403,DISABLED,DISABLED,1401,500,1403,DISABLED,DISABLED,1500,900,1500,N/A,DISABLED,53,914,1680,N/A,ENABLED,53,914,1680,N/A,ENABLED,53,914,1680,N/A,ENABLED,53,914,1680,N/A,ENABLED,44,711,1400,N/A,ENABLED,44,711,1400,N/A,ENABLED,44,711,1400,N/A,ENABLED,44,711,1400,N/A,ENABLED,N/A,35,33
1744662172,0,227,N/A,N/A,N/A,N/A,ENABLED,1402,500,1402,DISABLED,DISABLED,1389,500,1402,DISABLED,DISABLED,1403,500,1402,DISABLED,DISABLED,1401,500,1402,DISABLED,DISABLED,1401,500,1402,DISABLED,DISABLED,1400,500,1402,DISABLED,DISABLED,1391,500,1402,DISABLED,DISABLED,1401,500,1402,DISABLED,DISABLED,1500,900,1500,N/A,DISABLED,53,914,1680,N/A,ENABLED,53,914,1680,N/A,ENABLED,53,914,1680,N/A,ENABLED,53,914,1680,N/A,ENABLED,44,711,1400,N/A,ENABLED,44,711,1400,N/A,ENABLED,44,711,1400,N/A,ENABLED,44,711,1400,N/A,ENABLED,N/A,35,33
1744662173,0,227,N/A,N/A,N/A,N/A,ENABLED,1402,500,1402,DISABLED,DISABLED,1388,500,1402,DISABLED,DISABLED,1403,500,1402,DISABLED,DISABLED,1400,500,1402,DISABLED,DISABLED,1402,500,1402,DISABLED,DISABLED,1399,500,1402,DISABLED,DISABLED,1391,500,1402,DISABLED,DISABLED,1401,500,1402,DISABLED,DISABLED,1500,900,1500,N/A,DISABLED,53,914,1680,N/A,ENABLED,53,914,1680,N/A,ENABLED,53,914,1680,N/A,ENABLED,53,914,1680,N/A,ENABLED,44,711,1400,N/A,ENABLED,44,711,1400,N/A,ENABLED,44,711,1400,N/A,ENABLED,44,711,1400,N/A,ENABLED,N/A,35,33
1744662175,0,227,N/A,N/A,N/A,N/A,ENABLED,1403,500,1403,DISABLED,DISABLED,1388,500,1403,DISABLED,DISABLED,1403,500,1403,DISABLED,DISABLED,1400,500,1403,DISABLED,DISABLED,1401,500,1403,DISABLED,DISABLED,1399,500,1403,DISABLED,DISABLED,1391,500,1403,DISABLED,DISABLED,1401,500,1403,DISABLED,DISABLED,1500,900,1500,N/A,DISABLED,53,914,1680,N/A,ENABLED,53,914,1680,N/A,ENABLED,53,914,1680,N/A,ENABLED,53,914,1680,N/A,ENABLED,44,711,1400,N/A,ENABLED,44,711,1400,N/A,ENABLED,44,711,1400,N/A,ENABLED,44,711,1400,N/A,ENABLED,N/A,35,33
1744662176,0,227,N/A,N/A,N/A,N/A,ENABLED,1402,500,1402,DISABLED,DISABLED,1388,500,1402,DISABLED,DISABLED,1402,500,1402,DISABLED,DISABLED,1400,500,1402,DISABLED,DISABLED,1400,500,1402,DISABLED,DISABLED,1399,500,1402,DISABLED,DISABLED,1391,500,1402,DISABLED,DISABLED,1401,500,1402,DISABLED,DISABLED,1500,900,1500,N/A,DISABLED,53,914,1680,N/A,ENABLED,53,914,1680,N/A,ENABLED,53,914,1680,N/A,ENABLED,53,914,1680,N/A,ENABLED,44,711,1400,N/A,ENABLED,44,711,1400,N/A,ENABLED,44,711,1400,N/A,ENABLED,44,711,1400,N/A,ENABLED,N/A,35,33
1744662177,0,227,N/A,N/A,N/A,N/A,ENABLED,1403,500,1403,DISABLED,DISABLED,1389,500,1403,DISABLED,DISABLED,1403,500,1403,DISABLED,DISABLED,1400,500,1403,DISABLED,DISABLED,1400,500,1403,DISABLED,DISABLED,1399,500,1403,DISABLED,DISABLED,1391,500,1403,DISABLED,DISABLED,1401,500,1403,DISABLED,DISABLED,1500,900,1500,N/A,DISABLED,53,914,1680,N/A,ENABLED,53,914,1680,N/A,ENABLED,53,914,1680,N/A,ENABLED,53,914,1680,N/A,ENABLED,44,711,1400,N/A,ENABLED,44,711,1400,N/A,ENABLED,44,711,1400,N/A,ENABLED,44,711,1400,N/A,ENABLED,N/A,35,33
1744662178,0,226,N/A,N/A,N/A,N/A,ENABLED,1403,500,1403,DISABLED,DISABLED,1388,500,1403,DISABLED,DISABLED,1403,500,1403,DISABLED,DISABLED,1401,500,1403,DISABLED,DISABLED,1400,500,1403,DISABLED,DISABLED,1399,500,1403,DISABLED,DISABLED,1391,500,1403,DISABLED,DISABLED,1400,500,1403,DISABLED,DISABLED,1500,900,1500,N/A,DISABLED,53,914,1680,N/A,ENABLED,53,914,1680,N/A,ENABLED,53,914,1680,N/A,ENABLED,53,914,1680,N/A,ENABLED,44,711,1400,N/A,ENABLED,44,711,1400,N/A,ENABLED,44,711,1400,N/A,ENABLED,44,711,1400,N/A,ENABLED,N/A,35,33
1744662179,0,227,N/A,N/A,N/A,N/A,ENABLED,1404,500,1404,DISABLED,DISABLED,1388,500,1404,DISABLED,DISABLED,1403,500,1404,DISABLED,DISABLED,1400,500,1404,DISABLED,DISABLED,1400,500,1404,DISABLED,DISABLED,1399,500,1404,DISABLED,DISABLED,1391,500,1404,DISABLED,DISABLED,1400,500,1404,DISABLED,DISABLED,1500,900,1500,N/A,DISABLED,53,914,1680,N/A,ENABLED,53,914,1680,N/A,ENABLED,53,914,1680,N/A,ENABLED,53,914,1680,N/A,ENABLED,44,711,1400,N/A,ENABLED,44,711,1400,N/A,ENABLED,44,711,1400,N/A,ENABLED,44,711,1400,N/A,ENABLED,N/A,35,34
1744662180,0,227,N/A,N/A,N/A,N/A,ENABLED,1403,500,1403,DISABLED,DISABLED,1388,500,1403,DISABLED,DISABLED,1402,500,1403,DISABLED,DISABLED,1400,500,1403,DISABLED,DISABLED,1400,500,1403,DISABLED,DISABLED,1400,500,1403,DISABLED,DISABLED,1391,500,1403,DISABLED,DISABLED,1400,500,1403,DISABLED,DISABLED,1500,900,1500,N/A,DISABLED,53,914,1680,N/A,ENABLED,53,914,1680,N/A,ENABLED,53,914,1680,N/A,ENABLED,53,914,1680,N/A,ENABLED,44,711,1400,N/A,ENABLED,44,711,1400,N/A,ENABLED,44,711,1400,N/A,ENABLED,44,711,1400,N/A,ENABLED,N/A,35,34
1744662182,0,228,N/A,N/A,N/A,N/A,ENABLED,1403,500,1403,DISABLED,DISABLED,1388,500,1403,DISABLED,DISABLED,1403,500,1403,DISABLED,DISABLED,1400,500,1403,DISABLED,DISABLED,1400,500,1403,DISABLED,DISABLED,1399,500,1403,DISABLED,DISABLED,1390,500,1403,DISABLED,DISABLED,1401,500,1403,DISABLED,DISABLED,1500,900,1500,N/A,DISABLED,53,914,1680,N/A,ENABLED,53,914,1680,N/A,ENABLED,53,914,1680,N/A,ENABLED,53,914,1680,N/A,ENABLED,44,711,1400,N/A,ENABLED,44,711,1400,N/A,ENABLED,44,711,1400,N/A,ENABLED,44,711,1400,N/A,ENABLED,N/A,35,34
1744662183,0,227,N/A,N/A,N/A,N/A,ENABLED,1404,500,1404,DISABLED,DISABLED,1388,500,1404,DISABLED,DISABLED,1402,500,1404,DISABLED,DISABLED,1400,500,1404,DISABLED,DISABLED,1400,500,1404,DISABLED,DISABLED,1399,500,1404,DISABLED,DISABLED,1391,500,1404,DISABLED,DISABLED,1402,500,1404,DISABLED,DISABLED,1500,900,1500,N/A,DISABLED,53,914,1680,N/A,ENABLED,53,914,1680,N/A,ENABLED,53,914,1680,N/A,ENABLED,53,914,1680,N/A,ENABLED,44,711,1400,N/A,ENABLED,44,711,1400,N/A,ENABLED,44,711,1400,N/A,ENABLED,44,711,1400,N/A,ENABLED,N/A,35,33
1744662184,0,227,N/A,N/A,N/A,N/A,ENABLED,1403,500,1403,DISABLED,DISABLED,1388,500,1403,DISABLED,DISABLED,1402,500,1403,DISABLED,DISABLED,1400,500,1403,DISABLED,DISABLED,1400,500,1403,DISABLED,DISABLED,1400,500,1403,DISABLED,DISABLED,1390,500,1403,DISABLED,DISABLED,1402,500,1403,DISABLED,DISABLED,1500,900,1500,N/A,DISABLED,53,914,1680,N/A,ENABLED,53,914,1680,N/A,ENABLED,53,914,1680,N/A,ENABLED,53,914,1680,N/A,ENABLED,44,711,1400,N/A,ENABLED,44,711,1400,N/A,ENABLED,44,711,1400,N/A,ENABLED,44,711,1400,N/A,ENABLED,N/A,35,34
1744662185,0,227,N/A,N/A,N/A,N/A,ENABLED,1403,500,1403,DISABLED,DISABLED,1388,500,1403,DISABLED,DISABLED,1402,500,1403,DISABLED,DISABLED,1400,500,1403,DISABLED,DISABLED,1400,500,1403,DISABLED,DISABLED,1398,500,1403,DISABLED,DISABLED,1391,500,1403,DISABLED,DISABLED,1402,500,1403,DISABLED,DISABLED,1500,900,1500,N/A,DISABLED,53,914,1680,N/A,ENABLED,53,914,1680,N/A,ENABLED,53,914,1680,N/A,ENABLED,53,914,1680,N/A,ENABLED,44,711,1400,N/A,ENABLED,44,711,1400,N/A,ENABLED,44,711,1400,N/A,ENABLED,44,711,1400,N/A,ENABLED,N/A,35,34
1744662186,0,225,N/A,N/A,N/A,N/A,ENABLED,1404,500,1404,DISABLED,DISABLED,1388,500,1404,DISABLED,DISABLED,1402,500,1404,DISABLED,DISABLED,1401,500,1404,DISABLED,DISABLED,1400,500,1404,DISABLED,DISABLED,1400,500,1404,DISABLED,DISABLED,1390,500,1404,DISABLED,DISABLED,1401,500,1404,DISABLED,DISABLED,1500,900,1500,N/A,DISABLED,53,914,1680,N/A,ENABLED,53,914,1680,N/A,ENABLED,53,914,1680,N/A,ENABLED,53,914,1680,N/A,ENABLED,44,711,1400,N/A,ENABLED,44,711,1400,N/A,ENABLED,44,711,1400,N/A,ENABLED,44,711,1400,N/A,ENABLED,N/A,35,34
1744662188,0,227,N/A,N/A,N/A,N/A,ENABLED,1403,500,1402,DISABLED,DISABLED,1388,500,1402,DISABLED,DISABLED,1403,500,1402,DISABLED,DISABLED,1400,500,1402,DISABLED,DISABLED,1399,500,1402,DISABLED,DISABLED,1399,500,1402,DISABLED,DISABLED,1391,500,1402,DISABLED,DISABLED,1401,500,1402,DISABLED,DISABLED,1500,900,1500,N/A,DISABLED,53,914,1680,N/A,ENABLED,53,914,1680,N/A,ENABLED,53,914,1680,N/A,ENABLED,53,914,1680,N/A,ENABLED,44,711,1400,N/A,ENABLED,44,711,1400,N/A,ENABLED,44,711,1400,N/A,ENABLED,44,711,1400,N/A,ENABLED,N/A,35,34
1744662189,0,227,N/A,N/A,N/A,N/A,ENABLED,1403,500,1403,DISABLED,DISABLED,1388,500,1403,DISABLED,DISABLED,1403,500,1403,DISABLED,DISABLED,1399,500,1403,DISABLED,DISABLED,1400,500,1403,DISABLED,DISABLED,1400,500,1403,DISABLED,DISABLED,1391,500,1403,DISABLED,DISABLED,1401,500,1403,DISABLED,DISABLED,1500,900,1500,N/A,DISABLED,53,914,1680,N/A,ENABLED,53,914,1680,N/A,ENABLED,53,914,1680,N/A,ENABLED,53,914,1680,N/A,ENABLED,44,711,1400,N/A,ENABLED,44,711,1400,N/A,ENABLED,44,711,1400,N/A,ENABLED,44,711,1400,N/A,ENABLED,N/A,35,33
1744662190,0,226,N/A,N/A,N/A,N/A,ENABLED,1403,500,1403,DISABLED,DISABLED,1388,500,1403,DISABLED,DISABLED,1402,500,1403,DISABLED,DISABLED,1401,500,1403,DISABLED,DISABLED,1400,500,1403,DISABLED,DISABLED,1400,500,1403,DISABLED,DISABLED,1391,500,1403,DISABLED,DISABLED,1401,500,1403,DISABLED,DISABLED,1500,900,1500,N/A,DISABLED,53,914,1680,N/A,ENABLED,53,914,1680,N/A,ENABLED,53,914,1680,N/A,ENABLED,53,914,1680,N/A,ENABLED,44,711,1400,N/A,ENABLED,44,711,1400,N/A,ENABLED,44,711,1400,N/A,ENABLED,44,711,1400,N/A,ENABLED,N/A,35,34
1744662191,0,226,N/A,N/A,N/A,N/A,ENABLED,1403,500,1403,DISABLED,DISABLED,1389,500,1403,DISABLED,DISABLED,1403,500,1403,DISABLED,DISABLED,1400,500,1403,DISABLED,DISABLED,1400,500,1403,DISABLED,DISABLED,1401,500,1403,DISABLED,DISABLED,1390,500,1403,DISABLED,DISABLED,1402,500,1403,DISABLED,DISABLED,1500,900,1500,N/A,DISABLED,53,914,1680,N/A,ENABLED,53,914,1680,N/A,ENABLED,53,914,1680,N/A,ENABLED,53,914,1680,N/A,ENABLED,44,711,1400,N/A,ENABLED,44,711,1400,N/A,ENABLED,44,711,1400,N/A,ENABLED,44,711,1400,N/A,ENABLED,N/A,35,34
1744662192,0,227,N/A,N/A,N/A,N/A,ENABLED,1403,500,1403,DISABLED,DISABLED,1388,500,1403,DISABLED,DISABLED,1403,500,1403,DISABLED,DISABLED,1401,500,1403,DISABLED,DISABLED,1400,500,1403,DISABLED,DISABLED,1399,500,1403,DISABLED,DISABLED,1391,500,1403,DISABLED,DISABLED,1401,500,1403,DISABLED,DISABLED,1500,900,1500,N/A,DISABLED,53,914,1680,N/A,ENABLED,53,914,1680,N/A,ENABLED,53,914,1680,N/A,ENABLED,53,914,1680,N/A,ENABLED,44,711,1400,N/A,ENABLED,44,711,1400,N/A,ENABLED,44,711,1400,N/A,ENABLED,44,711,1400,N/A,ENABLED,N/A,35,34
1744662193,0,227,N/A,N/A,N/A,N/A,ENABLED,1402,500,1402,DISABLED,DISABLED,1389,500,1402,DISABLED,DISABLED,1403,500,1402,DISABLED,DISABLED,1401,500,1402,DISABLED,DISABLED,1400,500,1402,DISABLED,DISABLED,1400,500,1402,DISABLED,DISABLED,1391,500,1402,DISABLED,DISABLED,1401,500,1402,DISABLED,DISABLED,1500,900,1500,N/A,DISABLED,53,914,1680,N/A,ENABLED,53,914,1680,N/A,ENABLED,53,914,1680,N/A,ENABLED,53,914,1680,N/A,ENABLED,44,711,1400,N/A,ENABLED,44,711,1400,N/A,ENABLED,44,711,1400,N/A,ENABLED,44,711,1400,N/A,ENABLED,N/A,35,33
1744662195,0,226,N/A,N/A,N/A,N/A,ENABLED,1403,500,1403,DISABLED,DISABLED,1388,500,1403,DISABLED,DISABLED,1402,500,1403,DISABLED,DISABLED,1401,500,1403,DISABLED,DISABLED,1399,500,1403,DISABLED,DISABLED,1400,500,1403,DISABLED,DISABLED,1391,500,1403,DISABLED,DISABLED,1401,500,1403,DISABLED,DISABLED,1500,900,1500,N/A,DISABLED,53,914,1680,N/A,ENABLED,53,914,1680,N/A,ENABLED,53,914,1680,N/A,ENABLED,53,914,1680,N/A,ENABLED,44,711,1400,N/A,ENABLED,44,711,1400,N/A,ENABLED,44,711,1400,N/A,ENABLED,44,711,1400,N/A,ENABLED,N/A,35,34
1744662196,0,227,N/A,N/A,N/A,N/A,ENABLED,1402,500,1402,DISABLED,DISABLED,1388,500,1402,DISABLED,DISABLED,1402,500,1402,DISABLED,DISABLED,1401,500,1402,DISABLED,DISABLED,1400,500,1402,DISABLED,DISABLED,1400,500,1402,DISABLED,DISABLED,1391,500,1402,DISABLED,DISABLED,1401,500,1402,DISABLED,DISABLED,1500,900,1500,N/A,DISABLED,53,914,1680,N/A,ENABLED,53,914,1680,N/A,ENABLED,53,914,1680,N/A,ENABLED,53,914,1680,N/A,ENABLED,44,711,1400,N/A,ENABLED,44,711,1400,N/A,ENABLED,44,711,1400,N/A,ENABLED,44,711,1400,N/A,ENABLED,N/A,35,34
1744662197,0,227,N/A,N/A,N/A,N/A,ENABLED,1403,500,1403,DISABLED,DISABLED,1388,500,1403,DISABLED,DISABLED,1403,500,1403,DISABLED,DISABLED,1401,500,1403,DISABLED,DISABLED,1400,500,1403,DISABLED,DISABLED,1399,500,1403,DISABLED,DISABLED,1391,500,1403,DISABLED,DISABLED,1401,500,1403,DISABLED,DISABLED,1500,900,1500,N/A,DISABLED,53,914,1680,N/A,ENABLED,53,914,1680,N/A,ENABLED,53,914,1680,N/A,ENABLED,53,914,1680,N/A,ENABLED,44,711,1400,N/A,ENABLED,44,711,1400,N/A,ENABLED,44,711,1400,N/A,ENABLED,44,711,1400,N/A,ENABLED,N/A,35,34
1744662198,0,227,N/A,N/A,N/A,N/A,ENABLED,1402,500,1402,DISABLED,DISABLED,1389,500,1402,DISABLED,DISABLED,1403,500,1402,DISABLED,DISABLED,1400,500,1402,DISABLED,DISABLED,1400,500,1402,DISABLED,DISABLED,1399,500,1402,DISABLED,DISABLED,1391,500,1402,DISABLED,DISABLED,1401,500,1402,DISABLED,DISABLED,1500,900,1500,N/A,DISABLED,53,914,1680,N/A,ENABLED,53,914,1680,N/A,ENABLED,53,914,1680,N/A,ENABLED,53,914,1680,N/A,ENABLED,44,711,1400,N/A,ENABLED,44,711,1400,N/A,ENABLED,44,711,1400,N/A,ENABLED,44,711,1400,N/A,ENABLED,N/A,35,34
1744662199,0,227,N/A,N/A,N/A,N/A,ENABLED,1402,500,1402,DISABLED,DISABLED,1388,500,1402,DISABLED,DISABLED,1403,500,1402,DISABLED,DISABLED,1401,500,1402,DISABLED,DISABLED,1400,500,1402,DISABLED,DISABLED,1400,500,1402,DISABLED,DISABLED,1391,500,1402,DISABLED,DISABLED,1401,500,1402,DISABLED,DISABLED,1500,900,1500,N/A,DISABLED,53,914,1680,N/A,ENABLED,53,914,1680,N/A,ENABLED,53,914,1680,N/A,ENABLED,53,914,1680,N/A,ENABLED,44,711,1400,N/A,ENABLED,44,711,1400,N/A,ENABLED,44,711,1400,N/A,ENABLED,44,711,1400,N/A,ENABLED,N/A,35,34
1744662200,0,226,N/A,N/A,N/A,N/A,ENABLED,1402,500,1400,DISABLED,DISABLED,1388,500,1400,DISABLED,DISABLED,1403,500,1400,DISABLED,DISABLED,1401,500,1400,DISABLED,DISABLED,1400,500,1400,DISABLED,DISABLED,1399,500,1400,DISABLED,DISABLED,1391,500,1400,DISABLED,DISABLED,1402,500,1400,DISABLED,DISABLED,1500,900,1500,N/A,DISABLED,53,914,1680,N/A,ENABLED,53,914,1680,N/A,ENABLED,53,914,1680,N/A,ENABLED,53,914,1680,N/A,ENABLED,44,711,1400,N/A,ENABLED,44,711,1400,N/A,ENABLED,44,711,1400,N/A,ENABLED,44,711,1400,N/A,ENABLED,N/A,35,34
1744662202,0,227,N/A,N/A,N/A,N/A,ENABLED,1402,500,1402,DISABLED,DISABLED,1388,500,1402,DISABLED,DISABLED,1403,500,1402,DISABLED,DISABLED,1401,500,1402,DISABLED,DISABLED,1400,500,1402,DISABLED,DISABLED,1400,500,1402,DISABLED,DISABLED,1391,500,1402,DISABLED,DISABLED,1402,500,1402,DISABLED,DISABLED,1500,900,1500,N/A,DISABLED,53,914,1680,N/A,ENABLED,53,914,1680,N/A,ENABLED,53,914,1680,N/A,ENABLED,53,914,1680,N/A,ENABLED,44,711,1400,N/A,ENABLED,44,711,1400,N/A,ENABLED,44,711,1400,N/A,ENABLED,44,711,1400,N/A,ENABLED,N/A,35,34
1744662203,0,227,N/A,N/A,N/A,N/A,ENABLED,1401,500,1400,DISABLED,DISABLED,1388,500,1400,DISABLED,DISABLED,1403,500,1400,DISABLED,DISABLED,1400,500,1400,DISABLED,DISABLED,1400,500,1400,DISABLED,DISABLED,1399,500,1400,DISABLED,DISABLED,1391,500,1400,DISABLED,DISABLED,1402,500,1400,DISABLED,DISABLED,1500,900,1500,N/A,DISABLED,53,914,1680,N/A,ENABLED,53,914,1680,N/A,ENABLED,53,914,1680,N/A,ENABLED,53,914,1680,N/A,ENABLED,44,711,1400,N/A,ENABLED,44,711,1400,N/A,ENABLED,44,711,1400,N/A,ENABLED,44,711,1400,N/A,ENABLED,N/A,35,34
1744662204,0,227,N/A,N/A,N/A,N/A,ENABLED,1402,500,1402,DISABLED,DISABLED,1389,500,1402,DISABLED,DISABLED,1403,500,1402,DISABLED,DISABLED,1401,500,1402,DISABLED,DISABLED,1400,500,1402,DISABLED,DISABLED,1399,500,1402,DISABLED,DISABLED,1391,500,1402,DISABLED,DISABLED,1401,500,1402,DISABLED,DISABLED,1500,900,1500,N/A,DISABLED,53,914,1680,N/A,ENABLED,53,914,1680,N/A,ENABLED,53,914,1680,N/A,ENABLED,53,914,1680,N/A,ENABLED,44,711,1400,N/A,ENABLED,44,711,1400,N/A,ENABLED,44,711,1400,N/A,ENABLED,44,711,1400,N/A,ENABLED,N/A,35,34
1744662205,0,227,N/A,N/A,N/A,N/A,ENABLED,1402,500,1402,DISABLED,DISABLED,1388,500,1402,DISABLED,DISABLED,1403,500,1402,DISABLED,DISABLED,1401,500,1402,DISABLED,DISABLED,1400,500,1402,DISABLED,DISABLED,1398,500,1402,DISABLED,DISABLED,1391,500,1402,DISABLED,DISABLED,1402,500,1402,DISABLED,DISABLED,1500,900,1500,N/A,DISABLED,53,914,1680,N/A,ENABLED,53,914,1680,N/A,ENABLED,53,914,1680,N/A,ENABLED,53,914,1680,N/A,ENABLED,44,711,1400,N/A,ENABLED,44,711,1400,N/A,ENABLED,44,711,1400,N/A,ENABLED,44,711,1400,N/A,ENABLED,N/A,35,34
1744662206,0,227,N/A,N/A,N/A,N/A,ENABLED,1402,500,1402,DISABLED,DISABLED,1388,500,1402,DISABLED,DISABLED,1402,500,1402,DISABLED,DISABLED,1400,500,1402,DISABLED,DISABLED,1400,500,1402,DISABLED,DISABLED,1399,500,1402,DISABLED,DISABLED,1391,500,1402,DISABLED,DISABLED,1400,500,1402,DISABLED,DISABLED,1500,900,1500,N/A,DISABLED,53,914,1680,N/A,ENABLED,53,914,1680,N/A,ENABLED,53,914,1680,N/A,ENABLED,53,914,1680,N/A,ENABLED,44,711,1400,N/A,ENABLED,44,711,1400,N/A,ENABLED,44,711,1400,N/A,ENABLED,44,711,1400,N/A,ENABLED,N/A,35,34
1744662208,0,227,N/A,N/A,N/A,N/A,ENABLED,1403,500,1403,DISABLED,DISABLED,1388,500,1403,DISABLED,DISABLED,1403,500,1403,DISABLED,DISABLED,1400,500,1403,DISABLED,DISABLED,1399,500,1403,DISABLED,DISABLED,1399,500,1403,DISABLED,DISABLED,1391,500,1403,DISABLED,DISABLED,1400,500,1403,DISABLED,DISABLED,1500,900,1500,N/A,DISABLED,53,914,1680,N/A,ENABLED,53,914,1680,N/A,ENABLED,53,914,1680,N/A,ENABLED,53,914,1680,N/A,ENABLED,44,711,1400,N/A,ENABLED,44,711,1400,N/A,ENABLED,44,711,1400,N/A,ENABLED,44,711,1400,N/A,ENABLED,N/A,35,34
1744662209,0,227,N/A,N/A,N/A,N/A,ENABLED,1403,500,1403,DISABLED,DISABLED,1388,500,1403,DISABLED,DISABLED,1402,500,1403,DISABLED,DISABLED,1400,500,1403,DISABLED,DISABLED,1400,500,1403,DISABLED,DISABLED,1399,500,1403,DISABLED,DISABLED,1391,500,1403,DISABLED,DISABLED,1401,500,1403,DISABLED,DISABLED,1500,900,1500,N/A,DISABLED,53,914,1680,N/A,ENABLED,53,914,1680,N/A,ENABLED,53,914,1680,N/A,ENABLED,53,914,1680,N/A,ENABLED,44,711,1400,N/A,ENABLED,44,711,1400,N/A,ENABLED,44,711,1400,N/A,ENABLED,44,711,1400,N/A,ENABLED,N/A,35,34
1744662210,0,227,N/A,N/A,N/A,N/A,ENABLED,1402,500,1402,DISABLED,DISABLED,1388,500,1402,DISABLED,DISABLED,1404,500,1402,DISABLED,DISABLED,1401,500,1402,DISABLED,DISABLED,1399,500,1402,DISABLED,DISABLED,1399,500,1402,DISABLED,DISABLED,1391,500,1402,DISABLED,DISABLED,1401,500,1402,DISABLED,DISABLED,1500,900,1500,N/A,DISABLED,53,914,1680,N/A,ENABLED,53,914,1680,N/A,ENABLED,53,914,1680,N/A,ENABLED,53,914,1680,N/A,ENABLED,44,711,1400,N/A,ENABLED,44,711,1400,N/A,ENABLED,44,711,1400,N/A,ENABLED,44,711,1400,N/A,ENABLED,N/A,35,34
1744662211,0,227,N/A,N/A,N/A,N/A,ENABLED,1403,500,1403,DISABLED,DISABLED,1388,500,1403,DISABLED,DISABLED,1403,500,1403,DISABLED,DISABLED,1400,500,1403,DISABLED,DISABLED,1400,500,1403,DISABLED,DISABLED,1399,500,1403,DISABLED,DISABLED,1391,500,1403,DISABLED,DISABLED,1401,500,1403,DISABLED,DISABLED,1500,900,1500,N/A,DISABLED,53,914,1680,N/A,ENABLED,53,914,1680,N/A,ENABLED,53,914,1680,N/A,ENABLED,53,914,1680,N/A,ENABLED,44,711,1400,N/A,ENABLED,44,711,1400,N/A,ENABLED,44,711,1400,N/A,ENABLED,44,711,1400,N/A,ENABLED,N/A,35,33
1744662212,0,227,N/A,N/A,N/A,N/A,ENABLED,1403,500,1403,DISABLED,DISABLED,1387,500,1403,DISABLED,DISABLED,1403,500,1403,DISABLED,DISABLED,1400,500,1403,DISABLED,DISABLED,1400,500,1403,DISABLED,DISABLED,1398,500,1403,DISABLED,DISABLED,1391,500,1403,DISABLED,DISABLED,1401,500,1403,DISABLED,DISABLED,1500,900,1500,N/A,DISABLED,53,914,1680,N/A,ENABLED,53,914,1680,N/A,ENABLED,53,914,1680,N/A,ENABLED,53,914,1680,N/A,ENABLED,44,711,1400,N/A,ENABLED,44,711,1400,N/A,ENABLED,44,711,1400,N/A,ENABLED,44,711,1400,N/A,ENABLED,N/A,35,34
1744662213,0,227,N/A,N/A,N/A,N/A,ENABLED,1402,500,1402,DISABLED,DISABLED,1388,500,1402,DISABLED,DISABLED,1403,500,1402,DISABLED,DISABLED,1401,500,1402,DISABLED,DISABLED,1400,500,1402,DISABLED,DISABLED,1398,500,1402,DISABLED,DISABLED,1391,500,1402,DISABLED,DISABLED,1400,500,1402,DISABLED,DISABLED,1500,900,1500,N/A,DISABLED,53,914,1680,N/A,ENABLED,53,914,1680,N/A,ENABLED,53,914,1680,N/A,ENABLED,53,914,1680,N/A,ENABLED,44,711,1400,N/A,ENABLED,44,711,1400,N/A,ENABLED,44,711,1400,N/A,ENABLED,44,711,1400,N/A,ENABLED,N/A,35,34
1744662215,0,227,N/A,N/A,N/A,N/A,ENABLED,1402,500,1402,DISABLED,DISABLED,1388,500,1402,DISABLED,DISABLED,1402,500,1402,DISABLED,DISABLED,1400,500,1402,DISABLED,DISABLED,1399,500,1402,DISABLED,DISABLED,1398,500,1402,DISABLED,DISABLED,1391,500,1402,DISABLED,DISABLED,1400,500,1402,DISABLED,DISABLED,1500,900,1500,N/A,DISABLED,53,914,1680,N/A,ENABLED,53,914,1680,N/A,ENABLED,53,914,1680,N/A,ENABLED,53,914,1680,N/A,ENABLED,44,711,1400,N/A,ENABLED,44,711,1400,N/A,ENABLED,44,711,1400,N/A,ENABLED,44,711,1400,N/A,ENABLED,N/A,35,34
1744662216,0,227,N/A,N/A,N/A,N/A,ENABLED,1403,500,1403,DISABLED,DISABLED,1388,500,1403,DISABLED,DISABLED,1402,500,1403,DISABLED,DISABLED,1400,500,1403,DISABLED,DISABLED,1400,500,1403,DISABLED,DISABLED,1399,500,1403,DISABLED,DISABLED,1391,500,1403,DISABLED,DISABLED,1401,500,1403,DISABLED,DISABLED,1500,900,1500,N/A,DISABLED,53,914,1680,N/A,ENABLED,53,914,1680,N/A,ENABLED,53,914,1680,N/A,ENABLED,53,914,1680,N/A,ENABLED,44,711,1400,N/A,ENABLED,44,711,1400,N/A,ENABLED,44,711,1400,N/A,ENABLED,44,711,1400,N/A,ENABLED,N/A,35,33
1744662217,0,227,N/A,N/A,N/A,N/A,ENABLED,1403,500,1403,DISABLED,DISABLED,1388,500,1403,DISABLED,DISABLED,1402,500,1403,DISABLED,DISABLED,1400,500,1403,DISABLED,DISABLED,1400,500,1403,DISABLED,DISABLED,1398,500,1403,DISABLED,DISABLED,1390,500,1403,DISABLED,DISABLED,1401,500,1403,DISABLED,DISABLED,1500,900,1500,N/A,DISABLED,53,914,1680,N/A,ENABLED,53,914,1680,N/A,ENABLED,53,914,1680,N/A,ENABLED,53,914,1680,N/A,ENABLED,44,711,1400,N/A,ENABLED,44,711,1400,N/A,ENABLED,44,711,1400,N/A,ENABLED,44,711,1400,N/A,ENABLED,N/A,35,34
1744662218,0,227,N/A,N/A,N/A,N/A,ENABLED,1403,500,1403,DISABLED,DISABLED,1388,500,1403,DISABLED,DISABLED,1402,500,1403,DISABLED,DISABLED,1400,500,1403,DISABLED,DISABLED,1400,500,1403,DISABLED,DISABLED,1399,500,1403,DISABLED,DISABLED,1390,500,1403,DISABLED,DISABLED,1401,500,1403,DISABLED,DISABLED,1500,900,1500,N/A,DISABLED,53,914,1680,N/A,ENABLED,53,914,1680,N/A,ENABLED,53,914,1680,N/A,ENABLED,53,914,1680,N/A,ENABLED,44,711,1400,N/A,ENABLED,44,711,1400,N/A,ENABLED,44,711,1400,N/A,ENABLED,44,711,1400,N/A,ENABLED,N/A,35,34
1744662219,0,227,N/A,N/A,N/A,N/A,ENABLED,1402,500,1402,DISABLED,DISABLED,1387,500,1402,DISABLED,DISABLED,1403,500,1402,DISABLED,DISABLED,1400,500,1402,DISABLED,DISABLED,1399,500,1402,DISABLED,DISABLED,1399,500,1402,DISABLED,DISABLED,1391,500,1402,DISABLED,DISABLED,1401,500,1402,DISABLED,DISABLED,1500,900,1500,N/A,DISABLED,53,914,1680,N/A,ENABLED,53,914,1680,N/A,ENABLED,53,914,1680,N/A,ENABLED,53,914,1680,N/A,ENABLED,44,711,1400,N/A,ENABLED,44,711,1400,N/A,ENABLED,44,711,1400,N/A,ENABLED,44,711,1400,N/A,ENABLED,N/A,35,34
1744662220,0,226,N/A,N/A,N/A,N/A,ENABLED,1402,500,1402,DISABLED,DISABLED,1388,500,1402,DISABLED,DISABLED,1403,500,1402,DISABLED,DISABLED,1400,500,1402,DISABLED,DISABLED,1400,500,1402,DISABLED,DISABLED,1398,500,1402,DISABLED,DISABLED,1391,500,1402,DISABLED,DISABLED,1401,500,1402,DISABLED,DISABLED,1500,900,1500,N/A,DISABLED,53,914,1680,N/A,ENABLED,53,914,1680,N/A,ENABLED,53,914,1680,N/A,ENABLED,53,914,1680,N/A,ENABLED,44,711,1400,N/A,ENABLED,44,711,1400,N/A,ENABLED,44,711,1400,N/A,ENABLED,44,711,1400,N/A,ENABLED,N/A,35,34
1744662222,0,227,N/A,N/A,N/A,N/A,ENABLED,1402,500,1402,DISABLED,DISABLED,1388,500,1402,DISABLED,DISABLED,1402,500,1402,DISABLED,DISABLED,1399,500,1402,DISABLED,DISABLED,1399,500,1402,DISABLED,DISABLED,1398,500,1402,DISABLED,DISABLED,1391,500,1402,DISABLED,DISABLED,1400,500,1402,DISABLED,DISABLED,1500,900,1500,N/A,DISABLED,53,914,1680,N/A,ENABLED,53,914,1680,N/A,ENABLED,53,914,1680,N/A,ENABLED,53,914,1680,N/A,ENABLED,44,711,1400,N/A,ENABLED,44,711,1400,N/A,ENABLED,44,711,1400,N/A,ENABLED,44,711,1400,N/A,ENABLED,N/A,35,33
1744662223,0,226,N/A,N/A,N/A,N/A,ENABLED,1403,500,1403,DISABLED,DISABLED,1388,500,1403,DISABLED,DISABLED,1402,500,1403,DISABLED,DISABLED,1400,500,1403,DISABLED,DISABLED,1399,500,1403,DISABLED,DISABLED,1397,500,1403,DISABLED,DISABLED,1391,500,1403,DISABLED,DISABLED,1400,500,1403,DISABLED,DISABLED,1500,900,1500,N/A,DISABLED,53,914,1680,N/A,ENABLED,53,914,1680,N/A,ENABLED,53,914,1680,N/A,ENABLED,53,914,1680,N/A,ENABLED,44,711,1400,N/A,ENABLED,44,711,1400,N/A,ENABLED,44,711,1400,N/A,ENABLED,44,711,1400,N/A,ENABLED,N/A,35,33
1744662224,0,227,N/A,N/A,N/A,N/A,ENABLED,1404,500,1404,DISABLED,DISABLED,1388,500,1404,DISABLED,DISABLED,1403,500,1404,DISABLED,DISABLED,1400,500,1404,DISABLED,DISABLED,1400,500,1404,DISABLED,DISABLED,1398,500,1404,DISABLED,DISABLED,1391,500,1404,DISABLED,DISABLED,1400,500,1404,DISABLED,DISABLED,1500,900,1500,N/A,DISABLED,53,914,1680,N/A,ENABLED,53,914,1680,N/A,ENABLED,53,914,1680,N/A,ENABLED,53,914,1680,N/A,ENABLED,44,711,1400,N/A,ENABLED,44,711,1400,N/A,ENABLED,44,711,1400,N/A,ENABLED,44,711,1400,N/A,ENABLED,N/A,35,33
1744662225,0,227,N/A,N/A,N/A,N/A,ENABLED,1403,500,1403,DISABLED,DISABLED,1388,500,1403,DISABLED,DISABLED,1403,500,1403,DISABLED,DISABLED,1400,500,1403,DISABLED,DISABLED,1399,500,1403,DISABLED,DISABLED,1398,500,1403,DISABLED,DISABLED,1391,500,1403,DISABLED,DISABLED,1401,500,1403,DISABLED,DISABLED,1500,900,1500,N/A,DISABLED,53,914,1680,N/A,ENABLED,53,914,1680,N/A,ENABLED,53,914,1680,N/A,ENABLED,53,914,1680,N/A,ENABLED,44,711,1400,N/A,ENABLED,44,711,1400,N/A,ENABLED,44,711,1400,N/A,ENABLED,44,711,1400,N/A,ENABLED,N/A,35,34
1744662226,0,227,N/A,N/A,N/A,N/A,ENABLED,1402,500,1402,DISABLED,DISABLED,1389,500,1402,DISABLED,DISABLED,1403,500,1402,DISABLED,DISABLED,1400,500,1402,DISABLED,DISABLED,1400,500,1402,DISABLED,DISABLED,1398,500,1402,DISABLED,DISABLED,1391,500,1402,DISABLED,DISABLED,1401,500,1402,DISABLED,DISABLED,1500,900,1500,N/A,DISABLED,53,914,1680,N/A,ENABLED,53,914,1680,N/A,ENABLED,53,914,1680,N/A,ENABLED,53,914,1680,N/A,ENABLED,44,711,1400,N/A,ENABLED,44,711,1400,N/A,ENABLED,44,711,1400,N/A,ENABLED,44,711,1400,N/A,ENABLED,N/A,35,34
1744662228,0,227,N/A,N/A,N/A,N/A,ENABLED,1402,500,1402,DISABLED,DISABLED,1388,500,1402,DISABLED,DISABLED,1403,500,1402,DISABLED,DISABLED,1400,500,1402,DISABLED,DISABLED,1400,500,1402,DISABLED,DISABLED,1398,500,1402,DISABLED,DISABLED,1391,500,1402,DISABLED,DISABLED,1401,500,1402,DISABLED,DISABLED,1500,900,1500,N/A,DISABLED,53,914,1680,N/A,ENABLED,53,914,1680,N/A,ENABLED,53,914,1680,N/A,ENABLED,53,914,1680,N/A,ENABLED,44,711,1400,N/A,ENABLED,44,711,1400,N/A,ENABLED,44,711,1400,N/A,ENABLED,44,711,1400,N/A,ENABLED,N/A,35,33
1744662229,0,227,N/A,N/A,N/A,N/A,ENABLED,1402,500,1402,DISABLED,DISABLED,1388,500,1402,DISABLED,DISABLED,1404,500,1402,DISABLED,DISABLED,1400,500,1402,DISABLED,DISABLED,1400,500,1402,DISABLED,DISABLED,1398,500,1402,DISABLED,DISABLED,1391,500,1402,DISABLED,DISABLED,1400,500,1402,DISABLED,DISABLED,1500,900,1500,N/A,DISABLED,53,914,1680,N/A,ENABLED,53,914,1680,N/A,ENABLED,53,914,1680,N/A,ENABLED,53,914,1680,N/A,ENABLED,44,711,1400,N/A,ENABLED,44,711,1400,N/A,ENABLED,44,711,1400,N/A,ENABLED,44,711,1400,N/A,ENABLED,N/A,35,34
1744662230,0,227,N/A,N/A,N/A,N/A,ENABLED,1403,500,1403,DISABLED,DISABLED,1388,500,1403,DISABLED,DISABLED,1403,500,1403,DISABLED,DISABLED,1400,500,1403,DISABLED,DISABLED,1400,500,1403,DISABLED,DISABLED,1398,500,1403,DISABLED,DISABLED,1391,500,1403,DISABLED,DISABLED,1400,500,1403,DISABLED,DISABLED,1500,900,1500,N/A,DISABLED,53,914,1680,N/A,ENABLED,53,914,1680,N/A,ENABLED,53,914,1680,N/A,ENABLED,53,914,1680,N/A,ENABLED,44,711,1400,N/A,ENABLED,44,711,1400,N/A,ENABLED,44,711,1400,N/A,ENABLED,44,711,1400,N/A,ENABLED,N/A,35,34
1744662231,0,227,N/A,N/A,N/A,N/A,ENABLED,1402,500,1402,DISABLED,DISABLED,1388,500,1402,DISABLED,DISABLED,1403,500,1402,DISABLED,DISABLED,1400,500,1402,DISABLED,DISABLED,1400,500,1402,DISABLED,DISABLED,1399,500,1402,DISABLED,DISABLED,1391,500,1402,DISABLED,DISABLED,1400,500,1402,DISABLED,DISABLED,1500,900,1500,N/A,DISABLED,53,914,1680,N/A,ENABLED,53,914,1680,N/A,ENABLED,53,914,1680,N/A,ENABLED,53,914,1680,N/A,ENABLED,44,711,1400,N/A,ENABLED,44,711,1400,N/A,ENABLED,44,711,1400,N/A,ENABLED,44,711,1400,N/A,ENABLED,N/A,35,34
1744662232,0,227,N/A,N/A,N/A,N/A,ENABLED,1402,500,1402,DISABLED,DISABLED,1388,500,1402,DISABLED,DISABLED,1402,500,1402,DISABLED,DISABLED,1400,500,1402,DISABLED,DISABLED,1400,500,1402,DISABLED,DISABLED,1399,500,1402,DISABLED,DISABLED,1391,500,1402,DISABLED,DISABLED,1401,500,1402,DISABLED,DISABLED,1500,900,1500,N/A,DISABLED,53,914,1680,N/A,ENABLED,53,914,1680,N/A,ENABLED,53,914,1680,N/A,ENABLED,53,914,1680,N/A,ENABLED,44,711,1400,N/A,ENABLED,44,711,1400,N/A,ENABLED,44,711,1400,N/A,ENABLED,44,711,1400,N/A,ENABLED,N/A,35,34
1744662233,0,227,N/A,N/A,N/A,N/A,ENABLED,1402,500,1402,DISABLED,DISABLED,1389,500,1402,DISABLED,DISABLED,1402,500,1402,DISABLED,DISABLED,1400,500,1402,DISABLED,DISABLED,1400,500,1402,DISABLED,DISABLED,1398,500,1402,DISABLED,DISABLED,1391,500,1402,DISABLED,DISABLED,1401,500,1402,DISABLED,DISABLED,1500,900,1500,N/A,DISABLED,53,914,1680,N/A,ENABLED,53,914,1680,N/A,ENABLED,53,914,1680,N/A,ENABLED,53,914,1680,N/A,ENABLED,44,711,1400,N/A,ENABLED,44,711,1400,N/A,ENABLED,44,711,1400,N/A,ENABLED,44,711,1400,N/A,ENABLED,N/A,35,34
1744662235,0,227,N/A,N/A,N/A,N/A,ENABLED,1403,500,1403,DISABLED,DISABLED,1388,500,1403,DISABLED,DISABLED,1402,500,1403,DISABLED,DISABLED,1400,500,1403,DISABLED,DISABLED,1401,500,1403,DISABLED,DISABLED,1398,500,1403,DISABLED,DISABLED,1391,500,1403,DISABLED,DISABLED,1401,500,1403,DISABLED,DISABLED,1500,900,1500,N/A,DISABLED,53,914,1680,N/A,ENABLED,53,914,1680,N/A,ENABLED,53,914,1680,N/A,ENABLED,53,914,1680,N/A,ENABLED,44,711,1400,N/A,ENABLED,44,711,1400,N/A,ENABLED,44,711,1400,N/A,ENABLED,44,711,1400,N/A,ENABLED,N/A,35,34
1744662236,0,227,N/A,N/A,N/A,N/A,ENABLED,1402,500,1402,DISABLED,DISABLED,1388,500,1402,DISABLED,DISABLED,1403,500,1402,DISABLED,DISABLED,1401,500,1402,DISABLED,DISABLED,1400,500,1402,DISABLED,DISABLED,1399,500,1402,DISABLED,DISABLED,1391,500,1402,DISABLED,DISABLED,1401,500,1402,DISABLED,DISABLED,1500,900,1500,N/A,DISABLED,53,914,1680,N/A,ENABLED,53,914,1680,N/A,ENABLED,53,914,1680,N/A,ENABLED,53,914,1680,N/A,ENABLED,44,711,1400,N/A,ENABLED,44,711,1400,N/A,ENABLED,44,711,1400,N/A,ENABLED,44,711,1400,N/A,ENABLED,N/A,35,33
1744662237,0,228,N/A,N/A,N/A,N/A,ENABLED,1402,500,1402,DISABLED,DISABLED,1388,500,1402,DISABLED,DISABLED,1403,500,1402,DISABLED,DISABLED,1400,500,1402,DISABLED,DISABLED,1401,500,1402,DISABLED,DISABLED,1399,500,1402,DISABLED,DISABLED,1391,500,1402,DISABLED,DISABLED,1401,500,1402,DISABLED,DISABLED,1500,900,1500,N/A,DISABLED,53,914,1680,N/A,ENABLED,53,914,1680,N/A,ENABLED,53,914,1680,N/A,ENABLED,53,914,1680,N/A,ENABLED,44,711,1400,N/A,ENABLED,44,711,1400,N/A,ENABLED,44,711,1400,N/A,ENABLED,44,711,1400,N/A,ENABLED,N/A,35,33
1744662238,0,226,N/A,N/A,N/A,N/A,ENABLED,1403,500,1403,DISABLED,DISABLED,1388,500,1403,DISABLED,DISABLED,1402,500,1403,DISABLED,DISABLED,1400,500,1403,DISABLED,DISABLED,1400,500,1403,DISABLED,DISABLED,1399,500,1403,DISABLED,DISABLED,1390,500,1403,DISABLED,DISABLED,1402,500,1403,DISABLED,DISABLED,1500,900,1500,N/A,DISABLED,53,914,1680,N/A,ENABLED,53,914,1680,N/A,ENABLED,53,914,1680,N/A,ENABLED,53,914,1680,N/A,ENABLED,44,711,1400,N/A,ENABLED,44,711,1400,N/A,ENABLED,44,711,1400,N/A,ENABLED,44,711,1400,N/A,ENABLED,N/A,35,34
1744662239,0,226,N/A,N/A,N/A,N/A,ENABLED,1403,500,1403,DISABLED,DISABLED,1388,500,1403,DISABLED,DISABLED,1403,500,1403,DISABLED,DISABLED,1400,500,1403,DISABLED,DISABLED,1400,500,1403,DISABLED,DISABLED,1399,500,1403,DISABLED,DISABLED,1391,500,1403,DISABLED,DISABLED,1401,500,1403,DISABLED,DISABLED,1500,900,1500,N/A,DISABLED,53,914,1680,N/A,ENABLED,53,914,1680,N/A,ENABLED,53,914,1680,N/A,ENABLED,53,914,1680,N/A,ENABLED,44,711,1400,N/A,ENABLED,44,711,1400,N/A,ENABLED,44,711,1400,N/A,ENABLED,44,711,1400,N/A,ENABLED,N/A,35,34
1744662240,0,227,N/A,N/A,N/A,N/A,ENABLED,1402,500,1402,DISABLED,DISABLED,1388,500,1402,DISABLED,DISABLED,1403,500,1402,DISABLED,DISABLED,1400,500,1402,DISABLED,DISABLED,1400,500,1402,DISABLED,DISABLED,1399,500,1402,DISABLED,DISABLED,1391,500,1402,DISABLED,DISABLED,1400,500,1402,DISABLED,DISABLED,1500,900,1500,N/A,DISABLED,53,914,1680,N/A,ENABLED,53,914,1680,N/A,ENABLED,53,914,1680,N/A,ENABLED,53,914,1680,N/A,ENABLED,44,711,1400,N/A,ENABLED,44,711,1400,N/A,ENABLED,44,711,1400,N/A,ENABLED,44,711,1400,N/A,ENABLED,N/A,35,34
1744662242,0,227,N/A,N/A,N/A,N/A,ENABLED,1402,500,1402,DISABLED,DISABLED,1388,500,1402,DISABLED,DISABLED,1403,500,1402,DISABLED,DISABLED,1400,500,1402,DISABLED,DISABLED,1401,500,1402,DISABLED,DISABLED,1399,500,1402,DISABLED,DISABLED,1391,500,1402,DISABLED,DISABLED,1400,500,1402,DISABLED,DISABLED,1500,900,1500,N/A,DISABLED,53,914,1680,N/A,ENABLED,53,914,1680,N/A,ENABLED,53,914,1680,N/A,ENABLED,53,914,1680,N/A,ENABLED,44,711,1400,N/A,ENABLED,44,711,1400,N/A,ENABLED,44,711,1400,N/A,ENABLED,44,711,1400,N/A,ENABLED,N/A,35,34
1744662243,0,227,N/A,N/A,N/A,N/A,ENABLED,1403,500,1403,DISABLED,DISABLED,1388,500,1403,DISABLED,DISABLED,1403,500,1403,DISABLED,DISABLED,1400,500,1403,DISABLED,DISABLED,1400,500,1403,DISABLED,DISABLED,1398,500,1403,DISABLED,DISABLED,1391,500,1403,DISABLED,DISABLED,1401,500,1403,DISABLED,DISABLED,1500,900,1500,N/A,DISABLED,53,914,1680,N/A,ENABLED,53,914,1680,N/A,ENABLED,53,914,1680,N/A,ENABLED,53,914,1680,N/A,ENABLED,44,711,1400,N/A,ENABLED,44,711,1400,N/A,ENABLED,44,711,1400,N/A,ENABLED,44,711,1400,N/A,ENABLED,N/A,35,34
1744662244,0,226,N/A,N/A,N/A,N/A,ENABLED,1402,500,1402,DISABLED,DISABLED,1388,500,1402,DISABLED,DISABLED,1403,500,1402,DISABLED,DISABLED,1400,500,1402,DISABLED,DISABLED,1400,500,1402,DISABLED,DISABLED,1399,500,1402,DISABLED,DISABLED,1391,500,1402,DISABLED,DISABLED,1401,500,1402,DISABLED,DISABLED,1500,900,1500,N/A,DISABLED,53,914,1680,N/A,ENABLED,53,914,1680,N/A,ENABLED,53,914,1680,N/A,ENABLED,53,914,1680,N/A,ENABLED,44,711,1400,N/A,ENABLED,44,711,1400,N/A,ENABLED,44,711,1400,N/A,ENABLED,44,711,1400,N/A,ENABLED,N/A,35,34
1744662245,0,226,N/A,N/A,N/A,N/A,ENABLED,1402,500,1402,DISABLED,DISABLED,1388,500,1402,DISABLED,DISABLED,1404,500,1402,DISABLED,DISABLED,1399,500,1402,DISABLED,DISABLED,1400,500,1402,DISABLED,DISABLED,1398,500,1402,DISABLED,DISABLED,1391,500,1402,DISABLED,DISABLED,1402,500,1402,DISABLED,DISABLED,1500,900,1500,N/A,DISABLED,53,914,1680,N/A,ENABLED,53,914,1680,N/A,ENABLED,53,914,1680,N/A,ENABLED,53,914,1680,N/A,ENABLED,44,711,1400,N/A,ENABLED,44,711,1400,N/A,ENABLED,44,711,1400,N/A,ENABLED,44,711,1400,N/A,ENABLED,N/A,35,33
1744662246,0,227,N/A,N/A,N/A,N/A,ENABLED,1403,500,1403,DISABLED,DISABLED,1388,500,1403,DISABLED,DISABLED,1403,500,1403,DISABLED,DISABLED,1400,500,1403,DISABLED,DISABLED,1400,500,1403,DISABLED,DISABLED,1399,500,1403,DISABLED,DISABLED,1391,500,1403,DISABLED,DISABLED,1401,500,1403,DISABLED,DISABLED,1500,900,1500,N/A,DISABLED,53,914,1680,N/A,ENABLED,53,914,1680,N/A,ENABLED,53,914,1680,N/A,ENABLED,53,914,1680,N/A,ENABLED,44,711,1400,N/A,ENABLED,44,711,1400,N/A,ENABLED,44,711,1400,N/A,ENABLED,44,711,1400,N/A,ENABLED,N/A,35,34
1744662248,0,227,N/A,N/A,N/A,N/A,ENABLED,1402,500,1402,DISABLED,DISABLED,1388,500,1402,DISABLED,DISABLED,1403,500,1402,DISABLED,DISABLED,1400,500,1402,DISABLED,DISABLED,1400,500,1402,DISABLED,DISABLED,1398,500,1402,DISABLED,DISABLED,1391,500,1402,DISABLED,DISABLED,1401,500,1402,DISABLED,DISABLED,1500,900,1500,N/A,DISABLED,53,914,1680,N/A,ENABLED,53,914,1680,N/A,ENABLED,53,914,1680,N/A,ENABLED,53,914,1680,N/A,ENABLED,44,711,1400,N/A,ENABLED,44,711,1400,N/A,ENABLED,44,711,1400,N/A,ENABLED,44,711,1400,N/A,ENABLED,N/A,35,34
1744662249,0,228,N/A,N/A,N/A,N/A,ENABLED,1403,500,1403,DISABLED,DISABLED,1388,500,1403,DISABLED,DISABLED,1404,500,1403,DISABLED,DISABLED,1399,500,1403,DISABLED,DISABLED,1400,500,1403,DISABLED,DISABLED,1399,500,1403,DISABLED,DISABLED,1391,500,1403,DISABLED,DISABLED,1402,500,1403,DISABLED,DISABLED,1500,900,1500,N/A,DISABLED,53,914,1680,N/A,ENABLED,53,914,1680,N/A,ENABLED,53,914,1680,N/A,ENABLED,53,914,1680,N/A,ENABLED,44,711,1400,N/A,ENABLED,44,711,1400,N/A,ENABLED,44,711,1400,N/A,ENABLED,44,711,1400,N/A,ENABLED,N/A,35,33
1744662250,0,227,N/A,N/A,N/A,N/A,ENABLED,1402,500,1402,DISABLED,DISABLED,1388,500,1402,DISABLED,DISABLED,1403,500,1402,DISABLED,DISABLED,1400,500,1402,DISABLED,DISABLED,1401,500,1402,DISABLED,DISABLED,1399,500,1402,DISABLED,DISABLED,1391,500,1402,DISABLED,DISABLED,1402,500,1402,DISABLED,DISABLED,1500,900,1500,N/A,DISABLED,53,914,1680,N/A,ENABLED,53,914,1680,N/A,ENABLED,53,914,1680,N/A,ENABLED,53,914,1680,N/A,ENABLED,44,711,1400,N/A,ENABLED,44,711,1400,N/A,ENABLED,44,711,1400,N/A,ENABLED,44,711,1400,N/A,ENABLED,N/A,35,34
1744662251,0,226,N/A,N/A,N/A,N/A,ENABLED,1403,500,1403,DISABLED,DISABLED,1388,500,1403,DISABLED,DISABLED,1402,500,1403,DISABLED,DISABLED,1399,500,1403,DISABLED,DISABLED,1401,500,1403,DISABLED,DISABLED,1399,500,1403,DISABLED,DISABLED,1391,500,1403,DISABLED,DISABLED,1402,500,1403,DISABLED,DISABLED,1500,900,1500,N/A,DISABLED,53,914,1680,N/A,ENABLED,53,914,1680,N/A,ENABLED,53,914,1680,N/A,ENABLED,53,914,1680,N/A,ENABLED,44,711,1400,N/A,ENABLED,44,711,1400,N/A,ENABLED,44,711,1400,N/A,ENABLED,44,711,1400,N/A,ENABLED,N/A,35,34
1744662252,0,227,N/A,N/A,N/A,N/A,ENABLED,1403,500,1403,DISABLED,DISABLED,1388,500,1403,DISABLED,DISABLED,1403,500,1403,DISABLED,DISABLED,1400,500,1403,DISABLED,DISABLED,1401,500,1403,DISABLED,DISABLED,1399,500,1403,DISABLED,DISABLED,1391,500,1403,DISABLED,DISABLED,1402,500,1403,DISABLED,DISABLED,1500,900,1500,N/A,DISABLED,53,914,1680,N/A,ENABLED,53,914,1680,N/A,ENABLED,53,914,1680,N/A,ENABLED,53,914,1680,N/A,ENABLED,44,711,1400,N/A,ENABLED,44,711,1400,N/A,ENABLED,44,711,1400,N/A,ENABLED,44,711,1400,N/A,ENABLED,N/A,35,34
1744662253,0,226,N/A,N/A,N/A,N/A,ENABLED,1403,500,1403,DISABLED,DISABLED,1388,500,1403,DISABLED,DISABLED,1403,500,1403,DISABLED,DISABLED,1400,500,1403,DISABLED,DISABLED,1400,500,1403,DISABLED,DISABLED,1399,500,1403,DISABLED,DISABLED,1391,500,1403,DISABLED,DISABLED,1401,500,1403,DISABLED,DISABLED,1500,900,1500,N/A,DISABLED,53,914,1680,N/A,ENABLED,53,914,1680,N/A,ENABLED,53,914,1680,N/A,ENABLED,53,914,1680,N/A,ENABLED,44,711,1400,N/A,ENABLED,44,711,1400,N/A,ENABLED,44,711,1400,N/A,ENABLED,44,711,1400,N/A,ENABLED,N/A,35,34
1744662255,0,226,N/A,N/A,N/A,N/A,ENABLED,1403,500,1403,DISABLED,DISABLED,1387,500,1403,DISABLED,DISABLED,1403,500,1403,DISABLED,DISABLED,1399,500,1403,DISABLED,DISABLED,1400,500,1403,DISABLED,DISABLED,1400,500,1403,DISABLED,DISABLED,1391,500,1403,DISABLED,DISABLED,1401,500,1403,DISABLED,DISABLED,1500,900,1500,N/A,DISABLED,53,914,1680,N/A,ENABLED,53,914,1680,N/A,ENABLED,53,914,1680,N/A,ENABLED,53,914,1680,N/A,ENABLED,44,711,1400,N/A,ENABLED,44,711,1400,N/A,ENABLED,44,711,1400,N/A,ENABLED,44,711,1400,N/A,ENABLED,N/A,35,34
1744662256,0,227,N/A,N/A,N/A,N/A,ENABLED,1403,500,1403,DISABLED,DISABLED,1387,500,1403,DISABLED,DISABLED,1403,500,1403,DISABLED,DISABLED,1400,500,1403,DISABLED,DISABLED,1400,500,1403,DISABLED,DISABLED,1399,500,1403,DISABLED,DISABLED,1392,500,1403,DISABLED,DISABLED,1401,500,1403,DISABLED,DISABLED,1500,900,1500,N/A,DISABLED,53,914,1680,N/A,ENABLED,53,914,1680,N/A,ENABLED,53,914,1680,N/A,ENABLED,53,914,1680,N/A,ENABLED,44,711,1400,N/A,ENABLED,44,711,1400,N/A,ENABLED,44,711,1400,N/A,ENABLED,44,711,1400,N/A,ENABLED,N/A,35,34
1744662257,0,226,N/A,N/A,N/A,N/A,ENABLED,1403,500,1403,DISABLED,DISABLED,1387,500,1403,DISABLED,DISABLED,1403,500,1403,DISABLED,DISABLED,1400,500,1403,DISABLED,DISABLED,1400,500,1403,DISABLED,DISABLED,1400,500,1403,DISABLED,DISABLED,1391,500,1403,DISABLED,DISABLED,1401,500,1403,DISABLED,DISABLED,1500,900,1500,N/A,DISABLED,53,914,1680,N/A,ENABLED,53,914,1680,N/A,ENABLED,53,914,1680,N/A,ENABLED,53,914,1680,N/A,ENABLED,44,711,1400,N/A,ENABLED,44,711,1400,N/A,ENABLED,44,711,1400,N/A,ENABLED,44,711,1400,N/A,ENABLED,N/A,35,33
1744662258,0,227,N/A,N/A,N/A,N/A,ENABLED,1403,500,1403,DISABLED,DISABLED,1388,500,1403,DISABLED,DISABLED,1403,500,1403,DISABLED,DISABLED,1401,500,1403,DISABLED,DISABLED,1400,500,1403,DISABLED,DISABLED,1400,500,1403,DISABLED,DISABLED,1391,500,1403,DISABLED,DISABLED,1400,500,1403,DISABLED,DISABLED,1500,900,1500,N/A,DISABLED,53,914,1680,N/A,ENABLED,53,914,1680,N/A,ENABLED,53,914,1680,N/A,ENABLED,53,914,1680,N/A,ENABLED,44,711,1400,N/A,ENABLED,44,711,1400,N/A,ENABLED,44,711,1400,N/A,ENABLED,44,711,1400,N/A,ENABLED,N/A,35,34
1744662259,0,226,N/A,N/A,N/A,N/A,ENABLED,1402,500,1402,DISABLED,DISABLED,1388,500,1402,DISABLED,DISABLED,1403,500,1402,DISABLED,DISABLED,1400,500,1402,DISABLED,DISABLED,1400,500,1402,DISABLED,DISABLED,1400,500,1402,DISABLED,DISABLED,1391,500,1402,DISABLED,DISABLED,1401,500,1402,DISABLED,DISABLED,1500,900,1500,N/A,DISABLED,53,914,1680,N/A,ENABLED,53,914,1680,N/A,ENABLED,53,914,1680,N/A,ENABLED,53,914,1680,N/A,ENABLED,44,711,1400,N/A,ENABLED,44,711,1400,N/A,ENABLED,44,711,1400,N/A,ENABLED,44,711,1400,N/A,ENABLED,N/A,35,34
1744662260,0,227,N/A,N/A,N/A,N/A,ENABLED,1403,500,1403,DISABLED,DISABLED,1388,500,1403,DISABLED,DISABLED,1403,500,1403,DISABLED,DISABLED,1400,500,1403,DISABLED,DISABLED,1400,500,1403,DISABLED,DISABLED,1400,500,1403,DISABLED,DISABLED,1391,500,1403,DISABLED,DISABLED,1401,500,1403,DISABLED,DISABLED,1500,900,1500,N/A,DISABLED,53,914,1680,N/A,ENABLED,53,914,1680,N/A,ENABLED,53,914,1680,N/A,ENABLED,53,914,1680,N/A,ENABLED,44,711,1400,N/A,ENABLED,44,711,1400,N/A,ENABLED,44,711,1400,N/A,ENABLED,44,711,1400,N/A,ENABLED,N/A,35,34
1744662262,0,227,N/A,N/A,N/A,N/A,ENABLED,1403,500,1403,DISABLED,DISABLED,1389,500,1403,DISABLED,DISABLED,1403,500,1403,DISABLED,DISABLED,1400,500,1403,DISABLED,DISABLED,1401,500,1403,DISABLED,DISABLED,1401,500,1403,DISABLED,DISABLED,1391,500,1403,DISABLED,DISABLED,1400,500,1403,DISABLED,DISABLED,1500,900,1500,N/A,DISABLED,53,914,1680,N/A,ENABLED,53,914,1680,N/A,ENABLED,53,914,1680,N/A,ENABLED,53,914,1680,N/A,ENABLED,44,711,1400,N/A,ENABLED,44,711,1400,N/A,ENABLED,44,711,1400,N/A,ENABLED,44,711,1400,N/A,ENABLED,N/A,35,33
1744662263,0,227,N/A,N/A,N/A,N/A,ENABLED,1403,500,1403,DISABLED,DISABLED,1388,500,1403,DISABLED,DISABLED,1403,500,1403,DISABLED,DISABLED,1399,500,1403,DISABLED,DISABLED,1399,500,1403,DISABLED,DISABLED,1400,500,1403,DISABLED,DISABLED,1391,500,1403,DISABLED,DISABLED,1400,500,1403,DISABLED,DISABLED,1500,900,1500,N/A,DISABLED,53,914,1680,N/A,ENABLED,53,914,1680,N/A,ENABLED,53,914,1680,N/A,ENABLED,53,914,1680,N/A,ENABLED,44,711,1400,N/A,ENABLED,44,711,1400,N/A,ENABLED,44,711,1400,N/A,ENABLED,44,711,1400,N/A,ENABLED,N/A,35,34
1744662264,0,228,N/A,N/A,N/A,N/A,ENABLED,1403,500,1403,DISABLED,DISABLED,1388,500,1403,DISABLED,DISABLED,1404,500,1403,DISABLED,DISABLED,1399,500,1403,DISABLED,DISABLED,1400,500,1403,DISABLED,DISABLED,1399,500,1403,DISABLED,DISABLED,1391,500,1403,DISABLED,DISABLED,1401,500,1403,DISABLED,DISABLED,1500,900,1500,N/A,DISABLED,53,914,1680,N/A,ENABLED,53,914,1680,N/A,ENABLED,53,914,1680,N/A,ENABLED,53,914,1680,N/A,ENABLED,44,711,1400,N/A,ENABLED,44,711,1400,N/A,ENABLED,44,711,1400,N/A,ENABLED,44,711,1400,N/A,ENABLED,N/A,35,34
1744662265,0,228,N/A,N/A,N/A,N/A,ENABLED,1403,500,1403,DISABLED,DISABLED,1389,500,1403,DISABLED,DISABLED,1403,500,1403,DISABLED,DISABLED,1400,500,1403,DISABLED,DISABLED,1400,500,1403,DISABLED,DISABLED,1400,500,1403,DISABLED,DISABLED,1391,500,1403,DISABLED,DISABLED,1401,500,1403,DISABLED,DISABLED,1500,900,1500,N/A,DISABLED,53,914,1680,N/A,ENABLED,53,914,1680,N/A,ENABLED,53,914,1680,N/A,ENABLED,53,914,1680,N/A,ENABLED,44,711,1400,N/A,ENABLED,44,711,1400,N/A,ENABLED,44,711,1400,N/A,ENABLED,44,711,1400,N/A,ENABLED,N/A,35,33
1744662266,0,227,N/A,N/A,N/A,N/A,ENABLED,1403,500,1403,DISABLED,DISABLED,1388,500,1403,DISABLED,DISABLED,1404,500,1403,DISABLED,DISABLED,1400,500,1403,DISABLED,DISABLED,1399,500,1403,DISABLED,DISABLED,1399,500,1403,DISABLED,DISABLED,1392,500,1403,DISABLED,DISABLED,1401,500,1403,DISABLED,DISABLED,1500,900,1500,N/A,DISABLED,53,914,1680,N/A,ENABLED,53,914,1680,N/A,ENABLED,53,914,1680,N/A,ENABLED,53,914,1680,N/A,ENABLED,44,711,1400,N/A,ENABLED,44,711,1400,N/A,ENABLED,44,711,1400,N/A,ENABLED,44,711,1400,N/A,ENABLED,N/A,35,34
1744662267,0,227,N/A,N/A,N/A,N/A,ENABLED,1403,500,1403,DISABLED,DISABLED,1388,500,1403,DISABLED,DISABLED,1404,500,1403,DISABLED,DISABLED,1401,500,1403,DISABLED,DISABLED,1399,500,1403,DISABLED,DISABLED,1399,500,1403,DISABLED,DISABLED,1391,500,1403,DISABLED,DISABLED,1401,500,1403,DISABLED,DISABLED,1500,900,1500,N/A,DISABLED,53,914,1680,N/A,ENABLED,53,914,1680,N/A,ENABLED,53,914,1680,N/A,ENABLED,53,914,1680,N/A,ENABLED,44,711,1400,N/A,ENABLED,44,711,1400,N/A,ENABLED,44,711,1400,N/A,ENABLED,44,711,1400,N/A,ENABLED,N/A,35,34
1744662269,0,227,N/A,N/A,N/A,N/A,ENABLED,1403,500,1403,DISABLED,DISABLED,1388,500,1403,DISABLED,DISABLED,1403,500,1403,DISABLED,DISABLED,1400,500,1403,DISABLED,DISABLED,1399,500,1403,DISABLED,DISABLED,1400,500,1403,DISABLED,DISABLED,1391,500,1403,DISABLED,DISABLED,1401,500,1403,DISABLED,DISABLED,1500,900,1500,N/A,DISABLED,53,914,1680,N/A,ENABLED,53,914,1680,N/A,ENABLED,53,914,1680,N/A,ENABLED,53,914,1680,N/A,ENABLED,44,711,1400,N/A,ENABLED,44,711,1400,N/A,ENABLED,44,711,1400,N/A,ENABLED,44,711,1400,N/A,ENABLED,N/A,35,34
1744662270,0,227,N/A,N/A,N/A,N/A,ENABLED,1403,500,1403,DISABLED,DISABLED,1388,500,1403,DISABLED,DISABLED,1404,500,1403,DISABLED,DISABLED,1400,500,1403,DISABLED,DISABLED,1399,500,1403,DISABLED,DISABLED,1400,500,1403,DISABLED,DISABLED,1391,500,1403,DISABLED,DISABLED,1401,500,1403,DISABLED,DISABLED,1500,900,1500,N/A,DISABLED,53,914,1680,N/A,ENABLED,53,914,1680,N/A,ENABLED,53,914,1680,N/A,ENABLED,53,914,1680,N/A,ENABLED,44,711,1400,N/A,ENABLED,44,711,1400,N/A,ENABLED,44,711,1400,N/A,ENABLED,44,711,1400,N/A,ENABLED,N/A,35,34
1744662271,0,226,N/A,N/A,N/A,N/A,ENABLED,1403,500,1403,DISABLED,DISABLED,1388,500,1403,DISABLED,DISABLED,1403,500,1403,DISABLED,DISABLED,1400,500,1403,DISABLED,DISABLED,1399,500,1403,DISABLED,DISABLED,1400,500,1403,DISABLED,DISABLED,1392,500,1403,DISABLED,DISABLED,1400,500,1403,DISABLED,DISABLED,1500,900,1500,N/A,DISABLED,53,914,1680,N/A,ENABLED,53,914,1680,N/A,ENABLED,53,914,1680,N/A,ENABLED,53,914,1680,N/A,ENABLED,44,711,1400,N/A,ENABLED,44,711,1400,N/A,ENABLED,44,711,1400,N/A,ENABLED,44,711,1400,N/A,ENABLED,N/A,35,34
1744662272,0,226,N/A,N/A,N/A,N/A,ENABLED,1403,500,1403,DISABLED,DISABLED,1389,500,1403,DISABLED,DISABLED,1404,500,1403,DISABLED,DISABLED,1400,500,1403,DISABLED,DISABLED,1400,500,1403,DISABLED,DISABLED,1399,500,1403,DISABLED,DISABLED,1391,500,1403,DISABLED,DISABLED,1400,500,1403,DISABLED,DISABLED,1500,900,1500,N/A,DISABLED,53,914,1680,N/A,ENABLED,53,914,1680,N/A,ENABLED,53,914,1680,N/A,ENABLED,53,914,1680,N/A,ENABLED,44,711,1400,N/A,ENABLED,44,711,1400,N/A,ENABLED,44,711,1400,N/A,ENABLED,44,711,1400,N/A,ENABLED,N/A,35,34
1744662273,0,227,N/A,N/A,N/A,N/A,ENABLED,1403,500,1403,DISABLED,DISABLED,1388,500,1403,DISABLED,DISABLED,1404,500,1403,DISABLED,DISABLED,1400,500,1403,DISABLED,DISABLED,1400,500,1403,DISABLED,DISABLED,1400,500,1403,DISABLED,DISABLED,1392,500,1403,DISABLED,DISABLED,1401,500,1403,DISABLED,DISABLED,1500,900,1500,N/A,DISABLED,53,914,1680,N/A,ENABLED,53,914,1680,N/A,ENABLED,53,914,1680,N/A,ENABLED,53,914,1680,N/A,ENABLED,44,711,1400,N/A,ENABLED,44,711,1400,N/A,ENABLED,44,711,1400,N/A,ENABLED,44,711,1400,N/A,ENABLED,N/A,35,34
1744662275,0,226,N/A,N/A,N/A,N/A,ENABLED,1403,500,1403,DISABLED,DISABLED,1388,500,1403,DISABLED,DISABLED,1403,500,1403,DISABLED,DISABLED,1401,500,1403,DISABLED,DISABLED,1399,500,1403,DISABLED,DISABLED,1399,500,1403,DISABLED,DISABLED,1392,500,1403,DISABLED,DISABLED,1401,500,1403,DISABLED,DISABLED,1500,900,1500,N/A,DISABLED,53,914,1680,N/A,ENABLED,53,914,1680,N/A,ENABLED,53,914,1680,N/A,ENABLED,53,914,1680,N/A,ENABLED,44,711,1400,N/A,ENABLED,44,711,1400,N/A,ENABLED,44,711,1400,N/A,ENABLED,44,711,1400,N/A,ENABLED,N/A,35,34
1744662276,0,226,N/A,N/A,N/A,N/A,ENABLED,1403,500,1403,DISABLED,DISABLED,1388,500,1403,DISABLED,DISABLED,1403,500,1403,DISABLED,DISABLED,1400,500,1403,DISABLED,DISABLED,1399,500,1403,DISABLED,DISABLED,1399,500,1403,DISABLED,DISABLED,1391,500,1403,DISABLED,DISABLED,1401,500,1403,DISABLED,DISABLED,1500,900,1500,N/A,DISABLED,53,914,1680,N/A,ENABLED,53,914,1680,N/A,ENABLED,53,914,1680,N/A,ENABLED,53,914,1680,N/A,ENABLED,44,711,1400,N/A,ENABLED,44,711,1400,N/A,ENABLED,44,711,1400,N/A,ENABLED,44,711,1400,N/A,ENABLED,N/A,35,34
1744662277,0,226,N/A,N/A,N/A,N/A,ENABLED,1403,500,1403,DISABLED,DISABLED,1388,500,1403,DISABLED,DISABLED,1403,500,1403,DISABLED,DISABLED,1399,500,1403,DISABLED,DISABLED,1400,500,1403,DISABLED,DISABLED,1400,500,1403,DISABLED,DISABLED,1391,500,1403,DISABLED,DISABLED,1401,500,1403,DISABLED,DISABLED,1500,900,1500,N/A,DISABLED,53,914,1680,N/A,ENABLED,53,914,1680,N/A,ENABLED,53,914,1680,N/A,ENABLED,53,914,1680,N/A,ENABLED,44,711,1400,N/A,ENABLED,44,711,1400,N/A,ENABLED,44,711,1400,N/A,ENABLED,44,711,1400,N/A,ENABLED,N/A,35,34
1744662278,0,226,N/A,N/A,N/A,N/A,ENABLED,1403,500,1403,DISABLED,DISABLED,1388,500,1403,DISABLED,DISABLED,1403,500,1403,DISABLED,DISABLED,1400,500,1403,DISABLED,DISABLED,1399,500,1403,DISABLED,DISABLED,1399,500,1403,DISABLED,DISABLED,1392,500,1403,DISABLED,DISABLED,1402,500,1403,DISABLED,DISABLED,1500,900,1500,N/A,DISABLED,53,914,1680,N/A,ENABLED,53,914,1680,N/A,ENABLED,53,914,1680,N/A,ENABLED,53,914,1680,N/A,ENABLED,44,711,1400,N/A,ENABLED,44,711,1400,N/A,ENABLED,44,711,1400,N/A,ENABLED,44,711,1400,N/A,ENABLED,N/A,35,34
1744662279,0,227,N/A,N/A,N/A,N/A,ENABLED,1403,500,1403,DISABLED,DISABLED,1388,500,1403,DISABLED,DISABLED,1404,500,1403,DISABLED,DISABLED,1400,500,1403,DISABLED,DISABLED,1399,500,1403,DISABLED,DISABLED,1398,500,1403,DISABLED,DISABLED,1391,500,1403,DISABLED,DISABLED,1401,500,1403,DISABLED,DISABLED,1500,900,1500,N/A,DISABLED,53,914,1680,N/A,ENABLED,53,914,1680,N/A,ENABLED,53,914,1680,N/A,ENABLED,53,914,1680,N/A,ENABLED,44,711,1400,N/A,ENABLED,44,711,1400,N/A,ENABLED,44,711,1400,N/A,ENABLED,44,711,1400,N/A,ENABLED,N/A,35,34
1744662280,0,226,N/A,N/A,N/A,N/A,ENABLED,1404,500,1404,DISABLED,DISABLED,1389,500,1404,DISABLED,DISABLED,1403,500,1404,DISABLED,DISABLED,1400,500,1404,DISABLED,DISABLED,1399,500,1404,DISABLED,DISABLED,1398,500,1404,DISABLED,DISABLED,1392,500,1404,DISABLED,DISABLED,1401,500,1404,DISABLED,DISABLED,1500,900,1500,N/A,DISABLED,53,914,1680,N/A,ENABLED,53,914,1680,N/A,ENABLED,53,914,1680,N/A,ENABLED,53,914,1680,N/A,ENABLED,44,711,1400,N/A,ENABLED,44,711,1400,N/A,ENABLED,44,711,1400,N/A,ENABLED,44,711,1400,N/A,ENABLED,N/A,35,33
1744662282,0,227,N/A,N/A,N/A,N/A,ENABLED,1404,500,1404,DISABLED,DISABLED,1389,500,1404,DISABLED,DISABLED,1403,500,1404,DISABLED,DISABLED,1400,500,1404,DISABLED,DISABLED,1399,500,1404,DISABLED,DISABLED,1399,500,1404,DISABLED,DISABLED,1391,500,1404,DISABLED,DISABLED,1402,500,1404,DISABLED,DISABLED,1500,900,1500,N/A,DISABLED,53,914,1680,N/A,ENABLED,53,914,1680,N/A,ENABLED,53,914,1680,N/A,ENABLED,53,914,1680,N/A,ENABLED,44,711,1400,N/A,ENABLED,44,711,1400,N/A,ENABLED,44,711,1400,N/A,ENABLED,44,711,1400,N/A,ENABLED,N/A,35,34
1744662283,0,227,N/A,N/A,N/A,N/A,ENABLED,1404,500,1404,DISABLED,DISABLED,1388,500,1404,DISABLED,DISABLED,1403,500,1404,DISABLED,DISABLED,1400,500,1404,DISABLED,DISABLED,1399,500,1404,DISABLED,DISABLED,1398,500,1404,DISABLED,DISABLED,1391,500,1404,DISABLED,DISABLED,1401,500,1404,DISABLED,DISABLED,1500,900,1500,N/A,DISABLED,53,914,1680,N/A,ENABLED,53,914,1680,N/A,ENABLED,53,914,1680,N/A,ENABLED,53,914,1680,N/A,ENABLED,44,711,1400,N/A,ENABLED,44,711,1400,N/A,ENABLED,44,711,1400,N/A,ENABLED,44,711,1400,N/A,ENABLED,N/A,35,33
1744662284,0,226,N/A,N/A,N/A,N/A,ENABLED,1403,500,1403,DISABLED,DISABLED,1389,500,1403,DISABLED,DISABLED,1403,500,1403,DISABLED,DISABLED,1400,500,1403,DISABLED,DISABLED,1400,500,1403,DISABLED,DISABLED,1398,500,1403,DISABLED,DISABLED,1391,500,1403,DISABLED,DISABLED,1400,500,1403,DISABLED,DISABLED,1500,900,1500,N/A,DISABLED,53,914,1680,N/A,ENABLED,53,914,1680,N/A,ENABLED,53,914,1680,N/A,ENABLED,53,914,1680,N/A,ENABLED,44,711,1400,N/A,ENABLED,44,711,1400,N/A,ENABLED,44,711,1400,N/A,ENABLED,44,711,1400,N/A,ENABLED,N/A,35,34
1744662285,0,227,N/A,N/A,N/A,N/A,ENABLED,1403,500,1403,DISABLED,DISABLED,1388,500,1403,DISABLED,DISABLED,1403,500,1403,DISABLED,DISABLED,1400,500,1403,DISABLED,DISABLED,1399,500,1403,DISABLED,DISABLED,1399,500,1403,DISABLED,DISABLED,1391,500,1403,DISABLED,DISABLED,1402,500,1403,DISABLED,DISABLED,1500,900,1500,N/A,DISABLED,53,914,1680,N/A,ENABLED,53,914,1680,N/A,ENABLED,53,914,1680,N/A,ENABLED,53,914,1680,N/A,ENABLED,44,711,1400,N/A,ENABLED,44,711,1400,N/A,ENABLED,44,711,1400,N/A,ENABLED,44,711,1400,N/A,ENABLED,N/A,35,34
1744662286,0,226,N/A,N/A,N/A,N/A,ENABLED,1404,500,1404,DISABLED,DISABLED,1388,500,1404,DISABLED,DISABLED,1404,500,1404,DISABLED,DISABLED,1400,500,1404,DISABLED,DISABLED,1400,500,1404,DISABLED,DISABLED,1400,500,1404,DISABLED,DISABLED,1391,500,1404,DISABLED,DISABLED,1401,500,1404,DISABLED,DISABLED,1500,900,1500,N/A,DISABLED,53,914,1680,N/A,ENABLED,53,914,1680,N/A,ENABLED,53,914,1680,N/A,ENABLED,53,914,1680,N/A,ENABLED,44,711,1400,N/A,ENABLED,44,711,1400,N/A,ENABLED,44,711,1400,N/A,ENABLED,44,711,1400,N/A,ENABLED,N/A,35,34
1744662287,0,227,N/A,N/A,N/A,N/A,ENABLED,1402,500,1402,DISABLED,DISABLED,1388,500,1402,DISABLED,DISABLED,1403,500,1402,DISABLED,DISABLED,1400,500,1402,DISABLED,DISABLED,1400,500,1402,DISABLED,DISABLED,1399,500,1402,DISABLED,DISABLED,1391,500,1402,DISABLED,DISABLED,1401,500,1402,DISABLED,DISABLED,1500,900,1500,N/A,DISABLED,53,914,1680,N/A,ENABLED,53,914,1680,N/A,ENABLED,53,914,1680,N/A,ENABLED,53,914,1680,N/A,ENABLED,44,711,1400,N/A,ENABLED,44,711,1400,N/A,ENABLED,44,711,1400,N/A,ENABLED,44,711,1400,N/A,ENABLED,N/A,35,34
1744662289,0,227,N/A,N/A,N/A,N/A,ENABLED,1402,500,1402,DISABLED,DISABLED,1388,500,1402,DISABLED,DISABLED,1404,500,1402,DISABLED,DISABLED,1400,500,1402,DISABLED,DISABLED,1400,500,1402,DISABLED,DISABLED,1398,500,1402,DISABLED,DISABLED,1391,500,1402,DISABLED,DISABLED,1401,500,1402,DISABLED,DISABLED,1500,900,1500,N/A,DISABLED,53,914,1680,N/A,ENABLED,53,914,1680,N/A,ENABLED,53,914,1680,N/A,ENABLED,53,914,1680,N/A,ENABLED,44,711,1400,N/A,ENABLED,44,711,1400,N/A,ENABLED,44,711,1400,N/A,ENABLED,44,711,1400,N/A,ENABLED,N/A,35,34
1744662290,0,227,N/A,N/A,N/A,N/A,ENABLED,1402,500,1402,DISABLED,DISABLED,1388,500,1402,DISABLED,DISABLED,1403,500,1402,DISABLED,DISABLED,1400,500,1402,DISABLED,DISABLED,1399,500,1402,DISABLED,DISABLED,1399,500,1402,DISABLED,DISABLED,1391,500,1402,DISABLED,DISABLED,1401,500,1402,DISABLED,DISABLED,1500,900,1500,N/A,DISABLED,53,914,1680,N/A,ENABLED,53,914,1680,N/A,ENABLED,53,914,1680,N/A,ENABLED,53,914,1680,N/A,ENABLED,44,711,1400,N/A,ENABLED,44,711,1400,N/A,ENABLED,44,711,1400,N/A,ENABLED,44,711,1400,N/A,ENABLED,N/A,35,33
1744662291,0,226,N/A,N/A,N/A,N/A,ENABLED,1404,500,1403,DISABLED,DISABLED,1389,500,1403,DISABLED,DISABLED,1403,500,1403,DISABLED,DISABLED,1401,500,1403,DISABLED,DISABLED,1400,500,1403,DISABLED,DISABLED,1399,500,1403,DISABLED,DISABLED,1391,500,1403,DISABLED,DISABLED,1401,500,1403,DISABLED,DISABLED,1500,900,1500,N/A,DISABLED,53,914,1680,N/A,ENABLED,53,914,1680,N/A,ENABLED,53,914,1680,N/A,ENABLED,53,914,1680,N/A,ENABLED,44,711,1400,N/A,ENABLED,44,711,1400,N/A,ENABLED,44,711,1400,N/A,ENABLED,44,711,1400,N/A,ENABLED,N/A,35,34
1744662292,0,227,N/A,N/A,N/A,N/A,ENABLED,1403,500,1403,DISABLED,DISABLED,1389,500,1403,DISABLED,DISABLED,1404,500,1403,DISABLED,DISABLED,1400,500,1403,DISABLED,DISABLED,1400,500,1403,DISABLED,DISABLED,1399,500,1403,DISABLED,DISABLED,1391,500,1403,DISABLED,DISABLED,1401,500,1403,DISABLED,DISABLED,1500,900,1500,N/A,DISABLED,53,914,1680,N/A,ENABLED,53,914,1680,N/A,ENABLED,53,914,1680,N/A,ENABLED,53,914,1680,N/A,ENABLED,44,711,1400,N/A,ENABLED,44,711,1400,N/A,ENABLED,44,711,1400,N/A,ENABLED,44,711,1400,N/A,ENABLED,N/A,35,33
1744662293,0,227,N/A,N/A,N/A,N/A,ENABLED,1403,500,1403,DISABLED,DISABLED,1389,500,1403,DISABLED,DISABLED,1404,500,1403,DISABLED,DISABLED,1400,500,1403,DISABLED,DISABLED,1400,500,1403,DISABLED,DISABLED,1399,500,1403,DISABLED,DISABLED,1392,500,1403,DISABLED,DISABLED,1402,500,1403,DISABLED,DISABLED,1500,900,1500,N/A,DISABLED,53,914,1680,N/A,ENABLED,53,914,1680,N/A,ENABLED,53,914,1680,N/A,ENABLED,53,914,1680,N/A,ENABLED,44,711,1400,N/A,ENABLED,44,711,1400,N/A,ENABLED,44,711,1400,N/A,ENABLED,44,711,1400,N/A,ENABLED,N/A,35,34
1744662295,0,228,N/A,N/A,N/A,N/A,ENABLED,1403,500,1403,DISABLED,DISABLED,1389,500,1403,DISABLED,DISABLED,1403,500,1403,DISABLED,DISABLED,1401,500,1403,DISABLED,DISABLED,1400,500,1403,DISABLED,DISABLED,1399,500,1403,DISABLED,DISABLED,1391,500,1403,DISABLED,DISABLED,1403,500,1403,DISABLED,DISABLED,1500,900,1500,N/A,DISABLED,53,914,1680,N/A,ENABLED,53,914,1680,N/A,ENABLED,53,914,1680,N/A,ENABLED,53,914,1680,N/A,ENABLED,44,711,1400,N/A,ENABLED,44,711,1400,N/A,ENABLED,44,711,1400,N/A,ENABLED,44,711,1400,N/A,ENABLED,N/A,35,34
1744662296,0,227,N/A,N/A,N/A,N/A,ENABLED,1403,500,1403,DISABLED,DISABLED,1389,500,1403,DISABLED,DISABLED,1404,500,1403,DISABLED,DISABLED,1401,500,1403,DISABLED,DISABLED,1400,500,1403,DISABLED,DISABLED,1399,500,1403,DISABLED,DISABLED,1391,500,1403,DISABLED,DISABLED,1402,500,1403,DISABLED,DISABLED,1500,900,1500,N/A,DISABLED,53,914,1680,N/A,ENABLED,53,914,1680,N/A,ENABLED,53,914,1680,N/A,ENABLED,53,914,1680,N/A,ENABLED,44,711,1400,N/A,ENABLED,44,711,1400,N/A,ENABLED,44,711,1400,N/A,ENABLED,44,711,1400,N/A,ENABLED,N/A,35,34
1744662297,0,227,N/A,N/A,N/A,N/A,ENABLED,1404,500,1404,DISABLED,DISABLED,1389,500,1404,DISABLED,DISABLED,1403,500,1404,DISABLED,DISABLED,1400,500,1404,DISABLED,DISABLED,1400,500,1404,DISABLED,DISABLED,1399,500,1404,DISABLED,DISABLED,1391,500,1404,DISABLED,DISABLED,1402,500,1404,DISABLED,DISABLED,1500,900,1500,N/A,DISABLED,53,914,1680,N/A,ENABLED,53,914,1680,N/A,ENABLED,53,914,1680,N/A,ENABLED,53,914,1680,N/A,ENABLED,44,711,1400,N/A,ENABLED,44,711,1400,N/A,ENABLED,44,711,1400,N/A,ENABLED,44,711,1400,N/A,ENABLED,N/A,35,34
1744662298,0,227,N/A,N/A,N/A,N/A,ENABLED,1404,500,1404,DISABLED,DISABLED,1388,500,1404,DISABLED,DISABLED,1403,500,1404,DISABLED,DISABLED,1400,500,1404,DISABLED,DISABLED,1400,500,1404,DISABLED,DISABLED,1399,500,1404,DISABLED,DISABLED,1391,500,1404,DISABLED,DISABLED,1402,500,1404,DISABLED,DISABLED,1500,900,1500,N/A,DISABLED,53,914,1680,N/A,ENABLED,53,914,1680,N/A,ENABLED,53,914,1680,N/A,ENABLED,53,914,1680,N/A,ENABLED,44,711,1400,N/A,ENABLED,44,711,1400,N/A,ENABLED,44,711,1400,N/A,ENABLED,44,711,1400,N/A,ENABLED,N/A,35,34
1744662299,0,227,N/A,N/A,N/A,N/A,ENABLED,1404,500,1404,DISABLED,DISABLED,1388,500,1404,DISABLED,DISABLED,1404,500,1404,DISABLED,DISABLED,1400,500,1404,DISABLED,DISABLED,1400,500,1404,DISABLED,DISABLED,1399,500,1404,DISABLED,DISABLED,1391,500,1404,DISABLED,DISABLED,1402,500,1404,DISABLED,DISABLED,1500,900,1500,N/A,DISABLED,53,914,1680,N/A,ENABLED,53,914,1680,N/A,ENABLED,53,914,1680,N/A,ENABLED,53,914,1680,N/A,ENABLED,44,711,1400,N/A,ENABLED,44,711,1400,N/A,ENABLED,44,711,1400,N/A,ENABLED,44,711,1400,N/A,ENABLED,N/A,35,34
1744662300,0,228,N/A,N/A,N/A,N/A,ENABLED,1404,500,1404,DISABLED,DISABLED,1389,500,1404,DISABLED,DISABLED,1404,500,1404,DISABLED,DISABLED,1400,500,1404,DISABLED,DISABLED,1399,500,1404,DISABLED,DISABLED,1399,500,1404,DISABLED,DISABLED,1391,500,1404,DISABLED,DISABLED,1402,500,1404,DISABLED,DISABLED,1500,900,1500,N/A,DISABLED,53,914,1680,N/A,ENABLED,53,914,1680,N/A,ENABLED,53,914,1680,N/A,ENABLED,53,914,1680,N/A,ENABLED,44,711,1400,N/A,ENABLED,44,711,1400,N/A,ENABLED,44,711,1400,N/A,ENABLED,44,711,1400,N/A,ENABLED,N/A,35,34
1744662302,0,227,N/A,N/A,N/A,N/A,ENABLED,1403,500,1403,DISABLED,DISABLED,1388,500,1403,DISABLED,DISABLED,1403,500,1403,DISABLED,DISABLED,1400,500,1403,DISABLED,DISABLED,1400,500,1403,DISABLED,DISABLED,1398,500,1403,DISABLED,DISABLED,1391,500,1403,DISABLED,DISABLED,1402,500,1403,DISABLED,DISABLED,1500,900,1500,N/A,DISABLED,53,914,1680,N/A,ENABLED,53,914,1680,N/A,ENABLED,53,914,1680,N/A,ENABLED,53,914,1680,N/A,ENABLED,44,711,1400,N/A,ENABLED,44,711,1400,N/A,ENABLED,44,711,1400,N/A,ENABLED,44,711,1400,N/A,ENABLED,N/A,35,34
1744662303,0,227,N/A,N/A,N/A,N/A,ENABLED,1403,500,1403,DISABLED,DISABLED,1389,500,1403,DISABLED,DISABLED,1403,500,1403,DISABLED,DISABLED,1400,500,1403,DISABLED,DISABLED,1400,500,1403,DISABLED,DISABLED,1399,500,1403,DISABLED,DISABLED,1391,500,1403,DISABLED,DISABLED,1401,500,1403,DISABLED,DISABLED,1500,900,1500,N/A,DISABLED,53,914,1680,N/A,ENABLED,53,914,1680,N/A,ENABLED,53,914,1680,N/A,ENABLED,53,914,1680,N/A,ENABLED,44,711,1400,N/A,ENABLED,44,711,1400,N/A,ENABLED,44,711,1400,N/A,ENABLED,44,711,1400,N/A,ENABLED,N/A,35,34
1744662304,0,227,N/A,N/A,N/A,N/A,ENABLED,1403,500,1403,DISABLED,DISABLED,1389,500,1403,DISABLED,DISABLED,1404,500,1403,DISABLED,DISABLED,1401,500,1403,DISABLED,DISABLED,1400,500,1403,DISABLED,DISABLED,1401,500,1403,DISABLED,DISABLED,1391,500,1403,DISABLED,DISABLED,1401,500,1403,DISABLED,DISABLED,1500,900,1500,N/A,DISABLED,53,914,1680,N/A,ENABLED,53,914,1680,N/A,ENABLED,53,914,1680,N/A,ENABLED,53,914,1680,N/A,ENABLED,44,711,1400,N/A,ENABLED,44,711,1400,N/A,ENABLED,44,711,1400,N/A,ENABLED,44,711,1400,N/A,ENABLED,N/A,35,34
1744662305,0,227,N/A,N/A,N/A,N/A,ENABLED,1404,500,1404,DISABLED,DISABLED,1389,500,1404,DISABLED,DISABLED,1403,500,1404,DISABLED,DISABLED,1400,500,1404,DISABLED,DISABLED,1401,500,1404,DISABLED,DISABLED,1400,500,1404,DISABLED,DISABLED,1392,500,1404,DISABLED,DISABLED,1402,500,1404,DISABLED,DISABLED,1500,900,1500,N/A,DISABLED,53,914,1680,N/A,ENABLED,53,914,1680,N/A,ENABLED,53,914,1680,N/A,ENABLED,53,914,1680,N/A,ENABLED,44,711,1400,N/A,ENABLED,44,711,1400,N/A,ENABLED,44,711,1400,N/A,ENABLED,44,711,1400,N/A,ENABLED,N/A,35,33
1744662306,0,227,N/A,N/A,N/A,N/A,ENABLED,1404,500,1404,DISABLED,DISABLED,1388,500,1404,DISABLED,DISABLED,1403,500,1404,DISABLED,DISABLED,1401,500,1404,DISABLED,DISABLED,1401,500,1404,DISABLED,DISABLED,1400,500,1404,DISABLED,DISABLED,1392,500,1404,DISABLED,DISABLED,1401,500,1404,DISABLED,DISABLED,1500,900,1500,N/A,DISABLED,53,914,1680,N/A,ENABLED,53,914,1680,N/A,ENABLED,53,914,1680,N/A,ENABLED,53,914,1680,N/A,ENABLED,44,711,1400,N/A,ENABLED,44,711,1400,N/A,ENABLED,44,711,1400,N/A,ENABLED,44,711,1400,N/A,ENABLED,N/A,35,33
1744662308,0,227,N/A,N/A,N/A,N/A,ENABLED,1404,500,1404,DISABLED,DISABLED,1389,500,1404,DISABLED,DISABLED,1403,500,1404,DISABLED,DISABLED,1400,500,1404,DISABLED,DISABLED,1401,500,1404,DISABLED,DISABLED,1400,500,1404,DISABLED,DISABLED,1392,500,1404,DISABLED,DISABLED,1401,500,1404,DISABLED,DISABLED,1500,900,1500,N/A,DISABLED,53,914,1680,N/A,ENABLED,53,914,1680,N/A,ENABLED,53,914,1680,N/A,ENABLED,53,914,1680,N/A,ENABLED,44,711,1400,N/A,ENABLED,44,711,1400,N/A,ENABLED,44,711,1400,N/A,ENABLED,44,711,1400,N/A,ENABLED,N/A,35,34
1744662309,0,227,N/A,N/A,N/A,N/A,ENABLED,1404,500,1404,DISABLED,DISABLED,1389,500,1404,DISABLED,DISABLED,1404,500,1404,DISABLED,DISABLED,1401,500,1404,DISABLED,DISABLED,1400,500,1404,DISABLED,DISABLED,1400,500,1404,DISABLED,DISABLED,1392,500,1404,DISABLED,DISABLED,1401,500,1404,DISABLED,DISABLED,1500,900,1500,N/A,DISABLED,53,914,1680,N/A,ENABLED,53,914,1680,N/A,ENABLED,53,914,1680,N/A,ENABLED,53,914,1680,N/A,ENABLED,44,711,1400,N/A,ENABLED,44,711,1400,N/A,ENABLED,44,711,1400,N/A,ENABLED,44,711,1400,N/A,ENABLED,N/A,35,34
1744662310,0,227,N/A,N/A,N/A,N/A,ENABLED,1403,500,1403,DISABLED,DISABLED,1389,500,1403,DISABLED,DISABLED,1404,500,1403,DISABLED,DISABLED,1400,500,1403,DISABLED,DISABLED,1401,500,1403,DISABLED,DISABLED,1401,500,1403,DISABLED,DISABLED,1391,500,1403,DISABLED,DISABLED,1400,500,1403,DISABLED,DISABLED,1500,900,1500,N/A,DISABLED,53,914,1680,N/A,ENABLED,53,914,1680,N/A,ENABLED,53,914,1680,N/A,ENABLED,53,914,1680,N/A,ENABLED,44,711,1400,N/A,ENABLED,44,711,1400,N/A,ENABLED,44,711,1400,N/A,ENABLED,44,711,1400,N/A,ENABLED,N/A,35,34
1744662311,0,228,N/A,N/A,N/A,N/A,ENABLED,1404,500,1404,DISABLED,DISABLED,1389,500,1404,DISABLED,DISABLED,1404,500,1404,DISABLED,DISABLED,1401,500,1404,DISABLED,DISABLED,1401,500,1404,DISABLED,DISABLED,1400,500,1404,DISABLED,DISABLED,1392,500,1404,DISABLED,DISABLED,1400,500,1404,DISABLED,DISABLED,1500,900,1500,N/A,DISABLED,53,914,1680,N/A,ENABLED,53,914,1680,N/A,ENABLED,53,914,1680,N/A,ENABLED,53,914,1680,N/A,ENABLED,44,711,1400,N/A,ENABLED,44,711,1400,N/A,ENABLED,44,711,1400,N/A,ENABLED,44,711,1400,N/A,ENABLED,N/A,35,33
1744662312,0,227,N/A,N/A,N/A,N/A,ENABLED,1403,500,1403,DISABLED,DISABLED,1389,500,1403,DISABLED,DISABLED,1403,500,1403,DISABLED,DISABLED,1401,500,1403,DISABLED,DISABLED,1400,500,1403,DISABLED,DISABLED,1400,500,1403,DISABLED,DISABLED,1392,500,1403,DISABLED,DISABLED,1400,500,1403,DISABLED,DISABLED,1500,900,1500,N/A,DISABLED,53,914,1680,N/A,ENABLED,53,914,1680,N/A,ENABLED,53,914,1680,N/A,ENABLED,53,914,1680,N/A,ENABLED,44,711,1400,N/A,ENABLED,44,711,1400,N/A,ENABLED,44,711,1400,N/A,ENABLED,44,711,1400,N/A,ENABLED,N/A,35,34
1744662313,0,227,N/A,N/A,N/A,N/A,ENABLED,1403,500,1403,DISABLED,DISABLED,1390,500,1403,DISABLED,DISABLED,1403,500,1403,DISABLED,DISABLED,1401,500,1403,DISABLED,DISABLED,1401,500,1403,DISABLED,DISABLED,1400,500,1403,DISABLED,DISABLED,1392,500,1403,DISABLED,DISABLED,1401,500,1403,DISABLED,DISABLED,1500,900,1500,N/A,DISABLED,53,914,1680,N/A,ENABLED,53,914,1680,N/A,ENABLED,53,914,1680,N/A,ENABLED,53,914,1680,N/A,ENABLED,44,711,1400,N/A,ENABLED,44,711,1400,N/A,ENABLED,44,711,1400,N/A,ENABLED,44,711,1400,N/A,ENABLED,N/A,35,34
1744662315,0,228,N/A,N/A,N/A,N/A,ENABLED,1404,500,1404,DISABLED,DISABLED,1389,500,1404,DISABLED,DISABLED,1403,500,1404,DISABLED,DISABLED,1401,500,1404,DISABLED,DISABLED,1401,500,1404,DISABLED,DISABLED,1399,500,1404,DISABLED,DISABLED,1391,500,1404,DISABLED,DISABLED,1400,500,1404,DISABLED,DISABLED,1500,900,1500,N/A,DISABLED,53,914,1680,N/A,ENABLED,53,914,1680,N/A,ENABLED,53,914,1680,N/A,ENABLED,53,914,1680,N/A,ENABLED,44,711,1400,N/A,ENABLED,44,711,1400,N/A,ENABLED,44,711,1400,N/A,ENABLED,44,711,1400,N/A,ENABLED,N/A,35,34
1744662316,0,227,N/A,N/A,N/A,N/A,ENABLED,1404,500,1404,DISABLED,DISABLED,1389,500,1404,DISABLED,DISABLED,1403,500,1404,DISABLED,DISABLED,1401,500,1404,DISABLED,DISABLED,1401,500,1404,DISABLED,DISABLED,1399,500,1404,DISABLED,DISABLED,1392,500,1404,DISABLED,DISABLED,1400,500,1404,DISABLED,DISABLED,1500,900,1500,N/A,DISABLED,53,914,1680,N/A,ENABLED,53,914,1680,N/A,ENABLED,53,914,1680,N/A,ENABLED,53,914,1680,N/A,ENABLED,44,711,1400,N/A,ENABLED,44,711,1400,N/A,ENABLED,44,711,1400,N/A,ENABLED,44,711,1400,N/A,ENABLED,N/A,35,34
1744662317,0,227,N/A,N/A,N/A,N/A,ENABLED,1403,500,1403,DISABLED,DISABLED,1389,500,1403,DISABLED,DISABLED,1402,500,1403,DISABLED,DISABLED,1401,500,1403,DISABLED,DISABLED,1401,500,1403,DISABLED,DISABLED,1398,500,1403,DISABLED,DISABLED,1392,500,1403,DISABLED,DISABLED,1401,500,1403,DISABLED,DISABLED,1500,900,1500,N/A,DISABLED,53,914,1680,N/A,ENABLED,53,914,1680,N/A,ENABLED,53,914,1680,N/A,ENABLED,53,914,1680,N/A,ENABLED,44,711,1400,N/A,ENABLED,44,711,1400,N/A,ENABLED,44,711,1400,N/A,ENABLED,44,711,1400,N/A,ENABLED,N/A,35,34
1744662318,0,226,N/A,N/A,N/A,N/A,ENABLED,1403,500,1403,DISABLED,DISABLED,1390,500,1403,DISABLED,DISABLED,1403,500,1403,DISABLED,DISABLED,1400,500,1403,DISABLED,DISABLED,1400,500,1403,DISABLED,DISABLED,1399,500,1403,DISABLED,DISABLED,1392,500,1403,DISABLED,DISABLED,1400,500,1403,DISABLED,DISABLED,1500,900,1500,N/A,DISABLED,53,914,1680,N/A,ENABLED,53,914,1680,N/A,ENABLED,53,914,1680,N/A,ENABLED,53,914,1680,N/A,ENABLED,44,711,1400,N/A,ENABLED,44,711,1400,N/A,ENABLED,44,711,1400,N/A,ENABLED,44,711,1400,N/A,ENABLED,N/A,35,34
1744662319,0,228,N/A,N/A,N/A,N/A,ENABLED,1404,500,1404,DISABLED,DISABLED,1390,500,1404,DISABLED,DISABLED,1403,500,1404,DISABLED,DISABLED,1401,500,1404,DISABLED,DISABLED,1401,500,1404,DISABLED,DISABLED,1399,500,1404,DISABLED,DISABLED,1392,500,1404,DISABLED,DISABLED,1401,500,1404,DISABLED,DISABLED,1500,900,1500,N/A,DISABLED,53,914,1680,N/A,ENABLED,53,914,1680,N/A,ENABLED,53,914,1680,N/A,ENABLED,53,914,1680,N/A,ENABLED,44,711,1400,N/A,ENABLED,44,711,1400,N/A,ENABLED,44,711,1400,N/A,ENABLED,44,711,1400,N/A,ENABLED,N/A,35,34
1744662320,0,227,N/A,N/A,N/A,N/A,ENABLED,1403,500,1403,DISABLED,DISABLED,1390,500,1403,DISABLED,DISABLED,1403,500,1403,DISABLED,DISABLED,1400,500,1403,DISABLED,DISABLED,1401,500,1403,DISABLED,DISABLED,1399,500,1403,DISABLED,DISABLED,1392,500,1403,DISABLED,DISABLED,1400,500,1403,DISABLED,DISABLED,1500,900,1500,N/A,DISABLED,53,914,1680,N/A,ENABLED,53,914,1680,N/A,ENABLED,53,914,1680,N/A,ENABLED,53,914,1680,N/A,ENABLED,44,711,1400,N/A,ENABLED,44,711,1400,N/A,ENABLED,44,711,1400,N/A,ENABLED,44,711,1400,N/A,ENABLED,N/A,35,34
1744662322,0,227,N/A,N/A,N/A,N/A,ENABLED,1404,500,1404,DISABLED,DISABLED,1389,500,1404,DISABLED,DISABLED,1403,500,1404,DISABLED,DISABLED,1401,500,1404,DISABLED,DISABLED,1400,500,1404,DISABLED,DISABLED,1399,500,1404,DISABLED,DISABLED,1392,500,1404,DISABLED,DISABLED,1400,500,1404,DISABLED,DISABLED,1500,900,1500,N/A,DISABLED,53,914,1680,N/A,ENABLED,53,914,1680,N/A,ENABLED,53,914,1680,N/A,ENABLED,53,914,1680,N/A,ENABLED,44,711,1400,N/A,ENABLED,44,711,1400,N/A,ENABLED,44,711,1400,N/A,ENABLED,44,711,1400,N/A,ENABLED,N/A,35,34
1744662323,0,227,N/A,N/A,N/A,N/A,ENABLED,1402,500,1402,DISABLED,DISABLED,1388,500,1402,DISABLED,DISABLED,1403,500,1402,DISABLED,DISABLED,1400,500,1402,DISABLED,DISABLED,1400,500,1402,DISABLED,DISABLED,1399,500,1402,DISABLED,DISABLED,1391,500,1402,DISABLED,DISABLED,1400,500,1402,DISABLED,DISABLED,1500,900,1500,N/A,DISABLED,53,914,1680,N/A,ENABLED,53,914,1680,N/A,ENABLED,53,914,1680,N/A,ENABLED,53,914,1680,N/A,ENABLED,44,711,1400,N/A,ENABLED,44,711,1400,N/A,ENABLED,44,711,1400,N/A,ENABLED,44,711,1400,N/A,ENABLED,N/A,35,34
1744662324,0,227,N/A,N/A,N/A,N/A,ENABLED,1403,500,1403,DISABLED,DISABLED,1389,500,1403,DISABLED,DISABLED,1403,500,1403,DISABLED,DISABLED,1400,500,1403,DISABLED,DISABLED,1401,500,1403,DISABLED,DISABLED,1399,500,1403,DISABLED,DISABLED,1392,500,1403,DISABLED,DISABLED,1401,500,1403,DISABLED,DISABLED,1500,900,1500,N/A,DISABLED,53,914,1680,N/A,ENABLED,53,914,1680,N/A,ENABLED,53,914,1680,N/A,ENABLED,53,914,1680,N/A,ENABLED,44,711,1400,N/A,ENABLED,44,711,1400,N/A,ENABLED,44,711,1400,N/A,ENABLED,44,711,1400,N/A,ENABLED,N/A,35,34
1744662325,0,227,N/A,N/A,N/A,N/A,ENABLED,1403,500,1403,DISABLED,DISABLED,1389,500,1403,DISABLED,DISABLED,1403,500,1403,DISABLED,DISABLED,1400,500,1403,DISABLED,DISABLED,1400,500,1403,DISABLED,DISABLED,1400,500,1403,DISABLED,DISABLED,1391,500,1403,DISABLED,DISABLED,1400,500,1403,DISABLED,DISABLED,1500,900,1500,N/A,DISABLED,53,914,1680,N/A,ENABLED,53,914,1680,N/A,ENABLED,53,914,1680,N/A,ENABLED,53,914,1680,N/A,ENABLED,44,711,1400,N/A,ENABLED,44,711,1400,N/A,ENABLED,44,711,1400,N/A,ENABLED,44,711,1400,N/A,ENABLED,N/A,35,33
1744662326,0,227,N/A,N/A,N/A,N/A,ENABLED,1402,500,1402,DISABLED,DISABLED,1389,500,1402,DISABLED,DISABLED,1403,500,1402,DISABLED,DISABLED,1400,500,1402,DISABLED,DISABLED,1400,500,1402,DISABLED,DISABLED,1400,500,1402,DISABLED,DISABLED,1391,500,1402,DISABLED,DISABLED,1401,500,1402,DISABLED,DISABLED,1500,900,1500,N/A,DISABLED,53,914,1680,N/A,ENABLED,53,914,1680,N/A,ENABLED,53,914,1680,N/A,ENABLED,53,914,1680,N/A,ENABLED,44,711,1400,N/A,ENABLED,44,711,1400,N/A,ENABLED,44,711,1400,N/A,ENABLED,44,711,1400,N/A,ENABLED,N/A,35,33
1744662328,0,226,N/A,N/A,N/A,N/A,ENABLED,1403,500,1403,DISABLED,DISABLED,1389,500,1403,DISABLED,DISABLED,1403,500,1403,DISABLED,DISABLED,1401,500,1403,DISABLED,DISABLED,1400,500,1403,DISABLED,DISABLED,1400,500,1403,DISABLED,DISABLED,1391,500,1403,DISABLED,DISABLED,1400,500,1403,DISABLED,DISABLED,1500,900,1500,N/A,DISABLED,53,914,1680,N/A,ENABLED,53,914,1680,N/A,ENABLED,53,914,1680,N/A,ENABLED,53,914,1680,N/A,ENABLED,44,711,1400,N/A,ENABLED,44,711,1400,N/A,ENABLED,44,711,1400,N/A,ENABLED,44,711,1400,N/A,ENABLED,N/A,35,34
1744662329,0,226,N/A,N/A,N/A,N/A,ENABLED,1402,500,1402,DISABLED,DISABLED,1389,500,1402,DISABLED,DISABLED,1402,500,1402,DISABLED,DISABLED,1401,500,1402,DISABLED,DISABLED,1399,500,1402,DISABLED,DISABLED,1400,500,1402,DISABLED,DISABLED,1391,500,1402,DISABLED,DISABLED,1400,500,1402,DISABLED,DISABLED,1500,900,1500,N/A,DISABLED,53,914,1680,N/A,ENABLED,53,914,1680,N/A,ENABLED,53,914,1680,N/A,ENABLED,53,914,1680,N/A,ENABLED,44,711,1400,N/A,ENABLED,44,711,1400,N/A,ENABLED,44,711,1400,N/A,ENABLED,44,711,1400,N/A,ENABLED,N/A,35,34
1744662330,0,227,N/A,N/A,N/A,N/A,ENABLED,1403,500,1403,DISABLED,DISABLED,1388,500,1403,DISABLED,DISABLED,1403,500,1403,DISABLED,DISABLED,1401,500,1403,DISABLED,DISABLED,1399,500,1403,DISABLED,DISABLED,1400,500,1403,DISABLED,DISABLED,1391,500,1403,DISABLED,DISABLED,1400,500,1403,DISABLED,DISABLED,1500,900,1500,N/A,DISABLED,53,914,1680,N/A,ENABLED,53,914,1680,N/A,ENABLED,53,914,1680,N/A,ENABLED,53,914,1680,N/A,ENABLED,44,711,1400,N/A,ENABLED,44,711,1400,N/A,ENABLED,44,711,1400,N/A,ENABLED,44,711,1400,N/A,ENABLED,N/A,35,34
1744662331,0,227,N/A,N/A,N/A,N/A,ENABLED,1404,500,1404,DISABLED,DISABLED,1388,500,1404,DISABLED,DISABLED,1403,500,1404,DISABLED,DISABLED,1401,500,1404,DISABLED,DISABLED,1400,500,1404,DISABLED,DISABLED,1399,500,1404,DISABLED,DISABLED,1391,500,1404,DISABLED,DISABLED,1401,500,1404,DISABLED,DISABLED,1500,900,1500,N/A,DISABLED,53,914,1680,N/A,ENABLED,53,914,1680,N/A,ENABLED,53,914,1680,N/A,ENABLED,53,914,1680,N/A,ENABLED,44,711,1400,N/A,ENABLED,44,711,1400,N/A,ENABLED,44,711,1400,N/A,ENABLED,44,711,1400,N/A,ENABLED,N/A,35,34
1744662332,0,226,N/A,N/A,N/A,N/A,ENABLED,1403,500,1403,DISABLED,DISABLED,1388,500,1403,DISABLED,DISABLED,1402,500,1403,DISABLED,DISABLED,1401,500,1403,DISABLED,DISABLED,1400,500,1403,DISABLED,DISABLED,1399,500,1403,DISABLED,DISABLED,1391,500,1403,DISABLED,DISABLED,1402,500,1403,DISABLED,DISABLED,1500,900,1500,N/A,DISABLED,53,914,1680,N/A,ENABLED,53,914,1680,N/A,ENABLED,53,914,1680,N/A,ENABLED,53,914,1680,N/A,ENABLED,44,711,1400,N/A,ENABLED,44,711,1400,N/A,ENABLED,44,711,1400,N/A,ENABLED,44,711,1400,N/A,ENABLED,N/A,35,34
1744662333,0,227,N/A,N/A,N/A,N/A,ENABLED,1404,500,1404,DISABLED,DISABLED,1389,500,1404,DISABLED,DISABLED,1403,500,1404,DISABLED,DISABLED,1400,500,1404,DISABLED,DISABLED,1400,500,1404,DISABLED,DISABLED,1400,500,1404,DISABLED,DISABLED,1391,500,1404,DISABLED,DISABLED,1401,500,1404,DISABLED,DISABLED,1500,900,1500,N/A,DISABLED,53,914,1680,N/A,ENABLED,53,914,1680,N/A,ENABLED,53,914,1680,N/A,ENABLED,53,914,1680,N/A,ENABLED,44,711,1400,N/A,ENABLED,44,711,1400,N/A,ENABLED,44,711,1400,N/A,ENABLED,44,711,1400,N/A,ENABLED,N/A,35,34
1744662335,0,228,N/A,N/A,N/A,N/A,ENABLED,1403,500,1403,DISABLED,DISABLED,1389,500,1403,DISABLED,DISABLED,1403,500,1403,DISABLED,DISABLED,1401,500,1403,DISABLED,DISABLED,1400,500,1403,DISABLED,DISABLED,1399,500,1403,DISABLED,DISABLED,1392,500,1403,DISABLED,DISABLED,1400,500,1403,DISABLED,DISABLED,1500,900,1500,N/A,DISABLED,53,914,1680,N/A,ENABLED,53,914,1680,N/A,ENABLED,53,914,1680,N/A,ENABLED,53,914,1680,N/A,ENABLED,44,711,1400,N/A,ENABLED,44,711,1400,N/A,ENABLED,44,711,1400,N/A,ENABLED,44,711,1400,N/A,ENABLED,N/A,35,34
1744662336,0,226,N/A,N/A,N/A,N/A,ENABLED,1403,500,1403,DISABLED,DISABLED,1388,500,1403,DISABLED,DISABLED,1402,500,1403,DISABLED,DISABLED,1401,500,1403,DISABLED,DISABLED,1401,500,1403,DISABLED,DISABLED,1399,500,1403,DISABLED,DISABLED,1392,500,1403,DISABLED,DISABLED,1401,500,1403,DISABLED,DISABLED,1500,900,1500,N/A,DISABLED,53,914,1680,N/A,ENABLED,53,914,1680,N/A,ENABLED,53,914,1680,N/A,ENABLED,53,914,1680,N/A,ENABLED,44,711,1400,N/A,ENABLED,44,711,1400,N/A,ENABLED,44,711,1400,N/A,ENABLED,44,711,1400,N/A,ENABLED,N/A,35,34
1744662337,0,227,N/A,N/A,N/A,N/A,ENABLED,1404,500,1404,DISABLED,DISABLED,1389,500,1404,DISABLED,DISABLED,1403,500,1404,DISABLED,DISABLED,1400,500,1404,DISABLED,DISABLED,1400,500,1404,DISABLED,DISABLED,1399,500,1404,DISABLED,DISABLED,1392,500,1404,DISABLED,DISABLED,1401,500,1404,DISABLED,DISABLED,1500,900,1500,N/A,DISABLED,53,914,1680,N/A,ENABLED,53,914,1680,N/A,ENABLED,53,914,1680,N/A,ENABLED,53,914,1680,N/A,ENABLED,44,711,1400,N/A,ENABLED,44,711,1400,N/A,ENABLED,44,711,1400,N/A,ENABLED,44,711,1400,N/A,ENABLED,N/A,35,34
1744662338,0,226,N/A,N/A,N/A,N/A,ENABLED,1404,500,1404,DISABLED,DISABLED,1389,500,1404,DISABLED,DISABLED,1402,500,1404,DISABLED,DISABLED,1400,500,1404,DISABLED,DISABLED,1400,500,1404,DISABLED,DISABLED,1399,500,1404,DISABLED,DISABLED,1392,500,1404,DISABLED,DISABLED,1401,500,1404,DISABLED,DISABLED,1500,900,1500,N/A,DISABLED,53,914,1680,N/A,ENABLED,53,914,1680,N/A,ENABLED,53,914,1680,N/A,ENABLED,53,914,1680,N/A,ENABLED,44,711,1400,N/A,ENABLED,44,711,1400,N/A,ENABLED,44,711,1400,N/A,ENABLED,44,711,1400,N/A,ENABLED,N/A,35,34
1744662339,0,227,N/A,N/A,N/A,N/A,ENABLED,1404,500,1404,DISABLED,DISABLED,1389,500,1404,DISABLED,DISABLED,1403,500,1404,DISABLED,DISABLED,1400,500,1404,DISABLED,DISABLED,1400,500,1404,DISABLED,DISABLED,1399,500,1404,DISABLED,DISABLED,1391,500,1404,DISABLED,DISABLED,1401,500,1404,DISABLED,DISABLED,1500,900,1500,N/A,DISABLED,53,914,1680,N/A,ENABLED,53,914,1680,N/A,ENABLED,53,914,1680,N/A,ENABLED,53,914,1680,N/A,ENABLED,44,711,1400,N/A,ENABLED,44,711,1400,N/A,ENABLED,44,711,1400,N/A,ENABLED,44,711,1400,N/A,ENABLED,N/A,35,34
1744662340,0,227,N/A,N/A,N/A,N/A,ENABLED,1403,500,1403,DISABLED,DISABLED,1389,500,1403,DISABLED,DISABLED,1403,500,1403,DISABLED,DISABLED,1400,500,1403,DISABLED,DISABLED,1400,500,1403,DISABLED,DISABLED,1400,500,1403,DISABLED,DISABLED,1391,500,1403,DISABLED,DISABLED,1401,500,1403,DISABLED,DISABLED,1500,900,1500,N/A,DISABLED,53,914,1680,N/A,ENABLED,53,914,1680,N/A,ENABLED,53,914,1680,N/A,ENABLED,53,914,1680,N/A,ENABLED,44,711,1400,N/A,ENABLED,44,711,1400,N/A,ENABLED,44,711,1400,N/A,ENABLED,44,711,1400,N/A,ENABLED,N/A,35,34
1744662342,0,228,N/A,N/A,N/A,N/A,ENABLED,1403,500,1403,DISABLED,DISABLED,1389,500,1403,DISABLED,DISABLED,1403,500,1403,DISABLED,DISABLED,1399,500,1403,DISABLED,DISABLED,1400,500,1403,DISABLED,DISABLED,1399,500,1403,DISABLED,DISABLED,1392,500,1403,DISABLED,DISABLED,1401,500,1403,DISABLED,DISABLED,1500,900,1500,N/A,DISABLED,53,914,1680,N/A,ENABLED,53,914,1680,N/A,ENABLED,53,914,1680,N/A,ENABLED,53,914,1680,N/A,ENABLED,44,711,1400,N/A,ENABLED,44,711,1400,N/A,ENABLED,44,711,1400,N/A,ENABLED,44,711,1400,N/A,ENABLED,N/A,35,34
1744662343,0,105,N/A,N/A,N/A,N/A,ENABLED,89,500,1400,DISABLED,ENABLED,88,500,1400,DISABLED,ENABLED,89,500,1400,DISABLED,ENABLED,89,500,1400,DISABLED,ENABLED,89,500,1400,DISABLED,ENABLED,89,500,1400,DISABLED,ENABLED,87,500,1400,DISABLED,ENABLED,88,500,1400,DISABLED,ENABLED,901,900,1500,N/A,DISABLED,29,914,1680,N/A,ENABLED,29,914,1680,N/A,ENABLED,29,914,1680,N/A,ENABLED,29,914,1680,N/A,ENABLED,22,711,1400,N/A,ENABLED,22,711,1400,N/A,ENABLED,22,711,1400,N/A,ENABLED,22,711,1400,N/A,ENABLED,N/A,35,34
1744662344,0,105,N/A,N/A,N/A,N/A,ENABLED,89,500,1400,DISABLED,ENABLED,87,500,1400,DISABLED,ENABLED,88,500,1400,DISABLED,ENABLED,88,500,1400,DISABLED,ENABLED,88,500,1400,DISABLED,ENABLED,88,500,1400,DISABLED,ENABLED,87,500,1400,DISABLED,ENABLED,88,500,1400,DISABLED,ENABLED,900,900,1500,N/A,DISABLED,29,914,1680,N/A,ENABLED,29,914,1680,N/A,ENABLED,29,914,1680,N/A,ENABLED,29,914,1680,N/A,ENABLED,22,711,1400,N/A,ENABLED,22,711,1400,N/A,ENABLED,22,711,1400,N/A,ENABLED,22,711,1400,N/A,ENABLED,N/A,34,33
1744662345,0,105,N/A,N/A,N/A,N/A,ENABLED,89,500,1400,DISABLED,ENABLED,87,500,1400,DISABLED,ENABLED,88,500,1400,DISABLED,ENABLED,88,500,1400,DISABLED,ENABLED,88,500,1400,DISABLED,ENABLED,88,500,1400,DISABLED,ENABLED,90,500,1400,DISABLED,ENABLED,91,500,1400,DISABLED,ENABLED,900,900,1500,N/A,DISABLED,29,914,1680,N/A,ENABLED,29,914,1680,N/A,ENABLED,29,914,1680,N/A,ENABLED,29,914,1680,N/A,ENABLED,22,711,1400,N/A,ENABLED,22,711,1400,N/A,ENABLED,22,711,1400,N/A,ENABLED,22,711,1400,N/A,ENABLED,N/A,34,33
1744662346,0,106,N/A,N/A,N/A,N/A,ENABLED,89,500,1400,DISABLED,ENABLED,87,500,1400,DISABLED,ENABLED,88,500,1400,DISABLED,ENABLED,88,500,1400,DISABLED,ENABLED,88,500,1400,DISABLED,ENABLED,88,500,1400,DISABLED,ENABLED,100,500,1400,DISABLED,ENABLED,101,500,1400,DISABLED,ENABLED,900,900,1500,N/A,DISABLED,29,914,1680,N/A,ENABLED,29,914,1680,N/A,ENABLED,29,914,1680,N/A,ENABLED,29,914,1680,N/A,ENABLED,22,711,1400,N/A,ENABLED,22,711,1400,N/A,ENABLED,22,711,1400,N/A,ENABLED,22,711,1400,N/A,ENABLED,N/A,34,33
1744662348,0,106,N/A,N/A,N/A,N/A,ENABLED,89,500,1400,DISABLED,ENABLED,87,500,1400,DISABLED,ENABLED,88,500,1400,DISABLED,ENABLED,88,500,1400,DISABLED,ENABLED,88,500,1400,DISABLED,ENABLED,88,500,1400,DISABLED,ENABLED,103,500,1400,DISABLED,ENABLED,104,500,1400,DISABLED,ENABLED,900,900,1500,N/A,DISABLED,29,914,1680,N/A,ENABLED,29,914,1680,N/A,ENABLED,29,914,1680,N/A,ENABLED,29,914,1680,N/A,ENABLED,22,711,1400,N/A,ENABLED,22,711,1400,N/A,ENABLED,22,711,1400,N/A,ENABLED,22,711,1400,N/A,ENABLED,N/A,34,33
1744662349,0,106,N/A,N/A,N/A,N/A,ENABLED,89,500,1400,DISABLED,ENABLED,87,500,1400,DISABLED,ENABLED,88,500,1400,DISABLED,ENABLED,88,500,1400,DISABLED,ENABLED,88,500,1400,DISABLED,ENABLED,88,500,1400,DISABLED,ENABLED,102,500,1400,DISABLED,ENABLED,103,500,1400,DISABLED,ENABLED,900,900,1500,N/A,DISABLED,29,914,1680,N/A,ENABLED,29,914,1680,N/A,ENABLED,29,914,1680,N/A,ENABLED,29,914,1680,N/A,ENABLED,22,711,1400,N/A,ENABLED,22,711,1400,N/A,ENABLED,22,711,1400,N/A,ENABLED,22,711,1400,N/A,ENABLED,N/A,34,33
1744662350,0,105,N/A,N/A,N/A,N/A,ENABLED,92,500,1400,DISABLED,ENABLED,87,500,1400,DISABLED,ENABLED,88,500,1400,DISABLED,ENABLED,88,500,1400,DISABLED,ENABLED,88,500,1400,DISABLED,ENABLED,88,500,1400,DISABLED,ENABLED,98,500,1400,DISABLED,ENABLED,99,500,1400,DISABLED,ENABLED,900,900,1500,N/A,DISABLED,29,914,1680,N/A,ENABLED,29,914,1680,N/A,ENABLED,29,914,1680,N/A,ENABLED,29,914,1680,N/A,ENABLED,22,711,1400,N/A,ENABLED,22,711,1400,N/A,ENABLED,22,711,1400,N/A,ENABLED,22,711,1400,N/A,ENABLED,N/A,33,33
1744662351,0,105,N/A,N/A,N/A,N/A,ENABLED,90,500,1400,DISABLED,ENABLED,87,500,1400,DISABLED,ENABLED,88,500,1400,DISABLED,ENABLED,88,500,1400,DISABLED,ENABLED,88,500,1400,DISABLED,ENABLED,88,500,1400,DISABLED,ENABLED,94,500,1400,DISABLED,ENABLED,95,500,1400,DISABLED,ENABLED,900,900,1500,N/A,DISABLED,29,914,1680,N/A,ENABLED,29,914,1680,N/A,ENABLED,29,914,1680,N/A,ENABLED,29,914,1680,N/A,ENABLED,22,711,1400,N/A,ENABLED,22,711,1400,N/A,ENABLED,22,711,1400,N/A,ENABLED,22,711,1400,N/A,ENABLED,N/A,33,33
