rocHPCG version: 0.8.6-0c708bb (based on hpcg-3.1)
Using HIP device (0): AMD Instinct MI325X (262128 MB global memory)

Setup Phase took 0.09 sec

Copying GPU assembled data to host for reference computations

Checking assembled data ...

Starting Reference CG Phase ...

REFERENCE Initial Residual = 1.236254e+04
REFERENCE Iteration = 1   Scaled Residual = 1.866018e-01
REFERENCE Iteration = 2   Scaled Residual = 1.025108e-01
REFERENCE Iteration = 3   Scaled Residual = 7.077801e-02
REFERENCE Iteration = 4   Scaled Residual = 5.407830e-02
REFERENCE Iteration = 5   Scaled Residual = 4.373289e-02
REFERENCE Iteration = 6   Scaled Residual = 3.669077e-02
REFERENCE Iteration = 7   Scaled Residual = 3.159634e-02
REFERENCE Iteration = 8   Scaled Residual = 2.775397e-02
REFERENCE Iteration = 9   Scaled Residual = 2.476338e-02
REFERENCE Iteration = 10   Scaled Residual = 2.237134e-02
REFERENCE Iteration = 11   Scaled Residual = 2.040853e-02
REFERENCE Iteration = 12   Scaled Residual = 1.875860e-02
REFERENCE Iteration = 13   Scaled Residual = 1.734127e-02
REFERENCE Iteration = 14   Scaled Residual = 1.610579e-02
REFERENCE Iteration = 15   Scaled Residual = 1.502131e-02
REFERENCE Iteration = 16   Scaled Residual = 1.406764e-02
REFERENCE Iteration = 17   Scaled Residual = 1.323035e-02
REFERENCE Iteration = 18   Scaled Residual = 1.249557e-02
REFERENCE Iteration = 19   Scaled Residual = 1.184757e-02
REFERENCE Iteration = 20   Scaled Residual = 1.127023e-02
REFERENCE Iteration = 21   Scaled Residual = 1.074790e-02
REFERENCE Iteration = 22   Scaled Residual = 1.026752e-02
REFERENCE Iteration = 23   Scaled Residual = 9.822101e-03
REFERENCE Iteration = 24   Scaled Residual = 9.409987e-03
REFERENCE Iteration = 25   Scaled Residual = 9.032481e-03
REFERENCE Iteration = 26   Scaled Residual = 8.692288e-03
REFERENCE Iteration = 27   Scaled Residual = 8.390222e-03
REFERENCE Iteration = 28   Scaled Residual = 8.123405e-03
REFERENCE Iteration = 29   Scaled Residual = 7.885856e-03
REFERENCE Iteration = 30   Scaled Residual = 7.668821e-03
REFERENCE Iteration = 31   Scaled Residual = 7.463411e-03
REFERENCE Iteration = 32   Scaled Residual = 7.264313e-03
REFERENCE Iteration = 33   Scaled Residual = 7.069760e-03
REFERENCE Iteration = 34   Scaled Residual = 6.880330e-03
REFERENCE Iteration = 35   Scaled Residual = 6.696448e-03
REFERENCE Iteration = 36   Scaled Residual = 6.515258e-03
REFERENCE Iteration = 37   Scaled Residual = 6.331422e-03
REFERENCE Iteration = 38   Scaled Residual = 6.140634e-03
REFERENCE Iteration = 39   Scaled Residual = 5.942403e-03
REFERENCE Iteration = 40   Scaled Residual = 5.742123e-03
REFERENCE Iteration = 41   Scaled Residual = 5.549221e-03
REFERENCE Iteration = 42   Scaled Residual = 5.373494e-03
REFERENCE Iteration = 43   Scaled Residual = 5.222258e-03
REFERENCE Iteration = 44   Scaled Residual = 5.095763e-03
REFERENCE Iteration = 45   Scaled Residual = 4.985680e-03
REFERENCE Iteration = 46   Scaled Residual = 4.884171e-03
REFERENCE Iteration = 47   Scaled Residual = 4.787830e-03
REFERENCE Iteration = 48   Scaled Residual = 4.691596e-03
REFERENCE Iteration = 49   Scaled Residual = 4.594670e-03
REFERENCE Iteration = 50   Scaled Residual = 4.498904e-03

Optimization Phase took 0.06 sec

Validation Testing Phase ...

Optimized CG Setup ...

HIP Initial Residual = 1.236254e+04
HIP Iteration = 1   Scaled Residual = 2.186907e-01
HIP Iteration = 2   Scaled Residual = 1.184944e-01
HIP Iteration = 3   Scaled Residual = 8.083555e-02
HIP Iteration = 4   Scaled Residual = 6.126697e-02
HIP Iteration = 5   Scaled Residual = 4.939618e-02
HIP Iteration = 6   Scaled Residual = 4.136786e-02
HIP Iteration = 7   Scaled Residual = 3.560672e-02
HIP Iteration = 8   Scaled Residual = 3.126214e-02
HIP Iteration = 9   Scaled Residual = 2.787074e-02
HIP Iteration = 10   Scaled Residual = 2.514927e-02
HIP Iteration = 11   Scaled Residual = 2.292364e-02
HIP Iteration = 12   Scaled Residual = 2.106888e-02
HIP Iteration = 13   Scaled Residual = 1.950743e-02
HIP Iteration = 14   Scaled Residual = 1.817811e-02
HIP Iteration = 15   Scaled Residual = 1.703748e-02
HIP Iteration = 16   Scaled Residual = 1.605323e-02
HIP Iteration = 17   Scaled Residual = 1.519830e-02
HIP Iteration = 18   Scaled Residual = 1.444880e-02
HIP Iteration = 19   Scaled Residual = 1.378067e-02
HIP Iteration = 20   Scaled Residual = 1.317022e-02
HIP Iteration = 21   Scaled Residual = 1.259632e-02
HIP Iteration = 22   Scaled Residual = 1.204203e-02
HIP Iteration = 23   Scaled Residual = 1.150021e-02
HIP Iteration = 24   Scaled Residual = 1.097268e-02
HIP Iteration = 25   Scaled Residual = 1.046725e-02
HIP Iteration = 26   Scaled Residual = 9.994170e-03
HIP Iteration = 27   Scaled Residual = 9.560097e-03
HIP Iteration = 28   Scaled Residual = 9.166841e-03
HIP Iteration = 29   Scaled Residual = 8.814100e-03
HIP Iteration = 30   Scaled Residual = 8.498217e-03
HIP Iteration = 31   Scaled Residual = 8.215115e-03
HIP Iteration = 32   Scaled Residual = 7.960545e-03
HIP Iteration = 33   Scaled Residual = 7.729389e-03
HIP Iteration = 34   Scaled Residual = 7.516064e-03
HIP Iteration = 35   Scaled Residual = 7.315754e-03
HIP Iteration = 36   Scaled Residual = 7.121849e-03
HIP Iteration = 37   Scaled Residual = 6.929652e-03
HIP Iteration = 38   Scaled Residual = 6.735730e-03
HIP Iteration = 39   Scaled Residual = 6.539296e-03
HIP Iteration = 40   Scaled Residual = 6.341837e-03
HIP Iteration = 41   Scaled Residual = 6.147639e-03
HIP Iteration = 42   Scaled Residual = 5.960115e-03
HIP Iteration = 43   Scaled Residual = 5.784443e-03
HIP Iteration = 44   Scaled Residual = 5.623558e-03
HIP Iteration = 45   Scaled Residual = 5.478439e-03
HIP Iteration = 46   Scaled Residual = 5.346220e-03
HIP Iteration = 47   Scaled Residual = 5.223384e-03
HIP Iteration = 48   Scaled Residual = 5.107119e-03
HIP Iteration = 49   Scaled Residual = 4.999130e-03
HIP Iteration = 50   Scaled Residual = 4.896790e-03
HIP Iteration = 51   Scaled Residual = 4.794874e-03
HIP Iteration = 52   Scaled Residual = 4.691352e-03
HIP Iteration = 53   Scaled Residual = 4.588187e-03
HIP Iteration = 54   Scaled Residual = 4.482104e-03

Total device memory usage: 13446 MByte (262128 MByte)

Starting Benchmarking Phase ...

Performing (at least) 4710 CG sets in 3600.0 seconds ...
CG set 1 / 4710    4228.2540 GFlop/s     (528.5318 GFlop/s per process)    0%    3599.2 sec left
CG set 2 / 4710    4230.0707 GFlop/s     (528.7588 GFlop/s per process)    0%    3598.5 sec left
CG set 3 / 4710    4232.7440 GFlop/s     (529.0930 GFlop/s per process)    0%    3597.7 sec left
CG set 4 / 4710    4229.3624 GFlop/s     (528.6703 GFlop/s per process)    0%    3597.0 sec left
CG set 5 / 4710    4226.7008 GFlop/s     (528.3376 GFlop/s per process)    0%    3596.2 sec left
CG set 6 / 4710    4224.0018 GFlop/s     (528.0002 GFlop/s per process)    0%    3595.4 sec left
CG set 7 / 4710    4224.4846 GFlop/s     (528.0606 GFlop/s per process)    0%    3594.7 sec left
CG set 8 / 4710    4223.2994 GFlop/s     (527.9124 GFlop/s per process)    0%    3593.9 sec left
CG set 9 / 4710    4222.8421 GFlop/s     (527.8553 GFlop/s per process)    0%    3593.1 sec left
CG set 10 / 4710    4222.0897 GFlop/s     (527.7612 GFlop/s per process)    0%    3592.4 sec left
CG set 11 / 4710    4221.0343 GFlop/s     (527.6293 GFlop/s per process)    0%    3591.6 sec left
CG set 12 / 4710    4219.8083 GFlop/s     (527.4760 GFlop/s per process)    0%    3590.8 sec left
CG set 13 / 4710    4218.8831 GFlop/s     (527.3604 GFlop/s per process)    0%    3590.1 sec left
CG set 14 / 4710    4217.4204 GFlop/s     (527.1775 GFlop/s per process)    0%    3589.3 sec left
CG set 15 / 4710    4216.8601 GFlop/s     (527.1075 GFlop/s per process)    0%    3588.5 sec left
CG set 16 / 4710    4216.4092 GFlop/s     (527.0512 GFlop/s per process)    0%    3587.8 sec left
CG set 17 / 4710    4216.0953 GFlop/s     (527.0119 GFlop/s per process)    0%    3587.0 sec left
CG set 18 / 4710    4215.9824 GFlop/s     (526.9978 GFlop/s per process)    0%    3586.3 sec left
CG set 19 / 4710    4215.8583 GFlop/s     (526.9823 GFlop/s per process)    0%    3585.5 sec left
CG set 20 / 4710    4215.0435 GFlop/s     (526.8804 GFlop/s per process)    0%    3584.7 sec left
CG set 21 / 4710    4213.8513 GFlop/s     (526.7314 GFlop/s per process)    0%    3584.0 sec left
CG set 22 / 4710    4214.0573 GFlop/s     (526.7572 GFlop/s per process)    0%    3583.2 sec left
CG set 23 / 4710    4213.3785 GFlop/s     (526.6723 GFlop/s per process)    0%    3582.4 sec left
CG set 24 / 4710    4212.2515 GFlop/s     (526.5314 GFlop/s per process)    0%    3581.7 sec left
CG set 25 / 4710    4211.3461 GFlop/s     (526.4183 GFlop/s per process)    0%    3580.9 sec left
CG set 26 / 4710    4210.9690 GFlop/s     (526.3711 GFlop/s per process)    0%    3580.1 sec left
CG set 27 / 4710    4210.2437 GFlop/s     (526.2805 GFlop/s per process)    0%    3579.4 sec left
CG set 28 / 4710    4209.7279 GFlop/s     (526.2160 GFlop/s per process)    0%    3578.6 sec left
CG set 29 / 4710    4209.9133 GFlop/s     (526.2392 GFlop/s per process)    0%    3577.8 sec left
CG set 30 / 4710    4209.3944 GFlop/s     (526.1743 GFlop/s per process)    0%    3577.1 sec left
CG set 31 / 4710    4208.6045 GFlop/s     (526.0756 GFlop/s per process)    0%    3576.3 sec left
CG set 32 / 4710    4207.0618 GFlop/s     (525.8827 GFlop/s per process)    0%    3575.5 sec left
CG set 33 / 4710    4205.5779 GFlop/s     (525.6972 GFlop/s per process)    0%    3574.7 sec left
CG set 34 / 4710    4205.1259 GFlop/s     (525.6407 GFlop/s per process)    0%    3574.0 sec left
CG set 35 / 4710    4204.3648 GFlop/s     (525.5456 GFlop/s per process)    0%    3573.2 sec left
CG set 36 / 4710    4203.7010 GFlop/s     (525.4626 GFlop/s per process)    0%    3572.4 sec left
CG set 37 / 4710    4203.0026 GFlop/s     (525.3753 GFlop/s per process)    0%    3571.7 sec left
CG set 38 / 4710    4202.1853 GFlop/s     (525.2732 GFlop/s per process)    0%    3570.9 sec left
CG set 39 / 4710    4201.1814 GFlop/s     (525.1477 GFlop/s per process)    0%    3570.1 sec left
CG set 40 / 4710    4200.4623 GFlop/s     (525.0578 GFlop/s per process)    0%    3569.3 sec left
CG set 41 / 4710    4199.9827 GFlop/s     (524.9978 GFlop/s per process)    0%    3568.6 sec left
CG set 42 / 4710    4199.4061 GFlop/s     (524.9258 GFlop/s per process)    0%    3567.8 sec left
CG set 43 / 4710    4198.4819 GFlop/s     (524.8102 GFlop/s per process)    0%    3567.0 sec left
CG set 44 / 4710    4197.6049 GFlop/s     (524.7006 GFlop/s per process)    0%    3566.3 sec left
CG set 45 / 4710    4196.9354 GFlop/s     (524.6169 GFlop/s per process)    0%    3565.5 sec left
CG set 46 / 4710    4196.5459 GFlop/s     (524.5682 GFlop/s per process)    0%    3564.7 sec left
CG set 47 / 4710    4195.7352 GFlop/s     (524.4669 GFlop/s per process)    0%    3563.9 sec left
CG set 48 / 4710    4195.4586 GFlop/s     (524.4323 GFlop/s per process)    1%    3563.2 sec left
CG set 49 / 4710    4195.1348 GFlop/s     (524.3919 GFlop/s per process)    1%    3562.4 sec left
CG set 50 / 4710    4194.8994 GFlop/s     (524.3624 GFlop/s per process)    1%    3561.6 sec left
CG set 51 / 4710    4194.2558 GFlop/s     (524.2820 GFlop/s per process)    1%    3560.8 sec left
CG set 52 / 4710    4193.7830 GFlop/s     (524.2229 GFlop/s per process)    1%    3560.1 sec left
CG set 53 / 4710    4193.0656 GFlop/s     (524.1332 GFlop/s per process)    1%    3559.3 sec left
CG set 54 / 4710    4192.2175 GFlop/s     (524.0272 GFlop/s per process)    1%    3558.5 sec left
CG set 55 / 4710    4191.7805 GFlop/s     (523.9726 GFlop/s per process)    1%    3557.8 sec left
CG set 56 / 4710    4191.1777 GFlop/s     (523.8972 GFlop/s per process)    1%    3557.0 sec left
CG set 57 / 4710    4190.8227 GFlop/s     (523.8528 GFlop/s per process)    1%    3556.2 sec left
CG set 58 / 4710    4190.7150 GFlop/s     (523.8394 GFlop/s per process)    1%    3555.4 sec left
CG set 59 / 4710    4190.3616 GFlop/s     (523.7952 GFlop/s per process)    1%    3554.7 sec left
CG set 60 / 4710    4190.1749 GFlop/s     (523.7719 GFlop/s per process)    1%    3553.9 sec left
CG set 61 / 4710    4190.2055 GFlop/s     (523.7757 GFlop/s per process)    1%    3553.1 sec left
CG set 62 / 4710    4190.0572 GFlop/s     (523.7572 GFlop/s per process)    1%    3552.4 sec left
CG set 63 / 4710    4189.8093 GFlop/s     (523.7262 GFlop/s per process)    1%    3551.6 sec left
CG set 64 / 4710    4189.0214 GFlop/s     (523.6277 GFlop/s per process)    1%    3550.8 sec left
CG set 65 / 4710    4188.4602 GFlop/s     (523.5575 GFlop/s per process)    1%    3550.0 sec left
CG set 66 / 4710    4187.9416 GFlop/s     (523.4927 GFlop/s per process)    1%    3549.3 sec left
CG set 67 / 4710    4187.7775 GFlop/s     (523.4722 GFlop/s per process)    1%    3548.5 sec left
CG set 68 / 4710    4187.3860 GFlop/s     (523.4233 GFlop/s per process)    1%    3547.7 sec left
CG set 69 / 4710    4187.1171 GFlop/s     (523.3896 GFlop/s per process)    1%    3546.9 sec left
CG set 70 / 4710    4186.9443 GFlop/s     (523.3680 GFlop/s per process)    1%    3546.2 sec left
CG set 71 / 4710    4186.2961 GFlop/s     (523.2870 GFlop/s per process)    1%    3545.4 sec left
CG set 72 / 4710    4185.9859 GFlop/s     (523.2482 GFlop/s per process)    1%    3544.6 sec left
CG set 73 / 4710    4185.7234 GFlop/s     (523.2154 GFlop/s per process)    1%    3543.8 sec left
CG set 74 / 4710    4185.3774 GFlop/s     (523.1722 GFlop/s per process)    1%    3543.1 sec left
CG set 75 / 4710    4185.1005 GFlop/s     (523.1376 GFlop/s per process)    1%    3542.3 sec left
CG set 76 / 4710    4185.0296 GFlop/s     (523.1287 GFlop/s per process)    1%    3541.5 sec left
CG set 77 / 4710    4184.8896 GFlop/s     (523.1112 GFlop/s per process)    1%    3540.8 sec left
CG set 78 / 4710    4184.7391 GFlop/s     (523.0924 GFlop/s per process)    1%    3540.0 sec left
CG set 79 / 4710    4184.3530 GFlop/s     (523.0441 GFlop/s per process)    1%    3539.2 sec left
CG set 80 / 4710    4184.1935 GFlop/s     (523.0242 GFlop/s per process)    1%    3538.4 sec left
CG set 81 / 4710    4183.9314 GFlop/s     (522.9914 GFlop/s per process)    1%    3537.7 sec left
CG set 82 / 4710    4183.8298 GFlop/s     (522.9787 GFlop/s per process)    1%    3536.9 sec left
CG set 83 / 4710    4183.8389 GFlop/s     (522.9799 GFlop/s per process)    1%    3536.1 sec left
CG set 84 / 4710    4183.8373 GFlop/s     (522.9797 GFlop/s per process)    1%    3535.4 sec left
CG set 85 / 4710    4183.5800 GFlop/s     (522.9475 GFlop/s per process)    1%    3534.6 sec left
CG set 86 / 4710    4183.4218 GFlop/s     (522.9277 GFlop/s per process)    1%    3533.8 sec left
CG set 87 / 4710    4183.4693 GFlop/s     (522.9337 GFlop/s per process)    1%    3533.0 sec left
CG set 88 / 4710    4183.4233 GFlop/s     (522.9279 GFlop/s per process)    1%    3532.3 sec left
CG set 89 / 4710    4183.1241 GFlop/s     (522.8905 GFlop/s per process)    1%    3531.5 sec left
CG set 90 / 4710    4183.0625 GFlop/s     (522.8828 GFlop/s per process)    1%    3530.7 sec left
CG set 91 / 4710    4183.1539 GFlop/s     (522.8942 GFlop/s per process)    1%    3530.0 sec left
CG set 92 / 4710    4183.1275 GFlop/s     (522.8909 GFlop/s per process)    1%    3529.2 sec left
CG set 93 / 4710    4182.9713 GFlop/s     (522.8714 GFlop/s per process)    1%    3528.4 sec left
CG set 94 / 4710    4182.9576 GFlop/s     (522.8697 GFlop/s per process)    1%    3527.6 sec left
CG set 95 / 4710    4183.0259 GFlop/s     (522.8782 GFlop/s per process)    2%    3526.9 sec left
CG set 96 / 4710    4182.7902 GFlop/s     (522.8488 GFlop/s per process)    2%    3526.1 sec left
CG set 97 / 4710    4182.4372 GFlop/s     (522.8047 GFlop/s per process)    2%    3525.3 sec left
CG set 98 / 4710    4182.1371 GFlop/s     (522.7671 GFlop/s per process)    2%    3524.5 sec left
CG set 99 / 4710    4181.8436 GFlop/s     (522.7304 GFlop/s per process)    2%    3523.8 sec left
CG set 100 / 4710    4181.5694 GFlop/s     (522.6962 GFlop/s per process)    2%    3523.0 sec left
CG set 101 / 4710    4181.4275 GFlop/s     (522.6784 GFlop/s per process)    2%    3522.2 sec left
CG set 102 / 4710    4181.3353 GFlop/s     (522.6669 GFlop/s per process)    2%    3521.5 sec left
CG set 103 / 4710    4181.1756 GFlop/s     (522.6470 GFlop/s per process)    2%    3520.7 sec left
CG set 104 / 4710    4180.7772 GFlop/s     (522.5972 GFlop/s per process)    2%    3519.9 sec left
CG set 105 / 4710    4180.4653 GFlop/s     (522.5582 GFlop/s per process)    2%    3519.1 sec left
CG set 106 / 4710    4180.2156 GFlop/s     (522.5269 GFlop/s per process)    2%    3518.3 sec left
CG set 107 / 4710    4179.9706 GFlop/s     (522.4963 GFlop/s per process)    2%    3517.6 sec left
CG set 108 / 4710    4179.7775 GFlop/s     (522.4722 GFlop/s per process)    2%    3516.8 sec left
CG set 109 / 4710    4179.5192 GFlop/s     (522.4399 GFlop/s per process)    2%    3516.0 sec left
CG set 110 / 4710    4179.4257 GFlop/s     (522.4282 GFlop/s per process)    2%    3515.3 sec left
CG set 111 / 4710    4179.1366 GFlop/s     (522.3921 GFlop/s per process)    2%    3514.5 sec left
CG set 112 / 4710    4178.9107 GFlop/s     (522.3638 GFlop/s per process)    2%    3513.7 sec left
CG set 113 / 4710    4178.7436 GFlop/s     (522.3429 GFlop/s per process)    2%    3512.9 sec left
CG set 114 / 4710    4178.5928 GFlop/s     (522.3241 GFlop/s per process)    2%    3512.2 sec left
CG set 115 / 4710    4178.5748 GFlop/s     (522.3218 GFlop/s per process)    2%    3511.4 sec left
CG set 116 / 4710    4178.4684 GFlop/s     (522.3086 GFlop/s per process)    2%    3510.6 sec left
CG set 117 / 4710    4178.3372 GFlop/s     (522.2922 GFlop/s per process)    2%    3509.8 sec left
CG set 118 / 4710    4178.2983 GFlop/s     (522.2873 GFlop/s per process)    2%    3509.1 sec left
CG set 119 / 4710    4178.2034 GFlop/s     (522.2754 GFlop/s per process)    2%    3508.3 sec left
CG set 120 / 4710    4178.0670 GFlop/s     (522.2584 GFlop/s per process)    2%    3507.5 sec left
CG set 121 / 4710    4177.8751 GFlop/s     (522.2344 GFlop/s per process)    2%    3506.7 sec left
CG set 122 / 4710    4177.7463 GFlop/s     (522.2183 GFlop/s per process)    2%    3506.0 sec left
CG set 123 / 4710    4177.5798 GFlop/s     (522.1975 GFlop/s per process)    2%    3505.2 sec left
CG set 124 / 4710    4177.5912 GFlop/s     (522.1989 GFlop/s per process)    2%    3504.4 sec left
CG set 125 / 4710    4177.5407 GFlop/s     (522.1926 GFlop/s per process)    2%    3503.7 sec left
CG set 126 / 4710    4177.5432 GFlop/s     (522.1929 GFlop/s per process)    2%    3502.9 sec left
CG set 127 / 4710    4177.4281 GFlop/s     (522.1785 GFlop/s per process)    2%    3502.1 sec left
CG set 128 / 4710    4177.1764 GFlop/s     (522.1471 GFlop/s per process)    2%    3501.3 sec left
CG set 129 / 4710    4176.7576 GFlop/s     (522.0947 GFlop/s per process)    2%    3500.5 sec left
CG set 130 / 4710    4176.3926 GFlop/s     (522.0491 GFlop/s per process)    2%    3499.8 sec left
CG set 131 / 4710    4176.0997 GFlop/s     (522.0125 GFlop/s per process)    2%    3499.0 sec left
CG set 132 / 4710    4175.8992 GFlop/s     (521.9874 GFlop/s per process)    2%    3498.2 sec left
CG set 133 / 4710    4175.7260 GFlop/s     (521.9658 GFlop/s per process)    2%    3497.4 sec left
CG set 134 / 4710    4175.6687 GFlop/s     (521.9586 GFlop/s per process)    2%    3496.7 sec left
CG set 135 / 4710    4175.3235 GFlop/s     (521.9154 GFlop/s per process)    2%    3495.9 sec left
CG set 136 / 4710    4175.0285 GFlop/s     (521.8786 GFlop/s per process)    2%    3495.1 sec left
CG set 137 / 4710    4174.6699 GFlop/s     (521.8337 GFlop/s per process)    2%    3494.3 sec left
CG set 138 / 4710    4174.4328 GFlop/s     (521.8041 GFlop/s per process)    2%    3493.5 sec left
CG set 139 / 4710    4174.1745 GFlop/s     (521.7718 GFlop/s per process)    2%    3492.8 sec left
CG set 140 / 4710    4173.8779 GFlop/s     (521.7347 GFlop/s per process)    2%    3492.0 sec left
CG set 141 / 4710    4173.5905 GFlop/s     (521.6988 GFlop/s per process)    2%    3491.2 sec left
CG set 142 / 4710    4173.3775 GFlop/s     (521.6722 GFlop/s per process)    3%    3490.4 sec left
CG set 143 / 4710    4173.1247 GFlop/s     (521.6406 GFlop/s per process)    3%    3489.7 sec left
CG set 144 / 4710    4172.8827 GFlop/s     (521.6103 GFlop/s per process)    3%    3488.9 sec left
CG set 145 / 4710    4172.7518 GFlop/s     (521.5940 GFlop/s per process)    3%    3488.1 sec left
CG set 146 / 4710    4172.5246 GFlop/s     (521.5656 GFlop/s per process)    3%    3487.3 sec left
CG set 147 / 4710    4172.3530 GFlop/s     (521.5441 GFlop/s per process)    3%    3486.5 sec left
CG set 148 / 4710    4172.2512 GFlop/s     (521.5314 GFlop/s per process)    3%    3485.8 sec left
CG set 149 / 4710    4172.1302 GFlop/s     (521.5163 GFlop/s per process)    3%    3485.0 sec left
CG set 150 / 4710    4171.9198 GFlop/s     (521.4900 GFlop/s per process)    3%    3484.2 sec left
CG set 151 / 4710    4171.5757 GFlop/s     (521.4470 GFlop/s per process)    3%    3483.4 sec left
CG set 152 / 4710    4171.3981 GFlop/s     (521.4248 GFlop/s per process)    3%    3482.7 sec left
CG set 153 / 4710    4171.1914 GFlop/s     (521.3989 GFlop/s per process)    3%    3481.9 sec left
CG set 154 / 4710    4170.8986 GFlop/s     (521.3623 GFlop/s per process)    3%    3481.1 sec left
CG set 155 / 4710    4170.7979 GFlop/s     (521.3497 GFlop/s per process)    3%    3480.3 sec left
CG set 156 / 4710    4170.7038 GFlop/s     (521.3380 GFlop/s per process)    3%    3479.6 sec left
CG set 157 / 4710    4170.5627 GFlop/s     (521.3203 GFlop/s per process)    3%    3478.8 sec left
CG set 158 / 4710    4170.3635 GFlop/s     (521.2954 GFlop/s per process)    3%    3478.0 sec left
CG set 159 / 4710    4170.3060 GFlop/s     (521.2882 GFlop/s per process)    3%    3477.2 sec left
CG set 160 / 4710    4170.0484 GFlop/s     (521.2561 GFlop/s per process)    3%    3476.4 sec left
CG set 161 / 4710    4169.6783 GFlop/s     (521.2098 GFlop/s per process)    3%    3475.7 sec left
CG set 162 / 4710    4169.4282 GFlop/s     (521.1785 GFlop/s per process)    3%    3474.9 sec left
CG set 163 / 4710    4169.0860 GFlop/s     (521.1358 GFlop/s per process)    3%    3474.1 sec left
CG set 164 / 4710    4168.9174 GFlop/s     (521.1147 GFlop/s per process)    3%    3473.3 sec left
CG set 165 / 4710    4168.7920 GFlop/s     (521.0990 GFlop/s per process)    3%    3472.5 sec left
CG set 166 / 4710    4168.6684 GFlop/s     (521.0835 GFlop/s per process)    3%    3471.8 sec left
CG set 167 / 4710    4168.4186 GFlop/s     (521.0523 GFlop/s per process)    3%    3471.0 sec left
CG set 168 / 4710    4168.1127 GFlop/s     (521.0141 GFlop/s per process)    3%    3470.2 sec left
CG set 169 / 4710    4167.8268 GFlop/s     (520.9783 GFlop/s per process)    3%    3469.4 sec left
CG set 170 / 4710    4167.6222 GFlop/s     (520.9528 GFlop/s per process)    3%    3468.6 sec left
CG set 171 / 4710    4167.3647 GFlop/s     (520.9206 GFlop/s per process)    3%    3467.9 sec left
CG set 172 / 4710    4167.0191 GFlop/s     (520.8774 GFlop/s per process)    3%    3467.1 sec left
CG set 173 / 4710    4166.8170 GFlop/s     (520.8521 GFlop/s per process)    3%    3466.3 sec left
CG set 174 / 4710    4166.5692 GFlop/s     (520.8211 GFlop/s per process)    3%    3465.5 sec left
CG set 175 / 4710    4166.4003 GFlop/s     (520.8000 GFlop/s per process)    3%    3464.7 sec left
CG set 176 / 4710    4166.0942 GFlop/s     (520.7618 GFlop/s per process)    3%    3464.0 sec left
CG set 177 / 4710    4165.8368 GFlop/s     (520.7296 GFlop/s per process)    3%    3463.2 sec left
CG set 178 / 4710    4165.7198 GFlop/s     (520.7150 GFlop/s per process)    3%    3462.4 sec left
CG set 179 / 4710    4165.5668 GFlop/s     (520.6959 GFlop/s per process)    3%    3461.6 sec left
CG set 180 / 4710    4165.4848 GFlop/s     (520.6856 GFlop/s per process)    3%    3460.8 sec left
CG set 181 / 4710    4165.4031 GFlop/s     (520.6754 GFlop/s per process)    3%    3460.1 sec left
CG set 182 / 4710    4165.2020 GFlop/s     (520.6503 GFlop/s per process)    3%    3459.3 sec left
CG set 183 / 4710    4164.9888 GFlop/s     (520.6236 GFlop/s per process)    3%    3458.5 sec left
CG set 184 / 4710    4164.8414 GFlop/s     (520.6052 GFlop/s per process)    3%    3457.7 sec left
CG set 185 / 4710    4164.6525 GFlop/s     (520.5816 GFlop/s per process)    3%    3457.0 sec left
CG set 186 / 4710    4164.3966 GFlop/s     (520.5496 GFlop/s per process)    3%    3456.2 sec left
CG set 187 / 4710    4164.2681 GFlop/s     (520.5335 GFlop/s per process)    3%    3455.4 sec left
CG set 188 / 4710    4164.1385 GFlop/s     (520.5173 GFlop/s per process)    3%    3454.6 sec left
CG set 189 / 4710    4164.0344 GFlop/s     (520.5043 GFlop/s per process)    4%    3453.8 sec left
CG set 190 / 4710    4163.9590 GFlop/s     (520.4949 GFlop/s per process)    4%    3453.1 sec left
CG set 191 / 4710    4163.9064 GFlop/s     (520.4883 GFlop/s per process)    4%    3452.3 sec left
CG set 192 / 4710    4163.7453 GFlop/s     (520.4682 GFlop/s per process)    4%    3451.5 sec left
CG set 193 / 4710    4163.4931 GFlop/s     (520.4366 GFlop/s per process)    4%    3450.7 sec left
CG set 194 / 4710    4163.1639 GFlop/s     (520.3955 GFlop/s per process)    4%    3449.9 sec left
CG set 195 / 4710    4162.9134 GFlop/s     (520.3642 GFlop/s per process)    4%    3449.2 sec left
CG set 196 / 4710    4162.7709 GFlop/s     (520.3464 GFlop/s per process)    4%    3448.4 sec left
CG set 197 / 4710    4162.6993 GFlop/s     (520.3374 GFlop/s per process)    4%    3447.6 sec left
CG set 198 / 4710    4162.5928 GFlop/s     (520.3241 GFlop/s per process)    4%    3446.8 sec left
CG set 199 / 4710    4162.4543 GFlop/s     (520.3068 GFlop/s per process)    4%    3446.0 sec left
CG set 200 / 4710    4162.2230 GFlop/s     (520.2779 GFlop/s per process)    4%    3445.3 sec left
CG set 201 / 4710    4161.9033 GFlop/s     (520.2379 GFlop/s per process)    4%    3444.5 sec left
CG set 202 / 4710    4161.7422 GFlop/s     (520.2178 GFlop/s per process)    4%    3443.7 sec left
CG set 203 / 4710    4161.6223 GFlop/s     (520.2028 GFlop/s per process)    4%    3442.9 sec left
CG set 204 / 4710    4161.3615 GFlop/s     (520.1702 GFlop/s per process)    4%    3442.1 sec left
CG set 205 / 4710    4161.2052 GFlop/s     (520.1506 GFlop/s per process)    4%    3441.4 sec left
CG set 206 / 4710    4161.0606 GFlop/s     (520.1326 GFlop/s per process)    4%    3440.6 sec left
CG set 207 / 4710    4160.8878 GFlop/s     (520.1110 GFlop/s per process)    4%    3439.8 sec left
CG set 208 / 4710    4160.6898 GFlop/s     (520.0862 GFlop/s per process)    4%    3439.0 sec left
CG set 209 / 4710    4160.5671 GFlop/s     (520.0709 GFlop/s per process)    4%    3438.2 sec left
CG set 210 / 4710    4160.5082 GFlop/s     (520.0635 GFlop/s per process)    4%    3437.5 sec left
CG set 211 / 4710    4160.4481 GFlop/s     (520.0560 GFlop/s per process)    4%    3436.7 sec left
CG set 212 / 4710    4160.3823 GFlop/s     (520.0478 GFlop/s per process)    4%    3435.9 sec left
CG set 213 / 4710    4160.2683 GFlop/s     (520.0335 GFlop/s per process)    4%    3435.1 sec left
CG set 214 / 4710    4160.1084 GFlop/s     (520.0136 GFlop/s per process)    4%    3434.3 sec left
CG set 215 / 4710    4159.9791 GFlop/s     (519.9974 GFlop/s per process)    4%    3433.6 sec left
CG set 216 / 4710    4159.9190 GFlop/s     (519.9899 GFlop/s per process)    4%    3432.8 sec left
CG set 217 / 4710    4159.7569 GFlop/s     (519.9696 GFlop/s per process)    4%    3432.0 sec left
CG set 218 / 4710    4159.4649 GFlop/s     (519.9331 GFlop/s per process)    4%    3431.2 sec left
CG set 219 / 4710    4159.3232 GFlop/s     (519.9154 GFlop/s per process)    4%    3430.4 sec left
CG set 220 / 4710    4159.2279 GFlop/s     (519.9035 GFlop/s per process)    4%    3429.7 sec left
CG set 221 / 4710    4159.1100 GFlop/s     (519.8887 GFlop/s per process)    4%    3428.9 sec left
CG set 222 / 4710    4159.0076 GFlop/s     (519.8760 GFlop/s per process)    4%    3428.1 sec left
CG set 223 / 4710    4158.8652 GFlop/s     (519.8581 GFlop/s per process)    4%    3427.3 sec left
CG set 224 / 4710    4158.7117 GFlop/s     (519.8390 GFlop/s per process)    4%    3426.5 sec left
CG set 225 / 4710    4158.4868 GFlop/s     (519.8109 GFlop/s per process)    4%    3425.8 sec left
CG set 226 / 4710    4158.2378 GFlop/s     (519.7797 GFlop/s per process)    4%    3425.0 sec left
CG set 227 / 4710    4158.0151 GFlop/s     (519.7519 GFlop/s per process)    4%    3424.2 sec left
CG set 228 / 4710    4157.8791 GFlop/s     (519.7349 GFlop/s per process)    4%    3423.4 sec left
CG set 229 / 4710    4157.7396 GFlop/s     (519.7175 GFlop/s per process)    4%    3422.6 sec left
CG set 230 / 4710    4157.6968 GFlop/s     (519.7121 GFlop/s per process)    4%    3421.9 sec left
CG set 231 / 4710    4157.5681 GFlop/s     (519.6960 GFlop/s per process)    4%    3421.1 sec left
CG set 232 / 4710    4157.3078 GFlop/s     (519.6635 GFlop/s per process)    4%    3420.3 sec left
CG set 233 / 4710    4157.0873 GFlop/s     (519.6359 GFlop/s per process)    4%    3419.5 sec left
CG set 234 / 4710    4156.9314 GFlop/s     (519.6164 GFlop/s per process)    4%    3418.7 sec left
CG set 235 / 4710    4156.7352 GFlop/s     (519.5919 GFlop/s per process)    4%    3417.9 sec left
CG set 236 / 4710    4156.5581 GFlop/s     (519.5698 GFlop/s per process)    5%    3417.2 sec left
CG set 237 / 4710    4156.4298 GFlop/s     (519.5537 GFlop/s per process)    5%    3416.4 sec left
CG set 238 / 4710    4156.3198 GFlop/s     (519.5400 GFlop/s per process)    5%    3415.6 sec left
CG set 239 / 4710    4156.2093 GFlop/s     (519.5262 GFlop/s per process)    5%    3414.8 sec left
CG set 240 / 4710    4156.1106 GFlop/s     (519.5138 GFlop/s per process)    5%    3414.0 sec left
CG set 241 / 4710    4156.0040 GFlop/s     (519.5005 GFlop/s per process)    5%    3413.3 sec left
CG set 242 / 4710    4155.8950 GFlop/s     (519.4869 GFlop/s per process)    5%    3412.5 sec left
CG set 243 / 4710    4155.8366 GFlop/s     (519.4796 GFlop/s per process)    5%    3411.7 sec left
CG set 244 / 4710    4155.7757 GFlop/s     (519.4720 GFlop/s per process)    5%    3410.9 sec left
CG set 245 / 4710    4155.7305 GFlop/s     (519.4663 GFlop/s per process)    5%    3410.1 sec left
CG set 246 / 4710    4155.5823 GFlop/s     (519.4478 GFlop/s per process)    5%    3409.4 sec left
CG set 247 / 4710    4155.4383 GFlop/s     (519.4298 GFlop/s per process)    5%    3408.6 sec left
CG set 248 / 4710    4155.3560 GFlop/s     (519.4195 GFlop/s per process)    5%    3407.8 sec left
CG set 249 / 4710    4155.1044 GFlop/s     (519.3880 GFlop/s per process)    5%    3407.0 sec left
CG set 250 / 4710    4154.8426 GFlop/s     (519.3553 GFlop/s per process)    5%    3406.2 sec left
CG set 251 / 4710    4154.6811 GFlop/s     (519.3351 GFlop/s per process)    5%    3405.4 sec left
CG set 252 / 4710    4154.4592 GFlop/s     (519.3074 GFlop/s per process)    5%    3404.7 sec left
CG set 253 / 4710    4154.3612 GFlop/s     (519.2952 GFlop/s per process)    5%    3403.9 sec left
CG set 254 / 4710    4154.2663 GFlop/s     (519.2833 GFlop/s per process)    5%    3403.1 sec left
CG set 255 / 4710    4154.2387 GFlop/s     (519.2798 GFlop/s per process)    5%    3402.3 sec left
CG set 256 / 4710    4154.1351 GFlop/s     (519.2669 GFlop/s per process)    5%    3401.5 sec left
CG set 257 / 4710    4153.9680 GFlop/s     (519.2460 GFlop/s per process)    5%    3400.8 sec left
CG set 258 / 4710    4153.7690 GFlop/s     (519.2211 GFlop/s per process)    5%    3400.0 sec left
CG set 259 / 4710    4153.5762 GFlop/s     (519.1970 GFlop/s per process)    5%    3399.2 sec left
CG set 260 / 4710    4153.4668 GFlop/s     (519.1834 GFlop/s per process)    5%    3398.4 sec left
CG set 261 / 4710    4153.3363 GFlop/s     (519.1670 GFlop/s per process)    5%    3397.6 sec left
CG set 262 / 4710    4153.2510 GFlop/s     (519.1564 GFlop/s per process)    5%    3396.8 sec left
CG set 263 / 4710    4153.1605 GFlop/s     (519.1451 GFlop/s per process)    5%    3396.1 sec left
CG set 264 / 4710    4152.9478 GFlop/s     (519.1185 GFlop/s per process)    5%    3395.3 sec left
CG set 265 / 4710    4152.7144 GFlop/s     (519.0893 GFlop/s per process)    5%    3394.5 sec left
CG set 266 / 4710    4152.5665 GFlop/s     (519.0708 GFlop/s per process)    5%    3393.7 sec left
CG set 267 / 4710    4152.3931 GFlop/s     (519.0491 GFlop/s per process)    5%    3392.9 sec left
CG set 268 / 4710    4152.2163 GFlop/s     (519.0270 GFlop/s per process)    5%    3392.1 sec left
CG set 269 / 4710    4152.0685 GFlop/s     (519.0086 GFlop/s per process)    5%    3391.4 sec left
CG set 270 / 4710    4151.9715 GFlop/s     (518.9964 GFlop/s per process)    5%    3390.6 sec left
CG set 271 / 4710    4151.8617 GFlop/s     (518.9827 GFlop/s per process)    5%    3389.8 sec left
CG set 272 / 4710    4151.6799 GFlop/s     (518.9600 GFlop/s per process)    5%    3389.0 sec left
CG set 273 / 4710    4151.5625 GFlop/s     (518.9453 GFlop/s per process)    5%    3388.2 sec left
CG set 274 / 4710    4151.4309 GFlop/s     (518.9289 GFlop/s per process)    5%    3387.4 sec left
CG set 275 / 4710    4151.3650 GFlop/s     (518.9206 GFlop/s per process)    5%    3386.7 sec left
CG set 276 / 4710    4151.2667 GFlop/s     (518.9083 GFlop/s per process)    5%    3385.9 sec left
CG set 277 / 4710    4151.1607 GFlop/s     (518.8951 GFlop/s per process)    5%    3385.1 sec left
CG set 278 / 4710    4151.0429 GFlop/s     (518.8804 GFlop/s per process)    5%    3384.3 sec left
CG set 279 / 4710    4150.8662 GFlop/s     (518.8583 GFlop/s per process)    5%    3383.5 sec left
CG set 280 / 4710    4150.8109 GFlop/s     (518.8514 GFlop/s per process)    5%    3382.8 sec left
CG set 281 / 4710    4150.6450 GFlop/s     (518.8306 GFlop/s per process)    5%    3382.0 sec left
CG set 282 / 4710    4150.3448 GFlop/s     (518.7931 GFlop/s per process)    5%    3381.2 sec left
CG set 283 / 4710    4150.2370 GFlop/s     (518.7796 GFlop/s per process)    6%    3380.4 sec left
CG set 284 / 4710    4150.2135 GFlop/s     (518.7767 GFlop/s per process)    6%    3379.6 sec left
CG set 285 / 4710    4150.1443 GFlop/s     (518.7680 GFlop/s per process)    6%    3378.8 sec left
CG set 286 / 4710    4150.0442 GFlop/s     (518.7555 GFlop/s per process)    6%    3378.1 sec left
CG set 287 / 4710    4150.0167 GFlop/s     (518.7521 GFlop/s per process)    6%    3377.3 sec left
CG set 288 / 4710    4149.9573 GFlop/s     (518.7447 GFlop/s per process)    6%    3376.5 sec left
CG set 289 / 4710    4149.8319 GFlop/s     (518.7290 GFlop/s per process)    6%    3375.7 sec left
CG set 290 / 4710    4149.6737 GFlop/s     (518.7092 GFlop/s per process)    6%    3374.9 sec left
CG set 291 / 4710    4149.5093 GFlop/s     (518.6887 GFlop/s per process)    6%    3374.2 sec left
CG set 292 / 4710    4149.3964 GFlop/s     (518.6746 GFlop/s per process)    6%    3373.4 sec left
CG set 293 / 4710    4149.3261 GFlop/s     (518.6658 GFlop/s per process)    6%    3372.6 sec left
CG set 294 / 4710    4149.2512 GFlop/s     (518.6564 GFlop/s per process)    6%    3371.8 sec left
CG set 295 / 4710    4149.2287 GFlop/s     (518.6536 GFlop/s per process)    6%    3371.0 sec left
CG set 296 / 4710    4149.0972 GFlop/s     (518.6371 GFlop/s per process)    6%    3370.3 sec left
CG set 297 / 4710    4148.9496 GFlop/s     (518.6187 GFlop/s per process)    6%    3369.5 sec left
CG set 298 / 4710    4148.8198 GFlop/s     (518.6025 GFlop/s per process)    6%    3368.7 sec left
CG set 299 / 4710    4148.7306 GFlop/s     (518.5913 GFlop/s per process)    6%    3367.9 sec left
CG set 300 / 4710    4148.5563 GFlop/s     (518.5695 GFlop/s per process)    6%    3367.1 sec left
CG set 301 / 4710    4148.4506 GFlop/s     (518.5563 GFlop/s per process)    6%    3366.3 sec left
CG set 302 / 4710    4148.3713 GFlop/s     (518.5464 GFlop/s per process)    6%    3365.6 sec left
CG set 303 / 4710    4148.2492 GFlop/s     (518.5311 GFlop/s per process)    6%    3364.8 sec left
CG set 304 / 4710    4148.1063 GFlop/s     (518.5133 GFlop/s per process)    6%    3364.0 sec left
CG set 305 / 4710    4148.0159 GFlop/s     (518.5020 GFlop/s per process)    6%    3363.2 sec left
CG set 306 / 4710    4147.9260 GFlop/s     (518.4907 GFlop/s per process)    6%    3362.4 sec left
CG set 307 / 4710    4147.8702 GFlop/s     (518.4838 GFlop/s per process)    6%    3361.6 sec left
CG set 308 / 4710    4147.7799 GFlop/s     (518.4725 GFlop/s per process)    6%    3360.9 sec left
CG set 309 / 4710    4147.6839 GFlop/s     (518.4605 GFlop/s per process)    6%    3360.1 sec left
CG set 310 / 4710    4147.6231 GFlop/s     (518.4529 GFlop/s per process)    6%    3359.3 sec left
CG set 311 / 4710    4147.4374 GFlop/s     (518.4297 GFlop/s per process)    6%    3358.5 sec left
CG set 312 / 4710    4147.3796 GFlop/s     (518.4225 GFlop/s per process)    6%    3357.7 sec left
CG set 313 / 4710    4147.2315 GFlop/s     (518.4039 GFlop/s per process)    6%    3356.9 sec left
CG set 314 / 4710    4147.0512 GFlop/s     (518.3814 GFlop/s per process)    6%    3356.2 sec left
CG set 315 / 4710    4146.9831 GFlop/s     (518.3729 GFlop/s per process)    6%    3355.4 sec left
CG set 316 / 4710    4146.9367 GFlop/s     (518.3671 GFlop/s per process)    6%    3354.6 sec left
CG set 317 / 4710    4146.8627 GFlop/s     (518.3578 GFlop/s per process)    6%    3353.8 sec left
CG set 318 / 4710    4146.8286 GFlop/s     (518.3536 GFlop/s per process)    6%    3353.0 sec left
CG set 319 / 4710    4146.7772 GFlop/s     (518.3471 GFlop/s per process)    6%    3352.3 sec left
CG set 320 / 4710    4146.6843 GFlop/s     (518.3355 GFlop/s per process)    6%    3351.5 sec left
CG set 321 / 4710    4146.5345 GFlop/s     (518.3168 GFlop/s per process)    6%    3350.7 sec left
CG set 322 / 4710    4146.4235 GFlop/s     (518.3029 GFlop/s per process)    6%    3349.9 sec left
CG set 323 / 4710    4146.2637 GFlop/s     (518.2830 GFlop/s per process)    6%    3349.1 sec left
CG set 324 / 4710    4146.1792 GFlop/s     (518.2724 GFlop/s per process)    6%    3348.3 sec left
CG set 325 / 4710    4146.1634 GFlop/s     (518.2704 GFlop/s per process)    6%    3347.6 sec left
CG set 326 / 4710    4146.1173 GFlop/s     (518.2647 GFlop/s per process)    6%    3346.8 sec left
CG set 327 / 4710    4146.0540 GFlop/s     (518.2568 GFlop/s per process)    6%    3346.0 sec left
CG set 328 / 4710    4145.9196 GFlop/s     (518.2400 GFlop/s per process)    6%    3345.2 sec left
CG set 329 / 4710    4145.7845 GFlop/s     (518.2231 GFlop/s per process)    6%    3344.4 sec left
CG set 330 / 4710    4145.6781 GFlop/s     (518.2098 GFlop/s per process)    7%    3343.6 sec left
CG set 331 / 4710    4145.6078 GFlop/s     (518.2010 GFlop/s per process)    7%    3342.9 sec left
CG set 332 / 4710    4145.5047 GFlop/s     (518.1881 GFlop/s per process)    7%    3342.1 sec left
CG set 333 / 4710    4145.3238 GFlop/s     (518.1655 GFlop/s per process)    7%    3341.3 sec left
CG set 334 / 4710    4145.2366 GFlop/s     (518.1546 GFlop/s per process)    7%    3340.5 sec left
CG set 335 / 4710    4145.1379 GFlop/s     (518.1422 GFlop/s per process)    7%    3339.7 sec left
CG set 336 / 4710    4145.0364 GFlop/s     (518.1295 GFlop/s per process)    7%    3338.9 sec left
CG set 337 / 4710    4144.9463 GFlop/s     (518.1183 GFlop/s per process)    7%    3338.2 sec left
CG set 338 / 4710    4144.8898 GFlop/s     (518.1112 GFlop/s per process)    7%    3337.4 sec left
CG set 339 / 4710    4144.8507 GFlop/s     (518.1063 GFlop/s per process)    7%    3336.6 sec left
CG set 340 / 4710    4144.8496 GFlop/s     (518.1062 GFlop/s per process)    7%    3335.8 sec left
CG set 341 / 4710    4144.8384 GFlop/s     (518.1048 GFlop/s per process)    7%    3335.0 sec left
CG set 342 / 4710    4144.7222 GFlop/s     (518.0903 GFlop/s per process)    7%    3334.3 sec left
CG set 343 / 4710    4144.5928 GFlop/s     (518.0741 GFlop/s per process)    7%    3333.5 sec left
CG set 344 / 4710    4144.5188 GFlop/s     (518.0648 GFlop/s per process)    7%    3332.7 sec left
CG set 345 / 4710    4144.3511 GFlop/s     (518.0439 GFlop/s per process)    7%    3331.9 sec left
CG set 346 / 4710    4144.1593 GFlop/s     (518.0199 GFlop/s per process)    7%    3331.1 sec left
CG set 347 / 4710    4144.1115 GFlop/s     (518.0139 GFlop/s per process)    7%    3330.3 sec left
CG set 348 / 4710    4144.0675 GFlop/s     (518.0084 GFlop/s per process)    7%    3329.6 sec left
CG set 349 / 4710    4144.0388 GFlop/s     (518.0048 GFlop/s per process)    7%    3328.8 sec left
CG set 350 / 4710    4143.9859 GFlop/s     (517.9982 GFlop/s per process)    7%    3328.0 sec left
CG set 351 / 4710    4143.8802 GFlop/s     (517.9850 GFlop/s per process)    7%    3327.2 sec left
CG set 352 / 4710    4143.7787 GFlop/s     (517.9723 GFlop/s per process)    7%    3326.4 sec left
CG set 353 / 4710    4143.6800 GFlop/s     (517.9600 GFlop/s per process)    7%    3325.6 sec left
CG set 354 / 4710    4143.5664 GFlop/s     (517.9458 GFlop/s per process)    7%    3324.9 sec left
CG set 355 / 4710    4143.4332 GFlop/s     (517.9292 GFlop/s per process)    7%    3324.1 sec left
CG set 356 / 4710    4143.3071 GFlop/s     (517.9134 GFlop/s per process)    7%    3323.3 sec left
CG set 357 / 4710    4143.2835 GFlop/s     (517.9104 GFlop/s per process)    7%    3322.5 sec left
CG set 358 / 4710    4143.2333 GFlop/s     (517.9042 GFlop/s per process)    7%    3321.7 sec left
CG set 359 / 4710    4143.1942 GFlop/s     (517.8993 GFlop/s per process)    7%    3320.9 sec left
CG set 360 / 4710    4143.0569 GFlop/s     (517.8821 GFlop/s per process)    7%    3320.2 sec left
CG set 361 / 4710    4142.9145 GFlop/s     (517.8643 GFlop/s per process)    7%    3319.4 sec left
CG set 362 / 4710    4142.8289 GFlop/s     (517.8536 GFlop/s per process)    7%    3318.6 sec left
CG set 363 / 4710    4142.7332 GFlop/s     (517.8416 GFlop/s per process)    7%    3317.8 sec left
CG set 364 / 4710    4142.6417 GFlop/s     (517.8302 GFlop/s per process)    7%    3317.0 sec left
CG set 365 / 4710    4142.5292 GFlop/s     (517.8162 GFlop/s per process)    7%    3316.2 sec left
CG set 366 / 4710    4142.4303 GFlop/s     (517.8038 GFlop/s per process)    7%    3315.5 sec left
CG set 367 / 4710    4142.3567 GFlop/s     (517.7946 GFlop/s per process)    7%    3314.7 sec left
CG set 368 / 4710    4142.2369 GFlop/s     (517.7796 GFlop/s per process)    7%    3313.9 sec left
CG set 369 / 4710    4142.1580 GFlop/s     (517.7697 GFlop/s per process)    7%    3313.1 sec left
CG set 370 / 4710    4142.0997 GFlop/s     (517.7625 GFlop/s per process)    7%    3312.3 sec left
CG set 371 / 4710    4142.0000 GFlop/s     (517.7500 GFlop/s per process)    7%    3311.5 sec left
CG set 372 / 4710    4141.9536 GFlop/s     (517.7442 GFlop/s per process)    7%    3310.8 sec left
CG set 373 / 4710    4141.8999 GFlop/s     (517.7375 GFlop/s per process)    7%    3310.0 sec left
CG set 374 / 4710    4141.8028 GFlop/s     (517.7254 GFlop/s per process)    7%    3309.2 sec left
CG set 375 / 4710    4141.6949 GFlop/s     (517.7119 GFlop/s per process)    7%    3308.4 sec left
CG set 376 / 4710    4141.6289 GFlop/s     (517.7036 GFlop/s per process)    7%    3307.6 sec left
CG set 377 / 4710    4141.5159 GFlop/s     (517.6895 GFlop/s per process)    8%    3306.8 sec left
CG set 378 / 4710    4141.3253 GFlop/s     (517.6657 GFlop/s per process)    8%    3306.0 sec left
CG set 379 / 4710    4141.2304 GFlop/s     (517.6538 GFlop/s per process)    8%    3305.3 sec left
CG set 380 / 4710    4141.1176 GFlop/s     (517.6397 GFlop/s per process)    8%    3304.5 sec left
CG set 381 / 4710    4141.0279 GFlop/s     (517.6285 GFlop/s per process)    8%    3303.7 sec left
CG set 382 / 4710    4140.9767 GFlop/s     (517.6221 GFlop/s per process)    8%    3302.9 sec left
CG set 383 / 4710    4140.8705 GFlop/s     (517.6088 GFlop/s per process)    8%    3302.1 sec left
CG set 384 / 4710    4140.7789 GFlop/s     (517.5974 GFlop/s per process)    8%    3301.3 sec left
CG set 385 / 4710    4140.6650 GFlop/s     (517.5831 GFlop/s per process)    8%    3300.6 sec left
CG set 386 / 4710    4140.5019 GFlop/s     (517.5627 GFlop/s per process)    8%    3299.8 sec left
CG set 387 / 4710    4140.3407 GFlop/s     (517.5426 GFlop/s per process)    8%    3299.0 sec left
CG set 388 / 4710    4140.2779 GFlop/s     (517.5347 GFlop/s per process)    8%    3298.2 sec left
CG set 389 / 4710    4140.2076 GFlop/s     (517.5259 GFlop/s per process)    8%    3297.4 sec left
CG set 390 / 4710    4140.1372 GFlop/s     (517.5172 GFlop/s per process)    8%    3296.6 sec left
CG set 391 / 4710    4140.0395 GFlop/s     (517.5049 GFlop/s per process)    8%    3295.8 sec left
CG set 392 / 4710    4139.9963 GFlop/s     (517.4995 GFlop/s per process)    8%    3295.1 sec left
CG set 393 / 4710    4139.9048 GFlop/s     (517.4881 GFlop/s per process)    8%    3294.3 sec left
CG set 394 / 4710    4139.8249 GFlop/s     (517.4781 GFlop/s per process)    8%    3293.5 sec left
CG set 395 / 4710    4139.7472 GFlop/s     (517.4684 GFlop/s per process)    8%    3292.7 sec left
CG set 396 / 4710    4139.6380 GFlop/s     (517.4548 GFlop/s per process)    8%    3291.9 sec left
CG set 397 / 4710    4139.5797 GFlop/s     (517.4475 GFlop/s per process)    8%    3291.1 sec left
CG set 398 / 4710    4139.5255 GFlop/s     (517.4407 GFlop/s per process)    8%    3290.4 sec left
CG set 399 / 4710    4139.4689 GFlop/s     (517.4336 GFlop/s per process)    8%    3289.6 sec left
CG set 400 / 4710    4139.3908 GFlop/s     (517.4239 GFlop/s per process)    8%    3288.8 sec left
CG set 401 / 4710    4139.2908 GFlop/s     (517.4114 GFlop/s per process)    8%    3288.0 sec left
CG set 402 / 4710    4139.2385 GFlop/s     (517.4048 GFlop/s per process)    8%    3287.2 sec left
CG set 403 / 4710    4139.2053 GFlop/s     (517.4007 GFlop/s per process)    8%    3286.4 sec left
CG set 404 / 4710    4139.1958 GFlop/s     (517.3995 GFlop/s per process)    8%    3285.7 sec left
CG set 405 / 4710    4139.1610 GFlop/s     (517.3951 GFlop/s per process)    8%    3284.9 sec left
CG set 406 / 4710    4139.0935 GFlop/s     (517.3867 GFlop/s per process)    8%    3284.1 sec left
CG set 407 / 4710    4139.0053 GFlop/s     (517.3757 GFlop/s per process)    8%    3283.3 sec left
CG set 408 / 4710    4138.9664 GFlop/s     (517.3708 GFlop/s per process)    8%    3282.5 sec left
CG set 409 / 4710    4138.8978 GFlop/s     (517.3622 GFlop/s per process)    8%    3281.7 sec left
CG set 410 / 4710    4138.8040 GFlop/s     (517.3505 GFlop/s per process)    8%    3281.0 sec left
CG set 411 / 4710    4138.6975 GFlop/s     (517.3372 GFlop/s per process)    8%    3280.2 sec left
CG set 412 / 4710    4138.6388 GFlop/s     (517.3298 GFlop/s per process)    8%    3279.4 sec left
CG set 413 / 4710    4138.5601 GFlop/s     (517.3200 GFlop/s per process)    8%    3278.6 sec left
CG set 414 / 4710    4138.5295 GFlop/s     (517.3162 GFlop/s per process)    8%    3277.8 sec left
CG set 415 / 4710    4138.4937 GFlop/s     (517.3117 GFlop/s per process)    8%    3277.0 sec left
CG set 416 / 4710    4138.4677 GFlop/s     (517.3085 GFlop/s per process)    8%    3276.3 sec left
CG set 417 / 4710    4138.3772 GFlop/s     (517.2971 GFlop/s per process)    8%    3275.5 sec left
CG set 418 / 4710    4138.2901 GFlop/s     (517.2863 GFlop/s per process)    8%    3274.7 sec left
CG set 419 / 4710    4138.1891 GFlop/s     (517.2736 GFlop/s per process)    8%    3273.9 sec left
CG set 420 / 4710    4138.1455 GFlop/s     (517.2682 GFlop/s per process)    8%    3273.1 sec left
CG set 421 / 4710    4138.1097 GFlop/s     (517.2637 GFlop/s per process)    8%    3272.3 sec left
CG set 422 / 4710    4138.0237 GFlop/s     (517.2530 GFlop/s per process)    8%    3271.6 sec left
CG set 423 / 4710    4137.9728 GFlop/s     (517.2466 GFlop/s per process)    8%    3270.8 sec left
CG set 424 / 4710    4137.8965 GFlop/s     (517.2371 GFlop/s per process)    9%    3270.0 sec left
CG set 425 / 4710    4137.7942 GFlop/s     (517.2243 GFlop/s per process)    9%    3269.2 sec left
CG set 426 / 4710    4137.6843 GFlop/s     (517.2105 GFlop/s per process)    9%    3268.4 sec left
CG set 427 / 4710    4137.5590 GFlop/s     (517.1949 GFlop/s per process)    9%    3267.6 sec left
CG set 428 / 4710    4137.4550 GFlop/s     (517.1819 GFlop/s per process)    9%    3266.8 sec left
CG set 429 / 4710    4137.3679 GFlop/s     (517.1710 GFlop/s per process)    9%    3266.1 sec left
CG set 430 / 4710    4137.2920 GFlop/s     (517.1615 GFlop/s per process)    9%    3265.3 sec left
CG set 431 / 4710    4137.1999 GFlop/s     (517.1500 GFlop/s per process)    9%    3264.5 sec left
CG set 432 / 4710    4137.0926 GFlop/s     (517.1366 GFlop/s per process)    9%    3263.7 sec left
CG set 433 / 4710    4137.0206 GFlop/s     (517.1276 GFlop/s per process)    9%    3262.9 sec left
CG set 434 / 4710    4136.9723 GFlop/s     (517.1215 GFlop/s per process)    9%    3262.1 sec left
CG set 435 / 4710    4136.9096 GFlop/s     (517.1137 GFlop/s per process)    9%    3261.3 sec left
CG set 436 / 4710    4136.8444 GFlop/s     (517.1055 GFlop/s per process)    9%    3260.6 sec left
CG set 437 / 4710    4136.7925 GFlop/s     (517.0991 GFlop/s per process)    9%    3259.8 sec left
CG set 438 / 4710    4136.6721 GFlop/s     (517.0840 GFlop/s per process)    9%    3259.0 sec left
CG set 439 / 4710    4136.5975 GFlop/s     (517.0747 GFlop/s per process)    9%    3258.2 sec left
CG set 440 / 4710    4136.5501 GFlop/s     (517.0688 GFlop/s per process)    9%    3257.4 sec left
CG set 441 / 4710    4136.4530 GFlop/s     (517.0566 GFlop/s per process)    9%    3256.6 sec left
CG set 442 / 4710    4136.3195 GFlop/s     (517.0399 GFlop/s per process)    9%    3255.8 sec left
CG set 443 / 4710    4136.2250 GFlop/s     (517.0281 GFlop/s per process)    9%    3255.1 sec left
CG set 444 / 4710    4136.1629 GFlop/s     (517.0204 GFlop/s per process)    9%    3254.3 sec left
CG set 445 / 4710    4136.1199 GFlop/s     (517.0150 GFlop/s per process)    9%    3253.5 sec left
CG set 446 / 4710    4136.0789 GFlop/s     (517.0099 GFlop/s per process)    9%    3252.7 sec left
CG set 447 / 4710    4136.0275 GFlop/s     (517.0034 GFlop/s per process)    9%    3251.9 sec left
CG set 448 / 4710    4135.9063 GFlop/s     (516.9883 GFlop/s per process)    9%    3251.1 sec left
CG set 449 / 4710    4135.8035 GFlop/s     (516.9754 GFlop/s per process)    9%    3250.4 sec left
CG set 450 / 4710    4135.7427 GFlop/s     (516.9678 GFlop/s per process)    9%    3249.6 sec left
CG set 451 / 4710    4135.6076 GFlop/s     (516.9509 GFlop/s per process)    9%    3248.8 sec left
CG set 452 / 4710    4135.5435 GFlop/s     (516.9429 GFlop/s per process)    9%    3248.0 sec left
CG set 453 / 4710    4135.4969 GFlop/s     (516.9371 GFlop/s per process)    9%    3247.2 sec left
CG set 454 / 4710    4135.4297 GFlop/s     (516.9287 GFlop/s per process)    9%    3246.4 sec left
CG set 455 / 4710    4135.3739 GFlop/s     (516.9217 GFlop/s per process)    9%    3245.6 sec left
CG set 456 / 4710    4135.2637 GFlop/s     (516.9080 GFlop/s per process)    9%    3244.9 sec left
CG set 457 / 4710    4135.1646 GFlop/s     (516.8956 GFlop/s per process)    9%    3244.1 sec left
CG set 458 / 4710    4135.0938 GFlop/s     (516.8867 GFlop/s per process)    9%    3243.3 sec left
CG set 459 / 4710    4135.0188 GFlop/s     (516.8774 GFlop/s per process)    9%    3242.5 sec left
CG set 460 / 4710    4134.9303 GFlop/s     (516.8663 GFlop/s per process)    9%    3241.7 sec left
CG set 461 / 4710    4134.8568 GFlop/s     (516.8571 GFlop/s per process)    9%    3240.9 sec left
CG set 462 / 4710    4134.7950 GFlop/s     (516.8494 GFlop/s per process)    9%    3240.1 sec left
CG set 463 / 4710    4134.7415 GFlop/s     (516.8427 GFlop/s per process)    9%    3239.4 sec left
CG set 464 / 4710    4134.6437 GFlop/s     (516.8305 GFlop/s per process)    9%    3238.6 sec left
CG set 465 / 4710    4134.5805 GFlop/s     (516.8226 GFlop/s per process)    9%    3237.8 sec left
CG set 466 / 4710    4134.5500 GFlop/s     (516.8187 GFlop/s per process)    9%    3237.0 sec left
CG set 467 / 4710    4134.5125 GFlop/s     (516.8141 GFlop/s per process)    9%    3236.2 sec left
CG set 468 / 4710    4134.4808 GFlop/s     (516.8101 GFlop/s per process)    9%    3235.4 sec left
CG set 469 / 4710    4134.4263 GFlop/s     (516.8033 GFlop/s per process)    9%    3234.7 sec left
CG set 470 / 4710    4134.3787 GFlop/s     (516.7973 GFlop/s per process)    9%    3233.9 sec left
CG set 471 / 4710    4134.3262 GFlop/s     (516.7908 GFlop/s per process)    10%    3233.1 sec left
CG set 472 / 4710    4134.2605 GFlop/s     (516.7826 GFlop/s per process)    10%    3232.3 sec left
CG set 473 / 4710    4134.1736 GFlop/s     (516.7717 GFlop/s per process)    10%    3231.5 sec left
CG set 474 / 4710    4134.0586 GFlop/s     (516.7573 GFlop/s per process)    10%    3230.7 sec left
CG set 475 / 4710    4133.9956 GFlop/s     (516.7494 GFlop/s per process)    10%    3229.9 sec left
CG set 476 / 4710    4133.8973 GFlop/s     (516.7372 GFlop/s per process)    10%    3229.2 sec left
CG set 477 / 4710    4133.8483 GFlop/s     (516.7310 GFlop/s per process)    10%    3228.4 sec left
CG set 478 / 4710    4133.8096 GFlop/s     (516.7262 GFlop/s per process)    10%    3227.6 sec left
CG set 479 / 4710    4133.7749 GFlop/s     (516.7219 GFlop/s per process)    10%    3226.8 sec left
CG set 480 / 4710    4133.6736 GFlop/s     (516.7092 GFlop/s per process)    10%    3226.0 sec left
CG set 481 / 4710    4133.5709 GFlop/s     (516.6964 GFlop/s per process)    10%    3225.2 sec left
CG set 482 / 4710    4133.4840 GFlop/s     (516.6855 GFlop/s per process)    10%    3224.4 sec left
CG set 483 / 4710    4133.4070 GFlop/s     (516.6759 GFlop/s per process)    10%    3223.7 sec left
CG set 484 / 4710    4133.3505 GFlop/s     (516.6688 GFlop/s per process)    10%    3222.9 sec left
CG set 485 / 4710    4133.2885 GFlop/s     (516.6611 GFlop/s per process)    10%    3222.1 sec left
CG set 486 / 4710    4133.2395 GFlop/s     (516.6549 GFlop/s per process)    10%    3221.3 sec left
CG set 487 / 4710    4133.1823 GFlop/s     (516.6478 GFlop/s per process)    10%    3220.5 sec left
CG set 488 / 4710    4133.0970 GFlop/s     (516.6371 GFlop/s per process)    10%    3219.7 sec left
CG set 489 / 4710    4133.0038 GFlop/s     (516.6255 GFlop/s per process)    10%    3218.9 sec left
CG set 490 / 4710    4132.9352 GFlop/s     (516.6169 GFlop/s per process)    10%    3218.2 sec left
CG set 491 / 4710    4132.8823 GFlop/s     (516.6103 GFlop/s per process)    10%    3217.4 sec left
CG set 492 / 4710    4132.7934 GFlop/s     (516.5992 GFlop/s per process)    10%    3216.6 sec left
CG set 493 / 4710    4132.7421 GFlop/s     (516.5928 GFlop/s per process)    10%    3215.8 sec left
CG set 494 / 4710    4132.6633 GFlop/s     (516.5829 GFlop/s per process)    10%    3215.0 sec left
CG set 495 / 4710    4132.5976 GFlop/s     (516.5747 GFlop/s per process)    10%    3214.2 sec left
CG set 496 / 4710    4132.5299 GFlop/s     (516.5662 GFlop/s per process)    10%    3213.4 sec left
CG set 497 / 4710    4132.4647 GFlop/s     (516.5581 GFlop/s per process)    10%    3212.7 sec left
CG set 498 / 4710    4132.4537 GFlop/s     (516.5567 GFlop/s per process)    10%    3211.9 sec left
CG set 499 / 4710    4132.3997 GFlop/s     (516.5500 GFlop/s per process)    10%    3211.1 sec left
CG set 500 / 4710    4132.3738 GFlop/s     (516.5467 GFlop/s per process)    10%    3210.3 sec left
CG set 501 / 4710    4132.3394 GFlop/s     (516.5424 GFlop/s per process)    10%    3209.5 sec left
CG set 502 / 4710    4132.3076 GFlop/s     (516.5385 GFlop/s per process)    10%    3208.7 sec left
CG set 503 / 4710    4132.2798 GFlop/s     (516.5350 GFlop/s per process)    10%    3208.0 sec left
CG set 504 / 4710    4132.2562 GFlop/s     (516.5320 GFlop/s per process)    10%    3207.2 sec left
CG set 505 / 4710    4132.1481 GFlop/s     (516.5185 GFlop/s per process)    10%    3206.4 sec left
CG set 506 / 4710    4132.0443 GFlop/s     (516.5055 GFlop/s per process)    10%    3205.6 sec left
CG set 507 / 4710    4131.9674 GFlop/s     (516.4959 GFlop/s per process)    10%    3204.8 sec left
CG set 508 / 4710    4131.9163 GFlop/s     (516.4895 GFlop/s per process)    10%    3204.0 sec left
CG set 509 / 4710    4131.9287 GFlop/s     (516.4911 GFlop/s per process)    10%    3203.3 sec left
CG set 510 / 4710    4131.8758 GFlop/s     (516.4845 GFlop/s per process)    10%    3202.5 sec left
CG set 511 / 4710    4131.8313 GFlop/s     (516.4789 GFlop/s per process)    10%    3201.7 sec left
CG set 512 / 4710    4131.7514 GFlop/s     (516.4689 GFlop/s per process)    10%    3200.9 sec left
CG set 513 / 4710    4131.6740 GFlop/s     (516.4592 GFlop/s per process)    10%    3200.1 sec left
CG set 514 / 4710    4131.6287 GFlop/s     (516.4536 GFlop/s per process)    10%    3199.3 sec left
CG set 515 / 4710    4131.5496 GFlop/s     (516.4437 GFlop/s per process)    10%    3198.5 sec left
CG set 516 / 4710    4131.5034 GFlop/s     (516.4379 GFlop/s per process)    10%    3197.8 sec left
CG set 517 / 4710    4131.4608 GFlop/s     (516.4326 GFlop/s per process)    10%    3197.0 sec left
CG set 518 / 4710    4131.4225 GFlop/s     (516.4278 GFlop/s per process)    10%    3196.2 sec left
CG set 519 / 4710    4131.3589 GFlop/s     (516.4199 GFlop/s per process)    11%    3195.4 sec left
CG set 520 / 4710    4131.3169 GFlop/s     (516.4146 GFlop/s per process)    11%    3194.6 sec left
CG set 521 / 4710    4131.2120 GFlop/s     (516.4015 GFlop/s per process)    11%    3193.8 sec left
CG set 522 / 4710    4131.1884 GFlop/s     (516.3985 GFlop/s per process)    11%    3193.0 sec left
CG set 523 / 4710    4131.1523 GFlop/s     (516.3940 GFlop/s per process)    11%    3192.3 sec left
CG set 524 / 4710    4131.0532 GFlop/s     (516.3816 GFlop/s per process)    11%    3191.5 sec left
CG set 525 / 4710    4131.0110 GFlop/s     (516.3764 GFlop/s per process)    11%    3190.7 sec left
CG set 526 / 4710    4130.9806 GFlop/s     (516.3726 GFlop/s per process)    11%    3189.9 sec left
CG set 527 / 4710    4130.9262 GFlop/s     (516.3658 GFlop/s per process)    11%    3189.1 sec left
CG set 528 / 4710    4130.8935 GFlop/s     (516.3617 GFlop/s per process)    11%    3188.3 sec left
CG set 529 / 4710    4130.8646 GFlop/s     (516.3581 GFlop/s per process)    11%    3187.6 sec left
CG set 530 / 4710    4130.8391 GFlop/s     (516.3549 GFlop/s per process)    11%    3186.8 sec left
CG set 531 / 4710    4130.8367 GFlop/s     (516.3546 GFlop/s per process)    11%    3186.0 sec left
CG set 532 / 4710    4130.8196 GFlop/s     (516.3525 GFlop/s per process)    11%    3185.2 sec left
CG set 533 / 4710    4130.7735 GFlop/s     (516.3467 GFlop/s per process)    11%    3184.4 sec left
CG set 534 / 4710    4130.7258 GFlop/s     (516.3407 GFlop/s per process)    11%    3183.6 sec left
CG set 535 / 4710    4130.6747 GFlop/s     (516.3343 GFlop/s per process)    11%    3182.9 sec left
CG set 536 / 4710    4130.6432 GFlop/s     (516.3304 GFlop/s per process)    11%    3182.1 sec left
CG set 537 / 4710    4130.5665 GFlop/s     (516.3208 GFlop/s per process)    11%    3181.3 sec left
CG set 538 / 4710    4130.4889 GFlop/s     (516.3111 GFlop/s per process)    11%    3180.5 sec left
CG set 539 / 4710    4130.4708 GFlop/s     (516.3089 GFlop/s per process)    11%    3179.7 sec left
CG set 540 / 4710    4130.4517 GFlop/s     (516.3065 GFlop/s per process)    11%    3178.9 sec left
CG set 541 / 4710    4130.4216 GFlop/s     (516.3027 GFlop/s per process)    11%    3178.2 sec left
CG set 542 / 4710    4130.4056 GFlop/s     (516.3007 GFlop/s per process)    11%    3177.4 sec left
CG set 543 / 4710    4130.3843 GFlop/s     (516.2980 GFlop/s per process)    11%    3176.6 sec left
CG set 544 / 4710    4130.2865 GFlop/s     (516.2858 GFlop/s per process)    11%    3175.8 sec left
CG set 545 / 4710    4130.2674 GFlop/s     (516.2834 GFlop/s per process)    11%    3175.0 sec left
CG set 546 / 4710    4130.2127 GFlop/s     (516.2766 GFlop/s per process)    11%    3174.2 sec left
CG set 547 / 4710    4130.1485 GFlop/s     (516.2686 GFlop/s per process)    11%    3173.4 sec left
CG set 548 / 4710    4130.1069 GFlop/s     (516.2634 GFlop/s per process)    11%    3172.7 sec left
CG set 549 / 4710    4130.0843 GFlop/s     (516.2605 GFlop/s per process)    11%    3171.9 sec left
CG set 550 / 4710    4130.0458 GFlop/s     (516.2557 GFlop/s per process)    11%    3171.1 sec left
CG set 551 / 4710    4130.0413 GFlop/s     (516.2552 GFlop/s per process)    11%    3170.3 sec left
CG set 552 / 4710    4129.9572 GFlop/s     (516.2446 GFlop/s per process)    11%    3169.5 sec left
CG set 553 / 4710    4129.8885 GFlop/s     (516.2361 GFlop/s per process)    11%    3168.7 sec left
CG set 554 / 4710    4129.8312 GFlop/s     (516.2289 GFlop/s per process)    11%    3168.0 sec left
CG set 555 / 4710    4129.8022 GFlop/s     (516.2253 GFlop/s per process)    11%    3167.2 sec left
CG set 556 / 4710    4129.7305 GFlop/s     (516.2163 GFlop/s per process)    11%    3166.4 sec left
CG set 557 / 4710    4129.6951 GFlop/s     (516.2119 GFlop/s per process)    11%    3165.6 sec left
CG set 558 / 4710    4129.6570 GFlop/s     (516.2071 GFlop/s per process)    11%    3164.8 sec left
CG set 559 / 4710    4129.5940 GFlop/s     (516.1992 GFlop/s per process)    11%    3164.0 sec left
CG set 560 / 4710    4129.5404 GFlop/s     (516.1926 GFlop/s per process)    11%    3163.2 sec left
CG set 561 / 4710    4129.5216 GFlop/s     (516.1902 GFlop/s per process)    11%    3162.5 sec left
CG set 562 / 4710    4129.4788 GFlop/s     (516.1848 GFlop/s per process)    11%    3161.7 sec left
CG set 563 / 4710    4129.4560 GFlop/s     (516.1820 GFlop/s per process)    11%    3160.9 sec left
CG set 564 / 4710    4129.4377 GFlop/s     (516.1797 GFlop/s per process)    11%    3160.1 sec left
CG set 565 / 4710    4129.4062 GFlop/s     (516.1758 GFlop/s per process)    11%    3159.3 sec left
CG set 566 / 4710    4129.3370 GFlop/s     (516.1671 GFlop/s per process)    12%    3158.5 sec left
CG set 567 / 4710    4129.2996 GFlop/s     (516.1625 GFlop/s per process)    12%    3157.8 sec left
CG set 568 / 4710    4129.2716 GFlop/s     (516.1589 GFlop/s per process)    12%    3157.0 sec left
CG set 569 / 4710    4129.1733 GFlop/s     (516.1467 GFlop/s per process)    12%    3156.2 sec left
CG set 570 / 4710    4129.1246 GFlop/s     (516.1406 GFlop/s per process)    12%    3155.4 sec left
CG set 571 / 4710    4129.0859 GFlop/s     (516.1357 GFlop/s per process)    12%    3154.6 sec left
CG set 572 / 4710    4129.0915 GFlop/s     (516.1364 GFlop/s per process)    12%    3153.8 sec left
CG set 573 / 4710    4129.0624 GFlop/s     (516.1328 GFlop/s per process)    12%    3153.0 sec left
CG set 574 / 4710    4129.0387 GFlop/s     (516.1298 GFlop/s per process)    12%    3152.3 sec left
CG set 575 / 4710    4129.0071 GFlop/s     (516.1259 GFlop/s per process)    12%    3151.5 sec left
CG set 576 / 4710    4128.9526 GFlop/s     (516.1191 GFlop/s per process)    12%    3150.7 sec left
CG set 577 / 4710    4128.8865 GFlop/s     (516.1108 GFlop/s per process)    12%    3149.9 sec left
CG set 578 / 4710    4128.8171 GFlop/s     (516.1021 GFlop/s per process)    12%    3149.1 sec left
CG set 579 / 4710    4128.7368 GFlop/s     (516.0921 GFlop/s per process)    12%    3148.3 sec left
CG set 580 / 4710    4128.7169 GFlop/s     (516.0896 GFlop/s per process)    12%    3147.6 sec left
CG set 581 / 4710    4128.6969 GFlop/s     (516.0871 GFlop/s per process)    12%    3146.8 sec left
CG set 582 / 4710    4128.6806 GFlop/s     (516.0851 GFlop/s per process)    12%    3146.0 sec left
CG set 583 / 4710    4128.6672 GFlop/s     (516.0834 GFlop/s per process)    12%    3145.2 sec left
CG set 584 / 4710    4128.6166 GFlop/s     (516.0771 GFlop/s per process)    12%    3144.4 sec left
CG set 585 / 4710    4128.5533 GFlop/s     (516.0692 GFlop/s per process)    12%    3143.6 sec left
CG set 586 / 4710    4128.5388 GFlop/s     (516.0673 GFlop/s per process)    12%    3142.8 sec left
CG set 587 / 4710    4128.4858 GFlop/s     (516.0607 GFlop/s per process)    12%    3142.1 sec left
CG set 588 / 4710    4128.4200 GFlop/s     (516.0525 GFlop/s per process)    12%    3141.3 sec left
CG set 589 / 4710    4128.4011 GFlop/s     (516.0501 GFlop/s per process)    12%    3140.5 sec left
CG set 590 / 4710    4128.3455 GFlop/s     (516.0432 GFlop/s per process)    12%    3139.7 sec left
CG set 591 / 4710    4128.2991 GFlop/s     (516.0374 GFlop/s per process)    12%    3138.9 sec left
CG set 592 / 4710    4128.2448 GFlop/s     (516.0306 GFlop/s per process)    12%    3138.1 sec left
CG set 593 / 4710    4128.2210 GFlop/s     (516.0276 GFlop/s per process)    12%    3137.4 sec left
CG set 594 / 4710    4128.1945 GFlop/s     (516.0243 GFlop/s per process)    12%    3136.6 sec left
CG set 595 / 4710    4128.1723 GFlop/s     (516.0215 GFlop/s per process)    12%    3135.8 sec left
CG set 596 / 4710    4128.1676 GFlop/s     (516.0209 GFlop/s per process)    12%    3135.0 sec left
CG set 597 / 4710    4128.1538 GFlop/s     (516.0192 GFlop/s per process)    12%    3134.2 sec left
CG set 598 / 4710    4128.1116 GFlop/s     (516.0139 GFlop/s per process)    12%    3133.4 sec left
CG set 599 / 4710    4128.0638 GFlop/s     (516.0080 GFlop/s per process)    12%    3132.7 sec left
CG set 600 / 4710    4128.0487 GFlop/s     (516.0061 GFlop/s per process)    12%    3131.9 sec left
CG set 601 / 4710    4127.9924 GFlop/s     (515.9991 GFlop/s per process)    12%    3131.1 sec left
CG set 602 / 4710    4127.9441 GFlop/s     (515.9930 GFlop/s per process)    12%    3130.3 sec left
CG set 603 / 4710    4127.9308 GFlop/s     (515.9913 GFlop/s per process)    12%    3129.5 sec left
CG set 604 / 4710    4127.9276 GFlop/s     (515.9909 GFlop/s per process)    12%    3128.7 sec left
CG set 605 / 4710    4127.8949 GFlop/s     (515.9869 GFlop/s per process)    12%    3128.0 sec left
CG set 606 / 4710    4127.8909 GFlop/s     (515.9864 GFlop/s per process)    12%    3127.2 sec left
CG set 607 / 4710    4127.8701 GFlop/s     (515.9838 GFlop/s per process)    12%    3126.4 sec left
CG set 608 / 4710    4127.8331 GFlop/s     (515.9791 GFlop/s per process)    12%    3125.6 sec left
CG set 609 / 4710    4127.7601 GFlop/s     (515.9700 GFlop/s per process)    12%    3124.8 sec left
CG set 610 / 4710    4127.6905 GFlop/s     (515.9613 GFlop/s per process)    12%    3124.0 sec left
CG set 611 / 4710    4127.6568 GFlop/s     (515.9571 GFlop/s per process)    12%    3123.2 sec left
CG set 612 / 4710    4127.6447 GFlop/s     (515.9556 GFlop/s per process)    12%    3122.5 sec left
CG set 613 / 4710    4127.6310 GFlop/s     (515.9539 GFlop/s per process)    13%    3121.7 sec left
CG set 614 / 4710    4127.6239 GFlop/s     (515.9530 GFlop/s per process)    13%    3120.9 sec left
CG set 615 / 4710    4127.6009 GFlop/s     (515.9501 GFlop/s per process)    13%    3120.1 sec left
CG set 616 / 4710    4127.5524 GFlop/s     (515.9440 GFlop/s per process)    13%    3119.3 sec left
CG set 617 / 4710    4127.5098 GFlop/s     (515.9387 GFlop/s per process)    13%    3118.5 sec left
CG set 618 / 4710    4127.4835 GFlop/s     (515.9354 GFlop/s per process)    13%    3117.8 sec left
CG set 619 / 4710    4127.4380 GFlop/s     (515.9297 GFlop/s per process)    13%    3117.0 sec left
CG set 620 / 4710    4127.3790 GFlop/s     (515.9224 GFlop/s per process)    13%    3116.2 sec left
CG set 621 / 4710    4127.3385 GFlop/s     (515.9173 GFlop/s per process)    13%    3115.4 sec left
CG set 622 / 4710    4127.3276 GFlop/s     (515.9160 GFlop/s per process)    13%    3114.6 sec left
CG set 623 / 4710    4127.3008 GFlop/s     (515.9126 GFlop/s per process)    13%    3113.8 sec left
CG set 624 / 4710    4127.2572 GFlop/s     (515.9071 GFlop/s per process)    13%    3113.1 sec left
CG set 625 / 4710    4127.2156 GFlop/s     (515.9019 GFlop/s per process)    13%    3112.3 sec left
CG set 626 / 4710    4127.2085 GFlop/s     (515.9011 GFlop/s per process)    13%    3111.5 sec left
CG set 627 / 4710    4127.2070 GFlop/s     (515.9009 GFlop/s per process)    13%    3110.7 sec left
CG set 628 / 4710    4127.2028 GFlop/s     (515.9004 GFlop/s per process)    13%    3109.9 sec left
CG set 629 / 4710    4127.1818 GFlop/s     (515.8977 GFlop/s per process)    13%    3109.1 sec left
CG set 630 / 4710    4127.1402 GFlop/s     (515.8925 GFlop/s per process)    13%    3108.4 sec left
CG set 631 / 4710    4127.1351 GFlop/s     (515.8919 GFlop/s per process)    13%    3107.6 sec left
CG set 632 / 4710    4127.1216 GFlop/s     (515.8902 GFlop/s per process)    13%    3106.8 sec left
CG set 633 / 4710    4127.0643 GFlop/s     (515.8830 GFlop/s per process)    13%    3106.0 sec left
CG set 634 / 4710    4127.0118 GFlop/s     (515.8765 GFlop/s per process)    13%    3105.2 sec left
CG set 635 / 4710    4126.9847 GFlop/s     (515.8731 GFlop/s per process)    13%    3104.4 sec left
CG set 636 / 4710    4126.9762 GFlop/s     (515.8720 GFlop/s per process)    13%    3103.7 sec left
CG set 637 / 4710    4126.9924 GFlop/s     (515.8741 GFlop/s per process)    13%    3102.9 sec left
CG set 638 / 4710    4126.9948 GFlop/s     (515.8744 GFlop/s per process)    13%    3102.1 sec left
CG set 639 / 4710    4127.0014 GFlop/s     (515.8752 GFlop/s per process)    13%    3101.3 sec left
CG set 640 / 4710    4126.9748 GFlop/s     (515.8719 GFlop/s per process)    13%    3100.5 sec left
CG set 641 / 4710    4126.9330 GFlop/s     (515.8666 GFlop/s per process)    13%    3099.7 sec left
CG set 642 / 4710    4126.8777 GFlop/s     (515.8597 GFlop/s per process)    13%    3099.0 sec left
CG set 643 / 4710    4126.8296 GFlop/s     (515.8537 GFlop/s per process)    13%    3098.2 sec left
CG set 644 / 4710    4126.8153 GFlop/s     (515.8519 GFlop/s per process)    13%    3097.4 sec left
CG set 645 / 4710    4126.7962 GFlop/s     (515.8495 GFlop/s per process)    13%    3096.6 sec left
CG set 646 / 4710    4126.7763 GFlop/s     (515.8470 GFlop/s per process)    13%    3095.8 sec left
CG set 647 / 4710    4126.7425 GFlop/s     (515.8428 GFlop/s per process)    13%    3095.0 sec left
CG set 648 / 4710    4126.6854 GFlop/s     (515.8357 GFlop/s per process)    13%    3094.3 sec left
CG set 649 / 4710    4126.6516 GFlop/s     (515.8314 GFlop/s per process)    13%    3093.5 sec left
CG set 650 / 4710    4126.6437 GFlop/s     (515.8305 GFlop/s per process)    13%    3092.7 sec left
CG set 651 / 4710    4126.5865 GFlop/s     (515.8233 GFlop/s per process)    13%    3091.9 sec left
CG set 652 / 4710    4126.5598 GFlop/s     (515.8200 GFlop/s per process)    13%    3091.1 sec left
CG set 653 / 4710    4126.5502 GFlop/s     (515.8188 GFlop/s per process)    13%    3090.3 sec left
CG set 654 / 4710    4126.5255 GFlop/s     (515.8157 GFlop/s per process)    13%    3089.5 sec left
CG set 655 / 4710    4126.5011 GFlop/s     (515.8126 GFlop/s per process)    13%    3088.8 sec left
CG set 656 / 4710    4126.4727 GFlop/s     (515.8091 GFlop/s per process)    13%    3088.0 sec left
CG set 657 / 4710    4126.4676 GFlop/s     (515.8084 GFlop/s per process)    13%    3087.2 sec left
CG set 658 / 4710    4126.4524 GFlop/s     (515.8066 GFlop/s per process)    13%    3086.4 sec left
CG set 659 / 4710    4126.4296 GFlop/s     (515.8037 GFlop/s per process)    13%    3085.6 sec left
CG set 660 / 4710    4126.4210 GFlop/s     (515.8026 GFlop/s per process)    14%    3084.9 sec left
CG set 661 / 4710    4126.4273 GFlop/s     (515.8034 GFlop/s per process)    14%    3084.1 sec left
CG set 662 / 4710    4126.4005 GFlop/s     (515.8001 GFlop/s per process)    14%    3083.3 sec left
CG set 663 / 4710    4126.3741 GFlop/s     (515.7968 GFlop/s per process)    14%    3082.5 sec left
CG set 664 / 4710    4126.3447 GFlop/s     (515.7931 GFlop/s per process)    14%    3081.7 sec left
CG set 665 / 4710    4126.3137 GFlop/s     (515.7892 GFlop/s per process)    14%    3080.9 sec left
CG set 666 / 4710    4126.2605 GFlop/s     (515.7826 GFlop/s per process)    14%    3080.1 sec left
CG set 667 / 4710    4126.2089 GFlop/s     (515.7761 GFlop/s per process)    14%    3079.4 sec left
CG set 668 / 4710    4126.1925 GFlop/s     (515.7741 GFlop/s per process)    14%    3078.6 sec left
CG set 669 / 4710    4126.1672 GFlop/s     (515.7709 GFlop/s per process)    14%    3077.8 sec left
CG set 670 / 4710    4126.1401 GFlop/s     (515.7675 GFlop/s per process)    14%    3077.0 sec left
CG set 671 / 4710    4126.1187 GFlop/s     (515.7648 GFlop/s per process)    14%    3076.2 sec left
CG set 672 / 4710    4126.0787 GFlop/s     (515.7598 GFlop/s per process)    14%    3075.4 sec left
CG set 673 / 4710    4126.0328 GFlop/s     (515.7541 GFlop/s per process)    14%    3074.7 sec left
CG set 674 / 4710    4125.9868 GFlop/s     (515.7483 GFlop/s per process)    14%    3073.9 sec left
CG set 675 / 4710    4125.9530 GFlop/s     (515.7441 GFlop/s per process)    14%    3073.1 sec left
CG set 676 / 4710    4125.9341 GFlop/s     (515.7418 GFlop/s per process)    14%    3072.3 sec left
CG set 677 / 4710    4125.9022 GFlop/s     (515.7378 GFlop/s per process)    14%    3071.5 sec left
CG set 678 / 4710    4125.8960 GFlop/s     (515.7370 GFlop/s per process)    14%    3070.7 sec left
CG set 679 / 4710    4125.8641 GFlop/s     (515.7330 GFlop/s per process)    14%    3069.9 sec left
CG set 680 / 4710    4125.8128 GFlop/s     (515.7266 GFlop/s per process)    14%    3069.2 sec left
CG set 681 / 4710    4125.7588 GFlop/s     (515.7198 GFlop/s per process)    14%    3068.4 sec left
CG set 682 / 4710    4125.7122 GFlop/s     (515.7140 GFlop/s per process)    14%    3067.6 sec left
CG set 683 / 4710    4125.7110 GFlop/s     (515.7139 GFlop/s per process)    14%    3066.8 sec left
CG set 684 / 4710    4125.6729 GFlop/s     (515.7091 GFlop/s per process)    14%    3066.0 sec left
CG set 685 / 4710    4125.6526 GFlop/s     (515.7066 GFlop/s per process)    14%    3065.2 sec left
CG set 686 / 4710    4125.6514 GFlop/s     (515.7064 GFlop/s per process)    14%    3064.5 sec left
CG set 687 / 4710    4125.6246 GFlop/s     (515.7031 GFlop/s per process)    14%    3063.7 sec left
CG set 688 / 4710    4125.6021 GFlop/s     (515.7003 GFlop/s per process)    14%    3062.9 sec left
CG set 689 / 4710    4125.5962 GFlop/s     (515.6995 GFlop/s per process)    14%    3062.1 sec left
CG set 690 / 4710    4125.6122 GFlop/s     (515.7015 GFlop/s per process)    14%    3061.3 sec left
CG set 691 / 4710    4125.6190 GFlop/s     (515.7024 GFlop/s per process)    14%    3060.5 sec left
CG set 692 / 4710    4125.6097 GFlop/s     (515.7012 GFlop/s per process)    14%    3059.8 sec left
CG set 693 / 4710    4125.6111 GFlop/s     (515.7014 GFlop/s per process)    14%    3059.0 sec left
CG set 694 / 4710    4125.5991 GFlop/s     (515.6999 GFlop/s per process)    14%    3058.2 sec left
CG set 695 / 4710    4125.5828 GFlop/s     (515.6978 GFlop/s per process)    14%    3057.4 sec left
CG set 696 / 4710    4125.5634 GFlop/s     (515.6954 GFlop/s per process)    14%    3056.6 sec left
CG set 697 / 4710    4125.5179 GFlop/s     (515.6897 GFlop/s per process)    14%    3055.9 sec left
CG set 698 / 4710    4125.4967 GFlop/s     (515.6871 GFlop/s per process)    14%    3055.1 sec left
CG set 699 / 4710    4125.4869 GFlop/s     (515.6859 GFlop/s per process)    14%    3054.3 sec left
CG set 700 / 4710    4125.4570 GFlop/s     (515.6821 GFlop/s per process)    14%    3053.5 sec left
CG set 701 / 4710    4125.4474 GFlop/s     (515.6809 GFlop/s per process)    14%    3052.7 sec left
CG set 702 / 4710    4125.4256 GFlop/s     (515.6782 GFlop/s per process)    14%    3051.9 sec left
CG set 703 / 4710    4125.4043 GFlop/s     (515.6755 GFlop/s per process)    14%    3051.2 sec left
CG set 704 / 4710    4125.3686 GFlop/s     (515.6711 GFlop/s per process)    14%    3050.4 sec left
CG set 705 / 4710    4125.3124 GFlop/s     (515.6640 GFlop/s per process)    14%    3049.6 sec left
CG set 706 / 4710    4125.2762 GFlop/s     (515.6595 GFlop/s per process)    14%    3048.8 sec left
CG set 707 / 4710    4125.2433 GFlop/s     (515.6554 GFlop/s per process)    15%    3048.0 sec left
CG set 708 / 4710    4125.2347 GFlop/s     (515.6543 GFlop/s per process)    15%    3047.2 sec left
CG set 709 / 4710    4125.2267 GFlop/s     (515.6533 GFlop/s per process)    15%    3046.4 sec left
CG set 710 / 4710    4125.2193 GFlop/s     (515.6524 GFlop/s per process)    15%    3045.7 sec left
CG set 711 / 4710    4125.1960 GFlop/s     (515.6495 GFlop/s per process)    15%    3044.9 sec left
CG set 712 / 4710    4125.1394 GFlop/s     (515.6424 GFlop/s per process)    15%    3044.1 sec left
CG set 713 / 4710    4125.0911 GFlop/s     (515.6364 GFlop/s per process)    15%    3043.3 sec left
CG set 714 / 4710    4125.0675 GFlop/s     (515.6334 GFlop/s per process)    15%    3042.5 sec left
CG set 715 / 4710    4125.0360 GFlop/s     (515.6295 GFlop/s per process)    15%    3041.7 sec left
CG set 716 / 4710    4125.0079 GFlop/s     (515.6260 GFlop/s per process)    15%    3040.9 sec left
CG set 717 / 4710    4125.0030 GFlop/s     (515.6254 GFlop/s per process)    15%    3040.2 sec left
CG set 718 / 4710    4125.0002 GFlop/s     (515.6250 GFlop/s per process)    15%    3039.4 sec left
CG set 719 / 4710    4124.9802 GFlop/s     (515.6225 GFlop/s per process)    15%    3038.6 sec left
CG set 720 / 4710    4124.9521 GFlop/s     (515.6190 GFlop/s per process)    15%    3037.8 sec left
CG set 721 / 4710    4124.9408 GFlop/s     (515.6176 GFlop/s per process)    15%    3037.0 sec left
CG set 722 / 4710    4124.9466 GFlop/s     (515.6183 GFlop/s per process)    15%    3036.3 sec left
CG set 723 / 4710    4124.9348 GFlop/s     (515.6168 GFlop/s per process)    15%    3035.5 sec left
CG set 724 / 4710    4124.9300 GFlop/s     (515.6163 GFlop/s per process)    15%    3034.7 sec left
CG set 725 / 4710    4124.8962 GFlop/s     (515.6120 GFlop/s per process)    15%    3033.9 sec left
CG set 726 / 4710    4124.8599 GFlop/s     (515.6075 GFlop/s per process)    15%    3033.1 sec left
CG set 727 / 4710    4124.8324 GFlop/s     (515.6040 GFlop/s per process)    15%    3032.3 sec left
CG set 728 / 4710    4124.8217 GFlop/s     (515.6027 GFlop/s per process)    15%    3031.6 sec left
CG set 729 / 4710    4124.7705 GFlop/s     (515.5963 GFlop/s per process)    15%    3030.8 sec left
CG set 730 / 4710    4124.7632 GFlop/s     (515.5954 GFlop/s per process)    15%    3030.0 sec left
CG set 731 / 4710    4124.7143 GFlop/s     (515.5893 GFlop/s per process)    15%    3029.2 sec left
CG set 732 / 4710    4124.7129 GFlop/s     (515.5891 GFlop/s per process)    15%    3028.4 sec left
CG set 733 / 4710    4124.7030 GFlop/s     (515.5879 GFlop/s per process)    15%    3027.6 sec left
CG set 734 / 4710    4124.7179 GFlop/s     (515.5897 GFlop/s per process)    15%    3026.9 sec left
CG set 735 / 4710    4124.6885 GFlop/s     (515.5861 GFlop/s per process)    15%    3026.1 sec left
CG set 736 / 4710    4124.6597 GFlop/s     (515.5825 GFlop/s per process)    15%    3025.3 sec left
CG set 737 / 4710    4124.6091 GFlop/s     (515.5761 GFlop/s per process)    15%    3024.5 sec left
CG set 738 / 4710    4124.5705 GFlop/s     (515.5713 GFlop/s per process)    15%    3023.7 sec left
CG set 739 / 4710    4124.5509 GFlop/s     (515.5689 GFlop/s per process)    15%    3022.9 sec left
CG set 740 / 4710    4124.5245 GFlop/s     (515.5656 GFlop/s per process)    15%    3022.1 sec left
CG set 741 / 4710    4124.5140 GFlop/s     (515.5643 GFlop/s per process)    15%    3021.4 sec left
CG set 742 / 4710    4124.5123 GFlop/s     (515.5640 GFlop/s per process)    15%    3020.6 sec left
CG set 743 / 4710    4124.4877 GFlop/s     (515.5610 GFlop/s per process)    15%    3019.8 sec left
CG set 744 / 4710    4124.4748 GFlop/s     (515.5593 GFlop/s per process)    15%    3019.0 sec left
CG set 745 / 4710    4124.4213 GFlop/s     (515.5527 GFlop/s per process)    15%    3018.2 sec left
CG set 746 / 4710    4124.4120 GFlop/s     (515.5515 GFlop/s per process)    15%    3017.4 sec left
CG set 747 / 4710    4124.4017 GFlop/s     (515.5502 GFlop/s per process)    15%    3016.7 sec left
CG set 748 / 4710    4124.3881 GFlop/s     (515.5485 GFlop/s per process)    15%    3015.9 sec left
CG set 749 / 4710    4124.3606 GFlop/s     (515.5451 GFlop/s per process)    15%    3015.1 sec left
CG set 750 / 4710    4124.3593 GFlop/s     (515.5449 GFlop/s per process)    15%    3014.3 sec left
CG set 751 / 4710    4124.3353 GFlop/s     (515.5419 GFlop/s per process)    15%    3013.5 sec left
CG set 752 / 4710    4124.3197 GFlop/s     (515.5400 GFlop/s per process)    15%    3012.7 sec left
CG set 753 / 4710    4124.3113 GFlop/s     (515.5389 GFlop/s per process)    15%    3012.0 sec left
CG set 754 / 4710    4124.3166 GFlop/s     (515.5396 GFlop/s per process)    16%    3011.2 sec left
CG set 755 / 4710    4124.3127 GFlop/s     (515.5391 GFlop/s per process)    16%    3010.4 sec left
CG set 756 / 4710    4124.3155 GFlop/s     (515.5394 GFlop/s per process)    16%    3009.6 sec left
CG set 757 / 4710    4124.3082 GFlop/s     (515.5385 GFlop/s per process)    16%    3008.8 sec left
CG set 758 / 4710    4124.2876 GFlop/s     (515.5360 GFlop/s per process)    16%    3008.0 sec left
CG set 759 / 4710    4124.2914 GFlop/s     (515.5364 GFlop/s per process)    16%    3007.3 sec left
CG set 760 / 4710    4124.2846 GFlop/s     (515.5356 GFlop/s per process)    16%    3006.5 sec left
CG set 761 / 4710    4124.2406 GFlop/s     (515.5301 GFlop/s per process)    16%    3005.7 sec left
CG set 762 / 4710    4124.1920 GFlop/s     (515.5240 GFlop/s per process)    16%    3004.9 sec left
CG set 763 / 4710    4124.1549 GFlop/s     (515.5194 GFlop/s per process)    16%    3004.1 sec left
CG set 764 / 4710    4124.1499 GFlop/s     (515.5187 GFlop/s per process)    16%    3003.3 sec left
CG set 765 / 4710    4124.1300 GFlop/s     (515.5162 GFlop/s per process)    16%    3002.6 sec left
CG set 766 / 4710    4124.1154 GFlop/s     (515.5144 GFlop/s per process)    16%    3001.8 sec left
CG set 767 / 4710    4124.1326 GFlop/s     (515.5166 GFlop/s per process)    16%    3001.0 sec left
CG set 768 / 4710    4124.1261 GFlop/s     (515.5158 GFlop/s per process)    16%    3000.2 sec left
CG set 769 / 4710    4124.0993 GFlop/s     (515.5124 GFlop/s per process)    16%    2999.4 sec left
CG set 770 / 4710    4124.0603 GFlop/s     (515.5075 GFlop/s per process)    16%    2998.6 sec left
CG set 771 / 4710    4124.0215 GFlop/s     (515.5027 GFlop/s per process)    16%    2997.9 sec left
CG set 772 / 4710    4124.0090 GFlop/s     (515.5011 GFlop/s per process)    16%    2997.1 sec left
CG set 773 / 4710    4124.0067 GFlop/s     (515.5008 GFlop/s per process)    16%    2996.3 sec left
CG set 774 / 4710    4124.0072 GFlop/s     (515.5009 GFlop/s per process)    16%    2995.5 sec left
CG set 775 / 4710    4123.9608 GFlop/s     (515.4951 GFlop/s per process)    16%    2994.7 sec left
CG set 776 / 4710    4123.9338 GFlop/s     (515.4917 GFlop/s per process)    16%    2993.9 sec left
CG set 777 / 4710    4123.9162 GFlop/s     (515.4895 GFlop/s per process)    16%    2993.2 sec left
CG set 778 / 4710    4123.8982 GFlop/s     (515.4873 GFlop/s per process)    16%    2992.4 sec left
CG set 779 / 4710    4123.8881 GFlop/s     (515.4860 GFlop/s per process)    16%    2991.6 sec left
CG set 780 / 4710    4123.8792 GFlop/s     (515.4849 GFlop/s per process)    16%    2990.8 sec left
CG set 781 / 4710    4123.8642 GFlop/s     (515.4830 GFlop/s per process)    16%    2990.0 sec left
CG set 782 / 4710    4123.8501 GFlop/s     (515.4813 GFlop/s per process)    16%    2989.2 sec left
CG set 783 / 4710    4123.8306 GFlop/s     (515.4788 GFlop/s per process)    16%    2988.5 sec left
CG set 784 / 4710    4123.8047 GFlop/s     (515.4756 GFlop/s per process)    16%    2987.7 sec left
CG set 785 / 4710    4123.7952 GFlop/s     (515.4744 GFlop/s per process)    16%    2986.9 sec left
CG set 786 / 4710    4123.8085 GFlop/s     (515.4761 GFlop/s per process)    16%    2986.1 sec left
CG set 787 / 4710    4123.8159 GFlop/s     (515.4770 GFlop/s per process)    16%    2985.3 sec left
CG set 788 / 4710    4123.8188 GFlop/s     (515.4773 GFlop/s per process)    16%    2984.5 sec left
CG set 789 / 4710    4123.7875 GFlop/s     (515.4734 GFlop/s per process)    16%    2983.8 sec left
CG set 790 / 4710    4123.7858 GFlop/s     (515.4732 GFlop/s per process)    16%    2983.0 sec left
CG set 791 / 4710    4123.7645 GFlop/s     (515.4706 GFlop/s per process)    16%    2982.2 sec left
CG set 792 / 4710    4123.7452 GFlop/s     (515.4681 GFlop/s per process)    16%    2981.4 sec left
CG set 793 / 4710    4123.7108 GFlop/s     (515.4638 GFlop/s per process)    16%    2980.6 sec left
CG set 794 / 4710    4123.6762 GFlop/s     (515.4595 GFlop/s per process)    16%    2979.8 sec left
CG set 795 / 4710    4123.6730 GFlop/s     (515.4591 GFlop/s per process)    16%    2979.1 sec left
CG set 796 / 4710    4123.6814 GFlop/s     (515.4602 GFlop/s per process)    16%    2978.3 sec left
CG set 797 / 4710    4123.6694 GFlop/s     (515.4587 GFlop/s per process)    16%    2977.5 sec left
CG set 798 / 4710    4123.6670 GFlop/s     (515.4584 GFlop/s per process)    16%    2976.7 sec left
CG set 799 / 4710    4123.6814 GFlop/s     (515.4602 GFlop/s per process)    16%    2975.9 sec left
CG set 800 / 4710    4123.6749 GFlop/s     (515.4594 GFlop/s per process)    16%    2975.2 sec left
CG set 801 / 4710    4123.6322 GFlop/s     (515.4540 GFlop/s per process)    17%    2974.4 sec left
CG set 802 / 4710    4123.6037 GFlop/s     (515.4505 GFlop/s per process)    17%    2973.6 sec left
CG set 803 / 4710    4123.5820 GFlop/s     (515.4478 GFlop/s per process)    17%    2972.8 sec left
CG set 804 / 4710    4123.5579 GFlop/s     (515.4447 GFlop/s per process)    17%    2972.0 sec left
CG set 805 / 4710    4123.5677 GFlop/s     (515.4460 GFlop/s per process)    17%    2971.2 sec left
CG set 806 / 4710    4123.5597 GFlop/s     (515.4450 GFlop/s per process)    17%    2970.4 sec left
CG set 807 / 4710    4123.5351 GFlop/s     (515.4419 GFlop/s per process)    17%    2969.7 sec left
CG set 808 / 4710    4123.4988 GFlop/s     (515.4373 GFlop/s per process)    17%    2968.9 sec left
CG set 809 / 4710    4123.4666 GFlop/s     (515.4333 GFlop/s per process)    17%    2968.1 sec left
CG set 810 / 4710    4123.4422 GFlop/s     (515.4303 GFlop/s per process)    17%    2967.3 sec left
CG set 811 / 4710    4123.4288 GFlop/s     (515.4286 GFlop/s per process)    17%    2966.5 sec left
CG set 812 / 4710    4123.3987 GFlop/s     (515.4248 GFlop/s per process)    17%    2965.7 sec left
CG set 813 / 4710    4123.3863 GFlop/s     (515.4233 GFlop/s per process)    17%    2965.0 sec left
CG set 814 / 4710    4123.3656 GFlop/s     (515.4207 GFlop/s per process)    17%    2964.2 sec left
CG set 815 / 4710    4123.3463 GFlop/s     (515.4183 GFlop/s per process)    17%    2963.4 sec left
CG set 816 / 4710    4123.3128 GFlop/s     (515.4141 GFlop/s per process)    17%    2962.6 sec left
CG set 817 / 4710    4123.3159 GFlop/s     (515.4145 GFlop/s per process)    17%    2961.8 sec left
CG set 818 / 4710    4123.3178 GFlop/s     (515.4147 GFlop/s per process)    17%    2961.0 sec left
CG set 819 / 4710    4123.3185 GFlop/s     (515.4148 GFlop/s per process)    17%    2960.3 sec left
CG set 820 / 4710    4123.3094 GFlop/s     (515.4137 GFlop/s per process)    17%    2959.5 sec left
CG set 821 / 4710    4123.2987 GFlop/s     (515.4123 GFlop/s per process)    17%    2958.7 sec left
CG set 822 / 4710    4123.2925 GFlop/s     (515.4116 GFlop/s per process)    17%    2957.9 sec left
CG set 823 / 4710    4123.2561 GFlop/s     (515.4070 GFlop/s per process)    17%    2957.1 sec left
CG set 824 / 4710    4123.2461 GFlop/s     (515.4058 GFlop/s per process)    17%    2956.3 sec left
CG set 825 / 4710    4123.2044 GFlop/s     (515.4005 GFlop/s per process)    17%    2955.6 sec left
CG set 826 / 4710    4123.1810 GFlop/s     (515.3976 GFlop/s per process)    17%    2954.8 sec left
CG set 827 / 4710    4123.1766 GFlop/s     (515.3971 GFlop/s per process)    17%    2954.0 sec left
CG set 828 / 4710    4123.1781 GFlop/s     (515.3973 GFlop/s per process)    17%    2953.2 sec left
CG set 829 / 4710    4123.1841 GFlop/s     (515.3980 GFlop/s per process)    17%    2952.4 sec left
CG set 830 / 4710    4123.1715 GFlop/s     (515.3964 GFlop/s per process)    17%    2951.6 sec left
CG set 831 / 4710    4123.1997 GFlop/s     (515.4000 GFlop/s per process)    17%    2950.9 sec left
CG set 832 / 4710    4123.1664 GFlop/s     (515.3958 GFlop/s per process)    17%    2950.1 sec left
CG set 833 / 4710    4123.1355 GFlop/s     (515.3919 GFlop/s per process)    17%    2949.3 sec left
CG set 834 / 4710    4123.1050 GFlop/s     (515.3881 GFlop/s per process)    17%    2948.5 sec left
CG set 835 / 4710    4123.0627 GFlop/s     (515.3828 GFlop/s per process)    17%    2947.7 sec left
CG set 836 / 4710    4123.0506 GFlop/s     (515.3813 GFlop/s per process)    17%    2946.9 sec left
CG set 837 / 4710    4123.0423 GFlop/s     (515.3803 GFlop/s per process)    17%    2946.2 sec left
CG set 838 / 4710    4123.0490 GFlop/s     (515.3811 GFlop/s per process)    17%    2945.4 sec left
CG set 839 / 4710    4123.0434 GFlop/s     (515.3804 GFlop/s per process)    17%    2944.6 sec left
CG set 840 / 4710    4123.0110 GFlop/s     (515.3764 GFlop/s per process)    17%    2943.8 sec left
CG set 841 / 4710    4122.9637 GFlop/s     (515.3705 GFlop/s per process)    17%    2943.0 sec left
CG set 842 / 4710    4122.9599 GFlop/s     (515.3700 GFlop/s per process)    17%    2942.2 sec left
CG set 843 / 4710    4122.9230 GFlop/s     (515.3654 GFlop/s per process)    17%    2941.4 sec left
CG set 844 / 4710    4122.8888 GFlop/s     (515.3611 GFlop/s per process)    17%    2940.7 sec left
CG set 845 / 4710    4122.8562 GFlop/s     (515.3570 GFlop/s per process)    17%    2939.9 sec left
CG set 846 / 4710    4122.8430 GFlop/s     (515.3554 GFlop/s per process)    17%    2939.1 sec left
CG set 847 / 4710    4122.8350 GFlop/s     (515.3544 GFlop/s per process)    17%    2938.3 sec left
CG set 848 / 4710    4122.8330 GFlop/s     (515.3541 GFlop/s per process)    18%    2937.5 sec left
CG set 849 / 4710    4122.8137 GFlop/s     (515.3517 GFlop/s per process)    18%    2936.7 sec left
CG set 850 / 4710    4122.8068 GFlop/s     (515.3508 GFlop/s per process)    18%    2936.0 sec left
CG set 851 / 4710    4122.7925 GFlop/s     (515.3491 GFlop/s per process)    18%    2935.2 sec left
CG set 852 / 4710    4122.7927 GFlop/s     (515.3491 GFlop/s per process)    18%    2934.4 sec left
CG set 853 / 4710    4122.7878 GFlop/s     (515.3485 GFlop/s per process)    18%    2933.6 sec left
CG set 854 / 4710    4122.7835 GFlop/s     (515.3479 GFlop/s per process)    18%    2932.8 sec left
CG set 855 / 4710    4122.7810 GFlop/s     (515.3476 GFlop/s per process)    18%    2932.0 sec left
CG set 856 / 4710    4122.7684 GFlop/s     (515.3461 GFlop/s per process)    18%    2931.3 sec left
CG set 857 / 4710    4122.7238 GFlop/s     (515.3405 GFlop/s per process)    18%    2930.5 sec left
CG set 858 / 4710    4122.6950 GFlop/s     (515.3369 GFlop/s per process)    18%    2929.7 sec left
CG set 859 / 4710    4122.6969 GFlop/s     (515.3371 GFlop/s per process)    18%    2928.9 sec left
CG set 860 / 4710    4122.6898 GFlop/s     (515.3362 GFlop/s per process)    18%    2928.1 sec left
CG set 861 / 4710    4122.6858 GFlop/s     (515.3357 GFlop/s per process)    18%    2927.3 sec left
CG set 862 / 4710    4122.7125 GFlop/s     (515.3391 GFlop/s per process)    18%    2926.6 sec left
CG set 863 / 4710    4122.7246 GFlop/s     (515.3406 GFlop/s per process)    18%    2925.8 sec left
CG set 864 / 4710    4122.6947 GFlop/s     (515.3368 GFlop/s per process)    18%    2925.0 sec left
CG set 865 / 4710    4122.6667 GFlop/s     (515.3333 GFlop/s per process)    18%    2924.2 sec left
CG set 866 / 4710    4122.6482 GFlop/s     (515.3310 GFlop/s per process)    18%    2923.4 sec left
CG set 867 / 4710    4122.6302 GFlop/s     (515.3288 GFlop/s per process)    18%    2922.6 sec left
CG set 868 / 4710    4122.6230 GFlop/s     (515.3279 GFlop/s per process)    18%    2921.9 sec left
CG set 869 / 4710    4122.6471 GFlop/s     (515.3309 GFlop/s per process)    18%    2921.1 sec left
CG set 870 / 4710    4122.6392 GFlop/s     (515.3299 GFlop/s per process)    18%    2920.3 sec left
CG set 871 / 4710    4122.6216 GFlop/s     (515.3277 GFlop/s per process)    18%    2919.5 sec left
CG set 872 / 4710    4122.5970 GFlop/s     (515.3246 GFlop/s per process)    18%    2918.7 sec left
CG set 873 / 4710    4122.5825 GFlop/s     (515.3228 GFlop/s per process)    18%    2918.0 sec left
CG set 874 / 4710    4122.5783 GFlop/s     (515.3223 GFlop/s per process)    18%    2917.2 sec left
CG set 875 / 4710    4122.5511 GFlop/s     (515.3189 GFlop/s per process)    18%    2916.4 sec left
CG set 876 / 4710    4122.5097 GFlop/s     (515.3137 GFlop/s per process)    18%    2915.6 sec left
CG set 877 / 4710    4122.4979 GFlop/s     (515.3122 GFlop/s per process)    18%    2914.8 sec left
CG set 878 / 4710    4122.4757 GFlop/s     (515.3095 GFlop/s per process)    18%    2914.0 sec left
CG set 879 / 4710    4122.4677 GFlop/s     (515.3085 GFlop/s per process)    18%    2913.2 sec left
CG set 880 / 4710    4122.4563 GFlop/s     (515.3070 GFlop/s per process)    18%    2912.5 sec left
CG set 881 / 4710    4122.4476 GFlop/s     (515.3060 GFlop/s per process)    18%    2911.7 sec left
CG set 882 / 4710    4122.4490 GFlop/s     (515.3061 GFlop/s per process)    18%    2910.9 sec left
CG set 883 / 4710    4122.4498 GFlop/s     (515.3062 GFlop/s per process)    18%    2910.1 sec left
CG set 884 / 4710    4122.4274 GFlop/s     (515.3034 GFlop/s per process)    18%    2909.3 sec left
CG set 885 / 4710    4122.4204 GFlop/s     (515.3026 GFlop/s per process)    18%    2908.5 sec left
CG set 886 / 4710    4122.4156 GFlop/s     (515.3020 GFlop/s per process)    18%    2907.8 sec left
CG set 887 / 4710    4122.4147 GFlop/s     (515.3018 GFlop/s per process)    18%    2907.0 sec left
CG set 888 / 4710    4122.3875 GFlop/s     (515.2984 GFlop/s per process)    18%    2906.2 sec left
CG set 889 / 4710    4122.3326 GFlop/s     (515.2916 GFlop/s per process)    18%    2905.4 sec left
CG set 890 / 4710    4122.3091 GFlop/s     (515.2886 GFlop/s per process)    18%    2904.6 sec left
CG set 891 / 4710    4122.2981 GFlop/s     (515.2873 GFlop/s per process)    18%    2903.8 sec left
CG set 892 / 4710    4122.2830 GFlop/s     (515.2854 GFlop/s per process)    18%    2903.1 sec left
CG set 893 / 4710    4122.2909 GFlop/s     (515.2864 GFlop/s per process)    18%    2902.3 sec left
CG set 894 / 4710    4122.2828 GFlop/s     (515.2853 GFlop/s per process)    18%    2901.5 sec left
CG set 895 / 4710    4122.2776 GFlop/s     (515.2847 GFlop/s per process)    19%    2900.7 sec left
CG set 896 / 4710    4122.2550 GFlop/s     (515.2819 GFlop/s per process)    19%    2899.9 sec left
CG set 897 / 4710    4122.2316 GFlop/s     (515.2789 GFlop/s per process)    19%    2899.1 sec left
CG set 898 / 4710    4122.2093 GFlop/s     (515.2762 GFlop/s per process)    19%    2898.4 sec left
CG set 899 / 4710    4122.1887 GFlop/s     (515.2736 GFlop/s per process)    19%    2897.6 sec left
CG set 900 / 4710    4122.1822 GFlop/s     (515.2728 GFlop/s per process)    19%    2896.8 sec left
CG set 901 / 4710    4122.1873 GFlop/s     (515.2734 GFlop/s per process)    19%    2896.0 sec left
CG set 902 / 4710    4122.1910 GFlop/s     (515.2739 GFlop/s per process)    19%    2895.2 sec left
CG set 903 / 4710    4122.1682 GFlop/s     (515.2710 GFlop/s per process)    19%    2894.4 sec left
CG set 904 / 4710    4122.1355 GFlop/s     (515.2669 GFlop/s per process)    19%    2893.7 sec left
CG set 905 / 4710    4122.1073 GFlop/s     (515.2634 GFlop/s per process)    19%    2892.9 sec left
CG set 906 / 4710    4122.1051 GFlop/s     (515.2631 GFlop/s per process)    19%    2892.1 sec left
CG set 907 / 4710    4122.0921 GFlop/s     (515.2615 GFlop/s per process)    19%    2891.3 sec left
CG set 908 / 4710    4122.0616 GFlop/s     (515.2577 GFlop/s per process)    19%    2890.5 sec left
CG set 909 / 4710    4122.0539 GFlop/s     (515.2567 GFlop/s per process)    19%    2889.7 sec left
CG set 910 / 4710    4122.0502 GFlop/s     (515.2563 GFlop/s per process)    19%    2889.0 sec left
CG set 911 / 4710    4122.0435 GFlop/s     (515.2554 GFlop/s per process)    19%    2888.2 sec left
CG set 912 / 4710    4122.0226 GFlop/s     (515.2528 GFlop/s per process)    19%    2887.4 sec left
CG set 913 / 4710    4122.0090 GFlop/s     (515.2511 GFlop/s per process)    19%    2886.6 sec left
CG set 914 / 4710    4122.0038 GFlop/s     (515.2505 GFlop/s per process)    19%    2885.8 sec left
CG set 915 / 4710    4121.9931 GFlop/s     (515.2491 GFlop/s per process)    19%    2885.0 sec left
CG set 916 / 4710    4121.9906 GFlop/s     (515.2488 GFlop/s per process)    19%    2884.3 sec left
CG set 917 / 4710    4122.0042 GFlop/s     (515.2505 GFlop/s per process)    19%    2883.5 sec left
CG set 918 / 4710    4121.9970 GFlop/s     (515.2496 GFlop/s per process)    19%    2882.7 sec left
CG set 919 / 4710    4121.9846 GFlop/s     (515.2481 GFlop/s per process)    19%    2881.9 sec left
CG set 920 / 4710    4121.9601 GFlop/s     (515.2450 GFlop/s per process)    19%    2881.1 sec left
CG set 921 / 4710    4121.9342 GFlop/s     (515.2418 GFlop/s per process)    19%    2880.3 sec left
CG set 922 / 4710    4121.9180 GFlop/s     (515.2397 GFlop/s per process)    19%    2879.6 sec left
CG set 923 / 4710    4121.9196 GFlop/s     (515.2400 GFlop/s per process)    19%    2878.8 sec left
CG set 924 / 4710    4121.9095 GFlop/s     (515.2387 GFlop/s per process)    19%    2878.0 sec left
CG set 925 / 4710    4121.8990 GFlop/s     (515.2374 GFlop/s per process)    19%    2877.2 sec left
CG set 926 / 4710    4121.8930 GFlop/s     (515.2366 GFlop/s per process)    19%    2876.4 sec left
CG set 927 / 4710    4121.8879 GFlop/s     (515.2360 GFlop/s per process)    19%    2875.6 sec left
CG set 928 / 4710    4121.8684 GFlop/s     (515.2336 GFlop/s per process)    19%    2874.9 sec left
CG set 929 / 4710    4121.8223 GFlop/s     (515.2278 GFlop/s per process)    19%    2874.1 sec left
CG set 930 / 4710    4121.7905 GFlop/s     (515.2238 GFlop/s per process)    19%    2873.3 sec left
CG set 931 / 4710    4121.7839 GFlop/s     (515.2230 GFlop/s per process)    19%    2872.5 sec left
CG set 932 / 4710    4121.7758 GFlop/s     (515.2220 GFlop/s per process)    19%    2871.7 sec left
CG set 933 / 4710    4121.7682 GFlop/s     (515.2210 GFlop/s per process)    19%    2870.9 sec left
CG set 934 / 4710    4121.7573 GFlop/s     (515.2197 GFlop/s per process)    19%    2870.1 sec left
CG set 935 / 4710    4121.7438 GFlop/s     (515.2180 GFlop/s per process)    19%    2869.4 sec left
CG set 936 / 4710    4121.7132 GFlop/s     (515.2141 GFlop/s per process)    19%    2868.6 sec left
CG set 937 / 4710    4121.6995 GFlop/s     (515.2124 GFlop/s per process)    19%    2867.8 sec left
CG set 938 / 4710    4121.7105 GFlop/s     (515.2138 GFlop/s per process)    19%    2867.0 sec left
CG set 939 / 4710    4121.6886 GFlop/s     (515.2111 GFlop/s per process)    19%    2866.2 sec left
CG set 940 / 4710    4121.6597 GFlop/s     (515.2075 GFlop/s per process)    19%    2865.4 sec left
CG set 941 / 4710    4121.6522 GFlop/s     (515.2065 GFlop/s per process)    19%    2864.7 sec left
CG set 942 / 4710    4121.6474 GFlop/s     (515.2059 GFlop/s per process)    20%    2863.9 sec left
CG set 943 / 4710    4121.6262 GFlop/s     (515.2033 GFlop/s per process)    20%    2863.1 sec left
CG set 944 / 4710    4121.6162 GFlop/s     (515.2020 GFlop/s per process)    20%    2862.3 sec left
CG set 945 / 4710    4121.6115 GFlop/s     (515.2014 GFlop/s per process)    20%    2861.5 sec left
CG set 946 / 4710    4121.6098 GFlop/s     (515.2012 GFlop/s per process)    20%    2860.7 sec left
CG set 947 / 4710    4121.6126 GFlop/s     (515.2016 GFlop/s per process)    20%    2860.0 sec left
CG set 948 / 4710    4121.6113 GFlop/s     (515.2014 GFlop/s per process)    20%    2859.2 sec left
CG set 949 / 4710    4121.6118 GFlop/s     (515.2015 GFlop/s per process)    20%    2858.4 sec left
CG set 950 / 4710    4121.5766 GFlop/s     (515.1971 GFlop/s per process)    20%    2857.6 sec left
CG set 951 / 4710    4121.5739 GFlop/s     (515.1967 GFlop/s per process)    20%    2856.8 sec left
CG set 952 / 4710    4121.5660 GFlop/s     (515.1957 GFlop/s per process)    20%    2856.0 sec left
CG set 953 / 4710    4121.5152 GFlop/s     (515.1894 GFlop/s per process)    20%    2855.3 sec left
CG set 954 / 4710    4121.4908 GFlop/s     (515.1864 GFlop/s per process)    20%    2854.5 sec left
CG set 955 / 4710    4121.4892 GFlop/s     (515.1861 GFlop/s per process)    20%    2853.7 sec left
CG set 956 / 4710    4121.4838 GFlop/s     (515.1855 GFlop/s per process)    20%    2852.9 sec left
CG set 957 / 4710    4121.4884 GFlop/s     (515.1861 GFlop/s per process)    20%    2852.1 sec left
CG set 958 / 4710    4121.4813 GFlop/s     (515.1852 GFlop/s per process)    20%    2851.3 sec left
CG set 959 / 4710    4121.4681 GFlop/s     (515.1835 GFlop/s per process)    20%    2850.6 sec left
CG set 960 / 4710    4121.4561 GFlop/s     (515.1820 GFlop/s per process)    20%    2849.8 sec left
CG set 961 / 4710    4121.4353 GFlop/s     (515.1794 GFlop/s per process)    20%    2849.0 sec left
CG set 962 / 4710    4121.4139 GFlop/s     (515.1767 GFlop/s per process)    20%    2848.2 sec left
CG set 963 / 4710    4121.4078 GFlop/s     (515.1760 GFlop/s per process)    20%    2847.4 sec left
CG set 964 / 4710    4121.4117 GFlop/s     (515.1765 GFlop/s per process)    20%    2846.6 sec left
CG set 965 / 4710    4121.4309 GFlop/s     (515.1789 GFlop/s per process)    20%    2845.9 sec left
CG set 966 / 4710    4121.4271 GFlop/s     (515.1784 GFlop/s per process)    20%    2845.1 sec left
CG set 967 / 4710    4121.4112 GFlop/s     (515.1764 GFlop/s per process)    20%    2844.3 sec left
CG set 968 / 4710    4121.3900 GFlop/s     (515.1738 GFlop/s per process)    20%    2843.5 sec left
CG set 969 / 4710    4121.3605 GFlop/s     (515.1701 GFlop/s per process)    20%    2842.7 sec left
CG set 970 / 4710    4121.3455 GFlop/s     (515.1682 GFlop/s per process)    20%    2841.9 sec left
CG set 971 / 4710    4121.3237 GFlop/s     (515.1655 GFlop/s per process)    20%    2841.2 sec left
CG set 972 / 4710    4121.3054 GFlop/s     (515.1632 GFlop/s per process)    20%    2840.4 sec left
CG set 973 / 4710    4121.2994 GFlop/s     (515.1624 GFlop/s per process)    20%    2839.6 sec left
CG set 974 / 4710    4121.3017 GFlop/s     (515.1627 GFlop/s per process)    20%    2838.8 sec left
CG set 975 / 4710    4121.2811 GFlop/s     (515.1601 GFlop/s per process)    20%    2838.0 sec left
CG set 976 / 4710    4121.2779 GFlop/s     (515.1597 GFlop/s per process)    20%    2837.2 sec left
CG set 977 / 4710    4121.2722 GFlop/s     (515.1590 GFlop/s per process)    20%    2836.5 sec left
CG set 978 / 4710    4121.2644 GFlop/s     (515.1580 GFlop/s per process)    20%    2835.7 sec left
CG set 979 / 4710    4121.2682 GFlop/s     (515.1585 GFlop/s per process)    20%    2834.9 sec left
CG set 980 / 4710    4121.2622 GFlop/s     (515.1578 GFlop/s per process)    20%    2834.1 sec left
CG set 981 / 4710    4121.2699 GFlop/s     (515.1587 GFlop/s per process)    20%    2833.3 sec left
CG set 982 / 4710    4121.2547 GFlop/s     (515.1568 GFlop/s per process)    20%    2832.5 sec left
CG set 983 / 4710    4121.2523 GFlop/s     (515.1565 GFlop/s per process)    20%    2831.8 sec left
CG set 984 / 4710    4121.2475 GFlop/s     (515.1559 GFlop/s per process)    20%    2831.0 sec left
CG set 985 / 4710    4121.1954 GFlop/s     (515.1494 GFlop/s per process)    20%    2830.2 sec left
CG set 986 / 4710    4121.1756 GFlop/s     (515.1470 GFlop/s per process)    20%    2829.4 sec left
CG set 987 / 4710    4121.1652 GFlop/s     (515.1457 GFlop/s per process)    20%    2828.6 sec left
CG set 988 / 4710    4121.1534 GFlop/s     (515.1442 GFlop/s per process)    20%    2827.8 sec left
CG set 989 / 4710    4121.1628 GFlop/s     (515.1454 GFlop/s per process)    20%    2827.1 sec left
CG set 990 / 4710    4121.1656 GFlop/s     (515.1457 GFlop/s per process)    21%    2826.3 sec left
CG set 991 / 4710    4121.1788 GFlop/s     (515.1473 GFlop/s per process)    21%    2825.5 sec left
CG set 992 / 4710    4121.1668 GFlop/s     (515.1459 GFlop/s per process)    21%    2824.7 sec left
CG set 993 / 4710    4121.1583 GFlop/s     (515.1448 GFlop/s per process)    21%    2823.9 sec left
CG set 994 / 4710    4121.1467 GFlop/s     (515.1433 GFlop/s per process)    21%    2823.1 sec left
CG set 995 / 4710    4121.1375 GFlop/s     (515.1422 GFlop/s per process)    21%    2822.4 sec left
CG set 996 / 4710    4121.1489 GFlop/s     (515.1436 GFlop/s per process)    21%    2821.6 sec left
CG set 997 / 4710    4121.1530 GFlop/s     (515.1441 GFlop/s per process)    21%    2820.8 sec left
CG set 998 / 4710    4121.1638 GFlop/s     (515.1455 GFlop/s per process)    21%    2820.0 sec left
CG set 999 / 4710    4121.1492 GFlop/s     (515.1437 GFlop/s per process)    21%    2819.2 sec left
CG set 1000 / 4710    4121.1302 GFlop/s     (515.1413 GFlop/s per process)    21%    2818.5 sec left
CG set 1001 / 4710    4121.1071 GFlop/s     (515.1384 GFlop/s per process)    21%    2817.7 sec left
CG set 1002 / 4710    4121.1075 GFlop/s     (515.1384 GFlop/s per process)    21%    2816.9 sec left
CG set 1003 / 4710    4121.1041 GFlop/s     (515.1380 GFlop/s per process)    21%    2816.1 sec left
CG set 1004 / 4710    4121.0916 GFlop/s     (515.1364 GFlop/s per process)    21%    2815.3 sec left
CG set 1005 / 4710    4121.0660 GFlop/s     (515.1332 GFlop/s per process)    21%    2814.5 sec left
CG set 1006 / 4710    4121.0656 GFlop/s     (515.1332 GFlop/s per process)    21%    2813.7 sec left
CG set 1007 / 4710    4121.0530 GFlop/s     (515.1316 GFlop/s per process)    21%    2813.0 sec left
CG set 1008 / 4710    4121.0424 GFlop/s     (515.1303 GFlop/s per process)    21%    2812.2 sec left
CG set 1009 / 4710    4121.0464 GFlop/s     (515.1308 GFlop/s per process)    21%    2811.4 sec left
CG set 1010 / 4710    4121.0547 GFlop/s     (515.1318 GFlop/s per process)    21%    2810.6 sec left
CG set 1011 / 4710    4121.0595 GFlop/s     (515.1324 GFlop/s per process)    21%    2809.8 sec left
CG set 1012 / 4710    4121.0491 GFlop/s     (515.1311 GFlop/s per process)    21%    2809.1 sec left
CG set 1013 / 4710    4121.0564 GFlop/s     (515.1320 GFlop/s per process)    21%    2808.3 sec left
CG set 1014 / 4710    4121.0483 GFlop/s     (515.1310 GFlop/s per process)    21%    2807.5 sec left
CG set 1015 / 4710    4121.0548 GFlop/s     (515.1318 GFlop/s per process)    21%    2806.7 sec left
CG set 1016 / 4710    4121.0497 GFlop/s     (515.1312 GFlop/s per process)    21%    2805.9 sec left
CG set 1017 / 4710    4121.0167 GFlop/s     (515.1271 GFlop/s per process)    21%    2805.1 sec left
CG set 1018 / 4710    4120.9958 GFlop/s     (515.1245 GFlop/s per process)    21%    2804.4 sec left
CG set 1019 / 4710    4120.9890 GFlop/s     (515.1236 GFlop/s per process)    21%    2803.6 sec left
CG set 1020 / 4710    4120.9909 GFlop/s     (515.1239 GFlop/s per process)    21%    2802.8 sec left
CG set 1021 / 4710    4121.0031 GFlop/s     (515.1254 GFlop/s per process)    21%    2802.0 sec left
CG set 1022 / 4710    4120.9943 GFlop/s     (515.1243 GFlop/s per process)    21%    2801.2 sec left
CG set 1023 / 4710    4120.9958 GFlop/s     (515.1245 GFlop/s per process)    21%    2800.4 sec left
CG set 1024 / 4710    4121.0015 GFlop/s     (515.1252 GFlop/s per process)    21%    2799.7 sec left
CG set 1025 / 4710    4120.9726 GFlop/s     (515.1216 GFlop/s per process)    21%    2798.9 sec left
CG set 1026 / 4710    4120.9375 GFlop/s     (515.1172 GFlop/s per process)    21%    2798.1 sec left
CG set 1027 / 4710    4120.9113 GFlop/s     (515.1139 GFlop/s per process)    21%    2797.3 sec left
CG set 1028 / 4710    4120.9010 GFlop/s     (515.1126 GFlop/s per process)    21%    2796.5 sec left
CG set 1029 / 4710    4120.8975 GFlop/s     (515.1122 GFlop/s per process)    21%    2795.7 sec left
CG set 1030 / 4710    4120.8960 GFlop/s     (515.1120 GFlop/s per process)    21%    2795.0 sec left
CG set 1031 / 4710    4120.9019 GFlop/s     (515.1127 GFlop/s per process)    21%    2794.2 sec left
CG set 1032 / 4710    4120.8805 GFlop/s     (515.1101 GFlop/s per process)    21%    2793.4 sec left
CG set 1033 / 4710    4120.8586 GFlop/s     (515.1073 GFlop/s per process)    21%    2792.6 sec left
CG set 1034 / 4710    4120.8552 GFlop/s     (515.1069 GFlop/s per process)    21%    2791.8 sec left
CG set 1035 / 4710    4120.8554 GFlop/s     (515.1069 GFlop/s per process)    21%    2791.0 sec left
CG set 1036 / 4710    4120.8216 GFlop/s     (515.1027 GFlop/s per process)    21%    2790.3 sec left
CG set 1037 / 4710    4120.8062 GFlop/s     (515.1008 GFlop/s per process)    22%    2789.5 sec left
CG set 1038 / 4710    4120.7867 GFlop/s     (515.0983 GFlop/s per process)    22%    2788.7 sec left
CG set 1039 / 4710    4120.7673 GFlop/s     (515.0959 GFlop/s per process)    22%    2787.9 sec left
CG set 1040 / 4710    4120.7599 GFlop/s     (515.0950 GFlop/s per process)    22%    2787.1 sec left
CG set 1041 / 4710    4120.7514 GFlop/s     (515.0939 GFlop/s per process)    22%    2786.3 sec left
CG set 1042 / 4710    4120.7497 GFlop/s     (515.0937 GFlop/s per process)    22%    2785.5 sec left
CG set 1043 / 4710    4120.7470 GFlop/s     (515.0934 GFlop/s per process)    22%    2784.8 sec left
CG set 1044 / 4710    4120.7577 GFlop/s     (515.0947 GFlop/s per process)    22%    2784.0 sec left
CG set 1045 / 4710    4120.7520 GFlop/s     (515.0940 GFlop/s per process)    22%    2783.2 sec left
CG set 1046 / 4710    4120.7297 GFlop/s     (515.0912 GFlop/s per process)    22%    2782.4 sec left
CG set 1047 / 4710    4120.7439 GFlop/s     (515.0930 GFlop/s per process)    22%    2781.6 sec left
CG set 1048 / 4710    4120.7262 GFlop/s     (515.0908 GFlop/s per process)    22%    2780.9 sec left
CG set 1049 / 4710    4120.6907 GFlop/s     (515.0863 GFlop/s per process)    22%    2780.1 sec left
CG set 1050 / 4710    4120.6662 GFlop/s     (515.0833 GFlop/s per process)    22%    2779.3 sec left
CG set 1051 / 4710    4120.6489 GFlop/s     (515.0811 GFlop/s per process)    22%    2778.5 sec left
CG set 1052 / 4710    4120.6340 GFlop/s     (515.0792 GFlop/s per process)    22%    2777.7 sec left
CG set 1053 / 4710    4120.6417 GFlop/s     (515.0802 GFlop/s per process)    22%    2776.9 sec left
CG set 1054 / 4710    4120.6404 GFlop/s     (515.0800 GFlop/s per process)    22%    2776.1 sec left
CG set 1055 / 4710    4120.6322 GFlop/s     (515.0790 GFlop/s per process)    22%    2775.4 sec left
CG set 1056 / 4710    4120.6011 GFlop/s     (515.0751 GFlop/s per process)    22%    2774.6 sec left
CG set 1057 / 4710    4120.5850 GFlop/s     (515.0731 GFlop/s per process)    22%    2773.8 sec left
CG set 1058 / 4710    4120.5663 GFlop/s     (515.0708 GFlop/s per process)    22%    2773.0 sec left
CG set 1059 / 4710    4120.5304 GFlop/s     (515.0663 GFlop/s per process)    22%    2772.2 sec left
CG set 1060 / 4710    4120.5088 GFlop/s     (515.0636 GFlop/s per process)    22%    2771.4 sec left
CG set 1061 / 4710    4120.4928 GFlop/s     (515.0616 GFlop/s per process)    22%    2770.6 sec left
CG set 1062 / 4710    4120.4713 GFlop/s     (515.0589 GFlop/s per process)    22%    2769.9 sec left
CG set 1063 / 4710    4120.4334 GFlop/s     (515.0542 GFlop/s per process)    22%    2769.1 sec left
CG set 1064 / 4710    4120.3941 GFlop/s     (515.0493 GFlop/s per process)    22%    2768.3 sec left
CG set 1065 / 4710    4120.3755 GFlop/s     (515.0469 GFlop/s per process)    22%    2767.5 sec left
CG set 1066 / 4710    4120.3756 GFlop/s     (515.0469 GFlop/s per process)    22%    2766.7 sec left
CG set 1067 / 4710    4120.3387 GFlop/s     (515.0423 GFlop/s per process)    22%    2765.9 sec left
CG set 1068 / 4710    4120.3085 GFlop/s     (515.0386 GFlop/s per process)    22%    2765.1 sec left
CG set 1069 / 4710    4120.2839 GFlop/s     (515.0355 GFlop/s per process)    22%    2764.3 sec left
CG set 1070 / 4710    4120.2738 GFlop/s     (515.0342 GFlop/s per process)    22%    2763.6 sec left
CG set 1071 / 4710    4120.2454 GFlop/s     (515.0307 GFlop/s per process)    22%    2762.8 sec left
CG set 1072 / 4710    4120.2130 GFlop/s     (515.0266 GFlop/s per process)    22%    2762.0 sec left
CG set 1073 / 4710    4120.2019 GFlop/s     (515.0252 GFlop/s per process)    22%    2761.2 sec left
CG set 1074 / 4710    4120.1959 GFlop/s     (515.0245 GFlop/s per process)    22%    2760.4 sec left
CG set 1075 / 4710    4120.2054 GFlop/s     (515.0257 GFlop/s per process)    22%    2759.6 sec left
CG set 1076 / 4710    4120.2061 GFlop/s     (515.0258 GFlop/s per process)    22%    2758.9 sec left
CG set 1077 / 4710    4120.2007 GFlop/s     (515.0251 GFlop/s per process)    22%    2758.1 sec left
CG set 1078 / 4710    4120.1846 GFlop/s     (515.0231 GFlop/s per process)    22%    2757.3 sec left
CG set 1079 / 4710    4120.1796 GFlop/s     (515.0224 GFlop/s per process)    22%    2756.5 sec left
CG set 1080 / 4710    4120.1695 GFlop/s     (515.0212 GFlop/s per process)    22%    2755.7 sec left
CG set 1081 / 4710    4120.1220 GFlop/s     (515.0153 GFlop/s per process)    22%    2754.9 sec left
CG set 1082 / 4710    4120.0974 GFlop/s     (515.0122 GFlop/s per process)    22%    2754.1 sec left
CG set 1083 / 4710    4120.0984 GFlop/s     (515.0123 GFlop/s per process)    22%    2753.4 sec left
CG set 1084 / 4710    4120.0882 GFlop/s     (515.0110 GFlop/s per process)    23%    2752.6 sec left
CG set 1085 / 4710    4120.0833 GFlop/s     (515.0104 GFlop/s per process)    23%    2751.8 sec left
CG set 1086 / 4710    4120.0589 GFlop/s     (515.0074 GFlop/s per process)    23%    2751.0 sec left
CG set 1087 / 4710    4120.0428 GFlop/s     (515.0054 GFlop/s per process)    23%    2750.2 sec left
CG set 1088 / 4710    4120.0062 GFlop/s     (515.0008 GFlop/s per process)    23%    2749.4 sec left
CG set 1089 / 4710    4119.9739 GFlop/s     (514.9967 GFlop/s per process)    23%    2748.6 sec left
CG set 1090 / 4710    4119.9417 GFlop/s     (514.9927 GFlop/s per process)    23%    2747.9 sec left
CG set 1091 / 4710    4119.9297 GFlop/s     (514.9912 GFlop/s per process)    23%    2747.1 sec left
CG set 1092 / 4710    4119.9222 GFlop/s     (514.9903 GFlop/s per process)    23%    2746.3 sec left
CG set 1093 / 4710    4119.9034 GFlop/s     (514.9879 GFlop/s per process)    23%    2745.5 sec left
CG set 1094 / 4710    4119.8923 GFlop/s     (514.9865 GFlop/s per process)    23%    2744.7 sec left
CG set 1095 / 4710    4119.8780 GFlop/s     (514.9847 GFlop/s per process)    23%    2743.9 sec left
CG set 1096 / 4710    4119.8510 GFlop/s     (514.9814 GFlop/s per process)    23%    2743.2 sec left
CG set 1097 / 4710    4119.8303 GFlop/s     (514.9788 GFlop/s per process)    23%    2742.4 sec left
CG set 1098 / 4710    4119.8111 GFlop/s     (514.9764 GFlop/s per process)    23%    2741.6 sec left
CG set 1099 / 4710    4119.7843 GFlop/s     (514.9730 GFlop/s per process)    23%    2740.8 sec left
CG set 1100 / 4710    4119.7584 GFlop/s     (514.9698 GFlop/s per process)    23%    2740.0 sec left
CG set 1101 / 4710    4119.7476 GFlop/s     (514.9685 GFlop/s per process)    23%    2739.2 sec left
CG set 1102 / 4710    4119.7260 GFlop/s     (514.9657 GFlop/s per process)    23%    2738.4 sec left
CG set 1103 / 4710    4119.7026 GFlop/s     (514.9628 GFlop/s per process)    23%    2737.6 sec left
CG set 1104 / 4710    4119.6787 GFlop/s     (514.9598 GFlop/s per process)    23%    2736.9 sec left
CG set 1105 / 4710    4119.6602 GFlop/s     (514.9575 GFlop/s per process)    23%    2736.1 sec left
CG set 1106 / 4710    4119.6552 GFlop/s     (514.9569 GFlop/s per process)    23%    2735.3 sec left
CG set 1107 / 4710    4119.6552 GFlop/s     (514.9569 GFlop/s per process)    23%    2734.5 sec left
CG set 1108 / 4710    4119.6609 GFlop/s     (514.9576 GFlop/s per process)    23%    2733.7 sec left
CG set 1109 / 4710    4119.6472 GFlop/s     (514.9559 GFlop/s per process)    23%    2732.9 sec left
CG set 1110 / 4710    4119.6226 GFlop/s     (514.9528 GFlop/s per process)    23%    2732.2 sec left
CG set 1111 / 4710    4119.6160 GFlop/s     (514.9520 GFlop/s per process)    23%    2731.4 sec left
CG set 1112 / 4710    4119.5784 GFlop/s     (514.9473 GFlop/s per process)    23%    2730.6 sec left
CG set 1113 / 4710    4119.5322 GFlop/s     (514.9415 GFlop/s per process)    23%    2729.8 sec left
CG set 1114 / 4710    4119.4997 GFlop/s     (514.9375 GFlop/s per process)    23%    2729.0 sec left
CG set 1115 / 4710    4119.4753 GFlop/s     (514.9344 GFlop/s per process)    23%    2728.2 sec left
CG set 1116 / 4710    4119.4664 GFlop/s     (514.9333 GFlop/s per process)    23%    2727.4 sec left
CG set 1117 / 4710    4119.4590 GFlop/s     (514.9324 GFlop/s per process)    23%    2726.6 sec left
CG set 1118 / 4710    4119.4503 GFlop/s     (514.9313 GFlop/s per process)    23%    2725.9 sec left
CG set 1119 / 4710    4119.4329 GFlop/s     (514.9291 GFlop/s per process)    23%    2725.1 sec left
CG set 1120 / 4710    4119.4272 GFlop/s     (514.9284 GFlop/s per process)    23%    2724.3 sec left
CG set 1121 / 4710    4119.4079 GFlop/s     (514.9260 GFlop/s per process)    23%    2723.5 sec left
CG set 1122 / 4710    4119.3923 GFlop/s     (514.9240 GFlop/s per process)    23%    2722.7 sec left
CG set 1123 / 4710    4119.3706 GFlop/s     (514.9213 GFlop/s per process)    23%    2721.9 sec left
CG set 1124 / 4710    4119.3668 GFlop/s     (514.9208 GFlop/s per process)    23%    2721.2 sec left
CG set 1125 / 4710    4119.3496 GFlop/s     (514.9187 GFlop/s per process)    23%    2720.4 sec left
CG set 1126 / 4710    4119.3335 GFlop/s     (514.9167 GFlop/s per process)    23%    2719.6 sec left
CG set 1127 / 4710    4119.3039 GFlop/s     (514.9130 GFlop/s per process)    23%    2718.8 sec left
CG set 1128 / 4710    4119.2719 GFlop/s     (514.9090 GFlop/s per process)    23%    2718.0 sec left
CG set 1129 / 4710    4119.2495 GFlop/s     (514.9062 GFlop/s per process)    23%    2717.2 sec left
CG set 1130 / 4710    4119.2362 GFlop/s     (514.9045 GFlop/s per process)    23%    2716.4 sec left
CG set 1131 / 4710    4119.1980 GFlop/s     (514.8998 GFlop/s per process)    24%    2715.6 sec left
CG set 1132 / 4710    4119.1737 GFlop/s     (514.8967 GFlop/s per process)    24%    2714.9 sec left
CG set 1133 / 4710    4119.1613 GFlop/s     (514.8952 GFlop/s per process)    24%    2714.1 sec left
CG set 1134 / 4710    4119.1356 GFlop/s     (514.8920 GFlop/s per process)    24%    2713.3 sec left
CG set 1135 / 4710    4119.1246 GFlop/s     (514.8906 GFlop/s per process)    24%    2712.5 sec left
CG set 1136 / 4710    4119.1168 GFlop/s     (514.8896 GFlop/s per process)    24%    2711.7 sec left
CG set 1137 / 4710    4119.1057 GFlop/s     (514.8882 GFlop/s per process)    24%    2710.9 sec left
CG set 1138 / 4710    4119.0959 GFlop/s     (514.8870 GFlop/s per process)    24%    2710.1 sec left
CG set 1139 / 4710    4119.0706 GFlop/s     (514.8838 GFlop/s per process)    24%    2709.4 sec left
CG set 1140 / 4710    4119.0557 GFlop/s     (514.8820 GFlop/s per process)    24%    2708.6 sec left
CG set 1141 / 4710    4119.0424 GFlop/s     (514.8803 GFlop/s per process)    24%    2707.8 sec left
CG set 1142 / 4710    4119.0134 GFlop/s     (514.8767 GFlop/s per process)    24%    2707.0 sec left
CG set 1143 / 4710    4119.0128 GFlop/s     (514.8766 GFlop/s per process)    24%    2706.2 sec left
CG set 1144 / 4710    4118.9806 GFlop/s     (514.8726 GFlop/s per process)    24%    2705.4 sec left
CG set 1145 / 4710    4118.9466 GFlop/s     (514.8683 GFlop/s per process)    24%    2704.6 sec left
CG set 1146 / 4710    4118.9206 GFlop/s     (514.8651 GFlop/s per process)    24%    2703.9 sec left
CG set 1147 / 4710    4118.9108 GFlop/s     (514.8639 GFlop/s per process)    24%    2703.1 sec left
CG set 1148 / 4710    4118.8867 GFlop/s     (514.8608 GFlop/s per process)    24%    2702.3 sec left
CG set 1149 / 4710    4118.8546 GFlop/s     (514.8568 GFlop/s per process)    24%    2701.5 sec left
CG set 1150 / 4710    4118.8341 GFlop/s     (514.8543 GFlop/s per process)    24%    2700.7 sec left
CG set 1151 / 4710    4118.8225 GFlop/s     (514.8528 GFlop/s per process)    24%    2699.9 sec left
CG set 1152 / 4710    4118.8074 GFlop/s     (514.8509 GFlop/s per process)    24%    2699.1 sec left
CG set 1153 / 4710    4118.7721 GFlop/s     (514.8465 GFlop/s per process)    24%    2698.3 sec left
CG set 1154 / 4710    4118.7579 GFlop/s     (514.8447 GFlop/s per process)    24%    2697.6 sec left
CG set 1155 / 4710    4118.7561 GFlop/s     (514.8445 GFlop/s per process)    24%    2696.8 sec left
CG set 1156 / 4710    4118.7513 GFlop/s     (514.8439 GFlop/s per process)    24%    2696.0 sec left
CG set 1157 / 4710    4118.7401 GFlop/s     (514.8425 GFlop/s per process)    24%    2695.2 sec left
CG set 1158 / 4710    4118.7386 GFlop/s     (514.8423 GFlop/s per process)    24%    2694.4 sec left
CG set 1159 / 4710    4118.7088 GFlop/s     (514.8386 GFlop/s per process)    24%    2693.6 sec left
CG set 1160 / 4710    4118.6743 GFlop/s     (514.8343 GFlop/s per process)    24%    2692.9 sec left
CG set 1161 / 4710    4118.6381 GFlop/s     (514.8298 GFlop/s per process)    24%    2692.1 sec left
CG set 1162 / 4710    4118.6303 GFlop/s     (514.8288 GFlop/s per process)    24%    2691.3 sec left
CG set 1163 / 4710    4118.6153 GFlop/s     (514.8269 GFlop/s per process)    24%    2690.5 sec left
CG set 1164 / 4710    4118.6064 GFlop/s     (514.8258 GFlop/s per process)    24%    2689.7 sec left
CG set 1165 / 4710    4118.5877 GFlop/s     (514.8235 GFlop/s per process)    24%    2688.9 sec left
CG set 1166 / 4710    4118.5736 GFlop/s     (514.8217 GFlop/s per process)    24%    2688.1 sec left
CG set 1167 / 4710    4118.5567 GFlop/s     (514.8196 GFlop/s per process)    24%    2687.4 sec left
CG set 1168 / 4710    4118.5485 GFlop/s     (514.8186 GFlop/s per process)    24%    2686.6 sec left
CG set 1169 / 4710    4118.5363 GFlop/s     (514.8170 GFlop/s per process)    24%    2685.8 sec left
CG set 1170 / 4710    4118.5403 GFlop/s     (514.8175 GFlop/s per process)    24%    2685.0 sec left
CG set 1171 / 4710    4118.5468 GFlop/s     (514.8184 GFlop/s per process)    24%    2684.2 sec left
CG set 1172 / 4710    4118.5310 GFlop/s     (514.8164 GFlop/s per process)    24%    2683.4 sec left
CG set 1173 / 4710    4118.5219 GFlop/s     (514.8152 GFlop/s per process)    24%    2682.7 sec left
CG set 1174 / 4710    4118.5098 GFlop/s     (514.8137 GFlop/s per process)    24%    2681.9 sec left
CG set 1175 / 4710    4118.5211 GFlop/s     (514.8151 GFlop/s per process)    24%    2681.1 sec left
CG set 1176 / 4710    4118.4903 GFlop/s     (514.8113 GFlop/s per process)    24%    2680.3 sec left
CG set 1177 / 4710    4118.4642 GFlop/s     (514.8080 GFlop/s per process)    24%    2679.5 sec left
CG set 1178 / 4710    4118.4580 GFlop/s     (514.8072 GFlop/s per process)    25%    2678.7 sec left
CG set 1179 / 4710    4118.4464 GFlop/s     (514.8058 GFlop/s per process)    25%    2677.9 sec left
CG set 1180 / 4710    4118.4348 GFlop/s     (514.8044 GFlop/s per process)    25%    2677.2 sec left
CG set 1181 / 4710    4118.4218 GFlop/s     (514.8027 GFlop/s per process)    25%    2676.4 sec left
CG set 1182 / 4710    4118.4190 GFlop/s     (514.8024 GFlop/s per process)    25%    2675.6 sec left
CG set 1183 / 4710    4118.3982 GFlop/s     (514.7998 GFlop/s per process)    25%    2674.8 sec left
CG set 1184 / 4710    4118.3608 GFlop/s     (514.7951 GFlop/s per process)    25%    2674.0 sec left
CG set 1185 / 4710    4118.3414 GFlop/s     (514.7927 GFlop/s per process)    25%    2673.2 sec left
CG set 1186 / 4710    4118.3097 GFlop/s     (514.7887 GFlop/s per process)    25%    2672.4 sec left
CG set 1187 / 4710    4118.3033 GFlop/s     (514.7879 GFlop/s per process)    25%    2671.7 sec left
CG set 1188 / 4710    4118.3051 GFlop/s     (514.7881 GFlop/s per process)    25%    2670.9 sec left
CG set 1189 / 4710    4118.2982 GFlop/s     (514.7873 GFlop/s per process)    25%    2670.1 sec left
CG set 1190 / 4710    4118.2963 GFlop/s     (514.7870 GFlop/s per process)    25%    2669.3 sec left
CG set 1191 / 4710    4118.2700 GFlop/s     (514.7838 GFlop/s per process)    25%    2668.5 sec left
CG set 1192 / 4710    4118.2545 GFlop/s     (514.7818 GFlop/s per process)    25%    2667.7 sec left
CG set 1193 / 4710    4118.2356 GFlop/s     (514.7795 GFlop/s per process)    25%    2666.9 sec left
CG set 1194 / 4710    4118.2059 GFlop/s     (514.7757 GFlop/s per process)    25%    2666.2 sec left
CG set 1195 / 4710    4118.1885 GFlop/s     (514.7736 GFlop/s per process)    25%    2665.4 sec left
CG set 1196 / 4710    4118.1741 GFlop/s     (514.7718 GFlop/s per process)    25%    2664.6 sec left
CG set 1197 / 4710    4118.1587 GFlop/s     (514.7698 GFlop/s per process)    25%    2663.8 sec left
CG set 1198 / 4710    4118.1406 GFlop/s     (514.7676 GFlop/s per process)    25%    2663.0 sec left
CG set 1199 / 4710    4118.1092 GFlop/s     (514.7636 GFlop/s per process)    25%    2662.2 sec left
CG set 1200 / 4710    4118.0956 GFlop/s     (514.7619 GFlop/s per process)    25%    2661.4 sec left
CG set 1201 / 4710    4118.0888 GFlop/s     (514.7611 GFlop/s per process)    25%    2660.7 sec left
CG set 1202 / 4710    4118.0655 GFlop/s     (514.7582 GFlop/s per process)    25%    2659.9 sec left
CG set 1203 / 4710    4118.0719 GFlop/s     (514.7590 GFlop/s per process)    25%    2659.1 sec left
CG set 1204 / 4710    4118.0694 GFlop/s     (514.7587 GFlop/s per process)    25%    2658.3 sec left
CG set 1205 / 4710    4118.0441 GFlop/s     (514.7555 GFlop/s per process)    25%    2657.5 sec left
CG set 1206 / 4710    4118.0379 GFlop/s     (514.7547 GFlop/s per process)    25%    2656.7 sec left
CG set 1207 / 4710    4118.0265 GFlop/s     (514.7533 GFlop/s per process)    25%    2655.9 sec left
CG set 1208 / 4710    4117.9932 GFlop/s     (514.7492 GFlop/s per process)    25%    2655.2 sec left
CG set 1209 / 4710    4117.9694 GFlop/s     (514.7462 GFlop/s per process)    25%    2654.4 sec left
CG set 1210 / 4710    4117.9564 GFlop/s     (514.7445 GFlop/s per process)    25%    2653.6 sec left
CG set 1211 / 4710    4117.9477 GFlop/s     (514.7435 GFlop/s per process)    25%    2652.8 sec left
CG set 1212 / 4710    4117.9471 GFlop/s     (514.7434 GFlop/s per process)    25%    2652.0 sec left
CG set 1213 / 4710    4117.9469 GFlop/s     (514.7434 GFlop/s per process)    25%    2651.2 sec left
CG set 1214 / 4710    4117.9447 GFlop/s     (514.7431 GFlop/s per process)    25%    2650.5 sec left
CG set 1215 / 4710    4117.9171 GFlop/s     (514.7396 GFlop/s per process)    25%    2649.7 sec left
CG set 1216 / 4710    4117.8929 GFlop/s     (514.7366 GFlop/s per process)    25%    2648.9 sec left
CG set 1217 / 4710    4117.8598 GFlop/s     (514.7325 GFlop/s per process)    25%    2648.1 sec left
CG set 1218 / 4710    4117.8398 GFlop/s     (514.7300 GFlop/s per process)    25%    2647.3 sec left
CG set 1219 / 4710    4117.8314 GFlop/s     (514.7289 GFlop/s per process)    25%    2646.5 sec left
CG set 1220 / 4710    4117.8184 GFlop/s     (514.7273 GFlop/s per process)    25%    2645.7 sec left
CG set 1221 / 4710    4117.8083 GFlop/s     (514.7260 GFlop/s per process)    25%    2644.9 sec left
CG set 1222 / 4710    4117.8039 GFlop/s     (514.7255 GFlop/s per process)    25%    2644.2 sec left
CG set 1223 / 4710    4117.7770 GFlop/s     (514.7221 GFlop/s per process)    25%    2643.4 sec left
CG set 1224 / 4710    4117.7507 GFlop/s     (514.7188 GFlop/s per process)    25%    2642.6 sec left
CG set 1225 / 4710    4117.7423 GFlop/s     (514.7178 GFlop/s per process)    26%    2641.8 sec left
CG set 1226 / 4710    4117.7253 GFlop/s     (514.7157 GFlop/s per process)    26%    2641.0 sec left
CG set 1227 / 4710    4117.6952 GFlop/s     (514.7119 GFlop/s per process)    26%    2640.2 sec left
CG set 1228 / 4710    4117.6775 GFlop/s     (514.7097 GFlop/s per process)    26%    2639.4 sec left
CG set 1229 / 4710    4117.6654 GFlop/s     (514.7082 GFlop/s per process)    26%    2638.7 sec left
CG set 1230 / 4710    4117.6616 GFlop/s     (514.7077 GFlop/s per process)    26%    2637.9 sec left
CG set 1231 / 4710    4117.6460 GFlop/s     (514.7058 GFlop/s per process)    26%    2637.1 sec left
CG set 1232 / 4710    4117.6382 GFlop/s     (514.7048 GFlop/s per process)    26%    2636.3 sec left
CG set 1233 / 4710    4117.6399 GFlop/s     (514.7050 GFlop/s per process)    26%    2635.5 sec left
CG set 1234 / 4710    4117.6372 GFlop/s     (514.7047 GFlop/s per process)    26%    2634.7 sec left
CG set 1235 / 4710    4117.6370 GFlop/s     (514.7046 GFlop/s per process)    26%    2634.0 sec left
CG set 1236 / 4710    4117.6383 GFlop/s     (514.7048 GFlop/s per process)    26%    2633.2 sec left
CG set 1237 / 4710    4117.6203 GFlop/s     (514.7025 GFlop/s per process)    26%    2632.4 sec left
CG set 1238 / 4710    4117.6067 GFlop/s     (514.7008 GFlop/s per process)    26%    2631.6 sec left
CG set 1239 / 4710    4117.5994 GFlop/s     (514.6999 GFlop/s per process)    26%    2630.8 sec left
CG set 1240 / 4710    4117.5651 GFlop/s     (514.6956 GFlop/s per process)    26%    2630.0 sec left
CG set 1241 / 4710    4117.5421 GFlop/s     (514.6928 GFlop/s per process)    26%    2629.2 sec left
CG set 1242 / 4710    4117.5315 GFlop/s     (514.6914 GFlop/s per process)    26%    2628.5 sec left
CG set 1243 / 4710    4117.5178 GFlop/s     (514.6897 GFlop/s per process)    26%    2627.7 sec left
CG set 1244 / 4710    4117.4957 GFlop/s     (514.6870 GFlop/s per process)    26%    2626.9 sec left
CG set 1245 / 4710    4117.4914 GFlop/s     (514.6864 GFlop/s per process)    26%    2626.1 sec left
CG set 1246 / 4710    4117.4760 GFlop/s     (514.6845 GFlop/s per process)    26%    2625.3 sec left
CG set 1247 / 4710    4117.4658 GFlop/s     (514.6832 GFlop/s per process)    26%    2624.5 sec left
CG set 1248 / 4710    4117.4287 GFlop/s     (514.6786 GFlop/s per process)    26%    2623.7 sec left
CG set 1249 / 4710    4117.4050 GFlop/s     (514.6756 GFlop/s per process)    26%    2622.9 sec left
CG set 1250 / 4710    4117.3947 GFlop/s     (514.6743 GFlop/s per process)    26%    2622.2 sec left
CG set 1251 / 4710    4117.3801 GFlop/s     (514.6725 GFlop/s per process)    26%    2621.4 sec left
CG set 1252 / 4710    4117.3790 GFlop/s     (514.6724 GFlop/s per process)    26%    2620.6 sec left
CG set 1253 / 4710    4117.3702 GFlop/s     (514.6713 GFlop/s per process)    26%    2619.8 sec left
CG set 1254 / 4710    4117.3615 GFlop/s     (514.6702 GFlop/s per process)    26%    2619.0 sec left
CG set 1255 / 4710    4117.3394 GFlop/s     (514.6674 GFlop/s per process)    26%    2618.2 sec left
CG set 1256 / 4710    4117.3122 GFlop/s     (514.6640 GFlop/s per process)    26%    2617.4 sec left
CG set 1257 / 4710    4117.3067 GFlop/s     (514.6633 GFlop/s per process)    26%    2616.7 sec left
CG set 1258 / 4710    4117.3014 GFlop/s     (514.6627 GFlop/s per process)    26%    2615.9 sec left
CG set 1259 / 4710    4117.2778 GFlop/s     (514.6597 GFlop/s per process)    26%    2615.1 sec left
CG set 1260 / 4710    4117.2637 GFlop/s     (514.6580 GFlop/s per process)    26%    2614.3 sec left
CG set 1261 / 4710    4117.2581 GFlop/s     (514.6573 GFlop/s per process)    26%    2613.5 sec left
CG set 1262 / 4710    4117.2451 GFlop/s     (514.6556 GFlop/s per process)    26%    2612.7 sec left
CG set 1263 / 4710    4117.2243 GFlop/s     (514.6530 GFlop/s per process)    26%    2611.9 sec left
CG set 1264 / 4710    4117.2235 GFlop/s     (514.6529 GFlop/s per process)    26%    2611.2 sec left
CG set 1265 / 4710    4117.2212 GFlop/s     (514.6526 GFlop/s per process)    26%    2610.4 sec left
CG set 1266 / 4710    4117.2216 GFlop/s     (514.6527 GFlop/s per process)    26%    2609.6 sec left
CG set 1267 / 4710    4117.2166 GFlop/s     (514.6521 GFlop/s per process)    26%    2608.8 sec left
CG set 1268 / 4710    4117.2050 GFlop/s     (514.6506 GFlop/s per process)    26%    2608.0 sec left
CG set 1269 / 4710    4117.1892 GFlop/s     (514.6487 GFlop/s per process)    26%    2607.2 sec left
CG set 1270 / 4710    4117.1875 GFlop/s     (514.6484 GFlop/s per process)    26%    2606.5 sec left
CG set 1271 / 4710    4117.1794 GFlop/s     (514.6474 GFlop/s per process)    26%    2605.7 sec left
CG set 1272 / 4710    4117.1378 GFlop/s     (514.6422 GFlop/s per process)    27%    2604.9 sec left
CG set 1273 / 4710    4117.0958 GFlop/s     (514.6370 GFlop/s per process)    27%    2604.1 sec left
CG set 1274 / 4710    4117.0862 GFlop/s     (514.6358 GFlop/s per process)    27%    2603.3 sec left
CG set 1275 / 4710    4117.0965 GFlop/s     (514.6371 GFlop/s per process)    27%    2602.5 sec left
CG set 1276 / 4710    4117.0894 GFlop/s     (514.6362 GFlop/s per process)    27%    2601.7 sec left
CG set 1277 / 4710    4117.0877 GFlop/s     (514.6360 GFlop/s per process)    27%    2601.0 sec left
CG set 1278 / 4710    4117.0859 GFlop/s     (514.6357 GFlop/s per process)    27%    2600.2 sec left
CG set 1279 / 4710    4117.0605 GFlop/s     (514.6326 GFlop/s per process)    27%    2599.4 sec left
CG set 1280 / 4710    4117.0440 GFlop/s     (514.6305 GFlop/s per process)    27%    2598.6 sec left
CG set 1281 / 4710    4117.0295 GFlop/s     (514.6287 GFlop/s per process)    27%    2597.8 sec left
CG set 1282 / 4710    4117.0072 GFlop/s     (514.6259 GFlop/s per process)    27%    2597.0 sec left
CG set 1283 / 4710    4116.9988 GFlop/s     (514.6249 GFlop/s per process)    27%    2596.2 sec left
CG set 1284 / 4710    4116.9955 GFlop/s     (514.6244 GFlop/s per process)    27%    2595.5 sec left
CG set 1285 / 4710    4116.9904 GFlop/s     (514.6238 GFlop/s per process)    27%    2594.7 sec left
CG set 1286 / 4710    4116.9810 GFlop/s     (514.6226 GFlop/s per process)    27%    2593.9 sec left
CG set 1287 / 4710    4116.9621 GFlop/s     (514.6203 GFlop/s per process)    27%    2593.1 sec left
CG set 1288 / 4710    4116.9420 GFlop/s     (514.6178 GFlop/s per process)    27%    2592.3 sec left
CG set 1289 / 4710    4116.9272 GFlop/s     (514.6159 GFlop/s per process)    27%    2591.5 sec left
CG set 1290 / 4710    4116.9152 GFlop/s     (514.6144 GFlop/s per process)    27%    2590.7 sec left
CG set 1291 / 4710    4116.8713 GFlop/s     (514.6089 GFlop/s per process)    27%    2590.0 sec left
CG set 1292 / 4710    4116.8439 GFlop/s     (514.6055 GFlop/s per process)    27%    2589.2 sec left
CG set 1293 / 4710    4116.8335 GFlop/s     (514.6042 GFlop/s per process)    27%    2588.4 sec left
CG set 1294 / 4710    4116.8222 GFlop/s     (514.6028 GFlop/s per process)    27%    2587.6 sec left
CG set 1295 / 4710    4116.8028 GFlop/s     (514.6004 GFlop/s per process)    27%    2586.8 sec left
CG set 1296 / 4710    4116.7923 GFlop/s     (514.5990 GFlop/s per process)    27%    2586.0 sec left
CG set 1297 / 4710    4116.7769 GFlop/s     (514.5971 GFlop/s per process)    27%    2585.2 sec left
CG set 1298 / 4710    4116.7695 GFlop/s     (514.5962 GFlop/s per process)    27%    2584.5 sec left
CG set 1299 / 4710    4116.7755 GFlop/s     (514.5969 GFlop/s per process)    27%    2583.7 sec left
CG set 1300 / 4710    4116.7659 GFlop/s     (514.5957 GFlop/s per process)    27%    2582.9 sec left
CG set 1301 / 4710    4116.7568 GFlop/s     (514.5946 GFlop/s per process)    27%    2582.1 sec left
CG set 1302 / 4710    4116.7582 GFlop/s     (514.5948 GFlop/s per process)    27%    2581.3 sec left
CG set 1303 / 4710    4116.7355 GFlop/s     (514.5919 GFlop/s per process)    27%    2580.5 sec left
CG set 1304 / 4710    4116.6917 GFlop/s     (514.5865 GFlop/s per process)    27%    2579.7 sec left
CG set 1305 / 4710    4116.6503 GFlop/s     (514.5813 GFlop/s per process)    27%    2578.9 sec left
CG set 1306 / 4710    4116.6416 GFlop/s     (514.5802 GFlop/s per process)    27%    2578.2 sec left
CG set 1307 / 4710    4116.6439 GFlop/s     (514.5805 GFlop/s per process)    27%    2577.4 sec left
CG set 1308 / 4710    4116.6231 GFlop/s     (514.5779 GFlop/s per process)    27%    2576.6 sec left
CG set 1309 / 4710    4116.6205 GFlop/s     (514.5776 GFlop/s per process)    27%    2575.8 sec left
CG set 1310 / 4710    4116.6071 GFlop/s     (514.5759 GFlop/s per process)    27%    2575.0 sec left
CG set 1311 / 4710    4116.5839 GFlop/s     (514.5730 GFlop/s per process)    27%    2574.2 sec left
CG set 1312 / 4710    4116.5550 GFlop/s     (514.5694 GFlop/s per process)    27%    2573.4 sec left
CG set 1313 / 4710    4116.5306 GFlop/s     (514.5663 GFlop/s per process)    27%    2572.7 sec left
CG set 1314 / 4710    4116.5101 GFlop/s     (514.5638 GFlop/s per process)    27%    2571.9 sec left
CG set 1315 / 4710    4116.5016 GFlop/s     (514.5627 GFlop/s per process)    27%    2571.1 sec left
CG set 1316 / 4710    4116.4954 GFlop/s     (514.5619 GFlop/s per process)    27%    2570.3 sec left
CG set 1317 / 4710    4116.4909 GFlop/s     (514.5614 GFlop/s per process)    27%    2569.5 sec left
CG set 1318 / 4710    4116.4883 GFlop/s     (514.5610 GFlop/s per process)    27%    2568.7 sec left
CG set 1319 / 4710    4116.4765 GFlop/s     (514.5596 GFlop/s per process)    28%    2567.9 sec left
CG set 1320 / 4710    4116.4542 GFlop/s     (514.5568 GFlop/s per process)    28%    2567.2 sec left
CG set 1321 / 4710    4116.4424 GFlop/s     (514.5553 GFlop/s per process)    28%    2566.4 sec left
CG set 1322 / 4710    4116.4206 GFlop/s     (514.5526 GFlop/s per process)    28%    2565.6 sec left
CG set 1323 / 4710    4116.3866 GFlop/s     (514.5483 GFlop/s per process)    28%    2564.8 sec left
CG set 1324 / 4710    4116.3726 GFlop/s     (514.5466 GFlop/s per process)    28%    2564.0 sec left
CG set 1325 / 4710    4116.3578 GFlop/s     (514.5447 GFlop/s per process)    28%    2563.2 sec left
CG set 1326 / 4710    4116.3384 GFlop/s     (514.5423 GFlop/s per process)    28%    2562.4 sec left
CG set 1327 / 4710    4116.3200 GFlop/s     (514.5400 GFlop/s per process)    28%    2561.6 sec left
CG set 1328 / 4710    4116.3188 GFlop/s     (514.5398 GFlop/s per process)    28%    2560.9 sec left
CG set 1329 / 4710    4116.3192 GFlop/s     (514.5399 GFlop/s per process)    28%    2560.1 sec left
CG set 1330 / 4710    4116.3162 GFlop/s     (514.5395 GFlop/s per process)    28%    2559.3 sec left
CG set 1331 / 4710    4116.3111 GFlop/s     (514.5389 GFlop/s per process)    28%    2558.5 sec left
CG set 1332 / 4710    4116.3049 GFlop/s     (514.5381 GFlop/s per process)    28%    2557.7 sec left
CG set 1333 / 4710    4116.2992 GFlop/s     (514.5374 GFlop/s per process)    28%    2556.9 sec left
CG set 1334 / 4710    4116.2924 GFlop/s     (514.5366 GFlop/s per process)    28%    2556.2 sec left
CG set 1335 / 4710    4116.2924 GFlop/s     (514.5365 GFlop/s per process)    28%    2555.4 sec left
CG set 1336 / 4710    4116.2752 GFlop/s     (514.5344 GFlop/s per process)    28%    2554.6 sec left
CG set 1337 / 4710    4116.2574 GFlop/s     (514.5322 GFlop/s per process)    28%    2553.8 sec left
CG set 1338 / 4710    4116.2424 GFlop/s     (514.5303 GFlop/s per process)    28%    2553.0 sec left
CG set 1339 / 4710    4116.2341 GFlop/s     (514.5293 GFlop/s per process)    28%    2552.2 sec left
CG set 1340 / 4710    4116.2278 GFlop/s     (514.5285 GFlop/s per process)    28%    2551.5 sec left
CG set 1341 / 4710    4116.2279 GFlop/s     (514.5285 GFlop/s per process)    28%    2550.7 sec left
CG set 1342 / 4710    4116.2104 GFlop/s     (514.5263 GFlop/s per process)    28%    2549.9 sec left
CG set 1343 / 4710    4116.1933 GFlop/s     (514.5242 GFlop/s per process)    28%    2549.1 sec left
CG set 1344 / 4710    4116.1726 GFlop/s     (514.5216 GFlop/s per process)    28%    2548.3 sec left
CG set 1345 / 4710    4116.1496 GFlop/s     (514.5187 GFlop/s per process)    28%    2547.5 sec left
CG set 1346 / 4710    4116.1325 GFlop/s     (514.5166 GFlop/s per process)    28%    2546.7 sec left
CG set 1347 / 4710    4116.1249 GFlop/s     (514.5156 GFlop/s per process)    28%    2545.9 sec left
CG set 1348 / 4710    4116.1160 GFlop/s     (514.5145 GFlop/s per process)    28%    2545.2 sec left
CG set 1349 / 4710    4116.1151 GFlop/s     (514.5144 GFlop/s per process)    28%    2544.4 sec left
CG set 1350 / 4710    4116.0989 GFlop/s     (514.5124 GFlop/s per process)    28%    2543.6 sec left
CG set 1351 / 4710    4116.0772 GFlop/s     (514.5097 GFlop/s per process)    28%    2542.8 sec left
CG set 1352 / 4710    4116.0570 GFlop/s     (514.5071 GFlop/s per process)    28%    2542.0 sec left
CG set 1353 / 4710    4116.0483 GFlop/s     (514.5060 GFlop/s per process)    28%    2541.2 sec left
CG set 1354 / 4710    4116.0339 GFlop/s     (514.5042 GFlop/s per process)    28%    2540.4 sec left
CG set 1355 / 4710    4116.0141 GFlop/s     (514.5018 GFlop/s per process)    28%    2539.7 sec left
CG set 1356 / 4710    4116.0024 GFlop/s     (514.5003 GFlop/s per process)    28%    2538.9 sec left
CG set 1357 / 4710    4115.9906 GFlop/s     (514.4988 GFlop/s per process)    28%    2538.1 sec left
CG set 1358 / 4710    4115.9734 GFlop/s     (514.4967 GFlop/s per process)    28%    2537.3 sec left
CG set 1359 / 4710    4115.9542 GFlop/s     (514.4943 GFlop/s per process)    28%    2536.5 sec left
CG set 1360 / 4710    4115.9367 GFlop/s     (514.4921 GFlop/s per process)    28%    2535.7 sec left
CG set 1361 / 4710    4115.9258 GFlop/s     (514.4907 GFlop/s per process)    28%    2534.9 sec left
CG set 1362 / 4710    4115.9251 GFlop/s     (514.4906 GFlop/s per process)    28%    2534.2 sec left
CG set 1363 / 4710    4115.9195 GFlop/s     (514.4899 GFlop/s per process)    28%    2533.4 sec left
CG set 1364 / 4710    4115.9079 GFlop/s     (514.4885 GFlop/s per process)    28%    2532.6 sec left
CG set 1365 / 4710    4115.8769 GFlop/s     (514.4846 GFlop/s per process)    28%    2531.8 sec left
CG set 1366 / 4710    4115.8810 GFlop/s     (514.4851 GFlop/s per process)    29%    2531.0 sec left
CG set 1367 / 4710    4115.8723 GFlop/s     (514.4840 GFlop/s per process)    29%    2530.2 sec left
CG set 1368 / 4710    4115.8438 GFlop/s     (514.4805 GFlop/s per process)    29%    2529.4 sec left
CG set 1369 / 4710    4115.8101 GFlop/s     (514.4763 GFlop/s per process)    29%    2528.6 sec left
CG set 1370 / 4710    4115.8045 GFlop/s     (514.4756 GFlop/s per process)    29%    2527.9 sec left
CG set 1371 / 4710    4115.7978 GFlop/s     (514.4747 GFlop/s per process)    29%    2527.1 sec left
CG set 1372 / 4710    4115.7988 GFlop/s     (514.4749 GFlop/s per process)    29%    2526.3 sec left
CG set 1373 / 4710    4115.7912 GFlop/s     (514.4739 GFlop/s per process)    29%    2525.5 sec left
CG set 1374 / 4710    4115.7860 GFlop/s     (514.4733 GFlop/s per process)    29%    2524.7 sec left
CG set 1375 / 4710    4115.7705 GFlop/s     (514.4713 GFlop/s per process)    29%    2523.9 sec left
CG set 1376 / 4710    4115.7398 GFlop/s     (514.4675 GFlop/s per process)    29%    2523.2 sec left
CG set 1377 / 4710    4115.7204 GFlop/s     (514.4650 GFlop/s per process)    29%    2522.4 sec left
CG set 1378 / 4710    4115.7032 GFlop/s     (514.4629 GFlop/s per process)    29%    2521.6 sec left
CG set 1379 / 4710    4115.6872 GFlop/s     (514.4609 GFlop/s per process)    29%    2520.8 sec left
CG set 1380 / 4710    4115.6802 GFlop/s     (514.4600 GFlop/s per process)    29%    2520.0 sec left
CG set 1381 / 4710    4115.6785 GFlop/s     (514.4598 GFlop/s per process)    29%    2519.2 sec left
CG set 1382 / 4710    4115.6537 GFlop/s     (514.4567 GFlop/s per process)    29%    2518.4 sec left
CG set 1383 / 4710    4115.6278 GFlop/s     (514.4535 GFlop/s per process)    29%    2517.6 sec left
CG set 1384 / 4710    4115.6024 GFlop/s     (514.4503 GFlop/s per process)    29%    2516.9 sec left
CG set 1385 / 4710    4115.5957 GFlop/s     (514.4495 GFlop/s per process)    29%    2516.1 sec left
CG set 1386 / 4710    4115.5715 GFlop/s     (514.4464 GFlop/s per process)    29%    2515.3 sec left
CG set 1387 / 4710    4115.5579 GFlop/s     (514.4447 GFlop/s per process)    29%    2514.5 sec left
CG set 1388 / 4710    4115.5533 GFlop/s     (514.4442 GFlop/s per process)    29%    2513.7 sec left
CG set 1389 / 4710    4115.5528 GFlop/s     (514.4441 GFlop/s per process)    29%    2512.9 sec left
CG set 1390 / 4710    4115.5368 GFlop/s     (514.4421 GFlop/s per process)    29%    2512.1 sec left
CG set 1391 / 4710    4115.5248 GFlop/s     (514.4406 GFlop/s per process)    29%    2511.4 sec left
CG set 1392 / 4710    4115.5246 GFlop/s     (514.4406 GFlop/s per process)    29%    2510.6 sec left
CG set 1393 / 4710    4115.5210 GFlop/s     (514.4401 GFlop/s per process)    29%    2509.8 sec left
CG set 1394 / 4710    4115.5114 GFlop/s     (514.4389 GFlop/s per process)    29%    2509.0 sec left
CG set 1395 / 4710    4115.5173 GFlop/s     (514.4397 GFlop/s per process)    29%    2508.2 sec left
CG set 1396 / 4710    4115.4988 GFlop/s     (514.4373 GFlop/s per process)    29%    2507.4 sec left
CG set 1397 / 4710    4115.4969 GFlop/s     (514.4371 GFlop/s per process)    29%    2506.7 sec left
CG set 1398 / 4710    4115.5002 GFlop/s     (514.4375 GFlop/s per process)    29%    2505.9 sec left
CG set 1399 / 4710    4115.4929 GFlop/s     (514.4366 GFlop/s per process)    29%    2505.1 sec left
CG set 1400 / 4710    4115.4650 GFlop/s     (514.4331 GFlop/s per process)    29%    2504.3 sec left
CG set 1401 / 4710    4115.4543 GFlop/s     (514.4318 GFlop/s per process)    29%    2503.5 sec left
CG set 1402 / 4710    4115.4358 GFlop/s     (514.4295 GFlop/s per process)    29%    2502.7 sec left
CG set 1403 / 4710    4115.4267 GFlop/s     (514.4283 GFlop/s per process)    29%    2501.9 sec left
CG set 1404 / 4710    4115.4254 GFlop/s     (514.4282 GFlop/s per process)    29%    2501.2 sec left
CG set 1405 / 4710    4115.4222 GFlop/s     (514.4278 GFlop/s per process)    29%    2500.4 sec left
CG set 1406 / 4710    4115.4152 GFlop/s     (514.4269 GFlop/s per process)    29%    2499.6 sec left
CG set 1407 / 4710    4115.3897 GFlop/s     (514.4237 GFlop/s per process)    29%    2498.8 sec left
CG set 1408 / 4710    4115.3671 GFlop/s     (514.4209 GFlop/s per process)    29%    2498.0 sec left
CG set 1409 / 4710    4115.3338 GFlop/s     (514.4167 GFlop/s per process)    29%    2497.2 sec left
CG set 1410 / 4710    4115.3208 GFlop/s     (514.4151 GFlop/s per process)    29%    2496.4 sec left
CG set 1411 / 4710    4115.3151 GFlop/s     (514.4144 GFlop/s per process)    29%    2495.6 sec left
CG set 1412 / 4710    4115.3074 GFlop/s     (514.4134 GFlop/s per process)    29%    2494.9 sec left
CG set 1413 / 4710    4115.3038 GFlop/s     (514.4130 GFlop/s per process)    30%    2494.1 sec left
CG set 1414 / 4710    4115.2814 GFlop/s     (514.4102 GFlop/s per process)    30%    2493.3 sec left
CG set 1415 / 4710    4115.2624 GFlop/s     (514.4078 GFlop/s per process)    30%    2492.5 sec left
CG set 1416 / 4710    4115.2406 GFlop/s     (514.4051 GFlop/s per process)    30%    2491.7 sec left
CG set 1417 / 4710    4115.2267 GFlop/s     (514.4033 GFlop/s per process)    30%    2490.9 sec left
CG set 1418 / 4710    4115.2061 GFlop/s     (514.4008 GFlop/s per process)    30%    2490.1 sec left
CG set 1419 / 4710    4115.1830 GFlop/s     (514.3979 GFlop/s per process)    30%    2489.3 sec left
CG set 1420 / 4710    4115.1727 GFlop/s     (514.3966 GFlop/s per process)    30%    2488.6 sec left
CG set 1421 / 4710    4115.1665 GFlop/s     (514.3958 GFlop/s per process)    30%    2487.8 sec left
CG set 1422 / 4710    4115.1482 GFlop/s     (514.3935 GFlop/s per process)    30%    2487.0 sec left
CG set 1423 / 4710    4115.1396 GFlop/s     (514.3924 GFlop/s per process)    30%    2486.2 sec left
CG set 1424 / 4710    4115.1230 GFlop/s     (514.3904 GFlop/s per process)    30%    2485.4 sec left
CG set 1425 / 4710    4115.1200 GFlop/s     (514.3900 GFlop/s per process)    30%    2484.6 sec left
CG set 1426 / 4710    4115.1242 GFlop/s     (514.3905 GFlop/s per process)    30%    2483.9 sec left
CG set 1427 / 4710    4115.1221 GFlop/s     (514.3903 GFlop/s per process)    30%    2483.1 sec left
CG set 1428 / 4710    4115.1190 GFlop/s     (514.3899 GFlop/s per process)    30%    2482.3 sec left
CG set 1429 / 4710    4115.1110 GFlop/s     (514.3889 GFlop/s per process)    30%    2481.5 sec left
CG set 1430 / 4710    4115.1131 GFlop/s     (514.3891 GFlop/s per process)    30%    2480.7 sec left
CG set 1431 / 4710    4115.0821 GFlop/s     (514.3853 GFlop/s per process)    30%    2479.9 sec left
CG set 1432 / 4710    4115.0579 GFlop/s     (514.3822 GFlop/s per process)    30%    2479.1 sec left
CG set 1433 / 4710    4115.0340 GFlop/s     (514.3792 GFlop/s per process)    30%    2478.3 sec left
CG set 1434 / 4710    4115.0272 GFlop/s     (514.3784 GFlop/s per process)    30%    2477.6 sec left
CG set 1435 / 4710    4115.0130 GFlop/s     (514.3766 GFlop/s per process)    30%    2476.8 sec left
CG set 1436 / 4710    4115.0073 GFlop/s     (514.3759 GFlop/s per process)    30%    2476.0 sec left
CG set 1437 / 4710    4114.9958 GFlop/s     (514.3745 GFlop/s per process)    30%    2475.2 sec left
CG set 1438 / 4710    4114.9874 GFlop/s     (514.3734 GFlop/s per process)    30%    2474.4 sec left
CG set 1439 / 4710    4114.9736 GFlop/s     (514.3717 GFlop/s per process)    30%    2473.6 sec left
CG set 1440 / 4710    4114.9435 GFlop/s     (514.3679 GFlop/s per process)    30%    2472.8 sec left
CG set 1441 / 4710    4114.9300 GFlop/s     (514.3663 GFlop/s per process)    30%    2472.1 sec left
CG set 1442 / 4710    4114.9327 GFlop/s     (514.3666 GFlop/s per process)    30%    2471.3 sec left
CG set 1443 / 4710    4114.9246 GFlop/s     (514.3656 GFlop/s per process)    30%    2470.5 sec left
CG set 1444 / 4710    4114.9175 GFlop/s     (514.3647 GFlop/s per process)    30%    2469.7 sec left
CG set 1445 / 4710    4114.9102 GFlop/s     (514.3638 GFlop/s per process)    30%    2468.9 sec left
CG set 1446 / 4710    4114.8752 GFlop/s     (514.3594 GFlop/s per process)    30%    2468.1 sec left
CG set 1447 / 4710    4114.8508 GFlop/s     (514.3564 GFlop/s per process)    30%    2467.3 sec left
CG set 1448 / 4710    4114.8169 GFlop/s     (514.3521 GFlop/s per process)    30%    2466.5 sec left
CG set 1449 / 4710    4114.7889 GFlop/s     (514.3486 GFlop/s per process)    30%    2465.8 sec left
CG set 1450 / 4710    4114.7584 GFlop/s     (514.3448 GFlop/s per process)    30%    2465.0 sec left
CG set 1451 / 4710    4114.7257 GFlop/s     (514.3407 GFlop/s per process)    30%    2464.2 sec left
CG set 1452 / 4710    4114.6947 GFlop/s     (514.3368 GFlop/s per process)    30%    2463.4 sec left
CG set 1453 / 4710    4114.6569 GFlop/s     (514.3321 GFlop/s per process)    30%    2462.6 sec left
CG set 1454 / 4710    4114.6116 GFlop/s     (514.3265 GFlop/s per process)    30%    2461.8 sec left
CG set 1455 / 4710    4114.5786 GFlop/s     (514.3223 GFlop/s per process)    30%    2461.0 sec left
CG set 1456 / 4710    4114.5415 GFlop/s     (514.3177 GFlop/s per process)    30%    2460.2 sec left
CG set 1457 / 4710    4114.5043 GFlop/s     (514.3130 GFlop/s per process)    30%    2459.4 sec left
CG set 1458 / 4710    4114.4659 GFlop/s     (514.3082 GFlop/s per process)    30%    2458.6 sec left
CG set 1459 / 4710    4114.4334 GFlop/s     (514.3042 GFlop/s per process)    30%    2457.8 sec left
CG set 1460 / 4710    4114.3925 GFlop/s     (514.2991 GFlop/s per process)    30%    2457.0 sec left
CG set 1461 / 4710    4114.3456 GFlop/s     (514.2932 GFlop/s per process)    31%    2456.2 sec left
CG set 1462 / 4710    4114.2984 GFlop/s     (514.2873 GFlop/s per process)    31%    2455.4 sec left
CG set 1463 / 4710    4114.2203 GFlop/s     (514.2775 GFlop/s per process)    31%    2454.6 sec left
CG set 1464 / 4710    4114.1488 GFlop/s     (514.2686 GFlop/s per process)    31%    2453.8 sec left
CG set 1465 / 4710    4114.0927 GFlop/s     (514.2616 GFlop/s per process)    31%    2453.0 sec left
CG set 1466 / 4710    4114.0331 GFlop/s     (514.2541 GFlop/s per process)    31%    2452.2 sec left
CG set 1467 / 4710    4113.9734 GFlop/s     (514.2467 GFlop/s per process)    31%    2451.4 sec left
CG set 1468 / 4710    4113.9135 GFlop/s     (514.2392 GFlop/s per process)    31%    2450.6 sec left
CG set 1469 / 4710    4113.8609 GFlop/s     (514.2326 GFlop/s per process)    31%    2449.8 sec left
CG set 1470 / 4710    4113.7911 GFlop/s     (514.2239 GFlop/s per process)    31%    2449.0 sec left
CG set 1471 / 4710    4113.7084 GFlop/s     (514.2136 GFlop/s per process)    31%    2448.2 sec left
CG set 1472 / 4710    4113.6306 GFlop/s     (514.2038 GFlop/s per process)    31%    2447.4 sec left
CG set 1473 / 4710    4113.5467 GFlop/s     (514.1933 GFlop/s per process)    31%    2446.6 sec left
CG set 1474 / 4710    4113.4726 GFlop/s     (514.1841 GFlop/s per process)    31%    2445.8 sec left
CG set 1475 / 4710    4113.3913 GFlop/s     (514.1739 GFlop/s per process)    31%    2445.0 sec left
CG set 1476 / 4710    4113.3020 GFlop/s     (514.1627 GFlop/s per process)    31%    2444.2 sec left
CG set 1477 / 4710    4113.2164 GFlop/s     (514.1521 GFlop/s per process)    31%    2443.4 sec left
CG set 1478 / 4710    4113.1236 GFlop/s     (514.1404 GFlop/s per process)    31%    2442.6 sec left
CG set 1479 / 4710    4113.0338 GFlop/s     (514.1292 GFlop/s per process)    31%    2441.8 sec left
CG set 1480 / 4710    4112.9454 GFlop/s     (514.1182 GFlop/s per process)    31%    2441.0 sec left
CG set 1481 / 4710    4112.8432 GFlop/s     (514.1054 GFlop/s per process)    31%    2440.1 sec left
CG set 1482 / 4710    4112.7456 GFlop/s     (514.0932 GFlop/s per process)    31%    2439.3 sec left
CG set 1483 / 4710    4112.6517 GFlop/s     (514.0815 GFlop/s per process)    31%    2438.5 sec left
CG set 1484 / 4710    4112.5648 GFlop/s     (514.0706 GFlop/s per process)    31%    2437.7 sec left
CG set 1485 / 4710    4112.4714 GFlop/s     (514.0589 GFlop/s per process)    31%    2436.9 sec left
CG set 1486 / 4710    4112.3885 GFlop/s     (514.0486 GFlop/s per process)    31%    2436.1 sec left
CG set 1487 / 4710    4112.2973 GFlop/s     (514.0372 GFlop/s per process)    31%    2435.3 sec left
CG set 1488 / 4710    4112.2153 GFlop/s     (514.0269 GFlop/s per process)    31%    2434.5 sec left
CG set 1489 / 4710    4112.1264 GFlop/s     (514.0158 GFlop/s per process)    31%    2433.7 sec left
CG set 1490 / 4710    4112.0427 GFlop/s     (514.0053 GFlop/s per process)    31%    2432.9 sec left
CG set 1491 / 4710    4111.9628 GFlop/s     (513.9953 GFlop/s per process)    31%    2432.1 sec left
CG set 1492 / 4710    4111.8714 GFlop/s     (513.9839 GFlop/s per process)    31%    2431.3 sec left
CG set 1493 / 4710    4111.7794 GFlop/s     (513.9724 GFlop/s per process)    31%    2430.4 sec left
CG set 1494 / 4710    4111.6751 GFlop/s     (513.9594 GFlop/s per process)    31%    2429.6 sec left
CG set 1495 / 4710    4111.5845 GFlop/s     (513.9481 GFlop/s per process)    31%    2428.8 sec left
CG set 1496 / 4710    4111.4894 GFlop/s     (513.9362 GFlop/s per process)    31%    2428.0 sec left
CG set 1497 / 4710    4111.4022 GFlop/s     (513.9253 GFlop/s per process)    31%    2427.2 sec left
CG set 1498 / 4710    4111.3198 GFlop/s     (513.9150 GFlop/s per process)    31%    2426.4 sec left
CG set 1499 / 4710    4111.2409 GFlop/s     (513.9051 GFlop/s per process)    31%    2425.6 sec left
CG set 1500 / 4710    4111.1547 GFlop/s     (513.8943 GFlop/s per process)    31%    2424.8 sec left
CG set 1501 / 4710    4111.0629 GFlop/s     (513.8829 GFlop/s per process)    31%    2424.0 sec left
CG set 1502 / 4710    4110.9659 GFlop/s     (513.8707 GFlop/s per process)    31%    2423.2 sec left
CG set 1503 / 4710    4110.8764 GFlop/s     (513.8596 GFlop/s per process)    31%    2422.3 sec left
CG set 1504 / 4710    4110.7956 GFlop/s     (513.8494 GFlop/s per process)    31%    2421.5 sec left
CG set 1505 / 4710    4110.7074 GFlop/s     (513.8384 GFlop/s per process)    31%    2420.7 sec left
CG set 1506 / 4710    4110.6414 GFlop/s     (513.8302 GFlop/s per process)    31%    2419.9 sec left
CG set 1507 / 4710    4110.5784 GFlop/s     (513.8223 GFlop/s per process)    31%    2419.1 sec left
CG set 1508 / 4710    4110.4992 GFlop/s     (513.8124 GFlop/s per process)    32%    2418.3 sec left
CG set 1509 / 4710    4110.4243 GFlop/s     (513.8030 GFlop/s per process)    32%    2417.5 sec left
CG set 1510 / 4710    4110.3319 GFlop/s     (513.7915 GFlop/s per process)    32%    2416.7 sec left
CG set 1511 / 4710    4110.2639 GFlop/s     (513.7830 GFlop/s per process)    32%    2415.9 sec left
CG set 1512 / 4710    4110.1812 GFlop/s     (513.7727 GFlop/s per process)    32%    2415.1 sec left
CG set 1513 / 4710    4110.1171 GFlop/s     (513.7646 GFlop/s per process)    32%    2414.3 sec left
CG set 1514 / 4710    4110.0672 GFlop/s     (513.7584 GFlop/s per process)    32%    2413.5 sec left
CG set 1515 / 4710    4110.0031 GFlop/s     (513.7504 GFlop/s per process)    32%    2412.7 sec left
CG set 1516 / 4710    4109.9491 GFlop/s     (513.7436 GFlop/s per process)    32%    2411.9 sec left
CG set 1517 / 4710    4109.8988 GFlop/s     (513.7374 GFlop/s per process)    32%    2411.1 sec left
CG set 1518 / 4710    4109.8483 GFlop/s     (513.7310 GFlop/s per process)    32%    2410.3 sec left
CG set 1519 / 4710    4109.8042 GFlop/s     (513.7255 GFlop/s per process)    32%    2409.5 sec left
CG set 1520 / 4710    4109.7635 GFlop/s     (513.7204 GFlop/s per process)    32%    2408.7 sec left
CG set 1521 / 4710    4109.7261 GFlop/s     (513.7158 GFlop/s per process)    32%    2407.9 sec left
CG set 1522 / 4710    4109.6833 GFlop/s     (513.7104 GFlop/s per process)    32%    2407.1 sec left
CG set 1523 / 4710    4109.6432 GFlop/s     (513.7054 GFlop/s per process)    32%    2406.3 sec left
CG set 1524 / 4710    4109.6018 GFlop/s     (513.7002 GFlop/s per process)    32%    2405.5 sec left
CG set 1525 / 4710    4109.5674 GFlop/s     (513.6959 GFlop/s per process)    32%    2404.7 sec left
CG set 1526 / 4710    4109.5069 GFlop/s     (513.6884 GFlop/s per process)    32%    2403.9 sec left
CG set 1527 / 4710    4109.4576 GFlop/s     (513.6822 GFlop/s per process)    32%    2403.1 sec left
CG set 1528 / 4710    4109.4314 GFlop/s     (513.6789 GFlop/s per process)    32%    2402.3 sec left
CG set 1529 / 4710    4109.3879 GFlop/s     (513.6735 GFlop/s per process)    32%    2401.5 sec left
CG set 1530 / 4710    4109.3432 GFlop/s     (513.6679 GFlop/s per process)    32%    2400.7 sec left
CG set 1531 / 4710    4109.2973 GFlop/s     (513.6622 GFlop/s per process)    32%    2399.9 sec left
CG set 1532 / 4710    4109.2651 GFlop/s     (513.6581 GFlop/s per process)    32%    2399.1 sec left
CG set 1533 / 4710    4109.2102 GFlop/s     (513.6513 GFlop/s per process)    32%    2398.3 sec left
CG set 1534 / 4710    4109.1710 GFlop/s     (513.6464 GFlop/s per process)    32%    2397.5 sec left
CG set 1535 / 4710    4109.1410 GFlop/s     (513.6426 GFlop/s per process)    32%    2396.8 sec left
CG set 1536 / 4710    4109.0984 GFlop/s     (513.6373 GFlop/s per process)    32%    2396.0 sec left
CG set 1537 / 4710    4109.0591 GFlop/s     (513.6324 GFlop/s per process)    32%    2395.2 sec left
CG set 1538 / 4710    4109.0296 GFlop/s     (513.6287 GFlop/s per process)    32%    2394.4 sec left
CG set 1539 / 4710    4109.0034 GFlop/s     (513.6254 GFlop/s per process)    32%    2393.6 sec left
CG set 1540 / 4710    4108.9682 GFlop/s     (513.6210 GFlop/s per process)    32%    2392.8 sec left
CG set 1541 / 4710    4108.9249 GFlop/s     (513.6156 GFlop/s per process)    32%    2392.0 sec left
CG set 1542 / 4710    4108.8745 GFlop/s     (513.6093 GFlop/s per process)    32%    2391.2 sec left
CG set 1543 / 4710    4108.8411 GFlop/s     (513.6051 GFlop/s per process)    32%    2390.4 sec left
CG set 1544 / 4710    4108.8010 GFlop/s     (513.6001 GFlop/s per process)    32%    2389.6 sec left
CG set 1545 / 4710    4108.7686 GFlop/s     (513.5961 GFlop/s per process)    32%    2388.8 sec left
CG set 1546 / 4710    4108.7459 GFlop/s     (513.5932 GFlop/s per process)    32%    2388.0 sec left
CG set 1547 / 4710    4108.7061 GFlop/s     (513.5883 GFlop/s per process)    32%    2387.2 sec left
CG set 1548 / 4710    4108.6750 GFlop/s     (513.5844 GFlop/s per process)    32%    2386.4 sec left
CG set 1549 / 4710    4108.6498 GFlop/s     (513.5812 GFlop/s per process)    32%    2385.6 sec left
CG set 1550 / 4710    4108.6276 GFlop/s     (513.5784 GFlop/s per process)    32%    2384.8 sec left
CG set 1551 / 4710    4108.5991 GFlop/s     (513.5749 GFlop/s per process)    32%    2384.0 sec left
CG set 1552 / 4710    4108.5728 GFlop/s     (513.5716 GFlop/s per process)    32%    2383.3 sec left
CG set 1553 / 4710    4108.5536 GFlop/s     (513.5692 GFlop/s per process)    32%    2382.5 sec left
CG set 1554 / 4710    4108.5276 GFlop/s     (513.5660 GFlop/s per process)    32%    2381.7 sec left
CG set 1555 / 4710    4108.4982 GFlop/s     (513.5623 GFlop/s per process)    33%    2380.9 sec left
CG set 1556 / 4710    4108.4732 GFlop/s     (513.5592 GFlop/s per process)    33%    2380.1 sec left
CG set 1557 / 4710    4108.4365 GFlop/s     (513.5546 GFlop/s per process)    33%    2379.3 sec left
CG set 1558 / 4710    4108.4041 GFlop/s     (513.5505 GFlop/s per process)    33%    2378.5 sec left
CG set 1559 / 4710    4108.3637 GFlop/s     (513.5455 GFlop/s per process)    33%    2377.7 sec left
CG set 1560 / 4710    4108.3278 GFlop/s     (513.5410 GFlop/s per process)    33%    2376.9 sec left
CG set 1561 / 4710    4108.2972 GFlop/s     (513.5372 GFlop/s per process)    33%    2376.1 sec left
CG set 1562 / 4710    4108.2707 GFlop/s     (513.5338 GFlop/s per process)    33%    2375.3 sec left
CG set 1563 / 4710    4108.2378 GFlop/s     (513.5297 GFlop/s per process)    33%    2374.5 sec left
CG set 1564 / 4710    4108.2095 GFlop/s     (513.5262 GFlop/s per process)    33%    2373.7 sec left
CG set 1565 / 4710    4108.1654 GFlop/s     (513.5207 GFlop/s per process)    33%    2372.9 sec left
CG set 1566 / 4710    4108.1242 GFlop/s     (513.5155 GFlop/s per process)    33%    2372.1 sec left
CG set 1567 / 4710    4108.0876 GFlop/s     (513.5110 GFlop/s per process)    33%    2371.4 sec left
CG set 1568 / 4710    4108.0558 GFlop/s     (513.5070 GFlop/s per process)    33%    2370.6 sec left
CG set 1569 / 4710    4108.0197 GFlop/s     (513.5025 GFlop/s per process)    33%    2369.8 sec left
CG set 1570 / 4710    4107.9865 GFlop/s     (513.4983 GFlop/s per process)    33%    2369.0 sec left
CG set 1571 / 4710    4107.9297 GFlop/s     (513.4912 GFlop/s per process)    33%    2368.2 sec left
CG set 1572 / 4710    4107.8848 GFlop/s     (513.4856 GFlop/s per process)    33%    2367.4 sec left
CG set 1573 / 4710    4107.8288 GFlop/s     (513.4786 GFlop/s per process)    33%    2366.6 sec left
CG set 1574 / 4710    4107.7887 GFlop/s     (513.4736 GFlop/s per process)    33%    2365.8 sec left
CG set 1575 / 4710    4107.7328 GFlop/s     (513.4666 GFlop/s per process)    33%    2365.0 sec left
CG set 1576 / 4710    4107.6903 GFlop/s     (513.4613 GFlop/s per process)    33%    2364.2 sec left
CG set 1577 / 4710    4107.6513 GFlop/s     (513.4564 GFlop/s per process)    33%    2363.4 sec left
CG set 1578 / 4710    4107.6107 GFlop/s     (513.4513 GFlop/s per process)    33%    2362.6 sec left
CG set 1579 / 4710    4107.5739 GFlop/s     (513.4467 GFlop/s per process)    33%    2361.8 sec left
CG set 1580 / 4710    4107.5276 GFlop/s     (513.4410 GFlop/s per process)    33%    2361.0 sec left
CG set 1581 / 4710    4107.4890 GFlop/s     (513.4361 GFlop/s per process)    33%    2360.2 sec left
CG set 1582 / 4710    4107.4570 GFlop/s     (513.4321 GFlop/s per process)    33%    2359.4 sec left
CG set 1583 / 4710    4107.4250 GFlop/s     (513.4281 GFlop/s per process)    33%    2358.6 sec left
CG set 1584 / 4710    4107.3947 GFlop/s     (513.4243 GFlop/s per process)    33%    2357.8 sec left
CG set 1585 / 4710    4107.3590 GFlop/s     (513.4199 GFlop/s per process)    33%    2357.0 sec left
CG set 1586 / 4710    4107.3162 GFlop/s     (513.4145 GFlop/s per process)    33%    2356.2 sec left
CG set 1587 / 4710    4107.2691 GFlop/s     (513.4086 GFlop/s per process)    33%    2355.4 sec left
CG set 1588 / 4710    4107.2205 GFlop/s     (513.4026 GFlop/s per process)    33%    2354.6 sec left
CG set 1589 / 4710    4107.1566 GFlop/s     (513.3946 GFlop/s per process)    33%    2353.8 sec left
CG set 1590 / 4710    4107.0964 GFlop/s     (513.3870 GFlop/s per process)    33%    2353.0 sec left
CG set 1591 / 4710    4107.0467 GFlop/s     (513.3808 GFlop/s per process)    33%    2352.2 sec left
CG set 1592 / 4710    4106.9947 GFlop/s     (513.3743 GFlop/s per process)    33%    2351.4 sec left
CG set 1593 / 4710    4106.9625 GFlop/s     (513.3703 GFlop/s per process)    33%    2350.6 sec left
CG set 1594 / 4710    4106.9071 GFlop/s     (513.3634 GFlop/s per process)    33%    2349.8 sec left
CG set 1595 / 4710    4106.8475 GFlop/s     (513.3559 GFlop/s per process)    33%    2349.0 sec left
CG set 1596 / 4710    4106.7882 GFlop/s     (513.3485 GFlop/s per process)    33%    2348.2 sec left
CG set 1597 / 4710    4106.7318 GFlop/s     (513.3415 GFlop/s per process)    33%    2347.4 sec left
CG set 1598 / 4710    4106.6670 GFlop/s     (513.3334 GFlop/s per process)    33%    2346.6 sec left
CG set 1599 / 4710    4106.6188 GFlop/s     (513.3273 GFlop/s per process)    33%    2345.8 sec left
CG set 1600 / 4710    4106.5705 GFlop/s     (513.3213 GFlop/s per process)    33%    2345.0 sec left
CG set 1601 / 4710    4106.5206 GFlop/s     (513.3151 GFlop/s per process)    33%    2344.2 sec left
CG set 1602 / 4710    4106.4684 GFlop/s     (513.3085 GFlop/s per process)    34%    2343.4 sec left
CG set 1603 / 4710    4106.4105 GFlop/s     (513.3013 GFlop/s per process)    34%    2342.6 sec left
CG set 1604 / 4710    4106.3427 GFlop/s     (513.2928 GFlop/s per process)    34%    2341.8 sec left
CG set 1605 / 4710    4106.2757 GFlop/s     (513.2845 GFlop/s per process)    34%    2341.0 sec left
CG set 1606 / 4710    4106.2220 GFlop/s     (513.2778 GFlop/s per process)    34%    2340.2 sec left
CG set 1607 / 4710    4106.1593 GFlop/s     (513.2699 GFlop/s per process)    34%    2339.4 sec left
CG set 1608 / 4710    4106.1018 GFlop/s     (513.2627 GFlop/s per process)    34%    2338.6 sec left
CG set 1609 / 4710    4106.0533 GFlop/s     (513.2567 GFlop/s per process)    34%    2337.8 sec left
CG set 1610 / 4710    4106.0050 GFlop/s     (513.2506 GFlop/s per process)    34%    2337.0 sec left
CG set 1611 / 4710    4105.9576 GFlop/s     (513.2447 GFlop/s per process)    34%    2336.2 sec left
CG set 1612 / 4710    4105.9108 GFlop/s     (513.2388 GFlop/s per process)    34%    2335.4 sec left
CG set 1613 / 4710    4105.8717 GFlop/s     (513.2340 GFlop/s per process)    34%    2334.6 sec left
CG set 1614 / 4710    4105.8236 GFlop/s     (513.2279 GFlop/s per process)    34%    2333.8 sec left
CG set 1615 / 4710    4105.7859 GFlop/s     (513.2232 GFlop/s per process)    34%    2333.0 sec left
CG set 1616 / 4710    4105.7399 GFlop/s     (513.2175 GFlop/s per process)    34%    2332.2 sec left
CG set 1617 / 4710    4105.6903 GFlop/s     (513.2113 GFlop/s per process)    34%    2331.4 sec left
CG set 1618 / 4710    4105.6499 GFlop/s     (513.2062 GFlop/s per process)    34%    2330.6 sec left
CG set 1619 / 4710    4105.6090 GFlop/s     (513.2011 GFlop/s per process)    34%    2329.8 sec left
CG set 1620 / 4710    4105.5595 GFlop/s     (513.1949 GFlop/s per process)    34%    2329.0 sec left
CG set 1621 / 4710    4105.5102 GFlop/s     (513.1888 GFlop/s per process)    34%    2328.2 sec left
CG set 1622 / 4710    4105.4597 GFlop/s     (513.1825 GFlop/s per process)    34%    2327.4 sec left
CG set 1623 / 4710    4105.4237 GFlop/s     (513.1780 GFlop/s per process)    34%    2326.6 sec left
CG set 1624 / 4710    4105.3756 GFlop/s     (513.1719 GFlop/s per process)    34%    2325.8 sec left
CG set 1625 / 4710    4105.3299 GFlop/s     (513.1662 GFlop/s per process)    34%    2325.0 sec left
CG set 1626 / 4710    4105.2890 GFlop/s     (513.1611 GFlop/s per process)    34%    2324.2 sec left
CG set 1627 / 4710    4105.2359 GFlop/s     (513.1545 GFlop/s per process)    34%    2323.4 sec left
CG set 1628 / 4710    4105.1894 GFlop/s     (513.1487 GFlop/s per process)    34%    2322.6 sec left
CG set 1629 / 4710    4105.1385 GFlop/s     (513.1423 GFlop/s per process)    34%    2321.8 sec left
CG set 1630 / 4710    4105.0920 GFlop/s     (513.1365 GFlop/s per process)    34%    2321.0 sec left
CG set 1631 / 4710    4105.0565 GFlop/s     (513.1321 GFlop/s per process)    34%    2320.2 sec left
CG set 1632 / 4710    4105.0250 GFlop/s     (513.1281 GFlop/s per process)    34%    2319.4 sec left
CG set 1633 / 4710    4104.9926 GFlop/s     (513.1241 GFlop/s per process)    34%    2318.6 sec left
CG set 1634 / 4710    4104.9429 GFlop/s     (513.1179 GFlop/s per process)    34%    2317.8 sec left
CG set 1635 / 4710    4104.8939 GFlop/s     (513.1117 GFlop/s per process)    34%    2317.0 sec left
CG set 1636 / 4710    4104.8550 GFlop/s     (513.1069 GFlop/s per process)    34%    2316.2 sec left
CG set 1637 / 4710    4104.8314 GFlop/s     (513.1039 GFlop/s per process)    34%    2315.4 sec left
CG set 1638 / 4710    4104.7867 GFlop/s     (513.0983 GFlop/s per process)    34%    2314.6 sec left
CG set 1639 / 4710    4104.7545 GFlop/s     (513.0943 GFlop/s per process)    34%    2313.8 sec left
CG set 1640 / 4710    4104.7310 GFlop/s     (513.0914 GFlop/s per process)    34%    2313.0 sec left
CG set 1641 / 4710    4104.7178 GFlop/s     (513.0897 GFlop/s per process)    34%    2312.3 sec left
CG set 1642 / 4710    4104.6924 GFlop/s     (513.0866 GFlop/s per process)    34%    2311.5 sec left
CG set 1643 / 4710    4104.6797 GFlop/s     (513.0850 GFlop/s per process)    34%    2310.7 sec left
CG set 1644 / 4710    4104.6673 GFlop/s     (513.0834 GFlop/s per process)    34%    2309.9 sec left
CG set 1645 / 4710    4104.6548 GFlop/s     (513.0818 GFlop/s per process)    34%    2309.1 sec left
CG set 1646 / 4710    4104.6435 GFlop/s     (513.0804 GFlop/s per process)    34%    2308.3 sec left
CG set 1647 / 4710    4104.6251 GFlop/s     (513.0781 GFlop/s per process)    34%    2307.5 sec left
CG set 1648 / 4710    4104.5949 GFlop/s     (513.0744 GFlop/s per process)    34%    2306.7 sec left
CG set 1649 / 4710    4104.5689 GFlop/s     (513.0711 GFlop/s per process)    35%    2305.9 sec left
CG set 1650 / 4710    4104.5577 GFlop/s     (513.0697 GFlop/s per process)    35%    2305.1 sec left
CG set 1651 / 4710    4104.5201 GFlop/s     (513.0650 GFlop/s per process)    35%    2304.3 sec left
CG set 1652 / 4710    4104.4797 GFlop/s     (513.0600 GFlop/s per process)    35%    2303.5 sec left
CG set 1653 / 4710    4104.4667 GFlop/s     (513.0583 GFlop/s per process)    35%    2302.8 sec left
CG set 1654 / 4710    4104.4489 GFlop/s     (513.0561 GFlop/s per process)    35%    2302.0 sec left
CG set 1655 / 4710    4104.4267 GFlop/s     (513.0533 GFlop/s per process)    35%    2301.2 sec left
CG set 1656 / 4710    4104.4047 GFlop/s     (513.0506 GFlop/s per process)    35%    2300.4 sec left
CG set 1657 / 4710    4104.3926 GFlop/s     (513.0491 GFlop/s per process)    35%    2299.6 sec left
CG set 1658 / 4710    4104.3768 GFlop/s     (513.0471 GFlop/s per process)    35%    2298.8 sec left
CG set 1659 / 4710    4104.3567 GFlop/s     (513.0446 GFlop/s per process)    35%    2298.0 sec left
CG set 1660 / 4710    4104.3338 GFlop/s     (513.0417 GFlop/s per process)    35%    2297.2 sec left
CG set 1661 / 4710    4104.2990 GFlop/s     (513.0374 GFlop/s per process)    35%    2296.4 sec left
CG set 1662 / 4710    4104.2898 GFlop/s     (513.0362 GFlop/s per process)    35%    2295.6 sec left
CG set 1663 / 4710    4104.2716 GFlop/s     (513.0340 GFlop/s per process)    35%    2294.8 sec left
CG set 1664 / 4710    4104.2566 GFlop/s     (513.0321 GFlop/s per process)    35%    2294.1 sec left
CG set 1665 / 4710    4104.2456 GFlop/s     (513.0307 GFlop/s per process)    35%    2293.3 sec left
CG set 1666 / 4710    4104.2179 GFlop/s     (513.0272 GFlop/s per process)    35%    2292.5 sec left
CG set 1667 / 4710    4104.1888 GFlop/s     (513.0236 GFlop/s per process)    35%    2291.7 sec left
CG set 1668 / 4710    4104.1714 GFlop/s     (513.0214 GFlop/s per process)    35%    2290.9 sec left
CG set 1669 / 4710    4104.1448 GFlop/s     (513.0181 GFlop/s per process)    35%    2290.1 sec left
CG set 1670 / 4710    4104.1236 GFlop/s     (513.0155 GFlop/s per process)    35%    2289.3 sec left
CG set 1671 / 4710    4104.1142 GFlop/s     (513.0143 GFlop/s per process)    35%    2288.5 sec left
CG set 1672 / 4710    4104.0959 GFlop/s     (513.0120 GFlop/s per process)    35%    2287.7 sec left
CG set 1673 / 4710    4104.0719 GFlop/s     (513.0090 GFlop/s per process)    35%    2286.9 sec left
CG set 1674 / 4710    4104.0474 GFlop/s     (513.0059 GFlop/s per process)    35%    2286.1 sec left
CG set 1675 / 4710    4104.0307 GFlop/s     (513.0038 GFlop/s per process)    35%    2285.3 sec left
CG set 1676 / 4710    4104.0131 GFlop/s     (513.0016 GFlop/s per process)    35%    2284.6 sec left
CG set 1677 / 4710    4104.0012 GFlop/s     (513.0002 GFlop/s per process)    35%    2283.8 sec left
CG set 1678 / 4710    4103.9872 GFlop/s     (512.9984 GFlop/s per process)    35%    2283.0 sec left
CG set 1679 / 4710    4103.9647 GFlop/s     (512.9956 GFlop/s per process)    35%    2282.2 sec left
CG set 1680 / 4710    4103.9421 GFlop/s     (512.9928 GFlop/s per process)    35%    2281.4 sec left
CG set 1681 / 4710    4103.9203 GFlop/s     (512.9900 GFlop/s per process)    35%    2280.6 sec left
CG set 1682 / 4710    4103.8962 GFlop/s     (512.9870 GFlop/s per process)    35%    2279.8 sec left
CG set 1683 / 4710    4103.8614 GFlop/s     (512.9827 GFlop/s per process)    35%    2279.0 sec left
CG set 1684 / 4710    4103.8353 GFlop/s     (512.9794 GFlop/s per process)    35%    2278.2 sec left
CG set 1685 / 4710    4103.8086 GFlop/s     (512.9761 GFlop/s per process)    35%    2277.4 sec left
CG set 1686 / 4710    4103.7961 GFlop/s     (512.9745 GFlop/s per process)    35%    2276.6 sec left
CG set 1687 / 4710    4103.7817 GFlop/s     (512.9727 GFlop/s per process)    35%    2275.8 sec left
CG set 1688 / 4710    4103.7546 GFlop/s     (512.9693 GFlop/s per process)    35%    2275.1 sec left
CG set 1689 / 4710    4103.7343 GFlop/s     (512.9668 GFlop/s per process)    35%    2274.3 sec left
CG set 1690 / 4710    4103.6896 GFlop/s     (512.9612 GFlop/s per process)    35%    2273.5 sec left
CG set 1691 / 4710    4103.6396 GFlop/s     (512.9549 GFlop/s per process)    35%    2272.7 sec left
CG set 1692 / 4710    4103.6073 GFlop/s     (512.9509 GFlop/s per process)    35%    2271.9 sec left
CG set 1693 / 4710    4103.5760 GFlop/s     (512.9470 GFlop/s per process)    35%    2271.1 sec left
CG set 1694 / 4710    4103.5508 GFlop/s     (512.9438 GFlop/s per process)    35%    2270.3 sec left
CG set 1695 / 4710    4103.5358 GFlop/s     (512.9420 GFlop/s per process)    35%    2269.5 sec left
CG set 1696 / 4710    4103.5076 GFlop/s     (512.9385 GFlop/s per process)    36%    2268.7 sec left
CG set 1697 / 4710    4103.4777 GFlop/s     (512.9347 GFlop/s per process)    36%    2267.9 sec left
CG set 1698 / 4710    4103.4327 GFlop/s     (512.9291 GFlop/s per process)    36%    2267.1 sec left
CG set 1699 / 4710    4103.3946 GFlop/s     (512.9243 GFlop/s per process)    36%    2266.3 sec left
CG set 1700 / 4710    4103.3738 GFlop/s     (512.9217 GFlop/s per process)    36%    2265.5 sec left
CG set 1701 / 4710    4103.3405 GFlop/s     (512.9176 GFlop/s per process)    36%    2264.7 sec left
CG set 1702 / 4710    4103.2959 GFlop/s     (512.9120 GFlop/s per process)    36%    2263.9 sec left
CG set 1703 / 4710    4103.2685 GFlop/s     (512.9086 GFlop/s per process)    36%    2263.1 sec left
CG set 1704 / 4710    4103.2459 GFlop/s     (512.9057 GFlop/s per process)    36%    2262.3 sec left
CG set 1705 / 4710    4103.2259 GFlop/s     (512.9032 GFlop/s per process)    36%    2261.5 sec left
CG set 1706 / 4710    4103.1999 GFlop/s     (512.9000 GFlop/s per process)    36%    2260.7 sec left
CG set 1707 / 4710    4103.1765 GFlop/s     (512.8971 GFlop/s per process)    36%    2259.9 sec left
CG set 1708 / 4710    4103.1492 GFlop/s     (512.8937 GFlop/s per process)    36%    2259.2 sec left
CG set 1709 / 4710    4103.1350 GFlop/s     (512.8919 GFlop/s per process)    36%    2258.4 sec left
CG set 1710 / 4710    4103.1210 GFlop/s     (512.8901 GFlop/s per process)    36%    2257.6 sec left
CG set 1711 / 4710    4103.1034 GFlop/s     (512.8879 GFlop/s per process)    36%    2256.8 sec left
CG set 1712 / 4710    4103.0773 GFlop/s     (512.8847 GFlop/s per process)    36%    2256.0 sec left
CG set 1713 / 4710    4103.0550 GFlop/s     (512.8819 GFlop/s per process)    36%    2255.2 sec left
CG set 1714 / 4710    4103.0285 GFlop/s     (512.8786 GFlop/s per process)    36%    2254.4 sec left
CG set 1715 / 4710    4102.9909 GFlop/s     (512.8739 GFlop/s per process)    36%    2253.6 sec left
CG set 1716 / 4710    4102.9669 GFlop/s     (512.8709 GFlop/s per process)    36%    2252.8 sec left
CG set 1717 / 4710    4102.9409 GFlop/s     (512.8676 GFlop/s per process)    36%    2252.0 sec left
CG set 1718 / 4710    4102.9117 GFlop/s     (512.8640 GFlop/s per process)    36%    2251.2 sec left
CG set 1719 / 4710    4102.8917 GFlop/s     (512.8615 GFlop/s per process)    36%    2250.4 sec left
CG set 1720 / 4710    4102.8803 GFlop/s     (512.8600 GFlop/s per process)    36%    2249.6 sec left
CG set 1721 / 4710    4102.8567 GFlop/s     (512.8571 GFlop/s per process)    36%    2248.8 sec left
CG set 1722 / 4710    4102.8215 GFlop/s     (512.8527 GFlop/s per process)    36%    2248.1 sec left
CG set 1723 / 4710    4102.7871 GFlop/s     (512.8484 GFlop/s per process)    36%    2247.3 sec left
CG set 1724 / 4710    4102.7651 GFlop/s     (512.8456 GFlop/s per process)    36%    2246.5 sec left
CG set 1725 / 4710    4102.7506 GFlop/s     (512.8438 GFlop/s per process)    36%    2245.7 sec left
CG set 1726 / 4710    4102.7382 GFlop/s     (512.8423 GFlop/s per process)    36%    2244.9 sec left
CG set 1727 / 4710    4102.7376 GFlop/s     (512.8422 GFlop/s per process)    36%    2244.1 sec left
CG set 1728 / 4710    4102.7226 GFlop/s     (512.8403 GFlop/s per process)    36%    2243.3 sec left
CG set 1729 / 4710    4102.6956 GFlop/s     (512.8369 GFlop/s per process)    36%    2242.5 sec left
CG set 1730 / 4710    4102.6681 GFlop/s     (512.8335 GFlop/s per process)    36%    2241.7 sec left
CG set 1731 / 4710    4102.6486 GFlop/s     (512.8311 GFlop/s per process)    36%    2240.9 sec left
CG set 1732 / 4710    4102.6283 GFlop/s     (512.8285 GFlop/s per process)    36%    2240.1 sec left
CG set 1733 / 4710    4102.5929 GFlop/s     (512.8241 GFlop/s per process)    36%    2239.3 sec left
CG set 1734 / 4710    4102.5664 GFlop/s     (512.8208 GFlop/s per process)    36%    2238.5 sec left
CG set 1735 / 4710    4102.5461 GFlop/s     (512.8183 GFlop/s per process)    36%    2237.8 sec left
CG set 1736 / 4710    4102.5238 GFlop/s     (512.8155 GFlop/s per process)    36%    2237.0 sec left
CG set 1737 / 4710    4102.5102 GFlop/s     (512.8138 GFlop/s per process)    36%    2236.2 sec left
CG set 1738 / 4710    4102.4912 GFlop/s     (512.8114 GFlop/s per process)    36%    2235.4 sec left
CG set 1739 / 4710    4102.4733 GFlop/s     (512.8092 GFlop/s per process)    36%    2234.6 sec left
CG set 1740 / 4710    4102.4684 GFlop/s     (512.8085 GFlop/s per process)    36%    2233.8 sec left
CG set 1741 / 4710    4102.4572 GFlop/s     (512.8072 GFlop/s per process)    36%    2233.0 sec left
CG set 1742 / 4710    4102.4426 GFlop/s     (512.8053 GFlop/s per process)    36%    2232.2 sec left
CG set 1743 / 4710    4102.4337 GFlop/s     (512.8042 GFlop/s per process)    37%    2231.4 sec left
CG set 1744 / 4710    4102.4205 GFlop/s     (512.8026 GFlop/s per process)    37%    2230.6 sec left
CG set 1745 / 4710    4102.4028 GFlop/s     (512.8004 GFlop/s per process)    37%    2229.9 sec left
CG set 1746 / 4710    4102.3840 GFlop/s     (512.7980 GFlop/s per process)    37%    2229.1 sec left
CG set 1747 / 4710    4102.3620 GFlop/s     (512.7953 GFlop/s per process)    37%    2228.3 sec left
CG set 1748 / 4710    4102.3515 GFlop/s     (512.7939 GFlop/s per process)    37%    2227.5 sec left
CG set 1749 / 4710    4102.3171 GFlop/s     (512.7896 GFlop/s per process)    37%    2226.7 sec left
CG set 1750 / 4710    4102.3032 GFlop/s     (512.7879 GFlop/s per process)    37%    2225.9 sec left
CG set 1751 / 4710    4102.2927 GFlop/s     (512.7866 GFlop/s per process)    37%    2225.1 sec left
CG set 1752 / 4710    4102.2842 GFlop/s     (512.7855 GFlop/s per process)    37%    2224.3 sec left
CG set 1753 / 4710    4102.2667 GFlop/s     (512.7833 GFlop/s per process)    37%    2223.5 sec left
CG set 1754 / 4710    4102.2354 GFlop/s     (512.7794 GFlop/s per process)    37%    2222.7 sec left
CG set 1755 / 4710    4102.2203 GFlop/s     (512.7775 GFlop/s per process)    37%    2221.9 sec left
CG set 1756 / 4710    4102.1982 GFlop/s     (512.7748 GFlop/s per process)    37%    2221.1 sec left
CG set 1757 / 4710    4102.1789 GFlop/s     (512.7724 GFlop/s per process)    37%    2220.4 sec left
CG set 1758 / 4710    4102.1570 GFlop/s     (512.7696 GFlop/s per process)    37%    2219.6 sec left
CG set 1759 / 4710    4102.1461 GFlop/s     (512.7683 GFlop/s per process)    37%    2218.8 sec left
CG set 1760 / 4710    4102.1223 GFlop/s     (512.7653 GFlop/s per process)    37%    2218.0 sec left
CG set 1761 / 4710    4102.0893 GFlop/s     (512.7612 GFlop/s per process)    37%    2217.2 sec left
CG set 1762 / 4710    4102.0553 GFlop/s     (512.7569 GFlop/s per process)    37%    2216.4 sec left
CG set 1763 / 4710    4102.0365 GFlop/s     (512.7546 GFlop/s per process)    37%    2215.6 sec left
CG set 1764 / 4710    4102.0047 GFlop/s     (512.7506 GFlop/s per process)    37%    2214.8 sec left
CG set 1765 / 4710    4101.9741 GFlop/s     (512.7468 GFlop/s per process)    37%    2214.0 sec left
CG set 1766 / 4710    4101.9545 GFlop/s     (512.7443 GFlop/s per process)    37%    2213.2 sec left
CG set 1767 / 4710    4101.9312 GFlop/s     (512.7414 GFlop/s per process)    37%    2212.4 sec left
CG set 1768 / 4710    4101.9115 GFlop/s     (512.7389 GFlop/s per process)    37%    2211.6 sec left
CG set 1769 / 4710    4101.8928 GFlop/s     (512.7366 GFlop/s per process)    37%    2210.8 sec left
CG set 1770 / 4710    4101.8820 GFlop/s     (512.7352 GFlop/s per process)    37%    2210.0 sec left
CG set 1771 / 4710    4101.8686 GFlop/s     (512.7336 GFlop/s per process)    37%    2209.3 sec left
CG set 1772 / 4710    4101.8561 GFlop/s     (512.7320 GFlop/s per process)    37%    2208.5 sec left
CG set 1773 / 4710    4101.8480 GFlop/s     (512.7310 GFlop/s per process)    37%    2207.7 sec left
CG set 1774 / 4710    4101.8228 GFlop/s     (512.7279 GFlop/s per process)    37%    2206.9 sec left
CG set 1775 / 4710    4101.8008 GFlop/s     (512.7251 GFlop/s per process)    37%    2206.1 sec left
CG set 1776 / 4710    4101.7919 GFlop/s     (512.7240 GFlop/s per process)    37%    2205.3 sec left
CG set 1777 / 4710    4101.7655 GFlop/s     (512.7207 GFlop/s per process)    37%    2204.5 sec left
CG set 1778 / 4710    4101.7255 GFlop/s     (512.7157 GFlop/s per process)    37%    2203.7 sec left
CG set 1779 / 4710    4101.7043 GFlop/s     (512.7130 GFlop/s per process)    37%    2202.9 sec left
CG set 1780 / 4710    4101.6742 GFlop/s     (512.7093 GFlop/s per process)    37%    2202.1 sec left
CG set 1781 / 4710    4101.6497 GFlop/s     (512.7062 GFlop/s per process)    37%    2201.3 sec left
CG set 1782 / 4710    4101.6377 GFlop/s     (512.7047 GFlop/s per process)    37%    2200.5 sec left
CG set 1783 / 4710    4101.6236 GFlop/s     (512.7030 GFlop/s per process)    37%    2199.7 sec left
CG set 1784 / 4710    4101.6081 GFlop/s     (512.7010 GFlop/s per process)    37%    2199.0 sec left
CG set 1785 / 4710    4101.5922 GFlop/s     (512.6990 GFlop/s per process)    37%    2198.2 sec left
CG set 1786 / 4710    4101.5649 GFlop/s     (512.6956 GFlop/s per process)    37%    2197.4 sec left
CG set 1787 / 4710    4101.5331 GFlop/s     (512.6916 GFlop/s per process)    37%    2196.6 sec left
CG set 1788 / 4710    4101.5086 GFlop/s     (512.6886 GFlop/s per process)    37%    2195.8 sec left
CG set 1789 / 4710    4101.4873 GFlop/s     (512.6859 GFlop/s per process)    37%    2195.0 sec left
CG set 1790 / 4710    4101.4725 GFlop/s     (512.6841 GFlop/s per process)    38%    2194.2 sec left
CG set 1791 / 4710    4101.4510 GFlop/s     (512.6814 GFlop/s per process)    38%    2193.4 sec left
CG set 1792 / 4710    4101.4172 GFlop/s     (512.6772 GFlop/s per process)    38%    2192.6 sec left
CG set 1793 / 4710    4101.3888 GFlop/s     (512.6736 GFlop/s per process)    38%    2191.8 sec left
CG set 1794 / 4710    4101.3512 GFlop/s     (512.6689 GFlop/s per process)    38%    2191.0 sec left
CG set 1795 / 4710    4101.3402 GFlop/s     (512.6675 GFlop/s per process)    38%    2190.2 sec left
CG set 1796 / 4710    4101.3131 GFlop/s     (512.6641 GFlop/s per process)    38%    2189.4 sec left
CG set 1797 / 4710    4101.2840 GFlop/s     (512.6605 GFlop/s per process)    38%    2188.6 sec left
CG set 1798 / 4710    4101.2691 GFlop/s     (512.6586 GFlop/s per process)    38%    2187.8 sec left
CG set 1799 / 4710    4101.2471 GFlop/s     (512.6559 GFlop/s per process)    38%    2187.0 sec left
CG set 1800 / 4710    4101.2282 GFlop/s     (512.6535 GFlop/s per process)    38%    2186.3 sec left
CG set 1801 / 4710    4101.2111 GFlop/s     (512.6514 GFlop/s per process)    38%    2185.5 sec left
CG set 1802 / 4710    4101.1888 GFlop/s     (512.6486 GFlop/s per process)    38%    2184.7 sec left
CG set 1803 / 4710    4101.1746 GFlop/s     (512.6468 GFlop/s per process)    38%    2183.9 sec left
CG set 1804 / 4710    4101.1593 GFlop/s     (512.6449 GFlop/s per process)    38%    2183.1 sec left
CG set 1805 / 4710    4101.1411 GFlop/s     (512.6426 GFlop/s per process)    38%    2182.3 sec left
CG set 1806 / 4710    4101.1149 GFlop/s     (512.6394 GFlop/s per process)    38%    2181.5 sec left
CG set 1807 / 4710    4101.0791 GFlop/s     (512.6349 GFlop/s per process)    38%    2180.7 sec left
CG set 1808 / 4710    4101.0655 GFlop/s     (512.6332 GFlop/s per process)    38%    2179.9 sec left
CG set 1809 / 4710    4101.0370 GFlop/s     (512.6296 GFlop/s per process)    38%    2179.1 sec left
CG set 1810 / 4710    4101.0056 GFlop/s     (512.6257 GFlop/s per process)    38%    2178.3 sec left
CG set 1811 / 4710    4100.9733 GFlop/s     (512.6217 GFlop/s per process)    38%    2177.5 sec left
CG set 1812 / 4710    4100.9516 GFlop/s     (512.6189 GFlop/s per process)    38%    2176.7 sec left
CG set 1813 / 4710    4100.9292 GFlop/s     (512.6162 GFlop/s per process)    38%    2175.9 sec left
CG set 1814 / 4710    4100.9160 GFlop/s     (512.6145 GFlop/s per process)    38%    2175.1 sec left
CG set 1815 / 4710    4100.9017 GFlop/s     (512.6127 GFlop/s per process)    38%    2174.4 sec left
CG set 1816 / 4710    4100.8760 GFlop/s     (512.6095 GFlop/s per process)    38%    2173.6 sec left
CG set 1817 / 4710    4100.8552 GFlop/s     (512.6069 GFlop/s per process)    38%    2172.8 sec left
CG set 1818 / 4710    4100.8192 GFlop/s     (512.6024 GFlop/s per process)    38%    2172.0 sec left
CG set 1819 / 4710    4100.7927 GFlop/s     (512.5991 GFlop/s per process)    38%    2171.2 sec left
CG set 1820 / 4710    4100.7788 GFlop/s     (512.5973 GFlop/s per process)    38%    2170.4 sec left
CG set 1821 / 4710    4100.7623 GFlop/s     (512.5953 GFlop/s per process)    38%    2169.6 sec left
CG set 1822 / 4710    4100.7446 GFlop/s     (512.5931 GFlop/s per process)    38%    2168.8 sec left
CG set 1823 / 4710    4100.7229 GFlop/s     (512.5904 GFlop/s per process)    38%    2168.0 sec left
CG set 1824 / 4710    4100.7057 GFlop/s     (512.5882 GFlop/s per process)    38%    2167.2 sec left
CG set 1825 / 4710    4100.6748 GFlop/s     (512.5843 GFlop/s per process)    38%    2166.4 sec left
CG set 1826 / 4710    4100.6639 GFlop/s     (512.5830 GFlop/s per process)    38%    2165.6 sec left
CG set 1827 / 4710    4100.6442 GFlop/s     (512.5805 GFlop/s per process)    38%    2164.8 sec left
CG set 1828 / 4710    4100.6166 GFlop/s     (512.5771 GFlop/s per process)    38%    2164.0 sec left
CG set 1829 / 4710    4100.5919 GFlop/s     (512.5740 GFlop/s per process)    38%    2163.3 sec left
CG set 1830 / 4710    4100.5810 GFlop/s     (512.5726 GFlop/s per process)    38%    2162.5 sec left
CG set 1831 / 4710    4100.5595 GFlop/s     (512.5699 GFlop/s per process)    38%    2161.7 sec left
CG set 1832 / 4710    4100.5348 GFlop/s     (512.5668 GFlop/s per process)    38%    2160.9 sec left
CG set 1833 / 4710    4100.5217 GFlop/s     (512.5652 GFlop/s per process)    38%    2160.1 sec left
CG set 1834 / 4710    4100.5090 GFlop/s     (512.5636 GFlop/s per process)    38%    2159.3 sec left
CG set 1835 / 4710    4100.4961 GFlop/s     (512.5620 GFlop/s per process)    38%    2158.5 sec left
CG set 1836 / 4710    4100.4854 GFlop/s     (512.5607 GFlop/s per process)    38%    2157.7 sec left
CG set 1837 / 4710    4100.4705 GFlop/s     (512.5588 GFlop/s per process)    39%    2156.9 sec left
CG set 1838 / 4710    4100.4475 GFlop/s     (512.5559 GFlop/s per process)    39%    2156.1 sec left
CG set 1839 / 4710    4100.4323 GFlop/s     (512.5540 GFlop/s per process)    39%    2155.3 sec left
CG set 1840 / 4710    4100.4129 GFlop/s     (512.5516 GFlop/s per process)    39%    2154.5 sec left
CG set 1841 / 4710    4100.3841 GFlop/s     (512.5480 GFlop/s per process)    39%    2153.7 sec left
CG set 1842 / 4710    4100.3626 GFlop/s     (512.5453 GFlop/s per process)    39%    2153.0 sec left
CG set 1843 / 4710    4100.3493 GFlop/s     (512.5437 GFlop/s per process)    39%    2152.2 sec left
CG set 1844 / 4710    4100.3183 GFlop/s     (512.5398 GFlop/s per process)    39%    2151.4 sec left
CG set 1845 / 4710    4100.3075 GFlop/s     (512.5384 GFlop/s per process)    39%    2150.6 sec left
CG set 1846 / 4710    4100.2874 GFlop/s     (512.5359 GFlop/s per process)    39%    2149.8 sec left
CG set 1847 / 4710    4100.2658 GFlop/s     (512.5332 GFlop/s per process)    39%    2149.0 sec left
CG set 1848 / 4710    4100.2522 GFlop/s     (512.5315 GFlop/s per process)    39%    2148.2 sec left
CG set 1849 / 4710    4100.2288 GFlop/s     (512.5286 GFlop/s per process)    39%    2147.4 sec left
CG set 1850 / 4710    4100.2088 GFlop/s     (512.5261 GFlop/s per process)    39%    2146.6 sec left
CG set 1851 / 4710    4100.1905 GFlop/s     (512.5238 GFlop/s per process)    39%    2145.8 sec left
CG set 1852 / 4710    4100.1789 GFlop/s     (512.5224 GFlop/s per process)    39%    2145.0 sec left
CG set 1853 / 4710    4100.1712 GFlop/s     (512.5214 GFlop/s per process)    39%    2144.2 sec left
CG set 1854 / 4710    4100.1635 GFlop/s     (512.5204 GFlop/s per process)    39%    2143.5 sec left
CG set 1855 / 4710    4100.1450 GFlop/s     (512.5181 GFlop/s per process)    39%    2142.7 sec left
CG set 1856 / 4710    4100.1184 GFlop/s     (512.5148 GFlop/s per process)    39%    2141.9 sec left
CG set 1857 / 4710    4100.0910 GFlop/s     (512.5114 GFlop/s per process)    39%    2141.1 sec left
CG set 1858 / 4710    4100.0644 GFlop/s     (512.5081 GFlop/s per process)    39%    2140.3 sec left
CG set 1859 / 4710    4100.0453 GFlop/s     (512.5057 GFlop/s per process)    39%    2139.5 sec left
CG set 1860 / 4710    4100.0175 GFlop/s     (512.5022 GFlop/s per process)    39%    2138.7 sec left
CG set 1861 / 4710    4100.0034 GFlop/s     (512.5004 GFlop/s per process)    39%    2137.9 sec left
CG set 1862 / 4710    4099.9905 GFlop/s     (512.4988 GFlop/s per process)    39%    2137.1 sec left
CG set 1863 / 4710    4099.9742 GFlop/s     (512.4968 GFlop/s per process)    39%    2136.3 sec left
CG set 1864 / 4710    4099.9640 GFlop/s     (512.4955 GFlop/s per process)    39%    2135.5 sec left
CG set 1865 / 4710    4099.9495 GFlop/s     (512.4937 GFlop/s per process)    39%    2134.7 sec left
CG set 1866 / 4710    4099.9417 GFlop/s     (512.4927 GFlop/s per process)    39%    2133.9 sec left
CG set 1867 / 4710    4099.9307 GFlop/s     (512.4913 GFlop/s per process)    39%    2133.2 sec left
CG set 1868 / 4710    4099.9175 GFlop/s     (512.4897 GFlop/s per process)    39%    2132.4 sec left
CG set 1869 / 4710    4099.9061 GFlop/s     (512.4883 GFlop/s per process)    39%    2131.6 sec left
CG set 1870 / 4710    4099.8931 GFlop/s     (512.4866 GFlop/s per process)    39%    2130.8 sec left
CG set 1871 / 4710    4099.8867 GFlop/s     (512.4858 GFlop/s per process)    39%    2130.0 sec left
CG set 1872 / 4710    4099.8625 GFlop/s     (512.4828 GFlop/s per process)    39%    2129.2 sec left
CG set 1873 / 4710    4099.8378 GFlop/s     (512.4797 GFlop/s per process)    39%    2128.4 sec left
CG set 1874 / 4710    4099.8124 GFlop/s     (512.4766 GFlop/s per process)    39%    2127.6 sec left
CG set 1875 / 4710    4099.7896 GFlop/s     (512.4737 GFlop/s per process)    39%    2126.8 sec left
CG set 1876 / 4710    4099.7741 GFlop/s     (512.4718 GFlop/s per process)    39%    2126.0 sec left
CG set 1877 / 4710    4099.7644 GFlop/s     (512.4705 GFlop/s per process)    39%    2125.2 sec left
CG set 1878 / 4710    4099.7460 GFlop/s     (512.4682 GFlop/s per process)    39%    2124.4 sec left
CG set 1879 / 4710    4099.7234 GFlop/s     (512.4654 GFlop/s per process)    39%    2123.7 sec left
CG set 1880 / 4710    4099.7030 GFlop/s     (512.4629 GFlop/s per process)    39%    2122.9 sec left
CG set 1881 / 4710    4099.6809 GFlop/s     (512.4601 GFlop/s per process)    39%    2122.1 sec left
CG set 1882 / 4710    4099.6564 GFlop/s     (512.4570 GFlop/s per process)    39%    2121.3 sec left
CG set 1883 / 4710    4099.6422 GFlop/s     (512.4553 GFlop/s per process)    39%    2120.5 sec left
CG set 1884 / 4710    4099.6348 GFlop/s     (512.4544 GFlop/s per process)    40%    2119.7 sec left
CG set 1885 / 4710    4099.6225 GFlop/s     (512.4528 GFlop/s per process)    40%    2118.9 sec left
CG set 1886 / 4710    4099.6004 GFlop/s     (512.4501 GFlop/s per process)    40%    2118.1 sec left
CG set 1887 / 4710    4099.5775 GFlop/s     (512.4472 GFlop/s per process)    40%    2117.3 sec left
CG set 1888 / 4710    4099.5526 GFlop/s     (512.4441 GFlop/s per process)    40%    2116.5 sec left
CG set 1889 / 4710    4099.5336 GFlop/s     (512.4417 GFlop/s per process)    40%    2115.7 sec left
CG set 1890 / 4710    4099.5242 GFlop/s     (512.4405 GFlop/s per process)    40%    2114.9 sec left
CG set 1891 / 4710    4099.5061 GFlop/s     (512.4383 GFlop/s per process)    40%    2114.1 sec left
CG set 1892 / 4710    4099.4936 GFlop/s     (512.4367 GFlop/s per process)    40%    2113.4 sec left
CG set 1893 / 4710    4099.4868 GFlop/s     (512.4359 GFlop/s per process)    40%    2112.6 sec left
CG set 1894 / 4710    4099.4703 GFlop/s     (512.4338 GFlop/s per process)    40%    2111.8 sec left
CG set 1895 / 4710    4099.4672 GFlop/s     (512.4334 GFlop/s per process)    40%    2111.0 sec left
CG set 1896 / 4710    4099.4630 GFlop/s     (512.4329 GFlop/s per process)    40%    2110.2 sec left
CG set 1897 / 4710    4099.4559 GFlop/s     (512.4320 GFlop/s per process)    40%    2109.4 sec left
CG set 1898 / 4710    4099.4561 GFlop/s     (512.4320 GFlop/s per process)    40%    2108.6 sec left
CG set 1899 / 4710    4099.4457 GFlop/s     (512.4307 GFlop/s per process)    40%    2107.8 sec left
CG set 1900 / 4710    4099.4316 GFlop/s     (512.4290 GFlop/s per process)    40%    2107.0 sec left
CG set 1901 / 4710    4099.4205 GFlop/s     (512.4276 GFlop/s per process)    40%    2106.3 sec left
CG set 1902 / 4710    4099.4020 GFlop/s     (512.4253 GFlop/s per process)    40%    2105.5 sec left
CG set 1903 / 4710    4099.3979 GFlop/s     (512.4247 GFlop/s per process)    40%    2104.7 sec left
CG set 1904 / 4710    4099.3899 GFlop/s     (512.4237 GFlop/s per process)    40%    2103.9 sec left
CG set 1905 / 4710    4099.3740 GFlop/s     (512.4218 GFlop/s per process)    40%    2103.1 sec left
CG set 1906 / 4710    4099.3686 GFlop/s     (512.4211 GFlop/s per process)    40%    2102.3 sec left
CG set 1907 / 4710    4099.3684 GFlop/s     (512.4211 GFlop/s per process)    40%    2101.5 sec left
CG set 1908 / 4710    4099.3632 GFlop/s     (512.4204 GFlop/s per process)    40%    2100.7 sec left
CG set 1909 / 4710    4099.3638 GFlop/s     (512.4205 GFlop/s per process)    40%    2099.9 sec left
CG set 1910 / 4710    4099.3712 GFlop/s     (512.4214 GFlop/s per process)    40%    2099.2 sec left
CG set 1911 / 4710    4099.3686 GFlop/s     (512.4211 GFlop/s per process)    40%    2098.4 sec left
CG set 1912 / 4710    4099.3485 GFlop/s     (512.4186 GFlop/s per process)    40%    2097.6 sec left
CG set 1913 / 4710    4099.3314 GFlop/s     (512.4164 GFlop/s per process)    40%    2096.8 sec left
CG set 1914 / 4710    4099.3159 GFlop/s     (512.4145 GFlop/s per process)    40%    2096.0 sec left
CG set 1915 / 4710    4099.3148 GFlop/s     (512.4143 GFlop/s per process)    40%    2095.2 sec left
CG set 1916 / 4710    4099.3111 GFlop/s     (512.4139 GFlop/s per process)    40%    2094.4 sec left
CG set 1917 / 4710    4099.3124 GFlop/s     (512.4140 GFlop/s per process)    40%    2093.6 sec left
CG set 1918 / 4710    4099.3096 GFlop/s     (512.4137 GFlop/s per process)    40%    2092.9 sec left
CG set 1919 / 4710    4099.2982 GFlop/s     (512.4123 GFlop/s per process)    40%    2092.1 sec left
CG set 1920 / 4710    4099.2941 GFlop/s     (512.4118 GFlop/s per process)    40%    2091.3 sec left
CG set 1921 / 4710    4099.2854 GFlop/s     (512.4107 GFlop/s per process)    40%    2090.5 sec left
CG set 1922 / 4710    4099.2808 GFlop/s     (512.4101 GFlop/s per process)    40%    2089.7 sec left
CG set 1923 / 4710    4099.2653 GFlop/s     (512.4082 GFlop/s per process)    40%    2088.9 sec left
CG set 1924 / 4710    4099.2574 GFlop/s     (512.4072 GFlop/s per process)    40%    2088.1 sec left
CG set 1925 / 4710    4099.2666 GFlop/s     (512.4083 GFlop/s per process)    40%    2087.3 sec left
CG set 1926 / 4710    4099.2661 GFlop/s     (512.4083 GFlop/s per process)    40%    2086.6 sec left
CG set 1927 / 4710    4099.2626 GFlop/s     (512.4078 GFlop/s per process)    40%    2085.8 sec left
CG set 1928 / 4710    4099.2560 GFlop/s     (512.4070 GFlop/s per process)    40%    2085.0 sec left
CG set 1929 / 4710    4099.2591 GFlop/s     (512.4074 GFlop/s per process)    40%    2084.2 sec left
CG set 1930 / 4710    4099.2598 GFlop/s     (512.4075 GFlop/s per process)    40%    2083.4 sec left
CG set 1931 / 4710    4099.2658 GFlop/s     (512.4082 GFlop/s per process)    40%    2082.6 sec left
CG set 1932 / 4710    4099.2615 GFlop/s     (512.4077 GFlop/s per process)    41%    2081.8 sec left
CG set 1933 / 4710    4099.2525 GFlop/s     (512.4066 GFlop/s per process)    41%    2081.0 sec left
CG set 1934 / 4710    4099.2461 GFlop/s     (512.4058 GFlop/s per process)    41%    2080.3 sec left
CG set 1935 / 4710    4099.2389 GFlop/s     (512.4049 GFlop/s per process)    41%    2079.5 sec left
CG set 1936 / 4710    4099.2203 GFlop/s     (512.4025 GFlop/s per process)    41%    2078.7 sec left
CG set 1937 / 4710    4099.2074 GFlop/s     (512.4009 GFlop/s per process)    41%    2077.9 sec left
CG set 1938 / 4710    4099.1984 GFlop/s     (512.3998 GFlop/s per process)    41%    2077.1 sec left
CG set 1939 / 4710    4099.1942 GFlop/s     (512.3993 GFlop/s per process)    41%    2076.3 sec left
CG set 1940 / 4710    4099.1804 GFlop/s     (512.3976 GFlop/s per process)    41%    2075.5 sec left
CG set 1941 / 4710    4099.1862 GFlop/s     (512.3983 GFlop/s per process)    41%    2074.7 sec left
CG set 1942 / 4710    4099.1867 GFlop/s     (512.3983 GFlop/s per process)    41%    2074.0 sec left
CG set 1943 / 4710    4099.1742 GFlop/s     (512.3968 GFlop/s per process)    41%    2073.2 sec left
CG set 1944 / 4710    4099.1514 GFlop/s     (512.3939 GFlop/s per process)    41%    2072.4 sec left
CG set 1945 / 4710    4099.1383 GFlop/s     (512.3923 GFlop/s per process)    41%    2071.6 sec left
CG set 1946 / 4710    4099.1339 GFlop/s     (512.3917 GFlop/s per process)    41%    2070.8 sec left
CG set 1947 / 4710    4099.1374 GFlop/s     (512.3922 GFlop/s per process)    41%    2070.0 sec left
CG set 1948 / 4710    4099.1403 GFlop/s     (512.3925 GFlop/s per process)    41%    2069.2 sec left
CG set 1949 / 4710    4099.1452 GFlop/s     (512.3932 GFlop/s per process)    41%    2068.4 sec left
CG set 1950 / 4710    4099.1447 GFlop/s     (512.3931 GFlop/s per process)    41%    2067.6 sec left
CG set 1951 / 4710    4099.1346 GFlop/s     (512.3918 GFlop/s per process)    41%    2066.9 sec left
CG set 1952 / 4710    4099.1300 GFlop/s     (512.3912 GFlop/s per process)    41%    2066.1 sec left
CG set 1953 / 4710    4099.1271 GFlop/s     (512.3909 GFlop/s per process)    41%    2065.3 sec left
CG set 1954 / 4710    4099.1227 GFlop/s     (512.3903 GFlop/s per process)    41%    2064.5 sec left
CG set 1955 / 4710    4099.1143 GFlop/s     (512.3893 GFlop/s per process)    41%    2063.7 sec left
CG set 1956 / 4710    4099.1046 GFlop/s     (512.3881 GFlop/s per process)    41%    2062.9 sec left
CG set 1957 / 4710    4099.0957 GFlop/s     (512.3870 GFlop/s per process)    41%    2062.1 sec left
CG set 1958 / 4710    4099.0778 GFlop/s     (512.3847 GFlop/s per process)    41%    2061.3 sec left
CG set 1959 / 4710    4099.0741 GFlop/s     (512.3843 GFlop/s per process)    41%    2060.6 sec left
CG set 1960 / 4710    4099.0708 GFlop/s     (512.3838 GFlop/s per process)    41%    2059.8 sec left
CG set 1961 / 4710    4099.0756 GFlop/s     (512.3844 GFlop/s per process)    41%    2059.0 sec left
CG set 1962 / 4710    4099.0660 GFlop/s     (512.3832 GFlop/s per process)    41%    2058.2 sec left
CG set 1963 / 4710    4099.0695 GFlop/s     (512.3837 GFlop/s per process)    41%    2057.4 sec left
CG set 1964 / 4710    4099.0725 GFlop/s     (512.3841 GFlop/s per process)    41%    2056.6 sec left
CG set 1965 / 4710    4099.0702 GFlop/s     (512.3838 GFlop/s per process)    41%    2055.8 sec left
CG set 1966 / 4710    4099.0658 GFlop/s     (512.3832 GFlop/s per process)    41%    2055.0 sec left
CG set 1967 / 4710    4099.0653 GFlop/s     (512.3832 GFlop/s per process)    41%    2054.3 sec left
CG set 1968 / 4710    4099.0555 GFlop/s     (512.3819 GFlop/s per process)    41%    2053.5 sec left
CG set 1969 / 4710    4099.0430 GFlop/s     (512.3804 GFlop/s per process)    41%    2052.7 sec left
CG set 1970 / 4710    4099.0426 GFlop/s     (512.3803 GFlop/s per process)    41%    2051.9 sec left
CG set 1971 / 4710    4099.0328 GFlop/s     (512.3791 GFlop/s per process)    41%    2051.1 sec left
CG set 1972 / 4710    4099.0281 GFlop/s     (512.3785 GFlop/s per process)    41%    2050.3 sec left
CG set 1973 / 4710    4099.0239 GFlop/s     (512.3780 GFlop/s per process)    41%    2049.5 sec left
CG set 1974 / 4710    4099.0149 GFlop/s     (512.3769 GFlop/s per process)    41%    2048.7 sec left
CG set 1975 / 4710    4099.0073 GFlop/s     (512.3759 GFlop/s per process)    41%    2048.0 sec left
CG set 1976 / 4710    4098.9781 GFlop/s     (512.3723 GFlop/s per process)    41%    2047.2 sec left
CG set 1977 / 4710    4098.9654 GFlop/s     (512.3707 GFlop/s per process)    41%    2046.4 sec left
CG set 1978 / 4710    4098.9637 GFlop/s     (512.3705 GFlop/s per process)    41%    2045.6 sec left
CG set 1979 / 4710    4098.9527 GFlop/s     (512.3691 GFlop/s per process)    42%    2044.8 sec left
CG set 1980 / 4710    4098.9453 GFlop/s     (512.3682 GFlop/s per process)    42%    2044.0 sec left
CG set 1981 / 4710    4098.9426 GFlop/s     (512.3678 GFlop/s per process)    42%    2043.2 sec left
CG set 1982 / 4710    4098.9359 GFlop/s     (512.3670 GFlop/s per process)    42%    2042.4 sec left
CG set 1983 / 4710    4098.9151 GFlop/s     (512.3644 GFlop/s per process)    42%    2041.6 sec left
CG set 1984 / 4710    4098.8959 GFlop/s     (512.3620 GFlop/s per process)    42%    2040.8 sec left
CG set 1985 / 4710    4098.8836 GFlop/s     (512.3604 GFlop/s per process)    42%    2040.0 sec left
CG set 1986 / 4710    4098.8733 GFlop/s     (512.3592 GFlop/s per process)    42%    2039.3 sec left
CG set 1987 / 4710    4098.8668 GFlop/s     (512.3583 GFlop/s per process)    42%    2038.5 sec left
CG set 1988 / 4710    4098.8532 GFlop/s     (512.3567 GFlop/s per process)    42%    2037.7 sec left
CG set 1989 / 4710    4098.8511 GFlop/s     (512.3564 GFlop/s per process)    42%    2036.9 sec left
CG set 1990 / 4710    4098.8458 GFlop/s     (512.3557 GFlop/s per process)    42%    2036.1 sec left
CG set 1991 / 4710    4098.8439 GFlop/s     (512.3555 GFlop/s per process)    42%    2035.3 sec left
CG set 1992 / 4710    4098.8374 GFlop/s     (512.3547 GFlop/s per process)    42%    2034.5 sec left
CG set 1993 / 4710    4098.8270 GFlop/s     (512.3534 GFlop/s per process)    42%    2033.7 sec left
CG set 1994 / 4710    4098.8243 GFlop/s     (512.3530 GFlop/s per process)    42%    2032.9 sec left
CG set 1995 / 4710    4098.8281 GFlop/s     (512.3535 GFlop/s per process)    42%    2032.2 sec left
CG set 1996 / 4710    4098.8261 GFlop/s     (512.3533 GFlop/s per process)    42%    2031.4 sec left
CG set 1997 / 4710    4098.8236 GFlop/s     (512.3529 GFlop/s per process)    42%    2030.6 sec left
CG set 1998 / 4710    4098.8217 GFlop/s     (512.3527 GFlop/s per process)    42%    2029.8 sec left
CG set 1999 / 4710    4098.8087 GFlop/s     (512.3511 GFlop/s per process)    42%    2029.0 sec left
CG set 2000 / 4710    4098.7959 GFlop/s     (512.3495 GFlop/s per process)    42%    2028.2 sec left
CG set 2001 / 4710    4098.7932 GFlop/s     (512.3491 GFlop/s per process)    42%    2027.4 sec left
CG set 2002 / 4710    4098.7970 GFlop/s     (512.3496 GFlop/s per process)    42%    2026.7 sec left
CG set 2003 / 4710    4098.7945 GFlop/s     (512.3493 GFlop/s per process)    42%    2025.9 sec left
CG set 2004 / 4710    4098.7894 GFlop/s     (512.3487 GFlop/s per process)    42%    2025.1 sec left
CG set 2005 / 4710    4098.7936 GFlop/s     (512.3492 GFlop/s per process)    42%    2024.3 sec left
CG set 2006 / 4710    4098.7878 GFlop/s     (512.3485 GFlop/s per process)    42%    2023.5 sec left
CG set 2007 / 4710    4098.7685 GFlop/s     (512.3461 GFlop/s per process)    42%    2022.7 sec left
CG set 2008 / 4710    4098.7613 GFlop/s     (512.3452 GFlop/s per process)    42%    2021.9 sec left
CG set 2009 / 4710    4098.7508 GFlop/s     (512.3439 GFlop/s per process)    42%    2021.1 sec left
CG set 2010 / 4710    4098.7498 GFlop/s     (512.3437 GFlop/s per process)    42%    2020.3 sec left
CG set 2011 / 4710    4098.7518 GFlop/s     (512.3440 GFlop/s per process)    42%    2019.6 sec left
CG set 2012 / 4710    4098.7482 GFlop/s     (512.3435 GFlop/s per process)    42%    2018.8 sec left
CG set 2013 / 4710    4098.7480 GFlop/s     (512.3435 GFlop/s per process)    42%    2018.0 sec left
CG set 2014 / 4710    4098.7359 GFlop/s     (512.3420 GFlop/s per process)    42%    2017.2 sec left
CG set 2015 / 4710    4098.7214 GFlop/s     (512.3402 GFlop/s per process)    42%    2016.4 sec left
CG set 2016 / 4710    4098.7100 GFlop/s     (512.3387 GFlop/s per process)    42%    2015.6 sec left
CG set 2017 / 4710    4098.7010 GFlop/s     (512.3376 GFlop/s per process)    42%    2014.8 sec left
CG set 2018 / 4710    4098.6930 GFlop/s     (512.3366 GFlop/s per process)    42%    2014.0 sec left
CG set 2019 / 4710    4098.6810 GFlop/s     (512.3351 GFlop/s per process)    42%    2013.2 sec left
CG set 2020 / 4710    4098.6804 GFlop/s     (512.3350 GFlop/s per process)    42%    2012.5 sec left
CG set 2021 / 4710    4098.6739 GFlop/s     (512.3342 GFlop/s per process)    42%    2011.7 sec left
CG set 2022 / 4710    4098.6694 GFlop/s     (512.3337 GFlop/s per process)    42%    2010.9 sec left
CG set 2023 / 4710    4098.6621 GFlop/s     (512.3328 GFlop/s per process)    42%    2010.1 sec left
CG set 2024 / 4710    4098.6543 GFlop/s     (512.3318 GFlop/s per process)    42%    2009.3 sec left
CG set 2025 / 4710    4098.6546 GFlop/s     (512.3318 GFlop/s per process)    42%    2008.5 sec left
CG set 2026 / 4710    4098.6528 GFlop/s     (512.3316 GFlop/s per process)    43%    2007.7 sec left
CG set 2027 / 4710    4098.6471 GFlop/s     (512.3309 GFlop/s per process)    43%    2006.9 sec left
CG set 2028 / 4710    4098.6443 GFlop/s     (512.3305 GFlop/s per process)    43%    2006.2 sec left
CG set 2029 / 4710    4098.6449 GFlop/s     (512.3306 GFlop/s per process)    43%    2005.4 sec left
CG set 2030 / 4710    4098.6411 GFlop/s     (512.3301 GFlop/s per process)    43%    2004.6 sec left
CG set 2031 / 4710    4098.6326 GFlop/s     (512.3291 GFlop/s per process)    43%    2003.8 sec left
CG set 2032 / 4710    4098.6088 GFlop/s     (512.3261 GFlop/s per process)    43%    2003.0 sec left
CG set 2033 / 4710    4098.5963 GFlop/s     (512.3245 GFlop/s per process)    43%    2002.2 sec left
CG set 2034 / 4710    4098.5856 GFlop/s     (512.3232 GFlop/s per process)    43%    2001.4 sec left
CG set 2035 / 4710    4098.5775 GFlop/s     (512.3222 GFlop/s per process)    43%    2000.6 sec left
CG set 2036 / 4710    4098.5838 GFlop/s     (512.3230 GFlop/s per process)    43%    1999.8 sec left
CG set 2037 / 4710    4098.5848 GFlop/s     (512.3231 GFlop/s per process)    43%    1999.1 sec left
CG set 2038 / 4710    4098.5796 GFlop/s     (512.3224 GFlop/s per process)    43%    1998.3 sec left
CG set 2039 / 4710    4098.5741 GFlop/s     (512.3218 GFlop/s per process)    43%    1997.5 sec left
CG set 2040 / 4710    4098.5728 GFlop/s     (512.3216 GFlop/s per process)    43%    1996.7 sec left
CG set 2041 / 4710    4098.5641 GFlop/s     (512.3205 GFlop/s per process)    43%    1995.9 sec left
CG set 2042 / 4710    4098.5512 GFlop/s     (512.3189 GFlop/s per process)    43%    1995.1 sec left
CG set 2043 / 4710    4098.5460 GFlop/s     (512.3182 GFlop/s per process)    43%    1994.3 sec left
CG set 2044 / 4710    4098.5408 GFlop/s     (512.3176 GFlop/s per process)    43%    1993.5 sec left
CG set 2045 / 4710    4098.5409 GFlop/s     (512.3176 GFlop/s per process)    43%    1992.8 sec left
CG set 2046 / 4710    4098.5256 GFlop/s     (512.3157 GFlop/s per process)    43%    1992.0 sec left
CG set 2047 / 4710    4098.5098 GFlop/s     (512.3137 GFlop/s per process)    43%    1991.2 sec left
CG set 2048 / 4710    4098.5024 GFlop/s     (512.3128 GFlop/s per process)    43%    1990.4 sec left
CG set 2049 / 4710    4098.4972 GFlop/s     (512.3121 GFlop/s per process)    43%    1989.6 sec left
CG set 2050 / 4710    4098.4866 GFlop/s     (512.3108 GFlop/s per process)    43%    1988.8 sec left
CG set 2051 / 4710    4098.4747 GFlop/s     (512.3093 GFlop/s per process)    43%    1988.0 sec left
CG set 2052 / 4710    4098.4747 GFlop/s     (512.3093 GFlop/s per process)    43%    1987.2 sec left
CG set 2053 / 4710    4098.4700 GFlop/s     (512.3088 GFlop/s per process)    43%    1986.4 sec left
CG set 2054 / 4710    4098.4535 GFlop/s     (512.3067 GFlop/s per process)    43%    1985.6 sec left
CG set 2055 / 4710    4098.4491 GFlop/s     (512.3061 GFlop/s per process)    43%    1984.9 sec left
CG set 2056 / 4710    4098.4504 GFlop/s     (512.3063 GFlop/s per process)    43%    1984.1 sec left
CG set 2057 / 4710    4098.4473 GFlop/s     (512.3059 GFlop/s per process)    43%    1983.3 sec left
CG set 2058 / 4710    4098.4418 GFlop/s     (512.3052 GFlop/s per process)    43%    1982.5 sec left
CG set 2059 / 4710    4098.4494 GFlop/s     (512.3062 GFlop/s per process)    43%    1981.7 sec left
CG set 2060 / 4710    4098.4413 GFlop/s     (512.3052 GFlop/s per process)    43%    1980.9 sec left
CG set 2061 / 4710    4098.4412 GFlop/s     (512.3052 GFlop/s per process)    43%    1980.1 sec left
CG set 2062 / 4710    4098.4441 GFlop/s     (512.3055 GFlop/s per process)    43%    1979.4 sec left
CG set 2063 / 4710    4098.4237 GFlop/s     (512.3030 GFlop/s per process)    43%    1978.6 sec left
CG set 2064 / 4710    4098.4090 GFlop/s     (512.3011 GFlop/s per process)    43%    1977.8 sec left
CG set 2065 / 4710    4098.4028 GFlop/s     (512.3003 GFlop/s per process)    43%    1977.0 sec left
CG set 2066 / 4710    4098.4066 GFlop/s     (512.3008 GFlop/s per process)    43%    1976.2 sec left
CG set 2067 / 4710    4098.4067 GFlop/s     (512.3008 GFlop/s per process)    43%    1975.4 sec left
CG set 2068 / 4710    4098.4091 GFlop/s     (512.3011 GFlop/s per process)    43%    1974.6 sec left
CG set 2069 / 4710    4098.4053 GFlop/s     (512.3007 GFlop/s per process)    43%    1973.8 sec left
CG set 2070 / 4710    4098.3946 GFlop/s     (512.2993 GFlop/s per process)    43%    1973.0 sec left
CG set 2071 / 4710    4098.3850 GFlop/s     (512.2981 GFlop/s per process)    43%    1972.3 sec left
CG set 2072 / 4710    4098.3707 GFlop/s     (512.2963 GFlop/s per process)    43%    1971.5 sec left
CG set 2073 / 4710    4098.3674 GFlop/s     (512.2959 GFlop/s per process)    44%    1970.7 sec left
CG set 2074 / 4710    4098.3659 GFlop/s     (512.2957 GFlop/s per process)    44%    1969.9 sec left
CG set 2075 / 4710    4098.3626 GFlop/s     (512.2953 GFlop/s per process)    44%    1969.1 sec left
CG set 2076 / 4710    4098.3632 GFlop/s     (512.2954 GFlop/s per process)    44%    1968.3 sec left
CG set 2077 / 4710    4098.3651 GFlop/s     (512.2956 GFlop/s per process)    44%    1967.5 sec left
CG set 2078 / 4710    4098.3501 GFlop/s     (512.2938 GFlop/s per process)    44%    1966.7 sec left
CG set 2079 / 4710    4098.3307 GFlop/s     (512.2913 GFlop/s per process)    44%    1965.9 sec left
CG set 2080 / 4710    4098.3254 GFlop/s     (512.2907 GFlop/s per process)    44%    1965.2 sec left
CG set 2081 / 4710    4098.3205 GFlop/s     (512.2901 GFlop/s per process)    44%    1964.4 sec left
CG set 2082 / 4710    4098.2993 GFlop/s     (512.2874 GFlop/s per process)    44%    1963.6 sec left
CG set 2083 / 4710    4098.2981 GFlop/s     (512.2873 GFlop/s per process)    44%    1962.8 sec left
CG set 2084 / 4710    4098.2929 GFlop/s     (512.2866 GFlop/s per process)    44%    1962.0 sec left
CG set 2085 / 4710    4098.2868 GFlop/s     (512.2859 GFlop/s per process)    44%    1961.2 sec left
CG set 2086 / 4710    4098.2760 GFlop/s     (512.2845 GFlop/s per process)    44%    1960.4 sec left
CG set 2087 / 4710    4098.2763 GFlop/s     (512.2845 GFlop/s per process)    44%    1959.6 sec left
CG set 2088 / 4710    4098.2793 GFlop/s     (512.2849 GFlop/s per process)    44%    1958.9 sec left
CG set 2089 / 4710    4098.2749 GFlop/s     (512.2844 GFlop/s per process)    44%    1958.1 sec left
CG set 2090 / 4710    4098.2737 GFlop/s     (512.2842 GFlop/s per process)    44%    1957.3 sec left
CG set 2091 / 4710    4098.2697 GFlop/s     (512.2837 GFlop/s per process)    44%    1956.5 sec left
CG set 2092 / 4710    4098.2608 GFlop/s     (512.2826 GFlop/s per process)    44%    1955.7 sec left
CG set 2093 / 4710    4098.2609 GFlop/s     (512.2826 GFlop/s per process)    44%    1954.9 sec left
CG set 2094 / 4710    4098.2537 GFlop/s     (512.2817 GFlop/s per process)    44%    1954.1 sec left
CG set 2095 / 4710    4098.2395 GFlop/s     (512.2799 GFlop/s per process)    44%    1953.3 sec left
CG set 2096 / 4710    4098.2297 GFlop/s     (512.2787 GFlop/s per process)    44%    1952.5 sec left
CG set 2097 / 4710    4098.2314 GFlop/s     (512.2789 GFlop/s per process)    44%    1951.8 sec left
CG set 2098 / 4710    4098.2229 GFlop/s     (512.2779 GFlop/s per process)    44%    1951.0 sec left
CG set 2099 / 4710    4098.2214 GFlop/s     (512.2777 GFlop/s per process)    44%    1950.2 sec left
CG set 2100 / 4710    4098.2154 GFlop/s     (512.2769 GFlop/s per process)    44%    1949.4 sec left
CG set 2101 / 4710    4098.2170 GFlop/s     (512.2771 GFlop/s per process)    44%    1948.6 sec left
CG set 2102 / 4710    4098.2116 GFlop/s     (512.2764 GFlop/s per process)    44%    1947.8 sec left
CG set 2103 / 4710    4098.1974 GFlop/s     (512.2747 GFlop/s per process)    44%    1947.0 sec left
CG set 2104 / 4710    4098.1815 GFlop/s     (512.2727 GFlop/s per process)    44%    1946.2 sec left
CG set 2105 / 4710    4098.1723 GFlop/s     (512.2715 GFlop/s per process)    44%    1945.4 sec left
CG set 2106 / 4710    4098.1629 GFlop/s     (512.2704 GFlop/s per process)    44%    1944.7 sec left
CG set 2107 / 4710    4098.1483 GFlop/s     (512.2685 GFlop/s per process)    44%    1943.9 sec left
CG set 2108 / 4710    4098.1441 GFlop/s     (512.2680 GFlop/s per process)    44%    1943.1 sec left
CG set 2109 / 4710    4098.1329 GFlop/s     (512.2666 GFlop/s per process)    44%    1942.3 sec left
CG set 2110 / 4710    4098.1247 GFlop/s     (512.2656 GFlop/s per process)    44%    1941.5 sec left
CG set 2111 / 4710    4098.1119 GFlop/s     (512.2640 GFlop/s per process)    44%    1940.7 sec left
CG set 2112 / 4710    4098.1047 GFlop/s     (512.2631 GFlop/s per process)    44%    1939.9 sec left
CG set 2113 / 4710    4098.0873 GFlop/s     (512.2609 GFlop/s per process)    44%    1939.1 sec left
CG set 2114 / 4710    4098.0755 GFlop/s     (512.2594 GFlop/s per process)    44%    1938.3 sec left
CG set 2115 / 4710    4098.0711 GFlop/s     (512.2589 GFlop/s per process)    44%    1937.5 sec left
CG set 2116 / 4710    4098.0603 GFlop/s     (512.2575 GFlop/s per process)    44%    1936.8 sec left
CG set 2117 / 4710    4098.0452 GFlop/s     (512.2557 GFlop/s per process)    44%    1936.0 sec left
CG set 2118 / 4710    4098.0396 GFlop/s     (512.2549 GFlop/s per process)    44%    1935.2 sec left
CG set 2119 / 4710    4098.0370 GFlop/s     (512.2546 GFlop/s per process)    44%    1934.4 sec left
CG set 2120 / 4710    4098.0423 GFlop/s     (512.2553 GFlop/s per process)    45%    1933.6 sec left
CG set 2121 / 4710    4098.0382 GFlop/s     (512.2548 GFlop/s per process)    45%    1932.8 sec left
CG set 2122 / 4710    4098.0375 GFlop/s     (512.2547 GFlop/s per process)    45%    1932.0 sec left
CG set 2123 / 4710    4098.0324 GFlop/s     (512.2541 GFlop/s per process)    45%    1931.2 sec left
CG set 2124 / 4710    4098.0130 GFlop/s     (512.2516 GFlop/s per process)    45%    1930.4 sec left
CG set 2125 / 4710    4098.0094 GFlop/s     (512.2512 GFlop/s per process)    45%    1929.7 sec left
CG set 2126 / 4710    4097.9987 GFlop/s     (512.2498 GFlop/s per process)    45%    1928.9 sec left
CG set 2127 / 4710    4097.9864 GFlop/s     (512.2483 GFlop/s per process)    45%    1928.1 sec left
CG set 2128 / 4710    4097.9773 GFlop/s     (512.2472 GFlop/s per process)    45%    1927.3 sec left
CG set 2129 / 4710    4097.9759 GFlop/s     (512.2470 GFlop/s per process)    45%    1926.5 sec left
CG set 2130 / 4710    4097.9787 GFlop/s     (512.2473 GFlop/s per process)    45%    1925.7 sec left
CG set 2131 / 4710    4097.9813 GFlop/s     (512.2477 GFlop/s per process)    45%    1924.9 sec left
CG set 2132 / 4710    4097.9793 GFlop/s     (512.2474 GFlop/s per process)    45%    1924.1 sec left
CG set 2133 / 4710    4097.9588 GFlop/s     (512.2449 GFlop/s per process)    45%    1923.4 sec left
CG set 2134 / 4710    4097.9519 GFlop/s     (512.2440 GFlop/s per process)    45%    1922.6 sec left
CG set 2135 / 4710    4097.9467 GFlop/s     (512.2433 GFlop/s per process)    45%    1921.8 sec left
CG set 2136 / 4710    4097.9399 GFlop/s     (512.2425 GFlop/s per process)    45%    1921.0 sec left
CG set 2137 / 4710    4097.9311 GFlop/s     (512.2414 GFlop/s per process)    45%    1920.2 sec left
CG set 2138 / 4710    4097.9238 GFlop/s     (512.2405 GFlop/s per process)    45%    1919.4 sec left
CG set 2139 / 4710    4097.9248 GFlop/s     (512.2406 GFlop/s per process)    45%    1918.6 sec left
CG set 2140 / 4710    4097.9259 GFlop/s     (512.2407 GFlop/s per process)    45%    1917.8 sec left
CG set 2141 / 4710    4097.9248 GFlop/s     (512.2406 GFlop/s per process)    45%    1917.0 sec left
CG set 2142 / 4710    4097.9094 GFlop/s     (512.2387 GFlop/s per process)    45%    1916.3 sec left
CG set 2143 / 4710    4097.9004 GFlop/s     (512.2376 GFlop/s per process)    45%    1915.5 sec left
CG set 2144 / 4710    4097.8999 GFlop/s     (512.2375 GFlop/s per process)    45%    1914.7 sec left
CG set 2145 / 4710    4097.8968 GFlop/s     (512.2371 GFlop/s per process)    45%    1913.9 sec left
CG set 2146 / 4710    4097.8896 GFlop/s     (512.2362 GFlop/s per process)    45%    1913.1 sec left
CG set 2147 / 4710    4097.8786 GFlop/s     (512.2348 GFlop/s per process)    45%    1912.3 sec left
CG set 2148 / 4710    4097.8780 GFlop/s     (512.2347 GFlop/s per process)    45%    1911.5 sec left
CG set 2149 / 4710    4097.8702 GFlop/s     (512.2338 GFlop/s per process)    45%    1910.7 sec left
CG set 2150 / 4710    4097.8678 GFlop/s     (512.2335 GFlop/s per process)    45%    1909.9 sec left
CG set 2151 / 4710    4097.8697 GFlop/s     (512.2337 GFlop/s per process)    45%    1909.2 sec left
CG set 2152 / 4710    4097.8660 GFlop/s     (512.2333 GFlop/s per process)    45%    1908.4 sec left
CG set 2153 / 4710    4097.8722 GFlop/s     (512.2340 GFlop/s per process)    45%    1907.6 sec left
CG set 2154 / 4710    4097.8726 GFlop/s     (512.2341 GFlop/s per process)    45%    1906.8 sec left
CG set 2155 / 4710    4097.8697 GFlop/s     (512.2337 GFlop/s per process)    45%    1906.0 sec left
CG set 2156 / 4710    4097.8578 GFlop/s     (512.2322 GFlop/s per process)    45%    1905.2 sec left
CG set 2157 / 4710    4097.8599 GFlop/s     (512.2325 GFlop/s per process)    45%    1904.4 sec left
CG set 2158 / 4710    4097.8468 GFlop/s     (512.2308 GFlop/s per process)    45%    1903.7 sec left
CG set 2159 / 4710    4097.8243 GFlop/s     (512.2280 GFlop/s per process)    45%    1902.9 sec left
CG set 2160 / 4710    4097.8130 GFlop/s     (512.2266 GFlop/s per process)    45%    1902.1 sec left
CG set 2161 / 4710    4097.8018 GFlop/s     (512.2252 GFlop/s per process)    45%    1901.3 sec left
CG set 2162 / 4710    4097.7990 GFlop/s     (512.2249 GFlop/s per process)    45%    1900.5 sec left
CG set 2163 / 4710    4097.7978 GFlop/s     (512.2247 GFlop/s per process)    45%    1899.7 sec left
CG set 2164 / 4710    4097.7845 GFlop/s     (512.2231 GFlop/s per process)    45%    1898.9 sec left
CG set 2165 / 4710    4097.7805 GFlop/s     (512.2226 GFlop/s per process)    45%    1898.1 sec left
CG set 2166 / 4710    4097.7665 GFlop/s     (512.2208 GFlop/s per process)    45%    1897.3 sec left
CG set 2167 / 4710    4097.7584 GFlop/s     (512.2198 GFlop/s per process)    46%    1896.5 sec left
CG set 2168 / 4710    4097.7568 GFlop/s     (512.2196 GFlop/s per process)    46%    1895.8 sec left
CG set 2169 / 4710    4097.7554 GFlop/s     (512.2194 GFlop/s per process)    46%    1895.0 sec left
CG set 2170 / 4710    4097.7529 GFlop/s     (512.2191 GFlop/s per process)    46%    1894.2 sec left
CG set 2171 / 4710    4097.7483 GFlop/s     (512.2185 GFlop/s per process)    46%    1893.4 sec left
CG set 2172 / 4710    4097.7436 GFlop/s     (512.2179 GFlop/s per process)    46%    1892.6 sec left
CG set 2173 / 4710    4097.7296 GFlop/s     (512.2162 GFlop/s per process)    46%    1891.8 sec left
CG set 2174 / 4710    4097.7152 GFlop/s     (512.2144 GFlop/s per process)    46%    1891.0 sec left
CG set 2175 / 4710    4097.7055 GFlop/s     (512.2132 GFlop/s per process)    46%    1890.2 sec left
CG set 2176 / 4710    4097.6929 GFlop/s     (512.2116 GFlop/s per process)    46%    1889.4 sec left
CG set 2177 / 4710    4097.6817 GFlop/s     (512.2102 GFlop/s per process)    46%    1888.6 sec left
CG set 2178 / 4710    4097.6702 GFlop/s     (512.2088 GFlop/s per process)    46%    1887.9 sec left
CG set 2179 / 4710    4097.6660 GFlop/s     (512.2082 GFlop/s per process)    46%    1887.1 sec left
CG set 2180 / 4710    4097.6643 GFlop/s     (512.2080 GFlop/s per process)    46%    1886.3 sec left
CG set 2181 / 4710    4097.6615 GFlop/s     (512.2077 GFlop/s per process)    46%    1885.5 sec left
CG set 2182 / 4710    4097.6549 GFlop/s     (512.2069 GFlop/s per process)    46%    1884.7 sec left
CG set 2183 / 4710    4097.6536 GFlop/s     (512.2067 GFlop/s per process)    46%    1883.9 sec left
CG set 2184 / 4710    4097.6523 GFlop/s     (512.2065 GFlop/s per process)    46%    1883.1 sec left
CG set 2185 / 4710    4097.6562 GFlop/s     (512.2070 GFlop/s per process)    46%    1882.3 sec left
CG set 2186 / 4710    4097.6507 GFlop/s     (512.2063 GFlop/s per process)    46%    1881.6 sec left
CG set 2187 / 4710    4097.6507 GFlop/s     (512.2063 GFlop/s per process)    46%    1880.8 sec left
CG set 2188 / 4710    4097.6408 GFlop/s     (512.2051 GFlop/s per process)    46%    1880.0 sec left
CG set 2189 / 4710    4097.6374 GFlop/s     (512.2047 GFlop/s per process)    46%    1879.2 sec left
CG set 2190 / 4710    4097.6226 GFlop/s     (512.2028 GFlop/s per process)    46%    1878.4 sec left
CG set 2191 / 4710    4097.6132 GFlop/s     (512.2017 GFlop/s per process)    46%    1877.6 sec left
CG set 2192 / 4710    4097.6086 GFlop/s     (512.2011 GFlop/s per process)    46%    1876.8 sec left
CG set 2193 / 4710    4097.5974 GFlop/s     (512.1997 GFlop/s per process)    46%    1876.0 sec left
CG set 2194 / 4710    4097.5908 GFlop/s     (512.1988 GFlop/s per process)    46%    1875.2 sec left
CG set 2195 / 4710    4097.5938 GFlop/s     (512.1992 GFlop/s per process)    46%    1874.5 sec left
CG set 2196 / 4710    4097.5913 GFlop/s     (512.1989 GFlop/s per process)    46%    1873.7 sec left
CG set 2197 / 4710    4097.5772 GFlop/s     (512.1971 GFlop/s per process)    46%    1872.9 sec left
CG set 2198 / 4710    4097.5604 GFlop/s     (512.1950 GFlop/s per process)    46%    1872.1 sec left
CG set 2199 / 4710    4097.5436 GFlop/s     (512.1930 GFlop/s per process)    46%    1871.3 sec left
CG set 2200 / 4710    4097.5307 GFlop/s     (512.1913 GFlop/s per process)    46%    1870.5 sec left
CG set 2201 / 4710    4097.5224 GFlop/s     (512.1903 GFlop/s per process)    46%    1869.7 sec left
CG set 2202 / 4710    4097.5215 GFlop/s     (512.1902 GFlop/s per process)    46%    1868.9 sec left
CG set 2203 / 4710    4097.5205 GFlop/s     (512.1901 GFlop/s per process)    46%    1868.1 sec left
CG set 2204 / 4710    4097.5190 GFlop/s     (512.1899 GFlop/s per process)    46%    1867.4 sec left
CG set 2205 / 4710    4097.5184 GFlop/s     (512.1898 GFlop/s per process)    46%    1866.6 sec left
CG set 2206 / 4710    4097.5040 GFlop/s     (512.1880 GFlop/s per process)    46%    1865.8 sec left
CG set 2207 / 4710    4097.4979 GFlop/s     (512.1872 GFlop/s per process)    46%    1865.0 sec left
CG set 2208 / 4710    4097.4893 GFlop/s     (512.1862 GFlop/s per process)    46%    1864.2 sec left
CG set 2209 / 4710    4097.4711 GFlop/s     (512.1839 GFlop/s per process)    46%    1863.4 sec left
CG set 2210 / 4710    4097.4707 GFlop/s     (512.1838 GFlop/s per process)    46%    1862.6 sec left
CG set 2211 / 4710    4097.4686 GFlop/s     (512.1836 GFlop/s per process)    46%    1861.8 sec left
CG set 2212 / 4710    4097.4642 GFlop/s     (512.1830 GFlop/s per process)    46%    1861.0 sec left
CG set 2213 / 4710    4097.4591 GFlop/s     (512.1824 GFlop/s per process)    46%    1860.2 sec left
CG set 2214 / 4710    4097.4546 GFlop/s     (512.1818 GFlop/s per process)    47%    1859.5 sec left
CG set 2215 / 4710    4097.4521 GFlop/s     (512.1815 GFlop/s per process)    47%    1858.7 sec left
CG set 2216 / 4710    4097.4552 GFlop/s     (512.1819 GFlop/s per process)    47%    1857.9 sec left
CG set 2217 / 4710    4097.4532 GFlop/s     (512.1817 GFlop/s per process)    47%    1857.1 sec left
CG set 2218 / 4710    4097.4555 GFlop/s     (512.1819 GFlop/s per process)    47%    1856.3 sec left
CG set 2219 / 4710    4097.4468 GFlop/s     (512.1808 GFlop/s per process)    47%    1855.5 sec left
CG set 2220 / 4710    4097.4462 GFlop/s     (512.1808 GFlop/s per process)    47%    1854.7 sec left
CG set 2221 / 4710    4097.4395 GFlop/s     (512.1799 GFlop/s per process)    47%    1854.0 sec left
CG set 2222 / 4710    4097.4203 GFlop/s     (512.1775 GFlop/s per process)    47%    1853.2 sec left
CG set 2223 / 4710    4097.4024 GFlop/s     (512.1753 GFlop/s per process)    47%    1852.4 sec left
CG set 2224 / 4710    4097.3962 GFlop/s     (512.1745 GFlop/s per process)    47%    1851.6 sec left
CG set 2225 / 4710    4097.3805 GFlop/s     (512.1726 GFlop/s per process)    47%    1850.8 sec left
CG set 2226 / 4710    4097.3742 GFlop/s     (512.1718 GFlop/s per process)    47%    1850.0 sec left
CG set 2227 / 4710    4097.3638 GFlop/s     (512.1705 GFlop/s per process)    47%    1849.2 sec left
CG set 2228 / 4710    4097.3548 GFlop/s     (512.1694 GFlop/s per process)    47%    1848.4 sec left
CG set 2229 / 4710    4097.3249 GFlop/s     (512.1656 GFlop/s per process)    47%    1847.6 sec left
CG set 2230 / 4710    4097.2954 GFlop/s     (512.1619 GFlop/s per process)    47%    1846.8 sec left
CG set 2231 / 4710    4097.2615 GFlop/s     (512.1577 GFlop/s per process)    47%    1846.0 sec left
CG set 2232 / 4710    4097.2353 GFlop/s     (512.1544 GFlop/s per process)    47%    1845.2 sec left
CG set 2233 / 4710    4097.2143 GFlop/s     (512.1518 GFlop/s per process)    47%    1844.4 sec left
CG set 2234 / 4710    4097.1926 GFlop/s     (512.1491 GFlop/s per process)    47%    1843.6 sec left
CG set 2235 / 4710    4097.1673 GFlop/s     (512.1459 GFlop/s per process)    47%    1842.8 sec left
CG set 2236 / 4710    4097.1394 GFlop/s     (512.1424 GFlop/s per process)    47%    1842.0 sec left
CG set 2237 / 4710    4097.0973 GFlop/s     (512.1372 GFlop/s per process)    47%    1841.2 sec left
CG set 2238 / 4710    4097.0547 GFlop/s     (512.1318 GFlop/s per process)    47%    1840.4 sec left
CG set 2239 / 4710    4097.0248 GFlop/s     (512.1281 GFlop/s per process)    47%    1839.6 sec left
CG set 2240 / 4710    4096.9882 GFlop/s     (512.1235 GFlop/s per process)    47%    1838.8 sec left
CG set 2241 / 4710    4096.9480 GFlop/s     (512.1185 GFlop/s per process)    47%    1838.0 sec left
CG set 2242 / 4710    4096.9098 GFlop/s     (512.1137 GFlop/s per process)    47%    1837.2 sec left
CG set 2243 / 4710    4096.8749 GFlop/s     (512.1094 GFlop/s per process)    47%    1836.4 sec left
CG set 2244 / 4710    4096.8345 GFlop/s     (512.1043 GFlop/s per process)    47%    1835.6 sec left
CG set 2245 / 4710    4096.7946 GFlop/s     (512.0993 GFlop/s per process)    47%    1834.8 sec left
CG set 2246 / 4710    4096.7551 GFlop/s     (512.0944 GFlop/s per process)    47%    1834.0 sec left
CG set 2247 / 4710    4096.7189 GFlop/s     (512.0899 GFlop/s per process)    47%    1833.2 sec left
CG set 2248 / 4710    4096.6827 GFlop/s     (512.0853 GFlop/s per process)    47%    1832.4 sec left
CG set 2249 / 4710    4096.6454 GFlop/s     (512.0807 GFlop/s per process)    47%    1831.6 sec left
CG set 2250 / 4710    4096.6037 GFlop/s     (512.0755 GFlop/s per process)    47%    1830.8 sec left
CG set 2251 / 4710    4096.5545 GFlop/s     (512.0693 GFlop/s per process)    47%    1830.0 sec left
CG set 2252 / 4710    4096.5098 GFlop/s     (512.0637 GFlop/s per process)    47%    1829.2 sec left
CG set 2253 / 4710    4096.4588 GFlop/s     (512.0574 GFlop/s per process)    47%    1828.4 sec left
CG set 2254 / 4710    4096.4058 GFlop/s     (512.0507 GFlop/s per process)    47%    1827.6 sec left
CG set 2255 / 4710    4096.3553 GFlop/s     (512.0444 GFlop/s per process)    47%    1826.7 sec left
CG set 2256 / 4710    4096.3032 GFlop/s     (512.0379 GFlop/s per process)    47%    1825.9 sec left
CG set 2257 / 4710    4096.2480 GFlop/s     (512.0310 GFlop/s per process)    47%    1825.1 sec left
CG set 2258 / 4710    4096.2026 GFlop/s     (512.0253 GFlop/s per process)    47%    1824.3 sec left
CG set 2259 / 4710    4096.1510 GFlop/s     (512.0189 GFlop/s per process)    47%    1823.5 sec left
CG set 2260 / 4710    4096.0984 GFlop/s     (512.0123 GFlop/s per process)    47%    1822.7 sec left
CG set 2261 / 4710    4096.0404 GFlop/s     (512.0050 GFlop/s per process)    48%    1821.9 sec left
CG set 2262 / 4710    4095.9835 GFlop/s     (511.9979 GFlop/s per process)    48%    1821.1 sec left
CG set 2263 / 4710    4095.9251 GFlop/s     (511.9906 GFlop/s per process)    48%    1820.3 sec left
CG set 2264 / 4710    4095.8680 GFlop/s     (511.9835 GFlop/s per process)    48%    1819.5 sec left
CG set 2265 / 4710    4095.8104 GFlop/s     (511.9763 GFlop/s per process)    48%    1818.6 sec left
CG set 2266 / 4710    4095.7462 GFlop/s     (511.9683 GFlop/s per process)    48%    1817.8 sec left
CG set 2267 / 4710    4095.6900 GFlop/s     (511.9613 GFlop/s per process)    48%    1817.0 sec left
CG set 2268 / 4710    4095.6284 GFlop/s     (511.9536 GFlop/s per process)    48%    1816.2 sec left
CG set 2269 / 4710    4095.5674 GFlop/s     (511.9459 GFlop/s per process)    48%    1815.4 sec left
CG set 2270 / 4710    4095.5177 GFlop/s     (511.9397 GFlop/s per process)    48%    1814.6 sec left
CG set 2271 / 4710    4095.4590 GFlop/s     (511.9324 GFlop/s per process)    48%    1813.8 sec left
CG set 2272 / 4710    4095.3991 GFlop/s     (511.9249 GFlop/s per process)    48%    1813.0 sec left
CG set 2273 / 4710    4095.3527 GFlop/s     (511.9191 GFlop/s per process)    48%    1812.1 sec left
CG set 2274 / 4710    4095.3030 GFlop/s     (511.9129 GFlop/s per process)    48%    1811.3 sec left
CG set 2275 / 4710    4095.2570 GFlop/s     (511.9071 GFlop/s per process)    48%    1810.5 sec left
CG set 2276 / 4710    4095.2153 GFlop/s     (511.9019 GFlop/s per process)    48%    1809.7 sec left
CG set 2277 / 4710    4095.1795 GFlop/s     (511.8974 GFlop/s per process)    48%    1808.9 sec left
CG set 2278 / 4710    4095.1410 GFlop/s     (511.8926 GFlop/s per process)    48%    1808.1 sec left
CG set 2279 / 4710    4095.1018 GFlop/s     (511.8877 GFlop/s per process)    48%    1807.3 sec left
CG set 2280 / 4710    4095.0646 GFlop/s     (511.8831 GFlop/s per process)    48%    1806.5 sec left
CG set 2281 / 4710    4095.0250 GFlop/s     (511.8781 GFlop/s per process)    48%    1805.7 sec left
CG set 2282 / 4710    4094.9825 GFlop/s     (511.8728 GFlop/s per process)    48%    1804.9 sec left
CG set 2283 / 4710    4094.9428 GFlop/s     (511.8679 GFlop/s per process)    48%    1804.1 sec left
CG set 2284 / 4710    4094.9015 GFlop/s     (511.8627 GFlop/s per process)    48%    1803.3 sec left
CG set 2285 / 4710    4094.8558 GFlop/s     (511.8570 GFlop/s per process)    48%    1802.5 sec left
CG set 2286 / 4710    4094.8137 GFlop/s     (511.8517 GFlop/s per process)    48%    1801.7 sec left
CG set 2287 / 4710    4094.7775 GFlop/s     (511.8472 GFlop/s per process)    48%    1800.9 sec left
CG set 2288 / 4710    4094.7435 GFlop/s     (511.8429 GFlop/s per process)    48%    1800.1 sec left
CG set 2289 / 4710    4094.7077 GFlop/s     (511.8385 GFlop/s per process)    48%    1799.3 sec left
CG set 2290 / 4710    4094.6730 GFlop/s     (511.8341 GFlop/s per process)    48%    1798.5 sec left
CG set 2291 / 4710    4094.6313 GFlop/s     (511.8289 GFlop/s per process)    48%    1797.7 sec left
CG set 2292 / 4710    4094.5869 GFlop/s     (511.8234 GFlop/s per process)    48%    1796.9 sec left
CG set 2293 / 4710    4094.5480 GFlop/s     (511.8185 GFlop/s per process)    48%    1796.1 sec left
CG set 2294 / 4710    4094.5137 GFlop/s     (511.8142 GFlop/s per process)    48%    1795.2 sec left
CG set 2295 / 4710    4094.4818 GFlop/s     (511.8102 GFlop/s per process)    48%    1794.4 sec left
CG set 2296 / 4710    4094.4474 GFlop/s     (511.8059 GFlop/s per process)    48%    1793.6 sec left
CG set 2297 / 4710    4094.4225 GFlop/s     (511.8028 GFlop/s per process)    48%    1792.8 sec left
CG set 2298 / 4710    4094.3906 GFlop/s     (511.7988 GFlop/s per process)    48%    1792.0 sec left
CG set 2299 / 4710    4094.3530 GFlop/s     (511.7941 GFlop/s per process)    48%    1791.2 sec left
CG set 2300 / 4710    4094.3184 GFlop/s     (511.7898 GFlop/s per process)    48%    1790.4 sec left
CG set 2301 / 4710    4094.2930 GFlop/s     (511.7866 GFlop/s per process)    48%    1789.6 sec left
CG set 2302 / 4710    4094.2616 GFlop/s     (511.7827 GFlop/s per process)    48%    1788.8 sec left
CG set 2303 / 4710    4094.2276 GFlop/s     (511.7784 GFlop/s per process)    48%    1788.0 sec left
CG set 2304 / 4710    4094.2060 GFlop/s     (511.7758 GFlop/s per process)    48%    1787.2 sec left
CG set 2305 / 4710    4094.1845 GFlop/s     (511.7731 GFlop/s per process)    48%    1786.4 sec left
CG set 2306 / 4710    4094.1614 GFlop/s     (511.7702 GFlop/s per process)    48%    1785.7 sec left
CG set 2307 / 4710    4094.1411 GFlop/s     (511.7676 GFlop/s per process)    48%    1784.9 sec left
CG set 2308 / 4710    4094.1252 GFlop/s     (511.7656 GFlop/s per process)    49%    1784.1 sec left
CG set 2309 / 4710    4094.1118 GFlop/s     (511.7640 GFlop/s per process)    49%    1783.3 sec left
CG set 2310 / 4710    4094.0987 GFlop/s     (511.7623 GFlop/s per process)    49%    1782.5 sec left
CG set 2311 / 4710    4094.0835 GFlop/s     (511.7604 GFlop/s per process)    49%    1781.7 sec left
CG set 2312 / 4710    4094.0613 GFlop/s     (511.7577 GFlop/s per process)    49%    1780.9 sec left
CG set 2313 / 4710    4094.0445 GFlop/s     (511.7556 GFlop/s per process)    49%    1780.1 sec left
CG set 2314 / 4710    4094.0258 GFlop/s     (511.7532 GFlop/s per process)    49%    1779.3 sec left
CG set 2315 / 4710    4094.0107 GFlop/s     (511.7513 GFlop/s per process)    49%    1778.5 sec left
CG set 2316 / 4710    4093.9877 GFlop/s     (511.7485 GFlop/s per process)    49%    1777.7 sec left
CG set 2317 / 4710    4093.9712 GFlop/s     (511.7464 GFlop/s per process)    49%    1776.9 sec left
CG set 2318 / 4710    4093.9555 GFlop/s     (511.7444 GFlop/s per process)    49%    1776.1 sec left
CG set 2319 / 4710    4093.9306 GFlop/s     (511.7413 GFlop/s per process)    49%    1775.3 sec left
CG set 2320 / 4710    4093.9085 GFlop/s     (511.7386 GFlop/s per process)    49%    1774.5 sec left
CG set 2321 / 4710    4093.8939 GFlop/s     (511.7367 GFlop/s per process)    49%    1773.7 sec left
CG set 2322 / 4710    4093.8745 GFlop/s     (511.7343 GFlop/s per process)    49%    1772.9 sec left
CG set 2323 / 4710    4093.8466 GFlop/s     (511.7308 GFlop/s per process)    49%    1772.1 sec left
CG set 2324 / 4710    4093.8122 GFlop/s     (511.7265 GFlop/s per process)    49%    1771.3 sec left
CG set 2325 / 4710    4093.7843 GFlop/s     (511.7230 GFlop/s per process)    49%    1770.5 sec left
CG set 2326 / 4710    4093.7657 GFlop/s     (511.7207 GFlop/s per process)    49%    1769.7 sec left
CG set 2327 / 4710    4093.7385 GFlop/s     (511.7173 GFlop/s per process)    49%    1768.9 sec left
CG set 2328 / 4710    4093.7167 GFlop/s     (511.7146 GFlop/s per process)    49%    1768.1 sec left
CG set 2329 / 4710    4093.6989 GFlop/s     (511.7124 GFlop/s per process)    49%    1767.3 sec left
CG set 2330 / 4710    4093.6700 GFlop/s     (511.7088 GFlop/s per process)    49%    1766.5 sec left
CG set 2331 / 4710    4093.6429 GFlop/s     (511.7054 GFlop/s per process)    49%    1765.7 sec left
CG set 2332 / 4710    4093.6134 GFlop/s     (511.7017 GFlop/s per process)    49%    1764.9 sec left
CG set 2333 / 4710    4093.5853 GFlop/s     (511.6982 GFlop/s per process)    49%    1764.1 sec left
CG set 2334 / 4710    4093.5610 GFlop/s     (511.6951 GFlop/s per process)    49%    1763.3 sec left
CG set 2335 / 4710    4093.5327 GFlop/s     (511.6916 GFlop/s per process)    49%    1762.5 sec left
CG set 2336 / 4710    4093.5062 GFlop/s     (511.6883 GFlop/s per process)    49%    1761.7 sec left
CG set 2337 / 4710    4093.4855 GFlop/s     (511.6857 GFlop/s per process)    49%    1761.0 sec left
CG set 2338 / 4710    4093.4613 GFlop/s     (511.6827 GFlop/s per process)    49%    1760.2 sec left
CG set 2339 / 4710    4093.4455 GFlop/s     (511.6807 GFlop/s per process)    49%    1759.4 sec left
CG set 2340 / 4710    4093.4286 GFlop/s     (511.6786 GFlop/s per process)    49%    1758.6 sec left
CG set 2341 / 4710    4093.4125 GFlop/s     (511.6766 GFlop/s per process)    49%    1757.8 sec left
CG set 2342 / 4710    4093.3937 GFlop/s     (511.6742 GFlop/s per process)    49%    1757.0 sec left
CG set 2343 / 4710    4093.3748 GFlop/s     (511.6718 GFlop/s per process)    49%    1756.2 sec left
CG set 2344 / 4710    4093.3522 GFlop/s     (511.6690 GFlop/s per process)    49%    1755.4 sec left
CG set 2345 / 4710    4093.3302 GFlop/s     (511.6663 GFlop/s per process)    49%    1754.6 sec left
CG set 2346 / 4710    4093.3066 GFlop/s     (511.6633 GFlop/s per process)    49%    1753.8 sec left
CG set 2347 / 4710    4093.2787 GFlop/s     (511.6598 GFlop/s per process)    49%    1753.0 sec left
CG set 2348 / 4710    4093.2523 GFlop/s     (511.6565 GFlop/s per process)    49%    1752.2 sec left
CG set 2349 / 4710    4093.2292 GFlop/s     (511.6537 GFlop/s per process)    49%    1751.4 sec left
CG set 2350 / 4710    4093.1970 GFlop/s     (511.6496 GFlop/s per process)    49%    1750.6 sec left
CG set 2351 / 4710    4093.1713 GFlop/s     (511.6464 GFlop/s per process)    49%    1749.8 sec left
CG set 2352 / 4710    4093.1473 GFlop/s     (511.6434 GFlop/s per process)    49%    1749.0 sec left
CG set 2353 / 4710    4093.1262 GFlop/s     (511.6408 GFlop/s per process)    49%    1748.2 sec left
CG set 2354 / 4710    4093.0960 GFlop/s     (511.6370 GFlop/s per process)    49%    1747.4 sec left
CG set 2355 / 4710    4093.0645 GFlop/s     (511.6331 GFlop/s per process)    50%    1746.6 sec left
CG set 2356 / 4710    4093.0275 GFlop/s     (511.6284 GFlop/s per process)    50%    1745.8 sec left
CG set 2357 / 4710    4093.0042 GFlop/s     (511.6255 GFlop/s per process)    50%    1745.0 sec left
CG set 2358 / 4710    4092.9754 GFlop/s     (511.6219 GFlop/s per process)    50%    1744.2 sec left
CG set 2359 / 4710    4092.9503 GFlop/s     (511.6188 GFlop/s per process)    50%    1743.4 sec left
CG set 2360 / 4710    4092.9352 GFlop/s     (511.6169 GFlop/s per process)    50%    1742.6 sec left
CG set 2361 / 4710    4092.9072 GFlop/s     (511.6134 GFlop/s per process)    50%    1741.8 sec left
CG set 2362 / 4710    4092.8712 GFlop/s     (511.6089 GFlop/s per process)    50%    1741.0 sec left
CG set 2363 / 4710    4092.8403 GFlop/s     (511.6050 GFlop/s per process)    50%    1740.2 sec left
CG set 2364 / 4710    4092.8164 GFlop/s     (511.6021 GFlop/s per process)    50%    1739.4 sec left
CG set 2365 / 4710    4092.7832 GFlop/s     (511.5979 GFlop/s per process)    50%    1738.6 sec left
CG set 2366 / 4710    4092.7465 GFlop/s     (511.5933 GFlop/s per process)    50%    1737.8 sec left
CG set 2367 / 4710    4092.7242 GFlop/s     (511.5905 GFlop/s per process)    50%    1737.0 sec left
CG set 2368 / 4710    4092.6967 GFlop/s     (511.5871 GFlop/s per process)    50%    1736.2 sec left
CG set 2369 / 4710    4092.6702 GFlop/s     (511.5838 GFlop/s per process)    50%    1735.4 sec left
CG set 2370 / 4710    4092.6426 GFlop/s     (511.5803 GFlop/s per process)    50%    1734.6 sec left
CG set 2371 / 4710    4092.6219 GFlop/s     (511.5777 GFlop/s per process)    50%    1733.8 sec left
CG set 2372 / 4710    4092.6054 GFlop/s     (511.5757 GFlop/s per process)    50%    1733.0 sec left
CG set 2373 / 4710    4092.5843 GFlop/s     (511.5730 GFlop/s per process)    50%    1732.2 sec left
CG set 2374 / 4710    4092.5618 GFlop/s     (511.5702 GFlop/s per process)    50%    1731.4 sec left
CG set 2375 / 4710    4092.5405 GFlop/s     (511.5676 GFlop/s per process)    50%    1730.6 sec left
CG set 2376 / 4710    4092.5179 GFlop/s     (511.5647 GFlop/s per process)    50%    1729.8 sec left
CG set 2377 / 4710    4092.4966 GFlop/s     (511.5621 GFlop/s per process)    50%    1729.0 sec left
CG set 2378 / 4710    4092.4708 GFlop/s     (511.5589 GFlop/s per process)    50%    1728.2 sec left
CG set 2379 / 4710    4092.4412 GFlop/s     (511.5551 GFlop/s per process)    50%    1727.4 sec left
CG set 2380 / 4710    4092.4153 GFlop/s     (511.5519 GFlop/s per process)    50%    1726.6 sec left
CG set 2381 / 4710    4092.3923 GFlop/s     (511.5490 GFlop/s per process)    50%    1725.8 sec left
CG set 2382 / 4710    4092.3711 GFlop/s     (511.5464 GFlop/s per process)    50%    1725.0 sec left
CG set 2383 / 4710    4092.3558 GFlop/s     (511.5445 GFlop/s per process)    50%    1724.2 sec left
CG set 2384 / 4710    4092.3385 GFlop/s     (511.5423 GFlop/s per process)    50%    1723.4 sec left
CG set 2385 / 4710    4092.3136 GFlop/s     (511.5392 GFlop/s per process)    50%    1722.6 sec left
CG set 2386 / 4710    4092.2839 GFlop/s     (511.5355 GFlop/s per process)    50%    1721.8 sec left
CG set 2387 / 4710    4092.2603 GFlop/s     (511.5325 GFlop/s per process)    50%    1721.0 sec left
CG set 2388 / 4710    4092.2344 GFlop/s     (511.5293 GFlop/s per process)    50%    1720.2 sec left
CG set 2389 / 4710    4092.2109 GFlop/s     (511.5264 GFlop/s per process)    50%    1719.4 sec left
CG set 2390 / 4710    4092.1897 GFlop/s     (511.5237 GFlop/s per process)    50%    1718.6 sec left
CG set 2391 / 4710    4092.1782 GFlop/s     (511.5223 GFlop/s per process)    50%    1717.8 sec left
CG set 2392 / 4710    4092.1593 GFlop/s     (511.5199 GFlop/s per process)    50%    1717.0 sec left
CG set 2393 / 4710    4092.1346 GFlop/s     (511.5168 GFlop/s per process)    50%    1716.2 sec left
CG set 2394 / 4710    4092.1169 GFlop/s     (511.5146 GFlop/s per process)    50%    1715.5 sec left
CG set 2395 / 4710    4092.0983 GFlop/s     (511.5123 GFlop/s per process)    50%    1714.7 sec left
CG set 2396 / 4710    4092.0807 GFlop/s     (511.5101 GFlop/s per process)    50%    1713.9 sec left
CG set 2397 / 4710    4092.0586 GFlop/s     (511.5073 GFlop/s per process)    50%    1713.1 sec left
CG set 2398 / 4710    4092.0459 GFlop/s     (511.5057 GFlop/s per process)    50%    1712.3 sec left
CG set 2399 / 4710    4092.0292 GFlop/s     (511.5036 GFlop/s per process)    50%    1711.5 sec left
CG set 2400 / 4710    4092.0113 GFlop/s     (511.5014 GFlop/s per process)    50%    1710.7 sec left
CG set 2401 / 4710    4091.9926 GFlop/s     (511.4991 GFlop/s per process)    50%    1709.9 sec left
CG set 2402 / 4710    4091.9807 GFlop/s     (511.4976 GFlop/s per process)    50%    1709.1 sec left
CG set 2403 / 4710    4091.9689 GFlop/s     (511.4961 GFlop/s per process)    51%    1708.3 sec left
CG set 2404 / 4710    4091.9592 GFlop/s     (511.4949 GFlop/s per process)    51%    1707.5 sec left
CG set 2405 / 4710    4091.9515 GFlop/s     (511.4939 GFlop/s per process)    51%    1706.7 sec left
CG set 2406 / 4710    4091.9402 GFlop/s     (511.4925 GFlop/s per process)    51%    1705.9 sec left
CG set 2407 / 4710    4091.9277 GFlop/s     (511.4910 GFlop/s per process)    51%    1705.1 sec left
CG set 2408 / 4710    4091.9122 GFlop/s     (511.4890 GFlop/s per process)    51%    1704.3 sec left
CG set 2409 / 4710    4091.8898 GFlop/s     (511.4862 GFlop/s per process)    51%    1703.5 sec left
CG set 2410 / 4710    4091.8738 GFlop/s     (511.4842 GFlop/s per process)    51%    1702.7 sec left
CG set 2411 / 4710    4091.8613 GFlop/s     (511.4827 GFlop/s per process)    51%    1702.0 sec left
CG set 2412 / 4710    4091.8488 GFlop/s     (511.4811 GFlop/s per process)    51%    1701.2 sec left
CG set 2413 / 4710    4091.8440 GFlop/s     (511.4805 GFlop/s per process)    51%    1700.4 sec left
CG set 2414 / 4710    4091.8327 GFlop/s     (511.4791 GFlop/s per process)    51%    1699.6 sec left
CG set 2415 / 4710    4091.8151 GFlop/s     (511.4769 GFlop/s per process)    51%    1698.8 sec left
CG set 2416 / 4710    4091.7993 GFlop/s     (511.4749 GFlop/s per process)    51%    1698.0 sec left
CG set 2417 / 4710    4091.7763 GFlop/s     (511.4720 GFlop/s per process)    51%    1697.2 sec left
CG set 2418 / 4710    4091.7584 GFlop/s     (511.4698 GFlop/s per process)    51%    1696.4 sec left
CG set 2419 / 4710    4091.7363 GFlop/s     (511.4670 GFlop/s per process)    51%    1695.6 sec left
CG set 2420 / 4710    4091.7184 GFlop/s     (511.4648 GFlop/s per process)    51%    1694.8 sec left
CG set 2421 / 4710    4091.7104 GFlop/s     (511.4638 GFlop/s per process)    51%    1694.0 sec left
CG set 2422 / 4710    4091.6904 GFlop/s     (511.4613 GFlop/s per process)    51%    1693.2 sec left
CG set 2423 / 4710    4091.6825 GFlop/s     (511.4603 GFlop/s per process)    51%    1692.4 sec left
CG set 2424 / 4710    4091.6589 GFlop/s     (511.4574 GFlop/s per process)    51%    1691.6 sec left
CG set 2425 / 4710    4091.6295 GFlop/s     (511.4537 GFlop/s per process)    51%    1690.8 sec left
CG set 2426 / 4710    4091.6093 GFlop/s     (511.4512 GFlop/s per process)    51%    1690.0 sec left
CG set 2427 / 4710    4091.5871 GFlop/s     (511.4484 GFlop/s per process)    51%    1689.2 sec left
CG set 2428 / 4710    4091.5719 GFlop/s     (511.4465 GFlop/s per process)    51%    1688.4 sec left
CG set 2429 / 4710    4091.5497 GFlop/s     (511.4437 GFlop/s per process)    51%    1687.6 sec left
CG set 2430 / 4710    4091.5321 GFlop/s     (511.4415 GFlop/s per process)    51%    1686.8 sec left
CG set 2431 / 4710    4091.5220 GFlop/s     (511.4402 GFlop/s per process)    51%    1686.0 sec left
CG set 2432 / 4710    4091.5023 GFlop/s     (511.4378 GFlop/s per process)    51%    1685.2 sec left
CG set 2433 / 4710    4091.4898 GFlop/s     (511.4362 GFlop/s per process)    51%    1684.5 sec left
CG set 2434 / 4710    4091.4746 GFlop/s     (511.4343 GFlop/s per process)    51%    1683.7 sec left
CG set 2435 / 4710    4091.4632 GFlop/s     (511.4329 GFlop/s per process)    51%    1682.9 sec left
CG set 2436 / 4710    4091.4515 GFlop/s     (511.4314 GFlop/s per process)    51%    1682.1 sec left
CG set 2437 / 4710    4091.4416 GFlop/s     (511.4302 GFlop/s per process)    51%    1681.3 sec left
CG set 2438 / 4710    4091.4288 GFlop/s     (511.4286 GFlop/s per process)    51%    1680.5 sec left
CG set 2439 / 4710    4091.4058 GFlop/s     (511.4257 GFlop/s per process)    51%    1679.7 sec left
CG set 2440 / 4710    4091.3867 GFlop/s     (511.4233 GFlop/s per process)    51%    1678.9 sec left
CG set 2441 / 4710    4091.3580 GFlop/s     (511.4198 GFlop/s per process)    51%    1678.1 sec left
CG set 2442 / 4710    4091.3363 GFlop/s     (511.4170 GFlop/s per process)    51%    1677.3 sec left
CG set 2443 / 4710    4091.3131 GFlop/s     (511.4141 GFlop/s per process)    51%    1676.5 sec left
CG set 2444 / 4710    4091.2870 GFlop/s     (511.4109 GFlop/s per process)    51%    1675.7 sec left
CG set 2445 / 4710    4091.2651 GFlop/s     (511.4081 GFlop/s per process)    51%    1674.9 sec left
CG set 2446 / 4710    4091.2427 GFlop/s     (511.4053 GFlop/s per process)    51%    1674.1 sec left
CG set 2447 / 4710    4091.2208 GFlop/s     (511.4026 GFlop/s per process)    51%    1673.3 sec left
CG set 2448 / 4710    4091.1988 GFlop/s     (511.3999 GFlop/s per process)    51%    1672.5 sec left
CG set 2449 / 4710    4091.1857 GFlop/s     (511.3982 GFlop/s per process)    51%    1671.7 sec left
CG set 2450 / 4710    4091.1575 GFlop/s     (511.3947 GFlop/s per process)    52%    1670.9 sec left
CG set 2451 / 4710    4091.1326 GFlop/s     (511.3916 GFlop/s per process)    52%    1670.1 sec left
CG set 2452 / 4710    4091.1149 GFlop/s     (511.3894 GFlop/s per process)    52%    1669.3 sec left
CG set 2453 / 4710    4091.0993 GFlop/s     (511.3874 GFlop/s per process)    52%    1668.5 sec left
CG set 2454 / 4710    4091.0876 GFlop/s     (511.3859 GFlop/s per process)    52%    1667.7 sec left
CG set 2455 / 4710    4091.0680 GFlop/s     (511.3835 GFlop/s per process)    52%    1666.9 sec left
CG set 2456 / 4710    4091.0419 GFlop/s     (511.3802 GFlop/s per process)    52%    1666.1 sec left
CG set 2457 / 4710    4091.0183 GFlop/s     (511.3773 GFlop/s per process)    52%    1665.3 sec left
CG set 2458 / 4710    4090.9966 GFlop/s     (511.3746 GFlop/s per process)    52%    1664.5 sec left
CG set 2459 / 4710    4090.9773 GFlop/s     (511.3722 GFlop/s per process)    52%    1663.7 sec left
CG set 2460 / 4710    4090.9469 GFlop/s     (511.3684 GFlop/s per process)    52%    1662.9 sec left
CG set 2461 / 4710    4090.9321 GFlop/s     (511.3665 GFlop/s per process)    52%    1662.1 sec left
CG set 2462 / 4710    4090.9196 GFlop/s     (511.3649 GFlop/s per process)    52%    1661.3 sec left
CG set 2463 / 4710    4090.9018 GFlop/s     (511.3627 GFlop/s per process)    52%    1660.5 sec left
CG set 2464 / 4710    4090.8796 GFlop/s     (511.3599 GFlop/s per process)    52%    1659.8 sec left
CG set 2465 / 4710    4090.8661 GFlop/s     (511.3583 GFlop/s per process)    52%    1659.0 sec left
CG set 2466 / 4710    4090.8569 GFlop/s     (511.3571 GFlop/s per process)    52%    1658.2 sec left
CG set 2467 / 4710    4090.8444 GFlop/s     (511.3556 GFlop/s per process)    52%    1657.4 sec left
CG set 2468 / 4710    4090.8316 GFlop/s     (511.3539 GFlop/s per process)    52%    1656.6 sec left
CG set 2469 / 4710    4090.8172 GFlop/s     (511.3521 GFlop/s per process)    52%    1655.8 sec left
CG set 2470 / 4710    4090.8042 GFlop/s     (511.3505 GFlop/s per process)    52%    1655.0 sec left
CG set 2471 / 4710    4090.7904 GFlop/s     (511.3488 GFlop/s per process)    52%    1654.2 sec left
CG set 2472 / 4710    4090.7727 GFlop/s     (511.3466 GFlop/s per process)    52%    1653.4 sec left
CG set 2473 / 4710    4090.7511 GFlop/s     (511.3439 GFlop/s per process)    52%    1652.6 sec left
CG set 2474 / 4710    4090.7340 GFlop/s     (511.3417 GFlop/s per process)    52%    1651.8 sec left
CG set 2475 / 4710    4090.7200 GFlop/s     (511.3400 GFlop/s per process)    52%    1651.0 sec left
CG set 2476 / 4710    4090.6962 GFlop/s     (511.3370 GFlop/s per process)    52%    1650.2 sec left
CG set 2477 / 4710    4090.6779 GFlop/s     (511.3347 GFlop/s per process)    52%    1649.4 sec left
CG set 2478 / 4710    4090.6624 GFlop/s     (511.3328 GFlop/s per process)    52%    1648.6 sec left
CG set 2479 / 4710    4090.6459 GFlop/s     (511.3307 GFlop/s per process)    52%    1647.8 sec left
CG set 2480 / 4710    4090.6246 GFlop/s     (511.3281 GFlop/s per process)    52%    1647.0 sec left
CG set 2481 / 4710    4090.6095 GFlop/s     (511.3262 GFlop/s per process)    52%    1646.2 sec left
CG set 2482 / 4710    4090.5922 GFlop/s     (511.3240 GFlop/s per process)    52%    1645.4 sec left
CG set 2483 / 4710    4090.5786 GFlop/s     (511.3223 GFlop/s per process)    52%    1644.6 sec left
CG set 2484 / 4710    4090.5651 GFlop/s     (511.3206 GFlop/s per process)    52%    1643.8 sec left
CG set 2485 / 4710    4090.5521 GFlop/s     (511.3190 GFlop/s per process)    52%    1643.1 sec left
CG set 2486 / 4710    4090.5412 GFlop/s     (511.3177 GFlop/s per process)    52%    1642.3 sec left
CG set 2487 / 4710    4090.5220 GFlop/s     (511.3152 GFlop/s per process)    52%    1641.5 sec left
CG set 2488 / 4710    4090.4933 GFlop/s     (511.3117 GFlop/s per process)    52%    1640.7 sec left
CG set 2489 / 4710    4090.4793 GFlop/s     (511.3099 GFlop/s per process)    52%    1639.9 sec left
CG set 2490 / 4710    4090.4717 GFlop/s     (511.3090 GFlop/s per process)    52%    1639.1 sec left
CG set 2491 / 4710    4090.4522 GFlop/s     (511.3065 GFlop/s per process)    52%    1638.3 sec left
CG set 2492 / 4710    4090.4401 GFlop/s     (511.3050 GFlop/s per process)    52%    1637.5 sec left
CG set 2493 / 4710    4090.4290 GFlop/s     (511.3036 GFlop/s per process)    52%    1636.7 sec left
CG set 2494 / 4710    4090.4128 GFlop/s     (511.3016 GFlop/s per process)    52%    1635.9 sec left
CG set 2495 / 4710    4090.4011 GFlop/s     (511.3001 GFlop/s per process)    52%    1635.1 sec left
CG set 2496 / 4710    4090.3911 GFlop/s     (511.2989 GFlop/s per process)    52%    1634.3 sec left
CG set 2497 / 4710    4090.3851 GFlop/s     (511.2981 GFlop/s per process)    53%    1633.5 sec left
CG set 2498 / 4710    4090.3775 GFlop/s     (511.2972 GFlop/s per process)    53%    1632.7 sec left
CG set 2499 / 4710    4090.3789 GFlop/s     (511.2974 GFlop/s per process)    53%    1631.9 sec left
CG set 2500 / 4710    4090.3824 GFlop/s     (511.2978 GFlop/s per process)    53%    1631.2 sec left
CG set 2501 / 4710    4090.3794 GFlop/s     (511.2974 GFlop/s per process)    53%    1630.4 sec left
CG set 2502 / 4710    4090.3688 GFlop/s     (511.2961 GFlop/s per process)    53%    1629.6 sec left
CG set 2503 / 4710    4090.3629 GFlop/s     (511.2954 GFlop/s per process)    53%    1628.8 sec left
CG set 2504 / 4710    4090.3489 GFlop/s     (511.2936 GFlop/s per process)    53%    1628.0 sec left
CG set 2505 / 4710    4090.3353 GFlop/s     (511.2919 GFlop/s per process)    53%    1627.2 sec left
CG set 2506 / 4710    4090.3251 GFlop/s     (511.2906 GFlop/s per process)    53%    1626.4 sec left
CG set 2507 / 4710    4090.3160 GFlop/s     (511.2895 GFlop/s per process)    53%    1625.6 sec left
CG set 2508 / 4710    4090.3162 GFlop/s     (511.2895 GFlop/s per process)    53%    1624.8 sec left
CG set 2509 / 4710    4090.3107 GFlop/s     (511.2888 GFlop/s per process)    53%    1624.0 sec left
CG set 2510 / 4710    4090.3093 GFlop/s     (511.2887 GFlop/s per process)    53%    1623.2 sec left
CG set 2511 / 4710    4090.2995 GFlop/s     (511.2874 GFlop/s per process)    53%    1622.5 sec left
CG set 2512 / 4710    4090.2885 GFlop/s     (511.2861 GFlop/s per process)    53%    1621.7 sec left
CG set 2513 / 4710    4090.2812 GFlop/s     (511.2852 GFlop/s per process)    53%    1620.9 sec left
CG set 2514 / 4710    4090.2713 GFlop/s     (511.2839 GFlop/s per process)    53%    1620.1 sec left
CG set 2515 / 4710    4090.2674 GFlop/s     (511.2834 GFlop/s per process)    53%    1619.3 sec left
CG set 2516 / 4710    4090.2612 GFlop/s     (511.2827 GFlop/s per process)    53%    1618.5 sec left
CG set 2517 / 4710    4090.2618 GFlop/s     (511.2827 GFlop/s per process)    53%    1617.7 sec left
CG set 2518 / 4710    4090.2558 GFlop/s     (511.2820 GFlop/s per process)    53%    1616.9 sec left
CG set 2519 / 4710    4090.2436 GFlop/s     (511.2804 GFlop/s per process)    53%    1616.1 sec left
CG set 2520 / 4710    4090.2321 GFlop/s     (511.2790 GFlop/s per process)    53%    1615.3 sec left
CG set 2521 / 4710    4090.2252 GFlop/s     (511.2782 GFlop/s per process)    53%    1614.5 sec left
CG set 2522 / 4710    4090.2197 GFlop/s     (511.2775 GFlop/s per process)    53%    1613.8 sec left
CG set 2523 / 4710    4090.2089 GFlop/s     (511.2761 GFlop/s per process)    53%    1613.0 sec left
CG set 2524 / 4710    4090.1999 GFlop/s     (511.2750 GFlop/s per process)    53%    1612.2 sec left
CG set 2525 / 4710    4090.1918 GFlop/s     (511.2740 GFlop/s per process)    53%    1611.4 sec left
CG set 2526 / 4710    4090.1815 GFlop/s     (511.2727 GFlop/s per process)    53%    1610.6 sec left
CG set 2527 / 4710    4090.1765 GFlop/s     (511.2721 GFlop/s per process)    53%    1609.8 sec left
CG set 2528 / 4710    4090.1747 GFlop/s     (511.2718 GFlop/s per process)    53%    1609.0 sec left
CG set 2529 / 4710    4090.1710 GFlop/s     (511.2714 GFlop/s per process)    53%    1608.2 sec left
CG set 2530 / 4710    4090.1755 GFlop/s     (511.2719 GFlop/s per process)    53%    1607.4 sec left
CG set 2531 / 4710    4090.1742 GFlop/s     (511.2718 GFlop/s per process)    53%    1606.6 sec left
CG set 2532 / 4710    4090.1728 GFlop/s     (511.2716 GFlop/s per process)    53%    1605.9 sec left
CG set 2533 / 4710    4090.1599 GFlop/s     (511.2700 GFlop/s per process)    53%    1605.1 sec left
CG set 2534 / 4710    4090.1496 GFlop/s     (511.2687 GFlop/s per process)    53%    1604.3 sec left
CG set 2535 / 4710    4090.1430 GFlop/s     (511.2679 GFlop/s per process)    53%    1603.5 sec left
CG set 2536 / 4710    4090.1371 GFlop/s     (511.2671 GFlop/s per process)    53%    1602.7 sec left
CG set 2537 / 4710    4090.1212 GFlop/s     (511.2651 GFlop/s per process)    53%    1601.9 sec left
CG set 2538 / 4710    4090.1120 GFlop/s     (511.2640 GFlop/s per process)    53%    1601.1 sec left
CG set 2539 / 4710    4090.0982 GFlop/s     (511.2623 GFlop/s per process)    53%    1600.3 sec left
CG set 2540 / 4710    4090.0939 GFlop/s     (511.2617 GFlop/s per process)    53%    1599.5 sec left
CG set 2541 / 4710    4090.0899 GFlop/s     (511.2612 GFlop/s per process)    53%    1598.7 sec left
CG set 2542 / 4710    4090.0822 GFlop/s     (511.2603 GFlop/s per process)    53%    1597.9 sec left
CG set 2543 / 4710    4090.0767 GFlop/s     (511.2596 GFlop/s per process)    53%    1597.1 sec left
CG set 2544 / 4710    4090.0565 GFlop/s     (511.2571 GFlop/s per process)    54%    1596.3 sec left
CG set 2545 / 4710    4090.0426 GFlop/s     (511.2553 GFlop/s per process)    54%    1595.6 sec left
CG set 2546 / 4710    4090.0349 GFlop/s     (511.2544 GFlop/s per process)    54%    1594.8 sec left
CG set 2547 / 4710    4090.0299 GFlop/s     (511.2537 GFlop/s per process)    54%    1594.0 sec left
CG set 2548 / 4710    4090.0197 GFlop/s     (511.2525 GFlop/s per process)    54%    1593.2 sec left
CG set 2549 / 4710    4090.0150 GFlop/s     (511.2519 GFlop/s per process)    54%    1592.4 sec left
CG set 2550 / 4710    4090.0129 GFlop/s     (511.2516 GFlop/s per process)    54%    1591.6 sec left
CG set 2551 / 4710    4089.9970 GFlop/s     (511.2496 GFlop/s per process)    54%    1590.8 sec left
CG set 2552 / 4710    4089.9793 GFlop/s     (511.2474 GFlop/s per process)    54%    1590.0 sec left
CG set 2553 / 4710    4089.9745 GFlop/s     (511.2468 GFlop/s per process)    54%    1589.2 sec left
CG set 2554 / 4710    4089.9596 GFlop/s     (511.2449 GFlop/s per process)    54%    1588.4 sec left
CG set 2555 / 4710    4089.9433 GFlop/s     (511.2429 GFlop/s per process)    54%    1587.6 sec left
CG set 2556 / 4710    4089.9401 GFlop/s     (511.2425 GFlop/s per process)    54%    1586.8 sec left
CG set 2557 / 4710    4089.9365 GFlop/s     (511.2421 GFlop/s per process)    54%    1586.0 sec left
CG set 2558 / 4710    4089.9336 GFlop/s     (511.2417 GFlop/s per process)    54%    1585.3 sec left
CG set 2559 / 4710    4089.9228 GFlop/s     (511.2403 GFlop/s per process)    54%    1584.5 sec left
CG set 2560 / 4710    4089.9127 GFlop/s     (511.2391 GFlop/s per process)    54%    1583.7 sec left
CG set 2561 / 4710    4089.9041 GFlop/s     (511.2380 GFlop/s per process)    54%    1582.9 sec left
CG set 2562 / 4710    4089.8996 GFlop/s     (511.2375 GFlop/s per process)    54%    1582.1 sec left
CG set 2563 / 4710    4089.8909 GFlop/s     (511.2364 GFlop/s per process)    54%    1581.3 sec left
CG set 2564 / 4710    4089.8833 GFlop/s     (511.2354 GFlop/s per process)    54%    1580.5 sec left
CG set 2565 / 4710    4089.8653 GFlop/s     (511.2332 GFlop/s per process)    54%    1579.7 sec left
CG set 2566 / 4710    4089.8635 GFlop/s     (511.2329 GFlop/s per process)    54%    1578.9 sec left
CG set 2567 / 4710    4089.8537 GFlop/s     (511.2317 GFlop/s per process)    54%    1578.1 sec left
CG set 2568 / 4710    4089.8396 GFlop/s     (511.2299 GFlop/s per process)    54%    1577.3 sec left
CG set 2569 / 4710    4089.8298 GFlop/s     (511.2287 GFlop/s per process)    54%    1576.5 sec left
CG set 2570 / 4710    4089.8233 GFlop/s     (511.2279 GFlop/s per process)    54%    1575.8 sec left
CG set 2571 / 4710    4089.8105 GFlop/s     (511.2263 GFlop/s per process)    54%    1575.0 sec left
CG set 2572 / 4710    4089.8000 GFlop/s     (511.2250 GFlop/s per process)    54%    1574.2 sec left
CG set 2573 / 4710    4089.7878 GFlop/s     (511.2235 GFlop/s per process)    54%    1573.4 sec left
CG set 2574 / 4710    4089.7786 GFlop/s     (511.2223 GFlop/s per process)    54%    1572.6 sec left
CG set 2575 / 4710    4089.7674 GFlop/s     (511.2209 GFlop/s per process)    54%    1571.8 sec left
CG set 2576 / 4710    4089.7546 GFlop/s     (511.2193 GFlop/s per process)    54%    1571.0 sec left
CG set 2577 / 4710    4089.7434 GFlop/s     (511.2179 GFlop/s per process)    54%    1570.2 sec left
CG set 2578 / 4710    4089.7350 GFlop/s     (511.2169 GFlop/s per process)    54%    1569.4 sec left
CG set 2579 / 4710    4089.7273 GFlop/s     (511.2159 GFlop/s per process)    54%    1568.6 sec left
CG set 2580 / 4710    4089.7210 GFlop/s     (511.2151 GFlop/s per process)    54%    1567.8 sec left
CG set 2581 / 4710    4089.7190 GFlop/s     (511.2149 GFlop/s per process)    54%    1567.0 sec left
CG set 2582 / 4710    4089.7023 GFlop/s     (511.2128 GFlop/s per process)    54%    1566.2 sec left
CG set 2583 / 4710    4089.6931 GFlop/s     (511.2116 GFlop/s per process)    54%    1565.4 sec left
CG set 2584 / 4710    4089.6797 GFlop/s     (511.2100 GFlop/s per process)    54%    1564.7 sec left
CG set 2585 / 4710    4089.6678 GFlop/s     (511.2085 GFlop/s per process)    54%    1563.9 sec left
CG set 2586 / 4710    4089.6538 GFlop/s     (511.2067 GFlop/s per process)    54%    1563.1 sec left
CG set 2587 / 4710    4089.6424 GFlop/s     (511.2053 GFlop/s per process)    54%    1562.3 sec left
CG set 2588 / 4710    4089.6397 GFlop/s     (511.2050 GFlop/s per process)    54%    1561.5 sec left
CG set 2589 / 4710    4089.6336 GFlop/s     (511.2042 GFlop/s per process)    54%    1560.7 sec left
CG set 2590 / 4710    4089.6183 GFlop/s     (511.2023 GFlop/s per process)    54%    1559.9 sec left
CG set 2591 / 4710    4089.6074 GFlop/s     (511.2009 GFlop/s per process)    55%    1559.1 sec left
CG set 2592 / 4710    4089.6034 GFlop/s     (511.2004 GFlop/s per process)    55%    1558.3 sec left
CG set 2593 / 4710    4089.5971 GFlop/s     (511.1996 GFlop/s per process)    55%    1557.5 sec left
CG set 2594 / 4710    4089.5946 GFlop/s     (511.1993 GFlop/s per process)    55%    1556.7 sec left
CG set 2595 / 4710    4089.5955 GFlop/s     (511.1994 GFlop/s per process)    55%    1555.9 sec left
CG set 2596 / 4710    4089.5964 GFlop/s     (511.1995 GFlop/s per process)    55%    1555.2 sec left
CG set 2597 / 4710    4089.5907 GFlop/s     (511.1988 GFlop/s per process)    55%    1554.4 sec left
CG set 2598 / 4710    4089.5922 GFlop/s     (511.1990 GFlop/s per process)    55%    1553.6 sec left
CG set 2599 / 4710    4089.5857 GFlop/s     (511.1982 GFlop/s per process)    55%    1552.8 sec left
CG set 2600 / 4710    4089.5700 GFlop/s     (511.1963 GFlop/s per process)    55%    1552.0 sec left
CG set 2601 / 4710    4089.5679 GFlop/s     (511.1960 GFlop/s per process)    55%    1551.2 sec left
CG set 2602 / 4710    4089.5519 GFlop/s     (511.1940 GFlop/s per process)    55%    1550.4 sec left
CG set 2603 / 4710    4089.5496 GFlop/s     (511.1937 GFlop/s per process)    55%    1549.6 sec left
CG set 2604 / 4710    4089.5552 GFlop/s     (511.1944 GFlop/s per process)    55%    1548.8 sec left
CG set 2605 / 4710    4089.5551 GFlop/s     (511.1944 GFlop/s per process)    55%    1548.0 sec left
CG set 2606 / 4710    4089.5493 GFlop/s     (511.1937 GFlop/s per process)    55%    1547.3 sec left
CG set 2607 / 4710    4089.5466 GFlop/s     (511.1933 GFlop/s per process)    55%    1546.5 sec left
CG set 2608 / 4710    4089.5328 GFlop/s     (511.1916 GFlop/s per process)    55%    1545.7 sec left
CG set 2609 / 4710    4089.5307 GFlop/s     (511.1913 GFlop/s per process)    55%    1544.9 sec left
CG set 2610 / 4710    4089.5241 GFlop/s     (511.1905 GFlop/s per process)    55%    1544.1 sec left
CG set 2611 / 4710    4089.5201 GFlop/s     (511.1900 GFlop/s per process)    55%    1543.3 sec left
CG set 2612 / 4710    4089.5186 GFlop/s     (511.1898 GFlop/s per process)    55%    1542.5 sec left
CG set 2613 / 4710    4089.5159 GFlop/s     (511.1895 GFlop/s per process)    55%    1541.7 sec left
CG set 2614 / 4710    4089.5060 GFlop/s     (511.1883 GFlop/s per process)    55%    1540.9 sec left
CG set 2615 / 4710    4089.4896 GFlop/s     (511.1862 GFlop/s per process)    55%    1540.1 sec left
CG set 2616 / 4710    4089.4847 GFlop/s     (511.1856 GFlop/s per process)    55%    1539.3 sec left
CG set 2617 / 4710    4089.4811 GFlop/s     (511.1851 GFlop/s per process)    55%    1538.6 sec left
CG set 2618 / 4710    4089.4732 GFlop/s     (511.1842 GFlop/s per process)    55%    1537.8 sec left
CG set 2619 / 4710    4089.4690 GFlop/s     (511.1836 GFlop/s per process)    55%    1537.0 sec left
CG set 2620 / 4710    4089.4644 GFlop/s     (511.1830 GFlop/s per process)    55%    1536.2 sec left
CG set 2621 / 4710    4089.4595 GFlop/s     (511.1824 GFlop/s per process)    55%    1535.4 sec left
CG set 2622 / 4710    4089.4501 GFlop/s     (511.1813 GFlop/s per process)    55%    1534.6 sec left
CG set 2623 / 4710    4089.4458 GFlop/s     (511.1807 GFlop/s per process)    55%    1533.8 sec left
CG set 2624 / 4710    4089.4439 GFlop/s     (511.1805 GFlop/s per process)    55%    1533.0 sec left
CG set 2625 / 4710    4089.4447 GFlop/s     (511.1806 GFlop/s per process)    55%    1532.2 sec left
CG set 2626 / 4710    4089.4467 GFlop/s     (511.1808 GFlop/s per process)    55%    1531.4 sec left
CG set 2627 / 4710    4089.4480 GFlop/s     (511.1810 GFlop/s per process)    55%    1530.7 sec left
CG set 2628 / 4710    4089.4490 GFlop/s     (511.1811 GFlop/s per process)    55%    1529.9 sec left
CG set 2629 / 4710    4089.4431 GFlop/s     (511.1804 GFlop/s per process)    55%    1529.1 sec left
CG set 2630 / 4710    4089.4428 GFlop/s     (511.1803 GFlop/s per process)    55%    1528.3 sec left
CG set 2631 / 4710    4089.4229 GFlop/s     (511.1779 GFlop/s per process)    55%    1527.5 sec left
CG set 2632 / 4710    4089.4166 GFlop/s     (511.1771 GFlop/s per process)    55%    1526.7 sec left
CG set 2633 / 4710    4089.4140 GFlop/s     (511.1767 GFlop/s per process)    55%    1525.9 sec left
CG set 2634 / 4710    4089.4126 GFlop/s     (511.1766 GFlop/s per process)    55%    1525.1 sec left
CG set 2635 / 4710    4089.4034 GFlop/s     (511.1754 GFlop/s per process)    55%    1524.3 sec left
CG set 2636 / 4710    4089.4022 GFlop/s     (511.1753 GFlop/s per process)    55%    1523.5 sec left
CG set 2637 / 4710    4089.4031 GFlop/s     (511.1754 GFlop/s per process)    55%    1522.8 sec left
CG set 2638 / 4710    4089.3986 GFlop/s     (511.1748 GFlop/s per process)    56%    1522.0 sec left
CG set 2639 / 4710    4089.3821 GFlop/s     (511.1728 GFlop/s per process)    56%    1521.2 sec left
CG set 2640 / 4710    4089.3683 GFlop/s     (511.1710 GFlop/s per process)    56%    1520.4 sec left
CG set 2641 / 4710    4089.3644 GFlop/s     (511.1705 GFlop/s per process)    56%    1519.6 sec left
CG set 2642 / 4710    4089.3638 GFlop/s     (511.1705 GFlop/s per process)    56%    1518.8 sec left
CG set 2643 / 4710    4089.3611 GFlop/s     (511.1701 GFlop/s per process)    56%    1518.0 sec left
CG set 2644 / 4710    4089.3592 GFlop/s     (511.1699 GFlop/s per process)    56%    1517.2 sec left
CG set 2645 / 4710    4089.3502 GFlop/s     (511.1688 GFlop/s per process)    56%    1516.4 sec left
CG set 2646 / 4710    4089.3383 GFlop/s     (511.1673 GFlop/s per process)    56%    1515.6 sec left
CG set 2647 / 4710    4089.3289 GFlop/s     (511.1661 GFlop/s per process)    56%    1514.8 sec left
CG set 2648 / 4710    4089.3232 GFlop/s     (511.1654 GFlop/s per process)    56%    1514.1 sec left
CG set 2649 / 4710    4089.3165 GFlop/s     (511.1646 GFlop/s per process)    56%    1513.3 sec left
CG set 2650 / 4710    4089.3077 GFlop/s     (511.1635 GFlop/s per process)    56%    1512.5 sec left
CG set 2651 / 4710    4089.3021 GFlop/s     (511.1628 GFlop/s per process)    56%    1511.7 sec left
CG set 2652 / 4710    4089.2987 GFlop/s     (511.1623 GFlop/s per process)    56%    1510.9 sec left
CG set 2653 / 4710    4089.2918 GFlop/s     (511.1615 GFlop/s per process)    56%    1510.1 sec left
CG set 2654 / 4710    4089.2844 GFlop/s     (511.1605 GFlop/s per process)    56%    1509.3 sec left
CG set 2655 / 4710    4089.2828 GFlop/s     (511.1603 GFlop/s per process)    56%    1508.5 sec left
CG set 2656 / 4710    4089.2802 GFlop/s     (511.1600 GFlop/s per process)    56%    1507.7 sec left
CG set 2657 / 4710    4089.2768 GFlop/s     (511.1596 GFlop/s per process)    56%    1506.9 sec left
CG set 2658 / 4710    4089.2745 GFlop/s     (511.1593 GFlop/s per process)    56%    1506.2 sec left
CG set 2659 / 4710    4089.2718 GFlop/s     (511.1590 GFlop/s per process)    56%    1505.4 sec left
CG set 2660 / 4710    4089.2617 GFlop/s     (511.1577 GFlop/s per process)    56%    1504.6 sec left
CG set 2661 / 4710    4089.2607 GFlop/s     (511.1576 GFlop/s per process)    56%    1503.8 sec left
CG set 2662 / 4710    4089.2544 GFlop/s     (511.1568 GFlop/s per process)    56%    1503.0 sec left
CG set 2663 / 4710    4089.2464 GFlop/s     (511.1558 GFlop/s per process)    56%    1502.2 sec left
CG set 2664 / 4710    4089.2403 GFlop/s     (511.1550 GFlop/s per process)    56%    1501.4 sec left
CG set 2665 / 4710    4089.2311 GFlop/s     (511.1539 GFlop/s per process)    56%    1500.6 sec left
CG set 2666 / 4710    4089.2286 GFlop/s     (511.1536 GFlop/s per process)    56%    1499.8 sec left
CG set 2667 / 4710    4089.2210 GFlop/s     (511.1526 GFlop/s per process)    56%    1499.0 sec left
CG set 2668 / 4710    4089.2180 GFlop/s     (511.1522 GFlop/s per process)    56%    1498.2 sec left
CG set 2669 / 4710    4089.2012 GFlop/s     (511.1502 GFlop/s per process)    56%    1497.4 sec left
CG set 2670 / 4710    4089.1922 GFlop/s     (511.1490 GFlop/s per process)    56%    1496.7 sec left
CG set 2671 / 4710    4089.1827 GFlop/s     (511.1478 GFlop/s per process)    56%    1495.9 sec left
CG set 2672 / 4710    4089.1696 GFlop/s     (511.1462 GFlop/s per process)    56%    1495.1 sec left
CG set 2673 / 4710    4089.1598 GFlop/s     (511.1450 GFlop/s per process)    56%    1494.3 sec left
CG set 2674 / 4710    4089.1585 GFlop/s     (511.1448 GFlop/s per process)    56%    1493.5 sec left
CG set 2675 / 4710    4089.1569 GFlop/s     (511.1446 GFlop/s per process)    56%    1492.7 sec left
CG set 2676 / 4710    4089.1505 GFlop/s     (511.1438 GFlop/s per process)    56%    1491.9 sec left
CG set 2677 / 4710    4089.1306 GFlop/s     (511.1413 GFlop/s per process)    56%    1491.1 sec left
CG set 2678 / 4710    4089.1130 GFlop/s     (511.1391 GFlop/s per process)    56%    1490.3 sec left
CG set 2679 / 4710    4089.0976 GFlop/s     (511.1372 GFlop/s per process)    56%    1489.5 sec left
CG set 2680 / 4710    4089.0956 GFlop/s     (511.1370 GFlop/s per process)    56%    1488.7 sec left
CG set 2681 / 4710    4089.0861 GFlop/s     (511.1358 GFlop/s per process)    56%    1487.9 sec left
CG set 2682 / 4710    4089.0719 GFlop/s     (511.1340 GFlop/s per process)    56%    1487.1 sec left
CG set 2683 / 4710    4089.0670 GFlop/s     (511.1334 GFlop/s per process)    56%    1486.3 sec left
CG set 2684 / 4710    4089.0606 GFlop/s     (511.1326 GFlop/s per process)    56%    1485.6 sec left
CG set 2685 / 4710    4089.0564 GFlop/s     (511.1321 GFlop/s per process)    57%    1484.8 sec left
CG set 2686 / 4710    4089.0502 GFlop/s     (511.1313 GFlop/s per process)    57%    1484.0 sec left
CG set 2687 / 4710    4089.0467 GFlop/s     (511.1308 GFlop/s per process)    57%    1483.2 sec left
CG set 2688 / 4710    4089.0434 GFlop/s     (511.1304 GFlop/s per process)    57%    1482.4 sec left
CG set 2689 / 4710    4089.0432 GFlop/s     (511.1304 GFlop/s per process)    57%    1481.6 sec left
CG set 2690 / 4710    4089.0359 GFlop/s     (511.1295 GFlop/s per process)    57%    1480.8 sec left
CG set 2691 / 4710    4089.0305 GFlop/s     (511.1288 GFlop/s per process)    57%    1480.0 sec left
CG set 2692 / 4710    4089.0273 GFlop/s     (511.1284 GFlop/s per process)    57%    1479.2 sec left
CG set 2693 / 4710    4089.0247 GFlop/s     (511.1281 GFlop/s per process)    57%    1478.4 sec left
CG set 2694 / 4710    4089.0176 GFlop/s     (511.1272 GFlop/s per process)    57%    1477.7 sec left
CG set 2695 / 4710    4089.0121 GFlop/s     (511.1265 GFlop/s per process)    57%    1476.9 sec left
CG set 2696 / 4710    4088.9993 GFlop/s     (511.1249 GFlop/s per process)    57%    1476.1 sec left
CG set 2697 / 4710    4088.9879 GFlop/s     (511.1235 GFlop/s per process)    57%    1475.3 sec left
CG set 2698 / 4710    4088.9844 GFlop/s     (511.1231 GFlop/s per process)    57%    1474.5 sec left
CG set 2699 / 4710    4088.9802 GFlop/s     (511.1225 GFlop/s per process)    57%    1473.7 sec left
CG set 2700 / 4710    4088.9792 GFlop/s     (511.1224 GFlop/s per process)    57%    1472.9 sec left
CG set 2701 / 4710    4088.9731 GFlop/s     (511.1216 GFlop/s per process)    57%    1472.1 sec left
CG set 2702 / 4710    4088.9631 GFlop/s     (511.1204 GFlop/s per process)    57%    1471.3 sec left
CG set 2703 / 4710    4088.9499 GFlop/s     (511.1187 GFlop/s per process)    57%    1470.5 sec left
CG set 2704 / 4710    4088.9413 GFlop/s     (511.1177 GFlop/s per process)    57%    1469.7 sec left
CG set 2705 / 4710    4088.9304 GFlop/s     (511.1163 GFlop/s per process)    57%    1468.9 sec left
CG set 2706 / 4710    4088.9282 GFlop/s     (511.1160 GFlop/s per process)    57%    1468.2 sec left
CG set 2707 / 4710    4088.9264 GFlop/s     (511.1158 GFlop/s per process)    57%    1467.4 sec left
CG set 2708 / 4710    4088.9201 GFlop/s     (511.1150 GFlop/s per process)    57%    1466.6 sec left
CG set 2709 / 4710    4088.9108 GFlop/s     (511.1138 GFlop/s per process)    57%    1465.8 sec left
CG set 2710 / 4710    4088.8977 GFlop/s     (511.1122 GFlop/s per process)    57%    1465.0 sec left
CG set 2711 / 4710    4088.8826 GFlop/s     (511.1103 GFlop/s per process)    57%    1464.2 sec left
CG set 2712 / 4710    4088.8714 GFlop/s     (511.1089 GFlop/s per process)    57%    1463.4 sec left
CG set 2713 / 4710    4088.8555 GFlop/s     (511.1069 GFlop/s per process)    57%    1462.6 sec left
CG set 2714 / 4710    4088.8506 GFlop/s     (511.1063 GFlop/s per process)    57%    1461.8 sec left
CG set 2715 / 4710    4088.8455 GFlop/s     (511.1057 GFlop/s per process)    57%    1461.0 sec left
CG set 2716 / 4710    4088.8359 GFlop/s     (511.1045 GFlop/s per process)    57%    1460.2 sec left
CG set 2717 / 4710    4088.8261 GFlop/s     (511.1033 GFlop/s per process)    57%    1459.4 sec left
CG set 2718 / 4710    4088.8203 GFlop/s     (511.1025 GFlop/s per process)    57%    1458.6 sec left
CG set 2719 / 4710    4088.8165 GFlop/s     (511.1021 GFlop/s per process)    57%    1457.9 sec left
CG set 2720 / 4710    4088.8145 GFlop/s     (511.1018 GFlop/s per process)    57%    1457.1 sec left
CG set 2721 / 4710    4088.8136 GFlop/s     (511.1017 GFlop/s per process)    57%    1456.3 sec left
CG set 2722 / 4710    4088.8143 GFlop/s     (511.1018 GFlop/s per process)    57%    1455.5 sec left
CG set 2723 / 4710    4088.8083 GFlop/s     (511.1010 GFlop/s per process)    57%    1454.7 sec left
CG set 2724 / 4710    4088.8037 GFlop/s     (511.1005 GFlop/s per process)    57%    1453.9 sec left
CG set 2725 / 4710    4088.8005 GFlop/s     (511.1001 GFlop/s per process)    57%    1453.1 sec left
CG set 2726 / 4710    4088.7914 GFlop/s     (511.0989 GFlop/s per process)    57%    1452.3 sec left
CG set 2727 / 4710    4088.7859 GFlop/s     (511.0982 GFlop/s per process)    57%    1451.5 sec left
CG set 2728 / 4710    4088.7796 GFlop/s     (511.0975 GFlop/s per process)    57%    1450.7 sec left
CG set 2729 / 4710    4088.7682 GFlop/s     (511.0960 GFlop/s per process)    57%    1449.9 sec left
CG set 2730 / 4710    4088.7661 GFlop/s     (511.0958 GFlop/s per process)    57%    1449.2 sec left
CG set 2731 / 4710    4088.7569 GFlop/s     (511.0946 GFlop/s per process)    57%    1448.4 sec left
CG set 2732 / 4710    4088.7492 GFlop/s     (511.0937 GFlop/s per process)    58%    1447.6 sec left
CG set 2733 / 4710    4088.7459 GFlop/s     (511.0932 GFlop/s per process)    58%    1446.8 sec left
CG set 2734 / 4710    4088.7337 GFlop/s     (511.0917 GFlop/s per process)    58%    1446.0 sec left
CG set 2735 / 4710    4088.7251 GFlop/s     (511.0906 GFlop/s per process)    58%    1445.2 sec left
CG set 2736 / 4710    4088.7218 GFlop/s     (511.0902 GFlop/s per process)    58%    1444.4 sec left
CG set 2737 / 4710    4088.7181 GFlop/s     (511.0898 GFlop/s per process)    58%    1443.6 sec left
CG set 2738 / 4710    4088.7123 GFlop/s     (511.0890 GFlop/s per process)    58%    1442.8 sec left
CG set 2739 / 4710    4088.7083 GFlop/s     (511.0885 GFlop/s per process)    58%    1442.0 sec left
CG set 2740 / 4710    4088.7033 GFlop/s     (511.0879 GFlop/s per process)    58%    1441.2 sec left
CG set 2741 / 4710    4088.6904 GFlop/s     (511.0863 GFlop/s per process)    58%    1440.5 sec left
CG set 2742 / 4710    4088.6760 GFlop/s     (511.0845 GFlop/s per process)    58%    1439.7 sec left
CG set 2743 / 4710    4088.6738 GFlop/s     (511.0842 GFlop/s per process)    58%    1438.9 sec left
CG set 2744 / 4710    4088.6637 GFlop/s     (511.0830 GFlop/s per process)    58%    1438.1 sec left
CG set 2745 / 4710    4088.6506 GFlop/s     (511.0813 GFlop/s per process)    58%    1437.3 sec left
CG set 2746 / 4710    4088.6434 GFlop/s     (511.0804 GFlop/s per process)    58%    1436.5 sec left
CG set 2747 / 4710    4088.6373 GFlop/s     (511.0797 GFlop/s per process)    58%    1435.7 sec left
CG set 2748 / 4710    4088.6271 GFlop/s     (511.0784 GFlop/s per process)    58%    1434.9 sec left
CG set 2749 / 4710    4088.6196 GFlop/s     (511.0775 GFlop/s per process)    58%    1434.1 sec left
CG set 2750 / 4710    4088.6226 GFlop/s     (511.0778 GFlop/s per process)    58%    1433.3 sec left
CG set 2751 / 4710    4088.6163 GFlop/s     (511.0770 GFlop/s per process)    58%    1432.5 sec left
CG set 2752 / 4710    4088.6141 GFlop/s     (511.0768 GFlop/s per process)    58%    1431.7 sec left
CG set 2753 / 4710    4088.6182 GFlop/s     (511.0773 GFlop/s per process)    58%    1431.0 sec left
CG set 2754 / 4710    4088.6131 GFlop/s     (511.0766 GFlop/s per process)    58%    1430.2 sec left
CG set 2755 / 4710    4088.6070 GFlop/s     (511.0759 GFlop/s per process)    58%    1429.4 sec left
CG set 2756 / 4710    4088.6040 GFlop/s     (511.0755 GFlop/s per process)    58%    1428.6 sec left
CG set 2757 / 4710    4088.5925 GFlop/s     (511.0741 GFlop/s per process)    58%    1427.8 sec left
CG set 2758 / 4710    4088.5760 GFlop/s     (511.0720 GFlop/s per process)    58%    1427.0 sec left
CG set 2759 / 4710    4088.5639 GFlop/s     (511.0705 GFlop/s per process)    58%    1426.2 sec left
CG set 2760 / 4710    4088.5522 GFlop/s     (511.0690 GFlop/s per process)    58%    1425.4 sec left
CG set 2761 / 4710    4088.5362 GFlop/s     (511.0670 GFlop/s per process)    58%    1424.6 sec left
CG set 2762 / 4710    4088.5352 GFlop/s     (511.0669 GFlop/s per process)    58%    1423.8 sec left
CG set 2763 / 4710    4088.5333 GFlop/s     (511.0667 GFlop/s per process)    58%    1423.0 sec left
CG set 2764 / 4710    4088.5310 GFlop/s     (511.0664 GFlop/s per process)    58%    1422.2 sec left
CG set 2765 / 4710    4088.5210 GFlop/s     (511.0651 GFlop/s per process)    58%    1421.5 sec left
CG set 2766 / 4710    4088.5113 GFlop/s     (511.0639 GFlop/s per process)    58%    1420.7 sec left
CG set 2767 / 4710    4088.5039 GFlop/s     (511.0630 GFlop/s per process)    58%    1419.9 sec left
CG set 2768 / 4710    4088.4995 GFlop/s     (511.0624 GFlop/s per process)    58%    1419.1 sec left
CG set 2769 / 4710    4088.4941 GFlop/s     (511.0618 GFlop/s per process)    58%    1418.3 sec left
CG set 2770 / 4710    4088.4872 GFlop/s     (511.0609 GFlop/s per process)    58%    1417.5 sec left
CG set 2771 / 4710    4088.4836 GFlop/s     (511.0605 GFlop/s per process)    58%    1416.7 sec left
CG set 2772 / 4710    4088.4736 GFlop/s     (511.0592 GFlop/s per process)    58%    1415.9 sec left
CG set 2773 / 4710    4088.4611 GFlop/s     (511.0576 GFlop/s per process)    58%    1415.1 sec left
CG set 2774 / 4710    4088.4556 GFlop/s     (511.0570 GFlop/s per process)    58%    1414.3 sec left
CG set 2775 / 4710    4088.4447 GFlop/s     (511.0556 GFlop/s per process)    58%    1413.5 sec left
CG set 2776 / 4710    4088.4402 GFlop/s     (511.0550 GFlop/s per process)    58%    1412.7 sec left
CG set 2777 / 4710    4088.4316 GFlop/s     (511.0540 GFlop/s per process)    58%    1411.9 sec left
CG set 2778 / 4710    4088.4257 GFlop/s     (511.0532 GFlop/s per process)    58%    1411.2 sec left
CG set 2779 / 4710    4088.4208 GFlop/s     (511.0526 GFlop/s per process)    59%    1410.4 sec left
CG set 2780 / 4710    4088.4178 GFlop/s     (511.0522 GFlop/s per process)    59%    1409.6 sec left
CG set 2781 / 4710    4088.4135 GFlop/s     (511.0517 GFlop/s per process)    59%    1408.8 sec left
CG set 2782 / 4710    4088.4127 GFlop/s     (511.0516 GFlop/s per process)    59%    1408.0 sec left
CG set 2783 / 4710    4088.4108 GFlop/s     (511.0513 GFlop/s per process)    59%    1407.2 sec left
CG set 2784 / 4710    4088.4045 GFlop/s     (511.0506 GFlop/s per process)    59%    1406.4 sec left
CG set 2785 / 4710    4088.4020 GFlop/s     (511.0503 GFlop/s per process)    59%    1405.6 sec left
CG set 2786 / 4710    4088.3984 GFlop/s     (511.0498 GFlop/s per process)    59%    1404.8 sec left
CG set 2787 / 4710    4088.3991 GFlop/s     (511.0499 GFlop/s per process)    59%    1404.1 sec left
CG set 2788 / 4710    4088.3921 GFlop/s     (511.0490 GFlop/s per process)    59%    1403.3 sec left
CG set 2789 / 4710    4088.3811 GFlop/s     (511.0476 GFlop/s per process)    59%    1402.5 sec left
CG set 2790 / 4710    4088.3755 GFlop/s     (511.0469 GFlop/s per process)    59%    1401.7 sec left
CG set 2791 / 4710    4088.3705 GFlop/s     (511.0463 GFlop/s per process)    59%    1400.9 sec left
CG set 2792 / 4710    4088.3614 GFlop/s     (511.0452 GFlop/s per process)    59%    1400.1 sec left
CG set 2793 / 4710    4088.3595 GFlop/s     (511.0449 GFlop/s per process)    59%    1399.3 sec left
CG set 2794 / 4710    4088.3586 GFlop/s     (511.0448 GFlop/s per process)    59%    1398.5 sec left
CG set 2795 / 4710    4088.3627 GFlop/s     (511.0453 GFlop/s per process)    59%    1397.7 sec left
CG set 2796 / 4710    4088.3559 GFlop/s     (511.0445 GFlop/s per process)    59%    1396.9 sec left
CG set 2797 / 4710    4088.3435 GFlop/s     (511.0429 GFlop/s per process)    59%    1396.1 sec left
CG set 2798 / 4710    4088.3306 GFlop/s     (511.0413 GFlop/s per process)    59%    1395.3 sec left
CG set 2799 / 4710    4088.3205 GFlop/s     (511.0401 GFlop/s per process)    59%    1394.6 sec left
CG set 2800 / 4710    4088.3170 GFlop/s     (511.0396 GFlop/s per process)    59%    1393.8 sec left
CG set 2801 / 4710    4088.3146 GFlop/s     (511.0393 GFlop/s per process)    59%    1393.0 sec left
CG set 2802 / 4710    4088.3132 GFlop/s     (511.0392 GFlop/s per process)    59%    1392.2 sec left
CG set 2803 / 4710    4088.3146 GFlop/s     (511.0393 GFlop/s per process)    59%    1391.4 sec left
CG set 2804 / 4710    4088.2985 GFlop/s     (511.0373 GFlop/s per process)    59%    1390.6 sec left
CG set 2805 / 4710    4088.2791 GFlop/s     (511.0349 GFlop/s per process)    59%    1389.8 sec left
CG set 2806 / 4710    4088.2677 GFlop/s     (511.0335 GFlop/s per process)    59%    1389.0 sec left
CG set 2807 / 4710    4088.2634 GFlop/s     (511.0329 GFlop/s per process)    59%    1388.2 sec left
CG set 2808 / 4710    4088.2498 GFlop/s     (511.0312 GFlop/s per process)    59%    1387.4 sec left
CG set 2809 / 4710    4088.2415 GFlop/s     (511.0302 GFlop/s per process)    59%    1386.6 sec left
CG set 2810 / 4710    4088.2382 GFlop/s     (511.0298 GFlop/s per process)    59%    1385.8 sec left
CG set 2811 / 4710    4088.2347 GFlop/s     (511.0293 GFlop/s per process)    59%    1385.1 sec left
CG set 2812 / 4710    4088.2283 GFlop/s     (511.0285 GFlop/s per process)    59%    1384.3 sec left
CG set 2813 / 4710    4088.2260 GFlop/s     (511.0282 GFlop/s per process)    59%    1383.5 sec left
CG set 2814 / 4710    4088.2253 GFlop/s     (511.0282 GFlop/s per process)    59%    1382.7 sec left
CG set 2815 / 4710    4088.2229 GFlop/s     (511.0279 GFlop/s per process)    59%    1381.9 sec left
CG set 2816 / 4710    4088.2204 GFlop/s     (511.0275 GFlop/s per process)    59%    1381.1 sec left
CG set 2817 / 4710    4088.2190 GFlop/s     (511.0274 GFlop/s per process)    59%    1380.3 sec left
CG set 2818 / 4710    4088.2131 GFlop/s     (511.0266 GFlop/s per process)    59%    1379.5 sec left
CG set 2819 / 4710    4088.2126 GFlop/s     (511.0266 GFlop/s per process)    59%    1378.7 sec left
CG set 2820 / 4710    4088.2082 GFlop/s     (511.0260 GFlop/s per process)    59%    1377.9 sec left
CG set 2821 / 4710    4088.2001 GFlop/s     (511.0250 GFlop/s per process)    59%    1377.2 sec left
CG set 2822 / 4710    4088.1925 GFlop/s     (511.0241 GFlop/s per process)    59%    1376.4 sec left
CG set 2823 / 4710    4088.1874 GFlop/s     (511.0234 GFlop/s per process)    59%    1375.6 sec left
CG set 2824 / 4710    4088.1788 GFlop/s     (511.0223 GFlop/s per process)    59%    1374.8 sec left
CG set 2825 / 4710    4088.1711 GFlop/s     (511.0214 GFlop/s per process)    59%    1374.0 sec left
CG set 2826 / 4710    4088.1689 GFlop/s     (511.0211 GFlop/s per process)    60%    1373.2 sec left
CG set 2827 / 4710    4088.1592 GFlop/s     (511.0199 GFlop/s per process)    60%    1372.4 sec left
CG set 2828 / 4710    4088.1573 GFlop/s     (511.0197 GFlop/s per process)    60%    1371.6 sec left
CG set 2829 / 4710    4088.1488 GFlop/s     (511.0186 GFlop/s per process)    60%    1370.8 sec left
CG set 2830 / 4710    4088.1468 GFlop/s     (511.0184 GFlop/s per process)    60%    1370.0 sec left
CG set 2831 / 4710    4088.1395 GFlop/s     (511.0174 GFlop/s per process)    60%    1369.2 sec left
CG set 2832 / 4710    4088.1401 GFlop/s     (511.0175 GFlop/s per process)    60%    1368.5 sec left
CG set 2833 / 4710    4088.1397 GFlop/s     (511.0175 GFlop/s per process)    60%    1367.7 sec left
CG set 2834 / 4710    4088.1385 GFlop/s     (511.0173 GFlop/s per process)    60%    1366.9 sec left
CG set 2835 / 4710    4088.1319 GFlop/s     (511.0165 GFlop/s per process)    60%    1366.1 sec left
CG set 2836 / 4710    4088.1213 GFlop/s     (511.0152 GFlop/s per process)    60%    1365.3 sec left
CG set 2837 / 4710    4088.1169 GFlop/s     (511.0146 GFlop/s per process)    60%    1364.5 sec left
CG set 2838 / 4710    4088.1118 GFlop/s     (511.0140 GFlop/s per process)    60%    1363.7 sec left
CG set 2839 / 4710    4088.1063 GFlop/s     (511.0133 GFlop/s per process)    60%    1362.9 sec left
CG set 2840 / 4710    4088.0952 GFlop/s     (511.0119 GFlop/s per process)    60%    1362.1 sec left
CG set 2841 / 4710    4088.0895 GFlop/s     (511.0112 GFlop/s per process)    60%    1361.3 sec left
CG set 2842 / 4710    4088.0828 GFlop/s     (511.0104 GFlop/s per process)    60%    1360.5 sec left
CG set 2843 / 4710    4088.0746 GFlop/s     (511.0093 GFlop/s per process)    60%    1359.7 sec left
CG set 2844 / 4710    4088.0687 GFlop/s     (511.0086 GFlop/s per process)    60%    1359.0 sec left
CG set 2845 / 4710    4088.0638 GFlop/s     (511.0080 GFlop/s per process)    60%    1358.2 sec left
CG set 2846 / 4710    4088.0665 GFlop/s     (511.0083 GFlop/s per process)    60%    1357.4 sec left
CG set 2847 / 4710    4088.0618 GFlop/s     (511.0077 GFlop/s per process)    60%    1356.6 sec left
CG set 2848 / 4710    4088.0676 GFlop/s     (511.0084 GFlop/s per process)    60%    1355.8 sec left
CG set 2849 / 4710    4088.0638 GFlop/s     (511.0080 GFlop/s per process)    60%    1355.0 sec left
CG set 2850 / 4710    4088.0547 GFlop/s     (511.0068 GFlop/s per process)    60%    1354.2 sec left
CG set 2851 / 4710    4088.0487 GFlop/s     (511.0061 GFlop/s per process)    60%    1353.4 sec left
CG set 2852 / 4710    4088.0489 GFlop/s     (511.0061 GFlop/s per process)    60%    1352.6 sec left
CG set 2853 / 4710    4088.0383 GFlop/s     (511.0048 GFlop/s per process)    60%    1351.8 sec left
CG set 2854 / 4710    4088.0284 GFlop/s     (511.0035 GFlop/s per process)    60%    1351.1 sec left
CG set 2855 / 4710    4088.0263 GFlop/s     (511.0033 GFlop/s per process)    60%    1350.3 sec left
CG set 2856 / 4710    4088.0180 GFlop/s     (511.0022 GFlop/s per process)    60%    1349.5 sec left
CG set 2857 / 4710    4088.0130 GFlop/s     (511.0016 GFlop/s per process)    60%    1348.7 sec left
CG set 2858 / 4710    4088.0110 GFlop/s     (511.0014 GFlop/s per process)    60%    1347.9 sec left
CG set 2859 / 4710    4088.0031 GFlop/s     (511.0004 GFlop/s per process)    60%    1347.1 sec left
CG set 2860 / 4710    4087.9929 GFlop/s     (510.9991 GFlop/s per process)    60%    1346.3 sec left
CG set 2861 / 4710    4087.9873 GFlop/s     (510.9984 GFlop/s per process)    60%    1345.5 sec left
CG set 2862 / 4710    4087.9758 GFlop/s     (510.9970 GFlop/s per process)    60%    1344.7 sec left
CG set 2863 / 4710    4087.9691 GFlop/s     (510.9961 GFlop/s per process)    60%    1343.9 sec left
CG set 2864 / 4710    4087.9661 GFlop/s     (510.9958 GFlop/s per process)    60%    1343.1 sec left
CG set 2865 / 4710    4087.9627 GFlop/s     (510.9953 GFlop/s per process)    60%    1342.3 sec left
CG set 2866 / 4710    4087.9570 GFlop/s     (510.9946 GFlop/s per process)    60%    1341.6 sec left
CG set 2867 / 4710    4087.9474 GFlop/s     (510.9934 GFlop/s per process)    60%    1340.8 sec left
CG set 2868 / 4710    4087.9388 GFlop/s     (510.9924 GFlop/s per process)    60%    1340.0 sec left
CG set 2869 / 4710    4087.9285 GFlop/s     (510.9911 GFlop/s per process)    60%    1339.2 sec left
CG set 2870 / 4710    4087.9241 GFlop/s     (510.9905 GFlop/s per process)    60%    1338.4 sec left
CG set 2871 / 4710    4087.9117 GFlop/s     (510.9890 GFlop/s per process)    60%    1337.6 sec left
CG set 2872 / 4710    4087.8996 GFlop/s     (510.9875 GFlop/s per process)    60%    1336.8 sec left
CG set 2873 / 4710    4087.8963 GFlop/s     (510.9870 GFlop/s per process)    60%    1336.0 sec left
CG set 2874 / 4710    4087.8925 GFlop/s     (510.9866 GFlop/s per process)    61%    1335.2 sec left
CG set 2875 / 4710    4087.8890 GFlop/s     (510.9861 GFlop/s per process)    61%    1334.4 sec left
CG set 2876 / 4710    4087.8847 GFlop/s     (510.9856 GFlop/s per process)    61%    1333.6 sec left
CG set 2877 / 4710    4087.8857 GFlop/s     (510.9857 GFlop/s per process)    61%    1332.8 sec left
CG set 2878 / 4710    4087.8834 GFlop/s     (510.9854 GFlop/s per process)    61%    1332.1 sec left
CG set 2879 / 4710    4087.8799 GFlop/s     (510.9850 GFlop/s per process)    61%    1331.3 sec left
CG set 2880 / 4710    4087.8729 GFlop/s     (510.9841 GFlop/s per process)    61%    1330.5 sec left
CG set 2881 / 4710    4087.8686 GFlop/s     (510.9836 GFlop/s per process)    61%    1329.7 sec left
CG set 2882 / 4710    4087.8641 GFlop/s     (510.9830 GFlop/s per process)    61%    1328.9 sec left
CG set 2883 / 4710    4087.8601 GFlop/s     (510.9825 GFlop/s per process)    61%    1328.1 sec left
CG set 2884 / 4710    4087.8502 GFlop/s     (510.9813 GFlop/s per process)    61%    1327.3 sec left
CG set 2885 / 4710    4087.8377 GFlop/s     (510.9797 GFlop/s per process)    61%    1326.5 sec left
CG set 2886 / 4710    4087.8263 GFlop/s     (510.9783 GFlop/s per process)    61%    1325.7 sec left
CG set 2887 / 4710    4087.8179 GFlop/s     (510.9772 GFlop/s per process)    61%    1324.9 sec left
CG set 2888 / 4710    4087.8085 GFlop/s     (510.9761 GFlop/s per process)    61%    1324.1 sec left
CG set 2889 / 4710    4087.8027 GFlop/s     (510.9753 GFlop/s per process)    61%    1323.3 sec left
CG set 2890 / 4710    4087.8067 GFlop/s     (510.9758 GFlop/s per process)    61%    1322.6 sec left
CG set 2891 / 4710    4087.8040 GFlop/s     (510.9755 GFlop/s per process)    61%    1321.8 sec left
CG set 2892 / 4710    4087.7878 GFlop/s     (510.9735 GFlop/s per process)    61%    1321.0 sec left
CG set 2893 / 4710    4087.7777 GFlop/s     (510.9722 GFlop/s per process)    61%    1320.2 sec left
CG set 2894 / 4710    4087.7729 GFlop/s     (510.9716 GFlop/s per process)    61%    1319.4 sec left
CG set 2895 / 4710    4087.7659 GFlop/s     (510.9707 GFlop/s per process)    61%    1318.6 sec left
CG set 2896 / 4710    4087.7591 GFlop/s     (510.9699 GFlop/s per process)    61%    1317.8 sec left
CG set 2897 / 4710    4087.7548 GFlop/s     (510.9693 GFlop/s per process)    61%    1317.0 sec left
CG set 2898 / 4710    4087.7474 GFlop/s     (510.9684 GFlop/s per process)    61%    1316.2 sec left
CG set 2899 / 4710    4087.7387 GFlop/s     (510.9673 GFlop/s per process)    61%    1315.4 sec left
CG set 2900 / 4710    4087.7286 GFlop/s     (510.9661 GFlop/s per process)    61%    1314.6 sec left
CG set 2901 / 4710    4087.7204 GFlop/s     (510.9651 GFlop/s per process)    61%    1313.8 sec left
CG set 2902 / 4710    4087.7152 GFlop/s     (510.9644 GFlop/s per process)    61%    1313.1 sec left
CG set 2903 / 4710    4087.6990 GFlop/s     (510.9624 GFlop/s per process)    61%    1312.3 sec left
CG set 2904 / 4710    4087.6945 GFlop/s     (510.9618 GFlop/s per process)    61%    1311.5 sec left
CG set 2905 / 4710    4087.6841 GFlop/s     (510.9605 GFlop/s per process)    61%    1310.7 sec left
CG set 2906 / 4710    4087.6776 GFlop/s     (510.9597 GFlop/s per process)    61%    1309.9 sec left
CG set 2907 / 4710    4087.6685 GFlop/s     (510.9586 GFlop/s per process)    61%    1309.1 sec left
CG set 2908 / 4710    4087.6651 GFlop/s     (510.9581 GFlop/s per process)    61%    1308.3 sec left
CG set 2909 / 4710    4087.6648 GFlop/s     (510.9581 GFlop/s per process)    61%    1307.5 sec left
CG set 2910 / 4710    4087.6602 GFlop/s     (510.9575 GFlop/s per process)    61%    1306.7 sec left
CG set 2911 / 4710    4087.6586 GFlop/s     (510.9573 GFlop/s per process)    61%    1305.9 sec left
CG set 2912 / 4710    4087.6574 GFlop/s     (510.9572 GFlop/s per process)    61%    1305.1 sec left
CG set 2913 / 4710    4087.6486 GFlop/s     (510.9561 GFlop/s per process)    61%    1304.3 sec left
CG set 2914 / 4710    4087.6390 GFlop/s     (510.9549 GFlop/s per process)    61%    1303.6 sec left
CG set 2915 / 4710    4087.6395 GFlop/s     (510.9549 GFlop/s per process)    61%    1302.8 sec left
CG set 2916 / 4710    4087.6308 GFlop/s     (510.9539 GFlop/s per process)    61%    1302.0 sec left
CG set 2917 / 4710    4087.6263 GFlop/s     (510.9533 GFlop/s per process)    61%    1301.2 sec left
CG set 2918 / 4710    4087.6178 GFlop/s     (510.9522 GFlop/s per process)    61%    1300.4 sec left
CG set 2919 / 4710    4087.6132 GFlop/s     (510.9516 GFlop/s per process)    61%    1299.6 sec left
CG set 2920 / 4710    4087.6055 GFlop/s     (510.9507 GFlop/s per process)    61%    1298.8 sec left
CG set 2921 / 4710    4087.6005 GFlop/s     (510.9501 GFlop/s per process)    62%    1298.0 sec left
CG set 2922 / 4710    4087.5922 GFlop/s     (510.9490 GFlop/s per process)    62%    1297.2 sec left
CG set 2923 / 4710    4087.5821 GFlop/s     (510.9478 GFlop/s per process)    62%    1296.4 sec left
CG set 2924 / 4710    4087.5760 GFlop/s     (510.9470 GFlop/s per process)    62%    1295.6 sec left
CG set 2925 / 4710    4087.5622 GFlop/s     (510.9453 GFlop/s per process)    62%    1294.8 sec left
CG set 2926 / 4710    4087.5554 GFlop/s     (510.9444 GFlop/s per process)    62%    1294.0 sec left
CG set 2927 / 4710    4087.5558 GFlop/s     (510.9445 GFlop/s per process)    62%    1293.3 sec left
CG set 2928 / 4710    4087.5466 GFlop/s     (510.9433 GFlop/s per process)    62%    1292.5 sec left
CG set 2929 / 4710    4087.5400 GFlop/s     (510.9425 GFlop/s per process)    62%    1291.7 sec left
CG set 2930 / 4710    4087.5339 GFlop/s     (510.9417 GFlop/s per process)    62%    1290.9 sec left
CG set 2931 / 4710    4087.5211 GFlop/s     (510.9401 GFlop/s per process)    62%    1290.1 sec left
CG set 2932 / 4710    4087.5090 GFlop/s     (510.9386 GFlop/s per process)    62%    1289.3 sec left
CG set 2933 / 4710    4087.5001 GFlop/s     (510.9375 GFlop/s per process)    62%    1288.5 sec left
CG set 2934 / 4710    4087.4878 GFlop/s     (510.9360 GFlop/s per process)    62%    1287.7 sec left
CG set 2935 / 4710    4087.4762 GFlop/s     (510.9345 GFlop/s per process)    62%    1286.9 sec left
CG set 2936 / 4710    4087.4734 GFlop/s     (510.9342 GFlop/s per process)    62%    1286.1 sec left
CG set 2937 / 4710    4087.4716 GFlop/s     (510.9339 GFlop/s per process)    62%    1285.3 sec left
CG set 2938 / 4710    4087.4664 GFlop/s     (510.9333 GFlop/s per process)    62%    1284.5 sec left
CG set 2939 / 4710    4087.4587 GFlop/s     (510.9323 GFlop/s per process)    62%    1283.7 sec left
CG set 2940 / 4710    4087.4613 GFlop/s     (510.9327 GFlop/s per process)    62%    1283.0 sec left
CG set 2941 / 4710    4087.4589 GFlop/s     (510.9324 GFlop/s per process)    62%    1282.2 sec left
CG set 2942 / 4710    4087.4601 GFlop/s     (510.9325 GFlop/s per process)    62%    1281.4 sec left
CG set 2943 / 4710    4087.4631 GFlop/s     (510.9329 GFlop/s per process)    62%    1280.6 sec left
CG set 2944 / 4710    4087.4595 GFlop/s     (510.9324 GFlop/s per process)    62%    1279.8 sec left
CG set 2945 / 4710    4087.4557 GFlop/s     (510.9320 GFlop/s per process)    62%    1279.0 sec left
CG set 2946 / 4710    4087.4576 GFlop/s     (510.9322 GFlop/s per process)    62%    1278.2 sec left
CG set 2947 / 4710    4087.4547 GFlop/s     (510.9318 GFlop/s per process)    62%    1277.4 sec left
CG set 2948 / 4710    4087.4451 GFlop/s     (510.9306 GFlop/s per process)    62%    1276.6 sec left
CG set 2949 / 4710    4087.4319 GFlop/s     (510.9290 GFlop/s per process)    62%    1275.8 sec left
CG set 2950 / 4710    4087.4175 GFlop/s     (510.9272 GFlop/s per process)    62%    1275.1 sec left
CG set 2951 / 4710    4087.4080 GFlop/s     (510.9260 GFlop/s per process)    62%    1274.3 sec left
CG set 2952 / 4710    4087.4023 GFlop/s     (510.9253 GFlop/s per process)    62%    1273.5 sec left
CG set 2953 / 4710    4087.4009 GFlop/s     (510.9251 GFlop/s per process)    62%    1272.7 sec left
CG set 2954 / 4710    4087.4014 GFlop/s     (510.9252 GFlop/s per process)    62%    1271.9 sec left
CG set 2955 / 4710    4087.3954 GFlop/s     (510.9244 GFlop/s per process)    62%    1271.1 sec left
CG set 2956 / 4710    4087.3879 GFlop/s     (510.9235 GFlop/s per process)    62%    1270.3 sec left
CG set 2957 / 4710    4087.3758 GFlop/s     (510.9220 GFlop/s per process)    62%    1269.5 sec left
CG set 2958 / 4710    4087.3679 GFlop/s     (510.9210 GFlop/s per process)    62%    1268.7 sec left
CG set 2959 / 4710    4087.3677 GFlop/s     (510.9210 GFlop/s per process)    62%    1267.9 sec left
CG set 2960 / 4710    4087.3662 GFlop/s     (510.9208 GFlop/s per process)    62%    1267.1 sec left
CG set 2961 / 4710    4087.3632 GFlop/s     (510.9204 GFlop/s per process)    62%    1266.4 sec left
CG set 2962 / 4710    4087.3535 GFlop/s     (510.9192 GFlop/s per process)    62%    1265.6 sec left
CG set 2963 / 4710    4087.3452 GFlop/s     (510.9181 GFlop/s per process)    62%    1264.8 sec left
CG set 2964 / 4710    4087.3401 GFlop/s     (510.9175 GFlop/s per process)    62%    1264.0 sec left
CG set 2965 / 4710    4087.3378 GFlop/s     (510.9172 GFlop/s per process)    62%    1263.2 sec left
CG set 2966 / 4710    4087.3216 GFlop/s     (510.9152 GFlop/s per process)    62%    1262.4 sec left
CG set 2967 / 4710    4087.3138 GFlop/s     (510.9142 GFlop/s per process)    62%    1261.6 sec left
CG set 2968 / 4710    4087.3141 GFlop/s     (510.9143 GFlop/s per process)    63%    1260.8 sec left
CG set 2969 / 4710    4087.3078 GFlop/s     (510.9135 GFlop/s per process)    63%    1260.0 sec left
CG set 2970 / 4710    4087.2982 GFlop/s     (510.9123 GFlop/s per process)    63%    1259.2 sec left
CG set 2971 / 4710    4087.2956 GFlop/s     (510.9119 GFlop/s per process)    63%    1258.4 sec left
CG set 2972 / 4710    4087.2956 GFlop/s     (510.9119 GFlop/s per process)    63%    1257.6 sec left
CG set 2973 / 4710    4087.2937 GFlop/s     (510.9117 GFlop/s per process)    63%    1256.9 sec left
CG set 2974 / 4710    4087.2916 GFlop/s     (510.9114 GFlop/s per process)    63%    1256.1 sec left
CG set 2975 / 4710    4087.2909 GFlop/s     (510.9114 GFlop/s per process)    63%    1255.3 sec left
CG set 2976 / 4710    4087.2844 GFlop/s     (510.9105 GFlop/s per process)    63%    1254.5 sec left
CG set 2977 / 4710    4087.2833 GFlop/s     (510.9104 GFlop/s per process)    63%    1253.7 sec left
CG set 2978 / 4710    4087.2874 GFlop/s     (510.9109 GFlop/s per process)    63%    1252.9 sec left
CG set 2979 / 4710    4087.2800 GFlop/s     (510.9100 GFlop/s per process)    63%    1252.1 sec left
CG set 2980 / 4710    4087.2694 GFlop/s     (510.9087 GFlop/s per process)    63%    1251.3 sec left
CG set 2981 / 4710    4087.2667 GFlop/s     (510.9083 GFlop/s per process)    63%    1250.5 sec left
CG set 2982 / 4710    4087.2632 GFlop/s     (510.9079 GFlop/s per process)    63%    1249.7 sec left
CG set 2983 / 4710    4087.2600 GFlop/s     (510.9075 GFlop/s per process)    63%    1249.0 sec left
CG set 2984 / 4710    4087.2597 GFlop/s     (510.9075 GFlop/s per process)    63%    1248.2 sec left
CG set 2985 / 4710    4087.2558 GFlop/s     (510.9070 GFlop/s per process)    63%    1247.4 sec left
CG set 2986 / 4710    4087.2512 GFlop/s     (510.9064 GFlop/s per process)    63%    1246.6 sec left
CG set 2987 / 4710    4087.2430 GFlop/s     (510.9054 GFlop/s per process)    63%    1245.8 sec left
CG set 2988 / 4710    4087.2392 GFlop/s     (510.9049 GFlop/s per process)    63%    1245.0 sec left
CG set 2989 / 4710    4087.2313 GFlop/s     (510.9039 GFlop/s per process)    63%    1244.2 sec left
CG set 2990 / 4710    4087.2295 GFlop/s     (510.9037 GFlop/s per process)    63%    1243.4 sec left
CG set 2991 / 4710    4087.2286 GFlop/s     (510.9036 GFlop/s per process)    63%    1242.6 sec left
CG set 2992 / 4710    4087.2247 GFlop/s     (510.9031 GFlop/s per process)    63%    1241.8 sec left
CG set 2993 / 4710    4087.2214 GFlop/s     (510.9027 GFlop/s per process)    63%    1241.0 sec left
CG set 2994 / 4710    4087.2073 GFlop/s     (510.9009 GFlop/s per process)    63%    1240.3 sec left
CG set 2995 / 4710    4087.1947 GFlop/s     (510.8993 GFlop/s per process)    63%    1239.5 sec left
CG set 2996 / 4710    4087.1849 GFlop/s     (510.8981 GFlop/s per process)    63%    1238.7 sec left
CG set 2997 / 4710    4087.1818 GFlop/s     (510.8977 GFlop/s per process)    63%    1237.9 sec left
CG set 2998 / 4710    4087.1714 GFlop/s     (510.8964 GFlop/s per process)    63%    1237.1 sec left
CG set 2999 / 4710    4087.1661 GFlop/s     (510.8958 GFlop/s per process)    63%    1236.3 sec left
CG set 3000 / 4710    4087.1559 GFlop/s     (510.8945 GFlop/s per process)    63%    1235.5 sec left
CG set 3001 / 4710    4087.1540 GFlop/s     (510.8943 GFlop/s per process)    63%    1234.7 sec left
CG set 3002 / 4710    4087.1452 GFlop/s     (510.8932 GFlop/s per process)    63%    1233.9 sec left
CG set 3003 / 4710    4087.1430 GFlop/s     (510.8929 GFlop/s per process)    63%    1233.1 sec left
CG set 3004 / 4710    4087.1420 GFlop/s     (510.8927 GFlop/s per process)    63%    1232.3 sec left
CG set 3005 / 4710    4087.1413 GFlop/s     (510.8927 GFlop/s per process)    63%    1231.5 sec left
CG set 3006 / 4710    4087.1398 GFlop/s     (510.8925 GFlop/s per process)    63%    1230.8 sec left
CG set 3007 / 4710    4087.1401 GFlop/s     (510.8925 GFlop/s per process)    63%    1230.0 sec left
CG set 3008 / 4710    4087.1327 GFlop/s     (510.8916 GFlop/s per process)    63%    1229.2 sec left
CG set 3009 / 4710    4087.1283 GFlop/s     (510.8910 GFlop/s per process)    63%    1228.4 sec left
CG set 3010 / 4710    4087.1218 GFlop/s     (510.8902 GFlop/s per process)    63%    1227.6 sec left
CG set 3011 / 4710    4087.1109 GFlop/s     (510.8889 GFlop/s per process)    63%    1226.8 sec left
CG set 3012 / 4710    4087.1028 GFlop/s     (510.8879 GFlop/s per process)    63%    1226.0 sec left
CG set 3013 / 4710    4087.0973 GFlop/s     (510.8872 GFlop/s per process)    63%    1225.2 sec left
CG set 3014 / 4710    4087.0909 GFlop/s     (510.8864 GFlop/s per process)    63%    1224.4 sec left
CG set 3015 / 4710    4087.0867 GFlop/s     (510.8858 GFlop/s per process)    64%    1223.6 sec left
CG set 3016 / 4710    4087.0817 GFlop/s     (510.8852 GFlop/s per process)    64%    1222.8 sec left
CG set 3017 / 4710    4087.0859 GFlop/s     (510.8857 GFlop/s per process)    64%    1222.1 sec left
CG set 3018 / 4710    4087.0848 GFlop/s     (510.8856 GFlop/s per process)    64%    1221.3 sec left
CG set 3019 / 4710    4087.0773 GFlop/s     (510.8847 GFlop/s per process)    64%    1220.5 sec left
CG set 3020 / 4710    4087.0669 GFlop/s     (510.8834 GFlop/s per process)    64%    1219.7 sec left
CG set 3021 / 4710    4087.0578 GFlop/s     (510.8822 GFlop/s per process)    64%    1218.9 sec left
CG set 3022 / 4710    4087.0506 GFlop/s     (510.8813 GFlop/s per process)    64%    1218.1 sec left
CG set 3023 / 4710    4087.0460 GFlop/s     (510.8808 GFlop/s per process)    64%    1217.3 sec left
CG set 3024 / 4710    4087.0494 GFlop/s     (510.8812 GFlop/s per process)    64%    1216.5 sec left
CG set 3025 / 4710    4087.0446 GFlop/s     (510.8806 GFlop/s per process)    64%    1215.7 sec left
CG set 3026 / 4710    4087.0351 GFlop/s     (510.8794 GFlop/s per process)    64%    1214.9 sec left
CG set 3027 / 4710    4087.0260 GFlop/s     (510.8783 GFlop/s per process)    64%    1214.1 sec left
CG set 3028 / 4710    4087.0208 GFlop/s     (510.8776 GFlop/s per process)    64%    1213.3 sec left
CG set 3029 / 4710    4087.0101 GFlop/s     (510.8763 GFlop/s per process)    64%    1212.5 sec left
CG set 3030 / 4710    4087.0021 GFlop/s     (510.8753 GFlop/s per process)    64%    1211.8 sec left
CG set 3031 / 4710    4087.0008 GFlop/s     (510.8751 GFlop/s per process)    64%    1211.0 sec left
CG set 3032 / 4710    4086.9961 GFlop/s     (510.8745 GFlop/s per process)    64%    1210.2 sec left
CG set 3033 / 4710    4086.9945 GFlop/s     (510.8743 GFlop/s per process)    64%    1209.4 sec left
CG set 3034 / 4710    4086.9894 GFlop/s     (510.8737 GFlop/s per process)    64%    1208.6 sec left
CG set 3035 / 4710    4086.9874 GFlop/s     (510.8734 GFlop/s per process)    64%    1207.8 sec left
CG set 3036 / 4710    4086.9859 GFlop/s     (510.8732 GFlop/s per process)    64%    1207.0 sec left
CG set 3037 / 4710    4086.9825 GFlop/s     (510.8728 GFlop/s per process)    64%    1206.2 sec left
CG set 3038 / 4710    4086.9816 GFlop/s     (510.8727 GFlop/s per process)    64%    1205.4 sec left
CG set 3039 / 4710    4086.9753 GFlop/s     (510.8719 GFlop/s per process)    64%    1204.6 sec left
CG set 3040 / 4710    4086.9708 GFlop/s     (510.8714 GFlop/s per process)    64%    1203.9 sec left
CG set 3041 / 4710    4086.9663 GFlop/s     (510.8708 GFlop/s per process)    64%    1203.1 sec left
CG set 3042 / 4710    4086.9628 GFlop/s     (510.8703 GFlop/s per process)    64%    1202.3 sec left
CG set 3043 / 4710    4086.9528 GFlop/s     (510.8691 GFlop/s per process)    64%    1201.5 sec left
CG set 3044 / 4710    4086.9397 GFlop/s     (510.8675 GFlop/s per process)    64%    1200.7 sec left
CG set 3045 / 4710    4086.9281 GFlop/s     (510.8660 GFlop/s per process)    64%    1199.9 sec left
CG set 3046 / 4710    4086.9275 GFlop/s     (510.8659 GFlop/s per process)    64%    1199.1 sec left
CG set 3047 / 4710    4086.9251 GFlop/s     (510.8656 GFlop/s per process)    64%    1198.3 sec left
CG set 3048 / 4710    4086.9236 GFlop/s     (510.8654 GFlop/s per process)    64%    1197.5 sec left
CG set 3049 / 4710    4086.9183 GFlop/s     (510.8648 GFlop/s per process)    64%    1196.7 sec left
CG set 3050 / 4710    4086.9117 GFlop/s     (510.8640 GFlop/s per process)    64%    1195.9 sec left
CG set 3051 / 4710    4086.8992 GFlop/s     (510.8624 GFlop/s per process)    64%    1195.1 sec left
CG set 3052 / 4710    4086.8915 GFlop/s     (510.8614 GFlop/s per process)    64%    1194.3 sec left
CG set 3053 / 4710    4086.8801 GFlop/s     (510.8600 GFlop/s per process)    64%    1193.6 sec left
CG set 3054 / 4710    4086.8771 GFlop/s     (510.8596 GFlop/s per process)    64%    1192.8 sec left
CG set 3055 / 4710    4086.8673 GFlop/s     (510.8584 GFlop/s per process)    64%    1192.0 sec left
CG set 3056 / 4710    4086.8622 GFlop/s     (510.8578 GFlop/s per process)    64%    1191.2 sec left
CG set 3057 / 4710    4086.8516 GFlop/s     (510.8564 GFlop/s per process)    64%    1190.4 sec left
CG set 3058 / 4710    4086.8431 GFlop/s     (510.8554 GFlop/s per process)    64%    1189.6 sec left
CG set 3059 / 4710    4086.8286 GFlop/s     (510.8536 GFlop/s per process)    64%    1188.8 sec left
CG set 3060 / 4710    4086.8197 GFlop/s     (510.8525 GFlop/s per process)    64%    1188.0 sec left
CG set 3061 / 4710    4086.8124 GFlop/s     (510.8516 GFlop/s per process)    64%    1187.2 sec left
CG set 3062 / 4710    4086.7982 GFlop/s     (510.8498 GFlop/s per process)    65%    1186.4 sec left
CG set 3063 / 4710    4086.7943 GFlop/s     (510.8493 GFlop/s per process)    65%    1185.6 sec left
CG set 3064 / 4710    4086.7899 GFlop/s     (510.8487 GFlop/s per process)    65%    1184.8 sec left
CG set 3065 / 4710    4086.7804 GFlop/s     (510.8476 GFlop/s per process)    65%    1184.0 sec left
CG set 3066 / 4710    4086.7845 GFlop/s     (510.8481 GFlop/s per process)    65%    1183.2 sec left
CG set 3067 / 4710    4086.7828 GFlop/s     (510.8478 GFlop/s per process)    65%    1182.5 sec left
CG set 3068 / 4710    4086.7776 GFlop/s     (510.8472 GFlop/s per process)    65%    1181.7 sec left
CG set 3069 / 4710    4086.7785 GFlop/s     (510.8473 GFlop/s per process)    65%    1180.9 sec left
CG set 3070 / 4710    4086.7790 GFlop/s     (510.8474 GFlop/s per process)    65%    1180.1 sec left
CG set 3071 / 4710    4086.7735 GFlop/s     (510.8467 GFlop/s per process)    65%    1179.3 sec left
CG set 3072 / 4710    4086.7667 GFlop/s     (510.8458 GFlop/s per process)    65%    1178.5 sec left
CG set 3073 / 4710    4086.7677 GFlop/s     (510.8460 GFlop/s per process)    65%    1177.7 sec left
CG set 3074 / 4710    4086.7584 GFlop/s     (510.8448 GFlop/s per process)    65%    1176.9 sec left
CG set 3075 / 4710    4086.7482 GFlop/s     (510.8435 GFlop/s per process)    65%    1176.1 sec left
CG set 3076 / 4710    4086.7386 GFlop/s     (510.8423 GFlop/s per process)    65%    1175.3 sec left
CG set 3077 / 4710    4086.7338 GFlop/s     (510.8417 GFlop/s per process)    65%    1174.5 sec left
CG set 3078 / 4710    4086.7317 GFlop/s     (510.8415 GFlop/s per process)    65%    1173.8 sec left
CG set 3079 / 4710    4086.7329 GFlop/s     (510.8416 GFlop/s per process)    65%    1173.0 sec left
CG set 3080 / 4710    4086.7302 GFlop/s     (510.8413 GFlop/s per process)    65%    1172.2 sec left
CG set 3081 / 4710    4086.7210 GFlop/s     (510.8401 GFlop/s per process)    65%    1171.4 sec left
CG set 3082 / 4710    4086.7100 GFlop/s     (510.8388 GFlop/s per process)    65%    1170.6 sec left
CG set 3083 / 4710    4086.6984 GFlop/s     (510.8373 GFlop/s per process)    65%    1169.8 sec left
CG set 3084 / 4710    4086.6918 GFlop/s     (510.8365 GFlop/s per process)    65%    1169.0 sec left
CG set 3085 / 4710    4086.6879 GFlop/s     (510.8360 GFlop/s per process)    65%    1168.2 sec left
CG set 3086 / 4710    4086.6809 GFlop/s     (510.8351 GFlop/s per process)    65%    1167.4 sec left
CG set 3087 / 4710    4086.6796 GFlop/s     (510.8349 GFlop/s per process)    65%    1166.6 sec left
CG set 3088 / 4710    4086.6745 GFlop/s     (510.8343 GFlop/s per process)    65%    1165.8 sec left
CG set 3089 / 4710    4086.6616 GFlop/s     (510.8327 GFlop/s per process)    65%    1165.0 sec left
CG set 3090 / 4710    4086.6475 GFlop/s     (510.8309 GFlop/s per process)    65%    1164.2 sec left
CG set 3091 / 4710    4086.6395 GFlop/s     (510.8299 GFlop/s per process)    65%    1163.5 sec left
CG set 3092 / 4710    4086.6294 GFlop/s     (510.8287 GFlop/s per process)    65%    1162.7 sec left
CG set 3093 / 4710    4086.6200 GFlop/s     (510.8275 GFlop/s per process)    65%    1161.9 sec left
CG set 3094 / 4710    4086.6100 GFlop/s     (510.8263 GFlop/s per process)    65%    1161.1 sec left
CG set 3095 / 4710    4086.6109 GFlop/s     (510.8264 GFlop/s per process)    65%    1160.3 sec left
CG set 3096 / 4710    4086.6027 GFlop/s     (510.8253 GFlop/s per process)    65%    1159.5 sec left
CG set 3097 / 4710    4086.5972 GFlop/s     (510.8246 GFlop/s per process)    65%    1158.7 sec left
CG set 3098 / 4710    4086.5929 GFlop/s     (510.8241 GFlop/s per process)    65%    1157.9 sec left
CG set 3099 / 4710    4086.5906 GFlop/s     (510.8238 GFlop/s per process)    65%    1157.1 sec left
CG set 3100 / 4710    4086.5919 GFlop/s     (510.8240 GFlop/s per process)    65%    1156.3 sec left
CG set 3101 / 4710    4086.5889 GFlop/s     (510.8236 GFlop/s per process)    65%    1155.5 sec left
CG set 3102 / 4710    4086.5897 GFlop/s     (510.8237 GFlop/s per process)    65%    1154.8 sec left
CG set 3103 / 4710    4086.5830 GFlop/s     (510.8229 GFlop/s per process)    65%    1154.0 sec left
CG set 3104 / 4710    4086.5779 GFlop/s     (510.8222 GFlop/s per process)    65%    1153.2 sec left
CG set 3105 / 4710    4086.5796 GFlop/s     (510.8225 GFlop/s per process)    65%    1152.4 sec left
CG set 3106 / 4710    4086.5627 GFlop/s     (510.8203 GFlop/s per process)    65%    1151.6 sec left
CG set 3107 / 4710    4086.5562 GFlop/s     (510.8195 GFlop/s per process)    65%    1150.8 sec left
CG set 3108 / 4710    4086.5514 GFlop/s     (510.8189 GFlop/s per process)    65%    1150.0 sec left
CG set 3109 / 4710    4086.5462 GFlop/s     (510.8183 GFlop/s per process)    66%    1149.2 sec left
CG set 3110 / 4710    4086.5432 GFlop/s     (510.8179 GFlop/s per process)    66%    1148.4 sec left
CG set 3111 / 4710    4086.5444 GFlop/s     (510.8180 GFlop/s per process)    66%    1147.6 sec left
CG set 3112 / 4710    4086.5405 GFlop/s     (510.8176 GFlop/s per process)    66%    1146.8 sec left
CG set 3113 / 4710    4086.5265 GFlop/s     (510.8158 GFlop/s per process)    66%    1146.0 sec left
CG set 3114 / 4710    4086.5135 GFlop/s     (510.8142 GFlop/s per process)    66%    1145.2 sec left
CG set 3115 / 4710    4086.5027 GFlop/s     (510.8128 GFlop/s per process)    66%    1144.5 sec left
CG set 3116 / 4710    4086.4987 GFlop/s     (510.8123 GFlop/s per process)    66%    1143.7 sec left
CG set 3117 / 4710    4086.4894 GFlop/s     (510.8112 GFlop/s per process)    66%    1142.9 sec left
CG set 3118 / 4710    4086.4831 GFlop/s     (510.8104 GFlop/s per process)    66%    1142.1 sec left
CG set 3119 / 4710    4086.4809 GFlop/s     (510.8101 GFlop/s per process)    66%    1141.3 sec left
CG set 3120 / 4710    4086.4728 GFlop/s     (510.8091 GFlop/s per process)    66%    1140.5 sec left
CG set 3121 / 4710    4086.4609 GFlop/s     (510.8076 GFlop/s per process)    66%    1139.7 sec left
CG set 3122 / 4710    4086.4515 GFlop/s     (510.8064 GFlop/s per process)    66%    1138.9 sec left
CG set 3123 / 4710    4086.4425 GFlop/s     (510.8053 GFlop/s per process)    66%    1138.1 sec left
CG set 3124 / 4710    4086.4299 GFlop/s     (510.8037 GFlop/s per process)    66%    1137.3 sec left
CG set 3125 / 4710    4086.4210 GFlop/s     (510.8026 GFlop/s per process)    66%    1136.5 sec left
CG set 3126 / 4710    4086.4164 GFlop/s     (510.8020 GFlop/s per process)    66%    1135.7 sec left
CG set 3127 / 4710    4086.4102 GFlop/s     (510.8013 GFlop/s per process)    66%    1134.9 sec left
CG set 3128 / 4710    4086.4021 GFlop/s     (510.8003 GFlop/s per process)    66%    1134.1 sec left
CG set 3129 / 4710    4086.3941 GFlop/s     (510.7993 GFlop/s per process)    66%    1133.3 sec left
CG set 3130 / 4710    4086.3959 GFlop/s     (510.7995 GFlop/s per process)    66%    1132.6 sec left
CG set 3131 / 4710    4086.3949 GFlop/s     (510.7994 GFlop/s per process)    66%    1131.8 sec left
CG set 3132 / 4710    4086.3931 GFlop/s     (510.7991 GFlop/s per process)    66%    1131.0 sec left
CG set 3133 / 4710    4086.3967 GFlop/s     (510.7996 GFlop/s per process)    66%    1130.2 sec left
CG set 3134 / 4710    4086.3992 GFlop/s     (510.7999 GFlop/s per process)    66%    1129.4 sec left
CG set 3135 / 4710    4086.3989 GFlop/s     (510.7999 GFlop/s per process)    66%    1128.6 sec left
CG set 3136 / 4710    4086.3945 GFlop/s     (510.7993 GFlop/s per process)    66%    1127.8 sec left
CG set 3137 / 4710    4086.3933 GFlop/s     (510.7992 GFlop/s per process)    66%    1127.0 sec left
CG set 3138 / 4710    4086.3800 GFlop/s     (510.7975 GFlop/s per process)    66%    1126.2 sec left
CG set 3139 / 4710    4086.3708 GFlop/s     (510.7963 GFlop/s per process)    66%    1125.5 sec left
CG set 3140 / 4710    4086.3667 GFlop/s     (510.7958 GFlop/s per process)    66%    1124.7 sec left
CG set 3141 / 4710    4086.3610 GFlop/s     (510.7951 GFlop/s per process)    66%    1123.9 sec left
CG set 3142 / 4710    4086.3589 GFlop/s     (510.7949 GFlop/s per process)    66%    1123.1 sec left
CG set 3143 / 4710    4086.3601 GFlop/s     (510.7950 GFlop/s per process)    66%    1122.3 sec left
CG set 3144 / 4710    4086.3589 GFlop/s     (510.7949 GFlop/s per process)    66%    1121.5 sec left
CG set 3145 / 4710    4086.3514 GFlop/s     (510.7939 GFlop/s per process)    66%    1120.7 sec left
CG set 3146 / 4710    4086.3424 GFlop/s     (510.7928 GFlop/s per process)    66%    1119.9 sec left
CG set 3147 / 4710    4086.3342 GFlop/s     (510.7918 GFlop/s per process)    66%    1119.1 sec left
CG set 3148 / 4710    4086.3322 GFlop/s     (510.7915 GFlop/s per process)    66%    1118.3 sec left
CG set 3149 / 4710    4086.3351 GFlop/s     (510.7919 GFlop/s per process)    66%    1117.5 sec left
CG set 3150 / 4710    4086.3332 GFlop/s     (510.7917 GFlop/s per process)    66%    1116.8 sec left
CG set 3151 / 4710    4086.3359 GFlop/s     (510.7920 GFlop/s per process)    66%    1116.0 sec left
CG set 3152 / 4710    4086.3249 GFlop/s     (510.7906 GFlop/s per process)    66%    1115.2 sec left
CG set 3153 / 4710    4086.3140 GFlop/s     (510.7893 GFlop/s per process)    66%    1114.4 sec left
CG set 3154 / 4710    4086.3008 GFlop/s     (510.7876 GFlop/s per process)    66%    1113.6 sec left
CG set 3155 / 4710    4086.2902 GFlop/s     (510.7863 GFlop/s per process)    66%    1112.8 sec left
CG set 3156 / 4710    4086.2825 GFlop/s     (510.7853 GFlop/s per process)    67%    1112.0 sec left
CG set 3157 / 4710    4086.2735 GFlop/s     (510.7842 GFlop/s per process)    67%    1111.2 sec left
CG set 3158 / 4710    4086.2647 GFlop/s     (510.7831 GFlop/s per process)    67%    1110.4 sec left
CG set 3159 / 4710    4086.2600 GFlop/s     (510.7825 GFlop/s per process)    67%    1109.6 sec left
CG set 3160 / 4710    4086.2503 GFlop/s     (510.7813 GFlop/s per process)    67%    1108.8 sec left
CG set 3161 / 4710    4086.2436 GFlop/s     (510.7804 GFlop/s per process)    67%    1108.0 sec left
CG set 3162 / 4710    4086.2396 GFlop/s     (510.7799 GFlop/s per process)    67%    1107.2 sec left
CG set 3163 / 4710    4086.2434 GFlop/s     (510.7804 GFlop/s per process)    67%    1106.5 sec left
CG set 3164 / 4710    4086.2461 GFlop/s     (510.7808 GFlop/s per process)    67%    1105.7 sec left
CG set 3165 / 4710    4086.2458 GFlop/s     (510.7807 GFlop/s per process)    67%    1104.9 sec left
CG set 3166 / 4710    4086.2435 GFlop/s     (510.7804 GFlop/s per process)    67%    1104.1 sec left
CG set 3167 / 4710    4086.2409 GFlop/s     (510.7801 GFlop/s per process)    67%    1103.3 sec left
CG set 3168 / 4710    4086.2400 GFlop/s     (510.7800 GFlop/s per process)    67%    1102.5 sec left
CG set 3169 / 4710    4086.2303 GFlop/s     (510.7788 GFlop/s per process)    67%    1101.7 sec left
CG set 3170 / 4710    4086.2165 GFlop/s     (510.7771 GFlop/s per process)    67%    1100.9 sec left
CG set 3171 / 4710    4086.2106 GFlop/s     (510.7763 GFlop/s per process)    67%    1100.1 sec left
CG set 3172 / 4710    4086.2017 GFlop/s     (510.7752 GFlop/s per process)    67%    1099.3 sec left
CG set 3173 / 4710    4086.1979 GFlop/s     (510.7747 GFlop/s per process)    67%    1098.5 sec left
CG set 3174 / 4710    4086.1965 GFlop/s     (510.7746 GFlop/s per process)    67%    1097.8 sec left
CG set 3175 / 4710    4086.1962 GFlop/s     (510.7745 GFlop/s per process)    67%    1097.0 sec left
CG set 3176 / 4710    4086.1910 GFlop/s     (510.7739 GFlop/s per process)    67%    1096.2 sec left
CG set 3177 / 4710    4086.1881 GFlop/s     (510.7735 GFlop/s per process)    67%    1095.4 sec left
CG set 3178 / 4710    4086.1821 GFlop/s     (510.7728 GFlop/s per process)    67%    1094.6 sec left
CG set 3179 / 4710    4086.1755 GFlop/s     (510.7719 GFlop/s per process)    67%    1093.8 sec left
CG set 3180 / 4710    4086.1755 GFlop/s     (510.7719 GFlop/s per process)    67%    1093.0 sec left
CG set 3181 / 4710    4086.1761 GFlop/s     (510.7720 GFlop/s per process)    67%    1092.2 sec left
CG set 3182 / 4710    4086.1777 GFlop/s     (510.7722 GFlop/s per process)    67%    1091.4 sec left
CG set 3183 / 4710    4086.1756 GFlop/s     (510.7720 GFlop/s per process)    67%    1090.6 sec left
CG set 3184 / 4710    4086.1695 GFlop/s     (510.7712 GFlop/s per process)    67%    1089.9 sec left
CG set 3185 / 4710    4086.1638 GFlop/s     (510.7705 GFlop/s per process)    67%    1089.1 sec left
CG set 3186 / 4710    4086.1646 GFlop/s     (510.7706 GFlop/s per process)    67%    1088.3 sec left
CG set 3187 / 4710    4086.1648 GFlop/s     (510.7706 GFlop/s per process)    67%    1087.5 sec left
CG set 3188 / 4710    4086.1640 GFlop/s     (510.7705 GFlop/s per process)    67%    1086.7 sec left
CG set 3189 / 4710    4086.1650 GFlop/s     (510.7706 GFlop/s per process)    67%    1085.9 sec left
CG set 3190 / 4710    4086.1660 GFlop/s     (510.7708 GFlop/s per process)    67%    1085.1 sec left
CG set 3191 / 4710    4086.1666 GFlop/s     (510.7708 GFlop/s per process)    67%    1084.3 sec left
CG set 3192 / 4710    4086.1618 GFlop/s     (510.7702 GFlop/s per process)    67%    1083.5 sec left
CG set 3193 / 4710    4086.1631 GFlop/s     (510.7704 GFlop/s per process)    67%    1082.8 sec left
CG set 3194 / 4710    4086.1693 GFlop/s     (510.7712 GFlop/s per process)    67%    1082.0 sec left
CG set 3195 / 4710    4086.1698 GFlop/s     (510.7712 GFlop/s per process)    67%    1081.2 sec left
CG set 3196 / 4710    4086.1693 GFlop/s     (510.7712 GFlop/s per process)    67%    1080.4 sec left
CG set 3197 / 4710    4086.1733 GFlop/s     (510.7717 GFlop/s per process)    67%    1079.6 sec left
CG set 3198 / 4710    4086.1758 GFlop/s     (510.7720 GFlop/s per process)    67%    1078.8 sec left
CG set 3199 / 4710    4086.1763 GFlop/s     (510.7720 GFlop/s per process)    67%    1078.0 sec left
CG set 3200 / 4710    4086.1796 GFlop/s     (510.7725 GFlop/s per process)    67%    1077.2 sec left
CG set 3201 / 4710    4086.1723 GFlop/s     (510.7715 GFlop/s per process)    67%    1076.5 sec left
CG set 3202 / 4710    4086.1683 GFlop/s     (510.7710 GFlop/s per process)    67%    1075.7 sec left
CG set 3203 / 4710    4086.1712 GFlop/s     (510.7714 GFlop/s per process)    68%    1074.9 sec left
CG set 3204 / 4710    4086.1734 GFlop/s     (510.7717 GFlop/s per process)    68%    1074.1 sec left
CG set 3205 / 4710    4086.1714 GFlop/s     (510.7714 GFlop/s per process)    68%    1073.3 sec left
CG set 3206 / 4710    4086.1774 GFlop/s     (510.7722 GFlop/s per process)    68%    1072.5 sec left
CG set 3207 / 4710    4086.1791 GFlop/s     (510.7724 GFlop/s per process)    68%    1071.7 sec left
CG set 3208 / 4710    4086.1786 GFlop/s     (510.7723 GFlop/s per process)    68%    1070.9 sec left
CG set 3209 / 4710    4086.1777 GFlop/s     (510.7722 GFlop/s per process)    68%    1070.1 sec left
CG set 3210 / 4710    4086.1731 GFlop/s     (510.7716 GFlop/s per process)    68%    1069.4 sec left
CG set 3211 / 4710    4086.1725 GFlop/s     (510.7716 GFlop/s per process)    68%    1068.6 sec left
CG set 3212 / 4710    4086.1697 GFlop/s     (510.7712 GFlop/s per process)    68%    1067.8 sec left
CG set 3213 / 4710    4086.1703 GFlop/s     (510.7713 GFlop/s per process)    68%    1067.0 sec left
CG set 3214 / 4710    4086.1745 GFlop/s     (510.7718 GFlop/s per process)    68%    1066.2 sec left
CG set 3215 / 4710    4086.1716 GFlop/s     (510.7714 GFlop/s per process)    68%    1065.4 sec left
CG set 3216 / 4710    4086.1689 GFlop/s     (510.7711 GFlop/s per process)    68%    1064.6 sec left
CG set 3217 / 4710    4086.1657 GFlop/s     (510.7707 GFlop/s per process)    68%    1063.8 sec left
CG set 3218 / 4710    4086.1618 GFlop/s     (510.7702 GFlop/s per process)    68%    1063.0 sec left
CG set 3219 / 4710    4086.1605 GFlop/s     (510.7701 GFlop/s per process)    68%    1062.3 sec left
CG set 3220 / 4710    4086.1606 GFlop/s     (510.7701 GFlop/s per process)    68%    1061.5 sec left
CG set 3221 / 4710    4086.1624 GFlop/s     (510.7703 GFlop/s per process)    68%    1060.7 sec left
CG set 3222 / 4710    4086.1642 GFlop/s     (510.7705 GFlop/s per process)    68%    1059.9 sec left
CG set 3223 / 4710    4086.1637 GFlop/s     (510.7705 GFlop/s per process)    68%    1059.1 sec left
CG set 3224 / 4710    4086.1640 GFlop/s     (510.7705 GFlop/s per process)    68%    1058.3 sec left
CG set 3225 / 4710    4086.1722 GFlop/s     (510.7715 GFlop/s per process)    68%    1057.5 sec left
CG set 3226 / 4710    4086.1800 GFlop/s     (510.7725 GFlop/s per process)    68%    1056.7 sec left
CG set 3227 / 4710    4086.1826 GFlop/s     (510.7728 GFlop/s per process)    68%    1056.0 sec left
CG set 3228 / 4710    4086.1850 GFlop/s     (510.7731 GFlop/s per process)    68%    1055.2 sec left
CG set 3229 / 4710    4086.1843 GFlop/s     (510.7730 GFlop/s per process)    68%    1054.4 sec left
CG set 3230 / 4710    4086.1851 GFlop/s     (510.7731 GFlop/s per process)    68%    1053.6 sec left
CG set 3231 / 4710    4086.1902 GFlop/s     (510.7738 GFlop/s per process)    68%    1052.8 sec left
CG set 3232 / 4710    4086.1905 GFlop/s     (510.7738 GFlop/s per process)    68%    1052.0 sec left
CG set 3233 / 4710    4086.1860 GFlop/s     (510.7732 GFlop/s per process)    68%    1051.2 sec left
CG set 3234 / 4710    4086.1848 GFlop/s     (510.7731 GFlop/s per process)    68%    1050.4 sec left
CG set 3235 / 4710    4086.1814 GFlop/s     (510.7727 GFlop/s per process)    68%    1049.7 sec left
CG set 3236 / 4710    4086.1885 GFlop/s     (510.7736 GFlop/s per process)    68%    1048.9 sec left
CG set 3237 / 4710    4086.1904 GFlop/s     (510.7738 GFlop/s per process)    68%    1048.1 sec left
CG set 3238 / 4710    4086.1919 GFlop/s     (510.7740 GFlop/s per process)    68%    1047.3 sec left
CG set 3239 / 4710    4086.1891 GFlop/s     (510.7736 GFlop/s per process)    68%    1046.5 sec left
CG set 3240 / 4710    4086.1861 GFlop/s     (510.7733 GFlop/s per process)    68%    1045.7 sec left
CG set 3241 / 4710    4086.1831 GFlop/s     (510.7729 GFlop/s per process)    68%    1044.9 sec left
CG set 3242 / 4710    4086.1768 GFlop/s     (510.7721 GFlop/s per process)    68%    1044.1 sec left
CG set 3243 / 4710    4086.1733 GFlop/s     (510.7717 GFlop/s per process)    68%    1043.3 sec left
CG set 3244 / 4710    4086.1781 GFlop/s     (510.7723 GFlop/s per process)    68%    1042.6 sec left
CG set 3245 / 4710    4086.1781 GFlop/s     (510.7723 GFlop/s per process)    68%    1041.8 sec left
CG set 3246 / 4710    4086.1798 GFlop/s     (510.7725 GFlop/s per process)    68%    1041.0 sec left
CG set 3247 / 4710    4086.1777 GFlop/s     (510.7722 GFlop/s per process)    68%    1040.2 sec left
CG set 3248 / 4710    4086.1742 GFlop/s     (510.7718 GFlop/s per process)    68%    1039.4 sec left
CG set 3249 / 4710    4086.1692 GFlop/s     (510.7712 GFlop/s per process)    68%    1038.6 sec left
CG set 3250 / 4710    4086.1664 GFlop/s     (510.7708 GFlop/s per process)    69%    1037.8 sec left
CG set 3251 / 4710    4086.1667 GFlop/s     (510.7708 GFlop/s per process)    69%    1037.0 sec left
CG set 3252 / 4710    4086.1627 GFlop/s     (510.7703 GFlop/s per process)    69%    1036.2 sec left
CG set 3253 / 4710    4086.1666 GFlop/s     (510.7708 GFlop/s per process)    69%    1035.5 sec left
CG set 3254 / 4710    4086.1658 GFlop/s     (510.7707 GFlop/s per process)    69%    1034.7 sec left
CG set 3255 / 4710    4086.1647 GFlop/s     (510.7706 GFlop/s per process)    69%    1033.9 sec left
CG set 3256 / 4710    4086.1629 GFlop/s     (510.7704 GFlop/s per process)    69%    1033.1 sec left
CG set 3257 / 4710    4086.1681 GFlop/s     (510.7710 GFlop/s per process)    69%    1032.3 sec left
CG set 3258 / 4710    4086.1723 GFlop/s     (510.7715 GFlop/s per process)    69%    1031.5 sec left
CG set 3259 / 4710    4086.1770 GFlop/s     (510.7721 GFlop/s per process)    69%    1030.7 sec left
CG set 3260 / 4710    4086.1849 GFlop/s     (510.7731 GFlop/s per process)    69%    1029.9 sec left
CG set 3261 / 4710    4086.1830 GFlop/s     (510.7729 GFlop/s per process)    69%    1029.2 sec left
CG set 3262 / 4710    4086.1828 GFlop/s     (510.7729 GFlop/s per process)    69%    1028.4 sec left
CG set 3263 / 4710    4086.1834 GFlop/s     (510.7729 GFlop/s per process)    69%    1027.6 sec left
CG set 3264 / 4710    4086.1771 GFlop/s     (510.7721 GFlop/s per process)    69%    1026.8 sec left
CG set 3265 / 4710    4086.1676 GFlop/s     (510.7710 GFlop/s per process)    69%    1026.0 sec left
CG set 3266 / 4710    4086.1651 GFlop/s     (510.7706 GFlop/s per process)    69%    1025.2 sec left
CG set 3267 / 4710    4086.1669 GFlop/s     (510.7709 GFlop/s per process)    69%    1024.4 sec left
CG set 3268 / 4710    4086.1655 GFlop/s     (510.7707 GFlop/s per process)    69%    1023.6 sec left
CG set 3269 / 4710    4086.1675 GFlop/s     (510.7709 GFlop/s per process)    69%    1022.8 sec left
CG set 3270 / 4710    4086.1671 GFlop/s     (510.7709 GFlop/s per process)    69%    1022.1 sec left
CG set 3271 / 4710    4086.1701 GFlop/s     (510.7713 GFlop/s per process)    69%    1021.3 sec left
CG set 3272 / 4710    4086.1659 GFlop/s     (510.7707 GFlop/s per process)    69%    1020.5 sec left
CG set 3273 / 4710    4086.1608 GFlop/s     (510.7701 GFlop/s per process)    69%    1019.7 sec left
CG set 3274 / 4710    4086.1558 GFlop/s     (510.7695 GFlop/s per process)    69%    1018.9 sec left
CG set 3275 / 4710    4086.1577 GFlop/s     (510.7697 GFlop/s per process)    69%    1018.1 sec left
CG set 3276 / 4710    4086.1613 GFlop/s     (510.7702 GFlop/s per process)    69%    1017.3 sec left
CG set 3277 / 4710    4086.1616 GFlop/s     (510.7702 GFlop/s per process)    69%    1016.5 sec left
CG set 3278 / 4710    4086.1603 GFlop/s     (510.7700 GFlop/s per process)    69%    1015.7 sec left
CG set 3279 / 4710    4086.1576 GFlop/s     (510.7697 GFlop/s per process)    69%    1014.9 sec left
CG set 3280 / 4710    4086.1460 GFlop/s     (510.7682 GFlop/s per process)    69%    1014.2 sec left
CG set 3281 / 4710    4086.1454 GFlop/s     (510.7682 GFlop/s per process)    69%    1013.4 sec left
CG set 3282 / 4710    4086.1451 GFlop/s     (510.7681 GFlop/s per process)    69%    1012.6 sec left
CG set 3283 / 4710    4086.1399 GFlop/s     (510.7675 GFlop/s per process)    69%    1011.8 sec left
CG set 3284 / 4710    4086.1349 GFlop/s     (510.7669 GFlop/s per process)    69%    1011.0 sec left
CG set 3285 / 4710    4086.1368 GFlop/s     (510.7671 GFlop/s per process)    69%    1010.2 sec left
CG set 3286 / 4710    4086.1387 GFlop/s     (510.7673 GFlop/s per process)    69%    1009.4 sec left
CG set 3287 / 4710    4086.1379 GFlop/s     (510.7672 GFlop/s per process)    69%    1008.6 sec left
CG set 3288 / 4710    4086.1394 GFlop/s     (510.7674 GFlop/s per process)    69%    1007.8 sec left
CG set 3289 / 4710    4086.1439 GFlop/s     (510.7680 GFlop/s per process)    69%    1007.1 sec left
CG set 3290 / 4710    4086.1464 GFlop/s     (510.7683 GFlop/s per process)    69%    1006.3 sec left
CG set 3291 / 4710    4086.1458 GFlop/s     (510.7682 GFlop/s per process)    69%    1005.5 sec left
CG set 3292 / 4710    4086.1487 GFlop/s     (510.7686 GFlop/s per process)    69%    1004.7 sec left
CG set 3293 / 4710    4086.1511 GFlop/s     (510.7689 GFlop/s per process)    69%    1003.9 sec left
CG set 3294 / 4710    4086.1515 GFlop/s     (510.7689 GFlop/s per process)    69%    1003.1 sec left
CG set 3295 / 4710    4086.1510 GFlop/s     (510.7689 GFlop/s per process)    69%    1002.3 sec left
CG set 3296 / 4710    4086.1439 GFlop/s     (510.7680 GFlop/s per process)    69%    1001.5 sec left
CG set 3297 / 4710    4086.1328 GFlop/s     (510.7666 GFlop/s per process)    70%    1000.7 sec left
CG set 3298 / 4710    4086.1265 GFlop/s     (510.7658 GFlop/s per process)    70%    1000.0 sec left
CG set 3299 / 4710    4086.1240 GFlop/s     (510.7655 GFlop/s per process)    70%    999.2 sec left
CG set 3300 / 4710    4086.1205 GFlop/s     (510.7651 GFlop/s per process)    70%    998.4 sec left
CG set 3301 / 4710    4086.1172 GFlop/s     (510.7647 GFlop/s per process)    70%    997.6 sec left
CG set 3302 / 4710    4086.1207 GFlop/s     (510.7651 GFlop/s per process)    70%    996.8 sec left
CG set 3303 / 4710    4086.1198 GFlop/s     (510.7650 GFlop/s per process)    70%    996.0 sec left
CG set 3304 / 4710    4086.1164 GFlop/s     (510.7646 GFlop/s per process)    70%    995.2 sec left
CG set 3305 / 4710    4086.1136 GFlop/s     (510.7642 GFlop/s per process)    70%    994.4 sec left
CG set 3306 / 4710    4086.1116 GFlop/s     (510.7640 GFlop/s per process)    70%    993.6 sec left
CG set 3307 / 4710    4086.1079 GFlop/s     (510.7635 GFlop/s per process)    70%    992.8 sec left
CG set 3308 / 4710    4086.1103 GFlop/s     (510.7638 GFlop/s per process)    70%    992.1 sec left
CG set 3309 / 4710    4086.1112 GFlop/s     (510.7639 GFlop/s per process)    70%    991.3 sec left
CG set 3310 / 4710    4086.1134 GFlop/s     (510.7642 GFlop/s per process)    70%    990.5 sec left
CG set 3311 / 4710    4086.1098 GFlop/s     (510.7637 GFlop/s per process)    70%    989.7 sec left
CG set 3312 / 4710    4086.1044 GFlop/s     (510.7631 GFlop/s per process)    70%    988.9 sec left
CG set 3313 / 4710    4086.1027 GFlop/s     (510.7628 GFlop/s per process)    70%    988.1 sec left
CG set 3314 / 4710    4086.1010 GFlop/s     (510.7626 GFlop/s per process)    70%    987.3 sec left
CG set 3315 / 4710    4086.0972 GFlop/s     (510.7622 GFlop/s per process)    70%    986.5 sec left
CG set 3316 / 4710    4086.0899 GFlop/s     (510.7612 GFlop/s per process)    70%    985.7 sec left
CG set 3317 / 4710    4086.0823 GFlop/s     (510.7603 GFlop/s per process)    70%    984.9 sec left
CG set 3318 / 4710    4086.0813 GFlop/s     (510.7602 GFlop/s per process)    70%    984.2 sec left
CG set 3319 / 4710    4086.0761 GFlop/s     (510.7595 GFlop/s per process)    70%    983.4 sec left
CG set 3320 / 4710    4086.0756 GFlop/s     (510.7595 GFlop/s per process)    70%    982.6 sec left
CG set 3321 / 4710    4086.0829 GFlop/s     (510.7604 GFlop/s per process)    70%    981.8 sec left
CG set 3322 / 4710    4086.0886 GFlop/s     (510.7611 GFlop/s per process)    70%    981.0 sec left
CG set 3323 / 4710    4086.0915 GFlop/s     (510.7614 GFlop/s per process)    70%    980.2 sec left
CG set 3324 / 4710    4086.0922 GFlop/s     (510.7615 GFlop/s per process)    70%    979.4 sec left
CG set 3325 / 4710    4086.0899 GFlop/s     (510.7612 GFlop/s per process)    70%    978.6 sec left
CG set 3326 / 4710    4086.0875 GFlop/s     (510.7609 GFlop/s per process)    70%    977.9 sec left
CG set 3327 / 4710    4086.0879 GFlop/s     (510.7610 GFlop/s per process)    70%    977.1 sec left
CG set 3328 / 4710    4086.0828 GFlop/s     (510.7604 GFlop/s per process)    70%    976.3 sec left
CG set 3329 / 4710    4086.0729 GFlop/s     (510.7591 GFlop/s per process)    70%    975.5 sec left
CG set 3330 / 4710    4086.0673 GFlop/s     (510.7584 GFlop/s per process)    70%    974.7 sec left
CG set 3331 / 4710    4086.0688 GFlop/s     (510.7586 GFlop/s per process)    70%    973.9 sec left
CG set 3332 / 4710    4086.0697 GFlop/s     (510.7587 GFlop/s per process)    70%    973.1 sec left
CG set 3333 / 4710    4086.0658 GFlop/s     (510.7582 GFlop/s per process)    70%    972.3 sec left
CG set 3334 / 4710    4086.0648 GFlop/s     (510.7581 GFlop/s per process)    70%    971.5 sec left
CG set 3335 / 4710    4086.0653 GFlop/s     (510.7582 GFlop/s per process)    70%    970.7 sec left
CG set 3336 / 4710    4086.0632 GFlop/s     (510.7579 GFlop/s per process)    70%    970.0 sec left
CG set 3337 / 4710    4086.0585 GFlop/s     (510.7573 GFlop/s per process)    70%    969.2 sec left
CG set 3338 / 4710    4086.0571 GFlop/s     (510.7571 GFlop/s per process)    70%    968.4 sec left
CG set 3339 / 4710    4086.0538 GFlop/s     (510.7567 GFlop/s per process)    70%    967.6 sec left
CG set 3340 / 4710    4086.0543 GFlop/s     (510.7568 GFlop/s per process)    70%    966.8 sec left
CG set 3341 / 4710    4086.0527 GFlop/s     (510.7566 GFlop/s per process)    70%    966.0 sec left
CG set 3342 / 4710    4086.0516 GFlop/s     (510.7565 GFlop/s per process)    70%    965.2 sec left
CG set 3343 / 4710    4086.0498 GFlop/s     (510.7562 GFlop/s per process)    70%    964.4 sec left
CG set 3344 / 4710    4086.0432 GFlop/s     (510.7554 GFlop/s per process)    70%    963.6 sec left
CG set 3345 / 4710    4086.0455 GFlop/s     (510.7557 GFlop/s per process)    71%    962.8 sec left
CG set 3346 / 4710    4086.0442 GFlop/s     (510.7555 GFlop/s per process)    71%    962.1 sec left
CG set 3347 / 4710    4086.0402 GFlop/s     (510.7550 GFlop/s per process)    71%    961.3 sec left
CG set 3348 / 4710    4086.0374 GFlop/s     (510.7547 GFlop/s per process)    71%    960.5 sec left
CG set 3349 / 4710    4086.0425 GFlop/s     (510.7553 GFlop/s per process)    71%    959.7 sec left
CG set 3350 / 4710    4086.0392 GFlop/s     (510.7549 GFlop/s per process)    71%    958.9 sec left
CG set 3351 / 4710    4086.0427 GFlop/s     (510.7553 GFlop/s per process)    71%    958.1 sec left
CG set 3352 / 4710    4086.0440 GFlop/s     (510.7555 GFlop/s per process)    71%    957.3 sec left
CG set 3353 / 4710    4086.0459 GFlop/s     (510.7557 GFlop/s per process)    71%    956.5 sec left
CG set 3354 / 4710    4086.0502 GFlop/s     (510.7563 GFlop/s per process)    71%    955.8 sec left
CG set 3355 / 4710    4086.0575 GFlop/s     (510.7572 GFlop/s per process)    71%    955.0 sec left
CG set 3356 / 4710    4086.0636 GFlop/s     (510.7580 GFlop/s per process)    71%    954.2 sec left
CG set 3357 / 4710    4086.0642 GFlop/s     (510.7580 GFlop/s per process)    71%    953.4 sec left
CG set 3358 / 4710    4086.0652 GFlop/s     (510.7581 GFlop/s per process)    71%    952.6 sec left
CG set 3359 / 4710    4086.0621 GFlop/s     (510.7578 GFlop/s per process)    71%    951.8 sec left
CG set 3360 / 4710    4086.0525 GFlop/s     (510.7566 GFlop/s per process)    71%    951.0 sec left
CG set 3361 / 4710    4086.0475 GFlop/s     (510.7559 GFlop/s per process)    71%    950.2 sec left
CG set 3362 / 4710    4086.0454 GFlop/s     (510.7557 GFlop/s per process)    71%    949.4 sec left
CG set 3363 / 4710    4086.0448 GFlop/s     (510.7556 GFlop/s per process)    71%    948.7 sec left
CG set 3364 / 4710    4086.0404 GFlop/s     (510.7551 GFlop/s per process)    71%    947.9 sec left
CG set 3365 / 4710    4086.0485 GFlop/s     (510.7561 GFlop/s per process)    71%    947.1 sec left
CG set 3366 / 4710    4086.0496 GFlop/s     (510.7562 GFlop/s per process)    71%    946.3 sec left
CG set 3367 / 4710    4086.0470 GFlop/s     (510.7559 GFlop/s per process)    71%    945.5 sec left
CG set 3368 / 4710    4086.0401 GFlop/s     (510.7550 GFlop/s per process)    71%    944.7 sec left
CG set 3369 / 4710    4086.0327 GFlop/s     (510.7541 GFlop/s per process)    71%    943.9 sec left
CG set 3370 / 4710    4086.0312 GFlop/s     (510.7539 GFlop/s per process)    71%    943.1 sec left
CG set 3371 / 4710    4086.0322 GFlop/s     (510.7540 GFlop/s per process)    71%    942.3 sec left
CG set 3372 / 4710    4086.0360 GFlop/s     (510.7545 GFlop/s per process)    71%    941.6 sec left
CG set 3373 / 4710    4086.0342 GFlop/s     (510.7543 GFlop/s per process)    71%    940.8 sec left
CG set 3374 / 4710    4086.0305 GFlop/s     (510.7538 GFlop/s per process)    71%    940.0 sec left
CG set 3375 / 4710    4086.0279 GFlop/s     (510.7535 GFlop/s per process)    71%    939.2 sec left
CG set 3376 / 4710    4086.0258 GFlop/s     (510.7532 GFlop/s per process)    71%    938.4 sec left
CG set 3377 / 4710    4086.0223 GFlop/s     (510.7528 GFlop/s per process)    71%    937.6 sec left
CG set 3378 / 4710    4086.0210 GFlop/s     (510.7526 GFlop/s per process)    71%    936.8 sec left
CG set 3379 / 4710    4086.0146 GFlop/s     (510.7518 GFlop/s per process)    71%    936.0 sec left
CG set 3380 / 4710    4086.0170 GFlop/s     (510.7521 GFlop/s per process)    71%    935.2 sec left
CG set 3381 / 4710    4086.0197 GFlop/s     (510.7525 GFlop/s per process)    71%    934.4 sec left
CG set 3382 / 4710    4086.0187 GFlop/s     (510.7523 GFlop/s per process)    71%    933.7 sec left
CG set 3383 / 4710    4086.0199 GFlop/s     (510.7525 GFlop/s per process)    71%    932.9 sec left
CG set 3384 / 4710    4086.0262 GFlop/s     (510.7533 GFlop/s per process)    71%    932.1 sec left
CG set 3385 / 4710    4086.0269 GFlop/s     (510.7534 GFlop/s per process)    71%    931.3 sec left
CG set 3386 / 4710    4086.0354 GFlop/s     (510.7544 GFlop/s per process)    71%    930.5 sec left
CG set 3387 / 4710    4086.0410 GFlop/s     (510.7551 GFlop/s per process)    71%    929.7 sec left
CG set 3388 / 4710    4086.0392 GFlop/s     (510.7549 GFlop/s per process)    71%    928.9 sec left
CG set 3389 / 4710    4086.0324 GFlop/s     (510.7541 GFlop/s per process)    71%    928.1 sec left
CG set 3390 / 4710    4086.0360 GFlop/s     (510.7545 GFlop/s per process)    71%    927.4 sec left
CG set 3391 / 4710    4086.0364 GFlop/s     (510.7546 GFlop/s per process)    71%    926.6 sec left
CG set 3392 / 4710    4086.0338 GFlop/s     (510.7542 GFlop/s per process)    72%    925.8 sec left
CG set 3393 / 4710    4086.0301 GFlop/s     (510.7538 GFlop/s per process)    72%    925.0 sec left
CG set 3394 / 4710    4086.0234 GFlop/s     (510.7529 GFlop/s per process)    72%    924.2 sec left
CG set 3395 / 4710    4086.0226 GFlop/s     (510.7528 GFlop/s per process)    72%    923.4 sec left
CG set 3396 / 4710    4086.0243 GFlop/s     (510.7530 GFlop/s per process)    72%    922.6 sec left
CG set 3397 / 4710    4086.0257 GFlop/s     (510.7532 GFlop/s per process)    72%    921.8 sec left
CG set 3398 / 4710    4086.0244 GFlop/s     (510.7531 GFlop/s per process)    72%    921.0 sec left
CG set 3399 / 4710    4086.0257 GFlop/s     (510.7532 GFlop/s per process)    72%    920.3 sec left
CG set 3400 / 4710    4086.0177 GFlop/s     (510.7522 GFlop/s per process)    72%    919.5 sec left
CG set 3401 / 4710    4086.0127 GFlop/s     (510.7516 GFlop/s per process)    72%    918.7 sec left
CG set 3402 / 4710    4086.0138 GFlop/s     (510.7517 GFlop/s per process)    72%    917.9 sec left
CG set 3403 / 4710    4086.0170 GFlop/s     (510.7521 GFlop/s per process)    72%    917.1 sec left
CG set 3404 / 4710    4086.0245 GFlop/s     (510.7531 GFlop/s per process)    72%    916.3 sec left
CG set 3405 / 4710    4086.0238 GFlop/s     (510.7530 GFlop/s per process)    72%    915.5 sec left
CG set 3406 / 4710    4086.0186 GFlop/s     (510.7523 GFlop/s per process)    72%    914.7 sec left
CG set 3407 / 4710    4086.0105 GFlop/s     (510.7513 GFlop/s per process)    72%    913.9 sec left
CG set 3408 / 4710    4086.0057 GFlop/s     (510.7507 GFlop/s per process)    72%    913.1 sec left
CG set 3409 / 4710    4086.0027 GFlop/s     (510.7503 GFlop/s per process)    72%    912.4 sec left
CG set 3410 / 4710    4085.9973 GFlop/s     (510.7497 GFlop/s per process)    72%    911.6 sec left
CG set 3411 / 4710    4085.9924 GFlop/s     (510.7491 GFlop/s per process)    72%    910.8 sec left
CG set 3412 / 4710    4085.9912 GFlop/s     (510.7489 GFlop/s per process)    72%    910.0 sec left
CG set 3413 / 4710    4085.9855 GFlop/s     (510.7482 GFlop/s per process)    72%    909.2 sec left
CG set 3414 / 4710    4085.9857 GFlop/s     (510.7482 GFlop/s per process)    72%    908.4 sec left
CG set 3415 / 4710    4085.9886 GFlop/s     (510.7486 GFlop/s per process)    72%    907.6 sec left
CG set 3416 / 4710    4085.9901 GFlop/s     (510.7488 GFlop/s per process)    72%    906.8 sec left
CG set 3417 / 4710    4085.9918 GFlop/s     (510.7490 GFlop/s per process)    72%    906.0 sec left
CG set 3418 / 4710    4085.9886 GFlop/s     (510.7486 GFlop/s per process)    72%    905.3 sec left
CG set 3419 / 4710    4085.9901 GFlop/s     (510.7488 GFlop/s per process)    72%    904.5 sec left
CG set 3420 / 4710    4085.9879 GFlop/s     (510.7485 GFlop/s per process)    72%    903.7 sec left
CG set 3421 / 4710    4085.9930 GFlop/s     (510.7491 GFlop/s per process)    72%    902.9 sec left
CG set 3422 / 4710    4085.9977 GFlop/s     (510.7497 GFlop/s per process)    72%    902.1 sec left
CG set 3423 / 4710    4085.9977 GFlop/s     (510.7497 GFlop/s per process)    72%    901.3 sec left
CG set 3424 / 4710    4085.9932 GFlop/s     (510.7491 GFlop/s per process)    72%    900.5 sec left
CG set 3425 / 4710    4085.9892 GFlop/s     (510.7487 GFlop/s per process)    72%    899.7 sec left
CG set 3426 / 4710    4085.9851 GFlop/s     (510.7481 GFlop/s per process)    72%    898.9 sec left
CG set 3427 / 4710    4085.9866 GFlop/s     (510.7483 GFlop/s per process)    72%    898.2 sec left
CG set 3428 / 4710    4085.9902 GFlop/s     (510.7488 GFlop/s per process)    72%    897.4 sec left
CG set 3429 / 4710    4085.9974 GFlop/s     (510.7497 GFlop/s per process)    72%    896.6 sec left
CG set 3430 / 4710    4085.9958 GFlop/s     (510.7495 GFlop/s per process)    72%    895.8 sec left
CG set 3431 / 4710    4085.9933 GFlop/s     (510.7492 GFlop/s per process)    72%    895.0 sec left
CG set 3432 / 4710    4085.9877 GFlop/s     (510.7485 GFlop/s per process)    72%    894.2 sec left
CG set 3433 / 4710    4085.9837 GFlop/s     (510.7480 GFlop/s per process)    72%    893.4 sec left
CG set 3434 / 4710    4085.9859 GFlop/s     (510.7482 GFlop/s per process)    72%    892.6 sec left
CG set 3435 / 4710    4085.9832 GFlop/s     (510.7479 GFlop/s per process)    72%    891.8 sec left
CG set 3436 / 4710    4085.9830 GFlop/s     (510.7479 GFlop/s per process)    72%    891.1 sec left
CG set 3437 / 4710    4085.9848 GFlop/s     (510.7481 GFlop/s per process)    72%    890.3 sec left
CG set 3438 / 4710    4085.9844 GFlop/s     (510.7480 GFlop/s per process)    72%    889.5 sec left
CG set 3439 / 4710    4085.9814 GFlop/s     (510.7477 GFlop/s per process)    73%    888.7 sec left
CG set 3440 / 4710    4085.9760 GFlop/s     (510.7470 GFlop/s per process)    73%    887.9 sec left
CG set 3441 / 4710    4085.9754 GFlop/s     (510.7469 GFlop/s per process)    73%    887.1 sec left
CG set 3442 / 4710    4085.9717 GFlop/s     (510.7465 GFlop/s per process)    73%    886.3 sec left
CG set 3443 / 4710    4085.9713 GFlop/s     (510.7464 GFlop/s per process)    73%    885.5 sec left
CG set 3444 / 4710    4085.9715 GFlop/s     (510.7464 GFlop/s per process)    73%    884.7 sec left
CG set 3445 / 4710    4085.9730 GFlop/s     (510.7466 GFlop/s per process)    73%    884.0 sec left
CG set 3446 / 4710    4085.9700 GFlop/s     (510.7462 GFlop/s per process)    73%    883.2 sec left
CG set 3447 / 4710    4085.9668 GFlop/s     (510.7459 GFlop/s per process)    73%    882.4 sec left
CG set 3448 / 4710    4085.9720 GFlop/s     (510.7465 GFlop/s per process)    73%    881.6 sec left
CG set 3449 / 4710    4085.9717 GFlop/s     (510.7465 GFlop/s per process)    73%    880.8 sec left
CG set 3450 / 4710    4085.9741 GFlop/s     (510.7468 GFlop/s per process)    73%    880.0 sec left
CG set 3451 / 4710    4085.9741 GFlop/s     (510.7468 GFlop/s per process)    73%    879.2 sec left
CG set 3452 / 4710    4085.9784 GFlop/s     (510.7473 GFlop/s per process)    73%    878.4 sec left
CG set 3453 / 4710    4085.9817 GFlop/s     (510.7477 GFlop/s per process)    73%    877.7 sec left
CG set 3454 / 4710    4085.9798 GFlop/s     (510.7475 GFlop/s per process)    73%    876.9 sec left
CG set 3455 / 4710    4085.9742 GFlop/s     (510.7468 GFlop/s per process)    73%    876.1 sec left
CG set 3456 / 4710    4085.9637 GFlop/s     (510.7455 GFlop/s per process)    73%    875.3 sec left
CG set 3457 / 4710    4085.9639 GFlop/s     (510.7455 GFlop/s per process)    73%    874.5 sec left
CG set 3458 / 4710    4085.9678 GFlop/s     (510.7460 GFlop/s per process)    73%    873.7 sec left
CG set 3459 / 4710    4085.9674 GFlop/s     (510.7459 GFlop/s per process)    73%    872.9 sec left
CG set 3460 / 4710    4085.9746 GFlop/s     (510.7468 GFlop/s per process)    73%    872.1 sec left
CG set 3461 / 4710    4085.9773 GFlop/s     (510.7472 GFlop/s per process)    73%    871.3 sec left
CG set 3462 / 4710    4085.9773 GFlop/s     (510.7472 GFlop/s per process)    73%    870.6 sec left
CG set 3463 / 4710    4085.9752 GFlop/s     (510.7469 GFlop/s per process)    73%    869.8 sec left
CG set 3464 / 4710    4085.9681 GFlop/s     (510.7460 GFlop/s per process)    73%    869.0 sec left
CG set 3465 / 4710    4085.9623 GFlop/s     (510.7453 GFlop/s per process)    73%    868.2 sec left
CG set 3466 / 4710    4085.9642 GFlop/s     (510.7455 GFlop/s per process)    73%    867.4 sec left
CG set 3467 / 4710    4085.9648 GFlop/s     (510.7456 GFlop/s per process)    73%    866.6 sec left
CG set 3468 / 4710    4085.9663 GFlop/s     (510.7458 GFlop/s per process)    73%    865.8 sec left
CG set 3469 / 4710    4085.9685 GFlop/s     (510.7461 GFlop/s per process)    73%    865.0 sec left
CG set 3470 / 4710    4085.9681 GFlop/s     (510.7460 GFlop/s per process)    73%    864.2 sec left
CG set 3471 / 4710    4085.9552 GFlop/s     (510.7444 GFlop/s per process)    73%    863.4 sec left
CG set 3472 / 4710    4085.9513 GFlop/s     (510.7439 GFlop/s per process)    73%    862.7 sec left
CG set 3473 / 4710    4085.9500 GFlop/s     (510.7438 GFlop/s per process)    73%    861.9 sec left
CG set 3474 / 4710    4085.9468 GFlop/s     (510.7434 GFlop/s per process)    73%    861.1 sec left
CG set 3475 / 4710    4085.9473 GFlop/s     (510.7434 GFlop/s per process)    73%    860.3 sec left
CG set 3476 / 4710    4085.9500 GFlop/s     (510.7438 GFlop/s per process)    73%    859.5 sec left
CG set 3477 / 4710    4085.9476 GFlop/s     (510.7434 GFlop/s per process)    73%    858.7 sec left
CG set 3478 / 4710    4085.9461 GFlop/s     (510.7433 GFlop/s per process)    73%    857.9 sec left
CG set 3479 / 4710    4085.9481 GFlop/s     (510.7435 GFlop/s per process)    73%    857.1 sec left
CG set 3480 / 4710    4085.9548 GFlop/s     (510.7443 GFlop/s per process)    73%    856.3 sec left
CG set 3481 / 4710    4085.9580 GFlop/s     (510.7448 GFlop/s per process)    73%    855.6 sec left
CG set 3482 / 4710    4085.9638 GFlop/s     (510.7455 GFlop/s per process)    73%    854.8 sec left
CG set 3483 / 4710    4085.9696 GFlop/s     (510.7462 GFlop/s per process)    73%    854.0 sec left
CG set 3484 / 4710    4085.9642 GFlop/s     (510.7455 GFlop/s per process)    73%    853.2 sec left
CG set 3485 / 4710    4085.9652 GFlop/s     (510.7456 GFlop/s per process)    73%    852.4 sec left
CG set 3486 / 4710    4085.9711 GFlop/s     (510.7464 GFlop/s per process)    74%    851.6 sec left
CG set 3487 / 4710    4085.9613 GFlop/s     (510.7452 GFlop/s per process)    74%    850.8 sec left
CG set 3488 / 4710    4085.9539 GFlop/s     (510.7442 GFlop/s per process)    74%    850.0 sec left
CG set 3489 / 4710    4085.9545 GFlop/s     (510.7443 GFlop/s per process)    74%    849.3 sec left
CG set 3490 / 4710    4085.9596 GFlop/s     (510.7450 GFlop/s per process)    74%    848.5 sec left
CG set 3491 / 4710    4085.9571 GFlop/s     (510.7446 GFlop/s per process)    74%    847.7 sec left
CG set 3492 / 4710    4085.9623 GFlop/s     (510.7453 GFlop/s per process)    74%    846.9 sec left
CG set 3493 / 4710    4085.9672 GFlop/s     (510.7459 GFlop/s per process)    74%    846.1 sec left
CG set 3494 / 4710    4085.9629 GFlop/s     (510.7454 GFlop/s per process)    74%    845.3 sec left
CG set 3495 / 4710    4085.9591 GFlop/s     (510.7449 GFlop/s per process)    74%    844.5 sec left
CG set 3496 / 4710    4085.9559 GFlop/s     (510.7445 GFlop/s per process)    74%    843.7 sec left
CG set 3497 / 4710    4085.9527 GFlop/s     (510.7441 GFlop/s per process)    74%    842.9 sec left
CG set 3498 / 4710    4085.9523 GFlop/s     (510.7440 GFlop/s per process)    74%    842.2 sec left
CG set 3499 / 4710    4085.9497 GFlop/s     (510.7437 GFlop/s per process)    74%    841.4 sec left
CG set 3500 / 4710    4085.9525 GFlop/s     (510.7441 GFlop/s per process)    74%    840.6 sec left
CG set 3501 / 4710    4085.9510 GFlop/s     (510.7439 GFlop/s per process)    74%    839.8 sec left
CG set 3502 / 4710    4085.9473 GFlop/s     (510.7434 GFlop/s per process)    74%    839.0 sec left
CG set 3503 / 4710    4085.9432 GFlop/s     (510.7429 GFlop/s per process)    74%    838.2 sec left
CG set 3504 / 4710    4085.9361 GFlop/s     (510.7420 GFlop/s per process)    74%    837.4 sec left
CG set 3505 / 4710    4085.9312 GFlop/s     (510.7414 GFlop/s per process)    74%    836.6 sec left
CG set 3506 / 4710    4085.9254 GFlop/s     (510.7407 GFlop/s per process)    74%    835.8 sec left
CG set 3507 / 4710    4085.9261 GFlop/s     (510.7408 GFlop/s per process)    74%    835.0 sec left
CG set 3508 / 4710    4085.9253 GFlop/s     (510.7407 GFlop/s per process)    74%    834.3 sec left
CG set 3509 / 4710    4085.9233 GFlop/s     (510.7404 GFlop/s per process)    74%    833.5 sec left
CG set 3510 / 4710    4085.9171 GFlop/s     (510.7396 GFlop/s per process)    74%    832.7 sec left
CG set 3511 / 4710    4085.9233 GFlop/s     (510.7404 GFlop/s per process)    74%    831.9 sec left
CG set 3512 / 4710    4085.9235 GFlop/s     (510.7404 GFlop/s per process)    74%    831.1 sec left
CG set 3513 / 4710    4085.9251 GFlop/s     (510.7406 GFlop/s per process)    74%    830.3 sec left
CG set 3514 / 4710    4085.9236 GFlop/s     (510.7405 GFlop/s per process)    74%    829.5 sec left
CG set 3515 / 4710    4085.9242 GFlop/s     (510.7405 GFlop/s per process)    74%    828.7 sec left
CG set 3516 / 4710    4085.9275 GFlop/s     (510.7409 GFlop/s per process)    74%    827.9 sec left
CG set 3517 / 4710    4085.9320 GFlop/s     (510.7415 GFlop/s per process)    74%    827.2 sec left
CG set 3518 / 4710    4085.9313 GFlop/s     (510.7414 GFlop/s per process)    74%    826.4 sec left
CG set 3519 / 4710    4085.9226 GFlop/s     (510.7403 GFlop/s per process)    74%    825.6 sec left
CG set 3520 / 4710    4085.9146 GFlop/s     (510.7393 GFlop/s per process)    74%    824.8 sec left
CG set 3521 / 4710    4085.9106 GFlop/s     (510.7388 GFlop/s per process)    74%    824.0 sec left
CG set 3522 / 4710    4085.9113 GFlop/s     (510.7389 GFlop/s per process)    74%    823.2 sec left
CG set 3523 / 4710    4085.9139 GFlop/s     (510.7392 GFlop/s per process)    74%    822.4 sec left
CG set 3524 / 4710    4085.9099 GFlop/s     (510.7387 GFlop/s per process)    74%    821.6 sec left
CG set 3525 / 4710    4085.9115 GFlop/s     (510.7389 GFlop/s per process)    74%    820.8 sec left
CG set 3526 / 4710    4085.9123 GFlop/s     (510.7390 GFlop/s per process)    74%    820.1 sec left
CG set 3527 / 4710    4085.9072 GFlop/s     (510.7384 GFlop/s per process)    74%    819.3 sec left
CG set 3528 / 4710    4085.9027 GFlop/s     (510.7378 GFlop/s per process)    74%    818.5 sec left
CG set 3529 / 4710    4085.8947 GFlop/s     (510.7368 GFlop/s per process)    74%    817.7 sec left
CG set 3530 / 4710    4085.8917 GFlop/s     (510.7365 GFlop/s per process)    74%    816.9 sec left
CG set 3531 / 4710    4085.8921 GFlop/s     (510.7365 GFlop/s per process)    74%    816.1 sec left
CG set 3532 / 4710    4085.8929 GFlop/s     (510.7366 GFlop/s per process)    74%    815.3 sec left
CG set 3533 / 4710    4085.8875 GFlop/s     (510.7359 GFlop/s per process)    75%    814.5 sec left
CG set 3534 / 4710    4085.8877 GFlop/s     (510.7360 GFlop/s per process)    75%    813.7 sec left
CG set 3535 / 4710    4085.8808 GFlop/s     (510.7351 GFlop/s per process)    75%    812.9 sec left
CG set 3536 / 4710    4085.8814 GFlop/s     (510.7352 GFlop/s per process)    75%    812.1 sec left
CG set 3537 / 4710    4085.8803 GFlop/s     (510.7350 GFlop/s per process)    75%    811.4 sec left
CG set 3538 / 4710    4085.8728 GFlop/s     (510.7341 GFlop/s per process)    75%    810.6 sec left
CG set 3539 / 4710    4085.8720 GFlop/s     (510.7340 GFlop/s per process)    75%    809.8 sec left
CG set 3540 / 4710    4085.8725 GFlop/s     (510.7341 GFlop/s per process)    75%    809.0 sec left
CG set 3541 / 4710    4085.8701 GFlop/s     (510.7338 GFlop/s per process)    75%    808.2 sec left
CG set 3542 / 4710    4085.8709 GFlop/s     (510.7339 GFlop/s per process)    75%    807.4 sec left
CG set 3543 / 4710    4085.8717 GFlop/s     (510.7340 GFlop/s per process)    75%    806.6 sec left
CG set 3544 / 4710    4085.8756 GFlop/s     (510.7344 GFlop/s per process)    75%    805.8 sec left
CG set 3545 / 4710    4085.8746 GFlop/s     (510.7343 GFlop/s per process)    75%    805.0 sec left
CG set 3546 / 4710    4085.8802 GFlop/s     (510.7350 GFlop/s per process)    75%    804.3 sec left
CG set 3547 / 4710    4085.8800 GFlop/s     (510.7350 GFlop/s per process)    75%    803.5 sec left
CG set 3548 / 4710    4085.8760 GFlop/s     (510.7345 GFlop/s per process)    75%    802.7 sec left
CG set 3549 / 4710    4085.8782 GFlop/s     (510.7348 GFlop/s per process)    75%    801.9 sec left
CG set 3550 / 4710    4085.8763 GFlop/s     (510.7345 GFlop/s per process)    75%    801.1 sec left
CG set 3551 / 4710    4085.8699 GFlop/s     (510.7337 GFlop/s per process)    75%    800.3 sec left
CG set 3552 / 4710    4085.8620 GFlop/s     (510.7328 GFlop/s per process)    75%    799.5 sec left
CG set 3553 / 4710    4085.8590 GFlop/s     (510.7324 GFlop/s per process)    75%    798.7 sec left
CG set 3554 / 4710    4085.8600 GFlop/s     (510.7325 GFlop/s per process)    75%    797.9 sec left
CG set 3555 / 4710    4085.8628 GFlop/s     (510.7329 GFlop/s per process)    75%    797.2 sec left
CG set 3556 / 4710    4085.8675 GFlop/s     (510.7334 GFlop/s per process)    75%    796.4 sec left
CG set 3557 / 4710    4085.8691 GFlop/s     (510.7336 GFlop/s per process)    75%    795.6 sec left
CG set 3558 / 4710    4085.8708 GFlop/s     (510.7339 GFlop/s per process)    75%    794.8 sec left
CG set 3559 / 4710    4085.8593 GFlop/s     (510.7324 GFlop/s per process)    75%    794.0 sec left
CG set 3560 / 4710    4085.8507 GFlop/s     (510.7313 GFlop/s per process)    75%    793.2 sec left
CG set 3561 / 4710    4085.8462 GFlop/s     (510.7308 GFlop/s per process)    75%    792.4 sec left
CG set 3562 / 4710    4085.8441 GFlop/s     (510.7305 GFlop/s per process)    75%    791.6 sec left
CG set 3563 / 4710    4085.8483 GFlop/s     (510.7310 GFlop/s per process)    75%    790.8 sec left
CG set 3564 / 4710    4085.8536 GFlop/s     (510.7317 GFlop/s per process)    75%    790.1 sec left
CG set 3565 / 4710    4085.8504 GFlop/s     (510.7313 GFlop/s per process)    75%    789.3 sec left
CG set 3566 / 4710    4085.8445 GFlop/s     (510.7306 GFlop/s per process)    75%    788.5 sec left
CG set 3567 / 4710    4085.8414 GFlop/s     (510.7302 GFlop/s per process)    75%    787.7 sec left
CG set 3568 / 4710    4085.8400 GFlop/s     (510.7300 GFlop/s per process)    75%    786.9 sec left
CG set 3569 / 4710    4085.8383 GFlop/s     (510.7298 GFlop/s per process)    75%    786.1 sec left
CG set 3570 / 4710    4085.8362 GFlop/s     (510.7295 GFlop/s per process)    75%    785.3 sec left
CG set 3571 / 4710    4085.8352 GFlop/s     (510.7294 GFlop/s per process)    75%    784.5 sec left
CG set 3572 / 4710    4085.8330 GFlop/s     (510.7291 GFlop/s per process)    75%    783.7 sec left
CG set 3573 / 4710    4085.8322 GFlop/s     (510.7290 GFlop/s per process)    75%    782.9 sec left
CG set 3574 / 4710    4085.8345 GFlop/s     (510.7293 GFlop/s per process)    75%    782.2 sec left
CG set 3575 / 4710    4085.8354 GFlop/s     (510.7294 GFlop/s per process)    75%    781.4 sec left
CG set 3576 / 4710    4085.8392 GFlop/s     (510.7299 GFlop/s per process)    75%    780.6 sec left
CG set 3577 / 4710    4085.8400 GFlop/s     (510.7300 GFlop/s per process)    75%    779.8 sec left
CG set 3578 / 4710    4085.8434 GFlop/s     (510.7304 GFlop/s per process)    75%    779.0 sec left
CG set 3579 / 4710    4085.8456 GFlop/s     (510.7307 GFlop/s per process)    75%    778.2 sec left
CG set 3580 / 4710    4085.8414 GFlop/s     (510.7302 GFlop/s per process)    76%    777.4 sec left
CG set 3581 / 4710    4085.8464 GFlop/s     (510.7308 GFlop/s per process)    76%    776.6 sec left
CG set 3582 / 4710    4085.8376 GFlop/s     (510.7297 GFlop/s per process)    76%    775.8 sec left
CG set 3583 / 4710    4085.8314 GFlop/s     (510.7289 GFlop/s per process)    76%    775.1 sec left
CG set 3584 / 4710    4085.8246 GFlop/s     (510.7281 GFlop/s per process)    76%    774.3 sec left
CG set 3585 / 4710    4085.8173 GFlop/s     (510.7272 GFlop/s per process)    76%    773.5 sec left
CG set 3586 / 4710    4085.8149 GFlop/s     (510.7269 GFlop/s per process)    76%    772.7 sec left
CG set 3587 / 4710    4085.8155 GFlop/s     (510.7269 GFlop/s per process)    76%    771.9 sec left
CG set 3588 / 4710    4085.8199 GFlop/s     (510.7275 GFlop/s per process)    76%    771.1 sec left
CG set 3589 / 4710    4085.8158 GFlop/s     (510.7270 GFlop/s per process)    76%    770.3 sec left
CG set 3590 / 4710    4085.8107 GFlop/s     (510.7263 GFlop/s per process)    76%    769.5 sec left
CG set 3591 / 4710    4085.8035 GFlop/s     (510.7254 GFlop/s per process)    76%    768.7 sec left
CG set 3592 / 4710    4085.8040 GFlop/s     (510.7255 GFlop/s per process)    76%    767.9 sec left
CG set 3593 / 4710    4085.7985 GFlop/s     (510.7248 GFlop/s per process)    76%    767.1 sec left
CG set 3594 / 4710    4085.8019 GFlop/s     (510.7252 GFlop/s per process)    76%    766.4 sec left
CG set 3595 / 4710    4085.8064 GFlop/s     (510.7258 GFlop/s per process)    76%    765.6 sec left
CG set 3596 / 4710    4085.8116 GFlop/s     (510.7264 GFlop/s per process)    76%    764.8 sec left
CG set 3597 / 4710    4085.8040 GFlop/s     (510.7255 GFlop/s per process)    76%    764.0 sec left
CG set 3598 / 4710    4085.7990 GFlop/s     (510.7249 GFlop/s per process)    76%    763.2 sec left
CG set 3599 / 4710    4085.7996 GFlop/s     (510.7249 GFlop/s per process)    76%    762.4 sec left
CG set 3600 / 4710    4085.7985 GFlop/s     (510.7248 GFlop/s per process)    76%    761.6 sec left
CG set 3601 / 4710    4085.7966 GFlop/s     (510.7246 GFlop/s per process)    76%    760.8 sec left
CG set 3602 / 4710    4085.7986 GFlop/s     (510.7248 GFlop/s per process)    76%    760.1 sec left
CG set 3603 / 4710    4085.7987 GFlop/s     (510.7248 GFlop/s per process)    76%    759.3 sec left
CG set 3604 / 4710    4085.7992 GFlop/s     (510.7249 GFlop/s per process)    76%    758.5 sec left
CG set 3605 / 4710    4085.7948 GFlop/s     (510.7244 GFlop/s per process)    76%    757.7 sec left
CG set 3606 / 4710    4085.7976 GFlop/s     (510.7247 GFlop/s per process)    76%    756.9 sec left
CG set 3607 / 4710    4085.7995 GFlop/s     (510.7249 GFlop/s per process)    76%    756.1 sec left
CG set 3608 / 4710    4085.8012 GFlop/s     (510.7251 GFlop/s per process)    76%    755.3 sec left
CG set 3609 / 4710    4085.8020 GFlop/s     (510.7253 GFlop/s per process)    76%    754.5 sec left
CG set 3610 / 4710    4085.8052 GFlop/s     (510.7256 GFlop/s per process)    76%    753.8 sec left
CG set 3611 / 4710    4085.8003 GFlop/s     (510.7250 GFlop/s per process)    76%    753.0 sec left
CG set 3612 / 4710    4085.8042 GFlop/s     (510.7255 GFlop/s per process)    76%    752.2 sec left
CG set 3613 / 4710    4085.8002 GFlop/s     (510.7250 GFlop/s per process)    76%    751.4 sec left
CG set 3614 / 4710    4085.7956 GFlop/s     (510.7245 GFlop/s per process)    76%    750.6 sec left
CG set 3615 / 4710    4085.7887 GFlop/s     (510.7236 GFlop/s per process)    76%    749.8 sec left
CG set 3616 / 4710    4085.7904 GFlop/s     (510.7238 GFlop/s per process)    76%    749.0 sec left
CG set 3617 / 4710    4085.7902 GFlop/s     (510.7238 GFlop/s per process)    76%    748.2 sec left
CG set 3618 / 4710    4085.7920 GFlop/s     (510.7240 GFlop/s per process)    76%    747.4 sec left
CG set 3619 / 4710    4085.7973 GFlop/s     (510.7247 GFlop/s per process)    76%    746.6 sec left
CG set 3620 / 4710    4085.7978 GFlop/s     (510.7247 GFlop/s per process)    76%    745.9 sec left
CG set 3621 / 4710    4085.7949 GFlop/s     (510.7244 GFlop/s per process)    76%    745.1 sec left
CG set 3622 / 4710    4085.7860 GFlop/s     (510.7233 GFlop/s per process)    76%    744.3 sec left
CG set 3623 / 4710    4085.7845 GFlop/s     (510.7231 GFlop/s per process)    76%    743.5 sec left
CG set 3624 / 4710    4085.7839 GFlop/s     (510.7230 GFlop/s per process)    76%    742.7 sec left
CG set 3625 / 4710    4085.7893 GFlop/s     (510.7237 GFlop/s per process)    76%    741.9 sec left
CG set 3626 / 4710    4085.7891 GFlop/s     (510.7236 GFlop/s per process)    76%    741.1 sec left
CG set 3627 / 4710    4085.7941 GFlop/s     (510.7243 GFlop/s per process)    77%    740.3 sec left
CG set 3628 / 4710    4085.7936 GFlop/s     (510.7242 GFlop/s per process)    77%    739.6 sec left
CG set 3629 / 4710    4085.7876 GFlop/s     (510.7235 GFlop/s per process)    77%    738.8 sec left
CG set 3630 / 4710    4085.7840 GFlop/s     (510.7230 GFlop/s per process)    77%    738.0 sec left
CG set 3631 / 4710    4085.7838 GFlop/s     (510.7230 GFlop/s per process)    77%    737.2 sec left
CG set 3632 / 4710    4085.7808 GFlop/s     (510.7226 GFlop/s per process)    77%    736.4 sec left
CG set 3633 / 4710    4085.7770 GFlop/s     (510.7221 GFlop/s per process)    77%    735.6 sec left
CG set 3634 / 4710    4085.7786 GFlop/s     (510.7223 GFlop/s per process)    77%    734.8 sec left
CG set 3635 / 4710    4085.7785 GFlop/s     (510.7223 GFlop/s per process)    77%    734.0 sec left
CG set 3636 / 4710    4085.7760 GFlop/s     (510.7220 GFlop/s per process)    77%    733.2 sec left
CG set 3637 / 4710    4085.7727 GFlop/s     (510.7216 GFlop/s per process)    77%    732.4 sec left
CG set 3638 / 4710    4085.7765 GFlop/s     (510.7221 GFlop/s per process)    77%    731.7 sec left
CG set 3639 / 4710    4085.7783 GFlop/s     (510.7223 GFlop/s per process)    77%    730.9 sec left
CG set 3640 / 4710    4085.7805 GFlop/s     (510.7226 GFlop/s per process)    77%    730.1 sec left
CG set 3641 / 4710    4085.7852 GFlop/s     (510.7231 GFlop/s per process)    77%    729.3 sec left
CG set 3642 / 4710    4085.7889 GFlop/s     (510.7236 GFlop/s per process)    77%    728.5 sec left
CG set 3643 / 4710    4085.7875 GFlop/s     (510.7234 GFlop/s per process)    77%    727.7 sec left
CG set 3644 / 4710    4085.7917 GFlop/s     (510.7240 GFlop/s per process)    77%    726.9 sec left
CG set 3645 / 4710    4085.7945 GFlop/s     (510.7243 GFlop/s per process)    77%    726.1 sec left
CG set 3646 / 4710    4085.7864 GFlop/s     (510.7233 GFlop/s per process)    77%    725.4 sec left
CG set 3647 / 4710    4085.7861 GFlop/s     (510.7233 GFlop/s per process)    77%    724.6 sec left
CG set 3648 / 4710    4085.7833 GFlop/s     (510.7229 GFlop/s per process)    77%    723.8 sec left
CG set 3649 / 4710    4085.7808 GFlop/s     (510.7226 GFlop/s per process)    77%    723.0 sec left
CG set 3650 / 4710    4085.7809 GFlop/s     (510.7226 GFlop/s per process)    77%    722.2 sec left
CG set 3651 / 4710    4085.7811 GFlop/s     (510.7226 GFlop/s per process)    77%    721.4 sec left
CG set 3652 / 4710    4085.7789 GFlop/s     (510.7224 GFlop/s per process)    77%    720.6 sec left
CG set 3653 / 4710    4085.7747 GFlop/s     (510.7218 GFlop/s per process)    77%    719.8 sec left
CG set 3654 / 4710    4085.7714 GFlop/s     (510.7214 GFlop/s per process)    77%    719.0 sec left
CG set 3655 / 4710    4085.7692 GFlop/s     (510.7211 GFlop/s per process)    77%    718.2 sec left
CG set 3656 / 4710    4085.7668 GFlop/s     (510.7209 GFlop/s per process)    77%    717.5 sec left
CG set 3657 / 4710    4085.7679 GFlop/s     (510.7210 GFlop/s per process)    77%    716.7 sec left
CG set 3658 / 4710    4085.7695 GFlop/s     (510.7212 GFlop/s per process)    77%    715.9 sec left
CG set 3659 / 4710    4085.7699 GFlop/s     (510.7212 GFlop/s per process)    77%    715.1 sec left
CG set 3660 / 4710    4085.7691 GFlop/s     (510.7211 GFlop/s per process)    77%    714.3 sec left
CG set 3661 / 4710    4085.7631 GFlop/s     (510.7204 GFlop/s per process)    77%    713.5 sec left
CG set 3662 / 4710    4085.7573 GFlop/s     (510.7197 GFlop/s per process)    77%    712.7 sec left
CG set 3663 / 4710    4085.7606 GFlop/s     (510.7201 GFlop/s per process)    77%    711.9 sec left
CG set 3664 / 4710    4085.7566 GFlop/s     (510.7196 GFlop/s per process)    77%    711.1 sec left
CG set 3665 / 4710    4085.7453 GFlop/s     (510.7182 GFlop/s per process)    77%    710.3 sec left
CG set 3666 / 4710    4085.7473 GFlop/s     (510.7184 GFlop/s per process)    77%    709.6 sec left
CG set 3667 / 4710    4085.7496 GFlop/s     (510.7187 GFlop/s per process)    77%    708.8 sec left
CG set 3668 / 4710    4085.7440 GFlop/s     (510.7180 GFlop/s per process)    77%    708.0 sec left
CG set 3669 / 4710    4085.7488 GFlop/s     (510.7186 GFlop/s per process)    77%    707.2 sec left
CG set 3670 / 4710    4085.7525 GFlop/s     (510.7191 GFlop/s per process)    77%    706.4 sec left
CG set 3671 / 4710    4085.7579 GFlop/s     (510.7197 GFlop/s per process)    77%    705.6 sec left
CG set 3672 / 4710    4085.7573 GFlop/s     (510.7197 GFlop/s per process)    77%    704.8 sec left
CG set 3673 / 4710    4085.7584 GFlop/s     (510.7198 GFlop/s per process)    77%    704.0 sec left
CG set 3674 / 4710    4085.7568 GFlop/s     (510.7196 GFlop/s per process)    78%    703.3 sec left
CG set 3675 / 4710    4085.7572 GFlop/s     (510.7196 GFlop/s per process)    78%    702.5 sec left
CG set 3676 / 4710    4085.7590 GFlop/s     (510.7199 GFlop/s per process)    78%    701.7 sec left
CG set 3677 / 4710    4085.7568 GFlop/s     (510.7196 GFlop/s per process)    78%    700.9 sec left
CG set 3678 / 4710    4085.7521 GFlop/s     (510.7190 GFlop/s per process)    78%    700.1 sec left
CG set 3679 / 4710    4085.7507 GFlop/s     (510.7188 GFlop/s per process)    78%    699.3 sec left
CG set 3680 / 4710    4085.7464 GFlop/s     (510.7183 GFlop/s per process)    78%    698.5 sec left
CG set 3681 / 4710    4085.7454 GFlop/s     (510.7182 GFlop/s per process)    78%    697.7 sec left
CG set 3682 / 4710    4085.7450 GFlop/s     (510.7181 GFlop/s per process)    78%    696.9 sec left
CG set 3683 / 4710    4085.7422 GFlop/s     (510.7178 GFlop/s per process)    78%    696.1 sec left
CG set 3684 / 4710    4085.7411 GFlop/s     (510.7176 GFlop/s per process)    78%    695.4 sec left
CG set 3685 / 4710    4085.7356 GFlop/s     (510.7170 GFlop/s per process)    78%    694.6 sec left
CG set 3686 / 4710    4085.7343 GFlop/s     (510.7168 GFlop/s per process)    78%    693.8 sec left
CG set 3687 / 4710    4085.7291 GFlop/s     (510.7161 GFlop/s per process)    78%    693.0 sec left
CG set 3688 / 4710    4085.7274 GFlop/s     (510.7159 GFlop/s per process)    78%    692.2 sec left
CG set 3689 / 4710    4085.7283 GFlop/s     (510.7160 GFlop/s per process)    78%    691.4 sec left
CG set 3690 / 4710    4085.7289 GFlop/s     (510.7161 GFlop/s per process)    78%    690.6 sec left
CG set 3691 / 4710    4085.7291 GFlop/s     (510.7161 GFlop/s per process)    78%    689.8 sec left
CG set 3692 / 4710    4085.7204 GFlop/s     (510.7151 GFlop/s per process)    78%    689.0 sec left
CG set 3693 / 4710    4085.7175 GFlop/s     (510.7147 GFlop/s per process)    78%    688.2 sec left
CG set 3694 / 4710    4085.7157 GFlop/s     (510.7145 GFlop/s per process)    78%    687.5 sec left
CG set 3695 / 4710    4085.7164 GFlop/s     (510.7146 GFlop/s per process)    78%    686.7 sec left
CG set 3696 / 4710    4085.7187 GFlop/s     (510.7148 GFlop/s per process)    78%    685.9 sec left
CG set 3697 / 4710    4085.7181 GFlop/s     (510.7148 GFlop/s per process)    78%    685.1 sec left
CG set 3698 / 4710    4085.7167 GFlop/s     (510.7146 GFlop/s per process)    78%    684.3 sec left
CG set 3699 / 4710    4085.7139 GFlop/s     (510.7142 GFlop/s per process)    78%    683.5 sec left
CG set 3700 / 4710    4085.7168 GFlop/s     (510.7146 GFlop/s per process)    78%    682.7 sec left
CG set 3701 / 4710    4085.7118 GFlop/s     (510.7140 GFlop/s per process)    78%    681.9 sec left
CG set 3702 / 4710    4085.7105 GFlop/s     (510.7138 GFlop/s per process)    78%    681.1 sec left
CG set 3703 / 4710    4085.7163 GFlop/s     (510.7145 GFlop/s per process)    78%    680.4 sec left
CG set 3704 / 4710    4085.7219 GFlop/s     (510.7152 GFlop/s per process)    78%    679.6 sec left
CG set 3705 / 4710    4085.7251 GFlop/s     (510.7156 GFlop/s per process)    78%    678.8 sec left
CG set 3706 / 4710    4085.7261 GFlop/s     (510.7158 GFlop/s per process)    78%    678.0 sec left
CG set 3707 / 4710    4085.7284 GFlop/s     (510.7161 GFlop/s per process)    78%    677.2 sec left
CG set 3708 / 4710    4085.7282 GFlop/s     (510.7160 GFlop/s per process)    78%    676.4 sec left
CG set 3709 / 4710    4085.7271 GFlop/s     (510.7159 GFlop/s per process)    78%    675.6 sec left
CG set 3710 / 4710    4085.7213 GFlop/s     (510.7152 GFlop/s per process)    78%    674.8 sec left
CG set 3711 / 4710    4085.7167 GFlop/s     (510.7146 GFlop/s per process)    78%    674.1 sec left
CG set 3712 / 4710    4085.7185 GFlop/s     (510.7148 GFlop/s per process)    78%    673.3 sec left
CG set 3713 / 4710    4085.7202 GFlop/s     (510.7150 GFlop/s per process)    78%    672.5 sec left
CG set 3714 / 4710    4085.7194 GFlop/s     (510.7149 GFlop/s per process)    78%    671.7 sec left
CG set 3715 / 4710    4085.7213 GFlop/s     (510.7152 GFlop/s per process)    78%    670.9 sec left
CG set 3716 / 4710    4085.7196 GFlop/s     (510.7150 GFlop/s per process)    78%    670.1 sec left
CG set 3717 / 4710    4085.7151 GFlop/s     (510.7144 GFlop/s per process)    78%    669.3 sec left
CG set 3718 / 4710    4085.7106 GFlop/s     (510.7138 GFlop/s per process)    78%    668.5 sec left
CG set 3719 / 4710    4085.7127 GFlop/s     (510.7141 GFlop/s per process)    78%    667.7 sec left
CG set 3720 / 4710    4085.7100 GFlop/s     (510.7137 GFlop/s per process)    78%    667.0 sec left
CG set 3721 / 4710    4085.7135 GFlop/s     (510.7142 GFlop/s per process)    79%    666.2 sec left
CG set 3722 / 4710    4085.7147 GFlop/s     (510.7143 GFlop/s per process)    79%    665.4 sec left
CG set 3723 / 4710    4085.7156 GFlop/s     (510.7145 GFlop/s per process)    79%    664.6 sec left
CG set 3724 / 4710    4085.7107 GFlop/s     (510.7138 GFlop/s per process)    79%    663.8 sec left
CG set 3725 / 4710    4085.7061 GFlop/s     (510.7133 GFlop/s per process)    79%    663.0 sec left
CG set 3726 / 4710    4085.7005 GFlop/s     (510.7126 GFlop/s per process)    79%    662.2 sec left
CG set 3727 / 4710    4085.6948 GFlop/s     (510.7119 GFlop/s per process)    79%    661.4 sec left
CG set 3728 / 4710    4085.6914 GFlop/s     (510.7114 GFlop/s per process)    79%    660.6 sec left
CG set 3729 / 4710    4085.6883 GFlop/s     (510.7110 GFlop/s per process)    79%    659.8 sec left
CG set 3730 / 4710    4085.6866 GFlop/s     (510.7108 GFlop/s per process)    79%    659.1 sec left
CG set 3731 / 4710    4085.6789 GFlop/s     (510.7099 GFlop/s per process)    79%    658.3 sec left
CG set 3732 / 4710    4085.6757 GFlop/s     (510.7095 GFlop/s per process)    79%    657.5 sec left
CG set 3733 / 4710    4085.6768 GFlop/s     (510.7096 GFlop/s per process)    79%    656.7 sec left
CG set 3734 / 4710    4085.6760 GFlop/s     (510.7095 GFlop/s per process)    79%    655.9 sec left
CG set 3735 / 4710    4085.6791 GFlop/s     (510.7099 GFlop/s per process)    79%    655.1 sec left
CG set 3736 / 4710    4085.6832 GFlop/s     (510.7104 GFlop/s per process)    79%    654.3 sec left
CG set 3737 / 4710    4085.6833 GFlop/s     (510.7104 GFlop/s per process)    79%    653.5 sec left
CG set 3738 / 4710    4085.6807 GFlop/s     (510.7101 GFlop/s per process)    79%    652.7 sec left
CG set 3739 / 4710    4085.6797 GFlop/s     (510.7100 GFlop/s per process)    79%    651.9 sec left
CG set 3740 / 4710    4085.6766 GFlop/s     (510.7096 GFlop/s per process)    79%    651.2 sec left
CG set 3741 / 4710    4085.6689 GFlop/s     (510.7086 GFlop/s per process)    79%    650.4 sec left
CG set 3742 / 4710    4085.6660 GFlop/s     (510.7082 GFlop/s per process)    79%    649.6 sec left
CG set 3743 / 4710    4085.6630 GFlop/s     (510.7079 GFlop/s per process)    79%    648.8 sec left
CG set 3744 / 4710    4085.6617 GFlop/s     (510.7077 GFlop/s per process)    79%    648.0 sec left
CG set 3745 / 4710    4085.6647 GFlop/s     (510.7081 GFlop/s per process)    79%    647.2 sec left
CG set 3746 / 4710    4085.6656 GFlop/s     (510.7082 GFlop/s per process)    79%    646.4 sec left
CG set 3747 / 4710    4085.6634 GFlop/s     (510.7079 GFlop/s per process)    79%    645.6 sec left
CG set 3748 / 4710    4085.6602 GFlop/s     (510.7075 GFlop/s per process)    79%    644.8 sec left
CG set 3749 / 4710    4085.6601 GFlop/s     (510.7075 GFlop/s per process)    79%    644.1 sec left
CG set 3750 / 4710    4085.6554 GFlop/s     (510.7069 GFlop/s per process)    79%    643.3 sec left
CG set 3751 / 4710    4085.6538 GFlop/s     (510.7067 GFlop/s per process)    79%    642.5 sec left
CG set 3752 / 4710    4085.6534 GFlop/s     (510.7067 GFlop/s per process)    79%    641.7 sec left
CG set 3753 / 4710    4085.6559 GFlop/s     (510.7070 GFlop/s per process)    79%    640.9 sec left
CG set 3754 / 4710    4085.6570 GFlop/s     (510.7071 GFlop/s per process)    79%    640.1 sec left
CG set 3755 / 4710    4085.6575 GFlop/s     (510.7072 GFlop/s per process)    79%    639.3 sec left
CG set 3756 / 4710    4085.6484 GFlop/s     (510.7061 GFlop/s per process)    79%    638.5 sec left
CG set 3757 / 4710    4085.6438 GFlop/s     (510.7055 GFlop/s per process)    79%    637.7 sec left
CG set 3758 / 4710    4085.6418 GFlop/s     (510.7052 GFlop/s per process)    79%    636.9 sec left
CG set 3759 / 4710    4085.6391 GFlop/s     (510.7049 GFlop/s per process)    79%    636.2 sec left
CG set 3760 / 4710    4085.6378 GFlop/s     (510.7047 GFlop/s per process)    79%    635.4 sec left
CG set 3761 / 4710    4085.6375 GFlop/s     (510.7047 GFlop/s per process)    79%    634.6 sec left
CG set 3762 / 4710    4085.6364 GFlop/s     (510.7045 GFlop/s per process)    79%    633.8 sec left
CG set 3763 / 4710    4085.6364 GFlop/s     (510.7046 GFlop/s per process)    79%    633.0 sec left
CG set 3764 / 4710    4085.6315 GFlop/s     (510.7039 GFlop/s per process)    79%    632.2 sec left
CG set 3765 / 4710    4085.6342 GFlop/s     (510.7043 GFlop/s per process)    79%    631.4 sec left
CG set 3766 / 4710    4085.6383 GFlop/s     (510.7048 GFlop/s per process)    79%    630.6 sec left
CG set 3767 / 4710    4085.6444 GFlop/s     (510.7055 GFlop/s per process)    79%    629.8 sec left
CG set 3768 / 4710    4085.6487 GFlop/s     (510.7061 GFlop/s per process)    80%    629.1 sec left
CG set 3769 / 4710    4085.6491 GFlop/s     (510.7061 GFlop/s per process)    80%    628.3 sec left
CG set 3770 / 4710    4085.6479 GFlop/s     (510.7060 GFlop/s per process)    80%    627.5 sec left
CG set 3771 / 4710    4085.6474 GFlop/s     (510.7059 GFlop/s per process)    80%    626.7 sec left
CG set 3772 / 4710    4085.6435 GFlop/s     (510.7054 GFlop/s per process)    80%    625.9 sec left
CG set 3773 / 4710    4085.6348 GFlop/s     (510.7044 GFlop/s per process)    80%    625.1 sec left
CG set 3774 / 4710    4085.6309 GFlop/s     (510.7039 GFlop/s per process)    80%    624.3 sec left
CG set 3775 / 4710    4085.6326 GFlop/s     (510.7041 GFlop/s per process)    80%    623.5 sec left
CG set 3776 / 4710    4085.6355 GFlop/s     (510.7044 GFlop/s per process)    80%    622.7 sec left
CG set 3777 / 4710    4085.6342 GFlop/s     (510.7043 GFlop/s per process)    80%    622.0 sec left
CG set 3778 / 4710    4085.6375 GFlop/s     (510.7047 GFlop/s per process)    80%    621.2 sec left
CG set 3779 / 4710    4085.6314 GFlop/s     (510.7039 GFlop/s per process)    80%    620.4 sec left
CG set 3780 / 4710    4085.6271 GFlop/s     (510.7034 GFlop/s per process)    80%    619.6 sec left
CG set 3781 / 4710    4085.6259 GFlop/s     (510.7032 GFlop/s per process)    80%    618.8 sec left
CG set 3782 / 4710    4085.6174 GFlop/s     (510.7022 GFlop/s per process)    80%    618.0 sec left
CG set 3783 / 4710    4085.6176 GFlop/s     (510.7022 GFlop/s per process)    80%    617.2 sec left
CG set 3784 / 4710    4085.6184 GFlop/s     (510.7023 GFlop/s per process)    80%    616.4 sec left
CG set 3785 / 4710    4085.6134 GFlop/s     (510.7017 GFlop/s per process)    80%    615.6 sec left
CG set 3786 / 4710    4085.6068 GFlop/s     (510.7009 GFlop/s per process)    80%    614.8 sec left
CG set 3787 / 4710    4085.5966 GFlop/s     (510.6996 GFlop/s per process)    80%    614.0 sec left
CG set 3788 / 4710    4085.5885 GFlop/s     (510.6986 GFlop/s per process)    80%    613.2 sec left
CG set 3789 / 4710    4085.5798 GFlop/s     (510.6975 GFlop/s per process)    80%    612.5 sec left
CG set 3790 / 4710    4085.5728 GFlop/s     (510.6966 GFlop/s per process)    80%    611.7 sec left
CG set 3791 / 4710    4085.5628 GFlop/s     (510.6954 GFlop/s per process)    80%    610.9 sec left
CG set 3792 / 4710    4085.5465 GFlop/s     (510.6933 GFlop/s per process)    80%    610.1 sec left
CG set 3793 / 4710    4085.5377 GFlop/s     (510.6922 GFlop/s per process)    80%    609.3 sec left
CG set 3794 / 4710    4085.5281 GFlop/s     (510.6910 GFlop/s per process)    80%    608.5 sec left
CG set 3795 / 4710    4085.5171 GFlop/s     (510.6896 GFlop/s per process)    80%    607.7 sec left
CG set 3796 / 4710    4085.5018 GFlop/s     (510.6877 GFlop/s per process)    80%    606.9 sec left
CG set 3797 / 4710    4085.4866 GFlop/s     (510.6858 GFlop/s per process)    80%    606.1 sec left
CG set 3798 / 4710    4085.4764 GFlop/s     (510.6845 GFlop/s per process)    80%    605.3 sec left
CG set 3799 / 4710    4085.4647 GFlop/s     (510.6831 GFlop/s per process)    80%    604.5 sec left
CG set 3800 / 4710    4085.4478 GFlop/s     (510.6810 GFlop/s per process)    80%    603.7 sec left
CG set 3801 / 4710    4085.4332 GFlop/s     (510.6791 GFlop/s per process)    80%    602.9 sec left
CG set 3802 / 4710    4085.4186 GFlop/s     (510.6773 GFlop/s per process)    80%    602.1 sec left
CG set 3803 / 4710    4085.4039 GFlop/s     (510.6755 GFlop/s per process)    80%    601.3 sec left
CG set 3804 / 4710    4085.3820 GFlop/s     (510.6727 GFlop/s per process)    80%    600.5 sec left
CG set 3805 / 4710    4085.3553 GFlop/s     (510.6694 GFlop/s per process)    80%    599.7 sec left
CG set 3806 / 4710    4085.3344 GFlop/s     (510.6668 GFlop/s per process)    80%    598.9 sec left
CG set 3807 / 4710    4085.3101 GFlop/s     (510.6638 GFlop/s per process)    80%    598.1 sec left
CG set 3808 / 4710    4085.2894 GFlop/s     (510.6612 GFlop/s per process)    80%    597.3 sec left
CG set 3809 / 4710    4085.2697 GFlop/s     (510.6587 GFlop/s per process)    80%    596.5 sec left
CG set 3810 / 4710    4085.2472 GFlop/s     (510.6559 GFlop/s per process)    80%    595.6 sec left
CG set 3811 / 4710    4085.2208 GFlop/s     (510.6526 GFlop/s per process)    80%    594.8 sec left
CG set 3812 / 4710    4085.1972 GFlop/s     (510.6497 GFlop/s per process)    80%    594.0 sec left
CG set 3813 / 4710    4085.1720 GFlop/s     (510.6465 GFlop/s per process)    80%    593.2 sec left
CG set 3814 / 4710    4085.1426 GFlop/s     (510.6428 GFlop/s per process)    80%    592.4 sec left
CG set 3815 / 4710    4085.1149 GFlop/s     (510.6394 GFlop/s per process)    80%    591.6 sec left
CG set 3816 / 4710    4085.0870 GFlop/s     (510.6359 GFlop/s per process)    81%    590.8 sec left
CG set 3817 / 4710    4085.0579 GFlop/s     (510.6322 GFlop/s per process)    81%    590.0 sec left
CG set 3818 / 4710    4085.0293 GFlop/s     (510.6287 GFlop/s per process)    81%    589.2 sec left
CG set 3819 / 4710    4085.0008 GFlop/s     (510.6251 GFlop/s per process)    81%    588.4 sec left
CG set 3820 / 4710    4084.9677 GFlop/s     (510.6210 GFlop/s per process)    81%    587.5 sec left
CG set 3821 / 4710    4084.9432 GFlop/s     (510.6179 GFlop/s per process)    81%    586.7 sec left
CG set 3822 / 4710    4084.9108 GFlop/s     (510.6139 GFlop/s per process)    81%    585.9 sec left
CG set 3823 / 4710    4084.8824 GFlop/s     (510.6103 GFlop/s per process)    81%    585.1 sec left
CG set 3824 / 4710    4084.8597 GFlop/s     (510.6075 GFlop/s per process)    81%    584.3 sec left
CG set 3825 / 4710    4084.8385 GFlop/s     (510.6048 GFlop/s per process)    81%    583.5 sec left
CG set 3826 / 4710    4084.8141 GFlop/s     (510.6018 GFlop/s per process)    81%    582.7 sec left
CG set 3827 / 4710    4084.7953 GFlop/s     (510.5994 GFlop/s per process)    81%    581.9 sec left
CG set 3828 / 4710    4084.7733 GFlop/s     (510.5967 GFlop/s per process)    81%    581.1 sec left
CG set 3829 / 4710    4084.7554 GFlop/s     (510.5944 GFlop/s per process)    81%    580.3 sec left
CG set 3830 / 4710    4084.7378 GFlop/s     (510.5922 GFlop/s per process)    81%    579.5 sec left
CG set 3831 / 4710    4084.7161 GFlop/s     (510.5895 GFlop/s per process)    81%    578.7 sec left
CG set 3832 / 4710    4084.6939 GFlop/s     (510.5867 GFlop/s per process)    81%    577.9 sec left
CG set 3833 / 4710    4084.6737 GFlop/s     (510.5842 GFlop/s per process)    81%    577.1 sec left
CG set 3834 / 4710    4084.6522 GFlop/s     (510.5815 GFlop/s per process)    81%    576.3 sec left
CG set 3835 / 4710    4084.6245 GFlop/s     (510.5781 GFlop/s per process)    81%    575.5 sec left
CG set 3836 / 4710    4084.5960 GFlop/s     (510.5745 GFlop/s per process)    81%    574.7 sec left
CG set 3837 / 4710    4084.5705 GFlop/s     (510.5713 GFlop/s per process)    81%    573.8 sec left
CG set 3838 / 4710    4084.5487 GFlop/s     (510.5686 GFlop/s per process)    81%    573.0 sec left
CG set 3839 / 4710    4084.5296 GFlop/s     (510.5662 GFlop/s per process)    81%    572.2 sec left
CG set 3840 / 4710    4084.5120 GFlop/s     (510.5640 GFlop/s per process)    81%    571.4 sec left
CG set 3841 / 4710    4084.4894 GFlop/s     (510.5612 GFlop/s per process)    81%    570.6 sec left
CG set 3842 / 4710    4084.4671 GFlop/s     (510.5584 GFlop/s per process)    81%    569.8 sec left
CG set 3843 / 4710    4084.4439 GFlop/s     (510.5555 GFlop/s per process)    81%    569.0 sec left
CG set 3844 / 4710    4084.4196 GFlop/s     (510.5524 GFlop/s per process)    81%    568.2 sec left
CG set 3845 / 4710    4084.3970 GFlop/s     (510.5496 GFlop/s per process)    81%    567.4 sec left
CG set 3846 / 4710    4084.3759 GFlop/s     (510.5470 GFlop/s per process)    81%    566.6 sec left
CG set 3847 / 4710    4084.3591 GFlop/s     (510.5449 GFlop/s per process)    81%    565.8 sec left
CG set 3848 / 4710    4084.3412 GFlop/s     (510.5427 GFlop/s per process)    81%    565.0 sec left
CG set 3849 / 4710    4084.3185 GFlop/s     (510.5398 GFlop/s per process)    81%    564.2 sec left
CG set 3850 / 4710    4084.2976 GFlop/s     (510.5372 GFlop/s per process)    81%    563.4 sec left
CG set 3851 / 4710    4084.2760 GFlop/s     (510.5345 GFlop/s per process)    81%    562.6 sec left
CG set 3852 / 4710    4084.2597 GFlop/s     (510.5325 GFlop/s per process)    81%    561.8 sec left
CG set 3853 / 4710    4084.2422 GFlop/s     (510.5303 GFlop/s per process)    81%    561.0 sec left
CG set 3854 / 4710    4084.2230 GFlop/s     (510.5279 GFlop/s per process)    81%    560.2 sec left
CG set 3855 / 4710    4084.2066 GFlop/s     (510.5258 GFlop/s per process)    81%    559.4 sec left
CG set 3856 / 4710    4084.1950 GFlop/s     (510.5244 GFlop/s per process)    81%    558.6 sec left
CG set 3857 / 4710    4084.1799 GFlop/s     (510.5225 GFlop/s per process)    81%    557.8 sec left
CG set 3858 / 4710    4084.1640 GFlop/s     (510.5205 GFlop/s per process)    81%    557.0 sec left
CG set 3859 / 4710    4084.1530 GFlop/s     (510.5191 GFlop/s per process)    81%    556.2 sec left
CG set 3860 / 4710    4084.1424 GFlop/s     (510.5178 GFlop/s per process)    81%    555.4 sec left
CG set 3861 / 4710    4084.1316 GFlop/s     (510.5165 GFlop/s per process)    81%    554.6 sec left
CG set 3862 / 4710    4084.1228 GFlop/s     (510.5153 GFlop/s per process)    81%    553.8 sec left
CG set 3863 / 4710    4084.1147 GFlop/s     (510.5143 GFlop/s per process)    82%    553.0 sec left
CG set 3864 / 4710    4084.1058 GFlop/s     (510.5132 GFlop/s per process)    82%    552.2 sec left
CG set 3865 / 4710    4084.0999 GFlop/s     (510.5125 GFlop/s per process)    82%    551.4 sec left
CG set 3866 / 4710    4084.0829 GFlop/s     (510.5104 GFlop/s per process)    82%    550.6 sec left
CG set 3867 / 4710    4084.0669 GFlop/s     (510.5084 GFlop/s per process)    82%    549.8 sec left
CG set 3868 / 4710    4084.0543 GFlop/s     (510.5068 GFlop/s per process)    82%    549.0 sec left
CG set 3869 / 4710    4084.0458 GFlop/s     (510.5057 GFlop/s per process)    82%    548.2 sec left
CG set 3870 / 4710    4084.0321 GFlop/s     (510.5040 GFlop/s per process)    82%    547.4 sec left
CG set 3871 / 4710    4084.0239 GFlop/s     (510.5030 GFlop/s per process)    82%    546.6 sec left
CG set 3872 / 4710    4084.0175 GFlop/s     (510.5022 GFlop/s per process)    82%    545.8 sec left
CG set 3873 / 4710    4084.0066 GFlop/s     (510.5008 GFlop/s per process)    82%    545.0 sec left
CG set 3874 / 4710    4083.9909 GFlop/s     (510.4989 GFlop/s per process)    82%    544.2 sec left
CG set 3875 / 4710    4083.9844 GFlop/s     (510.4981 GFlop/s per process)    82%    543.4 sec left
CG set 3876 / 4710    4083.9738 GFlop/s     (510.4967 GFlop/s per process)    82%    542.6 sec left
CG set 3877 / 4710    4083.9629 GFlop/s     (510.4954 GFlop/s per process)    82%    541.8 sec left
CG set 3878 / 4710    4083.9569 GFlop/s     (510.4946 GFlop/s per process)    82%    541.0 sec left
CG set 3879 / 4710    4083.9505 GFlop/s     (510.4938 GFlop/s per process)    82%    540.2 sec left
CG set 3880 / 4710    4083.9423 GFlop/s     (510.4928 GFlop/s per process)    82%    539.5 sec left
CG set 3881 / 4710    4083.9295 GFlop/s     (510.4912 GFlop/s per process)    82%    538.7 sec left
CG set 3882 / 4710    4083.9173 GFlop/s     (510.4897 GFlop/s per process)    82%    537.9 sec left
CG set 3883 / 4710    4083.9120 GFlop/s     (510.4890 GFlop/s per process)    82%    537.1 sec left
CG set 3884 / 4710    4083.9052 GFlop/s     (510.4881 GFlop/s per process)    82%    536.3 sec left
CG set 3885 / 4710    4083.8955 GFlop/s     (510.4869 GFlop/s per process)    82%    535.5 sec left
CG set 3886 / 4710    4083.8868 GFlop/s     (510.4859 GFlop/s per process)    82%    534.7 sec left
CG set 3887 / 4710    4083.8809 GFlop/s     (510.4851 GFlop/s per process)    82%    533.9 sec left
CG set 3888 / 4710    4083.8724 GFlop/s     (510.4840 GFlop/s per process)    82%    533.1 sec left
CG set 3889 / 4710    4083.8655 GFlop/s     (510.4832 GFlop/s per process)    82%    532.3 sec left
CG set 3890 / 4710    4083.8627 GFlop/s     (510.4828 GFlop/s per process)    82%    531.5 sec left
CG set 3891 / 4710    4083.8593 GFlop/s     (510.4824 GFlop/s per process)    82%    530.7 sec left
CG set 3892 / 4710    4083.8567 GFlop/s     (510.4821 GFlop/s per process)    82%    529.9 sec left
CG set 3893 / 4710    4083.8501 GFlop/s     (510.4813 GFlop/s per process)    82%    529.1 sec left
CG set 3894 / 4710    4083.8473 GFlop/s     (510.4809 GFlop/s per process)    82%    528.3 sec left
CG set 3895 / 4710    4083.8415 GFlop/s     (510.4802 GFlop/s per process)    82%    527.5 sec left
CG set 3896 / 4710    4083.8352 GFlop/s     (510.4794 GFlop/s per process)    82%    526.7 sec left
CG set 3897 / 4710    4083.8266 GFlop/s     (510.4783 GFlop/s per process)    82%    526.0 sec left
CG set 3898 / 4710    4083.8166 GFlop/s     (510.4771 GFlop/s per process)    82%    525.2 sec left
CG set 3899 / 4710    4083.8011 GFlop/s     (510.4751 GFlop/s per process)    82%    524.4 sec left
CG set 3900 / 4710    4083.7899 GFlop/s     (510.4737 GFlop/s per process)    82%    523.6 sec left
CG set 3901 / 4710    4083.7795 GFlop/s     (510.4724 GFlop/s per process)    82%    522.8 sec left
CG set 3902 / 4710    4083.7730 GFlop/s     (510.4716 GFlop/s per process)    82%    522.0 sec left
CG set 3903 / 4710    4083.7628 GFlop/s     (510.4703 GFlop/s per process)    82%    521.2 sec left
CG set 3904 / 4710    4083.7555 GFlop/s     (510.4694 GFlop/s per process)    82%    520.4 sec left
CG set 3905 / 4710    4083.7427 GFlop/s     (510.4678 GFlop/s per process)    82%    519.6 sec left
CG set 3906 / 4710    4083.7286 GFlop/s     (510.4661 GFlop/s per process)    82%    518.8 sec left
CG set 3907 / 4710    4083.7170 GFlop/s     (510.4646 GFlop/s per process)    82%    518.0 sec left
CG set 3908 / 4710    4083.7083 GFlop/s     (510.4635 GFlop/s per process)    82%    517.2 sec left
CG set 3909 / 4710    4083.6992 GFlop/s     (510.4624 GFlop/s per process)    82%    516.4 sec left
CG set 3910 / 4710    4083.6847 GFlop/s     (510.4606 GFlop/s per process)    83%    515.6 sec left
CG set 3911 / 4710    4083.6783 GFlop/s     (510.4598 GFlop/s per process)    83%    514.8 sec left
CG set 3912 / 4710    4083.6686 GFlop/s     (510.4586 GFlop/s per process)    83%    514.0 sec left
CG set 3913 / 4710    4083.6514 GFlop/s     (510.4564 GFlop/s per process)    83%    513.2 sec left
CG set 3914 / 4710    4083.6342 GFlop/s     (510.4543 GFlop/s per process)    83%    512.4 sec left
CG set 3915 / 4710    4083.6223 GFlop/s     (510.4528 GFlop/s per process)    83%    511.6 sec left
CG set 3916 / 4710    4083.6092 GFlop/s     (510.4512 GFlop/s per process)    83%    510.8 sec left
CG set 3917 / 4710    4083.5975 GFlop/s     (510.4497 GFlop/s per process)    83%    510.0 sec left
CG set 3918 / 4710    4083.5904 GFlop/s     (510.4488 GFlop/s per process)    83%    509.2 sec left
CG set 3919 / 4710    4083.5801 GFlop/s     (510.4475 GFlop/s per process)    83%    508.4 sec left
CG set 3920 / 4710    4083.5708 GFlop/s     (510.4464 GFlop/s per process)    83%    507.6 sec left
CG set 3921 / 4710    4083.5608 GFlop/s     (510.4451 GFlop/s per process)    83%    506.8 sec left
CG set 3922 / 4710    4083.5528 GFlop/s     (510.4441 GFlop/s per process)    83%    506.0 sec left
CG set 3923 / 4710    4083.5441 GFlop/s     (510.4430 GFlop/s per process)    83%    505.2 sec left
CG set 3924 / 4710    4083.5363 GFlop/s     (510.4420 GFlop/s per process)    83%    504.4 sec left
CG set 3925 / 4710    4083.5280 GFlop/s     (510.4410 GFlop/s per process)    83%    503.6 sec left
CG set 3926 / 4710    4083.5180 GFlop/s     (510.4397 GFlop/s per process)    83%    502.8 sec left
CG set 3927 / 4710    4083.5105 GFlop/s     (510.4388 GFlop/s per process)    83%    502.0 sec left
CG set 3928 / 4710    4083.5004 GFlop/s     (510.4375 GFlop/s per process)    83%    501.2 sec left
CG set 3929 / 4710    4083.4845 GFlop/s     (510.4356 GFlop/s per process)    83%    500.4 sec left
CG set 3930 / 4710    4083.4678 GFlop/s     (510.4335 GFlop/s per process)    83%    499.6 sec left
CG set 3931 / 4710    4083.4627 GFlop/s     (510.4328 GFlop/s per process)    83%    498.9 sec left
CG set 3932 / 4710    4083.4482 GFlop/s     (510.4310 GFlop/s per process)    83%    498.1 sec left
CG set 3933 / 4710    4083.4373 GFlop/s     (510.4297 GFlop/s per process)    83%    497.3 sec left
CG set 3934 / 4710    4083.4260 GFlop/s     (510.4283 GFlop/s per process)    83%    496.5 sec left
CG set 3935 / 4710    4083.4160 GFlop/s     (510.4270 GFlop/s per process)    83%    495.7 sec left
CG set 3936 / 4710    4083.4066 GFlop/s     (510.4258 GFlop/s per process)    83%    494.9 sec left
CG set 3937 / 4710    4083.3916 GFlop/s     (510.4240 GFlop/s per process)    83%    494.1 sec left
CG set 3938 / 4710    4083.3825 GFlop/s     (510.4228 GFlop/s per process)    83%    493.3 sec left
CG set 3939 / 4710    4083.3692 GFlop/s     (510.4212 GFlop/s per process)    83%    492.5 sec left
CG set 3940 / 4710    4083.3581 GFlop/s     (510.4198 GFlop/s per process)    83%    491.7 sec left
CG set 3941 / 4710    4083.3477 GFlop/s     (510.4185 GFlop/s per process)    83%    490.9 sec left
CG set 3942 / 4710    4083.3355 GFlop/s     (510.4169 GFlop/s per process)    83%    490.1 sec left
CG set 3943 / 4710    4083.3243 GFlop/s     (510.4155 GFlop/s per process)    83%    489.3 sec left
CG set 3944 / 4710    4083.3081 GFlop/s     (510.4135 GFlop/s per process)    83%    488.5 sec left
CG set 3945 / 4710    4083.2898 GFlop/s     (510.4112 GFlop/s per process)    83%    487.7 sec left
CG set 3946 / 4710    4083.2763 GFlop/s     (510.4095 GFlop/s per process)    83%    486.9 sec left
CG set 3947 / 4710    4083.2661 GFlop/s     (510.4083 GFlop/s per process)    83%    486.1 sec left
CG set 3948 / 4710    4083.2509 GFlop/s     (510.4064 GFlop/s per process)    83%    485.3 sec left
CG set 3949 / 4710    4083.2388 GFlop/s     (510.4049 GFlop/s per process)    83%    484.5 sec left
CG set 3950 / 4710    4083.2261 GFlop/s     (510.4033 GFlop/s per process)    83%    483.7 sec left
CG set 3951 / 4710    4083.2160 GFlop/s     (510.4020 GFlop/s per process)    83%    482.9 sec left
CG set 3952 / 4710    4083.2023 GFlop/s     (510.4003 GFlop/s per process)    83%    482.1 sec left
CG set 3953 / 4710    4083.1946 GFlop/s     (510.3993 GFlop/s per process)    83%    481.3 sec left
CG set 3954 / 4710    4083.1884 GFlop/s     (510.3985 GFlop/s per process)    83%    480.5 sec left
CG set 3955 / 4710    4083.1820 GFlop/s     (510.3977 GFlop/s per process)    83%    479.7 sec left
CG set 3956 / 4710    4083.1783 GFlop/s     (510.3973 GFlop/s per process)    83%    478.9 sec left
CG set 3957 / 4710    4083.1719 GFlop/s     (510.3965 GFlop/s per process)    84%    478.1 sec left
CG set 3958 / 4710    4083.1630 GFlop/s     (510.3954 GFlop/s per process)    84%    477.3 sec left
CG set 3959 / 4710    4083.1546 GFlop/s     (510.3943 GFlop/s per process)    84%    476.5 sec left
CG set 3960 / 4710    4083.1387 GFlop/s     (510.3923 GFlop/s per process)    84%    475.7 sec left
CG set 3961 / 4710    4083.1243 GFlop/s     (510.3905 GFlop/s per process)    84%    474.9 sec left
CG set 3962 / 4710    4083.1115 GFlop/s     (510.3889 GFlop/s per process)    84%    474.1 sec left
CG set 3963 / 4710    4083.1026 GFlop/s     (510.3878 GFlop/s per process)    84%    473.3 sec left
CG set 3964 / 4710    4083.0998 GFlop/s     (510.3875 GFlop/s per process)    84%    472.5 sec left
CG set 3965 / 4710    4083.0908 GFlop/s     (510.3864 GFlop/s per process)    84%    471.7 sec left
CG set 3966 / 4710    4083.0852 GFlop/s     (510.3857 GFlop/s per process)    84%    470.9 sec left
CG set 3967 / 4710    4083.0793 GFlop/s     (510.3849 GFlop/s per process)    84%    470.2 sec left
CG set 3968 / 4710    4083.0665 GFlop/s     (510.3833 GFlop/s per process)    84%    469.4 sec left
CG set 3969 / 4710    4083.0584 GFlop/s     (510.3823 GFlop/s per process)    84%    468.6 sec left
CG set 3970 / 4710    4083.0461 GFlop/s     (510.3808 GFlop/s per process)    84%    467.8 sec left
CG set 3971 / 4710    4083.0421 GFlop/s     (510.3803 GFlop/s per process)    84%    467.0 sec left
CG set 3972 / 4710    4083.0389 GFlop/s     (510.3799 GFlop/s per process)    84%    466.2 sec left
CG set 3973 / 4710    4083.0359 GFlop/s     (510.3795 GFlop/s per process)    84%    465.4 sec left
CG set 3974 / 4710    4083.0328 GFlop/s     (510.3791 GFlop/s per process)    84%    464.6 sec left
CG set 3975 / 4710    4083.0254 GFlop/s     (510.3782 GFlop/s per process)    84%    463.8 sec left
CG set 3976 / 4710    4083.0140 GFlop/s     (510.3767 GFlop/s per process)    84%    463.0 sec left
CG set 3977 / 4710    4083.0063 GFlop/s     (510.3758 GFlop/s per process)    84%    462.2 sec left
CG set 3978 / 4710    4083.0020 GFlop/s     (510.3753 GFlop/s per process)    84%    461.4 sec left
CG set 3979 / 4710    4082.9942 GFlop/s     (510.3743 GFlop/s per process)    84%    460.6 sec left
CG set 3980 / 4710    4082.9864 GFlop/s     (510.3733 GFlop/s per process)    84%    459.8 sec left
CG set 3981 / 4710    4082.9808 GFlop/s     (510.3726 GFlop/s per process)    84%    459.0 sec left
CG set 3982 / 4710    4082.9725 GFlop/s     (510.3716 GFlop/s per process)    84%    458.2 sec left
CG set 3983 / 4710    4082.9669 GFlop/s     (510.3709 GFlop/s per process)    84%    457.4 sec left
CG set 3984 / 4710    4082.9650 GFlop/s     (510.3706 GFlop/s per process)    84%    456.6 sec left
CG set 3985 / 4710    4082.9608 GFlop/s     (510.3701 GFlop/s per process)    84%    455.9 sec left
CG set 3986 / 4710    4082.9585 GFlop/s     (510.3698 GFlop/s per process)    84%    455.1 sec left
CG set 3987 / 4710    4082.9561 GFlop/s     (510.3695 GFlop/s per process)    84%    454.3 sec left
CG set 3988 / 4710    4082.9501 GFlop/s     (510.3688 GFlop/s per process)    84%    453.5 sec left
CG set 3989 / 4710    4082.9481 GFlop/s     (510.3685 GFlop/s per process)    84%    452.7 sec left
CG set 3990 / 4710    4082.9457 GFlop/s     (510.3682 GFlop/s per process)    84%    451.9 sec left
CG set 3991 / 4710    4082.9396 GFlop/s     (510.3675 GFlop/s per process)    84%    451.1 sec left
CG set 3992 / 4710    4082.9357 GFlop/s     (510.3670 GFlop/s per process)    84%    450.3 sec left
CG set 3993 / 4710    4082.9252 GFlop/s     (510.3657 GFlop/s per process)    84%    449.5 sec left
CG set 3994 / 4710    4082.9212 GFlop/s     (510.3651 GFlop/s per process)    84%    448.7 sec left
CG set 3995 / 4710    4082.9169 GFlop/s     (510.3646 GFlop/s per process)    84%    447.9 sec left
CG set 3996 / 4710    4082.9128 GFlop/s     (510.3641 GFlop/s per process)    84%    447.1 sec left
CG set 3997 / 4710    4082.9063 GFlop/s     (510.3633 GFlop/s per process)    84%    446.3 sec left
CG set 3998 / 4710    4082.9072 GFlop/s     (510.3634 GFlop/s per process)    84%    445.6 sec left
CG set 3999 / 4710    4082.9041 GFlop/s     (510.3630 GFlop/s per process)    84%    444.8 sec left
CG set 4000 / 4710    4082.8927 GFlop/s     (510.3616 GFlop/s per process)    84%    444.0 sec left
CG set 4001 / 4710    4082.8873 GFlop/s     (510.3609 GFlop/s per process)    84%    443.2 sec left
CG set 4002 / 4710    4082.8854 GFlop/s     (510.3607 GFlop/s per process)    84%    442.4 sec left
CG set 4003 / 4710    4082.8779 GFlop/s     (510.3597 GFlop/s per process)    84%    441.6 sec left
CG set 4004 / 4710    4082.8762 GFlop/s     (510.3595 GFlop/s per process)    85%    440.8 sec left
CG set 4005 / 4710    4082.8730 GFlop/s     (510.3591 GFlop/s per process)    85%    440.0 sec left
CG set 4006 / 4710    4082.8699 GFlop/s     (510.3587 GFlop/s per process)    85%    439.2 sec left
CG set 4007 / 4710    4082.8637 GFlop/s     (510.3580 GFlop/s per process)    85%    438.4 sec left
CG set 4008 / 4710    4082.8581 GFlop/s     (510.3573 GFlop/s per process)    85%    437.6 sec left
CG set 4009 / 4710    4082.8535 GFlop/s     (510.3567 GFlop/s per process)    85%    436.8 sec left
CG set 4010 / 4710    4082.8519 GFlop/s     (510.3565 GFlop/s per process)    85%    436.0 sec left
CG set 4011 / 4710    4082.8438 GFlop/s     (510.3555 GFlop/s per process)    85%    435.3 sec left
CG set 4012 / 4710    4082.8396 GFlop/s     (510.3549 GFlop/s per process)    85%    434.5 sec left
CG set 4013 / 4710    4082.8414 GFlop/s     (510.3552 GFlop/s per process)    85%    433.7 sec left
CG set 4014 / 4710    4082.8358 GFlop/s     (510.3545 GFlop/s per process)    85%    432.9 sec left
CG set 4015 / 4710    4082.8297 GFlop/s     (510.3537 GFlop/s per process)    85%    432.1 sec left
CG set 4016 / 4710    4082.8285 GFlop/s     (510.3536 GFlop/s per process)    85%    431.3 sec left
CG set 4017 / 4710    4082.8273 GFlop/s     (510.3534 GFlop/s per process)    85%    430.5 sec left
CG set 4018 / 4710    4082.8302 GFlop/s     (510.3538 GFlop/s per process)    85%    429.7 sec left
CG set 4019 / 4710    4082.8306 GFlop/s     (510.3538 GFlop/s per process)    85%    428.9 sec left
CG set 4020 / 4710    4082.8311 GFlop/s     (510.3539 GFlop/s per process)    85%    428.1 sec left
CG set 4021 / 4710    4082.8311 GFlop/s     (510.3539 GFlop/s per process)    85%    427.4 sec left
CG set 4022 / 4710    4082.8290 GFlop/s     (510.3536 GFlop/s per process)    85%    426.6 sec left
CG set 4023 / 4710    4082.8304 GFlop/s     (510.3538 GFlop/s per process)    85%    425.8 sec left
CG set 4024 / 4710    4082.8273 GFlop/s     (510.3534 GFlop/s per process)    85%    425.0 sec left
CG set 4025 / 4710    4082.8168 GFlop/s     (510.3521 GFlop/s per process)    85%    424.2 sec left
CG set 4026 / 4710    4082.8090 GFlop/s     (510.3511 GFlop/s per process)    85%    423.4 sec left
CG set 4027 / 4710    4082.8112 GFlop/s     (510.3514 GFlop/s per process)    85%    422.6 sec left
CG set 4028 / 4710    4082.8070 GFlop/s     (510.3509 GFlop/s per process)    85%    421.8 sec left
CG set 4029 / 4710    4082.8044 GFlop/s     (510.3505 GFlop/s per process)    85%    421.0 sec left
CG set 4030 / 4710    4082.8073 GFlop/s     (510.3509 GFlop/s per process)    85%    420.2 sec left
CG set 4031 / 4710    4082.8085 GFlop/s     (510.3511 GFlop/s per process)    85%    419.4 sec left
CG set 4032 / 4710    4082.8039 GFlop/s     (510.3505 GFlop/s per process)    85%    418.6 sec left
CG set 4033 / 4710    4082.8006 GFlop/s     (510.3501 GFlop/s per process)    85%    417.9 sec left
CG set 4034 / 4710    4082.7982 GFlop/s     (510.3498 GFlop/s per process)    85%    417.1 sec left
CG set 4035 / 4710    4082.8003 GFlop/s     (510.3500 GFlop/s per process)    85%    416.3 sec left
CG set 4036 / 4710    4082.8039 GFlop/s     (510.3505 GFlop/s per process)    85%    415.5 sec left
CG set 4037 / 4710    4082.8046 GFlop/s     (510.3506 GFlop/s per process)    85%    414.7 sec left
CG set 4038 / 4710    4082.7995 GFlop/s     (510.3499 GFlop/s per process)    85%    413.9 sec left
CG set 4039 / 4710    4082.7961 GFlop/s     (510.3495 GFlop/s per process)    85%    413.1 sec left
CG set 4040 / 4710    4082.7897 GFlop/s     (510.3487 GFlop/s per process)    85%    412.3 sec left
CG set 4041 / 4710    4082.7843 GFlop/s     (510.3480 GFlop/s per process)    85%    411.5 sec left
CG set 4042 / 4710    4082.7853 GFlop/s     (510.3482 GFlop/s per process)    85%    410.7 sec left
CG set 4043 / 4710    4082.7789 GFlop/s     (510.3474 GFlop/s per process)    85%    410.0 sec left
CG set 4044 / 4710    4082.7770 GFlop/s     (510.3471 GFlop/s per process)    85%    409.2 sec left
CG set 4045 / 4710    4082.7790 GFlop/s     (510.3474 GFlop/s per process)    85%    408.4 sec left
CG set 4046 / 4710    4082.7732 GFlop/s     (510.3466 GFlop/s per process)    85%    407.6 sec left
CG set 4047 / 4710    4082.7689 GFlop/s     (510.3461 GFlop/s per process)    85%    406.8 sec left
CG set 4048 / 4710    4082.7689 GFlop/s     (510.3461 GFlop/s per process)    85%    406.0 sec left
CG set 4049 / 4710    4082.7691 GFlop/s     (510.3461 GFlop/s per process)    85%    405.2 sec left
CG set 4050 / 4710    4082.7730 GFlop/s     (510.3466 GFlop/s per process)    85%    404.4 sec left
CG set 4051 / 4710    4082.7757 GFlop/s     (510.3470 GFlop/s per process)    86%    403.6 sec left
CG set 4052 / 4710    4082.7780 GFlop/s     (510.3473 GFlop/s per process)    86%    402.8 sec left
CG set 4053 / 4710    4082.7799 GFlop/s     (510.3475 GFlop/s per process)    86%    402.1 sec left
CG set 4054 / 4710    4082.7781 GFlop/s     (510.3473 GFlop/s per process)    86%    401.3 sec left
CG set 4055 / 4710    4082.7758 GFlop/s     (510.3470 GFlop/s per process)    86%    400.5 sec left
CG set 4056 / 4710    4082.7709 GFlop/s     (510.3464 GFlop/s per process)    86%    399.7 sec left
CG set 4057 / 4710    4082.7611 GFlop/s     (510.3451 GFlop/s per process)    86%    398.9 sec left
CG set 4058 / 4710    4082.7554 GFlop/s     (510.3444 GFlop/s per process)    86%    398.1 sec left
CG set 4059 / 4710    4082.7565 GFlop/s     (510.3446 GFlop/s per process)    86%    397.3 sec left
CG set 4060 / 4710    4082.7552 GFlop/s     (510.3444 GFlop/s per process)    86%    396.5 sec left
CG set 4061 / 4710    4082.7535 GFlop/s     (510.3442 GFlop/s per process)    86%    395.7 sec left
CG set 4062 / 4710    4082.7530 GFlop/s     (510.3441 GFlop/s per process)    86%    394.9 sec left
CG set 4063 / 4710    4082.7497 GFlop/s     (510.3437 GFlop/s per process)    86%    394.1 sec left
CG set 4064 / 4710    4082.7408 GFlop/s     (510.3426 GFlop/s per process)    86%    393.4 sec left
CG set 4065 / 4710    4082.7350 GFlop/s     (510.3419 GFlop/s per process)    86%    392.6 sec left
CG set 4066 / 4710    4082.7298 GFlop/s     (510.3412 GFlop/s per process)    86%    391.8 sec left
CG set 4067 / 4710    4082.7261 GFlop/s     (510.3408 GFlop/s per process)    86%    391.0 sec left
CG set 4068 / 4710    4082.7229 GFlop/s     (510.3404 GFlop/s per process)    86%    390.2 sec left
CG set 4069 / 4710    4082.7235 GFlop/s     (510.3404 GFlop/s per process)    86%    389.4 sec left
CG set 4070 / 4710    4082.7167 GFlop/s     (510.3396 GFlop/s per process)    86%    388.6 sec left
CG set 4071 / 4710    4082.7042 GFlop/s     (510.3380 GFlop/s per process)    86%    387.8 sec left
CG set 4072 / 4710    4082.7032 GFlop/s     (510.3379 GFlop/s per process)    86%    387.0 sec left
CG set 4073 / 4710    4082.7015 GFlop/s     (510.3377 GFlop/s per process)    86%    386.2 sec left
CG set 4074 / 4710    4082.6915 GFlop/s     (510.3364 GFlop/s per process)    86%    385.4 sec left
CG set 4075 / 4710    4082.6870 GFlop/s     (510.3359 GFlop/s per process)    86%    384.6 sec left
CG set 4076 / 4710    4082.6838 GFlop/s     (510.3355 GFlop/s per process)    86%    383.8 sec left
CG set 4077 / 4710    4082.6775 GFlop/s     (510.3347 GFlop/s per process)    86%    383.0 sec left
CG set 4078 / 4710    4082.6706 GFlop/s     (510.3338 GFlop/s per process)    86%    382.2 sec left
CG set 4079 / 4710    4082.6632 GFlop/s     (510.3329 GFlop/s per process)    86%    381.5 sec left
CG set 4080 / 4710    4082.6650 GFlop/s     (510.3331 GFlop/s per process)    86%    380.7 sec left
CG set 4081 / 4710    4082.6661 GFlop/s     (510.3333 GFlop/s per process)    86%    379.9 sec left
CG set 4082 / 4710    4082.6647 GFlop/s     (510.3331 GFlop/s per process)    86%    379.1 sec left
CG set 4083 / 4710    4082.6632 GFlop/s     (510.3329 GFlop/s per process)    86%    378.3 sec left
CG set 4084 / 4710    4082.6615 GFlop/s     (510.3327 GFlop/s per process)    86%    377.5 sec left
CG set 4085 / 4710    4082.6567 GFlop/s     (510.3321 GFlop/s per process)    86%    376.7 sec left
CG set 4086 / 4710    4082.6517 GFlop/s     (510.3315 GFlop/s per process)    86%    375.9 sec left
CG set 4087 / 4710    4082.6434 GFlop/s     (510.3304 GFlop/s per process)    86%    375.1 sec left
CG set 4088 / 4710    4082.6399 GFlop/s     (510.3300 GFlop/s per process)    86%    374.3 sec left
CG set 4089 / 4710    4082.6343 GFlop/s     (510.3293 GFlop/s per process)    86%    373.5 sec left
CG set 4090 / 4710    4082.6309 GFlop/s     (510.3289 GFlop/s per process)    86%    372.7 sec left
CG set 4091 / 4710    4082.6277 GFlop/s     (510.3285 GFlop/s per process)    86%    372.0 sec left
CG set 4092 / 4710    4082.6250 GFlop/s     (510.3281 GFlop/s per process)    86%    371.2 sec left
CG set 4093 / 4710    4082.6215 GFlop/s     (510.3277 GFlop/s per process)    86%    370.4 sec left
CG set 4094 / 4710    4082.6162 GFlop/s     (510.3270 GFlop/s per process)    86%    369.6 sec left
CG set 4095 / 4710    4082.6135 GFlop/s     (510.3267 GFlop/s per process)    86%    368.8 sec left
CG set 4096 / 4710    4082.6090 GFlop/s     (510.3261 GFlop/s per process)    86%    368.0 sec left
CG set 4097 / 4710    4082.6021 GFlop/s     (510.3253 GFlop/s per process)    86%    367.2 sec left
CG set 4098 / 4710    4082.6011 GFlop/s     (510.3251 GFlop/s per process)    87%    366.4 sec left
CG set 4099 / 4710    4082.5985 GFlop/s     (510.3248 GFlop/s per process)    87%    365.6 sec left
CG set 4100 / 4710    4082.5971 GFlop/s     (510.3246 GFlop/s per process)    87%    364.8 sec left
CG set 4101 / 4710    4082.5940 GFlop/s     (510.3242 GFlop/s per process)    87%    364.0 sec left
CG set 4102 / 4710    4082.5840 GFlop/s     (510.3230 GFlop/s per process)    87%    363.2 sec left
CG set 4103 / 4710    4082.5748 GFlop/s     (510.3218 GFlop/s per process)    87%    362.4 sec left
CG set 4104 / 4710    4082.5694 GFlop/s     (510.3212 GFlop/s per process)    87%    361.7 sec left
CG set 4105 / 4710    4082.5653 GFlop/s     (510.3207 GFlop/s per process)    87%    360.9 sec left
CG set 4106 / 4710    4082.5577 GFlop/s     (510.3197 GFlop/s per process)    87%    360.1 sec left
CG set 4107 / 4710    4082.5506 GFlop/s     (510.3188 GFlop/s per process)    87%    359.3 sec left
CG set 4108 / 4710    4082.5466 GFlop/s     (510.3183 GFlop/s per process)    87%    358.5 sec left
CG set 4109 / 4710    4082.5384 GFlop/s     (510.3173 GFlop/s per process)    87%    357.7 sec left
CG set 4110 / 4710    4082.5317 GFlop/s     (510.3165 GFlop/s per process)    87%    356.9 sec left
CG set 4111 / 4710    4082.5281 GFlop/s     (510.3160 GFlop/s per process)    87%    356.1 sec left
CG set 4112 / 4710    4082.5274 GFlop/s     (510.3159 GFlop/s per process)    87%    355.3 sec left
CG set 4113 / 4710    4082.5276 GFlop/s     (510.3160 GFlop/s per process)    87%    354.5 sec left
CG set 4114 / 4710    4082.5217 GFlop/s     (510.3152 GFlop/s per process)    87%    353.7 sec left
CG set 4115 / 4710    4082.5160 GFlop/s     (510.3145 GFlop/s per process)    87%    352.9 sec left
CG set 4116 / 4710    4082.5104 GFlop/s     (510.3138 GFlop/s per process)    87%    352.1 sec left
CG set 4117 / 4710    4082.5055 GFlop/s     (510.3132 GFlop/s per process)    87%    351.3 sec left
CG set 4118 / 4710    4082.5010 GFlop/s     (510.3126 GFlop/s per process)    87%    350.5 sec left
CG set 4119 / 4710    4082.4897 GFlop/s     (510.3112 GFlop/s per process)    87%    349.7 sec left
CG set 4120 / 4710    4082.4778 GFlop/s     (510.3097 GFlop/s per process)    87%    349.0 sec left
CG set 4121 / 4710    4082.4715 GFlop/s     (510.3089 GFlop/s per process)    87%    348.2 sec left
CG set 4122 / 4710    4082.4630 GFlop/s     (510.3079 GFlop/s per process)    87%    347.4 sec left
CG set 4123 / 4710    4082.4572 GFlop/s     (510.3072 GFlop/s per process)    87%    346.6 sec left
CG set 4124 / 4710    4082.4546 GFlop/s     (510.3068 GFlop/s per process)    87%    345.8 sec left
CG set 4125 / 4710    4082.4462 GFlop/s     (510.3058 GFlop/s per process)    87%    345.0 sec left
CG set 4126 / 4710    4082.4376 GFlop/s     (510.3047 GFlop/s per process)    87%    344.2 sec left
CG set 4127 / 4710    4082.4259 GFlop/s     (510.3032 GFlop/s per process)    87%    343.4 sec left
CG set 4128 / 4710    4082.4177 GFlop/s     (510.3022 GFlop/s per process)    87%    342.6 sec left
CG set 4129 / 4710    4082.4108 GFlop/s     (510.3013 GFlop/s per process)    87%    341.8 sec left
CG set 4130 / 4710    4082.4047 GFlop/s     (510.3006 GFlop/s per process)    87%    341.0 sec left
CG set 4131 / 4710    4082.3979 GFlop/s     (510.2997 GFlop/s per process)    87%    340.2 sec left
CG set 4132 / 4710    4082.3912 GFlop/s     (510.2989 GFlop/s per process)    87%    339.4 sec left
CG set 4133 / 4710    4082.3866 GFlop/s     (510.2983 GFlop/s per process)    87%    338.6 sec left
CG set 4134 / 4710    4082.3748 GFlop/s     (510.2969 GFlop/s per process)    87%    337.8 sec left
CG set 4135 / 4710    4082.3659 GFlop/s     (510.2957 GFlop/s per process)    87%    337.0 sec left
CG set 4136 / 4710    4082.3616 GFlop/s     (510.2952 GFlop/s per process)    87%    336.2 sec left
CG set 4137 / 4710    4082.3523 GFlop/s     (510.2940 GFlop/s per process)    87%    335.4 sec left
CG set 4138 / 4710    4082.3409 GFlop/s     (510.2926 GFlop/s per process)    87%    334.6 sec left
CG set 4139 / 4710    4082.3306 GFlop/s     (510.2913 GFlop/s per process)    87%    333.8 sec left
CG set 4140 / 4710    4082.3226 GFlop/s     (510.2903 GFlop/s per process)    87%    333.0 sec left
CG set 4141 / 4710    4082.3164 GFlop/s     (510.2895 GFlop/s per process)    87%    332.2 sec left
CG set 4142 / 4710    4082.3111 GFlop/s     (510.2889 GFlop/s per process)    87%    331.5 sec left
CG set 4143 / 4710    4082.3061 GFlop/s     (510.2883 GFlop/s per process)    87%    330.7 sec left
CG set 4144 / 4710    4082.3056 GFlop/s     (510.2882 GFlop/s per process)    87%    329.9 sec left
CG set 4145 / 4710    4082.3043 GFlop/s     (510.2880 GFlop/s per process)    88%    329.1 sec left
CG set 4146 / 4710    4082.3037 GFlop/s     (510.2880 GFlop/s per process)    88%    328.3 sec left
CG set 4147 / 4710    4082.2990 GFlop/s     (510.2874 GFlop/s per process)    88%    327.5 sec left
CG set 4148 / 4710    4082.2939 GFlop/s     (510.2867 GFlop/s per process)    88%    326.7 sec left
CG set 4149 / 4710    4082.2926 GFlop/s     (510.2866 GFlop/s per process)    88%    325.9 sec left
CG set 4150 / 4710    4082.2865 GFlop/s     (510.2858 GFlop/s per process)    88%    325.1 sec left
CG set 4151 / 4710    4082.2810 GFlop/s     (510.2851 GFlop/s per process)    88%    324.3 sec left
CG set 4152 / 4710    4082.2789 GFlop/s     (510.2849 GFlop/s per process)    88%    323.5 sec left
CG set 4153 / 4710    4082.2739 GFlop/s     (510.2842 GFlop/s per process)    88%    322.7 sec left
CG set 4154 / 4710    4082.2709 GFlop/s     (510.2839 GFlop/s per process)    88%    322.0 sec left
CG set 4155 / 4710    4082.2670 GFlop/s     (510.2834 GFlop/s per process)    88%    321.2 sec left
CG set 4156 / 4710    4082.2658 GFlop/s     (510.2832 GFlop/s per process)    88%    320.4 sec left
CG set 4157 / 4710    4082.2623 GFlop/s     (510.2828 GFlop/s per process)    88%    319.6 sec left
CG set 4158 / 4710    4082.2550 GFlop/s     (510.2819 GFlop/s per process)    88%    318.8 sec left
CG set 4159 / 4710    4082.2501 GFlop/s     (510.2813 GFlop/s per process)    88%    318.0 sec left
CG set 4160 / 4710    4082.2430 GFlop/s     (510.2804 GFlop/s per process)    88%    317.2 sec left
CG set 4161 / 4710    4082.2410 GFlop/s     (510.2801 GFlop/s per process)    88%    316.4 sec left
CG set 4162 / 4710    4082.2380 GFlop/s     (510.2798 GFlop/s per process)    88%    315.6 sec left
CG set 4163 / 4710    4082.2364 GFlop/s     (510.2795 GFlop/s per process)    88%    314.8 sec left
CG set 4164 / 4710    4082.2358 GFlop/s     (510.2795 GFlop/s per process)    88%    314.0 sec left
CG set 4165 / 4710    4082.2272 GFlop/s     (510.2784 GFlop/s per process)    88%    313.2 sec left
CG set 4166 / 4710    4082.2200 GFlop/s     (510.2775 GFlop/s per process)    88%    312.4 sec left
CG set 4167 / 4710    4082.2145 GFlop/s     (510.2768 GFlop/s per process)    88%    311.6 sec left
CG set 4168 / 4710    4082.2086 GFlop/s     (510.2761 GFlop/s per process)    88%    310.9 sec left
CG set 4169 / 4710    4082.1995 GFlop/s     (510.2749 GFlop/s per process)    88%    310.1 sec left
CG set 4170 / 4710    4082.1937 GFlop/s     (510.2742 GFlop/s per process)    88%    309.3 sec left
CG set 4171 / 4710    4082.1923 GFlop/s     (510.2740 GFlop/s per process)    88%    308.5 sec left
CG set 4172 / 4710    4082.1900 GFlop/s     (510.2737 GFlop/s per process)    88%    307.7 sec left
CG set 4173 / 4710    4082.1848 GFlop/s     (510.2731 GFlop/s per process)    88%    306.9 sec left
CG set 4174 / 4710    4082.1826 GFlop/s     (510.2728 GFlop/s per process)    88%    306.1 sec left
CG set 4175 / 4710    4082.1821 GFlop/s     (510.2728 GFlop/s per process)    88%    305.3 sec left
CG set 4176 / 4710    4082.1831 GFlop/s     (510.2729 GFlop/s per process)    88%    304.5 sec left
CG set 4177 / 4710    4082.1836 GFlop/s     (510.2730 GFlop/s per process)    88%    303.7 sec left
CG set 4178 / 4710    4082.1823 GFlop/s     (510.2728 GFlop/s per process)    88%    302.9 sec left
CG set 4179 / 4710    4082.1812 GFlop/s     (510.2726 GFlop/s per process)    88%    302.2 sec left
CG set 4180 / 4710    4082.1815 GFlop/s     (510.2727 GFlop/s per process)    88%    301.4 sec left
CG set 4181 / 4710    4082.1796 GFlop/s     (510.2724 GFlop/s per process)    88%    300.6 sec left
CG set 4182 / 4710    4082.1758 GFlop/s     (510.2720 GFlop/s per process)    88%    299.8 sec left
CG set 4183 / 4710    4082.1655 GFlop/s     (510.2707 GFlop/s per process)    88%    299.0 sec left
CG set 4184 / 4710    4082.1630 GFlop/s     (510.2704 GFlop/s per process)    88%    298.2 sec left
CG set 4185 / 4710    4082.1578 GFlop/s     (510.2697 GFlop/s per process)    88%    297.4 sec left
CG set 4186 / 4710    4082.1578 GFlop/s     (510.2697 GFlop/s per process)    88%    296.6 sec left
CG set 4187 / 4710    4082.1563 GFlop/s     (510.2695 GFlop/s per process)    88%    295.8 sec left
CG set 4188 / 4710    4082.1515 GFlop/s     (510.2689 GFlop/s per process)    88%    295.0 sec left
CG set 4189 / 4710    4082.1476 GFlop/s     (510.2684 GFlop/s per process)    88%    294.2 sec left
CG set 4190 / 4710    4082.1383 GFlop/s     (510.2673 GFlop/s per process)    88%    293.4 sec left
CG set 4191 / 4710    4082.1301 GFlop/s     (510.2663 GFlop/s per process)    88%    292.6 sec left
CG set 4192 / 4710    4082.1263 GFlop/s     (510.2658 GFlop/s per process)    89%    291.8 sec left
CG set 4193 / 4710    4082.1282 GFlop/s     (510.2660 GFlop/s per process)    89%    291.1 sec left
CG set 4194 / 4710    4082.1288 GFlop/s     (510.2661 GFlop/s per process)    89%    290.3 sec left
CG set 4195 / 4710    4082.1255 GFlop/s     (510.2657 GFlop/s per process)    89%    289.5 sec left
CG set 4196 / 4710    4082.1208 GFlop/s     (510.2651 GFlop/s per process)    89%    288.7 sec left
CG set 4197 / 4710    4082.1151 GFlop/s     (510.2644 GFlop/s per process)    89%    287.9 sec left
CG set 4198 / 4710    4082.1059 GFlop/s     (510.2632 GFlop/s per process)    89%    287.1 sec left
CG set 4199 / 4710    4082.1010 GFlop/s     (510.2626 GFlop/s per process)    89%    286.3 sec left
CG set 4200 / 4710    4082.0966 GFlop/s     (510.2621 GFlop/s per process)    89%    285.5 sec left
CG set 4201 / 4710    4082.0843 GFlop/s     (510.2605 GFlop/s per process)    89%    284.7 sec left
CG set 4202 / 4710    4082.0812 GFlop/s     (510.2602 GFlop/s per process)    89%    283.9 sec left
CG set 4203 / 4710    4082.0799 GFlop/s     (510.2600 GFlop/s per process)    89%    283.1 sec left
CG set 4204 / 4710    4082.0768 GFlop/s     (510.2596 GFlop/s per process)    89%    282.3 sec left
CG set 4205 / 4710    4082.0740 GFlop/s     (510.2592 GFlop/s per process)    89%    281.5 sec left
CG set 4206 / 4710    4082.0732 GFlop/s     (510.2592 GFlop/s per process)    89%    280.8 sec left
CG set 4207 / 4710    4082.0687 GFlop/s     (510.2586 GFlop/s per process)    89%    280.0 sec left
CG set 4208 / 4710    4082.0698 GFlop/s     (510.2587 GFlop/s per process)    89%    279.2 sec left
CG set 4209 / 4710    4082.0655 GFlop/s     (510.2582 GFlop/s per process)    89%    278.4 sec left
CG set 4210 / 4710    4082.0664 GFlop/s     (510.2583 GFlop/s per process)    89%    277.6 sec left
CG set 4211 / 4710    4082.0642 GFlop/s     (510.2580 GFlop/s per process)    89%    276.8 sec left
CG set 4212 / 4710    4082.0621 GFlop/s     (510.2578 GFlop/s per process)    89%    276.0 sec left
CG set 4213 / 4710    4082.0564 GFlop/s     (510.2571 GFlop/s per process)    89%    275.2 sec left
CG set 4214 / 4710    4082.0509 GFlop/s     (510.2564 GFlop/s per process)    89%    274.4 sec left
CG set 4215 / 4710    4082.0469 GFlop/s     (510.2559 GFlop/s per process)    89%    273.6 sec left
CG set 4216 / 4710    4082.0447 GFlop/s     (510.2556 GFlop/s per process)    89%    272.8 sec left
CG set 4217 / 4710    4082.0436 GFlop/s     (510.2555 GFlop/s per process)    89%    272.0 sec left
CG set 4218 / 4710    4082.0383 GFlop/s     (510.2548 GFlop/s per process)    89%    271.3 sec left
CG set 4219 / 4710    4082.0340 GFlop/s     (510.2543 GFlop/s per process)    89%    270.5 sec left
CG set 4220 / 4710    4082.0263 GFlop/s     (510.2533 GFlop/s per process)    89%    269.7 sec left
CG set 4221 / 4710    4082.0205 GFlop/s     (510.2526 GFlop/s per process)    89%    268.9 sec left
CG set 4222 / 4710    4082.0110 GFlop/s     (510.2514 GFlop/s per process)    89%    268.1 sec left
CG set 4223 / 4710    4082.0040 GFlop/s     (510.2505 GFlop/s per process)    89%    267.3 sec left
CG set 4224 / 4710    4082.0004 GFlop/s     (510.2500 GFlop/s per process)    89%    266.5 sec left
CG set 4225 / 4710    4081.9964 GFlop/s     (510.2495 GFlop/s per process)    89%    265.7 sec left
CG set 4226 / 4710    4081.9926 GFlop/s     (510.2491 GFlop/s per process)    89%    264.9 sec left
CG set 4227 / 4710    4081.9900 GFlop/s     (510.2488 GFlop/s per process)    89%    264.1 sec left
CG set 4228 / 4710    4081.9868 GFlop/s     (510.2483 GFlop/s per process)    89%    263.3 sec left
CG set 4229 / 4710    4081.9818 GFlop/s     (510.2477 GFlop/s per process)    89%    262.5 sec left
CG set 4230 / 4710    4081.9758 GFlop/s     (510.2470 GFlop/s per process)    89%    261.7 sec left
CG set 4231 / 4710    4081.9727 GFlop/s     (510.2466 GFlop/s per process)    89%    260.9 sec left
CG set 4232 / 4710    4081.9681 GFlop/s     (510.2460 GFlop/s per process)    89%    260.1 sec left
CG set 4233 / 4710    4081.9594 GFlop/s     (510.2449 GFlop/s per process)    89%    259.4 sec left
CG set 4234 / 4710    4081.9569 GFlop/s     (510.2446 GFlop/s per process)    89%    258.6 sec left
CG set 4235 / 4710    4081.9590 GFlop/s     (510.2449 GFlop/s per process)    89%    257.8 sec left
CG set 4236 / 4710    4081.9568 GFlop/s     (510.2446 GFlop/s per process)    89%    257.0 sec left
CG set 4237 / 4710    4081.9540 GFlop/s     (510.2442 GFlop/s per process)    89%    256.2 sec left
CG set 4238 / 4710    4081.9535 GFlop/s     (510.2442 GFlop/s per process)    89%    255.4 sec left
CG set 4239 / 4710    4081.9549 GFlop/s     (510.2444 GFlop/s per process)    90%    254.6 sec left
CG set 4240 / 4710    4081.9541 GFlop/s     (510.2443 GFlop/s per process)    90%    253.8 sec left
CG set 4241 / 4710    4081.9595 GFlop/s     (510.2449 GFlop/s per process)    90%    253.0 sec left
CG set 4242 / 4710    4081.9549 GFlop/s     (510.2444 GFlop/s per process)    90%    252.2 sec left
CG set 4243 / 4710    4081.9500 GFlop/s     (510.2438 GFlop/s per process)    90%    251.5 sec left
CG set 4244 / 4710    4081.9500 GFlop/s     (510.2438 GFlop/s per process)    90%    250.7 sec left
CG set 4245 / 4710    4081.9485 GFlop/s     (510.2436 GFlop/s per process)    90%    249.9 sec left
CG set 4246 / 4710    4081.9376 GFlop/s     (510.2422 GFlop/s per process)    90%    249.1 sec left
CG set 4247 / 4710    4081.9330 GFlop/s     (510.2416 GFlop/s per process)    90%    248.3 sec left
CG set 4248 / 4710    4081.9281 GFlop/s     (510.2410 GFlop/s per process)    90%    247.5 sec left
CG set 4249 / 4710    4081.9226 GFlop/s     (510.2403 GFlop/s per process)    90%    246.7 sec left
CG set 4250 / 4710    4081.9170 GFlop/s     (510.2396 GFlop/s per process)    90%    245.9 sec left
CG set 4251 / 4710    4081.9115 GFlop/s     (510.2389 GFlop/s per process)    90%    245.1 sec left
CG set 4252 / 4710    4081.9036 GFlop/s     (510.2379 GFlop/s per process)    90%    244.3 sec left
CG set 4253 / 4710    4081.8958 GFlop/s     (510.2370 GFlop/s per process)    90%    243.5 sec left
CG set 4254 / 4710    4081.8920 GFlop/s     (510.2365 GFlop/s per process)    90%    242.7 sec left
CG set 4255 / 4710    4081.8862 GFlop/s     (510.2358 GFlop/s per process)    90%    241.9 sec left
CG set 4256 / 4710    4081.8822 GFlop/s     (510.2353 GFlop/s per process)    90%    241.1 sec left
CG set 4257 / 4710    4081.8800 GFlop/s     (510.2350 GFlop/s per process)    90%    240.3 sec left
CG set 4258 / 4710    4081.8792 GFlop/s     (510.2349 GFlop/s per process)    90%    239.6 sec left
CG set 4259 / 4710    4081.8748 GFlop/s     (510.2343 GFlop/s per process)    90%    238.8 sec left
CG set 4260 / 4710    4081.8667 GFlop/s     (510.2333 GFlop/s per process)    90%    238.0 sec left
CG set 4261 / 4710    4081.8548 GFlop/s     (510.2319 GFlop/s per process)    90%    237.2 sec left
CG set 4262 / 4710    4081.8464 GFlop/s     (510.2308 GFlop/s per process)    90%    236.4 sec left
CG set 4263 / 4710    4081.8448 GFlop/s     (510.2306 GFlop/s per process)    90%    235.6 sec left
CG set 4264 / 4710    4081.8358 GFlop/s     (510.2295 GFlop/s per process)    90%    234.8 sec left
CG set 4265 / 4710    4081.8326 GFlop/s     (510.2291 GFlop/s per process)    90%    234.0 sec left
CG set 4266 / 4710    4081.8264 GFlop/s     (510.2283 GFlop/s per process)    90%    233.2 sec left
CG set 4267 / 4710    4081.8217 GFlop/s     (510.2277 GFlop/s per process)    90%    232.4 sec left
CG set 4268 / 4710    4081.8165 GFlop/s     (510.2271 GFlop/s per process)    90%    231.6 sec left
CG set 4269 / 4710    4081.8176 GFlop/s     (510.2272 GFlop/s per process)    90%    230.8 sec left
CG set 4270 / 4710    4081.8143 GFlop/s     (510.2268 GFlop/s per process)    90%    230.0 sec left
CG set 4271 / 4710    4081.8117 GFlop/s     (510.2265 GFlop/s per process)    90%    229.2 sec left
CG set 4272 / 4710    4081.8122 GFlop/s     (510.2265 GFlop/s per process)    90%    228.4 sec left
CG set 4273 / 4710    4081.8105 GFlop/s     (510.2263 GFlop/s per process)    90%    227.7 sec left
CG set 4274 / 4710    4081.8093 GFlop/s     (510.2262 GFlop/s per process)    90%    226.9 sec left
CG set 4275 / 4710    4081.8092 GFlop/s     (510.2262 GFlop/s per process)    90%    226.1 sec left
CG set 4276 / 4710    4081.8087 GFlop/s     (510.2261 GFlop/s per process)    90%    225.3 sec left
CG set 4277 / 4710    4081.8005 GFlop/s     (510.2251 GFlop/s per process)    90%    224.5 sec left
CG set 4278 / 4710    4081.7954 GFlop/s     (510.2244 GFlop/s per process)    90%    223.7 sec left
CG set 4279 / 4710    4081.7912 GFlop/s     (510.2239 GFlop/s per process)    90%    222.9 sec left
CG set 4280 / 4710    4081.7861 GFlop/s     (510.2233 GFlop/s per process)    90%    222.1 sec left
CG set 4281 / 4710    4081.7824 GFlop/s     (510.2228 GFlop/s per process)    90%    221.3 sec left
CG set 4282 / 4710    4081.7815 GFlop/s     (510.2227 GFlop/s per process)    90%    220.5 sec left
CG set 4283 / 4710    4081.7778 GFlop/s     (510.2222 GFlop/s per process)    90%    219.7 sec left
CG set 4284 / 4710    4081.7733 GFlop/s     (510.2217 GFlop/s per process)    90%    218.9 sec left
CG set 4285 / 4710    4081.7684 GFlop/s     (510.2211 GFlop/s per process)    90%    218.2 sec left
CG set 4286 / 4710    4081.7626 GFlop/s     (510.2203 GFlop/s per process)    90%    217.4 sec left
CG set 4287 / 4710    4081.7591 GFlop/s     (510.2199 GFlop/s per process)    91%    216.6 sec left
CG set 4288 / 4710    4081.7590 GFlop/s     (510.2199 GFlop/s per process)    91%    215.8 sec left
CG set 4289 / 4710    4081.7549 GFlop/s     (510.2194 GFlop/s per process)    91%    215.0 sec left
CG set 4290 / 4710    4081.7531 GFlop/s     (510.2191 GFlop/s per process)    91%    214.2 sec left
CG set 4291 / 4710    4081.7507 GFlop/s     (510.2188 GFlop/s per process)    91%    213.4 sec left
CG set 4292 / 4710    4081.7443 GFlop/s     (510.2180 GFlop/s per process)    91%    212.6 sec left
CG set 4293 / 4710    4081.7397 GFlop/s     (510.2175 GFlop/s per process)    91%    211.8 sec left
CG set 4294 / 4710    4081.7349 GFlop/s     (510.2169 GFlop/s per process)    91%    211.0 sec left
CG set 4295 / 4710    4081.7296 GFlop/s     (510.2162 GFlop/s per process)    91%    210.2 sec left
CG set 4296 / 4710    4081.7231 GFlop/s     (510.2154 GFlop/s per process)    91%    209.4 sec left
CG set 4297 / 4710    4081.7208 GFlop/s     (510.2151 GFlop/s per process)    91%    208.6 sec left
CG set 4298 / 4710    4081.7183 GFlop/s     (510.2148 GFlop/s per process)    91%    207.9 sec left
CG set 4299 / 4710    4081.7166 GFlop/s     (510.2146 GFlop/s per process)    91%    207.1 sec left
CG set 4300 / 4710    4081.7131 GFlop/s     (510.2141 GFlop/s per process)    91%    206.3 sec left
CG set 4301 / 4710    4081.7151 GFlop/s     (510.2144 GFlop/s per process)    91%    205.5 sec left
CG set 4302 / 4710    4081.7102 GFlop/s     (510.2138 GFlop/s per process)    91%    204.7 sec left
CG set 4303 / 4710    4081.7095 GFlop/s     (510.2137 GFlop/s per process)    91%    203.9 sec left
CG set 4304 / 4710    4081.7096 GFlop/s     (510.2137 GFlop/s per process)    91%    203.1 sec left
CG set 4305 / 4710    4081.7078 GFlop/s     (510.2135 GFlop/s per process)    91%    202.3 sec left
CG set 4306 / 4710    4081.7028 GFlop/s     (510.2129 GFlop/s per process)    91%    201.5 sec left
CG set 4307 / 4710    4081.7029 GFlop/s     (510.2129 GFlop/s per process)    91%    200.7 sec left
CG set 4308 / 4710    4081.7004 GFlop/s     (510.2125 GFlop/s per process)    91%    199.9 sec left
CG set 4309 / 4710    4081.6943 GFlop/s     (510.2118 GFlop/s per process)    91%    199.1 sec left
CG set 4310 / 4710    4081.6822 GFlop/s     (510.2103 GFlop/s per process)    91%    198.3 sec left
CG set 4311 / 4710    4081.6791 GFlop/s     (510.2099 GFlop/s per process)    91%    197.6 sec left
CG set 4312 / 4710    4081.6783 GFlop/s     (510.2098 GFlop/s per process)    91%    196.8 sec left
CG set 4313 / 4710    4081.6775 GFlop/s     (510.2097 GFlop/s per process)    91%    196.0 sec left
CG set 4314 / 4710    4081.6757 GFlop/s     (510.2095 GFlop/s per process)    91%    195.2 sec left
CG set 4315 / 4710    4081.6717 GFlop/s     (510.2090 GFlop/s per process)    91%    194.4 sec left
CG set 4316 / 4710    4081.6659 GFlop/s     (510.2082 GFlop/s per process)    91%    193.6 sec left
CG set 4317 / 4710    4081.6574 GFlop/s     (510.2072 GFlop/s per process)    91%    192.8 sec left
CG set 4318 / 4710    4081.6557 GFlop/s     (510.2070 GFlop/s per process)    91%    192.0 sec left
CG set 4319 / 4710    4081.6493 GFlop/s     (510.2062 GFlop/s per process)    91%    191.2 sec left
CG set 4320 / 4710    4081.6481 GFlop/s     (510.2060 GFlop/s per process)    91%    190.4 sec left
CG set 4321 / 4710    4081.6449 GFlop/s     (510.2056 GFlop/s per process)    91%    189.6 sec left
CG set 4322 / 4710    4081.6411 GFlop/s     (510.2051 GFlop/s per process)    91%    188.8 sec left
CG set 4323 / 4710    4081.6319 GFlop/s     (510.2040 GFlop/s per process)    91%    188.0 sec left
CG set 4324 / 4710    4081.6246 GFlop/s     (510.2031 GFlop/s per process)    91%    187.3 sec left
CG set 4325 / 4710    4081.6179 GFlop/s     (510.2022 GFlop/s per process)    91%    186.5 sec left
CG set 4326 / 4710    4081.6131 GFlop/s     (510.2016 GFlop/s per process)    91%    185.7 sec left
CG set 4327 / 4710    4081.6038 GFlop/s     (510.2005 GFlop/s per process)    91%    184.9 sec left
CG set 4328 / 4710    4081.5991 GFlop/s     (510.1999 GFlop/s per process)    91%    184.1 sec left
CG set 4329 / 4710    4081.5960 GFlop/s     (510.1995 GFlop/s per process)    91%    183.3 sec left
CG set 4330 / 4710    4081.5910 GFlop/s     (510.1989 GFlop/s per process)    91%    182.5 sec left
CG set 4331 / 4710    4081.5871 GFlop/s     (510.1984 GFlop/s per process)    91%    181.7 sec left
CG set 4332 / 4710    4081.5834 GFlop/s     (510.1979 GFlop/s per process)    91%    180.9 sec left
CG set 4333 / 4710    4081.5822 GFlop/s     (510.1978 GFlop/s per process)    91%    180.1 sec left
CG set 4334 / 4710    4081.5832 GFlop/s     (510.1979 GFlop/s per process)    92%    179.3 sec left
CG set 4335 / 4710    4081.5818 GFlop/s     (510.1977 GFlop/s per process)    92%    178.5 sec left
CG set 4336 / 4710    4081.5810 GFlop/s     (510.1976 GFlop/s per process)    92%    177.7 sec left
CG set 4337 / 4710    4081.5802 GFlop/s     (510.1975 GFlop/s per process)    92%    177.0 sec left
CG set 4338 / 4710    4081.5773 GFlop/s     (510.1972 GFlop/s per process)    92%    176.2 sec left
CG set 4339 / 4710    4081.5733 GFlop/s     (510.1967 GFlop/s per process)    92%    175.4 sec left
CG set 4340 / 4710    4081.5669 GFlop/s     (510.1959 GFlop/s per process)    92%    174.6 sec left
CG set 4341 / 4710    4081.5579 GFlop/s     (510.1947 GFlop/s per process)    92%    173.8 sec left
CG set 4342 / 4710    4081.5530 GFlop/s     (510.1941 GFlop/s per process)    92%    173.0 sec left
CG set 4343 / 4710    4081.5469 GFlop/s     (510.1934 GFlop/s per process)    92%    172.2 sec left
CG set 4344 / 4710    4081.5410 GFlop/s     (510.1926 GFlop/s per process)    92%    171.4 sec left
CG set 4345 / 4710    4081.5381 GFlop/s     (510.1923 GFlop/s per process)    92%    170.6 sec left
CG set 4346 / 4710    4081.5356 GFlop/s     (510.1919 GFlop/s per process)    92%    169.8 sec left
CG set 4347 / 4710    4081.5285 GFlop/s     (510.1911 GFlop/s per process)    92%    169.0 sec left
CG set 4348 / 4710    4081.5205 GFlop/s     (510.1901 GFlop/s per process)    92%    168.2 sec left
CG set 4349 / 4710    4081.5150 GFlop/s     (510.1894 GFlop/s per process)    92%    167.4 sec left
CG set 4350 / 4710    4081.5079 GFlop/s     (510.1885 GFlop/s per process)    92%    166.6 sec left
CG set 4351 / 4710    4081.5057 GFlop/s     (510.1882 GFlop/s per process)    92%    165.8 sec left
CG set 4352 / 4710    4081.5061 GFlop/s     (510.1883 GFlop/s per process)    92%    165.0 sec left
CG set 4353 / 4710    4081.5057 GFlop/s     (510.1882 GFlop/s per process)    92%    164.3 sec left
CG set 4354 / 4710    4081.5027 GFlop/s     (510.1878 GFlop/s per process)    92%    163.5 sec left
CG set 4355 / 4710    4081.4919 GFlop/s     (510.1865 GFlop/s per process)    92%    162.7 sec left
CG set 4356 / 4710    4081.4836 GFlop/s     (510.1855 GFlop/s per process)    92%    161.9 sec left
CG set 4357 / 4710    4081.4814 GFlop/s     (510.1852 GFlop/s per process)    92%    161.1 sec left
CG set 4358 / 4710    4081.4803 GFlop/s     (510.1850 GFlop/s per process)    92%    160.3 sec left
CG set 4359 / 4710    4081.4738 GFlop/s     (510.1842 GFlop/s per process)    92%    159.5 sec left
CG set 4360 / 4710    4081.4664 GFlop/s     (510.1833 GFlop/s per process)    92%    158.7 sec left
CG set 4361 / 4710    4081.4635 GFlop/s     (510.1829 GFlop/s per process)    92%    157.9 sec left
CG set 4362 / 4710    4081.4591 GFlop/s     (510.1824 GFlop/s per process)    92%    157.1 sec left
CG set 4363 / 4710    4081.4576 GFlop/s     (510.1822 GFlop/s per process)    92%    156.3 sec left
CG set 4364 / 4710    4081.4534 GFlop/s     (510.1817 GFlop/s per process)    92%    155.5 sec left
CG set 4365 / 4710    4081.4471 GFlop/s     (510.1809 GFlop/s per process)    92%    154.7 sec left
CG set 4366 / 4710    4081.4476 GFlop/s     (510.1810 GFlop/s per process)    92%    153.9 sec left
CG set 4367 / 4710    4081.4469 GFlop/s     (510.1809 GFlop/s per process)    92%    153.2 sec left
CG set 4368 / 4710    4081.4446 GFlop/s     (510.1806 GFlop/s per process)    92%    152.4 sec left
CG set 4369 / 4710    4081.4405 GFlop/s     (510.1801 GFlop/s per process)    92%    151.6 sec left
CG set 4370 / 4710    4081.4356 GFlop/s     (510.1794 GFlop/s per process)    92%    150.8 sec left
CG set 4371 / 4710    4081.4317 GFlop/s     (510.1790 GFlop/s per process)    92%    150.0 sec left
CG set 4372 / 4710    4081.4244 GFlop/s     (510.1781 GFlop/s per process)    92%    149.2 sec left
CG set 4373 / 4710    4081.4180 GFlop/s     (510.1772 GFlop/s per process)    92%    148.4 sec left
CG set 4374 / 4710    4081.4155 GFlop/s     (510.1769 GFlop/s per process)    92%    147.6 sec left
CG set 4375 / 4710    4081.4098 GFlop/s     (510.1762 GFlop/s per process)    92%    146.8 sec left
CG set 4376 / 4710    4081.4078 GFlop/s     (510.1760 GFlop/s per process)    92%    146.0 sec left
CG set 4377 / 4710    4081.4061 GFlop/s     (510.1758 GFlop/s per process)    92%    145.2 sec left
CG set 4378 / 4710    4081.4030 GFlop/s     (510.1754 GFlop/s per process)    92%    144.4 sec left
CG set 4379 / 4710    4081.3934 GFlop/s     (510.1742 GFlop/s per process)    92%    143.6 sec left
CG set 4380 / 4710    4081.3826 GFlop/s     (510.1728 GFlop/s per process)    92%    142.8 sec left
CG set 4381 / 4710    4081.3725 GFlop/s     (510.1716 GFlop/s per process)    93%    142.0 sec left
CG set 4382 / 4710    4081.3694 GFlop/s     (510.1712 GFlop/s per process)    93%    141.3 sec left
CG set 4383 / 4710    4081.3695 GFlop/s     (510.1712 GFlop/s per process)    93%    140.5 sec left
CG set 4384 / 4710    4081.3662 GFlop/s     (510.1708 GFlop/s per process)    93%    139.7 sec left
CG set 4385 / 4710    4081.3664 GFlop/s     (510.1708 GFlop/s per process)    93%    138.9 sec left
CG set 4386 / 4710    4081.3552 GFlop/s     (510.1694 GFlop/s per process)    93%    138.1 sec left
CG set 4387 / 4710    4081.3476 GFlop/s     (510.1684 GFlop/s per process)    93%    137.3 sec left
CG set 4388 / 4710    4081.3365 GFlop/s     (510.1671 GFlop/s per process)    93%    136.5 sec left
CG set 4389 / 4710    4081.3314 GFlop/s     (510.1664 GFlop/s per process)    93%    135.7 sec left
CG set 4390 / 4710    4081.3264 GFlop/s     (510.1658 GFlop/s per process)    93%    134.9 sec left
CG set 4391 / 4710    4081.3173 GFlop/s     (510.1647 GFlop/s per process)    93%    134.1 sec left
CG set 4392 / 4710    4081.3139 GFlop/s     (510.1642 GFlop/s per process)    93%    133.3 sec left
CG set 4393 / 4710    4081.3100 GFlop/s     (510.1638 GFlop/s per process)    93%    132.5 sec left
CG set 4394 / 4710    4081.3039 GFlop/s     (510.1630 GFlop/s per process)    93%    131.7 sec left
CG set 4395 / 4710    4081.2993 GFlop/s     (510.1624 GFlop/s per process)    93%    130.9 sec left
CG set 4396 / 4710    4081.2985 GFlop/s     (510.1623 GFlop/s per process)    93%    130.1 sec left
CG set 4397 / 4710    4081.2975 GFlop/s     (510.1622 GFlop/s per process)    93%    129.4 sec left
CG set 4398 / 4710    4081.2977 GFlop/s     (510.1622 GFlop/s per process)    93%    128.6 sec left
CG set 4399 / 4710    4081.2945 GFlop/s     (510.1618 GFlop/s per process)    93%    127.8 sec left
CG set 4400 / 4710    4081.2907 GFlop/s     (510.1613 GFlop/s per process)    93%    127.0 sec left
CG set 4401 / 4710    4081.2868 GFlop/s     (510.1608 GFlop/s per process)    93%    126.2 sec left
CG set 4402 / 4710    4081.2816 GFlop/s     (510.1602 GFlop/s per process)    93%    125.4 sec left
CG set 4403 / 4710    4081.2730 GFlop/s     (510.1591 GFlop/s per process)    93%    124.6 sec left
CG set 4404 / 4710    4081.2652 GFlop/s     (510.1581 GFlop/s per process)    93%    123.8 sec left
CG set 4405 / 4710    4081.2579 GFlop/s     (510.1572 GFlop/s per process)    93%    123.0 sec left
CG set 4406 / 4710    4081.2586 GFlop/s     (510.1573 GFlop/s per process)    93%    122.2 sec left
CG set 4407 / 4710    4081.2504 GFlop/s     (510.1563 GFlop/s per process)    93%    121.4 sec left
CG set 4408 / 4710    4081.2408 GFlop/s     (510.1551 GFlop/s per process)    93%    120.6 sec left
CG set 4409 / 4710    4081.2348 GFlop/s     (510.1544 GFlop/s per process)    93%    119.8 sec left
CG set 4410 / 4710    4081.2294 GFlop/s     (510.1537 GFlop/s per process)    93%    119.0 sec left
CG set 4411 / 4710    4081.2213 GFlop/s     (510.1527 GFlop/s per process)    93%    118.2 sec left
CG set 4412 / 4710    4081.2181 GFlop/s     (510.1523 GFlop/s per process)    93%    117.4 sec left
CG set 4413 / 4710    4081.2159 GFlop/s     (510.1520 GFlop/s per process)    93%    116.7 sec left
CG set 4414 / 4710    4081.2115 GFlop/s     (510.1514 GFlop/s per process)    93%    115.9 sec left
CG set 4415 / 4710    4081.2060 GFlop/s     (510.1507 GFlop/s per process)    93%    115.1 sec left
CG set 4416 / 4710    4081.2030 GFlop/s     (510.1504 GFlop/s per process)    93%    114.3 sec left
CG set 4417 / 4710    4081.2014 GFlop/s     (510.1502 GFlop/s per process)    93%    113.5 sec left
CG set 4418 / 4710    4081.1928 GFlop/s     (510.1491 GFlop/s per process)    93%    112.7 sec left
CG set 4419 / 4710    4081.1849 GFlop/s     (510.1481 GFlop/s per process)    93%    111.9 sec left
CG set 4420 / 4710    4081.1764 GFlop/s     (510.1470 GFlop/s per process)    93%    111.1 sec left
CG set 4421 / 4710    4081.1703 GFlop/s     (510.1463 GFlop/s per process)    93%    110.3 sec left
CG set 4422 / 4710    4081.1649 GFlop/s     (510.1456 GFlop/s per process)    93%    109.5 sec left
CG set 4423 / 4710    4081.1592 GFlop/s     (510.1449 GFlop/s per process)    93%    108.7 sec left
CG set 4424 / 4710    4081.1541 GFlop/s     (510.1443 GFlop/s per process)    93%    107.9 sec left
CG set 4425 / 4710    4081.1502 GFlop/s     (510.1438 GFlop/s per process)    93%    107.1 sec left
CG set 4426 / 4710    4081.1449 GFlop/s     (510.1431 GFlop/s per process)    93%    106.3 sec left
CG set 4427 / 4710    4081.1434 GFlop/s     (510.1429 GFlop/s per process)    93%    105.5 sec left
CG set 4428 / 4710    4081.1420 GFlop/s     (510.1427 GFlop/s per process)    94%    104.7 sec left
CG set 4429 / 4710    4081.1437 GFlop/s     (510.1430 GFlop/s per process)    94%    104.0 sec left
CG set 4430 / 4710    4081.1424 GFlop/s     (510.1428 GFlop/s per process)    94%    103.2 sec left
CG set 4431 / 4710    4081.1387 GFlop/s     (510.1423 GFlop/s per process)    94%    102.4 sec left
CG set 4432 / 4710    4081.1356 GFlop/s     (510.1420 GFlop/s per process)    94%    101.6 sec left
CG set 4433 / 4710    4081.1366 GFlop/s     (510.1421 GFlop/s per process)    94%    100.8 sec left
CG set 4434 / 4710    4081.1362 GFlop/s     (510.1420 GFlop/s per process)    94%    100.0 sec left
CG set 4435 / 4710    4081.1249 GFlop/s     (510.1406 GFlop/s per process)    94%    99.2 sec left
CG set 4436 / 4710    4081.1141 GFlop/s     (510.1393 GFlop/s per process)    94%    98.4 sec left
CG set 4437 / 4710    4081.1087 GFlop/s     (510.1386 GFlop/s per process)    94%    97.6 sec left
CG set 4438 / 4710    4081.1106 GFlop/s     (510.1388 GFlop/s per process)    94%    96.8 sec left
CG set 4439 / 4710    4081.1085 GFlop/s     (510.1386 GFlop/s per process)    94%    96.0 sec left
CG set 4440 / 4710    4081.1044 GFlop/s     (510.1380 GFlop/s per process)    94%    95.2 sec left
CG set 4441 / 4710    4081.1021 GFlop/s     (510.1378 GFlop/s per process)    94%    94.4 sec left
CG set 4442 / 4710    4081.0974 GFlop/s     (510.1372 GFlop/s per process)    94%    93.7 sec left
CG set 4443 / 4710    4081.0894 GFlop/s     (510.1362 GFlop/s per process)    94%    92.9 sec left
CG set 4444 / 4710    4081.0814 GFlop/s     (510.1352 GFlop/s per process)    94%    92.1 sec left
CG set 4445 / 4710    4081.0773 GFlop/s     (510.1347 GFlop/s per process)    94%    91.3 sec left
CG set 4446 / 4710    4081.0725 GFlop/s     (510.1341 GFlop/s per process)    94%    90.5 sec left
CG set 4447 / 4710    4081.0680 GFlop/s     (510.1335 GFlop/s per process)    94%    89.7 sec left
CG set 4448 / 4710    4081.0616 GFlop/s     (510.1327 GFlop/s per process)    94%    88.9 sec left
CG set 4449 / 4710    4081.0553 GFlop/s     (510.1319 GFlop/s per process)    94%    88.1 sec left
CG set 4450 / 4710    4081.0469 GFlop/s     (510.1309 GFlop/s per process)    94%    87.3 sec left
CG set 4451 / 4710    4081.0355 GFlop/s     (510.1294 GFlop/s per process)    94%    86.5 sec left
CG set 4452 / 4710    4081.0296 GFlop/s     (510.1287 GFlop/s per process)    94%    85.7 sec left
CG set 4453 / 4710    4081.0254 GFlop/s     (510.1282 GFlop/s per process)    94%    84.9 sec left
CG set 4454 / 4710    4081.0252 GFlop/s     (510.1282 GFlop/s per process)    94%    84.1 sec left
CG set 4455 / 4710    4081.0208 GFlop/s     (510.1276 GFlop/s per process)    94%    83.3 sec left
CG set 4456 / 4710    4081.0203 GFlop/s     (510.1275 GFlop/s per process)    94%    82.5 sec left
CG set 4457 / 4710    4081.0219 GFlop/s     (510.1277 GFlop/s per process)    94%    81.7 sec left
CG set 4458 / 4710    4081.0201 GFlop/s     (510.1275 GFlop/s per process)    94%    81.0 sec left
CG set 4459 / 4710    4081.0196 GFlop/s     (510.1275 GFlop/s per process)    94%    80.2 sec left
CG set 4460 / 4710    4081.0175 GFlop/s     (510.1272 GFlop/s per process)    94%    79.4 sec left
CG set 4461 / 4710    4081.0181 GFlop/s     (510.1273 GFlop/s per process)    94%    78.6 sec left
CG set 4462 / 4710    4081.0195 GFlop/s     (510.1274 GFlop/s per process)    94%    77.8 sec left
CG set 4463 / 4710    4081.0137 GFlop/s     (510.1267 GFlop/s per process)    94%    77.0 sec left
CG set 4464 / 4710    4081.0111 GFlop/s     (510.1264 GFlop/s per process)    94%    76.2 sec left
CG set 4465 / 4710    4081.0108 GFlop/s     (510.1263 GFlop/s per process)    94%    75.4 sec left
CG set 4466 / 4710    4081.0053 GFlop/s     (510.1257 GFlop/s per process)    94%    74.6 sec left
CG set 4467 / 4710    4080.9976 GFlop/s     (510.1247 GFlop/s per process)    94%    73.8 sec left
CG set 4468 / 4710    4080.9951 GFlop/s     (510.1244 GFlop/s per process)    94%    73.0 sec left
CG set 4469 / 4710    4080.9901 GFlop/s     (510.1238 GFlop/s per process)    94%    72.2 sec left
CG set 4470 / 4710    4080.9889 GFlop/s     (510.1236 GFlop/s per process)    94%    71.5 sec left
CG set 4471 / 4710    4080.9868 GFlop/s     (510.1233 GFlop/s per process)    94%    70.7 sec left
CG set 4472 / 4710    4080.9832 GFlop/s     (510.1229 GFlop/s per process)    94%    69.9 sec left
CG set 4473 / 4710    4080.9815 GFlop/s     (510.1227 GFlop/s per process)    94%    69.1 sec left
CG set 4474 / 4710    4080.9766 GFlop/s     (510.1221 GFlop/s per process)    94%    68.3 sec left
CG set 4475 / 4710    4080.9701 GFlop/s     (510.1213 GFlop/s per process)    95%    67.5 sec left
CG set 4476 / 4710    4080.9685 GFlop/s     (510.1211 GFlop/s per process)    95%    66.7 sec left
CG set 4477 / 4710    4080.9680 GFlop/s     (510.1210 GFlop/s per process)    95%    65.9 sec left
CG set 4478 / 4710    4080.9631 GFlop/s     (510.1204 GFlop/s per process)    95%    65.1 sec left
CG set 4479 / 4710    4080.9610 GFlop/s     (510.1201 GFlop/s per process)    95%    64.3 sec left
CG set 4480 / 4710    4080.9616 GFlop/s     (510.1202 GFlop/s per process)    95%    63.5 sec left
CG set 4481 / 4710    4080.9595 GFlop/s     (510.1199 GFlop/s per process)    95%    62.7 sec left
CG set 4482 / 4710    4080.9515 GFlop/s     (510.1189 GFlop/s per process)    95%    62.0 sec left
CG set 4483 / 4710    4080.9487 GFlop/s     (510.1186 GFlop/s per process)    95%    61.2 sec left
CG set 4484 / 4710    4080.9479 GFlop/s     (510.1185 GFlop/s per process)    95%    60.4 sec left
CG set 4485 / 4710    4080.9445 GFlop/s     (510.1181 GFlop/s per process)    95%    59.6 sec left
CG set 4486 / 4710    4080.9366 GFlop/s     (510.1171 GFlop/s per process)    95%    58.8 sec left
CG set 4487 / 4710    4080.9355 GFlop/s     (510.1169 GFlop/s per process)    95%    58.0 sec left
CG set 4488 / 4710    4080.9331 GFlop/s     (510.1166 GFlop/s per process)    95%    57.2 sec left
CG set 4489 / 4710    4080.9316 GFlop/s     (510.1165 GFlop/s per process)    95%    56.4 sec left
CG set 4490 / 4710    4080.9333 GFlop/s     (510.1167 GFlop/s per process)    95%    55.6 sec left
CG set 4491 / 4710    4080.9373 GFlop/s     (510.1172 GFlop/s per process)    95%    54.8 sec left
CG set 4492 / 4710    4080.9391 GFlop/s     (510.1174 GFlop/s per process)    95%    54.0 sec left
CG set 4493 / 4710    4080.9432 GFlop/s     (510.1179 GFlop/s per process)    95%    53.3 sec left
CG set 4494 / 4710    4080.9459 GFlop/s     (510.1182 GFlop/s per process)    95%    52.5 sec left
CG set 4495 / 4710    4080.9445 GFlop/s     (510.1181 GFlop/s per process)    95%    51.7 sec left
CG set 4496 / 4710    4080.9425 GFlop/s     (510.1178 GFlop/s per process)    95%    50.9 sec left
CG set 4497 / 4710    4080.9434 GFlop/s     (510.1179 GFlop/s per process)    95%    50.1 sec left
CG set 4498 / 4710    4080.9403 GFlop/s     (510.1175 GFlop/s per process)    95%    49.3 sec left
CG set 4499 / 4710    4080.9323 GFlop/s     (510.1165 GFlop/s per process)    95%    48.5 sec left
CG set 4500 / 4710    4080.9337 GFlop/s     (510.1167 GFlop/s per process)    95%    47.7 sec left
CG set 4501 / 4710    4080.9352 GFlop/s     (510.1169 GFlop/s per process)    95%    46.9 sec left
CG set 4502 / 4710    4080.9356 GFlop/s     (510.1170 GFlop/s per process)    95%    46.2 sec left
CG set 4503 / 4710    4080.9390 GFlop/s     (510.1174 GFlop/s per process)    95%    45.4 sec left
CG set 4504 / 4710    4080.9446 GFlop/s     (510.1181 GFlop/s per process)    95%    44.6 sec left
CG set 4505 / 4710    4080.9477 GFlop/s     (510.1185 GFlop/s per process)    95%    43.8 sec left
CG set 4506 / 4710    4080.9436 GFlop/s     (510.1179 GFlop/s per process)    95%    43.0 sec left
CG set 4507 / 4710    4080.9412 GFlop/s     (510.1177 GFlop/s per process)    95%    42.2 sec left
CG set 4508 / 4710    4080.9408 GFlop/s     (510.1176 GFlop/s per process)    95%    41.4 sec left
CG set 4509 / 4710    4080.9422 GFlop/s     (510.1178 GFlop/s per process)    95%    40.6 sec left
CG set 4510 / 4710    4080.9470 GFlop/s     (510.1184 GFlop/s per process)    95%    39.8 sec left
CG set 4511 / 4710    4080.9458 GFlop/s     (510.1182 GFlop/s per process)    95%    39.1 sec left
CG set 4512 / 4710    4080.9499 GFlop/s     (510.1187 GFlop/s per process)    95%    38.3 sec left
CG set 4513 / 4710    4080.9494 GFlop/s     (510.1187 GFlop/s per process)    95%    37.5 sec left
CG set 4514 / 4710    4080.9483 GFlop/s     (510.1185 GFlop/s per process)    95%    36.7 sec left
CG set 4515 / 4710    4080.9483 GFlop/s     (510.1185 GFlop/s per process)    95%    35.9 sec left
CG set 4516 / 4710    4080.9546 GFlop/s     (510.1193 GFlop/s per process)    95%    35.1 sec left
CG set 4517 / 4710    4080.9526 GFlop/s     (510.1191 GFlop/s per process)    95%    34.3 sec left
CG set 4518 / 4710    4080.9521 GFlop/s     (510.1190 GFlop/s per process)    95%    33.5 sec left
CG set 4519 / 4710    4080.9570 GFlop/s     (510.1196 GFlop/s per process)    95%    32.8 sec left
CG set 4520 / 4710    4080.9579 GFlop/s     (510.1197 GFlop/s per process)    95%    32.0 sec left
CG set 4521 / 4710    4080.9578 GFlop/s     (510.1197 GFlop/s per process)    95%    31.2 sec left
CG set 4522 / 4710    4080.9614 GFlop/s     (510.1202 GFlop/s per process)    96%    30.4 sec left
CG set 4523 / 4710    4080.9639 GFlop/s     (510.1205 GFlop/s per process)    96%    29.6 sec left
CG set 4524 / 4710    4080.9701 GFlop/s     (510.1213 GFlop/s per process)    96%    28.8 sec left
CG set 4525 / 4710    4080.9730 GFlop/s     (510.1216 GFlop/s per process)    96%    28.0 sec left
CG set 4526 / 4710    4080.9789 GFlop/s     (510.1224 GFlop/s per process)    96%    27.2 sec left
CG set 4527 / 4710    4080.9794 GFlop/s     (510.1224 GFlop/s per process)    96%    26.5 sec left
CG set 4528 / 4710    4080.9832 GFlop/s     (510.1229 GFlop/s per process)    96%    25.7 sec left
CG set 4529 / 4710    4080.9864 GFlop/s     (510.1233 GFlop/s per process)    96%    24.9 sec left
CG set 4530 / 4710    4080.9831 GFlop/s     (510.1229 GFlop/s per process)    96%    24.1 sec left
CG set 4531 / 4710    4080.9780 GFlop/s     (510.1222 GFlop/s per process)    96%    23.3 sec left
CG set 4532 / 4710    4080.9780 GFlop/s     (510.1222 GFlop/s per process)    96%    22.5 sec left
CG set 4533 / 4710    4080.9779 GFlop/s     (510.1222 GFlop/s per process)    96%    21.7 sec left
CG set 4534 / 4710    4080.9789 GFlop/s     (510.1224 GFlop/s per process)    96%    20.9 sec left
CG set 4535 / 4710    4080.9858 GFlop/s     (510.1232 GFlop/s per process)    96%    20.1 sec left
CG set 4536 / 4710    4080.9909 GFlop/s     (510.1239 GFlop/s per process)    96%    19.4 sec left
CG set 4537 / 4710    4080.9870 GFlop/s     (510.1234 GFlop/s per process)    96%    18.6 sec left
CG set 4538 / 4710    4080.9856 GFlop/s     (510.1232 GFlop/s per process)    96%    17.8 sec left
CG set 4539 / 4710    4080.9850 GFlop/s     (510.1231 GFlop/s per process)    96%    17.0 sec left
CG set 4540 / 4710    4080.9860 GFlop/s     (510.1232 GFlop/s per process)    96%    16.2 sec left
CG set 4541 / 4710    4080.9861 GFlop/s     (510.1233 GFlop/s per process)    96%    15.4 sec left
CG set 4542 / 4710    4080.9875 GFlop/s     (510.1234 GFlop/s per process)    96%    14.6 sec left
CG set 4543 / 4710    4080.9917 GFlop/s     (510.1240 GFlop/s per process)    96%    13.8 sec left
CG set 4544 / 4710    4080.9951 GFlop/s     (510.1244 GFlop/s per process)    96%    13.0 sec left
CG set 4545 / 4710    4080.9908 GFlop/s     (510.1239 GFlop/s per process)    96%    12.3 sec left
CG set 4546 / 4710    4080.9894 GFlop/s     (510.1237 GFlop/s per process)    96%    11.5 sec left
CG set 4547 / 4710    4080.9932 GFlop/s     (510.1241 GFlop/s per process)    96%    10.7 sec left
CG set 4548 / 4710    4080.9915 GFlop/s     (510.1239 GFlop/s per process)    96%    9.9 sec left
CG set 4549 / 4710    4080.9890 GFlop/s     (510.1236 GFlop/s per process)    96%    9.1 sec left
CG set 4550 / 4710    4080.9857 GFlop/s     (510.1232 GFlop/s per process)    96%    8.3 sec left
CG set 4551 / 4710    4080.9847 GFlop/s     (510.1231 GFlop/s per process)    96%    7.5 sec left
CG set 4552 / 4710    4080.9848 GFlop/s     (510.1231 GFlop/s per process)    96%    6.7 sec left
CG set 4553 / 4710    4080.9842 GFlop/s     (510.1230 GFlop/s per process)    96%    5.9 sec left
CG set 4554 / 4710    4080.9877 GFlop/s     (510.1235 GFlop/s per process)    96%    5.1 sec left
CG set 4555 / 4710    4080.9908 GFlop/s     (510.1239 GFlop/s per process)    96%    4.4 sec left
CG set 4556 / 4710    4080.9942 GFlop/s     (510.1243 GFlop/s per process)    96%    3.6 sec left
CG set 4557 / 4710    4080.9956 GFlop/s     (510.1244 GFlop/s per process)    96%    2.8 sec left
CG set 4558 / 4710    4080.9968 GFlop/s     (510.1246 GFlop/s per process)    96%    2.0 sec left
CG set 4559 / 4710    4080.9966 GFlop/s     (510.1246 GFlop/s per process)    96%    1.2 sec left
CG set 4560 / 4710    4080.9975 GFlop/s     (510.1247 GFlop/s per process)    96%    0.4 sec left
CG set 4561 / 4710    4080.9929 GFlop/s     (510.1241 GFlop/s per process)    96%    0.0 sec left
CG set 4562 / 4710    4080.9835 GFlop/s     (510.1229 GFlop/s per process)    96%    0.0 sec left
CG set 4563 / 4710    4080.9792 GFlop/s     (510.1224 GFlop/s per process)    96%    0.0 sec left
CG set 4564 / 4710    4080.9799 GFlop/s     (510.1225 GFlop/s per process)    96%    0.0 sec left
CG set 4565 / 4710    4080.9778 GFlop/s     (510.1222 GFlop/s per process)    96%    0.0 sec left
CG set 4566 / 4710    4080.9757 GFlop/s     (510.1220 GFlop/s per process)    96%    0.0 sec left
CG set 4567 / 4710    4080.9685 GFlop/s     (510.1211 GFlop/s per process)    96%    0.0 sec left
CG set 4568 / 4710    4080.9579 GFlop/s     (510.1197 GFlop/s per process)    96%    0.0 sec left
CG set 4569 / 4710    4080.9490 GFlop/s     (510.1186 GFlop/s per process)    97%    0.0 sec left
CG set 4570 / 4710    4080.9346 GFlop/s     (510.1168 GFlop/s per process)    97%    0.0 sec left
CG set 4571 / 4710    4080.9249 GFlop/s     (510.1156 GFlop/s per process)    97%    0.0 sec left
CG set 4572 / 4710    4080.9130 GFlop/s     (510.1141 GFlop/s per process)    97%    0.0 sec left
CG set 4573 / 4710    4080.9018 GFlop/s     (510.1127 GFlop/s per process)    97%    0.0 sec left
CG set 4574 / 4710    4080.8918 GFlop/s     (510.1115 GFlop/s per process)    97%    0.0 sec left
CG set 4575 / 4710    4080.8824 GFlop/s     (510.1103 GFlop/s per process)    97%    0.0 sec left
CG set 4576 / 4710    4080.8664 GFlop/s     (510.1083 GFlop/s per process)    97%    0.0 sec left
CG set 4577 / 4710    4080.8493 GFlop/s     (510.1062 GFlop/s per process)    97%    0.0 sec left
CG set 4578 / 4710    4080.8356 GFlop/s     (510.1045 GFlop/s per process)    97%    0.0 sec left
CG set 4579 / 4710    4080.8217 GFlop/s     (510.1027 GFlop/s per process)    97%    0.0 sec left
CG set 4580 / 4710    4080.8067 GFlop/s     (510.1008 GFlop/s per process)    97%    0.0 sec left
CG set 4581 / 4710    4080.7878 GFlop/s     (510.0985 GFlop/s per process)    97%    0.0 sec left
CG set 4582 / 4710    4080.7712 GFlop/s     (510.0964 GFlop/s per process)    97%    0.0 sec left
CG set 4583 / 4710    4080.7561 GFlop/s     (510.0945 GFlop/s per process)    97%    0.0 sec left
CG set 4584 / 4710    4080.7425 GFlop/s     (510.0928 GFlop/s per process)    97%    0.0 sec left
CG set 4585 / 4710    4080.7266 GFlop/s     (510.0908 GFlop/s per process)    97%    0.0 sec left
CG set 4586 / 4710    4080.7099 GFlop/s     (510.0887 GFlop/s per process)    97%    0.0 sec left
CG set 4587 / 4710    4080.6949 GFlop/s     (510.0869 GFlop/s per process)    97%    0.0 sec left
CG set 4588 / 4710    4080.6790 GFlop/s     (510.0849 GFlop/s per process)    97%    0.0 sec left
CG set 4589 / 4710    4080.6637 GFlop/s     (510.0830 GFlop/s per process)    97%    0.0 sec left
CG set 4590 / 4710    4080.6485 GFlop/s     (510.0811 GFlop/s per process)    97%    0.0 sec left
CG set 4591 / 4710    4080.6307 GFlop/s     (510.0788 GFlop/s per process)    97%    0.0 sec left
CG set 4592 / 4710    4080.6103 GFlop/s     (510.0763 GFlop/s per process)    97%    0.0 sec left
CG set 4593 / 4710    4080.5886 GFlop/s     (510.0736 GFlop/s per process)    97%    0.0 sec left
CG set 4594 / 4710    4080.5658 GFlop/s     (510.0707 GFlop/s per process)    97%    0.0 sec left
CG set 4595 / 4710    4080.5411 GFlop/s     (510.0676 GFlop/s per process)    97%    0.0 sec left
CG set 4596 / 4710    4080.5177 GFlop/s     (510.0647 GFlop/s per process)    97%    0.0 sec left
CG set 4597 / 4710    4080.4983 GFlop/s     (510.0623 GFlop/s per process)    97%    0.0 sec left
CG set 4598 / 4710    4080.4746 GFlop/s     (510.0593 GFlop/s per process)    97%    0.0 sec left
CG set 4599 / 4710    4080.4520 GFlop/s     (510.0565 GFlop/s per process)    97%    0.0 sec left
CG set 4600 / 4710    4080.4271 GFlop/s     (510.0534 GFlop/s per process)    97%    0.0 sec left
CG set 4601 / 4710    4080.4009 GFlop/s     (510.0501 GFlop/s per process)    97%    0.0 sec left
CG set 4602 / 4710    4080.3737 GFlop/s     (510.0467 GFlop/s per process)    97%    0.0 sec left
CG set 4603 / 4710    4080.3468 GFlop/s     (510.0433 GFlop/s per process)    97%    0.0 sec left
CG set 4604 / 4710    4080.3212 GFlop/s     (510.0402 GFlop/s per process)    97%    0.0 sec left
CG set 4605 / 4710    4080.2978 GFlop/s     (510.0372 GFlop/s per process)    97%    0.0 sec left
CG set 4606 / 4710    4080.2713 GFlop/s     (510.0339 GFlop/s per process)    97%    0.0 sec left
CG set 4607 / 4710    4080.2443 GFlop/s     (510.0305 GFlop/s per process)    97%    0.0 sec left
CG set 4608 / 4710    4080.2175 GFlop/s     (510.0272 GFlop/s per process)    97%    0.0 sec left
CG set 4609 / 4710    4080.1883 GFlop/s     (510.0235 GFlop/s per process)    97%    0.0 sec left
CG set 4610 / 4710    4080.1655 GFlop/s     (510.0207 GFlop/s per process)    97%    0.0 sec left
CG set 4611 / 4710    4080.1403 GFlop/s     (510.0175 GFlop/s per process)    97%    0.0 sec left
CG set 4612 / 4710    4080.1148 GFlop/s     (510.0144 GFlop/s per process)    97%    0.0 sec left
CG set 4613 / 4710    4080.0947 GFlop/s     (510.0118 GFlop/s per process)    97%    0.0 sec left
CG set 4614 / 4710    4080.0753 GFlop/s     (510.0094 GFlop/s per process)    97%    0.0 sec left
CG set 4615 / 4710    4080.0557 GFlop/s     (510.0070 GFlop/s per process)    97%    0.0 sec left
CG set 4616 / 4710    4080.0315 GFlop/s     (510.0039 GFlop/s per process)    98%    0.0 sec left
CG set 4617 / 4710    4080.0122 GFlop/s     (510.0015 GFlop/s per process)    98%    0.0 sec left
CG set 4618 / 4710    4079.9904 GFlop/s     (509.9988 GFlop/s per process)    98%    0.0 sec left
CG set 4619 / 4710    4079.9728 GFlop/s     (509.9966 GFlop/s per process)    98%    0.0 sec left
CG set 4620 / 4710    4079.9549 GFlop/s     (509.9944 GFlop/s per process)    98%    0.0 sec left
CG set 4621 / 4710    4079.9376 GFlop/s     (509.9922 GFlop/s per process)    98%    0.0 sec left
CG set 4622 / 4710    4079.9219 GFlop/s     (509.9902 GFlop/s per process)    98%    0.0 sec left
CG set 4623 / 4710    4079.9041 GFlop/s     (509.9880 GFlop/s per process)    98%    0.0 sec left
CG set 4624 / 4710    4079.8813 GFlop/s     (509.9852 GFlop/s per process)    98%    0.0 sec left
CG set 4625 / 4710    4079.8603 GFlop/s     (509.9825 GFlop/s per process)    98%    0.0 sec left
CG set 4626 / 4710    4079.8422 GFlop/s     (509.9803 GFlop/s per process)    98%    0.0 sec left
CG set 4627 / 4710    4079.8255 GFlop/s     (509.9782 GFlop/s per process)    98%    0.0 sec left
CG set 4628 / 4710    4079.8076 GFlop/s     (509.9759 GFlop/s per process)    98%    0.0 sec left
CG set 4629 / 4710    4079.7943 GFlop/s     (509.9743 GFlop/s per process)    98%    0.0 sec left
CG set 4630 / 4710    4079.7777 GFlop/s     (509.9722 GFlop/s per process)    98%    0.0 sec left
CG set 4631 / 4710    4079.7557 GFlop/s     (509.9695 GFlop/s per process)    98%    0.0 sec left
CG set 4632 / 4710    4079.7364 GFlop/s     (509.9670 GFlop/s per process)    98%    0.0 sec left
CG set 4633 / 4710    4079.7188 GFlop/s     (509.9649 GFlop/s per process)    98%    0.0 sec left
CG set 4634 / 4710    4079.7050 GFlop/s     (509.9631 GFlop/s per process)    98%    0.0 sec left
CG set 4635 / 4710    4079.6917 GFlop/s     (509.9615 GFlop/s per process)    98%    0.0 sec left
CG set 4636 / 4710    4079.6733 GFlop/s     (509.9592 GFlop/s per process)    98%    0.0 sec left
CG set 4637 / 4710    4079.6605 GFlop/s     (509.9576 GFlop/s per process)    98%    0.0 sec left
CG set 4638 / 4710    4079.6430 GFlop/s     (509.9554 GFlop/s per process)    98%    0.0 sec left
CG set 4639 / 4710    4079.6273 GFlop/s     (509.9534 GFlop/s per process)    98%    0.0 sec left
CG set 4640 / 4710    4079.6101 GFlop/s     (509.9513 GFlop/s per process)    98%    0.0 sec left
CG set 4641 / 4710    4079.6018 GFlop/s     (509.9502 GFlop/s per process)    98%    0.0 sec left
CG set 4642 / 4710    4079.5888 GFlop/s     (509.9486 GFlop/s per process)    98%    0.0 sec left
CG set 4643 / 4710    4079.5770 GFlop/s     (509.9471 GFlop/s per process)    98%    0.0 sec left
CG set 4644 / 4710    4079.5671 GFlop/s     (509.9459 GFlop/s per process)    98%    0.0 sec left
CG set 4645 / 4710    4079.5558 GFlop/s     (509.9445 GFlop/s per process)    98%    0.0 sec left
CG set 4646 / 4710    4079.5488 GFlop/s     (509.9436 GFlop/s per process)    98%    0.0 sec left
CG set 4647 / 4710    4079.5415 GFlop/s     (509.9427 GFlop/s per process)    98%    0.0 sec left
CG set 4648 / 4710    4079.5376 GFlop/s     (509.9422 GFlop/s per process)    98%    0.0 sec left
CG set 4649 / 4710    4079.5372 GFlop/s     (509.9422 GFlop/s per process)    98%    0.0 sec left
CG set 4650 / 4710    4079.5352 GFlop/s     (509.9419 GFlop/s per process)    98%    0.0 sec left
CG set 4651 / 4710    4079.5333 GFlop/s     (509.9417 GFlop/s per process)    98%    0.0 sec left
CG set 4652 / 4710    4079.5301 GFlop/s     (509.9413 GFlop/s per process)    98%    0.0 sec left
CG set 4653 / 4710    4079.5274 GFlop/s     (509.9409 GFlop/s per process)    98%    0.0 sec left
CG set 4654 / 4710    4079.5243 GFlop/s     (509.9405 GFlop/s per process)    98%    0.0 sec left
CG set 4655 / 4710    4079.5200 GFlop/s     (509.9400 GFlop/s per process)    98%    0.0 sec left
CG set 4656 / 4710    4079.5088 GFlop/s     (509.9386 GFlop/s per process)    98%    0.0 sec left
CG set 4657 / 4710    4079.5067 GFlop/s     (509.9383 GFlop/s per process)    98%    0.0 sec left
CG set 4658 / 4710    4079.5017 GFlop/s     (509.9377 GFlop/s per process)    98%    0.0 sec left
CG set 4659 / 4710    4079.5000 GFlop/s     (509.9375 GFlop/s per process)    98%    0.0 sec left
CG set 4660 / 4710    4079.4989 GFlop/s     (509.9374 GFlop/s per process)    98%    0.0 sec left
CG set 4661 / 4710    4079.4980 GFlop/s     (509.9372 GFlop/s per process)    98%    0.0 sec left
CG set 4662 / 4710    4079.4941 GFlop/s     (509.9368 GFlop/s per process)    98%    0.0 sec left
CG set 4663 / 4710    4079.4892 GFlop/s     (509.9361 GFlop/s per process)    99%    0.0 sec left
CG set 4664 / 4710    4079.4853 GFlop/s     (509.9357 GFlop/s per process)    99%    0.0 sec left
CG set 4665 / 4710    4079.4823 GFlop/s     (509.9353 GFlop/s per process)    99%    0.0 sec left
CG set 4666 / 4710    4079.4815 GFlop/s     (509.9352 GFlop/s per process)    99%    0.0 sec left
CG set 4667 / 4710    4079.4788 GFlop/s     (509.9349 GFlop/s per process)    99%    0.0 sec left
CG set 4668 / 4710    4079.4767 GFlop/s     (509.9346 GFlop/s per process)    99%    0.0 sec left
CG set 4669 / 4710    4079.4755 GFlop/s     (509.9344 GFlop/s per process)    99%    0.0 sec left
CG set 4670 / 4710    4079.4711 GFlop/s     (509.9339 GFlop/s per process)    99%    0.0 sec left
CG set 4671 / 4710    4079.4621 GFlop/s     (509.9328 GFlop/s per process)    99%    0.0 sec left
CG set 4672 / 4710    4079.4618 GFlop/s     (509.9327 GFlop/s per process)    99%    0.0 sec left
CG set 4673 / 4710    4079.4577 GFlop/s     (509.9322 GFlop/s per process)    99%    0.0 sec left
CG set 4674 / 4710    4079.4461 GFlop/s     (509.9308 GFlop/s per process)    99%    0.0 sec left
CG set 4675 / 4710    4079.4409 GFlop/s     (509.9301 GFlop/s per process)    99%    0.0 sec left
CG set 4676 / 4710    4079.4351 GFlop/s     (509.9294 GFlop/s per process)    99%    0.0 sec left
CG set 4677 / 4710    4079.4262 GFlop/s     (509.9283 GFlop/s per process)    99%    0.0 sec left
CG set 4678 / 4710    4079.4232 GFlop/s     (509.9279 GFlop/s per process)    99%    0.0 sec left
CG set 4679 / 4710    4079.4191 GFlop/s     (509.9274 GFlop/s per process)    99%    0.0 sec left
CG set 4680 / 4710    4079.4182 GFlop/s     (509.9273 GFlop/s per process)    99%    0.0 sec left
CG set 4681 / 4710    4079.4113 GFlop/s     (509.9264 GFlop/s per process)    99%    0.0 sec left
CG set 4682 / 4710    4079.4074 GFlop/s     (509.9259 GFlop/s per process)    99%    0.0 sec left
CG set 4683 / 4710    4079.4032 GFlop/s     (509.9254 GFlop/s per process)    99%    0.0 sec left
CG set 4684 / 4710    4079.3935 GFlop/s     (509.9242 GFlop/s per process)    99%    0.0 sec left
CG set 4685 / 4710    4079.3895 GFlop/s     (509.9237 GFlop/s per process)    99%    0.0 sec left
CG set 4686 / 4710    4079.3822 GFlop/s     (509.9228 GFlop/s per process)    99%    0.0 sec left
CG set 4687 / 4710    4079.3700 GFlop/s     (509.9212 GFlop/s per process)    99%    0.0 sec left
CG set 4688 / 4710    4079.3582 GFlop/s     (509.9198 GFlop/s per process)    99%    0.0 sec left
CG set 4689 / 4710    4079.3493 GFlop/s     (509.9187 GFlop/s per process)    99%    0.0 sec left
CG set 4690 / 4710    4079.3381 GFlop/s     (509.9173 GFlop/s per process)    99%    0.0 sec left
CG set 4691 / 4710    4079.3314 GFlop/s     (509.9164 GFlop/s per process)    99%    0.0 sec left
CG set 4692 / 4710    4079.3230 GFlop/s     (509.9154 GFlop/s per process)    99%    0.0 sec left
CG set 4693 / 4710    4079.3128 GFlop/s     (509.9141 GFlop/s per process)    99%    0.0 sec left
CG set 4694 / 4710    4079.3009 GFlop/s     (509.9126 GFlop/s per process)    99%    0.0 sec left
CG set 4695 / 4710    4079.2873 GFlop/s     (509.9109 GFlop/s per process)    99%    0.0 sec left
CG set 4696 / 4710    4079.2755 GFlop/s     (509.9094 GFlop/s per process)    99%    0.0 sec left
CG set 4697 / 4710    4079.2636 GFlop/s     (509.9079 GFlop/s per process)    99%    0.0 sec left
CG set 4698 / 4710    4079.2551 GFlop/s     (509.9069 GFlop/s per process)    99%    0.0 sec left
CG set 4699 / 4710    4079.2443 GFlop/s     (509.9055 GFlop/s per process)    99%    0.0 sec left
CG set 4700 / 4710    4079.2326 GFlop/s     (509.9041 GFlop/s per process)    99%    0.0 sec left
CG set 4701 / 4710    4079.2171 GFlop/s     (509.9021 GFlop/s per process)    99%    0.0 sec left
CG set 4702 / 4710    4079.2022 GFlop/s     (509.9003 GFlop/s per process)    99%    0.0 sec left
CG set 4703 / 4710    4079.1884 GFlop/s     (509.8986 GFlop/s per process)    99%    0.0 sec left
CG set 4704 / 4710    4079.1759 GFlop/s     (509.8970 GFlop/s per process)    99%    0.0 sec left
CG set 4705 / 4710    4079.1630 GFlop/s     (509.8954 GFlop/s per process)    99%    0.0 sec left
CG set 4706 / 4710    4079.1473 GFlop/s     (509.8934 GFlop/s per process)    99%    0.0 sec left
CG set 4707 / 4710    4079.1403 GFlop/s     (509.8925 GFlop/s per process)    99%    0.0 sec left
CG set 4708 / 4710    4079.1293 GFlop/s     (509.8912 GFlop/s per process)    99%    0.0 sec left
CG set 4709 / 4710    4079.1222 GFlop/s     (509.8903 GFlop/s per process)    99%    0.0 sec left
CG set 4710 / 4710    4079.1122 GFlop/s     (509.8890 GFlop/s per process)    100%    0.0 sec left

Local domain: 280 x 280 x 280
Global domain: 560 x 560 x 560
Process domain: 2 x 2 x 2

Total Time: 3719.74 sec
Setup Time: 0.09 sec
Optimization Time: 0.06 sec

DDOT   =  1950.1 GFlop/s (15600.5 GB/s)     243.8 GFlop/s per process ( 1950.1 GB/s per process)
WAXPBY =  1598.6 GFlop/s (19183.8 GB/s)     199.8 GFlop/s per process ( 2398.0 GB/s per process)
SpMV   =  3788.6 GFlop/s (31435.4 GB/s)     473.6 GFlop/s per process ( 3929.4 GB/s per process)
MG     =  5202.4 GFlop/s (50556.8 GB/s)     650.3 GFlop/s per process ( 6319.6 GB/s per process)
Total  =  4488.4 GFlop/s (42724.2 GB/s)     561.1 GFlop/s per process ( 5340.5 GB/s per process)
Final  =  4079.1 GFlop/s (38828.2 GB/s)     509.9 GFlop/s per process ( 4853.5 GB/s per process)
