rocHPCG version: 0.8.6-0c708bb (based on hpcg-3.1)
Using HIP device (0): AMD Instinct MI325X (262128 MB global memory)

Setup Phase took 0.03 sec

Copying GPU assembled data to host for reference computations

Checking assembled data ...

Starting Reference CG Phase ...

REFERENCE Initial Residual = 6.189791e+03
REFERENCE Iteration = 1   Scaled Residual = 1.857860e-01
REFERENCE Iteration = 2   Scaled Residual = 1.019054e-01
REFERENCE Iteration = 3   Scaled Residual = 7.025905e-02
REFERENCE Iteration = 4   Scaled Residual = 5.360183e-02
REFERENCE Iteration = 5   Scaled Residual = 4.327856e-02
REFERENCE Iteration = 6   Scaled Residual = 3.624641e-02
REFERENCE Iteration = 7   Scaled Residual = 3.115415e-02
REFERENCE Iteration = 8   Scaled Residual = 2.730923e-02
REFERENCE Iteration = 9   Scaled Residual = 2.431356e-02
REFERENCE Iteration = 10   Scaled Residual = 2.191473e-02
REFERENCE Iteration = 11   Scaled Residual = 1.994347e-02
REFERENCE Iteration = 12   Scaled Residual = 1.828362e-02
REFERENCE Iteration = 13   Scaled Residual = 1.685506e-02
REFERENCE Iteration = 14   Scaled Residual = 1.560701e-02
REFERENCE Iteration = 15   Scaled Residual = 1.450848e-02
REFERENCE Iteration = 16   Scaled Residual = 1.353915e-02
REFERENCE Iteration = 17   Scaled Residual = 1.268469e-02
REFERENCE Iteration = 18   Scaled Residual = 1.193144e-02
REFERENCE Iteration = 19   Scaled Residual = 1.126361e-02
REFERENCE Iteration = 20   Scaled Residual = 1.066504e-02
REFERENCE Iteration = 21   Scaled Residual = 1.012002e-02
REFERENCE Iteration = 22   Scaled Residual = 9.615379e-03
REFERENCE Iteration = 23   Scaled Residual = 9.143692e-03
REFERENCE Iteration = 24   Scaled Residual = 8.702555e-03
REFERENCE Iteration = 25   Scaled Residual = 8.292447e-03
REFERENCE Iteration = 26   Scaled Residual = 7.915309e-03
REFERENCE Iteration = 27   Scaled Residual = 7.571459e-03
REFERENCE Iteration = 28   Scaled Residual = 7.258084e-03
REFERENCE Iteration = 29   Scaled Residual = 6.970133e-03
REFERENCE Iteration = 30   Scaled Residual = 6.700720e-03
REFERENCE Iteration = 31   Scaled Residual = 6.443245e-03
REFERENCE Iteration = 32   Scaled Residual = 6.194214e-03
REFERENCE Iteration = 33   Scaled Residual = 5.953425e-03
REFERENCE Iteration = 34   Scaled Residual = 5.723817e-03
REFERENCE Iteration = 35   Scaled Residual = 5.511755e-03
REFERENCE Iteration = 36   Scaled Residual = 5.329195e-03
REFERENCE Iteration = 37   Scaled Residual = 5.205363e-03
REFERENCE Iteration = 38   Scaled Residual = 5.211611e-03
REFERENCE Iteration = 39   Scaled Residual = 5.484266e-03
REFERENCE Iteration = 40   Scaled Residual = 6.155526e-03
REFERENCE Iteration = 41   Scaled Residual = 6.907357e-03
REFERENCE Iteration = 42   Scaled Residual = 6.367175e-03
REFERENCE Iteration = 43   Scaled Residual = 4.262981e-03
REFERENCE Iteration = 44   Scaled Residual = 2.750132e-03
REFERENCE Iteration = 45   Scaled Residual = 2.672282e-03
REFERENCE Iteration = 46   Scaled Residual = 2.845057e-03
REFERENCE Iteration = 47   Scaled Residual = 2.169958e-03
REFERENCE Iteration = 48   Scaled Residual = 1.988433e-03
REFERENCE Iteration = 49   Scaled Residual = 1.756998e-03
REFERENCE Iteration = 50   Scaled Residual = 1.585676e-03

Optimization Phase took 0.06 sec

Validation Testing Phase ...

Optimized CG Setup ...

HIP Initial Residual = 6.189791e+03
HIP Iteration = 1   Scaled Residual = 2.181846e-01
HIP Iteration = 2   Scaled Residual = 1.180965e-01
HIP Iteration = 3   Scaled Residual = 8.045615e-02
HIP Iteration = 4   Scaled Residual = 6.089755e-02
HIP Iteration = 5   Scaled Residual = 4.902873e-02
HIP Iteration = 6   Scaled Residual = 4.099753e-02
HIP Iteration = 7   Scaled Residual = 3.522777e-02
HIP Iteration = 8   Scaled Residual = 3.086973e-02
HIP Iteration = 9   Scaled Residual = 2.746225e-02
HIP Iteration = 10   Scaled Residual = 2.472312e-02
HIP Iteration = 11   Scaled Residual = 2.247844e-02
HIP Iteration = 12   Scaled Residual = 2.060266e-02
HIP Iteration = 13   Scaled Residual = 1.901816e-02
HIP Iteration = 14   Scaled Residual = 1.766415e-02
HIP Iteration = 15   Scaled Residual = 1.649797e-02
HIP Iteration = 16   Scaled Residual = 1.548698e-02
HIP Iteration = 17   Scaled Residual = 1.460414e-02
HIP Iteration = 18   Scaled Residual = 1.382617e-02
HIP Iteration = 19   Scaled Residual = 1.313016e-02
HIP Iteration = 20   Scaled Residual = 1.249392e-02
HIP Iteration = 21   Scaled Residual = 1.189707e-02
HIP Iteration = 22   Scaled Residual = 1.132280e-02
HIP Iteration = 23   Scaled Residual = 1.076312e-02
HIP Iteration = 24   Scaled Residual = 1.021822e-02
HIP Iteration = 25   Scaled Residual = 9.693870e-03
HIP Iteration = 26   Scaled Residual = 9.199006e-03
HIP Iteration = 27   Scaled Residual = 8.739697e-03
HIP Iteration = 28   Scaled Residual = 8.318291e-03
HIP Iteration = 29   Scaled Residual = 7.934674e-03
HIP Iteration = 30   Scaled Residual = 7.585779e-03
HIP Iteration = 31   Scaled Residual = 7.267909e-03
HIP Iteration = 32   Scaled Residual = 6.978178e-03
HIP Iteration = 33   Scaled Residual = 6.713992e-03
HIP Iteration = 34   Scaled Residual = 6.475305e-03
HIP Iteration = 35   Scaled Residual = 6.267033e-03
HIP Iteration = 36   Scaled Residual = 6.101336e-03
HIP Iteration = 37   Scaled Residual = 6.002738e-03
HIP Iteration = 38   Scaled Residual = 6.009398e-03
HIP Iteration = 39   Scaled Residual = 6.161507e-03
HIP Iteration = 40   Scaled Residual = 6.460818e-03
HIP Iteration = 41   Scaled Residual = 6.771098e-03
HIP Iteration = 42   Scaled Residual = 6.706237e-03
HIP Iteration = 43   Scaled Residual = 5.830366e-03
HIP Iteration = 44   Scaled Residual = 4.311375e-03
HIP Iteration = 45   Scaled Residual = 2.924462e-03
HIP Iteration = 46   Scaled Residual = 2.227751e-03
HIP Iteration = 47   Scaled Residual = 2.291888e-03
HIP Iteration = 48   Scaled Residual = 2.589115e-03
HIP Iteration = 49   Scaled Residual = 2.094944e-03
HIP Iteration = 50   Scaled Residual = 1.450875e-03

Total device memory usage: 13294 MByte (262128 MByte)

Starting Benchmarking Phase ...

Performing (at least) 5603 CG sets in 3600.0 seconds ...
CG set 1 / 5603    628.3741 GFlop/s     (628.3741 GFlop/s per process)    0%    3599.4 sec left
CG set 2 / 5603    628.0248 GFlop/s     (628.0248 GFlop/s per process)    0%    3598.7 sec left
CG set 3 / 5603    627.8150 GFlop/s     (627.8150 GFlop/s per process)    0%    3598.1 sec left
CG set 4 / 5603    627.7547 GFlop/s     (627.7547 GFlop/s per process)    0%    3597.4 sec left
CG set 5 / 5603    627.5350 GFlop/s     (627.5350 GFlop/s per process)    0%    3596.8 sec left
CG set 6 / 5603    627.6001 GFlop/s     (627.6001 GFlop/s per process)    0%    3596.1 sec left
CG set 7 / 5603    627.5748 GFlop/s     (627.5748 GFlop/s per process)    0%    3595.5 sec left
CG set 8 / 5603    627.5098 GFlop/s     (627.5098 GFlop/s per process)    0%    3594.9 sec left
CG set 9 / 5603    627.4423 GFlop/s     (627.4423 GFlop/s per process)    0%    3594.2 sec left
CG set 10 / 5603    627.4986 GFlop/s     (627.4986 GFlop/s per process)    0%    3593.6 sec left
CG set 11 / 5603    627.4288 GFlop/s     (627.4288 GFlop/s per process)    0%    3592.9 sec left
CG set 12 / 5603    627.3959 GFlop/s     (627.3959 GFlop/s per process)    0%    3592.3 sec left
CG set 13 / 5603    627.3542 GFlop/s     (627.3542 GFlop/s per process)    0%    3591.6 sec left
CG set 14 / 5603    627.3380 GFlop/s     (627.3380 GFlop/s per process)    0%    3591.0 sec left
CG set 15 / 5603    627.3197 GFlop/s     (627.3197 GFlop/s per process)    0%    3590.4 sec left
CG set 16 / 5603    627.2478 GFlop/s     (627.2478 GFlop/s per process)    0%    3589.7 sec left
CG set 17 / 5603    627.2269 GFlop/s     (627.2269 GFlop/s per process)    0%    3589.1 sec left
CG set 18 / 5603    627.2010 GFlop/s     (627.2010 GFlop/s per process)    0%    3588.4 sec left
CG set 19 / 5603    627.1614 GFlop/s     (627.1614 GFlop/s per process)    0%    3587.8 sec left
CG set 20 / 5603    627.0774 GFlop/s     (627.0774 GFlop/s per process)    0%    3587.1 sec left
CG set 21 / 5603    627.0084 GFlop/s     (627.0084 GFlop/s per process)    0%    3586.5 sec left
CG set 22 / 5603    627.0066 GFlop/s     (627.0066 GFlop/s per process)    0%    3585.8 sec left
CG set 23 / 5603    626.9393 GFlop/s     (626.9393 GFlop/s per process)    0%    3585.2 sec left
CG set 24 / 5603    626.8609 GFlop/s     (626.8609 GFlop/s per process)    0%    3584.6 sec left
CG set 25 / 5603    626.7481 GFlop/s     (626.7481 GFlop/s per process)    0%    3583.9 sec left
CG set 26 / 5603    626.6610 GFlop/s     (626.6610 GFlop/s per process)    0%    3583.3 sec left
CG set 27 / 5603    626.5955 GFlop/s     (626.5955 GFlop/s per process)    0%    3582.6 sec left
CG set 28 / 5603    626.5253 GFlop/s     (626.5253 GFlop/s per process)    0%    3582.0 sec left
CG set 29 / 5603    626.4377 GFlop/s     (626.4377 GFlop/s per process)    0%    3581.3 sec left
CG set 30 / 5603    626.3459 GFlop/s     (626.3459 GFlop/s per process)    0%    3580.7 sec left
CG set 31 / 5603    626.3007 GFlop/s     (626.3007 GFlop/s per process)    0%    3580.0 sec left
CG set 32 / 5603    626.2307 GFlop/s     (626.2307 GFlop/s per process)    0%    3579.4 sec left
CG set 33 / 5603    626.1879 GFlop/s     (626.1879 GFlop/s per process)    0%    3578.7 sec left
CG set 34 / 5603    626.0887 GFlop/s     (626.0887 GFlop/s per process)    0%    3578.1 sec left
CG set 35 / 5603    625.9648 GFlop/s     (625.9648 GFlop/s per process)    0%    3577.4 sec left
CG set 36 / 5603    625.8970 GFlop/s     (625.8970 GFlop/s per process)    0%    3576.8 sec left
CG set 37 / 5603    625.8444 GFlop/s     (625.8444 GFlop/s per process)    0%    3576.1 sec left
CG set 38 / 5603    625.8217 GFlop/s     (625.8217 GFlop/s per process)    0%    3575.5 sec left
CG set 39 / 5603    625.7765 GFlop/s     (625.7765 GFlop/s per process)    0%    3574.9 sec left
CG set 40 / 5603    625.7040 GFlop/s     (625.7040 GFlop/s per process)    0%    3574.2 sec left
CG set 41 / 5603    625.6505 GFlop/s     (625.6505 GFlop/s per process)    0%    3573.6 sec left
CG set 42 / 5603    625.5938 GFlop/s     (625.5938 GFlop/s per process)    0%    3572.9 sec left
CG set 43 / 5603    625.5389 GFlop/s     (625.5389 GFlop/s per process)    0%    3572.3 sec left
CG set 44 / 5603    625.5122 GFlop/s     (625.5122 GFlop/s per process)    0%    3571.6 sec left
CG set 45 / 5603    625.4717 GFlop/s     (625.4717 GFlop/s per process)    0%    3571.0 sec left
CG set 46 / 5603    625.4352 GFlop/s     (625.4352 GFlop/s per process)    0%    3570.3 sec left
CG set 47 / 5603    625.4040 GFlop/s     (625.4040 GFlop/s per process)    0%    3569.7 sec left
CG set 48 / 5603    625.3654 GFlop/s     (625.3654 GFlop/s per process)    0%    3569.0 sec left
CG set 49 / 5603    625.3304 GFlop/s     (625.3304 GFlop/s per process)    0%    3568.4 sec left
CG set 50 / 5603    625.2977 GFlop/s     (625.2977 GFlop/s per process)    0%    3567.7 sec left
CG set 51 / 5603    625.2630 GFlop/s     (625.2630 GFlop/s per process)    0%    3567.1 sec left
CG set 52 / 5603    625.2365 GFlop/s     (625.2365 GFlop/s per process)    0%    3566.4 sec left
CG set 53 / 5603    625.2294 GFlop/s     (625.2294 GFlop/s per process)    0%    3565.8 sec left
CG set 54 / 5603    625.2328 GFlop/s     (625.2328 GFlop/s per process)    0%    3565.1 sec left
CG set 55 / 5603    625.2096 GFlop/s     (625.2096 GFlop/s per process)    0%    3564.5 sec left
CG set 56 / 5603    625.1826 GFlop/s     (625.1826 GFlop/s per process)    0%    3563.9 sec left
CG set 57 / 5603    625.1676 GFlop/s     (625.1676 GFlop/s per process)    1%    3563.2 sec left
CG set 58 / 5603    625.1587 GFlop/s     (625.1587 GFlop/s per process)    1%    3562.6 sec left
CG set 59 / 5603    625.1352 GFlop/s     (625.1352 GFlop/s per process)    1%    3561.9 sec left
CG set 60 / 5603    625.1144 GFlop/s     (625.1144 GFlop/s per process)    1%    3561.3 sec left
CG set 61 / 5603    625.0890 GFlop/s     (625.0890 GFlop/s per process)    1%    3560.6 sec left
CG set 62 / 5603    625.0567 GFlop/s     (625.0567 GFlop/s per process)    1%    3560.0 sec left
CG set 63 / 5603    625.0164 GFlop/s     (625.0164 GFlop/s per process)    1%    3559.3 sec left
CG set 64 / 5603    624.9974 GFlop/s     (624.9974 GFlop/s per process)    1%    3558.7 sec left
CG set 65 / 5603    624.9591 GFlop/s     (624.9591 GFlop/s per process)    1%    3558.0 sec left
CG set 66 / 5603    624.9369 GFlop/s     (624.9369 GFlop/s per process)    1%    3557.4 sec left
CG set 67 / 5603    624.8967 GFlop/s     (624.8967 GFlop/s per process)    1%    3556.7 sec left
CG set 68 / 5603    624.8705 GFlop/s     (624.8705 GFlop/s per process)    1%    3556.1 sec left
CG set 69 / 5603    624.8513 GFlop/s     (624.8513 GFlop/s per process)    1%    3555.4 sec left
CG set 70 / 5603    624.8226 GFlop/s     (624.8226 GFlop/s per process)    1%    3554.8 sec left
CG set 71 / 5603    624.7844 GFlop/s     (624.7844 GFlop/s per process)    1%    3554.1 sec left
CG set 72 / 5603    624.7448 GFlop/s     (624.7448 GFlop/s per process)    1%    3553.5 sec left
CG set 73 / 5603    624.7050 GFlop/s     (624.7050 GFlop/s per process)    1%    3552.8 sec left
CG set 74 / 5603    624.6865 GFlop/s     (624.6865 GFlop/s per process)    1%    3552.2 sec left
CG set 75 / 5603    624.6510 GFlop/s     (624.6510 GFlop/s per process)    1%    3551.5 sec left
CG set 76 / 5603    624.6307 GFlop/s     (624.6307 GFlop/s per process)    1%    3550.9 sec left
CG set 77 / 5603    624.6133 GFlop/s     (624.6133 GFlop/s per process)    1%    3550.3 sec left
CG set 78 / 5603    624.5982 GFlop/s     (624.5982 GFlop/s per process)    1%    3549.6 sec left
CG set 79 / 5603    624.5743 GFlop/s     (624.5743 GFlop/s per process)    1%    3549.0 sec left
CG set 80 / 5603    624.5592 GFlop/s     (624.5592 GFlop/s per process)    1%    3548.3 sec left
CG set 81 / 5603    624.5293 GFlop/s     (624.5293 GFlop/s per process)    1%    3547.7 sec left
CG set 82 / 5603    624.5009 GFlop/s     (624.5009 GFlop/s per process)    1%    3547.0 sec left
CG set 83 / 5603    624.4856 GFlop/s     (624.4856 GFlop/s per process)    1%    3546.4 sec left
CG set 84 / 5603    624.4758 GFlop/s     (624.4758 GFlop/s per process)    1%    3545.7 sec left
CG set 85 / 5603    624.4514 GFlop/s     (624.4514 GFlop/s per process)    1%    3545.1 sec left
CG set 86 / 5603    624.4400 GFlop/s     (624.4400 GFlop/s per process)    1%    3544.4 sec left
CG set 87 / 5603    624.4362 GFlop/s     (624.4362 GFlop/s per process)    1%    3543.8 sec left
CG set 88 / 5603    624.4302 GFlop/s     (624.4302 GFlop/s per process)    1%    3543.1 sec left
CG set 89 / 5603    624.4282 GFlop/s     (624.4282 GFlop/s per process)    1%    3542.5 sec left
CG set 90 / 5603    624.4366 GFlop/s     (624.4366 GFlop/s per process)    1%    3541.8 sec left
CG set 91 / 5603    624.4272 GFlop/s     (624.4272 GFlop/s per process)    1%    3541.2 sec left
CG set 92 / 5603    624.4258 GFlop/s     (624.4258 GFlop/s per process)    1%    3540.5 sec left
CG set 93 / 5603    624.4159 GFlop/s     (624.4159 GFlop/s per process)    1%    3539.9 sec left
CG set 94 / 5603    624.4065 GFlop/s     (624.4065 GFlop/s per process)    1%    3539.3 sec left
CG set 95 / 5603    624.3957 GFlop/s     (624.3957 GFlop/s per process)    1%    3538.6 sec left
CG set 96 / 5603    624.3936 GFlop/s     (624.3936 GFlop/s per process)    1%    3538.0 sec left
CG set 97 / 5603    624.3871 GFlop/s     (624.3871 GFlop/s per process)    1%    3537.3 sec left
CG set 98 / 5603    624.3828 GFlop/s     (624.3828 GFlop/s per process)    1%    3536.7 sec left
CG set 99 / 5603    624.3649 GFlop/s     (624.3649 GFlop/s per process)    1%    3536.0 sec left
CG set 100 / 5603    624.3531 GFlop/s     (624.3531 GFlop/s per process)    1%    3535.4 sec left
CG set 101 / 5603    624.3497 GFlop/s     (624.3497 GFlop/s per process)    1%    3534.7 sec left
CG set 102 / 5603    624.3161 GFlop/s     (624.3161 GFlop/s per process)    1%    3534.1 sec left
CG set 103 / 5603    624.2905 GFlop/s     (624.2905 GFlop/s per process)    1%    3533.4 sec left
CG set 104 / 5603    624.2674 GFlop/s     (624.2674 GFlop/s per process)    1%    3532.8 sec left
CG set 105 / 5603    624.2496 GFlop/s     (624.2496 GFlop/s per process)    1%    3532.1 sec left
CG set 106 / 5603    624.2294 GFlop/s     (624.2294 GFlop/s per process)    1%    3531.5 sec left
CG set 107 / 5603    624.2096 GFlop/s     (624.2096 GFlop/s per process)    1%    3530.8 sec left
CG set 108 / 5603    624.1924 GFlop/s     (624.1924 GFlop/s per process)    1%    3530.2 sec left
CG set 109 / 5603    624.1579 GFlop/s     (624.1579 GFlop/s per process)    1%    3529.5 sec left
CG set 110 / 5603    624.1227 GFlop/s     (624.1227 GFlop/s per process)    1%    3528.9 sec left
CG set 111 / 5603    624.0901 GFlop/s     (624.0901 GFlop/s per process)    1%    3528.2 sec left
CG set 112 / 5603    624.0666 GFlop/s     (624.0666 GFlop/s per process)    1%    3527.6 sec left
CG set 113 / 5603    624.0243 GFlop/s     (624.0243 GFlop/s per process)    2%    3526.9 sec left
CG set 114 / 5603    623.9851 GFlop/s     (623.9851 GFlop/s per process)    2%    3526.3 sec left
CG set 115 / 5603    623.9461 GFlop/s     (623.9461 GFlop/s per process)    2%    3525.6 sec left
CG set 116 / 5603    623.9168 GFlop/s     (623.9168 GFlop/s per process)    2%    3525.0 sec left
CG set 117 / 5603    623.8877 GFlop/s     (623.8877 GFlop/s per process)    2%    3524.3 sec left
CG set 118 / 5603    623.8534 GFlop/s     (623.8534 GFlop/s per process)    2%    3523.7 sec left
CG set 119 / 5603    623.8351 GFlop/s     (623.8351 GFlop/s per process)    2%    3523.0 sec left
CG set 120 / 5603    623.8104 GFlop/s     (623.8104 GFlop/s per process)    2%    3522.4 sec left
CG set 121 / 5603    623.7954 GFlop/s     (623.7954 GFlop/s per process)    2%    3521.7 sec left
CG set 122 / 5603    623.7782 GFlop/s     (623.7782 GFlop/s per process)    2%    3521.1 sec left
CG set 123 / 5603    623.7527 GFlop/s     (623.7527 GFlop/s per process)    2%    3520.4 sec left
CG set 124 / 5603    623.7500 GFlop/s     (623.7500 GFlop/s per process)    2%    3519.8 sec left
CG set 125 / 5603    623.7395 GFlop/s     (623.7395 GFlop/s per process)    2%    3519.1 sec left
CG set 126 / 5603    623.7243 GFlop/s     (623.7243 GFlop/s per process)    2%    3518.5 sec left
CG set 127 / 5603    623.7145 GFlop/s     (623.7145 GFlop/s per process)    2%    3517.8 sec left
CG set 128 / 5603    623.7047 GFlop/s     (623.7047 GFlop/s per process)    2%    3517.2 sec left
CG set 129 / 5603    623.6874 GFlop/s     (623.6874 GFlop/s per process)    2%    3516.5 sec left
CG set 130 / 5603    623.6721 GFlop/s     (623.6721 GFlop/s per process)    2%    3515.9 sec left
CG set 131 / 5603    623.6620 GFlop/s     (623.6620 GFlop/s per process)    2%    3515.2 sec left
CG set 132 / 5603    623.6499 GFlop/s     (623.6499 GFlop/s per process)    2%    3514.6 sec left
CG set 133 / 5603    623.6384 GFlop/s     (623.6384 GFlop/s per process)    2%    3513.9 sec left
CG set 134 / 5603    623.6299 GFlop/s     (623.6299 GFlop/s per process)    2%    3513.3 sec left
CG set 135 / 5603    623.6208 GFlop/s     (623.6208 GFlop/s per process)    2%    3512.6 sec left
CG set 136 / 5603    623.6088 GFlop/s     (623.6088 GFlop/s per process)    2%    3512.0 sec left
CG set 137 / 5603    623.5985 GFlop/s     (623.5985 GFlop/s per process)    2%    3511.3 sec left
CG set 138 / 5603    623.5879 GFlop/s     (623.5879 GFlop/s per process)    2%    3510.7 sec left
CG set 139 / 5603    623.5661 GFlop/s     (623.5661 GFlop/s per process)    2%    3510.0 sec left
CG set 140 / 5603    623.5490 GFlop/s     (623.5490 GFlop/s per process)    2%    3509.4 sec left
CG set 141 / 5603    623.5341 GFlop/s     (623.5341 GFlop/s per process)    2%    3508.7 sec left
CG set 142 / 5603    623.5133 GFlop/s     (623.5133 GFlop/s per process)    2%    3508.1 sec left
CG set 143 / 5603    623.5022 GFlop/s     (623.5022 GFlop/s per process)    2%    3507.4 sec left
CG set 144 / 5603    623.4724 GFlop/s     (623.4724 GFlop/s per process)    2%    3506.8 sec left
CG set 145 / 5603    623.4550 GFlop/s     (623.4550 GFlop/s per process)    2%    3506.1 sec left
CG set 146 / 5603    623.4364 GFlop/s     (623.4364 GFlop/s per process)    2%    3505.5 sec left
CG set 147 / 5603    623.4139 GFlop/s     (623.4139 GFlop/s per process)    2%    3504.8 sec left
CG set 148 / 5603    623.3779 GFlop/s     (623.3779 GFlop/s per process)    2%    3504.2 sec left
CG set 149 / 5603    623.3344 GFlop/s     (623.3344 GFlop/s per process)    2%    3503.5 sec left
CG set 150 / 5603    623.2945 GFlop/s     (623.2945 GFlop/s per process)    2%    3502.9 sec left
CG set 151 / 5603    623.2552 GFlop/s     (623.2552 GFlop/s per process)    2%    3502.2 sec left
CG set 152 / 5603    623.2179 GFlop/s     (623.2179 GFlop/s per process)    2%    3501.6 sec left
CG set 153 / 5603    623.1866 GFlop/s     (623.1866 GFlop/s per process)    2%    3500.9 sec left
CG set 154 / 5603    623.1431 GFlop/s     (623.1431 GFlop/s per process)    2%    3500.3 sec left
CG set 155 / 5603    623.1157 GFlop/s     (623.1157 GFlop/s per process)    2%    3499.6 sec left
CG set 156 / 5603    623.0937 GFlop/s     (623.0937 GFlop/s per process)    2%    3499.0 sec left
CG set 157 / 5603    623.0637 GFlop/s     (623.0637 GFlop/s per process)    2%    3498.3 sec left
CG set 158 / 5603    623.0339 GFlop/s     (623.0339 GFlop/s per process)    2%    3497.7 sec left
CG set 159 / 5603    623.0046 GFlop/s     (623.0046 GFlop/s per process)    2%    3497.0 sec left
CG set 160 / 5603    622.9763 GFlop/s     (622.9763 GFlop/s per process)    2%    3496.4 sec left
CG set 161 / 5603    622.9570 GFlop/s     (622.9570 GFlop/s per process)    2%    3495.7 sec left
CG set 162 / 5603    622.9339 GFlop/s     (622.9339 GFlop/s per process)    2%    3495.1 sec left
CG set 163 / 5603    622.9086 GFlop/s     (622.9086 GFlop/s per process)    2%    3494.4 sec left
CG set 164 / 5603    622.8917 GFlop/s     (622.8917 GFlop/s per process)    2%    3493.8 sec left
CG set 165 / 5603    622.8760 GFlop/s     (622.8760 GFlop/s per process)    2%    3493.1 sec left
CG set 166 / 5603    622.8521 GFlop/s     (622.8521 GFlop/s per process)    2%    3492.4 sec left
CG set 167 / 5603    622.8395 GFlop/s     (622.8395 GFlop/s per process)    2%    3491.8 sec left
CG set 168 / 5603    622.8213 GFlop/s     (622.8213 GFlop/s per process)    2%    3491.1 sec left
CG set 169 / 5603    622.8085 GFlop/s     (622.8085 GFlop/s per process)    3%    3490.5 sec left
CG set 170 / 5603    622.7929 GFlop/s     (622.7929 GFlop/s per process)    3%    3489.8 sec left
CG set 171 / 5603    622.7720 GFlop/s     (622.7720 GFlop/s per process)    3%    3489.2 sec left
CG set 172 / 5603    622.7565 GFlop/s     (622.7565 GFlop/s per process)    3%    3488.5 sec left
CG set 173 / 5603    622.7401 GFlop/s     (622.7401 GFlop/s per process)    3%    3487.9 sec left
CG set 174 / 5603    622.7306 GFlop/s     (622.7306 GFlop/s per process)    3%    3487.2 sec left
CG set 175 / 5603    622.7194 GFlop/s     (622.7194 GFlop/s per process)    3%    3486.6 sec left
CG set 176 / 5603    622.7005 GFlop/s     (622.7005 GFlop/s per process)    3%    3485.9 sec left
CG set 177 / 5603    622.6893 GFlop/s     (622.6893 GFlop/s per process)    3%    3485.3 sec left
CG set 178 / 5603    622.6737 GFlop/s     (622.6737 GFlop/s per process)    3%    3484.6 sec left
CG set 179 / 5603    622.6574 GFlop/s     (622.6574 GFlop/s per process)    3%    3484.0 sec left
CG set 180 / 5603    622.6433 GFlop/s     (622.6433 GFlop/s per process)    3%    3483.3 sec left
CG set 181 / 5603    622.6254 GFlop/s     (622.6254 GFlop/s per process)    3%    3482.7 sec left
CG set 182 / 5603    622.6084 GFlop/s     (622.6084 GFlop/s per process)    3%    3482.0 sec left
CG set 183 / 5603    622.5907 GFlop/s     (622.5907 GFlop/s per process)    3%    3481.4 sec left
CG set 184 / 5603    622.5741 GFlop/s     (622.5741 GFlop/s per process)    3%    3480.7 sec left
CG set 185 / 5603    622.5515 GFlop/s     (622.5515 GFlop/s per process)    3%    3480.1 sec left
CG set 186 / 5603    622.5306 GFlop/s     (622.5306 GFlop/s per process)    3%    3479.4 sec left
CG set 187 / 5603    622.5055 GFlop/s     (622.5055 GFlop/s per process)    3%    3478.8 sec left
CG set 188 / 5603    622.4784 GFlop/s     (622.4784 GFlop/s per process)    3%    3478.1 sec left
CG set 189 / 5603    622.4501 GFlop/s     (622.4501 GFlop/s per process)    3%    3477.5 sec left
CG set 190 / 5603    622.4242 GFlop/s     (622.4242 GFlop/s per process)    3%    3476.8 sec left
CG set 191 / 5603    622.3998 GFlop/s     (622.3998 GFlop/s per process)    3%    3476.2 sec left
CG set 192 / 5603    622.3737 GFlop/s     (622.3737 GFlop/s per process)    3%    3475.5 sec left
CG set 193 / 5603    622.3497 GFlop/s     (622.3497 GFlop/s per process)    3%    3474.9 sec left
CG set 194 / 5603    622.3288 GFlop/s     (622.3288 GFlop/s per process)    3%    3474.2 sec left
CG set 195 / 5603    622.3044 GFlop/s     (622.3044 GFlop/s per process)    3%    3473.5 sec left
CG set 196 / 5603    622.2863 GFlop/s     (622.2863 GFlop/s per process)    3%    3472.9 sec left
CG set 197 / 5603    622.2674 GFlop/s     (622.2674 GFlop/s per process)    3%    3472.2 sec left
CG set 198 / 5603    622.2482 GFlop/s     (622.2482 GFlop/s per process)    3%    3471.6 sec left
CG set 199 / 5603    622.2254 GFlop/s     (622.2254 GFlop/s per process)    3%    3470.9 sec left
CG set 200 / 5603    622.2098 GFlop/s     (622.2098 GFlop/s per process)    3%    3470.3 sec left
CG set 201 / 5603    622.1967 GFlop/s     (622.1967 GFlop/s per process)    3%    3469.6 sec left
CG set 202 / 5603    622.1755 GFlop/s     (622.1755 GFlop/s per process)    3%    3469.0 sec left
CG set 203 / 5603    622.1570 GFlop/s     (622.1570 GFlop/s per process)    3%    3468.3 sec left
CG set 204 / 5603    622.1346 GFlop/s     (622.1346 GFlop/s per process)    3%    3467.7 sec left
CG set 205 / 5603    622.1192 GFlop/s     (622.1192 GFlop/s per process)    3%    3467.0 sec left
CG set 206 / 5603    622.1057 GFlop/s     (622.1057 GFlop/s per process)    3%    3466.4 sec left
CG set 207 / 5603    622.0949 GFlop/s     (622.0949 GFlop/s per process)    3%    3465.7 sec left
CG set 208 / 5603    622.0903 GFlop/s     (622.0903 GFlop/s per process)    3%    3465.1 sec left
CG set 209 / 5603    622.0790 GFlop/s     (622.0790 GFlop/s per process)    3%    3464.4 sec left
CG set 210 / 5603    622.0693 GFlop/s     (622.0693 GFlop/s per process)    3%    3463.8 sec left
CG set 211 / 5603    622.0568 GFlop/s     (622.0568 GFlop/s per process)    3%    3463.1 sec left
CG set 212 / 5603    622.0509 GFlop/s     (622.0509 GFlop/s per process)    3%    3462.5 sec left
CG set 213 / 5603    622.0376 GFlop/s     (622.0376 GFlop/s per process)    3%    3461.8 sec left
CG set 214 / 5603    622.0295 GFlop/s     (622.0295 GFlop/s per process)    3%    3461.2 sec left
CG set 215 / 5603    622.0153 GFlop/s     (622.0153 GFlop/s per process)    3%    3460.5 sec left
CG set 216 / 5603    622.0022 GFlop/s     (622.0022 GFlop/s per process)    3%    3459.9 sec left
CG set 217 / 5603    621.9906 GFlop/s     (621.9906 GFlop/s per process)    3%    3459.2 sec left
CG set 218 / 5603    621.9748 GFlop/s     (621.9748 GFlop/s per process)    3%    3458.6 sec left
CG set 219 / 5603    621.9627 GFlop/s     (621.9627 GFlop/s per process)    3%    3457.9 sec left
CG set 220 / 5603    621.9460 GFlop/s     (621.9460 GFlop/s per process)    3%    3457.3 sec left
CG set 221 / 5603    621.9276 GFlop/s     (621.9276 GFlop/s per process)    3%    3456.6 sec left
CG set 222 / 5603    621.9110 GFlop/s     (621.9110 GFlop/s per process)    3%    3455.9 sec left
CG set 223 / 5603    621.8966 GFlop/s     (621.8966 GFlop/s per process)    3%    3455.3 sec left
CG set 224 / 5603    621.8767 GFlop/s     (621.8767 GFlop/s per process)    3%    3454.6 sec left
CG set 225 / 5603    621.8571 GFlop/s     (621.8571 GFlop/s per process)    4%    3454.0 sec left
CG set 226 / 5603    621.8346 GFlop/s     (621.8346 GFlop/s per process)    4%    3453.3 sec left
CG set 227 / 5603    621.7995 GFlop/s     (621.7995 GFlop/s per process)    4%    3452.7 sec left
CG set 228 / 5603    621.7723 GFlop/s     (621.7723 GFlop/s per process)    4%    3452.0 sec left
CG set 229 / 5603    621.7500 GFlop/s     (621.7500 GFlop/s per process)    4%    3451.4 sec left
CG set 230 / 5603    621.7285 GFlop/s     (621.7285 GFlop/s per process)    4%    3450.7 sec left
CG set 231 / 5603    621.7093 GFlop/s     (621.7093 GFlop/s per process)    4%    3450.1 sec left
CG set 232 / 5603    621.6881 GFlop/s     (621.6881 GFlop/s per process)    4%    3449.4 sec left
CG set 233 / 5603    621.6704 GFlop/s     (621.6704 GFlop/s per process)    4%    3448.8 sec left
CG set 234 / 5603    621.6538 GFlop/s     (621.6538 GFlop/s per process)    4%    3448.1 sec left
CG set 235 / 5603    621.6336 GFlop/s     (621.6336 GFlop/s per process)    4%    3447.4 sec left
CG set 236 / 5603    621.6139 GFlop/s     (621.6139 GFlop/s per process)    4%    3446.8 sec left
CG set 237 / 5603    621.5963 GFlop/s     (621.5963 GFlop/s per process)    4%    3446.1 sec left
CG set 238 / 5603    621.5797 GFlop/s     (621.5797 GFlop/s per process)    4%    3445.5 sec left
CG set 239 / 5603    621.5593 GFlop/s     (621.5593 GFlop/s per process)    4%    3444.8 sec left
CG set 240 / 5603    621.5389 GFlop/s     (621.5389 GFlop/s per process)    4%    3444.2 sec left
CG set 241 / 5603    621.5184 GFlop/s     (621.5184 GFlop/s per process)    4%    3443.5 sec left
CG set 242 / 5603    621.5020 GFlop/s     (621.5020 GFlop/s per process)    4%    3442.9 sec left
CG set 243 / 5603    621.4853 GFlop/s     (621.4853 GFlop/s per process)    4%    3442.2 sec left
CG set 244 / 5603    621.4696 GFlop/s     (621.4696 GFlop/s per process)    4%    3441.6 sec left
CG set 245 / 5603    621.4576 GFlop/s     (621.4576 GFlop/s per process)    4%    3440.9 sec left
CG set 246 / 5603    621.4496 GFlop/s     (621.4496 GFlop/s per process)    4%    3440.3 sec left
CG set 247 / 5603    621.4376 GFlop/s     (621.4376 GFlop/s per process)    4%    3439.6 sec left
CG set 248 / 5603    621.4257 GFlop/s     (621.4257 GFlop/s per process)    4%    3438.9 sec left
CG set 249 / 5603    621.4097 GFlop/s     (621.4097 GFlop/s per process)    4%    3438.3 sec left
CG set 250 / 5603    621.3989 GFlop/s     (621.3989 GFlop/s per process)    4%    3437.6 sec left
CG set 251 / 5603    621.3886 GFlop/s     (621.3886 GFlop/s per process)    4%    3437.0 sec left
CG set 252 / 5603    621.3721 GFlop/s     (621.3721 GFlop/s per process)    4%    3436.3 sec left
CG set 253 / 5603    621.3609 GFlop/s     (621.3609 GFlop/s per process)    4%    3435.7 sec left
CG set 254 / 5603    621.3496 GFlop/s     (621.3496 GFlop/s per process)    4%    3435.0 sec left
CG set 255 / 5603    621.3376 GFlop/s     (621.3376 GFlop/s per process)    4%    3434.4 sec left
CG set 256 / 5603    621.3245 GFlop/s     (621.3245 GFlop/s per process)    4%    3433.7 sec left
CG set 257 / 5603    621.3120 GFlop/s     (621.3120 GFlop/s per process)    4%    3433.1 sec left
CG set 258 / 5603    621.2939 GFlop/s     (621.2939 GFlop/s per process)    4%    3432.4 sec left
CG set 259 / 5603    621.2809 GFlop/s     (621.2809 GFlop/s per process)    4%    3431.8 sec left
CG set 260 / 5603    621.2693 GFlop/s     (621.2693 GFlop/s per process)    4%    3431.1 sec left
CG set 261 / 5603    621.2557 GFlop/s     (621.2557 GFlop/s per process)    4%    3430.5 sec left
CG set 262 / 5603    621.2365 GFlop/s     (621.2365 GFlop/s per process)    4%    3429.8 sec left
CG set 263 / 5603    621.2098 GFlop/s     (621.2098 GFlop/s per process)    4%    3429.1 sec left
CG set 264 / 5603    621.1843 GFlop/s     (621.1843 GFlop/s per process)    4%    3428.5 sec left
CG set 265 / 5603    621.1602 GFlop/s     (621.1602 GFlop/s per process)    4%    3427.8 sec left
CG set 266 / 5603    621.1368 GFlop/s     (621.1368 GFlop/s per process)    4%    3427.2 sec left
CG set 267 / 5603    621.1152 GFlop/s     (621.1152 GFlop/s per process)    4%    3426.5 sec left
CG set 268 / 5603    621.0954 GFlop/s     (621.0954 GFlop/s per process)    4%    3425.9 sec left
CG set 269 / 5603    621.0717 GFlop/s     (621.0717 GFlop/s per process)    4%    3425.2 sec left
CG set 270 / 5603    621.0522 GFlop/s     (621.0522 GFlop/s per process)    4%    3424.6 sec left
CG set 271 / 5603    621.0358 GFlop/s     (621.0358 GFlop/s per process)    4%    3423.9 sec left
CG set 272 / 5603    621.0199 GFlop/s     (621.0199 GFlop/s per process)    4%    3423.2 sec left
CG set 273 / 5603    621.0017 GFlop/s     (621.0017 GFlop/s per process)    4%    3422.6 sec left
CG set 274 / 5603    620.9876 GFlop/s     (620.9876 GFlop/s per process)    4%    3421.9 sec left
CG set 275 / 5603    620.9754 GFlop/s     (620.9754 GFlop/s per process)    4%    3421.3 sec left
CG set 276 / 5603    620.9595 GFlop/s     (620.9595 GFlop/s per process)    4%    3420.6 sec left
CG set 277 / 5603    620.9442 GFlop/s     (620.9442 GFlop/s per process)    4%    3420.0 sec left
CG set 278 / 5603    620.9319 GFlop/s     (620.9319 GFlop/s per process)    4%    3419.3 sec left
CG set 279 / 5603    620.9195 GFlop/s     (620.9195 GFlop/s per process)    4%    3418.7 sec left
CG set 280 / 5603    620.9044 GFlop/s     (620.9044 GFlop/s per process)    4%    3418.0 sec left
CG set 281 / 5603    620.8926 GFlop/s     (620.8926 GFlop/s per process)    5%    3417.4 sec left
CG set 282 / 5603    620.8801 GFlop/s     (620.8801 GFlop/s per process)    5%    3416.7 sec left
CG set 283 / 5603    620.8683 GFlop/s     (620.8683 GFlop/s per process)    5%    3416.1 sec left
CG set 284 / 5603    620.8576 GFlop/s     (620.8576 GFlop/s per process)    5%    3415.4 sec left
CG set 285 / 5603    620.8457 GFlop/s     (620.8457 GFlop/s per process)    5%    3414.7 sec left
CG set 286 / 5603    620.8339 GFlop/s     (620.8339 GFlop/s per process)    5%    3414.1 sec left
CG set 287 / 5603    620.8186 GFlop/s     (620.8186 GFlop/s per process)    5%    3413.4 sec left
CG set 288 / 5603    620.8054 GFlop/s     (620.8054 GFlop/s per process)    5%    3412.8 sec left
CG set 289 / 5603    620.7929 GFlop/s     (620.7929 GFlop/s per process)    5%    3412.1 sec left
CG set 290 / 5603    620.7792 GFlop/s     (620.7792 GFlop/s per process)    5%    3411.5 sec left
CG set 291 / 5603    620.7716 GFlop/s     (620.7716 GFlop/s per process)    5%    3410.8 sec left
CG set 292 / 5603    620.7611 GFlop/s     (620.7611 GFlop/s per process)    5%    3410.2 sec left
CG set 293 / 5603    620.7431 GFlop/s     (620.7431 GFlop/s per process)    5%    3409.5 sec left
CG set 294 / 5603    620.7304 GFlop/s     (620.7304 GFlop/s per process)    5%    3408.9 sec left
CG set 295 / 5603    620.7167 GFlop/s     (620.7167 GFlop/s per process)    5%    3408.2 sec left
CG set 296 / 5603    620.7017 GFlop/s     (620.7017 GFlop/s per process)    5%    3407.6 sec left
CG set 297 / 5603    620.6847 GFlop/s     (620.6847 GFlop/s per process)    5%    3406.9 sec left
CG set 298 / 5603    620.6687 GFlop/s     (620.6687 GFlop/s per process)    5%    3406.2 sec left
CG set 299 / 5603    620.6562 GFlop/s     (620.6562 GFlop/s per process)    5%    3405.6 sec left
CG set 300 / 5603    620.6454 GFlop/s     (620.6454 GFlop/s per process)    5%    3404.9 sec left
CG set 301 / 5603    620.6247 GFlop/s     (620.6247 GFlop/s per process)    5%    3404.3 sec left
CG set 302 / 5603    620.6030 GFlop/s     (620.6030 GFlop/s per process)    5%    3403.6 sec left
CG set 303 / 5603    620.5859 GFlop/s     (620.5859 GFlop/s per process)    5%    3403.0 sec left
CG set 304 / 5603    620.5670 GFlop/s     (620.5670 GFlop/s per process)    5%    3402.3 sec left
CG set 305 / 5603    620.5484 GFlop/s     (620.5484 GFlop/s per process)    5%    3401.6 sec left
CG set 306 / 5603    620.5349 GFlop/s     (620.5349 GFlop/s per process)    5%    3401.0 sec left
CG set 307 / 5603    620.5124 GFlop/s     (620.5124 GFlop/s per process)    5%    3400.3 sec left
CG set 308 / 5603    620.4882 GFlop/s     (620.4882 GFlop/s per process)    5%    3399.7 sec left
CG set 309 / 5603    620.4667 GFlop/s     (620.4667 GFlop/s per process)    5%    3399.0 sec left
CG set 310 / 5603    620.4521 GFlop/s     (620.4521 GFlop/s per process)    5%    3398.4 sec left
CG set 311 / 5603    620.4391 GFlop/s     (620.4391 GFlop/s per process)    5%    3397.7 sec left
CG set 312 / 5603    620.4181 GFlop/s     (620.4181 GFlop/s per process)    5%    3397.1 sec left
CG set 313 / 5603    620.4001 GFlop/s     (620.4001 GFlop/s per process)    5%    3396.4 sec left
CG set 314 / 5603    620.3879 GFlop/s     (620.3879 GFlop/s per process)    5%    3395.7 sec left
CG set 315 / 5603    620.3764 GFlop/s     (620.3764 GFlop/s per process)    5%    3395.1 sec left
CG set 316 / 5603    620.3638 GFlop/s     (620.3638 GFlop/s per process)    5%    3394.4 sec left
CG set 317 / 5603    620.3520 GFlop/s     (620.3520 GFlop/s per process)    5%    3393.8 sec left
CG set 318 / 5603    620.3370 GFlop/s     (620.3370 GFlop/s per process)    5%    3393.1 sec left
CG set 319 / 5603    620.3260 GFlop/s     (620.3260 GFlop/s per process)    5%    3392.5 sec left
CG set 320 / 5603    620.3103 GFlop/s     (620.3103 GFlop/s per process)    5%    3391.8 sec left
CG set 321 / 5603    620.2959 GFlop/s     (620.2959 GFlop/s per process)    5%    3391.2 sec left
CG set 322 / 5603    620.2819 GFlop/s     (620.2819 GFlop/s per process)    5%    3390.5 sec left
CG set 323 / 5603    620.2708 GFlop/s     (620.2708 GFlop/s per process)    5%    3389.8 sec left
CG set 324 / 5603    620.2595 GFlop/s     (620.2595 GFlop/s per process)    5%    3389.2 sec left
CG set 325 / 5603    620.2465 GFlop/s     (620.2465 GFlop/s per process)    5%    3388.5 sec left
CG set 326 / 5603    620.2381 GFlop/s     (620.2381 GFlop/s per process)    5%    3387.9 sec left
CG set 327 / 5603    620.2310 GFlop/s     (620.2310 GFlop/s per process)    5%    3387.2 sec left
CG set 328 / 5603    620.2184 GFlop/s     (620.2184 GFlop/s per process)    5%    3386.6 sec left
CG set 329 / 5603    620.2070 GFlop/s     (620.2070 GFlop/s per process)    5%    3385.9 sec left
CG set 330 / 5603    620.1944 GFlop/s     (620.1944 GFlop/s per process)    5%    3385.3 sec left
CG set 331 / 5603    620.1804 GFlop/s     (620.1804 GFlop/s per process)    5%    3384.6 sec left
CG set 332 / 5603    620.1701 GFlop/s     (620.1701 GFlop/s per process)    5%    3384.0 sec left
CG set 333 / 5603    620.1602 GFlop/s     (620.1602 GFlop/s per process)    5%    3383.3 sec left
CG set 334 / 5603    620.1450 GFlop/s     (620.1450 GFlop/s per process)    5%    3382.6 sec left
CG set 335 / 5603    620.1357 GFlop/s     (620.1357 GFlop/s per process)    5%    3382.0 sec left
CG set 336 / 5603    620.1208 GFlop/s     (620.1208 GFlop/s per process)    5%    3381.3 sec left
CG set 337 / 5603    620.1099 GFlop/s     (620.1099 GFlop/s per process)    6%    3380.7 sec left
CG set 338 / 5603    620.0971 GFlop/s     (620.0971 GFlop/s per process)    6%    3380.0 sec left
CG set 339 / 5603    620.0809 GFlop/s     (620.0809 GFlop/s per process)    6%    3379.4 sec left
CG set 340 / 5603    620.0625 GFlop/s     (620.0625 GFlop/s per process)    6%    3378.7 sec left
CG set 341 / 5603    620.0393 GFlop/s     (620.0393 GFlop/s per process)    6%    3378.1 sec left
CG set 342 / 5603    620.0175 GFlop/s     (620.0175 GFlop/s per process)    6%    3377.4 sec left
CG set 343 / 5603    619.9966 GFlop/s     (619.9966 GFlop/s per process)    6%    3376.7 sec left
CG set 344 / 5603    619.9787 GFlop/s     (619.9787 GFlop/s per process)    6%    3376.1 sec left
CG set 345 / 5603    619.9608 GFlop/s     (619.9608 GFlop/s per process)    6%    3375.4 sec left
CG set 346 / 5603    619.9428 GFlop/s     (619.9428 GFlop/s per process)    6%    3374.8 sec left
CG set 347 / 5603    619.9281 GFlop/s     (619.9281 GFlop/s per process)    6%    3374.1 sec left
CG set 348 / 5603    619.9138 GFlop/s     (619.9138 GFlop/s per process)    6%    3373.5 sec left
CG set 349 / 5603    619.9013 GFlop/s     (619.9013 GFlop/s per process)    6%    3372.8 sec left
CG set 350 / 5603    619.8879 GFlop/s     (619.8879 GFlop/s per process)    6%    3372.1 sec left
CG set 351 / 5603    619.8745 GFlop/s     (619.8745 GFlop/s per process)    6%    3371.5 sec left
CG set 352 / 5603    619.8553 GFlop/s     (619.8553 GFlop/s per process)    6%    3370.8 sec left
CG set 353 / 5603    619.8415 GFlop/s     (619.8415 GFlop/s per process)    6%    3370.2 sec left
CG set 354 / 5603    619.8285 GFlop/s     (619.8285 GFlop/s per process)    6%    3369.5 sec left
CG set 355 / 5603    619.8142 GFlop/s     (619.8142 GFlop/s per process)    6%    3368.9 sec left
CG set 356 / 5603    619.8008 GFlop/s     (619.8008 GFlop/s per process)    6%    3368.2 sec left
CG set 357 / 5603    619.7855 GFlop/s     (619.7855 GFlop/s per process)    6%    3367.5 sec left
CG set 358 / 5603    619.7710 GFlop/s     (619.7710 GFlop/s per process)    6%    3366.9 sec left
CG set 359 / 5603    619.7569 GFlop/s     (619.7569 GFlop/s per process)    6%    3366.2 sec left
CG set 360 / 5603    619.7456 GFlop/s     (619.7456 GFlop/s per process)    6%    3365.6 sec left
CG set 361 / 5603    619.7387 GFlop/s     (619.7387 GFlop/s per process)    6%    3364.9 sec left
CG set 362 / 5603    619.7268 GFlop/s     (619.7268 GFlop/s per process)    6%    3364.3 sec left
CG set 363 / 5603    619.7175 GFlop/s     (619.7175 GFlop/s per process)    6%    3363.6 sec left
CG set 364 / 5603    619.7066 GFlop/s     (619.7066 GFlop/s per process)    6%    3363.0 sec left
CG set 365 / 5603    619.6957 GFlop/s     (619.6957 GFlop/s per process)    6%    3362.3 sec left
CG set 366 / 5603    619.6845 GFlop/s     (619.6845 GFlop/s per process)    6%    3361.6 sec left
CG set 367 / 5603    619.6738 GFlop/s     (619.6738 GFlop/s per process)    6%    3361.0 sec left
CG set 368 / 5603    619.6601 GFlop/s     (619.6601 GFlop/s per process)    6%    3360.3 sec left
CG set 369 / 5603    619.6512 GFlop/s     (619.6512 GFlop/s per process)    6%    3359.7 sec left
CG set 370 / 5603    619.6376 GFlop/s     (619.6376 GFlop/s per process)    6%    3359.0 sec left
CG set 371 / 5603    619.6268 GFlop/s     (619.6268 GFlop/s per process)    6%    3358.4 sec left
CG set 372 / 5603    619.6170 GFlop/s     (619.6170 GFlop/s per process)    6%    3357.7 sec left
CG set 373 / 5603    619.6063 GFlop/s     (619.6063 GFlop/s per process)    6%    3357.1 sec left
CG set 374 / 5603    619.5930 GFlop/s     (619.5930 GFlop/s per process)    6%    3356.4 sec left
CG set 375 / 5603    619.5795 GFlop/s     (619.5795 GFlop/s per process)    6%    3355.7 sec left
CG set 376 / 5603    619.5650 GFlop/s     (619.5650 GFlop/s per process)    6%    3355.1 sec left
CG set 377 / 5603    619.5484 GFlop/s     (619.5484 GFlop/s per process)    6%    3354.4 sec left
CG set 378 / 5603    619.5272 GFlop/s     (619.5272 GFlop/s per process)    6%    3353.8 sec left
CG set 379 / 5603    619.5062 GFlop/s     (619.5062 GFlop/s per process)    6%    3353.1 sec left
CG set 380 / 5603    619.4871 GFlop/s     (619.4871 GFlop/s per process)    6%    3352.4 sec left
CG set 381 / 5603    619.4738 GFlop/s     (619.4738 GFlop/s per process)    6%    3351.8 sec left
CG set 382 / 5603    619.4473 GFlop/s     (619.4473 GFlop/s per process)    6%    3351.1 sec left
CG set 383 / 5603    619.4328 GFlop/s     (619.4328 GFlop/s per process)    6%    3350.5 sec left
CG set 384 / 5603    619.4164 GFlop/s     (619.4164 GFlop/s per process)    6%    3349.8 sec left
CG set 385 / 5603    619.4014 GFlop/s     (619.4014 GFlop/s per process)    6%    3349.2 sec left
CG set 386 / 5603    619.3834 GFlop/s     (619.3834 GFlop/s per process)    6%    3348.5 sec left
CG set 387 / 5603    619.3662 GFlop/s     (619.3662 GFlop/s per process)    6%    3347.8 sec left
CG set 388 / 5603    619.3535 GFlop/s     (619.3535 GFlop/s per process)    6%    3347.2 sec left
CG set 389 / 5603    619.3410 GFlop/s     (619.3410 GFlop/s per process)    6%    3346.5 sec left
CG set 390 / 5603    619.3257 GFlop/s     (619.3257 GFlop/s per process)    6%    3345.9 sec left
CG set 391 / 5603    619.3077 GFlop/s     (619.3077 GFlop/s per process)    6%    3345.2 sec left
CG set 392 / 5603    619.2944 GFlop/s     (619.2944 GFlop/s per process)    6%    3344.5 sec left
CG set 393 / 5603    619.2827 GFlop/s     (619.2827 GFlop/s per process)    7%    3343.9 sec left
CG set 394 / 5603    619.2697 GFlop/s     (619.2697 GFlop/s per process)    7%    3343.2 sec left
CG set 395 / 5603    619.2603 GFlop/s     (619.2603 GFlop/s per process)    7%    3342.6 sec left
CG set 396 / 5603    619.2486 GFlop/s     (619.2486 GFlop/s per process)    7%    3341.9 sec left
CG set 397 / 5603    619.2351 GFlop/s     (619.2351 GFlop/s per process)    7%    3341.3 sec left
CG set 398 / 5603    619.2232 GFlop/s     (619.2232 GFlop/s per process)    7%    3340.6 sec left
CG set 399 / 5603    619.2113 GFlop/s     (619.2113 GFlop/s per process)    7%    3340.0 sec left
CG set 400 / 5603    619.2030 GFlop/s     (619.2030 GFlop/s per process)    7%    3339.3 sec left
CG set 401 / 5603    619.1942 GFlop/s     (619.1942 GFlop/s per process)    7%    3338.6 sec left
CG set 402 / 5603    619.1826 GFlop/s     (619.1826 GFlop/s per process)    7%    3338.0 sec left
CG set 403 / 5603    619.1716 GFlop/s     (619.1716 GFlop/s per process)    7%    3337.3 sec left
CG set 404 / 5603    619.1588 GFlop/s     (619.1588 GFlop/s per process)    7%    3336.7 sec left
CG set 405 / 5603    619.1478 GFlop/s     (619.1478 GFlop/s per process)    7%    3336.0 sec left
CG set 406 / 5603    619.1373 GFlop/s     (619.1373 GFlop/s per process)    7%    3335.4 sec left
CG set 407 / 5603    619.1288 GFlop/s     (619.1288 GFlop/s per process)    7%    3334.7 sec left
CG set 408 / 5603    619.1181 GFlop/s     (619.1181 GFlop/s per process)    7%    3334.0 sec left
CG set 409 / 5603    619.1059 GFlop/s     (619.1059 GFlop/s per process)    7%    3333.4 sec left
CG set 410 / 5603    619.0965 GFlop/s     (619.0965 GFlop/s per process)    7%    3332.7 sec left
CG set 411 / 5603    619.0849 GFlop/s     (619.0849 GFlop/s per process)    7%    3332.1 sec left
CG set 412 / 5603    619.0704 GFlop/s     (619.0704 GFlop/s per process)    7%    3331.4 sec left
CG set 413 / 5603    619.0535 GFlop/s     (619.0535 GFlop/s per process)    7%    3330.8 sec left
CG set 414 / 5603    619.0452 GFlop/s     (619.0452 GFlop/s per process)    7%    3330.1 sec left
CG set 415 / 5603    619.0312 GFlop/s     (619.0312 GFlop/s per process)    7%    3329.4 sec left
CG set 416 / 5603    619.0171 GFlop/s     (619.0171 GFlop/s per process)    7%    3328.8 sec left
CG set 417 / 5603    619.0013 GFlop/s     (619.0013 GFlop/s per process)    7%    3328.1 sec left
CG set 418 / 5603    618.9794 GFlop/s     (618.9794 GFlop/s per process)    7%    3327.5 sec left
CG set 419 / 5603    618.9582 GFlop/s     (618.9582 GFlop/s per process)    7%    3326.8 sec left
CG set 420 / 5603    618.9419 GFlop/s     (618.9419 GFlop/s per process)    7%    3326.1 sec left
CG set 421 / 5603    618.9254 GFlop/s     (618.9254 GFlop/s per process)    7%    3325.5 sec left
CG set 422 / 5603    618.9089 GFlop/s     (618.9089 GFlop/s per process)    7%    3324.8 sec left
CG set 423 / 5603    618.8962 GFlop/s     (618.8962 GFlop/s per process)    7%    3324.2 sec left
CG set 424 / 5603    618.8761 GFlop/s     (618.8761 GFlop/s per process)    7%    3323.5 sec left
CG set 425 / 5603    618.8597 GFlop/s     (618.8597 GFlop/s per process)    7%    3322.8 sec left
CG set 426 / 5603    618.8431 GFlop/s     (618.8431 GFlop/s per process)    7%    3322.2 sec left
CG set 427 / 5603    618.8321 GFlop/s     (618.8321 GFlop/s per process)    7%    3321.5 sec left
CG set 428 / 5603    618.8155 GFlop/s     (618.8155 GFlop/s per process)    7%    3320.9 sec left
CG set 429 / 5603    618.8014 GFlop/s     (618.8014 GFlop/s per process)    7%    3320.2 sec left
CG set 430 / 5603    618.7886 GFlop/s     (618.7886 GFlop/s per process)    7%    3319.6 sec left
CG set 431 / 5603    618.7774 GFlop/s     (618.7774 GFlop/s per process)    7%    3318.9 sec left
CG set 432 / 5603    618.7658 GFlop/s     (618.7658 GFlop/s per process)    7%    3318.2 sec left
CG set 433 / 5603    618.7516 GFlop/s     (618.7516 GFlop/s per process)    7%    3317.6 sec left
CG set 434 / 5603    618.7369 GFlop/s     (618.7369 GFlop/s per process)    7%    3316.9 sec left
CG set 435 / 5603    618.7230 GFlop/s     (618.7230 GFlop/s per process)    7%    3316.3 sec left
CG set 436 / 5603    618.7122 GFlop/s     (618.7122 GFlop/s per process)    7%    3315.6 sec left
CG set 437 / 5603    618.7016 GFlop/s     (618.7016 GFlop/s per process)    7%    3314.9 sec left
CG set 438 / 5603    618.6918 GFlop/s     (618.6918 GFlop/s per process)    7%    3314.3 sec left
CG set 439 / 5603    618.6814 GFlop/s     (618.6814 GFlop/s per process)    7%    3313.6 sec left
CG set 440 / 5603    618.6704 GFlop/s     (618.6704 GFlop/s per process)    7%    3313.0 sec left
CG set 441 / 5603    618.6597 GFlop/s     (618.6597 GFlop/s per process)    7%    3312.3 sec left
CG set 442 / 5603    618.6483 GFlop/s     (618.6483 GFlop/s per process)    7%    3311.7 sec left
CG set 443 / 5603    618.6367 GFlop/s     (618.6367 GFlop/s per process)    7%    3311.0 sec left
CG set 444 / 5603    618.6252 GFlop/s     (618.6252 GFlop/s per process)    7%    3310.3 sec left
CG set 445 / 5603    618.6134 GFlop/s     (618.6134 GFlop/s per process)    7%    3309.7 sec left
CG set 446 / 5603    618.6034 GFlop/s     (618.6034 GFlop/s per process)    7%    3309.0 sec left
CG set 447 / 5603    618.5955 GFlop/s     (618.5955 GFlop/s per process)    7%    3308.4 sec left
CG set 448 / 5603    618.5871 GFlop/s     (618.5871 GFlop/s per process)    7%    3307.7 sec left
CG set 449 / 5603    618.5761 GFlop/s     (618.5761 GFlop/s per process)    8%    3307.1 sec left
CG set 450 / 5603    618.5646 GFlop/s     (618.5646 GFlop/s per process)    8%    3306.4 sec left
CG set 451 / 5603    618.5529 GFlop/s     (618.5529 GFlop/s per process)    8%    3305.7 sec left
CG set 452 / 5603    618.5416 GFlop/s     (618.5416 GFlop/s per process)    8%    3305.1 sec left
CG set 453 / 5603    618.5287 GFlop/s     (618.5287 GFlop/s per process)    8%    3304.4 sec left
CG set 454 / 5603    618.5135 GFlop/s     (618.5135 GFlop/s per process)    8%    3303.8 sec left
CG set 455 / 5603    618.4915 GFlop/s     (618.4915 GFlop/s per process)    8%    3303.1 sec left
CG set 456 / 5603    618.4726 GFlop/s     (618.4726 GFlop/s per process)    8%    3302.4 sec left
CG set 457 / 5603    618.4555 GFlop/s     (618.4555 GFlop/s per process)    8%    3301.8 sec left
CG set 458 / 5603    618.4405 GFlop/s     (618.4405 GFlop/s per process)    8%    3301.1 sec left
CG set 459 / 5603    618.4261 GFlop/s     (618.4261 GFlop/s per process)    8%    3300.5 sec left
CG set 460 / 5603    618.4119 GFlop/s     (618.4119 GFlop/s per process)    8%    3299.8 sec left
CG set 461 / 5603    618.3978 GFlop/s     (618.3978 GFlop/s per process)    8%    3299.1 sec left
CG set 462 / 5603    618.3835 GFlop/s     (618.3835 GFlop/s per process)    8%    3298.5 sec left
CG set 463 / 5603    618.3665 GFlop/s     (618.3665 GFlop/s per process)    8%    3297.8 sec left
CG set 464 / 5603    618.3530 GFlop/s     (618.3530 GFlop/s per process)    8%    3297.2 sec left
CG set 465 / 5603    618.3410 GFlop/s     (618.3410 GFlop/s per process)    8%    3296.5 sec left
CG set 466 / 5603    618.3291 GFlop/s     (618.3291 GFlop/s per process)    8%    3295.8 sec left
CG set 467 / 5603    618.3131 GFlop/s     (618.3131 GFlop/s per process)    8%    3295.2 sec left
CG set 468 / 5603    618.3010 GFlop/s     (618.3010 GFlop/s per process)    8%    3294.5 sec left
CG set 469 / 5603    618.2902 GFlop/s     (618.2902 GFlop/s per process)    8%    3293.9 sec left
CG set 470 / 5603    618.2764 GFlop/s     (618.2764 GFlop/s per process)    8%    3293.2 sec left
CG set 471 / 5603    618.2620 GFlop/s     (618.2620 GFlop/s per process)    8%    3292.5 sec left
CG set 472 / 5603    618.2498 GFlop/s     (618.2498 GFlop/s per process)    8%    3291.9 sec left
CG set 473 / 5603    618.2380 GFlop/s     (618.2380 GFlop/s per process)    8%    3291.2 sec left
CG set 474 / 5603    618.2276 GFlop/s     (618.2276 GFlop/s per process)    8%    3290.6 sec left
CG set 475 / 5603    618.2163 GFlop/s     (618.2163 GFlop/s per process)    8%    3289.9 sec left
CG set 476 / 5603    618.2048 GFlop/s     (618.2048 GFlop/s per process)    8%    3289.3 sec left
CG set 477 / 5603    618.1903 GFlop/s     (618.1903 GFlop/s per process)    8%    3288.6 sec left
CG set 478 / 5603    618.1805 GFlop/s     (618.1805 GFlop/s per process)    8%    3287.9 sec left
CG set 479 / 5603    618.1688 GFlop/s     (618.1688 GFlop/s per process)    8%    3287.3 sec left
CG set 480 / 5603    618.1596 GFlop/s     (618.1596 GFlop/s per process)    8%    3286.6 sec left
CG set 481 / 5603    618.1507 GFlop/s     (618.1507 GFlop/s per process)    8%    3286.0 sec left
CG set 482 / 5603    618.1414 GFlop/s     (618.1414 GFlop/s per process)    8%    3285.3 sec left
CG set 483 / 5603    618.1317 GFlop/s     (618.1317 GFlop/s per process)    8%    3284.6 sec left
CG set 484 / 5603    618.1258 GFlop/s     (618.1258 GFlop/s per process)    8%    3284.0 sec left
CG set 485 / 5603    618.1167 GFlop/s     (618.1167 GFlop/s per process)    8%    3283.3 sec left
CG set 486 / 5603    618.1053 GFlop/s     (618.1053 GFlop/s per process)    8%    3282.7 sec left
CG set 487 / 5603    618.0925 GFlop/s     (618.0925 GFlop/s per process)    8%    3282.0 sec left
CG set 488 / 5603    618.0790 GFlop/s     (618.0790 GFlop/s per process)    8%    3281.4 sec left
CG set 489 / 5603    618.0653 GFlop/s     (618.0653 GFlop/s per process)    8%    3280.7 sec left
CG set 490 / 5603    618.0505 GFlop/s     (618.0505 GFlop/s per process)    8%    3280.0 sec left
CG set 491 / 5603    618.0361 GFlop/s     (618.0361 GFlop/s per process)    8%    3279.4 sec left
CG set 492 / 5603    618.0163 GFlop/s     (618.0163 GFlop/s per process)    8%    3278.7 sec left
CG set 493 / 5603    617.9998 GFlop/s     (617.9998 GFlop/s per process)    8%    3278.0 sec left
CG set 494 / 5603    617.9872 GFlop/s     (617.9872 GFlop/s per process)    8%    3277.4 sec left
CG set 495 / 5603    617.9718 GFlop/s     (617.9718 GFlop/s per process)    8%    3276.7 sec left
CG set 496 / 5603    617.9557 GFlop/s     (617.9557 GFlop/s per process)    8%    3276.1 sec left
CG set 497 / 5603    617.9396 GFlop/s     (617.9396 GFlop/s per process)    8%    3275.4 sec left
CG set 498 / 5603    617.9222 GFlop/s     (617.9222 GFlop/s per process)    8%    3274.7 sec left
CG set 499 / 5603    617.9047 GFlop/s     (617.9047 GFlop/s per process)    8%    3274.1 sec left
CG set 500 / 5603    617.8934 GFlop/s     (617.8934 GFlop/s per process)    8%    3273.4 sec left
CG set 501 / 5603    617.8810 GFlop/s     (617.8810 GFlop/s per process)    8%    3272.8 sec left
CG set 502 / 5603    617.8657 GFlop/s     (617.8657 GFlop/s per process)    8%    3272.1 sec left
CG set 503 / 5603    617.8522 GFlop/s     (617.8522 GFlop/s per process)    8%    3271.4 sec left
CG set 504 / 5603    617.8402 GFlop/s     (617.8402 GFlop/s per process)    8%    3270.8 sec left
CG set 505 / 5603    617.8310 GFlop/s     (617.8310 GFlop/s per process)    9%    3270.1 sec left
CG set 506 / 5603    617.8177 GFlop/s     (617.8177 GFlop/s per process)    9%    3269.5 sec left
CG set 507 / 5603    617.8059 GFlop/s     (617.8059 GFlop/s per process)    9%    3268.8 sec left
CG set 508 / 5603    617.7938 GFlop/s     (617.7938 GFlop/s per process)    9%    3268.1 sec left
CG set 509 / 5603    617.7824 GFlop/s     (617.7824 GFlop/s per process)    9%    3267.5 sec left
CG set 510 / 5603    617.7730 GFlop/s     (617.7730 GFlop/s per process)    9%    3266.8 sec left
CG set 511 / 5603    617.7599 GFlop/s     (617.7599 GFlop/s per process)    9%    3266.2 sec left
CG set 512 / 5603    617.7484 GFlop/s     (617.7484 GFlop/s per process)    9%    3265.5 sec left
CG set 513 / 5603    617.7386 GFlop/s     (617.7386 GFlop/s per process)    9%    3264.8 sec left
CG set 514 / 5603    617.7288 GFlop/s     (617.7288 GFlop/s per process)    9%    3264.2 sec left
CG set 515 / 5603    617.7201 GFlop/s     (617.7201 GFlop/s per process)    9%    3263.5 sec left
CG set 516 / 5603    617.7090 GFlop/s     (617.7090 GFlop/s per process)    9%    3262.9 sec left
CG set 517 / 5603    617.7019 GFlop/s     (617.7019 GFlop/s per process)    9%    3262.2 sec left
CG set 518 / 5603    617.6935 GFlop/s     (617.6935 GFlop/s per process)    9%    3261.6 sec left
CG set 519 / 5603    617.6824 GFlop/s     (617.6824 GFlop/s per process)    9%    3260.9 sec left
CG set 520 / 5603    617.6734 GFlop/s     (617.6734 GFlop/s per process)    9%    3260.2 sec left
CG set 521 / 5603    617.6640 GFlop/s     (617.6640 GFlop/s per process)    9%    3259.6 sec left
CG set 522 / 5603    617.6530 GFlop/s     (617.6530 GFlop/s per process)    9%    3258.9 sec left
CG set 523 / 5603    617.6445 GFlop/s     (617.6445 GFlop/s per process)    9%    3258.3 sec left
CG set 524 / 5603    617.6368 GFlop/s     (617.6368 GFlop/s per process)    9%    3257.6 sec left
CG set 525 / 5603    617.6281 GFlop/s     (617.6281 GFlop/s per process)    9%    3256.9 sec left
CG set 526 / 5603    617.6198 GFlop/s     (617.6198 GFlop/s per process)    9%    3256.3 sec left
CG set 527 / 5603    617.6071 GFlop/s     (617.6071 GFlop/s per process)    9%    3255.6 sec left
CG set 528 / 5603    617.5928 GFlop/s     (617.5928 GFlop/s per process)    9%    3255.0 sec left
CG set 529 / 5603    617.5816 GFlop/s     (617.5816 GFlop/s per process)    9%    3254.3 sec left
CG set 530 / 5603    617.5637 GFlop/s     (617.5637 GFlop/s per process)    9%    3253.6 sec left
CG set 531 / 5603    617.5444 GFlop/s     (617.5444 GFlop/s per process)    9%    3253.0 sec left
CG set 532 / 5603    617.5319 GFlop/s     (617.5319 GFlop/s per process)    9%    3252.3 sec left
CG set 533 / 5603    617.5175 GFlop/s     (617.5175 GFlop/s per process)    9%    3251.7 sec left
CG set 534 / 5603    617.5010 GFlop/s     (617.5010 GFlop/s per process)    9%    3251.0 sec left
CG set 535 / 5603    617.4840 GFlop/s     (617.4840 GFlop/s per process)    9%    3250.3 sec left
CG set 536 / 5603    617.4683 GFlop/s     (617.4683 GFlop/s per process)    9%    3249.7 sec left
CG set 537 / 5603    617.4547 GFlop/s     (617.4547 GFlop/s per process)    9%    3249.0 sec left
CG set 538 / 5603    617.4424 GFlop/s     (617.4424 GFlop/s per process)    9%    3248.3 sec left
CG set 539 / 5603    617.4266 GFlop/s     (617.4266 GFlop/s per process)    9%    3247.7 sec left
CG set 540 / 5603    617.4115 GFlop/s     (617.4115 GFlop/s per process)    9%    3247.0 sec left
CG set 541 / 5603    617.4001 GFlop/s     (617.4001 GFlop/s per process)    9%    3246.4 sec left
CG set 542 / 5603    617.3913 GFlop/s     (617.3913 GFlop/s per process)    9%    3245.7 sec left
CG set 543 / 5603    617.3789 GFlop/s     (617.3789 GFlop/s per process)    9%    3245.0 sec left
CG set 544 / 5603    617.3665 GFlop/s     (617.3665 GFlop/s per process)    9%    3244.4 sec left
CG set 545 / 5603    617.3578 GFlop/s     (617.3578 GFlop/s per process)    9%    3243.7 sec left
CG set 546 / 5603    617.3473 GFlop/s     (617.3473 GFlop/s per process)    9%    3243.1 sec left
CG set 547 / 5603    617.3373 GFlop/s     (617.3373 GFlop/s per process)    9%    3242.4 sec left
CG set 548 / 5603    617.3286 GFlop/s     (617.3286 GFlop/s per process)    9%    3241.7 sec left
CG set 549 / 5603    617.3163 GFlop/s     (617.3163 GFlop/s per process)    9%    3241.1 sec left
CG set 550 / 5603    617.3087 GFlop/s     (617.3087 GFlop/s per process)    9%    3240.4 sec left
CG set 551 / 5603    617.2977 GFlop/s     (617.2977 GFlop/s per process)    9%    3239.8 sec left
CG set 552 / 5603    617.2886 GFlop/s     (617.2886 GFlop/s per process)    9%    3239.1 sec left
CG set 553 / 5603    617.2806 GFlop/s     (617.2806 GFlop/s per process)    9%    3238.4 sec left
CG set 554 / 5603    617.2730 GFlop/s     (617.2730 GFlop/s per process)    9%    3237.8 sec left
CG set 555 / 5603    617.2654 GFlop/s     (617.2654 GFlop/s per process)    9%    3237.1 sec left
CG set 556 / 5603    617.2554 GFlop/s     (617.2554 GFlop/s per process)    9%    3236.5 sec left
CG set 557 / 5603    617.2488 GFlop/s     (617.2488 GFlop/s per process)    9%    3235.8 sec left
CG set 558 / 5603    617.2404 GFlop/s     (617.2404 GFlop/s per process)    9%    3235.1 sec left
CG set 559 / 5603    617.2322 GFlop/s     (617.2322 GFlop/s per process)    9%    3234.5 sec left
CG set 560 / 5603    617.2215 GFlop/s     (617.2215 GFlop/s per process)    9%    3233.8 sec left
CG set 561 / 5603    617.2133 GFlop/s     (617.2133 GFlop/s per process)    10%    3233.2 sec left
CG set 562 / 5603    617.2046 GFlop/s     (617.2046 GFlop/s per process)    10%    3232.5 sec left
CG set 563 / 5603    617.1969 GFlop/s     (617.1969 GFlop/s per process)    10%    3231.9 sec left
CG set 564 / 5603    617.1893 GFlop/s     (617.1893 GFlop/s per process)    10%    3231.2 sec left
CG set 565 / 5603    617.1772 GFlop/s     (617.1772 GFlop/s per process)    10%    3230.5 sec left
CG set 566 / 5603    617.1657 GFlop/s     (617.1657 GFlop/s per process)    10%    3229.9 sec left
CG set 567 / 5603    617.1521 GFlop/s     (617.1521 GFlop/s per process)    10%    3229.2 sec left
CG set 568 / 5603    617.1377 GFlop/s     (617.1377 GFlop/s per process)    10%    3228.5 sec left
CG set 569 / 5603    617.1211 GFlop/s     (617.1211 GFlop/s per process)    10%    3227.9 sec left
CG set 570 / 5603    617.1101 GFlop/s     (617.1101 GFlop/s per process)    10%    3227.2 sec left
CG set 571 / 5603    617.0947 GFlop/s     (617.0947 GFlop/s per process)    10%    3226.6 sec left
CG set 572 / 5603    617.0814 GFlop/s     (617.0814 GFlop/s per process)    10%    3225.9 sec left
CG set 573 / 5603    617.0697 GFlop/s     (617.0697 GFlop/s per process)    10%    3225.2 sec left
CG set 574 / 5603    617.0586 GFlop/s     (617.0586 GFlop/s per process)    10%    3224.6 sec left
CG set 575 / 5603    617.0450 GFlop/s     (617.0450 GFlop/s per process)    10%    3223.9 sec left
CG set 576 / 5603    617.0341 GFlop/s     (617.0341 GFlop/s per process)    10%    3223.2 sec left
CG set 577 / 5603    617.0222 GFlop/s     (617.0222 GFlop/s per process)    10%    3222.6 sec left
CG set 578 / 5603    617.0116 GFlop/s     (617.0116 GFlop/s per process)    10%    3221.9 sec left
CG set 579 / 5603    617.0016 GFlop/s     (617.0016 GFlop/s per process)    10%    3221.3 sec left
CG set 580 / 5603    616.9908 GFlop/s     (616.9908 GFlop/s per process)    10%    3220.6 sec left
CG set 581 / 5603    616.9794 GFlop/s     (616.9794 GFlop/s per process)    10%    3219.9 sec left
CG set 582 / 5603    616.9708 GFlop/s     (616.9708 GFlop/s per process)    10%    3219.3 sec left
CG set 583 / 5603    616.9618 GFlop/s     (616.9618 GFlop/s per process)    10%    3218.6 sec left
CG set 584 / 5603    616.9518 GFlop/s     (616.9518 GFlop/s per process)    10%    3218.0 sec left
CG set 585 / 5603    616.9438 GFlop/s     (616.9438 GFlop/s per process)    10%    3217.3 sec left
CG set 586 / 5603    616.9345 GFlop/s     (616.9345 GFlop/s per process)    10%    3216.6 sec left
CG set 587 / 5603    616.9253 GFlop/s     (616.9253 GFlop/s per process)    10%    3216.0 sec left
CG set 588 / 5603    616.9183 GFlop/s     (616.9183 GFlop/s per process)    10%    3215.3 sec left
CG set 589 / 5603    616.9094 GFlop/s     (616.9094 GFlop/s per process)    10%    3214.7 sec left
CG set 590 / 5603    616.9017 GFlop/s     (616.9017 GFlop/s per process)    10%    3214.0 sec left
CG set 591 / 5603    616.8959 GFlop/s     (616.8959 GFlop/s per process)    10%    3213.4 sec left
CG set 592 / 5603    616.8890 GFlop/s     (616.8890 GFlop/s per process)    10%    3212.7 sec left
CG set 593 / 5603    616.8825 GFlop/s     (616.8825 GFlop/s per process)    10%    3212.0 sec left
CG set 594 / 5603    616.8747 GFlop/s     (616.8747 GFlop/s per process)    10%    3211.4 sec left
CG set 595 / 5603    616.8664 GFlop/s     (616.8664 GFlop/s per process)    10%    3210.7 sec left
CG set 596 / 5603    616.8607 GFlop/s     (616.8607 GFlop/s per process)    10%    3210.1 sec left
CG set 597 / 5603    616.8525 GFlop/s     (616.8525 GFlop/s per process)    10%    3209.4 sec left
CG set 598 / 5603    616.8453 GFlop/s     (616.8453 GFlop/s per process)    10%    3208.7 sec left
CG set 599 / 5603    616.8385 GFlop/s     (616.8385 GFlop/s per process)    10%    3208.1 sec left
CG set 600 / 5603    616.8289 GFlop/s     (616.8289 GFlop/s per process)    10%    3207.4 sec left
CG set 601 / 5603    616.8218 GFlop/s     (616.8218 GFlop/s per process)    10%    3206.8 sec left
CG set 602 / 5603    616.8168 GFlop/s     (616.8168 GFlop/s per process)    10%    3206.1 sec left
CG set 603 / 5603    616.8073 GFlop/s     (616.8073 GFlop/s per process)    10%    3205.4 sec left
CG set 604 / 5603    616.7958 GFlop/s     (616.7958 GFlop/s per process)    10%    3204.8 sec left
CG set 605 / 5603    616.7846 GFlop/s     (616.7846 GFlop/s per process)    10%    3204.1 sec left
CG set 606 / 5603    616.7695 GFlop/s     (616.7695 GFlop/s per process)    10%    3203.5 sec left
CG set 607 / 5603    616.7589 GFlop/s     (616.7589 GFlop/s per process)    10%    3202.8 sec left
CG set 608 / 5603    616.7424 GFlop/s     (616.7424 GFlop/s per process)    10%    3202.1 sec left
CG set 609 / 5603    616.7259 GFlop/s     (616.7259 GFlop/s per process)    10%    3201.5 sec left
CG set 610 / 5603    616.7156 GFlop/s     (616.7156 GFlop/s per process)    10%    3200.8 sec left
CG set 611 / 5603    616.7032 GFlop/s     (616.7032 GFlop/s per process)    10%    3200.1 sec left
CG set 612 / 5603    616.6919 GFlop/s     (616.6919 GFlop/s per process)    10%    3199.5 sec left
CG set 613 / 5603    616.6800 GFlop/s     (616.6800 GFlop/s per process)    10%    3198.8 sec left
CG set 614 / 5603    616.6695 GFlop/s     (616.6695 GFlop/s per process)    10%    3198.2 sec left
CG set 615 / 5603    616.6618 GFlop/s     (616.6618 GFlop/s per process)    10%    3197.5 sec left
CG set 616 / 5603    616.6507 GFlop/s     (616.6507 GFlop/s per process)    10%    3196.8 sec left
CG set 617 / 5603    616.6440 GFlop/s     (616.6440 GFlop/s per process)    11%    3196.2 sec left
CG set 618 / 5603    616.6342 GFlop/s     (616.6342 GFlop/s per process)    11%    3195.5 sec left
CG set 619 / 5603    616.6267 GFlop/s     (616.6267 GFlop/s per process)    11%    3194.9 sec left
CG set 620 / 5603    616.6195 GFlop/s     (616.6195 GFlop/s per process)    11%    3194.2 sec left
CG set 621 / 5603    616.6126 GFlop/s     (616.6126 GFlop/s per process)    11%    3193.5 sec left
CG set 622 / 5603    616.6061 GFlop/s     (616.6061 GFlop/s per process)    11%    3192.9 sec left
CG set 623 / 5603    616.6011 GFlop/s     (616.6011 GFlop/s per process)    11%    3192.2 sec left
CG set 624 / 5603    616.5944 GFlop/s     (616.5944 GFlop/s per process)    11%    3191.6 sec left
CG set 625 / 5603    616.5866 GFlop/s     (616.5866 GFlop/s per process)    11%    3190.9 sec left
CG set 626 / 5603    616.5779 GFlop/s     (616.5779 GFlop/s per process)    11%    3190.2 sec left
CG set 627 / 5603    616.5705 GFlop/s     (616.5705 GFlop/s per process)    11%    3189.6 sec left
CG set 628 / 5603    616.5604 GFlop/s     (616.5604 GFlop/s per process)    11%    3188.9 sec left
CG set 629 / 5603    616.5537 GFlop/s     (616.5537 GFlop/s per process)    11%    3188.3 sec left
CG set 630 / 5603    616.5472 GFlop/s     (616.5472 GFlop/s per process)    11%    3187.6 sec left
CG set 631 / 5603    616.5414 GFlop/s     (616.5414 GFlop/s per process)    11%    3186.9 sec left
CG set 632 / 5603    616.5372 GFlop/s     (616.5372 GFlop/s per process)    11%    3186.3 sec left
CG set 633 / 5603    616.5316 GFlop/s     (616.5316 GFlop/s per process)    11%    3185.6 sec left
CG set 634 / 5603    616.5268 GFlop/s     (616.5268 GFlop/s per process)    11%    3185.0 sec left
CG set 635 / 5603    616.5217 GFlop/s     (616.5217 GFlop/s per process)    11%    3184.3 sec left
CG set 636 / 5603    616.5154 GFlop/s     (616.5154 GFlop/s per process)    11%    3183.6 sec left
CG set 637 / 5603    616.5057 GFlop/s     (616.5057 GFlop/s per process)    11%    3183.0 sec left
CG set 638 / 5603    616.5006 GFlop/s     (616.5006 GFlop/s per process)    11%    3182.3 sec left
CG set 639 / 5603    616.4957 GFlop/s     (616.4957 GFlop/s per process)    11%    3181.7 sec left
CG set 640 / 5603    616.4895 GFlop/s     (616.4895 GFlop/s per process)    11%    3181.0 sec left
CG set 641 / 5603    616.4786 GFlop/s     (616.4786 GFlop/s per process)    11%    3180.4 sec left
CG set 642 / 5603    616.4688 GFlop/s     (616.4688 GFlop/s per process)    11%    3179.7 sec left
CG set 643 / 5603    616.4574 GFlop/s     (616.4574 GFlop/s per process)    11%    3179.0 sec left
CG set 644 / 5603    616.4461 GFlop/s     (616.4461 GFlop/s per process)    11%    3178.4 sec left
CG set 645 / 5603    616.4314 GFlop/s     (616.4314 GFlop/s per process)    11%    3177.7 sec left
CG set 646 / 5603    616.4180 GFlop/s     (616.4180 GFlop/s per process)    11%    3177.0 sec left
CG set 647 / 5603    616.4089 GFlop/s     (616.4089 GFlop/s per process)    11%    3176.4 sec left
CG set 648 / 5603    616.3981 GFlop/s     (616.3981 GFlop/s per process)    11%    3175.7 sec left
CG set 649 / 5603    616.3876 GFlop/s     (616.3876 GFlop/s per process)    11%    3175.1 sec left
CG set 650 / 5603    616.3821 GFlop/s     (616.3821 GFlop/s per process)    11%    3174.4 sec left
CG set 651 / 5603    616.3733 GFlop/s     (616.3733 GFlop/s per process)    11%    3173.7 sec left
CG set 652 / 5603    616.3617 GFlop/s     (616.3617 GFlop/s per process)    11%    3173.1 sec left
CG set 653 / 5603    616.3532 GFlop/s     (616.3532 GFlop/s per process)    11%    3172.4 sec left
CG set 654 / 5603    616.3441 GFlop/s     (616.3441 GFlop/s per process)    11%    3171.7 sec left
CG set 655 / 5603    616.3361 GFlop/s     (616.3361 GFlop/s per process)    11%    3171.1 sec left
CG set 656 / 5603    616.3276 GFlop/s     (616.3276 GFlop/s per process)    11%    3170.4 sec left
CG set 657 / 5603    616.3207 GFlop/s     (616.3207 GFlop/s per process)    11%    3169.8 sec left
CG set 658 / 5603    616.3102 GFlop/s     (616.3102 GFlop/s per process)    11%    3169.1 sec left
CG set 659 / 5603    616.3051 GFlop/s     (616.3051 GFlop/s per process)    11%    3168.4 sec left
CG set 660 / 5603    616.2967 GFlop/s     (616.2967 GFlop/s per process)    11%    3167.8 sec left
CG set 661 / 5603    616.2896 GFlop/s     (616.2896 GFlop/s per process)    11%    3167.1 sec left
CG set 662 / 5603    616.2829 GFlop/s     (616.2829 GFlop/s per process)    11%    3166.5 sec left
CG set 663 / 5603    616.2760 GFlop/s     (616.2760 GFlop/s per process)    11%    3165.8 sec left
CG set 664 / 5603    616.2698 GFlop/s     (616.2698 GFlop/s per process)    11%    3165.1 sec left
CG set 665 / 5603    616.2635 GFlop/s     (616.2635 GFlop/s per process)    11%    3164.5 sec left
CG set 666 / 5603    616.2561 GFlop/s     (616.2561 GFlop/s per process)    11%    3163.8 sec left
CG set 667 / 5603    616.2515 GFlop/s     (616.2515 GFlop/s per process)    11%    3163.2 sec left
CG set 668 / 5603    616.2428 GFlop/s     (616.2428 GFlop/s per process)    11%    3162.5 sec left
CG set 669 / 5603    616.2363 GFlop/s     (616.2363 GFlop/s per process)    11%    3161.8 sec left
CG set 670 / 5603    616.2330 GFlop/s     (616.2330 GFlop/s per process)    11%    3161.2 sec left
CG set 671 / 5603    616.2261 GFlop/s     (616.2261 GFlop/s per process)    11%    3160.5 sec left
CG set 672 / 5603    616.2213 GFlop/s     (616.2213 GFlop/s per process)    11%    3159.9 sec left
CG set 673 / 5603    616.2150 GFlop/s     (616.2150 GFlop/s per process)    12%    3159.2 sec left
CG set 674 / 5603    616.2086 GFlop/s     (616.2086 GFlop/s per process)    12%    3158.6 sec left
CG set 675 / 5603    616.2022 GFlop/s     (616.2022 GFlop/s per process)    12%    3157.9 sec left
CG set 676 / 5603    616.1944 GFlop/s     (616.1944 GFlop/s per process)    12%    3157.2 sec left
CG set 677 / 5603    616.1880 GFlop/s     (616.1880 GFlop/s per process)    12%    3156.6 sec left
CG set 678 / 5603    616.1795 GFlop/s     (616.1795 GFlop/s per process)    12%    3155.9 sec left
CG set 679 / 5603    616.1697 GFlop/s     (616.1697 GFlop/s per process)    12%    3155.2 sec left
CG set 680 / 5603    616.1601 GFlop/s     (616.1601 GFlop/s per process)    12%    3154.6 sec left
CG set 681 / 5603    616.1531 GFlop/s     (616.1531 GFlop/s per process)    12%    3153.9 sec left
CG set 682 / 5603    616.1427 GFlop/s     (616.1427 GFlop/s per process)    12%    3153.3 sec left
CG set 683 / 5603    616.1307 GFlop/s     (616.1307 GFlop/s per process)    12%    3152.6 sec left
CG set 684 / 5603    616.1221 GFlop/s     (616.1221 GFlop/s per process)    12%    3151.9 sec left
CG set 685 / 5603    616.1121 GFlop/s     (616.1121 GFlop/s per process)    12%    3151.3 sec left
CG set 686 / 5603    616.1007 GFlop/s     (616.1007 GFlop/s per process)    12%    3150.6 sec left
CG set 687 / 5603    616.0903 GFlop/s     (616.0903 GFlop/s per process)    12%    3149.9 sec left
CG set 688 / 5603    616.0803 GFlop/s     (616.0803 GFlop/s per process)    12%    3149.3 sec left
CG set 689 / 5603    616.0733 GFlop/s     (616.0733 GFlop/s per process)    12%    3148.6 sec left
CG set 690 / 5603    616.0646 GFlop/s     (616.0646 GFlop/s per process)    12%    3148.0 sec left
CG set 691 / 5603    616.0550 GFlop/s     (616.0550 GFlop/s per process)    12%    3147.3 sec left
CG set 692 / 5603    616.0494 GFlop/s     (616.0494 GFlop/s per process)    12%    3146.6 sec left
CG set 693 / 5603    616.0397 GFlop/s     (616.0397 GFlop/s per process)    12%    3146.0 sec left
CG set 694 / 5603    616.0344 GFlop/s     (616.0344 GFlop/s per process)    12%    3145.3 sec left
CG set 695 / 5603    616.0275 GFlop/s     (616.0275 GFlop/s per process)    12%    3144.7 sec left
CG set 696 / 5603    616.0203 GFlop/s     (616.0203 GFlop/s per process)    12%    3144.0 sec left
CG set 697 / 5603    616.0132 GFlop/s     (616.0132 GFlop/s per process)    12%    3143.3 sec left
CG set 698 / 5603    616.0071 GFlop/s     (616.0071 GFlop/s per process)    12%    3142.7 sec left
CG set 699 / 5603    615.9979 GFlop/s     (615.9979 GFlop/s per process)    12%    3142.0 sec left
CG set 700 / 5603    615.9910 GFlop/s     (615.9910 GFlop/s per process)    12%    3141.4 sec left
CG set 701 / 5603    615.9854 GFlop/s     (615.9854 GFlop/s per process)    12%    3140.7 sec left
CG set 702 / 5603    615.9795 GFlop/s     (615.9795 GFlop/s per process)    12%    3140.0 sec left
CG set 703 / 5603    615.9737 GFlop/s     (615.9737 GFlop/s per process)    12%    3139.4 sec left
CG set 704 / 5603    615.9675 GFlop/s     (615.9675 GFlop/s per process)    12%    3138.7 sec left
CG set 705 / 5603    615.9610 GFlop/s     (615.9610 GFlop/s per process)    12%    3138.1 sec left
CG set 706 / 5603    615.9553 GFlop/s     (615.9553 GFlop/s per process)    12%    3137.4 sec left
CG set 707 / 5603    615.9507 GFlop/s     (615.9507 GFlop/s per process)    12%    3136.7 sec left
CG set 708 / 5603    615.9438 GFlop/s     (615.9438 GFlop/s per process)    12%    3136.1 sec left
CG set 709 / 5603    615.9385 GFlop/s     (615.9385 GFlop/s per process)    12%    3135.4 sec left
CG set 710 / 5603    615.9341 GFlop/s     (615.9341 GFlop/s per process)    12%    3134.8 sec left
CG set 711 / 5603    615.9288 GFlop/s     (615.9288 GFlop/s per process)    12%    3134.1 sec left
CG set 712 / 5603    615.9230 GFlop/s     (615.9230 GFlop/s per process)    12%    3133.4 sec left
CG set 713 / 5603    615.9167 GFlop/s     (615.9167 GFlop/s per process)    12%    3132.8 sec left
CG set 714 / 5603    615.9140 GFlop/s     (615.9140 GFlop/s per process)    12%    3132.1 sec left
CG set 715 / 5603    615.9063 GFlop/s     (615.9063 GFlop/s per process)    12%    3131.5 sec left
CG set 716 / 5603    615.8996 GFlop/s     (615.8996 GFlop/s per process)    12%    3130.8 sec left
CG set 717 / 5603    615.8915 GFlop/s     (615.8915 GFlop/s per process)    12%    3130.1 sec left
CG set 718 / 5603    615.8822 GFlop/s     (615.8822 GFlop/s per process)    12%    3129.5 sec left
CG set 719 / 5603    615.8752 GFlop/s     (615.8752 GFlop/s per process)    12%    3128.8 sec left
CG set 720 / 5603    615.8659 GFlop/s     (615.8659 GFlop/s per process)    12%    3128.2 sec left
CG set 721 / 5603    615.8544 GFlop/s     (615.8544 GFlop/s per process)    12%    3127.5 sec left
CG set 722 / 5603    615.8466 GFlop/s     (615.8466 GFlop/s per process)    12%    3126.8 sec left
CG set 723 / 5603    615.8382 GFlop/s     (615.8382 GFlop/s per process)    12%    3126.2 sec left
CG set 724 / 5603    615.8283 GFlop/s     (615.8283 GFlop/s per process)    12%    3125.5 sec left
CG set 725 / 5603    615.8202 GFlop/s     (615.8202 GFlop/s per process)    12%    3124.8 sec left
CG set 726 / 5603    615.8115 GFlop/s     (615.8115 GFlop/s per process)    12%    3124.2 sec left
CG set 727 / 5603    615.8011 GFlop/s     (615.8011 GFlop/s per process)    12%    3123.5 sec left
CG set 728 / 5603    615.7945 GFlop/s     (615.7945 GFlop/s per process)    12%    3122.9 sec left
CG set 729 / 5603    615.7854 GFlop/s     (615.7854 GFlop/s per process)    13%    3122.2 sec left
CG set 730 / 5603    615.7772 GFlop/s     (615.7772 GFlop/s per process)    13%    3121.5 sec left
CG set 731 / 5603    615.7700 GFlop/s     (615.7700 GFlop/s per process)    13%    3120.9 sec left
CG set 732 / 5603    615.7619 GFlop/s     (615.7619 GFlop/s per process)    13%    3120.2 sec left
CG set 733 / 5603    615.7564 GFlop/s     (615.7564 GFlop/s per process)    13%    3119.6 sec left
CG set 734 / 5603    615.7494 GFlop/s     (615.7494 GFlop/s per process)    13%    3118.9 sec left
CG set 735 / 5603    615.7427 GFlop/s     (615.7427 GFlop/s per process)    13%    3118.2 sec left
CG set 736 / 5603    615.7352 GFlop/s     (615.7352 GFlop/s per process)    13%    3117.6 sec left
CG set 737 / 5603    615.7283 GFlop/s     (615.7283 GFlop/s per process)    13%    3116.9 sec left
CG set 738 / 5603    615.7199 GFlop/s     (615.7199 GFlop/s per process)    13%    3116.2 sec left
CG set 739 / 5603    615.7139 GFlop/s     (615.7139 GFlop/s per process)    13%    3115.6 sec left
CG set 740 / 5603    615.7090 GFlop/s     (615.7090 GFlop/s per process)    13%    3114.9 sec left
CG set 741 / 5603    615.7035 GFlop/s     (615.7035 GFlop/s per process)    13%    3114.3 sec left
CG set 742 / 5603    615.6979 GFlop/s     (615.6979 GFlop/s per process)    13%    3113.6 sec left
CG set 743 / 5603    615.6938 GFlop/s     (615.6938 GFlop/s per process)    13%    3112.9 sec left
CG set 744 / 5603    615.6908 GFlop/s     (615.6908 GFlop/s per process)    13%    3112.3 sec left
CG set 745 / 5603    615.6850 GFlop/s     (615.6850 GFlop/s per process)    13%    3111.6 sec left
CG set 746 / 5603    615.6807 GFlop/s     (615.6807 GFlop/s per process)    13%    3111.0 sec left
CG set 747 / 5603    615.6741 GFlop/s     (615.6741 GFlop/s per process)    13%    3110.3 sec left
CG set 748 / 5603    615.6686 GFlop/s     (615.6686 GFlop/s per process)    13%    3109.6 sec left
CG set 749 / 5603    615.6636 GFlop/s     (615.6636 GFlop/s per process)    13%    3109.0 sec left
CG set 750 / 5603    615.6601 GFlop/s     (615.6601 GFlop/s per process)    13%    3108.3 sec left
CG set 751 / 5603    615.6526 GFlop/s     (615.6526 GFlop/s per process)    13%    3107.7 sec left
CG set 752 / 5603    615.6504 GFlop/s     (615.6504 GFlop/s per process)    13%    3107.0 sec left
CG set 753 / 5603    615.6451 GFlop/s     (615.6451 GFlop/s per process)    13%    3106.4 sec left
CG set 754 / 5603    615.6369 GFlop/s     (615.6369 GFlop/s per process)    13%    3105.7 sec left
CG set 755 / 5603    615.6281 GFlop/s     (615.6281 GFlop/s per process)    13%    3105.0 sec left
CG set 756 / 5603    615.6197 GFlop/s     (615.6197 GFlop/s per process)    13%    3104.4 sec left
CG set 757 / 5603    615.6136 GFlop/s     (615.6136 GFlop/s per process)    13%    3103.7 sec left
CG set 758 / 5603    615.6053 GFlop/s     (615.6053 GFlop/s per process)    13%    3103.0 sec left
CG set 759 / 5603    615.5947 GFlop/s     (615.5947 GFlop/s per process)    13%    3102.4 sec left
CG set 760 / 5603    615.5872 GFlop/s     (615.5872 GFlop/s per process)    13%    3101.7 sec left
CG set 761 / 5603    615.5789 GFlop/s     (615.5789 GFlop/s per process)    13%    3101.1 sec left
CG set 762 / 5603    615.5708 GFlop/s     (615.5708 GFlop/s per process)    13%    3100.4 sec left
CG set 763 / 5603    615.5634 GFlop/s     (615.5634 GFlop/s per process)    13%    3099.7 sec left
CG set 764 / 5603    615.5526 GFlop/s     (615.5526 GFlop/s per process)    13%    3099.1 sec left
CG set 765 / 5603    615.5436 GFlop/s     (615.5436 GFlop/s per process)    13%    3098.4 sec left
CG set 766 / 5603    615.5363 GFlop/s     (615.5363 GFlop/s per process)    13%    3097.7 sec left
CG set 767 / 5603    615.5299 GFlop/s     (615.5299 GFlop/s per process)    13%    3097.1 sec left
CG set 768 / 5603    615.5214 GFlop/s     (615.5214 GFlop/s per process)    13%    3096.4 sec left
CG set 769 / 5603    615.5130 GFlop/s     (615.5130 GFlop/s per process)    13%    3095.8 sec left
CG set 770 / 5603    615.5068 GFlop/s     (615.5068 GFlop/s per process)    13%    3095.1 sec left
CG set 771 / 5603    615.5003 GFlop/s     (615.5003 GFlop/s per process)    13%    3094.4 sec left
CG set 772 / 5603    615.4940 GFlop/s     (615.4940 GFlop/s per process)    13%    3093.8 sec left
CG set 773 / 5603    615.4850 GFlop/s     (615.4850 GFlop/s per process)    13%    3093.1 sec left
CG set 774 / 5603    615.4798 GFlop/s     (615.4798 GFlop/s per process)    13%    3092.4 sec left
CG set 775 / 5603    615.4736 GFlop/s     (615.4736 GFlop/s per process)    13%    3091.8 sec left
CG set 776 / 5603    615.4664 GFlop/s     (615.4664 GFlop/s per process)    13%    3091.1 sec left
CG set 777 / 5603    615.4593 GFlop/s     (615.4593 GFlop/s per process)    13%    3090.5 sec left
CG set 778 / 5603    615.4540 GFlop/s     (615.4540 GFlop/s per process)    13%    3089.8 sec left
CG set 779 / 5603    615.4483 GFlop/s     (615.4483 GFlop/s per process)    13%    3089.1 sec left
CG set 780 / 5603    615.4449 GFlop/s     (615.4449 GFlop/s per process)    13%    3088.5 sec left
CG set 781 / 5603    615.4406 GFlop/s     (615.4406 GFlop/s per process)    13%    3087.8 sec left
CG set 782 / 5603    615.4360 GFlop/s     (615.4360 GFlop/s per process)    13%    3087.2 sec left
CG set 783 / 5603    615.4332 GFlop/s     (615.4332 GFlop/s per process)    13%    3086.5 sec left
CG set 784 / 5603    615.4283 GFlop/s     (615.4283 GFlop/s per process)    13%    3085.8 sec left
CG set 785 / 5603    615.4220 GFlop/s     (615.4220 GFlop/s per process)    14%    3085.2 sec left
CG set 786 / 5603    615.4185 GFlop/s     (615.4185 GFlop/s per process)    14%    3084.5 sec left
CG set 787 / 5603    615.4143 GFlop/s     (615.4143 GFlop/s per process)    14%    3083.9 sec left
CG set 788 / 5603    615.4082 GFlop/s     (615.4082 GFlop/s per process)    14%    3083.2 sec left
CG set 789 / 5603    615.4034 GFlop/s     (615.4034 GFlop/s per process)    14%    3082.5 sec left
CG set 790 / 5603    615.3982 GFlop/s     (615.3982 GFlop/s per process)    14%    3081.9 sec left
CG set 791 / 5603    615.3932 GFlop/s     (615.3932 GFlop/s per process)    14%    3081.2 sec left
CG set 792 / 5603    615.3853 GFlop/s     (615.3853 GFlop/s per process)    14%    3080.6 sec left
CG set 793 / 5603    615.3778 GFlop/s     (615.3778 GFlop/s per process)    14%    3079.9 sec left
CG set 794 / 5603    615.3707 GFlop/s     (615.3707 GFlop/s per process)    14%    3079.2 sec left
CG set 795 / 5603    615.3592 GFlop/s     (615.3592 GFlop/s per process)    14%    3078.6 sec left
CG set 796 / 5603    615.3468 GFlop/s     (615.3468 GFlop/s per process)    14%    3077.9 sec left
CG set 797 / 5603    615.3379 GFlop/s     (615.3379 GFlop/s per process)    14%    3077.2 sec left
CG set 798 / 5603    615.3305 GFlop/s     (615.3305 GFlop/s per process)    14%    3076.6 sec left
CG set 799 / 5603    615.3209 GFlop/s     (615.3209 GFlop/s per process)    14%    3075.9 sec left
CG set 800 / 5603    615.3131 GFlop/s     (615.3131 GFlop/s per process)    14%    3075.3 sec left
CG set 801 / 5603    615.3079 GFlop/s     (615.3079 GFlop/s per process)    14%    3074.6 sec left
CG set 802 / 5603    615.2985 GFlop/s     (615.2985 GFlop/s per process)    14%    3073.9 sec left
CG set 803 / 5603    615.2917 GFlop/s     (615.2917 GFlop/s per process)    14%    3073.3 sec left
CG set 804 / 5603    615.2864 GFlop/s     (615.2864 GFlop/s per process)    14%    3072.6 sec left
CG set 805 / 5603    615.2811 GFlop/s     (615.2811 GFlop/s per process)    14%    3071.9 sec left
CG set 806 / 5603    615.2744 GFlop/s     (615.2744 GFlop/s per process)    14%    3071.3 sec left
CG set 807 / 5603    615.2678 GFlop/s     (615.2678 GFlop/s per process)    14%    3070.6 sec left
CG set 808 / 5603    615.2617 GFlop/s     (615.2617 GFlop/s per process)    14%    3070.0 sec left
CG set 809 / 5603    615.2569 GFlop/s     (615.2569 GFlop/s per process)    14%    3069.3 sec left
CG set 810 / 5603    615.2519 GFlop/s     (615.2519 GFlop/s per process)    14%    3068.6 sec left
CG set 811 / 5603    615.2465 GFlop/s     (615.2465 GFlop/s per process)    14%    3068.0 sec left
CG set 812 / 5603    615.2408 GFlop/s     (615.2408 GFlop/s per process)    14%    3067.3 sec left
CG set 813 / 5603    615.2372 GFlop/s     (615.2372 GFlop/s per process)    14%    3066.7 sec left
CG set 814 / 5603    615.2324 GFlop/s     (615.2324 GFlop/s per process)    14%    3066.0 sec left
CG set 815 / 5603    615.2298 GFlop/s     (615.2298 GFlop/s per process)    14%    3065.3 sec left
CG set 816 / 5603    615.2240 GFlop/s     (615.2240 GFlop/s per process)    14%    3064.7 sec left
CG set 817 / 5603    615.2202 GFlop/s     (615.2202 GFlop/s per process)    14%    3064.0 sec left
CG set 818 / 5603    615.2140 GFlop/s     (615.2140 GFlop/s per process)    14%    3063.4 sec left
CG set 819 / 5603    615.2095 GFlop/s     (615.2095 GFlop/s per process)    14%    3062.7 sec left
CG set 820 / 5603    615.2053 GFlop/s     (615.2053 GFlop/s per process)    14%    3062.0 sec left
CG set 821 / 5603    615.2003 GFlop/s     (615.2003 GFlop/s per process)    14%    3061.4 sec left
CG set 822 / 5603    615.1959 GFlop/s     (615.1959 GFlop/s per process)    14%    3060.7 sec left
CG set 823 / 5603    615.1909 GFlop/s     (615.1909 GFlop/s per process)    14%    3060.1 sec left
CG set 824 / 5603    615.1867 GFlop/s     (615.1867 GFlop/s per process)    14%    3059.4 sec left
CG set 825 / 5603    615.1831 GFlop/s     (615.1831 GFlop/s per process)    14%    3058.7 sec left
CG set 826 / 5603    615.1790 GFlop/s     (615.1790 GFlop/s per process)    14%    3058.1 sec left
CG set 827 / 5603    615.1755 GFlop/s     (615.1755 GFlop/s per process)    14%    3057.4 sec left
CG set 828 / 5603    615.1707 GFlop/s     (615.1707 GFlop/s per process)    14%    3056.8 sec left
CG set 829 / 5603    615.1669 GFlop/s     (615.1669 GFlop/s per process)    14%    3056.1 sec left
CG set 830 / 5603    615.1629 GFlop/s     (615.1629 GFlop/s per process)    14%    3055.4 sec left
CG set 831 / 5603    615.1578 GFlop/s     (615.1578 GFlop/s per process)    14%    3054.8 sec left
CG set 832 / 5603    615.1522 GFlop/s     (615.1522 GFlop/s per process)    14%    3054.1 sec left
CG set 833 / 5603    615.1440 GFlop/s     (615.1440 GFlop/s per process)    14%    3053.5 sec left
CG set 834 / 5603    615.1355 GFlop/s     (615.1355 GFlop/s per process)    14%    3052.8 sec left
CG set 835 / 5603    615.1253 GFlop/s     (615.1253 GFlop/s per process)    14%    3052.1 sec left
CG set 836 / 5603    615.1205 GFlop/s     (615.1205 GFlop/s per process)    14%    3051.5 sec left
CG set 837 / 5603    615.1112 GFlop/s     (615.1112 GFlop/s per process)    14%    3050.8 sec left
CG set 838 / 5603    615.1043 GFlop/s     (615.1043 GFlop/s per process)    14%    3050.1 sec left
CG set 839 / 5603    615.0966 GFlop/s     (615.0966 GFlop/s per process)    14%    3049.5 sec left
CG set 840 / 5603    615.0886 GFlop/s     (615.0886 GFlop/s per process)    14%    3048.8 sec left
CG set 841 / 5603    615.0827 GFlop/s     (615.0827 GFlop/s per process)    15%    3048.1 sec left
CG set 842 / 5603    615.0753 GFlop/s     (615.0753 GFlop/s per process)    15%    3047.5 sec left
CG set 843 / 5603    615.0684 GFlop/s     (615.0684 GFlop/s per process)    15%    3046.8 sec left
CG set 844 / 5603    615.0613 GFlop/s     (615.0613 GFlop/s per process)    15%    3046.2 sec left
CG set 845 / 5603    615.0554 GFlop/s     (615.0554 GFlop/s per process)    15%    3045.5 sec left
CG set 846 / 5603    615.0485 GFlop/s     (615.0485 GFlop/s per process)    15%    3044.8 sec left
CG set 847 / 5603    615.0415 GFlop/s     (615.0415 GFlop/s per process)    15%    3044.2 sec left
CG set 848 / 5603    615.0368 GFlop/s     (615.0368 GFlop/s per process)    15%    3043.5 sec left
CG set 849 / 5603    615.0318 GFlop/s     (615.0318 GFlop/s per process)    15%    3042.9 sec left
CG set 850 / 5603    615.0265 GFlop/s     (615.0265 GFlop/s per process)    15%    3042.2 sec left
CG set 851 / 5603    615.0215 GFlop/s     (615.0215 GFlop/s per process)    15%    3041.5 sec left
CG set 852 / 5603    615.0185 GFlop/s     (615.0185 GFlop/s per process)    15%    3040.9 sec left
CG set 853 / 5603    615.0136 GFlop/s     (615.0136 GFlop/s per process)    15%    3040.2 sec left
CG set 854 / 5603    615.0091 GFlop/s     (615.0091 GFlop/s per process)    15%    3039.6 sec left
CG set 855 / 5603    615.0030 GFlop/s     (615.0030 GFlop/s per process)    15%    3038.9 sec left
CG set 856 / 5603    614.9976 GFlop/s     (614.9976 GFlop/s per process)    15%    3038.2 sec left
CG set 857 / 5603    614.9943 GFlop/s     (614.9943 GFlop/s per process)    15%    3037.6 sec left
CG set 858 / 5603    614.9921 GFlop/s     (614.9921 GFlop/s per process)    15%    3036.9 sec left
CG set 859 / 5603    614.9878 GFlop/s     (614.9878 GFlop/s per process)    15%    3036.3 sec left
CG set 860 / 5603    614.9845 GFlop/s     (614.9845 GFlop/s per process)    15%    3035.6 sec left
CG set 861 / 5603    614.9803 GFlop/s     (614.9803 GFlop/s per process)    15%    3034.9 sec left
CG set 862 / 5603    614.9755 GFlop/s     (614.9755 GFlop/s per process)    15%    3034.3 sec left
CG set 863 / 5603    614.9732 GFlop/s     (614.9732 GFlop/s per process)    15%    3033.6 sec left
CG set 864 / 5603    614.9683 GFlop/s     (614.9683 GFlop/s per process)    15%    3033.0 sec left
CG set 865 / 5603    614.9652 GFlop/s     (614.9652 GFlop/s per process)    15%    3032.3 sec left
CG set 866 / 5603    614.9618 GFlop/s     (614.9618 GFlop/s per process)    15%    3031.6 sec left
CG set 867 / 5603    614.9565 GFlop/s     (614.9565 GFlop/s per process)    15%    3031.0 sec left
CG set 868 / 5603    614.9517 GFlop/s     (614.9517 GFlop/s per process)    15%    3030.3 sec left
CG set 869 / 5603    614.9453 GFlop/s     (614.9453 GFlop/s per process)    15%    3029.6 sec left
CG set 870 / 5603    614.9388 GFlop/s     (614.9388 GFlop/s per process)    15%    3029.0 sec left
CG set 871 / 5603    614.9318 GFlop/s     (614.9318 GFlop/s per process)    15%    3028.3 sec left
CG set 872 / 5603    614.9257 GFlop/s     (614.9257 GFlop/s per process)    15%    3027.7 sec left
CG set 873 / 5603    614.9183 GFlop/s     (614.9183 GFlop/s per process)    15%    3027.0 sec left
CG set 874 / 5603    614.9112 GFlop/s     (614.9112 GFlop/s per process)    15%    3026.3 sec left
CG set 875 / 5603    614.9021 GFlop/s     (614.9021 GFlop/s per process)    15%    3025.7 sec left
CG set 876 / 5603    614.8951 GFlop/s     (614.8951 GFlop/s per process)    15%    3025.0 sec left
CG set 877 / 5603    614.8864 GFlop/s     (614.8864 GFlop/s per process)    15%    3024.3 sec left
CG set 878 / 5603    614.8812 GFlop/s     (614.8812 GFlop/s per process)    15%    3023.7 sec left
CG set 879 / 5603    614.8749 GFlop/s     (614.8749 GFlop/s per process)    15%    3023.0 sec left
CG set 880 / 5603    614.8684 GFlop/s     (614.8684 GFlop/s per process)    15%    3022.4 sec left
CG set 881 / 5603    614.8637 GFlop/s     (614.8637 GFlop/s per process)    15%    3021.7 sec left
CG set 882 / 5603    614.8583 GFlop/s     (614.8583 GFlop/s per process)    15%    3021.0 sec left
CG set 883 / 5603    614.8551 GFlop/s     (614.8551 GFlop/s per process)    15%    3020.4 sec left
CG set 884 / 5603    614.8490 GFlop/s     (614.8490 GFlop/s per process)    15%    3019.7 sec left
CG set 885 / 5603    614.8427 GFlop/s     (614.8427 GFlop/s per process)    15%    3019.0 sec left
CG set 886 / 5603    614.8375 GFlop/s     (614.8375 GFlop/s per process)    15%    3018.4 sec left
CG set 887 / 5603    614.8338 GFlop/s     (614.8338 GFlop/s per process)    15%    3017.7 sec left
CG set 888 / 5603    614.8292 GFlop/s     (614.8292 GFlop/s per process)    15%    3017.1 sec left
CG set 889 / 5603    614.8252 GFlop/s     (614.8252 GFlop/s per process)    15%    3016.4 sec left
CG set 890 / 5603    614.8210 GFlop/s     (614.8210 GFlop/s per process)    15%    3015.7 sec left
CG set 891 / 5603    614.8162 GFlop/s     (614.8162 GFlop/s per process)    15%    3015.1 sec left
CG set 892 / 5603    614.8115 GFlop/s     (614.8115 GFlop/s per process)    15%    3014.4 sec left
CG set 893 / 5603    614.8070 GFlop/s     (614.8070 GFlop/s per process)    15%    3013.8 sec left
CG set 894 / 5603    614.8038 GFlop/s     (614.8038 GFlop/s per process)    15%    3013.1 sec left
CG set 895 / 5603    614.7997 GFlop/s     (614.7997 GFlop/s per process)    15%    3012.4 sec left
CG set 896 / 5603    614.7955 GFlop/s     (614.7955 GFlop/s per process)    15%    3011.8 sec left
CG set 897 / 5603    614.7922 GFlop/s     (614.7922 GFlop/s per process)    16%    3011.1 sec left
CG set 898 / 5603    614.7898 GFlop/s     (614.7898 GFlop/s per process)    16%    3010.5 sec left
CG set 899 / 5603    614.7867 GFlop/s     (614.7867 GFlop/s per process)    16%    3009.8 sec left
CG set 900 / 5603    614.7814 GFlop/s     (614.7814 GFlop/s per process)    16%    3009.1 sec left
CG set 901 / 5603    614.7768 GFlop/s     (614.7768 GFlop/s per process)    16%    3008.5 sec left
CG set 902 / 5603    614.7714 GFlop/s     (614.7714 GFlop/s per process)    16%    3007.8 sec left
CG set 903 / 5603    614.7685 GFlop/s     (614.7685 GFlop/s per process)    16%    3007.2 sec left
CG set 904 / 5603    614.7654 GFlop/s     (614.7654 GFlop/s per process)    16%    3006.5 sec left
CG set 905 / 5603    614.7581 GFlop/s     (614.7581 GFlop/s per process)    16%    3005.8 sec left
CG set 906 / 5603    614.7512 GFlop/s     (614.7512 GFlop/s per process)    16%    3005.2 sec left
CG set 907 / 5603    614.7447 GFlop/s     (614.7447 GFlop/s per process)    16%    3004.5 sec left
CG set 908 / 5603    614.7379 GFlop/s     (614.7379 GFlop/s per process)    16%    3003.8 sec left
CG set 909 / 5603    614.7312 GFlop/s     (614.7312 GFlop/s per process)    16%    3003.2 sec left
CG set 910 / 5603    614.7205 GFlop/s     (614.7205 GFlop/s per process)    16%    3002.5 sec left
CG set 911 / 5603    614.7133 GFlop/s     (614.7133 GFlop/s per process)    16%    3001.9 sec left
CG set 912 / 5603    614.7074 GFlop/s     (614.7074 GFlop/s per process)    16%    3001.2 sec left
CG set 913 / 5603    614.6998 GFlop/s     (614.6998 GFlop/s per process)    16%    3000.5 sec left
CG set 914 / 5603    614.6942 GFlop/s     (614.6942 GFlop/s per process)    16%    2999.9 sec left
CG set 915 / 5603    614.6884 GFlop/s     (614.6884 GFlop/s per process)    16%    2999.2 sec left
CG set 916 / 5603    614.6812 GFlop/s     (614.6812 GFlop/s per process)    16%    2998.5 sec left
CG set 917 / 5603    614.6766 GFlop/s     (614.6766 GFlop/s per process)    16%    2997.9 sec left
CG set 918 / 5603    614.6692 GFlop/s     (614.6692 GFlop/s per process)    16%    2997.2 sec left
CG set 919 / 5603    614.6617 GFlop/s     (614.6617 GFlop/s per process)    16%    2996.5 sec left
CG set 920 / 5603    614.6555 GFlop/s     (614.6555 GFlop/s per process)    16%    2995.9 sec left
CG set 921 / 5603    614.6521 GFlop/s     (614.6521 GFlop/s per process)    16%    2995.2 sec left
CG set 922 / 5603    614.6479 GFlop/s     (614.6479 GFlop/s per process)    16%    2994.6 sec left
CG set 923 / 5603    614.6424 GFlop/s     (614.6424 GFlop/s per process)    16%    2993.9 sec left
CG set 924 / 5603    614.6382 GFlop/s     (614.6382 GFlop/s per process)    16%    2993.2 sec left
CG set 925 / 5603    614.6337 GFlop/s     (614.6337 GFlop/s per process)    16%    2992.6 sec left
CG set 926 / 5603    614.6277 GFlop/s     (614.6277 GFlop/s per process)    16%    2991.9 sec left
CG set 927 / 5603    614.6239 GFlop/s     (614.6239 GFlop/s per process)    16%    2991.3 sec left
CG set 928 / 5603    614.6209 GFlop/s     (614.6209 GFlop/s per process)    16%    2990.6 sec left
CG set 929 / 5603    614.6156 GFlop/s     (614.6156 GFlop/s per process)    16%    2989.9 sec left
CG set 930 / 5603    614.6113 GFlop/s     (614.6113 GFlop/s per process)    16%    2989.3 sec left
CG set 931 / 5603    614.6068 GFlop/s     (614.6068 GFlop/s per process)    16%    2988.6 sec left
CG set 932 / 5603    614.6038 GFlop/s     (614.6038 GFlop/s per process)    16%    2988.0 sec left
CG set 933 / 5603    614.6017 GFlop/s     (614.6017 GFlop/s per process)    16%    2987.3 sec left
CG set 934 / 5603    614.5977 GFlop/s     (614.5977 GFlop/s per process)    16%    2986.6 sec left
CG set 935 / 5603    614.5936 GFlop/s     (614.5936 GFlop/s per process)    16%    2986.0 sec left
CG set 936 / 5603    614.5901 GFlop/s     (614.5901 GFlop/s per process)    16%    2985.3 sec left
CG set 937 / 5603    614.5876 GFlop/s     (614.5876 GFlop/s per process)    16%    2984.7 sec left
CG set 938 / 5603    614.5847 GFlop/s     (614.5847 GFlop/s per process)    16%    2984.0 sec left
CG set 939 / 5603    614.5795 GFlop/s     (614.5795 GFlop/s per process)    16%    2983.3 sec left
CG set 940 / 5603    614.5774 GFlop/s     (614.5774 GFlop/s per process)    16%    2982.7 sec left
CG set 941 / 5603    614.5746 GFlop/s     (614.5746 GFlop/s per process)    16%    2982.0 sec left
CG set 942 / 5603    614.5714 GFlop/s     (614.5714 GFlop/s per process)    16%    2981.4 sec left
CG set 943 / 5603    614.5671 GFlop/s     (614.5671 GFlop/s per process)    16%    2980.7 sec left
CG set 944 / 5603    614.5627 GFlop/s     (614.5627 GFlop/s per process)    16%    2980.0 sec left
CG set 945 / 5603    614.5583 GFlop/s     (614.5583 GFlop/s per process)    16%    2979.4 sec left
CG set 946 / 5603    614.5533 GFlop/s     (614.5533 GFlop/s per process)    16%    2978.7 sec left
CG set 947 / 5603    614.5475 GFlop/s     (614.5475 GFlop/s per process)    16%    2978.0 sec left
CG set 948 / 5603    614.5409 GFlop/s     (614.5409 GFlop/s per process)    16%    2977.4 sec left
CG set 949 / 5603    614.5334 GFlop/s     (614.5334 GFlop/s per process)    16%    2976.7 sec left
CG set 950 / 5603    614.5284 GFlop/s     (614.5284 GFlop/s per process)    16%    2976.1 sec left
CG set 951 / 5603    614.5227 GFlop/s     (614.5227 GFlop/s per process)    16%    2975.4 sec left
CG set 952 / 5603    614.5148 GFlop/s     (614.5148 GFlop/s per process)    16%    2974.7 sec left
CG set 953 / 5603    614.5101 GFlop/s     (614.5101 GFlop/s per process)    17%    2974.1 sec left
CG set 954 / 5603    614.5027 GFlop/s     (614.5027 GFlop/s per process)    17%    2973.4 sec left
CG set 955 / 5603    614.4985 GFlop/s     (614.4985 GFlop/s per process)    17%    2972.7 sec left
CG set 956 / 5603    614.4895 GFlop/s     (614.4895 GFlop/s per process)    17%    2972.1 sec left
CG set 957 / 5603    614.4845 GFlop/s     (614.4845 GFlop/s per process)    17%    2971.4 sec left
CG set 958 / 5603    614.4788 GFlop/s     (614.4788 GFlop/s per process)    17%    2970.8 sec left
CG set 959 / 5603    614.4727 GFlop/s     (614.4727 GFlop/s per process)    17%    2970.1 sec left
CG set 960 / 5603    614.4662 GFlop/s     (614.4662 GFlop/s per process)    17%    2969.4 sec left
CG set 961 / 5603    614.4614 GFlop/s     (614.4614 GFlop/s per process)    17%    2968.8 sec left
CG set 962 / 5603    614.4581 GFlop/s     (614.4581 GFlop/s per process)    17%    2968.1 sec left
CG set 963 / 5603    614.4553 GFlop/s     (614.4553 GFlop/s per process)    17%    2967.4 sec left
CG set 964 / 5603    614.4487 GFlop/s     (614.4487 GFlop/s per process)    17%    2966.8 sec left
CG set 965 / 5603    614.4429 GFlop/s     (614.4429 GFlop/s per process)    17%    2966.1 sec left
CG set 966 / 5603    614.4390 GFlop/s     (614.4390 GFlop/s per process)    17%    2965.5 sec left
CG set 967 / 5603    614.4364 GFlop/s     (614.4364 GFlop/s per process)    17%    2964.8 sec left
CG set 968 / 5603    614.4316 GFlop/s     (614.4316 GFlop/s per process)    17%    2964.1 sec left
CG set 969 / 5603    614.4280 GFlop/s     (614.4280 GFlop/s per process)    17%    2963.5 sec left
CG set 970 / 5603    614.4237 GFlop/s     (614.4237 GFlop/s per process)    17%    2962.8 sec left
CG set 971 / 5603    614.4196 GFlop/s     (614.4196 GFlop/s per process)    17%    2962.1 sec left
CG set 972 / 5603    614.4165 GFlop/s     (614.4165 GFlop/s per process)    17%    2961.5 sec left
CG set 973 / 5603    614.4143 GFlop/s     (614.4143 GFlop/s per process)    17%    2960.8 sec left
CG set 974 / 5603    614.4123 GFlop/s     (614.4123 GFlop/s per process)    17%    2960.2 sec left
CG set 975 / 5603    614.4096 GFlop/s     (614.4096 GFlop/s per process)    17%    2959.5 sec left
CG set 976 / 5603    614.4077 GFlop/s     (614.4077 GFlop/s per process)    17%    2958.9 sec left
CG set 977 / 5603    614.4042 GFlop/s     (614.4042 GFlop/s per process)    17%    2958.2 sec left
CG set 978 / 5603    614.4003 GFlop/s     (614.4003 GFlop/s per process)    17%    2957.5 sec left
CG set 979 / 5603    614.3973 GFlop/s     (614.3973 GFlop/s per process)    17%    2956.9 sec left
CG set 980 / 5603    614.3929 GFlop/s     (614.3929 GFlop/s per process)    17%    2956.2 sec left
CG set 981 / 5603    614.3894 GFlop/s     (614.3894 GFlop/s per process)    17%    2955.5 sec left
CG set 982 / 5603    614.3867 GFlop/s     (614.3867 GFlop/s per process)    17%    2954.9 sec left
CG set 983 / 5603    614.3809 GFlop/s     (614.3809 GFlop/s per process)    17%    2954.2 sec left
CG set 984 / 5603    614.3757 GFlop/s     (614.3757 GFlop/s per process)    17%    2953.6 sec left
CG set 985 / 5603    614.3701 GFlop/s     (614.3701 GFlop/s per process)    17%    2952.9 sec left
CG set 986 / 5603    614.3618 GFlop/s     (614.3618 GFlop/s per process)    17%    2952.2 sec left
CG set 987 / 5603    614.3563 GFlop/s     (614.3563 GFlop/s per process)    17%    2951.6 sec left
CG set 988 / 5603    614.3513 GFlop/s     (614.3513 GFlop/s per process)    17%    2950.9 sec left
CG set 989 / 5603    614.3448 GFlop/s     (614.3448 GFlop/s per process)    17%    2950.2 sec left
CG set 990 / 5603    614.3396 GFlop/s     (614.3396 GFlop/s per process)    17%    2949.6 sec left
CG set 991 / 5603    614.3329 GFlop/s     (614.3329 GFlop/s per process)    17%    2948.9 sec left
CG set 992 / 5603    614.3253 GFlop/s     (614.3253 GFlop/s per process)    17%    2948.3 sec left
CG set 993 / 5603    614.3198 GFlop/s     (614.3198 GFlop/s per process)    17%    2947.6 sec left
CG set 994 / 5603    614.3148 GFlop/s     (614.3148 GFlop/s per process)    17%    2946.9 sec left
CG set 995 / 5603    614.3084 GFlop/s     (614.3084 GFlop/s per process)    17%    2946.3 sec left
CG set 996 / 5603    614.3041 GFlop/s     (614.3041 GFlop/s per process)    17%    2945.6 sec left
CG set 997 / 5603    614.3003 GFlop/s     (614.3003 GFlop/s per process)    17%    2944.9 sec left
CG set 998 / 5603    614.2961 GFlop/s     (614.2961 GFlop/s per process)    17%    2944.3 sec left
CG set 999 / 5603    614.2903 GFlop/s     (614.2903 GFlop/s per process)    17%    2943.6 sec left
CG set 1000 / 5603    614.2872 GFlop/s     (614.2872 GFlop/s per process)    17%    2943.0 sec left
CG set 1001 / 5603    614.2835 GFlop/s     (614.2835 GFlop/s per process)    17%    2942.3 sec left
CG set 1002 / 5603    614.2798 GFlop/s     (614.2798 GFlop/s per process)    17%    2941.6 sec left
CG set 1003 / 5603    614.2777 GFlop/s     (614.2777 GFlop/s per process)    17%    2941.0 sec left
CG set 1004 / 5603    614.2724 GFlop/s     (614.2724 GFlop/s per process)    17%    2940.3 sec left
CG set 1005 / 5603    614.2677 GFlop/s     (614.2677 GFlop/s per process)    17%    2939.6 sec left
CG set 1006 / 5603    614.2649 GFlop/s     (614.2649 GFlop/s per process)    17%    2939.0 sec left
CG set 1007 / 5603    614.2626 GFlop/s     (614.2626 GFlop/s per process)    17%    2938.3 sec left
CG set 1008 / 5603    614.2594 GFlop/s     (614.2594 GFlop/s per process)    17%    2937.7 sec left
CG set 1009 / 5603    614.2559 GFlop/s     (614.2559 GFlop/s per process)    18%    2937.0 sec left
CG set 1010 / 5603    614.2535 GFlop/s     (614.2535 GFlop/s per process)    18%    2936.3 sec left
CG set 1011 / 5603    614.2493 GFlop/s     (614.2493 GFlop/s per process)    18%    2935.7 sec left
CG set 1012 / 5603    614.2461 GFlop/s     (614.2461 GFlop/s per process)    18%    2935.0 sec left
CG set 1013 / 5603    614.2437 GFlop/s     (614.2437 GFlop/s per process)    18%    2934.4 sec left
CG set 1014 / 5603    614.2413 GFlop/s     (614.2413 GFlop/s per process)    18%    2933.7 sec left
CG set 1015 / 5603    614.2380 GFlop/s     (614.2380 GFlop/s per process)    18%    2933.0 sec left
CG set 1016 / 5603    614.2351 GFlop/s     (614.2351 GFlop/s per process)    18%    2932.4 sec left
CG set 1017 / 5603    614.2325 GFlop/s     (614.2325 GFlop/s per process)    18%    2931.7 sec left
CG set 1018 / 5603    614.2272 GFlop/s     (614.2272 GFlop/s per process)    18%    2931.1 sec left
CG set 1019 / 5603    614.2239 GFlop/s     (614.2239 GFlop/s per process)    18%    2930.4 sec left
CG set 1020 / 5603    614.2207 GFlop/s     (614.2207 GFlop/s per process)    18%    2929.7 sec left
CG set 1021 / 5603    614.2171 GFlop/s     (614.2171 GFlop/s per process)    18%    2929.1 sec left
CG set 1022 / 5603    614.2113 GFlop/s     (614.2113 GFlop/s per process)    18%    2928.4 sec left
CG set 1023 / 5603    614.2039 GFlop/s     (614.2039 GFlop/s per process)    18%    2927.8 sec left
CG set 1024 / 5603    614.1970 GFlop/s     (614.1970 GFlop/s per process)    18%    2927.1 sec left
CG set 1025 / 5603    614.1906 GFlop/s     (614.1906 GFlop/s per process)    18%    2926.4 sec left
CG set 1026 / 5603    614.1859 GFlop/s     (614.1859 GFlop/s per process)    18%    2925.8 sec left
CG set 1027 / 5603    614.1812 GFlop/s     (614.1812 GFlop/s per process)    18%    2925.1 sec left
CG set 1028 / 5603    614.1743 GFlop/s     (614.1743 GFlop/s per process)    18%    2924.4 sec left
CG set 1029 / 5603    614.1702 GFlop/s     (614.1702 GFlop/s per process)    18%    2923.8 sec left
CG set 1030 / 5603    614.1626 GFlop/s     (614.1626 GFlop/s per process)    18%    2923.1 sec left
CG set 1031 / 5603    614.1560 GFlop/s     (614.1560 GFlop/s per process)    18%    2922.4 sec left
CG set 1032 / 5603    614.1524 GFlop/s     (614.1524 GFlop/s per process)    18%    2921.8 sec left
CG set 1033 / 5603    614.1484 GFlop/s     (614.1484 GFlop/s per process)    18%    2921.1 sec left
CG set 1034 / 5603    614.1444 GFlop/s     (614.1444 GFlop/s per process)    18%    2920.5 sec left
CG set 1035 / 5603    614.1403 GFlop/s     (614.1403 GFlop/s per process)    18%    2919.8 sec left
CG set 1036 / 5603    614.1365 GFlop/s     (614.1365 GFlop/s per process)    18%    2919.1 sec left
CG set 1037 / 5603    614.1332 GFlop/s     (614.1332 GFlop/s per process)    18%    2918.5 sec left
CG set 1038 / 5603    614.1288 GFlop/s     (614.1288 GFlop/s per process)    18%    2917.8 sec left
CG set 1039 / 5603    614.1241 GFlop/s     (614.1241 GFlop/s per process)    18%    2917.1 sec left
CG set 1040 / 5603    614.1215 GFlop/s     (614.1215 GFlop/s per process)    18%    2916.5 sec left
CG set 1041 / 5603    614.1203 GFlop/s     (614.1203 GFlop/s per process)    18%    2915.8 sec left
CG set 1042 / 5603    614.1164 GFlop/s     (614.1164 GFlop/s per process)    18%    2915.2 sec left
CG set 1043 / 5603    614.1135 GFlop/s     (614.1135 GFlop/s per process)    18%    2914.5 sec left
CG set 1044 / 5603    614.1089 GFlop/s     (614.1089 GFlop/s per process)    18%    2913.8 sec left
CG set 1045 / 5603    614.1069 GFlop/s     (614.1069 GFlop/s per process)    18%    2913.2 sec left
CG set 1046 / 5603    614.1046 GFlop/s     (614.1046 GFlop/s per process)    18%    2912.5 sec left
CG set 1047 / 5603    614.1031 GFlop/s     (614.1031 GFlop/s per process)    18%    2911.9 sec left
CG set 1048 / 5603    614.1012 GFlop/s     (614.1012 GFlop/s per process)    18%    2911.2 sec left
CG set 1049 / 5603    614.0984 GFlop/s     (614.0984 GFlop/s per process)    18%    2910.5 sec left
CG set 1050 / 5603    614.0962 GFlop/s     (614.0962 GFlop/s per process)    18%    2909.9 sec left
CG set 1051 / 5603    614.0928 GFlop/s     (614.0928 GFlop/s per process)    18%    2909.2 sec left
CG set 1052 / 5603    614.0903 GFlop/s     (614.0903 GFlop/s per process)    18%    2908.6 sec left
CG set 1053 / 5603    614.0864 GFlop/s     (614.0864 GFlop/s per process)    18%    2907.9 sec left
CG set 1054 / 5603    614.0850 GFlop/s     (614.0850 GFlop/s per process)    18%    2907.2 sec left
CG set 1055 / 5603    614.0825 GFlop/s     (614.0825 GFlop/s per process)    18%    2906.6 sec left
CG set 1056 / 5603    614.0804 GFlop/s     (614.0804 GFlop/s per process)    18%    2905.9 sec left
CG set 1057 / 5603    614.0750 GFlop/s     (614.0750 GFlop/s per process)    18%    2905.3 sec left
CG set 1058 / 5603    614.0705 GFlop/s     (614.0705 GFlop/s per process)    18%    2904.6 sec left
CG set 1059 / 5603    614.0652 GFlop/s     (614.0652 GFlop/s per process)    18%    2903.9 sec left
CG set 1060 / 5603    614.0614 GFlop/s     (614.0614 GFlop/s per process)    18%    2903.3 sec left
CG set 1061 / 5603    614.0566 GFlop/s     (614.0566 GFlop/s per process)    18%    2902.6 sec left
CG set 1062 / 5603    614.0516 GFlop/s     (614.0516 GFlop/s per process)    18%    2901.9 sec left
CG set 1063 / 5603    614.0461 GFlop/s     (614.0461 GFlop/s per process)    18%    2901.3 sec left
CG set 1064 / 5603    614.0424 GFlop/s     (614.0424 GFlop/s per process)    18%    2900.6 sec left
CG set 1065 / 5603    614.0369 GFlop/s     (614.0369 GFlop/s per process)    19%    2900.0 sec left
CG set 1066 / 5603    614.0319 GFlop/s     (614.0319 GFlop/s per process)    19%    2899.3 sec left
CG set 1067 / 5603    614.0265 GFlop/s     (614.0265 GFlop/s per process)    19%    2898.6 sec left
CG set 1068 / 5603    614.0226 GFlop/s     (614.0226 GFlop/s per process)    19%    2898.0 sec left
CG set 1069 / 5603    614.0184 GFlop/s     (614.0184 GFlop/s per process)    19%    2897.3 sec left
CG set 1070 / 5603    614.0143 GFlop/s     (614.0143 GFlop/s per process)    19%    2896.6 sec left
CG set 1071 / 5603    614.0114 GFlop/s     (614.0114 GFlop/s per process)    19%    2896.0 sec left
CG set 1072 / 5603    614.0076 GFlop/s     (614.0076 GFlop/s per process)    19%    2895.3 sec left
CG set 1073 / 5603    614.0048 GFlop/s     (614.0048 GFlop/s per process)    19%    2894.7 sec left
CG set 1074 / 5603    614.0021 GFlop/s     (614.0021 GFlop/s per process)    19%    2894.0 sec left
CG set 1075 / 5603    613.9996 GFlop/s     (613.9996 GFlop/s per process)    19%    2893.3 sec left
CG set 1076 / 5603    613.9966 GFlop/s     (613.9966 GFlop/s per process)    19%    2892.7 sec left
CG set 1077 / 5603    613.9931 GFlop/s     (613.9931 GFlop/s per process)    19%    2892.0 sec left
CG set 1078 / 5603    613.9895 GFlop/s     (613.9895 GFlop/s per process)    19%    2891.4 sec left
CG set 1079 / 5603    613.9865 GFlop/s     (613.9865 GFlop/s per process)    19%    2890.7 sec left
CG set 1080 / 5603    613.9842 GFlop/s     (613.9842 GFlop/s per process)    19%    2890.0 sec left
CG set 1081 / 5603    613.9811 GFlop/s     (613.9811 GFlop/s per process)    19%    2889.4 sec left
CG set 1082 / 5603    613.9786 GFlop/s     (613.9786 GFlop/s per process)    19%    2888.7 sec left
CG set 1083 / 5603    613.9764 GFlop/s     (613.9764 GFlop/s per process)    19%    2888.1 sec left
CG set 1084 / 5603    613.9758 GFlop/s     (613.9758 GFlop/s per process)    19%    2887.4 sec left
CG set 1085 / 5603    613.9738 GFlop/s     (613.9738 GFlop/s per process)    19%    2886.7 sec left
CG set 1086 / 5603    613.9719 GFlop/s     (613.9719 GFlop/s per process)    19%    2886.1 sec left
CG set 1087 / 5603    613.9702 GFlop/s     (613.9702 GFlop/s per process)    19%    2885.4 sec left
CG set 1088 / 5603    613.9686 GFlop/s     (613.9686 GFlop/s per process)    19%    2884.8 sec left
CG set 1089 / 5603    613.9656 GFlop/s     (613.9656 GFlop/s per process)    19%    2884.1 sec left
CG set 1090 / 5603    613.9633 GFlop/s     (613.9633 GFlop/s per process)    19%    2883.4 sec left
CG set 1091 / 5603    613.9609 GFlop/s     (613.9609 GFlop/s per process)    19%    2882.8 sec left
CG set 1092 / 5603    613.9589 GFlop/s     (613.9589 GFlop/s per process)    19%    2882.1 sec left
CG set 1093 / 5603    613.9571 GFlop/s     (613.9571 GFlop/s per process)    19%    2881.5 sec left
CG set 1094 / 5603    613.9541 GFlop/s     (613.9541 GFlop/s per process)    19%    2880.8 sec left
CG set 1095 / 5603    613.9523 GFlop/s     (613.9523 GFlop/s per process)    19%    2880.1 sec left
CG set 1096 / 5603    613.9497 GFlop/s     (613.9497 GFlop/s per process)    19%    2879.5 sec left
CG set 1097 / 5603    613.9425 GFlop/s     (613.9425 GFlop/s per process)    19%    2878.8 sec left
CG set 1098 / 5603    613.9371 GFlop/s     (613.9371 GFlop/s per process)    19%    2878.1 sec left
CG set 1099 / 5603    613.9300 GFlop/s     (613.9300 GFlop/s per process)    19%    2877.5 sec left
CG set 1100 / 5603    613.9238 GFlop/s     (613.9238 GFlop/s per process)    19%    2876.8 sec left
CG set 1101 / 5603    613.9179 GFlop/s     (613.9179 GFlop/s per process)    19%    2876.2 sec left
CG set 1102 / 5603    613.9143 GFlop/s     (613.9143 GFlop/s per process)    19%    2875.5 sec left
CG set 1103 / 5603    613.9081 GFlop/s     (613.9081 GFlop/s per process)    19%    2874.8 sec left
CG set 1104 / 5603    613.9039 GFlop/s     (613.9039 GFlop/s per process)    19%    2874.2 sec left
CG set 1105 / 5603    613.8996 GFlop/s     (613.8996 GFlop/s per process)    19%    2873.5 sec left
CG set 1106 / 5603    613.8960 GFlop/s     (613.8960 GFlop/s per process)    19%    2872.8 sec left
CG set 1107 / 5603    613.8926 GFlop/s     (613.8926 GFlop/s per process)    19%    2872.2 sec left
CG set 1108 / 5603    613.8890 GFlop/s     (613.8890 GFlop/s per process)    19%    2871.5 sec left
CG set 1109 / 5603    613.8840 GFlop/s     (613.8840 GFlop/s per process)    19%    2870.9 sec left
CG set 1110 / 5603    613.8798 GFlop/s     (613.8798 GFlop/s per process)    19%    2870.2 sec left
CG set 1111 / 5603    613.8772 GFlop/s     (613.8772 GFlop/s per process)    19%    2869.5 sec left
CG set 1112 / 5603    613.8739 GFlop/s     (613.8739 GFlop/s per process)    19%    2868.9 sec left
CG set 1113 / 5603    613.8707 GFlop/s     (613.8707 GFlop/s per process)    19%    2868.2 sec left
CG set 1114 / 5603    613.8670 GFlop/s     (613.8670 GFlop/s per process)    19%    2867.5 sec left
CG set 1115 / 5603    613.8645 GFlop/s     (613.8645 GFlop/s per process)    19%    2866.9 sec left
CG set 1116 / 5603    613.8611 GFlop/s     (613.8611 GFlop/s per process)    19%    2866.2 sec left
CG set 1117 / 5603    613.8579 GFlop/s     (613.8579 GFlop/s per process)    19%    2865.6 sec left
CG set 1118 / 5603    613.8555 GFlop/s     (613.8555 GFlop/s per process)    19%    2864.9 sec left
CG set 1119 / 5603    613.8530 GFlop/s     (613.8530 GFlop/s per process)    19%    2864.2 sec left
CG set 1120 / 5603    613.8499 GFlop/s     (613.8499 GFlop/s per process)    19%    2863.6 sec left
CG set 1121 / 5603    613.8477 GFlop/s     (613.8477 GFlop/s per process)    20%    2862.9 sec left
CG set 1122 / 5603    613.8449 GFlop/s     (613.8449 GFlop/s per process)    20%    2862.3 sec left
CG set 1123 / 5603    613.8433 GFlop/s     (613.8433 GFlop/s per process)    20%    2861.6 sec left
CG set 1124 / 5603    613.8408 GFlop/s     (613.8408 GFlop/s per process)    20%    2860.9 sec left
CG set 1125 / 5603    613.8385 GFlop/s     (613.8385 GFlop/s per process)    20%    2860.3 sec left
CG set 1126 / 5603    613.8370 GFlop/s     (613.8370 GFlop/s per process)    20%    2859.6 sec left
CG set 1127 / 5603    613.8357 GFlop/s     (613.8357 GFlop/s per process)    20%    2859.0 sec left
CG set 1128 / 5603    613.8332 GFlop/s     (613.8332 GFlop/s per process)    20%    2858.3 sec left
CG set 1129 / 5603    613.8315 GFlop/s     (613.8315 GFlop/s per process)    20%    2857.6 sec left
CG set 1130 / 5603    613.8292 GFlop/s     (613.8292 GFlop/s per process)    20%    2857.0 sec left
CG set 1131 / 5603    613.8273 GFlop/s     (613.8273 GFlop/s per process)    20%    2856.3 sec left
CG set 1132 / 5603    613.8241 GFlop/s     (613.8241 GFlop/s per process)    20%    2855.7 sec left
CG set 1133 / 5603    613.8206 GFlop/s     (613.8206 GFlop/s per process)    20%    2855.0 sec left
CG set 1134 / 5603    613.8163 GFlop/s     (613.8163 GFlop/s per process)    20%    2854.3 sec left
CG set 1135 / 5603    613.8117 GFlop/s     (613.8117 GFlop/s per process)    20%    2853.7 sec left
CG set 1136 / 5603    613.8081 GFlop/s     (613.8081 GFlop/s per process)    20%    2853.0 sec left
CG set 1137 / 5603    613.8016 GFlop/s     (613.8016 GFlop/s per process)    20%    2852.3 sec left
CG set 1138 / 5603    613.7974 GFlop/s     (613.7974 GFlop/s per process)    20%    2851.7 sec left
CG set 1139 / 5603    613.7918 GFlop/s     (613.7918 GFlop/s per process)    20%    2851.0 sec left
CG set 1140 / 5603    613.7861 GFlop/s     (613.7861 GFlop/s per process)    20%    2850.4 sec left
CG set 1141 / 5603    613.7814 GFlop/s     (613.7814 GFlop/s per process)    20%    2849.7 sec left
CG set 1142 / 5603    613.7763 GFlop/s     (613.7763 GFlop/s per process)    20%    2849.0 sec left
CG set 1143 / 5603    613.7710 GFlop/s     (613.7710 GFlop/s per process)    20%    2848.4 sec left
CG set 1144 / 5603    613.7666 GFlop/s     (613.7666 GFlop/s per process)    20%    2847.7 sec left
CG set 1145 / 5603    613.7624 GFlop/s     (613.7624 GFlop/s per process)    20%    2847.0 sec left
CG set 1146 / 5603    613.7577 GFlop/s     (613.7577 GFlop/s per process)    20%    2846.4 sec left
CG set 1147 / 5603    613.7549 GFlop/s     (613.7549 GFlop/s per process)    20%    2845.7 sec left
CG set 1148 / 5603    613.7515 GFlop/s     (613.7515 GFlop/s per process)    20%    2845.0 sec left
CG set 1149 / 5603    613.7498 GFlop/s     (613.7498 GFlop/s per process)    20%    2844.4 sec left
CG set 1150 / 5603    613.7447 GFlop/s     (613.7447 GFlop/s per process)    20%    2843.7 sec left
CG set 1151 / 5603    613.7422 GFlop/s     (613.7422 GFlop/s per process)    20%    2843.1 sec left
CG set 1152 / 5603    613.7391 GFlop/s     (613.7391 GFlop/s per process)    20%    2842.4 sec left
CG set 1153 / 5603    613.7366 GFlop/s     (613.7366 GFlop/s per process)    20%    2841.7 sec left
CG set 1154 / 5603    613.7335 GFlop/s     (613.7335 GFlop/s per process)    20%    2841.1 sec left
CG set 1155 / 5603    613.7295 GFlop/s     (613.7295 GFlop/s per process)    20%    2840.4 sec left
CG set 1156 / 5603    613.7255 GFlop/s     (613.7255 GFlop/s per process)    20%    2839.8 sec left
CG set 1157 / 5603    613.7238 GFlop/s     (613.7238 GFlop/s per process)    20%    2839.1 sec left
CG set 1158 / 5603    613.7219 GFlop/s     (613.7219 GFlop/s per process)    20%    2838.4 sec left
CG set 1159 / 5603    613.7202 GFlop/s     (613.7202 GFlop/s per process)    20%    2837.8 sec left
CG set 1160 / 5603    613.7170 GFlop/s     (613.7170 GFlop/s per process)    20%    2837.1 sec left
CG set 1161 / 5603    613.7149 GFlop/s     (613.7149 GFlop/s per process)    20%    2836.5 sec left
CG set 1162 / 5603    613.7122 GFlop/s     (613.7122 GFlop/s per process)    20%    2835.8 sec left
CG set 1163 / 5603    613.7101 GFlop/s     (613.7101 GFlop/s per process)    20%    2835.1 sec left
CG set 1164 / 5603    613.7079 GFlop/s     (613.7079 GFlop/s per process)    20%    2834.5 sec left
CG set 1165 / 5603    613.7067 GFlop/s     (613.7067 GFlop/s per process)    20%    2833.8 sec left
CG set 1166 / 5603    613.7039 GFlop/s     (613.7039 GFlop/s per process)    20%    2833.1 sec left
CG set 1167 / 5603    613.7023 GFlop/s     (613.7023 GFlop/s per process)    20%    2832.5 sec left
CG set 1168 / 5603    613.7005 GFlop/s     (613.7005 GFlop/s per process)    20%    2831.8 sec left
CG set 1169 / 5603    613.6993 GFlop/s     (613.6993 GFlop/s per process)    20%    2831.2 sec left
CG set 1170 / 5603    613.6968 GFlop/s     (613.6968 GFlop/s per process)    20%    2830.5 sec left
CG set 1171 / 5603    613.6933 GFlop/s     (613.6933 GFlop/s per process)    20%    2829.8 sec left
CG set 1172 / 5603    613.6906 GFlop/s     (613.6906 GFlop/s per process)    20%    2829.2 sec left
CG set 1173 / 5603    613.6875 GFlop/s     (613.6875 GFlop/s per process)    20%    2828.5 sec left
CG set 1174 / 5603    613.6825 GFlop/s     (613.6825 GFlop/s per process)    20%    2827.9 sec left
CG set 1175 / 5603    613.6783 GFlop/s     (613.6783 GFlop/s per process)    20%    2827.2 sec left
CG set 1176 / 5603    613.6721 GFlop/s     (613.6721 GFlop/s per process)    20%    2826.5 sec left
CG set 1177 / 5603    613.6665 GFlop/s     (613.6665 GFlop/s per process)    21%    2825.9 sec left
CG set 1178 / 5603    613.6618 GFlop/s     (613.6618 GFlop/s per process)    21%    2825.2 sec left
CG set 1179 / 5603    613.6577 GFlop/s     (613.6577 GFlop/s per process)    21%    2824.5 sec left
CG set 1180 / 5603    613.6532 GFlop/s     (613.6532 GFlop/s per process)    21%    2823.9 sec left
CG set 1181 / 5603    613.6472 GFlop/s     (613.6472 GFlop/s per process)    21%    2823.2 sec left
CG set 1182 / 5603    613.6435 GFlop/s     (613.6435 GFlop/s per process)    21%    2822.5 sec left
CG set 1183 / 5603    613.6401 GFlop/s     (613.6401 GFlop/s per process)    21%    2821.9 sec left
CG set 1184 / 5603    613.6353 GFlop/s     (613.6353 GFlop/s per process)    21%    2821.2 sec left
CG set 1185 / 5603    613.6304 GFlop/s     (613.6304 GFlop/s per process)    21%    2820.6 sec left
CG set 1186 / 5603    613.6276 GFlop/s     (613.6276 GFlop/s per process)    21%    2819.9 sec left
CG set 1187 / 5603    613.6256 GFlop/s     (613.6256 GFlop/s per process)    21%    2819.2 sec left
CG set 1188 / 5603    613.6243 GFlop/s     (613.6243 GFlop/s per process)    21%    2818.6 sec left
CG set 1189 / 5603    613.6212 GFlop/s     (613.6212 GFlop/s per process)    21%    2817.9 sec left
CG set 1190 / 5603    613.6171 GFlop/s     (613.6171 GFlop/s per process)    21%    2817.3 sec left
CG set 1191 / 5603    613.6144 GFlop/s     (613.6144 GFlop/s per process)    21%    2816.6 sec left
CG set 1192 / 5603    613.6125 GFlop/s     (613.6125 GFlop/s per process)    21%    2815.9 sec left
CG set 1193 / 5603    613.6106 GFlop/s     (613.6106 GFlop/s per process)    21%    2815.3 sec left
CG set 1194 / 5603    613.6081 GFlop/s     (613.6081 GFlop/s per process)    21%    2814.6 sec left
CG set 1195 / 5603    613.6067 GFlop/s     (613.6067 GFlop/s per process)    21%    2814.0 sec left
CG set 1196 / 5603    613.6044 GFlop/s     (613.6044 GFlop/s per process)    21%    2813.3 sec left
CG set 1197 / 5603    613.6016 GFlop/s     (613.6016 GFlop/s per process)    21%    2812.6 sec left
CG set 1198 / 5603    613.5996 GFlop/s     (613.5996 GFlop/s per process)    21%    2812.0 sec left
CG set 1199 / 5603    613.5976 GFlop/s     (613.5976 GFlop/s per process)    21%    2811.3 sec left
CG set 1200 / 5603    613.5951 GFlop/s     (613.5951 GFlop/s per process)    21%    2810.6 sec left
CG set 1201 / 5603    613.5934 GFlop/s     (613.5934 GFlop/s per process)    21%    2810.0 sec left
CG set 1202 / 5603    613.5914 GFlop/s     (613.5914 GFlop/s per process)    21%    2809.3 sec left
CG set 1203 / 5603    613.5901 GFlop/s     (613.5901 GFlop/s per process)    21%    2808.7 sec left
CG set 1204 / 5603    613.5868 GFlop/s     (613.5868 GFlop/s per process)    21%    2808.0 sec left
CG set 1205 / 5603    613.5850 GFlop/s     (613.5850 GFlop/s per process)    21%    2807.3 sec left
CG set 1206 / 5603    613.5837 GFlop/s     (613.5837 GFlop/s per process)    21%    2806.7 sec left
CG set 1207 / 5603    613.5811 GFlop/s     (613.5811 GFlop/s per process)    21%    2806.0 sec left
CG set 1208 / 5603    613.5790 GFlop/s     (613.5790 GFlop/s per process)    21%    2805.4 sec left
CG set 1209 / 5603    613.5763 GFlop/s     (613.5763 GFlop/s per process)    21%    2804.7 sec left
CG set 1210 / 5603    613.5709 GFlop/s     (613.5709 GFlop/s per process)    21%    2804.0 sec left
CG set 1211 / 5603    613.5676 GFlop/s     (613.5676 GFlop/s per process)    21%    2803.4 sec left
CG set 1212 / 5603    613.5622 GFlop/s     (613.5622 GFlop/s per process)    21%    2802.7 sec left
CG set 1213 / 5603    613.5581 GFlop/s     (613.5581 GFlop/s per process)    21%    2802.0 sec left
CG set 1214 / 5603    613.5516 GFlop/s     (613.5516 GFlop/s per process)    21%    2801.4 sec left
CG set 1215 / 5603    613.5479 GFlop/s     (613.5479 GFlop/s per process)    21%    2800.7 sec left
CG set 1216 / 5603    613.5434 GFlop/s     (613.5434 GFlop/s per process)    21%    2800.1 sec left
CG set 1217 / 5603    613.5402 GFlop/s     (613.5402 GFlop/s per process)    21%    2799.4 sec left
CG set 1218 / 5603    613.5351 GFlop/s     (613.5351 GFlop/s per process)    21%    2798.7 sec left
CG set 1219 / 5603    613.5316 GFlop/s     (613.5316 GFlop/s per process)    21%    2798.1 sec left
CG set 1220 / 5603    613.5281 GFlop/s     (613.5281 GFlop/s per process)    21%    2797.4 sec left
CG set 1221 / 5603    613.5244 GFlop/s     (613.5244 GFlop/s per process)    21%    2796.7 sec left
CG set 1222 / 5603    613.5218 GFlop/s     (613.5218 GFlop/s per process)    21%    2796.1 sec left
CG set 1223 / 5603    613.5190 GFlop/s     (613.5190 GFlop/s per process)    21%    2795.4 sec left
CG set 1224 / 5603    613.5169 GFlop/s     (613.5169 GFlop/s per process)    21%    2794.8 sec left
CG set 1225 / 5603    613.5142 GFlop/s     (613.5142 GFlop/s per process)    21%    2794.1 sec left
CG set 1226 / 5603    613.5117 GFlop/s     (613.5117 GFlop/s per process)    21%    2793.4 sec left
CG set 1227 / 5603    613.5084 GFlop/s     (613.5084 GFlop/s per process)    21%    2792.8 sec left
CG set 1228 / 5603    613.5069 GFlop/s     (613.5069 GFlop/s per process)    21%    2792.1 sec left
CG set 1229 / 5603    613.5042 GFlop/s     (613.5042 GFlop/s per process)    21%    2791.4 sec left
CG set 1230 / 5603    613.5016 GFlop/s     (613.5016 GFlop/s per process)    21%    2790.8 sec left
CG set 1231 / 5603    613.5003 GFlop/s     (613.5003 GFlop/s per process)    21%    2790.1 sec left
CG set 1232 / 5603    613.4976 GFlop/s     (613.4976 GFlop/s per process)    21%    2789.5 sec left
CG set 1233 / 5603    613.4960 GFlop/s     (613.4960 GFlop/s per process)    22%    2788.8 sec left
CG set 1234 / 5603    613.4946 GFlop/s     (613.4946 GFlop/s per process)    22%    2788.1 sec left
CG set 1235 / 5603    613.4913 GFlop/s     (613.4913 GFlop/s per process)    22%    2787.5 sec left
CG set 1236 / 5603    613.4893 GFlop/s     (613.4893 GFlop/s per process)    22%    2786.8 sec left
CG set 1237 / 5603    613.4875 GFlop/s     (613.4875 GFlop/s per process)    22%    2786.2 sec left
CG set 1238 / 5603    613.4859 GFlop/s     (613.4859 GFlop/s per process)    22%    2785.5 sec left
CG set 1239 / 5603    613.4838 GFlop/s     (613.4838 GFlop/s per process)    22%    2784.8 sec left
CG set 1240 / 5603    613.4816 GFlop/s     (613.4816 GFlop/s per process)    22%    2784.2 sec left
CG set 1241 / 5603    613.4791 GFlop/s     (613.4791 GFlop/s per process)    22%    2783.5 sec left
CG set 1242 / 5603    613.4772 GFlop/s     (613.4772 GFlop/s per process)    22%    2782.9 sec left
CG set 1243 / 5603    613.4753 GFlop/s     (613.4753 GFlop/s per process)    22%    2782.2 sec left
CG set 1244 / 5603    613.4737 GFlop/s     (613.4737 GFlop/s per process)    22%    2781.5 sec left
CG set 1245 / 5603    613.4712 GFlop/s     (613.4712 GFlop/s per process)    22%    2780.9 sec left
CG set 1246 / 5603    613.4685 GFlop/s     (613.4685 GFlop/s per process)    22%    2780.2 sec left
CG set 1247 / 5603    613.4630 GFlop/s     (613.4630 GFlop/s per process)    22%    2779.6 sec left
CG set 1248 / 5603    613.4593 GFlop/s     (613.4593 GFlop/s per process)    22%    2778.9 sec left
CG set 1249 / 5603    613.4575 GFlop/s     (613.4575 GFlop/s per process)    22%    2778.2 sec left
CG set 1250 / 5603    613.4545 GFlop/s     (613.4545 GFlop/s per process)    22%    2777.6 sec left
CG set 1251 / 5603    613.4506 GFlop/s     (613.4506 GFlop/s per process)    22%    2776.9 sec left
CG set 1252 / 5603    613.4459 GFlop/s     (613.4459 GFlop/s per process)    22%    2776.2 sec left
CG set 1253 / 5603    613.4408 GFlop/s     (613.4408 GFlop/s per process)    22%    2775.6 sec left
CG set 1254 / 5603    613.4365 GFlop/s     (613.4365 GFlop/s per process)    22%    2774.9 sec left
CG set 1255 / 5603    613.4334 GFlop/s     (613.4334 GFlop/s per process)    22%    2774.2 sec left
CG set 1256 / 5603    613.4292 GFlop/s     (613.4292 GFlop/s per process)    22%    2773.6 sec left
CG set 1257 / 5603    613.4255 GFlop/s     (613.4255 GFlop/s per process)    22%    2772.9 sec left
CG set 1258 / 5603    613.4224 GFlop/s     (613.4224 GFlop/s per process)    22%    2772.3 sec left
CG set 1259 / 5603    613.4196 GFlop/s     (613.4196 GFlop/s per process)    22%    2771.6 sec left
CG set 1260 / 5603    613.4160 GFlop/s     (613.4160 GFlop/s per process)    22%    2770.9 sec left
CG set 1261 / 5603    613.4123 GFlop/s     (613.4123 GFlop/s per process)    22%    2770.3 sec left
CG set 1262 / 5603    613.4078 GFlop/s     (613.4078 GFlop/s per process)    22%    2769.6 sec left
CG set 1263 / 5603    613.4039 GFlop/s     (613.4039 GFlop/s per process)    22%    2768.9 sec left
CG set 1264 / 5603    613.4004 GFlop/s     (613.4004 GFlop/s per process)    22%    2768.3 sec left
CG set 1265 / 5603    613.3974 GFlop/s     (613.3974 GFlop/s per process)    22%    2767.6 sec left
CG set 1266 / 5603    613.3948 GFlop/s     (613.3948 GFlop/s per process)    22%    2767.0 sec left
CG set 1267 / 5603    613.3924 GFlop/s     (613.3924 GFlop/s per process)    22%    2766.3 sec left
CG set 1268 / 5603    613.3905 GFlop/s     (613.3905 GFlop/s per process)    22%    2765.6 sec left
CG set 1269 / 5603    613.3883 GFlop/s     (613.3883 GFlop/s per process)    22%    2765.0 sec left
CG set 1270 / 5603    613.3854 GFlop/s     (613.3854 GFlop/s per process)    22%    2764.3 sec left
CG set 1271 / 5603    613.3837 GFlop/s     (613.3837 GFlop/s per process)    22%    2763.7 sec left
CG set 1272 / 5603    613.3814 GFlop/s     (613.3814 GFlop/s per process)    22%    2763.0 sec left
CG set 1273 / 5603    613.3796 GFlop/s     (613.3796 GFlop/s per process)    22%    2762.3 sec left
CG set 1274 / 5603    613.3783 GFlop/s     (613.3783 GFlop/s per process)    22%    2761.7 sec left
CG set 1275 / 5603    613.3757 GFlop/s     (613.3757 GFlop/s per process)    22%    2761.0 sec left
CG set 1276 / 5603    613.3738 GFlop/s     (613.3738 GFlop/s per process)    22%    2760.3 sec left
CG set 1277 / 5603    613.3719 GFlop/s     (613.3719 GFlop/s per process)    22%    2759.7 sec left
CG set 1278 / 5603    613.3709 GFlop/s     (613.3709 GFlop/s per process)    22%    2759.0 sec left
CG set 1279 / 5603    613.3697 GFlop/s     (613.3697 GFlop/s per process)    22%    2758.4 sec left
CG set 1280 / 5603    613.3680 GFlop/s     (613.3680 GFlop/s per process)    22%    2757.7 sec left
CG set 1281 / 5603    613.3653 GFlop/s     (613.3653 GFlop/s per process)    22%    2757.0 sec left
CG set 1282 / 5603    613.3644 GFlop/s     (613.3644 GFlop/s per process)    22%    2756.4 sec left
CG set 1283 / 5603    613.3627 GFlop/s     (613.3627 GFlop/s per process)    22%    2755.7 sec left
CG set 1284 / 5603    613.3594 GFlop/s     (613.3594 GFlop/s per process)    22%    2755.1 sec left
CG set 1285 / 5603    613.3562 GFlop/s     (613.3562 GFlop/s per process)    22%    2754.4 sec left
CG set 1286 / 5603    613.3536 GFlop/s     (613.3536 GFlop/s per process)    22%    2753.7 sec left
CG set 1287 / 5603    613.3494 GFlop/s     (613.3494 GFlop/s per process)    22%    2753.1 sec left
CG set 1288 / 5603    613.3455 GFlop/s     (613.3455 GFlop/s per process)    22%    2752.4 sec left
CG set 1289 / 5603    613.3421 GFlop/s     (613.3421 GFlop/s per process)    23%    2751.7 sec left
CG set 1290 / 5603    613.3377 GFlop/s     (613.3377 GFlop/s per process)    23%    2751.1 sec left
CG set 1291 / 5603    613.3333 GFlop/s     (613.3333 GFlop/s per process)    23%    2750.4 sec left
CG set 1292 / 5603    613.3282 GFlop/s     (613.3282 GFlop/s per process)    23%    2749.8 sec left
CG set 1293 / 5603    613.3243 GFlop/s     (613.3243 GFlop/s per process)    23%    2749.1 sec left
CG set 1294 / 5603    613.3223 GFlop/s     (613.3223 GFlop/s per process)    23%    2748.4 sec left
CG set 1295 / 5603    613.3193 GFlop/s     (613.3193 GFlop/s per process)    23%    2747.8 sec left
CG set 1296 / 5603    613.3148 GFlop/s     (613.3148 GFlop/s per process)    23%    2747.1 sec left
CG set 1297 / 5603    613.3118 GFlop/s     (613.3118 GFlop/s per process)    23%    2746.4 sec left
CG set 1298 / 5603    613.3073 GFlop/s     (613.3073 GFlop/s per process)    23%    2745.8 sec left
CG set 1299 / 5603    613.3034 GFlop/s     (613.3034 GFlop/s per process)    23%    2745.1 sec left
CG set 1300 / 5603    613.3009 GFlop/s     (613.3009 GFlop/s per process)    23%    2744.5 sec left
CG set 1301 / 5603    613.2992 GFlop/s     (613.2992 GFlop/s per process)    23%    2743.8 sec left
CG set 1302 / 5603    613.2968 GFlop/s     (613.2968 GFlop/s per process)    23%    2743.1 sec left
CG set 1303 / 5603    613.2941 GFlop/s     (613.2941 GFlop/s per process)    23%    2742.5 sec left
CG set 1304 / 5603    613.2917 GFlop/s     (613.2917 GFlop/s per process)    23%    2741.8 sec left
CG set 1305 / 5603    613.2903 GFlop/s     (613.2903 GFlop/s per process)    23%    2741.1 sec left
CG set 1306 / 5603    613.2875 GFlop/s     (613.2875 GFlop/s per process)    23%    2740.5 sec left
CG set 1307 / 5603    613.2863 GFlop/s     (613.2863 GFlop/s per process)    23%    2739.8 sec left
CG set 1308 / 5603    613.2853 GFlop/s     (613.2853 GFlop/s per process)    23%    2739.2 sec left
CG set 1309 / 5603    613.2842 GFlop/s     (613.2842 GFlop/s per process)    23%    2738.5 sec left
CG set 1310 / 5603    613.2825 GFlop/s     (613.2825 GFlop/s per process)    23%    2737.8 sec left
CG set 1311 / 5603    613.2799 GFlop/s     (613.2799 GFlop/s per process)    23%    2737.2 sec left
CG set 1312 / 5603    613.2788 GFlop/s     (613.2788 GFlop/s per process)    23%    2736.5 sec left
CG set 1313 / 5603    613.2768 GFlop/s     (613.2768 GFlop/s per process)    23%    2735.9 sec left
CG set 1314 / 5603    613.2752 GFlop/s     (613.2752 GFlop/s per process)    23%    2735.2 sec left
CG set 1315 / 5603    613.2743 GFlop/s     (613.2743 GFlop/s per process)    23%    2734.5 sec left
CG set 1316 / 5603    613.2732 GFlop/s     (613.2732 GFlop/s per process)    23%    2733.9 sec left
CG set 1317 / 5603    613.2709 GFlop/s     (613.2709 GFlop/s per process)    23%    2733.2 sec left
CG set 1318 / 5603    613.2693 GFlop/s     (613.2693 GFlop/s per process)    23%    2732.6 sec left
CG set 1319 / 5603    613.2671 GFlop/s     (613.2671 GFlop/s per process)    23%    2731.9 sec left
CG set 1320 / 5603    613.2664 GFlop/s     (613.2664 GFlop/s per process)    23%    2731.2 sec left
CG set 1321 / 5603    613.2648 GFlop/s     (613.2648 GFlop/s per process)    23%    2730.6 sec left
CG set 1322 / 5603    613.2634 GFlop/s     (613.2634 GFlop/s per process)    23%    2729.9 sec left
CG set 1323 / 5603    613.2615 GFlop/s     (613.2615 GFlop/s per process)    23%    2729.3 sec left
CG set 1324 / 5603    613.2588 GFlop/s     (613.2588 GFlop/s per process)    23%    2728.6 sec left
CG set 1325 / 5603    613.2563 GFlop/s     (613.2563 GFlop/s per process)    23%    2727.9 sec left
CG set 1326 / 5603    613.2503 GFlop/s     (613.2503 GFlop/s per process)    23%    2727.3 sec left
CG set 1327 / 5603    613.2467 GFlop/s     (613.2467 GFlop/s per process)    23%    2726.6 sec left
CG set 1328 / 5603    613.2425 GFlop/s     (613.2425 GFlop/s per process)    23%    2725.9 sec left
CG set 1329 / 5603    613.2387 GFlop/s     (613.2387 GFlop/s per process)    23%    2725.3 sec left
CG set 1330 / 5603    613.2337 GFlop/s     (613.2337 GFlop/s per process)    23%    2724.6 sec left
CG set 1331 / 5603    613.2294 GFlop/s     (613.2294 GFlop/s per process)    23%    2723.9 sec left
CG set 1332 / 5603    613.2260 GFlop/s     (613.2260 GFlop/s per process)    23%    2723.3 sec left
CG set 1333 / 5603    613.2220 GFlop/s     (613.2220 GFlop/s per process)    23%    2722.6 sec left
CG set 1334 / 5603    613.2198 GFlop/s     (613.2198 GFlop/s per process)    23%    2722.0 sec left
CG set 1335 / 5603    613.2177 GFlop/s     (613.2177 GFlop/s per process)    23%    2721.3 sec left
CG set 1336 / 5603    613.2154 GFlop/s     (613.2154 GFlop/s per process)    23%    2720.6 sec left
CG set 1337 / 5603    613.2123 GFlop/s     (613.2123 GFlop/s per process)    23%    2720.0 sec left
CG set 1338 / 5603    613.2102 GFlop/s     (613.2102 GFlop/s per process)    23%    2719.3 sec left
CG set 1339 / 5603    613.2090 GFlop/s     (613.2090 GFlop/s per process)    23%    2718.7 sec left
CG set 1340 / 5603    613.2053 GFlop/s     (613.2053 GFlop/s per process)    23%    2718.0 sec left
CG set 1341 / 5603    613.2042 GFlop/s     (613.2042 GFlop/s per process)    23%    2717.3 sec left
CG set 1342 / 5603    613.2022 GFlop/s     (613.2022 GFlop/s per process)    23%    2716.7 sec left
CG set 1343 / 5603    613.2008 GFlop/s     (613.2008 GFlop/s per process)    23%    2716.0 sec left
CG set 1344 / 5603    613.1988 GFlop/s     (613.1988 GFlop/s per process)    23%    2715.3 sec left
CG set 1345 / 5603    613.1960 GFlop/s     (613.1960 GFlop/s per process)    24%    2714.7 sec left
CG set 1346 / 5603    613.1942 GFlop/s     (613.1942 GFlop/s per process)    24%    2714.0 sec left
CG set 1347 / 5603    613.1921 GFlop/s     (613.1921 GFlop/s per process)    24%    2713.4 sec left
CG set 1348 / 5603    613.1907 GFlop/s     (613.1907 GFlop/s per process)    24%    2712.7 sec left
CG set 1349 / 5603    613.1892 GFlop/s     (613.1892 GFlop/s per process)    24%    2712.0 sec left
CG set 1350 / 5603    613.1868 GFlop/s     (613.1868 GFlop/s per process)    24%    2711.4 sec left
CG set 1351 / 5603    613.1849 GFlop/s     (613.1849 GFlop/s per process)    24%    2710.7 sec left
CG set 1352 / 5603    613.1841 GFlop/s     (613.1841 GFlop/s per process)    24%    2710.1 sec left
CG set 1353 / 5603    613.1827 GFlop/s     (613.1827 GFlop/s per process)    24%    2709.4 sec left
CG set 1354 / 5603    613.1807 GFlop/s     (613.1807 GFlop/s per process)    24%    2708.7 sec left
CG set 1355 / 5603    613.1791 GFlop/s     (613.1791 GFlop/s per process)    24%    2708.1 sec left
CG set 1356 / 5603    613.1772 GFlop/s     (613.1772 GFlop/s per process)    24%    2707.4 sec left
CG set 1357 / 5603    613.1750 GFlop/s     (613.1750 GFlop/s per process)    24%    2706.8 sec left
CG set 1358 / 5603    613.1736 GFlop/s     (613.1736 GFlop/s per process)    24%    2706.1 sec left
CG set 1359 / 5603    613.1724 GFlop/s     (613.1724 GFlop/s per process)    24%    2705.4 sec left
CG set 1360 / 5603    613.1696 GFlop/s     (613.1696 GFlop/s per process)    24%    2704.8 sec left
CG set 1361 / 5603    613.1662 GFlop/s     (613.1662 GFlop/s per process)    24%    2704.1 sec left
CG set 1362 / 5603    613.1632 GFlop/s     (613.1632 GFlop/s per process)    24%    2703.4 sec left
CG set 1363 / 5603    613.1607 GFlop/s     (613.1607 GFlop/s per process)    24%    2702.8 sec left
CG set 1364 / 5603    613.1560 GFlop/s     (613.1560 GFlop/s per process)    24%    2702.1 sec left
CG set 1365 / 5603    613.1523 GFlop/s     (613.1523 GFlop/s per process)    24%    2701.5 sec left
CG set 1366 / 5603    613.1478 GFlop/s     (613.1478 GFlop/s per process)    24%    2700.8 sec left
CG set 1367 / 5603    613.1435 GFlop/s     (613.1435 GFlop/s per process)    24%    2700.1 sec left
CG set 1368 / 5603    613.1393 GFlop/s     (613.1393 GFlop/s per process)    24%    2699.5 sec left
CG set 1369 / 5603    613.1346 GFlop/s     (613.1346 GFlop/s per process)    24%    2698.8 sec left
CG set 1370 / 5603    613.1318 GFlop/s     (613.1318 GFlop/s per process)    24%    2698.1 sec left
CG set 1371 / 5603    613.1274 GFlop/s     (613.1274 GFlop/s per process)    24%    2697.5 sec left
CG set 1372 / 5603    613.1246 GFlop/s     (613.1246 GFlop/s per process)    24%    2696.8 sec left
CG set 1373 / 5603    613.1220 GFlop/s     (613.1220 GFlop/s per process)    24%    2696.1 sec left
CG set 1374 / 5603    613.1193 GFlop/s     (613.1193 GFlop/s per process)    24%    2695.5 sec left
CG set 1375 / 5603    613.1162 GFlop/s     (613.1162 GFlop/s per process)    24%    2694.8 sec left
CG set 1376 / 5603    613.1132 GFlop/s     (613.1132 GFlop/s per process)    24%    2694.2 sec left
CG set 1377 / 5603    613.1115 GFlop/s     (613.1115 GFlop/s per process)    24%    2693.5 sec left
CG set 1378 / 5603    613.1084 GFlop/s     (613.1084 GFlop/s per process)    24%    2692.8 sec left
CG set 1379 / 5603    613.1070 GFlop/s     (613.1070 GFlop/s per process)    24%    2692.2 sec left
CG set 1380 / 5603    613.1059 GFlop/s     (613.1059 GFlop/s per process)    24%    2691.5 sec left
CG set 1381 / 5603    613.1040 GFlop/s     (613.1040 GFlop/s per process)    24%    2690.8 sec left
CG set 1382 / 5603    613.1022 GFlop/s     (613.1022 GFlop/s per process)    24%    2690.2 sec left
CG set 1383 / 5603    613.0999 GFlop/s     (613.0999 GFlop/s per process)    24%    2689.5 sec left
CG set 1384 / 5603    613.0976 GFlop/s     (613.0976 GFlop/s per process)    24%    2688.9 sec left
CG set 1385 / 5603    613.0968 GFlop/s     (613.0968 GFlop/s per process)    24%    2688.2 sec left
CG set 1386 / 5603    613.0955 GFlop/s     (613.0955 GFlop/s per process)    24%    2687.5 sec left
CG set 1387 / 5603    613.0941 GFlop/s     (613.0941 GFlop/s per process)    24%    2686.9 sec left
CG set 1388 / 5603    613.0924 GFlop/s     (613.0924 GFlop/s per process)    24%    2686.2 sec left
CG set 1389 / 5603    613.0900 GFlop/s     (613.0900 GFlop/s per process)    24%    2685.6 sec left
CG set 1390 / 5603    613.0891 GFlop/s     (613.0891 GFlop/s per process)    24%    2684.9 sec left
CG set 1391 / 5603    613.0871 GFlop/s     (613.0871 GFlop/s per process)    24%    2684.2 sec left
CG set 1392 / 5603    613.0860 GFlop/s     (613.0860 GFlop/s per process)    24%    2683.6 sec left
CG set 1393 / 5603    613.0825 GFlop/s     (613.0825 GFlop/s per process)    24%    2682.9 sec left
CG set 1394 / 5603    613.0819 GFlop/s     (613.0819 GFlop/s per process)    24%    2682.3 sec left
CG set 1395 / 5603    613.0791 GFlop/s     (613.0791 GFlop/s per process)    24%    2681.6 sec left
CG set 1396 / 5603    613.0778 GFlop/s     (613.0778 GFlop/s per process)    24%    2680.9 sec left
CG set 1397 / 5603    613.0762 GFlop/s     (613.0762 GFlop/s per process)    24%    2680.3 sec left
CG set 1398 / 5603    613.0751 GFlop/s     (613.0751 GFlop/s per process)    24%    2679.6 sec left
CG set 1399 / 5603    613.0724 GFlop/s     (613.0724 GFlop/s per process)    24%    2679.0 sec left
CG set 1400 / 5603    613.0693 GFlop/s     (613.0693 GFlop/s per process)    24%    2678.3 sec left
CG set 1401 / 5603    613.0665 GFlop/s     (613.0665 GFlop/s per process)    25%    2677.6 sec left
CG set 1402 / 5603    613.0619 GFlop/s     (613.0619 GFlop/s per process)    25%    2677.0 sec left
CG set 1403 / 5603    613.0572 GFlop/s     (613.0572 GFlop/s per process)    25%    2676.3 sec left
CG set 1404 / 5603    613.0521 GFlop/s     (613.0521 GFlop/s per process)    25%    2675.6 sec left
CG set 1405 / 5603    613.0489 GFlop/s     (613.0489 GFlop/s per process)    25%    2675.0 sec left
CG set 1406 / 5603    613.0448 GFlop/s     (613.0448 GFlop/s per process)    25%    2674.3 sec left
CG set 1407 / 5603    613.0420 GFlop/s     (613.0420 GFlop/s per process)    25%    2673.6 sec left
CG set 1408 / 5603    613.0395 GFlop/s     (613.0395 GFlop/s per process)    25%    2673.0 sec left
CG set 1409 / 5603    613.0371 GFlop/s     (613.0371 GFlop/s per process)    25%    2672.3 sec left
CG set 1410 / 5603    613.0340 GFlop/s     (613.0340 GFlop/s per process)    25%    2671.7 sec left
CG set 1411 / 5603    613.0306 GFlop/s     (613.0306 GFlop/s per process)    25%    2671.0 sec left
CG set 1412 / 5603    613.0287 GFlop/s     (613.0287 GFlop/s per process)    25%    2670.3 sec left
CG set 1413 / 5603    613.0274 GFlop/s     (613.0274 GFlop/s per process)    25%    2669.7 sec left
CG set 1414 / 5603    613.0245 GFlop/s     (613.0245 GFlop/s per process)    25%    2669.0 sec left
CG set 1415 / 5603    613.0226 GFlop/s     (613.0226 GFlop/s per process)    25%    2668.3 sec left
CG set 1416 / 5603    613.0206 GFlop/s     (613.0206 GFlop/s per process)    25%    2667.7 sec left
CG set 1417 / 5603    613.0196 GFlop/s     (613.0196 GFlop/s per process)    25%    2667.0 sec left
CG set 1418 / 5603    613.0174 GFlop/s     (613.0174 GFlop/s per process)    25%    2666.4 sec left
CG set 1419 / 5603    613.0165 GFlop/s     (613.0165 GFlop/s per process)    25%    2665.7 sec left
CG set 1420 / 5603    613.0146 GFlop/s     (613.0146 GFlop/s per process)    25%    2665.0 sec left
CG set 1421 / 5603    613.0129 GFlop/s     (613.0129 GFlop/s per process)    25%    2664.4 sec left
CG set 1422 / 5603    613.0118 GFlop/s     (613.0118 GFlop/s per process)    25%    2663.7 sec left
CG set 1423 / 5603    613.0095 GFlop/s     (613.0095 GFlop/s per process)    25%    2663.1 sec left
CG set 1424 / 5603    613.0076 GFlop/s     (613.0076 GFlop/s per process)    25%    2662.4 sec left
CG set 1425 / 5603    613.0058 GFlop/s     (613.0058 GFlop/s per process)    25%    2661.7 sec left
CG set 1426 / 5603    613.0050 GFlop/s     (613.0050 GFlop/s per process)    25%    2661.1 sec left
CG set 1427 / 5603    613.0036 GFlop/s     (613.0036 GFlop/s per process)    25%    2660.4 sec left
CG set 1428 / 5603    613.0030 GFlop/s     (613.0030 GFlop/s per process)    25%    2659.8 sec left
CG set 1429 / 5603    613.0010 GFlop/s     (613.0010 GFlop/s per process)    25%    2659.1 sec left
CG set 1430 / 5603    612.9998 GFlop/s     (612.9998 GFlop/s per process)    25%    2658.4 sec left
CG set 1431 / 5603    612.9983 GFlop/s     (612.9983 GFlop/s per process)    25%    2657.8 sec left
CG set 1432 / 5603    612.9962 GFlop/s     (612.9962 GFlop/s per process)    25%    2657.1 sec left
CG set 1433 / 5603    612.9944 GFlop/s     (612.9944 GFlop/s per process)    25%    2656.4 sec left
CG set 1434 / 5603    612.9922 GFlop/s     (612.9922 GFlop/s per process)    25%    2655.8 sec left
CG set 1435 / 5603    612.9905 GFlop/s     (612.9905 GFlop/s per process)    25%    2655.1 sec left
CG set 1436 / 5603    612.9883 GFlop/s     (612.9883 GFlop/s per process)    25%    2654.5 sec left
CG set 1437 / 5603    612.9862 GFlop/s     (612.9862 GFlop/s per process)    25%    2653.8 sec left
CG set 1438 / 5603    612.9831 GFlop/s     (612.9831 GFlop/s per process)    25%    2653.1 sec left
CG set 1439 / 5603    612.9797 GFlop/s     (612.9797 GFlop/s per process)    25%    2652.5 sec left
CG set 1440 / 5603    612.9755 GFlop/s     (612.9755 GFlop/s per process)    25%    2651.8 sec left
CG set 1441 / 5603    612.9705 GFlop/s     (612.9705 GFlop/s per process)    25%    2651.1 sec left
CG set 1442 / 5603    612.9664 GFlop/s     (612.9664 GFlop/s per process)    25%    2650.5 sec left
CG set 1443 / 5603    612.9618 GFlop/s     (612.9618 GFlop/s per process)    25%    2649.8 sec left
CG set 1444 / 5603    612.9586 GFlop/s     (612.9586 GFlop/s per process)    25%    2649.1 sec left
CG set 1445 / 5603    612.9568 GFlop/s     (612.9568 GFlop/s per process)    25%    2648.5 sec left
CG set 1446 / 5603    612.9529 GFlop/s     (612.9529 GFlop/s per process)    25%    2647.8 sec left
CG set 1447 / 5603    612.9501 GFlop/s     (612.9501 GFlop/s per process)    25%    2647.2 sec left
CG set 1448 / 5603    612.9474 GFlop/s     (612.9474 GFlop/s per process)    25%    2646.5 sec left
CG set 1449 / 5603    612.9453 GFlop/s     (612.9453 GFlop/s per process)    25%    2645.8 sec left
CG set 1450 / 5603    612.9429 GFlop/s     (612.9429 GFlop/s per process)    25%    2645.2 sec left
CG set 1451 / 5603    612.9403 GFlop/s     (612.9403 GFlop/s per process)    25%    2644.5 sec left
CG set 1452 / 5603    612.9378 GFlop/s     (612.9378 GFlop/s per process)    25%    2643.8 sec left
CG set 1453 / 5603    612.9371 GFlop/s     (612.9371 GFlop/s per process)    25%    2643.2 sec left
CG set 1454 / 5603    612.9350 GFlop/s     (612.9350 GFlop/s per process)    25%    2642.5 sec left
CG set 1455 / 5603    612.9322 GFlop/s     (612.9322 GFlop/s per process)    25%    2641.9 sec left
CG set 1456 / 5603    612.9293 GFlop/s     (612.9293 GFlop/s per process)    25%    2641.2 sec left
CG set 1457 / 5603    612.9276 GFlop/s     (612.9276 GFlop/s per process)    26%    2640.5 sec left
CG set 1458 / 5603    612.9267 GFlop/s     (612.9267 GFlop/s per process)    26%    2639.9 sec left
CG set 1459 / 5603    612.9243 GFlop/s     (612.9243 GFlop/s per process)    26%    2639.2 sec left
CG set 1460 / 5603    612.9234 GFlop/s     (612.9234 GFlop/s per process)    26%    2638.6 sec left
CG set 1461 / 5603    612.9218 GFlop/s     (612.9218 GFlop/s per process)    26%    2637.9 sec left
CG set 1462 / 5603    612.9199 GFlop/s     (612.9199 GFlop/s per process)    26%    2637.2 sec left
CG set 1463 / 5603    612.9188 GFlop/s     (612.9188 GFlop/s per process)    26%    2636.6 sec left
CG set 1464 / 5603    612.9171 GFlop/s     (612.9171 GFlop/s per process)    26%    2635.9 sec left
CG set 1465 / 5603    612.9159 GFlop/s     (612.9159 GFlop/s per process)    26%    2635.2 sec left
CG set 1466 / 5603    612.9150 GFlop/s     (612.9150 GFlop/s per process)    26%    2634.6 sec left
CG set 1467 / 5603    612.9136 GFlop/s     (612.9136 GFlop/s per process)    26%    2633.9 sec left
CG set 1468 / 5603    612.9126 GFlop/s     (612.9126 GFlop/s per process)    26%    2633.3 sec left
CG set 1469 / 5603    612.9112 GFlop/s     (612.9112 GFlop/s per process)    26%    2632.6 sec left
CG set 1470 / 5603    612.9102 GFlop/s     (612.9102 GFlop/s per process)    26%    2631.9 sec left
CG set 1471 / 5603    612.9085 GFlop/s     (612.9085 GFlop/s per process)    26%    2631.3 sec left
CG set 1472 / 5603    612.9074 GFlop/s     (612.9074 GFlop/s per process)    26%    2630.6 sec left
CG set 1473 / 5603    612.9063 GFlop/s     (612.9063 GFlop/s per process)    26%    2630.0 sec left
CG set 1474 / 5603    612.9048 GFlop/s     (612.9048 GFlop/s per process)    26%    2629.3 sec left
CG set 1475 / 5603    612.9029 GFlop/s     (612.9029 GFlop/s per process)    26%    2628.6 sec left
CG set 1476 / 5603    612.8994 GFlop/s     (612.8994 GFlop/s per process)    26%    2628.0 sec left
CG set 1477 / 5603    612.8969 GFlop/s     (612.8969 GFlop/s per process)    26%    2627.3 sec left
CG set 1478 / 5603    612.8934 GFlop/s     (612.8934 GFlop/s per process)    26%    2626.7 sec left
CG set 1479 / 5603    612.8888 GFlop/s     (612.8888 GFlop/s per process)    26%    2626.0 sec left
CG set 1480 / 5603    612.8853 GFlop/s     (612.8853 GFlop/s per process)    26%    2625.3 sec left
CG set 1481 / 5603    612.8809 GFlop/s     (612.8809 GFlop/s per process)    26%    2624.7 sec left
CG set 1482 / 5603    612.8779 GFlop/s     (612.8779 GFlop/s per process)    26%    2624.0 sec left
CG set 1483 / 5603    612.8742 GFlop/s     (612.8742 GFlop/s per process)    26%    2623.3 sec left
CG set 1484 / 5603    612.8710 GFlop/s     (612.8710 GFlop/s per process)    26%    2622.7 sec left
CG set 1485 / 5603    612.8676 GFlop/s     (612.8676 GFlop/s per process)    26%    2622.0 sec left
CG set 1486 / 5603    612.8641 GFlop/s     (612.8641 GFlop/s per process)    26%    2621.3 sec left
CG set 1487 / 5603    612.8624 GFlop/s     (612.8624 GFlop/s per process)    26%    2620.7 sec left
CG set 1488 / 5603    612.8598 GFlop/s     (612.8598 GFlop/s per process)    26%    2620.0 sec left
CG set 1489 / 5603    612.8575 GFlop/s     (612.8575 GFlop/s per process)    26%    2619.4 sec left
CG set 1490 / 5603    612.8541 GFlop/s     (612.8541 GFlop/s per process)    26%    2618.7 sec left
CG set 1491 / 5603    612.8507 GFlop/s     (612.8507 GFlop/s per process)    26%    2618.0 sec left
CG set 1492 / 5603    612.8494 GFlop/s     (612.8494 GFlop/s per process)    26%    2617.4 sec left
CG set 1493 / 5603    612.8474 GFlop/s     (612.8474 GFlop/s per process)    26%    2616.7 sec left
CG set 1494 / 5603    612.8457 GFlop/s     (612.8457 GFlop/s per process)    26%    2616.0 sec left
CG set 1495 / 5603    612.8440 GFlop/s     (612.8440 GFlop/s per process)    26%    2615.4 sec left
CG set 1496 / 5603    612.8426 GFlop/s     (612.8426 GFlop/s per process)    26%    2614.7 sec left
CG set 1497 / 5603    612.8401 GFlop/s     (612.8401 GFlop/s per process)    26%    2614.1 sec left
CG set 1498 / 5603    612.8395 GFlop/s     (612.8395 GFlop/s per process)    26%    2613.4 sec left
CG set 1499 / 5603    612.8379 GFlop/s     (612.8379 GFlop/s per process)    26%    2612.7 sec left
CG set 1500 / 5603    612.8366 GFlop/s     (612.8366 GFlop/s per process)    26%    2612.1 sec left
CG set 1501 / 5603    612.8363 GFlop/s     (612.8363 GFlop/s per process)    26%    2611.4 sec left
CG set 1502 / 5603    612.8349 GFlop/s     (612.8349 GFlop/s per process)    26%    2610.8 sec left
CG set 1503 / 5603    612.8342 GFlop/s     (612.8342 GFlop/s per process)    26%    2610.1 sec left
CG set 1504 / 5603    612.8323 GFlop/s     (612.8323 GFlop/s per process)    26%    2609.4 sec left
CG set 1505 / 5603    612.8313 GFlop/s     (612.8313 GFlop/s per process)    26%    2608.8 sec left
CG set 1506 / 5603    612.8300 GFlop/s     (612.8300 GFlop/s per process)    26%    2608.1 sec left
CG set 1507 / 5603    612.8297 GFlop/s     (612.8297 GFlop/s per process)    26%    2607.5 sec left
CG set 1508 / 5603    612.8287 GFlop/s     (612.8287 GFlop/s per process)    26%    2606.8 sec left
CG set 1509 / 5603    612.8280 GFlop/s     (612.8280 GFlop/s per process)    26%    2606.1 sec left
CG set 1510 / 5603    612.8261 GFlop/s     (612.8261 GFlop/s per process)    26%    2605.5 sec left
CG set 1511 / 5603    612.8238 GFlop/s     (612.8238 GFlop/s per process)    26%    2604.8 sec left
CG set 1512 / 5603    612.8222 GFlop/s     (612.8222 GFlop/s per process)    26%    2604.1 sec left
CG set 1513 / 5603    612.8213 GFlop/s     (612.8213 GFlop/s per process)    27%    2603.5 sec left
CG set 1514 / 5603    612.8180 GFlop/s     (612.8180 GFlop/s per process)    27%    2602.8 sec left
CG set 1515 / 5603    612.8150 GFlop/s     (612.8150 GFlop/s per process)    27%    2602.2 sec left
CG set 1516 / 5603    612.8110 GFlop/s     (612.8110 GFlop/s per process)    27%    2601.5 sec left
CG set 1517 / 5603    612.8080 GFlop/s     (612.8080 GFlop/s per process)    27%    2600.8 sec left
CG set 1518 / 5603    612.8049 GFlop/s     (612.8049 GFlop/s per process)    27%    2600.2 sec left
CG set 1519 / 5603    612.8019 GFlop/s     (612.8019 GFlop/s per process)    27%    2599.5 sec left
CG set 1520 / 5603    612.7980 GFlop/s     (612.7980 GFlop/s per process)    27%    2598.8 sec left
CG set 1521 / 5603    612.7948 GFlop/s     (612.7948 GFlop/s per process)    27%    2598.2 sec left
CG set 1522 / 5603    612.7926 GFlop/s     (612.7926 GFlop/s per process)    27%    2597.5 sec left
CG set 1523 / 5603    612.7898 GFlop/s     (612.7898 GFlop/s per process)    27%    2596.8 sec left
CG set 1524 / 5603    612.7873 GFlop/s     (612.7873 GFlop/s per process)    27%    2596.2 sec left
CG set 1525 / 5603    612.7858 GFlop/s     (612.7858 GFlop/s per process)    27%    2595.5 sec left
CG set 1526 / 5603    612.7845 GFlop/s     (612.7845 GFlop/s per process)    27%    2594.9 sec left
CG set 1527 / 5603    612.7834 GFlop/s     (612.7834 GFlop/s per process)    27%    2594.2 sec left
CG set 1528 / 5603    612.7804 GFlop/s     (612.7804 GFlop/s per process)    27%    2593.5 sec left
CG set 1529 / 5603    612.7783 GFlop/s     (612.7783 GFlop/s per process)    27%    2592.9 sec left
CG set 1530 / 5603    612.7781 GFlop/s     (612.7781 GFlop/s per process)    27%    2592.2 sec left
CG set 1531 / 5603    612.7764 GFlop/s     (612.7764 GFlop/s per process)    27%    2591.6 sec left
CG set 1532 / 5603    612.7754 GFlop/s     (612.7754 GFlop/s per process)    27%    2590.9 sec left
CG set 1533 / 5603    612.7729 GFlop/s     (612.7729 GFlop/s per process)    27%    2590.2 sec left
CG set 1534 / 5603    612.7718 GFlop/s     (612.7718 GFlop/s per process)    27%    2589.6 sec left
CG set 1535 / 5603    612.7703 GFlop/s     (612.7703 GFlop/s per process)    27%    2588.9 sec left
CG set 1536 / 5603    612.7690 GFlop/s     (612.7690 GFlop/s per process)    27%    2588.2 sec left
CG set 1537 / 5603    612.7672 GFlop/s     (612.7672 GFlop/s per process)    27%    2587.6 sec left
CG set 1538 / 5603    612.7663 GFlop/s     (612.7663 GFlop/s per process)    27%    2586.9 sec left
CG set 1539 / 5603    612.7649 GFlop/s     (612.7649 GFlop/s per process)    27%    2586.3 sec left
CG set 1540 / 5603    612.7636 GFlop/s     (612.7636 GFlop/s per process)    27%    2585.6 sec left
CG set 1541 / 5603    612.7630 GFlop/s     (612.7630 GFlop/s per process)    27%    2584.9 sec left
CG set 1542 / 5603    612.7619 GFlop/s     (612.7619 GFlop/s per process)    27%    2584.3 sec left
CG set 1543 / 5603    612.7612 GFlop/s     (612.7612 GFlop/s per process)    27%    2583.6 sec left
CG set 1544 / 5603    612.7597 GFlop/s     (612.7597 GFlop/s per process)    27%    2583.0 sec left
CG set 1545 / 5603    612.7593 GFlop/s     (612.7593 GFlop/s per process)    27%    2582.3 sec left
CG set 1546 / 5603    612.7573 GFlop/s     (612.7573 GFlop/s per process)    27%    2581.6 sec left
CG set 1547 / 5603    612.7564 GFlop/s     (612.7564 GFlop/s per process)    27%    2581.0 sec left
CG set 1548 / 5603    612.7558 GFlop/s     (612.7558 GFlop/s per process)    27%    2580.3 sec left
CG set 1549 / 5603    612.7538 GFlop/s     (612.7538 GFlop/s per process)    27%    2579.7 sec left
CG set 1550 / 5603    612.7520 GFlop/s     (612.7520 GFlop/s per process)    27%    2579.0 sec left
CG set 1551 / 5603    612.7486 GFlop/s     (612.7486 GFlop/s per process)    27%    2578.3 sec left
CG set 1552 / 5603    612.7459 GFlop/s     (612.7459 GFlop/s per process)    27%    2577.7 sec left
CG set 1553 / 5603    612.7421 GFlop/s     (612.7421 GFlop/s per process)    27%    2577.0 sec left
CG set 1554 / 5603    612.7383 GFlop/s     (612.7383 GFlop/s per process)    27%    2576.3 sec left
CG set 1555 / 5603    612.7366 GFlop/s     (612.7366 GFlop/s per process)    27%    2575.7 sec left
CG set 1556 / 5603    612.7340 GFlop/s     (612.7340 GFlop/s per process)    27%    2575.0 sec left
CG set 1557 / 5603    612.7307 GFlop/s     (612.7307 GFlop/s per process)    27%    2574.4 sec left
CG set 1558 / 5603    612.7260 GFlop/s     (612.7260 GFlop/s per process)    27%    2573.7 sec left
CG set 1559 / 5603    612.7225 GFlop/s     (612.7225 GFlop/s per process)    27%    2573.0 sec left
CG set 1560 / 5603    612.7191 GFlop/s     (612.7191 GFlop/s per process)    27%    2572.4 sec left
CG set 1561 / 5603    612.7158 GFlop/s     (612.7158 GFlop/s per process)    27%    2571.7 sec left
CG set 1562 / 5603    612.7134 GFlop/s     (612.7134 GFlop/s per process)    27%    2571.0 sec left
CG set 1563 / 5603    612.7100 GFlop/s     (612.7100 GFlop/s per process)    27%    2570.4 sec left
CG set 1564 / 5603    612.7073 GFlop/s     (612.7073 GFlop/s per process)    27%    2569.7 sec left
CG set 1565 / 5603    612.7059 GFlop/s     (612.7059 GFlop/s per process)    27%    2569.0 sec left
CG set 1566 / 5603    612.7041 GFlop/s     (612.7041 GFlop/s per process)    27%    2568.4 sec left
CG set 1567 / 5603    612.7025 GFlop/s     (612.7025 GFlop/s per process)    27%    2567.7 sec left
CG set 1568 / 5603    612.7009 GFlop/s     (612.7009 GFlop/s per process)    27%    2567.1 sec left
CG set 1569 / 5603    612.7001 GFlop/s     (612.7001 GFlop/s per process)    28%    2566.4 sec left
CG set 1570 / 5603    612.6984 GFlop/s     (612.6984 GFlop/s per process)    28%    2565.7 sec left
CG set 1571 / 5603    612.6972 GFlop/s     (612.6972 GFlop/s per process)    28%    2565.1 sec left
CG set 1572 / 5603    612.6959 GFlop/s     (612.6959 GFlop/s per process)    28%    2564.4 sec left
CG set 1573 / 5603    612.6946 GFlop/s     (612.6946 GFlop/s per process)    28%    2563.7 sec left
CG set 1574 / 5603    612.6935 GFlop/s     (612.6935 GFlop/s per process)    28%    2563.1 sec left
CG set 1575 / 5603    612.6918 GFlop/s     (612.6918 GFlop/s per process)    28%    2562.4 sec left
CG set 1576 / 5603    612.6910 GFlop/s     (612.6910 GFlop/s per process)    28%    2561.8 sec left
CG set 1577 / 5603    612.6900 GFlop/s     (612.6900 GFlop/s per process)    28%    2561.1 sec left
CG set 1578 / 5603    612.6882 GFlop/s     (612.6882 GFlop/s per process)    28%    2560.4 sec left
CG set 1579 / 5603    612.6872 GFlop/s     (612.6872 GFlop/s per process)    28%    2559.8 sec left
CG set 1580 / 5603    612.6852 GFlop/s     (612.6852 GFlop/s per process)    28%    2559.1 sec left
CG set 1581 / 5603    612.6840 GFlop/s     (612.6840 GFlop/s per process)    28%    2558.5 sec left
CG set 1582 / 5603    612.6836 GFlop/s     (612.6836 GFlop/s per process)    28%    2557.8 sec left
CG set 1583 / 5603    612.6827 GFlop/s     (612.6827 GFlop/s per process)    28%    2557.1 sec left
CG set 1584 / 5603    612.6827 GFlop/s     (612.6827 GFlop/s per process)    28%    2556.5 sec left
CG set 1585 / 5603    612.6806 GFlop/s     (612.6806 GFlop/s per process)    28%    2555.8 sec left
CG set 1586 / 5603    612.6790 GFlop/s     (612.6790 GFlop/s per process)    28%    2555.2 sec left
CG set 1587 / 5603    612.6780 GFlop/s     (612.6780 GFlop/s per process)    28%    2554.5 sec left
CG set 1588 / 5603    612.6760 GFlop/s     (612.6760 GFlop/s per process)    28%    2553.8 sec left
CG set 1589 / 5603    612.6739 GFlop/s     (612.6739 GFlop/s per process)    28%    2553.2 sec left
CG set 1590 / 5603    612.6717 GFlop/s     (612.6717 GFlop/s per process)    28%    2552.5 sec left
CG set 1591 / 5603    612.6683 GFlop/s     (612.6683 GFlop/s per process)    28%    2551.8 sec left
CG set 1592 / 5603    612.6651 GFlop/s     (612.6651 GFlop/s per process)    28%    2551.2 sec left
CG set 1593 / 5603    612.6623 GFlop/s     (612.6623 GFlop/s per process)    28%    2550.5 sec left
CG set 1594 / 5603    612.6589 GFlop/s     (612.6589 GFlop/s per process)    28%    2549.9 sec left
CG set 1595 / 5603    612.6547 GFlop/s     (612.6547 GFlop/s per process)    28%    2549.2 sec left
CG set 1596 / 5603    612.6525 GFlop/s     (612.6525 GFlop/s per process)    28%    2548.5 sec left
CG set 1597 / 5603    612.6486 GFlop/s     (612.6486 GFlop/s per process)    28%    2547.9 sec left
CG set 1598 / 5603    612.6470 GFlop/s     (612.6470 GFlop/s per process)    28%    2547.2 sec left
CG set 1599 / 5603    612.6454 GFlop/s     (612.6454 GFlop/s per process)    28%    2546.5 sec left
CG set 1600 / 5603    612.6413 GFlop/s     (612.6413 GFlop/s per process)    28%    2545.9 sec left
CG set 1601 / 5603    612.6395 GFlop/s     (612.6395 GFlop/s per process)    28%    2545.2 sec left
CG set 1602 / 5603    612.6376 GFlop/s     (612.6376 GFlop/s per process)    28%    2544.5 sec left
CG set 1603 / 5603    612.6353 GFlop/s     (612.6353 GFlop/s per process)    28%    2543.9 sec left
CG set 1604 / 5603    612.6339 GFlop/s     (612.6339 GFlop/s per process)    28%    2543.2 sec left
CG set 1605 / 5603    612.6312 GFlop/s     (612.6312 GFlop/s per process)    28%    2542.6 sec left
CG set 1606 / 5603    612.6291 GFlop/s     (612.6291 GFlop/s per process)    28%    2541.9 sec left
CG set 1607 / 5603    612.6272 GFlop/s     (612.6272 GFlop/s per process)    28%    2541.2 sec left
CG set 1608 / 5603    612.6257 GFlop/s     (612.6257 GFlop/s per process)    28%    2540.6 sec left
CG set 1609 / 5603    612.6235 GFlop/s     (612.6235 GFlop/s per process)    28%    2539.9 sec left
CG set 1610 / 5603    612.6227 GFlop/s     (612.6227 GFlop/s per process)    28%    2539.2 sec left
CG set 1611 / 5603    612.6214 GFlop/s     (612.6214 GFlop/s per process)    28%    2538.6 sec left
CG set 1612 / 5603    612.6204 GFlop/s     (612.6204 GFlop/s per process)    28%    2537.9 sec left
CG set 1613 / 5603    612.6193 GFlop/s     (612.6193 GFlop/s per process)    28%    2537.3 sec left
CG set 1614 / 5603    612.6183 GFlop/s     (612.6183 GFlop/s per process)    28%    2536.6 sec left
CG set 1615 / 5603    612.6170 GFlop/s     (612.6170 GFlop/s per process)    28%    2535.9 sec left
CG set 1616 / 5603    612.6155 GFlop/s     (612.6155 GFlop/s per process)    28%    2535.3 sec left
CG set 1617 / 5603    612.6144 GFlop/s     (612.6144 GFlop/s per process)    28%    2534.6 sec left
CG set 1618 / 5603    612.6141 GFlop/s     (612.6141 GFlop/s per process)    28%    2534.0 sec left
CG set 1619 / 5603    612.6120 GFlop/s     (612.6120 GFlop/s per process)    28%    2533.3 sec left
CG set 1620 / 5603    612.6110 GFlop/s     (612.6110 GFlop/s per process)    28%    2532.6 sec left
CG set 1621 / 5603    612.6109 GFlop/s     (612.6109 GFlop/s per process)    28%    2532.0 sec left
CG set 1622 / 5603    612.6097 GFlop/s     (612.6097 GFlop/s per process)    28%    2531.3 sec left
CG set 1623 / 5603    612.6087 GFlop/s     (612.6087 GFlop/s per process)    28%    2530.7 sec left
CG set 1624 / 5603    612.6082 GFlop/s     (612.6082 GFlop/s per process)    28%    2530.0 sec left
CG set 1625 / 5603    612.6071 GFlop/s     (612.6071 GFlop/s per process)    29%    2529.3 sec left
CG set 1626 / 5603    612.6038 GFlop/s     (612.6038 GFlop/s per process)    29%    2528.7 sec left
CG set 1627 / 5603    612.6021 GFlop/s     (612.6021 GFlop/s per process)    29%    2528.0 sec left
CG set 1628 / 5603    612.6000 GFlop/s     (612.6000 GFlop/s per process)    29%    2527.3 sec left
CG set 1629 / 5603    612.5953 GFlop/s     (612.5953 GFlop/s per process)    29%    2526.7 sec left
CG set 1630 / 5603    612.5920 GFlop/s     (612.5920 GFlop/s per process)    29%    2526.0 sec left
CG set 1631 / 5603    612.5889 GFlop/s     (612.5889 GFlop/s per process)    29%    2525.4 sec left
CG set 1632 / 5603    612.5845 GFlop/s     (612.5845 GFlop/s per process)    29%    2524.7 sec left
CG set 1633 / 5603    612.5819 GFlop/s     (612.5819 GFlop/s per process)    29%    2524.0 sec left
CG set 1634 / 5603    612.5790 GFlop/s     (612.5790 GFlop/s per process)    29%    2523.4 sec left
CG set 1635 / 5603    612.5762 GFlop/s     (612.5762 GFlop/s per process)    29%    2522.7 sec left
CG set 1636 / 5603    612.5725 GFlop/s     (612.5725 GFlop/s per process)    29%    2522.0 sec left
CG set 1637 / 5603    612.5699 GFlop/s     (612.5699 GFlop/s per process)    29%    2521.4 sec left
CG set 1638 / 5603    612.5685 GFlop/s     (612.5685 GFlop/s per process)    29%    2520.7 sec left
CG set 1639 / 5603    612.5659 GFlop/s     (612.5659 GFlop/s per process)    29%    2520.0 sec left
CG set 1640 / 5603    612.5640 GFlop/s     (612.5640 GFlop/s per process)    29%    2519.4 sec left
CG set 1641 / 5603    612.5626 GFlop/s     (612.5626 GFlop/s per process)    29%    2518.7 sec left
CG set 1642 / 5603    612.5601 GFlop/s     (612.5601 GFlop/s per process)    29%    2518.1 sec left
CG set 1643 / 5603    612.5579 GFlop/s     (612.5579 GFlop/s per process)    29%    2517.4 sec left
CG set 1644 / 5603    612.5559 GFlop/s     (612.5559 GFlop/s per process)    29%    2516.7 sec left
CG set 1645 / 5603    612.5538 GFlop/s     (612.5538 GFlop/s per process)    29%    2516.1 sec left
CG set 1646 / 5603    612.5522 GFlop/s     (612.5522 GFlop/s per process)    29%    2515.4 sec left
CG set 1647 / 5603    612.5509 GFlop/s     (612.5509 GFlop/s per process)    29%    2514.7 sec left
CG set 1648 / 5603    612.5496 GFlop/s     (612.5496 GFlop/s per process)    29%    2514.1 sec left
CG set 1649 / 5603    612.5480 GFlop/s     (612.5480 GFlop/s per process)    29%    2513.4 sec left
CG set 1650 / 5603    612.5467 GFlop/s     (612.5467 GFlop/s per process)    29%    2512.8 sec left
CG set 1651 / 5603    612.5454 GFlop/s     (612.5454 GFlop/s per process)    29%    2512.1 sec left
CG set 1652 / 5603    612.5431 GFlop/s     (612.5431 GFlop/s per process)    29%    2511.4 sec left
CG set 1653 / 5603    612.5414 GFlop/s     (612.5414 GFlop/s per process)    29%    2510.8 sec left
CG set 1654 / 5603    612.5392 GFlop/s     (612.5392 GFlop/s per process)    29%    2510.1 sec left
CG set 1655 / 5603    612.5383 GFlop/s     (612.5383 GFlop/s per process)    29%    2509.4 sec left
CG set 1656 / 5603    612.5380 GFlop/s     (612.5380 GFlop/s per process)    29%    2508.8 sec left
CG set 1657 / 5603    612.5370 GFlop/s     (612.5370 GFlop/s per process)    29%    2508.1 sec left
CG set 1658 / 5603    612.5358 GFlop/s     (612.5358 GFlop/s per process)    29%    2507.5 sec left
CG set 1659 / 5603    612.5348 GFlop/s     (612.5348 GFlop/s per process)    29%    2506.8 sec left
CG set 1660 / 5603    612.5341 GFlop/s     (612.5341 GFlop/s per process)    29%    2506.1 sec left
CG set 1661 / 5603    612.5330 GFlop/s     (612.5330 GFlop/s per process)    29%    2505.5 sec left
CG set 1662 / 5603    612.5312 GFlop/s     (612.5312 GFlop/s per process)    29%    2504.8 sec left
CG set 1663 / 5603    612.5285 GFlop/s     (612.5285 GFlop/s per process)    29%    2504.2 sec left
CG set 1664 / 5603    612.5273 GFlop/s     (612.5273 GFlop/s per process)    29%    2503.5 sec left
CG set 1665 / 5603    612.5247 GFlop/s     (612.5247 GFlop/s per process)    29%    2502.8 sec left
CG set 1666 / 5603    612.5220 GFlop/s     (612.5220 GFlop/s per process)    29%    2502.2 sec left
CG set 1667 / 5603    612.5198 GFlop/s     (612.5198 GFlop/s per process)    29%    2501.5 sec left
CG set 1668 / 5603    612.5171 GFlop/s     (612.5171 GFlop/s per process)    29%    2500.8 sec left
CG set 1669 / 5603    612.5145 GFlop/s     (612.5145 GFlop/s per process)    29%    2500.2 sec left
CG set 1670 / 5603    612.5124 GFlop/s     (612.5124 GFlop/s per process)    29%    2499.5 sec left
CG set 1671 / 5603    612.5106 GFlop/s     (612.5106 GFlop/s per process)    29%    2498.9 sec left
CG set 1672 / 5603    612.5082 GFlop/s     (612.5082 GFlop/s per process)    29%    2498.2 sec left
CG set 1673 / 5603    612.5057 GFlop/s     (612.5057 GFlop/s per process)    29%    2497.5 sec left
CG set 1674 / 5603    612.5030 GFlop/s     (612.5030 GFlop/s per process)    29%    2496.9 sec left
CG set 1675 / 5603    612.5012 GFlop/s     (612.5012 GFlop/s per process)    29%    2496.2 sec left
CG set 1676 / 5603    612.4991 GFlop/s     (612.4991 GFlop/s per process)    29%    2495.5 sec left
CG set 1677 / 5603    612.4980 GFlop/s     (612.4980 GFlop/s per process)    29%    2494.9 sec left
CG set 1678 / 5603    612.4961 GFlop/s     (612.4961 GFlop/s per process)    29%    2494.2 sec left
CG set 1679 / 5603    612.4946 GFlop/s     (612.4946 GFlop/s per process)    29%    2493.6 sec left
CG set 1680 / 5603    612.4938 GFlop/s     (612.4938 GFlop/s per process)    29%    2492.9 sec left
CG set 1681 / 5603    612.4928 GFlop/s     (612.4928 GFlop/s per process)    30%    2492.2 sec left
CG set 1682 / 5603    612.4912 GFlop/s     (612.4912 GFlop/s per process)    30%    2491.6 sec left
CG set 1683 / 5603    612.4907 GFlop/s     (612.4907 GFlop/s per process)    30%    2490.9 sec left
CG set 1684 / 5603    612.4896 GFlop/s     (612.4896 GFlop/s per process)    30%    2490.2 sec left
CG set 1685 / 5603    612.4889 GFlop/s     (612.4889 GFlop/s per process)    30%    2489.6 sec left
CG set 1686 / 5603    612.4883 GFlop/s     (612.4883 GFlop/s per process)    30%    2488.9 sec left
CG set 1687 / 5603    612.4876 GFlop/s     (612.4876 GFlop/s per process)    30%    2488.3 sec left
CG set 1688 / 5603    612.4871 GFlop/s     (612.4871 GFlop/s per process)    30%    2487.6 sec left
CG set 1689 / 5603    612.4864 GFlop/s     (612.4864 GFlop/s per process)    30%    2486.9 sec left
CG set 1690 / 5603    612.4849 GFlop/s     (612.4849 GFlop/s per process)    30%    2486.3 sec left
CG set 1691 / 5603    612.4837 GFlop/s     (612.4837 GFlop/s per process)    30%    2485.6 sec left
CG set 1692 / 5603    612.4827 GFlop/s     (612.4827 GFlop/s per process)    30%    2485.0 sec left
CG set 1693 / 5603    612.4822 GFlop/s     (612.4822 GFlop/s per process)    30%    2484.3 sec left
CG set 1694 / 5603    612.4815 GFlop/s     (612.4815 GFlop/s per process)    30%    2483.6 sec left
CG set 1695 / 5603    612.4810 GFlop/s     (612.4810 GFlop/s per process)    30%    2483.0 sec left
CG set 1696 / 5603    612.4799 GFlop/s     (612.4799 GFlop/s per process)    30%    2482.3 sec left
CG set 1697 / 5603    612.4797 GFlop/s     (612.4797 GFlop/s per process)    30%    2481.7 sec left
CG set 1698 / 5603    612.4787 GFlop/s     (612.4787 GFlop/s per process)    30%    2481.0 sec left
CG set 1699 / 5603    612.4767 GFlop/s     (612.4767 GFlop/s per process)    30%    2480.3 sec left
CG set 1700 / 5603    612.4750 GFlop/s     (612.4750 GFlop/s per process)    30%    2479.7 sec left
CG set 1701 / 5603    612.4743 GFlop/s     (612.4743 GFlop/s per process)    30%    2479.0 sec left
CG set 1702 / 5603    612.4728 GFlop/s     (612.4728 GFlop/s per process)    30%    2478.4 sec left
CG set 1703 / 5603    612.4709 GFlop/s     (612.4709 GFlop/s per process)    30%    2477.7 sec left
CG set 1704 / 5603    612.4690 GFlop/s     (612.4690 GFlop/s per process)    30%    2477.0 sec left
CG set 1705 / 5603    612.4659 GFlop/s     (612.4659 GFlop/s per process)    30%    2476.4 sec left
CG set 1706 / 5603    612.4632 GFlop/s     (612.4632 GFlop/s per process)    30%    2475.7 sec left
CG set 1707 / 5603    612.4601 GFlop/s     (612.4601 GFlop/s per process)    30%    2475.0 sec left
CG set 1708 / 5603    612.4572 GFlop/s     (612.4572 GFlop/s per process)    30%    2474.4 sec left
CG set 1709 / 5603    612.4543 GFlop/s     (612.4543 GFlop/s per process)    30%    2473.7 sec left
CG set 1710 / 5603    612.4513 GFlop/s     (612.4513 GFlop/s per process)    30%    2473.0 sec left
CG set 1711 / 5603    612.4490 GFlop/s     (612.4490 GFlop/s per process)    30%    2472.4 sec left
CG set 1712 / 5603    612.4472 GFlop/s     (612.4472 GFlop/s per process)    30%    2471.7 sec left
CG set 1713 / 5603    612.4466 GFlop/s     (612.4466 GFlop/s per process)    30%    2471.1 sec left
CG set 1714 / 5603    612.4440 GFlop/s     (612.4440 GFlop/s per process)    30%    2470.4 sec left
CG set 1715 / 5603    612.4415 GFlop/s     (612.4415 GFlop/s per process)    30%    2469.7 sec left
CG set 1716 / 5603    612.4395 GFlop/s     (612.4395 GFlop/s per process)    30%    2469.1 sec left
CG set 1717 / 5603    612.4384 GFlop/s     (612.4384 GFlop/s per process)    30%    2468.4 sec left
CG set 1718 / 5603    612.4369 GFlop/s     (612.4369 GFlop/s per process)    30%    2467.7 sec left
CG set 1719 / 5603    612.4359 GFlop/s     (612.4359 GFlop/s per process)    30%    2467.1 sec left
CG set 1720 / 5603    612.4353 GFlop/s     (612.4353 GFlop/s per process)    30%    2466.4 sec left
CG set 1721 / 5603    612.4342 GFlop/s     (612.4342 GFlop/s per process)    30%    2465.8 sec left
CG set 1722 / 5603    612.4334 GFlop/s     (612.4334 GFlop/s per process)    30%    2465.1 sec left
CG set 1723 / 5603    612.4328 GFlop/s     (612.4328 GFlop/s per process)    30%    2464.4 sec left
CG set 1724 / 5603    612.4316 GFlop/s     (612.4316 GFlop/s per process)    30%    2463.8 sec left
CG set 1725 / 5603    612.4308 GFlop/s     (612.4308 GFlop/s per process)    30%    2463.1 sec left
CG set 1726 / 5603    612.4306 GFlop/s     (612.4306 GFlop/s per process)    30%    2462.5 sec left
CG set 1727 / 5603    612.4302 GFlop/s     (612.4302 GFlop/s per process)    30%    2461.8 sec left
CG set 1728 / 5603    612.4294 GFlop/s     (612.4294 GFlop/s per process)    30%    2461.1 sec left
CG set 1729 / 5603    612.4289 GFlop/s     (612.4289 GFlop/s per process)    30%    2460.5 sec left
CG set 1730 / 5603    612.4282 GFlop/s     (612.4282 GFlop/s per process)    30%    2459.8 sec left
CG set 1731 / 5603    612.4279 GFlop/s     (612.4279 GFlop/s per process)    30%    2459.2 sec left
CG set 1732 / 5603    612.4279 GFlop/s     (612.4279 GFlop/s per process)    30%    2458.5 sec left
CG set 1733 / 5603    612.4272 GFlop/s     (612.4272 GFlop/s per process)    30%    2457.8 sec left
CG set 1734 / 5603    612.4267 GFlop/s     (612.4267 GFlop/s per process)    30%    2457.2 sec left
CG set 1735 / 5603    612.4265 GFlop/s     (612.4265 GFlop/s per process)    30%    2456.5 sec left
CG set 1736 / 5603    612.4256 GFlop/s     (612.4256 GFlop/s per process)    30%    2455.9 sec left
CG set 1737 / 5603    612.4252 GFlop/s     (612.4252 GFlop/s per process)    31%    2455.2 sec left
CG set 1738 / 5603    612.4246 GFlop/s     (612.4246 GFlop/s per process)    31%    2454.5 sec left
CG set 1739 / 5603    612.4236 GFlop/s     (612.4236 GFlop/s per process)    31%    2453.9 sec left
CG set 1740 / 5603    612.4209 GFlop/s     (612.4209 GFlop/s per process)    31%    2453.2 sec left
CG set 1741 / 5603    612.4195 GFlop/s     (612.4195 GFlop/s per process)    31%    2452.6 sec left
CG set 1742 / 5603    612.4172 GFlop/s     (612.4172 GFlop/s per process)    31%    2451.9 sec left
CG set 1743 / 5603    612.4129 GFlop/s     (612.4129 GFlop/s per process)    31%    2451.2 sec left
CG set 1744 / 5603    612.4100 GFlop/s     (612.4100 GFlop/s per process)    31%    2450.6 sec left
CG set 1745 / 5603    612.4066 GFlop/s     (612.4066 GFlop/s per process)    31%    2449.9 sec left
CG set 1746 / 5603    612.4027 GFlop/s     (612.4027 GFlop/s per process)    31%    2449.2 sec left
CG set 1747 / 5603    612.3999 GFlop/s     (612.3999 GFlop/s per process)    31%    2448.6 sec left
CG set 1748 / 5603    612.3981 GFlop/s     (612.3981 GFlop/s per process)    31%    2447.9 sec left
CG set 1749 / 5603    612.3960 GFlop/s     (612.3960 GFlop/s per process)    31%    2447.2 sec left
CG set 1750 / 5603    612.3945 GFlop/s     (612.3945 GFlop/s per process)    31%    2446.6 sec left
CG set 1751 / 5603    612.3916 GFlop/s     (612.3916 GFlop/s per process)    31%    2445.9 sec left
CG set 1752 / 5603    612.3897 GFlop/s     (612.3897 GFlop/s per process)    31%    2445.2 sec left
CG set 1753 / 5603    612.3879 GFlop/s     (612.3879 GFlop/s per process)    31%    2444.6 sec left
CG set 1754 / 5603    612.3867 GFlop/s     (612.3867 GFlop/s per process)    31%    2443.9 sec left
CG set 1755 / 5603    612.3850 GFlop/s     (612.3850 GFlop/s per process)    31%    2443.3 sec left
CG set 1756 / 5603    612.3838 GFlop/s     (612.3838 GFlop/s per process)    31%    2442.6 sec left
CG set 1757 / 5603    612.3820 GFlop/s     (612.3820 GFlop/s per process)    31%    2441.9 sec left
CG set 1758 / 5603    612.3802 GFlop/s     (612.3802 GFlop/s per process)    31%    2441.3 sec left
CG set 1759 / 5603    612.3787 GFlop/s     (612.3787 GFlop/s per process)    31%    2440.6 sec left
CG set 1760 / 5603    612.3771 GFlop/s     (612.3771 GFlop/s per process)    31%    2439.9 sec left
CG set 1761 / 5603    612.3764 GFlop/s     (612.3764 GFlop/s per process)    31%    2439.3 sec left
CG set 1762 / 5603    612.3755 GFlop/s     (612.3755 GFlop/s per process)    31%    2438.6 sec left
CG set 1763 / 5603    612.3748 GFlop/s     (612.3748 GFlop/s per process)    31%    2438.0 sec left
CG set 1764 / 5603    612.3742 GFlop/s     (612.3742 GFlop/s per process)    31%    2437.3 sec left
CG set 1765 / 5603    612.3738 GFlop/s     (612.3738 GFlop/s per process)    31%    2436.6 sec left
CG set 1766 / 5603    612.3721 GFlop/s     (612.3721 GFlop/s per process)    31%    2436.0 sec left
CG set 1767 / 5603    612.3710 GFlop/s     (612.3710 GFlop/s per process)    31%    2435.3 sec left
CG set 1768 / 5603    612.3702 GFlop/s     (612.3702 GFlop/s per process)    31%    2434.7 sec left
CG set 1769 / 5603    612.3691 GFlop/s     (612.3691 GFlop/s per process)    31%    2434.0 sec left
CG set 1770 / 5603    612.3686 GFlop/s     (612.3686 GFlop/s per process)    31%    2433.3 sec left
CG set 1771 / 5603    612.3671 GFlop/s     (612.3671 GFlop/s per process)    31%    2432.7 sec left
CG set 1772 / 5603    612.3659 GFlop/s     (612.3659 GFlop/s per process)    31%    2432.0 sec left
CG set 1773 / 5603    612.3652 GFlop/s     (612.3652 GFlop/s per process)    31%    2431.4 sec left
CG set 1774 / 5603    612.3652 GFlop/s     (612.3652 GFlop/s per process)    31%    2430.7 sec left
CG set 1775 / 5603    612.3639 GFlop/s     (612.3639 GFlop/s per process)    31%    2430.0 sec left
CG set 1776 / 5603    612.3633 GFlop/s     (612.3633 GFlop/s per process)    31%    2429.4 sec left
CG set 1777 / 5603    612.3625 GFlop/s     (612.3625 GFlop/s per process)    31%    2428.7 sec left
CG set 1778 / 5603    612.3597 GFlop/s     (612.3597 GFlop/s per process)    31%    2428.1 sec left
CG set 1779 / 5603    612.3588 GFlop/s     (612.3588 GFlop/s per process)    31%    2427.4 sec left
CG set 1780 / 5603    612.3559 GFlop/s     (612.3559 GFlop/s per process)    31%    2426.7 sec left
CG set 1781 / 5603    612.3533 GFlop/s     (612.3533 GFlop/s per process)    31%    2426.1 sec left
CG set 1782 / 5603    612.3506 GFlop/s     (612.3506 GFlop/s per process)    31%    2425.4 sec left
CG set 1783 / 5603    612.3476 GFlop/s     (612.3476 GFlop/s per process)    31%    2424.7 sec left
CG set 1784 / 5603    612.3450 GFlop/s     (612.3450 GFlop/s per process)    31%    2424.1 sec left
CG set 1785 / 5603    612.3423 GFlop/s     (612.3423 GFlop/s per process)    31%    2423.4 sec left
CG set 1786 / 5603    612.3406 GFlop/s     (612.3406 GFlop/s per process)    31%    2422.7 sec left
CG set 1787 / 5603    612.3383 GFlop/s     (612.3383 GFlop/s per process)    31%    2422.1 sec left
CG set 1788 / 5603    612.3355 GFlop/s     (612.3355 GFlop/s per process)    31%    2421.4 sec left
CG set 1789 / 5603    612.3347 GFlop/s     (612.3347 GFlop/s per process)    31%    2420.8 sec left
CG set 1790 / 5603    612.3336 GFlop/s     (612.3336 GFlop/s per process)    31%    2420.1 sec left
CG set 1791 / 5603    612.3327 GFlop/s     (612.3327 GFlop/s per process)    31%    2419.4 sec left
CG set 1792 / 5603    612.3304 GFlop/s     (612.3304 GFlop/s per process)    31%    2418.8 sec left
CG set 1793 / 5603    612.3287 GFlop/s     (612.3287 GFlop/s per process)    32%    2418.1 sec left
CG set 1794 / 5603    612.3279 GFlop/s     (612.3279 GFlop/s per process)    32%    2417.4 sec left
CG set 1795 / 5603    612.3263 GFlop/s     (612.3263 GFlop/s per process)    32%    2416.8 sec left
CG set 1796 / 5603    612.3252 GFlop/s     (612.3252 GFlop/s per process)    32%    2416.1 sec left
CG set 1797 / 5603    612.3237 GFlop/s     (612.3237 GFlop/s per process)    32%    2415.5 sec left
CG set 1798 / 5603    612.3224 GFlop/s     (612.3224 GFlop/s per process)    32%    2414.8 sec left
CG set 1799 / 5603    612.3208 GFlop/s     (612.3208 GFlop/s per process)    32%    2414.1 sec left
CG set 1800 / 5603    612.3196 GFlop/s     (612.3196 GFlop/s per process)    32%    2413.5 sec left
CG set 1801 / 5603    612.3196 GFlop/s     (612.3196 GFlop/s per process)    32%    2412.8 sec left
CG set 1802 / 5603    612.3191 GFlop/s     (612.3191 GFlop/s per process)    32%    2412.2 sec left
CG set 1803 / 5603    612.3178 GFlop/s     (612.3178 GFlop/s per process)    32%    2411.5 sec left
CG set 1804 / 5603    612.3170 GFlop/s     (612.3170 GFlop/s per process)    32%    2410.8 sec left
CG set 1805 / 5603    612.3178 GFlop/s     (612.3178 GFlop/s per process)    32%    2410.2 sec left
CG set 1806 / 5603    612.3176 GFlop/s     (612.3176 GFlop/s per process)    32%    2409.5 sec left
CG set 1807 / 5603    612.3168 GFlop/s     (612.3168 GFlop/s per process)    32%    2408.9 sec left
CG set 1808 / 5603    612.3166 GFlop/s     (612.3166 GFlop/s per process)    32%    2408.2 sec left
CG set 1809 / 5603    612.3163 GFlop/s     (612.3163 GFlop/s per process)    32%    2407.5 sec left
CG set 1810 / 5603    612.3152 GFlop/s     (612.3152 GFlop/s per process)    32%    2406.9 sec left
CG set 1811 / 5603    612.3146 GFlop/s     (612.3146 GFlop/s per process)    32%    2406.2 sec left
CG set 1812 / 5603    612.3137 GFlop/s     (612.3137 GFlop/s per process)    32%    2405.6 sec left
CG set 1813 / 5603    612.3129 GFlop/s     (612.3129 GFlop/s per process)    32%    2404.9 sec left
CG set 1814 / 5603    612.3122 GFlop/s     (612.3122 GFlop/s per process)    32%    2404.2 sec left
CG set 1815 / 5603    612.3107 GFlop/s     (612.3107 GFlop/s per process)    32%    2403.6 sec left
CG set 1816 / 5603    612.3088 GFlop/s     (612.3088 GFlop/s per process)    32%    2402.9 sec left
CG set 1817 / 5603    612.3075 GFlop/s     (612.3075 GFlop/s per process)    32%    2402.2 sec left
CG set 1818 / 5603    612.3044 GFlop/s     (612.3044 GFlop/s per process)    32%    2401.6 sec left
CG set 1819 / 5603    612.3018 GFlop/s     (612.3018 GFlop/s per process)    32%    2400.9 sec left
CG set 1820 / 5603    612.2997 GFlop/s     (612.2997 GFlop/s per process)    32%    2400.2 sec left
CG set 1821 / 5603    612.2976 GFlop/s     (612.2976 GFlop/s per process)    32%    2399.6 sec left
CG set 1822 / 5603    612.2959 GFlop/s     (612.2959 GFlop/s per process)    32%    2398.9 sec left
CG set 1823 / 5603    612.2946 GFlop/s     (612.2946 GFlop/s per process)    32%    2398.3 sec left
CG set 1824 / 5603    612.2918 GFlop/s     (612.2918 GFlop/s per process)    32%    2397.6 sec left
CG set 1825 / 5603    612.2892 GFlop/s     (612.2892 GFlop/s per process)    32%    2396.9 sec left
CG set 1826 / 5603    612.2870 GFlop/s     (612.2870 GFlop/s per process)    32%    2396.3 sec left
CG set 1827 / 5603    612.2852 GFlop/s     (612.2852 GFlop/s per process)    32%    2395.6 sec left
CG set 1828 / 5603    612.2850 GFlop/s     (612.2850 GFlop/s per process)    32%    2394.9 sec left
CG set 1829 / 5603    612.2837 GFlop/s     (612.2837 GFlop/s per process)    32%    2394.3 sec left
CG set 1830 / 5603    612.2820 GFlop/s     (612.2820 GFlop/s per process)    32%    2393.6 sec left
CG set 1831 / 5603    612.2811 GFlop/s     (612.2811 GFlop/s per process)    32%    2393.0 sec left
CG set 1832 / 5603    612.2797 GFlop/s     (612.2797 GFlop/s per process)    32%    2392.3 sec left
CG set 1833 / 5603    612.2787 GFlop/s     (612.2787 GFlop/s per process)    32%    2391.6 sec left
CG set 1834 / 5603    612.2774 GFlop/s     (612.2774 GFlop/s per process)    32%    2391.0 sec left
CG set 1835 / 5603    612.2755 GFlop/s     (612.2755 GFlop/s per process)    32%    2390.3 sec left
CG set 1836 / 5603    612.2747 GFlop/s     (612.2747 GFlop/s per process)    32%    2389.7 sec left
CG set 1837 / 5603    612.2740 GFlop/s     (612.2740 GFlop/s per process)    32%    2389.0 sec left
CG set 1838 / 5603    612.2733 GFlop/s     (612.2733 GFlop/s per process)    32%    2388.3 sec left
CG set 1839 / 5603    612.2718 GFlop/s     (612.2718 GFlop/s per process)    32%    2387.7 sec left
CG set 1840 / 5603    612.2712 GFlop/s     (612.2712 GFlop/s per process)    32%    2387.0 sec left
CG set 1841 / 5603    612.2704 GFlop/s     (612.2704 GFlop/s per process)    32%    2386.3 sec left
CG set 1842 / 5603    612.2705 GFlop/s     (612.2705 GFlop/s per process)    32%    2385.7 sec left
CG set 1843 / 5603    612.2693 GFlop/s     (612.2693 GFlop/s per process)    32%    2385.0 sec left
CG set 1844 / 5603    612.2691 GFlop/s     (612.2691 GFlop/s per process)    32%    2384.4 sec left
CG set 1845 / 5603    612.2680 GFlop/s     (612.2680 GFlop/s per process)    32%    2383.7 sec left
CG set 1846 / 5603    612.2676 GFlop/s     (612.2676 GFlop/s per process)    32%    2383.0 sec left
CG set 1847 / 5603    612.2671 GFlop/s     (612.2671 GFlop/s per process)    32%    2382.4 sec left
CG set 1848 / 5603    612.2667 GFlop/s     (612.2667 GFlop/s per process)    32%    2381.7 sec left
CG set 1849 / 5603    612.2662 GFlop/s     (612.2662 GFlop/s per process)    33%    2381.1 sec left
CG set 1850 / 5603    612.2656 GFlop/s     (612.2656 GFlop/s per process)    33%    2380.4 sec left
CG set 1851 / 5603    612.2644 GFlop/s     (612.2644 GFlop/s per process)    33%    2379.7 sec left
CG set 1852 / 5603    612.2630 GFlop/s     (612.2630 GFlop/s per process)    33%    2379.1 sec left
CG set 1853 / 5603    612.2613 GFlop/s     (612.2613 GFlop/s per process)    33%    2378.4 sec left
CG set 1854 / 5603    612.2597 GFlop/s     (612.2597 GFlop/s per process)    33%    2377.8 sec left
CG set 1855 / 5603    612.2584 GFlop/s     (612.2584 GFlop/s per process)    33%    2377.1 sec left
CG set 1856 / 5603    612.2557 GFlop/s     (612.2557 GFlop/s per process)    33%    2376.4 sec left
CG set 1857 / 5603    612.2529 GFlop/s     (612.2529 GFlop/s per process)    33%    2375.8 sec left
CG set 1858 / 5603    612.2498 GFlop/s     (612.2498 GFlop/s per process)    33%    2375.1 sec left
CG set 1859 / 5603    612.2476 GFlop/s     (612.2476 GFlop/s per process)    33%    2374.4 sec left
CG set 1860 / 5603    612.2454 GFlop/s     (612.2454 GFlop/s per process)    33%    2373.8 sec left
CG set 1861 / 5603    612.2429 GFlop/s     (612.2429 GFlop/s per process)    33%    2373.1 sec left
CG set 1862 / 5603    612.2394 GFlop/s     (612.2394 GFlop/s per process)    33%    2372.4 sec left
CG set 1863 / 5603    612.2373 GFlop/s     (612.2373 GFlop/s per process)    33%    2371.8 sec left
CG set 1864 / 5603    612.2346 GFlop/s     (612.2346 GFlop/s per process)    33%    2371.1 sec left
CG set 1865 / 5603    612.2331 GFlop/s     (612.2331 GFlop/s per process)    33%    2370.4 sec left
CG set 1866 / 5603    612.2314 GFlop/s     (612.2314 GFlop/s per process)    33%    2369.8 sec left
CG set 1867 / 5603    612.2296 GFlop/s     (612.2296 GFlop/s per process)    33%    2369.1 sec left
CG set 1868 / 5603    612.2280 GFlop/s     (612.2280 GFlop/s per process)    33%    2368.5 sec left
CG set 1869 / 5603    612.2273 GFlop/s     (612.2273 GFlop/s per process)    33%    2367.8 sec left
CG set 1870 / 5603    612.2257 GFlop/s     (612.2257 GFlop/s per process)    33%    2367.1 sec left
CG set 1871 / 5603    612.2246 GFlop/s     (612.2246 GFlop/s per process)    33%    2366.5 sec left
CG set 1872 / 5603    612.2234 GFlop/s     (612.2234 GFlop/s per process)    33%    2365.8 sec left
CG set 1873 / 5603    612.2220 GFlop/s     (612.2220 GFlop/s per process)    33%    2365.2 sec left
CG set 1874 / 5603    612.2209 GFlop/s     (612.2209 GFlop/s per process)    33%    2364.5 sec left
CG set 1875 / 5603    612.2182 GFlop/s     (612.2182 GFlop/s per process)    33%    2363.8 sec left
CG set 1876 / 5603    612.2177 GFlop/s     (612.2177 GFlop/s per process)    33%    2363.2 sec left
CG set 1877 / 5603    612.2176 GFlop/s     (612.2176 GFlop/s per process)    33%    2362.5 sec left
CG set 1878 / 5603    612.2160 GFlop/s     (612.2160 GFlop/s per process)    33%    2361.8 sec left
CG set 1879 / 5603    612.2152 GFlop/s     (612.2152 GFlop/s per process)    33%    2361.2 sec left
CG set 1880 / 5603    612.2154 GFlop/s     (612.2154 GFlop/s per process)    33%    2360.5 sec left
CG set 1881 / 5603    612.2145 GFlop/s     (612.2145 GFlop/s per process)    33%    2359.9 sec left
CG set 1882 / 5603    612.2135 GFlop/s     (612.2135 GFlop/s per process)    33%    2359.2 sec left
CG set 1883 / 5603    612.2128 GFlop/s     (612.2128 GFlop/s per process)    33%    2358.5 sec left
CG set 1884 / 5603    612.2117 GFlop/s     (612.2117 GFlop/s per process)    33%    2357.9 sec left
CG set 1885 / 5603    612.2116 GFlop/s     (612.2116 GFlop/s per process)    33%    2357.2 sec left
CG set 1886 / 5603    612.2108 GFlop/s     (612.2108 GFlop/s per process)    33%    2356.6 sec left
CG set 1887 / 5603    612.2094 GFlop/s     (612.2094 GFlop/s per process)    33%    2355.9 sec left
CG set 1888 / 5603    612.2091 GFlop/s     (612.2091 GFlop/s per process)    33%    2355.2 sec left
CG set 1889 / 5603    612.2092 GFlop/s     (612.2092 GFlop/s per process)    33%    2354.6 sec left
CG set 1890 / 5603    612.2078 GFlop/s     (612.2078 GFlop/s per process)    33%    2353.9 sec left
CG set 1891 / 5603    612.2052 GFlop/s     (612.2052 GFlop/s per process)    33%    2353.3 sec left
CG set 1892 / 5603    612.2037 GFlop/s     (612.2037 GFlop/s per process)    33%    2352.6 sec left
CG set 1893 / 5603    612.2031 GFlop/s     (612.2031 GFlop/s per process)    33%    2351.9 sec left
CG set 1894 / 5603    612.2004 GFlop/s     (612.2004 GFlop/s per process)    33%    2351.3 sec left
CG set 1895 / 5603    612.1971 GFlop/s     (612.1971 GFlop/s per process)    33%    2350.6 sec left
CG set 1896 / 5603    612.1944 GFlop/s     (612.1944 GFlop/s per process)    33%    2349.9 sec left
CG set 1897 / 5603    612.1919 GFlop/s     (612.1919 GFlop/s per process)    33%    2349.3 sec left
CG set 1898 / 5603    612.1895 GFlop/s     (612.1895 GFlop/s per process)    33%    2348.6 sec left
CG set 1899 / 5603    612.1866 GFlop/s     (612.1866 GFlop/s per process)    33%    2347.9 sec left
CG set 1900 / 5603    612.1860 GFlop/s     (612.1860 GFlop/s per process)    33%    2347.3 sec left
CG set 1901 / 5603    612.1839 GFlop/s     (612.1839 GFlop/s per process)    33%    2346.6 sec left
CG set 1902 / 5603    612.1819 GFlop/s     (612.1819 GFlop/s per process)    33%    2346.0 sec left
CG set 1903 / 5603    612.1803 GFlop/s     (612.1803 GFlop/s per process)    33%    2345.3 sec left
CG set 1904 / 5603    612.1775 GFlop/s     (612.1775 GFlop/s per process)    33%    2344.6 sec left
CG set 1905 / 5603    612.1758 GFlop/s     (612.1758 GFlop/s per process)    33%    2344.0 sec left
CG set 1906 / 5603    612.1739 GFlop/s     (612.1739 GFlop/s per process)    34%    2343.3 sec left
CG set 1907 / 5603    612.1733 GFlop/s     (612.1733 GFlop/s per process)    34%    2342.6 sec left
CG set 1908 / 5603    612.1726 GFlop/s     (612.1726 GFlop/s per process)    34%    2342.0 sec left
CG set 1909 / 5603    612.1717 GFlop/s     (612.1717 GFlop/s per process)    34%    2341.3 sec left
CG set 1910 / 5603    612.1702 GFlop/s     (612.1702 GFlop/s per process)    34%    2340.7 sec left
CG set 1911 / 5603    612.1695 GFlop/s     (612.1695 GFlop/s per process)    34%    2340.0 sec left
CG set 1912 / 5603    612.1691 GFlop/s     (612.1691 GFlop/s per process)    34%    2339.3 sec left
CG set 1913 / 5603    612.1684 GFlop/s     (612.1684 GFlop/s per process)    34%    2338.7 sec left
CG set 1914 / 5603    612.1674 GFlop/s     (612.1674 GFlop/s per process)    34%    2338.0 sec left
CG set 1915 / 5603    612.1664 GFlop/s     (612.1664 GFlop/s per process)    34%    2337.3 sec left
CG set 1916 / 5603    612.1662 GFlop/s     (612.1662 GFlop/s per process)    34%    2336.7 sec left
CG set 1917 / 5603    612.1660 GFlop/s     (612.1660 GFlop/s per process)    34%    2336.0 sec left
CG set 1918 / 5603    612.1648 GFlop/s     (612.1648 GFlop/s per process)    34%    2335.4 sec left
CG set 1919 / 5603    612.1642 GFlop/s     (612.1642 GFlop/s per process)    34%    2334.7 sec left
CG set 1920 / 5603    612.1634 GFlop/s     (612.1634 GFlop/s per process)    34%    2334.0 sec left
CG set 1921 / 5603    612.1628 GFlop/s     (612.1628 GFlop/s per process)    34%    2333.4 sec left
CG set 1922 / 5603    612.1620 GFlop/s     (612.1620 GFlop/s per process)    34%    2332.7 sec left
CG set 1923 / 5603    612.1612 GFlop/s     (612.1612 GFlop/s per process)    34%    2332.1 sec left
CG set 1924 / 5603    612.1608 GFlop/s     (612.1608 GFlop/s per process)    34%    2331.4 sec left
CG set 1925 / 5603    612.1600 GFlop/s     (612.1600 GFlop/s per process)    34%    2330.7 sec left
CG set 1926 / 5603    612.1597 GFlop/s     (612.1597 GFlop/s per process)    34%    2330.1 sec left
CG set 1927 / 5603    612.1588 GFlop/s     (612.1588 GFlop/s per process)    34%    2329.4 sec left
CG set 1928 / 5603    612.1567 GFlop/s     (612.1567 GFlop/s per process)    34%    2328.8 sec left
CG set 1929 / 5603    612.1543 GFlop/s     (612.1543 GFlop/s per process)    34%    2328.1 sec left
CG set 1930 / 5603    612.1523 GFlop/s     (612.1523 GFlop/s per process)    34%    2327.4 sec left
CG set 1931 / 5603    612.1506 GFlop/s     (612.1506 GFlop/s per process)    34%    2326.8 sec left
CG set 1932 / 5603    612.1484 GFlop/s     (612.1484 GFlop/s per process)    34%    2326.1 sec left
CG set 1933 / 5603    612.1465 GFlop/s     (612.1465 GFlop/s per process)    34%    2325.4 sec left
CG set 1934 / 5603    612.1438 GFlop/s     (612.1438 GFlop/s per process)    34%    2324.8 sec left
CG set 1935 / 5603    612.1424 GFlop/s     (612.1424 GFlop/s per process)    34%    2324.1 sec left
CG set 1936 / 5603    612.1413 GFlop/s     (612.1413 GFlop/s per process)    34%    2323.4 sec left
CG set 1937 / 5603    612.1385 GFlop/s     (612.1385 GFlop/s per process)    34%    2322.8 sec left
CG set 1938 / 5603    612.1366 GFlop/s     (612.1366 GFlop/s per process)    34%    2322.1 sec left
CG set 1939 / 5603    612.1346 GFlop/s     (612.1346 GFlop/s per process)    34%    2321.5 sec left
CG set 1940 / 5603    612.1325 GFlop/s     (612.1325 GFlop/s per process)    34%    2320.8 sec left
CG set 1941 / 5603    612.1312 GFlop/s     (612.1312 GFlop/s per process)    34%    2320.1 sec left
CG set 1942 / 5603    612.1297 GFlop/s     (612.1297 GFlop/s per process)    34%    2319.5 sec left
CG set 1943 / 5603    612.1279 GFlop/s     (612.1279 GFlop/s per process)    34%    2318.8 sec left
CG set 1944 / 5603    612.1265 GFlop/s     (612.1265 GFlop/s per process)    34%    2318.1 sec left
CG set 1945 / 5603    612.1252 GFlop/s     (612.1252 GFlop/s per process)    34%    2317.5 sec left
CG set 1946 / 5603    612.1240 GFlop/s     (612.1240 GFlop/s per process)    34%    2316.8 sec left
CG set 1947 / 5603    612.1223 GFlop/s     (612.1223 GFlop/s per process)    34%    2316.2 sec left
CG set 1948 / 5603    612.1213 GFlop/s     (612.1213 GFlop/s per process)    34%    2315.5 sec left
CG set 1949 / 5603    612.1208 GFlop/s     (612.1208 GFlop/s per process)    34%    2314.8 sec left
CG set 1950 / 5603    612.1201 GFlop/s     (612.1201 GFlop/s per process)    34%    2314.2 sec left
CG set 1951 / 5603    612.1196 GFlop/s     (612.1196 GFlop/s per process)    34%    2313.5 sec left
CG set 1952 / 5603    612.1191 GFlop/s     (612.1191 GFlop/s per process)    34%    2312.8 sec left
CG set 1953 / 5603    612.1180 GFlop/s     (612.1180 GFlop/s per process)    34%    2312.2 sec left
CG set 1954 / 5603    612.1174 GFlop/s     (612.1174 GFlop/s per process)    34%    2311.5 sec left
CG set 1955 / 5603    612.1171 GFlop/s     (612.1171 GFlop/s per process)    34%    2310.9 sec left
CG set 1956 / 5603    612.1168 GFlop/s     (612.1168 GFlop/s per process)    34%    2310.2 sec left
CG set 1957 / 5603    612.1162 GFlop/s     (612.1162 GFlop/s per process)    34%    2309.5 sec left
CG set 1958 / 5603    612.1155 GFlop/s     (612.1155 GFlop/s per process)    34%    2308.9 sec left
CG set 1959 / 5603    612.1152 GFlop/s     (612.1152 GFlop/s per process)    34%    2308.2 sec left
CG set 1960 / 5603    612.1152 GFlop/s     (612.1152 GFlop/s per process)    34%    2307.6 sec left
CG set 1961 / 5603    612.1150 GFlop/s     (612.1150 GFlop/s per process)    34%    2306.9 sec left
CG set 1962 / 5603    612.1138 GFlop/s     (612.1138 GFlop/s per process)    35%    2306.2 sec left
CG set 1963 / 5603    612.1135 GFlop/s     (612.1135 GFlop/s per process)    35%    2305.6 sec left
CG set 1964 / 5603    612.1132 GFlop/s     (612.1132 GFlop/s per process)    35%    2304.9 sec left
CG set 1965 / 5603    612.1130 GFlop/s     (612.1130 GFlop/s per process)    35%    2304.3 sec left
CG set 1966 / 5603    612.1118 GFlop/s     (612.1118 GFlop/s per process)    35%    2303.6 sec left
CG set 1967 / 5603    612.1109 GFlop/s     (612.1109 GFlop/s per process)    35%    2302.9 sec left
CG set 1968 / 5603    612.1101 GFlop/s     (612.1101 GFlop/s per process)    35%    2302.3 sec left
CG set 1969 / 5603    612.1082 GFlop/s     (612.1082 GFlop/s per process)    35%    2301.6 sec left
CG set 1970 / 5603    612.1060 GFlop/s     (612.1060 GFlop/s per process)    35%    2301.0 sec left
CG set 1971 / 5603    612.1033 GFlop/s     (612.1033 GFlop/s per process)    35%    2300.3 sec left
CG set 1972 / 5603    612.1018 GFlop/s     (612.1018 GFlop/s per process)    35%    2299.6 sec left
CG set 1973 / 5603    612.0996 GFlop/s     (612.0996 GFlop/s per process)    35%    2299.0 sec left
CG set 1974 / 5603    612.0974 GFlop/s     (612.0974 GFlop/s per process)    35%    2298.3 sec left
CG set 1975 / 5603    612.0950 GFlop/s     (612.0950 GFlop/s per process)    35%    2297.6 sec left
CG set 1976 / 5603    612.0940 GFlop/s     (612.0940 GFlop/s per process)    35%    2297.0 sec left
CG set 1977 / 5603    612.0921 GFlop/s     (612.0921 GFlop/s per process)    35%    2296.3 sec left
CG set 1978 / 5603    612.0917 GFlop/s     (612.0917 GFlop/s per process)    35%    2295.6 sec left
CG set 1979 / 5603    612.0907 GFlop/s     (612.0907 GFlop/s per process)    35%    2295.0 sec left
CG set 1980 / 5603    612.0889 GFlop/s     (612.0889 GFlop/s per process)    35%    2294.3 sec left
CG set 1981 / 5603    612.0883 GFlop/s     (612.0883 GFlop/s per process)    35%    2293.7 sec left
CG set 1982 / 5603    612.0864 GFlop/s     (612.0864 GFlop/s per process)    35%    2293.0 sec left
CG set 1983 / 5603    612.0852 GFlop/s     (612.0852 GFlop/s per process)    35%    2292.3 sec left
CG set 1984 / 5603    612.0838 GFlop/s     (612.0838 GFlop/s per process)    35%    2291.7 sec left
CG set 1985 / 5603    612.0831 GFlop/s     (612.0831 GFlop/s per process)    35%    2291.0 sec left
CG set 1986 / 5603    612.0822 GFlop/s     (612.0822 GFlop/s per process)    35%    2290.4 sec left
CG set 1987 / 5603    612.0812 GFlop/s     (612.0812 GFlop/s per process)    35%    2289.7 sec left
CG set 1988 / 5603    612.0809 GFlop/s     (612.0809 GFlop/s per process)    35%    2289.0 sec left
CG set 1989 / 5603    612.0796 GFlop/s     (612.0796 GFlop/s per process)    35%    2288.4 sec left
CG set 1990 / 5603    612.0781 GFlop/s     (612.0781 GFlop/s per process)    35%    2287.7 sec left
CG set 1991 / 5603    612.0766 GFlop/s     (612.0766 GFlop/s per process)    35%    2287.0 sec left
CG set 1992 / 5603    612.0765 GFlop/s     (612.0765 GFlop/s per process)    35%    2286.4 sec left
CG set 1993 / 5603    612.0757 GFlop/s     (612.0757 GFlop/s per process)    35%    2285.7 sec left
CG set 1994 / 5603    612.0748 GFlop/s     (612.0748 GFlop/s per process)    35%    2285.1 sec left
CG set 1995 / 5603    612.0747 GFlop/s     (612.0747 GFlop/s per process)    35%    2284.4 sec left
CG set 1996 / 5603    612.0740 GFlop/s     (612.0740 GFlop/s per process)    35%    2283.7 sec left
CG set 1997 / 5603    612.0727 GFlop/s     (612.0727 GFlop/s per process)    35%    2283.1 sec left
CG set 1998 / 5603    612.0727 GFlop/s     (612.0727 GFlop/s per process)    35%    2282.4 sec left
CG set 1999 / 5603    612.0719 GFlop/s     (612.0719 GFlop/s per process)    35%    2281.8 sec left
CG set 2000 / 5603    612.0718 GFlop/s     (612.0718 GFlop/s per process)    35%    2281.1 sec left
CG set 2001 / 5603    612.0708 GFlop/s     (612.0708 GFlop/s per process)    35%    2280.4 sec left
CG set 2002 / 5603    612.0699 GFlop/s     (612.0699 GFlop/s per process)    35%    2279.8 sec left
CG set 2003 / 5603    612.0689 GFlop/s     (612.0689 GFlop/s per process)    35%    2279.1 sec left
CG set 2004 / 5603    612.0672 GFlop/s     (612.0672 GFlop/s per process)    35%    2278.4 sec left
CG set 2005 / 5603    612.0656 GFlop/s     (612.0656 GFlop/s per process)    35%    2277.8 sec left
CG set 2006 / 5603    612.0636 GFlop/s     (612.0636 GFlop/s per process)    35%    2277.1 sec left
CG set 2007 / 5603    612.0620 GFlop/s     (612.0620 GFlop/s per process)    35%    2276.5 sec left
CG set 2008 / 5603    612.0588 GFlop/s     (612.0588 GFlop/s per process)    35%    2275.8 sec left
CG set 2009 / 5603    612.0564 GFlop/s     (612.0564 GFlop/s per process)    35%    2275.1 sec left
CG set 2010 / 5603    612.0536 GFlop/s     (612.0536 GFlop/s per process)    35%    2274.5 sec left
CG set 2011 / 5603    612.0503 GFlop/s     (612.0503 GFlop/s per process)    35%    2273.8 sec left
CG set 2012 / 5603    612.0485 GFlop/s     (612.0485 GFlop/s per process)    35%    2273.1 sec left
CG set 2013 / 5603    612.0454 GFlop/s     (612.0454 GFlop/s per process)    35%    2272.5 sec left
CG set 2014 / 5603    612.0446 GFlop/s     (612.0446 GFlop/s per process)    35%    2271.8 sec left
CG set 2015 / 5603    612.0427 GFlop/s     (612.0427 GFlop/s per process)    35%    2271.1 sec left
CG set 2016 / 5603    612.0408 GFlop/s     (612.0408 GFlop/s per process)    35%    2270.5 sec left
CG set 2017 / 5603    612.0392 GFlop/s     (612.0392 GFlop/s per process)    35%    2269.8 sec left
CG set 2018 / 5603    612.0367 GFlop/s     (612.0367 GFlop/s per process)    36%    2269.1 sec left
CG set 2019 / 5603    612.0341 GFlop/s     (612.0341 GFlop/s per process)    36%    2268.5 sec left
CG set 2020 / 5603    612.0329 GFlop/s     (612.0329 GFlop/s per process)    36%    2267.8 sec left
CG set 2021 / 5603    612.0314 GFlop/s     (612.0314 GFlop/s per process)    36%    2267.2 sec left
CG set 2022 / 5603    612.0305 GFlop/s     (612.0305 GFlop/s per process)    36%    2266.5 sec left
CG set 2023 / 5603    612.0289 GFlop/s     (612.0289 GFlop/s per process)    36%    2265.8 sec left
CG set 2024 / 5603    612.0289 GFlop/s     (612.0289 GFlop/s per process)    36%    2265.2 sec left
CG set 2025 / 5603    612.0282 GFlop/s     (612.0282 GFlop/s per process)    36%    2264.5 sec left
CG set 2026 / 5603    612.0277 GFlop/s     (612.0277 GFlop/s per process)    36%    2263.9 sec left
CG set 2027 / 5603    612.0264 GFlop/s     (612.0264 GFlop/s per process)    36%    2263.2 sec left
CG set 2028 / 5603    612.0251 GFlop/s     (612.0251 GFlop/s per process)    36%    2262.5 sec left
CG set 2029 / 5603    612.0244 GFlop/s     (612.0244 GFlop/s per process)    36%    2261.9 sec left
CG set 2030 / 5603    612.0238 GFlop/s     (612.0238 GFlop/s per process)    36%    2261.2 sec left
CG set 2031 / 5603    612.0233 GFlop/s     (612.0233 GFlop/s per process)    36%    2260.5 sec left
CG set 2032 / 5603    612.0227 GFlop/s     (612.0227 GFlop/s per process)    36%    2259.9 sec left
CG set 2033 / 5603    612.0226 GFlop/s     (612.0226 GFlop/s per process)    36%    2259.2 sec left
CG set 2034 / 5603    612.0217 GFlop/s     (612.0217 GFlop/s per process)    36%    2258.6 sec left
CG set 2035 / 5603    612.0216 GFlop/s     (612.0216 GFlop/s per process)    36%    2257.9 sec left
CG set 2036 / 5603    612.0203 GFlop/s     (612.0203 GFlop/s per process)    36%    2257.2 sec left
CG set 2037 / 5603    612.0208 GFlop/s     (612.0208 GFlop/s per process)    36%    2256.6 sec left
CG set 2038 / 5603    612.0198 GFlop/s     (612.0198 GFlop/s per process)    36%    2255.9 sec left
CG set 2039 / 5603    612.0187 GFlop/s     (612.0187 GFlop/s per process)    36%    2255.3 sec left
CG set 2040 / 5603    612.0175 GFlop/s     (612.0175 GFlop/s per process)    36%    2254.6 sec left
CG set 2041 / 5603    612.0171 GFlop/s     (612.0171 GFlop/s per process)    36%    2253.9 sec left
CG set 2042 / 5603    612.0146 GFlop/s     (612.0146 GFlop/s per process)    36%    2253.3 sec left
CG set 2043 / 5603    612.0127 GFlop/s     (612.0127 GFlop/s per process)    36%    2252.6 sec left
CG set 2044 / 5603    612.0119 GFlop/s     (612.0119 GFlop/s per process)    36%    2251.9 sec left
CG set 2045 / 5603    612.0091 GFlop/s     (612.0091 GFlop/s per process)    36%    2251.3 sec left
CG set 2046 / 5603    612.0073 GFlop/s     (612.0073 GFlop/s per process)    36%    2250.6 sec left
CG set 2047 / 5603    612.0053 GFlop/s     (612.0053 GFlop/s per process)    36%    2250.0 sec left
CG set 2048 / 5603    612.0033 GFlop/s     (612.0033 GFlop/s per process)    36%    2249.3 sec left
CG set 2049 / 5603    612.0004 GFlop/s     (612.0004 GFlop/s per process)    36%    2248.6 sec left
CG set 2050 / 5603    611.9978 GFlop/s     (611.9978 GFlop/s per process)    36%    2248.0 sec left
CG set 2051 / 5603    611.9952 GFlop/s     (611.9952 GFlop/s per process)    36%    2247.3 sec left
CG set 2052 / 5603    611.9940 GFlop/s     (611.9940 GFlop/s per process)    36%    2246.6 sec left
CG set 2053 / 5603    611.9921 GFlop/s     (611.9921 GFlop/s per process)    36%    2246.0 sec left
CG set 2054 / 5603    611.9907 GFlop/s     (611.9907 GFlop/s per process)    36%    2245.3 sec left
CG set 2055 / 5603    611.9887 GFlop/s     (611.9887 GFlop/s per process)    36%    2244.6 sec left
CG set 2056 / 5603    611.9873 GFlop/s     (611.9873 GFlop/s per process)    36%    2244.0 sec left
CG set 2057 / 5603    611.9865 GFlop/s     (611.9865 GFlop/s per process)    36%    2243.3 sec left
CG set 2058 / 5603    611.9861 GFlop/s     (611.9861 GFlop/s per process)    36%    2242.7 sec left
CG set 2059 / 5603    611.9846 GFlop/s     (611.9846 GFlop/s per process)    36%    2242.0 sec left
CG set 2060 / 5603    611.9828 GFlop/s     (611.9828 GFlop/s per process)    36%    2241.3 sec left
CG set 2061 / 5603    611.9813 GFlop/s     (611.9813 GFlop/s per process)    36%    2240.7 sec left
CG set 2062 / 5603    611.9803 GFlop/s     (611.9803 GFlop/s per process)    36%    2240.0 sec left
CG set 2063 / 5603    611.9789 GFlop/s     (611.9789 GFlop/s per process)    36%    2239.3 sec left
CG set 2064 / 5603    611.9788 GFlop/s     (611.9788 GFlop/s per process)    36%    2238.7 sec left
CG set 2065 / 5603    611.9776 GFlop/s     (611.9776 GFlop/s per process)    36%    2238.0 sec left
CG set 2066 / 5603    611.9769 GFlop/s     (611.9769 GFlop/s per process)    36%    2237.4 sec left
CG set 2067 / 5603    611.9761 GFlop/s     (611.9761 GFlop/s per process)    36%    2236.7 sec left
CG set 2068 / 5603    611.9758 GFlop/s     (611.9758 GFlop/s per process)    36%    2236.0 sec left
CG set 2069 / 5603    611.9753 GFlop/s     (611.9753 GFlop/s per process)    36%    2235.4 sec left
CG set 2070 / 5603    611.9753 GFlop/s     (611.9753 GFlop/s per process)    36%    2234.7 sec left
CG set 2071 / 5603    611.9752 GFlop/s     (611.9752 GFlop/s per process)    36%    2234.1 sec left
CG set 2072 / 5603    611.9739 GFlop/s     (611.9739 GFlop/s per process)    36%    2233.4 sec left
CG set 2073 / 5603    611.9736 GFlop/s     (611.9736 GFlop/s per process)    36%    2232.7 sec left
CG set 2074 / 5603    611.9741 GFlop/s     (611.9741 GFlop/s per process)    37%    2232.1 sec left
CG set 2075 / 5603    611.9730 GFlop/s     (611.9730 GFlop/s per process)    37%    2231.4 sec left
CG set 2076 / 5603    611.9733 GFlop/s     (611.9733 GFlop/s per process)    37%    2230.8 sec left
CG set 2077 / 5603    611.9726 GFlop/s     (611.9726 GFlop/s per process)    37%    2230.1 sec left
CG set 2078 / 5603    611.9719 GFlop/s     (611.9719 GFlop/s per process)    37%    2229.4 sec left
CG set 2079 / 5603    611.9715 GFlop/s     (611.9715 GFlop/s per process)    37%    2228.8 sec left
CG set 2080 / 5603    611.9700 GFlop/s     (611.9700 GFlop/s per process)    37%    2228.1 sec left
CG set 2081 / 5603    611.9692 GFlop/s     (611.9692 GFlop/s per process)    37%    2227.4 sec left
CG set 2082 / 5603    611.9678 GFlop/s     (611.9678 GFlop/s per process)    37%    2226.8 sec left
CG set 2083 / 5603    611.9650 GFlop/s     (611.9650 GFlop/s per process)    37%    2226.1 sec left
CG set 2084 / 5603    611.9618 GFlop/s     (611.9618 GFlop/s per process)    37%    2225.5 sec left
CG set 2085 / 5603    611.9592 GFlop/s     (611.9592 GFlop/s per process)    37%    2224.8 sec left
CG set 2086 / 5603    611.9566 GFlop/s     (611.9566 GFlop/s per process)    37%    2224.1 sec left
CG set 2087 / 5603    611.9548 GFlop/s     (611.9548 GFlop/s per process)    37%    2223.5 sec left
CG set 2088 / 5603    611.9529 GFlop/s     (611.9529 GFlop/s per process)    37%    2222.8 sec left
CG set 2089 / 5603    611.9505 GFlop/s     (611.9505 GFlop/s per process)    37%    2222.1 sec left
CG set 2090 / 5603    611.9493 GFlop/s     (611.9493 GFlop/s per process)    37%    2221.5 sec left
CG set 2091 / 5603    611.9477 GFlop/s     (611.9477 GFlop/s per process)    37%    2220.8 sec left
CG set 2092 / 5603    611.9459 GFlop/s     (611.9459 GFlop/s per process)    37%    2220.1 sec left
CG set 2093 / 5603    611.9450 GFlop/s     (611.9450 GFlop/s per process)    37%    2219.5 sec left
CG set 2094 / 5603    611.9442 GFlop/s     (611.9442 GFlop/s per process)    37%    2218.8 sec left
CG set 2095 / 5603    611.9431 GFlop/s     (611.9431 GFlop/s per process)    37%    2218.2 sec left
CG set 2096 / 5603    611.9428 GFlop/s     (611.9428 GFlop/s per process)    37%    2217.5 sec left
CG set 2097 / 5603    611.9421 GFlop/s     (611.9421 GFlop/s per process)    37%    2216.8 sec left
CG set 2098 / 5603    611.9412 GFlop/s     (611.9412 GFlop/s per process)    37%    2216.2 sec left
CG set 2099 / 5603    611.9396 GFlop/s     (611.9396 GFlop/s per process)    37%    2215.5 sec left
CG set 2100 / 5603    611.9378 GFlop/s     (611.9378 GFlop/s per process)    37%    2214.8 sec left
CG set 2101 / 5603    611.9366 GFlop/s     (611.9366 GFlop/s per process)    37%    2214.2 sec left
CG set 2102 / 5603    611.9361 GFlop/s     (611.9361 GFlop/s per process)    37%    2213.5 sec left
CG set 2103 / 5603    611.9350 GFlop/s     (611.9350 GFlop/s per process)    37%    2212.9 sec left
CG set 2104 / 5603    611.9334 GFlop/s     (611.9334 GFlop/s per process)    37%    2212.2 sec left
CG set 2105 / 5603    611.9323 GFlop/s     (611.9323 GFlop/s per process)    37%    2211.5 sec left
CG set 2106 / 5603    611.9316 GFlop/s     (611.9316 GFlop/s per process)    37%    2210.9 sec left
CG set 2107 / 5603    611.9316 GFlop/s     (611.9316 GFlop/s per process)    37%    2210.2 sec left
CG set 2108 / 5603    611.9308 GFlop/s     (611.9308 GFlop/s per process)    37%    2209.6 sec left
CG set 2109 / 5603    611.9309 GFlop/s     (611.9309 GFlop/s per process)    37%    2208.9 sec left
CG set 2110 / 5603    611.9306 GFlop/s     (611.9306 GFlop/s per process)    37%    2208.2 sec left
CG set 2111 / 5603    611.9296 GFlop/s     (611.9296 GFlop/s per process)    37%    2207.6 sec left
CG set 2112 / 5603    611.9290 GFlop/s     (611.9290 GFlop/s per process)    37%    2206.9 sec left
CG set 2113 / 5603    611.9281 GFlop/s     (611.9281 GFlop/s per process)    37%    2206.2 sec left
CG set 2114 / 5603    611.9278 GFlop/s     (611.9278 GFlop/s per process)    37%    2205.6 sec left
CG set 2115 / 5603    611.9276 GFlop/s     (611.9276 GFlop/s per process)    37%    2204.9 sec left
CG set 2116 / 5603    611.9270 GFlop/s     (611.9270 GFlop/s per process)    37%    2204.3 sec left
CG set 2117 / 5603    611.9258 GFlop/s     (611.9258 GFlop/s per process)    37%    2203.6 sec left
CG set 2118 / 5603    611.9236 GFlop/s     (611.9236 GFlop/s per process)    37%    2202.9 sec left
CG set 2119 / 5603    611.9220 GFlop/s     (611.9220 GFlop/s per process)    37%    2202.3 sec left
CG set 2120 / 5603    611.9202 GFlop/s     (611.9202 GFlop/s per process)    37%    2201.6 sec left
CG set 2121 / 5603    611.9179 GFlop/s     (611.9179 GFlop/s per process)    37%    2200.9 sec left
CG set 2122 / 5603    611.9156 GFlop/s     (611.9156 GFlop/s per process)    37%    2200.3 sec left
CG set 2123 / 5603    611.9133 GFlop/s     (611.9133 GFlop/s per process)    37%    2199.6 sec left
CG set 2124 / 5603    611.9116 GFlop/s     (611.9116 GFlop/s per process)    37%    2199.0 sec left
CG set 2125 / 5603    611.9091 GFlop/s     (611.9091 GFlop/s per process)    37%    2198.3 sec left
CG set 2126 / 5603    611.9078 GFlop/s     (611.9078 GFlop/s per process)    37%    2197.6 sec left
CG set 2127 / 5603    611.9058 GFlop/s     (611.9058 GFlop/s per process)    37%    2197.0 sec left
CG set 2128 / 5603    611.9040 GFlop/s     (611.9040 GFlop/s per process)    37%    2196.3 sec left
CG set 2129 / 5603    611.9028 GFlop/s     (611.9028 GFlop/s per process)    37%    2195.6 sec left
CG set 2130 / 5603    611.9009 GFlop/s     (611.9009 GFlop/s per process)    38%    2195.0 sec left
CG set 2131 / 5603    611.8994 GFlop/s     (611.8994 GFlop/s per process)    38%    2194.3 sec left
CG set 2132 / 5603    611.8984 GFlop/s     (611.8984 GFlop/s per process)    38%    2193.6 sec left
CG set 2133 / 5603    611.8971 GFlop/s     (611.8971 GFlop/s per process)    38%    2193.0 sec left
CG set 2134 / 5603    611.8955 GFlop/s     (611.8955 GFlop/s per process)    38%    2192.3 sec left
CG set 2135 / 5603    611.8950 GFlop/s     (611.8950 GFlop/s per process)    38%    2191.7 sec left
CG set 2136 / 5603    611.8938 GFlop/s     (611.8938 GFlop/s per process)    38%    2191.0 sec left
CG set 2137 / 5603    611.8922 GFlop/s     (611.8922 GFlop/s per process)    38%    2190.3 sec left
CG set 2138 / 5603    611.8914 GFlop/s     (611.8914 GFlop/s per process)    38%    2189.7 sec left
CG set 2139 / 5603    611.8904 GFlop/s     (611.8904 GFlop/s per process)    38%    2189.0 sec left
CG set 2140 / 5603    611.8898 GFlop/s     (611.8898 GFlop/s per process)    38%    2188.3 sec left
CG set 2141 / 5603    611.8886 GFlop/s     (611.8886 GFlop/s per process)    38%    2187.7 sec left
CG set 2142 / 5603    611.8881 GFlop/s     (611.8881 GFlop/s per process)    38%    2187.0 sec left
CG set 2143 / 5603    611.8874 GFlop/s     (611.8874 GFlop/s per process)    38%    2186.4 sec left
CG set 2144 / 5603    611.8873 GFlop/s     (611.8873 GFlop/s per process)    38%    2185.7 sec left
CG set 2145 / 5603    611.8867 GFlop/s     (611.8867 GFlop/s per process)    38%    2185.0 sec left
CG set 2146 / 5603    611.8854 GFlop/s     (611.8854 GFlop/s per process)    38%    2184.4 sec left
CG set 2147 / 5603    611.8849 GFlop/s     (611.8849 GFlop/s per process)    38%    2183.7 sec left
CG set 2148 / 5603    611.8839 GFlop/s     (611.8839 GFlop/s per process)    38%    2183.1 sec left
CG set 2149 / 5603    611.8830 GFlop/s     (611.8830 GFlop/s per process)    38%    2182.4 sec left
CG set 2150 / 5603    611.8818 GFlop/s     (611.8818 GFlop/s per process)    38%    2181.7 sec left
CG set 2151 / 5603    611.8812 GFlop/s     (611.8812 GFlop/s per process)    38%    2181.1 sec left
CG set 2152 / 5603    611.8811 GFlop/s     (611.8811 GFlop/s per process)    38%    2180.4 sec left
CG set 2153 / 5603    611.8797 GFlop/s     (611.8797 GFlop/s per process)    38%    2179.7 sec left
CG set 2154 / 5603    611.8792 GFlop/s     (611.8792 GFlop/s per process)    38%    2179.1 sec left
CG set 2155 / 5603    611.8777 GFlop/s     (611.8777 GFlop/s per process)    38%    2178.4 sec left
CG set 2156 / 5603    611.8764 GFlop/s     (611.8764 GFlop/s per process)    38%    2177.8 sec left
CG set 2157 / 5603    611.8748 GFlop/s     (611.8748 GFlop/s per process)    38%    2177.1 sec left
CG set 2158 / 5603    611.8733 GFlop/s     (611.8733 GFlop/s per process)    38%    2176.4 sec left
CG set 2159 / 5603    611.8711 GFlop/s     (611.8711 GFlop/s per process)    38%    2175.8 sec left
CG set 2160 / 5603    611.8691 GFlop/s     (611.8691 GFlop/s per process)    38%    2175.1 sec left
CG set 2161 / 5603    611.8670 GFlop/s     (611.8670 GFlop/s per process)    38%    2174.4 sec left
CG set 2162 / 5603    611.8646 GFlop/s     (611.8646 GFlop/s per process)    38%    2173.8 sec left
CG set 2163 / 5603    611.8622 GFlop/s     (611.8622 GFlop/s per process)    38%    2173.1 sec left
CG set 2164 / 5603    611.8605 GFlop/s     (611.8605 GFlop/s per process)    38%    2172.4 sec left
CG set 2165 / 5603    611.8580 GFlop/s     (611.8580 GFlop/s per process)    38%    2171.8 sec left
CG set 2166 / 5603    611.8567 GFlop/s     (611.8567 GFlop/s per process)    38%    2171.1 sec left
CG set 2167 / 5603    611.8558 GFlop/s     (611.8558 GFlop/s per process)    38%    2170.5 sec left
CG set 2168 / 5603    611.8545 GFlop/s     (611.8545 GFlop/s per process)    38%    2169.8 sec left
CG set 2169 / 5603    611.8531 GFlop/s     (611.8531 GFlop/s per process)    38%    2169.1 sec left
CG set 2170 / 5603    611.8524 GFlop/s     (611.8524 GFlop/s per process)    38%    2168.5 sec left
CG set 2171 / 5603    611.8512 GFlop/s     (611.8512 GFlop/s per process)    38%    2167.8 sec left
CG set 2172 / 5603    611.8505 GFlop/s     (611.8505 GFlop/s per process)    38%    2167.1 sec left
CG set 2173 / 5603    611.8493 GFlop/s     (611.8493 GFlop/s per process)    38%    2166.5 sec left
CG set 2174 / 5603    611.8481 GFlop/s     (611.8481 GFlop/s per process)    38%    2165.8 sec left
CG set 2175 / 5603    611.8467 GFlop/s     (611.8467 GFlop/s per process)    38%    2165.2 sec left
CG set 2176 / 5603    611.8462 GFlop/s     (611.8462 GFlop/s per process)    38%    2164.5 sec left
CG set 2177 / 5603    611.8451 GFlop/s     (611.8451 GFlop/s per process)    38%    2163.8 sec left
CG set 2178 / 5603    611.8445 GFlop/s     (611.8445 GFlop/s per process)    38%    2163.2 sec left
CG set 2179 / 5603    611.8434 GFlop/s     (611.8434 GFlop/s per process)    38%    2162.5 sec left
CG set 2180 / 5603    611.8435 GFlop/s     (611.8435 GFlop/s per process)    38%    2161.9 sec left
CG set 2181 / 5603    611.8423 GFlop/s     (611.8423 GFlop/s per process)    38%    2161.2 sec left
CG set 2182 / 5603    611.8416 GFlop/s     (611.8416 GFlop/s per process)    38%    2160.5 sec left
CG set 2183 / 5603    611.8409 GFlop/s     (611.8409 GFlop/s per process)    38%    2159.9 sec left
CG set 2184 / 5603    611.8404 GFlop/s     (611.8404 GFlop/s per process)    38%    2159.2 sec left
CG set 2185 / 5603    611.8396 GFlop/s     (611.8396 GFlop/s per process)    38%    2158.5 sec left
CG set 2186 / 5603    611.8393 GFlop/s     (611.8393 GFlop/s per process)    39%    2157.9 sec left
CG set 2187 / 5603    611.8390 GFlop/s     (611.8390 GFlop/s per process)    39%    2157.2 sec left
CG set 2188 / 5603    611.8383 GFlop/s     (611.8383 GFlop/s per process)    39%    2156.6 sec left
CG set 2189 / 5603    611.8377 GFlop/s     (611.8377 GFlop/s per process)    39%    2155.9 sec left
CG set 2190 / 5603    611.8372 GFlop/s     (611.8372 GFlop/s per process)    39%    2155.2 sec left
CG set 2191 / 5603    611.8363 GFlop/s     (611.8363 GFlop/s per process)    39%    2154.6 sec left
CG set 2192 / 5603    611.8355 GFlop/s     (611.8355 GFlop/s per process)    39%    2153.9 sec left
CG set 2193 / 5603    611.8338 GFlop/s     (611.8338 GFlop/s per process)    39%    2153.3 sec left
CG set 2194 / 5603    611.8328 GFlop/s     (611.8328 GFlop/s per process)    39%    2152.6 sec left
CG set 2195 / 5603    611.8315 GFlop/s     (611.8315 GFlop/s per process)    39%    2151.9 sec left
CG set 2196 / 5603    611.8299 GFlop/s     (611.8299 GFlop/s per process)    39%    2151.3 sec left
CG set 2197 / 5603    611.8273 GFlop/s     (611.8273 GFlop/s per process)    39%    2150.6 sec left
CG set 2198 / 5603    611.8251 GFlop/s     (611.8251 GFlop/s per process)    39%    2149.9 sec left
CG set 2199 / 5603    611.8226 GFlop/s     (611.8226 GFlop/s per process)    39%    2149.3 sec left
CG set 2200 / 5603    611.8201 GFlop/s     (611.8201 GFlop/s per process)    39%    2148.6 sec left
CG set 2201 / 5603    611.8188 GFlop/s     (611.8188 GFlop/s per process)    39%    2147.9 sec left
CG set 2202 / 5603    611.8163 GFlop/s     (611.8163 GFlop/s per process)    39%    2147.3 sec left
CG set 2203 / 5603    611.8145 GFlop/s     (611.8145 GFlop/s per process)    39%    2146.6 sec left
CG set 2204 / 5603    611.8128 GFlop/s     (611.8128 GFlop/s per process)    39%    2145.9 sec left
CG set 2205 / 5603    611.8104 GFlop/s     (611.8104 GFlop/s per process)    39%    2145.3 sec left
CG set 2206 / 5603    611.8088 GFlop/s     (611.8088 GFlop/s per process)    39%    2144.6 sec left
CG set 2207 / 5603    611.8067 GFlop/s     (611.8067 GFlop/s per process)    39%    2144.0 sec left
CG set 2208 / 5603    611.8064 GFlop/s     (611.8064 GFlop/s per process)    39%    2143.3 sec left
CG set 2209 / 5603    611.8057 GFlop/s     (611.8057 GFlop/s per process)    39%    2142.6 sec left
CG set 2210 / 5603    611.8045 GFlop/s     (611.8045 GFlop/s per process)    39%    2142.0 sec left
CG set 2211 / 5603    611.8038 GFlop/s     (611.8038 GFlop/s per process)    39%    2141.3 sec left
CG set 2212 / 5603    611.8024 GFlop/s     (611.8024 GFlop/s per process)    39%    2140.6 sec left
CG set 2213 / 5603    611.8015 GFlop/s     (611.8015 GFlop/s per process)    39%    2140.0 sec left
CG set 2214 / 5603    611.8008 GFlop/s     (611.8008 GFlop/s per process)    39%    2139.3 sec left
CG set 2215 / 5603    611.7998 GFlop/s     (611.7998 GFlop/s per process)    39%    2138.7 sec left
CG set 2216 / 5603    611.7994 GFlop/s     (611.7994 GFlop/s per process)    39%    2138.0 sec left
CG set 2217 / 5603    611.7984 GFlop/s     (611.7984 GFlop/s per process)    39%    2137.3 sec left
CG set 2218 / 5603    611.7975 GFlop/s     (611.7975 GFlop/s per process)    39%    2136.7 sec left
CG set 2219 / 5603    611.7976 GFlop/s     (611.7976 GFlop/s per process)    39%    2136.0 sec left
CG set 2220 / 5603    611.7971 GFlop/s     (611.7971 GFlop/s per process)    39%    2135.4 sec left
CG set 2221 / 5603    611.7967 GFlop/s     (611.7967 GFlop/s per process)    39%    2134.7 sec left
CG set 2222 / 5603    611.7959 GFlop/s     (611.7959 GFlop/s per process)    39%    2134.0 sec left
CG set 2223 / 5603    611.7951 GFlop/s     (611.7951 GFlop/s per process)    39%    2133.4 sec left
CG set 2224 / 5603    611.7940 GFlop/s     (611.7940 GFlop/s per process)    39%    2132.7 sec left
CG set 2225 / 5603    611.7934 GFlop/s     (611.7934 GFlop/s per process)    39%    2132.0 sec left
CG set 2226 / 5603    611.7928 GFlop/s     (611.7928 GFlop/s per process)    39%    2131.4 sec left
CG set 2227 / 5603    611.7927 GFlop/s     (611.7927 GFlop/s per process)    39%    2130.7 sec left
CG set 2228 / 5603    611.7920 GFlop/s     (611.7920 GFlop/s per process)    39%    2130.1 sec left
CG set 2229 / 5603    611.7915 GFlop/s     (611.7915 GFlop/s per process)    39%    2129.4 sec left
CG set 2230 / 5603    611.7902 GFlop/s     (611.7902 GFlop/s per process)    39%    2128.7 sec left
CG set 2231 / 5603    611.7888 GFlop/s     (611.7888 GFlop/s per process)    39%    2128.1 sec left
CG set 2232 / 5603    611.7881 GFlop/s     (611.7881 GFlop/s per process)    39%    2127.4 sec left
CG set 2233 / 5603    611.7872 GFlop/s     (611.7872 GFlop/s per process)    39%    2126.7 sec left
CG set 2234 / 5603    611.7853 GFlop/s     (611.7853 GFlop/s per process)    39%    2126.1 sec left
CG set 2235 / 5603    611.7835 GFlop/s     (611.7835 GFlop/s per process)    39%    2125.4 sec left
CG set 2236 / 5603    611.7814 GFlop/s     (611.7814 GFlop/s per process)    39%    2124.8 sec left
CG set 2237 / 5603    611.7794 GFlop/s     (611.7794 GFlop/s per process)    39%    2124.1 sec left
CG set 2238 / 5603    611.7772 GFlop/s     (611.7772 GFlop/s per process)    39%    2123.4 sec left
CG set 2239 / 5603    611.7749 GFlop/s     (611.7749 GFlop/s per process)    39%    2122.8 sec left
CG set 2240 / 5603    611.7730 GFlop/s     (611.7730 GFlop/s per process)    39%    2122.1 sec left
CG set 2241 / 5603    611.7717 GFlop/s     (611.7717 GFlop/s per process)    39%    2121.4 sec left
CG set 2242 / 5603    611.7707 GFlop/s     (611.7707 GFlop/s per process)    40%    2120.8 sec left
CG set 2243 / 5603    611.7700 GFlop/s     (611.7700 GFlop/s per process)    40%    2120.1 sec left
CG set 2244 / 5603    611.7684 GFlop/s     (611.7684 GFlop/s per process)    40%    2119.4 sec left
CG set 2245 / 5603    611.7674 GFlop/s     (611.7674 GFlop/s per process)    40%    2118.8 sec left
CG set 2246 / 5603    611.7665 GFlop/s     (611.7665 GFlop/s per process)    40%    2118.1 sec left
CG set 2247 / 5603    611.7659 GFlop/s     (611.7659 GFlop/s per process)    40%    2117.5 sec left
CG set 2248 / 5603    611.7652 GFlop/s     (611.7652 GFlop/s per process)    40%    2116.8 sec left
CG set 2249 / 5603    611.7641 GFlop/s     (611.7641 GFlop/s per process)    40%    2116.1 sec left
CG set 2250 / 5603    611.7636 GFlop/s     (611.7636 GFlop/s per process)    40%    2115.5 sec left
CG set 2251 / 5603    611.7624 GFlop/s     (611.7624 GFlop/s per process)    40%    2114.8 sec left
CG set 2252 / 5603    611.7612 GFlop/s     (611.7612 GFlop/s per process)    40%    2114.1 sec left
CG set 2253 / 5603    611.7604 GFlop/s     (611.7604 GFlop/s per process)    40%    2113.5 sec left
CG set 2254 / 5603    611.7596 GFlop/s     (611.7596 GFlop/s per process)    40%    2112.8 sec left
CG set 2255 / 5603    611.7589 GFlop/s     (611.7589 GFlop/s per process)    40%    2112.2 sec left
CG set 2256 / 5603    611.7584 GFlop/s     (611.7584 GFlop/s per process)    40%    2111.5 sec left
CG set 2257 / 5603    611.7578 GFlop/s     (611.7578 GFlop/s per process)    40%    2110.8 sec left
CG set 2258 / 5603    611.7565 GFlop/s     (611.7565 GFlop/s per process)    40%    2110.2 sec left
CG set 2259 / 5603    611.7561 GFlop/s     (611.7561 GFlop/s per process)    40%    2109.5 sec left
CG set 2260 / 5603    611.7558 GFlop/s     (611.7558 GFlop/s per process)    40%    2108.9 sec left
CG set 2261 / 5603    611.7552 GFlop/s     (611.7552 GFlop/s per process)    40%    2108.2 sec left
CG set 2262 / 5603    611.7552 GFlop/s     (611.7552 GFlop/s per process)    40%    2107.5 sec left
CG set 2263 / 5603    611.7542 GFlop/s     (611.7542 GFlop/s per process)    40%    2106.9 sec left
CG set 2264 / 5603    611.7535 GFlop/s     (611.7535 GFlop/s per process)    40%    2106.2 sec left
CG set 2265 / 5603    611.7527 GFlop/s     (611.7527 GFlop/s per process)    40%    2105.6 sec left
CG set 2266 / 5603    611.7517 GFlop/s     (611.7517 GFlop/s per process)    40%    2104.9 sec left
CG set 2267 / 5603    611.7510 GFlop/s     (611.7510 GFlop/s per process)    40%    2104.2 sec left
CG set 2268 / 5603    611.7508 GFlop/s     (611.7508 GFlop/s per process)    40%    2103.6 sec left
CG set 2269 / 5603    611.7500 GFlop/s     (611.7500 GFlop/s per process)    40%    2102.9 sec left
CG set 2270 / 5603    611.7485 GFlop/s     (611.7485 GFlop/s per process)    40%    2102.2 sec left
CG set 2271 / 5603    611.7483 GFlop/s     (611.7483 GFlop/s per process)    40%    2101.6 sec left
CG set 2272 / 5603    611.7467 GFlop/s     (611.7467 GFlop/s per process)    40%    2100.9 sec left
CG set 2273 / 5603    611.7450 GFlop/s     (611.7450 GFlop/s per process)    40%    2100.3 sec left
CG set 2274 / 5603    611.7434 GFlop/s     (611.7434 GFlop/s per process)    40%    2099.6 sec left
CG set 2275 / 5603    611.7415 GFlop/s     (611.7415 GFlop/s per process)    40%    2098.9 sec left
CG set 2276 / 5603    611.7388 GFlop/s     (611.7388 GFlop/s per process)    40%    2098.3 sec left
CG set 2277 / 5603    611.7372 GFlop/s     (611.7372 GFlop/s per process)    40%    2097.6 sec left
CG set 2278 / 5603    611.7355 GFlop/s     (611.7355 GFlop/s per process)    40%    2096.9 sec left
CG set 2279 / 5603    611.7334 GFlop/s     (611.7334 GFlop/s per process)    40%    2096.3 sec left
CG set 2280 / 5603    611.7319 GFlop/s     (611.7319 GFlop/s per process)    40%    2095.6 sec left
CG set 2281 / 5603    611.7298 GFlop/s     (611.7298 GFlop/s per process)    40%    2094.9 sec left
CG set 2282 / 5603    611.7274 GFlop/s     (611.7274 GFlop/s per process)    40%    2094.3 sec left
CG set 2283 / 5603    611.7259 GFlop/s     (611.7259 GFlop/s per process)    40%    2093.6 sec left
CG set 2284 / 5603    611.7245 GFlop/s     (611.7245 GFlop/s per process)    40%    2092.9 sec left
CG set 2285 / 5603    611.7237 GFlop/s     (611.7237 GFlop/s per process)    40%    2092.3 sec left
CG set 2286 / 5603    611.7230 GFlop/s     (611.7230 GFlop/s per process)    40%    2091.6 sec left
CG set 2287 / 5603    611.7223 GFlop/s     (611.7223 GFlop/s per process)    40%    2091.0 sec left
CG set 2288 / 5603    611.7213 GFlop/s     (611.7213 GFlop/s per process)    40%    2090.3 sec left
CG set 2289 / 5603    611.7204 GFlop/s     (611.7204 GFlop/s per process)    40%    2089.6 sec left
CG set 2290 / 5603    611.7194 GFlop/s     (611.7194 GFlop/s per process)    40%    2089.0 sec left
CG set 2291 / 5603    611.7191 GFlop/s     (611.7191 GFlop/s per process)    40%    2088.3 sec left
CG set 2292 / 5603    611.7182 GFlop/s     (611.7182 GFlop/s per process)    40%    2087.7 sec left
CG set 2293 / 5603    611.7171 GFlop/s     (611.7171 GFlop/s per process)    40%    2087.0 sec left
CG set 2294 / 5603    611.7177 GFlop/s     (611.7177 GFlop/s per process)    40%    2086.3 sec left
CG set 2295 / 5603    611.7177 GFlop/s     (611.7177 GFlop/s per process)    40%    2085.7 sec left
CG set 2296 / 5603    611.7169 GFlop/s     (611.7169 GFlop/s per process)    40%    2085.0 sec left
CG set 2297 / 5603    611.7169 GFlop/s     (611.7169 GFlop/s per process)    40%    2084.3 sec left
CG set 2298 / 5603    611.7165 GFlop/s     (611.7165 GFlop/s per process)    41%    2083.7 sec left
CG set 2299 / 5603    611.7162 GFlop/s     (611.7162 GFlop/s per process)    41%    2083.0 sec left
CG set 2300 / 5603    611.7158 GFlop/s     (611.7158 GFlop/s per process)    41%    2082.4 sec left
CG set 2301 / 5603    611.7149 GFlop/s     (611.7149 GFlop/s per process)    41%    2081.7 sec left
CG set 2302 / 5603    611.7146 GFlop/s     (611.7146 GFlop/s per process)    41%    2081.0 sec left
CG set 2303 / 5603    611.7144 GFlop/s     (611.7144 GFlop/s per process)    41%    2080.4 sec left
CG set 2304 / 5603    611.7138 GFlop/s     (611.7138 GFlop/s per process)    41%    2079.7 sec left
CG set 2305 / 5603    611.7137 GFlop/s     (611.7137 GFlop/s per process)    41%    2079.1 sec left
CG set 2306 / 5603    611.7119 GFlop/s     (611.7119 GFlop/s per process)    41%    2078.4 sec left
CG set 2307 / 5603    611.7106 GFlop/s     (611.7106 GFlop/s per process)    41%    2077.7 sec left
CG set 2308 / 5603    611.7088 GFlop/s     (611.7088 GFlop/s per process)    41%    2077.1 sec left
CG set 2309 / 5603    611.7076 GFlop/s     (611.7076 GFlop/s per process)    41%    2076.4 sec left
CG set 2310 / 5603    611.7062 GFlop/s     (611.7062 GFlop/s per process)    41%    2075.7 sec left
CG set 2311 / 5603    611.7031 GFlop/s     (611.7031 GFlop/s per process)    41%    2075.1 sec left
CG set 2312 / 5603    611.7009 GFlop/s     (611.7009 GFlop/s per process)    41%    2074.4 sec left
CG set 2313 / 5603    611.6991 GFlop/s     (611.6991 GFlop/s per process)    41%    2073.7 sec left
CG set 2314 / 5603    611.6973 GFlop/s     (611.6973 GFlop/s per process)    41%    2073.1 sec left
CG set 2315 / 5603    611.6961 GFlop/s     (611.6961 GFlop/s per process)    41%    2072.4 sec left
CG set 2316 / 5603    611.6947 GFlop/s     (611.6947 GFlop/s per process)    41%    2071.8 sec left
CG set 2317 / 5603    611.6932 GFlop/s     (611.6932 GFlop/s per process)    41%    2071.1 sec left
CG set 2318 / 5603    611.6920 GFlop/s     (611.6920 GFlop/s per process)    41%    2070.4 sec left
CG set 2319 / 5603    611.6905 GFlop/s     (611.6905 GFlop/s per process)    41%    2069.8 sec left
CG set 2320 / 5603    611.6897 GFlop/s     (611.6897 GFlop/s per process)    41%    2069.1 sec left
CG set 2321 / 5603    611.6884 GFlop/s     (611.6884 GFlop/s per process)    41%    2068.4 sec left
CG set 2322 / 5603    611.6879 GFlop/s     (611.6879 GFlop/s per process)    41%    2067.8 sec left
CG set 2323 / 5603    611.6865 GFlop/s     (611.6865 GFlop/s per process)    41%    2067.1 sec left
CG set 2324 / 5603    611.6858 GFlop/s     (611.6858 GFlop/s per process)    41%    2066.5 sec left
CG set 2325 / 5603    611.6845 GFlop/s     (611.6845 GFlop/s per process)    41%    2065.8 sec left
CG set 2326 / 5603    611.6843 GFlop/s     (611.6843 GFlop/s per process)    41%    2065.1 sec left
CG set 2327 / 5603    611.6836 GFlop/s     (611.6836 GFlop/s per process)    41%    2064.5 sec left
CG set 2328 / 5603    611.6827 GFlop/s     (611.6827 GFlop/s per process)    41%    2063.8 sec left
CG set 2329 / 5603    611.6818 GFlop/s     (611.6818 GFlop/s per process)    41%    2063.1 sec left
CG set 2330 / 5603    611.6811 GFlop/s     (611.6811 GFlop/s per process)    41%    2062.5 sec left
CG set 2331 / 5603    611.6804 GFlop/s     (611.6804 GFlop/s per process)    41%    2061.8 sec left
CG set 2332 / 5603    611.6807 GFlop/s     (611.6807 GFlop/s per process)    41%    2061.2 sec left
CG set 2333 / 5603    611.6807 GFlop/s     (611.6807 GFlop/s per process)    41%    2060.5 sec left
CG set 2334 / 5603    611.6803 GFlop/s     (611.6803 GFlop/s per process)    41%    2059.8 sec left
CG set 2335 / 5603    611.6803 GFlop/s     (611.6803 GFlop/s per process)    41%    2059.2 sec left
CG set 2336 / 5603    611.6799 GFlop/s     (611.6799 GFlop/s per process)    41%    2058.5 sec left
CG set 2337 / 5603    611.6800 GFlop/s     (611.6800 GFlop/s per process)    41%    2057.9 sec left
CG set 2338 / 5603    611.6802 GFlop/s     (611.6802 GFlop/s per process)    41%    2057.2 sec left
CG set 2339 / 5603    611.6793 GFlop/s     (611.6793 GFlop/s per process)    41%    2056.5 sec left
CG set 2340 / 5603    611.6785 GFlop/s     (611.6785 GFlop/s per process)    41%    2055.9 sec left
CG set 2341 / 5603    611.6781 GFlop/s     (611.6781 GFlop/s per process)    41%    2055.2 sec left
CG set 2342 / 5603    611.6773 GFlop/s     (611.6773 GFlop/s per process)    41%    2054.6 sec left
CG set 2343 / 5603    611.6764 GFlop/s     (611.6764 GFlop/s per process)    41%    2053.9 sec left
CG set 2344 / 5603    611.6752 GFlop/s     (611.6752 GFlop/s per process)    41%    2053.2 sec left
CG set 2345 / 5603    611.6746 GFlop/s     (611.6746 GFlop/s per process)    41%    2052.6 sec left
CG set 2346 / 5603    611.6725 GFlop/s     (611.6725 GFlop/s per process)    41%    2051.9 sec left
CG set 2347 / 5603    611.6707 GFlop/s     (611.6707 GFlop/s per process)    41%    2051.2 sec left
CG set 2348 / 5603    611.6686 GFlop/s     (611.6686 GFlop/s per process)    41%    2050.6 sec left
CG set 2349 / 5603    611.6670 GFlop/s     (611.6670 GFlop/s per process)    41%    2049.9 sec left
CG set 2350 / 5603    611.6651 GFlop/s     (611.6651 GFlop/s per process)    41%    2049.2 sec left
CG set 2351 / 5603    611.6636 GFlop/s     (611.6636 GFlop/s per process)    41%    2048.6 sec left
CG set 2352 / 5603    611.6621 GFlop/s     (611.6621 GFlop/s per process)    41%    2047.9 sec left
CG set 2353 / 5603    611.6605 GFlop/s     (611.6605 GFlop/s per process)    41%    2047.3 sec left
CG set 2354 / 5603    611.6588 GFlop/s     (611.6588 GFlop/s per process)    42%    2046.6 sec left
CG set 2355 / 5603    611.6567 GFlop/s     (611.6567 GFlop/s per process)    42%    2045.9 sec left
CG set 2356 / 5603    611.6553 GFlop/s     (611.6553 GFlop/s per process)    42%    2045.3 sec left
CG set 2357 / 5603    611.6539 GFlop/s     (611.6539 GFlop/s per process)    42%    2044.6 sec left
CG set 2358 / 5603    611.6528 GFlop/s     (611.6528 GFlop/s per process)    42%    2043.9 sec left
CG set 2359 / 5603    611.6521 GFlop/s     (611.6521 GFlop/s per process)    42%    2043.3 sec left
CG set 2360 / 5603    611.6510 GFlop/s     (611.6510 GFlop/s per process)    42%    2042.6 sec left
CG set 2361 / 5603    611.6507 GFlop/s     (611.6507 GFlop/s per process)    42%    2041.9 sec left
CG set 2362 / 5603    611.6499 GFlop/s     (611.6499 GFlop/s per process)    42%    2041.3 sec left
CG set 2363 / 5603    611.6496 GFlop/s     (611.6496 GFlop/s per process)    42%    2040.6 sec left
CG set 2364 / 5603    611.6491 GFlop/s     (611.6491 GFlop/s per process)    42%    2040.0 sec left
CG set 2365 / 5603    611.6483 GFlop/s     (611.6483 GFlop/s per process)    42%    2039.3 sec left
CG set 2366 / 5603    611.6477 GFlop/s     (611.6477 GFlop/s per process)    42%    2038.6 sec left
CG set 2367 / 5603    611.6470 GFlop/s     (611.6470 GFlop/s per process)    42%    2038.0 sec left
CG set 2368 / 5603    611.6462 GFlop/s     (611.6462 GFlop/s per process)    42%    2037.3 sec left
CG set 2369 / 5603    611.6453 GFlop/s     (611.6453 GFlop/s per process)    42%    2036.7 sec left
CG set 2370 / 5603    611.6439 GFlop/s     (611.6439 GFlop/s per process)    42%    2036.0 sec left
CG set 2371 / 5603    611.6434 GFlop/s     (611.6434 GFlop/s per process)    42%    2035.3 sec left
CG set 2372 / 5603    611.6426 GFlop/s     (611.6426 GFlop/s per process)    42%    2034.7 sec left
CG set 2373 / 5603    611.6422 GFlop/s     (611.6422 GFlop/s per process)    42%    2034.0 sec left
CG set 2374 / 5603    611.6416 GFlop/s     (611.6416 GFlop/s per process)    42%    2033.3 sec left
CG set 2375 / 5603    611.6410 GFlop/s     (611.6410 GFlop/s per process)    42%    2032.7 sec left
CG set 2376 / 5603    611.6412 GFlop/s     (611.6412 GFlop/s per process)    42%    2032.0 sec left
CG set 2377 / 5603    611.6410 GFlop/s     (611.6410 GFlop/s per process)    42%    2031.4 sec left
CG set 2378 / 5603    611.6407 GFlop/s     (611.6407 GFlop/s per process)    42%    2030.7 sec left
CG set 2379 / 5603    611.6408 GFlop/s     (611.6408 GFlop/s per process)    42%    2030.0 sec left
CG set 2380 / 5603    611.6401 GFlop/s     (611.6401 GFlop/s per process)    42%    2029.4 sec left
CG set 2381 / 5603    611.6399 GFlop/s     (611.6399 GFlop/s per process)    42%    2028.7 sec left
CG set 2382 / 5603    611.6382 GFlop/s     (611.6382 GFlop/s per process)    42%    2028.1 sec left
CG set 2383 / 5603    611.6373 GFlop/s     (611.6373 GFlop/s per process)    42%    2027.4 sec left
CG set 2384 / 5603    611.6358 GFlop/s     (611.6358 GFlop/s per process)    42%    2026.7 sec left
CG set 2385 / 5603    611.6353 GFlop/s     (611.6353 GFlop/s per process)    42%    2026.1 sec left
CG set 2386 / 5603    611.6339 GFlop/s     (611.6339 GFlop/s per process)    42%    2025.4 sec left
CG set 2387 / 5603    611.6319 GFlop/s     (611.6319 GFlop/s per process)    42%    2024.7 sec left
CG set 2388 / 5603    611.6300 GFlop/s     (611.6300 GFlop/s per process)    42%    2024.1 sec left
CG set 2389 / 5603    611.6291 GFlop/s     (611.6291 GFlop/s per process)    42%    2023.4 sec left
CG set 2390 / 5603    611.6272 GFlop/s     (611.6272 GFlop/s per process)    42%    2022.7 sec left
CG set 2391 / 5603    611.6256 GFlop/s     (611.6256 GFlop/s per process)    42%    2022.1 sec left
CG set 2392 / 5603    611.6247 GFlop/s     (611.6247 GFlop/s per process)    42%    2021.4 sec left
CG set 2393 / 5603    611.6240 GFlop/s     (611.6240 GFlop/s per process)    42%    2020.8 sec left
CG set 2394 / 5603    611.6229 GFlop/s     (611.6229 GFlop/s per process)    42%    2020.1 sec left
CG set 2395 / 5603    611.6214 GFlop/s     (611.6214 GFlop/s per process)    42%    2019.4 sec left
CG set 2396 / 5603    611.6202 GFlop/s     (611.6202 GFlop/s per process)    42%    2018.8 sec left
CG set 2397 / 5603    611.6188 GFlop/s     (611.6188 GFlop/s per process)    42%    2018.1 sec left
CG set 2398 / 5603    611.6170 GFlop/s     (611.6170 GFlop/s per process)    42%    2017.4 sec left
CG set 2399 / 5603    611.6161 GFlop/s     (611.6161 GFlop/s per process)    42%    2016.8 sec left
CG set 2400 / 5603    611.6155 GFlop/s     (611.6155 GFlop/s per process)    42%    2016.1 sec left
CG set 2401 / 5603    611.6150 GFlop/s     (611.6150 GFlop/s per process)    42%    2015.5 sec left
CG set 2402 / 5603    611.6146 GFlop/s     (611.6146 GFlop/s per process)    42%    2014.8 sec left
CG set 2403 / 5603    611.6137 GFlop/s     (611.6137 GFlop/s per process)    42%    2014.1 sec left
CG set 2404 / 5603    611.6133 GFlop/s     (611.6133 GFlop/s per process)    42%    2013.5 sec left
CG set 2405 / 5603    611.6120 GFlop/s     (611.6120 GFlop/s per process)    42%    2012.8 sec left
CG set 2406 / 5603    611.6115 GFlop/s     (611.6115 GFlop/s per process)    42%    2012.1 sec left
CG set 2407 / 5603    611.6113 GFlop/s     (611.6113 GFlop/s per process)    42%    2011.5 sec left
CG set 2408 / 5603    611.6111 GFlop/s     (611.6111 GFlop/s per process)    42%    2010.8 sec left
CG set 2409 / 5603    611.6108 GFlop/s     (611.6108 GFlop/s per process)    42%    2010.2 sec left
CG set 2410 / 5603    611.6099 GFlop/s     (611.6099 GFlop/s per process)    43%    2009.5 sec left
CG set 2411 / 5603    611.6095 GFlop/s     (611.6095 GFlop/s per process)    43%    2008.8 sec left
CG set 2412 / 5603    611.6089 GFlop/s     (611.6089 GFlop/s per process)    43%    2008.2 sec left
CG set 2413 / 5603    611.6081 GFlop/s     (611.6081 GFlop/s per process)    43%    2007.5 sec left
CG set 2414 / 5603    611.6074 GFlop/s     (611.6074 GFlop/s per process)    43%    2006.9 sec left
CG set 2415 / 5603    611.6065 GFlop/s     (611.6065 GFlop/s per process)    43%    2006.2 sec left
CG set 2416 / 5603    611.6060 GFlop/s     (611.6060 GFlop/s per process)    43%    2005.5 sec left
CG set 2417 / 5603    611.6059 GFlop/s     (611.6059 GFlop/s per process)    43%    2004.9 sec left
CG set 2418 / 5603    611.6059 GFlop/s     (611.6059 GFlop/s per process)    43%    2004.2 sec left
CG set 2419 / 5603    611.6051 GFlop/s     (611.6051 GFlop/s per process)    43%    2003.6 sec left
CG set 2420 / 5603    611.6038 GFlop/s     (611.6038 GFlop/s per process)    43%    2002.9 sec left
CG set 2421 / 5603    611.6026 GFlop/s     (611.6026 GFlop/s per process)    43%    2002.2 sec left
CG set 2422 / 5603    611.6010 GFlop/s     (611.6010 GFlop/s per process)    43%    2001.6 sec left
CG set 2423 / 5603    611.5996 GFlop/s     (611.5996 GFlop/s per process)    43%    2000.9 sec left
CG set 2424 / 5603    611.5970 GFlop/s     (611.5970 GFlop/s per process)    43%    2000.2 sec left
CG set 2425 / 5603    611.5953 GFlop/s     (611.5953 GFlop/s per process)    43%    1999.6 sec left
CG set 2426 / 5603    611.5929 GFlop/s     (611.5929 GFlop/s per process)    43%    1998.9 sec left
CG set 2427 / 5603    611.5911 GFlop/s     (611.5911 GFlop/s per process)    43%    1998.2 sec left
CG set 2428 / 5603    611.5890 GFlop/s     (611.5890 GFlop/s per process)    43%    1997.6 sec left
CG set 2429 / 5603    611.5876 GFlop/s     (611.5876 GFlop/s per process)    43%    1996.9 sec left
CG set 2430 / 5603    611.5853 GFlop/s     (611.5853 GFlop/s per process)    43%    1996.2 sec left
CG set 2431 / 5603    611.5839 GFlop/s     (611.5839 GFlop/s per process)    43%    1995.6 sec left
CG set 2432 / 5603    611.5822 GFlop/s     (611.5822 GFlop/s per process)    43%    1994.9 sec left
CG set 2433 / 5603    611.5806 GFlop/s     (611.5806 GFlop/s per process)    43%    1994.2 sec left
CG set 2434 / 5603    611.5789 GFlop/s     (611.5789 GFlop/s per process)    43%    1993.6 sec left
CG set 2435 / 5603    611.5782 GFlop/s     (611.5782 GFlop/s per process)    43%    1992.9 sec left
CG set 2436 / 5603    611.5774 GFlop/s     (611.5774 GFlop/s per process)    43%    1992.3 sec left
CG set 2437 / 5603    611.5769 GFlop/s     (611.5769 GFlop/s per process)    43%    1991.6 sec left
CG set 2438 / 5603    611.5758 GFlop/s     (611.5758 GFlop/s per process)    43%    1990.9 sec left
CG set 2439 / 5603    611.5752 GFlop/s     (611.5752 GFlop/s per process)    43%    1990.3 sec left
CG set 2440 / 5603    611.5744 GFlop/s     (611.5744 GFlop/s per process)    43%    1989.6 sec left
CG set 2441 / 5603    611.5740 GFlop/s     (611.5740 GFlop/s per process)    43%    1989.0 sec left
CG set 2442 / 5603    611.5735 GFlop/s     (611.5735 GFlop/s per process)    43%    1988.3 sec left
CG set 2443 / 5603    611.5730 GFlop/s     (611.5730 GFlop/s per process)    43%    1987.6 sec left
CG set 2444 / 5603    611.5720 GFlop/s     (611.5720 GFlop/s per process)    43%    1987.0 sec left
CG set 2445 / 5603    611.5709 GFlop/s     (611.5709 GFlop/s per process)    43%    1986.3 sec left
CG set 2446 / 5603    611.5708 GFlop/s     (611.5708 GFlop/s per process)    43%    1985.6 sec left
CG set 2447 / 5603    611.5705 GFlop/s     (611.5705 GFlop/s per process)    43%    1985.0 sec left
CG set 2448 / 5603    611.5701 GFlop/s     (611.5701 GFlop/s per process)    43%    1984.3 sec left
CG set 2449 / 5603    611.5695 GFlop/s     (611.5695 GFlop/s per process)    43%    1983.7 sec left
CG set 2450 / 5603    611.5691 GFlop/s     (611.5691 GFlop/s per process)    43%    1983.0 sec left
CG set 2451 / 5603    611.5680 GFlop/s     (611.5680 GFlop/s per process)    43%    1982.3 sec left
CG set 2452 / 5603    611.5679 GFlop/s     (611.5679 GFlop/s per process)    43%    1981.7 sec left
CG set 2453 / 5603    611.5668 GFlop/s     (611.5668 GFlop/s per process)    43%    1981.0 sec left
CG set 2454 / 5603    611.5666 GFlop/s     (611.5666 GFlop/s per process)    43%    1980.4 sec left
CG set 2455 / 5603    611.5662 GFlop/s     (611.5662 GFlop/s per process)    43%    1979.7 sec left
CG set 2456 / 5603    611.5660 GFlop/s     (611.5660 GFlop/s per process)    43%    1979.0 sec left
CG set 2457 / 5603    611.5647 GFlop/s     (611.5647 GFlop/s per process)    43%    1978.4 sec left
CG set 2458 / 5603    611.5636 GFlop/s     (611.5636 GFlop/s per process)    43%    1977.7 sec left
CG set 2459 / 5603    611.5629 GFlop/s     (611.5629 GFlop/s per process)    43%    1977.0 sec left
CG set 2460 / 5603    611.5615 GFlop/s     (611.5615 GFlop/s per process)    43%    1976.4 sec left
CG set 2461 / 5603    611.5603 GFlop/s     (611.5603 GFlop/s per process)    43%    1975.7 sec left
CG set 2462 / 5603    611.5582 GFlop/s     (611.5582 GFlop/s per process)    43%    1975.0 sec left
CG set 2463 / 5603    611.5570 GFlop/s     (611.5570 GFlop/s per process)    43%    1974.4 sec left
CG set 2464 / 5603    611.5550 GFlop/s     (611.5550 GFlop/s per process)    43%    1973.7 sec left
CG set 2465 / 5603    611.5533 GFlop/s     (611.5533 GFlop/s per process)    43%    1973.1 sec left
CG set 2466 / 5603    611.5524 GFlop/s     (611.5524 GFlop/s per process)    44%    1972.4 sec left
CG set 2467 / 5603    611.5514 GFlop/s     (611.5514 GFlop/s per process)    44%    1971.7 sec left
CG set 2468 / 5603    611.5502 GFlop/s     (611.5502 GFlop/s per process)    44%    1971.1 sec left
CG set 2469 / 5603    611.5492 GFlop/s     (611.5492 GFlop/s per process)    44%    1970.4 sec left
CG set 2470 / 5603    611.5480 GFlop/s     (611.5480 GFlop/s per process)    44%    1969.7 sec left
CG set 2471 / 5603    611.5470 GFlop/s     (611.5470 GFlop/s per process)    44%    1969.1 sec left
CG set 2472 / 5603    611.5454 GFlop/s     (611.5454 GFlop/s per process)    44%    1968.4 sec left
CG set 2473 / 5603    611.5441 GFlop/s     (611.5441 GFlop/s per process)    44%    1967.7 sec left
CG set 2474 / 5603    611.5432 GFlop/s     (611.5432 GFlop/s per process)    44%    1967.1 sec left
CG set 2475 / 5603    611.5418 GFlop/s     (611.5418 GFlop/s per process)    44%    1966.4 sec left
CG set 2476 / 5603    611.5410 GFlop/s     (611.5410 GFlop/s per process)    44%    1965.8 sec left
CG set 2477 / 5603    611.5403 GFlop/s     (611.5403 GFlop/s per process)    44%    1965.1 sec left
CG set 2478 / 5603    611.5392 GFlop/s     (611.5392 GFlop/s per process)    44%    1964.4 sec left
CG set 2479 / 5603    611.5387 GFlop/s     (611.5387 GFlop/s per process)    44%    1963.8 sec left
CG set 2480 / 5603    611.5381 GFlop/s     (611.5381 GFlop/s per process)    44%    1963.1 sec left
CG set 2481 / 5603    611.5374 GFlop/s     (611.5374 GFlop/s per process)    44%    1962.5 sec left
CG set 2482 / 5603    611.5368 GFlop/s     (611.5368 GFlop/s per process)    44%    1961.8 sec left
CG set 2483 / 5603    611.5360 GFlop/s     (611.5360 GFlop/s per process)    44%    1961.1 sec left
CG set 2484 / 5603    611.5358 GFlop/s     (611.5358 GFlop/s per process)    44%    1960.5 sec left
CG set 2485 / 5603    611.5354 GFlop/s     (611.5354 GFlop/s per process)    44%    1959.8 sec left
CG set 2486 / 5603    611.5350 GFlop/s     (611.5350 GFlop/s per process)    44%    1959.1 sec left
CG set 2487 / 5603    611.5345 GFlop/s     (611.5345 GFlop/s per process)    44%    1958.5 sec left
CG set 2488 / 5603    611.5342 GFlop/s     (611.5342 GFlop/s per process)    44%    1957.8 sec left
CG set 2489 / 5603    611.5337 GFlop/s     (611.5337 GFlop/s per process)    44%    1957.2 sec left
CG set 2490 / 5603    611.5340 GFlop/s     (611.5340 GFlop/s per process)    44%    1956.5 sec left
CG set 2491 / 5603    611.5333 GFlop/s     (611.5333 GFlop/s per process)    44%    1955.8 sec left
CG set 2492 / 5603    611.5328 GFlop/s     (611.5328 GFlop/s per process)    44%    1955.2 sec left
CG set 2493 / 5603    611.5326 GFlop/s     (611.5326 GFlop/s per process)    44%    1954.5 sec left
CG set 2494 / 5603    611.5317 GFlop/s     (611.5317 GFlop/s per process)    44%    1953.9 sec left
CG set 2495 / 5603    611.5312 GFlop/s     (611.5312 GFlop/s per process)    44%    1953.2 sec left
CG set 2496 / 5603    611.5307 GFlop/s     (611.5307 GFlop/s per process)    44%    1952.5 sec left
CG set 2497 / 5603    611.5301 GFlop/s     (611.5301 GFlop/s per process)    44%    1951.9 sec left
CG set 2498 / 5603    611.5293 GFlop/s     (611.5293 GFlop/s per process)    44%    1951.2 sec left
CG set 2499 / 5603    611.5280 GFlop/s     (611.5280 GFlop/s per process)    44%    1950.5 sec left
CG set 2500 / 5603    611.5266 GFlop/s     (611.5266 GFlop/s per process)    44%    1949.9 sec left
CG set 2501 / 5603    611.5250 GFlop/s     (611.5250 GFlop/s per process)    44%    1949.2 sec left
CG set 2502 / 5603    611.5234 GFlop/s     (611.5234 GFlop/s per process)    44%    1948.6 sec left
CG set 2503 / 5603    611.5219 GFlop/s     (611.5219 GFlop/s per process)    44%    1947.9 sec left
CG set 2504 / 5603    611.5210 GFlop/s     (611.5210 GFlop/s per process)    44%    1947.2 sec left
CG set 2505 / 5603    611.5192 GFlop/s     (611.5192 GFlop/s per process)    44%    1946.6 sec left
CG set 2506 / 5603    611.5175 GFlop/s     (611.5175 GFlop/s per process)    44%    1945.9 sec left
CG set 2507 / 5603    611.5162 GFlop/s     (611.5162 GFlop/s per process)    44%    1945.2 sec left
CG set 2508 / 5603    611.5143 GFlop/s     (611.5143 GFlop/s per process)    44%    1944.6 sec left
CG set 2509 / 5603    611.5137 GFlop/s     (611.5137 GFlop/s per process)    44%    1943.9 sec left
CG set 2510 / 5603    611.5127 GFlop/s     (611.5127 GFlop/s per process)    44%    1943.2 sec left
CG set 2511 / 5603    611.5110 GFlop/s     (611.5110 GFlop/s per process)    44%    1942.6 sec left
CG set 2512 / 5603    611.5102 GFlop/s     (611.5102 GFlop/s per process)    44%    1941.9 sec left
CG set 2513 / 5603    611.5099 GFlop/s     (611.5099 GFlop/s per process)    44%    1941.3 sec left
CG set 2514 / 5603    611.5093 GFlop/s     (611.5093 GFlop/s per process)    44%    1940.6 sec left
CG set 2515 / 5603    611.5087 GFlop/s     (611.5087 GFlop/s per process)    44%    1939.9 sec left
CG set 2516 / 5603    611.5075 GFlop/s     (611.5075 GFlop/s per process)    44%    1939.3 sec left
CG set 2517 / 5603    611.5065 GFlop/s     (611.5065 GFlop/s per process)    44%    1938.6 sec left
CG set 2518 / 5603    611.5058 GFlop/s     (611.5058 GFlop/s per process)    44%    1937.9 sec left
CG set 2519 / 5603    611.5059 GFlop/s     (611.5059 GFlop/s per process)    44%    1937.3 sec left
CG set 2520 / 5603    611.5056 GFlop/s     (611.5056 GFlop/s per process)    44%    1936.6 sec left
CG set 2521 / 5603    611.5041 GFlop/s     (611.5041 GFlop/s per process)    44%    1936.0 sec left
CG set 2522 / 5603    611.5038 GFlop/s     (611.5038 GFlop/s per process)    45%    1935.3 sec left
CG set 2523 / 5603    611.5033 GFlop/s     (611.5033 GFlop/s per process)    45%    1934.6 sec left
CG set 2524 / 5603    611.5029 GFlop/s     (611.5029 GFlop/s per process)    45%    1934.0 sec left
CG set 2525 / 5603    611.5027 GFlop/s     (611.5027 GFlop/s per process)    45%    1933.3 sec left
CG set 2526 / 5603    611.5023 GFlop/s     (611.5023 GFlop/s per process)    45%    1932.7 sec left
CG set 2527 / 5603    611.5023 GFlop/s     (611.5023 GFlop/s per process)    45%    1932.0 sec left
CG set 2528 / 5603    611.5021 GFlop/s     (611.5021 GFlop/s per process)    45%    1931.3 sec left
CG set 2529 / 5603    611.5012 GFlop/s     (611.5012 GFlop/s per process)    45%    1930.7 sec left
CG set 2530 / 5603    611.5011 GFlop/s     (611.5011 GFlop/s per process)    45%    1930.0 sec left
CG set 2531 / 5603    611.5005 GFlop/s     (611.5005 GFlop/s per process)    45%    1929.3 sec left
CG set 2532 / 5603    611.5002 GFlop/s     (611.5002 GFlop/s per process)    45%    1928.7 sec left
CG set 2533 / 5603    611.4988 GFlop/s     (611.4988 GFlop/s per process)    45%    1928.0 sec left
CG set 2534 / 5603    611.4975 GFlop/s     (611.4975 GFlop/s per process)    45%    1927.4 sec left
CG set 2535 / 5603    611.4961 GFlop/s     (611.4961 GFlop/s per process)    45%    1926.7 sec left
CG set 2536 / 5603    611.4949 GFlop/s     (611.4949 GFlop/s per process)    45%    1926.0 sec left
CG set 2537 / 5603    611.4934 GFlop/s     (611.4934 GFlop/s per process)    45%    1925.4 sec left
CG set 2538 / 5603    611.4912 GFlop/s     (611.4912 GFlop/s per process)    45%    1924.7 sec left
CG set 2539 / 5603    611.4886 GFlop/s     (611.4886 GFlop/s per process)    45%    1924.0 sec left
CG set 2540 / 5603    611.4872 GFlop/s     (611.4872 GFlop/s per process)    45%    1923.4 sec left
CG set 2541 / 5603    611.4846 GFlop/s     (611.4846 GFlop/s per process)    45%    1922.7 sec left
CG set 2542 / 5603    611.4826 GFlop/s     (611.4826 GFlop/s per process)    45%    1922.0 sec left
CG set 2543 / 5603    611.4810 GFlop/s     (611.4810 GFlop/s per process)    45%    1921.4 sec left
CG set 2544 / 5603    611.4798 GFlop/s     (611.4798 GFlop/s per process)    45%    1920.7 sec left
CG set 2545 / 5603    611.4782 GFlop/s     (611.4782 GFlop/s per process)    45%    1920.0 sec left
CG set 2546 / 5603    611.4773 GFlop/s     (611.4773 GFlop/s per process)    45%    1919.4 sec left
CG set 2547 / 5603    611.4761 GFlop/s     (611.4761 GFlop/s per process)    45%    1918.7 sec left
CG set 2548 / 5603    611.4747 GFlop/s     (611.4747 GFlop/s per process)    45%    1918.1 sec left
CG set 2549 / 5603    611.4743 GFlop/s     (611.4743 GFlop/s per process)    45%    1917.4 sec left
CG set 2550 / 5603    611.4736 GFlop/s     (611.4736 GFlop/s per process)    45%    1916.7 sec left
CG set 2551 / 5603    611.4732 GFlop/s     (611.4732 GFlop/s per process)    45%    1916.1 sec left
CG set 2552 / 5603    611.4730 GFlop/s     (611.4730 GFlop/s per process)    45%    1915.4 sec left
CG set 2553 / 5603    611.4723 GFlop/s     (611.4723 GFlop/s per process)    45%    1914.7 sec left
CG set 2554 / 5603    611.4712 GFlop/s     (611.4712 GFlop/s per process)    45%    1914.1 sec left
CG set 2555 / 5603    611.4706 GFlop/s     (611.4706 GFlop/s per process)    45%    1913.4 sec left
CG set 2556 / 5603    611.4703 GFlop/s     (611.4703 GFlop/s per process)    45%    1912.8 sec left
CG set 2557 / 5603    611.4705 GFlop/s     (611.4705 GFlop/s per process)    45%    1912.1 sec left
CG set 2558 / 5603    611.4702 GFlop/s     (611.4702 GFlop/s per process)    45%    1911.4 sec left
CG set 2559 / 5603    611.4695 GFlop/s     (611.4695 GFlop/s per process)    45%    1910.8 sec left
CG set 2560 / 5603    611.4694 GFlop/s     (611.4694 GFlop/s per process)    45%    1910.1 sec left
CG set 2561 / 5603    611.4692 GFlop/s     (611.4692 GFlop/s per process)    45%    1909.5 sec left
CG set 2562 / 5603    611.4690 GFlop/s     (611.4690 GFlop/s per process)    45%    1908.8 sec left
CG set 2563 / 5603    611.4688 GFlop/s     (611.4688 GFlop/s per process)    45%    1908.1 sec left
CG set 2564 / 5603    611.4690 GFlop/s     (611.4690 GFlop/s per process)    45%    1907.5 sec left
CG set 2565 / 5603    611.4689 GFlop/s     (611.4689 GFlop/s per process)    45%    1906.8 sec left
CG set 2566 / 5603    611.4685 GFlop/s     (611.4685 GFlop/s per process)    45%    1906.2 sec left
CG set 2567 / 5603    611.4678 GFlop/s     (611.4678 GFlop/s per process)    45%    1905.5 sec left
CG set 2568 / 5603    611.4675 GFlop/s     (611.4675 GFlop/s per process)    45%    1904.8 sec left
CG set 2569 / 5603    611.4669 GFlop/s     (611.4669 GFlop/s per process)    45%    1904.2 sec left
CG set 2570 / 5603    611.4668 GFlop/s     (611.4668 GFlop/s per process)    45%    1903.5 sec left
CG set 2571 / 5603    611.4662 GFlop/s     (611.4662 GFlop/s per process)    45%    1902.8 sec left
CG set 2572 / 5603    611.4646 GFlop/s     (611.4646 GFlop/s per process)    45%    1902.2 sec left
CG set 2573 / 5603    611.4636 GFlop/s     (611.4636 GFlop/s per process)    45%    1901.5 sec left
CG set 2574 / 5603    611.4625 GFlop/s     (611.4625 GFlop/s per process)    45%    1900.9 sec left
CG set 2575 / 5603    611.4602 GFlop/s     (611.4602 GFlop/s per process)    45%    1900.2 sec left
CG set 2576 / 5603    611.4583 GFlop/s     (611.4583 GFlop/s per process)    45%    1899.5 sec left
CG set 2577 / 5603    611.4568 GFlop/s     (611.4568 GFlop/s per process)    45%    1898.9 sec left
CG set 2578 / 5603    611.4542 GFlop/s     (611.4542 GFlop/s per process)    46%    1898.2 sec left
CG set 2579 / 5603    611.4532 GFlop/s     (611.4532 GFlop/s per process)    46%    1897.5 sec left
CG set 2580 / 5603    611.4513 GFlop/s     (611.4513 GFlop/s per process)    46%    1896.9 sec left
CG set 2581 / 5603    611.4505 GFlop/s     (611.4505 GFlop/s per process)    46%    1896.2 sec left
CG set 2582 / 5603    611.4493 GFlop/s     (611.4493 GFlop/s per process)    46%    1895.5 sec left
CG set 2583 / 5603    611.4481 GFlop/s     (611.4481 GFlop/s per process)    46%    1894.9 sec left
CG set 2584 / 5603    611.4471 GFlop/s     (611.4471 GFlop/s per process)    46%    1894.2 sec left
CG set 2585 / 5603    611.4463 GFlop/s     (611.4463 GFlop/s per process)    46%    1893.5 sec left
CG set 2586 / 5603    611.4457 GFlop/s     (611.4457 GFlop/s per process)    46%    1892.9 sec left
CG set 2587 / 5603    611.4450 GFlop/s     (611.4450 GFlop/s per process)    46%    1892.2 sec left
CG set 2588 / 5603    611.4443 GFlop/s     (611.4443 GFlop/s per process)    46%    1891.6 sec left
CG set 2589 / 5603    611.4431 GFlop/s     (611.4431 GFlop/s per process)    46%    1890.9 sec left
CG set 2590 / 5603    611.4424 GFlop/s     (611.4424 GFlop/s per process)    46%    1890.2 sec left
CG set 2591 / 5603    611.4418 GFlop/s     (611.4418 GFlop/s per process)    46%    1889.6 sec left
CG set 2592 / 5603    611.4415 GFlop/s     (611.4415 GFlop/s per process)    46%    1888.9 sec left
CG set 2593 / 5603    611.4414 GFlop/s     (611.4414 GFlop/s per process)    46%    1888.3 sec left
CG set 2594 / 5603    611.4407 GFlop/s     (611.4407 GFlop/s per process)    46%    1887.6 sec left
CG set 2595 / 5603    611.4406 GFlop/s     (611.4406 GFlop/s per process)    46%    1886.9 sec left
CG set 2596 / 5603    611.4402 GFlop/s     (611.4402 GFlop/s per process)    46%    1886.3 sec left
CG set 2597 / 5603    611.4400 GFlop/s     (611.4400 GFlop/s per process)    46%    1885.6 sec left
CG set 2598 / 5603    611.4396 GFlop/s     (611.4396 GFlop/s per process)    46%    1884.9 sec left
CG set 2599 / 5603    611.4395 GFlop/s     (611.4395 GFlop/s per process)    46%    1884.3 sec left
CG set 2600 / 5603    611.4394 GFlop/s     (611.4394 GFlop/s per process)    46%    1883.6 sec left
CG set 2601 / 5603    611.4395 GFlop/s     (611.4395 GFlop/s per process)    46%    1883.0 sec left
CG set 2602 / 5603    611.4391 GFlop/s     (611.4391 GFlop/s per process)    46%    1882.3 sec left
CG set 2603 / 5603    611.4388 GFlop/s     (611.4388 GFlop/s per process)    46%    1881.6 sec left
CG set 2604 / 5603    611.4390 GFlop/s     (611.4390 GFlop/s per process)    46%    1881.0 sec left
CG set 2605 / 5603    611.4390 GFlop/s     (611.4390 GFlop/s per process)    46%    1880.3 sec left
CG set 2606 / 5603    611.4388 GFlop/s     (611.4388 GFlop/s per process)    46%    1879.7 sec left
CG set 2607 / 5603    611.4389 GFlop/s     (611.4389 GFlop/s per process)    46%    1879.0 sec left
CG set 2608 / 5603    611.4382 GFlop/s     (611.4382 GFlop/s per process)    46%    1878.3 sec left
CG set 2609 / 5603    611.4377 GFlop/s     (611.4377 GFlop/s per process)    46%    1877.7 sec left
CG set 2610 / 5603    611.4359 GFlop/s     (611.4359 GFlop/s per process)    46%    1877.0 sec left
CG set 2611 / 5603    611.4344 GFlop/s     (611.4344 GFlop/s per process)    46%    1876.4 sec left
CG set 2612 / 5603    611.4331 GFlop/s     (611.4331 GFlop/s per process)    46%    1875.7 sec left
CG set 2613 / 5603    611.4312 GFlop/s     (611.4312 GFlop/s per process)    46%    1875.0 sec left
CG set 2614 / 5603    611.4295 GFlop/s     (611.4295 GFlop/s per process)    46%    1874.4 sec left
CG set 2615 / 5603    611.4283 GFlop/s     (611.4283 GFlop/s per process)    46%    1873.7 sec left
CG set 2616 / 5603    611.4266 GFlop/s     (611.4266 GFlop/s per process)    46%    1873.0 sec left
CG set 2617 / 5603    611.4256 GFlop/s     (611.4256 GFlop/s per process)    46%    1872.4 sec left
CG set 2618 / 5603    611.4236 GFlop/s     (611.4236 GFlop/s per process)    46%    1871.7 sec left
CG set 2619 / 5603    611.4230 GFlop/s     (611.4230 GFlop/s per process)    46%    1871.0 sec left
CG set 2620 / 5603    611.4220 GFlop/s     (611.4220 GFlop/s per process)    46%    1870.4 sec left
CG set 2621 / 5603    611.4210 GFlop/s     (611.4210 GFlop/s per process)    46%    1869.7 sec left
CG set 2622 / 5603    611.4197 GFlop/s     (611.4197 GFlop/s per process)    46%    1869.0 sec left
CG set 2623 / 5603    611.4188 GFlop/s     (611.4188 GFlop/s per process)    46%    1868.4 sec left
CG set 2624 / 5603    611.4184 GFlop/s     (611.4184 GFlop/s per process)    46%    1867.7 sec left
CG set 2625 / 5603    611.4174 GFlop/s     (611.4174 GFlop/s per process)    46%    1867.1 sec left
CG set 2626 / 5603    611.4171 GFlop/s     (611.4171 GFlop/s per process)    46%    1866.4 sec left
CG set 2627 / 5603    611.4162 GFlop/s     (611.4162 GFlop/s per process)    46%    1865.7 sec left
CG set 2628 / 5603    611.4158 GFlop/s     (611.4158 GFlop/s per process)    46%    1865.1 sec left
CG set 2629 / 5603    611.4157 GFlop/s     (611.4157 GFlop/s per process)    46%    1864.4 sec left
CG set 2630 / 5603    611.4147 GFlop/s     (611.4147 GFlop/s per process)    46%    1863.8 sec left
CG set 2631 / 5603    611.4141 GFlop/s     (611.4141 GFlop/s per process)    46%    1863.1 sec left
CG set 2632 / 5603    611.4133 GFlop/s     (611.4133 GFlop/s per process)    46%    1862.4 sec left
CG set 2633 / 5603    611.4124 GFlop/s     (611.4124 GFlop/s per process)    46%    1861.8 sec left
CG set 2634 / 5603    611.4124 GFlop/s     (611.4124 GFlop/s per process)    47%    1861.1 sec left
CG set 2635 / 5603    611.4124 GFlop/s     (611.4124 GFlop/s per process)    47%    1860.4 sec left
CG set 2636 / 5603    611.4110 GFlop/s     (611.4110 GFlop/s per process)    47%    1859.8 sec left
CG set 2637 / 5603    611.4108 GFlop/s     (611.4108 GFlop/s per process)    47%    1859.1 sec left
CG set 2638 / 5603    611.4104 GFlop/s     (611.4104 GFlop/s per process)    47%    1858.5 sec left
CG set 2639 / 5603    611.4104 GFlop/s     (611.4104 GFlop/s per process)    47%    1857.8 sec left
CG set 2640 / 5603    611.4101 GFlop/s     (611.4101 GFlop/s per process)    47%    1857.1 sec left
CG set 2641 / 5603    611.4099 GFlop/s     (611.4099 GFlop/s per process)    47%    1856.5 sec left
CG set 2642 / 5603    611.4095 GFlop/s     (611.4095 GFlop/s per process)    47%    1855.8 sec left
CG set 2643 / 5603    611.4091 GFlop/s     (611.4091 GFlop/s per process)    47%    1855.2 sec left
CG set 2644 / 5603    611.4088 GFlop/s     (611.4088 GFlop/s per process)    47%    1854.5 sec left
CG set 2645 / 5603    611.4089 GFlop/s     (611.4089 GFlop/s per process)    47%    1853.8 sec left
CG set 2646 / 5603    611.4084 GFlop/s     (611.4084 GFlop/s per process)    47%    1853.2 sec left
CG set 2647 / 5603    611.4080 GFlop/s     (611.4080 GFlop/s per process)    47%    1852.5 sec left
CG set 2648 / 5603    611.4069 GFlop/s     (611.4069 GFlop/s per process)    47%    1851.8 sec left
CG set 2649 / 5603    611.4056 GFlop/s     (611.4056 GFlop/s per process)    47%    1851.2 sec left
CG set 2650 / 5603    611.4040 GFlop/s     (611.4040 GFlop/s per process)    47%    1850.5 sec left
CG set 2651 / 5603    611.4019 GFlop/s     (611.4019 GFlop/s per process)    47%    1849.9 sec left
CG set 2652 / 5603    611.4001 GFlop/s     (611.4001 GFlop/s per process)    47%    1849.2 sec left
CG set 2653 / 5603    611.3983 GFlop/s     (611.3983 GFlop/s per process)    47%    1848.5 sec left
CG set 2654 / 5603    611.3968 GFlop/s     (611.3968 GFlop/s per process)    47%    1847.9 sec left
CG set 2655 / 5603    611.3952 GFlop/s     (611.3952 GFlop/s per process)    47%    1847.2 sec left
CG set 2656 / 5603    611.3937 GFlop/s     (611.3937 GFlop/s per process)    47%    1846.5 sec left
CG set 2657 / 5603    611.3926 GFlop/s     (611.3926 GFlop/s per process)    47%    1845.9 sec left
CG set 2658 / 5603    611.3913 GFlop/s     (611.3913 GFlop/s per process)    47%    1845.2 sec left
CG set 2659 / 5603    611.3897 GFlop/s     (611.3897 GFlop/s per process)    47%    1844.5 sec left
CG set 2660 / 5603    611.3891 GFlop/s     (611.3891 GFlop/s per process)    47%    1843.9 sec left
CG set 2661 / 5603    611.3879 GFlop/s     (611.3879 GFlop/s per process)    47%    1843.2 sec left
CG set 2662 / 5603    611.3871 GFlop/s     (611.3871 GFlop/s per process)    47%    1842.5 sec left
CG set 2663 / 5603    611.3870 GFlop/s     (611.3870 GFlop/s per process)    47%    1841.9 sec left
CG set 2664 / 5603    611.3859 GFlop/s     (611.3859 GFlop/s per process)    47%    1841.2 sec left
CG set 2665 / 5603    611.3856 GFlop/s     (611.3856 GFlop/s per process)    47%    1840.6 sec left
CG set 2666 / 5603    611.3850 GFlop/s     (611.3850 GFlop/s per process)    47%    1839.9 sec left
CG set 2667 / 5603    611.3847 GFlop/s     (611.3847 GFlop/s per process)    47%    1839.2 sec left
CG set 2668 / 5603    611.3846 GFlop/s     (611.3846 GFlop/s per process)    47%    1838.6 sec left
CG set 2669 / 5603    611.3837 GFlop/s     (611.3837 GFlop/s per process)    47%    1837.9 sec left
CG set 2670 / 5603    611.3836 GFlop/s     (611.3836 GFlop/s per process)    47%    1837.3 sec left
CG set 2671 / 5603    611.3833 GFlop/s     (611.3833 GFlop/s per process)    47%    1836.6 sec left
CG set 2672 / 5603    611.3829 GFlop/s     (611.3829 GFlop/s per process)    47%    1835.9 sec left
CG set 2673 / 5603    611.3834 GFlop/s     (611.3834 GFlop/s per process)    47%    1835.3 sec left
CG set 2674 / 5603    611.3831 GFlop/s     (611.3831 GFlop/s per process)    47%    1834.6 sec left
CG set 2675 / 5603    611.3827 GFlop/s     (611.3827 GFlop/s per process)    47%    1834.0 sec left
CG set 2676 / 5603    611.3831 GFlop/s     (611.3831 GFlop/s per process)    47%    1833.3 sec left
CG set 2677 / 5603    611.3828 GFlop/s     (611.3828 GFlop/s per process)    47%    1832.6 sec left
CG set 2678 / 5603    611.3828 GFlop/s     (611.3828 GFlop/s per process)    47%    1832.0 sec left
CG set 2679 / 5603    611.3826 GFlop/s     (611.3826 GFlop/s per process)    47%    1831.3 sec left
CG set 2680 / 5603    611.3824 GFlop/s     (611.3824 GFlop/s per process)    47%    1830.6 sec left
CG set 2681 / 5603    611.3818 GFlop/s     (611.3818 GFlop/s per process)    47%    1830.0 sec left
CG set 2682 / 5603    611.3817 GFlop/s     (611.3817 GFlop/s per process)    47%    1829.3 sec left
CG set 2683 / 5603    611.3810 GFlop/s     (611.3810 GFlop/s per process)    47%    1828.7 sec left
CG set 2684 / 5603    611.3807 GFlop/s     (611.3807 GFlop/s per process)    47%    1828.0 sec left
CG set 2685 / 5603    611.3806 GFlop/s     (611.3806 GFlop/s per process)    47%    1827.3 sec left
CG set 2686 / 5603    611.3793 GFlop/s     (611.3793 GFlop/s per process)    47%    1826.7 sec left
CG set 2687 / 5603    611.3787 GFlop/s     (611.3787 GFlop/s per process)    47%    1826.0 sec left
CG set 2688 / 5603    611.3772 GFlop/s     (611.3772 GFlop/s per process)    47%    1825.4 sec left
CG set 2689 / 5603    611.3760 GFlop/s     (611.3760 GFlop/s per process)    47%    1824.7 sec left
CG set 2690 / 5603    611.3744 GFlop/s     (611.3744 GFlop/s per process)    48%    1824.0 sec left
CG set 2691 / 5603    611.3730 GFlop/s     (611.3730 GFlop/s per process)    48%    1823.4 sec left
CG set 2692 / 5603    611.3712 GFlop/s     (611.3712 GFlop/s per process)    48%    1822.7 sec left
CG set 2693 / 5603    611.3699 GFlop/s     (611.3699 GFlop/s per process)    48%    1822.0 sec left
CG set 2694 / 5603    611.3688 GFlop/s     (611.3688 GFlop/s per process)    48%    1821.4 sec left
CG set 2695 / 5603    611.3667 GFlop/s     (611.3667 GFlop/s per process)    48%    1820.7 sec left
CG set 2696 / 5603    611.3650 GFlop/s     (611.3650 GFlop/s per process)    48%    1820.0 sec left
CG set 2697 / 5603    611.3642 GFlop/s     (611.3642 GFlop/s per process)    48%    1819.4 sec left
CG set 2698 / 5603    611.3625 GFlop/s     (611.3625 GFlop/s per process)    48%    1818.7 sec left
CG set 2699 / 5603    611.3617 GFlop/s     (611.3617 GFlop/s per process)    48%    1818.0 sec left
CG set 2700 / 5603    611.3608 GFlop/s     (611.3608 GFlop/s per process)    48%    1817.4 sec left
CG set 2701 / 5603    611.3601 GFlop/s     (611.3601 GFlop/s per process)    48%    1816.7 sec left
CG set 2702 / 5603    611.3598 GFlop/s     (611.3598 GFlop/s per process)    48%    1816.1 sec left
CG set 2703 / 5603    611.3588 GFlop/s     (611.3588 GFlop/s per process)    48%    1815.4 sec left
CG set 2704 / 5603    611.3582 GFlop/s     (611.3582 GFlop/s per process)    48%    1814.7 sec left
CG set 2705 / 5603    611.3574 GFlop/s     (611.3574 GFlop/s per process)    48%    1814.1 sec left
CG set 2706 / 5603    611.3571 GFlop/s     (611.3571 GFlop/s per process)    48%    1813.4 sec left
CG set 2707 / 5603    611.3568 GFlop/s     (611.3568 GFlop/s per process)    48%    1812.7 sec left
CG set 2708 / 5603    611.3563 GFlop/s     (611.3563 GFlop/s per process)    48%    1812.1 sec left
CG set 2709 / 5603    611.3558 GFlop/s     (611.3558 GFlop/s per process)    48%    1811.4 sec left
CG set 2710 / 5603    611.3554 GFlop/s     (611.3554 GFlop/s per process)    48%    1810.8 sec left
CG set 2711 / 5603    611.3555 GFlop/s     (611.3555 GFlop/s per process)    48%    1810.1 sec left
CG set 2712 / 5603    611.3556 GFlop/s     (611.3556 GFlop/s per process)    48%    1809.4 sec left
CG set 2713 / 5603    611.3557 GFlop/s     (611.3557 GFlop/s per process)    48%    1808.8 sec left
CG set 2714 / 5603    611.3552 GFlop/s     (611.3552 GFlop/s per process)    48%    1808.1 sec left
CG set 2715 / 5603    611.3550 GFlop/s     (611.3550 GFlop/s per process)    48%    1807.5 sec left
CG set 2716 / 5603    611.3547 GFlop/s     (611.3547 GFlop/s per process)    48%    1806.8 sec left
CG set 2717 / 5603    611.3546 GFlop/s     (611.3546 GFlop/s per process)    48%    1806.1 sec left
CG set 2718 / 5603    611.3543 GFlop/s     (611.3543 GFlop/s per process)    48%    1805.5 sec left
CG set 2719 / 5603    611.3539 GFlop/s     (611.3539 GFlop/s per process)    48%    1804.8 sec left
CG set 2720 / 5603    611.3532 GFlop/s     (611.3532 GFlop/s per process)    48%    1804.2 sec left
CG set 2721 / 5603    611.3524 GFlop/s     (611.3524 GFlop/s per process)    48%    1803.5 sec left
CG set 2722 / 5603    611.3517 GFlop/s     (611.3517 GFlop/s per process)    48%    1802.8 sec left
CG set 2723 / 5603    611.3505 GFlop/s     (611.3505 GFlop/s per process)    48%    1802.2 sec left
CG set 2724 / 5603    611.3489 GFlop/s     (611.3489 GFlop/s per process)    48%    1801.5 sec left
CG set 2725 / 5603    611.3478 GFlop/s     (611.3478 GFlop/s per process)    48%    1800.8 sec left
CG set 2726 / 5603    611.3467 GFlop/s     (611.3467 GFlop/s per process)    48%    1800.2 sec left
CG set 2727 / 5603    611.3446 GFlop/s     (611.3446 GFlop/s per process)    48%    1799.5 sec left
CG set 2728 / 5603    611.3432 GFlop/s     (611.3432 GFlop/s per process)    48%    1798.8 sec left
CG set 2729 / 5603    611.3423 GFlop/s     (611.3423 GFlop/s per process)    48%    1798.2 sec left
CG set 2730 / 5603    611.3413 GFlop/s     (611.3413 GFlop/s per process)    48%    1797.5 sec left
CG set 2731 / 5603    611.3394 GFlop/s     (611.3394 GFlop/s per process)    48%    1796.9 sec left
CG set 2732 / 5603    611.3381 GFlop/s     (611.3381 GFlop/s per process)    48%    1796.2 sec left
CG set 2733 / 5603    611.3369 GFlop/s     (611.3369 GFlop/s per process)    48%    1795.5 sec left
CG set 2734 / 5603    611.3353 GFlop/s     (611.3353 GFlop/s per process)    48%    1794.9 sec left
CG set 2735 / 5603    611.3343 GFlop/s     (611.3343 GFlop/s per process)    48%    1794.2 sec left
CG set 2736 / 5603    611.3339 GFlop/s     (611.3339 GFlop/s per process)    48%    1793.5 sec left
CG set 2737 / 5603    611.3330 GFlop/s     (611.3330 GFlop/s per process)    48%    1792.9 sec left
CG set 2738 / 5603    611.3318 GFlop/s     (611.3318 GFlop/s per process)    48%    1792.2 sec left
CG set 2739 / 5603    611.3312 GFlop/s     (611.3312 GFlop/s per process)    48%    1791.5 sec left
CG set 2740 / 5603    611.3304 GFlop/s     (611.3304 GFlop/s per process)    48%    1790.9 sec left
CG set 2741 / 5603    611.3295 GFlop/s     (611.3295 GFlop/s per process)    48%    1790.2 sec left
CG set 2742 / 5603    611.3287 GFlop/s     (611.3287 GFlop/s per process)    48%    1789.6 sec left
CG set 2743 / 5603    611.3280 GFlop/s     (611.3280 GFlop/s per process)    48%    1788.9 sec left
CG set 2744 / 5603    611.3273 GFlop/s     (611.3273 GFlop/s per process)    48%    1788.2 sec left
CG set 2745 / 5603    611.3268 GFlop/s     (611.3268 GFlop/s per process)    48%    1787.6 sec left
CG set 2746 / 5603    611.3270 GFlop/s     (611.3270 GFlop/s per process)    49%    1786.9 sec left
CG set 2747 / 5603    611.3268 GFlop/s     (611.3268 GFlop/s per process)    49%    1786.2 sec left
CG set 2748 / 5603    611.3269 GFlop/s     (611.3269 GFlop/s per process)    49%    1785.6 sec left
CG set 2749 / 5603    611.3269 GFlop/s     (611.3269 GFlop/s per process)    49%    1784.9 sec left
CG set 2750 / 5603    611.3258 GFlop/s     (611.3258 GFlop/s per process)    49%    1784.3 sec left
CG set 2751 / 5603    611.3256 GFlop/s     (611.3256 GFlop/s per process)    49%    1783.6 sec left
CG set 2752 / 5603    611.3248 GFlop/s     (611.3248 GFlop/s per process)    49%    1782.9 sec left
CG set 2753 / 5603    611.3245 GFlop/s     (611.3245 GFlop/s per process)    49%    1782.3 sec left
CG set 2754 / 5603    611.3245 GFlop/s     (611.3245 GFlop/s per process)    49%    1781.6 sec left
CG set 2755 / 5603    611.3240 GFlop/s     (611.3240 GFlop/s per process)    49%    1781.0 sec left
CG set 2756 / 5603    611.3235 GFlop/s     (611.3235 GFlop/s per process)    49%    1780.3 sec left
CG set 2757 / 5603    611.3232 GFlop/s     (611.3232 GFlop/s per process)    49%    1779.6 sec left
CG set 2758 / 5603    611.3224 GFlop/s     (611.3224 GFlop/s per process)    49%    1779.0 sec left
CG set 2759 / 5603    611.3227 GFlop/s     (611.3227 GFlop/s per process)    49%    1778.3 sec left
CG set 2760 / 5603    611.3216 GFlop/s     (611.3216 GFlop/s per process)    49%    1777.6 sec left
CG set 2761 / 5603    611.3205 GFlop/s     (611.3205 GFlop/s per process)    49%    1777.0 sec left
CG set 2762 / 5603    611.3198 GFlop/s     (611.3198 GFlop/s per process)    49%    1776.3 sec left
CG set 2763 / 5603    611.3189 GFlop/s     (611.3189 GFlop/s per process)    49%    1775.7 sec left
CG set 2764 / 5603    611.3175 GFlop/s     (611.3175 GFlop/s per process)    49%    1775.0 sec left
CG set 2765 / 5603    611.3156 GFlop/s     (611.3156 GFlop/s per process)    49%    1774.3 sec left
CG set 2766 / 5603    611.3145 GFlop/s     (611.3145 GFlop/s per process)    49%    1773.7 sec left
CG set 2767 / 5603    611.3128 GFlop/s     (611.3128 GFlop/s per process)    49%    1773.0 sec left
CG set 2768 / 5603    611.3117 GFlop/s     (611.3117 GFlop/s per process)    49%    1772.3 sec left
CG set 2769 / 5603    611.3106 GFlop/s     (611.3106 GFlop/s per process)    49%    1771.7 sec left
CG set 2770 / 5603    611.3099 GFlop/s     (611.3099 GFlop/s per process)    49%    1771.0 sec left
CG set 2771 / 5603    611.3087 GFlop/s     (611.3087 GFlop/s per process)    49%    1770.3 sec left
CG set 2772 / 5603    611.3077 GFlop/s     (611.3077 GFlop/s per process)    49%    1769.7 sec left
CG set 2773 / 5603    611.3074 GFlop/s     (611.3074 GFlop/s per process)    49%    1769.0 sec left
CG set 2774 / 5603    611.3072 GFlop/s     (611.3072 GFlop/s per process)    49%    1768.4 sec left
CG set 2775 / 5603    611.3064 GFlop/s     (611.3064 GFlop/s per process)    49%    1767.7 sec left
CG set 2776 / 5603    611.3061 GFlop/s     (611.3061 GFlop/s per process)    49%    1767.0 sec left
CG set 2777 / 5603    611.3055 GFlop/s     (611.3055 GFlop/s per process)    49%    1766.4 sec left
CG set 2778 / 5603    611.3045 GFlop/s     (611.3045 GFlop/s per process)    49%    1765.7 sec left
CG set 2779 / 5603    611.3042 GFlop/s     (611.3042 GFlop/s per process)    49%    1765.1 sec left
CG set 2780 / 5603    611.3038 GFlop/s     (611.3038 GFlop/s per process)    49%    1764.4 sec left
CG set 2781 / 5603    611.3035 GFlop/s     (611.3035 GFlop/s per process)    49%    1763.7 sec left
CG set 2782 / 5603    611.3030 GFlop/s     (611.3030 GFlop/s per process)    49%    1763.1 sec left
CG set 2783 / 5603    611.3029 GFlop/s     (611.3029 GFlop/s per process)    49%    1762.4 sec left
CG set 2784 / 5603    611.3029 GFlop/s     (611.3029 GFlop/s per process)    49%    1761.7 sec left
CG set 2785 / 5603    611.3026 GFlop/s     (611.3026 GFlop/s per process)    49%    1761.1 sec left
CG set 2786 / 5603    611.3023 GFlop/s     (611.3023 GFlop/s per process)    49%    1760.4 sec left
CG set 2787 / 5603    611.3017 GFlop/s     (611.3017 GFlop/s per process)    49%    1759.8 sec left
CG set 2788 / 5603    611.3013 GFlop/s     (611.3013 GFlop/s per process)    49%    1759.1 sec left
CG set 2789 / 5603    611.3014 GFlop/s     (611.3014 GFlop/s per process)    49%    1758.4 sec left
CG set 2790 / 5603    611.3011 GFlop/s     (611.3011 GFlop/s per process)    49%    1757.8 sec left
CG set 2791 / 5603    611.3016 GFlop/s     (611.3016 GFlop/s per process)    49%    1757.1 sec left
CG set 2792 / 5603    611.3016 GFlop/s     (611.3016 GFlop/s per process)    49%    1756.5 sec left
CG set 2793 / 5603    611.3009 GFlop/s     (611.3009 GFlop/s per process)    49%    1755.8 sec left
CG set 2794 / 5603    611.3010 GFlop/s     (611.3010 GFlop/s per process)    49%    1755.1 sec left
CG set 2795 / 5603    611.3009 GFlop/s     (611.3009 GFlop/s per process)    49%    1754.5 sec left
CG set 2796 / 5603    611.3009 GFlop/s     (611.3009 GFlop/s per process)    49%    1753.8 sec left
CG set 2797 / 5603    611.3009 GFlop/s     (611.3009 GFlop/s per process)    49%    1753.2 sec left
CG set 2798 / 5603    611.3007 GFlop/s     (611.3007 GFlop/s per process)    49%    1752.5 sec left
CG set 2799 / 5603    611.2990 GFlop/s     (611.2990 GFlop/s per process)    49%    1751.8 sec left
CG set 2800 / 5603    611.2983 GFlop/s     (611.2983 GFlop/s per process)    49%    1751.2 sec left
CG set 2801 / 5603    611.2973 GFlop/s     (611.2973 GFlop/s per process)    49%    1750.5 sec left
CG set 2802 / 5603    611.2955 GFlop/s     (611.2955 GFlop/s per process)    50%    1749.8 sec left
CG set 2803 / 5603    611.2941 GFlop/s     (611.2941 GFlop/s per process)    50%    1749.2 sec left
CG set 2804 / 5603    611.2932 GFlop/s     (611.2932 GFlop/s per process)    50%    1748.5 sec left
CG set 2805 / 5603    611.2918 GFlop/s     (611.2918 GFlop/s per process)    50%    1747.8 sec left
CG set 2806 / 5603    611.2904 GFlop/s     (611.2904 GFlop/s per process)    50%    1747.2 sec left
CG set 2807 / 5603    611.2892 GFlop/s     (611.2892 GFlop/s per process)    50%    1746.5 sec left
CG set 2808 / 5603    611.2879 GFlop/s     (611.2879 GFlop/s per process)    50%    1745.9 sec left
CG set 2809 / 5603    611.2868 GFlop/s     (611.2868 GFlop/s per process)    50%    1745.2 sec left
CG set 2810 / 5603    611.2858 GFlop/s     (611.2858 GFlop/s per process)    50%    1744.5 sec left
CG set 2811 / 5603    611.2847 GFlop/s     (611.2847 GFlop/s per process)    50%    1743.9 sec left
CG set 2812 / 5603    611.2842 GFlop/s     (611.2842 GFlop/s per process)    50%    1743.2 sec left
CG set 2813 / 5603    611.2834 GFlop/s     (611.2834 GFlop/s per process)    50%    1742.5 sec left
CG set 2814 / 5603    611.2825 GFlop/s     (611.2825 GFlop/s per process)    50%    1741.9 sec left
CG set 2815 / 5603    611.2823 GFlop/s     (611.2823 GFlop/s per process)    50%    1741.2 sec left
CG set 2816 / 5603    611.2816 GFlop/s     (611.2816 GFlop/s per process)    50%    1740.6 sec left
CG set 2817 / 5603    611.2806 GFlop/s     (611.2806 GFlop/s per process)    50%    1739.9 sec left
CG set 2818 / 5603    611.2797 GFlop/s     (611.2797 GFlop/s per process)    50%    1739.2 sec left
CG set 2819 / 5603    611.2795 GFlop/s     (611.2795 GFlop/s per process)    50%    1738.6 sec left
CG set 2820 / 5603    611.2793 GFlop/s     (611.2793 GFlop/s per process)    50%    1737.9 sec left
CG set 2821 / 5603    611.2794 GFlop/s     (611.2794 GFlop/s per process)    50%    1737.2 sec left
CG set 2822 / 5603    611.2793 GFlop/s     (611.2793 GFlop/s per process)    50%    1736.6 sec left
CG set 2823 / 5603    611.2790 GFlop/s     (611.2790 GFlop/s per process)    50%    1735.9 sec left
CG set 2824 / 5603    611.2786 GFlop/s     (611.2786 GFlop/s per process)    50%    1735.3 sec left
CG set 2825 / 5603    611.2785 GFlop/s     (611.2785 GFlop/s per process)    50%    1734.6 sec left
CG set 2826 / 5603    611.2784 GFlop/s     (611.2784 GFlop/s per process)    50%    1733.9 sec left
CG set 2827 / 5603    611.2783 GFlop/s     (611.2783 GFlop/s per process)    50%    1733.3 sec left
CG set 2828 / 5603    611.2777 GFlop/s     (611.2777 GFlop/s per process)    50%    1732.6 sec left
CG set 2829 / 5603    611.2775 GFlop/s     (611.2775 GFlop/s per process)    50%    1732.0 sec left
CG set 2830 / 5603    611.2775 GFlop/s     (611.2775 GFlop/s per process)    50%    1731.3 sec left
CG set 2831 / 5603    611.2773 GFlop/s     (611.2773 GFlop/s per process)    50%    1730.6 sec left
CG set 2832 / 5603    611.2770 GFlop/s     (611.2770 GFlop/s per process)    50%    1730.0 sec left
CG set 2833 / 5603    611.2764 GFlop/s     (611.2764 GFlop/s per process)    50%    1729.3 sec left
CG set 2834 / 5603    611.2761 GFlop/s     (611.2761 GFlop/s per process)    50%    1728.6 sec left
CG set 2835 / 5603    611.2755 GFlop/s     (611.2755 GFlop/s per process)    50%    1728.0 sec left
CG set 2836 / 5603    611.2750 GFlop/s     (611.2750 GFlop/s per process)    50%    1727.3 sec left
CG set 2837 / 5603    611.2743 GFlop/s     (611.2743 GFlop/s per process)    50%    1726.7 sec left
CG set 2838 / 5603    611.2732 GFlop/s     (611.2732 GFlop/s per process)    50%    1726.0 sec left
CG set 2839 / 5603    611.2723 GFlop/s     (611.2723 GFlop/s per process)    50%    1725.3 sec left
CG set 2840 / 5603    611.2705 GFlop/s     (611.2705 GFlop/s per process)    50%    1724.7 sec left
CG set 2841 / 5603    611.2686 GFlop/s     (611.2686 GFlop/s per process)    50%    1724.0 sec left
CG set 2842 / 5603    611.2670 GFlop/s     (611.2670 GFlop/s per process)    50%    1723.3 sec left
CG set 2843 / 5603    611.2657 GFlop/s     (611.2657 GFlop/s per process)    50%    1722.7 sec left
CG set 2844 / 5603    611.2640 GFlop/s     (611.2640 GFlop/s per process)    50%    1722.0 sec left
CG set 2845 / 5603    611.2629 GFlop/s     (611.2629 GFlop/s per process)    50%    1721.3 sec left
CG set 2846 / 5603    611.2619 GFlop/s     (611.2619 GFlop/s per process)    50%    1720.7 sec left
CG set 2847 / 5603    611.2609 GFlop/s     (611.2609 GFlop/s per process)    50%    1720.0 sec left
CG set 2848 / 5603    611.2604 GFlop/s     (611.2604 GFlop/s per process)    50%    1719.4 sec left
CG set 2849 / 5603    611.2594 GFlop/s     (611.2594 GFlop/s per process)    50%    1718.7 sec left
CG set 2850 / 5603    611.2584 GFlop/s     (611.2584 GFlop/s per process)    50%    1718.0 sec left
CG set 2851 / 5603    611.2575 GFlop/s     (611.2575 GFlop/s per process)    50%    1717.4 sec left
CG set 2852 / 5603    611.2572 GFlop/s     (611.2572 GFlop/s per process)    50%    1716.7 sec left
CG set 2853 / 5603    611.2569 GFlop/s     (611.2569 GFlop/s per process)    50%    1716.0 sec left
CG set 2854 / 5603    611.2569 GFlop/s     (611.2569 GFlop/s per process)    50%    1715.4 sec left
CG set 2855 / 5603    611.2562 GFlop/s     (611.2562 GFlop/s per process)    50%    1714.7 sec left
CG set 2856 / 5603    611.2555 GFlop/s     (611.2555 GFlop/s per process)    50%    1714.1 sec left
CG set 2857 / 5603    611.2550 GFlop/s     (611.2550 GFlop/s per process)    50%    1713.4 sec left
CG set 2858 / 5603    611.2547 GFlop/s     (611.2547 GFlop/s per process)    51%    1712.7 sec left
CG set 2859 / 5603    611.2540 GFlop/s     (611.2540 GFlop/s per process)    51%    1712.1 sec left
CG set 2860 / 5603    611.2540 GFlop/s     (611.2540 GFlop/s per process)    51%    1711.4 sec left
CG set 2861 / 5603    611.2537 GFlop/s     (611.2537 GFlop/s per process)    51%    1710.7 sec left
CG set 2862 / 5603    611.2531 GFlop/s     (611.2531 GFlop/s per process)    51%    1710.1 sec left
CG set 2863 / 5603    611.2525 GFlop/s     (611.2525 GFlop/s per process)    51%    1709.4 sec left
CG set 2864 / 5603    611.2518 GFlop/s     (611.2518 GFlop/s per process)    51%    1708.8 sec left
CG set 2865 / 5603    611.2514 GFlop/s     (611.2514 GFlop/s per process)    51%    1708.1 sec left
CG set 2866 / 5603    611.2511 GFlop/s     (611.2511 GFlop/s per process)    51%    1707.4 sec left
CG set 2867 / 5603    611.2510 GFlop/s     (611.2510 GFlop/s per process)    51%    1706.8 sec left
CG set 2868 / 5603    611.2510 GFlop/s     (611.2510 GFlop/s per process)    51%    1706.1 sec left
CG set 2869 / 5603    611.2508 GFlop/s     (611.2508 GFlop/s per process)    51%    1705.5 sec left
CG set 2870 / 5603    611.2507 GFlop/s     (611.2507 GFlop/s per process)    51%    1704.8 sec left
CG set 2871 / 5603    611.2504 GFlop/s     (611.2504 GFlop/s per process)    51%    1704.1 sec left
CG set 2872 / 5603    611.2504 GFlop/s     (611.2504 GFlop/s per process)    51%    1703.5 sec left
CG set 2873 / 5603    611.2502 GFlop/s     (611.2502 GFlop/s per process)    51%    1702.8 sec left
CG set 2874 / 5603    611.2488 GFlop/s     (611.2488 GFlop/s per process)    51%    1702.1 sec left
CG set 2875 / 5603    611.2476 GFlop/s     (611.2476 GFlop/s per process)    51%    1701.5 sec left
CG set 2876 / 5603    611.2463 GFlop/s     (611.2463 GFlop/s per process)    51%    1700.8 sec left
CG set 2877 / 5603    611.2446 GFlop/s     (611.2446 GFlop/s per process)    51%    1700.2 sec left
CG set 2878 / 5603    611.2425 GFlop/s     (611.2425 GFlop/s per process)    51%    1699.5 sec left
CG set 2879 / 5603    611.2411 GFlop/s     (611.2411 GFlop/s per process)    51%    1698.8 sec left
CG set 2880 / 5603    611.2401 GFlop/s     (611.2401 GFlop/s per process)    51%    1698.2 sec left
CG set 2881 / 5603    611.2387 GFlop/s     (611.2387 GFlop/s per process)    51%    1697.5 sec left
CG set 2882 / 5603    611.2374 GFlop/s     (611.2374 GFlop/s per process)    51%    1696.8 sec left
CG set 2883 / 5603    611.2361 GFlop/s     (611.2361 GFlop/s per process)    51%    1696.2 sec left
CG set 2884 / 5603    611.2350 GFlop/s     (611.2350 GFlop/s per process)    51%    1695.5 sec left
CG set 2885 / 5603    611.2345 GFlop/s     (611.2345 GFlop/s per process)    51%    1694.8 sec left
CG set 2886 / 5603    611.2338 GFlop/s     (611.2338 GFlop/s per process)    51%    1694.2 sec left
CG set 2887 / 5603    611.2325 GFlop/s     (611.2325 GFlop/s per process)    51%    1693.5 sec left
CG set 2888 / 5603    611.2315 GFlop/s     (611.2315 GFlop/s per process)    51%    1692.9 sec left
CG set 2889 / 5603    611.2311 GFlop/s     (611.2311 GFlop/s per process)    51%    1692.2 sec left
CG set 2890 / 5603    611.2307 GFlop/s     (611.2307 GFlop/s per process)    51%    1691.5 sec left
CG set 2891 / 5603    611.2301 GFlop/s     (611.2301 GFlop/s per process)    51%    1690.9 sec left
CG set 2892 / 5603    611.2297 GFlop/s     (611.2297 GFlop/s per process)    51%    1690.2 sec left
CG set 2893 / 5603    611.2288 GFlop/s     (611.2288 GFlop/s per process)    51%    1689.5 sec left
CG set 2894 / 5603    611.2283 GFlop/s     (611.2283 GFlop/s per process)    51%    1688.9 sec left
CG set 2895 / 5603    611.2277 GFlop/s     (611.2277 GFlop/s per process)    51%    1688.2 sec left
CG set 2896 / 5603    611.2282 GFlop/s     (611.2282 GFlop/s per process)    51%    1687.6 sec left
CG set 2897 / 5603    611.2281 GFlop/s     (611.2281 GFlop/s per process)    51%    1686.9 sec left
CG set 2898 / 5603    611.2277 GFlop/s     (611.2277 GFlop/s per process)    51%    1686.2 sec left
CG set 2899 / 5603    611.2275 GFlop/s     (611.2275 GFlop/s per process)    51%    1685.6 sec left
CG set 2900 / 5603    611.2277 GFlop/s     (611.2277 GFlop/s per process)    51%    1684.9 sec left
CG set 2901 / 5603    611.2275 GFlop/s     (611.2275 GFlop/s per process)    51%    1684.3 sec left
CG set 2902 / 5603    611.2272 GFlop/s     (611.2272 GFlop/s per process)    51%    1683.6 sec left
CG set 2903 / 5603    611.2276 GFlop/s     (611.2276 GFlop/s per process)    51%    1682.9 sec left
CG set 2904 / 5603    611.2274 GFlop/s     (611.2274 GFlop/s per process)    51%    1682.3 sec left
CG set 2905 / 5603    611.2269 GFlop/s     (611.2269 GFlop/s per process)    51%    1681.6 sec left
CG set 2906 / 5603    611.2267 GFlop/s     (611.2267 GFlop/s per process)    51%    1680.9 sec left
CG set 2907 / 5603    611.2263 GFlop/s     (611.2263 GFlop/s per process)    51%    1680.3 sec left
CG set 2908 / 5603    611.2263 GFlop/s     (611.2263 GFlop/s per process)    51%    1679.6 sec left
CG set 2909 / 5603    611.2260 GFlop/s     (611.2260 GFlop/s per process)    51%    1679.0 sec left
CG set 2910 / 5603    611.2257 GFlop/s     (611.2257 GFlop/s per process)    51%    1678.3 sec left
CG set 2911 / 5603    611.2256 GFlop/s     (611.2256 GFlop/s per process)    51%    1677.6 sec left
CG set 2912 / 5603    611.2246 GFlop/s     (611.2246 GFlop/s per process)    51%    1677.0 sec left
CG set 2913 / 5603    611.2239 GFlop/s     (611.2239 GFlop/s per process)    51%    1676.3 sec left
CG set 2914 / 5603    611.2224 GFlop/s     (611.2224 GFlop/s per process)    52%    1675.7 sec left
CG set 2915 / 5603    611.2211 GFlop/s     (611.2211 GFlop/s per process)    52%    1675.0 sec left
CG set 2916 / 5603    611.2192 GFlop/s     (611.2192 GFlop/s per process)    52%    1674.3 sec left
CG set 2917 / 5603    611.2177 GFlop/s     (611.2177 GFlop/s per process)    52%    1673.7 sec left
CG set 2918 / 5603    611.2162 GFlop/s     (611.2162 GFlop/s per process)    52%    1673.0 sec left
CG set 2919 / 5603    611.2143 GFlop/s     (611.2143 GFlop/s per process)    52%    1672.3 sec left
CG set 2920 / 5603    611.2136 GFlop/s     (611.2136 GFlop/s per process)    52%    1671.7 sec left
CG set 2921 / 5603    611.2126 GFlop/s     (611.2126 GFlop/s per process)    52%    1671.0 sec left
CG set 2922 / 5603    611.2119 GFlop/s     (611.2119 GFlop/s per process)    52%    1670.3 sec left
CG set 2923 / 5603    611.2110 GFlop/s     (611.2110 GFlop/s per process)    52%    1669.7 sec left
CG set 2924 / 5603    611.2097 GFlop/s     (611.2097 GFlop/s per process)    52%    1669.0 sec left
CG set 2925 / 5603    611.2089 GFlop/s     (611.2089 GFlop/s per process)    52%    1668.3 sec left
CG set 2926 / 5603    611.2077 GFlop/s     (611.2077 GFlop/s per process)    52%    1667.7 sec left
CG set 2927 / 5603    611.2072 GFlop/s     (611.2072 GFlop/s per process)    52%    1667.0 sec left
CG set 2928 / 5603    611.2070 GFlop/s     (611.2070 GFlop/s per process)    52%    1666.4 sec left
CG set 2929 / 5603    611.2064 GFlop/s     (611.2064 GFlop/s per process)    52%    1665.7 sec left
CG set 2930 / 5603    611.2058 GFlop/s     (611.2058 GFlop/s per process)    52%    1665.0 sec left
CG set 2931 / 5603    611.2056 GFlop/s     (611.2056 GFlop/s per process)    52%    1664.4 sec left
CG set 2932 / 5603    611.2050 GFlop/s     (611.2050 GFlop/s per process)    52%    1663.7 sec left
CG set 2933 / 5603    611.2048 GFlop/s     (611.2048 GFlop/s per process)    52%    1663.0 sec left
CG set 2934 / 5603    611.2041 GFlop/s     (611.2041 GFlop/s per process)    52%    1662.4 sec left
CG set 2935 / 5603    611.2037 GFlop/s     (611.2037 GFlop/s per process)    52%    1661.7 sec left
CG set 2936 / 5603    611.2030 GFlop/s     (611.2030 GFlop/s per process)    52%    1661.1 sec left
CG set 2937 / 5603    611.2022 GFlop/s     (611.2022 GFlop/s per process)    52%    1660.4 sec left
CG set 2938 / 5603    611.2023 GFlop/s     (611.2023 GFlop/s per process)    52%    1659.7 sec left
CG set 2939 / 5603    611.2025 GFlop/s     (611.2025 GFlop/s per process)    52%    1659.1 sec left
CG set 2940 / 5603    611.2025 GFlop/s     (611.2025 GFlop/s per process)    52%    1658.4 sec left
CG set 2941 / 5603    611.2028 GFlop/s     (611.2028 GFlop/s per process)    52%    1657.8 sec left
CG set 2942 / 5603    611.2029 GFlop/s     (611.2029 GFlop/s per process)    52%    1657.1 sec left
CG set 2943 / 5603    611.2027 GFlop/s     (611.2027 GFlop/s per process)    52%    1656.4 sec left
CG set 2944 / 5603    611.2022 GFlop/s     (611.2022 GFlop/s per process)    52%    1655.8 sec left
CG set 2945 / 5603    611.2021 GFlop/s     (611.2021 GFlop/s per process)    52%    1655.1 sec left
CG set 2946 / 5603    611.2017 GFlop/s     (611.2017 GFlop/s per process)    52%    1654.5 sec left
CG set 2947 / 5603    611.2010 GFlop/s     (611.2010 GFlop/s per process)    52%    1653.8 sec left
CG set 2948 / 5603    611.2011 GFlop/s     (611.2011 GFlop/s per process)    52%    1653.1 sec left
CG set 2949 / 5603    611.2015 GFlop/s     (611.2015 GFlop/s per process)    52%    1652.5 sec left
CG set 2950 / 5603    611.2003 GFlop/s     (611.2003 GFlop/s per process)    52%    1651.8 sec left
CG set 2951 / 5603    611.1998 GFlop/s     (611.1998 GFlop/s per process)    52%    1651.1 sec left
CG set 2952 / 5603    611.1986 GFlop/s     (611.1986 GFlop/s per process)    52%    1650.5 sec left
CG set 2953 / 5603    611.1974 GFlop/s     (611.1974 GFlop/s per process)    52%    1649.8 sec left
CG set 2954 / 5603    611.1960 GFlop/s     (611.1960 GFlop/s per process)    52%    1649.2 sec left
CG set 2955 / 5603    611.1942 GFlop/s     (611.1942 GFlop/s per process)    52%    1648.5 sec left
CG set 2956 / 5603    611.1932 GFlop/s     (611.1932 GFlop/s per process)    52%    1647.8 sec left
CG set 2957 / 5603    611.1914 GFlop/s     (611.1914 GFlop/s per process)    52%    1647.2 sec left
CG set 2958 / 5603    611.1906 GFlop/s     (611.1906 GFlop/s per process)    52%    1646.5 sec left
CG set 2959 / 5603    611.1892 GFlop/s     (611.1892 GFlop/s per process)    52%    1645.8 sec left
CG set 2960 / 5603    611.1878 GFlop/s     (611.1878 GFlop/s per process)    52%    1645.2 sec left
CG set 2961 / 5603    611.1870 GFlop/s     (611.1870 GFlop/s per process)    52%    1644.5 sec left
CG set 2962 / 5603    611.1858 GFlop/s     (611.1858 GFlop/s per process)    52%    1643.8 sec left
CG set 2963 / 5603    611.1850 GFlop/s     (611.1850 GFlop/s per process)    52%    1643.2 sec left
CG set 2964 / 5603    611.1846 GFlop/s     (611.1846 GFlop/s per process)    52%    1642.5 sec left
CG set 2965 / 5603    611.1836 GFlop/s     (611.1836 GFlop/s per process)    52%    1641.8 sec left
CG set 2966 / 5603    611.1830 GFlop/s     (611.1830 GFlop/s per process)    52%    1641.2 sec left
CG set 2967 / 5603    611.1820 GFlop/s     (611.1820 GFlop/s per process)    52%    1640.5 sec left
CG set 2968 / 5603    611.1817 GFlop/s     (611.1817 GFlop/s per process)    52%    1639.9 sec left
CG set 2969 / 5603    611.1810 GFlop/s     (611.1810 GFlop/s per process)    52%    1639.2 sec left
CG set 2970 / 5603    611.1806 GFlop/s     (611.1806 GFlop/s per process)    53%    1638.5 sec left
CG set 2971 / 5603    611.1800 GFlop/s     (611.1800 GFlop/s per process)    53%    1637.9 sec left
CG set 2972 / 5603    611.1799 GFlop/s     (611.1799 GFlop/s per process)    53%    1637.2 sec left
CG set 2973 / 5603    611.1793 GFlop/s     (611.1793 GFlop/s per process)    53%    1636.5 sec left
CG set 2974 / 5603    611.1797 GFlop/s     (611.1797 GFlop/s per process)    53%    1635.9 sec left
CG set 2975 / 5603    611.1793 GFlop/s     (611.1793 GFlop/s per process)    53%    1635.2 sec left
CG set 2976 / 5603    611.1792 GFlop/s     (611.1792 GFlop/s per process)    53%    1634.6 sec left
CG set 2977 / 5603    611.1792 GFlop/s     (611.1792 GFlop/s per process)    53%    1633.9 sec left
CG set 2978 / 5603    611.1793 GFlop/s     (611.1793 GFlop/s per process)    53%    1633.2 sec left
CG set 2979 / 5603    611.1788 GFlop/s     (611.1788 GFlop/s per process)    53%    1632.6 sec left
CG set 2980 / 5603    611.1790 GFlop/s     (611.1790 GFlop/s per process)    53%    1631.9 sec left
CG set 2981 / 5603    611.1790 GFlop/s     (611.1790 GFlop/s per process)    53%    1631.3 sec left
CG set 2982 / 5603    611.1786 GFlop/s     (611.1786 GFlop/s per process)    53%    1630.6 sec left
CG set 2983 / 5603    611.1784 GFlop/s     (611.1784 GFlop/s per process)    53%    1629.9 sec left
CG set 2984 / 5603    611.1789 GFlop/s     (611.1789 GFlop/s per process)    53%    1629.3 sec left
CG set 2985 / 5603    611.1787 GFlop/s     (611.1787 GFlop/s per process)    53%    1628.6 sec left
CG set 2986 / 5603    611.1783 GFlop/s     (611.1783 GFlop/s per process)    53%    1628.0 sec left
CG set 2987 / 5603    611.1778 GFlop/s     (611.1778 GFlop/s per process)    53%    1627.3 sec left
CG set 2988 / 5603    611.1763 GFlop/s     (611.1763 GFlop/s per process)    53%    1626.6 sec left
CG set 2989 / 5603    611.1755 GFlop/s     (611.1755 GFlop/s per process)    53%    1626.0 sec left
CG set 2990 / 5603    611.1745 GFlop/s     (611.1745 GFlop/s per process)    53%    1625.3 sec left
CG set 2991 / 5603    611.1730 GFlop/s     (611.1730 GFlop/s per process)    53%    1624.6 sec left
CG set 2992 / 5603    611.1711 GFlop/s     (611.1711 GFlop/s per process)    53%    1624.0 sec left
CG set 2993 / 5603    611.1701 GFlop/s     (611.1701 GFlop/s per process)    53%    1623.3 sec left
CG set 2994 / 5603    611.1686 GFlop/s     (611.1686 GFlop/s per process)    53%    1622.6 sec left
CG set 2995 / 5603    611.1667 GFlop/s     (611.1667 GFlop/s per process)    53%    1622.0 sec left
CG set 2996 / 5603    611.1658 GFlop/s     (611.1658 GFlop/s per process)    53%    1621.3 sec left
CG set 2997 / 5603    611.1652 GFlop/s     (611.1652 GFlop/s per process)    53%    1620.7 sec left
CG set 2998 / 5603    611.1639 GFlop/s     (611.1639 GFlop/s per process)    53%    1620.0 sec left
CG set 2999 / 5603    611.1631 GFlop/s     (611.1631 GFlop/s per process)    53%    1619.3 sec left
CG set 3000 / 5603    611.1616 GFlop/s     (611.1616 GFlop/s per process)    53%    1618.7 sec left
CG set 3001 / 5603    611.1611 GFlop/s     (611.1611 GFlop/s per process)    53%    1618.0 sec left
CG set 3002 / 5603    611.1602 GFlop/s     (611.1602 GFlop/s per process)    53%    1617.3 sec left
CG set 3003 / 5603    611.1597 GFlop/s     (611.1597 GFlop/s per process)    53%    1616.7 sec left
CG set 3004 / 5603    611.1596 GFlop/s     (611.1596 GFlop/s per process)    53%    1616.0 sec left
CG set 3005 / 5603    611.1590 GFlop/s     (611.1590 GFlop/s per process)    53%    1615.3 sec left
CG set 3006 / 5603    611.1584 GFlop/s     (611.1584 GFlop/s per process)    53%    1614.7 sec left
CG set 3007 / 5603    611.1577 GFlop/s     (611.1577 GFlop/s per process)    53%    1614.0 sec left
CG set 3008 / 5603    611.1573 GFlop/s     (611.1573 GFlop/s per process)    53%    1613.4 sec left
CG set 3009 / 5603    611.1567 GFlop/s     (611.1567 GFlop/s per process)    53%    1612.7 sec left
CG set 3010 / 5603    611.1565 GFlop/s     (611.1565 GFlop/s per process)    53%    1612.0 sec left
CG set 3011 / 5603    611.1563 GFlop/s     (611.1563 GFlop/s per process)    53%    1611.4 sec left
CG set 3012 / 5603    611.1557 GFlop/s     (611.1557 GFlop/s per process)    53%    1610.7 sec left
CG set 3013 / 5603    611.1559 GFlop/s     (611.1559 GFlop/s per process)    53%    1610.1 sec left
CG set 3014 / 5603    611.1556 GFlop/s     (611.1556 GFlop/s per process)    53%    1609.4 sec left
CG set 3015 / 5603    611.1551 GFlop/s     (611.1551 GFlop/s per process)    53%    1608.7 sec left
CG set 3016 / 5603    611.1551 GFlop/s     (611.1551 GFlop/s per process)    53%    1608.1 sec left
CG set 3017 / 5603    611.1551 GFlop/s     (611.1551 GFlop/s per process)    53%    1607.4 sec left
CG set 3018 / 5603    611.1551 GFlop/s     (611.1551 GFlop/s per process)    53%    1606.7 sec left
CG set 3019 / 5603    611.1549 GFlop/s     (611.1549 GFlop/s per process)    53%    1606.1 sec left
CG set 3020 / 5603    611.1549 GFlop/s     (611.1549 GFlop/s per process)    53%    1605.4 sec left
CG set 3021 / 5603    611.1549 GFlop/s     (611.1549 GFlop/s per process)    53%    1604.8 sec left
CG set 3022 / 5603    611.1547 GFlop/s     (611.1547 GFlop/s per process)    53%    1604.1 sec left
CG set 3023 / 5603    611.1549 GFlop/s     (611.1549 GFlop/s per process)    53%    1603.4 sec left
CG set 3024 / 5603    611.1546 GFlop/s     (611.1546 GFlop/s per process)    53%    1602.8 sec left
CG set 3025 / 5603    611.1540 GFlop/s     (611.1540 GFlop/s per process)    53%    1602.1 sec left
CG set 3026 / 5603    611.1536 GFlop/s     (611.1536 GFlop/s per process)    54%    1601.5 sec left
CG set 3027 / 5603    611.1528 GFlop/s     (611.1528 GFlop/s per process)    54%    1600.8 sec left
CG set 3028 / 5603    611.1522 GFlop/s     (611.1522 GFlop/s per process)    54%    1600.1 sec left
CG set 3029 / 5603    611.1509 GFlop/s     (611.1509 GFlop/s per process)    54%    1599.5 sec left
CG set 3030 / 5603    611.1493 GFlop/s     (611.1493 GFlop/s per process)    54%    1598.8 sec left
CG set 3031 / 5603    611.1484 GFlop/s     (611.1484 GFlop/s per process)    54%    1598.1 sec left
CG set 3032 / 5603    611.1469 GFlop/s     (611.1469 GFlop/s per process)    54%    1597.5 sec left
CG set 3033 / 5603    611.1457 GFlop/s     (611.1457 GFlop/s per process)    54%    1596.8 sec left
CG set 3034 / 5603    611.1441 GFlop/s     (611.1441 GFlop/s per process)    54%    1596.1 sec left
CG set 3035 / 5603    611.1429 GFlop/s     (611.1429 GFlop/s per process)    54%    1595.5 sec left
CG set 3036 / 5603    611.1420 GFlop/s     (611.1420 GFlop/s per process)    54%    1594.8 sec left
CG set 3037 / 5603    611.1413 GFlop/s     (611.1413 GFlop/s per process)    54%    1594.2 sec left
CG set 3038 / 5603    611.1406 GFlop/s     (611.1406 GFlop/s per process)    54%    1593.5 sec left
CG set 3039 / 5603    611.1393 GFlop/s     (611.1393 GFlop/s per process)    54%    1592.8 sec left
CG set 3040 / 5603    611.1383 GFlop/s     (611.1383 GFlop/s per process)    54%    1592.2 sec left
CG set 3041 / 5603    611.1378 GFlop/s     (611.1378 GFlop/s per process)    54%    1591.5 sec left
CG set 3042 / 5603    611.1377 GFlop/s     (611.1377 GFlop/s per process)    54%    1590.8 sec left
CG set 3043 / 5603    611.1373 GFlop/s     (611.1373 GFlop/s per process)    54%    1590.2 sec left
CG set 3044 / 5603    611.1374 GFlop/s     (611.1374 GFlop/s per process)    54%    1589.5 sec left
CG set 3045 / 5603    611.1371 GFlop/s     (611.1371 GFlop/s per process)    54%    1588.9 sec left
CG set 3046 / 5603    611.1371 GFlop/s     (611.1371 GFlop/s per process)    54%    1588.2 sec left
CG set 3047 / 5603    611.1367 GFlop/s     (611.1367 GFlop/s per process)    54%    1587.5 sec left
CG set 3048 / 5603    611.1365 GFlop/s     (611.1365 GFlop/s per process)    54%    1586.9 sec left
CG set 3049 / 5603    611.1361 GFlop/s     (611.1361 GFlop/s per process)    54%    1586.2 sec left
CG set 3050 / 5603    611.1363 GFlop/s     (611.1363 GFlop/s per process)    54%    1585.6 sec left
CG set 3051 / 5603    611.1368 GFlop/s     (611.1368 GFlop/s per process)    54%    1584.9 sec left
CG set 3052 / 5603    611.1367 GFlop/s     (611.1367 GFlop/s per process)    54%    1584.2 sec left
CG set 3053 / 5603    611.1363 GFlop/s     (611.1363 GFlop/s per process)    54%    1583.6 sec left
CG set 3054 / 5603    611.1362 GFlop/s     (611.1362 GFlop/s per process)    54%    1582.9 sec left
CG set 3055 / 5603    611.1353 GFlop/s     (611.1353 GFlop/s per process)    54%    1582.2 sec left
CG set 3056 / 5603    611.1349 GFlop/s     (611.1349 GFlop/s per process)    54%    1581.6 sec left
CG set 3057 / 5603    611.1351 GFlop/s     (611.1351 GFlop/s per process)    54%    1580.9 sec left
CG set 3058 / 5603    611.1353 GFlop/s     (611.1353 GFlop/s per process)    54%    1580.3 sec left
CG set 3059 / 5603    611.1355 GFlop/s     (611.1355 GFlop/s per process)    54%    1579.6 sec left
CG set 3060 / 5603    611.1354 GFlop/s     (611.1354 GFlop/s per process)    54%    1578.9 sec left
CG set 3061 / 5603    611.1353 GFlop/s     (611.1353 GFlop/s per process)    54%    1578.3 sec left
CG set 3062 / 5603    611.1351 GFlop/s     (611.1351 GFlop/s per process)    54%    1577.6 sec left
CG set 3063 / 5603    611.1344 GFlop/s     (611.1344 GFlop/s per process)    54%    1577.0 sec left
CG set 3064 / 5603    611.1338 GFlop/s     (611.1338 GFlop/s per process)    54%    1576.3 sec left
CG set 3065 / 5603    611.1333 GFlop/s     (611.1333 GFlop/s per process)    54%    1575.6 sec left
CG set 3066 / 5603    611.1329 GFlop/s     (611.1329 GFlop/s per process)    54%    1575.0 sec left
CG set 3067 / 5603    611.1313 GFlop/s     (611.1313 GFlop/s per process)    54%    1574.3 sec left
CG set 3068 / 5603    611.1298 GFlop/s     (611.1298 GFlop/s per process)    54%    1573.6 sec left
CG set 3069 / 5603    611.1279 GFlop/s     (611.1279 GFlop/s per process)    54%    1573.0 sec left
CG set 3070 / 5603    611.1268 GFlop/s     (611.1268 GFlop/s per process)    54%    1572.3 sec left
CG set 3071 / 5603    611.1259 GFlop/s     (611.1259 GFlop/s per process)    54%    1571.6 sec left
CG set 3072 / 5603    611.1245 GFlop/s     (611.1245 GFlop/s per process)    54%    1571.0 sec left
CG set 3073 / 5603    611.1235 GFlop/s     (611.1235 GFlop/s per process)    54%    1570.3 sec left
CG set 3074 / 5603    611.1223 GFlop/s     (611.1223 GFlop/s per process)    54%    1569.7 sec left
CG set 3075 / 5603    611.1214 GFlop/s     (611.1214 GFlop/s per process)    54%    1569.0 sec left
CG set 3076 / 5603    611.1209 GFlop/s     (611.1209 GFlop/s per process)    54%    1568.3 sec left
CG set 3077 / 5603    611.1198 GFlop/s     (611.1198 GFlop/s per process)    54%    1567.7 sec left
CG set 3078 / 5603    611.1192 GFlop/s     (611.1192 GFlop/s per process)    54%    1567.0 sec left
CG set 3079 / 5603    611.1193 GFlop/s     (611.1193 GFlop/s per process)    54%    1566.3 sec left
CG set 3080 / 5603    611.1189 GFlop/s     (611.1189 GFlop/s per process)    54%    1565.7 sec left
CG set 3081 / 5603    611.1186 GFlop/s     (611.1186 GFlop/s per process)    54%    1565.0 sec left
CG set 3082 / 5603    611.1183 GFlop/s     (611.1183 GFlop/s per process)    55%    1564.4 sec left
CG set 3083 / 5603    611.1184 GFlop/s     (611.1184 GFlop/s per process)    55%    1563.7 sec left
CG set 3084 / 5603    611.1177 GFlop/s     (611.1177 GFlop/s per process)    55%    1563.0 sec left
CG set 3085 / 5603    611.1172 GFlop/s     (611.1172 GFlop/s per process)    55%    1562.4 sec left
CG set 3086 / 5603    611.1173 GFlop/s     (611.1173 GFlop/s per process)    55%    1561.7 sec left
CG set 3087 / 5603    611.1171 GFlop/s     (611.1171 GFlop/s per process)    55%    1561.0 sec left
CG set 3088 / 5603    611.1165 GFlop/s     (611.1165 GFlop/s per process)    55%    1560.4 sec left
CG set 3089 / 5603    611.1166 GFlop/s     (611.1166 GFlop/s per process)    55%    1559.7 sec left
CG set 3090 / 5603    611.1163 GFlop/s     (611.1163 GFlop/s per process)    55%    1559.1 sec left
CG set 3091 / 5603    611.1160 GFlop/s     (611.1160 GFlop/s per process)    55%    1558.4 sec left
CG set 3092 / 5603    611.1157 GFlop/s     (611.1157 GFlop/s per process)    55%    1557.7 sec left
CG set 3093 / 5603    611.1159 GFlop/s     (611.1159 GFlop/s per process)    55%    1557.1 sec left
CG set 3094 / 5603    611.1161 GFlop/s     (611.1161 GFlop/s per process)    55%    1556.4 sec left
CG set 3095 / 5603    611.1162 GFlop/s     (611.1162 GFlop/s per process)    55%    1555.8 sec left
CG set 3096 / 5603    611.1164 GFlop/s     (611.1164 GFlop/s per process)    55%    1555.1 sec left
CG set 3097 / 5603    611.1165 GFlop/s     (611.1165 GFlop/s per process)    55%    1554.4 sec left
CG set 3098 / 5603    611.1164 GFlop/s     (611.1164 GFlop/s per process)    55%    1553.8 sec left
CG set 3099 / 5603    611.1159 GFlop/s     (611.1159 GFlop/s per process)    55%    1553.1 sec left
CG set 3100 / 5603    611.1158 GFlop/s     (611.1158 GFlop/s per process)    55%    1552.5 sec left
CG set 3101 / 5603    611.1154 GFlop/s     (611.1154 GFlop/s per process)    55%    1551.8 sec left
CG set 3102 / 5603    611.1150 GFlop/s     (611.1150 GFlop/s per process)    55%    1551.1 sec left
CG set 3103 / 5603    611.1138 GFlop/s     (611.1138 GFlop/s per process)    55%    1550.5 sec left
CG set 3104 / 5603    611.1127 GFlop/s     (611.1127 GFlop/s per process)    55%    1549.8 sec left
CG set 3105 / 5603    611.1114 GFlop/s     (611.1114 GFlop/s per process)    55%    1549.1 sec left
CG set 3106 / 5603    611.1101 GFlop/s     (611.1101 GFlop/s per process)    55%    1548.5 sec left
CG set 3107 / 5603    611.1084 GFlop/s     (611.1084 GFlop/s per process)    55%    1547.8 sec left
CG set 3108 / 5603    611.1074 GFlop/s     (611.1074 GFlop/s per process)    55%    1547.1 sec left
CG set 3109 / 5603    611.1062 GFlop/s     (611.1062 GFlop/s per process)    55%    1546.5 sec left
CG set 3110 / 5603    611.1054 GFlop/s     (611.1054 GFlop/s per process)    55%    1545.8 sec left
CG set 3111 / 5603    611.1046 GFlop/s     (611.1046 GFlop/s per process)    55%    1545.2 sec left
CG set 3112 / 5603    611.1033 GFlop/s     (611.1033 GFlop/s per process)    55%    1544.5 sec left
CG set 3113 / 5603    611.1024 GFlop/s     (611.1024 GFlop/s per process)    55%    1543.8 sec left
CG set 3114 / 5603    611.1022 GFlop/s     (611.1022 GFlop/s per process)    55%    1543.2 sec left
CG set 3115 / 5603    611.1010 GFlop/s     (611.1010 GFlop/s per process)    55%    1542.5 sec left
CG set 3116 / 5603    611.1002 GFlop/s     (611.1002 GFlop/s per process)    55%    1541.8 sec left
CG set 3117 / 5603    611.0993 GFlop/s     (611.0993 GFlop/s per process)    55%    1541.2 sec left
CG set 3118 / 5603    611.0986 GFlop/s     (611.0986 GFlop/s per process)    55%    1540.5 sec left
CG set 3119 / 5603    611.0983 GFlop/s     (611.0983 GFlop/s per process)    55%    1539.8 sec left
CG set 3120 / 5603    611.0978 GFlop/s     (611.0978 GFlop/s per process)    55%    1539.2 sec left
CG set 3121 / 5603    611.0970 GFlop/s     (611.0970 GFlop/s per process)    55%    1538.5 sec left
CG set 3122 / 5603    611.0962 GFlop/s     (611.0962 GFlop/s per process)    55%    1537.9 sec left
CG set 3123 / 5603    611.0965 GFlop/s     (611.0965 GFlop/s per process)    55%    1537.2 sec left
CG set 3124 / 5603    611.0959 GFlop/s     (611.0959 GFlop/s per process)    55%    1536.5 sec left
CG set 3125 / 5603    611.0957 GFlop/s     (611.0957 GFlop/s per process)    55%    1535.9 sec left
CG set 3126 / 5603    611.0959 GFlop/s     (611.0959 GFlop/s per process)    55%    1535.2 sec left
CG set 3127 / 5603    611.0960 GFlop/s     (611.0960 GFlop/s per process)    55%    1534.6 sec left
CG set 3128 / 5603    611.0961 GFlop/s     (611.0961 GFlop/s per process)    55%    1533.9 sec left
CG set 3129 / 5603    611.0957 GFlop/s     (611.0957 GFlop/s per process)    55%    1533.2 sec left
CG set 3130 / 5603    611.0957 GFlop/s     (611.0957 GFlop/s per process)    55%    1532.6 sec left
CG set 3131 / 5603    611.0957 GFlop/s     (611.0957 GFlop/s per process)    55%    1531.9 sec left
CG set 3132 / 5603    611.0961 GFlop/s     (611.0961 GFlop/s per process)    55%    1531.3 sec left
CG set 3133 / 5603    611.0962 GFlop/s     (611.0962 GFlop/s per process)    55%    1530.6 sec left
CG set 3134 / 5603    611.0956 GFlop/s     (611.0956 GFlop/s per process)    55%    1529.9 sec left
CG set 3135 / 5603    611.0956 GFlop/s     (611.0956 GFlop/s per process)    55%    1529.3 sec left
CG set 3136 / 5603    611.0948 GFlop/s     (611.0948 GFlop/s per process)    55%    1528.6 sec left
CG set 3137 / 5603    611.0948 GFlop/s     (611.0948 GFlop/s per process)    55%    1527.9 sec left
CG set 3138 / 5603    611.0940 GFlop/s     (611.0940 GFlop/s per process)    56%    1527.3 sec left
CG set 3139 / 5603    611.0925 GFlop/s     (611.0925 GFlop/s per process)    56%    1526.6 sec left
CG set 3140 / 5603    611.0910 GFlop/s     (611.0910 GFlop/s per process)    56%    1526.0 sec left
CG set 3141 / 5603    611.0904 GFlop/s     (611.0904 GFlop/s per process)    56%    1525.3 sec left
CG set 3142 / 5603    611.0895 GFlop/s     (611.0895 GFlop/s per process)    56%    1524.6 sec left
CG set 3143 / 5603    611.0882 GFlop/s     (611.0882 GFlop/s per process)    56%    1524.0 sec left
CG set 3144 / 5603    611.0872 GFlop/s     (611.0872 GFlop/s per process)    56%    1523.3 sec left
CG set 3145 / 5603    611.0855 GFlop/s     (611.0855 GFlop/s per process)    56%    1522.6 sec left
CG set 3146 / 5603    611.0838 GFlop/s     (611.0838 GFlop/s per process)    56%    1522.0 sec left
CG set 3147 / 5603    611.0831 GFlop/s     (611.0831 GFlop/s per process)    56%    1521.3 sec left
CG set 3148 / 5603    611.0816 GFlop/s     (611.0816 GFlop/s per process)    56%    1520.6 sec left
CG set 3149 / 5603    611.0803 GFlop/s     (611.0803 GFlop/s per process)    56%    1520.0 sec left
CG set 3150 / 5603    611.0797 GFlop/s     (611.0797 GFlop/s per process)    56%    1519.3 sec left
CG set 3151 / 5603    611.0788 GFlop/s     (611.0788 GFlop/s per process)    56%    1518.6 sec left
CG set 3152 / 5603    611.0783 GFlop/s     (611.0783 GFlop/s per process)    56%    1518.0 sec left
CG set 3153 / 5603    611.0777 GFlop/s     (611.0777 GFlop/s per process)    56%    1517.3 sec left
CG set 3154 / 5603    611.0774 GFlop/s     (611.0774 GFlop/s per process)    56%    1516.7 sec left
CG set 3155 / 5603    611.0769 GFlop/s     (611.0769 GFlop/s per process)    56%    1516.0 sec left
CG set 3156 / 5603    611.0765 GFlop/s     (611.0765 GFlop/s per process)    56%    1515.3 sec left
CG set 3157 / 5603    611.0759 GFlop/s     (611.0759 GFlop/s per process)    56%    1514.7 sec left
CG set 3158 / 5603    611.0754 GFlop/s     (611.0754 GFlop/s per process)    56%    1514.0 sec left
CG set 3159 / 5603    611.0751 GFlop/s     (611.0751 GFlop/s per process)    56%    1513.3 sec left
CG set 3160 / 5603    611.0747 GFlop/s     (611.0747 GFlop/s per process)    56%    1512.7 sec left
CG set 3161 / 5603    611.0744 GFlop/s     (611.0744 GFlop/s per process)    56%    1512.0 sec left
CG set 3162 / 5603    611.0743 GFlop/s     (611.0743 GFlop/s per process)    56%    1511.4 sec left
CG set 3163 / 5603    611.0741 GFlop/s     (611.0741 GFlop/s per process)    56%    1510.7 sec left
CG set 3164 / 5603    611.0742 GFlop/s     (611.0742 GFlop/s per process)    56%    1510.0 sec left
CG set 3165 / 5603    611.0740 GFlop/s     (611.0740 GFlop/s per process)    56%    1509.4 sec left
CG set 3166 / 5603    611.0740 GFlop/s     (611.0740 GFlop/s per process)    56%    1508.7 sec left
CG set 3167 / 5603    611.0742 GFlop/s     (611.0742 GFlop/s per process)    56%    1508.1 sec left
CG set 3168 / 5603    611.0741 GFlop/s     (611.0741 GFlop/s per process)    56%    1507.4 sec left
CG set 3169 / 5603    611.0740 GFlop/s     (611.0740 GFlop/s per process)    56%    1506.7 sec left
CG set 3170 / 5603    611.0739 GFlop/s     (611.0739 GFlop/s per process)    56%    1506.1 sec left
CG set 3171 / 5603    611.0738 GFlop/s     (611.0738 GFlop/s per process)    56%    1505.4 sec left
CG set 3172 / 5603    611.0733 GFlop/s     (611.0733 GFlop/s per process)    56%    1504.8 sec left
CG set 3173 / 5603    611.0733 GFlop/s     (611.0733 GFlop/s per process)    56%    1504.1 sec left
CG set 3174 / 5603    611.0730 GFlop/s     (611.0730 GFlop/s per process)    56%    1503.4 sec left
CG set 3175 / 5603    611.0734 GFlop/s     (611.0734 GFlop/s per process)    56%    1502.8 sec left
CG set 3176 / 5603    611.0733 GFlop/s     (611.0733 GFlop/s per process)    56%    1502.1 sec left
CG set 3177 / 5603    611.0726 GFlop/s     (611.0726 GFlop/s per process)    56%    1501.5 sec left
CG set 3178 / 5603    611.0723 GFlop/s     (611.0723 GFlop/s per process)    56%    1500.8 sec left
CG set 3179 / 5603    611.0718 GFlop/s     (611.0718 GFlop/s per process)    56%    1500.1 sec left
CG set 3180 / 5603    611.0712 GFlop/s     (611.0712 GFlop/s per process)    56%    1499.5 sec left
CG set 3181 / 5603    611.0703 GFlop/s     (611.0703 GFlop/s per process)    56%    1498.8 sec left
CG set 3182 / 5603    611.0690 GFlop/s     (611.0690 GFlop/s per process)    56%    1498.1 sec left
CG set 3183 / 5603    611.0682 GFlop/s     (611.0682 GFlop/s per process)    56%    1497.5 sec left
CG set 3184 / 5603    611.0673 GFlop/s     (611.0673 GFlop/s per process)    56%    1496.8 sec left
CG set 3185 / 5603    611.0661 GFlop/s     (611.0661 GFlop/s per process)    56%    1496.1 sec left
CG set 3186 / 5603    611.0649 GFlop/s     (611.0649 GFlop/s per process)    56%    1495.5 sec left
CG set 3187 / 5603    611.0633 GFlop/s     (611.0633 GFlop/s per process)    56%    1494.8 sec left
CG set 3188 / 5603    611.0628 GFlop/s     (611.0628 GFlop/s per process)    56%    1494.2 sec left
CG set 3189 / 5603    611.0627 GFlop/s     (611.0627 GFlop/s per process)    56%    1493.5 sec left
CG set 3190 / 5603    611.0624 GFlop/s     (611.0624 GFlop/s per process)    56%    1492.8 sec left
CG set 3191 / 5603    611.0617 GFlop/s     (611.0617 GFlop/s per process)    56%    1492.2 sec left
CG set 3192 / 5603    611.0614 GFlop/s     (611.0614 GFlop/s per process)    56%    1491.5 sec left
CG set 3193 / 5603    611.0612 GFlop/s     (611.0612 GFlop/s per process)    56%    1490.8 sec left
CG set 3194 / 5603    611.0608 GFlop/s     (611.0608 GFlop/s per process)    57%    1490.2 sec left
CG set 3195 / 5603    611.0609 GFlop/s     (611.0609 GFlop/s per process)    57%    1489.5 sec left
CG set 3196 / 5603    611.0610 GFlop/s     (611.0610 GFlop/s per process)    57%    1488.9 sec left
CG set 3197 / 5603    611.0605 GFlop/s     (611.0605 GFlop/s per process)    57%    1488.2 sec left
CG set 3198 / 5603    611.0604 GFlop/s     (611.0604 GFlop/s per process)    57%    1487.5 sec left
CG set 3199 / 5603    611.0601 GFlop/s     (611.0601 GFlop/s per process)    57%    1486.9 sec left
CG set 3200 / 5603    611.0602 GFlop/s     (611.0602 GFlop/s per process)    57%    1486.2 sec left
CG set 3201 / 5603    611.0600 GFlop/s     (611.0600 GFlop/s per process)    57%    1485.6 sec left
CG set 3202 / 5603    611.0600 GFlop/s     (611.0600 GFlop/s per process)    57%    1484.9 sec left
CG set 3203 / 5603    611.0601 GFlop/s     (611.0601 GFlop/s per process)    57%    1484.2 sec left
CG set 3204 / 5603    611.0599 GFlop/s     (611.0599 GFlop/s per process)    57%    1483.6 sec left
CG set 3205 / 5603    611.0599 GFlop/s     (611.0599 GFlop/s per process)    57%    1482.9 sec left
CG set 3206 / 5603    611.0601 GFlop/s     (611.0601 GFlop/s per process)    57%    1482.3 sec left
CG set 3207 / 5603    611.0599 GFlop/s     (611.0599 GFlop/s per process)    57%    1481.6 sec left
CG set 3208 / 5603    611.0594 GFlop/s     (611.0594 GFlop/s per process)    57%    1480.9 sec left
CG set 3209 / 5603    611.0595 GFlop/s     (611.0595 GFlop/s per process)    57%    1480.3 sec left
CG set 3210 / 5603    611.0594 GFlop/s     (611.0594 GFlop/s per process)    57%    1479.6 sec left
CG set 3211 / 5603    611.0591 GFlop/s     (611.0591 GFlop/s per process)    57%    1478.9 sec left
CG set 3212 / 5603    611.0588 GFlop/s     (611.0588 GFlop/s per process)    57%    1478.3 sec left
CG set 3213 / 5603    611.0588 GFlop/s     (611.0588 GFlop/s per process)    57%    1477.6 sec left
CG set 3214 / 5603    611.0588 GFlop/s     (611.0588 GFlop/s per process)    57%    1477.0 sec left
CG set 3215 / 5603    611.0583 GFlop/s     (611.0583 GFlop/s per process)    57%    1476.3 sec left
CG set 3216 / 5603    611.0574 GFlop/s     (611.0574 GFlop/s per process)    57%    1475.6 sec left
CG set 3217 / 5603    611.0570 GFlop/s     (611.0570 GFlop/s per process)    57%    1475.0 sec left
CG set 3218 / 5603    611.0562 GFlop/s     (611.0562 GFlop/s per process)    57%    1474.3 sec left
CG set 3219 / 5603    611.0551 GFlop/s     (611.0551 GFlop/s per process)    57%    1473.6 sec left
CG set 3220 / 5603    611.0543 GFlop/s     (611.0543 GFlop/s per process)    57%    1473.0 sec left
CG set 3221 / 5603    611.0530 GFlop/s     (611.0530 GFlop/s per process)    57%    1472.3 sec left
CG set 3222 / 5603    611.0522 GFlop/s     (611.0522 GFlop/s per process)    57%    1471.7 sec left
CG set 3223 / 5603    611.0510 GFlop/s     (611.0510 GFlop/s per process)    57%    1471.0 sec left
CG set 3224 / 5603    611.0499 GFlop/s     (611.0499 GFlop/s per process)    57%    1470.3 sec left
CG set 3225 / 5603    611.0488 GFlop/s     (611.0488 GFlop/s per process)    57%    1469.7 sec left
CG set 3226 / 5603    611.0476 GFlop/s     (611.0476 GFlop/s per process)    57%    1469.0 sec left
CG set 3227 / 5603    611.0466 GFlop/s     (611.0466 GFlop/s per process)    57%    1468.3 sec left
CG set 3228 / 5603    611.0464 GFlop/s     (611.0464 GFlop/s per process)    57%    1467.7 sec left
CG set 3229 / 5603    611.0454 GFlop/s     (611.0454 GFlop/s per process)    57%    1467.0 sec left
CG set 3230 / 5603    611.0449 GFlop/s     (611.0449 GFlop/s per process)    57%    1466.3 sec left
CG set 3231 / 5603    611.0448 GFlop/s     (611.0448 GFlop/s per process)    57%    1465.7 sec left
CG set 3232 / 5603    611.0446 GFlop/s     (611.0446 GFlop/s per process)    57%    1465.0 sec left
CG set 3233 / 5603    611.0442 GFlop/s     (611.0442 GFlop/s per process)    57%    1464.4 sec left
CG set 3234 / 5603    611.0437 GFlop/s     (611.0437 GFlop/s per process)    57%    1463.7 sec left
CG set 3235 / 5603    611.0436 GFlop/s     (611.0436 GFlop/s per process)    57%    1463.0 sec left
CG set 3236 / 5603    611.0433 GFlop/s     (611.0433 GFlop/s per process)    57%    1462.4 sec left
CG set 3237 / 5603    611.0431 GFlop/s     (611.0431 GFlop/s per process)    57%    1461.7 sec left
CG set 3238 / 5603    611.0421 GFlop/s     (611.0421 GFlop/s per process)    57%    1461.0 sec left
CG set 3239 / 5603    611.0414 GFlop/s     (611.0414 GFlop/s per process)    57%    1460.4 sec left
CG set 3240 / 5603    611.0412 GFlop/s     (611.0412 GFlop/s per process)    57%    1459.7 sec left
CG set 3241 / 5603    611.0411 GFlop/s     (611.0411 GFlop/s per process)    57%    1459.1 sec left
CG set 3242 / 5603    611.0409 GFlop/s     (611.0409 GFlop/s per process)    57%    1458.4 sec left
CG set 3243 / 5603    611.0408 GFlop/s     (611.0408 GFlop/s per process)    57%    1457.7 sec left
CG set 3244 / 5603    611.0409 GFlop/s     (611.0409 GFlop/s per process)    57%    1457.1 sec left
CG set 3245 / 5603    611.0407 GFlop/s     (611.0407 GFlop/s per process)    57%    1456.4 sec left
CG set 3246 / 5603    611.0405 GFlop/s     (611.0405 GFlop/s per process)    57%    1455.8 sec left
CG set 3247 / 5603    611.0403 GFlop/s     (611.0403 GFlop/s per process)    57%    1455.1 sec left
CG set 3248 / 5603    611.0405 GFlop/s     (611.0405 GFlop/s per process)    57%    1454.4 sec left
CG set 3249 / 5603    611.0403 GFlop/s     (611.0403 GFlop/s per process)    57%    1453.8 sec left
CG set 3250 / 5603    611.0405 GFlop/s     (611.0405 GFlop/s per process)    58%    1453.1 sec left
CG set 3251 / 5603    611.0403 GFlop/s     (611.0403 GFlop/s per process)    58%    1452.5 sec left
CG set 3252 / 5603    611.0400 GFlop/s     (611.0400 GFlop/s per process)    58%    1451.8 sec left
CG set 3253 / 5603    611.0392 GFlop/s     (611.0392 GFlop/s per process)    58%    1451.1 sec left
CG set 3254 / 5603    611.0382 GFlop/s     (611.0382 GFlop/s per process)    58%    1450.5 sec left
CG set 3255 / 5603    611.0371 GFlop/s     (611.0371 GFlop/s per process)    58%    1449.8 sec left
CG set 3256 / 5603    611.0362 GFlop/s     (611.0362 GFlop/s per process)    58%    1449.1 sec left
CG set 3257 / 5603    611.0348 GFlop/s     (611.0348 GFlop/s per process)    58%    1448.5 sec left
CG set 3258 / 5603    611.0336 GFlop/s     (611.0336 GFlop/s per process)    58%    1447.8 sec left
CG set 3259 / 5603    611.0324 GFlop/s     (611.0324 GFlop/s per process)    58%    1447.1 sec left
CG set 3260 / 5603    611.0314 GFlop/s     (611.0314 GFlop/s per process)    58%    1446.5 sec left
CG set 3261 / 5603    611.0304 GFlop/s     (611.0304 GFlop/s per process)    58%    1445.8 sec left
CG set 3262 / 5603    611.0296 GFlop/s     (611.0296 GFlop/s per process)    58%    1445.2 sec left
CG set 3263 / 5603    611.0286 GFlop/s     (611.0286 GFlop/s per process)    58%    1444.5 sec left
CG set 3264 / 5603    611.0283 GFlop/s     (611.0283 GFlop/s per process)    58%    1443.8 sec left
CG set 3265 / 5603    611.0278 GFlop/s     (611.0278 GFlop/s per process)    58%    1443.2 sec left
CG set 3266 / 5603    611.0270 GFlop/s     (611.0270 GFlop/s per process)    58%    1442.5 sec left
CG set 3267 / 5603    611.0267 GFlop/s     (611.0267 GFlop/s per process)    58%    1441.8 sec left
CG set 3268 / 5603    611.0261 GFlop/s     (611.0261 GFlop/s per process)    58%    1441.2 sec left
CG set 3269 / 5603    611.0256 GFlop/s     (611.0256 GFlop/s per process)    58%    1440.5 sec left
CG set 3270 / 5603    611.0251 GFlop/s     (611.0251 GFlop/s per process)    58%    1439.9 sec left
CG set 3271 / 5603    611.0253 GFlop/s     (611.0253 GFlop/s per process)    58%    1439.2 sec left
CG set 3272 / 5603    611.0252 GFlop/s     (611.0252 GFlop/s per process)    58%    1438.5 sec left
CG set 3273 / 5603    611.0250 GFlop/s     (611.0250 GFlop/s per process)    58%    1437.9 sec left
CG set 3274 / 5603    611.0246 GFlop/s     (611.0246 GFlop/s per process)    58%    1437.2 sec left
CG set 3275 / 5603    611.0248 GFlop/s     (611.0248 GFlop/s per process)    58%    1436.5 sec left
CG set 3276 / 5603    611.0248 GFlop/s     (611.0248 GFlop/s per process)    58%    1435.9 sec left
CG set 3277 / 5603    611.0245 GFlop/s     (611.0245 GFlop/s per process)    58%    1435.2 sec left
CG set 3278 / 5603    611.0250 GFlop/s     (611.0250 GFlop/s per process)    58%    1434.6 sec left
CG set 3279 / 5603    611.0249 GFlop/s     (611.0249 GFlop/s per process)    58%    1433.9 sec left
CG set 3280 / 5603    611.0252 GFlop/s     (611.0252 GFlop/s per process)    58%    1433.2 sec left
CG set 3281 / 5603    611.0246 GFlop/s     (611.0246 GFlop/s per process)    58%    1432.6 sec left
CG set 3282 / 5603    611.0245 GFlop/s     (611.0245 GFlop/s per process)    58%    1431.9 sec left
CG set 3283 / 5603    611.0244 GFlop/s     (611.0244 GFlop/s per process)    58%    1431.3 sec left
CG set 3284 / 5603    611.0245 GFlop/s     (611.0245 GFlop/s per process)    58%    1430.6 sec left
CG set 3285 / 5603    611.0239 GFlop/s     (611.0239 GFlop/s per process)    58%    1429.9 sec left
CG set 3286 / 5603    611.0242 GFlop/s     (611.0242 GFlop/s per process)    58%    1429.3 sec left
CG set 3287 / 5603    611.0239 GFlop/s     (611.0239 GFlop/s per process)    58%    1428.6 sec left
CG set 3288 / 5603    611.0237 GFlop/s     (611.0237 GFlop/s per process)    58%    1428.0 sec left
CG set 3289 / 5603    611.0233 GFlop/s     (611.0233 GFlop/s per process)    58%    1427.3 sec left
CG set 3290 / 5603    611.0231 GFlop/s     (611.0231 GFlop/s per process)    58%    1426.6 sec left
CG set 3291 / 5603    611.0215 GFlop/s     (611.0215 GFlop/s per process)    58%    1426.0 sec left
CG set 3292 / 5603    611.0204 GFlop/s     (611.0204 GFlop/s per process)    58%    1425.3 sec left
CG set 3293 / 5603    611.0188 GFlop/s     (611.0188 GFlop/s per process)    58%    1424.6 sec left
CG set 3294 / 5603    611.0174 GFlop/s     (611.0174 GFlop/s per process)    58%    1424.0 sec left
CG set 3295 / 5603    611.0161 GFlop/s     (611.0161 GFlop/s per process)    58%    1423.3 sec left
CG set 3296 / 5603    611.0153 GFlop/s     (611.0153 GFlop/s per process)    58%    1422.6 sec left
CG set 3297 / 5603    611.0143 GFlop/s     (611.0143 GFlop/s per process)    58%    1422.0 sec left
CG set 3298 / 5603    611.0130 GFlop/s     (611.0130 GFlop/s per process)    58%    1421.3 sec left
CG set 3299 / 5603    611.0119 GFlop/s     (611.0119 GFlop/s per process)    58%    1420.6 sec left
CG set 3300 / 5603    611.0107 GFlop/s     (611.0107 GFlop/s per process)    58%    1420.0 sec left
CG set 3301 / 5603    611.0101 GFlop/s     (611.0101 GFlop/s per process)    58%    1419.3 sec left
CG set 3302 / 5603    611.0092 GFlop/s     (611.0092 GFlop/s per process)    58%    1418.7 sec left
CG set 3303 / 5603    611.0088 GFlop/s     (611.0088 GFlop/s per process)    58%    1418.0 sec left
CG set 3304 / 5603    611.0091 GFlop/s     (611.0091 GFlop/s per process)    58%    1417.3 sec left
CG set 3305 / 5603    611.0086 GFlop/s     (611.0086 GFlop/s per process)    58%    1416.7 sec left
CG set 3306 / 5603    611.0080 GFlop/s     (611.0080 GFlop/s per process)    59%    1416.0 sec left
CG set 3307 / 5603    611.0078 GFlop/s     (611.0078 GFlop/s per process)    59%    1415.3 sec left
CG set 3308 / 5603    611.0073 GFlop/s     (611.0073 GFlop/s per process)    59%    1414.7 sec left
CG set 3309 / 5603    611.0073 GFlop/s     (611.0073 GFlop/s per process)    59%    1414.0 sec left
CG set 3310 / 5603    611.0071 GFlop/s     (611.0071 GFlop/s per process)    59%    1413.4 sec left
CG set 3311 / 5603    611.0067 GFlop/s     (611.0067 GFlop/s per process)    59%    1412.7 sec left
CG set 3312 / 5603    611.0069 GFlop/s     (611.0069 GFlop/s per process)    59%    1412.0 sec left
CG set 3313 / 5603    611.0065 GFlop/s     (611.0065 GFlop/s per process)    59%    1411.4 sec left
CG set 3314 / 5603    611.0062 GFlop/s     (611.0062 GFlop/s per process)    59%    1410.7 sec left
CG set 3315 / 5603    611.0064 GFlop/s     (611.0064 GFlop/s per process)    59%    1410.1 sec left
CG set 3316 / 5603    611.0069 GFlop/s     (611.0069 GFlop/s per process)    59%    1409.4 sec left
CG set 3317 / 5603    611.0072 GFlop/s     (611.0072 GFlop/s per process)    59%    1408.7 sec left
CG set 3318 / 5603    611.0071 GFlop/s     (611.0071 GFlop/s per process)    59%    1408.1 sec left
CG set 3319 / 5603    611.0073 GFlop/s     (611.0073 GFlop/s per process)    59%    1407.4 sec left
CG set 3320 / 5603    611.0071 GFlop/s     (611.0071 GFlop/s per process)    59%    1406.8 sec left
CG set 3321 / 5603    611.0072 GFlop/s     (611.0072 GFlop/s per process)    59%    1406.1 sec left
CG set 3322 / 5603    611.0068 GFlop/s     (611.0068 GFlop/s per process)    59%    1405.4 sec left
CG set 3323 / 5603    611.0071 GFlop/s     (611.0071 GFlop/s per process)    59%    1404.8 sec left
CG set 3324 / 5603    611.0070 GFlop/s     (611.0070 GFlop/s per process)    59%    1404.1 sec left
CG set 3325 / 5603    611.0070 GFlop/s     (611.0070 GFlop/s per process)    59%    1403.5 sec left
CG set 3326 / 5603    611.0071 GFlop/s     (611.0071 GFlop/s per process)    59%    1402.8 sec left
CG set 3327 / 5603    611.0073 GFlop/s     (611.0073 GFlop/s per process)    59%    1402.1 sec left
CG set 3328 / 5603    611.0066 GFlop/s     (611.0066 GFlop/s per process)    59%    1401.5 sec left
CG set 3329 / 5603    611.0060 GFlop/s     (611.0060 GFlop/s per process)    59%    1400.8 sec left
CG set 3330 / 5603    611.0050 GFlop/s     (611.0050 GFlop/s per process)    59%    1400.1 sec left
CG set 3331 / 5603    611.0038 GFlop/s     (611.0038 GFlop/s per process)    59%    1399.5 sec left
CG set 3332 / 5603    611.0022 GFlop/s     (611.0022 GFlop/s per process)    59%    1398.8 sec left
CG set 3333 / 5603    611.0015 GFlop/s     (611.0015 GFlop/s per process)    59%    1398.1 sec left
CG set 3334 / 5603    611.0001 GFlop/s     (611.0001 GFlop/s per process)    59%    1397.5 sec left
CG set 3335 / 5603    610.9986 GFlop/s     (610.9986 GFlop/s per process)    59%    1396.8 sec left
CG set 3336 / 5603    610.9976 GFlop/s     (610.9976 GFlop/s per process)    59%    1396.2 sec left
CG set 3337 / 5603    610.9967 GFlop/s     (610.9967 GFlop/s per process)    59%    1395.5 sec left
CG set 3338 / 5603    610.9961 GFlop/s     (610.9961 GFlop/s per process)    59%    1394.8 sec left
CG set 3339 / 5603    610.9952 GFlop/s     (610.9952 GFlop/s per process)    59%    1394.2 sec left
CG set 3340 / 5603    610.9943 GFlop/s     (610.9943 GFlop/s per process)    59%    1393.5 sec left
CG set 3341 / 5603    610.9935 GFlop/s     (610.9935 GFlop/s per process)    59%    1392.8 sec left
CG set 3342 / 5603    610.9928 GFlop/s     (610.9928 GFlop/s per process)    59%    1392.2 sec left
CG set 3343 / 5603    610.9923 GFlop/s     (610.9923 GFlop/s per process)    59%    1391.5 sec left
CG set 3344 / 5603    610.9919 GFlop/s     (610.9919 GFlop/s per process)    59%    1390.8 sec left
CG set 3345 / 5603    610.9913 GFlop/s     (610.9913 GFlop/s per process)    59%    1390.2 sec left
CG set 3346 / 5603    610.9910 GFlop/s     (610.9910 GFlop/s per process)    59%    1389.5 sec left
CG set 3347 / 5603    610.9908 GFlop/s     (610.9908 GFlop/s per process)    59%    1388.9 sec left
CG set 3348 / 5603    610.9907 GFlop/s     (610.9907 GFlop/s per process)    59%    1388.2 sec left
CG set 3349 / 5603    610.9905 GFlop/s     (610.9905 GFlop/s per process)    59%    1387.5 sec left
CG set 3350 / 5603    610.9902 GFlop/s     (610.9902 GFlop/s per process)    59%    1386.9 sec left
CG set 3351 / 5603    610.9902 GFlop/s     (610.9902 GFlop/s per process)    59%    1386.2 sec left
CG set 3352 / 5603    610.9902 GFlop/s     (610.9902 GFlop/s per process)    59%    1385.6 sec left
CG set 3353 / 5603    610.9901 GFlop/s     (610.9901 GFlop/s per process)    59%    1384.9 sec left
CG set 3354 / 5603    610.9896 GFlop/s     (610.9896 GFlop/s per process)    59%    1384.2 sec left
CG set 3355 / 5603    610.9895 GFlop/s     (610.9895 GFlop/s per process)    59%    1383.6 sec left
CG set 3356 / 5603    610.9896 GFlop/s     (610.9896 GFlop/s per process)    59%    1382.9 sec left
CG set 3357 / 5603    610.9896 GFlop/s     (610.9896 GFlop/s per process)    59%    1382.2 sec left
CG set 3358 / 5603    610.9899 GFlop/s     (610.9899 GFlop/s per process)    59%    1381.6 sec left
CG set 3359 / 5603    610.9896 GFlop/s     (610.9896 GFlop/s per process)    59%    1380.9 sec left
CG set 3360 / 5603    610.9895 GFlop/s     (610.9895 GFlop/s per process)    59%    1380.3 sec left
CG set 3361 / 5603    610.9892 GFlop/s     (610.9892 GFlop/s per process)    59%    1379.6 sec left
CG set 3362 / 5603    610.9895 GFlop/s     (610.9895 GFlop/s per process)    60%    1378.9 sec left
CG set 3363 / 5603    610.9892 GFlop/s     (610.9892 GFlop/s per process)    60%    1378.3 sec left
CG set 3364 / 5603    610.9893 GFlop/s     (610.9893 GFlop/s per process)    60%    1377.6 sec left
CG set 3365 / 5603    610.9894 GFlop/s     (610.9894 GFlop/s per process)    60%    1377.0 sec left
CG set 3366 / 5603    610.9889 GFlop/s     (610.9889 GFlop/s per process)    60%    1376.3 sec left
CG set 3367 / 5603    610.9887 GFlop/s     (610.9887 GFlop/s per process)    60%    1375.6 sec left
CG set 3368 / 5603    610.9878 GFlop/s     (610.9878 GFlop/s per process)    60%    1375.0 sec left
CG set 3369 / 5603    610.9869 GFlop/s     (610.9869 GFlop/s per process)    60%    1374.3 sec left
CG set 3370 / 5603    610.9857 GFlop/s     (610.9857 GFlop/s per process)    60%    1373.6 sec left
CG set 3371 / 5603    610.9849 GFlop/s     (610.9849 GFlop/s per process)    60%    1373.0 sec left
CG set 3372 / 5603    610.9838 GFlop/s     (610.9838 GFlop/s per process)    60%    1372.3 sec left
CG set 3373 / 5603    610.9831 GFlop/s     (610.9831 GFlop/s per process)    60%    1371.7 sec left
CG set 3374 / 5603    610.9820 GFlop/s     (610.9820 GFlop/s per process)    60%    1371.0 sec left
CG set 3375 / 5603    610.9810 GFlop/s     (610.9810 GFlop/s per process)    60%    1370.3 sec left
CG set 3376 / 5603    610.9798 GFlop/s     (610.9798 GFlop/s per process)    60%    1369.7 sec left
CG set 3377 / 5603    610.9789 GFlop/s     (610.9789 GFlop/s per process)    60%    1369.0 sec left
CG set 3378 / 5603    610.9784 GFlop/s     (610.9784 GFlop/s per process)    60%    1368.3 sec left
CG set 3379 / 5603    610.9780 GFlop/s     (610.9780 GFlop/s per process)    60%    1367.7 sec left
CG set 3380 / 5603    610.9776 GFlop/s     (610.9776 GFlop/s per process)    60%    1367.0 sec left
CG set 3381 / 5603    610.9771 GFlop/s     (610.9771 GFlop/s per process)    60%    1366.3 sec left
CG set 3382 / 5603    610.9769 GFlop/s     (610.9769 GFlop/s per process)    60%    1365.7 sec left
CG set 3383 / 5603    610.9766 GFlop/s     (610.9766 GFlop/s per process)    60%    1365.0 sec left
CG set 3384 / 5603    610.9761 GFlop/s     (610.9761 GFlop/s per process)    60%    1364.4 sec left
CG set 3385 / 5603    610.9753 GFlop/s     (610.9753 GFlop/s per process)    60%    1363.7 sec left
CG set 3386 / 5603    610.9750 GFlop/s     (610.9750 GFlop/s per process)    60%    1363.0 sec left
CG set 3387 / 5603    610.9746 GFlop/s     (610.9746 GFlop/s per process)    60%    1362.4 sec left
CG set 3388 / 5603    610.9744 GFlop/s     (610.9744 GFlop/s per process)    60%    1361.7 sec left
CG set 3389 / 5603    610.9741 GFlop/s     (610.9741 GFlop/s per process)    60%    1361.0 sec left
CG set 3390 / 5603    610.9747 GFlop/s     (610.9747 GFlop/s per process)    60%    1360.4 sec left
CG set 3391 / 5603    610.9748 GFlop/s     (610.9748 GFlop/s per process)    60%    1359.7 sec left
CG set 3392 / 5603    610.9750 GFlop/s     (610.9750 GFlop/s per process)    60%    1359.1 sec left
CG set 3393 / 5603    610.9750 GFlop/s     (610.9750 GFlop/s per process)    60%    1358.4 sec left
CG set 3394 / 5603    610.9750 GFlop/s     (610.9750 GFlop/s per process)    60%    1357.7 sec left
CG set 3395 / 5603    610.9748 GFlop/s     (610.9748 GFlop/s per process)    60%    1357.1 sec left
CG set 3396 / 5603    610.9744 GFlop/s     (610.9744 GFlop/s per process)    60%    1356.4 sec left
CG set 3397 / 5603    610.9742 GFlop/s     (610.9742 GFlop/s per process)    60%    1355.8 sec left
CG set 3398 / 5603    610.9738 GFlop/s     (610.9738 GFlop/s per process)    60%    1355.1 sec left
CG set 3399 / 5603    610.9736 GFlop/s     (610.9736 GFlop/s per process)    60%    1354.4 sec left
CG set 3400 / 5603    610.9733 GFlop/s     (610.9733 GFlop/s per process)    60%    1353.8 sec left
CG set 3401 / 5603    610.9731 GFlop/s     (610.9731 GFlop/s per process)    60%    1353.1 sec left
CG set 3402 / 5603    610.9729 GFlop/s     (610.9729 GFlop/s per process)    60%    1352.5 sec left
CG set 3403 / 5603    610.9729 GFlop/s     (610.9729 GFlop/s per process)    60%    1351.8 sec left
CG set 3404 / 5603    610.9722 GFlop/s     (610.9722 GFlop/s per process)    60%    1351.1 sec left
CG set 3405 / 5603    610.9712 GFlop/s     (610.9712 GFlop/s per process)    60%    1350.5 sec left
CG set 3406 / 5603    610.9704 GFlop/s     (610.9704 GFlop/s per process)    60%    1349.8 sec left
CG set 3407 / 5603    610.9699 GFlop/s     (610.9699 GFlop/s per process)    60%    1349.1 sec left
CG set 3408 / 5603    610.9684 GFlop/s     (610.9684 GFlop/s per process)    60%    1348.5 sec left
CG set 3409 / 5603    610.9676 GFlop/s     (610.9676 GFlop/s per process)    60%    1347.8 sec left
CG set 3410 / 5603    610.9670 GFlop/s     (610.9670 GFlop/s per process)    60%    1347.1 sec left
CG set 3411 / 5603    610.9657 GFlop/s     (610.9657 GFlop/s per process)    60%    1346.5 sec left
CG set 3412 / 5603    610.9645 GFlop/s     (610.9645 GFlop/s per process)    60%    1345.8 sec left
CG set 3413 / 5603    610.9637 GFlop/s     (610.9637 GFlop/s per process)    60%    1345.2 sec left
CG set 3414 / 5603    610.9632 GFlop/s     (610.9632 GFlop/s per process)    60%    1344.5 sec left
CG set 3415 / 5603    610.9628 GFlop/s     (610.9628 GFlop/s per process)    60%    1343.8 sec left
CG set 3416 / 5603    610.9620 GFlop/s     (610.9620 GFlop/s per process)    60%    1343.2 sec left
CG set 3417 / 5603    610.9612 GFlop/s     (610.9612 GFlop/s per process)    60%    1342.5 sec left
CG set 3418 / 5603    610.9603 GFlop/s     (610.9603 GFlop/s per process)    61%    1341.8 sec left
CG set 3419 / 5603    610.9597 GFlop/s     (610.9597 GFlop/s per process)    61%    1341.2 sec left
CG set 3420 / 5603    610.9592 GFlop/s     (610.9592 GFlop/s per process)    61%    1340.5 sec left
CG set 3421 / 5603    610.9587 GFlop/s     (610.9587 GFlop/s per process)    61%    1339.9 sec left
CG set 3422 / 5603    610.9581 GFlop/s     (610.9581 GFlop/s per process)    61%    1339.2 sec left
CG set 3423 / 5603    610.9582 GFlop/s     (610.9582 GFlop/s per process)    61%    1338.5 sec left
CG set 3424 / 5603    610.9578 GFlop/s     (610.9578 GFlop/s per process)    61%    1337.9 sec left
CG set 3425 / 5603    610.9580 GFlop/s     (610.9580 GFlop/s per process)    61%    1337.2 sec left
CG set 3426 / 5603    610.9579 GFlop/s     (610.9579 GFlop/s per process)    61%    1336.5 sec left
CG set 3427 / 5603    610.9575 GFlop/s     (610.9575 GFlop/s per process)    61%    1335.9 sec left
CG set 3428 / 5603    610.9572 GFlop/s     (610.9572 GFlop/s per process)    61%    1335.2 sec left
CG set 3429 / 5603    610.9568 GFlop/s     (610.9568 GFlop/s per process)    61%    1334.6 sec left
CG set 3430 / 5603    610.9564 GFlop/s     (610.9564 GFlop/s per process)    61%    1333.9 sec left
CG set 3431 / 5603    610.9562 GFlop/s     (610.9562 GFlop/s per process)    61%    1333.2 sec left
CG set 3432 / 5603    610.9561 GFlop/s     (610.9561 GFlop/s per process)    61%    1332.6 sec left
CG set 3433 / 5603    610.9556 GFlop/s     (610.9556 GFlop/s per process)    61%    1331.9 sec left
CG set 3434 / 5603    610.9556 GFlop/s     (610.9556 GFlop/s per process)    61%    1331.3 sec left
CG set 3435 / 5603    610.9549 GFlop/s     (610.9549 GFlop/s per process)    61%    1330.6 sec left
CG set 3436 / 5603    610.9547 GFlop/s     (610.9547 GFlop/s per process)    61%    1329.9 sec left
CG set 3437 / 5603    610.9546 GFlop/s     (610.9546 GFlop/s per process)    61%    1329.3 sec left
CG set 3438 / 5603    610.9543 GFlop/s     (610.9543 GFlop/s per process)    61%    1328.6 sec left
CG set 3439 / 5603    610.9545 GFlop/s     (610.9545 GFlop/s per process)    61%    1327.9 sec left
CG set 3440 / 5603    610.9542 GFlop/s     (610.9542 GFlop/s per process)    61%    1327.3 sec left
CG set 3441 / 5603    610.9539 GFlop/s     (610.9539 GFlop/s per process)    61%    1326.6 sec left
CG set 3442 / 5603    610.9529 GFlop/s     (610.9529 GFlop/s per process)    61%    1326.0 sec left
CG set 3443 / 5603    610.9525 GFlop/s     (610.9525 GFlop/s per process)    61%    1325.3 sec left
CG set 3444 / 5603    610.9520 GFlop/s     (610.9520 GFlop/s per process)    61%    1324.6 sec left
CG set 3445 / 5603    610.9513 GFlop/s     (610.9513 GFlop/s per process)    61%    1324.0 sec left
CG set 3446 / 5603    610.9500 GFlop/s     (610.9500 GFlop/s per process)    61%    1323.3 sec left
CG set 3447 / 5603    610.9486 GFlop/s     (610.9486 GFlop/s per process)    61%    1322.6 sec left
CG set 3448 / 5603    610.9477 GFlop/s     (610.9477 GFlop/s per process)    61%    1322.0 sec left
CG set 3449 / 5603    610.9468 GFlop/s     (610.9468 GFlop/s per process)    61%    1321.3 sec left
CG set 3450 / 5603    610.9458 GFlop/s     (610.9458 GFlop/s per process)    61%    1320.6 sec left
CG set 3451 / 5603    610.9451 GFlop/s     (610.9451 GFlop/s per process)    61%    1320.0 sec left
CG set 3452 / 5603    610.9442 GFlop/s     (610.9442 GFlop/s per process)    61%    1319.3 sec left
CG set 3453 / 5603    610.9434 GFlop/s     (610.9434 GFlop/s per process)    61%    1318.7 sec left
CG set 3454 / 5603    610.9425 GFlop/s     (610.9425 GFlop/s per process)    61%    1318.0 sec left
CG set 3455 / 5603    610.9417 GFlop/s     (610.9417 GFlop/s per process)    61%    1317.3 sec left
CG set 3456 / 5603    610.9413 GFlop/s     (610.9413 GFlop/s per process)    61%    1316.7 sec left
CG set 3457 / 5603    610.9404 GFlop/s     (610.9404 GFlop/s per process)    61%    1316.0 sec left
CG set 3458 / 5603    610.9401 GFlop/s     (610.9401 GFlop/s per process)    61%    1315.3 sec left
CG set 3459 / 5603    610.9397 GFlop/s     (610.9397 GFlop/s per process)    61%    1314.7 sec left
CG set 3460 / 5603    610.9398 GFlop/s     (610.9398 GFlop/s per process)    61%    1314.0 sec left
CG set 3461 / 5603    610.9393 GFlop/s     (610.9393 GFlop/s per process)    61%    1313.4 sec left
CG set 3462 / 5603    610.9390 GFlop/s     (610.9390 GFlop/s per process)    61%    1312.7 sec left
CG set 3463 / 5603    610.9389 GFlop/s     (610.9389 GFlop/s per process)    61%    1312.0 sec left
CG set 3464 / 5603    610.9389 GFlop/s     (610.9389 GFlop/s per process)    61%    1311.4 sec left
CG set 3465 / 5603    610.9384 GFlop/s     (610.9384 GFlop/s per process)    61%    1310.7 sec left
CG set 3466 / 5603    610.9384 GFlop/s     (610.9384 GFlop/s per process)    61%    1310.0 sec left
CG set 3467 / 5603    610.9384 GFlop/s     (610.9384 GFlop/s per process)    61%    1309.4 sec left
CG set 3468 / 5603    610.9386 GFlop/s     (610.9386 GFlop/s per process)    61%    1308.7 sec left
CG set 3469 / 5603    610.9386 GFlop/s     (610.9386 GFlop/s per process)    61%    1308.1 sec left
CG set 3470 / 5603    610.9384 GFlop/s     (610.9384 GFlop/s per process)    61%    1307.4 sec left
CG set 3471 / 5603    610.9384 GFlop/s     (610.9384 GFlop/s per process)    61%    1306.7 sec left
CG set 3472 / 5603    610.9380 GFlop/s     (610.9380 GFlop/s per process)    61%    1306.1 sec left
CG set 3473 / 5603    610.9375 GFlop/s     (610.9375 GFlop/s per process)    61%    1305.4 sec left
CG set 3474 / 5603    610.9372 GFlop/s     (610.9372 GFlop/s per process)    62%    1304.8 sec left
CG set 3475 / 5603    610.9372 GFlop/s     (610.9372 GFlop/s per process)    62%    1304.1 sec left
CG set 3476 / 5603    610.9368 GFlop/s     (610.9368 GFlop/s per process)    62%    1303.4 sec left
CG set 3477 / 5603    610.9367 GFlop/s     (610.9367 GFlop/s per process)    62%    1302.8 sec left
CG set 3478 / 5603    610.9364 GFlop/s     (610.9364 GFlop/s per process)    62%    1302.1 sec left
CG set 3479 / 5603    610.9358 GFlop/s     (610.9358 GFlop/s per process)    62%    1301.4 sec left
CG set 3480 / 5603    610.9346 GFlop/s     (610.9346 GFlop/s per process)    62%    1300.8 sec left
CG set 3481 / 5603    610.9341 GFlop/s     (610.9341 GFlop/s per process)    62%    1300.1 sec left
CG set 3482 / 5603    610.9334 GFlop/s     (610.9334 GFlop/s per process)    62%    1299.5 sec left
CG set 3483 / 5603    610.9324 GFlop/s     (610.9324 GFlop/s per process)    62%    1298.8 sec left
CG set 3484 / 5603    610.9313 GFlop/s     (610.9313 GFlop/s per process)    62%    1298.1 sec left
CG set 3485 / 5603    610.9297 GFlop/s     (610.9297 GFlop/s per process)    62%    1297.5 sec left
CG set 3486 / 5603    610.9291 GFlop/s     (610.9291 GFlop/s per process)    62%    1296.8 sec left
CG set 3487 / 5603    610.9273 GFlop/s     (610.9273 GFlop/s per process)    62%    1296.1 sec left
CG set 3488 / 5603    610.9266 GFlop/s     (610.9266 GFlop/s per process)    62%    1295.5 sec left
CG set 3489 / 5603    610.9255 GFlop/s     (610.9255 GFlop/s per process)    62%    1294.8 sec left
CG set 3490 / 5603    610.9246 GFlop/s     (610.9246 GFlop/s per process)    62%    1294.1 sec left
CG set 3491 / 5603    610.9233 GFlop/s     (610.9233 GFlop/s per process)    62%    1293.5 sec left
CG set 3492 / 5603    610.9229 GFlop/s     (610.9229 GFlop/s per process)    62%    1292.8 sec left
CG set 3493 / 5603    610.9222 GFlop/s     (610.9222 GFlop/s per process)    62%    1292.1 sec left
CG set 3494 / 5603    610.9224 GFlop/s     (610.9224 GFlop/s per process)    62%    1291.5 sec left
CG set 3495 / 5603    610.9218 GFlop/s     (610.9218 GFlop/s per process)    62%    1290.8 sec left
CG set 3496 / 5603    610.9216 GFlop/s     (610.9216 GFlop/s per process)    62%    1290.2 sec left
CG set 3497 / 5603    610.9214 GFlop/s     (610.9214 GFlop/s per process)    62%    1289.5 sec left
CG set 3498 / 5603    610.9207 GFlop/s     (610.9207 GFlop/s per process)    62%    1288.8 sec left
CG set 3499 / 5603    610.9202 GFlop/s     (610.9202 GFlop/s per process)    62%    1288.2 sec left
CG set 3500 / 5603    610.9203 GFlop/s     (610.9203 GFlop/s per process)    62%    1287.5 sec left
CG set 3501 / 5603    610.9199 GFlop/s     (610.9199 GFlop/s per process)    62%    1286.8 sec left
CG set 3502 / 5603    610.9196 GFlop/s     (610.9196 GFlop/s per process)    62%    1286.2 sec left
CG set 3503 / 5603    610.9194 GFlop/s     (610.9194 GFlop/s per process)    62%    1285.5 sec left
CG set 3504 / 5603    610.9195 GFlop/s     (610.9195 GFlop/s per process)    62%    1284.9 sec left
CG set 3505 / 5603    610.9195 GFlop/s     (610.9195 GFlop/s per process)    62%    1284.2 sec left
CG set 3506 / 5603    610.9190 GFlop/s     (610.9190 GFlop/s per process)    62%    1283.5 sec left
CG set 3507 / 5603    610.9190 GFlop/s     (610.9190 GFlop/s per process)    62%    1282.9 sec left
CG set 3508 / 5603    610.9190 GFlop/s     (610.9190 GFlop/s per process)    62%    1282.2 sec left
CG set 3509 / 5603    610.9190 GFlop/s     (610.9190 GFlop/s per process)    62%    1281.6 sec left
CG set 3510 / 5603    610.9188 GFlop/s     (610.9188 GFlop/s per process)    62%    1280.9 sec left
CG set 3511 / 5603    610.9185 GFlop/s     (610.9185 GFlop/s per process)    62%    1280.2 sec left
CG set 3512 / 5603    610.9189 GFlop/s     (610.9189 GFlop/s per process)    62%    1279.6 sec left
CG set 3513 / 5603    610.9190 GFlop/s     (610.9190 GFlop/s per process)    62%    1278.9 sec left
CG set 3514 / 5603    610.9190 GFlop/s     (610.9190 GFlop/s per process)    62%    1278.3 sec left
CG set 3515 / 5603    610.9193 GFlop/s     (610.9193 GFlop/s per process)    62%    1277.6 sec left
CG set 3516 / 5603    610.9192 GFlop/s     (610.9192 GFlop/s per process)    62%    1276.9 sec left
CG set 3517 / 5603    610.9190 GFlop/s     (610.9190 GFlop/s per process)    62%    1276.3 sec left
CG set 3518 / 5603    610.9182 GFlop/s     (610.9182 GFlop/s per process)    62%    1275.6 sec left
CG set 3519 / 5603    610.9173 GFlop/s     (610.9173 GFlop/s per process)    62%    1274.9 sec left
CG set 3520 / 5603    610.9165 GFlop/s     (610.9165 GFlop/s per process)    62%    1274.3 sec left
CG set 3521 / 5603    610.9154 GFlop/s     (610.9154 GFlop/s per process)    62%    1273.6 sec left
CG set 3522 / 5603    610.9141 GFlop/s     (610.9141 GFlop/s per process)    62%    1273.0 sec left
CG set 3523 / 5603    610.9128 GFlop/s     (610.9128 GFlop/s per process)    62%    1272.3 sec left
CG set 3524 / 5603    610.9121 GFlop/s     (610.9121 GFlop/s per process)    62%    1271.6 sec left
CG set 3525 / 5603    610.9107 GFlop/s     (610.9107 GFlop/s per process)    62%    1271.0 sec left
CG set 3526 / 5603    610.9098 GFlop/s     (610.9098 GFlop/s per process)    62%    1270.3 sec left
CG set 3527 / 5603    610.9088 GFlop/s     (610.9088 GFlop/s per process)    62%    1269.6 sec left
CG set 3528 / 5603    610.9077 GFlop/s     (610.9077 GFlop/s per process)    62%    1269.0 sec left
CG set 3529 / 5603    610.9068 GFlop/s     (610.9068 GFlop/s per process)    62%    1268.3 sec left
CG set 3530 / 5603    610.9063 GFlop/s     (610.9063 GFlop/s per process)    63%    1267.6 sec left
CG set 3531 / 5603    610.9056 GFlop/s     (610.9056 GFlop/s per process)    63%    1267.0 sec left
CG set 3532 / 5603    610.9055 GFlop/s     (610.9055 GFlop/s per process)    63%    1266.3 sec left
CG set 3533 / 5603    610.9046 GFlop/s     (610.9046 GFlop/s per process)    63%    1265.6 sec left
CG set 3534 / 5603    610.9048 GFlop/s     (610.9048 GFlop/s per process)    63%    1265.0 sec left
CG set 3535 / 5603    610.9041 GFlop/s     (610.9041 GFlop/s per process)    63%    1264.3 sec left
CG set 3536 / 5603    610.9039 GFlop/s     (610.9039 GFlop/s per process)    63%    1263.7 sec left
CG set 3537 / 5603    610.9039 GFlop/s     (610.9039 GFlop/s per process)    63%    1263.0 sec left
CG set 3538 / 5603    610.9041 GFlop/s     (610.9041 GFlop/s per process)    63%    1262.3 sec left
CG set 3539 / 5603    610.9041 GFlop/s     (610.9041 GFlop/s per process)    63%    1261.7 sec left
CG set 3540 / 5603    610.9042 GFlop/s     (610.9042 GFlop/s per process)    63%    1261.0 sec left
CG set 3541 / 5603    610.9036 GFlop/s     (610.9036 GFlop/s per process)    63%    1260.4 sec left
CG set 3542 / 5603    610.9035 GFlop/s     (610.9035 GFlop/s per process)    63%    1259.7 sec left
CG set 3543 / 5603    610.9031 GFlop/s     (610.9031 GFlop/s per process)    63%    1259.0 sec left
CG set 3544 / 5603    610.9032 GFlop/s     (610.9032 GFlop/s per process)    63%    1258.4 sec left
CG set 3545 / 5603    610.9032 GFlop/s     (610.9032 GFlop/s per process)    63%    1257.7 sec left
CG set 3546 / 5603    610.9029 GFlop/s     (610.9029 GFlop/s per process)    63%    1257.1 sec left
CG set 3547 / 5603    610.9030 GFlop/s     (610.9030 GFlop/s per process)    63%    1256.4 sec left
CG set 3548 / 5603    610.9030 GFlop/s     (610.9030 GFlop/s per process)    63%    1255.7 sec left
CG set 3549 / 5603    610.9028 GFlop/s     (610.9028 GFlop/s per process)    63%    1255.1 sec left
CG set 3550 / 5603    610.9026 GFlop/s     (610.9026 GFlop/s per process)    63%    1254.4 sec left
CG set 3551 / 5603    610.9022 GFlop/s     (610.9022 GFlop/s per process)    63%    1253.7 sec left
CG set 3552 / 5603    610.9017 GFlop/s     (610.9017 GFlop/s per process)    63%    1253.1 sec left
CG set 3553 / 5603    610.9016 GFlop/s     (610.9016 GFlop/s per process)    63%    1252.4 sec left
CG set 3554 / 5603    610.9015 GFlop/s     (610.9015 GFlop/s per process)    63%    1251.8 sec left
CG set 3555 / 5603    610.9008 GFlop/s     (610.9008 GFlop/s per process)    63%    1251.1 sec left
CG set 3556 / 5603    610.9004 GFlop/s     (610.9004 GFlop/s per process)    63%    1250.4 sec left
CG set 3557 / 5603    610.8997 GFlop/s     (610.8997 GFlop/s per process)    63%    1249.8 sec left
CG set 3558 / 5603    610.8985 GFlop/s     (610.8985 GFlop/s per process)    63%    1249.1 sec left
CG set 3559 / 5603    610.8975 GFlop/s     (610.8975 GFlop/s per process)    63%    1248.4 sec left
CG set 3560 / 5603    610.8967 GFlop/s     (610.8967 GFlop/s per process)    63%    1247.8 sec left
CG set 3561 / 5603    610.8955 GFlop/s     (610.8955 GFlop/s per process)    63%    1247.1 sec left
CG set 3562 / 5603    610.8944 GFlop/s     (610.8944 GFlop/s per process)    63%    1246.4 sec left
CG set 3563 / 5603    610.8936 GFlop/s     (610.8936 GFlop/s per process)    63%    1245.8 sec left
CG set 3564 / 5603    610.8924 GFlop/s     (610.8924 GFlop/s per process)    63%    1245.1 sec left
CG set 3565 / 5603    610.8915 GFlop/s     (610.8915 GFlop/s per process)    63%    1244.5 sec left
CG set 3566 / 5603    610.8909 GFlop/s     (610.8909 GFlop/s per process)    63%    1243.8 sec left
CG set 3567 / 5603    610.8903 GFlop/s     (610.8903 GFlop/s per process)    63%    1243.1 sec left
CG set 3568 / 5603    610.8897 GFlop/s     (610.8897 GFlop/s per process)    63%    1242.5 sec left
CG set 3569 / 5603    610.8888 GFlop/s     (610.8888 GFlop/s per process)    63%    1241.8 sec left
CG set 3570 / 5603    610.8887 GFlop/s     (610.8887 GFlop/s per process)    63%    1241.1 sec left
CG set 3571 / 5603    610.8888 GFlop/s     (610.8888 GFlop/s per process)    63%    1240.5 sec left
CG set 3572 / 5603    610.8882 GFlop/s     (610.8882 GFlop/s per process)    63%    1239.8 sec left
CG set 3573 / 5603    610.8880 GFlop/s     (610.8880 GFlop/s per process)    63%    1239.2 sec left
CG set 3574 / 5603    610.8878 GFlop/s     (610.8878 GFlop/s per process)    63%    1238.5 sec left
CG set 3575 / 5603    610.8876 GFlop/s     (610.8876 GFlop/s per process)    63%    1237.8 sec left
CG set 3576 / 5603    610.8873 GFlop/s     (610.8873 GFlop/s per process)    63%    1237.2 sec left
CG set 3577 / 5603    610.8869 GFlop/s     (610.8869 GFlop/s per process)    63%    1236.5 sec left
CG set 3578 / 5603    610.8868 GFlop/s     (610.8868 GFlop/s per process)    63%    1235.8 sec left
CG set 3579 / 5603    610.8869 GFlop/s     (610.8869 GFlop/s per process)    63%    1235.2 sec left
CG set 3580 / 5603    610.8863 GFlop/s     (610.8863 GFlop/s per process)    63%    1234.5 sec left
CG set 3581 / 5603    610.8861 GFlop/s     (610.8861 GFlop/s per process)    63%    1233.9 sec left
CG set 3582 / 5603    610.8860 GFlop/s     (610.8860 GFlop/s per process)    63%    1233.2 sec left
CG set 3583 / 5603    610.8857 GFlop/s     (610.8857 GFlop/s per process)    63%    1232.5 sec left
CG set 3584 / 5603    610.8858 GFlop/s     (610.8858 GFlop/s per process)    63%    1231.9 sec left
CG set 3585 / 5603    610.8857 GFlop/s     (610.8857 GFlop/s per process)    63%    1231.2 sec left
CG set 3586 / 5603    610.8854 GFlop/s     (610.8854 GFlop/s per process)    64%    1230.6 sec left
CG set 3587 / 5603    610.8858 GFlop/s     (610.8858 GFlop/s per process)    64%    1229.9 sec left
CG set 3588 / 5603    610.8856 GFlop/s     (610.8856 GFlop/s per process)    64%    1229.2 sec left
CG set 3589 / 5603    610.8859 GFlop/s     (610.8859 GFlop/s per process)    64%    1228.6 sec left
CG set 3590 / 5603    610.8862 GFlop/s     (610.8862 GFlop/s per process)    64%    1227.9 sec left
CG set 3591 / 5603    610.8863 GFlop/s     (610.8863 GFlop/s per process)    64%    1227.3 sec left
CG set 3592 / 5603    610.8862 GFlop/s     (610.8862 GFlop/s per process)    64%    1226.6 sec left
CG set 3593 / 5603    610.8852 GFlop/s     (610.8852 GFlop/s per process)    64%    1225.9 sec left
CG set 3594 / 5603    610.8849 GFlop/s     (610.8849 GFlop/s per process)    64%    1225.3 sec left
CG set 3595 / 5603    610.8845 GFlop/s     (610.8845 GFlop/s per process)    64%    1224.6 sec left
CG set 3596 / 5603    610.8835 GFlop/s     (610.8835 GFlop/s per process)    64%    1223.9 sec left
CG set 3597 / 5603    610.8819 GFlop/s     (610.8819 GFlop/s per process)    64%    1223.3 sec left
CG set 3598 / 5603    610.8806 GFlop/s     (610.8806 GFlop/s per process)    64%    1222.6 sec left
CG set 3599 / 5603    610.8793 GFlop/s     (610.8793 GFlop/s per process)    64%    1221.9 sec left
CG set 3600 / 5603    610.8781 GFlop/s     (610.8781 GFlop/s per process)    64%    1221.3 sec left
CG set 3601 / 5603    610.8771 GFlop/s     (610.8771 GFlop/s per process)    64%    1220.6 sec left
CG set 3602 / 5603    610.8764 GFlop/s     (610.8764 GFlop/s per process)    64%    1219.9 sec left
CG set 3603 / 5603    610.8758 GFlop/s     (610.8758 GFlop/s per process)    64%    1219.3 sec left
CG set 3604 / 5603    610.8750 GFlop/s     (610.8750 GFlop/s per process)    64%    1218.6 sec left
CG set 3605 / 5603    610.8745 GFlop/s     (610.8745 GFlop/s per process)    64%    1218.0 sec left
CG set 3606 / 5603    610.8738 GFlop/s     (610.8738 GFlop/s per process)    64%    1217.3 sec left
CG set 3607 / 5603    610.8731 GFlop/s     (610.8731 GFlop/s per process)    64%    1216.6 sec left
CG set 3608 / 5603    610.8729 GFlop/s     (610.8729 GFlop/s per process)    64%    1216.0 sec left
CG set 3609 / 5603    610.8726 GFlop/s     (610.8726 GFlop/s per process)    64%    1215.3 sec left
CG set 3610 / 5603    610.8719 GFlop/s     (610.8719 GFlop/s per process)    64%    1214.6 sec left
CG set 3611 / 5603    610.8715 GFlop/s     (610.8715 GFlop/s per process)    64%    1214.0 sec left
CG set 3612 / 5603    610.8710 GFlop/s     (610.8710 GFlop/s per process)    64%    1213.3 sec left
CG set 3613 / 5603    610.8708 GFlop/s     (610.8708 GFlop/s per process)    64%    1212.7 sec left
CG set 3614 / 5603    610.8704 GFlop/s     (610.8704 GFlop/s per process)    64%    1212.0 sec left
CG set 3615 / 5603    610.8701 GFlop/s     (610.8701 GFlop/s per process)    64%    1211.3 sec left
CG set 3616 / 5603    610.8698 GFlop/s     (610.8698 GFlop/s per process)    64%    1210.7 sec left
CG set 3617 / 5603    610.8697 GFlop/s     (610.8697 GFlop/s per process)    64%    1210.0 sec left
CG set 3618 / 5603    610.8696 GFlop/s     (610.8696 GFlop/s per process)    64%    1209.3 sec left
CG set 3619 / 5603    610.8699 GFlop/s     (610.8699 GFlop/s per process)    64%    1208.7 sec left
CG set 3620 / 5603    610.8697 GFlop/s     (610.8697 GFlop/s per process)    64%    1208.0 sec left
CG set 3621 / 5603    610.8691 GFlop/s     (610.8691 GFlop/s per process)    64%    1207.4 sec left
CG set 3622 / 5603    610.8690 GFlop/s     (610.8690 GFlop/s per process)    64%    1206.7 sec left
CG set 3623 / 5603    610.8685 GFlop/s     (610.8685 GFlop/s per process)    64%    1206.0 sec left
CG set 3624 / 5603    610.8681 GFlop/s     (610.8681 GFlop/s per process)    64%    1205.4 sec left
CG set 3625 / 5603    610.8686 GFlop/s     (610.8686 GFlop/s per process)    64%    1204.7 sec left
CG set 3626 / 5603    610.8685 GFlop/s     (610.8685 GFlop/s per process)    64%    1204.1 sec left
CG set 3627 / 5603    610.8686 GFlop/s     (610.8686 GFlop/s per process)    64%    1203.4 sec left
CG set 3628 / 5603    610.8689 GFlop/s     (610.8689 GFlop/s per process)    64%    1202.7 sec left
CG set 3629 / 5603    610.8687 GFlop/s     (610.8687 GFlop/s per process)    64%    1202.1 sec left
CG set 3630 / 5603    610.8684 GFlop/s     (610.8684 GFlop/s per process)    64%    1201.4 sec left
CG set 3631 / 5603    610.8680 GFlop/s     (610.8680 GFlop/s per process)    64%    1200.8 sec left
CG set 3632 / 5603    610.8674 GFlop/s     (610.8674 GFlop/s per process)    64%    1200.1 sec left
CG set 3633 / 5603    610.8668 GFlop/s     (610.8668 GFlop/s per process)    64%    1199.4 sec left
CG set 3634 / 5603    610.8660 GFlop/s     (610.8660 GFlop/s per process)    64%    1198.8 sec left
CG set 3635 / 5603    610.8647 GFlop/s     (610.8647 GFlop/s per process)    64%    1198.1 sec left
CG set 3636 / 5603    610.8636 GFlop/s     (610.8636 GFlop/s per process)    64%    1197.4 sec left
CG set 3637 / 5603    610.8625 GFlop/s     (610.8625 GFlop/s per process)    64%    1196.8 sec left
CG set 3638 / 5603    610.8612 GFlop/s     (610.8612 GFlop/s per process)    64%    1196.1 sec left
CG set 3639 / 5603    610.8599 GFlop/s     (610.8599 GFlop/s per process)    64%    1195.4 sec left
CG set 3640 / 5603    610.8590 GFlop/s     (610.8590 GFlop/s per process)    64%    1194.8 sec left
CG set 3641 / 5603    610.8584 GFlop/s     (610.8584 GFlop/s per process)    64%    1194.1 sec left
CG set 3642 / 5603    610.8577 GFlop/s     (610.8577 GFlop/s per process)    65%    1193.4 sec left
CG set 3643 / 5603    610.8572 GFlop/s     (610.8572 GFlop/s per process)    65%    1192.8 sec left
CG set 3644 / 5603    610.8564 GFlop/s     (610.8564 GFlop/s per process)    65%    1192.1 sec left
CG set 3645 / 5603    610.8561 GFlop/s     (610.8561 GFlop/s per process)    65%    1191.5 sec left
CG set 3646 / 5603    610.8555 GFlop/s     (610.8555 GFlop/s per process)    65%    1190.8 sec left
CG set 3647 / 5603    610.8551 GFlop/s     (610.8551 GFlop/s per process)    65%    1190.1 sec left
CG set 3648 / 5603    610.8551 GFlop/s     (610.8551 GFlop/s per process)    65%    1189.5 sec left
CG set 3649 / 5603    610.8554 GFlop/s     (610.8554 GFlop/s per process)    65%    1188.8 sec left
CG set 3650 / 5603    610.8548 GFlop/s     (610.8548 GFlop/s per process)    65%    1188.1 sec left
CG set 3651 / 5603    610.8543 GFlop/s     (610.8543 GFlop/s per process)    65%    1187.5 sec left
CG set 3652 / 5603    610.8539 GFlop/s     (610.8539 GFlop/s per process)    65%    1186.8 sec left
CG set 3653 / 5603    610.8542 GFlop/s     (610.8542 GFlop/s per process)    65%    1186.2 sec left
CG set 3654 / 5603    610.8541 GFlop/s     (610.8541 GFlop/s per process)    65%    1185.5 sec left
CG set 3655 / 5603    610.8540 GFlop/s     (610.8540 GFlop/s per process)    65%    1184.8 sec left
CG set 3656 / 5603    610.8540 GFlop/s     (610.8540 GFlop/s per process)    65%    1184.2 sec left
CG set 3657 / 5603    610.8540 GFlop/s     (610.8540 GFlop/s per process)    65%    1183.5 sec left
CG set 3658 / 5603    610.8537 GFlop/s     (610.8537 GFlop/s per process)    65%    1182.9 sec left
CG set 3659 / 5603    610.8540 GFlop/s     (610.8540 GFlop/s per process)    65%    1182.2 sec left
CG set 3660 / 5603    610.8538 GFlop/s     (610.8538 GFlop/s per process)    65%    1181.5 sec left
CG set 3661 / 5603    610.8540 GFlop/s     (610.8540 GFlop/s per process)    65%    1180.9 sec left
CG set 3662 / 5603    610.8539 GFlop/s     (610.8539 GFlop/s per process)    65%    1180.2 sec left
CG set 3663 / 5603    610.8537 GFlop/s     (610.8537 GFlop/s per process)    65%    1179.5 sec left
CG set 3664 / 5603    610.8538 GFlop/s     (610.8538 GFlop/s per process)    65%    1178.9 sec left
CG set 3665 / 5603    610.8533 GFlop/s     (610.8533 GFlop/s per process)    65%    1178.2 sec left
CG set 3666 / 5603    610.8533 GFlop/s     (610.8533 GFlop/s per process)    65%    1177.6 sec left
CG set 3667 / 5603    610.8531 GFlop/s     (610.8531 GFlop/s per process)    65%    1176.9 sec left
CG set 3668 / 5603    610.8526 GFlop/s     (610.8526 GFlop/s per process)    65%    1176.2 sec left
CG set 3669 / 5603    610.8522 GFlop/s     (610.8522 GFlop/s per process)    65%    1175.6 sec left
CG set 3670 / 5603    610.8513 GFlop/s     (610.8513 GFlop/s per process)    65%    1174.9 sec left
CG set 3671 / 5603    610.8506 GFlop/s     (610.8506 GFlop/s per process)    65%    1174.2 sec left
CG set 3672 / 5603    610.8499 GFlop/s     (610.8499 GFlop/s per process)    65%    1173.6 sec left
CG set 3673 / 5603    610.8487 GFlop/s     (610.8487 GFlop/s per process)    65%    1172.9 sec left
CG set 3674 / 5603    610.8475 GFlop/s     (610.8475 GFlop/s per process)    65%    1172.3 sec left
CG set 3675 / 5603    610.8465 GFlop/s     (610.8465 GFlop/s per process)    65%    1171.6 sec left
CG set 3676 / 5603    610.8459 GFlop/s     (610.8459 GFlop/s per process)    65%    1170.9 sec left
CG set 3677 / 5603    610.8451 GFlop/s     (610.8451 GFlop/s per process)    65%    1170.3 sec left
CG set 3678 / 5603    610.8446 GFlop/s     (610.8446 GFlop/s per process)    65%    1169.6 sec left
CG set 3679 / 5603    610.8435 GFlop/s     (610.8435 GFlop/s per process)    65%    1168.9 sec left
CG set 3680 / 5603    610.8431 GFlop/s     (610.8431 GFlop/s per process)    65%    1168.3 sec left
CG set 3681 / 5603    610.8424 GFlop/s     (610.8424 GFlop/s per process)    65%    1167.6 sec left
CG set 3682 / 5603    610.8414 GFlop/s     (610.8414 GFlop/s per process)    65%    1166.9 sec left
CG set 3683 / 5603    610.8410 GFlop/s     (610.8410 GFlop/s per process)    65%    1166.3 sec left
CG set 3684 / 5603    610.8408 GFlop/s     (610.8408 GFlop/s per process)    65%    1165.6 sec left
CG set 3685 / 5603    610.8405 GFlop/s     (610.8405 GFlop/s per process)    65%    1165.0 sec left
CG set 3686 / 5603    610.8406 GFlop/s     (610.8406 GFlop/s per process)    65%    1164.3 sec left
CG set 3687 / 5603    610.8403 GFlop/s     (610.8403 GFlop/s per process)    65%    1163.6 sec left
CG set 3688 / 5603    610.8405 GFlop/s     (610.8405 GFlop/s per process)    65%    1163.0 sec left
CG set 3689 / 5603    610.8401 GFlop/s     (610.8401 GFlop/s per process)    65%    1162.3 sec left
CG set 3690 / 5603    610.8393 GFlop/s     (610.8393 GFlop/s per process)    65%    1161.6 sec left
CG set 3691 / 5603    610.8391 GFlop/s     (610.8391 GFlop/s per process)    65%    1161.0 sec left
CG set 3692 / 5603    610.8390 GFlop/s     (610.8390 GFlop/s per process)    65%    1160.3 sec left
CG set 3693 / 5603    610.8387 GFlop/s     (610.8387 GFlop/s per process)    65%    1159.7 sec left
CG set 3694 / 5603    610.8381 GFlop/s     (610.8381 GFlop/s per process)    65%    1159.0 sec left
CG set 3695 / 5603    610.8383 GFlop/s     (610.8383 GFlop/s per process)    65%    1158.3 sec left
CG set 3696 / 5603    610.8384 GFlop/s     (610.8384 GFlop/s per process)    65%    1157.7 sec left
CG set 3697 / 5603    610.8383 GFlop/s     (610.8383 GFlop/s per process)    65%    1157.0 sec left
CG set 3698 / 5603    610.8383 GFlop/s     (610.8383 GFlop/s per process)    66%    1156.4 sec left
CG set 3699 / 5603    610.8382 GFlop/s     (610.8382 GFlop/s per process)    66%    1155.7 sec left
CG set 3700 / 5603    610.8386 GFlop/s     (610.8386 GFlop/s per process)    66%    1155.0 sec left
CG set 3701 / 5603    610.8386 GFlop/s     (610.8386 GFlop/s per process)    66%    1154.4 sec left
CG set 3702 / 5603    610.8384 GFlop/s     (610.8384 GFlop/s per process)    66%    1153.7 sec left
CG set 3703 / 5603    610.8383 GFlop/s     (610.8383 GFlop/s per process)    66%    1153.1 sec left
CG set 3704 / 5603    610.8381 GFlop/s     (610.8381 GFlop/s per process)    66%    1152.4 sec left
CG set 3705 / 5603    610.8379 GFlop/s     (610.8379 GFlop/s per process)    66%    1151.7 sec left
CG set 3706 / 5603    610.8376 GFlop/s     (610.8376 GFlop/s per process)    66%    1151.1 sec left
CG set 3707 / 5603    610.8371 GFlop/s     (610.8371 GFlop/s per process)    66%    1150.4 sec left
CG set 3708 / 5603    610.8370 GFlop/s     (610.8370 GFlop/s per process)    66%    1149.7 sec left
CG set 3709 / 5603    610.8365 GFlop/s     (610.8365 GFlop/s per process)    66%    1149.1 sec left
CG set 3710 / 5603    610.8355 GFlop/s     (610.8355 GFlop/s per process)    66%    1148.4 sec left
CG set 3711 / 5603    610.8348 GFlop/s     (610.8348 GFlop/s per process)    66%    1147.8 sec left
CG set 3712 / 5603    610.8340 GFlop/s     (610.8340 GFlop/s per process)    66%    1147.1 sec left
CG set 3713 / 5603    610.8333 GFlop/s     (610.8333 GFlop/s per process)    66%    1146.4 sec left
CG set 3714 / 5603    610.8324 GFlop/s     (610.8324 GFlop/s per process)    66%    1145.8 sec left
CG set 3715 / 5603    610.8317 GFlop/s     (610.8317 GFlop/s per process)    66%    1145.1 sec left
CG set 3716 / 5603    610.8310 GFlop/s     (610.8310 GFlop/s per process)    66%    1144.4 sec left
CG set 3717 / 5603    610.8309 GFlop/s     (610.8309 GFlop/s per process)    66%    1143.8 sec left
CG set 3718 / 5603    610.8302 GFlop/s     (610.8302 GFlop/s per process)    66%    1143.1 sec left
CG set 3719 / 5603    610.8299 GFlop/s     (610.8299 GFlop/s per process)    66%    1142.4 sec left
CG set 3720 / 5603    610.8294 GFlop/s     (610.8294 GFlop/s per process)    66%    1141.8 sec left
CG set 3721 / 5603    610.8287 GFlop/s     (610.8287 GFlop/s per process)    66%    1141.1 sec left
CG set 3722 / 5603    610.8279 GFlop/s     (610.8279 GFlop/s per process)    66%    1140.5 sec left
CG set 3723 / 5603    610.8277 GFlop/s     (610.8277 GFlop/s per process)    66%    1139.8 sec left
CG set 3724 / 5603    610.8276 GFlop/s     (610.8276 GFlop/s per process)    66%    1139.1 sec left
CG set 3725 / 5603    610.8271 GFlop/s     (610.8271 GFlop/s per process)    66%    1138.5 sec left
CG set 3726 / 5603    610.8271 GFlop/s     (610.8271 GFlop/s per process)    66%    1137.8 sec left
CG set 3727 / 5603    610.8266 GFlop/s     (610.8266 GFlop/s per process)    66%    1137.1 sec left
CG set 3728 / 5603    610.8263 GFlop/s     (610.8263 GFlop/s per process)    66%    1136.5 sec left
CG set 3729 / 5603    610.8259 GFlop/s     (610.8259 GFlop/s per process)    66%    1135.8 sec left
CG set 3730 / 5603    610.8260 GFlop/s     (610.8260 GFlop/s per process)    66%    1135.2 sec left
CG set 3731 / 5603    610.8257 GFlop/s     (610.8257 GFlop/s per process)    66%    1134.5 sec left
CG set 3732 / 5603    610.8258 GFlop/s     (610.8258 GFlop/s per process)    66%    1133.8 sec left
CG set 3733 / 5603    610.8256 GFlop/s     (610.8256 GFlop/s per process)    66%    1133.2 sec left
CG set 3734 / 5603    610.8259 GFlop/s     (610.8259 GFlop/s per process)    66%    1132.5 sec left
CG set 3735 / 5603    610.8261 GFlop/s     (610.8261 GFlop/s per process)    66%    1131.9 sec left
CG set 3736 / 5603    610.8264 GFlop/s     (610.8264 GFlop/s per process)    66%    1131.2 sec left
CG set 3737 / 5603    610.8265 GFlop/s     (610.8265 GFlop/s per process)    66%    1130.5 sec left
CG set 3738 / 5603    610.8267 GFlop/s     (610.8267 GFlop/s per process)    66%    1129.9 sec left
CG set 3739 / 5603    610.8267 GFlop/s     (610.8267 GFlop/s per process)    66%    1129.2 sec left
CG set 3740 / 5603    610.8263 GFlop/s     (610.8263 GFlop/s per process)    66%    1128.6 sec left
CG set 3741 / 5603    610.8262 GFlop/s     (610.8262 GFlop/s per process)    66%    1127.9 sec left
CG set 3742 / 5603    610.8260 GFlop/s     (610.8260 GFlop/s per process)    66%    1127.2 sec left
CG set 3743 / 5603    610.8263 GFlop/s     (610.8263 GFlop/s per process)    66%    1126.6 sec left
CG set 3744 / 5603    610.8263 GFlop/s     (610.8263 GFlop/s per process)    66%    1125.9 sec left
CG set 3745 / 5603    610.8260 GFlop/s     (610.8260 GFlop/s per process)    66%    1125.3 sec left
CG set 3746 / 5603    610.8251 GFlop/s     (610.8251 GFlop/s per process)    66%    1124.6 sec left
CG set 3747 / 5603    610.8241 GFlop/s     (610.8241 GFlop/s per process)    66%    1123.9 sec left
CG set 3748 / 5603    610.8229 GFlop/s     (610.8229 GFlop/s per process)    66%    1123.3 sec left
CG set 3749 / 5603    610.8222 GFlop/s     (610.8222 GFlop/s per process)    66%    1122.6 sec left
CG set 3750 / 5603    610.8215 GFlop/s     (610.8215 GFlop/s per process)    66%    1121.9 sec left
CG set 3751 / 5603    610.8206 GFlop/s     (610.8206 GFlop/s per process)    66%    1121.3 sec left
CG set 3752 / 5603    610.8206 GFlop/s     (610.8206 GFlop/s per process)    66%    1120.6 sec left
CG set 3753 / 5603    610.8198 GFlop/s     (610.8198 GFlop/s per process)    66%    1119.9 sec left
CG set 3754 / 5603    610.8194 GFlop/s     (610.8194 GFlop/s per process)    66%    1119.3 sec left
CG set 3755 / 5603    610.8187 GFlop/s     (610.8187 GFlop/s per process)    67%    1118.6 sec left
CG set 3756 / 5603    610.8183 GFlop/s     (610.8183 GFlop/s per process)    67%    1117.9 sec left
CG set 3757 / 5603    610.8177 GFlop/s     (610.8177 GFlop/s per process)    67%    1117.3 sec left
CG set 3758 / 5603    610.8172 GFlop/s     (610.8172 GFlop/s per process)    67%    1116.6 sec left
CG set 3759 / 5603    610.8165 GFlop/s     (610.8165 GFlop/s per process)    67%    1116.0 sec left
CG set 3760 / 5603    610.8157 GFlop/s     (610.8157 GFlop/s per process)    67%    1115.3 sec left
CG set 3761 / 5603    610.8160 GFlop/s     (610.8160 GFlop/s per process)    67%    1114.6 sec left
CG set 3762 / 5603    610.8155 GFlop/s     (610.8155 GFlop/s per process)    67%    1114.0 sec left
CG set 3763 / 5603    610.8155 GFlop/s     (610.8155 GFlop/s per process)    67%    1113.3 sec left
CG set 3764 / 5603    610.8154 GFlop/s     (610.8154 GFlop/s per process)    67%    1112.7 sec left
CG set 3765 / 5603    610.8151 GFlop/s     (610.8151 GFlop/s per process)    67%    1112.0 sec left
CG set 3766 / 5603    610.8145 GFlop/s     (610.8145 GFlop/s per process)    67%    1111.3 sec left
CG set 3767 / 5603    610.8147 GFlop/s     (610.8147 GFlop/s per process)    67%    1110.7 sec left
CG set 3768 / 5603    610.8141 GFlop/s     (610.8141 GFlop/s per process)    67%    1110.0 sec left
CG set 3769 / 5603    610.8141 GFlop/s     (610.8141 GFlop/s per process)    67%    1109.3 sec left
CG set 3770 / 5603    610.8140 GFlop/s     (610.8140 GFlop/s per process)    67%    1108.7 sec left
CG set 3771 / 5603    610.8139 GFlop/s     (610.8139 GFlop/s per process)    67%    1108.0 sec left
CG set 3772 / 5603    610.8136 GFlop/s     (610.8136 GFlop/s per process)    67%    1107.4 sec left
CG set 3773 / 5603    610.8135 GFlop/s     (610.8135 GFlop/s per process)    67%    1106.7 sec left
CG set 3774 / 5603    610.8138 GFlop/s     (610.8138 GFlop/s per process)    67%    1106.0 sec left
CG set 3775 / 5603    610.8139 GFlop/s     (610.8139 GFlop/s per process)    67%    1105.4 sec left
CG set 3776 / 5603    610.8139 GFlop/s     (610.8139 GFlop/s per process)    67%    1104.7 sec left
CG set 3777 / 5603    610.8137 GFlop/s     (610.8137 GFlop/s per process)    67%    1104.1 sec left
CG set 3778 / 5603    610.8137 GFlop/s     (610.8137 GFlop/s per process)    67%    1103.4 sec left
CG set 3779 / 5603    610.8137 GFlop/s     (610.8137 GFlop/s per process)    67%    1102.7 sec left
CG set 3780 / 5603    610.8138 GFlop/s     (610.8138 GFlop/s per process)    67%    1102.1 sec left
CG set 3781 / 5603    610.8133 GFlop/s     (610.8133 GFlop/s per process)    67%    1101.4 sec left
CG set 3782 / 5603    610.8134 GFlop/s     (610.8134 GFlop/s per process)    67%    1100.7 sec left
CG set 3783 / 5603    610.8125 GFlop/s     (610.8125 GFlop/s per process)    67%    1100.1 sec left
CG set 3784 / 5603    610.8118 GFlop/s     (610.8118 GFlop/s per process)    67%    1099.4 sec left
CG set 3785 / 5603    610.8114 GFlop/s     (610.8114 GFlop/s per process)    67%    1098.8 sec left
CG set 3786 / 5603    610.8106 GFlop/s     (610.8106 GFlop/s per process)    67%    1098.1 sec left
CG set 3787 / 5603    610.8094 GFlop/s     (610.8094 GFlop/s per process)    67%    1097.4 sec left
CG set 3788 / 5603    610.8083 GFlop/s     (610.8083 GFlop/s per process)    67%    1096.8 sec left
CG set 3789 / 5603    610.8071 GFlop/s     (610.8071 GFlop/s per process)    67%    1096.1 sec left
CG set 3790 / 5603    610.8062 GFlop/s     (610.8062 GFlop/s per process)    67%    1095.4 sec left
CG set 3791 / 5603    610.8055 GFlop/s     (610.8055 GFlop/s per process)    67%    1094.8 sec left
CG set 3792 / 5603    610.8049 GFlop/s     (610.8049 GFlop/s per process)    67%    1094.1 sec left
CG set 3793 / 5603    610.8043 GFlop/s     (610.8043 GFlop/s per process)    67%    1093.4 sec left
CG set 3794 / 5603    610.8038 GFlop/s     (610.8038 GFlop/s per process)    67%    1092.8 sec left
CG set 3795 / 5603    610.8029 GFlop/s     (610.8029 GFlop/s per process)    67%    1092.1 sec left
CG set 3796 / 5603    610.8025 GFlop/s     (610.8025 GFlop/s per process)    67%    1091.5 sec left
CG set 3797 / 5603    610.8022 GFlop/s     (610.8022 GFlop/s per process)    67%    1090.8 sec left
CG set 3798 / 5603    610.8023 GFlop/s     (610.8023 GFlop/s per process)    67%    1090.1 sec left
CG set 3799 / 5603    610.8019 GFlop/s     (610.8019 GFlop/s per process)    67%    1089.5 sec left
CG set 3800 / 5603    610.8019 GFlop/s     (610.8019 GFlop/s per process)    67%    1088.8 sec left
CG set 3801 / 5603    610.8016 GFlop/s     (610.8016 GFlop/s per process)    67%    1088.1 sec left
CG set 3802 / 5603    610.8014 GFlop/s     (610.8014 GFlop/s per process)    67%    1087.5 sec left
CG set 3803 / 5603    610.8008 GFlop/s     (610.8008 GFlop/s per process)    67%    1086.8 sec left
CG set 3804 / 5603    610.8009 GFlop/s     (610.8009 GFlop/s per process)    67%    1086.2 sec left
CG set 3805 / 5603    610.8009 GFlop/s     (610.8009 GFlop/s per process)    67%    1085.5 sec left
CG set 3806 / 5603    610.8006 GFlop/s     (610.8006 GFlop/s per process)    67%    1084.8 sec left
CG set 3807 / 5603    610.8007 GFlop/s     (610.8007 GFlop/s per process)    67%    1084.2 sec left
CG set 3808 / 5603    610.8009 GFlop/s     (610.8009 GFlop/s per process)    67%    1083.5 sec left
CG set 3809 / 5603    610.8009 GFlop/s     (610.8009 GFlop/s per process)    67%    1082.9 sec left
CG set 3810 / 5603    610.8013 GFlop/s     (610.8013 GFlop/s per process)    67%    1082.2 sec left
CG set 3811 / 5603    610.8009 GFlop/s     (610.8009 GFlop/s per process)    68%    1081.5 sec left
CG set 3812 / 5603    610.8007 GFlop/s     (610.8007 GFlop/s per process)    68%    1080.9 sec left
CG set 3813 / 5603    610.8005 GFlop/s     (610.8005 GFlop/s per process)    68%    1080.2 sec left
CG set 3814 / 5603    610.8006 GFlop/s     (610.8006 GFlop/s per process)    68%    1079.5 sec left
CG set 3815 / 5603    610.8006 GFlop/s     (610.8006 GFlop/s per process)    68%    1078.9 sec left
CG set 3816 / 5603    610.8004 GFlop/s     (610.8004 GFlop/s per process)    68%    1078.2 sec left
CG set 3817 / 5603    610.8000 GFlop/s     (610.8000 GFlop/s per process)    68%    1077.6 sec left
CG set 3818 / 5603    610.7999 GFlop/s     (610.7999 GFlop/s per process)    68%    1076.9 sec left
CG set 3819 / 5603    610.7994 GFlop/s     (610.7994 GFlop/s per process)    68%    1076.2 sec left
CG set 3820 / 5603    610.7985 GFlop/s     (610.7985 GFlop/s per process)    68%    1075.6 sec left
CG set 3821 / 5603    610.7987 GFlop/s     (610.7987 GFlop/s per process)    68%    1074.9 sec left
CG set 3822 / 5603    610.7980 GFlop/s     (610.7980 GFlop/s per process)    68%    1074.3 sec left
CG set 3823 / 5603    610.7966 GFlop/s     (610.7966 GFlop/s per process)    68%    1073.6 sec left
CG set 3824 / 5603    610.7954 GFlop/s     (610.7954 GFlop/s per process)    68%    1072.9 sec left
CG set 3825 / 5603    610.7946 GFlop/s     (610.7946 GFlop/s per process)    68%    1072.3 sec left
CG set 3826 / 5603    610.7938 GFlop/s     (610.7938 GFlop/s per process)    68%    1071.6 sec left
CG set 3827 / 5603    610.7925 GFlop/s     (610.7925 GFlop/s per process)    68%    1070.9 sec left
CG set 3828 / 5603    610.7919 GFlop/s     (610.7919 GFlop/s per process)    68%    1070.3 sec left
CG set 3829 / 5603    610.7909 GFlop/s     (610.7909 GFlop/s per process)    68%    1069.6 sec left
CG set 3830 / 5603    610.7906 GFlop/s     (610.7906 GFlop/s per process)    68%    1068.9 sec left
CG set 3831 / 5603    610.7895 GFlop/s     (610.7895 GFlop/s per process)    68%    1068.3 sec left
CG set 3832 / 5603    610.7883 GFlop/s     (610.7883 GFlop/s per process)    68%    1067.6 sec left
CG set 3833 / 5603    610.7878 GFlop/s     (610.7878 GFlop/s per process)    68%    1066.9 sec left
CG set 3834 / 5603    610.7874 GFlop/s     (610.7874 GFlop/s per process)    68%    1066.3 sec left
CG set 3835 / 5603    610.7867 GFlop/s     (610.7867 GFlop/s per process)    68%    1065.6 sec left
CG set 3836 / 5603    610.7863 GFlop/s     (610.7863 GFlop/s per process)    68%    1064.9 sec left
CG set 3837 / 5603    610.7862 GFlop/s     (610.7862 GFlop/s per process)    68%    1064.3 sec left
CG set 3838 / 5603    610.7862 GFlop/s     (610.7862 GFlop/s per process)    68%    1063.6 sec left
CG set 3839 / 5603    610.7857 GFlop/s     (610.7857 GFlop/s per process)    68%    1063.0 sec left
CG set 3840 / 5603    610.7854 GFlop/s     (610.7854 GFlop/s per process)    68%    1062.3 sec left
CG set 3841 / 5603    610.7852 GFlop/s     (610.7852 GFlop/s per process)    68%    1061.6 sec left
CG set 3842 / 5603    610.7850 GFlop/s     (610.7850 GFlop/s per process)    68%    1061.0 sec left
CG set 3843 / 5603    610.7849 GFlop/s     (610.7849 GFlop/s per process)    68%    1060.3 sec left
CG set 3844 / 5603    610.7852 GFlop/s     (610.7852 GFlop/s per process)    68%    1059.7 sec left
CG set 3845 / 5603    610.7851 GFlop/s     (610.7851 GFlop/s per process)    68%    1059.0 sec left
CG set 3846 / 5603    610.7854 GFlop/s     (610.7854 GFlop/s per process)    68%    1058.3 sec left
CG set 3847 / 5603    610.7855 GFlop/s     (610.7855 GFlop/s per process)    68%    1057.7 sec left
CG set 3848 / 5603    610.7855 GFlop/s     (610.7855 GFlop/s per process)    68%    1057.0 sec left
CG set 3849 / 5603    610.7858 GFlop/s     (610.7858 GFlop/s per process)    68%    1056.4 sec left
CG set 3850 / 5603    610.7857 GFlop/s     (610.7857 GFlop/s per process)    68%    1055.7 sec left
CG set 3851 / 5603    610.7860 GFlop/s     (610.7860 GFlop/s per process)    68%    1055.0 sec left
CG set 3852 / 5603    610.7859 GFlop/s     (610.7859 GFlop/s per process)    68%    1054.4 sec left
CG set 3853 / 5603    610.7860 GFlop/s     (610.7860 GFlop/s per process)    68%    1053.7 sec left
CG set 3854 / 5603    610.7861 GFlop/s     (610.7861 GFlop/s per process)    68%    1053.1 sec left
CG set 3855 / 5603    610.7859 GFlop/s     (610.7859 GFlop/s per process)    68%    1052.4 sec left
CG set 3856 / 5603    610.7853 GFlop/s     (610.7853 GFlop/s per process)    68%    1051.7 sec left
CG set 3857 / 5603    610.7852 GFlop/s     (610.7852 GFlop/s per process)    68%    1051.1 sec left
CG set 3858 / 5603    610.7851 GFlop/s     (610.7851 GFlop/s per process)    68%    1050.4 sec left
CG set 3859 / 5603    610.7843 GFlop/s     (610.7843 GFlop/s per process)    68%    1049.7 sec left
CG set 3860 / 5603    610.7836 GFlop/s     (610.7836 GFlop/s per process)    68%    1049.1 sec left
CG set 3861 / 5603    610.7826 GFlop/s     (610.7826 GFlop/s per process)    68%    1048.4 sec left
CG set 3862 / 5603    610.7817 GFlop/s     (610.7817 GFlop/s per process)    68%    1047.7 sec left
CG set 3863 / 5603    610.7809 GFlop/s     (610.7809 GFlop/s per process)    68%    1047.1 sec left
CG set 3864 / 5603    610.7800 GFlop/s     (610.7800 GFlop/s per process)    68%    1046.4 sec left
CG set 3865 / 5603    610.7793 GFlop/s     (610.7793 GFlop/s per process)    68%    1045.8 sec left
CG set 3866 / 5603    610.7787 GFlop/s     (610.7787 GFlop/s per process)    68%    1045.1 sec left
CG set 3867 / 5603    610.7776 GFlop/s     (610.7776 GFlop/s per process)    69%    1044.4 sec left
CG set 3868 / 5603    610.7770 GFlop/s     (610.7770 GFlop/s per process)    69%    1043.8 sec left
CG set 3869 / 5603    610.7763 GFlop/s     (610.7763 GFlop/s per process)    69%    1043.1 sec left
CG set 3870 / 5603    610.7756 GFlop/s     (610.7756 GFlop/s per process)    69%    1042.4 sec left
CG set 3871 / 5603    610.7752 GFlop/s     (610.7752 GFlop/s per process)    69%    1041.8 sec left
CG set 3872 / 5603    610.7752 GFlop/s     (610.7752 GFlop/s per process)    69%    1041.1 sec left
CG set 3873 / 5603    610.7748 GFlop/s     (610.7748 GFlop/s per process)    69%    1040.4 sec left
CG set 3874 / 5603    610.7742 GFlop/s     (610.7742 GFlop/s per process)    69%    1039.8 sec left
CG set 3875 / 5603    610.7739 GFlop/s     (610.7739 GFlop/s per process)    69%    1039.1 sec left
CG set 3876 / 5603    610.7734 GFlop/s     (610.7734 GFlop/s per process)    69%    1038.5 sec left
CG set 3877 / 5603    610.7735 GFlop/s     (610.7735 GFlop/s per process)    69%    1037.8 sec left
CG set 3878 / 5603    610.7735 GFlop/s     (610.7735 GFlop/s per process)    69%    1037.1 sec left
CG set 3879 / 5603    610.7732 GFlop/s     (610.7732 GFlop/s per process)    69%    1036.5 sec left
CG set 3880 / 5603    610.7730 GFlop/s     (610.7730 GFlop/s per process)    69%    1035.8 sec left
CG set 3881 / 5603    610.7730 GFlop/s     (610.7730 GFlop/s per process)    69%    1035.2 sec left
CG set 3882 / 5603    610.7731 GFlop/s     (610.7731 GFlop/s per process)    69%    1034.5 sec left
CG set 3883 / 5603    610.7734 GFlop/s     (610.7734 GFlop/s per process)    69%    1033.8 sec left
CG set 3884 / 5603    610.7729 GFlop/s     (610.7729 GFlop/s per process)    69%    1033.2 sec left
CG set 3885 / 5603    610.7734 GFlop/s     (610.7734 GFlop/s per process)    69%    1032.5 sec left
CG set 3886 / 5603    610.7736 GFlop/s     (610.7736 GFlop/s per process)    69%    1031.9 sec left
CG set 3887 / 5603    610.7734 GFlop/s     (610.7734 GFlop/s per process)    69%    1031.2 sec left
CG set 3888 / 5603    610.7735 GFlop/s     (610.7735 GFlop/s per process)    69%    1030.5 sec left
CG set 3889 / 5603    610.7732 GFlop/s     (610.7732 GFlop/s per process)    69%    1029.9 sec left
CG set 3890 / 5603    610.7734 GFlop/s     (610.7734 GFlop/s per process)    69%    1029.2 sec left
CG set 3891 / 5603    610.7733 GFlop/s     (610.7733 GFlop/s per process)    69%    1028.5 sec left
CG set 3892 / 5603    610.7731 GFlop/s     (610.7731 GFlop/s per process)    69%    1027.9 sec left
CG set 3893 / 5603    610.7732 GFlop/s     (610.7732 GFlop/s per process)    69%    1027.2 sec left
CG set 3894 / 5603    610.7730 GFlop/s     (610.7730 GFlop/s per process)    69%    1026.6 sec left
CG set 3895 / 5603    610.7729 GFlop/s     (610.7729 GFlop/s per process)    69%    1025.9 sec left
CG set 3896 / 5603    610.7716 GFlop/s     (610.7716 GFlop/s per process)    69%    1025.2 sec left
CG set 3897 / 5603    610.7713 GFlop/s     (610.7713 GFlop/s per process)    69%    1024.6 sec left
CG set 3898 / 5603    610.7705 GFlop/s     (610.7705 GFlop/s per process)    69%    1023.9 sec left
CG set 3899 / 5603    610.7694 GFlop/s     (610.7694 GFlop/s per process)    69%    1023.2 sec left
CG set 3900 / 5603    610.7681 GFlop/s     (610.7681 GFlop/s per process)    69%    1022.6 sec left
CG set 3901 / 5603    610.7672 GFlop/s     (610.7672 GFlop/s per process)    69%    1021.9 sec left
CG set 3902 / 5603    610.7662 GFlop/s     (610.7662 GFlop/s per process)    69%    1021.2 sec left
CG set 3903 / 5603    610.7651 GFlop/s     (610.7651 GFlop/s per process)    69%    1020.6 sec left
CG set 3904 / 5603    610.7643 GFlop/s     (610.7643 GFlop/s per process)    69%    1019.9 sec left
CG set 3905 / 5603    610.7636 GFlop/s     (610.7636 GFlop/s per process)    69%    1019.3 sec left
CG set 3906 / 5603    610.7627 GFlop/s     (610.7627 GFlop/s per process)    69%    1018.6 sec left
CG set 3907 / 5603    610.7621 GFlop/s     (610.7621 GFlop/s per process)    69%    1017.9 sec left
CG set 3908 / 5603    610.7619 GFlop/s     (610.7619 GFlop/s per process)    69%    1017.3 sec left
CG set 3909 / 5603    610.7614 GFlop/s     (610.7614 GFlop/s per process)    69%    1016.6 sec left
CG set 3910 / 5603    610.7614 GFlop/s     (610.7614 GFlop/s per process)    69%    1015.9 sec left
CG set 3911 / 5603    610.7610 GFlop/s     (610.7610 GFlop/s per process)    69%    1015.3 sec left
CG set 3912 / 5603    610.7604 GFlop/s     (610.7604 GFlop/s per process)    69%    1014.6 sec left
CG set 3913 / 5603    610.7598 GFlop/s     (610.7598 GFlop/s per process)    69%    1013.9 sec left
CG set 3914 / 5603    610.7595 GFlop/s     (610.7595 GFlop/s per process)    69%    1013.3 sec left
CG set 3915 / 5603    610.7591 GFlop/s     (610.7591 GFlop/s per process)    69%    1012.6 sec left
CG set 3916 / 5603    610.7590 GFlop/s     (610.7590 GFlop/s per process)    69%    1012.0 sec left
CG set 3917 / 5603    610.7588 GFlop/s     (610.7588 GFlop/s per process)    69%    1011.3 sec left
CG set 3918 / 5603    610.7585 GFlop/s     (610.7585 GFlop/s per process)    69%    1010.6 sec left
CG set 3919 / 5603    610.7585 GFlop/s     (610.7585 GFlop/s per process)    69%    1010.0 sec left
CG set 3920 / 5603    610.7583 GFlop/s     (610.7583 GFlop/s per process)    69%    1009.3 sec left
CG set 3921 / 5603    610.7582 GFlop/s     (610.7582 GFlop/s per process)    69%    1008.7 sec left
CG set 3922 / 5603    610.7579 GFlop/s     (610.7579 GFlop/s per process)    69%    1008.0 sec left
CG set 3923 / 5603    610.7578 GFlop/s     (610.7578 GFlop/s per process)    70%    1007.3 sec left
CG set 3924 / 5603    610.7580 GFlop/s     (610.7580 GFlop/s per process)    70%    1006.7 sec left
CG set 3925 / 5603    610.7580 GFlop/s     (610.7580 GFlop/s per process)    70%    1006.0 sec left
CG set 3926 / 5603    610.7581 GFlop/s     (610.7581 GFlop/s per process)    70%    1005.4 sec left
CG set 3927 / 5603    610.7577 GFlop/s     (610.7577 GFlop/s per process)    70%    1004.7 sec left
CG set 3928 / 5603    610.7579 GFlop/s     (610.7579 GFlop/s per process)    70%    1004.0 sec left
CG set 3929 / 5603    610.7576 GFlop/s     (610.7576 GFlop/s per process)    70%    1003.4 sec left
CG set 3930 / 5603    610.7575 GFlop/s     (610.7575 GFlop/s per process)    70%    1002.7 sec left
CG set 3931 / 5603    610.7574 GFlop/s     (610.7574 GFlop/s per process)    70%    1002.0 sec left
CG set 3932 / 5603    610.7575 GFlop/s     (610.7575 GFlop/s per process)    70%    1001.4 sec left
CG set 3933 / 5603    610.7569 GFlop/s     (610.7569 GFlop/s per process)    70%    1000.7 sec left
CG set 3934 / 5603    610.7567 GFlop/s     (610.7567 GFlop/s per process)    70%    1000.1 sec left
CG set 3935 / 5603    610.7564 GFlop/s     (610.7564 GFlop/s per process)    70%    999.4 sec left
CG set 3936 / 5603    610.7562 GFlop/s     (610.7562 GFlop/s per process)    70%    998.7 sec left
CG set 3937 / 5603    610.7557 GFlop/s     (610.7557 GFlop/s per process)    70%    998.1 sec left
CG set 3938 / 5603    610.7548 GFlop/s     (610.7548 GFlop/s per process)    70%    997.4 sec left
CG set 3939 / 5603    610.7542 GFlop/s     (610.7542 GFlop/s per process)    70%    996.7 sec left
CG set 3940 / 5603    610.7535 GFlop/s     (610.7535 GFlop/s per process)    70%    996.1 sec left
CG set 3941 / 5603    610.7525 GFlop/s     (610.7525 GFlop/s per process)    70%    995.4 sec left
CG set 3942 / 5603    610.7514 GFlop/s     (610.7514 GFlop/s per process)    70%    994.7 sec left
CG set 3943 / 5603    610.7505 GFlop/s     (610.7505 GFlop/s per process)    70%    994.1 sec left
CG set 3944 / 5603    610.7498 GFlop/s     (610.7498 GFlop/s per process)    70%    993.4 sec left
CG set 3945 / 5603    610.7494 GFlop/s     (610.7494 GFlop/s per process)    70%    992.8 sec left
CG set 3946 / 5603    610.7490 GFlop/s     (610.7490 GFlop/s per process)    70%    992.1 sec left
CG set 3947 / 5603    610.7484 GFlop/s     (610.7484 GFlop/s per process)    70%    991.4 sec left
CG set 3948 / 5603    610.7482 GFlop/s     (610.7482 GFlop/s per process)    70%    990.8 sec left
CG set 3949 / 5603    610.7474 GFlop/s     (610.7474 GFlop/s per process)    70%    990.1 sec left
CG set 3950 / 5603    610.7473 GFlop/s     (610.7473 GFlop/s per process)    70%    989.4 sec left
CG set 3951 / 5603    610.7470 GFlop/s     (610.7470 GFlop/s per process)    70%    988.8 sec left
CG set 3952 / 5603    610.7469 GFlop/s     (610.7469 GFlop/s per process)    70%    988.1 sec left
CG set 3953 / 5603    610.7465 GFlop/s     (610.7465 GFlop/s per process)    70%    987.5 sec left
CG set 3954 / 5603    610.7462 GFlop/s     (610.7462 GFlop/s per process)    70%    986.8 sec left
CG set 3955 / 5603    610.7455 GFlop/s     (610.7455 GFlop/s per process)    70%    986.1 sec left
CG set 3956 / 5603    610.7458 GFlop/s     (610.7458 GFlop/s per process)    70%    985.5 sec left
CG set 3957 / 5603    610.7460 GFlop/s     (610.7460 GFlop/s per process)    70%    984.8 sec left
CG set 3958 / 5603    610.7454 GFlop/s     (610.7454 GFlop/s per process)    70%    984.1 sec left
CG set 3959 / 5603    610.7455 GFlop/s     (610.7455 GFlop/s per process)    70%    983.5 sec left
CG set 3960 / 5603    610.7457 GFlop/s     (610.7457 GFlop/s per process)    70%    982.8 sec left
CG set 3961 / 5603    610.7457 GFlop/s     (610.7457 GFlop/s per process)    70%    982.2 sec left
CG set 3962 / 5603    610.7456 GFlop/s     (610.7456 GFlop/s per process)    70%    981.5 sec left
CG set 3963 / 5603    610.7454 GFlop/s     (610.7454 GFlop/s per process)    70%    980.8 sec left
CG set 3964 / 5603    610.7455 GFlop/s     (610.7455 GFlop/s per process)    70%    980.2 sec left
CG set 3965 / 5603    610.7456 GFlop/s     (610.7456 GFlop/s per process)    70%    979.5 sec left
CG set 3966 / 5603    610.7458 GFlop/s     (610.7458 GFlop/s per process)    70%    978.9 sec left
CG set 3967 / 5603    610.7457 GFlop/s     (610.7457 GFlop/s per process)    70%    978.2 sec left
CG set 3968 / 5603    610.7460 GFlop/s     (610.7460 GFlop/s per process)    70%    977.5 sec left
CG set 3969 / 5603    610.7459 GFlop/s     (610.7459 GFlop/s per process)    70%    976.9 sec left
CG set 3970 / 5603    610.7454 GFlop/s     (610.7454 GFlop/s per process)    70%    976.2 sec left
CG set 3971 / 5603    610.7451 GFlop/s     (610.7451 GFlop/s per process)    70%    975.6 sec left
CG set 3972 / 5603    610.7449 GFlop/s     (610.7449 GFlop/s per process)    70%    974.9 sec left
CG set 3973 / 5603    610.7441 GFlop/s     (610.7441 GFlop/s per process)    70%    974.2 sec left
CG set 3974 / 5603    610.7439 GFlop/s     (610.7439 GFlop/s per process)    70%    973.6 sec left
CG set 3975 / 5603    610.7430 GFlop/s     (610.7430 GFlop/s per process)    70%    972.9 sec left
CG set 3976 / 5603    610.7415 GFlop/s     (610.7415 GFlop/s per process)    70%    972.2 sec left
CG set 3977 / 5603    610.7410 GFlop/s     (610.7410 GFlop/s per process)    70%    971.6 sec left
CG set 3978 / 5603    610.7400 GFlop/s     (610.7400 GFlop/s per process)    70%    970.9 sec left
CG set 3979 / 5603    610.7389 GFlop/s     (610.7389 GFlop/s per process)    71%    970.2 sec left
CG set 3980 / 5603    610.7382 GFlop/s     (610.7382 GFlop/s per process)    71%    969.6 sec left
CG set 3981 / 5603    610.7378 GFlop/s     (610.7378 GFlop/s per process)    71%    968.9 sec left
CG set 3982 / 5603    610.7370 GFlop/s     (610.7370 GFlop/s per process)    71%    968.2 sec left
CG set 3983 / 5603    610.7363 GFlop/s     (610.7363 GFlop/s per process)    71%    967.6 sec left
CG set 3984 / 5603    610.7360 GFlop/s     (610.7360 GFlop/s per process)    71%    966.9 sec left
CG set 3985 / 5603    610.7356 GFlop/s     (610.7356 GFlop/s per process)    71%    966.3 sec left
CG set 3986 / 5603    610.7350 GFlop/s     (610.7350 GFlop/s per process)    71%    965.6 sec left
CG set 3987 / 5603    610.7345 GFlop/s     (610.7345 GFlop/s per process)    71%    964.9 sec left
CG set 3988 / 5603    610.7339 GFlop/s     (610.7339 GFlop/s per process)    71%    964.3 sec left
CG set 3989 / 5603    610.7338 GFlop/s     (610.7338 GFlop/s per process)    71%    963.6 sec left
CG set 3990 / 5603    610.7337 GFlop/s     (610.7337 GFlop/s per process)    71%    962.9 sec left
CG set 3991 / 5603    610.7331 GFlop/s     (610.7331 GFlop/s per process)    71%    962.3 sec left
CG set 3992 / 5603    610.7328 GFlop/s     (610.7328 GFlop/s per process)    71%    961.6 sec left
CG set 3993 / 5603    610.7330 GFlop/s     (610.7330 GFlop/s per process)    71%    961.0 sec left
CG set 3994 / 5603    610.7325 GFlop/s     (610.7325 GFlop/s per process)    71%    960.3 sec left
CG set 3995 / 5603    610.7327 GFlop/s     (610.7327 GFlop/s per process)    71%    959.6 sec left
CG set 3996 / 5603    610.7326 GFlop/s     (610.7326 GFlop/s per process)    71%    959.0 sec left
CG set 3997 / 5603    610.7327 GFlop/s     (610.7327 GFlop/s per process)    71%    958.3 sec left
CG set 3998 / 5603    610.7328 GFlop/s     (610.7328 GFlop/s per process)    71%    957.7 sec left
CG set 3999 / 5603    610.7329 GFlop/s     (610.7329 GFlop/s per process)    71%    957.0 sec left
CG set 4000 / 5603    610.7332 GFlop/s     (610.7332 GFlop/s per process)    71%    956.3 sec left
CG set 4001 / 5603    610.7330 GFlop/s     (610.7330 GFlop/s per process)    71%    955.7 sec left
CG set 4002 / 5603    610.7334 GFlop/s     (610.7334 GFlop/s per process)    71%    955.0 sec left
CG set 4003 / 5603    610.7337 GFlop/s     (610.7337 GFlop/s per process)    71%    954.4 sec left
CG set 4004 / 5603    610.7338 GFlop/s     (610.7338 GFlop/s per process)    71%    953.7 sec left
CG set 4005 / 5603    610.7341 GFlop/s     (610.7341 GFlop/s per process)    71%    953.0 sec left
CG set 4006 / 5603    610.7339 GFlop/s     (610.7339 GFlop/s per process)    71%    952.4 sec left
CG set 4007 / 5603    610.7338 GFlop/s     (610.7338 GFlop/s per process)    71%    951.7 sec left
CG set 4008 / 5603    610.7337 GFlop/s     (610.7337 GFlop/s per process)    71%    951.1 sec left
CG set 4009 / 5603    610.7338 GFlop/s     (610.7338 GFlop/s per process)    71%    950.4 sec left
CG set 4010 / 5603    610.7331 GFlop/s     (610.7331 GFlop/s per process)    71%    949.7 sec left
CG set 4011 / 5603    610.7325 GFlop/s     (610.7325 GFlop/s per process)    71%    949.1 sec left
CG set 4012 / 5603    610.7321 GFlop/s     (610.7321 GFlop/s per process)    71%    948.4 sec left
CG set 4013 / 5603    610.7314 GFlop/s     (610.7314 GFlop/s per process)    71%    947.7 sec left
CG set 4014 / 5603    610.7305 GFlop/s     (610.7305 GFlop/s per process)    71%    947.1 sec left
CG set 4015 / 5603    610.7301 GFlop/s     (610.7301 GFlop/s per process)    71%    946.4 sec left
CG set 4016 / 5603    610.7291 GFlop/s     (610.7291 GFlop/s per process)    71%    945.7 sec left
CG set 4017 / 5603    610.7282 GFlop/s     (610.7282 GFlop/s per process)    71%    945.1 sec left
CG set 4018 / 5603    610.7276 GFlop/s     (610.7276 GFlop/s per process)    71%    944.4 sec left
CG set 4019 / 5603    610.7267 GFlop/s     (610.7267 GFlop/s per process)    71%    943.7 sec left
CG set 4020 / 5603    610.7262 GFlop/s     (610.7262 GFlop/s per process)    71%    943.1 sec left
CG set 4021 / 5603    610.7257 GFlop/s     (610.7257 GFlop/s per process)    71%    942.4 sec left
CG set 4022 / 5603    610.7255 GFlop/s     (610.7255 GFlop/s per process)    71%    941.8 sec left
CG set 4023 / 5603    610.7253 GFlop/s     (610.7253 GFlop/s per process)    71%    941.1 sec left
CG set 4024 / 5603    610.7248 GFlop/s     (610.7248 GFlop/s per process)    71%    940.4 sec left
CG set 4025 / 5603    610.7248 GFlop/s     (610.7248 GFlop/s per process)    71%    939.8 sec left
CG set 4026 / 5603    610.7249 GFlop/s     (610.7249 GFlop/s per process)    71%    939.1 sec left
CG set 4027 / 5603    610.7244 GFlop/s     (610.7244 GFlop/s per process)    71%    938.5 sec left
CG set 4028 / 5603    610.7241 GFlop/s     (610.7241 GFlop/s per process)    71%    937.8 sec left
CG set 4029 / 5603    610.7238 GFlop/s     (610.7238 GFlop/s per process)    71%    937.1 sec left
CG set 4030 / 5603    610.7235 GFlop/s     (610.7235 GFlop/s per process)    71%    936.5 sec left
CG set 4031 / 5603    610.7233 GFlop/s     (610.7233 GFlop/s per process)    71%    935.8 sec left
CG set 4032 / 5603    610.7232 GFlop/s     (610.7232 GFlop/s per process)    71%    935.1 sec left
CG set 4033 / 5603    610.7227 GFlop/s     (610.7227 GFlop/s per process)    71%    934.5 sec left
CG set 4034 / 5603    610.7224 GFlop/s     (610.7224 GFlop/s per process)    71%    933.8 sec left
CG set 4035 / 5603    610.7222 GFlop/s     (610.7222 GFlop/s per process)    72%    933.2 sec left
CG set 4036 / 5603    610.7221 GFlop/s     (610.7221 GFlop/s per process)    72%    932.5 sec left
CG set 4037 / 5603    610.7222 GFlop/s     (610.7222 GFlop/s per process)    72%    931.8 sec left
CG set 4038 / 5603    610.7220 GFlop/s     (610.7220 GFlop/s per process)    72%    931.2 sec left
CG set 4039 / 5603    610.7221 GFlop/s     (610.7221 GFlop/s per process)    72%    930.5 sec left
CG set 4040 / 5603    610.7221 GFlop/s     (610.7221 GFlop/s per process)    72%    929.8 sec left
CG set 4041 / 5603    610.7223 GFlop/s     (610.7223 GFlop/s per process)    72%    929.2 sec left
CG set 4042 / 5603    610.7224 GFlop/s     (610.7224 GFlop/s per process)    72%    928.5 sec left
CG set 4043 / 5603    610.7222 GFlop/s     (610.7222 GFlop/s per process)    72%    927.9 sec left
CG set 4044 / 5603    610.7223 GFlop/s     (610.7223 GFlop/s per process)    72%    927.2 sec left
CG set 4045 / 5603    610.7227 GFlop/s     (610.7227 GFlop/s per process)    72%    926.5 sec left
CG set 4046 / 5603    610.7228 GFlop/s     (610.7228 GFlop/s per process)    72%    925.9 sec left
CG set 4047 / 5603    610.7224 GFlop/s     (610.7224 GFlop/s per process)    72%    925.2 sec left
CG set 4048 / 5603    610.7220 GFlop/s     (610.7220 GFlop/s per process)    72%    924.6 sec left
CG set 4049 / 5603    610.7216 GFlop/s     (610.7216 GFlop/s per process)    72%    923.9 sec left
CG set 4050 / 5603    610.7215 GFlop/s     (610.7215 GFlop/s per process)    72%    923.2 sec left
CG set 4051 / 5603    610.7209 GFlop/s     (610.7209 GFlop/s per process)    72%    922.6 sec left
CG set 4052 / 5603    610.7206 GFlop/s     (610.7206 GFlop/s per process)    72%    921.9 sec left
CG set 4053 / 5603    610.7201 GFlop/s     (610.7201 GFlop/s per process)    72%    921.2 sec left
CG set 4054 / 5603    610.7193 GFlop/s     (610.7193 GFlop/s per process)    72%    920.6 sec left
CG set 4055 / 5603    610.7185 GFlop/s     (610.7185 GFlop/s per process)    72%    919.9 sec left
CG set 4056 / 5603    610.7180 GFlop/s     (610.7180 GFlop/s per process)    72%    919.3 sec left
CG set 4057 / 5603    610.7172 GFlop/s     (610.7172 GFlop/s per process)    72%    918.6 sec left
CG set 4058 / 5603    610.7169 GFlop/s     (610.7169 GFlop/s per process)    72%    917.9 sec left
CG set 4059 / 5603    610.7166 GFlop/s     (610.7166 GFlop/s per process)    72%    917.3 sec left
CG set 4060 / 5603    610.7162 GFlop/s     (610.7162 GFlop/s per process)    72%    916.6 sec left
CG set 4061 / 5603    610.7156 GFlop/s     (610.7156 GFlop/s per process)    72%    915.9 sec left
CG set 4062 / 5603    610.7151 GFlop/s     (610.7151 GFlop/s per process)    72%    915.3 sec left
CG set 4063 / 5603    610.7148 GFlop/s     (610.7148 GFlop/s per process)    72%    914.6 sec left
CG set 4064 / 5603    610.7150 GFlop/s     (610.7150 GFlop/s per process)    72%    914.0 sec left
CG set 4065 / 5603    610.7148 GFlop/s     (610.7148 GFlop/s per process)    72%    913.3 sec left
CG set 4066 / 5603    610.7146 GFlop/s     (610.7146 GFlop/s per process)    72%    912.6 sec left
CG set 4067 / 5603    610.7144 GFlop/s     (610.7144 GFlop/s per process)    72%    912.0 sec left
CG set 4068 / 5603    610.7141 GFlop/s     (610.7141 GFlop/s per process)    72%    911.3 sec left
CG set 4069 / 5603    610.7141 GFlop/s     (610.7141 GFlop/s per process)    72%    910.6 sec left
CG set 4070 / 5603    610.7140 GFlop/s     (610.7140 GFlop/s per process)    72%    910.0 sec left
CG set 4071 / 5603    610.7138 GFlop/s     (610.7138 GFlop/s per process)    72%    909.3 sec left
CG set 4072 / 5603    610.7134 GFlop/s     (610.7134 GFlop/s per process)    72%    908.7 sec left
CG set 4073 / 5603    610.7132 GFlop/s     (610.7132 GFlop/s per process)    72%    908.0 sec left
CG set 4074 / 5603    610.7135 GFlop/s     (610.7135 GFlop/s per process)    72%    907.3 sec left
CG set 4075 / 5603    610.7134 GFlop/s     (610.7134 GFlop/s per process)    72%    906.7 sec left
CG set 4076 / 5603    610.7132 GFlop/s     (610.7132 GFlop/s per process)    72%    906.0 sec left
CG set 4077 / 5603    610.7130 GFlop/s     (610.7130 GFlop/s per process)    72%    905.4 sec left
CG set 4078 / 5603    610.7130 GFlop/s     (610.7130 GFlop/s per process)    72%    904.7 sec left
CG set 4079 / 5603    610.7130 GFlop/s     (610.7130 GFlop/s per process)    72%    904.0 sec left
CG set 4080 / 5603    610.7128 GFlop/s     (610.7128 GFlop/s per process)    72%    903.4 sec left
CG set 4081 / 5603    610.7126 GFlop/s     (610.7126 GFlop/s per process)    72%    902.7 sec left
CG set 4082 / 5603    610.7129 GFlop/s     (610.7129 GFlop/s per process)    72%    902.0 sec left
CG set 4083 / 5603    610.7130 GFlop/s     (610.7130 GFlop/s per process)    72%    901.4 sec left
CG set 4084 / 5603    610.7128 GFlop/s     (610.7128 GFlop/s per process)    72%    900.7 sec left
CG set 4085 / 5603    610.7123 GFlop/s     (610.7123 GFlop/s per process)    72%    900.1 sec left
CG set 4086 / 5603    610.7123 GFlop/s     (610.7123 GFlop/s per process)    72%    899.4 sec left
CG set 4087 / 5603    610.7119 GFlop/s     (610.7119 GFlop/s per process)    72%    898.7 sec left
CG set 4088 / 5603    610.7111 GFlop/s     (610.7111 GFlop/s per process)    72%    898.1 sec left
CG set 4089 / 5603    610.7102 GFlop/s     (610.7102 GFlop/s per process)    72%    897.4 sec left
CG set 4090 / 5603    610.7094 GFlop/s     (610.7094 GFlop/s per process)    72%    896.7 sec left
CG set 4091 / 5603    610.7088 GFlop/s     (610.7088 GFlop/s per process)    73%    896.1 sec left
CG set 4092 / 5603    610.7078 GFlop/s     (610.7078 GFlop/s per process)    73%    895.4 sec left
CG set 4093 / 5603    610.7072 GFlop/s     (610.7072 GFlop/s per process)    73%    894.8 sec left
CG set 4094 / 5603    610.7062 GFlop/s     (610.7062 GFlop/s per process)    73%    894.1 sec left
CG set 4095 / 5603    610.7053 GFlop/s     (610.7053 GFlop/s per process)    73%    893.4 sec left
CG set 4096 / 5603    610.7048 GFlop/s     (610.7048 GFlop/s per process)    73%    892.8 sec left
CG set 4097 / 5603    610.7046 GFlop/s     (610.7046 GFlop/s per process)    73%    892.1 sec left
CG set 4098 / 5603    610.7042 GFlop/s     (610.7042 GFlop/s per process)    73%    891.4 sec left
CG set 4099 / 5603    610.7036 GFlop/s     (610.7036 GFlop/s per process)    73%    890.8 sec left
CG set 4100 / 5603    610.7035 GFlop/s     (610.7035 GFlop/s per process)    73%    890.1 sec left
CG set 4101 / 5603    610.7033 GFlop/s     (610.7033 GFlop/s per process)    73%    889.4 sec left
CG set 4102 / 5603    610.7034 GFlop/s     (610.7034 GFlop/s per process)    73%    888.8 sec left
CG set 4103 / 5603    610.7033 GFlop/s     (610.7033 GFlop/s per process)    73%    888.1 sec left
CG set 4104 / 5603    610.7029 GFlop/s     (610.7029 GFlop/s per process)    73%    887.5 sec left
CG set 4105 / 5603    610.7027 GFlop/s     (610.7027 GFlop/s per process)    73%    886.8 sec left
CG set 4106 / 5603    610.7025 GFlop/s     (610.7025 GFlop/s per process)    73%    886.1 sec left
CG set 4107 / 5603    610.7023 GFlop/s     (610.7023 GFlop/s per process)    73%    885.5 sec left
CG set 4108 / 5603    610.7022 GFlop/s     (610.7022 GFlop/s per process)    73%    884.8 sec left
CG set 4109 / 5603    610.7017 GFlop/s     (610.7017 GFlop/s per process)    73%    884.2 sec left
CG set 4110 / 5603    610.7016 GFlop/s     (610.7016 GFlop/s per process)    73%    883.5 sec left
CG set 4111 / 5603    610.7015 GFlop/s     (610.7015 GFlop/s per process)    73%    882.8 sec left
CG set 4112 / 5603    610.7016 GFlop/s     (610.7016 GFlop/s per process)    73%    882.2 sec left
CG set 4113 / 5603    610.7019 GFlop/s     (610.7019 GFlop/s per process)    73%    881.5 sec left
CG set 4114 / 5603    610.7015 GFlop/s     (610.7015 GFlop/s per process)    73%    880.8 sec left
CG set 4115 / 5603    610.7016 GFlop/s     (610.7016 GFlop/s per process)    73%    880.2 sec left
CG set 4116 / 5603    610.7017 GFlop/s     (610.7017 GFlop/s per process)    73%    879.5 sec left
CG set 4117 / 5603    610.7022 GFlop/s     (610.7022 GFlop/s per process)    73%    878.9 sec left
CG set 4118 / 5603    610.7020 GFlop/s     (610.7020 GFlop/s per process)    73%    878.2 sec left
CG set 4119 / 5603    610.7021 GFlop/s     (610.7021 GFlop/s per process)    73%    877.5 sec left
CG set 4120 / 5603    610.7020 GFlop/s     (610.7020 GFlop/s per process)    73%    876.9 sec left
CG set 4121 / 5603    610.7017 GFlop/s     (610.7017 GFlop/s per process)    73%    876.2 sec left
CG set 4122 / 5603    610.7012 GFlop/s     (610.7012 GFlop/s per process)    73%    875.6 sec left
CG set 4123 / 5603    610.7003 GFlop/s     (610.7003 GFlop/s per process)    73%    874.9 sec left
CG set 4124 / 5603    610.7002 GFlop/s     (610.7002 GFlop/s per process)    73%    874.2 sec left
CG set 4125 / 5603    610.6995 GFlop/s     (610.6995 GFlop/s per process)    73%    873.6 sec left
CG set 4126 / 5603    610.6986 GFlop/s     (610.6986 GFlop/s per process)    73%    872.9 sec left
CG set 4127 / 5603    610.6977 GFlop/s     (610.6977 GFlop/s per process)    73%    872.2 sec left
CG set 4128 / 5603    610.6967 GFlop/s     (610.6967 GFlop/s per process)    73%    871.6 sec left
CG set 4129 / 5603    610.6954 GFlop/s     (610.6954 GFlop/s per process)    73%    870.9 sec left
CG set 4130 / 5603    610.6944 GFlop/s     (610.6944 GFlop/s per process)    73%    870.2 sec left
CG set 4131 / 5603    610.6939 GFlop/s     (610.6939 GFlop/s per process)    73%    869.6 sec left
CG set 4132 / 5603    610.6931 GFlop/s     (610.6931 GFlop/s per process)    73%    868.9 sec left
CG set 4133 / 5603    610.6927 GFlop/s     (610.6927 GFlop/s per process)    73%    868.3 sec left
CG set 4134 / 5603    610.6922 GFlop/s     (610.6922 GFlop/s per process)    73%    867.6 sec left
CG set 4135 / 5603    610.6920 GFlop/s     (610.6920 GFlop/s per process)    73%    866.9 sec left
CG set 4136 / 5603    610.6916 GFlop/s     (610.6916 GFlop/s per process)    73%    866.3 sec left
CG set 4137 / 5603    610.6911 GFlop/s     (610.6911 GFlop/s per process)    73%    865.6 sec left
CG set 4138 / 5603    610.6908 GFlop/s     (610.6908 GFlop/s per process)    73%    864.9 sec left
CG set 4139 / 5603    610.6908 GFlop/s     (610.6908 GFlop/s per process)    73%    864.3 sec left
CG set 4140 / 5603    610.6906 GFlop/s     (610.6906 GFlop/s per process)    73%    863.6 sec left
CG set 4141 / 5603    610.6903 GFlop/s     (610.6903 GFlop/s per process)    73%    863.0 sec left
CG set 4142 / 5603    610.6901 GFlop/s     (610.6901 GFlop/s per process)    73%    862.3 sec left
CG set 4143 / 5603    610.6898 GFlop/s     (610.6898 GFlop/s per process)    73%    861.6 sec left
CG set 4144 / 5603    610.6899 GFlop/s     (610.6899 GFlop/s per process)    73%    861.0 sec left
CG set 4145 / 5603    610.6898 GFlop/s     (610.6898 GFlop/s per process)    73%    860.3 sec left
CG set 4146 / 5603    610.6900 GFlop/s     (610.6900 GFlop/s per process)    73%    859.6 sec left
CG set 4147 / 5603    610.6902 GFlop/s     (610.6902 GFlop/s per process)    74%    859.0 sec left
CG set 4148 / 5603    610.6901 GFlop/s     (610.6901 GFlop/s per process)    74%    858.3 sec left
CG set 4149 / 5603    610.6901 GFlop/s     (610.6901 GFlop/s per process)    74%    857.7 sec left
CG set 4150 / 5603    610.6902 GFlop/s     (610.6902 GFlop/s per process)    74%    857.0 sec left
CG set 4151 / 5603    610.6904 GFlop/s     (610.6904 GFlop/s per process)    74%    856.3 sec left
CG set 4152 / 5603    610.6903 GFlop/s     (610.6903 GFlop/s per process)    74%    855.7 sec left
CG set 4153 / 5603    610.6904 GFlop/s     (610.6904 GFlop/s per process)    74%    855.0 sec left
CG set 4154 / 5603    610.6904 GFlop/s     (610.6904 GFlop/s per process)    74%    854.4 sec left
CG set 4155 / 5603    610.6902 GFlop/s     (610.6902 GFlop/s per process)    74%    853.7 sec left
CG set 4156 / 5603    610.6902 GFlop/s     (610.6902 GFlop/s per process)    74%    853.0 sec left
CG set 4157 / 5603    610.6900 GFlop/s     (610.6900 GFlop/s per process)    74%    852.4 sec left
CG set 4158 / 5603    610.6899 GFlop/s     (610.6899 GFlop/s per process)    74%    851.7 sec left
CG set 4159 / 5603    610.6903 GFlop/s     (610.6903 GFlop/s per process)    74%    851.1 sec left
CG set 4160 / 5603    610.6898 GFlop/s     (610.6898 GFlop/s per process)    74%    850.4 sec left
CG set 4161 / 5603    610.6892 GFlop/s     (610.6892 GFlop/s per process)    74%    849.7 sec left
CG set 4162 / 5603    610.6885 GFlop/s     (610.6885 GFlop/s per process)    74%    849.1 sec left
CG set 4163 / 5603    610.6884 GFlop/s     (610.6884 GFlop/s per process)    74%    848.4 sec left
CG set 4164 / 5603    610.6878 GFlop/s     (610.6878 GFlop/s per process)    74%    847.7 sec left
CG set 4165 / 5603    610.6873 GFlop/s     (610.6873 GFlop/s per process)    74%    847.1 sec left
CG set 4166 / 5603    610.6860 GFlop/s     (610.6860 GFlop/s per process)    74%    846.4 sec left
CG set 4167 / 5603    610.6853 GFlop/s     (610.6853 GFlop/s per process)    74%    845.7 sec left
CG set 4168 / 5603    610.6845 GFlop/s     (610.6845 GFlop/s per process)    74%    845.1 sec left
CG set 4169 / 5603    610.6835 GFlop/s     (610.6835 GFlop/s per process)    74%    844.4 sec left
CG set 4170 / 5603    610.6834 GFlop/s     (610.6834 GFlop/s per process)    74%    843.8 sec left
CG set 4171 / 5603    610.6825 GFlop/s     (610.6825 GFlop/s per process)    74%    843.1 sec left
CG set 4172 / 5603    610.6822 GFlop/s     (610.6822 GFlop/s per process)    74%    842.4 sec left
CG set 4173 / 5603    610.6819 GFlop/s     (610.6819 GFlop/s per process)    74%    841.8 sec left
CG set 4174 / 5603    610.6818 GFlop/s     (610.6818 GFlop/s per process)    74%    841.1 sec left
CG set 4175 / 5603    610.6815 GFlop/s     (610.6815 GFlop/s per process)    74%    840.4 sec left
CG set 4176 / 5603    610.6806 GFlop/s     (610.6806 GFlop/s per process)    74%    839.8 sec left
CG set 4177 / 5603    610.6803 GFlop/s     (610.6803 GFlop/s per process)    74%    839.1 sec left
CG set 4178 / 5603    610.6802 GFlop/s     (610.6802 GFlop/s per process)    74%    838.4 sec left
CG set 4179 / 5603    610.6797 GFlop/s     (610.6797 GFlop/s per process)    74%    837.8 sec left
CG set 4180 / 5603    610.6799 GFlop/s     (610.6799 GFlop/s per process)    74%    837.1 sec left
CG set 4181 / 5603    610.6797 GFlop/s     (610.6797 GFlop/s per process)    74%    836.5 sec left
CG set 4182 / 5603    610.6796 GFlop/s     (610.6796 GFlop/s per process)    74%    835.8 sec left
CG set 4183 / 5603    610.6795 GFlop/s     (610.6795 GFlop/s per process)    74%    835.1 sec left
CG set 4184 / 5603    610.6792 GFlop/s     (610.6792 GFlop/s per process)    74%    834.5 sec left
CG set 4185 / 5603    610.6793 GFlop/s     (610.6793 GFlop/s per process)    74%    833.8 sec left
CG set 4186 / 5603    610.6795 GFlop/s     (610.6795 GFlop/s per process)    74%    833.2 sec left
CG set 4187 / 5603    610.6793 GFlop/s     (610.6793 GFlop/s per process)    74%    832.5 sec left
CG set 4188 / 5603    610.6794 GFlop/s     (610.6794 GFlop/s per process)    74%    831.8 sec left
CG set 4189 / 5603    610.6796 GFlop/s     (610.6796 GFlop/s per process)    74%    831.2 sec left
CG set 4190 / 5603    610.6798 GFlop/s     (610.6798 GFlop/s per process)    74%    830.5 sec left
CG set 4191 / 5603    610.6797 GFlop/s     (610.6797 GFlop/s per process)    74%    829.9 sec left
CG set 4192 / 5603    610.6795 GFlop/s     (610.6795 GFlop/s per process)    74%    829.2 sec left
CG set 4193 / 5603    610.6793 GFlop/s     (610.6793 GFlop/s per process)    74%    828.5 sec left
CG set 4194 / 5603    610.6793 GFlop/s     (610.6793 GFlop/s per process)    74%    827.9 sec left
CG set 4195 / 5603    610.6792 GFlop/s     (610.6792 GFlop/s per process)    74%    827.2 sec left
CG set 4196 / 5603    610.6793 GFlop/s     (610.6793 GFlop/s per process)    74%    826.5 sec left
CG set 4197 / 5603    610.6792 GFlop/s     (610.6792 GFlop/s per process)    74%    825.9 sec left
CG set 4198 / 5603    610.6790 GFlop/s     (610.6790 GFlop/s per process)    74%    825.2 sec left
CG set 4199 / 5603    610.6783 GFlop/s     (610.6783 GFlop/s per process)    74%    824.6 sec left
CG set 4200 / 5603    610.6778 GFlop/s     (610.6778 GFlop/s per process)    74%    823.9 sec left
CG set 4201 / 5603    610.6771 GFlop/s     (610.6771 GFlop/s per process)    74%    823.2 sec left
CG set 4202 / 5603    610.6762 GFlop/s     (610.6762 GFlop/s per process)    74%    822.6 sec left
CG set 4203 / 5603    610.6752 GFlop/s     (610.6752 GFlop/s per process)    75%    821.9 sec left
CG set 4204 / 5603    610.6745 GFlop/s     (610.6745 GFlop/s per process)    75%    821.2 sec left
CG set 4205 / 5603    610.6738 GFlop/s     (610.6738 GFlop/s per process)    75%    820.6 sec left
CG set 4206 / 5603    610.6730 GFlop/s     (610.6730 GFlop/s per process)    75%    819.9 sec left
CG set 4207 / 5603    610.6722 GFlop/s     (610.6722 GFlop/s per process)    75%    819.2 sec left
CG set 4208 / 5603    610.6713 GFlop/s     (610.6713 GFlop/s per process)    75%    818.6 sec left
CG set 4209 / 5603    610.6708 GFlop/s     (610.6708 GFlop/s per process)    75%    817.9 sec left
CG set 4210 / 5603    610.6700 GFlop/s     (610.6700 GFlop/s per process)    75%    817.3 sec left
CG set 4211 / 5603    610.6695 GFlop/s     (610.6695 GFlop/s per process)    75%    816.6 sec left
CG set 4212 / 5603    610.6694 GFlop/s     (610.6694 GFlop/s per process)    75%    815.9 sec left
CG set 4213 / 5603    610.6688 GFlop/s     (610.6688 GFlop/s per process)    75%    815.3 sec left
CG set 4214 / 5603    610.6688 GFlop/s     (610.6688 GFlop/s per process)    75%    814.6 sec left
CG set 4215 / 5603    610.6686 GFlop/s     (610.6686 GFlop/s per process)    75%    813.9 sec left
CG set 4216 / 5603    610.6681 GFlop/s     (610.6681 GFlop/s per process)    75%    813.3 sec left
CG set 4217 / 5603    610.6676 GFlop/s     (610.6676 GFlop/s per process)    75%    812.6 sec left
CG set 4218 / 5603    610.6674 GFlop/s     (610.6674 GFlop/s per process)    75%    812.0 sec left
CG set 4219 / 5603    610.6676 GFlop/s     (610.6676 GFlop/s per process)    75%    811.3 sec left
CG set 4220 / 5603    610.6672 GFlop/s     (610.6672 GFlop/s per process)    75%    810.6 sec left
CG set 4221 / 5603    610.6670 GFlop/s     (610.6670 GFlop/s per process)    75%    810.0 sec left
CG set 4222 / 5603    610.6668 GFlop/s     (610.6668 GFlop/s per process)    75%    809.3 sec left
CG set 4223 / 5603    610.6667 GFlop/s     (610.6667 GFlop/s per process)    75%    808.6 sec left
CG set 4224 / 5603    610.6665 GFlop/s     (610.6665 GFlop/s per process)    75%    808.0 sec left
CG set 4225 / 5603    610.6667 GFlop/s     (610.6667 GFlop/s per process)    75%    807.3 sec left
CG set 4226 / 5603    610.6667 GFlop/s     (610.6667 GFlop/s per process)    75%    806.7 sec left
CG set 4227 / 5603    610.6668 GFlop/s     (610.6668 GFlop/s per process)    75%    806.0 sec left
CG set 4228 / 5603    610.6670 GFlop/s     (610.6670 GFlop/s per process)    75%    805.3 sec left
CG set 4229 / 5603    610.6668 GFlop/s     (610.6668 GFlop/s per process)    75%    804.7 sec left
CG set 4230 / 5603    610.6668 GFlop/s     (610.6668 GFlop/s per process)    75%    804.0 sec left
CG set 4231 / 5603    610.6669 GFlop/s     (610.6669 GFlop/s per process)    75%    803.4 sec left
CG set 4232 / 5603    610.6669 GFlop/s     (610.6669 GFlop/s per process)    75%    802.7 sec left
CG set 4233 / 5603    610.6667 GFlop/s     (610.6667 GFlop/s per process)    75%    802.0 sec left
CG set 4234 / 5603    610.6667 GFlop/s     (610.6667 GFlop/s per process)    75%    801.4 sec left
CG set 4235 / 5603    610.6667 GFlop/s     (610.6667 GFlop/s per process)    75%    800.7 sec left
CG set 4236 / 5603    610.6665 GFlop/s     (610.6665 GFlop/s per process)    75%    800.1 sec left
CG set 4237 / 5603    610.6656 GFlop/s     (610.6656 GFlop/s per process)    75%    799.4 sec left
CG set 4238 / 5603    610.6648 GFlop/s     (610.6648 GFlop/s per process)    75%    798.7 sec left
CG set 4239 / 5603    610.6641 GFlop/s     (610.6641 GFlop/s per process)    75%    798.1 sec left
CG set 4240 / 5603    610.6631 GFlop/s     (610.6631 GFlop/s per process)    75%    797.4 sec left
CG set 4241 / 5603    610.6623 GFlop/s     (610.6623 GFlop/s per process)    75%    796.7 sec left
CG set 4242 / 5603    610.6614 GFlop/s     (610.6614 GFlop/s per process)    75%    796.1 sec left
CG set 4243 / 5603    610.6602 GFlop/s     (610.6602 GFlop/s per process)    75%    795.4 sec left
CG set 4244 / 5603    610.6601 GFlop/s     (610.6601 GFlop/s per process)    75%    794.7 sec left
CG set 4245 / 5603    610.6597 GFlop/s     (610.6597 GFlop/s per process)    75%    794.1 sec left
CG set 4246 / 5603    610.6589 GFlop/s     (610.6589 GFlop/s per process)    75%    793.4 sec left
CG set 4247 / 5603    610.6584 GFlop/s     (610.6584 GFlop/s per process)    75%    792.7 sec left
CG set 4248 / 5603    610.6577 GFlop/s     (610.6577 GFlop/s per process)    75%    792.1 sec left
CG set 4249 / 5603    610.6575 GFlop/s     (610.6575 GFlop/s per process)    75%    791.4 sec left
CG set 4250 / 5603    610.6572 GFlop/s     (610.6572 GFlop/s per process)    75%    790.8 sec left
CG set 4251 / 5603    610.6565 GFlop/s     (610.6565 GFlop/s per process)    75%    790.1 sec left
CG set 4252 / 5603    610.6559 GFlop/s     (610.6559 GFlop/s per process)    75%    789.4 sec left
CG set 4253 / 5603    610.6555 GFlop/s     (610.6555 GFlop/s per process)    75%    788.8 sec left
CG set 4254 / 5603    610.6551 GFlop/s     (610.6551 GFlop/s per process)    75%    788.1 sec left
CG set 4255 / 5603    610.6548 GFlop/s     (610.6548 GFlop/s per process)    75%    787.4 sec left
CG set 4256 / 5603    610.6547 GFlop/s     (610.6547 GFlop/s per process)    75%    786.8 sec left
CG set 4257 / 5603    610.6547 GFlop/s     (610.6547 GFlop/s per process)    75%    786.1 sec left
CG set 4258 / 5603    610.6546 GFlop/s     (610.6546 GFlop/s per process)    75%    785.5 sec left
CG set 4259 / 5603    610.6543 GFlop/s     (610.6543 GFlop/s per process)    76%    784.8 sec left
CG set 4260 / 5603    610.6541 GFlop/s     (610.6541 GFlop/s per process)    76%    784.1 sec left
CG set 4261 / 5603    610.6539 GFlop/s     (610.6539 GFlop/s per process)    76%    783.5 sec left
CG set 4262 / 5603    610.6538 GFlop/s     (610.6538 GFlop/s per process)    76%    782.8 sec left
CG set 4263 / 5603    610.6536 GFlop/s     (610.6536 GFlop/s per process)    76%    782.1 sec left
CG set 4264 / 5603    610.6537 GFlop/s     (610.6537 GFlop/s per process)    76%    781.5 sec left
CG set 4265 / 5603    610.6538 GFlop/s     (610.6538 GFlop/s per process)    76%    780.8 sec left
CG set 4266 / 5603    610.6540 GFlop/s     (610.6540 GFlop/s per process)    76%    780.2 sec left
CG set 4267 / 5603    610.6542 GFlop/s     (610.6542 GFlop/s per process)    76%    779.5 sec left
CG set 4268 / 5603    610.6541 GFlop/s     (610.6541 GFlop/s per process)    76%    778.8 sec left
CG set 4269 / 5603    610.6542 GFlop/s     (610.6542 GFlop/s per process)    76%    778.2 sec left
CG set 4270 / 5603    610.6539 GFlop/s     (610.6539 GFlop/s per process)    76%    777.5 sec left
CG set 4271 / 5603    610.6535 GFlop/s     (610.6535 GFlop/s per process)    76%    776.9 sec left
CG set 4272 / 5603    610.6536 GFlop/s     (610.6536 GFlop/s per process)    76%    776.2 sec left
CG set 4273 / 5603    610.6537 GFlop/s     (610.6537 GFlop/s per process)    76%    775.5 sec left
CG set 4274 / 5603    610.6531 GFlop/s     (610.6531 GFlop/s per process)    76%    774.9 sec left
CG set 4275 / 5603    610.6523 GFlop/s     (610.6523 GFlop/s per process)    76%    774.2 sec left
CG set 4276 / 5603    610.6521 GFlop/s     (610.6521 GFlop/s per process)    76%    773.5 sec left
CG set 4277 / 5603    610.6511 GFlop/s     (610.6511 GFlop/s per process)    76%    772.9 sec left
CG set 4278 / 5603    610.6501 GFlop/s     (610.6501 GFlop/s per process)    76%    772.2 sec left
CG set 4279 / 5603    610.6493 GFlop/s     (610.6493 GFlop/s per process)    76%    771.5 sec left
CG set 4280 / 5603    610.6488 GFlop/s     (610.6488 GFlop/s per process)    76%    770.9 sec left
CG set 4281 / 5603    610.6482 GFlop/s     (610.6482 GFlop/s per process)    76%    770.2 sec left
CG set 4282 / 5603    610.6475 GFlop/s     (610.6475 GFlop/s per process)    76%    769.6 sec left
CG set 4283 / 5603    610.6466 GFlop/s     (610.6466 GFlop/s per process)    76%    768.9 sec left
CG set 4284 / 5603    610.6456 GFlop/s     (610.6456 GFlop/s per process)    76%    768.2 sec left
CG set 4285 / 5603    610.6455 GFlop/s     (610.6455 GFlop/s per process)    76%    767.6 sec left
CG set 4286 / 5603    610.6449 GFlop/s     (610.6449 GFlop/s per process)    76%    766.9 sec left
CG set 4287 / 5603    610.6444 GFlop/s     (610.6444 GFlop/s per process)    76%    766.2 sec left
CG set 4288 / 5603    610.6438 GFlop/s     (610.6438 GFlop/s per process)    76%    765.6 sec left
CG set 4289 / 5603    610.6435 GFlop/s     (610.6435 GFlop/s per process)    76%    764.9 sec left
CG set 4290 / 5603    610.6427 GFlop/s     (610.6427 GFlop/s per process)    76%    764.2 sec left
CG set 4291 / 5603    610.6424 GFlop/s     (610.6424 GFlop/s per process)    76%    763.6 sec left
CG set 4292 / 5603    610.6419 GFlop/s     (610.6419 GFlop/s per process)    76%    762.9 sec left
CG set 4293 / 5603    610.6418 GFlop/s     (610.6418 GFlop/s per process)    76%    762.3 sec left
CG set 4294 / 5603    610.6420 GFlop/s     (610.6420 GFlop/s per process)    76%    761.6 sec left
CG set 4295 / 5603    610.6418 GFlop/s     (610.6418 GFlop/s per process)    76%    760.9 sec left
CG set 4296 / 5603    610.6411 GFlop/s     (610.6411 GFlop/s per process)    76%    760.3 sec left
CG set 4297 / 5603    610.6413 GFlop/s     (610.6413 GFlop/s per process)    76%    759.6 sec left
CG set 4298 / 5603    610.6413 GFlop/s     (610.6413 GFlop/s per process)    76%    758.9 sec left
CG set 4299 / 5603    610.6409 GFlop/s     (610.6409 GFlop/s per process)    76%    758.3 sec left
CG set 4300 / 5603    610.6408 GFlop/s     (610.6408 GFlop/s per process)    76%    757.6 sec left
CG set 4301 / 5603    610.6410 GFlop/s     (610.6410 GFlop/s per process)    76%    757.0 sec left
CG set 4302 / 5603    610.6404 GFlop/s     (610.6404 GFlop/s per process)    76%    756.3 sec left
CG set 4303 / 5603    610.6405 GFlop/s     (610.6405 GFlop/s per process)    76%    755.6 sec left
CG set 4304 / 5603    610.6405 GFlop/s     (610.6405 GFlop/s per process)    76%    755.0 sec left
CG set 4305 / 5603    610.6404 GFlop/s     (610.6404 GFlop/s per process)    76%    754.3 sec left
CG set 4306 / 5603    610.6408 GFlop/s     (610.6408 GFlop/s per process)    76%    753.7 sec left
CG set 4307 / 5603    610.6411 GFlop/s     (610.6411 GFlop/s per process)    76%    753.0 sec left
CG set 4308 / 5603    610.6410 GFlop/s     (610.6410 GFlop/s per process)    76%    752.3 sec left
CG set 4309 / 5603    610.6407 GFlop/s     (610.6407 GFlop/s per process)    76%    751.7 sec left
CG set 4310 / 5603    610.6407 GFlop/s     (610.6407 GFlop/s per process)    76%    751.0 sec left
CG set 4311 / 5603    610.6402 GFlop/s     (610.6402 GFlop/s per process)    76%    750.4 sec left
CG set 4312 / 5603    610.6393 GFlop/s     (610.6393 GFlop/s per process)    76%    749.7 sec left
CG set 4313 / 5603    610.6392 GFlop/s     (610.6392 GFlop/s per process)    76%    749.0 sec left
CG set 4314 / 5603    610.6389 GFlop/s     (610.6389 GFlop/s per process)    76%    748.4 sec left
CG set 4315 / 5603    610.6378 GFlop/s     (610.6378 GFlop/s per process)    77%    747.7 sec left
CG set 4316 / 5603    610.6367 GFlop/s     (610.6367 GFlop/s per process)    77%    747.0 sec left
CG set 4317 / 5603    610.6360 GFlop/s     (610.6360 GFlop/s per process)    77%    746.4 sec left
CG set 4318 / 5603    610.6349 GFlop/s     (610.6349 GFlop/s per process)    77%    745.7 sec left
CG set 4319 / 5603    610.6339 GFlop/s     (610.6339 GFlop/s per process)    77%    745.0 sec left
CG set 4320 / 5603    610.6329 GFlop/s     (610.6329 GFlop/s per process)    77%    744.4 sec left
CG set 4321 / 5603    610.6326 GFlop/s     (610.6326 GFlop/s per process)    77%    743.7 sec left
CG set 4322 / 5603    610.6322 GFlop/s     (610.6322 GFlop/s per process)    77%    743.0 sec left
CG set 4323 / 5603    610.6315 GFlop/s     (610.6315 GFlop/s per process)    77%    742.4 sec left
CG set 4324 / 5603    610.6312 GFlop/s     (610.6312 GFlop/s per process)    77%    741.7 sec left
CG set 4325 / 5603    610.6307 GFlop/s     (610.6307 GFlop/s per process)    77%    741.1 sec left
CG set 4326 / 5603    610.6302 GFlop/s     (610.6302 GFlop/s per process)    77%    740.4 sec left
CG set 4327 / 5603    610.6299 GFlop/s     (610.6299 GFlop/s per process)    77%    739.7 sec left
CG set 4328 / 5603    610.6294 GFlop/s     (610.6294 GFlop/s per process)    77%    739.1 sec left
CG set 4329 / 5603    610.6293 GFlop/s     (610.6293 GFlop/s per process)    77%    738.4 sec left
CG set 4330 / 5603    610.6290 GFlop/s     (610.6290 GFlop/s per process)    77%    737.7 sec left
CG set 4331 / 5603    610.6286 GFlop/s     (610.6286 GFlop/s per process)    77%    737.1 sec left
CG set 4332 / 5603    610.6284 GFlop/s     (610.6284 GFlop/s per process)    77%    736.4 sec left
CG set 4333 / 5603    610.6276 GFlop/s     (610.6276 GFlop/s per process)    77%    735.7 sec left
CG set 4334 / 5603    610.6272 GFlop/s     (610.6272 GFlop/s per process)    77%    735.1 sec left
CG set 4335 / 5603    610.6274 GFlop/s     (610.6274 GFlop/s per process)    77%    734.4 sec left
CG set 4336 / 5603    610.6268 GFlop/s     (610.6268 GFlop/s per process)    77%    733.8 sec left
CG set 4337 / 5603    610.6270 GFlop/s     (610.6270 GFlop/s per process)    77%    733.1 sec left
CG set 4338 / 5603    610.6270 GFlop/s     (610.6270 GFlop/s per process)    77%    732.4 sec left
CG set 4339 / 5603    610.6271 GFlop/s     (610.6271 GFlop/s per process)    77%    731.8 sec left
CG set 4340 / 5603    610.6269 GFlop/s     (610.6269 GFlop/s per process)    77%    731.1 sec left
CG set 4341 / 5603    610.6268 GFlop/s     (610.6268 GFlop/s per process)    77%    730.5 sec left
CG set 4342 / 5603    610.6269 GFlop/s     (610.6269 GFlop/s per process)    77%    729.8 sec left
CG set 4343 / 5603    610.6271 GFlop/s     (610.6271 GFlop/s per process)    77%    729.1 sec left
CG set 4344 / 5603    610.6267 GFlop/s     (610.6267 GFlop/s per process)    77%    728.5 sec left
CG set 4345 / 5603    610.6266 GFlop/s     (610.6266 GFlop/s per process)    77%    727.8 sec left
CG set 4346 / 5603    610.6262 GFlop/s     (610.6262 GFlop/s per process)    77%    727.1 sec left
CG set 4347 / 5603    610.6262 GFlop/s     (610.6262 GFlop/s per process)    77%    726.5 sec left
CG set 4348 / 5603    610.6258 GFlop/s     (610.6258 GFlop/s per process)    77%    725.8 sec left
CG set 4349 / 5603    610.6250 GFlop/s     (610.6250 GFlop/s per process)    77%    725.2 sec left
CG set 4350 / 5603    610.6242 GFlop/s     (610.6242 GFlop/s per process)    77%    724.5 sec left
CG set 4351 / 5603    610.6234 GFlop/s     (610.6234 GFlop/s per process)    77%    723.8 sec left
CG set 4352 / 5603    610.6231 GFlop/s     (610.6231 GFlop/s per process)    77%    723.2 sec left
CG set 4353 / 5603    610.6223 GFlop/s     (610.6223 GFlop/s per process)    77%    722.5 sec left
CG set 4354 / 5603    610.6214 GFlop/s     (610.6214 GFlop/s per process)    77%    721.8 sec left
CG set 4355 / 5603    610.6203 GFlop/s     (610.6203 GFlop/s per process)    77%    721.2 sec left
CG set 4356 / 5603    610.6197 GFlop/s     (610.6197 GFlop/s per process)    77%    720.5 sec left
CG set 4357 / 5603    610.6187 GFlop/s     (610.6187 GFlop/s per process)    77%    719.8 sec left
CG set 4358 / 5603    610.6175 GFlop/s     (610.6175 GFlop/s per process)    77%    719.2 sec left
CG set 4359 / 5603    610.6171 GFlop/s     (610.6171 GFlop/s per process)    77%    718.5 sec left
CG set 4360 / 5603    610.6166 GFlop/s     (610.6166 GFlop/s per process)    77%    717.8 sec left
CG set 4361 / 5603    610.6161 GFlop/s     (610.6161 GFlop/s per process)    77%    717.2 sec left
CG set 4362 / 5603    610.6159 GFlop/s     (610.6159 GFlop/s per process)    77%    716.5 sec left
CG set 4363 / 5603    610.6151 GFlop/s     (610.6151 GFlop/s per process)    77%    715.9 sec left
CG set 4364 / 5603    610.6146 GFlop/s     (610.6146 GFlop/s per process)    77%    715.2 sec left
CG set 4365 / 5603    610.6137 GFlop/s     (610.6137 GFlop/s per process)    77%    714.5 sec left
CG set 4366 / 5603    610.6129 GFlop/s     (610.6129 GFlop/s per process)    77%    713.9 sec left
CG set 4367 / 5603    610.6126 GFlop/s     (610.6126 GFlop/s per process)    77%    713.2 sec left
CG set 4368 / 5603    610.6122 GFlop/s     (610.6122 GFlop/s per process)    77%    712.5 sec left
CG set 4369 / 5603    610.6119 GFlop/s     (610.6119 GFlop/s per process)    77%    711.9 sec left
CG set 4370 / 5603    610.6114 GFlop/s     (610.6114 GFlop/s per process)    77%    711.2 sec left
CG set 4371 / 5603    610.6111 GFlop/s     (610.6111 GFlop/s per process)    78%    710.6 sec left
CG set 4372 / 5603    610.6105 GFlop/s     (610.6105 GFlop/s per process)    78%    709.9 sec left
CG set 4373 / 5603    610.6104 GFlop/s     (610.6104 GFlop/s per process)    78%    709.2 sec left
CG set 4374 / 5603    610.6103 GFlop/s     (610.6103 GFlop/s per process)    78%    708.6 sec left
CG set 4375 / 5603    610.6100 GFlop/s     (610.6100 GFlop/s per process)    78%    707.9 sec left
CG set 4376 / 5603    610.6099 GFlop/s     (610.6099 GFlop/s per process)    78%    707.2 sec left
CG set 4377 / 5603    610.6097 GFlop/s     (610.6097 GFlop/s per process)    78%    706.6 sec left
CG set 4378 / 5603    610.6097 GFlop/s     (610.6097 GFlop/s per process)    78%    705.9 sec left
CG set 4379 / 5603    610.6097 GFlop/s     (610.6097 GFlop/s per process)    78%    705.3 sec left
CG set 4380 / 5603    610.6094 GFlop/s     (610.6094 GFlop/s per process)    78%    704.6 sec left
CG set 4381 / 5603    610.6091 GFlop/s     (610.6091 GFlop/s per process)    78%    703.9 sec left
CG set 4382 / 5603    610.6087 GFlop/s     (610.6087 GFlop/s per process)    78%    703.3 sec left
CG set 4383 / 5603    610.6085 GFlop/s     (610.6085 GFlop/s per process)    78%    702.6 sec left
CG set 4384 / 5603    610.6081 GFlop/s     (610.6081 GFlop/s per process)    78%    701.9 sec left
CG set 4385 / 5603    610.6079 GFlop/s     (610.6079 GFlop/s per process)    78%    701.3 sec left
CG set 4386 / 5603    610.6077 GFlop/s     (610.6077 GFlop/s per process)    78%    700.6 sec left
CG set 4387 / 5603    610.6073 GFlop/s     (610.6073 GFlop/s per process)    78%    700.0 sec left
CG set 4388 / 5603    610.6068 GFlop/s     (610.6068 GFlop/s per process)    78%    699.3 sec left
CG set 4389 / 5603    610.6062 GFlop/s     (610.6062 GFlop/s per process)    78%    698.6 sec left
CG set 4390 / 5603    610.6056 GFlop/s     (610.6056 GFlop/s per process)    78%    698.0 sec left
CG set 4391 / 5603    610.6041 GFlop/s     (610.6041 GFlop/s per process)    78%    697.3 sec left
CG set 4392 / 5603    610.6030 GFlop/s     (610.6030 GFlop/s per process)    78%    696.6 sec left
CG set 4393 / 5603    610.6024 GFlop/s     (610.6024 GFlop/s per process)    78%    696.0 sec left
CG set 4394 / 5603    610.6018 GFlop/s     (610.6018 GFlop/s per process)    78%    695.3 sec left
CG set 4395 / 5603    610.6009 GFlop/s     (610.6009 GFlop/s per process)    78%    694.6 sec left
CG set 4396 / 5603    610.5999 GFlop/s     (610.5999 GFlop/s per process)    78%    694.0 sec left
CG set 4397 / 5603    610.5994 GFlop/s     (610.5994 GFlop/s per process)    78%    693.3 sec left
CG set 4398 / 5603    610.5986 GFlop/s     (610.5986 GFlop/s per process)    78%    692.6 sec left
CG set 4399 / 5603    610.5980 GFlop/s     (610.5980 GFlop/s per process)    78%    692.0 sec left
CG set 4400 / 5603    610.5977 GFlop/s     (610.5977 GFlop/s per process)    78%    691.3 sec left
CG set 4401 / 5603    610.5976 GFlop/s     (610.5976 GFlop/s per process)    78%    690.7 sec left
CG set 4402 / 5603    610.5968 GFlop/s     (610.5968 GFlop/s per process)    78%    690.0 sec left
CG set 4403 / 5603    610.5968 GFlop/s     (610.5968 GFlop/s per process)    78%    689.3 sec left
CG set 4404 / 5603    610.5967 GFlop/s     (610.5967 GFlop/s per process)    78%    688.7 sec left
CG set 4405 / 5603    610.5966 GFlop/s     (610.5966 GFlop/s per process)    78%    688.0 sec left
CG set 4406 / 5603    610.5967 GFlop/s     (610.5967 GFlop/s per process)    78%    687.3 sec left
CG set 4407 / 5603    610.5965 GFlop/s     (610.5965 GFlop/s per process)    78%    686.7 sec left
CG set 4408 / 5603    610.5962 GFlop/s     (610.5962 GFlop/s per process)    78%    686.0 sec left
CG set 4409 / 5603    610.5958 GFlop/s     (610.5958 GFlop/s per process)    78%    685.4 sec left
CG set 4410 / 5603    610.5953 GFlop/s     (610.5953 GFlop/s per process)    78%    684.7 sec left
CG set 4411 / 5603    610.5952 GFlop/s     (610.5952 GFlop/s per process)    78%    684.0 sec left
CG set 4412 / 5603    610.5948 GFlop/s     (610.5948 GFlop/s per process)    78%    683.4 sec left
CG set 4413 / 5603    610.5948 GFlop/s     (610.5948 GFlop/s per process)    78%    682.7 sec left
CG set 4414 / 5603    610.5948 GFlop/s     (610.5948 GFlop/s per process)    78%    682.0 sec left
CG set 4415 / 5603    610.5947 GFlop/s     (610.5947 GFlop/s per process)    78%    681.4 sec left
CG set 4416 / 5603    610.5946 GFlop/s     (610.5946 GFlop/s per process)    78%    680.7 sec left
CG set 4417 / 5603    610.5945 GFlop/s     (610.5945 GFlop/s per process)    78%    680.1 sec left
CG set 4418 / 5603    610.5942 GFlop/s     (610.5942 GFlop/s per process)    78%    679.4 sec left
CG set 4419 / 5603    610.5939 GFlop/s     (610.5939 GFlop/s per process)    78%    678.7 sec left
CG set 4420 / 5603    610.5937 GFlop/s     (610.5937 GFlop/s per process)    78%    678.1 sec left
CG set 4421 / 5603    610.5933 GFlop/s     (610.5933 GFlop/s per process)    78%    677.4 sec left
CG set 4422 / 5603    610.5931 GFlop/s     (610.5931 GFlop/s per process)    78%    676.8 sec left
CG set 4423 / 5603    610.5930 GFlop/s     (610.5930 GFlop/s per process)    78%    676.1 sec left
CG set 4424 / 5603    610.5926 GFlop/s     (610.5926 GFlop/s per process)    78%    675.4 sec left
CG set 4425 / 5603    610.5920 GFlop/s     (610.5920 GFlop/s per process)    78%    674.8 sec left
CG set 4426 / 5603    610.5917 GFlop/s     (610.5917 GFlop/s per process)    78%    674.1 sec left
CG set 4427 / 5603    610.5905 GFlop/s     (610.5905 GFlop/s per process)    79%    673.4 sec left
CG set 4428 / 5603    610.5896 GFlop/s     (610.5896 GFlop/s per process)    79%    672.8 sec left
CG set 4429 / 5603    610.5888 GFlop/s     (610.5888 GFlop/s per process)    79%    672.1 sec left
CG set 4430 / 5603    610.5876 GFlop/s     (610.5876 GFlop/s per process)    79%    671.4 sec left
CG set 4431 / 5603    610.5870 GFlop/s     (610.5870 GFlop/s per process)    79%    670.8 sec left
CG set 4432 / 5603    610.5860 GFlop/s     (610.5860 GFlop/s per process)    79%    670.1 sec left
CG set 4433 / 5603    610.5852 GFlop/s     (610.5852 GFlop/s per process)    79%    669.4 sec left
CG set 4434 / 5603    610.5847 GFlop/s     (610.5847 GFlop/s per process)    79%    668.8 sec left
CG set 4435 / 5603    610.5836 GFlop/s     (610.5836 GFlop/s per process)    79%    668.1 sec left
CG set 4436 / 5603    610.5830 GFlop/s     (610.5830 GFlop/s per process)    79%    667.4 sec left
CG set 4437 / 5603    610.5825 GFlop/s     (610.5825 GFlop/s per process)    79%    666.8 sec left
CG set 4438 / 5603    610.5821 GFlop/s     (610.5821 GFlop/s per process)    79%    666.1 sec left
CG set 4439 / 5603    610.5817 GFlop/s     (610.5817 GFlop/s per process)    79%    665.5 sec left
CG set 4440 / 5603    610.5816 GFlop/s     (610.5816 GFlop/s per process)    79%    664.8 sec left
CG set 4441 / 5603    610.5814 GFlop/s     (610.5814 GFlop/s per process)    79%    664.1 sec left
CG set 4442 / 5603    610.5808 GFlop/s     (610.5808 GFlop/s per process)    79%    663.5 sec left
CG set 4443 / 5603    610.5804 GFlop/s     (610.5804 GFlop/s per process)    79%    662.8 sec left
CG set 4444 / 5603    610.5800 GFlop/s     (610.5800 GFlop/s per process)    79%    662.1 sec left
CG set 4445 / 5603    610.5794 GFlop/s     (610.5794 GFlop/s per process)    79%    661.5 sec left
CG set 4446 / 5603    610.5789 GFlop/s     (610.5789 GFlop/s per process)    79%    660.8 sec left
CG set 4447 / 5603    610.5786 GFlop/s     (610.5786 GFlop/s per process)    79%    660.2 sec left
CG set 4448 / 5603    610.5784 GFlop/s     (610.5784 GFlop/s per process)    79%    659.5 sec left
CG set 4449 / 5603    610.5782 GFlop/s     (610.5782 GFlop/s per process)    79%    658.8 sec left
CG set 4450 / 5603    610.5782 GFlop/s     (610.5782 GFlop/s per process)    79%    658.2 sec left
CG set 4451 / 5603    610.5784 GFlop/s     (610.5784 GFlop/s per process)    79%    657.5 sec left
CG set 4452 / 5603    610.5782 GFlop/s     (610.5782 GFlop/s per process)    79%    656.8 sec left
CG set 4453 / 5603    610.5779 GFlop/s     (610.5779 GFlop/s per process)    79%    656.2 sec left
CG set 4454 / 5603    610.5779 GFlop/s     (610.5779 GFlop/s per process)    79%    655.5 sec left
CG set 4455 / 5603    610.5775 GFlop/s     (610.5775 GFlop/s per process)    79%    654.9 sec left
CG set 4456 / 5603    610.5773 GFlop/s     (610.5773 GFlop/s per process)    79%    654.2 sec left
CG set 4457 / 5603    610.5772 GFlop/s     (610.5772 GFlop/s per process)    79%    653.5 sec left
CG set 4458 / 5603    610.5768 GFlop/s     (610.5768 GFlop/s per process)    79%    652.9 sec left
CG set 4459 / 5603    610.5766 GFlop/s     (610.5766 GFlop/s per process)    79%    652.2 sec left
CG set 4460 / 5603    610.5762 GFlop/s     (610.5762 GFlop/s per process)    79%    651.5 sec left
CG set 4461 / 5603    610.5761 GFlop/s     (610.5761 GFlop/s per process)    79%    650.9 sec left
CG set 4462 / 5603    610.5759 GFlop/s     (610.5759 GFlop/s per process)    79%    650.2 sec left
CG set 4463 / 5603    610.5755 GFlop/s     (610.5755 GFlop/s per process)    79%    649.6 sec left
CG set 4464 / 5603    610.5749 GFlop/s     (610.5749 GFlop/s per process)    79%    648.9 sec left
CG set 4465 / 5603    610.5743 GFlop/s     (610.5743 GFlop/s per process)    79%    648.2 sec left
CG set 4466 / 5603    610.5738 GFlop/s     (610.5738 GFlop/s per process)    79%    647.6 sec left
CG set 4467 / 5603    610.5731 GFlop/s     (610.5731 GFlop/s per process)    79%    646.9 sec left
CG set 4468 / 5603    610.5721 GFlop/s     (610.5721 GFlop/s per process)    79%    646.2 sec left
CG set 4469 / 5603    610.5713 GFlop/s     (610.5713 GFlop/s per process)    79%    645.6 sec left
CG set 4470 / 5603    610.5703 GFlop/s     (610.5703 GFlop/s per process)    79%    644.9 sec left
CG set 4471 / 5603    610.5696 GFlop/s     (610.5696 GFlop/s per process)    79%    644.2 sec left
CG set 4472 / 5603    610.5686 GFlop/s     (610.5686 GFlop/s per process)    79%    643.6 sec left
CG set 4473 / 5603    610.5681 GFlop/s     (610.5681 GFlop/s per process)    79%    642.9 sec left
CG set 4474 / 5603    610.5675 GFlop/s     (610.5675 GFlop/s per process)    79%    642.2 sec left
CG set 4475 / 5603    610.5671 GFlop/s     (610.5671 GFlop/s per process)    79%    641.6 sec left
CG set 4476 / 5603    610.5666 GFlop/s     (610.5666 GFlop/s per process)    79%    640.9 sec left
CG set 4477 / 5603    610.5660 GFlop/s     (610.5660 GFlop/s per process)    79%    640.3 sec left
CG set 4478 / 5603    610.5655 GFlop/s     (610.5655 GFlop/s per process)    79%    639.6 sec left
CG set 4479 / 5603    610.5653 GFlop/s     (610.5653 GFlop/s per process)    79%    638.9 sec left
CG set 4480 / 5603    610.5649 GFlop/s     (610.5649 GFlop/s per process)    79%    638.3 sec left
CG set 4481 / 5603    610.5645 GFlop/s     (610.5645 GFlop/s per process)    79%    637.6 sec left
CG set 4482 / 5603    610.5642 GFlop/s     (610.5642 GFlop/s per process)    79%    636.9 sec left
CG set 4483 / 5603    610.5643 GFlop/s     (610.5643 GFlop/s per process)    80%    636.3 sec left
CG set 4484 / 5603    610.5639 GFlop/s     (610.5639 GFlop/s per process)    80%    635.6 sec left
CG set 4485 / 5603    610.5635 GFlop/s     (610.5635 GFlop/s per process)    80%    635.0 sec left
CG set 4486 / 5603    610.5636 GFlop/s     (610.5636 GFlop/s per process)    80%    634.3 sec left
CG set 4487 / 5603    610.5632 GFlop/s     (610.5632 GFlop/s per process)    80%    633.6 sec left
CG set 4488 / 5603    610.5630 GFlop/s     (610.5630 GFlop/s per process)    80%    633.0 sec left
CG set 4489 / 5603    610.5628 GFlop/s     (610.5628 GFlop/s per process)    80%    632.3 sec left
CG set 4490 / 5603    610.5622 GFlop/s     (610.5622 GFlop/s per process)    80%    631.6 sec left
CG set 4491 / 5603    610.5619 GFlop/s     (610.5619 GFlop/s per process)    80%    631.0 sec left
CG set 4492 / 5603    610.5619 GFlop/s     (610.5619 GFlop/s per process)    80%    630.3 sec left
CG set 4493 / 5603    610.5620 GFlop/s     (610.5620 GFlop/s per process)    80%    629.7 sec left
CG set 4494 / 5603    610.5620 GFlop/s     (610.5620 GFlop/s per process)    80%    629.0 sec left
CG set 4495 / 5603    610.5618 GFlop/s     (610.5618 GFlop/s per process)    80%    628.3 sec left
CG set 4496 / 5603    610.5617 GFlop/s     (610.5617 GFlop/s per process)    80%    627.7 sec left
CG set 4497 / 5603    610.5617 GFlop/s     (610.5617 GFlop/s per process)    80%    627.0 sec left
CG set 4498 / 5603    610.5616 GFlop/s     (610.5616 GFlop/s per process)    80%    626.4 sec left
CG set 4499 / 5603    610.5614 GFlop/s     (610.5614 GFlop/s per process)    80%    625.7 sec left
CG set 4500 / 5603    610.5609 GFlop/s     (610.5609 GFlop/s per process)    80%    625.0 sec left
CG set 4501 / 5603    610.5604 GFlop/s     (610.5604 GFlop/s per process)    80%    624.4 sec left
CG set 4502 / 5603    610.5596 GFlop/s     (610.5596 GFlop/s per process)    80%    623.7 sec left
CG set 4503 / 5603    610.5584 GFlop/s     (610.5584 GFlop/s per process)    80%    623.0 sec left
CG set 4504 / 5603    610.5575 GFlop/s     (610.5575 GFlop/s per process)    80%    622.4 sec left
CG set 4505 / 5603    610.5560 GFlop/s     (610.5560 GFlop/s per process)    80%    621.7 sec left
CG set 4506 / 5603    610.5551 GFlop/s     (610.5551 GFlop/s per process)    80%    621.0 sec left
CG set 4507 / 5603    610.5541 GFlop/s     (610.5541 GFlop/s per process)    80%    620.4 sec left
CG set 4508 / 5603    610.5533 GFlop/s     (610.5533 GFlop/s per process)    80%    619.7 sec left
CG set 4509 / 5603    610.5522 GFlop/s     (610.5522 GFlop/s per process)    80%    619.0 sec left
CG set 4510 / 5603    610.5512 GFlop/s     (610.5512 GFlop/s per process)    80%    618.4 sec left
CG set 4511 / 5603    610.5505 GFlop/s     (610.5505 GFlop/s per process)    80%    617.7 sec left
CG set 4512 / 5603    610.5499 GFlop/s     (610.5499 GFlop/s per process)    80%    617.0 sec left
CG set 4513 / 5603    610.5488 GFlop/s     (610.5488 GFlop/s per process)    80%    616.4 sec left
CG set 4514 / 5603    610.5480 GFlop/s     (610.5480 GFlop/s per process)    80%    615.7 sec left
CG set 4515 / 5603    610.5476 GFlop/s     (610.5476 GFlop/s per process)    80%    615.0 sec left
CG set 4516 / 5603    610.5474 GFlop/s     (610.5474 GFlop/s per process)    80%    614.4 sec left
CG set 4517 / 5603    610.5470 GFlop/s     (610.5470 GFlop/s per process)    80%    613.7 sec left
CG set 4518 / 5603    610.5463 GFlop/s     (610.5463 GFlop/s per process)    80%    613.1 sec left
CG set 4519 / 5603    610.5461 GFlop/s     (610.5461 GFlop/s per process)    80%    612.4 sec left
CG set 4520 / 5603    610.5462 GFlop/s     (610.5462 GFlop/s per process)    80%    611.7 sec left
CG set 4521 / 5603    610.5464 GFlop/s     (610.5464 GFlop/s per process)    80%    611.1 sec left
CG set 4522 / 5603    610.5460 GFlop/s     (610.5460 GFlop/s per process)    80%    610.4 sec left
CG set 4523 / 5603    610.5461 GFlop/s     (610.5461 GFlop/s per process)    80%    609.7 sec left
CG set 4524 / 5603    610.5458 GFlop/s     (610.5458 GFlop/s per process)    80%    609.1 sec left
CG set 4525 / 5603    610.5459 GFlop/s     (610.5459 GFlop/s per process)    80%    608.4 sec left
CG set 4526 / 5603    610.5457 GFlop/s     (610.5457 GFlop/s per process)    80%    607.8 sec left
CG set 4527 / 5603    610.5457 GFlop/s     (610.5457 GFlop/s per process)    80%    607.1 sec left
CG set 4528 / 5603    610.5458 GFlop/s     (610.5458 GFlop/s per process)    80%    606.4 sec left
CG set 4529 / 5603    610.5460 GFlop/s     (610.5460 GFlop/s per process)    80%    605.8 sec left
CG set 4530 / 5603    610.5458 GFlop/s     (610.5458 GFlop/s per process)    80%    605.1 sec left
CG set 4531 / 5603    610.5458 GFlop/s     (610.5458 GFlop/s per process)    80%    604.5 sec left
CG set 4532 / 5603    610.5456 GFlop/s     (610.5456 GFlop/s per process)    80%    603.8 sec left
CG set 4533 / 5603    610.5452 GFlop/s     (610.5452 GFlop/s per process)    80%    603.1 sec left
CG set 4534 / 5603    610.5450 GFlop/s     (610.5450 GFlop/s per process)    80%    602.5 sec left
CG set 4535 / 5603    610.5448 GFlop/s     (610.5448 GFlop/s per process)    80%    601.8 sec left
CG set 4536 / 5603    610.5445 GFlop/s     (610.5445 GFlop/s per process)    80%    601.1 sec left
CG set 4537 / 5603    610.5442 GFlop/s     (610.5442 GFlop/s per process)    80%    600.5 sec left
CG set 4538 / 5603    610.5436 GFlop/s     (610.5436 GFlop/s per process)    80%    599.8 sec left
CG set 4539 / 5603    610.5430 GFlop/s     (610.5430 GFlop/s per process)    81%    599.2 sec left
CG set 4540 / 5603    610.5423 GFlop/s     (610.5423 GFlop/s per process)    81%    598.5 sec left
CG set 4541 / 5603    610.5415 GFlop/s     (610.5415 GFlop/s per process)    81%    597.8 sec left
CG set 4542 / 5603    610.5405 GFlop/s     (610.5405 GFlop/s per process)    81%    597.2 sec left
CG set 4543 / 5603    610.5397 GFlop/s     (610.5397 GFlop/s per process)    81%    596.5 sec left
CG set 4544 / 5603    610.5389 GFlop/s     (610.5389 GFlop/s per process)    81%    595.8 sec left
CG set 4545 / 5603    610.5378 GFlop/s     (610.5378 GFlop/s per process)    81%    595.2 sec left
CG set 4546 / 5603    610.5369 GFlop/s     (610.5369 GFlop/s per process)    81%    594.5 sec left
CG set 4547 / 5603    610.5362 GFlop/s     (610.5362 GFlop/s per process)    81%    593.8 sec left
CG set 4548 / 5603    610.5353 GFlop/s     (610.5353 GFlop/s per process)    81%    593.2 sec left
CG set 4549 / 5603    610.5349 GFlop/s     (610.5349 GFlop/s per process)    81%    592.5 sec left
CG set 4550 / 5603    610.5342 GFlop/s     (610.5342 GFlop/s per process)    81%    591.8 sec left
CG set 4551 / 5603    610.5338 GFlop/s     (610.5338 GFlop/s per process)    81%    591.2 sec left
CG set 4552 / 5603    610.5328 GFlop/s     (610.5328 GFlop/s per process)    81%    590.5 sec left
CG set 4553 / 5603    610.5324 GFlop/s     (610.5324 GFlop/s per process)    81%    589.8 sec left
CG set 4554 / 5603    610.5320 GFlop/s     (610.5320 GFlop/s per process)    81%    589.2 sec left
CG set 4555 / 5603    610.5315 GFlop/s     (610.5315 GFlop/s per process)    81%    588.5 sec left
CG set 4556 / 5603    610.5307 GFlop/s     (610.5307 GFlop/s per process)    81%    587.9 sec left
CG set 4557 / 5603    610.5304 GFlop/s     (610.5304 GFlop/s per process)    81%    587.2 sec left
CG set 4558 / 5603    610.5302 GFlop/s     (610.5302 GFlop/s per process)    81%    586.5 sec left
CG set 4559 / 5603    610.5298 GFlop/s     (610.5298 GFlop/s per process)    81%    585.9 sec left
CG set 4560 / 5603    610.5297 GFlop/s     (610.5297 GFlop/s per process)    81%    585.2 sec left
CG set 4561 / 5603    610.5294 GFlop/s     (610.5294 GFlop/s per process)    81%    584.5 sec left
CG set 4562 / 5603    610.5291 GFlop/s     (610.5291 GFlop/s per process)    81%    583.9 sec left
CG set 4563 / 5603    610.5290 GFlop/s     (610.5290 GFlop/s per process)    81%    583.2 sec left
CG set 4564 / 5603    610.5288 GFlop/s     (610.5288 GFlop/s per process)    81%    582.6 sec left
CG set 4565 / 5603    610.5285 GFlop/s     (610.5285 GFlop/s per process)    81%    581.9 sec left
CG set 4566 / 5603    610.5285 GFlop/s     (610.5285 GFlop/s per process)    81%    581.2 sec left
CG set 4567 / 5603    610.5283 GFlop/s     (610.5283 GFlop/s per process)    81%    580.6 sec left
CG set 4568 / 5603    610.5280 GFlop/s     (610.5280 GFlop/s per process)    81%    579.9 sec left
CG set 4569 / 5603    610.5279 GFlop/s     (610.5279 GFlop/s per process)    81%    579.2 sec left
CG set 4570 / 5603    610.5280 GFlop/s     (610.5280 GFlop/s per process)    81%    578.6 sec left
CG set 4571 / 5603    610.5275 GFlop/s     (610.5275 GFlop/s per process)    81%    577.9 sec left
CG set 4572 / 5603    610.5272 GFlop/s     (610.5272 GFlop/s per process)    81%    577.3 sec left
CG set 4573 / 5603    610.5271 GFlop/s     (610.5271 GFlop/s per process)    81%    576.6 sec left
CG set 4574 / 5603    610.5269 GFlop/s     (610.5269 GFlop/s per process)    81%    575.9 sec left
CG set 4575 / 5603    610.5264 GFlop/s     (610.5264 GFlop/s per process)    81%    575.3 sec left
CG set 4576 / 5603    610.5258 GFlop/s     (610.5258 GFlop/s per process)    81%    574.6 sec left
CG set 4577 / 5603    610.5250 GFlop/s     (610.5250 GFlop/s per process)    81%    573.9 sec left
CG set 4578 / 5603    610.5243 GFlop/s     (610.5243 GFlop/s per process)    81%    573.3 sec left
CG set 4579 / 5603    610.5234 GFlop/s     (610.5234 GFlop/s per process)    81%    572.6 sec left
CG set 4580 / 5603    610.5222 GFlop/s     (610.5222 GFlop/s per process)    81%    571.9 sec left
CG set 4581 / 5603    610.5214 GFlop/s     (610.5214 GFlop/s per process)    81%    571.3 sec left
CG set 4582 / 5603    610.5203 GFlop/s     (610.5203 GFlop/s per process)    81%    570.6 sec left
CG set 4583 / 5603    610.5197 GFlop/s     (610.5197 GFlop/s per process)    81%    569.9 sec left
CG set 4584 / 5603    610.5190 GFlop/s     (610.5190 GFlop/s per process)    81%    569.3 sec left
CG set 4585 / 5603    610.5183 GFlop/s     (610.5183 GFlop/s per process)    81%    568.6 sec left
CG set 4586 / 5603    610.5173 GFlop/s     (610.5173 GFlop/s per process)    81%    568.0 sec left
CG set 4587 / 5603    610.5166 GFlop/s     (610.5166 GFlop/s per process)    81%    567.3 sec left
CG set 4588 / 5603    610.5164 GFlop/s     (610.5164 GFlop/s per process)    81%    566.6 sec left
CG set 4589 / 5603    610.5158 GFlop/s     (610.5158 GFlop/s per process)    81%    566.0 sec left
CG set 4590 / 5603    610.5154 GFlop/s     (610.5154 GFlop/s per process)    81%    565.3 sec left
CG set 4591 / 5603    610.5149 GFlop/s     (610.5149 GFlop/s per process)    81%    564.6 sec left
CG set 4592 / 5603    610.5146 GFlop/s     (610.5146 GFlop/s per process)    81%    564.0 sec left
CG set 4593 / 5603    610.5140 GFlop/s     (610.5140 GFlop/s per process)    81%    563.3 sec left
CG set 4594 / 5603    610.5133 GFlop/s     (610.5133 GFlop/s per process)    81%    562.6 sec left
CG set 4595 / 5603    610.5129 GFlop/s     (610.5129 GFlop/s per process)    82%    562.0 sec left
CG set 4596 / 5603    610.5125 GFlop/s     (610.5125 GFlop/s per process)    82%    561.3 sec left
CG set 4597 / 5603    610.5122 GFlop/s     (610.5122 GFlop/s per process)    82%    560.7 sec left
CG set 4598 / 5603    610.5123 GFlop/s     (610.5123 GFlop/s per process)    82%    560.0 sec left
CG set 4599 / 5603    610.5120 GFlop/s     (610.5120 GFlop/s per process)    82%    559.3 sec left
CG set 4600 / 5603    610.5116 GFlop/s     (610.5116 GFlop/s per process)    82%    558.7 sec left
CG set 4601 / 5603    610.5114 GFlop/s     (610.5114 GFlop/s per process)    82%    558.0 sec left
CG set 4602 / 5603    610.5112 GFlop/s     (610.5112 GFlop/s per process)    82%    557.3 sec left
CG set 4603 / 5603    610.5108 GFlop/s     (610.5108 GFlop/s per process)    82%    556.7 sec left
CG set 4604 / 5603    610.5106 GFlop/s     (610.5106 GFlop/s per process)    82%    556.0 sec left
CG set 4605 / 5603    610.5107 GFlop/s     (610.5107 GFlop/s per process)    82%    555.4 sec left
CG set 4606 / 5603    610.5106 GFlop/s     (610.5106 GFlop/s per process)    82%    554.7 sec left
CG set 4607 / 5603    610.5105 GFlop/s     (610.5105 GFlop/s per process)    82%    554.0 sec left
CG set 4608 / 5603    610.5104 GFlop/s     (610.5104 GFlop/s per process)    82%    553.4 sec left
CG set 4609 / 5603    610.5105 GFlop/s     (610.5105 GFlop/s per process)    82%    552.7 sec left
CG set 4610 / 5603    610.5103 GFlop/s     (610.5103 GFlop/s per process)    82%    552.1 sec left
CG set 4611 / 5603    610.5100 GFlop/s     (610.5100 GFlop/s per process)    82%    551.4 sec left
CG set 4612 / 5603    610.5095 GFlop/s     (610.5095 GFlop/s per process)    82%    550.7 sec left
CG set 4613 / 5603    610.5095 GFlop/s     (610.5095 GFlop/s per process)    82%    550.1 sec left
CG set 4614 / 5603    610.5084 GFlop/s     (610.5084 GFlop/s per process)    82%    549.4 sec left
CG set 4615 / 5603    610.5078 GFlop/s     (610.5078 GFlop/s per process)    82%    548.7 sec left
CG set 4616 / 5603    610.5074 GFlop/s     (610.5074 GFlop/s per process)    82%    548.1 sec left
CG set 4617 / 5603    610.5070 GFlop/s     (610.5070 GFlop/s per process)    82%    547.4 sec left
CG set 4618 / 5603    610.5060 GFlop/s     (610.5060 GFlop/s per process)    82%    546.7 sec left
CG set 4619 / 5603    610.5051 GFlop/s     (610.5051 GFlop/s per process)    82%    546.1 sec left
CG set 4620 / 5603    610.5039 GFlop/s     (610.5039 GFlop/s per process)    82%    545.4 sec left
CG set 4621 / 5603    610.5032 GFlop/s     (610.5032 GFlop/s per process)    82%    544.7 sec left
CG set 4622 / 5603    610.5025 GFlop/s     (610.5025 GFlop/s per process)    82%    544.1 sec left
CG set 4623 / 5603    610.5017 GFlop/s     (610.5017 GFlop/s per process)    82%    543.4 sec left
CG set 4624 / 5603    610.5010 GFlop/s     (610.5010 GFlop/s per process)    82%    542.7 sec left
CG set 4625 / 5603    610.5005 GFlop/s     (610.5005 GFlop/s per process)    82%    542.1 sec left
CG set 4626 / 5603    610.4999 GFlop/s     (610.4999 GFlop/s per process)    82%    541.4 sec left
CG set 4627 / 5603    610.4993 GFlop/s     (610.4993 GFlop/s per process)    82%    540.8 sec left
CG set 4628 / 5603    610.4992 GFlop/s     (610.4992 GFlop/s per process)    82%    540.1 sec left
CG set 4629 / 5603    610.4984 GFlop/s     (610.4984 GFlop/s per process)    82%    539.4 sec left
CG set 4630 / 5603    610.4981 GFlop/s     (610.4981 GFlop/s per process)    82%    538.8 sec left
CG set 4631 / 5603    610.4976 GFlop/s     (610.4976 GFlop/s per process)    82%    538.1 sec left
CG set 4632 / 5603    610.4971 GFlop/s     (610.4971 GFlop/s per process)    82%    537.4 sec left
CG set 4633 / 5603    610.4966 GFlop/s     (610.4966 GFlop/s per process)    82%    536.8 sec left
CG set 4634 / 5603    610.4966 GFlop/s     (610.4966 GFlop/s per process)    82%    536.1 sec left
CG set 4635 / 5603    610.4964 GFlop/s     (610.4964 GFlop/s per process)    82%    535.5 sec left
CG set 4636 / 5603    610.4956 GFlop/s     (610.4956 GFlop/s per process)    82%    534.8 sec left
CG set 4637 / 5603    610.4955 GFlop/s     (610.4955 GFlop/s per process)    82%    534.1 sec left
CG set 4638 / 5603    610.4956 GFlop/s     (610.4956 GFlop/s per process)    82%    533.5 sec left
CG set 4639 / 5603    610.4953 GFlop/s     (610.4953 GFlop/s per process)    82%    532.8 sec left
CG set 4640 / 5603    610.4952 GFlop/s     (610.4952 GFlop/s per process)    82%    532.1 sec left
CG set 4641 / 5603    610.4952 GFlop/s     (610.4952 GFlop/s per process)    82%    531.5 sec left
CG set 4642 / 5603    610.4950 GFlop/s     (610.4950 GFlop/s per process)    82%    530.8 sec left
CG set 4643 / 5603    610.4954 GFlop/s     (610.4954 GFlop/s per process)    82%    530.2 sec left
CG set 4644 / 5603    610.4950 GFlop/s     (610.4950 GFlop/s per process)    82%    529.5 sec left
CG set 4645 / 5603    610.4953 GFlop/s     (610.4953 GFlop/s per process)    82%    528.8 sec left
CG set 4646 / 5603    610.4951 GFlop/s     (610.4951 GFlop/s per process)    82%    528.2 sec left
CG set 4647 / 5603    610.4951 GFlop/s     (610.4951 GFlop/s per process)    82%    527.5 sec left
CG set 4648 / 5603    610.4946 GFlop/s     (610.4946 GFlop/s per process)    82%    526.8 sec left
CG set 4649 / 5603    610.4946 GFlop/s     (610.4946 GFlop/s per process)    82%    526.2 sec left
CG set 4650 / 5603    610.4948 GFlop/s     (610.4948 GFlop/s per process)    82%    525.5 sec left
CG set 4651 / 5603    610.4947 GFlop/s     (610.4947 GFlop/s per process)    83%    524.9 sec left
CG set 4652 / 5603    610.4943 GFlop/s     (610.4943 GFlop/s per process)    83%    524.2 sec left
CG set 4653 / 5603    610.4935 GFlop/s     (610.4935 GFlop/s per process)    83%    523.5 sec left
CG set 4654 / 5603    610.4934 GFlop/s     (610.4934 GFlop/s per process)    83%    522.9 sec left
CG set 4655 / 5603    610.4925 GFlop/s     (610.4925 GFlop/s per process)    83%    522.2 sec left
CG set 4656 / 5603    610.4916 GFlop/s     (610.4916 GFlop/s per process)    83%    521.5 sec left
CG set 4657 / 5603    610.4902 GFlop/s     (610.4902 GFlop/s per process)    83%    520.9 sec left
CG set 4658 / 5603    610.4895 GFlop/s     (610.4895 GFlop/s per process)    83%    520.2 sec left
CG set 4659 / 5603    610.4888 GFlop/s     (610.4888 GFlop/s per process)    83%    519.5 sec left
CG set 4660 / 5603    610.4879 GFlop/s     (610.4879 GFlop/s per process)    83%    518.9 sec left
CG set 4661 / 5603    610.4873 GFlop/s     (610.4873 GFlop/s per process)    83%    518.2 sec left
CG set 4662 / 5603    610.4866 GFlop/s     (610.4866 GFlop/s per process)    83%    517.5 sec left
CG set 4663 / 5603    610.4864 GFlop/s     (610.4864 GFlop/s per process)    83%    516.9 sec left
CG set 4664 / 5603    610.4853 GFlop/s     (610.4853 GFlop/s per process)    83%    516.2 sec left
CG set 4665 / 5603    610.4850 GFlop/s     (610.4850 GFlop/s per process)    83%    515.6 sec left
CG set 4666 / 5603    610.4845 GFlop/s     (610.4845 GFlop/s per process)    83%    514.9 sec left
CG set 4667 / 5603    610.4839 GFlop/s     (610.4839 GFlop/s per process)    83%    514.2 sec left
CG set 4668 / 5603    610.4835 GFlop/s     (610.4835 GFlop/s per process)    83%    513.6 sec left
CG set 4669 / 5603    610.4835 GFlop/s     (610.4835 GFlop/s per process)    83%    512.9 sec left
CG set 4670 / 5603    610.4825 GFlop/s     (610.4825 GFlop/s per process)    83%    512.2 sec left
CG set 4671 / 5603    610.4823 GFlop/s     (610.4823 GFlop/s per process)    83%    511.6 sec left
CG set 4672 / 5603    610.4818 GFlop/s     (610.4818 GFlop/s per process)    83%    510.9 sec left
CG set 4673 / 5603    610.4814 GFlop/s     (610.4814 GFlop/s per process)    83%    510.2 sec left
CG set 4674 / 5603    610.4810 GFlop/s     (610.4810 GFlop/s per process)    83%    509.6 sec left
CG set 4675 / 5603    610.4810 GFlop/s     (610.4810 GFlop/s per process)    83%    508.9 sec left
CG set 4676 / 5603    610.4807 GFlop/s     (610.4807 GFlop/s per process)    83%    508.3 sec left
CG set 4677 / 5603    610.4808 GFlop/s     (610.4808 GFlop/s per process)    83%    507.6 sec left
CG set 4678 / 5603    610.4807 GFlop/s     (610.4807 GFlop/s per process)    83%    506.9 sec left
CG set 4679 / 5603    610.4807 GFlop/s     (610.4807 GFlop/s per process)    83%    506.3 sec left
CG set 4680 / 5603    610.4809 GFlop/s     (610.4809 GFlop/s per process)    83%    505.6 sec left
CG set 4681 / 5603    610.4810 GFlop/s     (610.4810 GFlop/s per process)    83%    505.0 sec left
CG set 4682 / 5603    610.4809 GFlop/s     (610.4809 GFlop/s per process)    83%    504.3 sec left
CG set 4683 / 5603    610.4808 GFlop/s     (610.4808 GFlop/s per process)    83%    503.6 sec left
CG set 4684 / 5603    610.4805 GFlop/s     (610.4805 GFlop/s per process)    83%    503.0 sec left
CG set 4685 / 5603    610.4803 GFlop/s     (610.4803 GFlop/s per process)    83%    502.3 sec left
CG set 4686 / 5603    610.4800 GFlop/s     (610.4800 GFlop/s per process)    83%    501.6 sec left
CG set 4687 / 5603    610.4800 GFlop/s     (610.4800 GFlop/s per process)    83%    501.0 sec left
CG set 4688 / 5603    610.4800 GFlop/s     (610.4800 GFlop/s per process)    83%    500.3 sec left
CG set 4689 / 5603    610.4797 GFlop/s     (610.4797 GFlop/s per process)    83%    499.7 sec left
CG set 4690 / 5603    610.4795 GFlop/s     (610.4795 GFlop/s per process)    83%    499.0 sec left
CG set 4691 / 5603    610.4788 GFlop/s     (610.4788 GFlop/s per process)    83%    498.3 sec left
CG set 4692 / 5603    610.4782 GFlop/s     (610.4782 GFlop/s per process)    83%    497.7 sec left
CG set 4693 / 5603    610.4772 GFlop/s     (610.4772 GFlop/s per process)    83%    497.0 sec left
CG set 4694 / 5603    610.4765 GFlop/s     (610.4765 GFlop/s per process)    83%    496.3 sec left
CG set 4695 / 5603    610.4753 GFlop/s     (610.4753 GFlop/s per process)    83%    495.7 sec left
CG set 4696 / 5603    610.4738 GFlop/s     (610.4738 GFlop/s per process)    83%    495.0 sec left
CG set 4697 / 5603    610.4726 GFlop/s     (610.4726 GFlop/s per process)    83%    494.3 sec left
CG set 4698 / 5603    610.4719 GFlop/s     (610.4719 GFlop/s per process)    83%    493.7 sec left
CG set 4699 / 5603    610.4713 GFlop/s     (610.4713 GFlop/s per process)    83%    493.0 sec left
CG set 4700 / 5603    610.4706 GFlop/s     (610.4706 GFlop/s per process)    83%    492.3 sec left
CG set 4701 / 5603    610.4699 GFlop/s     (610.4699 GFlop/s per process)    83%    491.7 sec left
CG set 4702 / 5603    610.4691 GFlop/s     (610.4691 GFlop/s per process)    83%    491.0 sec left
CG set 4703 / 5603    610.4687 GFlop/s     (610.4687 GFlop/s per process)    83%    490.3 sec left
CG set 4704 / 5603    610.4683 GFlop/s     (610.4683 GFlop/s per process)    83%    489.7 sec left
CG set 4705 / 5603    610.4681 GFlop/s     (610.4681 GFlop/s per process)    83%    489.0 sec left
CG set 4706 / 5603    610.4675 GFlop/s     (610.4675 GFlop/s per process)    83%    488.4 sec left
CG set 4707 / 5603    610.4671 GFlop/s     (610.4671 GFlop/s per process)    84%    487.7 sec left
CG set 4708 / 5603    610.4665 GFlop/s     (610.4665 GFlop/s per process)    84%    487.0 sec left
CG set 4709 / 5603    610.4658 GFlop/s     (610.4658 GFlop/s per process)    84%    486.4 sec left
CG set 4710 / 5603    610.4654 GFlop/s     (610.4654 GFlop/s per process)    84%    485.7 sec left
CG set 4711 / 5603    610.4654 GFlop/s     (610.4654 GFlop/s per process)    84%    485.0 sec left
CG set 4712 / 5603    610.4647 GFlop/s     (610.4647 GFlop/s per process)    84%    484.4 sec left
CG set 4713 / 5603    610.4645 GFlop/s     (610.4645 GFlop/s per process)    84%    483.7 sec left
CG set 4714 / 5603    610.4638 GFlop/s     (610.4638 GFlop/s per process)    84%    483.0 sec left
CG set 4715 / 5603    610.4640 GFlop/s     (610.4640 GFlop/s per process)    84%    482.4 sec left
CG set 4716 / 5603    610.4638 GFlop/s     (610.4638 GFlop/s per process)    84%    481.7 sec left
CG set 4717 / 5603    610.4636 GFlop/s     (610.4636 GFlop/s per process)    84%    481.1 sec left
CG set 4718 / 5603    610.4635 GFlop/s     (610.4635 GFlop/s per process)    84%    480.4 sec left
CG set 4719 / 5603    610.4637 GFlop/s     (610.4637 GFlop/s per process)    84%    479.7 sec left
CG set 4720 / 5603    610.4635 GFlop/s     (610.4635 GFlop/s per process)    84%    479.1 sec left
CG set 4721 / 5603    610.4633 GFlop/s     (610.4633 GFlop/s per process)    84%    478.4 sec left
CG set 4722 / 5603    610.4631 GFlop/s     (610.4631 GFlop/s per process)    84%    477.8 sec left
CG set 4723 / 5603    610.4630 GFlop/s     (610.4630 GFlop/s per process)    84%    477.1 sec left
CG set 4724 / 5603    610.4629 GFlop/s     (610.4629 GFlop/s per process)    84%    476.4 sec left
CG set 4725 / 5603    610.4625 GFlop/s     (610.4625 GFlop/s per process)    84%    475.8 sec left
CG set 4726 / 5603    610.4622 GFlop/s     (610.4622 GFlop/s per process)    84%    475.1 sec left
CG set 4727 / 5603    610.4619 GFlop/s     (610.4619 GFlop/s per process)    84%    474.4 sec left
CG set 4728 / 5603    610.4614 GFlop/s     (610.4614 GFlop/s per process)    84%    473.8 sec left
CG set 4729 / 5603    610.4608 GFlop/s     (610.4608 GFlop/s per process)    84%    473.1 sec left
CG set 4730 / 5603    610.4603 GFlop/s     (610.4603 GFlop/s per process)    84%    472.5 sec left
CG set 4731 / 5603    610.4591 GFlop/s     (610.4591 GFlop/s per process)    84%    471.8 sec left
CG set 4732 / 5603    610.4583 GFlop/s     (610.4583 GFlop/s per process)    84%    471.1 sec left
CG set 4733 / 5603    610.4574 GFlop/s     (610.4574 GFlop/s per process)    84%    470.5 sec left
CG set 4734 / 5603    610.4562 GFlop/s     (610.4562 GFlop/s per process)    84%    469.8 sec left
CG set 4735 / 5603    610.4552 GFlop/s     (610.4552 GFlop/s per process)    84%    469.1 sec left
CG set 4736 / 5603    610.4541 GFlop/s     (610.4541 GFlop/s per process)    84%    468.5 sec left
CG set 4737 / 5603    610.4533 GFlop/s     (610.4533 GFlop/s per process)    84%    467.8 sec left
CG set 4738 / 5603    610.4524 GFlop/s     (610.4524 GFlop/s per process)    84%    467.1 sec left
CG set 4739 / 5603    610.4518 GFlop/s     (610.4518 GFlop/s per process)    84%    466.5 sec left
CG set 4740 / 5603    610.4512 GFlop/s     (610.4512 GFlop/s per process)    84%    465.8 sec left
CG set 4741 / 5603    610.4507 GFlop/s     (610.4507 GFlop/s per process)    84%    465.1 sec left
CG set 4742 / 5603    610.4505 GFlop/s     (610.4505 GFlop/s per process)    84%    464.5 sec left
CG set 4743 / 5603    610.4499 GFlop/s     (610.4499 GFlop/s per process)    84%    463.8 sec left
CG set 4744 / 5603    610.4495 GFlop/s     (610.4495 GFlop/s per process)    84%    463.1 sec left
CG set 4745 / 5603    610.4491 GFlop/s     (610.4491 GFlop/s per process)    84%    462.5 sec left
CG set 4746 / 5603    610.4490 GFlop/s     (610.4490 GFlop/s per process)    84%    461.8 sec left
CG set 4747 / 5603    610.4486 GFlop/s     (610.4486 GFlop/s per process)    84%    461.2 sec left
CG set 4748 / 5603    610.4482 GFlop/s     (610.4482 GFlop/s per process)    84%    460.5 sec left
CG set 4749 / 5603    610.4480 GFlop/s     (610.4480 GFlop/s per process)    84%    459.8 sec left
CG set 4750 / 5603    610.4478 GFlop/s     (610.4478 GFlop/s per process)    84%    459.2 sec left
CG set 4751 / 5603    610.4476 GFlop/s     (610.4476 GFlop/s per process)    84%    458.5 sec left
CG set 4752 / 5603    610.4473 GFlop/s     (610.4473 GFlop/s per process)    84%    457.8 sec left
CG set 4753 / 5603    610.4473 GFlop/s     (610.4473 GFlop/s per process)    84%    457.2 sec left
CG set 4754 / 5603    610.4469 GFlop/s     (610.4469 GFlop/s per process)    84%    456.5 sec left
CG set 4755 / 5603    610.4465 GFlop/s     (610.4465 GFlop/s per process)    84%    455.8 sec left
CG set 4756 / 5603    610.4463 GFlop/s     (610.4463 GFlop/s per process)    84%    455.2 sec left
CG set 4757 / 5603    610.4461 GFlop/s     (610.4461 GFlop/s per process)    84%    454.5 sec left
CG set 4758 / 5603    610.4460 GFlop/s     (610.4460 GFlop/s per process)    84%    453.9 sec left
CG set 4759 / 5603    610.4458 GFlop/s     (610.4458 GFlop/s per process)    84%    453.2 sec left
CG set 4760 / 5603    610.4458 GFlop/s     (610.4458 GFlop/s per process)    84%    452.5 sec left
CG set 4761 / 5603    610.4456 GFlop/s     (610.4456 GFlop/s per process)    84%    451.9 sec left
CG set 4762 / 5603    610.4456 GFlop/s     (610.4456 GFlop/s per process)    84%    451.2 sec left
CG set 4763 / 5603    610.4454 GFlop/s     (610.4454 GFlop/s per process)    85%    450.6 sec left
CG set 4764 / 5603    610.4451 GFlop/s     (610.4451 GFlop/s per process)    85%    449.9 sec left
CG set 4765 / 5603    610.4447 GFlop/s     (610.4447 GFlop/s per process)    85%    449.2 sec left
CG set 4766 / 5603    610.4442 GFlop/s     (610.4442 GFlop/s per process)    85%    448.6 sec left
CG set 4767 / 5603    610.4433 GFlop/s     (610.4433 GFlop/s per process)    85%    447.9 sec left
CG set 4768 / 5603    610.4420 GFlop/s     (610.4420 GFlop/s per process)    85%    447.2 sec left
CG set 4769 / 5603    610.4411 GFlop/s     (610.4411 GFlop/s per process)    85%    446.6 sec left
CG set 4770 / 5603    610.4400 GFlop/s     (610.4400 GFlop/s per process)    85%    445.9 sec left
CG set 4771 / 5603    610.4393 GFlop/s     (610.4393 GFlop/s per process)    85%    445.2 sec left
CG set 4772 / 5603    610.4385 GFlop/s     (610.4385 GFlop/s per process)    85%    444.6 sec left
CG set 4773 / 5603    610.4381 GFlop/s     (610.4381 GFlop/s per process)    85%    443.9 sec left
CG set 4774 / 5603    610.4372 GFlop/s     (610.4372 GFlop/s per process)    85%    443.2 sec left
CG set 4775 / 5603    610.4364 GFlop/s     (610.4364 GFlop/s per process)    85%    442.6 sec left
CG set 4776 / 5603    610.4359 GFlop/s     (610.4359 GFlop/s per process)    85%    441.9 sec left
CG set 4777 / 5603    610.4353 GFlop/s     (610.4353 GFlop/s per process)    85%    441.2 sec left
CG set 4778 / 5603    610.4350 GFlop/s     (610.4350 GFlop/s per process)    85%    440.6 sec left
CG set 4779 / 5603    610.4343 GFlop/s     (610.4343 GFlop/s per process)    85%    439.9 sec left
CG set 4780 / 5603    610.4338 GFlop/s     (610.4338 GFlop/s per process)    85%    439.3 sec left
CG set 4781 / 5603    610.4337 GFlop/s     (610.4337 GFlop/s per process)    85%    438.6 sec left
CG set 4782 / 5603    610.4334 GFlop/s     (610.4334 GFlop/s per process)    85%    437.9 sec left
CG set 4783 / 5603    610.4331 GFlop/s     (610.4331 GFlop/s per process)    85%    437.3 sec left
CG set 4784 / 5603    610.4327 GFlop/s     (610.4327 GFlop/s per process)    85%    436.6 sec left
CG set 4785 / 5603    610.4324 GFlop/s     (610.4324 GFlop/s per process)    85%    435.9 sec left
CG set 4786 / 5603    610.4321 GFlop/s     (610.4321 GFlop/s per process)    85%    435.3 sec left
CG set 4787 / 5603    610.4320 GFlop/s     (610.4320 GFlop/s per process)    85%    434.6 sec left
CG set 4788 / 5603    610.4316 GFlop/s     (610.4316 GFlop/s per process)    85%    434.0 sec left
CG set 4789 / 5603    610.4317 GFlop/s     (610.4317 GFlop/s per process)    85%    433.3 sec left
CG set 4790 / 5603    610.4317 GFlop/s     (610.4317 GFlop/s per process)    85%    432.6 sec left
CG set 4791 / 5603    610.4318 GFlop/s     (610.4318 GFlop/s per process)    85%    432.0 sec left
CG set 4792 / 5603    610.4315 GFlop/s     (610.4315 GFlop/s per process)    85%    431.3 sec left
CG set 4793 / 5603    610.4310 GFlop/s     (610.4310 GFlop/s per process)    85%    430.6 sec left
CG set 4794 / 5603    610.4310 GFlop/s     (610.4310 GFlop/s per process)    85%    430.0 sec left
CG set 4795 / 5603    610.4310 GFlop/s     (610.4310 GFlop/s per process)    85%    429.3 sec left
CG set 4796 / 5603    610.4309 GFlop/s     (610.4309 GFlop/s per process)    85%    428.7 sec left
CG set 4797 / 5603    610.4305 GFlop/s     (610.4305 GFlop/s per process)    85%    428.0 sec left
CG set 4798 / 5603    610.4305 GFlop/s     (610.4305 GFlop/s per process)    85%    427.3 sec left
CG set 4799 / 5603    610.4303 GFlop/s     (610.4303 GFlop/s per process)    85%    426.7 sec left
CG set 4800 / 5603    610.4302 GFlop/s     (610.4302 GFlop/s per process)    85%    426.0 sec left
CG set 4801 / 5603    610.4300 GFlop/s     (610.4300 GFlop/s per process)    85%    425.3 sec left
CG set 4802 / 5603    610.4297 GFlop/s     (610.4297 GFlop/s per process)    85%    424.7 sec left
CG set 4803 / 5603    610.4294 GFlop/s     (610.4294 GFlop/s per process)    85%    424.0 sec left
CG set 4804 / 5603    610.4286 GFlop/s     (610.4286 GFlop/s per process)    85%    423.4 sec left
CG set 4805 / 5603    610.4280 GFlop/s     (610.4280 GFlop/s per process)    85%    422.7 sec left
CG set 4806 / 5603    610.4273 GFlop/s     (610.4273 GFlop/s per process)    85%    422.0 sec left
CG set 4807 / 5603    610.4263 GFlop/s     (610.4263 GFlop/s per process)    85%    421.4 sec left
CG set 4808 / 5603    610.4258 GFlop/s     (610.4258 GFlop/s per process)    85%    420.7 sec left
CG set 4809 / 5603    610.4245 GFlop/s     (610.4245 GFlop/s per process)    85%    420.0 sec left
CG set 4810 / 5603    610.4238 GFlop/s     (610.4238 GFlop/s per process)    85%    419.4 sec left
CG set 4811 / 5603    610.4226 GFlop/s     (610.4226 GFlop/s per process)    85%    418.7 sec left
CG set 4812 / 5603    610.4221 GFlop/s     (610.4221 GFlop/s per process)    85%    418.0 sec left
CG set 4813 / 5603    610.4214 GFlop/s     (610.4214 GFlop/s per process)    85%    417.4 sec left
CG set 4814 / 5603    610.4206 GFlop/s     (610.4206 GFlop/s per process)    85%    416.7 sec left
CG set 4815 / 5603    610.4205 GFlop/s     (610.4205 GFlop/s per process)    85%    416.0 sec left
CG set 4816 / 5603    610.4200 GFlop/s     (610.4200 GFlop/s per process)    85%    415.4 sec left
CG set 4817 / 5603    610.4193 GFlop/s     (610.4193 GFlop/s per process)    85%    414.7 sec left
CG set 4818 / 5603    610.4188 GFlop/s     (610.4188 GFlop/s per process)    85%    414.0 sec left
CG set 4819 / 5603    610.4182 GFlop/s     (610.4182 GFlop/s per process)    86%    413.4 sec left
CG set 4820 / 5603    610.4176 GFlop/s     (610.4176 GFlop/s per process)    86%    412.7 sec left
CG set 4821 / 5603    610.4171 GFlop/s     (610.4171 GFlop/s per process)    86%    412.1 sec left
CG set 4822 / 5603    610.4171 GFlop/s     (610.4171 GFlop/s per process)    86%    411.4 sec left
CG set 4823 / 5603    610.4168 GFlop/s     (610.4168 GFlop/s per process)    86%    410.7 sec left
CG set 4824 / 5603    610.4162 GFlop/s     (610.4162 GFlop/s per process)    86%    410.1 sec left
CG set 4825 / 5603    610.4160 GFlop/s     (610.4160 GFlop/s per process)    86%    409.4 sec left
CG set 4826 / 5603    610.4159 GFlop/s     (610.4159 GFlop/s per process)    86%    408.7 sec left
CG set 4827 / 5603    610.4155 GFlop/s     (610.4155 GFlop/s per process)    86%    408.1 sec left
CG set 4828 / 5603    610.4153 GFlop/s     (610.4153 GFlop/s per process)    86%    407.4 sec left
CG set 4829 / 5603    610.4150 GFlop/s     (610.4150 GFlop/s per process)    86%    406.8 sec left
CG set 4830 / 5603    610.4150 GFlop/s     (610.4150 GFlop/s per process)    86%    406.1 sec left
CG set 4831 / 5603    610.4150 GFlop/s     (610.4150 GFlop/s per process)    86%    405.4 sec left
CG set 4832 / 5603    610.4151 GFlop/s     (610.4151 GFlop/s per process)    86%    404.8 sec left
CG set 4833 / 5603    610.4153 GFlop/s     (610.4153 GFlop/s per process)    86%    404.1 sec left
CG set 4834 / 5603    610.4155 GFlop/s     (610.4155 GFlop/s per process)    86%    403.4 sec left
CG set 4835 / 5603    610.4151 GFlop/s     (610.4151 GFlop/s per process)    86%    402.8 sec left
CG set 4836 / 5603    610.4147 GFlop/s     (610.4147 GFlop/s per process)    86%    402.1 sec left
CG set 4837 / 5603    610.4143 GFlop/s     (610.4143 GFlop/s per process)    86%    401.5 sec left
CG set 4838 / 5603    610.4139 GFlop/s     (610.4139 GFlop/s per process)    86%    400.8 sec left
CG set 4839 / 5603    610.4137 GFlop/s     (610.4137 GFlop/s per process)    86%    400.1 sec left
CG set 4840 / 5603    610.4131 GFlop/s     (610.4131 GFlop/s per process)    86%    399.5 sec left
CG set 4841 / 5603    610.4127 GFlop/s     (610.4127 GFlop/s per process)    86%    398.8 sec left
CG set 4842 / 5603    610.4120 GFlop/s     (610.4120 GFlop/s per process)    86%    398.1 sec left
CG set 4843 / 5603    610.4115 GFlop/s     (610.4115 GFlop/s per process)    86%    397.5 sec left
CG set 4844 / 5603    610.4106 GFlop/s     (610.4106 GFlop/s per process)    86%    396.8 sec left
CG set 4845 / 5603    610.4093 GFlop/s     (610.4093 GFlop/s per process)    86%    396.1 sec left
CG set 4846 / 5603    610.4085 GFlop/s     (610.4085 GFlop/s per process)    86%    395.5 sec left
CG set 4847 / 5603    610.4071 GFlop/s     (610.4071 GFlop/s per process)    86%    394.8 sec left
CG set 4848 / 5603    610.4064 GFlop/s     (610.4064 GFlop/s per process)    86%    394.1 sec left
CG set 4849 / 5603    610.4053 GFlop/s     (610.4053 GFlop/s per process)    86%    393.5 sec left
CG set 4850 / 5603    610.4042 GFlop/s     (610.4042 GFlop/s per process)    86%    392.8 sec left
CG set 4851 / 5603    610.4037 GFlop/s     (610.4037 GFlop/s per process)    86%    392.1 sec left
CG set 4852 / 5603    610.4032 GFlop/s     (610.4032 GFlop/s per process)    86%    391.5 sec left
CG set 4853 / 5603    610.4026 GFlop/s     (610.4026 GFlop/s per process)    86%    390.8 sec left
CG set 4854 / 5603    610.4021 GFlop/s     (610.4021 GFlop/s per process)    86%    390.2 sec left
CG set 4855 / 5603    610.4017 GFlop/s     (610.4017 GFlop/s per process)    86%    389.5 sec left
CG set 4856 / 5603    610.4013 GFlop/s     (610.4013 GFlop/s per process)    86%    388.8 sec left
CG set 4857 / 5603    610.4011 GFlop/s     (610.4011 GFlop/s per process)    86%    388.2 sec left
CG set 4858 / 5603    610.4004 GFlop/s     (610.4004 GFlop/s per process)    86%    387.5 sec left
CG set 4859 / 5603    610.4002 GFlop/s     (610.4002 GFlop/s per process)    86%    386.8 sec left
CG set 4860 / 5603    610.3998 GFlop/s     (610.3998 GFlop/s per process)    86%    386.2 sec left
CG set 4861 / 5603    610.3994 GFlop/s     (610.3994 GFlop/s per process)    86%    385.5 sec left
CG set 4862 / 5603    610.3993 GFlop/s     (610.3993 GFlop/s per process)    86%    384.8 sec left
CG set 4863 / 5603    610.3989 GFlop/s     (610.3989 GFlop/s per process)    86%    384.2 sec left
CG set 4864 / 5603    610.3989 GFlop/s     (610.3989 GFlop/s per process)    86%    383.5 sec left
CG set 4865 / 5603    610.3988 GFlop/s     (610.3988 GFlop/s per process)    86%    382.9 sec left
CG set 4866 / 5603    610.3986 GFlop/s     (610.3986 GFlop/s per process)    86%    382.2 sec left
CG set 4867 / 5603    610.3988 GFlop/s     (610.3988 GFlop/s per process)    86%    381.5 sec left
CG set 4868 / 5603    610.3983 GFlop/s     (610.3983 GFlop/s per process)    86%    380.9 sec left
CG set 4869 / 5603    610.3981 GFlop/s     (610.3981 GFlop/s per process)    86%    380.2 sec left
CG set 4870 / 5603    610.3977 GFlop/s     (610.3977 GFlop/s per process)    86%    379.5 sec left
CG set 4871 / 5603    610.3976 GFlop/s     (610.3976 GFlop/s per process)    86%    378.9 sec left
CG set 4872 / 5603    610.3975 GFlop/s     (610.3975 GFlop/s per process)    86%    378.2 sec left
CG set 4873 / 5603    610.3973 GFlop/s     (610.3973 GFlop/s per process)    86%    377.6 sec left
CG set 4874 / 5603    610.3972 GFlop/s     (610.3972 GFlop/s per process)    86%    376.9 sec left
CG set 4875 / 5603    610.3972 GFlop/s     (610.3972 GFlop/s per process)    87%    376.2 sec left
CG set 4876 / 5603    610.3967 GFlop/s     (610.3967 GFlop/s per process)    87%    375.6 sec left
CG set 4877 / 5603    610.3967 GFlop/s     (610.3967 GFlop/s per process)    87%    374.9 sec left
CG set 4878 / 5603    610.3965 GFlop/s     (610.3965 GFlop/s per process)    87%    374.3 sec left
CG set 4879 / 5603    610.3959 GFlop/s     (610.3959 GFlop/s per process)    87%    373.6 sec left
CG set 4880 / 5603    610.3955 GFlop/s     (610.3955 GFlop/s per process)    87%    372.9 sec left
CG set 4881 / 5603    610.3952 GFlop/s     (610.3952 GFlop/s per process)    87%    372.3 sec left
CG set 4882 / 5603    610.3943 GFlop/s     (610.3943 GFlop/s per process)    87%    371.6 sec left
CG set 4883 / 5603    610.3933 GFlop/s     (610.3933 GFlop/s per process)    87%    370.9 sec left
CG set 4884 / 5603    610.3925 GFlop/s     (610.3925 GFlop/s per process)    87%    370.3 sec left
CG set 4885 / 5603    610.3916 GFlop/s     (610.3916 GFlop/s per process)    87%    369.6 sec left
CG set 4886 / 5603    610.3908 GFlop/s     (610.3908 GFlop/s per process)    87%    368.9 sec left
CG set 4887 / 5603    610.3899 GFlop/s     (610.3899 GFlop/s per process)    87%    368.3 sec left
CG set 4888 / 5603    610.3894 GFlop/s     (610.3894 GFlop/s per process)    87%    367.6 sec left
CG set 4889 / 5603    610.3891 GFlop/s     (610.3891 GFlop/s per process)    87%    366.9 sec left
CG set 4890 / 5603    610.3883 GFlop/s     (610.3883 GFlop/s per process)    87%    366.3 sec left
CG set 4891 / 5603    610.3878 GFlop/s     (610.3878 GFlop/s per process)    87%    365.6 sec left
CG set 4892 / 5603    610.3871 GFlop/s     (610.3871 GFlop/s per process)    87%    364.9 sec left
CG set 4893 / 5603    610.3868 GFlop/s     (610.3868 GFlop/s per process)    87%    364.3 sec left
CG set 4894 / 5603    610.3864 GFlop/s     (610.3864 GFlop/s per process)    87%    363.6 sec left
CG set 4895 / 5603    610.3860 GFlop/s     (610.3860 GFlop/s per process)    87%    363.0 sec left
CG set 4896 / 5603    610.3858 GFlop/s     (610.3858 GFlop/s per process)    87%    362.3 sec left
CG set 4897 / 5603    610.3856 GFlop/s     (610.3856 GFlop/s per process)    87%    361.6 sec left
CG set 4898 / 5603    610.3854 GFlop/s     (610.3854 GFlop/s per process)    87%    361.0 sec left
CG set 4899 / 5603    610.3850 GFlop/s     (610.3850 GFlop/s per process)    87%    360.3 sec left
CG set 4900 / 5603    610.3844 GFlop/s     (610.3844 GFlop/s per process)    87%    359.6 sec left
CG set 4901 / 5603    610.3845 GFlop/s     (610.3845 GFlop/s per process)    87%    359.0 sec left
CG set 4902 / 5603    610.3845 GFlop/s     (610.3845 GFlop/s per process)    87%    358.3 sec left
CG set 4903 / 5603    610.3842 GFlop/s     (610.3842 GFlop/s per process)    87%    357.7 sec left
CG set 4904 / 5603    610.3840 GFlop/s     (610.3840 GFlop/s per process)    87%    357.0 sec left
CG set 4905 / 5603    610.3838 GFlop/s     (610.3838 GFlop/s per process)    87%    356.3 sec left
CG set 4906 / 5603    610.3838 GFlop/s     (610.3838 GFlop/s per process)    87%    355.7 sec left
CG set 4907 / 5603    610.3837 GFlop/s     (610.3837 GFlop/s per process)    87%    355.0 sec left
CG set 4908 / 5603    610.3835 GFlop/s     (610.3835 GFlop/s per process)    87%    354.3 sec left
CG set 4909 / 5603    610.3833 GFlop/s     (610.3833 GFlop/s per process)    87%    353.7 sec left
CG set 4910 / 5603    610.3828 GFlop/s     (610.3828 GFlop/s per process)    87%    353.0 sec left
CG set 4911 / 5603    610.3827 GFlop/s     (610.3827 GFlop/s per process)    87%    352.4 sec left
CG set 4912 / 5603    610.3827 GFlop/s     (610.3827 GFlop/s per process)    87%    351.7 sec left
CG set 4913 / 5603    610.3826 GFlop/s     (610.3826 GFlop/s per process)    87%    351.0 sec left
CG set 4914 / 5603    610.3824 GFlop/s     (610.3824 GFlop/s per process)    87%    350.4 sec left
CG set 4915 / 5603    610.3824 GFlop/s     (610.3824 GFlop/s per process)    87%    349.7 sec left
CG set 4916 / 5603    610.3819 GFlop/s     (610.3819 GFlop/s per process)    87%    349.0 sec left
CG set 4917 / 5603    610.3814 GFlop/s     (610.3814 GFlop/s per process)    87%    348.4 sec left
CG set 4918 / 5603    610.3809 GFlop/s     (610.3809 GFlop/s per process)    87%    347.7 sec left
CG set 4919 / 5603    610.3804 GFlop/s     (610.3804 GFlop/s per process)    87%    347.1 sec left
CG set 4920 / 5603    610.3796 GFlop/s     (610.3796 GFlop/s per process)    87%    346.4 sec left
CG set 4921 / 5603    610.3788 GFlop/s     (610.3788 GFlop/s per process)    87%    345.7 sec left
CG set 4922 / 5603    610.3782 GFlop/s     (610.3782 GFlop/s per process)    87%    345.1 sec left
CG set 4923 / 5603    610.3777 GFlop/s     (610.3777 GFlop/s per process)    87%    344.4 sec left
CG set 4924 / 5603    610.3772 GFlop/s     (610.3772 GFlop/s per process)    87%    343.7 sec left
CG set 4925 / 5603    610.3763 GFlop/s     (610.3763 GFlop/s per process)    87%    343.1 sec left
CG set 4926 / 5603    610.3758 GFlop/s     (610.3758 GFlop/s per process)    87%    342.4 sec left
CG set 4927 / 5603    610.3750 GFlop/s     (610.3750 GFlop/s per process)    87%    341.7 sec left
CG set 4928 / 5603    610.3742 GFlop/s     (610.3742 GFlop/s per process)    87%    341.1 sec left
CG set 4929 / 5603    610.3740 GFlop/s     (610.3740 GFlop/s per process)    87%    340.4 sec left
CG set 4930 / 5603    610.3737 GFlop/s     (610.3737 GFlop/s per process)    87%    339.7 sec left
CG set 4931 / 5603    610.3732 GFlop/s     (610.3732 GFlop/s per process)    88%    339.1 sec left
CG set 4932 / 5603    610.3730 GFlop/s     (610.3730 GFlop/s per process)    88%    338.4 sec left
CG set 4933 / 5603    610.3724 GFlop/s     (610.3724 GFlop/s per process)    88%    337.7 sec left
CG set 4934 / 5603    610.3719 GFlop/s     (610.3719 GFlop/s per process)    88%    337.1 sec left
CG set 4935 / 5603    610.3717 GFlop/s     (610.3717 GFlop/s per process)    88%    336.4 sec left
CG set 4936 / 5603    610.3716 GFlop/s     (610.3716 GFlop/s per process)    88%    335.8 sec left
CG set 4937 / 5603    610.3716 GFlop/s     (610.3716 GFlop/s per process)    88%    335.1 sec left
CG set 4938 / 5603    610.3715 GFlop/s     (610.3715 GFlop/s per process)    88%    334.4 sec left
CG set 4939 / 5603    610.3712 GFlop/s     (610.3712 GFlop/s per process)    88%    333.8 sec left
CG set 4940 / 5603    610.3713 GFlop/s     (610.3713 GFlop/s per process)    88%    333.1 sec left
CG set 4941 / 5603    610.3711 GFlop/s     (610.3711 GFlop/s per process)    88%    332.5 sec left
CG set 4942 / 5603    610.3713 GFlop/s     (610.3713 GFlop/s per process)    88%    331.8 sec left
CG set 4943 / 5603    610.3712 GFlop/s     (610.3712 GFlop/s per process)    88%    331.1 sec left
CG set 4944 / 5603    610.3713 GFlop/s     (610.3713 GFlop/s per process)    88%    330.5 sec left
CG set 4945 / 5603    610.3714 GFlop/s     (610.3714 GFlop/s per process)    88%    329.8 sec left
CG set 4946 / 5603    610.3713 GFlop/s     (610.3713 GFlop/s per process)    88%    329.1 sec left
CG set 4947 / 5603    610.3711 GFlop/s     (610.3711 GFlop/s per process)    88%    328.5 sec left
CG set 4948 / 5603    610.3713 GFlop/s     (610.3713 GFlop/s per process)    88%    327.8 sec left
CG set 4949 / 5603    610.3706 GFlop/s     (610.3706 GFlop/s per process)    88%    327.2 sec left
CG set 4950 / 5603    610.3707 GFlop/s     (610.3707 GFlop/s per process)    88%    326.5 sec left
CG set 4951 / 5603    610.3703 GFlop/s     (610.3703 GFlop/s per process)    88%    325.8 sec left
CG set 4952 / 5603    610.3701 GFlop/s     (610.3701 GFlop/s per process)    88%    325.2 sec left
CG set 4953 / 5603    610.3699 GFlop/s     (610.3699 GFlop/s per process)    88%    324.5 sec left
CG set 4954 / 5603    610.3691 GFlop/s     (610.3691 GFlop/s per process)    88%    323.8 sec left
CG set 4955 / 5603    610.3686 GFlop/s     (610.3686 GFlop/s per process)    88%    323.2 sec left
CG set 4956 / 5603    610.3678 GFlop/s     (610.3678 GFlop/s per process)    88%    322.5 sec left
CG set 4957 / 5603    610.3675 GFlop/s     (610.3675 GFlop/s per process)    88%    321.9 sec left
CG set 4958 / 5603    610.3667 GFlop/s     (610.3667 GFlop/s per process)    88%    321.2 sec left
CG set 4959 / 5603    610.3661 GFlop/s     (610.3661 GFlop/s per process)    88%    320.5 sec left
CG set 4960 / 5603    610.3651 GFlop/s     (610.3651 GFlop/s per process)    88%    319.9 sec left
CG set 4961 / 5603    610.3641 GFlop/s     (610.3641 GFlop/s per process)    88%    319.2 sec left
CG set 4962 / 5603    610.3634 GFlop/s     (610.3634 GFlop/s per process)    88%    318.5 sec left
CG set 4963 / 5603    610.3630 GFlop/s     (610.3630 GFlop/s per process)    88%    317.9 sec left
CG set 4964 / 5603    610.3624 GFlop/s     (610.3624 GFlop/s per process)    88%    317.2 sec left
CG set 4965 / 5603    610.3617 GFlop/s     (610.3617 GFlop/s per process)    88%    316.5 sec left
CG set 4966 / 5603    610.3614 GFlop/s     (610.3614 GFlop/s per process)    88%    315.9 sec left
CG set 4967 / 5603    610.3608 GFlop/s     (610.3608 GFlop/s per process)    88%    315.2 sec left
CG set 4968 / 5603    610.3605 GFlop/s     (610.3605 GFlop/s per process)    88%    314.5 sec left
CG set 4969 / 5603    610.3603 GFlop/s     (610.3603 GFlop/s per process)    88%    313.9 sec left
CG set 4970 / 5603    610.3596 GFlop/s     (610.3596 GFlop/s per process)    88%    313.2 sec left
CG set 4971 / 5603    610.3591 GFlop/s     (610.3591 GFlop/s per process)    88%    312.5 sec left
CG set 4972 / 5603    610.3589 GFlop/s     (610.3589 GFlop/s per process)    88%    311.9 sec left
CG set 4973 / 5603    610.3585 GFlop/s     (610.3585 GFlop/s per process)    88%    311.2 sec left
CG set 4974 / 5603    610.3584 GFlop/s     (610.3584 GFlop/s per process)    88%    310.6 sec left
CG set 4975 / 5603    610.3582 GFlop/s     (610.3582 GFlop/s per process)    88%    309.9 sec left
CG set 4976 / 5603    610.3581 GFlop/s     (610.3581 GFlop/s per process)    88%    309.2 sec left
CG set 4977 / 5603    610.3580 GFlop/s     (610.3580 GFlop/s per process)    88%    308.6 sec left
CG set 4978 / 5603    610.3578 GFlop/s     (610.3578 GFlop/s per process)    88%    307.9 sec left
CG set 4979 / 5603    610.3577 GFlop/s     (610.3577 GFlop/s per process)    88%    307.2 sec left
CG set 4980 / 5603    610.3577 GFlop/s     (610.3577 GFlop/s per process)    88%    306.6 sec left
CG set 4981 / 5603    610.3573 GFlop/s     (610.3573 GFlop/s per process)    88%    305.9 sec left
CG set 4982 / 5603    610.3571 GFlop/s     (610.3571 GFlop/s per process)    88%    305.3 sec left
CG set 4983 / 5603    610.3571 GFlop/s     (610.3571 GFlop/s per process)    88%    304.6 sec left
CG set 4984 / 5603    610.3569 GFlop/s     (610.3569 GFlop/s per process)    88%    303.9 sec left
CG set 4985 / 5603    610.3566 GFlop/s     (610.3566 GFlop/s per process)    88%    303.3 sec left
CG set 4986 / 5603    610.3564 GFlop/s     (610.3564 GFlop/s per process)    88%    302.6 sec left
CG set 4987 / 5603    610.3563 GFlop/s     (610.3563 GFlop/s per process)    89%    302.0 sec left
CG set 4988 / 5603    610.3561 GFlop/s     (610.3561 GFlop/s per process)    89%    301.3 sec left
CG set 4989 / 5603    610.3558 GFlop/s     (610.3558 GFlop/s per process)    89%    300.6 sec left
CG set 4990 / 5603    610.3558 GFlop/s     (610.3558 GFlop/s per process)    89%    300.0 sec left
CG set 4991 / 5603    610.3554 GFlop/s     (610.3554 GFlop/s per process)    89%    299.3 sec left
CG set 4992 / 5603    610.3547 GFlop/s     (610.3547 GFlop/s per process)    89%    298.6 sec left
CG set 4993 / 5603    610.3543 GFlop/s     (610.3543 GFlop/s per process)    89%    298.0 sec left
CG set 4994 / 5603    610.3538 GFlop/s     (610.3538 GFlop/s per process)    89%    297.3 sec left
CG set 4995 / 5603    610.3532 GFlop/s     (610.3532 GFlop/s per process)    89%    296.6 sec left
CG set 4996 / 5603    610.3523 GFlop/s     (610.3523 GFlop/s per process)    89%    296.0 sec left
CG set 4997 / 5603    610.3515 GFlop/s     (610.3515 GFlop/s per process)    89%    295.3 sec left
CG set 4998 / 5603    610.3508 GFlop/s     (610.3508 GFlop/s per process)    89%    294.6 sec left
CG set 4999 / 5603    610.3500 GFlop/s     (610.3500 GFlop/s per process)    89%    294.0 sec left
CG set 5000 / 5603    610.3495 GFlop/s     (610.3495 GFlop/s per process)    89%    293.3 sec left
CG set 5001 / 5603    610.3491 GFlop/s     (610.3491 GFlop/s per process)    89%    292.7 sec left
CG set 5002 / 5603    610.3484 GFlop/s     (610.3484 GFlop/s per process)    89%    292.0 sec left
CG set 5003 / 5603    610.3479 GFlop/s     (610.3479 GFlop/s per process)    89%    291.3 sec left
CG set 5004 / 5603    610.3474 GFlop/s     (610.3474 GFlop/s per process)    89%    290.7 sec left
CG set 5005 / 5603    610.3465 GFlop/s     (610.3465 GFlop/s per process)    89%    290.0 sec left
CG set 5006 / 5603    610.3463 GFlop/s     (610.3463 GFlop/s per process)    89%    289.3 sec left
CG set 5007 / 5603    610.3458 GFlop/s     (610.3458 GFlop/s per process)    89%    288.7 sec left
CG set 5008 / 5603    610.3454 GFlop/s     (610.3454 GFlop/s per process)    89%    288.0 sec left
CG set 5009 / 5603    610.3452 GFlop/s     (610.3452 GFlop/s per process)    89%    287.3 sec left
CG set 5010 / 5603    610.3446 GFlop/s     (610.3446 GFlop/s per process)    89%    286.7 sec left
CG set 5011 / 5603    610.3444 GFlop/s     (610.3444 GFlop/s per process)    89%    286.0 sec left
CG set 5012 / 5603    610.3441 GFlop/s     (610.3441 GFlop/s per process)    89%    285.4 sec left
CG set 5013 / 5603    610.3439 GFlop/s     (610.3439 GFlop/s per process)    89%    284.7 sec left
CG set 5014 / 5603    610.3438 GFlop/s     (610.3438 GFlop/s per process)    89%    284.0 sec left
CG set 5015 / 5603    610.3437 GFlop/s     (610.3437 GFlop/s per process)    89%    283.4 sec left
CG set 5016 / 5603    610.3438 GFlop/s     (610.3438 GFlop/s per process)    89%    282.7 sec left
CG set 5017 / 5603    610.3438 GFlop/s     (610.3438 GFlop/s per process)    89%    282.0 sec left
CG set 5018 / 5603    610.3439 GFlop/s     (610.3439 GFlop/s per process)    89%    281.4 sec left
CG set 5019 / 5603    610.3439 GFlop/s     (610.3439 GFlop/s per process)    89%    280.7 sec left
CG set 5020 / 5603    610.3437 GFlop/s     (610.3437 GFlop/s per process)    89%    280.1 sec left
CG set 5021 / 5603    610.3439 GFlop/s     (610.3439 GFlop/s per process)    89%    279.4 sec left
CG set 5022 / 5603    610.3435 GFlop/s     (610.3435 GFlop/s per process)    89%    278.7 sec left
CG set 5023 / 5603    610.3433 GFlop/s     (610.3433 GFlop/s per process)    89%    278.1 sec left
CG set 5024 / 5603    610.3430 GFlop/s     (610.3430 GFlop/s per process)    89%    277.4 sec left
CG set 5025 / 5603    610.3429 GFlop/s     (610.3429 GFlop/s per process)    89%    276.7 sec left
CG set 5026 / 5603    610.3430 GFlop/s     (610.3430 GFlop/s per process)    89%    276.1 sec left
CG set 5027 / 5603    610.3429 GFlop/s     (610.3429 GFlop/s per process)    89%    275.4 sec left
CG set 5028 / 5603    610.3430 GFlop/s     (610.3430 GFlop/s per process)    89%    274.8 sec left
CG set 5029 / 5603    610.3427 GFlop/s     (610.3427 GFlop/s per process)    89%    274.1 sec left
CG set 5030 / 5603    610.3421 GFlop/s     (610.3421 GFlop/s per process)    89%    273.4 sec left
CG set 5031 / 5603    610.3417 GFlop/s     (610.3417 GFlop/s per process)    89%    272.8 sec left
CG set 5032 / 5603    610.3412 GFlop/s     (610.3412 GFlop/s per process)    89%    272.1 sec left
CG set 5033 / 5603    610.3403 GFlop/s     (610.3403 GFlop/s per process)    89%    271.4 sec left
CG set 5034 / 5603    610.3395 GFlop/s     (610.3395 GFlop/s per process)    89%    270.8 sec left
CG set 5035 / 5603    610.3385 GFlop/s     (610.3385 GFlop/s per process)    89%    270.1 sec left
CG set 5036 / 5603    610.3377 GFlop/s     (610.3377 GFlop/s per process)    89%    269.4 sec left
CG set 5037 / 5603    610.3368 GFlop/s     (610.3368 GFlop/s per process)    89%    268.8 sec left
CG set 5038 / 5603    610.3362 GFlop/s     (610.3362 GFlop/s per process)    89%    268.1 sec left
CG set 5039 / 5603    610.3352 GFlop/s     (610.3352 GFlop/s per process)    89%    267.4 sec left
CG set 5040 / 5603    610.3348 GFlop/s     (610.3348 GFlop/s per process)    89%    266.8 sec left
CG set 5041 / 5603    610.3341 GFlop/s     (610.3341 GFlop/s per process)    89%    266.1 sec left
CG set 5042 / 5603    610.3334 GFlop/s     (610.3334 GFlop/s per process)    89%    265.5 sec left
CG set 5043 / 5603    610.3329 GFlop/s     (610.3329 GFlop/s per process)    90%    264.8 sec left
CG set 5044 / 5603    610.3326 GFlop/s     (610.3326 GFlop/s per process)    90%    264.1 sec left
CG set 5045 / 5603    610.3325 GFlop/s     (610.3325 GFlop/s per process)    90%    263.5 sec left
CG set 5046 / 5603    610.3320 GFlop/s     (610.3320 GFlop/s per process)    90%    262.8 sec left
CG set 5047 / 5603    610.3320 GFlop/s     (610.3320 GFlop/s per process)    90%    262.1 sec left
CG set 5048 / 5603    610.3316 GFlop/s     (610.3316 GFlop/s per process)    90%    261.5 sec left
CG set 5049 / 5603    610.3317 GFlop/s     (610.3317 GFlop/s per process)    90%    260.8 sec left
CG set 5050 / 5603    610.3316 GFlop/s     (610.3316 GFlop/s per process)    90%    260.1 sec left
CG set 5051 / 5603    610.3315 GFlop/s     (610.3315 GFlop/s per process)    90%    259.5 sec left
CG set 5052 / 5603    610.3315 GFlop/s     (610.3315 GFlop/s per process)    90%    258.8 sec left
CG set 5053 / 5603    610.3313 GFlop/s     (610.3313 GFlop/s per process)    90%    258.2 sec left
CG set 5054 / 5603    610.3313 GFlop/s     (610.3313 GFlop/s per process)    90%    257.5 sec left
CG set 5055 / 5603    610.3313 GFlop/s     (610.3313 GFlop/s per process)    90%    256.8 sec left
CG set 5056 / 5603    610.3312 GFlop/s     (610.3312 GFlop/s per process)    90%    256.2 sec left
CG set 5057 / 5603    610.3312 GFlop/s     (610.3312 GFlop/s per process)    90%    255.5 sec left
CG set 5058 / 5603    610.3312 GFlop/s     (610.3312 GFlop/s per process)    90%    254.9 sec left
CG set 5059 / 5603    610.3311 GFlop/s     (610.3311 GFlop/s per process)    90%    254.2 sec left
CG set 5060 / 5603    610.3313 GFlop/s     (610.3313 GFlop/s per process)    90%    253.5 sec left
CG set 5061 / 5603    610.3310 GFlop/s     (610.3310 GFlop/s per process)    90%    252.9 sec left
CG set 5062 / 5603    610.3310 GFlop/s     (610.3310 GFlop/s per process)    90%    252.2 sec left
CG set 5063 / 5603    610.3311 GFlop/s     (610.3311 GFlop/s per process)    90%    251.5 sec left
CG set 5064 / 5603    610.3312 GFlop/s     (610.3312 GFlop/s per process)    90%    250.9 sec left
CG set 5065 / 5603    610.3310 GFlop/s     (610.3310 GFlop/s per process)    90%    250.2 sec left
CG set 5066 / 5603    610.3309 GFlop/s     (610.3309 GFlop/s per process)    90%    249.6 sec left
CG set 5067 / 5603    610.3307 GFlop/s     (610.3307 GFlop/s per process)    90%    248.9 sec left
CG set 5068 / 5603    610.3299 GFlop/s     (610.3299 GFlop/s per process)    90%    248.2 sec left
CG set 5069 / 5603    610.3294 GFlop/s     (610.3294 GFlop/s per process)    90%    247.6 sec left
CG set 5070 / 5603    610.3290 GFlop/s     (610.3290 GFlop/s per process)    90%    246.9 sec left
CG set 5071 / 5603    610.3280 GFlop/s     (610.3280 GFlop/s per process)    90%    246.2 sec left
CG set 5072 / 5603    610.3275 GFlop/s     (610.3275 GFlop/s per process)    90%    245.6 sec left
CG set 5073 / 5603    610.3266 GFlop/s     (610.3266 GFlop/s per process)    90%    244.9 sec left
CG set 5074 / 5603    610.3256 GFlop/s     (610.3256 GFlop/s per process)    90%    244.2 sec left
CG set 5075 / 5603    610.3247 GFlop/s     (610.3247 GFlop/s per process)    90%    243.6 sec left
CG set 5076 / 5603    610.3241 GFlop/s     (610.3241 GFlop/s per process)    90%    242.9 sec left
CG set 5077 / 5603    610.3233 GFlop/s     (610.3233 GFlop/s per process)    90%    242.2 sec left
CG set 5078 / 5603    610.3229 GFlop/s     (610.3229 GFlop/s per process)    90%    241.6 sec left
CG set 5079 / 5603    610.3222 GFlop/s     (610.3222 GFlop/s per process)    90%    240.9 sec left
CG set 5080 / 5603    610.3215 GFlop/s     (610.3215 GFlop/s per process)    90%    240.3 sec left
CG set 5081 / 5603    610.3213 GFlop/s     (610.3213 GFlop/s per process)    90%    239.6 sec left
CG set 5082 / 5603    610.3208 GFlop/s     (610.3208 GFlop/s per process)    90%    238.9 sec left
CG set 5083 / 5603    610.3204 GFlop/s     (610.3204 GFlop/s per process)    90%    238.3 sec left
CG set 5084 / 5603    610.3200 GFlop/s     (610.3200 GFlop/s per process)    90%    237.6 sec left
CG set 5085 / 5603    610.3198 GFlop/s     (610.3198 GFlop/s per process)    90%    236.9 sec left
CG set 5086 / 5603    610.3196 GFlop/s     (610.3196 GFlop/s per process)    90%    236.3 sec left
CG set 5087 / 5603    610.3193 GFlop/s     (610.3193 GFlop/s per process)    90%    235.6 sec left
CG set 5088 / 5603    610.3191 GFlop/s     (610.3191 GFlop/s per process)    90%    234.9 sec left
CG set 5089 / 5603    610.3188 GFlop/s     (610.3188 GFlop/s per process)    90%    234.3 sec left
CG set 5090 / 5603    610.3188 GFlop/s     (610.3188 GFlop/s per process)    90%    233.6 sec left
CG set 5091 / 5603    610.3186 GFlop/s     (610.3186 GFlop/s per process)    90%    233.0 sec left
CG set 5092 / 5603    610.3181 GFlop/s     (610.3181 GFlop/s per process)    90%    232.3 sec left
CG set 5093 / 5603    610.3180 GFlop/s     (610.3180 GFlop/s per process)    90%    231.6 sec left
CG set 5094 / 5603    610.3174 GFlop/s     (610.3174 GFlop/s per process)    90%    231.0 sec left
CG set 5095 / 5603    610.3172 GFlop/s     (610.3172 GFlop/s per process)    90%    230.3 sec left
CG set 5096 / 5603    610.3174 GFlop/s     (610.3174 GFlop/s per process)    90%    229.6 sec left
CG set 5097 / 5603    610.3172 GFlop/s     (610.3172 GFlop/s per process)    90%    229.0 sec left
CG set 5098 / 5603    610.3172 GFlop/s     (610.3172 GFlop/s per process)    90%    228.3 sec left
CG set 5099 / 5603    610.3169 GFlop/s     (610.3169 GFlop/s per process)    91%    227.7 sec left
CG set 5100 / 5603    610.3169 GFlop/s     (610.3169 GFlop/s per process)    91%    227.0 sec left
CG set 5101 / 5603    610.3171 GFlop/s     (610.3171 GFlop/s per process)    91%    226.3 sec left
CG set 5102 / 5603    610.3169 GFlop/s     (610.3169 GFlop/s per process)    91%    225.7 sec left
CG set 5103 / 5603    610.3170 GFlop/s     (610.3170 GFlop/s per process)    91%    225.0 sec left
CG set 5104 / 5603    610.3168 GFlop/s     (610.3168 GFlop/s per process)    91%    224.4 sec left
CG set 5105 / 5603    610.3166 GFlop/s     (610.3166 GFlop/s per process)    91%    223.7 sec left
CG set 5106 / 5603    610.3163 GFlop/s     (610.3163 GFlop/s per process)    91%    223.0 sec left
CG set 5107 / 5603    610.3159 GFlop/s     (610.3159 GFlop/s per process)    91%    222.4 sec left
CG set 5108 / 5603    610.3150 GFlop/s     (610.3150 GFlop/s per process)    91%    221.7 sec left
CG set 5109 / 5603    610.3140 GFlop/s     (610.3140 GFlop/s per process)    91%    221.0 sec left
CG set 5110 / 5603    610.3133 GFlop/s     (610.3133 GFlop/s per process)    91%    220.4 sec left
CG set 5111 / 5603    610.3126 GFlop/s     (610.3126 GFlop/s per process)    91%    219.7 sec left
CG set 5112 / 5603    610.3120 GFlop/s     (610.3120 GFlop/s per process)    91%    219.0 sec left
CG set 5113 / 5603    610.3114 GFlop/s     (610.3114 GFlop/s per process)    91%    218.4 sec left
CG set 5114 / 5603    610.3109 GFlop/s     (610.3109 GFlop/s per process)    91%    217.7 sec left
CG set 5115 / 5603    610.3102 GFlop/s     (610.3102 GFlop/s per process)    91%    217.0 sec left
CG set 5116 / 5603    610.3100 GFlop/s     (610.3100 GFlop/s per process)    91%    216.4 sec left
CG set 5117 / 5603    610.3094 GFlop/s     (610.3094 GFlop/s per process)    91%    215.7 sec left
CG set 5118 / 5603    610.3089 GFlop/s     (610.3089 GFlop/s per process)    91%    215.1 sec left
CG set 5119 / 5603    610.3087 GFlop/s     (610.3087 GFlop/s per process)    91%    214.4 sec left
CG set 5120 / 5603    610.3085 GFlop/s     (610.3085 GFlop/s per process)    91%    213.7 sec left
CG set 5121 / 5603    610.3082 GFlop/s     (610.3082 GFlop/s per process)    91%    213.1 sec left
CG set 5122 / 5603    610.3075 GFlop/s     (610.3075 GFlop/s per process)    91%    212.4 sec left
CG set 5123 / 5603    610.3073 GFlop/s     (610.3073 GFlop/s per process)    91%    211.7 sec left
CG set 5124 / 5603    610.3072 GFlop/s     (610.3072 GFlop/s per process)    91%    211.1 sec left
CG set 5125 / 5603    610.3071 GFlop/s     (610.3071 GFlop/s per process)    91%    210.4 sec left
CG set 5126 / 5603    610.3069 GFlop/s     (610.3069 GFlop/s per process)    91%    209.7 sec left
CG set 5127 / 5603    610.3068 GFlop/s     (610.3068 GFlop/s per process)    91%    209.1 sec left
CG set 5128 / 5603    610.3065 GFlop/s     (610.3065 GFlop/s per process)    91%    208.4 sec left
CG set 5129 / 5603    610.3065 GFlop/s     (610.3065 GFlop/s per process)    91%    207.8 sec left
CG set 5130 / 5603    610.3062 GFlop/s     (610.3062 GFlop/s per process)    91%    207.1 sec left
CG set 5131 / 5603    610.3061 GFlop/s     (610.3061 GFlop/s per process)    91%    206.4 sec left
CG set 5132 / 5603    610.3057 GFlop/s     (610.3057 GFlop/s per process)    91%    205.8 sec left
CG set 5133 / 5603    610.3058 GFlop/s     (610.3058 GFlop/s per process)    91%    205.1 sec left
CG set 5134 / 5603    610.3056 GFlop/s     (610.3056 GFlop/s per process)    91%    204.4 sec left
CG set 5135 / 5603    610.3055 GFlop/s     (610.3055 GFlop/s per process)    91%    203.8 sec left
CG set 5136 / 5603    610.3055 GFlop/s     (610.3055 GFlop/s per process)    91%    203.1 sec left
CG set 5137 / 5603    610.3054 GFlop/s     (610.3054 GFlop/s per process)    91%    202.5 sec left
CG set 5138 / 5603    610.3053 GFlop/s     (610.3053 GFlop/s per process)    91%    201.8 sec left
CG set 5139 / 5603    610.3053 GFlop/s     (610.3053 GFlop/s per process)    91%    201.1 sec left
CG set 5140 / 5603    610.3051 GFlop/s     (610.3051 GFlop/s per process)    91%    200.5 sec left
CG set 5141 / 5603    610.3054 GFlop/s     (610.3054 GFlop/s per process)    91%    199.8 sec left
CG set 5142 / 5603    610.3053 GFlop/s     (610.3053 GFlop/s per process)    91%    199.2 sec left
CG set 5143 / 5603    610.3046 GFlop/s     (610.3046 GFlop/s per process)    91%    198.5 sec left
CG set 5144 / 5603    610.3044 GFlop/s     (610.3044 GFlop/s per process)    91%    197.8 sec left
CG set 5145 / 5603    610.3038 GFlop/s     (610.3038 GFlop/s per process)    91%    197.2 sec left
CG set 5146 / 5603    610.3034 GFlop/s     (610.3034 GFlop/s per process)    91%    196.5 sec left
CG set 5147 / 5603    610.3028 GFlop/s     (610.3028 GFlop/s per process)    91%    195.8 sec left
CG set 5148 / 5603    610.3018 GFlop/s     (610.3018 GFlop/s per process)    91%    195.2 sec left
CG set 5149 / 5603    610.3011 GFlop/s     (610.3011 GFlop/s per process)    91%    194.5 sec left
CG set 5150 / 5603    610.3008 GFlop/s     (610.3008 GFlop/s per process)    91%    193.8 sec left
CG set 5151 / 5603    610.3001 GFlop/s     (610.3001 GFlop/s per process)    91%    193.2 sec left
CG set 5152 / 5603    610.2995 GFlop/s     (610.2995 GFlop/s per process)    91%    192.5 sec left
CG set 5153 / 5603    610.2992 GFlop/s     (610.2992 GFlop/s per process)    91%    191.8 sec left
CG set 5154 / 5603    610.2989 GFlop/s     (610.2989 GFlop/s per process)    91%    191.2 sec left
CG set 5155 / 5603    610.2986 GFlop/s     (610.2986 GFlop/s per process)    92%    190.5 sec left
CG set 5156 / 5603    610.2983 GFlop/s     (610.2983 GFlop/s per process)    92%    189.9 sec left
CG set 5157 / 5603    610.2980 GFlop/s     (610.2980 GFlop/s per process)    92%    189.2 sec left
CG set 5158 / 5603    610.2976 GFlop/s     (610.2976 GFlop/s per process)    92%    188.5 sec left
CG set 5159 / 5603    610.2974 GFlop/s     (610.2974 GFlop/s per process)    92%    187.9 sec left
CG set 5160 / 5603    610.2972 GFlop/s     (610.2972 GFlop/s per process)    92%    187.2 sec left
CG set 5161 / 5603    610.2970 GFlop/s     (610.2970 GFlop/s per process)    92%    186.5 sec left
CG set 5162 / 5603    610.2967 GFlop/s     (610.2967 GFlop/s per process)    92%    185.9 sec left
CG set 5163 / 5603    610.2965 GFlop/s     (610.2965 GFlop/s per process)    92%    185.2 sec left
CG set 5164 / 5603    610.2965 GFlop/s     (610.2965 GFlop/s per process)    92%    184.6 sec left
CG set 5165 / 5603    610.2965 GFlop/s     (610.2965 GFlop/s per process)    92%    183.9 sec left
CG set 5166 / 5603    610.2965 GFlop/s     (610.2965 GFlop/s per process)    92%    183.2 sec left
CG set 5167 / 5603    610.2964 GFlop/s     (610.2964 GFlop/s per process)    92%    182.6 sec left
CG set 5168 / 5603    610.2963 GFlop/s     (610.2963 GFlop/s per process)    92%    181.9 sec left
CG set 5169 / 5603    610.2964 GFlop/s     (610.2964 GFlop/s per process)    92%    181.2 sec left
CG set 5170 / 5603    610.2962 GFlop/s     (610.2962 GFlop/s per process)    92%    180.6 sec left
CG set 5171 / 5603    610.2963 GFlop/s     (610.2963 GFlop/s per process)    92%    179.9 sec left
CG set 5172 / 5603    610.2962 GFlop/s     (610.2962 GFlop/s per process)    92%    179.3 sec left
CG set 5173 / 5603    610.2960 GFlop/s     (610.2960 GFlop/s per process)    92%    178.6 sec left
CG set 5174 / 5603    610.2960 GFlop/s     (610.2960 GFlop/s per process)    92%    177.9 sec left
CG set 5175 / 5603    610.2957 GFlop/s     (610.2957 GFlop/s per process)    92%    177.3 sec left
CG set 5176 / 5603    610.2956 GFlop/s     (610.2956 GFlop/s per process)    92%    176.6 sec left
CG set 5177 / 5603    610.2957 GFlop/s     (610.2957 GFlop/s per process)    92%    176.0 sec left
CG set 5178 / 5603    610.2956 GFlop/s     (610.2956 GFlop/s per process)    92%    175.3 sec left
CG set 5179 / 5603    610.2952 GFlop/s     (610.2952 GFlop/s per process)    92%    174.6 sec left
CG set 5180 / 5603    610.2946 GFlop/s     (610.2946 GFlop/s per process)    92%    174.0 sec left
CG set 5181 / 5603    610.2942 GFlop/s     (610.2942 GFlop/s per process)    92%    173.3 sec left
CG set 5182 / 5603    610.2940 GFlop/s     (610.2940 GFlop/s per process)    92%    172.6 sec left
CG set 5183 / 5603    610.2933 GFlop/s     (610.2933 GFlop/s per process)    92%    172.0 sec left
CG set 5184 / 5603    610.2925 GFlop/s     (610.2925 GFlop/s per process)    92%    171.3 sec left
CG set 5185 / 5603    610.2921 GFlop/s     (610.2921 GFlop/s per process)    92%    170.6 sec left
CG set 5186 / 5603    610.2917 GFlop/s     (610.2917 GFlop/s per process)    92%    170.0 sec left
CG set 5187 / 5603    610.2912 GFlop/s     (610.2912 GFlop/s per process)    92%    169.3 sec left
CG set 5188 / 5603    610.2907 GFlop/s     (610.2907 GFlop/s per process)    92%    168.6 sec left
CG set 5189 / 5603    610.2900 GFlop/s     (610.2900 GFlop/s per process)    92%    168.0 sec left
CG set 5190 / 5603    610.2893 GFlop/s     (610.2893 GFlop/s per process)    92%    167.3 sec left
CG set 5191 / 5603    610.2888 GFlop/s     (610.2888 GFlop/s per process)    92%    166.7 sec left
CG set 5192 / 5603    610.2882 GFlop/s     (610.2882 GFlop/s per process)    92%    166.0 sec left
CG set 5193 / 5603    610.2880 GFlop/s     (610.2880 GFlop/s per process)    92%    165.3 sec left
CG set 5194 / 5603    610.2877 GFlop/s     (610.2877 GFlop/s per process)    92%    164.7 sec left
CG set 5195 / 5603    610.2875 GFlop/s     (610.2875 GFlop/s per process)    92%    164.0 sec left
CG set 5196 / 5603    610.2871 GFlop/s     (610.2871 GFlop/s per process)    92%    163.3 sec left
CG set 5197 / 5603    610.2867 GFlop/s     (610.2867 GFlop/s per process)    92%    162.7 sec left
CG set 5198 / 5603    610.2862 GFlop/s     (610.2862 GFlop/s per process)    92%    162.0 sec left
CG set 5199 / 5603    610.2862 GFlop/s     (610.2862 GFlop/s per process)    92%    161.3 sec left
CG set 5200 / 5603    610.2859 GFlop/s     (610.2859 GFlop/s per process)    92%    160.7 sec left
CG set 5201 / 5603    610.2855 GFlop/s     (610.2855 GFlop/s per process)    92%    160.0 sec left
CG set 5202 / 5603    610.2851 GFlop/s     (610.2851 GFlop/s per process)    92%    159.4 sec left
CG set 5203 / 5603    610.2848 GFlop/s     (610.2848 GFlop/s per process)    92%    158.7 sec left
CG set 5204 / 5603    610.2846 GFlop/s     (610.2846 GFlop/s per process)    92%    158.0 sec left
CG set 5205 / 5603    610.2848 GFlop/s     (610.2848 GFlop/s per process)    92%    157.4 sec left
CG set 5206 / 5603    610.2846 GFlop/s     (610.2846 GFlop/s per process)    92%    156.7 sec left
CG set 5207 / 5603    610.2845 GFlop/s     (610.2845 GFlop/s per process)    92%    156.0 sec left
CG set 5208 / 5603    610.2847 GFlop/s     (610.2847 GFlop/s per process)    92%    155.4 sec left
CG set 5209 / 5603    610.2845 GFlop/s     (610.2845 GFlop/s per process)    92%    154.7 sec left
CG set 5210 / 5603    610.2843 GFlop/s     (610.2843 GFlop/s per process)    92%    154.1 sec left
CG set 5211 / 5603    610.2843 GFlop/s     (610.2843 GFlop/s per process)    93%    153.4 sec left
CG set 5212 / 5603    610.2843 GFlop/s     (610.2843 GFlop/s per process)    93%    152.7 sec left
CG set 5213 / 5603    610.2842 GFlop/s     (610.2842 GFlop/s per process)    93%    152.1 sec left
CG set 5214 / 5603    610.2841 GFlop/s     (610.2841 GFlop/s per process)    93%    151.4 sec left
CG set 5215 / 5603    610.2839 GFlop/s     (610.2839 GFlop/s per process)    93%    150.8 sec left
CG set 5216 / 5603    610.2839 GFlop/s     (610.2839 GFlop/s per process)    93%    150.1 sec left
CG set 5217 / 5603    610.2836 GFlop/s     (610.2836 GFlop/s per process)    93%    149.4 sec left
CG set 5218 / 5603    610.2838 GFlop/s     (610.2838 GFlop/s per process)    93%    148.8 sec left
CG set 5219 / 5603    610.2832 GFlop/s     (610.2832 GFlop/s per process)    93%    148.1 sec left
CG set 5220 / 5603    610.2828 GFlop/s     (610.2828 GFlop/s per process)    93%    147.4 sec left
CG set 5221 / 5603    610.2825 GFlop/s     (610.2825 GFlop/s per process)    93%    146.8 sec left
CG set 5222 / 5603    610.2817 GFlop/s     (610.2817 GFlop/s per process)    93%    146.1 sec left
CG set 5223 / 5603    610.2807 GFlop/s     (610.2807 GFlop/s per process)    93%    145.4 sec left
CG set 5224 / 5603    610.2801 GFlop/s     (610.2801 GFlop/s per process)    93%    144.8 sec left
CG set 5225 / 5603    610.2793 GFlop/s     (610.2793 GFlop/s per process)    93%    144.1 sec left
CG set 5226 / 5603    610.2785 GFlop/s     (610.2785 GFlop/s per process)    93%    143.4 sec left
CG set 5227 / 5603    610.2782 GFlop/s     (610.2782 GFlop/s per process)    93%    142.8 sec left
CG set 5228 / 5603    610.2776 GFlop/s     (610.2776 GFlop/s per process)    93%    142.1 sec left
CG set 5229 / 5603    610.2770 GFlop/s     (610.2770 GFlop/s per process)    93%    141.5 sec left
CG set 5230 / 5603    610.2765 GFlop/s     (610.2765 GFlop/s per process)    93%    140.8 sec left
CG set 5231 / 5603    610.2763 GFlop/s     (610.2763 GFlop/s per process)    93%    140.1 sec left
CG set 5232 / 5603    610.2760 GFlop/s     (610.2760 GFlop/s per process)    93%    139.5 sec left
CG set 5233 / 5603    610.2758 GFlop/s     (610.2758 GFlop/s per process)    93%    138.8 sec left
CG set 5234 / 5603    610.2757 GFlop/s     (610.2757 GFlop/s per process)    93%    138.1 sec left
CG set 5235 / 5603    610.2753 GFlop/s     (610.2753 GFlop/s per process)    93%    137.5 sec left
CG set 5236 / 5603    610.2747 GFlop/s     (610.2747 GFlop/s per process)    93%    136.8 sec left
CG set 5237 / 5603    610.2746 GFlop/s     (610.2746 GFlop/s per process)    93%    136.1 sec left
CG set 5238 / 5603    610.2745 GFlop/s     (610.2745 GFlop/s per process)    93%    135.5 sec left
CG set 5239 / 5603    610.2744 GFlop/s     (610.2744 GFlop/s per process)    93%    134.8 sec left
CG set 5240 / 5603    610.2741 GFlop/s     (610.2741 GFlop/s per process)    93%    134.2 sec left
CG set 5241 / 5603    610.2741 GFlop/s     (610.2741 GFlop/s per process)    93%    133.5 sec left
CG set 5242 / 5603    610.2736 GFlop/s     (610.2736 GFlop/s per process)    93%    132.8 sec left
CG set 5243 / 5603    610.2735 GFlop/s     (610.2735 GFlop/s per process)    93%    132.2 sec left
CG set 5244 / 5603    610.2737 GFlop/s     (610.2737 GFlop/s per process)    93%    131.5 sec left
CG set 5245 / 5603    610.2737 GFlop/s     (610.2737 GFlop/s per process)    93%    130.9 sec left
CG set 5246 / 5603    610.2737 GFlop/s     (610.2737 GFlop/s per process)    93%    130.2 sec left
CG set 5247 / 5603    610.2735 GFlop/s     (610.2735 GFlop/s per process)    93%    129.5 sec left
CG set 5248 / 5603    610.2734 GFlop/s     (610.2734 GFlop/s per process)    93%    128.9 sec left
CG set 5249 / 5603    610.2735 GFlop/s     (610.2735 GFlop/s per process)    93%    128.2 sec left
CG set 5250 / 5603    610.2736 GFlop/s     (610.2736 GFlop/s per process)    93%    127.5 sec left
CG set 5251 / 5603    610.2737 GFlop/s     (610.2737 GFlop/s per process)    93%    126.9 sec left
CG set 5252 / 5603    610.2735 GFlop/s     (610.2735 GFlop/s per process)    93%    126.2 sec left
CG set 5253 / 5603    610.2733 GFlop/s     (610.2733 GFlop/s per process)    93%    125.6 sec left
CG set 5254 / 5603    610.2733 GFlop/s     (610.2733 GFlop/s per process)    93%    124.9 sec left
CG set 5255 / 5603    610.2733 GFlop/s     (610.2733 GFlop/s per process)    93%    124.2 sec left
CG set 5256 / 5603    610.2732 GFlop/s     (610.2732 GFlop/s per process)    93%    123.6 sec left
CG set 5257 / 5603    610.2728 GFlop/s     (610.2728 GFlop/s per process)    93%    122.9 sec left
CG set 5258 / 5603    610.2725 GFlop/s     (610.2725 GFlop/s per process)    93%    122.2 sec left
CG set 5259 / 5603    610.2716 GFlop/s     (610.2716 GFlop/s per process)    93%    121.6 sec left
CG set 5260 / 5603    610.2707 GFlop/s     (610.2707 GFlop/s per process)    93%    120.9 sec left
CG set 5261 / 5603    610.2699 GFlop/s     (610.2699 GFlop/s per process)    93%    120.2 sec left
CG set 5262 / 5603    610.2692 GFlop/s     (610.2692 GFlop/s per process)    93%    119.6 sec left
CG set 5263 / 5603    610.2686 GFlop/s     (610.2686 GFlop/s per process)    93%    118.9 sec left
CG set 5264 / 5603    610.2681 GFlop/s     (610.2681 GFlop/s per process)    93%    118.3 sec left
CG set 5265 / 5603    610.2675 GFlop/s     (610.2675 GFlop/s per process)    93%    117.6 sec left
CG set 5266 / 5603    610.2665 GFlop/s     (610.2665 GFlop/s per process)    93%    116.9 sec left
CG set 5267 / 5603    610.2659 GFlop/s     (610.2659 GFlop/s per process)    94%    116.3 sec left
CG set 5268 / 5603    610.2653 GFlop/s     (610.2653 GFlop/s per process)    94%    115.6 sec left
CG set 5269 / 5603    610.2647 GFlop/s     (610.2647 GFlop/s per process)    94%    114.9 sec left
CG set 5270 / 5603    610.2645 GFlop/s     (610.2645 GFlop/s per process)    94%    114.3 sec left
CG set 5271 / 5603    610.2641 GFlop/s     (610.2641 GFlop/s per process)    94%    113.6 sec left
CG set 5272 / 5603    610.2636 GFlop/s     (610.2636 GFlop/s per process)    94%    112.9 sec left
CG set 5273 / 5603    610.2634 GFlop/s     (610.2634 GFlop/s per process)    94%    112.3 sec left
CG set 5274 / 5603    610.2631 GFlop/s     (610.2631 GFlop/s per process)    94%    111.6 sec left
CG set 5275 / 5603    610.2631 GFlop/s     (610.2631 GFlop/s per process)    94%    110.9 sec left
CG set 5276 / 5603    610.2629 GFlop/s     (610.2629 GFlop/s per process)    94%    110.3 sec left
CG set 5277 / 5603    610.2631 GFlop/s     (610.2631 GFlop/s per process)    94%    109.6 sec left
CG set 5278 / 5603    610.2631 GFlop/s     (610.2631 GFlop/s per process)    94%    109.0 sec left
CG set 5279 / 5603    610.2631 GFlop/s     (610.2631 GFlop/s per process)    94%    108.3 sec left
CG set 5280 / 5603    610.2629 GFlop/s     (610.2629 GFlop/s per process)    94%    107.6 sec left
CG set 5281 / 5603    610.2629 GFlop/s     (610.2629 GFlop/s per process)    94%    107.0 sec left
CG set 5282 / 5603    610.2625 GFlop/s     (610.2625 GFlop/s per process)    94%    106.3 sec left
CG set 5283 / 5603    610.2625 GFlop/s     (610.2625 GFlop/s per process)    94%    105.7 sec left
CG set 5284 / 5603    610.2625 GFlop/s     (610.2625 GFlop/s per process)    94%    105.0 sec left
CG set 5285 / 5603    610.2625 GFlop/s     (610.2625 GFlop/s per process)    94%    104.3 sec left
CG set 5286 / 5603    610.2623 GFlop/s     (610.2623 GFlop/s per process)    94%    103.7 sec left
CG set 5287 / 5603    610.2626 GFlop/s     (610.2626 GFlop/s per process)    94%    103.0 sec left
CG set 5288 / 5603    610.2624 GFlop/s     (610.2624 GFlop/s per process)    94%    102.3 sec left
CG set 5289 / 5603    610.2626 GFlop/s     (610.2626 GFlop/s per process)    94%    101.7 sec left
CG set 5290 / 5603    610.2626 GFlop/s     (610.2626 GFlop/s per process)    94%    101.0 sec left
CG set 5291 / 5603    610.2624 GFlop/s     (610.2624 GFlop/s per process)    94%    100.4 sec left
CG set 5292 / 5603    610.2623 GFlop/s     (610.2623 GFlop/s per process)    94%    99.7 sec left
CG set 5293 / 5603    610.2621 GFlop/s     (610.2621 GFlop/s per process)    94%    99.0 sec left
CG set 5294 / 5603    610.2621 GFlop/s     (610.2621 GFlop/s per process)    94%    98.4 sec left
CG set 5295 / 5603    610.2617 GFlop/s     (610.2617 GFlop/s per process)    94%    97.7 sec left
CG set 5296 / 5603    610.2614 GFlop/s     (610.2614 GFlop/s per process)    94%    97.0 sec left
CG set 5297 / 5603    610.2605 GFlop/s     (610.2605 GFlop/s per process)    94%    96.4 sec left
CG set 5298 / 5603    610.2596 GFlop/s     (610.2596 GFlop/s per process)    94%    95.7 sec left
CG set 5299 / 5603    610.2589 GFlop/s     (610.2589 GFlop/s per process)    94%    95.0 sec left
CG set 5300 / 5603    610.2584 GFlop/s     (610.2584 GFlop/s per process)    94%    94.4 sec left
CG set 5301 / 5603    610.2578 GFlop/s     (610.2578 GFlop/s per process)    94%    93.7 sec left
CG set 5302 / 5603    610.2572 GFlop/s     (610.2572 GFlop/s per process)    94%    93.1 sec left
CG set 5303 / 5603    610.2561 GFlop/s     (610.2561 GFlop/s per process)    94%    92.4 sec left
CG set 5304 / 5603    610.2558 GFlop/s     (610.2558 GFlop/s per process)    94%    91.7 sec left
CG set 5305 / 5603    610.2556 GFlop/s     (610.2556 GFlop/s per process)    94%    91.1 sec left
CG set 5306 / 5603    610.2552 GFlop/s     (610.2552 GFlop/s per process)    94%    90.4 sec left
CG set 5307 / 5603    610.2547 GFlop/s     (610.2547 GFlop/s per process)    94%    89.7 sec left
CG set 5308 / 5603    610.2544 GFlop/s     (610.2544 GFlop/s per process)    94%    89.1 sec left
CG set 5309 / 5603    610.2540 GFlop/s     (610.2540 GFlop/s per process)    94%    88.4 sec left
CG set 5310 / 5603    610.2536 GFlop/s     (610.2536 GFlop/s per process)    94%    87.7 sec left
CG set 5311 / 5603    610.2534 GFlop/s     (610.2534 GFlop/s per process)    94%    87.1 sec left
CG set 5312 / 5603    610.2534 GFlop/s     (610.2534 GFlop/s per process)    94%    86.4 sec left
CG set 5313 / 5603    610.2532 GFlop/s     (610.2532 GFlop/s per process)    94%    85.8 sec left
CG set 5314 / 5603    610.2533 GFlop/s     (610.2533 GFlop/s per process)    94%    85.1 sec left
CG set 5315 / 5603    610.2528 GFlop/s     (610.2528 GFlop/s per process)    94%    84.4 sec left
CG set 5316 / 5603    610.2528 GFlop/s     (610.2528 GFlop/s per process)    94%    83.8 sec left
CG set 5317 / 5603    610.2523 GFlop/s     (610.2523 GFlop/s per process)    94%    83.1 sec left
CG set 5318 / 5603    610.2523 GFlop/s     (610.2523 GFlop/s per process)    94%    82.4 sec left
CG set 5319 / 5603    610.2521 GFlop/s     (610.2521 GFlop/s per process)    94%    81.8 sec left
CG set 5320 / 5603    610.2520 GFlop/s     (610.2520 GFlop/s per process)    94%    81.1 sec left
CG set 5321 / 5603    610.2520 GFlop/s     (610.2520 GFlop/s per process)    94%    80.5 sec left
CG set 5322 / 5603    610.2520 GFlop/s     (610.2520 GFlop/s per process)    94%    79.8 sec left
CG set 5323 / 5603    610.2521 GFlop/s     (610.2521 GFlop/s per process)    95%    79.1 sec left
CG set 5324 / 5603    610.2520 GFlop/s     (610.2520 GFlop/s per process)    95%    78.5 sec left
CG set 5325 / 5603    610.2520 GFlop/s     (610.2520 GFlop/s per process)    95%    77.8 sec left
CG set 5326 / 5603    610.2520 GFlop/s     (610.2520 GFlop/s per process)    95%    77.2 sec left
CG set 5327 / 5603    610.2517 GFlop/s     (610.2517 GFlop/s per process)    95%    76.5 sec left
CG set 5328 / 5603    610.2517 GFlop/s     (610.2517 GFlop/s per process)    95%    75.8 sec left
CG set 5329 / 5603    610.2514 GFlop/s     (610.2514 GFlop/s per process)    95%    75.2 sec left
CG set 5330 / 5603    610.2515 GFlop/s     (610.2515 GFlop/s per process)    95%    74.5 sec left
CG set 5331 / 5603    610.2513 GFlop/s     (610.2513 GFlop/s per process)    95%    73.8 sec left
CG set 5332 / 5603    610.2508 GFlop/s     (610.2508 GFlop/s per process)    95%    73.2 sec left
CG set 5333 / 5603    610.2505 GFlop/s     (610.2505 GFlop/s per process)    95%    72.5 sec left
CG set 5334 / 5603    610.2500 GFlop/s     (610.2500 GFlop/s per process)    95%    71.8 sec left
CG set 5335 / 5603    610.2491 GFlop/s     (610.2491 GFlop/s per process)    95%    71.2 sec left
CG set 5336 / 5603    610.2486 GFlop/s     (610.2486 GFlop/s per process)    95%    70.5 sec left
CG set 5337 / 5603    610.2479 GFlop/s     (610.2479 GFlop/s per process)    95%    69.9 sec left
CG set 5338 / 5603    610.2470 GFlop/s     (610.2470 GFlop/s per process)    95%    69.2 sec left
CG set 5339 / 5603    610.2463 GFlop/s     (610.2463 GFlop/s per process)    95%    68.5 sec left
CG set 5340 / 5603    610.2459 GFlop/s     (610.2459 GFlop/s per process)    95%    67.9 sec left
CG set 5341 / 5603    610.2454 GFlop/s     (610.2454 GFlop/s per process)    95%    67.2 sec left
CG set 5342 / 5603    610.2451 GFlop/s     (610.2451 GFlop/s per process)    95%    66.5 sec left
CG set 5343 / 5603    610.2448 GFlop/s     (610.2448 GFlop/s per process)    95%    65.9 sec left
CG set 5344 / 5603    610.2444 GFlop/s     (610.2444 GFlop/s per process)    95%    65.2 sec left
CG set 5345 / 5603    610.2442 GFlop/s     (610.2442 GFlop/s per process)    95%    64.5 sec left
CG set 5346 / 5603    610.2441 GFlop/s     (610.2441 GFlop/s per process)    95%    63.9 sec left
CG set 5347 / 5603    610.2435 GFlop/s     (610.2435 GFlop/s per process)    95%    63.2 sec left
CG set 5348 / 5603    610.2435 GFlop/s     (610.2435 GFlop/s per process)    95%    62.5 sec left
CG set 5349 / 5603    610.2431 GFlop/s     (610.2431 GFlop/s per process)    95%    61.9 sec left
CG set 5350 / 5603    610.2432 GFlop/s     (610.2432 GFlop/s per process)    95%    61.2 sec left
CG set 5351 / 5603    610.2433 GFlop/s     (610.2433 GFlop/s per process)    95%    60.6 sec left
CG set 5352 / 5603    610.2430 GFlop/s     (610.2430 GFlop/s per process)    95%    59.9 sec left
CG set 5353 / 5603    610.2427 GFlop/s     (610.2427 GFlop/s per process)    95%    59.2 sec left
CG set 5354 / 5603    610.2426 GFlop/s     (610.2426 GFlop/s per process)    95%    58.6 sec left
CG set 5355 / 5603    610.2425 GFlop/s     (610.2425 GFlop/s per process)    95%    57.9 sec left
CG set 5356 / 5603    610.2423 GFlop/s     (610.2423 GFlop/s per process)    95%    57.2 sec left
CG set 5357 / 5603    610.2421 GFlop/s     (610.2421 GFlop/s per process)    95%    56.6 sec left
CG set 5358 / 5603    610.2422 GFlop/s     (610.2422 GFlop/s per process)    95%    55.9 sec left
CG set 5359 / 5603    610.2421 GFlop/s     (610.2421 GFlop/s per process)    95%    55.3 sec left
CG set 5360 / 5603    610.2421 GFlop/s     (610.2421 GFlop/s per process)    95%    54.6 sec left
CG set 5361 / 5603    610.2421 GFlop/s     (610.2421 GFlop/s per process)    95%    53.9 sec left
CG set 5362 / 5603    610.2419 GFlop/s     (610.2419 GFlop/s per process)    95%    53.3 sec left
CG set 5363 / 5603    610.2419 GFlop/s     (610.2419 GFlop/s per process)    95%    52.6 sec left
CG set 5364 / 5603    610.2418 GFlop/s     (610.2418 GFlop/s per process)    95%    52.0 sec left
CG set 5365 / 5603    610.2417 GFlop/s     (610.2417 GFlop/s per process)    95%    51.3 sec left
CG set 5366 / 5603    610.2417 GFlop/s     (610.2417 GFlop/s per process)    95%    50.6 sec left
CG set 5367 / 5603    610.2416 GFlop/s     (610.2416 GFlop/s per process)    95%    50.0 sec left
CG set 5368 / 5603    610.2415 GFlop/s     (610.2415 GFlop/s per process)    95%    49.3 sec left
CG set 5369 / 5603    610.2415 GFlop/s     (610.2415 GFlop/s per process)    95%    48.6 sec left
CG set 5370 / 5603    610.2413 GFlop/s     (610.2413 GFlop/s per process)    95%    48.0 sec left
CG set 5371 / 5603    610.2410 GFlop/s     (610.2410 GFlop/s per process)    95%    47.3 sec left
CG set 5372 / 5603    610.2410 GFlop/s     (610.2410 GFlop/s per process)    95%    46.7 sec left
CG set 5373 / 5603    610.2402 GFlop/s     (610.2402 GFlop/s per process)    95%    46.0 sec left
CG set 5374 / 5603    610.2392 GFlop/s     (610.2392 GFlop/s per process)    95%    45.3 sec left
CG set 5375 / 5603    610.2381 GFlop/s     (610.2381 GFlop/s per process)    95%    44.7 sec left
CG set 5376 / 5603    610.2378 GFlop/s     (610.2378 GFlop/s per process)    95%    44.0 sec left
CG set 5377 / 5603    610.2369 GFlop/s     (610.2369 GFlop/s per process)    95%    43.3 sec left
CG set 5378 / 5603    610.2364 GFlop/s     (610.2364 GFlop/s per process)    95%    42.7 sec left
CG set 5379 / 5603    610.2357 GFlop/s     (610.2357 GFlop/s per process)    96%    42.0 sec left
CG set 5380 / 5603    610.2351 GFlop/s     (610.2351 GFlop/s per process)    96%    41.3 sec left
CG set 5381 / 5603    610.2349 GFlop/s     (610.2349 GFlop/s per process)    96%    40.7 sec left
CG set 5382 / 5603    610.2346 GFlop/s     (610.2346 GFlop/s per process)    96%    40.0 sec left
CG set 5383 / 5603    610.2337 GFlop/s     (610.2337 GFlop/s per process)    96%    39.3 sec left
CG set 5384 / 5603    610.2333 GFlop/s     (610.2333 GFlop/s per process)    96%    38.7 sec left
CG set 5385 / 5603    610.2329 GFlop/s     (610.2329 GFlop/s per process)    96%    38.0 sec left
CG set 5386 / 5603    610.2325 GFlop/s     (610.2325 GFlop/s per process)    96%    37.3 sec left
CG set 5387 / 5603    610.2323 GFlop/s     (610.2323 GFlop/s per process)    96%    36.7 sec left
CG set 5388 / 5603    610.2320 GFlop/s     (610.2320 GFlop/s per process)    96%    36.0 sec left
CG set 5389 / 5603    610.2319 GFlop/s     (610.2319 GFlop/s per process)    96%    35.4 sec left
CG set 5390 / 5603    610.2317 GFlop/s     (610.2317 GFlop/s per process)    96%    34.7 sec left
CG set 5391 / 5603    610.2318 GFlop/s     (610.2318 GFlop/s per process)    96%    34.0 sec left
CG set 5392 / 5603    610.2316 GFlop/s     (610.2316 GFlop/s per process)    96%    33.4 sec left
CG set 5393 / 5603    610.2312 GFlop/s     (610.2312 GFlop/s per process)    96%    32.7 sec left
CG set 5394 / 5603    610.2311 GFlop/s     (610.2311 GFlop/s per process)    96%    32.0 sec left
CG set 5395 / 5603    610.2308 GFlop/s     (610.2308 GFlop/s per process)    96%    31.4 sec left
CG set 5396 / 5603    610.2307 GFlop/s     (610.2307 GFlop/s per process)    96%    30.7 sec left
CG set 5397 / 5603    610.2307 GFlop/s     (610.2307 GFlop/s per process)    96%    30.1 sec left
CG set 5398 / 5603    610.2309 GFlop/s     (610.2309 GFlop/s per process)    96%    29.4 sec left
CG set 5399 / 5603    610.2309 GFlop/s     (610.2309 GFlop/s per process)    96%    28.7 sec left
CG set 5400 / 5603    610.2306 GFlop/s     (610.2306 GFlop/s per process)    96%    28.1 sec left
CG set 5401 / 5603    610.2307 GFlop/s     (610.2307 GFlop/s per process)    96%    27.4 sec left
CG set 5402 / 5603    610.2308 GFlop/s     (610.2308 GFlop/s per process)    96%    26.8 sec left
CG set 5403 / 5603    610.2309 GFlop/s     (610.2309 GFlop/s per process)    96%    26.1 sec left
CG set 5404 / 5603    610.2306 GFlop/s     (610.2306 GFlop/s per process)    96%    25.4 sec left
CG set 5405 / 5603    610.2302 GFlop/s     (610.2302 GFlop/s per process)    96%    24.8 sec left
CG set 5406 / 5603    610.2301 GFlop/s     (610.2301 GFlop/s per process)    96%    24.1 sec left
CG set 5407 / 5603    610.2298 GFlop/s     (610.2298 GFlop/s per process)    96%    23.4 sec left
CG set 5408 / 5603    610.2295 GFlop/s     (610.2295 GFlop/s per process)    96%    22.8 sec left
CG set 5409 / 5603    610.2293 GFlop/s     (610.2293 GFlop/s per process)    96%    22.1 sec left
CG set 5410 / 5603    610.2288 GFlop/s     (610.2288 GFlop/s per process)    96%    21.5 sec left
CG set 5411 / 5603    610.2281 GFlop/s     (610.2281 GFlop/s per process)    96%    20.8 sec left
CG set 5412 / 5603    610.2275 GFlop/s     (610.2275 GFlop/s per process)    96%    20.1 sec left
CG set 5413 / 5603    610.2270 GFlop/s     (610.2270 GFlop/s per process)    96%    19.5 sec left
CG set 5414 / 5603    610.2265 GFlop/s     (610.2265 GFlop/s per process)    96%    18.8 sec left
CG set 5415 / 5603    610.2259 GFlop/s     (610.2259 GFlop/s per process)    96%    18.1 sec left
CG set 5416 / 5603    610.2254 GFlop/s     (610.2254 GFlop/s per process)    96%    17.5 sec left
CG set 5417 / 5603    610.2250 GFlop/s     (610.2250 GFlop/s per process)    96%    16.8 sec left
CG set 5418 / 5603    610.2244 GFlop/s     (610.2244 GFlop/s per process)    96%    16.1 sec left
CG set 5419 / 5603    610.2241 GFlop/s     (610.2241 GFlop/s per process)    96%    15.5 sec left
CG set 5420 / 5603    610.2240 GFlop/s     (610.2240 GFlop/s per process)    96%    14.8 sec left
CG set 5421 / 5603    610.2238 GFlop/s     (610.2238 GFlop/s per process)    96%    14.1 sec left
CG set 5422 / 5603    610.2234 GFlop/s     (610.2234 GFlop/s per process)    96%    13.5 sec left
CG set 5423 / 5603    610.2231 GFlop/s     (610.2231 GFlop/s per process)    96%    12.8 sec left
CG set 5424 / 5603    610.2228 GFlop/s     (610.2228 GFlop/s per process)    96%    12.2 sec left
CG set 5425 / 5603    610.2224 GFlop/s     (610.2224 GFlop/s per process)    96%    11.5 sec left
CG set 5426 / 5603    610.2220 GFlop/s     (610.2220 GFlop/s per process)    96%    10.8 sec left
CG set 5427 / 5603    610.2220 GFlop/s     (610.2220 GFlop/s per process)    96%    10.2 sec left
CG set 5428 / 5603    610.2219 GFlop/s     (610.2219 GFlop/s per process)    96%    9.5 sec left
CG set 5429 / 5603    610.2214 GFlop/s     (610.2214 GFlop/s per process)    96%    8.8 sec left
CG set 5430 / 5603    610.2211 GFlop/s     (610.2211 GFlop/s per process)    96%    8.2 sec left
CG set 5431 / 5603    610.2210 GFlop/s     (610.2210 GFlop/s per process)    96%    7.5 sec left
CG set 5432 / 5603    610.2213 GFlop/s     (610.2213 GFlop/s per process)    96%    6.9 sec left
CG set 5433 / 5603    610.2210 GFlop/s     (610.2210 GFlop/s per process)    96%    6.2 sec left
CG set 5434 / 5603    610.2210 GFlop/s     (610.2210 GFlop/s per process)    96%    5.5 sec left
CG set 5435 / 5603    610.2211 GFlop/s     (610.2211 GFlop/s per process)    97%    4.9 sec left
CG set 5436 / 5603    610.2212 GFlop/s     (610.2212 GFlop/s per process)    97%    4.2 sec left
CG set 5437 / 5603    610.2213 GFlop/s     (610.2213 GFlop/s per process)    97%    3.5 sec left
CG set 5438 / 5603    610.2213 GFlop/s     (610.2213 GFlop/s per process)    97%    2.9 sec left
CG set 5439 / 5603    610.2211 GFlop/s     (610.2211 GFlop/s per process)    97%    2.2 sec left
CG set 5440 / 5603    610.2212 GFlop/s     (610.2212 GFlop/s per process)    97%    1.6 sec left
CG set 5441 / 5603    610.2210 GFlop/s     (610.2210 GFlop/s per process)    97%    0.9 sec left
CG set 5442 / 5603    610.2209 GFlop/s     (610.2209 GFlop/s per process)    97%    0.2 sec left
CG set 5443 / 5603    610.2208 GFlop/s     (610.2208 GFlop/s per process)    97%    0.0 sec left
CG set 5444 / 5603    610.2207 GFlop/s     (610.2207 GFlop/s per process)    97%    0.0 sec left
CG set 5445 / 5603    610.2207 GFlop/s     (610.2207 GFlop/s per process)    97%    0.0 sec left
CG set 5446 / 5603    610.2199 GFlop/s     (610.2199 GFlop/s per process)    97%    0.0 sec left
CG set 5447 / 5603    610.2198 GFlop/s     (610.2198 GFlop/s per process)    97%    0.0 sec left
CG set 5448 / 5603    610.2191 GFlop/s     (610.2191 GFlop/s per process)    97%    0.0 sec left
CG set 5449 / 5603    610.2183 GFlop/s     (610.2183 GFlop/s per process)    97%    0.0 sec left
CG set 5450 / 5603    610.2171 GFlop/s     (610.2171 GFlop/s per process)    97%    0.0 sec left
CG set 5451 / 5603    610.2166 GFlop/s     (610.2166 GFlop/s per process)    97%    0.0 sec left
CG set 5452 / 5603    610.2158 GFlop/s     (610.2158 GFlop/s per process)    97%    0.0 sec left
CG set 5453 / 5603    610.2151 GFlop/s     (610.2151 GFlop/s per process)    97%    0.0 sec left
CG set 5454 / 5603    610.2145 GFlop/s     (610.2145 GFlop/s per process)    97%    0.0 sec left
CG set 5455 / 5603    610.2142 GFlop/s     (610.2142 GFlop/s per process)    97%    0.0 sec left
CG set 5456 / 5603    610.2138 GFlop/s     (610.2138 GFlop/s per process)    97%    0.0 sec left
CG set 5457 / 5603    610.2133 GFlop/s     (610.2133 GFlop/s per process)    97%    0.0 sec left
CG set 5458 / 5603    610.2130 GFlop/s     (610.2130 GFlop/s per process)    97%    0.0 sec left
CG set 5459 / 5603    610.2123 GFlop/s     (610.2123 GFlop/s per process)    97%    0.0 sec left
CG set 5460 / 5603    610.2123 GFlop/s     (610.2123 GFlop/s per process)    97%    0.0 sec left
CG set 5461 / 5603    610.2121 GFlop/s     (610.2121 GFlop/s per process)    97%    0.0 sec left
CG set 5462 / 5603    610.2117 GFlop/s     (610.2117 GFlop/s per process)    97%    0.0 sec left
CG set 5463 / 5603    610.2114 GFlop/s     (610.2114 GFlop/s per process)    97%    0.0 sec left
CG set 5464 / 5603    610.2114 GFlop/s     (610.2114 GFlop/s per process)    97%    0.0 sec left
CG set 5465 / 5603    610.2112 GFlop/s     (610.2112 GFlop/s per process)    97%    0.0 sec left
CG set 5466 / 5603    610.2112 GFlop/s     (610.2112 GFlop/s per process)    97%    0.0 sec left
CG set 5467 / 5603    610.2111 GFlop/s     (610.2111 GFlop/s per process)    97%    0.0 sec left
CG set 5468 / 5603    610.2111 GFlop/s     (610.2111 GFlop/s per process)    97%    0.0 sec left
CG set 5469 / 5603    610.2109 GFlop/s     (610.2109 GFlop/s per process)    97%    0.0 sec left
CG set 5470 / 5603    610.2106 GFlop/s     (610.2106 GFlop/s per process)    97%    0.0 sec left
CG set 5471 / 5603    610.2105 GFlop/s     (610.2105 GFlop/s per process)    97%    0.0 sec left
CG set 5472 / 5603    610.2104 GFlop/s     (610.2104 GFlop/s per process)    97%    0.0 sec left
CG set 5473 / 5603    610.2103 GFlop/s     (610.2103 GFlop/s per process)    97%    0.0 sec left
CG set 5474 / 5603    610.2103 GFlop/s     (610.2103 GFlop/s per process)    97%    0.0 sec left
CG set 5475 / 5603    610.2100 GFlop/s     (610.2100 GFlop/s per process)    97%    0.0 sec left
CG set 5476 / 5603    610.2099 GFlop/s     (610.2099 GFlop/s per process)    97%    0.0 sec left
CG set 5477 / 5603    610.2099 GFlop/s     (610.2099 GFlop/s per process)    97%    0.0 sec left
CG set 5478 / 5603    610.2098 GFlop/s     (610.2098 GFlop/s per process)    97%    0.0 sec left
CG set 5479 / 5603    610.2098 GFlop/s     (610.2098 GFlop/s per process)    97%    0.0 sec left
CG set 5480 / 5603    610.2098 GFlop/s     (610.2098 GFlop/s per process)    97%    0.0 sec left
CG set 5481 / 5603    610.2098 GFlop/s     (610.2098 GFlop/s per process)    97%    0.0 sec left
CG set 5482 / 5603    610.2098 GFlop/s     (610.2098 GFlop/s per process)    97%    0.0 sec left
CG set 5483 / 5603    610.2092 GFlop/s     (610.2092 GFlop/s per process)    97%    0.0 sec left
CG set 5484 / 5603    610.2081 GFlop/s     (610.2081 GFlop/s per process)    97%    0.0 sec left
CG set 5485 / 5603    610.2077 GFlop/s     (610.2077 GFlop/s per process)    97%    0.0 sec left
CG set 5486 / 5603    610.2071 GFlop/s     (610.2071 GFlop/s per process)    97%    0.0 sec left
CG set 5487 / 5603    610.2064 GFlop/s     (610.2064 GFlop/s per process)    97%    0.0 sec left
CG set 5488 / 5603    610.2057 GFlop/s     (610.2057 GFlop/s per process)    97%    0.0 sec left
CG set 5489 / 5603    610.2051 GFlop/s     (610.2051 GFlop/s per process)    97%    0.0 sec left
CG set 5490 / 5603    610.2044 GFlop/s     (610.2044 GFlop/s per process)    97%    0.0 sec left
CG set 5491 / 5603    610.2039 GFlop/s     (610.2039 GFlop/s per process)    98%    0.0 sec left
CG set 5492 / 5603    610.2036 GFlop/s     (610.2036 GFlop/s per process)    98%    0.0 sec left
CG set 5493 / 5603    610.2032 GFlop/s     (610.2032 GFlop/s per process)    98%    0.0 sec left
CG set 5494 / 5603    610.2029 GFlop/s     (610.2029 GFlop/s per process)    98%    0.0 sec left
CG set 5495 / 5603    610.2026 GFlop/s     (610.2026 GFlop/s per process)    98%    0.0 sec left
CG set 5496 / 5603    610.2023 GFlop/s     (610.2023 GFlop/s per process)    98%    0.0 sec left
CG set 5497 / 5603    610.2020 GFlop/s     (610.2020 GFlop/s per process)    98%    0.0 sec left
CG set 5498 / 5603    610.2016 GFlop/s     (610.2016 GFlop/s per process)    98%    0.0 sec left
CG set 5499 / 5603    610.2016 GFlop/s     (610.2016 GFlop/s per process)    98%    0.0 sec left
CG set 5500 / 5603    610.2011 GFlop/s     (610.2011 GFlop/s per process)    98%    0.0 sec left
CG set 5501 / 5603    610.2010 GFlop/s     (610.2010 GFlop/s per process)    98%    0.0 sec left
CG set 5502 / 5603    610.2006 GFlop/s     (610.2006 GFlop/s per process)    98%    0.0 sec left
CG set 5503 / 5603    610.2007 GFlop/s     (610.2007 GFlop/s per process)    98%    0.0 sec left
CG set 5504 / 5603    610.2003 GFlop/s     (610.2003 GFlop/s per process)    98%    0.0 sec left
CG set 5505 / 5603    610.2004 GFlop/s     (610.2004 GFlop/s per process)    98%    0.0 sec left
CG set 5506 / 5603    610.2005 GFlop/s     (610.2005 GFlop/s per process)    98%    0.0 sec left
CG set 5507 / 5603    610.2005 GFlop/s     (610.2005 GFlop/s per process)    98%    0.0 sec left
CG set 5508 / 5603    610.2003 GFlop/s     (610.2003 GFlop/s per process)    98%    0.0 sec left
CG set 5509 / 5603    610.2000 GFlop/s     (610.2000 GFlop/s per process)    98%    0.0 sec left
CG set 5510 / 5603    610.2000 GFlop/s     (610.2000 GFlop/s per process)    98%    0.0 sec left
CG set 5511 / 5603    610.1997 GFlop/s     (610.1997 GFlop/s per process)    98%    0.0 sec left
CG set 5512 / 5603    610.1999 GFlop/s     (610.1999 GFlop/s per process)    98%    0.0 sec left
CG set 5513 / 5603    610.2001 GFlop/s     (610.2001 GFlop/s per process)    98%    0.0 sec left
CG set 5514 / 5603    610.2002 GFlop/s     (610.2002 GFlop/s per process)    98%    0.0 sec left
CG set 5515 / 5603    610.2003 GFlop/s     (610.2003 GFlop/s per process)    98%    0.0 sec left
CG set 5516 / 5603    610.2003 GFlop/s     (610.2003 GFlop/s per process)    98%    0.0 sec left
CG set 5517 / 5603    610.2002 GFlop/s     (610.2002 GFlop/s per process)    98%    0.0 sec left
CG set 5518 / 5603    610.2001 GFlop/s     (610.2001 GFlop/s per process)    98%    0.0 sec left
CG set 5519 / 5603    610.1999 GFlop/s     (610.1999 GFlop/s per process)    98%    0.0 sec left
CG set 5520 / 5603    610.1997 GFlop/s     (610.1997 GFlop/s per process)    98%    0.0 sec left
CG set 5521 / 5603    610.1998 GFlop/s     (610.1998 GFlop/s per process)    98%    0.0 sec left
CG set 5522 / 5603    610.1996 GFlop/s     (610.1996 GFlop/s per process)    98%    0.0 sec left
CG set 5523 / 5603    610.1988 GFlop/s     (610.1988 GFlop/s per process)    98%    0.0 sec left
CG set 5524 / 5603    610.1977 GFlop/s     (610.1977 GFlop/s per process)    98%    0.0 sec left
CG set 5525 / 5603    610.1971 GFlop/s     (610.1971 GFlop/s per process)    98%    0.0 sec left
CG set 5526 / 5603    610.1965 GFlop/s     (610.1965 GFlop/s per process)    98%    0.0 sec left
CG set 5527 / 5603    610.1958 GFlop/s     (610.1958 GFlop/s per process)    98%    0.0 sec left
CG set 5528 / 5603    610.1955 GFlop/s     (610.1955 GFlop/s per process)    98%    0.0 sec left
CG set 5529 / 5603    610.1945 GFlop/s     (610.1945 GFlop/s per process)    98%    0.0 sec left
CG set 5530 / 5603    610.1940 GFlop/s     (610.1940 GFlop/s per process)    98%    0.0 sec left
CG set 5531 / 5603    610.1935 GFlop/s     (610.1935 GFlop/s per process)    98%    0.0 sec left
CG set 5532 / 5603    610.1933 GFlop/s     (610.1933 GFlop/s per process)    98%    0.0 sec left
CG set 5533 / 5603    610.1928 GFlop/s     (610.1928 GFlop/s per process)    98%    0.0 sec left
CG set 5534 / 5603    610.1925 GFlop/s     (610.1925 GFlop/s per process)    98%    0.0 sec left
CG set 5535 / 5603    610.1923 GFlop/s     (610.1923 GFlop/s per process)    98%    0.0 sec left
CG set 5536 / 5603    610.1921 GFlop/s     (610.1921 GFlop/s per process)    98%    0.0 sec left
CG set 5537 / 5603    610.1920 GFlop/s     (610.1920 GFlop/s per process)    98%    0.0 sec left
CG set 5538 / 5603    610.1918 GFlop/s     (610.1918 GFlop/s per process)    98%    0.0 sec left
CG set 5539 / 5603    610.1918 GFlop/s     (610.1918 GFlop/s per process)    98%    0.0 sec left
CG set 5540 / 5603    610.1917 GFlop/s     (610.1917 GFlop/s per process)    98%    0.0 sec left
CG set 5541 / 5603    610.1917 GFlop/s     (610.1917 GFlop/s per process)    98%    0.0 sec left
CG set 5542 / 5603    610.1916 GFlop/s     (610.1916 GFlop/s per process)    98%    0.0 sec left
CG set 5543 / 5603    610.1917 GFlop/s     (610.1917 GFlop/s per process)    98%    0.0 sec left
CG set 5544 / 5603    610.1917 GFlop/s     (610.1917 GFlop/s per process)    98%    0.0 sec left
CG set 5545 / 5603    610.1917 GFlop/s     (610.1917 GFlop/s per process)    98%    0.0 sec left
CG set 5546 / 5603    610.1917 GFlop/s     (610.1917 GFlop/s per process)    98%    0.0 sec left
CG set 5547 / 5603    610.1915 GFlop/s     (610.1915 GFlop/s per process)    99%    0.0 sec left
CG set 5548 / 5603    610.1914 GFlop/s     (610.1914 GFlop/s per process)    99%    0.0 sec left
CG set 5549 / 5603    610.1913 GFlop/s     (610.1913 GFlop/s per process)    99%    0.0 sec left
CG set 5550 / 5603    610.1913 GFlop/s     (610.1913 GFlop/s per process)    99%    0.0 sec left
CG set 5551 / 5603    610.1914 GFlop/s     (610.1914 GFlop/s per process)    99%    0.0 sec left
CG set 5552 / 5603    610.1916 GFlop/s     (610.1916 GFlop/s per process)    99%    0.0 sec left
CG set 5553 / 5603    610.1916 GFlop/s     (610.1916 GFlop/s per process)    99%    0.0 sec left
CG set 5554 / 5603    610.1916 GFlop/s     (610.1916 GFlop/s per process)    99%    0.0 sec left
CG set 5555 / 5603    610.1914 GFlop/s     (610.1914 GFlop/s per process)    99%    0.0 sec left
CG set 5556 / 5603    610.1912 GFlop/s     (610.1912 GFlop/s per process)    99%    0.0 sec left
CG set 5557 / 5603    610.1908 GFlop/s     (610.1908 GFlop/s per process)    99%    0.0 sec left
CG set 5558 / 5603    610.1904 GFlop/s     (610.1904 GFlop/s per process)    99%    0.0 sec left
CG set 5559 / 5603    610.1903 GFlop/s     (610.1903 GFlop/s per process)    99%    0.0 sec left
CG set 5560 / 5603    610.1897 GFlop/s     (610.1897 GFlop/s per process)    99%    0.0 sec left
CG set 5561 / 5603    610.1892 GFlop/s     (610.1892 GFlop/s per process)    99%    0.0 sec left
CG set 5562 / 5603    610.1886 GFlop/s     (610.1886 GFlop/s per process)    99%    0.0 sec left
CG set 5563 / 5603    610.1878 GFlop/s     (610.1878 GFlop/s per process)    99%    0.0 sec left
CG set 5564 / 5603    610.1872 GFlop/s     (610.1872 GFlop/s per process)    99%    0.0 sec left
CG set 5565 / 5603    610.1865 GFlop/s     (610.1865 GFlop/s per process)    99%    0.0 sec left
CG set 5566 / 5603    610.1862 GFlop/s     (610.1862 GFlop/s per process)    99%    0.0 sec left
CG set 5567 / 5603    610.1854 GFlop/s     (610.1854 GFlop/s per process)    99%    0.0 sec left
CG set 5568 / 5603    610.1847 GFlop/s     (610.1847 GFlop/s per process)    99%    0.0 sec left
CG set 5569 / 5603    610.1845 GFlop/s     (610.1845 GFlop/s per process)    99%    0.0 sec left
CG set 5570 / 5603    610.1841 GFlop/s     (610.1841 GFlop/s per process)    99%    0.0 sec left
CG set 5571 / 5603    610.1834 GFlop/s     (610.1834 GFlop/s per process)    99%    0.0 sec left
CG set 5572 / 5603    610.1833 GFlop/s     (610.1833 GFlop/s per process)    99%    0.0 sec left
CG set 5573 / 5603    610.1826 GFlop/s     (610.1826 GFlop/s per process)    99%    0.0 sec left
CG set 5574 / 5603    610.1824 GFlop/s     (610.1824 GFlop/s per process)    99%    0.0 sec left
CG set 5575 / 5603    610.1822 GFlop/s     (610.1822 GFlop/s per process)    99%    0.0 sec left
CG set 5576 / 5603    610.1819 GFlop/s     (610.1819 GFlop/s per process)    99%    0.0 sec left
CG set 5577 / 5603    610.1813 GFlop/s     (610.1813 GFlop/s per process)    99%    0.0 sec left
CG set 5578 / 5603    610.1814 GFlop/s     (610.1814 GFlop/s per process)    99%    0.0 sec left
CG set 5579 / 5603    610.1813 GFlop/s     (610.1813 GFlop/s per process)    99%    0.0 sec left
CG set 5580 / 5603    610.1812 GFlop/s     (610.1812 GFlop/s per process)    99%    0.0 sec left
CG set 5581 / 5603    610.1808 GFlop/s     (610.1808 GFlop/s per process)    99%    0.0 sec left
CG set 5582 / 5603    610.1805 GFlop/s     (610.1805 GFlop/s per process)    99%    0.0 sec left
CG set 5583 / 5603    610.1803 GFlop/s     (610.1803 GFlop/s per process)    99%    0.0 sec left
CG set 5584 / 5603    610.1802 GFlop/s     (610.1802 GFlop/s per process)    99%    0.0 sec left
CG set 5585 / 5603    610.1801 GFlop/s     (610.1801 GFlop/s per process)    99%    0.0 sec left
CG set 5586 / 5603    610.1801 GFlop/s     (610.1801 GFlop/s per process)    99%    0.0 sec left
CG set 5587 / 5603    610.1800 GFlop/s     (610.1800 GFlop/s per process)    99%    0.0 sec left
CG set 5588 / 5603    610.1800 GFlop/s     (610.1800 GFlop/s per process)    99%    0.0 sec left
CG set 5589 / 5603    610.1802 GFlop/s     (610.1802 GFlop/s per process)    99%    0.0 sec left
CG set 5590 / 5603    610.1802 GFlop/s     (610.1802 GFlop/s per process)    99%    0.0 sec left
CG set 5591 / 5603    610.1802 GFlop/s     (610.1802 GFlop/s per process)    99%    0.0 sec left
CG set 5592 / 5603    610.1803 GFlop/s     (610.1803 GFlop/s per process)    99%    0.0 sec left
CG set 5593 / 5603    610.1802 GFlop/s     (610.1802 GFlop/s per process)    99%    0.0 sec left
CG set 5594 / 5603    610.1804 GFlop/s     (610.1804 GFlop/s per process)    99%    0.0 sec left
CG set 5595 / 5603    610.1802 GFlop/s     (610.1802 GFlop/s per process)    99%    0.0 sec left
CG set 5596 / 5603    610.1796 GFlop/s     (610.1796 GFlop/s per process)    99%    0.0 sec left
CG set 5597 / 5603    610.1793 GFlop/s     (610.1793 GFlop/s per process)    99%    0.0 sec left
CG set 5598 / 5603    610.1789 GFlop/s     (610.1789 GFlop/s per process)    99%    0.0 sec left
CG set 5599 / 5603    610.1786 GFlop/s     (610.1786 GFlop/s per process)    99%    0.0 sec left
CG set 5600 / 5603    610.1782 GFlop/s     (610.1782 GFlop/s per process)    99%    0.0 sec left
CG set 5601 / 5603    610.1779 GFlop/s     (610.1779 GFlop/s per process)    99%    0.0 sec left
CG set 5602 / 5603    610.1773 GFlop/s     (610.1773 GFlop/s per process)    99%    0.0 sec left
CG set 5603 / 5603    610.1767 GFlop/s     (610.1767 GFlop/s per process)    100%    0.0 sec left

Local domain: 280 x 280 x 280
Global domain: 280 x 280 x 280
Process domain: 1 x 1 x 1

Total Time: 3706.53 sec
Setup Time: 0.03 sec
Optimization Time: 0.06 sec

DDOT   =   302.8 GFlop/s ( 2422.6 GB/s)     302.8 GFlop/s per process ( 2422.6 GB/s per process)
WAXPBY =   211.1 GFlop/s ( 2532.9 GB/s)     211.1 GFlop/s per process ( 2532.9 GB/s per process)
SpMV   =   487.2 GFlop/s ( 4042.8 GB/s)     487.2 GFlop/s per process ( 4042.8 GB/s per process)
MG     =   692.1 GFlop/s ( 6725.8 GB/s)     692.1 GFlop/s per process ( 6725.8 GB/s per process)
Total  =   617.9 GFlop/s ( 5881.9 GB/s)     617.9 GFlop/s per process ( 5881.9 GB/s per process)
Final  =   610.2 GFlop/s ( 5808.3 GB/s)     610.2 GFlop/s per process ( 5808.3 GB/s per process)
