rocHPCG version: 0.8.6-0c708bb (based on hpcg-3.1)
Using HIP device (0): AMD Instinct MI325X (262128 MB global memory)

Setup Phase took 0.03 sec

Copying GPU assembled data to host for reference computations

Checking assembled data ...

Starting Reference CG Phase ...

REFERENCE Initial Residual = 6.189791e+03
REFERENCE Iteration = 1   Scaled Residual = 1.857860e-01
REFERENCE Iteration = 2   Scaled Residual = 1.019054e-01
REFERENCE Iteration = 3   Scaled Residual = 7.025905e-02
REFERENCE Iteration = 4   Scaled Residual = 5.360183e-02
REFERENCE Iteration = 5   Scaled Residual = 4.327856e-02
REFERENCE Iteration = 6   Scaled Residual = 3.624641e-02
REFERENCE Iteration = 7   Scaled Residual = 3.115415e-02
REFERENCE Iteration = 8   Scaled Residual = 2.730923e-02
REFERENCE Iteration = 9   Scaled Residual = 2.431356e-02
REFERENCE Iteration = 10   Scaled Residual = 2.191473e-02
REFERENCE Iteration = 11   Scaled Residual = 1.994347e-02
REFERENCE Iteration = 12   Scaled Residual = 1.828362e-02
REFERENCE Iteration = 13   Scaled Residual = 1.685506e-02
REFERENCE Iteration = 14   Scaled Residual = 1.560701e-02
REFERENCE Iteration = 15   Scaled Residual = 1.450848e-02
REFERENCE Iteration = 16   Scaled Residual = 1.353915e-02
REFERENCE Iteration = 17   Scaled Residual = 1.268469e-02
REFERENCE Iteration = 18   Scaled Residual = 1.193144e-02
REFERENCE Iteration = 19   Scaled Residual = 1.126361e-02
REFERENCE Iteration = 20   Scaled Residual = 1.066504e-02
REFERENCE Iteration = 21   Scaled Residual = 1.012002e-02
REFERENCE Iteration = 22   Scaled Residual = 9.615379e-03
REFERENCE Iteration = 23   Scaled Residual = 9.143692e-03
REFERENCE Iteration = 24   Scaled Residual = 8.702555e-03
REFERENCE Iteration = 25   Scaled Residual = 8.292447e-03
REFERENCE Iteration = 26   Scaled Residual = 7.915309e-03
REFERENCE Iteration = 27   Scaled Residual = 7.571459e-03
REFERENCE Iteration = 28   Scaled Residual = 7.258084e-03
REFERENCE Iteration = 29   Scaled Residual = 6.970133e-03
REFERENCE Iteration = 30   Scaled Residual = 6.700720e-03
REFERENCE Iteration = 31   Scaled Residual = 6.443245e-03
REFERENCE Iteration = 32   Scaled Residual = 6.194214e-03
REFERENCE Iteration = 33   Scaled Residual = 5.953425e-03
REFERENCE Iteration = 34   Scaled Residual = 5.723817e-03
REFERENCE Iteration = 35   Scaled Residual = 5.511755e-03
REFERENCE Iteration = 36   Scaled Residual = 5.329195e-03
REFERENCE Iteration = 37   Scaled Residual = 5.205363e-03
REFERENCE Iteration = 38   Scaled Residual = 5.211611e-03
REFERENCE Iteration = 39   Scaled Residual = 5.484266e-03
REFERENCE Iteration = 40   Scaled Residual = 6.155526e-03
REFERENCE Iteration = 41   Scaled Residual = 6.907357e-03
REFERENCE Iteration = 42   Scaled Residual = 6.367175e-03
REFERENCE Iteration = 43   Scaled Residual = 4.262981e-03
REFERENCE Iteration = 44   Scaled Residual = 2.750132e-03
REFERENCE Iteration = 45   Scaled Residual = 2.672282e-03
REFERENCE Iteration = 46   Scaled Residual = 2.845057e-03
REFERENCE Iteration = 47   Scaled Residual = 2.169958e-03
REFERENCE Iteration = 48   Scaled Residual = 1.988433e-03
REFERENCE Iteration = 49   Scaled Residual = 1.756998e-03
REFERENCE Iteration = 50   Scaled Residual = 1.585676e-03

Optimization Phase took 0.07 sec

Validation Testing Phase ...

Optimized CG Setup ...

HIP Initial Residual = 6.189791e+03
HIP Iteration = 1   Scaled Residual = 2.181846e-01
HIP Iteration = 2   Scaled Residual = 1.180965e-01
HIP Iteration = 3   Scaled Residual = 8.045615e-02
HIP Iteration = 4   Scaled Residual = 6.089755e-02
HIP Iteration = 5   Scaled Residual = 4.902873e-02
HIP Iteration = 6   Scaled Residual = 4.099753e-02
HIP Iteration = 7   Scaled Residual = 3.522777e-02
HIP Iteration = 8   Scaled Residual = 3.086973e-02
HIP Iteration = 9   Scaled Residual = 2.746225e-02
HIP Iteration = 10   Scaled Residual = 2.472312e-02
HIP Iteration = 11   Scaled Residual = 2.247844e-02
HIP Iteration = 12   Scaled Residual = 2.060266e-02
HIP Iteration = 13   Scaled Residual = 1.901816e-02
HIP Iteration = 14   Scaled Residual = 1.766415e-02
HIP Iteration = 15   Scaled Residual = 1.649797e-02
HIP Iteration = 16   Scaled Residual = 1.548698e-02
HIP Iteration = 17   Scaled Residual = 1.460414e-02
HIP Iteration = 18   Scaled Residual = 1.382617e-02
HIP Iteration = 19   Scaled Residual = 1.313016e-02
HIP Iteration = 20   Scaled Residual = 1.249392e-02
HIP Iteration = 21   Scaled Residual = 1.189707e-02
HIP Iteration = 22   Scaled Residual = 1.132280e-02
HIP Iteration = 23   Scaled Residual = 1.076312e-02
HIP Iteration = 24   Scaled Residual = 1.021822e-02
HIP Iteration = 25   Scaled Residual = 9.693870e-03
HIP Iteration = 26   Scaled Residual = 9.199006e-03
HIP Iteration = 27   Scaled Residual = 8.739697e-03
HIP Iteration = 28   Scaled Residual = 8.318291e-03
HIP Iteration = 29   Scaled Residual = 7.934674e-03
HIP Iteration = 30   Scaled Residual = 7.585779e-03
HIP Iteration = 31   Scaled Residual = 7.267909e-03
HIP Iteration = 32   Scaled Residual = 6.978178e-03
HIP Iteration = 33   Scaled Residual = 6.713992e-03
HIP Iteration = 34   Scaled Residual = 6.475305e-03
HIP Iteration = 35   Scaled Residual = 6.267033e-03
HIP Iteration = 36   Scaled Residual = 6.101336e-03
HIP Iteration = 37   Scaled Residual = 6.002738e-03
HIP Iteration = 38   Scaled Residual = 6.009398e-03
HIP Iteration = 39   Scaled Residual = 6.161507e-03
HIP Iteration = 40   Scaled Residual = 6.460818e-03
HIP Iteration = 41   Scaled Residual = 6.771098e-03
HIP Iteration = 42   Scaled Residual = 6.706237e-03
HIP Iteration = 43   Scaled Residual = 5.830366e-03
HIP Iteration = 44   Scaled Residual = 4.311375e-03
HIP Iteration = 45   Scaled Residual = 2.924462e-03
HIP Iteration = 46   Scaled Residual = 2.227751e-03
HIP Iteration = 47   Scaled Residual = 2.291888e-03
HIP Iteration = 48   Scaled Residual = 2.589115e-03
HIP Iteration = 49   Scaled Residual = 2.094944e-03
HIP Iteration = 50   Scaled Residual = 1.450875e-03

Total device memory usage: 13294 MByte (262128 MByte)

Starting Benchmarking Phase ...

Performing (at least) 5315 CG sets in 3600.0 seconds ...
CG set 1 / 5315    595.9156 GFlop/s     (595.9156 GFlop/s per process)    0%    3599.3 sec left
CG set 2 / 5315    595.3560 GFlop/s     (595.3560 GFlop/s per process)    0%    3598.6 sec left
CG set 3 / 5315    595.4979 GFlop/s     (595.4979 GFlop/s per process)    0%    3598.0 sec left
CG set 4 / 5315    595.5637 GFlop/s     (595.5637 GFlop/s per process)    0%    3597.3 sec left
CG set 5 / 5315    595.3742 GFlop/s     (595.3742 GFlop/s per process)    0%    3596.6 sec left
CG set 6 / 5315    595.2971 GFlop/s     (595.2971 GFlop/s per process)    0%    3595.9 sec left
CG set 7 / 5315    595.1440 GFlop/s     (595.1440 GFlop/s per process)    0%    3595.3 sec left
CG set 8 / 5315    595.0600 GFlop/s     (595.0600 GFlop/s per process)    0%    3594.6 sec left
CG set 9 / 5315    594.9221 GFlop/s     (594.9221 GFlop/s per process)    0%    3593.9 sec left
CG set 10 / 5315    594.8712 GFlop/s     (594.8712 GFlop/s per process)    0%    3593.2 sec left
CG set 11 / 5315    594.8779 GFlop/s     (594.8779 GFlop/s per process)    0%    3592.6 sec left
CG set 12 / 5315    594.8660 GFlop/s     (594.8660 GFlop/s per process)    0%    3591.9 sec left
CG set 13 / 5315    594.9135 GFlop/s     (594.9135 GFlop/s per process)    0%    3591.2 sec left
CG set 14 / 5315    594.7961 GFlop/s     (594.7961 GFlop/s per process)    0%    3590.5 sec left
CG set 15 / 5315    594.7958 GFlop/s     (594.7958 GFlop/s per process)    0%    3589.8 sec left
CG set 16 / 5315    594.7303 GFlop/s     (594.7303 GFlop/s per process)    0%    3589.2 sec left
CG set 17 / 5315    594.6545 GFlop/s     (594.6545 GFlop/s per process)    0%    3588.5 sec left
CG set 18 / 5315    594.6578 GFlop/s     (594.6578 GFlop/s per process)    0%    3587.8 sec left
CG set 19 / 5315    594.6336 GFlop/s     (594.6336 GFlop/s per process)    0%    3587.1 sec left
CG set 20 / 5315    594.5808 GFlop/s     (594.5808 GFlop/s per process)    0%    3586.4 sec left
CG set 21 / 5315    594.5359 GFlop/s     (594.5359 GFlop/s per process)    0%    3585.8 sec left
CG set 22 / 5315    594.5223 GFlop/s     (594.5223 GFlop/s per process)    0%    3585.1 sec left
CG set 23 / 5315    594.5068 GFlop/s     (594.5068 GFlop/s per process)    0%    3584.4 sec left
CG set 24 / 5315    594.4957 GFlop/s     (594.4957 GFlop/s per process)    0%    3583.7 sec left
CG set 25 / 5315    594.4704 GFlop/s     (594.4704 GFlop/s per process)    0%    3583.1 sec left
CG set 26 / 5315    594.4323 GFlop/s     (594.4323 GFlop/s per process)    0%    3582.4 sec left
CG set 27 / 5315    594.3716 GFlop/s     (594.3716 GFlop/s per process)    0%    3581.7 sec left
CG set 28 / 5315    594.3561 GFlop/s     (594.3561 GFlop/s per process)    0%    3581.0 sec left
CG set 29 / 5315    594.3191 GFlop/s     (594.3191 GFlop/s per process)    0%    3580.3 sec left
CG set 30 / 5315    594.3067 GFlop/s     (594.3067 GFlop/s per process)    0%    3579.7 sec left
CG set 31 / 5315    594.2993 GFlop/s     (594.2993 GFlop/s per process)    0%    3579.0 sec left
CG set 32 / 5315    594.2580 GFlop/s     (594.2580 GFlop/s per process)    0%    3578.3 sec left
CG set 33 / 5315    594.2204 GFlop/s     (594.2204 GFlop/s per process)    0%    3577.6 sec left
CG set 34 / 5315    594.1799 GFlop/s     (594.1799 GFlop/s per process)    0%    3576.9 sec left
CG set 35 / 5315    594.1434 GFlop/s     (594.1434 GFlop/s per process)    0%    3576.3 sec left
CG set 36 / 5315    594.1364 GFlop/s     (594.1364 GFlop/s per process)    0%    3575.6 sec left
CG set 37 / 5315    594.0914 GFlop/s     (594.0914 GFlop/s per process)    0%    3574.9 sec left
CG set 38 / 5315    594.0714 GFlop/s     (594.0714 GFlop/s per process)    0%    3574.2 sec left
CG set 39 / 5315    594.0686 GFlop/s     (594.0686 GFlop/s per process)    0%    3573.6 sec left
CG set 40 / 5315    594.0641 GFlop/s     (594.0641 GFlop/s per process)    0%    3572.9 sec left
CG set 41 / 5315    594.0427 GFlop/s     (594.0427 GFlop/s per process)    0%    3572.2 sec left
CG set 42 / 5315    594.0257 GFlop/s     (594.0257 GFlop/s per process)    0%    3571.5 sec left
CG set 43 / 5315    594.0053 GFlop/s     (594.0053 GFlop/s per process)    0%    3570.8 sec left
CG set 44 / 5315    593.9828 GFlop/s     (593.9828 GFlop/s per process)    0%    3570.2 sec left
CG set 45 / 5315    593.9722 GFlop/s     (593.9722 GFlop/s per process)    0%    3569.5 sec left
CG set 46 / 5315    593.9724 GFlop/s     (593.9724 GFlop/s per process)    0%    3568.8 sec left
CG set 47 / 5315    593.9765 GFlop/s     (593.9765 GFlop/s per process)    0%    3568.1 sec left
CG set 48 / 5315    593.9601 GFlop/s     (593.9601 GFlop/s per process)    0%    3567.4 sec left
CG set 49 / 5315    593.9427 GFlop/s     (593.9427 GFlop/s per process)    0%    3566.8 sec left
CG set 50 / 5315    593.9305 GFlop/s     (593.9305 GFlop/s per process)    0%    3566.1 sec left
CG set 51 / 5315    593.9107 GFlop/s     (593.9107 GFlop/s per process)    0%    3565.4 sec left
CG set 52 / 5315    593.8945 GFlop/s     (593.8945 GFlop/s per process)    0%    3564.7 sec left
CG set 53 / 5315    593.8833 GFlop/s     (593.8833 GFlop/s per process)    0%    3564.0 sec left
CG set 54 / 5315    593.8615 GFlop/s     (593.8615 GFlop/s per process)    1%    3563.4 sec left
CG set 55 / 5315    593.8442 GFlop/s     (593.8442 GFlop/s per process)    1%    3562.7 sec left
CG set 56 / 5315    593.8274 GFlop/s     (593.8274 GFlop/s per process)    1%    3562.0 sec left
CG set 57 / 5315    593.8049 GFlop/s     (593.8049 GFlop/s per process)    1%    3561.3 sec left
CG set 58 / 5315    593.7965 GFlop/s     (593.7965 GFlop/s per process)    1%    3560.6 sec left
CG set 59 / 5315    593.7877 GFlop/s     (593.7877 GFlop/s per process)    1%    3560.0 sec left
CG set 60 / 5315    593.7773 GFlop/s     (593.7773 GFlop/s per process)    1%    3559.3 sec left
CG set 61 / 5315    593.7621 GFlop/s     (593.7621 GFlop/s per process)    1%    3558.6 sec left
CG set 62 / 5315    593.7493 GFlop/s     (593.7493 GFlop/s per process)    1%    3557.9 sec left
CG set 63 / 5315    593.7510 GFlop/s     (593.7510 GFlop/s per process)    1%    3557.3 sec left
CG set 64 / 5315    593.7448 GFlop/s     (593.7448 GFlop/s per process)    1%    3556.6 sec left
CG set 65 / 5315    593.7372 GFlop/s     (593.7372 GFlop/s per process)    1%    3555.9 sec left
CG set 66 / 5315    593.7324 GFlop/s     (593.7324 GFlop/s per process)    1%    3555.2 sec left
CG set 67 / 5315    593.7132 GFlop/s     (593.7132 GFlop/s per process)    1%    3554.5 sec left
CG set 68 / 5315    593.7051 GFlop/s     (593.7051 GFlop/s per process)    1%    3553.9 sec left
CG set 69 / 5315    593.6981 GFlop/s     (593.6981 GFlop/s per process)    1%    3553.2 sec left
CG set 70 / 5315    593.6941 GFlop/s     (593.6941 GFlop/s per process)    1%    3552.5 sec left
CG set 71 / 5315    593.6870 GFlop/s     (593.6870 GFlop/s per process)    1%    3551.8 sec left
CG set 72 / 5315    593.6848 GFlop/s     (593.6848 GFlop/s per process)    1%    3551.1 sec left
CG set 73 / 5315    593.6793 GFlop/s     (593.6793 GFlop/s per process)    1%    3550.5 sec left
CG set 74 / 5315    593.6667 GFlop/s     (593.6667 GFlop/s per process)    1%    3549.8 sec left
CG set 75 / 5315    593.6424 GFlop/s     (593.6424 GFlop/s per process)    1%    3549.1 sec left
CG set 76 / 5315    593.6267 GFlop/s     (593.6267 GFlop/s per process)    1%    3548.4 sec left
CG set 77 / 5315    593.6182 GFlop/s     (593.6182 GFlop/s per process)    1%    3547.7 sec left
CG set 78 / 5315    593.6138 GFlop/s     (593.6138 GFlop/s per process)    1%    3547.1 sec left
CG set 79 / 5315    593.6020 GFlop/s     (593.6020 GFlop/s per process)    1%    3546.4 sec left
CG set 80 / 5315    593.6005 GFlop/s     (593.6005 GFlop/s per process)    1%    3545.7 sec left
CG set 81 / 5315    593.5941 GFlop/s     (593.5941 GFlop/s per process)    1%    3545.0 sec left
CG set 82 / 5315    593.6033 GFlop/s     (593.6033 GFlop/s per process)    1%    3544.3 sec left
CG set 83 / 5315    593.5915 GFlop/s     (593.5915 GFlop/s per process)    1%    3543.7 sec left
CG set 84 / 5315    593.5753 GFlop/s     (593.5753 GFlop/s per process)    1%    3543.0 sec left
CG set 85 / 5315    593.5730 GFlop/s     (593.5730 GFlop/s per process)    1%    3542.3 sec left
CG set 86 / 5315    593.5649 GFlop/s     (593.5649 GFlop/s per process)    1%    3541.6 sec left
CG set 87 / 5315    593.5606 GFlop/s     (593.5606 GFlop/s per process)    1%    3540.9 sec left
CG set 88 / 5315    593.5485 GFlop/s     (593.5485 GFlop/s per process)    1%    3540.3 sec left
CG set 89 / 5315    593.5315 GFlop/s     (593.5315 GFlop/s per process)    1%    3539.6 sec left
CG set 90 / 5315    593.5281 GFlop/s     (593.5281 GFlop/s per process)    1%    3538.9 sec left
CG set 91 / 5315    593.5188 GFlop/s     (593.5188 GFlop/s per process)    1%    3538.2 sec left
CG set 92 / 5315    593.5054 GFlop/s     (593.5054 GFlop/s per process)    1%    3537.5 sec left
CG set 93 / 5315    593.5052 GFlop/s     (593.5052 GFlop/s per process)    1%    3536.9 sec left
CG set 94 / 5315    593.5031 GFlop/s     (593.5031 GFlop/s per process)    1%    3536.2 sec left
CG set 95 / 5315    593.4973 GFlop/s     (593.4973 GFlop/s per process)    1%    3535.5 sec left
CG set 96 / 5315    593.4966 GFlop/s     (593.4966 GFlop/s per process)    1%    3534.8 sec left
CG set 97 / 5315    593.4824 GFlop/s     (593.4824 GFlop/s per process)    1%    3534.1 sec left
CG set 98 / 5315    593.4760 GFlop/s     (593.4760 GFlop/s per process)    1%    3533.5 sec left
CG set 99 / 5315    593.4721 GFlop/s     (593.4721 GFlop/s per process)    1%    3532.8 sec left
CG set 100 / 5315    593.4617 GFlop/s     (593.4617 GFlop/s per process)    1%    3532.1 sec left
CG set 101 / 5315    593.4557 GFlop/s     (593.4557 GFlop/s per process)    1%    3531.4 sec left
CG set 102 / 5315    593.4490 GFlop/s     (593.4490 GFlop/s per process)    1%    3530.8 sec left
CG set 103 / 5315    593.4412 GFlop/s     (593.4412 GFlop/s per process)    1%    3530.1 sec left
CG set 104 / 5315    593.4355 GFlop/s     (593.4355 GFlop/s per process)    1%    3529.4 sec left
CG set 105 / 5315    593.4290 GFlop/s     (593.4290 GFlop/s per process)    1%    3528.7 sec left
CG set 106 / 5315    593.4311 GFlop/s     (593.4311 GFlop/s per process)    1%    3528.0 sec left
CG set 107 / 5315    593.4266 GFlop/s     (593.4266 GFlop/s per process)    2%    3527.4 sec left
CG set 108 / 5315    593.4258 GFlop/s     (593.4258 GFlop/s per process)    2%    3526.7 sec left
CG set 109 / 5315    593.4187 GFlop/s     (593.4187 GFlop/s per process)    2%    3526.0 sec left
CG set 110 / 5315    593.4083 GFlop/s     (593.4083 GFlop/s per process)    2%    3525.3 sec left
CG set 111 / 5315    593.4041 GFlop/s     (593.4041 GFlop/s per process)    2%    3524.6 sec left
CG set 112 / 5315    593.3872 GFlop/s     (593.3872 GFlop/s per process)    2%    3524.0 sec left
CG set 113 / 5315    593.3812 GFlop/s     (593.3812 GFlop/s per process)    2%    3523.3 sec left
CG set 114 / 5315    593.3803 GFlop/s     (593.3803 GFlop/s per process)    2%    3522.6 sec left
CG set 115 / 5315    593.3720 GFlop/s     (593.3720 GFlop/s per process)    2%    3521.9 sec left
CG set 116 / 5315    593.3660 GFlop/s     (593.3660 GFlop/s per process)    2%    3521.2 sec left
CG set 117 / 5315    593.3624 GFlop/s     (593.3624 GFlop/s per process)    2%    3520.6 sec left
CG set 118 / 5315    593.3591 GFlop/s     (593.3591 GFlop/s per process)    2%    3519.9 sec left
CG set 119 / 5315    593.3584 GFlop/s     (593.3584 GFlop/s per process)    2%    3519.2 sec left
CG set 120 / 5315    593.3490 GFlop/s     (593.3490 GFlop/s per process)    2%    3518.5 sec left
CG set 121 / 5315    593.3413 GFlop/s     (593.3413 GFlop/s per process)    2%    3517.8 sec left
CG set 122 / 5315    593.3319 GFlop/s     (593.3319 GFlop/s per process)    2%    3517.2 sec left
CG set 123 / 5315    593.3239 GFlop/s     (593.3239 GFlop/s per process)    2%    3516.5 sec left
CG set 124 / 5315    593.3118 GFlop/s     (593.3118 GFlop/s per process)    2%    3515.8 sec left
CG set 125 / 5315    593.3025 GFlop/s     (593.3025 GFlop/s per process)    2%    3515.1 sec left
CG set 126 / 5315    593.2952 GFlop/s     (593.2952 GFlop/s per process)    2%    3514.4 sec left
CG set 127 / 5315    593.2898 GFlop/s     (593.2898 GFlop/s per process)    2%    3513.8 sec left
CG set 128 / 5315    593.2787 GFlop/s     (593.2787 GFlop/s per process)    2%    3513.1 sec left
CG set 129 / 5315    593.2749 GFlop/s     (593.2749 GFlop/s per process)    2%    3512.4 sec left
CG set 130 / 5315    593.2666 GFlop/s     (593.2666 GFlop/s per process)    2%    3511.7 sec left
CG set 131 / 5315    593.2647 GFlop/s     (593.2647 GFlop/s per process)    2%    3511.0 sec left
CG set 132 / 5315    593.2626 GFlop/s     (593.2626 GFlop/s per process)    2%    3510.4 sec left
CG set 133 / 5315    593.2621 GFlop/s     (593.2621 GFlop/s per process)    2%    3509.7 sec left
CG set 134 / 5315    593.2597 GFlop/s     (593.2597 GFlop/s per process)    2%    3509.0 sec left
CG set 135 / 5315    593.2542 GFlop/s     (593.2542 GFlop/s per process)    2%    3508.3 sec left
CG set 136 / 5315    593.2533 GFlop/s     (593.2533 GFlop/s per process)    2%    3507.6 sec left
CG set 137 / 5315    593.2467 GFlop/s     (593.2467 GFlop/s per process)    2%    3507.0 sec left
CG set 138 / 5315    593.2396 GFlop/s     (593.2396 GFlop/s per process)    2%    3506.3 sec left
CG set 139 / 5315    593.2336 GFlop/s     (593.2336 GFlop/s per process)    2%    3505.6 sec left
CG set 140 / 5315    593.2266 GFlop/s     (593.2266 GFlop/s per process)    2%    3504.9 sec left
CG set 141 / 5315    593.2213 GFlop/s     (593.2213 GFlop/s per process)    2%    3504.2 sec left
CG set 142 / 5315    593.2180 GFlop/s     (593.2180 GFlop/s per process)    2%    3503.6 sec left
CG set 143 / 5315    593.2102 GFlop/s     (593.2102 GFlop/s per process)    2%    3502.9 sec left
CG set 144 / 5315    593.2090 GFlop/s     (593.2090 GFlop/s per process)    2%    3502.2 sec left
CG set 145 / 5315    593.2013 GFlop/s     (593.2013 GFlop/s per process)    2%    3501.5 sec left
CG set 146 / 5315    593.1973 GFlop/s     (593.1973 GFlop/s per process)    2%    3500.8 sec left
CG set 147 / 5315    593.1886 GFlop/s     (593.1886 GFlop/s per process)    2%    3500.2 sec left
CG set 148 / 5315    593.1848 GFlop/s     (593.1848 GFlop/s per process)    2%    3499.5 sec left
CG set 149 / 5315    593.1764 GFlop/s     (593.1764 GFlop/s per process)    2%    3498.8 sec left
CG set 150 / 5315    593.1742 GFlop/s     (593.1742 GFlop/s per process)    2%    3498.1 sec left
CG set 151 / 5315    593.1669 GFlop/s     (593.1669 GFlop/s per process)    2%    3497.4 sec left
CG set 152 / 5315    593.1582 GFlop/s     (593.1582 GFlop/s per process)    2%    3496.8 sec left
CG set 153 / 5315    593.1484 GFlop/s     (593.1484 GFlop/s per process)    2%    3496.1 sec left
CG set 154 / 5315    593.1358 GFlop/s     (593.1358 GFlop/s per process)    2%    3495.4 sec left
CG set 155 / 5315    593.1334 GFlop/s     (593.1334 GFlop/s per process)    2%    3494.7 sec left
CG set 156 / 5315    593.1272 GFlop/s     (593.1272 GFlop/s per process)    2%    3494.0 sec left
CG set 157 / 5315    593.1224 GFlop/s     (593.1224 GFlop/s per process)    2%    3493.4 sec left
CG set 158 / 5315    593.1200 GFlop/s     (593.1200 GFlop/s per process)    2%    3492.7 sec left
CG set 159 / 5315    593.1128 GFlop/s     (593.1128 GFlop/s per process)    2%    3492.0 sec left
CG set 160 / 5315    593.1052 GFlop/s     (593.1052 GFlop/s per process)    3%    3491.3 sec left
CG set 161 / 5315    593.0996 GFlop/s     (593.0996 GFlop/s per process)    3%    3490.6 sec left
CG set 162 / 5315    593.0916 GFlop/s     (593.0916 GFlop/s per process)    3%    3489.9 sec left
CG set 163 / 5315    593.0877 GFlop/s     (593.0877 GFlop/s per process)    3%    3489.3 sec left
CG set 164 / 5315    593.0821 GFlop/s     (593.0821 GFlop/s per process)    3%    3488.6 sec left
CG set 165 / 5315    593.0782 GFlop/s     (593.0782 GFlop/s per process)    3%    3487.9 sec left
CG set 166 / 5315    593.0646 GFlop/s     (593.0646 GFlop/s per process)    3%    3487.2 sec left
CG set 167 / 5315    593.0588 GFlop/s     (593.0588 GFlop/s per process)    3%    3486.5 sec left
CG set 168 / 5315    593.0504 GFlop/s     (593.0504 GFlop/s per process)    3%    3485.9 sec left
CG set 169 / 5315    593.0450 GFlop/s     (593.0450 GFlop/s per process)    3%    3485.2 sec left
CG set 170 / 5315    593.0369 GFlop/s     (593.0369 GFlop/s per process)    3%    3484.5 sec left
CG set 171 / 5315    593.0252 GFlop/s     (593.0252 GFlop/s per process)    3%    3483.8 sec left
CG set 172 / 5315    593.0243 GFlop/s     (593.0243 GFlop/s per process)    3%    3483.1 sec left
CG set 173 / 5315    593.0209 GFlop/s     (593.0209 GFlop/s per process)    3%    3482.5 sec left
CG set 174 / 5315    593.0167 GFlop/s     (593.0167 GFlop/s per process)    3%    3481.8 sec left
CG set 175 / 5315    593.0089 GFlop/s     (593.0089 GFlop/s per process)    3%    3481.1 sec left
CG set 176 / 5315    593.0023 GFlop/s     (593.0023 GFlop/s per process)    3%    3480.4 sec left
CG set 177 / 5315    592.9939 GFlop/s     (592.9939 GFlop/s per process)    3%    3479.7 sec left
CG set 178 / 5315    592.9869 GFlop/s     (592.9869 GFlop/s per process)    3%    3479.1 sec left
CG set 179 / 5315    592.9797 GFlop/s     (592.9797 GFlop/s per process)    3%    3478.4 sec left
CG set 180 / 5315    592.9744 GFlop/s     (592.9744 GFlop/s per process)    3%    3477.7 sec left
CG set 181 / 5315    592.9667 GFlop/s     (592.9667 GFlop/s per process)    3%    3477.0 sec left
CG set 182 / 5315    592.9580 GFlop/s     (592.9580 GFlop/s per process)    3%    3476.3 sec left
CG set 183 / 5315    592.9510 GFlop/s     (592.9510 GFlop/s per process)    3%    3475.7 sec left
CG set 184 / 5315    592.9474 GFlop/s     (592.9474 GFlop/s per process)    3%    3475.0 sec left
CG set 185 / 5315    592.9376 GFlop/s     (592.9376 GFlop/s per process)    3%    3474.3 sec left
CG set 186 / 5315    592.9325 GFlop/s     (592.9325 GFlop/s per process)    3%    3473.6 sec left
CG set 187 / 5315    592.9264 GFlop/s     (592.9264 GFlop/s per process)    3%    3472.9 sec left
CG set 188 / 5315    592.9214 GFlop/s     (592.9214 GFlop/s per process)    3%    3472.3 sec left
CG set 189 / 5315    592.9164 GFlop/s     (592.9164 GFlop/s per process)    3%    3471.6 sec left
CG set 190 / 5315    592.9113 GFlop/s     (592.9113 GFlop/s per process)    3%    3470.9 sec left
CG set 191 / 5315    592.9034 GFlop/s     (592.9034 GFlop/s per process)    3%    3470.2 sec left
CG set 192 / 5315    592.8946 GFlop/s     (592.8946 GFlop/s per process)    3%    3469.5 sec left
CG set 193 / 5315    592.8920 GFlop/s     (592.8920 GFlop/s per process)    3%    3468.8 sec left
CG set 194 / 5315    592.8828 GFlop/s     (592.8828 GFlop/s per process)    3%    3468.2 sec left
CG set 195 / 5315    592.8753 GFlop/s     (592.8753 GFlop/s per process)    3%    3467.5 sec left
CG set 196 / 5315    592.8736 GFlop/s     (592.8736 GFlop/s per process)    3%    3466.8 sec left
CG set 197 / 5315    592.8692 GFlop/s     (592.8692 GFlop/s per process)    3%    3466.1 sec left
CG set 198 / 5315    592.8634 GFlop/s     (592.8634 GFlop/s per process)    3%    3465.4 sec left
CG set 199 / 5315    592.8569 GFlop/s     (592.8569 GFlop/s per process)    3%    3464.8 sec left
CG set 200 / 5315    592.8531 GFlop/s     (592.8531 GFlop/s per process)    3%    3464.1 sec left
CG set 201 / 5315    592.8518 GFlop/s     (592.8518 GFlop/s per process)    3%    3463.4 sec left
CG set 202 / 5315    592.8470 GFlop/s     (592.8470 GFlop/s per process)    3%    3462.7 sec left
CG set 203 / 5315    592.8433 GFlop/s     (592.8433 GFlop/s per process)    3%    3462.0 sec left
CG set 204 / 5315    592.8374 GFlop/s     (592.8374 GFlop/s per process)    3%    3461.4 sec left
CG set 205 / 5315    592.8274 GFlop/s     (592.8274 GFlop/s per process)    3%    3460.7 sec left
CG set 206 / 5315    592.8207 GFlop/s     (592.8207 GFlop/s per process)    3%    3460.0 sec left
CG set 207 / 5315    592.8188 GFlop/s     (592.8188 GFlop/s per process)    3%    3459.3 sec left
CG set 208 / 5315    592.8129 GFlop/s     (592.8129 GFlop/s per process)    3%    3458.6 sec left
CG set 209 / 5315    592.8051 GFlop/s     (592.8051 GFlop/s per process)    3%    3458.0 sec left
CG set 210 / 5315    592.8013 GFlop/s     (592.8013 GFlop/s per process)    3%    3457.3 sec left
CG set 211 / 5315    592.7978 GFlop/s     (592.7978 GFlop/s per process)    3%    3456.6 sec left
CG set 212 / 5315    592.7923 GFlop/s     (592.7923 GFlop/s per process)    3%    3455.9 sec left
CG set 213 / 5315    592.7875 GFlop/s     (592.7875 GFlop/s per process)    4%    3455.2 sec left
CG set 214 / 5315    592.7784 GFlop/s     (592.7784 GFlop/s per process)    4%    3454.5 sec left
CG set 215 / 5315    592.7745 GFlop/s     (592.7745 GFlop/s per process)    4%    3453.9 sec left
CG set 216 / 5315    592.7683 GFlop/s     (592.7683 GFlop/s per process)    4%    3453.2 sec left
CG set 217 / 5315    592.7653 GFlop/s     (592.7653 GFlop/s per process)    4%    3452.5 sec left
CG set 218 / 5315    592.7584 GFlop/s     (592.7584 GFlop/s per process)    4%    3451.8 sec left
CG set 219 / 5315    592.7540 GFlop/s     (592.7540 GFlop/s per process)    4%    3451.1 sec left
CG set 220 / 5315    592.7502 GFlop/s     (592.7502 GFlop/s per process)    4%    3450.5 sec left
CG set 221 / 5315    592.7466 GFlop/s     (592.7466 GFlop/s per process)    4%    3449.8 sec left
CG set 222 / 5315    592.7388 GFlop/s     (592.7388 GFlop/s per process)    4%    3449.1 sec left
CG set 223 / 5315    592.7352 GFlop/s     (592.7352 GFlop/s per process)    4%    3448.4 sec left
CG set 224 / 5315    592.7314 GFlop/s     (592.7314 GFlop/s per process)    4%    3447.7 sec left
CG set 225 / 5315    592.7250 GFlop/s     (592.7250 GFlop/s per process)    4%    3447.1 sec left
CG set 226 / 5315    592.7278 GFlop/s     (592.7278 GFlop/s per process)    4%    3446.4 sec left
CG set 227 / 5315    592.7239 GFlop/s     (592.7239 GFlop/s per process)    4%    3445.7 sec left
CG set 228 / 5315    592.7228 GFlop/s     (592.7228 GFlop/s per process)    4%    3445.0 sec left
CG set 229 / 5315    592.7198 GFlop/s     (592.7198 GFlop/s per process)    4%    3444.3 sec left
CG set 230 / 5315    592.7129 GFlop/s     (592.7129 GFlop/s per process)    4%    3443.7 sec left
CG set 231 / 5315    592.7128 GFlop/s     (592.7128 GFlop/s per process)    4%    3443.0 sec left
CG set 232 / 5315    592.7110 GFlop/s     (592.7110 GFlop/s per process)    4%    3442.3 sec left
CG set 233 / 5315    592.7048 GFlop/s     (592.7048 GFlop/s per process)    4%    3441.6 sec left
CG set 234 / 5315    592.7017 GFlop/s     (592.7017 GFlop/s per process)    4%    3440.9 sec left
CG set 235 / 5315    592.6946 GFlop/s     (592.6946 GFlop/s per process)    4%    3440.3 sec left
CG set 236 / 5315    592.6911 GFlop/s     (592.6911 GFlop/s per process)    4%    3439.6 sec left
CG set 237 / 5315    592.6883 GFlop/s     (592.6883 GFlop/s per process)    4%    3438.9 sec left
CG set 238 / 5315    592.6847 GFlop/s     (592.6847 GFlop/s per process)    4%    3438.2 sec left
CG set 239 / 5315    592.6825 GFlop/s     (592.6825 GFlop/s per process)    4%    3437.5 sec left
CG set 240 / 5315    592.6795 GFlop/s     (592.6795 GFlop/s per process)    4%    3436.8 sec left
CG set 241 / 5315    592.6764 GFlop/s     (592.6764 GFlop/s per process)    4%    3436.2 sec left
CG set 242 / 5315    592.6727 GFlop/s     (592.6727 GFlop/s per process)    4%    3435.5 sec left
CG set 243 / 5315    592.6691 GFlop/s     (592.6691 GFlop/s per process)    4%    3434.8 sec left
CG set 244 / 5315    592.6651 GFlop/s     (592.6651 GFlop/s per process)    4%    3434.1 sec left
CG set 245 / 5315    592.6618 GFlop/s     (592.6618 GFlop/s per process)    4%    3433.4 sec left
CG set 246 / 5315    592.6562 GFlop/s     (592.6562 GFlop/s per process)    4%    3432.8 sec left
CG set 247 / 5315    592.6520 GFlop/s     (592.6520 GFlop/s per process)    4%    3432.1 sec left
CG set 248 / 5315    592.6481 GFlop/s     (592.6481 GFlop/s per process)    4%    3431.4 sec left
CG set 249 / 5315    592.6438 GFlop/s     (592.6438 GFlop/s per process)    4%    3430.7 sec left
CG set 250 / 5315    592.6366 GFlop/s     (592.6366 GFlop/s per process)    4%    3430.0 sec left
CG set 251 / 5315    592.6329 GFlop/s     (592.6329 GFlop/s per process)    4%    3429.4 sec left
CG set 252 / 5315    592.6271 GFlop/s     (592.6271 GFlop/s per process)    4%    3428.7 sec left
CG set 253 / 5315    592.6220 GFlop/s     (592.6220 GFlop/s per process)    4%    3428.0 sec left
CG set 254 / 5315    592.6200 GFlop/s     (592.6200 GFlop/s per process)    4%    3427.3 sec left
CG set 255 / 5315    592.6183 GFlop/s     (592.6183 GFlop/s per process)    4%    3426.6 sec left
CG set 256 / 5315    592.6135 GFlop/s     (592.6135 GFlop/s per process)    4%    3426.0 sec left
CG set 257 / 5315    592.6133 GFlop/s     (592.6133 GFlop/s per process)    4%    3425.3 sec left
CG set 258 / 5315    592.6091 GFlop/s     (592.6091 GFlop/s per process)    4%    3424.6 sec left
CG set 259 / 5315    592.6033 GFlop/s     (592.6033 GFlop/s per process)    4%    3423.9 sec left
CG set 260 / 5315    592.6010 GFlop/s     (592.6010 GFlop/s per process)    4%    3423.2 sec left
CG set 261 / 5315    592.5935 GFlop/s     (592.5935 GFlop/s per process)    4%    3422.5 sec left
CG set 262 / 5315    592.5856 GFlop/s     (592.5856 GFlop/s per process)    4%    3421.9 sec left
CG set 263 / 5315    592.5818 GFlop/s     (592.5818 GFlop/s per process)    4%    3421.2 sec left
CG set 264 / 5315    592.5794 GFlop/s     (592.5794 GFlop/s per process)    4%    3420.5 sec left
CG set 265 / 5315    592.5783 GFlop/s     (592.5783 GFlop/s per process)    4%    3419.8 sec left
CG set 266 / 5315    592.5752 GFlop/s     (592.5752 GFlop/s per process)    5%    3419.1 sec left
CG set 267 / 5315    592.5734 GFlop/s     (592.5734 GFlop/s per process)    5%    3418.5 sec left
CG set 268 / 5315    592.5694 GFlop/s     (592.5694 GFlop/s per process)    5%    3417.8 sec left
CG set 269 / 5315    592.5655 GFlop/s     (592.5655 GFlop/s per process)    5%    3417.1 sec left
CG set 270 / 5315    592.5605 GFlop/s     (592.5605 GFlop/s per process)    5%    3416.4 sec left
CG set 271 / 5315    592.5598 GFlop/s     (592.5598 GFlop/s per process)    5%    3415.7 sec left
CG set 272 / 5315    592.5569 GFlop/s     (592.5569 GFlop/s per process)    5%    3415.1 sec left
CG set 273 / 5315    592.5548 GFlop/s     (592.5548 GFlop/s per process)    5%    3414.4 sec left
CG set 274 / 5315    592.5528 GFlop/s     (592.5528 GFlop/s per process)    5%    3413.7 sec left
CG set 275 / 5315    592.5479 GFlop/s     (592.5479 GFlop/s per process)    5%    3413.0 sec left
CG set 276 / 5315    592.5465 GFlop/s     (592.5465 GFlop/s per process)    5%    3412.3 sec left
CG set 277 / 5315    592.5436 GFlop/s     (592.5436 GFlop/s per process)    5%    3411.7 sec left
CG set 278 / 5315    592.5403 GFlop/s     (592.5403 GFlop/s per process)    5%    3411.0 sec left
CG set 279 / 5315    592.5369 GFlop/s     (592.5369 GFlop/s per process)    5%    3410.3 sec left
CG set 280 / 5315    592.5341 GFlop/s     (592.5341 GFlop/s per process)    5%    3409.6 sec left
CG set 281 / 5315    592.5293 GFlop/s     (592.5293 GFlop/s per process)    5%    3408.9 sec left
CG set 282 / 5315    592.5265 GFlop/s     (592.5265 GFlop/s per process)    5%    3408.2 sec left
CG set 283 / 5315    592.5224 GFlop/s     (592.5224 GFlop/s per process)    5%    3407.6 sec left
CG set 284 / 5315    592.5204 GFlop/s     (592.5204 GFlop/s per process)    5%    3406.9 sec left
CG set 285 / 5315    592.5157 GFlop/s     (592.5157 GFlop/s per process)    5%    3406.2 sec left
CG set 286 / 5315    592.5150 GFlop/s     (592.5150 GFlop/s per process)    5%    3405.5 sec left
CG set 287 / 5315    592.5155 GFlop/s     (592.5155 GFlop/s per process)    5%    3404.8 sec left
CG set 288 / 5315    592.5146 GFlop/s     (592.5146 GFlop/s per process)    5%    3404.2 sec left
CG set 289 / 5315    592.5124 GFlop/s     (592.5124 GFlop/s per process)    5%    3403.5 sec left
CG set 290 / 5315    592.5112 GFlop/s     (592.5112 GFlop/s per process)    5%    3402.8 sec left
CG set 291 / 5315    592.5082 GFlop/s     (592.5082 GFlop/s per process)    5%    3402.1 sec left
CG set 292 / 5315    592.5032 GFlop/s     (592.5032 GFlop/s per process)    5%    3401.4 sec left
CG set 293 / 5315    592.5003 GFlop/s     (592.5003 GFlop/s per process)    5%    3400.8 sec left
CG set 294 / 5315    592.4964 GFlop/s     (592.4964 GFlop/s per process)    5%    3400.1 sec left
CG set 295 / 5315    592.4933 GFlop/s     (592.4933 GFlop/s per process)    5%    3399.4 sec left
CG set 296 / 5315    592.4886 GFlop/s     (592.4886 GFlop/s per process)    5%    3398.7 sec left
CG set 297 / 5315    592.4832 GFlop/s     (592.4832 GFlop/s per process)    5%    3398.0 sec left
CG set 298 / 5315    592.4796 GFlop/s     (592.4796 GFlop/s per process)    5%    3397.4 sec left
CG set 299 / 5315    592.4756 GFlop/s     (592.4756 GFlop/s per process)    5%    3396.7 sec left
CG set 300 / 5315    592.4736 GFlop/s     (592.4736 GFlop/s per process)    5%    3396.0 sec left
CG set 301 / 5315    592.4720 GFlop/s     (592.4720 GFlop/s per process)    5%    3395.3 sec left
CG set 302 / 5315    592.4689 GFlop/s     (592.4689 GFlop/s per process)    5%    3394.6 sec left
CG set 303 / 5315    592.4658 GFlop/s     (592.4658 GFlop/s per process)    5%    3393.9 sec left
CG set 304 / 5315    592.4654 GFlop/s     (592.4654 GFlop/s per process)    5%    3393.3 sec left
CG set 305 / 5315    592.4629 GFlop/s     (592.4629 GFlop/s per process)    5%    3392.6 sec left
CG set 306 / 5315    592.4602 GFlop/s     (592.4602 GFlop/s per process)    5%    3391.9 sec left
CG set 307 / 5315    592.4576 GFlop/s     (592.4576 GFlop/s per process)    5%    3391.2 sec left
CG set 308 / 5315    592.4554 GFlop/s     (592.4554 GFlop/s per process)    5%    3390.5 sec left
CG set 309 / 5315    592.4532 GFlop/s     (592.4532 GFlop/s per process)    5%    3389.9 sec left
CG set 310 / 5315    592.4514 GFlop/s     (592.4514 GFlop/s per process)    5%    3389.2 sec left
CG set 311 / 5315    592.4478 GFlop/s     (592.4478 GFlop/s per process)    5%    3388.5 sec left
CG set 312 / 5315    592.4457 GFlop/s     (592.4457 GFlop/s per process)    5%    3387.8 sec left
CG set 313 / 5315    592.4406 GFlop/s     (592.4406 GFlop/s per process)    5%    3387.1 sec left
CG set 314 / 5315    592.4363 GFlop/s     (592.4363 GFlop/s per process)    5%    3386.5 sec left
CG set 315 / 5315    592.4331 GFlop/s     (592.4331 GFlop/s per process)    5%    3385.8 sec left
CG set 316 / 5315    592.4302 GFlop/s     (592.4302 GFlop/s per process)    5%    3385.1 sec left
CG set 317 / 5315    592.4270 GFlop/s     (592.4270 GFlop/s per process)    5%    3384.4 sec left
CG set 318 / 5315    592.4227 GFlop/s     (592.4227 GFlop/s per process)    5%    3383.7 sec left
CG set 319 / 5315    592.4199 GFlop/s     (592.4199 GFlop/s per process)    6%    3383.0 sec left
CG set 320 / 5315    592.4149 GFlop/s     (592.4149 GFlop/s per process)    6%    3382.4 sec left
CG set 321 / 5315    592.4112 GFlop/s     (592.4112 GFlop/s per process)    6%    3381.7 sec left
CG set 322 / 5315    592.4081 GFlop/s     (592.4081 GFlop/s per process)    6%    3381.0 sec left
CG set 323 / 5315    592.4029 GFlop/s     (592.4029 GFlop/s per process)    6%    3380.3 sec left
CG set 324 / 5315    592.3988 GFlop/s     (592.3988 GFlop/s per process)    6%    3379.6 sec left
CG set 325 / 5315    592.3978 GFlop/s     (592.3978 GFlop/s per process)    6%    3379.0 sec left
CG set 326 / 5315    592.3960 GFlop/s     (592.3960 GFlop/s per process)    6%    3378.3 sec left
CG set 327 / 5315    592.3959 GFlop/s     (592.3959 GFlop/s per process)    6%    3377.6 sec left
CG set 328 / 5315    592.3925 GFlop/s     (592.3925 GFlop/s per process)    6%    3376.9 sec left
CG set 329 / 5315    592.3897 GFlop/s     (592.3897 GFlop/s per process)    6%    3376.2 sec left
CG set 330 / 5315    592.3886 GFlop/s     (592.3886 GFlop/s per process)    6%    3375.6 sec left
CG set 331 / 5315    592.3862 GFlop/s     (592.3862 GFlop/s per process)    6%    3374.9 sec left
CG set 332 / 5315    592.3846 GFlop/s     (592.3846 GFlop/s per process)    6%    3374.2 sec left
CG set 333 / 5315    592.3826 GFlop/s     (592.3826 GFlop/s per process)    6%    3373.5 sec left
CG set 334 / 5315    592.3791 GFlop/s     (592.3791 GFlop/s per process)    6%    3372.8 sec left
CG set 335 / 5315    592.3776 GFlop/s     (592.3776 GFlop/s per process)    6%    3372.1 sec left
CG set 336 / 5315    592.3749 GFlop/s     (592.3749 GFlop/s per process)    6%    3371.5 sec left
CG set 337 / 5315    592.3732 GFlop/s     (592.3732 GFlop/s per process)    6%    3370.8 sec left
CG set 338 / 5315    592.3687 GFlop/s     (592.3687 GFlop/s per process)    6%    3370.1 sec left
CG set 339 / 5315    592.3655 GFlop/s     (592.3655 GFlop/s per process)    6%    3369.4 sec left
CG set 340 / 5315    592.3603 GFlop/s     (592.3603 GFlop/s per process)    6%    3368.7 sec left
CG set 341 / 5315    592.3590 GFlop/s     (592.3590 GFlop/s per process)    6%    3368.1 sec left
CG set 342 / 5315    592.3547 GFlop/s     (592.3547 GFlop/s per process)    6%    3367.4 sec left
CG set 343 / 5315    592.3501 GFlop/s     (592.3501 GFlop/s per process)    6%    3366.7 sec left
CG set 344 / 5315    592.3473 GFlop/s     (592.3473 GFlop/s per process)    6%    3366.0 sec left
CG set 345 / 5315    592.3463 GFlop/s     (592.3463 GFlop/s per process)    6%    3365.3 sec left
CG set 346 / 5315    592.3445 GFlop/s     (592.3445 GFlop/s per process)    6%    3364.7 sec left
CG set 347 / 5315    592.3414 GFlop/s     (592.3414 GFlop/s per process)    6%    3364.0 sec left
CG set 348 / 5315    592.3369 GFlop/s     (592.3369 GFlop/s per process)    6%    3363.3 sec left
CG set 349 / 5315    592.3359 GFlop/s     (592.3359 GFlop/s per process)    6%    3362.6 sec left
CG set 350 / 5315    592.3335 GFlop/s     (592.3335 GFlop/s per process)    6%    3361.9 sec left
CG set 351 / 5315    592.3320 GFlop/s     (592.3320 GFlop/s per process)    6%    3361.2 sec left
CG set 352 / 5315    592.3288 GFlop/s     (592.3288 GFlop/s per process)    6%    3360.6 sec left
CG set 353 / 5315    592.3262 GFlop/s     (592.3262 GFlop/s per process)    6%    3359.9 sec left
CG set 354 / 5315    592.3209 GFlop/s     (592.3209 GFlop/s per process)    6%    3359.2 sec left
CG set 355 / 5315    592.3174 GFlop/s     (592.3174 GFlop/s per process)    6%    3358.5 sec left
CG set 356 / 5315    592.3157 GFlop/s     (592.3157 GFlop/s per process)    6%    3357.8 sec left
CG set 357 / 5315    592.3129 GFlop/s     (592.3129 GFlop/s per process)    6%    3357.2 sec left
CG set 358 / 5315    592.3127 GFlop/s     (592.3127 GFlop/s per process)    6%    3356.5 sec left
CG set 359 / 5315    592.3103 GFlop/s     (592.3103 GFlop/s per process)    6%    3355.8 sec left
CG set 360 / 5315    592.3072 GFlop/s     (592.3072 GFlop/s per process)    6%    3355.1 sec left
CG set 361 / 5315    592.3071 GFlop/s     (592.3071 GFlop/s per process)    6%    3354.4 sec left
CG set 362 / 5315    592.3022 GFlop/s     (592.3022 GFlop/s per process)    6%    3353.8 sec left
CG set 363 / 5315    592.3007 GFlop/s     (592.3007 GFlop/s per process)    6%    3353.1 sec left
CG set 364 / 5315    592.2985 GFlop/s     (592.2985 GFlop/s per process)    6%    3352.4 sec left
CG set 365 / 5315    592.2962 GFlop/s     (592.2962 GFlop/s per process)    6%    3351.7 sec left
CG set 366 / 5315    592.2952 GFlop/s     (592.2952 GFlop/s per process)    6%    3351.0 sec left
CG set 367 / 5315    592.2930 GFlop/s     (592.2930 GFlop/s per process)    6%    3350.3 sec left
CG set 368 / 5315    592.2907 GFlop/s     (592.2907 GFlop/s per process)    6%    3349.7 sec left
CG set 369 / 5315    592.2894 GFlop/s     (592.2894 GFlop/s per process)    6%    3349.0 sec left
CG set 370 / 5315    592.2889 GFlop/s     (592.2889 GFlop/s per process)    6%    3348.3 sec left
CG set 371 / 5315    592.2869 GFlop/s     (592.2869 GFlop/s per process)    6%    3347.6 sec left
CG set 372 / 5315    592.2852 GFlop/s     (592.2852 GFlop/s per process)    6%    3346.9 sec left
CG set 373 / 5315    592.2835 GFlop/s     (592.2835 GFlop/s per process)    7%    3346.3 sec left
CG set 374 / 5315    592.2803 GFlop/s     (592.2803 GFlop/s per process)    7%    3345.6 sec left
CG set 375 / 5315    592.2770 GFlop/s     (592.2770 GFlop/s per process)    7%    3344.9 sec left
CG set 376 / 5315    592.2747 GFlop/s     (592.2747 GFlop/s per process)    7%    3344.2 sec left
CG set 377 / 5315    592.2725 GFlop/s     (592.2725 GFlop/s per process)    7%    3343.5 sec left
CG set 378 / 5315    592.2699 GFlop/s     (592.2699 GFlop/s per process)    7%    3342.9 sec left
CG set 379 / 5315    592.2690 GFlop/s     (592.2690 GFlop/s per process)    7%    3342.2 sec left
CG set 380 / 5315    592.2694 GFlop/s     (592.2694 GFlop/s per process)    7%    3341.5 sec left
CG set 381 / 5315    592.2668 GFlop/s     (592.2668 GFlop/s per process)    7%    3340.8 sec left
CG set 382 / 5315    592.2685 GFlop/s     (592.2685 GFlop/s per process)    7%    3340.1 sec left
CG set 383 / 5315    592.2645 GFlop/s     (592.2645 GFlop/s per process)    7%    3339.5 sec left
CG set 384 / 5315    592.2611 GFlop/s     (592.2611 GFlop/s per process)    7%    3338.8 sec left
CG set 385 / 5315    592.2563 GFlop/s     (592.2563 GFlop/s per process)    7%    3338.1 sec left
CG set 386 / 5315    592.2552 GFlop/s     (592.2552 GFlop/s per process)    7%    3337.4 sec left
CG set 387 / 5315    592.2538 GFlop/s     (592.2538 GFlop/s per process)    7%    3336.7 sec left
CG set 388 / 5315    592.2507 GFlop/s     (592.2507 GFlop/s per process)    7%    3336.0 sec left
CG set 389 / 5315    592.2492 GFlop/s     (592.2492 GFlop/s per process)    7%    3335.4 sec left
CG set 390 / 5315    592.2474 GFlop/s     (592.2474 GFlop/s per process)    7%    3334.7 sec left
CG set 391 / 5315    592.2439 GFlop/s     (592.2439 GFlop/s per process)    7%    3334.0 sec left
CG set 392 / 5315    592.2398 GFlop/s     (592.2398 GFlop/s per process)    7%    3333.3 sec left
CG set 393 / 5315    592.2381 GFlop/s     (592.2381 GFlop/s per process)    7%    3332.6 sec left
CG set 394 / 5315    592.2373 GFlop/s     (592.2373 GFlop/s per process)    7%    3332.0 sec left
CG set 395 / 5315    592.2381 GFlop/s     (592.2381 GFlop/s per process)    7%    3331.3 sec left
CG set 396 / 5315    592.2342 GFlop/s     (592.2342 GFlop/s per process)    7%    3330.6 sec left
CG set 397 / 5315    592.2303 GFlop/s     (592.2303 GFlop/s per process)    7%    3329.9 sec left
CG set 398 / 5315    592.2288 GFlop/s     (592.2288 GFlop/s per process)    7%    3329.2 sec left
CG set 399 / 5315    592.2260 GFlop/s     (592.2260 GFlop/s per process)    7%    3328.5 sec left
CG set 400 / 5315    592.2223 GFlop/s     (592.2223 GFlop/s per process)    7%    3327.9 sec left
CG set 401 / 5315    592.2210 GFlop/s     (592.2210 GFlop/s per process)    7%    3327.2 sec left
CG set 402 / 5315    592.2161 GFlop/s     (592.2161 GFlop/s per process)    7%    3326.5 sec left
CG set 403 / 5315    592.2140 GFlop/s     (592.2140 GFlop/s per process)    7%    3325.8 sec left
CG set 404 / 5315    592.2108 GFlop/s     (592.2108 GFlop/s per process)    7%    3325.1 sec left
CG set 405 / 5315    592.2095 GFlop/s     (592.2095 GFlop/s per process)    7%    3324.5 sec left
CG set 406 / 5315    592.2075 GFlop/s     (592.2075 GFlop/s per process)    7%    3323.8 sec left
CG set 407 / 5315    592.2042 GFlop/s     (592.2042 GFlop/s per process)    7%    3323.1 sec left
CG set 408 / 5315    592.2021 GFlop/s     (592.2021 GFlop/s per process)    7%    3322.4 sec left
CG set 409 / 5315    592.2009 GFlop/s     (592.2009 GFlop/s per process)    7%    3321.7 sec left
CG set 410 / 5315    592.2003 GFlop/s     (592.2003 GFlop/s per process)    7%    3321.1 sec left
CG set 411 / 5315    592.1983 GFlop/s     (592.1983 GFlop/s per process)    7%    3320.4 sec left
CG set 412 / 5315    592.1943 GFlop/s     (592.1943 GFlop/s per process)    7%    3319.7 sec left
CG set 413 / 5315    592.1913 GFlop/s     (592.1913 GFlop/s per process)    7%    3319.0 sec left
CG set 414 / 5315    592.1885 GFlop/s     (592.1885 GFlop/s per process)    7%    3318.3 sec left
CG set 415 / 5315    592.1868 GFlop/s     (592.1868 GFlop/s per process)    7%    3317.6 sec left
CG set 416 / 5315    592.1859 GFlop/s     (592.1859 GFlop/s per process)    7%    3317.0 sec left
CG set 417 / 5315    592.1832 GFlop/s     (592.1832 GFlop/s per process)    7%    3316.3 sec left
CG set 418 / 5315    592.1793 GFlop/s     (592.1793 GFlop/s per process)    7%    3315.6 sec left
CG set 419 / 5315    592.1766 GFlop/s     (592.1766 GFlop/s per process)    7%    3314.9 sec left
CG set 420 / 5315    592.1740 GFlop/s     (592.1740 GFlop/s per process)    7%    3314.2 sec left
CG set 421 / 5315    592.1725 GFlop/s     (592.1725 GFlop/s per process)    7%    3313.6 sec left
CG set 422 / 5315    592.1693 GFlop/s     (592.1693 GFlop/s per process)    7%    3312.9 sec left
CG set 423 / 5315    592.1665 GFlop/s     (592.1665 GFlop/s per process)    7%    3312.2 sec left
CG set 424 / 5315    592.1646 GFlop/s     (592.1646 GFlop/s per process)    7%    3311.5 sec left
CG set 425 / 5315    592.1616 GFlop/s     (592.1616 GFlop/s per process)    7%    3310.8 sec left
CG set 426 / 5315    592.1585 GFlop/s     (592.1585 GFlop/s per process)    8%    3310.1 sec left
CG set 427 / 5315    592.1583 GFlop/s     (592.1583 GFlop/s per process)    8%    3309.5 sec left
CG set 428 / 5315    592.1565 GFlop/s     (592.1565 GFlop/s per process)    8%    3308.8 sec left
CG set 429 / 5315    592.1547 GFlop/s     (592.1547 GFlop/s per process)    8%    3308.1 sec left
CG set 430 / 5315    592.1514 GFlop/s     (592.1514 GFlop/s per process)    8%    3307.4 sec left
CG set 431 / 5315    592.1489 GFlop/s     (592.1489 GFlop/s per process)    8%    3306.7 sec left
CG set 432 / 5315    592.1462 GFlop/s     (592.1462 GFlop/s per process)    8%    3306.1 sec left
CG set 433 / 5315    592.1442 GFlop/s     (592.1442 GFlop/s per process)    8%    3305.4 sec left
CG set 434 / 5315    592.1415 GFlop/s     (592.1415 GFlop/s per process)    8%    3304.7 sec left
CG set 435 / 5315    592.1400 GFlop/s     (592.1400 GFlop/s per process)    8%    3304.0 sec left
CG set 436 / 5315    592.1364 GFlop/s     (592.1364 GFlop/s per process)    8%    3303.3 sec left
CG set 437 / 5315    592.1340 GFlop/s     (592.1340 GFlop/s per process)    8%    3302.6 sec left
CG set 438 / 5315    592.1315 GFlop/s     (592.1315 GFlop/s per process)    8%    3302.0 sec left
CG set 439 / 5315    592.1287 GFlop/s     (592.1287 GFlop/s per process)    8%    3301.3 sec left
CG set 440 / 5315    592.1267 GFlop/s     (592.1267 GFlop/s per process)    8%    3300.6 sec left
CG set 441 / 5315    592.1243 GFlop/s     (592.1243 GFlop/s per process)    8%    3299.9 sec left
CG set 442 / 5315    592.1221 GFlop/s     (592.1221 GFlop/s per process)    8%    3299.2 sec left
CG set 443 / 5315    592.1203 GFlop/s     (592.1203 GFlop/s per process)    8%    3298.6 sec left
CG set 444 / 5315    592.1190 GFlop/s     (592.1190 GFlop/s per process)    8%    3297.9 sec left
CG set 445 / 5315    592.1176 GFlop/s     (592.1176 GFlop/s per process)    8%    3297.2 sec left
CG set 446 / 5315    592.1152 GFlop/s     (592.1152 GFlop/s per process)    8%    3296.5 sec left
CG set 447 / 5315    592.1125 GFlop/s     (592.1125 GFlop/s per process)    8%    3295.8 sec left
CG set 448 / 5315    592.1093 GFlop/s     (592.1093 GFlop/s per process)    8%    3295.2 sec left
CG set 449 / 5315    592.1077 GFlop/s     (592.1077 GFlop/s per process)    8%    3294.5 sec left
CG set 450 / 5315    592.1059 GFlop/s     (592.1059 GFlop/s per process)    8%    3293.8 sec left
CG set 451 / 5315    592.1056 GFlop/s     (592.1056 GFlop/s per process)    8%    3293.1 sec left
CG set 452 / 5315    592.1038 GFlop/s     (592.1038 GFlop/s per process)    8%    3292.4 sec left
CG set 453 / 5315    592.1010 GFlop/s     (592.1010 GFlop/s per process)    8%    3291.7 sec left
CG set 454 / 5315    592.1004 GFlop/s     (592.1004 GFlop/s per process)    8%    3291.1 sec left
CG set 455 / 5315    592.0994 GFlop/s     (592.0994 GFlop/s per process)    8%    3290.4 sec left
CG set 456 / 5315    592.0981 GFlop/s     (592.0981 GFlop/s per process)    8%    3289.7 sec left
CG set 457 / 5315    592.0969 GFlop/s     (592.0969 GFlop/s per process)    8%    3289.0 sec left
CG set 458 / 5315    592.0951 GFlop/s     (592.0951 GFlop/s per process)    8%    3288.3 sec left
CG set 459 / 5315    592.0951 GFlop/s     (592.0951 GFlop/s per process)    8%    3287.7 sec left
CG set 460 / 5315    592.0946 GFlop/s     (592.0946 GFlop/s per process)    8%    3287.0 sec left
CG set 461 / 5315    592.0924 GFlop/s     (592.0924 GFlop/s per process)    8%    3286.3 sec left
CG set 462 / 5315    592.0920 GFlop/s     (592.0920 GFlop/s per process)    8%    3285.6 sec left
CG set 463 / 5315    592.0899 GFlop/s     (592.0899 GFlop/s per process)    8%    3284.9 sec left
CG set 464 / 5315    592.0878 GFlop/s     (592.0878 GFlop/s per process)    8%    3284.3 sec left
CG set 465 / 5315    592.0860 GFlop/s     (592.0860 GFlop/s per process)    8%    3283.6 sec left
CG set 466 / 5315    592.0823 GFlop/s     (592.0823 GFlop/s per process)    8%    3282.9 sec left
CG set 467 / 5315    592.0791 GFlop/s     (592.0791 GFlop/s per process)    8%    3282.2 sec left
CG set 468 / 5315    592.0775 GFlop/s     (592.0775 GFlop/s per process)    8%    3281.5 sec left
CG set 469 / 5315    592.0762 GFlop/s     (592.0762 GFlop/s per process)    8%    3280.8 sec left
CG set 470 / 5315    592.0752 GFlop/s     (592.0752 GFlop/s per process)    8%    3280.2 sec left
CG set 471 / 5315    592.0729 GFlop/s     (592.0729 GFlop/s per process)    8%    3279.5 sec left
CG set 472 / 5315    592.0693 GFlop/s     (592.0693 GFlop/s per process)    8%    3278.8 sec left
CG set 473 / 5315    592.0680 GFlop/s     (592.0680 GFlop/s per process)    8%    3278.1 sec left
CG set 474 / 5315    592.0663 GFlop/s     (592.0663 GFlop/s per process)    8%    3277.4 sec left
CG set 475 / 5315    592.0646 GFlop/s     (592.0646 GFlop/s per process)    8%    3276.8 sec left
CG set 476 / 5315    592.0642 GFlop/s     (592.0642 GFlop/s per process)    8%    3276.1 sec left
CG set 477 / 5315    592.0613 GFlop/s     (592.0613 GFlop/s per process)    8%    3275.4 sec left
CG set 478 / 5315    592.0598 GFlop/s     (592.0598 GFlop/s per process)    8%    3274.7 sec left
CG set 479 / 5315    592.0588 GFlop/s     (592.0588 GFlop/s per process)    9%    3274.0 sec left
CG set 480 / 5315    592.0578 GFlop/s     (592.0578 GFlop/s per process)    9%    3273.3 sec left
CG set 481 / 5315    592.0551 GFlop/s     (592.0551 GFlop/s per process)    9%    3272.7 sec left
CG set 482 / 5315    592.0530 GFlop/s     (592.0530 GFlop/s per process)    9%    3272.0 sec left
CG set 483 / 5315    592.0520 GFlop/s     (592.0520 GFlop/s per process)    9%    3271.3 sec left
CG set 484 / 5315    592.0492 GFlop/s     (592.0492 GFlop/s per process)    9%    3270.6 sec left
CG set 485 / 5315    592.0470 GFlop/s     (592.0470 GFlop/s per process)    9%    3269.9 sec left
CG set 486 / 5315    592.0430 GFlop/s     (592.0430 GFlop/s per process)    9%    3269.3 sec left
CG set 487 / 5315    592.0415 GFlop/s     (592.0415 GFlop/s per process)    9%    3268.6 sec left
CG set 488 / 5315    592.0411 GFlop/s     (592.0411 GFlop/s per process)    9%    3267.9 sec left
CG set 489 / 5315    592.0391 GFlop/s     (592.0391 GFlop/s per process)    9%    3267.2 sec left
CG set 490 / 5315    592.0374 GFlop/s     (592.0374 GFlop/s per process)    9%    3266.5 sec left
CG set 491 / 5315    592.0342 GFlop/s     (592.0342 GFlop/s per process)    9%    3265.8 sec left
CG set 492 / 5315    592.0347 GFlop/s     (592.0347 GFlop/s per process)    9%    3265.2 sec left
CG set 493 / 5315    592.0332 GFlop/s     (592.0332 GFlop/s per process)    9%    3264.5 sec left
CG set 494 / 5315    592.0333 GFlop/s     (592.0333 GFlop/s per process)    9%    3263.8 sec left
CG set 495 / 5315    592.0321 GFlop/s     (592.0321 GFlop/s per process)    9%    3263.1 sec left
CG set 496 / 5315    592.0323 GFlop/s     (592.0323 GFlop/s per process)    9%    3262.4 sec left
CG set 497 / 5315    592.0313 GFlop/s     (592.0313 GFlop/s per process)    9%    3261.8 sec left
CG set 498 / 5315    592.0291 GFlop/s     (592.0291 GFlop/s per process)    9%    3261.1 sec left
CG set 499 / 5315    592.0278 GFlop/s     (592.0278 GFlop/s per process)    9%    3260.4 sec left
CG set 500 / 5315    592.0265 GFlop/s     (592.0265 GFlop/s per process)    9%    3259.7 sec left
CG set 501 / 5315    592.0242 GFlop/s     (592.0242 GFlop/s per process)    9%    3259.0 sec left
CG set 502 / 5315    592.0216 GFlop/s     (592.0216 GFlop/s per process)    9%    3258.4 sec left
CG set 503 / 5315    592.0202 GFlop/s     (592.0202 GFlop/s per process)    9%    3257.7 sec left
CG set 504 / 5315    592.0185 GFlop/s     (592.0185 GFlop/s per process)    9%    3257.0 sec left
CG set 505 / 5315    592.0182 GFlop/s     (592.0182 GFlop/s per process)    9%    3256.3 sec left
CG set 506 / 5315    592.0181 GFlop/s     (592.0181 GFlop/s per process)    9%    3255.6 sec left
CG set 507 / 5315    592.0166 GFlop/s     (592.0166 GFlop/s per process)    9%    3254.9 sec left
CG set 508 / 5315    592.0138 GFlop/s     (592.0138 GFlop/s per process)    9%    3254.3 sec left
CG set 509 / 5315    592.0126 GFlop/s     (592.0126 GFlop/s per process)    9%    3253.6 sec left
CG set 510 / 5315    592.0124 GFlop/s     (592.0124 GFlop/s per process)    9%    3252.9 sec left
CG set 511 / 5315    592.0097 GFlop/s     (592.0097 GFlop/s per process)    9%    3252.2 sec left
CG set 512 / 5315    592.0074 GFlop/s     (592.0074 GFlop/s per process)    9%    3251.5 sec left
CG set 513 / 5315    592.0053 GFlop/s     (592.0053 GFlop/s per process)    9%    3250.9 sec left
CG set 514 / 5315    592.0043 GFlop/s     (592.0043 GFlop/s per process)    9%    3250.2 sec left
CG set 515 / 5315    592.0025 GFlop/s     (592.0025 GFlop/s per process)    9%    3249.5 sec left
CG set 516 / 5315    592.0009 GFlop/s     (592.0009 GFlop/s per process)    9%    3248.8 sec left
CG set 517 / 5315    591.9992 GFlop/s     (591.9992 GFlop/s per process)    9%    3248.1 sec left
CG set 518 / 5315    591.9968 GFlop/s     (591.9968 GFlop/s per process)    9%    3247.5 sec left
CG set 519 / 5315    591.9946 GFlop/s     (591.9946 GFlop/s per process)    9%    3246.8 sec left
CG set 520 / 5315    591.9939 GFlop/s     (591.9939 GFlop/s per process)    9%    3246.1 sec left
CG set 521 / 5315    591.9920 GFlop/s     (591.9920 GFlop/s per process)    9%    3245.4 sec left
CG set 522 / 5315    591.9903 GFlop/s     (591.9903 GFlop/s per process)    9%    3244.7 sec left
CG set 523 / 5315    591.9877 GFlop/s     (591.9877 GFlop/s per process)    9%    3244.0 sec left
CG set 524 / 5315    591.9858 GFlop/s     (591.9858 GFlop/s per process)    9%    3243.4 sec left
CG set 525 / 5315    591.9838 GFlop/s     (591.9838 GFlop/s per process)    9%    3242.7 sec left
CG set 526 / 5315    591.9823 GFlop/s     (591.9823 GFlop/s per process)    9%    3242.0 sec left
CG set 527 / 5315    591.9803 GFlop/s     (591.9803 GFlop/s per process)    9%    3241.3 sec left
CG set 528 / 5315    591.9786 GFlop/s     (591.9786 GFlop/s per process)    9%    3240.6 sec left
CG set 529 / 5315    591.9781 GFlop/s     (591.9781 GFlop/s per process)    9%    3240.0 sec left
CG set 530 / 5315    591.9749 GFlop/s     (591.9749 GFlop/s per process)    9%    3239.3 sec left
CG set 531 / 5315    591.9731 GFlop/s     (591.9731 GFlop/s per process)    9%    3238.6 sec left
CG set 532 / 5315    591.9734 GFlop/s     (591.9734 GFlop/s per process)    10%    3237.9 sec left
CG set 533 / 5315    591.9729 GFlop/s     (591.9729 GFlop/s per process)    10%    3237.2 sec left
CG set 534 / 5315    591.9726 GFlop/s     (591.9726 GFlop/s per process)    10%    3236.5 sec left
CG set 535 / 5315    591.9711 GFlop/s     (591.9711 GFlop/s per process)    10%    3235.9 sec left
CG set 536 / 5315    591.9677 GFlop/s     (591.9677 GFlop/s per process)    10%    3235.2 sec left
CG set 537 / 5315    591.9666 GFlop/s     (591.9666 GFlop/s per process)    10%    3234.5 sec left
CG set 538 / 5315    591.9646 GFlop/s     (591.9646 GFlop/s per process)    10%    3233.8 sec left
CG set 539 / 5315    591.9627 GFlop/s     (591.9627 GFlop/s per process)    10%    3233.1 sec left
CG set 540 / 5315    591.9616 GFlop/s     (591.9616 GFlop/s per process)    10%    3232.5 sec left
CG set 541 / 5315    591.9611 GFlop/s     (591.9611 GFlop/s per process)    10%    3231.8 sec left
CG set 542 / 5315    591.9592 GFlop/s     (591.9592 GFlop/s per process)    10%    3231.1 sec left
CG set 543 / 5315    591.9592 GFlop/s     (591.9592 GFlop/s per process)    10%    3230.4 sec left
CG set 544 / 5315    591.9571 GFlop/s     (591.9571 GFlop/s per process)    10%    3229.7 sec left
CG set 545 / 5315    591.9564 GFlop/s     (591.9564 GFlop/s per process)    10%    3229.0 sec left
CG set 546 / 5315    591.9554 GFlop/s     (591.9554 GFlop/s per process)    10%    3228.4 sec left
CG set 547 / 5315    591.9536 GFlop/s     (591.9536 GFlop/s per process)    10%    3227.7 sec left
CG set 548 / 5315    591.9525 GFlop/s     (591.9525 GFlop/s per process)    10%    3227.0 sec left
CG set 549 / 5315    591.9509 GFlop/s     (591.9509 GFlop/s per process)    10%    3226.3 sec left
CG set 550 / 5315    591.9496 GFlop/s     (591.9496 GFlop/s per process)    10%    3225.6 sec left
CG set 551 / 5315    591.9487 GFlop/s     (591.9487 GFlop/s per process)    10%    3225.0 sec left
CG set 552 / 5315    591.9479 GFlop/s     (591.9479 GFlop/s per process)    10%    3224.3 sec left
CG set 553 / 5315    591.9486 GFlop/s     (591.9486 GFlop/s per process)    10%    3223.6 sec left
CG set 554 / 5315    591.9479 GFlop/s     (591.9479 GFlop/s per process)    10%    3222.9 sec left
CG set 555 / 5315    591.9480 GFlop/s     (591.9480 GFlop/s per process)    10%    3222.2 sec left
CG set 556 / 5315    591.9475 GFlop/s     (591.9475 GFlop/s per process)    10%    3221.6 sec left
CG set 557 / 5315    591.9458 GFlop/s     (591.9458 GFlop/s per process)    10%    3220.9 sec left
CG set 558 / 5315    591.9454 GFlop/s     (591.9454 GFlop/s per process)    10%    3220.2 sec left
CG set 559 / 5315    591.9441 GFlop/s     (591.9441 GFlop/s per process)    10%    3219.5 sec left
CG set 560 / 5315    591.9433 GFlop/s     (591.9433 GFlop/s per process)    10%    3218.8 sec left
CG set 561 / 5315    591.9427 GFlop/s     (591.9427 GFlop/s per process)    10%    3218.2 sec left
CG set 562 / 5315    591.9412 GFlop/s     (591.9412 GFlop/s per process)    10%    3217.5 sec left
CG set 563 / 5315    591.9392 GFlop/s     (591.9392 GFlop/s per process)    10%    3216.8 sec left
CG set 564 / 5315    591.9377 GFlop/s     (591.9377 GFlop/s per process)    10%    3216.1 sec left
CG set 565 / 5315    591.9356 GFlop/s     (591.9356 GFlop/s per process)    10%    3215.4 sec left
CG set 566 / 5315    591.9344 GFlop/s     (591.9344 GFlop/s per process)    10%    3214.7 sec left
CG set 567 / 5315    591.9323 GFlop/s     (591.9323 GFlop/s per process)    10%    3214.1 sec left
CG set 568 / 5315    591.9304 GFlop/s     (591.9304 GFlop/s per process)    10%    3213.4 sec left
CG set 569 / 5315    591.9291 GFlop/s     (591.9291 GFlop/s per process)    10%    3212.7 sec left
CG set 570 / 5315    591.9275 GFlop/s     (591.9275 GFlop/s per process)    10%    3212.0 sec left
CG set 571 / 5315    591.9256 GFlop/s     (591.9256 GFlop/s per process)    10%    3211.3 sec left
CG set 572 / 5315    591.9251 GFlop/s     (591.9251 GFlop/s per process)    10%    3210.7 sec left
CG set 573 / 5315    591.9252 GFlop/s     (591.9252 GFlop/s per process)    10%    3210.0 sec left
CG set 574 / 5315    591.9228 GFlop/s     (591.9228 GFlop/s per process)    10%    3209.3 sec left
CG set 575 / 5315    591.9215 GFlop/s     (591.9215 GFlop/s per process)    10%    3208.6 sec left
CG set 576 / 5315    591.9207 GFlop/s     (591.9207 GFlop/s per process)    10%    3207.9 sec left
CG set 577 / 5315    591.9196 GFlop/s     (591.9196 GFlop/s per process)    10%    3207.2 sec left
CG set 578 / 5315    591.9166 GFlop/s     (591.9166 GFlop/s per process)    10%    3206.6 sec left
CG set 579 / 5315    591.9158 GFlop/s     (591.9158 GFlop/s per process)    10%    3205.9 sec left
CG set 580 / 5315    591.9149 GFlop/s     (591.9149 GFlop/s per process)    10%    3205.2 sec left
CG set 581 / 5315    591.9129 GFlop/s     (591.9129 GFlop/s per process)    10%    3204.5 sec left
CG set 582 / 5315    591.9111 GFlop/s     (591.9111 GFlop/s per process)    10%    3203.8 sec left
CG set 583 / 5315    591.9091 GFlop/s     (591.9091 GFlop/s per process)    10%    3203.2 sec left
CG set 584 / 5315    591.9081 GFlop/s     (591.9081 GFlop/s per process)    10%    3202.5 sec left
CG set 585 / 5315    591.9079 GFlop/s     (591.9079 GFlop/s per process)    11%    3201.8 sec left
CG set 586 / 5315    591.9058 GFlop/s     (591.9058 GFlop/s per process)    11%    3201.1 sec left
CG set 587 / 5315    591.9045 GFlop/s     (591.9045 GFlop/s per process)    11%    3200.4 sec left
CG set 588 / 5315    591.9036 GFlop/s     (591.9036 GFlop/s per process)    11%    3199.7 sec left
CG set 589 / 5315    591.9023 GFlop/s     (591.9023 GFlop/s per process)    11%    3199.1 sec left
CG set 590 / 5315    591.9011 GFlop/s     (591.9011 GFlop/s per process)    11%    3198.4 sec left
CG set 591 / 5315    591.9021 GFlop/s     (591.9021 GFlop/s per process)    11%    3197.7 sec left
CG set 592 / 5315    591.9012 GFlop/s     (591.9012 GFlop/s per process)    11%    3197.0 sec left
CG set 593 / 5315    591.8994 GFlop/s     (591.8994 GFlop/s per process)    11%    3196.3 sec left
CG set 594 / 5315    591.8987 GFlop/s     (591.8987 GFlop/s per process)    11%    3195.7 sec left
CG set 595 / 5315    591.8973 GFlop/s     (591.8973 GFlop/s per process)    11%    3195.0 sec left
CG set 596 / 5315    591.8957 GFlop/s     (591.8957 GFlop/s per process)    11%    3194.3 sec left
CG set 597 / 5315    591.8932 GFlop/s     (591.8932 GFlop/s per process)    11%    3193.6 sec left
CG set 598 / 5315    591.8926 GFlop/s     (591.8926 GFlop/s per process)    11%    3192.9 sec left
CG set 599 / 5315    591.8917 GFlop/s     (591.8917 GFlop/s per process)    11%    3192.2 sec left
CG set 600 / 5315    591.8924 GFlop/s     (591.8924 GFlop/s per process)    11%    3191.6 sec left
CG set 601 / 5315    591.8915 GFlop/s     (591.8915 GFlop/s per process)    11%    3190.9 sec left
CG set 602 / 5315    591.8905 GFlop/s     (591.8905 GFlop/s per process)    11%    3190.2 sec left
CG set 603 / 5315    591.8887 GFlop/s     (591.8887 GFlop/s per process)    11%    3189.5 sec left
CG set 604 / 5315    591.8875 GFlop/s     (591.8875 GFlop/s per process)    11%    3188.8 sec left
CG set 605 / 5315    591.8876 GFlop/s     (591.8876 GFlop/s per process)    11%    3188.2 sec left
CG set 606 / 5315    591.8874 GFlop/s     (591.8874 GFlop/s per process)    11%    3187.5 sec left
CG set 607 / 5315    591.8850 GFlop/s     (591.8850 GFlop/s per process)    11%    3186.8 sec left
CG set 608 / 5315    591.8843 GFlop/s     (591.8843 GFlop/s per process)    11%    3186.1 sec left
CG set 609 / 5315    591.8828 GFlop/s     (591.8828 GFlop/s per process)    11%    3185.4 sec left
CG set 610 / 5315    591.8817 GFlop/s     (591.8817 GFlop/s per process)    11%    3184.8 sec left
CG set 611 / 5315    591.8801 GFlop/s     (591.8801 GFlop/s per process)    11%    3184.1 sec left
CG set 612 / 5315    591.8787 GFlop/s     (591.8787 GFlop/s per process)    11%    3183.4 sec left
CG set 613 / 5315    591.8775 GFlop/s     (591.8775 GFlop/s per process)    11%    3182.7 sec left
CG set 614 / 5315    591.8768 GFlop/s     (591.8768 GFlop/s per process)    11%    3182.0 sec left
CG set 615 / 5315    591.8752 GFlop/s     (591.8752 GFlop/s per process)    11%    3181.3 sec left
CG set 616 / 5315    591.8752 GFlop/s     (591.8752 GFlop/s per process)    11%    3180.7 sec left
CG set 617 / 5315    591.8738 GFlop/s     (591.8738 GFlop/s per process)    11%    3180.0 sec left
CG set 618 / 5315    591.8722 GFlop/s     (591.8722 GFlop/s per process)    11%    3179.3 sec left
CG set 619 / 5315    591.8720 GFlop/s     (591.8720 GFlop/s per process)    11%    3178.6 sec left
CG set 620 / 5315    591.8701 GFlop/s     (591.8701 GFlop/s per process)    11%    3177.9 sec left
CG set 621 / 5315    591.8690 GFlop/s     (591.8690 GFlop/s per process)    11%    3177.3 sec left
CG set 622 / 5315    591.8676 GFlop/s     (591.8676 GFlop/s per process)    11%    3176.6 sec left
CG set 623 / 5315    591.8674 GFlop/s     (591.8674 GFlop/s per process)    11%    3175.9 sec left
CG set 624 / 5315    591.8664 GFlop/s     (591.8664 GFlop/s per process)    11%    3175.2 sec left
CG set 625 / 5315    591.8656 GFlop/s     (591.8656 GFlop/s per process)    11%    3174.5 sec left
CG set 626 / 5315    591.8643 GFlop/s     (591.8643 GFlop/s per process)    11%    3173.9 sec left
CG set 627 / 5315    591.8640 GFlop/s     (591.8640 GFlop/s per process)    11%    3173.2 sec left
CG set 628 / 5315    591.8625 GFlop/s     (591.8625 GFlop/s per process)    11%    3172.5 sec left
CG set 629 / 5315    591.8617 GFlop/s     (591.8617 GFlop/s per process)    11%    3171.8 sec left
CG set 630 / 5315    591.8609 GFlop/s     (591.8609 GFlop/s per process)    11%    3171.1 sec left
CG set 631 / 5315    591.8582 GFlop/s     (591.8582 GFlop/s per process)    11%    3170.4 sec left
CG set 632 / 5315    591.8588 GFlop/s     (591.8588 GFlop/s per process)    11%    3169.8 sec left
CG set 633 / 5315    591.8574 GFlop/s     (591.8574 GFlop/s per process)    11%    3169.1 sec left
CG set 634 / 5315    591.8555 GFlop/s     (591.8555 GFlop/s per process)    11%    3168.4 sec left
CG set 635 / 5315    591.8543 GFlop/s     (591.8543 GFlop/s per process)    11%    3167.7 sec left
CG set 636 / 5315    591.8531 GFlop/s     (591.8531 GFlop/s per process)    11%    3167.0 sec left
CG set 637 / 5315    591.8522 GFlop/s     (591.8522 GFlop/s per process)    11%    3166.4 sec left
CG set 638 / 5315    591.8497 GFlop/s     (591.8497 GFlop/s per process)    12%    3165.7 sec left
CG set 639 / 5315    591.8483 GFlop/s     (591.8483 GFlop/s per process)    12%    3165.0 sec left
CG set 640 / 5315    591.8482 GFlop/s     (591.8482 GFlop/s per process)    12%    3164.3 sec left
CG set 641 / 5315    591.8472 GFlop/s     (591.8472 GFlop/s per process)    12%    3163.6 sec left
CG set 642 / 5315    591.8474 GFlop/s     (591.8474 GFlop/s per process)    12%    3162.9 sec left
CG set 643 / 5315    591.8474 GFlop/s     (591.8474 GFlop/s per process)    12%    3162.3 sec left
CG set 644 / 5315    591.8471 GFlop/s     (591.8471 GFlop/s per process)    12%    3161.6 sec left
CG set 645 / 5315    591.8454 GFlop/s     (591.8454 GFlop/s per process)    12%    3160.9 sec left
CG set 646 / 5315    591.8440 GFlop/s     (591.8440 GFlop/s per process)    12%    3160.2 sec left
CG set 647 / 5315    591.8432 GFlop/s     (591.8432 GFlop/s per process)    12%    3159.5 sec left
CG set 648 / 5315    591.8419 GFlop/s     (591.8419 GFlop/s per process)    12%    3158.9 sec left
CG set 649 / 5315    591.8420 GFlop/s     (591.8420 GFlop/s per process)    12%    3158.2 sec left
CG set 650 / 5315    591.8408 GFlop/s     (591.8408 GFlop/s per process)    12%    3157.5 sec left
CG set 651 / 5315    591.8403 GFlop/s     (591.8403 GFlop/s per process)    12%    3156.8 sec left
CG set 652 / 5315    591.8390 GFlop/s     (591.8390 GFlop/s per process)    12%    3156.1 sec left
CG set 653 / 5315    591.8373 GFlop/s     (591.8373 GFlop/s per process)    12%    3155.4 sec left
CG set 654 / 5315    591.8369 GFlop/s     (591.8369 GFlop/s per process)    12%    3154.8 sec left
CG set 655 / 5315    591.8351 GFlop/s     (591.8351 GFlop/s per process)    12%    3154.1 sec left
CG set 656 / 5315    591.8330 GFlop/s     (591.8330 GFlop/s per process)    12%    3153.4 sec left
CG set 657 / 5315    591.8322 GFlop/s     (591.8322 GFlop/s per process)    12%    3152.7 sec left
CG set 658 / 5315    591.8314 GFlop/s     (591.8314 GFlop/s per process)    12%    3152.0 sec left
CG set 659 / 5315    591.8304 GFlop/s     (591.8304 GFlop/s per process)    12%    3151.4 sec left
CG set 660 / 5315    591.8297 GFlop/s     (591.8297 GFlop/s per process)    12%    3150.7 sec left
CG set 661 / 5315    591.8285 GFlop/s     (591.8285 GFlop/s per process)    12%    3150.0 sec left
CG set 662 / 5315    591.8274 GFlop/s     (591.8274 GFlop/s per process)    12%    3149.3 sec left
CG set 663 / 5315    591.8262 GFlop/s     (591.8262 GFlop/s per process)    12%    3148.6 sec left
CG set 664 / 5315    591.8253 GFlop/s     (591.8253 GFlop/s per process)    12%    3148.0 sec left
CG set 665 / 5315    591.8246 GFlop/s     (591.8246 GFlop/s per process)    12%    3147.3 sec left
CG set 666 / 5315    591.8240 GFlop/s     (591.8240 GFlop/s per process)    12%    3146.6 sec left
CG set 667 / 5315    591.8238 GFlop/s     (591.8238 GFlop/s per process)    12%    3145.9 sec left
CG set 668 / 5315    591.8228 GFlop/s     (591.8228 GFlop/s per process)    12%    3145.2 sec left
CG set 669 / 5315    591.8218 GFlop/s     (591.8218 GFlop/s per process)    12%    3144.5 sec left
CG set 670 / 5315    591.8214 GFlop/s     (591.8214 GFlop/s per process)    12%    3143.9 sec left
CG set 671 / 5315    591.8202 GFlop/s     (591.8202 GFlop/s per process)    12%    3143.2 sec left
CG set 672 / 5315    591.8177 GFlop/s     (591.8177 GFlop/s per process)    12%    3142.5 sec left
CG set 673 / 5315    591.8178 GFlop/s     (591.8178 GFlop/s per process)    12%    3141.8 sec left
CG set 674 / 5315    591.8189 GFlop/s     (591.8189 GFlop/s per process)    12%    3141.1 sec left
CG set 675 / 5315    591.8181 GFlop/s     (591.8181 GFlop/s per process)    12%    3140.5 sec left
CG set 676 / 5315    591.8177 GFlop/s     (591.8177 GFlop/s per process)    12%    3139.8 sec left
CG set 677 / 5315    591.8175 GFlop/s     (591.8175 GFlop/s per process)    12%    3139.1 sec left
CG set 678 / 5315    591.8157 GFlop/s     (591.8157 GFlop/s per process)    12%    3138.4 sec left
CG set 679 / 5315    591.8159 GFlop/s     (591.8159 GFlop/s per process)    12%    3137.7 sec left
CG set 680 / 5315    591.8150 GFlop/s     (591.8150 GFlop/s per process)    12%    3137.1 sec left
CG set 681 / 5315    591.8143 GFlop/s     (591.8143 GFlop/s per process)    12%    3136.4 sec left
CG set 682 / 5315    591.8144 GFlop/s     (591.8144 GFlop/s per process)    12%    3135.7 sec left
CG set 683 / 5315    591.8146 GFlop/s     (591.8146 GFlop/s per process)    12%    3135.0 sec left
CG set 684 / 5315    591.8125 GFlop/s     (591.8125 GFlop/s per process)    12%    3134.3 sec left
CG set 685 / 5315    591.8111 GFlop/s     (591.8111 GFlop/s per process)    12%    3133.6 sec left
CG set 686 / 5315    591.8100 GFlop/s     (591.8100 GFlop/s per process)    12%    3133.0 sec left
CG set 687 / 5315    591.8092 GFlop/s     (591.8092 GFlop/s per process)    12%    3132.3 sec left
CG set 688 / 5315    591.8083 GFlop/s     (591.8083 GFlop/s per process)    12%    3131.6 sec left
CG set 689 / 5315    591.8081 GFlop/s     (591.8081 GFlop/s per process)    12%    3130.9 sec left
CG set 690 / 5315    591.8083 GFlop/s     (591.8083 GFlop/s per process)    12%    3130.2 sec left
CG set 691 / 5315    591.8074 GFlop/s     (591.8074 GFlop/s per process)    13%    3129.6 sec left
CG set 692 / 5315    591.8067 GFlop/s     (591.8067 GFlop/s per process)    13%    3128.9 sec left
CG set 693 / 5315    591.8059 GFlop/s     (591.8059 GFlop/s per process)    13%    3128.2 sec left
CG set 694 / 5315    591.8044 GFlop/s     (591.8044 GFlop/s per process)    13%    3127.5 sec left
CG set 695 / 5315    591.8036 GFlop/s     (591.8036 GFlop/s per process)    13%    3126.8 sec left
CG set 696 / 5315    591.8030 GFlop/s     (591.8030 GFlop/s per process)    13%    3126.1 sec left
CG set 697 / 5315    591.8027 GFlop/s     (591.8027 GFlop/s per process)    13%    3125.5 sec left
CG set 698 / 5315    591.8008 GFlop/s     (591.8008 GFlop/s per process)    13%    3124.8 sec left
CG set 699 / 5315    591.8001 GFlop/s     (591.8001 GFlop/s per process)    13%    3124.1 sec left
CG set 700 / 5315    591.7978 GFlop/s     (591.7978 GFlop/s per process)    13%    3123.4 sec left
CG set 701 / 5315    591.7967 GFlop/s     (591.7967 GFlop/s per process)    13%    3122.7 sec left
CG set 702 / 5315    591.7965 GFlop/s     (591.7965 GFlop/s per process)    13%    3122.1 sec left
CG set 703 / 5315    591.7963 GFlop/s     (591.7963 GFlop/s per process)    13%    3121.4 sec left
CG set 704 / 5315    591.7946 GFlop/s     (591.7946 GFlop/s per process)    13%    3120.7 sec left
CG set 705 / 5315    591.7942 GFlop/s     (591.7942 GFlop/s per process)    13%    3120.0 sec left
CG set 706 / 5315    591.7932 GFlop/s     (591.7932 GFlop/s per process)    13%    3119.3 sec left
CG set 707 / 5315    591.7926 GFlop/s     (591.7926 GFlop/s per process)    13%    3118.7 sec left
CG set 708 / 5315    591.7911 GFlop/s     (591.7911 GFlop/s per process)    13%    3118.0 sec left
CG set 709 / 5315    591.7900 GFlop/s     (591.7900 GFlop/s per process)    13%    3117.3 sec left
CG set 710 / 5315    591.7903 GFlop/s     (591.7903 GFlop/s per process)    13%    3116.6 sec left
CG set 711 / 5315    591.7883 GFlop/s     (591.7883 GFlop/s per process)    13%    3115.9 sec left
CG set 712 / 5315    591.7865 GFlop/s     (591.7865 GFlop/s per process)    13%    3115.2 sec left
CG set 713 / 5315    591.7844 GFlop/s     (591.7844 GFlop/s per process)    13%    3114.6 sec left
CG set 714 / 5315    591.7827 GFlop/s     (591.7827 GFlop/s per process)    13%    3113.9 sec left
CG set 715 / 5315    591.7827 GFlop/s     (591.7827 GFlop/s per process)    13%    3113.2 sec left
CG set 716 / 5315    591.7819 GFlop/s     (591.7819 GFlop/s per process)    13%    3112.5 sec left
CG set 717 / 5315    591.7817 GFlop/s     (591.7817 GFlop/s per process)    13%    3111.8 sec left
CG set 718 / 5315    591.7817 GFlop/s     (591.7817 GFlop/s per process)    13%    3111.2 sec left
CG set 719 / 5315    591.7814 GFlop/s     (591.7814 GFlop/s per process)    13%    3110.5 sec left
CG set 720 / 5315    591.7813 GFlop/s     (591.7813 GFlop/s per process)    13%    3109.8 sec left
CG set 721 / 5315    591.7801 GFlop/s     (591.7801 GFlop/s per process)    13%    3109.1 sec left
CG set 722 / 5315    591.7783 GFlop/s     (591.7783 GFlop/s per process)    13%    3108.4 sec left
CG set 723 / 5315    591.7771 GFlop/s     (591.7771 GFlop/s per process)    13%    3107.7 sec left
CG set 724 / 5315    591.7759 GFlop/s     (591.7759 GFlop/s per process)    13%    3107.1 sec left
CG set 725 / 5315    591.7743 GFlop/s     (591.7743 GFlop/s per process)    13%    3106.4 sec left
CG set 726 / 5315    591.7736 GFlop/s     (591.7736 GFlop/s per process)    13%    3105.7 sec left
CG set 727 / 5315    591.7718 GFlop/s     (591.7718 GFlop/s per process)    13%    3105.0 sec left
CG set 728 / 5315    591.7711 GFlop/s     (591.7711 GFlop/s per process)    13%    3104.3 sec left
CG set 729 / 5315    591.7709 GFlop/s     (591.7709 GFlop/s per process)    13%    3103.7 sec left
CG set 730 / 5315    591.7705 GFlop/s     (591.7705 GFlop/s per process)    13%    3103.0 sec left
CG set 731 / 5315    591.7695 GFlop/s     (591.7695 GFlop/s per process)    13%    3102.3 sec left
CG set 732 / 5315    591.7693 GFlop/s     (591.7693 GFlop/s per process)    13%    3101.6 sec left
CG set 733 / 5315    591.7686 GFlop/s     (591.7686 GFlop/s per process)    13%    3100.9 sec left
CG set 734 / 5315    591.7678 GFlop/s     (591.7678 GFlop/s per process)    13%    3100.2 sec left
CG set 735 / 5315    591.7660 GFlop/s     (591.7660 GFlop/s per process)    13%    3099.6 sec left
CG set 736 / 5315    591.7648 GFlop/s     (591.7648 GFlop/s per process)    13%    3098.9 sec left
CG set 737 / 5315    591.7638 GFlop/s     (591.7638 GFlop/s per process)    13%    3098.2 sec left
CG set 738 / 5315    591.7635 GFlop/s     (591.7635 GFlop/s per process)    13%    3097.5 sec left
CG set 739 / 5315    591.7631 GFlop/s     (591.7631 GFlop/s per process)    13%    3096.8 sec left
CG set 740 / 5315    591.7618 GFlop/s     (591.7618 GFlop/s per process)    13%    3096.2 sec left
CG set 741 / 5315    591.7608 GFlop/s     (591.7608 GFlop/s per process)    13%    3095.5 sec left
CG set 742 / 5315    591.7591 GFlop/s     (591.7591 GFlop/s per process)    13%    3094.8 sec left
CG set 743 / 5315    591.7582 GFlop/s     (591.7582 GFlop/s per process)    13%    3094.1 sec left
CG set 744 / 5315    591.7561 GFlop/s     (591.7561 GFlop/s per process)    13%    3093.4 sec left
CG set 745 / 5315    591.7552 GFlop/s     (591.7552 GFlop/s per process)    14%    3092.7 sec left
CG set 746 / 5315    591.7548 GFlop/s     (591.7548 GFlop/s per process)    14%    3092.1 sec left
CG set 747 / 5315    591.7539 GFlop/s     (591.7539 GFlop/s per process)    14%    3091.4 sec left
CG set 748 / 5315    591.7534 GFlop/s     (591.7534 GFlop/s per process)    14%    3090.7 sec left
CG set 749 / 5315    591.7525 GFlop/s     (591.7525 GFlop/s per process)    14%    3090.0 sec left
CG set 750 / 5315    591.7523 GFlop/s     (591.7523 GFlop/s per process)    14%    3089.3 sec left
CG set 751 / 5315    591.7514 GFlop/s     (591.7514 GFlop/s per process)    14%    3088.7 sec left
CG set 752 / 5315    591.7512 GFlop/s     (591.7512 GFlop/s per process)    14%    3088.0 sec left
CG set 753 / 5315    591.7506 GFlop/s     (591.7506 GFlop/s per process)    14%    3087.3 sec left
CG set 754 / 5315    591.7492 GFlop/s     (591.7492 GFlop/s per process)    14%    3086.6 sec left
CG set 755 / 5315    591.7479 GFlop/s     (591.7479 GFlop/s per process)    14%    3085.9 sec left
CG set 756 / 5315    591.7470 GFlop/s     (591.7470 GFlop/s per process)    14%    3085.2 sec left
CG set 757 / 5315    591.7456 GFlop/s     (591.7456 GFlop/s per process)    14%    3084.6 sec left
CG set 758 / 5315    591.7444 GFlop/s     (591.7444 GFlop/s per process)    14%    3083.9 sec left
CG set 759 / 5315    591.7433 GFlop/s     (591.7433 GFlop/s per process)    14%    3083.2 sec left
CG set 760 / 5315    591.7428 GFlop/s     (591.7428 GFlop/s per process)    14%    3082.5 sec left
CG set 761 / 5315    591.7426 GFlop/s     (591.7426 GFlop/s per process)    14%    3081.8 sec left
CG set 762 / 5315    591.7423 GFlop/s     (591.7423 GFlop/s per process)    14%    3081.2 sec left
CG set 763 / 5315    591.7410 GFlop/s     (591.7410 GFlop/s per process)    14%    3080.5 sec left
CG set 764 / 5315    591.7411 GFlop/s     (591.7411 GFlop/s per process)    14%    3079.8 sec left
CG set 765 / 5315    591.7402 GFlop/s     (591.7402 GFlop/s per process)    14%    3079.1 sec left
CG set 766 / 5315    591.7390 GFlop/s     (591.7390 GFlop/s per process)    14%    3078.4 sec left
CG set 767 / 5315    591.7393 GFlop/s     (591.7393 GFlop/s per process)    14%    3077.8 sec left
CG set 768 / 5315    591.7382 GFlop/s     (591.7382 GFlop/s per process)    14%    3077.1 sec left
CG set 769 / 5315    591.7372 GFlop/s     (591.7372 GFlop/s per process)    14%    3076.4 sec left
CG set 770 / 5315    591.7355 GFlop/s     (591.7355 GFlop/s per process)    14%    3075.7 sec left
CG set 771 / 5315    591.7358 GFlop/s     (591.7358 GFlop/s per process)    14%    3075.0 sec left
CG set 772 / 5315    591.7353 GFlop/s     (591.7353 GFlop/s per process)    14%    3074.3 sec left
CG set 773 / 5315    591.7337 GFlop/s     (591.7337 GFlop/s per process)    14%    3073.7 sec left
CG set 774 / 5315    591.7317 GFlop/s     (591.7317 GFlop/s per process)    14%    3073.0 sec left
CG set 775 / 5315    591.7300 GFlop/s     (591.7300 GFlop/s per process)    14%    3072.3 sec left
CG set 776 / 5315    591.7281 GFlop/s     (591.7281 GFlop/s per process)    14%    3071.6 sec left
CG set 777 / 5315    591.7267 GFlop/s     (591.7267 GFlop/s per process)    14%    3070.9 sec left
CG set 778 / 5315    591.7249 GFlop/s     (591.7249 GFlop/s per process)    14%    3070.2 sec left
CG set 779 / 5315    591.7241 GFlop/s     (591.7241 GFlop/s per process)    14%    3069.6 sec left
CG set 780 / 5315    591.7230 GFlop/s     (591.7230 GFlop/s per process)    14%    3068.9 sec left
CG set 781 / 5315    591.7222 GFlop/s     (591.7222 GFlop/s per process)    14%    3068.2 sec left
CG set 782 / 5315    591.7211 GFlop/s     (591.7211 GFlop/s per process)    14%    3067.5 sec left
CG set 783 / 5315    591.7200 GFlop/s     (591.7200 GFlop/s per process)    14%    3066.8 sec left
CG set 784 / 5315    591.7190 GFlop/s     (591.7190 GFlop/s per process)    14%    3066.2 sec left
CG set 785 / 5315    591.7184 GFlop/s     (591.7184 GFlop/s per process)    14%    3065.5 sec left
CG set 786 / 5315    591.7172 GFlop/s     (591.7172 GFlop/s per process)    14%    3064.8 sec left
CG set 787 / 5315    591.7158 GFlop/s     (591.7158 GFlop/s per process)    14%    3064.1 sec left
CG set 788 / 5315    591.7154 GFlop/s     (591.7154 GFlop/s per process)    14%    3063.4 sec left
CG set 789 / 5315    591.7141 GFlop/s     (591.7141 GFlop/s per process)    14%    3062.7 sec left
CG set 790 / 5315    591.7134 GFlop/s     (591.7134 GFlop/s per process)    14%    3062.1 sec left
CG set 791 / 5315    591.7126 GFlop/s     (591.7126 GFlop/s per process)    14%    3061.4 sec left
CG set 792 / 5315    591.7122 GFlop/s     (591.7122 GFlop/s per process)    14%    3060.7 sec left
CG set 793 / 5315    591.7130 GFlop/s     (591.7130 GFlop/s per process)    14%    3060.0 sec left
CG set 794 / 5315    591.7125 GFlop/s     (591.7125 GFlop/s per process)    14%    3059.3 sec left
CG set 795 / 5315    591.7122 GFlop/s     (591.7122 GFlop/s per process)    14%    3058.7 sec left
CG set 796 / 5315    591.7109 GFlop/s     (591.7109 GFlop/s per process)    14%    3058.0 sec left
CG set 797 / 5315    591.7109 GFlop/s     (591.7109 GFlop/s per process)    14%    3057.3 sec left
CG set 798 / 5315    591.7095 GFlop/s     (591.7095 GFlop/s per process)    15%    3056.6 sec left
CG set 799 / 5315    591.7086 GFlop/s     (591.7086 GFlop/s per process)    15%    3055.9 sec left
CG set 800 / 5315    591.7070 GFlop/s     (591.7070 GFlop/s per process)    15%    3055.3 sec left
CG set 801 / 5315    591.7070 GFlop/s     (591.7070 GFlop/s per process)    15%    3054.6 sec left
CG set 802 / 5315    591.7065 GFlop/s     (591.7065 GFlop/s per process)    15%    3053.9 sec left
CG set 803 / 5315    591.7060 GFlop/s     (591.7060 GFlop/s per process)    15%    3053.2 sec left
CG set 804 / 5315    591.7053 GFlop/s     (591.7053 GFlop/s per process)    15%    3052.5 sec left
CG set 805 / 5315    591.7043 GFlop/s     (591.7043 GFlop/s per process)    15%    3051.8 sec left
CG set 806 / 5315    591.7024 GFlop/s     (591.7024 GFlop/s per process)    15%    3051.2 sec left
CG set 807 / 5315    591.7024 GFlop/s     (591.7024 GFlop/s per process)    15%    3050.5 sec left
CG set 808 / 5315    591.7023 GFlop/s     (591.7023 GFlop/s per process)    15%    3049.8 sec left
CG set 809 / 5315    591.7000 GFlop/s     (591.7000 GFlop/s per process)    15%    3049.1 sec left
CG set 810 / 5315    591.6984 GFlop/s     (591.6984 GFlop/s per process)    15%    3048.4 sec left
CG set 811 / 5315    591.6980 GFlop/s     (591.6980 GFlop/s per process)    15%    3047.8 sec left
CG set 812 / 5315    591.6976 GFlop/s     (591.6976 GFlop/s per process)    15%    3047.1 sec left
CG set 813 / 5315    591.6967 GFlop/s     (591.6967 GFlop/s per process)    15%    3046.4 sec left
CG set 814 / 5315    591.6962 GFlop/s     (591.6962 GFlop/s per process)    15%    3045.7 sec left
CG set 815 / 5315    591.6953 GFlop/s     (591.6953 GFlop/s per process)    15%    3045.0 sec left
CG set 816 / 5315    591.6942 GFlop/s     (591.6942 GFlop/s per process)    15%    3044.3 sec left
CG set 817 / 5315    591.6933 GFlop/s     (591.6933 GFlop/s per process)    15%    3043.7 sec left
CG set 818 / 5315    591.6921 GFlop/s     (591.6921 GFlop/s per process)    15%    3043.0 sec left
CG set 819 / 5315    591.6914 GFlop/s     (591.6914 GFlop/s per process)    15%    3042.3 sec left
CG set 820 / 5315    591.6902 GFlop/s     (591.6902 GFlop/s per process)    15%    3041.6 sec left
CG set 821 / 5315    591.6892 GFlop/s     (591.6892 GFlop/s per process)    15%    3040.9 sec left
CG set 822 / 5315    591.6889 GFlop/s     (591.6889 GFlop/s per process)    15%    3040.3 sec left
CG set 823 / 5315    591.6891 GFlop/s     (591.6891 GFlop/s per process)    15%    3039.6 sec left
CG set 824 / 5315    591.6888 GFlop/s     (591.6888 GFlop/s per process)    15%    3038.9 sec left
CG set 825 / 5315    591.6883 GFlop/s     (591.6883 GFlop/s per process)    15%    3038.2 sec left
CG set 826 / 5315    591.6871 GFlop/s     (591.6871 GFlop/s per process)    15%    3037.5 sec left
CG set 827 / 5315    591.6863 GFlop/s     (591.6863 GFlop/s per process)    15%    3036.8 sec left
CG set 828 / 5315    591.6856 GFlop/s     (591.6856 GFlop/s per process)    15%    3036.2 sec left
CG set 829 / 5315    591.6858 GFlop/s     (591.6858 GFlop/s per process)    15%    3035.5 sec left
CG set 830 / 5315    591.6847 GFlop/s     (591.6847 GFlop/s per process)    15%    3034.8 sec left
CG set 831 / 5315    591.6835 GFlop/s     (591.6835 GFlop/s per process)    15%    3034.1 sec left
CG set 832 / 5315    591.6824 GFlop/s     (591.6824 GFlop/s per process)    15%    3033.4 sec left
CG set 833 / 5315    591.6823 GFlop/s     (591.6823 GFlop/s per process)    15%    3032.8 sec left
CG set 834 / 5315    591.6819 GFlop/s     (591.6819 GFlop/s per process)    15%    3032.1 sec left
CG set 835 / 5315    591.6813 GFlop/s     (591.6813 GFlop/s per process)    15%    3031.4 sec left
CG set 836 / 5315    591.6814 GFlop/s     (591.6814 GFlop/s per process)    15%    3030.7 sec left
CG set 837 / 5315    591.6805 GFlop/s     (591.6805 GFlop/s per process)    15%    3030.0 sec left
CG set 838 / 5315    591.6797 GFlop/s     (591.6797 GFlop/s per process)    15%    3029.4 sec left
CG set 839 / 5315    591.6787 GFlop/s     (591.6787 GFlop/s per process)    15%    3028.7 sec left
CG set 840 / 5315    591.6780 GFlop/s     (591.6780 GFlop/s per process)    15%    3028.0 sec left
CG set 841 / 5315    591.6776 GFlop/s     (591.6776 GFlop/s per process)    15%    3027.3 sec left
CG set 842 / 5315    591.6769 GFlop/s     (591.6769 GFlop/s per process)    15%    3026.6 sec left
CG set 843 / 5315    591.6771 GFlop/s     (591.6771 GFlop/s per process)    15%    3025.9 sec left
CG set 844 / 5315    591.6771 GFlop/s     (591.6771 GFlop/s per process)    15%    3025.3 sec left
CG set 845 / 5315    591.6763 GFlop/s     (591.6763 GFlop/s per process)    15%    3024.6 sec left
CG set 846 / 5315    591.6748 GFlop/s     (591.6748 GFlop/s per process)    15%    3023.9 sec left
CG set 847 / 5315    591.6747 GFlop/s     (591.6747 GFlop/s per process)    15%    3023.2 sec left
CG set 848 / 5315    591.6740 GFlop/s     (591.6740 GFlop/s per process)    15%    3022.5 sec left
CG set 849 / 5315    591.6734 GFlop/s     (591.6734 GFlop/s per process)    15%    3021.9 sec left
CG set 850 / 5315    591.6729 GFlop/s     (591.6729 GFlop/s per process)    15%    3021.2 sec left
CG set 851 / 5315    591.6724 GFlop/s     (591.6724 GFlop/s per process)    16%    3020.5 sec left
CG set 852 / 5315    591.6715 GFlop/s     (591.6715 GFlop/s per process)    16%    3019.8 sec left
CG set 853 / 5315    591.6711 GFlop/s     (591.6711 GFlop/s per process)    16%    3019.1 sec left
CG set 854 / 5315    591.6706 GFlop/s     (591.6706 GFlop/s per process)    16%    3018.4 sec left
CG set 855 / 5315    591.6705 GFlop/s     (591.6705 GFlop/s per process)    16%    3017.8 sec left
CG set 856 / 5315    591.6696 GFlop/s     (591.6696 GFlop/s per process)    16%    3017.1 sec left
CG set 857 / 5315    591.6701 GFlop/s     (591.6701 GFlop/s per process)    16%    3016.4 sec left
CG set 858 / 5315    591.6690 GFlop/s     (591.6690 GFlop/s per process)    16%    3015.7 sec left
CG set 859 / 5315    591.6682 GFlop/s     (591.6682 GFlop/s per process)    16%    3015.0 sec left
CG set 860 / 5315    591.6670 GFlop/s     (591.6670 GFlop/s per process)    16%    3014.4 sec left
CG set 861 / 5315    591.6671 GFlop/s     (591.6671 GFlop/s per process)    16%    3013.7 sec left
CG set 862 / 5315    591.6674 GFlop/s     (591.6674 GFlop/s per process)    16%    3013.0 sec left
CG set 863 / 5315    591.6669 GFlop/s     (591.6669 GFlop/s per process)    16%    3012.3 sec left
CG set 864 / 5315    591.6668 GFlop/s     (591.6668 GFlop/s per process)    16%    3011.6 sec left
CG set 865 / 5315    591.6661 GFlop/s     (591.6661 GFlop/s per process)    16%    3011.0 sec left
CG set 866 / 5315    591.6659 GFlop/s     (591.6659 GFlop/s per process)    16%    3010.3 sec left
CG set 867 / 5315    591.6651 GFlop/s     (591.6651 GFlop/s per process)    16%    3009.6 sec left
CG set 868 / 5315    591.6656 GFlop/s     (591.6656 GFlop/s per process)    16%    3008.9 sec left
CG set 869 / 5315    591.6642 GFlop/s     (591.6642 GFlop/s per process)    16%    3008.2 sec left
CG set 870 / 5315    591.6629 GFlop/s     (591.6629 GFlop/s per process)    16%    3007.5 sec left
CG set 871 / 5315    591.6620 GFlop/s     (591.6620 GFlop/s per process)    16%    3006.9 sec left
CG set 872 / 5315    591.6614 GFlop/s     (591.6614 GFlop/s per process)    16%    3006.2 sec left
CG set 873 / 5315    591.6609 GFlop/s     (591.6609 GFlop/s per process)    16%    3005.5 sec left
CG set 874 / 5315    591.6607 GFlop/s     (591.6607 GFlop/s per process)    16%    3004.8 sec left
CG set 875 / 5315    591.6603 GFlop/s     (591.6603 GFlop/s per process)    16%    3004.1 sec left
CG set 876 / 5315    591.6600 GFlop/s     (591.6600 GFlop/s per process)    16%    3003.5 sec left
CG set 877 / 5315    591.6595 GFlop/s     (591.6595 GFlop/s per process)    16%    3002.8 sec left
CG set 878 / 5315    591.6584 GFlop/s     (591.6584 GFlop/s per process)    16%    3002.1 sec left
CG set 879 / 5315    591.6582 GFlop/s     (591.6582 GFlop/s per process)    16%    3001.4 sec left
CG set 880 / 5315    591.6577 GFlop/s     (591.6577 GFlop/s per process)    16%    3000.7 sec left
CG set 881 / 5315    591.6568 GFlop/s     (591.6568 GFlop/s per process)    16%    3000.0 sec left
CG set 882 / 5315    591.6566 GFlop/s     (591.6566 GFlop/s per process)    16%    2999.4 sec left
CG set 883 / 5315    591.6556 GFlop/s     (591.6556 GFlop/s per process)    16%    2998.7 sec left
CG set 884 / 5315    591.6559 GFlop/s     (591.6559 GFlop/s per process)    16%    2998.0 sec left
CG set 885 / 5315    591.6555 GFlop/s     (591.6555 GFlop/s per process)    16%    2997.3 sec left
CG set 886 / 5315    591.6551 GFlop/s     (591.6551 GFlop/s per process)    16%    2996.6 sec left
CG set 887 / 5315    591.6555 GFlop/s     (591.6555 GFlop/s per process)    16%    2996.0 sec left
CG set 888 / 5315    591.6548 GFlop/s     (591.6548 GFlop/s per process)    16%    2995.3 sec left
CG set 889 / 5315    591.6544 GFlop/s     (591.6544 GFlop/s per process)    16%    2994.6 sec left
CG set 890 / 5315    591.6541 GFlop/s     (591.6541 GFlop/s per process)    16%    2993.9 sec left
CG set 891 / 5315    591.6540 GFlop/s     (591.6540 GFlop/s per process)    16%    2993.2 sec left
CG set 892 / 5315    591.6541 GFlop/s     (591.6541 GFlop/s per process)    16%    2992.6 sec left
CG set 893 / 5315    591.6534 GFlop/s     (591.6534 GFlop/s per process)    16%    2991.9 sec left
CG set 894 / 5315    591.6525 GFlop/s     (591.6525 GFlop/s per process)    16%    2991.2 sec left
CG set 895 / 5315    591.6513 GFlop/s     (591.6513 GFlop/s per process)    16%    2990.5 sec left
CG set 896 / 5315    591.6521 GFlop/s     (591.6521 GFlop/s per process)    16%    2989.8 sec left
CG set 897 / 5315    591.6523 GFlop/s     (591.6523 GFlop/s per process)    16%    2989.1 sec left
CG set 898 / 5315    591.6521 GFlop/s     (591.6521 GFlop/s per process)    16%    2988.5 sec left
CG set 899 / 5315    591.6521 GFlop/s     (591.6521 GFlop/s per process)    16%    2987.8 sec left
CG set 900 / 5315    591.6523 GFlop/s     (591.6523 GFlop/s per process)    16%    2987.1 sec left
CG set 901 / 5315    591.6523 GFlop/s     (591.6523 GFlop/s per process)    16%    2986.4 sec left
CG set 902 / 5315    591.6524 GFlop/s     (591.6524 GFlop/s per process)    16%    2985.7 sec left
CG set 903 / 5315    591.6514 GFlop/s     (591.6514 GFlop/s per process)    16%    2985.1 sec left
CG set 904 / 5315    591.6517 GFlop/s     (591.6517 GFlop/s per process)    17%    2984.4 sec left
CG set 905 / 5315    591.6511 GFlop/s     (591.6511 GFlop/s per process)    17%    2983.7 sec left
CG set 906 / 5315    591.6507 GFlop/s     (591.6507 GFlop/s per process)    17%    2983.0 sec left
CG set 907 / 5315    591.6507 GFlop/s     (591.6507 GFlop/s per process)    17%    2982.3 sec left
CG set 908 / 5315    591.6502 GFlop/s     (591.6502 GFlop/s per process)    17%    2981.7 sec left
CG set 909 / 5315    591.6497 GFlop/s     (591.6497 GFlop/s per process)    17%    2981.0 sec left
CG set 910 / 5315    591.6485 GFlop/s     (591.6485 GFlop/s per process)    17%    2980.3 sec left
CG set 911 / 5315    591.6482 GFlop/s     (591.6482 GFlop/s per process)    17%    2979.6 sec left
CG set 912 / 5315    591.6474 GFlop/s     (591.6474 GFlop/s per process)    17%    2978.9 sec left
CG set 913 / 5315    591.6473 GFlop/s     (591.6473 GFlop/s per process)    17%    2978.2 sec left
CG set 914 / 5315    591.6470 GFlop/s     (591.6470 GFlop/s per process)    17%    2977.6 sec left
CG set 915 / 5315    591.6461 GFlop/s     (591.6461 GFlop/s per process)    17%    2976.9 sec left
CG set 916 / 5315    591.6457 GFlop/s     (591.6457 GFlop/s per process)    17%    2976.2 sec left
CG set 917 / 5315    591.6453 GFlop/s     (591.6453 GFlop/s per process)    17%    2975.5 sec left
CG set 918 / 5315    591.6446 GFlop/s     (591.6446 GFlop/s per process)    17%    2974.8 sec left
CG set 919 / 5315    591.6442 GFlop/s     (591.6442 GFlop/s per process)    17%    2974.2 sec left
CG set 920 / 5315    591.6439 GFlop/s     (591.6439 GFlop/s per process)    17%    2973.5 sec left
CG set 921 / 5315    591.6440 GFlop/s     (591.6440 GFlop/s per process)    17%    2972.8 sec left
CG set 922 / 5315    591.6431 GFlop/s     (591.6431 GFlop/s per process)    17%    2972.1 sec left
CG set 923 / 5315    591.6426 GFlop/s     (591.6426 GFlop/s per process)    17%    2971.4 sec left
CG set 924 / 5315    591.6417 GFlop/s     (591.6417 GFlop/s per process)    17%    2970.7 sec left
CG set 925 / 5315    591.6410 GFlop/s     (591.6410 GFlop/s per process)    17%    2970.1 sec left
CG set 926 / 5315    591.6410 GFlop/s     (591.6410 GFlop/s per process)    17%    2969.4 sec left
CG set 927 / 5315    591.6411 GFlop/s     (591.6411 GFlop/s per process)    17%    2968.7 sec left
CG set 928 / 5315    591.6410 GFlop/s     (591.6410 GFlop/s per process)    17%    2968.0 sec left
CG set 929 / 5315    591.6403 GFlop/s     (591.6403 GFlop/s per process)    17%    2967.3 sec left
CG set 930 / 5315    591.6398 GFlop/s     (591.6398 GFlop/s per process)    17%    2966.7 sec left
CG set 931 / 5315    591.6388 GFlop/s     (591.6388 GFlop/s per process)    17%    2966.0 sec left
CG set 932 / 5315    591.6390 GFlop/s     (591.6390 GFlop/s per process)    17%    2965.3 sec left
CG set 933 / 5315    591.6382 GFlop/s     (591.6382 GFlop/s per process)    17%    2964.6 sec left
CG set 934 / 5315    591.6376 GFlop/s     (591.6376 GFlop/s per process)    17%    2963.9 sec left
CG set 935 / 5315    591.6376 GFlop/s     (591.6376 GFlop/s per process)    17%    2963.3 sec left
CG set 936 / 5315    591.6372 GFlop/s     (591.6372 GFlop/s per process)    17%    2962.6 sec left
CG set 937 / 5315    591.6375 GFlop/s     (591.6375 GFlop/s per process)    17%    2961.9 sec left
CG set 938 / 5315    591.6378 GFlop/s     (591.6378 GFlop/s per process)    17%    2961.2 sec left
CG set 939 / 5315    591.6370 GFlop/s     (591.6370 GFlop/s per process)    17%    2960.5 sec left
CG set 940 / 5315    591.6365 GFlop/s     (591.6365 GFlop/s per process)    17%    2959.8 sec left
CG set 941 / 5315    591.6364 GFlop/s     (591.6364 GFlop/s per process)    17%    2959.2 sec left
CG set 942 / 5315    591.6361 GFlop/s     (591.6361 GFlop/s per process)    17%    2958.5 sec left
CG set 943 / 5315    591.6350 GFlop/s     (591.6350 GFlop/s per process)    17%    2957.8 sec left
CG set 944 / 5315    591.6348 GFlop/s     (591.6348 GFlop/s per process)    17%    2957.1 sec left
CG set 945 / 5315    591.6341 GFlop/s     (591.6341 GFlop/s per process)    17%    2956.4 sec left
CG set 946 / 5315    591.6346 GFlop/s     (591.6346 GFlop/s per process)    17%    2955.8 sec left
CG set 947 / 5315    591.6336 GFlop/s     (591.6336 GFlop/s per process)    17%    2955.1 sec left
CG set 948 / 5315    591.6329 GFlop/s     (591.6329 GFlop/s per process)    17%    2954.4 sec left
CG set 949 / 5315    591.6325 GFlop/s     (591.6325 GFlop/s per process)    17%    2953.7 sec left
CG set 950 / 5315    591.6327 GFlop/s     (591.6327 GFlop/s per process)    17%    2953.0 sec left
CG set 951 / 5315    591.6318 GFlop/s     (591.6318 GFlop/s per process)    17%    2952.3 sec left
CG set 952 / 5315    591.6320 GFlop/s     (591.6320 GFlop/s per process)    17%    2951.7 sec left
CG set 953 / 5315    591.6318 GFlop/s     (591.6318 GFlop/s per process)    17%    2951.0 sec left
CG set 954 / 5315    591.6319 GFlop/s     (591.6319 GFlop/s per process)    17%    2950.3 sec left
CG set 955 / 5315    591.6308 GFlop/s     (591.6308 GFlop/s per process)    17%    2949.6 sec left
CG set 956 / 5315    591.6307 GFlop/s     (591.6307 GFlop/s per process)    17%    2948.9 sec left
CG set 957 / 5315    591.6311 GFlop/s     (591.6311 GFlop/s per process)    18%    2948.3 sec left
CG set 958 / 5315    591.6300 GFlop/s     (591.6300 GFlop/s per process)    18%    2947.6 sec left
CG set 959 / 5315    591.6298 GFlop/s     (591.6298 GFlop/s per process)    18%    2946.9 sec left
CG set 960 / 5315    591.6296 GFlop/s     (591.6296 GFlop/s per process)    18%    2946.2 sec left
CG set 961 / 5315    591.6297 GFlop/s     (591.6297 GFlop/s per process)    18%    2945.5 sec left
CG set 962 / 5315    591.6290 GFlop/s     (591.6290 GFlop/s per process)    18%    2944.9 sec left
CG set 963 / 5315    591.6281 GFlop/s     (591.6281 GFlop/s per process)    18%    2944.2 sec left
CG set 964 / 5315    591.6278 GFlop/s     (591.6278 GFlop/s per process)    18%    2943.5 sec left
CG set 965 / 5315    591.6274 GFlop/s     (591.6274 GFlop/s per process)    18%    2942.8 sec left
CG set 966 / 5315    591.6269 GFlop/s     (591.6269 GFlop/s per process)    18%    2942.1 sec left
CG set 967 / 5315    591.6265 GFlop/s     (591.6265 GFlop/s per process)    18%    2941.4 sec left
CG set 968 / 5315    591.6258 GFlop/s     (591.6258 GFlop/s per process)    18%    2940.8 sec left
CG set 969 / 5315    591.6251 GFlop/s     (591.6251 GFlop/s per process)    18%    2940.1 sec left
CG set 970 / 5315    591.6250 GFlop/s     (591.6250 GFlop/s per process)    18%    2939.4 sec left
CG set 971 / 5315    591.6246 GFlop/s     (591.6246 GFlop/s per process)    18%    2938.7 sec left
CG set 972 / 5315    591.6241 GFlop/s     (591.6241 GFlop/s per process)    18%    2938.0 sec left
CG set 973 / 5315    591.6247 GFlop/s     (591.6247 GFlop/s per process)    18%    2937.4 sec left
CG set 974 / 5315    591.6248 GFlop/s     (591.6248 GFlop/s per process)    18%    2936.7 sec left
CG set 975 / 5315    591.6246 GFlop/s     (591.6246 GFlop/s per process)    18%    2936.0 sec left
CG set 976 / 5315    591.6242 GFlop/s     (591.6242 GFlop/s per process)    18%    2935.3 sec left
CG set 977 / 5315    591.6244 GFlop/s     (591.6244 GFlop/s per process)    18%    2934.6 sec left
CG set 978 / 5315    591.6232 GFlop/s     (591.6232 GFlop/s per process)    18%    2934.0 sec left
CG set 979 / 5315    591.6232 GFlop/s     (591.6232 GFlop/s per process)    18%    2933.3 sec left
CG set 980 / 5315    591.6236 GFlop/s     (591.6236 GFlop/s per process)    18%    2932.6 sec left
CG set 981 / 5315    591.6228 GFlop/s     (591.6228 GFlop/s per process)    18%    2931.9 sec left
CG set 982 / 5315    591.6230 GFlop/s     (591.6230 GFlop/s per process)    18%    2931.2 sec left
CG set 983 / 5315    591.6217 GFlop/s     (591.6217 GFlop/s per process)    18%    2930.5 sec left
CG set 984 / 5315    591.6215 GFlop/s     (591.6215 GFlop/s per process)    18%    2929.9 sec left
CG set 985 / 5315    591.6219 GFlop/s     (591.6219 GFlop/s per process)    18%    2929.2 sec left
CG set 986 / 5315    591.6216 GFlop/s     (591.6216 GFlop/s per process)    18%    2928.5 sec left
CG set 987 / 5315    591.6208 GFlop/s     (591.6208 GFlop/s per process)    18%    2927.8 sec left
CG set 988 / 5315    591.6196 GFlop/s     (591.6196 GFlop/s per process)    18%    2927.1 sec left
CG set 989 / 5315    591.6199 GFlop/s     (591.6199 GFlop/s per process)    18%    2926.5 sec left
CG set 990 / 5315    591.6190 GFlop/s     (591.6190 GFlop/s per process)    18%    2925.8 sec left
CG set 991 / 5315    591.6183 GFlop/s     (591.6183 GFlop/s per process)    18%    2925.1 sec left
CG set 992 / 5315    591.6181 GFlop/s     (591.6181 GFlop/s per process)    18%    2924.4 sec left
CG set 993 / 5315    591.6185 GFlop/s     (591.6185 GFlop/s per process)    18%    2923.7 sec left
CG set 994 / 5315    591.6180 GFlop/s     (591.6180 GFlop/s per process)    18%    2923.0 sec left
CG set 995 / 5315    591.6180 GFlop/s     (591.6180 GFlop/s per process)    18%    2922.4 sec left
CG set 996 / 5315    591.6177 GFlop/s     (591.6177 GFlop/s per process)    18%    2921.7 sec left
CG set 997 / 5315    591.6179 GFlop/s     (591.6179 GFlop/s per process)    18%    2921.0 sec left
CG set 998 / 5315    591.6183 GFlop/s     (591.6183 GFlop/s per process)    18%    2920.3 sec left
CG set 999 / 5315    591.6181 GFlop/s     (591.6181 GFlop/s per process)    18%    2919.6 sec left
CG set 1000 / 5315    591.6180 GFlop/s     (591.6180 GFlop/s per process)    18%    2919.0 sec left
CG set 1001 / 5315    591.6167 GFlop/s     (591.6167 GFlop/s per process)    18%    2918.3 sec left
CG set 1002 / 5315    591.6159 GFlop/s     (591.6159 GFlop/s per process)    18%    2917.6 sec left
CG set 1003 / 5315    591.6152 GFlop/s     (591.6152 GFlop/s per process)    18%    2916.9 sec left
CG set 1004 / 5315    591.6145 GFlop/s     (591.6145 GFlop/s per process)    18%    2916.2 sec left
CG set 1005 / 5315    591.6142 GFlop/s     (591.6142 GFlop/s per process)    18%    2915.6 sec left
CG set 1006 / 5315    591.6136 GFlop/s     (591.6136 GFlop/s per process)    18%    2914.9 sec left
CG set 1007 / 5315    591.6132 GFlop/s     (591.6132 GFlop/s per process)    18%    2914.2 sec left
CG set 1008 / 5315    591.6134 GFlop/s     (591.6134 GFlop/s per process)    18%    2913.5 sec left
CG set 1009 / 5315    591.6128 GFlop/s     (591.6128 GFlop/s per process)    18%    2912.8 sec left
CG set 1010 / 5315    591.6121 GFlop/s     (591.6121 GFlop/s per process)    19%    2912.1 sec left
CG set 1011 / 5315    591.6114 GFlop/s     (591.6114 GFlop/s per process)    19%    2911.5 sec left
CG set 1012 / 5315    591.6113 GFlop/s     (591.6113 GFlop/s per process)    19%    2910.8 sec left
CG set 1013 / 5315    591.6107 GFlop/s     (591.6107 GFlop/s per process)    19%    2910.1 sec left
CG set 1014 / 5315    591.6096 GFlop/s     (591.6096 GFlop/s per process)    19%    2909.4 sec left
CG set 1015 / 5315    591.6098 GFlop/s     (591.6098 GFlop/s per process)    19%    2908.7 sec left
CG set 1016 / 5315    591.6094 GFlop/s     (591.6094 GFlop/s per process)    19%    2908.1 sec left
CG set 1017 / 5315    591.6092 GFlop/s     (591.6092 GFlop/s per process)    19%    2907.4 sec left
CG set 1018 / 5315    591.6091 GFlop/s     (591.6091 GFlop/s per process)    19%    2906.7 sec left
CG set 1019 / 5315    591.6090 GFlop/s     (591.6090 GFlop/s per process)    19%    2906.0 sec left
CG set 1020 / 5315    591.6089 GFlop/s     (591.6089 GFlop/s per process)    19%    2905.3 sec left
CG set 1021 / 5315    591.6092 GFlop/s     (591.6092 GFlop/s per process)    19%    2904.6 sec left
CG set 1022 / 5315    591.6087 GFlop/s     (591.6087 GFlop/s per process)    19%    2904.0 sec left
CG set 1023 / 5315    591.6085 GFlop/s     (591.6085 GFlop/s per process)    19%    2903.3 sec left
CG set 1024 / 5315    591.6083 GFlop/s     (591.6083 GFlop/s per process)    19%    2902.6 sec left
CG set 1025 / 5315    591.6082 GFlop/s     (591.6082 GFlop/s per process)    19%    2901.9 sec left
CG set 1026 / 5315    591.6086 GFlop/s     (591.6086 GFlop/s per process)    19%    2901.2 sec left
CG set 1027 / 5315    591.6078 GFlop/s     (591.6078 GFlop/s per process)    19%    2900.6 sec left
CG set 1028 / 5315    591.6071 GFlop/s     (591.6071 GFlop/s per process)    19%    2899.9 sec left
CG set 1029 / 5315    591.6060 GFlop/s     (591.6060 GFlop/s per process)    19%    2899.2 sec left
CG set 1030 / 5315    591.6060 GFlop/s     (591.6060 GFlop/s per process)    19%    2898.5 sec left
CG set 1031 / 5315    591.6050 GFlop/s     (591.6050 GFlop/s per process)    19%    2897.8 sec left
CG set 1032 / 5315    591.6054 GFlop/s     (591.6054 GFlop/s per process)    19%    2897.2 sec left
CG set 1033 / 5315    591.6049 GFlop/s     (591.6049 GFlop/s per process)    19%    2896.5 sec left
CG set 1034 / 5315    591.6039 GFlop/s     (591.6039 GFlop/s per process)    19%    2895.8 sec left
CG set 1035 / 5315    591.6045 GFlop/s     (591.6045 GFlop/s per process)    19%    2895.1 sec left
CG set 1036 / 5315    591.6043 GFlop/s     (591.6043 GFlop/s per process)    19%    2894.4 sec left
CG set 1037 / 5315    591.6045 GFlop/s     (591.6045 GFlop/s per process)    19%    2893.7 sec left
CG set 1038 / 5315    591.6042 GFlop/s     (591.6042 GFlop/s per process)    19%    2893.1 sec left
CG set 1039 / 5315    591.6038 GFlop/s     (591.6038 GFlop/s per process)    19%    2892.4 sec left
CG set 1040 / 5315    591.6027 GFlop/s     (591.6027 GFlop/s per process)    19%    2891.7 sec left
CG set 1041 / 5315    591.6025 GFlop/s     (591.6025 GFlop/s per process)    19%    2891.0 sec left
CG set 1042 / 5315    591.6014 GFlop/s     (591.6014 GFlop/s per process)    19%    2890.3 sec left
CG set 1043 / 5315    591.6006 GFlop/s     (591.6006 GFlop/s per process)    19%    2889.7 sec left
CG set 1044 / 5315    591.5999 GFlop/s     (591.5999 GFlop/s per process)    19%    2889.0 sec left
CG set 1045 / 5315    591.6003 GFlop/s     (591.6003 GFlop/s per process)    19%    2888.3 sec left
CG set 1046 / 5315    591.5993 GFlop/s     (591.5993 GFlop/s per process)    19%    2887.6 sec left
CG set 1047 / 5315    591.5986 GFlop/s     (591.5986 GFlop/s per process)    19%    2886.9 sec left
CG set 1048 / 5315    591.5983 GFlop/s     (591.5983 GFlop/s per process)    19%    2886.2 sec left
CG set 1049 / 5315    591.5977 GFlop/s     (591.5977 GFlop/s per process)    19%    2885.6 sec left
CG set 1050 / 5315    591.5968 GFlop/s     (591.5968 GFlop/s per process)    19%    2884.9 sec left
CG set 1051 / 5315    591.5967 GFlop/s     (591.5967 GFlop/s per process)    19%    2884.2 sec left
CG set 1052 / 5315    591.5961 GFlop/s     (591.5961 GFlop/s per process)    19%    2883.5 sec left
CG set 1053 / 5315    591.5957 GFlop/s     (591.5957 GFlop/s per process)    19%    2882.8 sec left
CG set 1054 / 5315    591.5957 GFlop/s     (591.5957 GFlop/s per process)    19%    2882.2 sec left
CG set 1055 / 5315    591.5962 GFlop/s     (591.5962 GFlop/s per process)    19%    2881.5 sec left
CG set 1056 / 5315    591.5952 GFlop/s     (591.5952 GFlop/s per process)    19%    2880.8 sec left
CG set 1057 / 5315    591.5942 GFlop/s     (591.5942 GFlop/s per process)    19%    2880.1 sec left
CG set 1058 / 5315    591.5933 GFlop/s     (591.5933 GFlop/s per process)    19%    2879.4 sec left
CG set 1059 / 5315    591.5927 GFlop/s     (591.5927 GFlop/s per process)    19%    2878.7 sec left
CG set 1060 / 5315    591.5926 GFlop/s     (591.5926 GFlop/s per process)    19%    2878.1 sec left
CG set 1061 / 5315    591.5921 GFlop/s     (591.5921 GFlop/s per process)    19%    2877.4 sec left
CG set 1062 / 5315    591.5918 GFlop/s     (591.5918 GFlop/s per process)    19%    2876.7 sec left
CG set 1063 / 5315    591.5918 GFlop/s     (591.5918 GFlop/s per process)    20%    2876.0 sec left
CG set 1064 / 5315    591.5913 GFlop/s     (591.5913 GFlop/s per process)    20%    2875.3 sec left
CG set 1065 / 5315    591.5909 GFlop/s     (591.5909 GFlop/s per process)    20%    2874.7 sec left
CG set 1066 / 5315    591.5896 GFlop/s     (591.5896 GFlop/s per process)    20%    2874.0 sec left
CG set 1067 / 5315    591.5890 GFlop/s     (591.5890 GFlop/s per process)    20%    2873.3 sec left
CG set 1068 / 5315    591.5888 GFlop/s     (591.5888 GFlop/s per process)    20%    2872.6 sec left
CG set 1069 / 5315    591.5886 GFlop/s     (591.5886 GFlop/s per process)    20%    2871.9 sec left
CG set 1070 / 5315    591.5892 GFlop/s     (591.5892 GFlop/s per process)    20%    2871.3 sec left
CG set 1071 / 5315    591.5887 GFlop/s     (591.5887 GFlop/s per process)    20%    2870.6 sec left
CG set 1072 / 5315    591.5883 GFlop/s     (591.5883 GFlop/s per process)    20%    2869.9 sec left
CG set 1073 / 5315    591.5879 GFlop/s     (591.5879 GFlop/s per process)    20%    2869.2 sec left
CG set 1074 / 5315    591.5877 GFlop/s     (591.5877 GFlop/s per process)    20%    2868.5 sec left
CG set 1075 / 5315    591.5875 GFlop/s     (591.5875 GFlop/s per process)    20%    2867.8 sec left
CG set 1076 / 5315    591.5869 GFlop/s     (591.5869 GFlop/s per process)    20%    2867.2 sec left
CG set 1077 / 5315    591.5865 GFlop/s     (591.5865 GFlop/s per process)    20%    2866.5 sec left
CG set 1078 / 5315    591.5858 GFlop/s     (591.5858 GFlop/s per process)    20%    2865.8 sec left
CG set 1079 / 5315    591.5857 GFlop/s     (591.5857 GFlop/s per process)    20%    2865.1 sec left
CG set 1080 / 5315    591.5852 GFlop/s     (591.5852 GFlop/s per process)    20%    2864.4 sec left
CG set 1081 / 5315    591.5854 GFlop/s     (591.5854 GFlop/s per process)    20%    2863.8 sec left
CG set 1082 / 5315    591.5853 GFlop/s     (591.5853 GFlop/s per process)    20%    2863.1 sec left
CG set 1083 / 5315    591.5849 GFlop/s     (591.5849 GFlop/s per process)    20%    2862.4 sec left
CG set 1084 / 5315    591.5850 GFlop/s     (591.5850 GFlop/s per process)    20%    2861.7 sec left
CG set 1085 / 5315    591.5846 GFlop/s     (591.5846 GFlop/s per process)    20%    2861.0 sec left
CG set 1086 / 5315    591.5852 GFlop/s     (591.5852 GFlop/s per process)    20%    2860.4 sec left
CG set 1087 / 5315    591.5847 GFlop/s     (591.5847 GFlop/s per process)    20%    2859.7 sec left
CG set 1088 / 5315    591.5853 GFlop/s     (591.5853 GFlop/s per process)    20%    2859.0 sec left
CG set 1089 / 5315    591.5844 GFlop/s     (591.5844 GFlop/s per process)    20%    2858.3 sec left
CG set 1090 / 5315    591.5838 GFlop/s     (591.5838 GFlop/s per process)    20%    2857.6 sec left
CG set 1091 / 5315    591.5842 GFlop/s     (591.5842 GFlop/s per process)    20%    2856.9 sec left
CG set 1092 / 5315    591.5836 GFlop/s     (591.5836 GFlop/s per process)    20%    2856.3 sec left
CG set 1093 / 5315    591.5830 GFlop/s     (591.5830 GFlop/s per process)    20%    2855.6 sec left
CG set 1094 / 5315    591.5827 GFlop/s     (591.5827 GFlop/s per process)    20%    2854.9 sec left
CG set 1095 / 5315    591.5823 GFlop/s     (591.5823 GFlop/s per process)    20%    2854.2 sec left
CG set 1096 / 5315    591.5819 GFlop/s     (591.5819 GFlop/s per process)    20%    2853.5 sec left
CG set 1097 / 5315    591.5817 GFlop/s     (591.5817 GFlop/s per process)    20%    2852.9 sec left
CG set 1098 / 5315    591.5807 GFlop/s     (591.5807 GFlop/s per process)    20%    2852.2 sec left
CG set 1099 / 5315    591.5797 GFlop/s     (591.5797 GFlop/s per process)    20%    2851.5 sec left
CG set 1100 / 5315    591.5792 GFlop/s     (591.5792 GFlop/s per process)    20%    2850.8 sec left
CG set 1101 / 5315    591.5786 GFlop/s     (591.5786 GFlop/s per process)    20%    2850.1 sec left
CG set 1102 / 5315    591.5784 GFlop/s     (591.5784 GFlop/s per process)    20%    2849.4 sec left
CG set 1103 / 5315    591.5786 GFlop/s     (591.5786 GFlop/s per process)    20%    2848.8 sec left
CG set 1104 / 5315    591.5788 GFlop/s     (591.5788 GFlop/s per process)    20%    2848.1 sec left
CG set 1105 / 5315    591.5781 GFlop/s     (591.5781 GFlop/s per process)    20%    2847.4 sec left
CG set 1106 / 5315    591.5771 GFlop/s     (591.5771 GFlop/s per process)    20%    2846.7 sec left
CG set 1107 / 5315    591.5769 GFlop/s     (591.5769 GFlop/s per process)    20%    2846.0 sec left
CG set 1108 / 5315    591.5767 GFlop/s     (591.5767 GFlop/s per process)    20%    2845.4 sec left
CG set 1109 / 5315    591.5758 GFlop/s     (591.5758 GFlop/s per process)    20%    2844.7 sec left
CG set 1110 / 5315    591.5754 GFlop/s     (591.5754 GFlop/s per process)    20%    2844.0 sec left
CG set 1111 / 5315    591.5754 GFlop/s     (591.5754 GFlop/s per process)    20%    2843.3 sec left
CG set 1112 / 5315    591.5748 GFlop/s     (591.5748 GFlop/s per process)    20%    2842.6 sec left
CG set 1113 / 5315    591.5744 GFlop/s     (591.5744 GFlop/s per process)    20%    2841.9 sec left
CG set 1114 / 5315    591.5737 GFlop/s     (591.5737 GFlop/s per process)    20%    2841.3 sec left
CG set 1115 / 5315    591.5736 GFlop/s     (591.5736 GFlop/s per process)    20%    2840.6 sec left
CG set 1116 / 5315    591.5729 GFlop/s     (591.5729 GFlop/s per process)    20%    2839.9 sec left
CG set 1117 / 5315    591.5726 GFlop/s     (591.5726 GFlop/s per process)    21%    2839.2 sec left
CG set 1118 / 5315    591.5718 GFlop/s     (591.5718 GFlop/s per process)    21%    2838.5 sec left
CG set 1119 / 5315    591.5716 GFlop/s     (591.5716 GFlop/s per process)    21%    2837.9 sec left
CG set 1120 / 5315    591.5717 GFlop/s     (591.5717 GFlop/s per process)    21%    2837.2 sec left
CG set 1121 / 5315    591.5713 GFlop/s     (591.5713 GFlop/s per process)    21%    2836.5 sec left
CG set 1122 / 5315    591.5707 GFlop/s     (591.5707 GFlop/s per process)    21%    2835.8 sec left
CG set 1123 / 5315    591.5706 GFlop/s     (591.5706 GFlop/s per process)    21%    2835.1 sec left
CG set 1124 / 5315    591.5702 GFlop/s     (591.5702 GFlop/s per process)    21%    2834.5 sec left
CG set 1125 / 5315    591.5700 GFlop/s     (591.5700 GFlop/s per process)    21%    2833.8 sec left
CG set 1126 / 5315    591.5695 GFlop/s     (591.5695 GFlop/s per process)    21%    2833.1 sec left
CG set 1127 / 5315    591.5689 GFlop/s     (591.5689 GFlop/s per process)    21%    2832.4 sec left
CG set 1128 / 5315    591.5695 GFlop/s     (591.5695 GFlop/s per process)    21%    2831.7 sec left
CG set 1129 / 5315    591.5686 GFlop/s     (591.5686 GFlop/s per process)    21%    2831.0 sec left
CG set 1130 / 5315    591.5677 GFlop/s     (591.5677 GFlop/s per process)    21%    2830.4 sec left
CG set 1131 / 5315    591.5683 GFlop/s     (591.5683 GFlop/s per process)    21%    2829.7 sec left
CG set 1132 / 5315    591.5680 GFlop/s     (591.5680 GFlop/s per process)    21%    2829.0 sec left
CG set 1133 / 5315    591.5678 GFlop/s     (591.5678 GFlop/s per process)    21%    2828.3 sec left
CG set 1134 / 5315    591.5672 GFlop/s     (591.5672 GFlop/s per process)    21%    2827.6 sec left
CG set 1135 / 5315    591.5674 GFlop/s     (591.5674 GFlop/s per process)    21%    2827.0 sec left
CG set 1136 / 5315    591.5670 GFlop/s     (591.5670 GFlop/s per process)    21%    2826.3 sec left
CG set 1137 / 5315    591.5668 GFlop/s     (591.5668 GFlop/s per process)    21%    2825.6 sec left
CG set 1138 / 5315    591.5661 GFlop/s     (591.5661 GFlop/s per process)    21%    2824.9 sec left
CG set 1139 / 5315    591.5659 GFlop/s     (591.5659 GFlop/s per process)    21%    2824.2 sec left
CG set 1140 / 5315    591.5664 GFlop/s     (591.5664 GFlop/s per process)    21%    2823.5 sec left
CG set 1141 / 5315    591.5662 GFlop/s     (591.5662 GFlop/s per process)    21%    2822.9 sec left
CG set 1142 / 5315    591.5662 GFlop/s     (591.5662 GFlop/s per process)    21%    2822.2 sec left
CG set 1143 / 5315    591.5654 GFlop/s     (591.5654 GFlop/s per process)    21%    2821.5 sec left
CG set 1144 / 5315    591.5652 GFlop/s     (591.5652 GFlop/s per process)    21%    2820.8 sec left
CG set 1145 / 5315    591.5648 GFlop/s     (591.5648 GFlop/s per process)    21%    2820.1 sec left
CG set 1146 / 5315    591.5646 GFlop/s     (591.5646 GFlop/s per process)    21%    2819.5 sec left
CG set 1147 / 5315    591.5644 GFlop/s     (591.5644 GFlop/s per process)    21%    2818.8 sec left
CG set 1148 / 5315    591.5646 GFlop/s     (591.5646 GFlop/s per process)    21%    2818.1 sec left
CG set 1149 / 5315    591.5647 GFlop/s     (591.5647 GFlop/s per process)    21%    2817.4 sec left
CG set 1150 / 5315    591.5641 GFlop/s     (591.5641 GFlop/s per process)    21%    2816.7 sec left
CG set 1151 / 5315    591.5641 GFlop/s     (591.5641 GFlop/s per process)    21%    2816.1 sec left
CG set 1152 / 5315    591.5634 GFlop/s     (591.5634 GFlop/s per process)    21%    2815.4 sec left
CG set 1153 / 5315    591.5636 GFlop/s     (591.5636 GFlop/s per process)    21%    2814.7 sec left
CG set 1154 / 5315    591.5636 GFlop/s     (591.5636 GFlop/s per process)    21%    2814.0 sec left
CG set 1155 / 5315    591.5635 GFlop/s     (591.5635 GFlop/s per process)    21%    2813.3 sec left
CG set 1156 / 5315    591.5639 GFlop/s     (591.5639 GFlop/s per process)    21%    2812.6 sec left
CG set 1157 / 5315    591.5628 GFlop/s     (591.5628 GFlop/s per process)    21%    2812.0 sec left
CG set 1158 / 5315    591.5631 GFlop/s     (591.5631 GFlop/s per process)    21%    2811.3 sec left
CG set 1159 / 5315    591.5629 GFlop/s     (591.5629 GFlop/s per process)    21%    2810.6 sec left
CG set 1160 / 5315    591.5619 GFlop/s     (591.5619 GFlop/s per process)    21%    2809.9 sec left
CG set 1161 / 5315    591.5615 GFlop/s     (591.5615 GFlop/s per process)    21%    2809.2 sec left
CG set 1162 / 5315    591.5610 GFlop/s     (591.5610 GFlop/s per process)    21%    2808.6 sec left
CG set 1163 / 5315    591.5612 GFlop/s     (591.5612 GFlop/s per process)    21%    2807.9 sec left
CG set 1164 / 5315    591.5606 GFlop/s     (591.5606 GFlop/s per process)    21%    2807.2 sec left
CG set 1165 / 5315    591.5607 GFlop/s     (591.5607 GFlop/s per process)    21%    2806.5 sec left
CG set 1166 / 5315    591.5603 GFlop/s     (591.5603 GFlop/s per process)    21%    2805.8 sec left
CG set 1167 / 5315    591.5603 GFlop/s     (591.5603 GFlop/s per process)    21%    2805.2 sec left
CG set 1168 / 5315    591.5602 GFlop/s     (591.5602 GFlop/s per process)    21%    2804.5 sec left
CG set 1169 / 5315    591.5602 GFlop/s     (591.5602 GFlop/s per process)    21%    2803.8 sec left
CG set 1170 / 5315    591.5599 GFlop/s     (591.5599 GFlop/s per process)    22%    2803.1 sec left
CG set 1171 / 5315    591.5597 GFlop/s     (591.5597 GFlop/s per process)    22%    2802.4 sec left
CG set 1172 / 5315    591.5593 GFlop/s     (591.5593 GFlop/s per process)    22%    2801.7 sec left
CG set 1173 / 5315    591.5588 GFlop/s     (591.5588 GFlop/s per process)    22%    2801.1 sec left
CG set 1174 / 5315    591.5592 GFlop/s     (591.5592 GFlop/s per process)    22%    2800.4 sec left
CG set 1175 / 5315    591.5588 GFlop/s     (591.5588 GFlop/s per process)    22%    2799.7 sec left
CG set 1176 / 5315    591.5585 GFlop/s     (591.5585 GFlop/s per process)    22%    2799.0 sec left
CG set 1177 / 5315    591.5588 GFlop/s     (591.5588 GFlop/s per process)    22%    2798.3 sec left
CG set 1178 / 5315    591.5591 GFlop/s     (591.5591 GFlop/s per process)    22%    2797.7 sec left
CG set 1179 / 5315    591.5588 GFlop/s     (591.5588 GFlop/s per process)    22%    2797.0 sec left
CG set 1180 / 5315    591.5588 GFlop/s     (591.5588 GFlop/s per process)    22%    2796.3 sec left
CG set 1181 / 5315    591.5584 GFlop/s     (591.5584 GFlop/s per process)    22%    2795.6 sec left
CG set 1182 / 5315    591.5574 GFlop/s     (591.5574 GFlop/s per process)    22%    2794.9 sec left
CG set 1183 / 5315    591.5568 GFlop/s     (591.5568 GFlop/s per process)    22%    2794.2 sec left
CG set 1184 / 5315    591.5562 GFlop/s     (591.5562 GFlop/s per process)    22%    2793.6 sec left
CG set 1185 / 5315    591.5560 GFlop/s     (591.5560 GFlop/s per process)    22%    2792.9 sec left
CG set 1186 / 5315    591.5564 GFlop/s     (591.5564 GFlop/s per process)    22%    2792.2 sec left
CG set 1187 / 5315    591.5563 GFlop/s     (591.5563 GFlop/s per process)    22%    2791.5 sec left
CG set 1188 / 5315    591.5559 GFlop/s     (591.5559 GFlop/s per process)    22%    2790.8 sec left
CG set 1189 / 5315    591.5556 GFlop/s     (591.5556 GFlop/s per process)    22%    2790.2 sec left
CG set 1190 / 5315    591.5555 GFlop/s     (591.5555 GFlop/s per process)    22%    2789.5 sec left
CG set 1191 / 5315    591.5552 GFlop/s     (591.5552 GFlop/s per process)    22%    2788.8 sec left
CG set 1192 / 5315    591.5546 GFlop/s     (591.5546 GFlop/s per process)    22%    2788.1 sec left
CG set 1193 / 5315    591.5549 GFlop/s     (591.5549 GFlop/s per process)    22%    2787.4 sec left
CG set 1194 / 5315    591.5548 GFlop/s     (591.5548 GFlop/s per process)    22%    2786.8 sec left
CG set 1195 / 5315    591.5547 GFlop/s     (591.5547 GFlop/s per process)    22%    2786.1 sec left
CG set 1196 / 5315    591.5552 GFlop/s     (591.5552 GFlop/s per process)    22%    2785.4 sec left
CG set 1197 / 5315    591.5545 GFlop/s     (591.5545 GFlop/s per process)    22%    2784.7 sec left
CG set 1198 / 5315    591.5543 GFlop/s     (591.5543 GFlop/s per process)    22%    2784.0 sec left
CG set 1199 / 5315    591.5539 GFlop/s     (591.5539 GFlop/s per process)    22%    2783.3 sec left
CG set 1200 / 5315    591.5527 GFlop/s     (591.5527 GFlop/s per process)    22%    2782.7 sec left
CG set 1201 / 5315    591.5527 GFlop/s     (591.5527 GFlop/s per process)    22%    2782.0 sec left
CG set 1202 / 5315    591.5517 GFlop/s     (591.5517 GFlop/s per process)    22%    2781.3 sec left
CG set 1203 / 5315    591.5516 GFlop/s     (591.5516 GFlop/s per process)    22%    2780.6 sec left
CG set 1204 / 5315    591.5516 GFlop/s     (591.5516 GFlop/s per process)    22%    2779.9 sec left
CG set 1205 / 5315    591.5514 GFlop/s     (591.5514 GFlop/s per process)    22%    2779.3 sec left
CG set 1206 / 5315    591.5512 GFlop/s     (591.5512 GFlop/s per process)    22%    2778.6 sec left
CG set 1207 / 5315    591.5509 GFlop/s     (591.5509 GFlop/s per process)    22%    2777.9 sec left
CG set 1208 / 5315    591.5507 GFlop/s     (591.5507 GFlop/s per process)    22%    2777.2 sec left
CG set 1209 / 5315    591.5502 GFlop/s     (591.5502 GFlop/s per process)    22%    2776.5 sec left
CG set 1210 / 5315    591.5497 GFlop/s     (591.5497 GFlop/s per process)    22%    2775.8 sec left
CG set 1211 / 5315    591.5497 GFlop/s     (591.5497 GFlop/s per process)    22%    2775.2 sec left
CG set 1212 / 5315    591.5495 GFlop/s     (591.5495 GFlop/s per process)    22%    2774.5 sec left
CG set 1213 / 5315    591.5497 GFlop/s     (591.5497 GFlop/s per process)    22%    2773.8 sec left
CG set 1214 / 5315    591.5491 GFlop/s     (591.5491 GFlop/s per process)    22%    2773.1 sec left
CG set 1215 / 5315    591.5489 GFlop/s     (591.5489 GFlop/s per process)    22%    2772.4 sec left
CG set 1216 / 5315    591.5483 GFlop/s     (591.5483 GFlop/s per process)    22%    2771.8 sec left
CG set 1217 / 5315    591.5485 GFlop/s     (591.5485 GFlop/s per process)    22%    2771.1 sec left
CG set 1218 / 5315    591.5489 GFlop/s     (591.5489 GFlop/s per process)    22%    2770.4 sec left
CG set 1219 / 5315    591.5480 GFlop/s     (591.5480 GFlop/s per process)    22%    2769.7 sec left
CG set 1220 / 5315    591.5475 GFlop/s     (591.5475 GFlop/s per process)    22%    2769.0 sec left
CG set 1221 / 5315    591.5469 GFlop/s     (591.5469 GFlop/s per process)    22%    2768.4 sec left
CG set 1222 / 5315    591.5464 GFlop/s     (591.5464 GFlop/s per process)    22%    2767.7 sec left
CG set 1223 / 5315    591.5461 GFlop/s     (591.5461 GFlop/s per process)    23%    2767.0 sec left
CG set 1224 / 5315    591.5462 GFlop/s     (591.5462 GFlop/s per process)    23%    2766.3 sec left
CG set 1225 / 5315    591.5463 GFlop/s     (591.5463 GFlop/s per process)    23%    2765.6 sec left
CG set 1226 / 5315    591.5465 GFlop/s     (591.5465 GFlop/s per process)    23%    2764.9 sec left
CG set 1227 / 5315    591.5461 GFlop/s     (591.5461 GFlop/s per process)    23%    2764.3 sec left
CG set 1228 / 5315    591.5454 GFlop/s     (591.5454 GFlop/s per process)    23%    2763.6 sec left
CG set 1229 / 5315    591.5448 GFlop/s     (591.5448 GFlop/s per process)    23%    2762.9 sec left
CG set 1230 / 5315    591.5446 GFlop/s     (591.5446 GFlop/s per process)    23%    2762.2 sec left
CG set 1231 / 5315    591.5444 GFlop/s     (591.5444 GFlop/s per process)    23%    2761.5 sec left
CG set 1232 / 5315    591.5438 GFlop/s     (591.5438 GFlop/s per process)    23%    2760.9 sec left
CG set 1233 / 5315    591.5437 GFlop/s     (591.5437 GFlop/s per process)    23%    2760.2 sec left
CG set 1234 / 5315    591.5434 GFlop/s     (591.5434 GFlop/s per process)    23%    2759.5 sec left
CG set 1235 / 5315    591.5440 GFlop/s     (591.5440 GFlop/s per process)    23%    2758.8 sec left
CG set 1236 / 5315    591.5438 GFlop/s     (591.5438 GFlop/s per process)    23%    2758.1 sec left
CG set 1237 / 5315    591.5436 GFlop/s     (591.5436 GFlop/s per process)    23%    2757.4 sec left
CG set 1238 / 5315    591.5431 GFlop/s     (591.5431 GFlop/s per process)    23%    2756.8 sec left
CG set 1239 / 5315    591.5430 GFlop/s     (591.5430 GFlop/s per process)    23%    2756.1 sec left
CG set 1240 / 5315    591.5422 GFlop/s     (591.5422 GFlop/s per process)    23%    2755.4 sec left
CG set 1241 / 5315    591.5417 GFlop/s     (591.5417 GFlop/s per process)    23%    2754.7 sec left
CG set 1242 / 5315    591.5407 GFlop/s     (591.5407 GFlop/s per process)    23%    2754.0 sec left
CG set 1243 / 5315    591.5396 GFlop/s     (591.5396 GFlop/s per process)    23%    2753.4 sec left
CG set 1244 / 5315    591.5390 GFlop/s     (591.5390 GFlop/s per process)    23%    2752.7 sec left
CG set 1245 / 5315    591.5386 GFlop/s     (591.5386 GFlop/s per process)    23%    2752.0 sec left
CG set 1246 / 5315    591.5383 GFlop/s     (591.5383 GFlop/s per process)    23%    2751.3 sec left
CG set 1247 / 5315    591.5377 GFlop/s     (591.5377 GFlop/s per process)    23%    2750.6 sec left
CG set 1248 / 5315    591.5376 GFlop/s     (591.5376 GFlop/s per process)    23%    2749.9 sec left
CG set 1249 / 5315    591.5373 GFlop/s     (591.5373 GFlop/s per process)    23%    2749.3 sec left
CG set 1250 / 5315    591.5363 GFlop/s     (591.5363 GFlop/s per process)    23%    2748.6 sec left
CG set 1251 / 5315    591.5355 GFlop/s     (591.5355 GFlop/s per process)    23%    2747.9 sec left
CG set 1252 / 5315    591.5348 GFlop/s     (591.5348 GFlop/s per process)    23%    2747.2 sec left
CG set 1253 / 5315    591.5338 GFlop/s     (591.5338 GFlop/s per process)    23%    2746.5 sec left
CG set 1254 / 5315    591.5335 GFlop/s     (591.5335 GFlop/s per process)    23%    2745.9 sec left
CG set 1255 / 5315    591.5333 GFlop/s     (591.5333 GFlop/s per process)    23%    2745.2 sec left
CG set 1256 / 5315    591.5332 GFlop/s     (591.5332 GFlop/s per process)    23%    2744.5 sec left
CG set 1257 / 5315    591.5334 GFlop/s     (591.5334 GFlop/s per process)    23%    2743.8 sec left
CG set 1258 / 5315    591.5329 GFlop/s     (591.5329 GFlop/s per process)    23%    2743.1 sec left
CG set 1259 / 5315    591.5325 GFlop/s     (591.5325 GFlop/s per process)    23%    2742.4 sec left
CG set 1260 / 5315    591.5318 GFlop/s     (591.5318 GFlop/s per process)    23%    2741.8 sec left
CG set 1261 / 5315    591.5315 GFlop/s     (591.5315 GFlop/s per process)    23%    2741.1 sec left
CG set 1262 / 5315    591.5315 GFlop/s     (591.5315 GFlop/s per process)    23%    2740.4 sec left
CG set 1263 / 5315    591.5317 GFlop/s     (591.5317 GFlop/s per process)    23%    2739.7 sec left
CG set 1264 / 5315    591.5309 GFlop/s     (591.5309 GFlop/s per process)    23%    2739.0 sec left
CG set 1265 / 5315    591.5305 GFlop/s     (591.5305 GFlop/s per process)    23%    2738.4 sec left
CG set 1266 / 5315    591.5302 GFlop/s     (591.5302 GFlop/s per process)    23%    2737.7 sec left
CG set 1267 / 5315    591.5295 GFlop/s     (591.5295 GFlop/s per process)    23%    2737.0 sec left
CG set 1268 / 5315    591.5285 GFlop/s     (591.5285 GFlop/s per process)    23%    2736.3 sec left
CG set 1269 / 5315    591.5287 GFlop/s     (591.5287 GFlop/s per process)    23%    2735.6 sec left
CG set 1270 / 5315    591.5288 GFlop/s     (591.5288 GFlop/s per process)    23%    2734.9 sec left
CG set 1271 / 5315    591.5284 GFlop/s     (591.5284 GFlop/s per process)    23%    2734.3 sec left
CG set 1272 / 5315    591.5280 GFlop/s     (591.5280 GFlop/s per process)    23%    2733.6 sec left
CG set 1273 / 5315    591.5276 GFlop/s     (591.5276 GFlop/s per process)    23%    2732.9 sec left
CG set 1274 / 5315    591.5273 GFlop/s     (591.5273 GFlop/s per process)    23%    2732.2 sec left
CG set 1275 / 5315    591.5263 GFlop/s     (591.5263 GFlop/s per process)    23%    2731.5 sec left
CG set 1276 / 5315    591.5251 GFlop/s     (591.5251 GFlop/s per process)    24%    2730.9 sec left
CG set 1277 / 5315    591.5257 GFlop/s     (591.5257 GFlop/s per process)    24%    2730.2 sec left
CG set 1278 / 5315    591.5249 GFlop/s     (591.5249 GFlop/s per process)    24%    2729.5 sec left
CG set 1279 / 5315    591.5244 GFlop/s     (591.5244 GFlop/s per process)    24%    2728.8 sec left
CG set 1280 / 5315    591.5240 GFlop/s     (591.5240 GFlop/s per process)    24%    2728.1 sec left
CG set 1281 / 5315    591.5234 GFlop/s     (591.5234 GFlop/s per process)    24%    2727.4 sec left
CG set 1282 / 5315    591.5231 GFlop/s     (591.5231 GFlop/s per process)    24%    2726.8 sec left
CG set 1283 / 5315    591.5229 GFlop/s     (591.5229 GFlop/s per process)    24%    2726.1 sec left
CG set 1284 / 5315    591.5228 GFlop/s     (591.5228 GFlop/s per process)    24%    2725.4 sec left
CG set 1285 / 5315    591.5216 GFlop/s     (591.5216 GFlop/s per process)    24%    2724.7 sec left
CG set 1286 / 5315    591.5210 GFlop/s     (591.5210 GFlop/s per process)    24%    2724.0 sec left
CG set 1287 / 5315    591.5212 GFlop/s     (591.5212 GFlop/s per process)    24%    2723.4 sec left
CG set 1288 / 5315    591.5210 GFlop/s     (591.5210 GFlop/s per process)    24%    2722.7 sec left
CG set 1289 / 5315    591.5202 GFlop/s     (591.5202 GFlop/s per process)    24%    2722.0 sec left
CG set 1290 / 5315    591.5197 GFlop/s     (591.5197 GFlop/s per process)    24%    2721.3 sec left
CG set 1291 / 5315    591.5196 GFlop/s     (591.5196 GFlop/s per process)    24%    2720.6 sec left
CG set 1292 / 5315    591.5195 GFlop/s     (591.5195 GFlop/s per process)    24%    2720.0 sec left
CG set 1293 / 5315    591.5192 GFlop/s     (591.5192 GFlop/s per process)    24%    2719.3 sec left
CG set 1294 / 5315    591.5191 GFlop/s     (591.5191 GFlop/s per process)    24%    2718.6 sec left
CG set 1295 / 5315    591.5191 GFlop/s     (591.5191 GFlop/s per process)    24%    2717.9 sec left
CG set 1296 / 5315    591.5190 GFlop/s     (591.5190 GFlop/s per process)    24%    2717.2 sec left
CG set 1297 / 5315    591.5184 GFlop/s     (591.5184 GFlop/s per process)    24%    2716.5 sec left
CG set 1298 / 5315    591.5182 GFlop/s     (591.5182 GFlop/s per process)    24%    2715.9 sec left
CG set 1299 / 5315    591.5178 GFlop/s     (591.5178 GFlop/s per process)    24%    2715.2 sec left
CG set 1300 / 5315    591.5166 GFlop/s     (591.5166 GFlop/s per process)    24%    2714.5 sec left
CG set 1301 / 5315    591.5169 GFlop/s     (591.5169 GFlop/s per process)    24%    2713.8 sec left
CG set 1302 / 5315    591.5168 GFlop/s     (591.5168 GFlop/s per process)    24%    2713.1 sec left
CG set 1303 / 5315    591.5160 GFlop/s     (591.5160 GFlop/s per process)    24%    2712.5 sec left
CG set 1304 / 5315    591.5160 GFlop/s     (591.5160 GFlop/s per process)    24%    2711.8 sec left
CG set 1305 / 5315    591.5160 GFlop/s     (591.5160 GFlop/s per process)    24%    2711.1 sec left
CG set 1306 / 5315    591.5152 GFlop/s     (591.5152 GFlop/s per process)    24%    2710.4 sec left
CG set 1307 / 5315    591.5150 GFlop/s     (591.5150 GFlop/s per process)    24%    2709.7 sec left
CG set 1308 / 5315    591.5147 GFlop/s     (591.5147 GFlop/s per process)    24%    2709.0 sec left
CG set 1309 / 5315    591.5138 GFlop/s     (591.5138 GFlop/s per process)    24%    2708.4 sec left
CG set 1310 / 5315    591.5132 GFlop/s     (591.5132 GFlop/s per process)    24%    2707.7 sec left
CG set 1311 / 5315    591.5132 GFlop/s     (591.5132 GFlop/s per process)    24%    2707.0 sec left
CG set 1312 / 5315    591.5122 GFlop/s     (591.5122 GFlop/s per process)    24%    2706.3 sec left
CG set 1313 / 5315    591.5119 GFlop/s     (591.5119 GFlop/s per process)    24%    2705.6 sec left
CG set 1314 / 5315    591.5112 GFlop/s     (591.5112 GFlop/s per process)    24%    2705.0 sec left
CG set 1315 / 5315    591.5109 GFlop/s     (591.5109 GFlop/s per process)    24%    2704.3 sec left
CG set 1316 / 5315    591.5103 GFlop/s     (591.5103 GFlop/s per process)    24%    2703.6 sec left
CG set 1317 / 5315    591.5099 GFlop/s     (591.5099 GFlop/s per process)    24%    2702.9 sec left
CG set 1318 / 5315    591.5092 GFlop/s     (591.5092 GFlop/s per process)    24%    2702.2 sec left
CG set 1319 / 5315    591.5092 GFlop/s     (591.5092 GFlop/s per process)    24%    2701.5 sec left
CG set 1320 / 5315    591.5096 GFlop/s     (591.5096 GFlop/s per process)    24%    2700.9 sec left
CG set 1321 / 5315    591.5091 GFlop/s     (591.5091 GFlop/s per process)    24%    2700.2 sec left
CG set 1322 / 5315    591.5088 GFlop/s     (591.5088 GFlop/s per process)    24%    2699.5 sec left
CG set 1323 / 5315    591.5085 GFlop/s     (591.5085 GFlop/s per process)    24%    2698.8 sec left
CG set 1324 / 5315    591.5084 GFlop/s     (591.5084 GFlop/s per process)    24%    2698.1 sec left
CG set 1325 / 5315    591.5079 GFlop/s     (591.5079 GFlop/s per process)    24%    2697.5 sec left
CG set 1326 / 5315    591.5077 GFlop/s     (591.5077 GFlop/s per process)    24%    2696.8 sec left
CG set 1327 / 5315    591.5076 GFlop/s     (591.5076 GFlop/s per process)    24%    2696.1 sec left
CG set 1328 / 5315    591.5077 GFlop/s     (591.5077 GFlop/s per process)    24%    2695.4 sec left
CG set 1329 / 5315    591.5073 GFlop/s     (591.5073 GFlop/s per process)    25%    2694.7 sec left
CG set 1330 / 5315    591.5070 GFlop/s     (591.5070 GFlop/s per process)    25%    2694.0 sec left
CG set 1331 / 5315    591.5067 GFlop/s     (591.5067 GFlop/s per process)    25%    2693.4 sec left
CG set 1332 / 5315    591.5064 GFlop/s     (591.5064 GFlop/s per process)    25%    2692.7 sec left
CG set 1333 / 5315    591.5057 GFlop/s     (591.5057 GFlop/s per process)    25%    2692.0 sec left
CG set 1334 / 5315    591.5059 GFlop/s     (591.5059 GFlop/s per process)    25%    2691.3 sec left
CG set 1335 / 5315    591.5056 GFlop/s     (591.5056 GFlop/s per process)    25%    2690.6 sec left
CG set 1336 / 5315    591.5050 GFlop/s     (591.5050 GFlop/s per process)    25%    2690.0 sec left
CG set 1337 / 5315    591.5046 GFlop/s     (591.5046 GFlop/s per process)    25%    2689.3 sec left
CG set 1338 / 5315    591.5043 GFlop/s     (591.5043 GFlop/s per process)    25%    2688.6 sec left
CG set 1339 / 5315    591.5041 GFlop/s     (591.5041 GFlop/s per process)    25%    2687.9 sec left
CG set 1340 / 5315    591.5041 GFlop/s     (591.5041 GFlop/s per process)    25%    2687.2 sec left
CG set 1341 / 5315    591.5041 GFlop/s     (591.5041 GFlop/s per process)    25%    2686.6 sec left
CG set 1342 / 5315    591.5035 GFlop/s     (591.5035 GFlop/s per process)    25%    2685.9 sec left
CG set 1343 / 5315    591.5034 GFlop/s     (591.5034 GFlop/s per process)    25%    2685.2 sec left
CG set 1344 / 5315    591.5032 GFlop/s     (591.5032 GFlop/s per process)    25%    2684.5 sec left
CG set 1345 / 5315    591.5032 GFlop/s     (591.5032 GFlop/s per process)    25%    2683.8 sec left
CG set 1346 / 5315    591.5029 GFlop/s     (591.5029 GFlop/s per process)    25%    2683.1 sec left
CG set 1347 / 5315    591.5025 GFlop/s     (591.5025 GFlop/s per process)    25%    2682.5 sec left
CG set 1348 / 5315    591.5019 GFlop/s     (591.5019 GFlop/s per process)    25%    2681.8 sec left
CG set 1349 / 5315    591.5017 GFlop/s     (591.5017 GFlop/s per process)    25%    2681.1 sec left
CG set 1350 / 5315    591.5011 GFlop/s     (591.5011 GFlop/s per process)    25%    2680.4 sec left
CG set 1351 / 5315    591.5010 GFlop/s     (591.5010 GFlop/s per process)    25%    2679.7 sec left
CG set 1352 / 5315    591.5006 GFlop/s     (591.5006 GFlop/s per process)    25%    2679.1 sec left
CG set 1353 / 5315    591.5002 GFlop/s     (591.5002 GFlop/s per process)    25%    2678.4 sec left
CG set 1354 / 5315    591.5001 GFlop/s     (591.5001 GFlop/s per process)    25%    2677.7 sec left
CG set 1355 / 5315    591.4999 GFlop/s     (591.4999 GFlop/s per process)    25%    2677.0 sec left
CG set 1356 / 5315    591.4997 GFlop/s     (591.4997 GFlop/s per process)    25%    2676.3 sec left
CG set 1357 / 5315    591.4992 GFlop/s     (591.4992 GFlop/s per process)    25%    2675.6 sec left
CG set 1358 / 5315    591.4986 GFlop/s     (591.4986 GFlop/s per process)    25%    2675.0 sec left
CG set 1359 / 5315    591.4981 GFlop/s     (591.4981 GFlop/s per process)    25%    2674.3 sec left
CG set 1360 / 5315    591.4978 GFlop/s     (591.4978 GFlop/s per process)    25%    2673.6 sec left
CG set 1361 / 5315    591.4978 GFlop/s     (591.4978 GFlop/s per process)    25%    2672.9 sec left
CG set 1362 / 5315    591.4973 GFlop/s     (591.4973 GFlop/s per process)    25%    2672.2 sec left
CG set 1363 / 5315    591.4968 GFlop/s     (591.4968 GFlop/s per process)    25%    2671.6 sec left
CG set 1364 / 5315    591.4965 GFlop/s     (591.4965 GFlop/s per process)    25%    2670.9 sec left
CG set 1365 / 5315    591.4963 GFlop/s     (591.4963 GFlop/s per process)    25%    2670.2 sec left
CG set 1366 / 5315    591.4959 GFlop/s     (591.4959 GFlop/s per process)    25%    2669.5 sec left
CG set 1367 / 5315    591.4955 GFlop/s     (591.4955 GFlop/s per process)    25%    2668.8 sec left
CG set 1368 / 5315    591.4951 GFlop/s     (591.4951 GFlop/s per process)    25%    2668.1 sec left
CG set 1369 / 5315    591.4952 GFlop/s     (591.4952 GFlop/s per process)    25%    2667.5 sec left
CG set 1370 / 5315    591.4952 GFlop/s     (591.4952 GFlop/s per process)    25%    2666.8 sec left
CG set 1371 / 5315    591.4949 GFlop/s     (591.4949 GFlop/s per process)    25%    2666.1 sec left
CG set 1372 / 5315    591.4943 GFlop/s     (591.4943 GFlop/s per process)    25%    2665.4 sec left
CG set 1373 / 5315    591.4943 GFlop/s     (591.4943 GFlop/s per process)    25%    2664.7 sec left
CG set 1374 / 5315    591.4938 GFlop/s     (591.4938 GFlop/s per process)    25%    2664.1 sec left
CG set 1375 / 5315    591.4932 GFlop/s     (591.4932 GFlop/s per process)    25%    2663.4 sec left
CG set 1376 / 5315    591.4926 GFlop/s     (591.4926 GFlop/s per process)    25%    2662.7 sec left
CG set 1377 / 5315    591.4926 GFlop/s     (591.4926 GFlop/s per process)    25%    2662.0 sec left
CG set 1378 / 5315    591.4927 GFlop/s     (591.4927 GFlop/s per process)    25%    2661.3 sec left
CG set 1379 / 5315    591.4915 GFlop/s     (591.4915 GFlop/s per process)    25%    2660.6 sec left
CG set 1380 / 5315    591.4916 GFlop/s     (591.4916 GFlop/s per process)    25%    2660.0 sec left
CG set 1381 / 5315    591.4911 GFlop/s     (591.4911 GFlop/s per process)    25%    2659.3 sec left
CG set 1382 / 5315    591.4904 GFlop/s     (591.4904 GFlop/s per process)    26%    2658.6 sec left
CG set 1383 / 5315    591.4903 GFlop/s     (591.4903 GFlop/s per process)    26%    2657.9 sec left
CG set 1384 / 5315    591.4903 GFlop/s     (591.4903 GFlop/s per process)    26%    2657.2 sec left
CG set 1385 / 5315    591.4900 GFlop/s     (591.4900 GFlop/s per process)    26%    2656.6 sec left
CG set 1386 / 5315    591.4901 GFlop/s     (591.4901 GFlop/s per process)    26%    2655.9 sec left
CG set 1387 / 5315    591.4898 GFlop/s     (591.4898 GFlop/s per process)    26%    2655.2 sec left
CG set 1388 / 5315    591.4896 GFlop/s     (591.4896 GFlop/s per process)    26%    2654.5 sec left
CG set 1389 / 5315    591.4892 GFlop/s     (591.4892 GFlop/s per process)    26%    2653.8 sec left
CG set 1390 / 5315    591.4886 GFlop/s     (591.4886 GFlop/s per process)    26%    2653.1 sec left
CG set 1391 / 5315    591.4888 GFlop/s     (591.4888 GFlop/s per process)    26%    2652.5 sec left
CG set 1392 / 5315    591.4889 GFlop/s     (591.4889 GFlop/s per process)    26%    2651.8 sec left
CG set 1393 / 5315    591.4885 GFlop/s     (591.4885 GFlop/s per process)    26%    2651.1 sec left
CG set 1394 / 5315    591.4886 GFlop/s     (591.4886 GFlop/s per process)    26%    2650.4 sec left
CG set 1395 / 5315    591.4883 GFlop/s     (591.4883 GFlop/s per process)    26%    2649.7 sec left
CG set 1396 / 5315    591.4880 GFlop/s     (591.4880 GFlop/s per process)    26%    2649.1 sec left
CG set 1397 / 5315    591.4876 GFlop/s     (591.4876 GFlop/s per process)    26%    2648.4 sec left
CG set 1398 / 5315    591.4879 GFlop/s     (591.4879 GFlop/s per process)    26%    2647.7 sec left
CG set 1399 / 5315    591.4872 GFlop/s     (591.4872 GFlop/s per process)    26%    2647.0 sec left
CG set 1400 / 5315    591.4874 GFlop/s     (591.4874 GFlop/s per process)    26%    2646.3 sec left
CG set 1401 / 5315    591.4869 GFlop/s     (591.4869 GFlop/s per process)    26%    2645.7 sec left
CG set 1402 / 5315    591.4861 GFlop/s     (591.4861 GFlop/s per process)    26%    2645.0 sec left
CG set 1403 / 5315    591.4860 GFlop/s     (591.4860 GFlop/s per process)    26%    2644.3 sec left
CG set 1404 / 5315    591.4864 GFlop/s     (591.4864 GFlop/s per process)    26%    2643.6 sec left
CG set 1405 / 5315    591.4862 GFlop/s     (591.4862 GFlop/s per process)    26%    2642.9 sec left
CG set 1406 / 5315    591.4855 GFlop/s     (591.4855 GFlop/s per process)    26%    2642.2 sec left
CG set 1407 / 5315    591.4853 GFlop/s     (591.4853 GFlop/s per process)    26%    2641.6 sec left
CG set 1408 / 5315    591.4850 GFlop/s     (591.4850 GFlop/s per process)    26%    2640.9 sec left
CG set 1409 / 5315    591.4851 GFlop/s     (591.4851 GFlop/s per process)    26%    2640.2 sec left
CG set 1410 / 5315    591.4845 GFlop/s     (591.4845 GFlop/s per process)    26%    2639.5 sec left
CG set 1411 / 5315    591.4844 GFlop/s     (591.4844 GFlop/s per process)    26%    2638.8 sec left
CG set 1412 / 5315    591.4840 GFlop/s     (591.4840 GFlop/s per process)    26%    2638.2 sec left
CG set 1413 / 5315    591.4840 GFlop/s     (591.4840 GFlop/s per process)    26%    2637.5 sec left
CG set 1414 / 5315    591.4836 GFlop/s     (591.4836 GFlop/s per process)    26%    2636.8 sec left
CG set 1415 / 5315    591.4835 GFlop/s     (591.4835 GFlop/s per process)    26%    2636.1 sec left
CG set 1416 / 5315    591.4833 GFlop/s     (591.4833 GFlop/s per process)    26%    2635.4 sec left
CG set 1417 / 5315    591.4831 GFlop/s     (591.4831 GFlop/s per process)    26%    2634.7 sec left
CG set 1418 / 5315    591.4827 GFlop/s     (591.4827 GFlop/s per process)    26%    2634.1 sec left
CG set 1419 / 5315    591.4827 GFlop/s     (591.4827 GFlop/s per process)    26%    2633.4 sec left
CG set 1420 / 5315    591.4827 GFlop/s     (591.4827 GFlop/s per process)    26%    2632.7 sec left
CG set 1421 / 5315    591.4825 GFlop/s     (591.4825 GFlop/s per process)    26%    2632.0 sec left
CG set 1422 / 5315    591.4821 GFlop/s     (591.4821 GFlop/s per process)    26%    2631.3 sec left
CG set 1423 / 5315    591.4816 GFlop/s     (591.4816 GFlop/s per process)    26%    2630.7 sec left
CG set 1424 / 5315    591.4812 GFlop/s     (591.4812 GFlop/s per process)    26%    2630.0 sec left
CG set 1425 / 5315    591.4808 GFlop/s     (591.4808 GFlop/s per process)    26%    2629.3 sec left
CG set 1426 / 5315    591.4807 GFlop/s     (591.4807 GFlop/s per process)    26%    2628.6 sec left
CG set 1427 / 5315    591.4802 GFlop/s     (591.4802 GFlop/s per process)    26%    2627.9 sec left
CG set 1428 / 5315    591.4803 GFlop/s     (591.4803 GFlop/s per process)    26%    2627.2 sec left
CG set 1429 / 5315    591.4794 GFlop/s     (591.4794 GFlop/s per process)    26%    2626.6 sec left
CG set 1430 / 5315    591.4792 GFlop/s     (591.4792 GFlop/s per process)    26%    2625.9 sec left
CG set 1431 / 5315    591.4790 GFlop/s     (591.4790 GFlop/s per process)    26%    2625.2 sec left
CG set 1432 / 5315    591.4787 GFlop/s     (591.4787 GFlop/s per process)    26%    2624.5 sec left
CG set 1433 / 5315    591.4785 GFlop/s     (591.4785 GFlop/s per process)    26%    2623.8 sec left
CG set 1434 / 5315    591.4786 GFlop/s     (591.4786 GFlop/s per process)    26%    2623.2 sec left
CG set 1435 / 5315    591.4786 GFlop/s     (591.4786 GFlop/s per process)    26%    2622.5 sec left
CG set 1436 / 5315    591.4781 GFlop/s     (591.4781 GFlop/s per process)    27%    2621.8 sec left
CG set 1437 / 5315    591.4782 GFlop/s     (591.4782 GFlop/s per process)    27%    2621.1 sec left
CG set 1438 / 5315    591.4778 GFlop/s     (591.4778 GFlop/s per process)    27%    2620.4 sec left
CG set 1439 / 5315    591.4777 GFlop/s     (591.4777 GFlop/s per process)    27%    2619.8 sec left
CG set 1440 / 5315    591.4777 GFlop/s     (591.4777 GFlop/s per process)    27%    2619.1 sec left
CG set 1441 / 5315    591.4770 GFlop/s     (591.4770 GFlop/s per process)    27%    2618.4 sec left
CG set 1442 / 5315    591.4769 GFlop/s     (591.4769 GFlop/s per process)    27%    2617.7 sec left
CG set 1443 / 5315    591.4761 GFlop/s     (591.4761 GFlop/s per process)    27%    2617.0 sec left
CG set 1444 / 5315    591.4756 GFlop/s     (591.4756 GFlop/s per process)    27%    2616.3 sec left
CG set 1445 / 5315    591.4755 GFlop/s     (591.4755 GFlop/s per process)    27%    2615.7 sec left
CG set 1446 / 5315    591.4746 GFlop/s     (591.4746 GFlop/s per process)    27%    2615.0 sec left
CG set 1447 / 5315    591.4742 GFlop/s     (591.4742 GFlop/s per process)    27%    2614.3 sec left
CG set 1448 / 5315    591.4739 GFlop/s     (591.4739 GFlop/s per process)    27%    2613.6 sec left
CG set 1449 / 5315    591.4739 GFlop/s     (591.4739 GFlop/s per process)    27%    2612.9 sec left
CG set 1450 / 5315    591.4735 GFlop/s     (591.4735 GFlop/s per process)    27%    2612.3 sec left
CG set 1451 / 5315    591.4732 GFlop/s     (591.4732 GFlop/s per process)    27%    2611.6 sec left
CG set 1452 / 5315    591.4728 GFlop/s     (591.4728 GFlop/s per process)    27%    2610.9 sec left
CG set 1453 / 5315    591.4730 GFlop/s     (591.4730 GFlop/s per process)    27%    2610.2 sec left
CG set 1454 / 5315    591.4722 GFlop/s     (591.4722 GFlop/s per process)    27%    2609.5 sec left
CG set 1455 / 5315    591.4724 GFlop/s     (591.4724 GFlop/s per process)    27%    2608.8 sec left
CG set 1456 / 5315    591.4724 GFlop/s     (591.4724 GFlop/s per process)    27%    2608.2 sec left
CG set 1457 / 5315    591.4726 GFlop/s     (591.4726 GFlop/s per process)    27%    2607.5 sec left
CG set 1458 / 5315    591.4725 GFlop/s     (591.4725 GFlop/s per process)    27%    2606.8 sec left
CG set 1459 / 5315    591.4726 GFlop/s     (591.4726 GFlop/s per process)    27%    2606.1 sec left
CG set 1460 / 5315    591.4720 GFlop/s     (591.4720 GFlop/s per process)    27%    2605.4 sec left
CG set 1461 / 5315    591.4723 GFlop/s     (591.4723 GFlop/s per process)    27%    2604.8 sec left
CG set 1462 / 5315    591.4722 GFlop/s     (591.4722 GFlop/s per process)    27%    2604.1 sec left
CG set 1463 / 5315    591.4717 GFlop/s     (591.4717 GFlop/s per process)    27%    2603.4 sec left
CG set 1464 / 5315    591.4719 GFlop/s     (591.4719 GFlop/s per process)    27%    2602.7 sec left
CG set 1465 / 5315    591.4715 GFlop/s     (591.4715 GFlop/s per process)    27%    2602.0 sec left
CG set 1466 / 5315    591.4711 GFlop/s     (591.4711 GFlop/s per process)    27%    2601.3 sec left
CG set 1467 / 5315    591.4710 GFlop/s     (591.4710 GFlop/s per process)    27%    2600.7 sec left
CG set 1468 / 5315    591.4705 GFlop/s     (591.4705 GFlop/s per process)    27%    2600.0 sec left
CG set 1469 / 5315    591.4698 GFlop/s     (591.4698 GFlop/s per process)    27%    2599.3 sec left
CG set 1470 / 5315    591.4692 GFlop/s     (591.4692 GFlop/s per process)    27%    2598.6 sec left
CG set 1471 / 5315    591.4688 GFlop/s     (591.4688 GFlop/s per process)    27%    2597.9 sec left
CG set 1472 / 5315    591.4681 GFlop/s     (591.4681 GFlop/s per process)    27%    2597.3 sec left
CG set 1473 / 5315    591.4681 GFlop/s     (591.4681 GFlop/s per process)    27%    2596.6 sec left
CG set 1474 / 5315    591.4681 GFlop/s     (591.4681 GFlop/s per process)    27%    2595.9 sec left
CG set 1475 / 5315    591.4678 GFlop/s     (591.4678 GFlop/s per process)    27%    2595.2 sec left
CG set 1476 / 5315    591.4678 GFlop/s     (591.4678 GFlop/s per process)    27%    2594.5 sec left
CG set 1477 / 5315    591.4679 GFlop/s     (591.4679 GFlop/s per process)    27%    2593.8 sec left
CG set 1478 / 5315    591.4674 GFlop/s     (591.4674 GFlop/s per process)    27%    2593.2 sec left
CG set 1479 / 5315    591.4673 GFlop/s     (591.4673 GFlop/s per process)    27%    2592.5 sec left
CG set 1480 / 5315    591.4674 GFlop/s     (591.4674 GFlop/s per process)    27%    2591.8 sec left
CG set 1481 / 5315    591.4668 GFlop/s     (591.4668 GFlop/s per process)    27%    2591.1 sec left
CG set 1482 / 5315    591.4670 GFlop/s     (591.4670 GFlop/s per process)    27%    2590.4 sec left
CG set 1483 / 5315    591.4671 GFlop/s     (591.4671 GFlop/s per process)    27%    2589.8 sec left
CG set 1484 / 5315    591.4664 GFlop/s     (591.4664 GFlop/s per process)    27%    2589.1 sec left
CG set 1485 / 5315    591.4670 GFlop/s     (591.4670 GFlop/s per process)    27%    2588.4 sec left
CG set 1486 / 5315    591.4670 GFlop/s     (591.4670 GFlop/s per process)    27%    2587.7 sec left
CG set 1487 / 5315    591.4670 GFlop/s     (591.4670 GFlop/s per process)    27%    2587.0 sec left
CG set 1488 / 5315    591.4670 GFlop/s     (591.4670 GFlop/s per process)    27%    2586.4 sec left
CG set 1489 / 5315    591.4665 GFlop/s     (591.4665 GFlop/s per process)    28%    2585.7 sec left
CG set 1490 / 5315    591.4667 GFlop/s     (591.4667 GFlop/s per process)    28%    2585.0 sec left
CG set 1491 / 5315    591.4669 GFlop/s     (591.4669 GFlop/s per process)    28%    2584.3 sec left
CG set 1492 / 5315    591.4663 GFlop/s     (591.4663 GFlop/s per process)    28%    2583.6 sec left
CG set 1493 / 5315    591.4664 GFlop/s     (591.4664 GFlop/s per process)    28%    2582.9 sec left
CG set 1494 / 5315    591.4666 GFlop/s     (591.4666 GFlop/s per process)    28%    2582.3 sec left
CG set 1495 / 5315    591.4665 GFlop/s     (591.4665 GFlop/s per process)    28%    2581.6 sec left
CG set 1496 / 5315    591.4661 GFlop/s     (591.4661 GFlop/s per process)    28%    2580.9 sec left
CG set 1497 / 5315    591.4659 GFlop/s     (591.4659 GFlop/s per process)    28%    2580.2 sec left
CG set 1498 / 5315    591.4661 GFlop/s     (591.4661 GFlop/s per process)    28%    2579.5 sec left
CG set 1499 / 5315    591.4660 GFlop/s     (591.4660 GFlop/s per process)    28%    2578.9 sec left
CG set 1500 / 5315    591.4658 GFlop/s     (591.4658 GFlop/s per process)    28%    2578.2 sec left
CG set 1501 / 5315    591.4650 GFlop/s     (591.4650 GFlop/s per process)    28%    2577.5 sec left
CG set 1502 / 5315    591.4648 GFlop/s     (591.4648 GFlop/s per process)    28%    2576.8 sec left
CG set 1503 / 5315    591.4646 GFlop/s     (591.4646 GFlop/s per process)    28%    2576.1 sec left
CG set 1504 / 5315    591.4642 GFlop/s     (591.4642 GFlop/s per process)    28%    2575.4 sec left
CG set 1505 / 5315    591.4643 GFlop/s     (591.4643 GFlop/s per process)    28%    2574.8 sec left
CG set 1506 / 5315    591.4643 GFlop/s     (591.4643 GFlop/s per process)    28%    2574.1 sec left
CG set 1507 / 5315    591.4641 GFlop/s     (591.4641 GFlop/s per process)    28%    2573.4 sec left
CG set 1508 / 5315    591.4645 GFlop/s     (591.4645 GFlop/s per process)    28%    2572.7 sec left
CG set 1509 / 5315    591.4644 GFlop/s     (591.4644 GFlop/s per process)    28%    2572.0 sec left
CG set 1510 / 5315    591.4641 GFlop/s     (591.4641 GFlop/s per process)    28%    2571.4 sec left
CG set 1511 / 5315    591.4641 GFlop/s     (591.4641 GFlop/s per process)    28%    2570.7 sec left
CG set 1512 / 5315    591.4638 GFlop/s     (591.4638 GFlop/s per process)    28%    2570.0 sec left
CG set 1513 / 5315    591.4635 GFlop/s     (591.4635 GFlop/s per process)    28%    2569.3 sec left
CG set 1514 / 5315    591.4634 GFlop/s     (591.4634 GFlop/s per process)    28%    2568.6 sec left
CG set 1515 / 5315    591.4633 GFlop/s     (591.4633 GFlop/s per process)    28%    2568.0 sec left
CG set 1516 / 5315    591.4629 GFlop/s     (591.4629 GFlop/s per process)    28%    2567.3 sec left
CG set 1517 / 5315    591.4625 GFlop/s     (591.4625 GFlop/s per process)    28%    2566.6 sec left
CG set 1518 / 5315    591.4620 GFlop/s     (591.4620 GFlop/s per process)    28%    2565.9 sec left
CG set 1519 / 5315    591.4621 GFlop/s     (591.4621 GFlop/s per process)    28%    2565.2 sec left
CG set 1520 / 5315    591.4621 GFlop/s     (591.4621 GFlop/s per process)    28%    2564.5 sec left
CG set 1521 / 5315    591.4622 GFlop/s     (591.4622 GFlop/s per process)    28%    2563.9 sec left
CG set 1522 / 5315    591.4619 GFlop/s     (591.4619 GFlop/s per process)    28%    2563.2 sec left
CG set 1523 / 5315    591.4619 GFlop/s     (591.4619 GFlop/s per process)    28%    2562.5 sec left
CG set 1524 / 5315    591.4620 GFlop/s     (591.4620 GFlop/s per process)    28%    2561.8 sec left
CG set 1525 / 5315    591.4615 GFlop/s     (591.4615 GFlop/s per process)    28%    2561.1 sec left
CG set 1526 / 5315    591.4609 GFlop/s     (591.4609 GFlop/s per process)    28%    2560.5 sec left
CG set 1527 / 5315    591.4613 GFlop/s     (591.4613 GFlop/s per process)    28%    2559.8 sec left
CG set 1528 / 5315    591.4615 GFlop/s     (591.4615 GFlop/s per process)    28%    2559.1 sec left
CG set 1529 / 5315    591.4611 GFlop/s     (591.4611 GFlop/s per process)    28%    2558.4 sec left
CG set 1530 / 5315    591.4609 GFlop/s     (591.4609 GFlop/s per process)    28%    2557.7 sec left
CG set 1531 / 5315    591.4602 GFlop/s     (591.4602 GFlop/s per process)    28%    2557.0 sec left
CG set 1532 / 5315    591.4597 GFlop/s     (591.4597 GFlop/s per process)    28%    2556.4 sec left
CG set 1533 / 5315    591.4593 GFlop/s     (591.4593 GFlop/s per process)    28%    2555.7 sec left
CG set 1534 / 5315    591.4594 GFlop/s     (591.4594 GFlop/s per process)    28%    2555.0 sec left
CG set 1535 / 5315    591.4592 GFlop/s     (591.4592 GFlop/s per process)    28%    2554.3 sec left
CG set 1536 / 5315    591.4585 GFlop/s     (591.4585 GFlop/s per process)    28%    2553.6 sec left
CG set 1537 / 5315    591.4580 GFlop/s     (591.4580 GFlop/s per process)    28%    2553.0 sec left
CG set 1538 / 5315    591.4577 GFlop/s     (591.4577 GFlop/s per process)    28%    2552.3 sec left
CG set 1539 / 5315    591.4580 GFlop/s     (591.4580 GFlop/s per process)    28%    2551.6 sec left
CG set 1540 / 5315    591.4584 GFlop/s     (591.4584 GFlop/s per process)    28%    2550.9 sec left
CG set 1541 / 5315    591.4581 GFlop/s     (591.4581 GFlop/s per process)    28%    2550.2 sec left
CG set 1542 / 5315    591.4587 GFlop/s     (591.4587 GFlop/s per process)    29%    2549.6 sec left
CG set 1543 / 5315    591.4584 GFlop/s     (591.4584 GFlop/s per process)    29%    2548.9 sec left
CG set 1544 / 5315    591.4584 GFlop/s     (591.4584 GFlop/s per process)    29%    2548.2 sec left
CG set 1545 / 5315    591.4581 GFlop/s     (591.4581 GFlop/s per process)    29%    2547.5 sec left
CG set 1546 / 5315    591.4576 GFlop/s     (591.4576 GFlop/s per process)    29%    2546.8 sec left
CG set 1547 / 5315    591.4574 GFlop/s     (591.4574 GFlop/s per process)    29%    2546.1 sec left
CG set 1548 / 5315    591.4569 GFlop/s     (591.4569 GFlop/s per process)    29%    2545.5 sec left
CG set 1549 / 5315    591.4567 GFlop/s     (591.4567 GFlop/s per process)    29%    2544.8 sec left
CG set 1550 / 5315    591.4565 GFlop/s     (591.4565 GFlop/s per process)    29%    2544.1 sec left
CG set 1551 / 5315    591.4562 GFlop/s     (591.4562 GFlop/s per process)    29%    2543.4 sec left
CG set 1552 / 5315    591.4561 GFlop/s     (591.4561 GFlop/s per process)    29%    2542.7 sec left
CG set 1553 / 5315    591.4557 GFlop/s     (591.4557 GFlop/s per process)    29%    2542.1 sec left
CG set 1554 / 5315    591.4551 GFlop/s     (591.4551 GFlop/s per process)    29%    2541.4 sec left
CG set 1555 / 5315    591.4551 GFlop/s     (591.4551 GFlop/s per process)    29%    2540.7 sec left
CG set 1556 / 5315    591.4542 GFlop/s     (591.4542 GFlop/s per process)    29%    2540.0 sec left
CG set 1557 / 5315    591.4544 GFlop/s     (591.4544 GFlop/s per process)    29%    2539.3 sec left
CG set 1558 / 5315    591.4542 GFlop/s     (591.4542 GFlop/s per process)    29%    2538.6 sec left
CG set 1559 / 5315    591.4542 GFlop/s     (591.4542 GFlop/s per process)    29%    2538.0 sec left
CG set 1560 / 5315    591.4541 GFlop/s     (591.4541 GFlop/s per process)    29%    2537.3 sec left
CG set 1561 / 5315    591.4539 GFlop/s     (591.4539 GFlop/s per process)    29%    2536.6 sec left
CG set 1562 / 5315    591.4536 GFlop/s     (591.4536 GFlop/s per process)    29%    2535.9 sec left
CG set 1563 / 5315    591.4539 GFlop/s     (591.4539 GFlop/s per process)    29%    2535.2 sec left
CG set 1564 / 5315    591.4539 GFlop/s     (591.4539 GFlop/s per process)    29%    2534.6 sec left
CG set 1565 / 5315    591.4541 GFlop/s     (591.4541 GFlop/s per process)    29%    2533.9 sec left
CG set 1566 / 5315    591.4540 GFlop/s     (591.4540 GFlop/s per process)    29%    2533.2 sec left
CG set 1567 / 5315    591.4542 GFlop/s     (591.4542 GFlop/s per process)    29%    2532.5 sec left
CG set 1568 / 5315    591.4540 GFlop/s     (591.4540 GFlop/s per process)    29%    2531.8 sec left
CG set 1569 / 5315    591.4539 GFlop/s     (591.4539 GFlop/s per process)    29%    2531.2 sec left
CG set 1570 / 5315    591.4533 GFlop/s     (591.4533 GFlop/s per process)    29%    2530.5 sec left
CG set 1571 / 5315    591.4529 GFlop/s     (591.4529 GFlop/s per process)    29%    2529.8 sec left
CG set 1572 / 5315    591.4523 GFlop/s     (591.4523 GFlop/s per process)    29%    2529.1 sec left
CG set 1573 / 5315    591.4522 GFlop/s     (591.4522 GFlop/s per process)    29%    2528.4 sec left
CG set 1574 / 5315    591.4519 GFlop/s     (591.4519 GFlop/s per process)    29%    2527.7 sec left
CG set 1575 / 5315    591.4517 GFlop/s     (591.4517 GFlop/s per process)    29%    2527.1 sec left
CG set 1576 / 5315    591.4516 GFlop/s     (591.4516 GFlop/s per process)    29%    2526.4 sec left
CG set 1577 / 5315    591.4515 GFlop/s     (591.4515 GFlop/s per process)    29%    2525.7 sec left
CG set 1578 / 5315    591.4517 GFlop/s     (591.4517 GFlop/s per process)    29%    2525.0 sec left
CG set 1579 / 5315    591.4515 GFlop/s     (591.4515 GFlop/s per process)    29%    2524.3 sec left
CG set 1580 / 5315    591.4513 GFlop/s     (591.4513 GFlop/s per process)    29%    2523.7 sec left
CG set 1581 / 5315    591.4512 GFlop/s     (591.4512 GFlop/s per process)    29%    2523.0 sec left
CG set 1582 / 5315    591.4511 GFlop/s     (591.4511 GFlop/s per process)    29%    2522.3 sec left
CG set 1583 / 5315    591.4506 GFlop/s     (591.4506 GFlop/s per process)    29%    2521.6 sec left
CG set 1584 / 5315    591.4506 GFlop/s     (591.4506 GFlop/s per process)    29%    2520.9 sec left
CG set 1585 / 5315    591.4509 GFlop/s     (591.4509 GFlop/s per process)    29%    2520.2 sec left
CG set 1586 / 5315    591.4504 GFlop/s     (591.4504 GFlop/s per process)    29%    2519.6 sec left
CG set 1587 / 5315    591.4504 GFlop/s     (591.4504 GFlop/s per process)    29%    2518.9 sec left
CG set 1588 / 5315    591.4502 GFlop/s     (591.4502 GFlop/s per process)    29%    2518.2 sec left
CG set 1589 / 5315    591.4500 GFlop/s     (591.4500 GFlop/s per process)    29%    2517.5 sec left
CG set 1590 / 5315    591.4496 GFlop/s     (591.4496 GFlop/s per process)    29%    2516.8 sec left
CG set 1591 / 5315    591.4491 GFlop/s     (591.4491 GFlop/s per process)    29%    2516.2 sec left
CG set 1592 / 5315    591.4490 GFlop/s     (591.4490 GFlop/s per process)    29%    2515.5 sec left
CG set 1593 / 5315    591.4489 GFlop/s     (591.4489 GFlop/s per process)    29%    2514.8 sec left
CG set 1594 / 5315    591.4489 GFlop/s     (591.4489 GFlop/s per process)    29%    2514.1 sec left
CG set 1595 / 5315    591.4489 GFlop/s     (591.4489 GFlop/s per process)    30%    2513.4 sec left
CG set 1596 / 5315    591.4482 GFlop/s     (591.4482 GFlop/s per process)    30%    2512.7 sec left
CG set 1597 / 5315    591.4478 GFlop/s     (591.4478 GFlop/s per process)    30%    2512.1 sec left
CG set 1598 / 5315    591.4471 GFlop/s     (591.4471 GFlop/s per process)    30%    2511.4 sec left
CG set 1599 / 5315    591.4465 GFlop/s     (591.4465 GFlop/s per process)    30%    2510.7 sec left
CG set 1600 / 5315    591.4462 GFlop/s     (591.4462 GFlop/s per process)    30%    2510.0 sec left
CG set 1601 / 5315    591.4461 GFlop/s     (591.4461 GFlop/s per process)    30%    2509.3 sec left
CG set 1602 / 5315    591.4463 GFlop/s     (591.4463 GFlop/s per process)    30%    2508.7 sec left
CG set 1603 / 5315    591.4460 GFlop/s     (591.4460 GFlop/s per process)    30%    2508.0 sec left
CG set 1604 / 5315    591.4459 GFlop/s     (591.4459 GFlop/s per process)    30%    2507.3 sec left
CG set 1605 / 5315    591.4460 GFlop/s     (591.4460 GFlop/s per process)    30%    2506.6 sec left
CG set 1606 / 5315    591.4458 GFlop/s     (591.4458 GFlop/s per process)    30%    2505.9 sec left
CG set 1607 / 5315    591.4460 GFlop/s     (591.4460 GFlop/s per process)    30%    2505.2 sec left
CG set 1608 / 5315    591.4454 GFlop/s     (591.4454 GFlop/s per process)    30%    2504.6 sec left
CG set 1609 / 5315    591.4455 GFlop/s     (591.4455 GFlop/s per process)    30%    2503.9 sec left
CG set 1610 / 5315    591.4451 GFlop/s     (591.4451 GFlop/s per process)    30%    2503.2 sec left
CG set 1611 / 5315    591.4449 GFlop/s     (591.4449 GFlop/s per process)    30%    2502.5 sec left
CG set 1612 / 5315    591.4444 GFlop/s     (591.4444 GFlop/s per process)    30%    2501.8 sec left
CG set 1613 / 5315    591.4445 GFlop/s     (591.4445 GFlop/s per process)    30%    2501.2 sec left
CG set 1614 / 5315    591.4444 GFlop/s     (591.4444 GFlop/s per process)    30%    2500.5 sec left
CG set 1615 / 5315    591.4440 GFlop/s     (591.4440 GFlop/s per process)    30%    2499.8 sec left
CG set 1616 / 5315    591.4434 GFlop/s     (591.4434 GFlop/s per process)    30%    2499.1 sec left
CG set 1617 / 5315    591.4433 GFlop/s     (591.4433 GFlop/s per process)    30%    2498.4 sec left
CG set 1618 / 5315    591.4435 GFlop/s     (591.4435 GFlop/s per process)    30%    2497.8 sec left
CG set 1619 / 5315    591.4435 GFlop/s     (591.4435 GFlop/s per process)    30%    2497.1 sec left
CG set 1620 / 5315    591.4435 GFlop/s     (591.4435 GFlop/s per process)    30%    2496.4 sec left
CG set 1621 / 5315    591.4432 GFlop/s     (591.4432 GFlop/s per process)    30%    2495.7 sec left
CG set 1622 / 5315    591.4430 GFlop/s     (591.4430 GFlop/s per process)    30%    2495.0 sec left
CG set 1623 / 5315    591.4426 GFlop/s     (591.4426 GFlop/s per process)    30%    2494.3 sec left
CG set 1624 / 5315    591.4426 GFlop/s     (591.4426 GFlop/s per process)    30%    2493.7 sec left
CG set 1625 / 5315    591.4425 GFlop/s     (591.4425 GFlop/s per process)    30%    2493.0 sec left
CG set 1626 / 5315    591.4420 GFlop/s     (591.4420 GFlop/s per process)    30%    2492.3 sec left
CG set 1627 / 5315    591.4416 GFlop/s     (591.4416 GFlop/s per process)    30%    2491.6 sec left
CG set 1628 / 5315    591.4411 GFlop/s     (591.4411 GFlop/s per process)    30%    2490.9 sec left
CG set 1629 / 5315    591.4411 GFlop/s     (591.4411 GFlop/s per process)    30%    2490.3 sec left
CG set 1630 / 5315    591.4411 GFlop/s     (591.4411 GFlop/s per process)    30%    2489.6 sec left
CG set 1631 / 5315    591.4409 GFlop/s     (591.4409 GFlop/s per process)    30%    2488.9 sec left
CG set 1632 / 5315    591.4407 GFlop/s     (591.4407 GFlop/s per process)    30%    2488.2 sec left
CG set 1633 / 5315    591.4404 GFlop/s     (591.4404 GFlop/s per process)    30%    2487.5 sec left
CG set 1634 / 5315    591.4398 GFlop/s     (591.4398 GFlop/s per process)    30%    2486.8 sec left
CG set 1635 / 5315    591.4399 GFlop/s     (591.4399 GFlop/s per process)    30%    2486.2 sec left
CG set 1636 / 5315    591.4395 GFlop/s     (591.4395 GFlop/s per process)    30%    2485.5 sec left
CG set 1637 / 5315    591.4393 GFlop/s     (591.4393 GFlop/s per process)    30%    2484.8 sec left
CG set 1638 / 5315    591.4392 GFlop/s     (591.4392 GFlop/s per process)    30%    2484.1 sec left
CG set 1639 / 5315    591.4394 GFlop/s     (591.4394 GFlop/s per process)    30%    2483.4 sec left
CG set 1640 / 5315    591.4395 GFlop/s     (591.4395 GFlop/s per process)    30%    2482.8 sec left
CG set 1641 / 5315    591.4394 GFlop/s     (591.4394 GFlop/s per process)    30%    2482.1 sec left
CG set 1642 / 5315    591.4393 GFlop/s     (591.4393 GFlop/s per process)    30%    2481.4 sec left
CG set 1643 / 5315    591.4397 GFlop/s     (591.4397 GFlop/s per process)    30%    2480.7 sec left
CG set 1644 / 5315    591.4395 GFlop/s     (591.4395 GFlop/s per process)    30%    2480.0 sec left
CG set 1645 / 5315    591.4390 GFlop/s     (591.4390 GFlop/s per process)    30%    2479.3 sec left
CG set 1646 / 5315    591.4393 GFlop/s     (591.4393 GFlop/s per process)    30%    2478.7 sec left
CG set 1647 / 5315    591.4391 GFlop/s     (591.4391 GFlop/s per process)    30%    2478.0 sec left
CG set 1648 / 5315    591.4391 GFlop/s     (591.4391 GFlop/s per process)    31%    2477.3 sec left
CG set 1649 / 5315    591.4390 GFlop/s     (591.4390 GFlop/s per process)    31%    2476.6 sec left
CG set 1650 / 5315    591.4391 GFlop/s     (591.4391 GFlop/s per process)    31%    2475.9 sec left
CG set 1651 / 5315    591.4386 GFlop/s     (591.4386 GFlop/s per process)    31%    2475.3 sec left
CG set 1652 / 5315    591.4383 GFlop/s     (591.4383 GFlop/s per process)    31%    2474.6 sec left
CG set 1653 / 5315    591.4376 GFlop/s     (591.4376 GFlop/s per process)    31%    2473.9 sec left
CG set 1654 / 5315    591.4375 GFlop/s     (591.4375 GFlop/s per process)    31%    2473.2 sec left
CG set 1655 / 5315    591.4375 GFlop/s     (591.4375 GFlop/s per process)    31%    2472.5 sec left
CG set 1656 / 5315    591.4373 GFlop/s     (591.4373 GFlop/s per process)    31%    2471.9 sec left
CG set 1657 / 5315    591.4371 GFlop/s     (591.4371 GFlop/s per process)    31%    2471.2 sec left
CG set 1658 / 5315    591.4372 GFlop/s     (591.4372 GFlop/s per process)    31%    2470.5 sec left
CG set 1659 / 5315    591.4368 GFlop/s     (591.4368 GFlop/s per process)    31%    2469.8 sec left
CG set 1660 / 5315    591.4371 GFlop/s     (591.4371 GFlop/s per process)    31%    2469.1 sec left
CG set 1661 / 5315    591.4370 GFlop/s     (591.4370 GFlop/s per process)    31%    2468.4 sec left
CG set 1662 / 5315    591.4370 GFlop/s     (591.4370 GFlop/s per process)    31%    2467.8 sec left
CG set 1663 / 5315    591.4367 GFlop/s     (591.4367 GFlop/s per process)    31%    2467.1 sec left
CG set 1664 / 5315    591.4366 GFlop/s     (591.4366 GFlop/s per process)    31%    2466.4 sec left
CG set 1665 / 5315    591.4369 GFlop/s     (591.4369 GFlop/s per process)    31%    2465.7 sec left
CG set 1666 / 5315    591.4367 GFlop/s     (591.4367 GFlop/s per process)    31%    2465.0 sec left
CG set 1667 / 5315    591.4366 GFlop/s     (591.4366 GFlop/s per process)    31%    2464.4 sec left
CG set 1668 / 5315    591.4363 GFlop/s     (591.4363 GFlop/s per process)    31%    2463.7 sec left
CG set 1669 / 5315    591.4359 GFlop/s     (591.4359 GFlop/s per process)    31%    2463.0 sec left
CG set 1670 / 5315    591.4351 GFlop/s     (591.4351 GFlop/s per process)    31%    2462.3 sec left
CG set 1671 / 5315    591.4345 GFlop/s     (591.4345 GFlop/s per process)    31%    2461.6 sec left
CG set 1672 / 5315    591.4344 GFlop/s     (591.4344 GFlop/s per process)    31%    2460.9 sec left
CG set 1673 / 5315    591.4335 GFlop/s     (591.4335 GFlop/s per process)    31%    2460.3 sec left
CG set 1674 / 5315    591.4333 GFlop/s     (591.4333 GFlop/s per process)    31%    2459.6 sec left
CG set 1675 / 5315    591.4329 GFlop/s     (591.4329 GFlop/s per process)    31%    2458.9 sec left
CG set 1676 / 5315    591.4326 GFlop/s     (591.4326 GFlop/s per process)    31%    2458.2 sec left
CG set 1677 / 5315    591.4323 GFlop/s     (591.4323 GFlop/s per process)    31%    2457.5 sec left
CG set 1678 / 5315    591.4325 GFlop/s     (591.4325 GFlop/s per process)    31%    2456.9 sec left
CG set 1679 / 5315    591.4327 GFlop/s     (591.4327 GFlop/s per process)    31%    2456.2 sec left
CG set 1680 / 5315    591.4329 GFlop/s     (591.4329 GFlop/s per process)    31%    2455.5 sec left
CG set 1681 / 5315    591.4327 GFlop/s     (591.4327 GFlop/s per process)    31%    2454.8 sec left
CG set 1682 / 5315    591.4329 GFlop/s     (591.4329 GFlop/s per process)    31%    2454.1 sec left
CG set 1683 / 5315    591.4326 GFlop/s     (591.4326 GFlop/s per process)    31%    2453.4 sec left
CG set 1684 / 5315    591.4326 GFlop/s     (591.4326 GFlop/s per process)    31%    2452.8 sec left
CG set 1685 / 5315    591.4328 GFlop/s     (591.4328 GFlop/s per process)    31%    2452.1 sec left
CG set 1686 / 5315    591.4326 GFlop/s     (591.4326 GFlop/s per process)    31%    2451.4 sec left
CG set 1687 / 5315    591.4329 GFlop/s     (591.4329 GFlop/s per process)    31%    2450.7 sec left
CG set 1688 / 5315    591.4328 GFlop/s     (591.4328 GFlop/s per process)    31%    2450.0 sec left
CG set 1689 / 5315    591.4326 GFlop/s     (591.4326 GFlop/s per process)    31%    2449.4 sec left
CG set 1690 / 5315    591.4328 GFlop/s     (591.4328 GFlop/s per process)    31%    2448.7 sec left
CG set 1691 / 5315    591.4322 GFlop/s     (591.4322 GFlop/s per process)    31%    2448.0 sec left
CG set 1692 / 5315    591.4319 GFlop/s     (591.4319 GFlop/s per process)    31%    2447.3 sec left
CG set 1693 / 5315    591.4319 GFlop/s     (591.4319 GFlop/s per process)    31%    2446.6 sec left
CG set 1694 / 5315    591.4316 GFlop/s     (591.4316 GFlop/s per process)    31%    2446.0 sec left
CG set 1695 / 5315    591.4317 GFlop/s     (591.4317 GFlop/s per process)    31%    2445.3 sec left
CG set 1696 / 5315    591.4320 GFlop/s     (591.4320 GFlop/s per process)    31%    2444.6 sec left
CG set 1697 / 5315    591.4320 GFlop/s     (591.4320 GFlop/s per process)    31%    2443.9 sec left
CG set 1698 / 5315    591.4317 GFlop/s     (591.4317 GFlop/s per process)    31%    2443.2 sec left
CG set 1699 / 5315    591.4310 GFlop/s     (591.4310 GFlop/s per process)    31%    2442.5 sec left
CG set 1700 / 5315    591.4311 GFlop/s     (591.4311 GFlop/s per process)    31%    2441.9 sec left
CG set 1701 / 5315    591.4310 GFlop/s     (591.4310 GFlop/s per process)    32%    2441.2 sec left
CG set 1702 / 5315    591.4308 GFlop/s     (591.4308 GFlop/s per process)    32%    2440.5 sec left
CG set 1703 / 5315    591.4305 GFlop/s     (591.4305 GFlop/s per process)    32%    2439.8 sec left
CG set 1704 / 5315    591.4302 GFlop/s     (591.4302 GFlop/s per process)    32%    2439.1 sec left
CG set 1705 / 5315    591.4304 GFlop/s     (591.4304 GFlop/s per process)    32%    2438.5 sec left
CG set 1706 / 5315    591.4303 GFlop/s     (591.4303 GFlop/s per process)    32%    2437.8 sec left
CG set 1707 / 5315    591.4306 GFlop/s     (591.4306 GFlop/s per process)    32%    2437.1 sec left
CG set 1708 / 5315    591.4304 GFlop/s     (591.4304 GFlop/s per process)    32%    2436.4 sec left
CG set 1709 / 5315    591.4301 GFlop/s     (591.4301 GFlop/s per process)    32%    2435.7 sec left
CG set 1710 / 5315    591.4297 GFlop/s     (591.4297 GFlop/s per process)    32%    2435.0 sec left
CG set 1711 / 5315    591.4295 GFlop/s     (591.4295 GFlop/s per process)    32%    2434.4 sec left
CG set 1712 / 5315    591.4292 GFlop/s     (591.4292 GFlop/s per process)    32%    2433.7 sec left
CG set 1713 / 5315    591.4289 GFlop/s     (591.4289 GFlop/s per process)    32%    2433.0 sec left
CG set 1714 / 5315    591.4288 GFlop/s     (591.4288 GFlop/s per process)    32%    2432.3 sec left
CG set 1715 / 5315    591.4289 GFlop/s     (591.4289 GFlop/s per process)    32%    2431.6 sec left
CG set 1716 / 5315    591.4287 GFlop/s     (591.4287 GFlop/s per process)    32%    2431.0 sec left
CG set 1717 / 5315    591.4282 GFlop/s     (591.4282 GFlop/s per process)    32%    2430.3 sec left
CG set 1718 / 5315    591.4284 GFlop/s     (591.4284 GFlop/s per process)    32%    2429.6 sec left
CG set 1719 / 5315    591.4279 GFlop/s     (591.4279 GFlop/s per process)    32%    2428.9 sec left
CG set 1720 / 5315    591.4278 GFlop/s     (591.4278 GFlop/s per process)    32%    2428.2 sec left
CG set 1721 / 5315    591.4276 GFlop/s     (591.4276 GFlop/s per process)    32%    2427.6 sec left
CG set 1722 / 5315    591.4270 GFlop/s     (591.4270 GFlop/s per process)    32%    2426.9 sec left
CG set 1723 / 5315    591.4272 GFlop/s     (591.4272 GFlop/s per process)    32%    2426.2 sec left
CG set 1724 / 5315    591.4273 GFlop/s     (591.4273 GFlop/s per process)    32%    2425.5 sec left
CG set 1725 / 5315    591.4274 GFlop/s     (591.4274 GFlop/s per process)    32%    2424.8 sec left
CG set 1726 / 5315    591.4270 GFlop/s     (591.4270 GFlop/s per process)    32%    2424.1 sec left
CG set 1727 / 5315    591.4268 GFlop/s     (591.4268 GFlop/s per process)    32%    2423.5 sec left
CG set 1728 / 5315    591.4264 GFlop/s     (591.4264 GFlop/s per process)    32%    2422.8 sec left
CG set 1729 / 5315    591.4266 GFlop/s     (591.4266 GFlop/s per process)    32%    2422.1 sec left
CG set 1730 / 5315    591.4260 GFlop/s     (591.4260 GFlop/s per process)    32%    2421.4 sec left
CG set 1731 / 5315    591.4256 GFlop/s     (591.4256 GFlop/s per process)    32%    2420.7 sec left
CG set 1732 / 5315    591.4252 GFlop/s     (591.4252 GFlop/s per process)    32%    2420.1 sec left
CG set 1733 / 5315    591.4243 GFlop/s     (591.4243 GFlop/s per process)    32%    2419.4 sec left
CG set 1734 / 5315    591.4242 GFlop/s     (591.4242 GFlop/s per process)    32%    2418.7 sec left
CG set 1735 / 5315    591.4241 GFlop/s     (591.4241 GFlop/s per process)    32%    2418.0 sec left
CG set 1736 / 5315    591.4240 GFlop/s     (591.4240 GFlop/s per process)    32%    2417.3 sec left
CG set 1737 / 5315    591.4238 GFlop/s     (591.4238 GFlop/s per process)    32%    2416.6 sec left
CG set 1738 / 5315    591.4234 GFlop/s     (591.4234 GFlop/s per process)    32%    2416.0 sec left
CG set 1739 / 5315    591.4231 GFlop/s     (591.4231 GFlop/s per process)    32%    2415.3 sec left
CG set 1740 / 5315    591.4230 GFlop/s     (591.4230 GFlop/s per process)    32%    2414.6 sec left
CG set 1741 / 5315    591.4230 GFlop/s     (591.4230 GFlop/s per process)    32%    2413.9 sec left
CG set 1742 / 5315    591.4229 GFlop/s     (591.4229 GFlop/s per process)    32%    2413.2 sec left
CG set 1743 / 5315    591.4225 GFlop/s     (591.4225 GFlop/s per process)    32%    2412.6 sec left
CG set 1744 / 5315    591.4224 GFlop/s     (591.4224 GFlop/s per process)    32%    2411.9 sec left
CG set 1745 / 5315    591.4226 GFlop/s     (591.4226 GFlop/s per process)    32%    2411.2 sec left
CG set 1746 / 5315    591.4225 GFlop/s     (591.4225 GFlop/s per process)    32%    2410.5 sec left
CG set 1747 / 5315    591.4229 GFlop/s     (591.4229 GFlop/s per process)    32%    2409.8 sec left
CG set 1748 / 5315    591.4226 GFlop/s     (591.4226 GFlop/s per process)    32%    2409.1 sec left
CG set 1749 / 5315    591.4224 GFlop/s     (591.4224 GFlop/s per process)    32%    2408.5 sec left
CG set 1750 / 5315    591.4221 GFlop/s     (591.4221 GFlop/s per process)    32%    2407.8 sec left
CG set 1751 / 5315    591.4225 GFlop/s     (591.4225 GFlop/s per process)    32%    2407.1 sec left
CG set 1752 / 5315    591.4225 GFlop/s     (591.4225 GFlop/s per process)    32%    2406.4 sec left
CG set 1753 / 5315    591.4223 GFlop/s     (591.4223 GFlop/s per process)    32%    2405.7 sec left
CG set 1754 / 5315    591.4221 GFlop/s     (591.4221 GFlop/s per process)    33%    2405.1 sec left
CG set 1755 / 5315    591.4217 GFlop/s     (591.4217 GFlop/s per process)    33%    2404.4 sec left
CG set 1756 / 5315    591.4215 GFlop/s     (591.4215 GFlop/s per process)    33%    2403.7 sec left
CG set 1757 / 5315    591.4210 GFlop/s     (591.4210 GFlop/s per process)    33%    2403.0 sec left
CG set 1758 / 5315    591.4211 GFlop/s     (591.4211 GFlop/s per process)    33%    2402.3 sec left
CG set 1759 / 5315    591.4211 GFlop/s     (591.4211 GFlop/s per process)    33%    2401.6 sec left
CG set 1760 / 5315    591.4206 GFlop/s     (591.4206 GFlop/s per process)    33%    2401.0 sec left
CG set 1761 / 5315    591.4208 GFlop/s     (591.4208 GFlop/s per process)    33%    2400.3 sec left
CG set 1762 / 5315    591.4207 GFlop/s     (591.4207 GFlop/s per process)    33%    2399.6 sec left
CG set 1763 / 5315    591.4208 GFlop/s     (591.4208 GFlop/s per process)    33%    2398.9 sec left
CG set 1764 / 5315    591.4206 GFlop/s     (591.4206 GFlop/s per process)    33%    2398.2 sec left
CG set 1765 / 5315    591.4201 GFlop/s     (591.4201 GFlop/s per process)    33%    2397.6 sec left
CG set 1766 / 5315    591.4197 GFlop/s     (591.4197 GFlop/s per process)    33%    2396.9 sec left
CG set 1767 / 5315    591.4194 GFlop/s     (591.4194 GFlop/s per process)    33%    2396.2 sec left
CG set 1768 / 5315    591.4191 GFlop/s     (591.4191 GFlop/s per process)    33%    2395.5 sec left
CG set 1769 / 5315    591.4191 GFlop/s     (591.4191 GFlop/s per process)    33%    2394.8 sec left
CG set 1770 / 5315    591.4189 GFlop/s     (591.4189 GFlop/s per process)    33%    2394.2 sec left
CG set 1771 / 5315    591.4189 GFlop/s     (591.4189 GFlop/s per process)    33%    2393.5 sec left
CG set 1772 / 5315    591.4188 GFlop/s     (591.4188 GFlop/s per process)    33%    2392.8 sec left
CG set 1773 / 5315    591.4185 GFlop/s     (591.4185 GFlop/s per process)    33%    2392.1 sec left
CG set 1774 / 5315    591.4178 GFlop/s     (591.4178 GFlop/s per process)    33%    2391.4 sec left
CG set 1775 / 5315    591.4174 GFlop/s     (591.4174 GFlop/s per process)    33%    2390.7 sec left
CG set 1776 / 5315    591.4171 GFlop/s     (591.4171 GFlop/s per process)    33%    2390.1 sec left
CG set 1777 / 5315    591.4169 GFlop/s     (591.4169 GFlop/s per process)    33%    2389.4 sec left
CG set 1778 / 5315    591.4168 GFlop/s     (591.4168 GFlop/s per process)    33%    2388.7 sec left
CG set 1779 / 5315    591.4167 GFlop/s     (591.4167 GFlop/s per process)    33%    2388.0 sec left
CG set 1780 / 5315    591.4161 GFlop/s     (591.4161 GFlop/s per process)    33%    2387.3 sec left
CG set 1781 / 5315    591.4159 GFlop/s     (591.4159 GFlop/s per process)    33%    2386.7 sec left
CG set 1782 / 5315    591.4157 GFlop/s     (591.4157 GFlop/s per process)    33%    2386.0 sec left
CG set 1783 / 5315    591.4156 GFlop/s     (591.4156 GFlop/s per process)    33%    2385.3 sec left
CG set 1784 / 5315    591.4156 GFlop/s     (591.4156 GFlop/s per process)    33%    2384.6 sec left
CG set 1785 / 5315    591.4157 GFlop/s     (591.4157 GFlop/s per process)    33%    2383.9 sec left
CG set 1786 / 5315    591.4155 GFlop/s     (591.4155 GFlop/s per process)    33%    2383.2 sec left
CG set 1787 / 5315    591.4157 GFlop/s     (591.4157 GFlop/s per process)    33%    2382.6 sec left
CG set 1788 / 5315    591.4156 GFlop/s     (591.4156 GFlop/s per process)    33%    2381.9 sec left
CG set 1789 / 5315    591.4152 GFlop/s     (591.4152 GFlop/s per process)    33%    2381.2 sec left
CG set 1790 / 5315    591.4143 GFlop/s     (591.4143 GFlop/s per process)    33%    2380.5 sec left
CG set 1791 / 5315    591.4135 GFlop/s     (591.4135 GFlop/s per process)    33%    2379.8 sec left
CG set 1792 / 5315    591.4126 GFlop/s     (591.4126 GFlop/s per process)    33%    2379.2 sec left
CG set 1793 / 5315    591.4126 GFlop/s     (591.4126 GFlop/s per process)    33%    2378.5 sec left
CG set 1794 / 5315    591.4123 GFlop/s     (591.4123 GFlop/s per process)    33%    2377.8 sec left
CG set 1795 / 5315    591.4119 GFlop/s     (591.4119 GFlop/s per process)    33%    2377.1 sec left
CG set 1796 / 5315    591.4118 GFlop/s     (591.4118 GFlop/s per process)    33%    2376.4 sec left
CG set 1797 / 5315    591.4113 GFlop/s     (591.4113 GFlop/s per process)    33%    2375.7 sec left
CG set 1798 / 5315    591.4108 GFlop/s     (591.4108 GFlop/s per process)    33%    2375.1 sec left
CG set 1799 / 5315    591.4107 GFlop/s     (591.4107 GFlop/s per process)    33%    2374.4 sec left
CG set 1800 / 5315    591.4105 GFlop/s     (591.4105 GFlop/s per process)    33%    2373.7 sec left
CG set 1801 / 5315    591.4102 GFlop/s     (591.4102 GFlop/s per process)    33%    2373.0 sec left
CG set 1802 / 5315    591.4099 GFlop/s     (591.4099 GFlop/s per process)    33%    2372.3 sec left
CG set 1803 / 5315    591.4099 GFlop/s     (591.4099 GFlop/s per process)    33%    2371.7 sec left
CG set 1804 / 5315    591.4097 GFlop/s     (591.4097 GFlop/s per process)    33%    2371.0 sec left
CG set 1805 / 5315    591.4097 GFlop/s     (591.4097 GFlop/s per process)    33%    2370.3 sec left
CG set 1806 / 5315    591.4097 GFlop/s     (591.4097 GFlop/s per process)    33%    2369.6 sec left
CG set 1807 / 5315    591.4095 GFlop/s     (591.4095 GFlop/s per process)    33%    2368.9 sec left
CG set 1808 / 5315    591.4092 GFlop/s     (591.4092 GFlop/s per process)    34%    2368.2 sec left
CG set 1809 / 5315    591.4094 GFlop/s     (591.4094 GFlop/s per process)    34%    2367.6 sec left
CG set 1810 / 5315    591.4090 GFlop/s     (591.4090 GFlop/s per process)    34%    2366.9 sec left
CG set 1811 / 5315    591.4087 GFlop/s     (591.4087 GFlop/s per process)    34%    2366.2 sec left
CG set 1812 / 5315    591.4087 GFlop/s     (591.4087 GFlop/s per process)    34%    2365.5 sec left
CG set 1813 / 5315    591.4090 GFlop/s     (591.4090 GFlop/s per process)    34%    2364.8 sec left
CG set 1814 / 5315    591.4094 GFlop/s     (591.4094 GFlop/s per process)    34%    2364.2 sec left
CG set 1815 / 5315    591.4090 GFlop/s     (591.4090 GFlop/s per process)    34%    2363.5 sec left
CG set 1816 / 5315    591.4090 GFlop/s     (591.4090 GFlop/s per process)    34%    2362.8 sec left
CG set 1817 / 5315    591.4091 GFlop/s     (591.4091 GFlop/s per process)    34%    2362.1 sec left
CG set 1818 / 5315    591.4091 GFlop/s     (591.4091 GFlop/s per process)    34%    2361.4 sec left
CG set 1819 / 5315    591.4092 GFlop/s     (591.4092 GFlop/s per process)    34%    2360.7 sec left
CG set 1820 / 5315    591.4088 GFlop/s     (591.4088 GFlop/s per process)    34%    2360.1 sec left
CG set 1821 / 5315    591.4085 GFlop/s     (591.4085 GFlop/s per process)    34%    2359.4 sec left
CG set 1822 / 5315    591.4085 GFlop/s     (591.4085 GFlop/s per process)    34%    2358.7 sec left
CG set 1823 / 5315    591.4085 GFlop/s     (591.4085 GFlop/s per process)    34%    2358.0 sec left
CG set 1824 / 5315    591.4085 GFlop/s     (591.4085 GFlop/s per process)    34%    2357.3 sec left
CG set 1825 / 5315    591.4082 GFlop/s     (591.4082 GFlop/s per process)    34%    2356.7 sec left
CG set 1826 / 5315    591.4079 GFlop/s     (591.4079 GFlop/s per process)    34%    2356.0 sec left
CG set 1827 / 5315    591.4080 GFlop/s     (591.4080 GFlop/s per process)    34%    2355.3 sec left
CG set 1828 / 5315    591.4077 GFlop/s     (591.4077 GFlop/s per process)    34%    2354.6 sec left
CG set 1829 / 5315    591.4079 GFlop/s     (591.4079 GFlop/s per process)    34%    2353.9 sec left
CG set 1830 / 5315    591.4080 GFlop/s     (591.4080 GFlop/s per process)    34%    2353.3 sec left
CG set 1831 / 5315    591.4075 GFlop/s     (591.4075 GFlop/s per process)    34%    2352.6 sec left
CG set 1832 / 5315    591.4075 GFlop/s     (591.4075 GFlop/s per process)    34%    2351.9 sec left
CG set 1833 / 5315    591.4073 GFlop/s     (591.4073 GFlop/s per process)    34%    2351.2 sec left
CG set 1834 / 5315    591.4074 GFlop/s     (591.4074 GFlop/s per process)    34%    2350.5 sec left
CG set 1835 / 5315    591.4069 GFlop/s     (591.4069 GFlop/s per process)    34%    2349.8 sec left
CG set 1836 / 5315    591.4070 GFlop/s     (591.4070 GFlop/s per process)    34%    2349.2 sec left
CG set 1837 / 5315    591.4070 GFlop/s     (591.4070 GFlop/s per process)    34%    2348.5 sec left
CG set 1838 / 5315    591.4066 GFlop/s     (591.4066 GFlop/s per process)    34%    2347.8 sec left
CG set 1839 / 5315    591.4065 GFlop/s     (591.4065 GFlop/s per process)    34%    2347.1 sec left
CG set 1840 / 5315    591.4065 GFlop/s     (591.4065 GFlop/s per process)    34%    2346.4 sec left
CG set 1841 / 5315    591.4062 GFlop/s     (591.4062 GFlop/s per process)    34%    2345.8 sec left
CG set 1842 / 5315    591.4058 GFlop/s     (591.4058 GFlop/s per process)    34%    2345.1 sec left
CG set 1843 / 5315    591.4056 GFlop/s     (591.4056 GFlop/s per process)    34%    2344.4 sec left
CG set 1844 / 5315    591.4055 GFlop/s     (591.4055 GFlop/s per process)    34%    2343.7 sec left
CG set 1845 / 5315    591.4052 GFlop/s     (591.4052 GFlop/s per process)    34%    2343.0 sec left
CG set 1846 / 5315    591.4045 GFlop/s     (591.4045 GFlop/s per process)    34%    2342.3 sec left
CG set 1847 / 5315    591.4041 GFlop/s     (591.4041 GFlop/s per process)    34%    2341.7 sec left
CG set 1848 / 5315    591.4033 GFlop/s     (591.4033 GFlop/s per process)    34%    2341.0 sec left
CG set 1849 / 5315    591.4034 GFlop/s     (591.4034 GFlop/s per process)    34%    2340.3 sec left
CG set 1850 / 5315    591.4030 GFlop/s     (591.4030 GFlop/s per process)    34%    2339.6 sec left
CG set 1851 / 5315    591.4029 GFlop/s     (591.4029 GFlop/s per process)    34%    2338.9 sec left
CG set 1852 / 5315    591.4024 GFlop/s     (591.4024 GFlop/s per process)    34%    2338.3 sec left
CG set 1853 / 5315    591.4023 GFlop/s     (591.4023 GFlop/s per process)    34%    2337.6 sec left
CG set 1854 / 5315    591.4023 GFlop/s     (591.4023 GFlop/s per process)    34%    2336.9 sec left
CG set 1855 / 5315    591.4018 GFlop/s     (591.4018 GFlop/s per process)    34%    2336.2 sec left
CG set 1856 / 5315    591.4013 GFlop/s     (591.4013 GFlop/s per process)    34%    2335.5 sec left
CG set 1857 / 5315    591.4015 GFlop/s     (591.4015 GFlop/s per process)    34%    2334.8 sec left
CG set 1858 / 5315    591.4011 GFlop/s     (591.4011 GFlop/s per process)    34%    2334.2 sec left
CG set 1859 / 5315    591.4007 GFlop/s     (591.4007 GFlop/s per process)    34%    2333.5 sec left
CG set 1860 / 5315    591.4006 GFlop/s     (591.4006 GFlop/s per process)    34%    2332.8 sec left
CG set 1861 / 5315    591.4007 GFlop/s     (591.4007 GFlop/s per process)    35%    2332.1 sec left
CG set 1862 / 5315    591.4007 GFlop/s     (591.4007 GFlop/s per process)    35%    2331.4 sec left
CG set 1863 / 5315    591.4006 GFlop/s     (591.4006 GFlop/s per process)    35%    2330.8 sec left
CG set 1864 / 5315    591.4009 GFlop/s     (591.4009 GFlop/s per process)    35%    2330.1 sec left
CG set 1865 / 5315    591.4010 GFlop/s     (591.4010 GFlop/s per process)    35%    2329.4 sec left
CG set 1866 / 5315    591.4007 GFlop/s     (591.4007 GFlop/s per process)    35%    2328.7 sec left
CG set 1867 / 5315    591.4001 GFlop/s     (591.4001 GFlop/s per process)    35%    2328.0 sec left
CG set 1868 / 5315    591.3999 GFlop/s     (591.3999 GFlop/s per process)    35%    2327.3 sec left
CG set 1869 / 5315    591.3999 GFlop/s     (591.3999 GFlop/s per process)    35%    2326.7 sec left
CG set 1870 / 5315    591.3996 GFlop/s     (591.3996 GFlop/s per process)    35%    2326.0 sec left
CG set 1871 / 5315    591.3995 GFlop/s     (591.3995 GFlop/s per process)    35%    2325.3 sec left
CG set 1872 / 5315    591.3994 GFlop/s     (591.3994 GFlop/s per process)    35%    2324.6 sec left
CG set 1873 / 5315    591.3997 GFlop/s     (591.3997 GFlop/s per process)    35%    2323.9 sec left
CG set 1874 / 5315    591.3996 GFlop/s     (591.3996 GFlop/s per process)    35%    2323.3 sec left
CG set 1875 / 5315    591.3996 GFlop/s     (591.3996 GFlop/s per process)    35%    2322.6 sec left
CG set 1876 / 5315    591.3996 GFlop/s     (591.3996 GFlop/s per process)    35%    2321.9 sec left
CG set 1877 / 5315    591.3996 GFlop/s     (591.3996 GFlop/s per process)    35%    2321.2 sec left
CG set 1878 / 5315    591.3994 GFlop/s     (591.3994 GFlop/s per process)    35%    2320.5 sec left
CG set 1879 / 5315    591.3987 GFlop/s     (591.3987 GFlop/s per process)    35%    2319.8 sec left
CG set 1880 / 5315    591.3986 GFlop/s     (591.3986 GFlop/s per process)    35%    2319.2 sec left
CG set 1881 / 5315    591.3987 GFlop/s     (591.3987 GFlop/s per process)    35%    2318.5 sec left
CG set 1882 / 5315    591.3985 GFlop/s     (591.3985 GFlop/s per process)    35%    2317.8 sec left
CG set 1883 / 5315    591.3982 GFlop/s     (591.3982 GFlop/s per process)    35%    2317.1 sec left
CG set 1884 / 5315    591.3976 GFlop/s     (591.3976 GFlop/s per process)    35%    2316.4 sec left
CG set 1885 / 5315    591.3970 GFlop/s     (591.3970 GFlop/s per process)    35%    2315.8 sec left
CG set 1886 / 5315    591.3970 GFlop/s     (591.3970 GFlop/s per process)    35%    2315.1 sec left
CG set 1887 / 5315    591.3969 GFlop/s     (591.3969 GFlop/s per process)    35%    2314.4 sec left
CG set 1888 / 5315    591.3969 GFlop/s     (591.3969 GFlop/s per process)    35%    2313.7 sec left
CG set 1889 / 5315    591.3967 GFlop/s     (591.3967 GFlop/s per process)    35%    2313.0 sec left
CG set 1890 / 5315    591.3966 GFlop/s     (591.3966 GFlop/s per process)    35%    2312.3 sec left
CG set 1891 / 5315    591.3964 GFlop/s     (591.3964 GFlop/s per process)    35%    2311.7 sec left
CG set 1892 / 5315    591.3960 GFlop/s     (591.3960 GFlop/s per process)    35%    2311.0 sec left
CG set 1893 / 5315    591.3962 GFlop/s     (591.3962 GFlop/s per process)    35%    2310.3 sec left
CG set 1894 / 5315    591.3959 GFlop/s     (591.3959 GFlop/s per process)    35%    2309.6 sec left
CG set 1895 / 5315    591.3954 GFlop/s     (591.3954 GFlop/s per process)    35%    2308.9 sec left
CG set 1896 / 5315    591.3954 GFlop/s     (591.3954 GFlop/s per process)    35%    2308.3 sec left
CG set 1897 / 5315    591.3955 GFlop/s     (591.3955 GFlop/s per process)    35%    2307.6 sec left
CG set 1898 / 5315    591.3949 GFlop/s     (591.3949 GFlop/s per process)    35%    2306.9 sec left
CG set 1899 / 5315    591.3950 GFlop/s     (591.3950 GFlop/s per process)    35%    2306.2 sec left
CG set 1900 / 5315    591.3950 GFlop/s     (591.3950 GFlop/s per process)    35%    2305.5 sec left
CG set 1901 / 5315    591.3950 GFlop/s     (591.3950 GFlop/s per process)    35%    2304.9 sec left
CG set 1902 / 5315    591.3945 GFlop/s     (591.3945 GFlop/s per process)    35%    2304.2 sec left
CG set 1903 / 5315    591.3940 GFlop/s     (591.3940 GFlop/s per process)    35%    2303.5 sec left
CG set 1904 / 5315    591.3937 GFlop/s     (591.3937 GFlop/s per process)    35%    2302.8 sec left
CG set 1905 / 5315    591.3938 GFlop/s     (591.3938 GFlop/s per process)    35%    2302.1 sec left
CG set 1906 / 5315    591.3940 GFlop/s     (591.3940 GFlop/s per process)    35%    2301.4 sec left
CG set 1907 / 5315    591.3941 GFlop/s     (591.3941 GFlop/s per process)    35%    2300.8 sec left
CG set 1908 / 5315    591.3941 GFlop/s     (591.3941 GFlop/s per process)    35%    2300.1 sec left
CG set 1909 / 5315    591.3943 GFlop/s     (591.3943 GFlop/s per process)    35%    2299.4 sec left
CG set 1910 / 5315    591.3947 GFlop/s     (591.3947 GFlop/s per process)    35%    2298.7 sec left
CG set 1911 / 5315    591.3945 GFlop/s     (591.3945 GFlop/s per process)    35%    2298.0 sec left
CG set 1912 / 5315    591.3942 GFlop/s     (591.3942 GFlop/s per process)    35%    2297.4 sec left
CG set 1913 / 5315    591.3943 GFlop/s     (591.3943 GFlop/s per process)    35%    2296.7 sec left
CG set 1914 / 5315    591.3946 GFlop/s     (591.3946 GFlop/s per process)    36%    2296.0 sec left
CG set 1915 / 5315    591.3949 GFlop/s     (591.3949 GFlop/s per process)    36%    2295.3 sec left
CG set 1916 / 5315    591.3949 GFlop/s     (591.3949 GFlop/s per process)    36%    2294.6 sec left
CG set 1917 / 5315    591.3943 GFlop/s     (591.3943 GFlop/s per process)    36%    2293.9 sec left
CG set 1918 / 5315    591.3942 GFlop/s     (591.3942 GFlop/s per process)    36%    2293.3 sec left
CG set 1919 / 5315    591.3939 GFlop/s     (591.3939 GFlop/s per process)    36%    2292.6 sec left
CG set 1920 / 5315    591.3939 GFlop/s     (591.3939 GFlop/s per process)    36%    2291.9 sec left
CG set 1921 / 5315    591.3934 GFlop/s     (591.3934 GFlop/s per process)    36%    2291.2 sec left
CG set 1922 / 5315    591.3931 GFlop/s     (591.3931 GFlop/s per process)    36%    2290.5 sec left
CG set 1923 / 5315    591.3926 GFlop/s     (591.3926 GFlop/s per process)    36%    2289.9 sec left
CG set 1924 / 5315    591.3921 GFlop/s     (591.3921 GFlop/s per process)    36%    2289.2 sec left
CG set 1925 / 5315    591.3917 GFlop/s     (591.3917 GFlop/s per process)    36%    2288.5 sec left
CG set 1926 / 5315    591.3916 GFlop/s     (591.3916 GFlop/s per process)    36%    2287.8 sec left
CG set 1927 / 5315    591.3915 GFlop/s     (591.3915 GFlop/s per process)    36%    2287.1 sec left
CG set 1928 / 5315    591.3920 GFlop/s     (591.3920 GFlop/s per process)    36%    2286.5 sec left
CG set 1929 / 5315    591.3917 GFlop/s     (591.3917 GFlop/s per process)    36%    2285.8 sec left
CG set 1930 / 5315    591.3913 GFlop/s     (591.3913 GFlop/s per process)    36%    2285.1 sec left
CG set 1931 / 5315    591.3911 GFlop/s     (591.3911 GFlop/s per process)    36%    2284.4 sec left
CG set 1932 / 5315    591.3910 GFlop/s     (591.3910 GFlop/s per process)    36%    2283.7 sec left
CG set 1933 / 5315    591.3912 GFlop/s     (591.3912 GFlop/s per process)    36%    2283.0 sec left
CG set 1934 / 5315    591.3909 GFlop/s     (591.3909 GFlop/s per process)    36%    2282.4 sec left
CG set 1935 / 5315    591.3905 GFlop/s     (591.3905 GFlop/s per process)    36%    2281.7 sec left
CG set 1936 / 5315    591.3902 GFlop/s     (591.3902 GFlop/s per process)    36%    2281.0 sec left
CG set 1937 / 5315    591.3901 GFlop/s     (591.3901 GFlop/s per process)    36%    2280.3 sec left
CG set 1938 / 5315    591.3905 GFlop/s     (591.3905 GFlop/s per process)    36%    2279.6 sec left
CG set 1939 / 5315    591.3902 GFlop/s     (591.3902 GFlop/s per process)    36%    2279.0 sec left
CG set 1940 / 5315    591.3903 GFlop/s     (591.3903 GFlop/s per process)    36%    2278.3 sec left
CG set 1941 / 5315    591.3902 GFlop/s     (591.3902 GFlop/s per process)    36%    2277.6 sec left
CG set 1942 / 5315    591.3902 GFlop/s     (591.3902 GFlop/s per process)    36%    2276.9 sec left
CG set 1943 / 5315    591.3903 GFlop/s     (591.3903 GFlop/s per process)    36%    2276.2 sec left
CG set 1944 / 5315    591.3902 GFlop/s     (591.3902 GFlop/s per process)    36%    2275.5 sec left
CG set 1945 / 5315    591.3899 GFlop/s     (591.3899 GFlop/s per process)    36%    2274.9 sec left
CG set 1946 / 5315    591.3897 GFlop/s     (591.3897 GFlop/s per process)    36%    2274.2 sec left
CG set 1947 / 5315    591.3901 GFlop/s     (591.3901 GFlop/s per process)    36%    2273.5 sec left
CG set 1948 / 5315    591.3900 GFlop/s     (591.3900 GFlop/s per process)    36%    2272.8 sec left
CG set 1949 / 5315    591.3902 GFlop/s     (591.3902 GFlop/s per process)    36%    2272.1 sec left
CG set 1950 / 5315    591.3901 GFlop/s     (591.3901 GFlop/s per process)    36%    2271.5 sec left
CG set 1951 / 5315    591.3898 GFlop/s     (591.3898 GFlop/s per process)    36%    2270.8 sec left
CG set 1952 / 5315    591.3896 GFlop/s     (591.3896 GFlop/s per process)    36%    2270.1 sec left
CG set 1953 / 5315    591.3896 GFlop/s     (591.3896 GFlop/s per process)    36%    2269.4 sec left
CG set 1954 / 5315    591.3899 GFlop/s     (591.3899 GFlop/s per process)    36%    2268.7 sec left
CG set 1955 / 5315    591.3896 GFlop/s     (591.3896 GFlop/s per process)    36%    2268.0 sec left
CG set 1956 / 5315    591.3894 GFlop/s     (591.3894 GFlop/s per process)    36%    2267.4 sec left
CG set 1957 / 5315    591.3894 GFlop/s     (591.3894 GFlop/s per process)    36%    2266.7 sec left
CG set 1958 / 5315    591.3889 GFlop/s     (591.3889 GFlop/s per process)    36%    2266.0 sec left
CG set 1959 / 5315    591.3887 GFlop/s     (591.3887 GFlop/s per process)    36%    2265.3 sec left
CG set 1960 / 5315    591.3885 GFlop/s     (591.3885 GFlop/s per process)    36%    2264.6 sec left
CG set 1961 / 5315    591.3890 GFlop/s     (591.3890 GFlop/s per process)    36%    2264.0 sec left
CG set 1962 / 5315    591.3888 GFlop/s     (591.3888 GFlop/s per process)    36%    2263.3 sec left
CG set 1963 / 5315    591.3888 GFlop/s     (591.3888 GFlop/s per process)    36%    2262.6 sec left
CG set 1964 / 5315    591.3893 GFlop/s     (591.3893 GFlop/s per process)    36%    2261.9 sec left
CG set 1965 / 5315    591.3888 GFlop/s     (591.3888 GFlop/s per process)    36%    2261.2 sec left
CG set 1966 / 5315    591.3885 GFlop/s     (591.3885 GFlop/s per process)    36%    2260.6 sec left
CG set 1967 / 5315    591.3886 GFlop/s     (591.3886 GFlop/s per process)    37%    2259.9 sec left
CG set 1968 / 5315    591.3890 GFlop/s     (591.3890 GFlop/s per process)    37%    2259.2 sec left
CG set 1969 / 5315    591.3891 GFlop/s     (591.3891 GFlop/s per process)    37%    2258.5 sec left
CG set 1970 / 5315    591.3894 GFlop/s     (591.3894 GFlop/s per process)    37%    2257.8 sec left
CG set 1971 / 5315    591.3889 GFlop/s     (591.3889 GFlop/s per process)    37%    2257.1 sec left
CG set 1972 / 5315    591.3888 GFlop/s     (591.3888 GFlop/s per process)    37%    2256.5 sec left
CG set 1973 / 5315    591.3885 GFlop/s     (591.3885 GFlop/s per process)    37%    2255.8 sec left
CG set 1974 / 5315    591.3880 GFlop/s     (591.3880 GFlop/s per process)    37%    2255.1 sec left
CG set 1975 / 5315    591.3881 GFlop/s     (591.3881 GFlop/s per process)    37%    2254.4 sec left
CG set 1976 / 5315    591.3880 GFlop/s     (591.3880 GFlop/s per process)    37%    2253.7 sec left
CG set 1977 / 5315    591.3878 GFlop/s     (591.3878 GFlop/s per process)    37%    2253.1 sec left
CG set 1978 / 5315    591.3878 GFlop/s     (591.3878 GFlop/s per process)    37%    2252.4 sec left
CG set 1979 / 5315    591.3879 GFlop/s     (591.3879 GFlop/s per process)    37%    2251.7 sec left
CG set 1980 / 5315    591.3875 GFlop/s     (591.3875 GFlop/s per process)    37%    2251.0 sec left
CG set 1981 / 5315    591.3873 GFlop/s     (591.3873 GFlop/s per process)    37%    2250.3 sec left
CG set 1982 / 5315    591.3873 GFlop/s     (591.3873 GFlop/s per process)    37%    2249.6 sec left
CG set 1983 / 5315    591.3873 GFlop/s     (591.3873 GFlop/s per process)    37%    2249.0 sec left
CG set 1984 / 5315    591.3870 GFlop/s     (591.3870 GFlop/s per process)    37%    2248.3 sec left
CG set 1985 / 5315    591.3868 GFlop/s     (591.3868 GFlop/s per process)    37%    2247.6 sec left
CG set 1986 / 5315    591.3869 GFlop/s     (591.3869 GFlop/s per process)    37%    2246.9 sec left
CG set 1987 / 5315    591.3867 GFlop/s     (591.3867 GFlop/s per process)    37%    2246.2 sec left
CG set 1988 / 5315    591.3866 GFlop/s     (591.3866 GFlop/s per process)    37%    2245.6 sec left
CG set 1989 / 5315    591.3864 GFlop/s     (591.3864 GFlop/s per process)    37%    2244.9 sec left
CG set 1990 / 5315    591.3865 GFlop/s     (591.3865 GFlop/s per process)    37%    2244.2 sec left
CG set 1991 / 5315    591.3861 GFlop/s     (591.3861 GFlop/s per process)    37%    2243.5 sec left
CG set 1992 / 5315    591.3861 GFlop/s     (591.3861 GFlop/s per process)    37%    2242.8 sec left
CG set 1993 / 5315    591.3856 GFlop/s     (591.3856 GFlop/s per process)    37%    2242.2 sec left
CG set 1994 / 5315    591.3858 GFlop/s     (591.3858 GFlop/s per process)    37%    2241.5 sec left
CG set 1995 / 5315    591.3857 GFlop/s     (591.3857 GFlop/s per process)    37%    2240.8 sec left
CG set 1996 / 5315    591.3856 GFlop/s     (591.3856 GFlop/s per process)    37%    2240.1 sec left
CG set 1997 / 5315    591.3856 GFlop/s     (591.3856 GFlop/s per process)    37%    2239.4 sec left
CG set 1998 / 5315    591.3856 GFlop/s     (591.3856 GFlop/s per process)    37%    2238.7 sec left
CG set 1999 / 5315    591.3854 GFlop/s     (591.3854 GFlop/s per process)    37%    2238.1 sec left
CG set 2000 / 5315    591.3853 GFlop/s     (591.3853 GFlop/s per process)    37%    2237.4 sec left
CG set 2001 / 5315    591.3849 GFlop/s     (591.3849 GFlop/s per process)    37%    2236.7 sec left
CG set 2002 / 5315    591.3851 GFlop/s     (591.3851 GFlop/s per process)    37%    2236.0 sec left
CG set 2003 / 5315    591.3851 GFlop/s     (591.3851 GFlop/s per process)    37%    2235.3 sec left
CG set 2004 / 5315    591.3851 GFlop/s     (591.3851 GFlop/s per process)    37%    2234.7 sec left
CG set 2005 / 5315    591.3854 GFlop/s     (591.3854 GFlop/s per process)    37%    2234.0 sec left
CG set 2006 / 5315    591.3855 GFlop/s     (591.3855 GFlop/s per process)    37%    2233.3 sec left
CG set 2007 / 5315    591.3857 GFlop/s     (591.3857 GFlop/s per process)    37%    2232.6 sec left
CG set 2008 / 5315    591.3860 GFlop/s     (591.3860 GFlop/s per process)    37%    2231.9 sec left
CG set 2009 / 5315    591.3858 GFlop/s     (591.3858 GFlop/s per process)    37%    2231.3 sec left
CG set 2010 / 5315    591.3857 GFlop/s     (591.3857 GFlop/s per process)    37%    2230.6 sec left
CG set 2011 / 5315    591.3855 GFlop/s     (591.3855 GFlop/s per process)    37%    2229.9 sec left
CG set 2012 / 5315    591.3852 GFlop/s     (591.3852 GFlop/s per process)    37%    2229.2 sec left
CG set 2013 / 5315    591.3852 GFlop/s     (591.3852 GFlop/s per process)    37%    2228.5 sec left
CG set 2014 / 5315    591.3855 GFlop/s     (591.3855 GFlop/s per process)    37%    2227.8 sec left
CG set 2015 / 5315    591.3857 GFlop/s     (591.3857 GFlop/s per process)    37%    2227.2 sec left
CG set 2016 / 5315    591.3856 GFlop/s     (591.3856 GFlop/s per process)    37%    2226.5 sec left
CG set 2017 / 5315    591.3854 GFlop/s     (591.3854 GFlop/s per process)    37%    2225.8 sec left
CG set 2018 / 5315    591.3853 GFlop/s     (591.3853 GFlop/s per process)    37%    2225.1 sec left
CG set 2019 / 5315    591.3851 GFlop/s     (591.3851 GFlop/s per process)    37%    2224.4 sec left
CG set 2020 / 5315    591.3848 GFlop/s     (591.3848 GFlop/s per process)    38%    2223.8 sec left
CG set 2021 / 5315    591.3846 GFlop/s     (591.3846 GFlop/s per process)    38%    2223.1 sec left
CG set 2022 / 5315    591.3842 GFlop/s     (591.3842 GFlop/s per process)    38%    2222.4 sec left
CG set 2023 / 5315    591.3841 GFlop/s     (591.3841 GFlop/s per process)    38%    2221.7 sec left
CG set 2024 / 5315    591.3842 GFlop/s     (591.3842 GFlop/s per process)    38%    2221.0 sec left
CG set 2025 / 5315    591.3842 GFlop/s     (591.3842 GFlop/s per process)    38%    2220.3 sec left
CG set 2026 / 5315    591.3840 GFlop/s     (591.3840 GFlop/s per process)    38%    2219.7 sec left
CG set 2027 / 5315    591.3841 GFlop/s     (591.3841 GFlop/s per process)    38%    2219.0 sec left
CG set 2028 / 5315    591.3838 GFlop/s     (591.3838 GFlop/s per process)    38%    2218.3 sec left
CG set 2029 / 5315    591.3837 GFlop/s     (591.3837 GFlop/s per process)    38%    2217.6 sec left
CG set 2030 / 5315    591.3838 GFlop/s     (591.3838 GFlop/s per process)    38%    2216.9 sec left
CG set 2031 / 5315    591.3834 GFlop/s     (591.3834 GFlop/s per process)    38%    2216.3 sec left
CG set 2032 / 5315    591.3832 GFlop/s     (591.3832 GFlop/s per process)    38%    2215.6 sec left
CG set 2033 / 5315    591.3830 GFlop/s     (591.3830 GFlop/s per process)    38%    2214.9 sec left
CG set 2034 / 5315    591.3830 GFlop/s     (591.3830 GFlop/s per process)    38%    2214.2 sec left
CG set 2035 / 5315    591.3829 GFlop/s     (591.3829 GFlop/s per process)    38%    2213.5 sec left
CG set 2036 / 5315    591.3832 GFlop/s     (591.3832 GFlop/s per process)    38%    2212.8 sec left
CG set 2037 / 5315    591.3829 GFlop/s     (591.3829 GFlop/s per process)    38%    2212.2 sec left
CG set 2038 / 5315    591.3827 GFlop/s     (591.3827 GFlop/s per process)    38%    2211.5 sec left
CG set 2039 / 5315    591.3823 GFlop/s     (591.3823 GFlop/s per process)    38%    2210.8 sec left
CG set 2040 / 5315    591.3817 GFlop/s     (591.3817 GFlop/s per process)    38%    2210.1 sec left
CG set 2041 / 5315    591.3818 GFlop/s     (591.3818 GFlop/s per process)    38%    2209.4 sec left
CG set 2042 / 5315    591.3814 GFlop/s     (591.3814 GFlop/s per process)    38%    2208.8 sec left
CG set 2043 / 5315    591.3815 GFlop/s     (591.3815 GFlop/s per process)    38%    2208.1 sec left
CG set 2044 / 5315    591.3811 GFlop/s     (591.3811 GFlop/s per process)    38%    2207.4 sec left
CG set 2045 / 5315    591.3810 GFlop/s     (591.3810 GFlop/s per process)    38%    2206.7 sec left
CG set 2046 / 5315    591.3810 GFlop/s     (591.3810 GFlop/s per process)    38%    2206.0 sec left
CG set 2047 / 5315    591.3806 GFlop/s     (591.3806 GFlop/s per process)    38%    2205.3 sec left
CG set 2048 / 5315    591.3809 GFlop/s     (591.3809 GFlop/s per process)    38%    2204.7 sec left
CG set 2049 / 5315    591.3807 GFlop/s     (591.3807 GFlop/s per process)    38%    2204.0 sec left
CG set 2050 / 5315    591.3805 GFlop/s     (591.3805 GFlop/s per process)    38%    2203.3 sec left
CG set 2051 / 5315    591.3804 GFlop/s     (591.3804 GFlop/s per process)    38%    2202.6 sec left
CG set 2052 / 5315    591.3804 GFlop/s     (591.3804 GFlop/s per process)    38%    2201.9 sec left
CG set 2053 / 5315    591.3806 GFlop/s     (591.3806 GFlop/s per process)    38%    2201.3 sec left
CG set 2054 / 5315    591.3805 GFlop/s     (591.3805 GFlop/s per process)    38%    2200.6 sec left
CG set 2055 / 5315    591.3804 GFlop/s     (591.3804 GFlop/s per process)    38%    2199.9 sec left
CG set 2056 / 5315    591.3803 GFlop/s     (591.3803 GFlop/s per process)    38%    2199.2 sec left
CG set 2057 / 5315    591.3804 GFlop/s     (591.3804 GFlop/s per process)    38%    2198.5 sec left
CG set 2058 / 5315    591.3803 GFlop/s     (591.3803 GFlop/s per process)    38%    2197.9 sec left
CG set 2059 / 5315    591.3805 GFlop/s     (591.3805 GFlop/s per process)    38%    2197.2 sec left
CG set 2060 / 5315    591.3804 GFlop/s     (591.3804 GFlop/s per process)    38%    2196.5 sec left
CG set 2061 / 5315    591.3803 GFlop/s     (591.3803 GFlop/s per process)    38%    2195.8 sec left
CG set 2062 / 5315    591.3799 GFlop/s     (591.3799 GFlop/s per process)    38%    2195.1 sec left
CG set 2063 / 5315    591.3796 GFlop/s     (591.3796 GFlop/s per process)    38%    2194.4 sec left
CG set 2064 / 5315    591.3793 GFlop/s     (591.3793 GFlop/s per process)    38%    2193.8 sec left
CG set 2065 / 5315    591.3791 GFlop/s     (591.3791 GFlop/s per process)    38%    2193.1 sec left
CG set 2066 / 5315    591.3789 GFlop/s     (591.3789 GFlop/s per process)    38%    2192.4 sec left
CG set 2067 / 5315    591.3785 GFlop/s     (591.3785 GFlop/s per process)    38%    2191.7 sec left
CG set 2068 / 5315    591.3780 GFlop/s     (591.3780 GFlop/s per process)    38%    2191.0 sec left
CG set 2069 / 5315    591.3781 GFlop/s     (591.3781 GFlop/s per process)    38%    2190.4 sec left
CG set 2070 / 5315    591.3779 GFlop/s     (591.3779 GFlop/s per process)    38%    2189.7 sec left
CG set 2071 / 5315    591.3779 GFlop/s     (591.3779 GFlop/s per process)    38%    2189.0 sec left
CG set 2072 / 5315    591.3777 GFlop/s     (591.3777 GFlop/s per process)    38%    2188.3 sec left
CG set 2073 / 5315    591.3783 GFlop/s     (591.3783 GFlop/s per process)    39%    2187.6 sec left
CG set 2074 / 5315    591.3780 GFlop/s     (591.3780 GFlop/s per process)    39%    2186.9 sec left
CG set 2075 / 5315    591.3778 GFlop/s     (591.3778 GFlop/s per process)    39%    2186.3 sec left
CG set 2076 / 5315    591.3778 GFlop/s     (591.3778 GFlop/s per process)    39%    2185.6 sec left
CG set 2077 / 5315    591.3778 GFlop/s     (591.3778 GFlop/s per process)    39%    2184.9 sec left
CG set 2078 / 5315    591.3776 GFlop/s     (591.3776 GFlop/s per process)    39%    2184.2 sec left
CG set 2079 / 5315    591.3777 GFlop/s     (591.3777 GFlop/s per process)    39%    2183.5 sec left
CG set 2080 / 5315    591.3776 GFlop/s     (591.3776 GFlop/s per process)    39%    2182.9 sec left
CG set 2081 / 5315    591.3774 GFlop/s     (591.3774 GFlop/s per process)    39%    2182.2 sec left
CG set 2082 / 5315    591.3774 GFlop/s     (591.3774 GFlop/s per process)    39%    2181.5 sec left
CG set 2083 / 5315    591.3773 GFlop/s     (591.3773 GFlop/s per process)    39%    2180.8 sec left
CG set 2084 / 5315    591.3772 GFlop/s     (591.3772 GFlop/s per process)    39%    2180.1 sec left
CG set 2085 / 5315    591.3769 GFlop/s     (591.3769 GFlop/s per process)    39%    2179.4 sec left
CG set 2086 / 5315    591.3768 GFlop/s     (591.3768 GFlop/s per process)    39%    2178.8 sec left
CG set 2087 / 5315    591.3765 GFlop/s     (591.3765 GFlop/s per process)    39%    2178.1 sec left
CG set 2088 / 5315    591.3760 GFlop/s     (591.3760 GFlop/s per process)    39%    2177.4 sec left
CG set 2089 / 5315    591.3760 GFlop/s     (591.3760 GFlop/s per process)    39%    2176.7 sec left
CG set 2090 / 5315    591.3758 GFlop/s     (591.3758 GFlop/s per process)    39%    2176.0 sec left
CG set 2091 / 5315    591.3756 GFlop/s     (591.3756 GFlop/s per process)    39%    2175.4 sec left
CG set 2092 / 5315    591.3754 GFlop/s     (591.3754 GFlop/s per process)    39%    2174.7 sec left
CG set 2093 / 5315    591.3752 GFlop/s     (591.3752 GFlop/s per process)    39%    2174.0 sec left
CG set 2094 / 5315    591.3748 GFlop/s     (591.3748 GFlop/s per process)    39%    2173.3 sec left
CG set 2095 / 5315    591.3748 GFlop/s     (591.3748 GFlop/s per process)    39%    2172.6 sec left
CG set 2096 / 5315    591.3746 GFlop/s     (591.3746 GFlop/s per process)    39%    2171.9 sec left
CG set 2097 / 5315    591.3744 GFlop/s     (591.3744 GFlop/s per process)    39%    2171.3 sec left
CG set 2098 / 5315    591.3741 GFlop/s     (591.3741 GFlop/s per process)    39%    2170.6 sec left
CG set 2099 / 5315    591.3743 GFlop/s     (591.3743 GFlop/s per process)    39%    2169.9 sec left
CG set 2100 / 5315    591.3744 GFlop/s     (591.3744 GFlop/s per process)    39%    2169.2 sec left
CG set 2101 / 5315    591.3736 GFlop/s     (591.3736 GFlop/s per process)    39%    2168.5 sec left
CG set 2102 / 5315    591.3735 GFlop/s     (591.3735 GFlop/s per process)    39%    2167.9 sec left
CG set 2103 / 5315    591.3731 GFlop/s     (591.3731 GFlop/s per process)    39%    2167.2 sec left
CG set 2104 / 5315    591.3732 GFlop/s     (591.3732 GFlop/s per process)    39%    2166.5 sec left
CG set 2105 / 5315    591.3728 GFlop/s     (591.3728 GFlop/s per process)    39%    2165.8 sec left
CG set 2106 / 5315    591.3724 GFlop/s     (591.3724 GFlop/s per process)    39%    2165.1 sec left
CG set 2107 / 5315    591.3723 GFlop/s     (591.3723 GFlop/s per process)    39%    2164.4 sec left
CG set 2108 / 5315    591.3722 GFlop/s     (591.3722 GFlop/s per process)    39%    2163.8 sec left
CG set 2109 / 5315    591.3722 GFlop/s     (591.3722 GFlop/s per process)    39%    2163.1 sec left
CG set 2110 / 5315    591.3721 GFlop/s     (591.3721 GFlop/s per process)    39%    2162.4 sec left
CG set 2111 / 5315    591.3720 GFlop/s     (591.3720 GFlop/s per process)    39%    2161.7 sec left
CG set 2112 / 5315    591.3718 GFlop/s     (591.3718 GFlop/s per process)    39%    2161.0 sec left
CG set 2113 / 5315    591.3715 GFlop/s     (591.3715 GFlop/s per process)    39%    2160.4 sec left
CG set 2114 / 5315    591.3715 GFlop/s     (591.3715 GFlop/s per process)    39%    2159.7 sec left
CG set 2115 / 5315    591.3713 GFlop/s     (591.3713 GFlop/s per process)    39%    2159.0 sec left
CG set 2116 / 5315    591.3711 GFlop/s     (591.3711 GFlop/s per process)    39%    2158.3 sec left
CG set 2117 / 5315    591.3710 GFlop/s     (591.3710 GFlop/s per process)    39%    2157.6 sec left
CG set 2118 / 5315    591.3709 GFlop/s     (591.3709 GFlop/s per process)    39%    2157.0 sec left
CG set 2119 / 5315    591.3706 GFlop/s     (591.3706 GFlop/s per process)    39%    2156.3 sec left
CG set 2120 / 5315    591.3708 GFlop/s     (591.3708 GFlop/s per process)    39%    2155.6 sec left
CG set 2121 / 5315    591.3708 GFlop/s     (591.3708 GFlop/s per process)    39%    2154.9 sec left
CG set 2122 / 5315    591.3707 GFlop/s     (591.3707 GFlop/s per process)    39%    2154.2 sec left
CG set 2123 / 5315    591.3704 GFlop/s     (591.3704 GFlop/s per process)    39%    2153.5 sec left
CG set 2124 / 5315    591.3699 GFlop/s     (591.3699 GFlop/s per process)    39%    2152.9 sec left
CG set 2125 / 5315    591.3695 GFlop/s     (591.3695 GFlop/s per process)    39%    2152.2 sec left
CG set 2126 / 5315    591.3693 GFlop/s     (591.3693 GFlop/s per process)    40%    2151.5 sec left
CG set 2127 / 5315    591.3690 GFlop/s     (591.3690 GFlop/s per process)    40%    2150.8 sec left
CG set 2128 / 5315    591.3688 GFlop/s     (591.3688 GFlop/s per process)    40%    2150.1 sec left
CG set 2129 / 5315    591.3685 GFlop/s     (591.3685 GFlop/s per process)    40%    2149.4 sec left
CG set 2130 / 5315    591.3684 GFlop/s     (591.3684 GFlop/s per process)    40%    2148.8 sec left
CG set 2131 / 5315    591.3683 GFlop/s     (591.3683 GFlop/s per process)    40%    2148.1 sec left
CG set 2132 / 5315    591.3682 GFlop/s     (591.3682 GFlop/s per process)    40%    2147.4 sec left
CG set 2133 / 5315    591.3681 GFlop/s     (591.3681 GFlop/s per process)    40%    2146.7 sec left
CG set 2134 / 5315    591.3676 GFlop/s     (591.3676 GFlop/s per process)    40%    2146.0 sec left
CG set 2135 / 5315    591.3676 GFlop/s     (591.3676 GFlop/s per process)    40%    2145.4 sec left
CG set 2136 / 5315    591.3674 GFlop/s     (591.3674 GFlop/s per process)    40%    2144.7 sec left
CG set 2137 / 5315    591.3675 GFlop/s     (591.3675 GFlop/s per process)    40%    2144.0 sec left
CG set 2138 / 5315    591.3672 GFlop/s     (591.3672 GFlop/s per process)    40%    2143.3 sec left
CG set 2139 / 5315    591.3669 GFlop/s     (591.3669 GFlop/s per process)    40%    2142.6 sec left
CG set 2140 / 5315    591.3667 GFlop/s     (591.3667 GFlop/s per process)    40%    2142.0 sec left
CG set 2141 / 5315    591.3668 GFlop/s     (591.3668 GFlop/s per process)    40%    2141.3 sec left
CG set 2142 / 5315    591.3667 GFlop/s     (591.3667 GFlop/s per process)    40%    2140.6 sec left
CG set 2143 / 5315    591.3667 GFlop/s     (591.3667 GFlop/s per process)    40%    2139.9 sec left
CG set 2144 / 5315    591.3664 GFlop/s     (591.3664 GFlop/s per process)    40%    2139.2 sec left
CG set 2145 / 5315    591.3668 GFlop/s     (591.3668 GFlop/s per process)    40%    2138.5 sec left
CG set 2146 / 5315    591.3667 GFlop/s     (591.3667 GFlop/s per process)    40%    2137.9 sec left
CG set 2147 / 5315    591.3667 GFlop/s     (591.3667 GFlop/s per process)    40%    2137.2 sec left
CG set 2148 / 5315    591.3667 GFlop/s     (591.3667 GFlop/s per process)    40%    2136.5 sec left
CG set 2149 / 5315    591.3666 GFlop/s     (591.3666 GFlop/s per process)    40%    2135.8 sec left
CG set 2150 / 5315    591.3666 GFlop/s     (591.3666 GFlop/s per process)    40%    2135.1 sec left
CG set 2151 / 5315    591.3664 GFlop/s     (591.3664 GFlop/s per process)    40%    2134.5 sec left
CG set 2152 / 5315    591.3663 GFlop/s     (591.3663 GFlop/s per process)    40%    2133.8 sec left
CG set 2153 / 5315    591.3658 GFlop/s     (591.3658 GFlop/s per process)    40%    2133.1 sec left
CG set 2154 / 5315    591.3655 GFlop/s     (591.3655 GFlop/s per process)    40%    2132.4 sec left
CG set 2155 / 5315    591.3658 GFlop/s     (591.3658 GFlop/s per process)    40%    2131.7 sec left
CG set 2156 / 5315    591.3658 GFlop/s     (591.3658 GFlop/s per process)    40%    2131.0 sec left
CG set 2157 / 5315    591.3659 GFlop/s     (591.3659 GFlop/s per process)    40%    2130.4 sec left
CG set 2158 / 5315    591.3659 GFlop/s     (591.3659 GFlop/s per process)    40%    2129.7 sec left
CG set 2159 / 5315    591.3662 GFlop/s     (591.3662 GFlop/s per process)    40%    2129.0 sec left
CG set 2160 / 5315    591.3662 GFlop/s     (591.3662 GFlop/s per process)    40%    2128.3 sec left
CG set 2161 / 5315    591.3661 GFlop/s     (591.3661 GFlop/s per process)    40%    2127.6 sec left
CG set 2162 / 5315    591.3659 GFlop/s     (591.3659 GFlop/s per process)    40%    2127.0 sec left
CG set 2163 / 5315    591.3662 GFlop/s     (591.3662 GFlop/s per process)    40%    2126.3 sec left
CG set 2164 / 5315    591.3660 GFlop/s     (591.3660 GFlop/s per process)    40%    2125.6 sec left
CG set 2165 / 5315    591.3659 GFlop/s     (591.3659 GFlop/s per process)    40%    2124.9 sec left
CG set 2166 / 5315    591.3659 GFlop/s     (591.3659 GFlop/s per process)    40%    2124.2 sec left
CG set 2167 / 5315    591.3661 GFlop/s     (591.3661 GFlop/s per process)    40%    2123.6 sec left
CG set 2168 / 5315    591.3662 GFlop/s     (591.3662 GFlop/s per process)    40%    2122.9 sec left
CG set 2169 / 5315    591.3663 GFlop/s     (591.3663 GFlop/s per process)    40%    2122.2 sec left
CG set 2170 / 5315    591.3663 GFlop/s     (591.3663 GFlop/s per process)    40%    2121.5 sec left
CG set 2171 / 5315    591.3662 GFlop/s     (591.3662 GFlop/s per process)    40%    2120.8 sec left
CG set 2172 / 5315    591.3661 GFlop/s     (591.3661 GFlop/s per process)    40%    2120.1 sec left
CG set 2173 / 5315    591.3661 GFlop/s     (591.3661 GFlop/s per process)    40%    2119.5 sec left
CG set 2174 / 5315    591.3660 GFlop/s     (591.3660 GFlop/s per process)    40%    2118.8 sec left
CG set 2175 / 5315    591.3661 GFlop/s     (591.3661 GFlop/s per process)    40%    2118.1 sec left
CG set 2176 / 5315    591.3657 GFlop/s     (591.3657 GFlop/s per process)    40%    2117.4 sec left
CG set 2177 / 5315    591.3657 GFlop/s     (591.3657 GFlop/s per process)    40%    2116.7 sec left
CG set 2178 / 5315    591.3656 GFlop/s     (591.3656 GFlop/s per process)    40%    2116.1 sec left
CG set 2179 / 5315    591.3657 GFlop/s     (591.3657 GFlop/s per process)    40%    2115.4 sec left
CG set 2180 / 5315    591.3655 GFlop/s     (591.3655 GFlop/s per process)    41%    2114.7 sec left
CG set 2181 / 5315    591.3651 GFlop/s     (591.3651 GFlop/s per process)    41%    2114.0 sec left
CG set 2182 / 5315    591.3648 GFlop/s     (591.3648 GFlop/s per process)    41%    2113.3 sec left
CG set 2183 / 5315    591.3647 GFlop/s     (591.3647 GFlop/s per process)    41%    2112.6 sec left
CG set 2184 / 5315    591.3645 GFlop/s     (591.3645 GFlop/s per process)    41%    2112.0 sec left
CG set 2185 / 5315    591.3641 GFlop/s     (591.3641 GFlop/s per process)    41%    2111.3 sec left
CG set 2186 / 5315    591.3644 GFlop/s     (591.3644 GFlop/s per process)    41%    2110.6 sec left
CG set 2187 / 5315    591.3640 GFlop/s     (591.3640 GFlop/s per process)    41%    2109.9 sec left
CG set 2188 / 5315    591.3636 GFlop/s     (591.3636 GFlop/s per process)    41%    2109.2 sec left
CG set 2189 / 5315    591.3637 GFlop/s     (591.3637 GFlop/s per process)    41%    2108.6 sec left
CG set 2190 / 5315    591.3640 GFlop/s     (591.3640 GFlop/s per process)    41%    2107.9 sec left
CG set 2191 / 5315    591.3641 GFlop/s     (591.3641 GFlop/s per process)    41%    2107.2 sec left
CG set 2192 / 5315    591.3642 GFlop/s     (591.3642 GFlop/s per process)    41%    2106.5 sec left
CG set 2193 / 5315    591.3644 GFlop/s     (591.3644 GFlop/s per process)    41%    2105.8 sec left
CG set 2194 / 5315    591.3642 GFlop/s     (591.3642 GFlop/s per process)    41%    2105.2 sec left
CG set 2195 / 5315    591.3641 GFlop/s     (591.3641 GFlop/s per process)    41%    2104.5 sec left
CG set 2196 / 5315    591.3641 GFlop/s     (591.3641 GFlop/s per process)    41%    2103.8 sec left
CG set 2197 / 5315    591.3642 GFlop/s     (591.3642 GFlop/s per process)    41%    2103.1 sec left
CG set 2198 / 5315    591.3637 GFlop/s     (591.3637 GFlop/s per process)    41%    2102.4 sec left
CG set 2199 / 5315    591.3635 GFlop/s     (591.3635 GFlop/s per process)    41%    2101.7 sec left
CG set 2200 / 5315    591.3631 GFlop/s     (591.3631 GFlop/s per process)    41%    2101.1 sec left
CG set 2201 / 5315    591.3631 GFlop/s     (591.3631 GFlop/s per process)    41%    2100.4 sec left
CG set 2202 / 5315    591.3629 GFlop/s     (591.3629 GFlop/s per process)    41%    2099.7 sec left
CG set 2203 / 5315    591.3632 GFlop/s     (591.3632 GFlop/s per process)    41%    2099.0 sec left
CG set 2204 / 5315    591.3632 GFlop/s     (591.3632 GFlop/s per process)    41%    2098.3 sec left
CG set 2205 / 5315    591.3628 GFlop/s     (591.3628 GFlop/s per process)    41%    2097.7 sec left
CG set 2206 / 5315    591.3629 GFlop/s     (591.3629 GFlop/s per process)    41%    2097.0 sec left
CG set 2207 / 5315    591.3629 GFlop/s     (591.3629 GFlop/s per process)    41%    2096.3 sec left
CG set 2208 / 5315    591.3623 GFlop/s     (591.3623 GFlop/s per process)    41%    2095.6 sec left
CG set 2209 / 5315    591.3623 GFlop/s     (591.3623 GFlop/s per process)    41%    2094.9 sec left
CG set 2210 / 5315    591.3620 GFlop/s     (591.3620 GFlop/s per process)    41%    2094.2 sec left
CG set 2211 / 5315    591.3619 GFlop/s     (591.3619 GFlop/s per process)    41%    2093.6 sec left
CG set 2212 / 5315    591.3618 GFlop/s     (591.3618 GFlop/s per process)    41%    2092.9 sec left
CG set 2213 / 5315    591.3618 GFlop/s     (591.3618 GFlop/s per process)    41%    2092.2 sec left
CG set 2214 / 5315    591.3618 GFlop/s     (591.3618 GFlop/s per process)    41%    2091.5 sec left
CG set 2215 / 5315    591.3618 GFlop/s     (591.3618 GFlop/s per process)    41%    2090.8 sec left
CG set 2216 / 5315    591.3615 GFlop/s     (591.3615 GFlop/s per process)    41%    2090.2 sec left
CG set 2217 / 5315    591.3613 GFlop/s     (591.3613 GFlop/s per process)    41%    2089.5 sec left
CG set 2218 / 5315    591.3611 GFlop/s     (591.3611 GFlop/s per process)    41%    2088.8 sec left
CG set 2219 / 5315    591.3613 GFlop/s     (591.3613 GFlop/s per process)    41%    2088.1 sec left
CG set 2220 / 5315    591.3615 GFlop/s     (591.3615 GFlop/s per process)    41%    2087.4 sec left
CG set 2221 / 5315    591.3613 GFlop/s     (591.3613 GFlop/s per process)    41%    2086.7 sec left
CG set 2222 / 5315    591.3615 GFlop/s     (591.3615 GFlop/s per process)    41%    2086.1 sec left
CG set 2223 / 5315    591.3615 GFlop/s     (591.3615 GFlop/s per process)    41%    2085.4 sec left
CG set 2224 / 5315    591.3613 GFlop/s     (591.3613 GFlop/s per process)    41%    2084.7 sec left
CG set 2225 / 5315    591.3611 GFlop/s     (591.3611 GFlop/s per process)    41%    2084.0 sec left
CG set 2226 / 5315    591.3610 GFlop/s     (591.3610 GFlop/s per process)    41%    2083.3 sec left
CG set 2227 / 5315    591.3613 GFlop/s     (591.3613 GFlop/s per process)    41%    2082.7 sec left
CG set 2228 / 5315    591.3611 GFlop/s     (591.3611 GFlop/s per process)    41%    2082.0 sec left
CG set 2229 / 5315    591.3609 GFlop/s     (591.3609 GFlop/s per process)    41%    2081.3 sec left
CG set 2230 / 5315    591.3614 GFlop/s     (591.3614 GFlop/s per process)    41%    2080.6 sec left
CG set 2231 / 5315    591.3614 GFlop/s     (591.3614 GFlop/s per process)    41%    2079.9 sec left
CG set 2232 / 5315    591.3613 GFlop/s     (591.3613 GFlop/s per process)    41%    2079.3 sec left
CG set 2233 / 5315    591.3614 GFlop/s     (591.3614 GFlop/s per process)    42%    2078.6 sec left
CG set 2234 / 5315    591.3613 GFlop/s     (591.3613 GFlop/s per process)    42%    2077.9 sec left
CG set 2235 / 5315    591.3611 GFlop/s     (591.3611 GFlop/s per process)    42%    2077.2 sec left
CG set 2236 / 5315    591.3609 GFlop/s     (591.3609 GFlop/s per process)    42%    2076.5 sec left
CG set 2237 / 5315    591.3606 GFlop/s     (591.3606 GFlop/s per process)    42%    2075.8 sec left
CG set 2238 / 5315    591.3602 GFlop/s     (591.3602 GFlop/s per process)    42%    2075.2 sec left
CG set 2239 / 5315    591.3599 GFlop/s     (591.3599 GFlop/s per process)    42%    2074.5 sec left
CG set 2240 / 5315    591.3599 GFlop/s     (591.3599 GFlop/s per process)    42%    2073.8 sec left
CG set 2241 / 5315    591.3599 GFlop/s     (591.3599 GFlop/s per process)    42%    2073.1 sec left
CG set 2242 / 5315    591.3597 GFlop/s     (591.3597 GFlop/s per process)    42%    2072.4 sec left
CG set 2243 / 5315    591.3597 GFlop/s     (591.3597 GFlop/s per process)    42%    2071.8 sec left
CG set 2244 / 5315    591.3599 GFlop/s     (591.3599 GFlop/s per process)    42%    2071.1 sec left
CG set 2245 / 5315    591.3596 GFlop/s     (591.3596 GFlop/s per process)    42%    2070.4 sec left
CG set 2246 / 5315    591.3599 GFlop/s     (591.3599 GFlop/s per process)    42%    2069.7 sec left
CG set 2247 / 5315    591.3598 GFlop/s     (591.3598 GFlop/s per process)    42%    2069.0 sec left
CG set 2248 / 5315    591.3600 GFlop/s     (591.3600 GFlop/s per process)    42%    2068.3 sec left
CG set 2249 / 5315    591.3601 GFlop/s     (591.3601 GFlop/s per process)    42%    2067.7 sec left
CG set 2250 / 5315    591.3603 GFlop/s     (591.3603 GFlop/s per process)    42%    2067.0 sec left
CG set 2251 / 5315    591.3602 GFlop/s     (591.3602 GFlop/s per process)    42%    2066.3 sec left
CG set 2252 / 5315    591.3602 GFlop/s     (591.3602 GFlop/s per process)    42%    2065.6 sec left
CG set 2253 / 5315    591.3602 GFlop/s     (591.3602 GFlop/s per process)    42%    2064.9 sec left
CG set 2254 / 5315    591.3602 GFlop/s     (591.3602 GFlop/s per process)    42%    2064.3 sec left
CG set 2255 / 5315    591.3600 GFlop/s     (591.3600 GFlop/s per process)    42%    2063.6 sec left
CG set 2256 / 5315    591.3600 GFlop/s     (591.3600 GFlop/s per process)    42%    2062.9 sec left
CG set 2257 / 5315    591.3601 GFlop/s     (591.3601 GFlop/s per process)    42%    2062.2 sec left
CG set 2258 / 5315    591.3604 GFlop/s     (591.3604 GFlop/s per process)    42%    2061.5 sec left
CG set 2259 / 5315    591.3602 GFlop/s     (591.3602 GFlop/s per process)    42%    2060.9 sec left
CG set 2260 / 5315    591.3599 GFlop/s     (591.3599 GFlop/s per process)    42%    2060.2 sec left
CG set 2261 / 5315    591.3599 GFlop/s     (591.3599 GFlop/s per process)    42%    2059.5 sec left
CG set 2262 / 5315    591.3601 GFlop/s     (591.3601 GFlop/s per process)    42%    2058.8 sec left
CG set 2263 / 5315    591.3602 GFlop/s     (591.3602 GFlop/s per process)    42%    2058.1 sec left
CG set 2264 / 5315    591.3606 GFlop/s     (591.3606 GFlop/s per process)    42%    2057.4 sec left
CG set 2265 / 5315    591.3606 GFlop/s     (591.3606 GFlop/s per process)    42%    2056.8 sec left
CG set 2266 / 5315    591.3607 GFlop/s     (591.3607 GFlop/s per process)    42%    2056.1 sec left
CG set 2267 / 5315    591.3603 GFlop/s     (591.3603 GFlop/s per process)    42%    2055.4 sec left
CG set 2268 / 5315    591.3604 GFlop/s     (591.3604 GFlop/s per process)    42%    2054.7 sec left
CG set 2269 / 5315    591.3606 GFlop/s     (591.3606 GFlop/s per process)    42%    2054.0 sec left
CG set 2270 / 5315    591.3605 GFlop/s     (591.3605 GFlop/s per process)    42%    2053.4 sec left
CG set 2271 / 5315    591.3602 GFlop/s     (591.3602 GFlop/s per process)    42%    2052.7 sec left
CG set 2272 / 5315    591.3601 GFlop/s     (591.3601 GFlop/s per process)    42%    2052.0 sec left
CG set 2273 / 5315    591.3601 GFlop/s     (591.3601 GFlop/s per process)    42%    2051.3 sec left
CG set 2274 / 5315    591.3600 GFlop/s     (591.3600 GFlop/s per process)    42%    2050.6 sec left
CG set 2275 / 5315    591.3599 GFlop/s     (591.3599 GFlop/s per process)    42%    2050.0 sec left
CG set 2276 / 5315    591.3597 GFlop/s     (591.3597 GFlop/s per process)    42%    2049.3 sec left
CG set 2277 / 5315    591.3595 GFlop/s     (591.3595 GFlop/s per process)    42%    2048.6 sec left
CG set 2278 / 5315    591.3594 GFlop/s     (591.3594 GFlop/s per process)    42%    2047.9 sec left
CG set 2279 / 5315    591.3595 GFlop/s     (591.3595 GFlop/s per process)    42%    2047.2 sec left
CG set 2280 / 5315    591.3594 GFlop/s     (591.3594 GFlop/s per process)    42%    2046.5 sec left
CG set 2281 / 5315    591.3592 GFlop/s     (591.3592 GFlop/s per process)    42%    2045.9 sec left
CG set 2282 / 5315    591.3591 GFlop/s     (591.3591 GFlop/s per process)    42%    2045.2 sec left
CG set 2283 / 5315    591.3592 GFlop/s     (591.3592 GFlop/s per process)    42%    2044.5 sec left
CG set 2284 / 5315    591.3594 GFlop/s     (591.3594 GFlop/s per process)    42%    2043.8 sec left
CG set 2285 / 5315    591.3594 GFlop/s     (591.3594 GFlop/s per process)    42%    2043.1 sec left
CG set 2286 / 5315    591.3594 GFlop/s     (591.3594 GFlop/s per process)    43%    2042.5 sec left
CG set 2287 / 5315    591.3592 GFlop/s     (591.3592 GFlop/s per process)    43%    2041.8 sec left
CG set 2288 / 5315    591.3589 GFlop/s     (591.3589 GFlop/s per process)    43%    2041.1 sec left
CG set 2289 / 5315    591.3589 GFlop/s     (591.3589 GFlop/s per process)    43%    2040.4 sec left
CG set 2290 / 5315    591.3589 GFlop/s     (591.3589 GFlop/s per process)    43%    2039.7 sec left
CG set 2291 / 5315    591.3588 GFlop/s     (591.3588 GFlop/s per process)    43%    2039.0 sec left
CG set 2292 / 5315    591.3589 GFlop/s     (591.3589 GFlop/s per process)    43%    2038.4 sec left
CG set 2293 / 5315    591.3588 GFlop/s     (591.3588 GFlop/s per process)    43%    2037.7 sec left
CG set 2294 / 5315    591.3585 GFlop/s     (591.3585 GFlop/s per process)    43%    2037.0 sec left
CG set 2295 / 5315    591.3583 GFlop/s     (591.3583 GFlop/s per process)    43%    2036.3 sec left
CG set 2296 / 5315    591.3584 GFlop/s     (591.3584 GFlop/s per process)    43%    2035.6 sec left
CG set 2297 / 5315    591.3585 GFlop/s     (591.3585 GFlop/s per process)    43%    2035.0 sec left
CG set 2298 / 5315    591.3584 GFlop/s     (591.3584 GFlop/s per process)    43%    2034.3 sec left
CG set 2299 / 5315    591.3586 GFlop/s     (591.3586 GFlop/s per process)    43%    2033.6 sec left
CG set 2300 / 5315    591.3587 GFlop/s     (591.3587 GFlop/s per process)    43%    2032.9 sec left
CG set 2301 / 5315    591.3586 GFlop/s     (591.3586 GFlop/s per process)    43%    2032.2 sec left
CG set 2302 / 5315    591.3583 GFlop/s     (591.3583 GFlop/s per process)    43%    2031.6 sec left
CG set 2303 / 5315    591.3583 GFlop/s     (591.3583 GFlop/s per process)    43%    2030.9 sec left
CG set 2304 / 5315    591.3583 GFlop/s     (591.3583 GFlop/s per process)    43%    2030.2 sec left
CG set 2305 / 5315    591.3581 GFlop/s     (591.3581 GFlop/s per process)    43%    2029.5 sec left
CG set 2306 / 5315    591.3582 GFlop/s     (591.3582 GFlop/s per process)    43%    2028.8 sec left
CG set 2307 / 5315    591.3584 GFlop/s     (591.3584 GFlop/s per process)    43%    2028.1 sec left
CG set 2308 / 5315    591.3585 GFlop/s     (591.3585 GFlop/s per process)    43%    2027.5 sec left
CG set 2309 / 5315    591.3586 GFlop/s     (591.3586 GFlop/s per process)    43%    2026.8 sec left
CG set 2310 / 5315    591.3583 GFlop/s     (591.3583 GFlop/s per process)    43%    2026.1 sec left
CG set 2311 / 5315    591.3581 GFlop/s     (591.3581 GFlop/s per process)    43%    2025.4 sec left
CG set 2312 / 5315    591.3584 GFlop/s     (591.3584 GFlop/s per process)    43%    2024.7 sec left
CG set 2313 / 5315    591.3582 GFlop/s     (591.3582 GFlop/s per process)    43%    2024.1 sec left
CG set 2314 / 5315    591.3577 GFlop/s     (591.3577 GFlop/s per process)    43%    2023.4 sec left
CG set 2315 / 5315    591.3577 GFlop/s     (591.3577 GFlop/s per process)    43%    2022.7 sec left
CG set 2316 / 5315    591.3578 GFlop/s     (591.3578 GFlop/s per process)    43%    2022.0 sec left
CG set 2317 / 5315    591.3578 GFlop/s     (591.3578 GFlop/s per process)    43%    2021.3 sec left
CG set 2318 / 5315    591.3577 GFlop/s     (591.3577 GFlop/s per process)    43%    2020.6 sec left
CG set 2319 / 5315    591.3575 GFlop/s     (591.3575 GFlop/s per process)    43%    2020.0 sec left
CG set 2320 / 5315    591.3572 GFlop/s     (591.3572 GFlop/s per process)    43%    2019.3 sec left
CG set 2321 / 5315    591.3572 GFlop/s     (591.3572 GFlop/s per process)    43%    2018.6 sec left
CG set 2322 / 5315    591.3570 GFlop/s     (591.3570 GFlop/s per process)    43%    2017.9 sec left
CG set 2323 / 5315    591.3569 GFlop/s     (591.3569 GFlop/s per process)    43%    2017.2 sec left
CG set 2324 / 5315    591.3567 GFlop/s     (591.3567 GFlop/s per process)    43%    2016.6 sec left
CG set 2325 / 5315    591.3566 GFlop/s     (591.3566 GFlop/s per process)    43%    2015.9 sec left
CG set 2326 / 5315    591.3564 GFlop/s     (591.3564 GFlop/s per process)    43%    2015.2 sec left
CG set 2327 / 5315    591.3563 GFlop/s     (591.3563 GFlop/s per process)    43%    2014.5 sec left
CG set 2328 / 5315    591.3562 GFlop/s     (591.3562 GFlop/s per process)    43%    2013.8 sec left
CG set 2329 / 5315    591.3561 GFlop/s     (591.3561 GFlop/s per process)    43%    2013.2 sec left
CG set 2330 / 5315    591.3557 GFlop/s     (591.3557 GFlop/s per process)    43%    2012.5 sec left
CG set 2331 / 5315    591.3558 GFlop/s     (591.3558 GFlop/s per process)    43%    2011.8 sec left
CG set 2332 / 5315    591.3560 GFlop/s     (591.3560 GFlop/s per process)    43%    2011.1 sec left
CG set 2333 / 5315    591.3561 GFlop/s     (591.3561 GFlop/s per process)    43%    2010.4 sec left
CG set 2334 / 5315    591.3560 GFlop/s     (591.3560 GFlop/s per process)    43%    2009.7 sec left
CG set 2335 / 5315    591.3561 GFlop/s     (591.3561 GFlop/s per process)    43%    2009.1 sec left
CG set 2336 / 5315    591.3558 GFlop/s     (591.3558 GFlop/s per process)    43%    2008.4 sec left
CG set 2337 / 5315    591.3558 GFlop/s     (591.3558 GFlop/s per process)    43%    2007.7 sec left
CG set 2338 / 5315    591.3554 GFlop/s     (591.3554 GFlop/s per process)    43%    2007.0 sec left
CG set 2339 / 5315    591.3553 GFlop/s     (591.3553 GFlop/s per process)    44%    2006.3 sec left
CG set 2340 / 5315    591.3555 GFlop/s     (591.3555 GFlop/s per process)    44%    2005.7 sec left
CG set 2341 / 5315    591.3553 GFlop/s     (591.3553 GFlop/s per process)    44%    2005.0 sec left
CG set 2342 / 5315    591.3547 GFlop/s     (591.3547 GFlop/s per process)    44%    2004.3 sec left
CG set 2343 / 5315    591.3551 GFlop/s     (591.3551 GFlop/s per process)    44%    2003.6 sec left
CG set 2344 / 5315    591.3551 GFlop/s     (591.3551 GFlop/s per process)    44%    2002.9 sec left
CG set 2345 / 5315    591.3553 GFlop/s     (591.3553 GFlop/s per process)    44%    2002.2 sec left
CG set 2346 / 5315    591.3552 GFlop/s     (591.3552 GFlop/s per process)    44%    2001.6 sec left
CG set 2347 / 5315    591.3552 GFlop/s     (591.3552 GFlop/s per process)    44%    2000.9 sec left
CG set 2348 / 5315    591.3553 GFlop/s     (591.3553 GFlop/s per process)    44%    2000.2 sec left
CG set 2349 / 5315    591.3552 GFlop/s     (591.3552 GFlop/s per process)    44%    1999.5 sec left
CG set 2350 / 5315    591.3549 GFlop/s     (591.3549 GFlop/s per process)    44%    1998.8 sec left
CG set 2351 / 5315    591.3547 GFlop/s     (591.3547 GFlop/s per process)    44%    1998.2 sec left
CG set 2352 / 5315    591.3545 GFlop/s     (591.3545 GFlop/s per process)    44%    1997.5 sec left
CG set 2353 / 5315    591.3542 GFlop/s     (591.3542 GFlop/s per process)    44%    1996.8 sec left
CG set 2354 / 5315    591.3544 GFlop/s     (591.3544 GFlop/s per process)    44%    1996.1 sec left
CG set 2355 / 5315    591.3543 GFlop/s     (591.3543 GFlop/s per process)    44%    1995.4 sec left
CG set 2356 / 5315    591.3547 GFlop/s     (591.3547 GFlop/s per process)    44%    1994.8 sec left
CG set 2357 / 5315    591.3544 GFlop/s     (591.3544 GFlop/s per process)    44%    1994.1 sec left
CG set 2358 / 5315    591.3544 GFlop/s     (591.3544 GFlop/s per process)    44%    1993.4 sec left
CG set 2359 / 5315    591.3543 GFlop/s     (591.3543 GFlop/s per process)    44%    1992.7 sec left
CG set 2360 / 5315    591.3542 GFlop/s     (591.3542 GFlop/s per process)    44%    1992.0 sec left
CG set 2361 / 5315    591.3541 GFlop/s     (591.3541 GFlop/s per process)    44%    1991.3 sec left
CG set 2362 / 5315    591.3542 GFlop/s     (591.3542 GFlop/s per process)    44%    1990.7 sec left
CG set 2363 / 5315    591.3539 GFlop/s     (591.3539 GFlop/s per process)    44%    1990.0 sec left
CG set 2364 / 5315    591.3537 GFlop/s     (591.3537 GFlop/s per process)    44%    1989.3 sec left
CG set 2365 / 5315    591.3534 GFlop/s     (591.3534 GFlop/s per process)    44%    1988.6 sec left
CG set 2366 / 5315    591.3532 GFlop/s     (591.3532 GFlop/s per process)    44%    1987.9 sec left
CG set 2367 / 5315    591.3532 GFlop/s     (591.3532 GFlop/s per process)    44%    1987.3 sec left
CG set 2368 / 5315    591.3529 GFlop/s     (591.3529 GFlop/s per process)    44%    1986.6 sec left
CG set 2369 / 5315    591.3528 GFlop/s     (591.3528 GFlop/s per process)    44%    1985.9 sec left
CG set 2370 / 5315    591.3528 GFlop/s     (591.3528 GFlop/s per process)    44%    1985.2 sec left
CG set 2371 / 5315    591.3527 GFlop/s     (591.3527 GFlop/s per process)    44%    1984.5 sec left
CG set 2372 / 5315    591.3526 GFlop/s     (591.3526 GFlop/s per process)    44%    1983.8 sec left
CG set 2373 / 5315    591.3521 GFlop/s     (591.3521 GFlop/s per process)    44%    1983.2 sec left
CG set 2374 / 5315    591.3520 GFlop/s     (591.3520 GFlop/s per process)    44%    1982.5 sec left
CG set 2375 / 5315    591.3521 GFlop/s     (591.3521 GFlop/s per process)    44%    1981.8 sec left
CG set 2376 / 5315    591.3521 GFlop/s     (591.3521 GFlop/s per process)    44%    1981.1 sec left
CG set 2377 / 5315    591.3519 GFlop/s     (591.3519 GFlop/s per process)    44%    1980.4 sec left
CG set 2378 / 5315    591.3518 GFlop/s     (591.3518 GFlop/s per process)    44%    1979.8 sec left
CG set 2379 / 5315    591.3516 GFlop/s     (591.3516 GFlop/s per process)    44%    1979.1 sec left
CG set 2380 / 5315    591.3516 GFlop/s     (591.3516 GFlop/s per process)    44%    1978.4 sec left
CG set 2381 / 5315    591.3515 GFlop/s     (591.3515 GFlop/s per process)    44%    1977.7 sec left
CG set 2382 / 5315    591.3512 GFlop/s     (591.3512 GFlop/s per process)    44%    1977.0 sec left
CG set 2383 / 5315    591.3514 GFlop/s     (591.3514 GFlop/s per process)    44%    1976.3 sec left
CG set 2384 / 5315    591.3514 GFlop/s     (591.3514 GFlop/s per process)    44%    1975.7 sec left
CG set 2385 / 5315    591.3514 GFlop/s     (591.3514 GFlop/s per process)    44%    1975.0 sec left
CG set 2386 / 5315    591.3512 GFlop/s     (591.3512 GFlop/s per process)    44%    1974.3 sec left
CG set 2387 / 5315    591.3508 GFlop/s     (591.3508 GFlop/s per process)    44%    1973.6 sec left
CG set 2388 / 5315    591.3507 GFlop/s     (591.3507 GFlop/s per process)    44%    1972.9 sec left
CG set 2389 / 5315    591.3507 GFlop/s     (591.3507 GFlop/s per process)    44%    1972.3 sec left
CG set 2390 / 5315    591.3508 GFlop/s     (591.3508 GFlop/s per process)    44%    1971.6 sec left
CG set 2391 / 5315    591.3507 GFlop/s     (591.3507 GFlop/s per process)    44%    1970.9 sec left
CG set 2392 / 5315    591.3506 GFlop/s     (591.3506 GFlop/s per process)    45%    1970.2 sec left
CG set 2393 / 5315    591.3505 GFlop/s     (591.3505 GFlop/s per process)    45%    1969.5 sec left
CG set 2394 / 5315    591.3501 GFlop/s     (591.3501 GFlop/s per process)    45%    1968.8 sec left
CG set 2395 / 5315    591.3498 GFlop/s     (591.3498 GFlop/s per process)    45%    1968.2 sec left
CG set 2396 / 5315    591.3494 GFlop/s     (591.3494 GFlop/s per process)    45%    1967.5 sec left
CG set 2397 / 5315    591.3497 GFlop/s     (591.3497 GFlop/s per process)    45%    1966.8 sec left
CG set 2398 / 5315    591.3497 GFlop/s     (591.3497 GFlop/s per process)    45%    1966.1 sec left
CG set 2399 / 5315    591.3497 GFlop/s     (591.3497 GFlop/s per process)    45%    1965.4 sec left
CG set 2400 / 5315    591.3501 GFlop/s     (591.3501 GFlop/s per process)    45%    1964.8 sec left
CG set 2401 / 5315    591.3502 GFlop/s     (591.3502 GFlop/s per process)    45%    1964.1 sec left
CG set 2402 / 5315    591.3499 GFlop/s     (591.3499 GFlop/s per process)    45%    1963.4 sec left
CG set 2403 / 5315    591.3500 GFlop/s     (591.3500 GFlop/s per process)    45%    1962.7 sec left
CG set 2404 / 5315    591.3499 GFlop/s     (591.3499 GFlop/s per process)    45%    1962.0 sec left
CG set 2405 / 5315    591.3501 GFlop/s     (591.3501 GFlop/s per process)    45%    1961.4 sec left
CG set 2406 / 5315    591.3502 GFlop/s     (591.3502 GFlop/s per process)    45%    1960.7 sec left
CG set 2407 / 5315    591.3498 GFlop/s     (591.3498 GFlop/s per process)    45%    1960.0 sec left
CG set 2408 / 5315    591.3500 GFlop/s     (591.3500 GFlop/s per process)    45%    1959.3 sec left
CG set 2409 / 5315    591.3498 GFlop/s     (591.3498 GFlop/s per process)    45%    1958.6 sec left
CG set 2410 / 5315    591.3494 GFlop/s     (591.3494 GFlop/s per process)    45%    1957.9 sec left
CG set 2411 / 5315    591.3494 GFlop/s     (591.3494 GFlop/s per process)    45%    1957.3 sec left
CG set 2412 / 5315    591.3495 GFlop/s     (591.3495 GFlop/s per process)    45%    1956.6 sec left
CG set 2413 / 5315    591.3496 GFlop/s     (591.3496 GFlop/s per process)    45%    1955.9 sec left
CG set 2414 / 5315    591.3494 GFlop/s     (591.3494 GFlop/s per process)    45%    1955.2 sec left
CG set 2415 / 5315    591.3494 GFlop/s     (591.3494 GFlop/s per process)    45%    1954.5 sec left
CG set 2416 / 5315    591.3493 GFlop/s     (591.3493 GFlop/s per process)    45%    1953.9 sec left
CG set 2417 / 5315    591.3492 GFlop/s     (591.3492 GFlop/s per process)    45%    1953.2 sec left
CG set 2418 / 5315    591.3493 GFlop/s     (591.3493 GFlop/s per process)    45%    1952.5 sec left
CG set 2419 / 5315    591.3495 GFlop/s     (591.3495 GFlop/s per process)    45%    1951.8 sec left
CG set 2420 / 5315    591.3498 GFlop/s     (591.3498 GFlop/s per process)    45%    1951.1 sec left
CG set 2421 / 5315    591.3498 GFlop/s     (591.3498 GFlop/s per process)    45%    1950.4 sec left
CG set 2422 / 5315    591.3499 GFlop/s     (591.3499 GFlop/s per process)    45%    1949.8 sec left
CG set 2423 / 5315    591.3499 GFlop/s     (591.3499 GFlop/s per process)    45%    1949.1 sec left
CG set 2424 / 5315    591.3502 GFlop/s     (591.3502 GFlop/s per process)    45%    1948.4 sec left
CG set 2425 / 5315    591.3499 GFlop/s     (591.3499 GFlop/s per process)    45%    1947.7 sec left
CG set 2426 / 5315    591.3498 GFlop/s     (591.3498 GFlop/s per process)    45%    1947.0 sec left
CG set 2427 / 5315    591.3498 GFlop/s     (591.3498 GFlop/s per process)    45%    1946.4 sec left
CG set 2428 / 5315    591.3500 GFlop/s     (591.3500 GFlop/s per process)    45%    1945.7 sec left
CG set 2429 / 5315    591.3499 GFlop/s     (591.3499 GFlop/s per process)    45%    1945.0 sec left
CG set 2430 / 5315    591.3503 GFlop/s     (591.3503 GFlop/s per process)    45%    1944.3 sec left
CG set 2431 / 5315    591.3500 GFlop/s     (591.3500 GFlop/s per process)    45%    1943.6 sec left
CG set 2432 / 5315    591.3502 GFlop/s     (591.3502 GFlop/s per process)    45%    1943.0 sec left
CG set 2433 / 5315    591.3503 GFlop/s     (591.3503 GFlop/s per process)    45%    1942.3 sec left
CG set 2434 / 5315    591.3500 GFlop/s     (591.3500 GFlop/s per process)    45%    1941.6 sec left
CG set 2435 / 5315    591.3500 GFlop/s     (591.3500 GFlop/s per process)    45%    1940.9 sec left
CG set 2436 / 5315    591.3500 GFlop/s     (591.3500 GFlop/s per process)    45%    1940.2 sec left
CG set 2437 / 5315    591.3497 GFlop/s     (591.3497 GFlop/s per process)    45%    1939.5 sec left
CG set 2438 / 5315    591.3494 GFlop/s     (591.3494 GFlop/s per process)    45%    1938.9 sec left
CG set 2439 / 5315    591.3495 GFlop/s     (591.3495 GFlop/s per process)    45%    1938.2 sec left
CG set 2440 / 5315    591.3495 GFlop/s     (591.3495 GFlop/s per process)    45%    1937.5 sec left
CG set 2441 / 5315    591.3496 GFlop/s     (591.3496 GFlop/s per process)    45%    1936.8 sec left
CG set 2442 / 5315    591.3496 GFlop/s     (591.3496 GFlop/s per process)    45%    1936.1 sec left
CG set 2443 / 5315    591.3493 GFlop/s     (591.3493 GFlop/s per process)    45%    1935.5 sec left
CG set 2444 / 5315    591.3492 GFlop/s     (591.3492 GFlop/s per process)    45%    1934.8 sec left
CG set 2445 / 5315    591.3496 GFlop/s     (591.3496 GFlop/s per process)    46%    1934.1 sec left
CG set 2446 / 5315    591.3495 GFlop/s     (591.3495 GFlop/s per process)    46%    1933.4 sec left
CG set 2447 / 5315    591.3496 GFlop/s     (591.3496 GFlop/s per process)    46%    1932.7 sec left
CG set 2448 / 5315    591.3497 GFlop/s     (591.3497 GFlop/s per process)    46%    1932.1 sec left
CG set 2449 / 5315    591.3496 GFlop/s     (591.3496 GFlop/s per process)    46%    1931.4 sec left
CG set 2450 / 5315    591.3497 GFlop/s     (591.3497 GFlop/s per process)    46%    1930.7 sec left
CG set 2451 / 5315    591.3494 GFlop/s     (591.3494 GFlop/s per process)    46%    1930.0 sec left
CG set 2452 / 5315    591.3493 GFlop/s     (591.3493 GFlop/s per process)    46%    1929.3 sec left
CG set 2453 / 5315    591.3494 GFlop/s     (591.3494 GFlop/s per process)    46%    1928.6 sec left
CG set 2454 / 5315    591.3493 GFlop/s     (591.3493 GFlop/s per process)    46%    1928.0 sec left
CG set 2455 / 5315    591.3495 GFlop/s     (591.3495 GFlop/s per process)    46%    1927.3 sec left
CG set 2456 / 5315    591.3492 GFlop/s     (591.3492 GFlop/s per process)    46%    1926.6 sec left
CG set 2457 / 5315    591.3489 GFlop/s     (591.3489 GFlop/s per process)    46%    1925.9 sec left
CG set 2458 / 5315    591.3489 GFlop/s     (591.3489 GFlop/s per process)    46%    1925.2 sec left
CG set 2459 / 5315    591.3492 GFlop/s     (591.3492 GFlop/s per process)    46%    1924.6 sec left
CG set 2460 / 5315    591.3492 GFlop/s     (591.3492 GFlop/s per process)    46%    1923.9 sec left
CG set 2461 / 5315    591.3494 GFlop/s     (591.3494 GFlop/s per process)    46%    1923.2 sec left
CG set 2462 / 5315    591.3493 GFlop/s     (591.3493 GFlop/s per process)    46%    1922.5 sec left
CG set 2463 / 5315    591.3493 GFlop/s     (591.3493 GFlop/s per process)    46%    1921.8 sec left
CG set 2464 / 5315    591.3490 GFlop/s     (591.3490 GFlop/s per process)    46%    1921.1 sec left
CG set 2465 / 5315    591.3487 GFlop/s     (591.3487 GFlop/s per process)    46%    1920.5 sec left
CG set 2466 / 5315    591.3489 GFlop/s     (591.3489 GFlop/s per process)    46%    1919.8 sec left
CG set 2467 / 5315    591.3489 GFlop/s     (591.3489 GFlop/s per process)    46%    1919.1 sec left
CG set 2468 / 5315    591.3491 GFlop/s     (591.3491 GFlop/s per process)    46%    1918.4 sec left
CG set 2469 / 5315    591.3492 GFlop/s     (591.3492 GFlop/s per process)    46%    1917.7 sec left
CG set 2470 / 5315    591.3491 GFlop/s     (591.3491 GFlop/s per process)    46%    1917.1 sec left
CG set 2471 / 5315    591.3492 GFlop/s     (591.3492 GFlop/s per process)    46%    1916.4 sec left
CG set 2472 / 5315    591.3491 GFlop/s     (591.3491 GFlop/s per process)    46%    1915.7 sec left
CG set 2473 / 5315    591.3493 GFlop/s     (591.3493 GFlop/s per process)    46%    1915.0 sec left
CG set 2474 / 5315    591.3490 GFlop/s     (591.3490 GFlop/s per process)    46%    1914.3 sec left
CG set 2475 / 5315    591.3490 GFlop/s     (591.3490 GFlop/s per process)    46%    1913.7 sec left
CG set 2476 / 5315    591.3491 GFlop/s     (591.3491 GFlop/s per process)    46%    1913.0 sec left
CG set 2477 / 5315    591.3491 GFlop/s     (591.3491 GFlop/s per process)    46%    1912.3 sec left
CG set 2478 / 5315    591.3490 GFlop/s     (591.3490 GFlop/s per process)    46%    1911.6 sec left
CG set 2479 / 5315    591.3491 GFlop/s     (591.3491 GFlop/s per process)    46%    1910.9 sec left
CG set 2480 / 5315    591.3490 GFlop/s     (591.3490 GFlop/s per process)    46%    1910.2 sec left
CG set 2481 / 5315    591.3491 GFlop/s     (591.3491 GFlop/s per process)    46%    1909.6 sec left
CG set 2482 / 5315    591.3491 GFlop/s     (591.3491 GFlop/s per process)    46%    1908.9 sec left
CG set 2483 / 5315    591.3492 GFlop/s     (591.3492 GFlop/s per process)    46%    1908.2 sec left
CG set 2484 / 5315    591.3491 GFlop/s     (591.3491 GFlop/s per process)    46%    1907.5 sec left
CG set 2485 / 5315    591.3491 GFlop/s     (591.3491 GFlop/s per process)    46%    1906.8 sec left
CG set 2486 / 5315    591.3492 GFlop/s     (591.3492 GFlop/s per process)    46%    1906.2 sec left
CG set 2487 / 5315    591.3491 GFlop/s     (591.3491 GFlop/s per process)    46%    1905.5 sec left
CG set 2488 / 5315    591.3492 GFlop/s     (591.3492 GFlop/s per process)    46%    1904.8 sec left
CG set 2489 / 5315    591.3492 GFlop/s     (591.3492 GFlop/s per process)    46%    1904.1 sec left
CG set 2490 / 5315    591.3488 GFlop/s     (591.3488 GFlop/s per process)    46%    1903.4 sec left
CG set 2491 / 5315    591.3486 GFlop/s     (591.3486 GFlop/s per process)    46%    1902.8 sec left
CG set 2492 / 5315    591.3484 GFlop/s     (591.3484 GFlop/s per process)    46%    1902.1 sec left
CG set 2493 / 5315    591.3482 GFlop/s     (591.3482 GFlop/s per process)    46%    1901.4 sec left
CG set 2494 / 5315    591.3482 GFlop/s     (591.3482 GFlop/s per process)    46%    1900.7 sec left
CG set 2495 / 5315    591.3480 GFlop/s     (591.3480 GFlop/s per process)    46%    1900.0 sec left
CG set 2496 / 5315    591.3479 GFlop/s     (591.3479 GFlop/s per process)    46%    1899.3 sec left
CG set 2497 / 5315    591.3480 GFlop/s     (591.3480 GFlop/s per process)    46%    1898.7 sec left
CG set 2498 / 5315    591.3481 GFlop/s     (591.3481 GFlop/s per process)    46%    1898.0 sec left
CG set 2499 / 5315    591.3483 GFlop/s     (591.3483 GFlop/s per process)    47%    1897.3 sec left
CG set 2500 / 5315    591.3481 GFlop/s     (591.3481 GFlop/s per process)    47%    1896.6 sec left
CG set 2501 / 5315    591.3478 GFlop/s     (591.3478 GFlop/s per process)    47%    1895.9 sec left
CG set 2502 / 5315    591.3478 GFlop/s     (591.3478 GFlop/s per process)    47%    1895.3 sec left
CG set 2503 / 5315    591.3477 GFlop/s     (591.3477 GFlop/s per process)    47%    1894.6 sec left
CG set 2504 / 5315    591.3479 GFlop/s     (591.3479 GFlop/s per process)    47%    1893.9 sec left
CG set 2505 / 5315    591.3478 GFlop/s     (591.3478 GFlop/s per process)    47%    1893.2 sec left
CG set 2506 / 5315    591.3473 GFlop/s     (591.3473 GFlop/s per process)    47%    1892.5 sec left
CG set 2507 / 5315    591.3472 GFlop/s     (591.3472 GFlop/s per process)    47%    1891.8 sec left
CG set 2508 / 5315    591.3471 GFlop/s     (591.3471 GFlop/s per process)    47%    1891.2 sec left
CG set 2509 / 5315    591.3472 GFlop/s     (591.3472 GFlop/s per process)    47%    1890.5 sec left
CG set 2510 / 5315    591.3469 GFlop/s     (591.3469 GFlop/s per process)    47%    1889.8 sec left
CG set 2511 / 5315    591.3468 GFlop/s     (591.3468 GFlop/s per process)    47%    1889.1 sec left
CG set 2512 / 5315    591.3467 GFlop/s     (591.3467 GFlop/s per process)    47%    1888.4 sec left
CG set 2513 / 5315    591.3465 GFlop/s     (591.3465 GFlop/s per process)    47%    1887.8 sec left
CG set 2514 / 5315    591.3462 GFlop/s     (591.3462 GFlop/s per process)    47%    1887.1 sec left
CG set 2515 / 5315    591.3462 GFlop/s     (591.3462 GFlop/s per process)    47%    1886.4 sec left
CG set 2516 / 5315    591.3462 GFlop/s     (591.3462 GFlop/s per process)    47%    1885.7 sec left
CG set 2517 / 5315    591.3460 GFlop/s     (591.3460 GFlop/s per process)    47%    1885.0 sec left
CG set 2518 / 5315    591.3460 GFlop/s     (591.3460 GFlop/s per process)    47%    1884.3 sec left
CG set 2519 / 5315    591.3459 GFlop/s     (591.3459 GFlop/s per process)    47%    1883.7 sec left
CG set 2520 / 5315    591.3458 GFlop/s     (591.3458 GFlop/s per process)    47%    1883.0 sec left
CG set 2521 / 5315    591.3460 GFlop/s     (591.3460 GFlop/s per process)    47%    1882.3 sec left
CG set 2522 / 5315    591.3457 GFlop/s     (591.3457 GFlop/s per process)    47%    1881.6 sec left
CG set 2523 / 5315    591.3454 GFlop/s     (591.3454 GFlop/s per process)    47%    1880.9 sec left
CG set 2524 / 5315    591.3450 GFlop/s     (591.3450 GFlop/s per process)    47%    1880.3 sec left
CG set 2525 / 5315    591.3446 GFlop/s     (591.3446 GFlop/s per process)    47%    1879.6 sec left
CG set 2526 / 5315    591.3441 GFlop/s     (591.3441 GFlop/s per process)    47%    1878.9 sec left
CG set 2527 / 5315    591.3441 GFlop/s     (591.3441 GFlop/s per process)    47%    1878.2 sec left
CG set 2528 / 5315    591.3442 GFlop/s     (591.3442 GFlop/s per process)    47%    1877.5 sec left
CG set 2529 / 5315    591.3442 GFlop/s     (591.3442 GFlop/s per process)    47%    1876.8 sec left
CG set 2530 / 5315    591.3439 GFlop/s     (591.3439 GFlop/s per process)    47%    1876.2 sec left
CG set 2531 / 5315    591.3437 GFlop/s     (591.3437 GFlop/s per process)    47%    1875.5 sec left
CG set 2532 / 5315    591.3435 GFlop/s     (591.3435 GFlop/s per process)    47%    1874.8 sec left
CG set 2533 / 5315    591.3435 GFlop/s     (591.3435 GFlop/s per process)    47%    1874.1 sec left
CG set 2534 / 5315    591.3434 GFlop/s     (591.3434 GFlop/s per process)    47%    1873.4 sec left
CG set 2535 / 5315    591.3431 GFlop/s     (591.3431 GFlop/s per process)    47%    1872.8 sec left
CG set 2536 / 5315    591.3427 GFlop/s     (591.3427 GFlop/s per process)    47%    1872.1 sec left
CG set 2537 / 5315    591.3423 GFlop/s     (591.3423 GFlop/s per process)    47%    1871.4 sec left
CG set 2538 / 5315    591.3421 GFlop/s     (591.3421 GFlop/s per process)    47%    1870.7 sec left
CG set 2539 / 5315    591.3419 GFlop/s     (591.3419 GFlop/s per process)    47%    1870.0 sec left
CG set 2540 / 5315    591.3417 GFlop/s     (591.3417 GFlop/s per process)    47%    1869.3 sec left
CG set 2541 / 5315    591.3413 GFlop/s     (591.3413 GFlop/s per process)    47%    1868.7 sec left
CG set 2542 / 5315    591.3410 GFlop/s     (591.3410 GFlop/s per process)    47%    1868.0 sec left
CG set 2543 / 5315    591.3412 GFlop/s     (591.3412 GFlop/s per process)    47%    1867.3 sec left
CG set 2544 / 5315    591.3410 GFlop/s     (591.3410 GFlop/s per process)    47%    1866.6 sec left
CG set 2545 / 5315    591.3407 GFlop/s     (591.3407 GFlop/s per process)    47%    1865.9 sec left
CG set 2546 / 5315    591.3407 GFlop/s     (591.3407 GFlop/s per process)    47%    1865.3 sec left
CG set 2547 / 5315    591.3405 GFlop/s     (591.3405 GFlop/s per process)    47%    1864.6 sec left
CG set 2548 / 5315    591.3404 GFlop/s     (591.3404 GFlop/s per process)    47%    1863.9 sec left
CG set 2549 / 5315    591.3403 GFlop/s     (591.3403 GFlop/s per process)    47%    1863.2 sec left
CG set 2550 / 5315    591.3402 GFlop/s     (591.3402 GFlop/s per process)    47%    1862.5 sec left
CG set 2551 / 5315    591.3402 GFlop/s     (591.3402 GFlop/s per process)    47%    1861.8 sec left
CG set 2552 / 5315    591.3403 GFlop/s     (591.3403 GFlop/s per process)    48%    1861.2 sec left
CG set 2553 / 5315    591.3402 GFlop/s     (591.3402 GFlop/s per process)    48%    1860.5 sec left
CG set 2554 / 5315    591.3400 GFlop/s     (591.3400 GFlop/s per process)    48%    1859.8 sec left
CG set 2555 / 5315    591.3401 GFlop/s     (591.3401 GFlop/s per process)    48%    1859.1 sec left
CG set 2556 / 5315    591.3401 GFlop/s     (591.3401 GFlop/s per process)    48%    1858.4 sec left
CG set 2557 / 5315    591.3399 GFlop/s     (591.3399 GFlop/s per process)    48%    1857.8 sec left
CG set 2558 / 5315    591.3396 GFlop/s     (591.3396 GFlop/s per process)    48%    1857.1 sec left
CG set 2559 / 5315    591.3394 GFlop/s     (591.3394 GFlop/s per process)    48%    1856.4 sec left
CG set 2560 / 5315    591.3394 GFlop/s     (591.3394 GFlop/s per process)    48%    1855.7 sec left
CG set 2561 / 5315    591.3392 GFlop/s     (591.3392 GFlop/s per process)    48%    1855.0 sec left
CG set 2562 / 5315    591.3392 GFlop/s     (591.3392 GFlop/s per process)    48%    1854.3 sec left
CG set 2563 / 5315    591.3392 GFlop/s     (591.3392 GFlop/s per process)    48%    1853.7 sec left
CG set 2564 / 5315    591.3393 GFlop/s     (591.3393 GFlop/s per process)    48%    1853.0 sec left
CG set 2565 / 5315    591.3394 GFlop/s     (591.3394 GFlop/s per process)    48%    1852.3 sec left
CG set 2566 / 5315    591.3394 GFlop/s     (591.3394 GFlop/s per process)    48%    1851.6 sec left
CG set 2567 / 5315    591.3392 GFlop/s     (591.3392 GFlop/s per process)    48%    1850.9 sec left
CG set 2568 / 5315    591.3391 GFlop/s     (591.3391 GFlop/s per process)    48%    1850.3 sec left
CG set 2569 / 5315    591.3391 GFlop/s     (591.3391 GFlop/s per process)    48%    1849.6 sec left
CG set 2570 / 5315    591.3390 GFlop/s     (591.3390 GFlop/s per process)    48%    1848.9 sec left
CG set 2571 / 5315    591.3391 GFlop/s     (591.3391 GFlop/s per process)    48%    1848.2 sec left
CG set 2572 / 5315    591.3390 GFlop/s     (591.3390 GFlop/s per process)    48%    1847.5 sec left
CG set 2573 / 5315    591.3390 GFlop/s     (591.3390 GFlop/s per process)    48%    1846.9 sec left
CG set 2574 / 5315    591.3390 GFlop/s     (591.3390 GFlop/s per process)    48%    1846.2 sec left
CG set 2575 / 5315    591.3392 GFlop/s     (591.3392 GFlop/s per process)    48%    1845.5 sec left
CG set 2576 / 5315    591.3393 GFlop/s     (591.3393 GFlop/s per process)    48%    1844.8 sec left
CG set 2577 / 5315    591.3393 GFlop/s     (591.3393 GFlop/s per process)    48%    1844.1 sec left
CG set 2578 / 5315    591.3391 GFlop/s     (591.3391 GFlop/s per process)    48%    1843.4 sec left
CG set 2579 / 5315    591.3387 GFlop/s     (591.3387 GFlop/s per process)    48%    1842.8 sec left
CG set 2580 / 5315    591.3384 GFlop/s     (591.3384 GFlop/s per process)    48%    1842.1 sec left
CG set 2581 / 5315    591.3382 GFlop/s     (591.3382 GFlop/s per process)    48%    1841.4 sec left
CG set 2582 / 5315    591.3380 GFlop/s     (591.3380 GFlop/s per process)    48%    1840.7 sec left
CG set 2583 / 5315    591.3379 GFlop/s     (591.3379 GFlop/s per process)    48%    1840.0 sec left
CG set 2584 / 5315    591.3377 GFlop/s     (591.3377 GFlop/s per process)    48%    1839.4 sec left
CG set 2585 / 5315    591.3376 GFlop/s     (591.3376 GFlop/s per process)    48%    1838.7 sec left
CG set 2586 / 5315    591.3379 GFlop/s     (591.3379 GFlop/s per process)    48%    1838.0 sec left
CG set 2587 / 5315    591.3380 GFlop/s     (591.3380 GFlop/s per process)    48%    1837.3 sec left
CG set 2588 / 5315    591.3381 GFlop/s     (591.3381 GFlop/s per process)    48%    1836.6 sec left
CG set 2589 / 5315    591.3380 GFlop/s     (591.3380 GFlop/s per process)    48%    1835.9 sec left
CG set 2590 / 5315    591.3379 GFlop/s     (591.3379 GFlop/s per process)    48%    1835.3 sec left
CG set 2591 / 5315    591.3379 GFlop/s     (591.3379 GFlop/s per process)    48%    1834.6 sec left
CG set 2592 / 5315    591.3378 GFlop/s     (591.3378 GFlop/s per process)    48%    1833.9 sec left
CG set 2593 / 5315    591.3377 GFlop/s     (591.3377 GFlop/s per process)    48%    1833.2 sec left
CG set 2594 / 5315    591.3375 GFlop/s     (591.3375 GFlop/s per process)    48%    1832.5 sec left
CG set 2595 / 5315    591.3375 GFlop/s     (591.3375 GFlop/s per process)    48%    1831.9 sec left
CG set 2596 / 5315    591.3373 GFlop/s     (591.3373 GFlop/s per process)    48%    1831.2 sec left
CG set 2597 / 5315    591.3374 GFlop/s     (591.3374 GFlop/s per process)    48%    1830.5 sec left
CG set 2598 / 5315    591.3375 GFlop/s     (591.3375 GFlop/s per process)    48%    1829.8 sec left
CG set 2599 / 5315    591.3377 GFlop/s     (591.3377 GFlop/s per process)    48%    1829.1 sec left
CG set 2600 / 5315    591.3379 GFlop/s     (591.3379 GFlop/s per process)    48%    1828.5 sec left
CG set 2601 / 5315    591.3377 GFlop/s     (591.3377 GFlop/s per process)    48%    1827.8 sec left
CG set 2602 / 5315    591.3375 GFlop/s     (591.3375 GFlop/s per process)    48%    1827.1 sec left
CG set 2603 / 5315    591.3376 GFlop/s     (591.3376 GFlop/s per process)    48%    1826.4 sec left
CG set 2604 / 5315    591.3373 GFlop/s     (591.3373 GFlop/s per process)    48%    1825.7 sec left
CG set 2605 / 5315    591.3373 GFlop/s     (591.3373 GFlop/s per process)    49%    1825.0 sec left
CG set 2606 / 5315    591.3370 GFlop/s     (591.3370 GFlop/s per process)    49%    1824.4 sec left
CG set 2607 / 5315    591.3367 GFlop/s     (591.3367 GFlop/s per process)    49%    1823.7 sec left
CG set 2608 / 5315    591.3365 GFlop/s     (591.3365 GFlop/s per process)    49%    1823.0 sec left
CG set 2609 / 5315    591.3361 GFlop/s     (591.3361 GFlop/s per process)    49%    1822.3 sec left
CG set 2610 / 5315    591.3360 GFlop/s     (591.3360 GFlop/s per process)    49%    1821.6 sec left
CG set 2611 / 5315    591.3361 GFlop/s     (591.3361 GFlop/s per process)    49%    1821.0 sec left
CG set 2612 / 5315    591.3360 GFlop/s     (591.3360 GFlop/s per process)    49%    1820.3 sec left
CG set 2613 / 5315    591.3361 GFlop/s     (591.3361 GFlop/s per process)    49%    1819.6 sec left
CG set 2614 / 5315    591.3362 GFlop/s     (591.3362 GFlop/s per process)    49%    1818.9 sec left
CG set 2615 / 5315    591.3359 GFlop/s     (591.3359 GFlop/s per process)    49%    1818.2 sec left
CG set 2616 / 5315    591.3357 GFlop/s     (591.3357 GFlop/s per process)    49%    1817.5 sec left
CG set 2617 / 5315    591.3356 GFlop/s     (591.3356 GFlop/s per process)    49%    1816.9 sec left
CG set 2618 / 5315    591.3356 GFlop/s     (591.3356 GFlop/s per process)    49%    1816.2 sec left
CG set 2619 / 5315    591.3355 GFlop/s     (591.3355 GFlop/s per process)    49%    1815.5 sec left
CG set 2620 / 5315    591.3357 GFlop/s     (591.3357 GFlop/s per process)    49%    1814.8 sec left
CG set 2621 / 5315    591.3358 GFlop/s     (591.3358 GFlop/s per process)    49%    1814.1 sec left
CG set 2622 / 5315    591.3357 GFlop/s     (591.3357 GFlop/s per process)    49%    1813.5 sec left
CG set 2623 / 5315    591.3356 GFlop/s     (591.3356 GFlop/s per process)    49%    1812.8 sec left
CG set 2624 / 5315    591.3354 GFlop/s     (591.3354 GFlop/s per process)    49%    1812.1 sec left
CG set 2625 / 5315    591.3352 GFlop/s     (591.3352 GFlop/s per process)    49%    1811.4 sec left
CG set 2626 / 5315    591.3351 GFlop/s     (591.3351 GFlop/s per process)    49%    1810.7 sec left
CG set 2627 / 5315    591.3351 GFlop/s     (591.3351 GFlop/s per process)    49%    1810.0 sec left
CG set 2628 / 5315    591.3351 GFlop/s     (591.3351 GFlop/s per process)    49%    1809.4 sec left
CG set 2629 / 5315    591.3349 GFlop/s     (591.3349 GFlop/s per process)    49%    1808.7 sec left
CG set 2630 / 5315    591.3346 GFlop/s     (591.3346 GFlop/s per process)    49%    1808.0 sec left
CG set 2631 / 5315    591.3342 GFlop/s     (591.3342 GFlop/s per process)    49%    1807.3 sec left
CG set 2632 / 5315    591.3340 GFlop/s     (591.3340 GFlop/s per process)    49%    1806.6 sec left
CG set 2633 / 5315    591.3335 GFlop/s     (591.3335 GFlop/s per process)    49%    1806.0 sec left
CG set 2634 / 5315    591.3332 GFlop/s     (591.3332 GFlop/s per process)    49%    1805.3 sec left
CG set 2635 / 5315    591.3331 GFlop/s     (591.3331 GFlop/s per process)    49%    1804.6 sec left
CG set 2636 / 5315    591.3331 GFlop/s     (591.3331 GFlop/s per process)    49%    1803.9 sec left
CG set 2637 / 5315    591.3331 GFlop/s     (591.3331 GFlop/s per process)    49%    1803.2 sec left
CG set 2638 / 5315    591.3333 GFlop/s     (591.3333 GFlop/s per process)    49%    1802.5 sec left
CG set 2639 / 5315    591.3334 GFlop/s     (591.3334 GFlop/s per process)    49%    1801.9 sec left
CG set 2640 / 5315    591.3336 GFlop/s     (591.3336 GFlop/s per process)    49%    1801.2 sec left
CG set 2641 / 5315    591.3332 GFlop/s     (591.3332 GFlop/s per process)    49%    1800.5 sec left
CG set 2642 / 5315    591.3329 GFlop/s     (591.3329 GFlop/s per process)    49%    1799.8 sec left
CG set 2643 / 5315    591.3328 GFlop/s     (591.3328 GFlop/s per process)    49%    1799.1 sec left
CG set 2644 / 5315    591.3324 GFlop/s     (591.3324 GFlop/s per process)    49%    1798.5 sec left
CG set 2645 / 5315    591.3322 GFlop/s     (591.3322 GFlop/s per process)    49%    1797.8 sec left
CG set 2646 / 5315    591.3321 GFlop/s     (591.3321 GFlop/s per process)    49%    1797.1 sec left
CG set 2647 / 5315    591.3321 GFlop/s     (591.3321 GFlop/s per process)    49%    1796.4 sec left
CG set 2648 / 5315    591.3320 GFlop/s     (591.3320 GFlop/s per process)    49%    1795.7 sec left
CG set 2649 / 5315    591.3318 GFlop/s     (591.3318 GFlop/s per process)    49%    1795.0 sec left
CG set 2650 / 5315    591.3318 GFlop/s     (591.3318 GFlop/s per process)    49%    1794.4 sec left
CG set 2651 / 5315    591.3320 GFlop/s     (591.3320 GFlop/s per process)    49%    1793.7 sec left
CG set 2652 / 5315    591.3320 GFlop/s     (591.3320 GFlop/s per process)    49%    1793.0 sec left
CG set 2653 / 5315    591.3319 GFlop/s     (591.3319 GFlop/s per process)    49%    1792.3 sec left
CG set 2654 / 5315    591.3319 GFlop/s     (591.3319 GFlop/s per process)    49%    1791.6 sec left
CG set 2655 / 5315    591.3316 GFlop/s     (591.3316 GFlop/s per process)    49%    1791.0 sec left
CG set 2656 / 5315    591.3318 GFlop/s     (591.3318 GFlop/s per process)    49%    1790.3 sec left
CG set 2657 / 5315    591.3316 GFlop/s     (591.3316 GFlop/s per process)    49%    1789.6 sec left
CG set 2658 / 5315    591.3315 GFlop/s     (591.3315 GFlop/s per process)    50%    1788.9 sec left
CG set 2659 / 5315    591.3316 GFlop/s     (591.3316 GFlop/s per process)    50%    1788.2 sec left
CG set 2660 / 5315    591.3313 GFlop/s     (591.3313 GFlop/s per process)    50%    1787.5 sec left
CG set 2661 / 5315    591.3313 GFlop/s     (591.3313 GFlop/s per process)    50%    1786.9 sec left
CG set 2662 / 5315    591.3310 GFlop/s     (591.3310 GFlop/s per process)    50%    1786.2 sec left
CG set 2663 / 5315    591.3307 GFlop/s     (591.3307 GFlop/s per process)    50%    1785.5 sec left
CG set 2664 / 5315    591.3308 GFlop/s     (591.3308 GFlop/s per process)    50%    1784.8 sec left
CG set 2665 / 5315    591.3309 GFlop/s     (591.3309 GFlop/s per process)    50%    1784.1 sec left
CG set 2666 / 5315    591.3310 GFlop/s     (591.3310 GFlop/s per process)    50%    1783.5 sec left
CG set 2667 / 5315    591.3309 GFlop/s     (591.3309 GFlop/s per process)    50%    1782.8 sec left
CG set 2668 / 5315    591.3308 GFlop/s     (591.3308 GFlop/s per process)    50%    1782.1 sec left
CG set 2669 / 5315    591.3309 GFlop/s     (591.3309 GFlop/s per process)    50%    1781.4 sec left
CG set 2670 / 5315    591.3306 GFlop/s     (591.3306 GFlop/s per process)    50%    1780.7 sec left
CG set 2671 / 5315    591.3305 GFlop/s     (591.3305 GFlop/s per process)    50%    1780.1 sec left
CG set 2672 / 5315    591.3305 GFlop/s     (591.3305 GFlop/s per process)    50%    1779.4 sec left
CG set 2673 / 5315    591.3303 GFlop/s     (591.3303 GFlop/s per process)    50%    1778.7 sec left
CG set 2674 / 5315    591.3299 GFlop/s     (591.3299 GFlop/s per process)    50%    1778.0 sec left
CG set 2675 / 5315    591.3296 GFlop/s     (591.3296 GFlop/s per process)    50%    1777.3 sec left
CG set 2676 / 5315    591.3295 GFlop/s     (591.3295 GFlop/s per process)    50%    1776.6 sec left
CG set 2677 / 5315    591.3293 GFlop/s     (591.3293 GFlop/s per process)    50%    1776.0 sec left
CG set 2678 / 5315    591.3293 GFlop/s     (591.3293 GFlop/s per process)    50%    1775.3 sec left
CG set 2679 / 5315    591.3293 GFlop/s     (591.3293 GFlop/s per process)    50%    1774.6 sec left
CG set 2680 / 5315    591.3292 GFlop/s     (591.3292 GFlop/s per process)    50%    1773.9 sec left
CG set 2681 / 5315    591.3291 GFlop/s     (591.3291 GFlop/s per process)    50%    1773.2 sec left
CG set 2682 / 5315    591.3290 GFlop/s     (591.3290 GFlop/s per process)    50%    1772.6 sec left
CG set 2683 / 5315    591.3289 GFlop/s     (591.3289 GFlop/s per process)    50%    1771.9 sec left
CG set 2684 / 5315    591.3289 GFlop/s     (591.3289 GFlop/s per process)    50%    1771.2 sec left
CG set 2685 / 5315    591.3287 GFlop/s     (591.3287 GFlop/s per process)    50%    1770.5 sec left
CG set 2686 / 5315    591.3286 GFlop/s     (591.3286 GFlop/s per process)    50%    1769.8 sec left
CG set 2687 / 5315    591.3287 GFlop/s     (591.3287 GFlop/s per process)    50%    1769.1 sec left
CG set 2688 / 5315    591.3286 GFlop/s     (591.3286 GFlop/s per process)    50%    1768.5 sec left
CG set 2689 / 5315    591.3284 GFlop/s     (591.3284 GFlop/s per process)    50%    1767.8 sec left
CG set 2690 / 5315    591.3282 GFlop/s     (591.3282 GFlop/s per process)    50%    1767.1 sec left
CG set 2691 / 5315    591.3280 GFlop/s     (591.3280 GFlop/s per process)    50%    1766.4 sec left
CG set 2692 / 5315    591.3277 GFlop/s     (591.3277 GFlop/s per process)    50%    1765.7 sec left
CG set 2693 / 5315    591.3277 GFlop/s     (591.3277 GFlop/s per process)    50%    1765.1 sec left
CG set 2694 / 5315    591.3276 GFlop/s     (591.3276 GFlop/s per process)    50%    1764.4 sec left
CG set 2695 / 5315    591.3275 GFlop/s     (591.3275 GFlop/s per process)    50%    1763.7 sec left
CG set 2696 / 5315    591.3274 GFlop/s     (591.3274 GFlop/s per process)    50%    1763.0 sec left
CG set 2697 / 5315    591.3270 GFlop/s     (591.3270 GFlop/s per process)    50%    1762.3 sec left
CG set 2698 / 5315    591.3271 GFlop/s     (591.3271 GFlop/s per process)    50%    1761.6 sec left
CG set 2699 / 5315    591.3271 GFlop/s     (591.3271 GFlop/s per process)    50%    1761.0 sec left
CG set 2700 / 5315    591.3269 GFlop/s     (591.3269 GFlop/s per process)    50%    1760.3 sec left
CG set 2701 / 5315    591.3269 GFlop/s     (591.3269 GFlop/s per process)    50%    1759.6 sec left
CG set 2702 / 5315    591.3270 GFlop/s     (591.3270 GFlop/s per process)    50%    1758.9 sec left
CG set 2703 / 5315    591.3270 GFlop/s     (591.3270 GFlop/s per process)    50%    1758.2 sec left
CG set 2704 / 5315    591.3271 GFlop/s     (591.3271 GFlop/s per process)    50%    1757.6 sec left
CG set 2705 / 5315    591.3269 GFlop/s     (591.3269 GFlop/s per process)    50%    1756.9 sec left
CG set 2706 / 5315    591.3267 GFlop/s     (591.3267 GFlop/s per process)    50%    1756.2 sec left
CG set 2707 / 5315    591.3266 GFlop/s     (591.3266 GFlop/s per process)    50%    1755.5 sec left
CG set 2708 / 5315    591.3265 GFlop/s     (591.3265 GFlop/s per process)    50%    1754.8 sec left
CG set 2709 / 5315    591.3266 GFlop/s     (591.3266 GFlop/s per process)    50%    1754.1 sec left
CG set 2710 / 5315    591.3265 GFlop/s     (591.3265 GFlop/s per process)    50%    1753.5 sec left
CG set 2711 / 5315    591.3266 GFlop/s     (591.3266 GFlop/s per process)    51%    1752.8 sec left
CG set 2712 / 5315    591.3265 GFlop/s     (591.3265 GFlop/s per process)    51%    1752.1 sec left
CG set 2713 / 5315    591.3264 GFlop/s     (591.3264 GFlop/s per process)    51%    1751.4 sec left
CG set 2714 / 5315    591.3261 GFlop/s     (591.3261 GFlop/s per process)    51%    1750.7 sec left
CG set 2715 / 5315    591.3260 GFlop/s     (591.3260 GFlop/s per process)    51%    1750.1 sec left
CG set 2716 / 5315    591.3258 GFlop/s     (591.3258 GFlop/s per process)    51%    1749.4 sec left
CG set 2717 / 5315    591.3259 GFlop/s     (591.3259 GFlop/s per process)    51%    1748.7 sec left
CG set 2718 / 5315    591.3260 GFlop/s     (591.3260 GFlop/s per process)    51%    1748.0 sec left
CG set 2719 / 5315    591.3259 GFlop/s     (591.3259 GFlop/s per process)    51%    1747.3 sec left
CG set 2720 / 5315    591.3256 GFlop/s     (591.3256 GFlop/s per process)    51%    1746.6 sec left
CG set 2721 / 5315    591.3254 GFlop/s     (591.3254 GFlop/s per process)    51%    1746.0 sec left
CG set 2722 / 5315    591.3255 GFlop/s     (591.3255 GFlop/s per process)    51%    1745.3 sec left
CG set 2723 / 5315    591.3250 GFlop/s     (591.3250 GFlop/s per process)    51%    1744.6 sec left
CG set 2724 / 5315    591.3251 GFlop/s     (591.3251 GFlop/s per process)    51%    1743.9 sec left
CG set 2725 / 5315    591.3249 GFlop/s     (591.3249 GFlop/s per process)    51%    1743.2 sec left
CG set 2726 / 5315    591.3246 GFlop/s     (591.3246 GFlop/s per process)    51%    1742.6 sec left
CG set 2727 / 5315    591.3245 GFlop/s     (591.3245 GFlop/s per process)    51%    1741.9 sec left
CG set 2728 / 5315    591.3241 GFlop/s     (591.3241 GFlop/s per process)    51%    1741.2 sec left
CG set 2729 / 5315    591.3242 GFlop/s     (591.3242 GFlop/s per process)    51%    1740.5 sec left
CG set 2730 / 5315    591.3244 GFlop/s     (591.3244 GFlop/s per process)    51%    1739.8 sec left
CG set 2731 / 5315    591.3242 GFlop/s     (591.3242 GFlop/s per process)    51%    1739.1 sec left
CG set 2732 / 5315    591.3241 GFlop/s     (591.3241 GFlop/s per process)    51%    1738.5 sec left
CG set 2733 / 5315    591.3242 GFlop/s     (591.3242 GFlop/s per process)    51%    1737.8 sec left
CG set 2734 / 5315    591.3238 GFlop/s     (591.3238 GFlop/s per process)    51%    1737.1 sec left
CG set 2735 / 5315    591.3239 GFlop/s     (591.3239 GFlop/s per process)    51%    1736.4 sec left
CG set 2736 / 5315    591.3236 GFlop/s     (591.3236 GFlop/s per process)    51%    1735.7 sec left
CG set 2737 / 5315    591.3233 GFlop/s     (591.3233 GFlop/s per process)    51%    1735.1 sec left
CG set 2738 / 5315    591.3231 GFlop/s     (591.3231 GFlop/s per process)    51%    1734.4 sec left
CG set 2739 / 5315    591.3229 GFlop/s     (591.3229 GFlop/s per process)    51%    1733.7 sec left
CG set 2740 / 5315    591.3227 GFlop/s     (591.3227 GFlop/s per process)    51%    1733.0 sec left
CG set 2741 / 5315    591.3230 GFlop/s     (591.3230 GFlop/s per process)    51%    1732.3 sec left
CG set 2742 / 5315    591.3229 GFlop/s     (591.3229 GFlop/s per process)    51%    1731.6 sec left
CG set 2743 / 5315    591.3225 GFlop/s     (591.3225 GFlop/s per process)    51%    1731.0 sec left
CG set 2744 / 5315    591.3222 GFlop/s     (591.3222 GFlop/s per process)    51%    1730.3 sec left
CG set 2745 / 5315    591.3219 GFlop/s     (591.3219 GFlop/s per process)    51%    1729.6 sec left
CG set 2746 / 5315    591.3217 GFlop/s     (591.3217 GFlop/s per process)    51%    1728.9 sec left
CG set 2747 / 5315    591.3216 GFlop/s     (591.3216 GFlop/s per process)    51%    1728.2 sec left
CG set 2748 / 5315    591.3218 GFlop/s     (591.3218 GFlop/s per process)    51%    1727.6 sec left
CG set 2749 / 5315    591.3215 GFlop/s     (591.3215 GFlop/s per process)    51%    1726.9 sec left
CG set 2750 / 5315    591.3219 GFlop/s     (591.3219 GFlop/s per process)    51%    1726.2 sec left
CG set 2751 / 5315    591.3218 GFlop/s     (591.3218 GFlop/s per process)    51%    1725.5 sec left
CG set 2752 / 5315    591.3219 GFlop/s     (591.3219 GFlop/s per process)    51%    1724.8 sec left
CG set 2753 / 5315    591.3215 GFlop/s     (591.3215 GFlop/s per process)    51%    1724.1 sec left
CG set 2754 / 5315    591.3213 GFlop/s     (591.3213 GFlop/s per process)    51%    1723.5 sec left
CG set 2755 / 5315    591.3211 GFlop/s     (591.3211 GFlop/s per process)    51%    1722.8 sec left
CG set 2756 / 5315    591.3213 GFlop/s     (591.3213 GFlop/s per process)    51%    1722.1 sec left
CG set 2757 / 5315    591.3214 GFlop/s     (591.3214 GFlop/s per process)    51%    1721.4 sec left
CG set 2758 / 5315    591.3214 GFlop/s     (591.3214 GFlop/s per process)    51%    1720.7 sec left
CG set 2759 / 5315    591.3209 GFlop/s     (591.3209 GFlop/s per process)    51%    1720.1 sec left
CG set 2760 / 5315    591.3207 GFlop/s     (591.3207 GFlop/s per process)    51%    1719.4 sec left
CG set 2761 / 5315    591.3204 GFlop/s     (591.3204 GFlop/s per process)    51%    1718.7 sec left
CG set 2762 / 5315    591.3202 GFlop/s     (591.3202 GFlop/s per process)    51%    1718.0 sec left
CG set 2763 / 5315    591.3199 GFlop/s     (591.3199 GFlop/s per process)    51%    1717.3 sec left
CG set 2764 / 5315    591.3198 GFlop/s     (591.3198 GFlop/s per process)    52%    1716.6 sec left
CG set 2765 / 5315    591.3197 GFlop/s     (591.3197 GFlop/s per process)    52%    1716.0 sec left
CG set 2766 / 5315    591.3195 GFlop/s     (591.3195 GFlop/s per process)    52%    1715.3 sec left
CG set 2767 / 5315    591.3196 GFlop/s     (591.3196 GFlop/s per process)    52%    1714.6 sec left
CG set 2768 / 5315    591.3194 GFlop/s     (591.3194 GFlop/s per process)    52%    1713.9 sec left
CG set 2769 / 5315    591.3195 GFlop/s     (591.3195 GFlop/s per process)    52%    1713.2 sec left
CG set 2770 / 5315    591.3195 GFlop/s     (591.3195 GFlop/s per process)    52%    1712.6 sec left
CG set 2771 / 5315    591.3197 GFlop/s     (591.3197 GFlop/s per process)    52%    1711.9 sec left
CG set 2772 / 5315    591.3195 GFlop/s     (591.3195 GFlop/s per process)    52%    1711.2 sec left
CG set 2773 / 5315    591.3195 GFlop/s     (591.3195 GFlop/s per process)    52%    1710.5 sec left
CG set 2774 / 5315    591.3197 GFlop/s     (591.3197 GFlop/s per process)    52%    1709.8 sec left
CG set 2775 / 5315    591.3194 GFlop/s     (591.3194 GFlop/s per process)    52%    1709.2 sec left
CG set 2776 / 5315    591.3193 GFlop/s     (591.3193 GFlop/s per process)    52%    1708.5 sec left
CG set 2777 / 5315    591.3194 GFlop/s     (591.3194 GFlop/s per process)    52%    1707.8 sec left
CG set 2778 / 5315    591.3191 GFlop/s     (591.3191 GFlop/s per process)    52%    1707.1 sec left
CG set 2779 / 5315    591.3192 GFlop/s     (591.3192 GFlop/s per process)    52%    1706.4 sec left
CG set 2780 / 5315    591.3191 GFlop/s     (591.3191 GFlop/s per process)    52%    1705.7 sec left
CG set 2781 / 5315    591.3193 GFlop/s     (591.3193 GFlop/s per process)    52%    1705.1 sec left
CG set 2782 / 5315    591.3191 GFlop/s     (591.3191 GFlop/s per process)    52%    1704.4 sec left
CG set 2783 / 5315    591.3191 GFlop/s     (591.3191 GFlop/s per process)    52%    1703.7 sec left
CG set 2784 / 5315    591.3189 GFlop/s     (591.3189 GFlop/s per process)    52%    1703.0 sec left
CG set 2785 / 5315    591.3188 GFlop/s     (591.3188 GFlop/s per process)    52%    1702.3 sec left
CG set 2786 / 5315    591.3184 GFlop/s     (591.3184 GFlop/s per process)    52%    1701.7 sec left
CG set 2787 / 5315    591.3181 GFlop/s     (591.3181 GFlop/s per process)    52%    1701.0 sec left
CG set 2788 / 5315    591.3179 GFlop/s     (591.3179 GFlop/s per process)    52%    1700.3 sec left
CG set 2789 / 5315    591.3179 GFlop/s     (591.3179 GFlop/s per process)    52%    1699.6 sec left
CG set 2790 / 5315    591.3177 GFlop/s     (591.3177 GFlop/s per process)    52%    1698.9 sec left
CG set 2791 / 5315    591.3175 GFlop/s     (591.3175 GFlop/s per process)    52%    1698.2 sec left
CG set 2792 / 5315    591.3175 GFlop/s     (591.3175 GFlop/s per process)    52%    1697.6 sec left
CG set 2793 / 5315    591.3172 GFlop/s     (591.3172 GFlop/s per process)    52%    1696.9 sec left
CG set 2794 / 5315    591.3169 GFlop/s     (591.3169 GFlop/s per process)    52%    1696.2 sec left
CG set 2795 / 5315    591.3170 GFlop/s     (591.3170 GFlop/s per process)    52%    1695.5 sec left
CG set 2796 / 5315    591.3170 GFlop/s     (591.3170 GFlop/s per process)    52%    1694.8 sec left
CG set 2797 / 5315    591.3170 GFlop/s     (591.3170 GFlop/s per process)    52%    1694.2 sec left
CG set 2798 / 5315    591.3168 GFlop/s     (591.3168 GFlop/s per process)    52%    1693.5 sec left
CG set 2799 / 5315    591.3163 GFlop/s     (591.3163 GFlop/s per process)    52%    1692.8 sec left
CG set 2800 / 5315    591.3164 GFlop/s     (591.3164 GFlop/s per process)    52%    1692.1 sec left
CG set 2801 / 5315    591.3165 GFlop/s     (591.3165 GFlop/s per process)    52%    1691.4 sec left
CG set 2802 / 5315    591.3164 GFlop/s     (591.3164 GFlop/s per process)    52%    1690.7 sec left
CG set 2803 / 5315    591.3162 GFlop/s     (591.3162 GFlop/s per process)    52%    1690.1 sec left
CG set 2804 / 5315    591.3162 GFlop/s     (591.3162 GFlop/s per process)    52%    1689.4 sec left
CG set 2805 / 5315    591.3161 GFlop/s     (591.3161 GFlop/s per process)    52%    1688.7 sec left
CG set 2806 / 5315    591.3162 GFlop/s     (591.3162 GFlop/s per process)    52%    1688.0 sec left
CG set 2807 / 5315    591.3161 GFlop/s     (591.3161 GFlop/s per process)    52%    1687.3 sec left
CG set 2808 / 5315    591.3162 GFlop/s     (591.3162 GFlop/s per process)    52%    1686.7 sec left
CG set 2809 / 5315    591.3161 GFlop/s     (591.3161 GFlop/s per process)    52%    1686.0 sec left
CG set 2810 / 5315    591.3163 GFlop/s     (591.3163 GFlop/s per process)    52%    1685.3 sec left
CG set 2811 / 5315    591.3161 GFlop/s     (591.3161 GFlop/s per process)    52%    1684.6 sec left
CG set 2812 / 5315    591.3164 GFlop/s     (591.3164 GFlop/s per process)    52%    1683.9 sec left
CG set 2813 / 5315    591.3162 GFlop/s     (591.3162 GFlop/s per process)    52%    1683.2 sec left
CG set 2814 / 5315    591.3160 GFlop/s     (591.3160 GFlop/s per process)    52%    1682.6 sec left
CG set 2815 / 5315    591.3159 GFlop/s     (591.3159 GFlop/s per process)    52%    1681.9 sec left
CG set 2816 / 5315    591.3158 GFlop/s     (591.3158 GFlop/s per process)    52%    1681.2 sec left
CG set 2817 / 5315    591.3156 GFlop/s     (591.3156 GFlop/s per process)    53%    1680.5 sec left
CG set 2818 / 5315    591.3152 GFlop/s     (591.3152 GFlop/s per process)    53%    1679.8 sec left
CG set 2819 / 5315    591.3151 GFlop/s     (591.3151 GFlop/s per process)    53%    1679.2 sec left
CG set 2820 / 5315    591.3153 GFlop/s     (591.3153 GFlop/s per process)    53%    1678.5 sec left
CG set 2821 / 5315    591.3151 GFlop/s     (591.3151 GFlop/s per process)    53%    1677.8 sec left
CG set 2822 / 5315    591.3153 GFlop/s     (591.3153 GFlop/s per process)    53%    1677.1 sec left
CG set 2823 / 5315    591.3151 GFlop/s     (591.3151 GFlop/s per process)    53%    1676.4 sec left
CG set 2824 / 5315    591.3149 GFlop/s     (591.3149 GFlop/s per process)    53%    1675.7 sec left
CG set 2825 / 5315    591.3146 GFlop/s     (591.3146 GFlop/s per process)    53%    1675.1 sec left
CG set 2826 / 5315    591.3146 GFlop/s     (591.3146 GFlop/s per process)    53%    1674.4 sec left
CG set 2827 / 5315    591.3148 GFlop/s     (591.3148 GFlop/s per process)    53%    1673.7 sec left
CG set 2828 / 5315    591.3145 GFlop/s     (591.3145 GFlop/s per process)    53%    1673.0 sec left
CG set 2829 / 5315    591.3146 GFlop/s     (591.3146 GFlop/s per process)    53%    1672.3 sec left
CG set 2830 / 5315    591.3145 GFlop/s     (591.3145 GFlop/s per process)    53%    1671.7 sec left
CG set 2831 / 5315    591.3140 GFlop/s     (591.3140 GFlop/s per process)    53%    1671.0 sec left
CG set 2832 / 5315    591.3140 GFlop/s     (591.3140 GFlop/s per process)    53%    1670.3 sec left
CG set 2833 / 5315    591.3138 GFlop/s     (591.3138 GFlop/s per process)    53%    1669.6 sec left
CG set 2834 / 5315    591.3136 GFlop/s     (591.3136 GFlop/s per process)    53%    1668.9 sec left
CG set 2835 / 5315    591.3132 GFlop/s     (591.3132 GFlop/s per process)    53%    1668.2 sec left
CG set 2836 / 5315    591.3129 GFlop/s     (591.3129 GFlop/s per process)    53%    1667.6 sec left
CG set 2837 / 5315    591.3127 GFlop/s     (591.3127 GFlop/s per process)    53%    1666.9 sec left
CG set 2838 / 5315    591.3124 GFlop/s     (591.3124 GFlop/s per process)    53%    1666.2 sec left
CG set 2839 / 5315    591.3121 GFlop/s     (591.3121 GFlop/s per process)    53%    1665.5 sec left
CG set 2840 / 5315    591.3121 GFlop/s     (591.3121 GFlop/s per process)    53%    1664.8 sec left
CG set 2841 / 5315    591.3120 GFlop/s     (591.3120 GFlop/s per process)    53%    1664.2 sec left
CG set 2842 / 5315    591.3119 GFlop/s     (591.3119 GFlop/s per process)    53%    1663.5 sec left
CG set 2843 / 5315    591.3119 GFlop/s     (591.3119 GFlop/s per process)    53%    1662.8 sec left
CG set 2844 / 5315    591.3120 GFlop/s     (591.3120 GFlop/s per process)    53%    1662.1 sec left
CG set 2845 / 5315    591.3120 GFlop/s     (591.3120 GFlop/s per process)    53%    1661.4 sec left
CG set 2846 / 5315    591.3119 GFlop/s     (591.3119 GFlop/s per process)    53%    1660.7 sec left
CG set 2847 / 5315    591.3118 GFlop/s     (591.3118 GFlop/s per process)    53%    1660.1 sec left
CG set 2848 / 5315    591.3117 GFlop/s     (591.3117 GFlop/s per process)    53%    1659.4 sec left
CG set 2849 / 5315    591.3119 GFlop/s     (591.3119 GFlop/s per process)    53%    1658.7 sec left
CG set 2850 / 5315    591.3118 GFlop/s     (591.3118 GFlop/s per process)    53%    1658.0 sec left
CG set 2851 / 5315    591.3117 GFlop/s     (591.3117 GFlop/s per process)    53%    1657.3 sec left
CG set 2852 / 5315    591.3119 GFlop/s     (591.3119 GFlop/s per process)    53%    1656.7 sec left
CG set 2853 / 5315    591.3119 GFlop/s     (591.3119 GFlop/s per process)    53%    1656.0 sec left
CG set 2854 / 5315    591.3117 GFlop/s     (591.3117 GFlop/s per process)    53%    1655.3 sec left
CG set 2855 / 5315    591.3116 GFlop/s     (591.3116 GFlop/s per process)    53%    1654.6 sec left
CG set 2856 / 5315    591.3114 GFlop/s     (591.3114 GFlop/s per process)    53%    1653.9 sec left
CG set 2857 / 5315    591.3113 GFlop/s     (591.3113 GFlop/s per process)    53%    1653.3 sec left
CG set 2858 / 5315    591.3113 GFlop/s     (591.3113 GFlop/s per process)    53%    1652.6 sec left
CG set 2859 / 5315    591.3114 GFlop/s     (591.3114 GFlop/s per process)    53%    1651.9 sec left
CG set 2860 / 5315    591.3117 GFlop/s     (591.3117 GFlop/s per process)    53%    1651.2 sec left
CG set 2861 / 5315    591.3116 GFlop/s     (591.3116 GFlop/s per process)    53%    1650.5 sec left
CG set 2862 / 5315    591.3117 GFlop/s     (591.3117 GFlop/s per process)    53%    1649.8 sec left
CG set 2863 / 5315    591.3116 GFlop/s     (591.3116 GFlop/s per process)    53%    1649.2 sec left
CG set 2864 / 5315    591.3117 GFlop/s     (591.3117 GFlop/s per process)    53%    1648.5 sec left
CG set 2865 / 5315    591.3118 GFlop/s     (591.3118 GFlop/s per process)    53%    1647.8 sec left
CG set 2866 / 5315    591.3116 GFlop/s     (591.3116 GFlop/s per process)    53%    1647.1 sec left
CG set 2867 / 5315    591.3115 GFlop/s     (591.3115 GFlop/s per process)    53%    1646.4 sec left
CG set 2868 / 5315    591.3117 GFlop/s     (591.3117 GFlop/s per process)    53%    1645.8 sec left
CG set 2869 / 5315    591.3119 GFlop/s     (591.3119 GFlop/s per process)    53%    1645.1 sec left
CG set 2870 / 5315    591.3118 GFlop/s     (591.3118 GFlop/s per process)    53%    1644.4 sec left
CG set 2871 / 5315    591.3117 GFlop/s     (591.3117 GFlop/s per process)    54%    1643.7 sec left
CG set 2872 / 5315    591.3115 GFlop/s     (591.3115 GFlop/s per process)    54%    1643.0 sec left
CG set 2873 / 5315    591.3117 GFlop/s     (591.3117 GFlop/s per process)    54%    1642.4 sec left
CG set 2874 / 5315    591.3118 GFlop/s     (591.3118 GFlop/s per process)    54%    1641.7 sec left
CG set 2875 / 5315    591.3117 GFlop/s     (591.3117 GFlop/s per process)    54%    1641.0 sec left
CG set 2876 / 5315    591.3116 GFlop/s     (591.3116 GFlop/s per process)    54%    1640.3 sec left
CG set 2877 / 5315    591.3116 GFlop/s     (591.3116 GFlop/s per process)    54%    1639.6 sec left
CG set 2878 / 5315    591.3114 GFlop/s     (591.3114 GFlop/s per process)    54%    1638.9 sec left
CG set 2879 / 5315    591.3111 GFlop/s     (591.3111 GFlop/s per process)    54%    1638.3 sec left
CG set 2880 / 5315    591.3114 GFlop/s     (591.3114 GFlop/s per process)    54%    1637.6 sec left
CG set 2881 / 5315    591.3115 GFlop/s     (591.3115 GFlop/s per process)    54%    1636.9 sec left
CG set 2882 / 5315    591.3115 GFlop/s     (591.3115 GFlop/s per process)    54%    1636.2 sec left
CG set 2883 / 5315    591.3111 GFlop/s     (591.3111 GFlop/s per process)    54%    1635.5 sec left
CG set 2884 / 5315    591.3112 GFlop/s     (591.3112 GFlop/s per process)    54%    1634.9 sec left
CG set 2885 / 5315    591.3111 GFlop/s     (591.3111 GFlop/s per process)    54%    1634.2 sec left
CG set 2886 / 5315    591.3111 GFlop/s     (591.3111 GFlop/s per process)    54%    1633.5 sec left
CG set 2887 / 5315    591.3109 GFlop/s     (591.3109 GFlop/s per process)    54%    1632.8 sec left
CG set 2888 / 5315    591.3108 GFlop/s     (591.3108 GFlop/s per process)    54%    1632.1 sec left
CG set 2889 / 5315    591.3108 GFlop/s     (591.3108 GFlop/s per process)    54%    1631.4 sec left
CG set 2890 / 5315    591.3106 GFlop/s     (591.3106 GFlop/s per process)    54%    1630.8 sec left
CG set 2891 / 5315    591.3103 GFlop/s     (591.3103 GFlop/s per process)    54%    1630.1 sec left
CG set 2892 / 5315    591.3103 GFlop/s     (591.3103 GFlop/s per process)    54%    1629.4 sec left
CG set 2893 / 5315    591.3104 GFlop/s     (591.3104 GFlop/s per process)    54%    1628.7 sec left
CG set 2894 / 5315    591.3105 GFlop/s     (591.3105 GFlop/s per process)    54%    1628.0 sec left
CG set 2895 / 5315    591.3102 GFlop/s     (591.3102 GFlop/s per process)    54%    1627.4 sec left
CG set 2896 / 5315    591.3103 GFlop/s     (591.3103 GFlop/s per process)    54%    1626.7 sec left
CG set 2897 / 5315    591.3105 GFlop/s     (591.3105 GFlop/s per process)    54%    1626.0 sec left
CG set 2898 / 5315    591.3103 GFlop/s     (591.3103 GFlop/s per process)    54%    1625.3 sec left
CG set 2899 / 5315    591.3101 GFlop/s     (591.3101 GFlop/s per process)    54%    1624.6 sec left
CG set 2900 / 5315    591.3096 GFlop/s     (591.3096 GFlop/s per process)    54%    1623.9 sec left
CG set 2901 / 5315    591.3095 GFlop/s     (591.3095 GFlop/s per process)    54%    1623.3 sec left
CG set 2902 / 5315    591.3097 GFlop/s     (591.3097 GFlop/s per process)    54%    1622.6 sec left
CG set 2903 / 5315    591.3099 GFlop/s     (591.3099 GFlop/s per process)    54%    1621.9 sec left
CG set 2904 / 5315    591.3099 GFlop/s     (591.3099 GFlop/s per process)    54%    1621.2 sec left
CG set 2905 / 5315    591.3097 GFlop/s     (591.3097 GFlop/s per process)    54%    1620.5 sec left
CG set 2906 / 5315    591.3095 GFlop/s     (591.3095 GFlop/s per process)    54%    1619.9 sec left
CG set 2907 / 5315    591.3094 GFlop/s     (591.3094 GFlop/s per process)    54%    1619.2 sec left
CG set 2908 / 5315    591.3089 GFlop/s     (591.3089 GFlop/s per process)    54%    1618.5 sec left
CG set 2909 / 5315    591.3085 GFlop/s     (591.3085 GFlop/s per process)    54%    1617.8 sec left
CG set 2910 / 5315    591.3086 GFlop/s     (591.3086 GFlop/s per process)    54%    1617.1 sec left
CG set 2911 / 5315    591.3084 GFlop/s     (591.3084 GFlop/s per process)    54%    1616.4 sec left
CG set 2912 / 5315    591.3083 GFlop/s     (591.3083 GFlop/s per process)    54%    1615.8 sec left
CG set 2913 / 5315    591.3081 GFlop/s     (591.3081 GFlop/s per process)    54%    1615.1 sec left
CG set 2914 / 5315    591.3080 GFlop/s     (591.3080 GFlop/s per process)    54%    1614.4 sec left
CG set 2915 / 5315    591.3080 GFlop/s     (591.3080 GFlop/s per process)    54%    1613.7 sec left
CG set 2916 / 5315    591.3081 GFlop/s     (591.3081 GFlop/s per process)    54%    1613.0 sec left
CG set 2917 / 5315    591.3080 GFlop/s     (591.3080 GFlop/s per process)    54%    1612.4 sec left
CG set 2918 / 5315    591.3082 GFlop/s     (591.3082 GFlop/s per process)    54%    1611.7 sec left
CG set 2919 / 5315    591.3081 GFlop/s     (591.3081 GFlop/s per process)    54%    1611.0 sec left
CG set 2920 / 5315    591.3083 GFlop/s     (591.3083 GFlop/s per process)    54%    1610.3 sec left
CG set 2921 / 5315    591.3084 GFlop/s     (591.3084 GFlop/s per process)    54%    1609.6 sec left
CG set 2922 / 5315    591.3081 GFlop/s     (591.3081 GFlop/s per process)    54%    1608.9 sec left
CG set 2923 / 5315    591.3081 GFlop/s     (591.3081 GFlop/s per process)    54%    1608.3 sec left
CG set 2924 / 5315    591.3078 GFlop/s     (591.3078 GFlop/s per process)    55%    1607.6 sec left
CG set 2925 / 5315    591.3080 GFlop/s     (591.3080 GFlop/s per process)    55%    1606.9 sec left
CG set 2926 / 5315    591.3078 GFlop/s     (591.3078 GFlop/s per process)    55%    1606.2 sec left
CG set 2927 / 5315    591.3079 GFlop/s     (591.3079 GFlop/s per process)    55%    1605.5 sec left
CG set 2928 / 5315    591.3081 GFlop/s     (591.3081 GFlop/s per process)    55%    1604.9 sec left
CG set 2929 / 5315    591.3078 GFlop/s     (591.3078 GFlop/s per process)    55%    1604.2 sec left
CG set 2930 / 5315    591.3076 GFlop/s     (591.3076 GFlop/s per process)    55%    1603.5 sec left
CG set 2931 / 5315    591.3075 GFlop/s     (591.3075 GFlop/s per process)    55%    1602.8 sec left
CG set 2932 / 5315    591.3075 GFlop/s     (591.3075 GFlop/s per process)    55%    1602.1 sec left
CG set 2933 / 5315    591.3074 GFlop/s     (591.3074 GFlop/s per process)    55%    1601.5 sec left
CG set 2934 / 5315    591.3073 GFlop/s     (591.3073 GFlop/s per process)    55%    1600.8 sec left
CG set 2935 / 5315    591.3077 GFlop/s     (591.3077 GFlop/s per process)    55%    1600.1 sec left
CG set 2936 / 5315    591.3075 GFlop/s     (591.3075 GFlop/s per process)    55%    1599.4 sec left
CG set 2937 / 5315    591.3071 GFlop/s     (591.3071 GFlop/s per process)    55%    1598.7 sec left
CG set 2938 / 5315    591.3070 GFlop/s     (591.3070 GFlop/s per process)    55%    1598.0 sec left
CG set 2939 / 5315    591.3069 GFlop/s     (591.3069 GFlop/s per process)    55%    1597.4 sec left
CG set 2940 / 5315    591.3070 GFlop/s     (591.3070 GFlop/s per process)    55%    1596.7 sec left
CG set 2941 / 5315    591.3068 GFlop/s     (591.3068 GFlop/s per process)    55%    1596.0 sec left
CG set 2942 / 5315    591.3065 GFlop/s     (591.3065 GFlop/s per process)    55%    1595.3 sec left
CG set 2943 / 5315    591.3063 GFlop/s     (591.3063 GFlop/s per process)    55%    1594.6 sec left
CG set 2944 / 5315    591.3062 GFlop/s     (591.3062 GFlop/s per process)    55%    1594.0 sec left
CG set 2945 / 5315    591.3060 GFlop/s     (591.3060 GFlop/s per process)    55%    1593.3 sec left
CG set 2946 / 5315    591.3060 GFlop/s     (591.3060 GFlop/s per process)    55%    1592.6 sec left
CG set 2947 / 5315    591.3059 GFlop/s     (591.3059 GFlop/s per process)    55%    1591.9 sec left
CG set 2948 / 5315    591.3061 GFlop/s     (591.3061 GFlop/s per process)    55%    1591.2 sec left
CG set 2949 / 5315    591.3058 GFlop/s     (591.3058 GFlop/s per process)    55%    1590.5 sec left
CG set 2950 / 5315    591.3059 GFlop/s     (591.3059 GFlop/s per process)    55%    1589.9 sec left
CG set 2951 / 5315    591.3059 GFlop/s     (591.3059 GFlop/s per process)    55%    1589.2 sec left
CG set 2952 / 5315    591.3058 GFlop/s     (591.3058 GFlop/s per process)    55%    1588.5 sec left
CG set 2953 / 5315    591.3058 GFlop/s     (591.3058 GFlop/s per process)    55%    1587.8 sec left
CG set 2954 / 5315    591.3053 GFlop/s     (591.3053 GFlop/s per process)    55%    1587.1 sec left
CG set 2955 / 5315    591.3051 GFlop/s     (591.3051 GFlop/s per process)    55%    1586.5 sec left
CG set 2956 / 5315    591.3049 GFlop/s     (591.3049 GFlop/s per process)    55%    1585.8 sec left
CG set 2957 / 5315    591.3050 GFlop/s     (591.3050 GFlop/s per process)    55%    1585.1 sec left
CG set 2958 / 5315    591.3052 GFlop/s     (591.3052 GFlop/s per process)    55%    1584.4 sec left
CG set 2959 / 5315    591.3049 GFlop/s     (591.3049 GFlop/s per process)    55%    1583.7 sec left
CG set 2960 / 5315    591.3050 GFlop/s     (591.3050 GFlop/s per process)    55%    1583.0 sec left
CG set 2961 / 5315    591.3049 GFlop/s     (591.3049 GFlop/s per process)    55%    1582.4 sec left
CG set 2962 / 5315    591.3049 GFlop/s     (591.3049 GFlop/s per process)    55%    1581.7 sec left
CG set 2963 / 5315    591.3048 GFlop/s     (591.3048 GFlop/s per process)    55%    1581.0 sec left
CG set 2964 / 5315    591.3047 GFlop/s     (591.3047 GFlop/s per process)    55%    1580.3 sec left
CG set 2965 / 5315    591.3046 GFlop/s     (591.3046 GFlop/s per process)    55%    1579.6 sec left
CG set 2966 / 5315    591.3046 GFlop/s     (591.3046 GFlop/s per process)    55%    1579.0 sec left
CG set 2967 / 5315    591.3045 GFlop/s     (591.3045 GFlop/s per process)    55%    1578.3 sec left
CG set 2968 / 5315    591.3047 GFlop/s     (591.3047 GFlop/s per process)    55%    1577.6 sec left
CG set 2969 / 5315    591.3048 GFlop/s     (591.3048 GFlop/s per process)    55%    1576.9 sec left
CG set 2970 / 5315    591.3045 GFlop/s     (591.3045 GFlop/s per process)    55%    1576.2 sec left
CG set 2971 / 5315    591.3042 GFlop/s     (591.3042 GFlop/s per process)    55%    1575.5 sec left
CG set 2972 / 5315    591.3040 GFlop/s     (591.3040 GFlop/s per process)    55%    1574.9 sec left
CG set 2973 / 5315    591.3042 GFlop/s     (591.3042 GFlop/s per process)    55%    1574.2 sec left
CG set 2974 / 5315    591.3042 GFlop/s     (591.3042 GFlop/s per process)    55%    1573.5 sec left
CG set 2975 / 5315    591.3041 GFlop/s     (591.3041 GFlop/s per process)    55%    1572.8 sec left
CG set 2976 / 5315    591.3040 GFlop/s     (591.3040 GFlop/s per process)    55%    1572.1 sec left
CG set 2977 / 5315    591.3042 GFlop/s     (591.3042 GFlop/s per process)    56%    1571.5 sec left
CG set 2978 / 5315    591.3040 GFlop/s     (591.3040 GFlop/s per process)    56%    1570.8 sec left
CG set 2979 / 5315    591.3041 GFlop/s     (591.3041 GFlop/s per process)    56%    1570.1 sec left
CG set 2980 / 5315    591.3041 GFlop/s     (591.3041 GFlop/s per process)    56%    1569.4 sec left
CG set 2981 / 5315    591.3041 GFlop/s     (591.3041 GFlop/s per process)    56%    1568.7 sec left
CG set 2982 / 5315    591.3041 GFlop/s     (591.3041 GFlop/s per process)    56%    1568.1 sec left
CG set 2983 / 5315    591.3037 GFlop/s     (591.3037 GFlop/s per process)    56%    1567.4 sec left
CG set 2984 / 5315    591.3032 GFlop/s     (591.3032 GFlop/s per process)    56%    1566.7 sec left
CG set 2985 / 5315    591.3032 GFlop/s     (591.3032 GFlop/s per process)    56%    1566.0 sec left
CG set 2986 / 5315    591.3030 GFlop/s     (591.3030 GFlop/s per process)    56%    1565.3 sec left
CG set 2987 / 5315    591.3029 GFlop/s     (591.3029 GFlop/s per process)    56%    1564.6 sec left
CG set 2988 / 5315    591.3030 GFlop/s     (591.3030 GFlop/s per process)    56%    1564.0 sec left
CG set 2989 / 5315    591.3029 GFlop/s     (591.3029 GFlop/s per process)    56%    1563.3 sec left
CG set 2990 / 5315    591.3028 GFlop/s     (591.3028 GFlop/s per process)    56%    1562.6 sec left
CG set 2991 / 5315    591.3028 GFlop/s     (591.3028 GFlop/s per process)    56%    1561.9 sec left
CG set 2992 / 5315    591.3028 GFlop/s     (591.3028 GFlop/s per process)    56%    1561.2 sec left
CG set 2993 / 5315    591.3026 GFlop/s     (591.3026 GFlop/s per process)    56%    1560.6 sec left
CG set 2994 / 5315    591.3025 GFlop/s     (591.3025 GFlop/s per process)    56%    1559.9 sec left
CG set 2995 / 5315    591.3024 GFlop/s     (591.3024 GFlop/s per process)    56%    1559.2 sec left
CG set 2996 / 5315    591.3022 GFlop/s     (591.3022 GFlop/s per process)    56%    1558.5 sec left
CG set 2997 / 5315    591.3022 GFlop/s     (591.3022 GFlop/s per process)    56%    1557.8 sec left
CG set 2998 / 5315    591.3022 GFlop/s     (591.3022 GFlop/s per process)    56%    1557.1 sec left
CG set 2999 / 5315    591.3023 GFlop/s     (591.3023 GFlop/s per process)    56%    1556.5 sec left
CG set 3000 / 5315    591.3026 GFlop/s     (591.3026 GFlop/s per process)    56%    1555.8 sec left
CG set 3001 / 5315    591.3027 GFlop/s     (591.3027 GFlop/s per process)    56%    1555.1 sec left
CG set 3002 / 5315    591.3027 GFlop/s     (591.3027 GFlop/s per process)    56%    1554.4 sec left
CG set 3003 / 5315    591.3027 GFlop/s     (591.3027 GFlop/s per process)    56%    1553.7 sec left
CG set 3004 / 5315    591.3027 GFlop/s     (591.3027 GFlop/s per process)    56%    1553.1 sec left
CG set 3005 / 5315    591.3026 GFlop/s     (591.3026 GFlop/s per process)    56%    1552.4 sec left
CG set 3006 / 5315    591.3024 GFlop/s     (591.3024 GFlop/s per process)    56%    1551.7 sec left
CG set 3007 / 5315    591.3024 GFlop/s     (591.3024 GFlop/s per process)    56%    1551.0 sec left
CG set 3008 / 5315    591.3023 GFlop/s     (591.3023 GFlop/s per process)    56%    1550.3 sec left
CG set 3009 / 5315    591.3022 GFlop/s     (591.3022 GFlop/s per process)    56%    1549.6 sec left
CG set 3010 / 5315    591.3021 GFlop/s     (591.3021 GFlop/s per process)    56%    1549.0 sec left
CG set 3011 / 5315    591.3021 GFlop/s     (591.3021 GFlop/s per process)    56%    1548.3 sec left
CG set 3012 / 5315    591.3018 GFlop/s     (591.3018 GFlop/s per process)    56%    1547.6 sec left
CG set 3013 / 5315    591.3015 GFlop/s     (591.3015 GFlop/s per process)    56%    1546.9 sec left
CG set 3014 / 5315    591.3016 GFlop/s     (591.3016 GFlop/s per process)    56%    1546.2 sec left
CG set 3015 / 5315    591.3014 GFlop/s     (591.3014 GFlop/s per process)    56%    1545.6 sec left
CG set 3016 / 5315    591.3012 GFlop/s     (591.3012 GFlop/s per process)    56%    1544.9 sec left
CG set 3017 / 5315    591.3009 GFlop/s     (591.3009 GFlop/s per process)    56%    1544.2 sec left
CG set 3018 / 5315    591.3010 GFlop/s     (591.3010 GFlop/s per process)    56%    1543.5 sec left
CG set 3019 / 5315    591.3008 GFlop/s     (591.3008 GFlop/s per process)    56%    1542.8 sec left
CG set 3020 / 5315    591.3004 GFlop/s     (591.3004 GFlop/s per process)    56%    1542.1 sec left
CG set 3021 / 5315    591.3002 GFlop/s     (591.3002 GFlop/s per process)    56%    1541.5 sec left
CG set 3022 / 5315    591.2999 GFlop/s     (591.2999 GFlop/s per process)    56%    1540.8 sec left
CG set 3023 / 5315    591.3000 GFlop/s     (591.3000 GFlop/s per process)    56%    1540.1 sec left
CG set 3024 / 5315    591.2999 GFlop/s     (591.2999 GFlop/s per process)    56%    1539.4 sec left
CG set 3025 / 5315    591.2999 GFlop/s     (591.2999 GFlop/s per process)    56%    1538.7 sec left
CG set 3026 / 5315    591.2996 GFlop/s     (591.2996 GFlop/s per process)    56%    1538.1 sec left
CG set 3027 / 5315    591.2999 GFlop/s     (591.2999 GFlop/s per process)    56%    1537.4 sec left
CG set 3028 / 5315    591.2999 GFlop/s     (591.2999 GFlop/s per process)    56%    1536.7 sec left
CG set 3029 / 5315    591.2998 GFlop/s     (591.2998 GFlop/s per process)    56%    1536.0 sec left
CG set 3030 / 5315    591.2997 GFlop/s     (591.2997 GFlop/s per process)    57%    1535.3 sec left
CG set 3031 / 5315    591.2996 GFlop/s     (591.2996 GFlop/s per process)    57%    1534.6 sec left
CG set 3032 / 5315    591.2993 GFlop/s     (591.2993 GFlop/s per process)    57%    1534.0 sec left
CG set 3033 / 5315    591.2994 GFlop/s     (591.2994 GFlop/s per process)    57%    1533.3 sec left
CG set 3034 / 5315    591.2993 GFlop/s     (591.2993 GFlop/s per process)    57%    1532.6 sec left
CG set 3035 / 5315    591.2995 GFlop/s     (591.2995 GFlop/s per process)    57%    1531.9 sec left
CG set 3036 / 5315    591.2995 GFlop/s     (591.2995 GFlop/s per process)    57%    1531.2 sec left
CG set 3037 / 5315    591.2995 GFlop/s     (591.2995 GFlop/s per process)    57%    1530.6 sec left
CG set 3038 / 5315    591.2995 GFlop/s     (591.2995 GFlop/s per process)    57%    1529.9 sec left
CG set 3039 / 5315    591.2997 GFlop/s     (591.2997 GFlop/s per process)    57%    1529.2 sec left
CG set 3040 / 5315    591.2997 GFlop/s     (591.2997 GFlop/s per process)    57%    1528.5 sec left
CG set 3041 / 5315    591.2998 GFlop/s     (591.2998 GFlop/s per process)    57%    1527.8 sec left
CG set 3042 / 5315    591.2997 GFlop/s     (591.2997 GFlop/s per process)    57%    1527.2 sec left
CG set 3043 / 5315    591.2998 GFlop/s     (591.2998 GFlop/s per process)    57%    1526.5 sec left
CG set 3044 / 5315    591.2997 GFlop/s     (591.2997 GFlop/s per process)    57%    1525.8 sec left
CG set 3045 / 5315    591.2995 GFlop/s     (591.2995 GFlop/s per process)    57%    1525.1 sec left
CG set 3046 / 5315    591.2993 GFlop/s     (591.2993 GFlop/s per process)    57%    1524.4 sec left
CG set 3047 / 5315    591.2991 GFlop/s     (591.2991 GFlop/s per process)    57%    1523.7 sec left
CG set 3048 / 5315    591.2991 GFlop/s     (591.2991 GFlop/s per process)    57%    1523.1 sec left
CG set 3049 / 5315    591.2990 GFlop/s     (591.2990 GFlop/s per process)    57%    1522.4 sec left
CG set 3050 / 5315    591.2991 GFlop/s     (591.2991 GFlop/s per process)    57%    1521.7 sec left
CG set 3051 / 5315    591.2990 GFlop/s     (591.2990 GFlop/s per process)    57%    1521.0 sec left
CG set 3052 / 5315    591.2989 GFlop/s     (591.2989 GFlop/s per process)    57%    1520.3 sec left
CG set 3053 / 5315    591.2990 GFlop/s     (591.2990 GFlop/s per process)    57%    1519.7 sec left
CG set 3054 / 5315    591.2991 GFlop/s     (591.2991 GFlop/s per process)    57%    1519.0 sec left
CG set 3055 / 5315    591.2990 GFlop/s     (591.2990 GFlop/s per process)    57%    1518.3 sec left
CG set 3056 / 5315    591.2991 GFlop/s     (591.2991 GFlop/s per process)    57%    1517.6 sec left
CG set 3057 / 5315    591.2991 GFlop/s     (591.2991 GFlop/s per process)    57%    1516.9 sec left
CG set 3058 / 5315    591.2989 GFlop/s     (591.2989 GFlop/s per process)    57%    1516.2 sec left
CG set 3059 / 5315    591.2988 GFlop/s     (591.2988 GFlop/s per process)    57%    1515.6 sec left
CG set 3060 / 5315    591.2988 GFlop/s     (591.2988 GFlop/s per process)    57%    1514.9 sec left
CG set 3061 / 5315    591.2989 GFlop/s     (591.2989 GFlop/s per process)    57%    1514.2 sec left
CG set 3062 / 5315    591.2989 GFlop/s     (591.2989 GFlop/s per process)    57%    1513.5 sec left
CG set 3063 / 5315    591.2989 GFlop/s     (591.2989 GFlop/s per process)    57%    1512.8 sec left
CG set 3064 / 5315    591.2987 GFlop/s     (591.2987 GFlop/s per process)    57%    1512.2 sec left
CG set 3065 / 5315    591.2989 GFlop/s     (591.2989 GFlop/s per process)    57%    1511.5 sec left
CG set 3066 / 5315    591.2988 GFlop/s     (591.2988 GFlop/s per process)    57%    1510.8 sec left
CG set 3067 / 5315    591.2988 GFlop/s     (591.2988 GFlop/s per process)    57%    1510.1 sec left
CG set 3068 / 5315    591.2990 GFlop/s     (591.2990 GFlop/s per process)    57%    1509.4 sec left
CG set 3069 / 5315    591.2990 GFlop/s     (591.2990 GFlop/s per process)    57%    1508.8 sec left
CG set 3070 / 5315    591.2991 GFlop/s     (591.2991 GFlop/s per process)    57%    1508.1 sec left
CG set 3071 / 5315    591.2989 GFlop/s     (591.2989 GFlop/s per process)    57%    1507.4 sec left
CG set 3072 / 5315    591.2988 GFlop/s     (591.2988 GFlop/s per process)    57%    1506.7 sec left
CG set 3073 / 5315    591.2990 GFlop/s     (591.2990 GFlop/s per process)    57%    1506.0 sec left
CG set 3074 / 5315    591.2988 GFlop/s     (591.2988 GFlop/s per process)    57%    1505.3 sec left
CG set 3075 / 5315    591.2989 GFlop/s     (591.2989 GFlop/s per process)    57%    1504.7 sec left
CG set 3076 / 5315    591.2991 GFlop/s     (591.2991 GFlop/s per process)    57%    1504.0 sec left
CG set 3077 / 5315    591.2991 GFlop/s     (591.2991 GFlop/s per process)    57%    1503.3 sec left
CG set 3078 / 5315    591.2991 GFlop/s     (591.2991 GFlop/s per process)    57%    1502.6 sec left
CG set 3079 / 5315    591.2988 GFlop/s     (591.2988 GFlop/s per process)    57%    1501.9 sec left
CG set 3080 / 5315    591.2986 GFlop/s     (591.2986 GFlop/s per process)    57%    1501.3 sec left
CG set 3081 / 5315    591.2988 GFlop/s     (591.2988 GFlop/s per process)    57%    1500.6 sec left
CG set 3082 / 5315    591.2989 GFlop/s     (591.2989 GFlop/s per process)    57%    1499.9 sec left
CG set 3083 / 5315    591.2987 GFlop/s     (591.2987 GFlop/s per process)    58%    1499.2 sec left
CG set 3084 / 5315    591.2987 GFlop/s     (591.2987 GFlop/s per process)    58%    1498.5 sec left
CG set 3085 / 5315    591.2987 GFlop/s     (591.2987 GFlop/s per process)    58%    1497.8 sec left
CG set 3086 / 5315    591.2987 GFlop/s     (591.2987 GFlop/s per process)    58%    1497.2 sec left
CG set 3087 / 5315    591.2985 GFlop/s     (591.2985 GFlop/s per process)    58%    1496.5 sec left
CG set 3088 / 5315    591.2983 GFlop/s     (591.2983 GFlop/s per process)    58%    1495.8 sec left
CG set 3089 / 5315    591.2981 GFlop/s     (591.2981 GFlop/s per process)    58%    1495.1 sec left
CG set 3090 / 5315    591.2980 GFlop/s     (591.2980 GFlop/s per process)    58%    1494.4 sec left
CG set 3091 / 5315    591.2980 GFlop/s     (591.2980 GFlop/s per process)    58%    1493.8 sec left
CG set 3092 / 5315    591.2981 GFlop/s     (591.2981 GFlop/s per process)    58%    1493.1 sec left
CG set 3093 / 5315    591.2977 GFlop/s     (591.2977 GFlop/s per process)    58%    1492.4 sec left
CG set 3094 / 5315    591.2976 GFlop/s     (591.2976 GFlop/s per process)    58%    1491.7 sec left
CG set 3095 / 5315    591.2975 GFlop/s     (591.2975 GFlop/s per process)    58%    1491.0 sec left
CG set 3096 / 5315    591.2975 GFlop/s     (591.2975 GFlop/s per process)    58%    1490.3 sec left
CG set 3097 / 5315    591.2975 GFlop/s     (591.2975 GFlop/s per process)    58%    1489.7 sec left
CG set 3098 / 5315    591.2976 GFlop/s     (591.2976 GFlop/s per process)    58%    1489.0 sec left
CG set 3099 / 5315    591.2975 GFlop/s     (591.2975 GFlop/s per process)    58%    1488.3 sec left
CG set 3100 / 5315    591.2975 GFlop/s     (591.2975 GFlop/s per process)    58%    1487.6 sec left
CG set 3101 / 5315    591.2973 GFlop/s     (591.2973 GFlop/s per process)    58%    1486.9 sec left
CG set 3102 / 5315    591.2974 GFlop/s     (591.2974 GFlop/s per process)    58%    1486.3 sec left
CG set 3103 / 5315    591.2974 GFlop/s     (591.2974 GFlop/s per process)    58%    1485.6 sec left
CG set 3104 / 5315    591.2970 GFlop/s     (591.2970 GFlop/s per process)    58%    1484.9 sec left
CG set 3105 / 5315    591.2970 GFlop/s     (591.2970 GFlop/s per process)    58%    1484.2 sec left
CG set 3106 / 5315    591.2968 GFlop/s     (591.2968 GFlop/s per process)    58%    1483.5 sec left
CG set 3107 / 5315    591.2968 GFlop/s     (591.2968 GFlop/s per process)    58%    1482.8 sec left
CG set 3108 / 5315    591.2967 GFlop/s     (591.2967 GFlop/s per process)    58%    1482.2 sec left
CG set 3109 / 5315    591.2969 GFlop/s     (591.2969 GFlop/s per process)    58%    1481.5 sec left
CG set 3110 / 5315    591.2967 GFlop/s     (591.2967 GFlop/s per process)    58%    1480.8 sec left
CG set 3111 / 5315    591.2965 GFlop/s     (591.2965 GFlop/s per process)    58%    1480.1 sec left
CG set 3112 / 5315    591.2966 GFlop/s     (591.2966 GFlop/s per process)    58%    1479.4 sec left
CG set 3113 / 5315    591.2970 GFlop/s     (591.2970 GFlop/s per process)    58%    1478.8 sec left
CG set 3114 / 5315    591.2969 GFlop/s     (591.2969 GFlop/s per process)    58%    1478.1 sec left
CG set 3115 / 5315    591.2969 GFlop/s     (591.2969 GFlop/s per process)    58%    1477.4 sec left
CG set 3116 / 5315    591.2968 GFlop/s     (591.2968 GFlop/s per process)    58%    1476.7 sec left
CG set 3117 / 5315    591.2964 GFlop/s     (591.2964 GFlop/s per process)    58%    1476.0 sec left
CG set 3118 / 5315    591.2964 GFlop/s     (591.2964 GFlop/s per process)    58%    1475.4 sec left
CG set 3119 / 5315    591.2963 GFlop/s     (591.2963 GFlop/s per process)    58%    1474.7 sec left
CG set 3120 / 5315    591.2964 GFlop/s     (591.2964 GFlop/s per process)    58%    1474.0 sec left
CG set 3121 / 5315    591.2967 GFlop/s     (591.2967 GFlop/s per process)    58%    1473.3 sec left
CG set 3122 / 5315    591.2970 GFlop/s     (591.2970 GFlop/s per process)    58%    1472.6 sec left
CG set 3123 / 5315    591.2970 GFlop/s     (591.2970 GFlop/s per process)    58%    1471.9 sec left
CG set 3124 / 5315    591.2971 GFlop/s     (591.2971 GFlop/s per process)    58%    1471.3 sec left
CG set 3125 / 5315    591.2970 GFlop/s     (591.2970 GFlop/s per process)    58%    1470.6 sec left
CG set 3126 / 5315    591.2969 GFlop/s     (591.2969 GFlop/s per process)    58%    1469.9 sec left
CG set 3127 / 5315    591.2965 GFlop/s     (591.2965 GFlop/s per process)    58%    1469.2 sec left
CG set 3128 / 5315    591.2966 GFlop/s     (591.2966 GFlop/s per process)    58%    1468.5 sec left
CG set 3129 / 5315    591.2968 GFlop/s     (591.2968 GFlop/s per process)    58%    1467.9 sec left
CG set 3130 / 5315    591.2966 GFlop/s     (591.2966 GFlop/s per process)    58%    1467.2 sec left
CG set 3131 / 5315    591.2964 GFlop/s     (591.2964 GFlop/s per process)    58%    1466.5 sec left
CG set 3132 / 5315    591.2965 GFlop/s     (591.2965 GFlop/s per process)    58%    1465.8 sec left
CG set 3133 / 5315    591.2968 GFlop/s     (591.2968 GFlop/s per process)    58%    1465.1 sec left
CG set 3134 / 5315    591.2965 GFlop/s     (591.2965 GFlop/s per process)    58%    1464.5 sec left
CG set 3135 / 5315    591.2965 GFlop/s     (591.2965 GFlop/s per process)    58%    1463.8 sec left
CG set 3136 / 5315    591.2966 GFlop/s     (591.2966 GFlop/s per process)    59%    1463.1 sec left
CG set 3137 / 5315    591.2964 GFlop/s     (591.2964 GFlop/s per process)    59%    1462.4 sec left
CG set 3138 / 5315    591.2962 GFlop/s     (591.2962 GFlop/s per process)    59%    1461.7 sec left
CG set 3139 / 5315    591.2964 GFlop/s     (591.2964 GFlop/s per process)    59%    1461.0 sec left
CG set 3140 / 5315    591.2963 GFlop/s     (591.2963 GFlop/s per process)    59%    1460.4 sec left
CG set 3141 / 5315    591.2966 GFlop/s     (591.2966 GFlop/s per process)    59%    1459.7 sec left
CG set 3142 / 5315    591.2966 GFlop/s     (591.2966 GFlop/s per process)    59%    1459.0 sec left
CG set 3143 / 5315    591.2968 GFlop/s     (591.2968 GFlop/s per process)    59%    1458.3 sec left
CG set 3144 / 5315    591.2968 GFlop/s     (591.2968 GFlop/s per process)    59%    1457.6 sec left
CG set 3145 / 5315    591.2966 GFlop/s     (591.2966 GFlop/s per process)    59%    1457.0 sec left
CG set 3146 / 5315    591.2968 GFlop/s     (591.2968 GFlop/s per process)    59%    1456.3 sec left
CG set 3147 / 5315    591.2965 GFlop/s     (591.2965 GFlop/s per process)    59%    1455.6 sec left
CG set 3148 / 5315    591.2965 GFlop/s     (591.2965 GFlop/s per process)    59%    1454.9 sec left
CG set 3149 / 5315    591.2964 GFlop/s     (591.2964 GFlop/s per process)    59%    1454.2 sec left
CG set 3150 / 5315    591.2963 GFlop/s     (591.2963 GFlop/s per process)    59%    1453.5 sec left
CG set 3151 / 5315    591.2965 GFlop/s     (591.2965 GFlop/s per process)    59%    1452.9 sec left
CG set 3152 / 5315    591.2964 GFlop/s     (591.2964 GFlop/s per process)    59%    1452.2 sec left
CG set 3153 / 5315    591.2964 GFlop/s     (591.2964 GFlop/s per process)    59%    1451.5 sec left
CG set 3154 / 5315    591.2963 GFlop/s     (591.2963 GFlop/s per process)    59%    1450.8 sec left
CG set 3155 / 5315    591.2960 GFlop/s     (591.2960 GFlop/s per process)    59%    1450.1 sec left
CG set 3156 / 5315    591.2957 GFlop/s     (591.2957 GFlop/s per process)    59%    1449.5 sec left
CG set 3157 / 5315    591.2957 GFlop/s     (591.2957 GFlop/s per process)    59%    1448.8 sec left
CG set 3158 / 5315    591.2956 GFlop/s     (591.2956 GFlop/s per process)    59%    1448.1 sec left
CG set 3159 / 5315    591.2957 GFlop/s     (591.2957 GFlop/s per process)    59%    1447.4 sec left
CG set 3160 / 5315    591.2956 GFlop/s     (591.2956 GFlop/s per process)    59%    1446.7 sec left
CG set 3161 / 5315    591.2955 GFlop/s     (591.2955 GFlop/s per process)    59%    1446.0 sec left
CG set 3162 / 5315    591.2953 GFlop/s     (591.2953 GFlop/s per process)    59%    1445.4 sec left
CG set 3163 / 5315    591.2953 GFlop/s     (591.2953 GFlop/s per process)    59%    1444.7 sec left
CG set 3164 / 5315    591.2952 GFlop/s     (591.2952 GFlop/s per process)    59%    1444.0 sec left
CG set 3165 / 5315    591.2951 GFlop/s     (591.2951 GFlop/s per process)    59%    1443.3 sec left
CG set 3166 / 5315    591.2951 GFlop/s     (591.2951 GFlop/s per process)    59%    1442.6 sec left
CG set 3167 / 5315    591.2954 GFlop/s     (591.2954 GFlop/s per process)    59%    1442.0 sec left
CG set 3168 / 5315    591.2953 GFlop/s     (591.2953 GFlop/s per process)    59%    1441.3 sec left
CG set 3169 / 5315    591.2952 GFlop/s     (591.2952 GFlop/s per process)    59%    1440.6 sec left
CG set 3170 / 5315    591.2950 GFlop/s     (591.2950 GFlop/s per process)    59%    1439.9 sec left
CG set 3171 / 5315    591.2952 GFlop/s     (591.2952 GFlop/s per process)    59%    1439.2 sec left
CG set 3172 / 5315    591.2952 GFlop/s     (591.2952 GFlop/s per process)    59%    1438.6 sec left
CG set 3173 / 5315    591.2953 GFlop/s     (591.2953 GFlop/s per process)    59%    1437.9 sec left
CG set 3174 / 5315    591.2954 GFlop/s     (591.2954 GFlop/s per process)    59%    1437.2 sec left
CG set 3175 / 5315    591.2956 GFlop/s     (591.2956 GFlop/s per process)    59%    1436.5 sec left
CG set 3176 / 5315    591.2953 GFlop/s     (591.2953 GFlop/s per process)    59%    1435.8 sec left
CG set 3177 / 5315    591.2954 GFlop/s     (591.2954 GFlop/s per process)    59%    1435.1 sec left
CG set 3178 / 5315    591.2949 GFlop/s     (591.2949 GFlop/s per process)    59%    1434.5 sec left
CG set 3179 / 5315    591.2950 GFlop/s     (591.2950 GFlop/s per process)    59%    1433.8 sec left
CG set 3180 / 5315    591.2950 GFlop/s     (591.2950 GFlop/s per process)    59%    1433.1 sec left
CG set 3181 / 5315    591.2949 GFlop/s     (591.2949 GFlop/s per process)    59%    1432.4 sec left
CG set 3182 / 5315    591.2948 GFlop/s     (591.2948 GFlop/s per process)    59%    1431.7 sec left
CG set 3183 / 5315    591.2948 GFlop/s     (591.2948 GFlop/s per process)    59%    1431.1 sec left
CG set 3184 / 5315    591.2949 GFlop/s     (591.2949 GFlop/s per process)    59%    1430.4 sec left
CG set 3185 / 5315    591.2948 GFlop/s     (591.2948 GFlop/s per process)    59%    1429.7 sec left
CG set 3186 / 5315    591.2946 GFlop/s     (591.2946 GFlop/s per process)    59%    1429.0 sec left
CG set 3187 / 5315    591.2943 GFlop/s     (591.2943 GFlop/s per process)    59%    1428.3 sec left
CG set 3188 / 5315    591.2944 GFlop/s     (591.2944 GFlop/s per process)    59%    1427.6 sec left
CG set 3189 / 5315    591.2945 GFlop/s     (591.2945 GFlop/s per process)    60%    1427.0 sec left
CG set 3190 / 5315    591.2943 GFlop/s     (591.2943 GFlop/s per process)    60%    1426.3 sec left
CG set 3191 / 5315    591.2943 GFlop/s     (591.2943 GFlop/s per process)    60%    1425.6 sec left
CG set 3192 / 5315    591.2943 GFlop/s     (591.2943 GFlop/s per process)    60%    1424.9 sec left
CG set 3193 / 5315    591.2943 GFlop/s     (591.2943 GFlop/s per process)    60%    1424.2 sec left
CG set 3194 / 5315    591.2943 GFlop/s     (591.2943 GFlop/s per process)    60%    1423.6 sec left
CG set 3195 / 5315    591.2943 GFlop/s     (591.2943 GFlop/s per process)    60%    1422.9 sec left
CG set 3196 / 5315    591.2943 GFlop/s     (591.2943 GFlop/s per process)    60%    1422.2 sec left
CG set 3197 / 5315    591.2942 GFlop/s     (591.2942 GFlop/s per process)    60%    1421.5 sec left
CG set 3198 / 5315    591.2943 GFlop/s     (591.2943 GFlop/s per process)    60%    1420.8 sec left
CG set 3199 / 5315    591.2940 GFlop/s     (591.2940 GFlop/s per process)    60%    1420.1 sec left
CG set 3200 / 5315    591.2940 GFlop/s     (591.2940 GFlop/s per process)    60%    1419.5 sec left
CG set 3201 / 5315    591.2939 GFlop/s     (591.2939 GFlop/s per process)    60%    1418.8 sec left
CG set 3202 / 5315    591.2938 GFlop/s     (591.2938 GFlop/s per process)    60%    1418.1 sec left
CG set 3203 / 5315    591.2937 GFlop/s     (591.2937 GFlop/s per process)    60%    1417.4 sec left
CG set 3204 / 5315    591.2935 GFlop/s     (591.2935 GFlop/s per process)    60%    1416.7 sec left
CG set 3205 / 5315    591.2936 GFlop/s     (591.2936 GFlop/s per process)    60%    1416.1 sec left
CG set 3206 / 5315    591.2935 GFlop/s     (591.2935 GFlop/s per process)    60%    1415.4 sec left
CG set 3207 / 5315    591.2932 GFlop/s     (591.2932 GFlop/s per process)    60%    1414.7 sec left
CG set 3208 / 5315    591.2932 GFlop/s     (591.2932 GFlop/s per process)    60%    1414.0 sec left
CG set 3209 / 5315    591.2932 GFlop/s     (591.2932 GFlop/s per process)    60%    1413.3 sec left
CG set 3210 / 5315    591.2931 GFlop/s     (591.2931 GFlop/s per process)    60%    1412.7 sec left
CG set 3211 / 5315    591.2929 GFlop/s     (591.2929 GFlop/s per process)    60%    1412.0 sec left
CG set 3212 / 5315    591.2930 GFlop/s     (591.2930 GFlop/s per process)    60%    1411.3 sec left
CG set 3213 / 5315    591.2929 GFlop/s     (591.2929 GFlop/s per process)    60%    1410.6 sec left
CG set 3214 / 5315    591.2928 GFlop/s     (591.2928 GFlop/s per process)    60%    1409.9 sec left
CG set 3215 / 5315    591.2929 GFlop/s     (591.2929 GFlop/s per process)    60%    1409.2 sec left
CG set 3216 / 5315    591.2929 GFlop/s     (591.2929 GFlop/s per process)    60%    1408.6 sec left
CG set 3217 / 5315    591.2929 GFlop/s     (591.2929 GFlop/s per process)    60%    1407.9 sec left
CG set 3218 / 5315    591.2926 GFlop/s     (591.2926 GFlop/s per process)    60%    1407.2 sec left
CG set 3219 / 5315    591.2925 GFlop/s     (591.2925 GFlop/s per process)    60%    1406.5 sec left
CG set 3220 / 5315    591.2925 GFlop/s     (591.2925 GFlop/s per process)    60%    1405.8 sec left
CG set 3221 / 5315    591.2925 GFlop/s     (591.2925 GFlop/s per process)    60%    1405.2 sec left
CG set 3222 / 5315    591.2923 GFlop/s     (591.2923 GFlop/s per process)    60%    1404.5 sec left
CG set 3223 / 5315    591.2923 GFlop/s     (591.2923 GFlop/s per process)    60%    1403.8 sec left
CG set 3224 / 5315    591.2923 GFlop/s     (591.2923 GFlop/s per process)    60%    1403.1 sec left
CG set 3225 / 5315    591.2923 GFlop/s     (591.2923 GFlop/s per process)    60%    1402.4 sec left
CG set 3226 / 5315    591.2924 GFlop/s     (591.2924 GFlop/s per process)    60%    1401.7 sec left
CG set 3227 / 5315    591.2923 GFlop/s     (591.2923 GFlop/s per process)    60%    1401.1 sec left
CG set 3228 / 5315    591.2923 GFlop/s     (591.2923 GFlop/s per process)    60%    1400.4 sec left
CG set 3229 / 5315    591.2921 GFlop/s     (591.2921 GFlop/s per process)    60%    1399.7 sec left
CG set 3230 / 5315    591.2921 GFlop/s     (591.2921 GFlop/s per process)    60%    1399.0 sec left
CG set 3231 / 5315    591.2921 GFlop/s     (591.2921 GFlop/s per process)    60%    1398.3 sec left
CG set 3232 / 5315    591.2921 GFlop/s     (591.2921 GFlop/s per process)    60%    1397.7 sec left
CG set 3233 / 5315    591.2921 GFlop/s     (591.2921 GFlop/s per process)    60%    1397.0 sec left
CG set 3234 / 5315    591.2919 GFlop/s     (591.2919 GFlop/s per process)    60%    1396.3 sec left
CG set 3235 / 5315    591.2918 GFlop/s     (591.2918 GFlop/s per process)    60%    1395.6 sec left
CG set 3236 / 5315    591.2915 GFlop/s     (591.2915 GFlop/s per process)    60%    1394.9 sec left
CG set 3237 / 5315    591.2915 GFlop/s     (591.2915 GFlop/s per process)    60%    1394.2 sec left
CG set 3238 / 5315    591.2913 GFlop/s     (591.2913 GFlop/s per process)    60%    1393.6 sec left
CG set 3239 / 5315    591.2909 GFlop/s     (591.2909 GFlop/s per process)    60%    1392.9 sec left
CG set 3240 / 5315    591.2910 GFlop/s     (591.2910 GFlop/s per process)    60%    1392.2 sec left
CG set 3241 / 5315    591.2911 GFlop/s     (591.2911 GFlop/s per process)    60%    1391.5 sec left
CG set 3242 / 5315    591.2911 GFlop/s     (591.2911 GFlop/s per process)    60%    1390.8 sec left
CG set 3243 / 5315    591.2912 GFlop/s     (591.2912 GFlop/s per process)    61%    1390.2 sec left
CG set 3244 / 5315    591.2914 GFlop/s     (591.2914 GFlop/s per process)    61%    1389.5 sec left
CG set 3245 / 5315    591.2915 GFlop/s     (591.2915 GFlop/s per process)    61%    1388.8 sec left
CG set 3246 / 5315    591.2915 GFlop/s     (591.2915 GFlop/s per process)    61%    1388.1 sec left
CG set 3247 / 5315    591.2917 GFlop/s     (591.2917 GFlop/s per process)    61%    1387.4 sec left
CG set 3248 / 5315    591.2918 GFlop/s     (591.2918 GFlop/s per process)    61%    1386.8 sec left
CG set 3249 / 5315    591.2918 GFlop/s     (591.2918 GFlop/s per process)    61%    1386.1 sec left
CG set 3250 / 5315    591.2916 GFlop/s     (591.2916 GFlop/s per process)    61%    1385.4 sec left
CG set 3251 / 5315    591.2913 GFlop/s     (591.2913 GFlop/s per process)    61%    1384.7 sec left
CG set 3252 / 5315    591.2913 GFlop/s     (591.2913 GFlop/s per process)    61%    1384.0 sec left
CG set 3253 / 5315    591.2915 GFlop/s     (591.2915 GFlop/s per process)    61%    1383.3 sec left
CG set 3254 / 5315    591.2916 GFlop/s     (591.2916 GFlop/s per process)    61%    1382.7 sec left
CG set 3255 / 5315    591.2917 GFlop/s     (591.2917 GFlop/s per process)    61%    1382.0 sec left
CG set 3256 / 5315    591.2917 GFlop/s     (591.2917 GFlop/s per process)    61%    1381.3 sec left
CG set 3257 / 5315    591.2916 GFlop/s     (591.2916 GFlop/s per process)    61%    1380.6 sec left
CG set 3258 / 5315    591.2918 GFlop/s     (591.2918 GFlop/s per process)    61%    1379.9 sec left
CG set 3259 / 5315    591.2918 GFlop/s     (591.2918 GFlop/s per process)    61%    1379.3 sec left
CG set 3260 / 5315    591.2918 GFlop/s     (591.2918 GFlop/s per process)    61%    1378.6 sec left
CG set 3261 / 5315    591.2917 GFlop/s     (591.2917 GFlop/s per process)    61%    1377.9 sec left
CG set 3262 / 5315    591.2916 GFlop/s     (591.2916 GFlop/s per process)    61%    1377.2 sec left
CG set 3263 / 5315    591.2917 GFlop/s     (591.2917 GFlop/s per process)    61%    1376.5 sec left
CG set 3264 / 5315    591.2918 GFlop/s     (591.2918 GFlop/s per process)    61%    1375.8 sec left
CG set 3265 / 5315    591.2917 GFlop/s     (591.2917 GFlop/s per process)    61%    1375.2 sec left
CG set 3266 / 5315    591.2919 GFlop/s     (591.2919 GFlop/s per process)    61%    1374.5 sec left
CG set 3267 / 5315    591.2917 GFlop/s     (591.2917 GFlop/s per process)    61%    1373.8 sec left
CG set 3268 / 5315    591.2917 GFlop/s     (591.2917 GFlop/s per process)    61%    1373.1 sec left
CG set 3269 / 5315    591.2918 GFlop/s     (591.2918 GFlop/s per process)    61%    1372.4 sec left
CG set 3270 / 5315    591.2917 GFlop/s     (591.2917 GFlop/s per process)    61%    1371.8 sec left
CG set 3271 / 5315    591.2917 GFlop/s     (591.2917 GFlop/s per process)    61%    1371.1 sec left
CG set 3272 / 5315    591.2916 GFlop/s     (591.2916 GFlop/s per process)    61%    1370.4 sec left
CG set 3273 / 5315    591.2915 GFlop/s     (591.2915 GFlop/s per process)    61%    1369.7 sec left
CG set 3274 / 5315    591.2915 GFlop/s     (591.2915 GFlop/s per process)    61%    1369.0 sec left
CG set 3275 / 5315    591.2916 GFlop/s     (591.2916 GFlop/s per process)    61%    1368.4 sec left
CG set 3276 / 5315    591.2917 GFlop/s     (591.2917 GFlop/s per process)    61%    1367.7 sec left
CG set 3277 / 5315    591.2915 GFlop/s     (591.2915 GFlop/s per process)    61%    1367.0 sec left
CG set 3278 / 5315    591.2913 GFlop/s     (591.2913 GFlop/s per process)    61%    1366.3 sec left
CG set 3279 / 5315    591.2911 GFlop/s     (591.2911 GFlop/s per process)    61%    1365.6 sec left
CG set 3280 / 5315    591.2911 GFlop/s     (591.2911 GFlop/s per process)    61%    1364.9 sec left
CG set 3281 / 5315    591.2913 GFlop/s     (591.2913 GFlop/s per process)    61%    1364.3 sec left
CG set 3282 / 5315    591.2913 GFlop/s     (591.2913 GFlop/s per process)    61%    1363.6 sec left
CG set 3283 / 5315    591.2911 GFlop/s     (591.2911 GFlop/s per process)    61%    1362.9 sec left
CG set 3284 / 5315    591.2912 GFlop/s     (591.2912 GFlop/s per process)    61%    1362.2 sec left
CG set 3285 / 5315    591.2911 GFlop/s     (591.2911 GFlop/s per process)    61%    1361.5 sec left
CG set 3286 / 5315    591.2910 GFlop/s     (591.2910 GFlop/s per process)    61%    1360.9 sec left
CG set 3287 / 5315    591.2909 GFlop/s     (591.2909 GFlop/s per process)    61%    1360.2 sec left
CG set 3288 / 5315    591.2910 GFlop/s     (591.2910 GFlop/s per process)    61%    1359.5 sec left
CG set 3289 / 5315    591.2908 GFlop/s     (591.2908 GFlop/s per process)    61%    1358.8 sec left
CG set 3290 / 5315    591.2907 GFlop/s     (591.2907 GFlop/s per process)    61%    1358.1 sec left
CG set 3291 / 5315    591.2905 GFlop/s     (591.2905 GFlop/s per process)    61%    1357.4 sec left
CG set 3292 / 5315    591.2905 GFlop/s     (591.2905 GFlop/s per process)    61%    1356.8 sec left
CG set 3293 / 5315    591.2903 GFlop/s     (591.2903 GFlop/s per process)    61%    1356.1 sec left
CG set 3294 / 5315    591.2902 GFlop/s     (591.2902 GFlop/s per process)    61%    1355.4 sec left
CG set 3295 / 5315    591.2904 GFlop/s     (591.2904 GFlop/s per process)    61%    1354.7 sec left
CG set 3296 / 5315    591.2902 GFlop/s     (591.2902 GFlop/s per process)    62%    1354.0 sec left
CG set 3297 / 5315    591.2902 GFlop/s     (591.2902 GFlop/s per process)    62%    1353.4 sec left
CG set 3298 / 5315    591.2903 GFlop/s     (591.2903 GFlop/s per process)    62%    1352.7 sec left
CG set 3299 / 5315    591.2904 GFlop/s     (591.2904 GFlop/s per process)    62%    1352.0 sec left
CG set 3300 / 5315    591.2905 GFlop/s     (591.2905 GFlop/s per process)    62%    1351.3 sec left
CG set 3301 / 5315    591.2904 GFlop/s     (591.2904 GFlop/s per process)    62%    1350.6 sec left
CG set 3302 / 5315    591.2902 GFlop/s     (591.2902 GFlop/s per process)    62%    1349.9 sec left
CG set 3303 / 5315    591.2903 GFlop/s     (591.2903 GFlop/s per process)    62%    1349.3 sec left
CG set 3304 / 5315    591.2903 GFlop/s     (591.2903 GFlop/s per process)    62%    1348.6 sec left
CG set 3305 / 5315    591.2904 GFlop/s     (591.2904 GFlop/s per process)    62%    1347.9 sec left
CG set 3306 / 5315    591.2904 GFlop/s     (591.2904 GFlop/s per process)    62%    1347.2 sec left
CG set 3307 / 5315    591.2904 GFlop/s     (591.2904 GFlop/s per process)    62%    1346.5 sec left
CG set 3308 / 5315    591.2902 GFlop/s     (591.2902 GFlop/s per process)    62%    1345.9 sec left
CG set 3309 / 5315    591.2901 GFlop/s     (591.2901 GFlop/s per process)    62%    1345.2 sec left
CG set 3310 / 5315    591.2900 GFlop/s     (591.2900 GFlop/s per process)    62%    1344.5 sec left
CG set 3311 / 5315    591.2902 GFlop/s     (591.2902 GFlop/s per process)    62%    1343.8 sec left
CG set 3312 / 5315    591.2903 GFlop/s     (591.2903 GFlop/s per process)    62%    1343.1 sec left
CG set 3313 / 5315    591.2902 GFlop/s     (591.2902 GFlop/s per process)    62%    1342.5 sec left
CG set 3314 / 5315    591.2901 GFlop/s     (591.2901 GFlop/s per process)    62%    1341.8 sec left
CG set 3315 / 5315    591.2900 GFlop/s     (591.2900 GFlop/s per process)    62%    1341.1 sec left
CG set 3316 / 5315    591.2900 GFlop/s     (591.2900 GFlop/s per process)    62%    1340.4 sec left
CG set 3317 / 5315    591.2902 GFlop/s     (591.2902 GFlop/s per process)    62%    1339.7 sec left
CG set 3318 / 5315    591.2901 GFlop/s     (591.2901 GFlop/s per process)    62%    1339.0 sec left
CG set 3319 / 5315    591.2898 GFlop/s     (591.2898 GFlop/s per process)    62%    1338.4 sec left
CG set 3320 / 5315    591.2898 GFlop/s     (591.2898 GFlop/s per process)    62%    1337.7 sec left
CG set 3321 / 5315    591.2897 GFlop/s     (591.2897 GFlop/s per process)    62%    1337.0 sec left
CG set 3322 / 5315    591.2898 GFlop/s     (591.2898 GFlop/s per process)    62%    1336.3 sec left
CG set 3323 / 5315    591.2895 GFlop/s     (591.2895 GFlop/s per process)    62%    1335.6 sec left
CG set 3324 / 5315    591.2894 GFlop/s     (591.2894 GFlop/s per process)    62%    1335.0 sec left
CG set 3325 / 5315    591.2896 GFlop/s     (591.2896 GFlop/s per process)    62%    1334.3 sec left
CG set 3326 / 5315    591.2895 GFlop/s     (591.2895 GFlop/s per process)    62%    1333.6 sec left
CG set 3327 / 5315    591.2898 GFlop/s     (591.2898 GFlop/s per process)    62%    1332.9 sec left
CG set 3328 / 5315    591.2898 GFlop/s     (591.2898 GFlop/s per process)    62%    1332.2 sec left
CG set 3329 / 5315    591.2899 GFlop/s     (591.2899 GFlop/s per process)    62%    1331.5 sec left
CG set 3330 / 5315    591.2898 GFlop/s     (591.2898 GFlop/s per process)    62%    1330.9 sec left
CG set 3331 / 5315    591.2898 GFlop/s     (591.2898 GFlop/s per process)    62%    1330.2 sec left
CG set 3332 / 5315    591.2899 GFlop/s     (591.2899 GFlop/s per process)    62%    1329.5 sec left
CG set 3333 / 5315    591.2899 GFlop/s     (591.2899 GFlop/s per process)    62%    1328.8 sec left
CG set 3334 / 5315    591.2898 GFlop/s     (591.2898 GFlop/s per process)    62%    1328.1 sec left
CG set 3335 / 5315    591.2896 GFlop/s     (591.2896 GFlop/s per process)    62%    1327.5 sec left
CG set 3336 / 5315    591.2896 GFlop/s     (591.2896 GFlop/s per process)    62%    1326.8 sec left
CG set 3337 / 5315    591.2896 GFlop/s     (591.2896 GFlop/s per process)    62%    1326.1 sec left
CG set 3338 / 5315    591.2897 GFlop/s     (591.2897 GFlop/s per process)    62%    1325.4 sec left
CG set 3339 / 5315    591.2897 GFlop/s     (591.2897 GFlop/s per process)    62%    1324.7 sec left
CG set 3340 / 5315    591.2897 GFlop/s     (591.2897 GFlop/s per process)    62%    1324.1 sec left
CG set 3341 / 5315    591.2898 GFlop/s     (591.2898 GFlop/s per process)    62%    1323.4 sec left
CG set 3342 / 5315    591.2896 GFlop/s     (591.2896 GFlop/s per process)    62%    1322.7 sec left
CG set 3343 / 5315    591.2899 GFlop/s     (591.2899 GFlop/s per process)    62%    1322.0 sec left
CG set 3344 / 5315    591.2898 GFlop/s     (591.2898 GFlop/s per process)    62%    1321.3 sec left
CG set 3345 / 5315    591.2898 GFlop/s     (591.2898 GFlop/s per process)    62%    1320.6 sec left
CG set 3346 / 5315    591.2899 GFlop/s     (591.2899 GFlop/s per process)    62%    1320.0 sec left
CG set 3347 / 5315    591.2899 GFlop/s     (591.2899 GFlop/s per process)    62%    1319.3 sec left
CG set 3348 / 5315    591.2899 GFlop/s     (591.2899 GFlop/s per process)    62%    1318.6 sec left
CG set 3349 / 5315    591.2900 GFlop/s     (591.2900 GFlop/s per process)    63%    1317.9 sec left
CG set 3350 / 5315    591.2899 GFlop/s     (591.2899 GFlop/s per process)    63%    1317.2 sec left
CG set 3351 / 5315    591.2901 GFlop/s     (591.2901 GFlop/s per process)    63%    1316.6 sec left
CG set 3352 / 5315    591.2901 GFlop/s     (591.2901 GFlop/s per process)    63%    1315.9 sec left
CG set 3353 / 5315    591.2902 GFlop/s     (591.2902 GFlop/s per process)    63%    1315.2 sec left
CG set 3354 / 5315    591.2902 GFlop/s     (591.2902 GFlop/s per process)    63%    1314.5 sec left
CG set 3355 / 5315    591.2900 GFlop/s     (591.2900 GFlop/s per process)    63%    1313.8 sec left
CG set 3356 / 5315    591.2901 GFlop/s     (591.2901 GFlop/s per process)    63%    1313.2 sec left
CG set 3357 / 5315    591.2903 GFlop/s     (591.2903 GFlop/s per process)    63%    1312.5 sec left
CG set 3358 / 5315    591.2903 GFlop/s     (591.2903 GFlop/s per process)    63%    1311.8 sec left
CG set 3359 / 5315    591.2902 GFlop/s     (591.2902 GFlop/s per process)    63%    1311.1 sec left
CG set 3360 / 5315    591.2901 GFlop/s     (591.2901 GFlop/s per process)    63%    1310.4 sec left
CG set 3361 / 5315    591.2900 GFlop/s     (591.2900 GFlop/s per process)    63%    1309.7 sec left
CG set 3362 / 5315    591.2902 GFlop/s     (591.2902 GFlop/s per process)    63%    1309.1 sec left
CG set 3363 / 5315    591.2902 GFlop/s     (591.2902 GFlop/s per process)    63%    1308.4 sec left
CG set 3364 / 5315    591.2902 GFlop/s     (591.2902 GFlop/s per process)    63%    1307.7 sec left
CG set 3365 / 5315    591.2902 GFlop/s     (591.2902 GFlop/s per process)    63%    1307.0 sec left
CG set 3366 / 5315    591.2899 GFlop/s     (591.2899 GFlop/s per process)    63%    1306.3 sec left
CG set 3367 / 5315    591.2900 GFlop/s     (591.2900 GFlop/s per process)    63%    1305.7 sec left
CG set 3368 / 5315    591.2900 GFlop/s     (591.2900 GFlop/s per process)    63%    1305.0 sec left
CG set 3369 / 5315    591.2900 GFlop/s     (591.2900 GFlop/s per process)    63%    1304.3 sec left
CG set 3370 / 5315    591.2900 GFlop/s     (591.2900 GFlop/s per process)    63%    1303.6 sec left
CG set 3371 / 5315    591.2901 GFlop/s     (591.2901 GFlop/s per process)    63%    1302.9 sec left
CG set 3372 / 5315    591.2900 GFlop/s     (591.2900 GFlop/s per process)    63%    1302.2 sec left
CG set 3373 / 5315    591.2900 GFlop/s     (591.2900 GFlop/s per process)    63%    1301.6 sec left
CG set 3374 / 5315    591.2900 GFlop/s     (591.2900 GFlop/s per process)    63%    1300.9 sec left
CG set 3375 / 5315    591.2902 GFlop/s     (591.2902 GFlop/s per process)    63%    1300.2 sec left
CG set 3376 / 5315    591.2904 GFlop/s     (591.2904 GFlop/s per process)    63%    1299.5 sec left
CG set 3377 / 5315    591.2903 GFlop/s     (591.2903 GFlop/s per process)    63%    1298.8 sec left
CG set 3378 / 5315    591.2903 GFlop/s     (591.2903 GFlop/s per process)    63%    1298.2 sec left
CG set 3379 / 5315    591.2904 GFlop/s     (591.2904 GFlop/s per process)    63%    1297.5 sec left
CG set 3380 / 5315    591.2902 GFlop/s     (591.2902 GFlop/s per process)    63%    1296.8 sec left
CG set 3381 / 5315    591.2902 GFlop/s     (591.2902 GFlop/s per process)    63%    1296.1 sec left
CG set 3382 / 5315    591.2901 GFlop/s     (591.2901 GFlop/s per process)    63%    1295.4 sec left
CG set 3383 / 5315    591.2903 GFlop/s     (591.2903 GFlop/s per process)    63%    1294.8 sec left
CG set 3384 / 5315    591.2904 GFlop/s     (591.2904 GFlop/s per process)    63%    1294.1 sec left
CG set 3385 / 5315    591.2903 GFlop/s     (591.2903 GFlop/s per process)    63%    1293.4 sec left
CG set 3386 / 5315    591.2906 GFlop/s     (591.2906 GFlop/s per process)    63%    1292.7 sec left
CG set 3387 / 5315    591.2906 GFlop/s     (591.2906 GFlop/s per process)    63%    1292.0 sec left
CG set 3388 / 5315    591.2905 GFlop/s     (591.2905 GFlop/s per process)    63%    1291.3 sec left
CG set 3389 / 5315    591.2905 GFlop/s     (591.2905 GFlop/s per process)    63%    1290.7 sec left
CG set 3390 / 5315    591.2904 GFlop/s     (591.2904 GFlop/s per process)    63%    1290.0 sec left
CG set 3391 / 5315    591.2903 GFlop/s     (591.2903 GFlop/s per process)    63%    1289.3 sec left
CG set 3392 / 5315    591.2905 GFlop/s     (591.2905 GFlop/s per process)    63%    1288.6 sec left
CG set 3393 / 5315    591.2907 GFlop/s     (591.2907 GFlop/s per process)    63%    1287.9 sec left
CG set 3394 / 5315    591.2905 GFlop/s     (591.2905 GFlop/s per process)    63%    1287.3 sec left
CG set 3395 / 5315    591.2905 GFlop/s     (591.2905 GFlop/s per process)    63%    1286.6 sec left
CG set 3396 / 5315    591.2904 GFlop/s     (591.2904 GFlop/s per process)    63%    1285.9 sec left
CG set 3397 / 5315    591.2901 GFlop/s     (591.2901 GFlop/s per process)    63%    1285.2 sec left
CG set 3398 / 5315    591.2900 GFlop/s     (591.2900 GFlop/s per process)    63%    1284.5 sec left
CG set 3399 / 5315    591.2901 GFlop/s     (591.2901 GFlop/s per process)    63%    1283.9 sec left
CG set 3400 / 5315    591.2901 GFlop/s     (591.2901 GFlop/s per process)    63%    1283.2 sec left
CG set 3401 / 5315    591.2900 GFlop/s     (591.2900 GFlop/s per process)    63%    1282.5 sec left
CG set 3402 / 5315    591.2898 GFlop/s     (591.2898 GFlop/s per process)    64%    1281.8 sec left
CG set 3403 / 5315    591.2898 GFlop/s     (591.2898 GFlop/s per process)    64%    1281.1 sec left
CG set 3404 / 5315    591.2898 GFlop/s     (591.2898 GFlop/s per process)    64%    1280.4 sec left
CG set 3405 / 5315    591.2897 GFlop/s     (591.2897 GFlop/s per process)    64%    1279.8 sec left
CG set 3406 / 5315    591.2897 GFlop/s     (591.2897 GFlop/s per process)    64%    1279.1 sec left
CG set 3407 / 5315    591.2897 GFlop/s     (591.2897 GFlop/s per process)    64%    1278.4 sec left
CG set 3408 / 5315    591.2896 GFlop/s     (591.2896 GFlop/s per process)    64%    1277.7 sec left
CG set 3409 / 5315    591.2898 GFlop/s     (591.2898 GFlop/s per process)    64%    1277.0 sec left
CG set 3410 / 5315    591.2897 GFlop/s     (591.2897 GFlop/s per process)    64%    1276.4 sec left
CG set 3411 / 5315    591.2897 GFlop/s     (591.2897 GFlop/s per process)    64%    1275.7 sec left
CG set 3412 / 5315    591.2897 GFlop/s     (591.2897 GFlop/s per process)    64%    1275.0 sec left
CG set 3413 / 5315    591.2896 GFlop/s     (591.2896 GFlop/s per process)    64%    1274.3 sec left
CG set 3414 / 5315    591.2895 GFlop/s     (591.2895 GFlop/s per process)    64%    1273.6 sec left
CG set 3415 / 5315    591.2896 GFlop/s     (591.2896 GFlop/s per process)    64%    1272.9 sec left
CG set 3416 / 5315    591.2896 GFlop/s     (591.2896 GFlop/s per process)    64%    1272.3 sec left
CG set 3417 / 5315    591.2893 GFlop/s     (591.2893 GFlop/s per process)    64%    1271.6 sec left
CG set 3418 / 5315    591.2893 GFlop/s     (591.2893 GFlop/s per process)    64%    1270.9 sec left
CG set 3419 / 5315    591.2896 GFlop/s     (591.2896 GFlop/s per process)    64%    1270.2 sec left
CG set 3420 / 5315    591.2894 GFlop/s     (591.2894 GFlop/s per process)    64%    1269.5 sec left
CG set 3421 / 5315    591.2896 GFlop/s     (591.2896 GFlop/s per process)    64%    1268.9 sec left
CG set 3422 / 5315    591.2894 GFlop/s     (591.2894 GFlop/s per process)    64%    1268.2 sec left
CG set 3423 / 5315    591.2895 GFlop/s     (591.2895 GFlop/s per process)    64%    1267.5 sec left
CG set 3424 / 5315    591.2899 GFlop/s     (591.2899 GFlop/s per process)    64%    1266.8 sec left
CG set 3425 / 5315    591.2898 GFlop/s     (591.2898 GFlop/s per process)    64%    1266.1 sec left
CG set 3426 / 5315    591.2896 GFlop/s     (591.2896 GFlop/s per process)    64%    1265.5 sec left
CG set 3427 / 5315    591.2898 GFlop/s     (591.2898 GFlop/s per process)    64%    1264.8 sec left
CG set 3428 / 5315    591.2899 GFlop/s     (591.2899 GFlop/s per process)    64%    1264.1 sec left
CG set 3429 / 5315    591.2899 GFlop/s     (591.2899 GFlop/s per process)    64%    1263.4 sec left
CG set 3430 / 5315    591.2898 GFlop/s     (591.2898 GFlop/s per process)    64%    1262.7 sec left
CG set 3431 / 5315    591.2899 GFlop/s     (591.2899 GFlop/s per process)    64%    1262.0 sec left
CG set 3432 / 5315    591.2900 GFlop/s     (591.2900 GFlop/s per process)    64%    1261.4 sec left
CG set 3433 / 5315    591.2898 GFlop/s     (591.2898 GFlop/s per process)    64%    1260.7 sec left
CG set 3434 / 5315    591.2898 GFlop/s     (591.2898 GFlop/s per process)    64%    1260.0 sec left
CG set 3435 / 5315    591.2899 GFlop/s     (591.2899 GFlop/s per process)    64%    1259.3 sec left
CG set 3436 / 5315    591.2900 GFlop/s     (591.2900 GFlop/s per process)    64%    1258.6 sec left
CG set 3437 / 5315    591.2902 GFlop/s     (591.2902 GFlop/s per process)    64%    1258.0 sec left
CG set 3438 / 5315    591.2901 GFlop/s     (591.2901 GFlop/s per process)    64%    1257.3 sec left
CG set 3439 / 5315    591.2900 GFlop/s     (591.2900 GFlop/s per process)    64%    1256.6 sec left
CG set 3440 / 5315    591.2901 GFlop/s     (591.2901 GFlop/s per process)    64%    1255.9 sec left
CG set 3441 / 5315    591.2902 GFlop/s     (591.2902 GFlop/s per process)    64%    1255.2 sec left
CG set 3442 / 5315    591.2903 GFlop/s     (591.2903 GFlop/s per process)    64%    1254.6 sec left
CG set 3443 / 5315    591.2904 GFlop/s     (591.2904 GFlop/s per process)    64%    1253.9 sec left
CG set 3444 / 5315    591.2906 GFlop/s     (591.2906 GFlop/s per process)    64%    1253.2 sec left
CG set 3445 / 5315    591.2906 GFlop/s     (591.2906 GFlop/s per process)    64%    1252.5 sec left
CG set 3446 / 5315    591.2907 GFlop/s     (591.2907 GFlop/s per process)    64%    1251.8 sec left
CG set 3447 / 5315    591.2907 GFlop/s     (591.2907 GFlop/s per process)    64%    1251.1 sec left
CG set 3448 / 5315    591.2908 GFlop/s     (591.2908 GFlop/s per process)    64%    1250.5 sec left
CG set 3449 / 5315    591.2909 GFlop/s     (591.2909 GFlop/s per process)    64%    1249.8 sec left
CG set 3450 / 5315    591.2910 GFlop/s     (591.2910 GFlop/s per process)    64%    1249.1 sec left
CG set 3451 / 5315    591.2912 GFlop/s     (591.2912 GFlop/s per process)    64%    1248.4 sec left
CG set 3452 / 5315    591.2912 GFlop/s     (591.2912 GFlop/s per process)    64%    1247.7 sec left
CG set 3453 / 5315    591.2909 GFlop/s     (591.2909 GFlop/s per process)    64%    1247.1 sec left
CG set 3454 / 5315    591.2910 GFlop/s     (591.2910 GFlop/s per process)    64%    1246.4 sec left
CG set 3455 / 5315    591.2909 GFlop/s     (591.2909 GFlop/s per process)    65%    1245.7 sec left
CG set 3456 / 5315    591.2910 GFlop/s     (591.2910 GFlop/s per process)    65%    1245.0 sec left
CG set 3457 / 5315    591.2910 GFlop/s     (591.2910 GFlop/s per process)    65%    1244.3 sec left
CG set 3458 / 5315    591.2912 GFlop/s     (591.2912 GFlop/s per process)    65%    1243.7 sec left
CG set 3459 / 5315    591.2912 GFlop/s     (591.2912 GFlop/s per process)    65%    1243.0 sec left
CG set 3460 / 5315    591.2911 GFlop/s     (591.2911 GFlop/s per process)    65%    1242.3 sec left
CG set 3461 / 5315    591.2913 GFlop/s     (591.2913 GFlop/s per process)    65%    1241.6 sec left
CG set 3462 / 5315    591.2912 GFlop/s     (591.2912 GFlop/s per process)    65%    1240.9 sec left
CG set 3463 / 5315    591.2915 GFlop/s     (591.2915 GFlop/s per process)    65%    1240.2 sec left
CG set 3464 / 5315    591.2915 GFlop/s     (591.2915 GFlop/s per process)    65%    1239.6 sec left
CG set 3465 / 5315    591.2916 GFlop/s     (591.2916 GFlop/s per process)    65%    1238.9 sec left
CG set 3466 / 5315    591.2917 GFlop/s     (591.2917 GFlop/s per process)    65%    1238.2 sec left
CG set 3467 / 5315    591.2916 GFlop/s     (591.2916 GFlop/s per process)    65%    1237.5 sec left
CG set 3468 / 5315    591.2917 GFlop/s     (591.2917 GFlop/s per process)    65%    1236.8 sec left
CG set 3469 / 5315    591.2919 GFlop/s     (591.2919 GFlop/s per process)    65%    1236.2 sec left
CG set 3470 / 5315    591.2917 GFlop/s     (591.2917 GFlop/s per process)    65%    1235.5 sec left
CG set 3471 / 5315    591.2917 GFlop/s     (591.2917 GFlop/s per process)    65%    1234.8 sec left
CG set 3472 / 5315    591.2917 GFlop/s     (591.2917 GFlop/s per process)    65%    1234.1 sec left
CG set 3473 / 5315    591.2917 GFlop/s     (591.2917 GFlop/s per process)    65%    1233.4 sec left
CG set 3474 / 5315    591.2917 GFlop/s     (591.2917 GFlop/s per process)    65%    1232.8 sec left
CG set 3475 / 5315    591.2918 GFlop/s     (591.2918 GFlop/s per process)    65%    1232.1 sec left
CG set 3476 / 5315    591.2919 GFlop/s     (591.2919 GFlop/s per process)    65%    1231.4 sec left
CG set 3477 / 5315    591.2919 GFlop/s     (591.2919 GFlop/s per process)    65%    1230.7 sec left
CG set 3478 / 5315    591.2920 GFlop/s     (591.2920 GFlop/s per process)    65%    1230.0 sec left
CG set 3479 / 5315    591.2919 GFlop/s     (591.2919 GFlop/s per process)    65%    1229.3 sec left
CG set 3480 / 5315    591.2922 GFlop/s     (591.2922 GFlop/s per process)    65%    1228.7 sec left
CG set 3481 / 5315    591.2923 GFlop/s     (591.2923 GFlop/s per process)    65%    1228.0 sec left
CG set 3482 / 5315    591.2924 GFlop/s     (591.2924 GFlop/s per process)    65%    1227.3 sec left
CG set 3483 / 5315    591.2922 GFlop/s     (591.2922 GFlop/s per process)    65%    1226.6 sec left
CG set 3484 / 5315    591.2924 GFlop/s     (591.2924 GFlop/s per process)    65%    1225.9 sec left
CG set 3485 / 5315    591.2923 GFlop/s     (591.2923 GFlop/s per process)    65%    1225.3 sec left
CG set 3486 / 5315    591.2924 GFlop/s     (591.2924 GFlop/s per process)    65%    1224.6 sec left
CG set 3487 / 5315    591.2923 GFlop/s     (591.2923 GFlop/s per process)    65%    1223.9 sec left
CG set 3488 / 5315    591.2922 GFlop/s     (591.2922 GFlop/s per process)    65%    1223.2 sec left
CG set 3489 / 5315    591.2918 GFlop/s     (591.2918 GFlop/s per process)    65%    1222.5 sec left
CG set 3490 / 5315    591.2921 GFlop/s     (591.2921 GFlop/s per process)    65%    1221.8 sec left
CG set 3491 / 5315    591.2920 GFlop/s     (591.2920 GFlop/s per process)    65%    1221.2 sec left
CG set 3492 / 5315    591.2922 GFlop/s     (591.2922 GFlop/s per process)    65%    1220.5 sec left
CG set 3493 / 5315    591.2924 GFlop/s     (591.2924 GFlop/s per process)    65%    1219.8 sec left
CG set 3494 / 5315    591.2925 GFlop/s     (591.2925 GFlop/s per process)    65%    1219.1 sec left
CG set 3495 / 5315    591.2926 GFlop/s     (591.2926 GFlop/s per process)    65%    1218.4 sec left
CG set 3496 / 5315    591.2927 GFlop/s     (591.2927 GFlop/s per process)    65%    1217.8 sec left
CG set 3497 / 5315    591.2927 GFlop/s     (591.2927 GFlop/s per process)    65%    1217.1 sec left
CG set 3498 / 5315    591.2925 GFlop/s     (591.2925 GFlop/s per process)    65%    1216.4 sec left
CG set 3499 / 5315    591.2925 GFlop/s     (591.2925 GFlop/s per process)    65%    1215.7 sec left
CG set 3500 / 5315    591.2927 GFlop/s     (591.2927 GFlop/s per process)    65%    1215.0 sec left
CG set 3501 / 5315    591.2929 GFlop/s     (591.2929 GFlop/s per process)    65%    1214.4 sec left
CG set 3502 / 5315    591.2928 GFlop/s     (591.2928 GFlop/s per process)    65%    1213.7 sec left
CG set 3503 / 5315    591.2926 GFlop/s     (591.2926 GFlop/s per process)    65%    1213.0 sec left
CG set 3504 / 5315    591.2927 GFlop/s     (591.2927 GFlop/s per process)    65%    1212.3 sec left
CG set 3505 / 5315    591.2926 GFlop/s     (591.2926 GFlop/s per process)    65%    1211.6 sec left
CG set 3506 / 5315    591.2925 GFlop/s     (591.2925 GFlop/s per process)    65%    1210.9 sec left
CG set 3507 / 5315    591.2924 GFlop/s     (591.2924 GFlop/s per process)    65%    1210.3 sec left
CG set 3508 / 5315    591.2924 GFlop/s     (591.2924 GFlop/s per process)    66%    1209.6 sec left
CG set 3509 / 5315    591.2924 GFlop/s     (591.2924 GFlop/s per process)    66%    1208.9 sec left
CG set 3510 / 5315    591.2925 GFlop/s     (591.2925 GFlop/s per process)    66%    1208.2 sec left
CG set 3511 / 5315    591.2926 GFlop/s     (591.2926 GFlop/s per process)    66%    1207.5 sec left
CG set 3512 / 5315    591.2927 GFlop/s     (591.2927 GFlop/s per process)    66%    1206.9 sec left
CG set 3513 / 5315    591.2926 GFlop/s     (591.2926 GFlop/s per process)    66%    1206.2 sec left
CG set 3514 / 5315    591.2925 GFlop/s     (591.2925 GFlop/s per process)    66%    1205.5 sec left
CG set 3515 / 5315    591.2926 GFlop/s     (591.2926 GFlop/s per process)    66%    1204.8 sec left
CG set 3516 / 5315    591.2925 GFlop/s     (591.2925 GFlop/s per process)    66%    1204.1 sec left
CG set 3517 / 5315    591.2926 GFlop/s     (591.2926 GFlop/s per process)    66%    1203.5 sec left
CG set 3518 / 5315    591.2924 GFlop/s     (591.2924 GFlop/s per process)    66%    1202.8 sec left
CG set 3519 / 5315    591.2921 GFlop/s     (591.2921 GFlop/s per process)    66%    1202.1 sec left
CG set 3520 / 5315    591.2921 GFlop/s     (591.2921 GFlop/s per process)    66%    1201.4 sec left
CG set 3521 / 5315    591.2922 GFlop/s     (591.2922 GFlop/s per process)    66%    1200.7 sec left
CG set 3522 / 5315    591.2921 GFlop/s     (591.2921 GFlop/s per process)    66%    1200.0 sec left
CG set 3523 / 5315    591.2921 GFlop/s     (591.2921 GFlop/s per process)    66%    1199.4 sec left
CG set 3524 / 5315    591.2919 GFlop/s     (591.2919 GFlop/s per process)    66%    1198.7 sec left
CG set 3525 / 5315    591.2920 GFlop/s     (591.2920 GFlop/s per process)    66%    1198.0 sec left
CG set 3526 / 5315    591.2921 GFlop/s     (591.2921 GFlop/s per process)    66%    1197.3 sec left
CG set 3527 / 5315    591.2922 GFlop/s     (591.2922 GFlop/s per process)    66%    1196.6 sec left
CG set 3528 / 5315    591.2921 GFlop/s     (591.2921 GFlop/s per process)    66%    1196.0 sec left
CG set 3529 / 5315    591.2920 GFlop/s     (591.2920 GFlop/s per process)    66%    1195.3 sec left
CG set 3530 / 5315    591.2921 GFlop/s     (591.2921 GFlop/s per process)    66%    1194.6 sec left
CG set 3531 / 5315    591.2919 GFlop/s     (591.2919 GFlop/s per process)    66%    1193.9 sec left
CG set 3532 / 5315    591.2917 GFlop/s     (591.2917 GFlop/s per process)    66%    1193.2 sec left
CG set 3533 / 5315    591.2918 GFlop/s     (591.2918 GFlop/s per process)    66%    1192.5 sec left
CG set 3534 / 5315    591.2919 GFlop/s     (591.2919 GFlop/s per process)    66%    1191.9 sec left
CG set 3535 / 5315    591.2922 GFlop/s     (591.2922 GFlop/s per process)    66%    1191.2 sec left
CG set 3536 / 5315    591.2923 GFlop/s     (591.2923 GFlop/s per process)    66%    1190.5 sec left
CG set 3537 / 5315    591.2923 GFlop/s     (591.2923 GFlop/s per process)    66%    1189.8 sec left
CG set 3538 / 5315    591.2923 GFlop/s     (591.2923 GFlop/s per process)    66%    1189.1 sec left
CG set 3539 / 5315    591.2921 GFlop/s     (591.2921 GFlop/s per process)    66%    1188.5 sec left
CG set 3540 / 5315    591.2922 GFlop/s     (591.2922 GFlop/s per process)    66%    1187.8 sec left
CG set 3541 / 5315    591.2922 GFlop/s     (591.2922 GFlop/s per process)    66%    1187.1 sec left
CG set 3542 / 5315    591.2921 GFlop/s     (591.2921 GFlop/s per process)    66%    1186.4 sec left
CG set 3543 / 5315    591.2922 GFlop/s     (591.2922 GFlop/s per process)    66%    1185.7 sec left
CG set 3544 / 5315    591.2920 GFlop/s     (591.2920 GFlop/s per process)    66%    1185.1 sec left
CG set 3545 / 5315    591.2920 GFlop/s     (591.2920 GFlop/s per process)    66%    1184.4 sec left
CG set 3546 / 5315    591.2921 GFlop/s     (591.2921 GFlop/s per process)    66%    1183.7 sec left
CG set 3547 / 5315    591.2919 GFlop/s     (591.2919 GFlop/s per process)    66%    1183.0 sec left
CG set 3548 / 5315    591.2919 GFlop/s     (591.2919 GFlop/s per process)    66%    1182.3 sec left
CG set 3549 / 5315    591.2919 GFlop/s     (591.2919 GFlop/s per process)    66%    1181.6 sec left
CG set 3550 / 5315    591.2920 GFlop/s     (591.2920 GFlop/s per process)    66%    1181.0 sec left
CG set 3551 / 5315    591.2920 GFlop/s     (591.2920 GFlop/s per process)    66%    1180.3 sec left
CG set 3552 / 5315    591.2920 GFlop/s     (591.2920 GFlop/s per process)    66%    1179.6 sec left
CG set 3553 / 5315    591.2921 GFlop/s     (591.2921 GFlop/s per process)    66%    1178.9 sec left
CG set 3554 / 5315    591.2922 GFlop/s     (591.2922 GFlop/s per process)    66%    1178.2 sec left
CG set 3555 / 5315    591.2920 GFlop/s     (591.2920 GFlop/s per process)    66%    1177.6 sec left
CG set 3556 / 5315    591.2923 GFlop/s     (591.2923 GFlop/s per process)    66%    1176.9 sec left
CG set 3557 / 5315    591.2922 GFlop/s     (591.2922 GFlop/s per process)    66%    1176.2 sec left
CG set 3558 / 5315    591.2922 GFlop/s     (591.2922 GFlop/s per process)    66%    1175.5 sec left
CG set 3559 / 5315    591.2924 GFlop/s     (591.2924 GFlop/s per process)    66%    1174.8 sec left
CG set 3560 / 5315    591.2925 GFlop/s     (591.2925 GFlop/s per process)    66%    1174.2 sec left
CG set 3561 / 5315    591.2924 GFlop/s     (591.2924 GFlop/s per process)    66%    1173.5 sec left
CG set 3562 / 5315    591.2924 GFlop/s     (591.2924 GFlop/s per process)    67%    1172.8 sec left
CG set 3563 / 5315    591.2924 GFlop/s     (591.2924 GFlop/s per process)    67%    1172.1 sec left
CG set 3564 / 5315    591.2923 GFlop/s     (591.2923 GFlop/s per process)    67%    1171.4 sec left
CG set 3565 / 5315    591.2923 GFlop/s     (591.2923 GFlop/s per process)    67%    1170.7 sec left
CG set 3566 / 5315    591.2920 GFlop/s     (591.2920 GFlop/s per process)    67%    1170.1 sec left
CG set 3567 / 5315    591.2920 GFlop/s     (591.2920 GFlop/s per process)    67%    1169.4 sec left
CG set 3568 / 5315    591.2920 GFlop/s     (591.2920 GFlop/s per process)    67%    1168.7 sec left
CG set 3569 / 5315    591.2920 GFlop/s     (591.2920 GFlop/s per process)    67%    1168.0 sec left
CG set 3570 / 5315    591.2921 GFlop/s     (591.2921 GFlop/s per process)    67%    1167.3 sec left
CG set 3571 / 5315    591.2921 GFlop/s     (591.2921 GFlop/s per process)    67%    1166.7 sec left
CG set 3572 / 5315    591.2923 GFlop/s     (591.2923 GFlop/s per process)    67%    1166.0 sec left
CG set 3573 / 5315    591.2923 GFlop/s     (591.2923 GFlop/s per process)    67%    1165.3 sec left
CG set 3574 / 5315    591.2923 GFlop/s     (591.2923 GFlop/s per process)    67%    1164.6 sec left
CG set 3575 / 5315    591.2923 GFlop/s     (591.2923 GFlop/s per process)    67%    1163.9 sec left
CG set 3576 / 5315    591.2924 GFlop/s     (591.2924 GFlop/s per process)    67%    1163.2 sec left
CG set 3577 / 5315    591.2926 GFlop/s     (591.2926 GFlop/s per process)    67%    1162.6 sec left
CG set 3578 / 5315    591.2923 GFlop/s     (591.2923 GFlop/s per process)    67%    1161.9 sec left
CG set 3579 / 5315    591.2923 GFlop/s     (591.2923 GFlop/s per process)    67%    1161.2 sec left
CG set 3580 / 5315    591.2925 GFlop/s     (591.2925 GFlop/s per process)    67%    1160.5 sec left
CG set 3581 / 5315    591.2925 GFlop/s     (591.2925 GFlop/s per process)    67%    1159.8 sec left
CG set 3582 / 5315    591.2926 GFlop/s     (591.2926 GFlop/s per process)    67%    1159.2 sec left
CG set 3583 / 5315    591.2925 GFlop/s     (591.2925 GFlop/s per process)    67%    1158.5 sec left
CG set 3584 / 5315    591.2925 GFlop/s     (591.2925 GFlop/s per process)    67%    1157.8 sec left
CG set 3585 / 5315    591.2926 GFlop/s     (591.2926 GFlop/s per process)    67%    1157.1 sec left
CG set 3586 / 5315    591.2927 GFlop/s     (591.2927 GFlop/s per process)    67%    1156.4 sec left
CG set 3587 / 5315    591.2927 GFlop/s     (591.2927 GFlop/s per process)    67%    1155.8 sec left
CG set 3588 / 5315    591.2928 GFlop/s     (591.2928 GFlop/s per process)    67%    1155.1 sec left
CG set 3589 / 5315    591.2927 GFlop/s     (591.2927 GFlop/s per process)    67%    1154.4 sec left
CG set 3590 / 5315    591.2928 GFlop/s     (591.2928 GFlop/s per process)    67%    1153.7 sec left
CG set 3591 / 5315    591.2928 GFlop/s     (591.2928 GFlop/s per process)    67%    1153.0 sec left
CG set 3592 / 5315    591.2930 GFlop/s     (591.2930 GFlop/s per process)    67%    1152.3 sec left
CG set 3593 / 5315    591.2929 GFlop/s     (591.2929 GFlop/s per process)    67%    1151.7 sec left
CG set 3594 / 5315    591.2930 GFlop/s     (591.2930 GFlop/s per process)    67%    1151.0 sec left
CG set 3595 / 5315    591.2929 GFlop/s     (591.2929 GFlop/s per process)    67%    1150.3 sec left
CG set 3596 / 5315    591.2928 GFlop/s     (591.2928 GFlop/s per process)    67%    1149.6 sec left
CG set 3597 / 5315    591.2931 GFlop/s     (591.2931 GFlop/s per process)    67%    1148.9 sec left
CG set 3598 / 5315    591.2931 GFlop/s     (591.2931 GFlop/s per process)    67%    1148.3 sec left
CG set 3599 / 5315    591.2929 GFlop/s     (591.2929 GFlop/s per process)    67%    1147.6 sec left
CG set 3600 / 5315    591.2926 GFlop/s     (591.2926 GFlop/s per process)    67%    1146.9 sec left
CG set 3601 / 5315    591.2925 GFlop/s     (591.2925 GFlop/s per process)    67%    1146.2 sec left
CG set 3602 / 5315    591.2926 GFlop/s     (591.2926 GFlop/s per process)    67%    1145.5 sec left
CG set 3603 / 5315    591.2925 GFlop/s     (591.2925 GFlop/s per process)    67%    1144.9 sec left
CG set 3604 / 5315    591.2925 GFlop/s     (591.2925 GFlop/s per process)    67%    1144.2 sec left
CG set 3605 / 5315    591.2927 GFlop/s     (591.2927 GFlop/s per process)    67%    1143.5 sec left
CG set 3606 / 5315    591.2926 GFlop/s     (591.2926 GFlop/s per process)    67%    1142.8 sec left
CG set 3607 / 5315    591.2924 GFlop/s     (591.2924 GFlop/s per process)    67%    1142.1 sec left
CG set 3608 / 5315    591.2923 GFlop/s     (591.2923 GFlop/s per process)    67%    1141.4 sec left
CG set 3609 / 5315    591.2923 GFlop/s     (591.2923 GFlop/s per process)    67%    1140.8 sec left
CG set 3610 / 5315    591.2921 GFlop/s     (591.2921 GFlop/s per process)    67%    1140.1 sec left
CG set 3611 / 5315    591.2923 GFlop/s     (591.2923 GFlop/s per process)    67%    1139.4 sec left
CG set 3612 / 5315    591.2920 GFlop/s     (591.2920 GFlop/s per process)    67%    1138.7 sec left
CG set 3613 / 5315    591.2921 GFlop/s     (591.2921 GFlop/s per process)    67%    1138.0 sec left
CG set 3614 / 5315    591.2920 GFlop/s     (591.2920 GFlop/s per process)    67%    1137.4 sec left
CG set 3615 / 5315    591.2922 GFlop/s     (591.2922 GFlop/s per process)    68%    1136.7 sec left
CG set 3616 / 5315    591.2920 GFlop/s     (591.2920 GFlop/s per process)    68%    1136.0 sec left
CG set 3617 / 5315    591.2919 GFlop/s     (591.2919 GFlop/s per process)    68%    1135.3 sec left
CG set 3618 / 5315    591.2921 GFlop/s     (591.2921 GFlop/s per process)    68%    1134.6 sec left
CG set 3619 / 5315    591.2921 GFlop/s     (591.2921 GFlop/s per process)    68%    1133.9 sec left
CG set 3620 / 5315    591.2923 GFlop/s     (591.2923 GFlop/s per process)    68%    1133.3 sec left
CG set 3621 / 5315    591.2923 GFlop/s     (591.2923 GFlop/s per process)    68%    1132.6 sec left
CG set 3622 / 5315    591.2925 GFlop/s     (591.2925 GFlop/s per process)    68%    1131.9 sec left
CG set 3623 / 5315    591.2926 GFlop/s     (591.2926 GFlop/s per process)    68%    1131.2 sec left
CG set 3624 / 5315    591.2925 GFlop/s     (591.2925 GFlop/s per process)    68%    1130.5 sec left
CG set 3625 / 5315    591.2924 GFlop/s     (591.2924 GFlop/s per process)    68%    1129.9 sec left
CG set 3626 / 5315    591.2923 GFlop/s     (591.2923 GFlop/s per process)    68%    1129.2 sec left
CG set 3627 / 5315    591.2922 GFlop/s     (591.2922 GFlop/s per process)    68%    1128.5 sec left
CG set 3628 / 5315    591.2922 GFlop/s     (591.2922 GFlop/s per process)    68%    1127.8 sec left
CG set 3629 / 5315    591.2922 GFlop/s     (591.2922 GFlop/s per process)    68%    1127.1 sec left
CG set 3630 / 5315    591.2921 GFlop/s     (591.2921 GFlop/s per process)    68%    1126.5 sec left
CG set 3631 / 5315    591.2922 GFlop/s     (591.2922 GFlop/s per process)    68%    1125.8 sec left
CG set 3632 / 5315    591.2919 GFlop/s     (591.2919 GFlop/s per process)    68%    1125.1 sec left
CG set 3633 / 5315    591.2920 GFlop/s     (591.2920 GFlop/s per process)    68%    1124.4 sec left
CG set 3634 / 5315    591.2919 GFlop/s     (591.2919 GFlop/s per process)    68%    1123.7 sec left
CG set 3635 / 5315    591.2920 GFlop/s     (591.2920 GFlop/s per process)    68%    1123.0 sec left
CG set 3636 / 5315    591.2920 GFlop/s     (591.2920 GFlop/s per process)    68%    1122.4 sec left
CG set 3637 / 5315    591.2920 GFlop/s     (591.2920 GFlop/s per process)    68%    1121.7 sec left
CG set 3638 / 5315    591.2921 GFlop/s     (591.2921 GFlop/s per process)    68%    1121.0 sec left
CG set 3639 / 5315    591.2924 GFlop/s     (591.2924 GFlop/s per process)    68%    1120.3 sec left
CG set 3640 / 5315    591.2925 GFlop/s     (591.2925 GFlop/s per process)    68%    1119.6 sec left
CG set 3641 / 5315    591.2923 GFlop/s     (591.2923 GFlop/s per process)    68%    1119.0 sec left
CG set 3642 / 5315    591.2922 GFlop/s     (591.2922 GFlop/s per process)    68%    1118.3 sec left
CG set 3643 / 5315    591.2921 GFlop/s     (591.2921 GFlop/s per process)    68%    1117.6 sec left
CG set 3644 / 5315    591.2920 GFlop/s     (591.2920 GFlop/s per process)    68%    1116.9 sec left
CG set 3645 / 5315    591.2923 GFlop/s     (591.2923 GFlop/s per process)    68%    1116.2 sec left
CG set 3646 / 5315    591.2924 GFlop/s     (591.2924 GFlop/s per process)    68%    1115.5 sec left
CG set 3647 / 5315    591.2924 GFlop/s     (591.2924 GFlop/s per process)    68%    1114.9 sec left
CG set 3648 / 5315    591.2924 GFlop/s     (591.2924 GFlop/s per process)    68%    1114.2 sec left
CG set 3649 / 5315    591.2923 GFlop/s     (591.2923 GFlop/s per process)    68%    1113.5 sec left
CG set 3650 / 5315    591.2924 GFlop/s     (591.2924 GFlop/s per process)    68%    1112.8 sec left
CG set 3651 / 5315    591.2924 GFlop/s     (591.2924 GFlop/s per process)    68%    1112.1 sec left
CG set 3652 / 5315    591.2923 GFlop/s     (591.2923 GFlop/s per process)    68%    1111.5 sec left
CG set 3653 / 5315    591.2921 GFlop/s     (591.2921 GFlop/s per process)    68%    1110.8 sec left
CG set 3654 / 5315    591.2921 GFlop/s     (591.2921 GFlop/s per process)    68%    1110.1 sec left
CG set 3655 / 5315    591.2920 GFlop/s     (591.2920 GFlop/s per process)    68%    1109.4 sec left
CG set 3656 / 5315    591.2920 GFlop/s     (591.2920 GFlop/s per process)    68%    1108.7 sec left
CG set 3657 / 5315    591.2920 GFlop/s     (591.2920 GFlop/s per process)    68%    1108.1 sec left
CG set 3658 / 5315    591.2920 GFlop/s     (591.2920 GFlop/s per process)    68%    1107.4 sec left
CG set 3659 / 5315    591.2920 GFlop/s     (591.2920 GFlop/s per process)    68%    1106.7 sec left
CG set 3660 / 5315    591.2921 GFlop/s     (591.2921 GFlop/s per process)    68%    1106.0 sec left
CG set 3661 / 5315    591.2922 GFlop/s     (591.2922 GFlop/s per process)    68%    1105.3 sec left
CG set 3662 / 5315    591.2922 GFlop/s     (591.2922 GFlop/s per process)    68%    1104.6 sec left
CG set 3663 / 5315    591.2922 GFlop/s     (591.2922 GFlop/s per process)    68%    1104.0 sec left
CG set 3664 / 5315    591.2922 GFlop/s     (591.2922 GFlop/s per process)    68%    1103.3 sec left
CG set 3665 / 5315    591.2924 GFlop/s     (591.2924 GFlop/s per process)    68%    1102.6 sec left
CG set 3666 / 5315    591.2923 GFlop/s     (591.2923 GFlop/s per process)    68%    1101.9 sec left
CG set 3667 / 5315    591.2923 GFlop/s     (591.2923 GFlop/s per process)    68%    1101.2 sec left
CG set 3668 / 5315    591.2922 GFlop/s     (591.2922 GFlop/s per process)    69%    1100.6 sec left
CG set 3669 / 5315    591.2922 GFlop/s     (591.2922 GFlop/s per process)    69%    1099.9 sec left
CG set 3670 / 5315    591.2922 GFlop/s     (591.2922 GFlop/s per process)    69%    1099.2 sec left
CG set 3671 / 5315    591.2922 GFlop/s     (591.2922 GFlop/s per process)    69%    1098.5 sec left
CG set 3672 / 5315    591.2922 GFlop/s     (591.2922 GFlop/s per process)    69%    1097.8 sec left
CG set 3673 / 5315    591.2924 GFlop/s     (591.2924 GFlop/s per process)    69%    1097.2 sec left
CG set 3674 / 5315    591.2925 GFlop/s     (591.2925 GFlop/s per process)    69%    1096.5 sec left
CG set 3675 / 5315    591.2926 GFlop/s     (591.2926 GFlop/s per process)    69%    1095.8 sec left
CG set 3676 / 5315    591.2926 GFlop/s     (591.2926 GFlop/s per process)    69%    1095.1 sec left
CG set 3677 / 5315    591.2926 GFlop/s     (591.2926 GFlop/s per process)    69%    1094.4 sec left
CG set 3678 / 5315    591.2925 GFlop/s     (591.2925 GFlop/s per process)    69%    1093.7 sec left
CG set 3679 / 5315    591.2924 GFlop/s     (591.2924 GFlop/s per process)    69%    1093.1 sec left
CG set 3680 / 5315    591.2923 GFlop/s     (591.2923 GFlop/s per process)    69%    1092.4 sec left
CG set 3681 / 5315    591.2922 GFlop/s     (591.2922 GFlop/s per process)    69%    1091.7 sec left
CG set 3682 / 5315    591.2923 GFlop/s     (591.2923 GFlop/s per process)    69%    1091.0 sec left
CG set 3683 / 5315    591.2922 GFlop/s     (591.2922 GFlop/s per process)    69%    1090.3 sec left
CG set 3684 / 5315    591.2920 GFlop/s     (591.2920 GFlop/s per process)    69%    1089.7 sec left
CG set 3685 / 5315    591.2920 GFlop/s     (591.2920 GFlop/s per process)    69%    1089.0 sec left
CG set 3686 / 5315    591.2919 GFlop/s     (591.2919 GFlop/s per process)    69%    1088.3 sec left
CG set 3687 / 5315    591.2920 GFlop/s     (591.2920 GFlop/s per process)    69%    1087.6 sec left
CG set 3688 / 5315    591.2920 GFlop/s     (591.2920 GFlop/s per process)    69%    1086.9 sec left
CG set 3689 / 5315    591.2920 GFlop/s     (591.2920 GFlop/s per process)    69%    1086.2 sec left
CG set 3690 / 5315    591.2917 GFlop/s     (591.2917 GFlop/s per process)    69%    1085.6 sec left
CG set 3691 / 5315    591.2917 GFlop/s     (591.2917 GFlop/s per process)    69%    1084.9 sec left
CG set 3692 / 5315    591.2916 GFlop/s     (591.2916 GFlop/s per process)    69%    1084.2 sec left
CG set 3693 / 5315    591.2915 GFlop/s     (591.2915 GFlop/s per process)    69%    1083.5 sec left
CG set 3694 / 5315    591.2915 GFlop/s     (591.2915 GFlop/s per process)    69%    1082.8 sec left
CG set 3695 / 5315    591.2914 GFlop/s     (591.2914 GFlop/s per process)    69%    1082.2 sec left
CG set 3696 / 5315    591.2916 GFlop/s     (591.2916 GFlop/s per process)    69%    1081.5 sec left
CG set 3697 / 5315    591.2915 GFlop/s     (591.2915 GFlop/s per process)    69%    1080.8 sec left
CG set 3698 / 5315    591.2913 GFlop/s     (591.2913 GFlop/s per process)    69%    1080.1 sec left
CG set 3699 / 5315    591.2912 GFlop/s     (591.2912 GFlop/s per process)    69%    1079.4 sec left
CG set 3700 / 5315    591.2913 GFlop/s     (591.2913 GFlop/s per process)    69%    1078.7 sec left
CG set 3701 / 5315    591.2912 GFlop/s     (591.2912 GFlop/s per process)    69%    1078.1 sec left
CG set 3702 / 5315    591.2912 GFlop/s     (591.2912 GFlop/s per process)    69%    1077.4 sec left
CG set 3703 / 5315    591.2912 GFlop/s     (591.2912 GFlop/s per process)    69%    1076.7 sec left
CG set 3704 / 5315    591.2909 GFlop/s     (591.2909 GFlop/s per process)    69%    1076.0 sec left
CG set 3705 / 5315    591.2908 GFlop/s     (591.2908 GFlop/s per process)    69%    1075.3 sec left
CG set 3706 / 5315    591.2909 GFlop/s     (591.2909 GFlop/s per process)    69%    1074.7 sec left
CG set 3707 / 5315    591.2908 GFlop/s     (591.2908 GFlop/s per process)    69%    1074.0 sec left
CG set 3708 / 5315    591.2909 GFlop/s     (591.2909 GFlop/s per process)    69%    1073.3 sec left
CG set 3709 / 5315    591.2910 GFlop/s     (591.2910 GFlop/s per process)    69%    1072.6 sec left
CG set 3710 / 5315    591.2911 GFlop/s     (591.2911 GFlop/s per process)    69%    1071.9 sec left
CG set 3711 / 5315    591.2911 GFlop/s     (591.2911 GFlop/s per process)    69%    1071.3 sec left
CG set 3712 / 5315    591.2911 GFlop/s     (591.2911 GFlop/s per process)    69%    1070.6 sec left
CG set 3713 / 5315    591.2910 GFlop/s     (591.2910 GFlop/s per process)    69%    1069.9 sec left
CG set 3714 / 5315    591.2911 GFlop/s     (591.2911 GFlop/s per process)    69%    1069.2 sec left
CG set 3715 / 5315    591.2911 GFlop/s     (591.2911 GFlop/s per process)    69%    1068.5 sec left
CG set 3716 / 5315    591.2911 GFlop/s     (591.2911 GFlop/s per process)    69%    1067.8 sec left
CG set 3717 / 5315    591.2911 GFlop/s     (591.2911 GFlop/s per process)    69%    1067.2 sec left
CG set 3718 / 5315    591.2910 GFlop/s     (591.2910 GFlop/s per process)    69%    1066.5 sec left
CG set 3719 / 5315    591.2911 GFlop/s     (591.2911 GFlop/s per process)    69%    1065.8 sec left
CG set 3720 / 5315    591.2910 GFlop/s     (591.2910 GFlop/s per process)    69%    1065.1 sec left
CG set 3721 / 5315    591.2909 GFlop/s     (591.2909 GFlop/s per process)    70%    1064.4 sec left
CG set 3722 / 5315    591.2909 GFlop/s     (591.2909 GFlop/s per process)    70%    1063.8 sec left
CG set 3723 / 5315    591.2910 GFlop/s     (591.2910 GFlop/s per process)    70%    1063.1 sec left
CG set 3724 / 5315    591.2911 GFlop/s     (591.2911 GFlop/s per process)    70%    1062.4 sec left
CG set 3725 / 5315    591.2911 GFlop/s     (591.2911 GFlop/s per process)    70%    1061.7 sec left
CG set 3726 / 5315    591.2910 GFlop/s     (591.2910 GFlop/s per process)    70%    1061.0 sec left
CG set 3727 / 5315    591.2909 GFlop/s     (591.2909 GFlop/s per process)    70%    1060.3 sec left
CG set 3728 / 5315    591.2912 GFlop/s     (591.2912 GFlop/s per process)    70%    1059.7 sec left
CG set 3729 / 5315    591.2912 GFlop/s     (591.2912 GFlop/s per process)    70%    1059.0 sec left
CG set 3730 / 5315    591.2912 GFlop/s     (591.2912 GFlop/s per process)    70%    1058.3 sec left
CG set 3731 / 5315    591.2912 GFlop/s     (591.2912 GFlop/s per process)    70%    1057.6 sec left
CG set 3732 / 5315    591.2913 GFlop/s     (591.2913 GFlop/s per process)    70%    1056.9 sec left
CG set 3733 / 5315    591.2913 GFlop/s     (591.2913 GFlop/s per process)    70%    1056.3 sec left
CG set 3734 / 5315    591.2913 GFlop/s     (591.2913 GFlop/s per process)    70%    1055.6 sec left
CG set 3735 / 5315    591.2912 GFlop/s     (591.2912 GFlop/s per process)    70%    1054.9 sec left
CG set 3736 / 5315    591.2911 GFlop/s     (591.2911 GFlop/s per process)    70%    1054.2 sec left
CG set 3737 / 5315    591.2911 GFlop/s     (591.2911 GFlop/s per process)    70%    1053.5 sec left
CG set 3738 / 5315    591.2911 GFlop/s     (591.2911 GFlop/s per process)    70%    1052.9 sec left
CG set 3739 / 5315    591.2912 GFlop/s     (591.2912 GFlop/s per process)    70%    1052.2 sec left
CG set 3740 / 5315    591.2911 GFlop/s     (591.2911 GFlop/s per process)    70%    1051.5 sec left
CG set 3741 / 5315    591.2912 GFlop/s     (591.2912 GFlop/s per process)    70%    1050.8 sec left
CG set 3742 / 5315    591.2911 GFlop/s     (591.2911 GFlop/s per process)    70%    1050.1 sec left
CG set 3743 / 5315    591.2910 GFlop/s     (591.2910 GFlop/s per process)    70%    1049.4 sec left
CG set 3744 / 5315    591.2911 GFlop/s     (591.2911 GFlop/s per process)    70%    1048.8 sec left
CG set 3745 / 5315    591.2912 GFlop/s     (591.2912 GFlop/s per process)    70%    1048.1 sec left
CG set 3746 / 5315    591.2912 GFlop/s     (591.2912 GFlop/s per process)    70%    1047.4 sec left
CG set 3747 / 5315    591.2912 GFlop/s     (591.2912 GFlop/s per process)    70%    1046.7 sec left
CG set 3748 / 5315    591.2913 GFlop/s     (591.2913 GFlop/s per process)    70%    1046.0 sec left
CG set 3749 / 5315    591.2913 GFlop/s     (591.2913 GFlop/s per process)    70%    1045.4 sec left
CG set 3750 / 5315    591.2914 GFlop/s     (591.2914 GFlop/s per process)    70%    1044.7 sec left
CG set 3751 / 5315    591.2913 GFlop/s     (591.2913 GFlop/s per process)    70%    1044.0 sec left
CG set 3752 / 5315    591.2912 GFlop/s     (591.2912 GFlop/s per process)    70%    1043.3 sec left
CG set 3753 / 5315    591.2912 GFlop/s     (591.2912 GFlop/s per process)    70%    1042.6 sec left
CG set 3754 / 5315    591.2912 GFlop/s     (591.2912 GFlop/s per process)    70%    1042.0 sec left
CG set 3755 / 5315    591.2913 GFlop/s     (591.2913 GFlop/s per process)    70%    1041.3 sec left
CG set 3756 / 5315    591.2912 GFlop/s     (591.2912 GFlop/s per process)    70%    1040.6 sec left
CG set 3757 / 5315    591.2914 GFlop/s     (591.2914 GFlop/s per process)    70%    1039.9 sec left
CG set 3758 / 5315    591.2914 GFlop/s     (591.2914 GFlop/s per process)    70%    1039.2 sec left
CG set 3759 / 5315    591.2913 GFlop/s     (591.2913 GFlop/s per process)    70%    1038.5 sec left
CG set 3760 / 5315    591.2912 GFlop/s     (591.2912 GFlop/s per process)    70%    1037.9 sec left
CG set 3761 / 5315    591.2912 GFlop/s     (591.2912 GFlop/s per process)    70%    1037.2 sec left
CG set 3762 / 5315    591.2912 GFlop/s     (591.2912 GFlop/s per process)    70%    1036.5 sec left
CG set 3763 / 5315    591.2915 GFlop/s     (591.2915 GFlop/s per process)    70%    1035.8 sec left
CG set 3764 / 5315    591.2914 GFlop/s     (591.2914 GFlop/s per process)    70%    1035.1 sec left
CG set 3765 / 5315    591.2915 GFlop/s     (591.2915 GFlop/s per process)    70%    1034.5 sec left
CG set 3766 / 5315    591.2915 GFlop/s     (591.2915 GFlop/s per process)    70%    1033.8 sec left
CG set 3767 / 5315    591.2914 GFlop/s     (591.2914 GFlop/s per process)    70%    1033.1 sec left
CG set 3768 / 5315    591.2915 GFlop/s     (591.2915 GFlop/s per process)    70%    1032.4 sec left
CG set 3769 / 5315    591.2916 GFlop/s     (591.2916 GFlop/s per process)    70%    1031.7 sec left
CG set 3770 / 5315    591.2914 GFlop/s     (591.2914 GFlop/s per process)    70%    1031.0 sec left
CG set 3771 / 5315    591.2915 GFlop/s     (591.2915 GFlop/s per process)    70%    1030.4 sec left
CG set 3772 / 5315    591.2915 GFlop/s     (591.2915 GFlop/s per process)    70%    1029.7 sec left
CG set 3773 / 5315    591.2914 GFlop/s     (591.2914 GFlop/s per process)    70%    1029.0 sec left
CG set 3774 / 5315    591.2912 GFlop/s     (591.2912 GFlop/s per process)    71%    1028.3 sec left
CG set 3775 / 5315    591.2912 GFlop/s     (591.2912 GFlop/s per process)    71%    1027.6 sec left
CG set 3776 / 5315    591.2911 GFlop/s     (591.2911 GFlop/s per process)    71%    1027.0 sec left
CG set 3777 / 5315    591.2911 GFlop/s     (591.2911 GFlop/s per process)    71%    1026.3 sec left
CG set 3778 / 5315    591.2910 GFlop/s     (591.2910 GFlop/s per process)    71%    1025.6 sec left
CG set 3779 / 5315    591.2911 GFlop/s     (591.2911 GFlop/s per process)    71%    1024.9 sec left
CG set 3780 / 5315    591.2910 GFlop/s     (591.2910 GFlop/s per process)    71%    1024.2 sec left
CG set 3781 / 5315    591.2911 GFlop/s     (591.2911 GFlop/s per process)    71%    1023.6 sec left
CG set 3782 / 5315    591.2912 GFlop/s     (591.2912 GFlop/s per process)    71%    1022.9 sec left
CG set 3783 / 5315    591.2912 GFlop/s     (591.2912 GFlop/s per process)    71%    1022.2 sec left
CG set 3784 / 5315    591.2914 GFlop/s     (591.2914 GFlop/s per process)    71%    1021.5 sec left
CG set 3785 / 5315    591.2915 GFlop/s     (591.2915 GFlop/s per process)    71%    1020.8 sec left
CG set 3786 / 5315    591.2916 GFlop/s     (591.2916 GFlop/s per process)    71%    1020.1 sec left
CG set 3787 / 5315    591.2917 GFlop/s     (591.2917 GFlop/s per process)    71%    1019.5 sec left
CG set 3788 / 5315    591.2916 GFlop/s     (591.2916 GFlop/s per process)    71%    1018.8 sec left
CG set 3789 / 5315    591.2916 GFlop/s     (591.2916 GFlop/s per process)    71%    1018.1 sec left
CG set 3790 / 5315    591.2917 GFlop/s     (591.2917 GFlop/s per process)    71%    1017.4 sec left
CG set 3791 / 5315    591.2918 GFlop/s     (591.2918 GFlop/s per process)    71%    1016.7 sec left
CG set 3792 / 5315    591.2917 GFlop/s     (591.2917 GFlop/s per process)    71%    1016.1 sec left
CG set 3793 / 5315    591.2916 GFlop/s     (591.2916 GFlop/s per process)    71%    1015.4 sec left
CG set 3794 / 5315    591.2918 GFlop/s     (591.2918 GFlop/s per process)    71%    1014.7 sec left
CG set 3795 / 5315    591.2919 GFlop/s     (591.2919 GFlop/s per process)    71%    1014.0 sec left
CG set 3796 / 5315    591.2921 GFlop/s     (591.2921 GFlop/s per process)    71%    1013.3 sec left
CG set 3797 / 5315    591.2919 GFlop/s     (591.2919 GFlop/s per process)    71%    1012.7 sec left
CG set 3798 / 5315    591.2918 GFlop/s     (591.2918 GFlop/s per process)    71%    1012.0 sec left
CG set 3799 / 5315    591.2920 GFlop/s     (591.2920 GFlop/s per process)    71%    1011.3 sec left
CG set 3800 / 5315    591.2919 GFlop/s     (591.2919 GFlop/s per process)    71%    1010.6 sec left
CG set 3801 / 5315    591.2918 GFlop/s     (591.2918 GFlop/s per process)    71%    1009.9 sec left
CG set 3802 / 5315    591.2917 GFlop/s     (591.2917 GFlop/s per process)    71%    1009.2 sec left
CG set 3803 / 5315    591.2916 GFlop/s     (591.2916 GFlop/s per process)    71%    1008.6 sec left
CG set 3804 / 5315    591.2916 GFlop/s     (591.2916 GFlop/s per process)    71%    1007.9 sec left
CG set 3805 / 5315    591.2917 GFlop/s     (591.2917 GFlop/s per process)    71%    1007.2 sec left
CG set 3806 / 5315    591.2917 GFlop/s     (591.2917 GFlop/s per process)    71%    1006.5 sec left
CG set 3807 / 5315    591.2919 GFlop/s     (591.2919 GFlop/s per process)    71%    1005.8 sec left
CG set 3808 / 5315    591.2920 GFlop/s     (591.2920 GFlop/s per process)    71%    1005.2 sec left
CG set 3809 / 5315    591.2920 GFlop/s     (591.2920 GFlop/s per process)    71%    1004.5 sec left
CG set 3810 / 5315    591.2922 GFlop/s     (591.2922 GFlop/s per process)    71%    1003.8 sec left
CG set 3811 / 5315    591.2924 GFlop/s     (591.2924 GFlop/s per process)    71%    1003.1 sec left
CG set 3812 / 5315    591.2925 GFlop/s     (591.2925 GFlop/s per process)    71%    1002.4 sec left
CG set 3813 / 5315    591.2927 GFlop/s     (591.2927 GFlop/s per process)    71%    1001.8 sec left
CG set 3814 / 5315    591.2925 GFlop/s     (591.2925 GFlop/s per process)    71%    1001.1 sec left
CG set 3815 / 5315    591.2925 GFlop/s     (591.2925 GFlop/s per process)    71%    1000.4 sec left
CG set 3816 / 5315    591.2925 GFlop/s     (591.2925 GFlop/s per process)    71%    999.7 sec left
CG set 3817 / 5315    591.2925 GFlop/s     (591.2925 GFlop/s per process)    71%    999.0 sec left
CG set 3818 / 5315    591.2926 GFlop/s     (591.2926 GFlop/s per process)    71%    998.3 sec left
CG set 3819 / 5315    591.2926 GFlop/s     (591.2926 GFlop/s per process)    71%    997.7 sec left
CG set 3820 / 5315    591.2926 GFlop/s     (591.2926 GFlop/s per process)    71%    997.0 sec left
CG set 3821 / 5315    591.2927 GFlop/s     (591.2927 GFlop/s per process)    71%    996.3 sec left
CG set 3822 / 5315    591.2926 GFlop/s     (591.2926 GFlop/s per process)    71%    995.6 sec left
CG set 3823 / 5315    591.2926 GFlop/s     (591.2926 GFlop/s per process)    71%    994.9 sec left
CG set 3824 / 5315    591.2925 GFlop/s     (591.2925 GFlop/s per process)    71%    994.3 sec left
CG set 3825 / 5315    591.2926 GFlop/s     (591.2926 GFlop/s per process)    71%    993.6 sec left
CG set 3826 / 5315    591.2923 GFlop/s     (591.2923 GFlop/s per process)    71%    992.9 sec left
CG set 3827 / 5315    591.2922 GFlop/s     (591.2922 GFlop/s per process)    72%    992.2 sec left
CG set 3828 / 5315    591.2920 GFlop/s     (591.2920 GFlop/s per process)    72%    991.5 sec left
CG set 3829 / 5315    591.2921 GFlop/s     (591.2921 GFlop/s per process)    72%    990.8 sec left
CG set 3830 / 5315    591.2924 GFlop/s     (591.2924 GFlop/s per process)    72%    990.2 sec left
CG set 3831 / 5315    591.2926 GFlop/s     (591.2926 GFlop/s per process)    72%    989.5 sec left
CG set 3832 / 5315    591.2925 GFlop/s     (591.2925 GFlop/s per process)    72%    988.8 sec left
CG set 3833 / 5315    591.2926 GFlop/s     (591.2926 GFlop/s per process)    72%    988.1 sec left
CG set 3834 / 5315    591.2926 GFlop/s     (591.2926 GFlop/s per process)    72%    987.4 sec left
CG set 3835 / 5315    591.2926 GFlop/s     (591.2926 GFlop/s per process)    72%    986.8 sec left
CG set 3836 / 5315    591.2925 GFlop/s     (591.2925 GFlop/s per process)    72%    986.1 sec left
CG set 3837 / 5315    591.2924 GFlop/s     (591.2924 GFlop/s per process)    72%    985.4 sec left
CG set 3838 / 5315    591.2924 GFlop/s     (591.2924 GFlop/s per process)    72%    984.7 sec left
CG set 3839 / 5315    591.2925 GFlop/s     (591.2925 GFlop/s per process)    72%    984.0 sec left
CG set 3840 / 5315    591.2925 GFlop/s     (591.2925 GFlop/s per process)    72%    983.4 sec left
CG set 3841 / 5315    591.2926 GFlop/s     (591.2926 GFlop/s per process)    72%    982.7 sec left
CG set 3842 / 5315    591.2923 GFlop/s     (591.2923 GFlop/s per process)    72%    982.0 sec left
CG set 3843 / 5315    591.2921 GFlop/s     (591.2921 GFlop/s per process)    72%    981.3 sec left
CG set 3844 / 5315    591.2920 GFlop/s     (591.2920 GFlop/s per process)    72%    980.6 sec left
CG set 3845 / 5315    591.2919 GFlop/s     (591.2919 GFlop/s per process)    72%    979.9 sec left
CG set 3846 / 5315    591.2919 GFlop/s     (591.2919 GFlop/s per process)    72%    979.3 sec left
CG set 3847 / 5315    591.2917 GFlop/s     (591.2917 GFlop/s per process)    72%    978.6 sec left
CG set 3848 / 5315    591.2920 GFlop/s     (591.2920 GFlop/s per process)    72%    977.9 sec left
CG set 3849 / 5315    591.2921 GFlop/s     (591.2921 GFlop/s per process)    72%    977.2 sec left
CG set 3850 / 5315    591.2922 GFlop/s     (591.2922 GFlop/s per process)    72%    976.5 sec left
CG set 3851 / 5315    591.2920 GFlop/s     (591.2920 GFlop/s per process)    72%    975.9 sec left
CG set 3852 / 5315    591.2917 GFlop/s     (591.2917 GFlop/s per process)    72%    975.2 sec left
CG set 3853 / 5315    591.2917 GFlop/s     (591.2917 GFlop/s per process)    72%    974.5 sec left
CG set 3854 / 5315    591.2917 GFlop/s     (591.2917 GFlop/s per process)    72%    973.8 sec left
CG set 3855 / 5315    591.2918 GFlop/s     (591.2918 GFlop/s per process)    72%    973.1 sec left
CG set 3856 / 5315    591.2917 GFlop/s     (591.2917 GFlop/s per process)    72%    972.4 sec left
CG set 3857 / 5315    591.2917 GFlop/s     (591.2917 GFlop/s per process)    72%    971.8 sec left
CG set 3858 / 5315    591.2919 GFlop/s     (591.2919 GFlop/s per process)    72%    971.1 sec left
CG set 3859 / 5315    591.2919 GFlop/s     (591.2919 GFlop/s per process)    72%    970.4 sec left
CG set 3860 / 5315    591.2920 GFlop/s     (591.2920 GFlop/s per process)    72%    969.7 sec left
CG set 3861 / 5315    591.2920 GFlop/s     (591.2920 GFlop/s per process)    72%    969.0 sec left
CG set 3862 / 5315    591.2918 GFlop/s     (591.2918 GFlop/s per process)    72%    968.4 sec left
CG set 3863 / 5315    591.2918 GFlop/s     (591.2918 GFlop/s per process)    72%    967.7 sec left
CG set 3864 / 5315    591.2917 GFlop/s     (591.2917 GFlop/s per process)    72%    967.0 sec left
CG set 3865 / 5315    591.2918 GFlop/s     (591.2918 GFlop/s per process)    72%    966.3 sec left
CG set 3866 / 5315    591.2917 GFlop/s     (591.2917 GFlop/s per process)    72%    965.6 sec left
CG set 3867 / 5315    591.2918 GFlop/s     (591.2918 GFlop/s per process)    72%    965.0 sec left
CG set 3868 / 5315    591.2921 GFlop/s     (591.2921 GFlop/s per process)    72%    964.3 sec left
CG set 3869 / 5315    591.2922 GFlop/s     (591.2922 GFlop/s per process)    72%    963.6 sec left
CG set 3870 / 5315    591.2923 GFlop/s     (591.2923 GFlop/s per process)    72%    962.9 sec left
CG set 3871 / 5315    591.2923 GFlop/s     (591.2923 GFlop/s per process)    72%    962.2 sec left
CG set 3872 / 5315    591.2922 GFlop/s     (591.2922 GFlop/s per process)    72%    961.5 sec left
CG set 3873 / 5315    591.2922 GFlop/s     (591.2922 GFlop/s per process)    72%    960.9 sec left
CG set 3874 / 5315    591.2921 GFlop/s     (591.2921 GFlop/s per process)    72%    960.2 sec left
CG set 3875 / 5315    591.2920 GFlop/s     (591.2920 GFlop/s per process)    72%    959.5 sec left
CG set 3876 / 5315    591.2920 GFlop/s     (591.2920 GFlop/s per process)    72%    958.8 sec left
CG set 3877 / 5315    591.2920 GFlop/s     (591.2920 GFlop/s per process)    72%    958.1 sec left
CG set 3878 / 5315    591.2921 GFlop/s     (591.2921 GFlop/s per process)    72%    957.5 sec left
CG set 3879 / 5315    591.2922 GFlop/s     (591.2922 GFlop/s per process)    72%    956.8 sec left
CG set 3880 / 5315    591.2921 GFlop/s     (591.2921 GFlop/s per process)    73%    956.1 sec left
CG set 3881 / 5315    591.2921 GFlop/s     (591.2921 GFlop/s per process)    73%    955.4 sec left
CG set 3882 / 5315    591.2920 GFlop/s     (591.2920 GFlop/s per process)    73%    954.7 sec left
CG set 3883 / 5315    591.2922 GFlop/s     (591.2922 GFlop/s per process)    73%    954.1 sec left
CG set 3884 / 5315    591.2921 GFlop/s     (591.2921 GFlop/s per process)    73%    953.4 sec left
CG set 3885 / 5315    591.2919 GFlop/s     (591.2919 GFlop/s per process)    73%    952.7 sec left
CG set 3886 / 5315    591.2920 GFlop/s     (591.2920 GFlop/s per process)    73%    952.0 sec left
CG set 3887 / 5315    591.2921 GFlop/s     (591.2921 GFlop/s per process)    73%    951.3 sec left
CG set 3888 / 5315    591.2922 GFlop/s     (591.2922 GFlop/s per process)    73%    950.6 sec left
CG set 3889 / 5315    591.2922 GFlop/s     (591.2922 GFlop/s per process)    73%    950.0 sec left
CG set 3890 / 5315    591.2920 GFlop/s     (591.2920 GFlop/s per process)    73%    949.3 sec left
CG set 3891 / 5315    591.2920 GFlop/s     (591.2920 GFlop/s per process)    73%    948.6 sec left
CG set 3892 / 5315    591.2918 GFlop/s     (591.2918 GFlop/s per process)    73%    947.9 sec left
CG set 3893 / 5315    591.2919 GFlop/s     (591.2919 GFlop/s per process)    73%    947.2 sec left
CG set 3894 / 5315    591.2918 GFlop/s     (591.2918 GFlop/s per process)    73%    946.6 sec left
CG set 3895 / 5315    591.2917 GFlop/s     (591.2917 GFlop/s per process)    73%    945.9 sec left
CG set 3896 / 5315    591.2919 GFlop/s     (591.2919 GFlop/s per process)    73%    945.2 sec left
CG set 3897 / 5315    591.2918 GFlop/s     (591.2918 GFlop/s per process)    73%    944.5 sec left
CG set 3898 / 5315    591.2916 GFlop/s     (591.2916 GFlop/s per process)    73%    943.8 sec left
CG set 3899 / 5315    591.2915 GFlop/s     (591.2915 GFlop/s per process)    73%    943.1 sec left
CG set 3900 / 5315    591.2913 GFlop/s     (591.2913 GFlop/s per process)    73%    942.5 sec left
CG set 3901 / 5315    591.2915 GFlop/s     (591.2915 GFlop/s per process)    73%    941.8 sec left
CG set 3902 / 5315    591.2915 GFlop/s     (591.2915 GFlop/s per process)    73%    941.1 sec left
CG set 3903 / 5315    591.2915 GFlop/s     (591.2915 GFlop/s per process)    73%    940.4 sec left
CG set 3904 / 5315    591.2916 GFlop/s     (591.2916 GFlop/s per process)    73%    939.7 sec left
CG set 3905 / 5315    591.2918 GFlop/s     (591.2918 GFlop/s per process)    73%    939.1 sec left
CG set 3906 / 5315    591.2919 GFlop/s     (591.2919 GFlop/s per process)    73%    938.4 sec left
CG set 3907 / 5315    591.2919 GFlop/s     (591.2919 GFlop/s per process)    73%    937.7 sec left
CG set 3908 / 5315    591.2919 GFlop/s     (591.2919 GFlop/s per process)    73%    937.0 sec left
CG set 3909 / 5315    591.2919 GFlop/s     (591.2919 GFlop/s per process)    73%    936.3 sec left
CG set 3910 / 5315    591.2919 GFlop/s     (591.2919 GFlop/s per process)    73%    935.7 sec left
CG set 3911 / 5315    591.2919 GFlop/s     (591.2919 GFlop/s per process)    73%    935.0 sec left
CG set 3912 / 5315    591.2921 GFlop/s     (591.2921 GFlop/s per process)    73%    934.3 sec left
CG set 3913 / 5315    591.2921 GFlop/s     (591.2921 GFlop/s per process)    73%    933.6 sec left
CG set 3914 / 5315    591.2920 GFlop/s     (591.2920 GFlop/s per process)    73%    932.9 sec left
CG set 3915 / 5315    591.2920 GFlop/s     (591.2920 GFlop/s per process)    73%    932.2 sec left
CG set 3916 / 5315    591.2920 GFlop/s     (591.2920 GFlop/s per process)    73%    931.6 sec left
CG set 3917 / 5315    591.2921 GFlop/s     (591.2921 GFlop/s per process)    73%    930.9 sec left
CG set 3918 / 5315    591.2920 GFlop/s     (591.2920 GFlop/s per process)    73%    930.2 sec left
CG set 3919 / 5315    591.2920 GFlop/s     (591.2920 GFlop/s per process)    73%    929.5 sec left
CG set 3920 / 5315    591.2917 GFlop/s     (591.2917 GFlop/s per process)    73%    928.8 sec left
CG set 3921 / 5315    591.2917 GFlop/s     (591.2917 GFlop/s per process)    73%    928.2 sec left
CG set 3922 / 5315    591.2918 GFlop/s     (591.2918 GFlop/s per process)    73%    927.5 sec left
CG set 3923 / 5315    591.2916 GFlop/s     (591.2916 GFlop/s per process)    73%    926.8 sec left
CG set 3924 / 5315    591.2916 GFlop/s     (591.2916 GFlop/s per process)    73%    926.1 sec left
CG set 3925 / 5315    591.2915 GFlop/s     (591.2915 GFlop/s per process)    73%    925.4 sec left
CG set 3926 / 5315    591.2913 GFlop/s     (591.2913 GFlop/s per process)    73%    924.7 sec left
CG set 3927 / 5315    591.2913 GFlop/s     (591.2913 GFlop/s per process)    73%    924.1 sec left
CG set 3928 / 5315    591.2913 GFlop/s     (591.2913 GFlop/s per process)    73%    923.4 sec left
CG set 3929 / 5315    591.2914 GFlop/s     (591.2914 GFlop/s per process)    73%    922.7 sec left
CG set 3930 / 5315    591.2913 GFlop/s     (591.2913 GFlop/s per process)    73%    922.0 sec left
CG set 3931 / 5315    591.2912 GFlop/s     (591.2912 GFlop/s per process)    73%    921.3 sec left
CG set 3932 / 5315    591.2912 GFlop/s     (591.2912 GFlop/s per process)    73%    920.7 sec left
CG set 3933 / 5315    591.2913 GFlop/s     (591.2913 GFlop/s per process)    73%    920.0 sec left
CG set 3934 / 5315    591.2912 GFlop/s     (591.2912 GFlop/s per process)    74%    919.3 sec left
CG set 3935 / 5315    591.2913 GFlop/s     (591.2913 GFlop/s per process)    74%    918.6 sec left
CG set 3936 / 5315    591.2912 GFlop/s     (591.2912 GFlop/s per process)    74%    917.9 sec left
CG set 3937 / 5315    591.2910 GFlop/s     (591.2910 GFlop/s per process)    74%    917.3 sec left
CG set 3938 / 5315    591.2909 GFlop/s     (591.2909 GFlop/s per process)    74%    916.6 sec left
CG set 3939 / 5315    591.2908 GFlop/s     (591.2908 GFlop/s per process)    74%    915.9 sec left
CG set 3940 / 5315    591.2909 GFlop/s     (591.2909 GFlop/s per process)    74%    915.2 sec left
CG set 3941 / 5315    591.2908 GFlop/s     (591.2908 GFlop/s per process)    74%    914.5 sec left
CG set 3942 / 5315    591.2907 GFlop/s     (591.2907 GFlop/s per process)    74%    913.8 sec left
CG set 3943 / 5315    591.2906 GFlop/s     (591.2906 GFlop/s per process)    74%    913.2 sec left
CG set 3944 / 5315    591.2908 GFlop/s     (591.2908 GFlop/s per process)    74%    912.5 sec left
CG set 3945 / 5315    591.2910 GFlop/s     (591.2910 GFlop/s per process)    74%    911.8 sec left
CG set 3946 / 5315    591.2910 GFlop/s     (591.2910 GFlop/s per process)    74%    911.1 sec left
CG set 3947 / 5315    591.2910 GFlop/s     (591.2910 GFlop/s per process)    74%    910.4 sec left
CG set 3948 / 5315    591.2909 GFlop/s     (591.2909 GFlop/s per process)    74%    909.8 sec left
CG set 3949 / 5315    591.2911 GFlop/s     (591.2911 GFlop/s per process)    74%    909.1 sec left
CG set 3950 / 5315    591.2914 GFlop/s     (591.2914 GFlop/s per process)    74%    908.4 sec left
CG set 3951 / 5315    591.2915 GFlop/s     (591.2915 GFlop/s per process)    74%    907.7 sec left
CG set 3952 / 5315    591.2914 GFlop/s     (591.2914 GFlop/s per process)    74%    907.0 sec left
CG set 3953 / 5315    591.2912 GFlop/s     (591.2912 GFlop/s per process)    74%    906.3 sec left
CG set 3954 / 5315    591.2913 GFlop/s     (591.2913 GFlop/s per process)    74%    905.7 sec left
CG set 3955 / 5315    591.2914 GFlop/s     (591.2914 GFlop/s per process)    74%    905.0 sec left
CG set 3956 / 5315    591.2915 GFlop/s     (591.2915 GFlop/s per process)    74%    904.3 sec left
CG set 3957 / 5315    591.2913 GFlop/s     (591.2913 GFlop/s per process)    74%    903.6 sec left
CG set 3958 / 5315    591.2914 GFlop/s     (591.2914 GFlop/s per process)    74%    902.9 sec left
CG set 3959 / 5315    591.2913 GFlop/s     (591.2913 GFlop/s per process)    74%    902.3 sec left
CG set 3960 / 5315    591.2914 GFlop/s     (591.2914 GFlop/s per process)    74%    901.6 sec left
CG set 3961 / 5315    591.2916 GFlop/s     (591.2916 GFlop/s per process)    74%    900.9 sec left
CG set 3962 / 5315    591.2917 GFlop/s     (591.2917 GFlop/s per process)    74%    900.2 sec left
CG set 3963 / 5315    591.2917 GFlop/s     (591.2917 GFlop/s per process)    74%    899.5 sec left
CG set 3964 / 5315    591.2917 GFlop/s     (591.2917 GFlop/s per process)    74%    898.9 sec left
CG set 3965 / 5315    591.2916 GFlop/s     (591.2916 GFlop/s per process)    74%    898.2 sec left
CG set 3966 / 5315    591.2914 GFlop/s     (591.2914 GFlop/s per process)    74%    897.5 sec left
CG set 3967 / 5315    591.2914 GFlop/s     (591.2914 GFlop/s per process)    74%    896.8 sec left
CG set 3968 / 5315    591.2914 GFlop/s     (591.2914 GFlop/s per process)    74%    896.1 sec left
CG set 3969 / 5315    591.2913 GFlop/s     (591.2913 GFlop/s per process)    74%    895.4 sec left
CG set 3970 / 5315    591.2913 GFlop/s     (591.2913 GFlop/s per process)    74%    894.8 sec left
CG set 3971 / 5315    591.2910 GFlop/s     (591.2910 GFlop/s per process)    74%    894.1 sec left
CG set 3972 / 5315    591.2908 GFlop/s     (591.2908 GFlop/s per process)    74%    893.4 sec left
CG set 3973 / 5315    591.2908 GFlop/s     (591.2908 GFlop/s per process)    74%    892.7 sec left
CG set 3974 / 5315    591.2908 GFlop/s     (591.2908 GFlop/s per process)    74%    892.0 sec left
CG set 3975 / 5315    591.2908 GFlop/s     (591.2908 GFlop/s per process)    74%    891.4 sec left
CG set 3976 / 5315    591.2906 GFlop/s     (591.2906 GFlop/s per process)    74%    890.7 sec left
CG set 3977 / 5315    591.2906 GFlop/s     (591.2906 GFlop/s per process)    74%    890.0 sec left
CG set 3978 / 5315    591.2907 GFlop/s     (591.2907 GFlop/s per process)    74%    889.3 sec left
CG set 3979 / 5315    591.2906 GFlop/s     (591.2906 GFlop/s per process)    74%    888.6 sec left
CG set 3980 / 5315    591.2907 GFlop/s     (591.2907 GFlop/s per process)    74%    887.9 sec left
CG set 3981 / 5315    591.2909 GFlop/s     (591.2909 GFlop/s per process)    74%    887.3 sec left
CG set 3982 / 5315    591.2910 GFlop/s     (591.2910 GFlop/s per process)    74%    886.6 sec left
CG set 3983 / 5315    591.2909 GFlop/s     (591.2909 GFlop/s per process)    74%    885.9 sec left
CG set 3984 / 5315    591.2911 GFlop/s     (591.2911 GFlop/s per process)    74%    885.2 sec left
CG set 3985 / 5315    591.2910 GFlop/s     (591.2910 GFlop/s per process)    74%    884.5 sec left
CG set 3986 / 5315    591.2911 GFlop/s     (591.2911 GFlop/s per process)    74%    883.9 sec left
CG set 3987 / 5315    591.2912 GFlop/s     (591.2912 GFlop/s per process)    75%    883.2 sec left
CG set 3988 / 5315    591.2912 GFlop/s     (591.2912 GFlop/s per process)    75%    882.5 sec left
CG set 3989 / 5315    591.2912 GFlop/s     (591.2912 GFlop/s per process)    75%    881.8 sec left
CG set 3990 / 5315    591.2912 GFlop/s     (591.2912 GFlop/s per process)    75%    881.1 sec left
CG set 3991 / 5315    591.2914 GFlop/s     (591.2914 GFlop/s per process)    75%    880.5 sec left
CG set 3992 / 5315    591.2914 GFlop/s     (591.2914 GFlop/s per process)    75%    879.8 sec left
CG set 3993 / 5315    591.2914 GFlop/s     (591.2914 GFlop/s per process)    75%    879.1 sec left
CG set 3994 / 5315    591.2913 GFlop/s     (591.2913 GFlop/s per process)    75%    878.4 sec left
CG set 3995 / 5315    591.2914 GFlop/s     (591.2914 GFlop/s per process)    75%    877.7 sec left
CG set 3996 / 5315    591.2914 GFlop/s     (591.2914 GFlop/s per process)    75%    877.0 sec left
CG set 3997 / 5315    591.2914 GFlop/s     (591.2914 GFlop/s per process)    75%    876.4 sec left
CG set 3998 / 5315    591.2912 GFlop/s     (591.2912 GFlop/s per process)    75%    875.7 sec left
CG set 3999 / 5315    591.2911 GFlop/s     (591.2911 GFlop/s per process)    75%    875.0 sec left
CG set 4000 / 5315    591.2911 GFlop/s     (591.2911 GFlop/s per process)    75%    874.3 sec left
CG set 4001 / 5315    591.2913 GFlop/s     (591.2913 GFlop/s per process)    75%    873.6 sec left
CG set 4002 / 5315    591.2913 GFlop/s     (591.2913 GFlop/s per process)    75%    873.0 sec left
CG set 4003 / 5315    591.2910 GFlop/s     (591.2910 GFlop/s per process)    75%    872.3 sec left
CG set 4004 / 5315    591.2910 GFlop/s     (591.2910 GFlop/s per process)    75%    871.6 sec left
CG set 4005 / 5315    591.2911 GFlop/s     (591.2911 GFlop/s per process)    75%    870.9 sec left
CG set 4006 / 5315    591.2911 GFlop/s     (591.2911 GFlop/s per process)    75%    870.2 sec left
CG set 4007 / 5315    591.2911 GFlop/s     (591.2911 GFlop/s per process)    75%    869.6 sec left
CG set 4008 / 5315    591.2912 GFlop/s     (591.2912 GFlop/s per process)    75%    868.9 sec left
CG set 4009 / 5315    591.2913 GFlop/s     (591.2913 GFlop/s per process)    75%    868.2 sec left
CG set 4010 / 5315    591.2913 GFlop/s     (591.2913 GFlop/s per process)    75%    867.5 sec left
CG set 4011 / 5315    591.2913 GFlop/s     (591.2913 GFlop/s per process)    75%    866.8 sec left
CG set 4012 / 5315    591.2914 GFlop/s     (591.2914 GFlop/s per process)    75%    866.1 sec left
CG set 4013 / 5315    591.2914 GFlop/s     (591.2914 GFlop/s per process)    75%    865.5 sec left
CG set 4014 / 5315    591.2913 GFlop/s     (591.2913 GFlop/s per process)    75%    864.8 sec left
CG set 4015 / 5315    591.2912 GFlop/s     (591.2912 GFlop/s per process)    75%    864.1 sec left
CG set 4016 / 5315    591.2912 GFlop/s     (591.2912 GFlop/s per process)    75%    863.4 sec left
CG set 4017 / 5315    591.2911 GFlop/s     (591.2911 GFlop/s per process)    75%    862.7 sec left
CG set 4018 / 5315    591.2913 GFlop/s     (591.2913 GFlop/s per process)    75%    862.1 sec left
CG set 4019 / 5315    591.2914 GFlop/s     (591.2914 GFlop/s per process)    75%    861.4 sec left
CG set 4020 / 5315    591.2914 GFlop/s     (591.2914 GFlop/s per process)    75%    860.7 sec left
CG set 4021 / 5315    591.2915 GFlop/s     (591.2915 GFlop/s per process)    75%    860.0 sec left
CG set 4022 / 5315    591.2914 GFlop/s     (591.2914 GFlop/s per process)    75%    859.3 sec left
CG set 4023 / 5315    591.2915 GFlop/s     (591.2915 GFlop/s per process)    75%    858.7 sec left
CG set 4024 / 5315    591.2916 GFlop/s     (591.2916 GFlop/s per process)    75%    858.0 sec left
CG set 4025 / 5315    591.2914 GFlop/s     (591.2914 GFlop/s per process)    75%    857.3 sec left
CG set 4026 / 5315    591.2914 GFlop/s     (591.2914 GFlop/s per process)    75%    856.6 sec left
CG set 4027 / 5315    591.2914 GFlop/s     (591.2914 GFlop/s per process)    75%    855.9 sec left
CG set 4028 / 5315    591.2913 GFlop/s     (591.2913 GFlop/s per process)    75%    855.2 sec left
CG set 4029 / 5315    591.2914 GFlop/s     (591.2914 GFlop/s per process)    75%    854.6 sec left
CG set 4030 / 5315    591.2915 GFlop/s     (591.2915 GFlop/s per process)    75%    853.9 sec left
CG set 4031 / 5315    591.2914 GFlop/s     (591.2914 GFlop/s per process)    75%    853.2 sec left
CG set 4032 / 5315    591.2913 GFlop/s     (591.2913 GFlop/s per process)    75%    852.5 sec left
CG set 4033 / 5315    591.2912 GFlop/s     (591.2912 GFlop/s per process)    75%    851.8 sec left
CG set 4034 / 5315    591.2912 GFlop/s     (591.2912 GFlop/s per process)    75%    851.2 sec left
CG set 4035 / 5315    591.2912 GFlop/s     (591.2912 GFlop/s per process)    75%    850.5 sec left
CG set 4036 / 5315    591.2912 GFlop/s     (591.2912 GFlop/s per process)    75%    849.8 sec left
CG set 4037 / 5315    591.2912 GFlop/s     (591.2912 GFlop/s per process)    75%    849.1 sec left
CG set 4038 / 5315    591.2912 GFlop/s     (591.2912 GFlop/s per process)    75%    848.4 sec left
CG set 4039 / 5315    591.2910 GFlop/s     (591.2910 GFlop/s per process)    75%    847.7 sec left
CG set 4040 / 5315    591.2911 GFlop/s     (591.2911 GFlop/s per process)    76%    847.1 sec left
CG set 4041 / 5315    591.2910 GFlop/s     (591.2910 GFlop/s per process)    76%    846.4 sec left
CG set 4042 / 5315    591.2909 GFlop/s     (591.2909 GFlop/s per process)    76%    845.7 sec left
CG set 4043 / 5315    591.2908 GFlop/s     (591.2908 GFlop/s per process)    76%    845.0 sec left
CG set 4044 / 5315    591.2908 GFlop/s     (591.2908 GFlop/s per process)    76%    844.3 sec left
CG set 4045 / 5315    591.2907 GFlop/s     (591.2907 GFlop/s per process)    76%    843.7 sec left
CG set 4046 / 5315    591.2905 GFlop/s     (591.2905 GFlop/s per process)    76%    843.0 sec left
CG set 4047 / 5315    591.2905 GFlop/s     (591.2905 GFlop/s per process)    76%    842.3 sec left
CG set 4048 / 5315    591.2904 GFlop/s     (591.2904 GFlop/s per process)    76%    841.6 sec left
CG set 4049 / 5315    591.2906 GFlop/s     (591.2906 GFlop/s per process)    76%    840.9 sec left
CG set 4050 / 5315    591.2906 GFlop/s     (591.2906 GFlop/s per process)    76%    840.2 sec left
CG set 4051 / 5315    591.2908 GFlop/s     (591.2908 GFlop/s per process)    76%    839.6 sec left
CG set 4052 / 5315    591.2909 GFlop/s     (591.2909 GFlop/s per process)    76%    838.9 sec left
CG set 4053 / 5315    591.2910 GFlop/s     (591.2910 GFlop/s per process)    76%    838.2 sec left
CG set 4054 / 5315    591.2909 GFlop/s     (591.2909 GFlop/s per process)    76%    837.5 sec left
CG set 4055 / 5315    591.2910 GFlop/s     (591.2910 GFlop/s per process)    76%    836.8 sec left
CG set 4056 / 5315    591.2911 GFlop/s     (591.2911 GFlop/s per process)    76%    836.2 sec left
CG set 4057 / 5315    591.2910 GFlop/s     (591.2910 GFlop/s per process)    76%    835.5 sec left
CG set 4058 / 5315    591.2908 GFlop/s     (591.2908 GFlop/s per process)    76%    834.8 sec left
CG set 4059 / 5315    591.2909 GFlop/s     (591.2909 GFlop/s per process)    76%    834.1 sec left
CG set 4060 / 5315    591.2907 GFlop/s     (591.2907 GFlop/s per process)    76%    833.4 sec left
CG set 4061 / 5315    591.2907 GFlop/s     (591.2907 GFlop/s per process)    76%    832.8 sec left
CG set 4062 / 5315    591.2907 GFlop/s     (591.2907 GFlop/s per process)    76%    832.1 sec left
CG set 4063 / 5315    591.2905 GFlop/s     (591.2905 GFlop/s per process)    76%    831.4 sec left
CG set 4064 / 5315    591.2905 GFlop/s     (591.2905 GFlop/s per process)    76%    830.7 sec left
CG set 4065 / 5315    591.2906 GFlop/s     (591.2906 GFlop/s per process)    76%    830.0 sec left
CG set 4066 / 5315    591.2905 GFlop/s     (591.2905 GFlop/s per process)    76%    829.3 sec left
CG set 4067 / 5315    591.2904 GFlop/s     (591.2904 GFlop/s per process)    76%    828.7 sec left
CG set 4068 / 5315    591.2903 GFlop/s     (591.2903 GFlop/s per process)    76%    828.0 sec left
CG set 4069 / 5315    591.2903 GFlop/s     (591.2903 GFlop/s per process)    76%    827.3 sec left
CG set 4070 / 5315    591.2902 GFlop/s     (591.2902 GFlop/s per process)    76%    826.6 sec left
CG set 4071 / 5315    591.2904 GFlop/s     (591.2904 GFlop/s per process)    76%    825.9 sec left
CG set 4072 / 5315    591.2902 GFlop/s     (591.2902 GFlop/s per process)    76%    825.3 sec left
CG set 4073 / 5315    591.2902 GFlop/s     (591.2902 GFlop/s per process)    76%    824.6 sec left
CG set 4074 / 5315    591.2901 GFlop/s     (591.2901 GFlop/s per process)    76%    823.9 sec left
CG set 4075 / 5315    591.2899 GFlop/s     (591.2899 GFlop/s per process)    76%    823.2 sec left
CG set 4076 / 5315    591.2900 GFlop/s     (591.2900 GFlop/s per process)    76%    822.5 sec left
CG set 4077 / 5315    591.2901 GFlop/s     (591.2901 GFlop/s per process)    76%    821.8 sec left
CG set 4078 / 5315    591.2901 GFlop/s     (591.2901 GFlop/s per process)    76%    821.2 sec left
CG set 4079 / 5315    591.2899 GFlop/s     (591.2899 GFlop/s per process)    76%    820.5 sec left
CG set 4080 / 5315    591.2899 GFlop/s     (591.2899 GFlop/s per process)    76%    819.8 sec left
CG set 4081 / 5315    591.2897 GFlop/s     (591.2897 GFlop/s per process)    76%    819.1 sec left
CG set 4082 / 5315    591.2896 GFlop/s     (591.2896 GFlop/s per process)    76%    818.4 sec left
CG set 4083 / 5315    591.2896 GFlop/s     (591.2896 GFlop/s per process)    76%    817.8 sec left
CG set 4084 / 5315    591.2896 GFlop/s     (591.2896 GFlop/s per process)    76%    817.1 sec left
CG set 4085 / 5315    591.2898 GFlop/s     (591.2898 GFlop/s per process)    76%    816.4 sec left
CG set 4086 / 5315    591.2898 GFlop/s     (591.2898 GFlop/s per process)    76%    815.7 sec left
CG set 4087 / 5315    591.2899 GFlop/s     (591.2899 GFlop/s per process)    76%    815.0 sec left
CG set 4088 / 5315    591.2900 GFlop/s     (591.2900 GFlop/s per process)    76%    814.4 sec left
CG set 4089 / 5315    591.2900 GFlop/s     (591.2900 GFlop/s per process)    76%    813.7 sec left
CG set 4090 / 5315    591.2899 GFlop/s     (591.2899 GFlop/s per process)    76%    813.0 sec left
CG set 4091 / 5315    591.2901 GFlop/s     (591.2901 GFlop/s per process)    76%    812.3 sec left
CG set 4092 / 5315    591.2902 GFlop/s     (591.2902 GFlop/s per process)    76%    811.6 sec left
CG set 4093 / 5315    591.2902 GFlop/s     (591.2902 GFlop/s per process)    77%    810.9 sec left
CG set 4094 / 5315    591.2902 GFlop/s     (591.2902 GFlop/s per process)    77%    810.3 sec left
CG set 4095 / 5315    591.2901 GFlop/s     (591.2901 GFlop/s per process)    77%    809.6 sec left
CG set 4096 / 5315    591.2901 GFlop/s     (591.2901 GFlop/s per process)    77%    808.9 sec left
CG set 4097 / 5315    591.2900 GFlop/s     (591.2900 GFlop/s per process)    77%    808.2 sec left
CG set 4098 / 5315    591.2901 GFlop/s     (591.2901 GFlop/s per process)    77%    807.5 sec left
CG set 4099 / 5315    591.2900 GFlop/s     (591.2900 GFlop/s per process)    77%    806.9 sec left
CG set 4100 / 5315    591.2901 GFlop/s     (591.2901 GFlop/s per process)    77%    806.2 sec left
CG set 4101 / 5315    591.2901 GFlop/s     (591.2901 GFlop/s per process)    77%    805.5 sec left
CG set 4102 / 5315    591.2901 GFlop/s     (591.2901 GFlop/s per process)    77%    804.8 sec left
CG set 4103 / 5315    591.2899 GFlop/s     (591.2899 GFlop/s per process)    77%    804.1 sec left
CG set 4104 / 5315    591.2899 GFlop/s     (591.2899 GFlop/s per process)    77%    803.4 sec left
CG set 4105 / 5315    591.2899 GFlop/s     (591.2899 GFlop/s per process)    77%    802.8 sec left
CG set 4106 / 5315    591.2901 GFlop/s     (591.2901 GFlop/s per process)    77%    802.1 sec left
CG set 4107 / 5315    591.2900 GFlop/s     (591.2900 GFlop/s per process)    77%    801.4 sec left
CG set 4108 / 5315    591.2900 GFlop/s     (591.2900 GFlop/s per process)    77%    800.7 sec left
CG set 4109 / 5315    591.2899 GFlop/s     (591.2899 GFlop/s per process)    77%    800.0 sec left
CG set 4110 / 5315    591.2900 GFlop/s     (591.2900 GFlop/s per process)    77%    799.4 sec left
CG set 4111 / 5315    591.2899 GFlop/s     (591.2899 GFlop/s per process)    77%    798.7 sec left
CG set 4112 / 5315    591.2899 GFlop/s     (591.2899 GFlop/s per process)    77%    798.0 sec left
CG set 4113 / 5315    591.2900 GFlop/s     (591.2900 GFlop/s per process)    77%    797.3 sec left
CG set 4114 / 5315    591.2900 GFlop/s     (591.2900 GFlop/s per process)    77%    796.6 sec left
CG set 4115 / 5315    591.2899 GFlop/s     (591.2899 GFlop/s per process)    77%    796.0 sec left
CG set 4116 / 5315    591.2898 GFlop/s     (591.2898 GFlop/s per process)    77%    795.3 sec left
CG set 4117 / 5315    591.2897 GFlop/s     (591.2897 GFlop/s per process)    77%    794.6 sec left
CG set 4118 / 5315    591.2897 GFlop/s     (591.2897 GFlop/s per process)    77%    793.9 sec left
CG set 4119 / 5315    591.2896 GFlop/s     (591.2896 GFlop/s per process)    77%    793.2 sec left
CG set 4120 / 5315    591.2896 GFlop/s     (591.2896 GFlop/s per process)    77%    792.5 sec left
CG set 4121 / 5315    591.2896 GFlop/s     (591.2896 GFlop/s per process)    77%    791.9 sec left
CG set 4122 / 5315    591.2897 GFlop/s     (591.2897 GFlop/s per process)    77%    791.2 sec left
CG set 4123 / 5315    591.2897 GFlop/s     (591.2897 GFlop/s per process)    77%    790.5 sec left
CG set 4124 / 5315    591.2898 GFlop/s     (591.2898 GFlop/s per process)    77%    789.8 sec left
CG set 4125 / 5315    591.2897 GFlop/s     (591.2897 GFlop/s per process)    77%    789.1 sec left
CG set 4126 / 5315    591.2898 GFlop/s     (591.2898 GFlop/s per process)    77%    788.5 sec left
CG set 4127 / 5315    591.2899 GFlop/s     (591.2899 GFlop/s per process)    77%    787.8 sec left
CG set 4128 / 5315    591.2898 GFlop/s     (591.2898 GFlop/s per process)    77%    787.1 sec left
CG set 4129 / 5315    591.2900 GFlop/s     (591.2900 GFlop/s per process)    77%    786.4 sec left
CG set 4130 / 5315    591.2900 GFlop/s     (591.2900 GFlop/s per process)    77%    785.7 sec left
CG set 4131 / 5315    591.2899 GFlop/s     (591.2899 GFlop/s per process)    77%    785.0 sec left
CG set 4132 / 5315    591.2898 GFlop/s     (591.2898 GFlop/s per process)    77%    784.4 sec left
CG set 4133 / 5315    591.2898 GFlop/s     (591.2898 GFlop/s per process)    77%    783.7 sec left
CG set 4134 / 5315    591.2897 GFlop/s     (591.2897 GFlop/s per process)    77%    783.0 sec left
CG set 4135 / 5315    591.2899 GFlop/s     (591.2899 GFlop/s per process)    77%    782.3 sec left
CG set 4136 / 5315    591.2899 GFlop/s     (591.2899 GFlop/s per process)    77%    781.6 sec left
CG set 4137 / 5315    591.2898 GFlop/s     (591.2898 GFlop/s per process)    77%    781.0 sec left
CG set 4138 / 5315    591.2897 GFlop/s     (591.2897 GFlop/s per process)    77%    780.3 sec left
CG set 4139 / 5315    591.2898 GFlop/s     (591.2898 GFlop/s per process)    77%    779.6 sec left
CG set 4140 / 5315    591.2899 GFlop/s     (591.2899 GFlop/s per process)    77%    778.9 sec left
CG set 4141 / 5315    591.2898 GFlop/s     (591.2898 GFlop/s per process)    77%    778.2 sec left
CG set 4142 / 5315    591.2897 GFlop/s     (591.2897 GFlop/s per process)    77%    777.6 sec left
CG set 4143 / 5315    591.2897 GFlop/s     (591.2897 GFlop/s per process)    77%    776.9 sec left
CG set 4144 / 5315    591.2899 GFlop/s     (591.2899 GFlop/s per process)    77%    776.2 sec left
CG set 4145 / 5315    591.2898 GFlop/s     (591.2898 GFlop/s per process)    77%    775.5 sec left
CG set 4146 / 5315    591.2898 GFlop/s     (591.2898 GFlop/s per process)    78%    774.8 sec left
CG set 4147 / 5315    591.2898 GFlop/s     (591.2898 GFlop/s per process)    78%    774.1 sec left
CG set 4148 / 5315    591.2897 GFlop/s     (591.2897 GFlop/s per process)    78%    773.5 sec left
CG set 4149 / 5315    591.2896 GFlop/s     (591.2896 GFlop/s per process)    78%    772.8 sec left
CG set 4150 / 5315    591.2897 GFlop/s     (591.2897 GFlop/s per process)    78%    772.1 sec left
CG set 4151 / 5315    591.2897 GFlop/s     (591.2897 GFlop/s per process)    78%    771.4 sec left
CG set 4152 / 5315    591.2897 GFlop/s     (591.2897 GFlop/s per process)    78%    770.7 sec left
CG set 4153 / 5315    591.2896 GFlop/s     (591.2896 GFlop/s per process)    78%    770.1 sec left
CG set 4154 / 5315    591.2896 GFlop/s     (591.2896 GFlop/s per process)    78%    769.4 sec left
CG set 4155 / 5315    591.2895 GFlop/s     (591.2895 GFlop/s per process)    78%    768.7 sec left
CG set 4156 / 5315    591.2893 GFlop/s     (591.2893 GFlop/s per process)    78%    768.0 sec left
CG set 4157 / 5315    591.2893 GFlop/s     (591.2893 GFlop/s per process)    78%    767.3 sec left
CG set 4158 / 5315    591.2893 GFlop/s     (591.2893 GFlop/s per process)    78%    766.6 sec left
CG set 4159 / 5315    591.2893 GFlop/s     (591.2893 GFlop/s per process)    78%    766.0 sec left
CG set 4160 / 5315    591.2892 GFlop/s     (591.2892 GFlop/s per process)    78%    765.3 sec left
CG set 4161 / 5315    591.2892 GFlop/s     (591.2892 GFlop/s per process)    78%    764.6 sec left
CG set 4162 / 5315    591.2890 GFlop/s     (591.2890 GFlop/s per process)    78%    763.9 sec left
CG set 4163 / 5315    591.2889 GFlop/s     (591.2889 GFlop/s per process)    78%    763.2 sec left
CG set 4164 / 5315    591.2889 GFlop/s     (591.2889 GFlop/s per process)    78%    762.6 sec left
CG set 4165 / 5315    591.2892 GFlop/s     (591.2892 GFlop/s per process)    78%    761.9 sec left
CG set 4166 / 5315    591.2890 GFlop/s     (591.2890 GFlop/s per process)    78%    761.2 sec left
CG set 4167 / 5315    591.2890 GFlop/s     (591.2890 GFlop/s per process)    78%    760.5 sec left
CG set 4168 / 5315    591.2889 GFlop/s     (591.2889 GFlop/s per process)    78%    759.8 sec left
CG set 4169 / 5315    591.2890 GFlop/s     (591.2890 GFlop/s per process)    78%    759.2 sec left
CG set 4170 / 5315    591.2889 GFlop/s     (591.2889 GFlop/s per process)    78%    758.5 sec left
CG set 4171 / 5315    591.2888 GFlop/s     (591.2888 GFlop/s per process)    78%    757.8 sec left
CG set 4172 / 5315    591.2887 GFlop/s     (591.2887 GFlop/s per process)    78%    757.1 sec left
CG set 4173 / 5315    591.2886 GFlop/s     (591.2886 GFlop/s per process)    78%    756.4 sec left
CG set 4174 / 5315    591.2885 GFlop/s     (591.2885 GFlop/s per process)    78%    755.7 sec left
CG set 4175 / 5315    591.2885 GFlop/s     (591.2885 GFlop/s per process)    78%    755.1 sec left
CG set 4176 / 5315    591.2887 GFlop/s     (591.2887 GFlop/s per process)    78%    754.4 sec left
CG set 4177 / 5315    591.2889 GFlop/s     (591.2889 GFlop/s per process)    78%    753.7 sec left
CG set 4178 / 5315    591.2887 GFlop/s     (591.2887 GFlop/s per process)    78%    753.0 sec left
CG set 4179 / 5315    591.2888 GFlop/s     (591.2888 GFlop/s per process)    78%    752.3 sec left
CG set 4180 / 5315    591.2888 GFlop/s     (591.2888 GFlop/s per process)    78%    751.7 sec left
CG set 4181 / 5315    591.2887 GFlop/s     (591.2887 GFlop/s per process)    78%    751.0 sec left
CG set 4182 / 5315    591.2886 GFlop/s     (591.2886 GFlop/s per process)    78%    750.3 sec left
CG set 4183 / 5315    591.2884 GFlop/s     (591.2884 GFlop/s per process)    78%    749.6 sec left
CG set 4184 / 5315    591.2885 GFlop/s     (591.2885 GFlop/s per process)    78%    748.9 sec left
CG set 4185 / 5315    591.2885 GFlop/s     (591.2885 GFlop/s per process)    78%    748.2 sec left
CG set 4186 / 5315    591.2884 GFlop/s     (591.2884 GFlop/s per process)    78%    747.6 sec left
CG set 4187 / 5315    591.2885 GFlop/s     (591.2885 GFlop/s per process)    78%    746.9 sec left
CG set 4188 / 5315    591.2885 GFlop/s     (591.2885 GFlop/s per process)    78%    746.2 sec left
CG set 4189 / 5315    591.2884 GFlop/s     (591.2884 GFlop/s per process)    78%    745.5 sec left
CG set 4190 / 5315    591.2882 GFlop/s     (591.2882 GFlop/s per process)    78%    744.8 sec left
CG set 4191 / 5315    591.2881 GFlop/s     (591.2881 GFlop/s per process)    78%    744.2 sec left
CG set 4192 / 5315    591.2881 GFlop/s     (591.2881 GFlop/s per process)    78%    743.5 sec left
CG set 4193 / 5315    591.2881 GFlop/s     (591.2881 GFlop/s per process)    78%    742.8 sec left
CG set 4194 / 5315    591.2881 GFlop/s     (591.2881 GFlop/s per process)    78%    742.1 sec left
CG set 4195 / 5315    591.2881 GFlop/s     (591.2881 GFlop/s per process)    78%    741.4 sec left
CG set 4196 / 5315    591.2881 GFlop/s     (591.2881 GFlop/s per process)    78%    740.7 sec left
CG set 4197 / 5315    591.2881 GFlop/s     (591.2881 GFlop/s per process)    78%    740.1 sec left
CG set 4198 / 5315    591.2881 GFlop/s     (591.2881 GFlop/s per process)    78%    739.4 sec left
CG set 4199 / 5315    591.2881 GFlop/s     (591.2881 GFlop/s per process)    79%    738.7 sec left
CG set 4200 / 5315    591.2881 GFlop/s     (591.2881 GFlop/s per process)    79%    738.0 sec left
CG set 4201 / 5315    591.2880 GFlop/s     (591.2880 GFlop/s per process)    79%    737.3 sec left
CG set 4202 / 5315    591.2879 GFlop/s     (591.2879 GFlop/s per process)    79%    736.7 sec left
CG set 4203 / 5315    591.2880 GFlop/s     (591.2880 GFlop/s per process)    79%    736.0 sec left
CG set 4204 / 5315    591.2881 GFlop/s     (591.2881 GFlop/s per process)    79%    735.3 sec left
CG set 4205 / 5315    591.2880 GFlop/s     (591.2880 GFlop/s per process)    79%    734.6 sec left
CG set 4206 / 5315    591.2881 GFlop/s     (591.2881 GFlop/s per process)    79%    733.9 sec left
CG set 4207 / 5315    591.2878 GFlop/s     (591.2878 GFlop/s per process)    79%    733.3 sec left
CG set 4208 / 5315    591.2878 GFlop/s     (591.2878 GFlop/s per process)    79%    732.6 sec left
CG set 4209 / 5315    591.2876 GFlop/s     (591.2876 GFlop/s per process)    79%    731.9 sec left
CG set 4210 / 5315    591.2876 GFlop/s     (591.2876 GFlop/s per process)    79%    731.2 sec left
CG set 4211 / 5315    591.2875 GFlop/s     (591.2875 GFlop/s per process)    79%    730.5 sec left
CG set 4212 / 5315    591.2876 GFlop/s     (591.2876 GFlop/s per process)    79%    729.8 sec left
CG set 4213 / 5315    591.2875 GFlop/s     (591.2875 GFlop/s per process)    79%    729.2 sec left
CG set 4214 / 5315    591.2876 GFlop/s     (591.2876 GFlop/s per process)    79%    728.5 sec left
CG set 4215 / 5315    591.2876 GFlop/s     (591.2876 GFlop/s per process)    79%    727.8 sec left
CG set 4216 / 5315    591.2877 GFlop/s     (591.2877 GFlop/s per process)    79%    727.1 sec left
CG set 4217 / 5315    591.2878 GFlop/s     (591.2878 GFlop/s per process)    79%    726.4 sec left
CG set 4218 / 5315    591.2875 GFlop/s     (591.2875 GFlop/s per process)    79%    725.8 sec left
CG set 4219 / 5315    591.2876 GFlop/s     (591.2876 GFlop/s per process)    79%    725.1 sec left
CG set 4220 / 5315    591.2875 GFlop/s     (591.2875 GFlop/s per process)    79%    724.4 sec left
CG set 4221 / 5315    591.2876 GFlop/s     (591.2876 GFlop/s per process)    79%    723.7 sec left
CG set 4222 / 5315    591.2876 GFlop/s     (591.2876 GFlop/s per process)    79%    723.0 sec left
CG set 4223 / 5315    591.2875 GFlop/s     (591.2875 GFlop/s per process)    79%    722.3 sec left
CG set 4224 / 5315    591.2875 GFlop/s     (591.2875 GFlop/s per process)    79%    721.7 sec left
CG set 4225 / 5315    591.2875 GFlop/s     (591.2875 GFlop/s per process)    79%    721.0 sec left
CG set 4226 / 5315    591.2876 GFlop/s     (591.2876 GFlop/s per process)    79%    720.3 sec left
CG set 4227 / 5315    591.2876 GFlop/s     (591.2876 GFlop/s per process)    79%    719.6 sec left
CG set 4228 / 5315    591.2878 GFlop/s     (591.2878 GFlop/s per process)    79%    718.9 sec left
CG set 4229 / 5315    591.2877 GFlop/s     (591.2877 GFlop/s per process)    79%    718.3 sec left
CG set 4230 / 5315    591.2877 GFlop/s     (591.2877 GFlop/s per process)    79%    717.6 sec left
CG set 4231 / 5315    591.2877 GFlop/s     (591.2877 GFlop/s per process)    79%    716.9 sec left
CG set 4232 / 5315    591.2876 GFlop/s     (591.2876 GFlop/s per process)    79%    716.2 sec left
CG set 4233 / 5315    591.2875 GFlop/s     (591.2875 GFlop/s per process)    79%    715.5 sec left
CG set 4234 / 5315    591.2875 GFlop/s     (591.2875 GFlop/s per process)    79%    714.9 sec left
CG set 4235 / 5315    591.2875 GFlop/s     (591.2875 GFlop/s per process)    79%    714.2 sec left
CG set 4236 / 5315    591.2873 GFlop/s     (591.2873 GFlop/s per process)    79%    713.5 sec left
CG set 4237 / 5315    591.2874 GFlop/s     (591.2874 GFlop/s per process)    79%    712.8 sec left
CG set 4238 / 5315    591.2875 GFlop/s     (591.2875 GFlop/s per process)    79%    712.1 sec left
CG set 4239 / 5315    591.2873 GFlop/s     (591.2873 GFlop/s per process)    79%    711.4 sec left
CG set 4240 / 5315    591.2872 GFlop/s     (591.2872 GFlop/s per process)    79%    710.8 sec left
CG set 4241 / 5315    591.2873 GFlop/s     (591.2873 GFlop/s per process)    79%    710.1 sec left
CG set 4242 / 5315    591.2875 GFlop/s     (591.2875 GFlop/s per process)    79%    709.4 sec left
CG set 4243 / 5315    591.2875 GFlop/s     (591.2875 GFlop/s per process)    79%    708.7 sec left
CG set 4244 / 5315    591.2876 GFlop/s     (591.2876 GFlop/s per process)    79%    708.0 sec left
CG set 4245 / 5315    591.2876 GFlop/s     (591.2876 GFlop/s per process)    79%    707.4 sec left
CG set 4246 / 5315    591.2874 GFlop/s     (591.2874 GFlop/s per process)    79%    706.7 sec left
CG set 4247 / 5315    591.2875 GFlop/s     (591.2875 GFlop/s per process)    79%    706.0 sec left
CG set 4248 / 5315    591.2875 GFlop/s     (591.2875 GFlop/s per process)    79%    705.3 sec left
CG set 4249 / 5315    591.2875 GFlop/s     (591.2875 GFlop/s per process)    79%    704.6 sec left
CG set 4250 / 5315    591.2876 GFlop/s     (591.2876 GFlop/s per process)    79%    703.9 sec left
CG set 4251 / 5315    591.2877 GFlop/s     (591.2877 GFlop/s per process)    79%    703.3 sec left
CG set 4252 / 5315    591.2876 GFlop/s     (591.2876 GFlop/s per process)    80%    702.6 sec left
CG set 4253 / 5315    591.2875 GFlop/s     (591.2875 GFlop/s per process)    80%    701.9 sec left
CG set 4254 / 5315    591.2873 GFlop/s     (591.2873 GFlop/s per process)    80%    701.2 sec left
CG set 4255 / 5315    591.2875 GFlop/s     (591.2875 GFlop/s per process)    80%    700.5 sec left
CG set 4256 / 5315    591.2873 GFlop/s     (591.2873 GFlop/s per process)    80%    699.9 sec left
CG set 4257 / 5315    591.2873 GFlop/s     (591.2873 GFlop/s per process)    80%    699.2 sec left
CG set 4258 / 5315    591.2873 GFlop/s     (591.2873 GFlop/s per process)    80%    698.5 sec left
CG set 4259 / 5315    591.2875 GFlop/s     (591.2875 GFlop/s per process)    80%    697.8 sec left
CG set 4260 / 5315    591.2875 GFlop/s     (591.2875 GFlop/s per process)    80%    697.1 sec left
CG set 4261 / 5315    591.2874 GFlop/s     (591.2874 GFlop/s per process)    80%    696.5 sec left
CG set 4262 / 5315    591.2876 GFlop/s     (591.2876 GFlop/s per process)    80%    695.8 sec left
CG set 4263 / 5315    591.2878 GFlop/s     (591.2878 GFlop/s per process)    80%    695.1 sec left
CG set 4264 / 5315    591.2877 GFlop/s     (591.2877 GFlop/s per process)    80%    694.4 sec left
CG set 4265 / 5315    591.2878 GFlop/s     (591.2878 GFlop/s per process)    80%    693.7 sec left
CG set 4266 / 5315    591.2876 GFlop/s     (591.2876 GFlop/s per process)    80%    693.0 sec left
CG set 4267 / 5315    591.2876 GFlop/s     (591.2876 GFlop/s per process)    80%    692.4 sec left
CG set 4268 / 5315    591.2878 GFlop/s     (591.2878 GFlop/s per process)    80%    691.7 sec left
CG set 4269 / 5315    591.2878 GFlop/s     (591.2878 GFlop/s per process)    80%    691.0 sec left
CG set 4270 / 5315    591.2877 GFlop/s     (591.2877 GFlop/s per process)    80%    690.3 sec left
CG set 4271 / 5315    591.2877 GFlop/s     (591.2877 GFlop/s per process)    80%    689.6 sec left
CG set 4272 / 5315    591.2874 GFlop/s     (591.2874 GFlop/s per process)    80%    689.0 sec left
CG set 4273 / 5315    591.2874 GFlop/s     (591.2874 GFlop/s per process)    80%    688.3 sec left
CG set 4274 / 5315    591.2874 GFlop/s     (591.2874 GFlop/s per process)    80%    687.6 sec left
CG set 4275 / 5315    591.2874 GFlop/s     (591.2874 GFlop/s per process)    80%    686.9 sec left
CG set 4276 / 5315    591.2875 GFlop/s     (591.2875 GFlop/s per process)    80%    686.2 sec left
CG set 4277 / 5315    591.2873 GFlop/s     (591.2873 GFlop/s per process)    80%    685.5 sec left
CG set 4278 / 5315    591.2873 GFlop/s     (591.2873 GFlop/s per process)    80%    684.9 sec left
CG set 4279 / 5315    591.2874 GFlop/s     (591.2874 GFlop/s per process)    80%    684.2 sec left
CG set 4280 / 5315    591.2872 GFlop/s     (591.2872 GFlop/s per process)    80%    683.5 sec left
CG set 4281 / 5315    591.2871 GFlop/s     (591.2871 GFlop/s per process)    80%    682.8 sec left
CG set 4282 / 5315    591.2871 GFlop/s     (591.2871 GFlop/s per process)    80%    682.1 sec left
CG set 4283 / 5315    591.2873 GFlop/s     (591.2873 GFlop/s per process)    80%    681.5 sec left
CG set 4284 / 5315    591.2874 GFlop/s     (591.2874 GFlop/s per process)    80%    680.8 sec left
CG set 4285 / 5315    591.2874 GFlop/s     (591.2874 GFlop/s per process)    80%    680.1 sec left
CG set 4286 / 5315    591.2874 GFlop/s     (591.2874 GFlop/s per process)    80%    679.4 sec left
CG set 4287 / 5315    591.2875 GFlop/s     (591.2875 GFlop/s per process)    80%    678.7 sec left
CG set 4288 / 5315    591.2872 GFlop/s     (591.2872 GFlop/s per process)    80%    678.1 sec left
CG set 4289 / 5315    591.2872 GFlop/s     (591.2872 GFlop/s per process)    80%    677.4 sec left
CG set 4290 / 5315    591.2872 GFlop/s     (591.2872 GFlop/s per process)    80%    676.7 sec left
CG set 4291 / 5315    591.2873 GFlop/s     (591.2873 GFlop/s per process)    80%    676.0 sec left
CG set 4292 / 5315    591.2872 GFlop/s     (591.2872 GFlop/s per process)    80%    675.3 sec left
CG set 4293 / 5315    591.2872 GFlop/s     (591.2872 GFlop/s per process)    80%    674.6 sec left
CG set 4294 / 5315    591.2871 GFlop/s     (591.2871 GFlop/s per process)    80%    674.0 sec left
CG set 4295 / 5315    591.2870 GFlop/s     (591.2870 GFlop/s per process)    80%    673.3 sec left
CG set 4296 / 5315    591.2870 GFlop/s     (591.2870 GFlop/s per process)    80%    672.6 sec left
CG set 4297 / 5315    591.2869 GFlop/s     (591.2869 GFlop/s per process)    80%    671.9 sec left
CG set 4298 / 5315    591.2870 GFlop/s     (591.2870 GFlop/s per process)    80%    671.2 sec left
CG set 4299 / 5315    591.2870 GFlop/s     (591.2870 GFlop/s per process)    80%    670.6 sec left
CG set 4300 / 5315    591.2870 GFlop/s     (591.2870 GFlop/s per process)    80%    669.9 sec left
CG set 4301 / 5315    591.2868 GFlop/s     (591.2868 GFlop/s per process)    80%    669.2 sec left
CG set 4302 / 5315    591.2868 GFlop/s     (591.2868 GFlop/s per process)    80%    668.5 sec left
CG set 4303 / 5315    591.2869 GFlop/s     (591.2869 GFlop/s per process)    80%    667.8 sec left
CG set 4304 / 5315    591.2868 GFlop/s     (591.2868 GFlop/s per process)    80%    667.1 sec left
CG set 4305 / 5315    591.2868 GFlop/s     (591.2868 GFlop/s per process)    80%    666.5 sec left
CG set 4306 / 5315    591.2869 GFlop/s     (591.2869 GFlop/s per process)    81%    665.8 sec left
CG set 4307 / 5315    591.2865 GFlop/s     (591.2865 GFlop/s per process)    81%    665.1 sec left
CG set 4308 / 5315    591.2864 GFlop/s     (591.2864 GFlop/s per process)    81%    664.4 sec left
CG set 4309 / 5315    591.2865 GFlop/s     (591.2865 GFlop/s per process)    81%    663.7 sec left
CG set 4310 / 5315    591.2866 GFlop/s     (591.2866 GFlop/s per process)    81%    663.1 sec left
CG set 4311 / 5315    591.2866 GFlop/s     (591.2866 GFlop/s per process)    81%    662.4 sec left
CG set 4312 / 5315    591.2868 GFlop/s     (591.2868 GFlop/s per process)    81%    661.7 sec left
CG set 4313 / 5315    591.2868 GFlop/s     (591.2868 GFlop/s per process)    81%    661.0 sec left
CG set 4314 / 5315    591.2867 GFlop/s     (591.2867 GFlop/s per process)    81%    660.3 sec left
CG set 4315 / 5315    591.2867 GFlop/s     (591.2867 GFlop/s per process)    81%    659.7 sec left
CG set 4316 / 5315    591.2866 GFlop/s     (591.2866 GFlop/s per process)    81%    659.0 sec left
CG set 4317 / 5315    591.2866 GFlop/s     (591.2866 GFlop/s per process)    81%    658.3 sec left
CG set 4318 / 5315    591.2867 GFlop/s     (591.2867 GFlop/s per process)    81%    657.6 sec left
CG set 4319 / 5315    591.2868 GFlop/s     (591.2868 GFlop/s per process)    81%    656.9 sec left
CG set 4320 / 5315    591.2867 GFlop/s     (591.2867 GFlop/s per process)    81%    656.2 sec left
CG set 4321 / 5315    591.2867 GFlop/s     (591.2867 GFlop/s per process)    81%    655.6 sec left
CG set 4322 / 5315    591.2866 GFlop/s     (591.2866 GFlop/s per process)    81%    654.9 sec left
CG set 4323 / 5315    591.2866 GFlop/s     (591.2866 GFlop/s per process)    81%    654.2 sec left
CG set 4324 / 5315    591.2866 GFlop/s     (591.2866 GFlop/s per process)    81%    653.5 sec left
CG set 4325 / 5315    591.2866 GFlop/s     (591.2866 GFlop/s per process)    81%    652.8 sec left
CG set 4326 / 5315    591.2865 GFlop/s     (591.2865 GFlop/s per process)    81%    652.2 sec left
CG set 4327 / 5315    591.2863 GFlop/s     (591.2863 GFlop/s per process)    81%    651.5 sec left
CG set 4328 / 5315    591.2862 GFlop/s     (591.2862 GFlop/s per process)    81%    650.8 sec left
CG set 4329 / 5315    591.2862 GFlop/s     (591.2862 GFlop/s per process)    81%    650.1 sec left
CG set 4330 / 5315    591.2860 GFlop/s     (591.2860 GFlop/s per process)    81%    649.4 sec left
CG set 4331 / 5315    591.2861 GFlop/s     (591.2861 GFlop/s per process)    81%    648.7 sec left
CG set 4332 / 5315    591.2861 GFlop/s     (591.2861 GFlop/s per process)    81%    648.1 sec left
CG set 4333 / 5315    591.2860 GFlop/s     (591.2860 GFlop/s per process)    81%    647.4 sec left
CG set 4334 / 5315    591.2860 GFlop/s     (591.2860 GFlop/s per process)    81%    646.7 sec left
CG set 4335 / 5315    591.2859 GFlop/s     (591.2859 GFlop/s per process)    81%    646.0 sec left
CG set 4336 / 5315    591.2858 GFlop/s     (591.2858 GFlop/s per process)    81%    645.3 sec left
CG set 4337 / 5315    591.2857 GFlop/s     (591.2857 GFlop/s per process)    81%    644.7 sec left
CG set 4338 / 5315    591.2856 GFlop/s     (591.2856 GFlop/s per process)    81%    644.0 sec left
CG set 4339 / 5315    591.2854 GFlop/s     (591.2854 GFlop/s per process)    81%    643.3 sec left
CG set 4340 / 5315    591.2855 GFlop/s     (591.2855 GFlop/s per process)    81%    642.6 sec left
CG set 4341 / 5315    591.2856 GFlop/s     (591.2856 GFlop/s per process)    81%    641.9 sec left
CG set 4342 / 5315    591.2855 GFlop/s     (591.2855 GFlop/s per process)    81%    641.2 sec left
CG set 4343 / 5315    591.2854 GFlop/s     (591.2854 GFlop/s per process)    81%    640.6 sec left
CG set 4344 / 5315    591.2853 GFlop/s     (591.2853 GFlop/s per process)    81%    639.9 sec left
CG set 4345 / 5315    591.2853 GFlop/s     (591.2853 GFlop/s per process)    81%    639.2 sec left
CG set 4346 / 5315    591.2853 GFlop/s     (591.2853 GFlop/s per process)    81%    638.5 sec left
CG set 4347 / 5315    591.2853 GFlop/s     (591.2853 GFlop/s per process)    81%    637.8 sec left
CG set 4348 / 5315    591.2853 GFlop/s     (591.2853 GFlop/s per process)    81%    637.2 sec left
CG set 4349 / 5315    591.2853 GFlop/s     (591.2853 GFlop/s per process)    81%    636.5 sec left
CG set 4350 / 5315    591.2850 GFlop/s     (591.2850 GFlop/s per process)    81%    635.8 sec left
CG set 4351 / 5315    591.2850 GFlop/s     (591.2850 GFlop/s per process)    81%    635.1 sec left
CG set 4352 / 5315    591.2850 GFlop/s     (591.2850 GFlop/s per process)    81%    634.4 sec left
CG set 4353 / 5315    591.2849 GFlop/s     (591.2849 GFlop/s per process)    81%    633.7 sec left
CG set 4354 / 5315    591.2848 GFlop/s     (591.2848 GFlop/s per process)    81%    633.1 sec left
CG set 4355 / 5315    591.2846 GFlop/s     (591.2846 GFlop/s per process)    81%    632.4 sec left
CG set 4356 / 5315    591.2846 GFlop/s     (591.2846 GFlop/s per process)    81%    631.7 sec left
CG set 4357 / 5315    591.2845 GFlop/s     (591.2845 GFlop/s per process)    81%    631.0 sec left
CG set 4358 / 5315    591.2846 GFlop/s     (591.2846 GFlop/s per process)    81%    630.3 sec left
CG set 4359 / 5315    591.2848 GFlop/s     (591.2848 GFlop/s per process)    82%    629.7 sec left
CG set 4360 / 5315    591.2848 GFlop/s     (591.2848 GFlop/s per process)    82%    629.0 sec left
CG set 4361 / 5315    591.2848 GFlop/s     (591.2848 GFlop/s per process)    82%    628.3 sec left
CG set 4362 / 5315    591.2847 GFlop/s     (591.2847 GFlop/s per process)    82%    627.6 sec left
CG set 4363 / 5315    591.2846 GFlop/s     (591.2846 GFlop/s per process)    82%    626.9 sec left
CG set 4364 / 5315    591.2846 GFlop/s     (591.2846 GFlop/s per process)    82%    626.3 sec left
CG set 4365 / 5315    591.2847 GFlop/s     (591.2847 GFlop/s per process)    82%    625.6 sec left
CG set 4366 / 5315    591.2847 GFlop/s     (591.2847 GFlop/s per process)    82%    624.9 sec left
CG set 4367 / 5315    591.2849 GFlop/s     (591.2849 GFlop/s per process)    82%    624.2 sec left
CG set 4368 / 5315    591.2849 GFlop/s     (591.2849 GFlop/s per process)    82%    623.5 sec left
CG set 4369 / 5315    591.2851 GFlop/s     (591.2851 GFlop/s per process)    82%    622.8 sec left
CG set 4370 / 5315    591.2852 GFlop/s     (591.2852 GFlop/s per process)    82%    622.2 sec left
CG set 4371 / 5315    591.2852 GFlop/s     (591.2852 GFlop/s per process)    82%    621.5 sec left
CG set 4372 / 5315    591.2850 GFlop/s     (591.2850 GFlop/s per process)    82%    620.8 sec left
CG set 4373 / 5315    591.2850 GFlop/s     (591.2850 GFlop/s per process)    82%    620.1 sec left
CG set 4374 / 5315    591.2850 GFlop/s     (591.2850 GFlop/s per process)    82%    619.4 sec left
CG set 4375 / 5315    591.2851 GFlop/s     (591.2851 GFlop/s per process)    82%    618.8 sec left
CG set 4376 / 5315    591.2851 GFlop/s     (591.2851 GFlop/s per process)    82%    618.1 sec left
CG set 4377 / 5315    591.2850 GFlop/s     (591.2850 GFlop/s per process)    82%    617.4 sec left
CG set 4378 / 5315    591.2849 GFlop/s     (591.2849 GFlop/s per process)    82%    616.7 sec left
CG set 4379 / 5315    591.2851 GFlop/s     (591.2851 GFlop/s per process)    82%    616.0 sec left
CG set 4380 / 5315    591.2852 GFlop/s     (591.2852 GFlop/s per process)    82%    615.4 sec left
CG set 4381 / 5315    591.2850 GFlop/s     (591.2850 GFlop/s per process)    82%    614.7 sec left
CG set 4382 / 5315    591.2851 GFlop/s     (591.2851 GFlop/s per process)    82%    614.0 sec left
CG set 4383 / 5315    591.2850 GFlop/s     (591.2850 GFlop/s per process)    82%    613.3 sec left
CG set 4384 / 5315    591.2851 GFlop/s     (591.2851 GFlop/s per process)    82%    612.6 sec left
CG set 4385 / 5315    591.2851 GFlop/s     (591.2851 GFlop/s per process)    82%    611.9 sec left
CG set 4386 / 5315    591.2851 GFlop/s     (591.2851 GFlop/s per process)    82%    611.3 sec left
CG set 4387 / 5315    591.2850 GFlop/s     (591.2850 GFlop/s per process)    82%    610.6 sec left
CG set 4388 / 5315    591.2851 GFlop/s     (591.2851 GFlop/s per process)    82%    609.9 sec left
CG set 4389 / 5315    591.2852 GFlop/s     (591.2852 GFlop/s per process)    82%    609.2 sec left
CG set 4390 / 5315    591.2853 GFlop/s     (591.2853 GFlop/s per process)    82%    608.5 sec left
CG set 4391 / 5315    591.2854 GFlop/s     (591.2854 GFlop/s per process)    82%    607.9 sec left
CG set 4392 / 5315    591.2853 GFlop/s     (591.2853 GFlop/s per process)    82%    607.2 sec left
CG set 4393 / 5315    591.2854 GFlop/s     (591.2854 GFlop/s per process)    82%    606.5 sec left
CG set 4394 / 5315    591.2854 GFlop/s     (591.2854 GFlop/s per process)    82%    605.8 sec left
CG set 4395 / 5315    591.2856 GFlop/s     (591.2856 GFlop/s per process)    82%    605.1 sec left
CG set 4396 / 5315    591.2856 GFlop/s     (591.2856 GFlop/s per process)    82%    604.5 sec left
CG set 4397 / 5315    591.2856 GFlop/s     (591.2856 GFlop/s per process)    82%    603.8 sec left
CG set 4398 / 5315    591.2855 GFlop/s     (591.2855 GFlop/s per process)    82%    603.1 sec left
CG set 4399 / 5315    591.2853 GFlop/s     (591.2853 GFlop/s per process)    82%    602.4 sec left
CG set 4400 / 5315    591.2853 GFlop/s     (591.2853 GFlop/s per process)    82%    601.7 sec left
CG set 4401 / 5315    591.2853 GFlop/s     (591.2853 GFlop/s per process)    82%    601.0 sec left
CG set 4402 / 5315    591.2853 GFlop/s     (591.2853 GFlop/s per process)    82%    600.4 sec left
CG set 4403 / 5315    591.2854 GFlop/s     (591.2854 GFlop/s per process)    82%    599.7 sec left
CG set 4404 / 5315    591.2852 GFlop/s     (591.2852 GFlop/s per process)    82%    599.0 sec left
CG set 4405 / 5315    591.2852 GFlop/s     (591.2852 GFlop/s per process)    82%    598.3 sec left
CG set 4406 / 5315    591.2852 GFlop/s     (591.2852 GFlop/s per process)    82%    597.6 sec left
CG set 4407 / 5315    591.2852 GFlop/s     (591.2852 GFlop/s per process)    82%    597.0 sec left
CG set 4408 / 5315    591.2852 GFlop/s     (591.2852 GFlop/s per process)    82%    596.3 sec left
CG set 4409 / 5315    591.2850 GFlop/s     (591.2850 GFlop/s per process)    82%    595.6 sec left
CG set 4410 / 5315    591.2850 GFlop/s     (591.2850 GFlop/s per process)    82%    594.9 sec left
CG set 4411 / 5315    591.2850 GFlop/s     (591.2850 GFlop/s per process)    82%    594.2 sec left
CG set 4412 / 5315    591.2852 GFlop/s     (591.2852 GFlop/s per process)    83%    593.5 sec left
CG set 4413 / 5315    591.2852 GFlop/s     (591.2852 GFlop/s per process)    83%    592.9 sec left
CG set 4414 / 5315    591.2852 GFlop/s     (591.2852 GFlop/s per process)    83%    592.2 sec left
CG set 4415 / 5315    591.2851 GFlop/s     (591.2851 GFlop/s per process)    83%    591.5 sec left
CG set 4416 / 5315    591.2852 GFlop/s     (591.2852 GFlop/s per process)    83%    590.8 sec left
CG set 4417 / 5315    591.2851 GFlop/s     (591.2851 GFlop/s per process)    83%    590.1 sec left
CG set 4418 / 5315    591.2850 GFlop/s     (591.2850 GFlop/s per process)    83%    589.5 sec left
CG set 4419 / 5315    591.2850 GFlop/s     (591.2850 GFlop/s per process)    83%    588.8 sec left
CG set 4420 / 5315    591.2851 GFlop/s     (591.2851 GFlop/s per process)    83%    588.1 sec left
CG set 4421 / 5315    591.2851 GFlop/s     (591.2851 GFlop/s per process)    83%    587.4 sec left
CG set 4422 / 5315    591.2852 GFlop/s     (591.2852 GFlop/s per process)    83%    586.7 sec left
CG set 4423 / 5315    591.2854 GFlop/s     (591.2854 GFlop/s per process)    83%    586.1 sec left
CG set 4424 / 5315    591.2853 GFlop/s     (591.2853 GFlop/s per process)    83%    585.4 sec left
CG set 4425 / 5315    591.2853 GFlop/s     (591.2853 GFlop/s per process)    83%    584.7 sec left
CG set 4426 / 5315    591.2854 GFlop/s     (591.2854 GFlop/s per process)    83%    584.0 sec left
CG set 4427 / 5315    591.2855 GFlop/s     (591.2855 GFlop/s per process)    83%    583.3 sec left
CG set 4428 / 5315    591.2855 GFlop/s     (591.2855 GFlop/s per process)    83%    582.6 sec left
CG set 4429 / 5315    591.2855 GFlop/s     (591.2855 GFlop/s per process)    83%    582.0 sec left
CG set 4430 / 5315    591.2856 GFlop/s     (591.2856 GFlop/s per process)    83%    581.3 sec left
CG set 4431 / 5315    591.2857 GFlop/s     (591.2857 GFlop/s per process)    83%    580.6 sec left
CG set 4432 / 5315    591.2857 GFlop/s     (591.2857 GFlop/s per process)    83%    579.9 sec left
CG set 4433 / 5315    591.2859 GFlop/s     (591.2859 GFlop/s per process)    83%    579.2 sec left
CG set 4434 / 5315    591.2857 GFlop/s     (591.2857 GFlop/s per process)    83%    578.6 sec left
CG set 4435 / 5315    591.2858 GFlop/s     (591.2858 GFlop/s per process)    83%    577.9 sec left
CG set 4436 / 5315    591.2859 GFlop/s     (591.2859 GFlop/s per process)    83%    577.2 sec left
CG set 4437 / 5315    591.2859 GFlop/s     (591.2859 GFlop/s per process)    83%    576.5 sec left
CG set 4438 / 5315    591.2859 GFlop/s     (591.2859 GFlop/s per process)    83%    575.8 sec left
CG set 4439 / 5315    591.2857 GFlop/s     (591.2857 GFlop/s per process)    83%    575.1 sec left
CG set 4440 / 5315    591.2857 GFlop/s     (591.2857 GFlop/s per process)    83%    574.5 sec left
CG set 4441 / 5315    591.2858 GFlop/s     (591.2858 GFlop/s per process)    83%    573.8 sec left
CG set 4442 / 5315    591.2858 GFlop/s     (591.2858 GFlop/s per process)    83%    573.1 sec left
CG set 4443 / 5315    591.2857 GFlop/s     (591.2857 GFlop/s per process)    83%    572.4 sec left
CG set 4444 / 5315    591.2859 GFlop/s     (591.2859 GFlop/s per process)    83%    571.7 sec left
CG set 4445 / 5315    591.2858 GFlop/s     (591.2858 GFlop/s per process)    83%    571.1 sec left
CG set 4446 / 5315    591.2860 GFlop/s     (591.2860 GFlop/s per process)    83%    570.4 sec left
CG set 4447 / 5315    591.2860 GFlop/s     (591.2860 GFlop/s per process)    83%    569.7 sec left
CG set 4448 / 5315    591.2859 GFlop/s     (591.2859 GFlop/s per process)    83%    569.0 sec left
CG set 4449 / 5315    591.2859 GFlop/s     (591.2859 GFlop/s per process)    83%    568.3 sec left
CG set 4450 / 5315    591.2859 GFlop/s     (591.2859 GFlop/s per process)    83%    567.7 sec left
CG set 4451 / 5315    591.2857 GFlop/s     (591.2857 GFlop/s per process)    83%    567.0 sec left
CG set 4452 / 5315    591.2856 GFlop/s     (591.2856 GFlop/s per process)    83%    566.3 sec left
CG set 4453 / 5315    591.2857 GFlop/s     (591.2857 GFlop/s per process)    83%    565.6 sec left
CG set 4454 / 5315    591.2857 GFlop/s     (591.2857 GFlop/s per process)    83%    564.9 sec left
CG set 4455 / 5315    591.2857 GFlop/s     (591.2857 GFlop/s per process)    83%    564.2 sec left
CG set 4456 / 5315    591.2857 GFlop/s     (591.2857 GFlop/s per process)    83%    563.6 sec left
CG set 4457 / 5315    591.2856 GFlop/s     (591.2856 GFlop/s per process)    83%    562.9 sec left
CG set 4458 / 5315    591.2856 GFlop/s     (591.2856 GFlop/s per process)    83%    562.2 sec left
CG set 4459 / 5315    591.2855 GFlop/s     (591.2855 GFlop/s per process)    83%    561.5 sec left
CG set 4460 / 5315    591.2855 GFlop/s     (591.2855 GFlop/s per process)    83%    560.8 sec left
CG set 4461 / 5315    591.2854 GFlop/s     (591.2854 GFlop/s per process)    83%    560.2 sec left
CG set 4462 / 5315    591.2852 GFlop/s     (591.2852 GFlop/s per process)    83%    559.5 sec left
CG set 4463 / 5315    591.2853 GFlop/s     (591.2853 GFlop/s per process)    83%    558.8 sec left
CG set 4464 / 5315    591.2854 GFlop/s     (591.2854 GFlop/s per process)    83%    558.1 sec left
CG set 4465 / 5315    591.2854 GFlop/s     (591.2854 GFlop/s per process)    84%    557.4 sec left
CG set 4466 / 5315    591.2853 GFlop/s     (591.2853 GFlop/s per process)    84%    556.7 sec left
CG set 4467 / 5315    591.2856 GFlop/s     (591.2856 GFlop/s per process)    84%    556.1 sec left
CG set 4468 / 5315    591.2857 GFlop/s     (591.2857 GFlop/s per process)    84%    555.4 sec left
CG set 4469 / 5315    591.2858 GFlop/s     (591.2858 GFlop/s per process)    84%    554.7 sec left
CG set 4470 / 5315    591.2858 GFlop/s     (591.2858 GFlop/s per process)    84%    554.0 sec left
CG set 4471 / 5315    591.2860 GFlop/s     (591.2860 GFlop/s per process)    84%    553.3 sec left
CG set 4472 / 5315    591.2859 GFlop/s     (591.2859 GFlop/s per process)    84%    552.7 sec left
CG set 4473 / 5315    591.2857 GFlop/s     (591.2857 GFlop/s per process)    84%    552.0 sec left
CG set 4474 / 5315    591.2859 GFlop/s     (591.2859 GFlop/s per process)    84%    551.3 sec left
CG set 4475 / 5315    591.2860 GFlop/s     (591.2860 GFlop/s per process)    84%    550.6 sec left
CG set 4476 / 5315    591.2859 GFlop/s     (591.2859 GFlop/s per process)    84%    549.9 sec left
CG set 4477 / 5315    591.2859 GFlop/s     (591.2859 GFlop/s per process)    84%    549.3 sec left
CG set 4478 / 5315    591.2858 GFlop/s     (591.2858 GFlop/s per process)    84%    548.6 sec left
CG set 4479 / 5315    591.2857 GFlop/s     (591.2857 GFlop/s per process)    84%    547.9 sec left
CG set 4480 / 5315    591.2857 GFlop/s     (591.2857 GFlop/s per process)    84%    547.2 sec left
CG set 4481 / 5315    591.2856 GFlop/s     (591.2856 GFlop/s per process)    84%    546.5 sec left
CG set 4482 / 5315    591.2855 GFlop/s     (591.2855 GFlop/s per process)    84%    545.8 sec left
CG set 4483 / 5315    591.2854 GFlop/s     (591.2854 GFlop/s per process)    84%    545.2 sec left
CG set 4484 / 5315    591.2854 GFlop/s     (591.2854 GFlop/s per process)    84%    544.5 sec left
CG set 4485 / 5315    591.2855 GFlop/s     (591.2855 GFlop/s per process)    84%    543.8 sec left
CG set 4486 / 5315    591.2854 GFlop/s     (591.2854 GFlop/s per process)    84%    543.1 sec left
CG set 4487 / 5315    591.2852 GFlop/s     (591.2852 GFlop/s per process)    84%    542.4 sec left
CG set 4488 / 5315    591.2851 GFlop/s     (591.2851 GFlop/s per process)    84%    541.8 sec left
CG set 4489 / 5315    591.2852 GFlop/s     (591.2852 GFlop/s per process)    84%    541.1 sec left
CG set 4490 / 5315    591.2851 GFlop/s     (591.2851 GFlop/s per process)    84%    540.4 sec left
CG set 4491 / 5315    591.2853 GFlop/s     (591.2853 GFlop/s per process)    84%    539.7 sec left
CG set 4492 / 5315    591.2852 GFlop/s     (591.2852 GFlop/s per process)    84%    539.0 sec left
CG set 4493 / 5315    591.2851 GFlop/s     (591.2851 GFlop/s per process)    84%    538.3 sec left
CG set 4494 / 5315    591.2852 GFlop/s     (591.2852 GFlop/s per process)    84%    537.7 sec left
CG set 4495 / 5315    591.2853 GFlop/s     (591.2853 GFlop/s per process)    84%    537.0 sec left
CG set 4496 / 5315    591.2854 GFlop/s     (591.2854 GFlop/s per process)    84%    536.3 sec left
CG set 4497 / 5315    591.2853 GFlop/s     (591.2853 GFlop/s per process)    84%    535.6 sec left
CG set 4498 / 5315    591.2852 GFlop/s     (591.2852 GFlop/s per process)    84%    534.9 sec left
CG set 4499 / 5315    591.2852 GFlop/s     (591.2852 GFlop/s per process)    84%    534.3 sec left
CG set 4500 / 5315    591.2852 GFlop/s     (591.2852 GFlop/s per process)    84%    533.6 sec left
CG set 4501 / 5315    591.2852 GFlop/s     (591.2852 GFlop/s per process)    84%    532.9 sec left
CG set 4502 / 5315    591.2854 GFlop/s     (591.2854 GFlop/s per process)    84%    532.2 sec left
CG set 4503 / 5315    591.2854 GFlop/s     (591.2854 GFlop/s per process)    84%    531.5 sec left
CG set 4504 / 5315    591.2855 GFlop/s     (591.2855 GFlop/s per process)    84%    530.9 sec left
CG set 4505 / 5315    591.2855 GFlop/s     (591.2855 GFlop/s per process)    84%    530.2 sec left
CG set 4506 / 5315    591.2856 GFlop/s     (591.2856 GFlop/s per process)    84%    529.5 sec left
CG set 4507 / 5315    591.2857 GFlop/s     (591.2857 GFlop/s per process)    84%    528.8 sec left
CG set 4508 / 5315    591.2859 GFlop/s     (591.2859 GFlop/s per process)    84%    528.1 sec left
CG set 4509 / 5315    591.2858 GFlop/s     (591.2858 GFlop/s per process)    84%    527.5 sec left
CG set 4510 / 5315    591.2857 GFlop/s     (591.2857 GFlop/s per process)    84%    526.8 sec left
CG set 4511 / 5315    591.2858 GFlop/s     (591.2858 GFlop/s per process)    84%    526.1 sec left
CG set 4512 / 5315    591.2858 GFlop/s     (591.2858 GFlop/s per process)    84%    525.4 sec left
CG set 4513 / 5315    591.2859 GFlop/s     (591.2859 GFlop/s per process)    84%    524.7 sec left
CG set 4514 / 5315    591.2858 GFlop/s     (591.2858 GFlop/s per process)    84%    524.0 sec left
CG set 4515 / 5315    591.2859 GFlop/s     (591.2859 GFlop/s per process)    84%    523.4 sec left
CG set 4516 / 5315    591.2858 GFlop/s     (591.2858 GFlop/s per process)    84%    522.7 sec left
CG set 4517 / 5315    591.2859 GFlop/s     (591.2859 GFlop/s per process)    84%    522.0 sec left
CG set 4518 / 5315    591.2860 GFlop/s     (591.2860 GFlop/s per process)    85%    521.3 sec left
CG set 4519 / 5315    591.2861 GFlop/s     (591.2861 GFlop/s per process)    85%    520.6 sec left
CG set 4520 / 5315    591.2859 GFlop/s     (591.2859 GFlop/s per process)    85%    520.0 sec left
CG set 4521 / 5315    591.2861 GFlop/s     (591.2861 GFlop/s per process)    85%    519.3 sec left
CG set 4522 / 5315    591.2861 GFlop/s     (591.2861 GFlop/s per process)    85%    518.6 sec left
CG set 4523 / 5315    591.2862 GFlop/s     (591.2862 GFlop/s per process)    85%    517.9 sec left
CG set 4524 / 5315    591.2864 GFlop/s     (591.2864 GFlop/s per process)    85%    517.2 sec left
CG set 4525 / 5315    591.2863 GFlop/s     (591.2863 GFlop/s per process)    85%    516.6 sec left
CG set 4526 / 5315    591.2863 GFlop/s     (591.2863 GFlop/s per process)    85%    515.9 sec left
CG set 4527 / 5315    591.2863 GFlop/s     (591.2863 GFlop/s per process)    85%    515.2 sec left
CG set 4528 / 5315    591.2864 GFlop/s     (591.2864 GFlop/s per process)    85%    514.5 sec left
CG set 4529 / 5315    591.2864 GFlop/s     (591.2864 GFlop/s per process)    85%    513.8 sec left
CG set 4530 / 5315    591.2862 GFlop/s     (591.2862 GFlop/s per process)    85%    513.1 sec left
CG set 4531 / 5315    591.2862 GFlop/s     (591.2862 GFlop/s per process)    85%    512.5 sec left
CG set 4532 / 5315    591.2863 GFlop/s     (591.2863 GFlop/s per process)    85%    511.8 sec left
CG set 4533 / 5315    591.2863 GFlop/s     (591.2863 GFlop/s per process)    85%    511.1 sec left
CG set 4534 / 5315    591.2863 GFlop/s     (591.2863 GFlop/s per process)    85%    510.4 sec left
CG set 4535 / 5315    591.2863 GFlop/s     (591.2863 GFlop/s per process)    85%    509.7 sec left
CG set 4536 / 5315    591.2864 GFlop/s     (591.2864 GFlop/s per process)    85%    509.1 sec left
CG set 4537 / 5315    591.2863 GFlop/s     (591.2863 GFlop/s per process)    85%    508.4 sec left
CG set 4538 / 5315    591.2862 GFlop/s     (591.2862 GFlop/s per process)    85%    507.7 sec left
CG set 4539 / 5315    591.2861 GFlop/s     (591.2861 GFlop/s per process)    85%    507.0 sec left
CG set 4540 / 5315    591.2862 GFlop/s     (591.2862 GFlop/s per process)    85%    506.3 sec left
CG set 4541 / 5315    591.2861 GFlop/s     (591.2861 GFlop/s per process)    85%    505.6 sec left
CG set 4542 / 5315    591.2861 GFlop/s     (591.2861 GFlop/s per process)    85%    505.0 sec left
CG set 4543 / 5315    591.2861 GFlop/s     (591.2861 GFlop/s per process)    85%    504.3 sec left
CG set 4544 / 5315    591.2861 GFlop/s     (591.2861 GFlop/s per process)    85%    503.6 sec left
CG set 4545 / 5315    591.2860 GFlop/s     (591.2860 GFlop/s per process)    85%    502.9 sec left
CG set 4546 / 5315    591.2861 GFlop/s     (591.2861 GFlop/s per process)    85%    502.2 sec left
CG set 4547 / 5315    591.2861 GFlop/s     (591.2861 GFlop/s per process)    85%    501.6 sec left
CG set 4548 / 5315    591.2860 GFlop/s     (591.2860 GFlop/s per process)    85%    500.9 sec left
CG set 4549 / 5315    591.2859 GFlop/s     (591.2859 GFlop/s per process)    85%    500.2 sec left
CG set 4550 / 5315    591.2859 GFlop/s     (591.2859 GFlop/s per process)    85%    499.5 sec left
CG set 4551 / 5315    591.2860 GFlop/s     (591.2860 GFlop/s per process)    85%    498.8 sec left
CG set 4552 / 5315    591.2859 GFlop/s     (591.2859 GFlop/s per process)    85%    498.2 sec left
CG set 4553 / 5315    591.2860 GFlop/s     (591.2860 GFlop/s per process)    85%    497.5 sec left
CG set 4554 / 5315    591.2859 GFlop/s     (591.2859 GFlop/s per process)    85%    496.8 sec left
CG set 4555 / 5315    591.2858 GFlop/s     (591.2858 GFlop/s per process)    85%    496.1 sec left
CG set 4556 / 5315    591.2859 GFlop/s     (591.2859 GFlop/s per process)    85%    495.4 sec left
CG set 4557 / 5315    591.2856 GFlop/s     (591.2856 GFlop/s per process)    85%    494.7 sec left
CG set 4558 / 5315    591.2856 GFlop/s     (591.2856 GFlop/s per process)    85%    494.1 sec left
CG set 4559 / 5315    591.2857 GFlop/s     (591.2857 GFlop/s per process)    85%    493.4 sec left
CG set 4560 / 5315    591.2856 GFlop/s     (591.2856 GFlop/s per process)    85%    492.7 sec left
CG set 4561 / 5315    591.2854 GFlop/s     (591.2854 GFlop/s per process)    85%    492.0 sec left
CG set 4562 / 5315    591.2853 GFlop/s     (591.2853 GFlop/s per process)    85%    491.3 sec left
CG set 4563 / 5315    591.2852 GFlop/s     (591.2852 GFlop/s per process)    85%    490.7 sec left
CG set 4564 / 5315    591.2852 GFlop/s     (591.2852 GFlop/s per process)    85%    490.0 sec left
CG set 4565 / 5315    591.2851 GFlop/s     (591.2851 GFlop/s per process)    85%    489.3 sec left
CG set 4566 / 5315    591.2851 GFlop/s     (591.2851 GFlop/s per process)    85%    488.6 sec left
CG set 4567 / 5315    591.2852 GFlop/s     (591.2852 GFlop/s per process)    85%    487.9 sec left
CG set 4568 / 5315    591.2851 GFlop/s     (591.2851 GFlop/s per process)    85%    487.2 sec left
CG set 4569 / 5315    591.2853 GFlop/s     (591.2853 GFlop/s per process)    85%    486.6 sec left
CG set 4570 / 5315    591.2852 GFlop/s     (591.2852 GFlop/s per process)    85%    485.9 sec left
CG set 4571 / 5315    591.2851 GFlop/s     (591.2851 GFlop/s per process)    86%    485.2 sec left
CG set 4572 / 5315    591.2851 GFlop/s     (591.2851 GFlop/s per process)    86%    484.5 sec left
CG set 4573 / 5315    591.2852 GFlop/s     (591.2852 GFlop/s per process)    86%    483.8 sec left
CG set 4574 / 5315    591.2852 GFlop/s     (591.2852 GFlop/s per process)    86%    483.2 sec left
CG set 4575 / 5315    591.2853 GFlop/s     (591.2853 GFlop/s per process)    86%    482.5 sec left
CG set 4576 / 5315    591.2853 GFlop/s     (591.2853 GFlop/s per process)    86%    481.8 sec left
CG set 4577 / 5315    591.2853 GFlop/s     (591.2853 GFlop/s per process)    86%    481.1 sec left
CG set 4578 / 5315    591.2853 GFlop/s     (591.2853 GFlop/s per process)    86%    480.4 sec left
CG set 4579 / 5315    591.2853 GFlop/s     (591.2853 GFlop/s per process)    86%    479.7 sec left
CG set 4580 / 5315    591.2853 GFlop/s     (591.2853 GFlop/s per process)    86%    479.1 sec left
CG set 4581 / 5315    591.2852 GFlop/s     (591.2852 GFlop/s per process)    86%    478.4 sec left
CG set 4582 / 5315    591.2851 GFlop/s     (591.2851 GFlop/s per process)    86%    477.7 sec left
CG set 4583 / 5315    591.2852 GFlop/s     (591.2852 GFlop/s per process)    86%    477.0 sec left
CG set 4584 / 5315    591.2853 GFlop/s     (591.2853 GFlop/s per process)    86%    476.3 sec left
CG set 4585 / 5315    591.2854 GFlop/s     (591.2854 GFlop/s per process)    86%    475.7 sec left
CG set 4586 / 5315    591.2854 GFlop/s     (591.2854 GFlop/s per process)    86%    475.0 sec left
CG set 4587 / 5315    591.2853 GFlop/s     (591.2853 GFlop/s per process)    86%    474.3 sec left
CG set 4588 / 5315    591.2854 GFlop/s     (591.2854 GFlop/s per process)    86%    473.6 sec left
CG set 4589 / 5315    591.2855 GFlop/s     (591.2855 GFlop/s per process)    86%    472.9 sec left
CG set 4590 / 5315    591.2855 GFlop/s     (591.2855 GFlop/s per process)    86%    472.3 sec left
CG set 4591 / 5315    591.2856 GFlop/s     (591.2856 GFlop/s per process)    86%    471.6 sec left
CG set 4592 / 5315    591.2855 GFlop/s     (591.2855 GFlop/s per process)    86%    470.9 sec left
CG set 4593 / 5315    591.2854 GFlop/s     (591.2854 GFlop/s per process)    86%    470.2 sec left
CG set 4594 / 5315    591.2854 GFlop/s     (591.2854 GFlop/s per process)    86%    469.5 sec left
CG set 4595 / 5315    591.2855 GFlop/s     (591.2855 GFlop/s per process)    86%    468.8 sec left
CG set 4596 / 5315    591.2855 GFlop/s     (591.2855 GFlop/s per process)    86%    468.2 sec left
CG set 4597 / 5315    591.2853 GFlop/s     (591.2853 GFlop/s per process)    86%    467.5 sec left
CG set 4598 / 5315    591.2853 GFlop/s     (591.2853 GFlop/s per process)    86%    466.8 sec left
CG set 4599 / 5315    591.2852 GFlop/s     (591.2852 GFlop/s per process)    86%    466.1 sec left
CG set 4600 / 5315    591.2853 GFlop/s     (591.2853 GFlop/s per process)    86%    465.4 sec left
CG set 4601 / 5315    591.2853 GFlop/s     (591.2853 GFlop/s per process)    86%    464.8 sec left
CG set 4602 / 5315    591.2852 GFlop/s     (591.2852 GFlop/s per process)    86%    464.1 sec left
CG set 4603 / 5315    591.2853 GFlop/s     (591.2853 GFlop/s per process)    86%    463.4 sec left
CG set 4604 / 5315    591.2852 GFlop/s     (591.2852 GFlop/s per process)    86%    462.7 sec left
CG set 4605 / 5315    591.2850 GFlop/s     (591.2850 GFlop/s per process)    86%    462.0 sec left
CG set 4606 / 5315    591.2850 GFlop/s     (591.2850 GFlop/s per process)    86%    461.3 sec left
CG set 4607 / 5315    591.2851 GFlop/s     (591.2851 GFlop/s per process)    86%    460.7 sec left
CG set 4608 / 5315    591.2849 GFlop/s     (591.2849 GFlop/s per process)    86%    460.0 sec left
CG set 4609 / 5315    591.2850 GFlop/s     (591.2850 GFlop/s per process)    86%    459.3 sec left
CG set 4610 / 5315    591.2851 GFlop/s     (591.2851 GFlop/s per process)    86%    458.6 sec left
CG set 4611 / 5315    591.2851 GFlop/s     (591.2851 GFlop/s per process)    86%    457.9 sec left
CG set 4612 / 5315    591.2851 GFlop/s     (591.2851 GFlop/s per process)    86%    457.3 sec left
CG set 4613 / 5315    591.2850 GFlop/s     (591.2850 GFlop/s per process)    86%    456.6 sec left
CG set 4614 / 5315    591.2849 GFlop/s     (591.2849 GFlop/s per process)    86%    455.9 sec left
CG set 4615 / 5315    591.2848 GFlop/s     (591.2848 GFlop/s per process)    86%    455.2 sec left
CG set 4616 / 5315    591.2848 GFlop/s     (591.2848 GFlop/s per process)    86%    454.5 sec left
CG set 4617 / 5315    591.2847 GFlop/s     (591.2847 GFlop/s per process)    86%    453.9 sec left
CG set 4618 / 5315    591.2847 GFlop/s     (591.2847 GFlop/s per process)    86%    453.2 sec left
CG set 4619 / 5315    591.2847 GFlop/s     (591.2847 GFlop/s per process)    86%    452.5 sec left
CG set 4620 / 5315    591.2848 GFlop/s     (591.2848 GFlop/s per process)    86%    451.8 sec left
CG set 4621 / 5315    591.2848 GFlop/s     (591.2848 GFlop/s per process)    86%    451.1 sec left
CG set 4622 / 5315    591.2849 GFlop/s     (591.2849 GFlop/s per process)    86%    450.4 sec left
CG set 4623 / 5315    591.2850 GFlop/s     (591.2850 GFlop/s per process)    86%    449.8 sec left
CG set 4624 / 5315    591.2849 GFlop/s     (591.2849 GFlop/s per process)    86%    449.1 sec left
CG set 4625 / 5315    591.2851 GFlop/s     (591.2851 GFlop/s per process)    87%    448.4 sec left
CG set 4626 / 5315    591.2852 GFlop/s     (591.2852 GFlop/s per process)    87%    447.7 sec left
CG set 4627 / 5315    591.2852 GFlop/s     (591.2852 GFlop/s per process)    87%    447.0 sec left
CG set 4628 / 5315    591.2852 GFlop/s     (591.2852 GFlop/s per process)    87%    446.4 sec left
CG set 4629 / 5315    591.2852 GFlop/s     (591.2852 GFlop/s per process)    87%    445.7 sec left
CG set 4630 / 5315    591.2851 GFlop/s     (591.2851 GFlop/s per process)    87%    445.0 sec left
CG set 4631 / 5315    591.2849 GFlop/s     (591.2849 GFlop/s per process)    87%    444.3 sec left
CG set 4632 / 5315    591.2849 GFlop/s     (591.2849 GFlop/s per process)    87%    443.6 sec left
CG set 4633 / 5315    591.2848 GFlop/s     (591.2848 GFlop/s per process)    87%    442.9 sec left
CG set 4634 / 5315    591.2847 GFlop/s     (591.2847 GFlop/s per process)    87%    442.3 sec left
CG set 4635 / 5315    591.2846 GFlop/s     (591.2846 GFlop/s per process)    87%    441.6 sec left
CG set 4636 / 5315    591.2847 GFlop/s     (591.2847 GFlop/s per process)    87%    440.9 sec left
CG set 4637 / 5315    591.2849 GFlop/s     (591.2849 GFlop/s per process)    87%    440.2 sec left
CG set 4638 / 5315    591.2849 GFlop/s     (591.2849 GFlop/s per process)    87%    439.5 sec left
CG set 4639 / 5315    591.2848 GFlop/s     (591.2848 GFlop/s per process)    87%    438.9 sec left
CG set 4640 / 5315    591.2848 GFlop/s     (591.2848 GFlop/s per process)    87%    438.2 sec left
CG set 4641 / 5315    591.2849 GFlop/s     (591.2849 GFlop/s per process)    87%    437.5 sec left
CG set 4642 / 5315    591.2848 GFlop/s     (591.2848 GFlop/s per process)    87%    436.8 sec left
CG set 4643 / 5315    591.2847 GFlop/s     (591.2847 GFlop/s per process)    87%    436.1 sec left
CG set 4644 / 5315    591.2846 GFlop/s     (591.2846 GFlop/s per process)    87%    435.5 sec left
CG set 4645 / 5315    591.2847 GFlop/s     (591.2847 GFlop/s per process)    87%    434.8 sec left
CG set 4646 / 5315    591.2847 GFlop/s     (591.2847 GFlop/s per process)    87%    434.1 sec left
CG set 4647 / 5315    591.2846 GFlop/s     (591.2846 GFlop/s per process)    87%    433.4 sec left
CG set 4648 / 5315    591.2846 GFlop/s     (591.2846 GFlop/s per process)    87%    432.7 sec left
CG set 4649 / 5315    591.2847 GFlop/s     (591.2847 GFlop/s per process)    87%    432.0 sec left
CG set 4650 / 5315    591.2848 GFlop/s     (591.2848 GFlop/s per process)    87%    431.4 sec left
CG set 4651 / 5315    591.2849 GFlop/s     (591.2849 GFlop/s per process)    87%    430.7 sec left
CG set 4652 / 5315    591.2848 GFlop/s     (591.2848 GFlop/s per process)    87%    430.0 sec left
CG set 4653 / 5315    591.2847 GFlop/s     (591.2847 GFlop/s per process)    87%    429.3 sec left
CG set 4654 / 5315    591.2848 GFlop/s     (591.2848 GFlop/s per process)    87%    428.6 sec left
CG set 4655 / 5315    591.2848 GFlop/s     (591.2848 GFlop/s per process)    87%    428.0 sec left
CG set 4656 / 5315    591.2848 GFlop/s     (591.2848 GFlop/s per process)    87%    427.3 sec left
CG set 4657 / 5315    591.2848 GFlop/s     (591.2848 GFlop/s per process)    87%    426.6 sec left
CG set 4658 / 5315    591.2847 GFlop/s     (591.2847 GFlop/s per process)    87%    425.9 sec left
CG set 4659 / 5315    591.2848 GFlop/s     (591.2848 GFlop/s per process)    87%    425.2 sec left
CG set 4660 / 5315    591.2849 GFlop/s     (591.2849 GFlop/s per process)    87%    424.6 sec left
CG set 4661 / 5315    591.2851 GFlop/s     (591.2851 GFlop/s per process)    87%    423.9 sec left
CG set 4662 / 5315    591.2848 GFlop/s     (591.2848 GFlop/s per process)    87%    423.2 sec left
CG set 4663 / 5315    591.2849 GFlop/s     (591.2849 GFlop/s per process)    87%    422.5 sec left
CG set 4664 / 5315    591.2848 GFlop/s     (591.2848 GFlop/s per process)    87%    421.8 sec left
CG set 4665 / 5315    591.2850 GFlop/s     (591.2850 GFlop/s per process)    87%    421.1 sec left
CG set 4666 / 5315    591.2851 GFlop/s     (591.2851 GFlop/s per process)    87%    420.5 sec left
CG set 4667 / 5315    591.2853 GFlop/s     (591.2853 GFlop/s per process)    87%    419.8 sec left
CG set 4668 / 5315    591.2852 GFlop/s     (591.2852 GFlop/s per process)    87%    419.1 sec left
CG set 4669 / 5315    591.2850 GFlop/s     (591.2850 GFlop/s per process)    87%    418.4 sec left
CG set 4670 / 5315    591.2851 GFlop/s     (591.2851 GFlop/s per process)    87%    417.7 sec left
CG set 4671 / 5315    591.2853 GFlop/s     (591.2853 GFlop/s per process)    87%    417.1 sec left
CG set 4672 / 5315    591.2853 GFlop/s     (591.2853 GFlop/s per process)    87%    416.4 sec left
CG set 4673 / 5315    591.2852 GFlop/s     (591.2852 GFlop/s per process)    87%    415.7 sec left
CG set 4674 / 5315    591.2851 GFlop/s     (591.2851 GFlop/s per process)    87%    415.0 sec left
CG set 4675 / 5315    591.2852 GFlop/s     (591.2852 GFlop/s per process)    87%    414.3 sec left
CG set 4676 / 5315    591.2853 GFlop/s     (591.2853 GFlop/s per process)    87%    413.6 sec left
CG set 4677 / 5315    591.2854 GFlop/s     (591.2854 GFlop/s per process)    87%    413.0 sec left
CG set 4678 / 5315    591.2855 GFlop/s     (591.2855 GFlop/s per process)    88%    412.3 sec left
CG set 4679 / 5315    591.2853 GFlop/s     (591.2853 GFlop/s per process)    88%    411.6 sec left
CG set 4680 / 5315    591.2852 GFlop/s     (591.2852 GFlop/s per process)    88%    410.9 sec left
CG set 4681 / 5315    591.2852 GFlop/s     (591.2852 GFlop/s per process)    88%    410.2 sec left
CG set 4682 / 5315    591.2851 GFlop/s     (591.2851 GFlop/s per process)    88%    409.6 sec left
CG set 4683 / 5315    591.2852 GFlop/s     (591.2852 GFlop/s per process)    88%    408.9 sec left
CG set 4684 / 5315    591.2852 GFlop/s     (591.2852 GFlop/s per process)    88%    408.2 sec left
CG set 4685 / 5315    591.2852 GFlop/s     (591.2852 GFlop/s per process)    88%    407.5 sec left
CG set 4686 / 5315    591.2850 GFlop/s     (591.2850 GFlop/s per process)    88%    406.8 sec left
CG set 4687 / 5315    591.2851 GFlop/s     (591.2851 GFlop/s per process)    88%    406.2 sec left
CG set 4688 / 5315    591.2849 GFlop/s     (591.2849 GFlop/s per process)    88%    405.5 sec left
CG set 4689 / 5315    591.2849 GFlop/s     (591.2849 GFlop/s per process)    88%    404.8 sec left
CG set 4690 / 5315    591.2849 GFlop/s     (591.2849 GFlop/s per process)    88%    404.1 sec left
CG set 4691 / 5315    591.2849 GFlop/s     (591.2849 GFlop/s per process)    88%    403.4 sec left
CG set 4692 / 5315    591.2849 GFlop/s     (591.2849 GFlop/s per process)    88%    402.7 sec left
CG set 4693 / 5315    591.2848 GFlop/s     (591.2848 GFlop/s per process)    88%    402.1 sec left
CG set 4694 / 5315    591.2847 GFlop/s     (591.2847 GFlop/s per process)    88%    401.4 sec left
CG set 4695 / 5315    591.2848 GFlop/s     (591.2848 GFlop/s per process)    88%    400.7 sec left
CG set 4696 / 5315    591.2848 GFlop/s     (591.2848 GFlop/s per process)    88%    400.0 sec left
CG set 4697 / 5315    591.2848 GFlop/s     (591.2848 GFlop/s per process)    88%    399.3 sec left
CG set 4698 / 5315    591.2847 GFlop/s     (591.2847 GFlop/s per process)    88%    398.7 sec left
CG set 4699 / 5315    591.2847 GFlop/s     (591.2847 GFlop/s per process)    88%    398.0 sec left
CG set 4700 / 5315    591.2846 GFlop/s     (591.2846 GFlop/s per process)    88%    397.3 sec left
CG set 4701 / 5315    591.2845 GFlop/s     (591.2845 GFlop/s per process)    88%    396.6 sec left
CG set 4702 / 5315    591.2846 GFlop/s     (591.2846 GFlop/s per process)    88%    395.9 sec left
CG set 4703 / 5315    591.2847 GFlop/s     (591.2847 GFlop/s per process)    88%    395.2 sec left
CG set 4704 / 5315    591.2847 GFlop/s     (591.2847 GFlop/s per process)    88%    394.6 sec left
CG set 4705 / 5315    591.2847 GFlop/s     (591.2847 GFlop/s per process)    88%    393.9 sec left
CG set 4706 / 5315    591.2846 GFlop/s     (591.2846 GFlop/s per process)    88%    393.2 sec left
CG set 4707 / 5315    591.2847 GFlop/s     (591.2847 GFlop/s per process)    88%    392.5 sec left
CG set 4708 / 5315    591.2847 GFlop/s     (591.2847 GFlop/s per process)    88%    391.8 sec left
CG set 4709 / 5315    591.2847 GFlop/s     (591.2847 GFlop/s per process)    88%    391.2 sec left
CG set 4710 / 5315    591.2846 GFlop/s     (591.2846 GFlop/s per process)    88%    390.5 sec left
CG set 4711 / 5315    591.2847 GFlop/s     (591.2847 GFlop/s per process)    88%    389.8 sec left
CG set 4712 / 5315    591.2846 GFlop/s     (591.2846 GFlop/s per process)    88%    389.1 sec left
CG set 4713 / 5315    591.2847 GFlop/s     (591.2847 GFlop/s per process)    88%    388.4 sec left
CG set 4714 / 5315    591.2845 GFlop/s     (591.2845 GFlop/s per process)    88%    387.8 sec left
CG set 4715 / 5315    591.2844 GFlop/s     (591.2844 GFlop/s per process)    88%    387.1 sec left
CG set 4716 / 5315    591.2845 GFlop/s     (591.2845 GFlop/s per process)    88%    386.4 sec left
CG set 4717 / 5315    591.2845 GFlop/s     (591.2845 GFlop/s per process)    88%    385.7 sec left
CG set 4718 / 5315    591.2845 GFlop/s     (591.2845 GFlop/s per process)    88%    385.0 sec left
CG set 4719 / 5315    591.2844 GFlop/s     (591.2844 GFlop/s per process)    88%    384.3 sec left
CG set 4720 / 5315    591.2844 GFlop/s     (591.2844 GFlop/s per process)    88%    383.7 sec left
CG set 4721 / 5315    591.2844 GFlop/s     (591.2844 GFlop/s per process)    88%    383.0 sec left
CG set 4722 / 5315    591.2842 GFlop/s     (591.2842 GFlop/s per process)    88%    382.3 sec left
CG set 4723 / 5315    591.2841 GFlop/s     (591.2841 GFlop/s per process)    88%    381.6 sec left
CG set 4724 / 5315    591.2841 GFlop/s     (591.2841 GFlop/s per process)    88%    380.9 sec left
CG set 4725 / 5315    591.2842 GFlop/s     (591.2842 GFlop/s per process)    88%    380.3 sec left
CG set 4726 / 5315    591.2843 GFlop/s     (591.2843 GFlop/s per process)    88%    379.6 sec left
CG set 4727 / 5315    591.2844 GFlop/s     (591.2844 GFlop/s per process)    88%    378.9 sec left
CG set 4728 / 5315    591.2844 GFlop/s     (591.2844 GFlop/s per process)    88%    378.2 sec left
CG set 4729 / 5315    591.2844 GFlop/s     (591.2844 GFlop/s per process)    88%    377.5 sec left
CG set 4730 / 5315    591.2844 GFlop/s     (591.2844 GFlop/s per process)    88%    376.8 sec left
CG set 4731 / 5315    591.2844 GFlop/s     (591.2844 GFlop/s per process)    89%    376.2 sec left
CG set 4732 / 5315    591.2843 GFlop/s     (591.2843 GFlop/s per process)    89%    375.5 sec left
CG set 4733 / 5315    591.2844 GFlop/s     (591.2844 GFlop/s per process)    89%    374.8 sec left
CG set 4734 / 5315    591.2843 GFlop/s     (591.2843 GFlop/s per process)    89%    374.1 sec left
CG set 4735 / 5315    591.2843 GFlop/s     (591.2843 GFlop/s per process)    89%    373.4 sec left
CG set 4736 / 5315    591.2843 GFlop/s     (591.2843 GFlop/s per process)    89%    372.8 sec left
CG set 4737 / 5315    591.2844 GFlop/s     (591.2844 GFlop/s per process)    89%    372.1 sec left
CG set 4738 / 5315    591.2844 GFlop/s     (591.2844 GFlop/s per process)    89%    371.4 sec left
CG set 4739 / 5315    591.2843 GFlop/s     (591.2843 GFlop/s per process)    89%    370.7 sec left
CG set 4740 / 5315    591.2844 GFlop/s     (591.2844 GFlop/s per process)    89%    370.0 sec left
CG set 4741 / 5315    591.2844 GFlop/s     (591.2844 GFlop/s per process)    89%    369.4 sec left
CG set 4742 / 5315    591.2844 GFlop/s     (591.2844 GFlop/s per process)    89%    368.7 sec left
CG set 4743 / 5315    591.2844 GFlop/s     (591.2844 GFlop/s per process)    89%    368.0 sec left
CG set 4744 / 5315    591.2844 GFlop/s     (591.2844 GFlop/s per process)    89%    367.3 sec left
CG set 4745 / 5315    591.2843 GFlop/s     (591.2843 GFlop/s per process)    89%    366.6 sec left
CG set 4746 / 5315    591.2843 GFlop/s     (591.2843 GFlop/s per process)    89%    365.9 sec left
CG set 4747 / 5315    591.2843 GFlop/s     (591.2843 GFlop/s per process)    89%    365.3 sec left
CG set 4748 / 5315    591.2844 GFlop/s     (591.2844 GFlop/s per process)    89%    364.6 sec left
CG set 4749 / 5315    591.2842 GFlop/s     (591.2842 GFlop/s per process)    89%    363.9 sec left
CG set 4750 / 5315    591.2843 GFlop/s     (591.2843 GFlop/s per process)    89%    363.2 sec left
CG set 4751 / 5315    591.2844 GFlop/s     (591.2844 GFlop/s per process)    89%    362.5 sec left
CG set 4752 / 5315    591.2844 GFlop/s     (591.2844 GFlop/s per process)    89%    361.9 sec left
CG set 4753 / 5315    591.2844 GFlop/s     (591.2844 GFlop/s per process)    89%    361.2 sec left
CG set 4754 / 5315    591.2844 GFlop/s     (591.2844 GFlop/s per process)    89%    360.5 sec left
CG set 4755 / 5315    591.2843 GFlop/s     (591.2843 GFlop/s per process)    89%    359.8 sec left
CG set 4756 / 5315    591.2844 GFlop/s     (591.2844 GFlop/s per process)    89%    359.1 sec left
CG set 4757 / 5315    591.2842 GFlop/s     (591.2842 GFlop/s per process)    89%    358.4 sec left
CG set 4758 / 5315    591.2841 GFlop/s     (591.2841 GFlop/s per process)    89%    357.8 sec left
CG set 4759 / 5315    591.2842 GFlop/s     (591.2842 GFlop/s per process)    89%    357.1 sec left
CG set 4760 / 5315    591.2842 GFlop/s     (591.2842 GFlop/s per process)    89%    356.4 sec left
CG set 4761 / 5315    591.2842 GFlop/s     (591.2842 GFlop/s per process)    89%    355.7 sec left
CG set 4762 / 5315    591.2843 GFlop/s     (591.2843 GFlop/s per process)    89%    355.0 sec left
CG set 4763 / 5315    591.2842 GFlop/s     (591.2842 GFlop/s per process)    89%    354.4 sec left
CG set 4764 / 5315    591.2842 GFlop/s     (591.2842 GFlop/s per process)    89%    353.7 sec left
CG set 4765 / 5315    591.2843 GFlop/s     (591.2843 GFlop/s per process)    89%    353.0 sec left
CG set 4766 / 5315    591.2843 GFlop/s     (591.2843 GFlop/s per process)    89%    352.3 sec left
CG set 4767 / 5315    591.2845 GFlop/s     (591.2845 GFlop/s per process)    89%    351.6 sec left
CG set 4768 / 5315    591.2844 GFlop/s     (591.2844 GFlop/s per process)    89%    351.0 sec left
CG set 4769 / 5315    591.2844 GFlop/s     (591.2844 GFlop/s per process)    89%    350.3 sec left
CG set 4770 / 5315    591.2844 GFlop/s     (591.2844 GFlop/s per process)    89%    349.6 sec left
CG set 4771 / 5315    591.2845 GFlop/s     (591.2845 GFlop/s per process)    89%    348.9 sec left
CG set 4772 / 5315    591.2844 GFlop/s     (591.2844 GFlop/s per process)    89%    348.2 sec left
CG set 4773 / 5315    591.2844 GFlop/s     (591.2844 GFlop/s per process)    89%    347.5 sec left
CG set 4774 / 5315    591.2844 GFlop/s     (591.2844 GFlop/s per process)    89%    346.9 sec left
CG set 4775 / 5315    591.2842 GFlop/s     (591.2842 GFlop/s per process)    89%    346.2 sec left
CG set 4776 / 5315    591.2842 GFlop/s     (591.2842 GFlop/s per process)    89%    345.5 sec left
CG set 4777 / 5315    591.2843 GFlop/s     (591.2843 GFlop/s per process)    89%    344.8 sec left
CG set 4778 / 5315    591.2844 GFlop/s     (591.2844 GFlop/s per process)    89%    344.1 sec left
CG set 4779 / 5315    591.2844 GFlop/s     (591.2844 GFlop/s per process)    89%    343.5 sec left
CG set 4780 / 5315    591.2845 GFlop/s     (591.2845 GFlop/s per process)    89%    342.8 sec left
CG set 4781 / 5315    591.2847 GFlop/s     (591.2847 GFlop/s per process)    89%    342.1 sec left
CG set 4782 / 5315    591.2848 GFlop/s     (591.2848 GFlop/s per process)    89%    341.4 sec left
CG set 4783 / 5315    591.2848 GFlop/s     (591.2848 GFlop/s per process)    89%    340.7 sec left
CG set 4784 / 5315    591.2849 GFlop/s     (591.2849 GFlop/s per process)    90%    340.1 sec left
CG set 4785 / 5315    591.2850 GFlop/s     (591.2850 GFlop/s per process)    90%    339.4 sec left
CG set 4786 / 5315    591.2851 GFlop/s     (591.2851 GFlop/s per process)    90%    338.7 sec left
CG set 4787 / 5315    591.2850 GFlop/s     (591.2850 GFlop/s per process)    90%    338.0 sec left
CG set 4788 / 5315    591.2849 GFlop/s     (591.2849 GFlop/s per process)    90%    337.3 sec left
CG set 4789 / 5315    591.2848 GFlop/s     (591.2848 GFlop/s per process)    90%    336.6 sec left
CG set 4790 / 5315    591.2847 GFlop/s     (591.2847 GFlop/s per process)    90%    336.0 sec left
CG set 4791 / 5315    591.2846 GFlop/s     (591.2846 GFlop/s per process)    90%    335.3 sec left
CG set 4792 / 5315    591.2846 GFlop/s     (591.2846 GFlop/s per process)    90%    334.6 sec left
CG set 4793 / 5315    591.2847 GFlop/s     (591.2847 GFlop/s per process)    90%    333.9 sec left
CG set 4794 / 5315    591.2847 GFlop/s     (591.2847 GFlop/s per process)    90%    333.2 sec left
CG set 4795 / 5315    591.2847 GFlop/s     (591.2847 GFlop/s per process)    90%    332.6 sec left
CG set 4796 / 5315    591.2846 GFlop/s     (591.2846 GFlop/s per process)    90%    331.9 sec left
CG set 4797 / 5315    591.2847 GFlop/s     (591.2847 GFlop/s per process)    90%    331.2 sec left
CG set 4798 / 5315    591.2848 GFlop/s     (591.2848 GFlop/s per process)    90%    330.5 sec left
CG set 4799 / 5315    591.2849 GFlop/s     (591.2849 GFlop/s per process)    90%    329.8 sec left
CG set 4800 / 5315    591.2850 GFlop/s     (591.2850 GFlop/s per process)    90%    329.2 sec left
CG set 4801 / 5315    591.2849 GFlop/s     (591.2849 GFlop/s per process)    90%    328.5 sec left
CG set 4802 / 5315    591.2850 GFlop/s     (591.2850 GFlop/s per process)    90%    327.8 sec left
CG set 4803 / 5315    591.2852 GFlop/s     (591.2852 GFlop/s per process)    90%    327.1 sec left
CG set 4804 / 5315    591.2852 GFlop/s     (591.2852 GFlop/s per process)    90%    326.4 sec left
CG set 4805 / 5315    591.2852 GFlop/s     (591.2852 GFlop/s per process)    90%    325.7 sec left
CG set 4806 / 5315    591.2852 GFlop/s     (591.2852 GFlop/s per process)    90%    325.1 sec left
CG set 4807 / 5315    591.2853 GFlop/s     (591.2853 GFlop/s per process)    90%    324.4 sec left
CG set 4808 / 5315    591.2851 GFlop/s     (591.2851 GFlop/s per process)    90%    323.7 sec left
CG set 4809 / 5315    591.2852 GFlop/s     (591.2852 GFlop/s per process)    90%    323.0 sec left
CG set 4810 / 5315    591.2851 GFlop/s     (591.2851 GFlop/s per process)    90%    322.3 sec left
CG set 4811 / 5315    591.2850 GFlop/s     (591.2850 GFlop/s per process)    90%    321.7 sec left
CG set 4812 / 5315    591.2851 GFlop/s     (591.2851 GFlop/s per process)    90%    321.0 sec left
CG set 4813 / 5315    591.2850 GFlop/s     (591.2850 GFlop/s per process)    90%    320.3 sec left
CG set 4814 / 5315    591.2851 GFlop/s     (591.2851 GFlop/s per process)    90%    319.6 sec left
CG set 4815 / 5315    591.2851 GFlop/s     (591.2851 GFlop/s per process)    90%    318.9 sec left
CG set 4816 / 5315    591.2852 GFlop/s     (591.2852 GFlop/s per process)    90%    318.2 sec left
CG set 4817 / 5315    591.2851 GFlop/s     (591.2851 GFlop/s per process)    90%    317.6 sec left
CG set 4818 / 5315    591.2850 GFlop/s     (591.2850 GFlop/s per process)    90%    316.9 sec left
CG set 4819 / 5315    591.2851 GFlop/s     (591.2851 GFlop/s per process)    90%    316.2 sec left
CG set 4820 / 5315    591.2850 GFlop/s     (591.2850 GFlop/s per process)    90%    315.5 sec left
CG set 4821 / 5315    591.2851 GFlop/s     (591.2851 GFlop/s per process)    90%    314.8 sec left
CG set 4822 / 5315    591.2851 GFlop/s     (591.2851 GFlop/s per process)    90%    314.2 sec left
CG set 4823 / 5315    591.2851 GFlop/s     (591.2851 GFlop/s per process)    90%    313.5 sec left
CG set 4824 / 5315    591.2851 GFlop/s     (591.2851 GFlop/s per process)    90%    312.8 sec left
CG set 4825 / 5315    591.2852 GFlop/s     (591.2852 GFlop/s per process)    90%    312.1 sec left
CG set 4826 / 5315    591.2853 GFlop/s     (591.2853 GFlop/s per process)    90%    311.4 sec left
CG set 4827 / 5315    591.2852 GFlop/s     (591.2852 GFlop/s per process)    90%    310.8 sec left
CG set 4828 / 5315    591.2853 GFlop/s     (591.2853 GFlop/s per process)    90%    310.1 sec left
CG set 4829 / 5315    591.2854 GFlop/s     (591.2854 GFlop/s per process)    90%    309.4 sec left
CG set 4830 / 5315    591.2854 GFlop/s     (591.2854 GFlop/s per process)    90%    308.7 sec left
CG set 4831 / 5315    591.2853 GFlop/s     (591.2853 GFlop/s per process)    90%    308.0 sec left
CG set 4832 / 5315    591.2855 GFlop/s     (591.2855 GFlop/s per process)    90%    307.3 sec left
CG set 4833 / 5315    591.2855 GFlop/s     (591.2855 GFlop/s per process)    90%    306.7 sec left
CG set 4834 / 5315    591.2855 GFlop/s     (591.2855 GFlop/s per process)    90%    306.0 sec left
CG set 4835 / 5315    591.2854 GFlop/s     (591.2854 GFlop/s per process)    90%    305.3 sec left
CG set 4836 / 5315    591.2854 GFlop/s     (591.2854 GFlop/s per process)    90%    304.6 sec left
CG set 4837 / 5315    591.2855 GFlop/s     (591.2855 GFlop/s per process)    91%    303.9 sec left
CG set 4838 / 5315    591.2854 GFlop/s     (591.2854 GFlop/s per process)    91%    303.3 sec left
CG set 4839 / 5315    591.2854 GFlop/s     (591.2854 GFlop/s per process)    91%    302.6 sec left
CG set 4840 / 5315    591.2854 GFlop/s     (591.2854 GFlop/s per process)    91%    301.9 sec left
CG set 4841 / 5315    591.2853 GFlop/s     (591.2853 GFlop/s per process)    91%    301.2 sec left
CG set 4842 / 5315    591.2854 GFlop/s     (591.2854 GFlop/s per process)    91%    300.5 sec left
CG set 4843 / 5315    591.2854 GFlop/s     (591.2854 GFlop/s per process)    91%    299.9 sec left
CG set 4844 / 5315    591.2854 GFlop/s     (591.2854 GFlop/s per process)    91%    299.2 sec left
CG set 4845 / 5315    591.2855 GFlop/s     (591.2855 GFlop/s per process)    91%    298.5 sec left
CG set 4846 / 5315    591.2853 GFlop/s     (591.2853 GFlop/s per process)    91%    297.8 sec left
CG set 4847 / 5315    591.2854 GFlop/s     (591.2854 GFlop/s per process)    91%    297.1 sec left
CG set 4848 / 5315    591.2853 GFlop/s     (591.2853 GFlop/s per process)    91%    296.4 sec left
CG set 4849 / 5315    591.2852 GFlop/s     (591.2852 GFlop/s per process)    91%    295.8 sec left
CG set 4850 / 5315    591.2849 GFlop/s     (591.2849 GFlop/s per process)    91%    295.1 sec left
CG set 4851 / 5315    591.2849 GFlop/s     (591.2849 GFlop/s per process)    91%    294.4 sec left
CG set 4852 / 5315    591.2850 GFlop/s     (591.2850 GFlop/s per process)    91%    293.7 sec left
CG set 4853 / 5315    591.2847 GFlop/s     (591.2847 GFlop/s per process)    91%    293.0 sec left
CG set 4854 / 5315    591.2847 GFlop/s     (591.2847 GFlop/s per process)    91%    292.4 sec left
CG set 4855 / 5315    591.2847 GFlop/s     (591.2847 GFlop/s per process)    91%    291.7 sec left
CG set 4856 / 5315    591.2848 GFlop/s     (591.2848 GFlop/s per process)    91%    291.0 sec left
CG set 4857 / 5315    591.2847 GFlop/s     (591.2847 GFlop/s per process)    91%    290.3 sec left
CG set 4858 / 5315    591.2847 GFlop/s     (591.2847 GFlop/s per process)    91%    289.6 sec left
CG set 4859 / 5315    591.2846 GFlop/s     (591.2846 GFlop/s per process)    91%    288.9 sec left
CG set 4860 / 5315    591.2843 GFlop/s     (591.2843 GFlop/s per process)    91%    288.3 sec left
CG set 4861 / 5315    591.2845 GFlop/s     (591.2845 GFlop/s per process)    91%    287.6 sec left
CG set 4862 / 5315    591.2845 GFlop/s     (591.2845 GFlop/s per process)    91%    286.9 sec left
CG set 4863 / 5315    591.2844 GFlop/s     (591.2844 GFlop/s per process)    91%    286.2 sec left
CG set 4864 / 5315    591.2842 GFlop/s     (591.2842 GFlop/s per process)    91%    285.5 sec left
CG set 4865 / 5315    591.2843 GFlop/s     (591.2843 GFlop/s per process)    91%    284.9 sec left
CG set 4866 / 5315    591.2843 GFlop/s     (591.2843 GFlop/s per process)    91%    284.2 sec left
CG set 4867 / 5315    591.2843 GFlop/s     (591.2843 GFlop/s per process)    91%    283.5 sec left
CG set 4868 / 5315    591.2842 GFlop/s     (591.2842 GFlop/s per process)    91%    282.8 sec left
CG set 4869 / 5315    591.2842 GFlop/s     (591.2842 GFlop/s per process)    91%    282.1 sec left
CG set 4870 / 5315    591.2841 GFlop/s     (591.2841 GFlop/s per process)    91%    281.4 sec left
CG set 4871 / 5315    591.2842 GFlop/s     (591.2842 GFlop/s per process)    91%    280.8 sec left
CG set 4872 / 5315    591.2842 GFlop/s     (591.2842 GFlop/s per process)    91%    280.1 sec left
CG set 4873 / 5315    591.2843 GFlop/s     (591.2843 GFlop/s per process)    91%    279.4 sec left
CG set 4874 / 5315    591.2843 GFlop/s     (591.2843 GFlop/s per process)    91%    278.7 sec left
CG set 4875 / 5315    591.2843 GFlop/s     (591.2843 GFlop/s per process)    91%    278.0 sec left
CG set 4876 / 5315    591.2844 GFlop/s     (591.2844 GFlop/s per process)    91%    277.4 sec left
CG set 4877 / 5315    591.2844 GFlop/s     (591.2844 GFlop/s per process)    91%    276.7 sec left
CG set 4878 / 5315    591.2844 GFlop/s     (591.2844 GFlop/s per process)    91%    276.0 sec left
CG set 4879 / 5315    591.2843 GFlop/s     (591.2843 GFlop/s per process)    91%    275.3 sec left
CG set 4880 / 5315    591.2842 GFlop/s     (591.2842 GFlop/s per process)    91%    274.6 sec left
CG set 4881 / 5315    591.2842 GFlop/s     (591.2842 GFlop/s per process)    91%    274.0 sec left
CG set 4882 / 5315    591.2842 GFlop/s     (591.2842 GFlop/s per process)    91%    273.3 sec left
CG set 4883 / 5315    591.2842 GFlop/s     (591.2842 GFlop/s per process)    91%    272.6 sec left
CG set 4884 / 5315    591.2842 GFlop/s     (591.2842 GFlop/s per process)    91%    271.9 sec left
CG set 4885 / 5315    591.2841 GFlop/s     (591.2841 GFlop/s per process)    91%    271.2 sec left
CG set 4886 / 5315    591.2841 GFlop/s     (591.2841 GFlop/s per process)    91%    270.5 sec left
CG set 4887 / 5315    591.2843 GFlop/s     (591.2843 GFlop/s per process)    91%    269.9 sec left
CG set 4888 / 5315    591.2843 GFlop/s     (591.2843 GFlop/s per process)    91%    269.2 sec left
CG set 4889 / 5315    591.2844 GFlop/s     (591.2844 GFlop/s per process)    91%    268.5 sec left
CG set 4890 / 5315    591.2844 GFlop/s     (591.2844 GFlop/s per process)    92%    267.8 sec left
CG set 4891 / 5315    591.2845 GFlop/s     (591.2845 GFlop/s per process)    92%    267.1 sec left
CG set 4892 / 5315    591.2844 GFlop/s     (591.2844 GFlop/s per process)    92%    266.5 sec left
CG set 4893 / 5315    591.2844 GFlop/s     (591.2844 GFlop/s per process)    92%    265.8 sec left
CG set 4894 / 5315    591.2842 GFlop/s     (591.2842 GFlop/s per process)    92%    265.1 sec left
CG set 4895 / 5315    591.2840 GFlop/s     (591.2840 GFlop/s per process)    92%    264.4 sec left
CG set 4896 / 5315    591.2840 GFlop/s     (591.2840 GFlop/s per process)    92%    263.7 sec left
CG set 4897 / 5315    591.2841 GFlop/s     (591.2841 GFlop/s per process)    92%    263.0 sec left
CG set 4898 / 5315    591.2839 GFlop/s     (591.2839 GFlop/s per process)    92%    262.4 sec left
CG set 4899 / 5315    591.2839 GFlop/s     (591.2839 GFlop/s per process)    92%    261.7 sec left
CG set 4900 / 5315    591.2838 GFlop/s     (591.2838 GFlop/s per process)    92%    261.0 sec left
CG set 4901 / 5315    591.2838 GFlop/s     (591.2838 GFlop/s per process)    92%    260.3 sec left
CG set 4902 / 5315    591.2837 GFlop/s     (591.2837 GFlop/s per process)    92%    259.6 sec left
CG set 4903 / 5315    591.2837 GFlop/s     (591.2837 GFlop/s per process)    92%    259.0 sec left
CG set 4904 / 5315    591.2838 GFlop/s     (591.2838 GFlop/s per process)    92%    258.3 sec left
CG set 4905 / 5315    591.2838 GFlop/s     (591.2838 GFlop/s per process)    92%    257.6 sec left
CG set 4906 / 5315    591.2838 GFlop/s     (591.2838 GFlop/s per process)    92%    256.9 sec left
CG set 4907 / 5315    591.2840 GFlop/s     (591.2840 GFlop/s per process)    92%    256.2 sec left
CG set 4908 / 5315    591.2839 GFlop/s     (591.2839 GFlop/s per process)    92%    255.6 sec left
CG set 4909 / 5315    591.2840 GFlop/s     (591.2840 GFlop/s per process)    92%    254.9 sec left
CG set 4910 / 5315    591.2839 GFlop/s     (591.2839 GFlop/s per process)    92%    254.2 sec left
CG set 4911 / 5315    591.2839 GFlop/s     (591.2839 GFlop/s per process)    92%    253.5 sec left
CG set 4912 / 5315    591.2837 GFlop/s     (591.2837 GFlop/s per process)    92%    252.8 sec left
CG set 4913 / 5315    591.2838 GFlop/s     (591.2838 GFlop/s per process)    92%    252.1 sec left
CG set 4914 / 5315    591.2837 GFlop/s     (591.2837 GFlop/s per process)    92%    251.5 sec left
CG set 4915 / 5315    591.2836 GFlop/s     (591.2836 GFlop/s per process)    92%    250.8 sec left
CG set 4916 / 5315    591.2836 GFlop/s     (591.2836 GFlop/s per process)    92%    250.1 sec left
CG set 4917 / 5315    591.2836 GFlop/s     (591.2836 GFlop/s per process)    92%    249.4 sec left
CG set 4918 / 5315    591.2835 GFlop/s     (591.2835 GFlop/s per process)    92%    248.7 sec left
CG set 4919 / 5315    591.2835 GFlop/s     (591.2835 GFlop/s per process)    92%    248.1 sec left
CG set 4920 / 5315    591.2833 GFlop/s     (591.2833 GFlop/s per process)    92%    247.4 sec left
CG set 4921 / 5315    591.2834 GFlop/s     (591.2834 GFlop/s per process)    92%    246.7 sec left
CG set 4922 / 5315    591.2832 GFlop/s     (591.2832 GFlop/s per process)    92%    246.0 sec left
CG set 4923 / 5315    591.2831 GFlop/s     (591.2831 GFlop/s per process)    92%    245.3 sec left
CG set 4924 / 5315    591.2830 GFlop/s     (591.2830 GFlop/s per process)    92%    244.6 sec left
CG set 4925 / 5315    591.2833 GFlop/s     (591.2833 GFlop/s per process)    92%    244.0 sec left
CG set 4926 / 5315    591.2834 GFlop/s     (591.2834 GFlop/s per process)    92%    243.3 sec left
CG set 4927 / 5315    591.2835 GFlop/s     (591.2835 GFlop/s per process)    92%    242.6 sec left
CG set 4928 / 5315    591.2835 GFlop/s     (591.2835 GFlop/s per process)    92%    241.9 sec left
CG set 4929 / 5315    591.2836 GFlop/s     (591.2836 GFlop/s per process)    92%    241.2 sec left
CG set 4930 / 5315    591.2835 GFlop/s     (591.2835 GFlop/s per process)    92%    240.6 sec left
CG set 4931 / 5315    591.2836 GFlop/s     (591.2836 GFlop/s per process)    92%    239.9 sec left
CG set 4932 / 5315    591.2835 GFlop/s     (591.2835 GFlop/s per process)    92%    239.2 sec left
CG set 4933 / 5315    591.2833 GFlop/s     (591.2833 GFlop/s per process)    92%    238.5 sec left
CG set 4934 / 5315    591.2833 GFlop/s     (591.2833 GFlop/s per process)    92%    237.8 sec left
CG set 4935 / 5315    591.2832 GFlop/s     (591.2832 GFlop/s per process)    92%    237.1 sec left
CG set 4936 / 5315    591.2831 GFlop/s     (591.2831 GFlop/s per process)    92%    236.5 sec left
CG set 4937 / 5315    591.2831 GFlop/s     (591.2831 GFlop/s per process)    92%    235.8 sec left
CG set 4938 / 5315    591.2832 GFlop/s     (591.2832 GFlop/s per process)    92%    235.1 sec left
CG set 4939 / 5315    591.2831 GFlop/s     (591.2831 GFlop/s per process)    92%    234.4 sec left
CG set 4940 / 5315    591.2831 GFlop/s     (591.2831 GFlop/s per process)    92%    233.7 sec left
CG set 4941 / 5315    591.2832 GFlop/s     (591.2832 GFlop/s per process)    92%    233.1 sec left
CG set 4942 / 5315    591.2834 GFlop/s     (591.2834 GFlop/s per process)    92%    232.4 sec left
CG set 4943 / 5315    591.2834 GFlop/s     (591.2834 GFlop/s per process)    93%    231.7 sec left
CG set 4944 / 5315    591.2834 GFlop/s     (591.2834 GFlop/s per process)    93%    231.0 sec left
CG set 4945 / 5315    591.2836 GFlop/s     (591.2836 GFlop/s per process)    93%    230.3 sec left
CG set 4946 / 5315    591.2835 GFlop/s     (591.2835 GFlop/s per process)    93%    229.7 sec left
CG set 4947 / 5315    591.2836 GFlop/s     (591.2836 GFlop/s per process)    93%    229.0 sec left
CG set 4948 / 5315    591.2836 GFlop/s     (591.2836 GFlop/s per process)    93%    228.3 sec left
CG set 4949 / 5315    591.2836 GFlop/s     (591.2836 GFlop/s per process)    93%    227.6 sec left
CG set 4950 / 5315    591.2836 GFlop/s     (591.2836 GFlop/s per process)    93%    226.9 sec left
CG set 4951 / 5315    591.2834 GFlop/s     (591.2834 GFlop/s per process)    93%    226.2 sec left
CG set 4952 / 5315    591.2834 GFlop/s     (591.2834 GFlop/s per process)    93%    225.6 sec left
CG set 4953 / 5315    591.2836 GFlop/s     (591.2836 GFlop/s per process)    93%    224.9 sec left
CG set 4954 / 5315    591.2835 GFlop/s     (591.2835 GFlop/s per process)    93%    224.2 sec left
CG set 4955 / 5315    591.2833 GFlop/s     (591.2833 GFlop/s per process)    93%    223.5 sec left
CG set 4956 / 5315    591.2835 GFlop/s     (591.2835 GFlop/s per process)    93%    222.8 sec left
CG set 4957 / 5315    591.2835 GFlop/s     (591.2835 GFlop/s per process)    93%    222.2 sec left
CG set 4958 / 5315    591.2835 GFlop/s     (591.2835 GFlop/s per process)    93%    221.5 sec left
CG set 4959 / 5315    591.2834 GFlop/s     (591.2834 GFlop/s per process)    93%    220.8 sec left
CG set 4960 / 5315    591.2833 GFlop/s     (591.2833 GFlop/s per process)    93%    220.1 sec left
CG set 4961 / 5315    591.2833 GFlop/s     (591.2833 GFlop/s per process)    93%    219.4 sec left
CG set 4962 / 5315    591.2832 GFlop/s     (591.2832 GFlop/s per process)    93%    218.7 sec left
CG set 4963 / 5315    591.2832 GFlop/s     (591.2832 GFlop/s per process)    93%    218.1 sec left
CG set 4964 / 5315    591.2832 GFlop/s     (591.2832 GFlop/s per process)    93%    217.4 sec left
CG set 4965 / 5315    591.2831 GFlop/s     (591.2831 GFlop/s per process)    93%    216.7 sec left
CG set 4966 / 5315    591.2831 GFlop/s     (591.2831 GFlop/s per process)    93%    216.0 sec left
CG set 4967 / 5315    591.2831 GFlop/s     (591.2831 GFlop/s per process)    93%    215.3 sec left
CG set 4968 / 5315    591.2832 GFlop/s     (591.2832 GFlop/s per process)    93%    214.7 sec left
CG set 4969 / 5315    591.2833 GFlop/s     (591.2833 GFlop/s per process)    93%    214.0 sec left
CG set 4970 / 5315    591.2834 GFlop/s     (591.2834 GFlop/s per process)    93%    213.3 sec left
CG set 4971 / 5315    591.2834 GFlop/s     (591.2834 GFlop/s per process)    93%    212.6 sec left
CG set 4972 / 5315    591.2834 GFlop/s     (591.2834 GFlop/s per process)    93%    211.9 sec left
CG set 4973 / 5315    591.2834 GFlop/s     (591.2834 GFlop/s per process)    93%    211.3 sec left
CG set 4974 / 5315    591.2836 GFlop/s     (591.2836 GFlop/s per process)    93%    210.6 sec left
CG set 4975 / 5315    591.2835 GFlop/s     (591.2835 GFlop/s per process)    93%    209.9 sec left
CG set 4976 / 5315    591.2835 GFlop/s     (591.2835 GFlop/s per process)    93%    209.2 sec left
CG set 4977 / 5315    591.2835 GFlop/s     (591.2835 GFlop/s per process)    93%    208.5 sec left
CG set 4978 / 5315    591.2837 GFlop/s     (591.2837 GFlop/s per process)    93%    207.8 sec left
CG set 4979 / 5315    591.2837 GFlop/s     (591.2837 GFlop/s per process)    93%    207.2 sec left
CG set 4980 / 5315    591.2837 GFlop/s     (591.2837 GFlop/s per process)    93%    206.5 sec left
CG set 4981 / 5315    591.2836 GFlop/s     (591.2836 GFlop/s per process)    93%    205.8 sec left
CG set 4982 / 5315    591.2836 GFlop/s     (591.2836 GFlop/s per process)    93%    205.1 sec left
CG set 4983 / 5315    591.2838 GFlop/s     (591.2838 GFlop/s per process)    93%    204.4 sec left
CG set 4984 / 5315    591.2839 GFlop/s     (591.2839 GFlop/s per process)    93%    203.8 sec left
CG set 4985 / 5315    591.2838 GFlop/s     (591.2838 GFlop/s per process)    93%    203.1 sec left
CG set 4986 / 5315    591.2837 GFlop/s     (591.2837 GFlop/s per process)    93%    202.4 sec left
CG set 4987 / 5315    591.2838 GFlop/s     (591.2838 GFlop/s per process)    93%    201.7 sec left
CG set 4988 / 5315    591.2837 GFlop/s     (591.2837 GFlop/s per process)    93%    201.0 sec left
CG set 4989 / 5315    591.2837 GFlop/s     (591.2837 GFlop/s per process)    93%    200.4 sec left
CG set 4990 / 5315    591.2837 GFlop/s     (591.2837 GFlop/s per process)    93%    199.7 sec left
CG set 4991 / 5315    591.2838 GFlop/s     (591.2838 GFlop/s per process)    93%    199.0 sec left
CG set 4992 / 5315    591.2839 GFlop/s     (591.2839 GFlop/s per process)    93%    198.3 sec left
CG set 4993 / 5315    591.2838 GFlop/s     (591.2838 GFlop/s per process)    93%    197.6 sec left
CG set 4994 / 5315    591.2838 GFlop/s     (591.2838 GFlop/s per process)    93%    196.9 sec left
CG set 4995 / 5315    591.2839 GFlop/s     (591.2839 GFlop/s per process)    93%    196.3 sec left
CG set 4996 / 5315    591.2840 GFlop/s     (591.2840 GFlop/s per process)    93%    195.6 sec left
CG set 4997 / 5315    591.2838 GFlop/s     (591.2838 GFlop/s per process)    94%    194.9 sec left
CG set 4998 / 5315    591.2837 GFlop/s     (591.2837 GFlop/s per process)    94%    194.2 sec left
CG set 4999 / 5315    591.2835 GFlop/s     (591.2835 GFlop/s per process)    94%    193.5 sec left
CG set 5000 / 5315    591.2837 GFlop/s     (591.2837 GFlop/s per process)    94%    192.9 sec left
CG set 5001 / 5315    591.2837 GFlop/s     (591.2837 GFlop/s per process)    94%    192.2 sec left
CG set 5002 / 5315    591.2835 GFlop/s     (591.2835 GFlop/s per process)    94%    191.5 sec left
CG set 5003 / 5315    591.2836 GFlop/s     (591.2836 GFlop/s per process)    94%    190.8 sec left
CG set 5004 / 5315    591.2835 GFlop/s     (591.2835 GFlop/s per process)    94%    190.1 sec left
CG set 5005 / 5315    591.2836 GFlop/s     (591.2836 GFlop/s per process)    94%    189.5 sec left
CG set 5006 / 5315    591.2836 GFlop/s     (591.2836 GFlop/s per process)    94%    188.8 sec left
CG set 5007 / 5315    591.2836 GFlop/s     (591.2836 GFlop/s per process)    94%    188.1 sec left
CG set 5008 / 5315    591.2836 GFlop/s     (591.2836 GFlop/s per process)    94%    187.4 sec left
CG set 5009 / 5315    591.2835 GFlop/s     (591.2835 GFlop/s per process)    94%    186.7 sec left
CG set 5010 / 5315    591.2834 GFlop/s     (591.2834 GFlop/s per process)    94%    186.0 sec left
CG set 5011 / 5315    591.2833 GFlop/s     (591.2833 GFlop/s per process)    94%    185.4 sec left
CG set 5012 / 5315    591.2832 GFlop/s     (591.2832 GFlop/s per process)    94%    184.7 sec left
CG set 5013 / 5315    591.2833 GFlop/s     (591.2833 GFlop/s per process)    94%    184.0 sec left
CG set 5014 / 5315    591.2832 GFlop/s     (591.2832 GFlop/s per process)    94%    183.3 sec left
CG set 5015 / 5315    591.2832 GFlop/s     (591.2832 GFlop/s per process)    94%    182.6 sec left
CG set 5016 / 5315    591.2832 GFlop/s     (591.2832 GFlop/s per process)    94%    182.0 sec left
CG set 5017 / 5315    591.2833 GFlop/s     (591.2833 GFlop/s per process)    94%    181.3 sec left
CG set 5018 / 5315    591.2831 GFlop/s     (591.2831 GFlop/s per process)    94%    180.6 sec left
CG set 5019 / 5315    591.2832 GFlop/s     (591.2832 GFlop/s per process)    94%    179.9 sec left
CG set 5020 / 5315    591.2833 GFlop/s     (591.2833 GFlop/s per process)    94%    179.2 sec left
CG set 5021 / 5315    591.2834 GFlop/s     (591.2834 GFlop/s per process)    94%    178.5 sec left
CG set 5022 / 5315    591.2836 GFlop/s     (591.2836 GFlop/s per process)    94%    177.9 sec left
CG set 5023 / 5315    591.2835 GFlop/s     (591.2835 GFlop/s per process)    94%    177.2 sec left
CG set 5024 / 5315    591.2835 GFlop/s     (591.2835 GFlop/s per process)    94%    176.5 sec left
CG set 5025 / 5315    591.2835 GFlop/s     (591.2835 GFlop/s per process)    94%    175.8 sec left
CG set 5026 / 5315    591.2835 GFlop/s     (591.2835 GFlop/s per process)    94%    175.1 sec left
CG set 5027 / 5315    591.2834 GFlop/s     (591.2834 GFlop/s per process)    94%    174.5 sec left
CG set 5028 / 5315    591.2835 GFlop/s     (591.2835 GFlop/s per process)    94%    173.8 sec left
CG set 5029 / 5315    591.2834 GFlop/s     (591.2834 GFlop/s per process)    94%    173.1 sec left
CG set 5030 / 5315    591.2833 GFlop/s     (591.2833 GFlop/s per process)    94%    172.4 sec left
CG set 5031 / 5315    591.2833 GFlop/s     (591.2833 GFlop/s per process)    94%    171.7 sec left
CG set 5032 / 5315    591.2834 GFlop/s     (591.2834 GFlop/s per process)    94%    171.1 sec left
CG set 5033 / 5315    591.2835 GFlop/s     (591.2835 GFlop/s per process)    94%    170.4 sec left
CG set 5034 / 5315    591.2835 GFlop/s     (591.2835 GFlop/s per process)    94%    169.7 sec left
CG set 5035 / 5315    591.2836 GFlop/s     (591.2836 GFlop/s per process)    94%    169.0 sec left
CG set 5036 / 5315    591.2835 GFlop/s     (591.2835 GFlop/s per process)    94%    168.3 sec left
CG set 5037 / 5315    591.2835 GFlop/s     (591.2835 GFlop/s per process)    94%    167.6 sec left
CG set 5038 / 5315    591.2833 GFlop/s     (591.2833 GFlop/s per process)    94%    167.0 sec left
CG set 5039 / 5315    591.2832 GFlop/s     (591.2832 GFlop/s per process)    94%    166.3 sec left
CG set 5040 / 5315    591.2831 GFlop/s     (591.2831 GFlop/s per process)    94%    165.6 sec left
CG set 5041 / 5315    591.2830 GFlop/s     (591.2830 GFlop/s per process)    94%    164.9 sec left
CG set 5042 / 5315    591.2830 GFlop/s     (591.2830 GFlop/s per process)    94%    164.2 sec left
CG set 5043 / 5315    591.2829 GFlop/s     (591.2829 GFlop/s per process)    94%    163.6 sec left
CG set 5044 / 5315    591.2828 GFlop/s     (591.2828 GFlop/s per process)    94%    162.9 sec left
CG set 5045 / 5315    591.2828 GFlop/s     (591.2828 GFlop/s per process)    94%    162.2 sec left
CG set 5046 / 5315    591.2829 GFlop/s     (591.2829 GFlop/s per process)    94%    161.5 sec left
CG set 5047 / 5315    591.2830 GFlop/s     (591.2830 GFlop/s per process)    94%    160.8 sec left
CG set 5048 / 5315    591.2829 GFlop/s     (591.2829 GFlop/s per process)    94%    160.1 sec left
CG set 5049 / 5315    591.2829 GFlop/s     (591.2829 GFlop/s per process)    94%    159.5 sec left
CG set 5050 / 5315    591.2829 GFlop/s     (591.2829 GFlop/s per process)    95%    158.8 sec left
CG set 5051 / 5315    591.2831 GFlop/s     (591.2831 GFlop/s per process)    95%    158.1 sec left
CG set 5052 / 5315    591.2831 GFlop/s     (591.2831 GFlop/s per process)    95%    157.4 sec left
CG set 5053 / 5315    591.2830 GFlop/s     (591.2830 GFlop/s per process)    95%    156.7 sec left
CG set 5054 / 5315    591.2832 GFlop/s     (591.2832 GFlop/s per process)    95%    156.1 sec left
CG set 5055 / 5315    591.2832 GFlop/s     (591.2832 GFlop/s per process)    95%    155.4 sec left
CG set 5056 / 5315    591.2833 GFlop/s     (591.2833 GFlop/s per process)    95%    154.7 sec left
CG set 5057 / 5315    591.2832 GFlop/s     (591.2832 GFlop/s per process)    95%    154.0 sec left
CG set 5058 / 5315    591.2833 GFlop/s     (591.2833 GFlop/s per process)    95%    153.3 sec left
CG set 5059 / 5315    591.2834 GFlop/s     (591.2834 GFlop/s per process)    95%    152.7 sec left
CG set 5060 / 5315    591.2834 GFlop/s     (591.2834 GFlop/s per process)    95%    152.0 sec left
CG set 5061 / 5315    591.2834 GFlop/s     (591.2834 GFlop/s per process)    95%    151.3 sec left
CG set 5062 / 5315    591.2835 GFlop/s     (591.2835 GFlop/s per process)    95%    150.6 sec left
CG set 5063 / 5315    591.2834 GFlop/s     (591.2834 GFlop/s per process)    95%    149.9 sec left
CG set 5064 / 5315    591.2834 GFlop/s     (591.2834 GFlop/s per process)    95%    149.2 sec left
CG set 5065 / 5315    591.2834 GFlop/s     (591.2834 GFlop/s per process)    95%    148.6 sec left
CG set 5066 / 5315    591.2833 GFlop/s     (591.2833 GFlop/s per process)    95%    147.9 sec left
CG set 5067 / 5315    591.2834 GFlop/s     (591.2834 GFlop/s per process)    95%    147.2 sec left
CG set 5068 / 5315    591.2835 GFlop/s     (591.2835 GFlop/s per process)    95%    146.5 sec left
CG set 5069 / 5315    591.2835 GFlop/s     (591.2835 GFlop/s per process)    95%    145.8 sec left
CG set 5070 / 5315    591.2835 GFlop/s     (591.2835 GFlop/s per process)    95%    145.2 sec left
CG set 5071 / 5315    591.2836 GFlop/s     (591.2836 GFlop/s per process)    95%    144.5 sec left
CG set 5072 / 5315    591.2838 GFlop/s     (591.2838 GFlop/s per process)    95%    143.8 sec left
CG set 5073 / 5315    591.2837 GFlop/s     (591.2837 GFlop/s per process)    95%    143.1 sec left
CG set 5074 / 5315    591.2837 GFlop/s     (591.2837 GFlop/s per process)    95%    142.4 sec left
CG set 5075 / 5315    591.2837 GFlop/s     (591.2837 GFlop/s per process)    95%    141.8 sec left
CG set 5076 / 5315    591.2836 GFlop/s     (591.2836 GFlop/s per process)    95%    141.1 sec left
CG set 5077 / 5315    591.2837 GFlop/s     (591.2837 GFlop/s per process)    95%    140.4 sec left
CG set 5078 / 5315    591.2836 GFlop/s     (591.2836 GFlop/s per process)    95%    139.7 sec left
CG set 5079 / 5315    591.2837 GFlop/s     (591.2837 GFlop/s per process)    95%    139.0 sec left
CG set 5080 / 5315    591.2837 GFlop/s     (591.2837 GFlop/s per process)    95%    138.3 sec left
CG set 5081 / 5315    591.2837 GFlop/s     (591.2837 GFlop/s per process)    95%    137.7 sec left
CG set 5082 / 5315    591.2838 GFlop/s     (591.2838 GFlop/s per process)    95%    137.0 sec left
CG set 5083 / 5315    591.2838 GFlop/s     (591.2838 GFlop/s per process)    95%    136.3 sec left
CG set 5084 / 5315    591.2837 GFlop/s     (591.2837 GFlop/s per process)    95%    135.6 sec left
CG set 5085 / 5315    591.2837 GFlop/s     (591.2837 GFlop/s per process)    95%    134.9 sec left
CG set 5086 / 5315    591.2837 GFlop/s     (591.2837 GFlop/s per process)    95%    134.3 sec left
CG set 5087 / 5315    591.2837 GFlop/s     (591.2837 GFlop/s per process)    95%    133.6 sec left
CG set 5088 / 5315    591.2836 GFlop/s     (591.2836 GFlop/s per process)    95%    132.9 sec left
CG set 5089 / 5315    591.2836 GFlop/s     (591.2836 GFlop/s per process)    95%    132.2 sec left
CG set 5090 / 5315    591.2836 GFlop/s     (591.2836 GFlop/s per process)    95%    131.5 sec left
CG set 5091 / 5315    591.2834 GFlop/s     (591.2834 GFlop/s per process)    95%    130.8 sec left
CG set 5092 / 5315    591.2834 GFlop/s     (591.2834 GFlop/s per process)    95%    130.2 sec left
CG set 5093 / 5315    591.2833 GFlop/s     (591.2833 GFlop/s per process)    95%    129.5 sec left
CG set 5094 / 5315    591.2834 GFlop/s     (591.2834 GFlop/s per process)    95%    128.8 sec left
CG set 5095 / 5315    591.2834 GFlop/s     (591.2834 GFlop/s per process)    95%    128.1 sec left
CG set 5096 / 5315    591.2835 GFlop/s     (591.2835 GFlop/s per process)    95%    127.4 sec left
CG set 5097 / 5315    591.2836 GFlop/s     (591.2836 GFlop/s per process)    95%    126.8 sec left
CG set 5098 / 5315    591.2835 GFlop/s     (591.2835 GFlop/s per process)    95%    126.1 sec left
CG set 5099 / 5315    591.2836 GFlop/s     (591.2836 GFlop/s per process)    95%    125.4 sec left
CG set 5100 / 5315    591.2837 GFlop/s     (591.2837 GFlop/s per process)    95%    124.7 sec left
CG set 5101 / 5315    591.2838 GFlop/s     (591.2838 GFlop/s per process)    95%    124.0 sec left
CG set 5102 / 5315    591.2838 GFlop/s     (591.2838 GFlop/s per process)    95%    123.4 sec left
CG set 5103 / 5315    591.2838 GFlop/s     (591.2838 GFlop/s per process)    96%    122.7 sec left
CG set 5104 / 5315    591.2839 GFlop/s     (591.2839 GFlop/s per process)    96%    122.0 sec left
CG set 5105 / 5315    591.2841 GFlop/s     (591.2841 GFlop/s per process)    96%    121.3 sec left
CG set 5106 / 5315    591.2840 GFlop/s     (591.2840 GFlop/s per process)    96%    120.6 sec left
CG set 5107 / 5315    591.2839 GFlop/s     (591.2839 GFlop/s per process)    96%    119.9 sec left
CG set 5108 / 5315    591.2839 GFlop/s     (591.2839 GFlop/s per process)    96%    119.3 sec left
CG set 5109 / 5315    591.2839 GFlop/s     (591.2839 GFlop/s per process)    96%    118.6 sec left
CG set 5110 / 5315    591.2839 GFlop/s     (591.2839 GFlop/s per process)    96%    117.9 sec left
CG set 5111 / 5315    591.2838 GFlop/s     (591.2838 GFlop/s per process)    96%    117.2 sec left
CG set 5112 / 5315    591.2838 GFlop/s     (591.2838 GFlop/s per process)    96%    116.5 sec left
CG set 5113 / 5315    591.2838 GFlop/s     (591.2838 GFlop/s per process)    96%    115.9 sec left
CG set 5114 / 5315    591.2838 GFlop/s     (591.2838 GFlop/s per process)    96%    115.2 sec left
CG set 5115 / 5315    591.2840 GFlop/s     (591.2840 GFlop/s per process)    96%    114.5 sec left
CG set 5116 / 5315    591.2840 GFlop/s     (591.2840 GFlop/s per process)    96%    113.8 sec left
CG set 5117 / 5315    591.2840 GFlop/s     (591.2840 GFlop/s per process)    96%    113.1 sec left
CG set 5118 / 5315    591.2840 GFlop/s     (591.2840 GFlop/s per process)    96%    112.5 sec left
CG set 5119 / 5315    591.2839 GFlop/s     (591.2839 GFlop/s per process)    96%    111.8 sec left
CG set 5120 / 5315    591.2839 GFlop/s     (591.2839 GFlop/s per process)    96%    111.1 sec left
CG set 5121 / 5315    591.2838 GFlop/s     (591.2838 GFlop/s per process)    96%    110.4 sec left
CG set 5122 / 5315    591.2838 GFlop/s     (591.2838 GFlop/s per process)    96%    109.7 sec left
CG set 5123 / 5315    591.2839 GFlop/s     (591.2839 GFlop/s per process)    96%    109.0 sec left
CG set 5124 / 5315    591.2839 GFlop/s     (591.2839 GFlop/s per process)    96%    108.4 sec left
CG set 5125 / 5315    591.2840 GFlop/s     (591.2840 GFlop/s per process)    96%    107.7 sec left
CG set 5126 / 5315    591.2840 GFlop/s     (591.2840 GFlop/s per process)    96%    107.0 sec left
CG set 5127 / 5315    591.2839 GFlop/s     (591.2839 GFlop/s per process)    96%    106.3 sec left
CG set 5128 / 5315    591.2841 GFlop/s     (591.2841 GFlop/s per process)    96%    105.6 sec left
CG set 5129 / 5315    591.2841 GFlop/s     (591.2841 GFlop/s per process)    96%    105.0 sec left
CG set 5130 / 5315    591.2841 GFlop/s     (591.2841 GFlop/s per process)    96%    104.3 sec left
CG set 5131 / 5315    591.2842 GFlop/s     (591.2842 GFlop/s per process)    96%    103.6 sec left
CG set 5132 / 5315    591.2843 GFlop/s     (591.2843 GFlop/s per process)    96%    102.9 sec left
CG set 5133 / 5315    591.2844 GFlop/s     (591.2844 GFlop/s per process)    96%    102.2 sec left
CG set 5134 / 5315    591.2843 GFlop/s     (591.2843 GFlop/s per process)    96%    101.6 sec left
CG set 5135 / 5315    591.2843 GFlop/s     (591.2843 GFlop/s per process)    96%    100.9 sec left
CG set 5136 / 5315    591.2844 GFlop/s     (591.2844 GFlop/s per process)    96%    100.2 sec left
CG set 5137 / 5315    591.2844 GFlop/s     (591.2844 GFlop/s per process)    96%    99.5 sec left
CG set 5138 / 5315    591.2842 GFlop/s     (591.2842 GFlop/s per process)    96%    98.8 sec left
CG set 5139 / 5315    591.2843 GFlop/s     (591.2843 GFlop/s per process)    96%    98.1 sec left
CG set 5140 / 5315    591.2843 GFlop/s     (591.2843 GFlop/s per process)    96%    97.5 sec left
CG set 5141 / 5315    591.2844 GFlop/s     (591.2844 GFlop/s per process)    96%    96.8 sec left
CG set 5142 / 5315    591.2843 GFlop/s     (591.2843 GFlop/s per process)    96%    96.1 sec left
CG set 5143 / 5315    591.2842 GFlop/s     (591.2842 GFlop/s per process)    96%    95.4 sec left
CG set 5144 / 5315    591.2842 GFlop/s     (591.2842 GFlop/s per process)    96%    94.7 sec left
CG set 5145 / 5315    591.2842 GFlop/s     (591.2842 GFlop/s per process)    96%    94.1 sec left
CG set 5146 / 5315    591.2843 GFlop/s     (591.2843 GFlop/s per process)    96%    93.4 sec left
CG set 5147 / 5315    591.2841 GFlop/s     (591.2841 GFlop/s per process)    96%    92.7 sec left
CG set 5148 / 5315    591.2840 GFlop/s     (591.2840 GFlop/s per process)    96%    92.0 sec left
CG set 5149 / 5315    591.2839 GFlop/s     (591.2839 GFlop/s per process)    96%    91.3 sec left
CG set 5150 / 5315    591.2838 GFlop/s     (591.2838 GFlop/s per process)    96%    90.6 sec left
CG set 5151 / 5315    591.2838 GFlop/s     (591.2838 GFlop/s per process)    96%    90.0 sec left
CG set 5152 / 5315    591.2837 GFlop/s     (591.2837 GFlop/s per process)    96%    89.3 sec left
CG set 5153 / 5315    591.2839 GFlop/s     (591.2839 GFlop/s per process)    96%    88.6 sec left
CG set 5154 / 5315    591.2838 GFlop/s     (591.2838 GFlop/s per process)    96%    87.9 sec left
CG set 5155 / 5315    591.2838 GFlop/s     (591.2838 GFlop/s per process)    96%    87.2 sec left
CG set 5156 / 5315    591.2839 GFlop/s     (591.2839 GFlop/s per process)    97%    86.6 sec left
CG set 5157 / 5315    591.2837 GFlop/s     (591.2837 GFlop/s per process)    97%    85.9 sec left
CG set 5158 / 5315    591.2836 GFlop/s     (591.2836 GFlop/s per process)    97%    85.2 sec left
CG set 5159 / 5315    591.2837 GFlop/s     (591.2837 GFlop/s per process)    97%    84.5 sec left
CG set 5160 / 5315    591.2837 GFlop/s     (591.2837 GFlop/s per process)    97%    83.8 sec left
CG set 5161 / 5315    591.2836 GFlop/s     (591.2836 GFlop/s per process)    97%    83.1 sec left
CG set 5162 / 5315    591.2836 GFlop/s     (591.2836 GFlop/s per process)    97%    82.5 sec left
CG set 5163 / 5315    591.2837 GFlop/s     (591.2837 GFlop/s per process)    97%    81.8 sec left
CG set 5164 / 5315    591.2837 GFlop/s     (591.2837 GFlop/s per process)    97%    81.1 sec left
CG set 5165 / 5315    591.2837 GFlop/s     (591.2837 GFlop/s per process)    97%    80.4 sec left
CG set 5166 / 5315    591.2836 GFlop/s     (591.2836 GFlop/s per process)    97%    79.7 sec left
CG set 5167 / 5315    591.2838 GFlop/s     (591.2838 GFlop/s per process)    97%    79.1 sec left
CG set 5168 / 5315    591.2836 GFlop/s     (591.2836 GFlop/s per process)    97%    78.4 sec left
CG set 5169 / 5315    591.2837 GFlop/s     (591.2837 GFlop/s per process)    97%    77.7 sec left
CG set 5170 / 5315    591.2838 GFlop/s     (591.2838 GFlop/s per process)    97%    77.0 sec left
CG set 5171 / 5315    591.2837 GFlop/s     (591.2837 GFlop/s per process)    97%    76.3 sec left
CG set 5172 / 5315    591.2837 GFlop/s     (591.2837 GFlop/s per process)    97%    75.7 sec left
CG set 5173 / 5315    591.2838 GFlop/s     (591.2838 GFlop/s per process)    97%    75.0 sec left
CG set 5174 / 5315    591.2836 GFlop/s     (591.2836 GFlop/s per process)    97%    74.3 sec left
CG set 5175 / 5315    591.2837 GFlop/s     (591.2837 GFlop/s per process)    97%    73.6 sec left
CG set 5176 / 5315    591.2835 GFlop/s     (591.2835 GFlop/s per process)    97%    72.9 sec left
CG set 5177 / 5315    591.2836 GFlop/s     (591.2836 GFlop/s per process)    97%    72.2 sec left
CG set 5178 / 5315    591.2835 GFlop/s     (591.2835 GFlop/s per process)    97%    71.6 sec left
CG set 5179 / 5315    591.2834 GFlop/s     (591.2834 GFlop/s per process)    97%    70.9 sec left
CG set 5180 / 5315    591.2835 GFlop/s     (591.2835 GFlop/s per process)    97%    70.2 sec left
CG set 5181 / 5315    591.2835 GFlop/s     (591.2835 GFlop/s per process)    97%    69.5 sec left
CG set 5182 / 5315    591.2835 GFlop/s     (591.2835 GFlop/s per process)    97%    68.8 sec left
CG set 5183 / 5315    591.2834 GFlop/s     (591.2834 GFlop/s per process)    97%    68.2 sec left
CG set 5184 / 5315    591.2836 GFlop/s     (591.2836 GFlop/s per process)    97%    67.5 sec left
CG set 5185 / 5315    591.2837 GFlop/s     (591.2837 GFlop/s per process)    97%    66.8 sec left
CG set 5186 / 5315    591.2837 GFlop/s     (591.2837 GFlop/s per process)    97%    66.1 sec left
CG set 5187 / 5315    591.2836 GFlop/s     (591.2836 GFlop/s per process)    97%    65.4 sec left
CG set 5188 / 5315    591.2836 GFlop/s     (591.2836 GFlop/s per process)    97%    64.7 sec left
CG set 5189 / 5315    591.2836 GFlop/s     (591.2836 GFlop/s per process)    97%    64.1 sec left
CG set 5190 / 5315    591.2834 GFlop/s     (591.2834 GFlop/s per process)    97%    63.4 sec left
CG set 5191 / 5315    591.2834 GFlop/s     (591.2834 GFlop/s per process)    97%    62.7 sec left
CG set 5192 / 5315    591.2832 GFlop/s     (591.2832 GFlop/s per process)    97%    62.0 sec left
CG set 5193 / 5315    591.2832 GFlop/s     (591.2832 GFlop/s per process)    97%    61.3 sec left
CG set 5194 / 5315    591.2832 GFlop/s     (591.2832 GFlop/s per process)    97%    60.7 sec left
CG set 5195 / 5315    591.2831 GFlop/s     (591.2831 GFlop/s per process)    97%    60.0 sec left
CG set 5196 / 5315    591.2833 GFlop/s     (591.2833 GFlop/s per process)    97%    59.3 sec left
CG set 5197 / 5315    591.2833 GFlop/s     (591.2833 GFlop/s per process)    97%    58.6 sec left
CG set 5198 / 5315    591.2834 GFlop/s     (591.2834 GFlop/s per process)    97%    57.9 sec left
CG set 5199 / 5315    591.2834 GFlop/s     (591.2834 GFlop/s per process)    97%    57.3 sec left
CG set 5200 / 5315    591.2834 GFlop/s     (591.2834 GFlop/s per process)    97%    56.6 sec left
CG set 5201 / 5315    591.2834 GFlop/s     (591.2834 GFlop/s per process)    97%    55.9 sec left
CG set 5202 / 5315    591.2834 GFlop/s     (591.2834 GFlop/s per process)    97%    55.2 sec left
CG set 5203 / 5315    591.2835 GFlop/s     (591.2835 GFlop/s per process)    97%    54.5 sec left
CG set 5204 / 5315    591.2835 GFlop/s     (591.2835 GFlop/s per process)    97%    53.8 sec left
CG set 5205 / 5315    591.2834 GFlop/s     (591.2834 GFlop/s per process)    97%    53.2 sec left
CG set 5206 / 5315    591.2835 GFlop/s     (591.2835 GFlop/s per process)    97%    52.5 sec left
CG set 5207 / 5315    591.2833 GFlop/s     (591.2833 GFlop/s per process)    97%    51.8 sec left
CG set 5208 / 5315    591.2834 GFlop/s     (591.2834 GFlop/s per process)    97%    51.1 sec left
CG set 5209 / 5315    591.2834 GFlop/s     (591.2834 GFlop/s per process)    98%    50.4 sec left
CG set 5210 / 5315    591.2833 GFlop/s     (591.2833 GFlop/s per process)    98%    49.8 sec left
CG set 5211 / 5315    591.2832 GFlop/s     (591.2832 GFlop/s per process)    98%    49.1 sec left
CG set 5212 / 5315    591.2831 GFlop/s     (591.2831 GFlop/s per process)    98%    48.4 sec left
CG set 5213 / 5315    591.2833 GFlop/s     (591.2833 GFlop/s per process)    98%    47.7 sec left
CG set 5214 / 5315    591.2832 GFlop/s     (591.2832 GFlop/s per process)    98%    47.0 sec left
CG set 5215 / 5315    591.2832 GFlop/s     (591.2832 GFlop/s per process)    98%    46.3 sec left
CG set 5216 / 5315    591.2832 GFlop/s     (591.2832 GFlop/s per process)    98%    45.7 sec left
CG set 5217 / 5315    591.2832 GFlop/s     (591.2832 GFlop/s per process)    98%    45.0 sec left
CG set 5218 / 5315    591.2832 GFlop/s     (591.2832 GFlop/s per process)    98%    44.3 sec left
CG set 5219 / 5315    591.2833 GFlop/s     (591.2833 GFlop/s per process)    98%    43.6 sec left
CG set 5220 / 5315    591.2832 GFlop/s     (591.2832 GFlop/s per process)    98%    42.9 sec left
CG set 5221 / 5315    591.2832 GFlop/s     (591.2832 GFlop/s per process)    98%    42.3 sec left
CG set 5222 / 5315    591.2833 GFlop/s     (591.2833 GFlop/s per process)    98%    41.6 sec left
CG set 5223 / 5315    591.2832 GFlop/s     (591.2832 GFlop/s per process)    98%    40.9 sec left
CG set 5224 / 5315    591.2831 GFlop/s     (591.2831 GFlop/s per process)    98%    40.2 sec left
CG set 5225 / 5315    591.2832 GFlop/s     (591.2832 GFlop/s per process)    98%    39.5 sec left
CG set 5226 / 5315    591.2831 GFlop/s     (591.2831 GFlop/s per process)    98%    38.9 sec left
CG set 5227 / 5315    591.2832 GFlop/s     (591.2832 GFlop/s per process)    98%    38.2 sec left
CG set 5228 / 5315    591.2832 GFlop/s     (591.2832 GFlop/s per process)    98%    37.5 sec left
CG set 5229 / 5315    591.2832 GFlop/s     (591.2832 GFlop/s per process)    98%    36.8 sec left
CG set 5230 / 5315    591.2833 GFlop/s     (591.2833 GFlop/s per process)    98%    36.1 sec left
CG set 5231 / 5315    591.2833 GFlop/s     (591.2833 GFlop/s per process)    98%    35.4 sec left
CG set 5232 / 5315    591.2833 GFlop/s     (591.2833 GFlop/s per process)    98%    34.8 sec left
CG set 5233 / 5315    591.2832 GFlop/s     (591.2832 GFlop/s per process)    98%    34.1 sec left
CG set 5234 / 5315    591.2832 GFlop/s     (591.2832 GFlop/s per process)    98%    33.4 sec left
CG set 5235 / 5315    591.2832 GFlop/s     (591.2832 GFlop/s per process)    98%    32.7 sec left
CG set 5236 / 5315    591.2834 GFlop/s     (591.2834 GFlop/s per process)    98%    32.0 sec left
CG set 5237 / 5315    591.2834 GFlop/s     (591.2834 GFlop/s per process)    98%    31.4 sec left
CG set 5238 / 5315    591.2835 GFlop/s     (591.2835 GFlop/s per process)    98%    30.7 sec left
CG set 5239 / 5315    591.2835 GFlop/s     (591.2835 GFlop/s per process)    98%    30.0 sec left
CG set 5240 / 5315    591.2836 GFlop/s     (591.2836 GFlop/s per process)    98%    29.3 sec left
CG set 5241 / 5315    591.2836 GFlop/s     (591.2836 GFlop/s per process)    98%    28.6 sec left
CG set 5242 / 5315    591.2835 GFlop/s     (591.2835 GFlop/s per process)    98%    28.0 sec left
CG set 5243 / 5315    591.2836 GFlop/s     (591.2836 GFlop/s per process)    98%    27.3 sec left
CG set 5244 / 5315    591.2837 GFlop/s     (591.2837 GFlop/s per process)    98%    26.6 sec left
CG set 5245 / 5315    591.2839 GFlop/s     (591.2839 GFlop/s per process)    98%    25.9 sec left
CG set 5246 / 5315    591.2839 GFlop/s     (591.2839 GFlop/s per process)    98%    25.2 sec left
CG set 5247 / 5315    591.2839 GFlop/s     (591.2839 GFlop/s per process)    98%    24.5 sec left
CG set 5248 / 5315    591.2839 GFlop/s     (591.2839 GFlop/s per process)    98%    23.9 sec left
CG set 5249 / 5315    591.2839 GFlop/s     (591.2839 GFlop/s per process)    98%    23.2 sec left
CG set 5250 / 5315    591.2838 GFlop/s     (591.2838 GFlop/s per process)    98%    22.5 sec left
CG set 5251 / 5315    591.2837 GFlop/s     (591.2837 GFlop/s per process)    98%    21.8 sec left
CG set 5252 / 5315    591.2838 GFlop/s     (591.2838 GFlop/s per process)    98%    21.1 sec left
CG set 5253 / 5315    591.2839 GFlop/s     (591.2839 GFlop/s per process)    98%    20.5 sec left
CG set 5254 / 5315    591.2838 GFlop/s     (591.2838 GFlop/s per process)    98%    19.8 sec left
CG set 5255 / 5315    591.2838 GFlop/s     (591.2838 GFlop/s per process)    98%    19.1 sec left
CG set 5256 / 5315    591.2838 GFlop/s     (591.2838 GFlop/s per process)    98%    18.4 sec left
CG set 5257 / 5315    591.2836 GFlop/s     (591.2836 GFlop/s per process)    98%    17.7 sec left
CG set 5258 / 5315    591.2836 GFlop/s     (591.2836 GFlop/s per process)    98%    17.0 sec left
CG set 5259 / 5315    591.2836 GFlop/s     (591.2836 GFlop/s per process)    98%    16.4 sec left
CG set 5260 / 5315    591.2837 GFlop/s     (591.2837 GFlop/s per process)    98%    15.7 sec left
CG set 5261 / 5315    591.2836 GFlop/s     (591.2836 GFlop/s per process)    98%    15.0 sec left
CG set 5262 / 5315    591.2836 GFlop/s     (591.2836 GFlop/s per process)    99%    14.3 sec left
CG set 5263 / 5315    591.2836 GFlop/s     (591.2836 GFlop/s per process)    99%    13.6 sec left
CG set 5264 / 5315    591.2835 GFlop/s     (591.2835 GFlop/s per process)    99%    13.0 sec left
CG set 5265 / 5315    591.2838 GFlop/s     (591.2838 GFlop/s per process)    99%    12.3 sec left
CG set 5266 / 5315    591.2836 GFlop/s     (591.2836 GFlop/s per process)    99%    11.6 sec left
CG set 5267 / 5315    591.2836 GFlop/s     (591.2836 GFlop/s per process)    99%    10.9 sec left
CG set 5268 / 5315    591.2836 GFlop/s     (591.2836 GFlop/s per process)    99%    10.2 sec left
CG set 5269 / 5315    591.2836 GFlop/s     (591.2836 GFlop/s per process)    99%    9.6 sec left
CG set 5270 / 5315    591.2836 GFlop/s     (591.2836 GFlop/s per process)    99%    8.9 sec left
CG set 5271 / 5315    591.2837 GFlop/s     (591.2837 GFlop/s per process)    99%    8.2 sec left
CG set 5272 / 5315    591.2837 GFlop/s     (591.2837 GFlop/s per process)    99%    7.5 sec left
CG set 5273 / 5315    591.2836 GFlop/s     (591.2836 GFlop/s per process)    99%    6.8 sec left
CG set 5274 / 5315    591.2837 GFlop/s     (591.2837 GFlop/s per process)    99%    6.1 sec left
CG set 5275 / 5315    591.2837 GFlop/s     (591.2837 GFlop/s per process)    99%    5.5 sec left
CG set 5276 / 5315    591.2837 GFlop/s     (591.2837 GFlop/s per process)    99%    4.8 sec left
CG set 5277 / 5315    591.2836 GFlop/s     (591.2836 GFlop/s per process)    99%    4.1 sec left
CG set 5278 / 5315    591.2836 GFlop/s     (591.2836 GFlop/s per process)    99%    3.4 sec left
CG set 5279 / 5315    591.2836 GFlop/s     (591.2836 GFlop/s per process)    99%    2.7 sec left
CG set 5280 / 5315    591.2837 GFlop/s     (591.2837 GFlop/s per process)    99%    2.1 sec left
CG set 5281 / 5315    591.2837 GFlop/s     (591.2837 GFlop/s per process)    99%    1.4 sec left
CG set 5282 / 5315    591.2836 GFlop/s     (591.2836 GFlop/s per process)    99%    0.7 sec left
CG set 5283 / 5315    591.2835 GFlop/s     (591.2835 GFlop/s per process)    99%    0.0 sec left
CG set 5284 / 5315    591.2833 GFlop/s     (591.2833 GFlop/s per process)    99%    0.0 sec left
CG set 5285 / 5315    591.2834 GFlop/s     (591.2834 GFlop/s per process)    99%    0.0 sec left
CG set 5286 / 5315    591.2834 GFlop/s     (591.2834 GFlop/s per process)    99%    0.0 sec left
CG set 5287 / 5315    591.2832 GFlop/s     (591.2832 GFlop/s per process)    99%    0.0 sec left
CG set 5288 / 5315    591.2832 GFlop/s     (591.2832 GFlop/s per process)    99%    0.0 sec left
CG set 5289 / 5315    591.2832 GFlop/s     (591.2832 GFlop/s per process)    99%    0.0 sec left
CG set 5290 / 5315    591.2832 GFlop/s     (591.2832 GFlop/s per process)    99%    0.0 sec left
CG set 5291 / 5315    591.2833 GFlop/s     (591.2833 GFlop/s per process)    99%    0.0 sec left
CG set 5292 / 5315    591.2834 GFlop/s     (591.2834 GFlop/s per process)    99%    0.0 sec left
CG set 5293 / 5315    591.2834 GFlop/s     (591.2834 GFlop/s per process)    99%    0.0 sec left
CG set 5294 / 5315    591.2834 GFlop/s     (591.2834 GFlop/s per process)    99%    0.0 sec left
CG set 5295 / 5315    591.2834 GFlop/s     (591.2834 GFlop/s per process)    99%    0.0 sec left
CG set 5296 / 5315    591.2833 GFlop/s     (591.2833 GFlop/s per process)    99%    0.0 sec left
CG set 5297 / 5315    591.2834 GFlop/s     (591.2834 GFlop/s per process)    99%    0.0 sec left
CG set 5298 / 5315    591.2833 GFlop/s     (591.2833 GFlop/s per process)    99%    0.0 sec left
CG set 5299 / 5315    591.2833 GFlop/s     (591.2833 GFlop/s per process)    99%    0.0 sec left
CG set 5300 / 5315    591.2834 GFlop/s     (591.2834 GFlop/s per process)    99%    0.0 sec left
CG set 5301 / 5315    591.2833 GFlop/s     (591.2833 GFlop/s per process)    99%    0.0 sec left
CG set 5302 / 5315    591.2833 GFlop/s     (591.2833 GFlop/s per process)    99%    0.0 sec left
CG set 5303 / 5315    591.2833 GFlop/s     (591.2833 GFlop/s per process)    99%    0.0 sec left
CG set 5304 / 5315    591.2833 GFlop/s     (591.2833 GFlop/s per process)    99%    0.0 sec left
CG set 5305 / 5315    591.2834 GFlop/s     (591.2834 GFlop/s per process)    99%    0.0 sec left
CG set 5306 / 5315    591.2833 GFlop/s     (591.2833 GFlop/s per process)    99%    0.0 sec left
CG set 5307 / 5315    591.2833 GFlop/s     (591.2833 GFlop/s per process)    99%    0.0 sec left
CG set 5308 / 5315    591.2832 GFlop/s     (591.2832 GFlop/s per process)    99%    0.0 sec left
CG set 5309 / 5315    591.2832 GFlop/s     (591.2832 GFlop/s per process)    99%    0.0 sec left
CG set 5310 / 5315    591.2832 GFlop/s     (591.2832 GFlop/s per process)    99%    0.0 sec left
CG set 5311 / 5315    591.2831 GFlop/s     (591.2831 GFlop/s per process)    99%    0.0 sec left
CG set 5312 / 5315    591.2831 GFlop/s     (591.2831 GFlop/s per process)    99%    0.0 sec left
CG set 5313 / 5315    591.2832 GFlop/s     (591.2832 GFlop/s per process)    99%    0.0 sec left
CG set 5314 / 5315    591.2831 GFlop/s     (591.2831 GFlop/s per process)    99%    0.0 sec left
CG set 5315 / 5315    591.2832 GFlop/s     (591.2832 GFlop/s per process)    100%    0.0 sec left

Local domain: 280 x 280 x 280
Global domain: 280 x 280 x 280
Process domain: 1 x 1 x 1

Total Time: 3621.79 sec
Setup Time: 0.03 sec
Optimization Time: 0.07 sec

DDOT   =   275.9 GFlop/s ( 2207.1 GB/s)     275.9 GFlop/s per process ( 2207.1 GB/s per process)
WAXPBY =   206.0 GFlop/s ( 2471.6 GB/s)     206.0 GFlop/s per process ( 2471.6 GB/s per process)
SpMV   =   540.9 GFlop/s ( 4488.6 GB/s)     540.9 GFlop/s per process ( 4488.6 GB/s per process)
MG     =   652.7 GFlop/s ( 6343.5 GB/s)     652.7 GFlop/s per process ( 6343.5 GB/s per process)
Total  =   599.9 GFlop/s ( 5710.1 GB/s)     599.9 GFlop/s per process ( 5710.1 GB/s per process)
Final  =   591.3 GFlop/s ( 5628.5 GB/s)     591.3 GFlop/s per process ( 5628.5 GB/s per process)
