Timestamp,gpu,socket_power,gfx_voltage,soc_voltage,mem_voltage,throttle_status,power_management,gfx_0_clk,gfx_0_min_clk,gfx_0_max_clk,gfx_0_clk_locked,gfx_0_deep_sleep,gfx_1_clk,gfx_1_min_clk,gfx_1_max_clk,gfx_1_clk_locked,gfx_1_deep_sleep,gfx_2_clk,gfx_2_min_clk,gfx_2_max_clk,gfx_2_clk_locked,gfx_2_deep_sleep,gfx_3_clk,gfx_3_min_clk,gfx_3_max_clk,gfx_3_clk_locked,gfx_3_deep_sleep,gfx_4_clk,gfx_4_min_clk,gfx_4_max_clk,gfx_4_clk_locked,gfx_4_deep_sleep,gfx_5_clk,gfx_5_min_clk,gfx_5_max_clk,gfx_5_clk_locked,gfx_5_deep_sleep,gfx_6_clk,gfx_6_min_clk,gfx_6_max_clk,gfx_6_clk_locked,gfx_6_deep_sleep,gfx_7_clk,gfx_7_min_clk,gfx_7_max_clk,gfx_7_clk_locked,gfx_7_deep_sleep,mem_0_clk,mem_0_min_clk,mem_0_max_clk,mem_0_clk_locked,mem_0_deep_sleep,vclk_0_clk,vclk_0_min_clk,vclk_0_max_clk,vclk_0_clk_locked,vclk_0_deep_sleep,vclk_1_clk,vclk_1_min_clk,vclk_1_max_clk,vclk_1_clk_locked,vclk_1_deep_sleep,vclk_2_clk,vclk_2_min_clk,vclk_2_max_clk,vclk_2_clk_locked,vclk_2_deep_sleep,vclk_3_clk,vclk_3_min_clk,vclk_3_max_clk,vclk_3_clk_locked,vclk_3_deep_sleep,dclk_0_clk,dclk_0_min_clk,dclk_0_max_clk,dclk_0_clk_locked,dclk_0_deep_sleep,dclk_1_clk,dclk_1_min_clk,dclk_1_max_clk,dclk_1_clk_locked,dclk_1_deep_sleep,dclk_2_clk,dclk_2_min_clk,dclk_2_max_clk,dclk_2_clk_locked,dclk_2_deep_sleep,dclk_3_clk,dclk_3_min_clk,dclk_3_max_clk,dclk_3_clk_locked,dclk_3_deep_sleep,edge,hotspot,mem
1744564468,0,121,N/A,N/A,N/A,N/A,ENABLED,143,147,2100,DISABLED,DISABLED,131,147,2100,DISABLED,ENABLED,131,147,2100,DISABLED,ENABLED,132,147,2100,DISABLED,ENABLED,132,147,2100,DISABLED,ENABLED,131,147,2100,DISABLED,ENABLED,131,147,2100,DISABLED,ENABLED,132,147,2100,DISABLED,ENABLED,900,900,1500,N/A,DISABLED,29,914,1680,N/A,ENABLED,29,914,1680,N/A,ENABLED,29,914,1680,N/A,ENABLED,29,914,1680,N/A,ENABLED,22,711,1400,N/A,ENABLED,22,711,1400,N/A,ENABLED,22,711,1400,N/A,ENABLED,22,711,1400,N/A,ENABLED,N/A,44,43
1744564469,0,121,N/A,N/A,N/A,N/A,ENABLED,134,500,2100,DISABLED,ENABLED,131,500,2100,DISABLED,ENABLED,131,500,2100,DISABLED,ENABLED,132,500,2100,DISABLED,ENABLED,132,500,2100,DISABLED,ENABLED,131,500,2100,DISABLED,ENABLED,131,500,2100,DISABLED,ENABLED,132,500,2100,DISABLED,ENABLED,900,900,1500,N/A,DISABLED,29,914,1680,N/A,ENABLED,29,914,1680,N/A,ENABLED,29,914,1680,N/A,ENABLED,29,914,1680,N/A,ENABLED,22,711,1400,N/A,ENABLED,22,711,1400,N/A,ENABLED,22,711,1400,N/A,ENABLED,22,711,1400,N/A,ENABLED,N/A,44,43
1744564470,0,120,N/A,N/A,N/A,N/A,ENABLED,133,500,2100,DISABLED,ENABLED,131,500,2100,DISABLED,ENABLED,131,500,2100,DISABLED,ENABLED,132,500,2100,DISABLED,ENABLED,132,500,2100,DISABLED,ENABLED,131,500,2100,DISABLED,ENABLED,131,500,2100,DISABLED,ENABLED,132,500,2100,DISABLED,ENABLED,900,900,1500,N/A,DISABLED,29,914,1680,N/A,ENABLED,29,914,1680,N/A,ENABLED,29,914,1680,N/A,ENABLED,29,914,1680,N/A,ENABLED,22,711,1400,N/A,ENABLED,22,711,1400,N/A,ENABLED,22,711,1400,N/A,ENABLED,22,711,1400,N/A,ENABLED,N/A,44,44
1744564471,0,121,N/A,N/A,N/A,N/A,ENABLED,132,500,2100,DISABLED,ENABLED,131,500,2100,DISABLED,ENABLED,131,500,2100,DISABLED,ENABLED,132,500,2100,DISABLED,ENABLED,132,500,2100,DISABLED,ENABLED,131,500,2100,DISABLED,ENABLED,131,500,2100,DISABLED,ENABLED,132,500,2100,DISABLED,ENABLED,900,900,1500,N/A,DISABLED,29,914,1680,N/A,ENABLED,29,914,1680,N/A,ENABLED,29,914,1680,N/A,ENABLED,29,914,1680,N/A,ENABLED,22,711,1400,N/A,ENABLED,22,711,1400,N/A,ENABLED,22,711,1400,N/A,ENABLED,22,711,1400,N/A,ENABLED,N/A,44,43
1744564472,0,120,N/A,N/A,N/A,N/A,ENABLED,132,500,2100,DISABLED,ENABLED,131,500,2100,DISABLED,ENABLED,131,500,2100,DISABLED,ENABLED,132,500,2100,DISABLED,ENABLED,132,500,2100,DISABLED,ENABLED,131,500,2100,DISABLED,ENABLED,131,500,2100,DISABLED,ENABLED,132,500,2100,DISABLED,ENABLED,900,900,1500,N/A,DISABLED,29,914,1680,N/A,ENABLED,29,914,1680,N/A,ENABLED,29,914,1680,N/A,ENABLED,29,914,1680,N/A,ENABLED,22,711,1400,N/A,ENABLED,22,711,1400,N/A,ENABLED,22,711,1400,N/A,ENABLED,22,711,1400,N/A,ENABLED,N/A,44,43
1744564474,0,120,N/A,N/A,N/A,N/A,ENABLED,132,500,2100,DISABLED,ENABLED,131,500,2100,DISABLED,ENABLED,131,500,2100,DISABLED,ENABLED,132,500,2100,DISABLED,ENABLED,132,500,2100,DISABLED,ENABLED,131,500,2100,DISABLED,ENABLED,131,500,2100,DISABLED,ENABLED,132,500,2100,DISABLED,ENABLED,900,900,1500,N/A,DISABLED,29,914,1680,N/A,ENABLED,29,914,1680,N/A,ENABLED,29,914,1680,N/A,ENABLED,29,914,1680,N/A,ENABLED,22,711,1400,N/A,ENABLED,22,711,1400,N/A,ENABLED,22,711,1400,N/A,ENABLED,22,711,1400,N/A,ENABLED,N/A,44,43
1744564475,0,120,N/A,N/A,N/A,N/A,ENABLED,132,500,2100,DISABLED,ENABLED,131,500,2100,DISABLED,ENABLED,131,500,2100,DISABLED,ENABLED,132,500,2100,DISABLED,ENABLED,132,500,2100,DISABLED,ENABLED,131,500,2100,DISABLED,ENABLED,131,500,2100,DISABLED,ENABLED,132,500,2100,DISABLED,ENABLED,900,900,1500,N/A,DISABLED,29,914,1680,N/A,ENABLED,29,914,1680,N/A,ENABLED,29,914,1680,N/A,ENABLED,29,914,1680,N/A,ENABLED,22,711,1400,N/A,ENABLED,22,711,1400,N/A,ENABLED,22,711,1400,N/A,ENABLED,22,711,1400,N/A,ENABLED,N/A,44,43
1744564476,0,121,N/A,N/A,N/A,N/A,ENABLED,132,500,2100,DISABLED,ENABLED,131,500,2100,DISABLED,ENABLED,131,500,2100,DISABLED,ENABLED,132,500,2100,DISABLED,ENABLED,132,500,2100,DISABLED,ENABLED,131,500,2100,DISABLED,ENABLED,131,500,2100,DISABLED,ENABLED,132,500,2100,DISABLED,ENABLED,900,900,1500,N/A,DISABLED,29,914,1680,N/A,ENABLED,29,914,1680,N/A,ENABLED,29,914,1680,N/A,ENABLED,29,914,1680,N/A,ENABLED,22,711,1400,N/A,ENABLED,22,711,1400,N/A,ENABLED,22,711,1400,N/A,ENABLED,22,711,1400,N/A,ENABLED,N/A,43,43
1744564477,0,120,N/A,N/A,N/A,N/A,ENABLED,132,500,2100,DISABLED,ENABLED,131,500,2100,DISABLED,ENABLED,131,500,2100,DISABLED,ENABLED,132,500,2100,DISABLED,ENABLED,132,500,2100,DISABLED,ENABLED,131,500,2100,DISABLED,ENABLED,131,500,2100,DISABLED,ENABLED,132,500,2100,DISABLED,ENABLED,900,900,1500,N/A,DISABLED,29,914,1680,N/A,ENABLED,29,914,1680,N/A,ENABLED,29,914,1680,N/A,ENABLED,29,914,1680,N/A,ENABLED,22,711,1400,N/A,ENABLED,22,711,1400,N/A,ENABLED,22,711,1400,N/A,ENABLED,22,711,1400,N/A,ENABLED,N/A,43,43
1744564478,0,121,N/A,N/A,N/A,N/A,ENABLED,132,500,2100,DISABLED,ENABLED,131,500,2100,DISABLED,ENABLED,131,500,2100,DISABLED,ENABLED,132,500,2100,DISABLED,ENABLED,132,500,2100,DISABLED,ENABLED,131,500,2100,DISABLED,ENABLED,131,500,2100,DISABLED,ENABLED,132,500,2100,DISABLED,ENABLED,900,900,1500,N/A,DISABLED,29,914,1680,N/A,ENABLED,29,914,1680,N/A,ENABLED,29,914,1680,N/A,ENABLED,29,914,1680,N/A,ENABLED,22,711,1400,N/A,ENABLED,22,711,1400,N/A,ENABLED,22,711,1400,N/A,ENABLED,22,711,1400,N/A,ENABLED,N/A,43,43
1744564479,0,332,N/A,N/A,N/A,N/A,ENABLED,2077,500,2100,DISABLED,DISABLED,2068,500,2100,DISABLED,DISABLED,2079,500,2100,DISABLED,DISABLED,2084,500,2100,DISABLED,DISABLED,2082,500,2100,DISABLED,DISABLED,2079,500,2100,DISABLED,DISABLED,2077,500,2100,DISABLED,DISABLED,2087,500,2100,DISABLED,DISABLED,1484,900,1500,N/A,DISABLED,52,914,1680,N/A,ENABLED,52,914,1680,N/A,ENABLED,52,914,1680,N/A,ENABLED,52,914,1680,N/A,ENABLED,43,711,1400,N/A,ENABLED,43,711,1400,N/A,ENABLED,43,711,1400,N/A,ENABLED,43,711,1400,N/A,ENABLED,N/A,44,43
1744564481,0,340,N/A,N/A,N/A,N/A,ENABLED,2084,500,2100,DISABLED,DISABLED,2075,500,2100,DISABLED,DISABLED,2085,500,2100,DISABLED,DISABLED,2090,500,2100,DISABLED,DISABLED,2090,500,2100,DISABLED,DISABLED,2086,500,2100,DISABLED,DISABLED,2084,500,2100,DISABLED,DISABLED,2094,500,2100,DISABLED,DISABLED,1500,900,1500,N/A,DISABLED,53,914,1680,N/A,ENABLED,53,914,1680,N/A,ENABLED,53,914,1680,N/A,ENABLED,53,914,1680,N/A,ENABLED,44,711,1400,N/A,ENABLED,44,711,1400,N/A,ENABLED,44,711,1400,N/A,ENABLED,44,711,1400,N/A,ENABLED,N/A,45,43
1744564482,0,338,N/A,N/A,N/A,N/A,ENABLED,2084,500,2100,DISABLED,DISABLED,2075,500,2100,DISABLED,DISABLED,2085,500,2100,DISABLED,DISABLED,2091,500,2100,DISABLED,DISABLED,2089,500,2100,DISABLED,DISABLED,2085,500,2100,DISABLED,DISABLED,2084,500,2100,DISABLED,DISABLED,2094,500,2100,DISABLED,DISABLED,1500,900,1500,N/A,DISABLED,53,914,1680,N/A,ENABLED,53,914,1680,N/A,ENABLED,53,914,1680,N/A,ENABLED,53,914,1680,N/A,ENABLED,44,711,1400,N/A,ENABLED,44,711,1400,N/A,ENABLED,44,711,1400,N/A,ENABLED,44,711,1400,N/A,ENABLED,N/A,46,44
1744564483,0,340,N/A,N/A,N/A,N/A,ENABLED,2084,500,2100,DISABLED,DISABLED,2075,500,2100,DISABLED,DISABLED,2086,500,2100,DISABLED,DISABLED,2090,500,2100,DISABLED,DISABLED,2090,500,2100,DISABLED,DISABLED,2085,500,2100,DISABLED,DISABLED,2084,500,2100,DISABLED,DISABLED,2094,500,2100,DISABLED,DISABLED,1500,900,1500,N/A,DISABLED,53,914,1680,N/A,ENABLED,53,914,1680,N/A,ENABLED,53,914,1680,N/A,ENABLED,53,914,1680,N/A,ENABLED,44,711,1400,N/A,ENABLED,44,711,1400,N/A,ENABLED,44,711,1400,N/A,ENABLED,44,711,1400,N/A,ENABLED,N/A,47,44
1744564484,0,340,N/A,N/A,N/A,N/A,ENABLED,2084,500,2100,DISABLED,DISABLED,2075,500,2100,DISABLED,DISABLED,2086,500,2100,DISABLED,DISABLED,2090,500,2100,DISABLED,DISABLED,2090,500,2100,DISABLED,DISABLED,2085,500,2100,DISABLED,DISABLED,2085,500,2100,DISABLED,DISABLED,2095,500,2100,DISABLED,DISABLED,1500,900,1500,N/A,DISABLED,53,914,1680,N/A,ENABLED,53,914,1680,N/A,ENABLED,53,914,1680,N/A,ENABLED,53,914,1680,N/A,ENABLED,44,711,1400,N/A,ENABLED,44,711,1400,N/A,ENABLED,44,711,1400,N/A,ENABLED,44,711,1400,N/A,ENABLED,N/A,47,44
1744564485,0,339,N/A,N/A,N/A,N/A,ENABLED,2085,500,2100,DISABLED,DISABLED,2075,500,2100,DISABLED,DISABLED,2086,500,2100,DISABLED,DISABLED,2090,500,2100,DISABLED,DISABLED,2090,500,2100,DISABLED,DISABLED,2085,500,2100,DISABLED,DISABLED,2084,500,2100,DISABLED,DISABLED,2094,500,2100,DISABLED,DISABLED,1500,900,1500,N/A,DISABLED,53,914,1680,N/A,ENABLED,53,914,1680,N/A,ENABLED,53,914,1680,N/A,ENABLED,53,914,1680,N/A,ENABLED,44,711,1400,N/A,ENABLED,44,711,1400,N/A,ENABLED,44,711,1400,N/A,ENABLED,44,711,1400,N/A,ENABLED,N/A,47,44
1744564487,0,340,N/A,N/A,N/A,N/A,ENABLED,2084,500,2100,DISABLED,DISABLED,2073,500,2100,DISABLED,DISABLED,2084,500,2100,DISABLED,DISABLED,2090,500,2100,DISABLED,DISABLED,2089,500,2100,DISABLED,DISABLED,2084,500,2100,DISABLED,DISABLED,2083,500,2100,DISABLED,DISABLED,2093,500,2100,DISABLED,DISABLED,1499,900,1500,N/A,DISABLED,52,914,1680,N/A,ENABLED,52,914,1680,N/A,ENABLED,52,914,1680,N/A,ENABLED,52,914,1680,N/A,ENABLED,44,711,1400,N/A,ENABLED,44,711,1400,N/A,ENABLED,44,711,1400,N/A,ENABLED,44,711,1400,N/A,ENABLED,N/A,47,44
1744564488,0,340,N/A,N/A,N/A,N/A,ENABLED,2084,500,2100,DISABLED,DISABLED,2075,500,2100,DISABLED,DISABLED,2085,500,2100,DISABLED,DISABLED,2091,500,2100,DISABLED,DISABLED,2090,500,2100,DISABLED,DISABLED,2085,500,2100,DISABLED,DISABLED,2084,500,2100,DISABLED,DISABLED,2094,500,2100,DISABLED,DISABLED,1500,900,1500,N/A,DISABLED,53,914,1680,N/A,ENABLED,53,914,1680,N/A,ENABLED,53,914,1680,N/A,ENABLED,53,914,1680,N/A,ENABLED,44,711,1400,N/A,ENABLED,44,711,1400,N/A,ENABLED,44,711,1400,N/A,ENABLED,44,711,1400,N/A,ENABLED,N/A,47,44
1744564489,0,340,N/A,N/A,N/A,N/A,ENABLED,2084,500,2100,DISABLED,DISABLED,2076,500,2100,DISABLED,DISABLED,2085,500,2100,DISABLED,DISABLED,2091,500,2100,DISABLED,DISABLED,2090,500,2100,DISABLED,DISABLED,2085,500,2100,DISABLED,DISABLED,2084,500,2100,DISABLED,DISABLED,2093,500,2100,DISABLED,DISABLED,1500,900,1500,N/A,DISABLED,53,914,1680,N/A,ENABLED,53,914,1680,N/A,ENABLED,53,914,1680,N/A,ENABLED,53,914,1680,N/A,ENABLED,44,711,1400,N/A,ENABLED,44,711,1400,N/A,ENABLED,44,711,1400,N/A,ENABLED,44,711,1400,N/A,ENABLED,N/A,47,44
1744564490,0,341,N/A,N/A,N/A,N/A,ENABLED,2084,500,2100,DISABLED,DISABLED,2075,500,2100,DISABLED,DISABLED,2086,500,2100,DISABLED,DISABLED,2090,500,2100,DISABLED,DISABLED,2090,500,2100,DISABLED,DISABLED,2085,500,2100,DISABLED,DISABLED,2084,500,2100,DISABLED,DISABLED,2094,500,2100,DISABLED,DISABLED,1500,900,1500,N/A,DISABLED,53,914,1680,N/A,ENABLED,53,914,1680,N/A,ENABLED,53,914,1680,N/A,ENABLED,53,914,1680,N/A,ENABLED,44,711,1400,N/A,ENABLED,44,711,1400,N/A,ENABLED,44,711,1400,N/A,ENABLED,44,711,1400,N/A,ENABLED,N/A,48,45
1744564491,0,341,N/A,N/A,N/A,N/A,ENABLED,2085,500,2100,DISABLED,DISABLED,2075,500,2100,DISABLED,DISABLED,2086,500,2100,DISABLED,DISABLED,2091,500,2100,DISABLED,DISABLED,2090,500,2100,DISABLED,DISABLED,2085,500,2100,DISABLED,DISABLED,2084,500,2100,DISABLED,DISABLED,2094,500,2100,DISABLED,DISABLED,1500,900,1500,N/A,DISABLED,53,914,1680,N/A,ENABLED,53,914,1680,N/A,ENABLED,53,914,1680,N/A,ENABLED,53,914,1680,N/A,ENABLED,44,711,1400,N/A,ENABLED,44,711,1400,N/A,ENABLED,44,711,1400,N/A,ENABLED,44,711,1400,N/A,ENABLED,N/A,48,45
1744564492,0,340,N/A,N/A,N/A,N/A,ENABLED,2084,500,2100,DISABLED,DISABLED,2075,500,2100,DISABLED,DISABLED,2086,500,2100,DISABLED,DISABLED,2091,500,2100,DISABLED,DISABLED,2089,500,2100,DISABLED,DISABLED,2086,500,2100,DISABLED,DISABLED,2084,500,2100,DISABLED,DISABLED,2094,500,2100,DISABLED,DISABLED,1500,900,1500,N/A,DISABLED,53,914,1680,N/A,ENABLED,53,914,1680,N/A,ENABLED,53,914,1680,N/A,ENABLED,53,914,1680,N/A,ENABLED,44,711,1400,N/A,ENABLED,44,711,1400,N/A,ENABLED,44,711,1400,N/A,ENABLED,44,711,1400,N/A,ENABLED,N/A,48,45
1744564494,0,341,N/A,N/A,N/A,N/A,ENABLED,2084,500,2100,DISABLED,DISABLED,2075,500,2100,DISABLED,DISABLED,2086,500,2100,DISABLED,DISABLED,2091,500,2100,DISABLED,DISABLED,2089,500,2100,DISABLED,DISABLED,2086,500,2100,DISABLED,DISABLED,2084,500,2100,DISABLED,DISABLED,2093,500,2100,DISABLED,DISABLED,1500,900,1500,N/A,DISABLED,53,914,1680,N/A,ENABLED,53,914,1680,N/A,ENABLED,53,914,1680,N/A,ENABLED,53,914,1680,N/A,ENABLED,44,711,1400,N/A,ENABLED,44,711,1400,N/A,ENABLED,44,711,1400,N/A,ENABLED,44,711,1400,N/A,ENABLED,N/A,48,45
1744564495,0,341,N/A,N/A,N/A,N/A,ENABLED,2084,500,2100,DISABLED,DISABLED,2076,500,2100,DISABLED,DISABLED,2086,500,2100,DISABLED,DISABLED,2091,500,2100,DISABLED,DISABLED,2090,500,2100,DISABLED,DISABLED,2086,500,2100,DISABLED,DISABLED,2085,500,2100,DISABLED,DISABLED,2094,500,2100,DISABLED,DISABLED,1500,900,1500,N/A,DISABLED,53,914,1680,N/A,ENABLED,53,914,1680,N/A,ENABLED,53,914,1680,N/A,ENABLED,53,914,1680,N/A,ENABLED,44,711,1400,N/A,ENABLED,44,711,1400,N/A,ENABLED,44,711,1400,N/A,ENABLED,44,711,1400,N/A,ENABLED,N/A,48,45
1744564496,0,341,N/A,N/A,N/A,N/A,ENABLED,2084,500,2100,DISABLED,DISABLED,2075,500,2100,DISABLED,DISABLED,2086,500,2100,DISABLED,DISABLED,2091,500,2100,DISABLED,DISABLED,2090,500,2100,DISABLED,DISABLED,2085,500,2100,DISABLED,DISABLED,2084,500,2100,DISABLED,DISABLED,2094,500,2100,DISABLED,DISABLED,1500,900,1500,N/A,DISABLED,53,914,1680,N/A,ENABLED,53,914,1680,N/A,ENABLED,53,914,1680,N/A,ENABLED,53,914,1680,N/A,ENABLED,44,711,1400,N/A,ENABLED,44,711,1400,N/A,ENABLED,44,711,1400,N/A,ENABLED,44,711,1400,N/A,ENABLED,N/A,48,45
1744564497,0,341,N/A,N/A,N/A,N/A,ENABLED,2084,500,2100,DISABLED,DISABLED,2075,500,2100,DISABLED,DISABLED,2085,500,2100,DISABLED,DISABLED,2091,500,2100,DISABLED,DISABLED,2090,500,2100,DISABLED,DISABLED,2085,500,2100,DISABLED,DISABLED,2085,500,2100,DISABLED,DISABLED,2094,500,2100,DISABLED,DISABLED,1500,900,1500,N/A,DISABLED,52,914,1680,N/A,ENABLED,52,914,1680,N/A,ENABLED,52,914,1680,N/A,ENABLED,52,914,1680,N/A,ENABLED,44,711,1400,N/A,ENABLED,44,711,1400,N/A,ENABLED,44,711,1400,N/A,ENABLED,44,711,1400,N/A,ENABLED,N/A,48,45
1744564498,0,342,N/A,N/A,N/A,N/A,ENABLED,2084,500,2100,DISABLED,DISABLED,2075,500,2100,DISABLED,DISABLED,2086,500,2100,DISABLED,DISABLED,2091,500,2100,DISABLED,DISABLED,2090,500,2100,DISABLED,DISABLED,2086,500,2100,DISABLED,DISABLED,2085,500,2100,DISABLED,DISABLED,2094,500,2100,DISABLED,DISABLED,1500,900,1500,N/A,DISABLED,53,914,1680,N/A,ENABLED,53,914,1680,N/A,ENABLED,53,914,1680,N/A,ENABLED,53,914,1680,N/A,ENABLED,44,711,1400,N/A,ENABLED,44,711,1400,N/A,ENABLED,44,711,1400,N/A,ENABLED,44,711,1400,N/A,ENABLED,N/A,48,46
1744564499,0,342,N/A,N/A,N/A,N/A,ENABLED,2085,500,2100,DISABLED,DISABLED,2075,500,2100,DISABLED,DISABLED,2085,500,2100,DISABLED,DISABLED,2091,500,2100,DISABLED,DISABLED,2090,500,2100,DISABLED,DISABLED,2086,500,2100,DISABLED,DISABLED,2085,500,2100,DISABLED,DISABLED,2094,500,2100,DISABLED,DISABLED,1500,900,1500,N/A,DISABLED,53,914,1680,N/A,ENABLED,53,914,1680,N/A,ENABLED,53,914,1680,N/A,ENABLED,53,914,1680,N/A,ENABLED,44,711,1400,N/A,ENABLED,44,711,1400,N/A,ENABLED,44,711,1400,N/A,ENABLED,44,711,1400,N/A,ENABLED,N/A,49,45
1744564501,0,342,N/A,N/A,N/A,N/A,ENABLED,2085,500,2100,DISABLED,DISABLED,2075,500,2100,DISABLED,DISABLED,2086,500,2100,DISABLED,DISABLED,2090,500,2100,DISABLED,DISABLED,2089,500,2100,DISABLED,DISABLED,2086,500,2100,DISABLED,DISABLED,2084,500,2100,DISABLED,DISABLED,2094,500,2100,DISABLED,DISABLED,1500,900,1500,N/A,DISABLED,53,914,1680,N/A,ENABLED,53,914,1680,N/A,ENABLED,53,914,1680,N/A,ENABLED,53,914,1680,N/A,ENABLED,44,711,1400,N/A,ENABLED,44,711,1400,N/A,ENABLED,44,711,1400,N/A,ENABLED,44,711,1400,N/A,ENABLED,N/A,49,46
1744564502,0,341,N/A,N/A,N/A,N/A,ENABLED,2075,500,2100,DISABLED,DISABLED,2065,500,2100,DISABLED,DISABLED,2076,500,2100,DISABLED,DISABLED,2081,500,2100,DISABLED,DISABLED,2080,500,2100,DISABLED,DISABLED,2076,500,2100,DISABLED,DISABLED,2075,500,2100,DISABLED,DISABLED,2084,500,2100,DISABLED,DISABLED,1494,900,1500,N/A,DISABLED,52,914,1680,N/A,ENABLED,52,914,1680,N/A,ENABLED,52,914,1680,N/A,ENABLED,52,914,1680,N/A,ENABLED,44,711,1400,N/A,ENABLED,44,711,1400,N/A,ENABLED,44,711,1400,N/A,ENABLED,44,711,1400,N/A,ENABLED,N/A,49,46
1744564503,0,341,N/A,N/A,N/A,N/A,ENABLED,2084,500,2100,DISABLED,DISABLED,2074,500,2100,DISABLED,DISABLED,2086,500,2100,DISABLED,DISABLED,2090,500,2100,DISABLED,DISABLED,2090,500,2100,DISABLED,DISABLED,2086,500,2100,DISABLED,DISABLED,2084,500,2100,DISABLED,DISABLED,2094,500,2100,DISABLED,DISABLED,1500,900,1500,N/A,DISABLED,53,914,1680,N/A,ENABLED,53,914,1680,N/A,ENABLED,53,914,1680,N/A,ENABLED,53,914,1680,N/A,ENABLED,44,711,1400,N/A,ENABLED,44,711,1400,N/A,ENABLED,44,711,1400,N/A,ENABLED,44,711,1400,N/A,ENABLED,N/A,49,46
1744564504,0,342,N/A,N/A,N/A,N/A,ENABLED,2084,500,2100,DISABLED,DISABLED,2075,500,2100,DISABLED,DISABLED,2085,500,2100,DISABLED,DISABLED,2090,500,2100,DISABLED,DISABLED,2090,500,2100,DISABLED,DISABLED,2086,500,2100,DISABLED,DISABLED,2084,500,2100,DISABLED,DISABLED,2094,500,2100,DISABLED,DISABLED,1500,900,1500,N/A,DISABLED,53,914,1680,N/A,ENABLED,53,914,1680,N/A,ENABLED,53,914,1680,N/A,ENABLED,53,914,1680,N/A,ENABLED,44,711,1400,N/A,ENABLED,44,711,1400,N/A,ENABLED,44,711,1400,N/A,ENABLED,44,711,1400,N/A,ENABLED,N/A,49,45
1744564505,0,342,N/A,N/A,N/A,N/A,ENABLED,2084,500,2100,DISABLED,DISABLED,2075,500,2100,DISABLED,DISABLED,2086,500,2100,DISABLED,DISABLED,2091,500,2100,DISABLED,DISABLED,2090,500,2100,DISABLED,DISABLED,2086,500,2100,DISABLED,DISABLED,2084,500,2100,DISABLED,DISABLED,2093,500,2100,DISABLED,DISABLED,1500,900,1500,N/A,DISABLED,53,914,1680,N/A,ENABLED,53,914,1680,N/A,ENABLED,53,914,1680,N/A,ENABLED,53,914,1680,N/A,ENABLED,44,711,1400,N/A,ENABLED,44,711,1400,N/A,ENABLED,44,711,1400,N/A,ENABLED,44,711,1400,N/A,ENABLED,N/A,49,46
1744564507,0,342,N/A,N/A,N/A,N/A,ENABLED,2085,500,2100,DISABLED,DISABLED,2075,500,2100,DISABLED,DISABLED,2085,500,2100,DISABLED,DISABLED,2090,500,2100,DISABLED,DISABLED,2090,500,2100,DISABLED,DISABLED,2086,500,2100,DISABLED,DISABLED,2085,500,2100,DISABLED,DISABLED,2093,500,2100,DISABLED,DISABLED,1500,900,1500,N/A,DISABLED,53,914,1680,N/A,ENABLED,53,914,1680,N/A,ENABLED,53,914,1680,N/A,ENABLED,53,914,1680,N/A,ENABLED,44,711,1400,N/A,ENABLED,44,711,1400,N/A,ENABLED,44,711,1400,N/A,ENABLED,44,711,1400,N/A,ENABLED,N/A,49,46
1744564508,0,340,N/A,N/A,N/A,N/A,ENABLED,2085,500,2100,DISABLED,DISABLED,2075,500,2100,DISABLED,DISABLED,2085,500,2100,DISABLED,DISABLED,2091,500,2100,DISABLED,DISABLED,2090,500,2100,DISABLED,DISABLED,2086,500,2100,DISABLED,DISABLED,2085,500,2100,DISABLED,DISABLED,2094,500,2100,DISABLED,DISABLED,1500,900,1500,N/A,DISABLED,53,914,1680,N/A,ENABLED,53,914,1680,N/A,ENABLED,53,914,1680,N/A,ENABLED,53,914,1680,N/A,ENABLED,44,711,1400,N/A,ENABLED,44,711,1400,N/A,ENABLED,44,711,1400,N/A,ENABLED,44,711,1400,N/A,ENABLED,N/A,49,46
1744564509,0,343,N/A,N/A,N/A,N/A,ENABLED,2084,500,2100,DISABLED,DISABLED,2075,500,2100,DISABLED,DISABLED,2086,500,2100,DISABLED,DISABLED,2091,500,2100,DISABLED,DISABLED,2090,500,2100,DISABLED,DISABLED,2086,500,2100,DISABLED,DISABLED,2084,500,2100,DISABLED,DISABLED,2094,500,2100,DISABLED,DISABLED,1500,900,1500,N/A,DISABLED,53,914,1680,N/A,ENABLED,53,914,1680,N/A,ENABLED,53,914,1680,N/A,ENABLED,53,914,1680,N/A,ENABLED,44,711,1400,N/A,ENABLED,44,711,1400,N/A,ENABLED,44,711,1400,N/A,ENABLED,44,711,1400,N/A,ENABLED,N/A,49,46
1744564510,0,341,N/A,N/A,N/A,N/A,ENABLED,2085,500,2100,DISABLED,DISABLED,2075,500,2100,DISABLED,DISABLED,2086,500,2100,DISABLED,DISABLED,2091,500,2100,DISABLED,DISABLED,2090,500,2100,DISABLED,DISABLED,2085,500,2100,DISABLED,DISABLED,2085,500,2100,DISABLED,DISABLED,2094,500,2100,DISABLED,DISABLED,1500,900,1500,N/A,DISABLED,53,914,1680,N/A,ENABLED,53,914,1680,N/A,ENABLED,53,914,1680,N/A,ENABLED,53,914,1680,N/A,ENABLED,44,711,1400,N/A,ENABLED,44,711,1400,N/A,ENABLED,44,711,1400,N/A,ENABLED,44,711,1400,N/A,ENABLED,N/A,49,46
1744564511,0,342,N/A,N/A,N/A,N/A,ENABLED,2084,500,2100,DISABLED,DISABLED,2075,500,2100,DISABLED,DISABLED,2086,500,2100,DISABLED,DISABLED,2091,500,2100,DISABLED,DISABLED,2090,500,2100,DISABLED,DISABLED,2085,500,2100,DISABLED,DISABLED,2084,500,2100,DISABLED,DISABLED,2094,500,2100,DISABLED,DISABLED,1500,900,1500,N/A,DISABLED,53,914,1680,N/A,ENABLED,53,914,1680,N/A,ENABLED,53,914,1680,N/A,ENABLED,53,914,1680,N/A,ENABLED,44,711,1400,N/A,ENABLED,44,711,1400,N/A,ENABLED,44,711,1400,N/A,ENABLED,44,711,1400,N/A,ENABLED,N/A,50,46
1744564512,0,344,N/A,N/A,N/A,N/A,ENABLED,2084,500,2100,DISABLED,DISABLED,2074,500,2100,DISABLED,DISABLED,2086,500,2100,DISABLED,DISABLED,2090,500,2100,DISABLED,DISABLED,2090,500,2100,DISABLED,DISABLED,2085,500,2100,DISABLED,DISABLED,2085,500,2100,DISABLED,DISABLED,2094,500,2100,DISABLED,DISABLED,1500,900,1500,N/A,DISABLED,52,914,1680,N/A,ENABLED,52,914,1680,N/A,ENABLED,52,914,1680,N/A,ENABLED,52,914,1680,N/A,ENABLED,44,711,1400,N/A,ENABLED,44,711,1400,N/A,ENABLED,44,711,1400,N/A,ENABLED,44,711,1400,N/A,ENABLED,N/A,50,47
1744564514,0,343,N/A,N/A,N/A,N/A,ENABLED,2084,500,2100,DISABLED,DISABLED,2074,500,2100,DISABLED,DISABLED,2085,500,2100,DISABLED,DISABLED,2090,500,2100,DISABLED,DISABLED,2090,500,2100,DISABLED,DISABLED,2086,500,2100,DISABLED,DISABLED,2085,500,2100,DISABLED,DISABLED,2094,500,2100,DISABLED,DISABLED,1500,900,1500,N/A,DISABLED,53,914,1680,N/A,ENABLED,53,914,1680,N/A,ENABLED,53,914,1680,N/A,ENABLED,53,914,1680,N/A,ENABLED,44,711,1400,N/A,ENABLED,44,711,1400,N/A,ENABLED,44,711,1400,N/A,ENABLED,44,711,1400,N/A,ENABLED,N/A,50,46
1744564515,0,342,N/A,N/A,N/A,N/A,ENABLED,2084,500,2100,DISABLED,DISABLED,2074,500,2100,DISABLED,DISABLED,2086,500,2100,DISABLED,DISABLED,2090,500,2100,DISABLED,DISABLED,2090,500,2100,DISABLED,DISABLED,2086,500,2100,DISABLED,DISABLED,2086,500,2100,DISABLED,DISABLED,2093,500,2100,DISABLED,DISABLED,1500,900,1500,N/A,DISABLED,53,914,1680,N/A,ENABLED,53,914,1680,N/A,ENABLED,53,914,1680,N/A,ENABLED,53,914,1680,N/A,ENABLED,44,711,1400,N/A,ENABLED,44,711,1400,N/A,ENABLED,44,711,1400,N/A,ENABLED,44,711,1400,N/A,ENABLED,N/A,50,46
1744564516,0,343,N/A,N/A,N/A,N/A,ENABLED,2084,500,2100,DISABLED,DISABLED,2075,500,2100,DISABLED,DISABLED,2085,500,2100,DISABLED,DISABLED,2091,500,2100,DISABLED,DISABLED,2090,500,2100,DISABLED,DISABLED,2086,500,2100,DISABLED,DISABLED,2086,500,2100,DISABLED,DISABLED,2094,500,2100,DISABLED,DISABLED,1500,900,1500,N/A,DISABLED,53,914,1680,N/A,ENABLED,53,914,1680,N/A,ENABLED,53,914,1680,N/A,ENABLED,53,914,1680,N/A,ENABLED,44,711,1400,N/A,ENABLED,44,711,1400,N/A,ENABLED,44,711,1400,N/A,ENABLED,44,711,1400,N/A,ENABLED,N/A,50,46
1744564517,0,343,N/A,N/A,N/A,N/A,ENABLED,2083,500,2100,DISABLED,DISABLED,2075,500,2100,DISABLED,DISABLED,2086,500,2100,DISABLED,DISABLED,2091,500,2100,DISABLED,DISABLED,2090,500,2100,DISABLED,DISABLED,2086,500,2100,DISABLED,DISABLED,2086,500,2100,DISABLED,DISABLED,2094,500,2100,DISABLED,DISABLED,1500,900,1500,N/A,DISABLED,53,914,1680,N/A,ENABLED,53,914,1680,N/A,ENABLED,53,914,1680,N/A,ENABLED,53,914,1680,N/A,ENABLED,44,711,1400,N/A,ENABLED,44,711,1400,N/A,ENABLED,44,711,1400,N/A,ENABLED,44,711,1400,N/A,ENABLED,N/A,50,47
1744564518,0,345,N/A,N/A,N/A,N/A,ENABLED,2083,500,2100,DISABLED,DISABLED,2074,500,2100,DISABLED,DISABLED,2085,500,2100,DISABLED,DISABLED,2091,500,2100,DISABLED,DISABLED,2090,500,2100,DISABLED,DISABLED,2085,500,2100,DISABLED,DISABLED,2085,500,2100,DISABLED,DISABLED,2094,500,2100,DISABLED,DISABLED,1500,900,1500,N/A,DISABLED,53,914,1680,N/A,ENABLED,53,914,1680,N/A,ENABLED,53,914,1680,N/A,ENABLED,53,914,1680,N/A,ENABLED,44,711,1400,N/A,ENABLED,44,711,1400,N/A,ENABLED,44,711,1400,N/A,ENABLED,44,711,1400,N/A,ENABLED,N/A,50,47
1744564519,0,344,N/A,N/A,N/A,N/A,ENABLED,2083,500,2100,DISABLED,DISABLED,2075,500,2100,DISABLED,DISABLED,2085,500,2100,DISABLED,DISABLED,2091,500,2100,DISABLED,DISABLED,2090,500,2100,DISABLED,DISABLED,2086,500,2100,DISABLED,DISABLED,2086,500,2100,DISABLED,DISABLED,2094,500,2100,DISABLED,DISABLED,1500,900,1500,N/A,DISABLED,53,914,1680,N/A,ENABLED,53,914,1680,N/A,ENABLED,53,914,1680,N/A,ENABLED,53,914,1680,N/A,ENABLED,44,711,1400,N/A,ENABLED,44,711,1400,N/A,ENABLED,44,711,1400,N/A,ENABLED,44,711,1400,N/A,ENABLED,N/A,50,47
1744564521,0,344,N/A,N/A,N/A,N/A,ENABLED,2084,500,2100,DISABLED,DISABLED,2074,500,2100,DISABLED,DISABLED,2086,500,2100,DISABLED,DISABLED,2091,500,2100,DISABLED,DISABLED,2090,500,2100,DISABLED,DISABLED,2086,500,2100,DISABLED,DISABLED,2085,500,2100,DISABLED,DISABLED,2094,500,2100,DISABLED,DISABLED,1500,900,1500,N/A,DISABLED,53,914,1680,N/A,ENABLED,53,914,1680,N/A,ENABLED,53,914,1680,N/A,ENABLED,53,914,1680,N/A,ENABLED,44,711,1400,N/A,ENABLED,44,711,1400,N/A,ENABLED,44,711,1400,N/A,ENABLED,44,711,1400,N/A,ENABLED,N/A,50,47
1744564522,0,343,N/A,N/A,N/A,N/A,ENABLED,2084,500,2100,DISABLED,DISABLED,2074,500,2100,DISABLED,DISABLED,2086,500,2100,DISABLED,DISABLED,2091,500,2100,DISABLED,DISABLED,2090,500,2100,DISABLED,DISABLED,2085,500,2100,DISABLED,DISABLED,2085,500,2100,DISABLED,DISABLED,2094,500,2100,DISABLED,DISABLED,1500,900,1500,N/A,DISABLED,53,914,1680,N/A,ENABLED,53,914,1680,N/A,ENABLED,53,914,1680,N/A,ENABLED,53,914,1680,N/A,ENABLED,44,711,1400,N/A,ENABLED,44,711,1400,N/A,ENABLED,44,711,1400,N/A,ENABLED,44,711,1400,N/A,ENABLED,N/A,50,47
1744564523,0,343,N/A,N/A,N/A,N/A,ENABLED,2084,500,2100,DISABLED,DISABLED,2074,500,2100,DISABLED,DISABLED,2086,500,2100,DISABLED,DISABLED,2090,500,2100,DISABLED,DISABLED,2091,500,2100,DISABLED,DISABLED,2086,500,2100,DISABLED,DISABLED,2085,500,2100,DISABLED,DISABLED,2094,500,2100,DISABLED,DISABLED,1500,900,1500,N/A,DISABLED,53,914,1680,N/A,ENABLED,53,914,1680,N/A,ENABLED,53,914,1680,N/A,ENABLED,53,914,1680,N/A,ENABLED,44,711,1400,N/A,ENABLED,44,711,1400,N/A,ENABLED,44,711,1400,N/A,ENABLED,44,711,1400,N/A,ENABLED,N/A,50,47
1744564524,0,344,N/A,N/A,N/A,N/A,ENABLED,2083,500,2100,DISABLED,DISABLED,2074,500,2100,DISABLED,DISABLED,2086,500,2100,DISABLED,DISABLED,2091,500,2100,DISABLED,DISABLED,2091,500,2100,DISABLED,DISABLED,2086,500,2100,DISABLED,DISABLED,2085,500,2100,DISABLED,DISABLED,2094,500,2100,DISABLED,DISABLED,1500,900,1500,N/A,DISABLED,53,914,1680,N/A,ENABLED,53,914,1680,N/A,ENABLED,53,914,1680,N/A,ENABLED,53,914,1680,N/A,ENABLED,44,711,1400,N/A,ENABLED,44,711,1400,N/A,ENABLED,44,711,1400,N/A,ENABLED,44,711,1400,N/A,ENABLED,N/A,50,47
1744564525,0,345,N/A,N/A,N/A,N/A,ENABLED,2083,500,2100,DISABLED,DISABLED,2074,500,2100,DISABLED,DISABLED,2085,500,2100,DISABLED,DISABLED,2091,500,2100,DISABLED,DISABLED,2090,500,2100,DISABLED,DISABLED,2085,500,2100,DISABLED,DISABLED,2085,500,2100,DISABLED,DISABLED,2094,500,2100,DISABLED,DISABLED,1500,900,1500,N/A,DISABLED,53,914,1680,N/A,ENABLED,53,914,1680,N/A,ENABLED,53,914,1680,N/A,ENABLED,53,914,1680,N/A,ENABLED,44,711,1400,N/A,ENABLED,44,711,1400,N/A,ENABLED,44,711,1400,N/A,ENABLED,44,711,1400,N/A,ENABLED,N/A,50,47
1744564527,0,343,N/A,N/A,N/A,N/A,ENABLED,2084,500,2100,DISABLED,DISABLED,2074,500,2100,DISABLED,DISABLED,2085,500,2100,DISABLED,DISABLED,2090,500,2100,DISABLED,DISABLED,2091,500,2100,DISABLED,DISABLED,2085,500,2100,DISABLED,DISABLED,2085,500,2100,DISABLED,DISABLED,2094,500,2100,DISABLED,DISABLED,1500,900,1500,N/A,DISABLED,53,914,1680,N/A,ENABLED,53,914,1680,N/A,ENABLED,53,914,1680,N/A,ENABLED,53,914,1680,N/A,ENABLED,44,711,1400,N/A,ENABLED,44,711,1400,N/A,ENABLED,44,711,1400,N/A,ENABLED,44,711,1400,N/A,ENABLED,N/A,50,47
1744564528,0,343,N/A,N/A,N/A,N/A,ENABLED,2082,500,2100,DISABLED,DISABLED,2072,500,2100,DISABLED,DISABLED,2083,500,2100,DISABLED,DISABLED,2088,500,2100,DISABLED,DISABLED,2088,500,2100,DISABLED,DISABLED,2083,500,2100,DISABLED,DISABLED,2082,500,2100,DISABLED,DISABLED,2092,500,2100,DISABLED,DISABLED,1499,900,1500,N/A,DISABLED,52,914,1680,N/A,ENABLED,52,914,1680,N/A,ENABLED,52,914,1680,N/A,ENABLED,52,914,1680,N/A,ENABLED,44,711,1400,N/A,ENABLED,44,711,1400,N/A,ENABLED,44,711,1400,N/A,ENABLED,44,711,1400,N/A,ENABLED,N/A,50,47
1744564529,0,344,N/A,N/A,N/A,N/A,ENABLED,2084,500,2100,DISABLED,DISABLED,2074,500,2100,DISABLED,DISABLED,2086,500,2100,DISABLED,DISABLED,2091,500,2100,DISABLED,DISABLED,2091,500,2100,DISABLED,DISABLED,2086,500,2100,DISABLED,DISABLED,2084,500,2100,DISABLED,DISABLED,2094,500,2100,DISABLED,DISABLED,1500,900,1500,N/A,DISABLED,53,914,1680,N/A,ENABLED,53,914,1680,N/A,ENABLED,53,914,1680,N/A,ENABLED,53,914,1680,N/A,ENABLED,44,711,1400,N/A,ENABLED,44,711,1400,N/A,ENABLED,44,711,1400,N/A,ENABLED,44,711,1400,N/A,ENABLED,N/A,50,47
1744564530,0,344,N/A,N/A,N/A,N/A,ENABLED,2084,500,2100,DISABLED,DISABLED,2074,500,2100,DISABLED,DISABLED,2085,500,2100,DISABLED,DISABLED,2091,500,2100,DISABLED,DISABLED,2091,500,2100,DISABLED,DISABLED,2085,500,2100,DISABLED,DISABLED,2084,500,2100,DISABLED,DISABLED,2094,500,2100,DISABLED,DISABLED,1500,900,1500,N/A,DISABLED,53,914,1680,N/A,ENABLED,53,914,1680,N/A,ENABLED,53,914,1680,N/A,ENABLED,53,914,1680,N/A,ENABLED,44,711,1400,N/A,ENABLED,44,711,1400,N/A,ENABLED,44,711,1400,N/A,ENABLED,44,711,1400,N/A,ENABLED,N/A,50,47
1744564531,0,344,N/A,N/A,N/A,N/A,ENABLED,2084,500,2100,DISABLED,DISABLED,2074,500,2100,DISABLED,DISABLED,2086,500,2100,DISABLED,DISABLED,2091,500,2100,DISABLED,DISABLED,2090,500,2100,DISABLED,DISABLED,2086,500,2100,DISABLED,DISABLED,2084,500,2100,DISABLED,DISABLED,2094,500,2100,DISABLED,DISABLED,1500,900,1500,N/A,DISABLED,53,914,1680,N/A,ENABLED,53,914,1680,N/A,ENABLED,53,914,1680,N/A,ENABLED,53,914,1680,N/A,ENABLED,44,711,1400,N/A,ENABLED,44,711,1400,N/A,ENABLED,44,711,1400,N/A,ENABLED,44,711,1400,N/A,ENABLED,N/A,50,47
1744564532,0,343,N/A,N/A,N/A,N/A,ENABLED,2084,500,2100,DISABLED,DISABLED,2075,500,2100,DISABLED,DISABLED,2086,500,2100,DISABLED,DISABLED,2091,500,2100,DISABLED,DISABLED,2091,500,2100,DISABLED,DISABLED,2085,500,2100,DISABLED,DISABLED,2085,500,2100,DISABLED,DISABLED,2094,500,2100,DISABLED,DISABLED,1500,900,1500,N/A,DISABLED,53,914,1680,N/A,ENABLED,53,914,1680,N/A,ENABLED,53,914,1680,N/A,ENABLED,53,914,1680,N/A,ENABLED,44,711,1400,N/A,ENABLED,44,711,1400,N/A,ENABLED,44,711,1400,N/A,ENABLED,44,711,1400,N/A,ENABLED,N/A,50,47
1744564534,0,343,N/A,N/A,N/A,N/A,ENABLED,2083,500,2100,DISABLED,DISABLED,2074,500,2100,DISABLED,DISABLED,2086,500,2100,DISABLED,DISABLED,2091,500,2100,DISABLED,DISABLED,2091,500,2100,DISABLED,DISABLED,2086,500,2100,DISABLED,DISABLED,2084,500,2100,DISABLED,DISABLED,2093,500,2100,DISABLED,DISABLED,1500,900,1500,N/A,DISABLED,53,914,1680,N/A,ENABLED,53,914,1680,N/A,ENABLED,53,914,1680,N/A,ENABLED,53,914,1680,N/A,ENABLED,44,711,1400,N/A,ENABLED,44,711,1400,N/A,ENABLED,44,711,1400,N/A,ENABLED,44,711,1400,N/A,ENABLED,N/A,50,47
1744564535,0,344,N/A,N/A,N/A,N/A,ENABLED,2083,500,2100,DISABLED,DISABLED,2074,500,2100,DISABLED,DISABLED,2086,500,2100,DISABLED,DISABLED,2091,500,2100,DISABLED,DISABLED,2090,500,2100,DISABLED,DISABLED,2086,500,2100,DISABLED,DISABLED,2084,500,2100,DISABLED,DISABLED,2093,500,2100,DISABLED,DISABLED,1500,900,1500,N/A,DISABLED,53,914,1680,N/A,ENABLED,53,914,1680,N/A,ENABLED,53,914,1680,N/A,ENABLED,53,914,1680,N/A,ENABLED,44,711,1400,N/A,ENABLED,44,711,1400,N/A,ENABLED,44,711,1400,N/A,ENABLED,44,711,1400,N/A,ENABLED,N/A,50,47
1744564536,0,344,N/A,N/A,N/A,N/A,ENABLED,2083,500,2100,DISABLED,DISABLED,2074,500,2100,DISABLED,DISABLED,2086,500,2100,DISABLED,DISABLED,2091,500,2100,DISABLED,DISABLED,2091,500,2100,DISABLED,DISABLED,2086,500,2100,DISABLED,DISABLED,2084,500,2100,DISABLED,DISABLED,2093,500,2100,DISABLED,DISABLED,1500,900,1500,N/A,DISABLED,53,914,1680,N/A,ENABLED,53,914,1680,N/A,ENABLED,53,914,1680,N/A,ENABLED,53,914,1680,N/A,ENABLED,44,711,1400,N/A,ENABLED,44,711,1400,N/A,ENABLED,44,711,1400,N/A,ENABLED,44,711,1400,N/A,ENABLED,N/A,50,46
1744564537,0,344,N/A,N/A,N/A,N/A,ENABLED,2083,500,2100,DISABLED,DISABLED,2073,500,2100,DISABLED,DISABLED,2086,500,2100,DISABLED,DISABLED,2091,500,2100,DISABLED,DISABLED,2091,500,2100,DISABLED,DISABLED,2087,500,2100,DISABLED,DISABLED,2083,500,2100,DISABLED,DISABLED,2094,500,2100,DISABLED,DISABLED,1500,900,1500,N/A,DISABLED,53,914,1680,N/A,ENABLED,53,914,1680,N/A,ENABLED,53,914,1680,N/A,ENABLED,53,914,1680,N/A,ENABLED,44,711,1400,N/A,ENABLED,44,711,1400,N/A,ENABLED,44,711,1400,N/A,ENABLED,44,711,1400,N/A,ENABLED,N/A,50,47
1744564538,0,343,N/A,N/A,N/A,N/A,ENABLED,2083,500,2100,DISABLED,DISABLED,2074,500,2100,DISABLED,DISABLED,2085,500,2100,DISABLED,DISABLED,2090,500,2100,DISABLED,DISABLED,2090,500,2100,DISABLED,DISABLED,2086,500,2100,DISABLED,DISABLED,2084,500,2100,DISABLED,DISABLED,2093,500,2100,DISABLED,DISABLED,1500,900,1500,N/A,DISABLED,52,914,1680,N/A,ENABLED,52,914,1680,N/A,ENABLED,52,914,1680,N/A,ENABLED,52,914,1680,N/A,ENABLED,44,711,1400,N/A,ENABLED,44,711,1400,N/A,ENABLED,44,711,1400,N/A,ENABLED,44,711,1400,N/A,ENABLED,N/A,50,47
1744564539,0,344,N/A,N/A,N/A,N/A,ENABLED,2084,500,2100,DISABLED,DISABLED,2074,500,2100,DISABLED,DISABLED,2086,500,2100,DISABLED,DISABLED,2091,500,2100,DISABLED,DISABLED,2091,500,2100,DISABLED,DISABLED,2086,500,2100,DISABLED,DISABLED,2084,500,2100,DISABLED,DISABLED,2094,500,2100,DISABLED,DISABLED,1500,900,1500,N/A,DISABLED,53,914,1680,N/A,ENABLED,53,914,1680,N/A,ENABLED,53,914,1680,N/A,ENABLED,53,914,1680,N/A,ENABLED,44,711,1400,N/A,ENABLED,44,711,1400,N/A,ENABLED,44,711,1400,N/A,ENABLED,44,711,1400,N/A,ENABLED,N/A,50,47
1744564541,0,344,N/A,N/A,N/A,N/A,ENABLED,2084,500,2100,DISABLED,DISABLED,2074,500,2100,DISABLED,DISABLED,2086,500,2100,DISABLED,DISABLED,2091,500,2100,DISABLED,DISABLED,2091,500,2100,DISABLED,DISABLED,2086,500,2100,DISABLED,DISABLED,2085,500,2100,DISABLED,DISABLED,2094,500,2100,DISABLED,DISABLED,1500,900,1500,N/A,DISABLED,53,914,1680,N/A,ENABLED,53,914,1680,N/A,ENABLED,53,914,1680,N/A,ENABLED,53,914,1680,N/A,ENABLED,44,711,1400,N/A,ENABLED,44,711,1400,N/A,ENABLED,44,711,1400,N/A,ENABLED,44,711,1400,N/A,ENABLED,N/A,50,47
1744564542,0,343,N/A,N/A,N/A,N/A,ENABLED,2084,500,2100,DISABLED,DISABLED,2074,500,2100,DISABLED,DISABLED,2085,500,2100,DISABLED,DISABLED,2091,500,2100,DISABLED,DISABLED,2091,500,2100,DISABLED,DISABLED,2086,500,2100,DISABLED,DISABLED,2084,500,2100,DISABLED,DISABLED,2094,500,2100,DISABLED,DISABLED,1500,900,1500,N/A,DISABLED,53,914,1680,N/A,ENABLED,53,914,1680,N/A,ENABLED,53,914,1680,N/A,ENABLED,53,914,1680,N/A,ENABLED,44,711,1400,N/A,ENABLED,44,711,1400,N/A,ENABLED,44,711,1400,N/A,ENABLED,44,711,1400,N/A,ENABLED,N/A,50,47
1744564543,0,341,N/A,N/A,N/A,N/A,ENABLED,2062,500,2100,DISABLED,DISABLED,2054,500,2100,DISABLED,DISABLED,2059,500,2100,DISABLED,DISABLED,2064,500,2100,DISABLED,DISABLED,2065,500,2100,DISABLED,DISABLED,2056,500,2100,DISABLED,DISABLED,2058,500,2100,DISABLED,DISABLED,2067,500,2100,DISABLED,DISABLED,1487,900,1500,N/A,DISABLED,52,914,1680,N/A,ENABLED,52,914,1680,N/A,ENABLED,52,914,1680,N/A,ENABLED,52,914,1680,N/A,ENABLED,43,711,1400,N/A,ENABLED,43,711,1400,N/A,ENABLED,43,711,1400,N/A,ENABLED,43,711,1400,N/A,ENABLED,N/A,50,47
1744564544,0,344,N/A,N/A,N/A,N/A,ENABLED,2084,500,2100,DISABLED,DISABLED,2073,500,2100,DISABLED,DISABLED,2086,500,2100,DISABLED,DISABLED,2090,500,2100,DISABLED,DISABLED,2091,500,2100,DISABLED,DISABLED,2086,500,2100,DISABLED,DISABLED,2084,500,2100,DISABLED,DISABLED,2093,500,2100,DISABLED,DISABLED,1500,900,1500,N/A,DISABLED,53,914,1680,N/A,ENABLED,53,914,1680,N/A,ENABLED,53,914,1680,N/A,ENABLED,53,914,1680,N/A,ENABLED,44,711,1400,N/A,ENABLED,44,711,1400,N/A,ENABLED,44,711,1400,N/A,ENABLED,44,711,1400,N/A,ENABLED,N/A,50,47
1744564545,0,344,N/A,N/A,N/A,N/A,ENABLED,2084,500,2100,DISABLED,DISABLED,2073,500,2100,DISABLED,DISABLED,2086,500,2100,DISABLED,DISABLED,2091,500,2100,DISABLED,DISABLED,2091,500,2100,DISABLED,DISABLED,2086,500,2100,DISABLED,DISABLED,2084,500,2100,DISABLED,DISABLED,2094,500,2100,DISABLED,DISABLED,1500,900,1500,N/A,DISABLED,53,914,1680,N/A,ENABLED,53,914,1680,N/A,ENABLED,53,914,1680,N/A,ENABLED,53,914,1680,N/A,ENABLED,44,711,1400,N/A,ENABLED,44,711,1400,N/A,ENABLED,44,711,1400,N/A,ENABLED,44,711,1400,N/A,ENABLED,N/A,50,47
1744564546,0,344,N/A,N/A,N/A,N/A,ENABLED,2083,500,2100,DISABLED,DISABLED,2073,500,2100,DISABLED,DISABLED,2085,500,2100,DISABLED,DISABLED,2091,500,2100,DISABLED,DISABLED,2091,500,2100,DISABLED,DISABLED,2086,500,2100,DISABLED,DISABLED,2084,500,2100,DISABLED,DISABLED,2094,500,2100,DISABLED,DISABLED,1500,900,1500,N/A,DISABLED,53,914,1680,N/A,ENABLED,53,914,1680,N/A,ENABLED,53,914,1680,N/A,ENABLED,53,914,1680,N/A,ENABLED,44,711,1400,N/A,ENABLED,44,711,1400,N/A,ENABLED,44,711,1400,N/A,ENABLED,44,711,1400,N/A,ENABLED,N/A,50,47
1744564548,0,344,N/A,N/A,N/A,N/A,ENABLED,2083,500,2100,DISABLED,DISABLED,2073,500,2100,DISABLED,DISABLED,2086,500,2100,DISABLED,DISABLED,2091,500,2100,DISABLED,DISABLED,2091,500,2100,DISABLED,DISABLED,2086,500,2100,DISABLED,DISABLED,2084,500,2100,DISABLED,DISABLED,2093,500,2100,DISABLED,DISABLED,1500,900,1500,N/A,DISABLED,53,914,1680,N/A,ENABLED,53,914,1680,N/A,ENABLED,53,914,1680,N/A,ENABLED,53,914,1680,N/A,ENABLED,44,711,1400,N/A,ENABLED,44,711,1400,N/A,ENABLED,44,711,1400,N/A,ENABLED,44,711,1400,N/A,ENABLED,N/A,50,47
1744564549,0,343,N/A,N/A,N/A,N/A,ENABLED,2083,500,2100,DISABLED,DISABLED,2073,500,2100,DISABLED,DISABLED,2086,500,2100,DISABLED,DISABLED,2091,500,2100,DISABLED,DISABLED,2091,500,2100,DISABLED,DISABLED,2086,500,2100,DISABLED,DISABLED,2084,500,2100,DISABLED,DISABLED,2094,500,2100,DISABLED,DISABLED,1500,900,1500,N/A,DISABLED,53,914,1680,N/A,ENABLED,53,914,1680,N/A,ENABLED,53,914,1680,N/A,ENABLED,53,914,1680,N/A,ENABLED,44,711,1400,N/A,ENABLED,44,711,1400,N/A,ENABLED,44,711,1400,N/A,ENABLED,44,711,1400,N/A,ENABLED,N/A,50,47
1744564550,0,344,N/A,N/A,N/A,N/A,ENABLED,2083,500,2100,DISABLED,DISABLED,2073,500,2100,DISABLED,DISABLED,2085,500,2100,DISABLED,DISABLED,2091,500,2100,DISABLED,DISABLED,2090,500,2100,DISABLED,DISABLED,2086,500,2100,DISABLED,DISABLED,2084,500,2100,DISABLED,DISABLED,2094,500,2100,DISABLED,DISABLED,1500,900,1500,N/A,DISABLED,53,914,1680,N/A,ENABLED,53,914,1680,N/A,ENABLED,53,914,1680,N/A,ENABLED,53,914,1680,N/A,ENABLED,44,711,1400,N/A,ENABLED,44,711,1400,N/A,ENABLED,44,711,1400,N/A,ENABLED,44,711,1400,N/A,ENABLED,N/A,50,47
1744564551,0,344,N/A,N/A,N/A,N/A,ENABLED,2083,500,2100,DISABLED,DISABLED,2073,500,2100,DISABLED,DISABLED,2086,500,2100,DISABLED,DISABLED,2091,500,2100,DISABLED,DISABLED,2091,500,2100,DISABLED,DISABLED,2086,500,2100,DISABLED,DISABLED,2084,500,2100,DISABLED,DISABLED,2094,500,2100,DISABLED,DISABLED,1500,900,1500,N/A,DISABLED,53,914,1680,N/A,ENABLED,53,914,1680,N/A,ENABLED,53,914,1680,N/A,ENABLED,53,914,1680,N/A,ENABLED,44,711,1400,N/A,ENABLED,44,711,1400,N/A,ENABLED,44,711,1400,N/A,ENABLED,44,711,1400,N/A,ENABLED,N/A,50,47
1744564552,0,342,N/A,N/A,N/A,N/A,ENABLED,2083,500,2100,DISABLED,DISABLED,2073,500,2100,DISABLED,DISABLED,2086,500,2100,DISABLED,DISABLED,2092,500,2100,DISABLED,DISABLED,2091,500,2100,DISABLED,DISABLED,2086,500,2100,DISABLED,DISABLED,2085,500,2100,DISABLED,DISABLED,2094,500,2100,DISABLED,DISABLED,1500,900,1500,N/A,DISABLED,53,914,1680,N/A,ENABLED,53,914,1680,N/A,ENABLED,53,914,1680,N/A,ENABLED,53,914,1680,N/A,ENABLED,44,711,1400,N/A,ENABLED,44,711,1400,N/A,ENABLED,44,711,1400,N/A,ENABLED,44,711,1400,N/A,ENABLED,N/A,50,47
1744564554,0,346,N/A,N/A,N/A,N/A,ENABLED,2082,500,2100,DISABLED,DISABLED,2072,500,2100,DISABLED,DISABLED,2085,500,2100,DISABLED,DISABLED,2091,500,2100,DISABLED,DISABLED,2089,500,2100,DISABLED,DISABLED,2085,500,2100,DISABLED,DISABLED,2083,500,2100,DISABLED,DISABLED,2093,500,2100,DISABLED,DISABLED,1499,900,1500,N/A,DISABLED,52,914,1680,N/A,ENABLED,52,914,1680,N/A,ENABLED,52,914,1680,N/A,ENABLED,52,914,1680,N/A,ENABLED,44,711,1400,N/A,ENABLED,44,711,1400,N/A,ENABLED,44,711,1400,N/A,ENABLED,44,711,1400,N/A,ENABLED,N/A,51,47
1744564555,0,344,N/A,N/A,N/A,N/A,ENABLED,2083,500,2100,DISABLED,DISABLED,2073,500,2100,DISABLED,DISABLED,2086,500,2100,DISABLED,DISABLED,2091,500,2100,DISABLED,DISABLED,2090,500,2100,DISABLED,DISABLED,2086,500,2100,DISABLED,DISABLED,2084,500,2100,DISABLED,DISABLED,2093,500,2100,DISABLED,DISABLED,1500,900,1500,N/A,DISABLED,53,914,1680,N/A,ENABLED,53,914,1680,N/A,ENABLED,53,914,1680,N/A,ENABLED,53,914,1680,N/A,ENABLED,44,711,1400,N/A,ENABLED,44,711,1400,N/A,ENABLED,44,711,1400,N/A,ENABLED,44,711,1400,N/A,ENABLED,N/A,51,47
1744564556,0,344,N/A,N/A,N/A,N/A,ENABLED,2083,500,2100,DISABLED,DISABLED,2073,500,2100,DISABLED,DISABLED,2085,500,2100,DISABLED,DISABLED,2092,500,2100,DISABLED,DISABLED,2090,500,2100,DISABLED,DISABLED,2086,500,2100,DISABLED,DISABLED,2084,500,2100,DISABLED,DISABLED,2093,500,2100,DISABLED,DISABLED,1500,900,1500,N/A,DISABLED,53,914,1680,N/A,ENABLED,53,914,1680,N/A,ENABLED,53,914,1680,N/A,ENABLED,53,914,1680,N/A,ENABLED,44,711,1400,N/A,ENABLED,44,711,1400,N/A,ENABLED,44,711,1400,N/A,ENABLED,44,711,1400,N/A,ENABLED,N/A,51,47
1744564557,0,344,N/A,N/A,N/A,N/A,ENABLED,2082,500,2100,DISABLED,DISABLED,2073,500,2100,DISABLED,DISABLED,2086,500,2100,DISABLED,DISABLED,2091,500,2100,DISABLED,DISABLED,2091,500,2100,DISABLED,DISABLED,2086,500,2100,DISABLED,DISABLED,2085,500,2100,DISABLED,DISABLED,2093,500,2100,DISABLED,DISABLED,1500,900,1500,N/A,DISABLED,53,914,1680,N/A,ENABLED,53,914,1680,N/A,ENABLED,53,914,1680,N/A,ENABLED,53,914,1680,N/A,ENABLED,44,711,1400,N/A,ENABLED,44,711,1400,N/A,ENABLED,44,711,1400,N/A,ENABLED,44,711,1400,N/A,ENABLED,N/A,51,47
1744564558,0,344,N/A,N/A,N/A,N/A,ENABLED,2082,500,2100,DISABLED,DISABLED,2073,500,2100,DISABLED,DISABLED,2085,500,2100,DISABLED,DISABLED,2092,500,2100,DISABLED,DISABLED,2091,500,2100,DISABLED,DISABLED,2086,500,2100,DISABLED,DISABLED,2084,500,2100,DISABLED,DISABLED,2093,500,2100,DISABLED,DISABLED,1500,900,1500,N/A,DISABLED,53,914,1680,N/A,ENABLED,53,914,1680,N/A,ENABLED,53,914,1680,N/A,ENABLED,53,914,1680,N/A,ENABLED,44,711,1400,N/A,ENABLED,44,711,1400,N/A,ENABLED,44,711,1400,N/A,ENABLED,44,711,1400,N/A,ENABLED,N/A,51,47
1744564559,0,344,N/A,N/A,N/A,N/A,ENABLED,2082,500,2100,DISABLED,DISABLED,2073,500,2100,DISABLED,DISABLED,2086,500,2100,DISABLED,DISABLED,2092,500,2100,DISABLED,DISABLED,2091,500,2100,DISABLED,DISABLED,2086,500,2100,DISABLED,DISABLED,2085,500,2100,DISABLED,DISABLED,2093,500,2100,DISABLED,DISABLED,1500,900,1500,N/A,DISABLED,53,914,1680,N/A,ENABLED,53,914,1680,N/A,ENABLED,53,914,1680,N/A,ENABLED,53,914,1680,N/A,ENABLED,44,711,1400,N/A,ENABLED,44,711,1400,N/A,ENABLED,44,711,1400,N/A,ENABLED,44,711,1400,N/A,ENABLED,N/A,51,48
1744564561,0,344,N/A,N/A,N/A,N/A,ENABLED,2082,500,2100,DISABLED,DISABLED,2073,500,2100,DISABLED,DISABLED,2086,500,2100,DISABLED,DISABLED,2092,500,2100,DISABLED,DISABLED,2090,500,2100,DISABLED,DISABLED,2086,500,2100,DISABLED,DISABLED,2084,500,2100,DISABLED,DISABLED,2094,500,2100,DISABLED,DISABLED,1500,900,1500,N/A,DISABLED,53,914,1680,N/A,ENABLED,53,914,1680,N/A,ENABLED,53,914,1680,N/A,ENABLED,53,914,1680,N/A,ENABLED,44,711,1400,N/A,ENABLED,44,711,1400,N/A,ENABLED,44,711,1400,N/A,ENABLED,44,711,1400,N/A,ENABLED,N/A,51,48
1744564562,0,344,N/A,N/A,N/A,N/A,ENABLED,2082,500,2100,DISABLED,DISABLED,2073,500,2100,DISABLED,DISABLED,2086,500,2100,DISABLED,DISABLED,2091,500,2100,DISABLED,DISABLED,2090,500,2100,DISABLED,DISABLED,2086,500,2100,DISABLED,DISABLED,2084,500,2100,DISABLED,DISABLED,2094,500,2100,DISABLED,DISABLED,1500,900,1500,N/A,DISABLED,53,914,1680,N/A,ENABLED,53,914,1680,N/A,ENABLED,53,914,1680,N/A,ENABLED,53,914,1680,N/A,ENABLED,44,711,1400,N/A,ENABLED,44,711,1400,N/A,ENABLED,44,711,1400,N/A,ENABLED,44,711,1400,N/A,ENABLED,N/A,51,48
1744564563,0,345,N/A,N/A,N/A,N/A,ENABLED,2082,500,2100,DISABLED,DISABLED,2074,500,2100,DISABLED,DISABLED,2085,500,2100,DISABLED,DISABLED,2091,500,2100,DISABLED,DISABLED,2091,500,2100,DISABLED,DISABLED,2086,500,2100,DISABLED,DISABLED,2085,500,2100,DISABLED,DISABLED,2094,500,2100,DISABLED,DISABLED,1500,900,1500,N/A,DISABLED,53,914,1680,N/A,ENABLED,53,914,1680,N/A,ENABLED,53,914,1680,N/A,ENABLED,53,914,1680,N/A,ENABLED,44,711,1400,N/A,ENABLED,44,711,1400,N/A,ENABLED,44,711,1400,N/A,ENABLED,44,711,1400,N/A,ENABLED,N/A,51,48
1744564564,0,346,N/A,N/A,N/A,N/A,ENABLED,2082,500,2100,DISABLED,DISABLED,2073,500,2100,DISABLED,DISABLED,2086,500,2100,DISABLED,DISABLED,2092,500,2100,DISABLED,DISABLED,2090,500,2100,DISABLED,DISABLED,2086,500,2100,DISABLED,DISABLED,2085,500,2100,DISABLED,DISABLED,2093,500,2100,DISABLED,DISABLED,1500,900,1500,N/A,DISABLED,52,914,1680,N/A,ENABLED,52,914,1680,N/A,ENABLED,52,914,1680,N/A,ENABLED,52,914,1680,N/A,ENABLED,44,711,1400,N/A,ENABLED,44,711,1400,N/A,ENABLED,44,711,1400,N/A,ENABLED,44,711,1400,N/A,ENABLED,N/A,51,48
1744564565,0,345,N/A,N/A,N/A,N/A,ENABLED,2083,500,2100,DISABLED,DISABLED,2073,500,2100,DISABLED,DISABLED,2086,500,2100,DISABLED,DISABLED,2092,500,2100,DISABLED,DISABLED,2090,500,2100,DISABLED,DISABLED,2086,500,2100,DISABLED,DISABLED,2084,500,2100,DISABLED,DISABLED,2094,500,2100,DISABLED,DISABLED,1500,900,1500,N/A,DISABLED,53,914,1680,N/A,ENABLED,53,914,1680,N/A,ENABLED,53,914,1680,N/A,ENABLED,53,914,1680,N/A,ENABLED,44,711,1400,N/A,ENABLED,44,711,1400,N/A,ENABLED,44,711,1400,N/A,ENABLED,44,711,1400,N/A,ENABLED,N/A,51,48
1744564566,0,344,N/A,N/A,N/A,N/A,ENABLED,2082,500,2100,DISABLED,DISABLED,2074,500,2100,DISABLED,DISABLED,2085,500,2100,DISABLED,DISABLED,2092,500,2100,DISABLED,DISABLED,2090,500,2100,DISABLED,DISABLED,2086,500,2100,DISABLED,DISABLED,2084,500,2100,DISABLED,DISABLED,2094,500,2100,DISABLED,DISABLED,1500,900,1500,N/A,DISABLED,53,914,1680,N/A,ENABLED,53,914,1680,N/A,ENABLED,53,914,1680,N/A,ENABLED,53,914,1680,N/A,ENABLED,44,711,1400,N/A,ENABLED,44,711,1400,N/A,ENABLED,44,711,1400,N/A,ENABLED,44,711,1400,N/A,ENABLED,N/A,51,48
1744564568,0,345,N/A,N/A,N/A,N/A,ENABLED,2082,500,2100,DISABLED,DISABLED,2073,500,2100,DISABLED,DISABLED,2085,500,2100,DISABLED,DISABLED,2092,500,2100,DISABLED,DISABLED,2091,500,2100,DISABLED,DISABLED,2086,500,2100,DISABLED,DISABLED,2084,500,2100,DISABLED,DISABLED,2094,500,2100,DISABLED,DISABLED,1500,900,1500,N/A,DISABLED,53,914,1680,N/A,ENABLED,53,914,1680,N/A,ENABLED,53,914,1680,N/A,ENABLED,53,914,1680,N/A,ENABLED,44,711,1400,N/A,ENABLED,44,711,1400,N/A,ENABLED,44,711,1400,N/A,ENABLED,44,711,1400,N/A,ENABLED,N/A,51,48
1744564569,0,343,N/A,N/A,N/A,N/A,ENABLED,2065,500,2100,DISABLED,DISABLED,2058,500,2100,DISABLED,DISABLED,2069,500,2100,DISABLED,DISABLED,2076,500,2100,DISABLED,DISABLED,2075,500,2100,DISABLED,DISABLED,2071,500,2100,DISABLED,DISABLED,2068,500,2100,DISABLED,DISABLED,2078,500,2100,DISABLED,DISABLED,1492,900,1500,N/A,DISABLED,52,914,1680,N/A,ENABLED,52,914,1680,N/A,ENABLED,52,914,1680,N/A,ENABLED,52,914,1680,N/A,ENABLED,43,711,1400,N/A,ENABLED,43,711,1400,N/A,ENABLED,43,711,1400,N/A,ENABLED,43,711,1400,N/A,ENABLED,N/A,51,48
1744564570,0,345,N/A,N/A,N/A,N/A,ENABLED,2082,500,2100,DISABLED,DISABLED,2074,500,2100,DISABLED,DISABLED,2085,500,2100,DISABLED,DISABLED,2091,500,2100,DISABLED,DISABLED,2091,500,2100,DISABLED,DISABLED,2086,500,2100,DISABLED,DISABLED,2083,500,2100,DISABLED,DISABLED,2093,500,2100,DISABLED,DISABLED,1500,900,1500,N/A,DISABLED,53,914,1680,N/A,ENABLED,53,914,1680,N/A,ENABLED,53,914,1680,N/A,ENABLED,53,914,1680,N/A,ENABLED,44,711,1400,N/A,ENABLED,44,711,1400,N/A,ENABLED,44,711,1400,N/A,ENABLED,44,711,1400,N/A,ENABLED,N/A,51,48
1744564571,0,345,N/A,N/A,N/A,N/A,ENABLED,2083,500,2100,DISABLED,DISABLED,2073,500,2100,DISABLED,DISABLED,2085,500,2100,DISABLED,DISABLED,2091,500,2100,DISABLED,DISABLED,2090,500,2100,DISABLED,DISABLED,2086,500,2100,DISABLED,DISABLED,2084,500,2100,DISABLED,DISABLED,2094,500,2100,DISABLED,DISABLED,1500,900,1500,N/A,DISABLED,53,914,1680,N/A,ENABLED,53,914,1680,N/A,ENABLED,53,914,1680,N/A,ENABLED,53,914,1680,N/A,ENABLED,44,711,1400,N/A,ENABLED,44,711,1400,N/A,ENABLED,44,711,1400,N/A,ENABLED,44,711,1400,N/A,ENABLED,N/A,51,48
1744564572,0,345,N/A,N/A,N/A,N/A,ENABLED,2083,500,2100,DISABLED,DISABLED,2073,500,2100,DISABLED,DISABLED,2085,500,2100,DISABLED,DISABLED,2092,500,2100,DISABLED,DISABLED,2090,500,2100,DISABLED,DISABLED,2087,500,2100,DISABLED,DISABLED,2084,500,2100,DISABLED,DISABLED,2094,500,2100,DISABLED,DISABLED,1500,900,1500,N/A,DISABLED,53,914,1680,N/A,ENABLED,53,914,1680,N/A,ENABLED,53,914,1680,N/A,ENABLED,53,914,1680,N/A,ENABLED,44,711,1400,N/A,ENABLED,44,711,1400,N/A,ENABLED,44,711,1400,N/A,ENABLED,44,711,1400,N/A,ENABLED,N/A,51,48
1744564573,0,345,N/A,N/A,N/A,N/A,ENABLED,2082,500,2100,DISABLED,DISABLED,2074,500,2100,DISABLED,DISABLED,2086,500,2100,DISABLED,DISABLED,2091,500,2100,DISABLED,DISABLED,2090,500,2100,DISABLED,DISABLED,2086,500,2100,DISABLED,DISABLED,2084,500,2100,DISABLED,DISABLED,2094,500,2100,DISABLED,DISABLED,1500,900,1500,N/A,DISABLED,53,914,1680,N/A,ENABLED,53,914,1680,N/A,ENABLED,53,914,1680,N/A,ENABLED,53,914,1680,N/A,ENABLED,44,711,1400,N/A,ENABLED,44,711,1400,N/A,ENABLED,44,711,1400,N/A,ENABLED,44,711,1400,N/A,ENABLED,N/A,51,48
1744564575,0,345,N/A,N/A,N/A,N/A,ENABLED,2082,500,2100,DISABLED,DISABLED,2074,500,2100,DISABLED,DISABLED,2086,500,2100,DISABLED,DISABLED,2091,500,2100,DISABLED,DISABLED,2090,500,2100,DISABLED,DISABLED,2086,500,2100,DISABLED,DISABLED,2084,500,2100,DISABLED,DISABLED,2095,500,2100,DISABLED,DISABLED,1500,900,1500,N/A,DISABLED,53,914,1680,N/A,ENABLED,53,914,1680,N/A,ENABLED,53,914,1680,N/A,ENABLED,53,914,1680,N/A,ENABLED,44,711,1400,N/A,ENABLED,44,711,1400,N/A,ENABLED,44,711,1400,N/A,ENABLED,44,711,1400,N/A,ENABLED,N/A,51,48
1744564576,0,345,N/A,N/A,N/A,N/A,ENABLED,2083,500,2100,DISABLED,DISABLED,2073,500,2100,DISABLED,DISABLED,2086,500,2100,DISABLED,DISABLED,2091,500,2100,DISABLED,DISABLED,2090,500,2100,DISABLED,DISABLED,2086,500,2100,DISABLED,DISABLED,2084,500,2100,DISABLED,DISABLED,2094,500,2100,DISABLED,DISABLED,1500,900,1500,N/A,DISABLED,53,914,1680,N/A,ENABLED,53,914,1680,N/A,ENABLED,53,914,1680,N/A,ENABLED,53,914,1680,N/A,ENABLED,44,711,1400,N/A,ENABLED,44,711,1400,N/A,ENABLED,44,711,1400,N/A,ENABLED,44,711,1400,N/A,ENABLED,N/A,51,48
1744564577,0,344,N/A,N/A,N/A,N/A,ENABLED,2083,500,2100,DISABLED,DISABLED,2074,500,2100,DISABLED,DISABLED,2085,500,2100,DISABLED,DISABLED,2091,500,2100,DISABLED,DISABLED,2090,500,2100,DISABLED,DISABLED,2086,500,2100,DISABLED,DISABLED,2084,500,2100,DISABLED,DISABLED,2094,500,2100,DISABLED,DISABLED,1500,900,1500,N/A,DISABLED,53,914,1680,N/A,ENABLED,53,914,1680,N/A,ENABLED,53,914,1680,N/A,ENABLED,53,914,1680,N/A,ENABLED,44,711,1400,N/A,ENABLED,44,711,1400,N/A,ENABLED,44,711,1400,N/A,ENABLED,44,711,1400,N/A,ENABLED,N/A,51,48
1744564578,0,344,N/A,N/A,N/A,N/A,ENABLED,2083,500,2100,DISABLED,DISABLED,2073,500,2100,DISABLED,DISABLED,2085,500,2100,DISABLED,DISABLED,2092,500,2100,DISABLED,DISABLED,2090,500,2100,DISABLED,DISABLED,2086,500,2100,DISABLED,DISABLED,2084,500,2100,DISABLED,DISABLED,2095,500,2100,DISABLED,DISABLED,1500,900,1500,N/A,DISABLED,53,914,1680,N/A,ENABLED,53,914,1680,N/A,ENABLED,53,914,1680,N/A,ENABLED,53,914,1680,N/A,ENABLED,44,711,1400,N/A,ENABLED,44,711,1400,N/A,ENABLED,44,711,1400,N/A,ENABLED,44,711,1400,N/A,ENABLED,N/A,51,48
1744564579,0,345,N/A,N/A,N/A,N/A,ENABLED,2079,500,2100,DISABLED,DISABLED,2070,500,2100,DISABLED,DISABLED,2081,500,2100,DISABLED,DISABLED,2087,500,2100,DISABLED,DISABLED,2086,500,2100,DISABLED,DISABLED,2081,500,2100,DISABLED,DISABLED,2079,500,2100,DISABLED,DISABLED,2090,500,2100,DISABLED,DISABLED,1498,900,1500,N/A,DISABLED,52,914,1680,N/A,ENABLED,52,914,1680,N/A,ENABLED,52,914,1680,N/A,ENABLED,52,914,1680,N/A,ENABLED,44,711,1400,N/A,ENABLED,44,711,1400,N/A,ENABLED,44,711,1400,N/A,ENABLED,44,711,1400,N/A,ENABLED,N/A,51,48
1744564581,0,345,N/A,N/A,N/A,N/A,ENABLED,2083,500,2100,DISABLED,DISABLED,2073,500,2100,DISABLED,DISABLED,2085,500,2100,DISABLED,DISABLED,2092,500,2100,DISABLED,DISABLED,2090,500,2100,DISABLED,DISABLED,2086,500,2100,DISABLED,DISABLED,2084,500,2100,DISABLED,DISABLED,2095,500,2100,DISABLED,DISABLED,1500,900,1500,N/A,DISABLED,53,914,1680,N/A,ENABLED,53,914,1680,N/A,ENABLED,53,914,1680,N/A,ENABLED,53,914,1680,N/A,ENABLED,44,711,1400,N/A,ENABLED,44,711,1400,N/A,ENABLED,44,711,1400,N/A,ENABLED,44,711,1400,N/A,ENABLED,N/A,51,48
1744564582,0,345,N/A,N/A,N/A,N/A,ENABLED,2082,500,2100,DISABLED,DISABLED,2073,500,2100,DISABLED,DISABLED,2086,500,2100,DISABLED,DISABLED,2091,500,2100,DISABLED,DISABLED,2090,500,2100,DISABLED,DISABLED,2086,500,2100,DISABLED,DISABLED,2084,500,2100,DISABLED,DISABLED,2094,500,2100,DISABLED,DISABLED,1500,900,1500,N/A,DISABLED,53,914,1680,N/A,ENABLED,53,914,1680,N/A,ENABLED,53,914,1680,N/A,ENABLED,53,914,1680,N/A,ENABLED,44,711,1400,N/A,ENABLED,44,711,1400,N/A,ENABLED,44,711,1400,N/A,ENABLED,44,711,1400,N/A,ENABLED,N/A,51,48
1744564583,0,344,N/A,N/A,N/A,N/A,ENABLED,2083,500,2100,DISABLED,DISABLED,2073,500,2100,DISABLED,DISABLED,2085,500,2100,DISABLED,DISABLED,2091,500,2100,DISABLED,DISABLED,2090,500,2100,DISABLED,DISABLED,2086,500,2100,DISABLED,DISABLED,2085,500,2100,DISABLED,DISABLED,2094,500,2100,DISABLED,DISABLED,1500,900,1500,N/A,DISABLED,53,914,1680,N/A,ENABLED,53,914,1680,N/A,ENABLED,53,914,1680,N/A,ENABLED,53,914,1680,N/A,ENABLED,44,711,1400,N/A,ENABLED,44,711,1400,N/A,ENABLED,44,711,1400,N/A,ENABLED,44,711,1400,N/A,ENABLED,N/A,51,48
1744564584,0,344,N/A,N/A,N/A,N/A,ENABLED,2083,500,2100,DISABLED,DISABLED,2073,500,2100,DISABLED,DISABLED,2085,500,2100,DISABLED,DISABLED,2092,500,2100,DISABLED,DISABLED,2091,500,2100,DISABLED,DISABLED,2086,500,2100,DISABLED,DISABLED,2084,500,2100,DISABLED,DISABLED,2094,500,2100,DISABLED,DISABLED,1500,900,1500,N/A,DISABLED,53,914,1680,N/A,ENABLED,53,914,1680,N/A,ENABLED,53,914,1680,N/A,ENABLED,53,914,1680,N/A,ENABLED,44,711,1400,N/A,ENABLED,44,711,1400,N/A,ENABLED,44,711,1400,N/A,ENABLED,44,711,1400,N/A,ENABLED,N/A,51,48
1744564585,0,347,N/A,N/A,N/A,N/A,ENABLED,2082,500,2100,DISABLED,DISABLED,2073,500,2100,DISABLED,DISABLED,2085,500,2100,DISABLED,DISABLED,2092,500,2100,DISABLED,DISABLED,2091,500,2100,DISABLED,DISABLED,2086,500,2100,DISABLED,DISABLED,2084,500,2100,DISABLED,DISABLED,2093,500,2100,DISABLED,DISABLED,1500,900,1500,N/A,DISABLED,53,914,1680,N/A,ENABLED,53,914,1680,N/A,ENABLED,53,914,1680,N/A,ENABLED,53,914,1680,N/A,ENABLED,44,711,1400,N/A,ENABLED,44,711,1400,N/A,ENABLED,44,711,1400,N/A,ENABLED,44,711,1400,N/A,ENABLED,N/A,51,48
1744564586,0,345,N/A,N/A,N/A,N/A,ENABLED,2082,500,2100,DISABLED,DISABLED,2073,500,2100,DISABLED,DISABLED,2085,500,2100,DISABLED,DISABLED,2092,500,2100,DISABLED,DISABLED,2090,500,2100,DISABLED,DISABLED,2086,500,2100,DISABLED,DISABLED,2084,500,2100,DISABLED,DISABLED,2093,500,2100,DISABLED,DISABLED,1500,900,1500,N/A,DISABLED,53,914,1680,N/A,ENABLED,53,914,1680,N/A,ENABLED,53,914,1680,N/A,ENABLED,53,914,1680,N/A,ENABLED,44,711,1400,N/A,ENABLED,44,711,1400,N/A,ENABLED,44,711,1400,N/A,ENABLED,44,711,1400,N/A,ENABLED,N/A,51,48
1744564588,0,346,N/A,N/A,N/A,N/A,ENABLED,2083,500,2100,DISABLED,DISABLED,2074,500,2100,DISABLED,DISABLED,2085,500,2100,DISABLED,DISABLED,2091,500,2100,DISABLED,DISABLED,2090,500,2100,DISABLED,DISABLED,2087,500,2100,DISABLED,DISABLED,2085,500,2100,DISABLED,DISABLED,2094,500,2100,DISABLED,DISABLED,1500,900,1500,N/A,DISABLED,53,914,1680,N/A,ENABLED,53,914,1680,N/A,ENABLED,53,914,1680,N/A,ENABLED,53,914,1680,N/A,ENABLED,44,711,1400,N/A,ENABLED,44,711,1400,N/A,ENABLED,44,711,1400,N/A,ENABLED,44,711,1400,N/A,ENABLED,N/A,51,48
1744564589,0,345,N/A,N/A,N/A,N/A,ENABLED,2082,500,2100,DISABLED,DISABLED,2073,500,2100,DISABLED,DISABLED,2085,500,2100,DISABLED,DISABLED,2091,500,2100,DISABLED,DISABLED,2090,500,2100,DISABLED,DISABLED,2087,500,2100,DISABLED,DISABLED,2085,500,2100,DISABLED,DISABLED,2094,500,2100,DISABLED,DISABLED,1500,900,1500,N/A,DISABLED,53,914,1680,N/A,ENABLED,53,914,1680,N/A,ENABLED,53,914,1680,N/A,ENABLED,53,914,1680,N/A,ENABLED,44,711,1400,N/A,ENABLED,44,711,1400,N/A,ENABLED,44,711,1400,N/A,ENABLED,44,711,1400,N/A,ENABLED,N/A,51,48
1744564590,0,345,N/A,N/A,N/A,N/A,ENABLED,2082,500,2100,DISABLED,DISABLED,2073,500,2100,DISABLED,DISABLED,2085,500,2100,DISABLED,DISABLED,2091,500,2100,DISABLED,DISABLED,2090,500,2100,DISABLED,DISABLED,2086,500,2100,DISABLED,DISABLED,2084,500,2100,DISABLED,DISABLED,2093,500,2100,DISABLED,DISABLED,1500,900,1500,N/A,DISABLED,52,914,1680,N/A,ENABLED,52,914,1680,N/A,ENABLED,52,914,1680,N/A,ENABLED,52,914,1680,N/A,ENABLED,44,711,1400,N/A,ENABLED,44,711,1400,N/A,ENABLED,44,711,1400,N/A,ENABLED,44,711,1400,N/A,ENABLED,N/A,51,48
1744564591,0,345,N/A,N/A,N/A,N/A,ENABLED,2082,500,2100,DISABLED,DISABLED,2073,500,2100,DISABLED,DISABLED,2085,500,2100,DISABLED,DISABLED,2091,500,2100,DISABLED,DISABLED,2091,500,2100,DISABLED,DISABLED,2087,500,2100,DISABLED,DISABLED,2085,500,2100,DISABLED,DISABLED,2094,500,2100,DISABLED,DISABLED,1500,900,1500,N/A,DISABLED,53,914,1680,N/A,ENABLED,53,914,1680,N/A,ENABLED,53,914,1680,N/A,ENABLED,53,914,1680,N/A,ENABLED,44,711,1400,N/A,ENABLED,44,711,1400,N/A,ENABLED,44,711,1400,N/A,ENABLED,44,711,1400,N/A,ENABLED,N/A,51,48
1744564592,0,345,N/A,N/A,N/A,N/A,ENABLED,2083,500,2100,DISABLED,DISABLED,2074,500,2100,DISABLED,DISABLED,2084,500,2100,DISABLED,DISABLED,2091,500,2100,DISABLED,DISABLED,2091,500,2100,DISABLED,DISABLED,2087,500,2100,DISABLED,DISABLED,2085,500,2100,DISABLED,DISABLED,2094,500,2100,DISABLED,DISABLED,1500,900,1500,N/A,DISABLED,53,914,1680,N/A,ENABLED,53,914,1680,N/A,ENABLED,53,914,1680,N/A,ENABLED,53,914,1680,N/A,ENABLED,44,711,1400,N/A,ENABLED,44,711,1400,N/A,ENABLED,44,711,1400,N/A,ENABLED,44,711,1400,N/A,ENABLED,N/A,51,48
1744564593,0,344,N/A,N/A,N/A,N/A,ENABLED,2082,500,2100,DISABLED,DISABLED,2074,500,2100,DISABLED,DISABLED,2085,500,2100,DISABLED,DISABLED,2091,500,2100,DISABLED,DISABLED,2091,500,2100,DISABLED,DISABLED,2087,500,2100,DISABLED,DISABLED,2085,500,2100,DISABLED,DISABLED,2093,500,2100,DISABLED,DISABLED,1500,900,1500,N/A,DISABLED,53,914,1680,N/A,ENABLED,53,914,1680,N/A,ENABLED,53,914,1680,N/A,ENABLED,53,914,1680,N/A,ENABLED,44,711,1400,N/A,ENABLED,44,711,1400,N/A,ENABLED,44,711,1400,N/A,ENABLED,44,711,1400,N/A,ENABLED,N/A,51,48
1744564595,0,344,N/A,N/A,N/A,N/A,ENABLED,2082,500,2100,DISABLED,DISABLED,2073,500,2100,DISABLED,DISABLED,2085,500,2100,DISABLED,DISABLED,2091,500,2100,DISABLED,DISABLED,2091,500,2100,DISABLED,DISABLED,2087,500,2100,DISABLED,DISABLED,2085,500,2100,DISABLED,DISABLED,2094,500,2100,DISABLED,DISABLED,1500,900,1500,N/A,DISABLED,53,914,1680,N/A,ENABLED,53,914,1680,N/A,ENABLED,53,914,1680,N/A,ENABLED,53,914,1680,N/A,ENABLED,44,711,1400,N/A,ENABLED,44,711,1400,N/A,ENABLED,44,711,1400,N/A,ENABLED,44,711,1400,N/A,ENABLED,N/A,51,48
1744564596,0,345,N/A,N/A,N/A,N/A,ENABLED,2082,500,2100,DISABLED,DISABLED,2073,500,2100,DISABLED,DISABLED,2085,500,2100,DISABLED,DISABLED,2092,500,2100,DISABLED,DISABLED,2091,500,2100,DISABLED,DISABLED,2086,500,2100,DISABLED,DISABLED,2085,500,2100,DISABLED,DISABLED,2095,500,2100,DISABLED,DISABLED,1500,900,1500,N/A,DISABLED,53,914,1680,N/A,ENABLED,53,914,1680,N/A,ENABLED,53,914,1680,N/A,ENABLED,53,914,1680,N/A,ENABLED,44,711,1400,N/A,ENABLED,44,711,1400,N/A,ENABLED,44,711,1400,N/A,ENABLED,44,711,1400,N/A,ENABLED,N/A,51,48
1744564597,0,345,N/A,N/A,N/A,N/A,ENABLED,2082,500,2100,DISABLED,DISABLED,2074,500,2100,DISABLED,DISABLED,2085,500,2100,DISABLED,DISABLED,2092,500,2100,DISABLED,DISABLED,2091,500,2100,DISABLED,DISABLED,2087,500,2100,DISABLED,DISABLED,2085,500,2100,DISABLED,DISABLED,2094,500,2100,DISABLED,DISABLED,1500,900,1500,N/A,DISABLED,53,914,1680,N/A,ENABLED,53,914,1680,N/A,ENABLED,53,914,1680,N/A,ENABLED,53,914,1680,N/A,ENABLED,44,711,1400,N/A,ENABLED,44,711,1400,N/A,ENABLED,44,711,1400,N/A,ENABLED,44,711,1400,N/A,ENABLED,N/A,51,48
1744564598,0,344,N/A,N/A,N/A,N/A,ENABLED,2083,500,2100,DISABLED,DISABLED,2073,500,2100,DISABLED,DISABLED,2085,500,2100,DISABLED,DISABLED,2092,500,2100,DISABLED,DISABLED,2091,500,2100,DISABLED,DISABLED,2087,500,2100,DISABLED,DISABLED,2085,500,2100,DISABLED,DISABLED,2095,500,2100,DISABLED,DISABLED,1500,900,1500,N/A,DISABLED,53,914,1680,N/A,ENABLED,53,914,1680,N/A,ENABLED,53,914,1680,N/A,ENABLED,53,914,1680,N/A,ENABLED,44,711,1400,N/A,ENABLED,44,711,1400,N/A,ENABLED,44,711,1400,N/A,ENABLED,44,711,1400,N/A,ENABLED,N/A,51,48
1744564599,0,345,N/A,N/A,N/A,N/A,ENABLED,2083,500,2100,DISABLED,DISABLED,2073,500,2100,DISABLED,DISABLED,2085,500,2100,DISABLED,DISABLED,2092,500,2100,DISABLED,DISABLED,2091,500,2100,DISABLED,DISABLED,2087,500,2100,DISABLED,DISABLED,2085,500,2100,DISABLED,DISABLED,2094,500,2100,DISABLED,DISABLED,1500,900,1500,N/A,DISABLED,53,914,1680,N/A,ENABLED,53,914,1680,N/A,ENABLED,53,914,1680,N/A,ENABLED,53,914,1680,N/A,ENABLED,44,711,1400,N/A,ENABLED,44,711,1400,N/A,ENABLED,44,711,1400,N/A,ENABLED,44,711,1400,N/A,ENABLED,N/A,51,48
1744564601,0,346,N/A,N/A,N/A,N/A,ENABLED,2083,500,2100,DISABLED,DISABLED,2073,500,2100,DISABLED,DISABLED,2085,500,2100,DISABLED,DISABLED,2091,500,2100,DISABLED,DISABLED,2091,500,2100,DISABLED,DISABLED,2087,500,2100,DISABLED,DISABLED,2085,500,2100,DISABLED,DISABLED,2095,500,2100,DISABLED,DISABLED,1500,900,1500,N/A,DISABLED,52,914,1680,N/A,ENABLED,52,914,1680,N/A,ENABLED,52,914,1680,N/A,ENABLED,52,914,1680,N/A,ENABLED,44,711,1400,N/A,ENABLED,44,711,1400,N/A,ENABLED,44,711,1400,N/A,ENABLED,44,711,1400,N/A,ENABLED,N/A,51,48
1744564602,0,344,N/A,N/A,N/A,N/A,ENABLED,2082,500,2100,DISABLED,DISABLED,2073,500,2100,DISABLED,DISABLED,2085,500,2100,DISABLED,DISABLED,2090,500,2100,DISABLED,DISABLED,2091,500,2100,DISABLED,DISABLED,2087,500,2100,DISABLED,DISABLED,2085,500,2100,DISABLED,DISABLED,2094,500,2100,DISABLED,DISABLED,1500,900,1500,N/A,DISABLED,53,914,1680,N/A,ENABLED,53,914,1680,N/A,ENABLED,53,914,1680,N/A,ENABLED,53,914,1680,N/A,ENABLED,44,711,1400,N/A,ENABLED,44,711,1400,N/A,ENABLED,44,711,1400,N/A,ENABLED,44,711,1400,N/A,ENABLED,N/A,51,48
1744564603,0,346,N/A,N/A,N/A,N/A,ENABLED,2082,500,2100,DISABLED,DISABLED,2073,500,2100,DISABLED,DISABLED,2085,500,2100,DISABLED,DISABLED,2091,500,2100,DISABLED,DISABLED,2091,500,2100,DISABLED,DISABLED,2087,500,2100,DISABLED,DISABLED,2085,500,2100,DISABLED,DISABLED,2094,500,2100,DISABLED,DISABLED,1500,900,1500,N/A,DISABLED,53,914,1680,N/A,ENABLED,53,914,1680,N/A,ENABLED,53,914,1680,N/A,ENABLED,53,914,1680,N/A,ENABLED,44,711,1400,N/A,ENABLED,44,711,1400,N/A,ENABLED,44,711,1400,N/A,ENABLED,44,711,1400,N/A,ENABLED,N/A,51,48
1744564604,0,345,N/A,N/A,N/A,N/A,ENABLED,2082,500,2100,DISABLED,DISABLED,2073,500,2100,DISABLED,DISABLED,2086,500,2100,DISABLED,DISABLED,2091,500,2100,DISABLED,DISABLED,2092,500,2100,DISABLED,DISABLED,2087,500,2100,DISABLED,DISABLED,2085,500,2100,DISABLED,DISABLED,2095,500,2100,DISABLED,DISABLED,1500,900,1500,N/A,DISABLED,53,914,1680,N/A,ENABLED,53,914,1680,N/A,ENABLED,53,914,1680,N/A,ENABLED,53,914,1680,N/A,ENABLED,44,711,1400,N/A,ENABLED,44,711,1400,N/A,ENABLED,44,711,1400,N/A,ENABLED,44,711,1400,N/A,ENABLED,N/A,51,48
1744564605,0,344,N/A,N/A,N/A,N/A,ENABLED,2072,500,2100,DISABLED,DISABLED,2064,500,2100,DISABLED,DISABLED,2076,500,2100,DISABLED,DISABLED,2081,500,2100,DISABLED,DISABLED,2081,500,2100,DISABLED,DISABLED,2079,500,2100,DISABLED,DISABLED,2077,500,2100,DISABLED,DISABLED,2086,500,2100,DISABLED,DISABLED,1495,900,1500,N/A,DISABLED,52,914,1680,N/A,ENABLED,52,914,1680,N/A,ENABLED,52,914,1680,N/A,ENABLED,52,914,1680,N/A,ENABLED,44,711,1400,N/A,ENABLED,44,711,1400,N/A,ENABLED,44,711,1400,N/A,ENABLED,44,711,1400,N/A,ENABLED,N/A,51,48
1744564606,0,345,N/A,N/A,N/A,N/A,ENABLED,2082,500,2100,DISABLED,DISABLED,2072,500,2100,DISABLED,DISABLED,2085,500,2100,DISABLED,DISABLED,2091,500,2100,DISABLED,DISABLED,2092,500,2100,DISABLED,DISABLED,2087,500,2100,DISABLED,DISABLED,2086,500,2100,DISABLED,DISABLED,2094,500,2100,DISABLED,DISABLED,1500,900,1500,N/A,DISABLED,53,914,1680,N/A,ENABLED,53,914,1680,N/A,ENABLED,53,914,1680,N/A,ENABLED,53,914,1680,N/A,ENABLED,44,711,1400,N/A,ENABLED,44,711,1400,N/A,ENABLED,44,711,1400,N/A,ENABLED,44,711,1400,N/A,ENABLED,N/A,51,48
1744564608,0,345,N/A,N/A,N/A,N/A,ENABLED,2083,500,2100,DISABLED,DISABLED,2073,500,2100,DISABLED,DISABLED,2085,500,2100,DISABLED,DISABLED,2091,500,2100,DISABLED,DISABLED,2091,500,2100,DISABLED,DISABLED,2087,500,2100,DISABLED,DISABLED,2085,500,2100,DISABLED,DISABLED,2094,500,2100,DISABLED,DISABLED,1500,900,1500,N/A,DISABLED,53,914,1680,N/A,ENABLED,53,914,1680,N/A,ENABLED,53,914,1680,N/A,ENABLED,53,914,1680,N/A,ENABLED,44,711,1400,N/A,ENABLED,44,711,1400,N/A,ENABLED,44,711,1400,N/A,ENABLED,44,711,1400,N/A,ENABLED,N/A,51,48
1744564609,0,345,N/A,N/A,N/A,N/A,ENABLED,2083,500,2100,DISABLED,DISABLED,2073,500,2100,DISABLED,DISABLED,2085,500,2100,DISABLED,DISABLED,2091,500,2100,DISABLED,DISABLED,2090,500,2100,DISABLED,DISABLED,2087,500,2100,DISABLED,DISABLED,2085,500,2100,DISABLED,DISABLED,2094,500,2100,DISABLED,DISABLED,1500,900,1500,N/A,DISABLED,53,914,1680,N/A,ENABLED,53,914,1680,N/A,ENABLED,53,914,1680,N/A,ENABLED,53,914,1680,N/A,ENABLED,44,711,1400,N/A,ENABLED,44,711,1400,N/A,ENABLED,44,711,1400,N/A,ENABLED,44,711,1400,N/A,ENABLED,N/A,51,48
1744564610,0,345,N/A,N/A,N/A,N/A,ENABLED,2083,500,2100,DISABLED,DISABLED,2073,500,2100,DISABLED,DISABLED,2085,500,2100,DISABLED,DISABLED,2091,500,2100,DISABLED,DISABLED,2091,500,2100,DISABLED,DISABLED,2087,500,2100,DISABLED,DISABLED,2084,500,2100,DISABLED,DISABLED,2094,500,2100,DISABLED,DISABLED,1500,900,1500,N/A,DISABLED,53,914,1680,N/A,ENABLED,53,914,1680,N/A,ENABLED,53,914,1680,N/A,ENABLED,53,914,1680,N/A,ENABLED,44,711,1400,N/A,ENABLED,44,711,1400,N/A,ENABLED,44,711,1400,N/A,ENABLED,44,711,1400,N/A,ENABLED,N/A,51,48
1744564611,0,345,N/A,N/A,N/A,N/A,ENABLED,2083,500,2100,DISABLED,DISABLED,2074,500,2100,DISABLED,DISABLED,2085,500,2100,DISABLED,DISABLED,2091,500,2100,DISABLED,DISABLED,2091,500,2100,DISABLED,DISABLED,2087,500,2100,DISABLED,DISABLED,2084,500,2100,DISABLED,DISABLED,2094,500,2100,DISABLED,DISABLED,1500,900,1500,N/A,DISABLED,53,914,1680,N/A,ENABLED,53,914,1680,N/A,ENABLED,53,914,1680,N/A,ENABLED,53,914,1680,N/A,ENABLED,44,711,1400,N/A,ENABLED,44,711,1400,N/A,ENABLED,44,711,1400,N/A,ENABLED,44,711,1400,N/A,ENABLED,N/A,51,48
1744564612,0,345,N/A,N/A,N/A,N/A,ENABLED,2082,500,2100,DISABLED,DISABLED,2073,500,2100,DISABLED,DISABLED,2085,500,2100,DISABLED,DISABLED,2091,500,2100,DISABLED,DISABLED,2091,500,2100,DISABLED,DISABLED,2087,500,2100,DISABLED,DISABLED,2085,500,2100,DISABLED,DISABLED,2094,500,2100,DISABLED,DISABLED,1500,900,1500,N/A,DISABLED,53,914,1680,N/A,ENABLED,53,914,1680,N/A,ENABLED,53,914,1680,N/A,ENABLED,53,914,1680,N/A,ENABLED,44,711,1400,N/A,ENABLED,44,711,1400,N/A,ENABLED,44,711,1400,N/A,ENABLED,44,711,1400,N/A,ENABLED,N/A,51,47
1744564613,0,344,N/A,N/A,N/A,N/A,ENABLED,2082,500,2100,DISABLED,DISABLED,2074,500,2100,DISABLED,DISABLED,2085,500,2100,DISABLED,DISABLED,2091,500,2100,DISABLED,DISABLED,2091,500,2100,DISABLED,DISABLED,2086,500,2100,DISABLED,DISABLED,2084,500,2100,DISABLED,DISABLED,2094,500,2100,DISABLED,DISABLED,1500,900,1500,N/A,DISABLED,53,914,1680,N/A,ENABLED,53,914,1680,N/A,ENABLED,53,914,1680,N/A,ENABLED,53,914,1680,N/A,ENABLED,44,711,1400,N/A,ENABLED,44,711,1400,N/A,ENABLED,44,711,1400,N/A,ENABLED,44,711,1400,N/A,ENABLED,N/A,51,48
1744564615,0,345,N/A,N/A,N/A,N/A,ENABLED,2082,500,2100,DISABLED,DISABLED,2073,500,2100,DISABLED,DISABLED,2086,500,2100,DISABLED,DISABLED,2091,500,2100,DISABLED,DISABLED,2091,500,2100,DISABLED,DISABLED,2086,500,2100,DISABLED,DISABLED,2085,500,2100,DISABLED,DISABLED,2094,500,2100,DISABLED,DISABLED,1500,900,1500,N/A,DISABLED,53,914,1680,N/A,ENABLED,53,914,1680,N/A,ENABLED,53,914,1680,N/A,ENABLED,53,914,1680,N/A,ENABLED,44,711,1400,N/A,ENABLED,44,711,1400,N/A,ENABLED,44,711,1400,N/A,ENABLED,44,711,1400,N/A,ENABLED,N/A,51,48
1744564616,0,345,N/A,N/A,N/A,N/A,ENABLED,2081,500,2100,DISABLED,DISABLED,2072,500,2100,DISABLED,DISABLED,2085,500,2100,DISABLED,DISABLED,2090,500,2100,DISABLED,DISABLED,2090,500,2100,DISABLED,DISABLED,2086,500,2100,DISABLED,DISABLED,2084,500,2100,DISABLED,DISABLED,2093,500,2100,DISABLED,DISABLED,1500,900,1500,N/A,DISABLED,52,914,1680,N/A,ENABLED,52,914,1680,N/A,ENABLED,52,914,1680,N/A,ENABLED,52,914,1680,N/A,ENABLED,44,711,1400,N/A,ENABLED,44,711,1400,N/A,ENABLED,44,711,1400,N/A,ENABLED,44,711,1400,N/A,ENABLED,N/A,51,48
1744564617,0,345,N/A,N/A,N/A,N/A,ENABLED,2082,500,2100,DISABLED,DISABLED,2073,500,2100,DISABLED,DISABLED,2086,500,2100,DISABLED,DISABLED,2091,500,2100,DISABLED,DISABLED,2091,500,2100,DISABLED,DISABLED,2087,500,2100,DISABLED,DISABLED,2084,500,2100,DISABLED,DISABLED,2095,500,2100,DISABLED,DISABLED,1500,900,1500,N/A,DISABLED,53,914,1680,N/A,ENABLED,53,914,1680,N/A,ENABLED,53,914,1680,N/A,ENABLED,53,914,1680,N/A,ENABLED,44,711,1400,N/A,ENABLED,44,711,1400,N/A,ENABLED,44,711,1400,N/A,ENABLED,44,711,1400,N/A,ENABLED,N/A,51,48
1744564618,0,345,N/A,N/A,N/A,N/A,ENABLED,2082,500,2100,DISABLED,DISABLED,2073,500,2100,DISABLED,DISABLED,2086,500,2100,DISABLED,DISABLED,2091,500,2100,DISABLED,DISABLED,2091,500,2100,DISABLED,DISABLED,2086,500,2100,DISABLED,DISABLED,2085,500,2100,DISABLED,DISABLED,2094,500,2100,DISABLED,DISABLED,1500,900,1500,N/A,DISABLED,53,914,1680,N/A,ENABLED,53,914,1680,N/A,ENABLED,53,914,1680,N/A,ENABLED,53,914,1680,N/A,ENABLED,44,711,1400,N/A,ENABLED,44,711,1400,N/A,ENABLED,44,711,1400,N/A,ENABLED,44,711,1400,N/A,ENABLED,N/A,51,48
1744564619,0,345,N/A,N/A,N/A,N/A,ENABLED,2082,500,2100,DISABLED,DISABLED,2073,500,2100,DISABLED,DISABLED,2086,500,2100,DISABLED,DISABLED,2091,500,2100,DISABLED,DISABLED,2091,500,2100,DISABLED,DISABLED,2086,500,2100,DISABLED,DISABLED,2085,500,2100,DISABLED,DISABLED,2094,500,2100,DISABLED,DISABLED,1500,900,1500,N/A,DISABLED,53,914,1680,N/A,ENABLED,53,914,1680,N/A,ENABLED,53,914,1680,N/A,ENABLED,53,914,1680,N/A,ENABLED,44,711,1400,N/A,ENABLED,44,711,1400,N/A,ENABLED,44,711,1400,N/A,ENABLED,44,711,1400,N/A,ENABLED,N/A,51,48
1744564620,0,344,N/A,N/A,N/A,N/A,ENABLED,2082,500,2100,DISABLED,DISABLED,2074,500,2100,DISABLED,DISABLED,2086,500,2100,DISABLED,DISABLED,2091,500,2100,DISABLED,DISABLED,2091,500,2100,DISABLED,DISABLED,2086,500,2100,DISABLED,DISABLED,2084,500,2100,DISABLED,DISABLED,2095,500,2100,DISABLED,DISABLED,1500,900,1500,N/A,DISABLED,53,914,1680,N/A,ENABLED,53,914,1680,N/A,ENABLED,53,914,1680,N/A,ENABLED,53,914,1680,N/A,ENABLED,44,711,1400,N/A,ENABLED,44,711,1400,N/A,ENABLED,44,711,1400,N/A,ENABLED,44,711,1400,N/A,ENABLED,N/A,51,48
1744564622,0,343,N/A,N/A,N/A,N/A,ENABLED,2082,500,2100,DISABLED,DISABLED,2074,500,2100,DISABLED,DISABLED,2086,500,2100,DISABLED,DISABLED,2091,500,2100,DISABLED,DISABLED,2091,500,2100,DISABLED,DISABLED,2087,500,2100,DISABLED,DISABLED,2085,500,2100,DISABLED,DISABLED,2094,500,2100,DISABLED,DISABLED,1500,900,1500,N/A,DISABLED,53,914,1680,N/A,ENABLED,53,914,1680,N/A,ENABLED,53,914,1680,N/A,ENABLED,53,914,1680,N/A,ENABLED,44,711,1400,N/A,ENABLED,44,711,1400,N/A,ENABLED,44,711,1400,N/A,ENABLED,44,711,1400,N/A,ENABLED,N/A,51,48
1744564623,0,344,N/A,N/A,N/A,N/A,ENABLED,2081,500,2100,DISABLED,DISABLED,2074,500,2100,DISABLED,DISABLED,2086,500,2100,DISABLED,DISABLED,2091,500,2100,DISABLED,DISABLED,2091,500,2100,DISABLED,DISABLED,2086,500,2100,DISABLED,DISABLED,2085,500,2100,DISABLED,DISABLED,2095,500,2100,DISABLED,DISABLED,1500,900,1500,N/A,DISABLED,53,914,1680,N/A,ENABLED,53,914,1680,N/A,ENABLED,53,914,1680,N/A,ENABLED,53,914,1680,N/A,ENABLED,44,711,1400,N/A,ENABLED,44,711,1400,N/A,ENABLED,44,711,1400,N/A,ENABLED,44,711,1400,N/A,ENABLED,N/A,51,48
1744564624,0,345,N/A,N/A,N/A,N/A,ENABLED,2082,500,2100,DISABLED,DISABLED,2074,500,2100,DISABLED,DISABLED,2086,500,2100,DISABLED,DISABLED,2091,500,2100,DISABLED,DISABLED,2091,500,2100,DISABLED,DISABLED,2087,500,2100,DISABLED,DISABLED,2085,500,2100,DISABLED,DISABLED,2094,500,2100,DISABLED,DISABLED,1500,900,1500,N/A,DISABLED,53,914,1680,N/A,ENABLED,53,914,1680,N/A,ENABLED,53,914,1680,N/A,ENABLED,53,914,1680,N/A,ENABLED,44,711,1400,N/A,ENABLED,44,711,1400,N/A,ENABLED,44,711,1400,N/A,ENABLED,44,711,1400,N/A,ENABLED,N/A,51,48
1744564625,0,345,N/A,N/A,N/A,N/A,ENABLED,2081,500,2100,DISABLED,DISABLED,2074,500,2100,DISABLED,DISABLED,2085,500,2100,DISABLED,DISABLED,2091,500,2100,DISABLED,DISABLED,2090,500,2100,DISABLED,DISABLED,2086,500,2100,DISABLED,DISABLED,2084,500,2100,DISABLED,DISABLED,2094,500,2100,DISABLED,DISABLED,1500,900,1500,N/A,DISABLED,53,914,1680,N/A,ENABLED,53,914,1680,N/A,ENABLED,53,914,1680,N/A,ENABLED,53,914,1680,N/A,ENABLED,44,711,1400,N/A,ENABLED,44,711,1400,N/A,ENABLED,44,711,1400,N/A,ENABLED,44,711,1400,N/A,ENABLED,N/A,51,48
1744564626,0,345,N/A,N/A,N/A,N/A,ENABLED,2081,500,2100,DISABLED,DISABLED,2073,500,2100,DISABLED,DISABLED,2086,500,2100,DISABLED,DISABLED,2092,500,2100,DISABLED,DISABLED,2091,500,2100,DISABLED,DISABLED,2086,500,2100,DISABLED,DISABLED,2085,500,2100,DISABLED,DISABLED,2093,500,2100,DISABLED,DISABLED,1500,900,1500,N/A,DISABLED,52,914,1680,N/A,ENABLED,52,914,1680,N/A,ENABLED,52,914,1680,N/A,ENABLED,52,914,1680,N/A,ENABLED,44,711,1400,N/A,ENABLED,44,711,1400,N/A,ENABLED,44,711,1400,N/A,ENABLED,44,711,1400,N/A,ENABLED,N/A,51,48
1744564628,0,345,N/A,N/A,N/A,N/A,ENABLED,2081,500,2100,DISABLED,DISABLED,2073,500,2100,DISABLED,DISABLED,2085,500,2100,DISABLED,DISABLED,2091,500,2100,DISABLED,DISABLED,2091,500,2100,DISABLED,DISABLED,2087,500,2100,DISABLED,DISABLED,2085,500,2100,DISABLED,DISABLED,2094,500,2100,DISABLED,DISABLED,1500,900,1500,N/A,DISABLED,53,914,1680,N/A,ENABLED,53,914,1680,N/A,ENABLED,53,914,1680,N/A,ENABLED,53,914,1680,N/A,ENABLED,44,711,1400,N/A,ENABLED,44,711,1400,N/A,ENABLED,44,711,1400,N/A,ENABLED,44,711,1400,N/A,ENABLED,N/A,51,48
1744564629,0,346,N/A,N/A,N/A,N/A,ENABLED,2081,500,2100,DISABLED,DISABLED,2073,500,2100,DISABLED,DISABLED,2085,500,2100,DISABLED,DISABLED,2091,500,2100,DISABLED,DISABLED,2091,500,2100,DISABLED,DISABLED,2087,500,2100,DISABLED,DISABLED,2085,500,2100,DISABLED,DISABLED,2093,500,2100,DISABLED,DISABLED,1500,900,1500,N/A,DISABLED,53,914,1680,N/A,ENABLED,53,914,1680,N/A,ENABLED,53,914,1680,N/A,ENABLED,53,914,1680,N/A,ENABLED,44,711,1400,N/A,ENABLED,44,711,1400,N/A,ENABLED,44,711,1400,N/A,ENABLED,44,711,1400,N/A,ENABLED,N/A,51,48
1744564630,0,346,N/A,N/A,N/A,N/A,ENABLED,2081,500,2100,DISABLED,DISABLED,2073,500,2100,DISABLED,DISABLED,2086,500,2100,DISABLED,DISABLED,2091,500,2100,DISABLED,DISABLED,2091,500,2100,DISABLED,DISABLED,2087,500,2100,DISABLED,DISABLED,2085,500,2100,DISABLED,DISABLED,2094,500,2100,DISABLED,DISABLED,1500,900,1500,N/A,DISABLED,53,914,1680,N/A,ENABLED,53,914,1680,N/A,ENABLED,53,914,1680,N/A,ENABLED,53,914,1680,N/A,ENABLED,44,711,1400,N/A,ENABLED,44,711,1400,N/A,ENABLED,44,711,1400,N/A,ENABLED,44,711,1400,N/A,ENABLED,N/A,51,48
1744564631,0,345,N/A,N/A,N/A,N/A,ENABLED,2073,500,2100,DISABLED,DISABLED,2065,500,2100,DISABLED,DISABLED,2078,500,2100,DISABLED,DISABLED,2083,500,2100,DISABLED,DISABLED,2082,500,2100,DISABLED,DISABLED,2079,500,2100,DISABLED,DISABLED,2077,500,2100,DISABLED,DISABLED,2085,500,2100,DISABLED,DISABLED,1496,900,1500,N/A,DISABLED,52,914,1680,N/A,ENABLED,52,914,1680,N/A,ENABLED,52,914,1680,N/A,ENABLED,52,914,1680,N/A,ENABLED,44,711,1400,N/A,ENABLED,44,711,1400,N/A,ENABLED,44,711,1400,N/A,ENABLED,44,711,1400,N/A,ENABLED,N/A,52,48
1744564632,0,345,N/A,N/A,N/A,N/A,ENABLED,2082,500,2100,DISABLED,DISABLED,2072,500,2100,DISABLED,DISABLED,2086,500,2100,DISABLED,DISABLED,2092,500,2100,DISABLED,DISABLED,2091,500,2100,DISABLED,DISABLED,2086,500,2100,DISABLED,DISABLED,2086,500,2100,DISABLED,DISABLED,2094,500,2100,DISABLED,DISABLED,1500,900,1500,N/A,DISABLED,53,914,1680,N/A,ENABLED,53,914,1680,N/A,ENABLED,53,914,1680,N/A,ENABLED,53,914,1680,N/A,ENABLED,44,711,1400,N/A,ENABLED,44,711,1400,N/A,ENABLED,44,711,1400,N/A,ENABLED,44,711,1400,N/A,ENABLED,N/A,52,49
1744564633,0,346,N/A,N/A,N/A,N/A,ENABLED,2081,500,2100,DISABLED,DISABLED,2072,500,2100,DISABLED,DISABLED,2086,500,2100,DISABLED,DISABLED,2092,500,2100,DISABLED,DISABLED,2091,500,2100,DISABLED,DISABLED,2087,500,2100,DISABLED,DISABLED,2085,500,2100,DISABLED,DISABLED,2094,500,2100,DISABLED,DISABLED,1500,900,1500,N/A,DISABLED,53,914,1680,N/A,ENABLED,53,914,1680,N/A,ENABLED,53,914,1680,N/A,ENABLED,53,914,1680,N/A,ENABLED,44,711,1400,N/A,ENABLED,44,711,1400,N/A,ENABLED,44,711,1400,N/A,ENABLED,44,711,1400,N/A,ENABLED,N/A,52,48
1744564635,0,345,N/A,N/A,N/A,N/A,ENABLED,2081,500,2100,DISABLED,DISABLED,2073,500,2100,DISABLED,DISABLED,2086,500,2100,DISABLED,DISABLED,2092,500,2100,DISABLED,DISABLED,2092,500,2100,DISABLED,DISABLED,2086,500,2100,DISABLED,DISABLED,2085,500,2100,DISABLED,DISABLED,2093,500,2100,DISABLED,DISABLED,1500,900,1500,N/A,DISABLED,53,914,1680,N/A,ENABLED,53,914,1680,N/A,ENABLED,53,914,1680,N/A,ENABLED,53,914,1680,N/A,ENABLED,44,711,1400,N/A,ENABLED,44,711,1400,N/A,ENABLED,44,711,1400,N/A,ENABLED,44,711,1400,N/A,ENABLED,N/A,52,48
1744564636,0,345,N/A,N/A,N/A,N/A,ENABLED,2082,500,2100,DISABLED,DISABLED,2074,500,2100,DISABLED,DISABLED,2086,500,2100,DISABLED,DISABLED,2091,500,2100,DISABLED,DISABLED,2091,500,2100,DISABLED,DISABLED,2086,500,2100,DISABLED,DISABLED,2085,500,2100,DISABLED,DISABLED,2093,500,2100,DISABLED,DISABLED,1500,900,1500,N/A,DISABLED,53,914,1680,N/A,ENABLED,53,914,1680,N/A,ENABLED,53,914,1680,N/A,ENABLED,53,914,1680,N/A,ENABLED,44,711,1400,N/A,ENABLED,44,711,1400,N/A,ENABLED,44,711,1400,N/A,ENABLED,44,711,1400,N/A,ENABLED,N/A,52,48
1744564637,0,346,N/A,N/A,N/A,N/A,ENABLED,2082,500,2100,DISABLED,DISABLED,2073,500,2100,DISABLED,DISABLED,2086,500,2100,DISABLED,DISABLED,2091,500,2100,DISABLED,DISABLED,2091,500,2100,DISABLED,DISABLED,2087,500,2100,DISABLED,DISABLED,2085,500,2100,DISABLED,DISABLED,2094,500,2100,DISABLED,DISABLED,1500,900,1500,N/A,DISABLED,53,914,1680,N/A,ENABLED,53,914,1680,N/A,ENABLED,53,914,1680,N/A,ENABLED,53,914,1680,N/A,ENABLED,44,711,1400,N/A,ENABLED,44,711,1400,N/A,ENABLED,44,711,1400,N/A,ENABLED,44,711,1400,N/A,ENABLED,N/A,52,48
1744564638,0,345,N/A,N/A,N/A,N/A,ENABLED,2081,500,2100,DISABLED,DISABLED,2073,500,2100,DISABLED,DISABLED,2086,500,2100,DISABLED,DISABLED,2091,500,2100,DISABLED,DISABLED,2091,500,2100,DISABLED,DISABLED,2087,500,2100,DISABLED,DISABLED,2084,500,2100,DISABLED,DISABLED,2093,500,2100,DISABLED,DISABLED,1500,900,1500,N/A,DISABLED,53,914,1680,N/A,ENABLED,53,914,1680,N/A,ENABLED,53,914,1680,N/A,ENABLED,53,914,1680,N/A,ENABLED,44,711,1400,N/A,ENABLED,44,711,1400,N/A,ENABLED,44,711,1400,N/A,ENABLED,44,711,1400,N/A,ENABLED,N/A,52,48
1744564639,0,345,N/A,N/A,N/A,N/A,ENABLED,2082,500,2100,DISABLED,DISABLED,2074,500,2100,DISABLED,DISABLED,2085,500,2100,DISABLED,DISABLED,2091,500,2100,DISABLED,DISABLED,2091,500,2100,DISABLED,DISABLED,2087,500,2100,DISABLED,DISABLED,2086,500,2100,DISABLED,DISABLED,2094,500,2100,DISABLED,DISABLED,1500,900,1500,N/A,DISABLED,53,914,1680,N/A,ENABLED,53,914,1680,N/A,ENABLED,53,914,1680,N/A,ENABLED,53,914,1680,N/A,ENABLED,44,711,1400,N/A,ENABLED,44,711,1400,N/A,ENABLED,44,711,1400,N/A,ENABLED,44,711,1400,N/A,ENABLED,N/A,52,48
1744564640,0,346,N/A,N/A,N/A,N/A,ENABLED,2082,500,2100,DISABLED,DISABLED,2073,500,2100,DISABLED,DISABLED,2086,500,2100,DISABLED,DISABLED,2091,500,2100,DISABLED,DISABLED,2090,500,2100,DISABLED,DISABLED,2087,500,2100,DISABLED,DISABLED,2084,500,2100,DISABLED,DISABLED,2094,500,2100,DISABLED,DISABLED,1500,900,1500,N/A,DISABLED,53,914,1680,N/A,ENABLED,53,914,1680,N/A,ENABLED,53,914,1680,N/A,ENABLED,53,914,1680,N/A,ENABLED,44,711,1400,N/A,ENABLED,44,711,1400,N/A,ENABLED,44,711,1400,N/A,ENABLED,44,711,1400,N/A,ENABLED,N/A,52,48
1744564642,0,346,N/A,N/A,N/A,N/A,ENABLED,2081,500,2100,DISABLED,DISABLED,2072,500,2100,DISABLED,DISABLED,2084,500,2100,DISABLED,DISABLED,2090,500,2100,DISABLED,DISABLED,2089,500,2100,DISABLED,DISABLED,2085,500,2100,DISABLED,DISABLED,2084,500,2100,DISABLED,DISABLED,2093,500,2100,DISABLED,DISABLED,1499,900,1500,N/A,DISABLED,52,914,1680,N/A,ENABLED,52,914,1680,N/A,ENABLED,52,914,1680,N/A,ENABLED,52,914,1680,N/A,ENABLED,44,711,1400,N/A,ENABLED,44,711,1400,N/A,ENABLED,44,711,1400,N/A,ENABLED,44,711,1400,N/A,ENABLED,N/A,52,48
1744564643,0,346,N/A,N/A,N/A,N/A,ENABLED,2082,500,2100,DISABLED,DISABLED,2074,500,2100,DISABLED,DISABLED,2085,500,2100,DISABLED,DISABLED,2091,500,2100,DISABLED,DISABLED,2090,500,2100,DISABLED,DISABLED,2087,500,2100,DISABLED,DISABLED,2085,500,2100,DISABLED,DISABLED,2093,500,2100,DISABLED,DISABLED,1500,900,1500,N/A,DISABLED,53,914,1680,N/A,ENABLED,53,914,1680,N/A,ENABLED,53,914,1680,N/A,ENABLED,53,914,1680,N/A,ENABLED,44,711,1400,N/A,ENABLED,44,711,1400,N/A,ENABLED,44,711,1400,N/A,ENABLED,44,711,1400,N/A,ENABLED,N/A,52,48
1744564644,0,345,N/A,N/A,N/A,N/A,ENABLED,2081,500,2100,DISABLED,DISABLED,2074,500,2100,DISABLED,DISABLED,2085,500,2100,DISABLED,DISABLED,2090,500,2100,DISABLED,DISABLED,2091,500,2100,DISABLED,DISABLED,2087,500,2100,DISABLED,DISABLED,2085,500,2100,DISABLED,DISABLED,2094,500,2100,DISABLED,DISABLED,1500,900,1500,N/A,DISABLED,53,914,1680,N/A,ENABLED,53,914,1680,N/A,ENABLED,53,914,1680,N/A,ENABLED,53,914,1680,N/A,ENABLED,44,711,1400,N/A,ENABLED,44,711,1400,N/A,ENABLED,44,711,1400,N/A,ENABLED,44,711,1400,N/A,ENABLED,N/A,52,48
1744564645,0,346,N/A,N/A,N/A,N/A,ENABLED,2082,500,2100,DISABLED,DISABLED,2074,500,2100,DISABLED,DISABLED,2085,500,2100,DISABLED,DISABLED,2091,500,2100,DISABLED,DISABLED,2091,500,2100,DISABLED,DISABLED,2087,500,2100,DISABLED,DISABLED,2084,500,2100,DISABLED,DISABLED,2094,500,2100,DISABLED,DISABLED,1500,900,1500,N/A,DISABLED,53,914,1680,N/A,ENABLED,53,914,1680,N/A,ENABLED,53,914,1680,N/A,ENABLED,53,914,1680,N/A,ENABLED,44,711,1400,N/A,ENABLED,44,711,1400,N/A,ENABLED,44,711,1400,N/A,ENABLED,44,711,1400,N/A,ENABLED,N/A,52,48
1744564646,0,346,N/A,N/A,N/A,N/A,ENABLED,2081,500,2100,DISABLED,DISABLED,2074,500,2100,DISABLED,DISABLED,2085,500,2100,DISABLED,DISABLED,2091,500,2100,DISABLED,DISABLED,2091,500,2100,DISABLED,DISABLED,2087,500,2100,DISABLED,DISABLED,2085,500,2100,DISABLED,DISABLED,2094,500,2100,DISABLED,DISABLED,1500,900,1500,N/A,DISABLED,53,914,1680,N/A,ENABLED,53,914,1680,N/A,ENABLED,53,914,1680,N/A,ENABLED,53,914,1680,N/A,ENABLED,44,711,1400,N/A,ENABLED,44,711,1400,N/A,ENABLED,44,711,1400,N/A,ENABLED,44,711,1400,N/A,ENABLED,N/A,52,49
1744564648,0,347,N/A,N/A,N/A,N/A,ENABLED,2082,500,2100,DISABLED,DISABLED,2073,500,2100,DISABLED,DISABLED,2086,500,2100,DISABLED,DISABLED,2091,500,2100,DISABLED,DISABLED,2091,500,2100,DISABLED,DISABLED,2087,500,2100,DISABLED,DISABLED,2084,500,2100,DISABLED,DISABLED,2093,500,2100,DISABLED,DISABLED,1500,900,1500,N/A,DISABLED,53,914,1680,N/A,ENABLED,53,914,1680,N/A,ENABLED,53,914,1680,N/A,ENABLED,53,914,1680,N/A,ENABLED,44,711,1400,N/A,ENABLED,44,711,1400,N/A,ENABLED,44,711,1400,N/A,ENABLED,44,711,1400,N/A,ENABLED,N/A,52,48
1744564649,0,345,N/A,N/A,N/A,N/A,ENABLED,2082,500,2100,DISABLED,DISABLED,2073,500,2100,DISABLED,DISABLED,2086,500,2100,DISABLED,DISABLED,2091,500,2100,DISABLED,DISABLED,2091,500,2100,DISABLED,DISABLED,2087,500,2100,DISABLED,DISABLED,2084,500,2100,DISABLED,DISABLED,2093,500,2100,DISABLED,DISABLED,1500,900,1500,N/A,DISABLED,53,914,1680,N/A,ENABLED,53,914,1680,N/A,ENABLED,53,914,1680,N/A,ENABLED,53,914,1680,N/A,ENABLED,44,711,1400,N/A,ENABLED,44,711,1400,N/A,ENABLED,44,711,1400,N/A,ENABLED,44,711,1400,N/A,ENABLED,N/A,52,49
1744564650,0,345,N/A,N/A,N/A,N/A,ENABLED,2082,500,2100,DISABLED,DISABLED,2074,500,2100,DISABLED,DISABLED,2085,500,2100,DISABLED,DISABLED,2091,500,2100,DISABLED,DISABLED,2091,500,2100,DISABLED,DISABLED,2087,500,2100,DISABLED,DISABLED,2085,500,2100,DISABLED,DISABLED,2093,500,2100,DISABLED,DISABLED,1500,900,1500,N/A,DISABLED,53,914,1680,N/A,ENABLED,53,914,1680,N/A,ENABLED,53,914,1680,N/A,ENABLED,53,914,1680,N/A,ENABLED,44,711,1400,N/A,ENABLED,44,711,1400,N/A,ENABLED,44,711,1400,N/A,ENABLED,44,711,1400,N/A,ENABLED,N/A,52,49
1744564651,0,346,N/A,N/A,N/A,N/A,ENABLED,2082,500,2100,DISABLED,DISABLED,2073,500,2100,DISABLED,DISABLED,2086,500,2100,DISABLED,DISABLED,2091,500,2100,DISABLED,DISABLED,2091,500,2100,DISABLED,DISABLED,2087,500,2100,DISABLED,DISABLED,2085,500,2100,DISABLED,DISABLED,2094,500,2100,DISABLED,DISABLED,1500,900,1500,N/A,DISABLED,53,914,1680,N/A,ENABLED,53,914,1680,N/A,ENABLED,53,914,1680,N/A,ENABLED,53,914,1680,N/A,ENABLED,44,711,1400,N/A,ENABLED,44,711,1400,N/A,ENABLED,44,711,1400,N/A,ENABLED,44,711,1400,N/A,ENABLED,N/A,52,49
1744564652,0,348,N/A,N/A,N/A,N/A,ENABLED,2081,500,2100,DISABLED,DISABLED,2073,500,2100,DISABLED,DISABLED,2085,500,2100,DISABLED,DISABLED,2090,500,2100,DISABLED,DISABLED,2091,500,2100,DISABLED,DISABLED,2087,500,2100,DISABLED,DISABLED,2085,500,2100,DISABLED,DISABLED,2094,500,2100,DISABLED,DISABLED,1500,900,1500,N/A,DISABLED,52,914,1680,N/A,ENABLED,52,914,1680,N/A,ENABLED,52,914,1680,N/A,ENABLED,52,914,1680,N/A,ENABLED,44,711,1400,N/A,ENABLED,44,711,1400,N/A,ENABLED,44,711,1400,N/A,ENABLED,44,711,1400,N/A,ENABLED,N/A,52,49
1744564653,0,346,N/A,N/A,N/A,N/A,ENABLED,2082,500,2100,DISABLED,DISABLED,2073,500,2100,DISABLED,DISABLED,2085,500,2100,DISABLED,DISABLED,2090,500,2100,DISABLED,DISABLED,2090,500,2100,DISABLED,DISABLED,2087,500,2100,DISABLED,DISABLED,2084,500,2100,DISABLED,DISABLED,2094,500,2100,DISABLED,DISABLED,1500,900,1500,N/A,DISABLED,53,914,1680,N/A,ENABLED,53,914,1680,N/A,ENABLED,53,914,1680,N/A,ENABLED,53,914,1680,N/A,ENABLED,44,711,1400,N/A,ENABLED,44,711,1400,N/A,ENABLED,44,711,1400,N/A,ENABLED,44,711,1400,N/A,ENABLED,N/A,52,49
1744564655,0,346,N/A,N/A,N/A,N/A,ENABLED,2082,500,2100,DISABLED,DISABLED,2073,500,2100,DISABLED,DISABLED,2085,500,2100,DISABLED,DISABLED,2090,500,2100,DISABLED,DISABLED,2091,500,2100,DISABLED,DISABLED,2087,500,2100,DISABLED,DISABLED,2084,500,2100,DISABLED,DISABLED,2094,500,2100,DISABLED,DISABLED,1500,900,1500,N/A,DISABLED,53,914,1680,N/A,ENABLED,53,914,1680,N/A,ENABLED,53,914,1680,N/A,ENABLED,53,914,1680,N/A,ENABLED,44,711,1400,N/A,ENABLED,44,711,1400,N/A,ENABLED,44,711,1400,N/A,ENABLED,44,711,1400,N/A,ENABLED,N/A,52,48
1744564656,0,346,N/A,N/A,N/A,N/A,ENABLED,2082,500,2100,DISABLED,DISABLED,2073,500,2100,DISABLED,DISABLED,2086,500,2100,DISABLED,DISABLED,2090,500,2100,DISABLED,DISABLED,2091,500,2100,DISABLED,DISABLED,2087,500,2100,DISABLED,DISABLED,2085,500,2100,DISABLED,DISABLED,2093,500,2100,DISABLED,DISABLED,1500,900,1500,N/A,DISABLED,53,914,1680,N/A,ENABLED,53,914,1680,N/A,ENABLED,53,914,1680,N/A,ENABLED,53,914,1680,N/A,ENABLED,44,711,1400,N/A,ENABLED,44,711,1400,N/A,ENABLED,44,711,1400,N/A,ENABLED,44,711,1400,N/A,ENABLED,N/A,52,48
1744564657,0,344,N/A,N/A,N/A,N/A,ENABLED,2072,500,2100,DISABLED,DISABLED,2064,500,2100,DISABLED,DISABLED,2076,500,2100,DISABLED,DISABLED,2082,500,2100,DISABLED,DISABLED,2081,500,2100,DISABLED,DISABLED,2078,500,2100,DISABLED,DISABLED,2076,500,2100,DISABLED,DISABLED,2085,500,2100,DISABLED,DISABLED,1496,900,1500,N/A,DISABLED,52,914,1680,N/A,ENABLED,52,914,1680,N/A,ENABLED,52,914,1680,N/A,ENABLED,52,914,1680,N/A,ENABLED,44,711,1400,N/A,ENABLED,44,711,1400,N/A,ENABLED,44,711,1400,N/A,ENABLED,44,711,1400,N/A,ENABLED,N/A,52,49
1744564658,0,347,N/A,N/A,N/A,N/A,ENABLED,2082,500,2100,DISABLED,DISABLED,2073,500,2100,DISABLED,DISABLED,2085,500,2100,DISABLED,DISABLED,2090,500,2100,DISABLED,DISABLED,2091,500,2100,DISABLED,DISABLED,2087,500,2100,DISABLED,DISABLED,2084,500,2100,DISABLED,DISABLED,2093,500,2100,DISABLED,DISABLED,1500,900,1500,N/A,DISABLED,53,914,1680,N/A,ENABLED,53,914,1680,N/A,ENABLED,53,914,1680,N/A,ENABLED,53,914,1680,N/A,ENABLED,44,711,1400,N/A,ENABLED,44,711,1400,N/A,ENABLED,44,711,1400,N/A,ENABLED,44,711,1400,N/A,ENABLED,N/A,52,49
1744564659,0,346,N/A,N/A,N/A,N/A,ENABLED,2082,500,2100,DISABLED,DISABLED,2073,500,2100,DISABLED,DISABLED,2085,500,2100,DISABLED,DISABLED,2090,500,2100,DISABLED,DISABLED,2091,500,2100,DISABLED,DISABLED,2087,500,2100,DISABLED,DISABLED,2084,500,2100,DISABLED,DISABLED,2094,500,2100,DISABLED,DISABLED,1500,900,1500,N/A,DISABLED,53,914,1680,N/A,ENABLED,53,914,1680,N/A,ENABLED,53,914,1680,N/A,ENABLED,53,914,1680,N/A,ENABLED,44,711,1400,N/A,ENABLED,44,711,1400,N/A,ENABLED,44,711,1400,N/A,ENABLED,44,711,1400,N/A,ENABLED,N/A,52,49
1744564660,0,346,N/A,N/A,N/A,N/A,ENABLED,2082,500,2100,DISABLED,DISABLED,2074,500,2100,DISABLED,DISABLED,2086,500,2100,DISABLED,DISABLED,2092,500,2100,DISABLED,DISABLED,2091,500,2100,DISABLED,DISABLED,2087,500,2100,DISABLED,DISABLED,2084,500,2100,DISABLED,DISABLED,2094,500,2100,DISABLED,DISABLED,1500,900,1500,N/A,DISABLED,53,914,1680,N/A,ENABLED,53,914,1680,N/A,ENABLED,53,914,1680,N/A,ENABLED,53,914,1680,N/A,ENABLED,44,711,1400,N/A,ENABLED,44,711,1400,N/A,ENABLED,44,711,1400,N/A,ENABLED,44,711,1400,N/A,ENABLED,N/A,52,48
1744564662,0,347,N/A,N/A,N/A,N/A,ENABLED,2082,500,2100,DISABLED,DISABLED,2074,500,2100,DISABLED,DISABLED,2086,500,2100,DISABLED,DISABLED,2091,500,2100,DISABLED,DISABLED,2091,500,2100,DISABLED,DISABLED,2087,500,2100,DISABLED,DISABLED,2085,500,2100,DISABLED,DISABLED,2094,500,2100,DISABLED,DISABLED,1500,900,1500,N/A,DISABLED,53,914,1680,N/A,ENABLED,53,914,1680,N/A,ENABLED,53,914,1680,N/A,ENABLED,53,914,1680,N/A,ENABLED,44,711,1400,N/A,ENABLED,44,711,1400,N/A,ENABLED,44,711,1400,N/A,ENABLED,44,711,1400,N/A,ENABLED,N/A,52,49
1744564663,0,346,N/A,N/A,N/A,N/A,ENABLED,2082,500,2100,DISABLED,DISABLED,2073,500,2100,DISABLED,DISABLED,2085,500,2100,DISABLED,DISABLED,2091,500,2100,DISABLED,DISABLED,2091,500,2100,DISABLED,DISABLED,2087,500,2100,DISABLED,DISABLED,2084,500,2100,DISABLED,DISABLED,2094,500,2100,DISABLED,DISABLED,1500,900,1500,N/A,DISABLED,53,914,1680,N/A,ENABLED,53,914,1680,N/A,ENABLED,53,914,1680,N/A,ENABLED,53,914,1680,N/A,ENABLED,44,711,1400,N/A,ENABLED,44,711,1400,N/A,ENABLED,44,711,1400,N/A,ENABLED,44,711,1400,N/A,ENABLED,N/A,52,48
1744564664,0,345,N/A,N/A,N/A,N/A,ENABLED,2082,500,2100,DISABLED,DISABLED,2074,500,2100,DISABLED,DISABLED,2085,500,2100,DISABLED,DISABLED,2091,500,2100,DISABLED,DISABLED,2091,500,2100,DISABLED,DISABLED,2088,500,2100,DISABLED,DISABLED,2085,500,2100,DISABLED,DISABLED,2094,500,2100,DISABLED,DISABLED,1500,900,1500,N/A,DISABLED,53,914,1680,N/A,ENABLED,53,914,1680,N/A,ENABLED,53,914,1680,N/A,ENABLED,53,914,1680,N/A,ENABLED,44,711,1400,N/A,ENABLED,44,711,1400,N/A,ENABLED,44,711,1400,N/A,ENABLED,44,711,1400,N/A,ENABLED,N/A,52,49
1744564665,0,345,N/A,N/A,N/A,N/A,ENABLED,2082,500,2100,DISABLED,DISABLED,2074,500,2100,DISABLED,DISABLED,2085,500,2100,DISABLED,DISABLED,2091,500,2100,DISABLED,DISABLED,2091,500,2100,DISABLED,DISABLED,2087,500,2100,DISABLED,DISABLED,2085,500,2100,DISABLED,DISABLED,2094,500,2100,DISABLED,DISABLED,1500,900,1500,N/A,DISABLED,53,914,1680,N/A,ENABLED,53,914,1680,N/A,ENABLED,53,914,1680,N/A,ENABLED,53,914,1680,N/A,ENABLED,44,711,1400,N/A,ENABLED,44,711,1400,N/A,ENABLED,44,711,1400,N/A,ENABLED,44,711,1400,N/A,ENABLED,N/A,52,48
1744564666,0,346,N/A,N/A,N/A,N/A,ENABLED,2082,500,2100,DISABLED,DISABLED,2073,500,2100,DISABLED,DISABLED,2086,500,2100,DISABLED,DISABLED,2091,500,2100,DISABLED,DISABLED,2090,500,2100,DISABLED,DISABLED,2087,500,2100,DISABLED,DISABLED,2084,500,2100,DISABLED,DISABLED,2094,500,2100,DISABLED,DISABLED,1500,900,1500,N/A,DISABLED,53,914,1680,N/A,ENABLED,53,914,1680,N/A,ENABLED,53,914,1680,N/A,ENABLED,53,914,1680,N/A,ENABLED,44,711,1400,N/A,ENABLED,44,711,1400,N/A,ENABLED,44,711,1400,N/A,ENABLED,44,711,1400,N/A,ENABLED,N/A,52,48
1744564668,0,345,N/A,N/A,N/A,N/A,ENABLED,2081,500,2100,DISABLED,DISABLED,2073,500,2100,DISABLED,DISABLED,2084,500,2100,DISABLED,DISABLED,2090,500,2100,DISABLED,DISABLED,2090,500,2100,DISABLED,DISABLED,2085,500,2100,DISABLED,DISABLED,2083,500,2100,DISABLED,DISABLED,2092,500,2100,DISABLED,DISABLED,1500,900,1500,N/A,DISABLED,52,914,1680,N/A,ENABLED,52,914,1680,N/A,ENABLED,52,914,1680,N/A,ENABLED,52,914,1680,N/A,ENABLED,44,711,1400,N/A,ENABLED,44,711,1400,N/A,ENABLED,44,711,1400,N/A,ENABLED,44,711,1400,N/A,ENABLED,N/A,52,49
1744564669,0,346,N/A,N/A,N/A,N/A,ENABLED,2082,500,2100,DISABLED,DISABLED,2074,500,2100,DISABLED,DISABLED,2085,500,2100,DISABLED,DISABLED,2091,500,2100,DISABLED,DISABLED,2091,500,2100,DISABLED,DISABLED,2086,500,2100,DISABLED,DISABLED,2085,500,2100,DISABLED,DISABLED,2093,500,2100,DISABLED,DISABLED,1500,900,1500,N/A,DISABLED,53,914,1680,N/A,ENABLED,53,914,1680,N/A,ENABLED,53,914,1680,N/A,ENABLED,53,914,1680,N/A,ENABLED,44,711,1400,N/A,ENABLED,44,711,1400,N/A,ENABLED,44,711,1400,N/A,ENABLED,44,711,1400,N/A,ENABLED,N/A,52,48
1744564670,0,345,N/A,N/A,N/A,N/A,ENABLED,2082,500,2100,DISABLED,DISABLED,2073,500,2100,DISABLED,DISABLED,2086,500,2100,DISABLED,DISABLED,2091,500,2100,DISABLED,DISABLED,2091,500,2100,DISABLED,DISABLED,2087,500,2100,DISABLED,DISABLED,2085,500,2100,DISABLED,DISABLED,2093,500,2100,DISABLED,DISABLED,1500,900,1500,N/A,DISABLED,53,914,1680,N/A,ENABLED,53,914,1680,N/A,ENABLED,53,914,1680,N/A,ENABLED,53,914,1680,N/A,ENABLED,44,711,1400,N/A,ENABLED,44,711,1400,N/A,ENABLED,44,711,1400,N/A,ENABLED,44,711,1400,N/A,ENABLED,N/A,52,48
1744564671,0,345,N/A,N/A,N/A,N/A,ENABLED,2082,500,2100,DISABLED,DISABLED,2074,500,2100,DISABLED,DISABLED,2085,500,2100,DISABLED,DISABLED,2091,500,2100,DISABLED,DISABLED,2090,500,2100,DISABLED,DISABLED,2087,500,2100,DISABLED,DISABLED,2085,500,2100,DISABLED,DISABLED,2093,500,2100,DISABLED,DISABLED,1500,900,1500,N/A,DISABLED,53,914,1680,N/A,ENABLED,53,914,1680,N/A,ENABLED,53,914,1680,N/A,ENABLED,53,914,1680,N/A,ENABLED,44,711,1400,N/A,ENABLED,44,711,1400,N/A,ENABLED,44,711,1400,N/A,ENABLED,44,711,1400,N/A,ENABLED,N/A,51,48
1744564672,0,345,N/A,N/A,N/A,N/A,ENABLED,2082,500,2100,DISABLED,DISABLED,2073,500,2100,DISABLED,DISABLED,2085,500,2100,DISABLED,DISABLED,2091,500,2100,DISABLED,DISABLED,2091,500,2100,DISABLED,DISABLED,2087,500,2100,DISABLED,DISABLED,2084,500,2100,DISABLED,DISABLED,2093,500,2100,DISABLED,DISABLED,1500,900,1500,N/A,DISABLED,53,914,1680,N/A,ENABLED,53,914,1680,N/A,ENABLED,53,914,1680,N/A,ENABLED,53,914,1680,N/A,ENABLED,44,711,1400,N/A,ENABLED,44,711,1400,N/A,ENABLED,44,711,1400,N/A,ENABLED,44,711,1400,N/A,ENABLED,N/A,51,48
1744564673,0,345,N/A,N/A,N/A,N/A,ENABLED,2082,500,2100,DISABLED,DISABLED,2073,500,2100,DISABLED,DISABLED,2085,500,2100,DISABLED,DISABLED,2091,500,2100,DISABLED,DISABLED,2091,500,2100,DISABLED,DISABLED,2087,500,2100,DISABLED,DISABLED,2084,500,2100,DISABLED,DISABLED,2093,500,2100,DISABLED,DISABLED,1500,900,1500,N/A,DISABLED,53,914,1680,N/A,ENABLED,53,914,1680,N/A,ENABLED,53,914,1680,N/A,ENABLED,53,914,1680,N/A,ENABLED,44,711,1400,N/A,ENABLED,44,711,1400,N/A,ENABLED,44,711,1400,N/A,ENABLED,44,711,1400,N/A,ENABLED,N/A,51,48
1744564675,0,345,N/A,N/A,N/A,N/A,ENABLED,2082,500,2100,DISABLED,DISABLED,2073,500,2100,DISABLED,DISABLED,2085,500,2100,DISABLED,DISABLED,2091,500,2100,DISABLED,DISABLED,2091,500,2100,DISABLED,DISABLED,2087,500,2100,DISABLED,DISABLED,2084,500,2100,DISABLED,DISABLED,2093,500,2100,DISABLED,DISABLED,1500,900,1500,N/A,DISABLED,53,914,1680,N/A,ENABLED,53,914,1680,N/A,ENABLED,53,914,1680,N/A,ENABLED,53,914,1680,N/A,ENABLED,44,711,1400,N/A,ENABLED,44,711,1400,N/A,ENABLED,44,711,1400,N/A,ENABLED,44,711,1400,N/A,ENABLED,N/A,51,48
1744564676,0,345,N/A,N/A,N/A,N/A,ENABLED,2082,500,2100,DISABLED,DISABLED,2073,500,2100,DISABLED,DISABLED,2085,500,2100,DISABLED,DISABLED,2091,500,2100,DISABLED,DISABLED,2090,500,2100,DISABLED,DISABLED,2086,500,2100,DISABLED,DISABLED,2085,500,2100,DISABLED,DISABLED,2094,500,2100,DISABLED,DISABLED,1500,900,1500,N/A,DISABLED,53,914,1680,N/A,ENABLED,53,914,1680,N/A,ENABLED,53,914,1680,N/A,ENABLED,53,914,1680,N/A,ENABLED,44,711,1400,N/A,ENABLED,44,711,1400,N/A,ENABLED,44,711,1400,N/A,ENABLED,44,711,1400,N/A,ENABLED,N/A,51,48
1744564677,0,346,N/A,N/A,N/A,N/A,ENABLED,2082,500,2100,DISABLED,DISABLED,2073,500,2100,DISABLED,DISABLED,2086,500,2100,DISABLED,DISABLED,2091,500,2100,DISABLED,DISABLED,2091,500,2100,DISABLED,DISABLED,2086,500,2100,DISABLED,DISABLED,2085,500,2100,DISABLED,DISABLED,2094,500,2100,DISABLED,DISABLED,1500,900,1500,N/A,DISABLED,53,914,1680,N/A,ENABLED,53,914,1680,N/A,ENABLED,53,914,1680,N/A,ENABLED,53,914,1680,N/A,ENABLED,44,711,1400,N/A,ENABLED,44,711,1400,N/A,ENABLED,44,711,1400,N/A,ENABLED,44,711,1400,N/A,ENABLED,N/A,51,48
1744564678,0,344,N/A,N/A,N/A,N/A,ENABLED,2082,500,2100,DISABLED,DISABLED,2073,500,2100,DISABLED,DISABLED,2085,500,2100,DISABLED,DISABLED,2091,500,2100,DISABLED,DISABLED,2091,500,2100,DISABLED,DISABLED,2087,500,2100,DISABLED,DISABLED,2084,500,2100,DISABLED,DISABLED,2094,500,2100,DISABLED,DISABLED,1500,900,1500,N/A,DISABLED,52,914,1680,N/A,ENABLED,52,914,1680,N/A,ENABLED,52,914,1680,N/A,ENABLED,52,914,1680,N/A,ENABLED,44,711,1400,N/A,ENABLED,44,711,1400,N/A,ENABLED,44,711,1400,N/A,ENABLED,44,711,1400,N/A,ENABLED,N/A,51,48
1744564679,0,345,N/A,N/A,N/A,N/A,ENABLED,2082,500,2100,DISABLED,DISABLED,2074,500,2100,DISABLED,DISABLED,2085,500,2100,DISABLED,DISABLED,2091,500,2100,DISABLED,DISABLED,2091,500,2100,DISABLED,DISABLED,2087,500,2100,DISABLED,DISABLED,2084,500,2100,DISABLED,DISABLED,2094,500,2100,DISABLED,DISABLED,1500,900,1500,N/A,DISABLED,53,914,1680,N/A,ENABLED,53,914,1680,N/A,ENABLED,53,914,1680,N/A,ENABLED,53,914,1680,N/A,ENABLED,44,711,1400,N/A,ENABLED,44,711,1400,N/A,ENABLED,44,711,1400,N/A,ENABLED,44,711,1400,N/A,ENABLED,N/A,51,48
1744564680,0,345,N/A,N/A,N/A,N/A,ENABLED,2082,500,2100,DISABLED,DISABLED,2074,500,2100,DISABLED,DISABLED,2086,500,2100,DISABLED,DISABLED,2091,500,2100,DISABLED,DISABLED,2091,500,2100,DISABLED,DISABLED,2087,500,2100,DISABLED,DISABLED,2085,500,2100,DISABLED,DISABLED,2094,500,2100,DISABLED,DISABLED,1500,900,1500,N/A,DISABLED,53,914,1680,N/A,ENABLED,53,914,1680,N/A,ENABLED,53,914,1680,N/A,ENABLED,53,914,1680,N/A,ENABLED,44,711,1400,N/A,ENABLED,44,711,1400,N/A,ENABLED,44,711,1400,N/A,ENABLED,44,711,1400,N/A,ENABLED,N/A,51,48
1744564682,0,345,N/A,N/A,N/A,N/A,ENABLED,2082,500,2100,DISABLED,DISABLED,2073,500,2100,DISABLED,DISABLED,2085,500,2100,DISABLED,DISABLED,2091,500,2100,DISABLED,DISABLED,2090,500,2100,DISABLED,DISABLED,2087,500,2100,DISABLED,DISABLED,2084,500,2100,DISABLED,DISABLED,2094,500,2100,DISABLED,DISABLED,1500,900,1500,N/A,DISABLED,53,914,1680,N/A,ENABLED,53,914,1680,N/A,ENABLED,53,914,1680,N/A,ENABLED,53,914,1680,N/A,ENABLED,44,711,1400,N/A,ENABLED,44,711,1400,N/A,ENABLED,44,711,1400,N/A,ENABLED,44,711,1400,N/A,ENABLED,N/A,51,48
1744564683,0,344,N/A,N/A,N/A,N/A,ENABLED,2073,500,2100,DISABLED,DISABLED,2065,500,2100,DISABLED,DISABLED,2077,500,2100,DISABLED,DISABLED,2082,500,2100,DISABLED,DISABLED,2081,500,2100,DISABLED,DISABLED,2079,500,2100,DISABLED,DISABLED,2076,500,2100,DISABLED,DISABLED,2085,500,2100,DISABLED,DISABLED,1496,900,1500,N/A,DISABLED,52,914,1680,N/A,ENABLED,52,914,1680,N/A,ENABLED,52,914,1680,N/A,ENABLED,52,914,1680,N/A,ENABLED,44,711,1400,N/A,ENABLED,44,711,1400,N/A,ENABLED,44,711,1400,N/A,ENABLED,44,711,1400,N/A,ENABLED,N/A,51,48
1744564684,0,345,N/A,N/A,N/A,N/A,ENABLED,2082,500,2100,DISABLED,DISABLED,2073,500,2100,DISABLED,DISABLED,2085,500,2100,DISABLED,DISABLED,2091,500,2100,DISABLED,DISABLED,2090,500,2100,DISABLED,DISABLED,2087,500,2100,DISABLED,DISABLED,2084,500,2100,DISABLED,DISABLED,2093,500,2100,DISABLED,DISABLED,1500,900,1500,N/A,DISABLED,53,914,1680,N/A,ENABLED,53,914,1680,N/A,ENABLED,53,914,1680,N/A,ENABLED,53,914,1680,N/A,ENABLED,44,711,1400,N/A,ENABLED,44,711,1400,N/A,ENABLED,44,711,1400,N/A,ENABLED,44,711,1400,N/A,ENABLED,N/A,51,48
1744564685,0,344,N/A,N/A,N/A,N/A,ENABLED,2082,500,2100,DISABLED,DISABLED,2073,500,2100,DISABLED,DISABLED,2085,500,2100,DISABLED,DISABLED,2090,500,2100,DISABLED,DISABLED,2090,500,2100,DISABLED,DISABLED,2086,500,2100,DISABLED,DISABLED,2085,500,2100,DISABLED,DISABLED,2094,500,2100,DISABLED,DISABLED,1500,900,1500,N/A,DISABLED,53,914,1680,N/A,ENABLED,53,914,1680,N/A,ENABLED,53,914,1680,N/A,ENABLED,53,914,1680,N/A,ENABLED,44,711,1400,N/A,ENABLED,44,711,1400,N/A,ENABLED,44,711,1400,N/A,ENABLED,44,711,1400,N/A,ENABLED,N/A,51,48
1744564686,0,346,N/A,N/A,N/A,N/A,ENABLED,2082,500,2100,DISABLED,DISABLED,2073,500,2100,DISABLED,DISABLED,2085,500,2100,DISABLED,DISABLED,2091,500,2100,DISABLED,DISABLED,2091,500,2100,DISABLED,DISABLED,2087,500,2100,DISABLED,DISABLED,2085,500,2100,DISABLED,DISABLED,2094,500,2100,DISABLED,DISABLED,1500,900,1500,N/A,DISABLED,53,914,1680,N/A,ENABLED,53,914,1680,N/A,ENABLED,53,914,1680,N/A,ENABLED,53,914,1680,N/A,ENABLED,44,711,1400,N/A,ENABLED,44,711,1400,N/A,ENABLED,44,711,1400,N/A,ENABLED,44,711,1400,N/A,ENABLED,N/A,51,48
1744564688,0,344,N/A,N/A,N/A,N/A,ENABLED,2082,500,2100,DISABLED,DISABLED,2074,500,2100,DISABLED,DISABLED,2085,500,2100,DISABLED,DISABLED,2090,500,2100,DISABLED,DISABLED,2091,500,2100,DISABLED,DISABLED,2087,500,2100,DISABLED,DISABLED,2085,500,2100,DISABLED,DISABLED,2094,500,2100,DISABLED,DISABLED,1500,900,1500,N/A,DISABLED,53,914,1680,N/A,ENABLED,53,914,1680,N/A,ENABLED,53,914,1680,N/A,ENABLED,53,914,1680,N/A,ENABLED,44,711,1400,N/A,ENABLED,44,711,1400,N/A,ENABLED,44,711,1400,N/A,ENABLED,44,711,1400,N/A,ENABLED,N/A,51,48
1744564689,0,346,N/A,N/A,N/A,N/A,ENABLED,2082,500,2100,DISABLED,DISABLED,2074,500,2100,DISABLED,DISABLED,2085,500,2100,DISABLED,DISABLED,2091,500,2100,DISABLED,DISABLED,2091,500,2100,DISABLED,DISABLED,2087,500,2100,DISABLED,DISABLED,2084,500,2100,DISABLED,DISABLED,2094,500,2100,DISABLED,DISABLED,1500,900,1500,N/A,DISABLED,53,914,1680,N/A,ENABLED,53,914,1680,N/A,ENABLED,53,914,1680,N/A,ENABLED,53,914,1680,N/A,ENABLED,44,711,1400,N/A,ENABLED,44,711,1400,N/A,ENABLED,44,711,1400,N/A,ENABLED,44,711,1400,N/A,ENABLED,N/A,51,48
1744564690,0,344,N/A,N/A,N/A,N/A,ENABLED,2082,500,2100,DISABLED,DISABLED,2073,500,2100,DISABLED,DISABLED,2085,500,2100,DISABLED,DISABLED,2091,500,2100,DISABLED,DISABLED,2091,500,2100,DISABLED,DISABLED,2087,500,2100,DISABLED,DISABLED,2084,500,2100,DISABLED,DISABLED,2094,500,2100,DISABLED,DISABLED,1500,900,1500,N/A,DISABLED,53,914,1680,N/A,ENABLED,53,914,1680,N/A,ENABLED,53,914,1680,N/A,ENABLED,53,914,1680,N/A,ENABLED,44,711,1400,N/A,ENABLED,44,711,1400,N/A,ENABLED,44,711,1400,N/A,ENABLED,44,711,1400,N/A,ENABLED,N/A,51,48
1744564691,0,344,N/A,N/A,N/A,N/A,ENABLED,2082,500,2100,DISABLED,DISABLED,2074,500,2100,DISABLED,DISABLED,2086,500,2100,DISABLED,DISABLED,2091,500,2100,DISABLED,DISABLED,2091,500,2100,DISABLED,DISABLED,2087,500,2100,DISABLED,DISABLED,2084,500,2100,DISABLED,DISABLED,2094,500,2100,DISABLED,DISABLED,1500,900,1500,N/A,DISABLED,53,914,1680,N/A,ENABLED,53,914,1680,N/A,ENABLED,53,914,1680,N/A,ENABLED,53,914,1680,N/A,ENABLED,44,711,1400,N/A,ENABLED,44,711,1400,N/A,ENABLED,44,711,1400,N/A,ENABLED,44,711,1400,N/A,ENABLED,N/A,51,48
1744564692,0,345,N/A,N/A,N/A,N/A,ENABLED,2082,500,2100,DISABLED,DISABLED,2074,500,2100,DISABLED,DISABLED,2085,500,2100,DISABLED,DISABLED,2090,500,2100,DISABLED,DISABLED,2091,500,2100,DISABLED,DISABLED,2087,500,2100,DISABLED,DISABLED,2084,500,2100,DISABLED,DISABLED,2094,500,2100,DISABLED,DISABLED,1500,900,1500,N/A,DISABLED,53,914,1680,N/A,ENABLED,53,914,1680,N/A,ENABLED,53,914,1680,N/A,ENABLED,53,914,1680,N/A,ENABLED,44,711,1400,N/A,ENABLED,44,711,1400,N/A,ENABLED,44,711,1400,N/A,ENABLED,44,711,1400,N/A,ENABLED,N/A,51,48
1744564693,0,346,N/A,N/A,N/A,N/A,ENABLED,2080,500,2100,DISABLED,DISABLED,2072,500,2100,DISABLED,DISABLED,2084,500,2100,DISABLED,DISABLED,2089,500,2100,DISABLED,DISABLED,2090,500,2100,DISABLED,DISABLED,2085,500,2100,DISABLED,DISABLED,2083,500,2100,DISABLED,DISABLED,2092,500,2100,DISABLED,DISABLED,1499,900,1500,N/A,DISABLED,52,914,1680,N/A,ENABLED,52,914,1680,N/A,ENABLED,52,914,1680,N/A,ENABLED,52,914,1680,N/A,ENABLED,44,711,1400,N/A,ENABLED,44,711,1400,N/A,ENABLED,44,711,1400,N/A,ENABLED,44,711,1400,N/A,ENABLED,N/A,51,48
1744564695,0,345,N/A,N/A,N/A,N/A,ENABLED,2082,500,2100,DISABLED,DISABLED,2073,500,2100,DISABLED,DISABLED,2086,500,2100,DISABLED,DISABLED,2090,500,2100,DISABLED,DISABLED,2090,500,2100,DISABLED,DISABLED,2086,500,2100,DISABLED,DISABLED,2084,500,2100,DISABLED,DISABLED,2094,500,2100,DISABLED,DISABLED,1500,900,1500,N/A,DISABLED,53,914,1680,N/A,ENABLED,53,914,1680,N/A,ENABLED,53,914,1680,N/A,ENABLED,53,914,1680,N/A,ENABLED,44,711,1400,N/A,ENABLED,44,711,1400,N/A,ENABLED,44,711,1400,N/A,ENABLED,44,711,1400,N/A,ENABLED,N/A,51,48
1744564696,0,345,N/A,N/A,N/A,N/A,ENABLED,2082,500,2100,DISABLED,DISABLED,2073,500,2100,DISABLED,DISABLED,2085,500,2100,DISABLED,DISABLED,2090,500,2100,DISABLED,DISABLED,2091,500,2100,DISABLED,DISABLED,2087,500,2100,DISABLED,DISABLED,2084,500,2100,DISABLED,DISABLED,2094,500,2100,DISABLED,DISABLED,1500,900,1500,N/A,DISABLED,53,914,1680,N/A,ENABLED,53,914,1680,N/A,ENABLED,53,914,1680,N/A,ENABLED,53,914,1680,N/A,ENABLED,44,711,1400,N/A,ENABLED,44,711,1400,N/A,ENABLED,44,711,1400,N/A,ENABLED,44,711,1400,N/A,ENABLED,N/A,51,48
1744564697,0,345,N/A,N/A,N/A,N/A,ENABLED,2082,500,2100,DISABLED,DISABLED,2073,500,2100,DISABLED,DISABLED,2086,500,2100,DISABLED,DISABLED,2091,500,2100,DISABLED,DISABLED,2091,500,2100,DISABLED,DISABLED,2087,500,2100,DISABLED,DISABLED,2084,500,2100,DISABLED,DISABLED,2094,500,2100,DISABLED,DISABLED,1500,900,1500,N/A,DISABLED,53,914,1680,N/A,ENABLED,53,914,1680,N/A,ENABLED,53,914,1680,N/A,ENABLED,53,914,1680,N/A,ENABLED,44,711,1400,N/A,ENABLED,44,711,1400,N/A,ENABLED,44,711,1400,N/A,ENABLED,44,711,1400,N/A,ENABLED,N/A,51,48
1744564698,0,345,N/A,N/A,N/A,N/A,ENABLED,2081,500,2100,DISABLED,DISABLED,2073,500,2100,DISABLED,DISABLED,2086,500,2100,DISABLED,DISABLED,2090,500,2100,DISABLED,DISABLED,2091,500,2100,DISABLED,DISABLED,2087,500,2100,DISABLED,DISABLED,2084,500,2100,DISABLED,DISABLED,2094,500,2100,DISABLED,DISABLED,1500,900,1500,N/A,DISABLED,53,914,1680,N/A,ENABLED,53,914,1680,N/A,ENABLED,53,914,1680,N/A,ENABLED,53,914,1680,N/A,ENABLED,44,711,1400,N/A,ENABLED,44,711,1400,N/A,ENABLED,44,711,1400,N/A,ENABLED,44,711,1400,N/A,ENABLED,N/A,51,48
1744564699,0,345,N/A,N/A,N/A,N/A,ENABLED,2081,500,2100,DISABLED,DISABLED,2074,500,2100,DISABLED,DISABLED,2086,500,2100,DISABLED,DISABLED,2091,500,2100,DISABLED,DISABLED,2091,500,2100,DISABLED,DISABLED,2087,500,2100,DISABLED,DISABLED,2084,500,2100,DISABLED,DISABLED,2094,500,2100,DISABLED,DISABLED,1500,900,1500,N/A,DISABLED,53,914,1680,N/A,ENABLED,53,914,1680,N/A,ENABLED,53,914,1680,N/A,ENABLED,53,914,1680,N/A,ENABLED,44,711,1400,N/A,ENABLED,44,711,1400,N/A,ENABLED,44,711,1400,N/A,ENABLED,44,711,1400,N/A,ENABLED,N/A,51,48
1744564700,0,344,N/A,N/A,N/A,N/A,ENABLED,2082,500,2100,DISABLED,DISABLED,2074,500,2100,DISABLED,DISABLED,2085,500,2100,DISABLED,DISABLED,2091,500,2100,DISABLED,DISABLED,2092,500,2100,DISABLED,DISABLED,2087,500,2100,DISABLED,DISABLED,2085,500,2100,DISABLED,DISABLED,2094,500,2100,DISABLED,DISABLED,1500,900,1500,N/A,DISABLED,53,914,1680,N/A,ENABLED,53,914,1680,N/A,ENABLED,53,914,1680,N/A,ENABLED,53,914,1680,N/A,ENABLED,44,711,1400,N/A,ENABLED,44,711,1400,N/A,ENABLED,44,711,1400,N/A,ENABLED,44,711,1400,N/A,ENABLED,N/A,51,48
1744564702,0,344,N/A,N/A,N/A,N/A,ENABLED,2081,500,2100,DISABLED,DISABLED,2073,500,2100,DISABLED,DISABLED,2086,500,2100,DISABLED,DISABLED,2091,500,2100,DISABLED,DISABLED,2091,500,2100,DISABLED,DISABLED,2087,500,2100,DISABLED,DISABLED,2084,500,2100,DISABLED,DISABLED,2093,500,2100,DISABLED,DISABLED,1500,900,1500,N/A,DISABLED,53,914,1680,N/A,ENABLED,53,914,1680,N/A,ENABLED,53,914,1680,N/A,ENABLED,53,914,1680,N/A,ENABLED,44,711,1400,N/A,ENABLED,44,711,1400,N/A,ENABLED,44,711,1400,N/A,ENABLED,44,711,1400,N/A,ENABLED,N/A,51,48
1744564703,0,344,N/A,N/A,N/A,N/A,ENABLED,2081,500,2100,DISABLED,DISABLED,2074,500,2100,DISABLED,DISABLED,2086,500,2100,DISABLED,DISABLED,2091,500,2100,DISABLED,DISABLED,2091,500,2100,DISABLED,DISABLED,2087,500,2100,DISABLED,DISABLED,2084,500,2100,DISABLED,DISABLED,2093,500,2100,DISABLED,DISABLED,1500,900,1500,N/A,DISABLED,53,914,1680,N/A,ENABLED,53,914,1680,N/A,ENABLED,53,914,1680,N/A,ENABLED,53,914,1680,N/A,ENABLED,44,711,1400,N/A,ENABLED,44,711,1400,N/A,ENABLED,44,711,1400,N/A,ENABLED,44,711,1400,N/A,ENABLED,N/A,51,48
1744564704,0,345,N/A,N/A,N/A,N/A,ENABLED,2080,500,2100,DISABLED,DISABLED,2074,500,2100,DISABLED,DISABLED,2085,500,2100,DISABLED,DISABLED,2091,500,2100,DISABLED,DISABLED,2090,500,2100,DISABLED,DISABLED,2086,500,2100,DISABLED,DISABLED,2084,500,2100,DISABLED,DISABLED,2093,500,2100,DISABLED,DISABLED,1500,900,1500,N/A,DISABLED,52,914,1680,N/A,ENABLED,52,914,1680,N/A,ENABLED,52,914,1680,N/A,ENABLED,52,914,1680,N/A,ENABLED,44,711,1400,N/A,ENABLED,44,711,1400,N/A,ENABLED,44,711,1400,N/A,ENABLED,44,711,1400,N/A,ENABLED,N/A,51,48
1744564705,0,345,N/A,N/A,N/A,N/A,ENABLED,2081,500,2100,DISABLED,DISABLED,2074,500,2100,DISABLED,DISABLED,2085,500,2100,DISABLED,DISABLED,2091,500,2100,DISABLED,DISABLED,2091,500,2100,DISABLED,DISABLED,2087,500,2100,DISABLED,DISABLED,2084,500,2100,DISABLED,DISABLED,2094,500,2100,DISABLED,DISABLED,1500,900,1500,N/A,DISABLED,53,914,1680,N/A,ENABLED,53,914,1680,N/A,ENABLED,53,914,1680,N/A,ENABLED,53,914,1680,N/A,ENABLED,44,711,1400,N/A,ENABLED,44,711,1400,N/A,ENABLED,44,711,1400,N/A,ENABLED,44,711,1400,N/A,ENABLED,N/A,51,48
1744564706,0,346,N/A,N/A,N/A,N/A,ENABLED,2082,500,2100,DISABLED,DISABLED,2074,500,2100,DISABLED,DISABLED,2085,500,2100,DISABLED,DISABLED,2091,500,2100,DISABLED,DISABLED,2091,500,2100,DISABLED,DISABLED,2087,500,2100,DISABLED,DISABLED,2084,500,2100,DISABLED,DISABLED,2093,500,2100,DISABLED,DISABLED,1500,900,1500,N/A,DISABLED,53,914,1680,N/A,ENABLED,53,914,1680,N/A,ENABLED,53,914,1680,N/A,ENABLED,53,914,1680,N/A,ENABLED,44,711,1400,N/A,ENABLED,44,711,1400,N/A,ENABLED,44,711,1400,N/A,ENABLED,44,711,1400,N/A,ENABLED,N/A,51,48
1744564707,0,344,N/A,N/A,N/A,N/A,ENABLED,2082,500,2100,DISABLED,DISABLED,2074,500,2100,DISABLED,DISABLED,2085,500,2100,DISABLED,DISABLED,2091,500,2100,DISABLED,DISABLED,2090,500,2100,DISABLED,DISABLED,2086,500,2100,DISABLED,DISABLED,2084,500,2100,DISABLED,DISABLED,2094,500,2100,DISABLED,DISABLED,1500,900,1500,N/A,DISABLED,53,914,1680,N/A,ENABLED,53,914,1680,N/A,ENABLED,53,914,1680,N/A,ENABLED,53,914,1680,N/A,ENABLED,44,711,1400,N/A,ENABLED,44,711,1400,N/A,ENABLED,44,711,1400,N/A,ENABLED,44,711,1400,N/A,ENABLED,N/A,51,48
1744564709,0,339,N/A,N/A,N/A,N/A,ENABLED,2049,500,2100,DISABLED,DISABLED,2039,500,2100,DISABLED,DISABLED,2052,500,2100,DISABLED,DISABLED,2057,500,2100,DISABLED,DISABLED,2056,500,2100,DISABLED,DISABLED,2060,500,2100,DISABLED,DISABLED,2045,500,2100,DISABLED,DISABLED,2065,500,2100,DISABLED,DISABLED,1484,900,1500,N/A,DISABLED,52,914,1680,N/A,ENABLED,52,914,1680,N/A,ENABLED,52,914,1680,N/A,ENABLED,52,914,1680,N/A,ENABLED,43,711,1400,N/A,ENABLED,43,711,1400,N/A,ENABLED,43,711,1400,N/A,ENABLED,43,711,1400,N/A,ENABLED,N/A,51,48
1744564710,0,345,N/A,N/A,N/A,N/A,ENABLED,2082,500,2100,DISABLED,DISABLED,2074,500,2100,DISABLED,DISABLED,2086,500,2100,DISABLED,DISABLED,2091,500,2100,DISABLED,DISABLED,2091,500,2100,DISABLED,DISABLED,2087,500,2100,DISABLED,DISABLED,2084,500,2100,DISABLED,DISABLED,2093,500,2100,DISABLED,DISABLED,1500,900,1500,N/A,DISABLED,53,914,1680,N/A,ENABLED,53,914,1680,N/A,ENABLED,53,914,1680,N/A,ENABLED,53,914,1680,N/A,ENABLED,44,711,1400,N/A,ENABLED,44,711,1400,N/A,ENABLED,44,711,1400,N/A,ENABLED,44,711,1400,N/A,ENABLED,N/A,51,48
1744564711,0,345,N/A,N/A,N/A,N/A,ENABLED,2082,500,2100,DISABLED,DISABLED,2074,500,2100,DISABLED,DISABLED,2085,500,2100,DISABLED,DISABLED,2091,500,2100,DISABLED,DISABLED,2090,500,2100,DISABLED,DISABLED,2087,500,2100,DISABLED,DISABLED,2084,500,2100,DISABLED,DISABLED,2094,500,2100,DISABLED,DISABLED,1500,900,1500,N/A,DISABLED,53,914,1680,N/A,ENABLED,53,914,1680,N/A,ENABLED,53,914,1680,N/A,ENABLED,53,914,1680,N/A,ENABLED,44,711,1400,N/A,ENABLED,44,711,1400,N/A,ENABLED,44,711,1400,N/A,ENABLED,44,711,1400,N/A,ENABLED,N/A,52,48
1744564712,0,345,N/A,N/A,N/A,N/A,ENABLED,2082,500,2100,DISABLED,DISABLED,2073,500,2100,DISABLED,DISABLED,2086,500,2100,DISABLED,DISABLED,2091,500,2100,DISABLED,DISABLED,2091,500,2100,DISABLED,DISABLED,2087,500,2100,DISABLED,DISABLED,2085,500,2100,DISABLED,DISABLED,2094,500,2100,DISABLED,DISABLED,1500,900,1500,N/A,DISABLED,53,914,1680,N/A,ENABLED,53,914,1680,N/A,ENABLED,53,914,1680,N/A,ENABLED,53,914,1680,N/A,ENABLED,44,711,1400,N/A,ENABLED,44,711,1400,N/A,ENABLED,44,711,1400,N/A,ENABLED,44,711,1400,N/A,ENABLED,N/A,52,48
1744564713,0,344,N/A,N/A,N/A,N/A,ENABLED,2082,500,2100,DISABLED,DISABLED,2073,500,2100,DISABLED,DISABLED,2086,500,2100,DISABLED,DISABLED,2092,500,2100,DISABLED,DISABLED,2091,500,2100,DISABLED,DISABLED,2087,500,2100,DISABLED,DISABLED,2084,500,2100,DISABLED,DISABLED,2094,500,2100,DISABLED,DISABLED,1500,900,1500,N/A,DISABLED,53,914,1680,N/A,ENABLED,53,914,1680,N/A,ENABLED,53,914,1680,N/A,ENABLED,53,914,1680,N/A,ENABLED,44,711,1400,N/A,ENABLED,44,711,1400,N/A,ENABLED,44,711,1400,N/A,ENABLED,44,711,1400,N/A,ENABLED,N/A,52,48
1744564715,0,346,N/A,N/A,N/A,N/A,ENABLED,2082,500,2100,DISABLED,DISABLED,2074,500,2100,DISABLED,DISABLED,2086,500,2100,DISABLED,DISABLED,2091,500,2100,DISABLED,DISABLED,2091,500,2100,DISABLED,DISABLED,2087,500,2100,DISABLED,DISABLED,2084,500,2100,DISABLED,DISABLED,2093,500,2100,DISABLED,DISABLED,1500,900,1500,N/A,DISABLED,53,914,1680,N/A,ENABLED,53,914,1680,N/A,ENABLED,53,914,1680,N/A,ENABLED,53,914,1680,N/A,ENABLED,44,711,1400,N/A,ENABLED,44,711,1400,N/A,ENABLED,44,711,1400,N/A,ENABLED,44,711,1400,N/A,ENABLED,N/A,52,48
1744564716,0,344,N/A,N/A,N/A,N/A,ENABLED,2081,500,2100,DISABLED,DISABLED,2074,500,2100,DISABLED,DISABLED,2086,500,2100,DISABLED,DISABLED,2091,500,2100,DISABLED,DISABLED,2091,500,2100,DISABLED,DISABLED,2088,500,2100,DISABLED,DISABLED,2084,500,2100,DISABLED,DISABLED,2093,500,2100,DISABLED,DISABLED,1500,900,1500,N/A,DISABLED,53,914,1680,N/A,ENABLED,53,914,1680,N/A,ENABLED,53,914,1680,N/A,ENABLED,53,914,1680,N/A,ENABLED,44,711,1400,N/A,ENABLED,44,711,1400,N/A,ENABLED,44,711,1400,N/A,ENABLED,44,711,1400,N/A,ENABLED,N/A,52,48
1744564717,0,346,N/A,N/A,N/A,N/A,ENABLED,2082,500,2100,DISABLED,DISABLED,2073,500,2100,DISABLED,DISABLED,2086,500,2100,DISABLED,DISABLED,2091,500,2100,DISABLED,DISABLED,2091,500,2100,DISABLED,DISABLED,2087,500,2100,DISABLED,DISABLED,2084,500,2100,DISABLED,DISABLED,2094,500,2100,DISABLED,DISABLED,1500,900,1500,N/A,DISABLED,53,914,1680,N/A,ENABLED,53,914,1680,N/A,ENABLED,53,914,1680,N/A,ENABLED,53,914,1680,N/A,ENABLED,44,711,1400,N/A,ENABLED,44,711,1400,N/A,ENABLED,44,711,1400,N/A,ENABLED,44,711,1400,N/A,ENABLED,N/A,52,48
1744564718,0,345,N/A,N/A,N/A,N/A,ENABLED,2082,500,2100,DISABLED,DISABLED,2074,500,2100,DISABLED,DISABLED,2086,500,2100,DISABLED,DISABLED,2091,500,2100,DISABLED,DISABLED,2091,500,2100,DISABLED,DISABLED,2087,500,2100,DISABLED,DISABLED,2085,500,2100,DISABLED,DISABLED,2094,500,2100,DISABLED,DISABLED,1500,900,1500,N/A,DISABLED,53,914,1680,N/A,ENABLED,53,914,1680,N/A,ENABLED,53,914,1680,N/A,ENABLED,53,914,1680,N/A,ENABLED,44,711,1400,N/A,ENABLED,44,711,1400,N/A,ENABLED,44,711,1400,N/A,ENABLED,44,711,1400,N/A,ENABLED,N/A,52,48
1744564719,0,346,N/A,N/A,N/A,N/A,ENABLED,2079,500,2100,DISABLED,DISABLED,2071,500,2100,DISABLED,DISABLED,2083,500,2100,DISABLED,DISABLED,2088,500,2100,DISABLED,DISABLED,2088,500,2100,DISABLED,DISABLED,2084,500,2100,DISABLED,DISABLED,2082,500,2100,DISABLED,DISABLED,2091,500,2100,DISABLED,DISABLED,1499,900,1500,N/A,DISABLED,52,914,1680,N/A,ENABLED,52,914,1680,N/A,ENABLED,52,914,1680,N/A,ENABLED,52,914,1680,N/A,ENABLED,44,711,1400,N/A,ENABLED,44,711,1400,N/A,ENABLED,44,711,1400,N/A,ENABLED,44,711,1400,N/A,ENABLED,N/A,52,49
1744564720,0,345,N/A,N/A,N/A,N/A,ENABLED,2082,500,2100,DISABLED,DISABLED,2074,500,2100,DISABLED,DISABLED,2086,500,2100,DISABLED,DISABLED,2091,500,2100,DISABLED,DISABLED,2091,500,2100,DISABLED,DISABLED,2087,500,2100,DISABLED,DISABLED,2085,500,2100,DISABLED,DISABLED,2094,500,2100,DISABLED,DISABLED,1500,900,1500,N/A,DISABLED,53,914,1680,N/A,ENABLED,53,914,1680,N/A,ENABLED,53,914,1680,N/A,ENABLED,53,914,1680,N/A,ENABLED,44,711,1400,N/A,ENABLED,44,711,1400,N/A,ENABLED,44,711,1400,N/A,ENABLED,44,711,1400,N/A,ENABLED,N/A,52,48
1744564722,0,345,N/A,N/A,N/A,N/A,ENABLED,2082,500,2100,DISABLED,DISABLED,2074,500,2100,DISABLED,DISABLED,2085,500,2100,DISABLED,DISABLED,2091,500,2100,DISABLED,DISABLED,2090,500,2100,DISABLED,DISABLED,2087,500,2100,DISABLED,DISABLED,2084,500,2100,DISABLED,DISABLED,2094,500,2100,DISABLED,DISABLED,1500,900,1500,N/A,DISABLED,53,914,1680,N/A,ENABLED,53,914,1680,N/A,ENABLED,53,914,1680,N/A,ENABLED,53,914,1680,N/A,ENABLED,44,711,1400,N/A,ENABLED,44,711,1400,N/A,ENABLED,44,711,1400,N/A,ENABLED,44,711,1400,N/A,ENABLED,N/A,52,48
1744564723,0,346,N/A,N/A,N/A,N/A,ENABLED,2082,500,2100,DISABLED,DISABLED,2074,500,2100,DISABLED,DISABLED,2086,500,2100,DISABLED,DISABLED,2091,500,2100,DISABLED,DISABLED,2090,500,2100,DISABLED,DISABLED,2087,500,2100,DISABLED,DISABLED,2084,500,2100,DISABLED,DISABLED,2094,500,2100,DISABLED,DISABLED,1500,900,1500,N/A,DISABLED,53,914,1680,N/A,ENABLED,53,914,1680,N/A,ENABLED,53,914,1680,N/A,ENABLED,53,914,1680,N/A,ENABLED,44,711,1400,N/A,ENABLED,44,711,1400,N/A,ENABLED,44,711,1400,N/A,ENABLED,44,711,1400,N/A,ENABLED,N/A,52,48
1744564724,0,345,N/A,N/A,N/A,N/A,ENABLED,2082,500,2100,DISABLED,DISABLED,2074,500,2100,DISABLED,DISABLED,2086,500,2100,DISABLED,DISABLED,2091,500,2100,DISABLED,DISABLED,2091,500,2100,DISABLED,DISABLED,2087,500,2100,DISABLED,DISABLED,2084,500,2100,DISABLED,DISABLED,2093,500,2100,DISABLED,DISABLED,1500,900,1500,N/A,DISABLED,53,914,1680,N/A,ENABLED,53,914,1680,N/A,ENABLED,53,914,1680,N/A,ENABLED,53,914,1680,N/A,ENABLED,44,711,1400,N/A,ENABLED,44,711,1400,N/A,ENABLED,44,711,1400,N/A,ENABLED,44,711,1400,N/A,ENABLED,N/A,52,48
1744564725,0,345,N/A,N/A,N/A,N/A,ENABLED,2082,500,2100,DISABLED,DISABLED,2074,500,2100,DISABLED,DISABLED,2086,500,2100,DISABLED,DISABLED,2091,500,2100,DISABLED,DISABLED,2091,500,2100,DISABLED,DISABLED,2087,500,2100,DISABLED,DISABLED,2085,500,2100,DISABLED,DISABLED,2094,500,2100,DISABLED,DISABLED,1500,900,1500,N/A,DISABLED,53,914,1680,N/A,ENABLED,53,914,1680,N/A,ENABLED,53,914,1680,N/A,ENABLED,53,914,1680,N/A,ENABLED,44,711,1400,N/A,ENABLED,44,711,1400,N/A,ENABLED,44,711,1400,N/A,ENABLED,44,711,1400,N/A,ENABLED,N/A,52,48
1744564726,0,346,N/A,N/A,N/A,N/A,ENABLED,2082,500,2100,DISABLED,DISABLED,2074,500,2100,DISABLED,DISABLED,2086,500,2100,DISABLED,DISABLED,2091,500,2100,DISABLED,DISABLED,2091,500,2100,DISABLED,DISABLED,2087,500,2100,DISABLED,DISABLED,2085,500,2100,DISABLED,DISABLED,2094,500,2100,DISABLED,DISABLED,1500,900,1500,N/A,DISABLED,53,914,1680,N/A,ENABLED,53,914,1680,N/A,ENABLED,53,914,1680,N/A,ENABLED,53,914,1680,N/A,ENABLED,44,711,1400,N/A,ENABLED,44,711,1400,N/A,ENABLED,44,711,1400,N/A,ENABLED,44,711,1400,N/A,ENABLED,N/A,52,49
1744564727,0,346,N/A,N/A,N/A,N/A,ENABLED,2082,500,2100,DISABLED,DISABLED,2074,500,2100,DISABLED,DISABLED,2086,500,2100,DISABLED,DISABLED,2091,500,2100,DISABLED,DISABLED,2091,500,2100,DISABLED,DISABLED,2086,500,2100,DISABLED,DISABLED,2085,500,2100,DISABLED,DISABLED,2094,500,2100,DISABLED,DISABLED,1500,900,1500,N/A,DISABLED,53,914,1680,N/A,ENABLED,53,914,1680,N/A,ENABLED,53,914,1680,N/A,ENABLED,53,914,1680,N/A,ENABLED,44,711,1400,N/A,ENABLED,44,711,1400,N/A,ENABLED,44,711,1400,N/A,ENABLED,44,711,1400,N/A,ENABLED,N/A,52,48
1744564729,0,346,N/A,N/A,N/A,N/A,ENABLED,2082,500,2100,DISABLED,DISABLED,2073,500,2100,DISABLED,DISABLED,2085,500,2100,DISABLED,DISABLED,2090,500,2100,DISABLED,DISABLED,2091,500,2100,DISABLED,DISABLED,2087,500,2100,DISABLED,DISABLED,2085,500,2100,DISABLED,DISABLED,2094,500,2100,DISABLED,DISABLED,1500,900,1500,N/A,DISABLED,53,914,1680,N/A,ENABLED,53,914,1680,N/A,ENABLED,53,914,1680,N/A,ENABLED,53,914,1680,N/A,ENABLED,44,711,1400,N/A,ENABLED,44,711,1400,N/A,ENABLED,44,711,1400,N/A,ENABLED,44,711,1400,N/A,ENABLED,N/A,52,49
1744564730,0,346,N/A,N/A,N/A,N/A,ENABLED,2082,500,2100,DISABLED,DISABLED,2073,500,2100,DISABLED,DISABLED,2085,500,2100,DISABLED,DISABLED,2090,500,2100,DISABLED,DISABLED,2090,500,2100,DISABLED,DISABLED,2086,500,2100,DISABLED,DISABLED,2085,500,2100,DISABLED,DISABLED,2093,500,2100,DISABLED,DISABLED,1500,900,1500,N/A,DISABLED,52,914,1680,N/A,ENABLED,52,914,1680,N/A,ENABLED,52,914,1680,N/A,ENABLED,52,914,1680,N/A,ENABLED,44,711,1400,N/A,ENABLED,44,711,1400,N/A,ENABLED,44,711,1400,N/A,ENABLED,44,711,1400,N/A,ENABLED,N/A,52,48
1744564731,0,347,N/A,N/A,N/A,N/A,ENABLED,2082,500,2100,DISABLED,DISABLED,2073,500,2100,DISABLED,DISABLED,2086,500,2100,DISABLED,DISABLED,2091,500,2100,DISABLED,DISABLED,2090,500,2100,DISABLED,DISABLED,2086,500,2100,DISABLED,DISABLED,2084,500,2100,DISABLED,DISABLED,2094,500,2100,DISABLED,DISABLED,1500,900,1500,N/A,DISABLED,53,914,1680,N/A,ENABLED,53,914,1680,N/A,ENABLED,53,914,1680,N/A,ENABLED,53,914,1680,N/A,ENABLED,44,711,1400,N/A,ENABLED,44,711,1400,N/A,ENABLED,44,711,1400,N/A,ENABLED,44,711,1400,N/A,ENABLED,N/A,52,49
1744564732,0,346,N/A,N/A,N/A,N/A,ENABLED,2082,500,2100,DISABLED,DISABLED,2074,500,2100,DISABLED,DISABLED,2085,500,2100,DISABLED,DISABLED,2091,500,2100,DISABLED,DISABLED,2090,500,2100,DISABLED,DISABLED,2087,500,2100,DISABLED,DISABLED,2084,500,2100,DISABLED,DISABLED,2093,500,2100,DISABLED,DISABLED,1500,900,1500,N/A,DISABLED,53,914,1680,N/A,ENABLED,53,914,1680,N/A,ENABLED,53,914,1680,N/A,ENABLED,53,914,1680,N/A,ENABLED,44,711,1400,N/A,ENABLED,44,711,1400,N/A,ENABLED,44,711,1400,N/A,ENABLED,44,711,1400,N/A,ENABLED,N/A,52,49
1744564733,0,345,N/A,N/A,N/A,N/A,ENABLED,2082,500,2100,DISABLED,DISABLED,2074,500,2100,DISABLED,DISABLED,2085,500,2100,DISABLED,DISABLED,2090,500,2100,DISABLED,DISABLED,2090,500,2100,DISABLED,DISABLED,2087,500,2100,DISABLED,DISABLED,2085,500,2100,DISABLED,DISABLED,2094,500,2100,DISABLED,DISABLED,1500,900,1500,N/A,DISABLED,53,914,1680,N/A,ENABLED,53,914,1680,N/A,ENABLED,53,914,1680,N/A,ENABLED,53,914,1680,N/A,ENABLED,44,711,1400,N/A,ENABLED,44,711,1400,N/A,ENABLED,44,711,1400,N/A,ENABLED,44,711,1400,N/A,ENABLED,N/A,52,48
1744564734,0,346,N/A,N/A,N/A,N/A,ENABLED,2082,500,2100,DISABLED,DISABLED,2073,500,2100,DISABLED,DISABLED,2085,500,2100,DISABLED,DISABLED,2090,500,2100,DISABLED,DISABLED,2090,500,2100,DISABLED,DISABLED,2086,500,2100,DISABLED,DISABLED,2085,500,2100,DISABLED,DISABLED,2094,500,2100,DISABLED,DISABLED,1500,900,1500,N/A,DISABLED,53,914,1680,N/A,ENABLED,53,914,1680,N/A,ENABLED,53,914,1680,N/A,ENABLED,53,914,1680,N/A,ENABLED,44,711,1400,N/A,ENABLED,44,711,1400,N/A,ENABLED,44,711,1400,N/A,ENABLED,44,711,1400,N/A,ENABLED,N/A,52,49
1744564736,0,346,N/A,N/A,N/A,N/A,ENABLED,2082,500,2100,DISABLED,DISABLED,2073,500,2100,DISABLED,DISABLED,2085,500,2100,DISABLED,DISABLED,2091,500,2100,DISABLED,DISABLED,2091,500,2100,DISABLED,DISABLED,2087,500,2100,DISABLED,DISABLED,2086,500,2100,DISABLED,DISABLED,2094,500,2100,DISABLED,DISABLED,1500,900,1500,N/A,DISABLED,53,914,1680,N/A,ENABLED,53,914,1680,N/A,ENABLED,53,914,1680,N/A,ENABLED,53,914,1680,N/A,ENABLED,44,711,1400,N/A,ENABLED,44,711,1400,N/A,ENABLED,44,711,1400,N/A,ENABLED,44,711,1400,N/A,ENABLED,N/A,52,49
1744564737,0,347,N/A,N/A,N/A,N/A,ENABLED,2081,500,2100,DISABLED,DISABLED,2074,500,2100,DISABLED,DISABLED,2085,500,2100,DISABLED,DISABLED,2091,500,2100,DISABLED,DISABLED,2091,500,2100,DISABLED,DISABLED,2087,500,2100,DISABLED,DISABLED,2085,500,2100,DISABLED,DISABLED,2094,500,2100,DISABLED,DISABLED,1500,900,1500,N/A,DISABLED,53,914,1680,N/A,ENABLED,53,914,1680,N/A,ENABLED,53,914,1680,N/A,ENABLED,53,914,1680,N/A,ENABLED,44,711,1400,N/A,ENABLED,44,711,1400,N/A,ENABLED,44,711,1400,N/A,ENABLED,44,711,1400,N/A,ENABLED,N/A,52,49
1744564738,0,347,N/A,N/A,N/A,N/A,ENABLED,2082,500,2100,DISABLED,DISABLED,2074,500,2100,DISABLED,DISABLED,2086,500,2100,DISABLED,DISABLED,2091,500,2100,DISABLED,DISABLED,2090,500,2100,DISABLED,DISABLED,2087,500,2100,DISABLED,DISABLED,2085,500,2100,DISABLED,DISABLED,2093,500,2100,DISABLED,DISABLED,1500,900,1500,N/A,DISABLED,53,914,1680,N/A,ENABLED,53,914,1680,N/A,ENABLED,53,914,1680,N/A,ENABLED,53,914,1680,N/A,ENABLED,44,711,1400,N/A,ENABLED,44,711,1400,N/A,ENABLED,44,711,1400,N/A,ENABLED,44,711,1400,N/A,ENABLED,N/A,52,49
1744564739,0,347,N/A,N/A,N/A,N/A,ENABLED,2082,500,2100,DISABLED,DISABLED,2073,500,2100,DISABLED,DISABLED,2086,500,2100,DISABLED,DISABLED,2091,500,2100,DISABLED,DISABLED,2091,500,2100,DISABLED,DISABLED,2087,500,2100,DISABLED,DISABLED,2085,500,2100,DISABLED,DISABLED,2093,500,2100,DISABLED,DISABLED,1500,900,1500,N/A,DISABLED,53,914,1680,N/A,ENABLED,53,914,1680,N/A,ENABLED,53,914,1680,N/A,ENABLED,53,914,1680,N/A,ENABLED,44,711,1400,N/A,ENABLED,44,711,1400,N/A,ENABLED,44,711,1400,N/A,ENABLED,44,711,1400,N/A,ENABLED,N/A,52,49
1744564740,0,346,N/A,N/A,N/A,N/A,ENABLED,2082,500,2100,DISABLED,DISABLED,2073,500,2100,DISABLED,DISABLED,2085,500,2100,DISABLED,DISABLED,2090,500,2100,DISABLED,DISABLED,2090,500,2100,DISABLED,DISABLED,2087,500,2100,DISABLED,DISABLED,2085,500,2100,DISABLED,DISABLED,2093,500,2100,DISABLED,DISABLED,1500,900,1500,N/A,DISABLED,52,914,1680,N/A,ENABLED,52,914,1680,N/A,ENABLED,52,914,1680,N/A,ENABLED,52,914,1680,N/A,ENABLED,44,711,1400,N/A,ENABLED,44,711,1400,N/A,ENABLED,44,711,1400,N/A,ENABLED,44,711,1400,N/A,ENABLED,N/A,52,49
1744564742,0,346,N/A,N/A,N/A,N/A,ENABLED,2082,500,2100,DISABLED,DISABLED,2073,500,2100,DISABLED,DISABLED,2085,500,2100,DISABLED,DISABLED,2090,500,2100,DISABLED,DISABLED,2091,500,2100,DISABLED,DISABLED,2087,500,2100,DISABLED,DISABLED,2085,500,2100,DISABLED,DISABLED,2093,500,2100,DISABLED,DISABLED,1500,900,1500,N/A,DISABLED,53,914,1680,N/A,ENABLED,53,914,1680,N/A,ENABLED,53,914,1680,N/A,ENABLED,53,914,1680,N/A,ENABLED,44,711,1400,N/A,ENABLED,44,711,1400,N/A,ENABLED,44,711,1400,N/A,ENABLED,44,711,1400,N/A,ENABLED,N/A,52,49
1744564743,0,347,N/A,N/A,N/A,N/A,ENABLED,2082,500,2100,DISABLED,DISABLED,2073,500,2100,DISABLED,DISABLED,2086,500,2100,DISABLED,DISABLED,2091,500,2100,DISABLED,DISABLED,2091,500,2100,DISABLED,DISABLED,2087,500,2100,DISABLED,DISABLED,2084,500,2100,DISABLED,DISABLED,2094,500,2100,DISABLED,DISABLED,1500,900,1500,N/A,DISABLED,53,914,1680,N/A,ENABLED,53,914,1680,N/A,ENABLED,53,914,1680,N/A,ENABLED,53,914,1680,N/A,ENABLED,44,711,1400,N/A,ENABLED,44,711,1400,N/A,ENABLED,44,711,1400,N/A,ENABLED,44,711,1400,N/A,ENABLED,N/A,52,48
1744564744,0,346,N/A,N/A,N/A,N/A,ENABLED,2082,500,2100,DISABLED,DISABLED,2073,500,2100,DISABLED,DISABLED,2086,500,2100,DISABLED,DISABLED,2091,500,2100,DISABLED,DISABLED,2091,500,2100,DISABLED,DISABLED,2087,500,2100,DISABLED,DISABLED,2085,500,2100,DISABLED,DISABLED,2093,500,2100,DISABLED,DISABLED,1500,900,1500,N/A,DISABLED,53,914,1680,N/A,ENABLED,53,914,1680,N/A,ENABLED,53,914,1680,N/A,ENABLED,53,914,1680,N/A,ENABLED,44,711,1400,N/A,ENABLED,44,711,1400,N/A,ENABLED,44,711,1400,N/A,ENABLED,44,711,1400,N/A,ENABLED,N/A,52,49
1744564745,0,344,N/A,N/A,N/A,N/A,ENABLED,2077,500,2100,DISABLED,DISABLED,2070,500,2100,DISABLED,DISABLED,2081,500,2100,DISABLED,DISABLED,2085,500,2100,DISABLED,DISABLED,2086,500,2100,DISABLED,DISABLED,2081,500,2100,DISABLED,DISABLED,2079,500,2100,DISABLED,DISABLED,2088,500,2100,DISABLED,DISABLED,1497,900,1500,N/A,DISABLED,52,914,1680,N/A,ENABLED,52,914,1680,N/A,ENABLED,52,914,1680,N/A,ENABLED,52,914,1680,N/A,ENABLED,44,711,1400,N/A,ENABLED,44,711,1400,N/A,ENABLED,44,711,1400,N/A,ENABLED,44,711,1400,N/A,ENABLED,N/A,52,49
1744564746,0,347,N/A,N/A,N/A,N/A,ENABLED,2082,500,2100,DISABLED,DISABLED,2073,500,2100,DISABLED,DISABLED,2085,500,2100,DISABLED,DISABLED,2090,500,2100,DISABLED,DISABLED,2091,500,2100,DISABLED,DISABLED,2087,500,2100,DISABLED,DISABLED,2085,500,2100,DISABLED,DISABLED,2093,500,2100,DISABLED,DISABLED,1500,900,1500,N/A,DISABLED,53,914,1680,N/A,ENABLED,53,914,1680,N/A,ENABLED,53,914,1680,N/A,ENABLED,53,914,1680,N/A,ENABLED,44,711,1400,N/A,ENABLED,44,711,1400,N/A,ENABLED,44,711,1400,N/A,ENABLED,44,711,1400,N/A,ENABLED,N/A,52,49
1744564747,0,345,N/A,N/A,N/A,N/A,ENABLED,2082,500,2100,DISABLED,DISABLED,2074,500,2100,DISABLED,DISABLED,2085,500,2100,DISABLED,DISABLED,2090,500,2100,DISABLED,DISABLED,2091,500,2100,DISABLED,DISABLED,2087,500,2100,DISABLED,DISABLED,2085,500,2100,DISABLED,DISABLED,2094,500,2100,DISABLED,DISABLED,1500,900,1500,N/A,DISABLED,53,914,1680,N/A,ENABLED,53,914,1680,N/A,ENABLED,53,914,1680,N/A,ENABLED,53,914,1680,N/A,ENABLED,44,711,1400,N/A,ENABLED,44,711,1400,N/A,ENABLED,44,711,1400,N/A,ENABLED,44,711,1400,N/A,ENABLED,N/A,52,49
1744564749,0,346,N/A,N/A,N/A,N/A,ENABLED,2082,500,2100,DISABLED,DISABLED,2073,500,2100,DISABLED,DISABLED,2086,500,2100,DISABLED,DISABLED,2090,500,2100,DISABLED,DISABLED,2090,500,2100,DISABLED,DISABLED,2087,500,2100,DISABLED,DISABLED,2085,500,2100,DISABLED,DISABLED,2093,500,2100,DISABLED,DISABLED,1500,900,1500,N/A,DISABLED,53,914,1680,N/A,ENABLED,53,914,1680,N/A,ENABLED,53,914,1680,N/A,ENABLED,53,914,1680,N/A,ENABLED,44,711,1400,N/A,ENABLED,44,711,1400,N/A,ENABLED,44,711,1400,N/A,ENABLED,44,711,1400,N/A,ENABLED,N/A,52,49
1744564750,0,346,N/A,N/A,N/A,N/A,ENABLED,2082,500,2100,DISABLED,DISABLED,2073,500,2100,DISABLED,DISABLED,2086,500,2100,DISABLED,DISABLED,2090,500,2100,DISABLED,DISABLED,2091,500,2100,DISABLED,DISABLED,2087,500,2100,DISABLED,DISABLED,2085,500,2100,DISABLED,DISABLED,2094,500,2100,DISABLED,DISABLED,1500,900,1500,N/A,DISABLED,53,914,1680,N/A,ENABLED,53,914,1680,N/A,ENABLED,53,914,1680,N/A,ENABLED,53,914,1680,N/A,ENABLED,44,711,1400,N/A,ENABLED,44,711,1400,N/A,ENABLED,44,711,1400,N/A,ENABLED,44,711,1400,N/A,ENABLED,N/A,52,49
1744564751,0,345,N/A,N/A,N/A,N/A,ENABLED,2082,500,2100,DISABLED,DISABLED,2074,500,2100,DISABLED,DISABLED,2086,500,2100,DISABLED,DISABLED,2091,500,2100,DISABLED,DISABLED,2090,500,2100,DISABLED,DISABLED,2087,500,2100,DISABLED,DISABLED,2085,500,2100,DISABLED,DISABLED,2094,500,2100,DISABLED,DISABLED,1500,900,1500,N/A,DISABLED,53,914,1680,N/A,ENABLED,53,914,1680,N/A,ENABLED,53,914,1680,N/A,ENABLED,53,914,1680,N/A,ENABLED,44,711,1400,N/A,ENABLED,44,711,1400,N/A,ENABLED,44,711,1400,N/A,ENABLED,44,711,1400,N/A,ENABLED,N/A,52,49
1744564752,0,346,N/A,N/A,N/A,N/A,ENABLED,2082,500,2100,DISABLED,DISABLED,2073,500,2100,DISABLED,DISABLED,2085,500,2100,DISABLED,DISABLED,2090,500,2100,DISABLED,DISABLED,2091,500,2100,DISABLED,DISABLED,2087,500,2100,DISABLED,DISABLED,2085,500,2100,DISABLED,DISABLED,2094,500,2100,DISABLED,DISABLED,1500,900,1500,N/A,DISABLED,53,914,1680,N/A,ENABLED,53,914,1680,N/A,ENABLED,53,914,1680,N/A,ENABLED,53,914,1680,N/A,ENABLED,44,711,1400,N/A,ENABLED,44,711,1400,N/A,ENABLED,44,711,1400,N/A,ENABLED,44,711,1400,N/A,ENABLED,N/A,52,49
1744564753,0,345,N/A,N/A,N/A,N/A,ENABLED,2082,500,2100,DISABLED,DISABLED,2073,500,2100,DISABLED,DISABLED,2086,500,2100,DISABLED,DISABLED,2090,500,2100,DISABLED,DISABLED,2091,500,2100,DISABLED,DISABLED,2088,500,2100,DISABLED,DISABLED,2085,500,2100,DISABLED,DISABLED,2094,500,2100,DISABLED,DISABLED,1500,900,1500,N/A,DISABLED,53,914,1680,N/A,ENABLED,53,914,1680,N/A,ENABLED,53,914,1680,N/A,ENABLED,53,914,1680,N/A,ENABLED,44,711,1400,N/A,ENABLED,44,711,1400,N/A,ENABLED,44,711,1400,N/A,ENABLED,44,711,1400,N/A,ENABLED,N/A,52,49
1744564754,0,346,N/A,N/A,N/A,N/A,ENABLED,2082,500,2100,DISABLED,DISABLED,2073,500,2100,DISABLED,DISABLED,2086,500,2100,DISABLED,DISABLED,2091,500,2100,DISABLED,DISABLED,2091,500,2100,DISABLED,DISABLED,2088,500,2100,DISABLED,DISABLED,2085,500,2100,DISABLED,DISABLED,2094,500,2100,DISABLED,DISABLED,1500,900,1500,N/A,DISABLED,53,914,1680,N/A,ENABLED,53,914,1680,N/A,ENABLED,53,914,1680,N/A,ENABLED,53,914,1680,N/A,ENABLED,44,711,1400,N/A,ENABLED,44,711,1400,N/A,ENABLED,44,711,1400,N/A,ENABLED,44,711,1400,N/A,ENABLED,N/A,52,48
1744564756,0,346,N/A,N/A,N/A,N/A,ENABLED,2082,500,2100,DISABLED,DISABLED,2073,500,2100,DISABLED,DISABLED,2085,500,2100,DISABLED,DISABLED,2090,500,2100,DISABLED,DISABLED,2090,500,2100,DISABLED,DISABLED,2087,500,2100,DISABLED,DISABLED,2085,500,2100,DISABLED,DISABLED,2093,500,2100,DISABLED,DISABLED,1500,900,1500,N/A,DISABLED,52,914,1680,N/A,ENABLED,52,914,1680,N/A,ENABLED,52,914,1680,N/A,ENABLED,52,914,1680,N/A,ENABLED,44,711,1400,N/A,ENABLED,44,711,1400,N/A,ENABLED,44,711,1400,N/A,ENABLED,44,711,1400,N/A,ENABLED,N/A,52,49
1744564757,0,345,N/A,N/A,N/A,N/A,ENABLED,2082,500,2100,DISABLED,DISABLED,2074,500,2100,DISABLED,DISABLED,2086,500,2100,DISABLED,DISABLED,2091,500,2100,DISABLED,DISABLED,2091,500,2100,DISABLED,DISABLED,2087,500,2100,DISABLED,DISABLED,2086,500,2100,DISABLED,DISABLED,2094,500,2100,DISABLED,DISABLED,1500,900,1500,N/A,DISABLED,53,914,1680,N/A,ENABLED,53,914,1680,N/A,ENABLED,53,914,1680,N/A,ENABLED,53,914,1680,N/A,ENABLED,44,711,1400,N/A,ENABLED,44,711,1400,N/A,ENABLED,44,711,1400,N/A,ENABLED,44,711,1400,N/A,ENABLED,N/A,52,49
1744564758,0,347,N/A,N/A,N/A,N/A,ENABLED,2083,500,2100,DISABLED,DISABLED,2074,500,2100,DISABLED,DISABLED,2085,500,2100,DISABLED,DISABLED,2091,500,2100,DISABLED,DISABLED,2092,500,2100,DISABLED,DISABLED,2087,500,2100,DISABLED,DISABLED,2085,500,2100,DISABLED,DISABLED,2094,500,2100,DISABLED,DISABLED,1500,900,1500,N/A,DISABLED,53,914,1680,N/A,ENABLED,53,914,1680,N/A,ENABLED,53,914,1680,N/A,ENABLED,53,914,1680,N/A,ENABLED,44,711,1400,N/A,ENABLED,44,711,1400,N/A,ENABLED,44,711,1400,N/A,ENABLED,44,711,1400,N/A,ENABLED,N/A,52,49
1744564759,0,347,N/A,N/A,N/A,N/A,ENABLED,2082,500,2100,DISABLED,DISABLED,2074,500,2100,DISABLED,DISABLED,2086,500,2100,DISABLED,DISABLED,2091,500,2100,DISABLED,DISABLED,2091,500,2100,DISABLED,DISABLED,2088,500,2100,DISABLED,DISABLED,2086,500,2100,DISABLED,DISABLED,2094,500,2100,DISABLED,DISABLED,1500,900,1500,N/A,DISABLED,53,914,1680,N/A,ENABLED,53,914,1680,N/A,ENABLED,53,914,1680,N/A,ENABLED,53,914,1680,N/A,ENABLED,44,711,1400,N/A,ENABLED,44,711,1400,N/A,ENABLED,44,711,1400,N/A,ENABLED,44,711,1400,N/A,ENABLED,N/A,52,49
1744564760,0,346,N/A,N/A,N/A,N/A,ENABLED,2082,500,2100,DISABLED,DISABLED,2073,500,2100,DISABLED,DISABLED,2085,500,2100,DISABLED,DISABLED,2091,500,2100,DISABLED,DISABLED,2090,500,2100,DISABLED,DISABLED,2087,500,2100,DISABLED,DISABLED,2085,500,2100,DISABLED,DISABLED,2094,500,2100,DISABLED,DISABLED,1500,900,1500,N/A,DISABLED,53,914,1680,N/A,ENABLED,53,914,1680,N/A,ENABLED,53,914,1680,N/A,ENABLED,53,914,1680,N/A,ENABLED,44,711,1400,N/A,ENABLED,44,711,1400,N/A,ENABLED,44,711,1400,N/A,ENABLED,44,711,1400,N/A,ENABLED,N/A,52,49
1744564761,0,347,N/A,N/A,N/A,N/A,ENABLED,2083,500,2100,DISABLED,DISABLED,2074,500,2100,DISABLED,DISABLED,2086,500,2100,DISABLED,DISABLED,2091,500,2100,DISABLED,DISABLED,2091,500,2100,DISABLED,DISABLED,2087,500,2100,DISABLED,DISABLED,2084,500,2100,DISABLED,DISABLED,2094,500,2100,DISABLED,DISABLED,1500,900,1500,N/A,DISABLED,53,914,1680,N/A,ENABLED,53,914,1680,N/A,ENABLED,53,914,1680,N/A,ENABLED,53,914,1680,N/A,ENABLED,44,711,1400,N/A,ENABLED,44,711,1400,N/A,ENABLED,44,711,1400,N/A,ENABLED,44,711,1400,N/A,ENABLED,N/A,52,49
1744564763,0,346,N/A,N/A,N/A,N/A,ENABLED,2082,500,2100,DISABLED,DISABLED,2074,500,2100,DISABLED,DISABLED,2085,500,2100,DISABLED,DISABLED,2091,500,2100,DISABLED,DISABLED,2090,500,2100,DISABLED,DISABLED,2087,500,2100,DISABLED,DISABLED,2085,500,2100,DISABLED,DISABLED,2094,500,2100,DISABLED,DISABLED,1500,900,1500,N/A,DISABLED,53,914,1680,N/A,ENABLED,53,914,1680,N/A,ENABLED,53,914,1680,N/A,ENABLED,53,914,1680,N/A,ENABLED,44,711,1400,N/A,ENABLED,44,711,1400,N/A,ENABLED,44,711,1400,N/A,ENABLED,44,711,1400,N/A,ENABLED,N/A,52,49
1744564764,0,130,N/A,N/A,N/A,N/A,ENABLED,156,161,2100,DISABLED,DISABLED,152,161,2100,DISABLED,DISABLED,152,161,2100,DISABLED,DISABLED,153,161,2100,DISABLED,DISABLED,153,161,2100,DISABLED,DISABLED,153,161,2100,DISABLED,DISABLED,152,161,2100,DISABLED,DISABLED,153,161,2100,DISABLED,DISABLED,920,900,1500,N/A,DISABLED,29,914,1680,N/A,ENABLED,29,914,1680,N/A,ENABLED,29,914,1680,N/A,ENABLED,29,914,1680,N/A,ENABLED,23,711,1400,N/A,ENABLED,23,711,1400,N/A,ENABLED,23,711,1400,N/A,ENABLED,23,711,1400,N/A,ENABLED,N/A,52,49
1744564765,0,126,N/A,N/A,N/A,N/A,ENABLED,133,500,2100,DISABLED,ENABLED,131,500,2100,DISABLED,ENABLED,131,500,2100,DISABLED,ENABLED,132,500,2100,DISABLED,ENABLED,132,500,2100,DISABLED,ENABLED,132,500,2100,DISABLED,ENABLED,131,500,2100,DISABLED,ENABLED,132,500,2100,DISABLED,ENABLED,900,900,1500,N/A,DISABLED,29,914,1680,N/A,ENABLED,29,914,1680,N/A,ENABLED,29,914,1680,N/A,ENABLED,29,914,1680,N/A,ENABLED,22,711,1400,N/A,ENABLED,22,711,1400,N/A,ENABLED,22,711,1400,N/A,ENABLED,22,711,1400,N/A,ENABLED,N/A,50,48
1744564766,0,125,N/A,N/A,N/A,N/A,ENABLED,132,500,2100,DISABLED,ENABLED,131,500,2100,DISABLED,ENABLED,131,500,2100,DISABLED,ENABLED,132,500,2100,DISABLED,ENABLED,132,500,2100,DISABLED,ENABLED,132,500,2100,DISABLED,ENABLED,131,500,2100,DISABLED,ENABLED,132,500,2100,DISABLED,ENABLED,900,900,1500,N/A,DISABLED,29,914,1680,N/A,ENABLED,29,914,1680,N/A,ENABLED,29,914,1680,N/A,ENABLED,29,914,1680,N/A,ENABLED,22,711,1400,N/A,ENABLED,22,711,1400,N/A,ENABLED,22,711,1400,N/A,ENABLED,22,711,1400,N/A,ENABLED,N/A,49,48
1744564767,0,125,N/A,N/A,N/A,N/A,ENABLED,132,500,2100,DISABLED,ENABLED,131,500,2100,DISABLED,ENABLED,131,500,2100,DISABLED,ENABLED,132,500,2100,DISABLED,ENABLED,132,500,2100,DISABLED,ENABLED,132,500,2100,DISABLED,ENABLED,131,500,2100,DISABLED,ENABLED,132,500,2100,DISABLED,ENABLED,900,900,1500,N/A,DISABLED,29,914,1680,N/A,ENABLED,29,914,1680,N/A,ENABLED,29,914,1680,N/A,ENABLED,29,914,1680,N/A,ENABLED,22,711,1400,N/A,ENABLED,22,711,1400,N/A,ENABLED,22,711,1400,N/A,ENABLED,22,711,1400,N/A,ENABLED,N/A,49,47
1744564769,0,125,N/A,N/A,N/A,N/A,ENABLED,132,500,2100,DISABLED,ENABLED,131,500,2100,DISABLED,ENABLED,131,500,2100,DISABLED,ENABLED,132,500,2100,DISABLED,ENABLED,132,500,2100,DISABLED,ENABLED,132,500,2100,DISABLED,ENABLED,131,500,2100,DISABLED,ENABLED,132,500,2100,DISABLED,ENABLED,900,900,1500,N/A,DISABLED,29,914,1680,N/A,ENABLED,29,914,1680,N/A,ENABLED,29,914,1680,N/A,ENABLED,29,914,1680,N/A,ENABLED,22,711,1400,N/A,ENABLED,22,711,1400,N/A,ENABLED,22,711,1400,N/A,ENABLED,22,711,1400,N/A,ENABLED,N/A,49,47
1744564770,0,125,N/A,N/A,N/A,N/A,ENABLED,132,500,2100,DISABLED,ENABLED,131,500,2100,DISABLED,ENABLED,131,500,2100,DISABLED,ENABLED,132,500,2100,DISABLED,ENABLED,132,500,2100,DISABLED,ENABLED,132,500,2100,DISABLED,ENABLED,131,500,2100,DISABLED,ENABLED,132,500,2100,DISABLED,ENABLED,900,900,1500,N/A,DISABLED,29,914,1680,N/A,ENABLED,29,914,1680,N/A,ENABLED,29,914,1680,N/A,ENABLED,29,914,1680,N/A,ENABLED,22,711,1400,N/A,ENABLED,22,711,1400,N/A,ENABLED,22,711,1400,N/A,ENABLED,22,711,1400,N/A,ENABLED,N/A,48,48
1744564771,0,125,N/A,N/A,N/A,N/A,ENABLED,133,500,2100,DISABLED,ENABLED,132,500,2100,DISABLED,ENABLED,132,500,2100,DISABLED,ENABLED,132,500,2100,DISABLED,ENABLED,132,500,2100,DISABLED,ENABLED,132,500,2100,DISABLED,ENABLED,132,500,2100,DISABLED,ENABLED,133,500,2100,DISABLED,ENABLED,900,900,1500,N/A,DISABLED,29,914,1680,N/A,ENABLED,29,914,1680,N/A,ENABLED,29,914,1680,N/A,ENABLED,29,914,1680,N/A,ENABLED,22,711,1400,N/A,ENABLED,22,711,1400,N/A,ENABLED,22,711,1400,N/A,ENABLED,22,711,1400,N/A,ENABLED,N/A,48,47
1744564772,0,124,N/A,N/A,N/A,N/A,ENABLED,132,500,2100,DISABLED,ENABLED,131,500,2100,DISABLED,ENABLED,131,500,2100,DISABLED,ENABLED,132,500,2100,DISABLED,ENABLED,132,500,2100,DISABLED,ENABLED,132,500,2100,DISABLED,ENABLED,131,500,2100,DISABLED,ENABLED,132,500,2100,DISABLED,ENABLED,900,900,1500,N/A,DISABLED,29,914,1680,N/A,ENABLED,29,914,1680,N/A,ENABLED,29,914,1680,N/A,ENABLED,29,914,1680,N/A,ENABLED,22,711,1400,N/A,ENABLED,22,711,1400,N/A,ENABLED,22,711,1400,N/A,ENABLED,22,711,1400,N/A,ENABLED,N/A,48,47
1744564773,0,125,N/A,N/A,N/A,N/A,ENABLED,132,500,2100,DISABLED,ENABLED,131,500,2100,DISABLED,ENABLED,131,500,2100,DISABLED,ENABLED,132,500,2100,DISABLED,ENABLED,132,500,2100,DISABLED,ENABLED,132,500,2100,DISABLED,ENABLED,131,500,2100,DISABLED,ENABLED,132,500,2100,DISABLED,ENABLED,900,900,1500,N/A,DISABLED,29,914,1680,N/A,ENABLED,29,914,1680,N/A,ENABLED,29,914,1680,N/A,ENABLED,29,914,1680,N/A,ENABLED,22,711,1400,N/A,ENABLED,22,711,1400,N/A,ENABLED,22,711,1400,N/A,ENABLED,22,711,1400,N/A,ENABLED,N/A,48,47
