rocHPCG version: 0.8.6-0c708bb (based on hpcg-3.1)
Using HIP device (0): AMD Instinct MI325X (262128 MB global memory)

Setup Phase took 0.09 sec

Copying GPU assembled data to host for reference computations

Checking assembled data ...

Starting Reference CG Phase ...

REFERENCE Initial Residual = 1.236254e+04
REFERENCE Iteration = 1   Scaled Residual = 1.866018e-01
REFERENCE Iteration = 2   Scaled Residual = 1.025108e-01
REFERENCE Iteration = 3   Scaled Residual = 7.077801e-02
REFERENCE Iteration = 4   Scaled Residual = 5.407830e-02
REFERENCE Iteration = 5   Scaled Residual = 4.373289e-02
REFERENCE Iteration = 6   Scaled Residual = 3.669077e-02
REFERENCE Iteration = 7   Scaled Residual = 3.159634e-02
REFERENCE Iteration = 8   Scaled Residual = 2.775397e-02
REFERENCE Iteration = 9   Scaled Residual = 2.476338e-02
REFERENCE Iteration = 10   Scaled Residual = 2.237134e-02
REFERENCE Iteration = 11   Scaled Residual = 2.040853e-02
REFERENCE Iteration = 12   Scaled Residual = 1.875860e-02
REFERENCE Iteration = 13   Scaled Residual = 1.734127e-02
REFERENCE Iteration = 14   Scaled Residual = 1.610579e-02
REFERENCE Iteration = 15   Scaled Residual = 1.502131e-02
REFERENCE Iteration = 16   Scaled Residual = 1.406764e-02
REFERENCE Iteration = 17   Scaled Residual = 1.323035e-02
REFERENCE Iteration = 18   Scaled Residual = 1.249557e-02
REFERENCE Iteration = 19   Scaled Residual = 1.184757e-02
REFERENCE Iteration = 20   Scaled Residual = 1.127023e-02
REFERENCE Iteration = 21   Scaled Residual = 1.074790e-02
REFERENCE Iteration = 22   Scaled Residual = 1.026752e-02
REFERENCE Iteration = 23   Scaled Residual = 9.822101e-03
REFERENCE Iteration = 24   Scaled Residual = 9.409987e-03
REFERENCE Iteration = 25   Scaled Residual = 9.032481e-03
REFERENCE Iteration = 26   Scaled Residual = 8.692288e-03
REFERENCE Iteration = 27   Scaled Residual = 8.390222e-03
REFERENCE Iteration = 28   Scaled Residual = 8.123405e-03
REFERENCE Iteration = 29   Scaled Residual = 7.885856e-03
REFERENCE Iteration = 30   Scaled Residual = 7.668821e-03
REFERENCE Iteration = 31   Scaled Residual = 7.463411e-03
REFERENCE Iteration = 32   Scaled Residual = 7.264313e-03
REFERENCE Iteration = 33   Scaled Residual = 7.069760e-03
REFERENCE Iteration = 34   Scaled Residual = 6.880330e-03
REFERENCE Iteration = 35   Scaled Residual = 6.696448e-03
REFERENCE Iteration = 36   Scaled Residual = 6.515258e-03
REFERENCE Iteration = 37   Scaled Residual = 6.331422e-03
REFERENCE Iteration = 38   Scaled Residual = 6.140634e-03
REFERENCE Iteration = 39   Scaled Residual = 5.942403e-03
REFERENCE Iteration = 40   Scaled Residual = 5.742123e-03
REFERENCE Iteration = 41   Scaled Residual = 5.549221e-03
REFERENCE Iteration = 42   Scaled Residual = 5.373494e-03
REFERENCE Iteration = 43   Scaled Residual = 5.222258e-03
REFERENCE Iteration = 44   Scaled Residual = 5.095763e-03
REFERENCE Iteration = 45   Scaled Residual = 4.985680e-03
REFERENCE Iteration = 46   Scaled Residual = 4.884171e-03
REFERENCE Iteration = 47   Scaled Residual = 4.787830e-03
REFERENCE Iteration = 48   Scaled Residual = 4.691596e-03
REFERENCE Iteration = 49   Scaled Residual = 4.594670e-03
REFERENCE Iteration = 50   Scaled Residual = 4.498904e-03

Optimization Phase took 0.05 sec

Validation Testing Phase ...

Optimized CG Setup ...

HIP Initial Residual = 1.236254e+04
HIP Iteration = 1   Scaled Residual = 2.186907e-01
HIP Iteration = 2   Scaled Residual = 1.184944e-01
HIP Iteration = 3   Scaled Residual = 8.083555e-02
HIP Iteration = 4   Scaled Residual = 6.126697e-02
HIP Iteration = 5   Scaled Residual = 4.939618e-02
HIP Iteration = 6   Scaled Residual = 4.136786e-02
HIP Iteration = 7   Scaled Residual = 3.560672e-02
HIP Iteration = 8   Scaled Residual = 3.126214e-02
HIP Iteration = 9   Scaled Residual = 2.787074e-02
HIP Iteration = 10   Scaled Residual = 2.514927e-02
HIP Iteration = 11   Scaled Residual = 2.292364e-02
HIP Iteration = 12   Scaled Residual = 2.106888e-02
HIP Iteration = 13   Scaled Residual = 1.950743e-02
HIP Iteration = 14   Scaled Residual = 1.817811e-02
HIP Iteration = 15   Scaled Residual = 1.703748e-02
HIP Iteration = 16   Scaled Residual = 1.605323e-02
HIP Iteration = 17   Scaled Residual = 1.519830e-02
HIP Iteration = 18   Scaled Residual = 1.444880e-02
HIP Iteration = 19   Scaled Residual = 1.378067e-02
HIP Iteration = 20   Scaled Residual = 1.317022e-02
HIP Iteration = 21   Scaled Residual = 1.259632e-02
HIP Iteration = 22   Scaled Residual = 1.204203e-02
HIP Iteration = 23   Scaled Residual = 1.150021e-02
HIP Iteration = 24   Scaled Residual = 1.097268e-02
HIP Iteration = 25   Scaled Residual = 1.046725e-02
HIP Iteration = 26   Scaled Residual = 9.994170e-03
HIP Iteration = 27   Scaled Residual = 9.560097e-03
HIP Iteration = 28   Scaled Residual = 9.166841e-03
HIP Iteration = 29   Scaled Residual = 8.814100e-03
HIP Iteration = 30   Scaled Residual = 8.498217e-03
HIP Iteration = 31   Scaled Residual = 8.215115e-03
HIP Iteration = 32   Scaled Residual = 7.960545e-03
HIP Iteration = 33   Scaled Residual = 7.729389e-03
HIP Iteration = 34   Scaled Residual = 7.516064e-03
HIP Iteration = 35   Scaled Residual = 7.315754e-03
HIP Iteration = 36   Scaled Residual = 7.121849e-03
HIP Iteration = 37   Scaled Residual = 6.929652e-03
HIP Iteration = 38   Scaled Residual = 6.735730e-03
HIP Iteration = 39   Scaled Residual = 6.539296e-03
HIP Iteration = 40   Scaled Residual = 6.341837e-03
HIP Iteration = 41   Scaled Residual = 6.147639e-03
HIP Iteration = 42   Scaled Residual = 5.960115e-03
HIP Iteration = 43   Scaled Residual = 5.784443e-03
HIP Iteration = 44   Scaled Residual = 5.623558e-03
HIP Iteration = 45   Scaled Residual = 5.478439e-03
HIP Iteration = 46   Scaled Residual = 5.346220e-03
HIP Iteration = 47   Scaled Residual = 5.223384e-03
HIP Iteration = 48   Scaled Residual = 5.107119e-03
HIP Iteration = 49   Scaled Residual = 4.999130e-03
HIP Iteration = 50   Scaled Residual = 4.896790e-03
HIP Iteration = 51   Scaled Residual = 4.794874e-03
HIP Iteration = 52   Scaled Residual = 4.691352e-03
HIP Iteration = 53   Scaled Residual = 4.588187e-03
HIP Iteration = 54   Scaled Residual = 4.482104e-03

Total device memory usage: 13446 MByte (262128 MByte)

Starting Benchmarking Phase ...

Performing (at least) 5354 CG sets in 3600.0 seconds ...
CG set 1 / 5354    4778.6991 GFlop/s     (597.3374 GFlop/s per process)    0%    3599.3 sec left
CG set 2 / 5354    4778.4680 GFlop/s     (597.3085 GFlop/s per process)    0%    3598.7 sec left
CG set 3 / 5354    4776.4434 GFlop/s     (597.0554 GFlop/s per process)    0%    3598.0 sec left
CG set 4 / 5354    4777.4454 GFlop/s     (597.1807 GFlop/s per process)    0%    3597.3 sec left
CG set 5 / 5354    4776.8666 GFlop/s     (597.1083 GFlop/s per process)    0%    3596.6 sec left
CG set 6 / 5354    4775.5166 GFlop/s     (596.9396 GFlop/s per process)    0%    3596.0 sec left
CG set 7 / 5354    4773.6027 GFlop/s     (596.7003 GFlop/s per process)    0%    3595.3 sec left
CG set 8 / 5354    4772.8389 GFlop/s     (596.6049 GFlop/s per process)    0%    3594.6 sec left
CG set 9 / 5354    4770.7127 GFlop/s     (596.3391 GFlop/s per process)    0%    3593.9 sec left
CG set 10 / 5354    4769.9598 GFlop/s     (596.2450 GFlop/s per process)    0%    3593.3 sec left
CG set 11 / 5354    4768.8268 GFlop/s     (596.1034 GFlop/s per process)    0%    3592.6 sec left
CG set 12 / 5354    4767.9583 GFlop/s     (595.9948 GFlop/s per process)    0%    3591.9 sec left
CG set 13 / 5354    4766.9892 GFlop/s     (595.8736 GFlop/s per process)    0%    3591.2 sec left
CG set 14 / 5354    4765.9610 GFlop/s     (595.7451 GFlop/s per process)    0%    3590.6 sec left
CG set 15 / 5354    4764.5179 GFlop/s     (595.5647 GFlop/s per process)    0%    3589.9 sec left
CG set 16 / 5354    4763.8981 GFlop/s     (595.4873 GFlop/s per process)    0%    3589.2 sec left
CG set 17 / 5354    4763.0557 GFlop/s     (595.3820 GFlop/s per process)    0%    3588.5 sec left
CG set 18 / 5354    4762.4878 GFlop/s     (595.3110 GFlop/s per process)    0%    3587.9 sec left
CG set 19 / 5354    4761.6714 GFlop/s     (595.2089 GFlop/s per process)    0%    3587.2 sec left
CG set 20 / 5354    4760.9132 GFlop/s     (595.1142 GFlop/s per process)    0%    3586.5 sec left
CG set 21 / 5354    4759.8265 GFlop/s     (594.9783 GFlop/s per process)    0%    3585.8 sec left
CG set 22 / 5354    4758.8621 GFlop/s     (594.8578 GFlop/s per process)    0%    3585.1 sec left
CG set 23 / 5354    4757.8934 GFlop/s     (594.7367 GFlop/s per process)    0%    3584.5 sec left
CG set 24 / 5354    4757.0304 GFlop/s     (594.6288 GFlop/s per process)    0%    3583.8 sec left
CG set 25 / 5354    4756.4551 GFlop/s     (594.5569 GFlop/s per process)    0%    3583.1 sec left
CG set 26 / 5354    4755.0930 GFlop/s     (594.3866 GFlop/s per process)    0%    3582.4 sec left
CG set 27 / 5354    4754.2930 GFlop/s     (594.2866 GFlop/s per process)    0%    3581.7 sec left
CG set 28 / 5354    4753.4564 GFlop/s     (594.1821 GFlop/s per process)    0%    3581.1 sec left
CG set 29 / 5354    4752.3068 GFlop/s     (594.0384 GFlop/s per process)    0%    3580.4 sec left
CG set 30 / 5354    4751.5846 GFlop/s     (593.9481 GFlop/s per process)    0%    3579.7 sec left
CG set 31 / 5354    4750.4487 GFlop/s     (593.8061 GFlop/s per process)    0%    3579.0 sec left
CG set 32 / 5354    4749.3520 GFlop/s     (593.6690 GFlop/s per process)    0%    3578.3 sec left
CG set 33 / 5354    4748.3494 GFlop/s     (593.5437 GFlop/s per process)    0%    3577.7 sec left
CG set 34 / 5354    4747.1829 GFlop/s     (593.3979 GFlop/s per process)    0%    3577.0 sec left
CG set 35 / 5354    4746.1587 GFlop/s     (593.2698 GFlop/s per process)    0%    3576.3 sec left
CG set 36 / 5354    4745.5299 GFlop/s     (593.1912 GFlop/s per process)    0%    3575.6 sec left
CG set 37 / 5354    4744.7654 GFlop/s     (593.0957 GFlop/s per process)    0%    3574.9 sec left
CG set 38 / 5354    4743.7095 GFlop/s     (592.9637 GFlop/s per process)    0%    3574.3 sec left
CG set 39 / 5354    4742.7500 GFlop/s     (592.8437 GFlop/s per process)    0%    3573.6 sec left
CG set 40 / 5354    4742.0514 GFlop/s     (592.7564 GFlop/s per process)    0%    3572.9 sec left
CG set 41 / 5354    4741.3674 GFlop/s     (592.6709 GFlop/s per process)    0%    3572.2 sec left
CG set 42 / 5354    4740.6164 GFlop/s     (592.5771 GFlop/s per process)    0%    3571.5 sec left
CG set 43 / 5354    4739.7789 GFlop/s     (592.4724 GFlop/s per process)    0%    3570.8 sec left
CG set 44 / 5354    4738.9054 GFlop/s     (592.3632 GFlop/s per process)    0%    3570.2 sec left
CG set 45 / 5354    4738.1510 GFlop/s     (592.2689 GFlop/s per process)    0%    3569.5 sec left
CG set 46 / 5354    4737.3650 GFlop/s     (592.1706 GFlop/s per process)    0%    3568.8 sec left
CG set 47 / 5354    4736.6584 GFlop/s     (592.0823 GFlop/s per process)    0%    3568.1 sec left
CG set 48 / 5354    4735.8332 GFlop/s     (591.9791 GFlop/s per process)    0%    3567.4 sec left
CG set 49 / 5354    4735.1647 GFlop/s     (591.8956 GFlop/s per process)    0%    3566.7 sec left
CG set 50 / 5354    4734.4427 GFlop/s     (591.8053 GFlop/s per process)    0%    3566.1 sec left
CG set 51 / 5354    4733.6713 GFlop/s     (591.7089 GFlop/s per process)    0%    3565.4 sec left
CG set 52 / 5354    4732.9877 GFlop/s     (591.6235 GFlop/s per process)    0%    3564.7 sec left
CG set 53 / 5354    4732.2690 GFlop/s     (591.5336 GFlop/s per process)    0%    3564.0 sec left
CG set 54 / 5354    4731.6300 GFlop/s     (591.4537 GFlop/s per process)    1%    3563.3 sec left
CG set 55 / 5354    4731.0733 GFlop/s     (591.3842 GFlop/s per process)    1%    3562.6 sec left
CG set 56 / 5354    4730.5398 GFlop/s     (591.3175 GFlop/s per process)    1%    3561.9 sec left
CG set 57 / 5354    4729.8584 GFlop/s     (591.2323 GFlop/s per process)    1%    3561.3 sec left
CG set 58 / 5354    4729.3479 GFlop/s     (591.1685 GFlop/s per process)    1%    3560.6 sec left
CG set 59 / 5354    4728.7734 GFlop/s     (591.0967 GFlop/s per process)    1%    3559.9 sec left
CG set 60 / 5354    4728.1583 GFlop/s     (591.0198 GFlop/s per process)    1%    3559.2 sec left
CG set 61 / 5354    4727.6203 GFlop/s     (590.9525 GFlop/s per process)    1%    3558.5 sec left
CG set 62 / 5354    4727.1691 GFlop/s     (590.8961 GFlop/s per process)    1%    3557.8 sec left
CG set 63 / 5354    4726.7061 GFlop/s     (590.8383 GFlop/s per process)    1%    3557.2 sec left
CG set 64 / 5354    4726.2227 GFlop/s     (590.7778 GFlop/s per process)    1%    3556.5 sec left
CG set 65 / 5354    4725.7772 GFlop/s     (590.7221 GFlop/s per process)    1%    3555.8 sec left
CG set 66 / 5354    4725.3139 GFlop/s     (590.6642 GFlop/s per process)    1%    3555.1 sec left
CG set 67 / 5354    4724.8370 GFlop/s     (590.6046 GFlop/s per process)    1%    3554.4 sec left
CG set 68 / 5354    4724.3839 GFlop/s     (590.5480 GFlop/s per process)    1%    3553.7 sec left
CG set 69 / 5354    4723.8639 GFlop/s     (590.4830 GFlop/s per process)    1%    3553.0 sec left
CG set 70 / 5354    4723.4826 GFlop/s     (590.4353 GFlop/s per process)    1%    3552.4 sec left
CG set 71 / 5354    4723.1433 GFlop/s     (590.3929 GFlop/s per process)    1%    3551.7 sec left
CG set 72 / 5354    4722.8500 GFlop/s     (590.3562 GFlop/s per process)    1%    3551.0 sec left
CG set 73 / 5354    4722.4201 GFlop/s     (590.3025 GFlop/s per process)    1%    3550.3 sec left
CG set 74 / 5354    4722.2101 GFlop/s     (590.2763 GFlop/s per process)    1%    3549.6 sec left
CG set 75 / 5354    4721.9991 GFlop/s     (590.2499 GFlop/s per process)    1%    3548.9 sec left
CG set 76 / 5354    4721.4719 GFlop/s     (590.1840 GFlop/s per process)    1%    3548.3 sec left
CG set 77 / 5354    4721.1920 GFlop/s     (590.1490 GFlop/s per process)    1%    3547.6 sec left
CG set 78 / 5354    4720.8802 GFlop/s     (590.1100 GFlop/s per process)    1%    3546.9 sec left
CG set 79 / 5354    4720.6092 GFlop/s     (590.0762 GFlop/s per process)    1%    3546.2 sec left
CG set 80 / 5354    4720.3841 GFlop/s     (590.0480 GFlop/s per process)    1%    3545.5 sec left
CG set 81 / 5354    4720.0563 GFlop/s     (590.0070 GFlop/s per process)    1%    3544.8 sec left
CG set 82 / 5354    4719.7924 GFlop/s     (589.9741 GFlop/s per process)    1%    3544.2 sec left
CG set 83 / 5354    4719.5483 GFlop/s     (589.9435 GFlop/s per process)    1%    3543.5 sec left
CG set 84 / 5354    4719.3578 GFlop/s     (589.9197 GFlop/s per process)    1%    3542.8 sec left
CG set 85 / 5354    4719.1872 GFlop/s     (589.8984 GFlop/s per process)    1%    3542.1 sec left
CG set 86 / 5354    4719.0655 GFlop/s     (589.8832 GFlop/s per process)    1%    3541.4 sec left
CG set 87 / 5354    4718.8953 GFlop/s     (589.8619 GFlop/s per process)    1%    3540.7 sec left
CG set 88 / 5354    4718.7051 GFlop/s     (589.8381 GFlop/s per process)    1%    3540.1 sec left
CG set 89 / 5354    4718.4952 GFlop/s     (589.8119 GFlop/s per process)    1%    3539.4 sec left
CG set 90 / 5354    4718.2862 GFlop/s     (589.7858 GFlop/s per process)    1%    3538.7 sec left
CG set 91 / 5354    4718.1138 GFlop/s     (589.7642 GFlop/s per process)    1%    3538.0 sec left
CG set 92 / 5354    4718.0182 GFlop/s     (589.7523 GFlop/s per process)    1%    3537.3 sec left
CG set 93 / 5354    4717.9352 GFlop/s     (589.7419 GFlop/s per process)    1%    3536.6 sec left
CG set 94 / 5354    4717.8621 GFlop/s     (589.7328 GFlop/s per process)    1%    3536.0 sec left
CG set 95 / 5354    4717.7357 GFlop/s     (589.7170 GFlop/s per process)    1%    3535.3 sec left
CG set 96 / 5354    4717.6368 GFlop/s     (589.7046 GFlop/s per process)    1%    3534.6 sec left
CG set 97 / 5354    4717.6257 GFlop/s     (589.7032 GFlop/s per process)    1%    3533.9 sec left
CG set 98 / 5354    4717.4902 GFlop/s     (589.6863 GFlop/s per process)    1%    3533.2 sec left
CG set 99 / 5354    4717.4375 GFlop/s     (589.6797 GFlop/s per process)    1%    3532.5 sec left
CG set 100 / 5354    4717.3818 GFlop/s     (589.6727 GFlop/s per process)    1%    3531.9 sec left
CG set 101 / 5354    4717.2738 GFlop/s     (589.6592 GFlop/s per process)    1%    3531.2 sec left
CG set 102 / 5354    4717.2222 GFlop/s     (589.6528 GFlop/s per process)    1%    3530.5 sec left
CG set 103 / 5354    4717.1695 GFlop/s     (589.6462 GFlop/s per process)    1%    3529.8 sec left
CG set 104 / 5354    4717.0689 GFlop/s     (589.6336 GFlop/s per process)    1%    3529.1 sec left
CG set 105 / 5354    4717.0473 GFlop/s     (589.6309 GFlop/s per process)    1%    3528.4 sec left
CG set 106 / 5354    4716.9108 GFlop/s     (589.6139 GFlop/s per process)    1%    3527.8 sec left
CG set 107 / 5354    4716.8802 GFlop/s     (589.6100 GFlop/s per process)    1%    3527.1 sec left
CG set 108 / 5354    4716.8571 GFlop/s     (589.6071 GFlop/s per process)    2%    3526.4 sec left
CG set 109 / 5354    4716.7896 GFlop/s     (589.5987 GFlop/s per process)    2%    3525.7 sec left
CG set 110 / 5354    4716.7345 GFlop/s     (589.5918 GFlop/s per process)    2%    3525.0 sec left
CG set 111 / 5354    4716.6835 GFlop/s     (589.5854 GFlop/s per process)    2%    3524.4 sec left
CG set 112 / 5354    4716.6324 GFlop/s     (589.5791 GFlop/s per process)    2%    3523.7 sec left
CG set 113 / 5354    4716.6218 GFlop/s     (589.5777 GFlop/s per process)    2%    3523.0 sec left
CG set 114 / 5354    4716.5943 GFlop/s     (589.5743 GFlop/s per process)    2%    3522.3 sec left
CG set 115 / 5354    4716.5986 GFlop/s     (589.5748 GFlop/s per process)    2%    3521.6 sec left
CG set 116 / 5354    4716.5294 GFlop/s     (589.5662 GFlop/s per process)    2%    3520.9 sec left
CG set 117 / 5354    4716.4631 GFlop/s     (589.5579 GFlop/s per process)    2%    3520.3 sec left
CG set 118 / 5354    4716.4049 GFlop/s     (589.5506 GFlop/s per process)    2%    3519.6 sec left
CG set 119 / 5354    4716.4551 GFlop/s     (589.5569 GFlop/s per process)    2%    3518.9 sec left
CG set 120 / 5354    4716.3970 GFlop/s     (589.5496 GFlop/s per process)    2%    3518.2 sec left
CG set 121 / 5354    4716.2661 GFlop/s     (589.5333 GFlop/s per process)    2%    3517.5 sec left
CG set 122 / 5354    4716.2602 GFlop/s     (589.5325 GFlop/s per process)    2%    3516.8 sec left
CG set 123 / 5354    4716.2053 GFlop/s     (589.5257 GFlop/s per process)    2%    3516.2 sec left
CG set 124 / 5354    4716.1978 GFlop/s     (589.5247 GFlop/s per process)    2%    3515.5 sec left
CG set 125 / 5354    4716.1985 GFlop/s     (589.5248 GFlop/s per process)    2%    3514.8 sec left
CG set 126 / 5354    4716.1846 GFlop/s     (589.5231 GFlop/s per process)    2%    3514.1 sec left
CG set 127 / 5354    4716.1238 GFlop/s     (589.5155 GFlop/s per process)    2%    3513.4 sec left
CG set 128 / 5354    4716.0580 GFlop/s     (589.5072 GFlop/s per process)    2%    3512.8 sec left
CG set 129 / 5354    4716.0187 GFlop/s     (589.5023 GFlop/s per process)    2%    3512.1 sec left
CG set 130 / 5354    4716.0144 GFlop/s     (589.5018 GFlop/s per process)    2%    3511.4 sec left
CG set 131 / 5354    4715.9591 GFlop/s     (589.4949 GFlop/s per process)    2%    3510.7 sec left
CG set 132 / 5354    4715.9047 GFlop/s     (589.4881 GFlop/s per process)    2%    3510.0 sec left
CG set 133 / 5354    4715.9472 GFlop/s     (589.4934 GFlop/s per process)    2%    3509.3 sec left
CG set 134 / 5354    4715.8900 GFlop/s     (589.4863 GFlop/s per process)    2%    3508.7 sec left
CG set 135 / 5354    4715.8415 GFlop/s     (589.4802 GFlop/s per process)    2%    3508.0 sec left
CG set 136 / 5354    4715.8149 GFlop/s     (589.4769 GFlop/s per process)    2%    3507.3 sec left
CG set 137 / 5354    4715.7372 GFlop/s     (589.4672 GFlop/s per process)    2%    3506.6 sec left
CG set 138 / 5354    4715.7673 GFlop/s     (589.4709 GFlop/s per process)    2%    3505.9 sec left
CG set 139 / 5354    4715.7540 GFlop/s     (589.4693 GFlop/s per process)    2%    3505.3 sec left
CG set 140 / 5354    4715.7367 GFlop/s     (589.4671 GFlop/s per process)    2%    3504.6 sec left
CG set 141 / 5354    4715.7530 GFlop/s     (589.4691 GFlop/s per process)    2%    3503.9 sec left
CG set 142 / 5354    4715.7192 GFlop/s     (589.4649 GFlop/s per process)    2%    3503.2 sec left
CG set 143 / 5354    4715.6962 GFlop/s     (589.4620 GFlop/s per process)    2%    3502.5 sec left
CG set 144 / 5354    4715.6691 GFlop/s     (589.4586 GFlop/s per process)    2%    3501.8 sec left
CG set 145 / 5354    4715.6740 GFlop/s     (589.4593 GFlop/s per process)    2%    3501.2 sec left
CG set 146 / 5354    4715.6417 GFlop/s     (589.4552 GFlop/s per process)    2%    3500.5 sec left
CG set 147 / 5354    4715.6572 GFlop/s     (589.4571 GFlop/s per process)    2%    3499.8 sec left
CG set 148 / 5354    4715.6082 GFlop/s     (589.4510 GFlop/s per process)    2%    3499.1 sec left
CG set 149 / 5354    4715.5733 GFlop/s     (589.4467 GFlop/s per process)    2%    3498.4 sec left
CG set 150 / 5354    4715.5527 GFlop/s     (589.4441 GFlop/s per process)    2%    3497.7 sec left
CG set 151 / 5354    4715.5205 GFlop/s     (589.4401 GFlop/s per process)    2%    3497.1 sec left
CG set 152 / 5354    4715.5271 GFlop/s     (589.4409 GFlop/s per process)    2%    3496.4 sec left
CG set 153 / 5354    4715.4945 GFlop/s     (589.4368 GFlop/s per process)    2%    3495.7 sec left
CG set 154 / 5354    4715.4944 GFlop/s     (589.4368 GFlop/s per process)    2%    3495.0 sec left
CG set 155 / 5354    4715.4286 GFlop/s     (589.4286 GFlop/s per process)    2%    3494.3 sec left
CG set 156 / 5354    4715.4394 GFlop/s     (589.4299 GFlop/s per process)    2%    3493.7 sec left
CG set 157 / 5354    4715.3886 GFlop/s     (589.4236 GFlop/s per process)    2%    3493.0 sec left
CG set 158 / 5354    4715.3575 GFlop/s     (589.4197 GFlop/s per process)    2%    3492.3 sec left
CG set 159 / 5354    4715.3054 GFlop/s     (589.4132 GFlop/s per process)    2%    3491.6 sec left
CG set 160 / 5354    4715.2533 GFlop/s     (589.4067 GFlop/s per process)    2%    3490.9 sec left
CG set 161 / 5354    4715.2690 GFlop/s     (589.4086 GFlop/s per process)    3%    3490.2 sec left
CG set 162 / 5354    4715.2308 GFlop/s     (589.4038 GFlop/s per process)    3%    3489.6 sec left
CG set 163 / 5354    4715.1960 GFlop/s     (589.3995 GFlop/s per process)    3%    3488.9 sec left
CG set 164 / 5354    4715.2104 GFlop/s     (589.4013 GFlop/s per process)    3%    3488.2 sec left
CG set 165 / 5354    4715.2079 GFlop/s     (589.4010 GFlop/s per process)    3%    3487.5 sec left
CG set 166 / 5354    4715.1892 GFlop/s     (589.3987 GFlop/s per process)    3%    3486.8 sec left
CG set 167 / 5354    4715.1707 GFlop/s     (589.3963 GFlop/s per process)    3%    3486.2 sec left
CG set 168 / 5354    4715.1117 GFlop/s     (589.3890 GFlop/s per process)    3%    3485.5 sec left
CG set 169 / 5354    4715.0960 GFlop/s     (589.3870 GFlop/s per process)    3%    3484.8 sec left
CG set 170 / 5354    4715.0387 GFlop/s     (589.3798 GFlop/s per process)    3%    3484.1 sec left
CG set 171 / 5354    4715.0063 GFlop/s     (589.3758 GFlop/s per process)    3%    3483.4 sec left
CG set 172 / 5354    4715.0043 GFlop/s     (589.3755 GFlop/s per process)    3%    3482.7 sec left
CG set 173 / 5354    4714.9498 GFlop/s     (589.3687 GFlop/s per process)    3%    3482.1 sec left
CG set 174 / 5354    4714.9764 GFlop/s     (589.3720 GFlop/s per process)    3%    3481.4 sec left
CG set 175 / 5354    4714.9649 GFlop/s     (589.3706 GFlop/s per process)    3%    3480.7 sec left
CG set 176 / 5354    4714.9291 GFlop/s     (589.3661 GFlop/s per process)    3%    3480.0 sec left
CG set 177 / 5354    4714.9390 GFlop/s     (589.3674 GFlop/s per process)    3%    3479.3 sec left
CG set 178 / 5354    4714.8998 GFlop/s     (589.3625 GFlop/s per process)    3%    3478.6 sec left
CG set 179 / 5354    4714.8618 GFlop/s     (589.3577 GFlop/s per process)    3%    3478.0 sec left
CG set 180 / 5354    4714.8371 GFlop/s     (589.3546 GFlop/s per process)    3%    3477.3 sec left
CG set 181 / 5354    4714.7721 GFlop/s     (589.3465 GFlop/s per process)    3%    3476.6 sec left
CG set 182 / 5354    4714.7404 GFlop/s     (589.3425 GFlop/s per process)    3%    3475.9 sec left
CG set 183 / 5354    4714.6987 GFlop/s     (589.3373 GFlop/s per process)    3%    3475.2 sec left
CG set 184 / 5354    4714.6548 GFlop/s     (589.3318 GFlop/s per process)    3%    3474.5 sec left
CG set 185 / 5354    4714.6241 GFlop/s     (589.3280 GFlop/s per process)    3%    3473.9 sec left
CG set 186 / 5354    4714.5807 GFlop/s     (589.3226 GFlop/s per process)    3%    3473.2 sec left
CG set 187 / 5354    4714.5601 GFlop/s     (589.3200 GFlop/s per process)    3%    3472.5 sec left
CG set 188 / 5354    4714.5424 GFlop/s     (589.3178 GFlop/s per process)    3%    3471.8 sec left
CG set 189 / 5354    4714.4654 GFlop/s     (589.3082 GFlop/s per process)    3%    3471.1 sec left
CG set 190 / 5354    4714.4407 GFlop/s     (589.3051 GFlop/s per process)    3%    3470.4 sec left
CG set 191 / 5354    4714.3531 GFlop/s     (589.2941 GFlop/s per process)    3%    3469.8 sec left
CG set 192 / 5354    4714.3444 GFlop/s     (589.2930 GFlop/s per process)    3%    3469.1 sec left
CG set 193 / 5354    4714.3323 GFlop/s     (589.2915 GFlop/s per process)    3%    3468.4 sec left
CG set 194 / 5354    4714.2708 GFlop/s     (589.2839 GFlop/s per process)    3%    3467.7 sec left
CG set 195 / 5354    4714.2343 GFlop/s     (589.2793 GFlop/s per process)    3%    3467.0 sec left
CG set 196 / 5354    4714.1815 GFlop/s     (589.2727 GFlop/s per process)    3%    3466.4 sec left
CG set 197 / 5354    4714.1814 GFlop/s     (589.2727 GFlop/s per process)    3%    3465.7 sec left
CG set 198 / 5354    4714.1754 GFlop/s     (589.2719 GFlop/s per process)    3%    3465.0 sec left
CG set 199 / 5354    4714.1546 GFlop/s     (589.2693 GFlop/s per process)    3%    3464.3 sec left
CG set 200 / 5354    4714.1363 GFlop/s     (589.2670 GFlop/s per process)    3%    3463.6 sec left
CG set 201 / 5354    4714.0730 GFlop/s     (589.2591 GFlop/s per process)    3%    3462.9 sec left
CG set 202 / 5354    4714.0550 GFlop/s     (589.2569 GFlop/s per process)    3%    3462.3 sec left
CG set 203 / 5354    4714.0373 GFlop/s     (589.2547 GFlop/s per process)    3%    3461.6 sec left
CG set 204 / 5354    4713.9952 GFlop/s     (589.2494 GFlop/s per process)    3%    3460.9 sec left
CG set 205 / 5354    4713.9974 GFlop/s     (589.2497 GFlop/s per process)    3%    3460.2 sec left
CG set 206 / 5354    4713.9925 GFlop/s     (589.2491 GFlop/s per process)    3%    3459.5 sec left
CG set 207 / 5354    4713.9787 GFlop/s     (589.2473 GFlop/s per process)    3%    3458.8 sec left
CG set 208 / 5354    4713.9970 GFlop/s     (589.2496 GFlop/s per process)    3%    3458.2 sec left
CG set 209 / 5354    4713.9252 GFlop/s     (589.2407 GFlop/s per process)    3%    3457.5 sec left
CG set 210 / 5354    4713.8948 GFlop/s     (589.2369 GFlop/s per process)    3%    3456.8 sec left
CG set 211 / 5354    4713.8862 GFlop/s     (589.2358 GFlop/s per process)    3%    3456.1 sec left
CG set 212 / 5354    4713.8421 GFlop/s     (589.2303 GFlop/s per process)    3%    3455.4 sec left
CG set 213 / 5354    4713.8256 GFlop/s     (589.2282 GFlop/s per process)    3%    3454.7 sec left
CG set 214 / 5354    4713.7927 GFlop/s     (589.2241 GFlop/s per process)    3%    3454.1 sec left
CG set 215 / 5354    4713.7833 GFlop/s     (589.2229 GFlop/s per process)    4%    3453.4 sec left
CG set 216 / 5354    4713.7930 GFlop/s     (589.2241 GFlop/s per process)    4%    3452.7 sec left
CG set 217 / 5354    4713.7617 GFlop/s     (589.2202 GFlop/s per process)    4%    3452.0 sec left
CG set 218 / 5354    4713.7466 GFlop/s     (589.2183 GFlop/s per process)    4%    3451.3 sec left
CG set 219 / 5354    4713.7208 GFlop/s     (589.2151 GFlop/s per process)    4%    3450.7 sec left
CG set 220 / 5354    4713.7264 GFlop/s     (589.2158 GFlop/s per process)    4%    3450.0 sec left
CG set 221 / 5354    4713.7034 GFlop/s     (589.2129 GFlop/s per process)    4%    3449.3 sec left
CG set 222 / 5354    4713.6980 GFlop/s     (589.2123 GFlop/s per process)    4%    3448.6 sec left
CG set 223 / 5354    4713.6669 GFlop/s     (589.2084 GFlop/s per process)    4%    3447.9 sec left
CG set 224 / 5354    4713.6384 GFlop/s     (589.2048 GFlop/s per process)    4%    3447.2 sec left
CG set 225 / 5354    4713.6049 GFlop/s     (589.2006 GFlop/s per process)    4%    3446.6 sec left
CG set 226 / 5354    4713.5988 GFlop/s     (589.1999 GFlop/s per process)    4%    3445.9 sec left
CG set 227 / 5354    4713.5914 GFlop/s     (589.1989 GFlop/s per process)    4%    3445.2 sec left
CG set 228 / 5354    4713.6095 GFlop/s     (589.2012 GFlop/s per process)    4%    3444.5 sec left
CG set 229 / 5354    4713.5794 GFlop/s     (589.1974 GFlop/s per process)    4%    3443.8 sec left
CG set 230 / 5354    4713.5633 GFlop/s     (589.1954 GFlop/s per process)    4%    3443.1 sec left
CG set 231 / 5354    4713.5642 GFlop/s     (589.1955 GFlop/s per process)    4%    3442.5 sec left
CG set 232 / 5354    4713.5275 GFlop/s     (589.1909 GFlop/s per process)    4%    3441.8 sec left
CG set 233 / 5354    4713.4961 GFlop/s     (589.1870 GFlop/s per process)    4%    3441.1 sec left
CG set 234 / 5354    4713.4718 GFlop/s     (589.1840 GFlop/s per process)    4%    3440.4 sec left
CG set 235 / 5354    4713.4356 GFlop/s     (589.1795 GFlop/s per process)    4%    3439.7 sec left
CG set 236 / 5354    4713.4262 GFlop/s     (589.1783 GFlop/s per process)    4%    3439.0 sec left
CG set 237 / 5354    4713.3929 GFlop/s     (589.1741 GFlop/s per process)    4%    3438.4 sec left
CG set 238 / 5354    4713.3614 GFlop/s     (589.1702 GFlop/s per process)    4%    3437.7 sec left
CG set 239 / 5354    4713.3191 GFlop/s     (589.1649 GFlop/s per process)    4%    3437.0 sec left
CG set 240 / 5354    4713.3076 GFlop/s     (589.1635 GFlop/s per process)    4%    3436.3 sec left
CG set 241 / 5354    4713.2734 GFlop/s     (589.1592 GFlop/s per process)    4%    3435.6 sec left
CG set 242 / 5354    4713.2296 GFlop/s     (589.1537 GFlop/s per process)    4%    3435.0 sec left
CG set 243 / 5354    4713.2147 GFlop/s     (589.1518 GFlop/s per process)    4%    3434.3 sec left
CG set 244 / 5354    4713.1852 GFlop/s     (589.1481 GFlop/s per process)    4%    3433.6 sec left
CG set 245 / 5354    4713.1437 GFlop/s     (589.1430 GFlop/s per process)    4%    3432.9 sec left
CG set 246 / 5354    4713.1137 GFlop/s     (589.1392 GFlop/s per process)    4%    3432.2 sec left
CG set 247 / 5354    4713.1114 GFlop/s     (589.1389 GFlop/s per process)    4%    3431.5 sec left
CG set 248 / 5354    4713.1142 GFlop/s     (589.1393 GFlop/s per process)    4%    3430.9 sec left
CG set 249 / 5354    4713.0609 GFlop/s     (589.1326 GFlop/s per process)    4%    3430.2 sec left
CG set 250 / 5354    4713.0286 GFlop/s     (589.1286 GFlop/s per process)    4%    3429.5 sec left
CG set 251 / 5354    4713.0064 GFlop/s     (589.1258 GFlop/s per process)    4%    3428.8 sec left
CG set 252 / 5354    4713.0074 GFlop/s     (589.1259 GFlop/s per process)    4%    3428.1 sec left
CG set 253 / 5354    4712.9886 GFlop/s     (589.1236 GFlop/s per process)    4%    3427.4 sec left
CG set 254 / 5354    4712.9546 GFlop/s     (589.1193 GFlop/s per process)    4%    3426.8 sec left
CG set 255 / 5354    4712.9378 GFlop/s     (589.1172 GFlop/s per process)    4%    3426.1 sec left
CG set 256 / 5354    4712.9246 GFlop/s     (589.1156 GFlop/s per process)    4%    3425.4 sec left
CG set 257 / 5354    4712.8926 GFlop/s     (589.1116 GFlop/s per process)    4%    3424.7 sec left
CG set 258 / 5354    4712.8710 GFlop/s     (589.1089 GFlop/s per process)    4%    3424.0 sec left
CG set 259 / 5354    4712.8661 GFlop/s     (589.1083 GFlop/s per process)    4%    3423.3 sec left
CG set 260 / 5354    4712.8583 GFlop/s     (589.1073 GFlop/s per process)    4%    3422.7 sec left
CG set 261 / 5354    4712.8216 GFlop/s     (589.1027 GFlop/s per process)    4%    3422.0 sec left
CG set 262 / 5354    4712.7968 GFlop/s     (589.0996 GFlop/s per process)    4%    3421.3 sec left
CG set 263 / 5354    4712.7769 GFlop/s     (589.0971 GFlop/s per process)    4%    3420.6 sec left
CG set 264 / 5354    4712.7619 GFlop/s     (589.0952 GFlop/s per process)    4%    3419.9 sec left
CG set 265 / 5354    4712.7311 GFlop/s     (589.0914 GFlop/s per process)    4%    3419.2 sec left
CG set 266 / 5354    4712.6888 GFlop/s     (589.0861 GFlop/s per process)    4%    3418.6 sec left
CG set 267 / 5354    4712.6690 GFlop/s     (589.0836 GFlop/s per process)    4%    3417.9 sec left
CG set 268 / 5354    4712.6432 GFlop/s     (589.0804 GFlop/s per process)    5%    3417.2 sec left
CG set 269 / 5354    4712.6318 GFlop/s     (589.0790 GFlop/s per process)    5%    3416.5 sec left
CG set 270 / 5354    4712.6029 GFlop/s     (589.0754 GFlop/s per process)    5%    3415.8 sec left
CG set 271 / 5354    4712.6073 GFlop/s     (589.0759 GFlop/s per process)    5%    3415.1 sec left
CG set 272 / 5354    4712.5860 GFlop/s     (589.0733 GFlop/s per process)    5%    3414.5 sec left
CG set 273 / 5354    4712.5951 GFlop/s     (589.0744 GFlop/s per process)    5%    3413.8 sec left
CG set 274 / 5354    4712.5726 GFlop/s     (589.0716 GFlop/s per process)    5%    3413.1 sec left
CG set 275 / 5354    4712.5753 GFlop/s     (589.0719 GFlop/s per process)    5%    3412.4 sec left
CG set 276 / 5354    4712.5870 GFlop/s     (589.0734 GFlop/s per process)    5%    3411.7 sec left
CG set 277 / 5354    4712.5845 GFlop/s     (589.0731 GFlop/s per process)    5%    3411.1 sec left
CG set 278 / 5354    4712.5978 GFlop/s     (589.0747 GFlop/s per process)    5%    3410.4 sec left
CG set 279 / 5354    4712.6053 GFlop/s     (589.0757 GFlop/s per process)    5%    3409.7 sec left
CG set 280 / 5354    4712.5868 GFlop/s     (589.0733 GFlop/s per process)    5%    3409.0 sec left
CG set 281 / 5354    4712.5961 GFlop/s     (589.0745 GFlop/s per process)    5%    3408.3 sec left
CG set 282 / 5354    4712.5722 GFlop/s     (589.0715 GFlop/s per process)    5%    3407.6 sec left
CG set 283 / 5354    4712.5957 GFlop/s     (589.0745 GFlop/s per process)    5%    3407.0 sec left
CG set 284 / 5354    4712.6030 GFlop/s     (589.0754 GFlop/s per process)    5%    3406.3 sec left
CG set 285 / 5354    4712.5991 GFlop/s     (589.0749 GFlop/s per process)    5%    3405.6 sec left
CG set 286 / 5354    4712.5983 GFlop/s     (589.0748 GFlop/s per process)    5%    3404.9 sec left
CG set 287 / 5354    4712.6336 GFlop/s     (589.0792 GFlop/s per process)    5%    3404.2 sec left
CG set 288 / 5354    4712.6384 GFlop/s     (589.0798 GFlop/s per process)    5%    3403.6 sec left
CG set 289 / 5354    4712.6308 GFlop/s     (589.0788 GFlop/s per process)    5%    3402.9 sec left
CG set 290 / 5354    4712.6492 GFlop/s     (589.0812 GFlop/s per process)    5%    3402.2 sec left
CG set 291 / 5354    4712.6611 GFlop/s     (589.0826 GFlop/s per process)    5%    3401.5 sec left
CG set 292 / 5354    4712.6562 GFlop/s     (589.0820 GFlop/s per process)    5%    3400.8 sec left
CG set 293 / 5354    4712.6393 GFlop/s     (589.0799 GFlop/s per process)    5%    3400.1 sec left
CG set 294 / 5354    4712.6270 GFlop/s     (589.0784 GFlop/s per process)    5%    3399.5 sec left
CG set 295 / 5354    4712.6081 GFlop/s     (589.0760 GFlop/s per process)    5%    3398.8 sec left
CG set 296 / 5354    4712.6133 GFlop/s     (589.0767 GFlop/s per process)    5%    3398.1 sec left
CG set 297 / 5354    4712.6034 GFlop/s     (589.0754 GFlop/s per process)    5%    3397.4 sec left
CG set 298 / 5354    4712.6094 GFlop/s     (589.0762 GFlop/s per process)    5%    3396.7 sec left
CG set 299 / 5354    4712.5949 GFlop/s     (589.0744 GFlop/s per process)    5%    3396.0 sec left
CG set 300 / 5354    4712.5907 GFlop/s     (589.0738 GFlop/s per process)    5%    3395.4 sec left
CG set 301 / 5354    4712.5776 GFlop/s     (589.0722 GFlop/s per process)    5%    3394.7 sec left
CG set 302 / 5354    4712.5780 GFlop/s     (589.0722 GFlop/s per process)    5%    3394.0 sec left
CG set 303 / 5354    4712.5703 GFlop/s     (589.0713 GFlop/s per process)    5%    3393.3 sec left
CG set 304 / 5354    4712.5868 GFlop/s     (589.0734 GFlop/s per process)    5%    3392.6 sec left
CG set 305 / 5354    4712.5897 GFlop/s     (589.0737 GFlop/s per process)    5%    3392.0 sec left
CG set 306 / 5354    4712.6144 GFlop/s     (589.0768 GFlop/s per process)    5%    3391.3 sec left
CG set 307 / 5354    4712.6063 GFlop/s     (589.0758 GFlop/s per process)    5%    3390.6 sec left
CG set 308 / 5354    4712.6038 GFlop/s     (589.0755 GFlop/s per process)    5%    3389.9 sec left
CG set 309 / 5354    4712.6123 GFlop/s     (589.0765 GFlop/s per process)    5%    3389.2 sec left
CG set 310 / 5354    4712.6033 GFlop/s     (589.0754 GFlop/s per process)    5%    3388.5 sec left
CG set 311 / 5354    4712.6402 GFlop/s     (589.0800 GFlop/s per process)    5%    3387.9 sec left
CG set 312 / 5354    4712.6478 GFlop/s     (589.0810 GFlop/s per process)    5%    3387.2 sec left
CG set 313 / 5354    4712.6437 GFlop/s     (589.0805 GFlop/s per process)    5%    3386.5 sec left
CG set 314 / 5354    4712.6405 GFlop/s     (589.0801 GFlop/s per process)    5%    3385.8 sec left
CG set 315 / 5354    4712.6615 GFlop/s     (589.0827 GFlop/s per process)    5%    3385.1 sec left
CG set 316 / 5354    4712.6706 GFlop/s     (589.0838 GFlop/s per process)    5%    3384.5 sec left
CG set 317 / 5354    4712.6876 GFlop/s     (589.0860 GFlop/s per process)    5%    3383.8 sec left
CG set 318 / 5354    4712.6892 GFlop/s     (589.0862 GFlop/s per process)    5%    3383.1 sec left
CG set 319 / 5354    4712.6975 GFlop/s     (589.0872 GFlop/s per process)    5%    3382.4 sec left
CG set 320 / 5354    4712.6948 GFlop/s     (589.0868 GFlop/s per process)    5%    3381.7 sec left
CG set 321 / 5354    4712.6884 GFlop/s     (589.0860 GFlop/s per process)    5%    3381.0 sec left
CG set 322 / 5354    4712.6884 GFlop/s     (589.0860 GFlop/s per process)    6%    3380.4 sec left
CG set 323 / 5354    4712.6931 GFlop/s     (589.0866 GFlop/s per process)    6%    3379.7 sec left
CG set 324 / 5354    4712.7062 GFlop/s     (589.0883 GFlop/s per process)    6%    3379.0 sec left
CG set 325 / 5354    4712.6943 GFlop/s     (589.0868 GFlop/s per process)    6%    3378.3 sec left
CG set 326 / 5354    4712.7296 GFlop/s     (589.0912 GFlop/s per process)    6%    3377.6 sec left
CG set 327 / 5354    4712.7414 GFlop/s     (589.0927 GFlop/s per process)    6%    3377.0 sec left
CG set 328 / 5354    4712.7394 GFlop/s     (589.0924 GFlop/s per process)    6%    3376.3 sec left
CG set 329 / 5354    4712.7475 GFlop/s     (589.0934 GFlop/s per process)    6%    3375.6 sec left
CG set 330 / 5354    4712.7611 GFlop/s     (589.0951 GFlop/s per process)    6%    3374.9 sec left
CG set 331 / 5354    4712.7709 GFlop/s     (589.0964 GFlop/s per process)    6%    3374.2 sec left
CG set 332 / 5354    4712.7615 GFlop/s     (589.0952 GFlop/s per process)    6%    3373.5 sec left
CG set 333 / 5354    4712.7576 GFlop/s     (589.0947 GFlop/s per process)    6%    3372.9 sec left
CG set 334 / 5354    4712.7732 GFlop/s     (589.0966 GFlop/s per process)    6%    3372.2 sec left
CG set 335 / 5354    4712.7672 GFlop/s     (589.0959 GFlop/s per process)    6%    3371.5 sec left
CG set 336 / 5354    4712.7779 GFlop/s     (589.0972 GFlop/s per process)    6%    3370.8 sec left
CG set 337 / 5354    4712.7750 GFlop/s     (589.0969 GFlop/s per process)    6%    3370.1 sec left
CG set 338 / 5354    4712.7848 GFlop/s     (589.0981 GFlop/s per process)    6%    3369.5 sec left
CG set 339 / 5354    4712.7959 GFlop/s     (589.0995 GFlop/s per process)    6%    3368.8 sec left
CG set 340 / 5354    4712.8097 GFlop/s     (589.1012 GFlop/s per process)    6%    3368.1 sec left
CG set 341 / 5354    4712.8028 GFlop/s     (589.1004 GFlop/s per process)    6%    3367.4 sec left
CG set 342 / 5354    4712.7901 GFlop/s     (589.0988 GFlop/s per process)    6%    3366.7 sec left
CG set 343 / 5354    4712.7715 GFlop/s     (589.0964 GFlop/s per process)    6%    3366.0 sec left
CG set 344 / 5354    4712.7840 GFlop/s     (589.0980 GFlop/s per process)    6%    3365.4 sec left
CG set 345 / 5354    4712.7823 GFlop/s     (589.0978 GFlop/s per process)    6%    3364.7 sec left
CG set 346 / 5354    4712.7737 GFlop/s     (589.0967 GFlop/s per process)    6%    3364.0 sec left
CG set 347 / 5354    4712.7801 GFlop/s     (589.0975 GFlop/s per process)    6%    3363.3 sec left
CG set 348 / 5354    4712.7702 GFlop/s     (589.0963 GFlop/s per process)    6%    3362.6 sec left
CG set 349 / 5354    4712.7728 GFlop/s     (589.0966 GFlop/s per process)    6%    3362.0 sec left
CG set 350 / 5354    4712.7673 GFlop/s     (589.0959 GFlop/s per process)    6%    3361.3 sec left
CG set 351 / 5354    4712.7497 GFlop/s     (589.0937 GFlop/s per process)    6%    3360.6 sec left
CG set 352 / 5354    4712.7351 GFlop/s     (589.0919 GFlop/s per process)    6%    3359.9 sec left
CG set 353 / 5354    4712.7278 GFlop/s     (589.0910 GFlop/s per process)    6%    3359.2 sec left
CG set 354 / 5354    4712.7332 GFlop/s     (589.0916 GFlop/s per process)    6%    3358.5 sec left
CG set 355 / 5354    4712.7199 GFlop/s     (589.0900 GFlop/s per process)    6%    3357.9 sec left
CG set 356 / 5354    4712.6953 GFlop/s     (589.0869 GFlop/s per process)    6%    3357.2 sec left
CG set 357 / 5354    4712.6823 GFlop/s     (589.0853 GFlop/s per process)    6%    3356.5 sec left
CG set 358 / 5354    4712.6631 GFlop/s     (589.0829 GFlop/s per process)    6%    3355.8 sec left
CG set 359 / 5354    4712.6602 GFlop/s     (589.0825 GFlop/s per process)    6%    3355.1 sec left
CG set 360 / 5354    4712.6458 GFlop/s     (589.0807 GFlop/s per process)    6%    3354.4 sec left
CG set 361 / 5354    4712.6321 GFlop/s     (589.0790 GFlop/s per process)    6%    3353.8 sec left
CG set 362 / 5354    4712.6412 GFlop/s     (589.0802 GFlop/s per process)    6%    3353.1 sec left
CG set 363 / 5354    4712.6323 GFlop/s     (589.0790 GFlop/s per process)    6%    3352.4 sec left
CG set 364 / 5354    4712.6333 GFlop/s     (589.0792 GFlop/s per process)    6%    3351.7 sec left
CG set 365 / 5354    4712.6268 GFlop/s     (589.0783 GFlop/s per process)    6%    3351.0 sec left
CG set 366 / 5354    4712.5968 GFlop/s     (589.0746 GFlop/s per process)    6%    3350.3 sec left
CG set 367 / 5354    4712.5751 GFlop/s     (589.0719 GFlop/s per process)    6%    3349.7 sec left
CG set 368 / 5354    4712.5802 GFlop/s     (589.0725 GFlop/s per process)    6%    3349.0 sec left
CG set 369 / 5354    4712.5786 GFlop/s     (589.0723 GFlop/s per process)    6%    3348.3 sec left
CG set 370 / 5354    4712.5706 GFlop/s     (589.0713 GFlop/s per process)    6%    3347.6 sec left
CG set 371 / 5354    4712.5413 GFlop/s     (589.0677 GFlop/s per process)    6%    3346.9 sec left
CG set 372 / 5354    4712.5232 GFlop/s     (589.0654 GFlop/s per process)    6%    3346.2 sec left
CG set 373 / 5354    4712.5123 GFlop/s     (589.0640 GFlop/s per process)    6%    3345.6 sec left
CG set 374 / 5354    4712.5110 GFlop/s     (589.0639 GFlop/s per process)    6%    3344.9 sec left
CG set 375 / 5354    4712.5076 GFlop/s     (589.0634 GFlop/s per process)    7%    3344.2 sec left
CG set 376 / 5354    4712.5055 GFlop/s     (589.0632 GFlop/s per process)    7%    3343.5 sec left
CG set 377 / 5354    4712.5241 GFlop/s     (589.0655 GFlop/s per process)    7%    3342.8 sec left
CG set 378 / 5354    4712.5140 GFlop/s     (589.0642 GFlop/s per process)    7%    3342.2 sec left
CG set 379 / 5354    4712.5143 GFlop/s     (589.0643 GFlop/s per process)    7%    3341.5 sec left
CG set 380 / 5354    4712.5058 GFlop/s     (589.0632 GFlop/s per process)    7%    3340.8 sec left
CG set 381 / 5354    4712.5133 GFlop/s     (589.0642 GFlop/s per process)    7%    3340.1 sec left
CG set 382 / 5354    4712.5006 GFlop/s     (589.0626 GFlop/s per process)    7%    3339.4 sec left
CG set 383 / 5354    4712.4928 GFlop/s     (589.0616 GFlop/s per process)    7%    3338.7 sec left
CG set 384 / 5354    4712.4749 GFlop/s     (589.0594 GFlop/s per process)    7%    3338.1 sec left
CG set 385 / 5354    4712.4884 GFlop/s     (589.0610 GFlop/s per process)    7%    3337.4 sec left
CG set 386 / 5354    4712.4816 GFlop/s     (589.0602 GFlop/s per process)    7%    3336.7 sec left
CG set 387 / 5354    4712.4719 GFlop/s     (589.0590 GFlop/s per process)    7%    3336.0 sec left
CG set 388 / 5354    4712.4824 GFlop/s     (589.0603 GFlop/s per process)    7%    3335.3 sec left
CG set 389 / 5354    4712.4949 GFlop/s     (589.0619 GFlop/s per process)    7%    3334.7 sec left
CG set 390 / 5354    4712.4992 GFlop/s     (589.0624 GFlop/s per process)    7%    3334.0 sec left
CG set 391 / 5354    4712.4926 GFlop/s     (589.0616 GFlop/s per process)    7%    3333.3 sec left
CG set 392 / 5354    4712.4939 GFlop/s     (589.0617 GFlop/s per process)    7%    3332.6 sec left
CG set 393 / 5354    4712.5079 GFlop/s     (589.0635 GFlop/s per process)    7%    3331.9 sec left
CG set 394 / 5354    4712.4987 GFlop/s     (589.0623 GFlop/s per process)    7%    3331.2 sec left
CG set 395 / 5354    4712.4968 GFlop/s     (589.0621 GFlop/s per process)    7%    3330.6 sec left
CG set 396 / 5354    4712.4904 GFlop/s     (589.0613 GFlop/s per process)    7%    3329.9 sec left
CG set 397 / 5354    4712.4903 GFlop/s     (589.0613 GFlop/s per process)    7%    3329.2 sec left
CG set 398 / 5354    4712.4870 GFlop/s     (589.0609 GFlop/s per process)    7%    3328.5 sec left
CG set 399 / 5354    4712.4953 GFlop/s     (589.0619 GFlop/s per process)    7%    3327.8 sec left
CG set 400 / 5354    4712.4858 GFlop/s     (589.0607 GFlop/s per process)    7%    3327.1 sec left
CG set 401 / 5354    4712.4644 GFlop/s     (589.0580 GFlop/s per process)    7%    3326.5 sec left
CG set 402 / 5354    4712.4688 GFlop/s     (589.0586 GFlop/s per process)    7%    3325.8 sec left
CG set 403 / 5354    4712.4590 GFlop/s     (589.0574 GFlop/s per process)    7%    3325.1 sec left
CG set 404 / 5354    4712.4450 GFlop/s     (589.0556 GFlop/s per process)    7%    3324.4 sec left
CG set 405 / 5354    4712.4558 GFlop/s     (589.0570 GFlop/s per process)    7%    3323.7 sec left
CG set 406 / 5354    4712.4610 GFlop/s     (589.0576 GFlop/s per process)    7%    3323.1 sec left
CG set 407 / 5354    4712.4474 GFlop/s     (589.0559 GFlop/s per process)    7%    3322.4 sec left
CG set 408 / 5354    4712.4635 GFlop/s     (589.0579 GFlop/s per process)    7%    3321.7 sec left
CG set 409 / 5354    4712.4570 GFlop/s     (589.0571 GFlop/s per process)    7%    3321.0 sec left
CG set 410 / 5354    4712.4537 GFlop/s     (589.0567 GFlop/s per process)    7%    3320.3 sec left
CG set 411 / 5354    4712.4625 GFlop/s     (589.0578 GFlop/s per process)    7%    3319.6 sec left
CG set 412 / 5354    4712.4597 GFlop/s     (589.0575 GFlop/s per process)    7%    3319.0 sec left
CG set 413 / 5354    4712.4625 GFlop/s     (589.0578 GFlop/s per process)    7%    3318.3 sec left
CG set 414 / 5354    4712.4528 GFlop/s     (589.0566 GFlop/s per process)    7%    3317.6 sec left
CG set 415 / 5354    4712.4698 GFlop/s     (589.0587 GFlop/s per process)    7%    3316.9 sec left
CG set 416 / 5354    4712.4706 GFlop/s     (589.0588 GFlop/s per process)    7%    3316.2 sec left
CG set 417 / 5354    4712.4753 GFlop/s     (589.0594 GFlop/s per process)    7%    3315.6 sec left
CG set 418 / 5354    4712.4771 GFlop/s     (589.0596 GFlop/s per process)    7%    3314.9 sec left
CG set 419 / 5354    4712.4600 GFlop/s     (589.0575 GFlop/s per process)    7%    3314.2 sec left
CG set 420 / 5354    4712.4621 GFlop/s     (589.0578 GFlop/s per process)    7%    3313.5 sec left
CG set 421 / 5354    4712.4497 GFlop/s     (589.0562 GFlop/s per process)    7%    3312.8 sec left
CG set 422 / 5354    4712.4504 GFlop/s     (589.0563 GFlop/s per process)    7%    3312.1 sec left
CG set 423 / 5354    4712.4529 GFlop/s     (589.0566 GFlop/s per process)    7%    3311.5 sec left
CG set 424 / 5354    4712.4583 GFlop/s     (589.0573 GFlop/s per process)    7%    3310.8 sec left
CG set 425 / 5354    4712.4500 GFlop/s     (589.0562 GFlop/s per process)    7%    3310.1 sec left
CG set 426 / 5354    4712.4412 GFlop/s     (589.0551 GFlop/s per process)    7%    3309.4 sec left
CG set 427 / 5354    4712.4410 GFlop/s     (589.0551 GFlop/s per process)    7%    3308.7 sec left
CG set 428 / 5354    4712.4361 GFlop/s     (589.0545 GFlop/s per process)    7%    3308.0 sec left
CG set 429 / 5354    4712.4368 GFlop/s     (589.0546 GFlop/s per process)    8%    3307.4 sec left
CG set 430 / 5354    4712.4304 GFlop/s     (589.0538 GFlop/s per process)    8%    3306.7 sec left
CG set 431 / 5354    4712.4232 GFlop/s     (589.0529 GFlop/s per process)    8%    3306.0 sec left
CG set 432 / 5354    4712.4106 GFlop/s     (589.0513 GFlop/s per process)    8%    3305.3 sec left
CG set 433 / 5354    4712.4029 GFlop/s     (589.0504 GFlop/s per process)    8%    3304.6 sec left
CG set 434 / 5354    4712.4125 GFlop/s     (589.0516 GFlop/s per process)    8%    3304.0 sec left
CG set 435 / 5354    4712.4370 GFlop/s     (589.0546 GFlop/s per process)    8%    3303.3 sec left
CG set 436 / 5354    4712.4450 GFlop/s     (589.0556 GFlop/s per process)    8%    3302.6 sec left
CG set 437 / 5354    4712.4342 GFlop/s     (589.0543 GFlop/s per process)    8%    3301.9 sec left
CG set 438 / 5354    4712.4238 GFlop/s     (589.0530 GFlop/s per process)    8%    3301.2 sec left
CG set 439 / 5354    4712.4081 GFlop/s     (589.0510 GFlop/s per process)    8%    3300.5 sec left
CG set 440 / 5354    4712.4111 GFlop/s     (589.0514 GFlop/s per process)    8%    3299.9 sec left
CG set 441 / 5354    4712.3979 GFlop/s     (589.0497 GFlop/s per process)    8%    3299.2 sec left
CG set 442 / 5354    4712.4024 GFlop/s     (589.0503 GFlop/s per process)    8%    3298.5 sec left
CG set 443 / 5354    4712.4094 GFlop/s     (589.0512 GFlop/s per process)    8%    3297.8 sec left
CG set 444 / 5354    4712.4083 GFlop/s     (589.0510 GFlop/s per process)    8%    3297.1 sec left
CG set 445 / 5354    4712.3977 GFlop/s     (589.0497 GFlop/s per process)    8%    3296.4 sec left
CG set 446 / 5354    4712.3935 GFlop/s     (589.0492 GFlop/s per process)    8%    3295.8 sec left
CG set 447 / 5354    4712.3764 GFlop/s     (589.0470 GFlop/s per process)    8%    3295.1 sec left
CG set 448 / 5354    4712.3748 GFlop/s     (589.0469 GFlop/s per process)    8%    3294.4 sec left
CG set 449 / 5354    4712.3630 GFlop/s     (589.0454 GFlop/s per process)    8%    3293.7 sec left
CG set 450 / 5354    4712.3723 GFlop/s     (589.0465 GFlop/s per process)    8%    3293.0 sec left
CG set 451 / 5354    4712.3678 GFlop/s     (589.0460 GFlop/s per process)    8%    3292.4 sec left
CG set 452 / 5354    4712.3774 GFlop/s     (589.0472 GFlop/s per process)    8%    3291.7 sec left
CG set 453 / 5354    4712.3662 GFlop/s     (589.0458 GFlop/s per process)    8%    3291.0 sec left
CG set 454 / 5354    4712.3574 GFlop/s     (589.0447 GFlop/s per process)    8%    3290.3 sec left
CG set 455 / 5354    4712.3511 GFlop/s     (589.0439 GFlop/s per process)    8%    3289.6 sec left
CG set 456 / 5354    4712.3609 GFlop/s     (589.0451 GFlop/s per process)    8%    3288.9 sec left
CG set 457 / 5354    4712.3615 GFlop/s     (589.0452 GFlop/s per process)    8%    3288.3 sec left
CG set 458 / 5354    4712.3632 GFlop/s     (589.0454 GFlop/s per process)    8%    3287.6 sec left
CG set 459 / 5354    4712.3686 GFlop/s     (589.0461 GFlop/s per process)    8%    3286.9 sec left
CG set 460 / 5354    4712.3622 GFlop/s     (589.0453 GFlop/s per process)    8%    3286.2 sec left
CG set 461 / 5354    4712.3550 GFlop/s     (589.0444 GFlop/s per process)    8%    3285.5 sec left
CG set 462 / 5354    4712.3425 GFlop/s     (589.0428 GFlop/s per process)    8%    3284.8 sec left
CG set 463 / 5354    4712.3478 GFlop/s     (589.0435 GFlop/s per process)    8%    3284.2 sec left
CG set 464 / 5354    4712.3450 GFlop/s     (589.0431 GFlop/s per process)    8%    3283.5 sec left
CG set 465 / 5354    4712.3601 GFlop/s     (589.0450 GFlop/s per process)    8%    3282.8 sec left
CG set 466 / 5354    4712.3780 GFlop/s     (589.0473 GFlop/s per process)    8%    3282.1 sec left
CG set 467 / 5354    4712.3696 GFlop/s     (589.0462 GFlop/s per process)    8%    3281.4 sec left
CG set 468 / 5354    4712.3722 GFlop/s     (589.0465 GFlop/s per process)    8%    3280.8 sec left
CG set 469 / 5354    4712.3881 GFlop/s     (589.0485 GFlop/s per process)    8%    3280.1 sec left
CG set 470 / 5354    4712.3932 GFlop/s     (589.0491 GFlop/s per process)    8%    3279.4 sec left
CG set 471 / 5354    4712.4066 GFlop/s     (589.0508 GFlop/s per process)    8%    3278.7 sec left
CG set 472 / 5354    4712.4016 GFlop/s     (589.0502 GFlop/s per process)    8%    3278.0 sec left
CG set 473 / 5354    4712.4179 GFlop/s     (589.0522 GFlop/s per process)    8%    3277.3 sec left
CG set 474 / 5354    4712.4212 GFlop/s     (589.0526 GFlop/s per process)    8%    3276.7 sec left
CG set 475 / 5354    4712.4181 GFlop/s     (589.0523 GFlop/s per process)    8%    3276.0 sec left
CG set 476 / 5354    4712.4351 GFlop/s     (589.0544 GFlop/s per process)    8%    3275.3 sec left
CG set 477 / 5354    4712.4355 GFlop/s     (589.0544 GFlop/s per process)    8%    3274.6 sec left
CG set 478 / 5354    4712.4328 GFlop/s     (589.0541 GFlop/s per process)    8%    3273.9 sec left
CG set 479 / 5354    4712.4297 GFlop/s     (589.0537 GFlop/s per process)    8%    3273.3 sec left
CG set 480 / 5354    4712.4489 GFlop/s     (589.0561 GFlop/s per process)    8%    3272.6 sec left
CG set 481 / 5354    4712.4447 GFlop/s     (589.0556 GFlop/s per process)    8%    3271.9 sec left
CG set 482 / 5354    4712.4446 GFlop/s     (589.0556 GFlop/s per process)    9%    3271.2 sec left
CG set 483 / 5354    4712.4399 GFlop/s     (589.0550 GFlop/s per process)    9%    3270.5 sec left
CG set 484 / 5354    4712.4388 GFlop/s     (589.0548 GFlop/s per process)    9%    3269.8 sec left
CG set 485 / 5354    4712.4419 GFlop/s     (589.0552 GFlop/s per process)    9%    3269.2 sec left
CG set 486 / 5354    4712.4429 GFlop/s     (589.0554 GFlop/s per process)    9%    3268.5 sec left
CG set 487 / 5354    4712.4447 GFlop/s     (589.0556 GFlop/s per process)    9%    3267.8 sec left
CG set 488 / 5354    4712.4405 GFlop/s     (589.0551 GFlop/s per process)    9%    3267.1 sec left
CG set 489 / 5354    4712.4220 GFlop/s     (589.0528 GFlop/s per process)    9%    3266.4 sec left
CG set 490 / 5354    4712.4115 GFlop/s     (589.0514 GFlop/s per process)    9%    3265.8 sec left
CG set 491 / 5354    4712.4269 GFlop/s     (589.0534 GFlop/s per process)    9%    3265.1 sec left
CG set 492 / 5354    4712.4233 GFlop/s     (589.0529 GFlop/s per process)    9%    3264.4 sec left
CG set 493 / 5354    4712.4356 GFlop/s     (589.0545 GFlop/s per process)    9%    3263.7 sec left
CG set 494 / 5354    4712.4121 GFlop/s     (589.0515 GFlop/s per process)    9%    3263.0 sec left
CG set 495 / 5354    4712.4077 GFlop/s     (589.0510 GFlop/s per process)    9%    3262.3 sec left
CG set 496 / 5354    4712.3977 GFlop/s     (589.0497 GFlop/s per process)    9%    3261.7 sec left
CG set 497 / 5354    4712.3824 GFlop/s     (589.0478 GFlop/s per process)    9%    3261.0 sec left
CG set 498 / 5354    4712.3741 GFlop/s     (589.0468 GFlop/s per process)    9%    3260.3 sec left
CG set 499 / 5354    4712.3659 GFlop/s     (589.0457 GFlop/s per process)    9%    3259.6 sec left
CG set 500 / 5354    4712.3517 GFlop/s     (589.0440 GFlop/s per process)    9%    3258.9 sec left
CG set 501 / 5354    4712.3626 GFlop/s     (589.0453 GFlop/s per process)    9%    3258.2 sec left
CG set 502 / 5354    4712.3576 GFlop/s     (589.0447 GFlop/s per process)    9%    3257.6 sec left
CG set 503 / 5354    4712.3431 GFlop/s     (589.0429 GFlop/s per process)    9%    3256.9 sec left
CG set 504 / 5354    4712.3441 GFlop/s     (589.0430 GFlop/s per process)    9%    3256.2 sec left
CG set 505 / 5354    4712.3373 GFlop/s     (589.0422 GFlop/s per process)    9%    3255.5 sec left
CG set 506 / 5354    4712.3381 GFlop/s     (589.0423 GFlop/s per process)    9%    3254.8 sec left
CG set 507 / 5354    4712.3296 GFlop/s     (589.0412 GFlop/s per process)    9%    3254.1 sec left
CG set 508 / 5354    4712.3383 GFlop/s     (589.0423 GFlop/s per process)    9%    3253.5 sec left
CG set 509 / 5354    4712.3429 GFlop/s     (589.0429 GFlop/s per process)    9%    3252.8 sec left
CG set 510 / 5354    4712.3470 GFlop/s     (589.0434 GFlop/s per process)    9%    3252.1 sec left
CG set 511 / 5354    4712.3386 GFlop/s     (589.0423 GFlop/s per process)    9%    3251.4 sec left
CG set 512 / 5354    4712.3399 GFlop/s     (589.0425 GFlop/s per process)    9%    3250.7 sec left
CG set 513 / 5354    4712.3324 GFlop/s     (589.0416 GFlop/s per process)    9%    3250.1 sec left
CG set 514 / 5354    4712.3226 GFlop/s     (589.0403 GFlop/s per process)    9%    3249.4 sec left
CG set 515 / 5354    4712.3076 GFlop/s     (589.0385 GFlop/s per process)    9%    3248.7 sec left
CG set 516 / 5354    4712.3030 GFlop/s     (589.0379 GFlop/s per process)    9%    3248.0 sec left
CG set 517 / 5354    4712.3011 GFlop/s     (589.0376 GFlop/s per process)    9%    3247.3 sec left
CG set 518 / 5354    4712.3002 GFlop/s     (589.0375 GFlop/s per process)    9%    3246.6 sec left
CG set 519 / 5354    4712.2755 GFlop/s     (589.0344 GFlop/s per process)    9%    3246.0 sec left
CG set 520 / 5354    4712.2814 GFlop/s     (589.0352 GFlop/s per process)    9%    3245.3 sec left
CG set 521 / 5354    4712.2785 GFlop/s     (589.0348 GFlop/s per process)    9%    3244.6 sec left
CG set 522 / 5354    4712.2824 GFlop/s     (589.0353 GFlop/s per process)    9%    3243.9 sec left
CG set 523 / 5354    4712.2738 GFlop/s     (589.0342 GFlop/s per process)    9%    3243.2 sec left
CG set 524 / 5354    4712.2757 GFlop/s     (589.0345 GFlop/s per process)    9%    3242.5 sec left
CG set 525 / 5354    4712.2690 GFlop/s     (589.0336 GFlop/s per process)    9%    3241.9 sec left
CG set 526 / 5354    4712.2432 GFlop/s     (589.0304 GFlop/s per process)    9%    3241.2 sec left
CG set 527 / 5354    4712.2410 GFlop/s     (589.0301 GFlop/s per process)    9%    3240.5 sec left
CG set 528 / 5354    4712.2473 GFlop/s     (589.0309 GFlop/s per process)    9%    3239.8 sec left
CG set 529 / 5354    4712.2443 GFlop/s     (589.0305 GFlop/s per process)    9%    3239.1 sec left
CG set 530 / 5354    4712.2238 GFlop/s     (589.0280 GFlop/s per process)    9%    3238.4 sec left
CG set 531 / 5354    4712.2288 GFlop/s     (589.0286 GFlop/s per process)    9%    3237.8 sec left
CG set 532 / 5354    4712.2212 GFlop/s     (589.0277 GFlop/s per process)    9%    3237.1 sec left
CG set 533 / 5354    4712.2292 GFlop/s     (589.0286 GFlop/s per process)    9%    3236.4 sec left
CG set 534 / 5354    4712.2141 GFlop/s     (589.0268 GFlop/s per process)    9%    3235.7 sec left
CG set 535 / 5354    4712.2207 GFlop/s     (589.0276 GFlop/s per process)    9%    3235.0 sec left
CG set 536 / 5354    4712.2035 GFlop/s     (589.0254 GFlop/s per process)    10%    3234.4 sec left
CG set 537 / 5354    4712.2182 GFlop/s     (589.0273 GFlop/s per process)    10%    3233.7 sec left
CG set 538 / 5354    4712.2081 GFlop/s     (589.0260 GFlop/s per process)    10%    3233.0 sec left
CG set 539 / 5354    4712.2075 GFlop/s     (589.0259 GFlop/s per process)    10%    3232.3 sec left
CG set 540 / 5354    4712.1961 GFlop/s     (589.0245 GFlop/s per process)    10%    3231.6 sec left
CG set 541 / 5354    4712.1932 GFlop/s     (589.0242 GFlop/s per process)    10%    3230.9 sec left
CG set 542 / 5354    4712.2036 GFlop/s     (589.0254 GFlop/s per process)    10%    3230.3 sec left
CG set 543 / 5354    4712.1871 GFlop/s     (589.0234 GFlop/s per process)    10%    3229.6 sec left
CG set 544 / 5354    4712.1756 GFlop/s     (589.0220 GFlop/s per process)    10%    3228.9 sec left
CG set 545 / 5354    4712.1654 GFlop/s     (589.0207 GFlop/s per process)    10%    3228.2 sec left
CG set 546 / 5354    4712.1664 GFlop/s     (589.0208 GFlop/s per process)    10%    3227.5 sec left
CG set 547 / 5354    4712.1611 GFlop/s     (589.0201 GFlop/s per process)    10%    3226.8 sec left
CG set 548 / 5354    4712.1669 GFlop/s     (589.0209 GFlop/s per process)    10%    3226.2 sec left
CG set 549 / 5354    4712.1708 GFlop/s     (589.0213 GFlop/s per process)    10%    3225.5 sec left
CG set 550 / 5354    4712.1635 GFlop/s     (589.0204 GFlop/s per process)    10%    3224.8 sec left
CG set 551 / 5354    4712.1550 GFlop/s     (589.0194 GFlop/s per process)    10%    3224.1 sec left
CG set 552 / 5354    4712.1511 GFlop/s     (589.0189 GFlop/s per process)    10%    3223.4 sec left
CG set 553 / 5354    4712.1402 GFlop/s     (589.0175 GFlop/s per process)    10%    3222.8 sec left
CG set 554 / 5354    4712.1361 GFlop/s     (589.0170 GFlop/s per process)    10%    3222.1 sec left
CG set 555 / 5354    4712.1439 GFlop/s     (589.0180 GFlop/s per process)    10%    3221.4 sec left
CG set 556 / 5354    4712.1377 GFlop/s     (589.0172 GFlop/s per process)    10%    3220.7 sec left
CG set 557 / 5354    4712.1453 GFlop/s     (589.0182 GFlop/s per process)    10%    3220.0 sec left
CG set 558 / 5354    4712.1362 GFlop/s     (589.0170 GFlop/s per process)    10%    3219.3 sec left
CG set 559 / 5354    4712.1438 GFlop/s     (589.0180 GFlop/s per process)    10%    3218.7 sec left
CG set 560 / 5354    4712.1485 GFlop/s     (589.0186 GFlop/s per process)    10%    3218.0 sec left
CG set 561 / 5354    4712.1422 GFlop/s     (589.0178 GFlop/s per process)    10%    3217.3 sec left
CG set 562 / 5354    4712.1500 GFlop/s     (589.0188 GFlop/s per process)    10%    3216.6 sec left
CG set 563 / 5354    4712.1516 GFlop/s     (589.0189 GFlop/s per process)    10%    3215.9 sec left
CG set 564 / 5354    4712.1547 GFlop/s     (589.0193 GFlop/s per process)    10%    3215.3 sec left
CG set 565 / 5354    4712.1466 GFlop/s     (589.0183 GFlop/s per process)    10%    3214.6 sec left
CG set 566 / 5354    4712.1487 GFlop/s     (589.0186 GFlop/s per process)    10%    3213.9 sec left
CG set 567 / 5354    4712.1500 GFlop/s     (589.0187 GFlop/s per process)    10%    3213.2 sec left
CG set 568 / 5354    4712.1380 GFlop/s     (589.0172 GFlop/s per process)    10%    3212.5 sec left
CG set 569 / 5354    4712.1488 GFlop/s     (589.0186 GFlop/s per process)    10%    3211.8 sec left
CG set 570 / 5354    4712.1491 GFlop/s     (589.0186 GFlop/s per process)    10%    3211.2 sec left
CG set 571 / 5354    4712.1427 GFlop/s     (589.0178 GFlop/s per process)    10%    3210.5 sec left
CG set 572 / 5354    4712.1345 GFlop/s     (589.0168 GFlop/s per process)    10%    3209.8 sec left
CG set 573 / 5354    4712.1336 GFlop/s     (589.0167 GFlop/s per process)    10%    3209.1 sec left
CG set 574 / 5354    4712.1368 GFlop/s     (589.0171 GFlop/s per process)    10%    3208.4 sec left
CG set 575 / 5354    4712.1369 GFlop/s     (589.0171 GFlop/s per process)    10%    3207.7 sec left
CG set 576 / 5354    4712.1257 GFlop/s     (589.0157 GFlop/s per process)    10%    3207.1 sec left
CG set 577 / 5354    4712.1316 GFlop/s     (589.0165 GFlop/s per process)    10%    3206.4 sec left
CG set 578 / 5354    4712.1305 GFlop/s     (589.0163 GFlop/s per process)    10%    3205.7 sec left
CG set 579 / 5354    4712.1246 GFlop/s     (589.0156 GFlop/s per process)    10%    3205.0 sec left
CG set 580 / 5354    4712.1180 GFlop/s     (589.0147 GFlop/s per process)    10%    3204.3 sec left
CG set 581 / 5354    4712.1261 GFlop/s     (589.0158 GFlop/s per process)    10%    3203.7 sec left
CG set 582 / 5354    4712.1255 GFlop/s     (589.0157 GFlop/s per process)    10%    3203.0 sec left
CG set 583 / 5354    4712.1296 GFlop/s     (589.0162 GFlop/s per process)    10%    3202.3 sec left
CG set 584 / 5354    4712.1324 GFlop/s     (589.0165 GFlop/s per process)    10%    3201.6 sec left
CG set 585 / 5354    4712.1271 GFlop/s     (589.0159 GFlop/s per process)    10%    3200.9 sec left
CG set 586 / 5354    4712.1250 GFlop/s     (589.0156 GFlop/s per process)    10%    3200.2 sec left
CG set 587 / 5354    4712.1166 GFlop/s     (589.0146 GFlop/s per process)    10%    3199.6 sec left
CG set 588 / 5354    4712.1137 GFlop/s     (589.0142 GFlop/s per process)    10%    3198.9 sec left
CG set 589 / 5354    4712.1200 GFlop/s     (589.0150 GFlop/s per process)    11%    3198.2 sec left
CG set 590 / 5354    4712.1205 GFlop/s     (589.0151 GFlop/s per process)    11%    3197.5 sec left
CG set 591 / 5354    4712.1274 GFlop/s     (589.0159 GFlop/s per process)    11%    3196.8 sec left
CG set 592 / 5354    4712.1248 GFlop/s     (589.0156 GFlop/s per process)    11%    3196.1 sec left
CG set 593 / 5354    4712.1258 GFlop/s     (589.0157 GFlop/s per process)    11%    3195.5 sec left
CG set 594 / 5354    4712.1365 GFlop/s     (589.0171 GFlop/s per process)    11%    3194.8 sec left
CG set 595 / 5354    4712.1330 GFlop/s     (589.0166 GFlop/s per process)    11%    3194.1 sec left
CG set 596 / 5354    4712.1296 GFlop/s     (589.0162 GFlop/s per process)    11%    3193.4 sec left
CG set 597 / 5354    4712.1210 GFlop/s     (589.0151 GFlop/s per process)    11%    3192.7 sec left
CG set 598 / 5354    4712.1049 GFlop/s     (589.0131 GFlop/s per process)    11%    3192.1 sec left
CG set 599 / 5354    4712.1045 GFlop/s     (589.0131 GFlop/s per process)    11%    3191.4 sec left
CG set 600 / 5354    4712.0902 GFlop/s     (589.0113 GFlop/s per process)    11%    3190.7 sec left
CG set 601 / 5354    4712.1014 GFlop/s     (589.0127 GFlop/s per process)    11%    3190.0 sec left
CG set 602 / 5354    4712.0853 GFlop/s     (589.0107 GFlop/s per process)    11%    3189.3 sec left
CG set 603 / 5354    4712.0939 GFlop/s     (589.0117 GFlop/s per process)    11%    3188.6 sec left
CG set 604 / 5354    4712.0880 GFlop/s     (589.0110 GFlop/s per process)    11%    3188.0 sec left
CG set 605 / 5354    4712.0844 GFlop/s     (589.0105 GFlop/s per process)    11%    3187.3 sec left
CG set 606 / 5354    4712.0920 GFlop/s     (589.0115 GFlop/s per process)    11%    3186.6 sec left
CG set 607 / 5354    4712.0827 GFlop/s     (589.0103 GFlop/s per process)    11%    3185.9 sec left
CG set 608 / 5354    4712.0754 GFlop/s     (589.0094 GFlop/s per process)    11%    3185.2 sec left
CG set 609 / 5354    4712.0707 GFlop/s     (589.0088 GFlop/s per process)    11%    3184.5 sec left
CG set 610 / 5354    4712.0657 GFlop/s     (589.0082 GFlop/s per process)    11%    3183.9 sec left
CG set 611 / 5354    4712.0577 GFlop/s     (589.0072 GFlop/s per process)    11%    3183.2 sec left
CG set 612 / 5354    4712.0572 GFlop/s     (589.0071 GFlop/s per process)    11%    3182.5 sec left
CG set 613 / 5354    4712.0667 GFlop/s     (589.0083 GFlop/s per process)    11%    3181.8 sec left
CG set 614 / 5354    4712.0663 GFlop/s     (589.0083 GFlop/s per process)    11%    3181.1 sec left
CG set 615 / 5354    4712.0518 GFlop/s     (589.0065 GFlop/s per process)    11%    3180.4 sec left
CG set 616 / 5354    4712.0487 GFlop/s     (589.0061 GFlop/s per process)    11%    3179.8 sec left
CG set 617 / 5354    4712.0472 GFlop/s     (589.0059 GFlop/s per process)    11%    3179.1 sec left
CG set 618 / 5354    4712.0319 GFlop/s     (589.0040 GFlop/s per process)    11%    3178.4 sec left
CG set 619 / 5354    4712.0231 GFlop/s     (589.0029 GFlop/s per process)    11%    3177.7 sec left
CG set 620 / 5354    4712.0193 GFlop/s     (589.0024 GFlop/s per process)    11%    3177.0 sec left
CG set 621 / 5354    4712.0110 GFlop/s     (589.0014 GFlop/s per process)    11%    3176.4 sec left
CG set 622 / 5354    4712.0049 GFlop/s     (589.0006 GFlop/s per process)    11%    3175.7 sec left
CG set 623 / 5354    4712.0033 GFlop/s     (589.0004 GFlop/s per process)    11%    3175.0 sec left
CG set 624 / 5354    4712.0004 GFlop/s     (589.0000 GFlop/s per process)    11%    3174.3 sec left
CG set 625 / 5354    4711.9976 GFlop/s     (588.9997 GFlop/s per process)    11%    3173.6 sec left
CG set 626 / 5354    4711.9833 GFlop/s     (588.9979 GFlop/s per process)    11%    3172.9 sec left
CG set 627 / 5354    4711.9800 GFlop/s     (588.9975 GFlop/s per process)    11%    3172.3 sec left
CG set 628 / 5354    4711.9834 GFlop/s     (588.9979 GFlop/s per process)    11%    3171.6 sec left
CG set 629 / 5354    4711.9826 GFlop/s     (588.9978 GFlop/s per process)    11%    3170.9 sec left
CG set 630 / 5354    4711.9830 GFlop/s     (588.9979 GFlop/s per process)    11%    3170.2 sec left
CG set 631 / 5354    4711.9753 GFlop/s     (588.9969 GFlop/s per process)    11%    3169.5 sec left
CG set 632 / 5354    4711.9799 GFlop/s     (588.9975 GFlop/s per process)    11%    3168.8 sec left
CG set 633 / 5354    4711.9871 GFlop/s     (588.9984 GFlop/s per process)    11%    3168.2 sec left
CG set 634 / 5354    4711.9793 GFlop/s     (588.9974 GFlop/s per process)    11%    3167.5 sec left
CG set 635 / 5354    4711.9842 GFlop/s     (588.9980 GFlop/s per process)    11%    3166.8 sec left
CG set 636 / 5354    4711.9863 GFlop/s     (588.9983 GFlop/s per process)    11%    3166.1 sec left
CG set 637 / 5354    4711.9823 GFlop/s     (588.9978 GFlop/s per process)    11%    3165.4 sec left
CG set 638 / 5354    4711.9766 GFlop/s     (588.9971 GFlop/s per process)    11%    3164.8 sec left
CG set 639 / 5354    4711.9778 GFlop/s     (588.9972 GFlop/s per process)    11%    3164.1 sec left
CG set 640 / 5354    4711.9795 GFlop/s     (588.9974 GFlop/s per process)    11%    3163.4 sec left
CG set 641 / 5354    4711.9711 GFlop/s     (588.9964 GFlop/s per process)    11%    3162.7 sec left
CG set 642 / 5354    4711.9700 GFlop/s     (588.9963 GFlop/s per process)    11%    3162.0 sec left
CG set 643 / 5354    4711.9638 GFlop/s     (588.9955 GFlop/s per process)    12%    3161.3 sec left
CG set 644 / 5354    4711.9586 GFlop/s     (588.9948 GFlop/s per process)    12%    3160.7 sec left
CG set 645 / 5354    4711.9717 GFlop/s     (588.9965 GFlop/s per process)    12%    3160.0 sec left
CG set 646 / 5354    4711.9704 GFlop/s     (588.9963 GFlop/s per process)    12%    3159.3 sec left
CG set 647 / 5354    4711.9709 GFlop/s     (588.9964 GFlop/s per process)    12%    3158.6 sec left
CG set 648 / 5354    4711.9652 GFlop/s     (588.9956 GFlop/s per process)    12%    3157.9 sec left
CG set 649 / 5354    4711.9619 GFlop/s     (588.9952 GFlop/s per process)    12%    3157.2 sec left
CG set 650 / 5354    4711.9580 GFlop/s     (588.9947 GFlop/s per process)    12%    3156.6 sec left
CG set 651 / 5354    4711.9480 GFlop/s     (588.9935 GFlop/s per process)    12%    3155.9 sec left
CG set 652 / 5354    4711.9388 GFlop/s     (588.9924 GFlop/s per process)    12%    3155.2 sec left
CG set 653 / 5354    4711.9378 GFlop/s     (588.9922 GFlop/s per process)    12%    3154.5 sec left
CG set 654 / 5354    4711.9368 GFlop/s     (588.9921 GFlop/s per process)    12%    3153.8 sec left
CG set 655 / 5354    4711.9337 GFlop/s     (588.9917 GFlop/s per process)    12%    3153.2 sec left
CG set 656 / 5354    4711.9254 GFlop/s     (588.9907 GFlop/s per process)    12%    3152.5 sec left
CG set 657 / 5354    4711.9281 GFlop/s     (588.9910 GFlop/s per process)    12%    3151.8 sec left
CG set 658 / 5354    4711.9288 GFlop/s     (588.9911 GFlop/s per process)    12%    3151.1 sec left
CG set 659 / 5354    4711.9118 GFlop/s     (588.9890 GFlop/s per process)    12%    3150.4 sec left
CG set 660 / 5354    4711.9192 GFlop/s     (588.9899 GFlop/s per process)    12%    3149.7 sec left
CG set 661 / 5354    4711.9253 GFlop/s     (588.9907 GFlop/s per process)    12%    3149.1 sec left
CG set 662 / 5354    4711.9243 GFlop/s     (588.9905 GFlop/s per process)    12%    3148.4 sec left
CG set 663 / 5354    4711.9287 GFlop/s     (588.9911 GFlop/s per process)    12%    3147.7 sec left
CG set 664 / 5354    4711.9188 GFlop/s     (588.9899 GFlop/s per process)    12%    3147.0 sec left
CG set 665 / 5354    4711.9148 GFlop/s     (588.9894 GFlop/s per process)    12%    3146.3 sec left
CG set 666 / 5354    4711.8987 GFlop/s     (588.9873 GFlop/s per process)    12%    3145.6 sec left
CG set 667 / 5354    4711.8898 GFlop/s     (588.9862 GFlop/s per process)    12%    3145.0 sec left
CG set 668 / 5354    4711.8817 GFlop/s     (588.9852 GFlop/s per process)    12%    3144.3 sec left
CG set 669 / 5354    4711.8622 GFlop/s     (588.9828 GFlop/s per process)    12%    3143.6 sec left
CG set 670 / 5354    4711.8550 GFlop/s     (588.9819 GFlop/s per process)    12%    3142.9 sec left
CG set 671 / 5354    4711.8627 GFlop/s     (588.9828 GFlop/s per process)    12%    3142.2 sec left
CG set 672 / 5354    4711.8532 GFlop/s     (588.9816 GFlop/s per process)    12%    3141.5 sec left
CG set 673 / 5354    4711.8610 GFlop/s     (588.9826 GFlop/s per process)    12%    3140.9 sec left
CG set 674 / 5354    4711.8497 GFlop/s     (588.9812 GFlop/s per process)    12%    3140.2 sec left
CG set 675 / 5354    4711.8459 GFlop/s     (588.9807 GFlop/s per process)    12%    3139.5 sec left
CG set 676 / 5354    4711.8569 GFlop/s     (588.9821 GFlop/s per process)    12%    3138.8 sec left
CG set 677 / 5354    4711.8608 GFlop/s     (588.9826 GFlop/s per process)    12%    3138.1 sec left
CG set 678 / 5354    4711.8698 GFlop/s     (588.9837 GFlop/s per process)    12%    3137.5 sec left
CG set 679 / 5354    4711.8736 GFlop/s     (588.9842 GFlop/s per process)    12%    3136.8 sec left
CG set 680 / 5354    4711.8783 GFlop/s     (588.9848 GFlop/s per process)    12%    3136.1 sec left
CG set 681 / 5354    4711.8762 GFlop/s     (588.9845 GFlop/s per process)    12%    3135.4 sec left
CG set 682 / 5354    4711.8761 GFlop/s     (588.9845 GFlop/s per process)    12%    3134.7 sec left
CG set 683 / 5354    4711.8839 GFlop/s     (588.9855 GFlop/s per process)    12%    3134.0 sec left
CG set 684 / 5354    4711.8825 GFlop/s     (588.9853 GFlop/s per process)    12%    3133.4 sec left
CG set 685 / 5354    4711.8953 GFlop/s     (588.9869 GFlop/s per process)    12%    3132.7 sec left
CG set 686 / 5354    4711.8987 GFlop/s     (588.9873 GFlop/s per process)    12%    3132.0 sec left
CG set 687 / 5354    4711.9068 GFlop/s     (588.9883 GFlop/s per process)    12%    3131.3 sec left
CG set 688 / 5354    4711.9195 GFlop/s     (588.9899 GFlop/s per process)    12%    3130.6 sec left
CG set 689 / 5354    4711.9282 GFlop/s     (588.9910 GFlop/s per process)    12%    3130.0 sec left
CG set 690 / 5354    4711.9307 GFlop/s     (588.9913 GFlop/s per process)    12%    3129.3 sec left
CG set 691 / 5354    4711.9249 GFlop/s     (588.9906 GFlop/s per process)    12%    3128.6 sec left
CG set 692 / 5354    4711.9374 GFlop/s     (588.9922 GFlop/s per process)    12%    3127.9 sec left
CG set 693 / 5354    4711.9404 GFlop/s     (588.9926 GFlop/s per process)    12%    3127.2 sec left
CG set 694 / 5354    4711.9474 GFlop/s     (588.9934 GFlop/s per process)    12%    3126.5 sec left
CG set 695 / 5354    4711.9660 GFlop/s     (588.9957 GFlop/s per process)    12%    3125.9 sec left
CG set 696 / 5354    4711.9710 GFlop/s     (588.9964 GFlop/s per process)    12%    3125.2 sec left
CG set 697 / 5354    4711.9643 GFlop/s     (588.9955 GFlop/s per process)    13%    3124.5 sec left
CG set 698 / 5354    4711.9638 GFlop/s     (588.9955 GFlop/s per process)    13%    3123.8 sec left
CG set 699 / 5354    4711.9664 GFlop/s     (588.9958 GFlop/s per process)    13%    3123.1 sec left
CG set 700 / 5354    4711.9670 GFlop/s     (588.9959 GFlop/s per process)    13%    3122.5 sec left
CG set 701 / 5354    4711.9795 GFlop/s     (588.9974 GFlop/s per process)    13%    3121.8 sec left
CG set 702 / 5354    4711.9912 GFlop/s     (588.9989 GFlop/s per process)    13%    3121.1 sec left
CG set 703 / 5354    4711.9969 GFlop/s     (588.9996 GFlop/s per process)    13%    3120.4 sec left
CG set 704 / 5354    4711.9983 GFlop/s     (588.9998 GFlop/s per process)    13%    3119.7 sec left
CG set 705 / 5354    4711.9903 GFlop/s     (588.9988 GFlop/s per process)    13%    3119.0 sec left
CG set 706 / 5354    4711.9988 GFlop/s     (588.9998 GFlop/s per process)    13%    3118.4 sec left
CG set 707 / 5354    4712.0121 GFlop/s     (589.0015 GFlop/s per process)    13%    3117.7 sec left
CG set 708 / 5354    4712.0196 GFlop/s     (589.0025 GFlop/s per process)    13%    3117.0 sec left
CG set 709 / 5354    4712.0205 GFlop/s     (589.0026 GFlop/s per process)    13%    3116.3 sec left
CG set 710 / 5354    4712.0261 GFlop/s     (589.0033 GFlop/s per process)    13%    3115.6 sec left
CG set 711 / 5354    4712.0442 GFlop/s     (589.0055 GFlop/s per process)    13%    3115.0 sec left
CG set 712 / 5354    4712.0447 GFlop/s     (589.0056 GFlop/s per process)    13%    3114.3 sec left
CG set 713 / 5354    4712.0571 GFlop/s     (589.0071 GFlop/s per process)    13%    3113.6 sec left
CG set 714 / 5354    4712.0691 GFlop/s     (589.0086 GFlop/s per process)    13%    3112.9 sec left
CG set 715 / 5354    4712.0722 GFlop/s     (589.0090 GFlop/s per process)    13%    3112.2 sec left
CG set 716 / 5354    4712.0825 GFlop/s     (589.0103 GFlop/s per process)    13%    3111.6 sec left
CG set 717 / 5354    4712.0957 GFlop/s     (589.0120 GFlop/s per process)    13%    3110.9 sec left
CG set 718 / 5354    4712.1059 GFlop/s     (589.0132 GFlop/s per process)    13%    3110.2 sec left
CG set 719 / 5354    4712.1216 GFlop/s     (589.0152 GFlop/s per process)    13%    3109.5 sec left
CG set 720 / 5354    4712.1321 GFlop/s     (589.0165 GFlop/s per process)    13%    3108.8 sec left
CG set 721 / 5354    4712.1372 GFlop/s     (589.0171 GFlop/s per process)    13%    3108.1 sec left
CG set 722 / 5354    4712.1373 GFlop/s     (589.0172 GFlop/s per process)    13%    3107.5 sec left
CG set 723 / 5354    4712.1448 GFlop/s     (589.0181 GFlop/s per process)    13%    3106.8 sec left
CG set 724 / 5354    4712.1537 GFlop/s     (589.0192 GFlop/s per process)    13%    3106.1 sec left
CG set 725 / 5354    4712.1572 GFlop/s     (589.0197 GFlop/s per process)    13%    3105.4 sec left
CG set 726 / 5354    4712.1595 GFlop/s     (589.0199 GFlop/s per process)    13%    3104.7 sec left
CG set 727 / 5354    4712.1685 GFlop/s     (589.0211 GFlop/s per process)    13%    3104.1 sec left
CG set 728 / 5354    4712.1723 GFlop/s     (589.0215 GFlop/s per process)    13%    3103.4 sec left
CG set 729 / 5354    4712.1838 GFlop/s     (589.0230 GFlop/s per process)    13%    3102.7 sec left
CG set 730 / 5354    4712.1964 GFlop/s     (589.0246 GFlop/s per process)    13%    3102.0 sec left
CG set 731 / 5354    4712.2143 GFlop/s     (589.0268 GFlop/s per process)    13%    3101.3 sec left
CG set 732 / 5354    4712.2267 GFlop/s     (589.0283 GFlop/s per process)    13%    3100.7 sec left
CG set 733 / 5354    4712.2456 GFlop/s     (589.0307 GFlop/s per process)    13%    3100.0 sec left
CG set 734 / 5354    4712.2538 GFlop/s     (589.0317 GFlop/s per process)    13%    3099.3 sec left
CG set 735 / 5354    4712.2499 GFlop/s     (589.0312 GFlop/s per process)    13%    3098.6 sec left
CG set 736 / 5354    4712.2598 GFlop/s     (589.0325 GFlop/s per process)    13%    3097.9 sec left
CG set 737 / 5354    4712.2631 GFlop/s     (589.0329 GFlop/s per process)    13%    3097.2 sec left
CG set 738 / 5354    4712.2683 GFlop/s     (589.0335 GFlop/s per process)    13%    3096.6 sec left
CG set 739 / 5354    4712.2705 GFlop/s     (589.0338 GFlop/s per process)    13%    3095.9 sec left
CG set 740 / 5354    4712.2738 GFlop/s     (589.0342 GFlop/s per process)    13%    3095.2 sec left
CG set 741 / 5354    4712.2850 GFlop/s     (589.0356 GFlop/s per process)    13%    3094.5 sec left
CG set 742 / 5354    4712.2832 GFlop/s     (589.0354 GFlop/s per process)    13%    3093.8 sec left
CG set 743 / 5354    4712.2807 GFlop/s     (589.0351 GFlop/s per process)    13%    3093.2 sec left
CG set 744 / 5354    4712.2821 GFlop/s     (589.0353 GFlop/s per process)    13%    3092.5 sec left
CG set 745 / 5354    4712.2897 GFlop/s     (589.0362 GFlop/s per process)    13%    3091.8 sec left
CG set 746 / 5354    4712.2989 GFlop/s     (589.0374 GFlop/s per process)    13%    3091.1 sec left
CG set 747 / 5354    4712.3011 GFlop/s     (589.0376 GFlop/s per process)    13%    3090.4 sec left
CG set 748 / 5354    4712.3127 GFlop/s     (589.0391 GFlop/s per process)    13%    3089.7 sec left
CG set 749 / 5354    4712.3092 GFlop/s     (589.0386 GFlop/s per process)    13%    3089.1 sec left
CG set 750 / 5354    4712.3174 GFlop/s     (589.0397 GFlop/s per process)    14%    3088.4 sec left
CG set 751 / 5354    4712.3203 GFlop/s     (589.0400 GFlop/s per process)    14%    3087.7 sec left
CG set 752 / 5354    4712.3192 GFlop/s     (589.0399 GFlop/s per process)    14%    3087.0 sec left
CG set 753 / 5354    4712.3216 GFlop/s     (589.0402 GFlop/s per process)    14%    3086.3 sec left
CG set 754 / 5354    4712.3272 GFlop/s     (589.0409 GFlop/s per process)    14%    3085.7 sec left
CG set 755 / 5354    4712.3318 GFlop/s     (589.0415 GFlop/s per process)    14%    3085.0 sec left
CG set 756 / 5354    4712.3383 GFlop/s     (589.0423 GFlop/s per process)    14%    3084.3 sec left
CG set 757 / 5354    4712.3433 GFlop/s     (589.0429 GFlop/s per process)    14%    3083.6 sec left
CG set 758 / 5354    4712.3473 GFlop/s     (589.0434 GFlop/s per process)    14%    3082.9 sec left
CG set 759 / 5354    4712.3540 GFlop/s     (589.0443 GFlop/s per process)    14%    3082.2 sec left
CG set 760 / 5354    4712.3606 GFlop/s     (589.0451 GFlop/s per process)    14%    3081.6 sec left
CG set 761 / 5354    4712.3637 GFlop/s     (589.0455 GFlop/s per process)    14%    3080.9 sec left
CG set 762 / 5354    4712.3676 GFlop/s     (589.0459 GFlop/s per process)    14%    3080.2 sec left
CG set 763 / 5354    4712.3719 GFlop/s     (589.0465 GFlop/s per process)    14%    3079.5 sec left
CG set 764 / 5354    4712.3765 GFlop/s     (589.0471 GFlop/s per process)    14%    3078.8 sec left
CG set 765 / 5354    4712.3800 GFlop/s     (589.0475 GFlop/s per process)    14%    3078.2 sec left
CG set 766 / 5354    4712.3827 GFlop/s     (589.0478 GFlop/s per process)    14%    3077.5 sec left
CG set 767 / 5354    4712.3843 GFlop/s     (589.0480 GFlop/s per process)    14%    3076.8 sec left
CG set 768 / 5354    4712.3910 GFlop/s     (589.0489 GFlop/s per process)    14%    3076.1 sec left
CG set 769 / 5354    4712.3959 GFlop/s     (589.0495 GFlop/s per process)    14%    3075.4 sec left
CG set 770 / 5354    4712.3998 GFlop/s     (589.0500 GFlop/s per process)    14%    3074.7 sec left
CG set 771 / 5354    4712.4018 GFlop/s     (589.0502 GFlop/s per process)    14%    3074.1 sec left
CG set 772 / 5354    4712.4121 GFlop/s     (589.0515 GFlop/s per process)    14%    3073.4 sec left
CG set 773 / 5354    4712.4048 GFlop/s     (589.0506 GFlop/s per process)    14%    3072.7 sec left
CG set 774 / 5354    4712.4062 GFlop/s     (589.0508 GFlop/s per process)    14%    3072.0 sec left
CG set 775 / 5354    4712.4083 GFlop/s     (589.0510 GFlop/s per process)    14%    3071.3 sec left
CG set 776 / 5354    4712.4103 GFlop/s     (589.0513 GFlop/s per process)    14%    3070.7 sec left
CG set 777 / 5354    4712.4217 GFlop/s     (589.0527 GFlop/s per process)    14%    3070.0 sec left
CG set 778 / 5354    4712.4311 GFlop/s     (589.0539 GFlop/s per process)    14%    3069.3 sec left
CG set 779 / 5354    4712.4330 GFlop/s     (589.0541 GFlop/s per process)    14%    3068.6 sec left
CG set 780 / 5354    4712.4448 GFlop/s     (589.0556 GFlop/s per process)    14%    3067.9 sec left
CG set 781 / 5354    4712.4441 GFlop/s     (589.0555 GFlop/s per process)    14%    3067.3 sec left
CG set 782 / 5354    4712.4513 GFlop/s     (589.0564 GFlop/s per process)    14%    3066.6 sec left
CG set 783 / 5354    4712.4520 GFlop/s     (589.0565 GFlop/s per process)    14%    3065.9 sec left
CG set 784 / 5354    4712.4587 GFlop/s     (589.0573 GFlop/s per process)    14%    3065.2 sec left
CG set 785 / 5354    4712.4651 GFlop/s     (589.0581 GFlop/s per process)    14%    3064.5 sec left
CG set 786 / 5354    4712.4730 GFlop/s     (589.0591 GFlop/s per process)    14%    3063.8 sec left
CG set 787 / 5354    4712.4837 GFlop/s     (589.0605 GFlop/s per process)    14%    3063.2 sec left
CG set 788 / 5354    4712.4893 GFlop/s     (589.0612 GFlop/s per process)    14%    3062.5 sec left
CG set 789 / 5354    4712.4866 GFlop/s     (589.0608 GFlop/s per process)    14%    3061.8 sec left
CG set 790 / 5354    4712.4893 GFlop/s     (589.0612 GFlop/s per process)    14%    3061.1 sec left
CG set 791 / 5354    4712.4908 GFlop/s     (589.0613 GFlop/s per process)    14%    3060.4 sec left
CG set 792 / 5354    4712.4966 GFlop/s     (589.0621 GFlop/s per process)    14%    3059.8 sec left
CG set 793 / 5354    4712.4971 GFlop/s     (589.0621 GFlop/s per process)    14%    3059.1 sec left
CG set 794 / 5354    4712.5044 GFlop/s     (589.0631 GFlop/s per process)    14%    3058.4 sec left
CG set 795 / 5354    4712.5096 GFlop/s     (589.0637 GFlop/s per process)    14%    3057.7 sec left
CG set 796 / 5354    4712.5056 GFlop/s     (589.0632 GFlop/s per process)    14%    3057.0 sec left
CG set 797 / 5354    4712.5167 GFlop/s     (589.0646 GFlop/s per process)    14%    3056.3 sec left
CG set 798 / 5354    4712.5182 GFlop/s     (589.0648 GFlop/s per process)    14%    3055.7 sec left
CG set 799 / 5354    4712.5160 GFlop/s     (589.0645 GFlop/s per process)    14%    3055.0 sec left
CG set 800 / 5354    4712.5148 GFlop/s     (589.0643 GFlop/s per process)    14%    3054.3 sec left
CG set 801 / 5354    4712.5156 GFlop/s     (589.0645 GFlop/s per process)    14%    3053.6 sec left
CG set 802 / 5354    4712.5248 GFlop/s     (589.0656 GFlop/s per process)    14%    3052.9 sec left
CG set 803 / 5354    4712.5320 GFlop/s     (589.0665 GFlop/s per process)    14%    3052.3 sec left
CG set 804 / 5354    4712.5345 GFlop/s     (589.0668 GFlop/s per process)    15%    3051.6 sec left
CG set 805 / 5354    4712.5415 GFlop/s     (589.0677 GFlop/s per process)    15%    3050.9 sec left
CG set 806 / 5354    4712.5431 GFlop/s     (589.0679 GFlop/s per process)    15%    3050.2 sec left
CG set 807 / 5354    4712.5536 GFlop/s     (589.0692 GFlop/s per process)    15%    3049.5 sec left
CG set 808 / 5354    4712.5469 GFlop/s     (589.0684 GFlop/s per process)    15%    3048.8 sec left
CG set 809 / 5354    4712.5534 GFlop/s     (589.0692 GFlop/s per process)    15%    3048.2 sec left
CG set 810 / 5354    4712.5596 GFlop/s     (589.0699 GFlop/s per process)    15%    3047.5 sec left
CG set 811 / 5354    4712.5663 GFlop/s     (589.0708 GFlop/s per process)    15%    3046.8 sec left
CG set 812 / 5354    4712.5598 GFlop/s     (589.0700 GFlop/s per process)    15%    3046.1 sec left
CG set 813 / 5354    4712.5608 GFlop/s     (589.0701 GFlop/s per process)    15%    3045.4 sec left
CG set 814 / 5354    4712.5645 GFlop/s     (589.0706 GFlop/s per process)    15%    3044.8 sec left
CG set 815 / 5354    4712.5682 GFlop/s     (589.0710 GFlop/s per process)    15%    3044.1 sec left
CG set 816 / 5354    4712.5778 GFlop/s     (589.0722 GFlop/s per process)    15%    3043.4 sec left
CG set 817 / 5354    4712.5842 GFlop/s     (589.0730 GFlop/s per process)    15%    3042.7 sec left
CG set 818 / 5354    4712.5885 GFlop/s     (589.0736 GFlop/s per process)    15%    3042.0 sec left
CG set 819 / 5354    4712.5790 GFlop/s     (589.0724 GFlop/s per process)    15%    3041.3 sec left
CG set 820 / 5354    4712.5795 GFlop/s     (589.0724 GFlop/s per process)    15%    3040.7 sec left
CG set 821 / 5354    4712.5723 GFlop/s     (589.0715 GFlop/s per process)    15%    3040.0 sec left
CG set 822 / 5354    4712.5696 GFlop/s     (589.0712 GFlop/s per process)    15%    3039.3 sec left
CG set 823 / 5354    4712.5704 GFlop/s     (589.0713 GFlop/s per process)    15%    3038.6 sec left
CG set 824 / 5354    4712.5759 GFlop/s     (589.0720 GFlop/s per process)    15%    3037.9 sec left
CG set 825 / 5354    4712.5769 GFlop/s     (589.0721 GFlop/s per process)    15%    3037.3 sec left
CG set 826 / 5354    4712.5791 GFlop/s     (589.0724 GFlop/s per process)    15%    3036.6 sec left
CG set 827 / 5354    4712.5771 GFlop/s     (589.0721 GFlop/s per process)    15%    3035.9 sec left
CG set 828 / 5354    4712.5809 GFlop/s     (589.0726 GFlop/s per process)    15%    3035.2 sec left
CG set 829 / 5354    4712.5807 GFlop/s     (589.0726 GFlop/s per process)    15%    3034.5 sec left
CG set 830 / 5354    4712.5904 GFlop/s     (589.0738 GFlop/s per process)    15%    3033.8 sec left
CG set 831 / 5354    4712.5952 GFlop/s     (589.0744 GFlop/s per process)    15%    3033.2 sec left
CG set 832 / 5354    4712.5960 GFlop/s     (589.0745 GFlop/s per process)    15%    3032.5 sec left
CG set 833 / 5354    4712.5949 GFlop/s     (589.0744 GFlop/s per process)    15%    3031.8 sec left
CG set 834 / 5354    4712.5967 GFlop/s     (589.0746 GFlop/s per process)    15%    3031.1 sec left
CG set 835 / 5354    4712.5978 GFlop/s     (589.0747 GFlop/s per process)    15%    3030.4 sec left
CG set 836 / 5354    4712.6039 GFlop/s     (589.0755 GFlop/s per process)    15%    3029.8 sec left
CG set 837 / 5354    4712.6121 GFlop/s     (589.0765 GFlop/s per process)    15%    3029.1 sec left
CG set 838 / 5354    4712.6068 GFlop/s     (589.0759 GFlop/s per process)    15%    3028.4 sec left
CG set 839 / 5354    4712.6209 GFlop/s     (589.0776 GFlop/s per process)    15%    3027.7 sec left
CG set 840 / 5354    4712.6271 GFlop/s     (589.0784 GFlop/s per process)    15%    3027.0 sec left
CG set 841 / 5354    4712.6216 GFlop/s     (589.0777 GFlop/s per process)    15%    3026.3 sec left
CG set 842 / 5354    4712.6228 GFlop/s     (589.0778 GFlop/s per process)    15%    3025.7 sec left
CG set 843 / 5354    4712.6229 GFlop/s     (589.0779 GFlop/s per process)    15%    3025.0 sec left
CG set 844 / 5354    4712.6324 GFlop/s     (589.0790 GFlop/s per process)    15%    3024.3 sec left
CG set 845 / 5354    4712.6326 GFlop/s     (589.0791 GFlop/s per process)    15%    3023.6 sec left
CG set 846 / 5354    4712.6357 GFlop/s     (589.0795 GFlop/s per process)    15%    3022.9 sec left
CG set 847 / 5354    4712.6439 GFlop/s     (589.0805 GFlop/s per process)    15%    3022.3 sec left
CG set 848 / 5354    4712.6509 GFlop/s     (589.0814 GFlop/s per process)    15%    3021.6 sec left
CG set 849 / 5354    4712.6509 GFlop/s     (589.0814 GFlop/s per process)    15%    3020.9 sec left
CG set 850 / 5354    4712.6661 GFlop/s     (589.0833 GFlop/s per process)    15%    3020.2 sec left
CG set 851 / 5354    4712.6659 GFlop/s     (589.0832 GFlop/s per process)    15%    3019.5 sec left
CG set 852 / 5354    4712.6693 GFlop/s     (589.0837 GFlop/s per process)    15%    3018.8 sec left
CG set 853 / 5354    4712.6590 GFlop/s     (589.0824 GFlop/s per process)    15%    3018.2 sec left
CG set 854 / 5354    4712.6667 GFlop/s     (589.0833 GFlop/s per process)    15%    3017.5 sec left
CG set 855 / 5354    4712.6727 GFlop/s     (589.0841 GFlop/s per process)    15%    3016.8 sec left
CG set 856 / 5354    4712.6742 GFlop/s     (589.0843 GFlop/s per process)    15%    3016.1 sec left
CG set 857 / 5354    4712.6813 GFlop/s     (589.0852 GFlop/s per process)    16%    3015.4 sec left
CG set 858 / 5354    4712.6840 GFlop/s     (589.0855 GFlop/s per process)    16%    3014.8 sec left
CG set 859 / 5354    4712.6834 GFlop/s     (589.0854 GFlop/s per process)    16%    3014.1 sec left
CG set 860 / 5354    4712.6837 GFlop/s     (589.0855 GFlop/s per process)    16%    3013.4 sec left
CG set 861 / 5354    4712.6879 GFlop/s     (589.0860 GFlop/s per process)    16%    3012.7 sec left
CG set 862 / 5354    4712.6969 GFlop/s     (589.0871 GFlop/s per process)    16%    3012.0 sec left
CG set 863 / 5354    4712.7064 GFlop/s     (589.0883 GFlop/s per process)    16%    3011.3 sec left
CG set 864 / 5354    4712.7013 GFlop/s     (589.0877 GFlop/s per process)    16%    3010.7 sec left
CG set 865 / 5354    4712.7027 GFlop/s     (589.0878 GFlop/s per process)    16%    3010.0 sec left
CG set 866 / 5354    4712.7069 GFlop/s     (589.0884 GFlop/s per process)    16%    3009.3 sec left
CG set 867 / 5354    4712.7103 GFlop/s     (589.0888 GFlop/s per process)    16%    3008.6 sec left
CG set 868 / 5354    4712.7184 GFlop/s     (589.0898 GFlop/s per process)    16%    3007.9 sec left
CG set 869 / 5354    4712.7250 GFlop/s     (589.0906 GFlop/s per process)    16%    3007.3 sec left
CG set 870 / 5354    4712.7252 GFlop/s     (589.0907 GFlop/s per process)    16%    3006.6 sec left
CG set 871 / 5354    4712.7250 GFlop/s     (589.0906 GFlop/s per process)    16%    3005.9 sec left
CG set 872 / 5354    4712.7247 GFlop/s     (589.0906 GFlop/s per process)    16%    3005.2 sec left
CG set 873 / 5354    4712.7241 GFlop/s     (589.0905 GFlop/s per process)    16%    3004.5 sec left
CG set 874 / 5354    4712.7306 GFlop/s     (589.0913 GFlop/s per process)    16%    3003.8 sec left
CG set 875 / 5354    4712.7423 GFlop/s     (589.0928 GFlop/s per process)    16%    3003.2 sec left
CG set 876 / 5354    4712.7482 GFlop/s     (589.0935 GFlop/s per process)    16%    3002.5 sec left
CG set 877 / 5354    4712.7513 GFlop/s     (589.0939 GFlop/s per process)    16%    3001.8 sec left
CG set 878 / 5354    4712.7538 GFlop/s     (589.0942 GFlop/s per process)    16%    3001.1 sec left
CG set 879 / 5354    4712.7482 GFlop/s     (589.0935 GFlop/s per process)    16%    3000.4 sec left
CG set 880 / 5354    4712.7649 GFlop/s     (589.0956 GFlop/s per process)    16%    2999.8 sec left
CG set 881 / 5354    4712.7669 GFlop/s     (589.0959 GFlop/s per process)    16%    2999.1 sec left
CG set 882 / 5354    4712.7703 GFlop/s     (589.0963 GFlop/s per process)    16%    2998.4 sec left
CG set 883 / 5354    4712.7755 GFlop/s     (589.0969 GFlop/s per process)    16%    2997.7 sec left
CG set 884 / 5354    4712.7846 GFlop/s     (589.0981 GFlop/s per process)    16%    2997.0 sec left
CG set 885 / 5354    4712.7817 GFlop/s     (589.0977 GFlop/s per process)    16%    2996.4 sec left
CG set 886 / 5354    4712.7801 GFlop/s     (589.0975 GFlop/s per process)    16%    2995.7 sec left
CG set 887 / 5354    4712.7869 GFlop/s     (589.0984 GFlop/s per process)    16%    2995.0 sec left
CG set 888 / 5354    4712.7949 GFlop/s     (589.0994 GFlop/s per process)    16%    2994.3 sec left
CG set 889 / 5354    4712.7892 GFlop/s     (589.0987 GFlop/s per process)    16%    2993.6 sec left
CG set 890 / 5354    4712.7908 GFlop/s     (589.0989 GFlop/s per process)    16%    2992.9 sec left
CG set 891 / 5354    4712.7909 GFlop/s     (589.0989 GFlop/s per process)    16%    2992.3 sec left
CG set 892 / 5354    4712.7973 GFlop/s     (589.0997 GFlop/s per process)    16%    2991.6 sec left
CG set 893 / 5354    4712.7935 GFlop/s     (589.0992 GFlop/s per process)    16%    2990.9 sec left
CG set 894 / 5354    4712.7967 GFlop/s     (589.0996 GFlop/s per process)    16%    2990.2 sec left
CG set 895 / 5354    4712.7923 GFlop/s     (589.0990 GFlop/s per process)    16%    2989.5 sec left
CG set 896 / 5354    4712.7972 GFlop/s     (589.0996 GFlop/s per process)    16%    2988.9 sec left
CG set 897 / 5354    4712.8026 GFlop/s     (589.1003 GFlop/s per process)    16%    2988.2 sec left
CG set 898 / 5354    4712.8104 GFlop/s     (589.1013 GFlop/s per process)    16%    2987.5 sec left
CG set 899 / 5354    4712.8100 GFlop/s     (589.1013 GFlop/s per process)    16%    2986.8 sec left
CG set 900 / 5354    4712.8206 GFlop/s     (589.1026 GFlop/s per process)    16%    2986.1 sec left
CG set 901 / 5354    4712.8287 GFlop/s     (589.1036 GFlop/s per process)    16%    2985.4 sec left
CG set 902 / 5354    4712.8342 GFlop/s     (589.1043 GFlop/s per process)    16%    2984.8 sec left
CG set 903 / 5354    4712.8316 GFlop/s     (589.1039 GFlop/s per process)    16%    2984.1 sec left
CG set 904 / 5354    4712.8254 GFlop/s     (589.1032 GFlop/s per process)    16%    2983.4 sec left
CG set 905 / 5354    4712.8231 GFlop/s     (589.1029 GFlop/s per process)    16%    2982.7 sec left
CG set 906 / 5354    4712.8270 GFlop/s     (589.1034 GFlop/s per process)    16%    2982.0 sec left
CG set 907 / 5354    4712.8300 GFlop/s     (589.1037 GFlop/s per process)    16%    2981.4 sec left
CG set 908 / 5354    4712.8356 GFlop/s     (589.1045 GFlop/s per process)    16%    2980.7 sec left
CG set 909 / 5354    4712.8394 GFlop/s     (589.1049 GFlop/s per process)    16%    2980.0 sec left
CG set 910 / 5354    4712.8354 GFlop/s     (589.1044 GFlop/s per process)    16%    2979.3 sec left
CG set 911 / 5354    4712.8313 GFlop/s     (589.1039 GFlop/s per process)    17%    2978.6 sec left
CG set 912 / 5354    4712.8443 GFlop/s     (589.1055 GFlop/s per process)    17%    2977.9 sec left
CG set 913 / 5354    4712.8347 GFlop/s     (589.1043 GFlop/s per process)    17%    2977.3 sec left
CG set 914 / 5354    4712.8420 GFlop/s     (589.1053 GFlop/s per process)    17%    2976.6 sec left
CG set 915 / 5354    4712.8483 GFlop/s     (589.1060 GFlop/s per process)    17%    2975.9 sec left
CG set 916 / 5354    4712.8489 GFlop/s     (589.1061 GFlop/s per process)    17%    2975.2 sec left
CG set 917 / 5354    4712.8506 GFlop/s     (589.1063 GFlop/s per process)    17%    2974.5 sec left
CG set 918 / 5354    4712.8533 GFlop/s     (589.1067 GFlop/s per process)    17%    2973.9 sec left
CG set 919 / 5354    4712.8590 GFlop/s     (589.1074 GFlop/s per process)    17%    2973.2 sec left
CG set 920 / 5354    4712.8558 GFlop/s     (589.1070 GFlop/s per process)    17%    2972.5 sec left
CG set 921 / 5354    4712.8597 GFlop/s     (589.1075 GFlop/s per process)    17%    2971.8 sec left
CG set 922 / 5354    4712.8540 GFlop/s     (589.1067 GFlop/s per process)    17%    2971.1 sec left
CG set 923 / 5354    4712.8565 GFlop/s     (589.1071 GFlop/s per process)    17%    2970.4 sec left
CG set 924 / 5354    4712.8669 GFlop/s     (589.1084 GFlop/s per process)    17%    2969.8 sec left
CG set 925 / 5354    4712.8741 GFlop/s     (589.1093 GFlop/s per process)    17%    2969.1 sec left
CG set 926 / 5354    4712.8783 GFlop/s     (589.1098 GFlop/s per process)    17%    2968.4 sec left
CG set 927 / 5354    4712.8765 GFlop/s     (589.1096 GFlop/s per process)    17%    2967.7 sec left
CG set 928 / 5354    4712.8723 GFlop/s     (589.1090 GFlop/s per process)    17%    2967.0 sec left
CG set 929 / 5354    4712.8763 GFlop/s     (589.1095 GFlop/s per process)    17%    2966.4 sec left
CG set 930 / 5354    4712.8832 GFlop/s     (589.1104 GFlop/s per process)    17%    2965.7 sec left
CG set 931 / 5354    4712.8911 GFlop/s     (589.1114 GFlop/s per process)    17%    2965.0 sec left
CG set 932 / 5354    4712.8899 GFlop/s     (589.1112 GFlop/s per process)    17%    2964.3 sec left
CG set 933 / 5354    4712.9078 GFlop/s     (589.1135 GFlop/s per process)    17%    2963.6 sec left
CG set 934 / 5354    4712.9137 GFlop/s     (589.1142 GFlop/s per process)    17%    2962.9 sec left
CG set 935 / 5354    4712.9172 GFlop/s     (589.1147 GFlop/s per process)    17%    2962.3 sec left
CG set 936 / 5354    4712.9185 GFlop/s     (589.1148 GFlop/s per process)    17%    2961.6 sec left
CG set 937 / 5354    4712.9219 GFlop/s     (589.1152 GFlop/s per process)    17%    2960.9 sec left
CG set 938 / 5354    4712.9234 GFlop/s     (589.1154 GFlop/s per process)    17%    2960.2 sec left
CG set 939 / 5354    4712.9224 GFlop/s     (589.1153 GFlop/s per process)    17%    2959.5 sec left
CG set 940 / 5354    4712.9254 GFlop/s     (589.1157 GFlop/s per process)    17%    2958.9 sec left
CG set 941 / 5354    4712.9264 GFlop/s     (589.1158 GFlop/s per process)    17%    2958.2 sec left
CG set 942 / 5354    4712.9297 GFlop/s     (589.1162 GFlop/s per process)    17%    2957.5 sec left
CG set 943 / 5354    4712.9329 GFlop/s     (589.1166 GFlop/s per process)    17%    2956.8 sec left
CG set 944 / 5354    4712.9431 GFlop/s     (589.1179 GFlop/s per process)    17%    2956.1 sec left
CG set 945 / 5354    4712.9511 GFlop/s     (589.1189 GFlop/s per process)    17%    2955.5 sec left
CG set 946 / 5354    4712.9497 GFlop/s     (589.1187 GFlop/s per process)    17%    2954.8 sec left
CG set 947 / 5354    4712.9585 GFlop/s     (589.1198 GFlop/s per process)    17%    2954.1 sec left
CG set 948 / 5354    4712.9638 GFlop/s     (589.1205 GFlop/s per process)    17%    2953.4 sec left
CG set 949 / 5354    4712.9681 GFlop/s     (589.1210 GFlop/s per process)    17%    2952.7 sec left
CG set 950 / 5354    4712.9772 GFlop/s     (589.1221 GFlop/s per process)    17%    2952.0 sec left
CG set 951 / 5354    4712.9759 GFlop/s     (589.1220 GFlop/s per process)    17%    2951.4 sec left
CG set 952 / 5354    4712.9812 GFlop/s     (589.1226 GFlop/s per process)    17%    2950.7 sec left
CG set 953 / 5354    4712.9807 GFlop/s     (589.1226 GFlop/s per process)    17%    2950.0 sec left
CG set 954 / 5354    4712.9836 GFlop/s     (589.1230 GFlop/s per process)    17%    2949.3 sec left
CG set 955 / 5354    4712.9772 GFlop/s     (589.1222 GFlop/s per process)    17%    2948.6 sec left
CG set 956 / 5354    4712.9803 GFlop/s     (589.1225 GFlop/s per process)    17%    2948.0 sec left
CG set 957 / 5354    4712.9795 GFlop/s     (589.1224 GFlop/s per process)    17%    2947.3 sec left
CG set 958 / 5354    4712.9824 GFlop/s     (589.1228 GFlop/s per process)    17%    2946.6 sec left
CG set 959 / 5354    4712.9905 GFlop/s     (589.1238 GFlop/s per process)    17%    2945.9 sec left
CG set 960 / 5354    4712.9956 GFlop/s     (589.1245 GFlop/s per process)    17%    2945.2 sec left
CG set 961 / 5354    4713.0032 GFlop/s     (589.1254 GFlop/s per process)    17%    2944.5 sec left
CG set 962 / 5354    4712.9944 GFlop/s     (589.1243 GFlop/s per process)    17%    2943.9 sec left
CG set 963 / 5354    4712.9915 GFlop/s     (589.1239 GFlop/s per process)    17%    2943.2 sec left
CG set 964 / 5354    4712.9955 GFlop/s     (589.1244 GFlop/s per process)    18%    2942.5 sec left
CG set 965 / 5354    4712.9995 GFlop/s     (589.1249 GFlop/s per process)    18%    2941.8 sec left
CG set 966 / 5354    4712.9956 GFlop/s     (589.1245 GFlop/s per process)    18%    2941.1 sec left
CG set 967 / 5354    4713.0000 GFlop/s     (589.1250 GFlop/s per process)    18%    2940.5 sec left
CG set 968 / 5354    4712.9990 GFlop/s     (589.1249 GFlop/s per process)    18%    2939.8 sec left
CG set 969 / 5354    4712.9918 GFlop/s     (589.1240 GFlop/s per process)    18%    2939.1 sec left
CG set 970 / 5354    4712.9886 GFlop/s     (589.1236 GFlop/s per process)    18%    2938.4 sec left
CG set 971 / 5354    4712.9829 GFlop/s     (589.1229 GFlop/s per process)    18%    2937.7 sec left
CG set 972 / 5354    4712.9845 GFlop/s     (589.1231 GFlop/s per process)    18%    2937.0 sec left
CG set 973 / 5354    4712.9903 GFlop/s     (589.1238 GFlop/s per process)    18%    2936.4 sec left
CG set 974 / 5354    4713.0040 GFlop/s     (589.1255 GFlop/s per process)    18%    2935.7 sec left
CG set 975 / 5354    4713.0035 GFlop/s     (589.1254 GFlop/s per process)    18%    2935.0 sec left
CG set 976 / 5354    4713.0012 GFlop/s     (589.1252 GFlop/s per process)    18%    2934.3 sec left
CG set 977 / 5354    4713.0121 GFlop/s     (589.1265 GFlop/s per process)    18%    2933.6 sec left
CG set 978 / 5354    4713.0080 GFlop/s     (589.1260 GFlop/s per process)    18%    2933.0 sec left
CG set 979 / 5354    4713.0131 GFlop/s     (589.1266 GFlop/s per process)    18%    2932.3 sec left
CG set 980 / 5354    4713.0194 GFlop/s     (589.1274 GFlop/s per process)    18%    2931.6 sec left
CG set 981 / 5354    4713.0141 GFlop/s     (589.1268 GFlop/s per process)    18%    2930.9 sec left
CG set 982 / 5354    4713.0169 GFlop/s     (589.1271 GFlop/s per process)    18%    2930.2 sec left
CG set 983 / 5354    4713.0209 GFlop/s     (589.1276 GFlop/s per process)    18%    2929.5 sec left
CG set 984 / 5354    4713.0209 GFlop/s     (589.1276 GFlop/s per process)    18%    2928.9 sec left
CG set 985 / 5354    4713.0269 GFlop/s     (589.1284 GFlop/s per process)    18%    2928.2 sec left
CG set 986 / 5354    4713.0270 GFlop/s     (589.1284 GFlop/s per process)    18%    2927.5 sec left
CG set 987 / 5354    4713.0286 GFlop/s     (589.1286 GFlop/s per process)    18%    2926.8 sec left
CG set 988 / 5354    4713.0353 GFlop/s     (589.1294 GFlop/s per process)    18%    2926.1 sec left
CG set 989 / 5354    4713.0462 GFlop/s     (589.1308 GFlop/s per process)    18%    2925.5 sec left
CG set 990 / 5354    4713.0467 GFlop/s     (589.1308 GFlop/s per process)    18%    2924.8 sec left
CG set 991 / 5354    4713.0406 GFlop/s     (589.1301 GFlop/s per process)    18%    2924.1 sec left
CG set 992 / 5354    4713.0378 GFlop/s     (589.1297 GFlop/s per process)    18%    2923.4 sec left
CG set 993 / 5354    4713.0401 GFlop/s     (589.1300 GFlop/s per process)    18%    2922.7 sec left
CG set 994 / 5354    4713.0449 GFlop/s     (589.1306 GFlop/s per process)    18%    2922.0 sec left
CG set 995 / 5354    4713.0511 GFlop/s     (589.1314 GFlop/s per process)    18%    2921.4 sec left
CG set 996 / 5354    4713.0563 GFlop/s     (589.1320 GFlop/s per process)    18%    2920.7 sec left
CG set 997 / 5354    4713.0572 GFlop/s     (589.1321 GFlop/s per process)    18%    2920.0 sec left
CG set 998 / 5354    4713.0602 GFlop/s     (589.1325 GFlop/s per process)    18%    2919.3 sec left
CG set 999 / 5354    4713.0662 GFlop/s     (589.1333 GFlop/s per process)    18%    2918.6 sec left
CG set 1000 / 5354    4713.0778 GFlop/s     (589.1347 GFlop/s per process)    18%    2918.0 sec left
CG set 1001 / 5354    4713.0909 GFlop/s     (589.1364 GFlop/s per process)    18%    2917.3 sec left
CG set 1002 / 5354    4713.0963 GFlop/s     (589.1370 GFlop/s per process)    18%    2916.6 sec left
CG set 1003 / 5354    4713.1026 GFlop/s     (589.1378 GFlop/s per process)    18%    2915.9 sec left
CG set 1004 / 5354    4713.1043 GFlop/s     (589.1380 GFlop/s per process)    18%    2915.2 sec left
CG set 1005 / 5354    4713.1075 GFlop/s     (589.1384 GFlop/s per process)    18%    2914.6 sec left
CG set 1006 / 5354    4713.1055 GFlop/s     (589.1382 GFlop/s per process)    18%    2913.9 sec left
CG set 1007 / 5354    4713.1084 GFlop/s     (589.1386 GFlop/s per process)    18%    2913.2 sec left
CG set 1008 / 5354    4713.1064 GFlop/s     (589.1383 GFlop/s per process)    18%    2912.5 sec left
CG set 1009 / 5354    4713.0986 GFlop/s     (589.1373 GFlop/s per process)    18%    2911.8 sec left
CG set 1010 / 5354    4713.1067 GFlop/s     (589.1383 GFlop/s per process)    18%    2911.1 sec left
CG set 1011 / 5354    4713.1028 GFlop/s     (589.1378 GFlop/s per process)    18%    2910.5 sec left
CG set 1012 / 5354    4713.1077 GFlop/s     (589.1385 GFlop/s per process)    18%    2909.8 sec left
CG set 1013 / 5354    4713.1074 GFlop/s     (589.1384 GFlop/s per process)    18%    2909.1 sec left
CG set 1014 / 5354    4713.1057 GFlop/s     (589.1382 GFlop/s per process)    18%    2908.4 sec left
CG set 1015 / 5354    4713.1117 GFlop/s     (589.1390 GFlop/s per process)    18%    2907.7 sec left
CG set 1016 / 5354    4713.1145 GFlop/s     (589.1393 GFlop/s per process)    18%    2907.0 sec left
CG set 1017 / 5354    4713.1202 GFlop/s     (589.1400 GFlop/s per process)    18%    2906.4 sec left
CG set 1018 / 5354    4713.1262 GFlop/s     (589.1408 GFlop/s per process)    19%    2905.7 sec left
CG set 1019 / 5354    4713.1279 GFlop/s     (589.1410 GFlop/s per process)    19%    2905.0 sec left
CG set 1020 / 5354    4713.1372 GFlop/s     (589.1421 GFlop/s per process)    19%    2904.3 sec left
CG set 1021 / 5354    4713.1301 GFlop/s     (589.1413 GFlop/s per process)    19%    2903.6 sec left
CG set 1022 / 5354    4713.1351 GFlop/s     (589.1419 GFlop/s per process)    19%    2903.0 sec left
CG set 1023 / 5354    4713.1339 GFlop/s     (589.1417 GFlop/s per process)    19%    2902.3 sec left
CG set 1024 / 5354    4713.1345 GFlop/s     (589.1418 GFlop/s per process)    19%    2901.6 sec left
CG set 1025 / 5354    4713.1382 GFlop/s     (589.1423 GFlop/s per process)    19%    2900.9 sec left
CG set 1026 / 5354    4713.1465 GFlop/s     (589.1433 GFlop/s per process)    19%    2900.2 sec left
CG set 1027 / 5354    4713.1563 GFlop/s     (589.1445 GFlop/s per process)    19%    2899.6 sec left
CG set 1028 / 5354    4713.1556 GFlop/s     (589.1444 GFlop/s per process)    19%    2898.9 sec left
CG set 1029 / 5354    4713.1583 GFlop/s     (589.1448 GFlop/s per process)    19%    2898.2 sec left
CG set 1030 / 5354    4713.1595 GFlop/s     (589.1449 GFlop/s per process)    19%    2897.5 sec left
CG set 1031 / 5354    4713.1638 GFlop/s     (589.1455 GFlop/s per process)    19%    2896.8 sec left
CG set 1032 / 5354    4713.1680 GFlop/s     (589.1460 GFlop/s per process)    19%    2896.1 sec left
CG set 1033 / 5354    4713.1708 GFlop/s     (589.1464 GFlop/s per process)    19%    2895.5 sec left
CG set 1034 / 5354    4713.1672 GFlop/s     (589.1459 GFlop/s per process)    19%    2894.8 sec left
CG set 1035 / 5354    4713.1755 GFlop/s     (589.1469 GFlop/s per process)    19%    2894.1 sec left
CG set 1036 / 5354    4713.1757 GFlop/s     (589.1470 GFlop/s per process)    19%    2893.4 sec left
CG set 1037 / 5354    4713.1791 GFlop/s     (589.1474 GFlop/s per process)    19%    2892.7 sec left
CG set 1038 / 5354    4713.1799 GFlop/s     (589.1475 GFlop/s per process)    19%    2892.1 sec left
CG set 1039 / 5354    4713.1791 GFlop/s     (589.1474 GFlop/s per process)    19%    2891.4 sec left
CG set 1040 / 5354    4713.1834 GFlop/s     (589.1479 GFlop/s per process)    19%    2890.7 sec left
CG set 1041 / 5354    4713.1876 GFlop/s     (589.1484 GFlop/s per process)    19%    2890.0 sec left
CG set 1042 / 5354    4713.1931 GFlop/s     (589.1491 GFlop/s per process)    19%    2889.3 sec left
CG set 1043 / 5354    4713.1984 GFlop/s     (589.1498 GFlop/s per process)    19%    2888.6 sec left
CG set 1044 / 5354    4713.2051 GFlop/s     (589.1506 GFlop/s per process)    19%    2888.0 sec left
CG set 1045 / 5354    4713.2105 GFlop/s     (589.1513 GFlop/s per process)    19%    2887.3 sec left
CG set 1046 / 5354    4713.2095 GFlop/s     (589.1512 GFlop/s per process)    19%    2886.6 sec left
CG set 1047 / 5354    4713.2071 GFlop/s     (589.1509 GFlop/s per process)    19%    2885.9 sec left
CG set 1048 / 5354    4713.2082 GFlop/s     (589.1510 GFlop/s per process)    19%    2885.2 sec left
CG set 1049 / 5354    4713.2161 GFlop/s     (589.1520 GFlop/s per process)    19%    2884.6 sec left
CG set 1050 / 5354    4713.2146 GFlop/s     (589.1518 GFlop/s per process)    19%    2883.9 sec left
CG set 1051 / 5354    4713.2117 GFlop/s     (589.1515 GFlop/s per process)    19%    2883.2 sec left
CG set 1052 / 5354    4713.2166 GFlop/s     (589.1521 GFlop/s per process)    19%    2882.5 sec left
CG set 1053 / 5354    4713.2131 GFlop/s     (589.1516 GFlop/s per process)    19%    2881.8 sec left
CG set 1054 / 5354    4713.2157 GFlop/s     (589.1520 GFlop/s per process)    19%    2881.1 sec left
CG set 1055 / 5354    4713.2230 GFlop/s     (589.1529 GFlop/s per process)    19%    2880.5 sec left
CG set 1056 / 5354    4713.2217 GFlop/s     (589.1527 GFlop/s per process)    19%    2879.8 sec left
CG set 1057 / 5354    4713.2296 GFlop/s     (589.1537 GFlop/s per process)    19%    2879.1 sec left
CG set 1058 / 5354    4713.2276 GFlop/s     (589.1535 GFlop/s per process)    19%    2878.4 sec left
CG set 1059 / 5354    4713.2302 GFlop/s     (589.1538 GFlop/s per process)    19%    2877.7 sec left
CG set 1060 / 5354    4713.2273 GFlop/s     (589.1534 GFlop/s per process)    19%    2877.1 sec left
CG set 1061 / 5354    4713.2265 GFlop/s     (589.1533 GFlop/s per process)    19%    2876.4 sec left
CG set 1062 / 5354    4713.2322 GFlop/s     (589.1540 GFlop/s per process)    19%    2875.7 sec left
CG set 1063 / 5354    4713.2341 GFlop/s     (589.1543 GFlop/s per process)    19%    2875.0 sec left
CG set 1064 / 5354    4713.2351 GFlop/s     (589.1544 GFlop/s per process)    19%    2874.3 sec left
CG set 1065 / 5354    4713.2339 GFlop/s     (589.1542 GFlop/s per process)    19%    2873.6 sec left
CG set 1066 / 5354    4713.2374 GFlop/s     (589.1547 GFlop/s per process)    19%    2873.0 sec left
CG set 1067 / 5354    4713.2424 GFlop/s     (589.1553 GFlop/s per process)    19%    2872.3 sec left
CG set 1068 / 5354    4713.2458 GFlop/s     (589.1557 GFlop/s per process)    19%    2871.6 sec left
CG set 1069 / 5354    4713.2468 GFlop/s     (589.1559 GFlop/s per process)    19%    2870.9 sec left
CG set 1070 / 5354    4713.2452 GFlop/s     (589.1556 GFlop/s per process)    19%    2870.2 sec left
CG set 1071 / 5354    4713.2466 GFlop/s     (589.1558 GFlop/s per process)    20%    2869.6 sec left
CG set 1072 / 5354    4713.2499 GFlop/s     (589.1562 GFlop/s per process)    20%    2868.9 sec left
CG set 1073 / 5354    4713.2474 GFlop/s     (589.1559 GFlop/s per process)    20%    2868.2 sec left
CG set 1074 / 5354    4713.2517 GFlop/s     (589.1565 GFlop/s per process)    20%    2867.5 sec left
CG set 1075 / 5354    4713.2529 GFlop/s     (589.1566 GFlop/s per process)    20%    2866.8 sec left
CG set 1076 / 5354    4713.2539 GFlop/s     (589.1567 GFlop/s per process)    20%    2866.1 sec left
CG set 1077 / 5354    4713.2537 GFlop/s     (589.1567 GFlop/s per process)    20%    2865.5 sec left
CG set 1078 / 5354    4713.2571 GFlop/s     (589.1571 GFlop/s per process)    20%    2864.8 sec left
CG set 1079 / 5354    4713.2639 GFlop/s     (589.1580 GFlop/s per process)    20%    2864.1 sec left
CG set 1080 / 5354    4713.2673 GFlop/s     (589.1584 GFlop/s per process)    20%    2863.4 sec left
CG set 1081 / 5354    4713.2676 GFlop/s     (589.1585 GFlop/s per process)    20%    2862.7 sec left
CG set 1082 / 5354    4713.2695 GFlop/s     (589.1587 GFlop/s per process)    20%    2862.1 sec left
CG set 1083 / 5354    4713.2713 GFlop/s     (589.1589 GFlop/s per process)    20%    2861.4 sec left
CG set 1084 / 5354    4713.2754 GFlop/s     (589.1594 GFlop/s per process)    20%    2860.7 sec left
CG set 1085 / 5354    4713.2708 GFlop/s     (589.1589 GFlop/s per process)    20%    2860.0 sec left
CG set 1086 / 5354    4713.2687 GFlop/s     (589.1586 GFlop/s per process)    20%    2859.3 sec left
CG set 1087 / 5354    4713.2775 GFlop/s     (589.1597 GFlop/s per process)    20%    2858.7 sec left
CG set 1088 / 5354    4713.2780 GFlop/s     (589.1597 GFlop/s per process)    20%    2858.0 sec left
CG set 1089 / 5354    4713.2832 GFlop/s     (589.1604 GFlop/s per process)    20%    2857.3 sec left
CG set 1090 / 5354    4713.2874 GFlop/s     (589.1609 GFlop/s per process)    20%    2856.6 sec left
CG set 1091 / 5354    4713.2846 GFlop/s     (589.1606 GFlop/s per process)    20%    2855.9 sec left
CG set 1092 / 5354    4713.2785 GFlop/s     (589.1598 GFlop/s per process)    20%    2855.2 sec left
CG set 1093 / 5354    4713.2801 GFlop/s     (589.1600 GFlop/s per process)    20%    2854.6 sec left
CG set 1094 / 5354    4713.2874 GFlop/s     (589.1609 GFlop/s per process)    20%    2853.9 sec left
CG set 1095 / 5354    4713.2923 GFlop/s     (589.1615 GFlop/s per process)    20%    2853.2 sec left
CG set 1096 / 5354    4713.2937 GFlop/s     (589.1617 GFlop/s per process)    20%    2852.5 sec left
CG set 1097 / 5354    4713.3011 GFlop/s     (589.1626 GFlop/s per process)    20%    2851.8 sec left
CG set 1098 / 5354    4713.3075 GFlop/s     (589.1634 GFlop/s per process)    20%    2851.2 sec left
CG set 1099 / 5354    4713.3059 GFlop/s     (589.1632 GFlop/s per process)    20%    2850.5 sec left
CG set 1100 / 5354    4713.3092 GFlop/s     (589.1637 GFlop/s per process)    20%    2849.8 sec left
CG set 1101 / 5354    4713.3146 GFlop/s     (589.1643 GFlop/s per process)    20%    2849.1 sec left
CG set 1102 / 5354    4713.3166 GFlop/s     (589.1646 GFlop/s per process)    20%    2848.4 sec left
CG set 1103 / 5354    4713.3196 GFlop/s     (589.1649 GFlop/s per process)    20%    2847.7 sec left
CG set 1104 / 5354    4713.3177 GFlop/s     (589.1647 GFlop/s per process)    20%    2847.1 sec left
CG set 1105 / 5354    4713.3191 GFlop/s     (589.1649 GFlop/s per process)    20%    2846.4 sec left
CG set 1106 / 5354    4713.3181 GFlop/s     (589.1648 GFlop/s per process)    20%    2845.7 sec left
CG set 1107 / 5354    4713.3132 GFlop/s     (589.1641 GFlop/s per process)    20%    2845.0 sec left
CG set 1108 / 5354    4713.3158 GFlop/s     (589.1645 GFlop/s per process)    20%    2844.3 sec left
CG set 1109 / 5354    4713.3037 GFlop/s     (589.1630 GFlop/s per process)    20%    2843.7 sec left
CG set 1110 / 5354    4713.3039 GFlop/s     (589.1630 GFlop/s per process)    20%    2843.0 sec left
CG set 1111 / 5354    4713.3023 GFlop/s     (589.1628 GFlop/s per process)    20%    2842.3 sec left
CG set 1112 / 5354    4713.3110 GFlop/s     (589.1639 GFlop/s per process)    20%    2841.6 sec left
CG set 1113 / 5354    4713.3085 GFlop/s     (589.1636 GFlop/s per process)    20%    2840.9 sec left
CG set 1114 / 5354    4713.3043 GFlop/s     (589.1630 GFlop/s per process)    20%    2840.2 sec left
CG set 1115 / 5354    4713.3032 GFlop/s     (589.1629 GFlop/s per process)    20%    2839.6 sec left
CG set 1116 / 5354    4713.3033 GFlop/s     (589.1629 GFlop/s per process)    20%    2838.9 sec left
CG set 1117 / 5354    4713.3122 GFlop/s     (589.1640 GFlop/s per process)    20%    2838.2 sec left
CG set 1118 / 5354    4713.3130 GFlop/s     (589.1641 GFlop/s per process)    20%    2837.5 sec left
CG set 1119 / 5354    4713.3151 GFlop/s     (589.1644 GFlop/s per process)    20%    2836.8 sec left
CG set 1120 / 5354    4713.3181 GFlop/s     (589.1648 GFlop/s per process)    20%    2836.2 sec left
CG set 1121 / 5354    4713.3201 GFlop/s     (589.1650 GFlop/s per process)    20%    2835.5 sec left
CG set 1122 / 5354    4713.3250 GFlop/s     (589.1656 GFlop/s per process)    20%    2834.8 sec left
CG set 1123 / 5354    4713.3258 GFlop/s     (589.1657 GFlop/s per process)    20%    2834.1 sec left
CG set 1124 / 5354    4713.3233 GFlop/s     (589.1654 GFlop/s per process)    20%    2833.4 sec left
CG set 1125 / 5354    4713.3244 GFlop/s     (589.1655 GFlop/s per process)    21%    2832.7 sec left
CG set 1126 / 5354    4713.3150 GFlop/s     (589.1644 GFlop/s per process)    21%    2832.1 sec left
CG set 1127 / 5354    4713.3181 GFlop/s     (589.1648 GFlop/s per process)    21%    2831.4 sec left
CG set 1128 / 5354    4713.3175 GFlop/s     (589.1647 GFlop/s per process)    21%    2830.7 sec left
CG set 1129 / 5354    4713.3221 GFlop/s     (589.1653 GFlop/s per process)    21%    2830.0 sec left
CG set 1130 / 5354    4713.3164 GFlop/s     (589.1645 GFlop/s per process)    21%    2829.3 sec left
CG set 1131 / 5354    4713.3182 GFlop/s     (589.1648 GFlop/s per process)    21%    2828.6 sec left
CG set 1132 / 5354    4713.3186 GFlop/s     (589.1648 GFlop/s per process)    21%    2828.0 sec left
CG set 1133 / 5354    4713.3174 GFlop/s     (589.1647 GFlop/s per process)    21%    2827.3 sec left
CG set 1134 / 5354    4713.3158 GFlop/s     (589.1645 GFlop/s per process)    21%    2826.6 sec left
CG set 1135 / 5354    4713.3188 GFlop/s     (589.1649 GFlop/s per process)    21%    2825.9 sec left
CG set 1136 / 5354    4713.3190 GFlop/s     (589.1649 GFlop/s per process)    21%    2825.2 sec left
CG set 1137 / 5354    4713.3256 GFlop/s     (589.1657 GFlop/s per process)    21%    2824.6 sec left
CG set 1138 / 5354    4713.3198 GFlop/s     (589.1650 GFlop/s per process)    21%    2823.9 sec left
CG set 1139 / 5354    4713.3188 GFlop/s     (589.1648 GFlop/s per process)    21%    2823.2 sec left
CG set 1140 / 5354    4713.3228 GFlop/s     (589.1653 GFlop/s per process)    21%    2822.5 sec left
CG set 1141 / 5354    4713.3265 GFlop/s     (589.1658 GFlop/s per process)    21%    2821.8 sec left
CG set 1142 / 5354    4713.3253 GFlop/s     (589.1657 GFlop/s per process)    21%    2821.1 sec left
CG set 1143 / 5354    4713.3203 GFlop/s     (589.1650 GFlop/s per process)    21%    2820.5 sec left
CG set 1144 / 5354    4713.3188 GFlop/s     (589.1649 GFlop/s per process)    21%    2819.8 sec left
CG set 1145 / 5354    4713.3239 GFlop/s     (589.1655 GFlop/s per process)    21%    2819.1 sec left
CG set 1146 / 5354    4713.3210 GFlop/s     (589.1651 GFlop/s per process)    21%    2818.4 sec left
CG set 1147 / 5354    4713.3161 GFlop/s     (589.1645 GFlop/s per process)    21%    2817.7 sec left
CG set 1148 / 5354    4713.3220 GFlop/s     (589.1652 GFlop/s per process)    21%    2817.1 sec left
CG set 1149 / 5354    4713.3238 GFlop/s     (589.1655 GFlop/s per process)    21%    2816.4 sec left
CG set 1150 / 5354    4713.3298 GFlop/s     (589.1662 GFlop/s per process)    21%    2815.7 sec left
CG set 1151 / 5354    4713.3282 GFlop/s     (589.1660 GFlop/s per process)    21%    2815.0 sec left
CG set 1152 / 5354    4713.3311 GFlop/s     (589.1664 GFlop/s per process)    21%    2814.3 sec left
CG set 1153 / 5354    4713.3321 GFlop/s     (589.1665 GFlop/s per process)    21%    2813.6 sec left
CG set 1154 / 5354    4713.3325 GFlop/s     (589.1666 GFlop/s per process)    21%    2813.0 sec left
CG set 1155 / 5354    4713.3349 GFlop/s     (589.1669 GFlop/s per process)    21%    2812.3 sec left
CG set 1156 / 5354    4713.3344 GFlop/s     (589.1668 GFlop/s per process)    21%    2811.6 sec left
CG set 1157 / 5354    4713.3354 GFlop/s     (589.1669 GFlop/s per process)    21%    2810.9 sec left
CG set 1158 / 5354    4713.3393 GFlop/s     (589.1674 GFlop/s per process)    21%    2810.2 sec left
CG set 1159 / 5354    4713.3413 GFlop/s     (589.1677 GFlop/s per process)    21%    2809.6 sec left
CG set 1160 / 5354    4713.3377 GFlop/s     (589.1672 GFlop/s per process)    21%    2808.9 sec left
CG set 1161 / 5354    4713.3309 GFlop/s     (589.1664 GFlop/s per process)    21%    2808.2 sec left
CG set 1162 / 5354    4713.3368 GFlop/s     (589.1671 GFlop/s per process)    21%    2807.5 sec left
CG set 1163 / 5354    4713.3363 GFlop/s     (589.1670 GFlop/s per process)    21%    2806.8 sec left
CG set 1164 / 5354    4713.3387 GFlop/s     (589.1673 GFlop/s per process)    21%    2806.1 sec left
CG set 1165 / 5354    4713.3450 GFlop/s     (589.1681 GFlop/s per process)    21%    2805.5 sec left
CG set 1166 / 5354    4713.3489 GFlop/s     (589.1686 GFlop/s per process)    21%    2804.8 sec left
CG set 1167 / 5354    4713.3518 GFlop/s     (589.1690 GFlop/s per process)    21%    2804.1 sec left
CG set 1168 / 5354    4713.3470 GFlop/s     (589.1684 GFlop/s per process)    21%    2803.4 sec left
CG set 1169 / 5354    4713.3493 GFlop/s     (589.1687 GFlop/s per process)    21%    2802.7 sec left
CG set 1170 / 5354    4713.3522 GFlop/s     (589.1690 GFlop/s per process)    21%    2802.1 sec left
CG set 1171 / 5354    4713.3511 GFlop/s     (589.1689 GFlop/s per process)    21%    2801.4 sec left
CG set 1172 / 5354    4713.3534 GFlop/s     (589.1692 GFlop/s per process)    21%    2800.7 sec left
CG set 1173 / 5354    4713.3505 GFlop/s     (589.1688 GFlop/s per process)    21%    2800.0 sec left
CG set 1174 / 5354    4713.3560 GFlop/s     (589.1695 GFlop/s per process)    21%    2799.3 sec left
CG set 1175 / 5354    4713.3560 GFlop/s     (589.1695 GFlop/s per process)    21%    2798.6 sec left
CG set 1176 / 5354    4713.3546 GFlop/s     (589.1693 GFlop/s per process)    21%    2798.0 sec left
CG set 1177 / 5354    4713.3571 GFlop/s     (589.1696 GFlop/s per process)    21%    2797.3 sec left
CG set 1178 / 5354    4713.3572 GFlop/s     (589.1697 GFlop/s per process)    22%    2796.6 sec left
CG set 1179 / 5354    4713.3619 GFlop/s     (589.1702 GFlop/s per process)    22%    2795.9 sec left
CG set 1180 / 5354    4713.3642 GFlop/s     (589.1705 GFlop/s per process)    22%    2795.2 sec left
CG set 1181 / 5354    4713.3628 GFlop/s     (589.1704 GFlop/s per process)    22%    2794.6 sec left
CG set 1182 / 5354    4713.3713 GFlop/s     (589.1714 GFlop/s per process)    22%    2793.9 sec left
CG set 1183 / 5354    4713.3696 GFlop/s     (589.1712 GFlop/s per process)    22%    2793.2 sec left
CG set 1184 / 5354    4713.3751 GFlop/s     (589.1719 GFlop/s per process)    22%    2792.5 sec left
CG set 1185 / 5354    4713.3743 GFlop/s     (589.1718 GFlop/s per process)    22%    2791.8 sec left
CG set 1186 / 5354    4713.3799 GFlop/s     (589.1725 GFlop/s per process)    22%    2791.1 sec left
CG set 1187 / 5354    4713.3802 GFlop/s     (589.1725 GFlop/s per process)    22%    2790.5 sec left
CG set 1188 / 5354    4713.3809 GFlop/s     (589.1726 GFlop/s per process)    22%    2789.8 sec left
CG set 1189 / 5354    4713.3877 GFlop/s     (589.1735 GFlop/s per process)    22%    2789.1 sec left
CG set 1190 / 5354    4713.3950 GFlop/s     (589.1744 GFlop/s per process)    22%    2788.4 sec left
CG set 1191 / 5354    4713.3984 GFlop/s     (589.1748 GFlop/s per process)    22%    2787.7 sec left
CG set 1192 / 5354    4713.3988 GFlop/s     (589.1749 GFlop/s per process)    22%    2787.1 sec left
CG set 1193 / 5354    4713.3962 GFlop/s     (589.1745 GFlop/s per process)    22%    2786.4 sec left
CG set 1194 / 5354    4713.4011 GFlop/s     (589.1751 GFlop/s per process)    22%    2785.7 sec left
CG set 1195 / 5354    4713.3930 GFlop/s     (589.1741 GFlop/s per process)    22%    2785.0 sec left
CG set 1196 / 5354    4713.4018 GFlop/s     (589.1752 GFlop/s per process)    22%    2784.3 sec left
CG set 1197 / 5354    4713.4062 GFlop/s     (589.1758 GFlop/s per process)    22%    2783.7 sec left
CG set 1198 / 5354    4713.4061 GFlop/s     (589.1758 GFlop/s per process)    22%    2783.0 sec left
CG set 1199 / 5354    4713.4083 GFlop/s     (589.1760 GFlop/s per process)    22%    2782.3 sec left
CG set 1200 / 5354    4713.4098 GFlop/s     (589.1762 GFlop/s per process)    22%    2781.6 sec left
CG set 1201 / 5354    4713.4112 GFlop/s     (589.1764 GFlop/s per process)    22%    2780.9 sec left
CG set 1202 / 5354    4713.4154 GFlop/s     (589.1769 GFlop/s per process)    22%    2780.2 sec left
CG set 1203 / 5354    4713.4173 GFlop/s     (589.1772 GFlop/s per process)    22%    2779.6 sec left
CG set 1204 / 5354    4713.4211 GFlop/s     (589.1776 GFlop/s per process)    22%    2778.9 sec left
CG set 1205 / 5354    4713.4178 GFlop/s     (589.1772 GFlop/s per process)    22%    2778.2 sec left
CG set 1206 / 5354    4713.4123 GFlop/s     (589.1765 GFlop/s per process)    22%    2777.5 sec left
CG set 1207 / 5354    4713.4108 GFlop/s     (589.1764 GFlop/s per process)    22%    2776.8 sec left
CG set 1208 / 5354    4713.4051 GFlop/s     (589.1756 GFlop/s per process)    22%    2776.1 sec left
CG set 1209 / 5354    4713.4055 GFlop/s     (589.1757 GFlop/s per process)    22%    2775.5 sec left
CG set 1210 / 5354    4713.4077 GFlop/s     (589.1760 GFlop/s per process)    22%    2774.8 sec left
CG set 1211 / 5354    4713.4055 GFlop/s     (589.1757 GFlop/s per process)    22%    2774.1 sec left
CG set 1212 / 5354    4713.3976 GFlop/s     (589.1747 GFlop/s per process)    22%    2773.4 sec left
CG set 1213 / 5354    4713.3979 GFlop/s     (589.1747 GFlop/s per process)    22%    2772.7 sec left
CG set 1214 / 5354    4713.3910 GFlop/s     (589.1739 GFlop/s per process)    22%    2772.1 sec left
CG set 1215 / 5354    4713.3934 GFlop/s     (589.1742 GFlop/s per process)    22%    2771.4 sec left
CG set 1216 / 5354    4713.3952 GFlop/s     (589.1744 GFlop/s per process)    22%    2770.7 sec left
CG set 1217 / 5354    4713.3957 GFlop/s     (589.1745 GFlop/s per process)    22%    2770.0 sec left
CG set 1218 / 5354    4713.4006 GFlop/s     (589.1751 GFlop/s per process)    22%    2769.3 sec left
CG set 1219 / 5354    4713.3975 GFlop/s     (589.1747 GFlop/s per process)    22%    2768.6 sec left
CG set 1220 / 5354    4713.3978 GFlop/s     (589.1747 GFlop/s per process)    22%    2768.0 sec left
CG set 1221 / 5354    4713.3978 GFlop/s     (589.1747 GFlop/s per process)    22%    2767.3 sec left
CG set 1222 / 5354    4713.3996 GFlop/s     (589.1749 GFlop/s per process)    22%    2766.6 sec left
CG set 1223 / 5354    4713.4006 GFlop/s     (589.1751 GFlop/s per process)    22%    2765.9 sec left
CG set 1224 / 5354    4713.4060 GFlop/s     (589.1757 GFlop/s per process)    22%    2765.2 sec left
CG set 1225 / 5354    4713.4050 GFlop/s     (589.1756 GFlop/s per process)    22%    2764.6 sec left
CG set 1226 / 5354    4713.4060 GFlop/s     (589.1757 GFlop/s per process)    22%    2763.9 sec left
CG set 1227 / 5354    4713.4114 GFlop/s     (589.1764 GFlop/s per process)    22%    2763.2 sec left
CG set 1228 / 5354    4713.4102 GFlop/s     (589.1763 GFlop/s per process)    22%    2762.5 sec left
CG set 1229 / 5354    4713.4126 GFlop/s     (589.1766 GFlop/s per process)    22%    2761.8 sec left
CG set 1230 / 5354    4713.4105 GFlop/s     (589.1763 GFlop/s per process)    22%    2761.1 sec left
CG set 1231 / 5354    4713.4099 GFlop/s     (589.1762 GFlop/s per process)    22%    2760.5 sec left
CG set 1232 / 5354    4713.4123 GFlop/s     (589.1765 GFlop/s per process)    23%    2759.8 sec left
CG set 1233 / 5354    4713.4111 GFlop/s     (589.1764 GFlop/s per process)    23%    2759.1 sec left
CG set 1234 / 5354    4713.4145 GFlop/s     (589.1768 GFlop/s per process)    23%    2758.4 sec left
CG set 1235 / 5354    4713.4130 GFlop/s     (589.1766 GFlop/s per process)    23%    2757.7 sec left
CG set 1236 / 5354    4713.4154 GFlop/s     (589.1769 GFlop/s per process)    23%    2757.1 sec left
CG set 1237 / 5354    4713.4139 GFlop/s     (589.1767 GFlop/s per process)    23%    2756.4 sec left
CG set 1238 / 5354    4713.4126 GFlop/s     (589.1766 GFlop/s per process)    23%    2755.7 sec left
CG set 1239 / 5354    4713.4122 GFlop/s     (589.1765 GFlop/s per process)    23%    2755.0 sec left
CG set 1240 / 5354    4713.4172 GFlop/s     (589.1772 GFlop/s per process)    23%    2754.3 sec left
CG set 1241 / 5354    4713.4193 GFlop/s     (589.1774 GFlop/s per process)    23%    2753.6 sec left
CG set 1242 / 5354    4713.4195 GFlop/s     (589.1774 GFlop/s per process)    23%    2753.0 sec left
CG set 1243 / 5354    4713.4291 GFlop/s     (589.1786 GFlop/s per process)    23%    2752.3 sec left
CG set 1244 / 5354    4713.4216 GFlop/s     (589.1777 GFlop/s per process)    23%    2751.6 sec left
CG set 1245 / 5354    4713.4236 GFlop/s     (589.1780 GFlop/s per process)    23%    2750.9 sec left
CG set 1246 / 5354    4713.4183 GFlop/s     (589.1773 GFlop/s per process)    23%    2750.2 sec left
CG set 1247 / 5354    4713.4219 GFlop/s     (589.1777 GFlop/s per process)    23%    2749.6 sec left
CG set 1248 / 5354    4713.4204 GFlop/s     (589.1775 GFlop/s per process)    23%    2748.9 sec left
CG set 1249 / 5354    4713.4212 GFlop/s     (589.1777 GFlop/s per process)    23%    2748.2 sec left
CG set 1250 / 5354    4713.4251 GFlop/s     (589.1781 GFlop/s per process)    23%    2747.5 sec left
CG set 1251 / 5354    4713.4226 GFlop/s     (589.1778 GFlop/s per process)    23%    2746.8 sec left
CG set 1252 / 5354    4713.4154 GFlop/s     (589.1769 GFlop/s per process)    23%    2746.1 sec left
CG set 1253 / 5354    4713.4182 GFlop/s     (589.1773 GFlop/s per process)    23%    2745.5 sec left
CG set 1254 / 5354    4713.4114 GFlop/s     (589.1764 GFlop/s per process)    23%    2744.8 sec left
CG set 1255 / 5354    4713.4095 GFlop/s     (589.1762 GFlop/s per process)    23%    2744.1 sec left
CG set 1256 / 5354    4713.4091 GFlop/s     (589.1761 GFlop/s per process)    23%    2743.4 sec left
CG set 1257 / 5354    4713.4110 GFlop/s     (589.1764 GFlop/s per process)    23%    2742.7 sec left
CG set 1258 / 5354    4713.4113 GFlop/s     (589.1764 GFlop/s per process)    23%    2742.1 sec left
CG set 1259 / 5354    4713.4115 GFlop/s     (589.1764 GFlop/s per process)    23%    2741.4 sec left
CG set 1260 / 5354    4713.4119 GFlop/s     (589.1765 GFlop/s per process)    23%    2740.7 sec left
CG set 1261 / 5354    4713.4104 GFlop/s     (589.1763 GFlop/s per process)    23%    2740.0 sec left
CG set 1262 / 5354    4713.4145 GFlop/s     (589.1768 GFlop/s per process)    23%    2739.3 sec left
CG set 1263 / 5354    4713.4129 GFlop/s     (589.1766 GFlop/s per process)    23%    2738.6 sec left
CG set 1264 / 5354    4713.4116 GFlop/s     (589.1764 GFlop/s per process)    23%    2738.0 sec left
CG set 1265 / 5354    4713.4114 GFlop/s     (589.1764 GFlop/s per process)    23%    2737.3 sec left
CG set 1266 / 5354    4713.4100 GFlop/s     (589.1762 GFlop/s per process)    23%    2736.6 sec left
CG set 1267 / 5354    4713.4107 GFlop/s     (589.1763 GFlop/s per process)    23%    2735.9 sec left
CG set 1268 / 5354    4713.4142 GFlop/s     (589.1768 GFlop/s per process)    23%    2735.2 sec left
CG set 1269 / 5354    4713.4142 GFlop/s     (589.1768 GFlop/s per process)    23%    2734.5 sec left
CG set 1270 / 5354    4713.4166 GFlop/s     (589.1771 GFlop/s per process)    23%    2733.9 sec left
CG set 1271 / 5354    4713.4205 GFlop/s     (589.1776 GFlop/s per process)    23%    2733.2 sec left
CG set 1272 / 5354    4713.4231 GFlop/s     (589.1779 GFlop/s per process)    23%    2732.5 sec left
CG set 1273 / 5354    4713.4268 GFlop/s     (589.1783 GFlop/s per process)    23%    2731.8 sec left
CG set 1274 / 5354    4713.4304 GFlop/s     (589.1788 GFlop/s per process)    23%    2731.1 sec left
CG set 1275 / 5354    4713.4334 GFlop/s     (589.1792 GFlop/s per process)    23%    2730.5 sec left
CG set 1276 / 5354    4713.4307 GFlop/s     (589.1788 GFlop/s per process)    23%    2729.8 sec left
CG set 1277 / 5354    4713.4338 GFlop/s     (589.1792 GFlop/s per process)    23%    2729.1 sec left
CG set 1278 / 5354    4713.4382 GFlop/s     (589.1798 GFlop/s per process)    23%    2728.4 sec left
CG set 1279 / 5354    4713.4350 GFlop/s     (589.1794 GFlop/s per process)    23%    2727.7 sec left
CG set 1280 / 5354    4713.4395 GFlop/s     (589.1799 GFlop/s per process)    23%    2727.1 sec left
CG set 1281 / 5354    4713.4429 GFlop/s     (589.1804 GFlop/s per process)    23%    2726.4 sec left
CG set 1282 / 5354    4713.4406 GFlop/s     (589.1801 GFlop/s per process)    23%    2725.7 sec left
CG set 1283 / 5354    4713.4443 GFlop/s     (589.1805 GFlop/s per process)    23%    2725.0 sec left
CG set 1284 / 5354    4713.4432 GFlop/s     (589.1804 GFlop/s per process)    23%    2724.3 sec left
CG set 1285 / 5354    4713.4490 GFlop/s     (589.1811 GFlop/s per process)    24%    2723.6 sec left
CG set 1286 / 5354    4713.4472 GFlop/s     (589.1809 GFlop/s per process)    24%    2723.0 sec left
CG set 1287 / 5354    4713.4485 GFlop/s     (589.1811 GFlop/s per process)    24%    2722.3 sec left
CG set 1288 / 5354    4713.4441 GFlop/s     (589.1805 GFlop/s per process)    24%    2721.6 sec left
CG set 1289 / 5354    4713.4486 GFlop/s     (589.1811 GFlop/s per process)    24%    2720.9 sec left
CG set 1290 / 5354    4713.4453 GFlop/s     (589.1807 GFlop/s per process)    24%    2720.2 sec left
CG set 1291 / 5354    4713.4480 GFlop/s     (589.1810 GFlop/s per process)    24%    2719.6 sec left
CG set 1292 / 5354    4713.4480 GFlop/s     (589.1810 GFlop/s per process)    24%    2718.9 sec left
CG set 1293 / 5354    4713.4526 GFlop/s     (589.1816 GFlop/s per process)    24%    2718.2 sec left
CG set 1294 / 5354    4713.4446 GFlop/s     (589.1806 GFlop/s per process)    24%    2717.5 sec left
CG set 1295 / 5354    4713.4478 GFlop/s     (589.1810 GFlop/s per process)    24%    2716.8 sec left
CG set 1296 / 5354    4713.4490 GFlop/s     (589.1811 GFlop/s per process)    24%    2716.1 sec left
CG set 1297 / 5354    4713.4470 GFlop/s     (589.1809 GFlop/s per process)    24%    2715.5 sec left
CG set 1298 / 5354    4713.4460 GFlop/s     (589.1807 GFlop/s per process)    24%    2714.8 sec left
CG set 1299 / 5354    4713.4444 GFlop/s     (589.1806 GFlop/s per process)    24%    2714.1 sec left
CG set 1300 / 5354    4713.4436 GFlop/s     (589.1805 GFlop/s per process)    24%    2713.4 sec left
CG set 1301 / 5354    4713.4498 GFlop/s     (589.1812 GFlop/s per process)    24%    2712.7 sec left
CG set 1302 / 5354    4713.4524 GFlop/s     (589.1815 GFlop/s per process)    24%    2712.1 sec left
CG set 1303 / 5354    4713.4565 GFlop/s     (589.1821 GFlop/s per process)    24%    2711.4 sec left
CG set 1304 / 5354    4713.4575 GFlop/s     (589.1822 GFlop/s per process)    24%    2710.7 sec left
CG set 1305 / 5354    4713.4628 GFlop/s     (589.1828 GFlop/s per process)    24%    2710.0 sec left
CG set 1306 / 5354    4713.4592 GFlop/s     (589.1824 GFlop/s per process)    24%    2709.3 sec left
CG set 1307 / 5354    4713.4624 GFlop/s     (589.1828 GFlop/s per process)    24%    2708.6 sec left
CG set 1308 / 5354    4713.4620 GFlop/s     (589.1827 GFlop/s per process)    24%    2708.0 sec left
CG set 1309 / 5354    4713.4596 GFlop/s     (589.1825 GFlop/s per process)    24%    2707.3 sec left
CG set 1310 / 5354    4713.4614 GFlop/s     (589.1827 GFlop/s per process)    24%    2706.6 sec left
CG set 1311 / 5354    4713.4657 GFlop/s     (589.1832 GFlop/s per process)    24%    2705.9 sec left
CG set 1312 / 5354    4713.4673 GFlop/s     (589.1834 GFlop/s per process)    24%    2705.2 sec left
CG set 1313 / 5354    4713.4677 GFlop/s     (589.1835 GFlop/s per process)    24%    2704.6 sec left
CG set 1314 / 5354    4713.4695 GFlop/s     (589.1837 GFlop/s per process)    24%    2703.9 sec left
CG set 1315 / 5354    4713.4728 GFlop/s     (589.1841 GFlop/s per process)    24%    2703.2 sec left
CG set 1316 / 5354    4713.4777 GFlop/s     (589.1847 GFlop/s per process)    24%    2702.5 sec left
CG set 1317 / 5354    4713.4835 GFlop/s     (589.1854 GFlop/s per process)    24%    2701.8 sec left
CG set 1318 / 5354    4713.4871 GFlop/s     (589.1859 GFlop/s per process)    24%    2701.1 sec left
CG set 1319 / 5354    4713.4899 GFlop/s     (589.1862 GFlop/s per process)    24%    2700.5 sec left
CG set 1320 / 5354    4713.4922 GFlop/s     (589.1865 GFlop/s per process)    24%    2699.8 sec left
CG set 1321 / 5354    4713.4905 GFlop/s     (589.1863 GFlop/s per process)    24%    2699.1 sec left
CG set 1322 / 5354    4713.4975 GFlop/s     (589.1872 GFlop/s per process)    24%    2698.4 sec left
CG set 1323 / 5354    4713.4955 GFlop/s     (589.1869 GFlop/s per process)    24%    2697.7 sec left
CG set 1324 / 5354    4713.4958 GFlop/s     (589.1870 GFlop/s per process)    24%    2697.1 sec left
CG set 1325 / 5354    4713.4959 GFlop/s     (589.1870 GFlop/s per process)    24%    2696.4 sec left
CG set 1326 / 5354    4713.4967 GFlop/s     (589.1871 GFlop/s per process)    24%    2695.7 sec left
CG set 1327 / 5354    4713.5018 GFlop/s     (589.1877 GFlop/s per process)    24%    2695.0 sec left
CG set 1328 / 5354    4713.5011 GFlop/s     (589.1876 GFlop/s per process)    24%    2694.3 sec left
CG set 1329 / 5354    4713.5039 GFlop/s     (589.1880 GFlop/s per process)    24%    2693.6 sec left
CG set 1330 / 5354    4713.5091 GFlop/s     (589.1886 GFlop/s per process)    24%    2693.0 sec left
CG set 1331 / 5354    4713.5087 GFlop/s     (589.1886 GFlop/s per process)    24%    2692.3 sec left
CG set 1332 / 5354    4713.5098 GFlop/s     (589.1887 GFlop/s per process)    24%    2691.6 sec left
CG set 1333 / 5354    4713.5121 GFlop/s     (589.1890 GFlop/s per process)    24%    2690.9 sec left
CG set 1334 / 5354    4713.5156 GFlop/s     (589.1895 GFlop/s per process)    24%    2690.2 sec left
CG set 1335 / 5354    4713.5147 GFlop/s     (589.1893 GFlop/s per process)    24%    2689.6 sec left
CG set 1336 / 5354    4713.5222 GFlop/s     (589.1903 GFlop/s per process)    24%    2688.9 sec left
CG set 1337 / 5354    4713.5252 GFlop/s     (589.1906 GFlop/s per process)    24%    2688.2 sec left
CG set 1338 / 5354    4713.5298 GFlop/s     (589.1912 GFlop/s per process)    24%    2687.5 sec left
CG set 1339 / 5354    4713.5333 GFlop/s     (589.1917 GFlop/s per process)    25%    2686.8 sec left
CG set 1340 / 5354    4713.5401 GFlop/s     (589.1925 GFlop/s per process)    25%    2686.2 sec left
CG set 1341 / 5354    4713.5399 GFlop/s     (589.1925 GFlop/s per process)    25%    2685.5 sec left
CG set 1342 / 5354    4713.5469 GFlop/s     (589.1934 GFlop/s per process)    25%    2684.8 sec left
CG set 1343 / 5354    4713.5495 GFlop/s     (589.1937 GFlop/s per process)    25%    2684.1 sec left
CG set 1344 / 5354    4713.5510 GFlop/s     (589.1939 GFlop/s per process)    25%    2683.4 sec left
CG set 1345 / 5354    4713.5504 GFlop/s     (589.1938 GFlop/s per process)    25%    2682.7 sec left
CG set 1346 / 5354    4713.5511 GFlop/s     (589.1939 GFlop/s per process)    25%    2682.1 sec left
CG set 1347 / 5354    4713.5565 GFlop/s     (589.1946 GFlop/s per process)    25%    2681.4 sec left
CG set 1348 / 5354    4713.5633 GFlop/s     (589.1954 GFlop/s per process)    25%    2680.7 sec left
CG set 1349 / 5354    4713.5695 GFlop/s     (589.1962 GFlop/s per process)    25%    2680.0 sec left
CG set 1350 / 5354    4713.5680 GFlop/s     (589.1960 GFlop/s per process)    25%    2679.3 sec left
CG set 1351 / 5354    4713.5783 GFlop/s     (589.1973 GFlop/s per process)    25%    2678.7 sec left
CG set 1352 / 5354    4713.5795 GFlop/s     (589.1974 GFlop/s per process)    25%    2678.0 sec left
CG set 1353 / 5354    4713.5822 GFlop/s     (589.1978 GFlop/s per process)    25%    2677.3 sec left
CG set 1354 / 5354    4713.5862 GFlop/s     (589.1983 GFlop/s per process)    25%    2676.6 sec left
CG set 1355 / 5354    4713.5884 GFlop/s     (589.1985 GFlop/s per process)    25%    2675.9 sec left
CG set 1356 / 5354    4713.5913 GFlop/s     (589.1989 GFlop/s per process)    25%    2675.3 sec left
CG set 1357 / 5354    4713.5922 GFlop/s     (589.1990 GFlop/s per process)    25%    2674.6 sec left
CG set 1358 / 5354    4713.5914 GFlop/s     (589.1989 GFlop/s per process)    25%    2673.9 sec left
CG set 1359 / 5354    4713.5929 GFlop/s     (589.1991 GFlop/s per process)    25%    2673.2 sec left
CG set 1360 / 5354    4713.5968 GFlop/s     (589.1996 GFlop/s per process)    25%    2672.5 sec left
CG set 1361 / 5354    4713.6034 GFlop/s     (589.2004 GFlop/s per process)    25%    2671.8 sec left
CG set 1362 / 5354    4713.5998 GFlop/s     (589.2000 GFlop/s per process)    25%    2671.2 sec left
CG set 1363 / 5354    4713.5980 GFlop/s     (589.1997 GFlop/s per process)    25%    2670.5 sec left
CG set 1364 / 5354    4713.5997 GFlop/s     (589.2000 GFlop/s per process)    25%    2669.8 sec left
CG set 1365 / 5354    4713.6031 GFlop/s     (589.2004 GFlop/s per process)    25%    2669.1 sec left
CG set 1366 / 5354    4713.6081 GFlop/s     (589.2010 GFlop/s per process)    25%    2668.4 sec left
CG set 1367 / 5354    4713.6134 GFlop/s     (589.2017 GFlop/s per process)    25%    2667.8 sec left
CG set 1368 / 5354    4713.6148 GFlop/s     (589.2019 GFlop/s per process)    25%    2667.1 sec left
CG set 1369 / 5354    4713.6197 GFlop/s     (589.2025 GFlop/s per process)    25%    2666.4 sec left
CG set 1370 / 5354    4713.6234 GFlop/s     (589.2029 GFlop/s per process)    25%    2665.7 sec left
CG set 1371 / 5354    4713.6350 GFlop/s     (589.2044 GFlop/s per process)    25%    2665.0 sec left
CG set 1372 / 5354    4713.6372 GFlop/s     (589.2046 GFlop/s per process)    25%    2664.3 sec left
CG set 1373 / 5354    4713.6381 GFlop/s     (589.2048 GFlop/s per process)    25%    2663.7 sec left
CG set 1374 / 5354    4713.6407 GFlop/s     (589.2051 GFlop/s per process)    25%    2663.0 sec left
CG set 1375 / 5354    4713.6449 GFlop/s     (589.2056 GFlop/s per process)    25%    2662.3 sec left
CG set 1376 / 5354    4713.6512 GFlop/s     (589.2064 GFlop/s per process)    25%    2661.6 sec left
CG set 1377 / 5354    4713.6576 GFlop/s     (589.2072 GFlop/s per process)    25%    2660.9 sec left
CG set 1378 / 5354    4713.6616 GFlop/s     (589.2077 GFlop/s per process)    25%    2660.3 sec left
CG set 1379 / 5354    4713.6623 GFlop/s     (589.2078 GFlop/s per process)    25%    2659.6 sec left
CG set 1380 / 5354    4713.6616 GFlop/s     (589.2077 GFlop/s per process)    25%    2658.9 sec left
CG set 1381 / 5354    4713.6611 GFlop/s     (589.2076 GFlop/s per process)    25%    2658.2 sec left
CG set 1382 / 5354    4713.6641 GFlop/s     (589.2080 GFlop/s per process)    25%    2657.5 sec left
CG set 1383 / 5354    4713.6648 GFlop/s     (589.2081 GFlop/s per process)    25%    2656.9 sec left
CG set 1384 / 5354    4713.6679 GFlop/s     (589.2085 GFlop/s per process)    25%    2656.2 sec left
CG set 1385 / 5354    4713.6770 GFlop/s     (589.2096 GFlop/s per process)    25%    2655.5 sec left
CG set 1386 / 5354    4713.6823 GFlop/s     (589.2103 GFlop/s per process)    25%    2654.8 sec left
CG set 1387 / 5354    4713.6845 GFlop/s     (589.2106 GFlop/s per process)    25%    2654.1 sec left
CG set 1388 / 5354    4713.6862 GFlop/s     (589.2108 GFlop/s per process)    25%    2653.4 sec left
CG set 1389 / 5354    4713.6885 GFlop/s     (589.2111 GFlop/s per process)    25%    2652.8 sec left
CG set 1390 / 5354    4713.6936 GFlop/s     (589.2117 GFlop/s per process)    25%    2652.1 sec left
CG set 1391 / 5354    4713.6936 GFlop/s     (589.2117 GFlop/s per process)    25%    2651.4 sec left
CG set 1392 / 5354    4713.6992 GFlop/s     (589.2124 GFlop/s per process)    25%    2650.7 sec left
CG set 1393 / 5354    4713.7060 GFlop/s     (589.2133 GFlop/s per process)    26%    2650.0 sec left
CG set 1394 / 5354    4713.7091 GFlop/s     (589.2136 GFlop/s per process)    26%    2649.4 sec left
CG set 1395 / 5354    4713.7145 GFlop/s     (589.2143 GFlop/s per process)    26%    2648.7 sec left
CG set 1396 / 5354    4713.7137 GFlop/s     (589.2142 GFlop/s per process)    26%    2648.0 sec left
CG set 1397 / 5354    4713.7183 GFlop/s     (589.2148 GFlop/s per process)    26%    2647.3 sec left
CG set 1398 / 5354    4713.7208 GFlop/s     (589.2151 GFlop/s per process)    26%    2646.6 sec left
CG set 1399 / 5354    4713.7252 GFlop/s     (589.2156 GFlop/s per process)    26%    2646.0 sec left
CG set 1400 / 5354    4713.7242 GFlop/s     (589.2155 GFlop/s per process)    26%    2645.3 sec left
CG set 1401 / 5354    4713.7220 GFlop/s     (589.2153 GFlop/s per process)    26%    2644.6 sec left
CG set 1402 / 5354    4713.7263 GFlop/s     (589.2158 GFlop/s per process)    26%    2643.9 sec left
CG set 1403 / 5354    4713.7274 GFlop/s     (589.2159 GFlop/s per process)    26%    2643.2 sec left
CG set 1404 / 5354    4713.7319 GFlop/s     (589.2165 GFlop/s per process)    26%    2642.5 sec left
CG set 1405 / 5354    4713.7323 GFlop/s     (589.2165 GFlop/s per process)    26%    2641.9 sec left
CG set 1406 / 5354    4713.7345 GFlop/s     (589.2168 GFlop/s per process)    26%    2641.2 sec left
CG set 1407 / 5354    4713.7418 GFlop/s     (589.2177 GFlop/s per process)    26%    2640.5 sec left
CG set 1408 / 5354    4713.7453 GFlop/s     (589.2182 GFlop/s per process)    26%    2639.8 sec left
CG set 1409 / 5354    4713.7467 GFlop/s     (589.2183 GFlop/s per process)    26%    2639.1 sec left
CG set 1410 / 5354    4713.7529 GFlop/s     (589.2191 GFlop/s per process)    26%    2638.5 sec left
CG set 1411 / 5354    4713.7511 GFlop/s     (589.2189 GFlop/s per process)    26%    2637.8 sec left
CG set 1412 / 5354    4713.7558 GFlop/s     (589.2195 GFlop/s per process)    26%    2637.1 sec left
CG set 1413 / 5354    4713.7541 GFlop/s     (589.2193 GFlop/s per process)    26%    2636.4 sec left
CG set 1414 / 5354    4713.7577 GFlop/s     (589.2197 GFlop/s per process)    26%    2635.7 sec left
CG set 1415 / 5354    4713.7632 GFlop/s     (589.2204 GFlop/s per process)    26%    2635.1 sec left
CG set 1416 / 5354    4713.7628 GFlop/s     (589.2203 GFlop/s per process)    26%    2634.4 sec left
CG set 1417 / 5354    4713.7681 GFlop/s     (589.2210 GFlop/s per process)    26%    2633.7 sec left
CG set 1418 / 5354    4713.7683 GFlop/s     (589.2210 GFlop/s per process)    26%    2633.0 sec left
CG set 1419 / 5354    4713.7668 GFlop/s     (589.2209 GFlop/s per process)    26%    2632.3 sec left
CG set 1420 / 5354    4713.7707 GFlop/s     (589.2213 GFlop/s per process)    26%    2631.6 sec left
CG set 1421 / 5354    4713.7704 GFlop/s     (589.2213 GFlop/s per process)    26%    2631.0 sec left
CG set 1422 / 5354    4713.7765 GFlop/s     (589.2221 GFlop/s per process)    26%    2630.3 sec left
CG set 1423 / 5354    4713.7766 GFlop/s     (589.2221 GFlop/s per process)    26%    2629.6 sec left
CG set 1424 / 5354    4713.7836 GFlop/s     (589.2230 GFlop/s per process)    26%    2628.9 sec left
CG set 1425 / 5354    4713.7861 GFlop/s     (589.2233 GFlop/s per process)    26%    2628.2 sec left
CG set 1426 / 5354    4713.7871 GFlop/s     (589.2234 GFlop/s per process)    26%    2627.6 sec left
CG set 1427 / 5354    4713.7910 GFlop/s     (589.2239 GFlop/s per process)    26%    2626.9 sec left
CG set 1428 / 5354    4713.7915 GFlop/s     (589.2239 GFlop/s per process)    26%    2626.2 sec left
CG set 1429 / 5354    4713.7894 GFlop/s     (589.2237 GFlop/s per process)    26%    2625.5 sec left
CG set 1430 / 5354    4713.7963 GFlop/s     (589.2245 GFlop/s per process)    26%    2624.8 sec left
CG set 1431 / 5354    4713.7901 GFlop/s     (589.2238 GFlop/s per process)    26%    2624.1 sec left
CG set 1432 / 5354    4713.7939 GFlop/s     (589.2242 GFlop/s per process)    26%    2623.5 sec left
CG set 1433 / 5354    4713.7925 GFlop/s     (589.2241 GFlop/s per process)    26%    2622.8 sec left
CG set 1434 / 5354    4713.7913 GFlop/s     (589.2239 GFlop/s per process)    26%    2622.1 sec left
CG set 1435 / 5354    4713.7902 GFlop/s     (589.2238 GFlop/s per process)    26%    2621.4 sec left
CG set 1436 / 5354    4713.7912 GFlop/s     (589.2239 GFlop/s per process)    26%    2620.7 sec left
CG set 1437 / 5354    4713.7920 GFlop/s     (589.2240 GFlop/s per process)    26%    2620.1 sec left
CG set 1438 / 5354    4713.7905 GFlop/s     (589.2238 GFlop/s per process)    26%    2619.4 sec left
CG set 1439 / 5354    4713.7964 GFlop/s     (589.2246 GFlop/s per process)    26%    2618.7 sec left
CG set 1440 / 5354    4713.7974 GFlop/s     (589.2247 GFlop/s per process)    26%    2618.0 sec left
CG set 1441 / 5354    4713.7969 GFlop/s     (589.2246 GFlop/s per process)    26%    2617.3 sec left
CG set 1442 / 5354    4713.7967 GFlop/s     (589.2246 GFlop/s per process)    26%    2616.6 sec left
CG set 1443 / 5354    4713.7986 GFlop/s     (589.2248 GFlop/s per process)    26%    2616.0 sec left
CG set 1444 / 5354    4713.7992 GFlop/s     (589.2249 GFlop/s per process)    26%    2615.3 sec left
CG set 1445 / 5354    4713.8056 GFlop/s     (589.2257 GFlop/s per process)    26%    2614.6 sec left
CG set 1446 / 5354    4713.8091 GFlop/s     (589.2261 GFlop/s per process)    27%    2613.9 sec left
CG set 1447 / 5354    4713.8145 GFlop/s     (589.2268 GFlop/s per process)    27%    2613.2 sec left
CG set 1448 / 5354    4713.8152 GFlop/s     (589.2269 GFlop/s per process)    27%    2612.6 sec left
CG set 1449 / 5354    4713.8220 GFlop/s     (589.2277 GFlop/s per process)    27%    2611.9 sec left
CG set 1450 / 5354    4713.8188 GFlop/s     (589.2273 GFlop/s per process)    27%    2611.2 sec left
CG set 1451 / 5354    4713.8214 GFlop/s     (589.2277 GFlop/s per process)    27%    2610.5 sec left
CG set 1452 / 5354    4713.8219 GFlop/s     (589.2277 GFlop/s per process)    27%    2609.8 sec left
CG set 1453 / 5354    4713.8271 GFlop/s     (589.2284 GFlop/s per process)    27%    2609.2 sec left
CG set 1454 / 5354    4713.8319 GFlop/s     (589.2290 GFlop/s per process)    27%    2608.5 sec left
CG set 1455 / 5354    4713.8351 GFlop/s     (589.2294 GFlop/s per process)    27%    2607.8 sec left
CG set 1456 / 5354    4713.8353 GFlop/s     (589.2294 GFlop/s per process)    27%    2607.1 sec left
CG set 1457 / 5354    4713.8356 GFlop/s     (589.2294 GFlop/s per process)    27%    2606.4 sec left
CG set 1458 / 5354    4713.8365 GFlop/s     (589.2296 GFlop/s per process)    27%    2605.7 sec left
CG set 1459 / 5354    4713.8431 GFlop/s     (589.2304 GFlop/s per process)    27%    2605.1 sec left
CG set 1460 / 5354    4713.8419 GFlop/s     (589.2302 GFlop/s per process)    27%    2604.4 sec left
CG set 1461 / 5354    4713.8416 GFlop/s     (589.2302 GFlop/s per process)    27%    2603.7 sec left
CG set 1462 / 5354    4713.8476 GFlop/s     (589.2310 GFlop/s per process)    27%    2603.0 sec left
CG set 1463 / 5354    4713.8456 GFlop/s     (589.2307 GFlop/s per process)    27%    2602.3 sec left
CG set 1464 / 5354    4713.8489 GFlop/s     (589.2311 GFlop/s per process)    27%    2601.7 sec left
CG set 1465 / 5354    4713.8503 GFlop/s     (589.2313 GFlop/s per process)    27%    2601.0 sec left
CG set 1466 / 5354    4713.8523 GFlop/s     (589.2315 GFlop/s per process)    27%    2600.3 sec left
CG set 1467 / 5354    4713.8544 GFlop/s     (589.2318 GFlop/s per process)    27%    2599.6 sec left
CG set 1468 / 5354    4713.8554 GFlop/s     (589.2319 GFlop/s per process)    27%    2598.9 sec left
CG set 1469 / 5354    4713.8635 GFlop/s     (589.2329 GFlop/s per process)    27%    2598.2 sec left
CG set 1470 / 5354    4713.8658 GFlop/s     (589.2332 GFlop/s per process)    27%    2597.6 sec left
CG set 1471 / 5354    4713.8680 GFlop/s     (589.2335 GFlop/s per process)    27%    2596.9 sec left
CG set 1472 / 5354    4713.8651 GFlop/s     (589.2331 GFlop/s per process)    27%    2596.2 sec left
CG set 1473 / 5354    4713.8636 GFlop/s     (589.2330 GFlop/s per process)    27%    2595.5 sec left
CG set 1474 / 5354    4713.8714 GFlop/s     (589.2339 GFlop/s per process)    27%    2594.8 sec left
CG set 1475 / 5354    4713.8698 GFlop/s     (589.2337 GFlop/s per process)    27%    2594.2 sec left
CG set 1476 / 5354    4713.8701 GFlop/s     (589.2338 GFlop/s per process)    27%    2593.5 sec left
CG set 1477 / 5354    4713.8772 GFlop/s     (589.2347 GFlop/s per process)    27%    2592.8 sec left
CG set 1478 / 5354    4713.8787 GFlop/s     (589.2348 GFlop/s per process)    27%    2592.1 sec left
CG set 1479 / 5354    4713.8806 GFlop/s     (589.2351 GFlop/s per process)    27%    2591.4 sec left
CG set 1480 / 5354    4713.8827 GFlop/s     (589.2353 GFlop/s per process)    27%    2590.8 sec left
CG set 1481 / 5354    4713.8834 GFlop/s     (589.2354 GFlop/s per process)    27%    2590.1 sec left
CG set 1482 / 5354    4713.8881 GFlop/s     (589.2360 GFlop/s per process)    27%    2589.4 sec left
CG set 1483 / 5354    4713.8833 GFlop/s     (589.2354 GFlop/s per process)    27%    2588.7 sec left
CG set 1484 / 5354    4713.8855 GFlop/s     (589.2357 GFlop/s per process)    27%    2588.0 sec left
CG set 1485 / 5354    4713.8865 GFlop/s     (589.2358 GFlop/s per process)    27%    2587.3 sec left
CG set 1486 / 5354    4713.8863 GFlop/s     (589.2358 GFlop/s per process)    27%    2586.7 sec left
CG set 1487 / 5354    4713.8859 GFlop/s     (589.2357 GFlop/s per process)    27%    2586.0 sec left
CG set 1488 / 5354    4713.8865 GFlop/s     (589.2358 GFlop/s per process)    27%    2585.3 sec left
CG set 1489 / 5354    4713.8945 GFlop/s     (589.2368 GFlop/s per process)    27%    2584.6 sec left
CG set 1490 / 5354    4713.8916 GFlop/s     (589.2364 GFlop/s per process)    27%    2583.9 sec left
CG set 1491 / 5354    4713.8942 GFlop/s     (589.2368 GFlop/s per process)    27%    2583.3 sec left
CG set 1492 / 5354    4713.8945 GFlop/s     (589.2368 GFlop/s per process)    27%    2582.6 sec left
CG set 1493 / 5354    4713.8978 GFlop/s     (589.2372 GFlop/s per process)    27%    2581.9 sec left
CG set 1494 / 5354    4713.8984 GFlop/s     (589.2373 GFlop/s per process)    27%    2581.2 sec left
CG set 1495 / 5354    4713.9030 GFlop/s     (589.2379 GFlop/s per process)    27%    2580.5 sec left
CG set 1496 / 5354    4713.9040 GFlop/s     (589.2380 GFlop/s per process)    27%    2579.8 sec left
CG set 1497 / 5354    4713.9066 GFlop/s     (589.2383 GFlop/s per process)    27%    2579.2 sec left
CG set 1498 / 5354    4713.9066 GFlop/s     (589.2383 GFlop/s per process)    27%    2578.5 sec left
CG set 1499 / 5354    4713.9152 GFlop/s     (589.2394 GFlop/s per process)    27%    2577.8 sec left
CG set 1500 / 5354    4713.9196 GFlop/s     (589.2399 GFlop/s per process)    28%    2577.1 sec left
CG set 1501 / 5354    4713.9281 GFlop/s     (589.2410 GFlop/s per process)    28%    2576.4 sec left
CG set 1502 / 5354    4713.9311 GFlop/s     (589.2414 GFlop/s per process)    28%    2575.8 sec left
CG set 1503 / 5354    4713.9281 GFlop/s     (589.2410 GFlop/s per process)    28%    2575.1 sec left
CG set 1504 / 5354    4713.9294 GFlop/s     (589.2412 GFlop/s per process)    28%    2574.4 sec left
CG set 1505 / 5354    4713.9322 GFlop/s     (589.2415 GFlop/s per process)    28%    2573.7 sec left
CG set 1506 / 5354    4713.9371 GFlop/s     (589.2421 GFlop/s per process)    28%    2573.0 sec left
CG set 1507 / 5354    4713.9401 GFlop/s     (589.2425 GFlop/s per process)    28%    2572.4 sec left
CG set 1508 / 5354    4713.9468 GFlop/s     (589.2433 GFlop/s per process)    28%    2571.7 sec left
CG set 1509 / 5354    4713.9456 GFlop/s     (589.2432 GFlop/s per process)    28%    2571.0 sec left
CG set 1510 / 5354    4713.9438 GFlop/s     (589.2430 GFlop/s per process)    28%    2570.3 sec left
CG set 1511 / 5354    4713.9464 GFlop/s     (589.2433 GFlop/s per process)    28%    2569.6 sec left
CG set 1512 / 5354    4713.9497 GFlop/s     (589.2437 GFlop/s per process)    28%    2568.9 sec left
CG set 1513 / 5354    4713.9539 GFlop/s     (589.2442 GFlop/s per process)    28%    2568.3 sec left
CG set 1514 / 5354    4713.9587 GFlop/s     (589.2448 GFlop/s per process)    28%    2567.6 sec left
CG set 1515 / 5354    4713.9587 GFlop/s     (589.2448 GFlop/s per process)    28%    2566.9 sec left
CG set 1516 / 5354    4713.9596 GFlop/s     (589.2450 GFlop/s per process)    28%    2566.2 sec left
CG set 1517 / 5354    4713.9607 GFlop/s     (589.2451 GFlop/s per process)    28%    2565.5 sec left
CG set 1518 / 5354    4713.9673 GFlop/s     (589.2459 GFlop/s per process)    28%    2564.9 sec left
CG set 1519 / 5354    4713.9670 GFlop/s     (589.2459 GFlop/s per process)    28%    2564.2 sec left
CG set 1520 / 5354    4713.9700 GFlop/s     (589.2462 GFlop/s per process)    28%    2563.5 sec left
CG set 1521 / 5354    4713.9691 GFlop/s     (589.2461 GFlop/s per process)    28%    2562.8 sec left
CG set 1522 / 5354    4713.9707 GFlop/s     (589.2463 GFlop/s per process)    28%    2562.1 sec left
CG set 1523 / 5354    4713.9742 GFlop/s     (589.2468 GFlop/s per process)    28%    2561.4 sec left
CG set 1524 / 5354    4713.9700 GFlop/s     (589.2462 GFlop/s per process)    28%    2560.8 sec left
CG set 1525 / 5354    4713.9729 GFlop/s     (589.2466 GFlop/s per process)    28%    2560.1 sec left
CG set 1526 / 5354    4713.9779 GFlop/s     (589.2472 GFlop/s per process)    28%    2559.4 sec left
CG set 1527 / 5354    4713.9830 GFlop/s     (589.2479 GFlop/s per process)    28%    2558.7 sec left
CG set 1528 / 5354    4713.9891 GFlop/s     (589.2486 GFlop/s per process)    28%    2558.0 sec left
CG set 1529 / 5354    4713.9890 GFlop/s     (589.2486 GFlop/s per process)    28%    2557.4 sec left
CG set 1530 / 5354    4713.9956 GFlop/s     (589.2494 GFlop/s per process)    28%    2556.7 sec left
CG set 1531 / 5354    4713.9978 GFlop/s     (589.2497 GFlop/s per process)    28%    2556.0 sec left
CG set 1532 / 5354    4713.9954 GFlop/s     (589.2494 GFlop/s per process)    28%    2555.3 sec left
CG set 1533 / 5354    4713.9928 GFlop/s     (589.2491 GFlop/s per process)    28%    2554.6 sec left
CG set 1534 / 5354    4713.9954 GFlop/s     (589.2494 GFlop/s per process)    28%    2554.0 sec left
CG set 1535 / 5354    4713.9962 GFlop/s     (589.2495 GFlop/s per process)    28%    2553.3 sec left
CG set 1536 / 5354    4713.9959 GFlop/s     (589.2495 GFlop/s per process)    28%    2552.6 sec left
CG set 1537 / 5354    4714.0012 GFlop/s     (589.2501 GFlop/s per process)    28%    2551.9 sec left
CG set 1538 / 5354    4714.0053 GFlop/s     (589.2507 GFlop/s per process)    28%    2551.2 sec left
CG set 1539 / 5354    4714.0079 GFlop/s     (589.2510 GFlop/s per process)    28%    2550.5 sec left
CG set 1540 / 5354    4714.0067 GFlop/s     (589.2508 GFlop/s per process)    28%    2549.9 sec left
CG set 1541 / 5354    4714.0080 GFlop/s     (589.2510 GFlop/s per process)    28%    2549.2 sec left
CG set 1542 / 5354    4714.0098 GFlop/s     (589.2512 GFlop/s per process)    28%    2548.5 sec left
CG set 1543 / 5354    4714.0097 GFlop/s     (589.2512 GFlop/s per process)    28%    2547.8 sec left
CG set 1544 / 5354    4714.0088 GFlop/s     (589.2511 GFlop/s per process)    28%    2547.1 sec left
CG set 1545 / 5354    4714.0161 GFlop/s     (589.2520 GFlop/s per process)    28%    2546.5 sec left
CG set 1546 / 5354    4714.0184 GFlop/s     (589.2523 GFlop/s per process)    28%    2545.8 sec left
CG set 1547 / 5354    4714.0191 GFlop/s     (589.2524 GFlop/s per process)    28%    2545.1 sec left
CG set 1548 / 5354    4714.0190 GFlop/s     (589.2524 GFlop/s per process)    28%    2544.4 sec left
CG set 1549 / 5354    4714.0160 GFlop/s     (589.2520 GFlop/s per process)    28%    2543.7 sec left
CG set 1550 / 5354    4714.0184 GFlop/s     (589.2523 GFlop/s per process)    28%    2543.0 sec left
CG set 1551 / 5354    4714.0176 GFlop/s     (589.2522 GFlop/s per process)    28%    2542.4 sec left
CG set 1552 / 5354    4714.0189 GFlop/s     (589.2524 GFlop/s per process)    28%    2541.7 sec left
CG set 1553 / 5354    4714.0205 GFlop/s     (589.2526 GFlop/s per process)    29%    2541.0 sec left
CG set 1554 / 5354    4714.0251 GFlop/s     (589.2531 GFlop/s per process)    29%    2540.3 sec left
CG set 1555 / 5354    4714.0243 GFlop/s     (589.2530 GFlop/s per process)    29%    2539.6 sec left
CG set 1556 / 5354    4714.0255 GFlop/s     (589.2532 GFlop/s per process)    29%    2539.0 sec left
CG set 1557 / 5354    4714.0279 GFlop/s     (589.2535 GFlop/s per process)    29%    2538.3 sec left
CG set 1558 / 5354    4714.0300 GFlop/s     (589.2537 GFlop/s per process)    29%    2537.6 sec left
CG set 1559 / 5354    4714.0347 GFlop/s     (589.2543 GFlop/s per process)    29%    2536.9 sec left
CG set 1560 / 5354    4714.0374 GFlop/s     (589.2547 GFlop/s per process)    29%    2536.2 sec left
CG set 1561 / 5354    4714.0420 GFlop/s     (589.2553 GFlop/s per process)    29%    2535.6 sec left
CG set 1562 / 5354    4714.0444 GFlop/s     (589.2555 GFlop/s per process)    29%    2534.9 sec left
CG set 1563 / 5354    4714.0417 GFlop/s     (589.2552 GFlop/s per process)    29%    2534.2 sec left
CG set 1564 / 5354    4714.0369 GFlop/s     (589.2546 GFlop/s per process)    29%    2533.5 sec left
CG set 1565 / 5354    4714.0407 GFlop/s     (589.2551 GFlop/s per process)    29%    2532.8 sec left
CG set 1566 / 5354    4714.0427 GFlop/s     (589.2553 GFlop/s per process)    29%    2532.1 sec left
CG set 1567 / 5354    4714.0506 GFlop/s     (589.2563 GFlop/s per process)    29%    2531.5 sec left
CG set 1568 / 5354    4714.0510 GFlop/s     (589.2564 GFlop/s per process)    29%    2530.8 sec left
CG set 1569 / 5354    4714.0485 GFlop/s     (589.2561 GFlop/s per process)    29%    2530.1 sec left
CG set 1570 / 5354    4714.0477 GFlop/s     (589.2560 GFlop/s per process)    29%    2529.4 sec left
CG set 1571 / 5354    4714.0461 GFlop/s     (589.2558 GFlop/s per process)    29%    2528.7 sec left
CG set 1572 / 5354    4714.0478 GFlop/s     (589.2560 GFlop/s per process)    29%    2528.1 sec left
CG set 1573 / 5354    4714.0490 GFlop/s     (589.2561 GFlop/s per process)    29%    2527.4 sec left
CG set 1574 / 5354    4714.0533 GFlop/s     (589.2567 GFlop/s per process)    29%    2526.7 sec left
CG set 1575 / 5354    4714.0611 GFlop/s     (589.2576 GFlop/s per process)    29%    2526.0 sec left
CG set 1576 / 5354    4714.0629 GFlop/s     (589.2579 GFlop/s per process)    29%    2525.3 sec left
CG set 1577 / 5354    4714.0620 GFlop/s     (589.2577 GFlop/s per process)    29%    2524.6 sec left
CG set 1578 / 5354    4714.0646 GFlop/s     (589.2581 GFlop/s per process)    29%    2524.0 sec left
CG set 1579 / 5354    4714.0673 GFlop/s     (589.2584 GFlop/s per process)    29%    2523.3 sec left
CG set 1580 / 5354    4714.0722 GFlop/s     (589.2590 GFlop/s per process)    29%    2522.6 sec left
CG set 1581 / 5354    4714.0701 GFlop/s     (589.2588 GFlop/s per process)    29%    2521.9 sec left
CG set 1582 / 5354    4714.0709 GFlop/s     (589.2589 GFlop/s per process)    29%    2521.2 sec left
CG set 1583 / 5354    4714.0746 GFlop/s     (589.2593 GFlop/s per process)    29%    2520.6 sec left
CG set 1584 / 5354    4714.0759 GFlop/s     (589.2595 GFlop/s per process)    29%    2519.9 sec left
CG set 1585 / 5354    4714.0795 GFlop/s     (589.2599 GFlop/s per process)    29%    2519.2 sec left
CG set 1586 / 5354    4714.0750 GFlop/s     (589.2594 GFlop/s per process)    29%    2518.5 sec left
CG set 1587 / 5354    4714.0767 GFlop/s     (589.2596 GFlop/s per process)    29%    2517.8 sec left
CG set 1588 / 5354    4714.0788 GFlop/s     (589.2598 GFlop/s per process)    29%    2517.1 sec left
CG set 1589 / 5354    4714.0806 GFlop/s     (589.2601 GFlop/s per process)    29%    2516.5 sec left
CG set 1590 / 5354    4714.0824 GFlop/s     (589.2603 GFlop/s per process)    29%    2515.8 sec left
CG set 1591 / 5354    4714.0798 GFlop/s     (589.2600 GFlop/s per process)    29%    2515.1 sec left
CG set 1592 / 5354    4714.0829 GFlop/s     (589.2604 GFlop/s per process)    29%    2514.4 sec left
CG set 1593 / 5354    4714.0843 GFlop/s     (589.2605 GFlop/s per process)    29%    2513.7 sec left
CG set 1594 / 5354    4714.0841 GFlop/s     (589.2605 GFlop/s per process)    29%    2513.1 sec left
CG set 1595 / 5354    4714.0771 GFlop/s     (589.2596 GFlop/s per process)    29%    2512.4 sec left
CG set 1596 / 5354    4714.0820 GFlop/s     (589.2602 GFlop/s per process)    29%    2511.7 sec left
CG set 1597 / 5354    4714.0836 GFlop/s     (589.2604 GFlop/s per process)    29%    2511.0 sec left
CG set 1598 / 5354    4714.0883 GFlop/s     (589.2610 GFlop/s per process)    29%    2510.3 sec left
CG set 1599 / 5354    4714.0912 GFlop/s     (589.2614 GFlop/s per process)    29%    2509.7 sec left
CG set 1600 / 5354    4714.0959 GFlop/s     (589.2620 GFlop/s per process)    29%    2509.0 sec left
CG set 1601 / 5354    4714.0983 GFlop/s     (589.2623 GFlop/s per process)    29%    2508.3 sec left
CG set 1602 / 5354    4714.1023 GFlop/s     (589.2628 GFlop/s per process)    29%    2507.6 sec left
CG set 1603 / 5354    4714.1014 GFlop/s     (589.2627 GFlop/s per process)    29%    2506.9 sec left
CG set 1604 / 5354    4714.1037 GFlop/s     (589.2630 GFlop/s per process)    29%    2506.2 sec left
CG set 1605 / 5354    4714.1034 GFlop/s     (589.2629 GFlop/s per process)    29%    2505.6 sec left
CG set 1606 / 5354    4714.1043 GFlop/s     (589.2630 GFlop/s per process)    29%    2504.9 sec left
CG set 1607 / 5354    4714.1054 GFlop/s     (589.2632 GFlop/s per process)    30%    2504.2 sec left
CG set 1608 / 5354    4714.1025 GFlop/s     (589.2628 GFlop/s per process)    30%    2503.5 sec left
CG set 1609 / 5354    4714.1008 GFlop/s     (589.2626 GFlop/s per process)    30%    2502.8 sec left
CG set 1610 / 5354    4714.1031 GFlop/s     (589.2629 GFlop/s per process)    30%    2502.2 sec left
CG set 1611 / 5354    4714.1104 GFlop/s     (589.2638 GFlop/s per process)    30%    2501.5 sec left
CG set 1612 / 5354    4714.1136 GFlop/s     (589.2642 GFlop/s per process)    30%    2500.8 sec left
CG set 1613 / 5354    4714.1089 GFlop/s     (589.2636 GFlop/s per process)    30%    2500.1 sec left
CG set 1614 / 5354    4714.1127 GFlop/s     (589.2641 GFlop/s per process)    30%    2499.4 sec left
CG set 1615 / 5354    4714.1152 GFlop/s     (589.2644 GFlop/s per process)    30%    2498.7 sec left
CG set 1616 / 5354    4714.1157 GFlop/s     (589.2645 GFlop/s per process)    30%    2498.1 sec left
CG set 1617 / 5354    4714.1153 GFlop/s     (589.2644 GFlop/s per process)    30%    2497.4 sec left
CG set 1618 / 5354    4714.1140 GFlop/s     (589.2643 GFlop/s per process)    30%    2496.7 sec left
CG set 1619 / 5354    4714.1180 GFlop/s     (589.2648 GFlop/s per process)    30%    2496.0 sec left
CG set 1620 / 5354    4714.1191 GFlop/s     (589.2649 GFlop/s per process)    30%    2495.3 sec left
CG set 1621 / 5354    4714.1262 GFlop/s     (589.2658 GFlop/s per process)    30%    2494.7 sec left
CG set 1622 / 5354    4714.1273 GFlop/s     (589.2659 GFlop/s per process)    30%    2494.0 sec left
CG set 1623 / 5354    4714.1291 GFlop/s     (589.2661 GFlop/s per process)    30%    2493.3 sec left
CG set 1624 / 5354    4714.1258 GFlop/s     (589.2657 GFlop/s per process)    30%    2492.6 sec left
CG set 1625 / 5354    4714.1283 GFlop/s     (589.2660 GFlop/s per process)    30%    2491.9 sec left
CG set 1626 / 5354    4714.1320 GFlop/s     (589.2665 GFlop/s per process)    30%    2491.3 sec left
CG set 1627 / 5354    4714.1387 GFlop/s     (589.2673 GFlop/s per process)    30%    2490.6 sec left
CG set 1628 / 5354    4714.1404 GFlop/s     (589.2676 GFlop/s per process)    30%    2489.9 sec left
CG set 1629 / 5354    4714.1444 GFlop/s     (589.2681 GFlop/s per process)    30%    2489.2 sec left
CG set 1630 / 5354    4714.1447 GFlop/s     (589.2681 GFlop/s per process)    30%    2488.5 sec left
CG set 1631 / 5354    4714.1427 GFlop/s     (589.2678 GFlop/s per process)    30%    2487.8 sec left
CG set 1632 / 5354    4714.1389 GFlop/s     (589.2674 GFlop/s per process)    30%    2487.2 sec left
CG set 1633 / 5354    4714.1424 GFlop/s     (589.2678 GFlop/s per process)    30%    2486.5 sec left
CG set 1634 / 5354    4714.1450 GFlop/s     (589.2681 GFlop/s per process)    30%    2485.8 sec left
CG set 1635 / 5354    4714.1500 GFlop/s     (589.2688 GFlop/s per process)    30%    2485.1 sec left
CG set 1636 / 5354    4714.1503 GFlop/s     (589.2688 GFlop/s per process)    30%    2484.4 sec left
CG set 1637 / 5354    4714.1568 GFlop/s     (589.2696 GFlop/s per process)    30%    2483.8 sec left
CG set 1638 / 5354    4714.1558 GFlop/s     (589.2695 GFlop/s per process)    30%    2483.1 sec left
CG set 1639 / 5354    4714.1536 GFlop/s     (589.2692 GFlop/s per process)    30%    2482.4 sec left
CG set 1640 / 5354    4714.1562 GFlop/s     (589.2695 GFlop/s per process)    30%    2481.7 sec left
CG set 1641 / 5354    4714.1558 GFlop/s     (589.2695 GFlop/s per process)    30%    2481.0 sec left
CG set 1642 / 5354    4714.1599 GFlop/s     (589.2700 GFlop/s per process)    30%    2480.3 sec left
CG set 1643 / 5354    4714.1632 GFlop/s     (589.2704 GFlop/s per process)    30%    2479.7 sec left
CG set 1644 / 5354    4714.1627 GFlop/s     (589.2703 GFlop/s per process)    30%    2479.0 sec left
CG set 1645 / 5354    4714.1634 GFlop/s     (589.2704 GFlop/s per process)    30%    2478.3 sec left
CG set 1646 / 5354    4714.1692 GFlop/s     (589.2711 GFlop/s per process)    30%    2477.6 sec left
CG set 1647 / 5354    4714.1695 GFlop/s     (589.2712 GFlop/s per process)    30%    2476.9 sec left
CG set 1648 / 5354    4714.1764 GFlop/s     (589.2720 GFlop/s per process)    30%    2476.3 sec left
CG set 1649 / 5354    4714.1785 GFlop/s     (589.2723 GFlop/s per process)    30%    2475.6 sec left
CG set 1650 / 5354    4714.1836 GFlop/s     (589.2729 GFlop/s per process)    30%    2474.9 sec left
CG set 1651 / 5354    4714.1888 GFlop/s     (589.2736 GFlop/s per process)    30%    2474.2 sec left
CG set 1652 / 5354    4714.1910 GFlop/s     (589.2739 GFlop/s per process)    30%    2473.5 sec left
CG set 1653 / 5354    4714.1929 GFlop/s     (589.2741 GFlop/s per process)    30%    2472.9 sec left
CG set 1654 / 5354    4714.1929 GFlop/s     (589.2741 GFlop/s per process)    30%    2472.2 sec left
CG set 1655 / 5354    4714.1965 GFlop/s     (589.2746 GFlop/s per process)    30%    2471.5 sec left
CG set 1656 / 5354    4714.1919 GFlop/s     (589.2740 GFlop/s per process)    30%    2470.8 sec left
CG set 1657 / 5354    4714.1981 GFlop/s     (589.2748 GFlop/s per process)    30%    2470.1 sec left
CG set 1658 / 5354    4714.2025 GFlop/s     (589.2753 GFlop/s per process)    30%    2469.4 sec left
CG set 1659 / 5354    4714.2028 GFlop/s     (589.2753 GFlop/s per process)    30%    2468.8 sec left
CG set 1660 / 5354    4714.2012 GFlop/s     (589.2752 GFlop/s per process)    31%    2468.1 sec left
CG set 1661 / 5354    4714.2044 GFlop/s     (589.2755 GFlop/s per process)    31%    2467.4 sec left
CG set 1662 / 5354    4714.2061 GFlop/s     (589.2758 GFlop/s per process)    31%    2466.7 sec left
CG set 1663 / 5354    4714.2086 GFlop/s     (589.2761 GFlop/s per process)    31%    2466.0 sec left
CG set 1664 / 5354    4714.2070 GFlop/s     (589.2759 GFlop/s per process)    31%    2465.4 sec left
CG set 1665 / 5354    4714.2068 GFlop/s     (589.2758 GFlop/s per process)    31%    2464.7 sec left
CG set 1666 / 5354    4714.2118 GFlop/s     (589.2765 GFlop/s per process)    31%    2464.0 sec left
CG set 1667 / 5354    4714.2115 GFlop/s     (589.2764 GFlop/s per process)    31%    2463.3 sec left
CG set 1668 / 5354    4714.2099 GFlop/s     (589.2762 GFlop/s per process)    31%    2462.6 sec left
CG set 1669 / 5354    4714.2120 GFlop/s     (589.2765 GFlop/s per process)    31%    2461.9 sec left
CG set 1670 / 5354    4714.2080 GFlop/s     (589.2760 GFlop/s per process)    31%    2461.3 sec left
CG set 1671 / 5354    4714.2134 GFlop/s     (589.2767 GFlop/s per process)    31%    2460.6 sec left
CG set 1672 / 5354    4714.2186 GFlop/s     (589.2773 GFlop/s per process)    31%    2459.9 sec left
CG set 1673 / 5354    4714.2220 GFlop/s     (589.2778 GFlop/s per process)    31%    2459.2 sec left
CG set 1674 / 5354    4714.2220 GFlop/s     (589.2777 GFlop/s per process)    31%    2458.5 sec left
CG set 1675 / 5354    4714.2188 GFlop/s     (589.2773 GFlop/s per process)    31%    2457.9 sec left
CG set 1676 / 5354    4714.2200 GFlop/s     (589.2775 GFlop/s per process)    31%    2457.2 sec left
CG set 1677 / 5354    4714.2141 GFlop/s     (589.2768 GFlop/s per process)    31%    2456.5 sec left
CG set 1678 / 5354    4714.2135 GFlop/s     (589.2767 GFlop/s per process)    31%    2455.8 sec left
CG set 1679 / 5354    4714.2167 GFlop/s     (589.2771 GFlop/s per process)    31%    2455.1 sec left
CG set 1680 / 5354    4714.2167 GFlop/s     (589.2771 GFlop/s per process)    31%    2454.4 sec left
CG set 1681 / 5354    4714.2187 GFlop/s     (589.2773 GFlop/s per process)    31%    2453.8 sec left
CG set 1682 / 5354    4714.2220 GFlop/s     (589.2778 GFlop/s per process)    31%    2453.1 sec left
CG set 1683 / 5354    4714.2194 GFlop/s     (589.2774 GFlop/s per process)    31%    2452.4 sec left
CG set 1684 / 5354    4714.2193 GFlop/s     (589.2774 GFlop/s per process)    31%    2451.7 sec left
CG set 1685 / 5354    4714.2209 GFlop/s     (589.2776 GFlop/s per process)    31%    2451.0 sec left
CG set 1686 / 5354    4714.2243 GFlop/s     (589.2780 GFlop/s per process)    31%    2450.4 sec left
CG set 1687 / 5354    4714.2263 GFlop/s     (589.2783 GFlop/s per process)    31%    2449.7 sec left
CG set 1688 / 5354    4714.2284 GFlop/s     (589.2786 GFlop/s per process)    31%    2449.0 sec left
CG set 1689 / 5354    4714.2277 GFlop/s     (589.2785 GFlop/s per process)    31%    2448.3 sec left
CG set 1690 / 5354    4714.2313 GFlop/s     (589.2789 GFlop/s per process)    31%    2447.6 sec left
CG set 1691 / 5354    4714.2360 GFlop/s     (589.2795 GFlop/s per process)    31%    2447.0 sec left
CG set 1692 / 5354    4714.2332 GFlop/s     (589.2791 GFlop/s per process)    31%    2446.3 sec left
CG set 1693 / 5354    4714.2357 GFlop/s     (589.2795 GFlop/s per process)    31%    2445.6 sec left
CG set 1694 / 5354    4714.2344 GFlop/s     (589.2793 GFlop/s per process)    31%    2444.9 sec left
CG set 1695 / 5354    4714.2346 GFlop/s     (589.2793 GFlop/s per process)    31%    2444.2 sec left
CG set 1696 / 5354    4714.2358 GFlop/s     (589.2795 GFlop/s per process)    31%    2443.5 sec left
CG set 1697 / 5354    4714.2338 GFlop/s     (589.2792 GFlop/s per process)    31%    2442.9 sec left
CG set 1698 / 5354    4714.2343 GFlop/s     (589.2793 GFlop/s per process)    31%    2442.2 sec left
CG set 1699 / 5354    4714.2306 GFlop/s     (589.2788 GFlop/s per process)    31%    2441.5 sec left
CG set 1700 / 5354    4714.2334 GFlop/s     (589.2792 GFlop/s per process)    31%    2440.8 sec left
CG set 1701 / 5354    4714.2339 GFlop/s     (589.2792 GFlop/s per process)    31%    2440.1 sec left
CG set 1702 / 5354    4714.2347 GFlop/s     (589.2793 GFlop/s per process)    31%    2439.5 sec left
CG set 1703 / 5354    4714.2378 GFlop/s     (589.2797 GFlop/s per process)    31%    2438.8 sec left
CG set 1704 / 5354    4714.2379 GFlop/s     (589.2797 GFlop/s per process)    31%    2438.1 sec left
CG set 1705 / 5354    4714.2423 GFlop/s     (589.2803 GFlop/s per process)    31%    2437.4 sec left
CG set 1706 / 5354    4714.2473 GFlop/s     (589.2809 GFlop/s per process)    31%    2436.7 sec left
CG set 1707 / 5354    4714.2504 GFlop/s     (589.2813 GFlop/s per process)    31%    2436.0 sec left
CG set 1708 / 5354    4714.2512 GFlop/s     (589.2814 GFlop/s per process)    31%    2435.4 sec left
CG set 1709 / 5354    4714.2539 GFlop/s     (589.2817 GFlop/s per process)    31%    2434.7 sec left
CG set 1710 / 5354    4714.2587 GFlop/s     (589.2823 GFlop/s per process)    31%    2434.0 sec left
CG set 1711 / 5354    4714.2568 GFlop/s     (589.2821 GFlop/s per process)    31%    2433.3 sec left
CG set 1712 / 5354    4714.2600 GFlop/s     (589.2825 GFlop/s per process)    31%    2432.6 sec left
CG set 1713 / 5354    4714.2604 GFlop/s     (589.2825 GFlop/s per process)    31%    2432.0 sec left
CG set 1714 / 5354    4714.2623 GFlop/s     (589.2828 GFlop/s per process)    32%    2431.3 sec left
CG set 1715 / 5354    4714.2577 GFlop/s     (589.2822 GFlop/s per process)    32%    2430.6 sec left
CG set 1716 / 5354    4714.2591 GFlop/s     (589.2824 GFlop/s per process)    32%    2429.9 sec left
CG set 1717 / 5354    4714.2627 GFlop/s     (589.2828 GFlop/s per process)    32%    2429.2 sec left
CG set 1718 / 5354    4714.2656 GFlop/s     (589.2832 GFlop/s per process)    32%    2428.6 sec left
CG set 1719 / 5354    4714.2717 GFlop/s     (589.2840 GFlop/s per process)    32%    2427.9 sec left
CG set 1720 / 5354    4714.2773 GFlop/s     (589.2847 GFlop/s per process)    32%    2427.2 sec left
CG set 1721 / 5354    4714.2792 GFlop/s     (589.2849 GFlop/s per process)    32%    2426.5 sec left
CG set 1722 / 5354    4714.2812 GFlop/s     (589.2852 GFlop/s per process)    32%    2425.8 sec left
CG set 1723 / 5354    4714.2806 GFlop/s     (589.2851 GFlop/s per process)    32%    2425.1 sec left
CG set 1724 / 5354    4714.2845 GFlop/s     (589.2856 GFlop/s per process)    32%    2424.5 sec left
CG set 1725 / 5354    4714.2893 GFlop/s     (589.2862 GFlop/s per process)    32%    2423.8 sec left
CG set 1726 / 5354    4714.2887 GFlop/s     (589.2861 GFlop/s per process)    32%    2423.1 sec left
CG set 1727 / 5354    4714.2851 GFlop/s     (589.2856 GFlop/s per process)    32%    2422.4 sec left
CG set 1728 / 5354    4714.2843 GFlop/s     (589.2855 GFlop/s per process)    32%    2421.7 sec left
CG set 1729 / 5354    4714.2829 GFlop/s     (589.2854 GFlop/s per process)    32%    2421.1 sec left
CG set 1730 / 5354    4714.2844 GFlop/s     (589.2855 GFlop/s per process)    32%    2420.4 sec left
CG set 1731 / 5354    4714.2813 GFlop/s     (589.2852 GFlop/s per process)    32%    2419.7 sec left
CG set 1732 / 5354    4714.2817 GFlop/s     (589.2852 GFlop/s per process)    32%    2419.0 sec left
CG set 1733 / 5354    4714.2876 GFlop/s     (589.2859 GFlop/s per process)    32%    2418.3 sec left
CG set 1734 / 5354    4714.2902 GFlop/s     (589.2863 GFlop/s per process)    32%    2417.6 sec left
CG set 1735 / 5354    4714.2895 GFlop/s     (589.2862 GFlop/s per process)    32%    2417.0 sec left
CG set 1736 / 5354    4714.2923 GFlop/s     (589.2865 GFlop/s per process)    32%    2416.3 sec left
CG set 1737 / 5354    4714.2932 GFlop/s     (589.2866 GFlop/s per process)    32%    2415.6 sec left
CG set 1738 / 5354    4714.2891 GFlop/s     (589.2861 GFlop/s per process)    32%    2414.9 sec left
CG set 1739 / 5354    4714.2928 GFlop/s     (589.2866 GFlop/s per process)    32%    2414.2 sec left
CG set 1740 / 5354    4714.2934 GFlop/s     (589.2867 GFlop/s per process)    32%    2413.6 sec left
CG set 1741 / 5354    4714.2972 GFlop/s     (589.2872 GFlop/s per process)    32%    2412.9 sec left
CG set 1742 / 5354    4714.2946 GFlop/s     (589.2868 GFlop/s per process)    32%    2412.2 sec left
CG set 1743 / 5354    4714.2969 GFlop/s     (589.2871 GFlop/s per process)    32%    2411.5 sec left
CG set 1744 / 5354    4714.2943 GFlop/s     (589.2868 GFlop/s per process)    32%    2410.8 sec left
CG set 1745 / 5354    4714.2914 GFlop/s     (589.2864 GFlop/s per process)    32%    2410.1 sec left
CG set 1746 / 5354    4714.2929 GFlop/s     (589.2866 GFlop/s per process)    32%    2409.5 sec left
CG set 1747 / 5354    4714.2902 GFlop/s     (589.2863 GFlop/s per process)    32%    2408.8 sec left
CG set 1748 / 5354    4714.2934 GFlop/s     (589.2867 GFlop/s per process)    32%    2408.1 sec left
CG set 1749 / 5354    4714.2950 GFlop/s     (589.2869 GFlop/s per process)    32%    2407.4 sec left
CG set 1750 / 5354    4714.2932 GFlop/s     (589.2866 GFlop/s per process)    32%    2406.7 sec left
CG set 1751 / 5354    4714.3000 GFlop/s     (589.2875 GFlop/s per process)    32%    2406.1 sec left
CG set 1752 / 5354    4714.3008 GFlop/s     (589.2876 GFlop/s per process)    32%    2405.4 sec left
CG set 1753 / 5354    4714.3008 GFlop/s     (589.2876 GFlop/s per process)    32%    2404.7 sec left
CG set 1754 / 5354    4714.3020 GFlop/s     (589.2877 GFlop/s per process)    32%    2404.0 sec left
CG set 1755 / 5354    4714.3019 GFlop/s     (589.2877 GFlop/s per process)    32%    2403.3 sec left
CG set 1756 / 5354    4714.3037 GFlop/s     (589.2880 GFlop/s per process)    32%    2402.6 sec left
CG set 1757 / 5354    4714.3056 GFlop/s     (589.2882 GFlop/s per process)    32%    2402.0 sec left
CG set 1758 / 5354    4714.3091 GFlop/s     (589.2886 GFlop/s per process)    32%    2401.3 sec left
CG set 1759 / 5354    4714.3059 GFlop/s     (589.2882 GFlop/s per process)    32%    2400.6 sec left
CG set 1760 / 5354    4714.3022 GFlop/s     (589.2878 GFlop/s per process)    32%    2399.9 sec left
CG set 1761 / 5354    4714.3043 GFlop/s     (589.2880 GFlop/s per process)    32%    2399.2 sec left
CG set 1762 / 5354    4714.3073 GFlop/s     (589.2884 GFlop/s per process)    32%    2398.6 sec left
CG set 1763 / 5354    4714.3079 GFlop/s     (589.2885 GFlop/s per process)    32%    2397.9 sec left
CG set 1764 / 5354    4714.3104 GFlop/s     (589.2888 GFlop/s per process)    32%    2397.2 sec left
CG set 1765 / 5354    4714.3134 GFlop/s     (589.2892 GFlop/s per process)    32%    2396.5 sec left
CG set 1766 / 5354    4714.3134 GFlop/s     (589.2892 GFlop/s per process)    32%    2395.8 sec left
CG set 1767 / 5354    4714.3146 GFlop/s     (589.2893 GFlop/s per process)    33%    2395.2 sec left
CG set 1768 / 5354    4714.3137 GFlop/s     (589.2892 GFlop/s per process)    33%    2394.5 sec left
CG set 1769 / 5354    4714.3119 GFlop/s     (589.2890 GFlop/s per process)    33%    2393.8 sec left
CG set 1770 / 5354    4714.3129 GFlop/s     (589.2891 GFlop/s per process)    33%    2393.1 sec left
CG set 1771 / 5354    4714.3076 GFlop/s     (589.2885 GFlop/s per process)    33%    2392.4 sec left
CG set 1772 / 5354    4714.3110 GFlop/s     (589.2889 GFlop/s per process)    33%    2391.7 sec left
CG set 1773 / 5354    4714.3148 GFlop/s     (589.2894 GFlop/s per process)    33%    2391.1 sec left
CG set 1774 / 5354    4714.3162 GFlop/s     (589.2895 GFlop/s per process)    33%    2390.4 sec left
CG set 1775 / 5354    4714.3159 GFlop/s     (589.2895 GFlop/s per process)    33%    2389.7 sec left
CG set 1776 / 5354    4714.3183 GFlop/s     (589.2898 GFlop/s per process)    33%    2389.0 sec left
CG set 1777 / 5354    4714.3193 GFlop/s     (589.2899 GFlop/s per process)    33%    2388.3 sec left
CG set 1778 / 5354    4714.3208 GFlop/s     (589.2901 GFlop/s per process)    33%    2387.7 sec left
CG set 1779 / 5354    4714.3154 GFlop/s     (589.2894 GFlop/s per process)    33%    2387.0 sec left
CG set 1780 / 5354    4714.3219 GFlop/s     (589.2902 GFlop/s per process)    33%    2386.3 sec left
CG set 1781 / 5354    4714.3214 GFlop/s     (589.2902 GFlop/s per process)    33%    2385.6 sec left
CG set 1782 / 5354    4714.3247 GFlop/s     (589.2906 GFlop/s per process)    33%    2384.9 sec left
CG set 1783 / 5354    4714.3242 GFlop/s     (589.2905 GFlop/s per process)    33%    2384.2 sec left
CG set 1784 / 5354    4714.3236 GFlop/s     (589.2905 GFlop/s per process)    33%    2383.6 sec left
CG set 1785 / 5354    4714.3252 GFlop/s     (589.2907 GFlop/s per process)    33%    2382.9 sec left
CG set 1786 / 5354    4714.3232 GFlop/s     (589.2904 GFlop/s per process)    33%    2382.2 sec left
CG set 1787 / 5354    4714.3261 GFlop/s     (589.2908 GFlop/s per process)    33%    2381.5 sec left
CG set 1788 / 5354    4714.3277 GFlop/s     (589.2910 GFlop/s per process)    33%    2380.8 sec left
CG set 1789 / 5354    4714.3304 GFlop/s     (589.2913 GFlop/s per process)    33%    2380.2 sec left
CG set 1790 / 5354    4714.3317 GFlop/s     (589.2915 GFlop/s per process)    33%    2379.5 sec left
CG set 1791 / 5354    4714.3335 GFlop/s     (589.2917 GFlop/s per process)    33%    2378.8 sec left
CG set 1792 / 5354    4714.3377 GFlop/s     (589.2922 GFlop/s per process)    33%    2378.1 sec left
CG set 1793 / 5354    4714.3358 GFlop/s     (589.2920 GFlop/s per process)    33%    2377.4 sec left
CG set 1794 / 5354    4714.3351 GFlop/s     (589.2919 GFlop/s per process)    33%    2376.7 sec left
CG set 1795 / 5354    4714.3362 GFlop/s     (589.2920 GFlop/s per process)    33%    2376.1 sec left
CG set 1796 / 5354    4714.3358 GFlop/s     (589.2920 GFlop/s per process)    33%    2375.4 sec left
CG set 1797 / 5354    4714.3415 GFlop/s     (589.2927 GFlop/s per process)    33%    2374.7 sec left
CG set 1798 / 5354    4714.3410 GFlop/s     (589.2926 GFlop/s per process)    33%    2374.0 sec left
CG set 1799 / 5354    4714.3431 GFlop/s     (589.2929 GFlop/s per process)    33%    2373.3 sec left
CG set 1800 / 5354    4714.3441 GFlop/s     (589.2930 GFlop/s per process)    33%    2372.7 sec left
CG set 1801 / 5354    4714.3445 GFlop/s     (589.2931 GFlop/s per process)    33%    2372.0 sec left
CG set 1802 / 5354    4714.3472 GFlop/s     (589.2934 GFlop/s per process)    33%    2371.3 sec left
CG set 1803 / 5354    4714.3467 GFlop/s     (589.2933 GFlop/s per process)    33%    2370.6 sec left
CG set 1804 / 5354    4714.3498 GFlop/s     (589.2937 GFlop/s per process)    33%    2369.9 sec left
CG set 1805 / 5354    4714.3493 GFlop/s     (589.2937 GFlop/s per process)    33%    2369.3 sec left
CG set 1806 / 5354    4714.3523 GFlop/s     (589.2940 GFlop/s per process)    33%    2368.6 sec left
CG set 1807 / 5354    4714.3592 GFlop/s     (589.2949 GFlop/s per process)    33%    2367.9 sec left
CG set 1808 / 5354    4714.3600 GFlop/s     (589.2950 GFlop/s per process)    33%    2367.2 sec left
CG set 1809 / 5354    4714.3583 GFlop/s     (589.2948 GFlop/s per process)    33%    2366.5 sec left
CG set 1810 / 5354    4714.3612 GFlop/s     (589.2952 GFlop/s per process)    33%    2365.8 sec left
CG set 1811 / 5354    4714.3601 GFlop/s     (589.2950 GFlop/s per process)    33%    2365.2 sec left
CG set 1812 / 5354    4714.3622 GFlop/s     (589.2953 GFlop/s per process)    33%    2364.5 sec left
CG set 1813 / 5354    4714.3614 GFlop/s     (589.2952 GFlop/s per process)    33%    2363.8 sec left
CG set 1814 / 5354    4714.3605 GFlop/s     (589.2951 GFlop/s per process)    33%    2363.1 sec left
CG set 1815 / 5354    4714.3658 GFlop/s     (589.2957 GFlop/s per process)    33%    2362.4 sec left
CG set 1816 / 5354    4714.3675 GFlop/s     (589.2959 GFlop/s per process)    33%    2361.8 sec left
CG set 1817 / 5354    4714.3708 GFlop/s     (589.2964 GFlop/s per process)    33%    2361.1 sec left
CG set 1818 / 5354    4714.3738 GFlop/s     (589.2967 GFlop/s per process)    33%    2360.4 sec left
CG set 1819 / 5354    4714.3746 GFlop/s     (589.2968 GFlop/s per process)    33%    2359.7 sec left
CG set 1820 / 5354    4714.3759 GFlop/s     (589.2970 GFlop/s per process)    33%    2359.0 sec left
CG set 1821 / 5354    4714.3780 GFlop/s     (589.2972 GFlop/s per process)    34%    2358.3 sec left
CG set 1822 / 5354    4714.3819 GFlop/s     (589.2977 GFlop/s per process)    34%    2357.7 sec left
CG set 1823 / 5354    4714.3792 GFlop/s     (589.2974 GFlop/s per process)    34%    2357.0 sec left
CG set 1824 / 5354    4714.3795 GFlop/s     (589.2974 GFlop/s per process)    34%    2356.3 sec left
CG set 1825 / 5354    4714.3785 GFlop/s     (589.2973 GFlop/s per process)    34%    2355.6 sec left
CG set 1826 / 5354    4714.3831 GFlop/s     (589.2979 GFlop/s per process)    34%    2354.9 sec left
CG set 1827 / 5354    4714.3832 GFlop/s     (589.2979 GFlop/s per process)    34%    2354.3 sec left
CG set 1828 / 5354    4714.3815 GFlop/s     (589.2977 GFlop/s per process)    34%    2353.6 sec left
CG set 1829 / 5354    4714.3841 GFlop/s     (589.2980 GFlop/s per process)    34%    2352.9 sec left
CG set 1830 / 5354    4714.3841 GFlop/s     (589.2980 GFlop/s per process)    34%    2352.2 sec left
CG set 1831 / 5354    4714.3825 GFlop/s     (589.2978 GFlop/s per process)    34%    2351.5 sec left
CG set 1832 / 5354    4714.3826 GFlop/s     (589.2978 GFlop/s per process)    34%    2350.8 sec left
CG set 1833 / 5354    4714.3839 GFlop/s     (589.2980 GFlop/s per process)    34%    2350.2 sec left
CG set 1834 / 5354    4714.3804 GFlop/s     (589.2976 GFlop/s per process)    34%    2349.5 sec left
CG set 1835 / 5354    4714.3774 GFlop/s     (589.2972 GFlop/s per process)    34%    2348.8 sec left
CG set 1836 / 5354    4714.3806 GFlop/s     (589.2976 GFlop/s per process)    34%    2348.1 sec left
CG set 1837 / 5354    4714.3836 GFlop/s     (589.2979 GFlop/s per process)    34%    2347.4 sec left
CG set 1838 / 5354    4714.3868 GFlop/s     (589.2984 GFlop/s per process)    34%    2346.8 sec left
CG set 1839 / 5354    4714.3917 GFlop/s     (589.2990 GFlop/s per process)    34%    2346.1 sec left
CG set 1840 / 5354    4714.3921 GFlop/s     (589.2990 GFlop/s per process)    34%    2345.4 sec left
CG set 1841 / 5354    4714.3957 GFlop/s     (589.2995 GFlop/s per process)    34%    2344.7 sec left
CG set 1842 / 5354    4714.4000 GFlop/s     (589.3000 GFlop/s per process)    34%    2344.0 sec left
CG set 1843 / 5354    4714.4012 GFlop/s     (589.3001 GFlop/s per process)    34%    2343.4 sec left
CG set 1844 / 5354    4714.3985 GFlop/s     (589.2998 GFlop/s per process)    34%    2342.7 sec left
CG set 1845 / 5354    4714.3972 GFlop/s     (589.2997 GFlop/s per process)    34%    2342.0 sec left
CG set 1846 / 5354    4714.4008 GFlop/s     (589.3001 GFlop/s per process)    34%    2341.3 sec left
CG set 1847 / 5354    4714.4028 GFlop/s     (589.3004 GFlop/s per process)    34%    2340.6 sec left
CG set 1848 / 5354    4714.4060 GFlop/s     (589.3007 GFlop/s per process)    34%    2339.9 sec left
CG set 1849 / 5354    4714.4087 GFlop/s     (589.3011 GFlop/s per process)    34%    2339.3 sec left
CG set 1850 / 5354    4714.4094 GFlop/s     (589.3012 GFlop/s per process)    34%    2338.6 sec left
CG set 1851 / 5354    4714.4110 GFlop/s     (589.3014 GFlop/s per process)    34%    2337.9 sec left
CG set 1852 / 5354    4714.4141 GFlop/s     (589.3018 GFlop/s per process)    34%    2337.2 sec left
CG set 1853 / 5354    4714.4184 GFlop/s     (589.3023 GFlop/s per process)    34%    2336.5 sec left
CG set 1854 / 5354    4714.4187 GFlop/s     (589.3023 GFlop/s per process)    34%    2335.9 sec left
CG set 1855 / 5354    4714.4208 GFlop/s     (589.3026 GFlop/s per process)    34%    2335.2 sec left
CG set 1856 / 5354    4714.4221 GFlop/s     (589.3028 GFlop/s per process)    34%    2334.5 sec left
CG set 1857 / 5354    4714.4216 GFlop/s     (589.3027 GFlop/s per process)    34%    2333.8 sec left
CG set 1858 / 5354    4714.4247 GFlop/s     (589.3031 GFlop/s per process)    34%    2333.1 sec left
CG set 1859 / 5354    4714.4242 GFlop/s     (589.3030 GFlop/s per process)    34%    2332.5 sec left
CG set 1860 / 5354    4714.4278 GFlop/s     (589.3035 GFlop/s per process)    34%    2331.8 sec left
CG set 1861 / 5354    4714.4321 GFlop/s     (589.3040 GFlop/s per process)    34%    2331.1 sec left
CG set 1862 / 5354    4714.4333 GFlop/s     (589.3042 GFlop/s per process)    34%    2330.4 sec left
CG set 1863 / 5354    4714.4360 GFlop/s     (589.3045 GFlop/s per process)    34%    2329.7 sec left
CG set 1864 / 5354    4714.4358 GFlop/s     (589.3045 GFlop/s per process)    34%    2329.0 sec left
CG set 1865 / 5354    4714.4356 GFlop/s     (589.3044 GFlop/s per process)    34%    2328.4 sec left
CG set 1866 / 5354    4714.4371 GFlop/s     (589.3046 GFlop/s per process)    34%    2327.7 sec left
CG set 1867 / 5354    4714.4379 GFlop/s     (589.3047 GFlop/s per process)    34%    2327.0 sec left
CG set 1868 / 5354    4714.4393 GFlop/s     (589.3049 GFlop/s per process)    34%    2326.3 sec left
CG set 1869 / 5354    4714.4422 GFlop/s     (589.3053 GFlop/s per process)    34%    2325.6 sec left
CG set 1870 / 5354    4714.4422 GFlop/s     (589.3053 GFlop/s per process)    34%    2325.0 sec left
CG set 1871 / 5354    4714.4463 GFlop/s     (589.3058 GFlop/s per process)    34%    2324.3 sec left
CG set 1872 / 5354    4714.4508 GFlop/s     (589.3063 GFlop/s per process)    34%    2323.6 sec left
CG set 1873 / 5354    4714.4511 GFlop/s     (589.3064 GFlop/s per process)    34%    2322.9 sec left
CG set 1874 / 5354    4714.4572 GFlop/s     (589.3072 GFlop/s per process)    35%    2322.2 sec left
CG set 1875 / 5354    4714.4598 GFlop/s     (589.3075 GFlop/s per process)    35%    2321.6 sec left
CG set 1876 / 5354    4714.4624 GFlop/s     (589.3078 GFlop/s per process)    35%    2320.9 sec left
CG set 1877 / 5354    4714.4659 GFlop/s     (589.3082 GFlop/s per process)    35%    2320.2 sec left
CG set 1878 / 5354    4714.4688 GFlop/s     (589.3086 GFlop/s per process)    35%    2319.5 sec left
CG set 1879 / 5354    4714.4661 GFlop/s     (589.3083 GFlop/s per process)    35%    2318.8 sec left
CG set 1880 / 5354    4714.4652 GFlop/s     (589.3081 GFlop/s per process)    35%    2318.1 sec left
CG set 1881 / 5354    4714.4674 GFlop/s     (589.3084 GFlop/s per process)    35%    2317.5 sec left
CG set 1882 / 5354    4714.4684 GFlop/s     (589.3086 GFlop/s per process)    35%    2316.8 sec left
CG set 1883 / 5354    4714.4709 GFlop/s     (589.3089 GFlop/s per process)    35%    2316.1 sec left
CG set 1884 / 5354    4714.4736 GFlop/s     (589.3092 GFlop/s per process)    35%    2315.4 sec left
CG set 1885 / 5354    4714.4748 GFlop/s     (589.3093 GFlop/s per process)    35%    2314.7 sec left
CG set 1886 / 5354    4714.4784 GFlop/s     (589.3098 GFlop/s per process)    35%    2314.1 sec left
CG set 1887 / 5354    4714.4822 GFlop/s     (589.3103 GFlop/s per process)    35%    2313.4 sec left
CG set 1888 / 5354    4714.4832 GFlop/s     (589.3104 GFlop/s per process)    35%    2312.7 sec left
CG set 1889 / 5354    4714.4831 GFlop/s     (589.3104 GFlop/s per process)    35%    2312.0 sec left
CG set 1890 / 5354    4714.4850 GFlop/s     (589.3106 GFlop/s per process)    35%    2311.3 sec left
CG set 1891 / 5354    4714.4884 GFlop/s     (589.3111 GFlop/s per process)    35%    2310.6 sec left
CG set 1892 / 5354    4714.4865 GFlop/s     (589.3108 GFlop/s per process)    35%    2310.0 sec left
CG set 1893 / 5354    4714.4883 GFlop/s     (589.3110 GFlop/s per process)    35%    2309.3 sec left
CG set 1894 / 5354    4714.4878 GFlop/s     (589.3110 GFlop/s per process)    35%    2308.6 sec left
CG set 1895 / 5354    4714.4912 GFlop/s     (589.3114 GFlop/s per process)    35%    2307.9 sec left
CG set 1896 / 5354    4714.4926 GFlop/s     (589.3116 GFlop/s per process)    35%    2307.2 sec left
CG set 1897 / 5354    4714.4923 GFlop/s     (589.3115 GFlop/s per process)    35%    2306.6 sec left
CG set 1898 / 5354    4714.4976 GFlop/s     (589.3122 GFlop/s per process)    35%    2305.9 sec left
CG set 1899 / 5354    4714.4979 GFlop/s     (589.3122 GFlop/s per process)    35%    2305.2 sec left
CG set 1900 / 5354    4714.4974 GFlop/s     (589.3122 GFlop/s per process)    35%    2304.5 sec left
CG set 1901 / 5354    4714.5016 GFlop/s     (589.3127 GFlop/s per process)    35%    2303.8 sec left
CG set 1902 / 5354    4714.4996 GFlop/s     (589.3124 GFlop/s per process)    35%    2303.2 sec left
CG set 1903 / 5354    4714.5012 GFlop/s     (589.3127 GFlop/s per process)    35%    2302.5 sec left
CG set 1904 / 5354    4714.5008 GFlop/s     (589.3126 GFlop/s per process)    35%    2301.8 sec left
CG set 1905 / 5354    4714.5010 GFlop/s     (589.3126 GFlop/s per process)    35%    2301.1 sec left
CG set 1906 / 5354    4714.5021 GFlop/s     (589.3128 GFlop/s per process)    35%    2300.4 sec left
CG set 1907 / 5354    4714.5043 GFlop/s     (589.3130 GFlop/s per process)    35%    2299.7 sec left
CG set 1908 / 5354    4714.5059 GFlop/s     (589.3132 GFlop/s per process)    35%    2299.1 sec left
CG set 1909 / 5354    4714.5076 GFlop/s     (589.3135 GFlop/s per process)    35%    2298.4 sec left
CG set 1910 / 5354    4714.5070 GFlop/s     (589.3134 GFlop/s per process)    35%    2297.7 sec left
CG set 1911 / 5354    4714.5093 GFlop/s     (589.3137 GFlop/s per process)    35%    2297.0 sec left
CG set 1912 / 5354    4714.5100 GFlop/s     (589.3137 GFlop/s per process)    35%    2296.3 sec left
CG set 1913 / 5354    4714.5095 GFlop/s     (589.3137 GFlop/s per process)    35%    2295.7 sec left
CG set 1914 / 5354    4714.5062 GFlop/s     (589.3133 GFlop/s per process)    35%    2295.0 sec left
CG set 1915 / 5354    4714.5069 GFlop/s     (589.3134 GFlop/s per process)    35%    2294.3 sec left
CG set 1916 / 5354    4714.5086 GFlop/s     (589.3136 GFlop/s per process)    35%    2293.6 sec left
CG set 1917 / 5354    4714.5126 GFlop/s     (589.3141 GFlop/s per process)    35%    2292.9 sec left
CG set 1918 / 5354    4714.5141 GFlop/s     (589.3143 GFlop/s per process)    35%    2292.2 sec left
CG set 1919 / 5354    4714.5146 GFlop/s     (589.3143 GFlop/s per process)    35%    2291.6 sec left
CG set 1920 / 5354    4714.5127 GFlop/s     (589.3141 GFlop/s per process)    35%    2290.9 sec left
CG set 1921 / 5354    4714.5155 GFlop/s     (589.3144 GFlop/s per process)    35%    2290.2 sec left
CG set 1922 / 5354    4714.5172 GFlop/s     (589.3146 GFlop/s per process)    35%    2289.5 sec left
CG set 1923 / 5354    4714.5187 GFlop/s     (589.3148 GFlop/s per process)    35%    2288.8 sec left
CG set 1924 / 5354    4714.5190 GFlop/s     (589.3149 GFlop/s per process)    35%    2288.2 sec left
CG set 1925 / 5354    4714.5217 GFlop/s     (589.3152 GFlop/s per process)    35%    2287.5 sec left
CG set 1926 / 5354    4714.5197 GFlop/s     (589.3150 GFlop/s per process)    35%    2286.8 sec left
CG set 1927 / 5354    4714.5195 GFlop/s     (589.3149 GFlop/s per process)    35%    2286.1 sec left
CG set 1928 / 5354    4714.5226 GFlop/s     (589.3153 GFlop/s per process)    36%    2285.4 sec left
CG set 1929 / 5354    4714.5202 GFlop/s     (589.3150 GFlop/s per process)    36%    2284.7 sec left
CG set 1930 / 5354    4714.5224 GFlop/s     (589.3153 GFlop/s per process)    36%    2284.1 sec left
CG set 1931 / 5354    4714.5296 GFlop/s     (589.3162 GFlop/s per process)    36%    2283.4 sec left
CG set 1932 / 5354    4714.5316 GFlop/s     (589.3164 GFlop/s per process)    36%    2282.7 sec left
CG set 1933 / 5354    4714.5361 GFlop/s     (589.3170 GFlop/s per process)    36%    2282.0 sec left
CG set 1934 / 5354    4714.5353 GFlop/s     (589.3169 GFlop/s per process)    36%    2281.3 sec left
CG set 1935 / 5354    4714.5367 GFlop/s     (589.3171 GFlop/s per process)    36%    2280.7 sec left
CG set 1936 / 5354    4714.5374 GFlop/s     (589.3172 GFlop/s per process)    36%    2280.0 sec left
CG set 1937 / 5354    4714.5380 GFlop/s     (589.3172 GFlop/s per process)    36%    2279.3 sec left
CG set 1938 / 5354    4714.5408 GFlop/s     (589.3176 GFlop/s per process)    36%    2278.6 sec left
CG set 1939 / 5354    4714.5410 GFlop/s     (589.3176 GFlop/s per process)    36%    2277.9 sec left
CG set 1940 / 5354    4714.5414 GFlop/s     (589.3177 GFlop/s per process)    36%    2277.3 sec left
CG set 1941 / 5354    4714.5401 GFlop/s     (589.3175 GFlop/s per process)    36%    2276.6 sec left
CG set 1942 / 5354    4714.5393 GFlop/s     (589.3174 GFlop/s per process)    36%    2275.9 sec left
CG set 1943 / 5354    4714.5450 GFlop/s     (589.3181 GFlop/s per process)    36%    2275.2 sec left
CG set 1944 / 5354    4714.5469 GFlop/s     (589.3184 GFlop/s per process)    36%    2274.5 sec left
CG set 1945 / 5354    4714.5473 GFlop/s     (589.3184 GFlop/s per process)    36%    2273.8 sec left
CG set 1946 / 5354    4714.5474 GFlop/s     (589.3184 GFlop/s per process)    36%    2273.2 sec left
CG set 1947 / 5354    4714.5476 GFlop/s     (589.3184 GFlop/s per process)    36%    2272.5 sec left
CG set 1948 / 5354    4714.5491 GFlop/s     (589.3186 GFlop/s per process)    36%    2271.8 sec left
CG set 1949 / 5354    4714.5501 GFlop/s     (589.3188 GFlop/s per process)    36%    2271.1 sec left
CG set 1950 / 5354    4714.5482 GFlop/s     (589.3185 GFlop/s per process)    36%    2270.4 sec left
CG set 1951 / 5354    4714.5488 GFlop/s     (589.3186 GFlop/s per process)    36%    2269.8 sec left
CG set 1952 / 5354    4714.5497 GFlop/s     (589.3187 GFlop/s per process)    36%    2269.1 sec left
CG set 1953 / 5354    4714.5489 GFlop/s     (589.3186 GFlop/s per process)    36%    2268.4 sec left
CG set 1954 / 5354    4714.5512 GFlop/s     (589.3189 GFlop/s per process)    36%    2267.7 sec left
CG set 1955 / 5354    4714.5513 GFlop/s     (589.3189 GFlop/s per process)    36%    2267.0 sec left
CG set 1956 / 5354    4714.5505 GFlop/s     (589.3188 GFlop/s per process)    36%    2266.3 sec left
CG set 1957 / 5354    4714.5537 GFlop/s     (589.3192 GFlop/s per process)    36%    2265.7 sec left
CG set 1958 / 5354    4714.5498 GFlop/s     (589.3187 GFlop/s per process)    36%    2265.0 sec left
CG set 1959 / 5354    4714.5511 GFlop/s     (589.3189 GFlop/s per process)    36%    2264.3 sec left
CG set 1960 / 5354    4714.5529 GFlop/s     (589.3191 GFlop/s per process)    36%    2263.6 sec left
CG set 1961 / 5354    4714.5544 GFlop/s     (589.3193 GFlop/s per process)    36%    2262.9 sec left
CG set 1962 / 5354    4714.5590 GFlop/s     (589.3199 GFlop/s per process)    36%    2262.3 sec left
CG set 1963 / 5354    4714.5555 GFlop/s     (589.3194 GFlop/s per process)    36%    2261.6 sec left
CG set 1964 / 5354    4714.5568 GFlop/s     (589.3196 GFlop/s per process)    36%    2260.9 sec left
CG set 1965 / 5354    4714.5570 GFlop/s     (589.3196 GFlop/s per process)    36%    2260.2 sec left
CG set 1966 / 5354    4714.5602 GFlop/s     (589.3200 GFlop/s per process)    36%    2259.5 sec left
CG set 1967 / 5354    4714.5590 GFlop/s     (589.3199 GFlop/s per process)    36%    2258.9 sec left
CG set 1968 / 5354    4714.5626 GFlop/s     (589.3203 GFlop/s per process)    36%    2258.2 sec left
CG set 1969 / 5354    4714.5670 GFlop/s     (589.3209 GFlop/s per process)    36%    2257.5 sec left
CG set 1970 / 5354    4714.5675 GFlop/s     (589.3209 GFlop/s per process)    36%    2256.8 sec left
CG set 1971 / 5354    4714.5650 GFlop/s     (589.3206 GFlop/s per process)    36%    2256.1 sec left
CG set 1972 / 5354    4714.5666 GFlop/s     (589.3208 GFlop/s per process)    36%    2255.4 sec left
CG set 1973 / 5354    4714.5644 GFlop/s     (589.3206 GFlop/s per process)    36%    2254.8 sec left
CG set 1974 / 5354    4714.5652 GFlop/s     (589.3207 GFlop/s per process)    36%    2254.1 sec left
CG set 1975 / 5354    4714.5701 GFlop/s     (589.3213 GFlop/s per process)    36%    2253.4 sec left
CG set 1976 / 5354    4714.5730 GFlop/s     (589.3216 GFlop/s per process)    36%    2252.7 sec left
CG set 1977 / 5354    4714.5732 GFlop/s     (589.3217 GFlop/s per process)    36%    2252.0 sec left
CG set 1978 / 5354    4714.5737 GFlop/s     (589.3217 GFlop/s per process)    36%    2251.4 sec left
CG set 1979 / 5354    4714.5749 GFlop/s     (589.3219 GFlop/s per process)    36%    2250.7 sec left
CG set 1980 / 5354    4714.5730 GFlop/s     (589.3216 GFlop/s per process)    36%    2250.0 sec left
CG set 1981 / 5354    4714.5729 GFlop/s     (589.3216 GFlop/s per process)    37%    2249.3 sec left
CG set 1982 / 5354    4714.5759 GFlop/s     (589.3220 GFlop/s per process)    37%    2248.6 sec left
CG set 1983 / 5354    4714.5730 GFlop/s     (589.3216 GFlop/s per process)    37%    2247.9 sec left
CG set 1984 / 5354    4714.5742 GFlop/s     (589.3218 GFlop/s per process)    37%    2247.3 sec left
CG set 1985 / 5354    4714.5743 GFlop/s     (589.3218 GFlop/s per process)    37%    2246.6 sec left
CG set 1986 / 5354    4714.5752 GFlop/s     (589.3219 GFlop/s per process)    37%    2245.9 sec left
CG set 1987 / 5354    4714.5767 GFlop/s     (589.3221 GFlop/s per process)    37%    2245.2 sec left
CG set 1988 / 5354    4714.5784 GFlop/s     (589.3223 GFlop/s per process)    37%    2244.5 sec left
CG set 1989 / 5354    4714.5796 GFlop/s     (589.3225 GFlop/s per process)    37%    2243.9 sec left
CG set 1990 / 5354    4714.5795 GFlop/s     (589.3224 GFlop/s per process)    37%    2243.2 sec left
CG set 1991 / 5354    4714.5844 GFlop/s     (589.3230 GFlop/s per process)    37%    2242.5 sec left
CG set 1992 / 5354    4714.5831 GFlop/s     (589.3229 GFlop/s per process)    37%    2241.8 sec left
CG set 1993 / 5354    4714.5829 GFlop/s     (589.3229 GFlop/s per process)    37%    2241.1 sec left
CG set 1994 / 5354    4714.5873 GFlop/s     (589.3234 GFlop/s per process)    37%    2240.4 sec left
CG set 1995 / 5354    4714.5877 GFlop/s     (589.3235 GFlop/s per process)    37%    2239.8 sec left
CG set 1996 / 5354    4714.5925 GFlop/s     (589.3241 GFlop/s per process)    37%    2239.1 sec left
CG set 1997 / 5354    4714.5922 GFlop/s     (589.3240 GFlop/s per process)    37%    2238.4 sec left
CG set 1998 / 5354    4714.5968 GFlop/s     (589.3246 GFlop/s per process)    37%    2237.7 sec left
CG set 1999 / 5354    4714.5975 GFlop/s     (589.3247 GFlop/s per process)    37%    2237.0 sec left
CG set 2000 / 5354    4714.6032 GFlop/s     (589.3254 GFlop/s per process)    37%    2236.4 sec left
CG set 2001 / 5354    4714.6061 GFlop/s     (589.3258 GFlop/s per process)    37%    2235.7 sec left
CG set 2002 / 5354    4714.6072 GFlop/s     (589.3259 GFlop/s per process)    37%    2235.0 sec left
CG set 2003 / 5354    4714.6094 GFlop/s     (589.3262 GFlop/s per process)    37%    2234.3 sec left
CG set 2004 / 5354    4714.6089 GFlop/s     (589.3261 GFlop/s per process)    37%    2233.6 sec left
CG set 2005 / 5354    4714.6076 GFlop/s     (589.3259 GFlop/s per process)    37%    2233.0 sec left
CG set 2006 / 5354    4714.6067 GFlop/s     (589.3258 GFlop/s per process)    37%    2232.3 sec left
CG set 2007 / 5354    4714.6077 GFlop/s     (589.3260 GFlop/s per process)    37%    2231.6 sec left
CG set 2008 / 5354    4714.6083 GFlop/s     (589.3260 GFlop/s per process)    37%    2230.9 sec left
CG set 2009 / 5354    4714.6077 GFlop/s     (589.3260 GFlop/s per process)    37%    2230.2 sec left
CG set 2010 / 5354    4714.6072 GFlop/s     (589.3259 GFlop/s per process)    37%    2229.5 sec left
CG set 2011 / 5354    4714.6078 GFlop/s     (589.3260 GFlop/s per process)    37%    2228.9 sec left
CG set 2012 / 5354    4714.6130 GFlop/s     (589.3266 GFlop/s per process)    37%    2228.2 sec left
CG set 2013 / 5354    4714.6189 GFlop/s     (589.3274 GFlop/s per process)    37%    2227.5 sec left
CG set 2014 / 5354    4714.6209 GFlop/s     (589.3276 GFlop/s per process)    37%    2226.8 sec left
CG set 2015 / 5354    4714.6230 GFlop/s     (589.3279 GFlop/s per process)    37%    2226.1 sec left
CG set 2016 / 5354    4714.6264 GFlop/s     (589.3283 GFlop/s per process)    37%    2225.5 sec left
CG set 2017 / 5354    4714.6263 GFlop/s     (589.3283 GFlop/s per process)    37%    2224.8 sec left
CG set 2018 / 5354    4714.6251 GFlop/s     (589.3281 GFlop/s per process)    37%    2224.1 sec left
CG set 2019 / 5354    4714.6249 GFlop/s     (589.3281 GFlop/s per process)    37%    2223.4 sec left
CG set 2020 / 5354    4714.6261 GFlop/s     (589.3283 GFlop/s per process)    37%    2222.7 sec left
CG set 2021 / 5354    4714.6243 GFlop/s     (589.3280 GFlop/s per process)    37%    2222.1 sec left
CG set 2022 / 5354    4714.6250 GFlop/s     (589.3281 GFlop/s per process)    37%    2221.4 sec left
CG set 2023 / 5354    4714.6286 GFlop/s     (589.3286 GFlop/s per process)    37%    2220.7 sec left
CG set 2024 / 5354    4714.6242 GFlop/s     (589.3280 GFlop/s per process)    37%    2220.0 sec left
CG set 2025 / 5354    4714.6240 GFlop/s     (589.3280 GFlop/s per process)    37%    2219.3 sec left
CG set 2026 / 5354    4714.6240 GFlop/s     (589.3280 GFlop/s per process)    37%    2218.6 sec left
CG set 2027 / 5354    4714.6231 GFlop/s     (589.3279 GFlop/s per process)    37%    2218.0 sec left
CG set 2028 / 5354    4714.6262 GFlop/s     (589.3283 GFlop/s per process)    37%    2217.3 sec left
CG set 2029 / 5354    4714.6254 GFlop/s     (589.3282 GFlop/s per process)    37%    2216.6 sec left
CG set 2030 / 5354    4714.6266 GFlop/s     (589.3283 GFlop/s per process)    37%    2215.9 sec left
CG set 2031 / 5354    4714.6286 GFlop/s     (589.3286 GFlop/s per process)    37%    2215.2 sec left
CG set 2032 / 5354    4714.6280 GFlop/s     (589.3285 GFlop/s per process)    37%    2214.6 sec left
CG set 2033 / 5354    4714.6224 GFlop/s     (589.3278 GFlop/s per process)    37%    2213.9 sec left
CG set 2034 / 5354    4714.6240 GFlop/s     (589.3280 GFlop/s per process)    37%    2213.2 sec left
CG set 2035 / 5354    4714.6269 GFlop/s     (589.3284 GFlop/s per process)    38%    2212.5 sec left
CG set 2036 / 5354    4714.6326 GFlop/s     (589.3291 GFlop/s per process)    38%    2211.8 sec left
CG set 2037 / 5354    4714.6304 GFlop/s     (589.3288 GFlop/s per process)    38%    2211.1 sec left
CG set 2038 / 5354    4714.6374 GFlop/s     (589.3297 GFlop/s per process)    38%    2210.5 sec left
CG set 2039 / 5354    4714.6413 GFlop/s     (589.3302 GFlop/s per process)    38%    2209.8 sec left
CG set 2040 / 5354    4714.6441 GFlop/s     (589.3305 GFlop/s per process)    38%    2209.1 sec left
CG set 2041 / 5354    4714.6426 GFlop/s     (589.3303 GFlop/s per process)    38%    2208.4 sec left
CG set 2042 / 5354    4714.6461 GFlop/s     (589.3308 GFlop/s per process)    38%    2207.7 sec left
CG set 2043 / 5354    4714.6482 GFlop/s     (589.3310 GFlop/s per process)    38%    2207.1 sec left
CG set 2044 / 5354    4714.6475 GFlop/s     (589.3309 GFlop/s per process)    38%    2206.4 sec left
CG set 2045 / 5354    4714.6399 GFlop/s     (589.3300 GFlop/s per process)    38%    2205.7 sec left
CG set 2046 / 5354    4714.6403 GFlop/s     (589.3300 GFlop/s per process)    38%    2205.0 sec left
CG set 2047 / 5354    4714.6415 GFlop/s     (589.3302 GFlop/s per process)    38%    2204.3 sec left
CG set 2048 / 5354    4714.6405 GFlop/s     (589.3301 GFlop/s per process)    38%    2203.6 sec left
CG set 2049 / 5354    4714.6431 GFlop/s     (589.3304 GFlop/s per process)    38%    2203.0 sec left
CG set 2050 / 5354    4714.6397 GFlop/s     (589.3300 GFlop/s per process)    38%    2202.3 sec left
CG set 2051 / 5354    4714.6422 GFlop/s     (589.3303 GFlop/s per process)    38%    2201.6 sec left
CG set 2052 / 5354    4714.6408 GFlop/s     (589.3301 GFlop/s per process)    38%    2200.9 sec left
CG set 2053 / 5354    4714.6416 GFlop/s     (589.3302 GFlop/s per process)    38%    2200.2 sec left
CG set 2054 / 5354    4714.6403 GFlop/s     (589.3300 GFlop/s per process)    38%    2199.6 sec left
CG set 2055 / 5354    4714.6449 GFlop/s     (589.3306 GFlop/s per process)    38%    2198.9 sec left
CG set 2056 / 5354    4714.6433 GFlop/s     (589.3304 GFlop/s per process)    38%    2198.2 sec left
CG set 2057 / 5354    4714.6418 GFlop/s     (589.3302 GFlop/s per process)    38%    2197.5 sec left
CG set 2058 / 5354    4714.6477 GFlop/s     (589.3310 GFlop/s per process)    38%    2196.8 sec left
CG set 2059 / 5354    4714.6474 GFlop/s     (589.3309 GFlop/s per process)    38%    2196.1 sec left
CG set 2060 / 5354    4714.6495 GFlop/s     (589.3312 GFlop/s per process)    38%    2195.5 sec left
CG set 2061 / 5354    4714.6501 GFlop/s     (589.3313 GFlop/s per process)    38%    2194.8 sec left
CG set 2062 / 5354    4714.6480 GFlop/s     (589.3310 GFlop/s per process)    38%    2194.1 sec left
CG set 2063 / 5354    4714.6519 GFlop/s     (589.3315 GFlop/s per process)    38%    2193.4 sec left
CG set 2064 / 5354    4714.6493 GFlop/s     (589.3312 GFlop/s per process)    38%    2192.7 sec left
CG set 2065 / 5354    4714.6488 GFlop/s     (589.3311 GFlop/s per process)    38%    2192.1 sec left
CG set 2066 / 5354    4714.6469 GFlop/s     (589.3309 GFlop/s per process)    38%    2191.4 sec left
CG set 2067 / 5354    4714.6482 GFlop/s     (589.3310 GFlop/s per process)    38%    2190.7 sec left
CG set 2068 / 5354    4714.6497 GFlop/s     (589.3312 GFlop/s per process)    38%    2190.0 sec left
CG set 2069 / 5354    4714.6502 GFlop/s     (589.3313 GFlop/s per process)    38%    2189.3 sec left
CG set 2070 / 5354    4714.6489 GFlop/s     (589.3311 GFlop/s per process)    38%    2188.6 sec left
CG set 2071 / 5354    4714.6505 GFlop/s     (589.3313 GFlop/s per process)    38%    2188.0 sec left
CG set 2072 / 5354    4714.6496 GFlop/s     (589.3312 GFlop/s per process)    38%    2187.3 sec left
CG set 2073 / 5354    4714.6522 GFlop/s     (589.3315 GFlop/s per process)    38%    2186.6 sec left
CG set 2074 / 5354    4714.6529 GFlop/s     (589.3316 GFlop/s per process)    38%    2185.9 sec left
CG set 2075 / 5354    4714.6539 GFlop/s     (589.3317 GFlop/s per process)    38%    2185.2 sec left
CG set 2076 / 5354    4714.6523 GFlop/s     (589.3315 GFlop/s per process)    38%    2184.6 sec left
CG set 2077 / 5354    4714.6518 GFlop/s     (589.3315 GFlop/s per process)    38%    2183.9 sec left
CG set 2078 / 5354    4714.6532 GFlop/s     (589.3316 GFlop/s per process)    38%    2183.2 sec left
CG set 2079 / 5354    4714.6510 GFlop/s     (589.3314 GFlop/s per process)    38%    2182.5 sec left
CG set 2080 / 5354    4714.6521 GFlop/s     (589.3315 GFlop/s per process)    38%    2181.8 sec left
CG set 2081 / 5354    4714.6531 GFlop/s     (589.3316 GFlop/s per process)    38%    2181.2 sec left
CG set 2082 / 5354    4714.6545 GFlop/s     (589.3318 GFlop/s per process)    38%    2180.5 sec left
CG set 2083 / 5354    4714.6567 GFlop/s     (589.3321 GFlop/s per process)    38%    2179.8 sec left
CG set 2084 / 5354    4714.6561 GFlop/s     (589.3320 GFlop/s per process)    38%    2179.1 sec left
CG set 2085 / 5354    4714.6575 GFlop/s     (589.3322 GFlop/s per process)    38%    2178.4 sec left
CG set 2086 / 5354    4714.6541 GFlop/s     (589.3318 GFlop/s per process)    38%    2177.7 sec left
CG set 2087 / 5354    4714.6531 GFlop/s     (589.3316 GFlop/s per process)    38%    2177.1 sec left
CG set 2088 / 5354    4714.6537 GFlop/s     (589.3317 GFlop/s per process)    38%    2176.4 sec left
CG set 2089 / 5354    4714.6546 GFlop/s     (589.3318 GFlop/s per process)    39%    2175.7 sec left
CG set 2090 / 5354    4714.6539 GFlop/s     (589.3317 GFlop/s per process)    39%    2175.0 sec left
CG set 2091 / 5354    4714.6552 GFlop/s     (589.3319 GFlop/s per process)    39%    2174.3 sec left
CG set 2092 / 5354    4714.6565 GFlop/s     (589.3321 GFlop/s per process)    39%    2173.7 sec left
CG set 2093 / 5354    4714.6579 GFlop/s     (589.3322 GFlop/s per process)    39%    2173.0 sec left
CG set 2094 / 5354    4714.6564 GFlop/s     (589.3321 GFlop/s per process)    39%    2172.3 sec left
CG set 2095 / 5354    4714.6591 GFlop/s     (589.3324 GFlop/s per process)    39%    2171.6 sec left
CG set 2096 / 5354    4714.6592 GFlop/s     (589.3324 GFlop/s per process)    39%    2170.9 sec left
CG set 2097 / 5354    4714.6639 GFlop/s     (589.3330 GFlop/s per process)    39%    2170.2 sec left
CG set 2098 / 5354    4714.6650 GFlop/s     (589.3331 GFlop/s per process)    39%    2169.6 sec left
CG set 2099 / 5354    4714.6653 GFlop/s     (589.3332 GFlop/s per process)    39%    2168.9 sec left
CG set 2100 / 5354    4714.6616 GFlop/s     (589.3327 GFlop/s per process)    39%    2168.2 sec left
CG set 2101 / 5354    4714.6611 GFlop/s     (589.3326 GFlop/s per process)    39%    2167.5 sec left
CG set 2102 / 5354    4714.6594 GFlop/s     (589.3324 GFlop/s per process)    39%    2166.8 sec left
CG set 2103 / 5354    4714.6561 GFlop/s     (589.3320 GFlop/s per process)    39%    2166.2 sec left
CG set 2104 / 5354    4714.6576 GFlop/s     (589.3322 GFlop/s per process)    39%    2165.5 sec left
CG set 2105 / 5354    4714.6568 GFlop/s     (589.3321 GFlop/s per process)    39%    2164.8 sec left
CG set 2106 / 5354    4714.6575 GFlop/s     (589.3322 GFlop/s per process)    39%    2164.1 sec left
CG set 2107 / 5354    4714.6607 GFlop/s     (589.3326 GFlop/s per process)    39%    2163.4 sec left
CG set 2108 / 5354    4714.6578 GFlop/s     (589.3322 GFlop/s per process)    39%    2162.7 sec left
CG set 2109 / 5354    4714.6583 GFlop/s     (589.3323 GFlop/s per process)    39%    2162.1 sec left
CG set 2110 / 5354    4714.6567 GFlop/s     (589.3321 GFlop/s per process)    39%    2161.4 sec left
CG set 2111 / 5354    4714.6573 GFlop/s     (589.3322 GFlop/s per process)    39%    2160.7 sec left
CG set 2112 / 5354    4714.6567 GFlop/s     (589.3321 GFlop/s per process)    39%    2160.0 sec left
CG set 2113 / 5354    4714.6564 GFlop/s     (589.3321 GFlop/s per process)    39%    2159.3 sec left
CG set 2114 / 5354    4714.6557 GFlop/s     (589.3320 GFlop/s per process)    39%    2158.7 sec left
CG set 2115 / 5354    4714.6518 GFlop/s     (589.3315 GFlop/s per process)    39%    2158.0 sec left
CG set 2116 / 5354    4714.6546 GFlop/s     (589.3318 GFlop/s per process)    39%    2157.3 sec left
CG set 2117 / 5354    4714.6541 GFlop/s     (589.3318 GFlop/s per process)    39%    2156.6 sec left
CG set 2118 / 5354    4714.6560 GFlop/s     (589.3320 GFlop/s per process)    39%    2155.9 sec left
CG set 2119 / 5354    4714.6576 GFlop/s     (589.3322 GFlop/s per process)    39%    2155.2 sec left
CG set 2120 / 5354    4714.6584 GFlop/s     (589.3323 GFlop/s per process)    39%    2154.6 sec left
CG set 2121 / 5354    4714.6596 GFlop/s     (589.3325 GFlop/s per process)    39%    2153.9 sec left
CG set 2122 / 5354    4714.6627 GFlop/s     (589.3328 GFlop/s per process)    39%    2153.2 sec left
CG set 2123 / 5354    4714.6620 GFlop/s     (589.3328 GFlop/s per process)    39%    2152.5 sec left
CG set 2124 / 5354    4714.6637 GFlop/s     (589.3330 GFlop/s per process)    39%    2151.8 sec left
CG set 2125 / 5354    4714.6631 GFlop/s     (589.3329 GFlop/s per process)    39%    2151.2 sec left
CG set 2126 / 5354    4714.6666 GFlop/s     (589.3333 GFlop/s per process)    39%    2150.5 sec left
CG set 2127 / 5354    4714.6693 GFlop/s     (589.3337 GFlop/s per process)    39%    2149.8 sec left
CG set 2128 / 5354    4714.6695 GFlop/s     (589.3337 GFlop/s per process)    39%    2149.1 sec left
CG set 2129 / 5354    4714.6699 GFlop/s     (589.3337 GFlop/s per process)    39%    2148.4 sec left
CG set 2130 / 5354    4714.6683 GFlop/s     (589.3335 GFlop/s per process)    39%    2147.7 sec left
CG set 2131 / 5354    4714.6680 GFlop/s     (589.3335 GFlop/s per process)    39%    2147.1 sec left
CG set 2132 / 5354    4714.6702 GFlop/s     (589.3338 GFlop/s per process)    39%    2146.4 sec left
CG set 2133 / 5354    4714.6735 GFlop/s     (589.3342 GFlop/s per process)    39%    2145.7 sec left
CG set 2134 / 5354    4714.6736 GFlop/s     (589.3342 GFlop/s per process)    39%    2145.0 sec left
CG set 2135 / 5354    4714.6753 GFlop/s     (589.3344 GFlop/s per process)    39%    2144.3 sec left
CG set 2136 / 5354    4714.6759 GFlop/s     (589.3345 GFlop/s per process)    39%    2143.7 sec left
CG set 2137 / 5354    4714.6744 GFlop/s     (589.3343 GFlop/s per process)    39%    2143.0 sec left
CG set 2138 / 5354    4714.6733 GFlop/s     (589.3342 GFlop/s per process)    39%    2142.3 sec left
CG set 2139 / 5354    4714.6740 GFlop/s     (589.3342 GFlop/s per process)    39%    2141.6 sec left
CG set 2140 / 5354    4714.6711 GFlop/s     (589.3339 GFlop/s per process)    39%    2140.9 sec left
CG set 2141 / 5354    4714.6700 GFlop/s     (589.3337 GFlop/s per process)    39%    2140.2 sec left
CG set 2142 / 5354    4714.6733 GFlop/s     (589.3342 GFlop/s per process)    40%    2139.6 sec left
CG set 2143 / 5354    4714.6780 GFlop/s     (589.3347 GFlop/s per process)    40%    2138.9 sec left
CG set 2144 / 5354    4714.6805 GFlop/s     (589.3351 GFlop/s per process)    40%    2138.2 sec left
CG set 2145 / 5354    4714.6807 GFlop/s     (589.3351 GFlop/s per process)    40%    2137.5 sec left
CG set 2146 / 5354    4714.6836 GFlop/s     (589.3354 GFlop/s per process)    40%    2136.8 sec left
CG set 2147 / 5354    4714.6830 GFlop/s     (589.3354 GFlop/s per process)    40%    2136.2 sec left
CG set 2148 / 5354    4714.6829 GFlop/s     (589.3354 GFlop/s per process)    40%    2135.5 sec left
CG set 2149 / 5354    4714.6816 GFlop/s     (589.3352 GFlop/s per process)    40%    2134.8 sec left
CG set 2150 / 5354    4714.6833 GFlop/s     (589.3354 GFlop/s per process)    40%    2134.1 sec left
CG set 2151 / 5354    4714.6852 GFlop/s     (589.3357 GFlop/s per process)    40%    2133.4 sec left
CG set 2152 / 5354    4714.6844 GFlop/s     (589.3355 GFlop/s per process)    40%    2132.8 sec left
CG set 2153 / 5354    4714.6891 GFlop/s     (589.3361 GFlop/s per process)    40%    2132.1 sec left
CG set 2154 / 5354    4714.6917 GFlop/s     (589.3365 GFlop/s per process)    40%    2131.4 sec left
CG set 2155 / 5354    4714.6870 GFlop/s     (589.3359 GFlop/s per process)    40%    2130.7 sec left
CG set 2156 / 5354    4714.6892 GFlop/s     (589.3361 GFlop/s per process)    40%    2130.0 sec left
CG set 2157 / 5354    4714.6928 GFlop/s     (589.3366 GFlop/s per process)    40%    2129.3 sec left
CG set 2158 / 5354    4714.6948 GFlop/s     (589.3368 GFlop/s per process)    40%    2128.7 sec left
CG set 2159 / 5354    4714.6934 GFlop/s     (589.3367 GFlop/s per process)    40%    2128.0 sec left
CG set 2160 / 5354    4714.6954 GFlop/s     (589.3369 GFlop/s per process)    40%    2127.3 sec left
CG set 2161 / 5354    4714.6994 GFlop/s     (589.3374 GFlop/s per process)    40%    2126.6 sec left
CG set 2162 / 5354    4714.6994 GFlop/s     (589.3374 GFlop/s per process)    40%    2125.9 sec left
CG set 2163 / 5354    4714.7000 GFlop/s     (589.3375 GFlop/s per process)    40%    2125.3 sec left
CG set 2164 / 5354    4714.6998 GFlop/s     (589.3375 GFlop/s per process)    40%    2124.6 sec left
CG set 2165 / 5354    4714.7044 GFlop/s     (589.3380 GFlop/s per process)    40%    2123.9 sec left
CG set 2166 / 5354    4714.7048 GFlop/s     (589.3381 GFlop/s per process)    40%    2123.2 sec left
CG set 2167 / 5354    4714.7067 GFlop/s     (589.3383 GFlop/s per process)    40%    2122.5 sec left
CG set 2168 / 5354    4714.7088 GFlop/s     (589.3386 GFlop/s per process)    40%    2121.9 sec left
CG set 2169 / 5354    4714.7110 GFlop/s     (589.3389 GFlop/s per process)    40%    2121.2 sec left
CG set 2170 / 5354    4714.7129 GFlop/s     (589.3391 GFlop/s per process)    40%    2120.5 sec left
CG set 2171 / 5354    4714.7132 GFlop/s     (589.3392 GFlop/s per process)    40%    2119.8 sec left
CG set 2172 / 5354    4714.7151 GFlop/s     (589.3394 GFlop/s per process)    40%    2119.1 sec left
CG set 2173 / 5354    4714.7186 GFlop/s     (589.3398 GFlop/s per process)    40%    2118.4 sec left
CG set 2174 / 5354    4714.7187 GFlop/s     (589.3398 GFlop/s per process)    40%    2117.8 sec left
CG set 2175 / 5354    4714.7193 GFlop/s     (589.3399 GFlop/s per process)    40%    2117.1 sec left
CG set 2176 / 5354    4714.7197 GFlop/s     (589.3400 GFlop/s per process)    40%    2116.4 sec left
CG set 2177 / 5354    4714.7212 GFlop/s     (589.3401 GFlop/s per process)    40%    2115.7 sec left
CG set 2178 / 5354    4714.7208 GFlop/s     (589.3401 GFlop/s per process)    40%    2115.0 sec left
CG set 2179 / 5354    4714.7200 GFlop/s     (589.3400 GFlop/s per process)    40%    2114.4 sec left
CG set 2180 / 5354    4714.7194 GFlop/s     (589.3399 GFlop/s per process)    40%    2113.7 sec left
CG set 2181 / 5354    4714.7184 GFlop/s     (589.3398 GFlop/s per process)    40%    2113.0 sec left
CG set 2182 / 5354    4714.7183 GFlop/s     (589.3398 GFlop/s per process)    40%    2112.3 sec left
CG set 2183 / 5354    4714.7178 GFlop/s     (589.3397 GFlop/s per process)    40%    2111.6 sec left
CG set 2184 / 5354    4714.7182 GFlop/s     (589.3398 GFlop/s per process)    40%    2110.9 sec left
CG set 2185 / 5354    4714.7172 GFlop/s     (589.3397 GFlop/s per process)    40%    2110.3 sec left
CG set 2186 / 5354    4714.7168 GFlop/s     (589.3396 GFlop/s per process)    40%    2109.6 sec left
CG set 2187 / 5354    4714.7129 GFlop/s     (589.3391 GFlop/s per process)    40%    2108.9 sec left
CG set 2188 / 5354    4714.7149 GFlop/s     (589.3394 GFlop/s per process)    40%    2108.2 sec left
CG set 2189 / 5354    4714.7165 GFlop/s     (589.3396 GFlop/s per process)    40%    2107.5 sec left
CG set 2190 / 5354    4714.7186 GFlop/s     (589.3398 GFlop/s per process)    40%    2106.9 sec left
CG set 2191 / 5354    4714.7211 GFlop/s     (589.3401 GFlop/s per process)    40%    2106.2 sec left
CG set 2192 / 5354    4714.7219 GFlop/s     (589.3402 GFlop/s per process)    40%    2105.5 sec left
CG set 2193 / 5354    4714.7222 GFlop/s     (589.3403 GFlop/s per process)    40%    2104.8 sec left
CG set 2194 / 5354    4714.7235 GFlop/s     (589.3404 GFlop/s per process)    40%    2104.1 sec left
CG set 2195 / 5354    4714.7247 GFlop/s     (589.3406 GFlop/s per process)    40%    2103.4 sec left
CG set 2196 / 5354    4714.7262 GFlop/s     (589.3408 GFlop/s per process)    41%    2102.8 sec left
CG set 2197 / 5354    4714.7293 GFlop/s     (589.3412 GFlop/s per process)    41%    2102.1 sec left
CG set 2198 / 5354    4714.7307 GFlop/s     (589.3413 GFlop/s per process)    41%    2101.4 sec left
CG set 2199 / 5354    4714.7305 GFlop/s     (589.3413 GFlop/s per process)    41%    2100.7 sec left
CG set 2200 / 5354    4714.7313 GFlop/s     (589.3414 GFlop/s per process)    41%    2100.0 sec left
CG set 2201 / 5354    4714.7315 GFlop/s     (589.3414 GFlop/s per process)    41%    2099.4 sec left
CG set 2202 / 5354    4714.7323 GFlop/s     (589.3415 GFlop/s per process)    41%    2098.7 sec left
CG set 2203 / 5354    4714.7316 GFlop/s     (589.3415 GFlop/s per process)    41%    2098.0 sec left
CG set 2204 / 5354    4714.7342 GFlop/s     (589.3418 GFlop/s per process)    41%    2097.3 sec left
CG set 2205 / 5354    4714.7358 GFlop/s     (589.3420 GFlop/s per process)    41%    2096.6 sec left
CG set 2206 / 5354    4714.7350 GFlop/s     (589.3419 GFlop/s per process)    41%    2096.0 sec left
CG set 2207 / 5354    4714.7336 GFlop/s     (589.3417 GFlop/s per process)    41%    2095.3 sec left
CG set 2208 / 5354    4714.7306 GFlop/s     (589.3413 GFlop/s per process)    41%    2094.6 sec left
CG set 2209 / 5354    4714.7307 GFlop/s     (589.3413 GFlop/s per process)    41%    2093.9 sec left
CG set 2210 / 5354    4714.7338 GFlop/s     (589.3417 GFlop/s per process)    41%    2093.2 sec left
CG set 2211 / 5354    4714.7328 GFlop/s     (589.3416 GFlop/s per process)    41%    2092.5 sec left
CG set 2212 / 5354    4714.7342 GFlop/s     (589.3418 GFlop/s per process)    41%    2091.9 sec left
CG set 2213 / 5354    4714.7365 GFlop/s     (589.3421 GFlop/s per process)    41%    2091.2 sec left
CG set 2214 / 5354    4714.7349 GFlop/s     (589.3419 GFlop/s per process)    41%    2090.5 sec left
CG set 2215 / 5354    4714.7353 GFlop/s     (589.3419 GFlop/s per process)    41%    2089.8 sec left
CG set 2216 / 5354    4714.7350 GFlop/s     (589.3419 GFlop/s per process)    41%    2089.1 sec left
CG set 2217 / 5354    4714.7337 GFlop/s     (589.3417 GFlop/s per process)    41%    2088.5 sec left
CG set 2218 / 5354    4714.7309 GFlop/s     (589.3414 GFlop/s per process)    41%    2087.8 sec left
CG set 2219 / 5354    4714.7322 GFlop/s     (589.3415 GFlop/s per process)    41%    2087.1 sec left
CG set 2220 / 5354    4714.7330 GFlop/s     (589.3416 GFlop/s per process)    41%    2086.4 sec left
CG set 2221 / 5354    4714.7357 GFlop/s     (589.3420 GFlop/s per process)    41%    2085.7 sec left
CG set 2222 / 5354    4714.7387 GFlop/s     (589.3423 GFlop/s per process)    41%    2085.0 sec left
CG set 2223 / 5354    4714.7354 GFlop/s     (589.3419 GFlop/s per process)    41%    2084.4 sec left
CG set 2224 / 5354    4714.7346 GFlop/s     (589.3418 GFlop/s per process)    41%    2083.7 sec left
CG set 2225 / 5354    4714.7360 GFlop/s     (589.3420 GFlop/s per process)    41%    2083.0 sec left
CG set 2226 / 5354    4714.7352 GFlop/s     (589.3419 GFlop/s per process)    41%    2082.3 sec left
CG set 2227 / 5354    4714.7362 GFlop/s     (589.3420 GFlop/s per process)    41%    2081.6 sec left
CG set 2228 / 5354    4714.7353 GFlop/s     (589.3419 GFlop/s per process)    41%    2081.0 sec left
CG set 2229 / 5354    4714.7392 GFlop/s     (589.3424 GFlop/s per process)    41%    2080.3 sec left
CG set 2230 / 5354    4714.7400 GFlop/s     (589.3425 GFlop/s per process)    41%    2079.6 sec left
CG set 2231 / 5354    4714.7389 GFlop/s     (589.3424 GFlop/s per process)    41%    2078.9 sec left
CG set 2232 / 5354    4714.7389 GFlop/s     (589.3424 GFlop/s per process)    41%    2078.2 sec left
CG set 2233 / 5354    4714.7391 GFlop/s     (589.3424 GFlop/s per process)    41%    2077.5 sec left
CG set 2234 / 5354    4714.7396 GFlop/s     (589.3425 GFlop/s per process)    41%    2076.9 sec left
CG set 2235 / 5354    4714.7396 GFlop/s     (589.3424 GFlop/s per process)    41%    2076.2 sec left
CG set 2236 / 5354    4714.7393 GFlop/s     (589.3424 GFlop/s per process)    41%    2075.5 sec left
CG set 2237 / 5354    4714.7427 GFlop/s     (589.3428 GFlop/s per process)    41%    2074.8 sec left
CG set 2238 / 5354    4714.7417 GFlop/s     (589.3427 GFlop/s per process)    41%    2074.1 sec left
CG set 2239 / 5354    4714.7434 GFlop/s     (589.3429 GFlop/s per process)    41%    2073.5 sec left
CG set 2240 / 5354    4714.7464 GFlop/s     (589.3433 GFlop/s per process)    41%    2072.8 sec left
CG set 2241 / 5354    4714.7450 GFlop/s     (589.3431 GFlop/s per process)    41%    2072.1 sec left
CG set 2242 / 5354    4714.7465 GFlop/s     (589.3433 GFlop/s per process)    41%    2071.4 sec left
CG set 2243 / 5354    4714.7451 GFlop/s     (589.3431 GFlop/s per process)    41%    2070.7 sec left
CG set 2244 / 5354    4714.7480 GFlop/s     (589.3435 GFlop/s per process)    41%    2070.0 sec left
CG set 2245 / 5354    4714.7502 GFlop/s     (589.3438 GFlop/s per process)    41%    2069.4 sec left
CG set 2246 / 5354    4714.7540 GFlop/s     (589.3443 GFlop/s per process)    41%    2068.7 sec left
CG set 2247 / 5354    4714.7508 GFlop/s     (589.3439 GFlop/s per process)    41%    2068.0 sec left
CG set 2248 / 5354    4714.7532 GFlop/s     (589.3442 GFlop/s per process)    41%    2067.3 sec left
CG set 2249 / 5354    4714.7534 GFlop/s     (589.3442 GFlop/s per process)    42%    2066.6 sec left
CG set 2250 / 5354    4714.7534 GFlop/s     (589.3442 GFlop/s per process)    42%    2066.0 sec left
CG set 2251 / 5354    4714.7537 GFlop/s     (589.3442 GFlop/s per process)    42%    2065.3 sec left
CG set 2252 / 5354    4714.7519 GFlop/s     (589.3440 GFlop/s per process)    42%    2064.6 sec left
CG set 2253 / 5354    4714.7544 GFlop/s     (589.3443 GFlop/s per process)    42%    2063.9 sec left
CG set 2254 / 5354    4714.7538 GFlop/s     (589.3442 GFlop/s per process)    42%    2063.2 sec left
CG set 2255 / 5354    4714.7546 GFlop/s     (589.3443 GFlop/s per process)    42%    2062.6 sec left
CG set 2256 / 5354    4714.7557 GFlop/s     (589.3445 GFlop/s per process)    42%    2061.9 sec left
CG set 2257 / 5354    4714.7548 GFlop/s     (589.3443 GFlop/s per process)    42%    2061.2 sec left
CG set 2258 / 5354    4714.7573 GFlop/s     (589.3447 GFlop/s per process)    42%    2060.5 sec left
CG set 2259 / 5354    4714.7539 GFlop/s     (589.3442 GFlop/s per process)    42%    2059.8 sec left
CG set 2260 / 5354    4714.7562 GFlop/s     (589.3445 GFlop/s per process)    42%    2059.1 sec left
CG set 2261 / 5354    4714.7566 GFlop/s     (589.3446 GFlop/s per process)    42%    2058.5 sec left
CG set 2262 / 5354    4714.7570 GFlop/s     (589.3446 GFlop/s per process)    42%    2057.8 sec left
CG set 2263 / 5354    4714.7579 GFlop/s     (589.3447 GFlop/s per process)    42%    2057.1 sec left
CG set 2264 / 5354    4714.7586 GFlop/s     (589.3448 GFlop/s per process)    42%    2056.4 sec left
CG set 2265 / 5354    4714.7586 GFlop/s     (589.3448 GFlop/s per process)    42%    2055.7 sec left
CG set 2266 / 5354    4714.7598 GFlop/s     (589.3450 GFlop/s per process)    42%    2055.1 sec left
CG set 2267 / 5354    4714.7596 GFlop/s     (589.3449 GFlop/s per process)    42%    2054.4 sec left
CG set 2268 / 5354    4714.7632 GFlop/s     (589.3454 GFlop/s per process)    42%    2053.7 sec left
CG set 2269 / 5354    4714.7622 GFlop/s     (589.3453 GFlop/s per process)    42%    2053.0 sec left
CG set 2270 / 5354    4714.7646 GFlop/s     (589.3456 GFlop/s per process)    42%    2052.3 sec left
CG set 2271 / 5354    4714.7667 GFlop/s     (589.3458 GFlop/s per process)    42%    2051.6 sec left
CG set 2272 / 5354    4714.7662 GFlop/s     (589.3458 GFlop/s per process)    42%    2051.0 sec left
CG set 2273 / 5354    4714.7668 GFlop/s     (589.3459 GFlop/s per process)    42%    2050.3 sec left
CG set 2274 / 5354    4714.7667 GFlop/s     (589.3458 GFlop/s per process)    42%    2049.6 sec left
CG set 2275 / 5354    4714.7637 GFlop/s     (589.3455 GFlop/s per process)    42%    2048.9 sec left
CG set 2276 / 5354    4714.7660 GFlop/s     (589.3458 GFlop/s per process)    42%    2048.2 sec left
CG set 2277 / 5354    4714.7666 GFlop/s     (589.3458 GFlop/s per process)    42%    2047.6 sec left
CG set 2278 / 5354    4714.7658 GFlop/s     (589.3457 GFlop/s per process)    42%    2046.9 sec left
CG set 2279 / 5354    4714.7661 GFlop/s     (589.3458 GFlop/s per process)    42%    2046.2 sec left
CG set 2280 / 5354    4714.7633 GFlop/s     (589.3454 GFlop/s per process)    42%    2045.5 sec left
CG set 2281 / 5354    4714.7669 GFlop/s     (589.3459 GFlop/s per process)    42%    2044.8 sec left
CG set 2282 / 5354    4714.7651 GFlop/s     (589.3456 GFlop/s per process)    42%    2044.1 sec left
CG set 2283 / 5354    4714.7648 GFlop/s     (589.3456 GFlop/s per process)    42%    2043.5 sec left
CG set 2284 / 5354    4714.7626 GFlop/s     (589.3453 GFlop/s per process)    42%    2042.8 sec left
CG set 2285 / 5354    4714.7625 GFlop/s     (589.3453 GFlop/s per process)    42%    2042.1 sec left
CG set 2286 / 5354    4714.7632 GFlop/s     (589.3454 GFlop/s per process)    42%    2041.4 sec left
CG set 2287 / 5354    4714.7637 GFlop/s     (589.3455 GFlop/s per process)    42%    2040.7 sec left
CG set 2288 / 5354    4714.7687 GFlop/s     (589.3461 GFlop/s per process)    42%    2040.1 sec left
CG set 2289 / 5354    4714.7709 GFlop/s     (589.3464 GFlop/s per process)    42%    2039.4 sec left
CG set 2290 / 5354    4714.7722 GFlop/s     (589.3465 GFlop/s per process)    42%    2038.7 sec left
CG set 2291 / 5354    4714.7726 GFlop/s     (589.3466 GFlop/s per process)    42%    2038.0 sec left
CG set 2292 / 5354    4714.7720 GFlop/s     (589.3465 GFlop/s per process)    42%    2037.3 sec left
CG set 2293 / 5354    4714.7712 GFlop/s     (589.3464 GFlop/s per process)    42%    2036.6 sec left
CG set 2294 / 5354    4714.7687 GFlop/s     (589.3461 GFlop/s per process)    42%    2036.0 sec left
CG set 2295 / 5354    4714.7722 GFlop/s     (589.3465 GFlop/s per process)    42%    2035.3 sec left
CG set 2296 / 5354    4714.7751 GFlop/s     (589.3469 GFlop/s per process)    42%    2034.6 sec left
CG set 2297 / 5354    4714.7770 GFlop/s     (589.3471 GFlop/s per process)    42%    2033.9 sec left
CG set 2298 / 5354    4714.7793 GFlop/s     (589.3474 GFlop/s per process)    42%    2033.2 sec left
CG set 2299 / 5354    4714.7783 GFlop/s     (589.3473 GFlop/s per process)    42%    2032.6 sec left
CG set 2300 / 5354    4714.7806 GFlop/s     (589.3476 GFlop/s per process)    42%    2031.9 sec left
CG set 2301 / 5354    4714.7804 GFlop/s     (589.3475 GFlop/s per process)    42%    2031.2 sec left
CG set 2302 / 5354    4714.7795 GFlop/s     (589.3474 GFlop/s per process)    42%    2030.5 sec left
CG set 2303 / 5354    4714.7781 GFlop/s     (589.3473 GFlop/s per process)    43%    2029.8 sec left
CG set 2304 / 5354    4714.7755 GFlop/s     (589.3469 GFlop/s per process)    43%    2029.1 sec left
CG set 2305 / 5354    4714.7765 GFlop/s     (589.3471 GFlop/s per process)    43%    2028.5 sec left
CG set 2306 / 5354    4714.7772 GFlop/s     (589.3472 GFlop/s per process)    43%    2027.8 sec left
CG set 2307 / 5354    4714.7779 GFlop/s     (589.3472 GFlop/s per process)    43%    2027.1 sec left
CG set 2308 / 5354    4714.7774 GFlop/s     (589.3472 GFlop/s per process)    43%    2026.4 sec left
CG set 2309 / 5354    4714.7791 GFlop/s     (589.3474 GFlop/s per process)    43%    2025.7 sec left
CG set 2310 / 5354    4714.7802 GFlop/s     (589.3475 GFlop/s per process)    43%    2025.1 sec left
CG set 2311 / 5354    4714.7814 GFlop/s     (589.3477 GFlop/s per process)    43%    2024.4 sec left
CG set 2312 / 5354    4714.7788 GFlop/s     (589.3474 GFlop/s per process)    43%    2023.7 sec left
CG set 2313 / 5354    4714.7813 GFlop/s     (589.3477 GFlop/s per process)    43%    2023.0 sec left
CG set 2314 / 5354    4714.7825 GFlop/s     (589.3478 GFlop/s per process)    43%    2022.3 sec left
CG set 2315 / 5354    4714.7797 GFlop/s     (589.3475 GFlop/s per process)    43%    2021.7 sec left
CG set 2316 / 5354    4714.7811 GFlop/s     (589.3476 GFlop/s per process)    43%    2021.0 sec left
CG set 2317 / 5354    4714.7796 GFlop/s     (589.3474 GFlop/s per process)    43%    2020.3 sec left
CG set 2318 / 5354    4714.7788 GFlop/s     (589.3474 GFlop/s per process)    43%    2019.6 sec left
CG set 2319 / 5354    4714.7819 GFlop/s     (589.3477 GFlop/s per process)    43%    2018.9 sec left
CG set 2320 / 5354    4714.7803 GFlop/s     (589.3475 GFlop/s per process)    43%    2018.2 sec left
CG set 2321 / 5354    4714.7803 GFlop/s     (589.3475 GFlop/s per process)    43%    2017.6 sec left
CG set 2322 / 5354    4714.7783 GFlop/s     (589.3473 GFlop/s per process)    43%    2016.9 sec left
CG set 2323 / 5354    4714.7778 GFlop/s     (589.3472 GFlop/s per process)    43%    2016.2 sec left
CG set 2324 / 5354    4714.7798 GFlop/s     (589.3475 GFlop/s per process)    43%    2015.5 sec left
CG set 2325 / 5354    4714.7800 GFlop/s     (589.3475 GFlop/s per process)    43%    2014.8 sec left
CG set 2326 / 5354    4714.7813 GFlop/s     (589.3477 GFlop/s per process)    43%    2014.2 sec left
CG set 2327 / 5354    4714.7812 GFlop/s     (589.3477 GFlop/s per process)    43%    2013.5 sec left
CG set 2328 / 5354    4714.7825 GFlop/s     (589.3478 GFlop/s per process)    43%    2012.8 sec left
CG set 2329 / 5354    4714.7821 GFlop/s     (589.3478 GFlop/s per process)    43%    2012.1 sec left
CG set 2330 / 5354    4714.7825 GFlop/s     (589.3478 GFlop/s per process)    43%    2011.4 sec left
CG set 2331 / 5354    4714.7811 GFlop/s     (589.3476 GFlop/s per process)    43%    2010.7 sec left
CG set 2332 / 5354    4714.7796 GFlop/s     (589.3475 GFlop/s per process)    43%    2010.1 sec left
CG set 2333 / 5354    4714.7788 GFlop/s     (589.3474 GFlop/s per process)    43%    2009.4 sec left
CG set 2334 / 5354    4714.7760 GFlop/s     (589.3470 GFlop/s per process)    43%    2008.7 sec left
CG set 2335 / 5354    4714.7808 GFlop/s     (589.3476 GFlop/s per process)    43%    2008.0 sec left
CG set 2336 / 5354    4714.7813 GFlop/s     (589.3477 GFlop/s per process)    43%    2007.3 sec left
CG set 2337 / 5354    4714.7779 GFlop/s     (589.3472 GFlop/s per process)    43%    2006.7 sec left
CG set 2338 / 5354    4714.7783 GFlop/s     (589.3473 GFlop/s per process)    43%    2006.0 sec left
CG set 2339 / 5354    4714.7779 GFlop/s     (589.3472 GFlop/s per process)    43%    2005.3 sec left
CG set 2340 / 5354    4714.7782 GFlop/s     (589.3473 GFlop/s per process)    43%    2004.6 sec left
CG set 2341 / 5354    4714.7807 GFlop/s     (589.3476 GFlop/s per process)    43%    2003.9 sec left
CG set 2342 / 5354    4714.7800 GFlop/s     (589.3475 GFlop/s per process)    43%    2003.2 sec left
CG set 2343 / 5354    4714.7829 GFlop/s     (589.3479 GFlop/s per process)    43%    2002.6 sec left
CG set 2344 / 5354    4714.7804 GFlop/s     (589.3475 GFlop/s per process)    43%    2001.9 sec left
CG set 2345 / 5354    4714.7807 GFlop/s     (589.3476 GFlop/s per process)    43%    2001.2 sec left
CG set 2346 / 5354    4714.7821 GFlop/s     (589.3478 GFlop/s per process)    43%    2000.5 sec left
CG set 2347 / 5354    4714.7804 GFlop/s     (589.3476 GFlop/s per process)    43%    1999.8 sec left
CG set 2348 / 5354    4714.7801 GFlop/s     (589.3475 GFlop/s per process)    43%    1999.2 sec left
CG set 2349 / 5354    4714.7833 GFlop/s     (589.3479 GFlop/s per process)    43%    1998.5 sec left
CG set 2350 / 5354    4714.7813 GFlop/s     (589.3477 GFlop/s per process)    43%    1997.8 sec left
CG set 2351 / 5354    4714.7826 GFlop/s     (589.3478 GFlop/s per process)    43%    1997.1 sec left
CG set 2352 / 5354    4714.7847 GFlop/s     (589.3481 GFlop/s per process)    43%    1996.4 sec left
CG set 2353 / 5354    4714.7836 GFlop/s     (589.3480 GFlop/s per process)    43%    1995.7 sec left
CG set 2354 / 5354    4714.7818 GFlop/s     (589.3477 GFlop/s per process)    43%    1995.1 sec left
CG set 2355 / 5354    4714.7833 GFlop/s     (589.3479 GFlop/s per process)    43%    1994.4 sec left
CG set 2356 / 5354    4714.7806 GFlop/s     (589.3476 GFlop/s per process)    44%    1993.7 sec left
CG set 2357 / 5354    4714.7812 GFlop/s     (589.3477 GFlop/s per process)    44%    1993.0 sec left
CG set 2358 / 5354    4714.7814 GFlop/s     (589.3477 GFlop/s per process)    44%    1992.3 sec left
CG set 2359 / 5354    4714.7794 GFlop/s     (589.3474 GFlop/s per process)    44%    1991.7 sec left
CG set 2360 / 5354    4714.7781 GFlop/s     (589.3473 GFlop/s per process)    44%    1991.0 sec left
CG set 2361 / 5354    4714.7785 GFlop/s     (589.3473 GFlop/s per process)    44%    1990.3 sec left
CG set 2362 / 5354    4714.7758 GFlop/s     (589.3470 GFlop/s per process)    44%    1989.6 sec left
CG set 2363 / 5354    4714.7769 GFlop/s     (589.3471 GFlop/s per process)    44%    1988.9 sec left
CG set 2364 / 5354    4714.7766 GFlop/s     (589.3471 GFlop/s per process)    44%    1988.2 sec left
CG set 2365 / 5354    4714.7799 GFlop/s     (589.3475 GFlop/s per process)    44%    1987.6 sec left
CG set 2366 / 5354    4714.7821 GFlop/s     (589.3478 GFlop/s per process)    44%    1986.9 sec left
CG set 2367 / 5354    4714.7807 GFlop/s     (589.3476 GFlop/s per process)    44%    1986.2 sec left
CG set 2368 / 5354    4714.7816 GFlop/s     (589.3477 GFlop/s per process)    44%    1985.5 sec left
CG set 2369 / 5354    4714.7838 GFlop/s     (589.3480 GFlop/s per process)    44%    1984.8 sec left
CG set 2370 / 5354    4714.7847 GFlop/s     (589.3481 GFlop/s per process)    44%    1984.2 sec left
CG set 2371 / 5354    4714.7846 GFlop/s     (589.3481 GFlop/s per process)    44%    1983.5 sec left
CG set 2372 / 5354    4714.7885 GFlop/s     (589.3486 GFlop/s per process)    44%    1982.8 sec left
CG set 2373 / 5354    4714.7902 GFlop/s     (589.3488 GFlop/s per process)    44%    1982.1 sec left
CG set 2374 / 5354    4714.7917 GFlop/s     (589.3490 GFlop/s per process)    44%    1981.4 sec left
CG set 2375 / 5354    4714.7918 GFlop/s     (589.3490 GFlop/s per process)    44%    1980.7 sec left
CG set 2376 / 5354    4714.7916 GFlop/s     (589.3490 GFlop/s per process)    44%    1980.1 sec left
CG set 2377 / 5354    4714.7950 GFlop/s     (589.3494 GFlop/s per process)    44%    1979.4 sec left
CG set 2378 / 5354    4714.8019 GFlop/s     (589.3502 GFlop/s per process)    44%    1978.7 sec left
CG set 2379 / 5354    4714.8055 GFlop/s     (589.3507 GFlop/s per process)    44%    1978.0 sec left
CG set 2380 / 5354    4714.8128 GFlop/s     (589.3516 GFlop/s per process)    44%    1977.3 sec left
CG set 2381 / 5354    4714.8201 GFlop/s     (589.3525 GFlop/s per process)    44%    1976.7 sec left
CG set 2382 / 5354    4714.8223 GFlop/s     (589.3528 GFlop/s per process)    44%    1976.0 sec left
CG set 2383 / 5354    4714.8231 GFlop/s     (589.3529 GFlop/s per process)    44%    1975.3 sec left
CG set 2384 / 5354    4714.8280 GFlop/s     (589.3535 GFlop/s per process)    44%    1974.6 sec left
CG set 2385 / 5354    4714.8327 GFlop/s     (589.3541 GFlop/s per process)    44%    1973.9 sec left
CG set 2386 / 5354    4714.8379 GFlop/s     (589.3547 GFlop/s per process)    44%    1973.3 sec left
CG set 2387 / 5354    4714.8439 GFlop/s     (589.3555 GFlop/s per process)    44%    1972.6 sec left
CG set 2388 / 5354    4714.8482 GFlop/s     (589.3560 GFlop/s per process)    44%    1971.9 sec left
CG set 2389 / 5354    4714.8523 GFlop/s     (589.3565 GFlop/s per process)    44%    1971.2 sec left
CG set 2390 / 5354    4714.8545 GFlop/s     (589.3568 GFlop/s per process)    44%    1970.5 sec left
CG set 2391 / 5354    4714.8594 GFlop/s     (589.3574 GFlop/s per process)    44%    1969.9 sec left
CG set 2392 / 5354    4714.8627 GFlop/s     (589.3578 GFlop/s per process)    44%    1969.2 sec left
CG set 2393 / 5354    4714.8696 GFlop/s     (589.3587 GFlop/s per process)    44%    1968.5 sec left
CG set 2394 / 5354    4714.8734 GFlop/s     (589.3592 GFlop/s per process)    44%    1967.8 sec left
CG set 2395 / 5354    4714.8758 GFlop/s     (589.3595 GFlop/s per process)    44%    1967.1 sec left
CG set 2396 / 5354    4714.8847 GFlop/s     (589.3606 GFlop/s per process)    44%    1966.5 sec left
CG set 2397 / 5354    4714.8900 GFlop/s     (589.3612 GFlop/s per process)    44%    1965.8 sec left
CG set 2398 / 5354    4714.8928 GFlop/s     (589.3616 GFlop/s per process)    44%    1965.1 sec left
CG set 2399 / 5354    4714.8977 GFlop/s     (589.3622 GFlop/s per process)    44%    1964.4 sec left
CG set 2400 / 5354    4714.9026 GFlop/s     (589.3628 GFlop/s per process)    44%    1963.7 sec left
CG set 2401 / 5354    4714.9107 GFlop/s     (589.3638 GFlop/s per process)    44%    1963.1 sec left
CG set 2402 / 5354    4714.9120 GFlop/s     (589.3640 GFlop/s per process)    44%    1962.4 sec left
CG set 2403 / 5354    4714.9169 GFlop/s     (589.3646 GFlop/s per process)    44%    1961.7 sec left
CG set 2404 / 5354    4714.9239 GFlop/s     (589.3655 GFlop/s per process)    44%    1961.0 sec left
CG set 2405 / 5354    4714.9303 GFlop/s     (589.3663 GFlop/s per process)    44%    1960.3 sec left
CG set 2406 / 5354    4714.9362 GFlop/s     (589.3670 GFlop/s per process)    44%    1959.7 sec left
CG set 2407 / 5354    4714.9407 GFlop/s     (589.3676 GFlop/s per process)    44%    1959.0 sec left
CG set 2408 / 5354    4714.9444 GFlop/s     (589.3681 GFlop/s per process)    44%    1958.3 sec left
CG set 2409 / 5354    4714.9487 GFlop/s     (589.3686 GFlop/s per process)    44%    1957.6 sec left
CG set 2410 / 5354    4714.9524 GFlop/s     (589.3691 GFlop/s per process)    45%    1956.9 sec left
CG set 2411 / 5354    4714.9599 GFlop/s     (589.3700 GFlop/s per process)    45%    1956.3 sec left
CG set 2412 / 5354    4714.9650 GFlop/s     (589.3706 GFlop/s per process)    45%    1955.6 sec left
CG set 2413 / 5354    4714.9614 GFlop/s     (589.3702 GFlop/s per process)    45%    1954.9 sec left
CG set 2414 / 5354    4714.9635 GFlop/s     (589.3704 GFlop/s per process)    45%    1954.2 sec left
CG set 2415 / 5354    4714.9638 GFlop/s     (589.3705 GFlop/s per process)    45%    1953.5 sec left
CG set 2416 / 5354    4714.9661 GFlop/s     (589.3708 GFlop/s per process)    45%    1952.9 sec left
CG set 2417 / 5354    4714.9681 GFlop/s     (589.3710 GFlop/s per process)    45%    1952.2 sec left
CG set 2418 / 5354    4714.9665 GFlop/s     (589.3708 GFlop/s per process)    45%    1951.5 sec left
CG set 2419 / 5354    4714.9654 GFlop/s     (589.3707 GFlop/s per process)    45%    1950.8 sec left
CG set 2420 / 5354    4714.9641 GFlop/s     (589.3705 GFlop/s per process)    45%    1950.1 sec left
CG set 2421 / 5354    4714.9647 GFlop/s     (589.3706 GFlop/s per process)    45%    1949.4 sec left
CG set 2422 / 5354    4714.9644 GFlop/s     (589.3705 GFlop/s per process)    45%    1948.8 sec left
CG set 2423 / 5354    4714.9666 GFlop/s     (589.3708 GFlop/s per process)    45%    1948.1 sec left
CG set 2424 / 5354    4714.9724 GFlop/s     (589.3715 GFlop/s per process)    45%    1947.4 sec left
CG set 2425 / 5354    4714.9735 GFlop/s     (589.3717 GFlop/s per process)    45%    1946.7 sec left
CG set 2426 / 5354    4714.9737 GFlop/s     (589.3717 GFlop/s per process)    45%    1946.0 sec left
CG set 2427 / 5354    4714.9741 GFlop/s     (589.3718 GFlop/s per process)    45%    1945.4 sec left
CG set 2428 / 5354    4714.9726 GFlop/s     (589.3716 GFlop/s per process)    45%    1944.7 sec left
CG set 2429 / 5354    4714.9716 GFlop/s     (589.3715 GFlop/s per process)    45%    1944.0 sec left
CG set 2430 / 5354    4714.9736 GFlop/s     (589.3717 GFlop/s per process)    45%    1943.3 sec left
CG set 2431 / 5354    4714.9752 GFlop/s     (589.3719 GFlop/s per process)    45%    1942.6 sec left
CG set 2432 / 5354    4714.9725 GFlop/s     (589.3716 GFlop/s per process)    45%    1942.0 sec left
CG set 2433 / 5354    4714.9702 GFlop/s     (589.3713 GFlop/s per process)    45%    1941.3 sec left
CG set 2434 / 5354    4714.9704 GFlop/s     (589.3713 GFlop/s per process)    45%    1940.6 sec left
CG set 2435 / 5354    4714.9677 GFlop/s     (589.3710 GFlop/s per process)    45%    1939.9 sec left
CG set 2436 / 5354    4714.9682 GFlop/s     (589.3710 GFlop/s per process)    45%    1939.2 sec left
CG set 2437 / 5354    4714.9638 GFlop/s     (589.3705 GFlop/s per process)    45%    1938.5 sec left
CG set 2438 / 5354    4714.9607 GFlop/s     (589.3701 GFlop/s per process)    45%    1937.9 sec left
CG set 2439 / 5354    4714.9554 GFlop/s     (589.3694 GFlop/s per process)    45%    1937.2 sec left
CG set 2440 / 5354    4714.9509 GFlop/s     (589.3689 GFlop/s per process)    45%    1936.5 sec left
CG set 2441 / 5354    4714.9473 GFlop/s     (589.3684 GFlop/s per process)    45%    1935.8 sec left
CG set 2442 / 5354    4714.9410 GFlop/s     (589.3676 GFlop/s per process)    45%    1935.1 sec left
CG set 2443 / 5354    4714.9349 GFlop/s     (589.3669 GFlop/s per process)    45%    1934.4 sec left
CG set 2444 / 5354    4714.9301 GFlop/s     (589.3663 GFlop/s per process)    45%    1933.8 sec left
CG set 2445 / 5354    4714.9208 GFlop/s     (589.3651 GFlop/s per process)    45%    1933.1 sec left
CG set 2446 / 5354    4714.9151 GFlop/s     (589.3644 GFlop/s per process)    45%    1932.4 sec left
CG set 2447 / 5354    4714.9077 GFlop/s     (589.3635 GFlop/s per process)    45%    1931.7 sec left
CG set 2448 / 5354    4714.9005 GFlop/s     (589.3626 GFlop/s per process)    45%    1931.0 sec left
CG set 2449 / 5354    4714.8935 GFlop/s     (589.3617 GFlop/s per process)    45%    1930.3 sec left
CG set 2450 / 5354    4714.8834 GFlop/s     (589.3604 GFlop/s per process)    45%    1929.6 sec left
CG set 2451 / 5354    4714.8727 GFlop/s     (589.3591 GFlop/s per process)    45%    1929.0 sec left
CG set 2452 / 5354    4714.8597 GFlop/s     (589.3575 GFlop/s per process)    45%    1928.3 sec left
CG set 2453 / 5354    4714.8492 GFlop/s     (589.3562 GFlop/s per process)    45%    1927.6 sec left
CG set 2454 / 5354    4714.8350 GFlop/s     (589.3544 GFlop/s per process)    45%    1926.9 sec left
CG set 2455 / 5354    4714.8178 GFlop/s     (589.3522 GFlop/s per process)    45%    1926.2 sec left
CG set 2456 / 5354    4714.8041 GFlop/s     (589.3505 GFlop/s per process)    45%    1925.5 sec left
CG set 2457 / 5354    4714.7894 GFlop/s     (589.3487 GFlop/s per process)    45%    1924.8 sec left
CG set 2458 / 5354    4714.7735 GFlop/s     (589.3467 GFlop/s per process)    45%    1924.2 sec left
CG set 2459 / 5354    4714.7581 GFlop/s     (589.3448 GFlop/s per process)    45%    1923.5 sec left
CG set 2460 / 5354    4714.7410 GFlop/s     (589.3426 GFlop/s per process)    45%    1922.8 sec left
CG set 2461 / 5354    4714.7260 GFlop/s     (589.3408 GFlop/s per process)    45%    1922.1 sec left
CG set 2462 / 5354    4714.7053 GFlop/s     (589.3382 GFlop/s per process)    45%    1921.4 sec left
CG set 2463 / 5354    4714.6880 GFlop/s     (589.3360 GFlop/s per process)    46%    1920.7 sec left
CG set 2464 / 5354    4714.6685 GFlop/s     (589.3336 GFlop/s per process)    46%    1920.0 sec left
CG set 2465 / 5354    4714.6487 GFlop/s     (589.3311 GFlop/s per process)    46%    1919.3 sec left
CG set 2466 / 5354    4714.6266 GFlop/s     (589.3283 GFlop/s per process)    46%    1918.6 sec left
CG set 2467 / 5354    4714.6027 GFlop/s     (589.3253 GFlop/s per process)    46%    1918.0 sec left
CG set 2468 / 5354    4714.5790 GFlop/s     (589.3224 GFlop/s per process)    46%    1917.3 sec left
CG set 2469 / 5354    4714.5549 GFlop/s     (589.3194 GFlop/s per process)    46%    1916.6 sec left
CG set 2470 / 5354    4714.5318 GFlop/s     (589.3165 GFlop/s per process)    46%    1915.9 sec left
CG set 2471 / 5354    4714.5067 GFlop/s     (589.3133 GFlop/s per process)    46%    1915.2 sec left
CG set 2472 / 5354    4714.4828 GFlop/s     (589.3104 GFlop/s per process)    46%    1914.5 sec left
CG set 2473 / 5354    4714.4555 GFlop/s     (589.3069 GFlop/s per process)    46%    1913.8 sec left
CG set 2474 / 5354    4714.4320 GFlop/s     (589.3040 GFlop/s per process)    46%    1913.1 sec left
CG set 2475 / 5354    4714.4079 GFlop/s     (589.3010 GFlop/s per process)    46%    1912.4 sec left
CG set 2476 / 5354    4714.3790 GFlop/s     (589.2974 GFlop/s per process)    46%    1911.7 sec left
CG set 2477 / 5354    4714.3521 GFlop/s     (589.2940 GFlop/s per process)    46%    1911.0 sec left
CG set 2478 / 5354    4714.3266 GFlop/s     (589.2908 GFlop/s per process)    46%    1910.4 sec left
CG set 2479 / 5354    4714.3034 GFlop/s     (589.2879 GFlop/s per process)    46%    1909.7 sec left
CG set 2480 / 5354    4714.2760 GFlop/s     (589.2845 GFlop/s per process)    46%    1909.0 sec left
CG set 2481 / 5354    4714.2513 GFlop/s     (589.2814 GFlop/s per process)    46%    1908.3 sec left
CG set 2482 / 5354    4714.2268 GFlop/s     (589.2784 GFlop/s per process)    46%    1907.6 sec left
CG set 2483 / 5354    4714.2006 GFlop/s     (589.2751 GFlop/s per process)    46%    1906.9 sec left
CG set 2484 / 5354    4714.1749 GFlop/s     (589.2719 GFlop/s per process)    46%    1906.2 sec left
CG set 2485 / 5354    4714.1479 GFlop/s     (589.2685 GFlop/s per process)    46%    1905.5 sec left
CG set 2486 / 5354    4714.1214 GFlop/s     (589.2652 GFlop/s per process)    46%    1904.8 sec left
CG set 2487 / 5354    4714.0969 GFlop/s     (589.2621 GFlop/s per process)    46%    1904.1 sec left
CG set 2488 / 5354    4714.0725 GFlop/s     (589.2591 GFlop/s per process)    46%    1903.4 sec left
CG set 2489 / 5354    4714.0512 GFlop/s     (589.2564 GFlop/s per process)    46%    1902.8 sec left
CG set 2490 / 5354    4714.0287 GFlop/s     (589.2536 GFlop/s per process)    46%    1902.1 sec left
CG set 2491 / 5354    4714.0075 GFlop/s     (589.2509 GFlop/s per process)    46%    1901.4 sec left
CG set 2492 / 5354    4713.9861 GFlop/s     (589.2483 GFlop/s per process)    46%    1900.7 sec left
CG set 2493 / 5354    4713.9647 GFlop/s     (589.2456 GFlop/s per process)    46%    1900.0 sec left
CG set 2494 / 5354    4713.9445 GFlop/s     (589.2431 GFlop/s per process)    46%    1899.3 sec left
CG set 2495 / 5354    4713.9228 GFlop/s     (589.2403 GFlop/s per process)    46%    1898.6 sec left
CG set 2496 / 5354    4713.9014 GFlop/s     (589.2377 GFlop/s per process)    46%    1897.9 sec left
CG set 2497 / 5354    4713.8815 GFlop/s     (589.2352 GFlop/s per process)    46%    1897.2 sec left
CG set 2498 / 5354    4713.8625 GFlop/s     (589.2328 GFlop/s per process)    46%    1896.5 sec left
CG set 2499 / 5354    4713.8449 GFlop/s     (589.2306 GFlop/s per process)    46%    1895.9 sec left
CG set 2500 / 5354    4713.8245 GFlop/s     (589.2281 GFlop/s per process)    46%    1895.2 sec left
CG set 2501 / 5354    4713.8072 GFlop/s     (589.2259 GFlop/s per process)    46%    1894.5 sec left
CG set 2502 / 5354    4713.7914 GFlop/s     (589.2239 GFlop/s per process)    46%    1893.8 sec left
CG set 2503 / 5354    4713.7742 GFlop/s     (589.2218 GFlop/s per process)    46%    1893.1 sec left
CG set 2504 / 5354    4713.7573 GFlop/s     (589.2197 GFlop/s per process)    46%    1892.4 sec left
CG set 2505 / 5354    4713.7425 GFlop/s     (589.2178 GFlop/s per process)    46%    1891.7 sec left
CG set 2506 / 5354    4713.7277 GFlop/s     (589.2160 GFlop/s per process)    46%    1891.0 sec left
CG set 2507 / 5354    4713.7124 GFlop/s     (589.2141 GFlop/s per process)    46%    1890.4 sec left
CG set 2508 / 5354    4713.6996 GFlop/s     (589.2125 GFlop/s per process)    46%    1889.7 sec left
CG set 2509 / 5354    4713.6876 GFlop/s     (589.2110 GFlop/s per process)    46%    1889.0 sec left
CG set 2510 / 5354    4713.6747 GFlop/s     (589.2093 GFlop/s per process)    46%    1888.3 sec left
CG set 2511 / 5354    4713.6625 GFlop/s     (589.2078 GFlop/s per process)    46%    1887.6 sec left
CG set 2512 / 5354    4713.6502 GFlop/s     (589.2063 GFlop/s per process)    46%    1886.9 sec left
CG set 2513 / 5354    4713.6401 GFlop/s     (589.2050 GFlop/s per process)    46%    1886.2 sec left
CG set 2514 / 5354    4713.6312 GFlop/s     (589.2039 GFlop/s per process)    46%    1885.5 sec left
CG set 2515 / 5354    4713.6179 GFlop/s     (589.2022 GFlop/s per process)    46%    1884.9 sec left
CG set 2516 / 5354    4713.6103 GFlop/s     (589.2013 GFlop/s per process)    46%    1884.2 sec left
CG set 2517 / 5354    4713.5979 GFlop/s     (589.1997 GFlop/s per process)    47%    1883.5 sec left
CG set 2518 / 5354    4713.5910 GFlop/s     (589.1989 GFlop/s per process)    47%    1882.8 sec left
CG set 2519 / 5354    4713.5793 GFlop/s     (589.1974 GFlop/s per process)    47%    1882.1 sec left
CG set 2520 / 5354    4713.5701 GFlop/s     (589.1963 GFlop/s per process)    47%    1881.4 sec left
CG set 2521 / 5354    4713.5628 GFlop/s     (589.1954 GFlop/s per process)    47%    1880.7 sec left
CG set 2522 / 5354    4713.5522 GFlop/s     (589.1940 GFlop/s per process)    47%    1880.1 sec left
CG set 2523 / 5354    4713.5435 GFlop/s     (589.1929 GFlop/s per process)    47%    1879.4 sec left
CG set 2524 / 5354    4713.5364 GFlop/s     (589.1920 GFlop/s per process)    47%    1878.7 sec left
CG set 2525 / 5354    4713.5279 GFlop/s     (589.1910 GFlop/s per process)    47%    1878.0 sec left
CG set 2526 / 5354    4713.5210 GFlop/s     (589.1901 GFlop/s per process)    47%    1877.3 sec left
CG set 2527 / 5354    4713.5129 GFlop/s     (589.1891 GFlop/s per process)    47%    1876.6 sec left
CG set 2528 / 5354    4713.5057 GFlop/s     (589.1882 GFlop/s per process)    47%    1876.0 sec left
CG set 2529 / 5354    4713.4960 GFlop/s     (589.1870 GFlop/s per process)    47%    1875.3 sec left
CG set 2530 / 5354    4713.4906 GFlop/s     (589.1863 GFlop/s per process)    47%    1874.6 sec left
CG set 2531 / 5354    4713.4836 GFlop/s     (589.1854 GFlop/s per process)    47%    1873.9 sec left
CG set 2532 / 5354    4713.4782 GFlop/s     (589.1848 GFlop/s per process)    47%    1873.2 sec left
CG set 2533 / 5354    4713.4718 GFlop/s     (589.1840 GFlop/s per process)    47%    1872.5 sec left
CG set 2534 / 5354    4713.4650 GFlop/s     (589.1831 GFlop/s per process)    47%    1871.8 sec left
CG set 2535 / 5354    4713.4583 GFlop/s     (589.1823 GFlop/s per process)    47%    1871.2 sec left
CG set 2536 / 5354    4713.4517 GFlop/s     (589.1815 GFlop/s per process)    47%    1870.5 sec left
CG set 2537 / 5354    4713.4459 GFlop/s     (589.1807 GFlop/s per process)    47%    1869.8 sec left
CG set 2538 / 5354    4713.4396 GFlop/s     (589.1800 GFlop/s per process)    47%    1869.1 sec left
CG set 2539 / 5354    4713.4324 GFlop/s     (589.1791 GFlop/s per process)    47%    1868.4 sec left
CG set 2540 / 5354    4713.4260 GFlop/s     (589.1783 GFlop/s per process)    47%    1867.7 sec left
CG set 2541 / 5354    4713.4178 GFlop/s     (589.1772 GFlop/s per process)    47%    1867.1 sec left
CG set 2542 / 5354    4713.4143 GFlop/s     (589.1768 GFlop/s per process)    47%    1866.4 sec left
CG set 2543 / 5354    4713.4076 GFlop/s     (589.1760 GFlop/s per process)    47%    1865.7 sec left
CG set 2544 / 5354    4713.3991 GFlop/s     (589.1749 GFlop/s per process)    47%    1865.0 sec left
CG set 2545 / 5354    4713.3914 GFlop/s     (589.1739 GFlop/s per process)    47%    1864.3 sec left
CG set 2546 / 5354    4713.3877 GFlop/s     (589.1735 GFlop/s per process)    47%    1863.6 sec left
CG set 2547 / 5354    4713.3793 GFlop/s     (589.1724 GFlop/s per process)    47%    1862.9 sec left
CG set 2548 / 5354    4713.3733 GFlop/s     (589.1717 GFlop/s per process)    47%    1862.3 sec left
CG set 2549 / 5354    4713.3664 GFlop/s     (589.1708 GFlop/s per process)    47%    1861.6 sec left
CG set 2550 / 5354    4713.3593 GFlop/s     (589.1699 GFlop/s per process)    47%    1860.9 sec left
CG set 2551 / 5354    4713.3527 GFlop/s     (589.1691 GFlop/s per process)    47%    1860.2 sec left
CG set 2552 / 5354    4713.3467 GFlop/s     (589.1683 GFlop/s per process)    47%    1859.5 sec left
CG set 2553 / 5354    4713.3427 GFlop/s     (589.1678 GFlop/s per process)    47%    1858.8 sec left
CG set 2554 / 5354    4713.3354 GFlop/s     (589.1669 GFlop/s per process)    47%    1858.2 sec left
CG set 2555 / 5354    4713.3311 GFlop/s     (589.1664 GFlop/s per process)    47%    1857.5 sec left
CG set 2556 / 5354    4713.3226 GFlop/s     (589.1653 GFlop/s per process)    47%    1856.8 sec left
CG set 2557 / 5354    4713.3178 GFlop/s     (589.1647 GFlop/s per process)    47%    1856.1 sec left
CG set 2558 / 5354    4713.3112 GFlop/s     (589.1639 GFlop/s per process)    47%    1855.4 sec left
CG set 2559 / 5354    4713.3036 GFlop/s     (589.1629 GFlop/s per process)    47%    1854.7 sec left
CG set 2560 / 5354    4713.2981 GFlop/s     (589.1623 GFlop/s per process)    47%    1854.1 sec left
CG set 2561 / 5354    4713.2901 GFlop/s     (589.1613 GFlop/s per process)    47%    1853.4 sec left
CG set 2562 / 5354    4713.2826 GFlop/s     (589.1603 GFlop/s per process)    47%    1852.7 sec left
CG set 2563 / 5354    4713.2757 GFlop/s     (589.1595 GFlop/s per process)    47%    1852.0 sec left
CG set 2564 / 5354    4713.2685 GFlop/s     (589.1586 GFlop/s per process)    47%    1851.3 sec left
CG set 2565 / 5354    4713.2627 GFlop/s     (589.1578 GFlop/s per process)    47%    1850.6 sec left
CG set 2566 / 5354    4713.2514 GFlop/s     (589.1564 GFlop/s per process)    47%    1849.9 sec left
CG set 2567 / 5354    4713.2476 GFlop/s     (589.1559 GFlop/s per process)    47%    1849.3 sec left
CG set 2568 / 5354    4713.2410 GFlop/s     (589.1551 GFlop/s per process)    47%    1848.6 sec left
CG set 2569 / 5354    4713.2347 GFlop/s     (589.1543 GFlop/s per process)    47%    1847.9 sec left
CG set 2570 / 5354    4713.2264 GFlop/s     (589.1533 GFlop/s per process)    48%    1847.2 sec left
CG set 2571 / 5354    4713.2166 GFlop/s     (589.1521 GFlop/s per process)    48%    1846.5 sec left
CG set 2572 / 5354    4713.2085 GFlop/s     (589.1511 GFlop/s per process)    48%    1845.8 sec left
CG set 2573 / 5354    4713.2004 GFlop/s     (589.1500 GFlop/s per process)    48%    1845.1 sec left
CG set 2574 / 5354    4713.1947 GFlop/s     (589.1493 GFlop/s per process)    48%    1844.5 sec left
CG set 2575 / 5354    4713.1863 GFlop/s     (589.1483 GFlop/s per process)    48%    1843.8 sec left
CG set 2576 / 5354    4713.1824 GFlop/s     (589.1478 GFlop/s per process)    48%    1843.1 sec left
CG set 2577 / 5354    4713.1731 GFlop/s     (589.1466 GFlop/s per process)    48%    1842.4 sec left
CG set 2578 / 5354    4713.1652 GFlop/s     (589.1457 GFlop/s per process)    48%    1841.7 sec left
CG set 2579 / 5354    4713.1548 GFlop/s     (589.1444 GFlop/s per process)    48%    1841.0 sec left
CG set 2580 / 5354    4713.1446 GFlop/s     (589.1431 GFlop/s per process)    48%    1840.4 sec left
CG set 2581 / 5354    4713.1383 GFlop/s     (589.1423 GFlop/s per process)    48%    1839.7 sec left
CG set 2582 / 5354    4713.1275 GFlop/s     (589.1409 GFlop/s per process)    48%    1839.0 sec left
CG set 2583 / 5354    4713.1192 GFlop/s     (589.1399 GFlop/s per process)    48%    1838.3 sec left
CG set 2584 / 5354    4713.1097 GFlop/s     (589.1387 GFlop/s per process)    48%    1837.6 sec left
CG set 2585 / 5354    4713.1023 GFlop/s     (589.1378 GFlop/s per process)    48%    1836.9 sec left
CG set 2586 / 5354    4713.0920 GFlop/s     (589.1365 GFlop/s per process)    48%    1836.2 sec left
CG set 2587 / 5354    4713.0841 GFlop/s     (589.1355 GFlop/s per process)    48%    1835.6 sec left
CG set 2588 / 5354    4713.0774 GFlop/s     (589.1347 GFlop/s per process)    48%    1834.9 sec left
CG set 2589 / 5354    4713.0669 GFlop/s     (589.1334 GFlop/s per process)    48%    1834.2 sec left
CG set 2590 / 5354    4713.0616 GFlop/s     (589.1327 GFlop/s per process)    48%    1833.5 sec left
CG set 2591 / 5354    4713.0529 GFlop/s     (589.1316 GFlop/s per process)    48%    1832.8 sec left
CG set 2592 / 5354    4713.0435 GFlop/s     (589.1304 GFlop/s per process)    48%    1832.1 sec left
CG set 2593 / 5354    4713.0369 GFlop/s     (589.1296 GFlop/s per process)    48%    1831.4 sec left
CG set 2594 / 5354    4713.0283 GFlop/s     (589.1285 GFlop/s per process)    48%    1830.8 sec left
CG set 2595 / 5354    4713.0211 GFlop/s     (589.1276 GFlop/s per process)    48%    1830.1 sec left
CG set 2596 / 5354    4713.0123 GFlop/s     (589.1265 GFlop/s per process)    48%    1829.4 sec left
CG set 2597 / 5354    4713.0057 GFlop/s     (589.1257 GFlop/s per process)    48%    1828.7 sec left
CG set 2598 / 5354    4712.9989 GFlop/s     (589.1249 GFlop/s per process)    48%    1828.0 sec left
CG set 2599 / 5354    4712.9915 GFlop/s     (589.1239 GFlop/s per process)    48%    1827.3 sec left
CG set 2600 / 5354    4712.9838 GFlop/s     (589.1230 GFlop/s per process)    48%    1826.7 sec left
CG set 2601 / 5354    4712.9764 GFlop/s     (589.1221 GFlop/s per process)    48%    1826.0 sec left
CG set 2602 / 5354    4712.9701 GFlop/s     (589.1213 GFlop/s per process)    48%    1825.3 sec left
CG set 2603 / 5354    4712.9604 GFlop/s     (589.1201 GFlop/s per process)    48%    1824.6 sec left
CG set 2604 / 5354    4712.9551 GFlop/s     (589.1194 GFlop/s per process)    48%    1823.9 sec left
CG set 2605 / 5354    4712.9506 GFlop/s     (589.1188 GFlop/s per process)    48%    1823.2 sec left
CG set 2606 / 5354    4712.9430 GFlop/s     (589.1179 GFlop/s per process)    48%    1822.5 sec left
CG set 2607 / 5354    4712.9365 GFlop/s     (589.1171 GFlop/s per process)    48%    1821.9 sec left
CG set 2608 / 5354    4712.9281 GFlop/s     (589.1160 GFlop/s per process)    48%    1821.2 sec left
CG set 2609 / 5354    4712.9217 GFlop/s     (589.1152 GFlop/s per process)    48%    1820.5 sec left
CG set 2610 / 5354    4712.9155 GFlop/s     (589.1144 GFlop/s per process)    48%    1819.8 sec left
CG set 2611 / 5354    4712.9097 GFlop/s     (589.1137 GFlop/s per process)    48%    1819.1 sec left
CG set 2612 / 5354    4712.9053 GFlop/s     (589.1132 GFlop/s per process)    48%    1818.4 sec left
CG set 2613 / 5354    4712.8994 GFlop/s     (589.1124 GFlop/s per process)    48%    1817.8 sec left
CG set 2614 / 5354    4712.8951 GFlop/s     (589.1119 GFlop/s per process)    48%    1817.1 sec left
CG set 2615 / 5354    4712.8901 GFlop/s     (589.1113 GFlop/s per process)    48%    1816.4 sec left
CG set 2616 / 5354    4712.8857 GFlop/s     (589.1107 GFlop/s per process)    48%    1815.7 sec left
CG set 2617 / 5354    4712.8792 GFlop/s     (589.1099 GFlop/s per process)    48%    1815.0 sec left
CG set 2618 / 5354    4712.8765 GFlop/s     (589.1096 GFlop/s per process)    48%    1814.3 sec left
CG set 2619 / 5354    4712.8712 GFlop/s     (589.1089 GFlop/s per process)    48%    1813.6 sec left
CG set 2620 / 5354    4712.8678 GFlop/s     (589.1085 GFlop/s per process)    48%    1813.0 sec left
CG set 2621 / 5354    4712.8608 GFlop/s     (589.1076 GFlop/s per process)    48%    1812.3 sec left
CG set 2622 / 5354    4712.8545 GFlop/s     (589.1068 GFlop/s per process)    48%    1811.6 sec left
CG set 2623 / 5354    4712.8481 GFlop/s     (589.1060 GFlop/s per process)    48%    1810.9 sec left
CG set 2624 / 5354    4712.8442 GFlop/s     (589.1055 GFlop/s per process)    49%    1810.2 sec left
CG set 2625 / 5354    4712.8380 GFlop/s     (589.1047 GFlop/s per process)    49%    1809.5 sec left
CG set 2626 / 5354    4712.8348 GFlop/s     (589.1044 GFlop/s per process)    49%    1808.9 sec left
CG set 2627 / 5354    4712.8348 GFlop/s     (589.1043 GFlop/s per process)    49%    1808.2 sec left
CG set 2628 / 5354    4712.8312 GFlop/s     (589.1039 GFlop/s per process)    49%    1807.5 sec left
CG set 2629 / 5354    4712.8292 GFlop/s     (589.1036 GFlop/s per process)    49%    1806.8 sec left
CG set 2630 / 5354    4712.8249 GFlop/s     (589.1031 GFlop/s per process)    49%    1806.1 sec left
CG set 2631 / 5354    4712.8197 GFlop/s     (589.1025 GFlop/s per process)    49%    1805.4 sec left
CG set 2632 / 5354    4712.8170 GFlop/s     (589.1021 GFlop/s per process)    49%    1804.8 sec left
CG set 2633 / 5354    4712.8114 GFlop/s     (589.1014 GFlop/s per process)    49%    1804.1 sec left
CG set 2634 / 5354    4712.8075 GFlop/s     (589.1009 GFlop/s per process)    49%    1803.4 sec left
CG set 2635 / 5354    4712.8041 GFlop/s     (589.1005 GFlop/s per process)    49%    1802.7 sec left
CG set 2636 / 5354    4712.8017 GFlop/s     (589.1002 GFlop/s per process)    49%    1802.0 sec left
CG set 2637 / 5354    4712.7988 GFlop/s     (589.0999 GFlop/s per process)    49%    1801.3 sec left
CG set 2638 / 5354    4712.7964 GFlop/s     (589.0995 GFlop/s per process)    49%    1800.7 sec left
CG set 2639 / 5354    4712.7926 GFlop/s     (589.0991 GFlop/s per process)    49%    1800.0 sec left
CG set 2640 / 5354    4712.7868 GFlop/s     (589.0983 GFlop/s per process)    49%    1799.3 sec left
CG set 2641 / 5354    4712.7835 GFlop/s     (589.0979 GFlop/s per process)    49%    1798.6 sec left
CG set 2642 / 5354    4712.7804 GFlop/s     (589.0975 GFlop/s per process)    49%    1797.9 sec left
CG set 2643 / 5354    4712.7758 GFlop/s     (589.0970 GFlop/s per process)    49%    1797.2 sec left
CG set 2644 / 5354    4712.7747 GFlop/s     (589.0968 GFlop/s per process)    49%    1796.6 sec left
CG set 2645 / 5354    4712.7721 GFlop/s     (589.0965 GFlop/s per process)    49%    1795.9 sec left
CG set 2646 / 5354    4712.7693 GFlop/s     (589.0962 GFlop/s per process)    49%    1795.2 sec left
CG set 2647 / 5354    4712.7670 GFlop/s     (589.0959 GFlop/s per process)    49%    1794.5 sec left
CG set 2648 / 5354    4712.7647 GFlop/s     (589.0956 GFlop/s per process)    49%    1793.8 sec left
CG set 2649 / 5354    4712.7666 GFlop/s     (589.0958 GFlop/s per process)    49%    1793.1 sec left
CG set 2650 / 5354    4712.7669 GFlop/s     (589.0959 GFlop/s per process)    49%    1792.5 sec left
CG set 2651 / 5354    4712.7631 GFlop/s     (589.0954 GFlop/s per process)    49%    1791.8 sec left
CG set 2652 / 5354    4712.7598 GFlop/s     (589.0950 GFlop/s per process)    49%    1791.1 sec left
CG set 2653 / 5354    4712.7593 GFlop/s     (589.0949 GFlop/s per process)    49%    1790.4 sec left
CG set 2654 / 5354    4712.7555 GFlop/s     (589.0944 GFlop/s per process)    49%    1789.7 sec left
CG set 2655 / 5354    4712.7522 GFlop/s     (589.0940 GFlop/s per process)    49%    1789.0 sec left
CG set 2656 / 5354    4712.7520 GFlop/s     (589.0940 GFlop/s per process)    49%    1788.4 sec left
CG set 2657 / 5354    4712.7509 GFlop/s     (589.0939 GFlop/s per process)    49%    1787.7 sec left
CG set 2658 / 5354    4712.7483 GFlop/s     (589.0935 GFlop/s per process)    49%    1787.0 sec left
CG set 2659 / 5354    4712.7449 GFlop/s     (589.0931 GFlop/s per process)    49%    1786.3 sec left
CG set 2660 / 5354    4712.7439 GFlop/s     (589.0930 GFlop/s per process)    49%    1785.6 sec left
CG set 2661 / 5354    4712.7406 GFlop/s     (589.0926 GFlop/s per process)    49%    1784.9 sec left
CG set 2662 / 5354    4712.7377 GFlop/s     (589.0922 GFlop/s per process)    49%    1784.3 sec left
CG set 2663 / 5354    4712.7387 GFlop/s     (589.0923 GFlop/s per process)    49%    1783.6 sec left
CG set 2664 / 5354    4712.7379 GFlop/s     (589.0922 GFlop/s per process)    49%    1782.9 sec left
CG set 2665 / 5354    4712.7385 GFlop/s     (589.0923 GFlop/s per process)    49%    1782.2 sec left
CG set 2666 / 5354    4712.7348 GFlop/s     (589.0918 GFlop/s per process)    49%    1781.5 sec left
CG set 2667 / 5354    4712.7326 GFlop/s     (589.0916 GFlop/s per process)    49%    1780.9 sec left
CG set 2668 / 5354    4712.7315 GFlop/s     (589.0914 GFlop/s per process)    49%    1780.2 sec left
CG set 2669 / 5354    4712.7283 GFlop/s     (589.0910 GFlop/s per process)    49%    1779.5 sec left
CG set 2670 / 5354    4712.7221 GFlop/s     (589.0903 GFlop/s per process)    49%    1778.8 sec left
CG set 2671 / 5354    4712.7192 GFlop/s     (589.0899 GFlop/s per process)    49%    1778.1 sec left
CG set 2672 / 5354    4712.7181 GFlop/s     (589.0898 GFlop/s per process)    49%    1777.4 sec left
CG set 2673 / 5354    4712.7137 GFlop/s     (589.0892 GFlop/s per process)    49%    1776.8 sec left
CG set 2674 / 5354    4712.7136 GFlop/s     (589.0892 GFlop/s per process)    49%    1776.1 sec left
CG set 2675 / 5354    4712.7113 GFlop/s     (589.0889 GFlop/s per process)    49%    1775.4 sec left
CG set 2676 / 5354    4712.7102 GFlop/s     (589.0888 GFlop/s per process)    49%    1774.7 sec left
CG set 2677 / 5354    4712.7045 GFlop/s     (589.0881 GFlop/s per process)    50%    1774.0 sec left
CG set 2678 / 5354    4712.7013 GFlop/s     (589.0877 GFlop/s per process)    50%    1773.3 sec left
CG set 2679 / 5354    4712.6982 GFlop/s     (589.0873 GFlop/s per process)    50%    1772.7 sec left
CG set 2680 / 5354    4712.6955 GFlop/s     (589.0869 GFlop/s per process)    50%    1772.0 sec left
CG set 2681 / 5354    4712.6903 GFlop/s     (589.0863 GFlop/s per process)    50%    1771.3 sec left
CG set 2682 / 5354    4712.6850 GFlop/s     (589.0856 GFlop/s per process)    50%    1770.6 sec left
CG set 2683 / 5354    4712.6829 GFlop/s     (589.0854 GFlop/s per process)    50%    1769.9 sec left
CG set 2684 / 5354    4712.6811 GFlop/s     (589.0851 GFlop/s per process)    50%    1769.2 sec left
CG set 2685 / 5354    4712.6764 GFlop/s     (589.0845 GFlop/s per process)    50%    1768.6 sec left
CG set 2686 / 5354    4712.6705 GFlop/s     (589.0838 GFlop/s per process)    50%    1767.9 sec left
CG set 2687 / 5354    4712.6650 GFlop/s     (589.0831 GFlop/s per process)    50%    1767.2 sec left
CG set 2688 / 5354    4712.6624 GFlop/s     (589.0828 GFlop/s per process)    50%    1766.5 sec left
CG set 2689 / 5354    4712.6578 GFlop/s     (589.0822 GFlop/s per process)    50%    1765.8 sec left
CG set 2690 / 5354    4712.6538 GFlop/s     (589.0817 GFlop/s per process)    50%    1765.1 sec left
CG set 2691 / 5354    4712.6503 GFlop/s     (589.0813 GFlop/s per process)    50%    1764.5 sec left
CG set 2692 / 5354    4712.6467 GFlop/s     (589.0808 GFlop/s per process)    50%    1763.8 sec left
CG set 2693 / 5354    4712.6425 GFlop/s     (589.0803 GFlop/s per process)    50%    1763.1 sec left
CG set 2694 / 5354    4712.6389 GFlop/s     (589.0799 GFlop/s per process)    50%    1762.4 sec left
CG set 2695 / 5354    4712.6385 GFlop/s     (589.0798 GFlop/s per process)    50%    1761.7 sec left
CG set 2696 / 5354    4712.6337 GFlop/s     (589.0792 GFlop/s per process)    50%    1761.0 sec left
CG set 2697 / 5354    4712.6327 GFlop/s     (589.0791 GFlop/s per process)    50%    1760.4 sec left
CG set 2698 / 5354    4712.6272 GFlop/s     (589.0784 GFlop/s per process)    50%    1759.7 sec left
CG set 2699 / 5354    4712.6240 GFlop/s     (589.0780 GFlop/s per process)    50%    1759.0 sec left
CG set 2700 / 5354    4712.6184 GFlop/s     (589.0773 GFlop/s per process)    50%    1758.3 sec left
CG set 2701 / 5354    4712.6141 GFlop/s     (589.0768 GFlop/s per process)    50%    1757.6 sec left
CG set 2702 / 5354    4712.6138 GFlop/s     (589.0767 GFlop/s per process)    50%    1756.9 sec left
CG set 2703 / 5354    4712.6105 GFlop/s     (589.0763 GFlop/s per process)    50%    1756.2 sec left
CG set 2704 / 5354    4712.6103 GFlop/s     (589.0763 GFlop/s per process)    50%    1755.6 sec left
CG set 2705 / 5354    4712.6075 GFlop/s     (589.0759 GFlop/s per process)    50%    1754.9 sec left
CG set 2706 / 5354    4712.6031 GFlop/s     (589.0754 GFlop/s per process)    50%    1754.2 sec left
CG set 2707 / 5354    4712.5999 GFlop/s     (589.0750 GFlop/s per process)    50%    1753.5 sec left
CG set 2708 / 5354    4712.5945 GFlop/s     (589.0743 GFlop/s per process)    50%    1752.8 sec left
CG set 2709 / 5354    4712.5927 GFlop/s     (589.0741 GFlop/s per process)    50%    1752.1 sec left
CG set 2710 / 5354    4712.5887 GFlop/s     (589.0736 GFlop/s per process)    50%    1751.5 sec left
CG set 2711 / 5354    4712.5871 GFlop/s     (589.0734 GFlop/s per process)    50%    1750.8 sec left
CG set 2712 / 5354    4712.5864 GFlop/s     (589.0733 GFlop/s per process)    50%    1750.1 sec left
CG set 2713 / 5354    4712.5824 GFlop/s     (589.0728 GFlop/s per process)    50%    1749.4 sec left
CG set 2714 / 5354    4712.5804 GFlop/s     (589.0725 GFlop/s per process)    50%    1748.7 sec left
CG set 2715 / 5354    4712.5759 GFlop/s     (589.0720 GFlop/s per process)    50%    1748.1 sec left
CG set 2716 / 5354    4712.5724 GFlop/s     (589.0716 GFlop/s per process)    50%    1747.4 sec left
CG set 2717 / 5354    4712.5672 GFlop/s     (589.0709 GFlop/s per process)    50%    1746.7 sec left
CG set 2718 / 5354    4712.5675 GFlop/s     (589.0709 GFlop/s per process)    50%    1746.0 sec left
CG set 2719 / 5354    4712.5656 GFlop/s     (589.0707 GFlop/s per process)    50%    1745.3 sec left
CG set 2720 / 5354    4712.5614 GFlop/s     (589.0702 GFlop/s per process)    50%    1744.6 sec left
CG set 2721 / 5354    4712.5568 GFlop/s     (589.0696 GFlop/s per process)    50%    1743.9 sec left
CG set 2722 / 5354    4712.5559 GFlop/s     (589.0695 GFlop/s per process)    50%    1743.3 sec left
CG set 2723 / 5354    4712.5514 GFlop/s     (589.0689 GFlop/s per process)    50%    1742.6 sec left
CG set 2724 / 5354    4712.5498 GFlop/s     (589.0687 GFlop/s per process)    50%    1741.9 sec left
CG set 2725 / 5354    4712.5461 GFlop/s     (589.0683 GFlop/s per process)    50%    1741.2 sec left
CG set 2726 / 5354    4712.5444 GFlop/s     (589.0681 GFlop/s per process)    50%    1740.5 sec left
CG set 2727 / 5354    4712.5444 GFlop/s     (589.0680 GFlop/s per process)    50%    1739.9 sec left
CG set 2728 / 5354    4712.5418 GFlop/s     (589.0677 GFlop/s per process)    50%    1739.2 sec left
CG set 2729 / 5354    4712.5395 GFlop/s     (589.0674 GFlop/s per process)    50%    1738.5 sec left
CG set 2730 / 5354    4712.5382 GFlop/s     (589.0673 GFlop/s per process)    50%    1737.8 sec left
CG set 2731 / 5354    4712.5373 GFlop/s     (589.0672 GFlop/s per process)    51%    1737.1 sec left
CG set 2732 / 5354    4712.5352 GFlop/s     (589.0669 GFlop/s per process)    51%    1736.4 sec left
CG set 2733 / 5354    4712.5343 GFlop/s     (589.0668 GFlop/s per process)    51%    1735.8 sec left
CG set 2734 / 5354    4712.5351 GFlop/s     (589.0669 GFlop/s per process)    51%    1735.1 sec left
CG set 2735 / 5354    4712.5333 GFlop/s     (589.0667 GFlop/s per process)    51%    1734.4 sec left
CG set 2736 / 5354    4712.5318 GFlop/s     (589.0665 GFlop/s per process)    51%    1733.7 sec left
CG set 2737 / 5354    4712.5314 GFlop/s     (589.0664 GFlop/s per process)    51%    1733.0 sec left
CG set 2738 / 5354    4712.5295 GFlop/s     (589.0662 GFlop/s per process)    51%    1732.3 sec left
CG set 2739 / 5354    4712.5290 GFlop/s     (589.0661 GFlop/s per process)    51%    1731.7 sec left
CG set 2740 / 5354    4712.5272 GFlop/s     (589.0659 GFlop/s per process)    51%    1731.0 sec left
CG set 2741 / 5354    4712.5266 GFlop/s     (589.0658 GFlop/s per process)    51%    1730.3 sec left
CG set 2742 / 5354    4712.5251 GFlop/s     (589.0656 GFlop/s per process)    51%    1729.6 sec left
CG set 2743 / 5354    4712.5236 GFlop/s     (589.0655 GFlop/s per process)    51%    1728.9 sec left
CG set 2744 / 5354    4712.5226 GFlop/s     (589.0653 GFlop/s per process)    51%    1728.2 sec left
CG set 2745 / 5354    4712.5205 GFlop/s     (589.0651 GFlop/s per process)    51%    1727.6 sec left
CG set 2746 / 5354    4712.5189 GFlop/s     (589.0649 GFlop/s per process)    51%    1726.9 sec left
CG set 2747 / 5354    4712.5185 GFlop/s     (589.0648 GFlop/s per process)    51%    1726.2 sec left
CG set 2748 / 5354    4712.5168 GFlop/s     (589.0646 GFlop/s per process)    51%    1725.5 sec left
CG set 2749 / 5354    4712.5175 GFlop/s     (589.0647 GFlop/s per process)    51%    1724.8 sec left
CG set 2750 / 5354    4712.5161 GFlop/s     (589.0645 GFlop/s per process)    51%    1724.2 sec left
CG set 2751 / 5354    4712.5161 GFlop/s     (589.0645 GFlop/s per process)    51%    1723.5 sec left
CG set 2752 / 5354    4712.5156 GFlop/s     (589.0644 GFlop/s per process)    51%    1722.8 sec left
CG set 2753 / 5354    4712.5149 GFlop/s     (589.0644 GFlop/s per process)    51%    1722.1 sec left
CG set 2754 / 5354    4712.5111 GFlop/s     (589.0639 GFlop/s per process)    51%    1721.4 sec left
CG set 2755 / 5354    4712.5108 GFlop/s     (589.0638 GFlop/s per process)    51%    1720.7 sec left
CG set 2756 / 5354    4712.5091 GFlop/s     (589.0636 GFlop/s per process)    51%    1720.1 sec left
CG set 2757 / 5354    4712.5087 GFlop/s     (589.0636 GFlop/s per process)    51%    1719.4 sec left
CG set 2758 / 5354    4712.5070 GFlop/s     (589.0634 GFlop/s per process)    51%    1718.7 sec left
CG set 2759 / 5354    4712.5050 GFlop/s     (589.0631 GFlop/s per process)    51%    1718.0 sec left
CG set 2760 / 5354    4712.5072 GFlop/s     (589.0634 GFlop/s per process)    51%    1717.3 sec left
CG set 2761 / 5354    4712.5055 GFlop/s     (589.0632 GFlop/s per process)    51%    1716.6 sec left
CG set 2762 / 5354    4712.5063 GFlop/s     (589.0633 GFlop/s per process)    51%    1716.0 sec left
CG set 2763 / 5354    4712.5042 GFlop/s     (589.0630 GFlop/s per process)    51%    1715.3 sec left
CG set 2764 / 5354    4712.5034 GFlop/s     (589.0629 GFlop/s per process)    51%    1714.6 sec left
CG set 2765 / 5354    4712.5039 GFlop/s     (589.0630 GFlop/s per process)    51%    1713.9 sec left
CG set 2766 / 5354    4712.5044 GFlop/s     (589.0631 GFlop/s per process)    51%    1713.2 sec left
CG set 2767 / 5354    4712.5042 GFlop/s     (589.0630 GFlop/s per process)    51%    1712.6 sec left
CG set 2768 / 5354    4712.5013 GFlop/s     (589.0627 GFlop/s per process)    51%    1711.9 sec left
CG set 2769 / 5354    4712.4981 GFlop/s     (589.0623 GFlop/s per process)    51%    1711.2 sec left
CG set 2770 / 5354    4712.4973 GFlop/s     (589.0622 GFlop/s per process)    51%    1710.5 sec left
CG set 2771 / 5354    4712.4923 GFlop/s     (589.0615 GFlop/s per process)    51%    1709.8 sec left
CG set 2772 / 5354    4712.4950 GFlop/s     (589.0619 GFlop/s per process)    51%    1709.1 sec left
CG set 2773 / 5354    4712.4942 GFlop/s     (589.0618 GFlop/s per process)    51%    1708.5 sec left
CG set 2774 / 5354    4712.4945 GFlop/s     (589.0618 GFlop/s per process)    51%    1707.8 sec left
CG set 2775 / 5354    4712.4948 GFlop/s     (589.0618 GFlop/s per process)    51%    1707.1 sec left
CG set 2776 / 5354    4712.4944 GFlop/s     (589.0618 GFlop/s per process)    51%    1706.4 sec left
CG set 2777 / 5354    4712.4952 GFlop/s     (589.0619 GFlop/s per process)    51%    1705.7 sec left
CG set 2778 / 5354    4712.4950 GFlop/s     (589.0619 GFlop/s per process)    51%    1705.0 sec left
CG set 2779 / 5354    4712.4960 GFlop/s     (589.0620 GFlop/s per process)    51%    1704.4 sec left
CG set 2780 / 5354    4712.4966 GFlop/s     (589.0621 GFlop/s per process)    51%    1703.7 sec left
CG set 2781 / 5354    4712.4994 GFlop/s     (589.0624 GFlop/s per process)    51%    1703.0 sec left
CG set 2782 / 5354    4712.5013 GFlop/s     (589.0627 GFlop/s per process)    51%    1702.3 sec left
CG set 2783 / 5354    4712.5011 GFlop/s     (589.0626 GFlop/s per process)    51%    1701.6 sec left
CG set 2784 / 5354    4712.5017 GFlop/s     (589.0627 GFlop/s per process)    51%    1701.0 sec left
CG set 2785 / 5354    4712.5018 GFlop/s     (589.0627 GFlop/s per process)    52%    1700.3 sec left
CG set 2786 / 5354    4712.5024 GFlop/s     (589.0628 GFlop/s per process)    52%    1699.6 sec left
CG set 2787 / 5354    4712.5032 GFlop/s     (589.0629 GFlop/s per process)    52%    1698.9 sec left
CG set 2788 / 5354    4712.5045 GFlop/s     (589.0631 GFlop/s per process)    52%    1698.2 sec left
CG set 2789 / 5354    4712.5055 GFlop/s     (589.0632 GFlop/s per process)    52%    1697.5 sec left
CG set 2790 / 5354    4712.5049 GFlop/s     (589.0631 GFlop/s per process)    52%    1696.9 sec left
CG set 2791 / 5354    4712.5030 GFlop/s     (589.0629 GFlop/s per process)    52%    1696.2 sec left
CG set 2792 / 5354    4712.5030 GFlop/s     (589.0629 GFlop/s per process)    52%    1695.5 sec left
CG set 2793 / 5354    4712.5012 GFlop/s     (589.0627 GFlop/s per process)    52%    1694.8 sec left
CG set 2794 / 5354    4712.5017 GFlop/s     (589.0627 GFlop/s per process)    52%    1694.1 sec left
CG set 2795 / 5354    4712.5025 GFlop/s     (589.0628 GFlop/s per process)    52%    1693.5 sec left
CG set 2796 / 5354    4712.5026 GFlop/s     (589.0628 GFlop/s per process)    52%    1692.8 sec left
CG set 2797 / 5354    4712.5009 GFlop/s     (589.0626 GFlop/s per process)    52%    1692.1 sec left
CG set 2798 / 5354    4712.4994 GFlop/s     (589.0624 GFlop/s per process)    52%    1691.4 sec left
CG set 2799 / 5354    4712.4972 GFlop/s     (589.0622 GFlop/s per process)    52%    1690.7 sec left
CG set 2800 / 5354    4712.4996 GFlop/s     (589.0624 GFlop/s per process)    52%    1690.0 sec left
CG set 2801 / 5354    4712.4984 GFlop/s     (589.0623 GFlop/s per process)    52%    1689.4 sec left
CG set 2802 / 5354    4712.4984 GFlop/s     (589.0623 GFlop/s per process)    52%    1688.7 sec left
CG set 2803 / 5354    4712.4990 GFlop/s     (589.0624 GFlop/s per process)    52%    1688.0 sec left
CG set 2804 / 5354    4712.5001 GFlop/s     (589.0625 GFlop/s per process)    52%    1687.3 sec left
CG set 2805 / 5354    4712.5009 GFlop/s     (589.0626 GFlop/s per process)    52%    1686.6 sec left
CG set 2806 / 5354    4712.5004 GFlop/s     (589.0626 GFlop/s per process)    52%    1685.9 sec left
CG set 2807 / 5354    4712.5006 GFlop/s     (589.0626 GFlop/s per process)    52%    1685.3 sec left
CG set 2808 / 5354    4712.4994 GFlop/s     (589.0624 GFlop/s per process)    52%    1684.6 sec left
CG set 2809 / 5354    4712.5009 GFlop/s     (589.0626 GFlop/s per process)    52%    1683.9 sec left
CG set 2810 / 5354    4712.4996 GFlop/s     (589.0625 GFlop/s per process)    52%    1683.2 sec left
CG set 2811 / 5354    4712.5006 GFlop/s     (589.0626 GFlop/s per process)    52%    1682.5 sec left
CG set 2812 / 5354    4712.5000 GFlop/s     (589.0625 GFlop/s per process)    52%    1681.9 sec left
CG set 2813 / 5354    4712.5003 GFlop/s     (589.0625 GFlop/s per process)    52%    1681.2 sec left
CG set 2814 / 5354    4712.4990 GFlop/s     (589.0624 GFlop/s per process)    52%    1680.5 sec left
CG set 2815 / 5354    4712.4981 GFlop/s     (589.0623 GFlop/s per process)    52%    1679.8 sec left
CG set 2816 / 5354    4712.4972 GFlop/s     (589.0621 GFlop/s per process)    52%    1679.1 sec left
CG set 2817 / 5354    4712.4982 GFlop/s     (589.0623 GFlop/s per process)    52%    1678.4 sec left
CG set 2818 / 5354    4712.4983 GFlop/s     (589.0623 GFlop/s per process)    52%    1677.8 sec left
CG set 2819 / 5354    4712.4998 GFlop/s     (589.0625 GFlop/s per process)    52%    1677.1 sec left
CG set 2820 / 5354    4712.4987 GFlop/s     (589.0623 GFlop/s per process)    52%    1676.4 sec left
CG set 2821 / 5354    4712.4958 GFlop/s     (589.0620 GFlop/s per process)    52%    1675.7 sec left
CG set 2822 / 5354    4712.4940 GFlop/s     (589.0617 GFlop/s per process)    52%    1675.0 sec left
CG set 2823 / 5354    4712.4926 GFlop/s     (589.0616 GFlop/s per process)    52%    1674.3 sec left
CG set 2824 / 5354    4712.4946 GFlop/s     (589.0618 GFlop/s per process)    52%    1673.7 sec left
CG set 2825 / 5354    4712.4915 GFlop/s     (589.0614 GFlop/s per process)    52%    1673.0 sec left
CG set 2826 / 5354    4712.4917 GFlop/s     (589.0615 GFlop/s per process)    52%    1672.3 sec left
CG set 2827 / 5354    4712.4931 GFlop/s     (589.0616 GFlop/s per process)    52%    1671.6 sec left
CG set 2828 / 5354    4712.4946 GFlop/s     (589.0618 GFlop/s per process)    52%    1670.9 sec left
CG set 2829 / 5354    4712.4950 GFlop/s     (589.0619 GFlop/s per process)    52%    1670.3 sec left
CG set 2830 / 5354    4712.4967 GFlop/s     (589.0621 GFlop/s per process)    52%    1669.6 sec left
CG set 2831 / 5354    4712.4992 GFlop/s     (589.0624 GFlop/s per process)    52%    1668.9 sec left
CG set 2832 / 5354    4712.4959 GFlop/s     (589.0620 GFlop/s per process)    52%    1668.2 sec left
CG set 2833 / 5354    4712.4961 GFlop/s     (589.0620 GFlop/s per process)    52%    1667.5 sec left
CG set 2834 / 5354    4712.4956 GFlop/s     (589.0620 GFlop/s per process)    52%    1666.8 sec left
CG set 2835 / 5354    4712.4953 GFlop/s     (589.0619 GFlop/s per process)    52%    1666.2 sec left
CG set 2836 / 5354    4712.4940 GFlop/s     (589.0618 GFlop/s per process)    52%    1665.5 sec left
CG set 2837 / 5354    4712.4926 GFlop/s     (589.0616 GFlop/s per process)    52%    1664.8 sec left
CG set 2838 / 5354    4712.4939 GFlop/s     (589.0617 GFlop/s per process)    53%    1664.1 sec left
CG set 2839 / 5354    4712.4947 GFlop/s     (589.0618 GFlop/s per process)    53%    1663.4 sec left
CG set 2840 / 5354    4712.4930 GFlop/s     (589.0616 GFlop/s per process)    53%    1662.8 sec left
CG set 2841 / 5354    4712.4914 GFlop/s     (589.0614 GFlop/s per process)    53%    1662.1 sec left
CG set 2842 / 5354    4712.4925 GFlop/s     (589.0616 GFlop/s per process)    53%    1661.4 sec left
CG set 2843 / 5354    4712.4931 GFlop/s     (589.0616 GFlop/s per process)    53%    1660.7 sec left
CG set 2844 / 5354    4712.4936 GFlop/s     (589.0617 GFlop/s per process)    53%    1660.0 sec left
CG set 2845 / 5354    4712.4958 GFlop/s     (589.0620 GFlop/s per process)    53%    1659.3 sec left
CG set 2846 / 5354    4712.4961 GFlop/s     (589.0620 GFlop/s per process)    53%    1658.7 sec left
CG set 2847 / 5354    4712.4975 GFlop/s     (589.0622 GFlop/s per process)    53%    1658.0 sec left
CG set 2848 / 5354    4712.4987 GFlop/s     (589.0623 GFlop/s per process)    53%    1657.3 sec left
CG set 2849 / 5354    4712.5012 GFlop/s     (589.0626 GFlop/s per process)    53%    1656.6 sec left
CG set 2850 / 5354    4712.5008 GFlop/s     (589.0626 GFlop/s per process)    53%    1655.9 sec left
CG set 2851 / 5354    4712.5012 GFlop/s     (589.0627 GFlop/s per process)    53%    1655.3 sec left
CG set 2852 / 5354    4712.4992 GFlop/s     (589.0624 GFlop/s per process)    53%    1654.6 sec left
CG set 2853 / 5354    4712.4994 GFlop/s     (589.0624 GFlop/s per process)    53%    1653.9 sec left
CG set 2854 / 5354    4712.5028 GFlop/s     (589.0628 GFlop/s per process)    53%    1653.2 sec left
CG set 2855 / 5354    4712.5028 GFlop/s     (589.0628 GFlop/s per process)    53%    1652.5 sec left
CG set 2856 / 5354    4712.5050 GFlop/s     (589.0631 GFlop/s per process)    53%    1651.8 sec left
CG set 2857 / 5354    4712.5056 GFlop/s     (589.0632 GFlop/s per process)    53%    1651.2 sec left
CG set 2858 / 5354    4712.5078 GFlop/s     (589.0635 GFlop/s per process)    53%    1650.5 sec left
CG set 2859 / 5354    4712.5078 GFlop/s     (589.0635 GFlop/s per process)    53%    1649.8 sec left
CG set 2860 / 5354    4712.5068 GFlop/s     (589.0634 GFlop/s per process)    53%    1649.1 sec left
CG set 2861 / 5354    4712.5087 GFlop/s     (589.0636 GFlop/s per process)    53%    1648.4 sec left
CG set 2862 / 5354    4712.5089 GFlop/s     (589.0636 GFlop/s per process)    53%    1647.8 sec left
CG set 2863 / 5354    4712.5119 GFlop/s     (589.0640 GFlop/s per process)    53%    1647.1 sec left
CG set 2864 / 5354    4712.5118 GFlop/s     (589.0640 GFlop/s per process)    53%    1646.4 sec left
CG set 2865 / 5354    4712.5136 GFlop/s     (589.0642 GFlop/s per process)    53%    1645.7 sec left
CG set 2866 / 5354    4712.5161 GFlop/s     (589.0645 GFlop/s per process)    53%    1645.0 sec left
CG set 2867 / 5354    4712.5158 GFlop/s     (589.0645 GFlop/s per process)    53%    1644.3 sec left
CG set 2868 / 5354    4712.5189 GFlop/s     (589.0649 GFlop/s per process)    53%    1643.7 sec left
CG set 2869 / 5354    4712.5176 GFlop/s     (589.0647 GFlop/s per process)    53%    1643.0 sec left
CG set 2870 / 5354    4712.5172 GFlop/s     (589.0647 GFlop/s per process)    53%    1642.3 sec left
CG set 2871 / 5354    4712.5190 GFlop/s     (589.0649 GFlop/s per process)    53%    1641.6 sec left
CG set 2872 / 5354    4712.5206 GFlop/s     (589.0651 GFlop/s per process)    53%    1640.9 sec left
CG set 2873 / 5354    4712.5204 GFlop/s     (589.0651 GFlop/s per process)    53%    1640.3 sec left
CG set 2874 / 5354    4712.5217 GFlop/s     (589.0652 GFlop/s per process)    53%    1639.6 sec left
CG set 2875 / 5354    4712.5216 GFlop/s     (589.0652 GFlop/s per process)    53%    1638.9 sec left
CG set 2876 / 5354    4712.5219 GFlop/s     (589.0652 GFlop/s per process)    53%    1638.2 sec left
CG set 2877 / 5354    4712.5221 GFlop/s     (589.0653 GFlop/s per process)    53%    1637.5 sec left
CG set 2878 / 5354    4712.5234 GFlop/s     (589.0654 GFlop/s per process)    53%    1636.8 sec left
CG set 2879 / 5354    4712.5240 GFlop/s     (589.0655 GFlop/s per process)    53%    1636.2 sec left
CG set 2880 / 5354    4712.5259 GFlop/s     (589.0657 GFlop/s per process)    53%    1635.5 sec left
CG set 2881 / 5354    4712.5260 GFlop/s     (589.0657 GFlop/s per process)    53%    1634.8 sec left
CG set 2882 / 5354    4712.5245 GFlop/s     (589.0656 GFlop/s per process)    53%    1634.1 sec left
CG set 2883 / 5354    4712.5262 GFlop/s     (589.0658 GFlop/s per process)    53%    1633.4 sec left
CG set 2884 / 5354    4712.5269 GFlop/s     (589.0659 GFlop/s per process)    53%    1632.8 sec left
CG set 2885 / 5354    4712.5283 GFlop/s     (589.0660 GFlop/s per process)    53%    1632.1 sec left
CG set 2886 / 5354    4712.5329 GFlop/s     (589.0666 GFlop/s per process)    53%    1631.4 sec left
CG set 2887 / 5354    4712.5366 GFlop/s     (589.0671 GFlop/s per process)    53%    1630.7 sec left
CG set 2888 / 5354    4712.5393 GFlop/s     (589.0674 GFlop/s per process)    53%    1630.0 sec left
CG set 2889 / 5354    4712.5421 GFlop/s     (589.0678 GFlop/s per process)    53%    1629.3 sec left
CG set 2890 / 5354    4712.5442 GFlop/s     (589.0680 GFlop/s per process)    53%    1628.7 sec left
CG set 2891 / 5354    4712.5448 GFlop/s     (589.0681 GFlop/s per process)    53%    1628.0 sec left
CG set 2892 / 5354    4712.5452 GFlop/s     (589.0682 GFlop/s per process)    54%    1627.3 sec left
CG set 2893 / 5354    4712.5455 GFlop/s     (589.0682 GFlop/s per process)    54%    1626.6 sec left
CG set 2894 / 5354    4712.5458 GFlop/s     (589.0682 GFlop/s per process)    54%    1625.9 sec left
CG set 2895 / 5354    4712.5484 GFlop/s     (589.0685 GFlop/s per process)    54%    1625.3 sec left
CG set 2896 / 5354    4712.5512 GFlop/s     (589.0689 GFlop/s per process)    54%    1624.6 sec left
CG set 2897 / 5354    4712.5523 GFlop/s     (589.0690 GFlop/s per process)    54%    1623.9 sec left
CG set 2898 / 5354    4712.5537 GFlop/s     (589.0692 GFlop/s per process)    54%    1623.2 sec left
CG set 2899 / 5354    4712.5552 GFlop/s     (589.0694 GFlop/s per process)    54%    1622.5 sec left
CG set 2900 / 5354    4712.5569 GFlop/s     (589.0696 GFlop/s per process)    54%    1621.9 sec left
CG set 2901 / 5354    4712.5591 GFlop/s     (589.0699 GFlop/s per process)    54%    1621.2 sec left
CG set 2902 / 5354    4712.5596 GFlop/s     (589.0700 GFlop/s per process)    54%    1620.5 sec left
CG set 2903 / 5354    4712.5607 GFlop/s     (589.0701 GFlop/s per process)    54%    1619.8 sec left
CG set 2904 / 5354    4712.5622 GFlop/s     (589.0703 GFlop/s per process)    54%    1619.1 sec left
CG set 2905 / 5354    4712.5601 GFlop/s     (589.0700 GFlop/s per process)    54%    1618.4 sec left
CG set 2906 / 5354    4712.5602 GFlop/s     (589.0700 GFlop/s per process)    54%    1617.8 sec left
CG set 2907 / 5354    4712.5604 GFlop/s     (589.0700 GFlop/s per process)    54%    1617.1 sec left
CG set 2908 / 5354    4712.5619 GFlop/s     (589.0702 GFlop/s per process)    54%    1616.4 sec left
CG set 2909 / 5354    4712.5619 GFlop/s     (589.0702 GFlop/s per process)    54%    1615.7 sec left
CG set 2910 / 5354    4712.5621 GFlop/s     (589.0703 GFlop/s per process)    54%    1615.0 sec left
CG set 2911 / 5354    4712.5618 GFlop/s     (589.0702 GFlop/s per process)    54%    1614.3 sec left
CG set 2912 / 5354    4712.5614 GFlop/s     (589.0702 GFlop/s per process)    54%    1613.7 sec left
CG set 2913 / 5354    4712.5638 GFlop/s     (589.0705 GFlop/s per process)    54%    1613.0 sec left
CG set 2914 / 5354    4712.5645 GFlop/s     (589.0706 GFlop/s per process)    54%    1612.3 sec left
CG set 2915 / 5354    4712.5644 GFlop/s     (589.0705 GFlop/s per process)    54%    1611.6 sec left
CG set 2916 / 5354    4712.5655 GFlop/s     (589.0707 GFlop/s per process)    54%    1610.9 sec left
CG set 2917 / 5354    4712.5660 GFlop/s     (589.0707 GFlop/s per process)    54%    1610.3 sec left
CG set 2918 / 5354    4712.5674 GFlop/s     (589.0709 GFlop/s per process)    54%    1609.6 sec left
CG set 2919 / 5354    4712.5668 GFlop/s     (589.0708 GFlop/s per process)    54%    1608.9 sec left
CG set 2920 / 5354    4712.5672 GFlop/s     (589.0709 GFlop/s per process)    54%    1608.2 sec left
CG set 2921 / 5354    4712.5671 GFlop/s     (589.0709 GFlop/s per process)    54%    1607.5 sec left
CG set 2922 / 5354    4712.5678 GFlop/s     (589.0710 GFlop/s per process)    54%    1606.8 sec left
CG set 2923 / 5354    4712.5688 GFlop/s     (589.0711 GFlop/s per process)    54%    1606.2 sec left
CG set 2924 / 5354    4712.5691 GFlop/s     (589.0711 GFlop/s per process)    54%    1605.5 sec left
CG set 2925 / 5354    4712.5727 GFlop/s     (589.0716 GFlop/s per process)    54%    1604.8 sec left
CG set 2926 / 5354    4712.5738 GFlop/s     (589.0717 GFlop/s per process)    54%    1604.1 sec left
CG set 2927 / 5354    4712.5758 GFlop/s     (589.0720 GFlop/s per process)    54%    1603.4 sec left
CG set 2928 / 5354    4712.5768 GFlop/s     (589.0721 GFlop/s per process)    54%    1602.8 sec left
CG set 2929 / 5354    4712.5755 GFlop/s     (589.0719 GFlop/s per process)    54%    1602.1 sec left
CG set 2930 / 5354    4712.5774 GFlop/s     (589.0722 GFlop/s per process)    54%    1601.4 sec left
CG set 2931 / 5354    4712.5761 GFlop/s     (589.0720 GFlop/s per process)    54%    1600.7 sec left
CG set 2932 / 5354    4712.5769 GFlop/s     (589.0721 GFlop/s per process)    54%    1600.0 sec left
CG set 2933 / 5354    4712.5783 GFlop/s     (589.0723 GFlop/s per process)    54%    1599.3 sec left
CG set 2934 / 5354    4712.5786 GFlop/s     (589.0723 GFlop/s per process)    54%    1598.7 sec left
CG set 2935 / 5354    4712.5760 GFlop/s     (589.0720 GFlop/s per process)    54%    1598.0 sec left
CG set 2936 / 5354    4712.5745 GFlop/s     (589.0718 GFlop/s per process)    54%    1597.3 sec left
CG set 2937 / 5354    4712.5743 GFlop/s     (589.0718 GFlop/s per process)    54%    1596.6 sec left
CG set 2938 / 5354    4712.5767 GFlop/s     (589.0721 GFlop/s per process)    54%    1595.9 sec left
CG set 2939 / 5354    4712.5768 GFlop/s     (589.0721 GFlop/s per process)    54%    1595.3 sec left
CG set 2940 / 5354    4712.5770 GFlop/s     (589.0721 GFlop/s per process)    54%    1594.6 sec left
CG set 2941 / 5354    4712.5754 GFlop/s     (589.0719 GFlop/s per process)    54%    1593.9 sec left
CG set 2942 / 5354    4712.5764 GFlop/s     (589.0720 GFlop/s per process)    54%    1593.2 sec left
CG set 2943 / 5354    4712.5746 GFlop/s     (589.0718 GFlop/s per process)    54%    1592.5 sec left
CG set 2944 / 5354    4712.5753 GFlop/s     (589.0719 GFlop/s per process)    54%    1591.8 sec left
CG set 2945 / 5354    4712.5765 GFlop/s     (589.0721 GFlop/s per process)    55%    1591.2 sec left
CG set 2946 / 5354    4712.5758 GFlop/s     (589.0720 GFlop/s per process)    55%    1590.5 sec left
CG set 2947 / 5354    4712.5749 GFlop/s     (589.0719 GFlop/s per process)    55%    1589.8 sec left
CG set 2948 / 5354    4712.5774 GFlop/s     (589.0722 GFlop/s per process)    55%    1589.1 sec left
CG set 2949 / 5354    4712.5775 GFlop/s     (589.0722 GFlop/s per process)    55%    1588.4 sec left
CG set 2950 / 5354    4712.5780 GFlop/s     (589.0723 GFlop/s per process)    55%    1587.8 sec left
CG set 2951 / 5354    4712.5785 GFlop/s     (589.0723 GFlop/s per process)    55%    1587.1 sec left
CG set 2952 / 5354    4712.5806 GFlop/s     (589.0726 GFlop/s per process)    55%    1586.4 sec left
CG set 2953 / 5354    4712.5802 GFlop/s     (589.0725 GFlop/s per process)    55%    1585.7 sec left
CG set 2954 / 5354    4712.5832 GFlop/s     (589.0729 GFlop/s per process)    55%    1585.0 sec left
CG set 2955 / 5354    4712.5822 GFlop/s     (589.0728 GFlop/s per process)    55%    1584.3 sec left
CG set 2956 / 5354    4712.5815 GFlop/s     (589.0727 GFlop/s per process)    55%    1583.7 sec left
CG set 2957 / 5354    4712.5800 GFlop/s     (589.0725 GFlop/s per process)    55%    1583.0 sec left
CG set 2958 / 5354    4712.5798 GFlop/s     (589.0725 GFlop/s per process)    55%    1582.3 sec left
CG set 2959 / 5354    4712.5816 GFlop/s     (589.0727 GFlop/s per process)    55%    1581.6 sec left
CG set 2960 / 5354    4712.5844 GFlop/s     (589.0731 GFlop/s per process)    55%    1580.9 sec left
CG set 2961 / 5354    4712.5846 GFlop/s     (589.0731 GFlop/s per process)    55%    1580.3 sec left
CG set 2962 / 5354    4712.5854 GFlop/s     (589.0732 GFlop/s per process)    55%    1579.6 sec left
CG set 2963 / 5354    4712.5842 GFlop/s     (589.0730 GFlop/s per process)    55%    1578.9 sec left
CG set 2964 / 5354    4712.5858 GFlop/s     (589.0732 GFlop/s per process)    55%    1578.2 sec left
CG set 2965 / 5354    4712.5862 GFlop/s     (589.0733 GFlop/s per process)    55%    1577.5 sec left
CG set 2966 / 5354    4712.5885 GFlop/s     (589.0736 GFlop/s per process)    55%    1576.8 sec left
CG set 2967 / 5354    4712.5881 GFlop/s     (589.0735 GFlop/s per process)    55%    1576.2 sec left
CG set 2968 / 5354    4712.5915 GFlop/s     (589.0739 GFlop/s per process)    55%    1575.5 sec left
CG set 2969 / 5354    4712.5937 GFlop/s     (589.0742 GFlop/s per process)    55%    1574.8 sec left
CG set 2970 / 5354    4712.5912 GFlop/s     (589.0739 GFlop/s per process)    55%    1574.1 sec left
CG set 2971 / 5354    4712.5928 GFlop/s     (589.0741 GFlop/s per process)    55%    1573.4 sec left
CG set 2972 / 5354    4712.5961 GFlop/s     (589.0745 GFlop/s per process)    55%    1572.8 sec left
CG set 2973 / 5354    4712.5954 GFlop/s     (589.0744 GFlop/s per process)    55%    1572.1 sec left
CG set 2974 / 5354    4712.5991 GFlop/s     (589.0749 GFlop/s per process)    55%    1571.4 sec left
CG set 2975 / 5354    4712.6002 GFlop/s     (589.0750 GFlop/s per process)    55%    1570.7 sec left
CG set 2976 / 5354    4712.6016 GFlop/s     (589.0752 GFlop/s per process)    55%    1570.0 sec left
CG set 2977 / 5354    4712.6054 GFlop/s     (589.0757 GFlop/s per process)    55%    1569.3 sec left
CG set 2978 / 5354    4712.6063 GFlop/s     (589.0758 GFlop/s per process)    55%    1568.7 sec left
CG set 2979 / 5354    4712.6077 GFlop/s     (589.0760 GFlop/s per process)    55%    1568.0 sec left
CG set 2980 / 5354    4712.6082 GFlop/s     (589.0760 GFlop/s per process)    55%    1567.3 sec left
CG set 2981 / 5354    4712.6089 GFlop/s     (589.0761 GFlop/s per process)    55%    1566.6 sec left
CG set 2982 / 5354    4712.6096 GFlop/s     (589.0762 GFlop/s per process)    55%    1565.9 sec left
CG set 2983 / 5354    4712.6104 GFlop/s     (589.0763 GFlop/s per process)    55%    1565.3 sec left
CG set 2984 / 5354    4712.6115 GFlop/s     (589.0764 GFlop/s per process)    55%    1564.6 sec left
CG set 2985 / 5354    4712.6126 GFlop/s     (589.0766 GFlop/s per process)    55%    1563.9 sec left
CG set 2986 / 5354    4712.6140 GFlop/s     (589.0768 GFlop/s per process)    55%    1563.2 sec left
CG set 2987 / 5354    4712.6142 GFlop/s     (589.0768 GFlop/s per process)    55%    1562.5 sec left
CG set 2988 / 5354    4712.6156 GFlop/s     (589.0770 GFlop/s per process)    55%    1561.8 sec left
CG set 2989 / 5354    4712.6155 GFlop/s     (589.0769 GFlop/s per process)    55%    1561.2 sec left
CG set 2990 / 5354    4712.6196 GFlop/s     (589.0774 GFlop/s per process)    55%    1560.5 sec left
CG set 2991 / 5354    4712.6217 GFlop/s     (589.0777 GFlop/s per process)    55%    1559.8 sec left
CG set 2992 / 5354    4712.6242 GFlop/s     (589.0780 GFlop/s per process)    55%    1559.1 sec left
CG set 2993 / 5354    4712.6253 GFlop/s     (589.0782 GFlop/s per process)    55%    1558.4 sec left
CG set 2994 / 5354    4712.6266 GFlop/s     (589.0783 GFlop/s per process)    55%    1557.8 sec left
CG set 2995 / 5354    4712.6291 GFlop/s     (589.0786 GFlop/s per process)    55%    1557.1 sec left
CG set 2996 / 5354    4712.6316 GFlop/s     (589.0789 GFlop/s per process)    55%    1556.4 sec left
CG set 2997 / 5354    4712.6346 GFlop/s     (589.0793 GFlop/s per process)    55%    1555.7 sec left
CG set 2998 / 5354    4712.6364 GFlop/s     (589.0795 GFlop/s per process)    55%    1555.0 sec left
CG set 2999 / 5354    4712.6351 GFlop/s     (589.0794 GFlop/s per process)    56%    1554.4 sec left
CG set 3000 / 5354    4712.6367 GFlop/s     (589.0796 GFlop/s per process)    56%    1553.7 sec left
CG set 3001 / 5354    4712.6397 GFlop/s     (589.0800 GFlop/s per process)    56%    1553.0 sec left
CG set 3002 / 5354    4712.6419 GFlop/s     (589.0802 GFlop/s per process)    56%    1552.3 sec left
CG set 3003 / 5354    4712.6423 GFlop/s     (589.0803 GFlop/s per process)    56%    1551.6 sec left
CG set 3004 / 5354    4712.6468 GFlop/s     (589.0808 GFlop/s per process)    56%    1550.9 sec left
CG set 3005 / 5354    4712.6518 GFlop/s     (589.0815 GFlop/s per process)    56%    1550.3 sec left
CG set 3006 / 5354    4712.6543 GFlop/s     (589.0818 GFlop/s per process)    56%    1549.6 sec left
CG set 3007 / 5354    4712.6573 GFlop/s     (589.0822 GFlop/s per process)    56%    1548.9 sec left
CG set 3008 / 5354    4712.6577 GFlop/s     (589.0822 GFlop/s per process)    56%    1548.2 sec left
CG set 3009 / 5354    4712.6598 GFlop/s     (589.0825 GFlop/s per process)    56%    1547.5 sec left
CG set 3010 / 5354    4712.6627 GFlop/s     (589.0828 GFlop/s per process)    56%    1546.9 sec left
CG set 3011 / 5354    4712.6634 GFlop/s     (589.0829 GFlop/s per process)    56%    1546.2 sec left
CG set 3012 / 5354    4712.6656 GFlop/s     (589.0832 GFlop/s per process)    56%    1545.5 sec left
CG set 3013 / 5354    4712.6654 GFlop/s     (589.0832 GFlop/s per process)    56%    1544.8 sec left
CG set 3014 / 5354    4712.6658 GFlop/s     (589.0832 GFlop/s per process)    56%    1544.1 sec left
CG set 3015 / 5354    4712.6660 GFlop/s     (589.0832 GFlop/s per process)    56%    1543.5 sec left
CG set 3016 / 5354    4712.6670 GFlop/s     (589.0834 GFlop/s per process)    56%    1542.8 sec left
CG set 3017 / 5354    4712.6681 GFlop/s     (589.0835 GFlop/s per process)    56%    1542.1 sec left
CG set 3018 / 5354    4712.6709 GFlop/s     (589.0839 GFlop/s per process)    56%    1541.4 sec left
CG set 3019 / 5354    4712.6702 GFlop/s     (589.0838 GFlop/s per process)    56%    1540.7 sec left
CG set 3020 / 5354    4712.6738 GFlop/s     (589.0842 GFlop/s per process)    56%    1540.0 sec left
CG set 3021 / 5354    4712.6773 GFlop/s     (589.0847 GFlop/s per process)    56%    1539.4 sec left
CG set 3022 / 5354    4712.6796 GFlop/s     (589.0849 GFlop/s per process)    56%    1538.7 sec left
CG set 3023 / 5354    4712.6805 GFlop/s     (589.0851 GFlop/s per process)    56%    1538.0 sec left
CG set 3024 / 5354    4712.6820 GFlop/s     (589.0853 GFlop/s per process)    56%    1537.3 sec left
CG set 3025 / 5354    4712.6824 GFlop/s     (589.0853 GFlop/s per process)    56%    1536.6 sec left
CG set 3026 / 5354    4712.6832 GFlop/s     (589.0854 GFlop/s per process)    56%    1536.0 sec left
CG set 3027 / 5354    4712.6847 GFlop/s     (589.0856 GFlop/s per process)    56%    1535.3 sec left
CG set 3028 / 5354    4712.6840 GFlop/s     (589.0855 GFlop/s per process)    56%    1534.6 sec left
CG set 3029 / 5354    4712.6858 GFlop/s     (589.0857 GFlop/s per process)    56%    1533.9 sec left
CG set 3030 / 5354    4712.6860 GFlop/s     (589.0858 GFlop/s per process)    56%    1533.2 sec left
CG set 3031 / 5354    4712.6895 GFlop/s     (589.0862 GFlop/s per process)    56%    1532.6 sec left
CG set 3032 / 5354    4712.6904 GFlop/s     (589.0863 GFlop/s per process)    56%    1531.9 sec left
CG set 3033 / 5354    4712.6924 GFlop/s     (589.0865 GFlop/s per process)    56%    1531.2 sec left
CG set 3034 / 5354    4712.6918 GFlop/s     (589.0865 GFlop/s per process)    56%    1530.5 sec left
CG set 3035 / 5354    4712.6930 GFlop/s     (589.0866 GFlop/s per process)    56%    1529.8 sec left
CG set 3036 / 5354    4712.6959 GFlop/s     (589.0870 GFlop/s per process)    56%    1529.1 sec left
CG set 3037 / 5354    4712.6978 GFlop/s     (589.0872 GFlop/s per process)    56%    1528.5 sec left
CG set 3038 / 5354    4712.7003 GFlop/s     (589.0875 GFlop/s per process)    56%    1527.8 sec left
CG set 3039 / 5354    4712.7060 GFlop/s     (589.0883 GFlop/s per process)    56%    1527.1 sec left
CG set 3040 / 5354    4712.7077 GFlop/s     (589.0885 GFlop/s per process)    56%    1526.4 sec left
CG set 3041 / 5354    4712.7067 GFlop/s     (589.0883 GFlop/s per process)    56%    1525.7 sec left
CG set 3042 / 5354    4712.7045 GFlop/s     (589.0881 GFlop/s per process)    56%    1525.1 sec left
CG set 3043 / 5354    4712.7089 GFlop/s     (589.0886 GFlop/s per process)    56%    1524.4 sec left
CG set 3044 / 5354    4712.7117 GFlop/s     (589.0890 GFlop/s per process)    56%    1523.7 sec left
CG set 3045 / 5354    4712.7100 GFlop/s     (589.0887 GFlop/s per process)    56%    1523.0 sec left
CG set 3046 / 5354    4712.7133 GFlop/s     (589.0892 GFlop/s per process)    56%    1522.3 sec left
CG set 3047 / 5354    4712.7175 GFlop/s     (589.0897 GFlop/s per process)    56%    1521.7 sec left
CG set 3048 / 5354    4712.7176 GFlop/s     (589.0897 GFlop/s per process)    56%    1521.0 sec left
CG set 3049 / 5354    4712.7197 GFlop/s     (589.0900 GFlop/s per process)    56%    1520.3 sec left
CG set 3050 / 5354    4712.7210 GFlop/s     (589.0901 GFlop/s per process)    56%    1519.6 sec left
CG set 3051 / 5354    4712.7218 GFlop/s     (589.0902 GFlop/s per process)    56%    1518.9 sec left
CG set 3052 / 5354    4712.7242 GFlop/s     (589.0905 GFlop/s per process)    57%    1518.2 sec left
CG set 3053 / 5354    4712.7240 GFlop/s     (589.0905 GFlop/s per process)    57%    1517.6 sec left
CG set 3054 / 5354    4712.7252 GFlop/s     (589.0907 GFlop/s per process)    57%    1516.9 sec left
CG set 3055 / 5354    4712.7264 GFlop/s     (589.0908 GFlop/s per process)    57%    1516.2 sec left
CG set 3056 / 5354    4712.7272 GFlop/s     (589.0909 GFlop/s per process)    57%    1515.5 sec left
CG set 3057 / 5354    4712.7285 GFlop/s     (589.0911 GFlop/s per process)    57%    1514.8 sec left
CG set 3058 / 5354    4712.7304 GFlop/s     (589.0913 GFlop/s per process)    57%    1514.2 sec left
CG set 3059 / 5354    4712.7299 GFlop/s     (589.0912 GFlop/s per process)    57%    1513.5 sec left
CG set 3060 / 5354    4712.7325 GFlop/s     (589.0916 GFlop/s per process)    57%    1512.8 sec left
CG set 3061 / 5354    4712.7362 GFlop/s     (589.0920 GFlop/s per process)    57%    1512.1 sec left
CG set 3062 / 5354    4712.7402 GFlop/s     (589.0925 GFlop/s per process)    57%    1511.4 sec left
CG set 3063 / 5354    4712.7386 GFlop/s     (589.0923 GFlop/s per process)    57%    1510.7 sec left
CG set 3064 / 5354    4712.7399 GFlop/s     (589.0925 GFlop/s per process)    57%    1510.1 sec left
CG set 3065 / 5354    4712.7435 GFlop/s     (589.0929 GFlop/s per process)    57%    1509.4 sec left
CG set 3066 / 5354    4712.7463 GFlop/s     (589.0933 GFlop/s per process)    57%    1508.7 sec left
CG set 3067 / 5354    4712.7462 GFlop/s     (589.0933 GFlop/s per process)    57%    1508.0 sec left
CG set 3068 / 5354    4712.7474 GFlop/s     (589.0934 GFlop/s per process)    57%    1507.3 sec left
CG set 3069 / 5354    4712.7475 GFlop/s     (589.0934 GFlop/s per process)    57%    1506.7 sec left
CG set 3070 / 5354    4712.7463 GFlop/s     (589.0933 GFlop/s per process)    57%    1506.0 sec left
CG set 3071 / 5354    4712.7463 GFlop/s     (589.0933 GFlop/s per process)    57%    1505.3 sec left
CG set 3072 / 5354    4712.7473 GFlop/s     (589.0934 GFlop/s per process)    57%    1504.6 sec left
CG set 3073 / 5354    4712.7498 GFlop/s     (589.0937 GFlop/s per process)    57%    1503.9 sec left
CG set 3074 / 5354    4712.7534 GFlop/s     (589.0942 GFlop/s per process)    57%    1503.3 sec left
CG set 3075 / 5354    4712.7535 GFlop/s     (589.0942 GFlop/s per process)    57%    1502.6 sec left
CG set 3076 / 5354    4712.7567 GFlop/s     (589.0946 GFlop/s per process)    57%    1501.9 sec left
CG set 3077 / 5354    4712.7569 GFlop/s     (589.0946 GFlop/s per process)    57%    1501.2 sec left
CG set 3078 / 5354    4712.7585 GFlop/s     (589.0948 GFlop/s per process)    57%    1500.5 sec left
CG set 3079 / 5354    4712.7577 GFlop/s     (589.0947 GFlop/s per process)    57%    1499.8 sec left
CG set 3080 / 5354    4712.7603 GFlop/s     (589.0950 GFlop/s per process)    57%    1499.2 sec left
CG set 3081 / 5354    4712.7627 GFlop/s     (589.0953 GFlop/s per process)    57%    1498.5 sec left
CG set 3082 / 5354    4712.7660 GFlop/s     (589.0958 GFlop/s per process)    57%    1497.8 sec left
CG set 3083 / 5354    4712.7675 GFlop/s     (589.0959 GFlop/s per process)    57%    1497.1 sec left
CG set 3084 / 5354    4712.7692 GFlop/s     (589.0961 GFlop/s per process)    57%    1496.4 sec left
CG set 3085 / 5354    4712.7710 GFlop/s     (589.0964 GFlop/s per process)    57%    1495.8 sec left
CG set 3086 / 5354    4712.7737 GFlop/s     (589.0967 GFlop/s per process)    57%    1495.1 sec left
CG set 3087 / 5354    4712.7732 GFlop/s     (589.0967 GFlop/s per process)    57%    1494.4 sec left
CG set 3088 / 5354    4712.7748 GFlop/s     (589.0968 GFlop/s per process)    57%    1493.7 sec left
CG set 3089 / 5354    4712.7745 GFlop/s     (589.0968 GFlop/s per process)    57%    1493.0 sec left
CG set 3090 / 5354    4712.7766 GFlop/s     (589.0971 GFlop/s per process)    57%    1492.3 sec left
CG set 3091 / 5354    4712.7780 GFlop/s     (589.0973 GFlop/s per process)    57%    1491.7 sec left
CG set 3092 / 5354    4712.7809 GFlop/s     (589.0976 GFlop/s per process)    57%    1491.0 sec left
CG set 3093 / 5354    4712.7814 GFlop/s     (589.0977 GFlop/s per process)    57%    1490.3 sec left
CG set 3094 / 5354    4712.7833 GFlop/s     (589.0979 GFlop/s per process)    57%    1489.6 sec left
CG set 3095 / 5354    4712.7827 GFlop/s     (589.0978 GFlop/s per process)    57%    1488.9 sec left
CG set 3096 / 5354    4712.7860 GFlop/s     (589.0982 GFlop/s per process)    57%    1488.3 sec left
CG set 3097 / 5354    4712.7868 GFlop/s     (589.0983 GFlop/s per process)    57%    1487.6 sec left
CG set 3098 / 5354    4712.7876 GFlop/s     (589.0985 GFlop/s per process)    57%    1486.9 sec left
CG set 3099 / 5354    4712.7903 GFlop/s     (589.0988 GFlop/s per process)    57%    1486.2 sec left
CG set 3100 / 5354    4712.7899 GFlop/s     (589.0987 GFlop/s per process)    57%    1485.5 sec left
CG set 3101 / 5354    4712.7922 GFlop/s     (589.0990 GFlop/s per process)    57%    1484.9 sec left
CG set 3102 / 5354    4712.7921 GFlop/s     (589.0990 GFlop/s per process)    57%    1484.2 sec left
CG set 3103 / 5354    4712.7930 GFlop/s     (589.0991 GFlop/s per process)    57%    1483.5 sec left
CG set 3104 / 5354    4712.7954 GFlop/s     (589.0994 GFlop/s per process)    57%    1482.8 sec left
CG set 3105 / 5354    4712.7971 GFlop/s     (589.0996 GFlop/s per process)    57%    1482.1 sec left
CG set 3106 / 5354    4712.8000 GFlop/s     (589.1000 GFlop/s per process)    58%    1481.4 sec left
CG set 3107 / 5354    4712.8000 GFlop/s     (589.1000 GFlop/s per process)    58%    1480.8 sec left
CG set 3108 / 5354    4712.8019 GFlop/s     (589.1002 GFlop/s per process)    58%    1480.1 sec left
CG set 3109 / 5354    4712.8006 GFlop/s     (589.1001 GFlop/s per process)    58%    1479.4 sec left
CG set 3110 / 5354    4712.8009 GFlop/s     (589.1001 GFlop/s per process)    58%    1478.7 sec left
CG set 3111 / 5354    4712.8024 GFlop/s     (589.1003 GFlop/s per process)    58%    1478.0 sec left
CG set 3112 / 5354    4712.8035 GFlop/s     (589.1004 GFlop/s per process)    58%    1477.4 sec left
CG set 3113 / 5354    4712.8065 GFlop/s     (589.1008 GFlop/s per process)    58%    1476.7 sec left
CG set 3114 / 5354    4712.8082 GFlop/s     (589.1010 GFlop/s per process)    58%    1476.0 sec left
CG set 3115 / 5354    4712.8099 GFlop/s     (589.1012 GFlop/s per process)    58%    1475.3 sec left
CG set 3116 / 5354    4712.8093 GFlop/s     (589.1012 GFlop/s per process)    58%    1474.6 sec left
CG set 3117 / 5354    4712.8123 GFlop/s     (589.1015 GFlop/s per process)    58%    1473.9 sec left
CG set 3118 / 5354    4712.8139 GFlop/s     (589.1017 GFlop/s per process)    58%    1473.3 sec left
CG set 3119 / 5354    4712.8156 GFlop/s     (589.1019 GFlop/s per process)    58%    1472.6 sec left
CG set 3120 / 5354    4712.8183 GFlop/s     (589.1023 GFlop/s per process)    58%    1471.9 sec left
CG set 3121 / 5354    4712.8167 GFlop/s     (589.1021 GFlop/s per process)    58%    1471.2 sec left
CG set 3122 / 5354    4712.8196 GFlop/s     (589.1024 GFlop/s per process)    58%    1470.5 sec left
CG set 3123 / 5354    4712.8184 GFlop/s     (589.1023 GFlop/s per process)    58%    1469.9 sec left
CG set 3124 / 5354    4712.8189 GFlop/s     (589.1024 GFlop/s per process)    58%    1469.2 sec left
CG set 3125 / 5354    4712.8195 GFlop/s     (589.1024 GFlop/s per process)    58%    1468.5 sec left
CG set 3126 / 5354    4712.8165 GFlop/s     (589.1021 GFlop/s per process)    58%    1467.8 sec left
CG set 3127 / 5354    4712.8183 GFlop/s     (589.1023 GFlop/s per process)    58%    1467.1 sec left
CG set 3128 / 5354    4712.8189 GFlop/s     (589.1024 GFlop/s per process)    58%    1466.4 sec left
CG set 3129 / 5354    4712.8201 GFlop/s     (589.1025 GFlop/s per process)    58%    1465.8 sec left
CG set 3130 / 5354    4712.8223 GFlop/s     (589.1028 GFlop/s per process)    58%    1465.1 sec left
CG set 3131 / 5354    4712.8202 GFlop/s     (589.1025 GFlop/s per process)    58%    1464.4 sec left
CG set 3132 / 5354    4712.8209 GFlop/s     (589.1026 GFlop/s per process)    58%    1463.7 sec left
CG set 3133 / 5354    4712.8236 GFlop/s     (589.1029 GFlop/s per process)    58%    1463.0 sec left
CG set 3134 / 5354    4712.8258 GFlop/s     (589.1032 GFlop/s per process)    58%    1462.4 sec left
CG set 3135 / 5354    4712.8268 GFlop/s     (589.1033 GFlop/s per process)    58%    1461.7 sec left
CG set 3136 / 5354    4712.8279 GFlop/s     (589.1035 GFlop/s per process)    58%    1461.0 sec left
CG set 3137 / 5354    4712.8311 GFlop/s     (589.1039 GFlop/s per process)    58%    1460.3 sec left
CG set 3138 / 5354    4712.8335 GFlop/s     (589.1042 GFlop/s per process)    58%    1459.6 sec left
CG set 3139 / 5354    4712.8360 GFlop/s     (589.1045 GFlop/s per process)    58%    1459.0 sec left
CG set 3140 / 5354    4712.8364 GFlop/s     (589.1045 GFlop/s per process)    58%    1458.3 sec left
CG set 3141 / 5354    4712.8382 GFlop/s     (589.1048 GFlop/s per process)    58%    1457.6 sec left
CG set 3142 / 5354    4712.8407 GFlop/s     (589.1051 GFlop/s per process)    58%    1456.9 sec left
CG set 3143 / 5354    4712.8425 GFlop/s     (589.1053 GFlop/s per process)    58%    1456.2 sec left
CG set 3144 / 5354    4712.8432 GFlop/s     (589.1054 GFlop/s per process)    58%    1455.5 sec left
CG set 3145 / 5354    4712.8446 GFlop/s     (589.1056 GFlop/s per process)    58%    1454.9 sec left
CG set 3146 / 5354    4712.8457 GFlop/s     (589.1057 GFlop/s per process)    58%    1454.2 sec left
CG set 3147 / 5354    4712.8482 GFlop/s     (589.1060 GFlop/s per process)    58%    1453.5 sec left
CG set 3148 / 5354    4712.8474 GFlop/s     (589.1059 GFlop/s per process)    58%    1452.8 sec left
CG set 3149 / 5354    4712.8501 GFlop/s     (589.1063 GFlop/s per process)    58%    1452.1 sec left
CG set 3150 / 5354    4712.8507 GFlop/s     (589.1063 GFlop/s per process)    58%    1451.5 sec left
CG set 3151 / 5354    4712.8506 GFlop/s     (589.1063 GFlop/s per process)    58%    1450.8 sec left
CG set 3152 / 5354    4712.8512 GFlop/s     (589.1064 GFlop/s per process)    58%    1450.1 sec left
CG set 3153 / 5354    4712.8524 GFlop/s     (589.1065 GFlop/s per process)    58%    1449.4 sec left
CG set 3154 / 5354    4712.8521 GFlop/s     (589.1065 GFlop/s per process)    58%    1448.7 sec left
CG set 3155 / 5354    4712.8542 GFlop/s     (589.1068 GFlop/s per process)    58%    1448.0 sec left
CG set 3156 / 5354    4712.8540 GFlop/s     (589.1067 GFlop/s per process)    58%    1447.4 sec left
CG set 3157 / 5354    4712.8550 GFlop/s     (589.1069 GFlop/s per process)    58%    1446.7 sec left
CG set 3158 / 5354    4712.8554 GFlop/s     (589.1069 GFlop/s per process)    58%    1446.0 sec left
CG set 3159 / 5354    4712.8558 GFlop/s     (589.1070 GFlop/s per process)    59%    1445.3 sec left
CG set 3160 / 5354    4712.8575 GFlop/s     (589.1072 GFlop/s per process)    59%    1444.6 sec left
CG set 3161 / 5354    4712.8605 GFlop/s     (589.1076 GFlop/s per process)    59%    1444.0 sec left
CG set 3162 / 5354    4712.8634 GFlop/s     (589.1079 GFlop/s per process)    59%    1443.3 sec left
CG set 3163 / 5354    4712.8624 GFlop/s     (589.1078 GFlop/s per process)    59%    1442.6 sec left
CG set 3164 / 5354    4712.8632 GFlop/s     (589.1079 GFlop/s per process)    59%    1441.9 sec left
CG set 3165 / 5354    4712.8640 GFlop/s     (589.1080 GFlop/s per process)    59%    1441.2 sec left
CG set 3166 / 5354    4712.8676 GFlop/s     (589.1085 GFlop/s per process)    59%    1440.6 sec left
CG set 3167 / 5354    4712.8698 GFlop/s     (589.1087 GFlop/s per process)    59%    1439.9 sec left
CG set 3168 / 5354    4712.8691 GFlop/s     (589.1086 GFlop/s per process)    59%    1439.2 sec left
CG set 3169 / 5354    4712.8714 GFlop/s     (589.1089 GFlop/s per process)    59%    1438.5 sec left
CG set 3170 / 5354    4712.8727 GFlop/s     (589.1091 GFlop/s per process)    59%    1437.8 sec left
CG set 3171 / 5354    4712.8734 GFlop/s     (589.1092 GFlop/s per process)    59%    1437.1 sec left
CG set 3172 / 5354    4712.8725 GFlop/s     (589.1091 GFlop/s per process)    59%    1436.5 sec left
CG set 3173 / 5354    4712.8730 GFlop/s     (589.1091 GFlop/s per process)    59%    1435.8 sec left
CG set 3174 / 5354    4712.8751 GFlop/s     (589.1094 GFlop/s per process)    59%    1435.1 sec left
CG set 3175 / 5354    4712.8762 GFlop/s     (589.1095 GFlop/s per process)    59%    1434.4 sec left
CG set 3176 / 5354    4712.8760 GFlop/s     (589.1095 GFlop/s per process)    59%    1433.7 sec left
CG set 3177 / 5354    4712.8753 GFlop/s     (589.1094 GFlop/s per process)    59%    1433.1 sec left
CG set 3178 / 5354    4712.8738 GFlop/s     (589.1092 GFlop/s per process)    59%    1432.4 sec left
CG set 3179 / 5354    4712.8764 GFlop/s     (589.1095 GFlop/s per process)    59%    1431.7 sec left
CG set 3180 / 5354    4712.8761 GFlop/s     (589.1095 GFlop/s per process)    59%    1431.0 sec left
CG set 3181 / 5354    4712.8763 GFlop/s     (589.1095 GFlop/s per process)    59%    1430.3 sec left
CG set 3182 / 5354    4712.8796 GFlop/s     (589.1100 GFlop/s per process)    59%    1429.6 sec left
CG set 3183 / 5354    4712.8804 GFlop/s     (589.1101 GFlop/s per process)    59%    1429.0 sec left
CG set 3184 / 5354    4712.8820 GFlop/s     (589.1103 GFlop/s per process)    59%    1428.3 sec left
CG set 3185 / 5354    4712.8837 GFlop/s     (589.1105 GFlop/s per process)    59%    1427.6 sec left
CG set 3186 / 5354    4712.8841 GFlop/s     (589.1105 GFlop/s per process)    59%    1426.9 sec left
CG set 3187 / 5354    4712.8833 GFlop/s     (589.1104 GFlop/s per process)    59%    1426.2 sec left
CG set 3188 / 5354    4712.8852 GFlop/s     (589.1107 GFlop/s per process)    59%    1425.6 sec left
CG set 3189 / 5354    4712.8856 GFlop/s     (589.1107 GFlop/s per process)    59%    1424.9 sec left
CG set 3190 / 5354    4712.8854 GFlop/s     (589.1107 GFlop/s per process)    59%    1424.2 sec left
CG set 3191 / 5354    4712.8880 GFlop/s     (589.1110 GFlop/s per process)    59%    1423.5 sec left
CG set 3192 / 5354    4712.8864 GFlop/s     (589.1108 GFlop/s per process)    59%    1422.8 sec left
CG set 3193 / 5354    4712.8866 GFlop/s     (589.1108 GFlop/s per process)    59%    1422.1 sec left
CG set 3194 / 5354    4712.8871 GFlop/s     (589.1109 GFlop/s per process)    59%    1421.5 sec left
CG set 3195 / 5354    4712.8893 GFlop/s     (589.1112 GFlop/s per process)    59%    1420.8 sec left
CG set 3196 / 5354    4712.8912 GFlop/s     (589.1114 GFlop/s per process)    59%    1420.1 sec left
CG set 3197 / 5354    4712.8899 GFlop/s     (589.1112 GFlop/s per process)    59%    1419.4 sec left
CG set 3198 / 5354    4712.8910 GFlop/s     (589.1114 GFlop/s per process)    59%    1418.7 sec left
CG set 3199 / 5354    4712.8930 GFlop/s     (589.1116 GFlop/s per process)    59%    1418.1 sec left
CG set 3200 / 5354    4712.8929 GFlop/s     (589.1116 GFlop/s per process)    59%    1417.4 sec left
CG set 3201 / 5354    4712.8940 GFlop/s     (589.1118 GFlop/s per process)    59%    1416.7 sec left
CG set 3202 / 5354    4712.8939 GFlop/s     (589.1117 GFlop/s per process)    59%    1416.0 sec left
CG set 3203 / 5354    4712.8958 GFlop/s     (589.1120 GFlop/s per process)    59%    1415.3 sec left
CG set 3204 / 5354    4712.8961 GFlop/s     (589.1120 GFlop/s per process)    59%    1414.6 sec left
CG set 3205 / 5354    4712.9000 GFlop/s     (589.1125 GFlop/s per process)    59%    1414.0 sec left
CG set 3206 / 5354    4712.9014 GFlop/s     (589.1127 GFlop/s per process)    59%    1413.3 sec left
CG set 3207 / 5354    4712.9017 GFlop/s     (589.1127 GFlop/s per process)    59%    1412.6 sec left
CG set 3208 / 5354    4712.9030 GFlop/s     (589.1129 GFlop/s per process)    59%    1411.9 sec left
CG set 3209 / 5354    4712.9054 GFlop/s     (589.1132 GFlop/s per process)    59%    1411.2 sec left
CG set 3210 / 5354    4712.9078 GFlop/s     (589.1135 GFlop/s per process)    59%    1410.6 sec left
CG set 3211 / 5354    4712.9082 GFlop/s     (589.1135 GFlop/s per process)    59%    1409.9 sec left
CG set 3212 / 5354    4712.9074 GFlop/s     (589.1134 GFlop/s per process)    59%    1409.2 sec left
CG set 3213 / 5354    4712.9110 GFlop/s     (589.1139 GFlop/s per process)    60%    1408.5 sec left
CG set 3214 / 5354    4712.9126 GFlop/s     (589.1141 GFlop/s per process)    60%    1407.8 sec left
CG set 3215 / 5354    4712.9138 GFlop/s     (589.1142 GFlop/s per process)    60%    1407.2 sec left
CG set 3216 / 5354    4712.9122 GFlop/s     (589.1140 GFlop/s per process)    60%    1406.5 sec left
CG set 3217 / 5354    4712.9145 GFlop/s     (589.1143 GFlop/s per process)    60%    1405.8 sec left
CG set 3218 / 5354    4712.9144 GFlop/s     (589.1143 GFlop/s per process)    60%    1405.1 sec left
CG set 3219 / 5354    4712.9141 GFlop/s     (589.1143 GFlop/s per process)    60%    1404.4 sec left
CG set 3220 / 5354    4712.9141 GFlop/s     (589.1143 GFlop/s per process)    60%    1403.7 sec left
CG set 3221 / 5354    4712.9160 GFlop/s     (589.1145 GFlop/s per process)    60%    1403.1 sec left
CG set 3222 / 5354    4712.9181 GFlop/s     (589.1148 GFlop/s per process)    60%    1402.4 sec left
CG set 3223 / 5354    4712.9162 GFlop/s     (589.1145 GFlop/s per process)    60%    1401.7 sec left
CG set 3224 / 5354    4712.9170 GFlop/s     (589.1146 GFlop/s per process)    60%    1401.0 sec left
CG set 3225 / 5354    4712.9179 GFlop/s     (589.1147 GFlop/s per process)    60%    1400.3 sec left
CG set 3226 / 5354    4712.9197 GFlop/s     (589.1150 GFlop/s per process)    60%    1399.7 sec left
CG set 3227 / 5354    4712.9238 GFlop/s     (589.1155 GFlop/s per process)    60%    1399.0 sec left
CG set 3228 / 5354    4712.9250 GFlop/s     (589.1156 GFlop/s per process)    60%    1398.3 sec left
CG set 3229 / 5354    4712.9278 GFlop/s     (589.1160 GFlop/s per process)    60%    1397.6 sec left
CG set 3230 / 5354    4712.9256 GFlop/s     (589.1157 GFlop/s per process)    60%    1396.9 sec left
CG set 3231 / 5354    4712.9255 GFlop/s     (589.1157 GFlop/s per process)    60%    1396.2 sec left
CG set 3232 / 5354    4712.9257 GFlop/s     (589.1157 GFlop/s per process)    60%    1395.6 sec left
CG set 3233 / 5354    4712.9255 GFlop/s     (589.1157 GFlop/s per process)    60%    1394.9 sec left
CG set 3234 / 5354    4712.9258 GFlop/s     (589.1157 GFlop/s per process)    60%    1394.2 sec left
CG set 3235 / 5354    4712.9262 GFlop/s     (589.1158 GFlop/s per process)    60%    1393.5 sec left
CG set 3236 / 5354    4712.9295 GFlop/s     (589.1162 GFlop/s per process)    60%    1392.8 sec left
CG set 3237 / 5354    4712.9296 GFlop/s     (589.1162 GFlop/s per process)    60%    1392.2 sec left
CG set 3238 / 5354    4712.9299 GFlop/s     (589.1162 GFlop/s per process)    60%    1391.5 sec left
CG set 3239 / 5354    4712.9297 GFlop/s     (589.1162 GFlop/s per process)    60%    1390.8 sec left
CG set 3240 / 5354    4712.9306 GFlop/s     (589.1163 GFlop/s per process)    60%    1390.1 sec left
CG set 3241 / 5354    4712.9317 GFlop/s     (589.1165 GFlop/s per process)    60%    1389.4 sec left
CG set 3242 / 5354    4712.9286 GFlop/s     (589.1161 GFlop/s per process)    60%    1388.7 sec left
CG set 3243 / 5354    4712.9306 GFlop/s     (589.1163 GFlop/s per process)    60%    1388.1 sec left
CG set 3244 / 5354    4712.9309 GFlop/s     (589.1164 GFlop/s per process)    60%    1387.4 sec left
CG set 3245 / 5354    4712.9330 GFlop/s     (589.1166 GFlop/s per process)    60%    1386.7 sec left
CG set 3246 / 5354    4712.9317 GFlop/s     (589.1165 GFlop/s per process)    60%    1386.0 sec left
CG set 3247 / 5354    4712.9313 GFlop/s     (589.1164 GFlop/s per process)    60%    1385.3 sec left
CG set 3248 / 5354    4712.9353 GFlop/s     (589.1169 GFlop/s per process)    60%    1384.7 sec left
CG set 3249 / 5354    4712.9386 GFlop/s     (589.1173 GFlop/s per process)    60%    1384.0 sec left
CG set 3250 / 5354    4712.9397 GFlop/s     (589.1175 GFlop/s per process)    60%    1383.3 sec left
CG set 3251 / 5354    4712.9410 GFlop/s     (589.1176 GFlop/s per process)    60%    1382.6 sec left
CG set 3252 / 5354    4712.9417 GFlop/s     (589.1177 GFlop/s per process)    60%    1381.9 sec left
CG set 3253 / 5354    4712.9418 GFlop/s     (589.1177 GFlop/s per process)    60%    1381.2 sec left
CG set 3254 / 5354    4712.9418 GFlop/s     (589.1177 GFlop/s per process)    60%    1380.6 sec left
CG set 3255 / 5354    4712.9424 GFlop/s     (589.1178 GFlop/s per process)    60%    1379.9 sec left
CG set 3256 / 5354    4712.9433 GFlop/s     (589.1179 GFlop/s per process)    60%    1379.2 sec left
CG set 3257 / 5354    4712.9422 GFlop/s     (589.1178 GFlop/s per process)    60%    1378.5 sec left
CG set 3258 / 5354    4712.9444 GFlop/s     (589.1180 GFlop/s per process)    60%    1377.8 sec left
CG set 3259 / 5354    4712.9452 GFlop/s     (589.1181 GFlop/s per process)    60%    1377.2 sec left
CG set 3260 / 5354    4712.9485 GFlop/s     (589.1186 GFlop/s per process)    60%    1376.5 sec left
CG set 3261 / 5354    4712.9498 GFlop/s     (589.1187 GFlop/s per process)    60%    1375.8 sec left
CG set 3262 / 5354    4712.9521 GFlop/s     (589.1190 GFlop/s per process)    60%    1375.1 sec left
CG set 3263 / 5354    4712.9552 GFlop/s     (589.1194 GFlop/s per process)    60%    1374.4 sec left
CG set 3264 / 5354    4712.9537 GFlop/s     (589.1192 GFlop/s per process)    60%    1373.7 sec left
CG set 3265 / 5354    4712.9559 GFlop/s     (589.1195 GFlop/s per process)    60%    1373.1 sec left
CG set 3266 / 5354    4712.9592 GFlop/s     (589.1199 GFlop/s per process)    61%    1372.4 sec left
CG set 3267 / 5354    4712.9607 GFlop/s     (589.1201 GFlop/s per process)    61%    1371.7 sec left
CG set 3268 / 5354    4712.9603 GFlop/s     (589.1200 GFlop/s per process)    61%    1371.0 sec left
CG set 3269 / 5354    4712.9589 GFlop/s     (589.1199 GFlop/s per process)    61%    1370.3 sec left
CG set 3270 / 5354    4712.9616 GFlop/s     (589.1202 GFlop/s per process)    61%    1369.7 sec left
CG set 3271 / 5354    4712.9617 GFlop/s     (589.1202 GFlop/s per process)    61%    1369.0 sec left
CG set 3272 / 5354    4712.9635 GFlop/s     (589.1204 GFlop/s per process)    61%    1368.3 sec left
CG set 3273 / 5354    4712.9664 GFlop/s     (589.1208 GFlop/s per process)    61%    1367.6 sec left
CG set 3274 / 5354    4712.9659 GFlop/s     (589.1207 GFlop/s per process)    61%    1366.9 sec left
CG set 3275 / 5354    4712.9653 GFlop/s     (589.1207 GFlop/s per process)    61%    1366.3 sec left
CG set 3276 / 5354    4712.9661 GFlop/s     (589.1208 GFlop/s per process)    61%    1365.6 sec left
CG set 3277 / 5354    4712.9656 GFlop/s     (589.1207 GFlop/s per process)    61%    1364.9 sec left
CG set 3278 / 5354    4712.9669 GFlop/s     (589.1209 GFlop/s per process)    61%    1364.2 sec left
CG set 3279 / 5354    4712.9666 GFlop/s     (589.1208 GFlop/s per process)    61%    1363.5 sec left
CG set 3280 / 5354    4712.9678 GFlop/s     (589.1210 GFlop/s per process)    61%    1362.8 sec left
CG set 3281 / 5354    4712.9677 GFlop/s     (589.1210 GFlop/s per process)    61%    1362.2 sec left
CG set 3282 / 5354    4712.9683 GFlop/s     (589.1210 GFlop/s per process)    61%    1361.5 sec left
CG set 3283 / 5354    4712.9697 GFlop/s     (589.1212 GFlop/s per process)    61%    1360.8 sec left
CG set 3284 / 5354    4712.9688 GFlop/s     (589.1211 GFlop/s per process)    61%    1360.1 sec left
CG set 3285 / 5354    4712.9708 GFlop/s     (589.1213 GFlop/s per process)    61%    1359.4 sec left
CG set 3286 / 5354    4712.9698 GFlop/s     (589.1212 GFlop/s per process)    61%    1358.8 sec left
CG set 3287 / 5354    4712.9710 GFlop/s     (589.1214 GFlop/s per process)    61%    1358.1 sec left
CG set 3288 / 5354    4712.9693 GFlop/s     (589.1212 GFlop/s per process)    61%    1357.4 sec left
CG set 3289 / 5354    4712.9697 GFlop/s     (589.1212 GFlop/s per process)    61%    1356.7 sec left
CG set 3290 / 5354    4712.9712 GFlop/s     (589.1214 GFlop/s per process)    61%    1356.0 sec left
CG set 3291 / 5354    4712.9730 GFlop/s     (589.1216 GFlop/s per process)    61%    1355.3 sec left
CG set 3292 / 5354    4712.9743 GFlop/s     (589.1218 GFlop/s per process)    61%    1354.7 sec left
CG set 3293 / 5354    4712.9757 GFlop/s     (589.1220 GFlop/s per process)    61%    1354.0 sec left
CG set 3294 / 5354    4712.9771 GFlop/s     (589.1221 GFlop/s per process)    61%    1353.3 sec left
CG set 3295 / 5354    4712.9790 GFlop/s     (589.1224 GFlop/s per process)    61%    1352.6 sec left
CG set 3296 / 5354    4712.9794 GFlop/s     (589.1224 GFlop/s per process)    61%    1351.9 sec left
CG set 3297 / 5354    4712.9823 GFlop/s     (589.1228 GFlop/s per process)    61%    1351.3 sec left
CG set 3298 / 5354    4712.9832 GFlop/s     (589.1229 GFlop/s per process)    61%    1350.6 sec left
CG set 3299 / 5354    4712.9857 GFlop/s     (589.1232 GFlop/s per process)    61%    1349.9 sec left
CG set 3300 / 5354    4712.9867 GFlop/s     (589.1233 GFlop/s per process)    61%    1349.2 sec left
CG set 3301 / 5354    4712.9897 GFlop/s     (589.1237 GFlop/s per process)    61%    1348.5 sec left
CG set 3302 / 5354    4712.9903 GFlop/s     (589.1238 GFlop/s per process)    61%    1347.8 sec left
CG set 3303 / 5354    4712.9904 GFlop/s     (589.1238 GFlop/s per process)    61%    1347.2 sec left
CG set 3304 / 5354    4712.9915 GFlop/s     (589.1239 GFlop/s per process)    61%    1346.5 sec left
CG set 3305 / 5354    4712.9933 GFlop/s     (589.1242 GFlop/s per process)    61%    1345.8 sec left
CG set 3306 / 5354    4712.9935 GFlop/s     (589.1242 GFlop/s per process)    61%    1345.1 sec left
CG set 3307 / 5354    4712.9957 GFlop/s     (589.1245 GFlop/s per process)    61%    1344.4 sec left
CG set 3308 / 5354    4712.9966 GFlop/s     (589.1246 GFlop/s per process)    61%    1343.8 sec left
CG set 3309 / 5354    4712.9991 GFlop/s     (589.1249 GFlop/s per process)    61%    1343.1 sec left
CG set 3310 / 5354    4712.9993 GFlop/s     (589.1249 GFlop/s per process)    61%    1342.4 sec left
CG set 3311 / 5354    4713.0013 GFlop/s     (589.1252 GFlop/s per process)    61%    1341.7 sec left
CG set 3312 / 5354    4713.0025 GFlop/s     (589.1253 GFlop/s per process)    61%    1341.0 sec left
CG set 3313 / 5354    4713.0063 GFlop/s     (589.1258 GFlop/s per process)    61%    1340.4 sec left
CG set 3314 / 5354    4713.0067 GFlop/s     (589.1258 GFlop/s per process)    61%    1339.7 sec left
CG set 3315 / 5354    4713.0075 GFlop/s     (589.1259 GFlop/s per process)    61%    1339.0 sec left
CG set 3316 / 5354    4713.0088 GFlop/s     (589.1261 GFlop/s per process)    61%    1338.3 sec left
CG set 3317 / 5354    4713.0114 GFlop/s     (589.1264 GFlop/s per process)    61%    1337.6 sec left
CG set 3318 / 5354    4713.0130 GFlop/s     (589.1266 GFlop/s per process)    61%    1336.9 sec left
CG set 3319 / 5354    4713.0136 GFlop/s     (589.1267 GFlop/s per process)    61%    1336.3 sec left
CG set 3320 / 5354    4713.0158 GFlop/s     (589.1270 GFlop/s per process)    62%    1335.6 sec left
CG set 3321 / 5354    4713.0166 GFlop/s     (589.1271 GFlop/s per process)    62%    1334.9 sec left
CG set 3322 / 5354    4713.0172 GFlop/s     (589.1271 GFlop/s per process)    62%    1334.2 sec left
CG set 3323 / 5354    4713.0176 GFlop/s     (589.1272 GFlop/s per process)    62%    1333.5 sec left
CG set 3324 / 5354    4713.0196 GFlop/s     (589.1274 GFlop/s per process)    62%    1332.9 sec left
CG set 3325 / 5354    4713.0217 GFlop/s     (589.1277 GFlop/s per process)    62%    1332.2 sec left
CG set 3326 / 5354    4713.0230 GFlop/s     (589.1279 GFlop/s per process)    62%    1331.5 sec left
CG set 3327 / 5354    4713.0250 GFlop/s     (589.1281 GFlop/s per process)    62%    1330.8 sec left
CG set 3328 / 5354    4713.0263 GFlop/s     (589.1283 GFlop/s per process)    62%    1330.1 sec left
CG set 3329 / 5354    4713.0265 GFlop/s     (589.1283 GFlop/s per process)    62%    1329.5 sec left
CG set 3330 / 5354    4713.0271 GFlop/s     (589.1284 GFlop/s per process)    62%    1328.8 sec left
CG set 3331 / 5354    4713.0267 GFlop/s     (589.1283 GFlop/s per process)    62%    1328.1 sec left
CG set 3332 / 5354    4713.0271 GFlop/s     (589.1284 GFlop/s per process)    62%    1327.4 sec left
CG set 3333 / 5354    4713.0254 GFlop/s     (589.1282 GFlop/s per process)    62%    1326.7 sec left
CG set 3334 / 5354    4713.0250 GFlop/s     (589.1281 GFlop/s per process)    62%    1326.0 sec left
CG set 3335 / 5354    4713.0248 GFlop/s     (589.1281 GFlop/s per process)    62%    1325.4 sec left
CG set 3336 / 5354    4713.0245 GFlop/s     (589.1281 GFlop/s per process)    62%    1324.7 sec left
CG set 3337 / 5354    4713.0239 GFlop/s     (589.1280 GFlop/s per process)    62%    1324.0 sec left
CG set 3338 / 5354    4713.0237 GFlop/s     (589.1280 GFlop/s per process)    62%    1323.3 sec left
CG set 3339 / 5354    4713.0223 GFlop/s     (589.1278 GFlop/s per process)    62%    1322.6 sec left
CG set 3340 / 5354    4713.0206 GFlop/s     (589.1276 GFlop/s per process)    62%    1321.9 sec left
CG set 3341 / 5354    4713.0176 GFlop/s     (589.1272 GFlop/s per process)    62%    1321.3 sec left
CG set 3342 / 5354    4713.0158 GFlop/s     (589.1270 GFlop/s per process)    62%    1320.6 sec left
CG set 3343 / 5354    4713.0117 GFlop/s     (589.1265 GFlop/s per process)    62%    1319.9 sec left
CG set 3344 / 5354    4713.0091 GFlop/s     (589.1261 GFlop/s per process)    62%    1319.2 sec left
CG set 3345 / 5354    4713.0038 GFlop/s     (589.1255 GFlop/s per process)    62%    1318.5 sec left
CG set 3346 / 5354    4712.9968 GFlop/s     (589.1246 GFlop/s per process)    62%    1317.8 sec left
CG set 3347 / 5354    4712.9919 GFlop/s     (589.1240 GFlop/s per process)    62%    1317.2 sec left
CG set 3348 / 5354    4712.9861 GFlop/s     (589.1233 GFlop/s per process)    62%    1316.5 sec left
CG set 3349 / 5354    4712.9820 GFlop/s     (589.1228 GFlop/s per process)    62%    1315.8 sec left
CG set 3350 / 5354    4712.9745 GFlop/s     (589.1218 GFlop/s per process)    62%    1315.1 sec left
CG set 3351 / 5354    4712.9674 GFlop/s     (589.1209 GFlop/s per process)    62%    1314.4 sec left
CG set 3352 / 5354    4712.9610 GFlop/s     (589.1201 GFlop/s per process)    62%    1313.7 sec left
CG set 3353 / 5354    4712.9513 GFlop/s     (589.1189 GFlop/s per process)    62%    1313.0 sec left
CG set 3354 / 5354    4712.9450 GFlop/s     (589.1181 GFlop/s per process)    62%    1312.4 sec left
CG set 3355 / 5354    4712.9354 GFlop/s     (589.1169 GFlop/s per process)    62%    1311.7 sec left
CG set 3356 / 5354    4712.9284 GFlop/s     (589.1160 GFlop/s per process)    62%    1311.0 sec left
CG set 3357 / 5354    4712.9184 GFlop/s     (589.1148 GFlop/s per process)    62%    1310.3 sec left
CG set 3358 / 5354    4712.9077 GFlop/s     (589.1135 GFlop/s per process)    62%    1309.6 sec left
CG set 3359 / 5354    4712.8959 GFlop/s     (589.1120 GFlop/s per process)    62%    1308.9 sec left
CG set 3360 / 5354    4712.8817 GFlop/s     (589.1102 GFlop/s per process)    62%    1308.2 sec left
CG set 3361 / 5354    4712.8711 GFlop/s     (589.1089 GFlop/s per process)    62%    1307.5 sec left
CG set 3362 / 5354    4712.8587 GFlop/s     (589.1073 GFlop/s per process)    62%    1306.9 sec left
CG set 3363 / 5354    4712.8453 GFlop/s     (589.1057 GFlop/s per process)    62%    1306.2 sec left
CG set 3364 / 5354    4712.8324 GFlop/s     (589.1041 GFlop/s per process)    62%    1305.5 sec left
CG set 3365 / 5354    4712.8188 GFlop/s     (589.1023 GFlop/s per process)    62%    1304.8 sec left
CG set 3366 / 5354    4712.8037 GFlop/s     (589.1005 GFlop/s per process)    62%    1304.1 sec left
CG set 3367 / 5354    4712.7886 GFlop/s     (589.0986 GFlop/s per process)    62%    1303.4 sec left
CG set 3368 / 5354    4712.7736 GFlop/s     (589.0967 GFlop/s per process)    62%    1302.7 sec left
CG set 3369 / 5354    4712.7574 GFlop/s     (589.0947 GFlop/s per process)    62%    1302.0 sec left
CG set 3370 / 5354    4712.7419 GFlop/s     (589.0927 GFlop/s per process)    62%    1301.3 sec left
CG set 3371 / 5354    4712.7259 GFlop/s     (589.0907 GFlop/s per process)    62%    1300.7 sec left
CG set 3372 / 5354    4712.7109 GFlop/s     (589.0889 GFlop/s per process)    62%    1300.0 sec left
CG set 3373 / 5354    4712.6960 GFlop/s     (589.0870 GFlop/s per process)    62%    1299.3 sec left
CG set 3374 / 5354    4712.6805 GFlop/s     (589.0851 GFlop/s per process)    63%    1298.6 sec left
CG set 3375 / 5354    4712.6633 GFlop/s     (589.0829 GFlop/s per process)    63%    1297.9 sec left
CG set 3376 / 5354    4712.6477 GFlop/s     (589.0810 GFlop/s per process)    63%    1297.2 sec left
CG set 3377 / 5354    4712.6297 GFlop/s     (589.0787 GFlop/s per process)    63%    1296.5 sec left
CG set 3378 / 5354    4712.6146 GFlop/s     (589.0768 GFlop/s per process)    63%    1295.8 sec left
CG set 3379 / 5354    4712.5959 GFlop/s     (589.0745 GFlop/s per process)    63%    1295.1 sec left
CG set 3380 / 5354    4712.5795 GFlop/s     (589.0724 GFlop/s per process)    63%    1294.4 sec left
CG set 3381 / 5354    4712.5609 GFlop/s     (589.0701 GFlop/s per process)    63%    1293.8 sec left
CG set 3382 / 5354    4712.5437 GFlop/s     (589.0680 GFlop/s per process)    63%    1293.1 sec left
CG set 3383 / 5354    4712.5241 GFlop/s     (589.0655 GFlop/s per process)    63%    1292.4 sec left
CG set 3384 / 5354    4712.5056 GFlop/s     (589.0632 GFlop/s per process)    63%    1291.7 sec left
CG set 3385 / 5354    4712.4870 GFlop/s     (589.0609 GFlop/s per process)    63%    1291.0 sec left
CG set 3386 / 5354    4712.4670 GFlop/s     (589.0584 GFlop/s per process)    63%    1290.3 sec left
CG set 3387 / 5354    4712.4464 GFlop/s     (589.0558 GFlop/s per process)    63%    1289.6 sec left
CG set 3388 / 5354    4712.4295 GFlop/s     (589.0537 GFlop/s per process)    63%    1288.9 sec left
CG set 3389 / 5354    4712.4119 GFlop/s     (589.0515 GFlop/s per process)    63%    1288.2 sec left
CG set 3390 / 5354    4712.3950 GFlop/s     (589.0494 GFlop/s per process)    63%    1287.5 sec left
CG set 3391 / 5354    4712.3774 GFlop/s     (589.0472 GFlop/s per process)    63%    1286.8 sec left
CG set 3392 / 5354    4712.3596 GFlop/s     (589.0450 GFlop/s per process)    63%    1286.1 sec left
CG set 3393 / 5354    4712.3437 GFlop/s     (589.0430 GFlop/s per process)    63%    1285.5 sec left
CG set 3394 / 5354    4712.3281 GFlop/s     (589.0410 GFlop/s per process)    63%    1284.8 sec left
CG set 3395 / 5354    4712.3124 GFlop/s     (589.0390 GFlop/s per process)    63%    1284.1 sec left
CG set 3396 / 5354    4712.2970 GFlop/s     (589.0371 GFlop/s per process)    63%    1283.4 sec left
CG set 3397 / 5354    4712.2828 GFlop/s     (589.0353 GFlop/s per process)    63%    1282.7 sec left
CG set 3398 / 5354    4712.2701 GFlop/s     (589.0338 GFlop/s per process)    63%    1282.0 sec left
CG set 3399 / 5354    4712.2585 GFlop/s     (589.0323 GFlop/s per process)    63%    1281.3 sec left
CG set 3400 / 5354    4712.2456 GFlop/s     (589.0307 GFlop/s per process)    63%    1280.6 sec left
CG set 3401 / 5354    4712.2313 GFlop/s     (589.0289 GFlop/s per process)    63%    1279.9 sec left
CG set 3402 / 5354    4712.2192 GFlop/s     (589.0274 GFlop/s per process)    63%    1279.3 sec left
CG set 3403 / 5354    4712.2072 GFlop/s     (589.0259 GFlop/s per process)    63%    1278.6 sec left
CG set 3404 / 5354    4712.1975 GFlop/s     (589.0247 GFlop/s per process)    63%    1277.9 sec left
CG set 3405 / 5354    4712.1847 GFlop/s     (589.0231 GFlop/s per process)    63%    1277.2 sec left
CG set 3406 / 5354    4712.1728 GFlop/s     (589.0216 GFlop/s per process)    63%    1276.5 sec left
CG set 3407 / 5354    4712.1614 GFlop/s     (589.0202 GFlop/s per process)    63%    1275.8 sec left
CG set 3408 / 5354    4712.1504 GFlop/s     (589.0188 GFlop/s per process)    63%    1275.1 sec left
CG set 3409 / 5354    4712.1398 GFlop/s     (589.0175 GFlop/s per process)    63%    1274.4 sec left
CG set 3410 / 5354    4712.1313 GFlop/s     (589.0164 GFlop/s per process)    63%    1273.8 sec left
CG set 3411 / 5354    4712.1221 GFlop/s     (589.0153 GFlop/s per process)    63%    1273.1 sec left
CG set 3412 / 5354    4712.1124 GFlop/s     (589.0140 GFlop/s per process)    63%    1272.4 sec left
CG set 3413 / 5354    4712.1045 GFlop/s     (589.0131 GFlop/s per process)    63%    1271.7 sec left
CG set 3414 / 5354    4712.0968 GFlop/s     (589.0121 GFlop/s per process)    63%    1271.0 sec left
CG set 3415 / 5354    4712.0901 GFlop/s     (589.0113 GFlop/s per process)    63%    1270.3 sec left
CG set 3416 / 5354    4712.0851 GFlop/s     (589.0106 GFlop/s per process)    63%    1269.6 sec left
CG set 3417 / 5354    4712.0777 GFlop/s     (589.0097 GFlop/s per process)    63%    1269.0 sec left
CG set 3418 / 5354    4712.0719 GFlop/s     (589.0090 GFlop/s per process)    63%    1268.3 sec left
CG set 3419 / 5354    4712.0652 GFlop/s     (589.0082 GFlop/s per process)    63%    1267.6 sec left
CG set 3420 / 5354    4712.0590 GFlop/s     (589.0074 GFlop/s per process)    63%    1266.9 sec left
CG set 3421 / 5354    4712.0519 GFlop/s     (589.0065 GFlop/s per process)    63%    1266.2 sec left
CG set 3422 / 5354    4712.0474 GFlop/s     (589.0059 GFlop/s per process)    63%    1265.5 sec left
CG set 3423 / 5354    4712.0449 GFlop/s     (589.0056 GFlop/s per process)    63%    1264.8 sec left
CG set 3424 / 5354    4712.0408 GFlop/s     (589.0051 GFlop/s per process)    63%    1264.2 sec left
CG set 3425 / 5354    4712.0362 GFlop/s     (589.0045 GFlop/s per process)    63%    1263.5 sec left
CG set 3426 / 5354    4712.0310 GFlop/s     (589.0039 GFlop/s per process)    63%    1262.8 sec left
CG set 3427 / 5354    4712.0262 GFlop/s     (589.0033 GFlop/s per process)    64%    1262.1 sec left
CG set 3428 / 5354    4712.0226 GFlop/s     (589.0028 GFlop/s per process)    64%    1261.4 sec left
CG set 3429 / 5354    4712.0179 GFlop/s     (589.0022 GFlop/s per process)    64%    1260.7 sec left
CG set 3430 / 5354    4712.0133 GFlop/s     (589.0017 GFlop/s per process)    64%    1260.1 sec left
CG set 3431 / 5354    4712.0067 GFlop/s     (589.0008 GFlop/s per process)    64%    1259.4 sec left
CG set 3432 / 5354    4712.0031 GFlop/s     (589.0004 GFlop/s per process)    64%    1258.7 sec left
CG set 3433 / 5354    4711.9994 GFlop/s     (588.9999 GFlop/s per process)    64%    1258.0 sec left
CG set 3434 / 5354    4711.9959 GFlop/s     (588.9995 GFlop/s per process)    64%    1257.3 sec left
CG set 3435 / 5354    4711.9920 GFlop/s     (588.9990 GFlop/s per process)    64%    1256.6 sec left
CG set 3436 / 5354    4711.9882 GFlop/s     (588.9985 GFlop/s per process)    64%    1255.9 sec left
CG set 3437 / 5354    4711.9837 GFlop/s     (588.9980 GFlop/s per process)    64%    1255.3 sec left
CG set 3438 / 5354    4711.9794 GFlop/s     (588.9974 GFlop/s per process)    64%    1254.6 sec left
CG set 3439 / 5354    4711.9768 GFlop/s     (588.9971 GFlop/s per process)    64%    1253.9 sec left
CG set 3440 / 5354    4711.9715 GFlop/s     (588.9964 GFlop/s per process)    64%    1253.2 sec left
CG set 3441 / 5354    4711.9678 GFlop/s     (588.9960 GFlop/s per process)    64%    1252.5 sec left
CG set 3442 / 5354    4711.9653 GFlop/s     (588.9957 GFlop/s per process)    64%    1251.8 sec left
CG set 3443 / 5354    4711.9631 GFlop/s     (588.9954 GFlop/s per process)    64%    1251.2 sec left
CG set 3444 / 5354    4711.9593 GFlop/s     (588.9949 GFlop/s per process)    64%    1250.5 sec left
CG set 3445 / 5354    4711.9551 GFlop/s     (588.9944 GFlop/s per process)    64%    1249.8 sec left
CG set 3446 / 5354    4711.9529 GFlop/s     (588.9941 GFlop/s per process)    64%    1249.1 sec left
CG set 3447 / 5354    4711.9488 GFlop/s     (588.9936 GFlop/s per process)    64%    1248.4 sec left
CG set 3448 / 5354    4711.9473 GFlop/s     (588.9934 GFlop/s per process)    64%    1247.7 sec left
CG set 3449 / 5354    4711.9447 GFlop/s     (588.9931 GFlop/s per process)    64%    1247.1 sec left
CG set 3450 / 5354    4711.9401 GFlop/s     (588.9925 GFlop/s per process)    64%    1246.4 sec left
CG set 3451 / 5354    4711.9372 GFlop/s     (588.9921 GFlop/s per process)    64%    1245.7 sec left
CG set 3452 / 5354    4711.9346 GFlop/s     (588.9918 GFlop/s per process)    64%    1245.0 sec left
CG set 3453 / 5354    4711.9323 GFlop/s     (588.9915 GFlop/s per process)    64%    1244.3 sec left
CG set 3454 / 5354    4711.9297 GFlop/s     (588.9912 GFlop/s per process)    64%    1243.6 sec left
CG set 3455 / 5354    4711.9252 GFlop/s     (588.9906 GFlop/s per process)    64%    1243.0 sec left
CG set 3456 / 5354    4711.9219 GFlop/s     (588.9902 GFlop/s per process)    64%    1242.3 sec left
CG set 3457 / 5354    4711.9173 GFlop/s     (588.9897 GFlop/s per process)    64%    1241.6 sec left
CG set 3458 / 5354    4711.9133 GFlop/s     (588.9892 GFlop/s per process)    64%    1240.9 sec left
CG set 3459 / 5354    4711.9098 GFlop/s     (588.9887 GFlop/s per process)    64%    1240.2 sec left
CG set 3460 / 5354    4711.9050 GFlop/s     (588.9881 GFlop/s per process)    64%    1239.5 sec left
CG set 3461 / 5354    4711.8995 GFlop/s     (588.9874 GFlop/s per process)    64%    1238.8 sec left
CG set 3462 / 5354    4711.8932 GFlop/s     (588.9867 GFlop/s per process)    64%    1238.2 sec left
CG set 3463 / 5354    4711.8872 GFlop/s     (588.9859 GFlop/s per process)    64%    1237.5 sec left
CG set 3464 / 5354    4711.8837 GFlop/s     (588.9855 GFlop/s per process)    64%    1236.8 sec left
CG set 3465 / 5354    4711.8768 GFlop/s     (588.9846 GFlop/s per process)    64%    1236.1 sec left
CG set 3466 / 5354    4711.8719 GFlop/s     (588.9840 GFlop/s per process)    64%    1235.4 sec left
CG set 3467 / 5354    4711.8665 GFlop/s     (588.9833 GFlop/s per process)    64%    1234.7 sec left
CG set 3468 / 5354    4711.8641 GFlop/s     (588.9830 GFlop/s per process)    64%    1234.1 sec left
CG set 3469 / 5354    4711.8578 GFlop/s     (588.9822 GFlop/s per process)    64%    1233.4 sec left
CG set 3470 / 5354    4711.8535 GFlop/s     (588.9817 GFlop/s per process)    64%    1232.7 sec left
CG set 3471 / 5354    4711.8486 GFlop/s     (588.9811 GFlop/s per process)    64%    1232.0 sec left
CG set 3472 / 5354    4711.8433 GFlop/s     (588.9804 GFlop/s per process)    64%    1231.3 sec left
CG set 3473 / 5354    4711.8371 GFlop/s     (588.9796 GFlop/s per process)    64%    1230.6 sec left
CG set 3474 / 5354    4711.8335 GFlop/s     (588.9792 GFlop/s per process)    64%    1229.9 sec left
CG set 3475 / 5354    4711.8285 GFlop/s     (588.9786 GFlop/s per process)    64%    1229.3 sec left
CG set 3476 / 5354    4711.8244 GFlop/s     (588.9781 GFlop/s per process)    64%    1228.6 sec left
CG set 3477 / 5354    4711.8191 GFlop/s     (588.9774 GFlop/s per process)    64%    1227.9 sec left
CG set 3478 / 5354    4711.8139 GFlop/s     (588.9767 GFlop/s per process)    64%    1227.2 sec left
CG set 3479 / 5354    4711.8071 GFlop/s     (588.9759 GFlop/s per process)    64%    1226.5 sec left
CG set 3480 / 5354    4711.8010 GFlop/s     (588.9751 GFlop/s per process)    64%    1225.8 sec left
CG set 3481 / 5354    4711.7945 GFlop/s     (588.9743 GFlop/s per process)    65%    1225.1 sec left
CG set 3482 / 5354    4711.7885 GFlop/s     (588.9736 GFlop/s per process)    65%    1224.5 sec left
CG set 3483 / 5354    4711.7834 GFlop/s     (588.9729 GFlop/s per process)    65%    1223.8 sec left
CG set 3484 / 5354    4711.7799 GFlop/s     (588.9725 GFlop/s per process)    65%    1223.1 sec left
CG set 3485 / 5354    4711.7716 GFlop/s     (588.9715 GFlop/s per process)    65%    1222.4 sec left
CG set 3486 / 5354    4711.7664 GFlop/s     (588.9708 GFlop/s per process)    65%    1221.7 sec left
CG set 3487 / 5354    4711.7616 GFlop/s     (588.9702 GFlop/s per process)    65%    1221.0 sec left
CG set 3488 / 5354    4711.7556 GFlop/s     (588.9695 GFlop/s per process)    65%    1220.4 sec left
CG set 3489 / 5354    4711.7512 GFlop/s     (588.9689 GFlop/s per process)    65%    1219.7 sec left
CG set 3490 / 5354    4711.7477 GFlop/s     (588.9685 GFlop/s per process)    65%    1219.0 sec left
CG set 3491 / 5354    4711.7424 GFlop/s     (588.9678 GFlop/s per process)    65%    1218.3 sec left
CG set 3492 / 5354    4711.7357 GFlop/s     (588.9670 GFlop/s per process)    65%    1217.6 sec left
CG set 3493 / 5354    4711.7297 GFlop/s     (588.9662 GFlop/s per process)    65%    1216.9 sec left
CG set 3494 / 5354    4711.7245 GFlop/s     (588.9656 GFlop/s per process)    65%    1216.2 sec left
CG set 3495 / 5354    4711.7178 GFlop/s     (588.9647 GFlop/s per process)    65%    1215.6 sec left
CG set 3496 / 5354    4711.7118 GFlop/s     (588.9640 GFlop/s per process)    65%    1214.9 sec left
CG set 3497 / 5354    4711.7064 GFlop/s     (588.9633 GFlop/s per process)    65%    1214.2 sec left
CG set 3498 / 5354    4711.7021 GFlop/s     (588.9628 GFlop/s per process)    65%    1213.5 sec left
CG set 3499 / 5354    4711.6965 GFlop/s     (588.9621 GFlop/s per process)    65%    1212.8 sec left
CG set 3500 / 5354    4711.6909 GFlop/s     (588.9614 GFlop/s per process)    65%    1212.1 sec left
CG set 3501 / 5354    4711.6842 GFlop/s     (588.9605 GFlop/s per process)    65%    1211.4 sec left
CG set 3502 / 5354    4711.6769 GFlop/s     (588.9596 GFlop/s per process)    65%    1210.8 sec left
CG set 3503 / 5354    4711.6713 GFlop/s     (588.9589 GFlop/s per process)    65%    1210.1 sec left
CG set 3504 / 5354    4711.6664 GFlop/s     (588.9583 GFlop/s per process)    65%    1209.4 sec left
CG set 3505 / 5354    4711.6623 GFlop/s     (588.9578 GFlop/s per process)    65%    1208.7 sec left
CG set 3506 / 5354    4711.6581 GFlop/s     (588.9573 GFlop/s per process)    65%    1208.0 sec left
CG set 3507 / 5354    4711.6544 GFlop/s     (588.9568 GFlop/s per process)    65%    1207.3 sec left
CG set 3508 / 5354    4711.6506 GFlop/s     (588.9563 GFlop/s per process)    65%    1206.7 sec left
CG set 3509 / 5354    4711.6447 GFlop/s     (588.9556 GFlop/s per process)    65%    1206.0 sec left
CG set 3510 / 5354    4711.6412 GFlop/s     (588.9551 GFlop/s per process)    65%    1205.3 sec left
CG set 3511 / 5354    4711.6361 GFlop/s     (588.9545 GFlop/s per process)    65%    1204.6 sec left
CG set 3512 / 5354    4711.6337 GFlop/s     (588.9542 GFlop/s per process)    65%    1203.9 sec left
CG set 3513 / 5354    4711.6304 GFlop/s     (588.9538 GFlop/s per process)    65%    1203.2 sec left
CG set 3514 / 5354    4711.6256 GFlop/s     (588.9532 GFlop/s per process)    65%    1202.5 sec left
CG set 3515 / 5354    4711.6222 GFlop/s     (588.9528 GFlop/s per process)    65%    1201.9 sec left
CG set 3516 / 5354    4711.6200 GFlop/s     (588.9525 GFlop/s per process)    65%    1201.2 sec left
CG set 3517 / 5354    4711.6167 GFlop/s     (588.9521 GFlop/s per process)    65%    1200.5 sec left
CG set 3518 / 5354    4711.6122 GFlop/s     (588.9515 GFlop/s per process)    65%    1199.8 sec left
CG set 3519 / 5354    4711.6079 GFlop/s     (588.9510 GFlop/s per process)    65%    1199.1 sec left
CG set 3520 / 5354    4711.6055 GFlop/s     (588.9507 GFlop/s per process)    65%    1198.4 sec left
CG set 3521 / 5354    4711.6047 GFlop/s     (588.9506 GFlop/s per process)    65%    1197.8 sec left
CG set 3522 / 5354    4711.6031 GFlop/s     (588.9504 GFlop/s per process)    65%    1197.1 sec left
CG set 3523 / 5354    4711.5995 GFlop/s     (588.9499 GFlop/s per process)    65%    1196.4 sec left
CG set 3524 / 5354    4711.5987 GFlop/s     (588.9498 GFlop/s per process)    65%    1195.7 sec left
CG set 3525 / 5354    4711.5945 GFlop/s     (588.9493 GFlop/s per process)    65%    1195.0 sec left
CG set 3526 / 5354    4711.5929 GFlop/s     (588.9491 GFlop/s per process)    65%    1194.3 sec left
CG set 3527 / 5354    4711.5900 GFlop/s     (588.9488 GFlop/s per process)    65%    1193.7 sec left
CG set 3528 / 5354    4711.5887 GFlop/s     (588.9486 GFlop/s per process)    65%    1193.0 sec left
CG set 3529 / 5354    4711.5870 GFlop/s     (588.9484 GFlop/s per process)    65%    1192.3 sec left
CG set 3530 / 5354    4711.5828 GFlop/s     (588.9479 GFlop/s per process)    65%    1191.6 sec left
CG set 3531 / 5354    4711.5806 GFlop/s     (588.9476 GFlop/s per process)    65%    1190.9 sec left
CG set 3532 / 5354    4711.5769 GFlop/s     (588.9471 GFlop/s per process)    65%    1190.2 sec left
CG set 3533 / 5354    4711.5759 GFlop/s     (588.9470 GFlop/s per process)    65%    1189.6 sec left
CG set 3534 / 5354    4711.5720 GFlop/s     (588.9465 GFlop/s per process)    66%    1188.9 sec left
CG set 3535 / 5354    4711.5678 GFlop/s     (588.9460 GFlop/s per process)    66%    1188.2 sec left
CG set 3536 / 5354    4711.5658 GFlop/s     (588.9457 GFlop/s per process)    66%    1187.5 sec left
CG set 3537 / 5354    4711.5626 GFlop/s     (588.9453 GFlop/s per process)    66%    1186.8 sec left
CG set 3538 / 5354    4711.5625 GFlop/s     (588.9453 GFlop/s per process)    66%    1186.1 sec left
CG set 3539 / 5354    4711.5603 GFlop/s     (588.9450 GFlop/s per process)    66%    1185.5 sec left
CG set 3540 / 5354    4711.5578 GFlop/s     (588.9447 GFlop/s per process)    66%    1184.8 sec left
CG set 3541 / 5354    4711.5545 GFlop/s     (588.9443 GFlop/s per process)    66%    1184.1 sec left
CG set 3542 / 5354    4711.5521 GFlop/s     (588.9440 GFlop/s per process)    66%    1183.4 sec left
CG set 3543 / 5354    4711.5516 GFlop/s     (588.9439 GFlop/s per process)    66%    1182.7 sec left
CG set 3544 / 5354    4711.5500 GFlop/s     (588.9437 GFlop/s per process)    66%    1182.0 sec left
CG set 3545 / 5354    4711.5500 GFlop/s     (588.9437 GFlop/s per process)    66%    1181.4 sec left
CG set 3546 / 5354    4711.5484 GFlop/s     (588.9435 GFlop/s per process)    66%    1180.7 sec left
CG set 3547 / 5354    4711.5464 GFlop/s     (588.9433 GFlop/s per process)    66%    1180.0 sec left
CG set 3548 / 5354    4711.5462 GFlop/s     (588.9433 GFlop/s per process)    66%    1179.3 sec left
CG set 3549 / 5354    4711.5437 GFlop/s     (588.9430 GFlop/s per process)    66%    1178.6 sec left
CG set 3550 / 5354    4711.5421 GFlop/s     (588.9428 GFlop/s per process)    66%    1177.9 sec left
CG set 3551 / 5354    4711.5397 GFlop/s     (588.9425 GFlop/s per process)    66%    1177.3 sec left
CG set 3552 / 5354    4711.5398 GFlop/s     (588.9425 GFlop/s per process)    66%    1176.6 sec left
CG set 3553 / 5354    4711.5400 GFlop/s     (588.9425 GFlop/s per process)    66%    1175.9 sec left
CG set 3554 / 5354    4711.5365 GFlop/s     (588.9421 GFlop/s per process)    66%    1175.2 sec left
CG set 3555 / 5354    4711.5351 GFlop/s     (588.9419 GFlop/s per process)    66%    1174.5 sec left
CG set 3556 / 5354    4711.5326 GFlop/s     (588.9416 GFlop/s per process)    66%    1173.8 sec left
CG set 3557 / 5354    4711.5328 GFlop/s     (588.9416 GFlop/s per process)    66%    1173.2 sec left
CG set 3558 / 5354    4711.5302 GFlop/s     (588.9413 GFlop/s per process)    66%    1172.5 sec left
CG set 3559 / 5354    4711.5293 GFlop/s     (588.9412 GFlop/s per process)    66%    1171.8 sec left
CG set 3560 / 5354    4711.5292 GFlop/s     (588.9411 GFlop/s per process)    66%    1171.1 sec left
CG set 3561 / 5354    4711.5265 GFlop/s     (588.9408 GFlop/s per process)    66%    1170.4 sec left
CG set 3562 / 5354    4711.5242 GFlop/s     (588.9405 GFlop/s per process)    66%    1169.7 sec left
CG set 3563 / 5354    4711.5228 GFlop/s     (588.9403 GFlop/s per process)    66%    1169.1 sec left
CG set 3564 / 5354    4711.5209 GFlop/s     (588.9401 GFlop/s per process)    66%    1168.4 sec left
CG set 3565 / 5354    4711.5199 GFlop/s     (588.9400 GFlop/s per process)    66%    1167.7 sec left
CG set 3566 / 5354    4711.5178 GFlop/s     (588.9397 GFlop/s per process)    66%    1167.0 sec left
CG set 3567 / 5354    4711.5173 GFlop/s     (588.9397 GFlop/s per process)    66%    1166.3 sec left
CG set 3568 / 5354    4711.5163 GFlop/s     (588.9395 GFlop/s per process)    66%    1165.6 sec left
CG set 3569 / 5354    4711.5149 GFlop/s     (588.9394 GFlop/s per process)    66%    1165.0 sec left
CG set 3570 / 5354    4711.5142 GFlop/s     (588.9393 GFlop/s per process)    66%    1164.3 sec left
CG set 3571 / 5354    4711.5119 GFlop/s     (588.9390 GFlop/s per process)    66%    1163.6 sec left
CG set 3572 / 5354    4711.5107 GFlop/s     (588.9388 GFlop/s per process)    66%    1162.9 sec left
CG set 3573 / 5354    4711.5099 GFlop/s     (588.9387 GFlop/s per process)    66%    1162.2 sec left
CG set 3574 / 5354    4711.5090 GFlop/s     (588.9386 GFlop/s per process)    66%    1161.5 sec left
CG set 3575 / 5354    4711.5064 GFlop/s     (588.9383 GFlop/s per process)    66%    1160.9 sec left
CG set 3576 / 5354    4711.5054 GFlop/s     (588.9382 GFlop/s per process)    66%    1160.2 sec left
CG set 3577 / 5354    4711.5039 GFlop/s     (588.9380 GFlop/s per process)    66%    1159.5 sec left
CG set 3578 / 5354    4711.5028 GFlop/s     (588.9379 GFlop/s per process)    66%    1158.8 sec left
CG set 3579 / 5354    4711.5006 GFlop/s     (588.9376 GFlop/s per process)    66%    1158.1 sec left
CG set 3580 / 5354    4711.4977 GFlop/s     (588.9372 GFlop/s per process)    66%    1157.4 sec left
CG set 3581 / 5354    4711.4974 GFlop/s     (588.9372 GFlop/s per process)    66%    1156.8 sec left
CG set 3582 / 5354    4711.4960 GFlop/s     (588.9370 GFlop/s per process)    66%    1156.1 sec left
CG set 3583 / 5354    4711.4944 GFlop/s     (588.9368 GFlop/s per process)    66%    1155.4 sec left
CG set 3584 / 5354    4711.4922 GFlop/s     (588.9365 GFlop/s per process)    66%    1154.7 sec left
CG set 3585 / 5354    4711.4897 GFlop/s     (588.9362 GFlop/s per process)    66%    1154.0 sec left
CG set 3586 / 5354    4711.4892 GFlop/s     (588.9361 GFlop/s per process)    66%    1153.3 sec left
CG set 3587 / 5354    4711.4853 GFlop/s     (588.9357 GFlop/s per process)    66%    1152.7 sec left
CG set 3588 / 5354    4711.4835 GFlop/s     (588.9354 GFlop/s per process)    67%    1152.0 sec left
CG set 3589 / 5354    4711.4819 GFlop/s     (588.9352 GFlop/s per process)    67%    1151.3 sec left
CG set 3590 / 5354    4711.4802 GFlop/s     (588.9350 GFlop/s per process)    67%    1150.6 sec left
CG set 3591 / 5354    4711.4805 GFlop/s     (588.9351 GFlop/s per process)    67%    1149.9 sec left
CG set 3592 / 5354    4711.4802 GFlop/s     (588.9350 GFlop/s per process)    67%    1149.3 sec left
CG set 3593 / 5354    4711.4802 GFlop/s     (588.9350 GFlop/s per process)    67%    1148.6 sec left
CG set 3594 / 5354    4711.4782 GFlop/s     (588.9348 GFlop/s per process)    67%    1147.9 sec left
CG set 3595 / 5354    4711.4781 GFlop/s     (588.9348 GFlop/s per process)    67%    1147.2 sec left
CG set 3596 / 5354    4711.4766 GFlop/s     (588.9346 GFlop/s per process)    67%    1146.5 sec left
CG set 3597 / 5354    4711.4762 GFlop/s     (588.9345 GFlop/s per process)    67%    1145.8 sec left
CG set 3598 / 5354    4711.4758 GFlop/s     (588.9345 GFlop/s per process)    67%    1145.2 sec left
CG set 3599 / 5354    4711.4753 GFlop/s     (588.9344 GFlop/s per process)    67%    1144.5 sec left
CG set 3600 / 5354    4711.4754 GFlop/s     (588.9344 GFlop/s per process)    67%    1143.8 sec left
CG set 3601 / 5354    4711.4759 GFlop/s     (588.9345 GFlop/s per process)    67%    1143.1 sec left
CG set 3602 / 5354    4711.4718 GFlop/s     (588.9340 GFlop/s per process)    67%    1142.4 sec left
CG set 3603 / 5354    4711.4708 GFlop/s     (588.9338 GFlop/s per process)    67%    1141.7 sec left
CG set 3604 / 5354    4711.4698 GFlop/s     (588.9337 GFlop/s per process)    67%    1141.1 sec left
CG set 3605 / 5354    4711.4666 GFlop/s     (588.9333 GFlop/s per process)    67%    1140.4 sec left
CG set 3606 / 5354    4711.4668 GFlop/s     (588.9333 GFlop/s per process)    67%    1139.7 sec left
CG set 3607 / 5354    4711.4644 GFlop/s     (588.9331 GFlop/s per process)    67%    1139.0 sec left
CG set 3608 / 5354    4711.4626 GFlop/s     (588.9328 GFlop/s per process)    67%    1138.3 sec left
CG set 3609 / 5354    4711.4597 GFlop/s     (588.9325 GFlop/s per process)    67%    1137.6 sec left
CG set 3610 / 5354    4711.4560 GFlop/s     (588.9320 GFlop/s per process)    67%    1137.0 sec left
CG set 3611 / 5354    4711.4555 GFlop/s     (588.9319 GFlop/s per process)    67%    1136.3 sec left
CG set 3612 / 5354    4711.4524 GFlop/s     (588.9316 GFlop/s per process)    67%    1135.6 sec left
CG set 3613 / 5354    4711.4517 GFlop/s     (588.9315 GFlop/s per process)    67%    1134.9 sec left
CG set 3614 / 5354    4711.4513 GFlop/s     (588.9314 GFlop/s per process)    67%    1134.2 sec left
CG set 3615 / 5354    4711.4508 GFlop/s     (588.9313 GFlop/s per process)    67%    1133.5 sec left
CG set 3616 / 5354    4711.4501 GFlop/s     (588.9313 GFlop/s per process)    67%    1132.9 sec left
CG set 3617 / 5354    4711.4473 GFlop/s     (588.9309 GFlop/s per process)    67%    1132.2 sec left
CG set 3618 / 5354    4711.4455 GFlop/s     (588.9307 GFlop/s per process)    67%    1131.5 sec left
CG set 3619 / 5354    4711.4451 GFlop/s     (588.9306 GFlop/s per process)    67%    1130.8 sec left
CG set 3620 / 5354    4711.4431 GFlop/s     (588.9304 GFlop/s per process)    67%    1130.1 sec left
CG set 3621 / 5354    4711.4406 GFlop/s     (588.9301 GFlop/s per process)    67%    1129.4 sec left
CG set 3622 / 5354    4711.4399 GFlop/s     (588.9300 GFlop/s per process)    67%    1128.8 sec left
CG set 3623 / 5354    4711.4409 GFlop/s     (588.9301 GFlop/s per process)    67%    1128.1 sec left
CG set 3624 / 5354    4711.4404 GFlop/s     (588.9300 GFlop/s per process)    67%    1127.4 sec left
CG set 3625 / 5354    4711.4397 GFlop/s     (588.9300 GFlop/s per process)    67%    1126.7 sec left
CG set 3626 / 5354    4711.4390 GFlop/s     (588.9299 GFlop/s per process)    67%    1126.0 sec left
CG set 3627 / 5354    4711.4393 GFlop/s     (588.9299 GFlop/s per process)    67%    1125.3 sec left
CG set 3628 / 5354    4711.4411 GFlop/s     (588.9301 GFlop/s per process)    67%    1124.7 sec left
CG set 3629 / 5354    4711.4406 GFlop/s     (588.9301 GFlop/s per process)    67%    1124.0 sec left
CG set 3630 / 5354    4711.4424 GFlop/s     (588.9303 GFlop/s per process)    67%    1123.3 sec left
CG set 3631 / 5354    4711.4407 GFlop/s     (588.9301 GFlop/s per process)    67%    1122.6 sec left
CG set 3632 / 5354    4711.4389 GFlop/s     (588.9299 GFlop/s per process)    67%    1121.9 sec left
CG set 3633 / 5354    4711.4389 GFlop/s     (588.9299 GFlop/s per process)    67%    1121.3 sec left
CG set 3634 / 5354    4711.4382 GFlop/s     (588.9298 GFlop/s per process)    67%    1120.6 sec left
CG set 3635 / 5354    4711.4383 GFlop/s     (588.9298 GFlop/s per process)    67%    1119.9 sec left
CG set 3636 / 5354    4711.4372 GFlop/s     (588.9297 GFlop/s per process)    67%    1119.2 sec left
CG set 3637 / 5354    4711.4374 GFlop/s     (588.9297 GFlop/s per process)    67%    1118.5 sec left
CG set 3638 / 5354    4711.4367 GFlop/s     (588.9296 GFlop/s per process)    67%    1117.8 sec left
CG set 3639 / 5354    4711.4358 GFlop/s     (588.9295 GFlop/s per process)    67%    1117.2 sec left
CG set 3640 / 5354    4711.4361 GFlop/s     (588.9295 GFlop/s per process)    67%    1116.5 sec left
CG set 3641 / 5354    4711.4343 GFlop/s     (588.9293 GFlop/s per process)    68%    1115.8 sec left
CG set 3642 / 5354    4711.4339 GFlop/s     (588.9292 GFlop/s per process)    68%    1115.1 sec left
CG set 3643 / 5354    4711.4345 GFlop/s     (588.9293 GFlop/s per process)    68%    1114.4 sec left
CG set 3644 / 5354    4711.4344 GFlop/s     (588.9293 GFlop/s per process)    68%    1113.7 sec left
CG set 3645 / 5354    4711.4343 GFlop/s     (588.9293 GFlop/s per process)    68%    1113.1 sec left
CG set 3646 / 5354    4711.4321 GFlop/s     (588.9290 GFlop/s per process)    68%    1112.4 sec left
CG set 3647 / 5354    4711.4295 GFlop/s     (588.9287 GFlop/s per process)    68%    1111.7 sec left
CG set 3648 / 5354    4711.4284 GFlop/s     (588.9286 GFlop/s per process)    68%    1111.0 sec left
CG set 3649 / 5354    4711.4287 GFlop/s     (588.9286 GFlop/s per process)    68%    1110.3 sec left
CG set 3650 / 5354    4711.4298 GFlop/s     (588.9287 GFlop/s per process)    68%    1109.7 sec left
CG set 3651 / 5354    4711.4286 GFlop/s     (588.9286 GFlop/s per process)    68%    1109.0 sec left
CG set 3652 / 5354    4711.4273 GFlop/s     (588.9284 GFlop/s per process)    68%    1108.3 sec left
CG set 3653 / 5354    4711.4259 GFlop/s     (588.9282 GFlop/s per process)    68%    1107.6 sec left
CG set 3654 / 5354    4711.4251 GFlop/s     (588.9281 GFlop/s per process)    68%    1106.9 sec left
CG set 3655 / 5354    4711.4238 GFlop/s     (588.9280 GFlop/s per process)    68%    1106.2 sec left
CG set 3656 / 5354    4711.4244 GFlop/s     (588.9281 GFlop/s per process)    68%    1105.6 sec left
CG set 3657 / 5354    4711.4228 GFlop/s     (588.9278 GFlop/s per process)    68%    1104.9 sec left
CG set 3658 / 5354    4711.4219 GFlop/s     (588.9277 GFlop/s per process)    68%    1104.2 sec left
CG set 3659 / 5354    4711.4220 GFlop/s     (588.9277 GFlop/s per process)    68%    1103.5 sec left
CG set 3660 / 5354    4711.4203 GFlop/s     (588.9275 GFlop/s per process)    68%    1102.8 sec left
CG set 3661 / 5354    4711.4203 GFlop/s     (588.9275 GFlop/s per process)    68%    1102.1 sec left
CG set 3662 / 5354    4711.4182 GFlop/s     (588.9273 GFlop/s per process)    68%    1101.5 sec left
CG set 3663 / 5354    4711.4168 GFlop/s     (588.9271 GFlop/s per process)    68%    1100.8 sec left
CG set 3664 / 5354    4711.4144 GFlop/s     (588.9268 GFlop/s per process)    68%    1100.1 sec left
CG set 3665 / 5354    4711.4151 GFlop/s     (588.9269 GFlop/s per process)    68%    1099.4 sec left
CG set 3666 / 5354    4711.4145 GFlop/s     (588.9268 GFlop/s per process)    68%    1098.7 sec left
CG set 3667 / 5354    4711.4148 GFlop/s     (588.9269 GFlop/s per process)    68%    1098.0 sec left
CG set 3668 / 5354    4711.4156 GFlop/s     (588.9270 GFlop/s per process)    68%    1097.4 sec left
CG set 3669 / 5354    4711.4158 GFlop/s     (588.9270 GFlop/s per process)    68%    1096.7 sec left
CG set 3670 / 5354    4711.4128 GFlop/s     (588.9266 GFlop/s per process)    68%    1096.0 sec left
CG set 3671 / 5354    4711.4123 GFlop/s     (588.9265 GFlop/s per process)    68%    1095.3 sec left
CG set 3672 / 5354    4711.4111 GFlop/s     (588.9264 GFlop/s per process)    68%    1094.6 sec left
CG set 3673 / 5354    4711.4105 GFlop/s     (588.9263 GFlop/s per process)    68%    1093.9 sec left
CG set 3674 / 5354    4711.4107 GFlop/s     (588.9263 GFlop/s per process)    68%    1093.3 sec left
CG set 3675 / 5354    4711.4109 GFlop/s     (588.9264 GFlop/s per process)    68%    1092.6 sec left
CG set 3676 / 5354    4711.4091 GFlop/s     (588.9261 GFlop/s per process)    68%    1091.9 sec left
CG set 3677 / 5354    4711.4064 GFlop/s     (588.9258 GFlop/s per process)    68%    1091.2 sec left
CG set 3678 / 5354    4711.4052 GFlop/s     (588.9257 GFlop/s per process)    68%    1090.5 sec left
CG set 3679 / 5354    4711.4041 GFlop/s     (588.9255 GFlop/s per process)    68%    1089.9 sec left
CG set 3680 / 5354    4711.4049 GFlop/s     (588.9256 GFlop/s per process)    68%    1089.2 sec left
CG set 3681 / 5354    4711.4041 GFlop/s     (588.9255 GFlop/s per process)    68%    1088.5 sec left
CG set 3682 / 5354    4711.4049 GFlop/s     (588.9256 GFlop/s per process)    68%    1087.8 sec left
CG set 3683 / 5354    4711.4046 GFlop/s     (588.9256 GFlop/s per process)    68%    1087.1 sec left
CG set 3684 / 5354    4711.4023 GFlop/s     (588.9253 GFlop/s per process)    68%    1086.4 sec left
CG set 3685 / 5354    4711.4005 GFlop/s     (588.9251 GFlop/s per process)    68%    1085.8 sec left
CG set 3686 / 5354    4711.4005 GFlop/s     (588.9251 GFlop/s per process)    68%    1085.1 sec left
CG set 3687 / 5354    4711.4014 GFlop/s     (588.9252 GFlop/s per process)    68%    1084.4 sec left
CG set 3688 / 5354    4711.4008 GFlop/s     (588.9251 GFlop/s per process)    68%    1083.7 sec left
CG set 3689 / 5354    4711.4014 GFlop/s     (588.9252 GFlop/s per process)    68%    1083.0 sec left
CG set 3690 / 5354    4711.4006 GFlop/s     (588.9251 GFlop/s per process)    68%    1082.3 sec left
CG set 3691 / 5354    4711.4002 GFlop/s     (588.9250 GFlop/s per process)    68%    1081.7 sec left
CG set 3692 / 5354    4711.3997 GFlop/s     (588.9250 GFlop/s per process)    68%    1081.0 sec left
CG set 3693 / 5354    4711.3996 GFlop/s     (588.9249 GFlop/s per process)    68%    1080.3 sec left
CG set 3694 / 5354    4711.4017 GFlop/s     (588.9252 GFlop/s per process)    68%    1079.6 sec left
CG set 3695 / 5354    4711.4032 GFlop/s     (588.9254 GFlop/s per process)    69%    1078.9 sec left
CG set 3696 / 5354    4711.4013 GFlop/s     (588.9252 GFlop/s per process)    69%    1078.3 sec left
CG set 3697 / 5354    4711.4020 GFlop/s     (588.9252 GFlop/s per process)    69%    1077.6 sec left
CG set 3698 / 5354    4711.4013 GFlop/s     (588.9252 GFlop/s per process)    69%    1076.9 sec left
CG set 3699 / 5354    4711.4000 GFlop/s     (588.9250 GFlop/s per process)    69%    1076.2 sec left
CG set 3700 / 5354    4711.4006 GFlop/s     (588.9251 GFlop/s per process)    69%    1075.5 sec left
CG set 3701 / 5354    4711.4013 GFlop/s     (588.9252 GFlop/s per process)    69%    1074.8 sec left
CG set 3702 / 5354    4711.4015 GFlop/s     (588.9252 GFlop/s per process)    69%    1074.2 sec left
CG set 3703 / 5354    4711.4022 GFlop/s     (588.9253 GFlop/s per process)    69%    1073.5 sec left
CG set 3704 / 5354    4711.4020 GFlop/s     (588.9252 GFlop/s per process)    69%    1072.8 sec left
CG set 3705 / 5354    4711.4017 GFlop/s     (588.9252 GFlop/s per process)    69%    1072.1 sec left
CG set 3706 / 5354    4711.4009 GFlop/s     (588.9251 GFlop/s per process)    69%    1071.4 sec left
CG set 3707 / 5354    4711.4007 GFlop/s     (588.9251 GFlop/s per process)    69%    1070.7 sec left
CG set 3708 / 5354    4711.3987 GFlop/s     (588.9248 GFlop/s per process)    69%    1070.1 sec left
CG set 3709 / 5354    4711.3981 GFlop/s     (588.9248 GFlop/s per process)    69%    1069.4 sec left
CG set 3710 / 5354    4711.3978 GFlop/s     (588.9247 GFlop/s per process)    69%    1068.7 sec left
CG set 3711 / 5354    4711.3961 GFlop/s     (588.9245 GFlop/s per process)    69%    1068.0 sec left
CG set 3712 / 5354    4711.3967 GFlop/s     (588.9246 GFlop/s per process)    69%    1067.3 sec left
CG set 3713 / 5354    4711.3971 GFlop/s     (588.9246 GFlop/s per process)    69%    1066.6 sec left
CG set 3714 / 5354    4711.3975 GFlop/s     (588.9247 GFlop/s per process)    69%    1066.0 sec left
CG set 3715 / 5354    4711.3969 GFlop/s     (588.9246 GFlop/s per process)    69%    1065.3 sec left
CG set 3716 / 5354    4711.3967 GFlop/s     (588.9246 GFlop/s per process)    69%    1064.6 sec left
CG set 3717 / 5354    4711.3970 GFlop/s     (588.9246 GFlop/s per process)    69%    1063.9 sec left
CG set 3718 / 5354    4711.3969 GFlop/s     (588.9246 GFlop/s per process)    69%    1063.2 sec left
CG set 3719 / 5354    4711.3963 GFlop/s     (588.9245 GFlop/s per process)    69%    1062.6 sec left
CG set 3720 / 5354    4711.3964 GFlop/s     (588.9246 GFlop/s per process)    69%    1061.9 sec left
CG set 3721 / 5354    4711.3971 GFlop/s     (588.9246 GFlop/s per process)    69%    1061.2 sec left
CG set 3722 / 5354    4711.3974 GFlop/s     (588.9247 GFlop/s per process)    69%    1060.5 sec left
CG set 3723 / 5354    4711.3974 GFlop/s     (588.9247 GFlop/s per process)    69%    1059.8 sec left
CG set 3724 / 5354    4711.3955 GFlop/s     (588.9244 GFlop/s per process)    69%    1059.1 sec left
CG set 3725 / 5354    4711.3951 GFlop/s     (588.9244 GFlop/s per process)    69%    1058.5 sec left
CG set 3726 / 5354    4711.3951 GFlop/s     (588.9244 GFlop/s per process)    69%    1057.8 sec left
CG set 3727 / 5354    4711.3950 GFlop/s     (588.9244 GFlop/s per process)    69%    1057.1 sec left
CG set 3728 / 5354    4711.3960 GFlop/s     (588.9245 GFlop/s per process)    69%    1056.4 sec left
CG set 3729 / 5354    4711.3968 GFlop/s     (588.9246 GFlop/s per process)    69%    1055.7 sec left
CG set 3730 / 5354    4711.3975 GFlop/s     (588.9247 GFlop/s per process)    69%    1055.1 sec left
CG set 3731 / 5354    4711.3984 GFlop/s     (588.9248 GFlop/s per process)    69%    1054.4 sec left
CG set 3732 / 5354    4711.4000 GFlop/s     (588.9250 GFlop/s per process)    69%    1053.7 sec left
CG set 3733 / 5354    4711.4011 GFlop/s     (588.9251 GFlop/s per process)    69%    1053.0 sec left
CG set 3734 / 5354    4711.4027 GFlop/s     (588.9253 GFlop/s per process)    69%    1052.3 sec left
CG set 3735 / 5354    4711.4039 GFlop/s     (588.9255 GFlop/s per process)    69%    1051.6 sec left
CG set 3736 / 5354    4711.4058 GFlop/s     (588.9257 GFlop/s per process)    69%    1051.0 sec left
CG set 3737 / 5354    4711.4049 GFlop/s     (588.9256 GFlop/s per process)    69%    1050.3 sec left
CG set 3738 / 5354    4711.4042 GFlop/s     (588.9255 GFlop/s per process)    69%    1049.6 sec left
CG set 3739 / 5354    4711.4024 GFlop/s     (588.9253 GFlop/s per process)    69%    1048.9 sec left
CG set 3740 / 5354    4711.4042 GFlop/s     (588.9255 GFlop/s per process)    69%    1048.2 sec left
CG set 3741 / 5354    4711.4046 GFlop/s     (588.9256 GFlop/s per process)    69%    1047.5 sec left
CG set 3742 / 5354    4711.4039 GFlop/s     (588.9255 GFlop/s per process)    69%    1046.9 sec left
CG set 3743 / 5354    4711.4048 GFlop/s     (588.9256 GFlop/s per process)    69%    1046.2 sec left
CG set 3744 / 5354    4711.4051 GFlop/s     (588.9256 GFlop/s per process)    69%    1045.5 sec left
CG set 3745 / 5354    4711.4065 GFlop/s     (588.9258 GFlop/s per process)    69%    1044.8 sec left
CG set 3746 / 5354    4711.4050 GFlop/s     (588.9256 GFlop/s per process)    69%    1044.1 sec left
CG set 3747 / 5354    4711.4043 GFlop/s     (588.9255 GFlop/s per process)    69%    1043.5 sec left
CG set 3748 / 5354    4711.4062 GFlop/s     (588.9258 GFlop/s per process)    70%    1042.8 sec left
CG set 3749 / 5354    4711.4071 GFlop/s     (588.9259 GFlop/s per process)    70%    1042.1 sec left
CG set 3750 / 5354    4711.4093 GFlop/s     (588.9262 GFlop/s per process)    70%    1041.4 sec left
CG set 3751 / 5354    4711.4109 GFlop/s     (588.9264 GFlop/s per process)    70%    1040.7 sec left
CG set 3752 / 5354    4711.4130 GFlop/s     (588.9266 GFlop/s per process)    70%    1040.0 sec left
CG set 3753 / 5354    4711.4127 GFlop/s     (588.9266 GFlop/s per process)    70%    1039.4 sec left
CG set 3754 / 5354    4711.4133 GFlop/s     (588.9267 GFlop/s per process)    70%    1038.7 sec left
CG set 3755 / 5354    4711.4139 GFlop/s     (588.9267 GFlop/s per process)    70%    1038.0 sec left
CG set 3756 / 5354    4711.4142 GFlop/s     (588.9268 GFlop/s per process)    70%    1037.3 sec left
CG set 3757 / 5354    4711.4141 GFlop/s     (588.9268 GFlop/s per process)    70%    1036.6 sec left
CG set 3758 / 5354    4711.4164 GFlop/s     (588.9270 GFlop/s per process)    70%    1036.0 sec left
CG set 3759 / 5354    4711.4178 GFlop/s     (588.9272 GFlop/s per process)    70%    1035.3 sec left
CG set 3760 / 5354    4711.4189 GFlop/s     (588.9274 GFlop/s per process)    70%    1034.6 sec left
CG set 3761 / 5354    4711.4192 GFlop/s     (588.9274 GFlop/s per process)    70%    1033.9 sec left
CG set 3762 / 5354    4711.4203 GFlop/s     (588.9275 GFlop/s per process)    70%    1033.2 sec left
CG set 3763 / 5354    4711.4229 GFlop/s     (588.9279 GFlop/s per process)    70%    1032.5 sec left
CG set 3764 / 5354    4711.4239 GFlop/s     (588.9280 GFlop/s per process)    70%    1031.9 sec left
CG set 3765 / 5354    4711.4250 GFlop/s     (588.9281 GFlop/s per process)    70%    1031.2 sec left
CG set 3766 / 5354    4711.4262 GFlop/s     (588.9283 GFlop/s per process)    70%    1030.5 sec left
CG set 3767 / 5354    4711.4262 GFlop/s     (588.9283 GFlop/s per process)    70%    1029.8 sec left
CG set 3768 / 5354    4711.4281 GFlop/s     (588.9285 GFlop/s per process)    70%    1029.1 sec left
CG set 3769 / 5354    4711.4295 GFlop/s     (588.9287 GFlop/s per process)    70%    1028.5 sec left
CG set 3770 / 5354    4711.4281 GFlop/s     (588.9285 GFlop/s per process)    70%    1027.8 sec left
CG set 3771 / 5354    4711.4283 GFlop/s     (588.9285 GFlop/s per process)    70%    1027.1 sec left
CG set 3772 / 5354    4711.4305 GFlop/s     (588.9288 GFlop/s per process)    70%    1026.4 sec left
CG set 3773 / 5354    4711.4303 GFlop/s     (588.9288 GFlop/s per process)    70%    1025.7 sec left
CG set 3774 / 5354    4711.4317 GFlop/s     (588.9290 GFlop/s per process)    70%    1025.0 sec left
CG set 3775 / 5354    4711.4350 GFlop/s     (588.9294 GFlop/s per process)    70%    1024.4 sec left
CG set 3776 / 5354    4711.4350 GFlop/s     (588.9294 GFlop/s per process)    70%    1023.7 sec left
CG set 3777 / 5354    4711.4347 GFlop/s     (588.9293 GFlop/s per process)    70%    1023.0 sec left
CG set 3778 / 5354    4711.4351 GFlop/s     (588.9294 GFlop/s per process)    70%    1022.3 sec left
CG set 3779 / 5354    4711.4362 GFlop/s     (588.9295 GFlop/s per process)    70%    1021.6 sec left
CG set 3780 / 5354    4711.4383 GFlop/s     (588.9298 GFlop/s per process)    70%    1021.0 sec left
CG set 3781 / 5354    4711.4382 GFlop/s     (588.9298 GFlop/s per process)    70%    1020.3 sec left
CG set 3782 / 5354    4711.4393 GFlop/s     (588.9299 GFlop/s per process)    70%    1019.6 sec left
CG set 3783 / 5354    4711.4407 GFlop/s     (588.9301 GFlop/s per process)    70%    1018.9 sec left
CG set 3784 / 5354    4711.4402 GFlop/s     (588.9300 GFlop/s per process)    70%    1018.2 sec left
CG set 3785 / 5354    4711.4412 GFlop/s     (588.9302 GFlop/s per process)    70%    1017.5 sec left
CG set 3786 / 5354    4711.4420 GFlop/s     (588.9302 GFlop/s per process)    70%    1016.9 sec left
CG set 3787 / 5354    4711.4436 GFlop/s     (588.9305 GFlop/s per process)    70%    1016.2 sec left
CG set 3788 / 5354    4711.4452 GFlop/s     (588.9307 GFlop/s per process)    70%    1015.5 sec left
CG set 3789 / 5354    4711.4462 GFlop/s     (588.9308 GFlop/s per process)    70%    1014.8 sec left
CG set 3790 / 5354    4711.4487 GFlop/s     (588.9311 GFlop/s per process)    70%    1014.1 sec left
CG set 3791 / 5354    4711.4485 GFlop/s     (588.9311 GFlop/s per process)    70%    1013.5 sec left
CG set 3792 / 5354    4711.4500 GFlop/s     (588.9313 GFlop/s per process)    70%    1012.8 sec left
CG set 3793 / 5354    4711.4529 GFlop/s     (588.9316 GFlop/s per process)    70%    1012.1 sec left
CG set 3794 / 5354    4711.4527 GFlop/s     (588.9316 GFlop/s per process)    70%    1011.4 sec left
CG set 3795 / 5354    4711.4530 GFlop/s     (588.9316 GFlop/s per process)    70%    1010.7 sec left
CG set 3796 / 5354    4711.4521 GFlop/s     (588.9315 GFlop/s per process)    70%    1010.1 sec left
CG set 3797 / 5354    4711.4535 GFlop/s     (588.9317 GFlop/s per process)    70%    1009.4 sec left
CG set 3798 / 5354    4711.4556 GFlop/s     (588.9320 GFlop/s per process)    70%    1008.7 sec left
CG set 3799 / 5354    4711.4560 GFlop/s     (588.9320 GFlop/s per process)    70%    1008.0 sec left
CG set 3800 / 5354    4711.4589 GFlop/s     (588.9324 GFlop/s per process)    70%    1007.3 sec left
CG set 3801 / 5354    4711.4598 GFlop/s     (588.9325 GFlop/s per process)    70%    1006.6 sec left
CG set 3802 / 5354    4711.4602 GFlop/s     (588.9325 GFlop/s per process)    71%    1006.0 sec left
CG set 3803 / 5354    4711.4610 GFlop/s     (588.9326 GFlop/s per process)    71%    1005.3 sec left
CG set 3804 / 5354    4711.4613 GFlop/s     (588.9327 GFlop/s per process)    71%    1004.6 sec left
CG set 3805 / 5354    4711.4640 GFlop/s     (588.9330 GFlop/s per process)    71%    1003.9 sec left
CG set 3806 / 5354    4711.4662 GFlop/s     (588.9333 GFlop/s per process)    71%    1003.2 sec left
CG set 3807 / 5354    4711.4690 GFlop/s     (588.9336 GFlop/s per process)    71%    1002.6 sec left
CG set 3808 / 5354    4711.4694 GFlop/s     (588.9337 GFlop/s per process)    71%    1001.9 sec left
CG set 3809 / 5354    4711.4685 GFlop/s     (588.9336 GFlop/s per process)    71%    1001.2 sec left
CG set 3810 / 5354    4711.4698 GFlop/s     (588.9337 GFlop/s per process)    71%    1000.5 sec left
CG set 3811 / 5354    4711.4732 GFlop/s     (588.9342 GFlop/s per process)    71%    999.8 sec left
CG set 3812 / 5354    4711.4741 GFlop/s     (588.9343 GFlop/s per process)    71%    999.1 sec left
CG set 3813 / 5354    4711.4749 GFlop/s     (588.9344 GFlop/s per process)    71%    998.5 sec left
CG set 3814 / 5354    4711.4771 GFlop/s     (588.9346 GFlop/s per process)    71%    997.8 sec left
CG set 3815 / 5354    4711.4779 GFlop/s     (588.9347 GFlop/s per process)    71%    997.1 sec left
CG set 3816 / 5354    4711.4778 GFlop/s     (588.9347 GFlop/s per process)    71%    996.4 sec left
CG set 3817 / 5354    4711.4788 GFlop/s     (588.9348 GFlop/s per process)    71%    995.7 sec left
CG set 3818 / 5354    4711.4792 GFlop/s     (588.9349 GFlop/s per process)    71%    995.1 sec left
CG set 3819 / 5354    4711.4806 GFlop/s     (588.9351 GFlop/s per process)    71%    994.4 sec left
CG set 3820 / 5354    4711.4821 GFlop/s     (588.9353 GFlop/s per process)    71%    993.7 sec left
CG set 3821 / 5354    4711.4842 GFlop/s     (588.9355 GFlop/s per process)    71%    993.0 sec left
CG set 3822 / 5354    4711.4839 GFlop/s     (588.9355 GFlop/s per process)    71%    992.3 sec left
CG set 3823 / 5354    4711.4847 GFlop/s     (588.9356 GFlop/s per process)    71%    991.6 sec left
CG set 3824 / 5354    4711.4849 GFlop/s     (588.9356 GFlop/s per process)    71%    991.0 sec left
CG set 3825 / 5354    4711.4870 GFlop/s     (588.9359 GFlop/s per process)    71%    990.3 sec left
CG set 3826 / 5354    4711.4894 GFlop/s     (588.9362 GFlop/s per process)    71%    989.6 sec left
CG set 3827 / 5354    4711.4901 GFlop/s     (588.9363 GFlop/s per process)    71%    988.9 sec left
CG set 3828 / 5354    4711.4925 GFlop/s     (588.9366 GFlop/s per process)    71%    988.2 sec left
CG set 3829 / 5354    4711.4915 GFlop/s     (588.9364 GFlop/s per process)    71%    987.6 sec left
CG set 3830 / 5354    4711.4909 GFlop/s     (588.9364 GFlop/s per process)    71%    986.9 sec left
CG set 3831 / 5354    4711.4932 GFlop/s     (588.9366 GFlop/s per process)    71%    986.2 sec left
CG set 3832 / 5354    4711.4934 GFlop/s     (588.9367 GFlop/s per process)    71%    985.5 sec left
CG set 3833 / 5354    4711.4953 GFlop/s     (588.9369 GFlop/s per process)    71%    984.8 sec left
CG set 3834 / 5354    4711.4958 GFlop/s     (588.9370 GFlop/s per process)    71%    984.1 sec left
CG set 3835 / 5354    4711.4983 GFlop/s     (588.9373 GFlop/s per process)    71%    983.5 sec left
CG set 3836 / 5354    4711.4985 GFlop/s     (588.9373 GFlop/s per process)    71%    982.8 sec left
CG set 3837 / 5354    4711.4984 GFlop/s     (588.9373 GFlop/s per process)    71%    982.1 sec left
CG set 3838 / 5354    4711.4996 GFlop/s     (588.9375 GFlop/s per process)    71%    981.4 sec left
CG set 3839 / 5354    4711.4999 GFlop/s     (588.9375 GFlop/s per process)    71%    980.7 sec left
CG set 3840 / 5354    4711.4986 GFlop/s     (588.9373 GFlop/s per process)    71%    980.1 sec left
CG set 3841 / 5354    4711.5007 GFlop/s     (588.9376 GFlop/s per process)    71%    979.4 sec left
CG set 3842 / 5354    4711.5026 GFlop/s     (588.9378 GFlop/s per process)    71%    978.7 sec left
CG set 3843 / 5354    4711.5019 GFlop/s     (588.9377 GFlop/s per process)    71%    978.0 sec left
CG set 3844 / 5354    4711.5029 GFlop/s     (588.9379 GFlop/s per process)    71%    977.3 sec left
CG set 3845 / 5354    4711.5016 GFlop/s     (588.9377 GFlop/s per process)    71%    976.6 sec left
CG set 3846 / 5354    4711.5029 GFlop/s     (588.9379 GFlop/s per process)    71%    976.0 sec left
CG set 3847 / 5354    4711.5029 GFlop/s     (588.9379 GFlop/s per process)    71%    975.3 sec left
CG set 3848 / 5354    4711.5034 GFlop/s     (588.9379 GFlop/s per process)    71%    974.6 sec left
CG set 3849 / 5354    4711.5068 GFlop/s     (588.9383 GFlop/s per process)    71%    973.9 sec left
CG set 3850 / 5354    4711.5077 GFlop/s     (588.9385 GFlop/s per process)    71%    973.2 sec left
CG set 3851 / 5354    4711.5101 GFlop/s     (588.9388 GFlop/s per process)    71%    972.6 sec left
CG set 3852 / 5354    4711.5095 GFlop/s     (588.9387 GFlop/s per process)    71%    971.9 sec left
CG set 3853 / 5354    4711.5117 GFlop/s     (588.9390 GFlop/s per process)    71%    971.2 sec left
CG set 3854 / 5354    4711.5114 GFlop/s     (588.9389 GFlop/s per process)    71%    970.5 sec left
CG set 3855 / 5354    4711.5113 GFlop/s     (588.9389 GFlop/s per process)    72%    969.8 sec left
CG set 3856 / 5354    4711.5104 GFlop/s     (588.9388 GFlop/s per process)    72%    969.1 sec left
CG set 3857 / 5354    4711.5122 GFlop/s     (588.9390 GFlop/s per process)    72%    968.5 sec left
CG set 3858 / 5354    4711.5138 GFlop/s     (588.9392 GFlop/s per process)    72%    967.8 sec left
CG set 3859 / 5354    4711.5141 GFlop/s     (588.9393 GFlop/s per process)    72%    967.1 sec left
CG set 3860 / 5354    4711.5137 GFlop/s     (588.9392 GFlop/s per process)    72%    966.4 sec left
CG set 3861 / 5354    4711.5143 GFlop/s     (588.9393 GFlop/s per process)    72%    965.7 sec left
CG set 3862 / 5354    4711.5156 GFlop/s     (588.9394 GFlop/s per process)    72%    965.1 sec left
CG set 3863 / 5354    4711.5159 GFlop/s     (588.9395 GFlop/s per process)    72%    964.4 sec left
CG set 3864 / 5354    4711.5170 GFlop/s     (588.9396 GFlop/s per process)    72%    963.7 sec left
CG set 3865 / 5354    4711.5199 GFlop/s     (588.9400 GFlop/s per process)    72%    963.0 sec left
CG set 3866 / 5354    4711.5223 GFlop/s     (588.9403 GFlop/s per process)    72%    962.3 sec left
CG set 3867 / 5354    4711.5231 GFlop/s     (588.9404 GFlop/s per process)    72%    961.6 sec left
CG set 3868 / 5354    4711.5255 GFlop/s     (588.9407 GFlop/s per process)    72%    961.0 sec left
CG set 3869 / 5354    4711.5259 GFlop/s     (588.9407 GFlop/s per process)    72%    960.3 sec left
CG set 3870 / 5354    4711.5294 GFlop/s     (588.9412 GFlop/s per process)    72%    959.6 sec left
CG set 3871 / 5354    4711.5294 GFlop/s     (588.9412 GFlop/s per process)    72%    958.9 sec left
CG set 3872 / 5354    4711.5300 GFlop/s     (588.9413 GFlop/s per process)    72%    958.2 sec left
CG set 3873 / 5354    4711.5295 GFlop/s     (588.9412 GFlop/s per process)    72%    957.6 sec left
CG set 3874 / 5354    4711.5303 GFlop/s     (588.9413 GFlop/s per process)    72%    956.9 sec left
CG set 3875 / 5354    4711.5326 GFlop/s     (588.9416 GFlop/s per process)    72%    956.2 sec left
CG set 3876 / 5354    4711.5351 GFlop/s     (588.9419 GFlop/s per process)    72%    955.5 sec left
CG set 3877 / 5354    4711.5374 GFlop/s     (588.9422 GFlop/s per process)    72%    954.8 sec left
CG set 3878 / 5354    4711.5384 GFlop/s     (588.9423 GFlop/s per process)    72%    954.2 sec left
CG set 3879 / 5354    4711.5381 GFlop/s     (588.9423 GFlop/s per process)    72%    953.5 sec left
CG set 3880 / 5354    4711.5407 GFlop/s     (588.9426 GFlop/s per process)    72%    952.8 sec left
CG set 3881 / 5354    4711.5424 GFlop/s     (588.9428 GFlop/s per process)    72%    952.1 sec left
CG set 3882 / 5354    4711.5441 GFlop/s     (588.9430 GFlop/s per process)    72%    951.4 sec left
CG set 3883 / 5354    4711.5443 GFlop/s     (588.9430 GFlop/s per process)    72%    950.7 sec left
CG set 3884 / 5354    4711.5462 GFlop/s     (588.9433 GFlop/s per process)    72%    950.1 sec left
CG set 3885 / 5354    4711.5475 GFlop/s     (588.9434 GFlop/s per process)    72%    949.4 sec left
CG set 3886 / 5354    4711.5462 GFlop/s     (588.9433 GFlop/s per process)    72%    948.7 sec left
CG set 3887 / 5354    4711.5488 GFlop/s     (588.9436 GFlop/s per process)    72%    948.0 sec left
CG set 3888 / 5354    4711.5513 GFlop/s     (588.9439 GFlop/s per process)    72%    947.3 sec left
CG set 3889 / 5354    4711.5542 GFlop/s     (588.9443 GFlop/s per process)    72%    946.7 sec left
CG set 3890 / 5354    4711.5556 GFlop/s     (588.9445 GFlop/s per process)    72%    946.0 sec left
CG set 3891 / 5354    4711.5558 GFlop/s     (588.9445 GFlop/s per process)    72%    945.3 sec left
CG set 3892 / 5354    4711.5584 GFlop/s     (588.9448 GFlop/s per process)    72%    944.6 sec left
CG set 3893 / 5354    4711.5585 GFlop/s     (588.9448 GFlop/s per process)    72%    943.9 sec left
CG set 3894 / 5354    4711.5609 GFlop/s     (588.9451 GFlop/s per process)    72%    943.2 sec left
CG set 3895 / 5354    4711.5630 GFlop/s     (588.9454 GFlop/s per process)    72%    942.6 sec left
CG set 3896 / 5354    4711.5636 GFlop/s     (588.9454 GFlop/s per process)    72%    941.9 sec left
CG set 3897 / 5354    4711.5653 GFlop/s     (588.9457 GFlop/s per process)    72%    941.2 sec left
CG set 3898 / 5354    4711.5651 GFlop/s     (588.9456 GFlop/s per process)    72%    940.5 sec left
CG set 3899 / 5354    4711.5669 GFlop/s     (588.9459 GFlop/s per process)    72%    939.8 sec left
CG set 3900 / 5354    4711.5686 GFlop/s     (588.9461 GFlop/s per process)    72%    939.2 sec left
CG set 3901 / 5354    4711.5700 GFlop/s     (588.9463 GFlop/s per process)    72%    938.5 sec left
CG set 3902 / 5354    4711.5710 GFlop/s     (588.9464 GFlop/s per process)    72%    937.8 sec left
CG set 3903 / 5354    4711.5720 GFlop/s     (588.9465 GFlop/s per process)    72%    937.1 sec left
CG set 3904 / 5354    4711.5732 GFlop/s     (588.9466 GFlop/s per process)    72%    936.4 sec left
CG set 3905 / 5354    4711.5740 GFlop/s     (588.9468 GFlop/s per process)    72%    935.8 sec left
CG set 3906 / 5354    4711.5742 GFlop/s     (588.9468 GFlop/s per process)    72%    935.1 sec left
CG set 3907 / 5354    4711.5761 GFlop/s     (588.9470 GFlop/s per process)    72%    934.4 sec left
CG set 3908 / 5354    4711.5778 GFlop/s     (588.9472 GFlop/s per process)    72%    933.7 sec left
CG set 3909 / 5354    4711.5808 GFlop/s     (588.9476 GFlop/s per process)    73%    933.0 sec left
CG set 3910 / 5354    4711.5839 GFlop/s     (588.9480 GFlop/s per process)    73%    932.3 sec left
CG set 3911 / 5354    4711.5869 GFlop/s     (588.9484 GFlop/s per process)    73%    931.7 sec left
CG set 3912 / 5354    4711.5880 GFlop/s     (588.9485 GFlop/s per process)    73%    931.0 sec left
CG set 3913 / 5354    4711.5883 GFlop/s     (588.9485 GFlop/s per process)    73%    930.3 sec left
CG set 3914 / 5354    4711.5906 GFlop/s     (588.9488 GFlop/s per process)    73%    929.6 sec left
CG set 3915 / 5354    4711.5928 GFlop/s     (588.9491 GFlop/s per process)    73%    928.9 sec left
CG set 3916 / 5354    4711.5931 GFlop/s     (588.9491 GFlop/s per process)    73%    928.3 sec left
CG set 3917 / 5354    4711.5953 GFlop/s     (588.9494 GFlop/s per process)    73%    927.6 sec left
CG set 3918 / 5354    4711.5966 GFlop/s     (588.9496 GFlop/s per process)    73%    926.9 sec left
CG set 3919 / 5354    4711.5996 GFlop/s     (588.9500 GFlop/s per process)    73%    926.2 sec left
CG set 3920 / 5354    4711.6007 GFlop/s     (588.9501 GFlop/s per process)    73%    925.5 sec left
CG set 3921 / 5354    4711.6018 GFlop/s     (588.9502 GFlop/s per process)    73%    924.9 sec left
CG set 3922 / 5354    4711.6052 GFlop/s     (588.9506 GFlop/s per process)    73%    924.2 sec left
CG set 3923 / 5354    4711.6069 GFlop/s     (588.9509 GFlop/s per process)    73%    923.5 sec left
CG set 3924 / 5354    4711.6088 GFlop/s     (588.9511 GFlop/s per process)    73%    922.8 sec left
CG set 3925 / 5354    4711.6104 GFlop/s     (588.9513 GFlop/s per process)    73%    922.1 sec left
CG set 3926 / 5354    4711.6130 GFlop/s     (588.9516 GFlop/s per process)    73%    921.4 sec left
CG set 3927 / 5354    4711.6145 GFlop/s     (588.9518 GFlop/s per process)    73%    920.8 sec left
CG set 3928 / 5354    4711.6135 GFlop/s     (588.9517 GFlop/s per process)    73%    920.1 sec left
CG set 3929 / 5354    4711.6168 GFlop/s     (588.9521 GFlop/s per process)    73%    919.4 sec left
CG set 3930 / 5354    4711.6181 GFlop/s     (588.9523 GFlop/s per process)    73%    918.7 sec left
CG set 3931 / 5354    4711.6199 GFlop/s     (588.9525 GFlop/s per process)    73%    918.0 sec left
CG set 3932 / 5354    4711.6220 GFlop/s     (588.9527 GFlop/s per process)    73%    917.4 sec left
CG set 3933 / 5354    4711.6237 GFlop/s     (588.9530 GFlop/s per process)    73%    916.7 sec left
CG set 3934 / 5354    4711.6241 GFlop/s     (588.9530 GFlop/s per process)    73%    916.0 sec left
CG set 3935 / 5354    4711.6257 GFlop/s     (588.9532 GFlop/s per process)    73%    915.3 sec left
CG set 3936 / 5354    4711.6260 GFlop/s     (588.9532 GFlop/s per process)    73%    914.6 sec left
CG set 3937 / 5354    4711.6269 GFlop/s     (588.9534 GFlop/s per process)    73%    913.9 sec left
CG set 3938 / 5354    4711.6279 GFlop/s     (588.9535 GFlop/s per process)    73%    913.3 sec left
CG set 3939 / 5354    4711.6297 GFlop/s     (588.9537 GFlop/s per process)    73%    912.6 sec left
CG set 3940 / 5354    4711.6294 GFlop/s     (588.9537 GFlop/s per process)    73%    911.9 sec left
CG set 3941 / 5354    4711.6312 GFlop/s     (588.9539 GFlop/s per process)    73%    911.2 sec left
CG set 3942 / 5354    4711.6319 GFlop/s     (588.9540 GFlop/s per process)    73%    910.5 sec left
CG set 3943 / 5354    4711.6344 GFlop/s     (588.9543 GFlop/s per process)    73%    909.9 sec left
CG set 3944 / 5354    4711.6356 GFlop/s     (588.9545 GFlop/s per process)    73%    909.2 sec left
CG set 3945 / 5354    4711.6357 GFlop/s     (588.9545 GFlop/s per process)    73%    908.5 sec left
CG set 3946 / 5354    4711.6367 GFlop/s     (588.9546 GFlop/s per process)    73%    907.8 sec left
CG set 3947 / 5354    4711.6360 GFlop/s     (588.9545 GFlop/s per process)    73%    907.1 sec left
CG set 3948 / 5354    4711.6366 GFlop/s     (588.9546 GFlop/s per process)    73%    906.5 sec left
CG set 3949 / 5354    4711.6389 GFlop/s     (588.9549 GFlop/s per process)    73%    905.8 sec left
CG set 3950 / 5354    4711.6406 GFlop/s     (588.9551 GFlop/s per process)    73%    905.1 sec left
CG set 3951 / 5354    4711.6421 GFlop/s     (588.9553 GFlop/s per process)    73%    904.4 sec left
CG set 3952 / 5354    4711.6445 GFlop/s     (588.9556 GFlop/s per process)    73%    903.7 sec left
CG set 3953 / 5354    4711.6469 GFlop/s     (588.9559 GFlop/s per process)    73%    903.0 sec left
CG set 3954 / 5354    4711.6498 GFlop/s     (588.9562 GFlop/s per process)    73%    902.4 sec left
CG set 3955 / 5354    4711.6498 GFlop/s     (588.9562 GFlop/s per process)    73%    901.7 sec left
CG set 3956 / 5354    4711.6518 GFlop/s     (588.9565 GFlop/s per process)    73%    901.0 sec left
CG set 3957 / 5354    4711.6547 GFlop/s     (588.9568 GFlop/s per process)    73%    900.3 sec left
CG set 3958 / 5354    4711.6574 GFlop/s     (588.9572 GFlop/s per process)    73%    899.6 sec left
CG set 3959 / 5354    4711.6580 GFlop/s     (588.9573 GFlop/s per process)    73%    899.0 sec left
CG set 3960 / 5354    4711.6591 GFlop/s     (588.9574 GFlop/s per process)    73%    898.3 sec left
CG set 3961 / 5354    4711.6607 GFlop/s     (588.9576 GFlop/s per process)    73%    897.6 sec left
CG set 3962 / 5354    4711.6620 GFlop/s     (588.9578 GFlop/s per process)    74%    896.9 sec left
CG set 3963 / 5354    4711.6636 GFlop/s     (588.9580 GFlop/s per process)    74%    896.2 sec left
CG set 3964 / 5354    4711.6639 GFlop/s     (588.9580 GFlop/s per process)    74%    895.6 sec left
CG set 3965 / 5354    4711.6640 GFlop/s     (588.9580 GFlop/s per process)    74%    894.9 sec left
CG set 3966 / 5354    4711.6616 GFlop/s     (588.9577 GFlop/s per process)    74%    894.2 sec left
CG set 3967 / 5354    4711.6635 GFlop/s     (588.9579 GFlop/s per process)    74%    893.5 sec left
CG set 3968 / 5354    4711.6631 GFlop/s     (588.9579 GFlop/s per process)    74%    892.8 sec left
CG set 3969 / 5354    4711.6632 GFlop/s     (588.9579 GFlop/s per process)    74%    892.1 sec left
CG set 3970 / 5354    4711.6645 GFlop/s     (588.9581 GFlop/s per process)    74%    891.5 sec left
CG set 3971 / 5354    4711.6644 GFlop/s     (588.9580 GFlop/s per process)    74%    890.8 sec left
CG set 3972 / 5354    4711.6676 GFlop/s     (588.9585 GFlop/s per process)    74%    890.1 sec left
CG set 3973 / 5354    4711.6675 GFlop/s     (588.9584 GFlop/s per process)    74%    889.4 sec left
CG set 3974 / 5354    4711.6670 GFlop/s     (588.9584 GFlop/s per process)    74%    888.7 sec left
CG set 3975 / 5354    4711.6694 GFlop/s     (588.9587 GFlop/s per process)    74%    888.0 sec left
CG set 3976 / 5354    4711.6698 GFlop/s     (588.9587 GFlop/s per process)    74%    887.4 sec left
CG set 3977 / 5354    4711.6717 GFlop/s     (588.9590 GFlop/s per process)    74%    886.7 sec left
CG set 3978 / 5354    4711.6719 GFlop/s     (588.9590 GFlop/s per process)    74%    886.0 sec left
CG set 3979 / 5354    4711.6725 GFlop/s     (588.9591 GFlop/s per process)    74%    885.3 sec left
CG set 3980 / 5354    4711.6741 GFlop/s     (588.9593 GFlop/s per process)    74%    884.6 sec left
CG set 3981 / 5354    4711.6748 GFlop/s     (588.9594 GFlop/s per process)    74%    884.0 sec left
CG set 3982 / 5354    4711.6763 GFlop/s     (588.9595 GFlop/s per process)    74%    883.3 sec left
CG set 3983 / 5354    4711.6756 GFlop/s     (588.9595 GFlop/s per process)    74%    882.6 sec left
CG set 3984 / 5354    4711.6771 GFlop/s     (588.9596 GFlop/s per process)    74%    881.9 sec left
CG set 3985 / 5354    4711.6792 GFlop/s     (588.9599 GFlop/s per process)    74%    881.2 sec left
CG set 3986 / 5354    4711.6805 GFlop/s     (588.9601 GFlop/s per process)    74%    880.6 sec left
CG set 3987 / 5354    4711.6815 GFlop/s     (588.9602 GFlop/s per process)    74%    879.9 sec left
CG set 3988 / 5354    4711.6822 GFlop/s     (588.9603 GFlop/s per process)    74%    879.2 sec left
CG set 3989 / 5354    4711.6837 GFlop/s     (588.9605 GFlop/s per process)    74%    878.5 sec left
CG set 3990 / 5354    4711.6862 GFlop/s     (588.9608 GFlop/s per process)    74%    877.8 sec left
CG set 3991 / 5354    4711.6867 GFlop/s     (588.9608 GFlop/s per process)    74%    877.1 sec left
CG set 3992 / 5354    4711.6892 GFlop/s     (588.9611 GFlop/s per process)    74%    876.5 sec left
CG set 3993 / 5354    4711.6889 GFlop/s     (588.9611 GFlop/s per process)    74%    875.8 sec left
CG set 3994 / 5354    4711.6908 GFlop/s     (588.9614 GFlop/s per process)    74%    875.1 sec left
CG set 3995 / 5354    4711.6935 GFlop/s     (588.9617 GFlop/s per process)    74%    874.4 sec left
CG set 3996 / 5354    4711.6961 GFlop/s     (588.9620 GFlop/s per process)    74%    873.7 sec left
CG set 3997 / 5354    4711.6968 GFlop/s     (588.9621 GFlop/s per process)    74%    873.1 sec left
CG set 3998 / 5354    4711.6983 GFlop/s     (588.9623 GFlop/s per process)    74%    872.4 sec left
CG set 3999 / 5354    4711.6981 GFlop/s     (588.9623 GFlop/s per process)    74%    871.7 sec left
CG set 4000 / 5354    4711.7009 GFlop/s     (588.9626 GFlop/s per process)    74%    871.0 sec left
CG set 4001 / 5354    4711.7019 GFlop/s     (588.9627 GFlop/s per process)    74%    870.3 sec left
CG set 4002 / 5354    4711.7037 GFlop/s     (588.9630 GFlop/s per process)    74%    869.6 sec left
CG set 4003 / 5354    4711.7053 GFlop/s     (588.9632 GFlop/s per process)    74%    869.0 sec left
CG set 4004 / 5354    4711.7070 GFlop/s     (588.9634 GFlop/s per process)    74%    868.3 sec left
CG set 4005 / 5354    4711.7082 GFlop/s     (588.9635 GFlop/s per process)    74%    867.6 sec left
CG set 4006 / 5354    4711.7093 GFlop/s     (588.9637 GFlop/s per process)    74%    866.9 sec left
CG set 4007 / 5354    4711.7127 GFlop/s     (588.9641 GFlop/s per process)    74%    866.2 sec left
CG set 4008 / 5354    4711.7140 GFlop/s     (588.9642 GFlop/s per process)    74%    865.6 sec left
CG set 4009 / 5354    4711.7161 GFlop/s     (588.9645 GFlop/s per process)    74%    864.9 sec left
CG set 4010 / 5354    4711.7187 GFlop/s     (588.9648 GFlop/s per process)    74%    864.2 sec left
CG set 4011 / 5354    4711.7187 GFlop/s     (588.9648 GFlop/s per process)    74%    863.5 sec left
CG set 4012 / 5354    4711.7200 GFlop/s     (588.9650 GFlop/s per process)    74%    862.8 sec left
CG set 4013 / 5354    4711.7209 GFlop/s     (588.9651 GFlop/s per process)    74%    862.2 sec left
CG set 4014 / 5354    4711.7221 GFlop/s     (588.9653 GFlop/s per process)    74%    861.5 sec left
CG set 4015 / 5354    4711.7244 GFlop/s     (588.9656 GFlop/s per process)    74%    860.8 sec left
CG set 4016 / 5354    4711.7265 GFlop/s     (588.9658 GFlop/s per process)    75%    860.1 sec left
CG set 4017 / 5354    4711.7269 GFlop/s     (588.9659 GFlop/s per process)    75%    859.4 sec left
CG set 4018 / 5354    4711.7291 GFlop/s     (588.9661 GFlop/s per process)    75%    858.7 sec left
CG set 4019 / 5354    4711.7310 GFlop/s     (588.9664 GFlop/s per process)    75%    858.1 sec left
CG set 4020 / 5354    4711.7321 GFlop/s     (588.9665 GFlop/s per process)    75%    857.4 sec left
CG set 4021 / 5354    4711.7317 GFlop/s     (588.9665 GFlop/s per process)    75%    856.7 sec left
CG set 4022 / 5354    4711.7341 GFlop/s     (588.9668 GFlop/s per process)    75%    856.0 sec left
CG set 4023 / 5354    4711.7367 GFlop/s     (588.9671 GFlop/s per process)    75%    855.3 sec left
CG set 4024 / 5354    4711.7402 GFlop/s     (588.9675 GFlop/s per process)    75%    854.7 sec left
CG set 4025 / 5354    4711.7419 GFlop/s     (588.9677 GFlop/s per process)    75%    854.0 sec left
CG set 4026 / 5354    4711.7435 GFlop/s     (588.9679 GFlop/s per process)    75%    853.3 sec left
CG set 4027 / 5354    4711.7427 GFlop/s     (588.9678 GFlop/s per process)    75%    852.6 sec left
CG set 4028 / 5354    4711.7422 GFlop/s     (588.9678 GFlop/s per process)    75%    851.9 sec left
CG set 4029 / 5354    4711.7423 GFlop/s     (588.9678 GFlop/s per process)    75%    851.3 sec left
CG set 4030 / 5354    4711.7446 GFlop/s     (588.9681 GFlop/s per process)    75%    850.6 sec left
CG set 4031 / 5354    4711.7449 GFlop/s     (588.9681 GFlop/s per process)    75%    849.9 sec left
CG set 4032 / 5354    4711.7481 GFlop/s     (588.9685 GFlop/s per process)    75%    849.2 sec left
CG set 4033 / 5354    4711.7475 GFlop/s     (588.9684 GFlop/s per process)    75%    848.5 sec left
CG set 4034 / 5354    4711.7474 GFlop/s     (588.9684 GFlop/s per process)    75%    847.8 sec left
CG set 4035 / 5354    4711.7473 GFlop/s     (588.9684 GFlop/s per process)    75%    847.2 sec left
CG set 4036 / 5354    4711.7479 GFlop/s     (588.9685 GFlop/s per process)    75%    846.5 sec left
CG set 4037 / 5354    4711.7492 GFlop/s     (588.9686 GFlop/s per process)    75%    845.8 sec left
CG set 4038 / 5354    4711.7506 GFlop/s     (588.9688 GFlop/s per process)    75%    845.1 sec left
CG set 4039 / 5354    4711.7526 GFlop/s     (588.9691 GFlop/s per process)    75%    844.4 sec left
CG set 4040 / 5354    4711.7502 GFlop/s     (588.9688 GFlop/s per process)    75%    843.8 sec left
CG set 4041 / 5354    4711.7522 GFlop/s     (588.9690 GFlop/s per process)    75%    843.1 sec left
CG set 4042 / 5354    4711.7546 GFlop/s     (588.9693 GFlop/s per process)    75%    842.4 sec left
CG set 4043 / 5354    4711.7556 GFlop/s     (588.9695 GFlop/s per process)    75%    841.7 sec left
CG set 4044 / 5354    4711.7562 GFlop/s     (588.9695 GFlop/s per process)    75%    841.0 sec left
CG set 4045 / 5354    4711.7570 GFlop/s     (588.9696 GFlop/s per process)    75%    840.3 sec left
CG set 4046 / 5354    4711.7600 GFlop/s     (588.9700 GFlop/s per process)    75%    839.7 sec left
CG set 4047 / 5354    4711.7618 GFlop/s     (588.9702 GFlop/s per process)    75%    839.0 sec left
CG set 4048 / 5354    4711.7635 GFlop/s     (588.9704 GFlop/s per process)    75%    838.3 sec left
CG set 4049 / 5354    4711.7639 GFlop/s     (588.9705 GFlop/s per process)    75%    837.6 sec left
CG set 4050 / 5354    4711.7631 GFlop/s     (588.9704 GFlop/s per process)    75%    836.9 sec left
CG set 4051 / 5354    4711.7658 GFlop/s     (588.9707 GFlop/s per process)    75%    836.3 sec left
CG set 4052 / 5354    4711.7675 GFlop/s     (588.9709 GFlop/s per process)    75%    835.6 sec left
CG set 4053 / 5354    4711.7673 GFlop/s     (588.9709 GFlop/s per process)    75%    834.9 sec left
CG set 4054 / 5354    4711.7668 GFlop/s     (588.9708 GFlop/s per process)    75%    834.2 sec left
CG set 4055 / 5354    4711.7694 GFlop/s     (588.9712 GFlop/s per process)    75%    833.5 sec left
CG set 4056 / 5354    4711.7706 GFlop/s     (588.9713 GFlop/s per process)    75%    832.8 sec left
CG set 4057 / 5354    4711.7722 GFlop/s     (588.9715 GFlop/s per process)    75%    832.2 sec left
CG set 4058 / 5354    4711.7736 GFlop/s     (588.9717 GFlop/s per process)    75%    831.5 sec left
CG set 4059 / 5354    4711.7742 GFlop/s     (588.9718 GFlop/s per process)    75%    830.8 sec left
CG set 4060 / 5354    4711.7751 GFlop/s     (588.9719 GFlop/s per process)    75%    830.1 sec left
CG set 4061 / 5354    4711.7778 GFlop/s     (588.9722 GFlop/s per process)    75%    829.4 sec left
CG set 4062 / 5354    4711.7771 GFlop/s     (588.9721 GFlop/s per process)    75%    828.8 sec left
CG set 4063 / 5354    4711.7780 GFlop/s     (588.9722 GFlop/s per process)    75%    828.1 sec left
CG set 4064 / 5354    4711.7792 GFlop/s     (588.9724 GFlop/s per process)    75%    827.4 sec left
CG set 4065 / 5354    4711.7796 GFlop/s     (588.9724 GFlop/s per process)    75%    826.7 sec left
CG set 4066 / 5354    4711.7817 GFlop/s     (588.9727 GFlop/s per process)    75%    826.0 sec left
CG set 4067 / 5354    4711.7839 GFlop/s     (588.9730 GFlop/s per process)    75%    825.4 sec left
CG set 4068 / 5354    4711.7855 GFlop/s     (588.9732 GFlop/s per process)    75%    824.7 sec left
CG set 4069 / 5354    4711.7874 GFlop/s     (588.9734 GFlop/s per process)    75%    824.0 sec left
CG set 4070 / 5354    4711.7873 GFlop/s     (588.9734 GFlop/s per process)    76%    823.3 sec left
CG set 4071 / 5354    4711.7887 GFlop/s     (588.9736 GFlop/s per process)    76%    822.6 sec left
CG set 4072 / 5354    4711.7905 GFlop/s     (588.9738 GFlop/s per process)    76%    821.9 sec left
CG set 4073 / 5354    4711.7908 GFlop/s     (588.9738 GFlop/s per process)    76%    821.3 sec left
CG set 4074 / 5354    4711.7920 GFlop/s     (588.9740 GFlop/s per process)    76%    820.6 sec left
CG set 4075 / 5354    4711.7930 GFlop/s     (588.9741 GFlop/s per process)    76%    819.9 sec left
CG set 4076 / 5354    4711.7935 GFlop/s     (588.9742 GFlop/s per process)    76%    819.2 sec left
CG set 4077 / 5354    4711.7941 GFlop/s     (588.9743 GFlop/s per process)    76%    818.5 sec left
CG set 4078 / 5354    4711.7939 GFlop/s     (588.9742 GFlop/s per process)    76%    817.9 sec left
CG set 4079 / 5354    4711.7948 GFlop/s     (588.9743 GFlop/s per process)    76%    817.2 sec left
CG set 4080 / 5354    4711.7954 GFlop/s     (588.9744 GFlop/s per process)    76%    816.5 sec left
CG set 4081 / 5354    4711.7970 GFlop/s     (588.9746 GFlop/s per process)    76%    815.8 sec left
CG set 4082 / 5354    4711.7992 GFlop/s     (588.9749 GFlop/s per process)    76%    815.1 sec left
CG set 4083 / 5354    4711.7996 GFlop/s     (588.9750 GFlop/s per process)    76%    814.4 sec left
CG set 4084 / 5354    4711.8001 GFlop/s     (588.9750 GFlop/s per process)    76%    813.8 sec left
CG set 4085 / 5354    4711.8010 GFlop/s     (588.9751 GFlop/s per process)    76%    813.1 sec left
CG set 4086 / 5354    4711.8020 GFlop/s     (588.9752 GFlop/s per process)    76%    812.4 sec left
CG set 4087 / 5354    4711.8037 GFlop/s     (588.9755 GFlop/s per process)    76%    811.7 sec left
CG set 4088 / 5354    4711.8027 GFlop/s     (588.9753 GFlop/s per process)    76%    811.0 sec left
CG set 4089 / 5354    4711.8041 GFlop/s     (588.9755 GFlop/s per process)    76%    810.4 sec left
CG set 4090 / 5354    4711.8030 GFlop/s     (588.9754 GFlop/s per process)    76%    809.7 sec left
CG set 4091 / 5354    4711.8048 GFlop/s     (588.9756 GFlop/s per process)    76%    809.0 sec left
CG set 4092 / 5354    4711.8045 GFlop/s     (588.9756 GFlop/s per process)    76%    808.3 sec left
CG set 4093 / 5354    4711.8049 GFlop/s     (588.9756 GFlop/s per process)    76%    807.6 sec left
CG set 4094 / 5354    4711.8072 GFlop/s     (588.9759 GFlop/s per process)    76%    806.9 sec left
CG set 4095 / 5354    4711.8086 GFlop/s     (588.9761 GFlop/s per process)    76%    806.3 sec left
CG set 4096 / 5354    4711.8094 GFlop/s     (588.9762 GFlop/s per process)    76%    805.6 sec left
CG set 4097 / 5354    4711.8106 GFlop/s     (588.9763 GFlop/s per process)    76%    804.9 sec left
CG set 4098 / 5354    4711.8123 GFlop/s     (588.9765 GFlop/s per process)    76%    804.2 sec left
CG set 4099 / 5354    4711.8144 GFlop/s     (588.9768 GFlop/s per process)    76%    803.5 sec left
CG set 4100 / 5354    4711.8177 GFlop/s     (588.9772 GFlop/s per process)    76%    802.9 sec left
CG set 4101 / 5354    4711.8187 GFlop/s     (588.9773 GFlop/s per process)    76%    802.2 sec left
CG set 4102 / 5354    4711.8192 GFlop/s     (588.9774 GFlop/s per process)    76%    801.5 sec left
CG set 4103 / 5354    4711.8199 GFlop/s     (588.9775 GFlop/s per process)    76%    800.8 sec left
CG set 4104 / 5354    4711.8208 GFlop/s     (588.9776 GFlop/s per process)    76%    800.1 sec left
CG set 4105 / 5354    4711.8215 GFlop/s     (588.9777 GFlop/s per process)    76%    799.4 sec left
CG set 4106 / 5354    4711.8245 GFlop/s     (588.9781 GFlop/s per process)    76%    798.8 sec left
CG set 4107 / 5354    4711.8260 GFlop/s     (588.9783 GFlop/s per process)    76%    798.1 sec left
CG set 4108 / 5354    4711.8276 GFlop/s     (588.9785 GFlop/s per process)    76%    797.4 sec left
CG set 4109 / 5354    4711.8288 GFlop/s     (588.9786 GFlop/s per process)    76%    796.7 sec left
CG set 4110 / 5354    4711.8300 GFlop/s     (588.9788 GFlop/s per process)    76%    796.0 sec left
CG set 4111 / 5354    4711.8290 GFlop/s     (588.9786 GFlop/s per process)    76%    795.4 sec left
CG set 4112 / 5354    4711.8284 GFlop/s     (588.9786 GFlop/s per process)    76%    794.7 sec left
CG set 4113 / 5354    4711.8305 GFlop/s     (588.9788 GFlop/s per process)    76%    794.0 sec left
CG set 4114 / 5354    4711.8305 GFlop/s     (588.9788 GFlop/s per process)    76%    793.3 sec left
CG set 4115 / 5354    4711.8320 GFlop/s     (588.9790 GFlop/s per process)    76%    792.6 sec left
CG set 4116 / 5354    4711.8320 GFlop/s     (588.9790 GFlop/s per process)    76%    792.0 sec left
CG set 4117 / 5354    4711.8340 GFlop/s     (588.9792 GFlop/s per process)    76%    791.3 sec left
CG set 4118 / 5354    4711.8351 GFlop/s     (588.9794 GFlop/s per process)    76%    790.6 sec left
CG set 4119 / 5354    4711.8367 GFlop/s     (588.9796 GFlop/s per process)    76%    789.9 sec left
CG set 4120 / 5354    4711.8384 GFlop/s     (588.9798 GFlop/s per process)    76%    789.2 sec left
CG set 4121 / 5354    4711.8384 GFlop/s     (588.9798 GFlop/s per process)    76%    788.5 sec left
CG set 4122 / 5354    4711.8387 GFlop/s     (588.9798 GFlop/s per process)    76%    787.9 sec left
CG set 4123 / 5354    4711.8399 GFlop/s     (588.9800 GFlop/s per process)    77%    787.2 sec left
CG set 4124 / 5354    4711.8401 GFlop/s     (588.9800 GFlop/s per process)    77%    786.5 sec left
CG set 4125 / 5354    4711.8407 GFlop/s     (588.9801 GFlop/s per process)    77%    785.8 sec left
CG set 4126 / 5354    4711.8395 GFlop/s     (588.9799 GFlop/s per process)    77%    785.1 sec left
CG set 4127 / 5354    4711.8400 GFlop/s     (588.9800 GFlop/s per process)    77%    784.5 sec left
CG set 4128 / 5354    4711.8407 GFlop/s     (588.9801 GFlop/s per process)    77%    783.8 sec left
CG set 4129 / 5354    4711.8427 GFlop/s     (588.9803 GFlop/s per process)    77%    783.1 sec left
CG set 4130 / 5354    4711.8446 GFlop/s     (588.9806 GFlop/s per process)    77%    782.4 sec left
CG set 4131 / 5354    4711.8450 GFlop/s     (588.9806 GFlop/s per process)    77%    781.7 sec left
CG set 4132 / 5354    4711.8471 GFlop/s     (588.9809 GFlop/s per process)    77%    781.0 sec left
CG set 4133 / 5354    4711.8485 GFlop/s     (588.9811 GFlop/s per process)    77%    780.4 sec left
CG set 4134 / 5354    4711.8480 GFlop/s     (588.9810 GFlop/s per process)    77%    779.7 sec left
CG set 4135 / 5354    4711.8486 GFlop/s     (588.9811 GFlop/s per process)    77%    779.0 sec left
CG set 4136 / 5354    4711.8491 GFlop/s     (588.9811 GFlop/s per process)    77%    778.3 sec left
CG set 4137 / 5354    4711.8498 GFlop/s     (588.9812 GFlop/s per process)    77%    777.6 sec left
CG set 4138 / 5354    4711.8519 GFlop/s     (588.9815 GFlop/s per process)    77%    777.0 sec left
CG set 4139 / 5354    4711.8533 GFlop/s     (588.9817 GFlop/s per process)    77%    776.3 sec left
CG set 4140 / 5354    4711.8524 GFlop/s     (588.9815 GFlop/s per process)    77%    775.6 sec left
CG set 4141 / 5354    4711.8531 GFlop/s     (588.9816 GFlop/s per process)    77%    774.9 sec left
CG set 4142 / 5354    4711.8545 GFlop/s     (588.9818 GFlop/s per process)    77%    774.2 sec left
CG set 4143 / 5354    4711.8557 GFlop/s     (588.9820 GFlop/s per process)    77%    773.5 sec left
CG set 4144 / 5354    4711.8573 GFlop/s     (588.9822 GFlop/s per process)    77%    772.9 sec left
CG set 4145 / 5354    4711.8593 GFlop/s     (588.9824 GFlop/s per process)    77%    772.2 sec left
CG set 4146 / 5354    4711.8598 GFlop/s     (588.9825 GFlop/s per process)    77%    771.5 sec left
CG set 4147 / 5354    4711.8611 GFlop/s     (588.9826 GFlop/s per process)    77%    770.8 sec left
CG set 4148 / 5354    4711.8606 GFlop/s     (588.9826 GFlop/s per process)    77%    770.1 sec left
CG set 4149 / 5354    4711.8617 GFlop/s     (588.9827 GFlop/s per process)    77%    769.5 sec left
CG set 4150 / 5354    4711.8614 GFlop/s     (588.9827 GFlop/s per process)    77%    768.8 sec left
CG set 4151 / 5354    4711.8623 GFlop/s     (588.9828 GFlop/s per process)    77%    768.1 sec left
CG set 4152 / 5354    4711.8626 GFlop/s     (588.9828 GFlop/s per process)    77%    767.4 sec left
CG set 4153 / 5354    4711.8636 GFlop/s     (588.9830 GFlop/s per process)    77%    766.7 sec left
CG set 4154 / 5354    4711.8650 GFlop/s     (588.9831 GFlop/s per process)    77%    766.0 sec left
CG set 4155 / 5354    4711.8647 GFlop/s     (588.9831 GFlop/s per process)    77%    765.4 sec left
CG set 4156 / 5354    4711.8645 GFlop/s     (588.9831 GFlop/s per process)    77%    764.7 sec left
CG set 4157 / 5354    4711.8663 GFlop/s     (588.9833 GFlop/s per process)    77%    764.0 sec left
CG set 4158 / 5354    4711.8678 GFlop/s     (588.9835 GFlop/s per process)    77%    763.3 sec left
CG set 4159 / 5354    4711.8692 GFlop/s     (588.9837 GFlop/s per process)    77%    762.6 sec left
CG set 4160 / 5354    4711.8693 GFlop/s     (588.9837 GFlop/s per process)    77%    762.0 sec left
CG set 4161 / 5354    4711.8696 GFlop/s     (588.9837 GFlop/s per process)    77%    761.3 sec left
CG set 4162 / 5354    4711.8688 GFlop/s     (588.9836 GFlop/s per process)    77%    760.6 sec left
CG set 4163 / 5354    4711.8716 GFlop/s     (588.9839 GFlop/s per process)    77%    759.9 sec left
CG set 4164 / 5354    4711.8724 GFlop/s     (588.9840 GFlop/s per process)    77%    759.2 sec left
CG set 4165 / 5354    4711.8740 GFlop/s     (588.9843 GFlop/s per process)    77%    758.5 sec left
CG set 4166 / 5354    4711.8750 GFlop/s     (588.9844 GFlop/s per process)    77%    757.9 sec left
CG set 4167 / 5354    4711.8785 GFlop/s     (588.9848 GFlop/s per process)    77%    757.2 sec left
CG set 4168 / 5354    4711.8804 GFlop/s     (588.9850 GFlop/s per process)    77%    756.5 sec left
CG set 4169 / 5354    4711.8817 GFlop/s     (588.9852 GFlop/s per process)    77%    755.8 sec left
CG set 4170 / 5354    4711.8831 GFlop/s     (588.9854 GFlop/s per process)    77%    755.1 sec left
CG set 4171 / 5354    4711.8838 GFlop/s     (588.9855 GFlop/s per process)    77%    754.5 sec left
CG set 4172 / 5354    4711.8857 GFlop/s     (588.9857 GFlop/s per process)    77%    753.8 sec left
CG set 4173 / 5354    4711.8865 GFlop/s     (588.9858 GFlop/s per process)    77%    753.1 sec left
CG set 4174 / 5354    4711.8897 GFlop/s     (588.9862 GFlop/s per process)    77%    752.4 sec left
CG set 4175 / 5354    4711.8916 GFlop/s     (588.9865 GFlop/s per process)    77%    751.7 sec left
CG set 4176 / 5354    4711.8924 GFlop/s     (588.9866 GFlop/s per process)    77%    751.1 sec left
CG set 4177 / 5354    4711.8949 GFlop/s     (588.9869 GFlop/s per process)    78%    750.4 sec left
CG set 4178 / 5354    4711.8965 GFlop/s     (588.9871 GFlop/s per process)    78%    749.7 sec left
CG set 4179 / 5354    4711.8992 GFlop/s     (588.9874 GFlop/s per process)    78%    749.0 sec left
CG set 4180 / 5354    4711.9008 GFlop/s     (588.9876 GFlop/s per process)    78%    748.3 sec left
CG set 4181 / 5354    4711.9018 GFlop/s     (588.9877 GFlop/s per process)    78%    747.6 sec left
CG set 4182 / 5354    4711.9041 GFlop/s     (588.9880 GFlop/s per process)    78%    747.0 sec left
CG set 4183 / 5354    4711.9060 GFlop/s     (588.9882 GFlop/s per process)    78%    746.3 sec left
CG set 4184 / 5354    4711.9097 GFlop/s     (588.9887 GFlop/s per process)    78%    745.6 sec left
CG set 4185 / 5354    4711.9101 GFlop/s     (588.9888 GFlop/s per process)    78%    744.9 sec left
CG set 4186 / 5354    4711.9123 GFlop/s     (588.9890 GFlop/s per process)    78%    744.2 sec left
CG set 4187 / 5354    4711.9124 GFlop/s     (588.9890 GFlop/s per process)    78%    743.6 sec left
CG set 4188 / 5354    4711.9124 GFlop/s     (588.9891 GFlop/s per process)    78%    742.9 sec left
CG set 4189 / 5354    4711.9134 GFlop/s     (588.9892 GFlop/s per process)    78%    742.2 sec left
CG set 4190 / 5354    4711.9146 GFlop/s     (588.9893 GFlop/s per process)    78%    741.5 sec left
CG set 4191 / 5354    4711.9172 GFlop/s     (588.9896 GFlop/s per process)    78%    740.8 sec left
CG set 4192 / 5354    4711.9182 GFlop/s     (588.9898 GFlop/s per process)    78%    740.2 sec left
CG set 4193 / 5354    4711.9196 GFlop/s     (588.9900 GFlop/s per process)    78%    739.5 sec left
CG set 4194 / 5354    4711.9190 GFlop/s     (588.9899 GFlop/s per process)    78%    738.8 sec left
CG set 4195 / 5354    4711.9197 GFlop/s     (588.9900 GFlop/s per process)    78%    738.1 sec left
CG set 4196 / 5354    4711.9212 GFlop/s     (588.9901 GFlop/s per process)    78%    737.4 sec left
CG set 4197 / 5354    4711.9219 GFlop/s     (588.9902 GFlop/s per process)    78%    736.7 sec left
CG set 4198 / 5354    4711.9223 GFlop/s     (588.9903 GFlop/s per process)    78%    736.1 sec left
CG set 4199 / 5354    4711.9234 GFlop/s     (588.9904 GFlop/s per process)    78%    735.4 sec left
CG set 4200 / 5354    4711.9230 GFlop/s     (588.9904 GFlop/s per process)    78%    734.7 sec left
CG set 4201 / 5354    4711.9247 GFlop/s     (588.9906 GFlop/s per process)    78%    734.0 sec left
CG set 4202 / 5354    4711.9262 GFlop/s     (588.9908 GFlop/s per process)    78%    733.3 sec left
CG set 4203 / 5354    4711.9266 GFlop/s     (588.9908 GFlop/s per process)    78%    732.7 sec left
CG set 4204 / 5354    4711.9281 GFlop/s     (588.9910 GFlop/s per process)    78%    732.0 sec left
CG set 4205 / 5354    4711.9292 GFlop/s     (588.9911 GFlop/s per process)    78%    731.3 sec left
CG set 4206 / 5354    4711.9320 GFlop/s     (588.9915 GFlop/s per process)    78%    730.6 sec left
CG set 4207 / 5354    4711.9339 GFlop/s     (588.9917 GFlop/s per process)    78%    729.9 sec left
CG set 4208 / 5354    4711.9354 GFlop/s     (588.9919 GFlop/s per process)    78%    729.2 sec left
CG set 4209 / 5354    4711.9368 GFlop/s     (588.9921 GFlop/s per process)    78%    728.6 sec left
CG set 4210 / 5354    4711.9348 GFlop/s     (588.9918 GFlop/s per process)    78%    727.9 sec left
CG set 4211 / 5354    4711.9360 GFlop/s     (588.9920 GFlop/s per process)    78%    727.2 sec left
CG set 4212 / 5354    4711.9360 GFlop/s     (588.9920 GFlop/s per process)    78%    726.5 sec left
CG set 4213 / 5354    4711.9386 GFlop/s     (588.9923 GFlop/s per process)    78%    725.8 sec left
CG set 4214 / 5354    4711.9402 GFlop/s     (588.9925 GFlop/s per process)    78%    725.2 sec left
CG set 4215 / 5354    4711.9414 GFlop/s     (588.9927 GFlop/s per process)    78%    724.5 sec left
CG set 4216 / 5354    4711.9440 GFlop/s     (588.9930 GFlop/s per process)    78%    723.8 sec left
CG set 4217 / 5354    4711.9453 GFlop/s     (588.9932 GFlop/s per process)    78%    723.1 sec left
CG set 4218 / 5354    4711.9459 GFlop/s     (588.9932 GFlop/s per process)    78%    722.4 sec left
CG set 4219 / 5354    4711.9481 GFlop/s     (588.9935 GFlop/s per process)    78%    721.8 sec left
CG set 4220 / 5354    4711.9486 GFlop/s     (588.9936 GFlop/s per process)    78%    721.1 sec left
CG set 4221 / 5354    4711.9491 GFlop/s     (588.9936 GFlop/s per process)    78%    720.4 sec left
CG set 4222 / 5354    4711.9505 GFlop/s     (588.9938 GFlop/s per process)    78%    719.7 sec left
CG set 4223 / 5354    4711.9509 GFlop/s     (588.9939 GFlop/s per process)    78%    719.0 sec left
CG set 4224 / 5354    4711.9508 GFlop/s     (588.9938 GFlop/s per process)    78%    718.3 sec left
CG set 4225 / 5354    4711.9506 GFlop/s     (588.9938 GFlop/s per process)    78%    717.7 sec left
CG set 4226 / 5354    4711.9511 GFlop/s     (588.9939 GFlop/s per process)    78%    717.0 sec left
CG set 4227 / 5354    4711.9539 GFlop/s     (588.9942 GFlop/s per process)    78%    716.3 sec left
CG set 4228 / 5354    4711.9543 GFlop/s     (588.9943 GFlop/s per process)    78%    715.6 sec left
CG set 4229 / 5354    4711.9549 GFlop/s     (588.9944 GFlop/s per process)    78%    714.9 sec left
CG set 4230 / 5354    4711.9563 GFlop/s     (588.9945 GFlop/s per process)    79%    714.3 sec left
CG set 4231 / 5354    4711.9562 GFlop/s     (588.9945 GFlop/s per process)    79%    713.6 sec left
CG set 4232 / 5354    4711.9567 GFlop/s     (588.9946 GFlop/s per process)    79%    712.9 sec left
CG set 4233 / 5354    4711.9583 GFlop/s     (588.9948 GFlop/s per process)    79%    712.2 sec left
CG set 4234 / 5354    4711.9585 GFlop/s     (588.9948 GFlop/s per process)    79%    711.5 sec left
CG set 4235 / 5354    4711.9582 GFlop/s     (588.9948 GFlop/s per process)    79%    710.8 sec left
CG set 4236 / 5354    4711.9609 GFlop/s     (588.9951 GFlop/s per process)    79%    710.2 sec left
CG set 4237 / 5354    4711.9612 GFlop/s     (588.9952 GFlop/s per process)    79%    709.5 sec left
CG set 4238 / 5354    4711.9626 GFlop/s     (588.9953 GFlop/s per process)    79%    708.8 sec left
CG set 4239 / 5354    4711.9629 GFlop/s     (588.9954 GFlop/s per process)    79%    708.1 sec left
CG set 4240 / 5354    4711.9622 GFlop/s     (588.9953 GFlop/s per process)    79%    707.4 sec left
CG set 4241 / 5354    4711.9614 GFlop/s     (588.9952 GFlop/s per process)    79%    706.8 sec left
CG set 4242 / 5354    4711.9612 GFlop/s     (588.9951 GFlop/s per process)    79%    706.1 sec left
CG set 4243 / 5354    4711.9608 GFlop/s     (588.9951 GFlop/s per process)    79%    705.4 sec left
CG set 4244 / 5354    4711.9632 GFlop/s     (588.9954 GFlop/s per process)    79%    704.7 sec left
CG set 4245 / 5354    4711.9617 GFlop/s     (588.9952 GFlop/s per process)    79%    704.0 sec left
CG set 4246 / 5354    4711.9619 GFlop/s     (588.9952 GFlop/s per process)    79%    703.3 sec left
CG set 4247 / 5354    4711.9625 GFlop/s     (588.9953 GFlop/s per process)    79%    702.7 sec left
CG set 4248 / 5354    4711.9609 GFlop/s     (588.9951 GFlop/s per process)    79%    702.0 sec left
CG set 4249 / 5354    4711.9607 GFlop/s     (588.9951 GFlop/s per process)    79%    701.3 sec left
CG set 4250 / 5354    4711.9598 GFlop/s     (588.9950 GFlop/s per process)    79%    700.6 sec left
CG set 4251 / 5354    4711.9570 GFlop/s     (588.9946 GFlop/s per process)    79%    699.9 sec left
CG set 4252 / 5354    4711.9541 GFlop/s     (588.9943 GFlop/s per process)    79%    699.2 sec left
CG set 4253 / 5354    4711.9505 GFlop/s     (588.9938 GFlop/s per process)    79%    698.6 sec left
CG set 4254 / 5354    4711.9467 GFlop/s     (588.9933 GFlop/s per process)    79%    697.9 sec left
CG set 4255 / 5354    4711.9424 GFlop/s     (588.9928 GFlop/s per process)    79%    697.2 sec left
CG set 4256 / 5354    4711.9369 GFlop/s     (588.9921 GFlop/s per process)    79%    696.5 sec left
CG set 4257 / 5354    4711.9323 GFlop/s     (588.9915 GFlop/s per process)    79%    695.8 sec left
CG set 4258 / 5354    4711.9258 GFlop/s     (588.9907 GFlop/s per process)    79%    695.1 sec left
CG set 4259 / 5354    4711.9215 GFlop/s     (588.9902 GFlop/s per process)    79%    694.4 sec left
CG set 4260 / 5354    4711.9148 GFlop/s     (588.9893 GFlop/s per process)    79%    693.8 sec left
CG set 4261 / 5354    4711.9086 GFlop/s     (588.9886 GFlop/s per process)    79%    693.1 sec left
CG set 4262 / 5354    4711.9030 GFlop/s     (588.9879 GFlop/s per process)    79%    692.4 sec left
CG set 4263 / 5354    4711.8956 GFlop/s     (588.9869 GFlop/s per process)    79%    691.7 sec left
CG set 4264 / 5354    4711.8885 GFlop/s     (588.9861 GFlop/s per process)    79%    691.0 sec left
CG set 4265 / 5354    4711.8791 GFlop/s     (588.9849 GFlop/s per process)    79%    690.3 sec left
CG set 4266 / 5354    4711.8689 GFlop/s     (588.9836 GFlop/s per process)    79%    689.6 sec left
CG set 4267 / 5354    4711.8609 GFlop/s     (588.9826 GFlop/s per process)    79%    689.0 sec left
CG set 4268 / 5354    4711.8498 GFlop/s     (588.9812 GFlop/s per process)    79%    688.3 sec left
CG set 4269 / 5354    4711.8399 GFlop/s     (588.9800 GFlop/s per process)    79%    687.6 sec left
CG set 4270 / 5354    4711.8306 GFlop/s     (588.9788 GFlop/s per process)    79%    686.9 sec left
CG set 4271 / 5354    4711.8189 GFlop/s     (588.9774 GFlop/s per process)    79%    686.2 sec left
CG set 4272 / 5354    4711.8078 GFlop/s     (588.9760 GFlop/s per process)    79%    685.5 sec left
CG set 4273 / 5354    4711.7961 GFlop/s     (588.9745 GFlop/s per process)    79%    684.8 sec left
CG set 4274 / 5354    4711.7855 GFlop/s     (588.9732 GFlop/s per process)    79%    684.1 sec left
CG set 4275 / 5354    4711.7739 GFlop/s     (588.9717 GFlop/s per process)    79%    683.4 sec left
CG set 4276 / 5354    4711.7619 GFlop/s     (588.9702 GFlop/s per process)    79%    682.7 sec left
CG set 4277 / 5354    4711.7502 GFlop/s     (588.9688 GFlop/s per process)    79%    682.1 sec left
CG set 4278 / 5354    4711.7391 GFlop/s     (588.9674 GFlop/s per process)    79%    681.4 sec left
CG set 4279 / 5354    4711.7265 GFlop/s     (588.9658 GFlop/s per process)    79%    680.7 sec left
CG set 4280 / 5354    4711.7146 GFlop/s     (588.9643 GFlop/s per process)    79%    680.0 sec left
CG set 4281 / 5354    4711.7033 GFlop/s     (588.9629 GFlop/s per process)    79%    679.3 sec left
CG set 4282 / 5354    4711.6929 GFlop/s     (588.9616 GFlop/s per process)    79%    678.6 sec left
CG set 4283 / 5354    4711.6796 GFlop/s     (588.9600 GFlop/s per process)    79%    677.9 sec left
CG set 4284 / 5354    4711.6664 GFlop/s     (588.9583 GFlop/s per process)    80%    677.2 sec left
CG set 4285 / 5354    4711.6514 GFlop/s     (588.9564 GFlop/s per process)    80%    676.5 sec left
CG set 4286 / 5354    4711.6372 GFlop/s     (588.9547 GFlop/s per process)    80%    675.8 sec left
CG set 4287 / 5354    4711.6239 GFlop/s     (588.9530 GFlop/s per process)    80%    675.2 sec left
CG set 4288 / 5354    4711.6104 GFlop/s     (588.9513 GFlop/s per process)    80%    674.5 sec left
CG set 4289 / 5354    4711.5973 GFlop/s     (588.9497 GFlop/s per process)    80%    673.8 sec left
CG set 4290 / 5354    4711.5829 GFlop/s     (588.9479 GFlop/s per process)    80%    673.1 sec left
CG set 4291 / 5354    4711.5704 GFlop/s     (588.9463 GFlop/s per process)    80%    672.4 sec left
CG set 4292 / 5354    4711.5578 GFlop/s     (588.9447 GFlop/s per process)    80%    671.7 sec left
CG set 4293 / 5354    4711.5453 GFlop/s     (588.9432 GFlop/s per process)    80%    671.0 sec left
CG set 4294 / 5354    4711.5296 GFlop/s     (588.9412 GFlop/s per process)    80%    670.3 sec left
CG set 4295 / 5354    4711.5175 GFlop/s     (588.9397 GFlop/s per process)    80%    669.6 sec left
CG set 4296 / 5354    4711.5068 GFlop/s     (588.9384 GFlop/s per process)    80%    668.9 sec left
CG set 4297 / 5354    4711.4952 GFlop/s     (588.9369 GFlop/s per process)    80%    668.3 sec left
CG set 4298 / 5354    4711.4829 GFlop/s     (588.9354 GFlop/s per process)    80%    667.6 sec left
CG set 4299 / 5354    4711.4708 GFlop/s     (588.9339 GFlop/s per process)    80%    666.9 sec left
CG set 4300 / 5354    4711.4604 GFlop/s     (588.9325 GFlop/s per process)    80%    666.2 sec left
CG set 4301 / 5354    4711.4477 GFlop/s     (588.9310 GFlop/s per process)    80%    665.5 sec left
CG set 4302 / 5354    4711.4361 GFlop/s     (588.9295 GFlop/s per process)    80%    664.8 sec left
CG set 4303 / 5354    4711.4240 GFlop/s     (588.9280 GFlop/s per process)    80%    664.1 sec left
CG set 4304 / 5354    4711.4115 GFlop/s     (588.9264 GFlop/s per process)    80%    663.4 sec left
CG set 4305 / 5354    4711.4011 GFlop/s     (588.9251 GFlop/s per process)    80%    662.7 sec left
CG set 4306 / 5354    4711.3908 GFlop/s     (588.9238 GFlop/s per process)    80%    662.0 sec left
CG set 4307 / 5354    4711.3807 GFlop/s     (588.9226 GFlop/s per process)    80%    661.4 sec left
CG set 4308 / 5354    4711.3705 GFlop/s     (588.9213 GFlop/s per process)    80%    660.7 sec left
CG set 4309 / 5354    4711.3583 GFlop/s     (588.9198 GFlop/s per process)    80%    660.0 sec left
CG set 4310 / 5354    4711.3478 GFlop/s     (588.9185 GFlop/s per process)    80%    659.3 sec left
CG set 4311 / 5354    4711.3384 GFlop/s     (588.9173 GFlop/s per process)    80%    658.6 sec left
CG set 4312 / 5354    4711.3300 GFlop/s     (588.9163 GFlop/s per process)    80%    657.9 sec left
CG set 4313 / 5354    4711.3234 GFlop/s     (588.9154 GFlop/s per process)    80%    657.2 sec left
CG set 4314 / 5354    4711.3154 GFlop/s     (588.9144 GFlop/s per process)    80%    656.5 sec left
CG set 4315 / 5354    4711.3085 GFlop/s     (588.9136 GFlop/s per process)    80%    655.9 sec left
CG set 4316 / 5354    4711.3021 GFlop/s     (588.9128 GFlop/s per process)    80%    655.2 sec left
CG set 4317 / 5354    4711.2968 GFlop/s     (588.9121 GFlop/s per process)    80%    654.5 sec left
CG set 4318 / 5354    4711.2902 GFlop/s     (588.9113 GFlop/s per process)    80%    653.8 sec left
CG set 4319 / 5354    4711.2845 GFlop/s     (588.9106 GFlop/s per process)    80%    653.1 sec left
CG set 4320 / 5354    4711.2790 GFlop/s     (588.9099 GFlop/s per process)    80%    652.4 sec left
CG set 4321 / 5354    4711.2743 GFlop/s     (588.9093 GFlop/s per process)    80%    651.7 sec left
CG set 4322 / 5354    4711.2699 GFlop/s     (588.9087 GFlop/s per process)    80%    651.1 sec left
CG set 4323 / 5354    4711.2635 GFlop/s     (588.9079 GFlop/s per process)    80%    650.4 sec left
CG set 4324 / 5354    4711.2582 GFlop/s     (588.9073 GFlop/s per process)    80%    649.7 sec left
CG set 4325 / 5354    4711.2551 GFlop/s     (588.9069 GFlop/s per process)    80%    649.0 sec left
CG set 4326 / 5354    4711.2542 GFlop/s     (588.9068 GFlop/s per process)    80%    648.3 sec left
CG set 4327 / 5354    4711.2523 GFlop/s     (588.9065 GFlop/s per process)    80%    647.6 sec left
CG set 4328 / 5354    4711.2506 GFlop/s     (588.9063 GFlop/s per process)    80%    646.9 sec left
CG set 4329 / 5354    4711.2488 GFlop/s     (588.9061 GFlop/s per process)    80%    646.3 sec left
CG set 4330 / 5354    4711.2479 GFlop/s     (588.9060 GFlop/s per process)    80%    645.6 sec left
CG set 4331 / 5354    4711.2476 GFlop/s     (588.9060 GFlop/s per process)    80%    644.9 sec left
CG set 4332 / 5354    4711.2466 GFlop/s     (588.9058 GFlop/s per process)    80%    644.2 sec left
CG set 4333 / 5354    4711.2452 GFlop/s     (588.9056 GFlop/s per process)    80%    643.5 sec left
CG set 4334 / 5354    4711.2443 GFlop/s     (588.9055 GFlop/s per process)    80%    642.8 sec left
CG set 4335 / 5354    4711.2439 GFlop/s     (588.9055 GFlop/s per process)    80%    642.2 sec left
CG set 4336 / 5354    4711.2432 GFlop/s     (588.9054 GFlop/s per process)    80%    641.5 sec left
CG set 4337 / 5354    4711.2450 GFlop/s     (588.9056 GFlop/s per process)    81%    640.8 sec left
CG set 4338 / 5354    4711.2434 GFlop/s     (588.9054 GFlop/s per process)    81%    640.1 sec left
CG set 4339 / 5354    4711.2442 GFlop/s     (588.9055 GFlop/s per process)    81%    639.4 sec left
CG set 4340 / 5354    4711.2441 GFlop/s     (588.9055 GFlop/s per process)    81%    638.8 sec left
CG set 4341 / 5354    4711.2438 GFlop/s     (588.9055 GFlop/s per process)    81%    638.1 sec left
CG set 4342 / 5354    4711.2434 GFlop/s     (588.9054 GFlop/s per process)    81%    637.4 sec left
CG set 4343 / 5354    4711.2455 GFlop/s     (588.9057 GFlop/s per process)    81%    636.7 sec left
CG set 4344 / 5354    4711.2463 GFlop/s     (588.9058 GFlop/s per process)    81%    636.0 sec left
CG set 4345 / 5354    4711.2470 GFlop/s     (588.9059 GFlop/s per process)    81%    635.3 sec left
CG set 4346 / 5354    4711.2477 GFlop/s     (588.9060 GFlop/s per process)    81%    634.7 sec left
CG set 4347 / 5354    4711.2467 GFlop/s     (588.9058 GFlop/s per process)    81%    634.0 sec left
CG set 4348 / 5354    4711.2477 GFlop/s     (588.9060 GFlop/s per process)    81%    633.3 sec left
CG set 4349 / 5354    4711.2476 GFlop/s     (588.9059 GFlop/s per process)    81%    632.6 sec left
CG set 4350 / 5354    4711.2466 GFlop/s     (588.9058 GFlop/s per process)    81%    631.9 sec left
CG set 4351 / 5354    4711.2473 GFlop/s     (588.9059 GFlop/s per process)    81%    631.3 sec left
CG set 4352 / 5354    4711.2480 GFlop/s     (588.9060 GFlop/s per process)    81%    630.6 sec left
CG set 4353 / 5354    4711.2471 GFlop/s     (588.9059 GFlop/s per process)    81%    629.9 sec left
CG set 4354 / 5354    4711.2489 GFlop/s     (588.9061 GFlop/s per process)    81%    629.2 sec left
CG set 4355 / 5354    4711.2506 GFlop/s     (588.9063 GFlop/s per process)    81%    628.5 sec left
CG set 4356 / 5354    4711.2495 GFlop/s     (588.9062 GFlop/s per process)    81%    627.8 sec left
CG set 4357 / 5354    4711.2526 GFlop/s     (588.9066 GFlop/s per process)    81%    627.2 sec left
CG set 4358 / 5354    4711.2541 GFlop/s     (588.9068 GFlop/s per process)    81%    626.5 sec left
CG set 4359 / 5354    4711.2536 GFlop/s     (588.9067 GFlop/s per process)    81%    625.8 sec left
CG set 4360 / 5354    4711.2537 GFlop/s     (588.9067 GFlop/s per process)    81%    625.1 sec left
CG set 4361 / 5354    4711.2516 GFlop/s     (588.9065 GFlop/s per process)    81%    624.4 sec left
CG set 4362 / 5354    4711.2517 GFlop/s     (588.9065 GFlop/s per process)    81%    623.7 sec left
CG set 4363 / 5354    4711.2518 GFlop/s     (588.9065 GFlop/s per process)    81%    623.1 sec left
CG set 4364 / 5354    4711.2503 GFlop/s     (588.9063 GFlop/s per process)    81%    622.4 sec left
CG set 4365 / 5354    4711.2510 GFlop/s     (588.9064 GFlop/s per process)    81%    621.7 sec left
CG set 4366 / 5354    4711.2494 GFlop/s     (588.9062 GFlop/s per process)    81%    621.0 sec left
CG set 4367 / 5354    4711.2492 GFlop/s     (588.9062 GFlop/s per process)    81%    620.3 sec left
CG set 4368 / 5354    4711.2471 GFlop/s     (588.9059 GFlop/s per process)    81%    619.7 sec left
CG set 4369 / 5354    4711.2468 GFlop/s     (588.9058 GFlop/s per process)    81%    619.0 sec left
CG set 4370 / 5354    4711.2454 GFlop/s     (588.9057 GFlop/s per process)    81%    618.3 sec left
CG set 4371 / 5354    4711.2442 GFlop/s     (588.9055 GFlop/s per process)    81%    617.6 sec left
CG set 4372 / 5354    4711.2438 GFlop/s     (588.9055 GFlop/s per process)    81%    616.9 sec left
CG set 4373 / 5354    4711.2431 GFlop/s     (588.9054 GFlop/s per process)    81%    616.2 sec left
CG set 4374 / 5354    4711.2415 GFlop/s     (588.9052 GFlop/s per process)    81%    615.6 sec left
CG set 4375 / 5354    4711.2405 GFlop/s     (588.9051 GFlop/s per process)    81%    614.9 sec left
CG set 4376 / 5354    4711.2388 GFlop/s     (588.9048 GFlop/s per process)    81%    614.2 sec left
CG set 4377 / 5354    4711.2373 GFlop/s     (588.9047 GFlop/s per process)    81%    613.5 sec left
CG set 4378 / 5354    4711.2356 GFlop/s     (588.9044 GFlop/s per process)    81%    612.8 sec left
CG set 4379 / 5354    4711.2326 GFlop/s     (588.9041 GFlop/s per process)    81%    612.1 sec left
CG set 4380 / 5354    4711.2299 GFlop/s     (588.9037 GFlop/s per process)    81%    611.5 sec left
CG set 4381 / 5354    4711.2294 GFlop/s     (588.9037 GFlop/s per process)    81%    610.8 sec left
CG set 4382 / 5354    4711.2276 GFlop/s     (588.9035 GFlop/s per process)    81%    610.1 sec left
CG set 4383 / 5354    4711.2258 GFlop/s     (588.9032 GFlop/s per process)    81%    609.4 sec left
CG set 4384 / 5354    4711.2221 GFlop/s     (588.9028 GFlop/s per process)    81%    608.7 sec left
CG set 4385 / 5354    4711.2187 GFlop/s     (588.9023 GFlop/s per process)    81%    608.0 sec left
CG set 4386 / 5354    4711.2158 GFlop/s     (588.9020 GFlop/s per process)    81%    607.3 sec left
CG set 4387 / 5354    4711.2131 GFlop/s     (588.9016 GFlop/s per process)    81%    606.7 sec left
CG set 4388 / 5354    4711.2094 GFlop/s     (588.9012 GFlop/s per process)    81%    606.0 sec left
CG set 4389 / 5354    4711.2073 GFlop/s     (588.9009 GFlop/s per process)    81%    605.3 sec left
CG set 4390 / 5354    4711.2049 GFlop/s     (588.9006 GFlop/s per process)    81%    604.6 sec left
CG set 4391 / 5354    4711.2017 GFlop/s     (588.9002 GFlop/s per process)    82%    603.9 sec left
CG set 4392 / 5354    4711.1991 GFlop/s     (588.8999 GFlop/s per process)    82%    603.2 sec left
CG set 4393 / 5354    4711.1944 GFlop/s     (588.8993 GFlop/s per process)    82%    602.6 sec left
CG set 4394 / 5354    4711.1907 GFlop/s     (588.8988 GFlop/s per process)    82%    601.9 sec left
CG set 4395 / 5354    4711.1875 GFlop/s     (588.8984 GFlop/s per process)    82%    601.2 sec left
CG set 4396 / 5354    4711.1855 GFlop/s     (588.8982 GFlop/s per process)    82%    600.5 sec left
CG set 4397 / 5354    4711.1837 GFlop/s     (588.8980 GFlop/s per process)    82%    599.8 sec left
CG set 4398 / 5354    4711.1803 GFlop/s     (588.8975 GFlop/s per process)    82%    599.1 sec left
CG set 4399 / 5354    4711.1783 GFlop/s     (588.8973 GFlop/s per process)    82%    598.5 sec left
CG set 4400 / 5354    4711.1753 GFlop/s     (588.8969 GFlop/s per process)    82%    597.8 sec left
CG set 4401 / 5354    4711.1727 GFlop/s     (588.8966 GFlop/s per process)    82%    597.1 sec left
CG set 4402 / 5354    4711.1703 GFlop/s     (588.8963 GFlop/s per process)    82%    596.4 sec left
CG set 4403 / 5354    4711.1677 GFlop/s     (588.8960 GFlop/s per process)    82%    595.7 sec left
CG set 4404 / 5354    4711.1663 GFlop/s     (588.8958 GFlop/s per process)    82%    595.0 sec left
CG set 4405 / 5354    4711.1629 GFlop/s     (588.8954 GFlop/s per process)    82%    594.4 sec left
CG set 4406 / 5354    4711.1589 GFlop/s     (588.8949 GFlop/s per process)    82%    593.7 sec left
CG set 4407 / 5354    4711.1563 GFlop/s     (588.8945 GFlop/s per process)    82%    593.0 sec left
CG set 4408 / 5354    4711.1547 GFlop/s     (588.8943 GFlop/s per process)    82%    592.3 sec left
CG set 4409 / 5354    4711.1533 GFlop/s     (588.8942 GFlop/s per process)    82%    591.6 sec left
CG set 4410 / 5354    4711.1510 GFlop/s     (588.8939 GFlop/s per process)    82%    590.9 sec left
CG set 4411 / 5354    4711.1484 GFlop/s     (588.8935 GFlop/s per process)    82%    590.2 sec left
CG set 4412 / 5354    4711.1456 GFlop/s     (588.8932 GFlop/s per process)    82%    589.6 sec left
CG set 4413 / 5354    4711.1439 GFlop/s     (588.8930 GFlop/s per process)    82%    588.9 sec left
CG set 4414 / 5354    4711.1422 GFlop/s     (588.8928 GFlop/s per process)    82%    588.2 sec left
CG set 4415 / 5354    4711.1402 GFlop/s     (588.8925 GFlop/s per process)    82%    587.5 sec left
CG set 4416 / 5354    4711.1399 GFlop/s     (588.8925 GFlop/s per process)    82%    586.8 sec left
CG set 4417 / 5354    4711.1373 GFlop/s     (588.8922 GFlop/s per process)    82%    586.1 sec left
CG set 4418 / 5354    4711.1371 GFlop/s     (588.8921 GFlop/s per process)    82%    585.5 sec left
CG set 4419 / 5354    4711.1359 GFlop/s     (588.8920 GFlop/s per process)    82%    584.8 sec left
CG set 4420 / 5354    4711.1358 GFlop/s     (588.8920 GFlop/s per process)    82%    584.1 sec left
CG set 4421 / 5354    4711.1338 GFlop/s     (588.8917 GFlop/s per process)    82%    583.4 sec left
CG set 4422 / 5354    4711.1337 GFlop/s     (588.8917 GFlop/s per process)    82%    582.7 sec left
CG set 4423 / 5354    4711.1327 GFlop/s     (588.8916 GFlop/s per process)    82%    582.0 sec left
CG set 4424 / 5354    4711.1330 GFlop/s     (588.8916 GFlop/s per process)    82%    581.4 sec left
CG set 4425 / 5354    4711.1316 GFlop/s     (588.8914 GFlop/s per process)    82%    580.7 sec left
CG set 4426 / 5354    4711.1319 GFlop/s     (588.8915 GFlop/s per process)    82%    580.0 sec left
CG set 4427 / 5354    4711.1311 GFlop/s     (588.8914 GFlop/s per process)    82%    579.3 sec left
CG set 4428 / 5354    4711.1310 GFlop/s     (588.8914 GFlop/s per process)    82%    578.6 sec left
CG set 4429 / 5354    4711.1315 GFlop/s     (588.8914 GFlop/s per process)    82%    578.0 sec left
CG set 4430 / 5354    4711.1315 GFlop/s     (588.8914 GFlop/s per process)    82%    577.3 sec left
CG set 4431 / 5354    4711.1319 GFlop/s     (588.8915 GFlop/s per process)    82%    576.6 sec left
CG set 4432 / 5354    4711.1319 GFlop/s     (588.8915 GFlop/s per process)    82%    575.9 sec left
CG set 4433 / 5354    4711.1324 GFlop/s     (588.8915 GFlop/s per process)    82%    575.2 sec left
CG set 4434 / 5354    4711.1333 GFlop/s     (588.8917 GFlop/s per process)    82%    574.5 sec left
CG set 4435 / 5354    4711.1338 GFlop/s     (588.8917 GFlop/s per process)    82%    573.9 sec left
CG set 4436 / 5354    4711.1349 GFlop/s     (588.8919 GFlop/s per process)    82%    573.2 sec left
CG set 4437 / 5354    4711.1349 GFlop/s     (588.8919 GFlop/s per process)    82%    572.5 sec left
CG set 4438 / 5354    4711.1356 GFlop/s     (588.8920 GFlop/s per process)    82%    571.8 sec left
CG set 4439 / 5354    4711.1380 GFlop/s     (588.8922 GFlop/s per process)    82%    571.1 sec left
CG set 4440 / 5354    4711.1382 GFlop/s     (588.8923 GFlop/s per process)    82%    570.5 sec left
CG set 4441 / 5354    4711.1390 GFlop/s     (588.8924 GFlop/s per process)    82%    569.8 sec left
CG set 4442 / 5354    4711.1399 GFlop/s     (588.8925 GFlop/s per process)    82%    569.1 sec left
CG set 4443 / 5354    4711.1414 GFlop/s     (588.8927 GFlop/s per process)    82%    568.4 sec left
CG set 4444 / 5354    4711.1413 GFlop/s     (588.8927 GFlop/s per process)    83%    567.7 sec left
CG set 4445 / 5354    4711.1434 GFlop/s     (588.8929 GFlop/s per process)    83%    567.0 sec left
CG set 4446 / 5354    4711.1438 GFlop/s     (588.8930 GFlop/s per process)    83%    566.4 sec left
CG set 4447 / 5354    4711.1455 GFlop/s     (588.8932 GFlop/s per process)    83%    565.7 sec left
CG set 4448 / 5354    4711.1474 GFlop/s     (588.8934 GFlop/s per process)    83%    565.0 sec left
CG set 4449 / 5354    4711.1485 GFlop/s     (588.8936 GFlop/s per process)    83%    564.3 sec left
CG set 4450 / 5354    4711.1493 GFlop/s     (588.8937 GFlop/s per process)    83%    563.6 sec left
CG set 4451 / 5354    4711.1507 GFlop/s     (588.8938 GFlop/s per process)    83%    563.0 sec left
CG set 4452 / 5354    4711.1524 GFlop/s     (588.8940 GFlop/s per process)    83%    562.3 sec left
CG set 4453 / 5354    4711.1543 GFlop/s     (588.8943 GFlop/s per process)    83%    561.6 sec left
CG set 4454 / 5354    4711.1563 GFlop/s     (588.8945 GFlop/s per process)    83%    560.9 sec left
CG set 4455 / 5354    4711.1583 GFlop/s     (588.8948 GFlop/s per process)    83%    560.2 sec left
CG set 4456 / 5354    4711.1604 GFlop/s     (588.8950 GFlop/s per process)    83%    559.6 sec left
CG set 4457 / 5354    4711.1615 GFlop/s     (588.8952 GFlop/s per process)    83%    558.9 sec left
CG set 4458 / 5354    4711.1635 GFlop/s     (588.8954 GFlop/s per process)    83%    558.2 sec left
CG set 4459 / 5354    4711.1658 GFlop/s     (588.8957 GFlop/s per process)    83%    557.5 sec left
CG set 4460 / 5354    4711.1658 GFlop/s     (588.8957 GFlop/s per process)    83%    556.8 sec left
CG set 4461 / 5354    4711.1686 GFlop/s     (588.8961 GFlop/s per process)    83%    556.1 sec left
CG set 4462 / 5354    4711.1702 GFlop/s     (588.8963 GFlop/s per process)    83%    555.5 sec left
CG set 4463 / 5354    4711.1710 GFlop/s     (588.8964 GFlop/s per process)    83%    554.8 sec left
CG set 4464 / 5354    4711.1718 GFlop/s     (588.8965 GFlop/s per process)    83%    554.1 sec left
CG set 4465 / 5354    4711.1741 GFlop/s     (588.8968 GFlop/s per process)    83%    553.4 sec left
CG set 4466 / 5354    4711.1748 GFlop/s     (588.8968 GFlop/s per process)    83%    552.7 sec left
CG set 4467 / 5354    4711.1765 GFlop/s     (588.8971 GFlop/s per process)    83%    552.1 sec left
CG set 4468 / 5354    4711.1793 GFlop/s     (588.8974 GFlop/s per process)    83%    551.4 sec left
CG set 4469 / 5354    4711.1817 GFlop/s     (588.8977 GFlop/s per process)    83%    550.7 sec left
CG set 4470 / 5354    4711.1846 GFlop/s     (588.8981 GFlop/s per process)    83%    550.0 sec left
CG set 4471 / 5354    4711.1873 GFlop/s     (588.8984 GFlop/s per process)    83%    549.3 sec left
CG set 4472 / 5354    4711.1892 GFlop/s     (588.8986 GFlop/s per process)    83%    548.7 sec left
CG set 4473 / 5354    4711.1913 GFlop/s     (588.8989 GFlop/s per process)    83%    548.0 sec left
CG set 4474 / 5354    4711.1920 GFlop/s     (588.8990 GFlop/s per process)    83%    547.3 sec left
CG set 4475 / 5354    4711.1936 GFlop/s     (588.8992 GFlop/s per process)    83%    546.6 sec left
CG set 4476 / 5354    4711.1961 GFlop/s     (588.8995 GFlop/s per process)    83%    545.9 sec left
CG set 4477 / 5354    4711.1976 GFlop/s     (588.8997 GFlop/s per process)    83%    545.2 sec left
CG set 4478 / 5354    4711.2002 GFlop/s     (588.9000 GFlop/s per process)    83%    544.6 sec left
CG set 4479 / 5354    4711.2012 GFlop/s     (588.9002 GFlop/s per process)    83%    543.9 sec left
CG set 4480 / 5354    4711.2027 GFlop/s     (588.9003 GFlop/s per process)    83%    543.2 sec left
CG set 4481 / 5354    4711.2045 GFlop/s     (588.9006 GFlop/s per process)    83%    542.5 sec left
CG set 4482 / 5354    4711.2061 GFlop/s     (588.9008 GFlop/s per process)    83%    541.8 sec left
CG set 4483 / 5354    4711.2084 GFlop/s     (588.9010 GFlop/s per process)    83%    541.2 sec left
CG set 4484 / 5354    4711.2085 GFlop/s     (588.9011 GFlop/s per process)    83%    540.5 sec left
CG set 4485 / 5354    4711.2119 GFlop/s     (588.9015 GFlop/s per process)    83%    539.8 sec left
CG set 4486 / 5354    4711.2147 GFlop/s     (588.9018 GFlop/s per process)    83%    539.1 sec left
CG set 4487 / 5354    4711.2159 GFlop/s     (588.9020 GFlop/s per process)    83%    538.4 sec left
CG set 4488 / 5354    4711.2180 GFlop/s     (588.9022 GFlop/s per process)    83%    537.8 sec left
CG set 4489 / 5354    4711.2181 GFlop/s     (588.9023 GFlop/s per process)    83%    537.1 sec left
CG set 4490 / 5354    4711.2209 GFlop/s     (588.9026 GFlop/s per process)    83%    536.4 sec left
CG set 4491 / 5354    4711.2231 GFlop/s     (588.9029 GFlop/s per process)    83%    535.7 sec left
CG set 4492 / 5354    4711.2242 GFlop/s     (588.9030 GFlop/s per process)    83%    535.0 sec left
CG set 4493 / 5354    4711.2257 GFlop/s     (588.9032 GFlop/s per process)    83%    534.3 sec left
CG set 4494 / 5354    4711.2278 GFlop/s     (588.9035 GFlop/s per process)    83%    533.7 sec left
CG set 4495 / 5354    4711.2305 GFlop/s     (588.9038 GFlop/s per process)    83%    533.0 sec left
CG set 4496 / 5354    4711.2318 GFlop/s     (588.9040 GFlop/s per process)    83%    532.3 sec left
CG set 4497 / 5354    4711.2318 GFlop/s     (588.9040 GFlop/s per process)    83%    531.6 sec left
CG set 4498 / 5354    4711.2333 GFlop/s     (588.9042 GFlop/s per process)    84%    530.9 sec left
CG set 4499 / 5354    4711.2352 GFlop/s     (588.9044 GFlop/s per process)    84%    530.3 sec left
CG set 4500 / 5354    4711.2380 GFlop/s     (588.9047 GFlop/s per process)    84%    529.6 sec left
CG set 4501 / 5354    4711.2403 GFlop/s     (588.9050 GFlop/s per process)    84%    528.9 sec left
CG set 4502 / 5354    4711.2412 GFlop/s     (588.9051 GFlop/s per process)    84%    528.2 sec left
CG set 4503 / 5354    4711.2427 GFlop/s     (588.9053 GFlop/s per process)    84%    527.5 sec left
CG set 4504 / 5354    4711.2443 GFlop/s     (588.9055 GFlop/s per process)    84%    526.9 sec left
CG set 4505 / 5354    4711.2456 GFlop/s     (588.9057 GFlop/s per process)    84%    526.2 sec left
CG set 4506 / 5354    4711.2464 GFlop/s     (588.9058 GFlop/s per process)    84%    525.5 sec left
CG set 4507 / 5354    4711.2473 GFlop/s     (588.9059 GFlop/s per process)    84%    524.8 sec left
CG set 4508 / 5354    4711.2492 GFlop/s     (588.9061 GFlop/s per process)    84%    524.1 sec left
CG set 4509 / 5354    4711.2506 GFlop/s     (588.9063 GFlop/s per process)    84%    523.4 sec left
CG set 4510 / 5354    4711.2526 GFlop/s     (588.9066 GFlop/s per process)    84%    522.8 sec left
CG set 4511 / 5354    4711.2535 GFlop/s     (588.9067 GFlop/s per process)    84%    522.1 sec left
CG set 4512 / 5354    4711.2544 GFlop/s     (588.9068 GFlop/s per process)    84%    521.4 sec left
CG set 4513 / 5354    4711.2548 GFlop/s     (588.9068 GFlop/s per process)    84%    520.7 sec left
CG set 4514 / 5354    4711.2558 GFlop/s     (588.9070 GFlop/s per process)    84%    520.0 sec left
CG set 4515 / 5354    4711.2578 GFlop/s     (588.9072 GFlop/s per process)    84%    519.4 sec left
CG set 4516 / 5354    4711.2582 GFlop/s     (588.9073 GFlop/s per process)    84%    518.7 sec left
CG set 4517 / 5354    4711.2593 GFlop/s     (588.9074 GFlop/s per process)    84%    518.0 sec left
CG set 4518 / 5354    4711.2597 GFlop/s     (588.9075 GFlop/s per process)    84%    517.3 sec left
CG set 4519 / 5354    4711.2606 GFlop/s     (588.9076 GFlop/s per process)    84%    516.6 sec left
CG set 4520 / 5354    4711.2620 GFlop/s     (588.9078 GFlop/s per process)    84%    515.9 sec left
CG set 4521 / 5354    4711.2639 GFlop/s     (588.9080 GFlop/s per process)    84%    515.3 sec left
CG set 4522 / 5354    4711.2643 GFlop/s     (588.9080 GFlop/s per process)    84%    514.6 sec left
CG set 4523 / 5354    4711.2660 GFlop/s     (588.9082 GFlop/s per process)    84%    513.9 sec left
CG set 4524 / 5354    4711.2674 GFlop/s     (588.9084 GFlop/s per process)    84%    513.2 sec left
CG set 4525 / 5354    4711.2680 GFlop/s     (588.9085 GFlop/s per process)    84%    512.5 sec left
CG set 4526 / 5354    4711.2701 GFlop/s     (588.9088 GFlop/s per process)    84%    511.9 sec left
CG set 4527 / 5354    4711.2703 GFlop/s     (588.9088 GFlop/s per process)    84%    511.2 sec left
CG set 4528 / 5354    4711.2705 GFlop/s     (588.9088 GFlop/s per process)    84%    510.5 sec left
CG set 4529 / 5354    4711.2730 GFlop/s     (588.9091 GFlop/s per process)    84%    509.8 sec left
CG set 4530 / 5354    4711.2741 GFlop/s     (588.9093 GFlop/s per process)    84%    509.1 sec left
CG set 4531 / 5354    4711.2755 GFlop/s     (588.9094 GFlop/s per process)    84%    508.5 sec left
CG set 4532 / 5354    4711.2775 GFlop/s     (588.9097 GFlop/s per process)    84%    507.8 sec left
CG set 4533 / 5354    4711.2750 GFlop/s     (588.9094 GFlop/s per process)    84%    507.1 sec left
CG set 4534 / 5354    4711.2741 GFlop/s     (588.9093 GFlop/s per process)    84%    506.4 sec left
CG set 4535 / 5354    4711.2756 GFlop/s     (588.9095 GFlop/s per process)    84%    505.7 sec left
CG set 4536 / 5354    4711.2785 GFlop/s     (588.9098 GFlop/s per process)    84%    505.0 sec left
CG set 4537 / 5354    4711.2817 GFlop/s     (588.9102 GFlop/s per process)    84%    504.4 sec left
CG set 4538 / 5354    4711.2833 GFlop/s     (588.9104 GFlop/s per process)    84%    503.7 sec left
CG set 4539 / 5354    4711.2859 GFlop/s     (588.9107 GFlop/s per process)    84%    503.0 sec left
CG set 4540 / 5354    4711.2879 GFlop/s     (588.9110 GFlop/s per process)    84%    502.3 sec left
CG set 4541 / 5354    4711.2900 GFlop/s     (588.9112 GFlop/s per process)    84%    501.6 sec left
CG set 4542 / 5354    4711.2910 GFlop/s     (588.9114 GFlop/s per process)    84%    501.0 sec left
CG set 4543 / 5354    4711.2934 GFlop/s     (588.9117 GFlop/s per process)    84%    500.3 sec left
CG set 4544 / 5354    4711.2966 GFlop/s     (588.9121 GFlop/s per process)    84%    499.6 sec left
CG set 4545 / 5354    4711.2998 GFlop/s     (588.9125 GFlop/s per process)    84%    498.9 sec left
CG set 4546 / 5354    4711.3022 GFlop/s     (588.9128 GFlop/s per process)    84%    498.2 sec left
CG set 4547 / 5354    4711.3058 GFlop/s     (588.9132 GFlop/s per process)    84%    497.6 sec left
CG set 4548 / 5354    4711.3063 GFlop/s     (588.9133 GFlop/s per process)    84%    496.9 sec left
CG set 4549 / 5354    4711.3090 GFlop/s     (588.9136 GFlop/s per process)    84%    496.2 sec left
CG set 4550 / 5354    4711.3110 GFlop/s     (588.9139 GFlop/s per process)    84%    495.5 sec left
CG set 4551 / 5354    4711.3137 GFlop/s     (588.9142 GFlop/s per process)    85%    494.8 sec left
CG set 4552 / 5354    4711.3162 GFlop/s     (588.9145 GFlop/s per process)    85%    494.2 sec left
CG set 4553 / 5354    4711.3186 GFlop/s     (588.9148 GFlop/s per process)    85%    493.5 sec left
CG set 4554 / 5354    4711.3191 GFlop/s     (588.9149 GFlop/s per process)    85%    492.8 sec left
CG set 4555 / 5354    4711.3202 GFlop/s     (588.9150 GFlop/s per process)    85%    492.1 sec left
CG set 4556 / 5354    4711.3225 GFlop/s     (588.9153 GFlop/s per process)    85%    491.4 sec left
CG set 4557 / 5354    4711.3261 GFlop/s     (588.9158 GFlop/s per process)    85%    490.7 sec left
CG set 4558 / 5354    4711.3269 GFlop/s     (588.9159 GFlop/s per process)    85%    490.1 sec left
CG set 4559 / 5354    4711.3291 GFlop/s     (588.9161 GFlop/s per process)    85%    489.4 sec left
CG set 4560 / 5354    4711.3312 GFlop/s     (588.9164 GFlop/s per process)    85%    488.7 sec left
CG set 4561 / 5354    4711.3343 GFlop/s     (588.9168 GFlop/s per process)    85%    488.0 sec left
CG set 4562 / 5354    4711.3385 GFlop/s     (588.9173 GFlop/s per process)    85%    487.3 sec left
CG set 4563 / 5354    4711.3422 GFlop/s     (588.9178 GFlop/s per process)    85%    486.7 sec left
CG set 4564 / 5354    4711.3447 GFlop/s     (588.9181 GFlop/s per process)    85%    486.0 sec left
CG set 4565 / 5354    4711.3459 GFlop/s     (588.9182 GFlop/s per process)    85%    485.3 sec left
CG set 4566 / 5354    4711.3482 GFlop/s     (588.9185 GFlop/s per process)    85%    484.6 sec left
CG set 4567 / 5354    4711.3518 GFlop/s     (588.9190 GFlop/s per process)    85%    483.9 sec left
CG set 4568 / 5354    4711.3560 GFlop/s     (588.9195 GFlop/s per process)    85%    483.3 sec left
CG set 4569 / 5354    4711.3596 GFlop/s     (588.9199 GFlop/s per process)    85%    482.6 sec left
CG set 4570 / 5354    4711.3632 GFlop/s     (588.9204 GFlop/s per process)    85%    481.9 sec left
CG set 4571 / 5354    4711.3647 GFlop/s     (588.9206 GFlop/s per process)    85%    481.2 sec left
CG set 4572 / 5354    4711.3693 GFlop/s     (588.9212 GFlop/s per process)    85%    480.5 sec left
CG set 4573 / 5354    4711.3705 GFlop/s     (588.9213 GFlop/s per process)    85%    479.9 sec left
CG set 4574 / 5354    4711.3711 GFlop/s     (588.9214 GFlop/s per process)    85%    479.2 sec left
CG set 4575 / 5354    4711.3739 GFlop/s     (588.9217 GFlop/s per process)    85%    478.5 sec left
CG set 4576 / 5354    4711.3755 GFlop/s     (588.9219 GFlop/s per process)    85%    477.8 sec left
CG set 4577 / 5354    4711.3775 GFlop/s     (588.9222 GFlop/s per process)    85%    477.1 sec left
CG set 4578 / 5354    4711.3807 GFlop/s     (588.9226 GFlop/s per process)    85%    476.5 sec left
CG set 4579 / 5354    4711.3836 GFlop/s     (588.9229 GFlop/s per process)    85%    475.8 sec left
CG set 4580 / 5354    4711.3857 GFlop/s     (588.9232 GFlop/s per process)    85%    475.1 sec left
CG set 4581 / 5354    4711.3874 GFlop/s     (588.9234 GFlop/s per process)    85%    474.4 sec left
CG set 4582 / 5354    4711.3915 GFlop/s     (588.9239 GFlop/s per process)    85%    473.7 sec left
CG set 4583 / 5354    4711.3940 GFlop/s     (588.9242 GFlop/s per process)    85%    473.1 sec left
CG set 4584 / 5354    4711.3959 GFlop/s     (588.9245 GFlop/s per process)    85%    472.4 sec left
CG set 4585 / 5354    4711.3998 GFlop/s     (588.9250 GFlop/s per process)    85%    471.7 sec left
CG set 4586 / 5354    4711.4030 GFlop/s     (588.9254 GFlop/s per process)    85%    471.0 sec left
CG set 4587 / 5354    4711.4063 GFlop/s     (588.9258 GFlop/s per process)    85%    470.3 sec left
CG set 4588 / 5354    4711.4082 GFlop/s     (588.9260 GFlop/s per process)    85%    469.7 sec left
CG set 4589 / 5354    4711.4103 GFlop/s     (588.9263 GFlop/s per process)    85%    469.0 sec left
CG set 4590 / 5354    4711.4135 GFlop/s     (588.9267 GFlop/s per process)    85%    468.3 sec left
CG set 4591 / 5354    4711.4172 GFlop/s     (588.9272 GFlop/s per process)    85%    467.6 sec left
CG set 4592 / 5354    4711.4206 GFlop/s     (588.9276 GFlop/s per process)    85%    466.9 sec left
CG set 4593 / 5354    4711.4223 GFlop/s     (588.9278 GFlop/s per process)    85%    466.2 sec left
CG set 4594 / 5354    4711.4250 GFlop/s     (588.9281 GFlop/s per process)    85%    465.6 sec left
CG set 4595 / 5354    4711.4270 GFlop/s     (588.9284 GFlop/s per process)    85%    464.9 sec left
CG set 4596 / 5354    4711.4295 GFlop/s     (588.9287 GFlop/s per process)    85%    464.2 sec left
CG set 4597 / 5354    4711.4302 GFlop/s     (588.9288 GFlop/s per process)    85%    463.5 sec left
CG set 4598 / 5354    4711.4331 GFlop/s     (588.9291 GFlop/s per process)    85%    462.8 sec left
CG set 4599 / 5354    4711.4347 GFlop/s     (588.9293 GFlop/s per process)    85%    462.2 sec left
CG set 4600 / 5354    4711.4359 GFlop/s     (588.9295 GFlop/s per process)    85%    461.5 sec left
CG set 4601 / 5354    4711.4372 GFlop/s     (588.9296 GFlop/s per process)    85%    460.8 sec left
CG set 4602 / 5354    4711.4393 GFlop/s     (588.9299 GFlop/s per process)    85%    460.1 sec left
CG set 4603 / 5354    4711.4409 GFlop/s     (588.9301 GFlop/s per process)    85%    459.4 sec left
CG set 4604 / 5354    4711.4424 GFlop/s     (588.9303 GFlop/s per process)    85%    458.8 sec left
CG set 4605 / 5354    4711.4460 GFlop/s     (588.9307 GFlop/s per process)    86%    458.1 sec left
CG set 4606 / 5354    4711.4485 GFlop/s     (588.9311 GFlop/s per process)    86%    457.4 sec left
CG set 4607 / 5354    4711.4518 GFlop/s     (588.9315 GFlop/s per process)    86%    456.7 sec left
CG set 4608 / 5354    4711.4557 GFlop/s     (588.9320 GFlop/s per process)    86%    456.0 sec left
CG set 4609 / 5354    4711.4582 GFlop/s     (588.9323 GFlop/s per process)    86%    455.4 sec left
CG set 4610 / 5354    4711.4601 GFlop/s     (588.9325 GFlop/s per process)    86%    454.7 sec left
CG set 4611 / 5354    4711.4620 GFlop/s     (588.9328 GFlop/s per process)    86%    454.0 sec left
CG set 4612 / 5354    4711.4647 GFlop/s     (588.9331 GFlop/s per process)    86%    453.3 sec left
CG set 4613 / 5354    4711.4671 GFlop/s     (588.9334 GFlop/s per process)    86%    452.6 sec left
CG set 4614 / 5354    4711.4702 GFlop/s     (588.9338 GFlop/s per process)    86%    452.0 sec left
CG set 4615 / 5354    4711.4728 GFlop/s     (588.9341 GFlop/s per process)    86%    451.3 sec left
CG set 4616 / 5354    4711.4749 GFlop/s     (588.9344 GFlop/s per process)    86%    450.6 sec left
CG set 4617 / 5354    4711.4764 GFlop/s     (588.9346 GFlop/s per process)    86%    449.9 sec left
CG set 4618 / 5354    4711.4783 GFlop/s     (588.9348 GFlop/s per process)    86%    449.2 sec left
CG set 4619 / 5354    4711.4820 GFlop/s     (588.9352 GFlop/s per process)    86%    448.6 sec left
CG set 4620 / 5354    4711.4864 GFlop/s     (588.9358 GFlop/s per process)    86%    447.9 sec left
CG set 4621 / 5354    4711.4896 GFlop/s     (588.9362 GFlop/s per process)    86%    447.2 sec left
CG set 4622 / 5354    4711.4917 GFlop/s     (588.9365 GFlop/s per process)    86%    446.5 sec left
CG set 4623 / 5354    4711.4959 GFlop/s     (588.9370 GFlop/s per process)    86%    445.8 sec left
CG set 4624 / 5354    4711.4986 GFlop/s     (588.9373 GFlop/s per process)    86%    445.2 sec left
CG set 4625 / 5354    4711.5017 GFlop/s     (588.9377 GFlop/s per process)    86%    444.5 sec left
CG set 4626 / 5354    4711.5047 GFlop/s     (588.9381 GFlop/s per process)    86%    443.8 sec left
CG set 4627 / 5354    4711.5072 GFlop/s     (588.9384 GFlop/s per process)    86%    443.1 sec left
CG set 4628 / 5354    4711.5094 GFlop/s     (588.9387 GFlop/s per process)    86%    442.4 sec left
CG set 4629 / 5354    4711.5116 GFlop/s     (588.9390 GFlop/s per process)    86%    441.7 sec left
CG set 4630 / 5354    4711.5139 GFlop/s     (588.9392 GFlop/s per process)    86%    441.1 sec left
CG set 4631 / 5354    4711.5164 GFlop/s     (588.9396 GFlop/s per process)    86%    440.4 sec left
CG set 4632 / 5354    4711.5187 GFlop/s     (588.9398 GFlop/s per process)    86%    439.7 sec left
CG set 4633 / 5354    4711.5217 GFlop/s     (588.9402 GFlop/s per process)    86%    439.0 sec left
CG set 4634 / 5354    4711.5237 GFlop/s     (588.9405 GFlop/s per process)    86%    438.3 sec left
CG set 4635 / 5354    4711.5269 GFlop/s     (588.9409 GFlop/s per process)    86%    437.7 sec left
CG set 4636 / 5354    4711.5309 GFlop/s     (588.9414 GFlop/s per process)    86%    437.0 sec left
CG set 4637 / 5354    4711.5336 GFlop/s     (588.9417 GFlop/s per process)    86%    436.3 sec left
CG set 4638 / 5354    4711.5369 GFlop/s     (588.9421 GFlop/s per process)    86%    435.6 sec left
CG set 4639 / 5354    4711.5391 GFlop/s     (588.9424 GFlop/s per process)    86%    434.9 sec left
CG set 4640 / 5354    4711.5419 GFlop/s     (588.9427 GFlop/s per process)    86%    434.3 sec left
CG set 4641 / 5354    4711.5438 GFlop/s     (588.9430 GFlop/s per process)    86%    433.6 sec left
CG set 4642 / 5354    4711.5472 GFlop/s     (588.9434 GFlop/s per process)    86%    432.9 sec left
CG set 4643 / 5354    4711.5507 GFlop/s     (588.9438 GFlop/s per process)    86%    432.2 sec left
CG set 4644 / 5354    4711.5547 GFlop/s     (588.9443 GFlop/s per process)    86%    431.5 sec left
CG set 4645 / 5354    4711.5574 GFlop/s     (588.9447 GFlop/s per process)    86%    430.9 sec left
CG set 4646 / 5354    4711.5603 GFlop/s     (588.9450 GFlop/s per process)    86%    430.2 sec left
CG set 4647 / 5354    4711.5642 GFlop/s     (588.9455 GFlop/s per process)    86%    429.5 sec left
CG set 4648 / 5354    4711.5670 GFlop/s     (588.9459 GFlop/s per process)    86%    428.8 sec left
CG set 4649 / 5354    4711.5693 GFlop/s     (588.9462 GFlop/s per process)    86%    428.1 sec left
CG set 4650 / 5354    4711.5716 GFlop/s     (588.9465 GFlop/s per process)    86%    427.5 sec left
CG set 4651 / 5354    4711.5761 GFlop/s     (588.9470 GFlop/s per process)    86%    426.8 sec left
CG set 4652 / 5354    4711.5788 GFlop/s     (588.9473 GFlop/s per process)    86%    426.1 sec left
CG set 4653 / 5354    4711.5825 GFlop/s     (588.9478 GFlop/s per process)    86%    425.4 sec left
CG set 4654 / 5354    4711.5853 GFlop/s     (588.9482 GFlop/s per process)    86%    424.7 sec left
CG set 4655 / 5354    4711.5874 GFlop/s     (588.9484 GFlop/s per process)    86%    424.1 sec left
CG set 4656 / 5354    4711.5889 GFlop/s     (588.9486 GFlop/s per process)    86%    423.4 sec left
CG set 4657 / 5354    4711.5922 GFlop/s     (588.9490 GFlop/s per process)    86%    422.7 sec left
CG set 4658 / 5354    4711.5947 GFlop/s     (588.9493 GFlop/s per process)    87%    422.0 sec left
CG set 4659 / 5354    4711.5989 GFlop/s     (588.9499 GFlop/s per process)    87%    421.3 sec left
CG set 4660 / 5354    4711.6021 GFlop/s     (588.9503 GFlop/s per process)    87%    420.7 sec left
CG set 4661 / 5354    4711.6047 GFlop/s     (588.9506 GFlop/s per process)    87%    420.0 sec left
CG set 4662 / 5354    4711.6081 GFlop/s     (588.9510 GFlop/s per process)    87%    419.3 sec left
CG set 4663 / 5354    4711.6108 GFlop/s     (588.9513 GFlop/s per process)    87%    418.6 sec left
CG set 4664 / 5354    4711.6132 GFlop/s     (588.9516 GFlop/s per process)    87%    417.9 sec left
CG set 4665 / 5354    4711.6164 GFlop/s     (588.9521 GFlop/s per process)    87%    417.3 sec left
CG set 4666 / 5354    4711.6200 GFlop/s     (588.9525 GFlop/s per process)    87%    416.6 sec left
CG set 4667 / 5354    4711.6237 GFlop/s     (588.9530 GFlop/s per process)    87%    415.9 sec left
CG set 4668 / 5354    4711.6276 GFlop/s     (588.9534 GFlop/s per process)    87%    415.2 sec left
CG set 4669 / 5354    4711.6315 GFlop/s     (588.9539 GFlop/s per process)    87%    414.5 sec left
CG set 4670 / 5354    4711.6351 GFlop/s     (588.9544 GFlop/s per process)    87%    413.9 sec left
CG set 4671 / 5354    4711.6376 GFlop/s     (588.9547 GFlop/s per process)    87%    413.2 sec left
CG set 4672 / 5354    4711.6408 GFlop/s     (588.9551 GFlop/s per process)    87%    412.5 sec left
CG set 4673 / 5354    4711.6421 GFlop/s     (588.9553 GFlop/s per process)    87%    411.8 sec left
CG set 4674 / 5354    4711.6458 GFlop/s     (588.9557 GFlop/s per process)    87%    411.1 sec left
CG set 4675 / 5354    4711.6499 GFlop/s     (588.9562 GFlop/s per process)    87%    410.5 sec left
CG set 4676 / 5354    4711.6530 GFlop/s     (588.9566 GFlop/s per process)    87%    409.8 sec left
CG set 4677 / 5354    4711.6584 GFlop/s     (588.9573 GFlop/s per process)    87%    409.1 sec left
CG set 4678 / 5354    4711.6608 GFlop/s     (588.9576 GFlop/s per process)    87%    408.4 sec left
CG set 4679 / 5354    4711.6624 GFlop/s     (588.9578 GFlop/s per process)    87%    407.7 sec left
CG set 4680 / 5354    4711.6656 GFlop/s     (588.9582 GFlop/s per process)    87%    407.1 sec left
CG set 4681 / 5354    4711.6689 GFlop/s     (588.9586 GFlop/s per process)    87%    406.4 sec left
CG set 4682 / 5354    4711.6725 GFlop/s     (588.9591 GFlop/s per process)    87%    405.7 sec left
CG set 4683 / 5354    4711.6754 GFlop/s     (588.9594 GFlop/s per process)    87%    405.0 sec left
CG set 4684 / 5354    4711.6797 GFlop/s     (588.9600 GFlop/s per process)    87%    404.3 sec left
CG set 4685 / 5354    4711.6836 GFlop/s     (588.9605 GFlop/s per process)    87%    403.7 sec left
CG set 4686 / 5354    4711.6866 GFlop/s     (588.9608 GFlop/s per process)    87%    403.0 sec left
CG set 4687 / 5354    4711.6885 GFlop/s     (588.9611 GFlop/s per process)    87%    402.3 sec left
CG set 4688 / 5354    4711.6916 GFlop/s     (588.9615 GFlop/s per process)    87%    401.6 sec left
CG set 4689 / 5354    4711.6969 GFlop/s     (588.9621 GFlop/s per process)    87%    400.9 sec left
CG set 4690 / 5354    4711.7021 GFlop/s     (588.9628 GFlop/s per process)    87%    400.3 sec left
CG set 4691 / 5354    4711.7062 GFlop/s     (588.9633 GFlop/s per process)    87%    399.6 sec left
CG set 4692 / 5354    4711.7105 GFlop/s     (588.9638 GFlop/s per process)    87%    398.9 sec left
CG set 4693 / 5354    4711.7131 GFlop/s     (588.9641 GFlop/s per process)    87%    398.2 sec left
CG set 4694 / 5354    4711.7168 GFlop/s     (588.9646 GFlop/s per process)    87%    397.5 sec left
CG set 4695 / 5354    4711.7219 GFlop/s     (588.9652 GFlop/s per process)    87%    396.9 sec left
CG set 4696 / 5354    4711.7255 GFlop/s     (588.9657 GFlop/s per process)    87%    396.2 sec left
CG set 4697 / 5354    4711.7303 GFlop/s     (588.9663 GFlop/s per process)    87%    395.5 sec left
CG set 4698 / 5354    4711.7347 GFlop/s     (588.9668 GFlop/s per process)    87%    394.8 sec left
CG set 4699 / 5354    4711.7397 GFlop/s     (588.9675 GFlop/s per process)    87%    394.1 sec left
CG set 4700 / 5354    4711.7438 GFlop/s     (588.9680 GFlop/s per process)    87%    393.5 sec left
CG set 4701 / 5354    4711.7487 GFlop/s     (588.9686 GFlop/s per process)    87%    392.8 sec left
CG set 4702 / 5354    4711.7527 GFlop/s     (588.9691 GFlop/s per process)    87%    392.1 sec left
CG set 4703 / 5354    4711.7577 GFlop/s     (588.9697 GFlop/s per process)    87%    391.4 sec left
CG set 4704 / 5354    4711.7606 GFlop/s     (588.9701 GFlop/s per process)    87%    390.8 sec left
CG set 4705 / 5354    4711.7643 GFlop/s     (588.9705 GFlop/s per process)    87%    390.1 sec left
CG set 4706 / 5354    4711.7683 GFlop/s     (588.9710 GFlop/s per process)    87%    389.4 sec left
CG set 4707 / 5354    4711.7725 GFlop/s     (588.9716 GFlop/s per process)    87%    388.7 sec left
CG set 4708 / 5354    4711.7754 GFlop/s     (588.9719 GFlop/s per process)    87%    388.0 sec left
CG set 4709 / 5354    4711.7779 GFlop/s     (588.9722 GFlop/s per process)    87%    387.4 sec left
CG set 4710 / 5354    4711.7806 GFlop/s     (588.9726 GFlop/s per process)    87%    386.7 sec left
CG set 4711 / 5354    4711.7830 GFlop/s     (588.9729 GFlop/s per process)    87%    386.0 sec left
CG set 4712 / 5354    4711.7871 GFlop/s     (588.9734 GFlop/s per process)    88%    385.3 sec left
CG set 4713 / 5354    4711.7909 GFlop/s     (588.9739 GFlop/s per process)    88%    384.6 sec left
CG set 4714 / 5354    4711.7952 GFlop/s     (588.9744 GFlop/s per process)    88%    384.0 sec left
CG set 4715 / 5354    4711.7989 GFlop/s     (588.9749 GFlop/s per process)    88%    383.3 sec left
CG set 4716 / 5354    4711.8031 GFlop/s     (588.9754 GFlop/s per process)    88%    382.6 sec left
CG set 4717 / 5354    4711.8070 GFlop/s     (588.9759 GFlop/s per process)    88%    381.9 sec left
CG set 4718 / 5354    4711.8123 GFlop/s     (588.9765 GFlop/s per process)    88%    381.2 sec left
CG set 4719 / 5354    4711.8157 GFlop/s     (588.9770 GFlop/s per process)    88%    380.6 sec left
CG set 4720 / 5354    4711.8204 GFlop/s     (588.9775 GFlop/s per process)    88%    379.9 sec left
CG set 4721 / 5354    4711.8229 GFlop/s     (588.9779 GFlop/s per process)    88%    379.2 sec left
CG set 4722 / 5354    4711.8271 GFlop/s     (588.9784 GFlop/s per process)    88%    378.5 sec left
CG set 4723 / 5354    4711.8296 GFlop/s     (588.9787 GFlop/s per process)    88%    377.8 sec left
CG set 4724 / 5354    4711.8342 GFlop/s     (588.9793 GFlop/s per process)    88%    377.2 sec left
CG set 4725 / 5354    4711.8364 GFlop/s     (588.9795 GFlop/s per process)    88%    376.5 sec left
CG set 4726 / 5354    4711.8414 GFlop/s     (588.9802 GFlop/s per process)    88%    375.8 sec left
CG set 4727 / 5354    4711.8447 GFlop/s     (588.9806 GFlop/s per process)    88%    375.1 sec left
CG set 4728 / 5354    4711.8483 GFlop/s     (588.9810 GFlop/s per process)    88%    374.4 sec left
CG set 4729 / 5354    4711.8509 GFlop/s     (588.9814 GFlop/s per process)    88%    373.8 sec left
CG set 4730 / 5354    4711.8531 GFlop/s     (588.9816 GFlop/s per process)    88%    373.1 sec left
CG set 4731 / 5354    4711.8561 GFlop/s     (588.9820 GFlop/s per process)    88%    372.4 sec left
CG set 4732 / 5354    4711.8589 GFlop/s     (588.9824 GFlop/s per process)    88%    371.7 sec left
CG set 4733 / 5354    4711.8611 GFlop/s     (588.9826 GFlop/s per process)    88%    371.0 sec left
CG set 4734 / 5354    4711.8652 GFlop/s     (588.9831 GFlop/s per process)    88%    370.4 sec left
CG set 4735 / 5354    4711.8687 GFlop/s     (588.9836 GFlop/s per process)    88%    369.7 sec left
CG set 4736 / 5354    4711.8731 GFlop/s     (588.9841 GFlop/s per process)    88%    369.0 sec left
CG set 4737 / 5354    4711.8773 GFlop/s     (588.9847 GFlop/s per process)    88%    368.3 sec left
CG set 4738 / 5354    4711.8792 GFlop/s     (588.9849 GFlop/s per process)    88%    367.6 sec left
CG set 4739 / 5354    4711.8855 GFlop/s     (588.9857 GFlop/s per process)    88%    367.0 sec left
CG set 4740 / 5354    4711.8883 GFlop/s     (588.9860 GFlop/s per process)    88%    366.3 sec left
CG set 4741 / 5354    4711.8907 GFlop/s     (588.9863 GFlop/s per process)    88%    365.6 sec left
CG set 4742 / 5354    4711.8938 GFlop/s     (588.9867 GFlop/s per process)    88%    364.9 sec left
CG set 4743 / 5354    4711.8974 GFlop/s     (588.9872 GFlop/s per process)    88%    364.2 sec left
CG set 4744 / 5354    4711.9016 GFlop/s     (588.9877 GFlop/s per process)    88%    363.6 sec left
CG set 4745 / 5354    4711.9053 GFlop/s     (588.9882 GFlop/s per process)    88%    362.9 sec left
CG set 4746 / 5354    4711.9094 GFlop/s     (588.9887 GFlop/s per process)    88%    362.2 sec left
CG set 4747 / 5354    4711.9119 GFlop/s     (588.9890 GFlop/s per process)    88%    361.5 sec left
CG set 4748 / 5354    4711.9146 GFlop/s     (588.9893 GFlop/s per process)    88%    360.8 sec left
CG set 4749 / 5354    4711.9182 GFlop/s     (588.9898 GFlop/s per process)    88%    360.2 sec left
CG set 4750 / 5354    4711.9221 GFlop/s     (588.9903 GFlop/s per process)    88%    359.5 sec left
CG set 4751 / 5354    4711.9243 GFlop/s     (588.9905 GFlop/s per process)    88%    358.8 sec left
CG set 4752 / 5354    4711.9264 GFlop/s     (588.9908 GFlop/s per process)    88%    358.1 sec left
CG set 4753 / 5354    4711.9283 GFlop/s     (588.9910 GFlop/s per process)    88%    357.4 sec left
CG set 4754 / 5354    4711.9319 GFlop/s     (588.9915 GFlop/s per process)    88%    356.8 sec left
CG set 4755 / 5354    4711.9347 GFlop/s     (588.9918 GFlop/s per process)    88%    356.1 sec left
CG set 4756 / 5354    4711.9389 GFlop/s     (588.9924 GFlop/s per process)    88%    355.4 sec left
CG set 4757 / 5354    4711.9436 GFlop/s     (588.9930 GFlop/s per process)    88%    354.7 sec left
CG set 4758 / 5354    4711.9470 GFlop/s     (588.9934 GFlop/s per process)    88%    354.0 sec left
CG set 4759 / 5354    4711.9486 GFlop/s     (588.9936 GFlop/s per process)    88%    353.4 sec left
CG set 4760 / 5354    4711.9516 GFlop/s     (588.9939 GFlop/s per process)    88%    352.7 sec left
CG set 4761 / 5354    4711.9556 GFlop/s     (588.9944 GFlop/s per process)    88%    352.0 sec left
CG set 4762 / 5354    4711.9593 GFlop/s     (588.9949 GFlop/s per process)    88%    351.3 sec left
CG set 4763 / 5354    4711.9596 GFlop/s     (588.9949 GFlop/s per process)    88%    350.6 sec left
CG set 4764 / 5354    4711.9626 GFlop/s     (588.9953 GFlop/s per process)    88%    350.0 sec left
CG set 4765 / 5354    4711.9641 GFlop/s     (588.9955 GFlop/s per process)    88%    349.3 sec left
CG set 4766 / 5354    4711.9672 GFlop/s     (588.9959 GFlop/s per process)    89%    348.6 sec left
CG set 4767 / 5354    4711.9702 GFlop/s     (588.9963 GFlop/s per process)    89%    347.9 sec left
CG set 4768 / 5354    4711.9726 GFlop/s     (588.9966 GFlop/s per process)    89%    347.2 sec left
CG set 4769 / 5354    4711.9767 GFlop/s     (588.9971 GFlop/s per process)    89%    346.6 sec left
CG set 4770 / 5354    4711.9788 GFlop/s     (588.9973 GFlop/s per process)    89%    345.9 sec left
CG set 4771 / 5354    4711.9831 GFlop/s     (588.9979 GFlop/s per process)    89%    345.2 sec left
CG set 4772 / 5354    4711.9854 GFlop/s     (588.9982 GFlop/s per process)    89%    344.5 sec left
CG set 4773 / 5354    4711.9884 GFlop/s     (588.9986 GFlop/s per process)    89%    343.8 sec left
CG set 4774 / 5354    4711.9915 GFlop/s     (588.9989 GFlop/s per process)    89%    343.2 sec left
CG set 4775 / 5354    4711.9949 GFlop/s     (588.9994 GFlop/s per process)    89%    342.5 sec left
CG set 4776 / 5354    4711.9984 GFlop/s     (588.9998 GFlop/s per process)    89%    341.8 sec left
CG set 4777 / 5354    4712.0029 GFlop/s     (589.0004 GFlop/s per process)    89%    341.1 sec left
CG set 4778 / 5354    4712.0049 GFlop/s     (589.0006 GFlop/s per process)    89%    340.4 sec left
CG set 4779 / 5354    4712.0084 GFlop/s     (589.0010 GFlop/s per process)    89%    339.8 sec left
CG set 4780 / 5354    4712.0127 GFlop/s     (589.0016 GFlop/s per process)    89%    339.1 sec left
CG set 4781 / 5354    4712.0163 GFlop/s     (589.0020 GFlop/s per process)    89%    338.4 sec left
CG set 4782 / 5354    4712.0204 GFlop/s     (589.0026 GFlop/s per process)    89%    337.7 sec left
CG set 4783 / 5354    4712.0233 GFlop/s     (589.0029 GFlop/s per process)    89%    337.0 sec left
CG set 4784 / 5354    4712.0278 GFlop/s     (589.0035 GFlop/s per process)    89%    336.4 sec left
CG set 4785 / 5354    4712.0312 GFlop/s     (589.0039 GFlop/s per process)    89%    335.7 sec left
CG set 4786 / 5354    4712.0343 GFlop/s     (589.0043 GFlop/s per process)    89%    335.0 sec left
CG set 4787 / 5354    4712.0370 GFlop/s     (589.0046 GFlop/s per process)    89%    334.3 sec left
CG set 4788 / 5354    4712.0414 GFlop/s     (589.0052 GFlop/s per process)    89%    333.6 sec left
CG set 4789 / 5354    4712.0434 GFlop/s     (589.0054 GFlop/s per process)    89%    333.0 sec left
CG set 4790 / 5354    4712.0487 GFlop/s     (589.0061 GFlop/s per process)    89%    332.3 sec left
CG set 4791 / 5354    4712.0534 GFlop/s     (589.0067 GFlop/s per process)    89%    331.6 sec left
CG set 4792 / 5354    4712.0585 GFlop/s     (589.0073 GFlop/s per process)    89%    330.9 sec left
CG set 4793 / 5354    4712.0615 GFlop/s     (589.0077 GFlop/s per process)    89%    330.2 sec left
CG set 4794 / 5354    4712.0654 GFlop/s     (589.0082 GFlop/s per process)    89%    329.6 sec left
CG set 4795 / 5354    4712.0690 GFlop/s     (589.0086 GFlop/s per process)    89%    328.9 sec left
CG set 4796 / 5354    4712.0734 GFlop/s     (589.0092 GFlop/s per process)    89%    328.2 sec left
CG set 4797 / 5354    4712.0768 GFlop/s     (589.0096 GFlop/s per process)    89%    327.5 sec left
CG set 4798 / 5354    4712.0807 GFlop/s     (589.0101 GFlop/s per process)    89%    326.8 sec left
CG set 4799 / 5354    4712.0849 GFlop/s     (589.0106 GFlop/s per process)    89%    326.2 sec left
CG set 4800 / 5354    4712.0880 GFlop/s     (589.0110 GFlop/s per process)    89%    325.5 sec left
CG set 4801 / 5354    4712.0919 GFlop/s     (589.0115 GFlop/s per process)    89%    324.8 sec left
CG set 4802 / 5354    4712.0965 GFlop/s     (589.0121 GFlop/s per process)    89%    324.1 sec left
CG set 4803 / 5354    4712.1007 GFlop/s     (589.0126 GFlop/s per process)    89%    323.5 sec left
CG set 4804 / 5354    4712.1050 GFlop/s     (589.0131 GFlop/s per process)    89%    322.8 sec left
CG set 4805 / 5354    4712.1092 GFlop/s     (589.0136 GFlop/s per process)    89%    322.1 sec left
CG set 4806 / 5354    4712.1127 GFlop/s     (589.0141 GFlop/s per process)    89%    321.4 sec left
CG set 4807 / 5354    4712.1171 GFlop/s     (589.0146 GFlop/s per process)    89%    320.7 sec left
CG set 4808 / 5354    4712.1197 GFlop/s     (589.0150 GFlop/s per process)    89%    320.1 sec left
CG set 4809 / 5354    4712.1244 GFlop/s     (589.0155 GFlop/s per process)    89%    319.4 sec left
CG set 4810 / 5354    4712.1270 GFlop/s     (589.0159 GFlop/s per process)    89%    318.7 sec left
CG set 4811 / 5354    4712.1293 GFlop/s     (589.0162 GFlop/s per process)    89%    318.0 sec left
CG set 4812 / 5354    4712.1338 GFlop/s     (589.0167 GFlop/s per process)    89%    317.3 sec left
CG set 4813 / 5354    4712.1381 GFlop/s     (589.0173 GFlop/s per process)    89%    316.7 sec left
CG set 4814 / 5354    4712.1420 GFlop/s     (589.0177 GFlop/s per process)    89%    316.0 sec left
CG set 4815 / 5354    4712.1452 GFlop/s     (589.0182 GFlop/s per process)    89%    315.3 sec left
CG set 4816 / 5354    4712.1478 GFlop/s     (589.0185 GFlop/s per process)    89%    314.6 sec left
CG set 4817 / 5354    4712.1523 GFlop/s     (589.0190 GFlop/s per process)    89%    313.9 sec left
CG set 4818 / 5354    4712.1564 GFlop/s     (589.0195 GFlop/s per process)    89%    313.3 sec left
CG set 4819 / 5354    4712.1597 GFlop/s     (589.0200 GFlop/s per process)    90%    312.6 sec left
CG set 4820 / 5354    4712.1657 GFlop/s     (589.0207 GFlop/s per process)    90%    311.9 sec left
CG set 4821 / 5354    4712.1678 GFlop/s     (589.0210 GFlop/s per process)    90%    311.2 sec left
CG set 4822 / 5354    4712.1713 GFlop/s     (589.0214 GFlop/s per process)    90%    310.5 sec left
CG set 4823 / 5354    4712.1747 GFlop/s     (589.0218 GFlop/s per process)    90%    309.9 sec left
CG set 4824 / 5354    4712.1766 GFlop/s     (589.0221 GFlop/s per process)    90%    309.2 sec left
CG set 4825 / 5354    4712.1807 GFlop/s     (589.0226 GFlop/s per process)    90%    308.5 sec left
CG set 4826 / 5354    4712.1842 GFlop/s     (589.0230 GFlop/s per process)    90%    307.8 sec left
CG set 4827 / 5354    4712.1884 GFlop/s     (589.0235 GFlop/s per process)    90%    307.1 sec left
CG set 4828 / 5354    4712.1910 GFlop/s     (589.0239 GFlop/s per process)    90%    306.5 sec left
CG set 4829 / 5354    4712.1956 GFlop/s     (589.0245 GFlop/s per process)    90%    305.8 sec left
CG set 4830 / 5354    4712.2004 GFlop/s     (589.0251 GFlop/s per process)    90%    305.1 sec left
CG set 4831 / 5354    4712.2030 GFlop/s     (589.0254 GFlop/s per process)    90%    304.4 sec left
CG set 4832 / 5354    4712.2065 GFlop/s     (589.0258 GFlop/s per process)    90%    303.7 sec left
CG set 4833 / 5354    4712.2101 GFlop/s     (589.0263 GFlop/s per process)    90%    303.1 sec left
CG set 4834 / 5354    4712.2144 GFlop/s     (589.0268 GFlop/s per process)    90%    302.4 sec left
CG set 4835 / 5354    4712.2196 GFlop/s     (589.0275 GFlop/s per process)    90%    301.7 sec left
CG set 4836 / 5354    4712.2230 GFlop/s     (589.0279 GFlop/s per process)    90%    301.0 sec left
CG set 4837 / 5354    4712.2270 GFlop/s     (589.0284 GFlop/s per process)    90%    300.3 sec left
CG set 4838 / 5354    4712.2306 GFlop/s     (589.0288 GFlop/s per process)    90%    299.7 sec left
CG set 4839 / 5354    4712.2332 GFlop/s     (589.0291 GFlop/s per process)    90%    299.0 sec left
CG set 4840 / 5354    4712.2380 GFlop/s     (589.0298 GFlop/s per process)    90%    298.3 sec left
CG set 4841 / 5354    4712.2420 GFlop/s     (589.0302 GFlop/s per process)    90%    297.6 sec left
CG set 4842 / 5354    4712.2452 GFlop/s     (589.0306 GFlop/s per process)    90%    296.9 sec left
CG set 4843 / 5354    4712.2477 GFlop/s     (589.0310 GFlop/s per process)    90%    296.3 sec left
CG set 4844 / 5354    4712.2500 GFlop/s     (589.0312 GFlop/s per process)    90%    295.6 sec left
CG set 4845 / 5354    4712.2528 GFlop/s     (589.0316 GFlop/s per process)    90%    294.9 sec left
CG set 4846 / 5354    4712.2568 GFlop/s     (589.0321 GFlop/s per process)    90%    294.2 sec left
CG set 4847 / 5354    4712.2621 GFlop/s     (589.0328 GFlop/s per process)    90%    293.6 sec left
CG set 4848 / 5354    4712.2663 GFlop/s     (589.0333 GFlop/s per process)    90%    292.9 sec left
CG set 4849 / 5354    4712.2699 GFlop/s     (589.0337 GFlop/s per process)    90%    292.2 sec left
CG set 4850 / 5354    4712.2727 GFlop/s     (589.0341 GFlop/s per process)    90%    291.5 sec left
CG set 4851 / 5354    4712.2769 GFlop/s     (589.0346 GFlop/s per process)    90%    290.8 sec left
CG set 4852 / 5354    4712.2777 GFlop/s     (589.0347 GFlop/s per process)    90%    290.2 sec left
CG set 4853 / 5354    4712.2813 GFlop/s     (589.0352 GFlop/s per process)    90%    289.5 sec left
CG set 4854 / 5354    4712.2859 GFlop/s     (589.0357 GFlop/s per process)    90%    288.8 sec left
CG set 4855 / 5354    4712.2892 GFlop/s     (589.0361 GFlop/s per process)    90%    288.1 sec left
CG set 4856 / 5354    4712.2933 GFlop/s     (589.0367 GFlop/s per process)    90%    287.4 sec left
CG set 4857 / 5354    4712.2960 GFlop/s     (589.0370 GFlop/s per process)    90%    286.8 sec left
CG set 4858 / 5354    4712.2994 GFlop/s     (589.0374 GFlop/s per process)    90%    286.1 sec left
CG set 4859 / 5354    4712.3030 GFlop/s     (589.0379 GFlop/s per process)    90%    285.4 sec left
CG set 4860 / 5354    4712.3080 GFlop/s     (589.0385 GFlop/s per process)    90%    284.7 sec left
CG set 4861 / 5354    4712.3119 GFlop/s     (589.0390 GFlop/s per process)    90%    284.0 sec left
CG set 4862 / 5354    4712.3152 GFlop/s     (589.0394 GFlop/s per process)    90%    283.4 sec left
CG set 4863 / 5354    4712.3191 GFlop/s     (589.0399 GFlop/s per process)    90%    282.7 sec left
CG set 4864 / 5354    4712.3223 GFlop/s     (589.0403 GFlop/s per process)    90%    282.0 sec left
CG set 4865 / 5354    4712.3264 GFlop/s     (589.0408 GFlop/s per process)    90%    281.3 sec left
CG set 4866 / 5354    4712.3310 GFlop/s     (589.0414 GFlop/s per process)    90%    280.6 sec left
CG set 4867 / 5354    4712.3343 GFlop/s     (589.0418 GFlop/s per process)    90%    280.0 sec left
CG set 4868 / 5354    4712.3389 GFlop/s     (589.0424 GFlop/s per process)    90%    279.3 sec left
CG set 4869 / 5354    4712.3435 GFlop/s     (589.0429 GFlop/s per process)    90%    278.6 sec left
CG set 4870 / 5354    4712.3474 GFlop/s     (589.0434 GFlop/s per process)    90%    277.9 sec left
CG set 4871 / 5354    4712.3525 GFlop/s     (589.0441 GFlop/s per process)    90%    277.2 sec left
CG set 4872 / 5354    4712.3554 GFlop/s     (589.0444 GFlop/s per process)    90%    276.6 sec left
CG set 4873 / 5354    4712.3593 GFlop/s     (589.0449 GFlop/s per process)    91%    275.9 sec left
CG set 4874 / 5354    4712.3626 GFlop/s     (589.0453 GFlop/s per process)    91%    275.2 sec left
CG set 4875 / 5354    4712.3653 GFlop/s     (589.0457 GFlop/s per process)    91%    274.5 sec left
CG set 4876 / 5354    4712.3680 GFlop/s     (589.0460 GFlop/s per process)    91%    273.8 sec left
CG set 4877 / 5354    4712.3704 GFlop/s     (589.0463 GFlop/s per process)    91%    273.2 sec left
CG set 4878 / 5354    4712.3745 GFlop/s     (589.0468 GFlop/s per process)    91%    272.5 sec left
CG set 4879 / 5354    4712.3772 GFlop/s     (589.0472 GFlop/s per process)    91%    271.8 sec left
CG set 4880 / 5354    4712.3810 GFlop/s     (589.0476 GFlop/s per process)    91%    271.1 sec left
CG set 4881 / 5354    4712.3840 GFlop/s     (589.0480 GFlop/s per process)    91%    270.4 sec left
CG set 4882 / 5354    4712.3879 GFlop/s     (589.0485 GFlop/s per process)    91%    269.8 sec left
CG set 4883 / 5354    4712.3889 GFlop/s     (589.0486 GFlop/s per process)    91%    269.1 sec left
CG set 4884 / 5354    4712.3920 GFlop/s     (589.0490 GFlop/s per process)    91%    268.4 sec left
CG set 4885 / 5354    4712.3967 GFlop/s     (589.0496 GFlop/s per process)    91%    267.7 sec left
CG set 4886 / 5354    4712.3998 GFlop/s     (589.0500 GFlop/s per process)    91%    267.0 sec left
CG set 4887 / 5354    4712.4014 GFlop/s     (589.0502 GFlop/s per process)    91%    266.4 sec left
CG set 4888 / 5354    4712.4058 GFlop/s     (589.0507 GFlop/s per process)    91%    265.7 sec left
CG set 4889 / 5354    4712.4081 GFlop/s     (589.0510 GFlop/s per process)    91%    265.0 sec left
CG set 4890 / 5354    4712.4119 GFlop/s     (589.0515 GFlop/s per process)    91%    264.3 sec left
CG set 4891 / 5354    4712.4153 GFlop/s     (589.0519 GFlop/s per process)    91%    263.6 sec left
CG set 4892 / 5354    4712.4196 GFlop/s     (589.0525 GFlop/s per process)    91%    263.0 sec left
CG set 4893 / 5354    4712.4232 GFlop/s     (589.0529 GFlop/s per process)    91%    262.3 sec left
CG set 4894 / 5354    4712.4266 GFlop/s     (589.0533 GFlop/s per process)    91%    261.6 sec left
CG set 4895 / 5354    4712.4304 GFlop/s     (589.0538 GFlop/s per process)    91%    260.9 sec left
CG set 4896 / 5354    4712.4339 GFlop/s     (589.0542 GFlop/s per process)    91%    260.2 sec left
CG set 4897 / 5354    4712.4374 GFlop/s     (589.0547 GFlop/s per process)    91%    259.6 sec left
CG set 4898 / 5354    4712.4417 GFlop/s     (589.0552 GFlop/s per process)    91%    258.9 sec left
CG set 4899 / 5354    4712.4446 GFlop/s     (589.0556 GFlop/s per process)    91%    258.2 sec left
CG set 4900 / 5354    4712.4493 GFlop/s     (589.0562 GFlop/s per process)    91%    257.5 sec left
CG set 4901 / 5354    4712.4540 GFlop/s     (589.0567 GFlop/s per process)    91%    256.9 sec left
CG set 4902 / 5354    4712.4573 GFlop/s     (589.0572 GFlop/s per process)    91%    256.2 sec left
CG set 4903 / 5354    4712.4606 GFlop/s     (589.0576 GFlop/s per process)    91%    255.5 sec left
CG set 4904 / 5354    4712.4647 GFlop/s     (589.0581 GFlop/s per process)    91%    254.8 sec left
CG set 4905 / 5354    4712.4671 GFlop/s     (589.0584 GFlop/s per process)    91%    254.1 sec left
CG set 4906 / 5354    4712.4713 GFlop/s     (589.0589 GFlop/s per process)    91%    253.5 sec left
CG set 4907 / 5354    4712.4755 GFlop/s     (589.0594 GFlop/s per process)    91%    252.8 sec left
CG set 4908 / 5354    4712.4796 GFlop/s     (589.0599 GFlop/s per process)    91%    252.1 sec left
CG set 4909 / 5354    4712.4831 GFlop/s     (589.0604 GFlop/s per process)    91%    251.4 sec left
CG set 4910 / 5354    4712.4866 GFlop/s     (589.0608 GFlop/s per process)    91%    250.7 sec left
CG set 4911 / 5354    4712.4904 GFlop/s     (589.0613 GFlop/s per process)    91%    250.1 sec left
CG set 4912 / 5354    4712.4948 GFlop/s     (589.0618 GFlop/s per process)    91%    249.4 sec left
CG set 4913 / 5354    4712.4977 GFlop/s     (589.0622 GFlop/s per process)    91%    248.7 sec left
CG set 4914 / 5354    4712.5002 GFlop/s     (589.0625 GFlop/s per process)    91%    248.0 sec left
CG set 4915 / 5354    4712.5036 GFlop/s     (589.0630 GFlop/s per process)    91%    247.3 sec left
CG set 4916 / 5354    4712.5075 GFlop/s     (589.0634 GFlop/s per process)    91%    246.7 sec left
CG set 4917 / 5354    4712.5103 GFlop/s     (589.0638 GFlop/s per process)    91%    246.0 sec left
CG set 4918 / 5354    4712.5140 GFlop/s     (589.0643 GFlop/s per process)    91%    245.3 sec left
CG set 4919 / 5354    4712.5151 GFlop/s     (589.0644 GFlop/s per process)    91%    244.6 sec left
CG set 4920 / 5354    4712.5184 GFlop/s     (589.0648 GFlop/s per process)    91%    243.9 sec left
CG set 4921 / 5354    4712.5212 GFlop/s     (589.0651 GFlop/s per process)    91%    243.3 sec left
CG set 4922 / 5354    4712.5250 GFlop/s     (589.0656 GFlop/s per process)    91%    242.6 sec left
CG set 4923 / 5354    4712.5285 GFlop/s     (589.0661 GFlop/s per process)    91%    241.9 sec left
CG set 4924 / 5354    4712.5315 GFlop/s     (589.0664 GFlop/s per process)    91%    241.2 sec left
CG set 4925 / 5354    4712.5344 GFlop/s     (589.0668 GFlop/s per process)    91%    240.5 sec left
CG set 4926 / 5354    4712.5375 GFlop/s     (589.0672 GFlop/s per process)    92%    239.9 sec left
CG set 4927 / 5354    4712.5413 GFlop/s     (589.0677 GFlop/s per process)    92%    239.2 sec left
CG set 4928 / 5354    4712.5428 GFlop/s     (589.0679 GFlop/s per process)    92%    238.5 sec left
CG set 4929 / 5354    4712.5460 GFlop/s     (589.0682 GFlop/s per process)    92%    237.8 sec left
CG set 4930 / 5354    4712.5492 GFlop/s     (589.0687 GFlop/s per process)    92%    237.1 sec left
CG set 4931 / 5354    4712.5515 GFlop/s     (589.0689 GFlop/s per process)    92%    236.5 sec left
CG set 4932 / 5354    4712.5553 GFlop/s     (589.0694 GFlop/s per process)    92%    235.8 sec left
CG set 4933 / 5354    4712.5577 GFlop/s     (589.0697 GFlop/s per process)    92%    235.1 sec left
CG set 4934 / 5354    4712.5611 GFlop/s     (589.0701 GFlop/s per process)    92%    234.4 sec left
CG set 4935 / 5354    4712.5632 GFlop/s     (589.0704 GFlop/s per process)    92%    233.7 sec left
CG set 4936 / 5354    4712.5669 GFlop/s     (589.0709 GFlop/s per process)    92%    233.1 sec left
CG set 4937 / 5354    4712.5706 GFlop/s     (589.0713 GFlop/s per process)    92%    232.4 sec left
CG set 4938 / 5354    4712.5723 GFlop/s     (589.0715 GFlop/s per process)    92%    231.7 sec left
CG set 4939 / 5354    4712.5756 GFlop/s     (589.0720 GFlop/s per process)    92%    231.0 sec left
CG set 4940 / 5354    4712.5798 GFlop/s     (589.0725 GFlop/s per process)    92%    230.3 sec left
CG set 4941 / 5354    4712.5832 GFlop/s     (589.0729 GFlop/s per process)    92%    229.7 sec left
CG set 4942 / 5354    4712.5877 GFlop/s     (589.0735 GFlop/s per process)    92%    229.0 sec left
CG set 4943 / 5354    4712.5920 GFlop/s     (589.0740 GFlop/s per process)    92%    228.3 sec left
CG set 4944 / 5354    4712.5953 GFlop/s     (589.0744 GFlop/s per process)    92%    227.6 sec left
CG set 4945 / 5354    4712.5974 GFlop/s     (589.0747 GFlop/s per process)    92%    226.9 sec left
CG set 4946 / 5354    4712.6018 GFlop/s     (589.0752 GFlop/s per process)    92%    226.3 sec left
CG set 4947 / 5354    4712.6049 GFlop/s     (589.0756 GFlop/s per process)    92%    225.6 sec left
CG set 4948 / 5354    4712.6075 GFlop/s     (589.0759 GFlop/s per process)    92%    224.9 sec left
CG set 4949 / 5354    4712.6120 GFlop/s     (589.0765 GFlop/s per process)    92%    224.2 sec left
CG set 4950 / 5354    4712.6159 GFlop/s     (589.0770 GFlop/s per process)    92%    223.5 sec left
CG set 4951 / 5354    4712.6170 GFlop/s     (589.0771 GFlop/s per process)    92%    222.9 sec left
CG set 4952 / 5354    4712.6222 GFlop/s     (589.0778 GFlop/s per process)    92%    222.2 sec left
CG set 4953 / 5354    4712.6248 GFlop/s     (589.0781 GFlop/s per process)    92%    221.5 sec left
CG set 4954 / 5354    4712.6293 GFlop/s     (589.0787 GFlop/s per process)    92%    220.8 sec left
CG set 4955 / 5354    4712.6325 GFlop/s     (589.0791 GFlop/s per process)    92%    220.1 sec left
CG set 4956 / 5354    4712.6363 GFlop/s     (589.0795 GFlop/s per process)    92%    219.5 sec left
CG set 4957 / 5354    4712.6410 GFlop/s     (589.0801 GFlop/s per process)    92%    218.8 sec left
CG set 4958 / 5354    4712.6449 GFlop/s     (589.0806 GFlop/s per process)    92%    218.1 sec left
CG set 4959 / 5354    4712.6488 GFlop/s     (589.0811 GFlop/s per process)    92%    217.4 sec left
CG set 4960 / 5354    4712.6507 GFlop/s     (589.0813 GFlop/s per process)    92%    216.8 sec left
CG set 4961 / 5354    4712.6559 GFlop/s     (589.0820 GFlop/s per process)    92%    216.1 sec left
CG set 4962 / 5354    4712.6598 GFlop/s     (589.0825 GFlop/s per process)    92%    215.4 sec left
CG set 4963 / 5354    4712.6626 GFlop/s     (589.0828 GFlop/s per process)    92%    214.7 sec left
CG set 4964 / 5354    4712.6655 GFlop/s     (589.0832 GFlop/s per process)    92%    214.0 sec left
CG set 4965 / 5354    4712.6677 GFlop/s     (589.0835 GFlop/s per process)    92%    213.4 sec left
CG set 4966 / 5354    4712.6722 GFlop/s     (589.0840 GFlop/s per process)    92%    212.7 sec left
CG set 4967 / 5354    4712.6760 GFlop/s     (589.0845 GFlop/s per process)    92%    212.0 sec left
CG set 4968 / 5354    4712.6791 GFlop/s     (589.0849 GFlop/s per process)    92%    211.3 sec left
CG set 4969 / 5354    4712.6807 GFlop/s     (589.0851 GFlop/s per process)    92%    210.6 sec left
CG set 4970 / 5354    4712.6843 GFlop/s     (589.0855 GFlop/s per process)    92%    210.0 sec left
CG set 4971 / 5354    4712.6896 GFlop/s     (589.0862 GFlop/s per process)    92%    209.3 sec left
CG set 4972 / 5354    4712.6911 GFlop/s     (589.0864 GFlop/s per process)    92%    208.6 sec left
CG set 4973 / 5354    4712.6962 GFlop/s     (589.0870 GFlop/s per process)    92%    207.9 sec left
CG set 4974 / 5354    4712.7001 GFlop/s     (589.0875 GFlop/s per process)    92%    207.2 sec left
CG set 4975 / 5354    4712.7045 GFlop/s     (589.0881 GFlop/s per process)    92%    206.6 sec left
CG set 4976 / 5354    4712.7062 GFlop/s     (589.0883 GFlop/s per process)    92%    205.9 sec left
CG set 4977 / 5354    4712.7090 GFlop/s     (589.0886 GFlop/s per process)    92%    205.2 sec left
CG set 4978 / 5354    4712.7132 GFlop/s     (589.0892 GFlop/s per process)    92%    204.5 sec left
CG set 4979 / 5354    4712.7169 GFlop/s     (589.0896 GFlop/s per process)    92%    203.8 sec left
CG set 4980 / 5354    4712.7210 GFlop/s     (589.0901 GFlop/s per process)    93%    203.2 sec left
CG set 4981 / 5354    4712.7248 GFlop/s     (589.0906 GFlop/s per process)    93%    202.5 sec left
CG set 4982 / 5354    4712.7280 GFlop/s     (589.0910 GFlop/s per process)    93%    201.8 sec left
CG set 4983 / 5354    4712.7295 GFlop/s     (589.0912 GFlop/s per process)    93%    201.1 sec left
CG set 4984 / 5354    4712.7330 GFlop/s     (589.0916 GFlop/s per process)    93%    200.4 sec left
CG set 4985 / 5354    4712.7362 GFlop/s     (589.0920 GFlop/s per process)    93%    199.8 sec left
CG set 4986 / 5354    4712.7399 GFlop/s     (589.0925 GFlop/s per process)    93%    199.1 sec left
CG set 4987 / 5354    4712.7442 GFlop/s     (589.0930 GFlop/s per process)    93%    198.4 sec left
CG set 4988 / 5354    4712.7488 GFlop/s     (589.0936 GFlop/s per process)    93%    197.7 sec left
CG set 4989 / 5354    4712.7520 GFlop/s     (589.0940 GFlop/s per process)    93%    197.0 sec left
CG set 4990 / 5354    4712.7544 GFlop/s     (589.0943 GFlop/s per process)    93%    196.4 sec left
CG set 4991 / 5354    4712.7568 GFlop/s     (589.0946 GFlop/s per process)    93%    195.7 sec left
CG set 4992 / 5354    4712.7607 GFlop/s     (589.0951 GFlop/s per process)    93%    195.0 sec left
CG set 4993 / 5354    4712.7657 GFlop/s     (589.0957 GFlop/s per process)    93%    194.3 sec left
CG set 4994 / 5354    4712.7688 GFlop/s     (589.0961 GFlop/s per process)    93%    193.6 sec left
CG set 4995 / 5354    4712.7715 GFlop/s     (589.0964 GFlop/s per process)    93%    193.0 sec left
CG set 4996 / 5354    4712.7743 GFlop/s     (589.0968 GFlop/s per process)    93%    192.3 sec left
CG set 4997 / 5354    4712.7763 GFlop/s     (589.0970 GFlop/s per process)    93%    191.6 sec left
CG set 4998 / 5354    4712.7786 GFlop/s     (589.0973 GFlop/s per process)    93%    190.9 sec left
CG set 4999 / 5354    4712.7829 GFlop/s     (589.0979 GFlop/s per process)    93%    190.2 sec left
CG set 5000 / 5354    4712.7865 GFlop/s     (589.0983 GFlop/s per process)    93%    189.6 sec left
CG set 5001 / 5354    4712.7884 GFlop/s     (589.0986 GFlop/s per process)    93%    188.9 sec left
CG set 5002 / 5354    4712.7933 GFlop/s     (589.0992 GFlop/s per process)    93%    188.2 sec left
CG set 5003 / 5354    4712.7967 GFlop/s     (589.0996 GFlop/s per process)    93%    187.5 sec left
CG set 5004 / 5354    4712.8001 GFlop/s     (589.1000 GFlop/s per process)    93%    186.8 sec left
CG set 5005 / 5354    4712.8031 GFlop/s     (589.1004 GFlop/s per process)    93%    186.2 sec left
CG set 5006 / 5354    4712.8053 GFlop/s     (589.1007 GFlop/s per process)    93%    185.5 sec left
CG set 5007 / 5354    4712.8090 GFlop/s     (589.1011 GFlop/s per process)    93%    184.8 sec left
CG set 5008 / 5354    4712.8119 GFlop/s     (589.1015 GFlop/s per process)    93%    184.1 sec left
CG set 5009 / 5354    4712.8164 GFlop/s     (589.1021 GFlop/s per process)    93%    183.4 sec left
CG set 5010 / 5354    4712.8206 GFlop/s     (589.1026 GFlop/s per process)    93%    182.8 sec left
CG set 5011 / 5354    4712.8232 GFlop/s     (589.1029 GFlop/s per process)    93%    182.1 sec left
CG set 5012 / 5354    4712.8255 GFlop/s     (589.1032 GFlop/s per process)    93%    181.4 sec left
CG set 5013 / 5354    4712.8296 GFlop/s     (589.1037 GFlop/s per process)    93%    180.7 sec left
CG set 5014 / 5354    4712.8322 GFlop/s     (589.1040 GFlop/s per process)    93%    180.1 sec left
CG set 5015 / 5354    4712.8374 GFlop/s     (589.1047 GFlop/s per process)    93%    179.4 sec left
CG set 5016 / 5354    4712.8417 GFlop/s     (589.1052 GFlop/s per process)    93%    178.7 sec left
CG set 5017 / 5354    4712.8452 GFlop/s     (589.1056 GFlop/s per process)    93%    178.0 sec left
CG set 5018 / 5354    4712.8496 GFlop/s     (589.1062 GFlop/s per process)    93%    177.3 sec left
CG set 5019 / 5354    4712.8532 GFlop/s     (589.1066 GFlop/s per process)    93%    176.7 sec left
CG set 5020 / 5354    4712.8583 GFlop/s     (589.1073 GFlop/s per process)    93%    176.0 sec left
CG set 5021 / 5354    4712.8597 GFlop/s     (589.1075 GFlop/s per process)    93%    175.3 sec left
CG set 5022 / 5354    4712.8624 GFlop/s     (589.1078 GFlop/s per process)    93%    174.6 sec left
CG set 5023 / 5354    4712.8665 GFlop/s     (589.1083 GFlop/s per process)    93%    173.9 sec left
CG set 5024 / 5354    4712.8685 GFlop/s     (589.1086 GFlop/s per process)    93%    173.3 sec left
CG set 5025 / 5354    4712.8730 GFlop/s     (589.1091 GFlop/s per process)    93%    172.6 sec left
CG set 5026 / 5354    4712.8778 GFlop/s     (589.1097 GFlop/s per process)    93%    171.9 sec left
CG set 5027 / 5354    4712.8812 GFlop/s     (589.1102 GFlop/s per process)    93%    171.2 sec left
CG set 5028 / 5354    4712.8844 GFlop/s     (589.1106 GFlop/s per process)    93%    170.5 sec left
CG set 5029 / 5354    4712.8886 GFlop/s     (589.1111 GFlop/s per process)    93%    169.9 sec left
CG set 5030 / 5354    4712.8921 GFlop/s     (589.1115 GFlop/s per process)    93%    169.2 sec left
CG set 5031 / 5354    4712.8952 GFlop/s     (589.1119 GFlop/s per process)    93%    168.5 sec left
CG set 5032 / 5354    4712.8992 GFlop/s     (589.1124 GFlop/s per process)    93%    167.8 sec left
CG set 5033 / 5354    4712.9018 GFlop/s     (589.1127 GFlop/s per process)    94%    167.1 sec left
CG set 5034 / 5354    4712.9058 GFlop/s     (589.1132 GFlop/s per process)    94%    166.5 sec left
CG set 5035 / 5354    4712.9092 GFlop/s     (589.1137 GFlop/s per process)    94%    165.8 sec left
CG set 5036 / 5354    4712.9132 GFlop/s     (589.1142 GFlop/s per process)    94%    165.1 sec left
CG set 5037 / 5354    4712.9166 GFlop/s     (589.1146 GFlop/s per process)    94%    164.4 sec left
CG set 5038 / 5354    4712.9208 GFlop/s     (589.1151 GFlop/s per process)    94%    163.7 sec left
CG set 5039 / 5354    4712.9236 GFlop/s     (589.1155 GFlop/s per process)    94%    163.1 sec left
CG set 5040 / 5354    4712.9267 GFlop/s     (589.1158 GFlop/s per process)    94%    162.4 sec left
CG set 5041 / 5354    4712.9305 GFlop/s     (589.1163 GFlop/s per process)    94%    161.7 sec left
CG set 5042 / 5354    4712.9357 GFlop/s     (589.1170 GFlop/s per process)    94%    161.0 sec left
CG set 5043 / 5354    4712.9386 GFlop/s     (589.1173 GFlop/s per process)    94%    160.4 sec left
CG set 5044 / 5354    4712.9415 GFlop/s     (589.1177 GFlop/s per process)    94%    159.7 sec left
CG set 5045 / 5354    4712.9452 GFlop/s     (589.1181 GFlop/s per process)    94%    159.0 sec left
CG set 5046 / 5354    4712.9473 GFlop/s     (589.1184 GFlop/s per process)    94%    158.3 sec left
CG set 5047 / 5354    4712.9516 GFlop/s     (589.1189 GFlop/s per process)    94%    157.6 sec left
CG set 5048 / 5354    4712.9547 GFlop/s     (589.1193 GFlop/s per process)    94%    157.0 sec left
CG set 5049 / 5354    4712.9584 GFlop/s     (589.1198 GFlop/s per process)    94%    156.3 sec left
CG set 5050 / 5354    4712.9617 GFlop/s     (589.1202 GFlop/s per process)    94%    155.6 sec left
CG set 5051 / 5354    4712.9659 GFlop/s     (589.1207 GFlop/s per process)    94%    154.9 sec left
CG set 5052 / 5354    4712.9677 GFlop/s     (589.1210 GFlop/s per process)    94%    154.2 sec left
CG set 5053 / 5354    4712.9702 GFlop/s     (589.1213 GFlop/s per process)    94%    153.6 sec left
CG set 5054 / 5354    4712.9728 GFlop/s     (589.1216 GFlop/s per process)    94%    152.9 sec left
CG set 5055 / 5354    4712.9749 GFlop/s     (589.1219 GFlop/s per process)    94%    152.2 sec left
CG set 5056 / 5354    4712.9793 GFlop/s     (589.1224 GFlop/s per process)    94%    151.5 sec left
CG set 5057 / 5354    4712.9817 GFlop/s     (589.1227 GFlop/s per process)    94%    150.8 sec left
CG set 5058 / 5354    4712.9839 GFlop/s     (589.1230 GFlop/s per process)    94%    150.2 sec left
CG set 5059 / 5354    4712.9854 GFlop/s     (589.1232 GFlop/s per process)    94%    149.5 sec left
CG set 5060 / 5354    4712.9883 GFlop/s     (589.1235 GFlop/s per process)    94%    148.8 sec left
CG set 5061 / 5354    4712.9924 GFlop/s     (589.1241 GFlop/s per process)    94%    148.1 sec left
CG set 5062 / 5354    4712.9953 GFlop/s     (589.1244 GFlop/s per process)    94%    147.4 sec left
CG set 5063 / 5354    4712.9995 GFlop/s     (589.1249 GFlop/s per process)    94%    146.8 sec left
CG set 5064 / 5354    4713.0031 GFlop/s     (589.1254 GFlop/s per process)    94%    146.1 sec left
CG set 5065 / 5354    4713.0077 GFlop/s     (589.1260 GFlop/s per process)    94%    145.4 sec left
CG set 5066 / 5354    4713.0103 GFlop/s     (589.1263 GFlop/s per process)    94%    144.7 sec left
CG set 5067 / 5354    4713.0137 GFlop/s     (589.1267 GFlop/s per process)    94%    144.0 sec left
CG set 5068 / 5354    4713.0165 GFlop/s     (589.1271 GFlop/s per process)    94%    143.4 sec left
CG set 5069 / 5354    4713.0202 GFlop/s     (589.1275 GFlop/s per process)    94%    142.7 sec left
CG set 5070 / 5354    4713.0237 GFlop/s     (589.1280 GFlop/s per process)    94%    142.0 sec left
CG set 5071 / 5354    4713.0273 GFlop/s     (589.1284 GFlop/s per process)    94%    141.3 sec left
CG set 5072 / 5354    4713.0320 GFlop/s     (589.1290 GFlop/s per process)    94%    140.6 sec left
CG set 5073 / 5354    4713.0352 GFlop/s     (589.1294 GFlop/s per process)    94%    140.0 sec left
CG set 5074 / 5354    4713.0369 GFlop/s     (589.1296 GFlop/s per process)    94%    139.3 sec left
CG set 5075 / 5354    4713.0415 GFlop/s     (589.1302 GFlop/s per process)    94%    138.6 sec left
CG set 5076 / 5354    4713.0452 GFlop/s     (589.1307 GFlop/s per process)    94%    137.9 sec left
CG set 5077 / 5354    4713.0489 GFlop/s     (589.1311 GFlop/s per process)    94%    137.2 sec left
CG set 5078 / 5354    4713.0528 GFlop/s     (589.1316 GFlop/s per process)    94%    136.6 sec left
CG set 5079 / 5354    4713.0572 GFlop/s     (589.1322 GFlop/s per process)    94%    135.9 sec left
CG set 5080 / 5354    4713.0606 GFlop/s     (589.1326 GFlop/s per process)    94%    135.2 sec left
CG set 5081 / 5354    4713.0646 GFlop/s     (589.1331 GFlop/s per process)    94%    134.5 sec left
CG set 5082 / 5354    4713.0666 GFlop/s     (589.1333 GFlop/s per process)    94%    133.8 sec left
CG set 5083 / 5354    4713.0712 GFlop/s     (589.1339 GFlop/s per process)    94%    133.2 sec left
CG set 5084 / 5354    4713.0738 GFlop/s     (589.1342 GFlop/s per process)    94%    132.5 sec left
CG set 5085 / 5354    4713.0777 GFlop/s     (589.1347 GFlop/s per process)    94%    131.8 sec left
CG set 5086 / 5354    4713.0805 GFlop/s     (589.1351 GFlop/s per process)    94%    131.1 sec left
CG set 5087 / 5354    4713.0834 GFlop/s     (589.1354 GFlop/s per process)    95%    130.4 sec left
CG set 5088 / 5354    4713.0869 GFlop/s     (589.1359 GFlop/s per process)    95%    129.8 sec left
CG set 5089 / 5354    4713.0899 GFlop/s     (589.1362 GFlop/s per process)    95%    129.1 sec left
CG set 5090 / 5354    4713.0934 GFlop/s     (589.1367 GFlop/s per process)    95%    128.4 sec left
CG set 5091 / 5354    4713.0975 GFlop/s     (589.1372 GFlop/s per process)    95%    127.7 sec left
CG set 5092 / 5354    4713.1012 GFlop/s     (589.1376 GFlop/s per process)    95%    127.1 sec left
CG set 5093 / 5354    4713.1049 GFlop/s     (589.1381 GFlop/s per process)    95%    126.4 sec left
CG set 5094 / 5354    4713.1077 GFlop/s     (589.1385 GFlop/s per process)    95%    125.7 sec left
CG set 5095 / 5354    4713.1109 GFlop/s     (589.1389 GFlop/s per process)    95%    125.0 sec left
CG set 5096 / 5354    4713.1137 GFlop/s     (589.1392 GFlop/s per process)    95%    124.3 sec left
CG set 5097 / 5354    4713.1146 GFlop/s     (589.1393 GFlop/s per process)    95%    123.7 sec left
CG set 5098 / 5354    4713.1179 GFlop/s     (589.1397 GFlop/s per process)    95%    123.0 sec left
CG set 5099 / 5354    4713.1209 GFlop/s     (589.1401 GFlop/s per process)    95%    122.3 sec left
CG set 5100 / 5354    4713.1232 GFlop/s     (589.1404 GFlop/s per process)    95%    121.6 sec left
CG set 5101 / 5354    4713.1265 GFlop/s     (589.1408 GFlop/s per process)    95%    120.9 sec left
CG set 5102 / 5354    4713.1292 GFlop/s     (589.1412 GFlop/s per process)    95%    120.3 sec left
CG set 5103 / 5354    4713.1331 GFlop/s     (589.1416 GFlop/s per process)    95%    119.6 sec left
CG set 5104 / 5354    4713.1362 GFlop/s     (589.1420 GFlop/s per process)    95%    118.9 sec left
CG set 5105 / 5354    4713.1395 GFlop/s     (589.1424 GFlop/s per process)    95%    118.2 sec left
CG set 5106 / 5354    4713.1437 GFlop/s     (589.1430 GFlop/s per process)    95%    117.5 sec left
CG set 5107 / 5354    4713.1471 GFlop/s     (589.1434 GFlop/s per process)    95%    116.9 sec left
CG set 5108 / 5354    4713.1508 GFlop/s     (589.1438 GFlop/s per process)    95%    116.2 sec left
CG set 5109 / 5354    4713.1540 GFlop/s     (589.1443 GFlop/s per process)    95%    115.5 sec left
CG set 5110 / 5354    4713.1570 GFlop/s     (589.1446 GFlop/s per process)    95%    114.8 sec left
CG set 5111 / 5354    4713.1591 GFlop/s     (589.1449 GFlop/s per process)    95%    114.1 sec left
CG set 5112 / 5354    4713.1617 GFlop/s     (589.1452 GFlop/s per process)    95%    113.5 sec left
CG set 5113 / 5354    4713.1646 GFlop/s     (589.1456 GFlop/s per process)    95%    112.8 sec left
CG set 5114 / 5354    4713.1676 GFlop/s     (589.1460 GFlop/s per process)    95%    112.1 sec left
CG set 5115 / 5354    4713.1705 GFlop/s     (589.1463 GFlop/s per process)    95%    111.4 sec left
CG set 5116 / 5354    4713.1729 GFlop/s     (589.1466 GFlop/s per process)    95%    110.7 sec left
CG set 5117 / 5354    4713.1762 GFlop/s     (589.1470 GFlop/s per process)    95%    110.1 sec left
CG set 5118 / 5354    4713.1793 GFlop/s     (589.1474 GFlop/s per process)    95%    109.4 sec left
CG set 5119 / 5354    4713.1834 GFlop/s     (589.1479 GFlop/s per process)    95%    108.7 sec left
CG set 5120 / 5354    4713.1856 GFlop/s     (589.1482 GFlop/s per process)    95%    108.0 sec left
CG set 5121 / 5354    4713.1897 GFlop/s     (589.1487 GFlop/s per process)    95%    107.3 sec left
CG set 5122 / 5354    4713.1928 GFlop/s     (589.1491 GFlop/s per process)    95%    106.7 sec left
CG set 5123 / 5354    4713.1952 GFlop/s     (589.1494 GFlop/s per process)    95%    106.0 sec left
CG set 5124 / 5354    4713.1981 GFlop/s     (589.1498 GFlop/s per process)    95%    105.3 sec left
CG set 5125 / 5354    4713.2024 GFlop/s     (589.1503 GFlop/s per process)    95%    104.6 sec left
CG set 5126 / 5354    4713.2057 GFlop/s     (589.1507 GFlop/s per process)    95%    103.9 sec left
CG set 5127 / 5354    4713.2091 GFlop/s     (589.1511 GFlop/s per process)    95%    103.3 sec left
CG set 5128 / 5354    4713.2116 GFlop/s     (589.1515 GFlop/s per process)    95%    102.6 sec left
CG set 5129 / 5354    4713.2149 GFlop/s     (589.1519 GFlop/s per process)    95%    101.9 sec left
CG set 5130 / 5354    4713.2170 GFlop/s     (589.1521 GFlop/s per process)    95%    101.2 sec left
CG set 5131 / 5354    4713.2211 GFlop/s     (589.1526 GFlop/s per process)    95%    100.5 sec left
CG set 5132 / 5354    4713.2241 GFlop/s     (589.1530 GFlop/s per process)    95%    99.9 sec left
CG set 5133 / 5354    4713.2276 GFlop/s     (589.1535 GFlop/s per process)    95%    99.2 sec left
CG set 5134 / 5354    4713.2310 GFlop/s     (589.1539 GFlop/s per process)    95%    98.5 sec left
CG set 5135 / 5354    4713.2346 GFlop/s     (589.1543 GFlop/s per process)    95%    97.8 sec left
CG set 5136 / 5354    4713.2365 GFlop/s     (589.1546 GFlop/s per process)    95%    97.1 sec left
CG set 5137 / 5354    4713.2390 GFlop/s     (589.1549 GFlop/s per process)    95%    96.5 sec left
CG set 5138 / 5354    4713.2423 GFlop/s     (589.1553 GFlop/s per process)    95%    95.8 sec left
CG set 5139 / 5354    4713.2456 GFlop/s     (589.1557 GFlop/s per process)    95%    95.1 sec left
CG set 5140 / 5354    4713.2466 GFlop/s     (589.1558 GFlop/s per process)    96%    94.4 sec left
CG set 5141 / 5354    4713.2494 GFlop/s     (589.1562 GFlop/s per process)    96%    93.7 sec left
CG set 5142 / 5354    4713.2519 GFlop/s     (589.1565 GFlop/s per process)    96%    93.1 sec left
CG set 5143 / 5354    4713.2540 GFlop/s     (589.1568 GFlop/s per process)    96%    92.4 sec left
CG set 5144 / 5354    4713.2569 GFlop/s     (589.1571 GFlop/s per process)    96%    91.7 sec left
CG set 5145 / 5354    4713.2587 GFlop/s     (589.1573 GFlop/s per process)    96%    91.0 sec left
CG set 5146 / 5354    4713.2596 GFlop/s     (589.1574 GFlop/s per process)    96%    90.3 sec left
CG set 5147 / 5354    4713.2610 GFlop/s     (589.1576 GFlop/s per process)    96%    89.7 sec left
CG set 5148 / 5354    4713.2631 GFlop/s     (589.1579 GFlop/s per process)    96%    89.0 sec left
CG set 5149 / 5354    4713.2638 GFlop/s     (589.1580 GFlop/s per process)    96%    88.3 sec left
CG set 5150 / 5354    4713.2641 GFlop/s     (589.1580 GFlop/s per process)    96%    87.6 sec left
CG set 5151 / 5354    4713.2649 GFlop/s     (589.1581 GFlop/s per process)    96%    86.9 sec left
CG set 5152 / 5354    4713.2667 GFlop/s     (589.1583 GFlop/s per process)    96%    86.3 sec left
CG set 5153 / 5354    4713.2672 GFlop/s     (589.1584 GFlop/s per process)    96%    85.6 sec left
CG set 5154 / 5354    4713.2677 GFlop/s     (589.1585 GFlop/s per process)    96%    84.9 sec left
CG set 5155 / 5354    4713.2677 GFlop/s     (589.1585 GFlop/s per process)    96%    84.2 sec left
CG set 5156 / 5354    4713.2666 GFlop/s     (589.1583 GFlop/s per process)    96%    83.5 sec left
CG set 5157 / 5354    4713.2651 GFlop/s     (589.1581 GFlop/s per process)    96%    82.8 sec left
CG set 5158 / 5354    4713.2636 GFlop/s     (589.1579 GFlop/s per process)    96%    82.2 sec left
CG set 5159 / 5354    4713.2621 GFlop/s     (589.1578 GFlop/s per process)    96%    81.5 sec left
CG set 5160 / 5354    4713.2598 GFlop/s     (589.1575 GFlop/s per process)    96%    80.8 sec left
CG set 5161 / 5354    4713.2575 GFlop/s     (589.1572 GFlop/s per process)    96%    80.1 sec left
CG set 5162 / 5354    4713.2541 GFlop/s     (589.1568 GFlop/s per process)    96%    79.4 sec left
CG set 5163 / 5354    4713.2511 GFlop/s     (589.1564 GFlop/s per process)    96%    78.7 sec left
CG set 5164 / 5354    4713.2474 GFlop/s     (589.1559 GFlop/s per process)    96%    78.1 sec left
CG set 5165 / 5354    4713.2439 GFlop/s     (589.1555 GFlop/s per process)    96%    77.4 sec left
CG set 5166 / 5354    4713.2402 GFlop/s     (589.1550 GFlop/s per process)    96%    76.7 sec left
CG set 5167 / 5354    4713.2350 GFlop/s     (589.1544 GFlop/s per process)    96%    76.0 sec left
CG set 5168 / 5354    4713.2303 GFlop/s     (589.1538 GFlop/s per process)    96%    75.3 sec left
CG set 5169 / 5354    4713.2261 GFlop/s     (589.1533 GFlop/s per process)    96%    74.6 sec left
CG set 5170 / 5354    4713.2211 GFlop/s     (589.1526 GFlop/s per process)    96%    73.9 sec left
CG set 5171 / 5354    4713.2145 GFlop/s     (589.1518 GFlop/s per process)    96%    73.3 sec left
CG set 5172 / 5354    4713.2095 GFlop/s     (589.1512 GFlop/s per process)    96%    72.6 sec left
CG set 5173 / 5354    4713.2008 GFlop/s     (589.1501 GFlop/s per process)    96%    71.9 sec left
CG set 5174 / 5354    4713.1940 GFlop/s     (589.1493 GFlop/s per process)    96%    71.2 sec left
CG set 5175 / 5354    4713.1858 GFlop/s     (589.1482 GFlop/s per process)    96%    70.5 sec left
CG set 5176 / 5354    4713.1780 GFlop/s     (589.1472 GFlop/s per process)    96%    69.8 sec left
CG set 5177 / 5354    4713.1703 GFlop/s     (589.1463 GFlop/s per process)    96%    69.1 sec left
CG set 5178 / 5354    4713.1624 GFlop/s     (589.1453 GFlop/s per process)    96%    68.4 sec left
CG set 5179 / 5354    4713.1549 GFlop/s     (589.1444 GFlop/s per process)    96%    67.8 sec left
CG set 5180 / 5354    4713.1469 GFlop/s     (589.1434 GFlop/s per process)    96%    67.1 sec left
CG set 5181 / 5354    4713.1375 GFlop/s     (589.1422 GFlop/s per process)    96%    66.4 sec left
CG set 5182 / 5354    4713.1298 GFlop/s     (589.1412 GFlop/s per process)    96%    65.7 sec left
CG set 5183 / 5354    4713.1201 GFlop/s     (589.1400 GFlop/s per process)    96%    65.0 sec left
CG set 5184 / 5354    4713.1111 GFlop/s     (589.1389 GFlop/s per process)    96%    64.3 sec left
CG set 5185 / 5354    4713.1019 GFlop/s     (589.1377 GFlop/s per process)    96%    63.6 sec left
CG set 5186 / 5354    4713.0918 GFlop/s     (589.1365 GFlop/s per process)    96%    62.9 sec left
CG set 5187 / 5354    4713.0821 GFlop/s     (589.1353 GFlop/s per process)    96%    62.2 sec left
CG set 5188 / 5354    4713.0724 GFlop/s     (589.1341 GFlop/s per process)    96%    61.6 sec left
CG set 5189 / 5354    4713.0625 GFlop/s     (589.1328 GFlop/s per process)    96%    60.9 sec left
CG set 5190 / 5354    4713.0525 GFlop/s     (589.1316 GFlop/s per process)    96%    60.2 sec left
CG set 5191 / 5354    4713.0420 GFlop/s     (589.1303 GFlop/s per process)    96%    59.5 sec left
CG set 5192 / 5354    4713.0324 GFlop/s     (589.1291 GFlop/s per process)    96%    58.8 sec left
CG set 5193 / 5354    4713.0209 GFlop/s     (589.1276 GFlop/s per process)    96%    58.1 sec left
CG set 5194 / 5354    4713.0114 GFlop/s     (589.1264 GFlop/s per process)    97%    57.4 sec left
CG set 5195 / 5354    4713.0014 GFlop/s     (589.1252 GFlop/s per process)    97%    56.7 sec left
CG set 5196 / 5354    4712.9931 GFlop/s     (589.1241 GFlop/s per process)    97%    56.0 sec left
CG set 5197 / 5354    4712.9826 GFlop/s     (589.1228 GFlop/s per process)    97%    55.3 sec left
CG set 5198 / 5354    4712.9729 GFlop/s     (589.1216 GFlop/s per process)    97%    54.7 sec left
CG set 5199 / 5354    4712.9647 GFlop/s     (589.1206 GFlop/s per process)    97%    54.0 sec left
CG set 5200 / 5354    4712.9554 GFlop/s     (589.1194 GFlop/s per process)    97%    53.3 sec left
CG set 5201 / 5354    4712.9468 GFlop/s     (589.1183 GFlop/s per process)    97%    52.6 sec left
CG set 5202 / 5354    4712.9363 GFlop/s     (589.1170 GFlop/s per process)    97%    51.9 sec left
CG set 5203 / 5354    4712.9269 GFlop/s     (589.1159 GFlop/s per process)    97%    51.2 sec left
CG set 5204 / 5354    4712.9194 GFlop/s     (589.1149 GFlop/s per process)    97%    50.5 sec left
CG set 5205 / 5354    4712.9124 GFlop/s     (589.1141 GFlop/s per process)    97%    49.8 sec left
CG set 5206 / 5354    4712.9051 GFlop/s     (589.1131 GFlop/s per process)    97%    49.1 sec left
CG set 5207 / 5354    4712.8989 GFlop/s     (589.1124 GFlop/s per process)    97%    48.5 sec left
CG set 5208 / 5354    4712.8897 GFlop/s     (589.1112 GFlop/s per process)    97%    47.8 sec left
CG set 5209 / 5354    4712.8829 GFlop/s     (589.1104 GFlop/s per process)    97%    47.1 sec left
CG set 5210 / 5354    4712.8771 GFlop/s     (589.1096 GFlop/s per process)    97%    46.4 sec left
CG set 5211 / 5354    4712.8713 GFlop/s     (589.1089 GFlop/s per process)    97%    45.7 sec left
CG set 5212 / 5354    4712.8635 GFlop/s     (589.1079 GFlop/s per process)    97%    45.0 sec left
CG set 5213 / 5354    4712.8585 GFlop/s     (589.1073 GFlop/s per process)    97%    44.3 sec left
CG set 5214 / 5354    4712.8522 GFlop/s     (589.1065 GFlop/s per process)    97%    43.7 sec left
CG set 5215 / 5354    4712.8479 GFlop/s     (589.1060 GFlop/s per process)    97%    43.0 sec left
CG set 5216 / 5354    4712.8436 GFlop/s     (589.1055 GFlop/s per process)    97%    42.3 sec left
CG set 5217 / 5354    4712.8387 GFlop/s     (589.1048 GFlop/s per process)    97%    41.6 sec left
CG set 5218 / 5354    4712.8341 GFlop/s     (589.1043 GFlop/s per process)    97%    40.9 sec left
CG set 5219 / 5354    4712.8286 GFlop/s     (589.1036 GFlop/s per process)    97%    40.2 sec left
CG set 5220 / 5354    4712.8245 GFlop/s     (589.1031 GFlop/s per process)    97%    39.5 sec left
CG set 5221 / 5354    4712.8204 GFlop/s     (589.1026 GFlop/s per process)    97%    38.9 sec left
CG set 5222 / 5354    4712.8151 GFlop/s     (589.1019 GFlop/s per process)    97%    38.2 sec left
CG set 5223 / 5354    4712.8125 GFlop/s     (589.1016 GFlop/s per process)    97%    37.5 sec left
CG set 5224 / 5354    4712.8084 GFlop/s     (589.1010 GFlop/s per process)    97%    36.8 sec left
CG set 5225 / 5354    4712.8049 GFlop/s     (589.1006 GFlop/s per process)    97%    36.1 sec left
CG set 5226 / 5354    4712.8009 GFlop/s     (589.1001 GFlop/s per process)    97%    35.4 sec left
CG set 5227 / 5354    4712.7968 GFlop/s     (589.0996 GFlop/s per process)    97%    34.7 sec left
CG set 5228 / 5354    4712.7935 GFlop/s     (589.0992 GFlop/s per process)    97%    34.1 sec left
CG set 5229 / 5354    4712.7910 GFlop/s     (589.0989 GFlop/s per process)    97%    33.4 sec left
CG set 5230 / 5354    4712.7896 GFlop/s     (589.0987 GFlop/s per process)    97%    32.7 sec left
CG set 5231 / 5354    4712.7880 GFlop/s     (589.0985 GFlop/s per process)    97%    32.0 sec left
CG set 5232 / 5354    4712.7858 GFlop/s     (589.0982 GFlop/s per process)    97%    31.3 sec left
CG set 5233 / 5354    4712.7836 GFlop/s     (589.0980 GFlop/s per process)    97%    30.6 sec left
CG set 5234 / 5354    4712.7819 GFlop/s     (589.0977 GFlop/s per process)    97%    30.0 sec left
CG set 5235 / 5354    4712.7796 GFlop/s     (589.0975 GFlop/s per process)    97%    29.3 sec left
CG set 5236 / 5354    4712.7783 GFlop/s     (589.0973 GFlop/s per process)    97%    28.6 sec left
CG set 5237 / 5354    4712.7776 GFlop/s     (589.0972 GFlop/s per process)    97%    27.9 sec left
CG set 5238 / 5354    4712.7769 GFlop/s     (589.0971 GFlop/s per process)    97%    27.2 sec left
CG set 5239 / 5354    4712.7763 GFlop/s     (589.0970 GFlop/s per process)    97%    26.5 sec left
CG set 5240 / 5354    4712.7751 GFlop/s     (589.0969 GFlop/s per process)    97%    25.9 sec left
CG set 5241 / 5354    4712.7723 GFlop/s     (589.0965 GFlop/s per process)    97%    25.2 sec left
CG set 5242 / 5354    4712.7710 GFlop/s     (589.0964 GFlop/s per process)    97%    24.5 sec left
CG set 5243 / 5354    4712.7696 GFlop/s     (589.0962 GFlop/s per process)    97%    23.8 sec left
CG set 5244 / 5354    4712.7687 GFlop/s     (589.0961 GFlop/s per process)    97%    23.1 sec left
CG set 5245 / 5354    4712.7685 GFlop/s     (589.0961 GFlop/s per process)    97%    22.4 sec left
CG set 5246 / 5354    4712.7674 GFlop/s     (589.0959 GFlop/s per process)    97%    21.8 sec left
CG set 5247 / 5354    4712.7664 GFlop/s     (589.0958 GFlop/s per process)    98%    21.1 sec left
CG set 5248 / 5354    4712.7664 GFlop/s     (589.0958 GFlop/s per process)    98%    20.4 sec left
CG set 5249 / 5354    4712.7664 GFlop/s     (589.0958 GFlop/s per process)    98%    19.7 sec left
CG set 5250 / 5354    4712.7658 GFlop/s     (589.0957 GFlop/s per process)    98%    19.0 sec left
CG set 5251 / 5354    4712.7668 GFlop/s     (589.0959 GFlop/s per process)    98%    18.3 sec left
CG set 5252 / 5354    4712.7664 GFlop/s     (589.0958 GFlop/s per process)    98%    17.7 sec left
CG set 5253 / 5354    4712.7666 GFlop/s     (589.0958 GFlop/s per process)    98%    17.0 sec left
CG set 5254 / 5354    4712.7664 GFlop/s     (589.0958 GFlop/s per process)    98%    16.3 sec left
CG set 5255 / 5354    4712.7669 GFlop/s     (589.0959 GFlop/s per process)    98%    15.6 sec left
CG set 5256 / 5354    4712.7664 GFlop/s     (589.0958 GFlop/s per process)    98%    14.9 sec left
CG set 5257 / 5354    4712.7663 GFlop/s     (589.0958 GFlop/s per process)    98%    14.3 sec left
CG set 5258 / 5354    4712.7662 GFlop/s     (589.0958 GFlop/s per process)    98%    13.6 sec left
CG set 5259 / 5354    4712.7679 GFlop/s     (589.0960 GFlop/s per process)    98%    12.9 sec left
CG set 5260 / 5354    4712.7679 GFlop/s     (589.0960 GFlop/s per process)    98%    12.2 sec left
CG set 5261 / 5354    4712.7668 GFlop/s     (589.0959 GFlop/s per process)    98%    11.5 sec left
CG set 5262 / 5354    4712.7673 GFlop/s     (589.0959 GFlop/s per process)    98%    10.8 sec left
CG set 5263 / 5354    4712.7673 GFlop/s     (589.0959 GFlop/s per process)    98%    10.2 sec left
CG set 5264 / 5354    4712.7658 GFlop/s     (589.0957 GFlop/s per process)    98%    9.5 sec left
CG set 5265 / 5354    4712.7661 GFlop/s     (589.0958 GFlop/s per process)    98%    8.8 sec left
CG set 5266 / 5354    4712.7663 GFlop/s     (589.0958 GFlop/s per process)    98%    8.1 sec left
CG set 5267 / 5354    4712.7659 GFlop/s     (589.0957 GFlop/s per process)    98%    7.4 sec left
CG set 5268 / 5354    4712.7658 GFlop/s     (589.0957 GFlop/s per process)    98%    6.8 sec left
CG set 5269 / 5354    4712.7656 GFlop/s     (589.0957 GFlop/s per process)    98%    6.1 sec left
CG set 5270 / 5354    4712.7649 GFlop/s     (589.0956 GFlop/s per process)    98%    5.4 sec left
CG set 5271 / 5354    4712.7636 GFlop/s     (589.0954 GFlop/s per process)    98%    4.7 sec left
CG set 5272 / 5354    4712.7631 GFlop/s     (589.0954 GFlop/s per process)    98%    4.0 sec left
CG set 5273 / 5354    4712.7623 GFlop/s     (589.0953 GFlop/s per process)    98%    3.3 sec left
CG set 5274 / 5354    4712.7617 GFlop/s     (589.0952 GFlop/s per process)    98%    2.7 sec left
CG set 5275 / 5354    4712.7617 GFlop/s     (589.0952 GFlop/s per process)    98%    2.0 sec left
CG set 5276 / 5354    4712.7624 GFlop/s     (589.0953 GFlop/s per process)    98%    1.3 sec left
CG set 5277 / 5354    4712.7617 GFlop/s     (589.0952 GFlop/s per process)    98%    0.6 sec left
CG set 5278 / 5354    4712.7613 GFlop/s     (589.0952 GFlop/s per process)    98%    0.0 sec left
CG set 5279 / 5354    4712.7593 GFlop/s     (589.0949 GFlop/s per process)    98%    0.0 sec left
CG set 5280 / 5354    4712.7595 GFlop/s     (589.0949 GFlop/s per process)    98%    0.0 sec left
CG set 5281 / 5354    4712.7592 GFlop/s     (589.0949 GFlop/s per process)    98%    0.0 sec left
CG set 5282 / 5354    4712.7581 GFlop/s     (589.0948 GFlop/s per process)    98%    0.0 sec left
CG set 5283 / 5354    4712.7571 GFlop/s     (589.0946 GFlop/s per process)    98%    0.0 sec left
CG set 5284 / 5354    4712.7566 GFlop/s     (589.0946 GFlop/s per process)    98%    0.0 sec left
CG set 5285 / 5354    4712.7558 GFlop/s     (589.0945 GFlop/s per process)    98%    0.0 sec left
CG set 5286 / 5354    4712.7532 GFlop/s     (589.0942 GFlop/s per process)    98%    0.0 sec left
CG set 5287 / 5354    4712.7527 GFlop/s     (589.0941 GFlop/s per process)    98%    0.0 sec left
CG set 5288 / 5354    4712.7524 GFlop/s     (589.0940 GFlop/s per process)    98%    0.0 sec left
CG set 5289 / 5354    4712.7508 GFlop/s     (589.0938 GFlop/s per process)    98%    0.0 sec left
CG set 5290 / 5354    4712.7489 GFlop/s     (589.0936 GFlop/s per process)    98%    0.0 sec left
CG set 5291 / 5354    4712.7481 GFlop/s     (589.0935 GFlop/s per process)    98%    0.0 sec left
CG set 5292 / 5354    4712.7470 GFlop/s     (589.0934 GFlop/s per process)    98%    0.0 sec left
CG set 5293 / 5354    4712.7455 GFlop/s     (589.0932 GFlop/s per process)    98%    0.0 sec left
CG set 5294 / 5354    4712.7430 GFlop/s     (589.0929 GFlop/s per process)    98%    0.0 sec left
CG set 5295 / 5354    4712.7420 GFlop/s     (589.0927 GFlop/s per process)    98%    0.0 sec left
CG set 5296 / 5354    4712.7404 GFlop/s     (589.0925 GFlop/s per process)    98%    0.0 sec left
CG set 5297 / 5354    4712.7386 GFlop/s     (589.0923 GFlop/s per process)    98%    0.0 sec left
CG set 5298 / 5354    4712.7374 GFlop/s     (589.0922 GFlop/s per process)    98%    0.0 sec left
CG set 5299 / 5354    4712.7349 GFlop/s     (589.0919 GFlop/s per process)    98%    0.0 sec left
CG set 5300 / 5354    4712.7319 GFlop/s     (589.0915 GFlop/s per process)    98%    0.0 sec left
CG set 5301 / 5354    4712.7304 GFlop/s     (589.0913 GFlop/s per process)    99%    0.0 sec left
CG set 5302 / 5354    4712.7279 GFlop/s     (589.0910 GFlop/s per process)    99%    0.0 sec left
CG set 5303 / 5354    4712.7252 GFlop/s     (589.0907 GFlop/s per process)    99%    0.0 sec left
CG set 5304 / 5354    4712.7229 GFlop/s     (589.0904 GFlop/s per process)    99%    0.0 sec left
CG set 5305 / 5354    4712.7212 GFlop/s     (589.0902 GFlop/s per process)    99%    0.0 sec left
CG set 5306 / 5354    4712.7191 GFlop/s     (589.0899 GFlop/s per process)    99%    0.0 sec left
CG set 5307 / 5354    4712.7178 GFlop/s     (589.0897 GFlop/s per process)    99%    0.0 sec left
CG set 5308 / 5354    4712.7167 GFlop/s     (589.0896 GFlop/s per process)    99%    0.0 sec left
CG set 5309 / 5354    4712.7140 GFlop/s     (589.0892 GFlop/s per process)    99%    0.0 sec left
CG set 5310 / 5354    4712.7136 GFlop/s     (589.0892 GFlop/s per process)    99%    0.0 sec left
CG set 5311 / 5354    4712.7116 GFlop/s     (589.0890 GFlop/s per process)    99%    0.0 sec left
CG set 5312 / 5354    4712.7095 GFlop/s     (589.0887 GFlop/s per process)    99%    0.0 sec left
CG set 5313 / 5354    4712.7077 GFlop/s     (589.0885 GFlop/s per process)    99%    0.0 sec left
CG set 5314 / 5354    4712.7061 GFlop/s     (589.0883 GFlop/s per process)    99%    0.0 sec left
CG set 5315 / 5354    4712.7029 GFlop/s     (589.0879 GFlop/s per process)    99%    0.0 sec left
CG set 5316 / 5354    4712.7026 GFlop/s     (589.0878 GFlop/s per process)    99%    0.0 sec left
CG set 5317 / 5354    4712.7003 GFlop/s     (589.0875 GFlop/s per process)    99%    0.0 sec left
CG set 5318 / 5354    4712.6985 GFlop/s     (589.0873 GFlop/s per process)    99%    0.0 sec left
CG set 5319 / 5354    4712.6969 GFlop/s     (589.0871 GFlop/s per process)    99%    0.0 sec left
CG set 5320 / 5354    4712.6954 GFlop/s     (589.0869 GFlop/s per process)    99%    0.0 sec left
CG set 5321 / 5354    4712.6950 GFlop/s     (589.0869 GFlop/s per process)    99%    0.0 sec left
CG set 5322 / 5354    4712.6947 GFlop/s     (589.0868 GFlop/s per process)    99%    0.0 sec left
CG set 5323 / 5354    4712.6933 GFlop/s     (589.0867 GFlop/s per process)    99%    0.0 sec left
CG set 5324 / 5354    4712.6914 GFlop/s     (589.0864 GFlop/s per process)    99%    0.0 sec left
CG set 5325 / 5354    4712.6899 GFlop/s     (589.0862 GFlop/s per process)    99%    0.0 sec left
CG set 5326 / 5354    4712.6884 GFlop/s     (589.0861 GFlop/s per process)    99%    0.0 sec left
CG set 5327 / 5354    4712.6884 GFlop/s     (589.0860 GFlop/s per process)    99%    0.0 sec left
CG set 5328 / 5354    4712.6875 GFlop/s     (589.0859 GFlop/s per process)    99%    0.0 sec left
CG set 5329 / 5354    4712.6870 GFlop/s     (589.0859 GFlop/s per process)    99%    0.0 sec left
CG set 5330 / 5354    4712.6860 GFlop/s     (589.0857 GFlop/s per process)    99%    0.0 sec left
CG set 5331 / 5354    4712.6855 GFlop/s     (589.0857 GFlop/s per process)    99%    0.0 sec left
CG set 5332 / 5354    4712.6830 GFlop/s     (589.0854 GFlop/s per process)    99%    0.0 sec left
CG set 5333 / 5354    4712.6823 GFlop/s     (589.0853 GFlop/s per process)    99%    0.0 sec left
CG set 5334 / 5354    4712.6803 GFlop/s     (589.0850 GFlop/s per process)    99%    0.0 sec left
CG set 5335 / 5354    4712.6799 GFlop/s     (589.0850 GFlop/s per process)    99%    0.0 sec left
CG set 5336 / 5354    4712.6787 GFlop/s     (589.0848 GFlop/s per process)    99%    0.0 sec left
CG set 5337 / 5354    4712.6770 GFlop/s     (589.0846 GFlop/s per process)    99%    0.0 sec left
CG set 5338 / 5354    4712.6776 GFlop/s     (589.0847 GFlop/s per process)    99%    0.0 sec left
CG set 5339 / 5354    4712.6769 GFlop/s     (589.0846 GFlop/s per process)    99%    0.0 sec left
CG set 5340 / 5354    4712.6763 GFlop/s     (589.0845 GFlop/s per process)    99%    0.0 sec left
CG set 5341 / 5354    4712.6763 GFlop/s     (589.0845 GFlop/s per process)    99%    0.0 sec left
CG set 5342 / 5354    4712.6756 GFlop/s     (589.0844 GFlop/s per process)    99%    0.0 sec left
CG set 5343 / 5354    4712.6757 GFlop/s     (589.0845 GFlop/s per process)    99%    0.0 sec left
CG set 5344 / 5354    4712.6753 GFlop/s     (589.0844 GFlop/s per process)    99%    0.0 sec left
CG set 5345 / 5354    4712.6762 GFlop/s     (589.0845 GFlop/s per process)    99%    0.0 sec left
CG set 5346 / 5354    4712.6762 GFlop/s     (589.0845 GFlop/s per process)    99%    0.0 sec left
CG set 5347 / 5354    4712.6748 GFlop/s     (589.0844 GFlop/s per process)    99%    0.0 sec left
CG set 5348 / 5354    4712.6754 GFlop/s     (589.0844 GFlop/s per process)    99%    0.0 sec left
CG set 5349 / 5354    4712.6756 GFlop/s     (589.0844 GFlop/s per process)    99%    0.0 sec left
CG set 5350 / 5354    4712.6761 GFlop/s     (589.0845 GFlop/s per process)    99%    0.0 sec left
CG set 5351 / 5354    4712.6753 GFlop/s     (589.0844 GFlop/s per process)    99%    0.0 sec left
CG set 5352 / 5354    4712.6762 GFlop/s     (589.0845 GFlop/s per process)    99%    0.0 sec left
CG set 5353 / 5354    4712.6758 GFlop/s     (589.0845 GFlop/s per process)    99%    0.0 sec left
CG set 5354 / 5354    4712.6761 GFlop/s     (589.0845 GFlop/s per process)    100%    0.0 sec left

Local domain: 280 x 280 x 280
Global domain: 560 x 560 x 560
Process domain: 2 x 2 x 2

Total Time: 3651.98 sec
Setup Time: 0.09 sec
Optimization Time: 0.05 sec

DDOT   =  2455.8 GFlop/s (19646.7 GB/s)     307.0 GFlop/s per process ( 2455.8 GB/s per process)
WAXPBY =  1841.1 GFlop/s (22093.5 GB/s)     230.1 GFlop/s per process ( 2761.7 GB/s per process)
SpMV   =  4304.8 GFlop/s (35718.6 GB/s)     538.1 GFlop/s per process ( 4464.8 GB/s per process)
MG     =  5885.0 GFlop/s (57189.7 GB/s)     735.6 GFlop/s per process ( 7148.7 GB/s per process)
Total  =  5196.8 GFlop/s (49466.9 GB/s)     649.6 GFlop/s per process ( 6183.4 GB/s per process)
Final  =  4712.7 GFlop/s (44859.0 GB/s)     589.1 GFlop/s per process ( 5607.4 GB/s per process)
