rocHPCG version: 0.8.6-0c708bb (based on hpcg-3.1)
Using HIP device (0): AMD Instinct MI325X (262128 MB global memory)

Setup Phase took 0.03 sec

Copying GPU assembled data to host for reference computations

Checking assembled data ...

Starting Reference CG Phase ...

REFERENCE Initial Residual = 6.189791e+03
REFERENCE Iteration = 1   Scaled Residual = 1.857860e-01
REFERENCE Iteration = 2   Scaled Residual = 1.019054e-01
REFERENCE Iteration = 3   Scaled Residual = 7.025905e-02
REFERENCE Iteration = 4   Scaled Residual = 5.360183e-02
REFERENCE Iteration = 5   Scaled Residual = 4.327856e-02
REFERENCE Iteration = 6   Scaled Residual = 3.624641e-02
REFERENCE Iteration = 7   Scaled Residual = 3.115415e-02
REFERENCE Iteration = 8   Scaled Residual = 2.730923e-02
REFERENCE Iteration = 9   Scaled Residual = 2.431356e-02
REFERENCE Iteration = 10   Scaled Residual = 2.191473e-02
REFERENCE Iteration = 11   Scaled Residual = 1.994347e-02
REFERENCE Iteration = 12   Scaled Residual = 1.828362e-02
REFERENCE Iteration = 13   Scaled Residual = 1.685506e-02
REFERENCE Iteration = 14   Scaled Residual = 1.560701e-02
REFERENCE Iteration = 15   Scaled Residual = 1.450848e-02
REFERENCE Iteration = 16   Scaled Residual = 1.353915e-02
REFERENCE Iteration = 17   Scaled Residual = 1.268469e-02
REFERENCE Iteration = 18   Scaled Residual = 1.193144e-02
REFERENCE Iteration = 19   Scaled Residual = 1.126361e-02
REFERENCE Iteration = 20   Scaled Residual = 1.066504e-02
REFERENCE Iteration = 21   Scaled Residual = 1.012002e-02
REFERENCE Iteration = 22   Scaled Residual = 9.615379e-03
REFERENCE Iteration = 23   Scaled Residual = 9.143692e-03
REFERENCE Iteration = 24   Scaled Residual = 8.702555e-03
REFERENCE Iteration = 25   Scaled Residual = 8.292447e-03
REFERENCE Iteration = 26   Scaled Residual = 7.915309e-03
REFERENCE Iteration = 27   Scaled Residual = 7.571459e-03
REFERENCE Iteration = 28   Scaled Residual = 7.258084e-03
REFERENCE Iteration = 29   Scaled Residual = 6.970133e-03
REFERENCE Iteration = 30   Scaled Residual = 6.700720e-03
REFERENCE Iteration = 31   Scaled Residual = 6.443245e-03
REFERENCE Iteration = 32   Scaled Residual = 6.194214e-03
REFERENCE Iteration = 33   Scaled Residual = 5.953425e-03
REFERENCE Iteration = 34   Scaled Residual = 5.723817e-03
REFERENCE Iteration = 35   Scaled Residual = 5.511755e-03
REFERENCE Iteration = 36   Scaled Residual = 5.329195e-03
REFERENCE Iteration = 37   Scaled Residual = 5.205363e-03
REFERENCE Iteration = 38   Scaled Residual = 5.211611e-03
REFERENCE Iteration = 39   Scaled Residual = 5.484266e-03
REFERENCE Iteration = 40   Scaled Residual = 6.155526e-03
REFERENCE Iteration = 41   Scaled Residual = 6.907357e-03
REFERENCE Iteration = 42   Scaled Residual = 6.367175e-03
REFERENCE Iteration = 43   Scaled Residual = 4.262981e-03
REFERENCE Iteration = 44   Scaled Residual = 2.750132e-03
REFERENCE Iteration = 45   Scaled Residual = 2.672282e-03
REFERENCE Iteration = 46   Scaled Residual = 2.845057e-03
REFERENCE Iteration = 47   Scaled Residual = 2.169958e-03
REFERENCE Iteration = 48   Scaled Residual = 1.988433e-03
REFERENCE Iteration = 49   Scaled Residual = 1.756998e-03
REFERENCE Iteration = 50   Scaled Residual = 1.585676e-03

Optimization Phase took 0.05 sec

Validation Testing Phase ...

Optimized CG Setup ...

HIP Initial Residual = 6.189791e+03
HIP Iteration = 1   Scaled Residual = 2.181846e-01
HIP Iteration = 2   Scaled Residual = 1.180965e-01
HIP Iteration = 3   Scaled Residual = 8.045615e-02
HIP Iteration = 4   Scaled Residual = 6.089755e-02
HIP Iteration = 5   Scaled Residual = 4.902873e-02
HIP Iteration = 6   Scaled Residual = 4.099753e-02
HIP Iteration = 7   Scaled Residual = 3.522777e-02
HIP Iteration = 8   Scaled Residual = 3.086973e-02
HIP Iteration = 9   Scaled Residual = 2.746225e-02
HIP Iteration = 10   Scaled Residual = 2.472312e-02
HIP Iteration = 11   Scaled Residual = 2.247844e-02
HIP Iteration = 12   Scaled Residual = 2.060266e-02
HIP Iteration = 13   Scaled Residual = 1.901816e-02
HIP Iteration = 14   Scaled Residual = 1.766415e-02
HIP Iteration = 15   Scaled Residual = 1.649797e-02
HIP Iteration = 16   Scaled Residual = 1.548698e-02
HIP Iteration = 17   Scaled Residual = 1.460414e-02
HIP Iteration = 18   Scaled Residual = 1.382617e-02
HIP Iteration = 19   Scaled Residual = 1.313016e-02
HIP Iteration = 20   Scaled Residual = 1.249392e-02
HIP Iteration = 21   Scaled Residual = 1.189707e-02
HIP Iteration = 22   Scaled Residual = 1.132280e-02
HIP Iteration = 23   Scaled Residual = 1.076312e-02
HIP Iteration = 24   Scaled Residual = 1.021822e-02
HIP Iteration = 25   Scaled Residual = 9.693870e-03
HIP Iteration = 26   Scaled Residual = 9.199006e-03
HIP Iteration = 27   Scaled Residual = 8.739697e-03
HIP Iteration = 28   Scaled Residual = 8.318291e-03
HIP Iteration = 29   Scaled Residual = 7.934674e-03
HIP Iteration = 30   Scaled Residual = 7.585779e-03
HIP Iteration = 31   Scaled Residual = 7.267909e-03
HIP Iteration = 32   Scaled Residual = 6.978178e-03
HIP Iteration = 33   Scaled Residual = 6.713992e-03
HIP Iteration = 34   Scaled Residual = 6.475305e-03
HIP Iteration = 35   Scaled Residual = 6.267033e-03
HIP Iteration = 36   Scaled Residual = 6.101336e-03
HIP Iteration = 37   Scaled Residual = 6.002738e-03
HIP Iteration = 38   Scaled Residual = 6.009398e-03
HIP Iteration = 39   Scaled Residual = 6.161507e-03
HIP Iteration = 40   Scaled Residual = 6.460818e-03
HIP Iteration = 41   Scaled Residual = 6.771098e-03
HIP Iteration = 42   Scaled Residual = 6.706237e-03
HIP Iteration = 43   Scaled Residual = 5.830366e-03
HIP Iteration = 44   Scaled Residual = 4.311375e-03
HIP Iteration = 45   Scaled Residual = 2.924462e-03
HIP Iteration = 46   Scaled Residual = 2.227751e-03
HIP Iteration = 47   Scaled Residual = 2.291888e-03
HIP Iteration = 48   Scaled Residual = 2.589115e-03
HIP Iteration = 49   Scaled Residual = 2.094944e-03
HIP Iteration = 50   Scaled Residual = 1.450875e-03

Total device memory usage: 13294 MByte (262128 MByte)

Starting Benchmarking Phase ...

Performing (at least) 6116 CG sets in 3600.0 seconds ...
CG set 1 / 6116    684.8437 GFlop/s     (684.8437 GFlop/s per process)    0%    3599.4 sec left
CG set 2 / 6116    684.9842 GFlop/s     (684.9842 GFlop/s per process)    0%    3598.8 sec left
CG set 3 / 6116    685.0489 GFlop/s     (685.0489 GFlop/s per process)    0%    3598.2 sec left
CG set 4 / 6116    685.0173 GFlop/s     (685.0173 GFlop/s per process)    0%    3597.6 sec left
CG set 5 / 6116    685.0430 GFlop/s     (685.0430 GFlop/s per process)    0%    3597.1 sec left
CG set 6 / 6116    684.9859 GFlop/s     (684.9859 GFlop/s per process)    0%    3596.5 sec left
CG set 7 / 6116    685.0339 GFlop/s     (685.0339 GFlop/s per process)    0%    3595.9 sec left
CG set 8 / 6116    685.0113 GFlop/s     (685.0113 GFlop/s per process)    0%    3595.3 sec left
CG set 9 / 6116    684.9879 GFlop/s     (684.9879 GFlop/s per process)    0%    3594.7 sec left
CG set 10 / 6116    684.9354 GFlop/s     (684.9354 GFlop/s per process)    0%    3594.1 sec left
CG set 11 / 6116    684.9072 GFlop/s     (684.9072 GFlop/s per process)    0%    3593.5 sec left
CG set 12 / 6116    684.8900 GFlop/s     (684.8900 GFlop/s per process)    0%    3592.9 sec left
CG set 13 / 6116    684.8416 GFlop/s     (684.8416 GFlop/s per process)    0%    3592.3 sec left
CG set 14 / 6116    684.8825 GFlop/s     (684.8825 GFlop/s per process)    0%    3591.8 sec left
CG set 15 / 6116    684.8195 GFlop/s     (684.8195 GFlop/s per process)    0%    3591.2 sec left
CG set 16 / 6116    684.8157 GFlop/s     (684.8157 GFlop/s per process)    0%    3590.6 sec left
CG set 17 / 6116    684.8178 GFlop/s     (684.8178 GFlop/s per process)    0%    3590.0 sec left
CG set 18 / 6116    684.7871 GFlop/s     (684.7871 GFlop/s per process)    0%    3589.4 sec left
CG set 19 / 6116    684.7677 GFlop/s     (684.7677 GFlop/s per process)    0%    3588.8 sec left
CG set 20 / 6116    684.7203 GFlop/s     (684.7203 GFlop/s per process)    0%    3588.2 sec left
CG set 21 / 6116    684.7183 GFlop/s     (684.7183 GFlop/s per process)    0%    3587.6 sec left
CG set 22 / 6116    684.7241 GFlop/s     (684.7241 GFlop/s per process)    0%    3587.0 sec left
CG set 23 / 6116    684.7099 GFlop/s     (684.7099 GFlop/s per process)    0%    3586.5 sec left
CG set 24 / 6116    684.6848 GFlop/s     (684.6848 GFlop/s per process)    0%    3585.9 sec left
CG set 25 / 6116    684.6973 GFlop/s     (684.6973 GFlop/s per process)    0%    3585.3 sec left
CG set 26 / 6116    684.6795 GFlop/s     (684.6795 GFlop/s per process)    0%    3584.7 sec left
CG set 27 / 6116    684.6362 GFlop/s     (684.6362 GFlop/s per process)    0%    3584.1 sec left
CG set 28 / 6116    684.6114 GFlop/s     (684.6114 GFlop/s per process)    0%    3583.5 sec left
CG set 29 / 6116    684.5958 GFlop/s     (684.5958 GFlop/s per process)    0%    3582.9 sec left
CG set 30 / 6116    684.5620 GFlop/s     (684.5620 GFlop/s per process)    0%    3582.3 sec left
CG set 31 / 6116    684.5536 GFlop/s     (684.5536 GFlop/s per process)    0%    3581.7 sec left
CG set 32 / 6116    684.5479 GFlop/s     (684.5479 GFlop/s per process)    0%    3581.1 sec left
CG set 33 / 6116    684.5411 GFlop/s     (684.5411 GFlop/s per process)    0%    3580.6 sec left
CG set 34 / 6116    684.5301 GFlop/s     (684.5301 GFlop/s per process)    0%    3580.0 sec left
CG set 35 / 6116    684.5138 GFlop/s     (684.5138 GFlop/s per process)    0%    3579.4 sec left
CG set 36 / 6116    684.4977 GFlop/s     (684.4977 GFlop/s per process)    0%    3578.8 sec left
CG set 37 / 6116    684.4877 GFlop/s     (684.4877 GFlop/s per process)    0%    3578.2 sec left
CG set 38 / 6116    684.4752 GFlop/s     (684.4752 GFlop/s per process)    0%    3577.6 sec left
CG set 39 / 6116    684.4613 GFlop/s     (684.4613 GFlop/s per process)    0%    3577.0 sec left
CG set 40 / 6116    684.4504 GFlop/s     (684.4504 GFlop/s per process)    0%    3576.4 sec left
CG set 41 / 6116    684.4233 GFlop/s     (684.4233 GFlop/s per process)    0%    3575.8 sec left
CG set 42 / 6116    684.4249 GFlop/s     (684.4249 GFlop/s per process)    0%    3575.2 sec left
CG set 43 / 6116    684.3990 GFlop/s     (684.3990 GFlop/s per process)    0%    3574.7 sec left
CG set 44 / 6116    684.3708 GFlop/s     (684.3708 GFlop/s per process)    0%    3574.1 sec left
CG set 45 / 6116    684.3549 GFlop/s     (684.3549 GFlop/s per process)    0%    3573.5 sec left
CG set 46 / 6116    684.3486 GFlop/s     (684.3486 GFlop/s per process)    0%    3572.9 sec left
CG set 47 / 6116    684.3272 GFlop/s     (684.3272 GFlop/s per process)    0%    3572.3 sec left
CG set 48 / 6116    684.3066 GFlop/s     (684.3066 GFlop/s per process)    0%    3571.7 sec left
CG set 49 / 6116    684.2884 GFlop/s     (684.2884 GFlop/s per process)    0%    3571.1 sec left
CG set 50 / 6116    684.2705 GFlop/s     (684.2705 GFlop/s per process)    0%    3570.5 sec left
CG set 51 / 6116    684.2389 GFlop/s     (684.2389 GFlop/s per process)    0%    3569.9 sec left
CG set 52 / 6116    684.2291 GFlop/s     (684.2291 GFlop/s per process)    0%    3569.3 sec left
CG set 53 / 6116    684.2192 GFlop/s     (684.2192 GFlop/s per process)    0%    3568.8 sec left
CG set 54 / 6116    684.2111 GFlop/s     (684.2111 GFlop/s per process)    0%    3568.2 sec left
CG set 55 / 6116    684.2016 GFlop/s     (684.2016 GFlop/s per process)    0%    3567.6 sec left
CG set 56 / 6116    684.1894 GFlop/s     (684.1894 GFlop/s per process)    0%    3567.0 sec left
CG set 57 / 6116    684.1800 GFlop/s     (684.1800 GFlop/s per process)    0%    3566.4 sec left
CG set 58 / 6116    684.1763 GFlop/s     (684.1763 GFlop/s per process)    0%    3565.8 sec left
CG set 59 / 6116    684.1688 GFlop/s     (684.1688 GFlop/s per process)    0%    3565.2 sec left
CG set 60 / 6116    684.1721 GFlop/s     (684.1721 GFlop/s per process)    0%    3564.6 sec left
CG set 61 / 6116    684.1672 GFlop/s     (684.1672 GFlop/s per process)    0%    3564.0 sec left
CG set 62 / 6116    684.1575 GFlop/s     (684.1575 GFlop/s per process)    1%    3563.4 sec left
CG set 63 / 6116    684.1421 GFlop/s     (684.1421 GFlop/s per process)    1%    3562.9 sec left
CG set 64 / 6116    684.1303 GFlop/s     (684.1303 GFlop/s per process)    1%    3562.3 sec left
CG set 65 / 6116    684.1240 GFlop/s     (684.1240 GFlop/s per process)    1%    3561.7 sec left
CG set 66 / 6116    684.1244 GFlop/s     (684.1244 GFlop/s per process)    1%    3561.1 sec left
CG set 67 / 6116    684.1161 GFlop/s     (684.1161 GFlop/s per process)    1%    3560.5 sec left
CG set 68 / 6116    684.1141 GFlop/s     (684.1141 GFlop/s per process)    1%    3559.9 sec left
CG set 69 / 6116    684.1083 GFlop/s     (684.1083 GFlop/s per process)    1%    3559.3 sec left
CG set 70 / 6116    684.1005 GFlop/s     (684.1005 GFlop/s per process)    1%    3558.7 sec left
CG set 71 / 6116    684.0957 GFlop/s     (684.0957 GFlop/s per process)    1%    3558.1 sec left
CG set 72 / 6116    684.0929 GFlop/s     (684.0929 GFlop/s per process)    1%    3557.5 sec left
CG set 73 / 6116    684.0827 GFlop/s     (684.0827 GFlop/s per process)    1%    3557.0 sec left
CG set 74 / 6116    684.0774 GFlop/s     (684.0774 GFlop/s per process)    1%    3556.4 sec left
CG set 75 / 6116    684.0711 GFlop/s     (684.0711 GFlop/s per process)    1%    3555.8 sec left
CG set 76 / 6116    684.0627 GFlop/s     (684.0627 GFlop/s per process)    1%    3555.2 sec left
CG set 77 / 6116    684.0591 GFlop/s     (684.0591 GFlop/s per process)    1%    3554.6 sec left
CG set 78 / 6116    684.0478 GFlop/s     (684.0478 GFlop/s per process)    1%    3554.0 sec left
CG set 79 / 6116    684.0389 GFlop/s     (684.0389 GFlop/s per process)    1%    3553.4 sec left
CG set 80 / 6116    684.0338 GFlop/s     (684.0338 GFlop/s per process)    1%    3552.8 sec left
CG set 81 / 6116    684.0337 GFlop/s     (684.0337 GFlop/s per process)    1%    3552.2 sec left
CG set 82 / 6116    684.0266 GFlop/s     (684.0266 GFlop/s per process)    1%    3551.6 sec left
CG set 83 / 6116    684.0216 GFlop/s     (684.0216 GFlop/s per process)    1%    3551.1 sec left
CG set 84 / 6116    684.0251 GFlop/s     (684.0251 GFlop/s per process)    1%    3550.5 sec left
CG set 85 / 6116    684.0209 GFlop/s     (684.0209 GFlop/s per process)    1%    3549.9 sec left
CG set 86 / 6116    684.0231 GFlop/s     (684.0231 GFlop/s per process)    1%    3549.3 sec left
CG set 87 / 6116    684.0190 GFlop/s     (684.0190 GFlop/s per process)    1%    3548.7 sec left
CG set 88 / 6116    684.0105 GFlop/s     (684.0105 GFlop/s per process)    1%    3548.1 sec left
CG set 89 / 6116    684.0099 GFlop/s     (684.0099 GFlop/s per process)    1%    3547.5 sec left
CG set 90 / 6116    684.0074 GFlop/s     (684.0074 GFlop/s per process)    1%    3546.9 sec left
CG set 91 / 6116    684.0027 GFlop/s     (684.0027 GFlop/s per process)    1%    3546.3 sec left
CG set 92 / 6116    684.0028 GFlop/s     (684.0028 GFlop/s per process)    1%    3545.7 sec left
CG set 93 / 6116    684.0042 GFlop/s     (684.0042 GFlop/s per process)    1%    3545.2 sec left
CG set 94 / 6116    684.0053 GFlop/s     (684.0053 GFlop/s per process)    1%    3544.6 sec left
CG set 95 / 6116    684.0046 GFlop/s     (684.0046 GFlop/s per process)    1%    3544.0 sec left
CG set 96 / 6116    683.9986 GFlop/s     (683.9986 GFlop/s per process)    1%    3543.4 sec left
CG set 97 / 6116    683.9961 GFlop/s     (683.9961 GFlop/s per process)    1%    3542.8 sec left
CG set 98 / 6116    683.9925 GFlop/s     (683.9925 GFlop/s per process)    1%    3542.2 sec left
CG set 99 / 6116    683.9955 GFlop/s     (683.9955 GFlop/s per process)    1%    3541.6 sec left
CG set 100 / 6116    683.9952 GFlop/s     (683.9952 GFlop/s per process)    1%    3541.0 sec left
CG set 101 / 6116    683.9889 GFlop/s     (683.9889 GFlop/s per process)    1%    3540.4 sec left
CG set 102 / 6116    683.9850 GFlop/s     (683.9850 GFlop/s per process)    1%    3539.8 sec left
CG set 103 / 6116    683.9819 GFlop/s     (683.9819 GFlop/s per process)    1%    3539.3 sec left
CG set 104 / 6116    683.9779 GFlop/s     (683.9779 GFlop/s per process)    1%    3538.7 sec left
CG set 105 / 6116    683.9753 GFlop/s     (683.9753 GFlop/s per process)    1%    3538.1 sec left
CG set 106 / 6116    683.9748 GFlop/s     (683.9748 GFlop/s per process)    1%    3537.5 sec left
CG set 107 / 6116    683.9727 GFlop/s     (683.9727 GFlop/s per process)    1%    3536.9 sec left
CG set 108 / 6116    683.9702 GFlop/s     (683.9702 GFlop/s per process)    1%    3536.3 sec left
CG set 109 / 6116    683.9708 GFlop/s     (683.9708 GFlop/s per process)    1%    3535.7 sec left
CG set 110 / 6116    683.9681 GFlop/s     (683.9681 GFlop/s per process)    1%    3535.1 sec left
CG set 111 / 6116    683.9624 GFlop/s     (683.9624 GFlop/s per process)    1%    3534.5 sec left
CG set 112 / 6116    683.9589 GFlop/s     (683.9589 GFlop/s per process)    1%    3534.0 sec left
CG set 113 / 6116    683.9579 GFlop/s     (683.9579 GFlop/s per process)    1%    3533.4 sec left
CG set 114 / 6116    683.9533 GFlop/s     (683.9533 GFlop/s per process)    1%    3532.8 sec left
CG set 115 / 6116    683.9500 GFlop/s     (683.9500 GFlop/s per process)    1%    3532.2 sec left
CG set 116 / 6116    683.9439 GFlop/s     (683.9439 GFlop/s per process)    1%    3531.6 sec left
CG set 117 / 6116    683.9475 GFlop/s     (683.9475 GFlop/s per process)    1%    3531.0 sec left
CG set 118 / 6116    683.9400 GFlop/s     (683.9400 GFlop/s per process)    1%    3530.4 sec left
CG set 119 / 6116    683.9359 GFlop/s     (683.9359 GFlop/s per process)    1%    3529.8 sec left
CG set 120 / 6116    683.9340 GFlop/s     (683.9340 GFlop/s per process)    1%    3529.2 sec left
CG set 121 / 6116    683.9308 GFlop/s     (683.9308 GFlop/s per process)    1%    3528.6 sec left
CG set 122 / 6116    683.9290 GFlop/s     (683.9290 GFlop/s per process)    1%    3528.0 sec left
CG set 123 / 6116    683.9286 GFlop/s     (683.9286 GFlop/s per process)    2%    3527.5 sec left
CG set 124 / 6116    683.9273 GFlop/s     (683.9273 GFlop/s per process)    2%    3526.9 sec left
CG set 125 / 6116    683.9249 GFlop/s     (683.9249 GFlop/s per process)    2%    3526.3 sec left
CG set 126 / 6116    683.9237 GFlop/s     (683.9237 GFlop/s per process)    2%    3525.7 sec left
CG set 127 / 6116    683.9222 GFlop/s     (683.9222 GFlop/s per process)    2%    3525.1 sec left
CG set 128 / 6116    683.9192 GFlop/s     (683.9192 GFlop/s per process)    2%    3524.5 sec left
CG set 129 / 6116    683.9157 GFlop/s     (683.9157 GFlop/s per process)    2%    3523.9 sec left
CG set 130 / 6116    683.9168 GFlop/s     (683.9168 GFlop/s per process)    2%    3523.3 sec left
CG set 131 / 6116    683.9130 GFlop/s     (683.9130 GFlop/s per process)    2%    3522.7 sec left
CG set 132 / 6116    683.9068 GFlop/s     (683.9068 GFlop/s per process)    2%    3522.1 sec left
CG set 133 / 6116    683.9023 GFlop/s     (683.9023 GFlop/s per process)    2%    3521.6 sec left
CG set 134 / 6116    683.9024 GFlop/s     (683.9024 GFlop/s per process)    2%    3521.0 sec left
CG set 135 / 6116    683.8979 GFlop/s     (683.8979 GFlop/s per process)    2%    3520.4 sec left
CG set 136 / 6116    683.8970 GFlop/s     (683.8970 GFlop/s per process)    2%    3519.8 sec left
CG set 137 / 6116    683.8941 GFlop/s     (683.8941 GFlop/s per process)    2%    3519.2 sec left
CG set 138 / 6116    683.8918 GFlop/s     (683.8918 GFlop/s per process)    2%    3518.6 sec left
CG set 139 / 6116    683.8892 GFlop/s     (683.8892 GFlop/s per process)    2%    3518.0 sec left
CG set 140 / 6116    683.8882 GFlop/s     (683.8882 GFlop/s per process)    2%    3517.4 sec left
CG set 141 / 6116    683.8871 GFlop/s     (683.8871 GFlop/s per process)    2%    3516.8 sec left
CG set 142 / 6116    683.8832 GFlop/s     (683.8832 GFlop/s per process)    2%    3516.2 sec left
CG set 143 / 6116    683.8782 GFlop/s     (683.8782 GFlop/s per process)    2%    3515.7 sec left
CG set 144 / 6116    683.8761 GFlop/s     (683.8761 GFlop/s per process)    2%    3515.1 sec left
CG set 145 / 6116    683.8718 GFlop/s     (683.8718 GFlop/s per process)    2%    3514.5 sec left
CG set 146 / 6116    683.8654 GFlop/s     (683.8654 GFlop/s per process)    2%    3513.9 sec left
CG set 147 / 6116    683.8670 GFlop/s     (683.8670 GFlop/s per process)    2%    3513.3 sec left
CG set 148 / 6116    683.8636 GFlop/s     (683.8636 GFlop/s per process)    2%    3512.7 sec left
CG set 149 / 6116    683.8580 GFlop/s     (683.8580 GFlop/s per process)    2%    3512.1 sec left
CG set 150 / 6116    683.8543 GFlop/s     (683.8543 GFlop/s per process)    2%    3511.5 sec left
CG set 151 / 6116    683.8554 GFlop/s     (683.8554 GFlop/s per process)    2%    3510.9 sec left
CG set 152 / 6116    683.8533 GFlop/s     (683.8533 GFlop/s per process)    2%    3510.3 sec left
CG set 153 / 6116    683.8553 GFlop/s     (683.8553 GFlop/s per process)    2%    3509.8 sec left
CG set 154 / 6116    683.8534 GFlop/s     (683.8534 GFlop/s per process)    2%    3509.2 sec left
CG set 155 / 6116    683.8473 GFlop/s     (683.8473 GFlop/s per process)    2%    3508.6 sec left
CG set 156 / 6116    683.8454 GFlop/s     (683.8454 GFlop/s per process)    2%    3508.0 sec left
CG set 157 / 6116    683.8429 GFlop/s     (683.8429 GFlop/s per process)    2%    3507.4 sec left
CG set 158 / 6116    683.8385 GFlop/s     (683.8385 GFlop/s per process)    2%    3506.8 sec left
CG set 159 / 6116    683.8321 GFlop/s     (683.8321 GFlop/s per process)    2%    3506.2 sec left
CG set 160 / 6116    683.8302 GFlop/s     (683.8302 GFlop/s per process)    2%    3505.6 sec left
CG set 161 / 6116    683.8291 GFlop/s     (683.8291 GFlop/s per process)    2%    3505.0 sec left
CG set 162 / 6116    683.8263 GFlop/s     (683.8263 GFlop/s per process)    2%    3504.4 sec left
CG set 163 / 6116    683.8255 GFlop/s     (683.8255 GFlop/s per process)    2%    3503.9 sec left
CG set 164 / 6116    683.8228 GFlop/s     (683.8228 GFlop/s per process)    2%    3503.3 sec left
CG set 165 / 6116    683.8172 GFlop/s     (683.8172 GFlop/s per process)    2%    3502.7 sec left
CG set 166 / 6116    683.8185 GFlop/s     (683.8185 GFlop/s per process)    2%    3502.1 sec left
CG set 167 / 6116    683.8172 GFlop/s     (683.8172 GFlop/s per process)    2%    3501.5 sec left
CG set 168 / 6116    683.8136 GFlop/s     (683.8136 GFlop/s per process)    2%    3500.9 sec left
CG set 169 / 6116    683.8092 GFlop/s     (683.8092 GFlop/s per process)    2%    3500.3 sec left
CG set 170 / 6116    683.8069 GFlop/s     (683.8069 GFlop/s per process)    2%    3499.7 sec left
CG set 171 / 6116    683.8070 GFlop/s     (683.8070 GFlop/s per process)    2%    3499.1 sec left
CG set 172 / 6116    683.8034 GFlop/s     (683.8034 GFlop/s per process)    2%    3498.5 sec left
CG set 173 / 6116    683.7995 GFlop/s     (683.7995 GFlop/s per process)    2%    3498.0 sec left
CG set 174 / 6116    683.7984 GFlop/s     (683.7984 GFlop/s per process)    2%    3497.4 sec left
CG set 175 / 6116    683.7915 GFlop/s     (683.7915 GFlop/s per process)    2%    3496.8 sec left
CG set 176 / 6116    683.7861 GFlop/s     (683.7861 GFlop/s per process)    2%    3496.2 sec left
CG set 177 / 6116    683.7825 GFlop/s     (683.7825 GFlop/s per process)    2%    3495.6 sec left
CG set 178 / 6116    683.7791 GFlop/s     (683.7791 GFlop/s per process)    2%    3495.0 sec left
CG set 179 / 6116    683.7783 GFlop/s     (683.7783 GFlop/s per process)    2%    3494.4 sec left
CG set 180 / 6116    683.7760 GFlop/s     (683.7760 GFlop/s per process)    2%    3493.8 sec left
CG set 181 / 6116    683.7724 GFlop/s     (683.7724 GFlop/s per process)    2%    3493.2 sec left
CG set 182 / 6116    683.7683 GFlop/s     (683.7683 GFlop/s per process)    2%    3492.6 sec left
CG set 183 / 6116    683.7646 GFlop/s     (683.7646 GFlop/s per process)    2%    3492.0 sec left
CG set 184 / 6116    683.7622 GFlop/s     (683.7622 GFlop/s per process)    3%    3491.5 sec left
CG set 185 / 6116    683.7597 GFlop/s     (683.7597 GFlop/s per process)    3%    3490.9 sec left
CG set 186 / 6116    683.7546 GFlop/s     (683.7546 GFlop/s per process)    3%    3490.3 sec left
CG set 187 / 6116    683.7497 GFlop/s     (683.7497 GFlop/s per process)    3%    3489.7 sec left
CG set 188 / 6116    683.7505 GFlop/s     (683.7505 GFlop/s per process)    3%    3489.1 sec left
CG set 189 / 6116    683.7466 GFlop/s     (683.7466 GFlop/s per process)    3%    3488.5 sec left
CG set 190 / 6116    683.7464 GFlop/s     (683.7464 GFlop/s per process)    3%    3487.9 sec left
CG set 191 / 6116    683.7442 GFlop/s     (683.7442 GFlop/s per process)    3%    3487.3 sec left
CG set 192 / 6116    683.7435 GFlop/s     (683.7435 GFlop/s per process)    3%    3486.7 sec left
CG set 193 / 6116    683.7423 GFlop/s     (683.7423 GFlop/s per process)    3%    3486.1 sec left
CG set 194 / 6116    683.7394 GFlop/s     (683.7394 GFlop/s per process)    3%    3485.6 sec left
CG set 195 / 6116    683.7369 GFlop/s     (683.7369 GFlop/s per process)    3%    3485.0 sec left
CG set 196 / 6116    683.7342 GFlop/s     (683.7342 GFlop/s per process)    3%    3484.4 sec left
CG set 197 / 6116    683.7312 GFlop/s     (683.7312 GFlop/s per process)    3%    3483.8 sec left
CG set 198 / 6116    683.7293 GFlop/s     (683.7293 GFlop/s per process)    3%    3483.2 sec left
CG set 199 / 6116    683.7270 GFlop/s     (683.7270 GFlop/s per process)    3%    3482.6 sec left
CG set 200 / 6116    683.7257 GFlop/s     (683.7257 GFlop/s per process)    3%    3482.0 sec left
CG set 201 / 6116    683.7243 GFlop/s     (683.7243 GFlop/s per process)    3%    3481.4 sec left
CG set 202 / 6116    683.7212 GFlop/s     (683.7212 GFlop/s per process)    3%    3480.8 sec left
CG set 203 / 6116    683.7187 GFlop/s     (683.7187 GFlop/s per process)    3%    3480.2 sec left
CG set 204 / 6116    683.7180 GFlop/s     (683.7180 GFlop/s per process)    3%    3479.7 sec left
CG set 205 / 6116    683.7142 GFlop/s     (683.7142 GFlop/s per process)    3%    3479.1 sec left
CG set 206 / 6116    683.7105 GFlop/s     (683.7105 GFlop/s per process)    3%    3478.5 sec left
CG set 207 / 6116    683.7042 GFlop/s     (683.7042 GFlop/s per process)    3%    3477.9 sec left
CG set 208 / 6116    683.7021 GFlop/s     (683.7021 GFlop/s per process)    3%    3477.3 sec left
CG set 209 / 6116    683.6996 GFlop/s     (683.6996 GFlop/s per process)    3%    3476.7 sec left
CG set 210 / 6116    683.6981 GFlop/s     (683.6981 GFlop/s per process)    3%    3476.1 sec left
CG set 211 / 6116    683.6929 GFlop/s     (683.6929 GFlop/s per process)    3%    3475.5 sec left
CG set 212 / 6116    683.6916 GFlop/s     (683.6916 GFlop/s per process)    3%    3474.9 sec left
CG set 213 / 6116    683.6886 GFlop/s     (683.6886 GFlop/s per process)    3%    3474.3 sec left
CG set 214 / 6116    683.6905 GFlop/s     (683.6905 GFlop/s per process)    3%    3473.7 sec left
CG set 215 / 6116    683.6863 GFlop/s     (683.6863 GFlop/s per process)    3%    3473.2 sec left
CG set 216 / 6116    683.6848 GFlop/s     (683.6848 GFlop/s per process)    3%    3472.6 sec left
CG set 217 / 6116    683.6813 GFlop/s     (683.6813 GFlop/s per process)    3%    3472.0 sec left
CG set 218 / 6116    683.6814 GFlop/s     (683.6814 GFlop/s per process)    3%    3471.4 sec left
CG set 219 / 6116    683.6795 GFlop/s     (683.6795 GFlop/s per process)    3%    3470.8 sec left
CG set 220 / 6116    683.6762 GFlop/s     (683.6762 GFlop/s per process)    3%    3470.2 sec left
CG set 221 / 6116    683.6744 GFlop/s     (683.6744 GFlop/s per process)    3%    3469.6 sec left
CG set 222 / 6116    683.6705 GFlop/s     (683.6705 GFlop/s per process)    3%    3469.0 sec left
CG set 223 / 6116    683.6691 GFlop/s     (683.6691 GFlop/s per process)    3%    3468.4 sec left
CG set 224 / 6116    683.6651 GFlop/s     (683.6651 GFlop/s per process)    3%    3467.8 sec left
CG set 225 / 6116    683.6587 GFlop/s     (683.6587 GFlop/s per process)    3%    3467.3 sec left
CG set 226 / 6116    683.6556 GFlop/s     (683.6556 GFlop/s per process)    3%    3466.7 sec left
CG set 227 / 6116    683.6521 GFlop/s     (683.6521 GFlop/s per process)    3%    3466.1 sec left
CG set 228 / 6116    683.6482 GFlop/s     (683.6482 GFlop/s per process)    3%    3465.5 sec left
CG set 229 / 6116    683.6449 GFlop/s     (683.6449 GFlop/s per process)    3%    3464.9 sec left
CG set 230 / 6116    683.6426 GFlop/s     (683.6426 GFlop/s per process)    3%    3464.3 sec left
CG set 231 / 6116    683.6415 GFlop/s     (683.6415 GFlop/s per process)    3%    3463.7 sec left
CG set 232 / 6116    683.6377 GFlop/s     (683.6377 GFlop/s per process)    3%    3463.1 sec left
CG set 233 / 6116    683.6353 GFlop/s     (683.6353 GFlop/s per process)    3%    3462.5 sec left
CG set 234 / 6116    683.6322 GFlop/s     (683.6322 GFlop/s per process)    3%    3461.9 sec left
CG set 235 / 6116    683.6297 GFlop/s     (683.6297 GFlop/s per process)    3%    3461.3 sec left
CG set 236 / 6116    683.6256 GFlop/s     (683.6256 GFlop/s per process)    3%    3460.8 sec left
CG set 237 / 6116    683.6212 GFlop/s     (683.6212 GFlop/s per process)    3%    3460.2 sec left
CG set 238 / 6116    683.6189 GFlop/s     (683.6189 GFlop/s per process)    3%    3459.6 sec left
CG set 239 / 6116    683.6176 GFlop/s     (683.6176 GFlop/s per process)    3%    3459.0 sec left
CG set 240 / 6116    683.6149 GFlop/s     (683.6149 GFlop/s per process)    3%    3458.4 sec left
CG set 241 / 6116    683.6115 GFlop/s     (683.6115 GFlop/s per process)    3%    3457.8 sec left
CG set 242 / 6116    683.6095 GFlop/s     (683.6095 GFlop/s per process)    3%    3457.2 sec left
CG set 243 / 6116    683.6067 GFlop/s     (683.6067 GFlop/s per process)    3%    3456.6 sec left
CG set 244 / 6116    683.6042 GFlop/s     (683.6042 GFlop/s per process)    3%    3456.0 sec left
CG set 245 / 6116    683.6021 GFlop/s     (683.6021 GFlop/s per process)    4%    3455.4 sec left
CG set 246 / 6116    683.5988 GFlop/s     (683.5988 GFlop/s per process)    4%    3454.8 sec left
CG set 247 / 6116    683.5961 GFlop/s     (683.5961 GFlop/s per process)    4%    3454.3 sec left
CG set 248 / 6116    683.5941 GFlop/s     (683.5941 GFlop/s per process)    4%    3453.7 sec left
CG set 249 / 6116    683.5916 GFlop/s     (683.5916 GFlop/s per process)    4%    3453.1 sec left
CG set 250 / 6116    683.5888 GFlop/s     (683.5888 GFlop/s per process)    4%    3452.5 sec left
CG set 251 / 6116    683.5868 GFlop/s     (683.5868 GFlop/s per process)    4%    3451.9 sec left
CG set 252 / 6116    683.5851 GFlop/s     (683.5851 GFlop/s per process)    4%    3451.3 sec left
CG set 253 / 6116    683.5841 GFlop/s     (683.5841 GFlop/s per process)    4%    3450.7 sec left
CG set 254 / 6116    683.5806 GFlop/s     (683.5806 GFlop/s per process)    4%    3450.1 sec left
CG set 255 / 6116    683.5779 GFlop/s     (683.5779 GFlop/s per process)    4%    3449.5 sec left
CG set 256 / 6116    683.5745 GFlop/s     (683.5745 GFlop/s per process)    4%    3448.9 sec left
CG set 257 / 6116    683.5724 GFlop/s     (683.5724 GFlop/s per process)    4%    3448.4 sec left
CG set 258 / 6116    683.5698 GFlop/s     (683.5698 GFlop/s per process)    4%    3447.8 sec left
CG set 259 / 6116    683.5681 GFlop/s     (683.5681 GFlop/s per process)    4%    3447.2 sec left
CG set 260 / 6116    683.5635 GFlop/s     (683.5635 GFlop/s per process)    4%    3446.6 sec left
CG set 261 / 6116    683.5614 GFlop/s     (683.5614 GFlop/s per process)    4%    3446.0 sec left
CG set 262 / 6116    683.5561 GFlop/s     (683.5561 GFlop/s per process)    4%    3445.4 sec left
CG set 263 / 6116    683.5551 GFlop/s     (683.5551 GFlop/s per process)    4%    3444.8 sec left
CG set 264 / 6116    683.5502 GFlop/s     (683.5502 GFlop/s per process)    4%    3444.2 sec left
CG set 265 / 6116    683.5465 GFlop/s     (683.5465 GFlop/s per process)    4%    3443.6 sec left
CG set 266 / 6116    683.5449 GFlop/s     (683.5449 GFlop/s per process)    4%    3443.0 sec left
CG set 267 / 6116    683.5442 GFlop/s     (683.5442 GFlop/s per process)    4%    3442.4 sec left
CG set 268 / 6116    683.5426 GFlop/s     (683.5426 GFlop/s per process)    4%    3441.9 sec left
CG set 269 / 6116    683.5415 GFlop/s     (683.5415 GFlop/s per process)    4%    3441.3 sec left
CG set 270 / 6116    683.5398 GFlop/s     (683.5398 GFlop/s per process)    4%    3440.7 sec left
CG set 271 / 6116    683.5402 GFlop/s     (683.5402 GFlop/s per process)    4%    3440.1 sec left
CG set 272 / 6116    683.5397 GFlop/s     (683.5397 GFlop/s per process)    4%    3439.5 sec left
CG set 273 / 6116    683.5384 GFlop/s     (683.5384 GFlop/s per process)    4%    3438.9 sec left
CG set 274 / 6116    683.5366 GFlop/s     (683.5366 GFlop/s per process)    4%    3438.3 sec left
CG set 275 / 6116    683.5337 GFlop/s     (683.5337 GFlop/s per process)    4%    3437.7 sec left
CG set 276 / 6116    683.5313 GFlop/s     (683.5313 GFlop/s per process)    4%    3437.1 sec left
CG set 277 / 6116    683.5311 GFlop/s     (683.5311 GFlop/s per process)    4%    3436.5 sec left
CG set 278 / 6116    683.5294 GFlop/s     (683.5294 GFlop/s per process)    4%    3436.0 sec left
CG set 279 / 6116    683.5287 GFlop/s     (683.5287 GFlop/s per process)    4%    3435.4 sec left
CG set 280 / 6116    683.5271 GFlop/s     (683.5271 GFlop/s per process)    4%    3434.8 sec left
CG set 281 / 6116    683.5216 GFlop/s     (683.5216 GFlop/s per process)    4%    3434.2 sec left
CG set 282 / 6116    683.5166 GFlop/s     (683.5166 GFlop/s per process)    4%    3433.6 sec left
CG set 283 / 6116    683.5139 GFlop/s     (683.5139 GFlop/s per process)    4%    3433.0 sec left
CG set 284 / 6116    683.5131 GFlop/s     (683.5131 GFlop/s per process)    4%    3432.4 sec left
CG set 285 / 6116    683.5123 GFlop/s     (683.5123 GFlop/s per process)    4%    3431.8 sec left
CG set 286 / 6116    683.5075 GFlop/s     (683.5075 GFlop/s per process)    4%    3431.2 sec left
CG set 287 / 6116    683.5049 GFlop/s     (683.5049 GFlop/s per process)    4%    3430.6 sec left
CG set 288 / 6116    683.5014 GFlop/s     (683.5014 GFlop/s per process)    4%    3430.0 sec left
CG set 289 / 6116    683.4996 GFlop/s     (683.4996 GFlop/s per process)    4%    3429.5 sec left
CG set 290 / 6116    683.4969 GFlop/s     (683.4969 GFlop/s per process)    4%    3428.9 sec left
CG set 291 / 6116    683.4939 GFlop/s     (683.4939 GFlop/s per process)    4%    3428.3 sec left
CG set 292 / 6116    683.4911 GFlop/s     (683.4911 GFlop/s per process)    4%    3427.7 sec left
CG set 293 / 6116    683.4901 GFlop/s     (683.4901 GFlop/s per process)    4%    3427.1 sec left
CG set 294 / 6116    683.4887 GFlop/s     (683.4887 GFlop/s per process)    4%    3426.5 sec left
CG set 295 / 6116    683.4899 GFlop/s     (683.4899 GFlop/s per process)    4%    3425.9 sec left
CG set 296 / 6116    683.4882 GFlop/s     (683.4882 GFlop/s per process)    4%    3425.3 sec left
CG set 297 / 6116    683.4875 GFlop/s     (683.4875 GFlop/s per process)    4%    3424.7 sec left
CG set 298 / 6116    683.4847 GFlop/s     (683.4847 GFlop/s per process)    4%    3424.1 sec left
CG set 299 / 6116    683.4828 GFlop/s     (683.4828 GFlop/s per process)    4%    3423.5 sec left
CG set 300 / 6116    683.4806 GFlop/s     (683.4806 GFlop/s per process)    4%    3423.0 sec left
CG set 301 / 6116    683.4791 GFlop/s     (683.4791 GFlop/s per process)    4%    3422.4 sec left
CG set 302 / 6116    683.4758 GFlop/s     (683.4758 GFlop/s per process)    4%    3421.8 sec left
CG set 303 / 6116    683.4727 GFlop/s     (683.4727 GFlop/s per process)    4%    3421.2 sec left
CG set 304 / 6116    683.4706 GFlop/s     (683.4706 GFlop/s per process)    4%    3420.6 sec left
CG set 305 / 6116    683.4700 GFlop/s     (683.4700 GFlop/s per process)    4%    3420.0 sec left
CG set 306 / 6116    683.4671 GFlop/s     (683.4671 GFlop/s per process)    5%    3419.4 sec left
CG set 307 / 6116    683.4649 GFlop/s     (683.4649 GFlop/s per process)    5%    3418.8 sec left
CG set 308 / 6116    683.4622 GFlop/s     (683.4622 GFlop/s per process)    5%    3418.2 sec left
CG set 309 / 6116    683.4617 GFlop/s     (683.4617 GFlop/s per process)    5%    3417.6 sec left
CG set 310 / 6116    683.4592 GFlop/s     (683.4592 GFlop/s per process)    5%    3417.0 sec left
CG set 311 / 6116    683.4569 GFlop/s     (683.4569 GFlop/s per process)    5%    3416.5 sec left
CG set 312 / 6116    683.4540 GFlop/s     (683.4540 GFlop/s per process)    5%    3415.9 sec left
CG set 313 / 6116    683.4524 GFlop/s     (683.4524 GFlop/s per process)    5%    3415.3 sec left
CG set 314 / 6116    683.4493 GFlop/s     (683.4493 GFlop/s per process)    5%    3414.7 sec left
CG set 315 / 6116    683.4472 GFlop/s     (683.4472 GFlop/s per process)    5%    3414.1 sec left
CG set 316 / 6116    683.4450 GFlop/s     (683.4450 GFlop/s per process)    5%    3413.5 sec left
CG set 317 / 6116    683.4422 GFlop/s     (683.4422 GFlop/s per process)    5%    3412.9 sec left
CG set 318 / 6116    683.4416 GFlop/s     (683.4416 GFlop/s per process)    5%    3412.3 sec left
CG set 319 / 6116    683.4425 GFlop/s     (683.4425 GFlop/s per process)    5%    3411.7 sec left
CG set 320 / 6116    683.4414 GFlop/s     (683.4414 GFlop/s per process)    5%    3411.1 sec left
CG set 321 / 6116    683.4416 GFlop/s     (683.4416 GFlop/s per process)    5%    3410.6 sec left
CG set 322 / 6116    683.4400 GFlop/s     (683.4400 GFlop/s per process)    5%    3410.0 sec left
CG set 323 / 6116    683.4385 GFlop/s     (683.4385 GFlop/s per process)    5%    3409.4 sec left
CG set 324 / 6116    683.4377 GFlop/s     (683.4377 GFlop/s per process)    5%    3408.8 sec left
CG set 325 / 6116    683.4355 GFlop/s     (683.4355 GFlop/s per process)    5%    3408.2 sec left
CG set 326 / 6116    683.4329 GFlop/s     (683.4329 GFlop/s per process)    5%    3407.6 sec left
CG set 327 / 6116    683.4316 GFlop/s     (683.4316 GFlop/s per process)    5%    3407.0 sec left
CG set 328 / 6116    683.4302 GFlop/s     (683.4302 GFlop/s per process)    5%    3406.4 sec left
CG set 329 / 6116    683.4297 GFlop/s     (683.4297 GFlop/s per process)    5%    3405.8 sec left
CG set 330 / 6116    683.4272 GFlop/s     (683.4272 GFlop/s per process)    5%    3405.2 sec left
CG set 331 / 6116    683.4234 GFlop/s     (683.4234 GFlop/s per process)    5%    3404.6 sec left
CG set 332 / 6116    683.4210 GFlop/s     (683.4210 GFlop/s per process)    5%    3404.1 sec left
CG set 333 / 6116    683.4178 GFlop/s     (683.4178 GFlop/s per process)    5%    3403.5 sec left
CG set 334 / 6116    683.4149 GFlop/s     (683.4149 GFlop/s per process)    5%    3402.9 sec left
CG set 335 / 6116    683.4114 GFlop/s     (683.4114 GFlop/s per process)    5%    3402.3 sec left
CG set 336 / 6116    683.4091 GFlop/s     (683.4091 GFlop/s per process)    5%    3401.7 sec left
CG set 337 / 6116    683.4089 GFlop/s     (683.4089 GFlop/s per process)    5%    3401.1 sec left
CG set 338 / 6116    683.4052 GFlop/s     (683.4052 GFlop/s per process)    5%    3400.5 sec left
CG set 339 / 6116    683.4044 GFlop/s     (683.4044 GFlop/s per process)    5%    3399.9 sec left
CG set 340 / 6116    683.4028 GFlop/s     (683.4028 GFlop/s per process)    5%    3399.3 sec left
CG set 341 / 6116    683.3997 GFlop/s     (683.3997 GFlop/s per process)    5%    3398.7 sec left
CG set 342 / 6116    683.3977 GFlop/s     (683.3977 GFlop/s per process)    5%    3398.1 sec left
CG set 343 / 6116    683.3949 GFlop/s     (683.3949 GFlop/s per process)    5%    3397.6 sec left
CG set 344 / 6116    683.3937 GFlop/s     (683.3937 GFlop/s per process)    5%    3397.0 sec left
CG set 345 / 6116    683.3915 GFlop/s     (683.3915 GFlop/s per process)    5%    3396.4 sec left
CG set 346 / 6116    683.3901 GFlop/s     (683.3901 GFlop/s per process)    5%    3395.8 sec left
CG set 347 / 6116    683.3887 GFlop/s     (683.3887 GFlop/s per process)    5%    3395.2 sec left
CG set 348 / 6116    683.3868 GFlop/s     (683.3868 GFlop/s per process)    5%    3394.6 sec left
CG set 349 / 6116    683.3857 GFlop/s     (683.3857 GFlop/s per process)    5%    3394.0 sec left
CG set 350 / 6116    683.3837 GFlop/s     (683.3837 GFlop/s per process)    5%    3393.4 sec left
CG set 351 / 6116    683.3812 GFlop/s     (683.3812 GFlop/s per process)    5%    3392.8 sec left
CG set 352 / 6116    683.3804 GFlop/s     (683.3804 GFlop/s per process)    5%    3392.2 sec left
CG set 353 / 6116    683.3793 GFlop/s     (683.3793 GFlop/s per process)    5%    3391.6 sec left
CG set 354 / 6116    683.3790 GFlop/s     (683.3790 GFlop/s per process)    5%    3391.1 sec left
CG set 355 / 6116    683.3784 GFlop/s     (683.3784 GFlop/s per process)    5%    3390.5 sec left
CG set 356 / 6116    683.3747 GFlop/s     (683.3747 GFlop/s per process)    5%    3389.9 sec left
CG set 357 / 6116    683.3729 GFlop/s     (683.3729 GFlop/s per process)    5%    3389.3 sec left
CG set 358 / 6116    683.3714 GFlop/s     (683.3714 GFlop/s per process)    5%    3388.7 sec left
CG set 359 / 6116    683.3698 GFlop/s     (683.3698 GFlop/s per process)    5%    3388.1 sec left
CG set 360 / 6116    683.3678 GFlop/s     (683.3678 GFlop/s per process)    5%    3387.5 sec left
CG set 361 / 6116    683.3690 GFlop/s     (683.3690 GFlop/s per process)    5%    3386.9 sec left
CG set 362 / 6116    683.3667 GFlop/s     (683.3667 GFlop/s per process)    5%    3386.3 sec left
CG set 363 / 6116    683.3638 GFlop/s     (683.3638 GFlop/s per process)    5%    3385.7 sec left
CG set 364 / 6116    683.3621 GFlop/s     (683.3621 GFlop/s per process)    5%    3385.1 sec left
CG set 365 / 6116    683.3611 GFlop/s     (683.3611 GFlop/s per process)    5%    3384.6 sec left
CG set 366 / 6116    683.3592 GFlop/s     (683.3592 GFlop/s per process)    5%    3384.0 sec left
CG set 367 / 6116    683.3587 GFlop/s     (683.3587 GFlop/s per process)    6%    3383.4 sec left
CG set 368 / 6116    683.3576 GFlop/s     (683.3576 GFlop/s per process)    6%    3382.8 sec left
CG set 369 / 6116    683.3551 GFlop/s     (683.3551 GFlop/s per process)    6%    3382.2 sec left
CG set 370 / 6116    683.3537 GFlop/s     (683.3537 GFlop/s per process)    6%    3381.6 sec left
CG set 371 / 6116    683.3530 GFlop/s     (683.3530 GFlop/s per process)    6%    3381.0 sec left
CG set 372 / 6116    683.3514 GFlop/s     (683.3514 GFlop/s per process)    6%    3380.4 sec left
CG set 373 / 6116    683.3499 GFlop/s     (683.3499 GFlop/s per process)    6%    3379.8 sec left
CG set 374 / 6116    683.3480 GFlop/s     (683.3480 GFlop/s per process)    6%    3379.2 sec left
CG set 375 / 6116    683.3465 GFlop/s     (683.3465 GFlop/s per process)    6%    3378.6 sec left
CG set 376 / 6116    683.3450 GFlop/s     (683.3450 GFlop/s per process)    6%    3378.1 sec left
CG set 377 / 6116    683.3446 GFlop/s     (683.3446 GFlop/s per process)    6%    3377.5 sec left
CG set 378 / 6116    683.3423 GFlop/s     (683.3423 GFlop/s per process)    6%    3376.9 sec left
CG set 379 / 6116    683.3415 GFlop/s     (683.3415 GFlop/s per process)    6%    3376.3 sec left
CG set 380 / 6116    683.3410 GFlop/s     (683.3410 GFlop/s per process)    6%    3375.7 sec left
CG set 381 / 6116    683.3397 GFlop/s     (683.3397 GFlop/s per process)    6%    3375.1 sec left
CG set 382 / 6116    683.3378 GFlop/s     (683.3378 GFlop/s per process)    6%    3374.5 sec left
CG set 383 / 6116    683.3348 GFlop/s     (683.3348 GFlop/s per process)    6%    3373.9 sec left
CG set 384 / 6116    683.3326 GFlop/s     (683.3326 GFlop/s per process)    6%    3373.3 sec left
CG set 385 / 6116    683.3311 GFlop/s     (683.3311 GFlop/s per process)    6%    3372.7 sec left
CG set 386 / 6116    683.3298 GFlop/s     (683.3298 GFlop/s per process)    6%    3372.2 sec left
CG set 387 / 6116    683.3279 GFlop/s     (683.3279 GFlop/s per process)    6%    3371.6 sec left
CG set 388 / 6116    683.3253 GFlop/s     (683.3253 GFlop/s per process)    6%    3371.0 sec left
CG set 389 / 6116    683.3241 GFlop/s     (683.3241 GFlop/s per process)    6%    3370.4 sec left
CG set 390 / 6116    683.3223 GFlop/s     (683.3223 GFlop/s per process)    6%    3369.8 sec left
CG set 391 / 6116    683.3196 GFlop/s     (683.3196 GFlop/s per process)    6%    3369.2 sec left
CG set 392 / 6116    683.3172 GFlop/s     (683.3172 GFlop/s per process)    6%    3368.6 sec left
CG set 393 / 6116    683.3141 GFlop/s     (683.3141 GFlop/s per process)    6%    3368.0 sec left
CG set 394 / 6116    683.3128 GFlop/s     (683.3128 GFlop/s per process)    6%    3367.4 sec left
CG set 395 / 6116    683.3107 GFlop/s     (683.3107 GFlop/s per process)    6%    3366.8 sec left
CG set 396 / 6116    683.3084 GFlop/s     (683.3084 GFlop/s per process)    6%    3366.2 sec left
CG set 397 / 6116    683.3067 GFlop/s     (683.3067 GFlop/s per process)    6%    3365.7 sec left
CG set 398 / 6116    683.3048 GFlop/s     (683.3048 GFlop/s per process)    6%    3365.1 sec left
CG set 399 / 6116    683.3040 GFlop/s     (683.3040 GFlop/s per process)    6%    3364.5 sec left
CG set 400 / 6116    683.3028 GFlop/s     (683.3028 GFlop/s per process)    6%    3363.9 sec left
CG set 401 / 6116    683.3011 GFlop/s     (683.3011 GFlop/s per process)    6%    3363.3 sec left
CG set 402 / 6116    683.2983 GFlop/s     (683.2983 GFlop/s per process)    6%    3362.7 sec left
CG set 403 / 6116    683.2964 GFlop/s     (683.2964 GFlop/s per process)    6%    3362.1 sec left
CG set 404 / 6116    683.2946 GFlop/s     (683.2946 GFlop/s per process)    6%    3361.5 sec left
CG set 405 / 6116    683.2924 GFlop/s     (683.2924 GFlop/s per process)    6%    3360.9 sec left
CG set 406 / 6116    683.2903 GFlop/s     (683.2903 GFlop/s per process)    6%    3360.3 sec left
CG set 407 / 6116    683.2888 GFlop/s     (683.2888 GFlop/s per process)    6%    3359.7 sec left
CG set 408 / 6116    683.2886 GFlop/s     (683.2886 GFlop/s per process)    6%    3359.2 sec left
CG set 409 / 6116    683.2864 GFlop/s     (683.2864 GFlop/s per process)    6%    3358.6 sec left
CG set 410 / 6116    683.2848 GFlop/s     (683.2848 GFlop/s per process)    6%    3358.0 sec left
CG set 411 / 6116    683.2829 GFlop/s     (683.2829 GFlop/s per process)    6%    3357.4 sec left
CG set 412 / 6116    683.2806 GFlop/s     (683.2806 GFlop/s per process)    6%    3356.8 sec left
CG set 413 / 6116    683.2792 GFlop/s     (683.2792 GFlop/s per process)    6%    3356.2 sec left
CG set 414 / 6116    683.2772 GFlop/s     (683.2772 GFlop/s per process)    6%    3355.6 sec left
CG set 415 / 6116    683.2750 GFlop/s     (683.2750 GFlop/s per process)    6%    3355.0 sec left
CG set 416 / 6116    683.2743 GFlop/s     (683.2743 GFlop/s per process)    6%    3354.4 sec left
CG set 417 / 6116    683.2726 GFlop/s     (683.2726 GFlop/s per process)    6%    3353.8 sec left
CG set 418 / 6116    683.2709 GFlop/s     (683.2709 GFlop/s per process)    6%    3353.2 sec left
CG set 419 / 6116    683.2684 GFlop/s     (683.2684 GFlop/s per process)    6%    3352.6 sec left
CG set 420 / 6116    683.2671 GFlop/s     (683.2671 GFlop/s per process)    6%    3352.1 sec left
CG set 421 / 6116    683.2647 GFlop/s     (683.2647 GFlop/s per process)    6%    3351.5 sec left
CG set 422 / 6116    683.2631 GFlop/s     (683.2631 GFlop/s per process)    6%    3350.9 sec left
CG set 423 / 6116    683.2605 GFlop/s     (683.2605 GFlop/s per process)    6%    3350.3 sec left
CG set 424 / 6116    683.2584 GFlop/s     (683.2584 GFlop/s per process)    6%    3349.7 sec left
CG set 425 / 6116    683.2562 GFlop/s     (683.2562 GFlop/s per process)    6%    3349.1 sec left
CG set 426 / 6116    683.2551 GFlop/s     (683.2551 GFlop/s per process)    6%    3348.5 sec left
CG set 427 / 6116    683.2534 GFlop/s     (683.2534 GFlop/s per process)    6%    3347.9 sec left
CG set 428 / 6116    683.2517 GFlop/s     (683.2517 GFlop/s per process)    6%    3347.3 sec left
CG set 429 / 6116    683.2501 GFlop/s     (683.2501 GFlop/s per process)    7%    3346.7 sec left
CG set 430 / 6116    683.2479 GFlop/s     (683.2479 GFlop/s per process)    7%    3346.1 sec left
CG set 431 / 6116    683.2458 GFlop/s     (683.2458 GFlop/s per process)    7%    3345.6 sec left
CG set 432 / 6116    683.2444 GFlop/s     (683.2444 GFlop/s per process)    7%    3345.0 sec left
CG set 433 / 6116    683.2425 GFlop/s     (683.2425 GFlop/s per process)    7%    3344.4 sec left
CG set 434 / 6116    683.2410 GFlop/s     (683.2410 GFlop/s per process)    7%    3343.8 sec left
CG set 435 / 6116    683.2392 GFlop/s     (683.2392 GFlop/s per process)    7%    3343.2 sec left
CG set 436 / 6116    683.2377 GFlop/s     (683.2377 GFlop/s per process)    7%    3342.6 sec left
CG set 437 / 6116    683.2364 GFlop/s     (683.2364 GFlop/s per process)    7%    3342.0 sec left
CG set 438 / 6116    683.2353 GFlop/s     (683.2353 GFlop/s per process)    7%    3341.4 sec left
CG set 439 / 6116    683.2340 GFlop/s     (683.2340 GFlop/s per process)    7%    3340.8 sec left
CG set 440 / 6116    683.2332 GFlop/s     (683.2332 GFlop/s per process)    7%    3340.2 sec left
CG set 441 / 6116    683.2316 GFlop/s     (683.2316 GFlop/s per process)    7%    3339.6 sec left
CG set 442 / 6116    683.2289 GFlop/s     (683.2289 GFlop/s per process)    7%    3339.1 sec left
CG set 443 / 6116    683.2278 GFlop/s     (683.2278 GFlop/s per process)    7%    3338.5 sec left
CG set 444 / 6116    683.2253 GFlop/s     (683.2253 GFlop/s per process)    7%    3337.9 sec left
CG set 445 / 6116    683.2235 GFlop/s     (683.2235 GFlop/s per process)    7%    3337.3 sec left
CG set 446 / 6116    683.2213 GFlop/s     (683.2213 GFlop/s per process)    7%    3336.7 sec left
CG set 447 / 6116    683.2200 GFlop/s     (683.2200 GFlop/s per process)    7%    3336.1 sec left
CG set 448 / 6116    683.2189 GFlop/s     (683.2189 GFlop/s per process)    7%    3335.5 sec left
CG set 449 / 6116    683.2168 GFlop/s     (683.2168 GFlop/s per process)    7%    3334.9 sec left
CG set 450 / 6116    683.2145 GFlop/s     (683.2145 GFlop/s per process)    7%    3334.3 sec left
CG set 451 / 6116    683.2137 GFlop/s     (683.2137 GFlop/s per process)    7%    3333.7 sec left
CG set 452 / 6116    683.2110 GFlop/s     (683.2110 GFlop/s per process)    7%    3333.1 sec left
CG set 453 / 6116    683.2101 GFlop/s     (683.2101 GFlop/s per process)    7%    3332.6 sec left
CG set 454 / 6116    683.2085 GFlop/s     (683.2085 GFlop/s per process)    7%    3332.0 sec left
CG set 455 / 6116    683.2064 GFlop/s     (683.2064 GFlop/s per process)    7%    3331.4 sec left
CG set 456 / 6116    683.2045 GFlop/s     (683.2045 GFlop/s per process)    7%    3330.8 sec left
CG set 457 / 6116    683.2019 GFlop/s     (683.2019 GFlop/s per process)    7%    3330.2 sec left
CG set 458 / 6116    683.2016 GFlop/s     (683.2016 GFlop/s per process)    7%    3329.6 sec left
CG set 459 / 6116    683.2012 GFlop/s     (683.2012 GFlop/s per process)    7%    3329.0 sec left
CG set 460 / 6116    683.1987 GFlop/s     (683.1987 GFlop/s per process)    7%    3328.4 sec left
CG set 461 / 6116    683.1977 GFlop/s     (683.1977 GFlop/s per process)    7%    3327.8 sec left
CG set 462 / 6116    683.1957 GFlop/s     (683.1957 GFlop/s per process)    7%    3327.2 sec left
CG set 463 / 6116    683.1959 GFlop/s     (683.1959 GFlop/s per process)    7%    3326.6 sec left
CG set 464 / 6116    683.1949 GFlop/s     (683.1949 GFlop/s per process)    7%    3326.1 sec left
CG set 465 / 6116    683.1929 GFlop/s     (683.1929 GFlop/s per process)    7%    3325.5 sec left
CG set 466 / 6116    683.1913 GFlop/s     (683.1913 GFlop/s per process)    7%    3324.9 sec left
CG set 467 / 6116    683.1908 GFlop/s     (683.1908 GFlop/s per process)    7%    3324.3 sec left
CG set 468 / 6116    683.1896 GFlop/s     (683.1896 GFlop/s per process)    7%    3323.7 sec left
CG set 469 / 6116    683.1873 GFlop/s     (683.1873 GFlop/s per process)    7%    3323.1 sec left
CG set 470 / 6116    683.1854 GFlop/s     (683.1854 GFlop/s per process)    7%    3322.5 sec left
CG set 471 / 6116    683.1841 GFlop/s     (683.1841 GFlop/s per process)    7%    3321.9 sec left
CG set 472 / 6116    683.1806 GFlop/s     (683.1806 GFlop/s per process)    7%    3321.3 sec left
CG set 473 / 6116    683.1786 GFlop/s     (683.1786 GFlop/s per process)    7%    3320.7 sec left
CG set 474 / 6116    683.1776 GFlop/s     (683.1776 GFlop/s per process)    7%    3320.1 sec left
CG set 475 / 6116    683.1757 GFlop/s     (683.1757 GFlop/s per process)    7%    3319.6 sec left
CG set 476 / 6116    683.1743 GFlop/s     (683.1743 GFlop/s per process)    7%    3319.0 sec left
CG set 477 / 6116    683.1737 GFlop/s     (683.1737 GFlop/s per process)    7%    3318.4 sec left
CG set 478 / 6116    683.1726 GFlop/s     (683.1726 GFlop/s per process)    7%    3317.8 sec left
CG set 479 / 6116    683.1701 GFlop/s     (683.1701 GFlop/s per process)    7%    3317.2 sec left
CG set 480 / 6116    683.1678 GFlop/s     (683.1678 GFlop/s per process)    7%    3316.6 sec left
CG set 481 / 6116    683.1660 GFlop/s     (683.1660 GFlop/s per process)    7%    3316.0 sec left
CG set 482 / 6116    683.1645 GFlop/s     (683.1645 GFlop/s per process)    7%    3315.4 sec left
CG set 483 / 6116    683.1627 GFlop/s     (683.1627 GFlop/s per process)    7%    3314.8 sec left
CG set 484 / 6116    683.1630 GFlop/s     (683.1630 GFlop/s per process)    7%    3314.2 sec left
CG set 485 / 6116    683.1632 GFlop/s     (683.1632 GFlop/s per process)    7%    3313.6 sec left
CG set 486 / 6116    683.1618 GFlop/s     (683.1618 GFlop/s per process)    7%    3313.1 sec left
CG set 487 / 6116    683.1608 GFlop/s     (683.1608 GFlop/s per process)    7%    3312.5 sec left
CG set 488 / 6116    683.1610 GFlop/s     (683.1610 GFlop/s per process)    7%    3311.9 sec left
CG set 489 / 6116    683.1588 GFlop/s     (683.1588 GFlop/s per process)    7%    3311.3 sec left
CG set 490 / 6116    683.1574 GFlop/s     (683.1574 GFlop/s per process)    8%    3310.7 sec left
CG set 491 / 6116    683.1556 GFlop/s     (683.1556 GFlop/s per process)    8%    3310.1 sec left
CG set 492 / 6116    683.1544 GFlop/s     (683.1544 GFlop/s per process)    8%    3309.5 sec left
CG set 493 / 6116    683.1546 GFlop/s     (683.1546 GFlop/s per process)    8%    3308.9 sec left
CG set 494 / 6116    683.1528 GFlop/s     (683.1528 GFlop/s per process)    8%    3308.3 sec left
CG set 495 / 6116    683.1523 GFlop/s     (683.1523 GFlop/s per process)    8%    3307.7 sec left
CG set 496 / 6116    683.1509 GFlop/s     (683.1509 GFlop/s per process)    8%    3307.1 sec left
CG set 497 / 6116    683.1506 GFlop/s     (683.1506 GFlop/s per process)    8%    3306.6 sec left
CG set 498 / 6116    683.1483 GFlop/s     (683.1483 GFlop/s per process)    8%    3306.0 sec left
CG set 499 / 6116    683.1468 GFlop/s     (683.1468 GFlop/s per process)    8%    3305.4 sec left
CG set 500 / 6116    683.1448 GFlop/s     (683.1448 GFlop/s per process)    8%    3304.8 sec left
CG set 501 / 6116    683.1431 GFlop/s     (683.1431 GFlop/s per process)    8%    3304.2 sec left
CG set 502 / 6116    683.1419 GFlop/s     (683.1419 GFlop/s per process)    8%    3303.6 sec left
CG set 503 / 6116    683.1408 GFlop/s     (683.1408 GFlop/s per process)    8%    3303.0 sec left
CG set 504 / 6116    683.1400 GFlop/s     (683.1400 GFlop/s per process)    8%    3302.4 sec left
CG set 505 / 6116    683.1388 GFlop/s     (683.1388 GFlop/s per process)    8%    3301.8 sec left
CG set 506 / 6116    683.1382 GFlop/s     (683.1382 GFlop/s per process)    8%    3301.2 sec left
CG set 507 / 6116    683.1364 GFlop/s     (683.1364 GFlop/s per process)    8%    3300.6 sec left
CG set 508 / 6116    683.1339 GFlop/s     (683.1339 GFlop/s per process)    8%    3300.0 sec left
CG set 509 / 6116    683.1325 GFlop/s     (683.1325 GFlop/s per process)    8%    3299.5 sec left
CG set 510 / 6116    683.1305 GFlop/s     (683.1305 GFlop/s per process)    8%    3298.9 sec left
CG set 511 / 6116    683.1296 GFlop/s     (683.1296 GFlop/s per process)    8%    3298.3 sec left
CG set 512 / 6116    683.1272 GFlop/s     (683.1272 GFlop/s per process)    8%    3297.7 sec left
CG set 513 / 6116    683.1256 GFlop/s     (683.1256 GFlop/s per process)    8%    3297.1 sec left
CG set 514 / 6116    683.1233 GFlop/s     (683.1233 GFlop/s per process)    8%    3296.5 sec left
CG set 515 / 6116    683.1212 GFlop/s     (683.1212 GFlop/s per process)    8%    3295.9 sec left
CG set 516 / 6116    683.1188 GFlop/s     (683.1188 GFlop/s per process)    8%    3295.3 sec left
CG set 517 / 6116    683.1176 GFlop/s     (683.1176 GFlop/s per process)    8%    3294.7 sec left
CG set 518 / 6116    683.1162 GFlop/s     (683.1162 GFlop/s per process)    8%    3294.1 sec left
CG set 519 / 6116    683.1149 GFlop/s     (683.1149 GFlop/s per process)    8%    3293.5 sec left
CG set 520 / 6116    683.1126 GFlop/s     (683.1126 GFlop/s per process)    8%    3293.0 sec left
CG set 521 / 6116    683.1114 GFlop/s     (683.1114 GFlop/s per process)    8%    3292.4 sec left
CG set 522 / 6116    683.1095 GFlop/s     (683.1095 GFlop/s per process)    8%    3291.8 sec left
CG set 523 / 6116    683.1080 GFlop/s     (683.1080 GFlop/s per process)    8%    3291.2 sec left
CG set 524 / 6116    683.1066 GFlop/s     (683.1066 GFlop/s per process)    8%    3290.6 sec left
CG set 525 / 6116    683.1061 GFlop/s     (683.1061 GFlop/s per process)    8%    3290.0 sec left
CG set 526 / 6116    683.1040 GFlop/s     (683.1040 GFlop/s per process)    8%    3289.4 sec left
CG set 527 / 6116    683.1024 GFlop/s     (683.1024 GFlop/s per process)    8%    3288.8 sec left
CG set 528 / 6116    683.1010 GFlop/s     (683.1010 GFlop/s per process)    8%    3288.2 sec left
CG set 529 / 6116    683.0993 GFlop/s     (683.0993 GFlop/s per process)    8%    3287.6 sec left
CG set 530 / 6116    683.0976 GFlop/s     (683.0976 GFlop/s per process)    8%    3287.0 sec left
CG set 531 / 6116    683.0971 GFlop/s     (683.0971 GFlop/s per process)    8%    3286.5 sec left
CG set 532 / 6116    683.0948 GFlop/s     (683.0948 GFlop/s per process)    8%    3285.9 sec left
CG set 533 / 6116    683.0928 GFlop/s     (683.0928 GFlop/s per process)    8%    3285.3 sec left
CG set 534 / 6116    683.0917 GFlop/s     (683.0917 GFlop/s per process)    8%    3284.7 sec left
CG set 535 / 6116    683.0895 GFlop/s     (683.0895 GFlop/s per process)    8%    3284.1 sec left
CG set 536 / 6116    683.0885 GFlop/s     (683.0885 GFlop/s per process)    8%    3283.5 sec left
CG set 537 / 6116    683.0867 GFlop/s     (683.0867 GFlop/s per process)    8%    3282.9 sec left
CG set 538 / 6116    683.0848 GFlop/s     (683.0848 GFlop/s per process)    8%    3282.3 sec left
CG set 539 / 6116    683.0834 GFlop/s     (683.0834 GFlop/s per process)    8%    3281.7 sec left
CG set 540 / 6116    683.0822 GFlop/s     (683.0822 GFlop/s per process)    8%    3281.1 sec left
CG set 541 / 6116    683.0815 GFlop/s     (683.0815 GFlop/s per process)    8%    3280.5 sec left
CG set 542 / 6116    683.0787 GFlop/s     (683.0787 GFlop/s per process)    8%    3279.9 sec left
CG set 543 / 6116    683.0770 GFlop/s     (683.0770 GFlop/s per process)    8%    3279.4 sec left
CG set 544 / 6116    683.0754 GFlop/s     (683.0754 GFlop/s per process)    8%    3278.8 sec left
CG set 545 / 6116    683.0749 GFlop/s     (683.0749 GFlop/s per process)    8%    3278.2 sec left
CG set 546 / 6116    683.0724 GFlop/s     (683.0724 GFlop/s per process)    8%    3277.6 sec left
CG set 547 / 6116    683.0720 GFlop/s     (683.0720 GFlop/s per process)    8%    3277.0 sec left
CG set 548 / 6116    683.0707 GFlop/s     (683.0707 GFlop/s per process)    8%    3276.4 sec left
CG set 549 / 6116    683.0691 GFlop/s     (683.0691 GFlop/s per process)    8%    3275.8 sec left
CG set 550 / 6116    683.0671 GFlop/s     (683.0671 GFlop/s per process)    8%    3275.2 sec left
CG set 551 / 6116    683.0660 GFlop/s     (683.0660 GFlop/s per process)    9%    3274.6 sec left
CG set 552 / 6116    683.0643 GFlop/s     (683.0643 GFlop/s per process)    9%    3274.0 sec left
CG set 553 / 6116    683.0624 GFlop/s     (683.0624 GFlop/s per process)    9%    3273.4 sec left
CG set 554 / 6116    683.0611 GFlop/s     (683.0611 GFlop/s per process)    9%    3272.9 sec left
CG set 555 / 6116    683.0605 GFlop/s     (683.0605 GFlop/s per process)    9%    3272.3 sec left
CG set 556 / 6116    683.0586 GFlop/s     (683.0586 GFlop/s per process)    9%    3271.7 sec left
CG set 557 / 6116    683.0568 GFlop/s     (683.0568 GFlop/s per process)    9%    3271.1 sec left
CG set 558 / 6116    683.0551 GFlop/s     (683.0551 GFlop/s per process)    9%    3270.5 sec left
CG set 559 / 6116    683.0537 GFlop/s     (683.0537 GFlop/s per process)    9%    3269.9 sec left
CG set 560 / 6116    683.0529 GFlop/s     (683.0529 GFlop/s per process)    9%    3269.3 sec left
CG set 561 / 6116    683.0512 GFlop/s     (683.0512 GFlop/s per process)    9%    3268.7 sec left
CG set 562 / 6116    683.0496 GFlop/s     (683.0496 GFlop/s per process)    9%    3268.1 sec left
CG set 563 / 6116    683.0495 GFlop/s     (683.0495 GFlop/s per process)    9%    3267.5 sec left
CG set 564 / 6116    683.0481 GFlop/s     (683.0481 GFlop/s per process)    9%    3266.9 sec left
CG set 565 / 6116    683.0453 GFlop/s     (683.0453 GFlop/s per process)    9%    3266.3 sec left
CG set 566 / 6116    683.0437 GFlop/s     (683.0437 GFlop/s per process)    9%    3265.8 sec left
CG set 567 / 6116    683.0429 GFlop/s     (683.0429 GFlop/s per process)    9%    3265.2 sec left
CG set 568 / 6116    683.0415 GFlop/s     (683.0415 GFlop/s per process)    9%    3264.6 sec left
CG set 569 / 6116    683.0403 GFlop/s     (683.0403 GFlop/s per process)    9%    3264.0 sec left
CG set 570 / 6116    683.0387 GFlop/s     (683.0387 GFlop/s per process)    9%    3263.4 sec left
CG set 571 / 6116    683.0387 GFlop/s     (683.0387 GFlop/s per process)    9%    3262.8 sec left
CG set 572 / 6116    683.0379 GFlop/s     (683.0379 GFlop/s per process)    9%    3262.2 sec left
CG set 573 / 6116    683.0357 GFlop/s     (683.0357 GFlop/s per process)    9%    3261.6 sec left
CG set 574 / 6116    683.0343 GFlop/s     (683.0343 GFlop/s per process)    9%    3261.0 sec left
CG set 575 / 6116    683.0335 GFlop/s     (683.0335 GFlop/s per process)    9%    3260.4 sec left
CG set 576 / 6116    683.0319 GFlop/s     (683.0319 GFlop/s per process)    9%    3259.8 sec left
CG set 577 / 6116    683.0306 GFlop/s     (683.0306 GFlop/s per process)    9%    3259.3 sec left
CG set 578 / 6116    683.0320 GFlop/s     (683.0320 GFlop/s per process)    9%    3258.7 sec left
CG set 579 / 6116    683.0339 GFlop/s     (683.0339 GFlop/s per process)    9%    3258.1 sec left
CG set 580 / 6116    683.0354 GFlop/s     (683.0354 GFlop/s per process)    9%    3257.5 sec left
CG set 581 / 6116    683.0372 GFlop/s     (683.0372 GFlop/s per process)    9%    3256.9 sec left
CG set 582 / 6116    683.0388 GFlop/s     (683.0388 GFlop/s per process)    9%    3256.3 sec left
CG set 583 / 6116    683.0401 GFlop/s     (683.0401 GFlop/s per process)    9%    3255.7 sec left
CG set 584 / 6116    683.0410 GFlop/s     (683.0410 GFlop/s per process)    9%    3255.1 sec left
CG set 585 / 6116    683.0410 GFlop/s     (683.0410 GFlop/s per process)    9%    3254.5 sec left
CG set 586 / 6116    683.0428 GFlop/s     (683.0428 GFlop/s per process)    9%    3253.9 sec left
CG set 587 / 6116    683.0448 GFlop/s     (683.0448 GFlop/s per process)    9%    3253.4 sec left
CG set 588 / 6116    683.0465 GFlop/s     (683.0465 GFlop/s per process)    9%    3252.8 sec left
CG set 589 / 6116    683.0483 GFlop/s     (683.0483 GFlop/s per process)    9%    3252.2 sec left
CG set 590 / 6116    683.0491 GFlop/s     (683.0491 GFlop/s per process)    9%    3251.6 sec left
CG set 591 / 6116    683.0499 GFlop/s     (683.0499 GFlop/s per process)    9%    3251.0 sec left
CG set 592 / 6116    683.0514 GFlop/s     (683.0514 GFlop/s per process)    9%    3250.4 sec left
CG set 593 / 6116    683.0531 GFlop/s     (683.0531 GFlop/s per process)    9%    3249.8 sec left
CG set 594 / 6116    683.0534 GFlop/s     (683.0534 GFlop/s per process)    9%    3249.2 sec left
CG set 595 / 6116    683.0539 GFlop/s     (683.0539 GFlop/s per process)    9%    3248.6 sec left
CG set 596 / 6116    683.0554 GFlop/s     (683.0554 GFlop/s per process)    9%    3248.0 sec left
CG set 597 / 6116    683.0555 GFlop/s     (683.0555 GFlop/s per process)    9%    3247.5 sec left
CG set 598 / 6116    683.0563 GFlop/s     (683.0563 GFlop/s per process)    9%    3246.9 sec left
CG set 599 / 6116    683.0572 GFlop/s     (683.0572 GFlop/s per process)    9%    3246.3 sec left
CG set 600 / 6116    683.0575 GFlop/s     (683.0575 GFlop/s per process)    9%    3245.7 sec left
CG set 601 / 6116    683.0579 GFlop/s     (683.0579 GFlop/s per process)    9%    3245.1 sec left
CG set 602 / 6116    683.0588 GFlop/s     (683.0588 GFlop/s per process)    9%    3244.5 sec left
CG set 603 / 6116    683.0604 GFlop/s     (683.0604 GFlop/s per process)    9%    3243.9 sec left
CG set 604 / 6116    683.0623 GFlop/s     (683.0623 GFlop/s per process)    9%    3243.3 sec left
CG set 605 / 6116    683.0635 GFlop/s     (683.0635 GFlop/s per process)    9%    3242.7 sec left
CG set 606 / 6116    683.0637 GFlop/s     (683.0637 GFlop/s per process)    9%    3242.1 sec left
CG set 607 / 6116    683.0653 GFlop/s     (683.0653 GFlop/s per process)    9%    3241.6 sec left
CG set 608 / 6116    683.0665 GFlop/s     (683.0665 GFlop/s per process)    9%    3241.0 sec left
CG set 609 / 6116    683.0677 GFlop/s     (683.0677 GFlop/s per process)    9%    3240.4 sec left
CG set 610 / 6116    683.0694 GFlop/s     (683.0694 GFlop/s per process)    9%    3239.8 sec left
CG set 611 / 6116    683.0695 GFlop/s     (683.0695 GFlop/s per process)    9%    3239.2 sec left
CG set 612 / 6116    683.0708 GFlop/s     (683.0708 GFlop/s per process)    10%    3238.6 sec left
CG set 613 / 6116    683.0719 GFlop/s     (683.0719 GFlop/s per process)    10%    3238.0 sec left
CG set 614 / 6116    683.0726 GFlop/s     (683.0726 GFlop/s per process)    10%    3237.4 sec left
CG set 615 / 6116    683.0735 GFlop/s     (683.0735 GFlop/s per process)    10%    3236.8 sec left
CG set 616 / 6116    683.0742 GFlop/s     (683.0742 GFlop/s per process)    10%    3236.2 sec left
CG set 617 / 6116    683.0749 GFlop/s     (683.0749 GFlop/s per process)    10%    3235.7 sec left
CG set 618 / 6116    683.0759 GFlop/s     (683.0759 GFlop/s per process)    10%    3235.1 sec left
CG set 619 / 6116    683.0767 GFlop/s     (683.0767 GFlop/s per process)    10%    3234.5 sec left
CG set 620 / 6116    683.0771 GFlop/s     (683.0771 GFlop/s per process)    10%    3233.9 sec left
CG set 621 / 6116    683.0780 GFlop/s     (683.0780 GFlop/s per process)    10%    3233.3 sec left
CG set 622 / 6116    683.0786 GFlop/s     (683.0786 GFlop/s per process)    10%    3232.7 sec left
CG set 623 / 6116    683.0797 GFlop/s     (683.0797 GFlop/s per process)    10%    3232.1 sec left
CG set 624 / 6116    683.0801 GFlop/s     (683.0801 GFlop/s per process)    10%    3231.5 sec left
CG set 625 / 6116    683.0809 GFlop/s     (683.0809 GFlop/s per process)    10%    3230.9 sec left
CG set 626 / 6116    683.0810 GFlop/s     (683.0810 GFlop/s per process)    10%    3230.3 sec left
CG set 627 / 6116    683.0825 GFlop/s     (683.0825 GFlop/s per process)    10%    3229.8 sec left
CG set 628 / 6116    683.0824 GFlop/s     (683.0824 GFlop/s per process)    10%    3229.2 sec left
CG set 629 / 6116    683.0822 GFlop/s     (683.0822 GFlop/s per process)    10%    3228.6 sec left
CG set 630 / 6116    683.0831 GFlop/s     (683.0831 GFlop/s per process)    10%    3228.0 sec left
CG set 631 / 6116    683.0834 GFlop/s     (683.0834 GFlop/s per process)    10%    3227.4 sec left
CG set 632 / 6116    683.0836 GFlop/s     (683.0836 GFlop/s per process)    10%    3226.8 sec left
CG set 633 / 6116    683.0843 GFlop/s     (683.0843 GFlop/s per process)    10%    3226.2 sec left
CG set 634 / 6116    683.0862 GFlop/s     (683.0862 GFlop/s per process)    10%    3225.6 sec left
CG set 635 / 6116    683.0874 GFlop/s     (683.0874 GFlop/s per process)    10%    3225.0 sec left
CG set 636 / 6116    683.0887 GFlop/s     (683.0887 GFlop/s per process)    10%    3224.4 sec left
CG set 637 / 6116    683.0893 GFlop/s     (683.0893 GFlop/s per process)    10%    3223.9 sec left
CG set 638 / 6116    683.0906 GFlop/s     (683.0906 GFlop/s per process)    10%    3223.3 sec left
CG set 639 / 6116    683.0908 GFlop/s     (683.0908 GFlop/s per process)    10%    3222.7 sec left
CG set 640 / 6116    683.0912 GFlop/s     (683.0912 GFlop/s per process)    10%    3222.1 sec left
CG set 641 / 6116    683.0918 GFlop/s     (683.0918 GFlop/s per process)    10%    3221.5 sec left
CG set 642 / 6116    683.0921 GFlop/s     (683.0921 GFlop/s per process)    10%    3220.9 sec left
CG set 643 / 6116    683.0928 GFlop/s     (683.0928 GFlop/s per process)    10%    3220.3 sec left
CG set 644 / 6116    683.0935 GFlop/s     (683.0935 GFlop/s per process)    10%    3219.7 sec left
CG set 645 / 6116    683.0945 GFlop/s     (683.0945 GFlop/s per process)    10%    3219.1 sec left
CG set 646 / 6116    683.0949 GFlop/s     (683.0949 GFlop/s per process)    10%    3218.5 sec left
CG set 647 / 6116    683.0965 GFlop/s     (683.0965 GFlop/s per process)    10%    3218.0 sec left
CG set 648 / 6116    683.0978 GFlop/s     (683.0978 GFlop/s per process)    10%    3217.4 sec left
CG set 649 / 6116    683.0986 GFlop/s     (683.0986 GFlop/s per process)    10%    3216.8 sec left
CG set 650 / 6116    683.0989 GFlop/s     (683.0989 GFlop/s per process)    10%    3216.2 sec left
CG set 651 / 6116    683.1000 GFlop/s     (683.1000 GFlop/s per process)    10%    3215.6 sec left
CG set 652 / 6116    683.1005 GFlop/s     (683.1005 GFlop/s per process)    10%    3215.0 sec left
CG set 653 / 6116    683.1009 GFlop/s     (683.1009 GFlop/s per process)    10%    3214.4 sec left
CG set 654 / 6116    683.1018 GFlop/s     (683.1018 GFlop/s per process)    10%    3213.8 sec left
CG set 655 / 6116    683.1032 GFlop/s     (683.1032 GFlop/s per process)    10%    3213.2 sec left
CG set 656 / 6116    683.1040 GFlop/s     (683.1040 GFlop/s per process)    10%    3212.6 sec left
CG set 657 / 6116    683.1051 GFlop/s     (683.1051 GFlop/s per process)    10%    3212.1 sec left
CG set 658 / 6116    683.1059 GFlop/s     (683.1059 GFlop/s per process)    10%    3211.5 sec left
CG set 659 / 6116    683.1061 GFlop/s     (683.1061 GFlop/s per process)    10%    3210.9 sec left
CG set 660 / 6116    683.1069 GFlop/s     (683.1069 GFlop/s per process)    10%    3210.3 sec left
CG set 661 / 6116    683.1073 GFlop/s     (683.1073 GFlop/s per process)    10%    3209.7 sec left
CG set 662 / 6116    683.1082 GFlop/s     (683.1082 GFlop/s per process)    10%    3209.1 sec left
CG set 663 / 6116    683.1088 GFlop/s     (683.1088 GFlop/s per process)    10%    3208.5 sec left
CG set 664 / 6116    683.1095 GFlop/s     (683.1095 GFlop/s per process)    10%    3207.9 sec left
CG set 665 / 6116    683.1102 GFlop/s     (683.1102 GFlop/s per process)    10%    3207.3 sec left
CG set 666 / 6116    683.1106 GFlop/s     (683.1106 GFlop/s per process)    10%    3206.7 sec left
CG set 667 / 6116    683.1110 GFlop/s     (683.1110 GFlop/s per process)    10%    3206.2 sec left
CG set 668 / 6116    683.1116 GFlop/s     (683.1116 GFlop/s per process)    10%    3205.6 sec left
CG set 669 / 6116    683.1117 GFlop/s     (683.1117 GFlop/s per process)    10%    3205.0 sec left
CG set 670 / 6116    683.1123 GFlop/s     (683.1123 GFlop/s per process)    10%    3204.4 sec left
CG set 671 / 6116    683.1135 GFlop/s     (683.1135 GFlop/s per process)    10%    3203.8 sec left
CG set 672 / 6116    683.1148 GFlop/s     (683.1148 GFlop/s per process)    10%    3203.2 sec left
CG set 673 / 6116    683.1156 GFlop/s     (683.1156 GFlop/s per process)    11%    3202.6 sec left
CG set 674 / 6116    683.1171 GFlop/s     (683.1171 GFlop/s per process)    11%    3202.0 sec left
CG set 675 / 6116    683.1180 GFlop/s     (683.1180 GFlop/s per process)    11%    3201.4 sec left
CG set 676 / 6116    683.1189 GFlop/s     (683.1189 GFlop/s per process)    11%    3200.8 sec left
CG set 677 / 6116    683.1190 GFlop/s     (683.1190 GFlop/s per process)    11%    3200.3 sec left
CG set 678 / 6116    683.1203 GFlop/s     (683.1203 GFlop/s per process)    11%    3199.7 sec left
CG set 679 / 6116    683.1220 GFlop/s     (683.1220 GFlop/s per process)    11%    3199.1 sec left
CG set 680 / 6116    683.1237 GFlop/s     (683.1237 GFlop/s per process)    11%    3198.5 sec left
CG set 681 / 6116    683.1241 GFlop/s     (683.1241 GFlop/s per process)    11%    3197.9 sec left
CG set 682 / 6116    683.1244 GFlop/s     (683.1244 GFlop/s per process)    11%    3197.3 sec left
CG set 683 / 6116    683.1254 GFlop/s     (683.1254 GFlop/s per process)    11%    3196.7 sec left
CG set 684 / 6116    683.1252 GFlop/s     (683.1252 GFlop/s per process)    11%    3196.1 sec left
CG set 685 / 6116    683.1265 GFlop/s     (683.1265 GFlop/s per process)    11%    3195.5 sec left
CG set 686 / 6116    683.1273 GFlop/s     (683.1273 GFlop/s per process)    11%    3194.9 sec left
CG set 687 / 6116    683.1280 GFlop/s     (683.1280 GFlop/s per process)    11%    3194.4 sec left
CG set 688 / 6116    683.1285 GFlop/s     (683.1285 GFlop/s per process)    11%    3193.8 sec left
CG set 689 / 6116    683.1293 GFlop/s     (683.1293 GFlop/s per process)    11%    3193.2 sec left
CG set 690 / 6116    683.1300 GFlop/s     (683.1300 GFlop/s per process)    11%    3192.6 sec left
CG set 691 / 6116    683.1308 GFlop/s     (683.1308 GFlop/s per process)    11%    3192.0 sec left
CG set 692 / 6116    683.1313 GFlop/s     (683.1313 GFlop/s per process)    11%    3191.4 sec left
CG set 693 / 6116    683.1323 GFlop/s     (683.1323 GFlop/s per process)    11%    3190.8 sec left
CG set 694 / 6116    683.1327 GFlop/s     (683.1327 GFlop/s per process)    11%    3190.2 sec left
CG set 695 / 6116    683.1337 GFlop/s     (683.1337 GFlop/s per process)    11%    3189.6 sec left
CG set 696 / 6116    683.1344 GFlop/s     (683.1344 GFlop/s per process)    11%    3189.0 sec left
CG set 697 / 6116    683.1353 GFlop/s     (683.1353 GFlop/s per process)    11%    3188.5 sec left
CG set 698 / 6116    683.1357 GFlop/s     (683.1357 GFlop/s per process)    11%    3187.9 sec left
CG set 699 / 6116    683.1369 GFlop/s     (683.1369 GFlop/s per process)    11%    3187.3 sec left
CG set 700 / 6116    683.1369 GFlop/s     (683.1369 GFlop/s per process)    11%    3186.7 sec left
CG set 701 / 6116    683.1379 GFlop/s     (683.1379 GFlop/s per process)    11%    3186.1 sec left
CG set 702 / 6116    683.1388 GFlop/s     (683.1388 GFlop/s per process)    11%    3185.5 sec left
CG set 703 / 6116    683.1401 GFlop/s     (683.1401 GFlop/s per process)    11%    3184.9 sec left
CG set 704 / 6116    683.1405 GFlop/s     (683.1405 GFlop/s per process)    11%    3184.3 sec left
CG set 705 / 6116    683.1408 GFlop/s     (683.1408 GFlop/s per process)    11%    3183.7 sec left
CG set 706 / 6116    683.1415 GFlop/s     (683.1415 GFlop/s per process)    11%    3183.1 sec left
CG set 707 / 6116    683.1423 GFlop/s     (683.1423 GFlop/s per process)    11%    3182.6 sec left
CG set 708 / 6116    683.1435 GFlop/s     (683.1435 GFlop/s per process)    11%    3182.0 sec left
CG set 709 / 6116    683.1446 GFlop/s     (683.1446 GFlop/s per process)    11%    3181.4 sec left
CG set 710 / 6116    683.1455 GFlop/s     (683.1455 GFlop/s per process)    11%    3180.8 sec left
CG set 711 / 6116    683.1448 GFlop/s     (683.1448 GFlop/s per process)    11%    3180.2 sec left
CG set 712 / 6116    683.1452 GFlop/s     (683.1452 GFlop/s per process)    11%    3179.6 sec left
CG set 713 / 6116    683.1461 GFlop/s     (683.1461 GFlop/s per process)    11%    3179.0 sec left
CG set 714 / 6116    683.1465 GFlop/s     (683.1465 GFlop/s per process)    11%    3178.4 sec left
CG set 715 / 6116    683.1472 GFlop/s     (683.1472 GFlop/s per process)    11%    3177.8 sec left
CG set 716 / 6116    683.1480 GFlop/s     (683.1480 GFlop/s per process)    11%    3177.2 sec left
CG set 717 / 6116    683.1488 GFlop/s     (683.1488 GFlop/s per process)    11%    3176.7 sec left
CG set 718 / 6116    683.1491 GFlop/s     (683.1491 GFlop/s per process)    11%    3176.1 sec left
CG set 719 / 6116    683.1486 GFlop/s     (683.1486 GFlop/s per process)    11%    3175.5 sec left
CG set 720 / 6116    683.1497 GFlop/s     (683.1497 GFlop/s per process)    11%    3174.9 sec left
CG set 721 / 6116    683.1494 GFlop/s     (683.1494 GFlop/s per process)    11%    3174.3 sec left
CG set 722 / 6116    683.1505 GFlop/s     (683.1505 GFlop/s per process)    11%    3173.7 sec left
CG set 723 / 6116    683.1506 GFlop/s     (683.1506 GFlop/s per process)    11%    3173.1 sec left
CG set 724 / 6116    683.1518 GFlop/s     (683.1518 GFlop/s per process)    11%    3172.5 sec left
CG set 725 / 6116    683.1526 GFlop/s     (683.1526 GFlop/s per process)    11%    3171.9 sec left
CG set 726 / 6116    683.1536 GFlop/s     (683.1536 GFlop/s per process)    11%    3171.3 sec left
CG set 727 / 6116    683.1543 GFlop/s     (683.1543 GFlop/s per process)    11%    3170.8 sec left
CG set 728 / 6116    683.1544 GFlop/s     (683.1544 GFlop/s per process)    11%    3170.2 sec left
CG set 729 / 6116    683.1545 GFlop/s     (683.1545 GFlop/s per process)    11%    3169.6 sec left
CG set 730 / 6116    683.1547 GFlop/s     (683.1547 GFlop/s per process)    11%    3169.0 sec left
CG set 731 / 6116    683.1561 GFlop/s     (683.1561 GFlop/s per process)    11%    3168.4 sec left
CG set 732 / 6116    683.1567 GFlop/s     (683.1567 GFlop/s per process)    11%    3167.8 sec left
CG set 733 / 6116    683.1585 GFlop/s     (683.1585 GFlop/s per process)    11%    3167.2 sec left
CG set 734 / 6116    683.1590 GFlop/s     (683.1590 GFlop/s per process)    12%    3166.6 sec left
CG set 735 / 6116    683.1593 GFlop/s     (683.1593 GFlop/s per process)    12%    3166.0 sec left
CG set 736 / 6116    683.1596 GFlop/s     (683.1596 GFlop/s per process)    12%    3165.4 sec left
CG set 737 / 6116    683.1604 GFlop/s     (683.1604 GFlop/s per process)    12%    3164.9 sec left
CG set 738 / 6116    683.1609 GFlop/s     (683.1609 GFlop/s per process)    12%    3164.3 sec left
CG set 739 / 6116    683.1620 GFlop/s     (683.1620 GFlop/s per process)    12%    3163.7 sec left
CG set 740 / 6116    683.1621 GFlop/s     (683.1621 GFlop/s per process)    12%    3163.1 sec left
CG set 741 / 6116    683.1624 GFlop/s     (683.1624 GFlop/s per process)    12%    3162.5 sec left
CG set 742 / 6116    683.1633 GFlop/s     (683.1633 GFlop/s per process)    12%    3161.9 sec left
CG set 743 / 6116    683.1640 GFlop/s     (683.1640 GFlop/s per process)    12%    3161.3 sec left
CG set 744 / 6116    683.1647 GFlop/s     (683.1647 GFlop/s per process)    12%    3160.7 sec left
CG set 745 / 6116    683.1654 GFlop/s     (683.1654 GFlop/s per process)    12%    3160.1 sec left
CG set 746 / 6116    683.1661 GFlop/s     (683.1661 GFlop/s per process)    12%    3159.5 sec left
CG set 747 / 6116    683.1662 GFlop/s     (683.1662 GFlop/s per process)    12%    3159.0 sec left
CG set 748 / 6116    683.1674 GFlop/s     (683.1674 GFlop/s per process)    12%    3158.4 sec left
CG set 749 / 6116    683.1672 GFlop/s     (683.1672 GFlop/s per process)    12%    3157.8 sec left
CG set 750 / 6116    683.1682 GFlop/s     (683.1682 GFlop/s per process)    12%    3157.2 sec left
CG set 751 / 6116    683.1686 GFlop/s     (683.1686 GFlop/s per process)    12%    3156.6 sec left
CG set 752 / 6116    683.1691 GFlop/s     (683.1691 GFlop/s per process)    12%    3156.0 sec left
CG set 753 / 6116    683.1698 GFlop/s     (683.1698 GFlop/s per process)    12%    3155.4 sec left
CG set 754 / 6116    683.1704 GFlop/s     (683.1704 GFlop/s per process)    12%    3154.8 sec left
CG set 755 / 6116    683.1702 GFlop/s     (683.1702 GFlop/s per process)    12%    3154.2 sec left
CG set 756 / 6116    683.1705 GFlop/s     (683.1705 GFlop/s per process)    12%    3153.6 sec left
CG set 757 / 6116    683.1716 GFlop/s     (683.1716 GFlop/s per process)    12%    3153.1 sec left
CG set 758 / 6116    683.1715 GFlop/s     (683.1715 GFlop/s per process)    12%    3152.5 sec left
CG set 759 / 6116    683.1728 GFlop/s     (683.1728 GFlop/s per process)    12%    3151.9 sec left
CG set 760 / 6116    683.1730 GFlop/s     (683.1730 GFlop/s per process)    12%    3151.3 sec left
CG set 761 / 6116    683.1732 GFlop/s     (683.1732 GFlop/s per process)    12%    3150.7 sec left
CG set 762 / 6116    683.1740 GFlop/s     (683.1740 GFlop/s per process)    12%    3150.1 sec left
CG set 763 / 6116    683.1746 GFlop/s     (683.1746 GFlop/s per process)    12%    3149.5 sec left
CG set 764 / 6116    683.1755 GFlop/s     (683.1755 GFlop/s per process)    12%    3148.9 sec left
CG set 765 / 6116    683.1762 GFlop/s     (683.1762 GFlop/s per process)    12%    3148.3 sec left
CG set 766 / 6116    683.1769 GFlop/s     (683.1769 GFlop/s per process)    12%    3147.7 sec left
CG set 767 / 6116    683.1779 GFlop/s     (683.1779 GFlop/s per process)    12%    3147.2 sec left
CG set 768 / 6116    683.1793 GFlop/s     (683.1793 GFlop/s per process)    12%    3146.6 sec left
CG set 769 / 6116    683.1802 GFlop/s     (683.1802 GFlop/s per process)    12%    3146.0 sec left
CG set 770 / 6116    683.1808 GFlop/s     (683.1808 GFlop/s per process)    12%    3145.4 sec left
CG set 771 / 6116    683.1817 GFlop/s     (683.1817 GFlop/s per process)    12%    3144.8 sec left
CG set 772 / 6116    683.1820 GFlop/s     (683.1820 GFlop/s per process)    12%    3144.2 sec left
CG set 773 / 6116    683.1830 GFlop/s     (683.1830 GFlop/s per process)    12%    3143.6 sec left
CG set 774 / 6116    683.1839 GFlop/s     (683.1839 GFlop/s per process)    12%    3143.0 sec left
CG set 775 / 6116    683.1840 GFlop/s     (683.1840 GFlop/s per process)    12%    3142.4 sec left
CG set 776 / 6116    683.1849 GFlop/s     (683.1849 GFlop/s per process)    12%    3141.8 sec left
CG set 777 / 6116    683.1854 GFlop/s     (683.1854 GFlop/s per process)    12%    3141.3 sec left
CG set 778 / 6116    683.1852 GFlop/s     (683.1852 GFlop/s per process)    12%    3140.7 sec left
CG set 779 / 6116    683.1865 GFlop/s     (683.1865 GFlop/s per process)    12%    3140.1 sec left
CG set 780 / 6116    683.1874 GFlop/s     (683.1874 GFlop/s per process)    12%    3139.5 sec left
CG set 781 / 6116    683.1875 GFlop/s     (683.1875 GFlop/s per process)    12%    3138.9 sec left
CG set 782 / 6116    683.1876 GFlop/s     (683.1876 GFlop/s per process)    12%    3138.3 sec left
CG set 783 / 6116    683.1885 GFlop/s     (683.1885 GFlop/s per process)    12%    3137.7 sec left
CG set 784 / 6116    683.1892 GFlop/s     (683.1892 GFlop/s per process)    12%    3137.1 sec left
CG set 785 / 6116    683.1905 GFlop/s     (683.1905 GFlop/s per process)    12%    3136.5 sec left
CG set 786 / 6116    683.1909 GFlop/s     (683.1909 GFlop/s per process)    12%    3135.9 sec left
CG set 787 / 6116    683.1918 GFlop/s     (683.1918 GFlop/s per process)    12%    3135.4 sec left
CG set 788 / 6116    683.1929 GFlop/s     (683.1929 GFlop/s per process)    12%    3134.8 sec left
CG set 789 / 6116    683.1933 GFlop/s     (683.1933 GFlop/s per process)    12%    3134.2 sec left
CG set 790 / 6116    683.1944 GFlop/s     (683.1944 GFlop/s per process)    12%    3133.6 sec left
CG set 791 / 6116    683.1952 GFlop/s     (683.1952 GFlop/s per process)    12%    3133.0 sec left
CG set 792 / 6116    683.1958 GFlop/s     (683.1958 GFlop/s per process)    12%    3132.4 sec left
CG set 793 / 6116    683.1965 GFlop/s     (683.1965 GFlop/s per process)    12%    3131.8 sec left
CG set 794 / 6116    683.1973 GFlop/s     (683.1973 GFlop/s per process)    12%    3131.2 sec left
CG set 795 / 6116    683.1975 GFlop/s     (683.1975 GFlop/s per process)    12%    3130.6 sec left
CG set 796 / 6116    683.1983 GFlop/s     (683.1983 GFlop/s per process)    13%    3130.0 sec left
CG set 797 / 6116    683.1993 GFlop/s     (683.1993 GFlop/s per process)    13%    3129.5 sec left
CG set 798 / 6116    683.1997 GFlop/s     (683.1997 GFlop/s per process)    13%    3128.9 sec left
CG set 799 / 6116    683.2004 GFlop/s     (683.2004 GFlop/s per process)    13%    3128.3 sec left
CG set 800 / 6116    683.2009 GFlop/s     (683.2009 GFlop/s per process)    13%    3127.7 sec left
CG set 801 / 6116    683.2009 GFlop/s     (683.2009 GFlop/s per process)    13%    3127.1 sec left
CG set 802 / 6116    683.2020 GFlop/s     (683.2020 GFlop/s per process)    13%    3126.5 sec left
CG set 803 / 6116    683.2025 GFlop/s     (683.2025 GFlop/s per process)    13%    3125.9 sec left
CG set 804 / 6116    683.2034 GFlop/s     (683.2034 GFlop/s per process)    13%    3125.3 sec left
CG set 805 / 6116    683.2045 GFlop/s     (683.2045 GFlop/s per process)    13%    3124.7 sec left
CG set 806 / 6116    683.2047 GFlop/s     (683.2047 GFlop/s per process)    13%    3124.1 sec left
CG set 807 / 6116    683.2051 GFlop/s     (683.2051 GFlop/s per process)    13%    3123.6 sec left
CG set 808 / 6116    683.2054 GFlop/s     (683.2054 GFlop/s per process)    13%    3123.0 sec left
CG set 809 / 6116    683.2059 GFlop/s     (683.2059 GFlop/s per process)    13%    3122.4 sec left
CG set 810 / 6116    683.2065 GFlop/s     (683.2065 GFlop/s per process)    13%    3121.8 sec left
CG set 811 / 6116    683.2070 GFlop/s     (683.2070 GFlop/s per process)    13%    3121.2 sec left
CG set 812 / 6116    683.2070 GFlop/s     (683.2070 GFlop/s per process)    13%    3120.6 sec left
CG set 813 / 6116    683.2077 GFlop/s     (683.2077 GFlop/s per process)    13%    3120.0 sec left
CG set 814 / 6116    683.2085 GFlop/s     (683.2085 GFlop/s per process)    13%    3119.4 sec left
CG set 815 / 6116    683.2084 GFlop/s     (683.2084 GFlop/s per process)    13%    3118.8 sec left
CG set 816 / 6116    683.2089 GFlop/s     (683.2089 GFlop/s per process)    13%    3118.2 sec left
CG set 817 / 6116    683.2087 GFlop/s     (683.2087 GFlop/s per process)    13%    3117.7 sec left
CG set 818 / 6116    683.2082 GFlop/s     (683.2082 GFlop/s per process)    13%    3117.1 sec left
CG set 819 / 6116    683.2085 GFlop/s     (683.2085 GFlop/s per process)    13%    3116.5 sec left
CG set 820 / 6116    683.2086 GFlop/s     (683.2086 GFlop/s per process)    13%    3115.9 sec left
CG set 821 / 6116    683.2096 GFlop/s     (683.2096 GFlop/s per process)    13%    3115.3 sec left
CG set 822 / 6116    683.2102 GFlop/s     (683.2102 GFlop/s per process)    13%    3114.7 sec left
CG set 823 / 6116    683.2107 GFlop/s     (683.2107 GFlop/s per process)    13%    3114.1 sec left
CG set 824 / 6116    683.2117 GFlop/s     (683.2117 GFlop/s per process)    13%    3113.5 sec left
CG set 825 / 6116    683.2124 GFlop/s     (683.2124 GFlop/s per process)    13%    3112.9 sec left
CG set 826 / 6116    683.2122 GFlop/s     (683.2122 GFlop/s per process)    13%    3112.3 sec left
CG set 827 / 6116    683.2132 GFlop/s     (683.2132 GFlop/s per process)    13%    3111.8 sec left
CG set 828 / 6116    683.2141 GFlop/s     (683.2141 GFlop/s per process)    13%    3111.2 sec left
CG set 829 / 6116    683.2144 GFlop/s     (683.2144 GFlop/s per process)    13%    3110.6 sec left
CG set 830 / 6116    683.2149 GFlop/s     (683.2149 GFlop/s per process)    13%    3110.0 sec left
CG set 831 / 6116    683.2148 GFlop/s     (683.2148 GFlop/s per process)    13%    3109.4 sec left
CG set 832 / 6116    683.2155 GFlop/s     (683.2155 GFlop/s per process)    13%    3108.8 sec left
CG set 833 / 6116    683.2162 GFlop/s     (683.2162 GFlop/s per process)    13%    3108.2 sec left
CG set 834 / 6116    683.2161 GFlop/s     (683.2161 GFlop/s per process)    13%    3107.6 sec left
CG set 835 / 6116    683.2159 GFlop/s     (683.2159 GFlop/s per process)    13%    3107.0 sec left
CG set 836 / 6116    683.2163 GFlop/s     (683.2163 GFlop/s per process)    13%    3106.4 sec left
CG set 837 / 6116    683.2175 GFlop/s     (683.2175 GFlop/s per process)    13%    3105.9 sec left
CG set 838 / 6116    683.2180 GFlop/s     (683.2180 GFlop/s per process)    13%    3105.3 sec left
CG set 839 / 6116    683.2195 GFlop/s     (683.2195 GFlop/s per process)    13%    3104.7 sec left
CG set 840 / 6116    683.2199 GFlop/s     (683.2199 GFlop/s per process)    13%    3104.1 sec left
CG set 841 / 6116    683.2207 GFlop/s     (683.2207 GFlop/s per process)    13%    3103.5 sec left
CG set 842 / 6116    683.2213 GFlop/s     (683.2213 GFlop/s per process)    13%    3102.9 sec left
CG set 843 / 6116    683.2217 GFlop/s     (683.2217 GFlop/s per process)    13%    3102.3 sec left
CG set 844 / 6116    683.2225 GFlop/s     (683.2225 GFlop/s per process)    13%    3101.7 sec left
CG set 845 / 6116    683.2230 GFlop/s     (683.2230 GFlop/s per process)    13%    3101.1 sec left
CG set 846 / 6116    683.2238 GFlop/s     (683.2238 GFlop/s per process)    13%    3100.5 sec left
CG set 847 / 6116    683.2239 GFlop/s     (683.2239 GFlop/s per process)    13%    3100.0 sec left
CG set 848 / 6116    683.2237 GFlop/s     (683.2237 GFlop/s per process)    13%    3099.4 sec left
CG set 849 / 6116    683.2239 GFlop/s     (683.2239 GFlop/s per process)    13%    3098.8 sec left
CG set 850 / 6116    683.2240 GFlop/s     (683.2240 GFlop/s per process)    13%    3098.2 sec left
CG set 851 / 6116    683.2243 GFlop/s     (683.2243 GFlop/s per process)    13%    3097.6 sec left
CG set 852 / 6116    683.2249 GFlop/s     (683.2249 GFlop/s per process)    13%    3097.0 sec left
CG set 853 / 6116    683.2258 GFlop/s     (683.2258 GFlop/s per process)    13%    3096.4 sec left
CG set 854 / 6116    683.2269 GFlop/s     (683.2269 GFlop/s per process)    13%    3095.8 sec left
CG set 855 / 6116    683.2277 GFlop/s     (683.2277 GFlop/s per process)    13%    3095.2 sec left
CG set 856 / 6116    683.2277 GFlop/s     (683.2277 GFlop/s per process)    13%    3094.6 sec left
CG set 857 / 6116    683.2280 GFlop/s     (683.2280 GFlop/s per process)    14%    3094.1 sec left
CG set 858 / 6116    683.2278 GFlop/s     (683.2278 GFlop/s per process)    14%    3093.5 sec left
CG set 859 / 6116    683.2277 GFlop/s     (683.2277 GFlop/s per process)    14%    3092.9 sec left
CG set 860 / 6116    683.2275 GFlop/s     (683.2275 GFlop/s per process)    14%    3092.3 sec left
CG set 861 / 6116    683.2278 GFlop/s     (683.2278 GFlop/s per process)    14%    3091.7 sec left
CG set 862 / 6116    683.2280 GFlop/s     (683.2280 GFlop/s per process)    14%    3091.1 sec left
CG set 863 / 6116    683.2290 GFlop/s     (683.2290 GFlop/s per process)    14%    3090.5 sec left
CG set 864 / 6116    683.2290 GFlop/s     (683.2290 GFlop/s per process)    14%    3089.9 sec left
CG set 865 / 6116    683.2295 GFlop/s     (683.2295 GFlop/s per process)    14%    3089.3 sec left
CG set 866 / 6116    683.2295 GFlop/s     (683.2295 GFlop/s per process)    14%    3088.7 sec left
CG set 867 / 6116    683.2305 GFlop/s     (683.2305 GFlop/s per process)    14%    3088.2 sec left
CG set 868 / 6116    683.2305 GFlop/s     (683.2305 GFlop/s per process)    14%    3087.6 sec left
CG set 869 / 6116    683.2314 GFlop/s     (683.2314 GFlop/s per process)    14%    3087.0 sec left
CG set 870 / 6116    683.2312 GFlop/s     (683.2312 GFlop/s per process)    14%    3086.4 sec left
CG set 871 / 6116    683.2317 GFlop/s     (683.2317 GFlop/s per process)    14%    3085.8 sec left
CG set 872 / 6116    683.2323 GFlop/s     (683.2323 GFlop/s per process)    14%    3085.2 sec left
CG set 873 / 6116    683.2330 GFlop/s     (683.2330 GFlop/s per process)    14%    3084.6 sec left
CG set 874 / 6116    683.2331 GFlop/s     (683.2331 GFlop/s per process)    14%    3084.0 sec left
CG set 875 / 6116    683.2334 GFlop/s     (683.2334 GFlop/s per process)    14%    3083.4 sec left
CG set 876 / 6116    683.2333 GFlop/s     (683.2333 GFlop/s per process)    14%    3082.8 sec left
CG set 877 / 6116    683.2338 GFlop/s     (683.2338 GFlop/s per process)    14%    3082.2 sec left
CG set 878 / 6116    683.2342 GFlop/s     (683.2342 GFlop/s per process)    14%    3081.7 sec left
CG set 879 / 6116    683.2348 GFlop/s     (683.2348 GFlop/s per process)    14%    3081.1 sec left
CG set 880 / 6116    683.2357 GFlop/s     (683.2357 GFlop/s per process)    14%    3080.5 sec left
CG set 881 / 6116    683.2361 GFlop/s     (683.2361 GFlop/s per process)    14%    3079.9 sec left
CG set 882 / 6116    683.2366 GFlop/s     (683.2366 GFlop/s per process)    14%    3079.3 sec left
CG set 883 / 6116    683.2369 GFlop/s     (683.2369 GFlop/s per process)    14%    3078.7 sec left
CG set 884 / 6116    683.2372 GFlop/s     (683.2372 GFlop/s per process)    14%    3078.1 sec left
CG set 885 / 6116    683.2374 GFlop/s     (683.2374 GFlop/s per process)    14%    3077.5 sec left
CG set 886 / 6116    683.2381 GFlop/s     (683.2381 GFlop/s per process)    14%    3076.9 sec left
CG set 887 / 6116    683.2388 GFlop/s     (683.2388 GFlop/s per process)    14%    3076.3 sec left
CG set 888 / 6116    683.2396 GFlop/s     (683.2396 GFlop/s per process)    14%    3075.8 sec left
CG set 889 / 6116    683.2397 GFlop/s     (683.2397 GFlop/s per process)    14%    3075.2 sec left
CG set 890 / 6116    683.2402 GFlop/s     (683.2402 GFlop/s per process)    14%    3074.6 sec left
CG set 891 / 6116    683.2407 GFlop/s     (683.2407 GFlop/s per process)    14%    3074.0 sec left
CG set 892 / 6116    683.2408 GFlop/s     (683.2408 GFlop/s per process)    14%    3073.4 sec left
CG set 893 / 6116    683.2405 GFlop/s     (683.2405 GFlop/s per process)    14%    3072.8 sec left
CG set 894 / 6116    683.2409 GFlop/s     (683.2409 GFlop/s per process)    14%    3072.2 sec left
CG set 895 / 6116    683.2411 GFlop/s     (683.2411 GFlop/s per process)    14%    3071.6 sec left
CG set 896 / 6116    683.2417 GFlop/s     (683.2417 GFlop/s per process)    14%    3071.0 sec left
CG set 897 / 6116    683.2422 GFlop/s     (683.2422 GFlop/s per process)    14%    3070.4 sec left
CG set 898 / 6116    683.2423 GFlop/s     (683.2423 GFlop/s per process)    14%    3069.9 sec left
CG set 899 / 6116    683.2423 GFlop/s     (683.2423 GFlop/s per process)    14%    3069.3 sec left
CG set 900 / 6116    683.2428 GFlop/s     (683.2428 GFlop/s per process)    14%    3068.7 sec left
CG set 901 / 6116    683.2438 GFlop/s     (683.2438 GFlop/s per process)    14%    3068.1 sec left
CG set 902 / 6116    683.2444 GFlop/s     (683.2444 GFlop/s per process)    14%    3067.5 sec left
CG set 903 / 6116    683.2449 GFlop/s     (683.2449 GFlop/s per process)    14%    3066.9 sec left
CG set 904 / 6116    683.2454 GFlop/s     (683.2454 GFlop/s per process)    14%    3066.3 sec left
CG set 905 / 6116    683.2452 GFlop/s     (683.2452 GFlop/s per process)    14%    3065.7 sec left
CG set 906 / 6116    683.2458 GFlop/s     (683.2458 GFlop/s per process)    14%    3065.1 sec left
CG set 907 / 6116    683.2462 GFlop/s     (683.2462 GFlop/s per process)    14%    3064.5 sec left
CG set 908 / 6116    683.2467 GFlop/s     (683.2467 GFlop/s per process)    14%    3064.0 sec left
CG set 909 / 6116    683.2469 GFlop/s     (683.2469 GFlop/s per process)    14%    3063.4 sec left
CG set 910 / 6116    683.2467 GFlop/s     (683.2467 GFlop/s per process)    14%    3062.8 sec left
CG set 911 / 6116    683.2469 GFlop/s     (683.2469 GFlop/s per process)    14%    3062.2 sec left
CG set 912 / 6116    683.2469 GFlop/s     (683.2469 GFlop/s per process)    14%    3061.6 sec left
CG set 913 / 6116    683.2474 GFlop/s     (683.2474 GFlop/s per process)    14%    3061.0 sec left
CG set 914 / 6116    683.2475 GFlop/s     (683.2475 GFlop/s per process)    14%    3060.4 sec left
CG set 915 / 6116    683.2480 GFlop/s     (683.2480 GFlop/s per process)    14%    3059.8 sec left
CG set 916 / 6116    683.2484 GFlop/s     (683.2484 GFlop/s per process)    14%    3059.2 sec left
CG set 917 / 6116    683.2489 GFlop/s     (683.2489 GFlop/s per process)    14%    3058.6 sec left
CG set 918 / 6116    683.2492 GFlop/s     (683.2492 GFlop/s per process)    15%    3058.1 sec left
CG set 919 / 6116    683.2489 GFlop/s     (683.2489 GFlop/s per process)    15%    3057.5 sec left
CG set 920 / 6116    683.2494 GFlop/s     (683.2494 GFlop/s per process)    15%    3056.9 sec left
CG set 921 / 6116    683.2498 GFlop/s     (683.2498 GFlop/s per process)    15%    3056.3 sec left
CG set 922 / 6116    683.2501 GFlop/s     (683.2501 GFlop/s per process)    15%    3055.7 sec left
CG set 923 / 6116    683.2506 GFlop/s     (683.2506 GFlop/s per process)    15%    3055.1 sec left
CG set 924 / 6116    683.2506 GFlop/s     (683.2506 GFlop/s per process)    15%    3054.5 sec left
CG set 925 / 6116    683.2511 GFlop/s     (683.2511 GFlop/s per process)    15%    3053.9 sec left
CG set 926 / 6116    683.2515 GFlop/s     (683.2515 GFlop/s per process)    15%    3053.3 sec left
CG set 927 / 6116    683.2519 GFlop/s     (683.2519 GFlop/s per process)    15%    3052.7 sec left
CG set 928 / 6116    683.2530 GFlop/s     (683.2530 GFlop/s per process)    15%    3052.2 sec left
CG set 929 / 6116    683.2533 GFlop/s     (683.2533 GFlop/s per process)    15%    3051.6 sec left
CG set 930 / 6116    683.2539 GFlop/s     (683.2539 GFlop/s per process)    15%    3051.0 sec left
CG set 931 / 6116    683.2543 GFlop/s     (683.2543 GFlop/s per process)    15%    3050.4 sec left
CG set 932 / 6116    683.2546 GFlop/s     (683.2546 GFlop/s per process)    15%    3049.8 sec left
CG set 933 / 6116    683.2552 GFlop/s     (683.2552 GFlop/s per process)    15%    3049.2 sec left
CG set 934 / 6116    683.2550 GFlop/s     (683.2550 GFlop/s per process)    15%    3048.6 sec left
CG set 935 / 6116    683.2555 GFlop/s     (683.2555 GFlop/s per process)    15%    3048.0 sec left
CG set 936 / 6116    683.2558 GFlop/s     (683.2558 GFlop/s per process)    15%    3047.4 sec left
CG set 937 / 6116    683.2565 GFlop/s     (683.2565 GFlop/s per process)    15%    3046.8 sec left
CG set 938 / 6116    683.2569 GFlop/s     (683.2569 GFlop/s per process)    15%    3046.3 sec left
CG set 939 / 6116    683.2569 GFlop/s     (683.2569 GFlop/s per process)    15%    3045.7 sec left
CG set 940 / 6116    683.2572 GFlop/s     (683.2572 GFlop/s per process)    15%    3045.1 sec left
CG set 941 / 6116    683.2575 GFlop/s     (683.2575 GFlop/s per process)    15%    3044.5 sec left
CG set 942 / 6116    683.2584 GFlop/s     (683.2584 GFlop/s per process)    15%    3043.9 sec left
CG set 943 / 6116    683.2590 GFlop/s     (683.2590 GFlop/s per process)    15%    3043.3 sec left
CG set 944 / 6116    683.2598 GFlop/s     (683.2598 GFlop/s per process)    15%    3042.7 sec left
CG set 945 / 6116    683.2606 GFlop/s     (683.2606 GFlop/s per process)    15%    3042.1 sec left
CG set 946 / 6116    683.2608 GFlop/s     (683.2608 GFlop/s per process)    15%    3041.5 sec left
CG set 947 / 6116    683.2609 GFlop/s     (683.2609 GFlop/s per process)    15%    3040.9 sec left
CG set 948 / 6116    683.2613 GFlop/s     (683.2613 GFlop/s per process)    15%    3040.4 sec left
CG set 949 / 6116    683.2618 GFlop/s     (683.2618 GFlop/s per process)    15%    3039.8 sec left
CG set 950 / 6116    683.2624 GFlop/s     (683.2624 GFlop/s per process)    15%    3039.2 sec left
CG set 951 / 6116    683.2627 GFlop/s     (683.2627 GFlop/s per process)    15%    3038.6 sec left
CG set 952 / 6116    683.2627 GFlop/s     (683.2627 GFlop/s per process)    15%    3038.0 sec left
CG set 953 / 6116    683.2630 GFlop/s     (683.2630 GFlop/s per process)    15%    3037.4 sec left
CG set 954 / 6116    683.2637 GFlop/s     (683.2637 GFlop/s per process)    15%    3036.8 sec left
CG set 955 / 6116    683.2642 GFlop/s     (683.2642 GFlop/s per process)    15%    3036.2 sec left
CG set 956 / 6116    683.2647 GFlop/s     (683.2647 GFlop/s per process)    15%    3035.6 sec left
CG set 957 / 6116    683.2653 GFlop/s     (683.2653 GFlop/s per process)    15%    3035.0 sec left
CG set 958 / 6116    683.2660 GFlop/s     (683.2660 GFlop/s per process)    15%    3034.5 sec left
CG set 959 / 6116    683.2662 GFlop/s     (683.2662 GFlop/s per process)    15%    3033.9 sec left
CG set 960 / 6116    683.2667 GFlop/s     (683.2667 GFlop/s per process)    15%    3033.3 sec left
CG set 961 / 6116    683.2665 GFlop/s     (683.2665 GFlop/s per process)    15%    3032.7 sec left
CG set 962 / 6116    683.2670 GFlop/s     (683.2670 GFlop/s per process)    15%    3032.1 sec left
CG set 963 / 6116    683.2679 GFlop/s     (683.2679 GFlop/s per process)    15%    3031.5 sec left
CG set 964 / 6116    683.2678 GFlop/s     (683.2678 GFlop/s per process)    15%    3030.9 sec left
CG set 965 / 6116    683.2684 GFlop/s     (683.2684 GFlop/s per process)    15%    3030.3 sec left
CG set 966 / 6116    683.2686 GFlop/s     (683.2686 GFlop/s per process)    15%    3029.7 sec left
CG set 967 / 6116    683.2693 GFlop/s     (683.2693 GFlop/s per process)    15%    3029.1 sec left
CG set 968 / 6116    683.2692 GFlop/s     (683.2692 GFlop/s per process)    15%    3028.6 sec left
CG set 969 / 6116    683.2691 GFlop/s     (683.2691 GFlop/s per process)    15%    3028.0 sec left
CG set 970 / 6116    683.2693 GFlop/s     (683.2693 GFlop/s per process)    15%    3027.4 sec left
CG set 971 / 6116    683.2690 GFlop/s     (683.2690 GFlop/s per process)    15%    3026.8 sec left
CG set 972 / 6116    683.2694 GFlop/s     (683.2694 GFlop/s per process)    15%    3026.2 sec left
CG set 973 / 6116    683.2699 GFlop/s     (683.2699 GFlop/s per process)    15%    3025.6 sec left
CG set 974 / 6116    683.2708 GFlop/s     (683.2708 GFlop/s per process)    15%    3025.0 sec left
CG set 975 / 6116    683.2710 GFlop/s     (683.2710 GFlop/s per process)    15%    3024.4 sec left
CG set 976 / 6116    683.2715 GFlop/s     (683.2715 GFlop/s per process)    15%    3023.8 sec left
CG set 977 / 6116    683.2717 GFlop/s     (683.2717 GFlop/s per process)    15%    3023.2 sec left
CG set 978 / 6116    683.2718 GFlop/s     (683.2718 GFlop/s per process)    15%    3022.7 sec left
CG set 979 / 6116    683.2721 GFlop/s     (683.2721 GFlop/s per process)    16%    3022.1 sec left
CG set 980 / 6116    683.2722 GFlop/s     (683.2722 GFlop/s per process)    16%    3021.5 sec left
CG set 981 / 6116    683.2726 GFlop/s     (683.2726 GFlop/s per process)    16%    3020.9 sec left
CG set 982 / 6116    683.2724 GFlop/s     (683.2724 GFlop/s per process)    16%    3020.3 sec left
CG set 983 / 6116    683.2730 GFlop/s     (683.2730 GFlop/s per process)    16%    3019.7 sec left
CG set 984 / 6116    683.2735 GFlop/s     (683.2735 GFlop/s per process)    16%    3019.1 sec left
CG set 985 / 6116    683.2735 GFlop/s     (683.2735 GFlop/s per process)    16%    3018.5 sec left
CG set 986 / 6116    683.2743 GFlop/s     (683.2743 GFlop/s per process)    16%    3017.9 sec left
CG set 987 / 6116    683.2741 GFlop/s     (683.2741 GFlop/s per process)    16%    3017.3 sec left
CG set 988 / 6116    683.2742 GFlop/s     (683.2742 GFlop/s per process)    16%    3016.8 sec left
CG set 989 / 6116    683.2748 GFlop/s     (683.2748 GFlop/s per process)    16%    3016.2 sec left
CG set 990 / 6116    683.2752 GFlop/s     (683.2752 GFlop/s per process)    16%    3015.6 sec left
CG set 991 / 6116    683.2756 GFlop/s     (683.2756 GFlop/s per process)    16%    3015.0 sec left
CG set 992 / 6116    683.2762 GFlop/s     (683.2762 GFlop/s per process)    16%    3014.4 sec left
CG set 993 / 6116    683.2769 GFlop/s     (683.2769 GFlop/s per process)    16%    3013.8 sec left
CG set 994 / 6116    683.2771 GFlop/s     (683.2771 GFlop/s per process)    16%    3013.2 sec left
CG set 995 / 6116    683.2773 GFlop/s     (683.2773 GFlop/s per process)    16%    3012.6 sec left
CG set 996 / 6116    683.2777 GFlop/s     (683.2777 GFlop/s per process)    16%    3012.0 sec left
CG set 997 / 6116    683.2781 GFlop/s     (683.2781 GFlop/s per process)    16%    3011.4 sec left
CG set 998 / 6116    683.2783 GFlop/s     (683.2783 GFlop/s per process)    16%    3010.9 sec left
CG set 999 / 6116    683.2782 GFlop/s     (683.2782 GFlop/s per process)    16%    3010.3 sec left
CG set 1000 / 6116    683.2785 GFlop/s     (683.2785 GFlop/s per process)    16%    3009.7 sec left
CG set 1001 / 6116    683.2790 GFlop/s     (683.2790 GFlop/s per process)    16%    3009.1 sec left
CG set 1002 / 6116    683.2800 GFlop/s     (683.2800 GFlop/s per process)    16%    3008.5 sec left
CG set 1003 / 6116    683.2804 GFlop/s     (683.2804 GFlop/s per process)    16%    3007.9 sec left
CG set 1004 / 6116    683.2811 GFlop/s     (683.2811 GFlop/s per process)    16%    3007.3 sec left
CG set 1005 / 6116    683.2807 GFlop/s     (683.2807 GFlop/s per process)    16%    3006.7 sec left
CG set 1006 / 6116    683.2815 GFlop/s     (683.2815 GFlop/s per process)    16%    3006.1 sec left
CG set 1007 / 6116    683.2813 GFlop/s     (683.2813 GFlop/s per process)    16%    3005.5 sec left
CG set 1008 / 6116    683.2815 GFlop/s     (683.2815 GFlop/s per process)    16%    3005.0 sec left
CG set 1009 / 6116    683.2817 GFlop/s     (683.2817 GFlop/s per process)    16%    3004.4 sec left
CG set 1010 / 6116    683.2816 GFlop/s     (683.2816 GFlop/s per process)    16%    3003.8 sec left
CG set 1011 / 6116    683.2821 GFlop/s     (683.2821 GFlop/s per process)    16%    3003.2 sec left
CG set 1012 / 6116    683.2828 GFlop/s     (683.2828 GFlop/s per process)    16%    3002.6 sec left
CG set 1013 / 6116    683.2833 GFlop/s     (683.2833 GFlop/s per process)    16%    3002.0 sec left
CG set 1014 / 6116    683.2835 GFlop/s     (683.2835 GFlop/s per process)    16%    3001.4 sec left
CG set 1015 / 6116    683.2839 GFlop/s     (683.2839 GFlop/s per process)    16%    3000.8 sec left
CG set 1016 / 6116    683.2842 GFlop/s     (683.2842 GFlop/s per process)    16%    3000.2 sec left
CG set 1017 / 6116    683.2849 GFlop/s     (683.2849 GFlop/s per process)    16%    2999.6 sec left
CG set 1018 / 6116    683.2850 GFlop/s     (683.2850 GFlop/s per process)    16%    2999.1 sec left
CG set 1019 / 6116    683.2850 GFlop/s     (683.2850 GFlop/s per process)    16%    2998.5 sec left
CG set 1020 / 6116    683.2857 GFlop/s     (683.2857 GFlop/s per process)    16%    2997.9 sec left
CG set 1021 / 6116    683.2866 GFlop/s     (683.2866 GFlop/s per process)    16%    2997.3 sec left
CG set 1022 / 6116    683.2865 GFlop/s     (683.2865 GFlop/s per process)    16%    2996.7 sec left
CG set 1023 / 6116    683.2873 GFlop/s     (683.2873 GFlop/s per process)    16%    2996.1 sec left
CG set 1024 / 6116    683.2881 GFlop/s     (683.2881 GFlop/s per process)    16%    2995.5 sec left
CG set 1025 / 6116    683.2887 GFlop/s     (683.2887 GFlop/s per process)    16%    2994.9 sec left
CG set 1026 / 6116    683.2886 GFlop/s     (683.2886 GFlop/s per process)    16%    2994.3 sec left
CG set 1027 / 6116    683.2893 GFlop/s     (683.2893 GFlop/s per process)    16%    2993.7 sec left
CG set 1028 / 6116    683.2893 GFlop/s     (683.2893 GFlop/s per process)    16%    2993.2 sec left
CG set 1029 / 6116    683.2897 GFlop/s     (683.2897 GFlop/s per process)    16%    2992.6 sec left
CG set 1030 / 6116    683.2903 GFlop/s     (683.2903 GFlop/s per process)    16%    2992.0 sec left
CG set 1031 / 6116    683.2906 GFlop/s     (683.2906 GFlop/s per process)    16%    2991.4 sec left
CG set 1032 / 6116    683.2905 GFlop/s     (683.2905 GFlop/s per process)    16%    2990.8 sec left
CG set 1033 / 6116    683.2911 GFlop/s     (683.2911 GFlop/s per process)    16%    2990.2 sec left
CG set 1034 / 6116    683.2915 GFlop/s     (683.2915 GFlop/s per process)    16%    2989.6 sec left
CG set 1035 / 6116    683.2921 GFlop/s     (683.2921 GFlop/s per process)    16%    2989.0 sec left
CG set 1036 / 6116    683.2925 GFlop/s     (683.2925 GFlop/s per process)    16%    2988.4 sec left
CG set 1037 / 6116    683.2927 GFlop/s     (683.2927 GFlop/s per process)    16%    2987.8 sec left
CG set 1038 / 6116    683.2932 GFlop/s     (683.2932 GFlop/s per process)    16%    2987.3 sec left
CG set 1039 / 6116    683.2932 GFlop/s     (683.2932 GFlop/s per process)    16%    2986.7 sec left
CG set 1040 / 6116    683.2937 GFlop/s     (683.2937 GFlop/s per process)    17%    2986.1 sec left
CG set 1041 / 6116    683.2941 GFlop/s     (683.2941 GFlop/s per process)    17%    2985.5 sec left
CG set 1042 / 6116    683.2942 GFlop/s     (683.2942 GFlop/s per process)    17%    2984.9 sec left
CG set 1043 / 6116    683.2942 GFlop/s     (683.2942 GFlop/s per process)    17%    2984.3 sec left
CG set 1044 / 6116    683.2948 GFlop/s     (683.2948 GFlop/s per process)    17%    2983.7 sec left
CG set 1045 / 6116    683.2949 GFlop/s     (683.2949 GFlop/s per process)    17%    2983.1 sec left
CG set 1046 / 6116    683.2952 GFlop/s     (683.2952 GFlop/s per process)    17%    2982.5 sec left
CG set 1047 / 6116    683.2948 GFlop/s     (683.2948 GFlop/s per process)    17%    2981.9 sec left
CG set 1048 / 6116    683.2952 GFlop/s     (683.2952 GFlop/s per process)    17%    2981.4 sec left
CG set 1049 / 6116    683.2959 GFlop/s     (683.2959 GFlop/s per process)    17%    2980.8 sec left
CG set 1050 / 6116    683.2965 GFlop/s     (683.2965 GFlop/s per process)    17%    2980.2 sec left
CG set 1051 / 6116    683.2969 GFlop/s     (683.2969 GFlop/s per process)    17%    2979.6 sec left
CG set 1052 / 6116    683.2973 GFlop/s     (683.2973 GFlop/s per process)    17%    2979.0 sec left
CG set 1053 / 6116    683.2972 GFlop/s     (683.2972 GFlop/s per process)    17%    2978.4 sec left
CG set 1054 / 6116    683.2978 GFlop/s     (683.2978 GFlop/s per process)    17%    2977.8 sec left
CG set 1055 / 6116    683.2983 GFlop/s     (683.2983 GFlop/s per process)    17%    2977.2 sec left
CG set 1056 / 6116    683.2978 GFlop/s     (683.2978 GFlop/s per process)    17%    2976.6 sec left
CG set 1057 / 6116    683.2977 GFlop/s     (683.2977 GFlop/s per process)    17%    2976.0 sec left
CG set 1058 / 6116    683.2988 GFlop/s     (683.2988 GFlop/s per process)    17%    2975.5 sec left
CG set 1059 / 6116    683.2989 GFlop/s     (683.2989 GFlop/s per process)    17%    2974.9 sec left
CG set 1060 / 6116    683.2985 GFlop/s     (683.2985 GFlop/s per process)    17%    2974.3 sec left
CG set 1061 / 6116    683.2989 GFlop/s     (683.2989 GFlop/s per process)    17%    2973.7 sec left
CG set 1062 / 6116    683.2988 GFlop/s     (683.2988 GFlop/s per process)    17%    2973.1 sec left
CG set 1063 / 6116    683.2989 GFlop/s     (683.2989 GFlop/s per process)    17%    2972.5 sec left
CG set 1064 / 6116    683.2995 GFlop/s     (683.2995 GFlop/s per process)    17%    2971.9 sec left
CG set 1065 / 6116    683.2998 GFlop/s     (683.2998 GFlop/s per process)    17%    2971.3 sec left
CG set 1066 / 6116    683.3002 GFlop/s     (683.3002 GFlop/s per process)    17%    2970.7 sec left
CG set 1067 / 6116    683.3011 GFlop/s     (683.3011 GFlop/s per process)    17%    2970.1 sec left
CG set 1068 / 6116    683.3018 GFlop/s     (683.3018 GFlop/s per process)    17%    2969.6 sec left
CG set 1069 / 6116    683.3024 GFlop/s     (683.3024 GFlop/s per process)    17%    2969.0 sec left
CG set 1070 / 6116    683.3025 GFlop/s     (683.3025 GFlop/s per process)    17%    2968.4 sec left
CG set 1071 / 6116    683.3031 GFlop/s     (683.3031 GFlop/s per process)    17%    2967.8 sec left
CG set 1072 / 6116    683.3036 GFlop/s     (683.3036 GFlop/s per process)    17%    2967.2 sec left
CG set 1073 / 6116    683.3038 GFlop/s     (683.3038 GFlop/s per process)    17%    2966.6 sec left
CG set 1074 / 6116    683.3043 GFlop/s     (683.3043 GFlop/s per process)    17%    2966.0 sec left
CG set 1075 / 6116    683.3044 GFlop/s     (683.3044 GFlop/s per process)    17%    2965.4 sec left
CG set 1076 / 6116    683.3044 GFlop/s     (683.3044 GFlop/s per process)    17%    2964.8 sec left
CG set 1077 / 6116    683.3047 GFlop/s     (683.3047 GFlop/s per process)    17%    2964.2 sec left
CG set 1078 / 6116    683.3049 GFlop/s     (683.3049 GFlop/s per process)    17%    2963.7 sec left
CG set 1079 / 6116    683.3050 GFlop/s     (683.3050 GFlop/s per process)    17%    2963.1 sec left
CG set 1080 / 6116    683.3055 GFlop/s     (683.3055 GFlop/s per process)    17%    2962.5 sec left
CG set 1081 / 6116    683.3063 GFlop/s     (683.3063 GFlop/s per process)    17%    2961.9 sec left
CG set 1082 / 6116    683.3067 GFlop/s     (683.3067 GFlop/s per process)    17%    2961.3 sec left
CG set 1083 / 6116    683.3074 GFlop/s     (683.3074 GFlop/s per process)    17%    2960.7 sec left
CG set 1084 / 6116    683.3077 GFlop/s     (683.3077 GFlop/s per process)    17%    2960.1 sec left
CG set 1085 / 6116    683.3087 GFlop/s     (683.3087 GFlop/s per process)    17%    2959.5 sec left
CG set 1086 / 6116    683.3092 GFlop/s     (683.3092 GFlop/s per process)    17%    2958.9 sec left
CG set 1087 / 6116    683.3098 GFlop/s     (683.3098 GFlop/s per process)    17%    2958.3 sec left
CG set 1088 / 6116    683.3101 GFlop/s     (683.3101 GFlop/s per process)    17%    2957.8 sec left
CG set 1089 / 6116    683.3105 GFlop/s     (683.3105 GFlop/s per process)    17%    2957.2 sec left
CG set 1090 / 6116    683.3105 GFlop/s     (683.3105 GFlop/s per process)    17%    2956.6 sec left
CG set 1091 / 6116    683.3109 GFlop/s     (683.3109 GFlop/s per process)    17%    2956.0 sec left
CG set 1092 / 6116    683.3111 GFlop/s     (683.3111 GFlop/s per process)    17%    2955.4 sec left
CG set 1093 / 6116    683.3116 GFlop/s     (683.3116 GFlop/s per process)    17%    2954.8 sec left
CG set 1094 / 6116    683.3114 GFlop/s     (683.3114 GFlop/s per process)    17%    2954.2 sec left
CG set 1095 / 6116    683.3119 GFlop/s     (683.3119 GFlop/s per process)    17%    2953.6 sec left
CG set 1096 / 6116    683.3121 GFlop/s     (683.3121 GFlop/s per process)    17%    2953.0 sec left
CG set 1097 / 6116    683.3121 GFlop/s     (683.3121 GFlop/s per process)    17%    2952.4 sec left
CG set 1098 / 6116    683.3121 GFlop/s     (683.3121 GFlop/s per process)    17%    2951.9 sec left
CG set 1099 / 6116    683.3124 GFlop/s     (683.3124 GFlop/s per process)    17%    2951.3 sec left
CG set 1100 / 6116    683.3128 GFlop/s     (683.3128 GFlop/s per process)    17%    2950.7 sec left
CG set 1101 / 6116    683.3132 GFlop/s     (683.3132 GFlop/s per process)    18%    2950.1 sec left
CG set 1102 / 6116    683.3137 GFlop/s     (683.3137 GFlop/s per process)    18%    2949.5 sec left
CG set 1103 / 6116    683.3142 GFlop/s     (683.3142 GFlop/s per process)    18%    2948.9 sec left
CG set 1104 / 6116    683.3145 GFlop/s     (683.3145 GFlop/s per process)    18%    2948.3 sec left
CG set 1105 / 6116    683.3146 GFlop/s     (683.3146 GFlop/s per process)    18%    2947.7 sec left
CG set 1106 / 6116    683.3145 GFlop/s     (683.3145 GFlop/s per process)    18%    2947.1 sec left
CG set 1107 / 6116    683.3145 GFlop/s     (683.3145 GFlop/s per process)    18%    2946.5 sec left
CG set 1108 / 6116    683.3157 GFlop/s     (683.3157 GFlop/s per process)    18%    2946.0 sec left
CG set 1109 / 6116    683.3158 GFlop/s     (683.3158 GFlop/s per process)    18%    2945.4 sec left
CG set 1110 / 6116    683.3158 GFlop/s     (683.3158 GFlop/s per process)    18%    2944.8 sec left
CG set 1111 / 6116    683.3162 GFlop/s     (683.3162 GFlop/s per process)    18%    2944.2 sec left
CG set 1112 / 6116    683.3164 GFlop/s     (683.3164 GFlop/s per process)    18%    2943.6 sec left
CG set 1113 / 6116    683.3159 GFlop/s     (683.3159 GFlop/s per process)    18%    2943.0 sec left
CG set 1114 / 6116    683.3157 GFlop/s     (683.3157 GFlop/s per process)    18%    2942.4 sec left
CG set 1115 / 6116    683.3164 GFlop/s     (683.3164 GFlop/s per process)    18%    2941.8 sec left
CG set 1116 / 6116    683.3167 GFlop/s     (683.3167 GFlop/s per process)    18%    2941.2 sec left
CG set 1117 / 6116    683.3164 GFlop/s     (683.3164 GFlop/s per process)    18%    2940.6 sec left
CG set 1118 / 6116    683.3169 GFlop/s     (683.3169 GFlop/s per process)    18%    2940.1 sec left
CG set 1119 / 6116    683.3164 GFlop/s     (683.3164 GFlop/s per process)    18%    2939.5 sec left
CG set 1120 / 6116    683.3169 GFlop/s     (683.3169 GFlop/s per process)    18%    2938.9 sec left
CG set 1121 / 6116    683.3172 GFlop/s     (683.3172 GFlop/s per process)    18%    2938.3 sec left
CG set 1122 / 6116    683.3172 GFlop/s     (683.3172 GFlop/s per process)    18%    2937.7 sec left
CG set 1123 / 6116    683.3178 GFlop/s     (683.3178 GFlop/s per process)    18%    2937.1 sec left
CG set 1124 / 6116    683.3177 GFlop/s     (683.3177 GFlop/s per process)    18%    2936.5 sec left
CG set 1125 / 6116    683.3176 GFlop/s     (683.3176 GFlop/s per process)    18%    2935.9 sec left
CG set 1126 / 6116    683.3178 GFlop/s     (683.3178 GFlop/s per process)    18%    2935.3 sec left
CG set 1127 / 6116    683.3178 GFlop/s     (683.3178 GFlop/s per process)    18%    2934.7 sec left
CG set 1128 / 6116    683.3177 GFlop/s     (683.3177 GFlop/s per process)    18%    2934.2 sec left
CG set 1129 / 6116    683.3176 GFlop/s     (683.3176 GFlop/s per process)    18%    2933.6 sec left
CG set 1130 / 6116    683.3178 GFlop/s     (683.3178 GFlop/s per process)    18%    2933.0 sec left
CG set 1131 / 6116    683.3180 GFlop/s     (683.3180 GFlop/s per process)    18%    2932.4 sec left
CG set 1132 / 6116    683.3181 GFlop/s     (683.3181 GFlop/s per process)    18%    2931.8 sec left
CG set 1133 / 6116    683.3188 GFlop/s     (683.3188 GFlop/s per process)    18%    2931.2 sec left
CG set 1134 / 6116    683.3192 GFlop/s     (683.3192 GFlop/s per process)    18%    2930.6 sec left
CG set 1135 / 6116    683.3191 GFlop/s     (683.3191 GFlop/s per process)    18%    2930.0 sec left
CG set 1136 / 6116    683.3189 GFlop/s     (683.3189 GFlop/s per process)    18%    2929.4 sec left
CG set 1137 / 6116    683.3189 GFlop/s     (683.3189 GFlop/s per process)    18%    2928.8 sec left
CG set 1138 / 6116    683.3188 GFlop/s     (683.3188 GFlop/s per process)    18%    2928.2 sec left
CG set 1139 / 6116    683.3193 GFlop/s     (683.3193 GFlop/s per process)    18%    2927.7 sec left
CG set 1140 / 6116    683.3197 GFlop/s     (683.3197 GFlop/s per process)    18%    2927.1 sec left
CG set 1141 / 6116    683.3204 GFlop/s     (683.3204 GFlop/s per process)    18%    2926.5 sec left
CG set 1142 / 6116    683.3205 GFlop/s     (683.3205 GFlop/s per process)    18%    2925.9 sec left
CG set 1143 / 6116    683.3211 GFlop/s     (683.3211 GFlop/s per process)    18%    2925.3 sec left
CG set 1144 / 6116    683.3215 GFlop/s     (683.3215 GFlop/s per process)    18%    2924.7 sec left
CG set 1145 / 6116    683.3216 GFlop/s     (683.3216 GFlop/s per process)    18%    2924.1 sec left
CG set 1146 / 6116    683.3220 GFlop/s     (683.3220 GFlop/s per process)    18%    2923.5 sec left
CG set 1147 / 6116    683.3222 GFlop/s     (683.3222 GFlop/s per process)    18%    2922.9 sec left
CG set 1148 / 6116    683.3224 GFlop/s     (683.3224 GFlop/s per process)    18%    2922.3 sec left
CG set 1149 / 6116    683.3227 GFlop/s     (683.3227 GFlop/s per process)    18%    2921.8 sec left
CG set 1150 / 6116    683.3231 GFlop/s     (683.3231 GFlop/s per process)    18%    2921.2 sec left
CG set 1151 / 6116    683.3232 GFlop/s     (683.3232 GFlop/s per process)    18%    2920.6 sec left
CG set 1152 / 6116    683.3236 GFlop/s     (683.3236 GFlop/s per process)    18%    2920.0 sec left
CG set 1153 / 6116    683.3242 GFlop/s     (683.3242 GFlop/s per process)    18%    2919.4 sec left
CG set 1154 / 6116    683.3243 GFlop/s     (683.3243 GFlop/s per process)    18%    2918.8 sec left
CG set 1155 / 6116    683.3238 GFlop/s     (683.3238 GFlop/s per process)    18%    2918.2 sec left
CG set 1156 / 6116    683.3242 GFlop/s     (683.3242 GFlop/s per process)    18%    2917.6 sec left
CG set 1157 / 6116    683.3243 GFlop/s     (683.3243 GFlop/s per process)    18%    2917.0 sec left
CG set 1158 / 6116    683.3248 GFlop/s     (683.3248 GFlop/s per process)    18%    2916.4 sec left
CG set 1159 / 6116    683.3257 GFlop/s     (683.3257 GFlop/s per process)    18%    2915.9 sec left
CG set 1160 / 6116    683.3263 GFlop/s     (683.3263 GFlop/s per process)    18%    2915.3 sec left
CG set 1161 / 6116    683.3268 GFlop/s     (683.3268 GFlop/s per process)    18%    2914.7 sec left
CG set 1162 / 6116    683.3270 GFlop/s     (683.3270 GFlop/s per process)    18%    2914.1 sec left
CG set 1163 / 6116    683.3268 GFlop/s     (683.3268 GFlop/s per process)    19%    2913.5 sec left
CG set 1164 / 6116    683.3268 GFlop/s     (683.3268 GFlop/s per process)    19%    2912.9 sec left
CG set 1165 / 6116    683.3278 GFlop/s     (683.3278 GFlop/s per process)    19%    2912.3 sec left
CG set 1166 / 6116    683.3289 GFlop/s     (683.3289 GFlop/s per process)    19%    2911.7 sec left
CG set 1167 / 6116    683.3293 GFlop/s     (683.3293 GFlop/s per process)    19%    2911.1 sec left
CG set 1168 / 6116    683.3297 GFlop/s     (683.3297 GFlop/s per process)    19%    2910.6 sec left
CG set 1169 / 6116    683.3305 GFlop/s     (683.3305 GFlop/s per process)    19%    2910.0 sec left
CG set 1170 / 6116    683.3307 GFlop/s     (683.3307 GFlop/s per process)    19%    2909.4 sec left
CG set 1171 / 6116    683.3313 GFlop/s     (683.3313 GFlop/s per process)    19%    2908.8 sec left
CG set 1172 / 6116    683.3314 GFlop/s     (683.3314 GFlop/s per process)    19%    2908.2 sec left
CG set 1173 / 6116    683.3318 GFlop/s     (683.3318 GFlop/s per process)    19%    2907.6 sec left
CG set 1174 / 6116    683.3320 GFlop/s     (683.3320 GFlop/s per process)    19%    2907.0 sec left
CG set 1175 / 6116    683.3320 GFlop/s     (683.3320 GFlop/s per process)    19%    2906.4 sec left
CG set 1176 / 6116    683.3322 GFlop/s     (683.3322 GFlop/s per process)    19%    2905.8 sec left
CG set 1177 / 6116    683.3331 GFlop/s     (683.3331 GFlop/s per process)    19%    2905.2 sec left
CG set 1178 / 6116    683.3336 GFlop/s     (683.3336 GFlop/s per process)    19%    2904.7 sec left
CG set 1179 / 6116    683.3340 GFlop/s     (683.3340 GFlop/s per process)    19%    2904.1 sec left
CG set 1180 / 6116    683.3342 GFlop/s     (683.3342 GFlop/s per process)    19%    2903.5 sec left
CG set 1181 / 6116    683.3340 GFlop/s     (683.3340 GFlop/s per process)    19%    2902.9 sec left
CG set 1182 / 6116    683.3341 GFlop/s     (683.3341 GFlop/s per process)    19%    2902.3 sec left
CG set 1183 / 6116    683.3346 GFlop/s     (683.3346 GFlop/s per process)    19%    2901.7 sec left
CG set 1184 / 6116    683.3351 GFlop/s     (683.3351 GFlop/s per process)    19%    2901.1 sec left
CG set 1185 / 6116    683.3348 GFlop/s     (683.3348 GFlop/s per process)    19%    2900.5 sec left
CG set 1186 / 6116    683.3356 GFlop/s     (683.3356 GFlop/s per process)    19%    2899.9 sec left
CG set 1187 / 6116    683.3364 GFlop/s     (683.3364 GFlop/s per process)    19%    2899.3 sec left
CG set 1188 / 6116    683.3371 GFlop/s     (683.3371 GFlop/s per process)    19%    2898.8 sec left
CG set 1189 / 6116    683.3380 GFlop/s     (683.3380 GFlop/s per process)    19%    2898.2 sec left
CG set 1190 / 6116    683.3381 GFlop/s     (683.3381 GFlop/s per process)    19%    2897.6 sec left
CG set 1191 / 6116    683.3388 GFlop/s     (683.3388 GFlop/s per process)    19%    2897.0 sec left
CG set 1192 / 6116    683.3388 GFlop/s     (683.3388 GFlop/s per process)    19%    2896.4 sec left
CG set 1193 / 6116    683.3393 GFlop/s     (683.3393 GFlop/s per process)    19%    2895.8 sec left
CG set 1194 / 6116    683.3395 GFlop/s     (683.3395 GFlop/s per process)    19%    2895.2 sec left
CG set 1195 / 6116    683.3397 GFlop/s     (683.3397 GFlop/s per process)    19%    2894.6 sec left
CG set 1196 / 6116    683.3398 GFlop/s     (683.3398 GFlop/s per process)    19%    2894.0 sec left
CG set 1197 / 6116    683.3404 GFlop/s     (683.3404 GFlop/s per process)    19%    2893.4 sec left
CG set 1198 / 6116    683.3409 GFlop/s     (683.3409 GFlop/s per process)    19%    2892.9 sec left
CG set 1199 / 6116    683.3415 GFlop/s     (683.3415 GFlop/s per process)    19%    2892.3 sec left
CG set 1200 / 6116    683.3422 GFlop/s     (683.3422 GFlop/s per process)    19%    2891.7 sec left
CG set 1201 / 6116    683.3421 GFlop/s     (683.3421 GFlop/s per process)    19%    2891.1 sec left
CG set 1202 / 6116    683.3426 GFlop/s     (683.3426 GFlop/s per process)    19%    2890.5 sec left
CG set 1203 / 6116    683.3430 GFlop/s     (683.3430 GFlop/s per process)    19%    2889.9 sec left
CG set 1204 / 6116    683.3428 GFlop/s     (683.3428 GFlop/s per process)    19%    2889.3 sec left
CG set 1205 / 6116    683.3431 GFlop/s     (683.3431 GFlop/s per process)    19%    2888.7 sec left
CG set 1206 / 6116    683.3436 GFlop/s     (683.3436 GFlop/s per process)    19%    2888.1 sec left
CG set 1207 / 6116    683.3440 GFlop/s     (683.3440 GFlop/s per process)    19%    2887.5 sec left
CG set 1208 / 6116    683.3446 GFlop/s     (683.3446 GFlop/s per process)    19%    2887.0 sec left
CG set 1209 / 6116    683.3447 GFlop/s     (683.3447 GFlop/s per process)    19%    2886.4 sec left
CG set 1210 / 6116    683.3449 GFlop/s     (683.3449 GFlop/s per process)    19%    2885.8 sec left
CG set 1211 / 6116    683.3455 GFlop/s     (683.3455 GFlop/s per process)    19%    2885.2 sec left
CG set 1212 / 6116    683.3458 GFlop/s     (683.3458 GFlop/s per process)    19%    2884.6 sec left
CG set 1213 / 6116    683.3460 GFlop/s     (683.3460 GFlop/s per process)    19%    2884.0 sec left
CG set 1214 / 6116    683.3463 GFlop/s     (683.3463 GFlop/s per process)    19%    2883.4 sec left
CG set 1215 / 6116    683.3464 GFlop/s     (683.3464 GFlop/s per process)    19%    2882.8 sec left
CG set 1216 / 6116    683.3468 GFlop/s     (683.3468 GFlop/s per process)    19%    2882.2 sec left
CG set 1217 / 6116    683.3471 GFlop/s     (683.3471 GFlop/s per process)    19%    2881.6 sec left
CG set 1218 / 6116    683.3474 GFlop/s     (683.3474 GFlop/s per process)    19%    2881.1 sec left
CG set 1219 / 6116    683.3472 GFlop/s     (683.3472 GFlop/s per process)    19%    2880.5 sec left
CG set 1220 / 6116    683.3477 GFlop/s     (683.3477 GFlop/s per process)    19%    2879.9 sec left
CG set 1221 / 6116    683.3476 GFlop/s     (683.3476 GFlop/s per process)    19%    2879.3 sec left
CG set 1222 / 6116    683.3477 GFlop/s     (683.3477 GFlop/s per process)    19%    2878.7 sec left
CG set 1223 / 6116    683.3482 GFlop/s     (683.3482 GFlop/s per process)    19%    2878.1 sec left
CG set 1224 / 6116    683.3481 GFlop/s     (683.3481 GFlop/s per process)    20%    2877.5 sec left
CG set 1225 / 6116    683.3485 GFlop/s     (683.3485 GFlop/s per process)    20%    2876.9 sec left
CG set 1226 / 6116    683.3488 GFlop/s     (683.3488 GFlop/s per process)    20%    2876.3 sec left
CG set 1227 / 6116    683.3488 GFlop/s     (683.3488 GFlop/s per process)    20%    2875.7 sec left
CG set 1228 / 6116    683.3488 GFlop/s     (683.3488 GFlop/s per process)    20%    2875.2 sec left
CG set 1229 / 6116    683.3492 GFlop/s     (683.3492 GFlop/s per process)    20%    2874.6 sec left
CG set 1230 / 6116    683.3494 GFlop/s     (683.3494 GFlop/s per process)    20%    2874.0 sec left
CG set 1231 / 6116    683.3496 GFlop/s     (683.3496 GFlop/s per process)    20%    2873.4 sec left
CG set 1232 / 6116    683.3497 GFlop/s     (683.3497 GFlop/s per process)    20%    2872.8 sec left
CG set 1233 / 6116    683.3503 GFlop/s     (683.3503 GFlop/s per process)    20%    2872.2 sec left
CG set 1234 / 6116    683.3506 GFlop/s     (683.3506 GFlop/s per process)    20%    2871.6 sec left
CG set 1235 / 6116    683.3510 GFlop/s     (683.3510 GFlop/s per process)    20%    2871.0 sec left
CG set 1236 / 6116    683.3519 GFlop/s     (683.3519 GFlop/s per process)    20%    2870.4 sec left
CG set 1237 / 6116    683.3524 GFlop/s     (683.3524 GFlop/s per process)    20%    2869.8 sec left
CG set 1238 / 6116    683.3528 GFlop/s     (683.3528 GFlop/s per process)    20%    2869.3 sec left
CG set 1239 / 6116    683.3532 GFlop/s     (683.3532 GFlop/s per process)    20%    2868.7 sec left
CG set 1240 / 6116    683.3536 GFlop/s     (683.3536 GFlop/s per process)    20%    2868.1 sec left
CG set 1241 / 6116    683.3532 GFlop/s     (683.3532 GFlop/s per process)    20%    2867.5 sec left
CG set 1242 / 6116    683.3532 GFlop/s     (683.3532 GFlop/s per process)    20%    2866.9 sec left
CG set 1243 / 6116    683.3535 GFlop/s     (683.3535 GFlop/s per process)    20%    2866.3 sec left
CG set 1244 / 6116    683.3534 GFlop/s     (683.3534 GFlop/s per process)    20%    2865.7 sec left
CG set 1245 / 6116    683.3532 GFlop/s     (683.3532 GFlop/s per process)    20%    2865.1 sec left
CG set 1246 / 6116    683.3532 GFlop/s     (683.3532 GFlop/s per process)    20%    2864.5 sec left
CG set 1247 / 6116    683.3536 GFlop/s     (683.3536 GFlop/s per process)    20%    2863.9 sec left
CG set 1248 / 6116    683.3534 GFlop/s     (683.3534 GFlop/s per process)    20%    2863.4 sec left
CG set 1249 / 6116    683.3533 GFlop/s     (683.3533 GFlop/s per process)    20%    2862.8 sec left
CG set 1250 / 6116    683.3540 GFlop/s     (683.3540 GFlop/s per process)    20%    2862.2 sec left
CG set 1251 / 6116    683.3541 GFlop/s     (683.3541 GFlop/s per process)    20%    2861.6 sec left
CG set 1252 / 6116    683.3542 GFlop/s     (683.3542 GFlop/s per process)    20%    2861.0 sec left
CG set 1253 / 6116    683.3536 GFlop/s     (683.3536 GFlop/s per process)    20%    2860.4 sec left
CG set 1254 / 6116    683.3536 GFlop/s     (683.3536 GFlop/s per process)    20%    2859.8 sec left
CG set 1255 / 6116    683.3539 GFlop/s     (683.3539 GFlop/s per process)    20%    2859.2 sec left
CG set 1256 / 6116    683.3535 GFlop/s     (683.3535 GFlop/s per process)    20%    2858.6 sec left
CG set 1257 / 6116    683.3531 GFlop/s     (683.3531 GFlop/s per process)    20%    2858.0 sec left
CG set 1258 / 6116    683.3537 GFlop/s     (683.3537 GFlop/s per process)    20%    2857.5 sec left
CG set 1259 / 6116    683.3537 GFlop/s     (683.3537 GFlop/s per process)    20%    2856.9 sec left
CG set 1260 / 6116    683.3537 GFlop/s     (683.3537 GFlop/s per process)    20%    2856.3 sec left
CG set 1261 / 6116    683.3540 GFlop/s     (683.3540 GFlop/s per process)    20%    2855.7 sec left
CG set 1262 / 6116    683.3538 GFlop/s     (683.3538 GFlop/s per process)    20%    2855.1 sec left
CG set 1263 / 6116    683.3542 GFlop/s     (683.3542 GFlop/s per process)    20%    2854.5 sec left
CG set 1264 / 6116    683.3545 GFlop/s     (683.3545 GFlop/s per process)    20%    2853.9 sec left
CG set 1265 / 6116    683.3544 GFlop/s     (683.3544 GFlop/s per process)    20%    2853.3 sec left
CG set 1266 / 6116    683.3547 GFlop/s     (683.3547 GFlop/s per process)    20%    2852.7 sec left
CG set 1267 / 6116    683.3551 GFlop/s     (683.3551 GFlop/s per process)    20%    2852.1 sec left
CG set 1268 / 6116    683.3552 GFlop/s     (683.3552 GFlop/s per process)    20%    2851.6 sec left
CG set 1269 / 6116    683.3558 GFlop/s     (683.3558 GFlop/s per process)    20%    2851.0 sec left
CG set 1270 / 6116    683.3558 GFlop/s     (683.3558 GFlop/s per process)    20%    2850.4 sec left
CG set 1271 / 6116    683.3560 GFlop/s     (683.3560 GFlop/s per process)    20%    2849.8 sec left
CG set 1272 / 6116    683.3559 GFlop/s     (683.3559 GFlop/s per process)    20%    2849.2 sec left
CG set 1273 / 6116    683.3560 GFlop/s     (683.3560 GFlop/s per process)    20%    2848.6 sec left
CG set 1274 / 6116    683.3565 GFlop/s     (683.3565 GFlop/s per process)    20%    2848.0 sec left
CG set 1275 / 6116    683.3568 GFlop/s     (683.3568 GFlop/s per process)    20%    2847.4 sec left
CG set 1276 / 6116    683.3569 GFlop/s     (683.3569 GFlop/s per process)    20%    2846.8 sec left
CG set 1277 / 6116    683.3574 GFlop/s     (683.3574 GFlop/s per process)    20%    2846.2 sec left
CG set 1278 / 6116    683.3581 GFlop/s     (683.3581 GFlop/s per process)    20%    2845.7 sec left
CG set 1279 / 6116    683.3582 GFlop/s     (683.3582 GFlop/s per process)    20%    2845.1 sec left
CG set 1280 / 6116    683.3582 GFlop/s     (683.3582 GFlop/s per process)    20%    2844.5 sec left
CG set 1281 / 6116    683.3585 GFlop/s     (683.3585 GFlop/s per process)    20%    2843.9 sec left
CG set 1282 / 6116    683.3587 GFlop/s     (683.3587 GFlop/s per process)    20%    2843.3 sec left
CG set 1283 / 6116    683.3589 GFlop/s     (683.3589 GFlop/s per process)    20%    2842.7 sec left
CG set 1284 / 6116    683.3592 GFlop/s     (683.3592 GFlop/s per process)    20%    2842.1 sec left
CG set 1285 / 6116    683.3597 GFlop/s     (683.3597 GFlop/s per process)    21%    2841.5 sec left
CG set 1286 / 6116    683.3600 GFlop/s     (683.3600 GFlop/s per process)    21%    2840.9 sec left
CG set 1287 / 6116    683.3602 GFlop/s     (683.3602 GFlop/s per process)    21%    2840.3 sec left
CG set 1288 / 6116    683.3604 GFlop/s     (683.3604 GFlop/s per process)    21%    2839.8 sec left
CG set 1289 / 6116    683.3606 GFlop/s     (683.3606 GFlop/s per process)    21%    2839.2 sec left
CG set 1290 / 6116    683.3607 GFlop/s     (683.3607 GFlop/s per process)    21%    2838.6 sec left
CG set 1291 / 6116    683.3611 GFlop/s     (683.3611 GFlop/s per process)    21%    2838.0 sec left
CG set 1292 / 6116    683.3614 GFlop/s     (683.3614 GFlop/s per process)    21%    2837.4 sec left
CG set 1293 / 6116    683.3618 GFlop/s     (683.3618 GFlop/s per process)    21%    2836.8 sec left
CG set 1294 / 6116    683.3622 GFlop/s     (683.3622 GFlop/s per process)    21%    2836.2 sec left
CG set 1295 / 6116    683.3622 GFlop/s     (683.3622 GFlop/s per process)    21%    2835.6 sec left
CG set 1296 / 6116    683.3621 GFlop/s     (683.3621 GFlop/s per process)    21%    2835.0 sec left
CG set 1297 / 6116    683.3620 GFlop/s     (683.3620 GFlop/s per process)    21%    2834.4 sec left
CG set 1298 / 6116    683.3621 GFlop/s     (683.3621 GFlop/s per process)    21%    2833.9 sec left
CG set 1299 / 6116    683.3623 GFlop/s     (683.3623 GFlop/s per process)    21%    2833.3 sec left
CG set 1300 / 6116    683.3627 GFlop/s     (683.3627 GFlop/s per process)    21%    2832.7 sec left
CG set 1301 / 6116    683.3625 GFlop/s     (683.3625 GFlop/s per process)    21%    2832.1 sec left
CG set 1302 / 6116    683.3630 GFlop/s     (683.3630 GFlop/s per process)    21%    2831.5 sec left
CG set 1303 / 6116    683.3634 GFlop/s     (683.3634 GFlop/s per process)    21%    2830.9 sec left
CG set 1304 / 6116    683.3635 GFlop/s     (683.3635 GFlop/s per process)    21%    2830.3 sec left
CG set 1305 / 6116    683.3638 GFlop/s     (683.3638 GFlop/s per process)    21%    2829.7 sec left
CG set 1306 / 6116    683.3643 GFlop/s     (683.3643 GFlop/s per process)    21%    2829.1 sec left
CG set 1307 / 6116    683.3642 GFlop/s     (683.3642 GFlop/s per process)    21%    2828.5 sec left
CG set 1308 / 6116    683.3643 GFlop/s     (683.3643 GFlop/s per process)    21%    2828.0 sec left
CG set 1309 / 6116    683.3645 GFlop/s     (683.3645 GFlop/s per process)    21%    2827.4 sec left
CG set 1310 / 6116    683.3646 GFlop/s     (683.3646 GFlop/s per process)    21%    2826.8 sec left
CG set 1311 / 6116    683.3648 GFlop/s     (683.3648 GFlop/s per process)    21%    2826.2 sec left
CG set 1312 / 6116    683.3649 GFlop/s     (683.3649 GFlop/s per process)    21%    2825.6 sec left
CG set 1313 / 6116    683.3654 GFlop/s     (683.3654 GFlop/s per process)    21%    2825.0 sec left
CG set 1314 / 6116    683.3658 GFlop/s     (683.3658 GFlop/s per process)    21%    2824.4 sec left
CG set 1315 / 6116    683.3661 GFlop/s     (683.3661 GFlop/s per process)    21%    2823.8 sec left
CG set 1316 / 6116    683.3663 GFlop/s     (683.3663 GFlop/s per process)    21%    2823.2 sec left
CG set 1317 / 6116    683.3665 GFlop/s     (683.3665 GFlop/s per process)    21%    2822.6 sec left
CG set 1318 / 6116    683.3664 GFlop/s     (683.3664 GFlop/s per process)    21%    2822.1 sec left
CG set 1319 / 6116    683.3668 GFlop/s     (683.3668 GFlop/s per process)    21%    2821.5 sec left
CG set 1320 / 6116    683.3668 GFlop/s     (683.3668 GFlop/s per process)    21%    2820.9 sec left
CG set 1321 / 6116    683.3673 GFlop/s     (683.3673 GFlop/s per process)    21%    2820.3 sec left
CG set 1322 / 6116    683.3671 GFlop/s     (683.3671 GFlop/s per process)    21%    2819.7 sec left
CG set 1323 / 6116    683.3673 GFlop/s     (683.3673 GFlop/s per process)    21%    2819.1 sec left
CG set 1324 / 6116    683.3678 GFlop/s     (683.3678 GFlop/s per process)    21%    2818.5 sec left
CG set 1325 / 6116    683.3678 GFlop/s     (683.3678 GFlop/s per process)    21%    2817.9 sec left
CG set 1326 / 6116    683.3676 GFlop/s     (683.3676 GFlop/s per process)    21%    2817.3 sec left
CG set 1327 / 6116    683.3680 GFlop/s     (683.3680 GFlop/s per process)    21%    2816.7 sec left
CG set 1328 / 6116    683.3683 GFlop/s     (683.3683 GFlop/s per process)    21%    2816.2 sec left
CG set 1329 / 6116    683.3683 GFlop/s     (683.3683 GFlop/s per process)    21%    2815.6 sec left
CG set 1330 / 6116    683.3684 GFlop/s     (683.3684 GFlop/s per process)    21%    2815.0 sec left
CG set 1331 / 6116    683.3688 GFlop/s     (683.3688 GFlop/s per process)    21%    2814.4 sec left
CG set 1332 / 6116    683.3686 GFlop/s     (683.3686 GFlop/s per process)    21%    2813.8 sec left
CG set 1333 / 6116    683.3687 GFlop/s     (683.3687 GFlop/s per process)    21%    2813.2 sec left
CG set 1334 / 6116    683.3692 GFlop/s     (683.3692 GFlop/s per process)    21%    2812.6 sec left
CG set 1335 / 6116    683.3695 GFlop/s     (683.3695 GFlop/s per process)    21%    2812.0 sec left
CG set 1336 / 6116    683.3693 GFlop/s     (683.3693 GFlop/s per process)    21%    2811.4 sec left
CG set 1337 / 6116    683.3690 GFlop/s     (683.3690 GFlop/s per process)    21%    2810.8 sec left
CG set 1338 / 6116    683.3690 GFlop/s     (683.3690 GFlop/s per process)    21%    2810.2 sec left
CG set 1339 / 6116    683.3694 GFlop/s     (683.3694 GFlop/s per process)    21%    2809.7 sec left
CG set 1340 / 6116    683.3700 GFlop/s     (683.3700 GFlop/s per process)    21%    2809.1 sec left
CG set 1341 / 6116    683.3702 GFlop/s     (683.3702 GFlop/s per process)    21%    2808.5 sec left
CG set 1342 / 6116    683.3703 GFlop/s     (683.3703 GFlop/s per process)    21%    2807.9 sec left
CG set 1343 / 6116    683.3703 GFlop/s     (683.3703 GFlop/s per process)    21%    2807.3 sec left
CG set 1344 / 6116    683.3707 GFlop/s     (683.3707 GFlop/s per process)    21%    2806.7 sec left
CG set 1345 / 6116    683.3710 GFlop/s     (683.3710 GFlop/s per process)    21%    2806.1 sec left
CG set 1346 / 6116    683.3710 GFlop/s     (683.3710 GFlop/s per process)    22%    2805.5 sec left
CG set 1347 / 6116    683.3712 GFlop/s     (683.3712 GFlop/s per process)    22%    2804.9 sec left
CG set 1348 / 6116    683.3712 GFlop/s     (683.3712 GFlop/s per process)    22%    2804.3 sec left
CG set 1349 / 6116    683.3715 GFlop/s     (683.3715 GFlop/s per process)    22%    2803.8 sec left
CG set 1350 / 6116    683.3715 GFlop/s     (683.3715 GFlop/s per process)    22%    2803.2 sec left
CG set 1351 / 6116    683.3716 GFlop/s     (683.3716 GFlop/s per process)    22%    2802.6 sec left
CG set 1352 / 6116    683.3718 GFlop/s     (683.3718 GFlop/s per process)    22%    2802.0 sec left
CG set 1353 / 6116    683.3716 GFlop/s     (683.3716 GFlop/s per process)    22%    2801.4 sec left
CG set 1354 / 6116    683.3719 GFlop/s     (683.3719 GFlop/s per process)    22%    2800.8 sec left
CG set 1355 / 6116    683.3720 GFlop/s     (683.3720 GFlop/s per process)    22%    2800.2 sec left
CG set 1356 / 6116    683.3724 GFlop/s     (683.3724 GFlop/s per process)    22%    2799.6 sec left
CG set 1357 / 6116    683.3721 GFlop/s     (683.3721 GFlop/s per process)    22%    2799.0 sec left
CG set 1358 / 6116    683.3724 GFlop/s     (683.3724 GFlop/s per process)    22%    2798.4 sec left
CG set 1359 / 6116    683.3724 GFlop/s     (683.3724 GFlop/s per process)    22%    2797.9 sec left
CG set 1360 / 6116    683.3728 GFlop/s     (683.3728 GFlop/s per process)    22%    2797.3 sec left
CG set 1361 / 6116    683.3731 GFlop/s     (683.3731 GFlop/s per process)    22%    2796.7 sec left
CG set 1362 / 6116    683.3733 GFlop/s     (683.3733 GFlop/s per process)    22%    2796.1 sec left
CG set 1363 / 6116    683.3733 GFlop/s     (683.3733 GFlop/s per process)    22%    2795.5 sec left
CG set 1364 / 6116    683.3737 GFlop/s     (683.3737 GFlop/s per process)    22%    2794.9 sec left
CG set 1365 / 6116    683.3737 GFlop/s     (683.3737 GFlop/s per process)    22%    2794.3 sec left
CG set 1366 / 6116    683.3742 GFlop/s     (683.3742 GFlop/s per process)    22%    2793.7 sec left
CG set 1367 / 6116    683.3747 GFlop/s     (683.3747 GFlop/s per process)    22%    2793.1 sec left
CG set 1368 / 6116    683.3750 GFlop/s     (683.3750 GFlop/s per process)    22%    2792.5 sec left
CG set 1369 / 6116    683.3755 GFlop/s     (683.3755 GFlop/s per process)    22%    2792.0 sec left
CG set 1370 / 6116    683.3756 GFlop/s     (683.3756 GFlop/s per process)    22%    2791.4 sec left
CG set 1371 / 6116    683.3758 GFlop/s     (683.3758 GFlop/s per process)    22%    2790.8 sec left
CG set 1372 / 6116    683.3762 GFlop/s     (683.3762 GFlop/s per process)    22%    2790.2 sec left
CG set 1373 / 6116    683.3764 GFlop/s     (683.3764 GFlop/s per process)    22%    2789.6 sec left
CG set 1374 / 6116    683.3763 GFlop/s     (683.3763 GFlop/s per process)    22%    2789.0 sec left
CG set 1375 / 6116    683.3768 GFlop/s     (683.3768 GFlop/s per process)    22%    2788.4 sec left
CG set 1376 / 6116    683.3767 GFlop/s     (683.3767 GFlop/s per process)    22%    2787.8 sec left
CG set 1377 / 6116    683.3770 GFlop/s     (683.3770 GFlop/s per process)    22%    2787.2 sec left
CG set 1378 / 6116    683.3770 GFlop/s     (683.3770 GFlop/s per process)    22%    2786.6 sec left
CG set 1379 / 6116    683.3771 GFlop/s     (683.3771 GFlop/s per process)    22%    2786.1 sec left
CG set 1380 / 6116    683.3769 GFlop/s     (683.3769 GFlop/s per process)    22%    2785.5 sec left
CG set 1381 / 6116    683.3771 GFlop/s     (683.3771 GFlop/s per process)    22%    2784.9 sec left
CG set 1382 / 6116    683.3776 GFlop/s     (683.3776 GFlop/s per process)    22%    2784.3 sec left
CG set 1383 / 6116    683.3779 GFlop/s     (683.3779 GFlop/s per process)    22%    2783.7 sec left
CG set 1384 / 6116    683.3780 GFlop/s     (683.3780 GFlop/s per process)    22%    2783.1 sec left
CG set 1385 / 6116    683.3783 GFlop/s     (683.3783 GFlop/s per process)    22%    2782.5 sec left
CG set 1386 / 6116    683.3785 GFlop/s     (683.3785 GFlop/s per process)    22%    2781.9 sec left
CG set 1387 / 6116    683.3789 GFlop/s     (683.3789 GFlop/s per process)    22%    2781.3 sec left
CG set 1388 / 6116    683.3791 GFlop/s     (683.3791 GFlop/s per process)    22%    2780.7 sec left
CG set 1389 / 6116    683.3794 GFlop/s     (683.3794 GFlop/s per process)    22%    2780.2 sec left
CG set 1390 / 6116    683.3794 GFlop/s     (683.3794 GFlop/s per process)    22%    2779.6 sec left
CG set 1391 / 6116    683.3795 GFlop/s     (683.3795 GFlop/s per process)    22%    2779.0 sec left
CG set 1392 / 6116    683.3793 GFlop/s     (683.3793 GFlop/s per process)    22%    2778.4 sec left
CG set 1393 / 6116    683.3798 GFlop/s     (683.3798 GFlop/s per process)    22%    2777.8 sec left
CG set 1394 / 6116    683.3798 GFlop/s     (683.3798 GFlop/s per process)    22%    2777.2 sec left
CG set 1395 / 6116    683.3800 GFlop/s     (683.3800 GFlop/s per process)    22%    2776.6 sec left
CG set 1396 / 6116    683.3806 GFlop/s     (683.3806 GFlop/s per process)    22%    2776.0 sec left
CG set 1397 / 6116    683.3808 GFlop/s     (683.3808 GFlop/s per process)    22%    2775.4 sec left
CG set 1398 / 6116    683.3810 GFlop/s     (683.3810 GFlop/s per process)    22%    2774.8 sec left
CG set 1399 / 6116    683.3810 GFlop/s     (683.3810 GFlop/s per process)    22%    2774.3 sec left
CG set 1400 / 6116    683.3810 GFlop/s     (683.3810 GFlop/s per process)    22%    2773.7 sec left
CG set 1401 / 6116    683.3812 GFlop/s     (683.3812 GFlop/s per process)    22%    2773.1 sec left
CG set 1402 / 6116    683.3812 GFlop/s     (683.3812 GFlop/s per process)    22%    2772.5 sec left
CG set 1403 / 6116    683.3816 GFlop/s     (683.3816 GFlop/s per process)    22%    2771.9 sec left
CG set 1404 / 6116    683.3819 GFlop/s     (683.3819 GFlop/s per process)    22%    2771.3 sec left
CG set 1405 / 6116    683.3822 GFlop/s     (683.3822 GFlop/s per process)    22%    2770.7 sec left
CG set 1406 / 6116    683.3827 GFlop/s     (683.3827 GFlop/s per process)    22%    2770.1 sec left
CG set 1407 / 6116    683.3829 GFlop/s     (683.3829 GFlop/s per process)    23%    2769.5 sec left
CG set 1408 / 6116    683.3831 GFlop/s     (683.3831 GFlop/s per process)    23%    2768.9 sec left
CG set 1409 / 6116    683.3832 GFlop/s     (683.3832 GFlop/s per process)    23%    2768.4 sec left
CG set 1410 / 6116    683.3836 GFlop/s     (683.3836 GFlop/s per process)    23%    2767.8 sec left
CG set 1411 / 6116    683.3840 GFlop/s     (683.3840 GFlop/s per process)    23%    2767.2 sec left
CG set 1412 / 6116    683.3840 GFlop/s     (683.3840 GFlop/s per process)    23%    2766.6 sec left
CG set 1413 / 6116    683.3843 GFlop/s     (683.3843 GFlop/s per process)    23%    2766.0 sec left
CG set 1414 / 6116    683.3842 GFlop/s     (683.3842 GFlop/s per process)    23%    2765.4 sec left
CG set 1415 / 6116    683.3843 GFlop/s     (683.3843 GFlop/s per process)    23%    2764.8 sec left
CG set 1416 / 6116    683.3841 GFlop/s     (683.3841 GFlop/s per process)    23%    2764.2 sec left
CG set 1417 / 6116    683.3842 GFlop/s     (683.3842 GFlop/s per process)    23%    2763.6 sec left
CG set 1418 / 6116    683.3843 GFlop/s     (683.3843 GFlop/s per process)    23%    2763.0 sec left
CG set 1419 / 6116    683.3842 GFlop/s     (683.3842 GFlop/s per process)    23%    2762.5 sec left
CG set 1420 / 6116    683.3842 GFlop/s     (683.3842 GFlop/s per process)    23%    2761.9 sec left
CG set 1421 / 6116    683.3843 GFlop/s     (683.3843 GFlop/s per process)    23%    2761.3 sec left
CG set 1422 / 6116    683.3842 GFlop/s     (683.3842 GFlop/s per process)    23%    2760.7 sec left
CG set 1423 / 6116    683.3843 GFlop/s     (683.3843 GFlop/s per process)    23%    2760.1 sec left
CG set 1424 / 6116    683.3847 GFlop/s     (683.3847 GFlop/s per process)    23%    2759.5 sec left
CG set 1425 / 6116    683.3847 GFlop/s     (683.3847 GFlop/s per process)    23%    2758.9 sec left
CG set 1426 / 6116    683.3849 GFlop/s     (683.3849 GFlop/s per process)    23%    2758.3 sec left
CG set 1427 / 6116    683.3848 GFlop/s     (683.3848 GFlop/s per process)    23%    2757.7 sec left
CG set 1428 / 6116    683.3849 GFlop/s     (683.3849 GFlop/s per process)    23%    2757.1 sec left
CG set 1429 / 6116    683.3852 GFlop/s     (683.3852 GFlop/s per process)    23%    2756.6 sec left
CG set 1430 / 6116    683.3853 GFlop/s     (683.3853 GFlop/s per process)    23%    2756.0 sec left
CG set 1431 / 6116    683.3857 GFlop/s     (683.3857 GFlop/s per process)    23%    2755.4 sec left
CG set 1432 / 6116    683.3860 GFlop/s     (683.3860 GFlop/s per process)    23%    2754.8 sec left
CG set 1433 / 6116    683.3858 GFlop/s     (683.3858 GFlop/s per process)    23%    2754.2 sec left
CG set 1434 / 6116    683.3861 GFlop/s     (683.3861 GFlop/s per process)    23%    2753.6 sec left
CG set 1435 / 6116    683.3862 GFlop/s     (683.3862 GFlop/s per process)    23%    2753.0 sec left
CG set 1436 / 6116    683.3867 GFlop/s     (683.3867 GFlop/s per process)    23%    2752.4 sec left
CG set 1437 / 6116    683.3866 GFlop/s     (683.3866 GFlop/s per process)    23%    2751.8 sec left
CG set 1438 / 6116    683.3863 GFlop/s     (683.3863 GFlop/s per process)    23%    2751.2 sec left
CG set 1439 / 6116    683.3864 GFlop/s     (683.3864 GFlop/s per process)    23%    2750.7 sec left
CG set 1440 / 6116    683.3866 GFlop/s     (683.3866 GFlop/s per process)    23%    2750.1 sec left
CG set 1441 / 6116    683.3866 GFlop/s     (683.3866 GFlop/s per process)    23%    2749.5 sec left
CG set 1442 / 6116    683.3869 GFlop/s     (683.3869 GFlop/s per process)    23%    2748.9 sec left
CG set 1443 / 6116    683.3871 GFlop/s     (683.3871 GFlop/s per process)    23%    2748.3 sec left
CG set 1444 / 6116    683.3871 GFlop/s     (683.3871 GFlop/s per process)    23%    2747.7 sec left
CG set 1445 / 6116    683.3871 GFlop/s     (683.3871 GFlop/s per process)    23%    2747.1 sec left
CG set 1446 / 6116    683.3870 GFlop/s     (683.3870 GFlop/s per process)    23%    2746.5 sec left
CG set 1447 / 6116    683.3870 GFlop/s     (683.3870 GFlop/s per process)    23%    2745.9 sec left
CG set 1448 / 6116    683.3874 GFlop/s     (683.3874 GFlop/s per process)    23%    2745.3 sec left
CG set 1449 / 6116    683.3877 GFlop/s     (683.3877 GFlop/s per process)    23%    2744.8 sec left
CG set 1450 / 6116    683.3879 GFlop/s     (683.3879 GFlop/s per process)    23%    2744.2 sec left
CG set 1451 / 6116    683.3878 GFlop/s     (683.3878 GFlop/s per process)    23%    2743.6 sec left
CG set 1452 / 6116    683.3877 GFlop/s     (683.3877 GFlop/s per process)    23%    2743.0 sec left
CG set 1453 / 6116    683.3877 GFlop/s     (683.3877 GFlop/s per process)    23%    2742.4 sec left
CG set 1454 / 6116    683.3878 GFlop/s     (683.3878 GFlop/s per process)    23%    2741.8 sec left
CG set 1455 / 6116    683.3881 GFlop/s     (683.3881 GFlop/s per process)    23%    2741.2 sec left
CG set 1456 / 6116    683.3886 GFlop/s     (683.3886 GFlop/s per process)    23%    2740.6 sec left
CG set 1457 / 6116    683.3885 GFlop/s     (683.3885 GFlop/s per process)    23%    2740.0 sec left
CG set 1458 / 6116    683.3887 GFlop/s     (683.3887 GFlop/s per process)    23%    2739.4 sec left
CG set 1459 / 6116    683.3888 GFlop/s     (683.3888 GFlop/s per process)    23%    2738.9 sec left
CG set 1460 / 6116    683.3889 GFlop/s     (683.3889 GFlop/s per process)    23%    2738.3 sec left
CG set 1461 / 6116    683.3890 GFlop/s     (683.3890 GFlop/s per process)    23%    2737.7 sec left
CG set 1462 / 6116    683.3896 GFlop/s     (683.3896 GFlop/s per process)    23%    2737.1 sec left
CG set 1463 / 6116    683.3896 GFlop/s     (683.3896 GFlop/s per process)    23%    2736.5 sec left
CG set 1464 / 6116    683.3897 GFlop/s     (683.3897 GFlop/s per process)    23%    2735.9 sec left
CG set 1465 / 6116    683.3899 GFlop/s     (683.3899 GFlop/s per process)    23%    2735.3 sec left
CG set 1466 / 6116    683.3903 GFlop/s     (683.3903 GFlop/s per process)    23%    2734.7 sec left
CG set 1467 / 6116    683.3903 GFlop/s     (683.3903 GFlop/s per process)    23%    2734.1 sec left
CG set 1468 / 6116    683.3901 GFlop/s     (683.3901 GFlop/s per process)    24%    2733.5 sec left
CG set 1469 / 6116    683.3903 GFlop/s     (683.3903 GFlop/s per process)    24%    2733.0 sec left
CG set 1470 / 6116    683.3904 GFlop/s     (683.3904 GFlop/s per process)    24%    2732.4 sec left
CG set 1471 / 6116    683.3905 GFlop/s     (683.3905 GFlop/s per process)    24%    2731.8 sec left
CG set 1472 / 6116    683.3905 GFlop/s     (683.3905 GFlop/s per process)    24%    2731.2 sec left
CG set 1473 / 6116    683.3910 GFlop/s     (683.3910 GFlop/s per process)    24%    2730.6 sec left
CG set 1474 / 6116    683.3907 GFlop/s     (683.3907 GFlop/s per process)    24%    2730.0 sec left
CG set 1475 / 6116    683.3908 GFlop/s     (683.3908 GFlop/s per process)    24%    2729.4 sec left
CG set 1476 / 6116    683.3912 GFlop/s     (683.3912 GFlop/s per process)    24%    2728.8 sec left
CG set 1477 / 6116    683.3912 GFlop/s     (683.3912 GFlop/s per process)    24%    2728.2 sec left
CG set 1478 / 6116    683.3910 GFlop/s     (683.3910 GFlop/s per process)    24%    2727.6 sec left
CG set 1479 / 6116    683.3915 GFlop/s     (683.3915 GFlop/s per process)    24%    2727.1 sec left
CG set 1480 / 6116    683.3916 GFlop/s     (683.3916 GFlop/s per process)    24%    2726.5 sec left
CG set 1481 / 6116    683.3913 GFlop/s     (683.3913 GFlop/s per process)    24%    2725.9 sec left
CG set 1482 / 6116    683.3917 GFlop/s     (683.3917 GFlop/s per process)    24%    2725.3 sec left
CG set 1483 / 6116    683.3917 GFlop/s     (683.3917 GFlop/s per process)    24%    2724.7 sec left
CG set 1484 / 6116    683.3920 GFlop/s     (683.3920 GFlop/s per process)    24%    2724.1 sec left
CG set 1485 / 6116    683.3924 GFlop/s     (683.3924 GFlop/s per process)    24%    2723.5 sec left
CG set 1486 / 6116    683.3924 GFlop/s     (683.3924 GFlop/s per process)    24%    2722.9 sec left
CG set 1487 / 6116    683.3931 GFlop/s     (683.3931 GFlop/s per process)    24%    2722.3 sec left
CG set 1488 / 6116    683.3935 GFlop/s     (683.3935 GFlop/s per process)    24%    2721.7 sec left
CG set 1489 / 6116    683.3937 GFlop/s     (683.3937 GFlop/s per process)    24%    2721.2 sec left
CG set 1490 / 6116    683.3940 GFlop/s     (683.3940 GFlop/s per process)    24%    2720.6 sec left
CG set 1491 / 6116    683.3942 GFlop/s     (683.3942 GFlop/s per process)    24%    2720.0 sec left
CG set 1492 / 6116    683.3942 GFlop/s     (683.3942 GFlop/s per process)    24%    2719.4 sec left
CG set 1493 / 6116    683.3945 GFlop/s     (683.3945 GFlop/s per process)    24%    2718.8 sec left
CG set 1494 / 6116    683.3945 GFlop/s     (683.3945 GFlop/s per process)    24%    2718.2 sec left
CG set 1495 / 6116    683.3946 GFlop/s     (683.3946 GFlop/s per process)    24%    2717.6 sec left
CG set 1496 / 6116    683.3945 GFlop/s     (683.3945 GFlop/s per process)    24%    2717.0 sec left
CG set 1497 / 6116    683.3947 GFlop/s     (683.3947 GFlop/s per process)    24%    2716.4 sec left
CG set 1498 / 6116    683.3945 GFlop/s     (683.3945 GFlop/s per process)    24%    2715.8 sec left
CG set 1499 / 6116    683.3944 GFlop/s     (683.3944 GFlop/s per process)    24%    2715.3 sec left
CG set 1500 / 6116    683.3948 GFlop/s     (683.3948 GFlop/s per process)    24%    2714.7 sec left
CG set 1501 / 6116    683.3950 GFlop/s     (683.3950 GFlop/s per process)    24%    2714.1 sec left
CG set 1502 / 6116    683.3954 GFlop/s     (683.3954 GFlop/s per process)    24%    2713.5 sec left
CG set 1503 / 6116    683.3953 GFlop/s     (683.3953 GFlop/s per process)    24%    2712.9 sec left
CG set 1504 / 6116    683.3957 GFlop/s     (683.3957 GFlop/s per process)    24%    2712.3 sec left
CG set 1505 / 6116    683.3958 GFlop/s     (683.3958 GFlop/s per process)    24%    2711.7 sec left
CG set 1506 / 6116    683.3961 GFlop/s     (683.3961 GFlop/s per process)    24%    2711.1 sec left
CG set 1507 / 6116    683.3958 GFlop/s     (683.3958 GFlop/s per process)    24%    2710.5 sec left
CG set 1508 / 6116    683.3962 GFlop/s     (683.3962 GFlop/s per process)    24%    2709.9 sec left
CG set 1509 / 6116    683.3963 GFlop/s     (683.3963 GFlop/s per process)    24%    2709.4 sec left
CG set 1510 / 6116    683.3966 GFlop/s     (683.3966 GFlop/s per process)    24%    2708.8 sec left
CG set 1511 / 6116    683.3963 GFlop/s     (683.3963 GFlop/s per process)    24%    2708.2 sec left
CG set 1512 / 6116    683.3962 GFlop/s     (683.3962 GFlop/s per process)    24%    2707.6 sec left
CG set 1513 / 6116    683.3965 GFlop/s     (683.3965 GFlop/s per process)    24%    2707.0 sec left
CG set 1514 / 6116    683.3967 GFlop/s     (683.3967 GFlop/s per process)    24%    2706.4 sec left
CG set 1515 / 6116    683.3971 GFlop/s     (683.3971 GFlop/s per process)    24%    2705.8 sec left
CG set 1516 / 6116    683.3972 GFlop/s     (683.3972 GFlop/s per process)    24%    2705.2 sec left
CG set 1517 / 6116    683.3976 GFlop/s     (683.3976 GFlop/s per process)    24%    2704.6 sec left
CG set 1518 / 6116    683.3973 GFlop/s     (683.3973 GFlop/s per process)    24%    2704.0 sec left
CG set 1519 / 6116    683.3971 GFlop/s     (683.3971 GFlop/s per process)    24%    2703.5 sec left
CG set 1520 / 6116    683.3975 GFlop/s     (683.3975 GFlop/s per process)    24%    2702.9 sec left
CG set 1521 / 6116    683.3980 GFlop/s     (683.3980 GFlop/s per process)    24%    2702.3 sec left
CG set 1522 / 6116    683.3984 GFlop/s     (683.3984 GFlop/s per process)    24%    2701.7 sec left
CG set 1523 / 6116    683.3989 GFlop/s     (683.3989 GFlop/s per process)    24%    2701.1 sec left
CG set 1524 / 6116    683.3993 GFlop/s     (683.3993 GFlop/s per process)    24%    2700.5 sec left
CG set 1525 / 6116    683.3996 GFlop/s     (683.3996 GFlop/s per process)    24%    2699.9 sec left
CG set 1526 / 6116    683.4002 GFlop/s     (683.4002 GFlop/s per process)    24%    2699.3 sec left
CG set 1527 / 6116    683.4001 GFlop/s     (683.4001 GFlop/s per process)    24%    2698.7 sec left
CG set 1528 / 6116    683.4003 GFlop/s     (683.4003 GFlop/s per process)    24%    2698.1 sec left
CG set 1529 / 6116    683.4000 GFlop/s     (683.4000 GFlop/s per process)    25%    2697.6 sec left
CG set 1530 / 6116    683.4000 GFlop/s     (683.4000 GFlop/s per process)    25%    2697.0 sec left
CG set 1531 / 6116    683.4003 GFlop/s     (683.4003 GFlop/s per process)    25%    2696.4 sec left
CG set 1532 / 6116    683.4003 GFlop/s     (683.4003 GFlop/s per process)    25%    2695.8 sec left
CG set 1533 / 6116    683.4004 GFlop/s     (683.4004 GFlop/s per process)    25%    2695.2 sec left
CG set 1534 / 6116    683.4002 GFlop/s     (683.4002 GFlop/s per process)    25%    2694.6 sec left
CG set 1535 / 6116    683.4002 GFlop/s     (683.4002 GFlop/s per process)    25%    2694.0 sec left
CG set 1536 / 6116    683.4002 GFlop/s     (683.4002 GFlop/s per process)    25%    2693.4 sec left
CG set 1537 / 6116    683.4005 GFlop/s     (683.4005 GFlop/s per process)    25%    2692.8 sec left
CG set 1538 / 6116    683.4005 GFlop/s     (683.4005 GFlop/s per process)    25%    2692.2 sec left
CG set 1539 / 6116    683.4010 GFlop/s     (683.4010 GFlop/s per process)    25%    2691.7 sec left
CG set 1540 / 6116    683.4012 GFlop/s     (683.4012 GFlop/s per process)    25%    2691.1 sec left
CG set 1541 / 6116    683.4011 GFlop/s     (683.4011 GFlop/s per process)    25%    2690.5 sec left
CG set 1542 / 6116    683.4016 GFlop/s     (683.4016 GFlop/s per process)    25%    2689.9 sec left
CG set 1543 / 6116    683.4013 GFlop/s     (683.4013 GFlop/s per process)    25%    2689.3 sec left
CG set 1544 / 6116    683.4013 GFlop/s     (683.4013 GFlop/s per process)    25%    2688.7 sec left
CG set 1545 / 6116    683.4018 GFlop/s     (683.4018 GFlop/s per process)    25%    2688.1 sec left
CG set 1546 / 6116    683.4020 GFlop/s     (683.4020 GFlop/s per process)    25%    2687.5 sec left
CG set 1547 / 6116    683.4019 GFlop/s     (683.4019 GFlop/s per process)    25%    2686.9 sec left
CG set 1548 / 6116    683.4021 GFlop/s     (683.4021 GFlop/s per process)    25%    2686.3 sec left
CG set 1549 / 6116    683.4024 GFlop/s     (683.4024 GFlop/s per process)    25%    2685.8 sec left
CG set 1550 / 6116    683.4026 GFlop/s     (683.4026 GFlop/s per process)    25%    2685.2 sec left
CG set 1551 / 6116    683.4025 GFlop/s     (683.4025 GFlop/s per process)    25%    2684.6 sec left
CG set 1552 / 6116    683.4028 GFlop/s     (683.4028 GFlop/s per process)    25%    2684.0 sec left
CG set 1553 / 6116    683.4029 GFlop/s     (683.4029 GFlop/s per process)    25%    2683.4 sec left
CG set 1554 / 6116    683.4030 GFlop/s     (683.4030 GFlop/s per process)    25%    2682.8 sec left
CG set 1555 / 6116    683.4030 GFlop/s     (683.4030 GFlop/s per process)    25%    2682.2 sec left
CG set 1556 / 6116    683.4030 GFlop/s     (683.4030 GFlop/s per process)    25%    2681.6 sec left
CG set 1557 / 6116    683.4031 GFlop/s     (683.4031 GFlop/s per process)    25%    2681.0 sec left
CG set 1558 / 6116    683.4029 GFlop/s     (683.4029 GFlop/s per process)    25%    2680.4 sec left
CG set 1559 / 6116    683.4030 GFlop/s     (683.4030 GFlop/s per process)    25%    2679.9 sec left
CG set 1560 / 6116    683.4030 GFlop/s     (683.4030 GFlop/s per process)    25%    2679.3 sec left
CG set 1561 / 6116    683.4033 GFlop/s     (683.4033 GFlop/s per process)    25%    2678.7 sec left
CG set 1562 / 6116    683.4032 GFlop/s     (683.4032 GFlop/s per process)    25%    2678.1 sec left
CG set 1563 / 6116    683.4035 GFlop/s     (683.4035 GFlop/s per process)    25%    2677.5 sec left
CG set 1564 / 6116    683.4034 GFlop/s     (683.4034 GFlop/s per process)    25%    2676.9 sec left
CG set 1565 / 6116    683.4034 GFlop/s     (683.4034 GFlop/s per process)    25%    2676.3 sec left
CG set 1566 / 6116    683.4035 GFlop/s     (683.4035 GFlop/s per process)    25%    2675.7 sec left
CG set 1567 / 6116    683.4036 GFlop/s     (683.4036 GFlop/s per process)    25%    2675.1 sec left
CG set 1568 / 6116    683.4036 GFlop/s     (683.4036 GFlop/s per process)    25%    2674.5 sec left
CG set 1569 / 6116    683.4036 GFlop/s     (683.4036 GFlop/s per process)    25%    2673.9 sec left
CG set 1570 / 6116    683.4037 GFlop/s     (683.4037 GFlop/s per process)    25%    2673.4 sec left
CG set 1571 / 6116    683.4041 GFlop/s     (683.4041 GFlop/s per process)    25%    2672.8 sec left
CG set 1572 / 6116    683.4045 GFlop/s     (683.4045 GFlop/s per process)    25%    2672.2 sec left
CG set 1573 / 6116    683.4046 GFlop/s     (683.4046 GFlop/s per process)    25%    2671.6 sec left
CG set 1574 / 6116    683.4048 GFlop/s     (683.4048 GFlop/s per process)    25%    2671.0 sec left
CG set 1575 / 6116    683.4050 GFlop/s     (683.4050 GFlop/s per process)    25%    2670.4 sec left
CG set 1576 / 6116    683.4049 GFlop/s     (683.4049 GFlop/s per process)    25%    2669.8 sec left
CG set 1577 / 6116    683.4049 GFlop/s     (683.4049 GFlop/s per process)    25%    2669.2 sec left
CG set 1578 / 6116    683.4051 GFlop/s     (683.4051 GFlop/s per process)    25%    2668.6 sec left
CG set 1579 / 6116    683.4057 GFlop/s     (683.4057 GFlop/s per process)    25%    2668.0 sec left
CG set 1580 / 6116    683.4058 GFlop/s     (683.4058 GFlop/s per process)    25%    2667.5 sec left
CG set 1581 / 6116    683.4064 GFlop/s     (683.4064 GFlop/s per process)    25%    2666.9 sec left
CG set 1582 / 6116    683.4063 GFlop/s     (683.4063 GFlop/s per process)    25%    2666.3 sec left
CG set 1583 / 6116    683.4066 GFlop/s     (683.4066 GFlop/s per process)    25%    2665.7 sec left
CG set 1584 / 6116    683.4068 GFlop/s     (683.4068 GFlop/s per process)    25%    2665.1 sec left
CG set 1585 / 6116    683.4074 GFlop/s     (683.4074 GFlop/s per process)    25%    2664.5 sec left
CG set 1586 / 6116    683.4076 GFlop/s     (683.4076 GFlop/s per process)    25%    2663.9 sec left
CG set 1587 / 6116    683.4077 GFlop/s     (683.4077 GFlop/s per process)    25%    2663.3 sec left
CG set 1588 / 6116    683.4080 GFlop/s     (683.4080 GFlop/s per process)    25%    2662.7 sec left
CG set 1589 / 6116    683.4079 GFlop/s     (683.4079 GFlop/s per process)    25%    2662.2 sec left
CG set 1590 / 6116    683.4079 GFlop/s     (683.4079 GFlop/s per process)    25%    2661.6 sec left
CG set 1591 / 6116    683.4083 GFlop/s     (683.4083 GFlop/s per process)    26%    2661.0 sec left
CG set 1592 / 6116    683.4083 GFlop/s     (683.4083 GFlop/s per process)    26%    2660.4 sec left
CG set 1593 / 6116    683.4086 GFlop/s     (683.4086 GFlop/s per process)    26%    2659.8 sec left
CG set 1594 / 6116    683.4089 GFlop/s     (683.4089 GFlop/s per process)    26%    2659.2 sec left
CG set 1595 / 6116    683.4092 GFlop/s     (683.4092 GFlop/s per process)    26%    2658.6 sec left
CG set 1596 / 6116    683.4093 GFlop/s     (683.4093 GFlop/s per process)    26%    2658.0 sec left
CG set 1597 / 6116    683.4096 GFlop/s     (683.4096 GFlop/s per process)    26%    2657.4 sec left
CG set 1598 / 6116    683.4097 GFlop/s     (683.4097 GFlop/s per process)    26%    2656.8 sec left
CG set 1599 / 6116    683.4097 GFlop/s     (683.4097 GFlop/s per process)    26%    2656.3 sec left
CG set 1600 / 6116    683.4099 GFlop/s     (683.4099 GFlop/s per process)    26%    2655.7 sec left
CG set 1601 / 6116    683.4099 GFlop/s     (683.4099 GFlop/s per process)    26%    2655.1 sec left
CG set 1602 / 6116    683.4103 GFlop/s     (683.4103 GFlop/s per process)    26%    2654.5 sec left
CG set 1603 / 6116    683.4107 GFlop/s     (683.4107 GFlop/s per process)    26%    2653.9 sec left
CG set 1604 / 6116    683.4110 GFlop/s     (683.4110 GFlop/s per process)    26%    2653.3 sec left
CG set 1605 / 6116    683.4111 GFlop/s     (683.4111 GFlop/s per process)    26%    2652.7 sec left
CG set 1606 / 6116    683.4112 GFlop/s     (683.4112 GFlop/s per process)    26%    2652.1 sec left
CG set 1607 / 6116    683.4116 GFlop/s     (683.4116 GFlop/s per process)    26%    2651.5 sec left
CG set 1608 / 6116    683.4119 GFlop/s     (683.4119 GFlop/s per process)    26%    2650.9 sec left
CG set 1609 / 6116    683.4121 GFlop/s     (683.4121 GFlop/s per process)    26%    2650.4 sec left
CG set 1610 / 6116    683.4124 GFlop/s     (683.4124 GFlop/s per process)    26%    2649.8 sec left
CG set 1611 / 6116    683.4126 GFlop/s     (683.4126 GFlop/s per process)    26%    2649.2 sec left
CG set 1612 / 6116    683.4125 GFlop/s     (683.4125 GFlop/s per process)    26%    2648.6 sec left
CG set 1613 / 6116    683.4129 GFlop/s     (683.4129 GFlop/s per process)    26%    2648.0 sec left
CG set 1614 / 6116    683.4128 GFlop/s     (683.4128 GFlop/s per process)    26%    2647.4 sec left
CG set 1615 / 6116    683.4127 GFlop/s     (683.4127 GFlop/s per process)    26%    2646.8 sec left
CG set 1616 / 6116    683.4130 GFlop/s     (683.4130 GFlop/s per process)    26%    2646.2 sec left
CG set 1617 / 6116    683.4131 GFlop/s     (683.4131 GFlop/s per process)    26%    2645.6 sec left
CG set 1618 / 6116    683.4134 GFlop/s     (683.4134 GFlop/s per process)    26%    2645.0 sec left
CG set 1619 / 6116    683.4139 GFlop/s     (683.4139 GFlop/s per process)    26%    2644.5 sec left
CG set 1620 / 6116    683.4142 GFlop/s     (683.4142 GFlop/s per process)    26%    2643.9 sec left
CG set 1621 / 6116    683.4146 GFlop/s     (683.4146 GFlop/s per process)    26%    2643.3 sec left
CG set 1622 / 6116    683.4147 GFlop/s     (683.4147 GFlop/s per process)    26%    2642.7 sec left
CG set 1623 / 6116    683.4147 GFlop/s     (683.4147 GFlop/s per process)    26%    2642.1 sec left
CG set 1624 / 6116    683.4147 GFlop/s     (683.4147 GFlop/s per process)    26%    2641.5 sec left
CG set 1625 / 6116    683.4150 GFlop/s     (683.4150 GFlop/s per process)    26%    2640.9 sec left
CG set 1626 / 6116    683.4147 GFlop/s     (683.4147 GFlop/s per process)    26%    2640.3 sec left
CG set 1627 / 6116    683.4150 GFlop/s     (683.4150 GFlop/s per process)    26%    2639.7 sec left
CG set 1628 / 6116    683.4151 GFlop/s     (683.4151 GFlop/s per process)    26%    2639.1 sec left
CG set 1629 / 6116    683.4155 GFlop/s     (683.4155 GFlop/s per process)    26%    2638.6 sec left
CG set 1630 / 6116    683.4157 GFlop/s     (683.4157 GFlop/s per process)    26%    2638.0 sec left
CG set 1631 / 6116    683.4160 GFlop/s     (683.4160 GFlop/s per process)    26%    2637.4 sec left
CG set 1632 / 6116    683.4160 GFlop/s     (683.4160 GFlop/s per process)    26%    2636.8 sec left
CG set 1633 / 6116    683.4162 GFlop/s     (683.4162 GFlop/s per process)    26%    2636.2 sec left
CG set 1634 / 6116    683.4165 GFlop/s     (683.4165 GFlop/s per process)    26%    2635.6 sec left
CG set 1635 / 6116    683.4166 GFlop/s     (683.4166 GFlop/s per process)    26%    2635.0 sec left
CG set 1636 / 6116    683.4166 GFlop/s     (683.4166 GFlop/s per process)    26%    2634.4 sec left
CG set 1637 / 6116    683.4169 GFlop/s     (683.4169 GFlop/s per process)    26%    2633.8 sec left
CG set 1638 / 6116    683.4170 GFlop/s     (683.4170 GFlop/s per process)    26%    2633.2 sec left
CG set 1639 / 6116    683.4168 GFlop/s     (683.4168 GFlop/s per process)    26%    2632.7 sec left
CG set 1640 / 6116    683.4171 GFlop/s     (683.4171 GFlop/s per process)    26%    2632.1 sec left
CG set 1641 / 6116    683.4174 GFlop/s     (683.4174 GFlop/s per process)    26%    2631.5 sec left
CG set 1642 / 6116    683.4173 GFlop/s     (683.4173 GFlop/s per process)    26%    2630.9 sec left
CG set 1643 / 6116    683.4177 GFlop/s     (683.4177 GFlop/s per process)    26%    2630.3 sec left
CG set 1644 / 6116    683.4177 GFlop/s     (683.4177 GFlop/s per process)    26%    2629.7 sec left
CG set 1645 / 6116    683.4177 GFlop/s     (683.4177 GFlop/s per process)    26%    2629.1 sec left
CG set 1646 / 6116    683.4179 GFlop/s     (683.4179 GFlop/s per process)    26%    2628.5 sec left
CG set 1647 / 6116    683.4180 GFlop/s     (683.4180 GFlop/s per process)    26%    2627.9 sec left
CG set 1648 / 6116    683.4180 GFlop/s     (683.4180 GFlop/s per process)    26%    2627.3 sec left
CG set 1649 / 6116    683.4182 GFlop/s     (683.4182 GFlop/s per process)    26%    2626.8 sec left
CG set 1650 / 6116    683.4183 GFlop/s     (683.4183 GFlop/s per process)    26%    2626.2 sec left
CG set 1651 / 6116    683.4184 GFlop/s     (683.4184 GFlop/s per process)    26%    2625.6 sec left
CG set 1652 / 6116    683.4184 GFlop/s     (683.4184 GFlop/s per process)    27%    2625.0 sec left
CG set 1653 / 6116    683.4183 GFlop/s     (683.4183 GFlop/s per process)    27%    2624.4 sec left
CG set 1654 / 6116    683.4183 GFlop/s     (683.4183 GFlop/s per process)    27%    2623.8 sec left
CG set 1655 / 6116    683.4185 GFlop/s     (683.4185 GFlop/s per process)    27%    2623.2 sec left
CG set 1656 / 6116    683.4186 GFlop/s     (683.4186 GFlop/s per process)    27%    2622.6 sec left
CG set 1657 / 6116    683.4189 GFlop/s     (683.4189 GFlop/s per process)    27%    2622.0 sec left
CG set 1658 / 6116    683.4193 GFlop/s     (683.4193 GFlop/s per process)    27%    2621.4 sec left
CG set 1659 / 6116    683.4197 GFlop/s     (683.4197 GFlop/s per process)    27%    2620.9 sec left
CG set 1660 / 6116    683.4198 GFlop/s     (683.4198 GFlop/s per process)    27%    2620.3 sec left
CG set 1661 / 6116    683.4201 GFlop/s     (683.4201 GFlop/s per process)    27%    2619.7 sec left
CG set 1662 / 6116    683.4201 GFlop/s     (683.4201 GFlop/s per process)    27%    2619.1 sec left
CG set 1663 / 6116    683.4202 GFlop/s     (683.4202 GFlop/s per process)    27%    2618.5 sec left
CG set 1664 / 6116    683.4202 GFlop/s     (683.4202 GFlop/s per process)    27%    2617.9 sec left
CG set 1665 / 6116    683.4206 GFlop/s     (683.4206 GFlop/s per process)    27%    2617.3 sec left
CG set 1666 / 6116    683.4208 GFlop/s     (683.4208 GFlop/s per process)    27%    2616.7 sec left
CG set 1667 / 6116    683.4211 GFlop/s     (683.4211 GFlop/s per process)    27%    2616.1 sec left
CG set 1668 / 6116    683.4210 GFlop/s     (683.4210 GFlop/s per process)    27%    2615.5 sec left
CG set 1669 / 6116    683.4214 GFlop/s     (683.4214 GFlop/s per process)    27%    2615.0 sec left
CG set 1670 / 6116    683.4217 GFlop/s     (683.4217 GFlop/s per process)    27%    2614.4 sec left
CG set 1671 / 6116    683.4220 GFlop/s     (683.4220 GFlop/s per process)    27%    2613.8 sec left
CG set 1672 / 6116    683.4217 GFlop/s     (683.4217 GFlop/s per process)    27%    2613.2 sec left
CG set 1673 / 6116    683.4220 GFlop/s     (683.4220 GFlop/s per process)    27%    2612.6 sec left
CG set 1674 / 6116    683.4220 GFlop/s     (683.4220 GFlop/s per process)    27%    2612.0 sec left
CG set 1675 / 6116    683.4220 GFlop/s     (683.4220 GFlop/s per process)    27%    2611.4 sec left
CG set 1676 / 6116    683.4220 GFlop/s     (683.4220 GFlop/s per process)    27%    2610.8 sec left
CG set 1677 / 6116    683.4221 GFlop/s     (683.4221 GFlop/s per process)    27%    2610.2 sec left
CG set 1678 / 6116    683.4224 GFlop/s     (683.4224 GFlop/s per process)    27%    2609.6 sec left
CG set 1679 / 6116    683.4225 GFlop/s     (683.4225 GFlop/s per process)    27%    2609.1 sec left
CG set 1680 / 6116    683.4226 GFlop/s     (683.4226 GFlop/s per process)    27%    2608.5 sec left
CG set 1681 / 6116    683.4227 GFlop/s     (683.4227 GFlop/s per process)    27%    2607.9 sec left
CG set 1682 / 6116    683.4228 GFlop/s     (683.4228 GFlop/s per process)    27%    2607.3 sec left
CG set 1683 / 6116    683.4228 GFlop/s     (683.4228 GFlop/s per process)    27%    2606.7 sec left
CG set 1684 / 6116    683.4231 GFlop/s     (683.4231 GFlop/s per process)    27%    2606.1 sec left
CG set 1685 / 6116    683.4231 GFlop/s     (683.4231 GFlop/s per process)    27%    2605.5 sec left
CG set 1686 / 6116    683.4233 GFlop/s     (683.4233 GFlop/s per process)    27%    2604.9 sec left
CG set 1687 / 6116    683.4235 GFlop/s     (683.4235 GFlop/s per process)    27%    2604.3 sec left
CG set 1688 / 6116    683.4235 GFlop/s     (683.4235 GFlop/s per process)    27%    2603.7 sec left
CG set 1689 / 6116    683.4240 GFlop/s     (683.4240 GFlop/s per process)    27%    2603.2 sec left
CG set 1690 / 6116    683.4240 GFlop/s     (683.4240 GFlop/s per process)    27%    2602.6 sec left
CG set 1691 / 6116    683.4243 GFlop/s     (683.4243 GFlop/s per process)    27%    2602.0 sec left
CG set 1692 / 6116    683.4242 GFlop/s     (683.4242 GFlop/s per process)    27%    2601.4 sec left
CG set 1693 / 6116    683.4246 GFlop/s     (683.4246 GFlop/s per process)    27%    2600.8 sec left
CG set 1694 / 6116    683.4250 GFlop/s     (683.4250 GFlop/s per process)    27%    2600.2 sec left
CG set 1695 / 6116    683.4251 GFlop/s     (683.4251 GFlop/s per process)    27%    2599.6 sec left
CG set 1696 / 6116    683.4254 GFlop/s     (683.4254 GFlop/s per process)    27%    2599.0 sec left
CG set 1697 / 6116    683.4256 GFlop/s     (683.4256 GFlop/s per process)    27%    2598.4 sec left
CG set 1698 / 6116    683.4258 GFlop/s     (683.4258 GFlop/s per process)    27%    2597.8 sec left
CG set 1699 / 6116    683.4262 GFlop/s     (683.4262 GFlop/s per process)    27%    2597.3 sec left
CG set 1700 / 6116    683.4260 GFlop/s     (683.4260 GFlop/s per process)    27%    2596.7 sec left
CG set 1701 / 6116    683.4260 GFlop/s     (683.4260 GFlop/s per process)    27%    2596.1 sec left
CG set 1702 / 6116    683.4260 GFlop/s     (683.4260 GFlop/s per process)    27%    2595.5 sec left
CG set 1703 / 6116    683.4263 GFlop/s     (683.4263 GFlop/s per process)    27%    2594.9 sec left
CG set 1704 / 6116    683.4265 GFlop/s     (683.4265 GFlop/s per process)    27%    2594.3 sec left
CG set 1705 / 6116    683.4269 GFlop/s     (683.4269 GFlop/s per process)    27%    2593.7 sec left
CG set 1706 / 6116    683.4271 GFlop/s     (683.4271 GFlop/s per process)    27%    2593.1 sec left
CG set 1707 / 6116    683.4277 GFlop/s     (683.4277 GFlop/s per process)    27%    2592.5 sec left
CG set 1708 / 6116    683.4277 GFlop/s     (683.4277 GFlop/s per process)    27%    2591.9 sec left
CG set 1709 / 6116    683.4276 GFlop/s     (683.4276 GFlop/s per process)    27%    2591.4 sec left
CG set 1710 / 6116    683.4277 GFlop/s     (683.4277 GFlop/s per process)    27%    2590.8 sec left
CG set 1711 / 6116    683.4274 GFlop/s     (683.4274 GFlop/s per process)    27%    2590.2 sec left
CG set 1712 / 6116    683.4275 GFlop/s     (683.4275 GFlop/s per process)    27%    2589.6 sec left
CG set 1713 / 6116    683.4275 GFlop/s     (683.4275 GFlop/s per process)    28%    2589.0 sec left
CG set 1714 / 6116    683.4276 GFlop/s     (683.4276 GFlop/s per process)    28%    2588.4 sec left
CG set 1715 / 6116    683.4280 GFlop/s     (683.4280 GFlop/s per process)    28%    2587.8 sec left
CG set 1716 / 6116    683.4282 GFlop/s     (683.4282 GFlop/s per process)    28%    2587.2 sec left
CG set 1717 / 6116    683.4284 GFlop/s     (683.4284 GFlop/s per process)    28%    2586.6 sec left
CG set 1718 / 6116    683.4283 GFlop/s     (683.4283 GFlop/s per process)    28%    2586.0 sec left
CG set 1719 / 6116    683.4282 GFlop/s     (683.4282 GFlop/s per process)    28%    2585.5 sec left
CG set 1720 / 6116    683.4283 GFlop/s     (683.4283 GFlop/s per process)    28%    2584.9 sec left
CG set 1721 / 6116    683.4283 GFlop/s     (683.4283 GFlop/s per process)    28%    2584.3 sec left
CG set 1722 / 6116    683.4283 GFlop/s     (683.4283 GFlop/s per process)    28%    2583.7 sec left
CG set 1723 / 6116    683.4286 GFlop/s     (683.4286 GFlop/s per process)    28%    2583.1 sec left
CG set 1724 / 6116    683.4288 GFlop/s     (683.4288 GFlop/s per process)    28%    2582.5 sec left
CG set 1725 / 6116    683.4292 GFlop/s     (683.4292 GFlop/s per process)    28%    2581.9 sec left
CG set 1726 / 6116    683.4294 GFlop/s     (683.4294 GFlop/s per process)    28%    2581.3 sec left
CG set 1727 / 6116    683.4294 GFlop/s     (683.4294 GFlop/s per process)    28%    2580.7 sec left
CG set 1728 / 6116    683.4294 GFlop/s     (683.4294 GFlop/s per process)    28%    2580.1 sec left
CG set 1729 / 6116    683.4299 GFlop/s     (683.4299 GFlop/s per process)    28%    2579.6 sec left
CG set 1730 / 6116    683.4298 GFlop/s     (683.4298 GFlop/s per process)    28%    2579.0 sec left
CG set 1731 / 6116    683.4298 GFlop/s     (683.4298 GFlop/s per process)    28%    2578.4 sec left
CG set 1732 / 6116    683.4300 GFlop/s     (683.4300 GFlop/s per process)    28%    2577.8 sec left
CG set 1733 / 6116    683.4304 GFlop/s     (683.4304 GFlop/s per process)    28%    2577.2 sec left
CG set 1734 / 6116    683.4303 GFlop/s     (683.4303 GFlop/s per process)    28%    2576.6 sec left
CG set 1735 / 6116    683.4300 GFlop/s     (683.4300 GFlop/s per process)    28%    2576.0 sec left
CG set 1736 / 6116    683.4299 GFlop/s     (683.4299 GFlop/s per process)    28%    2575.4 sec left
CG set 1737 / 6116    683.4302 GFlop/s     (683.4302 GFlop/s per process)    28%    2574.8 sec left
CG set 1738 / 6116    683.4299 GFlop/s     (683.4299 GFlop/s per process)    28%    2574.2 sec left
CG set 1739 / 6116    683.4300 GFlop/s     (683.4300 GFlop/s per process)    28%    2573.7 sec left
CG set 1740 / 6116    683.4302 GFlop/s     (683.4302 GFlop/s per process)    28%    2573.1 sec left
CG set 1741 / 6116    683.4299 GFlop/s     (683.4299 GFlop/s per process)    28%    2572.5 sec left
CG set 1742 / 6116    683.4301 GFlop/s     (683.4301 GFlop/s per process)    28%    2571.9 sec left
CG set 1743 / 6116    683.4302 GFlop/s     (683.4302 GFlop/s per process)    28%    2571.3 sec left
CG set 1744 / 6116    683.4305 GFlop/s     (683.4305 GFlop/s per process)    28%    2570.7 sec left
CG set 1745 / 6116    683.4310 GFlop/s     (683.4310 GFlop/s per process)    28%    2570.1 sec left
CG set 1746 / 6116    683.4310 GFlop/s     (683.4310 GFlop/s per process)    28%    2569.5 sec left
CG set 1747 / 6116    683.4310 GFlop/s     (683.4310 GFlop/s per process)    28%    2568.9 sec left
CG set 1748 / 6116    683.4311 GFlop/s     (683.4311 GFlop/s per process)    28%    2568.3 sec left
CG set 1749 / 6116    683.4311 GFlop/s     (683.4311 GFlop/s per process)    28%    2567.8 sec left
CG set 1750 / 6116    683.4313 GFlop/s     (683.4313 GFlop/s per process)    28%    2567.2 sec left
CG set 1751 / 6116    683.4315 GFlop/s     (683.4315 GFlop/s per process)    28%    2566.6 sec left
CG set 1752 / 6116    683.4317 GFlop/s     (683.4317 GFlop/s per process)    28%    2566.0 sec left
CG set 1753 / 6116    683.4318 GFlop/s     (683.4318 GFlop/s per process)    28%    2565.4 sec left
CG set 1754 / 6116    683.4318 GFlop/s     (683.4318 GFlop/s per process)    28%    2564.8 sec left
CG set 1755 / 6116    683.4318 GFlop/s     (683.4318 GFlop/s per process)    28%    2564.2 sec left
CG set 1756 / 6116    683.4322 GFlop/s     (683.4322 GFlop/s per process)    28%    2563.6 sec left
CG set 1757 / 6116    683.4323 GFlop/s     (683.4323 GFlop/s per process)    28%    2563.0 sec left
CG set 1758 / 6116    683.4322 GFlop/s     (683.4322 GFlop/s per process)    28%    2562.4 sec left
CG set 1759 / 6116    683.4323 GFlop/s     (683.4323 GFlop/s per process)    28%    2561.9 sec left
CG set 1760 / 6116    683.4322 GFlop/s     (683.4322 GFlop/s per process)    28%    2561.3 sec left
CG set 1761 / 6116    683.4320 GFlop/s     (683.4320 GFlop/s per process)    28%    2560.7 sec left
CG set 1762 / 6116    683.4321 GFlop/s     (683.4321 GFlop/s per process)    28%    2560.1 sec left
CG set 1763 / 6116    683.4321 GFlop/s     (683.4321 GFlop/s per process)    28%    2559.5 sec left
CG set 1764 / 6116    683.4322 GFlop/s     (683.4322 GFlop/s per process)    28%    2558.9 sec left
CG set 1765 / 6116    683.4323 GFlop/s     (683.4323 GFlop/s per process)    28%    2558.3 sec left
CG set 1766 / 6116    683.4323 GFlop/s     (683.4323 GFlop/s per process)    28%    2557.7 sec left
CG set 1767 / 6116    683.4324 GFlop/s     (683.4324 GFlop/s per process)    28%    2557.1 sec left
CG set 1768 / 6116    683.4326 GFlop/s     (683.4326 GFlop/s per process)    28%    2556.5 sec left
CG set 1769 / 6116    683.4326 GFlop/s     (683.4326 GFlop/s per process)    28%    2556.0 sec left
CG set 1770 / 6116    683.4330 GFlop/s     (683.4330 GFlop/s per process)    28%    2555.4 sec left
CG set 1771 / 6116    683.4329 GFlop/s     (683.4329 GFlop/s per process)    28%    2554.8 sec left
CG set 1772 / 6116    683.4328 GFlop/s     (683.4328 GFlop/s per process)    28%    2554.2 sec left
CG set 1773 / 6116    683.4327 GFlop/s     (683.4327 GFlop/s per process)    28%    2553.6 sec left
CG set 1774 / 6116    683.4329 GFlop/s     (683.4329 GFlop/s per process)    29%    2553.0 sec left
CG set 1775 / 6116    683.4329 GFlop/s     (683.4329 GFlop/s per process)    29%    2552.4 sec left
CG set 1776 / 6116    683.4330 GFlop/s     (683.4330 GFlop/s per process)    29%    2551.8 sec left
CG set 1777 / 6116    683.4329 GFlop/s     (683.4329 GFlop/s per process)    29%    2551.2 sec left
CG set 1778 / 6116    683.4327 GFlop/s     (683.4327 GFlop/s per process)    29%    2550.6 sec left
CG set 1779 / 6116    683.4325 GFlop/s     (683.4325 GFlop/s per process)    29%    2550.0 sec left
CG set 1780 / 6116    683.4323 GFlop/s     (683.4323 GFlop/s per process)    29%    2549.5 sec left
CG set 1781 / 6116    683.4324 GFlop/s     (683.4324 GFlop/s per process)    29%    2548.9 sec left
CG set 1782 / 6116    683.4320 GFlop/s     (683.4320 GFlop/s per process)    29%    2548.3 sec left
CG set 1783 / 6116    683.4318 GFlop/s     (683.4318 GFlop/s per process)    29%    2547.7 sec left
CG set 1784 / 6116    683.4316 GFlop/s     (683.4316 GFlop/s per process)    29%    2547.1 sec left
CG set 1785 / 6116    683.4317 GFlop/s     (683.4317 GFlop/s per process)    29%    2546.5 sec left
CG set 1786 / 6116    683.4312 GFlop/s     (683.4312 GFlop/s per process)    29%    2545.9 sec left
CG set 1787 / 6116    683.4310 GFlop/s     (683.4310 GFlop/s per process)    29%    2545.3 sec left
CG set 1788 / 6116    683.4306 GFlop/s     (683.4306 GFlop/s per process)    29%    2544.7 sec left
CG set 1789 / 6116    683.4303 GFlop/s     (683.4303 GFlop/s per process)    29%    2544.1 sec left
CG set 1790 / 6116    683.4303 GFlop/s     (683.4303 GFlop/s per process)    29%    2543.6 sec left
CG set 1791 / 6116    683.4303 GFlop/s     (683.4303 GFlop/s per process)    29%    2543.0 sec left
CG set 1792 / 6116    683.4300 GFlop/s     (683.4300 GFlop/s per process)    29%    2542.4 sec left
CG set 1793 / 6116    683.4296 GFlop/s     (683.4296 GFlop/s per process)    29%    2541.8 sec left
CG set 1794 / 6116    683.4294 GFlop/s     (683.4294 GFlop/s per process)    29%    2541.2 sec left
CG set 1795 / 6116    683.4292 GFlop/s     (683.4292 GFlop/s per process)    29%    2540.6 sec left
CG set 1796 / 6116    683.4286 GFlop/s     (683.4286 GFlop/s per process)    29%    2540.0 sec left
CG set 1797 / 6116    683.4287 GFlop/s     (683.4287 GFlop/s per process)    29%    2539.4 sec left
CG set 1798 / 6116    683.4285 GFlop/s     (683.4285 GFlop/s per process)    29%    2538.8 sec left
CG set 1799 / 6116    683.4278 GFlop/s     (683.4278 GFlop/s per process)    29%    2538.2 sec left
CG set 1800 / 6116    683.4271 GFlop/s     (683.4271 GFlop/s per process)    29%    2537.6 sec left
CG set 1801 / 6116    683.4268 GFlop/s     (683.4268 GFlop/s per process)    29%    2537.1 sec left
CG set 1802 / 6116    683.4264 GFlop/s     (683.4264 GFlop/s per process)    29%    2536.5 sec left
CG set 1803 / 6116    683.4261 GFlop/s     (683.4261 GFlop/s per process)    29%    2535.9 sec left
CG set 1804 / 6116    683.4260 GFlop/s     (683.4260 GFlop/s per process)    29%    2535.3 sec left
CG set 1805 / 6116    683.4254 GFlop/s     (683.4254 GFlop/s per process)    29%    2534.7 sec left
CG set 1806 / 6116    683.4245 GFlop/s     (683.4245 GFlop/s per process)    29%    2534.1 sec left
CG set 1807 / 6116    683.4240 GFlop/s     (683.4240 GFlop/s per process)    29%    2533.5 sec left
CG set 1808 / 6116    683.4238 GFlop/s     (683.4238 GFlop/s per process)    29%    2532.9 sec left
CG set 1809 / 6116    683.4229 GFlop/s     (683.4229 GFlop/s per process)    29%    2532.3 sec left
CG set 1810 / 6116    683.4229 GFlop/s     (683.4229 GFlop/s per process)    29%    2531.7 sec left
CG set 1811 / 6116    683.4226 GFlop/s     (683.4226 GFlop/s per process)    29%    2531.1 sec left
CG set 1812 / 6116    683.4220 GFlop/s     (683.4220 GFlop/s per process)    29%    2530.6 sec left
CG set 1813 / 6116    683.4216 GFlop/s     (683.4216 GFlop/s per process)    29%    2530.0 sec left
CG set 1814 / 6116    683.4207 GFlop/s     (683.4207 GFlop/s per process)    29%    2529.4 sec left
CG set 1815 / 6116    683.4201 GFlop/s     (683.4201 GFlop/s per process)    29%    2528.8 sec left
CG set 1816 / 6116    683.4192 GFlop/s     (683.4192 GFlop/s per process)    29%    2528.2 sec left
CG set 1817 / 6116    683.4184 GFlop/s     (683.4184 GFlop/s per process)    29%    2527.6 sec left
CG set 1818 / 6116    683.4176 GFlop/s     (683.4176 GFlop/s per process)    29%    2527.0 sec left
CG set 1819 / 6116    683.4170 GFlop/s     (683.4170 GFlop/s per process)    29%    2526.4 sec left
CG set 1820 / 6116    683.4165 GFlop/s     (683.4165 GFlop/s per process)    29%    2525.8 sec left
CG set 1821 / 6116    683.4156 GFlop/s     (683.4156 GFlop/s per process)    29%    2525.2 sec left
CG set 1822 / 6116    683.4152 GFlop/s     (683.4152 GFlop/s per process)    29%    2524.6 sec left
CG set 1823 / 6116    683.4148 GFlop/s     (683.4148 GFlop/s per process)    29%    2524.1 sec left
CG set 1824 / 6116    683.4136 GFlop/s     (683.4136 GFlop/s per process)    29%    2523.5 sec left
CG set 1825 / 6116    683.4129 GFlop/s     (683.4129 GFlop/s per process)    29%    2522.9 sec left
CG set 1826 / 6116    683.4120 GFlop/s     (683.4120 GFlop/s per process)    29%    2522.3 sec left
CG set 1827 / 6116    683.4109 GFlop/s     (683.4109 GFlop/s per process)    29%    2521.7 sec left
CG set 1828 / 6116    683.4097 GFlop/s     (683.4097 GFlop/s per process)    29%    2521.1 sec left
CG set 1829 / 6116    683.4088 GFlop/s     (683.4088 GFlop/s per process)    29%    2520.5 sec left
CG set 1830 / 6116    683.4084 GFlop/s     (683.4084 GFlop/s per process)    29%    2519.9 sec left
CG set 1831 / 6116    683.4073 GFlop/s     (683.4073 GFlop/s per process)    29%    2519.3 sec left
CG set 1832 / 6116    683.4062 GFlop/s     (683.4062 GFlop/s per process)    29%    2518.7 sec left
CG set 1833 / 6116    683.4049 GFlop/s     (683.4049 GFlop/s per process)    29%    2518.1 sec left
CG set 1834 / 6116    683.4039 GFlop/s     (683.4039 GFlop/s per process)    29%    2517.5 sec left
CG set 1835 / 6116    683.4034 GFlop/s     (683.4034 GFlop/s per process)    30%    2517.0 sec left
CG set 1836 / 6116    683.4024 GFlop/s     (683.4024 GFlop/s per process)    30%    2516.4 sec left
CG set 1837 / 6116    683.4014 GFlop/s     (683.4014 GFlop/s per process)    30%    2515.8 sec left
CG set 1838 / 6116    683.4008 GFlop/s     (683.4008 GFlop/s per process)    30%    2515.2 sec left
CG set 1839 / 6116    683.3999 GFlop/s     (683.3999 GFlop/s per process)    30%    2514.6 sec left
CG set 1840 / 6116    683.3991 GFlop/s     (683.3991 GFlop/s per process)    30%    2514.0 sec left
CG set 1841 / 6116    683.3982 GFlop/s     (683.3982 GFlop/s per process)    30%    2513.4 sec left
CG set 1842 / 6116    683.3973 GFlop/s     (683.3973 GFlop/s per process)    30%    2512.8 sec left
CG set 1843 / 6116    683.3967 GFlop/s     (683.3967 GFlop/s per process)    30%    2512.2 sec left
CG set 1844 / 6116    683.3960 GFlop/s     (683.3960 GFlop/s per process)    30%    2511.6 sec left
CG set 1845 / 6116    683.3944 GFlop/s     (683.3944 GFlop/s per process)    30%    2511.0 sec left
CG set 1846 / 6116    683.3941 GFlop/s     (683.3941 GFlop/s per process)    30%    2510.4 sec left
CG set 1847 / 6116    683.3935 GFlop/s     (683.3935 GFlop/s per process)    30%    2509.9 sec left
CG set 1848 / 6116    683.3925 GFlop/s     (683.3925 GFlop/s per process)    30%    2509.3 sec left
CG set 1849 / 6116    683.3916 GFlop/s     (683.3916 GFlop/s per process)    30%    2508.7 sec left
CG set 1850 / 6116    683.3911 GFlop/s     (683.3911 GFlop/s per process)    30%    2508.1 sec left
CG set 1851 / 6116    683.3906 GFlop/s     (683.3906 GFlop/s per process)    30%    2507.5 sec left
CG set 1852 / 6116    683.3898 GFlop/s     (683.3898 GFlop/s per process)    30%    2506.9 sec left
CG set 1853 / 6116    683.3887 GFlop/s     (683.3887 GFlop/s per process)    30%    2506.3 sec left
CG set 1854 / 6116    683.3882 GFlop/s     (683.3882 GFlop/s per process)    30%    2505.7 sec left
CG set 1855 / 6116    683.3877 GFlop/s     (683.3877 GFlop/s per process)    30%    2505.1 sec left
CG set 1856 / 6116    683.3867 GFlop/s     (683.3867 GFlop/s per process)    30%    2504.5 sec left
CG set 1857 / 6116    683.3861 GFlop/s     (683.3861 GFlop/s per process)    30%    2503.9 sec left
CG set 1858 / 6116    683.3855 GFlop/s     (683.3855 GFlop/s per process)    30%    2503.3 sec left
CG set 1859 / 6116    683.3847 GFlop/s     (683.3847 GFlop/s per process)    30%    2502.8 sec left
CG set 1860 / 6116    683.3836 GFlop/s     (683.3836 GFlop/s per process)    30%    2502.2 sec left
CG set 1861 / 6116    683.3833 GFlop/s     (683.3833 GFlop/s per process)    30%    2501.6 sec left
CG set 1862 / 6116    683.3824 GFlop/s     (683.3824 GFlop/s per process)    30%    2501.0 sec left
CG set 1863 / 6116    683.3816 GFlop/s     (683.3816 GFlop/s per process)    30%    2500.4 sec left
CG set 1864 / 6116    683.3809 GFlop/s     (683.3809 GFlop/s per process)    30%    2499.8 sec left
CG set 1865 / 6116    683.3806 GFlop/s     (683.3806 GFlop/s per process)    30%    2499.2 sec left
CG set 1866 / 6116    683.3798 GFlop/s     (683.3798 GFlop/s per process)    30%    2498.6 sec left
CG set 1867 / 6116    683.3794 GFlop/s     (683.3794 GFlop/s per process)    30%    2498.0 sec left
CG set 1868 / 6116    683.3787 GFlop/s     (683.3787 GFlop/s per process)    30%    2497.4 sec left
CG set 1869 / 6116    683.3783 GFlop/s     (683.3783 GFlop/s per process)    30%    2496.8 sec left
CG set 1870 / 6116    683.3778 GFlop/s     (683.3778 GFlop/s per process)    30%    2496.3 sec left
CG set 1871 / 6116    683.3773 GFlop/s     (683.3773 GFlop/s per process)    30%    2495.7 sec left
CG set 1872 / 6116    683.3773 GFlop/s     (683.3773 GFlop/s per process)    30%    2495.1 sec left
CG set 1873 / 6116    683.3769 GFlop/s     (683.3769 GFlop/s per process)    30%    2494.5 sec left
CG set 1874 / 6116    683.3764 GFlop/s     (683.3764 GFlop/s per process)    30%    2493.9 sec left
CG set 1875 / 6116    683.3759 GFlop/s     (683.3759 GFlop/s per process)    30%    2493.3 sec left
CG set 1876 / 6116    683.3750 GFlop/s     (683.3750 GFlop/s per process)    30%    2492.7 sec left
CG set 1877 / 6116    683.3745 GFlop/s     (683.3745 GFlop/s per process)    30%    2492.1 sec left
CG set 1878 / 6116    683.3743 GFlop/s     (683.3743 GFlop/s per process)    30%    2491.5 sec left
CG set 1879 / 6116    683.3739 GFlop/s     (683.3739 GFlop/s per process)    30%    2490.9 sec left
CG set 1880 / 6116    683.3732 GFlop/s     (683.3732 GFlop/s per process)    30%    2490.3 sec left
CG set 1881 / 6116    683.3725 GFlop/s     (683.3725 GFlop/s per process)    30%    2489.8 sec left
CG set 1882 / 6116    683.3720 GFlop/s     (683.3720 GFlop/s per process)    30%    2489.2 sec left
CG set 1883 / 6116    683.3714 GFlop/s     (683.3714 GFlop/s per process)    30%    2488.6 sec left
CG set 1884 / 6116    683.3709 GFlop/s     (683.3709 GFlop/s per process)    30%    2488.0 sec left
CG set 1885 / 6116    683.3704 GFlop/s     (683.3704 GFlop/s per process)    30%    2487.4 sec left
CG set 1886 / 6116    683.3698 GFlop/s     (683.3698 GFlop/s per process)    30%    2486.8 sec left
CG set 1887 / 6116    683.3695 GFlop/s     (683.3695 GFlop/s per process)    30%    2486.2 sec left
CG set 1888 / 6116    683.3688 GFlop/s     (683.3688 GFlop/s per process)    30%    2485.6 sec left
CG set 1889 / 6116    683.3683 GFlop/s     (683.3683 GFlop/s per process)    30%    2485.0 sec left
CG set 1890 / 6116    683.3679 GFlop/s     (683.3679 GFlop/s per process)    30%    2484.4 sec left
CG set 1891 / 6116    683.3676 GFlop/s     (683.3676 GFlop/s per process)    30%    2483.8 sec left
CG set 1892 / 6116    683.3675 GFlop/s     (683.3675 GFlop/s per process)    30%    2483.2 sec left
CG set 1893 / 6116    683.3672 GFlop/s     (683.3672 GFlop/s per process)    30%    2482.7 sec left
CG set 1894 / 6116    683.3664 GFlop/s     (683.3664 GFlop/s per process)    30%    2482.1 sec left
CG set 1895 / 6116    683.3663 GFlop/s     (683.3663 GFlop/s per process)    30%    2481.5 sec left
CG set 1896 / 6116    683.3662 GFlop/s     (683.3662 GFlop/s per process)    31%    2480.9 sec left
CG set 1897 / 6116    683.3662 GFlop/s     (683.3662 GFlop/s per process)    31%    2480.3 sec left
CG set 1898 / 6116    683.3655 GFlop/s     (683.3655 GFlop/s per process)    31%    2479.7 sec left
CG set 1899 / 6116    683.3651 GFlop/s     (683.3651 GFlop/s per process)    31%    2479.1 sec left
CG set 1900 / 6116    683.3649 GFlop/s     (683.3649 GFlop/s per process)    31%    2478.5 sec left
CG set 1901 / 6116    683.3646 GFlop/s     (683.3646 GFlop/s per process)    31%    2477.9 sec left
CG set 1902 / 6116    683.3644 GFlop/s     (683.3644 GFlop/s per process)    31%    2477.3 sec left
CG set 1903 / 6116    683.3641 GFlop/s     (683.3641 GFlop/s per process)    31%    2476.8 sec left
CG set 1904 / 6116    683.3637 GFlop/s     (683.3637 GFlop/s per process)    31%    2476.2 sec left
CG set 1905 / 6116    683.3634 GFlop/s     (683.3634 GFlop/s per process)    31%    2475.6 sec left
CG set 1906 / 6116    683.3631 GFlop/s     (683.3631 GFlop/s per process)    31%    2475.0 sec left
CG set 1907 / 6116    683.3624 GFlop/s     (683.3624 GFlop/s per process)    31%    2474.4 sec left
CG set 1908 / 6116    683.3621 GFlop/s     (683.3621 GFlop/s per process)    31%    2473.8 sec left
CG set 1909 / 6116    683.3614 GFlop/s     (683.3614 GFlop/s per process)    31%    2473.2 sec left
CG set 1910 / 6116    683.3608 GFlop/s     (683.3608 GFlop/s per process)    31%    2472.6 sec left
CG set 1911 / 6116    683.3602 GFlop/s     (683.3602 GFlop/s per process)    31%    2472.0 sec left
CG set 1912 / 6116    683.3597 GFlop/s     (683.3597 GFlop/s per process)    31%    2471.4 sec left
CG set 1913 / 6116    683.3593 GFlop/s     (683.3593 GFlop/s per process)    31%    2470.8 sec left
CG set 1914 / 6116    683.3593 GFlop/s     (683.3593 GFlop/s per process)    31%    2470.2 sec left
CG set 1915 / 6116    683.3590 GFlop/s     (683.3590 GFlop/s per process)    31%    2469.7 sec left
CG set 1916 / 6116    683.3586 GFlop/s     (683.3586 GFlop/s per process)    31%    2469.1 sec left
CG set 1917 / 6116    683.3584 GFlop/s     (683.3584 GFlop/s per process)    31%    2468.5 sec left
CG set 1918 / 6116    683.3581 GFlop/s     (683.3581 GFlop/s per process)    31%    2467.9 sec left
CG set 1919 / 6116    683.3577 GFlop/s     (683.3577 GFlop/s per process)    31%    2467.3 sec left
CG set 1920 / 6116    683.3572 GFlop/s     (683.3572 GFlop/s per process)    31%    2466.7 sec left
CG set 1921 / 6116    683.3566 GFlop/s     (683.3566 GFlop/s per process)    31%    2466.1 sec left
CG set 1922 / 6116    683.3562 GFlop/s     (683.3562 GFlop/s per process)    31%    2465.5 sec left
CG set 1923 / 6116    683.3557 GFlop/s     (683.3557 GFlop/s per process)    31%    2464.9 sec left
CG set 1924 / 6116    683.3554 GFlop/s     (683.3554 GFlop/s per process)    31%    2464.3 sec left
CG set 1925 / 6116    683.3552 GFlop/s     (683.3552 GFlop/s per process)    31%    2463.8 sec left
CG set 1926 / 6116    683.3543 GFlop/s     (683.3543 GFlop/s per process)    31%    2463.2 sec left
CG set 1927 / 6116    683.3538 GFlop/s     (683.3538 GFlop/s per process)    31%    2462.6 sec left
CG set 1928 / 6116    683.3535 GFlop/s     (683.3535 GFlop/s per process)    31%    2462.0 sec left
CG set 1929 / 6116    683.3531 GFlop/s     (683.3531 GFlop/s per process)    31%    2461.4 sec left
CG set 1930 / 6116    683.3526 GFlop/s     (683.3526 GFlop/s per process)    31%    2460.8 sec left
CG set 1931 / 6116    683.3519 GFlop/s     (683.3519 GFlop/s per process)    31%    2460.2 sec left
CG set 1932 / 6116    683.3514 GFlop/s     (683.3514 GFlop/s per process)    31%    2459.6 sec left
CG set 1933 / 6116    683.3513 GFlop/s     (683.3513 GFlop/s per process)    31%    2459.0 sec left
CG set 1934 / 6116    683.3506 GFlop/s     (683.3506 GFlop/s per process)    31%    2458.4 sec left
CG set 1935 / 6116    683.3503 GFlop/s     (683.3503 GFlop/s per process)    31%    2457.8 sec left
CG set 1936 / 6116    683.3498 GFlop/s     (683.3498 GFlop/s per process)    31%    2457.2 sec left
CG set 1937 / 6116    683.3494 GFlop/s     (683.3494 GFlop/s per process)    31%    2456.7 sec left
CG set 1938 / 6116    683.3486 GFlop/s     (683.3486 GFlop/s per process)    31%    2456.1 sec left
CG set 1939 / 6116    683.3476 GFlop/s     (683.3476 GFlop/s per process)    31%    2455.5 sec left
CG set 1940 / 6116    683.3471 GFlop/s     (683.3471 GFlop/s per process)    31%    2454.9 sec left
CG set 1941 / 6116    683.3465 GFlop/s     (683.3465 GFlop/s per process)    31%    2454.3 sec left
CG set 1942 / 6116    683.3458 GFlop/s     (683.3458 GFlop/s per process)    31%    2453.7 sec left
CG set 1943 / 6116    683.3453 GFlop/s     (683.3453 GFlop/s per process)    31%    2453.1 sec left
CG set 1944 / 6116    683.3446 GFlop/s     (683.3446 GFlop/s per process)    31%    2452.5 sec left
CG set 1945 / 6116    683.3438 GFlop/s     (683.3438 GFlop/s per process)    31%    2451.9 sec left
CG set 1946 / 6116    683.3427 GFlop/s     (683.3427 GFlop/s per process)    31%    2451.3 sec left
CG set 1947 / 6116    683.3419 GFlop/s     (683.3419 GFlop/s per process)    31%    2450.7 sec left
CG set 1948 / 6116    683.3413 GFlop/s     (683.3413 GFlop/s per process)    31%    2450.2 sec left
CG set 1949 / 6116    683.3409 GFlop/s     (683.3409 GFlop/s per process)    31%    2449.6 sec left
CG set 1950 / 6116    683.3401 GFlop/s     (683.3401 GFlop/s per process)    31%    2449.0 sec left
CG set 1951 / 6116    683.3392 GFlop/s     (683.3392 GFlop/s per process)    31%    2448.4 sec left
CG set 1952 / 6116    683.3388 GFlop/s     (683.3388 GFlop/s per process)    31%    2447.8 sec left
CG set 1953 / 6116    683.3382 GFlop/s     (683.3382 GFlop/s per process)    31%    2447.2 sec left
CG set 1954 / 6116    683.3379 GFlop/s     (683.3379 GFlop/s per process)    31%    2446.6 sec left
CG set 1955 / 6116    683.3373 GFlop/s     (683.3373 GFlop/s per process)    31%    2446.0 sec left
CG set 1956 / 6116    683.3367 GFlop/s     (683.3367 GFlop/s per process)    31%    2445.4 sec left
CG set 1957 / 6116    683.3361 GFlop/s     (683.3361 GFlop/s per process)    31%    2444.8 sec left
CG set 1958 / 6116    683.3354 GFlop/s     (683.3354 GFlop/s per process)    32%    2444.2 sec left
CG set 1959 / 6116    683.3348 GFlop/s     (683.3348 GFlop/s per process)    32%    2443.6 sec left
CG set 1960 / 6116    683.3340 GFlop/s     (683.3340 GFlop/s per process)    32%    2443.1 sec left
CG set 1961 / 6116    683.3333 GFlop/s     (683.3333 GFlop/s per process)    32%    2442.5 sec left
CG set 1962 / 6116    683.3329 GFlop/s     (683.3329 GFlop/s per process)    32%    2441.9 sec left
CG set 1963 / 6116    683.3323 GFlop/s     (683.3323 GFlop/s per process)    32%    2441.3 sec left
CG set 1964 / 6116    683.3318 GFlop/s     (683.3318 GFlop/s per process)    32%    2440.7 sec left
CG set 1965 / 6116    683.3313 GFlop/s     (683.3313 GFlop/s per process)    32%    2440.1 sec left
CG set 1966 / 6116    683.3309 GFlop/s     (683.3309 GFlop/s per process)    32%    2439.5 sec left
CG set 1967 / 6116    683.3305 GFlop/s     (683.3305 GFlop/s per process)    32%    2438.9 sec left
CG set 1968 / 6116    683.3300 GFlop/s     (683.3300 GFlop/s per process)    32%    2438.3 sec left
CG set 1969 / 6116    683.3295 GFlop/s     (683.3295 GFlop/s per process)    32%    2437.7 sec left
CG set 1970 / 6116    683.3291 GFlop/s     (683.3291 GFlop/s per process)    32%    2437.1 sec left
CG set 1971 / 6116    683.3290 GFlop/s     (683.3290 GFlop/s per process)    32%    2436.6 sec left
CG set 1972 / 6116    683.3285 GFlop/s     (683.3285 GFlop/s per process)    32%    2436.0 sec left
CG set 1973 / 6116    683.3279 GFlop/s     (683.3279 GFlop/s per process)    32%    2435.4 sec left
CG set 1974 / 6116    683.3277 GFlop/s     (683.3277 GFlop/s per process)    32%    2434.8 sec left
CG set 1975 / 6116    683.3276 GFlop/s     (683.3276 GFlop/s per process)    32%    2434.2 sec left
CG set 1976 / 6116    683.3268 GFlop/s     (683.3268 GFlop/s per process)    32%    2433.6 sec left
CG set 1977 / 6116    683.3265 GFlop/s     (683.3265 GFlop/s per process)    32%    2433.0 sec left
CG set 1978 / 6116    683.3258 GFlop/s     (683.3258 GFlop/s per process)    32%    2432.4 sec left
CG set 1979 / 6116    683.3255 GFlop/s     (683.3255 GFlop/s per process)    32%    2431.8 sec left
CG set 1980 / 6116    683.3254 GFlop/s     (683.3254 GFlop/s per process)    32%    2431.2 sec left
CG set 1981 / 6116    683.3249 GFlop/s     (683.3249 GFlop/s per process)    32%    2430.6 sec left
CG set 1982 / 6116    683.3245 GFlop/s     (683.3245 GFlop/s per process)    32%    2430.1 sec left
CG set 1983 / 6116    683.3243 GFlop/s     (683.3243 GFlop/s per process)    32%    2429.5 sec left
CG set 1984 / 6116    683.3241 GFlop/s     (683.3241 GFlop/s per process)    32%    2428.9 sec left
CG set 1985 / 6116    683.3238 GFlop/s     (683.3238 GFlop/s per process)    32%    2428.3 sec left
CG set 1986 / 6116    683.3232 GFlop/s     (683.3232 GFlop/s per process)    32%    2427.7 sec left
CG set 1987 / 6116    683.3227 GFlop/s     (683.3227 GFlop/s per process)    32%    2427.1 sec left
CG set 1988 / 6116    683.3223 GFlop/s     (683.3223 GFlop/s per process)    32%    2426.5 sec left
CG set 1989 / 6116    683.3222 GFlop/s     (683.3222 GFlop/s per process)    32%    2425.9 sec left
CG set 1990 / 6116    683.3216 GFlop/s     (683.3216 GFlop/s per process)    32%    2425.3 sec left
CG set 1991 / 6116    683.3212 GFlop/s     (683.3212 GFlop/s per process)    32%    2424.7 sec left
CG set 1992 / 6116    683.3204 GFlop/s     (683.3204 GFlop/s per process)    32%    2424.1 sec left
CG set 1993 / 6116    683.3200 GFlop/s     (683.3200 GFlop/s per process)    32%    2423.6 sec left
CG set 1994 / 6116    683.3198 GFlop/s     (683.3198 GFlop/s per process)    32%    2423.0 sec left
CG set 1995 / 6116    683.3196 GFlop/s     (683.3196 GFlop/s per process)    32%    2422.4 sec left
CG set 1996 / 6116    683.3193 GFlop/s     (683.3193 GFlop/s per process)    32%    2421.8 sec left
CG set 1997 / 6116    683.3191 GFlop/s     (683.3191 GFlop/s per process)    32%    2421.2 sec left
CG set 1998 / 6116    683.3185 GFlop/s     (683.3185 GFlop/s per process)    32%    2420.6 sec left
CG set 1999 / 6116    683.3181 GFlop/s     (683.3181 GFlop/s per process)    32%    2420.0 sec left
CG set 2000 / 6116    683.3178 GFlop/s     (683.3178 GFlop/s per process)    32%    2419.4 sec left
CG set 2001 / 6116    683.3177 GFlop/s     (683.3177 GFlop/s per process)    32%    2418.8 sec left
CG set 2002 / 6116    683.3176 GFlop/s     (683.3176 GFlop/s per process)    32%    2418.2 sec left
CG set 2003 / 6116    683.3173 GFlop/s     (683.3173 GFlop/s per process)    32%    2417.6 sec left
CG set 2004 / 6116    683.3172 GFlop/s     (683.3172 GFlop/s per process)    32%    2417.1 sec left
CG set 2005 / 6116    683.3169 GFlop/s     (683.3169 GFlop/s per process)    32%    2416.5 sec left
CG set 2006 / 6116    683.3168 GFlop/s     (683.3168 GFlop/s per process)    32%    2415.9 sec left
CG set 2007 / 6116    683.3165 GFlop/s     (683.3165 GFlop/s per process)    32%    2415.3 sec left
CG set 2008 / 6116    683.3165 GFlop/s     (683.3165 GFlop/s per process)    32%    2414.7 sec left
CG set 2009 / 6116    683.3163 GFlop/s     (683.3163 GFlop/s per process)    32%    2414.1 sec left
CG set 2010 / 6116    683.3162 GFlop/s     (683.3162 GFlop/s per process)    32%    2413.5 sec left
CG set 2011 / 6116    683.3161 GFlop/s     (683.3161 GFlop/s per process)    32%    2412.9 sec left
CG set 2012 / 6116    683.3156 GFlop/s     (683.3156 GFlop/s per process)    32%    2412.3 sec left
CG set 2013 / 6116    683.3154 GFlop/s     (683.3154 GFlop/s per process)    32%    2411.7 sec left
CG set 2014 / 6116    683.3150 GFlop/s     (683.3150 GFlop/s per process)    32%    2411.1 sec left
CG set 2015 / 6116    683.3147 GFlop/s     (683.3147 GFlop/s per process)    32%    2410.6 sec left
CG set 2016 / 6116    683.3143 GFlop/s     (683.3143 GFlop/s per process)    32%    2410.0 sec left
CG set 2017 / 6116    683.3139 GFlop/s     (683.3139 GFlop/s per process)    32%    2409.4 sec left
CG set 2018 / 6116    683.3135 GFlop/s     (683.3135 GFlop/s per process)    32%    2408.8 sec left
CG set 2019 / 6116    683.3130 GFlop/s     (683.3130 GFlop/s per process)    33%    2408.2 sec left
CG set 2020 / 6116    683.3125 GFlop/s     (683.3125 GFlop/s per process)    33%    2407.6 sec left
CG set 2021 / 6116    683.3123 GFlop/s     (683.3123 GFlop/s per process)    33%    2407.0 sec left
CG set 2022 / 6116    683.3117 GFlop/s     (683.3117 GFlop/s per process)    33%    2406.4 sec left
CG set 2023 / 6116    683.3111 GFlop/s     (683.3111 GFlop/s per process)    33%    2405.8 sec left
CG set 2024 / 6116    683.3109 GFlop/s     (683.3109 GFlop/s per process)    33%    2405.2 sec left
CG set 2025 / 6116    683.3103 GFlop/s     (683.3103 GFlop/s per process)    33%    2404.6 sec left
CG set 2026 / 6116    683.3097 GFlop/s     (683.3097 GFlop/s per process)    33%    2404.1 sec left
CG set 2027 / 6116    683.3093 GFlop/s     (683.3093 GFlop/s per process)    33%    2403.5 sec left
CG set 2028 / 6116    683.3089 GFlop/s     (683.3089 GFlop/s per process)    33%    2402.9 sec left
CG set 2029 / 6116    683.3087 GFlop/s     (683.3087 GFlop/s per process)    33%    2402.3 sec left
CG set 2030 / 6116    683.3086 GFlop/s     (683.3086 GFlop/s per process)    33%    2401.7 sec left
CG set 2031 / 6116    683.3083 GFlop/s     (683.3083 GFlop/s per process)    33%    2401.1 sec left
CG set 2032 / 6116    683.3075 GFlop/s     (683.3075 GFlop/s per process)    33%    2400.5 sec left
CG set 2033 / 6116    683.3070 GFlop/s     (683.3070 GFlop/s per process)    33%    2399.9 sec left
CG set 2034 / 6116    683.3064 GFlop/s     (683.3064 GFlop/s per process)    33%    2399.3 sec left
CG set 2035 / 6116    683.3059 GFlop/s     (683.3059 GFlop/s per process)    33%    2398.7 sec left
CG set 2036 / 6116    683.3054 GFlop/s     (683.3054 GFlop/s per process)    33%    2398.1 sec left
CG set 2037 / 6116    683.3050 GFlop/s     (683.3050 GFlop/s per process)    33%    2397.6 sec left
CG set 2038 / 6116    683.3047 GFlop/s     (683.3047 GFlop/s per process)    33%    2397.0 sec left
CG set 2039 / 6116    683.3044 GFlop/s     (683.3044 GFlop/s per process)    33%    2396.4 sec left
CG set 2040 / 6116    683.3039 GFlop/s     (683.3039 GFlop/s per process)    33%    2395.8 sec left
CG set 2041 / 6116    683.3035 GFlop/s     (683.3035 GFlop/s per process)    33%    2395.2 sec left
CG set 2042 / 6116    683.3029 GFlop/s     (683.3029 GFlop/s per process)    33%    2394.6 sec left
CG set 2043 / 6116    683.3023 GFlop/s     (683.3023 GFlop/s per process)    33%    2394.0 sec left
CG set 2044 / 6116    683.3013 GFlop/s     (683.3013 GFlop/s per process)    33%    2393.4 sec left
CG set 2045 / 6116    683.3005 GFlop/s     (683.3005 GFlop/s per process)    33%    2392.8 sec left
CG set 2046 / 6116    683.3003 GFlop/s     (683.3003 GFlop/s per process)    33%    2392.2 sec left
CG set 2047 / 6116    683.2997 GFlop/s     (683.2997 GFlop/s per process)    33%    2391.6 sec left
CG set 2048 / 6116    683.2987 GFlop/s     (683.2987 GFlop/s per process)    33%    2391.0 sec left
CG set 2049 / 6116    683.2981 GFlop/s     (683.2981 GFlop/s per process)    33%    2390.5 sec left
CG set 2050 / 6116    683.2977 GFlop/s     (683.2977 GFlop/s per process)    33%    2389.9 sec left
CG set 2051 / 6116    683.2973 GFlop/s     (683.2973 GFlop/s per process)    33%    2389.3 sec left
CG set 2052 / 6116    683.2964 GFlop/s     (683.2964 GFlop/s per process)    33%    2388.7 sec left
CG set 2053 / 6116    683.2958 GFlop/s     (683.2958 GFlop/s per process)    33%    2388.1 sec left
CG set 2054 / 6116    683.2951 GFlop/s     (683.2951 GFlop/s per process)    33%    2387.5 sec left
CG set 2055 / 6116    683.2947 GFlop/s     (683.2947 GFlop/s per process)    33%    2386.9 sec left
CG set 2056 / 6116    683.2942 GFlop/s     (683.2942 GFlop/s per process)    33%    2386.3 sec left
CG set 2057 / 6116    683.2939 GFlop/s     (683.2939 GFlop/s per process)    33%    2385.7 sec left
CG set 2058 / 6116    683.2934 GFlop/s     (683.2934 GFlop/s per process)    33%    2385.1 sec left
CG set 2059 / 6116    683.2931 GFlop/s     (683.2931 GFlop/s per process)    33%    2384.5 sec left
CG set 2060 / 6116    683.2927 GFlop/s     (683.2927 GFlop/s per process)    33%    2384.0 sec left
CG set 2061 / 6116    683.2927 GFlop/s     (683.2927 GFlop/s per process)    33%    2383.4 sec left
CG set 2062 / 6116    683.2925 GFlop/s     (683.2925 GFlop/s per process)    33%    2382.8 sec left
CG set 2063 / 6116    683.2922 GFlop/s     (683.2922 GFlop/s per process)    33%    2382.2 sec left
CG set 2064 / 6116    683.2916 GFlop/s     (683.2916 GFlop/s per process)    33%    2381.6 sec left
CG set 2065 / 6116    683.2913 GFlop/s     (683.2913 GFlop/s per process)    33%    2381.0 sec left
CG set 2066 / 6116    683.2911 GFlop/s     (683.2911 GFlop/s per process)    33%    2380.4 sec left
CG set 2067 / 6116    683.2908 GFlop/s     (683.2908 GFlop/s per process)    33%    2379.8 sec left
CG set 2068 / 6116    683.2904 GFlop/s     (683.2904 GFlop/s per process)    33%    2379.2 sec left
CG set 2069 / 6116    683.2900 GFlop/s     (683.2900 GFlop/s per process)    33%    2378.6 sec left
CG set 2070 / 6116    683.2897 GFlop/s     (683.2897 GFlop/s per process)    33%    2378.0 sec left
CG set 2071 / 6116    683.2893 GFlop/s     (683.2893 GFlop/s per process)    33%    2377.5 sec left
CG set 2072 / 6116    683.2885 GFlop/s     (683.2885 GFlop/s per process)    33%    2376.9 sec left
CG set 2073 / 6116    683.2884 GFlop/s     (683.2884 GFlop/s per process)    33%    2376.3 sec left
CG set 2074 / 6116    683.2879 GFlop/s     (683.2879 GFlop/s per process)    33%    2375.7 sec left
CG set 2075 / 6116    683.2875 GFlop/s     (683.2875 GFlop/s per process)    33%    2375.1 sec left
CG set 2076 / 6116    683.2870 GFlop/s     (683.2870 GFlop/s per process)    33%    2374.5 sec left
CG set 2077 / 6116    683.2868 GFlop/s     (683.2868 GFlop/s per process)    33%    2373.9 sec left
CG set 2078 / 6116    683.2862 GFlop/s     (683.2862 GFlop/s per process)    33%    2373.3 sec left
CG set 2079 / 6116    683.2859 GFlop/s     (683.2859 GFlop/s per process)    33%    2372.7 sec left
CG set 2080 / 6116    683.2858 GFlop/s     (683.2858 GFlop/s per process)    34%    2372.1 sec left
CG set 2081 / 6116    683.2852 GFlop/s     (683.2852 GFlop/s per process)    34%    2371.5 sec left
CG set 2082 / 6116    683.2850 GFlop/s     (683.2850 GFlop/s per process)    34%    2371.0 sec left
CG set 2083 / 6116    683.2845 GFlop/s     (683.2845 GFlop/s per process)    34%    2370.4 sec left
CG set 2084 / 6116    683.2841 GFlop/s     (683.2841 GFlop/s per process)    34%    2369.8 sec left
CG set 2085 / 6116    683.2838 GFlop/s     (683.2838 GFlop/s per process)    34%    2369.2 sec left
CG set 2086 / 6116    683.2832 GFlop/s     (683.2832 GFlop/s per process)    34%    2368.6 sec left
CG set 2087 / 6116    683.2829 GFlop/s     (683.2829 GFlop/s per process)    34%    2368.0 sec left
CG set 2088 / 6116    683.2827 GFlop/s     (683.2827 GFlop/s per process)    34%    2367.4 sec left
CG set 2089 / 6116    683.2821 GFlop/s     (683.2821 GFlop/s per process)    34%    2366.8 sec left
CG set 2090 / 6116    683.2819 GFlop/s     (683.2819 GFlop/s per process)    34%    2366.2 sec left
CG set 2091 / 6116    683.2816 GFlop/s     (683.2816 GFlop/s per process)    34%    2365.6 sec left
CG set 2092 / 6116    683.2814 GFlop/s     (683.2814 GFlop/s per process)    34%    2365.0 sec left
CG set 2093 / 6116    683.2811 GFlop/s     (683.2811 GFlop/s per process)    34%    2364.5 sec left
CG set 2094 / 6116    683.2806 GFlop/s     (683.2806 GFlop/s per process)    34%    2363.9 sec left
CG set 2095 / 6116    683.2804 GFlop/s     (683.2804 GFlop/s per process)    34%    2363.3 sec left
CG set 2096 / 6116    683.2804 GFlop/s     (683.2804 GFlop/s per process)    34%    2362.7 sec left
CG set 2097 / 6116    683.2803 GFlop/s     (683.2803 GFlop/s per process)    34%    2362.1 sec left
CG set 2098 / 6116    683.2801 GFlop/s     (683.2801 GFlop/s per process)    34%    2361.5 sec left
CG set 2099 / 6116    683.2799 GFlop/s     (683.2799 GFlop/s per process)    34%    2360.9 sec left
CG set 2100 / 6116    683.2796 GFlop/s     (683.2796 GFlop/s per process)    34%    2360.3 sec left
CG set 2101 / 6116    683.2797 GFlop/s     (683.2797 GFlop/s per process)    34%    2359.7 sec left
CG set 2102 / 6116    683.2795 GFlop/s     (683.2795 GFlop/s per process)    34%    2359.1 sec left
CG set 2103 / 6116    683.2793 GFlop/s     (683.2793 GFlop/s per process)    34%    2358.5 sec left
CG set 2104 / 6116    683.2789 GFlop/s     (683.2789 GFlop/s per process)    34%    2358.0 sec left
CG set 2105 / 6116    683.2787 GFlop/s     (683.2787 GFlop/s per process)    34%    2357.4 sec left
CG set 2106 / 6116    683.2785 GFlop/s     (683.2785 GFlop/s per process)    34%    2356.8 sec left
CG set 2107 / 6116    683.2782 GFlop/s     (683.2782 GFlop/s per process)    34%    2356.2 sec left
CG set 2108 / 6116    683.2781 GFlop/s     (683.2781 GFlop/s per process)    34%    2355.6 sec left
CG set 2109 / 6116    683.2780 GFlop/s     (683.2780 GFlop/s per process)    34%    2355.0 sec left
CG set 2110 / 6116    683.2778 GFlop/s     (683.2778 GFlop/s per process)    34%    2354.4 sec left
CG set 2111 / 6116    683.2776 GFlop/s     (683.2776 GFlop/s per process)    34%    2353.8 sec left
CG set 2112 / 6116    683.2774 GFlop/s     (683.2774 GFlop/s per process)    34%    2353.2 sec left
CG set 2113 / 6116    683.2773 GFlop/s     (683.2773 GFlop/s per process)    34%    2352.6 sec left
CG set 2114 / 6116    683.2772 GFlop/s     (683.2772 GFlop/s per process)    34%    2352.0 sec left
CG set 2115 / 6116    683.2769 GFlop/s     (683.2769 GFlop/s per process)    34%    2351.5 sec left
CG set 2116 / 6116    683.2769 GFlop/s     (683.2769 GFlop/s per process)    34%    2350.9 sec left
CG set 2117 / 6116    683.2771 GFlop/s     (683.2771 GFlop/s per process)    34%    2350.3 sec left
CG set 2118 / 6116    683.2768 GFlop/s     (683.2768 GFlop/s per process)    34%    2349.7 sec left
CG set 2119 / 6116    683.2769 GFlop/s     (683.2769 GFlop/s per process)    34%    2349.1 sec left
CG set 2120 / 6116    683.2769 GFlop/s     (683.2769 GFlop/s per process)    34%    2348.5 sec left
CG set 2121 / 6116    683.2767 GFlop/s     (683.2767 GFlop/s per process)    34%    2347.9 sec left
CG set 2122 / 6116    683.2765 GFlop/s     (683.2765 GFlop/s per process)    34%    2347.3 sec left
CG set 2123 / 6116    683.2762 GFlop/s     (683.2762 GFlop/s per process)    34%    2346.7 sec left
CG set 2124 / 6116    683.2759 GFlop/s     (683.2759 GFlop/s per process)    34%    2346.1 sec left
CG set 2125 / 6116    683.2757 GFlop/s     (683.2757 GFlop/s per process)    34%    2345.6 sec left
CG set 2126 / 6116    683.2753 GFlop/s     (683.2753 GFlop/s per process)    34%    2345.0 sec left
CG set 2127 / 6116    683.2752 GFlop/s     (683.2752 GFlop/s per process)    34%    2344.4 sec left
CG set 2128 / 6116    683.2749 GFlop/s     (683.2749 GFlop/s per process)    34%    2343.8 sec left
CG set 2129 / 6116    683.2750 GFlop/s     (683.2750 GFlop/s per process)    34%    2343.2 sec left
CG set 2130 / 6116    683.2749 GFlop/s     (683.2749 GFlop/s per process)    34%    2342.6 sec left
CG set 2131 / 6116    683.2751 GFlop/s     (683.2751 GFlop/s per process)    34%    2342.0 sec left
CG set 2132 / 6116    683.2750 GFlop/s     (683.2750 GFlop/s per process)    34%    2341.4 sec left
CG set 2133 / 6116    683.2751 GFlop/s     (683.2751 GFlop/s per process)    34%    2340.8 sec left
CG set 2134 / 6116    683.2750 GFlop/s     (683.2750 GFlop/s per process)    34%    2340.2 sec left
CG set 2135 / 6116    683.2746 GFlop/s     (683.2746 GFlop/s per process)    34%    2339.6 sec left
CG set 2136 / 6116    683.2742 GFlop/s     (683.2742 GFlop/s per process)    34%    2339.1 sec left
CG set 2137 / 6116    683.2744 GFlop/s     (683.2744 GFlop/s per process)    34%    2338.5 sec left
CG set 2138 / 6116    683.2740 GFlop/s     (683.2740 GFlop/s per process)    34%    2337.9 sec left
CG set 2139 / 6116    683.2737 GFlop/s     (683.2737 GFlop/s per process)    34%    2337.3 sec left
CG set 2140 / 6116    683.2736 GFlop/s     (683.2736 GFlop/s per process)    34%    2336.7 sec left
CG set 2141 / 6116    683.2735 GFlop/s     (683.2735 GFlop/s per process)    35%    2336.1 sec left
CG set 2142 / 6116    683.2732 GFlop/s     (683.2732 GFlop/s per process)    35%    2335.5 sec left
CG set 2143 / 6116    683.2729 GFlop/s     (683.2729 GFlop/s per process)    35%    2334.9 sec left
CG set 2144 / 6116    683.2727 GFlop/s     (683.2727 GFlop/s per process)    35%    2334.3 sec left
CG set 2145 / 6116    683.2726 GFlop/s     (683.2726 GFlop/s per process)    35%    2333.7 sec left
CG set 2146 / 6116    683.2722 GFlop/s     (683.2722 GFlop/s per process)    35%    2333.1 sec left
CG set 2147 / 6116    683.2723 GFlop/s     (683.2723 GFlop/s per process)    35%    2332.6 sec left
CG set 2148 / 6116    683.2724 GFlop/s     (683.2724 GFlop/s per process)    35%    2332.0 sec left
CG set 2149 / 6116    683.2718 GFlop/s     (683.2718 GFlop/s per process)    35%    2331.4 sec left
CG set 2150 / 6116    683.2716 GFlop/s     (683.2716 GFlop/s per process)    35%    2330.8 sec left
CG set 2151 / 6116    683.2715 GFlop/s     (683.2715 GFlop/s per process)    35%    2330.2 sec left
CG set 2152 / 6116    683.2714 GFlop/s     (683.2714 GFlop/s per process)    35%    2329.6 sec left
CG set 2153 / 6116    683.2714 GFlop/s     (683.2714 GFlop/s per process)    35%    2329.0 sec left
CG set 2154 / 6116    683.2713 GFlop/s     (683.2713 GFlop/s per process)    35%    2328.4 sec left
CG set 2155 / 6116    683.2707 GFlop/s     (683.2707 GFlop/s per process)    35%    2327.8 sec left
CG set 2156 / 6116    683.2705 GFlop/s     (683.2705 GFlop/s per process)    35%    2327.2 sec left
CG set 2157 / 6116    683.2700 GFlop/s     (683.2700 GFlop/s per process)    35%    2326.6 sec left
CG set 2158 / 6116    683.2696 GFlop/s     (683.2696 GFlop/s per process)    35%    2326.1 sec left
CG set 2159 / 6116    683.2695 GFlop/s     (683.2695 GFlop/s per process)    35%    2325.5 sec left
CG set 2160 / 6116    683.2693 GFlop/s     (683.2693 GFlop/s per process)    35%    2324.9 sec left
CG set 2161 / 6116    683.2690 GFlop/s     (683.2690 GFlop/s per process)    35%    2324.3 sec left
CG set 2162 / 6116    683.2688 GFlop/s     (683.2688 GFlop/s per process)    35%    2323.7 sec left
CG set 2163 / 6116    683.2690 GFlop/s     (683.2690 GFlop/s per process)    35%    2323.1 sec left
CG set 2164 / 6116    683.2688 GFlop/s     (683.2688 GFlop/s per process)    35%    2322.5 sec left
CG set 2165 / 6116    683.2682 GFlop/s     (683.2682 GFlop/s per process)    35%    2321.9 sec left
CG set 2166 / 6116    683.2680 GFlop/s     (683.2680 GFlop/s per process)    35%    2321.3 sec left
CG set 2167 / 6116    683.2676 GFlop/s     (683.2676 GFlop/s per process)    35%    2320.7 sec left
CG set 2168 / 6116    683.2674 GFlop/s     (683.2674 GFlop/s per process)    35%    2320.2 sec left
CG set 2169 / 6116    683.2671 GFlop/s     (683.2671 GFlop/s per process)    35%    2319.6 sec left
CG set 2170 / 6116    683.2670 GFlop/s     (683.2670 GFlop/s per process)    35%    2319.0 sec left
CG set 2171 / 6116    683.2667 GFlop/s     (683.2667 GFlop/s per process)    35%    2318.4 sec left
CG set 2172 / 6116    683.2666 GFlop/s     (683.2666 GFlop/s per process)    35%    2317.8 sec left
CG set 2173 / 6116    683.2665 GFlop/s     (683.2665 GFlop/s per process)    35%    2317.2 sec left
CG set 2174 / 6116    683.2664 GFlop/s     (683.2664 GFlop/s per process)    35%    2316.6 sec left
CG set 2175 / 6116    683.2660 GFlop/s     (683.2660 GFlop/s per process)    35%    2316.0 sec left
CG set 2176 / 6116    683.2662 GFlop/s     (683.2662 GFlop/s per process)    35%    2315.4 sec left
CG set 2177 / 6116    683.2660 GFlop/s     (683.2660 GFlop/s per process)    35%    2314.8 sec left
CG set 2178 / 6116    683.2657 GFlop/s     (683.2657 GFlop/s per process)    35%    2314.2 sec left
CG set 2179 / 6116    683.2657 GFlop/s     (683.2657 GFlop/s per process)    35%    2313.7 sec left
CG set 2180 / 6116    683.2655 GFlop/s     (683.2655 GFlop/s per process)    35%    2313.1 sec left
CG set 2181 / 6116    683.2655 GFlop/s     (683.2655 GFlop/s per process)    35%    2312.5 sec left
CG set 2182 / 6116    683.2653 GFlop/s     (683.2653 GFlop/s per process)    35%    2311.9 sec left
CG set 2183 / 6116    683.2649 GFlop/s     (683.2649 GFlop/s per process)    35%    2311.3 sec left
CG set 2184 / 6116    683.2649 GFlop/s     (683.2649 GFlop/s per process)    35%    2310.7 sec left
CG set 2185 / 6116    683.2644 GFlop/s     (683.2644 GFlop/s per process)    35%    2310.1 sec left
CG set 2186 / 6116    683.2643 GFlop/s     (683.2643 GFlop/s per process)    35%    2309.5 sec left
CG set 2187 / 6116    683.2639 GFlop/s     (683.2639 GFlop/s per process)    35%    2308.9 sec left
CG set 2188 / 6116    683.2638 GFlop/s     (683.2638 GFlop/s per process)    35%    2308.3 sec left
CG set 2189 / 6116    683.2639 GFlop/s     (683.2639 GFlop/s per process)    35%    2307.7 sec left
CG set 2190 / 6116    683.2634 GFlop/s     (683.2634 GFlop/s per process)    35%    2307.2 sec left
CG set 2191 / 6116    683.2631 GFlop/s     (683.2631 GFlop/s per process)    35%    2306.6 sec left
CG set 2192 / 6116    683.2629 GFlop/s     (683.2629 GFlop/s per process)    35%    2306.0 sec left
CG set 2193 / 6116    683.2627 GFlop/s     (683.2627 GFlop/s per process)    35%    2305.4 sec left
CG set 2194 / 6116    683.2625 GFlop/s     (683.2625 GFlop/s per process)    35%    2304.8 sec left
CG set 2195 / 6116    683.2623 GFlop/s     (683.2623 GFlop/s per process)    35%    2304.2 sec left
CG set 2196 / 6116    683.2621 GFlop/s     (683.2621 GFlop/s per process)    35%    2303.6 sec left
CG set 2197 / 6116    683.2618 GFlop/s     (683.2618 GFlop/s per process)    35%    2303.0 sec left
CG set 2198 / 6116    683.2613 GFlop/s     (683.2613 GFlop/s per process)    35%    2302.4 sec left
CG set 2199 / 6116    683.2611 GFlop/s     (683.2611 GFlop/s per process)    35%    2301.8 sec left
CG set 2200 / 6116    683.2607 GFlop/s     (683.2607 GFlop/s per process)    35%    2301.2 sec left
CG set 2201 / 6116    683.2606 GFlop/s     (683.2606 GFlop/s per process)    35%    2300.7 sec left
CG set 2202 / 6116    683.2605 GFlop/s     (683.2605 GFlop/s per process)    36%    2300.1 sec left
CG set 2203 / 6116    683.2604 GFlop/s     (683.2604 GFlop/s per process)    36%    2299.5 sec left
CG set 2204 / 6116    683.2601 GFlop/s     (683.2601 GFlop/s per process)    36%    2298.9 sec left
CG set 2205 / 6116    683.2601 GFlop/s     (683.2601 GFlop/s per process)    36%    2298.3 sec left
CG set 2206 / 6116    683.2597 GFlop/s     (683.2597 GFlop/s per process)    36%    2297.7 sec left
CG set 2207 / 6116    683.2597 GFlop/s     (683.2597 GFlop/s per process)    36%    2297.1 sec left
CG set 2208 / 6116    683.2592 GFlop/s     (683.2592 GFlop/s per process)    36%    2296.5 sec left
CG set 2209 / 6116    683.2590 GFlop/s     (683.2590 GFlop/s per process)    36%    2295.9 sec left
CG set 2210 / 6116    683.2589 GFlop/s     (683.2589 GFlop/s per process)    36%    2295.3 sec left
CG set 2211 / 6116    683.2585 GFlop/s     (683.2585 GFlop/s per process)    36%    2294.7 sec left
CG set 2212 / 6116    683.2583 GFlop/s     (683.2583 GFlop/s per process)    36%    2294.2 sec left
CG set 2213 / 6116    683.2580 GFlop/s     (683.2580 GFlop/s per process)    36%    2293.6 sec left
CG set 2214 / 6116    683.2579 GFlop/s     (683.2579 GFlop/s per process)    36%    2293.0 sec left
CG set 2215 / 6116    683.2576 GFlop/s     (683.2576 GFlop/s per process)    36%    2292.4 sec left
CG set 2216 / 6116    683.2572 GFlop/s     (683.2572 GFlop/s per process)    36%    2291.8 sec left
CG set 2217 / 6116    683.2570 GFlop/s     (683.2570 GFlop/s per process)    36%    2291.2 sec left
CG set 2218 / 6116    683.2566 GFlop/s     (683.2566 GFlop/s per process)    36%    2290.6 sec left
CG set 2219 / 6116    683.2562 GFlop/s     (683.2562 GFlop/s per process)    36%    2290.0 sec left
CG set 2220 / 6116    683.2559 GFlop/s     (683.2559 GFlop/s per process)    36%    2289.4 sec left
CG set 2221 / 6116    683.2553 GFlop/s     (683.2553 GFlop/s per process)    36%    2288.8 sec left
CG set 2222 / 6116    683.2548 GFlop/s     (683.2548 GFlop/s per process)    36%    2288.2 sec left
CG set 2223 / 6116    683.2546 GFlop/s     (683.2546 GFlop/s per process)    36%    2287.7 sec left
CG set 2224 / 6116    683.2545 GFlop/s     (683.2545 GFlop/s per process)    36%    2287.1 sec left
CG set 2225 / 6116    683.2544 GFlop/s     (683.2544 GFlop/s per process)    36%    2286.5 sec left
CG set 2226 / 6116    683.2543 GFlop/s     (683.2543 GFlop/s per process)    36%    2285.9 sec left
CG set 2227 / 6116    683.2541 GFlop/s     (683.2541 GFlop/s per process)    36%    2285.3 sec left
CG set 2228 / 6116    683.2538 GFlop/s     (683.2538 GFlop/s per process)    36%    2284.7 sec left
CG set 2229 / 6116    683.2535 GFlop/s     (683.2535 GFlop/s per process)    36%    2284.1 sec left
CG set 2230 / 6116    683.2531 GFlop/s     (683.2531 GFlop/s per process)    36%    2283.5 sec left
CG set 2231 / 6116    683.2529 GFlop/s     (683.2529 GFlop/s per process)    36%    2282.9 sec left
CG set 2232 / 6116    683.2525 GFlop/s     (683.2525 GFlop/s per process)    36%    2282.3 sec left
CG set 2233 / 6116    683.2524 GFlop/s     (683.2524 GFlop/s per process)    36%    2281.7 sec left
CG set 2234 / 6116    683.2519 GFlop/s     (683.2519 GFlop/s per process)    36%    2281.2 sec left
CG set 2235 / 6116    683.2516 GFlop/s     (683.2516 GFlop/s per process)    36%    2280.6 sec left
CG set 2236 / 6116    683.2511 GFlop/s     (683.2511 GFlop/s per process)    36%    2280.0 sec left
CG set 2237 / 6116    683.2506 GFlop/s     (683.2506 GFlop/s per process)    36%    2279.4 sec left
CG set 2238 / 6116    683.2502 GFlop/s     (683.2502 GFlop/s per process)    36%    2278.8 sec left
CG set 2239 / 6116    683.2500 GFlop/s     (683.2500 GFlop/s per process)    36%    2278.2 sec left
CG set 2240 / 6116    683.2498 GFlop/s     (683.2498 GFlop/s per process)    36%    2277.6 sec left
CG set 2241 / 6116    683.2496 GFlop/s     (683.2496 GFlop/s per process)    36%    2277.0 sec left
CG set 2242 / 6116    683.2490 GFlop/s     (683.2490 GFlop/s per process)    36%    2276.4 sec left
CG set 2243 / 6116    683.2488 GFlop/s     (683.2488 GFlop/s per process)    36%    2275.8 sec left
CG set 2244 / 6116    683.2488 GFlop/s     (683.2488 GFlop/s per process)    36%    2275.2 sec left
CG set 2245 / 6116    683.2489 GFlop/s     (683.2489 GFlop/s per process)    36%    2274.7 sec left
CG set 2246 / 6116    683.2486 GFlop/s     (683.2486 GFlop/s per process)    36%    2274.1 sec left
CG set 2247 / 6116    683.2482 GFlop/s     (683.2482 GFlop/s per process)    36%    2273.5 sec left
CG set 2248 / 6116    683.2480 GFlop/s     (683.2480 GFlop/s per process)    36%    2272.9 sec left
CG set 2249 / 6116    683.2478 GFlop/s     (683.2478 GFlop/s per process)    36%    2272.3 sec left
CG set 2250 / 6116    683.2478 GFlop/s     (683.2478 GFlop/s per process)    36%    2271.7 sec left
CG set 2251 / 6116    683.2476 GFlop/s     (683.2476 GFlop/s per process)    36%    2271.1 sec left
CG set 2252 / 6116    683.2475 GFlop/s     (683.2475 GFlop/s per process)    36%    2270.5 sec left
CG set 2253 / 6116    683.2467 GFlop/s     (683.2467 GFlop/s per process)    36%    2269.9 sec left
CG set 2254 / 6116    683.2464 GFlop/s     (683.2464 GFlop/s per process)    36%    2269.3 sec left
CG set 2255 / 6116    683.2458 GFlop/s     (683.2458 GFlop/s per process)    36%    2268.7 sec left
CG set 2256 / 6116    683.2455 GFlop/s     (683.2455 GFlop/s per process)    36%    2268.2 sec left
CG set 2257 / 6116    683.2453 GFlop/s     (683.2453 GFlop/s per process)    36%    2267.6 sec left
CG set 2258 / 6116    683.2450 GFlop/s     (683.2450 GFlop/s per process)    36%    2267.0 sec left
CG set 2259 / 6116    683.2449 GFlop/s     (683.2449 GFlop/s per process)    36%    2266.4 sec left
CG set 2260 / 6116    683.2448 GFlop/s     (683.2448 GFlop/s per process)    36%    2265.8 sec left
CG set 2261 / 6116    683.2447 GFlop/s     (683.2447 GFlop/s per process)    36%    2265.2 sec left
CG set 2262 / 6116    683.2445 GFlop/s     (683.2445 GFlop/s per process)    36%    2264.6 sec left
CG set 2263 / 6116    683.2441 GFlop/s     (683.2441 GFlop/s per process)    37%    2264.0 sec left
CG set 2264 / 6116    683.2437 GFlop/s     (683.2437 GFlop/s per process)    37%    2263.4 sec left
CG set 2265 / 6116    683.2431 GFlop/s     (683.2431 GFlop/s per process)    37%    2262.8 sec left
CG set 2266 / 6116    683.2430 GFlop/s     (683.2430 GFlop/s per process)    37%    2262.2 sec left
CG set 2267 / 6116    683.2425 GFlop/s     (683.2425 GFlop/s per process)    37%    2261.7 sec left
CG set 2268 / 6116    683.2419 GFlop/s     (683.2419 GFlop/s per process)    37%    2261.1 sec left
CG set 2269 / 6116    683.2417 GFlop/s     (683.2417 GFlop/s per process)    37%    2260.5 sec left
CG set 2270 / 6116    683.2416 GFlop/s     (683.2416 GFlop/s per process)    37%    2259.9 sec left
CG set 2271 / 6116    683.2412 GFlop/s     (683.2412 GFlop/s per process)    37%    2259.3 sec left
CG set 2272 / 6116    683.2410 GFlop/s     (683.2410 GFlop/s per process)    37%    2258.7 sec left
CG set 2273 / 6116    683.2407 GFlop/s     (683.2407 GFlop/s per process)    37%    2258.1 sec left
CG set 2274 / 6116    683.2402 GFlop/s     (683.2402 GFlop/s per process)    37%    2257.5 sec left
CG set 2275 / 6116    683.2402 GFlop/s     (683.2402 GFlop/s per process)    37%    2256.9 sec left
CG set 2276 / 6116    683.2397 GFlop/s     (683.2397 GFlop/s per process)    37%    2256.3 sec left
CG set 2277 / 6116    683.2396 GFlop/s     (683.2396 GFlop/s per process)    37%    2255.7 sec left
CG set 2278 / 6116    683.2393 GFlop/s     (683.2393 GFlop/s per process)    37%    2255.2 sec left
CG set 2279 / 6116    683.2389 GFlop/s     (683.2389 GFlop/s per process)    37%    2254.6 sec left
CG set 2280 / 6116    683.2387 GFlop/s     (683.2387 GFlop/s per process)    37%    2254.0 sec left
CG set 2281 / 6116    683.2384 GFlop/s     (683.2384 GFlop/s per process)    37%    2253.4 sec left
CG set 2282 / 6116    683.2382 GFlop/s     (683.2382 GFlop/s per process)    37%    2252.8 sec left
CG set 2283 / 6116    683.2379 GFlop/s     (683.2379 GFlop/s per process)    37%    2252.2 sec left
CG set 2284 / 6116    683.2377 GFlop/s     (683.2377 GFlop/s per process)    37%    2251.6 sec left
CG set 2285 / 6116    683.2374 GFlop/s     (683.2374 GFlop/s per process)    37%    2251.0 sec left
CG set 2286 / 6116    683.2375 GFlop/s     (683.2375 GFlop/s per process)    37%    2250.4 sec left
CG set 2287 / 6116    683.2372 GFlop/s     (683.2372 GFlop/s per process)    37%    2249.8 sec left
CG set 2288 / 6116    683.2371 GFlop/s     (683.2371 GFlop/s per process)    37%    2249.2 sec left
CG set 2289 / 6116    683.2366 GFlop/s     (683.2366 GFlop/s per process)    37%    2248.7 sec left
CG set 2290 / 6116    683.2360 GFlop/s     (683.2360 GFlop/s per process)    37%    2248.1 sec left
CG set 2291 / 6116    683.2359 GFlop/s     (683.2359 GFlop/s per process)    37%    2247.5 sec left
CG set 2292 / 6116    683.2355 GFlop/s     (683.2355 GFlop/s per process)    37%    2246.9 sec left
CG set 2293 / 6116    683.2355 GFlop/s     (683.2355 GFlop/s per process)    37%    2246.3 sec left
CG set 2294 / 6116    683.2352 GFlop/s     (683.2352 GFlop/s per process)    37%    2245.7 sec left
CG set 2295 / 6116    683.2348 GFlop/s     (683.2348 GFlop/s per process)    37%    2245.1 sec left
CG set 2296 / 6116    683.2345 GFlop/s     (683.2345 GFlop/s per process)    37%    2244.5 sec left
CG set 2297 / 6116    683.2341 GFlop/s     (683.2341 GFlop/s per process)    37%    2243.9 sec left
CG set 2298 / 6116    683.2339 GFlop/s     (683.2339 GFlop/s per process)    37%    2243.3 sec left
CG set 2299 / 6116    683.2337 GFlop/s     (683.2337 GFlop/s per process)    37%    2242.7 sec left
CG set 2300 / 6116    683.2336 GFlop/s     (683.2336 GFlop/s per process)    37%    2242.2 sec left
CG set 2301 / 6116    683.2334 GFlop/s     (683.2334 GFlop/s per process)    37%    2241.6 sec left
CG set 2302 / 6116    683.2331 GFlop/s     (683.2331 GFlop/s per process)    37%    2241.0 sec left
CG set 2303 / 6116    683.2331 GFlop/s     (683.2331 GFlop/s per process)    37%    2240.4 sec left
CG set 2304 / 6116    683.2330 GFlop/s     (683.2330 GFlop/s per process)    37%    2239.8 sec left
CG set 2305 / 6116    683.2328 GFlop/s     (683.2328 GFlop/s per process)    37%    2239.2 sec left
CG set 2306 / 6116    683.2326 GFlop/s     (683.2326 GFlop/s per process)    37%    2238.6 sec left
CG set 2307 / 6116    683.2325 GFlop/s     (683.2325 GFlop/s per process)    37%    2238.0 sec left
CG set 2308 / 6116    683.2323 GFlop/s     (683.2323 GFlop/s per process)    37%    2237.4 sec left
CG set 2309 / 6116    683.2319 GFlop/s     (683.2319 GFlop/s per process)    37%    2236.8 sec left
CG set 2310 / 6116    683.2317 GFlop/s     (683.2317 GFlop/s per process)    37%    2236.3 sec left
CG set 2311 / 6116    683.2314 GFlop/s     (683.2314 GFlop/s per process)    37%    2235.7 sec left
CG set 2312 / 6116    683.2314 GFlop/s     (683.2314 GFlop/s per process)    37%    2235.1 sec left
CG set 2313 / 6116    683.2312 GFlop/s     (683.2312 GFlop/s per process)    37%    2234.5 sec left
CG set 2314 / 6116    683.2313 GFlop/s     (683.2313 GFlop/s per process)    37%    2233.9 sec left
CG set 2315 / 6116    683.2310 GFlop/s     (683.2310 GFlop/s per process)    37%    2233.3 sec left
CG set 2316 / 6116    683.2307 GFlop/s     (683.2307 GFlop/s per process)    37%    2232.7 sec left
CG set 2317 / 6116    683.2307 GFlop/s     (683.2307 GFlop/s per process)    37%    2232.1 sec left
CG set 2318 / 6116    683.2306 GFlop/s     (683.2306 GFlop/s per process)    37%    2231.5 sec left
CG set 2319 / 6116    683.2307 GFlop/s     (683.2307 GFlop/s per process)    37%    2230.9 sec left
CG set 2320 / 6116    683.2304 GFlop/s     (683.2304 GFlop/s per process)    37%    2230.3 sec left
CG set 2321 / 6116    683.2303 GFlop/s     (683.2303 GFlop/s per process)    37%    2229.8 sec left
CG set 2322 / 6116    683.2302 GFlop/s     (683.2302 GFlop/s per process)    37%    2229.2 sec left
CG set 2323 / 6116    683.2300 GFlop/s     (683.2300 GFlop/s per process)    37%    2228.6 sec left
CG set 2324 / 6116    683.2297 GFlop/s     (683.2297 GFlop/s per process)    37%    2228.0 sec left
CG set 2325 / 6116    683.2296 GFlop/s     (683.2296 GFlop/s per process)    38%    2227.4 sec left
CG set 2326 / 6116    683.2293 GFlop/s     (683.2293 GFlop/s per process)    38%    2226.8 sec left
CG set 2327 / 6116    683.2294 GFlop/s     (683.2294 GFlop/s per process)    38%    2226.2 sec left
CG set 2328 / 6116    683.2294 GFlop/s     (683.2294 GFlop/s per process)    38%    2225.6 sec left
CG set 2329 / 6116    683.2294 GFlop/s     (683.2294 GFlop/s per process)    38%    2225.0 sec left
CG set 2330 / 6116    683.2292 GFlop/s     (683.2292 GFlop/s per process)    38%    2224.4 sec left
CG set 2331 / 6116    683.2291 GFlop/s     (683.2291 GFlop/s per process)    38%    2223.8 sec left
CG set 2332 / 6116    683.2288 GFlop/s     (683.2288 GFlop/s per process)    38%    2223.3 sec left
CG set 2333 / 6116    683.2287 GFlop/s     (683.2287 GFlop/s per process)    38%    2222.7 sec left
CG set 2334 / 6116    683.2287 GFlop/s     (683.2287 GFlop/s per process)    38%    2222.1 sec left
CG set 2335 / 6116    683.2288 GFlop/s     (683.2288 GFlop/s per process)    38%    2221.5 sec left
CG set 2336 / 6116    683.2286 GFlop/s     (683.2286 GFlop/s per process)    38%    2220.9 sec left
CG set 2337 / 6116    683.2283 GFlop/s     (683.2283 GFlop/s per process)    38%    2220.3 sec left
CG set 2338 / 6116    683.2281 GFlop/s     (683.2281 GFlop/s per process)    38%    2219.7 sec left
CG set 2339 / 6116    683.2279 GFlop/s     (683.2279 GFlop/s per process)    38%    2219.1 sec left
CG set 2340 / 6116    683.2279 GFlop/s     (683.2279 GFlop/s per process)    38%    2218.5 sec left
CG set 2341 / 6116    683.2274 GFlop/s     (683.2274 GFlop/s per process)    38%    2217.9 sec left
CG set 2342 / 6116    683.2272 GFlop/s     (683.2272 GFlop/s per process)    38%    2217.3 sec left
CG set 2343 / 6116    683.2275 GFlop/s     (683.2275 GFlop/s per process)    38%    2216.8 sec left
CG set 2344 / 6116    683.2270 GFlop/s     (683.2270 GFlop/s per process)    38%    2216.2 sec left
CG set 2345 / 6116    683.2268 GFlop/s     (683.2268 GFlop/s per process)    38%    2215.6 sec left
CG set 2346 / 6116    683.2268 GFlop/s     (683.2268 GFlop/s per process)    38%    2215.0 sec left
CG set 2347 / 6116    683.2266 GFlop/s     (683.2266 GFlop/s per process)    38%    2214.4 sec left
CG set 2348 / 6116    683.2265 GFlop/s     (683.2265 GFlop/s per process)    38%    2213.8 sec left
CG set 2349 / 6116    683.2265 GFlop/s     (683.2265 GFlop/s per process)    38%    2213.2 sec left
CG set 2350 / 6116    683.2264 GFlop/s     (683.2264 GFlop/s per process)    38%    2212.6 sec left
CG set 2351 / 6116    683.2264 GFlop/s     (683.2264 GFlop/s per process)    38%    2212.0 sec left
CG set 2352 / 6116    683.2261 GFlop/s     (683.2261 GFlop/s per process)    38%    2211.4 sec left
CG set 2353 / 6116    683.2261 GFlop/s     (683.2261 GFlop/s per process)    38%    2210.9 sec left
CG set 2354 / 6116    683.2260 GFlop/s     (683.2260 GFlop/s per process)    38%    2210.3 sec left
CG set 2355 / 6116    683.2256 GFlop/s     (683.2256 GFlop/s per process)    38%    2209.7 sec left
CG set 2356 / 6116    683.2254 GFlop/s     (683.2254 GFlop/s per process)    38%    2209.1 sec left
CG set 2357 / 6116    683.2250 GFlop/s     (683.2250 GFlop/s per process)    38%    2208.5 sec left
CG set 2358 / 6116    683.2247 GFlop/s     (683.2247 GFlop/s per process)    38%    2207.9 sec left
CG set 2359 / 6116    683.2245 GFlop/s     (683.2245 GFlop/s per process)    38%    2207.3 sec left
CG set 2360 / 6116    683.2245 GFlop/s     (683.2245 GFlop/s per process)    38%    2206.7 sec left
CG set 2361 / 6116    683.2244 GFlop/s     (683.2244 GFlop/s per process)    38%    2206.1 sec left
CG set 2362 / 6116    683.2243 GFlop/s     (683.2243 GFlop/s per process)    38%    2205.5 sec left
CG set 2363 / 6116    683.2242 GFlop/s     (683.2242 GFlop/s per process)    38%    2204.9 sec left
CG set 2364 / 6116    683.2241 GFlop/s     (683.2241 GFlop/s per process)    38%    2204.4 sec left
CG set 2365 / 6116    683.2241 GFlop/s     (683.2241 GFlop/s per process)    38%    2203.8 sec left
CG set 2366 / 6116    683.2236 GFlop/s     (683.2236 GFlop/s per process)    38%    2203.2 sec left
CG set 2367 / 6116    683.2237 GFlop/s     (683.2237 GFlop/s per process)    38%    2202.6 sec left
CG set 2368 / 6116    683.2236 GFlop/s     (683.2236 GFlop/s per process)    38%    2202.0 sec left
CG set 2369 / 6116    683.2236 GFlop/s     (683.2236 GFlop/s per process)    38%    2201.4 sec left
CG set 2370 / 6116    683.2235 GFlop/s     (683.2235 GFlop/s per process)    38%    2200.8 sec left
CG set 2371 / 6116    683.2234 GFlop/s     (683.2234 GFlop/s per process)    38%    2200.2 sec left
CG set 2372 / 6116    683.2233 GFlop/s     (683.2233 GFlop/s per process)    38%    2199.6 sec left
CG set 2373 / 6116    683.2231 GFlop/s     (683.2231 GFlop/s per process)    38%    2199.0 sec left
CG set 2374 / 6116    683.2229 GFlop/s     (683.2229 GFlop/s per process)    38%    2198.4 sec left
CG set 2375 / 6116    683.2227 GFlop/s     (683.2227 GFlop/s per process)    38%    2197.9 sec left
CG set 2376 / 6116    683.2225 GFlop/s     (683.2225 GFlop/s per process)    38%    2197.3 sec left
CG set 2377 / 6116    683.2220 GFlop/s     (683.2220 GFlop/s per process)    38%    2196.7 sec left
CG set 2378 / 6116    683.2222 GFlop/s     (683.2222 GFlop/s per process)    38%    2196.1 sec left
CG set 2379 / 6116    683.2219 GFlop/s     (683.2219 GFlop/s per process)    38%    2195.5 sec left
CG set 2380 / 6116    683.2217 GFlop/s     (683.2217 GFlop/s per process)    38%    2194.9 sec left
CG set 2381 / 6116    683.2215 GFlop/s     (683.2215 GFlop/s per process)    38%    2194.3 sec left
CG set 2382 / 6116    683.2213 GFlop/s     (683.2213 GFlop/s per process)    38%    2193.7 sec left
CG set 2383 / 6116    683.2213 GFlop/s     (683.2213 GFlop/s per process)    38%    2193.1 sec left
CG set 2384 / 6116    683.2209 GFlop/s     (683.2209 GFlop/s per process)    38%    2192.5 sec left
CG set 2385 / 6116    683.2209 GFlop/s     (683.2209 GFlop/s per process)    38%    2192.0 sec left
CG set 2386 / 6116    683.2208 GFlop/s     (683.2208 GFlop/s per process)    39%    2191.4 sec left
CG set 2387 / 6116    683.2208 GFlop/s     (683.2208 GFlop/s per process)    39%    2190.8 sec left
CG set 2388 / 6116    683.2208 GFlop/s     (683.2208 GFlop/s per process)    39%    2190.2 sec left
CG set 2389 / 6116    683.2207 GFlop/s     (683.2207 GFlop/s per process)    39%    2189.6 sec left
CG set 2390 / 6116    683.2207 GFlop/s     (683.2207 GFlop/s per process)    39%    2189.0 sec left
CG set 2391 / 6116    683.2205 GFlop/s     (683.2205 GFlop/s per process)    39%    2188.4 sec left
CG set 2392 / 6116    683.2204 GFlop/s     (683.2204 GFlop/s per process)    39%    2187.8 sec left
CG set 2393 / 6116    683.2200 GFlop/s     (683.2200 GFlop/s per process)    39%    2187.2 sec left
CG set 2394 / 6116    683.2199 GFlop/s     (683.2199 GFlop/s per process)    39%    2186.6 sec left
CG set 2395 / 6116    683.2197 GFlop/s     (683.2197 GFlop/s per process)    39%    2186.0 sec left
CG set 2396 / 6116    683.2196 GFlop/s     (683.2196 GFlop/s per process)    39%    2185.5 sec left
CG set 2397 / 6116    683.2194 GFlop/s     (683.2194 GFlop/s per process)    39%    2184.9 sec left
CG set 2398 / 6116    683.2192 GFlop/s     (683.2192 GFlop/s per process)    39%    2184.3 sec left
CG set 2399 / 6116    683.2191 GFlop/s     (683.2191 GFlop/s per process)    39%    2183.7 sec left
CG set 2400 / 6116    683.2190 GFlop/s     (683.2190 GFlop/s per process)    39%    2183.1 sec left
CG set 2401 / 6116    683.2189 GFlop/s     (683.2189 GFlop/s per process)    39%    2182.5 sec left
CG set 2402 / 6116    683.2187 GFlop/s     (683.2187 GFlop/s per process)    39%    2181.9 sec left
CG set 2403 / 6116    683.2184 GFlop/s     (683.2184 GFlop/s per process)    39%    2181.3 sec left
CG set 2404 / 6116    683.2181 GFlop/s     (683.2181 GFlop/s per process)    39%    2180.7 sec left
CG set 2405 / 6116    683.2180 GFlop/s     (683.2180 GFlop/s per process)    39%    2180.1 sec left
CG set 2406 / 6116    683.2179 GFlop/s     (683.2179 GFlop/s per process)    39%    2179.5 sec left
CG set 2407 / 6116    683.2172 GFlop/s     (683.2172 GFlop/s per process)    39%    2179.0 sec left
CG set 2408 / 6116    683.2168 GFlop/s     (683.2168 GFlop/s per process)    39%    2178.4 sec left
CG set 2409 / 6116    683.2167 GFlop/s     (683.2167 GFlop/s per process)    39%    2177.8 sec left
CG set 2410 / 6116    683.2165 GFlop/s     (683.2165 GFlop/s per process)    39%    2177.2 sec left
CG set 2411 / 6116    683.2161 GFlop/s     (683.2161 GFlop/s per process)    39%    2176.6 sec left
CG set 2412 / 6116    683.2161 GFlop/s     (683.2161 GFlop/s per process)    39%    2176.0 sec left
CG set 2413 / 6116    683.2158 GFlop/s     (683.2158 GFlop/s per process)    39%    2175.4 sec left
CG set 2414 / 6116    683.2153 GFlop/s     (683.2153 GFlop/s per process)    39%    2174.8 sec left
CG set 2415 / 6116    683.2153 GFlop/s     (683.2153 GFlop/s per process)    39%    2174.2 sec left
CG set 2416 / 6116    683.2151 GFlop/s     (683.2151 GFlop/s per process)    39%    2173.6 sec left
CG set 2417 / 6116    683.2149 GFlop/s     (683.2149 GFlop/s per process)    39%    2173.0 sec left
CG set 2418 / 6116    683.2144 GFlop/s     (683.2144 GFlop/s per process)    39%    2172.5 sec left
CG set 2419 / 6116    683.2142 GFlop/s     (683.2142 GFlop/s per process)    39%    2171.9 sec left
CG set 2420 / 6116    683.2140 GFlop/s     (683.2140 GFlop/s per process)    39%    2171.3 sec left
CG set 2421 / 6116    683.2141 GFlop/s     (683.2141 GFlop/s per process)    39%    2170.7 sec left
CG set 2422 / 6116    683.2138 GFlop/s     (683.2138 GFlop/s per process)    39%    2170.1 sec left
CG set 2423 / 6116    683.2139 GFlop/s     (683.2139 GFlop/s per process)    39%    2169.5 sec left
CG set 2424 / 6116    683.2134 GFlop/s     (683.2134 GFlop/s per process)    39%    2168.9 sec left
CG set 2425 / 6116    683.2134 GFlop/s     (683.2134 GFlop/s per process)    39%    2168.3 sec left
CG set 2426 / 6116    683.2133 GFlop/s     (683.2133 GFlop/s per process)    39%    2167.7 sec left
CG set 2427 / 6116    683.2133 GFlop/s     (683.2133 GFlop/s per process)    39%    2167.1 sec left
CG set 2428 / 6116    683.2132 GFlop/s     (683.2132 GFlop/s per process)    39%    2166.5 sec left
CG set 2429 / 6116    683.2131 GFlop/s     (683.2131 GFlop/s per process)    39%    2166.0 sec left
CG set 2430 / 6116    683.2130 GFlop/s     (683.2130 GFlop/s per process)    39%    2165.4 sec left
CG set 2431 / 6116    683.2128 GFlop/s     (683.2128 GFlop/s per process)    39%    2164.8 sec left
CG set 2432 / 6116    683.2123 GFlop/s     (683.2123 GFlop/s per process)    39%    2164.2 sec left
CG set 2433 / 6116    683.2123 GFlop/s     (683.2123 GFlop/s per process)    39%    2163.6 sec left
CG set 2434 / 6116    683.2120 GFlop/s     (683.2120 GFlop/s per process)    39%    2163.0 sec left
CG set 2435 / 6116    683.2118 GFlop/s     (683.2118 GFlop/s per process)    39%    2162.4 sec left
CG set 2436 / 6116    683.2118 GFlop/s     (683.2118 GFlop/s per process)    39%    2161.8 sec left
CG set 2437 / 6116    683.2117 GFlop/s     (683.2117 GFlop/s per process)    39%    2161.2 sec left
CG set 2438 / 6116    683.2114 GFlop/s     (683.2114 GFlop/s per process)    39%    2160.6 sec left
CG set 2439 / 6116    683.2112 GFlop/s     (683.2112 GFlop/s per process)    39%    2160.0 sec left
CG set 2440 / 6116    683.2112 GFlop/s     (683.2112 GFlop/s per process)    39%    2159.5 sec left
CG set 2441 / 6116    683.2112 GFlop/s     (683.2112 GFlop/s per process)    39%    2158.9 sec left
CG set 2442 / 6116    683.2109 GFlop/s     (683.2109 GFlop/s per process)    39%    2158.3 sec left
CG set 2443 / 6116    683.2107 GFlop/s     (683.2107 GFlop/s per process)    39%    2157.7 sec left
CG set 2444 / 6116    683.2107 GFlop/s     (683.2107 GFlop/s per process)    39%    2157.1 sec left
CG set 2445 / 6116    683.2102 GFlop/s     (683.2102 GFlop/s per process)    39%    2156.5 sec left
CG set 2446 / 6116    683.2099 GFlop/s     (683.2099 GFlop/s per process)    39%    2155.9 sec left
CG set 2447 / 6116    683.2097 GFlop/s     (683.2097 GFlop/s per process)    40%    2155.3 sec left
CG set 2448 / 6116    683.2094 GFlop/s     (683.2094 GFlop/s per process)    40%    2154.7 sec left
CG set 2449 / 6116    683.2094 GFlop/s     (683.2094 GFlop/s per process)    40%    2154.1 sec left
CG set 2450 / 6116    683.2092 GFlop/s     (683.2092 GFlop/s per process)    40%    2153.6 sec left
CG set 2451 / 6116    683.2092 GFlop/s     (683.2092 GFlop/s per process)    40%    2153.0 sec left
CG set 2452 / 6116    683.2088 GFlop/s     (683.2088 GFlop/s per process)    40%    2152.4 sec left
CG set 2453 / 6116    683.2081 GFlop/s     (683.2081 GFlop/s per process)    40%    2151.8 sec left
CG set 2454 / 6116    683.2081 GFlop/s     (683.2081 GFlop/s per process)    40%    2151.2 sec left
CG set 2455 / 6116    683.2081 GFlop/s     (683.2081 GFlop/s per process)    40%    2150.6 sec left
CG set 2456 / 6116    683.2081 GFlop/s     (683.2081 GFlop/s per process)    40%    2150.0 sec left
CG set 2457 / 6116    683.2078 GFlop/s     (683.2078 GFlop/s per process)    40%    2149.4 sec left
CG set 2458 / 6116    683.2075 GFlop/s     (683.2075 GFlop/s per process)    40%    2148.8 sec left
CG set 2459 / 6116    683.2074 GFlop/s     (683.2074 GFlop/s per process)    40%    2148.2 sec left
CG set 2460 / 6116    683.2072 GFlop/s     (683.2072 GFlop/s per process)    40%    2147.6 sec left
CG set 2461 / 6116    683.2069 GFlop/s     (683.2069 GFlop/s per process)    40%    2147.1 sec left
CG set 2462 / 6116    683.2067 GFlop/s     (683.2067 GFlop/s per process)    40%    2146.5 sec left
CG set 2463 / 6116    683.2061 GFlop/s     (683.2061 GFlop/s per process)    40%    2145.9 sec left
CG set 2464 / 6116    683.2061 GFlop/s     (683.2061 GFlop/s per process)    40%    2145.3 sec left
CG set 2465 / 6116    683.2059 GFlop/s     (683.2059 GFlop/s per process)    40%    2144.7 sec left
CG set 2466 / 6116    683.2059 GFlop/s     (683.2059 GFlop/s per process)    40%    2144.1 sec left
CG set 2467 / 6116    683.2060 GFlop/s     (683.2060 GFlop/s per process)    40%    2143.5 sec left
CG set 2468 / 6116    683.2059 GFlop/s     (683.2059 GFlop/s per process)    40%    2142.9 sec left
CG set 2469 / 6116    683.2060 GFlop/s     (683.2060 GFlop/s per process)    40%    2142.3 sec left
CG set 2470 / 6116    683.2058 GFlop/s     (683.2058 GFlop/s per process)    40%    2141.7 sec left
CG set 2471 / 6116    683.2058 GFlop/s     (683.2058 GFlop/s per process)    40%    2141.1 sec left
CG set 2472 / 6116    683.2057 GFlop/s     (683.2057 GFlop/s per process)    40%    2140.6 sec left
CG set 2473 / 6116    683.2054 GFlop/s     (683.2054 GFlop/s per process)    40%    2140.0 sec left
CG set 2474 / 6116    683.2052 GFlop/s     (683.2052 GFlop/s per process)    40%    2139.4 sec left
CG set 2475 / 6116    683.2050 GFlop/s     (683.2050 GFlop/s per process)    40%    2138.8 sec left
CG set 2476 / 6116    683.2050 GFlop/s     (683.2050 GFlop/s per process)    40%    2138.2 sec left
CG set 2477 / 6116    683.2048 GFlop/s     (683.2048 GFlop/s per process)    40%    2137.6 sec left
CG set 2478 / 6116    683.2046 GFlop/s     (683.2046 GFlop/s per process)    40%    2137.0 sec left
CG set 2479 / 6116    683.2044 GFlop/s     (683.2044 GFlop/s per process)    40%    2136.4 sec left
CG set 2480 / 6116    683.2043 GFlop/s     (683.2043 GFlop/s per process)    40%    2135.8 sec left
CG set 2481 / 6116    683.2039 GFlop/s     (683.2039 GFlop/s per process)    40%    2135.2 sec left
CG set 2482 / 6116    683.2038 GFlop/s     (683.2038 GFlop/s per process)    40%    2134.6 sec left
CG set 2483 / 6116    683.2038 GFlop/s     (683.2038 GFlop/s per process)    40%    2134.1 sec left
CG set 2484 / 6116    683.2034 GFlop/s     (683.2034 GFlop/s per process)    40%    2133.5 sec left
CG set 2485 / 6116    683.2036 GFlop/s     (683.2036 GFlop/s per process)    40%    2132.9 sec left
CG set 2486 / 6116    683.2034 GFlop/s     (683.2034 GFlop/s per process)    40%    2132.3 sec left
CG set 2487 / 6116    683.2031 GFlop/s     (683.2031 GFlop/s per process)    40%    2131.7 sec left
CG set 2488 / 6116    683.2028 GFlop/s     (683.2028 GFlop/s per process)    40%    2131.1 sec left
CG set 2489 / 6116    683.2028 GFlop/s     (683.2028 GFlop/s per process)    40%    2130.5 sec left
CG set 2490 / 6116    683.2024 GFlop/s     (683.2024 GFlop/s per process)    40%    2129.9 sec left
CG set 2491 / 6116    683.2021 GFlop/s     (683.2021 GFlop/s per process)    40%    2129.3 sec left
CG set 2492 / 6116    683.2018 GFlop/s     (683.2018 GFlop/s per process)    40%    2128.7 sec left
CG set 2493 / 6116    683.2017 GFlop/s     (683.2017 GFlop/s per process)    40%    2128.1 sec left
CG set 2494 / 6116    683.2013 GFlop/s     (683.2013 GFlop/s per process)    40%    2127.6 sec left
CG set 2495 / 6116    683.2012 GFlop/s     (683.2012 GFlop/s per process)    40%    2127.0 sec left
CG set 2496 / 6116    683.2011 GFlop/s     (683.2011 GFlop/s per process)    40%    2126.4 sec left
CG set 2497 / 6116    683.2008 GFlop/s     (683.2008 GFlop/s per process)    40%    2125.8 sec left
CG set 2498 / 6116    683.2004 GFlop/s     (683.2004 GFlop/s per process)    40%    2125.2 sec left
CG set 2499 / 6116    683.2002 GFlop/s     (683.2002 GFlop/s per process)    40%    2124.6 sec left
CG set 2500 / 6116    683.2002 GFlop/s     (683.2002 GFlop/s per process)    40%    2124.0 sec left
CG set 2501 / 6116    683.1998 GFlop/s     (683.1998 GFlop/s per process)    40%    2123.4 sec left
CG set 2502 / 6116    683.1998 GFlop/s     (683.1998 GFlop/s per process)    40%    2122.8 sec left
CG set 2503 / 6116    683.1998 GFlop/s     (683.1998 GFlop/s per process)    40%    2122.2 sec left
CG set 2504 / 6116    683.1994 GFlop/s     (683.1994 GFlop/s per process)    40%    2121.6 sec left
CG set 2505 / 6116    683.1993 GFlop/s     (683.1993 GFlop/s per process)    40%    2121.1 sec left
CG set 2506 / 6116    683.1991 GFlop/s     (683.1991 GFlop/s per process)    40%    2120.5 sec left
CG set 2507 / 6116    683.1991 GFlop/s     (683.1991 GFlop/s per process)    40%    2119.9 sec left
CG set 2508 / 6116    683.1989 GFlop/s     (683.1989 GFlop/s per process)    41%    2119.3 sec left
CG set 2509 / 6116    683.1987 GFlop/s     (683.1987 GFlop/s per process)    41%    2118.7 sec left
CG set 2510 / 6116    683.1987 GFlop/s     (683.1987 GFlop/s per process)    41%    2118.1 sec left
CG set 2511 / 6116    683.1984 GFlop/s     (683.1984 GFlop/s per process)    41%    2117.5 sec left
CG set 2512 / 6116    683.1984 GFlop/s     (683.1984 GFlop/s per process)    41%    2116.9 sec left
CG set 2513 / 6116    683.1981 GFlop/s     (683.1981 GFlop/s per process)    41%    2116.3 sec left
CG set 2514 / 6116    683.1980 GFlop/s     (683.1980 GFlop/s per process)    41%    2115.7 sec left
CG set 2515 / 6116    683.1978 GFlop/s     (683.1978 GFlop/s per process)    41%    2115.2 sec left
CG set 2516 / 6116    683.1976 GFlop/s     (683.1976 GFlop/s per process)    41%    2114.6 sec left
CG set 2517 / 6116    683.1974 GFlop/s     (683.1974 GFlop/s per process)    41%    2114.0 sec left
CG set 2518 / 6116    683.1973 GFlop/s     (683.1973 GFlop/s per process)    41%    2113.4 sec left
CG set 2519 / 6116    683.1974 GFlop/s     (683.1974 GFlop/s per process)    41%    2112.8 sec left
CG set 2520 / 6116    683.1972 GFlop/s     (683.1972 GFlop/s per process)    41%    2112.2 sec left
CG set 2521 / 6116    683.1969 GFlop/s     (683.1969 GFlop/s per process)    41%    2111.6 sec left
CG set 2522 / 6116    683.1966 GFlop/s     (683.1966 GFlop/s per process)    41%    2111.0 sec left
CG set 2523 / 6116    683.1962 GFlop/s     (683.1962 GFlop/s per process)    41%    2110.4 sec left
CG set 2524 / 6116    683.1963 GFlop/s     (683.1963 GFlop/s per process)    41%    2109.8 sec left
CG set 2525 / 6116    683.1962 GFlop/s     (683.1962 GFlop/s per process)    41%    2109.2 sec left
CG set 2526 / 6116    683.1958 GFlop/s     (683.1958 GFlop/s per process)    41%    2108.7 sec left
CG set 2527 / 6116    683.1955 GFlop/s     (683.1955 GFlop/s per process)    41%    2108.1 sec left
CG set 2528 / 6116    683.1952 GFlop/s     (683.1952 GFlop/s per process)    41%    2107.5 sec left
CG set 2529 / 6116    683.1951 GFlop/s     (683.1951 GFlop/s per process)    41%    2106.9 sec left
CG set 2530 / 6116    683.1950 GFlop/s     (683.1950 GFlop/s per process)    41%    2106.3 sec left
CG set 2531 / 6116    683.1947 GFlop/s     (683.1947 GFlop/s per process)    41%    2105.7 sec left
CG set 2532 / 6116    683.1943 GFlop/s     (683.1943 GFlop/s per process)    41%    2105.1 sec left
CG set 2533 / 6116    683.1942 GFlop/s     (683.1942 GFlop/s per process)    41%    2104.5 sec left
CG set 2534 / 6116    683.1939 GFlop/s     (683.1939 GFlop/s per process)    41%    2103.9 sec left
CG set 2535 / 6116    683.1937 GFlop/s     (683.1937 GFlop/s per process)    41%    2103.3 sec left
CG set 2536 / 6116    683.1936 GFlop/s     (683.1936 GFlop/s per process)    41%    2102.7 sec left
CG set 2537 / 6116    683.1934 GFlop/s     (683.1934 GFlop/s per process)    41%    2102.2 sec left
CG set 2538 / 6116    683.1934 GFlop/s     (683.1934 GFlop/s per process)    41%    2101.6 sec left
CG set 2539 / 6116    683.1932 GFlop/s     (683.1932 GFlop/s per process)    41%    2101.0 sec left
CG set 2540 / 6116    683.1930 GFlop/s     (683.1930 GFlop/s per process)    41%    2100.4 sec left
CG set 2541 / 6116    683.1929 GFlop/s     (683.1929 GFlop/s per process)    41%    2099.8 sec left
CG set 2542 / 6116    683.1926 GFlop/s     (683.1926 GFlop/s per process)    41%    2099.2 sec left
CG set 2543 / 6116    683.1924 GFlop/s     (683.1924 GFlop/s per process)    41%    2098.6 sec left
CG set 2544 / 6116    683.1924 GFlop/s     (683.1924 GFlop/s per process)    41%    2098.0 sec left
CG set 2545 / 6116    683.1920 GFlop/s     (683.1920 GFlop/s per process)    41%    2097.4 sec left
CG set 2546 / 6116    683.1919 GFlop/s     (683.1919 GFlop/s per process)    41%    2096.8 sec left
CG set 2547 / 6116    683.1919 GFlop/s     (683.1919 GFlop/s per process)    41%    2096.2 sec left
CG set 2548 / 6116    683.1918 GFlop/s     (683.1918 GFlop/s per process)    41%    2095.7 sec left
CG set 2549 / 6116    683.1917 GFlop/s     (683.1917 GFlop/s per process)    41%    2095.1 sec left
CG set 2550 / 6116    683.1914 GFlop/s     (683.1914 GFlop/s per process)    41%    2094.5 sec left
CG set 2551 / 6116    683.1913 GFlop/s     (683.1913 GFlop/s per process)    41%    2093.9 sec left
CG set 2552 / 6116    683.1912 GFlop/s     (683.1912 GFlop/s per process)    41%    2093.3 sec left
CG set 2553 / 6116    683.1908 GFlop/s     (683.1908 GFlop/s per process)    41%    2092.7 sec left
CG set 2554 / 6116    683.1904 GFlop/s     (683.1904 GFlop/s per process)    41%    2092.1 sec left
CG set 2555 / 6116    683.1901 GFlop/s     (683.1901 GFlop/s per process)    41%    2091.5 sec left
CG set 2556 / 6116    683.1899 GFlop/s     (683.1899 GFlop/s per process)    41%    2090.9 sec left
CG set 2557 / 6116    683.1899 GFlop/s     (683.1899 GFlop/s per process)    41%    2090.3 sec left
CG set 2558 / 6116    683.1897 GFlop/s     (683.1897 GFlop/s per process)    41%    2089.7 sec left
CG set 2559 / 6116    683.1895 GFlop/s     (683.1895 GFlop/s per process)    41%    2089.2 sec left
CG set 2560 / 6116    683.1892 GFlop/s     (683.1892 GFlop/s per process)    41%    2088.6 sec left
CG set 2561 / 6116    683.1888 GFlop/s     (683.1888 GFlop/s per process)    41%    2088.0 sec left
CG set 2562 / 6116    683.1887 GFlop/s     (683.1887 GFlop/s per process)    41%    2087.4 sec left
CG set 2563 / 6116    683.1882 GFlop/s     (683.1882 GFlop/s per process)    41%    2086.8 sec left
CG set 2564 / 6116    683.1880 GFlop/s     (683.1880 GFlop/s per process)    41%    2086.2 sec left
CG set 2565 / 6116    683.1879 GFlop/s     (683.1879 GFlop/s per process)    41%    2085.6 sec left
CG set 2566 / 6116    683.1879 GFlop/s     (683.1879 GFlop/s per process)    41%    2085.0 sec left
CG set 2567 / 6116    683.1878 GFlop/s     (683.1878 GFlop/s per process)    41%    2084.4 sec left
CG set 2568 / 6116    683.1876 GFlop/s     (683.1876 GFlop/s per process)    41%    2083.8 sec left
CG set 2569 / 6116    683.1874 GFlop/s     (683.1874 GFlop/s per process)    42%    2083.2 sec left
CG set 2570 / 6116    683.1870 GFlop/s     (683.1870 GFlop/s per process)    42%    2082.7 sec left
CG set 2571 / 6116    683.1870 GFlop/s     (683.1870 GFlop/s per process)    42%    2082.1 sec left
CG set 2572 / 6116    683.1868 GFlop/s     (683.1868 GFlop/s per process)    42%    2081.5 sec left
CG set 2573 / 6116    683.1865 GFlop/s     (683.1865 GFlop/s per process)    42%    2080.9 sec left
CG set 2574 / 6116    683.1863 GFlop/s     (683.1863 GFlop/s per process)    42%    2080.3 sec left
CG set 2575 / 6116    683.1861 GFlop/s     (683.1861 GFlop/s per process)    42%    2079.7 sec left
CG set 2576 / 6116    683.1860 GFlop/s     (683.1860 GFlop/s per process)    42%    2079.1 sec left
CG set 2577 / 6116    683.1857 GFlop/s     (683.1857 GFlop/s per process)    42%    2078.5 sec left
CG set 2578 / 6116    683.1855 GFlop/s     (683.1855 GFlop/s per process)    42%    2077.9 sec left
CG set 2579 / 6116    683.1854 GFlop/s     (683.1854 GFlop/s per process)    42%    2077.3 sec left
CG set 2580 / 6116    683.1855 GFlop/s     (683.1855 GFlop/s per process)    42%    2076.7 sec left
CG set 2581 / 6116    683.1854 GFlop/s     (683.1854 GFlop/s per process)    42%    2076.2 sec left
CG set 2582 / 6116    683.1852 GFlop/s     (683.1852 GFlop/s per process)    42%    2075.6 sec left
CG set 2583 / 6116    683.1852 GFlop/s     (683.1852 GFlop/s per process)    42%    2075.0 sec left
CG set 2584 / 6116    683.1850 GFlop/s     (683.1850 GFlop/s per process)    42%    2074.4 sec left
CG set 2585 / 6116    683.1849 GFlop/s     (683.1849 GFlop/s per process)    42%    2073.8 sec left
CG set 2586 / 6116    683.1846 GFlop/s     (683.1846 GFlop/s per process)    42%    2073.2 sec left
CG set 2587 / 6116    683.1845 GFlop/s     (683.1845 GFlop/s per process)    42%    2072.6 sec left
CG set 2588 / 6116    683.1842 GFlop/s     (683.1842 GFlop/s per process)    42%    2072.0 sec left
CG set 2589 / 6116    683.1839 GFlop/s     (683.1839 GFlop/s per process)    42%    2071.4 sec left
CG set 2590 / 6116    683.1838 GFlop/s     (683.1838 GFlop/s per process)    42%    2070.8 sec left
CG set 2591 / 6116    683.1834 GFlop/s     (683.1834 GFlop/s per process)    42%    2070.2 sec left
CG set 2592 / 6116    683.1832 GFlop/s     (683.1832 GFlop/s per process)    42%    2069.7 sec left
CG set 2593 / 6116    683.1832 GFlop/s     (683.1832 GFlop/s per process)    42%    2069.1 sec left
CG set 2594 / 6116    683.1831 GFlop/s     (683.1831 GFlop/s per process)    42%    2068.5 sec left
CG set 2595 / 6116    683.1825 GFlop/s     (683.1825 GFlop/s per process)    42%    2067.9 sec left
CG set 2596 / 6116    683.1822 GFlop/s     (683.1822 GFlop/s per process)    42%    2067.3 sec left
CG set 2597 / 6116    683.1822 GFlop/s     (683.1822 GFlop/s per process)    42%    2066.7 sec left
CG set 2598 / 6116    683.1818 GFlop/s     (683.1818 GFlop/s per process)    42%    2066.1 sec left
CG set 2599 / 6116    683.1817 GFlop/s     (683.1817 GFlop/s per process)    42%    2065.5 sec left
CG set 2600 / 6116    683.1813 GFlop/s     (683.1813 GFlop/s per process)    42%    2064.9 sec left
CG set 2601 / 6116    683.1811 GFlop/s     (683.1811 GFlop/s per process)    42%    2064.3 sec left
CG set 2602 / 6116    683.1811 GFlop/s     (683.1811 GFlop/s per process)    42%    2063.7 sec left
CG set 2603 / 6116    683.1809 GFlop/s     (683.1809 GFlop/s per process)    42%    2063.2 sec left
CG set 2604 / 6116    683.1805 GFlop/s     (683.1805 GFlop/s per process)    42%    2062.6 sec left
CG set 2605 / 6116    683.1804 GFlop/s     (683.1804 GFlop/s per process)    42%    2062.0 sec left
CG set 2606 / 6116    683.1801 GFlop/s     (683.1801 GFlop/s per process)    42%    2061.4 sec left
CG set 2607 / 6116    683.1800 GFlop/s     (683.1800 GFlop/s per process)    42%    2060.8 sec left
CG set 2608 / 6116    683.1801 GFlop/s     (683.1801 GFlop/s per process)    42%    2060.2 sec left
CG set 2609 / 6116    683.1800 GFlop/s     (683.1800 GFlop/s per process)    42%    2059.6 sec left
CG set 2610 / 6116    683.1800 GFlop/s     (683.1800 GFlop/s per process)    42%    2059.0 sec left
CG set 2611 / 6116    683.1799 GFlop/s     (683.1799 GFlop/s per process)    42%    2058.4 sec left
CG set 2612 / 6116    683.1796 GFlop/s     (683.1796 GFlop/s per process)    42%    2057.8 sec left
CG set 2613 / 6116    683.1795 GFlop/s     (683.1795 GFlop/s per process)    42%    2057.2 sec left
CG set 2614 / 6116    683.1792 GFlop/s     (683.1792 GFlop/s per process)    42%    2056.7 sec left
CG set 2615 / 6116    683.1789 GFlop/s     (683.1789 GFlop/s per process)    42%    2056.1 sec left
CG set 2616 / 6116    683.1784 GFlop/s     (683.1784 GFlop/s per process)    42%    2055.5 sec left
CG set 2617 / 6116    683.1783 GFlop/s     (683.1783 GFlop/s per process)    42%    2054.9 sec left
CG set 2618 / 6116    683.1783 GFlop/s     (683.1783 GFlop/s per process)    42%    2054.3 sec left
CG set 2619 / 6116    683.1783 GFlop/s     (683.1783 GFlop/s per process)    42%    2053.7 sec left
CG set 2620 / 6116    683.1778 GFlop/s     (683.1778 GFlop/s per process)    42%    2053.1 sec left
CG set 2621 / 6116    683.1777 GFlop/s     (683.1777 GFlop/s per process)    42%    2052.5 sec left
CG set 2622 / 6116    683.1773 GFlop/s     (683.1773 GFlop/s per process)    42%    2051.9 sec left
CG set 2623 / 6116    683.1771 GFlop/s     (683.1771 GFlop/s per process)    42%    2051.3 sec left
CG set 2624 / 6116    683.1767 GFlop/s     (683.1767 GFlop/s per process)    42%    2050.7 sec left
CG set 2625 / 6116    683.1766 GFlop/s     (683.1766 GFlop/s per process)    42%    2050.2 sec left
CG set 2626 / 6116    683.1762 GFlop/s     (683.1762 GFlop/s per process)    42%    2049.6 sec left
CG set 2627 / 6116    683.1760 GFlop/s     (683.1760 GFlop/s per process)    42%    2049.0 sec left
CG set 2628 / 6116    683.1758 GFlop/s     (683.1758 GFlop/s per process)    42%    2048.4 sec left
CG set 2629 / 6116    683.1756 GFlop/s     (683.1756 GFlop/s per process)    42%    2047.8 sec left
CG set 2630 / 6116    683.1753 GFlop/s     (683.1753 GFlop/s per process)    43%    2047.2 sec left
CG set 2631 / 6116    683.1751 GFlop/s     (683.1751 GFlop/s per process)    43%    2046.6 sec left
CG set 2632 / 6116    683.1751 GFlop/s     (683.1751 GFlop/s per process)    43%    2046.0 sec left
CG set 2633 / 6116    683.1749 GFlop/s     (683.1749 GFlop/s per process)    43%    2045.4 sec left
CG set 2634 / 6116    683.1746 GFlop/s     (683.1746 GFlop/s per process)    43%    2044.8 sec left
CG set 2635 / 6116    683.1745 GFlop/s     (683.1745 GFlop/s per process)    43%    2044.2 sec left
CG set 2636 / 6116    683.1742 GFlop/s     (683.1742 GFlop/s per process)    43%    2043.7 sec left
CG set 2637 / 6116    683.1741 GFlop/s     (683.1741 GFlop/s per process)    43%    2043.1 sec left
CG set 2638 / 6116    683.1738 GFlop/s     (683.1738 GFlop/s per process)    43%    2042.5 sec left
CG set 2639 / 6116    683.1735 GFlop/s     (683.1735 GFlop/s per process)    43%    2041.9 sec left
CG set 2640 / 6116    683.1732 GFlop/s     (683.1732 GFlop/s per process)    43%    2041.3 sec left
CG set 2641 / 6116    683.1727 GFlop/s     (683.1727 GFlop/s per process)    43%    2040.7 sec left
CG set 2642 / 6116    683.1727 GFlop/s     (683.1727 GFlop/s per process)    43%    2040.1 sec left
CG set 2643 / 6116    683.1725 GFlop/s     (683.1725 GFlop/s per process)    43%    2039.5 sec left
CG set 2644 / 6116    683.1721 GFlop/s     (683.1721 GFlop/s per process)    43%    2038.9 sec left
CG set 2645 / 6116    683.1719 GFlop/s     (683.1719 GFlop/s per process)    43%    2038.3 sec left
CG set 2646 / 6116    683.1715 GFlop/s     (683.1715 GFlop/s per process)    43%    2037.7 sec left
CG set 2647 / 6116    683.1713 GFlop/s     (683.1713 GFlop/s per process)    43%    2037.2 sec left
CG set 2648 / 6116    683.1712 GFlop/s     (683.1712 GFlop/s per process)    43%    2036.6 sec left
CG set 2649 / 6116    683.1712 GFlop/s     (683.1712 GFlop/s per process)    43%    2036.0 sec left
CG set 2650 / 6116    683.1710 GFlop/s     (683.1710 GFlop/s per process)    43%    2035.4 sec left
CG set 2651 / 6116    683.1710 GFlop/s     (683.1710 GFlop/s per process)    43%    2034.8 sec left
CG set 2652 / 6116    683.1709 GFlop/s     (683.1709 GFlop/s per process)    43%    2034.2 sec left
CG set 2653 / 6116    683.1708 GFlop/s     (683.1708 GFlop/s per process)    43%    2033.6 sec left
CG set 2654 / 6116    683.1709 GFlop/s     (683.1709 GFlop/s per process)    43%    2033.0 sec left
CG set 2655 / 6116    683.1707 GFlop/s     (683.1707 GFlop/s per process)    43%    2032.4 sec left
CG set 2656 / 6116    683.1704 GFlop/s     (683.1704 GFlop/s per process)    43%    2031.8 sec left
CG set 2657 / 6116    683.1699 GFlop/s     (683.1699 GFlop/s per process)    43%    2031.2 sec left
CG set 2658 / 6116    683.1698 GFlop/s     (683.1698 GFlop/s per process)    43%    2030.7 sec left
CG set 2659 / 6116    683.1696 GFlop/s     (683.1696 GFlop/s per process)    43%    2030.1 sec left
CG set 2660 / 6116    683.1696 GFlop/s     (683.1696 GFlop/s per process)    43%    2029.5 sec left
CG set 2661 / 6116    683.1695 GFlop/s     (683.1695 GFlop/s per process)    43%    2028.9 sec left
CG set 2662 / 6116    683.1695 GFlop/s     (683.1695 GFlop/s per process)    43%    2028.3 sec left
CG set 2663 / 6116    683.1694 GFlop/s     (683.1694 GFlop/s per process)    43%    2027.7 sec left
CG set 2664 / 6116    683.1690 GFlop/s     (683.1690 GFlop/s per process)    43%    2027.1 sec left
CG set 2665 / 6116    683.1688 GFlop/s     (683.1688 GFlop/s per process)    43%    2026.5 sec left
CG set 2666 / 6116    683.1688 GFlop/s     (683.1688 GFlop/s per process)    43%    2025.9 sec left
CG set 2667 / 6116    683.1686 GFlop/s     (683.1686 GFlop/s per process)    43%    2025.3 sec left
CG set 2668 / 6116    683.1684 GFlop/s     (683.1684 GFlop/s per process)    43%    2024.8 sec left
CG set 2669 / 6116    683.1683 GFlop/s     (683.1683 GFlop/s per process)    43%    2024.2 sec left
CG set 2670 / 6116    683.1681 GFlop/s     (683.1681 GFlop/s per process)    43%    2023.6 sec left
CG set 2671 / 6116    683.1682 GFlop/s     (683.1682 GFlop/s per process)    43%    2023.0 sec left
CG set 2672 / 6116    683.1679 GFlop/s     (683.1679 GFlop/s per process)    43%    2022.4 sec left
CG set 2673 / 6116    683.1679 GFlop/s     (683.1679 GFlop/s per process)    43%    2021.8 sec left
CG set 2674 / 6116    683.1674 GFlop/s     (683.1674 GFlop/s per process)    43%    2021.2 sec left
CG set 2675 / 6116    683.1674 GFlop/s     (683.1674 GFlop/s per process)    43%    2020.6 sec left
CG set 2676 / 6116    683.1673 GFlop/s     (683.1673 GFlop/s per process)    43%    2020.0 sec left
CG set 2677 / 6116    683.1672 GFlop/s     (683.1672 GFlop/s per process)    43%    2019.4 sec left
CG set 2678 / 6116    683.1671 GFlop/s     (683.1671 GFlop/s per process)    43%    2018.8 sec left
CG set 2679 / 6116    683.1671 GFlop/s     (683.1671 GFlop/s per process)    43%    2018.3 sec left
CG set 2680 / 6116    683.1667 GFlop/s     (683.1667 GFlop/s per process)    43%    2017.7 sec left
CG set 2681 / 6116    683.1661 GFlop/s     (683.1661 GFlop/s per process)    43%    2017.1 sec left
CG set 2682 / 6116    683.1661 GFlop/s     (683.1661 GFlop/s per process)    43%    2016.5 sec left
CG set 2683 / 6116    683.1661 GFlop/s     (683.1661 GFlop/s per process)    43%    2015.9 sec left
CG set 2684 / 6116    683.1659 GFlop/s     (683.1659 GFlop/s per process)    43%    2015.3 sec left
CG set 2685 / 6116    683.1656 GFlop/s     (683.1656 GFlop/s per process)    43%    2014.7 sec left
CG set 2686 / 6116    683.1654 GFlop/s     (683.1654 GFlop/s per process)    43%    2014.1 sec left
CG set 2687 / 6116    683.1653 GFlop/s     (683.1653 GFlop/s per process)    43%    2013.5 sec left
CG set 2688 / 6116    683.1652 GFlop/s     (683.1652 GFlop/s per process)    43%    2012.9 sec left
CG set 2689 / 6116    683.1650 GFlop/s     (683.1650 GFlop/s per process)    43%    2012.3 sec left
CG set 2690 / 6116    683.1648 GFlop/s     (683.1648 GFlop/s per process)    43%    2011.8 sec left
CG set 2691 / 6116    683.1647 GFlop/s     (683.1647 GFlop/s per process)    43%    2011.2 sec left
CG set 2692 / 6116    683.1644 GFlop/s     (683.1644 GFlop/s per process)    44%    2010.6 sec left
CG set 2693 / 6116    683.1643 GFlop/s     (683.1643 GFlop/s per process)    44%    2010.0 sec left
CG set 2694 / 6116    683.1643 GFlop/s     (683.1643 GFlop/s per process)    44%    2009.4 sec left
CG set 2695 / 6116    683.1642 GFlop/s     (683.1642 GFlop/s per process)    44%    2008.8 sec left
CG set 2696 / 6116    683.1641 GFlop/s     (683.1641 GFlop/s per process)    44%    2008.2 sec left
CG set 2697 / 6116    683.1639 GFlop/s     (683.1639 GFlop/s per process)    44%    2007.6 sec left
CG set 2698 / 6116    683.1636 GFlop/s     (683.1636 GFlop/s per process)    44%    2007.0 sec left
CG set 2699 / 6116    683.1635 GFlop/s     (683.1635 GFlop/s per process)    44%    2006.4 sec left
CG set 2700 / 6116    683.1632 GFlop/s     (683.1632 GFlop/s per process)    44%    2005.8 sec left
CG set 2701 / 6116    683.1630 GFlop/s     (683.1630 GFlop/s per process)    44%    2005.3 sec left
CG set 2702 / 6116    683.1629 GFlop/s     (683.1629 GFlop/s per process)    44%    2004.7 sec left
CG set 2703 / 6116    683.1630 GFlop/s     (683.1630 GFlop/s per process)    44%    2004.1 sec left
CG set 2704 / 6116    683.1630 GFlop/s     (683.1630 GFlop/s per process)    44%    2003.5 sec left
CG set 2705 / 6116    683.1629 GFlop/s     (683.1629 GFlop/s per process)    44%    2002.9 sec left
CG set 2706 / 6116    683.1626 GFlop/s     (683.1626 GFlop/s per process)    44%    2002.3 sec left
CG set 2707 / 6116    683.1624 GFlop/s     (683.1624 GFlop/s per process)    44%    2001.7 sec left
CG set 2708 / 6116    683.1622 GFlop/s     (683.1622 GFlop/s per process)    44%    2001.1 sec left
CG set 2709 / 6116    683.1619 GFlop/s     (683.1619 GFlop/s per process)    44%    2000.5 sec left
CG set 2710 / 6116    683.1618 GFlop/s     (683.1618 GFlop/s per process)    44%    1999.9 sec left
CG set 2711 / 6116    683.1616 GFlop/s     (683.1616 GFlop/s per process)    44%    1999.3 sec left
CG set 2712 / 6116    683.1615 GFlop/s     (683.1615 GFlop/s per process)    44%    1998.8 sec left
CG set 2713 / 6116    683.1615 GFlop/s     (683.1615 GFlop/s per process)    44%    1998.2 sec left
CG set 2714 / 6116    683.1612 GFlop/s     (683.1612 GFlop/s per process)    44%    1997.6 sec left
CG set 2715 / 6116    683.1611 GFlop/s     (683.1611 GFlop/s per process)    44%    1997.0 sec left
CG set 2716 / 6116    683.1610 GFlop/s     (683.1610 GFlop/s per process)    44%    1996.4 sec left
CG set 2717 / 6116    683.1608 GFlop/s     (683.1608 GFlop/s per process)    44%    1995.8 sec left
CG set 2718 / 6116    683.1605 GFlop/s     (683.1605 GFlop/s per process)    44%    1995.2 sec left
CG set 2719 / 6116    683.1605 GFlop/s     (683.1605 GFlop/s per process)    44%    1994.6 sec left
CG set 2720 / 6116    683.1605 GFlop/s     (683.1605 GFlop/s per process)    44%    1994.0 sec left
CG set 2721 / 6116    683.1601 GFlop/s     (683.1601 GFlop/s per process)    44%    1993.4 sec left
CG set 2722 / 6116    683.1598 GFlop/s     (683.1598 GFlop/s per process)    44%    1992.8 sec left
CG set 2723 / 6116    683.1596 GFlop/s     (683.1596 GFlop/s per process)    44%    1992.3 sec left
CG set 2724 / 6116    683.1597 GFlop/s     (683.1597 GFlop/s per process)    44%    1991.7 sec left
CG set 2725 / 6116    683.1596 GFlop/s     (683.1596 GFlop/s per process)    44%    1991.1 sec left
CG set 2726 / 6116    683.1593 GFlop/s     (683.1593 GFlop/s per process)    44%    1990.5 sec left
CG set 2727 / 6116    683.1590 GFlop/s     (683.1590 GFlop/s per process)    44%    1989.9 sec left
CG set 2728 / 6116    683.1586 GFlop/s     (683.1586 GFlop/s per process)    44%    1989.3 sec left
CG set 2729 / 6116    683.1583 GFlop/s     (683.1583 GFlop/s per process)    44%    1988.7 sec left
CG set 2730 / 6116    683.1581 GFlop/s     (683.1581 GFlop/s per process)    44%    1988.1 sec left
CG set 2731 / 6116    683.1580 GFlop/s     (683.1580 GFlop/s per process)    44%    1987.5 sec left
CG set 2732 / 6116    683.1578 GFlop/s     (683.1578 GFlop/s per process)    44%    1986.9 sec left
CG set 2733 / 6116    683.1579 GFlop/s     (683.1579 GFlop/s per process)    44%    1986.3 sec left
CG set 2734 / 6116    683.1578 GFlop/s     (683.1578 GFlop/s per process)    44%    1985.8 sec left
CG set 2735 / 6116    683.1572 GFlop/s     (683.1572 GFlop/s per process)    44%    1985.2 sec left
CG set 2736 / 6116    683.1571 GFlop/s     (683.1571 GFlop/s per process)    44%    1984.6 sec left
CG set 2737 / 6116    683.1567 GFlop/s     (683.1567 GFlop/s per process)    44%    1984.0 sec left
CG set 2738 / 6116    683.1560 GFlop/s     (683.1560 GFlop/s per process)    44%    1983.4 sec left
CG set 2739 / 6116    683.1558 GFlop/s     (683.1558 GFlop/s per process)    44%    1982.8 sec left
CG set 2740 / 6116    683.1554 GFlop/s     (683.1554 GFlop/s per process)    44%    1982.2 sec left
CG set 2741 / 6116    683.1554 GFlop/s     (683.1554 GFlop/s per process)    44%    1981.6 sec left
CG set 2742 / 6116    683.1551 GFlop/s     (683.1551 GFlop/s per process)    44%    1981.0 sec left
CG set 2743 / 6116    683.1549 GFlop/s     (683.1549 GFlop/s per process)    44%    1980.4 sec left
CG set 2744 / 6116    683.1549 GFlop/s     (683.1549 GFlop/s per process)    44%    1979.8 sec left
CG set 2745 / 6116    683.1547 GFlop/s     (683.1547 GFlop/s per process)    44%    1979.3 sec left
CG set 2746 / 6116    683.1546 GFlop/s     (683.1546 GFlop/s per process)    44%    1978.7 sec left
CG set 2747 / 6116    683.1544 GFlop/s     (683.1544 GFlop/s per process)    44%    1978.1 sec left
CG set 2748 / 6116    683.1542 GFlop/s     (683.1542 GFlop/s per process)    44%    1977.5 sec left
CG set 2749 / 6116    683.1541 GFlop/s     (683.1541 GFlop/s per process)    44%    1976.9 sec left
CG set 2750 / 6116    683.1540 GFlop/s     (683.1540 GFlop/s per process)    44%    1976.3 sec left
CG set 2751 / 6116    683.1536 GFlop/s     (683.1536 GFlop/s per process)    44%    1975.7 sec left
CG set 2752 / 6116    683.1533 GFlop/s     (683.1533 GFlop/s per process)    44%    1975.1 sec left
CG set 2753 / 6116    683.1532 GFlop/s     (683.1532 GFlop/s per process)    45%    1974.5 sec left
CG set 2754 / 6116    683.1532 GFlop/s     (683.1532 GFlop/s per process)    45%    1973.9 sec left
CG set 2755 / 6116    683.1529 GFlop/s     (683.1529 GFlop/s per process)    45%    1973.3 sec left
CG set 2756 / 6116    683.1528 GFlop/s     (683.1528 GFlop/s per process)    45%    1972.8 sec left
CG set 2757 / 6116    683.1527 GFlop/s     (683.1527 GFlop/s per process)    45%    1972.2 sec left
CG set 2758 / 6116    683.1526 GFlop/s     (683.1526 GFlop/s per process)    45%    1971.6 sec left
CG set 2759 / 6116    683.1525 GFlop/s     (683.1525 GFlop/s per process)    45%    1971.0 sec left
CG set 2760 / 6116    683.1522 GFlop/s     (683.1522 GFlop/s per process)    45%    1970.4 sec left
CG set 2761 / 6116    683.1516 GFlop/s     (683.1516 GFlop/s per process)    45%    1969.8 sec left
CG set 2762 / 6116    683.1515 GFlop/s     (683.1515 GFlop/s per process)    45%    1969.2 sec left
CG set 2763 / 6116    683.1512 GFlop/s     (683.1512 GFlop/s per process)    45%    1968.6 sec left
CG set 2764 / 6116    683.1511 GFlop/s     (683.1511 GFlop/s per process)    45%    1968.0 sec left
CG set 2765 / 6116    683.1510 GFlop/s     (683.1510 GFlop/s per process)    45%    1967.4 sec left
CG set 2766 / 6116    683.1508 GFlop/s     (683.1508 GFlop/s per process)    45%    1966.8 sec left
CG set 2767 / 6116    683.1505 GFlop/s     (683.1505 GFlop/s per process)    45%    1966.3 sec left
CG set 2768 / 6116    683.1504 GFlop/s     (683.1504 GFlop/s per process)    45%    1965.7 sec left
CG set 2769 / 6116    683.1500 GFlop/s     (683.1500 GFlop/s per process)    45%    1965.1 sec left
CG set 2770 / 6116    683.1495 GFlop/s     (683.1495 GFlop/s per process)    45%    1964.5 sec left
CG set 2771 / 6116    683.1494 GFlop/s     (683.1494 GFlop/s per process)    45%    1963.9 sec left
CG set 2772 / 6116    683.1493 GFlop/s     (683.1493 GFlop/s per process)    45%    1963.3 sec left
CG set 2773 / 6116    683.1492 GFlop/s     (683.1492 GFlop/s per process)    45%    1962.7 sec left
CG set 2774 / 6116    683.1491 GFlop/s     (683.1491 GFlop/s per process)    45%    1962.1 sec left
CG set 2775 / 6116    683.1490 GFlop/s     (683.1490 GFlop/s per process)    45%    1961.5 sec left
CG set 2776 / 6116    683.1490 GFlop/s     (683.1490 GFlop/s per process)    45%    1960.9 sec left
CG set 2777 / 6116    683.1490 GFlop/s     (683.1490 GFlop/s per process)    45%    1960.3 sec left
CG set 2778 / 6116    683.1489 GFlop/s     (683.1489 GFlop/s per process)    45%    1959.8 sec left
CG set 2779 / 6116    683.1486 GFlop/s     (683.1486 GFlop/s per process)    45%    1959.2 sec left
CG set 2780 / 6116    683.1483 GFlop/s     (683.1483 GFlop/s per process)    45%    1958.6 sec left
CG set 2781 / 6116    683.1481 GFlop/s     (683.1481 GFlop/s per process)    45%    1958.0 sec left
CG set 2782 / 6116    683.1481 GFlop/s     (683.1481 GFlop/s per process)    45%    1957.4 sec left
CG set 2783 / 6116    683.1479 GFlop/s     (683.1479 GFlop/s per process)    45%    1956.8 sec left
CG set 2784 / 6116    683.1477 GFlop/s     (683.1477 GFlop/s per process)    45%    1956.2 sec left
CG set 2785 / 6116    683.1476 GFlop/s     (683.1476 GFlop/s per process)    45%    1955.6 sec left
CG set 2786 / 6116    683.1477 GFlop/s     (683.1477 GFlop/s per process)    45%    1955.0 sec left
CG set 2787 / 6116    683.1475 GFlop/s     (683.1475 GFlop/s per process)    45%    1954.4 sec left
CG set 2788 / 6116    683.1473 GFlop/s     (683.1473 GFlop/s per process)    45%    1953.8 sec left
CG set 2789 / 6116    683.1473 GFlop/s     (683.1473 GFlop/s per process)    45%    1953.3 sec left
CG set 2790 / 6116    683.1470 GFlop/s     (683.1470 GFlop/s per process)    45%    1952.7 sec left
CG set 2791 / 6116    683.1468 GFlop/s     (683.1468 GFlop/s per process)    45%    1952.1 sec left
CG set 2792 / 6116    683.1468 GFlop/s     (683.1468 GFlop/s per process)    45%    1951.5 sec left
CG set 2793 / 6116    683.1468 GFlop/s     (683.1468 GFlop/s per process)    45%    1950.9 sec left
CG set 2794 / 6116    683.1469 GFlop/s     (683.1469 GFlop/s per process)    45%    1950.3 sec left
CG set 2795 / 6116    683.1467 GFlop/s     (683.1467 GFlop/s per process)    45%    1949.7 sec left
CG set 2796 / 6116    683.1467 GFlop/s     (683.1467 GFlop/s per process)    45%    1949.1 sec left
CG set 2797 / 6116    683.1465 GFlop/s     (683.1465 GFlop/s per process)    45%    1948.5 sec left
CG set 2798 / 6116    683.1465 GFlop/s     (683.1465 GFlop/s per process)    45%    1947.9 sec left
CG set 2799 / 6116    683.1465 GFlop/s     (683.1465 GFlop/s per process)    45%    1947.4 sec left
CG set 2800 / 6116    683.1462 GFlop/s     (683.1462 GFlop/s per process)    45%    1946.8 sec left
CG set 2801 / 6116    683.1461 GFlop/s     (683.1461 GFlop/s per process)    45%    1946.2 sec left
CG set 2802 / 6116    683.1459 GFlop/s     (683.1459 GFlop/s per process)    45%    1945.6 sec left
CG set 2803 / 6116    683.1459 GFlop/s     (683.1459 GFlop/s per process)    45%    1945.0 sec left
CG set 2804 / 6116    683.1457 GFlop/s     (683.1457 GFlop/s per process)    45%    1944.4 sec left
CG set 2805 / 6116    683.1457 GFlop/s     (683.1457 GFlop/s per process)    45%    1943.8 sec left
CG set 2806 / 6116    683.1456 GFlop/s     (683.1456 GFlop/s per process)    45%    1943.2 sec left
CG set 2807 / 6116    683.1453 GFlop/s     (683.1453 GFlop/s per process)    45%    1942.6 sec left
CG set 2808 / 6116    683.1453 GFlop/s     (683.1453 GFlop/s per process)    45%    1942.0 sec left
CG set 2809 / 6116    683.1451 GFlop/s     (683.1451 GFlop/s per process)    45%    1941.4 sec left
CG set 2810 / 6116    683.1448 GFlop/s     (683.1448 GFlop/s per process)    45%    1940.9 sec left
CG set 2811 / 6116    683.1447 GFlop/s     (683.1447 GFlop/s per process)    45%    1940.3 sec left
CG set 2812 / 6116    683.1445 GFlop/s     (683.1445 GFlop/s per process)    45%    1939.7 sec left
CG set 2813 / 6116    683.1439 GFlop/s     (683.1439 GFlop/s per process)    45%    1939.1 sec left
CG set 2814 / 6116    683.1437 GFlop/s     (683.1437 GFlop/s per process)    46%    1938.5 sec left
CG set 2815 / 6116    683.1436 GFlop/s     (683.1436 GFlop/s per process)    46%    1937.9 sec left
CG set 2816 / 6116    683.1434 GFlop/s     (683.1434 GFlop/s per process)    46%    1937.3 sec left
CG set 2817 / 6116    683.1433 GFlop/s     (683.1433 GFlop/s per process)    46%    1936.7 sec left
CG set 2818 / 6116    683.1432 GFlop/s     (683.1432 GFlop/s per process)    46%    1936.1 sec left
CG set 2819 / 6116    683.1433 GFlop/s     (683.1433 GFlop/s per process)    46%    1935.5 sec left
CG set 2820 / 6116    683.1429 GFlop/s     (683.1429 GFlop/s per process)    46%    1934.9 sec left
CG set 2821 / 6116    683.1425 GFlop/s     (683.1425 GFlop/s per process)    46%    1934.4 sec left
CG set 2822 / 6116    683.1423 GFlop/s     (683.1423 GFlop/s per process)    46%    1933.8 sec left
CG set 2823 / 6116    683.1422 GFlop/s     (683.1422 GFlop/s per process)    46%    1933.2 sec left
CG set 2824 / 6116    683.1418 GFlop/s     (683.1418 GFlop/s per process)    46%    1932.6 sec left
CG set 2825 / 6116    683.1416 GFlop/s     (683.1416 GFlop/s per process)    46%    1932.0 sec left
CG set 2826 / 6116    683.1410 GFlop/s     (683.1410 GFlop/s per process)    46%    1931.4 sec left
CG set 2827 / 6116    683.1407 GFlop/s     (683.1407 GFlop/s per process)    46%    1930.8 sec left
CG set 2828 / 6116    683.1403 GFlop/s     (683.1403 GFlop/s per process)    46%    1930.2 sec left
CG set 2829 / 6116    683.1398 GFlop/s     (683.1398 GFlop/s per process)    46%    1929.6 sec left
CG set 2830 / 6116    683.1394 GFlop/s     (683.1394 GFlop/s per process)    46%    1929.0 sec left
CG set 2831 / 6116    683.1391 GFlop/s     (683.1391 GFlop/s per process)    46%    1928.4 sec left
CG set 2832 / 6116    683.1383 GFlop/s     (683.1383 GFlop/s per process)    46%    1927.8 sec left
CG set 2833 / 6116    683.1377 GFlop/s     (683.1377 GFlop/s per process)    46%    1927.3 sec left
CG set 2834 / 6116    683.1373 GFlop/s     (683.1373 GFlop/s per process)    46%    1926.7 sec left
CG set 2835 / 6116    683.1369 GFlop/s     (683.1369 GFlop/s per process)    46%    1926.1 sec left
CG set 2836 / 6116    683.1368 GFlop/s     (683.1368 GFlop/s per process)    46%    1925.5 sec left
CG set 2837 / 6116    683.1365 GFlop/s     (683.1365 GFlop/s per process)    46%    1924.9 sec left
CG set 2838 / 6116    683.1360 GFlop/s     (683.1360 GFlop/s per process)    46%    1924.3 sec left
CG set 2839 / 6116    683.1355 GFlop/s     (683.1355 GFlop/s per process)    46%    1923.7 sec left
CG set 2840 / 6116    683.1348 GFlop/s     (683.1348 GFlop/s per process)    46%    1923.1 sec left
CG set 2841 / 6116    683.1343 GFlop/s     (683.1343 GFlop/s per process)    46%    1922.5 sec left
CG set 2842 / 6116    683.1338 GFlop/s     (683.1338 GFlop/s per process)    46%    1921.9 sec left
CG set 2843 / 6116    683.1332 GFlop/s     (683.1332 GFlop/s per process)    46%    1921.3 sec left
CG set 2844 / 6116    683.1328 GFlop/s     (683.1328 GFlop/s per process)    46%    1920.7 sec left
CG set 2845 / 6116    683.1323 GFlop/s     (683.1323 GFlop/s per process)    46%    1920.2 sec left
CG set 2846 / 6116    683.1319 GFlop/s     (683.1319 GFlop/s per process)    46%    1919.6 sec left
CG set 2847 / 6116    683.1315 GFlop/s     (683.1315 GFlop/s per process)    46%    1919.0 sec left
CG set 2848 / 6116    683.1309 GFlop/s     (683.1309 GFlop/s per process)    46%    1918.4 sec left
CG set 2849 / 6116    683.1304 GFlop/s     (683.1304 GFlop/s per process)    46%    1917.8 sec left
CG set 2850 / 6116    683.1300 GFlop/s     (683.1300 GFlop/s per process)    46%    1917.2 sec left
CG set 2851 / 6116    683.1292 GFlop/s     (683.1292 GFlop/s per process)    46%    1916.6 sec left
CG set 2852 / 6116    683.1287 GFlop/s     (683.1287 GFlop/s per process)    46%    1916.0 sec left
CG set 2853 / 6116    683.1281 GFlop/s     (683.1281 GFlop/s per process)    46%    1915.4 sec left
CG set 2854 / 6116    683.1271 GFlop/s     (683.1271 GFlop/s per process)    46%    1914.8 sec left
CG set 2855 / 6116    683.1266 GFlop/s     (683.1266 GFlop/s per process)    46%    1914.2 sec left
CG set 2856 / 6116    683.1262 GFlop/s     (683.1262 GFlop/s per process)    46%    1913.6 sec left
CG set 2857 / 6116    683.1254 GFlop/s     (683.1254 GFlop/s per process)    46%    1913.1 sec left
CG set 2858 / 6116    683.1248 GFlop/s     (683.1248 GFlop/s per process)    46%    1912.5 sec left
CG set 2859 / 6116    683.1242 GFlop/s     (683.1242 GFlop/s per process)    46%    1911.9 sec left
CG set 2860 / 6116    683.1235 GFlop/s     (683.1235 GFlop/s per process)    46%    1911.3 sec left
CG set 2861 / 6116    683.1228 GFlop/s     (683.1228 GFlop/s per process)    46%    1910.7 sec left
CG set 2862 / 6116    683.1223 GFlop/s     (683.1223 GFlop/s per process)    46%    1910.1 sec left
CG set 2863 / 6116    683.1217 GFlop/s     (683.1217 GFlop/s per process)    46%    1909.5 sec left
CG set 2864 / 6116    683.1211 GFlop/s     (683.1211 GFlop/s per process)    46%    1908.9 sec left
CG set 2865 / 6116    683.1205 GFlop/s     (683.1205 GFlop/s per process)    46%    1908.3 sec left
CG set 2866 / 6116    683.1198 GFlop/s     (683.1198 GFlop/s per process)    46%    1907.7 sec left
CG set 2867 / 6116    683.1194 GFlop/s     (683.1194 GFlop/s per process)    46%    1907.1 sec left
CG set 2868 / 6116    683.1186 GFlop/s     (683.1186 GFlop/s per process)    46%    1906.5 sec left
CG set 2869 / 6116    683.1181 GFlop/s     (683.1181 GFlop/s per process)    46%    1905.9 sec left
CG set 2870 / 6116    683.1175 GFlop/s     (683.1175 GFlop/s per process)    46%    1905.4 sec left
CG set 2871 / 6116    683.1173 GFlop/s     (683.1173 GFlop/s per process)    46%    1904.8 sec left
CG set 2872 / 6116    683.1166 GFlop/s     (683.1166 GFlop/s per process)    46%    1904.2 sec left
CG set 2873 / 6116    683.1162 GFlop/s     (683.1162 GFlop/s per process)    46%    1903.6 sec left
CG set 2874 / 6116    683.1154 GFlop/s     (683.1154 GFlop/s per process)    46%    1903.0 sec left
CG set 2875 / 6116    683.1150 GFlop/s     (683.1150 GFlop/s per process)    47%    1902.4 sec left
CG set 2876 / 6116    683.1143 GFlop/s     (683.1143 GFlop/s per process)    47%    1901.8 sec left
CG set 2877 / 6116    683.1137 GFlop/s     (683.1137 GFlop/s per process)    47%    1901.2 sec left
CG set 2878 / 6116    683.1132 GFlop/s     (683.1132 GFlop/s per process)    47%    1900.6 sec left
CG set 2879 / 6116    683.1126 GFlop/s     (683.1126 GFlop/s per process)    47%    1900.0 sec left
CG set 2880 / 6116    683.1125 GFlop/s     (683.1125 GFlop/s per process)    47%    1899.4 sec left
CG set 2881 / 6116    683.1120 GFlop/s     (683.1120 GFlop/s per process)    47%    1898.8 sec left
CG set 2882 / 6116    683.1117 GFlop/s     (683.1117 GFlop/s per process)    47%    1898.3 sec left
CG set 2883 / 6116    683.1113 GFlop/s     (683.1113 GFlop/s per process)    47%    1897.7 sec left
CG set 2884 / 6116    683.1107 GFlop/s     (683.1107 GFlop/s per process)    47%    1897.1 sec left
CG set 2885 / 6116    683.1106 GFlop/s     (683.1106 GFlop/s per process)    47%    1896.5 sec left
CG set 2886 / 6116    683.1104 GFlop/s     (683.1104 GFlop/s per process)    47%    1895.9 sec left
CG set 2887 / 6116    683.1098 GFlop/s     (683.1098 GFlop/s per process)    47%    1895.3 sec left
CG set 2888 / 6116    683.1096 GFlop/s     (683.1096 GFlop/s per process)    47%    1894.7 sec left
CG set 2889 / 6116    683.1094 GFlop/s     (683.1094 GFlop/s per process)    47%    1894.1 sec left
CG set 2890 / 6116    683.1090 GFlop/s     (683.1090 GFlop/s per process)    47%    1893.5 sec left
CG set 2891 / 6116    683.1087 GFlop/s     (683.1087 GFlop/s per process)    47%    1892.9 sec left
CG set 2892 / 6116    683.1086 GFlop/s     (683.1086 GFlop/s per process)    47%    1892.3 sec left
CG set 2893 / 6116    683.1083 GFlop/s     (683.1083 GFlop/s per process)    47%    1891.8 sec left
CG set 2894 / 6116    683.1080 GFlop/s     (683.1080 GFlop/s per process)    47%    1891.2 sec left
CG set 2895 / 6116    683.1078 GFlop/s     (683.1078 GFlop/s per process)    47%    1890.6 sec left
CG set 2896 / 6116    683.1075 GFlop/s     (683.1075 GFlop/s per process)    47%    1890.0 sec left
CG set 2897 / 6116    683.1070 GFlop/s     (683.1070 GFlop/s per process)    47%    1889.4 sec left
CG set 2898 / 6116    683.1067 GFlop/s     (683.1067 GFlop/s per process)    47%    1888.8 sec left
CG set 2899 / 6116    683.1065 GFlop/s     (683.1065 GFlop/s per process)    47%    1888.2 sec left
CG set 2900 / 6116    683.1063 GFlop/s     (683.1063 GFlop/s per process)    47%    1887.6 sec left
CG set 2901 / 6116    683.1061 GFlop/s     (683.1061 GFlop/s per process)    47%    1887.0 sec left
CG set 2902 / 6116    683.1060 GFlop/s     (683.1060 GFlop/s per process)    47%    1886.4 sec left
CG set 2903 / 6116    683.1059 GFlop/s     (683.1059 GFlop/s per process)    47%    1885.8 sec left
CG set 2904 / 6116    683.1059 GFlop/s     (683.1059 GFlop/s per process)    47%    1885.3 sec left
CG set 2905 / 6116    683.1056 GFlop/s     (683.1056 GFlop/s per process)    47%    1884.7 sec left
CG set 2906 / 6116    683.1055 GFlop/s     (683.1055 GFlop/s per process)    47%    1884.1 sec left
CG set 2907 / 6116    683.1051 GFlop/s     (683.1051 GFlop/s per process)    47%    1883.5 sec left
CG set 2908 / 6116    683.1049 GFlop/s     (683.1049 GFlop/s per process)    47%    1882.9 sec left
CG set 2909 / 6116    683.1048 GFlop/s     (683.1048 GFlop/s per process)    47%    1882.3 sec left
CG set 2910 / 6116    683.1045 GFlop/s     (683.1045 GFlop/s per process)    47%    1881.7 sec left
CG set 2911 / 6116    683.1043 GFlop/s     (683.1043 GFlop/s per process)    47%    1881.1 sec left
CG set 2912 / 6116    683.1041 GFlop/s     (683.1041 GFlop/s per process)    47%    1880.5 sec left
CG set 2913 / 6116    683.1039 GFlop/s     (683.1039 GFlop/s per process)    47%    1879.9 sec left
CG set 2914 / 6116    683.1035 GFlop/s     (683.1035 GFlop/s per process)    47%    1879.3 sec left
CG set 2915 / 6116    683.1036 GFlop/s     (683.1036 GFlop/s per process)    47%    1878.8 sec left
CG set 2916 / 6116    683.1035 GFlop/s     (683.1035 GFlop/s per process)    47%    1878.2 sec left
CG set 2917 / 6116    683.1033 GFlop/s     (683.1033 GFlop/s per process)    47%    1877.6 sec left
CG set 2918 / 6116    683.1033 GFlop/s     (683.1033 GFlop/s per process)    47%    1877.0 sec left
CG set 2919 / 6116    683.1032 GFlop/s     (683.1032 GFlop/s per process)    47%    1876.4 sec left
CG set 2920 / 6116    683.1031 GFlop/s     (683.1031 GFlop/s per process)    47%    1875.8 sec left
CG set 2921 / 6116    683.1029 GFlop/s     (683.1029 GFlop/s per process)    47%    1875.2 sec left
CG set 2922 / 6116    683.1029 GFlop/s     (683.1029 GFlop/s per process)    47%    1874.6 sec left
CG set 2923 / 6116    683.1026 GFlop/s     (683.1026 GFlop/s per process)    47%    1874.0 sec left
CG set 2924 / 6116    683.1023 GFlop/s     (683.1023 GFlop/s per process)    47%    1873.4 sec left
CG set 2925 / 6116    683.1023 GFlop/s     (683.1023 GFlop/s per process)    47%    1872.8 sec left
CG set 2926 / 6116    683.1022 GFlop/s     (683.1022 GFlop/s per process)    47%    1872.3 sec left
CG set 2927 / 6116    683.1021 GFlop/s     (683.1021 GFlop/s per process)    47%    1871.7 sec left
CG set 2928 / 6116    683.1019 GFlop/s     (683.1019 GFlop/s per process)    47%    1871.1 sec left
CG set 2929 / 6116    683.1019 GFlop/s     (683.1019 GFlop/s per process)    47%    1870.5 sec left
CG set 2930 / 6116    683.1017 GFlop/s     (683.1017 GFlop/s per process)    47%    1869.9 sec left
CG set 2931 / 6116    683.1015 GFlop/s     (683.1015 GFlop/s per process)    47%    1869.3 sec left
CG set 2932 / 6116    683.1015 GFlop/s     (683.1015 GFlop/s per process)    47%    1868.7 sec left
CG set 2933 / 6116    683.1013 GFlop/s     (683.1013 GFlop/s per process)    47%    1868.1 sec left
CG set 2934 / 6116    683.1014 GFlop/s     (683.1014 GFlop/s per process)    47%    1867.5 sec left
CG set 2935 / 6116    683.1011 GFlop/s     (683.1011 GFlop/s per process)    47%    1866.9 sec left
CG set 2936 / 6116    683.1011 GFlop/s     (683.1011 GFlop/s per process)    48%    1866.3 sec left
CG set 2937 / 6116    683.1012 GFlop/s     (683.1012 GFlop/s per process)    48%    1865.8 sec left
CG set 2938 / 6116    683.1010 GFlop/s     (683.1010 GFlop/s per process)    48%    1865.2 sec left
CG set 2939 / 6116    683.1007 GFlop/s     (683.1007 GFlop/s per process)    48%    1864.6 sec left
CG set 2940 / 6116    683.1007 GFlop/s     (683.1007 GFlop/s per process)    48%    1864.0 sec left
CG set 2941 / 6116    683.1006 GFlop/s     (683.1006 GFlop/s per process)    48%    1863.4 sec left
CG set 2942 / 6116    683.1003 GFlop/s     (683.1003 GFlop/s per process)    48%    1862.8 sec left
CG set 2943 / 6116    683.1002 GFlop/s     (683.1002 GFlop/s per process)    48%    1862.2 sec left
CG set 2944 / 6116    683.0998 GFlop/s     (683.0998 GFlop/s per process)    48%    1861.6 sec left
CG set 2945 / 6116    683.0995 GFlop/s     (683.0995 GFlop/s per process)    48%    1861.0 sec left
CG set 2946 / 6116    683.0996 GFlop/s     (683.0996 GFlop/s per process)    48%    1860.4 sec left
CG set 2947 / 6116    683.0993 GFlop/s     (683.0993 GFlop/s per process)    48%    1859.8 sec left
CG set 2948 / 6116    683.0992 GFlop/s     (683.0992 GFlop/s per process)    48%    1859.3 sec left
CG set 2949 / 6116    683.0989 GFlop/s     (683.0989 GFlop/s per process)    48%    1858.7 sec left
CG set 2950 / 6116    683.0988 GFlop/s     (683.0988 GFlop/s per process)    48%    1858.1 sec left
CG set 2951 / 6116    683.0987 GFlop/s     (683.0987 GFlop/s per process)    48%    1857.5 sec left
CG set 2952 / 6116    683.0984 GFlop/s     (683.0984 GFlop/s per process)    48%    1856.9 sec left
CG set 2953 / 6116    683.0984 GFlop/s     (683.0984 GFlop/s per process)    48%    1856.3 sec left
CG set 2954 / 6116    683.0982 GFlop/s     (683.0982 GFlop/s per process)    48%    1855.7 sec left
CG set 2955 / 6116    683.0980 GFlop/s     (683.0980 GFlop/s per process)    48%    1855.1 sec left
CG set 2956 / 6116    683.0978 GFlop/s     (683.0978 GFlop/s per process)    48%    1854.5 sec left
CG set 2957 / 6116    683.0976 GFlop/s     (683.0976 GFlop/s per process)    48%    1853.9 sec left
CG set 2958 / 6116    683.0974 GFlop/s     (683.0974 GFlop/s per process)    48%    1853.3 sec left
CG set 2959 / 6116    683.0971 GFlop/s     (683.0971 GFlop/s per process)    48%    1852.8 sec left
CG set 2960 / 6116    683.0969 GFlop/s     (683.0969 GFlop/s per process)    48%    1852.2 sec left
CG set 2961 / 6116    683.0969 GFlop/s     (683.0969 GFlop/s per process)    48%    1851.6 sec left
CG set 2962 / 6116    683.0967 GFlop/s     (683.0967 GFlop/s per process)    48%    1851.0 sec left
CG set 2963 / 6116    683.0965 GFlop/s     (683.0965 GFlop/s per process)    48%    1850.4 sec left
CG set 2964 / 6116    683.0961 GFlop/s     (683.0961 GFlop/s per process)    48%    1849.8 sec left
CG set 2965 / 6116    683.0957 GFlop/s     (683.0957 GFlop/s per process)    48%    1849.2 sec left
CG set 2966 / 6116    683.0953 GFlop/s     (683.0953 GFlop/s per process)    48%    1848.6 sec left
CG set 2967 / 6116    683.0951 GFlop/s     (683.0951 GFlop/s per process)    48%    1848.0 sec left
CG set 2968 / 6116    683.0948 GFlop/s     (683.0948 GFlop/s per process)    48%    1847.4 sec left
CG set 2969 / 6116    683.0944 GFlop/s     (683.0944 GFlop/s per process)    48%    1846.8 sec left
CG set 2970 / 6116    683.0941 GFlop/s     (683.0941 GFlop/s per process)    48%    1846.2 sec left
CG set 2971 / 6116    683.0936 GFlop/s     (683.0936 GFlop/s per process)    48%    1845.7 sec left
CG set 2972 / 6116    683.0933 GFlop/s     (683.0933 GFlop/s per process)    48%    1845.1 sec left
CG set 2973 / 6116    683.0930 GFlop/s     (683.0930 GFlop/s per process)    48%    1844.5 sec left
CG set 2974 / 6116    683.0928 GFlop/s     (683.0928 GFlop/s per process)    48%    1843.9 sec left
CG set 2975 / 6116    683.0927 GFlop/s     (683.0927 GFlop/s per process)    48%    1843.3 sec left
CG set 2976 / 6116    683.0921 GFlop/s     (683.0921 GFlop/s per process)    48%    1842.7 sec left
CG set 2977 / 6116    683.0919 GFlop/s     (683.0919 GFlop/s per process)    48%    1842.1 sec left
CG set 2978 / 6116    683.0912 GFlop/s     (683.0912 GFlop/s per process)    48%    1841.5 sec left
CG set 2979 / 6116    683.0909 GFlop/s     (683.0909 GFlop/s per process)    48%    1840.9 sec left
CG set 2980 / 6116    683.0902 GFlop/s     (683.0902 GFlop/s per process)    48%    1840.3 sec left
CG set 2981 / 6116    683.0900 GFlop/s     (683.0900 GFlop/s per process)    48%    1839.7 sec left
CG set 2982 / 6116    683.0898 GFlop/s     (683.0898 GFlop/s per process)    48%    1839.2 sec left
CG set 2983 / 6116    683.0895 GFlop/s     (683.0895 GFlop/s per process)    48%    1838.6 sec left
CG set 2984 / 6116    683.0891 GFlop/s     (683.0891 GFlop/s per process)    48%    1838.0 sec left
CG set 2985 / 6116    683.0887 GFlop/s     (683.0887 GFlop/s per process)    48%    1837.4 sec left
CG set 2986 / 6116    683.0884 GFlop/s     (683.0884 GFlop/s per process)    48%    1836.8 sec left
CG set 2987 / 6116    683.0880 GFlop/s     (683.0880 GFlop/s per process)    48%    1836.2 sec left
CG set 2988 / 6116    683.0876 GFlop/s     (683.0876 GFlop/s per process)    48%    1835.6 sec left
CG set 2989 / 6116    683.0875 GFlop/s     (683.0875 GFlop/s per process)    48%    1835.0 sec left
CG set 2990 / 6116    683.0872 GFlop/s     (683.0872 GFlop/s per process)    48%    1834.4 sec left
CG set 2991 / 6116    683.0869 GFlop/s     (683.0869 GFlop/s per process)    48%    1833.8 sec left
CG set 2992 / 6116    683.0868 GFlop/s     (683.0868 GFlop/s per process)    48%    1833.2 sec left
CG set 2993 / 6116    683.0866 GFlop/s     (683.0866 GFlop/s per process)    48%    1832.6 sec left
CG set 2994 / 6116    683.0862 GFlop/s     (683.0862 GFlop/s per process)    48%    1832.1 sec left
CG set 2995 / 6116    683.0860 GFlop/s     (683.0860 GFlop/s per process)    48%    1831.5 sec left
CG set 2996 / 6116    683.0858 GFlop/s     (683.0858 GFlop/s per process)    48%    1830.9 sec left
CG set 2997 / 6116    683.0855 GFlop/s     (683.0855 GFlop/s per process)    49%    1830.3 sec left
CG set 2998 / 6116    683.0852 GFlop/s     (683.0852 GFlop/s per process)    49%    1829.7 sec left
CG set 2999 / 6116    683.0851 GFlop/s     (683.0851 GFlop/s per process)    49%    1829.1 sec left
CG set 3000 / 6116    683.0846 GFlop/s     (683.0846 GFlop/s per process)    49%    1828.5 sec left
CG set 3001 / 6116    683.0843 GFlop/s     (683.0843 GFlop/s per process)    49%    1827.9 sec left
CG set 3002 / 6116    683.0841 GFlop/s     (683.0841 GFlop/s per process)    49%    1827.3 sec left
CG set 3003 / 6116    683.0839 GFlop/s     (683.0839 GFlop/s per process)    49%    1826.7 sec left
CG set 3004 / 6116    683.0838 GFlop/s     (683.0838 GFlop/s per process)    49%    1826.1 sec left
CG set 3005 / 6116    683.0838 GFlop/s     (683.0838 GFlop/s per process)    49%    1825.6 sec left
CG set 3006 / 6116    683.0835 GFlop/s     (683.0835 GFlop/s per process)    49%    1825.0 sec left
CG set 3007 / 6116    683.0832 GFlop/s     (683.0832 GFlop/s per process)    49%    1824.4 sec left
CG set 3008 / 6116    683.0830 GFlop/s     (683.0830 GFlop/s per process)    49%    1823.8 sec left
CG set 3009 / 6116    683.0829 GFlop/s     (683.0829 GFlop/s per process)    49%    1823.2 sec left
CG set 3010 / 6116    683.0826 GFlop/s     (683.0826 GFlop/s per process)    49%    1822.6 sec left
CG set 3011 / 6116    683.0822 GFlop/s     (683.0822 GFlop/s per process)    49%    1822.0 sec left
CG set 3012 / 6116    683.0821 GFlop/s     (683.0821 GFlop/s per process)    49%    1821.4 sec left
CG set 3013 / 6116    683.0819 GFlop/s     (683.0819 GFlop/s per process)    49%    1820.8 sec left
CG set 3014 / 6116    683.0817 GFlop/s     (683.0817 GFlop/s per process)    49%    1820.2 sec left
CG set 3015 / 6116    683.0813 GFlop/s     (683.0813 GFlop/s per process)    49%    1819.6 sec left
CG set 3016 / 6116    683.0807 GFlop/s     (683.0807 GFlop/s per process)    49%    1819.1 sec left
CG set 3017 / 6116    683.0807 GFlop/s     (683.0807 GFlop/s per process)    49%    1818.5 sec left
CG set 3018 / 6116    683.0807 GFlop/s     (683.0807 GFlop/s per process)    49%    1817.9 sec left
CG set 3019 / 6116    683.0806 GFlop/s     (683.0806 GFlop/s per process)    49%    1817.3 sec left
CG set 3020 / 6116    683.0805 GFlop/s     (683.0805 GFlop/s per process)    49%    1816.7 sec left
CG set 3021 / 6116    683.0805 GFlop/s     (683.0805 GFlop/s per process)    49%    1816.1 sec left
CG set 3022 / 6116    683.0802 GFlop/s     (683.0802 GFlop/s per process)    49%    1815.5 sec left
CG set 3023 / 6116    683.0799 GFlop/s     (683.0799 GFlop/s per process)    49%    1814.9 sec left
CG set 3024 / 6116    683.0796 GFlop/s     (683.0796 GFlop/s per process)    49%    1814.3 sec left
CG set 3025 / 6116    683.0792 GFlop/s     (683.0792 GFlop/s per process)    49%    1813.7 sec left
CG set 3026 / 6116    683.0789 GFlop/s     (683.0789 GFlop/s per process)    49%    1813.1 sec left
CG set 3027 / 6116    683.0788 GFlop/s     (683.0788 GFlop/s per process)    49%    1812.6 sec left
CG set 3028 / 6116    683.0786 GFlop/s     (683.0786 GFlop/s per process)    49%    1812.0 sec left
CG set 3029 / 6116    683.0786 GFlop/s     (683.0786 GFlop/s per process)    49%    1811.4 sec left
CG set 3030 / 6116    683.0787 GFlop/s     (683.0787 GFlop/s per process)    49%    1810.8 sec left
CG set 3031 / 6116    683.0786 GFlop/s     (683.0786 GFlop/s per process)    49%    1810.2 sec left
CG set 3032 / 6116    683.0785 GFlop/s     (683.0785 GFlop/s per process)    49%    1809.6 sec left
CG set 3033 / 6116    683.0782 GFlop/s     (683.0782 GFlop/s per process)    49%    1809.0 sec left
CG set 3034 / 6116    683.0780 GFlop/s     (683.0780 GFlop/s per process)    49%    1808.4 sec left
CG set 3035 / 6116    683.0779 GFlop/s     (683.0779 GFlop/s per process)    49%    1807.8 sec left
CG set 3036 / 6116    683.0778 GFlop/s     (683.0778 GFlop/s per process)    49%    1807.2 sec left
CG set 3037 / 6116    683.0775 GFlop/s     (683.0775 GFlop/s per process)    49%    1806.6 sec left
CG set 3038 / 6116    683.0774 GFlop/s     (683.0774 GFlop/s per process)    49%    1806.1 sec left
CG set 3039 / 6116    683.0773 GFlop/s     (683.0773 GFlop/s per process)    49%    1805.5 sec left
CG set 3040 / 6116    683.0771 GFlop/s     (683.0771 GFlop/s per process)    49%    1804.9 sec left
CG set 3041 / 6116    683.0770 GFlop/s     (683.0770 GFlop/s per process)    49%    1804.3 sec left
CG set 3042 / 6116    683.0770 GFlop/s     (683.0770 GFlop/s per process)    49%    1803.7 sec left
CG set 3043 / 6116    683.0770 GFlop/s     (683.0770 GFlop/s per process)    49%    1803.1 sec left
CG set 3044 / 6116    683.0771 GFlop/s     (683.0771 GFlop/s per process)    49%    1802.5 sec left
CG set 3045 / 6116    683.0770 GFlop/s     (683.0770 GFlop/s per process)    49%    1801.9 sec left
CG set 3046 / 6116    683.0769 GFlop/s     (683.0769 GFlop/s per process)    49%    1801.3 sec left
CG set 3047 / 6116    683.0768 GFlop/s     (683.0768 GFlop/s per process)    49%    1800.7 sec left
CG set 3048 / 6116    683.0767 GFlop/s     (683.0767 GFlop/s per process)    49%    1800.1 sec left
CG set 3049 / 6116    683.0767 GFlop/s     (683.0767 GFlop/s per process)    49%    1799.6 sec left
CG set 3050 / 6116    683.0766 GFlop/s     (683.0766 GFlop/s per process)    49%    1799.0 sec left
CG set 3051 / 6116    683.0765 GFlop/s     (683.0765 GFlop/s per process)    49%    1798.4 sec left
CG set 3052 / 6116    683.0763 GFlop/s     (683.0763 GFlop/s per process)    49%    1797.8 sec left
CG set 3053 / 6116    683.0762 GFlop/s     (683.0762 GFlop/s per process)    49%    1797.2 sec left
CG set 3054 / 6116    683.0762 GFlop/s     (683.0762 GFlop/s per process)    49%    1796.6 sec left
CG set 3055 / 6116    683.0762 GFlop/s     (683.0762 GFlop/s per process)    49%    1796.0 sec left
CG set 3056 / 6116    683.0763 GFlop/s     (683.0763 GFlop/s per process)    49%    1795.4 sec left
CG set 3057 / 6116    683.0762 GFlop/s     (683.0762 GFlop/s per process)    49%    1794.8 sec left
CG set 3058 / 6116    683.0759 GFlop/s     (683.0759 GFlop/s per process)    50%    1794.2 sec left
CG set 3059 / 6116    683.0757 GFlop/s     (683.0757 GFlop/s per process)    50%    1793.6 sec left
CG set 3060 / 6116    683.0756 GFlop/s     (683.0756 GFlop/s per process)    50%    1793.1 sec left
CG set 3061 / 6116    683.0756 GFlop/s     (683.0756 GFlop/s per process)    50%    1792.5 sec left
CG set 3062 / 6116    683.0757 GFlop/s     (683.0757 GFlop/s per process)    50%    1791.9 sec left
CG set 3063 / 6116    683.0758 GFlop/s     (683.0758 GFlop/s per process)    50%    1791.3 sec left
CG set 3064 / 6116    683.0756 GFlop/s     (683.0756 GFlop/s per process)    50%    1790.7 sec left
CG set 3065 / 6116    683.0759 GFlop/s     (683.0759 GFlop/s per process)    50%    1790.1 sec left
CG set 3066 / 6116    683.0759 GFlop/s     (683.0759 GFlop/s per process)    50%    1789.5 sec left
CG set 3067 / 6116    683.0758 GFlop/s     (683.0758 GFlop/s per process)    50%    1788.9 sec left
CG set 3068 / 6116    683.0758 GFlop/s     (683.0758 GFlop/s per process)    50%    1788.3 sec left
CG set 3069 / 6116    683.0758 GFlop/s     (683.0758 GFlop/s per process)    50%    1787.7 sec left
CG set 3070 / 6116    683.0759 GFlop/s     (683.0759 GFlop/s per process)    50%    1787.2 sec left
CG set 3071 / 6116    683.0760 GFlop/s     (683.0760 GFlop/s per process)    50%    1786.6 sec left
CG set 3072 / 6116    683.0761 GFlop/s     (683.0761 GFlop/s per process)    50%    1786.0 sec left
CG set 3073 / 6116    683.0763 GFlop/s     (683.0763 GFlop/s per process)    50%    1785.4 sec left
CG set 3074 / 6116    683.0762 GFlop/s     (683.0762 GFlop/s per process)    50%    1784.8 sec left
CG set 3075 / 6116    683.0763 GFlop/s     (683.0763 GFlop/s per process)    50%    1784.2 sec left
CG set 3076 / 6116    683.0762 GFlop/s     (683.0762 GFlop/s per process)    50%    1783.6 sec left
CG set 3077 / 6116    683.0763 GFlop/s     (683.0763 GFlop/s per process)    50%    1783.0 sec left
CG set 3078 / 6116    683.0761 GFlop/s     (683.0761 GFlop/s per process)    50%    1782.4 sec left
CG set 3079 / 6116    683.0760 GFlop/s     (683.0760 GFlop/s per process)    50%    1781.8 sec left
CG set 3080 / 6116    683.0759 GFlop/s     (683.0759 GFlop/s per process)    50%    1781.2 sec left
CG set 3081 / 6116    683.0758 GFlop/s     (683.0758 GFlop/s per process)    50%    1780.7 sec left
CG set 3082 / 6116    683.0756 GFlop/s     (683.0756 GFlop/s per process)    50%    1780.1 sec left
CG set 3083 / 6116    683.0756 GFlop/s     (683.0756 GFlop/s per process)    50%    1779.5 sec left
CG set 3084 / 6116    683.0754 GFlop/s     (683.0754 GFlop/s per process)    50%    1778.9 sec left
CG set 3085 / 6116    683.0755 GFlop/s     (683.0755 GFlop/s per process)    50%    1778.3 sec left
CG set 3086 / 6116    683.0755 GFlop/s     (683.0755 GFlop/s per process)    50%    1777.7 sec left
CG set 3087 / 6116    683.0756 GFlop/s     (683.0756 GFlop/s per process)    50%    1777.1 sec left
CG set 3088 / 6116    683.0755 GFlop/s     (683.0755 GFlop/s per process)    50%    1776.5 sec left
CG set 3089 / 6116    683.0754 GFlop/s     (683.0754 GFlop/s per process)    50%    1775.9 sec left
CG set 3090 / 6116    683.0755 GFlop/s     (683.0755 GFlop/s per process)    50%    1775.3 sec left
CG set 3091 / 6116    683.0754 GFlop/s     (683.0754 GFlop/s per process)    50%    1774.7 sec left
CG set 3092 / 6116    683.0754 GFlop/s     (683.0754 GFlop/s per process)    50%    1774.2 sec left
CG set 3093 / 6116    683.0754 GFlop/s     (683.0754 GFlop/s per process)    50%    1773.6 sec left
CG set 3094 / 6116    683.0753 GFlop/s     (683.0753 GFlop/s per process)    50%    1773.0 sec left
CG set 3095 / 6116    683.0749 GFlop/s     (683.0749 GFlop/s per process)    50%    1772.4 sec left
CG set 3096 / 6116    683.0749 GFlop/s     (683.0749 GFlop/s per process)    50%    1771.8 sec left
CG set 3097 / 6116    683.0749 GFlop/s     (683.0749 GFlop/s per process)    50%    1771.2 sec left
CG set 3098 / 6116    683.0750 GFlop/s     (683.0750 GFlop/s per process)    50%    1770.6 sec left
CG set 3099 / 6116    683.0749 GFlop/s     (683.0749 GFlop/s per process)    50%    1770.0 sec left
CG set 3100 / 6116    683.0749 GFlop/s     (683.0749 GFlop/s per process)    50%    1769.4 sec left
CG set 3101 / 6116    683.0746 GFlop/s     (683.0746 GFlop/s per process)    50%    1768.8 sec left
CG set 3102 / 6116    683.0743 GFlop/s     (683.0743 GFlop/s per process)    50%    1768.3 sec left
CG set 3103 / 6116    683.0743 GFlop/s     (683.0743 GFlop/s per process)    50%    1767.7 sec left
CG set 3104 / 6116    683.0743 GFlop/s     (683.0743 GFlop/s per process)    50%    1767.1 sec left
CG set 3105 / 6116    683.0742 GFlop/s     (683.0742 GFlop/s per process)    50%    1766.5 sec left
CG set 3106 / 6116    683.0742 GFlop/s     (683.0742 GFlop/s per process)    50%    1765.9 sec left
CG set 3107 / 6116    683.0743 GFlop/s     (683.0743 GFlop/s per process)    50%    1765.3 sec left
CG set 3108 / 6116    683.0741 GFlop/s     (683.0741 GFlop/s per process)    50%    1764.7 sec left
CG set 3109 / 6116    683.0739 GFlop/s     (683.0739 GFlop/s per process)    50%    1764.1 sec left
CG set 3110 / 6116    683.0739 GFlop/s     (683.0739 GFlop/s per process)    50%    1763.5 sec left
CG set 3111 / 6116    683.0738 GFlop/s     (683.0738 GFlop/s per process)    50%    1762.9 sec left
CG set 3112 / 6116    683.0737 GFlop/s     (683.0737 GFlop/s per process)    50%    1762.3 sec left
CG set 3113 / 6116    683.0734 GFlop/s     (683.0734 GFlop/s per process)    50%    1761.8 sec left
CG set 3114 / 6116    683.0732 GFlop/s     (683.0732 GFlop/s per process)    50%    1761.2 sec left
CG set 3115 / 6116    683.0731 GFlop/s     (683.0731 GFlop/s per process)    50%    1760.6 sec left
CG set 3116 / 6116    683.0730 GFlop/s     (683.0730 GFlop/s per process)    50%    1760.0 sec left
CG set 3117 / 6116    683.0731 GFlop/s     (683.0731 GFlop/s per process)    50%    1759.4 sec left
CG set 3118 / 6116    683.0729 GFlop/s     (683.0729 GFlop/s per process)    50%    1758.8 sec left
CG set 3119 / 6116    683.0727 GFlop/s     (683.0727 GFlop/s per process)    50%    1758.2 sec left
CG set 3120 / 6116    683.0726 GFlop/s     (683.0726 GFlop/s per process)    51%    1757.6 sec left
CG set 3121 / 6116    683.0725 GFlop/s     (683.0725 GFlop/s per process)    51%    1757.0 sec left
CG set 3122 / 6116    683.0724 GFlop/s     (683.0724 GFlop/s per process)    51%    1756.4 sec left
CG set 3123 / 6116    683.0720 GFlop/s     (683.0720 GFlop/s per process)    51%    1755.8 sec left
CG set 3124 / 6116    683.0719 GFlop/s     (683.0719 GFlop/s per process)    51%    1755.3 sec left
CG set 3125 / 6116    683.0718 GFlop/s     (683.0718 GFlop/s per process)    51%    1754.7 sec left
CG set 3126 / 6116    683.0716 GFlop/s     (683.0716 GFlop/s per process)    51%    1754.1 sec left
CG set 3127 / 6116    683.0713 GFlop/s     (683.0713 GFlop/s per process)    51%    1753.5 sec left
CG set 3128 / 6116    683.0712 GFlop/s     (683.0712 GFlop/s per process)    51%    1752.9 sec left
CG set 3129 / 6116    683.0711 GFlop/s     (683.0711 GFlop/s per process)    51%    1752.3 sec left
CG set 3130 / 6116    683.0708 GFlop/s     (683.0708 GFlop/s per process)    51%    1751.7 sec left
CG set 3131 / 6116    683.0708 GFlop/s     (683.0708 GFlop/s per process)    51%    1751.1 sec left
CG set 3132 / 6116    683.0709 GFlop/s     (683.0709 GFlop/s per process)    51%    1750.5 sec left
CG set 3133 / 6116    683.0708 GFlop/s     (683.0708 GFlop/s per process)    51%    1749.9 sec left
CG set 3134 / 6116    683.0709 GFlop/s     (683.0709 GFlop/s per process)    51%    1749.3 sec left
CG set 3135 / 6116    683.0708 GFlop/s     (683.0708 GFlop/s per process)    51%    1748.8 sec left
CG set 3136 / 6116    683.0705 GFlop/s     (683.0705 GFlop/s per process)    51%    1748.2 sec left
CG set 3137 / 6116    683.0703 GFlop/s     (683.0703 GFlop/s per process)    51%    1747.6 sec left
CG set 3138 / 6116    683.0702 GFlop/s     (683.0702 GFlop/s per process)    51%    1747.0 sec left
CG set 3139 / 6116    683.0701 GFlop/s     (683.0701 GFlop/s per process)    51%    1746.4 sec left
CG set 3140 / 6116    683.0701 GFlop/s     (683.0701 GFlop/s per process)    51%    1745.8 sec left
CG set 3141 / 6116    683.0699 GFlop/s     (683.0699 GFlop/s per process)    51%    1745.2 sec left
CG set 3142 / 6116    683.0699 GFlop/s     (683.0699 GFlop/s per process)    51%    1744.6 sec left
CG set 3143 / 6116    683.0698 GFlop/s     (683.0698 GFlop/s per process)    51%    1744.0 sec left
CG set 3144 / 6116    683.0695 GFlop/s     (683.0695 GFlop/s per process)    51%    1743.4 sec left
CG set 3145 / 6116    683.0694 GFlop/s     (683.0694 GFlop/s per process)    51%    1742.8 sec left
CG set 3146 / 6116    683.0693 GFlop/s     (683.0693 GFlop/s per process)    51%    1742.3 sec left
CG set 3147 / 6116    683.0693 GFlop/s     (683.0693 GFlop/s per process)    51%    1741.7 sec left
CG set 3148 / 6116    683.0691 GFlop/s     (683.0691 GFlop/s per process)    51%    1741.1 sec left
CG set 3149 / 6116    683.0689 GFlop/s     (683.0689 GFlop/s per process)    51%    1740.5 sec left
CG set 3150 / 6116    683.0686 GFlop/s     (683.0686 GFlop/s per process)    51%    1739.9 sec left
CG set 3151 / 6116    683.0687 GFlop/s     (683.0687 GFlop/s per process)    51%    1739.3 sec left
CG set 3152 / 6116    683.0688 GFlop/s     (683.0688 GFlop/s per process)    51%    1738.7 sec left
CG set 3153 / 6116    683.0689 GFlop/s     (683.0689 GFlop/s per process)    51%    1738.1 sec left
CG set 3154 / 6116    683.0687 GFlop/s     (683.0687 GFlop/s per process)    51%    1737.5 sec left
CG set 3155 / 6116    683.0684 GFlop/s     (683.0684 GFlop/s per process)    51%    1736.9 sec left
CG set 3156 / 6116    683.0683 GFlop/s     (683.0683 GFlop/s per process)    51%    1736.3 sec left
CG set 3157 / 6116    683.0685 GFlop/s     (683.0685 GFlop/s per process)    51%    1735.8 sec left
CG set 3158 / 6116    683.0683 GFlop/s     (683.0683 GFlop/s per process)    51%    1735.2 sec left
CG set 3159 / 6116    683.0681 GFlop/s     (683.0681 GFlop/s per process)    51%    1734.6 sec left
CG set 3160 / 6116    683.0680 GFlop/s     (683.0680 GFlop/s per process)    51%    1734.0 sec left
CG set 3161 / 6116    683.0681 GFlop/s     (683.0681 GFlop/s per process)    51%    1733.4 sec left
CG set 3162 / 6116    683.0680 GFlop/s     (683.0680 GFlop/s per process)    51%    1732.8 sec left
CG set 3163 / 6116    683.0677 GFlop/s     (683.0677 GFlop/s per process)    51%    1732.2 sec left
CG set 3164 / 6116    683.0674 GFlop/s     (683.0674 GFlop/s per process)    51%    1731.6 sec left
CG set 3165 / 6116    683.0672 GFlop/s     (683.0672 GFlop/s per process)    51%    1731.0 sec left
CG set 3166 / 6116    683.0672 GFlop/s     (683.0672 GFlop/s per process)    51%    1730.4 sec left
CG set 3167 / 6116    683.0671 GFlop/s     (683.0671 GFlop/s per process)    51%    1729.8 sec left
CG set 3168 / 6116    683.0669 GFlop/s     (683.0669 GFlop/s per process)    51%    1729.3 sec left
CG set 3169 / 6116    683.0668 GFlop/s     (683.0668 GFlop/s per process)    51%    1728.7 sec left
CG set 3170 / 6116    683.0667 GFlop/s     (683.0667 GFlop/s per process)    51%    1728.1 sec left
CG set 3171 / 6116    683.0666 GFlop/s     (683.0666 GFlop/s per process)    51%    1727.5 sec left
CG set 3172 / 6116    683.0664 GFlop/s     (683.0664 GFlop/s per process)    51%    1726.9 sec left
CG set 3173 / 6116    683.0664 GFlop/s     (683.0664 GFlop/s per process)    51%    1726.3 sec left
CG set 3174 / 6116    683.0662 GFlop/s     (683.0662 GFlop/s per process)    51%    1725.7 sec left
CG set 3175 / 6116    683.0660 GFlop/s     (683.0660 GFlop/s per process)    51%    1725.1 sec left
CG set 3176 / 6116    683.0656 GFlop/s     (683.0656 GFlop/s per process)    51%    1724.5 sec left
CG set 3177 / 6116    683.0656 GFlop/s     (683.0656 GFlop/s per process)    51%    1723.9 sec left
CG set 3178 / 6116    683.0655 GFlop/s     (683.0655 GFlop/s per process)    51%    1723.3 sec left
CG set 3179 / 6116    683.0654 GFlop/s     (683.0654 GFlop/s per process)    51%    1722.8 sec left
CG set 3180 / 6116    683.0651 GFlop/s     (683.0651 GFlop/s per process)    51%    1722.2 sec left
CG set 3181 / 6116    683.0648 GFlop/s     (683.0648 GFlop/s per process)    52%    1721.6 sec left
CG set 3182 / 6116    683.0645 GFlop/s     (683.0645 GFlop/s per process)    52%    1721.0 sec left
CG set 3183 / 6116    683.0644 GFlop/s     (683.0644 GFlop/s per process)    52%    1720.4 sec left
CG set 3184 / 6116    683.0641 GFlop/s     (683.0641 GFlop/s per process)    52%    1719.8 sec left
CG set 3185 / 6116    683.0640 GFlop/s     (683.0640 GFlop/s per process)    52%    1719.2 sec left
CG set 3186 / 6116    683.0639 GFlop/s     (683.0639 GFlop/s per process)    52%    1718.6 sec left
CG set 3187 / 6116    683.0637 GFlop/s     (683.0637 GFlop/s per process)    52%    1718.0 sec left
CG set 3188 / 6116    683.0638 GFlop/s     (683.0638 GFlop/s per process)    52%    1717.4 sec left
CG set 3189 / 6116    683.0637 GFlop/s     (683.0637 GFlop/s per process)    52%    1716.8 sec left
CG set 3190 / 6116    683.0637 GFlop/s     (683.0637 GFlop/s per process)    52%    1716.3 sec left
CG set 3191 / 6116    683.0635 GFlop/s     (683.0635 GFlop/s per process)    52%    1715.7 sec left
CG set 3192 / 6116    683.0634 GFlop/s     (683.0634 GFlop/s per process)    52%    1715.1 sec left
CG set 3193 / 6116    683.0635 GFlop/s     (683.0635 GFlop/s per process)    52%    1714.5 sec left
CG set 3194 / 6116    683.0636 GFlop/s     (683.0636 GFlop/s per process)    52%    1713.9 sec left
CG set 3195 / 6116    683.0634 GFlop/s     (683.0634 GFlop/s per process)    52%    1713.3 sec left
CG set 3196 / 6116    683.0633 GFlop/s     (683.0633 GFlop/s per process)    52%    1712.7 sec left
CG set 3197 / 6116    683.0630 GFlop/s     (683.0630 GFlop/s per process)    52%    1712.1 sec left
CG set 3198 / 6116    683.0630 GFlop/s     (683.0630 GFlop/s per process)    52%    1711.5 sec left
CG set 3199 / 6116    683.0629 GFlop/s     (683.0629 GFlop/s per process)    52%    1710.9 sec left
CG set 3200 / 6116    683.0631 GFlop/s     (683.0631 GFlop/s per process)    52%    1710.4 sec left
CG set 3201 / 6116    683.0633 GFlop/s     (683.0633 GFlop/s per process)    52%    1709.8 sec left
CG set 3202 / 6116    683.0631 GFlop/s     (683.0631 GFlop/s per process)    52%    1709.2 sec left
CG set 3203 / 6116    683.0629 GFlop/s     (683.0629 GFlop/s per process)    52%    1708.6 sec left
CG set 3204 / 6116    683.0629 GFlop/s     (683.0629 GFlop/s per process)    52%    1708.0 sec left
CG set 3205 / 6116    683.0630 GFlop/s     (683.0630 GFlop/s per process)    52%    1707.4 sec left
CG set 3206 / 6116    683.0631 GFlop/s     (683.0631 GFlop/s per process)    52%    1706.8 sec left
CG set 3207 / 6116    683.0629 GFlop/s     (683.0629 GFlop/s per process)    52%    1706.2 sec left
CG set 3208 / 6116    683.0630 GFlop/s     (683.0630 GFlop/s per process)    52%    1705.6 sec left
CG set 3209 / 6116    683.0630 GFlop/s     (683.0630 GFlop/s per process)    52%    1705.0 sec left
CG set 3210 / 6116    683.0629 GFlop/s     (683.0629 GFlop/s per process)    52%    1704.4 sec left
CG set 3211 / 6116    683.0630 GFlop/s     (683.0630 GFlop/s per process)    52%    1703.9 sec left
CG set 3212 / 6116    683.0630 GFlop/s     (683.0630 GFlop/s per process)    52%    1703.3 sec left
CG set 3213 / 6116    683.0632 GFlop/s     (683.0632 GFlop/s per process)    52%    1702.7 sec left
CG set 3214 / 6116    683.0629 GFlop/s     (683.0629 GFlop/s per process)    52%    1702.1 sec left
CG set 3215 / 6116    683.0630 GFlop/s     (683.0630 GFlop/s per process)    52%    1701.5 sec left
CG set 3216 / 6116    683.0627 GFlop/s     (683.0627 GFlop/s per process)    52%    1700.9 sec left
CG set 3217 / 6116    683.0629 GFlop/s     (683.0629 GFlop/s per process)    52%    1700.3 sec left
CG set 3218 / 6116    683.0631 GFlop/s     (683.0631 GFlop/s per process)    52%    1699.7 sec left
CG set 3219 / 6116    683.0629 GFlop/s     (683.0629 GFlop/s per process)    52%    1699.1 sec left
CG set 3220 / 6116    683.0628 GFlop/s     (683.0628 GFlop/s per process)    52%    1698.5 sec left
CG set 3221 / 6116    683.0628 GFlop/s     (683.0628 GFlop/s per process)    52%    1697.9 sec left
CG set 3222 / 6116    683.0629 GFlop/s     (683.0629 GFlop/s per process)    52%    1697.4 sec left
CG set 3223 / 6116    683.0629 GFlop/s     (683.0629 GFlop/s per process)    52%    1696.8 sec left
CG set 3224 / 6116    683.0630 GFlop/s     (683.0630 GFlop/s per process)    52%    1696.2 sec left
CG set 3225 / 6116    683.0632 GFlop/s     (683.0632 GFlop/s per process)    52%    1695.6 sec left
CG set 3226 / 6116    683.0632 GFlop/s     (683.0632 GFlop/s per process)    52%    1695.0 sec left
CG set 3227 / 6116    683.0633 GFlop/s     (683.0633 GFlop/s per process)    52%    1694.4 sec left
CG set 3228 / 6116    683.0631 GFlop/s     (683.0631 GFlop/s per process)    52%    1693.8 sec left
CG set 3229 / 6116    683.0630 GFlop/s     (683.0630 GFlop/s per process)    52%    1693.2 sec left
CG set 3230 / 6116    683.0629 GFlop/s     (683.0629 GFlop/s per process)    52%    1692.6 sec left
CG set 3231 / 6116    683.0630 GFlop/s     (683.0630 GFlop/s per process)    52%    1692.0 sec left
CG set 3232 / 6116    683.0630 GFlop/s     (683.0630 GFlop/s per process)    52%    1691.5 sec left
CG set 3233 / 6116    683.0630 GFlop/s     (683.0630 GFlop/s per process)    52%    1690.9 sec left
CG set 3234 / 6116    683.0631 GFlop/s     (683.0631 GFlop/s per process)    52%    1690.3 sec left
CG set 3235 / 6116    683.0631 GFlop/s     (683.0631 GFlop/s per process)    52%    1689.7 sec left
CG set 3236 / 6116    683.0632 GFlop/s     (683.0632 GFlop/s per process)    52%    1689.1 sec left
CG set 3237 / 6116    683.0632 GFlop/s     (683.0632 GFlop/s per process)    52%    1688.5 sec left
CG set 3238 / 6116    683.0632 GFlop/s     (683.0632 GFlop/s per process)    52%    1687.9 sec left
CG set 3239 / 6116    683.0633 GFlop/s     (683.0633 GFlop/s per process)    52%    1687.3 sec left
CG set 3240 / 6116    683.0632 GFlop/s     (683.0632 GFlop/s per process)    52%    1686.7 sec left
CG set 3241 / 6116    683.0633 GFlop/s     (683.0633 GFlop/s per process)    52%    1686.1 sec left
CG set 3242 / 6116    683.0636 GFlop/s     (683.0636 GFlop/s per process)    53%    1685.6 sec left
CG set 3243 / 6116    683.0636 GFlop/s     (683.0636 GFlop/s per process)    53%    1685.0 sec left
CG set 3244 / 6116    683.0636 GFlop/s     (683.0636 GFlop/s per process)    53%    1684.4 sec left
CG set 3245 / 6116    683.0636 GFlop/s     (683.0636 GFlop/s per process)    53%    1683.8 sec left
CG set 3246 / 6116    683.0637 GFlop/s     (683.0637 GFlop/s per process)    53%    1683.2 sec left
CG set 3247 / 6116    683.0638 GFlop/s     (683.0638 GFlop/s per process)    53%    1682.6 sec left
CG set 3248 / 6116    683.0640 GFlop/s     (683.0640 GFlop/s per process)    53%    1682.0 sec left
CG set 3249 / 6116    683.0640 GFlop/s     (683.0640 GFlop/s per process)    53%    1681.4 sec left
CG set 3250 / 6116    683.0641 GFlop/s     (683.0641 GFlop/s per process)    53%    1680.8 sec left
CG set 3251 / 6116    683.0640 GFlop/s     (683.0640 GFlop/s per process)    53%    1680.2 sec left
CG set 3252 / 6116    683.0640 GFlop/s     (683.0640 GFlop/s per process)    53%    1679.6 sec left
CG set 3253 / 6116    683.0640 GFlop/s     (683.0640 GFlop/s per process)    53%    1679.1 sec left
CG set 3254 / 6116    683.0640 GFlop/s     (683.0640 GFlop/s per process)    53%    1678.5 sec left
CG set 3255 / 6116    683.0641 GFlop/s     (683.0641 GFlop/s per process)    53%    1677.9 sec left
CG set 3256 / 6116    683.0641 GFlop/s     (683.0641 GFlop/s per process)    53%    1677.3 sec left
CG set 3257 / 6116    683.0642 GFlop/s     (683.0642 GFlop/s per process)    53%    1676.7 sec left
CG set 3258 / 6116    683.0642 GFlop/s     (683.0642 GFlop/s per process)    53%    1676.1 sec left
CG set 3259 / 6116    683.0642 GFlop/s     (683.0642 GFlop/s per process)    53%    1675.5 sec left
CG set 3260 / 6116    683.0641 GFlop/s     (683.0641 GFlop/s per process)    53%    1674.9 sec left
CG set 3261 / 6116    683.0642 GFlop/s     (683.0642 GFlop/s per process)    53%    1674.3 sec left
CG set 3262 / 6116    683.0643 GFlop/s     (683.0643 GFlop/s per process)    53%    1673.7 sec left
CG set 3263 / 6116    683.0644 GFlop/s     (683.0644 GFlop/s per process)    53%    1673.2 sec left
CG set 3264 / 6116    683.0642 GFlop/s     (683.0642 GFlop/s per process)    53%    1672.6 sec left
CG set 3265 / 6116    683.0643 GFlop/s     (683.0643 GFlop/s per process)    53%    1672.0 sec left
CG set 3266 / 6116    683.0643 GFlop/s     (683.0643 GFlop/s per process)    53%    1671.4 sec left
CG set 3267 / 6116    683.0641 GFlop/s     (683.0641 GFlop/s per process)    53%    1670.8 sec left
CG set 3268 / 6116    683.0641 GFlop/s     (683.0641 GFlop/s per process)    53%    1670.2 sec left
CG set 3269 / 6116    683.0641 GFlop/s     (683.0641 GFlop/s per process)    53%    1669.6 sec left
CG set 3270 / 6116    683.0638 GFlop/s     (683.0638 GFlop/s per process)    53%    1669.0 sec left
CG set 3271 / 6116    683.0637 GFlop/s     (683.0637 GFlop/s per process)    53%    1668.4 sec left
CG set 3272 / 6116    683.0636 GFlop/s     (683.0636 GFlop/s per process)    53%    1667.8 sec left
CG set 3273 / 6116    683.0635 GFlop/s     (683.0635 GFlop/s per process)    53%    1667.2 sec left
CG set 3274 / 6116    683.0637 GFlop/s     (683.0637 GFlop/s per process)    53%    1666.7 sec left
CG set 3275 / 6116    683.0637 GFlop/s     (683.0637 GFlop/s per process)    53%    1666.1 sec left
CG set 3276 / 6116    683.0637 GFlop/s     (683.0637 GFlop/s per process)    53%    1665.5 sec left
CG set 3277 / 6116    683.0636 GFlop/s     (683.0636 GFlop/s per process)    53%    1664.9 sec left
CG set 3278 / 6116    683.0637 GFlop/s     (683.0637 GFlop/s per process)    53%    1664.3 sec left
CG set 3279 / 6116    683.0638 GFlop/s     (683.0638 GFlop/s per process)    53%    1663.7 sec left
CG set 3280 / 6116    683.0638 GFlop/s     (683.0638 GFlop/s per process)    53%    1663.1 sec left
CG set 3281 / 6116    683.0636 GFlop/s     (683.0636 GFlop/s per process)    53%    1662.5 sec left
CG set 3282 / 6116    683.0636 GFlop/s     (683.0636 GFlop/s per process)    53%    1661.9 sec left
CG set 3283 / 6116    683.0635 GFlop/s     (683.0635 GFlop/s per process)    53%    1661.3 sec left
CG set 3284 / 6116    683.0634 GFlop/s     (683.0634 GFlop/s per process)    53%    1660.7 sec left
CG set 3285 / 6116    683.0635 GFlop/s     (683.0635 GFlop/s per process)    53%    1660.2 sec left
CG set 3286 / 6116    683.0635 GFlop/s     (683.0635 GFlop/s per process)    53%    1659.6 sec left
CG set 3287 / 6116    683.0636 GFlop/s     (683.0636 GFlop/s per process)    53%    1659.0 sec left
CG set 3288 / 6116    683.0636 GFlop/s     (683.0636 GFlop/s per process)    53%    1658.4 sec left
CG set 3289 / 6116    683.0636 GFlop/s     (683.0636 GFlop/s per process)    53%    1657.8 sec left
CG set 3290 / 6116    683.0637 GFlop/s     (683.0637 GFlop/s per process)    53%    1657.2 sec left
CG set 3291 / 6116    683.0637 GFlop/s     (683.0637 GFlop/s per process)    53%    1656.6 sec left
CG set 3292 / 6116    683.0636 GFlop/s     (683.0636 GFlop/s per process)    53%    1656.0 sec left
CG set 3293 / 6116    683.0634 GFlop/s     (683.0634 GFlop/s per process)    53%    1655.4 sec left
CG set 3294 / 6116    683.0634 GFlop/s     (683.0634 GFlop/s per process)    53%    1654.8 sec left
CG set 3295 / 6116    683.0636 GFlop/s     (683.0636 GFlop/s per process)    53%    1654.3 sec left
CG set 3296 / 6116    683.0636 GFlop/s     (683.0636 GFlop/s per process)    53%    1653.7 sec left
CG set 3297 / 6116    683.0638 GFlop/s     (683.0638 GFlop/s per process)    53%    1653.1 sec left
CG set 3298 / 6116    683.0637 GFlop/s     (683.0637 GFlop/s per process)    53%    1652.5 sec left
CG set 3299 / 6116    683.0638 GFlop/s     (683.0638 GFlop/s per process)    53%    1651.9 sec left
CG set 3300 / 6116    683.0637 GFlop/s     (683.0637 GFlop/s per process)    53%    1651.3 sec left
CG set 3301 / 6116    683.0637 GFlop/s     (683.0637 GFlop/s per process)    53%    1650.7 sec left
CG set 3302 / 6116    683.0638 GFlop/s     (683.0638 GFlop/s per process)    53%    1650.1 sec left
CG set 3303 / 6116    683.0636 GFlop/s     (683.0636 GFlop/s per process)    54%    1649.5 sec left
CG set 3304 / 6116    683.0636 GFlop/s     (683.0636 GFlop/s per process)    54%    1648.9 sec left
CG set 3305 / 6116    683.0636 GFlop/s     (683.0636 GFlop/s per process)    54%    1648.3 sec left
CG set 3306 / 6116    683.0636 GFlop/s     (683.0636 GFlop/s per process)    54%    1647.8 sec left
CG set 3307 / 6116    683.0636 GFlop/s     (683.0636 GFlop/s per process)    54%    1647.2 sec left
CG set 3308 / 6116    683.0635 GFlop/s     (683.0635 GFlop/s per process)    54%    1646.6 sec left
CG set 3309 / 6116    683.0635 GFlop/s     (683.0635 GFlop/s per process)    54%    1646.0 sec left
CG set 3310 / 6116    683.0633 GFlop/s     (683.0633 GFlop/s per process)    54%    1645.4 sec left
CG set 3311 / 6116    683.0634 GFlop/s     (683.0634 GFlop/s per process)    54%    1644.8 sec left
CG set 3312 / 6116    683.0634 GFlop/s     (683.0634 GFlop/s per process)    54%    1644.2 sec left
CG set 3313 / 6116    683.0633 GFlop/s     (683.0633 GFlop/s per process)    54%    1643.6 sec left
CG set 3314 / 6116    683.0632 GFlop/s     (683.0632 GFlop/s per process)    54%    1643.0 sec left
CG set 3315 / 6116    683.0633 GFlop/s     (683.0633 GFlop/s per process)    54%    1642.4 sec left
CG set 3316 / 6116    683.0631 GFlop/s     (683.0631 GFlop/s per process)    54%    1641.9 sec left
CG set 3317 / 6116    683.0632 GFlop/s     (683.0632 GFlop/s per process)    54%    1641.3 sec left
CG set 3318 / 6116    683.0633 GFlop/s     (683.0633 GFlop/s per process)    54%    1640.7 sec left
CG set 3319 / 6116    683.0633 GFlop/s     (683.0633 GFlop/s per process)    54%    1640.1 sec left
CG set 3320 / 6116    683.0632 GFlop/s     (683.0632 GFlop/s per process)    54%    1639.5 sec left
CG set 3321 / 6116    683.0632 GFlop/s     (683.0632 GFlop/s per process)    54%    1638.9 sec left
CG set 3322 / 6116    683.0632 GFlop/s     (683.0632 GFlop/s per process)    54%    1638.3 sec left
CG set 3323 / 6116    683.0634 GFlop/s     (683.0634 GFlop/s per process)    54%    1637.7 sec left
CG set 3324 / 6116    683.0634 GFlop/s     (683.0634 GFlop/s per process)    54%    1637.1 sec left
CG set 3325 / 6116    683.0634 GFlop/s     (683.0634 GFlop/s per process)    54%    1636.5 sec left
CG set 3326 / 6116    683.0634 GFlop/s     (683.0634 GFlop/s per process)    54%    1635.9 sec left
CG set 3327 / 6116    683.0634 GFlop/s     (683.0634 GFlop/s per process)    54%    1635.4 sec left
CG set 3328 / 6116    683.0636 GFlop/s     (683.0636 GFlop/s per process)    54%    1634.8 sec left
CG set 3329 / 6116    683.0634 GFlop/s     (683.0634 GFlop/s per process)    54%    1634.2 sec left
CG set 3330 / 6116    683.0633 GFlop/s     (683.0633 GFlop/s per process)    54%    1633.6 sec left
CG set 3331 / 6116    683.0633 GFlop/s     (683.0633 GFlop/s per process)    54%    1633.0 sec left
CG set 3332 / 6116    683.0629 GFlop/s     (683.0629 GFlop/s per process)    54%    1632.4 sec left
CG set 3333 / 6116    683.0629 GFlop/s     (683.0629 GFlop/s per process)    54%    1631.8 sec left
CG set 3334 / 6116    683.0627 GFlop/s     (683.0627 GFlop/s per process)    54%    1631.2 sec left
CG set 3335 / 6116    683.0627 GFlop/s     (683.0627 GFlop/s per process)    54%    1630.6 sec left
CG set 3336 / 6116    683.0626 GFlop/s     (683.0626 GFlop/s per process)    54%    1630.0 sec left
CG set 3337 / 6116    683.0625 GFlop/s     (683.0625 GFlop/s per process)    54%    1629.4 sec left
CG set 3338 / 6116    683.0624 GFlop/s     (683.0624 GFlop/s per process)    54%    1628.9 sec left
CG set 3339 / 6116    683.0625 GFlop/s     (683.0625 GFlop/s per process)    54%    1628.3 sec left
CG set 3340 / 6116    683.0625 GFlop/s     (683.0625 GFlop/s per process)    54%    1627.7 sec left
CG set 3341 / 6116    683.0625 GFlop/s     (683.0625 GFlop/s per process)    54%    1627.1 sec left
CG set 3342 / 6116    683.0625 GFlop/s     (683.0625 GFlop/s per process)    54%    1626.5 sec left
CG set 3343 / 6116    683.0626 GFlop/s     (683.0626 GFlop/s per process)    54%    1625.9 sec left
CG set 3344 / 6116    683.0628 GFlop/s     (683.0628 GFlop/s per process)    54%    1625.3 sec left
CG set 3345 / 6116    683.0626 GFlop/s     (683.0626 GFlop/s per process)    54%    1624.7 sec left
CG set 3346 / 6116    683.0626 GFlop/s     (683.0626 GFlop/s per process)    54%    1624.1 sec left
CG set 3347 / 6116    683.0624 GFlop/s     (683.0624 GFlop/s per process)    54%    1623.5 sec left
CG set 3348 / 6116    683.0623 GFlop/s     (683.0623 GFlop/s per process)    54%    1623.0 sec left
CG set 3349 / 6116    683.0625 GFlop/s     (683.0625 GFlop/s per process)    54%    1622.4 sec left
CG set 3350 / 6116    683.0624 GFlop/s     (683.0624 GFlop/s per process)    54%    1621.8 sec left
CG set 3351 / 6116    683.0626 GFlop/s     (683.0626 GFlop/s per process)    54%    1621.2 sec left
CG set 3352 / 6116    683.0627 GFlop/s     (683.0627 GFlop/s per process)    54%    1620.6 sec left
CG set 3353 / 6116    683.0627 GFlop/s     (683.0627 GFlop/s per process)    54%    1620.0 sec left
CG set 3354 / 6116    683.0626 GFlop/s     (683.0626 GFlop/s per process)    54%    1619.4 sec left
CG set 3355 / 6116    683.0626 GFlop/s     (683.0626 GFlop/s per process)    54%    1618.8 sec left
CG set 3356 / 6116    683.0626 GFlop/s     (683.0626 GFlop/s per process)    54%    1618.2 sec left
CG set 3357 / 6116    683.0622 GFlop/s     (683.0622 GFlop/s per process)    54%    1617.6 sec left
CG set 3358 / 6116    683.0623 GFlop/s     (683.0623 GFlop/s per process)    54%    1617.0 sec left
CG set 3359 / 6116    683.0621 GFlop/s     (683.0621 GFlop/s per process)    54%    1616.5 sec left
CG set 3360 / 6116    683.0619 GFlop/s     (683.0619 GFlop/s per process)    54%    1615.9 sec left
CG set 3361 / 6116    683.0619 GFlop/s     (683.0619 GFlop/s per process)    54%    1615.3 sec left
CG set 3362 / 6116    683.0620 GFlop/s     (683.0620 GFlop/s per process)    54%    1614.7 sec left
CG set 3363 / 6116    683.0620 GFlop/s     (683.0620 GFlop/s per process)    54%    1614.1 sec left
CG set 3364 / 6116    683.0619 GFlop/s     (683.0619 GFlop/s per process)    55%    1613.5 sec left
CG set 3365 / 6116    683.0620 GFlop/s     (683.0620 GFlop/s per process)    55%    1612.9 sec left
CG set 3366 / 6116    683.0619 GFlop/s     (683.0619 GFlop/s per process)    55%    1612.3 sec left
CG set 3367 / 6116    683.0619 GFlop/s     (683.0619 GFlop/s per process)    55%    1611.7 sec left
CG set 3368 / 6116    683.0620 GFlop/s     (683.0620 GFlop/s per process)    55%    1611.1 sec left
CG set 3369 / 6116    683.0621 GFlop/s     (683.0621 GFlop/s per process)    55%    1610.6 sec left
CG set 3370 / 6116    683.0620 GFlop/s     (683.0620 GFlop/s per process)    55%    1610.0 sec left
CG set 3371 / 6116    683.0620 GFlop/s     (683.0620 GFlop/s per process)    55%    1609.4 sec left
CG set 3372 / 6116    683.0618 GFlop/s     (683.0618 GFlop/s per process)    55%    1608.8 sec left
CG set 3373 / 6116    683.0618 GFlop/s     (683.0618 GFlop/s per process)    55%    1608.2 sec left
CG set 3374 / 6116    683.0617 GFlop/s     (683.0617 GFlop/s per process)    55%    1607.6 sec left
CG set 3375 / 6116    683.0617 GFlop/s     (683.0617 GFlop/s per process)    55%    1607.0 sec left
CG set 3376 / 6116    683.0615 GFlop/s     (683.0615 GFlop/s per process)    55%    1606.4 sec left
CG set 3377 / 6116    683.0616 GFlop/s     (683.0616 GFlop/s per process)    55%    1605.8 sec left
CG set 3378 / 6116    683.0615 GFlop/s     (683.0615 GFlop/s per process)    55%    1605.2 sec left
CG set 3379 / 6116    683.0615 GFlop/s     (683.0615 GFlop/s per process)    55%    1604.6 sec left
CG set 3380 / 6116    683.0613 GFlop/s     (683.0613 GFlop/s per process)    55%    1604.1 sec left
CG set 3381 / 6116    683.0613 GFlop/s     (683.0613 GFlop/s per process)    55%    1603.5 sec left
CG set 3382 / 6116    683.0614 GFlop/s     (683.0614 GFlop/s per process)    55%    1602.9 sec left
CG set 3383 / 6116    683.0612 GFlop/s     (683.0612 GFlop/s per process)    55%    1602.3 sec left
CG set 3384 / 6116    683.0611 GFlop/s     (683.0611 GFlop/s per process)    55%    1601.7 sec left
CG set 3385 / 6116    683.0612 GFlop/s     (683.0612 GFlop/s per process)    55%    1601.1 sec left
CG set 3386 / 6116    683.0611 GFlop/s     (683.0611 GFlop/s per process)    55%    1600.5 sec left
CG set 3387 / 6116    683.0611 GFlop/s     (683.0611 GFlop/s per process)    55%    1599.9 sec left
CG set 3388 / 6116    683.0609 GFlop/s     (683.0609 GFlop/s per process)    55%    1599.3 sec left
CG set 3389 / 6116    683.0608 GFlop/s     (683.0608 GFlop/s per process)    55%    1598.7 sec left
CG set 3390 / 6116    683.0608 GFlop/s     (683.0608 GFlop/s per process)    55%    1598.1 sec left
CG set 3391 / 6116    683.0608 GFlop/s     (683.0608 GFlop/s per process)    55%    1597.6 sec left
CG set 3392 / 6116    683.0607 GFlop/s     (683.0607 GFlop/s per process)    55%    1597.0 sec left
CG set 3393 / 6116    683.0607 GFlop/s     (683.0607 GFlop/s per process)    55%    1596.4 sec left
CG set 3394 / 6116    683.0606 GFlop/s     (683.0606 GFlop/s per process)    55%    1595.8 sec left
CG set 3395 / 6116    683.0605 GFlop/s     (683.0605 GFlop/s per process)    55%    1595.2 sec left
CG set 3396 / 6116    683.0603 GFlop/s     (683.0603 GFlop/s per process)    55%    1594.6 sec left
CG set 3397 / 6116    683.0601 GFlop/s     (683.0601 GFlop/s per process)    55%    1594.0 sec left
CG set 3398 / 6116    683.0599 GFlop/s     (683.0599 GFlop/s per process)    55%    1593.4 sec left
CG set 3399 / 6116    683.0600 GFlop/s     (683.0600 GFlop/s per process)    55%    1592.8 sec left
CG set 3400 / 6116    683.0598 GFlop/s     (683.0598 GFlop/s per process)    55%    1592.2 sec left
CG set 3401 / 6116    683.0600 GFlop/s     (683.0600 GFlop/s per process)    55%    1591.6 sec left
CG set 3402 / 6116    683.0597 GFlop/s     (683.0597 GFlop/s per process)    55%    1591.1 sec left
CG set 3403 / 6116    683.0594 GFlop/s     (683.0594 GFlop/s per process)    55%    1590.5 sec left
CG set 3404 / 6116    683.0595 GFlop/s     (683.0595 GFlop/s per process)    55%    1589.9 sec left
CG set 3405 / 6116    683.0593 GFlop/s     (683.0593 GFlop/s per process)    55%    1589.3 sec left
CG set 3406 / 6116    683.0594 GFlop/s     (683.0594 GFlop/s per process)    55%    1588.7 sec left
CG set 3407 / 6116    683.0594 GFlop/s     (683.0594 GFlop/s per process)    55%    1588.1 sec left
CG set 3408 / 6116    683.0592 GFlop/s     (683.0592 GFlop/s per process)    55%    1587.5 sec left
CG set 3409 / 6116    683.0590 GFlop/s     (683.0590 GFlop/s per process)    55%    1586.9 sec left
CG set 3410 / 6116    683.0589 GFlop/s     (683.0589 GFlop/s per process)    55%    1586.3 sec left
CG set 3411 / 6116    683.0588 GFlop/s     (683.0588 GFlop/s per process)    55%    1585.7 sec left
CG set 3412 / 6116    683.0588 GFlop/s     (683.0588 GFlop/s per process)    55%    1585.1 sec left
CG set 3413 / 6116    683.0589 GFlop/s     (683.0589 GFlop/s per process)    55%    1584.6 sec left
CG set 3414 / 6116    683.0587 GFlop/s     (683.0587 GFlop/s per process)    55%    1584.0 sec left
CG set 3415 / 6116    683.0588 GFlop/s     (683.0588 GFlop/s per process)    55%    1583.4 sec left
CG set 3416 / 6116    683.0589 GFlop/s     (683.0589 GFlop/s per process)    55%    1582.8 sec left
CG set 3417 / 6116    683.0589 GFlop/s     (683.0589 GFlop/s per process)    55%    1582.2 sec left
CG set 3418 / 6116    683.0589 GFlop/s     (683.0589 GFlop/s per process)    55%    1581.6 sec left
CG set 3419 / 6116    683.0588 GFlop/s     (683.0588 GFlop/s per process)    55%    1581.0 sec left
CG set 3420 / 6116    683.0588 GFlop/s     (683.0588 GFlop/s per process)    55%    1580.4 sec left
CG set 3421 / 6116    683.0586 GFlop/s     (683.0586 GFlop/s per process)    55%    1579.8 sec left
CG set 3422 / 6116    683.0585 GFlop/s     (683.0585 GFlop/s per process)    55%    1579.2 sec left
CG set 3423 / 6116    683.0584 GFlop/s     (683.0584 GFlop/s per process)    55%    1578.7 sec left
CG set 3424 / 6116    683.0584 GFlop/s     (683.0584 GFlop/s per process)    55%    1578.1 sec left
CG set 3425 / 6116    683.0584 GFlop/s     (683.0584 GFlop/s per process)    56%    1577.5 sec left
CG set 3426 / 6116    683.0583 GFlop/s     (683.0583 GFlop/s per process)    56%    1576.9 sec left
CG set 3427 / 6116    683.0583 GFlop/s     (683.0583 GFlop/s per process)    56%    1576.3 sec left
CG set 3428 / 6116    683.0584 GFlop/s     (683.0584 GFlop/s per process)    56%    1575.7 sec left
CG set 3429 / 6116    683.0583 GFlop/s     (683.0583 GFlop/s per process)    56%    1575.1 sec left
CG set 3430 / 6116    683.0583 GFlop/s     (683.0583 GFlop/s per process)    56%    1574.5 sec left
CG set 3431 / 6116    683.0583 GFlop/s     (683.0583 GFlop/s per process)    56%    1573.9 sec left
CG set 3432 / 6116    683.0582 GFlop/s     (683.0582 GFlop/s per process)    56%    1573.3 sec left
CG set 3433 / 6116    683.0582 GFlop/s     (683.0582 GFlop/s per process)    56%    1572.7 sec left
CG set 3434 / 6116    683.0582 GFlop/s     (683.0582 GFlop/s per process)    56%    1572.2 sec left
CG set 3435 / 6116    683.0584 GFlop/s     (683.0584 GFlop/s per process)    56%    1571.6 sec left
CG set 3436 / 6116    683.0583 GFlop/s     (683.0583 GFlop/s per process)    56%    1571.0 sec left
CG set 3437 / 6116    683.0584 GFlop/s     (683.0584 GFlop/s per process)    56%    1570.4 sec left
CG set 3438 / 6116    683.0583 GFlop/s     (683.0583 GFlop/s per process)    56%    1569.8 sec left
CG set 3439 / 6116    683.0584 GFlop/s     (683.0584 GFlop/s per process)    56%    1569.2 sec left
CG set 3440 / 6116    683.0583 GFlop/s     (683.0583 GFlop/s per process)    56%    1568.6 sec left
CG set 3441 / 6116    683.0583 GFlop/s     (683.0583 GFlop/s per process)    56%    1568.0 sec left
CG set 3442 / 6116    683.0583 GFlop/s     (683.0583 GFlop/s per process)    56%    1567.4 sec left
CG set 3443 / 6116    683.0579 GFlop/s     (683.0579 GFlop/s per process)    56%    1566.8 sec left
CG set 3444 / 6116    683.0579 GFlop/s     (683.0579 GFlop/s per process)    56%    1566.2 sec left
CG set 3445 / 6116    683.0579 GFlop/s     (683.0579 GFlop/s per process)    56%    1565.7 sec left
CG set 3446 / 6116    683.0577 GFlop/s     (683.0577 GFlop/s per process)    56%    1565.1 sec left
CG set 3447 / 6116    683.0579 GFlop/s     (683.0579 GFlop/s per process)    56%    1564.5 sec left
CG set 3448 / 6116    683.0580 GFlop/s     (683.0580 GFlop/s per process)    56%    1563.9 sec left
CG set 3449 / 6116    683.0580 GFlop/s     (683.0580 GFlop/s per process)    56%    1563.3 sec left
CG set 3450 / 6116    683.0581 GFlop/s     (683.0581 GFlop/s per process)    56%    1562.7 sec left
CG set 3451 / 6116    683.0582 GFlop/s     (683.0582 GFlop/s per process)    56%    1562.1 sec left
CG set 3452 / 6116    683.0583 GFlop/s     (683.0583 GFlop/s per process)    56%    1561.5 sec left
CG set 3453 / 6116    683.0585 GFlop/s     (683.0585 GFlop/s per process)    56%    1560.9 sec left
CG set 3454 / 6116    683.0585 GFlop/s     (683.0585 GFlop/s per process)    56%    1560.3 sec left
CG set 3455 / 6116    683.0585 GFlop/s     (683.0585 GFlop/s per process)    56%    1559.8 sec left
CG set 3456 / 6116    683.0585 GFlop/s     (683.0585 GFlop/s per process)    56%    1559.2 sec left
CG set 3457 / 6116    683.0583 GFlop/s     (683.0583 GFlop/s per process)    56%    1558.6 sec left
CG set 3458 / 6116    683.0584 GFlop/s     (683.0584 GFlop/s per process)    56%    1558.0 sec left
CG set 3459 / 6116    683.0583 GFlop/s     (683.0583 GFlop/s per process)    56%    1557.4 sec left
CG set 3460 / 6116    683.0583 GFlop/s     (683.0583 GFlop/s per process)    56%    1556.8 sec left
CG set 3461 / 6116    683.0583 GFlop/s     (683.0583 GFlop/s per process)    56%    1556.2 sec left
CG set 3462 / 6116    683.0585 GFlop/s     (683.0585 GFlop/s per process)    56%    1555.6 sec left
CG set 3463 / 6116    683.0584 GFlop/s     (683.0584 GFlop/s per process)    56%    1555.0 sec left
CG set 3464 / 6116    683.0584 GFlop/s     (683.0584 GFlop/s per process)    56%    1554.4 sec left
CG set 3465 / 6116    683.0583 GFlop/s     (683.0583 GFlop/s per process)    56%    1553.8 sec left
CG set 3466 / 6116    683.0583 GFlop/s     (683.0583 GFlop/s per process)    56%    1553.3 sec left
CG set 3467 / 6116    683.0584 GFlop/s     (683.0584 GFlop/s per process)    56%    1552.7 sec left
CG set 3468 / 6116    683.0584 GFlop/s     (683.0584 GFlop/s per process)    56%    1552.1 sec left
CG set 3469 / 6116    683.0584 GFlop/s     (683.0584 GFlop/s per process)    56%    1551.5 sec left
CG set 3470 / 6116    683.0583 GFlop/s     (683.0583 GFlop/s per process)    56%    1550.9 sec left
CG set 3471 / 6116    683.0583 GFlop/s     (683.0583 GFlop/s per process)    56%    1550.3 sec left
CG set 3472 / 6116    683.0582 GFlop/s     (683.0582 GFlop/s per process)    56%    1549.7 sec left
CG set 3473 / 6116    683.0582 GFlop/s     (683.0582 GFlop/s per process)    56%    1549.1 sec left
CG set 3474 / 6116    683.0581 GFlop/s     (683.0581 GFlop/s per process)    56%    1548.5 sec left
CG set 3475 / 6116    683.0581 GFlop/s     (683.0581 GFlop/s per process)    56%    1547.9 sec left
CG set 3476 / 6116    683.0579 GFlop/s     (683.0579 GFlop/s per process)    56%    1547.4 sec left
CG set 3477 / 6116    683.0578 GFlop/s     (683.0578 GFlop/s per process)    56%    1546.8 sec left
CG set 3478 / 6116    683.0577 GFlop/s     (683.0577 GFlop/s per process)    56%    1546.2 sec left
CG set 3479 / 6116    683.0576 GFlop/s     (683.0576 GFlop/s per process)    56%    1545.6 sec left
CG set 3480 / 6116    683.0576 GFlop/s     (683.0576 GFlop/s per process)    56%    1545.0 sec left
CG set 3481 / 6116    683.0575 GFlop/s     (683.0575 GFlop/s per process)    56%    1544.4 sec left
CG set 3482 / 6116    683.0575 GFlop/s     (683.0575 GFlop/s per process)    56%    1543.8 sec left
CG set 3483 / 6116    683.0575 GFlop/s     (683.0575 GFlop/s per process)    56%    1543.2 sec left
CG set 3484 / 6116    683.0574 GFlop/s     (683.0574 GFlop/s per process)    56%    1542.6 sec left
CG set 3485 / 6116    683.0574 GFlop/s     (683.0574 GFlop/s per process)    56%    1542.0 sec left
CG set 3486 / 6116    683.0573 GFlop/s     (683.0573 GFlop/s per process)    56%    1541.4 sec left
CG set 3487 / 6116    683.0573 GFlop/s     (683.0573 GFlop/s per process)    57%    1540.9 sec left
CG set 3488 / 6116    683.0573 GFlop/s     (683.0573 GFlop/s per process)    57%    1540.3 sec left
CG set 3489 / 6116    683.0572 GFlop/s     (683.0572 GFlop/s per process)    57%    1539.7 sec left
CG set 3490 / 6116    683.0571 GFlop/s     (683.0571 GFlop/s per process)    57%    1539.1 sec left
CG set 3491 / 6116    683.0571 GFlop/s     (683.0571 GFlop/s per process)    57%    1538.5 sec left
CG set 3492 / 6116    683.0569 GFlop/s     (683.0569 GFlop/s per process)    57%    1537.9 sec left
CG set 3493 / 6116    683.0569 GFlop/s     (683.0569 GFlop/s per process)    57%    1537.3 sec left
CG set 3494 / 6116    683.0569 GFlop/s     (683.0569 GFlop/s per process)    57%    1536.7 sec left
CG set 3495 / 6116    683.0568 GFlop/s     (683.0568 GFlop/s per process)    57%    1536.1 sec left
CG set 3496 / 6116    683.0568 GFlop/s     (683.0568 GFlop/s per process)    57%    1535.5 sec left
CG set 3497 / 6116    683.0568 GFlop/s     (683.0568 GFlop/s per process)    57%    1534.9 sec left
CG set 3498 / 6116    683.0567 GFlop/s     (683.0567 GFlop/s per process)    57%    1534.4 sec left
CG set 3499 / 6116    683.0567 GFlop/s     (683.0567 GFlop/s per process)    57%    1533.8 sec left
CG set 3500 / 6116    683.0565 GFlop/s     (683.0565 GFlop/s per process)    57%    1533.2 sec left
CG set 3501 / 6116    683.0566 GFlop/s     (683.0566 GFlop/s per process)    57%    1532.6 sec left
CG set 3502 / 6116    683.0565 GFlop/s     (683.0565 GFlop/s per process)    57%    1532.0 sec left
CG set 3503 / 6116    683.0566 GFlop/s     (683.0566 GFlop/s per process)    57%    1531.4 sec left
CG set 3504 / 6116    683.0565 GFlop/s     (683.0565 GFlop/s per process)    57%    1530.8 sec left
CG set 3505 / 6116    683.0565 GFlop/s     (683.0565 GFlop/s per process)    57%    1530.2 sec left
CG set 3506 / 6116    683.0563 GFlop/s     (683.0563 GFlop/s per process)    57%    1529.6 sec left
CG set 3507 / 6116    683.0562 GFlop/s     (683.0562 GFlop/s per process)    57%    1529.0 sec left
CG set 3508 / 6116    683.0562 GFlop/s     (683.0562 GFlop/s per process)    57%    1528.5 sec left
CG set 3509 / 6116    683.0563 GFlop/s     (683.0563 GFlop/s per process)    57%    1527.9 sec left
CG set 3510 / 6116    683.0564 GFlop/s     (683.0564 GFlop/s per process)    57%    1527.3 sec left
CG set 3511 / 6116    683.0564 GFlop/s     (683.0564 GFlop/s per process)    57%    1526.7 sec left
CG set 3512 / 6116    683.0563 GFlop/s     (683.0563 GFlop/s per process)    57%    1526.1 sec left
CG set 3513 / 6116    683.0560 GFlop/s     (683.0560 GFlop/s per process)    57%    1525.5 sec left
CG set 3514 / 6116    683.0560 GFlop/s     (683.0560 GFlop/s per process)    57%    1524.9 sec left
CG set 3515 / 6116    683.0560 GFlop/s     (683.0560 GFlop/s per process)    57%    1524.3 sec left
CG set 3516 / 6116    683.0561 GFlop/s     (683.0561 GFlop/s per process)    57%    1523.7 sec left
CG set 3517 / 6116    683.0559 GFlop/s     (683.0559 GFlop/s per process)    57%    1523.1 sec left
CG set 3518 / 6116    683.0559 GFlop/s     (683.0559 GFlop/s per process)    57%    1522.5 sec left
CG set 3519 / 6116    683.0558 GFlop/s     (683.0558 GFlop/s per process)    57%    1522.0 sec left
CG set 3520 / 6116    683.0556 GFlop/s     (683.0556 GFlop/s per process)    57%    1521.4 sec left
CG set 3521 / 6116    683.0557 GFlop/s     (683.0557 GFlop/s per process)    57%    1520.8 sec left
CG set 3522 / 6116    683.0556 GFlop/s     (683.0556 GFlop/s per process)    57%    1520.2 sec left
CG set 3523 / 6116    683.0554 GFlop/s     (683.0554 GFlop/s per process)    57%    1519.6 sec left
CG set 3524 / 6116    683.0553 GFlop/s     (683.0553 GFlop/s per process)    57%    1519.0 sec left
CG set 3525 / 6116    683.0553 GFlop/s     (683.0553 GFlop/s per process)    57%    1518.4 sec left
CG set 3526 / 6116    683.0552 GFlop/s     (683.0552 GFlop/s per process)    57%    1517.8 sec left
CG set 3527 / 6116    683.0552 GFlop/s     (683.0552 GFlop/s per process)    57%    1517.2 sec left
CG set 3528 / 6116    683.0552 GFlop/s     (683.0552 GFlop/s per process)    57%    1516.6 sec left
CG set 3529 / 6116    683.0553 GFlop/s     (683.0553 GFlop/s per process)    57%    1516.0 sec left
CG set 3530 / 6116    683.0552 GFlop/s     (683.0552 GFlop/s per process)    57%    1515.5 sec left
CG set 3531 / 6116    683.0550 GFlop/s     (683.0550 GFlop/s per process)    57%    1514.9 sec left
CG set 3532 / 6116    683.0550 GFlop/s     (683.0550 GFlop/s per process)    57%    1514.3 sec left
CG set 3533 / 6116    683.0551 GFlop/s     (683.0551 GFlop/s per process)    57%    1513.7 sec left
CG set 3534 / 6116    683.0550 GFlop/s     (683.0550 GFlop/s per process)    57%    1513.1 sec left
CG set 3535 / 6116    683.0550 GFlop/s     (683.0550 GFlop/s per process)    57%    1512.5 sec left
CG set 3536 / 6116    683.0550 GFlop/s     (683.0550 GFlop/s per process)    57%    1511.9 sec left
CG set 3537 / 6116    683.0550 GFlop/s     (683.0550 GFlop/s per process)    57%    1511.3 sec left
CG set 3538 / 6116    683.0550 GFlop/s     (683.0550 GFlop/s per process)    57%    1510.7 sec left
CG set 3539 / 6116    683.0548 GFlop/s     (683.0548 GFlop/s per process)    57%    1510.1 sec left
CG set 3540 / 6116    683.0550 GFlop/s     (683.0550 GFlop/s per process)    57%    1509.5 sec left
CG set 3541 / 6116    683.0548 GFlop/s     (683.0548 GFlop/s per process)    57%    1509.0 sec left
CG set 3542 / 6116    683.0550 GFlop/s     (683.0550 GFlop/s per process)    57%    1508.4 sec left
CG set 3543 / 6116    683.0550 GFlop/s     (683.0550 GFlop/s per process)    57%    1507.8 sec left
CG set 3544 / 6116    683.0548 GFlop/s     (683.0548 GFlop/s per process)    57%    1507.2 sec left
CG set 3545 / 6116    683.0548 GFlop/s     (683.0548 GFlop/s per process)    57%    1506.6 sec left
CG set 3546 / 6116    683.0547 GFlop/s     (683.0547 GFlop/s per process)    57%    1506.0 sec left
CG set 3547 / 6116    683.0547 GFlop/s     (683.0547 GFlop/s per process)    57%    1505.4 sec left
CG set 3548 / 6116    683.0547 GFlop/s     (683.0547 GFlop/s per process)    58%    1504.8 sec left
CG set 3549 / 6116    683.0546 GFlop/s     (683.0546 GFlop/s per process)    58%    1504.2 sec left
CG set 3550 / 6116    683.0548 GFlop/s     (683.0548 GFlop/s per process)    58%    1503.6 sec left
CG set 3551 / 6116    683.0548 GFlop/s     (683.0548 GFlop/s per process)    58%    1503.1 sec left
CG set 3552 / 6116    683.0549 GFlop/s     (683.0549 GFlop/s per process)    58%    1502.5 sec left
CG set 3553 / 6116    683.0549 GFlop/s     (683.0549 GFlop/s per process)    58%    1501.9 sec left
CG set 3554 / 6116    683.0549 GFlop/s     (683.0549 GFlop/s per process)    58%    1501.3 sec left
CG set 3555 / 6116    683.0549 GFlop/s     (683.0549 GFlop/s per process)    58%    1500.7 sec left
CG set 3556 / 6116    683.0548 GFlop/s     (683.0548 GFlop/s per process)    58%    1500.1 sec left
CG set 3557 / 6116    683.0548 GFlop/s     (683.0548 GFlop/s per process)    58%    1499.5 sec left
CG set 3558 / 6116    683.0549 GFlop/s     (683.0549 GFlop/s per process)    58%    1498.9 sec left
CG set 3559 / 6116    683.0548 GFlop/s     (683.0548 GFlop/s per process)    58%    1498.3 sec left
CG set 3560 / 6116    683.0548 GFlop/s     (683.0548 GFlop/s per process)    58%    1497.7 sec left
CG set 3561 / 6116    683.0548 GFlop/s     (683.0548 GFlop/s per process)    58%    1497.1 sec left
CG set 3562 / 6116    683.0548 GFlop/s     (683.0548 GFlop/s per process)    58%    1496.6 sec left
CG set 3563 / 6116    683.0548 GFlop/s     (683.0548 GFlop/s per process)    58%    1496.0 sec left
CG set 3564 / 6116    683.0547 GFlop/s     (683.0547 GFlop/s per process)    58%    1495.4 sec left
CG set 3565 / 6116    683.0548 GFlop/s     (683.0548 GFlop/s per process)    58%    1494.8 sec left
CG set 3566 / 6116    683.0548 GFlop/s     (683.0548 GFlop/s per process)    58%    1494.2 sec left
CG set 3567 / 6116    683.0548 GFlop/s     (683.0548 GFlop/s per process)    58%    1493.6 sec left
CG set 3568 / 6116    683.0547 GFlop/s     (683.0547 GFlop/s per process)    58%    1493.0 sec left
CG set 3569 / 6116    683.0548 GFlop/s     (683.0548 GFlop/s per process)    58%    1492.4 sec left
CG set 3570 / 6116    683.0548 GFlop/s     (683.0548 GFlop/s per process)    58%    1491.8 sec left
CG set 3571 / 6116    683.0548 GFlop/s     (683.0548 GFlop/s per process)    58%    1491.2 sec left
CG set 3572 / 6116    683.0547 GFlop/s     (683.0547 GFlop/s per process)    58%    1490.7 sec left
CG set 3573 / 6116    683.0549 GFlop/s     (683.0549 GFlop/s per process)    58%    1490.1 sec left
CG set 3574 / 6116    683.0549 GFlop/s     (683.0549 GFlop/s per process)    58%    1489.5 sec left
CG set 3575 / 6116    683.0549 GFlop/s     (683.0549 GFlop/s per process)    58%    1488.9 sec left
CG set 3576 / 6116    683.0548 GFlop/s     (683.0548 GFlop/s per process)    58%    1488.3 sec left
CG set 3577 / 6116    683.0549 GFlop/s     (683.0549 GFlop/s per process)    58%    1487.7 sec left
CG set 3578 / 6116    683.0548 GFlop/s     (683.0548 GFlop/s per process)    58%    1487.1 sec left
CG set 3579 / 6116    683.0549 GFlop/s     (683.0549 GFlop/s per process)    58%    1486.5 sec left
CG set 3580 / 6116    683.0548 GFlop/s     (683.0548 GFlop/s per process)    58%    1485.9 sec left
CG set 3581 / 6116    683.0548 GFlop/s     (683.0548 GFlop/s per process)    58%    1485.3 sec left
CG set 3582 / 6116    683.0549 GFlop/s     (683.0549 GFlop/s per process)    58%    1484.7 sec left
CG set 3583 / 6116    683.0549 GFlop/s     (683.0549 GFlop/s per process)    58%    1484.2 sec left
CG set 3584 / 6116    683.0550 GFlop/s     (683.0550 GFlop/s per process)    58%    1483.6 sec left
CG set 3585 / 6116    683.0550 GFlop/s     (683.0550 GFlop/s per process)    58%    1483.0 sec left
CG set 3586 / 6116    683.0550 GFlop/s     (683.0550 GFlop/s per process)    58%    1482.4 sec left
CG set 3587 / 6116    683.0551 GFlop/s     (683.0551 GFlop/s per process)    58%    1481.8 sec left
CG set 3588 / 6116    683.0552 GFlop/s     (683.0552 GFlop/s per process)    58%    1481.2 sec left
CG set 3589 / 6116    683.0554 GFlop/s     (683.0554 GFlop/s per process)    58%    1480.6 sec left
CG set 3590 / 6116    683.0554 GFlop/s     (683.0554 GFlop/s per process)    58%    1480.0 sec left
CG set 3591 / 6116    683.0553 GFlop/s     (683.0553 GFlop/s per process)    58%    1479.4 sec left
CG set 3592 / 6116    683.0553 GFlop/s     (683.0553 GFlop/s per process)    58%    1478.8 sec left
CG set 3593 / 6116    683.0553 GFlop/s     (683.0553 GFlop/s per process)    58%    1478.3 sec left
CG set 3594 / 6116    683.0553 GFlop/s     (683.0553 GFlop/s per process)    58%    1477.7 sec left
CG set 3595 / 6116    683.0554 GFlop/s     (683.0554 GFlop/s per process)    58%    1477.1 sec left
CG set 3596 / 6116    683.0555 GFlop/s     (683.0555 GFlop/s per process)    58%    1476.5 sec left
CG set 3597 / 6116    683.0554 GFlop/s     (683.0554 GFlop/s per process)    58%    1475.9 sec left
CG set 3598 / 6116    683.0555 GFlop/s     (683.0555 GFlop/s per process)    58%    1475.3 sec left
CG set 3599 / 6116    683.0555 GFlop/s     (683.0555 GFlop/s per process)    58%    1474.7 sec left
CG set 3600 / 6116    683.0555 GFlop/s     (683.0555 GFlop/s per process)    58%    1474.1 sec left
CG set 3601 / 6116    683.0555 GFlop/s     (683.0555 GFlop/s per process)    58%    1473.5 sec left
CG set 3602 / 6116    683.0556 GFlop/s     (683.0556 GFlop/s per process)    58%    1472.9 sec left
CG set 3603 / 6116    683.0556 GFlop/s     (683.0556 GFlop/s per process)    58%    1472.3 sec left
CG set 3604 / 6116    683.0556 GFlop/s     (683.0556 GFlop/s per process)    58%    1471.8 sec left
CG set 3605 / 6116    683.0555 GFlop/s     (683.0555 GFlop/s per process)    58%    1471.2 sec left
CG set 3606 / 6116    683.0556 GFlop/s     (683.0556 GFlop/s per process)    58%    1470.6 sec left
CG set 3607 / 6116    683.0555 GFlop/s     (683.0555 GFlop/s per process)    58%    1470.0 sec left
CG set 3608 / 6116    683.0555 GFlop/s     (683.0555 GFlop/s per process)    58%    1469.4 sec left
CG set 3609 / 6116    683.0554 GFlop/s     (683.0554 GFlop/s per process)    59%    1468.8 sec left
CG set 3610 / 6116    683.0554 GFlop/s     (683.0554 GFlop/s per process)    59%    1468.2 sec left
CG set 3611 / 6116    683.0554 GFlop/s     (683.0554 GFlop/s per process)    59%    1467.6 sec left
CG set 3612 / 6116    683.0552 GFlop/s     (683.0552 GFlop/s per process)    59%    1467.0 sec left
CG set 3613 / 6116    683.0550 GFlop/s     (683.0550 GFlop/s per process)    59%    1466.4 sec left
CG set 3614 / 6116    683.0551 GFlop/s     (683.0551 GFlop/s per process)    59%    1465.9 sec left
CG set 3615 / 6116    683.0551 GFlop/s     (683.0551 GFlop/s per process)    59%    1465.3 sec left
CG set 3616 / 6116    683.0550 GFlop/s     (683.0550 GFlop/s per process)    59%    1464.7 sec left
CG set 3617 / 6116    683.0550 GFlop/s     (683.0550 GFlop/s per process)    59%    1464.1 sec left
CG set 3618 / 6116    683.0550 GFlop/s     (683.0550 GFlop/s per process)    59%    1463.5 sec left
CG set 3619 / 6116    683.0549 GFlop/s     (683.0549 GFlop/s per process)    59%    1462.9 sec left
CG set 3620 / 6116    683.0548 GFlop/s     (683.0548 GFlop/s per process)    59%    1462.3 sec left
CG set 3621 / 6116    683.0547 GFlop/s     (683.0547 GFlop/s per process)    59%    1461.7 sec left
CG set 3622 / 6116    683.0546 GFlop/s     (683.0546 GFlop/s per process)    59%    1461.1 sec left
CG set 3623 / 6116    683.0545 GFlop/s     (683.0545 GFlop/s per process)    59%    1460.5 sec left
CG set 3624 / 6116    683.0545 GFlop/s     (683.0545 GFlop/s per process)    59%    1459.9 sec left
CG set 3625 / 6116    683.0545 GFlop/s     (683.0545 GFlop/s per process)    59%    1459.4 sec left
CG set 3626 / 6116    683.0546 GFlop/s     (683.0546 GFlop/s per process)    59%    1458.8 sec left
CG set 3627 / 6116    683.0546 GFlop/s     (683.0546 GFlop/s per process)    59%    1458.2 sec left
CG set 3628 / 6116    683.0545 GFlop/s     (683.0545 GFlop/s per process)    59%    1457.6 sec left
CG set 3629 / 6116    683.0545 GFlop/s     (683.0545 GFlop/s per process)    59%    1457.0 sec left
CG set 3630 / 6116    683.0546 GFlop/s     (683.0546 GFlop/s per process)    59%    1456.4 sec left
CG set 3631 / 6116    683.0544 GFlop/s     (683.0544 GFlop/s per process)    59%    1455.8 sec left
CG set 3632 / 6116    683.0544 GFlop/s     (683.0544 GFlop/s per process)    59%    1455.2 sec left
CG set 3633 / 6116    683.0544 GFlop/s     (683.0544 GFlop/s per process)    59%    1454.6 sec left
CG set 3634 / 6116    683.0544 GFlop/s     (683.0544 GFlop/s per process)    59%    1454.0 sec left
CG set 3635 / 6116    683.0542 GFlop/s     (683.0542 GFlop/s per process)    59%    1453.4 sec left
CG set 3636 / 6116    683.0539 GFlop/s     (683.0539 GFlop/s per process)    59%    1452.9 sec left
CG set 3637 / 6116    683.0537 GFlop/s     (683.0537 GFlop/s per process)    59%    1452.3 sec left
CG set 3638 / 6116    683.0538 GFlop/s     (683.0538 GFlop/s per process)    59%    1451.7 sec left
CG set 3639 / 6116    683.0535 GFlop/s     (683.0535 GFlop/s per process)    59%    1451.1 sec left
CG set 3640 / 6116    683.0537 GFlop/s     (683.0537 GFlop/s per process)    59%    1450.5 sec left
CG set 3641 / 6116    683.0536 GFlop/s     (683.0536 GFlop/s per process)    59%    1449.9 sec left
CG set 3642 / 6116    683.0535 GFlop/s     (683.0535 GFlop/s per process)    59%    1449.3 sec left
CG set 3643 / 6116    683.0534 GFlop/s     (683.0534 GFlop/s per process)    59%    1448.7 sec left
CG set 3644 / 6116    683.0533 GFlop/s     (683.0533 GFlop/s per process)    59%    1448.1 sec left
CG set 3645 / 6116    683.0533 GFlop/s     (683.0533 GFlop/s per process)    59%    1447.5 sec left
CG set 3646 / 6116    683.0534 GFlop/s     (683.0534 GFlop/s per process)    59%    1446.9 sec left
CG set 3647 / 6116    683.0534 GFlop/s     (683.0534 GFlop/s per process)    59%    1446.4 sec left
CG set 3648 / 6116    683.0533 GFlop/s     (683.0533 GFlop/s per process)    59%    1445.8 sec left
CG set 3649 / 6116    683.0532 GFlop/s     (683.0532 GFlop/s per process)    59%    1445.2 sec left
CG set 3650 / 6116    683.0533 GFlop/s     (683.0533 GFlop/s per process)    59%    1444.6 sec left
CG set 3651 / 6116    683.0531 GFlop/s     (683.0531 GFlop/s per process)    59%    1444.0 sec left
CG set 3652 / 6116    683.0531 GFlop/s     (683.0531 GFlop/s per process)    59%    1443.4 sec left
CG set 3653 / 6116    683.0531 GFlop/s     (683.0531 GFlop/s per process)    59%    1442.8 sec left
CG set 3654 / 6116    683.0530 GFlop/s     (683.0530 GFlop/s per process)    59%    1442.2 sec left
CG set 3655 / 6116    683.0529 GFlop/s     (683.0529 GFlop/s per process)    59%    1441.6 sec left
CG set 3656 / 6116    683.0530 GFlop/s     (683.0530 GFlop/s per process)    59%    1441.0 sec left
CG set 3657 / 6116    683.0530 GFlop/s     (683.0530 GFlop/s per process)    59%    1440.5 sec left
CG set 3658 / 6116    683.0532 GFlop/s     (683.0532 GFlop/s per process)    59%    1439.9 sec left
CG set 3659 / 6116    683.0532 GFlop/s     (683.0532 GFlop/s per process)    59%    1439.3 sec left
CG set 3660 / 6116    683.0532 GFlop/s     (683.0532 GFlop/s per process)    59%    1438.7 sec left
CG set 3661 / 6116    683.0533 GFlop/s     (683.0533 GFlop/s per process)    59%    1438.1 sec left
CG set 3662 / 6116    683.0531 GFlop/s     (683.0531 GFlop/s per process)    59%    1437.5 sec left
CG set 3663 / 6116    683.0531 GFlop/s     (683.0531 GFlop/s per process)    59%    1436.9 sec left
CG set 3664 / 6116    683.0530 GFlop/s     (683.0530 GFlop/s per process)    59%    1436.3 sec left
CG set 3665 / 6116    683.0530 GFlop/s     (683.0530 GFlop/s per process)    59%    1435.7 sec left
CG set 3666 / 6116    683.0530 GFlop/s     (683.0530 GFlop/s per process)    59%    1435.1 sec left
CG set 3667 / 6116    683.0528 GFlop/s     (683.0528 GFlop/s per process)    59%    1434.5 sec left
CG set 3668 / 6116    683.0528 GFlop/s     (683.0528 GFlop/s per process)    59%    1434.0 sec left
CG set 3669 / 6116    683.0529 GFlop/s     (683.0529 GFlop/s per process)    59%    1433.4 sec left
CG set 3670 / 6116    683.0528 GFlop/s     (683.0528 GFlop/s per process)    60%    1432.8 sec left
CG set 3671 / 6116    683.0528 GFlop/s     (683.0528 GFlop/s per process)    60%    1432.2 sec left
CG set 3672 / 6116    683.0529 GFlop/s     (683.0529 GFlop/s per process)    60%    1431.6 sec left
CG set 3673 / 6116    683.0528 GFlop/s     (683.0528 GFlop/s per process)    60%    1431.0 sec left
CG set 3674 / 6116    683.0527 GFlop/s     (683.0527 GFlop/s per process)    60%    1430.4 sec left
CG set 3675 / 6116    683.0526 GFlop/s     (683.0526 GFlop/s per process)    60%    1429.8 sec left
CG set 3676 / 6116    683.0526 GFlop/s     (683.0526 GFlop/s per process)    60%    1429.2 sec left
CG set 3677 / 6116    683.0526 GFlop/s     (683.0526 GFlop/s per process)    60%    1428.6 sec left
CG set 3678 / 6116    683.0527 GFlop/s     (683.0527 GFlop/s per process)    60%    1428.1 sec left
CG set 3679 / 6116    683.0527 GFlop/s     (683.0527 GFlop/s per process)    60%    1427.5 sec left
CG set 3680 / 6116    683.0528 GFlop/s     (683.0528 GFlop/s per process)    60%    1426.9 sec left
CG set 3681 / 6116    683.0528 GFlop/s     (683.0528 GFlop/s per process)    60%    1426.3 sec left
CG set 3682 / 6116    683.0529 GFlop/s     (683.0529 GFlop/s per process)    60%    1425.7 sec left
CG set 3683 / 6116    683.0530 GFlop/s     (683.0530 GFlop/s per process)    60%    1425.1 sec left
CG set 3684 / 6116    683.0528 GFlop/s     (683.0528 GFlop/s per process)    60%    1424.5 sec left
CG set 3685 / 6116    683.0526 GFlop/s     (683.0526 GFlop/s per process)    60%    1423.9 sec left
CG set 3686 / 6116    683.0525 GFlop/s     (683.0525 GFlop/s per process)    60%    1423.3 sec left
CG set 3687 / 6116    683.0526 GFlop/s     (683.0526 GFlop/s per process)    60%    1422.7 sec left
CG set 3688 / 6116    683.0524 GFlop/s     (683.0524 GFlop/s per process)    60%    1422.1 sec left
CG set 3689 / 6116    683.0522 GFlop/s     (683.0522 GFlop/s per process)    60%    1421.6 sec left
CG set 3690 / 6116    683.0521 GFlop/s     (683.0521 GFlop/s per process)    60%    1421.0 sec left
CG set 3691 / 6116    683.0519 GFlop/s     (683.0519 GFlop/s per process)    60%    1420.4 sec left
CG set 3692 / 6116    683.0520 GFlop/s     (683.0520 GFlop/s per process)    60%    1419.8 sec left
CG set 3693 / 6116    683.0522 GFlop/s     (683.0522 GFlop/s per process)    60%    1419.2 sec left
CG set 3694 / 6116    683.0524 GFlop/s     (683.0524 GFlop/s per process)    60%    1418.6 sec left
CG set 3695 / 6116    683.0524 GFlop/s     (683.0524 GFlop/s per process)    60%    1418.0 sec left
CG set 3696 / 6116    683.0523 GFlop/s     (683.0523 GFlop/s per process)    60%    1417.4 sec left
CG set 3697 / 6116    683.0523 GFlop/s     (683.0523 GFlop/s per process)    60%    1416.8 sec left
CG set 3698 / 6116    683.0522 GFlop/s     (683.0522 GFlop/s per process)    60%    1416.2 sec left
CG set 3699 / 6116    683.0520 GFlop/s     (683.0520 GFlop/s per process)    60%    1415.6 sec left
CG set 3700 / 6116    683.0518 GFlop/s     (683.0518 GFlop/s per process)    60%    1415.1 sec left
CG set 3701 / 6116    683.0518 GFlop/s     (683.0518 GFlop/s per process)    60%    1414.5 sec left
CG set 3702 / 6116    683.0518 GFlop/s     (683.0518 GFlop/s per process)    60%    1413.9 sec left
CG set 3703 / 6116    683.0516 GFlop/s     (683.0516 GFlop/s per process)    60%    1413.3 sec left
CG set 3704 / 6116    683.0515 GFlop/s     (683.0515 GFlop/s per process)    60%    1412.7 sec left
CG set 3705 / 6116    683.0515 GFlop/s     (683.0515 GFlop/s per process)    60%    1412.1 sec left
CG set 3706 / 6116    683.0515 GFlop/s     (683.0515 GFlop/s per process)    60%    1411.5 sec left
CG set 3707 / 6116    683.0514 GFlop/s     (683.0514 GFlop/s per process)    60%    1410.9 sec left
CG set 3708 / 6116    683.0515 GFlop/s     (683.0515 GFlop/s per process)    60%    1410.3 sec left
CG set 3709 / 6116    683.0514 GFlop/s     (683.0514 GFlop/s per process)    60%    1409.7 sec left
CG set 3710 / 6116    683.0513 GFlop/s     (683.0513 GFlop/s per process)    60%    1409.1 sec left
CG set 3711 / 6116    683.0513 GFlop/s     (683.0513 GFlop/s per process)    60%    1408.6 sec left
CG set 3712 / 6116    683.0513 GFlop/s     (683.0513 GFlop/s per process)    60%    1408.0 sec left
CG set 3713 / 6116    683.0511 GFlop/s     (683.0511 GFlop/s per process)    60%    1407.4 sec left
CG set 3714 / 6116    683.0512 GFlop/s     (683.0512 GFlop/s per process)    60%    1406.8 sec left
CG set 3715 / 6116    683.0510 GFlop/s     (683.0510 GFlop/s per process)    60%    1406.2 sec left
CG set 3716 / 6116    683.0510 GFlop/s     (683.0510 GFlop/s per process)    60%    1405.6 sec left
CG set 3717 / 6116    683.0510 GFlop/s     (683.0510 GFlop/s per process)    60%    1405.0 sec left
CG set 3718 / 6116    683.0510 GFlop/s     (683.0510 GFlop/s per process)    60%    1404.4 sec left
CG set 3719 / 6116    683.0510 GFlop/s     (683.0510 GFlop/s per process)    60%    1403.8 sec left
CG set 3720 / 6116    683.0510 GFlop/s     (683.0510 GFlop/s per process)    60%    1403.2 sec left
CG set 3721 / 6116    683.0510 GFlop/s     (683.0510 GFlop/s per process)    60%    1402.7 sec left
CG set 3722 / 6116    683.0511 GFlop/s     (683.0511 GFlop/s per process)    60%    1402.1 sec left
CG set 3723 / 6116    683.0512 GFlop/s     (683.0512 GFlop/s per process)    60%    1401.5 sec left
CG set 3724 / 6116    683.0510 GFlop/s     (683.0510 GFlop/s per process)    60%    1400.9 sec left
CG set 3725 / 6116    683.0508 GFlop/s     (683.0508 GFlop/s per process)    60%    1400.3 sec left
CG set 3726 / 6116    683.0511 GFlop/s     (683.0511 GFlop/s per process)    60%    1399.7 sec left
CG set 3727 / 6116    683.0509 GFlop/s     (683.0509 GFlop/s per process)    60%    1399.1 sec left
CG set 3728 / 6116    683.0509 GFlop/s     (683.0509 GFlop/s per process)    60%    1398.5 sec left
CG set 3729 / 6116    683.0509 GFlop/s     (683.0509 GFlop/s per process)    60%    1397.9 sec left
CG set 3730 / 6116    683.0507 GFlop/s     (683.0507 GFlop/s per process)    60%    1397.3 sec left
CG set 3731 / 6116    683.0508 GFlop/s     (683.0508 GFlop/s per process)    61%    1396.7 sec left
CG set 3732 / 6116    683.0506 GFlop/s     (683.0506 GFlop/s per process)    61%    1396.2 sec left
CG set 3733 / 6116    683.0505 GFlop/s     (683.0505 GFlop/s per process)    61%    1395.6 sec left
CG set 3734 / 6116    683.0505 GFlop/s     (683.0505 GFlop/s per process)    61%    1395.0 sec left
CG set 3735 / 6116    683.0504 GFlop/s     (683.0504 GFlop/s per process)    61%    1394.4 sec left
CG set 3736 / 6116    683.0504 GFlop/s     (683.0504 GFlop/s per process)    61%    1393.8 sec left
CG set 3737 / 6116    683.0503 GFlop/s     (683.0503 GFlop/s per process)    61%    1393.2 sec left
CG set 3738 / 6116    683.0503 GFlop/s     (683.0503 GFlop/s per process)    61%    1392.6 sec left
CG set 3739 / 6116    683.0503 GFlop/s     (683.0503 GFlop/s per process)    61%    1392.0 sec left
CG set 3740 / 6116    683.0503 GFlop/s     (683.0503 GFlop/s per process)    61%    1391.4 sec left
CG set 3741 / 6116    683.0501 GFlop/s     (683.0501 GFlop/s per process)    61%    1390.8 sec left
CG set 3742 / 6116    683.0500 GFlop/s     (683.0500 GFlop/s per process)    61%    1390.2 sec left
CG set 3743 / 6116    683.0499 GFlop/s     (683.0499 GFlop/s per process)    61%    1389.7 sec left
CG set 3744 / 6116    683.0500 GFlop/s     (683.0500 GFlop/s per process)    61%    1389.1 sec left
CG set 3745 / 6116    683.0501 GFlop/s     (683.0501 GFlop/s per process)    61%    1388.5 sec left
CG set 3746 / 6116    683.0498 GFlop/s     (683.0498 GFlop/s per process)    61%    1387.9 sec left
CG set 3747 / 6116    683.0499 GFlop/s     (683.0499 GFlop/s per process)    61%    1387.3 sec left
CG set 3748 / 6116    683.0499 GFlop/s     (683.0499 GFlop/s per process)    61%    1386.7 sec left
CG set 3749 / 6116    683.0499 GFlop/s     (683.0499 GFlop/s per process)    61%    1386.1 sec left
CG set 3750 / 6116    683.0498 GFlop/s     (683.0498 GFlop/s per process)    61%    1385.5 sec left
CG set 3751 / 6116    683.0498 GFlop/s     (683.0498 GFlop/s per process)    61%    1384.9 sec left
CG set 3752 / 6116    683.0500 GFlop/s     (683.0500 GFlop/s per process)    61%    1384.3 sec left
CG set 3753 / 6116    683.0501 GFlop/s     (683.0501 GFlop/s per process)    61%    1383.8 sec left
CG set 3754 / 6116    683.0501 GFlop/s     (683.0501 GFlop/s per process)    61%    1383.2 sec left
CG set 3755 / 6116    683.0502 GFlop/s     (683.0502 GFlop/s per process)    61%    1382.6 sec left
CG set 3756 / 6116    683.0502 GFlop/s     (683.0502 GFlop/s per process)    61%    1382.0 sec left
CG set 3757 / 6116    683.0502 GFlop/s     (683.0502 GFlop/s per process)    61%    1381.4 sec left
CG set 3758 / 6116    683.0503 GFlop/s     (683.0503 GFlop/s per process)    61%    1380.8 sec left
CG set 3759 / 6116    683.0503 GFlop/s     (683.0503 GFlop/s per process)    61%    1380.2 sec left
CG set 3760 / 6116    683.0503 GFlop/s     (683.0503 GFlop/s per process)    61%    1379.6 sec left
CG set 3761 / 6116    683.0505 GFlop/s     (683.0505 GFlop/s per process)    61%    1379.0 sec left
CG set 3762 / 6116    683.0504 GFlop/s     (683.0504 GFlop/s per process)    61%    1378.4 sec left
CG set 3763 / 6116    683.0503 GFlop/s     (683.0503 GFlop/s per process)    61%    1377.8 sec left
CG set 3764 / 6116    683.0505 GFlop/s     (683.0505 GFlop/s per process)    61%    1377.3 sec left
CG set 3765 / 6116    683.0505 GFlop/s     (683.0505 GFlop/s per process)    61%    1376.7 sec left
CG set 3766 / 6116    683.0504 GFlop/s     (683.0504 GFlop/s per process)    61%    1376.1 sec left
CG set 3767 / 6116    683.0504 GFlop/s     (683.0504 GFlop/s per process)    61%    1375.5 sec left
CG set 3768 / 6116    683.0504 GFlop/s     (683.0504 GFlop/s per process)    61%    1374.9 sec left
CG set 3769 / 6116    683.0503 GFlop/s     (683.0503 GFlop/s per process)    61%    1374.3 sec left
CG set 3770 / 6116    683.0502 GFlop/s     (683.0502 GFlop/s per process)    61%    1373.7 sec left
CG set 3771 / 6116    683.0502 GFlop/s     (683.0502 GFlop/s per process)    61%    1373.1 sec left
CG set 3772 / 6116    683.0500 GFlop/s     (683.0500 GFlop/s per process)    61%    1372.5 sec left
CG set 3773 / 6116    683.0500 GFlop/s     (683.0500 GFlop/s per process)    61%    1371.9 sec left
CG set 3774 / 6116    683.0501 GFlop/s     (683.0501 GFlop/s per process)    61%    1371.4 sec left
CG set 3775 / 6116    683.0502 GFlop/s     (683.0502 GFlop/s per process)    61%    1370.8 sec left
CG set 3776 / 6116    683.0501 GFlop/s     (683.0501 GFlop/s per process)    61%    1370.2 sec left
CG set 3777 / 6116    683.0502 GFlop/s     (683.0502 GFlop/s per process)    61%    1369.6 sec left
CG set 3778 / 6116    683.0502 GFlop/s     (683.0502 GFlop/s per process)    61%    1369.0 sec left
CG set 3779 / 6116    683.0501 GFlop/s     (683.0501 GFlop/s per process)    61%    1368.4 sec left
CG set 3780 / 6116    683.0501 GFlop/s     (683.0501 GFlop/s per process)    61%    1367.8 sec left
CG set 3781 / 6116    683.0501 GFlop/s     (683.0501 GFlop/s per process)    61%    1367.2 sec left
CG set 3782 / 6116    683.0502 GFlop/s     (683.0502 GFlop/s per process)    61%    1366.6 sec left
CG set 3783 / 6116    683.0502 GFlop/s     (683.0502 GFlop/s per process)    61%    1366.0 sec left
CG set 3784 / 6116    683.0502 GFlop/s     (683.0502 GFlop/s per process)    61%    1365.4 sec left
CG set 3785 / 6116    683.0500 GFlop/s     (683.0500 GFlop/s per process)    61%    1364.9 sec left
CG set 3786 / 6116    683.0501 GFlop/s     (683.0501 GFlop/s per process)    61%    1364.3 sec left
CG set 3787 / 6116    683.0501 GFlop/s     (683.0501 GFlop/s per process)    61%    1363.7 sec left
CG set 3788 / 6116    683.0502 GFlop/s     (683.0502 GFlop/s per process)    61%    1363.1 sec left
CG set 3789 / 6116    683.0501 GFlop/s     (683.0501 GFlop/s per process)    61%    1362.5 sec left
CG set 3790 / 6116    683.0501 GFlop/s     (683.0501 GFlop/s per process)    61%    1361.9 sec left
CG set 3791 / 6116    683.0501 GFlop/s     (683.0501 GFlop/s per process)    61%    1361.3 sec left
CG set 3792 / 6116    683.0501 GFlop/s     (683.0501 GFlop/s per process)    62%    1360.7 sec left
CG set 3793 / 6116    683.0500 GFlop/s     (683.0500 GFlop/s per process)    62%    1360.1 sec left
CG set 3794 / 6116    683.0499 GFlop/s     (683.0499 GFlop/s per process)    62%    1359.5 sec left
CG set 3795 / 6116    683.0498 GFlop/s     (683.0498 GFlop/s per process)    62%    1358.9 sec left
CG set 3796 / 6116    683.0498 GFlop/s     (683.0498 GFlop/s per process)    62%    1358.4 sec left
CG set 3797 / 6116    683.0497 GFlop/s     (683.0497 GFlop/s per process)    62%    1357.8 sec left
CG set 3798 / 6116    683.0497 GFlop/s     (683.0497 GFlop/s per process)    62%    1357.2 sec left
CG set 3799 / 6116    683.0498 GFlop/s     (683.0498 GFlop/s per process)    62%    1356.6 sec left
CG set 3800 / 6116    683.0498 GFlop/s     (683.0498 GFlop/s per process)    62%    1356.0 sec left
CG set 3801 / 6116    683.0498 GFlop/s     (683.0498 GFlop/s per process)    62%    1355.4 sec left
CG set 3802 / 6116    683.0498 GFlop/s     (683.0498 GFlop/s per process)    62%    1354.8 sec left
CG set 3803 / 6116    683.0499 GFlop/s     (683.0499 GFlop/s per process)    62%    1354.2 sec left
CG set 3804 / 6116    683.0499 GFlop/s     (683.0499 GFlop/s per process)    62%    1353.6 sec left
CG set 3805 / 6116    683.0500 GFlop/s     (683.0500 GFlop/s per process)    62%    1353.0 sec left
CG set 3806 / 6116    683.0499 GFlop/s     (683.0499 GFlop/s per process)    62%    1352.5 sec left
CG set 3807 / 6116    683.0498 GFlop/s     (683.0498 GFlop/s per process)    62%    1351.9 sec left
CG set 3808 / 6116    683.0500 GFlop/s     (683.0500 GFlop/s per process)    62%    1351.3 sec left
CG set 3809 / 6116    683.0499 GFlop/s     (683.0499 GFlop/s per process)    62%    1350.7 sec left
CG set 3810 / 6116    683.0499 GFlop/s     (683.0499 GFlop/s per process)    62%    1350.1 sec left
CG set 3811 / 6116    683.0498 GFlop/s     (683.0498 GFlop/s per process)    62%    1349.5 sec left
CG set 3812 / 6116    683.0498 GFlop/s     (683.0498 GFlop/s per process)    62%    1348.9 sec left
CG set 3813 / 6116    683.0498 GFlop/s     (683.0498 GFlop/s per process)    62%    1348.3 sec left
CG set 3814 / 6116    683.0499 GFlop/s     (683.0499 GFlop/s per process)    62%    1347.7 sec left
CG set 3815 / 6116    683.0498 GFlop/s     (683.0498 GFlop/s per process)    62%    1347.1 sec left
CG set 3816 / 6116    683.0500 GFlop/s     (683.0500 GFlop/s per process)    62%    1346.5 sec left
CG set 3817 / 6116    683.0500 GFlop/s     (683.0500 GFlop/s per process)    62%    1346.0 sec left
CG set 3818 / 6116    683.0502 GFlop/s     (683.0502 GFlop/s per process)    62%    1345.4 sec left
CG set 3819 / 6116    683.0503 GFlop/s     (683.0503 GFlop/s per process)    62%    1344.8 sec left
CG set 3820 / 6116    683.0502 GFlop/s     (683.0502 GFlop/s per process)    62%    1344.2 sec left
CG set 3821 / 6116    683.0503 GFlop/s     (683.0503 GFlop/s per process)    62%    1343.6 sec left
CG set 3822 / 6116    683.0504 GFlop/s     (683.0504 GFlop/s per process)    62%    1343.0 sec left
CG set 3823 / 6116    683.0503 GFlop/s     (683.0503 GFlop/s per process)    62%    1342.4 sec left
CG set 3824 / 6116    683.0502 GFlop/s     (683.0502 GFlop/s per process)    62%    1341.8 sec left
CG set 3825 / 6116    683.0502 GFlop/s     (683.0502 GFlop/s per process)    62%    1341.2 sec left
CG set 3826 / 6116    683.0504 GFlop/s     (683.0504 GFlop/s per process)    62%    1340.6 sec left
CG set 3827 / 6116    683.0504 GFlop/s     (683.0504 GFlop/s per process)    62%    1340.1 sec left
CG set 3828 / 6116    683.0503 GFlop/s     (683.0503 GFlop/s per process)    62%    1339.5 sec left
CG set 3829 / 6116    683.0502 GFlop/s     (683.0502 GFlop/s per process)    62%    1338.9 sec left
CG set 3830 / 6116    683.0503 GFlop/s     (683.0503 GFlop/s per process)    62%    1338.3 sec left
CG set 3831 / 6116    683.0502 GFlop/s     (683.0502 GFlop/s per process)    62%    1337.7 sec left
CG set 3832 / 6116    683.0501 GFlop/s     (683.0501 GFlop/s per process)    62%    1337.1 sec left
CG set 3833 / 6116    683.0502 GFlop/s     (683.0502 GFlop/s per process)    62%    1336.5 sec left
CG set 3834 / 6116    683.0502 GFlop/s     (683.0502 GFlop/s per process)    62%    1335.9 sec left
CG set 3835 / 6116    683.0501 GFlop/s     (683.0501 GFlop/s per process)    62%    1335.3 sec left
CG set 3836 / 6116    683.0500 GFlop/s     (683.0500 GFlop/s per process)    62%    1334.7 sec left
CG set 3837 / 6116    683.0499 GFlop/s     (683.0499 GFlop/s per process)    62%    1334.1 sec left
CG set 3838 / 6116    683.0499 GFlop/s     (683.0499 GFlop/s per process)    62%    1333.6 sec left
CG set 3839 / 6116    683.0499 GFlop/s     (683.0499 GFlop/s per process)    62%    1333.0 sec left
CG set 3840 / 6116    683.0500 GFlop/s     (683.0500 GFlop/s per process)    62%    1332.4 sec left
CG set 3841 / 6116    683.0498 GFlop/s     (683.0498 GFlop/s per process)    62%    1331.8 sec left
CG set 3842 / 6116    683.0498 GFlop/s     (683.0498 GFlop/s per process)    62%    1331.2 sec left
CG set 3843 / 6116    683.0498 GFlop/s     (683.0498 GFlop/s per process)    62%    1330.6 sec left
CG set 3844 / 6116    683.0499 GFlop/s     (683.0499 GFlop/s per process)    62%    1330.0 sec left
CG set 3845 / 6116    683.0499 GFlop/s     (683.0499 GFlop/s per process)    62%    1329.4 sec left
CG set 3846 / 6116    683.0499 GFlop/s     (683.0499 GFlop/s per process)    62%    1328.8 sec left
CG set 3847 / 6116    683.0498 GFlop/s     (683.0498 GFlop/s per process)    62%    1328.2 sec left
CG set 3848 / 6116    683.0497 GFlop/s     (683.0497 GFlop/s per process)    62%    1327.7 sec left
CG set 3849 / 6116    683.0497 GFlop/s     (683.0497 GFlop/s per process)    62%    1327.1 sec left
CG set 3850 / 6116    683.0499 GFlop/s     (683.0499 GFlop/s per process)    62%    1326.5 sec left
CG set 3851 / 6116    683.0501 GFlop/s     (683.0501 GFlop/s per process)    62%    1325.9 sec left
CG set 3852 / 6116    683.0501 GFlop/s     (683.0501 GFlop/s per process)    62%    1325.3 sec left
CG set 3853 / 6116    683.0501 GFlop/s     (683.0501 GFlop/s per process)    62%    1324.7 sec left
CG set 3854 / 6116    683.0499 GFlop/s     (683.0499 GFlop/s per process)    63%    1324.1 sec left
CG set 3855 / 6116    683.0497 GFlop/s     (683.0497 GFlop/s per process)    63%    1323.5 sec left
CG set 3856 / 6116    683.0497 GFlop/s     (683.0497 GFlop/s per process)    63%    1322.9 sec left
CG set 3857 / 6116    683.0496 GFlop/s     (683.0496 GFlop/s per process)    63%    1322.3 sec left
CG set 3858 / 6116    683.0495 GFlop/s     (683.0495 GFlop/s per process)    63%    1321.7 sec left
CG set 3859 / 6116    683.0493 GFlop/s     (683.0493 GFlop/s per process)    63%    1321.2 sec left
CG set 3860 / 6116    683.0491 GFlop/s     (683.0491 GFlop/s per process)    63%    1320.6 sec left
CG set 3861 / 6116    683.0490 GFlop/s     (683.0490 GFlop/s per process)    63%    1320.0 sec left
CG set 3862 / 6116    683.0489 GFlop/s     (683.0489 GFlop/s per process)    63%    1319.4 sec left
CG set 3863 / 6116    683.0489 GFlop/s     (683.0489 GFlop/s per process)    63%    1318.8 sec left
CG set 3864 / 6116    683.0487 GFlop/s     (683.0487 GFlop/s per process)    63%    1318.2 sec left
CG set 3865 / 6116    683.0484 GFlop/s     (683.0484 GFlop/s per process)    63%    1317.6 sec left
CG set 3866 / 6116    683.0483 GFlop/s     (683.0483 GFlop/s per process)    63%    1317.0 sec left
CG set 3867 / 6116    683.0481 GFlop/s     (683.0481 GFlop/s per process)    63%    1316.4 sec left
CG set 3868 / 6116    683.0479 GFlop/s     (683.0479 GFlop/s per process)    63%    1315.8 sec left
CG set 3869 / 6116    683.0478 GFlop/s     (683.0478 GFlop/s per process)    63%    1315.2 sec left
CG set 3870 / 6116    683.0477 GFlop/s     (683.0477 GFlop/s per process)    63%    1314.7 sec left
CG set 3871 / 6116    683.0477 GFlop/s     (683.0477 GFlop/s per process)    63%    1314.1 sec left
CG set 3872 / 6116    683.0472 GFlop/s     (683.0472 GFlop/s per process)    63%    1313.5 sec left
CG set 3873 / 6116    683.0469 GFlop/s     (683.0469 GFlop/s per process)    63%    1312.9 sec left
CG set 3874 / 6116    683.0468 GFlop/s     (683.0468 GFlop/s per process)    63%    1312.3 sec left
CG set 3875 / 6116    683.0466 GFlop/s     (683.0466 GFlop/s per process)    63%    1311.7 sec left
CG set 3876 / 6116    683.0464 GFlop/s     (683.0464 GFlop/s per process)    63%    1311.1 sec left
CG set 3877 / 6116    683.0462 GFlop/s     (683.0462 GFlop/s per process)    63%    1310.5 sec left
CG set 3878 / 6116    683.0460 GFlop/s     (683.0460 GFlop/s per process)    63%    1309.9 sec left
CG set 3879 / 6116    683.0458 GFlop/s     (683.0458 GFlop/s per process)    63%    1309.3 sec left
CG set 3880 / 6116    683.0456 GFlop/s     (683.0456 GFlop/s per process)    63%    1308.7 sec left
CG set 3881 / 6116    683.0454 GFlop/s     (683.0454 GFlop/s per process)    63%    1308.1 sec left
CG set 3882 / 6116    683.0452 GFlop/s     (683.0452 GFlop/s per process)    63%    1307.6 sec left
CG set 3883 / 6116    683.0449 GFlop/s     (683.0449 GFlop/s per process)    63%    1307.0 sec left
CG set 3884 / 6116    683.0447 GFlop/s     (683.0447 GFlop/s per process)    63%    1306.4 sec left
CG set 3885 / 6116    683.0444 GFlop/s     (683.0444 GFlop/s per process)    63%    1305.8 sec left
CG set 3886 / 6116    683.0442 GFlop/s     (683.0442 GFlop/s per process)    63%    1305.2 sec left
CG set 3887 / 6116    683.0438 GFlop/s     (683.0438 GFlop/s per process)    63%    1304.6 sec left
CG set 3888 / 6116    683.0435 GFlop/s     (683.0435 GFlop/s per process)    63%    1304.0 sec left
CG set 3889 / 6116    683.0434 GFlop/s     (683.0434 GFlop/s per process)    63%    1303.4 sec left
CG set 3890 / 6116    683.0431 GFlop/s     (683.0431 GFlop/s per process)    63%    1302.8 sec left
CG set 3891 / 6116    683.0424 GFlop/s     (683.0424 GFlop/s per process)    63%    1302.2 sec left
CG set 3892 / 6116    683.0422 GFlop/s     (683.0422 GFlop/s per process)    63%    1301.6 sec left
CG set 3893 / 6116    683.0420 GFlop/s     (683.0420 GFlop/s per process)    63%    1301.1 sec left
CG set 3894 / 6116    683.0416 GFlop/s     (683.0416 GFlop/s per process)    63%    1300.5 sec left
CG set 3895 / 6116    683.0411 GFlop/s     (683.0411 GFlop/s per process)    63%    1299.9 sec left
CG set 3896 / 6116    683.0405 GFlop/s     (683.0405 GFlop/s per process)    63%    1299.3 sec left
CG set 3897 / 6116    683.0398 GFlop/s     (683.0398 GFlop/s per process)    63%    1298.7 sec left
CG set 3898 / 6116    683.0393 GFlop/s     (683.0393 GFlop/s per process)    63%    1298.1 sec left
CG set 3899 / 6116    683.0388 GFlop/s     (683.0388 GFlop/s per process)    63%    1297.5 sec left
CG set 3900 / 6116    683.0385 GFlop/s     (683.0385 GFlop/s per process)    63%    1296.9 sec left
CG set 3901 / 6116    683.0382 GFlop/s     (683.0382 GFlop/s per process)    63%    1296.3 sec left
CG set 3902 / 6116    683.0379 GFlop/s     (683.0379 GFlop/s per process)    63%    1295.7 sec left
CG set 3903 / 6116    683.0374 GFlop/s     (683.0374 GFlop/s per process)    63%    1295.1 sec left
CG set 3904 / 6116    683.0372 GFlop/s     (683.0372 GFlop/s per process)    63%    1294.5 sec left
CG set 3905 / 6116    683.0369 GFlop/s     (683.0369 GFlop/s per process)    63%    1293.9 sec left
CG set 3906 / 6116    683.0364 GFlop/s     (683.0364 GFlop/s per process)    63%    1293.4 sec left
CG set 3907 / 6116    683.0358 GFlop/s     (683.0358 GFlop/s per process)    63%    1292.8 sec left
CG set 3908 / 6116    683.0355 GFlop/s     (683.0355 GFlop/s per process)    63%    1292.2 sec left
CG set 3909 / 6116    683.0351 GFlop/s     (683.0351 GFlop/s per process)    63%    1291.6 sec left
CG set 3910 / 6116    683.0347 GFlop/s     (683.0347 GFlop/s per process)    63%    1291.0 sec left
CG set 3911 / 6116    683.0344 GFlop/s     (683.0344 GFlop/s per process)    63%    1290.4 sec left
CG set 3912 / 6116    683.0339 GFlop/s     (683.0339 GFlop/s per process)    63%    1289.8 sec left
CG set 3913 / 6116    683.0336 GFlop/s     (683.0336 GFlop/s per process)    63%    1289.2 sec left
CG set 3914 / 6116    683.0332 GFlop/s     (683.0332 GFlop/s per process)    63%    1288.6 sec left
CG set 3915 / 6116    683.0330 GFlop/s     (683.0330 GFlop/s per process)    64%    1288.0 sec left
CG set 3916 / 6116    683.0326 GFlop/s     (683.0326 GFlop/s per process)    64%    1287.4 sec left
CG set 3917 / 6116    683.0321 GFlop/s     (683.0321 GFlop/s per process)    64%    1286.8 sec left
CG set 3918 / 6116    683.0316 GFlop/s     (683.0316 GFlop/s per process)    64%    1286.3 sec left
CG set 3919 / 6116    683.0313 GFlop/s     (683.0313 GFlop/s per process)    64%    1285.7 sec left
CG set 3920 / 6116    683.0307 GFlop/s     (683.0307 GFlop/s per process)    64%    1285.1 sec left
CG set 3921 / 6116    683.0304 GFlop/s     (683.0304 GFlop/s per process)    64%    1284.5 sec left
CG set 3922 / 6116    683.0299 GFlop/s     (683.0299 GFlop/s per process)    64%    1283.9 sec left
CG set 3923 / 6116    683.0296 GFlop/s     (683.0296 GFlop/s per process)    64%    1283.3 sec left
CG set 3924 / 6116    683.0295 GFlop/s     (683.0295 GFlop/s per process)    64%    1282.7 sec left
CG set 3925 / 6116    683.0292 GFlop/s     (683.0292 GFlop/s per process)    64%    1282.1 sec left
CG set 3926 / 6116    683.0290 GFlop/s     (683.0290 GFlop/s per process)    64%    1281.5 sec left
CG set 3927 / 6116    683.0288 GFlop/s     (683.0288 GFlop/s per process)    64%    1280.9 sec left
CG set 3928 / 6116    683.0285 GFlop/s     (683.0285 GFlop/s per process)    64%    1280.3 sec left
CG set 3929 / 6116    683.0284 GFlop/s     (683.0284 GFlop/s per process)    64%    1279.7 sec left
CG set 3930 / 6116    683.0282 GFlop/s     (683.0282 GFlop/s per process)    64%    1279.2 sec left
CG set 3931 / 6116    683.0279 GFlop/s     (683.0279 GFlop/s per process)    64%    1278.6 sec left
CG set 3932 / 6116    683.0277 GFlop/s     (683.0277 GFlop/s per process)    64%    1278.0 sec left
CG set 3933 / 6116    683.0276 GFlop/s     (683.0276 GFlop/s per process)    64%    1277.4 sec left
CG set 3934 / 6116    683.0274 GFlop/s     (683.0274 GFlop/s per process)    64%    1276.8 sec left
CG set 3935 / 6116    683.0272 GFlop/s     (683.0272 GFlop/s per process)    64%    1276.2 sec left
CG set 3936 / 6116    683.0270 GFlop/s     (683.0270 GFlop/s per process)    64%    1275.6 sec left
CG set 3937 / 6116    683.0268 GFlop/s     (683.0268 GFlop/s per process)    64%    1275.0 sec left
CG set 3938 / 6116    683.0265 GFlop/s     (683.0265 GFlop/s per process)    64%    1274.4 sec left
CG set 3939 / 6116    683.0263 GFlop/s     (683.0263 GFlop/s per process)    64%    1273.8 sec left
CG set 3940 / 6116    683.0259 GFlop/s     (683.0259 GFlop/s per process)    64%    1273.2 sec left
CG set 3941 / 6116    683.0258 GFlop/s     (683.0258 GFlop/s per process)    64%    1272.6 sec left
CG set 3942 / 6116    683.0256 GFlop/s     (683.0256 GFlop/s per process)    64%    1272.1 sec left
CG set 3943 / 6116    683.0253 GFlop/s     (683.0253 GFlop/s per process)    64%    1271.5 sec left
CG set 3944 / 6116    683.0251 GFlop/s     (683.0251 GFlop/s per process)    64%    1270.9 sec left
CG set 3945 / 6116    683.0248 GFlop/s     (683.0248 GFlop/s per process)    64%    1270.3 sec left
CG set 3946 / 6116    683.0246 GFlop/s     (683.0246 GFlop/s per process)    64%    1269.7 sec left
CG set 3947 / 6116    683.0243 GFlop/s     (683.0243 GFlop/s per process)    64%    1269.1 sec left
CG set 3948 / 6116    683.0243 GFlop/s     (683.0243 GFlop/s per process)    64%    1268.5 sec left
CG set 3949 / 6116    683.0241 GFlop/s     (683.0241 GFlop/s per process)    64%    1267.9 sec left
CG set 3950 / 6116    683.0241 GFlop/s     (683.0241 GFlop/s per process)    64%    1267.3 sec left
CG set 3951 / 6116    683.0239 GFlop/s     (683.0239 GFlop/s per process)    64%    1266.7 sec left
CG set 3952 / 6116    683.0238 GFlop/s     (683.0238 GFlop/s per process)    64%    1266.1 sec left
CG set 3953 / 6116    683.0236 GFlop/s     (683.0236 GFlop/s per process)    64%    1265.6 sec left
CG set 3954 / 6116    683.0235 GFlop/s     (683.0235 GFlop/s per process)    64%    1265.0 sec left
CG set 3955 / 6116    683.0233 GFlop/s     (683.0233 GFlop/s per process)    64%    1264.4 sec left
CG set 3956 / 6116    683.0231 GFlop/s     (683.0231 GFlop/s per process)    64%    1263.8 sec left
CG set 3957 / 6116    683.0229 GFlop/s     (683.0229 GFlop/s per process)    64%    1263.2 sec left
CG set 3958 / 6116    683.0227 GFlop/s     (683.0227 GFlop/s per process)    64%    1262.6 sec left
CG set 3959 / 6116    683.0226 GFlop/s     (683.0226 GFlop/s per process)    64%    1262.0 sec left
CG set 3960 / 6116    683.0225 GFlop/s     (683.0225 GFlop/s per process)    64%    1261.4 sec left
CG set 3961 / 6116    683.0225 GFlop/s     (683.0225 GFlop/s per process)    64%    1260.8 sec left
CG set 3962 / 6116    683.0225 GFlop/s     (683.0225 GFlop/s per process)    64%    1260.2 sec left
CG set 3963 / 6116    683.0225 GFlop/s     (683.0225 GFlop/s per process)    64%    1259.6 sec left
CG set 3964 / 6116    683.0224 GFlop/s     (683.0224 GFlop/s per process)    64%    1259.1 sec left
CG set 3965 / 6116    683.0222 GFlop/s     (683.0222 GFlop/s per process)    64%    1258.5 sec left
CG set 3966 / 6116    683.0222 GFlop/s     (683.0222 GFlop/s per process)    64%    1257.9 sec left
CG set 3967 / 6116    683.0222 GFlop/s     (683.0222 GFlop/s per process)    64%    1257.3 sec left
CG set 3968 / 6116    683.0222 GFlop/s     (683.0222 GFlop/s per process)    64%    1256.7 sec left
CG set 3969 / 6116    683.0220 GFlop/s     (683.0220 GFlop/s per process)    64%    1256.1 sec left
CG set 3970 / 6116    683.0220 GFlop/s     (683.0220 GFlop/s per process)    64%    1255.5 sec left
CG set 3971 / 6116    683.0220 GFlop/s     (683.0220 GFlop/s per process)    64%    1254.9 sec left
CG set 3972 / 6116    683.0218 GFlop/s     (683.0218 GFlop/s per process)    64%    1254.3 sec left
CG set 3973 / 6116    683.0219 GFlop/s     (683.0219 GFlop/s per process)    64%    1253.7 sec left
CG set 3974 / 6116    683.0219 GFlop/s     (683.0219 GFlop/s per process)    64%    1253.1 sec left
CG set 3975 / 6116    683.0220 GFlop/s     (683.0220 GFlop/s per process)    64%    1252.6 sec left
CG set 3976 / 6116    683.0220 GFlop/s     (683.0220 GFlop/s per process)    65%    1252.0 sec left
CG set 3977 / 6116    683.0219 GFlop/s     (683.0219 GFlop/s per process)    65%    1251.4 sec left
CG set 3978 / 6116    683.0218 GFlop/s     (683.0218 GFlop/s per process)    65%    1250.8 sec left
CG set 3979 / 6116    683.0218 GFlop/s     (683.0218 GFlop/s per process)    65%    1250.2 sec left
CG set 3980 / 6116    683.0217 GFlop/s     (683.0217 GFlop/s per process)    65%    1249.6 sec left
CG set 3981 / 6116    683.0217 GFlop/s     (683.0217 GFlop/s per process)    65%    1249.0 sec left
CG set 3982 / 6116    683.0217 GFlop/s     (683.0217 GFlop/s per process)    65%    1248.4 sec left
CG set 3983 / 6116    683.0216 GFlop/s     (683.0216 GFlop/s per process)    65%    1247.8 sec left
CG set 3984 / 6116    683.0216 GFlop/s     (683.0216 GFlop/s per process)    65%    1247.2 sec left
CG set 3985 / 6116    683.0215 GFlop/s     (683.0215 GFlop/s per process)    65%    1246.7 sec left
CG set 3986 / 6116    683.0213 GFlop/s     (683.0213 GFlop/s per process)    65%    1246.1 sec left
CG set 3987 / 6116    683.0213 GFlop/s     (683.0213 GFlop/s per process)    65%    1245.5 sec left
CG set 3988 / 6116    683.0212 GFlop/s     (683.0212 GFlop/s per process)    65%    1244.9 sec left
CG set 3989 / 6116    683.0211 GFlop/s     (683.0211 GFlop/s per process)    65%    1244.3 sec left
CG set 3990 / 6116    683.0211 GFlop/s     (683.0211 GFlop/s per process)    65%    1243.7 sec left
CG set 3991 / 6116    683.0210 GFlop/s     (683.0210 GFlop/s per process)    65%    1243.1 sec left
CG set 3992 / 6116    683.0210 GFlop/s     (683.0210 GFlop/s per process)    65%    1242.5 sec left
CG set 3993 / 6116    683.0209 GFlop/s     (683.0209 GFlop/s per process)    65%    1241.9 sec left
CG set 3994 / 6116    683.0209 GFlop/s     (683.0209 GFlop/s per process)    65%    1241.3 sec left
CG set 3995 / 6116    683.0208 GFlop/s     (683.0208 GFlop/s per process)    65%    1240.7 sec left
CG set 3996 / 6116    683.0208 GFlop/s     (683.0208 GFlop/s per process)    65%    1240.2 sec left
CG set 3997 / 6116    683.0206 GFlop/s     (683.0206 GFlop/s per process)    65%    1239.6 sec left
CG set 3998 / 6116    683.0205 GFlop/s     (683.0205 GFlop/s per process)    65%    1239.0 sec left
CG set 3999 / 6116    683.0202 GFlop/s     (683.0202 GFlop/s per process)    65%    1238.4 sec left
CG set 4000 / 6116    683.0202 GFlop/s     (683.0202 GFlop/s per process)    65%    1237.8 sec left
CG set 4001 / 6116    683.0200 GFlop/s     (683.0200 GFlop/s per process)    65%    1237.2 sec left
CG set 4002 / 6116    683.0199 GFlop/s     (683.0199 GFlop/s per process)    65%    1236.6 sec left
CG set 4003 / 6116    683.0199 GFlop/s     (683.0199 GFlop/s per process)    65%    1236.0 sec left
CG set 4004 / 6116    683.0197 GFlop/s     (683.0197 GFlop/s per process)    65%    1235.4 sec left
CG set 4005 / 6116    683.0197 GFlop/s     (683.0197 GFlop/s per process)    65%    1234.8 sec left
CG set 4006 / 6116    683.0196 GFlop/s     (683.0196 GFlop/s per process)    65%    1234.2 sec left
CG set 4007 / 6116    683.0195 GFlop/s     (683.0195 GFlop/s per process)    65%    1233.7 sec left
CG set 4008 / 6116    683.0193 GFlop/s     (683.0193 GFlop/s per process)    65%    1233.1 sec left
CG set 4009 / 6116    683.0190 GFlop/s     (683.0190 GFlop/s per process)    65%    1232.5 sec left
CG set 4010 / 6116    683.0189 GFlop/s     (683.0189 GFlop/s per process)    65%    1231.9 sec left
CG set 4011 / 6116    683.0187 GFlop/s     (683.0187 GFlop/s per process)    65%    1231.3 sec left
CG set 4012 / 6116    683.0185 GFlop/s     (683.0185 GFlop/s per process)    65%    1230.7 sec left
CG set 4013 / 6116    683.0182 GFlop/s     (683.0182 GFlop/s per process)    65%    1230.1 sec left
CG set 4014 / 6116    683.0179 GFlop/s     (683.0179 GFlop/s per process)    65%    1229.5 sec left
CG set 4015 / 6116    683.0178 GFlop/s     (683.0178 GFlop/s per process)    65%    1228.9 sec left
CG set 4016 / 6116    683.0177 GFlop/s     (683.0177 GFlop/s per process)    65%    1228.3 sec left
CG set 4017 / 6116    683.0175 GFlop/s     (683.0175 GFlop/s per process)    65%    1227.7 sec left
CG set 4018 / 6116    683.0175 GFlop/s     (683.0175 GFlop/s per process)    65%    1227.1 sec left
CG set 4019 / 6116    683.0173 GFlop/s     (683.0173 GFlop/s per process)    65%    1226.6 sec left
CG set 4020 / 6116    683.0172 GFlop/s     (683.0172 GFlop/s per process)    65%    1226.0 sec left
CG set 4021 / 6116    683.0168 GFlop/s     (683.0168 GFlop/s per process)    65%    1225.4 sec left
CG set 4022 / 6116    683.0166 GFlop/s     (683.0166 GFlop/s per process)    65%    1224.8 sec left
CG set 4023 / 6116    683.0164 GFlop/s     (683.0164 GFlop/s per process)    65%    1224.2 sec left
CG set 4024 / 6116    683.0162 GFlop/s     (683.0162 GFlop/s per process)    65%    1223.6 sec left
CG set 4025 / 6116    683.0160 GFlop/s     (683.0160 GFlop/s per process)    65%    1223.0 sec left
CG set 4026 / 6116    683.0159 GFlop/s     (683.0159 GFlop/s per process)    65%    1222.4 sec left
CG set 4027 / 6116    683.0158 GFlop/s     (683.0158 GFlop/s per process)    65%    1221.8 sec left
CG set 4028 / 6116    683.0157 GFlop/s     (683.0157 GFlop/s per process)    65%    1221.2 sec left
CG set 4029 / 6116    683.0156 GFlop/s     (683.0156 GFlop/s per process)    65%    1220.6 sec left
CG set 4030 / 6116    683.0153 GFlop/s     (683.0153 GFlop/s per process)    65%    1220.1 sec left
CG set 4031 / 6116    683.0153 GFlop/s     (683.0153 GFlop/s per process)    65%    1219.5 sec left
CG set 4032 / 6116    683.0153 GFlop/s     (683.0153 GFlop/s per process)    65%    1218.9 sec left
CG set 4033 / 6116    683.0151 GFlop/s     (683.0151 GFlop/s per process)    65%    1218.3 sec left
CG set 4034 / 6116    683.0148 GFlop/s     (683.0148 GFlop/s per process)    65%    1217.7 sec left
CG set 4035 / 6116    683.0147 GFlop/s     (683.0147 GFlop/s per process)    65%    1217.1 sec left
CG set 4036 / 6116    683.0145 GFlop/s     (683.0145 GFlop/s per process)    65%    1216.5 sec left
CG set 4037 / 6116    683.0143 GFlop/s     (683.0143 GFlop/s per process)    66%    1215.9 sec left
CG set 4038 / 6116    683.0140 GFlop/s     (683.0140 GFlop/s per process)    66%    1215.3 sec left
CG set 4039 / 6116    683.0137 GFlop/s     (683.0137 GFlop/s per process)    66%    1214.7 sec left
CG set 4040 / 6116    683.0136 GFlop/s     (683.0136 GFlop/s per process)    66%    1214.1 sec left
CG set 4041 / 6116    683.0134 GFlop/s     (683.0134 GFlop/s per process)    66%    1213.6 sec left
CG set 4042 / 6116    683.0134 GFlop/s     (683.0134 GFlop/s per process)    66%    1213.0 sec left
CG set 4043 / 6116    683.0133 GFlop/s     (683.0133 GFlop/s per process)    66%    1212.4 sec left
CG set 4044 / 6116    683.0131 GFlop/s     (683.0131 GFlop/s per process)    66%    1211.8 sec left
CG set 4045 / 6116    683.0131 GFlop/s     (683.0131 GFlop/s per process)    66%    1211.2 sec left
CG set 4046 / 6116    683.0127 GFlop/s     (683.0127 GFlop/s per process)    66%    1210.6 sec left
CG set 4047 / 6116    683.0125 GFlop/s     (683.0125 GFlop/s per process)    66%    1210.0 sec left
CG set 4048 / 6116    683.0124 GFlop/s     (683.0124 GFlop/s per process)    66%    1209.4 sec left
CG set 4049 / 6116    683.0124 GFlop/s     (683.0124 GFlop/s per process)    66%    1208.8 sec left
CG set 4050 / 6116    683.0122 GFlop/s     (683.0122 GFlop/s per process)    66%    1208.2 sec left
CG set 4051 / 6116    683.0119 GFlop/s     (683.0119 GFlop/s per process)    66%    1207.6 sec left
CG set 4052 / 6116    683.0117 GFlop/s     (683.0117 GFlop/s per process)    66%    1207.0 sec left
CG set 4053 / 6116    683.0115 GFlop/s     (683.0115 GFlop/s per process)    66%    1206.5 sec left
CG set 4054 / 6116    683.0113 GFlop/s     (683.0113 GFlop/s per process)    66%    1205.9 sec left
CG set 4055 / 6116    683.0112 GFlop/s     (683.0112 GFlop/s per process)    66%    1205.3 sec left
CG set 4056 / 6116    683.0110 GFlop/s     (683.0110 GFlop/s per process)    66%    1204.7 sec left
CG set 4057 / 6116    683.0109 GFlop/s     (683.0109 GFlop/s per process)    66%    1204.1 sec left
CG set 4058 / 6116    683.0109 GFlop/s     (683.0109 GFlop/s per process)    66%    1203.5 sec left
CG set 4059 / 6116    683.0108 GFlop/s     (683.0108 GFlop/s per process)    66%    1202.9 sec left
CG set 4060 / 6116    683.0108 GFlop/s     (683.0108 GFlop/s per process)    66%    1202.3 sec left
CG set 4061 / 6116    683.0107 GFlop/s     (683.0107 GFlop/s per process)    66%    1201.7 sec left
CG set 4062 / 6116    683.0108 GFlop/s     (683.0108 GFlop/s per process)    66%    1201.1 sec left
CG set 4063 / 6116    683.0108 GFlop/s     (683.0108 GFlop/s per process)    66%    1200.5 sec left
CG set 4064 / 6116    683.0108 GFlop/s     (683.0108 GFlop/s per process)    66%    1200.0 sec left
CG set 4065 / 6116    683.0108 GFlop/s     (683.0108 GFlop/s per process)    66%    1199.4 sec left
CG set 4066 / 6116    683.0107 GFlop/s     (683.0107 GFlop/s per process)    66%    1198.8 sec left
CG set 4067 / 6116    683.0107 GFlop/s     (683.0107 GFlop/s per process)    66%    1198.2 sec left
CG set 4068 / 6116    683.0106 GFlop/s     (683.0106 GFlop/s per process)    66%    1197.6 sec left
CG set 4069 / 6116    683.0105 GFlop/s     (683.0105 GFlop/s per process)    66%    1197.0 sec left
CG set 4070 / 6116    683.0103 GFlop/s     (683.0103 GFlop/s per process)    66%    1196.4 sec left
CG set 4071 / 6116    683.0103 GFlop/s     (683.0103 GFlop/s per process)    66%    1195.8 sec left
CG set 4072 / 6116    683.0103 GFlop/s     (683.0103 GFlop/s per process)    66%    1195.2 sec left
CG set 4073 / 6116    683.0101 GFlop/s     (683.0101 GFlop/s per process)    66%    1194.6 sec left
CG set 4074 / 6116    683.0101 GFlop/s     (683.0101 GFlop/s per process)    66%    1194.1 sec left
CG set 4075 / 6116    683.0100 GFlop/s     (683.0100 GFlop/s per process)    66%    1193.5 sec left
CG set 4076 / 6116    683.0100 GFlop/s     (683.0100 GFlop/s per process)    66%    1192.9 sec left
CG set 4077 / 6116    683.0099 GFlop/s     (683.0099 GFlop/s per process)    66%    1192.3 sec left
CG set 4078 / 6116    683.0097 GFlop/s     (683.0097 GFlop/s per process)    66%    1191.7 sec left
CG set 4079 / 6116    683.0096 GFlop/s     (683.0096 GFlop/s per process)    66%    1191.1 sec left
CG set 4080 / 6116    683.0096 GFlop/s     (683.0096 GFlop/s per process)    66%    1190.5 sec left
CG set 4081 / 6116    683.0097 GFlop/s     (683.0097 GFlop/s per process)    66%    1189.9 sec left
CG set 4082 / 6116    683.0096 GFlop/s     (683.0096 GFlop/s per process)    66%    1189.3 sec left
CG set 4083 / 6116    683.0097 GFlop/s     (683.0097 GFlop/s per process)    66%    1188.7 sec left
CG set 4084 / 6116    683.0096 GFlop/s     (683.0096 GFlop/s per process)    66%    1188.1 sec left
CG set 4085 / 6116    683.0096 GFlop/s     (683.0096 GFlop/s per process)    66%    1187.6 sec left
CG set 4086 / 6116    683.0096 GFlop/s     (683.0096 GFlop/s per process)    66%    1187.0 sec left
CG set 4087 / 6116    683.0095 GFlop/s     (683.0095 GFlop/s per process)    66%    1186.4 sec left
CG set 4088 / 6116    683.0095 GFlop/s     (683.0095 GFlop/s per process)    66%    1185.8 sec left
CG set 4089 / 6116    683.0096 GFlop/s     (683.0096 GFlop/s per process)    66%    1185.2 sec left
CG set 4090 / 6116    683.0095 GFlop/s     (683.0095 GFlop/s per process)    66%    1184.6 sec left
CG set 4091 / 6116    683.0096 GFlop/s     (683.0096 GFlop/s per process)    66%    1184.0 sec left
CG set 4092 / 6116    683.0097 GFlop/s     (683.0097 GFlop/s per process)    66%    1183.4 sec left
CG set 4093 / 6116    683.0096 GFlop/s     (683.0096 GFlop/s per process)    66%    1182.8 sec left
CG set 4094 / 6116    683.0097 GFlop/s     (683.0097 GFlop/s per process)    66%    1182.2 sec left
CG set 4095 / 6116    683.0097 GFlop/s     (683.0097 GFlop/s per process)    66%    1181.6 sec left
CG set 4096 / 6116    683.0097 GFlop/s     (683.0097 GFlop/s per process)    66%    1181.1 sec left
CG set 4097 / 6116    683.0098 GFlop/s     (683.0098 GFlop/s per process)    66%    1180.5 sec left
CG set 4098 / 6116    683.0097 GFlop/s     (683.0097 GFlop/s per process)    67%    1179.9 sec left
CG set 4099 / 6116    683.0097 GFlop/s     (683.0097 GFlop/s per process)    67%    1179.3 sec left
CG set 4100 / 6116    683.0097 GFlop/s     (683.0097 GFlop/s per process)    67%    1178.7 sec left
CG set 4101 / 6116    683.0098 GFlop/s     (683.0098 GFlop/s per process)    67%    1178.1 sec left
CG set 4102 / 6116    683.0098 GFlop/s     (683.0098 GFlop/s per process)    67%    1177.5 sec left
CG set 4103 / 6116    683.0100 GFlop/s     (683.0100 GFlop/s per process)    67%    1176.9 sec left
CG set 4104 / 6116    683.0098 GFlop/s     (683.0098 GFlop/s per process)    67%    1176.3 sec left
CG set 4105 / 6116    683.0098 GFlop/s     (683.0098 GFlop/s per process)    67%    1175.7 sec left
CG set 4106 / 6116    683.0098 GFlop/s     (683.0098 GFlop/s per process)    67%    1175.2 sec left
CG set 4107 / 6116    683.0098 GFlop/s     (683.0098 GFlop/s per process)    67%    1174.6 sec left
CG set 4108 / 6116    683.0097 GFlop/s     (683.0097 GFlop/s per process)    67%    1174.0 sec left
CG set 4109 / 6116    683.0097 GFlop/s     (683.0097 GFlop/s per process)    67%    1173.4 sec left
CG set 4110 / 6116    683.0097 GFlop/s     (683.0097 GFlop/s per process)    67%    1172.8 sec left
CG set 4111 / 6116    683.0097 GFlop/s     (683.0097 GFlop/s per process)    67%    1172.2 sec left
CG set 4112 / 6116    683.0096 GFlop/s     (683.0096 GFlop/s per process)    67%    1171.6 sec left
CG set 4113 / 6116    683.0096 GFlop/s     (683.0096 GFlop/s per process)    67%    1171.0 sec left
CG set 4114 / 6116    683.0095 GFlop/s     (683.0095 GFlop/s per process)    67%    1170.4 sec left
CG set 4115 / 6116    683.0095 GFlop/s     (683.0095 GFlop/s per process)    67%    1169.8 sec left
CG set 4116 / 6116    683.0096 GFlop/s     (683.0096 GFlop/s per process)    67%    1169.2 sec left
CG set 4117 / 6116    683.0096 GFlop/s     (683.0096 GFlop/s per process)    67%    1168.7 sec left
CG set 4118 / 6116    683.0094 GFlop/s     (683.0094 GFlop/s per process)    67%    1168.1 sec left
CG set 4119 / 6116    683.0094 GFlop/s     (683.0094 GFlop/s per process)    67%    1167.5 sec left
CG set 4120 / 6116    683.0092 GFlop/s     (683.0092 GFlop/s per process)    67%    1166.9 sec left
CG set 4121 / 6116    683.0091 GFlop/s     (683.0091 GFlop/s per process)    67%    1166.3 sec left
CG set 4122 / 6116    683.0091 GFlop/s     (683.0091 GFlop/s per process)    67%    1165.7 sec left
CG set 4123 / 6116    683.0091 GFlop/s     (683.0091 GFlop/s per process)    67%    1165.1 sec left
CG set 4124 / 6116    683.0090 GFlop/s     (683.0090 GFlop/s per process)    67%    1164.5 sec left
CG set 4125 / 6116    683.0088 GFlop/s     (683.0088 GFlop/s per process)    67%    1163.9 sec left
CG set 4126 / 6116    683.0086 GFlop/s     (683.0086 GFlop/s per process)    67%    1163.3 sec left
CG set 4127 / 6116    683.0084 GFlop/s     (683.0084 GFlop/s per process)    67%    1162.7 sec left
CG set 4128 / 6116    683.0084 GFlop/s     (683.0084 GFlop/s per process)    67%    1162.2 sec left
CG set 4129 / 6116    683.0085 GFlop/s     (683.0085 GFlop/s per process)    67%    1161.6 sec left
CG set 4130 / 6116    683.0084 GFlop/s     (683.0084 GFlop/s per process)    67%    1161.0 sec left
CG set 4131 / 6116    683.0084 GFlop/s     (683.0084 GFlop/s per process)    67%    1160.4 sec left
CG set 4132 / 6116    683.0084 GFlop/s     (683.0084 GFlop/s per process)    67%    1159.8 sec left
CG set 4133 / 6116    683.0085 GFlop/s     (683.0085 GFlop/s per process)    67%    1159.2 sec left
CG set 4134 / 6116    683.0085 GFlop/s     (683.0085 GFlop/s per process)    67%    1158.6 sec left
CG set 4135 / 6116    683.0083 GFlop/s     (683.0083 GFlop/s per process)    67%    1158.0 sec left
CG set 4136 / 6116    683.0082 GFlop/s     (683.0082 GFlop/s per process)    67%    1157.4 sec left
CG set 4137 / 6116    683.0081 GFlop/s     (683.0081 GFlop/s per process)    67%    1156.8 sec left
CG set 4138 / 6116    683.0081 GFlop/s     (683.0081 GFlop/s per process)    67%    1156.2 sec left
CG set 4139 / 6116    683.0079 GFlop/s     (683.0079 GFlop/s per process)    67%    1155.7 sec left
CG set 4140 / 6116    683.0079 GFlop/s     (683.0079 GFlop/s per process)    67%    1155.1 sec left
CG set 4141 / 6116    683.0078 GFlop/s     (683.0078 GFlop/s per process)    67%    1154.5 sec left
CG set 4142 / 6116    683.0078 GFlop/s     (683.0078 GFlop/s per process)    67%    1153.9 sec left
CG set 4143 / 6116    683.0078 GFlop/s     (683.0078 GFlop/s per process)    67%    1153.3 sec left
CG set 4144 / 6116    683.0078 GFlop/s     (683.0078 GFlop/s per process)    67%    1152.7 sec left
CG set 4145 / 6116    683.0075 GFlop/s     (683.0075 GFlop/s per process)    67%    1152.1 sec left
CG set 4146 / 6116    683.0076 GFlop/s     (683.0076 GFlop/s per process)    67%    1151.5 sec left
CG set 4147 / 6116    683.0075 GFlop/s     (683.0075 GFlop/s per process)    67%    1150.9 sec left
CG set 4148 / 6116    683.0074 GFlop/s     (683.0074 GFlop/s per process)    67%    1150.3 sec left
CG set 4149 / 6116    683.0075 GFlop/s     (683.0075 GFlop/s per process)    67%    1149.7 sec left
CG set 4150 / 6116    683.0075 GFlop/s     (683.0075 GFlop/s per process)    67%    1149.2 sec left
CG set 4151 / 6116    683.0073 GFlop/s     (683.0073 GFlop/s per process)    67%    1148.6 sec left
CG set 4152 / 6116    683.0071 GFlop/s     (683.0071 GFlop/s per process)    67%    1148.0 sec left
CG set 4153 / 6116    683.0072 GFlop/s     (683.0072 GFlop/s per process)    67%    1147.4 sec left
CG set 4154 / 6116    683.0070 GFlop/s     (683.0070 GFlop/s per process)    67%    1146.8 sec left
CG set 4155 / 6116    683.0070 GFlop/s     (683.0070 GFlop/s per process)    67%    1146.2 sec left
CG set 4156 / 6116    683.0069 GFlop/s     (683.0069 GFlop/s per process)    67%    1145.6 sec left
CG set 4157 / 6116    683.0069 GFlop/s     (683.0069 GFlop/s per process)    67%    1145.0 sec left
CG set 4158 / 6116    683.0068 GFlop/s     (683.0068 GFlop/s per process)    67%    1144.4 sec left
CG set 4159 / 6116    683.0067 GFlop/s     (683.0067 GFlop/s per process)    68%    1143.8 sec left
CG set 4160 / 6116    683.0064 GFlop/s     (683.0064 GFlop/s per process)    68%    1143.2 sec left
CG set 4161 / 6116    683.0062 GFlop/s     (683.0062 GFlop/s per process)    68%    1142.7 sec left
CG set 4162 / 6116    683.0063 GFlop/s     (683.0063 GFlop/s per process)    68%    1142.1 sec left
CG set 4163 / 6116    683.0062 GFlop/s     (683.0062 GFlop/s per process)    68%    1141.5 sec left
CG set 4164 / 6116    683.0062 GFlop/s     (683.0062 GFlop/s per process)    68%    1140.9 sec left
CG set 4165 / 6116    683.0062 GFlop/s     (683.0062 GFlop/s per process)    68%    1140.3 sec left
CG set 4166 / 6116    683.0061 GFlop/s     (683.0061 GFlop/s per process)    68%    1139.7 sec left
CG set 4167 / 6116    683.0061 GFlop/s     (683.0061 GFlop/s per process)    68%    1139.1 sec left
CG set 4168 / 6116    683.0061 GFlop/s     (683.0061 GFlop/s per process)    68%    1138.5 sec left
CG set 4169 / 6116    683.0060 GFlop/s     (683.0060 GFlop/s per process)    68%    1137.9 sec left
CG set 4170 / 6116    683.0059 GFlop/s     (683.0059 GFlop/s per process)    68%    1137.3 sec left
CG set 4171 / 6116    683.0057 GFlop/s     (683.0057 GFlop/s per process)    68%    1136.8 sec left
CG set 4172 / 6116    683.0055 GFlop/s     (683.0055 GFlop/s per process)    68%    1136.2 sec left
CG set 4173 / 6116    683.0057 GFlop/s     (683.0057 GFlop/s per process)    68%    1135.6 sec left
CG set 4174 / 6116    683.0056 GFlop/s     (683.0056 GFlop/s per process)    68%    1135.0 sec left
CG set 4175 / 6116    683.0057 GFlop/s     (683.0057 GFlop/s per process)    68%    1134.4 sec left
CG set 4176 / 6116    683.0055 GFlop/s     (683.0055 GFlop/s per process)    68%    1133.8 sec left
CG set 4177 / 6116    683.0053 GFlop/s     (683.0053 GFlop/s per process)    68%    1133.2 sec left
CG set 4178 / 6116    683.0054 GFlop/s     (683.0054 GFlop/s per process)    68%    1132.6 sec left
CG set 4179 / 6116    683.0053 GFlop/s     (683.0053 GFlop/s per process)    68%    1132.0 sec left
CG set 4180 / 6116    683.0052 GFlop/s     (683.0052 GFlop/s per process)    68%    1131.4 sec left
CG set 4181 / 6116    683.0053 GFlop/s     (683.0053 GFlop/s per process)    68%    1130.8 sec left
CG set 4182 / 6116    683.0052 GFlop/s     (683.0052 GFlop/s per process)    68%    1130.3 sec left
CG set 4183 / 6116    683.0051 GFlop/s     (683.0051 GFlop/s per process)    68%    1129.7 sec left
CG set 4184 / 6116    683.0051 GFlop/s     (683.0051 GFlop/s per process)    68%    1129.1 sec left
CG set 4185 / 6116    683.0050 GFlop/s     (683.0050 GFlop/s per process)    68%    1128.5 sec left
CG set 4186 / 6116    683.0050 GFlop/s     (683.0050 GFlop/s per process)    68%    1127.9 sec left
CG set 4187 / 6116    683.0052 GFlop/s     (683.0052 GFlop/s per process)    68%    1127.3 sec left
CG set 4188 / 6116    683.0051 GFlop/s     (683.0051 GFlop/s per process)    68%    1126.7 sec left
CG set 4189 / 6116    683.0051 GFlop/s     (683.0051 GFlop/s per process)    68%    1126.1 sec left
CG set 4190 / 6116    683.0050 GFlop/s     (683.0050 GFlop/s per process)    68%    1125.5 sec left
CG set 4191 / 6116    683.0048 GFlop/s     (683.0048 GFlop/s per process)    68%    1124.9 sec left
CG set 4192 / 6116    683.0048 GFlop/s     (683.0048 GFlop/s per process)    68%    1124.3 sec left
CG set 4193 / 6116    683.0048 GFlop/s     (683.0048 GFlop/s per process)    68%    1123.8 sec left
CG set 4194 / 6116    683.0048 GFlop/s     (683.0048 GFlop/s per process)    68%    1123.2 sec left
CG set 4195 / 6116    683.0046 GFlop/s     (683.0046 GFlop/s per process)    68%    1122.6 sec left
CG set 4196 / 6116    683.0045 GFlop/s     (683.0045 GFlop/s per process)    68%    1122.0 sec left
CG set 4197 / 6116    683.0042 GFlop/s     (683.0042 GFlop/s per process)    68%    1121.4 sec left
CG set 4198 / 6116    683.0040 GFlop/s     (683.0040 GFlop/s per process)    68%    1120.8 sec left
CG set 4199 / 6116    683.0040 GFlop/s     (683.0040 GFlop/s per process)    68%    1120.2 sec left
CG set 4200 / 6116    683.0039 GFlop/s     (683.0039 GFlop/s per process)    68%    1119.6 sec left
CG set 4201 / 6116    683.0039 GFlop/s     (683.0039 GFlop/s per process)    68%    1119.0 sec left
CG set 4202 / 6116    683.0039 GFlop/s     (683.0039 GFlop/s per process)    68%    1118.4 sec left
CG set 4203 / 6116    683.0038 GFlop/s     (683.0038 GFlop/s per process)    68%    1117.8 sec left
CG set 4204 / 6116    683.0037 GFlop/s     (683.0037 GFlop/s per process)    68%    1117.3 sec left
CG set 4205 / 6116    683.0035 GFlop/s     (683.0035 GFlop/s per process)    68%    1116.7 sec left
CG set 4206 / 6116    683.0034 GFlop/s     (683.0034 GFlop/s per process)    68%    1116.1 sec left
CG set 4207 / 6116    683.0033 GFlop/s     (683.0033 GFlop/s per process)    68%    1115.5 sec left
CG set 4208 / 6116    683.0034 GFlop/s     (683.0034 GFlop/s per process)    68%    1114.9 sec left
CG set 4209 / 6116    683.0033 GFlop/s     (683.0033 GFlop/s per process)    68%    1114.3 sec left
CG set 4210 / 6116    683.0033 GFlop/s     (683.0033 GFlop/s per process)    68%    1113.7 sec left
CG set 4211 / 6116    683.0033 GFlop/s     (683.0033 GFlop/s per process)    68%    1113.1 sec left
CG set 4212 / 6116    683.0032 GFlop/s     (683.0032 GFlop/s per process)    68%    1112.5 sec left
CG set 4213 / 6116    683.0032 GFlop/s     (683.0032 GFlop/s per process)    68%    1111.9 sec left
CG set 4214 / 6116    683.0032 GFlop/s     (683.0032 GFlop/s per process)    68%    1111.3 sec left
CG set 4215 / 6116    683.0031 GFlop/s     (683.0031 GFlop/s per process)    68%    1110.8 sec left
CG set 4216 / 6116    683.0031 GFlop/s     (683.0031 GFlop/s per process)    68%    1110.2 sec left
CG set 4217 / 6116    683.0031 GFlop/s     (683.0031 GFlop/s per process)    68%    1109.6 sec left
CG set 4218 / 6116    683.0030 GFlop/s     (683.0030 GFlop/s per process)    68%    1109.0 sec left
CG set 4219 / 6116    683.0030 GFlop/s     (683.0030 GFlop/s per process)    68%    1108.4 sec left
CG set 4220 / 6116    683.0030 GFlop/s     (683.0030 GFlop/s per process)    68%    1107.8 sec left
CG set 4221 / 6116    683.0029 GFlop/s     (683.0029 GFlop/s per process)    69%    1107.2 sec left
CG set 4222 / 6116    683.0029 GFlop/s     (683.0029 GFlop/s per process)    69%    1106.6 sec left
CG set 4223 / 6116    683.0028 GFlop/s     (683.0028 GFlop/s per process)    69%    1106.0 sec left
CG set 4224 / 6116    683.0028 GFlop/s     (683.0028 GFlop/s per process)    69%    1105.4 sec left
CG set 4225 / 6116    683.0030 GFlop/s     (683.0030 GFlop/s per process)    69%    1104.8 sec left
CG set 4226 / 6116    683.0029 GFlop/s     (683.0029 GFlop/s per process)    69%    1104.3 sec left
CG set 4227 / 6116    683.0028 GFlop/s     (683.0028 GFlop/s per process)    69%    1103.7 sec left
CG set 4228 / 6116    683.0029 GFlop/s     (683.0029 GFlop/s per process)    69%    1103.1 sec left
CG set 4229 / 6116    683.0028 GFlop/s     (683.0028 GFlop/s per process)    69%    1102.5 sec left
CG set 4230 / 6116    683.0029 GFlop/s     (683.0029 GFlop/s per process)    69%    1101.9 sec left
CG set 4231 / 6116    683.0029 GFlop/s     (683.0029 GFlop/s per process)    69%    1101.3 sec left
CG set 4232 / 6116    683.0031 GFlop/s     (683.0031 GFlop/s per process)    69%    1100.7 sec left
CG set 4233 / 6116    683.0031 GFlop/s     (683.0031 GFlop/s per process)    69%    1100.1 sec left
CG set 4234 / 6116    683.0033 GFlop/s     (683.0033 GFlop/s per process)    69%    1099.5 sec left
CG set 4235 / 6116    683.0034 GFlop/s     (683.0034 GFlop/s per process)    69%    1098.9 sec left
CG set 4236 / 6116    683.0034 GFlop/s     (683.0034 GFlop/s per process)    69%    1098.4 sec left
CG set 4237 / 6116    683.0034 GFlop/s     (683.0034 GFlop/s per process)    69%    1097.8 sec left
CG set 4238 / 6116    683.0034 GFlop/s     (683.0034 GFlop/s per process)    69%    1097.2 sec left
CG set 4239 / 6116    683.0034 GFlop/s     (683.0034 GFlop/s per process)    69%    1096.6 sec left
CG set 4240 / 6116    683.0033 GFlop/s     (683.0033 GFlop/s per process)    69%    1096.0 sec left
CG set 4241 / 6116    683.0033 GFlop/s     (683.0033 GFlop/s per process)    69%    1095.4 sec left
CG set 4242 / 6116    683.0035 GFlop/s     (683.0035 GFlop/s per process)    69%    1094.8 sec left
CG set 4243 / 6116    683.0034 GFlop/s     (683.0034 GFlop/s per process)    69%    1094.2 sec left
CG set 4244 / 6116    683.0035 GFlop/s     (683.0035 GFlop/s per process)    69%    1093.6 sec left
CG set 4245 / 6116    683.0035 GFlop/s     (683.0035 GFlop/s per process)    69%    1093.0 sec left
CG set 4246 / 6116    683.0035 GFlop/s     (683.0035 GFlop/s per process)    69%    1092.4 sec left
CG set 4247 / 6116    683.0034 GFlop/s     (683.0034 GFlop/s per process)    69%    1091.9 sec left
CG set 4248 / 6116    683.0034 GFlop/s     (683.0034 GFlop/s per process)    69%    1091.3 sec left
CG set 4249 / 6116    683.0035 GFlop/s     (683.0035 GFlop/s per process)    69%    1090.7 sec left
CG set 4250 / 6116    683.0035 GFlop/s     (683.0035 GFlop/s per process)    69%    1090.1 sec left
CG set 4251 / 6116    683.0036 GFlop/s     (683.0036 GFlop/s per process)    69%    1089.5 sec left
CG set 4252 / 6116    683.0035 GFlop/s     (683.0035 GFlop/s per process)    69%    1088.9 sec left
CG set 4253 / 6116    683.0035 GFlop/s     (683.0035 GFlop/s per process)    69%    1088.3 sec left
CG set 4254 / 6116    683.0035 GFlop/s     (683.0035 GFlop/s per process)    69%    1087.7 sec left
CG set 4255 / 6116    683.0036 GFlop/s     (683.0036 GFlop/s per process)    69%    1087.1 sec left
CG set 4256 / 6116    683.0036 GFlop/s     (683.0036 GFlop/s per process)    69%    1086.5 sec left
CG set 4257 / 6116    683.0038 GFlop/s     (683.0038 GFlop/s per process)    69%    1086.0 sec left
CG set 4258 / 6116    683.0039 GFlop/s     (683.0039 GFlop/s per process)    69%    1085.4 sec left
CG set 4259 / 6116    683.0040 GFlop/s     (683.0040 GFlop/s per process)    69%    1084.8 sec left
CG set 4260 / 6116    683.0041 GFlop/s     (683.0041 GFlop/s per process)    69%    1084.2 sec left
CG set 4261 / 6116    683.0041 GFlop/s     (683.0041 GFlop/s per process)    69%    1083.6 sec left
CG set 4262 / 6116    683.0041 GFlop/s     (683.0041 GFlop/s per process)    69%    1083.0 sec left
CG set 4263 / 6116    683.0041 GFlop/s     (683.0041 GFlop/s per process)    69%    1082.4 sec left
CG set 4264 / 6116    683.0042 GFlop/s     (683.0042 GFlop/s per process)    69%    1081.8 sec left
CG set 4265 / 6116    683.0040 GFlop/s     (683.0040 GFlop/s per process)    69%    1081.2 sec left
CG set 4266 / 6116    683.0040 GFlop/s     (683.0040 GFlop/s per process)    69%    1080.6 sec left
CG set 4267 / 6116    683.0039 GFlop/s     (683.0039 GFlop/s per process)    69%    1080.0 sec left
CG set 4268 / 6116    683.0038 GFlop/s     (683.0038 GFlop/s per process)    69%    1079.5 sec left
CG set 4269 / 6116    683.0037 GFlop/s     (683.0037 GFlop/s per process)    69%    1078.9 sec left
CG set 4270 / 6116    683.0037 GFlop/s     (683.0037 GFlop/s per process)    69%    1078.3 sec left
CG set 4271 / 6116    683.0038 GFlop/s     (683.0038 GFlop/s per process)    69%    1077.7 sec left
CG set 4272 / 6116    683.0038 GFlop/s     (683.0038 GFlop/s per process)    69%    1077.1 sec left
CG set 4273 / 6116    683.0038 GFlop/s     (683.0038 GFlop/s per process)    69%    1076.5 sec left
CG set 4274 / 6116    683.0039 GFlop/s     (683.0039 GFlop/s per process)    69%    1075.9 sec left
CG set 4275 / 6116    683.0038 GFlop/s     (683.0038 GFlop/s per process)    69%    1075.3 sec left
CG set 4276 / 6116    683.0038 GFlop/s     (683.0038 GFlop/s per process)    69%    1074.7 sec left
CG set 4277 / 6116    683.0038 GFlop/s     (683.0038 GFlop/s per process)    69%    1074.1 sec left
CG set 4278 / 6116    683.0037 GFlop/s     (683.0037 GFlop/s per process)    69%    1073.6 sec left
CG set 4279 / 6116    683.0037 GFlop/s     (683.0037 GFlop/s per process)    69%    1073.0 sec left
CG set 4280 / 6116    683.0037 GFlop/s     (683.0037 GFlop/s per process)    69%    1072.4 sec left
CG set 4281 / 6116    683.0037 GFlop/s     (683.0037 GFlop/s per process)    69%    1071.8 sec left
CG set 4282 / 6116    683.0038 GFlop/s     (683.0038 GFlop/s per process)    70%    1071.2 sec left
CG set 4283 / 6116    683.0037 GFlop/s     (683.0037 GFlop/s per process)    70%    1070.6 sec left
CG set 4284 / 6116    683.0037 GFlop/s     (683.0037 GFlop/s per process)    70%    1070.0 sec left
CG set 4285 / 6116    683.0038 GFlop/s     (683.0038 GFlop/s per process)    70%    1069.4 sec left
CG set 4286 / 6116    683.0039 GFlop/s     (683.0039 GFlop/s per process)    70%    1068.8 sec left
CG set 4287 / 6116    683.0039 GFlop/s     (683.0039 GFlop/s per process)    70%    1068.2 sec left
CG set 4288 / 6116    683.0040 GFlop/s     (683.0040 GFlop/s per process)    70%    1067.6 sec left
CG set 4289 / 6116    683.0040 GFlop/s     (683.0040 GFlop/s per process)    70%    1067.1 sec left
CG set 4290 / 6116    683.0040 GFlop/s     (683.0040 GFlop/s per process)    70%    1066.5 sec left
CG set 4291 / 6116    683.0039 GFlop/s     (683.0039 GFlop/s per process)    70%    1065.9 sec left
CG set 4292 / 6116    683.0038 GFlop/s     (683.0038 GFlop/s per process)    70%    1065.3 sec left
CG set 4293 / 6116    683.0038 GFlop/s     (683.0038 GFlop/s per process)    70%    1064.7 sec left
CG set 4294 / 6116    683.0038 GFlop/s     (683.0038 GFlop/s per process)    70%    1064.1 sec left
CG set 4295 / 6116    683.0037 GFlop/s     (683.0037 GFlop/s per process)    70%    1063.5 sec left
CG set 4296 / 6116    683.0037 GFlop/s     (683.0037 GFlop/s per process)    70%    1062.9 sec left
CG set 4297 / 6116    683.0037 GFlop/s     (683.0037 GFlop/s per process)    70%    1062.3 sec left
CG set 4298 / 6116    683.0036 GFlop/s     (683.0036 GFlop/s per process)    70%    1061.7 sec left
CG set 4299 / 6116    683.0036 GFlop/s     (683.0036 GFlop/s per process)    70%    1061.1 sec left
CG set 4300 / 6116    683.0036 GFlop/s     (683.0036 GFlop/s per process)    70%    1060.6 sec left
CG set 4301 / 6116    683.0036 GFlop/s     (683.0036 GFlop/s per process)    70%    1060.0 sec left
CG set 4302 / 6116    683.0037 GFlop/s     (683.0037 GFlop/s per process)    70%    1059.4 sec left
CG set 4303 / 6116    683.0035 GFlop/s     (683.0035 GFlop/s per process)    70%    1058.8 sec left
CG set 4304 / 6116    683.0035 GFlop/s     (683.0035 GFlop/s per process)    70%    1058.2 sec left
CG set 4305 / 6116    683.0036 GFlop/s     (683.0036 GFlop/s per process)    70%    1057.6 sec left
CG set 4306 / 6116    683.0034 GFlop/s     (683.0034 GFlop/s per process)    70%    1057.0 sec left
CG set 4307 / 6116    683.0036 GFlop/s     (683.0036 GFlop/s per process)    70%    1056.4 sec left
CG set 4308 / 6116    683.0035 GFlop/s     (683.0035 GFlop/s per process)    70%    1055.8 sec left
CG set 4309 / 6116    683.0035 GFlop/s     (683.0035 GFlop/s per process)    70%    1055.2 sec left
CG set 4310 / 6116    683.0035 GFlop/s     (683.0035 GFlop/s per process)    70%    1054.7 sec left
CG set 4311 / 6116    683.0035 GFlop/s     (683.0035 GFlop/s per process)    70%    1054.1 sec left
CG set 4312 / 6116    683.0035 GFlop/s     (683.0035 GFlop/s per process)    70%    1053.5 sec left
CG set 4313 / 6116    683.0034 GFlop/s     (683.0034 GFlop/s per process)    70%    1052.9 sec left
CG set 4314 / 6116    683.0035 GFlop/s     (683.0035 GFlop/s per process)    70%    1052.3 sec left
CG set 4315 / 6116    683.0036 GFlop/s     (683.0036 GFlop/s per process)    70%    1051.7 sec left
CG set 4316 / 6116    683.0036 GFlop/s     (683.0036 GFlop/s per process)    70%    1051.1 sec left
CG set 4317 / 6116    683.0036 GFlop/s     (683.0036 GFlop/s per process)    70%    1050.5 sec left
CG set 4318 / 6116    683.0035 GFlop/s     (683.0035 GFlop/s per process)    70%    1049.9 sec left
CG set 4319 / 6116    683.0033 GFlop/s     (683.0033 GFlop/s per process)    70%    1049.3 sec left
CG set 4320 / 6116    683.0033 GFlop/s     (683.0033 GFlop/s per process)    70%    1048.7 sec left
CG set 4321 / 6116    683.0033 GFlop/s     (683.0033 GFlop/s per process)    70%    1048.2 sec left
CG set 4322 / 6116    683.0034 GFlop/s     (683.0034 GFlop/s per process)    70%    1047.6 sec left
CG set 4323 / 6116    683.0033 GFlop/s     (683.0033 GFlop/s per process)    70%    1047.0 sec left
CG set 4324 / 6116    683.0033 GFlop/s     (683.0033 GFlop/s per process)    70%    1046.4 sec left
CG set 4325 / 6116    683.0032 GFlop/s     (683.0032 GFlop/s per process)    70%    1045.8 sec left
CG set 4326 / 6116    683.0032 GFlop/s     (683.0032 GFlop/s per process)    70%    1045.2 sec left
CG set 4327 / 6116    683.0031 GFlop/s     (683.0031 GFlop/s per process)    70%    1044.6 sec left
CG set 4328 / 6116    683.0032 GFlop/s     (683.0032 GFlop/s per process)    70%    1044.0 sec left
CG set 4329 / 6116    683.0031 GFlop/s     (683.0031 GFlop/s per process)    70%    1043.4 sec left
CG set 4330 / 6116    683.0030 GFlop/s     (683.0030 GFlop/s per process)    70%    1042.8 sec left
CG set 4331 / 6116    683.0029 GFlop/s     (683.0029 GFlop/s per process)    70%    1042.2 sec left
CG set 4332 / 6116    683.0029 GFlop/s     (683.0029 GFlop/s per process)    70%    1041.7 sec left
CG set 4333 / 6116    683.0030 GFlop/s     (683.0030 GFlop/s per process)    70%    1041.1 sec left
CG set 4334 / 6116    683.0029 GFlop/s     (683.0029 GFlop/s per process)    70%    1040.5 sec left
CG set 4335 / 6116    683.0028 GFlop/s     (683.0028 GFlop/s per process)    70%    1039.9 sec left
CG set 4336 / 6116    683.0026 GFlop/s     (683.0026 GFlop/s per process)    70%    1039.3 sec left
CG set 4337 / 6116    683.0026 GFlop/s     (683.0026 GFlop/s per process)    70%    1038.7 sec left
CG set 4338 / 6116    683.0025 GFlop/s     (683.0025 GFlop/s per process)    70%    1038.1 sec left
CG set 4339 / 6116    683.0025 GFlop/s     (683.0025 GFlop/s per process)    70%    1037.5 sec left
CG set 4340 / 6116    683.0024 GFlop/s     (683.0024 GFlop/s per process)    70%    1036.9 sec left
CG set 4341 / 6116    683.0024 GFlop/s     (683.0024 GFlop/s per process)    70%    1036.3 sec left
CG set 4342 / 6116    683.0025 GFlop/s     (683.0025 GFlop/s per process)    70%    1035.8 sec left
CG set 4343 / 6116    683.0025 GFlop/s     (683.0025 GFlop/s per process)    71%    1035.2 sec left
CG set 4344 / 6116    683.0024 GFlop/s     (683.0024 GFlop/s per process)    71%    1034.6 sec left
CG set 4345 / 6116    683.0023 GFlop/s     (683.0023 GFlop/s per process)    71%    1034.0 sec left
CG set 4346 / 6116    683.0022 GFlop/s     (683.0022 GFlop/s per process)    71%    1033.4 sec left
CG set 4347 / 6116    683.0021 GFlop/s     (683.0021 GFlop/s per process)    71%    1032.8 sec left
CG set 4348 / 6116    683.0021 GFlop/s     (683.0021 GFlop/s per process)    71%    1032.2 sec left
CG set 4349 / 6116    683.0021 GFlop/s     (683.0021 GFlop/s per process)    71%    1031.6 sec left
CG set 4350 / 6116    683.0020 GFlop/s     (683.0020 GFlop/s per process)    71%    1031.0 sec left
CG set 4351 / 6116    683.0020 GFlop/s     (683.0020 GFlop/s per process)    71%    1030.4 sec left
CG set 4352 / 6116    683.0022 GFlop/s     (683.0022 GFlop/s per process)    71%    1029.8 sec left
CG set 4353 / 6116    683.0022 GFlop/s     (683.0022 GFlop/s per process)    71%    1029.3 sec left
CG set 4354 / 6116    683.0021 GFlop/s     (683.0021 GFlop/s per process)    71%    1028.7 sec left
CG set 4355 / 6116    683.0023 GFlop/s     (683.0023 GFlop/s per process)    71%    1028.1 sec left
CG set 4356 / 6116    683.0022 GFlop/s     (683.0022 GFlop/s per process)    71%    1027.5 sec left
CG set 4357 / 6116    683.0021 GFlop/s     (683.0021 GFlop/s per process)    71%    1026.9 sec left
CG set 4358 / 6116    683.0021 GFlop/s     (683.0021 GFlop/s per process)    71%    1026.3 sec left
CG set 4359 / 6116    683.0021 GFlop/s     (683.0021 GFlop/s per process)    71%    1025.7 sec left
CG set 4360 / 6116    683.0021 GFlop/s     (683.0021 GFlop/s per process)    71%    1025.1 sec left
CG set 4361 / 6116    683.0019 GFlop/s     (683.0019 GFlop/s per process)    71%    1024.5 sec left
CG set 4362 / 6116    683.0019 GFlop/s     (683.0019 GFlop/s per process)    71%    1023.9 sec left
CG set 4363 / 6116    683.0018 GFlop/s     (683.0018 GFlop/s per process)    71%    1023.3 sec left
CG set 4364 / 6116    683.0018 GFlop/s     (683.0018 GFlop/s per process)    71%    1022.8 sec left
CG set 4365 / 6116    683.0018 GFlop/s     (683.0018 GFlop/s per process)    71%    1022.2 sec left
CG set 4366 / 6116    683.0018 GFlop/s     (683.0018 GFlop/s per process)    71%    1021.6 sec left
CG set 4367 / 6116    683.0017 GFlop/s     (683.0017 GFlop/s per process)    71%    1021.0 sec left
CG set 4368 / 6116    683.0018 GFlop/s     (683.0018 GFlop/s per process)    71%    1020.4 sec left
CG set 4369 / 6116    683.0016 GFlop/s     (683.0016 GFlop/s per process)    71%    1019.8 sec left
CG set 4370 / 6116    683.0015 GFlop/s     (683.0015 GFlop/s per process)    71%    1019.2 sec left
CG set 4371 / 6116    683.0013 GFlop/s     (683.0013 GFlop/s per process)    71%    1018.6 sec left
CG set 4372 / 6116    683.0012 GFlop/s     (683.0012 GFlop/s per process)    71%    1018.0 sec left
CG set 4373 / 6116    683.0012 GFlop/s     (683.0012 GFlop/s per process)    71%    1017.4 sec left
CG set 4374 / 6116    683.0012 GFlop/s     (683.0012 GFlop/s per process)    71%    1016.8 sec left
CG set 4375 / 6116    683.0011 GFlop/s     (683.0011 GFlop/s per process)    71%    1016.3 sec left
CG set 4376 / 6116    683.0011 GFlop/s     (683.0011 GFlop/s per process)    71%    1015.7 sec left
CG set 4377 / 6116    683.0012 GFlop/s     (683.0012 GFlop/s per process)    71%    1015.1 sec left
CG set 4378 / 6116    683.0013 GFlop/s     (683.0013 GFlop/s per process)    71%    1014.5 sec left
CG set 4379 / 6116    683.0013 GFlop/s     (683.0013 GFlop/s per process)    71%    1013.9 sec left
CG set 4380 / 6116    683.0014 GFlop/s     (683.0014 GFlop/s per process)    71%    1013.3 sec left
CG set 4381 / 6116    683.0013 GFlop/s     (683.0013 GFlop/s per process)    71%    1012.7 sec left
CG set 4382 / 6116    683.0013 GFlop/s     (683.0013 GFlop/s per process)    71%    1012.1 sec left
CG set 4383 / 6116    683.0013 GFlop/s     (683.0013 GFlop/s per process)    71%    1011.5 sec left
CG set 4384 / 6116    683.0014 GFlop/s     (683.0014 GFlop/s per process)    71%    1010.9 sec left
CG set 4385 / 6116    683.0013 GFlop/s     (683.0013 GFlop/s per process)    71%    1010.4 sec left
CG set 4386 / 6116    683.0013 GFlop/s     (683.0013 GFlop/s per process)    71%    1009.8 sec left
CG set 4387 / 6116    683.0012 GFlop/s     (683.0012 GFlop/s per process)    71%    1009.2 sec left
CG set 4388 / 6116    683.0011 GFlop/s     (683.0011 GFlop/s per process)    71%    1008.6 sec left
CG set 4389 / 6116    683.0011 GFlop/s     (683.0011 GFlop/s per process)    71%    1008.0 sec left
CG set 4390 / 6116    683.0010 GFlop/s     (683.0010 GFlop/s per process)    71%    1007.4 sec left
CG set 4391 / 6116    683.0009 GFlop/s     (683.0009 GFlop/s per process)    71%    1006.8 sec left
CG set 4392 / 6116    683.0008 GFlop/s     (683.0008 GFlop/s per process)    71%    1006.2 sec left
CG set 4393 / 6116    683.0008 GFlop/s     (683.0008 GFlop/s per process)    71%    1005.6 sec left
CG set 4394 / 6116    683.0007 GFlop/s     (683.0007 GFlop/s per process)    71%    1005.0 sec left
CG set 4395 / 6116    683.0005 GFlop/s     (683.0005 GFlop/s per process)    71%    1004.4 sec left
CG set 4396 / 6116    683.0005 GFlop/s     (683.0005 GFlop/s per process)    71%    1003.9 sec left
CG set 4397 / 6116    683.0004 GFlop/s     (683.0004 GFlop/s per process)    71%    1003.3 sec left
CG set 4398 / 6116    683.0004 GFlop/s     (683.0004 GFlop/s per process)    71%    1002.7 sec left
CG set 4399 / 6116    683.0004 GFlop/s     (683.0004 GFlop/s per process)    71%    1002.1 sec left
CG set 4400 / 6116    683.0004 GFlop/s     (683.0004 GFlop/s per process)    71%    1001.5 sec left
CG set 4401 / 6116    683.0004 GFlop/s     (683.0004 GFlop/s per process)    71%    1000.9 sec left
CG set 4402 / 6116    683.0004 GFlop/s     (683.0004 GFlop/s per process)    71%    1000.3 sec left
CG set 4403 / 6116    683.0004 GFlop/s     (683.0004 GFlop/s per process)    71%    999.7 sec left
CG set 4404 / 6116    683.0004 GFlop/s     (683.0004 GFlop/s per process)    72%    999.1 sec left
CG set 4405 / 6116    683.0004 GFlop/s     (683.0004 GFlop/s per process)    72%    998.5 sec left
CG set 4406 / 6116    683.0005 GFlop/s     (683.0005 GFlop/s per process)    72%    997.9 sec left
CG set 4407 / 6116    683.0005 GFlop/s     (683.0005 GFlop/s per process)    72%    997.4 sec left
CG set 4408 / 6116    683.0005 GFlop/s     (683.0005 GFlop/s per process)    72%    996.8 sec left
CG set 4409 / 6116    683.0006 GFlop/s     (683.0006 GFlop/s per process)    72%    996.2 sec left
CG set 4410 / 6116    683.0004 GFlop/s     (683.0004 GFlop/s per process)    72%    995.6 sec left
CG set 4411 / 6116    683.0006 GFlop/s     (683.0006 GFlop/s per process)    72%    995.0 sec left
CG set 4412 / 6116    683.0005 GFlop/s     (683.0005 GFlop/s per process)    72%    994.4 sec left
CG set 4413 / 6116    683.0004 GFlop/s     (683.0004 GFlop/s per process)    72%    993.8 sec left
CG set 4414 / 6116    683.0003 GFlop/s     (683.0003 GFlop/s per process)    72%    993.2 sec left
CG set 4415 / 6116    683.0002 GFlop/s     (683.0002 GFlop/s per process)    72%    992.6 sec left
CG set 4416 / 6116    683.0002 GFlop/s     (683.0002 GFlop/s per process)    72%    992.0 sec left
CG set 4417 / 6116    683.0003 GFlop/s     (683.0003 GFlop/s per process)    72%    991.5 sec left
CG set 4418 / 6116    683.0003 GFlop/s     (683.0003 GFlop/s per process)    72%    990.9 sec left
CG set 4419 / 6116    683.0004 GFlop/s     (683.0004 GFlop/s per process)    72%    990.3 sec left
CG set 4420 / 6116    683.0004 GFlop/s     (683.0004 GFlop/s per process)    72%    989.7 sec left
CG set 4421 / 6116    683.0003 GFlop/s     (683.0003 GFlop/s per process)    72%    989.1 sec left
CG set 4422 / 6116    683.0005 GFlop/s     (683.0005 GFlop/s per process)    72%    988.5 sec left
CG set 4423 / 6116    683.0006 GFlop/s     (683.0006 GFlop/s per process)    72%    987.9 sec left
CG set 4424 / 6116    683.0005 GFlop/s     (683.0005 GFlop/s per process)    72%    987.3 sec left
CG set 4425 / 6116    683.0007 GFlop/s     (683.0007 GFlop/s per process)    72%    986.7 sec left
CG set 4426 / 6116    683.0006 GFlop/s     (683.0006 GFlop/s per process)    72%    986.1 sec left
CG set 4427 / 6116    683.0005 GFlop/s     (683.0005 GFlop/s per process)    72%    985.5 sec left
CG set 4428 / 6116    683.0004 GFlop/s     (683.0004 GFlop/s per process)    72%    985.0 sec left
CG set 4429 / 6116    683.0003 GFlop/s     (683.0003 GFlop/s per process)    72%    984.4 sec left
CG set 4430 / 6116    683.0002 GFlop/s     (683.0002 GFlop/s per process)    72%    983.8 sec left
CG set 4431 / 6116    683.0001 GFlop/s     (683.0001 GFlop/s per process)    72%    983.2 sec left
CG set 4432 / 6116    683.0000 GFlop/s     (683.0000 GFlop/s per process)    72%    982.6 sec left
CG set 4433 / 6116    683.0001 GFlop/s     (683.0001 GFlop/s per process)    72%    982.0 sec left
CG set 4434 / 6116    683.0000 GFlop/s     (683.0000 GFlop/s per process)    72%    981.4 sec left
CG set 4435 / 6116    683.0000 GFlop/s     (683.0000 GFlop/s per process)    72%    980.8 sec left
CG set 4436 / 6116    682.9999 GFlop/s     (682.9999 GFlop/s per process)    72%    980.2 sec left
CG set 4437 / 6116    682.9997 GFlop/s     (682.9997 GFlop/s per process)    72%    979.6 sec left
CG set 4438 / 6116    682.9998 GFlop/s     (682.9998 GFlop/s per process)    72%    979.0 sec left
CG set 4439 / 6116    682.9997 GFlop/s     (682.9997 GFlop/s per process)    72%    978.5 sec left
CG set 4440 / 6116    682.9998 GFlop/s     (682.9998 GFlop/s per process)    72%    977.9 sec left
CG set 4441 / 6116    682.9999 GFlop/s     (682.9999 GFlop/s per process)    72%    977.3 sec left
CG set 4442 / 6116    682.9999 GFlop/s     (682.9999 GFlop/s per process)    72%    976.7 sec left
CG set 4443 / 6116    682.9999 GFlop/s     (682.9999 GFlop/s per process)    72%    976.1 sec left
CG set 4444 / 6116    682.9999 GFlop/s     (682.9999 GFlop/s per process)    72%    975.5 sec left
CG set 4445 / 6116    682.9998 GFlop/s     (682.9998 GFlop/s per process)    72%    974.9 sec left
CG set 4446 / 6116    682.9998 GFlop/s     (682.9998 GFlop/s per process)    72%    974.3 sec left
CG set 4447 / 6116    682.9999 GFlop/s     (682.9999 GFlop/s per process)    72%    973.7 sec left
CG set 4448 / 6116    682.9999 GFlop/s     (682.9999 GFlop/s per process)    72%    973.1 sec left
CG set 4449 / 6116    682.9998 GFlop/s     (682.9998 GFlop/s per process)    72%    972.6 sec left
CG set 4450 / 6116    682.9997 GFlop/s     (682.9997 GFlop/s per process)    72%    972.0 sec left
CG set 4451 / 6116    682.9998 GFlop/s     (682.9998 GFlop/s per process)    72%    971.4 sec left
CG set 4452 / 6116    682.9997 GFlop/s     (682.9997 GFlop/s per process)    72%    970.8 sec left
CG set 4453 / 6116    682.9998 GFlop/s     (682.9998 GFlop/s per process)    72%    970.2 sec left
CG set 4454 / 6116    682.9997 GFlop/s     (682.9997 GFlop/s per process)    72%    969.6 sec left
CG set 4455 / 6116    682.9998 GFlop/s     (682.9998 GFlop/s per process)    72%    969.0 sec left
CG set 4456 / 6116    682.9997 GFlop/s     (682.9997 GFlop/s per process)    72%    968.4 sec left
CG set 4457 / 6116    682.9996 GFlop/s     (682.9996 GFlop/s per process)    72%    967.8 sec left
CG set 4458 / 6116    682.9997 GFlop/s     (682.9997 GFlop/s per process)    72%    967.2 sec left
CG set 4459 / 6116    682.9996 GFlop/s     (682.9996 GFlop/s per process)    72%    966.6 sec left
CG set 4460 / 6116    682.9996 GFlop/s     (682.9996 GFlop/s per process)    72%    966.1 sec left
CG set 4461 / 6116    682.9996 GFlop/s     (682.9996 GFlop/s per process)    72%    965.5 sec left
CG set 4462 / 6116    682.9996 GFlop/s     (682.9996 GFlop/s per process)    72%    964.9 sec left
CG set 4463 / 6116    682.9995 GFlop/s     (682.9995 GFlop/s per process)    72%    964.3 sec left
CG set 4464 / 6116    682.9992 GFlop/s     (682.9992 GFlop/s per process)    72%    963.7 sec left
CG set 4465 / 6116    682.9992 GFlop/s     (682.9992 GFlop/s per process)    73%    963.1 sec left
CG set 4466 / 6116    682.9991 GFlop/s     (682.9991 GFlop/s per process)    73%    962.5 sec left
CG set 4467 / 6116    682.9991 GFlop/s     (682.9991 GFlop/s per process)    73%    961.9 sec left
CG set 4468 / 6116    682.9992 GFlop/s     (682.9992 GFlop/s per process)    73%    961.3 sec left
CG set 4469 / 6116    682.9992 GFlop/s     (682.9992 GFlop/s per process)    73%    960.7 sec left
CG set 4470 / 6116    682.9993 GFlop/s     (682.9993 GFlop/s per process)    73%    960.1 sec left
CG set 4471 / 6116    682.9992 GFlop/s     (682.9992 GFlop/s per process)    73%    959.6 sec left
CG set 4472 / 6116    682.9993 GFlop/s     (682.9993 GFlop/s per process)    73%    959.0 sec left
CG set 4473 / 6116    682.9994 GFlop/s     (682.9994 GFlop/s per process)    73%    958.4 sec left
CG set 4474 / 6116    682.9994 GFlop/s     (682.9994 GFlop/s per process)    73%    957.8 sec left
CG set 4475 / 6116    682.9992 GFlop/s     (682.9992 GFlop/s per process)    73%    957.2 sec left
CG set 4476 / 6116    682.9994 GFlop/s     (682.9994 GFlop/s per process)    73%    956.6 sec left
CG set 4477 / 6116    682.9993 GFlop/s     (682.9993 GFlop/s per process)    73%    956.0 sec left
CG set 4478 / 6116    682.9994 GFlop/s     (682.9994 GFlop/s per process)    73%    955.4 sec left
CG set 4479 / 6116    682.9992 GFlop/s     (682.9992 GFlop/s per process)    73%    954.8 sec left
CG set 4480 / 6116    682.9990 GFlop/s     (682.9990 GFlop/s per process)    73%    954.2 sec left
CG set 4481 / 6116    682.9990 GFlop/s     (682.9990 GFlop/s per process)    73%    953.6 sec left
CG set 4482 / 6116    682.9990 GFlop/s     (682.9990 GFlop/s per process)    73%    953.1 sec left
CG set 4483 / 6116    682.9989 GFlop/s     (682.9989 GFlop/s per process)    73%    952.5 sec left
CG set 4484 / 6116    682.9989 GFlop/s     (682.9989 GFlop/s per process)    73%    951.9 sec left
CG set 4485 / 6116    682.9989 GFlop/s     (682.9989 GFlop/s per process)    73%    951.3 sec left
CG set 4486 / 6116    682.9989 GFlop/s     (682.9989 GFlop/s per process)    73%    950.7 sec left
CG set 4487 / 6116    682.9990 GFlop/s     (682.9990 GFlop/s per process)    73%    950.1 sec left
CG set 4488 / 6116    682.9990 GFlop/s     (682.9990 GFlop/s per process)    73%    949.5 sec left
CG set 4489 / 6116    682.9989 GFlop/s     (682.9989 GFlop/s per process)    73%    948.9 sec left
CG set 4490 / 6116    682.9988 GFlop/s     (682.9988 GFlop/s per process)    73%    948.3 sec left
CG set 4491 / 6116    682.9988 GFlop/s     (682.9988 GFlop/s per process)    73%    947.7 sec left
CG set 4492 / 6116    682.9988 GFlop/s     (682.9988 GFlop/s per process)    73%    947.2 sec left
CG set 4493 / 6116    682.9987 GFlop/s     (682.9987 GFlop/s per process)    73%    946.6 sec left
CG set 4494 / 6116    682.9987 GFlop/s     (682.9987 GFlop/s per process)    73%    946.0 sec left
CG set 4495 / 6116    682.9988 GFlop/s     (682.9988 GFlop/s per process)    73%    945.4 sec left
CG set 4496 / 6116    682.9986 GFlop/s     (682.9986 GFlop/s per process)    73%    944.8 sec left
CG set 4497 / 6116    682.9986 GFlop/s     (682.9986 GFlop/s per process)    73%    944.2 sec left
CG set 4498 / 6116    682.9986 GFlop/s     (682.9986 GFlop/s per process)    73%    943.6 sec left
CG set 4499 / 6116    682.9987 GFlop/s     (682.9987 GFlop/s per process)    73%    943.0 sec left
CG set 4500 / 6116    682.9987 GFlop/s     (682.9987 GFlop/s per process)    73%    942.4 sec left
CG set 4501 / 6116    682.9986 GFlop/s     (682.9986 GFlop/s per process)    73%    941.8 sec left
CG set 4502 / 6116    682.9987 GFlop/s     (682.9987 GFlop/s per process)    73%    941.2 sec left
CG set 4503 / 6116    682.9985 GFlop/s     (682.9985 GFlop/s per process)    73%    940.7 sec left
CG set 4504 / 6116    682.9985 GFlop/s     (682.9985 GFlop/s per process)    73%    940.1 sec left
CG set 4505 / 6116    682.9986 GFlop/s     (682.9986 GFlop/s per process)    73%    939.5 sec left
CG set 4506 / 6116    682.9984 GFlop/s     (682.9984 GFlop/s per process)    73%    938.9 sec left
CG set 4507 / 6116    682.9985 GFlop/s     (682.9985 GFlop/s per process)    73%    938.3 sec left
CG set 4508 / 6116    682.9985 GFlop/s     (682.9985 GFlop/s per process)    73%    937.7 sec left
CG set 4509 / 6116    682.9984 GFlop/s     (682.9984 GFlop/s per process)    73%    937.1 sec left
CG set 4510 / 6116    682.9983 GFlop/s     (682.9983 GFlop/s per process)    73%    936.5 sec left
CG set 4511 / 6116    682.9982 GFlop/s     (682.9982 GFlop/s per process)    73%    935.9 sec left
CG set 4512 / 6116    682.9983 GFlop/s     (682.9983 GFlop/s per process)    73%    935.3 sec left
CG set 4513 / 6116    682.9982 GFlop/s     (682.9982 GFlop/s per process)    73%    934.7 sec left
CG set 4514 / 6116    682.9982 GFlop/s     (682.9982 GFlop/s per process)    73%    934.2 sec left
CG set 4515 / 6116    682.9981 GFlop/s     (682.9981 GFlop/s per process)    73%    933.6 sec left
CG set 4516 / 6116    682.9980 GFlop/s     (682.9980 GFlop/s per process)    73%    933.0 sec left
CG set 4517 / 6116    682.9979 GFlop/s     (682.9979 GFlop/s per process)    73%    932.4 sec left
CG set 4518 / 6116    682.9979 GFlop/s     (682.9979 GFlop/s per process)    73%    931.8 sec left
CG set 4519 / 6116    682.9978 GFlop/s     (682.9978 GFlop/s per process)    73%    931.2 sec left
CG set 4520 / 6116    682.9976 GFlop/s     (682.9976 GFlop/s per process)    73%    930.6 sec left
CG set 4521 / 6116    682.9976 GFlop/s     (682.9976 GFlop/s per process)    73%    930.0 sec left
CG set 4522 / 6116    682.9974 GFlop/s     (682.9974 GFlop/s per process)    73%    929.4 sec left
CG set 4523 / 6116    682.9974 GFlop/s     (682.9974 GFlop/s per process)    73%    928.8 sec left
CG set 4524 / 6116    682.9972 GFlop/s     (682.9972 GFlop/s per process)    73%    928.2 sec left
CG set 4525 / 6116    682.9972 GFlop/s     (682.9972 GFlop/s per process)    73%    927.7 sec left
CG set 4526 / 6116    682.9972 GFlop/s     (682.9972 GFlop/s per process)    74%    927.1 sec left
CG set 4527 / 6116    682.9971 GFlop/s     (682.9971 GFlop/s per process)    74%    926.5 sec left
CG set 4528 / 6116    682.9971 GFlop/s     (682.9971 GFlop/s per process)    74%    925.9 sec left
CG set 4529 / 6116    682.9971 GFlop/s     (682.9971 GFlop/s per process)    74%    925.3 sec left
CG set 4530 / 6116    682.9970 GFlop/s     (682.9970 GFlop/s per process)    74%    924.7 sec left
CG set 4531 / 6116    682.9970 GFlop/s     (682.9970 GFlop/s per process)    74%    924.1 sec left
CG set 4532 / 6116    682.9970 GFlop/s     (682.9970 GFlop/s per process)    74%    923.5 sec left
CG set 4533 / 6116    682.9970 GFlop/s     (682.9970 GFlop/s per process)    74%    922.9 sec left
CG set 4534 / 6116    682.9970 GFlop/s     (682.9970 GFlop/s per process)    74%    922.3 sec left
CG set 4535 / 6116    682.9969 GFlop/s     (682.9969 GFlop/s per process)    74%    921.7 sec left
CG set 4536 / 6116    682.9969 GFlop/s     (682.9969 GFlop/s per process)    74%    921.2 sec left
CG set 4537 / 6116    682.9970 GFlop/s     (682.9970 GFlop/s per process)    74%    920.6 sec left
CG set 4538 / 6116    682.9969 GFlop/s     (682.9969 GFlop/s per process)    74%    920.0 sec left
CG set 4539 / 6116    682.9969 GFlop/s     (682.9969 GFlop/s per process)    74%    919.4 sec left
CG set 4540 / 6116    682.9968 GFlop/s     (682.9968 GFlop/s per process)    74%    918.8 sec left
CG set 4541 / 6116    682.9966 GFlop/s     (682.9966 GFlop/s per process)    74%    918.2 sec left
CG set 4542 / 6116    682.9966 GFlop/s     (682.9966 GFlop/s per process)    74%    917.6 sec left
CG set 4543 / 6116    682.9966 GFlop/s     (682.9966 GFlop/s per process)    74%    917.0 sec left
CG set 4544 / 6116    682.9966 GFlop/s     (682.9966 GFlop/s per process)    74%    916.4 sec left
CG set 4545 / 6116    682.9968 GFlop/s     (682.9968 GFlop/s per process)    74%    915.8 sec left
CG set 4546 / 6116    682.9967 GFlop/s     (682.9967 GFlop/s per process)    74%    915.3 sec left
CG set 4547 / 6116    682.9968 GFlop/s     (682.9968 GFlop/s per process)    74%    914.7 sec left
CG set 4548 / 6116    682.9968 GFlop/s     (682.9968 GFlop/s per process)    74%    914.1 sec left
CG set 4549 / 6116    682.9967 GFlop/s     (682.9967 GFlop/s per process)    74%    913.5 sec left
CG set 4550 / 6116    682.9966 GFlop/s     (682.9966 GFlop/s per process)    74%    912.9 sec left
CG set 4551 / 6116    682.9966 GFlop/s     (682.9966 GFlop/s per process)    74%    912.3 sec left
CG set 4552 / 6116    682.9965 GFlop/s     (682.9965 GFlop/s per process)    74%    911.7 sec left
CG set 4553 / 6116    682.9964 GFlop/s     (682.9964 GFlop/s per process)    74%    911.1 sec left
CG set 4554 / 6116    682.9963 GFlop/s     (682.9963 GFlop/s per process)    74%    910.5 sec left
CG set 4555 / 6116    682.9961 GFlop/s     (682.9961 GFlop/s per process)    74%    909.9 sec left
CG set 4556 / 6116    682.9960 GFlop/s     (682.9960 GFlop/s per process)    74%    909.3 sec left
CG set 4557 / 6116    682.9960 GFlop/s     (682.9960 GFlop/s per process)    74%    908.8 sec left
CG set 4558 / 6116    682.9959 GFlop/s     (682.9959 GFlop/s per process)    74%    908.2 sec left
CG set 4559 / 6116    682.9958 GFlop/s     (682.9958 GFlop/s per process)    74%    907.6 sec left
CG set 4560 / 6116    682.9959 GFlop/s     (682.9959 GFlop/s per process)    74%    907.0 sec left
CG set 4561 / 6116    682.9959 GFlop/s     (682.9959 GFlop/s per process)    74%    906.4 sec left
CG set 4562 / 6116    682.9960 GFlop/s     (682.9960 GFlop/s per process)    74%    905.8 sec left
CG set 4563 / 6116    682.9959 GFlop/s     (682.9959 GFlop/s per process)    74%    905.2 sec left
CG set 4564 / 6116    682.9958 GFlop/s     (682.9958 GFlop/s per process)    74%    904.6 sec left
CG set 4565 / 6116    682.9958 GFlop/s     (682.9958 GFlop/s per process)    74%    904.0 sec left
CG set 4566 / 6116    682.9958 GFlop/s     (682.9958 GFlop/s per process)    74%    903.4 sec left
CG set 4567 / 6116    682.9957 GFlop/s     (682.9957 GFlop/s per process)    74%    902.8 sec left
CG set 4568 / 6116    682.9957 GFlop/s     (682.9957 GFlop/s per process)    74%    902.3 sec left
CG set 4569 / 6116    682.9957 GFlop/s     (682.9957 GFlop/s per process)    74%    901.7 sec left
CG set 4570 / 6116    682.9956 GFlop/s     (682.9956 GFlop/s per process)    74%    901.1 sec left
CG set 4571 / 6116    682.9955 GFlop/s     (682.9955 GFlop/s per process)    74%    900.5 sec left
CG set 4572 / 6116    682.9954 GFlop/s     (682.9954 GFlop/s per process)    74%    899.9 sec left
CG set 4573 / 6116    682.9956 GFlop/s     (682.9956 GFlop/s per process)    74%    899.3 sec left
CG set 4574 / 6116    682.9956 GFlop/s     (682.9956 GFlop/s per process)    74%    898.7 sec left
CG set 4575 / 6116    682.9954 GFlop/s     (682.9954 GFlop/s per process)    74%    898.1 sec left
CG set 4576 / 6116    682.9954 GFlop/s     (682.9954 GFlop/s per process)    74%    897.5 sec left
CG set 4577 / 6116    682.9954 GFlop/s     (682.9954 GFlop/s per process)    74%    896.9 sec left
CG set 4578 / 6116    682.9954 GFlop/s     (682.9954 GFlop/s per process)    74%    896.3 sec left
CG set 4579 / 6116    682.9954 GFlop/s     (682.9954 GFlop/s per process)    74%    895.8 sec left
CG set 4580 / 6116    682.9955 GFlop/s     (682.9955 GFlop/s per process)    74%    895.2 sec left
CG set 4581 / 6116    682.9955 GFlop/s     (682.9955 GFlop/s per process)    74%    894.6 sec left
CG set 4582 / 6116    682.9955 GFlop/s     (682.9955 GFlop/s per process)    74%    894.0 sec left
CG set 4583 / 6116    682.9956 GFlop/s     (682.9956 GFlop/s per process)    74%    893.4 sec left
CG set 4584 / 6116    682.9956 GFlop/s     (682.9956 GFlop/s per process)    74%    892.8 sec left
CG set 4585 / 6116    682.9956 GFlop/s     (682.9956 GFlop/s per process)    74%    892.2 sec left
CG set 4586 / 6116    682.9955 GFlop/s     (682.9955 GFlop/s per process)    74%    891.6 sec left
CG set 4587 / 6116    682.9955 GFlop/s     (682.9955 GFlop/s per process)    75%    891.0 sec left
CG set 4588 / 6116    682.9955 GFlop/s     (682.9955 GFlop/s per process)    75%    890.4 sec left
CG set 4589 / 6116    682.9954 GFlop/s     (682.9954 GFlop/s per process)    75%    889.9 sec left
CG set 4590 / 6116    682.9953 GFlop/s     (682.9953 GFlop/s per process)    75%    889.3 sec left
CG set 4591 / 6116    682.9953 GFlop/s     (682.9953 GFlop/s per process)    75%    888.7 sec left
CG set 4592 / 6116    682.9954 GFlop/s     (682.9954 GFlop/s per process)    75%    888.1 sec left
CG set 4593 / 6116    682.9954 GFlop/s     (682.9954 GFlop/s per process)    75%    887.5 sec left
CG set 4594 / 6116    682.9955 GFlop/s     (682.9955 GFlop/s per process)    75%    886.9 sec left
CG set 4595 / 6116    682.9956 GFlop/s     (682.9956 GFlop/s per process)    75%    886.3 sec left
CG set 4596 / 6116    682.9954 GFlop/s     (682.9954 GFlop/s per process)    75%    885.7 sec left
CG set 4597 / 6116    682.9955 GFlop/s     (682.9955 GFlop/s per process)    75%    885.1 sec left
CG set 4598 / 6116    682.9955 GFlop/s     (682.9955 GFlop/s per process)    75%    884.5 sec left
CG set 4599 / 6116    682.9955 GFlop/s     (682.9955 GFlop/s per process)    75%    883.9 sec left
CG set 4600 / 6116    682.9955 GFlop/s     (682.9955 GFlop/s per process)    75%    883.4 sec left
CG set 4601 / 6116    682.9955 GFlop/s     (682.9955 GFlop/s per process)    75%    882.8 sec left
CG set 4602 / 6116    682.9955 GFlop/s     (682.9955 GFlop/s per process)    75%    882.2 sec left
CG set 4603 / 6116    682.9955 GFlop/s     (682.9955 GFlop/s per process)    75%    881.6 sec left
CG set 4604 / 6116    682.9953 GFlop/s     (682.9953 GFlop/s per process)    75%    881.0 sec left
CG set 4605 / 6116    682.9953 GFlop/s     (682.9953 GFlop/s per process)    75%    880.4 sec left
CG set 4606 / 6116    682.9953 GFlop/s     (682.9953 GFlop/s per process)    75%    879.8 sec left
CG set 4607 / 6116    682.9952 GFlop/s     (682.9952 GFlop/s per process)    75%    879.2 sec left
CG set 4608 / 6116    682.9952 GFlop/s     (682.9952 GFlop/s per process)    75%    878.6 sec left
CG set 4609 / 6116    682.9951 GFlop/s     (682.9951 GFlop/s per process)    75%    878.0 sec left
CG set 4610 / 6116    682.9952 GFlop/s     (682.9952 GFlop/s per process)    75%    877.4 sec left
CG set 4611 / 6116    682.9951 GFlop/s     (682.9951 GFlop/s per process)    75%    876.9 sec left
CG set 4612 / 6116    682.9951 GFlop/s     (682.9951 GFlop/s per process)    75%    876.3 sec left
CG set 4613 / 6116    682.9950 GFlop/s     (682.9950 GFlop/s per process)    75%    875.7 sec left
CG set 4614 / 6116    682.9950 GFlop/s     (682.9950 GFlop/s per process)    75%    875.1 sec left
CG set 4615 / 6116    682.9951 GFlop/s     (682.9951 GFlop/s per process)    75%    874.5 sec left
CG set 4616 / 6116    682.9950 GFlop/s     (682.9950 GFlop/s per process)    75%    873.9 sec left
CG set 4617 / 6116    682.9949 GFlop/s     (682.9949 GFlop/s per process)    75%    873.3 sec left
CG set 4618 / 6116    682.9949 GFlop/s     (682.9949 GFlop/s per process)    75%    872.7 sec left
CG set 4619 / 6116    682.9948 GFlop/s     (682.9948 GFlop/s per process)    75%    872.1 sec left
CG set 4620 / 6116    682.9949 GFlop/s     (682.9949 GFlop/s per process)    75%    871.5 sec left
CG set 4621 / 6116    682.9949 GFlop/s     (682.9949 GFlop/s per process)    75%    871.0 sec left
CG set 4622 / 6116    682.9949 GFlop/s     (682.9949 GFlop/s per process)    75%    870.4 sec left
CG set 4623 / 6116    682.9949 GFlop/s     (682.9949 GFlop/s per process)    75%    869.8 sec left
CG set 4624 / 6116    682.9947 GFlop/s     (682.9947 GFlop/s per process)    75%    869.2 sec left
CG set 4625 / 6116    682.9947 GFlop/s     (682.9947 GFlop/s per process)    75%    868.6 sec left
CG set 4626 / 6116    682.9945 GFlop/s     (682.9945 GFlop/s per process)    75%    868.0 sec left
CG set 4627 / 6116    682.9945 GFlop/s     (682.9945 GFlop/s per process)    75%    867.4 sec left
CG set 4628 / 6116    682.9945 GFlop/s     (682.9945 GFlop/s per process)    75%    866.8 sec left
CG set 4629 / 6116    682.9945 GFlop/s     (682.9945 GFlop/s per process)    75%    866.2 sec left
CG set 4630 / 6116    682.9945 GFlop/s     (682.9945 GFlop/s per process)    75%    865.6 sec left
CG set 4631 / 6116    682.9945 GFlop/s     (682.9945 GFlop/s per process)    75%    865.0 sec left
CG set 4632 / 6116    682.9946 GFlop/s     (682.9946 GFlop/s per process)    75%    864.5 sec left
CG set 4633 / 6116    682.9945 GFlop/s     (682.9945 GFlop/s per process)    75%    863.9 sec left
CG set 4634 / 6116    682.9945 GFlop/s     (682.9945 GFlop/s per process)    75%    863.3 sec left
CG set 4635 / 6116    682.9945 GFlop/s     (682.9945 GFlop/s per process)    75%    862.7 sec left
CG set 4636 / 6116    682.9945 GFlop/s     (682.9945 GFlop/s per process)    75%    862.1 sec left
CG set 4637 / 6116    682.9946 GFlop/s     (682.9946 GFlop/s per process)    75%    861.5 sec left
CG set 4638 / 6116    682.9944 GFlop/s     (682.9944 GFlop/s per process)    75%    860.9 sec left
CG set 4639 / 6116    682.9945 GFlop/s     (682.9945 GFlop/s per process)    75%    860.3 sec left
CG set 4640 / 6116    682.9945 GFlop/s     (682.9945 GFlop/s per process)    75%    859.7 sec left
CG set 4641 / 6116    682.9945 GFlop/s     (682.9945 GFlop/s per process)    75%    859.1 sec left
CG set 4642 / 6116    682.9943 GFlop/s     (682.9943 GFlop/s per process)    75%    858.5 sec left
CG set 4643 / 6116    682.9942 GFlop/s     (682.9942 GFlop/s per process)    75%    858.0 sec left
CG set 4644 / 6116    682.9942 GFlop/s     (682.9942 GFlop/s per process)    75%    857.4 sec left
CG set 4645 / 6116    682.9942 GFlop/s     (682.9942 GFlop/s per process)    75%    856.8 sec left
CG set 4646 / 6116    682.9942 GFlop/s     (682.9942 GFlop/s per process)    75%    856.2 sec left
CG set 4647 / 6116    682.9942 GFlop/s     (682.9942 GFlop/s per process)    75%    855.6 sec left
CG set 4648 / 6116    682.9940 GFlop/s     (682.9940 GFlop/s per process)    75%    855.0 sec left
CG set 4649 / 6116    682.9940 GFlop/s     (682.9940 GFlop/s per process)    76%    854.4 sec left
CG set 4650 / 6116    682.9939 GFlop/s     (682.9939 GFlop/s per process)    76%    853.8 sec left
CG set 4651 / 6116    682.9938 GFlop/s     (682.9938 GFlop/s per process)    76%    853.2 sec left
CG set 4652 / 6116    682.9937 GFlop/s     (682.9937 GFlop/s per process)    76%    852.6 sec left
CG set 4653 / 6116    682.9937 GFlop/s     (682.9937 GFlop/s per process)    76%    852.0 sec left
CG set 4654 / 6116    682.9936 GFlop/s     (682.9936 GFlop/s per process)    76%    851.5 sec left
CG set 4655 / 6116    682.9935 GFlop/s     (682.9935 GFlop/s per process)    76%    850.9 sec left
CG set 4656 / 6116    682.9935 GFlop/s     (682.9935 GFlop/s per process)    76%    850.3 sec left
CG set 4657 / 6116    682.9935 GFlop/s     (682.9935 GFlop/s per process)    76%    849.7 sec left
CG set 4658 / 6116    682.9935 GFlop/s     (682.9935 GFlop/s per process)    76%    849.1 sec left
CG set 4659 / 6116    682.9934 GFlop/s     (682.9934 GFlop/s per process)    76%    848.5 sec left
CG set 4660 / 6116    682.9934 GFlop/s     (682.9934 GFlop/s per process)    76%    847.9 sec left
CG set 4661 / 6116    682.9933 GFlop/s     (682.9933 GFlop/s per process)    76%    847.3 sec left
CG set 4662 / 6116    682.9933 GFlop/s     (682.9933 GFlop/s per process)    76%    846.7 sec left
CG set 4663 / 6116    682.9932 GFlop/s     (682.9932 GFlop/s per process)    76%    846.1 sec left
CG set 4664 / 6116    682.9931 GFlop/s     (682.9931 GFlop/s per process)    76%    845.5 sec left
CG set 4665 / 6116    682.9932 GFlop/s     (682.9932 GFlop/s per process)    76%    845.0 sec left
CG set 4666 / 6116    682.9931 GFlop/s     (682.9931 GFlop/s per process)    76%    844.4 sec left
CG set 4667 / 6116    682.9932 GFlop/s     (682.9932 GFlop/s per process)    76%    843.8 sec left
CG set 4668 / 6116    682.9933 GFlop/s     (682.9933 GFlop/s per process)    76%    843.2 sec left
CG set 4669 / 6116    682.9932 GFlop/s     (682.9932 GFlop/s per process)    76%    842.6 sec left
CG set 4670 / 6116    682.9932 GFlop/s     (682.9932 GFlop/s per process)    76%    842.0 sec left
CG set 4671 / 6116    682.9932 GFlop/s     (682.9932 GFlop/s per process)    76%    841.4 sec left
CG set 4672 / 6116    682.9933 GFlop/s     (682.9933 GFlop/s per process)    76%    840.8 sec left
CG set 4673 / 6116    682.9934 GFlop/s     (682.9934 GFlop/s per process)    76%    840.2 sec left
CG set 4674 / 6116    682.9933 GFlop/s     (682.9933 GFlop/s per process)    76%    839.6 sec left
CG set 4675 / 6116    682.9932 GFlop/s     (682.9932 GFlop/s per process)    76%    839.1 sec left
CG set 4676 / 6116    682.9930 GFlop/s     (682.9930 GFlop/s per process)    76%    838.5 sec left
CG set 4677 / 6116    682.9931 GFlop/s     (682.9931 GFlop/s per process)    76%    837.9 sec left
CG set 4678 / 6116    682.9930 GFlop/s     (682.9930 GFlop/s per process)    76%    837.3 sec left
CG set 4679 / 6116    682.9929 GFlop/s     (682.9929 GFlop/s per process)    76%    836.7 sec left
CG set 4680 / 6116    682.9927 GFlop/s     (682.9927 GFlop/s per process)    76%    836.1 sec left
CG set 4681 / 6116    682.9926 GFlop/s     (682.9926 GFlop/s per process)    76%    835.5 sec left
CG set 4682 / 6116    682.9927 GFlop/s     (682.9927 GFlop/s per process)    76%    834.9 sec left
CG set 4683 / 6116    682.9926 GFlop/s     (682.9926 GFlop/s per process)    76%    834.3 sec left
CG set 4684 / 6116    682.9926 GFlop/s     (682.9926 GFlop/s per process)    76%    833.7 sec left
CG set 4685 / 6116    682.9927 GFlop/s     (682.9927 GFlop/s per process)    76%    833.1 sec left
CG set 4686 / 6116    682.9925 GFlop/s     (682.9925 GFlop/s per process)    76%    832.6 sec left
CG set 4687 / 6116    682.9925 GFlop/s     (682.9925 GFlop/s per process)    76%    832.0 sec left
CG set 4688 / 6116    682.9924 GFlop/s     (682.9924 GFlop/s per process)    76%    831.4 sec left
CG set 4689 / 6116    682.9924 GFlop/s     (682.9924 GFlop/s per process)    76%    830.8 sec left
CG set 4690 / 6116    682.9924 GFlop/s     (682.9924 GFlop/s per process)    76%    830.2 sec left
CG set 4691 / 6116    682.9924 GFlop/s     (682.9924 GFlop/s per process)    76%    829.6 sec left
CG set 4692 / 6116    682.9921 GFlop/s     (682.9921 GFlop/s per process)    76%    829.0 sec left
CG set 4693 / 6116    682.9921 GFlop/s     (682.9921 GFlop/s per process)    76%    828.4 sec left
CG set 4694 / 6116    682.9921 GFlop/s     (682.9921 GFlop/s per process)    76%    827.8 sec left
CG set 4695 / 6116    682.9920 GFlop/s     (682.9920 GFlop/s per process)    76%    827.2 sec left
CG set 4696 / 6116    682.9919 GFlop/s     (682.9919 GFlop/s per process)    76%    826.6 sec left
CG set 4697 / 6116    682.9919 GFlop/s     (682.9919 GFlop/s per process)    76%    826.1 sec left
CG set 4698 / 6116    682.9919 GFlop/s     (682.9919 GFlop/s per process)    76%    825.5 sec left
CG set 4699 / 6116    682.9918 GFlop/s     (682.9918 GFlop/s per process)    76%    824.9 sec left
CG set 4700 / 6116    682.9918 GFlop/s     (682.9918 GFlop/s per process)    76%    824.3 sec left
CG set 4701 / 6116    682.9917 GFlop/s     (682.9917 GFlop/s per process)    76%    823.7 sec left
CG set 4702 / 6116    682.9916 GFlop/s     (682.9916 GFlop/s per process)    76%    823.1 sec left
CG set 4703 / 6116    682.9916 GFlop/s     (682.9916 GFlop/s per process)    76%    822.5 sec left
CG set 4704 / 6116    682.9915 GFlop/s     (682.9915 GFlop/s per process)    76%    821.9 sec left
CG set 4705 / 6116    682.9916 GFlop/s     (682.9916 GFlop/s per process)    76%    821.3 sec left
CG set 4706 / 6116    682.9916 GFlop/s     (682.9916 GFlop/s per process)    76%    820.7 sec left
CG set 4707 / 6116    682.9915 GFlop/s     (682.9915 GFlop/s per process)    76%    820.1 sec left
CG set 4708 / 6116    682.9915 GFlop/s     (682.9915 GFlop/s per process)    76%    819.6 sec left
CG set 4709 / 6116    682.9916 GFlop/s     (682.9916 GFlop/s per process)    76%    819.0 sec left
CG set 4710 / 6116    682.9915 GFlop/s     (682.9915 GFlop/s per process)    77%    818.4 sec left
CG set 4711 / 6116    682.9914 GFlop/s     (682.9914 GFlop/s per process)    77%    817.8 sec left
CG set 4712 / 6116    682.9914 GFlop/s     (682.9914 GFlop/s per process)    77%    817.2 sec left
CG set 4713 / 6116    682.9911 GFlop/s     (682.9911 GFlop/s per process)    77%    816.6 sec left
CG set 4714 / 6116    682.9910 GFlop/s     (682.9910 GFlop/s per process)    77%    816.0 sec left
CG set 4715 / 6116    682.9909 GFlop/s     (682.9909 GFlop/s per process)    77%    815.4 sec left
CG set 4716 / 6116    682.9909 GFlop/s     (682.9909 GFlop/s per process)    77%    814.8 sec left
CG set 4717 / 6116    682.9908 GFlop/s     (682.9908 GFlop/s per process)    77%    814.2 sec left
CG set 4718 / 6116    682.9907 GFlop/s     (682.9907 GFlop/s per process)    77%    813.6 sec left
CG set 4719 / 6116    682.9906 GFlop/s     (682.9906 GFlop/s per process)    77%    813.1 sec left
CG set 4720 / 6116    682.9904 GFlop/s     (682.9904 GFlop/s per process)    77%    812.5 sec left
CG set 4721 / 6116    682.9904 GFlop/s     (682.9904 GFlop/s per process)    77%    811.9 sec left
CG set 4722 / 6116    682.9904 GFlop/s     (682.9904 GFlop/s per process)    77%    811.3 sec left
CG set 4723 / 6116    682.9902 GFlop/s     (682.9902 GFlop/s per process)    77%    810.7 sec left
CG set 4724 / 6116    682.9902 GFlop/s     (682.9902 GFlop/s per process)    77%    810.1 sec left
CG set 4725 / 6116    682.9901 GFlop/s     (682.9901 GFlop/s per process)    77%    809.5 sec left
CG set 4726 / 6116    682.9900 GFlop/s     (682.9900 GFlop/s per process)    77%    808.9 sec left
CG set 4727 / 6116    682.9901 GFlop/s     (682.9901 GFlop/s per process)    77%    808.3 sec left
CG set 4728 / 6116    682.9899 GFlop/s     (682.9899 GFlop/s per process)    77%    807.7 sec left
CG set 4729 / 6116    682.9898 GFlop/s     (682.9898 GFlop/s per process)    77%    807.1 sec left
CG set 4730 / 6116    682.9897 GFlop/s     (682.9897 GFlop/s per process)    77%    806.6 sec left
CG set 4731 / 6116    682.9897 GFlop/s     (682.9897 GFlop/s per process)    77%    806.0 sec left
CG set 4732 / 6116    682.9896 GFlop/s     (682.9896 GFlop/s per process)    77%    805.4 sec left
CG set 4733 / 6116    682.9895 GFlop/s     (682.9895 GFlop/s per process)    77%    804.8 sec left
CG set 4734 / 6116    682.9894 GFlop/s     (682.9894 GFlop/s per process)    77%    804.2 sec left
CG set 4735 / 6116    682.9893 GFlop/s     (682.9893 GFlop/s per process)    77%    803.6 sec left
CG set 4736 / 6116    682.9893 GFlop/s     (682.9893 GFlop/s per process)    77%    803.0 sec left
CG set 4737 / 6116    682.9893 GFlop/s     (682.9893 GFlop/s per process)    77%    802.4 sec left
CG set 4738 / 6116    682.9892 GFlop/s     (682.9892 GFlop/s per process)    77%    801.8 sec left
CG set 4739 / 6116    682.9891 GFlop/s     (682.9891 GFlop/s per process)    77%    801.2 sec left
CG set 4740 / 6116    682.9891 GFlop/s     (682.9891 GFlop/s per process)    77%    800.6 sec left
CG set 4741 / 6116    682.9890 GFlop/s     (682.9890 GFlop/s per process)    77%    800.1 sec left
CG set 4742 / 6116    682.9890 GFlop/s     (682.9890 GFlop/s per process)    77%    799.5 sec left
CG set 4743 / 6116    682.9888 GFlop/s     (682.9888 GFlop/s per process)    77%    798.9 sec left
CG set 4744 / 6116    682.9888 GFlop/s     (682.9888 GFlop/s per process)    77%    798.3 sec left
CG set 4745 / 6116    682.9888 GFlop/s     (682.9888 GFlop/s per process)    77%    797.7 sec left
CG set 4746 / 6116    682.9888 GFlop/s     (682.9888 GFlop/s per process)    77%    797.1 sec left
CG set 4747 / 6116    682.9886 GFlop/s     (682.9886 GFlop/s per process)    77%    796.5 sec left
CG set 4748 / 6116    682.9885 GFlop/s     (682.9885 GFlop/s per process)    77%    795.9 sec left
CG set 4749 / 6116    682.9885 GFlop/s     (682.9885 GFlop/s per process)    77%    795.3 sec left
CG set 4750 / 6116    682.9886 GFlop/s     (682.9886 GFlop/s per process)    77%    794.7 sec left
CG set 4751 / 6116    682.9885 GFlop/s     (682.9885 GFlop/s per process)    77%    794.2 sec left
CG set 4752 / 6116    682.9885 GFlop/s     (682.9885 GFlop/s per process)    77%    793.6 sec left
CG set 4753 / 6116    682.9884 GFlop/s     (682.9884 GFlop/s per process)    77%    793.0 sec left
CG set 4754 / 6116    682.9884 GFlop/s     (682.9884 GFlop/s per process)    77%    792.4 sec left
CG set 4755 / 6116    682.9882 GFlop/s     (682.9882 GFlop/s per process)    77%    791.8 sec left
CG set 4756 / 6116    682.9882 GFlop/s     (682.9882 GFlop/s per process)    77%    791.2 sec left
CG set 4757 / 6116    682.9881 GFlop/s     (682.9881 GFlop/s per process)    77%    790.6 sec left
CG set 4758 / 6116    682.9880 GFlop/s     (682.9880 GFlop/s per process)    77%    790.0 sec left
CG set 4759 / 6116    682.9879 GFlop/s     (682.9879 GFlop/s per process)    77%    789.4 sec left
CG set 4760 / 6116    682.9879 GFlop/s     (682.9879 GFlop/s per process)    77%    788.8 sec left
CG set 4761 / 6116    682.9880 GFlop/s     (682.9880 GFlop/s per process)    77%    788.2 sec left
CG set 4762 / 6116    682.9880 GFlop/s     (682.9880 GFlop/s per process)    77%    787.7 sec left
CG set 4763 / 6116    682.9881 GFlop/s     (682.9881 GFlop/s per process)    77%    787.1 sec left
CG set 4764 / 6116    682.9879 GFlop/s     (682.9879 GFlop/s per process)    77%    786.5 sec left
CG set 4765 / 6116    682.9878 GFlop/s     (682.9878 GFlop/s per process)    77%    785.9 sec left
CG set 4766 / 6116    682.9878 GFlop/s     (682.9878 GFlop/s per process)    77%    785.3 sec left
CG set 4767 / 6116    682.9878 GFlop/s     (682.9878 GFlop/s per process)    77%    784.7 sec left
CG set 4768 / 6116    682.9879 GFlop/s     (682.9879 GFlop/s per process)    77%    784.1 sec left
CG set 4769 / 6116    682.9878 GFlop/s     (682.9878 GFlop/s per process)    77%    783.5 sec left
CG set 4770 / 6116    682.9878 GFlop/s     (682.9878 GFlop/s per process)    77%    782.9 sec left
CG set 4771 / 6116    682.9878 GFlop/s     (682.9878 GFlop/s per process)    78%    782.3 sec left
CG set 4772 / 6116    682.9878 GFlop/s     (682.9878 GFlop/s per process)    78%    781.7 sec left
CG set 4773 / 6116    682.9876 GFlop/s     (682.9876 GFlop/s per process)    78%    781.2 sec left
CG set 4774 / 6116    682.9876 GFlop/s     (682.9876 GFlop/s per process)    78%    780.6 sec left
CG set 4775 / 6116    682.9876 GFlop/s     (682.9876 GFlop/s per process)    78%    780.0 sec left
CG set 4776 / 6116    682.9877 GFlop/s     (682.9877 GFlop/s per process)    78%    779.4 sec left
CG set 4777 / 6116    682.9877 GFlop/s     (682.9877 GFlop/s per process)    78%    778.8 sec left
CG set 4778 / 6116    682.9878 GFlop/s     (682.9878 GFlop/s per process)    78%    778.2 sec left
CG set 4779 / 6116    682.9878 GFlop/s     (682.9878 GFlop/s per process)    78%    777.6 sec left
CG set 4780 / 6116    682.9876 GFlop/s     (682.9876 GFlop/s per process)    78%    777.0 sec left
CG set 4781 / 6116    682.9877 GFlop/s     (682.9877 GFlop/s per process)    78%    776.4 sec left
CG set 4782 / 6116    682.9875 GFlop/s     (682.9875 GFlop/s per process)    78%    775.8 sec left
CG set 4783 / 6116    682.9875 GFlop/s     (682.9875 GFlop/s per process)    78%    775.2 sec left
CG set 4784 / 6116    682.9876 GFlop/s     (682.9876 GFlop/s per process)    78%    774.7 sec left
CG set 4785 / 6116    682.9876 GFlop/s     (682.9876 GFlop/s per process)    78%    774.1 sec left
CG set 4786 / 6116    682.9875 GFlop/s     (682.9875 GFlop/s per process)    78%    773.5 sec left
CG set 4787 / 6116    682.9875 GFlop/s     (682.9875 GFlop/s per process)    78%    772.9 sec left
CG set 4788 / 6116    682.9876 GFlop/s     (682.9876 GFlop/s per process)    78%    772.3 sec left
CG set 4789 / 6116    682.9876 GFlop/s     (682.9876 GFlop/s per process)    78%    771.7 sec left
CG set 4790 / 6116    682.9876 GFlop/s     (682.9876 GFlop/s per process)    78%    771.1 sec left
CG set 4791 / 6116    682.9875 GFlop/s     (682.9875 GFlop/s per process)    78%    770.5 sec left
CG set 4792 / 6116    682.9873 GFlop/s     (682.9873 GFlop/s per process)    78%    769.9 sec left
CG set 4793 / 6116    682.9873 GFlop/s     (682.9873 GFlop/s per process)    78%    769.3 sec left
CG set 4794 / 6116    682.9874 GFlop/s     (682.9874 GFlop/s per process)    78%    768.8 sec left
CG set 4795 / 6116    682.9873 GFlop/s     (682.9873 GFlop/s per process)    78%    768.2 sec left
CG set 4796 / 6116    682.9872 GFlop/s     (682.9872 GFlop/s per process)    78%    767.6 sec left
CG set 4797 / 6116    682.9872 GFlop/s     (682.9872 GFlop/s per process)    78%    767.0 sec left
CG set 4798 / 6116    682.9870 GFlop/s     (682.9870 GFlop/s per process)    78%    766.4 sec left
CG set 4799 / 6116    682.9870 GFlop/s     (682.9870 GFlop/s per process)    78%    765.8 sec left
CG set 4800 / 6116    682.9870 GFlop/s     (682.9870 GFlop/s per process)    78%    765.2 sec left
CG set 4801 / 6116    682.9871 GFlop/s     (682.9871 GFlop/s per process)    78%    764.6 sec left
CG set 4802 / 6116    682.9870 GFlop/s     (682.9870 GFlop/s per process)    78%    764.0 sec left
CG set 4803 / 6116    682.9871 GFlop/s     (682.9871 GFlop/s per process)    78%    763.4 sec left
CG set 4804 / 6116    682.9870 GFlop/s     (682.9870 GFlop/s per process)    78%    762.8 sec left
CG set 4805 / 6116    682.9869 GFlop/s     (682.9869 GFlop/s per process)    78%    762.3 sec left
CG set 4806 / 6116    682.9871 GFlop/s     (682.9871 GFlop/s per process)    78%    761.7 sec left
CG set 4807 / 6116    682.9871 GFlop/s     (682.9871 GFlop/s per process)    78%    761.1 sec left
CG set 4808 / 6116    682.9870 GFlop/s     (682.9870 GFlop/s per process)    78%    760.5 sec left
CG set 4809 / 6116    682.9870 GFlop/s     (682.9870 GFlop/s per process)    78%    759.9 sec left
CG set 4810 / 6116    682.9869 GFlop/s     (682.9869 GFlop/s per process)    78%    759.3 sec left
CG set 4811 / 6116    682.9870 GFlop/s     (682.9870 GFlop/s per process)    78%    758.7 sec left
CG set 4812 / 6116    682.9868 GFlop/s     (682.9868 GFlop/s per process)    78%    758.1 sec left
CG set 4813 / 6116    682.9868 GFlop/s     (682.9868 GFlop/s per process)    78%    757.5 sec left
CG set 4814 / 6116    682.9868 GFlop/s     (682.9868 GFlop/s per process)    78%    756.9 sec left
CG set 4815 / 6116    682.9868 GFlop/s     (682.9868 GFlop/s per process)    78%    756.3 sec left
CG set 4816 / 6116    682.9869 GFlop/s     (682.9869 GFlop/s per process)    78%    755.8 sec left
CG set 4817 / 6116    682.9867 GFlop/s     (682.9867 GFlop/s per process)    78%    755.2 sec left
CG set 4818 / 6116    682.9867 GFlop/s     (682.9867 GFlop/s per process)    78%    754.6 sec left
CG set 4819 / 6116    682.9866 GFlop/s     (682.9866 GFlop/s per process)    78%    754.0 sec left
CG set 4820 / 6116    682.9865 GFlop/s     (682.9865 GFlop/s per process)    78%    753.4 sec left
CG set 4821 / 6116    682.9865 GFlop/s     (682.9865 GFlop/s per process)    78%    752.8 sec left
CG set 4822 / 6116    682.9864 GFlop/s     (682.9864 GFlop/s per process)    78%    752.2 sec left
CG set 4823 / 6116    682.9864 GFlop/s     (682.9864 GFlop/s per process)    78%    751.6 sec left
CG set 4824 / 6116    682.9864 GFlop/s     (682.9864 GFlop/s per process)    78%    751.0 sec left
CG set 4825 / 6116    682.9862 GFlop/s     (682.9862 GFlop/s per process)    78%    750.4 sec left
CG set 4826 / 6116    682.9863 GFlop/s     (682.9863 GFlop/s per process)    78%    749.8 sec left
CG set 4827 / 6116    682.9864 GFlop/s     (682.9864 GFlop/s per process)    78%    749.3 sec left
CG set 4828 / 6116    682.9863 GFlop/s     (682.9863 GFlop/s per process)    78%    748.7 sec left
CG set 4829 / 6116    682.9862 GFlop/s     (682.9862 GFlop/s per process)    78%    748.1 sec left
CG set 4830 / 6116    682.9864 GFlop/s     (682.9864 GFlop/s per process)    78%    747.5 sec left
CG set 4831 / 6116    682.9864 GFlop/s     (682.9864 GFlop/s per process)    78%    746.9 sec left
CG set 4832 / 6116    682.9862 GFlop/s     (682.9862 GFlop/s per process)    79%    746.3 sec left
CG set 4833 / 6116    682.9861 GFlop/s     (682.9861 GFlop/s per process)    79%    745.7 sec left
CG set 4834 / 6116    682.9859 GFlop/s     (682.9859 GFlop/s per process)    79%    745.1 sec left
CG set 4835 / 6116    682.9859 GFlop/s     (682.9859 GFlop/s per process)    79%    744.5 sec left
CG set 4836 / 6116    682.9857 GFlop/s     (682.9857 GFlop/s per process)    79%    743.9 sec left
CG set 4837 / 6116    682.9856 GFlop/s     (682.9856 GFlop/s per process)    79%    743.3 sec left
CG set 4838 / 6116    682.9855 GFlop/s     (682.9855 GFlop/s per process)    79%    742.8 sec left
CG set 4839 / 6116    682.9856 GFlop/s     (682.9856 GFlop/s per process)    79%    742.2 sec left
CG set 4840 / 6116    682.9854 GFlop/s     (682.9854 GFlop/s per process)    79%    741.6 sec left
CG set 4841 / 6116    682.9854 GFlop/s     (682.9854 GFlop/s per process)    79%    741.0 sec left
CG set 4842 / 6116    682.9854 GFlop/s     (682.9854 GFlop/s per process)    79%    740.4 sec left
CG set 4843 / 6116    682.9853 GFlop/s     (682.9853 GFlop/s per process)    79%    739.8 sec left
CG set 4844 / 6116    682.9852 GFlop/s     (682.9852 GFlop/s per process)    79%    739.2 sec left
CG set 4845 / 6116    682.9850 GFlop/s     (682.9850 GFlop/s per process)    79%    738.6 sec left
CG set 4846 / 6116    682.9851 GFlop/s     (682.9851 GFlop/s per process)    79%    738.0 sec left
CG set 4847 / 6116    682.9851 GFlop/s     (682.9851 GFlop/s per process)    79%    737.4 sec left
CG set 4848 / 6116    682.9852 GFlop/s     (682.9852 GFlop/s per process)    79%    736.9 sec left
CG set 4849 / 6116    682.9853 GFlop/s     (682.9853 GFlop/s per process)    79%    736.3 sec left
CG set 4850 / 6116    682.9851 GFlop/s     (682.9851 GFlop/s per process)    79%    735.7 sec left
CG set 4851 / 6116    682.9852 GFlop/s     (682.9852 GFlop/s per process)    79%    735.1 sec left
CG set 4852 / 6116    682.9852 GFlop/s     (682.9852 GFlop/s per process)    79%    734.5 sec left
CG set 4853 / 6116    682.9852 GFlop/s     (682.9852 GFlop/s per process)    79%    733.9 sec left
CG set 4854 / 6116    682.9853 GFlop/s     (682.9853 GFlop/s per process)    79%    733.3 sec left
CG set 4855 / 6116    682.9852 GFlop/s     (682.9852 GFlop/s per process)    79%    732.7 sec left
CG set 4856 / 6116    682.9851 GFlop/s     (682.9851 GFlop/s per process)    79%    732.1 sec left
CG set 4857 / 6116    682.9851 GFlop/s     (682.9851 GFlop/s per process)    79%    731.5 sec left
CG set 4858 / 6116    682.9851 GFlop/s     (682.9851 GFlop/s per process)    79%    730.9 sec left
CG set 4859 / 6116    682.9852 GFlop/s     (682.9852 GFlop/s per process)    79%    730.4 sec left
CG set 4860 / 6116    682.9852 GFlop/s     (682.9852 GFlop/s per process)    79%    729.8 sec left
CG set 4861 / 6116    682.9851 GFlop/s     (682.9851 GFlop/s per process)    79%    729.2 sec left
CG set 4862 / 6116    682.9851 GFlop/s     (682.9851 GFlop/s per process)    79%    728.6 sec left
CG set 4863 / 6116    682.9850 GFlop/s     (682.9850 GFlop/s per process)    79%    728.0 sec left
CG set 4864 / 6116    682.9850 GFlop/s     (682.9850 GFlop/s per process)    79%    727.4 sec left
CG set 4865 / 6116    682.9850 GFlop/s     (682.9850 GFlop/s per process)    79%    726.8 sec left
CG set 4866 / 6116    682.9850 GFlop/s     (682.9850 GFlop/s per process)    79%    726.2 sec left
CG set 4867 / 6116    682.9850 GFlop/s     (682.9850 GFlop/s per process)    79%    725.6 sec left
CG set 4868 / 6116    682.9848 GFlop/s     (682.9848 GFlop/s per process)    79%    725.0 sec left
CG set 4869 / 6116    682.9846 GFlop/s     (682.9846 GFlop/s per process)    79%    724.4 sec left
CG set 4870 / 6116    682.9845 GFlop/s     (682.9845 GFlop/s per process)    79%    723.9 sec left
CG set 4871 / 6116    682.9844 GFlop/s     (682.9844 GFlop/s per process)    79%    723.3 sec left
CG set 4872 / 6116    682.9844 GFlop/s     (682.9844 GFlop/s per process)    79%    722.7 sec left
CG set 4873 / 6116    682.9843 GFlop/s     (682.9843 GFlop/s per process)    79%    722.1 sec left
CG set 4874 / 6116    682.9842 GFlop/s     (682.9842 GFlop/s per process)    79%    721.5 sec left
CG set 4875 / 6116    682.9841 GFlop/s     (682.9841 GFlop/s per process)    79%    720.9 sec left
CG set 4876 / 6116    682.9841 GFlop/s     (682.9841 GFlop/s per process)    79%    720.3 sec left
CG set 4877 / 6116    682.9839 GFlop/s     (682.9839 GFlop/s per process)    79%    719.7 sec left
CG set 4878 / 6116    682.9839 GFlop/s     (682.9839 GFlop/s per process)    79%    719.1 sec left
CG set 4879 / 6116    682.9839 GFlop/s     (682.9839 GFlop/s per process)    79%    718.5 sec left
CG set 4880 / 6116    682.9837 GFlop/s     (682.9837 GFlop/s per process)    79%    717.9 sec left
CG set 4881 / 6116    682.9836 GFlop/s     (682.9836 GFlop/s per process)    79%    717.4 sec left
CG set 4882 / 6116    682.9836 GFlop/s     (682.9836 GFlop/s per process)    79%    716.8 sec left
CG set 4883 / 6116    682.9836 GFlop/s     (682.9836 GFlop/s per process)    79%    716.2 sec left
CG set 4884 / 6116    682.9835 GFlop/s     (682.9835 GFlop/s per process)    79%    715.6 sec left
CG set 4885 / 6116    682.9834 GFlop/s     (682.9834 GFlop/s per process)    79%    715.0 sec left
CG set 4886 / 6116    682.9834 GFlop/s     (682.9834 GFlop/s per process)    79%    714.4 sec left
CG set 4887 / 6116    682.9834 GFlop/s     (682.9834 GFlop/s per process)    79%    713.8 sec left
CG set 4888 / 6116    682.9833 GFlop/s     (682.9833 GFlop/s per process)    79%    713.2 sec left
CG set 4889 / 6116    682.9834 GFlop/s     (682.9834 GFlop/s per process)    79%    712.6 sec left
CG set 4890 / 6116    682.9835 GFlop/s     (682.9835 GFlop/s per process)    79%    712.0 sec left
CG set 4891 / 6116    682.9834 GFlop/s     (682.9834 GFlop/s per process)    79%    711.4 sec left
CG set 4892 / 6116    682.9834 GFlop/s     (682.9834 GFlop/s per process)    79%    710.9 sec left
CG set 4893 / 6116    682.9834 GFlop/s     (682.9834 GFlop/s per process)    80%    710.3 sec left
CG set 4894 / 6116    682.9833 GFlop/s     (682.9833 GFlop/s per process)    80%    709.7 sec left
CG set 4895 / 6116    682.9832 GFlop/s     (682.9832 GFlop/s per process)    80%    709.1 sec left
CG set 4896 / 6116    682.9831 GFlop/s     (682.9831 GFlop/s per process)    80%    708.5 sec left
CG set 4897 / 6116    682.9831 GFlop/s     (682.9831 GFlop/s per process)    80%    707.9 sec left
CG set 4898 / 6116    682.9831 GFlop/s     (682.9831 GFlop/s per process)    80%    707.3 sec left
CG set 4899 / 6116    682.9830 GFlop/s     (682.9830 GFlop/s per process)    80%    706.7 sec left
CG set 4900 / 6116    682.9830 GFlop/s     (682.9830 GFlop/s per process)    80%    706.1 sec left
CG set 4901 / 6116    682.9829 GFlop/s     (682.9829 GFlop/s per process)    80%    705.5 sec left
CG set 4902 / 6116    682.9829 GFlop/s     (682.9829 GFlop/s per process)    80%    704.9 sec left
CG set 4903 / 6116    682.9828 GFlop/s     (682.9828 GFlop/s per process)    80%    704.4 sec left
CG set 4904 / 6116    682.9828 GFlop/s     (682.9828 GFlop/s per process)    80%    703.8 sec left
CG set 4905 / 6116    682.9828 GFlop/s     (682.9828 GFlop/s per process)    80%    703.2 sec left
CG set 4906 / 6116    682.9827 GFlop/s     (682.9827 GFlop/s per process)    80%    702.6 sec left
CG set 4907 / 6116    682.9827 GFlop/s     (682.9827 GFlop/s per process)    80%    702.0 sec left
CG set 4908 / 6116    682.9827 GFlop/s     (682.9827 GFlop/s per process)    80%    701.4 sec left
CG set 4909 / 6116    682.9827 GFlop/s     (682.9827 GFlop/s per process)    80%    700.8 sec left
CG set 4910 / 6116    682.9826 GFlop/s     (682.9826 GFlop/s per process)    80%    700.2 sec left
CG set 4911 / 6116    682.9824 GFlop/s     (682.9824 GFlop/s per process)    80%    699.6 sec left
CG set 4912 / 6116    682.9824 GFlop/s     (682.9824 GFlop/s per process)    80%    699.0 sec left
CG set 4913 / 6116    682.9824 GFlop/s     (682.9824 GFlop/s per process)    80%    698.5 sec left
CG set 4914 / 6116    682.9824 GFlop/s     (682.9824 GFlop/s per process)    80%    697.9 sec left
CG set 4915 / 6116    682.9823 GFlop/s     (682.9823 GFlop/s per process)    80%    697.3 sec left
CG set 4916 / 6116    682.9822 GFlop/s     (682.9822 GFlop/s per process)    80%    696.7 sec left
CG set 4917 / 6116    682.9822 GFlop/s     (682.9822 GFlop/s per process)    80%    696.1 sec left
CG set 4918 / 6116    682.9821 GFlop/s     (682.9821 GFlop/s per process)    80%    695.5 sec left
CG set 4919 / 6116    682.9821 GFlop/s     (682.9821 GFlop/s per process)    80%    694.9 sec left
CG set 4920 / 6116    682.9820 GFlop/s     (682.9820 GFlop/s per process)    80%    694.3 sec left
CG set 4921 / 6116    682.9818 GFlop/s     (682.9818 GFlop/s per process)    80%    693.7 sec left
CG set 4922 / 6116    682.9816 GFlop/s     (682.9816 GFlop/s per process)    80%    693.1 sec left
CG set 4923 / 6116    682.9816 GFlop/s     (682.9816 GFlop/s per process)    80%    692.5 sec left
CG set 4924 / 6116    682.9816 GFlop/s     (682.9816 GFlop/s per process)    80%    692.0 sec left
CG set 4925 / 6116    682.9816 GFlop/s     (682.9816 GFlop/s per process)    80%    691.4 sec left
CG set 4926 / 6116    682.9815 GFlop/s     (682.9815 GFlop/s per process)    80%    690.8 sec left
CG set 4927 / 6116    682.9814 GFlop/s     (682.9814 GFlop/s per process)    80%    690.2 sec left
CG set 4928 / 6116    682.9814 GFlop/s     (682.9814 GFlop/s per process)    80%    689.6 sec left
CG set 4929 / 6116    682.9816 GFlop/s     (682.9816 GFlop/s per process)    80%    689.0 sec left
CG set 4930 / 6116    682.9816 GFlop/s     (682.9816 GFlop/s per process)    80%    688.4 sec left
CG set 4931 / 6116    682.9817 GFlop/s     (682.9817 GFlop/s per process)    80%    687.8 sec left
CG set 4932 / 6116    682.9816 GFlop/s     (682.9816 GFlop/s per process)    80%    687.2 sec left
CG set 4933 / 6116    682.9815 GFlop/s     (682.9815 GFlop/s per process)    80%    686.6 sec left
CG set 4934 / 6116    682.9815 GFlop/s     (682.9815 GFlop/s per process)    80%    686.0 sec left
CG set 4935 / 6116    682.9816 GFlop/s     (682.9816 GFlop/s per process)    80%    685.5 sec left
CG set 4936 / 6116    682.9816 GFlop/s     (682.9816 GFlop/s per process)    80%    684.9 sec left
CG set 4937 / 6116    682.9815 GFlop/s     (682.9815 GFlop/s per process)    80%    684.3 sec left
CG set 4938 / 6116    682.9814 GFlop/s     (682.9814 GFlop/s per process)    80%    683.7 sec left
CG set 4939 / 6116    682.9813 GFlop/s     (682.9813 GFlop/s per process)    80%    683.1 sec left
CG set 4940 / 6116    682.9813 GFlop/s     (682.9813 GFlop/s per process)    80%    682.5 sec left
CG set 4941 / 6116    682.9812 GFlop/s     (682.9812 GFlop/s per process)    80%    681.9 sec left
CG set 4942 / 6116    682.9811 GFlop/s     (682.9811 GFlop/s per process)    80%    681.3 sec left
CG set 4943 / 6116    682.9811 GFlop/s     (682.9811 GFlop/s per process)    80%    680.7 sec left
CG set 4944 / 6116    682.9810 GFlop/s     (682.9810 GFlop/s per process)    80%    680.1 sec left
CG set 4945 / 6116    682.9811 GFlop/s     (682.9811 GFlop/s per process)    80%    679.5 sec left
CG set 4946 / 6116    682.9810 GFlop/s     (682.9810 GFlop/s per process)    80%    679.0 sec left
CG set 4947 / 6116    682.9810 GFlop/s     (682.9810 GFlop/s per process)    80%    678.4 sec left
CG set 4948 / 6116    682.9809 GFlop/s     (682.9809 GFlop/s per process)    80%    677.8 sec left
CG set 4949 / 6116    682.9809 GFlop/s     (682.9809 GFlop/s per process)    80%    677.2 sec left
CG set 4950 / 6116    682.9808 GFlop/s     (682.9808 GFlop/s per process)    80%    676.6 sec left
CG set 4951 / 6116    682.9808 GFlop/s     (682.9808 GFlop/s per process)    80%    676.0 sec left
CG set 4952 / 6116    682.9807 GFlop/s     (682.9807 GFlop/s per process)    80%    675.4 sec left
CG set 4953 / 6116    682.9807 GFlop/s     (682.9807 GFlop/s per process)    80%    674.8 sec left
CG set 4954 / 6116    682.9807 GFlop/s     (682.9807 GFlop/s per process)    81%    674.2 sec left
CG set 4955 / 6116    682.9807 GFlop/s     (682.9807 GFlop/s per process)    81%    673.6 sec left
CG set 4956 / 6116    682.9806 GFlop/s     (682.9806 GFlop/s per process)    81%    673.0 sec left
CG set 4957 / 6116    682.9805 GFlop/s     (682.9805 GFlop/s per process)    81%    672.5 sec left
CG set 4958 / 6116    682.9805 GFlop/s     (682.9805 GFlop/s per process)    81%    671.9 sec left
CG set 4959 / 6116    682.9804 GFlop/s     (682.9804 GFlop/s per process)    81%    671.3 sec left
CG set 4960 / 6116    682.9803 GFlop/s     (682.9803 GFlop/s per process)    81%    670.7 sec left
CG set 4961 / 6116    682.9802 GFlop/s     (682.9802 GFlop/s per process)    81%    670.1 sec left
CG set 4962 / 6116    682.9802 GFlop/s     (682.9802 GFlop/s per process)    81%    669.5 sec left
CG set 4963 / 6116    682.9803 GFlop/s     (682.9803 GFlop/s per process)    81%    668.9 sec left
CG set 4964 / 6116    682.9803 GFlop/s     (682.9803 GFlop/s per process)    81%    668.3 sec left
CG set 4965 / 6116    682.9802 GFlop/s     (682.9802 GFlop/s per process)    81%    667.7 sec left
CG set 4966 / 6116    682.9800 GFlop/s     (682.9800 GFlop/s per process)    81%    667.1 sec left
CG set 4967 / 6116    682.9800 GFlop/s     (682.9800 GFlop/s per process)    81%    666.5 sec left
CG set 4968 / 6116    682.9799 GFlop/s     (682.9799 GFlop/s per process)    81%    666.0 sec left
CG set 4969 / 6116    682.9799 GFlop/s     (682.9799 GFlop/s per process)    81%    665.4 sec left
CG set 4970 / 6116    682.9798 GFlop/s     (682.9798 GFlop/s per process)    81%    664.8 sec left
CG set 4971 / 6116    682.9798 GFlop/s     (682.9798 GFlop/s per process)    81%    664.2 sec left
CG set 4972 / 6116    682.9797 GFlop/s     (682.9797 GFlop/s per process)    81%    663.6 sec left
CG set 4973 / 6116    682.9796 GFlop/s     (682.9796 GFlop/s per process)    81%    663.0 sec left
CG set 4974 / 6116    682.9797 GFlop/s     (682.9797 GFlop/s per process)    81%    662.4 sec left
CG set 4975 / 6116    682.9797 GFlop/s     (682.9797 GFlop/s per process)    81%    661.8 sec left
CG set 4976 / 6116    682.9796 GFlop/s     (682.9796 GFlop/s per process)    81%    661.2 sec left
CG set 4977 / 6116    682.9795 GFlop/s     (682.9795 GFlop/s per process)    81%    660.6 sec left
CG set 4978 / 6116    682.9795 GFlop/s     (682.9795 GFlop/s per process)    81%    660.0 sec left
CG set 4979 / 6116    682.9795 GFlop/s     (682.9795 GFlop/s per process)    81%    659.5 sec left
CG set 4980 / 6116    682.9795 GFlop/s     (682.9795 GFlop/s per process)    81%    658.9 sec left
CG set 4981 / 6116    682.9794 GFlop/s     (682.9794 GFlop/s per process)    81%    658.3 sec left
CG set 4982 / 6116    682.9794 GFlop/s     (682.9794 GFlop/s per process)    81%    657.7 sec left
CG set 4983 / 6116    682.9792 GFlop/s     (682.9792 GFlop/s per process)    81%    657.1 sec left
CG set 4984 / 6116    682.9792 GFlop/s     (682.9792 GFlop/s per process)    81%    656.5 sec left
CG set 4985 / 6116    682.9793 GFlop/s     (682.9793 GFlop/s per process)    81%    655.9 sec left
CG set 4986 / 6116    682.9792 GFlop/s     (682.9792 GFlop/s per process)    81%    655.3 sec left
CG set 4987 / 6116    682.9791 GFlop/s     (682.9791 GFlop/s per process)    81%    654.7 sec left
CG set 4988 / 6116    682.9791 GFlop/s     (682.9791 GFlop/s per process)    81%    654.1 sec left
CG set 4989 / 6116    682.9790 GFlop/s     (682.9790 GFlop/s per process)    81%    653.6 sec left
CG set 4990 / 6116    682.9789 GFlop/s     (682.9789 GFlop/s per process)    81%    653.0 sec left
CG set 4991 / 6116    682.9789 GFlop/s     (682.9789 GFlop/s per process)    81%    652.4 sec left
CG set 4992 / 6116    682.9788 GFlop/s     (682.9788 GFlop/s per process)    81%    651.8 sec left
CG set 4993 / 6116    682.9788 GFlop/s     (682.9788 GFlop/s per process)    81%    651.2 sec left
CG set 4994 / 6116    682.9788 GFlop/s     (682.9788 GFlop/s per process)    81%    650.6 sec left
CG set 4995 / 6116    682.9788 GFlop/s     (682.9788 GFlop/s per process)    81%    650.0 sec left
CG set 4996 / 6116    682.9787 GFlop/s     (682.9787 GFlop/s per process)    81%    649.4 sec left
CG set 4997 / 6116    682.9787 GFlop/s     (682.9787 GFlop/s per process)    81%    648.8 sec left
CG set 4998 / 6116    682.9786 GFlop/s     (682.9786 GFlop/s per process)    81%    648.2 sec left
CG set 4999 / 6116    682.9784 GFlop/s     (682.9784 GFlop/s per process)    81%    647.6 sec left
CG set 5000 / 6116    682.9784 GFlop/s     (682.9784 GFlop/s per process)    81%    647.1 sec left
CG set 5001 / 6116    682.9783 GFlop/s     (682.9783 GFlop/s per process)    81%    646.5 sec left
CG set 5002 / 6116    682.9783 GFlop/s     (682.9783 GFlop/s per process)    81%    645.9 sec left
CG set 5003 / 6116    682.9783 GFlop/s     (682.9783 GFlop/s per process)    81%    645.3 sec left
CG set 5004 / 6116    682.9783 GFlop/s     (682.9783 GFlop/s per process)    81%    644.7 sec left
CG set 5005 / 6116    682.9783 GFlop/s     (682.9783 GFlop/s per process)    81%    644.1 sec left
CG set 5006 / 6116    682.9784 GFlop/s     (682.9784 GFlop/s per process)    81%    643.5 sec left
CG set 5007 / 6116    682.9783 GFlop/s     (682.9783 GFlop/s per process)    81%    642.9 sec left
CG set 5008 / 6116    682.9783 GFlop/s     (682.9783 GFlop/s per process)    81%    642.3 sec left
CG set 5009 / 6116    682.9783 GFlop/s     (682.9783 GFlop/s per process)    81%    641.7 sec left
CG set 5010 / 6116    682.9782 GFlop/s     (682.9782 GFlop/s per process)    81%    641.1 sec left
CG set 5011 / 6116    682.9782 GFlop/s     (682.9782 GFlop/s per process)    81%    640.6 sec left
CG set 5012 / 6116    682.9781 GFlop/s     (682.9781 GFlop/s per process)    81%    640.0 sec left
CG set 5013 / 6116    682.9780 GFlop/s     (682.9780 GFlop/s per process)    81%    639.4 sec left
CG set 5014 / 6116    682.9778 GFlop/s     (682.9778 GFlop/s per process)    81%    638.8 sec left
CG set 5015 / 6116    682.9778 GFlop/s     (682.9778 GFlop/s per process)    81%    638.2 sec left
CG set 5016 / 6116    682.9776 GFlop/s     (682.9776 GFlop/s per process)    82%    637.6 sec left
CG set 5017 / 6116    682.9777 GFlop/s     (682.9777 GFlop/s per process)    82%    637.0 sec left
CG set 5018 / 6116    682.9776 GFlop/s     (682.9776 GFlop/s per process)    82%    636.4 sec left
CG set 5019 / 6116    682.9776 GFlop/s     (682.9776 GFlop/s per process)    82%    635.8 sec left
CG set 5020 / 6116    682.9777 GFlop/s     (682.9777 GFlop/s per process)    82%    635.2 sec left
CG set 5021 / 6116    682.9777 GFlop/s     (682.9777 GFlop/s per process)    82%    634.6 sec left
CG set 5022 / 6116    682.9776 GFlop/s     (682.9776 GFlop/s per process)    82%    634.1 sec left
CG set 5023 / 6116    682.9774 GFlop/s     (682.9774 GFlop/s per process)    82%    633.5 sec left
CG set 5024 / 6116    682.9774 GFlop/s     (682.9774 GFlop/s per process)    82%    632.9 sec left
CG set 5025 / 6116    682.9773 GFlop/s     (682.9773 GFlop/s per process)    82%    632.3 sec left
CG set 5026 / 6116    682.9773 GFlop/s     (682.9773 GFlop/s per process)    82%    631.7 sec left
CG set 5027 / 6116    682.9772 GFlop/s     (682.9772 GFlop/s per process)    82%    631.1 sec left
CG set 5028 / 6116    682.9771 GFlop/s     (682.9771 GFlop/s per process)    82%    630.5 sec left
CG set 5029 / 6116    682.9772 GFlop/s     (682.9772 GFlop/s per process)    82%    629.9 sec left
CG set 5030 / 6116    682.9771 GFlop/s     (682.9771 GFlop/s per process)    82%    629.3 sec left
CG set 5031 / 6116    682.9771 GFlop/s     (682.9771 GFlop/s per process)    82%    628.7 sec left
CG set 5032 / 6116    682.9772 GFlop/s     (682.9772 GFlop/s per process)    82%    628.1 sec left
CG set 5033 / 6116    682.9771 GFlop/s     (682.9771 GFlop/s per process)    82%    627.6 sec left
CG set 5034 / 6116    682.9771 GFlop/s     (682.9771 GFlop/s per process)    82%    627.0 sec left
CG set 5035 / 6116    682.9768 GFlop/s     (682.9768 GFlop/s per process)    82%    626.4 sec left
CG set 5036 / 6116    682.9769 GFlop/s     (682.9769 GFlop/s per process)    82%    625.8 sec left
CG set 5037 / 6116    682.9769 GFlop/s     (682.9769 GFlop/s per process)    82%    625.2 sec left
CG set 5038 / 6116    682.9770 GFlop/s     (682.9770 GFlop/s per process)    82%    624.6 sec left
CG set 5039 / 6116    682.9768 GFlop/s     (682.9768 GFlop/s per process)    82%    624.0 sec left
CG set 5040 / 6116    682.9768 GFlop/s     (682.9768 GFlop/s per process)    82%    623.4 sec left
CG set 5041 / 6116    682.9769 GFlop/s     (682.9769 GFlop/s per process)    82%    622.8 sec left
CG set 5042 / 6116    682.9767 GFlop/s     (682.9767 GFlop/s per process)    82%    622.2 sec left
CG set 5043 / 6116    682.9766 GFlop/s     (682.9766 GFlop/s per process)    82%    621.6 sec left
CG set 5044 / 6116    682.9767 GFlop/s     (682.9767 GFlop/s per process)    82%    621.1 sec left
CG set 5045 / 6116    682.9767 GFlop/s     (682.9767 GFlop/s per process)    82%    620.5 sec left
CG set 5046 / 6116    682.9767 GFlop/s     (682.9767 GFlop/s per process)    82%    619.9 sec left
CG set 5047 / 6116    682.9766 GFlop/s     (682.9766 GFlop/s per process)    82%    619.3 sec left
CG set 5048 / 6116    682.9766 GFlop/s     (682.9766 GFlop/s per process)    82%    618.7 sec left
CG set 5049 / 6116    682.9766 GFlop/s     (682.9766 GFlop/s per process)    82%    618.1 sec left
CG set 5050 / 6116    682.9765 GFlop/s     (682.9765 GFlop/s per process)    82%    617.5 sec left
CG set 5051 / 6116    682.9766 GFlop/s     (682.9766 GFlop/s per process)    82%    616.9 sec left
CG set 5052 / 6116    682.9766 GFlop/s     (682.9766 GFlop/s per process)    82%    616.3 sec left
CG set 5053 / 6116    682.9766 GFlop/s     (682.9766 GFlop/s per process)    82%    615.7 sec left
CG set 5054 / 6116    682.9766 GFlop/s     (682.9766 GFlop/s per process)    82%    615.2 sec left
CG set 5055 / 6116    682.9767 GFlop/s     (682.9767 GFlop/s per process)    82%    614.6 sec left
CG set 5056 / 6116    682.9766 GFlop/s     (682.9766 GFlop/s per process)    82%    614.0 sec left
CG set 5057 / 6116    682.9767 GFlop/s     (682.9767 GFlop/s per process)    82%    613.4 sec left
CG set 5058 / 6116    682.9768 GFlop/s     (682.9768 GFlop/s per process)    82%    612.8 sec left
CG set 5059 / 6116    682.9769 GFlop/s     (682.9769 GFlop/s per process)    82%    612.2 sec left
CG set 5060 / 6116    682.9770 GFlop/s     (682.9770 GFlop/s per process)    82%    611.6 sec left
CG set 5061 / 6116    682.9771 GFlop/s     (682.9771 GFlop/s per process)    82%    611.0 sec left
CG set 5062 / 6116    682.9772 GFlop/s     (682.9772 GFlop/s per process)    82%    610.4 sec left
CG set 5063 / 6116    682.9774 GFlop/s     (682.9774 GFlop/s per process)    82%    609.8 sec left
CG set 5064 / 6116    682.9775 GFlop/s     (682.9775 GFlop/s per process)    82%    609.2 sec left
CG set 5065 / 6116    682.9775 GFlop/s     (682.9775 GFlop/s per process)    82%    608.7 sec left
CG set 5066 / 6116    682.9778 GFlop/s     (682.9778 GFlop/s per process)    82%    608.1 sec left
CG set 5067 / 6116    682.9779 GFlop/s     (682.9779 GFlop/s per process)    82%    607.5 sec left
CG set 5068 / 6116    682.9781 GFlop/s     (682.9781 GFlop/s per process)    82%    606.9 sec left
CG set 5069 / 6116    682.9783 GFlop/s     (682.9783 GFlop/s per process)    82%    606.3 sec left
CG set 5070 / 6116    682.9784 GFlop/s     (682.9784 GFlop/s per process)    82%    605.7 sec left
CG set 5071 / 6116    682.9787 GFlop/s     (682.9787 GFlop/s per process)    82%    605.1 sec left
CG set 5072 / 6116    682.9788 GFlop/s     (682.9788 GFlop/s per process)    82%    604.5 sec left
CG set 5073 / 6116    682.9790 GFlop/s     (682.9790 GFlop/s per process)    82%    603.9 sec left
CG set 5074 / 6116    682.9793 GFlop/s     (682.9793 GFlop/s per process)    82%    603.4 sec left
CG set 5075 / 6116    682.9795 GFlop/s     (682.9795 GFlop/s per process)    82%    602.8 sec left
CG set 5076 / 6116    682.9798 GFlop/s     (682.9798 GFlop/s per process)    82%    602.2 sec left
CG set 5077 / 6116    682.9800 GFlop/s     (682.9800 GFlop/s per process)    83%    601.6 sec left
CG set 5078 / 6116    682.9802 GFlop/s     (682.9802 GFlop/s per process)    83%    601.0 sec left
CG set 5079 / 6116    682.9803 GFlop/s     (682.9803 GFlop/s per process)    83%    600.4 sec left
CG set 5080 / 6116    682.9806 GFlop/s     (682.9806 GFlop/s per process)    83%    599.8 sec left
CG set 5081 / 6116    682.9808 GFlop/s     (682.9808 GFlop/s per process)    83%    599.2 sec left
CG set 5082 / 6116    682.9810 GFlop/s     (682.9810 GFlop/s per process)    83%    598.6 sec left
CG set 5083 / 6116    682.9812 GFlop/s     (682.9812 GFlop/s per process)    83%    598.0 sec left
CG set 5084 / 6116    682.9814 GFlop/s     (682.9814 GFlop/s per process)    83%    597.5 sec left
CG set 5085 / 6116    682.9816 GFlop/s     (682.9816 GFlop/s per process)    83%    596.9 sec left
CG set 5086 / 6116    682.9818 GFlop/s     (682.9818 GFlop/s per process)    83%    596.3 sec left
CG set 5087 / 6116    682.9820 GFlop/s     (682.9820 GFlop/s per process)    83%    595.7 sec left
CG set 5088 / 6116    682.9823 GFlop/s     (682.9823 GFlop/s per process)    83%    595.1 sec left
CG set 5089 / 6116    682.9824 GFlop/s     (682.9824 GFlop/s per process)    83%    594.5 sec left
CG set 5090 / 6116    682.9827 GFlop/s     (682.9827 GFlop/s per process)    83%    593.9 sec left
CG set 5091 / 6116    682.9828 GFlop/s     (682.9828 GFlop/s per process)    83%    593.3 sec left
CG set 5092 / 6116    682.9832 GFlop/s     (682.9832 GFlop/s per process)    83%    592.7 sec left
CG set 5093 / 6116    682.9834 GFlop/s     (682.9834 GFlop/s per process)    83%    592.1 sec left
CG set 5094 / 6116    682.9837 GFlop/s     (682.9837 GFlop/s per process)    83%    591.6 sec left
CG set 5095 / 6116    682.9839 GFlop/s     (682.9839 GFlop/s per process)    83%    591.0 sec left
CG set 5096 / 6116    682.9842 GFlop/s     (682.9842 GFlop/s per process)    83%    590.4 sec left
CG set 5097 / 6116    682.9844 GFlop/s     (682.9844 GFlop/s per process)    83%    589.8 sec left
CG set 5098 / 6116    682.9846 GFlop/s     (682.9846 GFlop/s per process)    83%    589.2 sec left
CG set 5099 / 6116    682.9849 GFlop/s     (682.9849 GFlop/s per process)    83%    588.6 sec left
CG set 5100 / 6116    682.9851 GFlop/s     (682.9851 GFlop/s per process)    83%    588.0 sec left
CG set 5101 / 6116    682.9853 GFlop/s     (682.9853 GFlop/s per process)    83%    587.4 sec left
CG set 5102 / 6116    682.9856 GFlop/s     (682.9856 GFlop/s per process)    83%    586.8 sec left
CG set 5103 / 6116    682.9859 GFlop/s     (682.9859 GFlop/s per process)    83%    586.3 sec left
CG set 5104 / 6116    682.9862 GFlop/s     (682.9862 GFlop/s per process)    83%    585.7 sec left
CG set 5105 / 6116    682.9863 GFlop/s     (682.9863 GFlop/s per process)    83%    585.1 sec left
CG set 5106 / 6116    682.9865 GFlop/s     (682.9865 GFlop/s per process)    83%    584.5 sec left
CG set 5107 / 6116    682.9867 GFlop/s     (682.9867 GFlop/s per process)    83%    583.9 sec left
CG set 5108 / 6116    682.9869 GFlop/s     (682.9869 GFlop/s per process)    83%    583.3 sec left
CG set 5109 / 6116    682.9871 GFlop/s     (682.9871 GFlop/s per process)    83%    582.7 sec left
CG set 5110 / 6116    682.9873 GFlop/s     (682.9873 GFlop/s per process)    83%    582.1 sec left
CG set 5111 / 6116    682.9875 GFlop/s     (682.9875 GFlop/s per process)    83%    581.5 sec left
CG set 5112 / 6116    682.9877 GFlop/s     (682.9877 GFlop/s per process)    83%    580.9 sec left
CG set 5113 / 6116    682.9880 GFlop/s     (682.9880 GFlop/s per process)    83%    580.4 sec left
CG set 5114 / 6116    682.9883 GFlop/s     (682.9883 GFlop/s per process)    83%    579.8 sec left
CG set 5115 / 6116    682.9885 GFlop/s     (682.9885 GFlop/s per process)    83%    579.2 sec left
CG set 5116 / 6116    682.9887 GFlop/s     (682.9887 GFlop/s per process)    83%    578.6 sec left
CG set 5117 / 6116    682.9889 GFlop/s     (682.9889 GFlop/s per process)    83%    578.0 sec left
CG set 5118 / 6116    682.9891 GFlop/s     (682.9891 GFlop/s per process)    83%    577.4 sec left
CG set 5119 / 6116    682.9892 GFlop/s     (682.9892 GFlop/s per process)    83%    576.8 sec left
CG set 5120 / 6116    682.9894 GFlop/s     (682.9894 GFlop/s per process)    83%    576.2 sec left
CG set 5121 / 6116    682.9895 GFlop/s     (682.9895 GFlop/s per process)    83%    575.6 sec left
CG set 5122 / 6116    682.9897 GFlop/s     (682.9897 GFlop/s per process)    83%    575.1 sec left
CG set 5123 / 6116    682.9897 GFlop/s     (682.9897 GFlop/s per process)    83%    574.5 sec left
CG set 5124 / 6116    682.9898 GFlop/s     (682.9898 GFlop/s per process)    83%    573.9 sec left
CG set 5125 / 6116    682.9900 GFlop/s     (682.9900 GFlop/s per process)    83%    573.3 sec left
CG set 5126 / 6116    682.9901 GFlop/s     (682.9901 GFlop/s per process)    83%    572.7 sec left
CG set 5127 / 6116    682.9904 GFlop/s     (682.9904 GFlop/s per process)    83%    572.1 sec left
CG set 5128 / 6116    682.9905 GFlop/s     (682.9905 GFlop/s per process)    83%    571.5 sec left
CG set 5129 / 6116    682.9906 GFlop/s     (682.9906 GFlop/s per process)    83%    570.9 sec left
CG set 5130 / 6116    682.9908 GFlop/s     (682.9908 GFlop/s per process)    83%    570.3 sec left
CG set 5131 / 6116    682.9910 GFlop/s     (682.9910 GFlop/s per process)    83%    569.7 sec left
CG set 5132 / 6116    682.9912 GFlop/s     (682.9912 GFlop/s per process)    83%    569.2 sec left
CG set 5133 / 6116    682.9913 GFlop/s     (682.9913 GFlop/s per process)    83%    568.6 sec left
CG set 5134 / 6116    682.9916 GFlop/s     (682.9916 GFlop/s per process)    83%    568.0 sec left
CG set 5135 / 6116    682.9919 GFlop/s     (682.9919 GFlop/s per process)    83%    567.4 sec left
CG set 5136 / 6116    682.9921 GFlop/s     (682.9921 GFlop/s per process)    83%    566.8 sec left
CG set 5137 / 6116    682.9922 GFlop/s     (682.9922 GFlop/s per process)    83%    566.2 sec left
CG set 5138 / 6116    682.9924 GFlop/s     (682.9924 GFlop/s per process)    84%    565.6 sec left
CG set 5139 / 6116    682.9925 GFlop/s     (682.9925 GFlop/s per process)    84%    565.0 sec left
CG set 5140 / 6116    682.9925 GFlop/s     (682.9925 GFlop/s per process)    84%    564.4 sec left
CG set 5141 / 6116    682.9927 GFlop/s     (682.9927 GFlop/s per process)    84%    563.8 sec left
CG set 5142 / 6116    682.9928 GFlop/s     (682.9928 GFlop/s per process)    84%    563.3 sec left
CG set 5143 / 6116    682.9931 GFlop/s     (682.9931 GFlop/s per process)    84%    562.7 sec left
CG set 5144 / 6116    682.9932 GFlop/s     (682.9932 GFlop/s per process)    84%    562.1 sec left
CG set 5145 / 6116    682.9933 GFlop/s     (682.9933 GFlop/s per process)    84%    561.5 sec left
CG set 5146 / 6116    682.9934 GFlop/s     (682.9934 GFlop/s per process)    84%    560.9 sec left
CG set 5147 / 6116    682.9936 GFlop/s     (682.9936 GFlop/s per process)    84%    560.3 sec left
CG set 5148 / 6116    682.9937 GFlop/s     (682.9937 GFlop/s per process)    84%    559.7 sec left
CG set 5149 / 6116    682.9938 GFlop/s     (682.9938 GFlop/s per process)    84%    559.1 sec left
CG set 5150 / 6116    682.9939 GFlop/s     (682.9939 GFlop/s per process)    84%    558.5 sec left
CG set 5151 / 6116    682.9939 GFlop/s     (682.9939 GFlop/s per process)    84%    557.9 sec left
CG set 5152 / 6116    682.9941 GFlop/s     (682.9941 GFlop/s per process)    84%    557.4 sec left
CG set 5153 / 6116    682.9942 GFlop/s     (682.9942 GFlop/s per process)    84%    556.8 sec left
CG set 5154 / 6116    682.9942 GFlop/s     (682.9942 GFlop/s per process)    84%    556.2 sec left
CG set 5155 / 6116    682.9943 GFlop/s     (682.9943 GFlop/s per process)    84%    555.6 sec left
CG set 5156 / 6116    682.9945 GFlop/s     (682.9945 GFlop/s per process)    84%    555.0 sec left
CG set 5157 / 6116    682.9946 GFlop/s     (682.9946 GFlop/s per process)    84%    554.4 sec left
CG set 5158 / 6116    682.9946 GFlop/s     (682.9946 GFlop/s per process)    84%    553.8 sec left
CG set 5159 / 6116    682.9948 GFlop/s     (682.9948 GFlop/s per process)    84%    553.2 sec left
CG set 5160 / 6116    682.9950 GFlop/s     (682.9950 GFlop/s per process)    84%    552.6 sec left
CG set 5161 / 6116    682.9951 GFlop/s     (682.9951 GFlop/s per process)    84%    552.0 sec left
CG set 5162 / 6116    682.9952 GFlop/s     (682.9952 GFlop/s per process)    84%    551.5 sec left
CG set 5163 / 6116    682.9952 GFlop/s     (682.9952 GFlop/s per process)    84%    550.9 sec left
CG set 5164 / 6116    682.9955 GFlop/s     (682.9955 GFlop/s per process)    84%    550.3 sec left
CG set 5165 / 6116    682.9956 GFlop/s     (682.9956 GFlop/s per process)    84%    549.7 sec left
CG set 5166 / 6116    682.9956 GFlop/s     (682.9956 GFlop/s per process)    84%    549.1 sec left
CG set 5167 / 6116    682.9957 GFlop/s     (682.9957 GFlop/s per process)    84%    548.5 sec left
CG set 5168 / 6116    682.9958 GFlop/s     (682.9958 GFlop/s per process)    84%    547.9 sec left
CG set 5169 / 6116    682.9959 GFlop/s     (682.9959 GFlop/s per process)    84%    547.3 sec left
CG set 5170 / 6116    682.9959 GFlop/s     (682.9959 GFlop/s per process)    84%    546.7 sec left
CG set 5171 / 6116    682.9960 GFlop/s     (682.9960 GFlop/s per process)    84%    546.1 sec left
CG set 5172 / 6116    682.9961 GFlop/s     (682.9961 GFlop/s per process)    84%    545.6 sec left
CG set 5173 / 6116    682.9963 GFlop/s     (682.9963 GFlop/s per process)    84%    545.0 sec left
CG set 5174 / 6116    682.9964 GFlop/s     (682.9964 GFlop/s per process)    84%    544.4 sec left
CG set 5175 / 6116    682.9966 GFlop/s     (682.9966 GFlop/s per process)    84%    543.8 sec left
CG set 5176 / 6116    682.9967 GFlop/s     (682.9967 GFlop/s per process)    84%    543.2 sec left
CG set 5177 / 6116    682.9970 GFlop/s     (682.9970 GFlop/s per process)    84%    542.6 sec left
CG set 5178 / 6116    682.9971 GFlop/s     (682.9971 GFlop/s per process)    84%    542.0 sec left
CG set 5179 / 6116    682.9973 GFlop/s     (682.9973 GFlop/s per process)    84%    541.4 sec left
CG set 5180 / 6116    682.9975 GFlop/s     (682.9975 GFlop/s per process)    84%    540.8 sec left
CG set 5181 / 6116    682.9978 GFlop/s     (682.9978 GFlop/s per process)    84%    540.2 sec left
CG set 5182 / 6116    682.9979 GFlop/s     (682.9979 GFlop/s per process)    84%    539.7 sec left
CG set 5183 / 6116    682.9982 GFlop/s     (682.9982 GFlop/s per process)    84%    539.1 sec left
CG set 5184 / 6116    682.9983 GFlop/s     (682.9983 GFlop/s per process)    84%    538.5 sec left
CG set 5185 / 6116    682.9984 GFlop/s     (682.9984 GFlop/s per process)    84%    537.9 sec left
CG set 5186 / 6116    682.9986 GFlop/s     (682.9986 GFlop/s per process)    84%    537.3 sec left
CG set 5187 / 6116    682.9987 GFlop/s     (682.9987 GFlop/s per process)    84%    536.7 sec left
CG set 5188 / 6116    682.9988 GFlop/s     (682.9988 GFlop/s per process)    84%    536.1 sec left
CG set 5189 / 6116    682.9988 GFlop/s     (682.9988 GFlop/s per process)    84%    535.5 sec left
CG set 5190 / 6116    682.9990 GFlop/s     (682.9990 GFlop/s per process)    84%    534.9 sec left
CG set 5191 / 6116    682.9991 GFlop/s     (682.9991 GFlop/s per process)    84%    534.3 sec left
CG set 5192 / 6116    682.9992 GFlop/s     (682.9992 GFlop/s per process)    84%    533.8 sec left
CG set 5193 / 6116    682.9994 GFlop/s     (682.9994 GFlop/s per process)    84%    533.2 sec left
CG set 5194 / 6116    682.9996 GFlop/s     (682.9996 GFlop/s per process)    84%    532.6 sec left
CG set 5195 / 6116    682.9997 GFlop/s     (682.9997 GFlop/s per process)    84%    532.0 sec left
CG set 5196 / 6116    682.9999 GFlop/s     (682.9999 GFlop/s per process)    84%    531.4 sec left
CG set 5197 / 6116    683.0001 GFlop/s     (683.0001 GFlop/s per process)    84%    530.8 sec left
CG set 5198 / 6116    683.0003 GFlop/s     (683.0003 GFlop/s per process)    84%    530.2 sec left
CG set 5199 / 6116    683.0005 GFlop/s     (683.0005 GFlop/s per process)    85%    529.6 sec left
CG set 5200 / 6116    683.0007 GFlop/s     (683.0007 GFlop/s per process)    85%    529.0 sec left
CG set 5201 / 6116    683.0007 GFlop/s     (683.0007 GFlop/s per process)    85%    528.4 sec left
CG set 5202 / 6116    683.0009 GFlop/s     (683.0009 GFlop/s per process)    85%    527.9 sec left
CG set 5203 / 6116    683.0011 GFlop/s     (683.0011 GFlop/s per process)    85%    527.3 sec left
CG set 5204 / 6116    683.0012 GFlop/s     (683.0012 GFlop/s per process)    85%    526.7 sec left
CG set 5205 / 6116    683.0015 GFlop/s     (683.0015 GFlop/s per process)    85%    526.1 sec left
CG set 5206 / 6116    683.0016 GFlop/s     (683.0016 GFlop/s per process)    85%    525.5 sec left
CG set 5207 / 6116    683.0019 GFlop/s     (683.0019 GFlop/s per process)    85%    524.9 sec left
CG set 5208 / 6116    683.0021 GFlop/s     (683.0021 GFlop/s per process)    85%    524.3 sec left
CG set 5209 / 6116    683.0024 GFlop/s     (683.0024 GFlop/s per process)    85%    523.7 sec left
CG set 5210 / 6116    683.0024 GFlop/s     (683.0024 GFlop/s per process)    85%    523.1 sec left
CG set 5211 / 6116    683.0027 GFlop/s     (683.0027 GFlop/s per process)    85%    522.5 sec left
CG set 5212 / 6116    683.0029 GFlop/s     (683.0029 GFlop/s per process)    85%    522.0 sec left
CG set 5213 / 6116    683.0030 GFlop/s     (683.0030 GFlop/s per process)    85%    521.4 sec left
CG set 5214 / 6116    683.0032 GFlop/s     (683.0032 GFlop/s per process)    85%    520.8 sec left
CG set 5215 / 6116    683.0034 GFlop/s     (683.0034 GFlop/s per process)    85%    520.2 sec left
CG set 5216 / 6116    683.0036 GFlop/s     (683.0036 GFlop/s per process)    85%    519.6 sec left
CG set 5217 / 6116    683.0037 GFlop/s     (683.0037 GFlop/s per process)    85%    519.0 sec left
CG set 5218 / 6116    683.0039 GFlop/s     (683.0039 GFlop/s per process)    85%    518.4 sec left
CG set 5219 / 6116    683.0041 GFlop/s     (683.0041 GFlop/s per process)    85%    517.8 sec left
CG set 5220 / 6116    683.0042 GFlop/s     (683.0042 GFlop/s per process)    85%    517.2 sec left
CG set 5221 / 6116    683.0043 GFlop/s     (683.0043 GFlop/s per process)    85%    516.6 sec left
CG set 5222 / 6116    683.0045 GFlop/s     (683.0045 GFlop/s per process)    85%    516.1 sec left
CG set 5223 / 6116    683.0047 GFlop/s     (683.0047 GFlop/s per process)    85%    515.5 sec left
CG set 5224 / 6116    683.0049 GFlop/s     (683.0049 GFlop/s per process)    85%    514.9 sec left
CG set 5225 / 6116    683.0050 GFlop/s     (683.0050 GFlop/s per process)    85%    514.3 sec left
CG set 5226 / 6116    683.0052 GFlop/s     (683.0052 GFlop/s per process)    85%    513.7 sec left
CG set 5227 / 6116    683.0055 GFlop/s     (683.0055 GFlop/s per process)    85%    513.1 sec left
CG set 5228 / 6116    683.0057 GFlop/s     (683.0057 GFlop/s per process)    85%    512.5 sec left
CG set 5229 / 6116    683.0058 GFlop/s     (683.0058 GFlop/s per process)    85%    511.9 sec left
CG set 5230 / 6116    683.0059 GFlop/s     (683.0059 GFlop/s per process)    85%    511.3 sec left
CG set 5231 / 6116    683.0060 GFlop/s     (683.0060 GFlop/s per process)    85%    510.8 sec left
CG set 5232 / 6116    683.0062 GFlop/s     (683.0062 GFlop/s per process)    85%    510.2 sec left
CG set 5233 / 6116    683.0063 GFlop/s     (683.0063 GFlop/s per process)    85%    509.6 sec left
CG set 5234 / 6116    683.0065 GFlop/s     (683.0065 GFlop/s per process)    85%    509.0 sec left
CG set 5235 / 6116    683.0067 GFlop/s     (683.0067 GFlop/s per process)    85%    508.4 sec left
CG set 5236 / 6116    683.0069 GFlop/s     (683.0069 GFlop/s per process)    85%    507.8 sec left
CG set 5237 / 6116    683.0070 GFlop/s     (683.0070 GFlop/s per process)    85%    507.2 sec left
CG set 5238 / 6116    683.0072 GFlop/s     (683.0072 GFlop/s per process)    85%    506.6 sec left
CG set 5239 / 6116    683.0074 GFlop/s     (683.0074 GFlop/s per process)    85%    506.0 sec left
CG set 5240 / 6116    683.0075 GFlop/s     (683.0075 GFlop/s per process)    85%    505.4 sec left
CG set 5241 / 6116    683.0077 GFlop/s     (683.0077 GFlop/s per process)    85%    504.9 sec left
CG set 5242 / 6116    683.0078 GFlop/s     (683.0078 GFlop/s per process)    85%    504.3 sec left
CG set 5243 / 6116    683.0079 GFlop/s     (683.0079 GFlop/s per process)    85%    503.7 sec left
CG set 5244 / 6116    683.0080 GFlop/s     (683.0080 GFlop/s per process)    85%    503.1 sec left
CG set 5245 / 6116    683.0081 GFlop/s     (683.0081 GFlop/s per process)    85%    502.5 sec left
CG set 5246 / 6116    683.0082 GFlop/s     (683.0082 GFlop/s per process)    85%    501.9 sec left
CG set 5247 / 6116    683.0084 GFlop/s     (683.0084 GFlop/s per process)    85%    501.3 sec left
CG set 5248 / 6116    683.0085 GFlop/s     (683.0085 GFlop/s per process)    85%    500.7 sec left
CG set 5249 / 6116    683.0087 GFlop/s     (683.0087 GFlop/s per process)    85%    500.1 sec left
CG set 5250 / 6116    683.0087 GFlop/s     (683.0087 GFlop/s per process)    85%    499.5 sec left
CG set 5251 / 6116    683.0087 GFlop/s     (683.0087 GFlop/s per process)    85%    499.0 sec left
CG set 5252 / 6116    683.0089 GFlop/s     (683.0089 GFlop/s per process)    85%    498.4 sec left
CG set 5253 / 6116    683.0090 GFlop/s     (683.0090 GFlop/s per process)    85%    497.8 sec left
CG set 5254 / 6116    683.0090 GFlop/s     (683.0090 GFlop/s per process)    85%    497.2 sec left
CG set 5255 / 6116    683.0090 GFlop/s     (683.0090 GFlop/s per process)    85%    496.6 sec left
CG set 5256 / 6116    683.0093 GFlop/s     (683.0093 GFlop/s per process)    85%    496.0 sec left
CG set 5257 / 6116    683.0094 GFlop/s     (683.0094 GFlop/s per process)    85%    495.4 sec left
CG set 5258 / 6116    683.0095 GFlop/s     (683.0095 GFlop/s per process)    85%    494.8 sec left
CG set 5259 / 6116    683.0096 GFlop/s     (683.0096 GFlop/s per process)    85%    494.2 sec left
CG set 5260 / 6116    683.0098 GFlop/s     (683.0098 GFlop/s per process)    86%    493.6 sec left
CG set 5261 / 6116    683.0099 GFlop/s     (683.0099 GFlop/s per process)    86%    493.1 sec left
CG set 5262 / 6116    683.0101 GFlop/s     (683.0101 GFlop/s per process)    86%    492.5 sec left
CG set 5263 / 6116    683.0102 GFlop/s     (683.0102 GFlop/s per process)    86%    491.9 sec left
CG set 5264 / 6116    683.0103 GFlop/s     (683.0103 GFlop/s per process)    86%    491.3 sec left
CG set 5265 / 6116    683.0104 GFlop/s     (683.0104 GFlop/s per process)    86%    490.7 sec left
CG set 5266 / 6116    683.0105 GFlop/s     (683.0105 GFlop/s per process)    86%    490.1 sec left
CG set 5267 / 6116    683.0106 GFlop/s     (683.0106 GFlop/s per process)    86%    489.5 sec left
CG set 5268 / 6116    683.0108 GFlop/s     (683.0108 GFlop/s per process)    86%    488.9 sec left
CG set 5269 / 6116    683.0109 GFlop/s     (683.0109 GFlop/s per process)    86%    488.3 sec left
CG set 5270 / 6116    683.0111 GFlop/s     (683.0111 GFlop/s per process)    86%    487.7 sec left
CG set 5271 / 6116    683.0111 GFlop/s     (683.0111 GFlop/s per process)    86%    487.2 sec left
CG set 5272 / 6116    683.0111 GFlop/s     (683.0111 GFlop/s per process)    86%    486.6 sec left
CG set 5273 / 6116    683.0111 GFlop/s     (683.0111 GFlop/s per process)    86%    486.0 sec left
CG set 5274 / 6116    683.0112 GFlop/s     (683.0112 GFlop/s per process)    86%    485.4 sec left
CG set 5275 / 6116    683.0114 GFlop/s     (683.0114 GFlop/s per process)    86%    484.8 sec left
CG set 5276 / 6116    683.0115 GFlop/s     (683.0115 GFlop/s per process)    86%    484.2 sec left
CG set 5277 / 6116    683.0115 GFlop/s     (683.0115 GFlop/s per process)    86%    483.6 sec left
CG set 5278 / 6116    683.0116 GFlop/s     (683.0116 GFlop/s per process)    86%    483.0 sec left
CG set 5279 / 6116    683.0117 GFlop/s     (683.0117 GFlop/s per process)    86%    482.4 sec left
CG set 5280 / 6116    683.0117 GFlop/s     (683.0117 GFlop/s per process)    86%    481.8 sec left
CG set 5281 / 6116    683.0119 GFlop/s     (683.0119 GFlop/s per process)    86%    481.3 sec left
CG set 5282 / 6116    683.0121 GFlop/s     (683.0121 GFlop/s per process)    86%    480.7 sec left
CG set 5283 / 6116    683.0121 GFlop/s     (683.0121 GFlop/s per process)    86%    480.1 sec left
CG set 5284 / 6116    683.0123 GFlop/s     (683.0123 GFlop/s per process)    86%    479.5 sec left
CG set 5285 / 6116    683.0124 GFlop/s     (683.0124 GFlop/s per process)    86%    478.9 sec left
CG set 5286 / 6116    683.0126 GFlop/s     (683.0126 GFlop/s per process)    86%    478.3 sec left
CG set 5287 / 6116    683.0127 GFlop/s     (683.0127 GFlop/s per process)    86%    477.7 sec left
CG set 5288 / 6116    683.0128 GFlop/s     (683.0128 GFlop/s per process)    86%    477.1 sec left
CG set 5289 / 6116    683.0128 GFlop/s     (683.0128 GFlop/s per process)    86%    476.5 sec left
CG set 5290 / 6116    683.0130 GFlop/s     (683.0130 GFlop/s per process)    86%    475.9 sec left
CG set 5291 / 6116    683.0131 GFlop/s     (683.0131 GFlop/s per process)    86%    475.4 sec left
CG set 5292 / 6116    683.0131 GFlop/s     (683.0131 GFlop/s per process)    86%    474.8 sec left
CG set 5293 / 6116    683.0132 GFlop/s     (683.0132 GFlop/s per process)    86%    474.2 sec left
CG set 5294 / 6116    683.0133 GFlop/s     (683.0133 GFlop/s per process)    86%    473.6 sec left
CG set 5295 / 6116    683.0134 GFlop/s     (683.0134 GFlop/s per process)    86%    473.0 sec left
CG set 5296 / 6116    683.0134 GFlop/s     (683.0134 GFlop/s per process)    86%    472.4 sec left
CG set 5297 / 6116    683.0136 GFlop/s     (683.0136 GFlop/s per process)    86%    471.8 sec left
CG set 5298 / 6116    683.0137 GFlop/s     (683.0137 GFlop/s per process)    86%    471.2 sec left
CG set 5299 / 6116    683.0138 GFlop/s     (683.0138 GFlop/s per process)    86%    470.6 sec left
CG set 5300 / 6116    683.0139 GFlop/s     (683.0139 GFlop/s per process)    86%    470.0 sec left
CG set 5301 / 6116    683.0140 GFlop/s     (683.0140 GFlop/s per process)    86%    469.4 sec left
CG set 5302 / 6116    683.0141 GFlop/s     (683.0141 GFlop/s per process)    86%    468.9 sec left
CG set 5303 / 6116    683.0143 GFlop/s     (683.0143 GFlop/s per process)    86%    468.3 sec left
CG set 5304 / 6116    683.0146 GFlop/s     (683.0146 GFlop/s per process)    86%    467.7 sec left
CG set 5305 / 6116    683.0147 GFlop/s     (683.0147 GFlop/s per process)    86%    467.1 sec left
CG set 5306 / 6116    683.0149 GFlop/s     (683.0149 GFlop/s per process)    86%    466.5 sec left
CG set 5307 / 6116    683.0151 GFlop/s     (683.0151 GFlop/s per process)    86%    465.9 sec left
CG set 5308 / 6116    683.0151 GFlop/s     (683.0151 GFlop/s per process)    86%    465.3 sec left
CG set 5309 / 6116    683.0152 GFlop/s     (683.0152 GFlop/s per process)    86%    464.7 sec left
CG set 5310 / 6116    683.0153 GFlop/s     (683.0153 GFlop/s per process)    86%    464.1 sec left
CG set 5311 / 6116    683.0155 GFlop/s     (683.0155 GFlop/s per process)    86%    463.6 sec left
CG set 5312 / 6116    683.0157 GFlop/s     (683.0157 GFlop/s per process)    86%    463.0 sec left
CG set 5313 / 6116    683.0158 GFlop/s     (683.0158 GFlop/s per process)    86%    462.4 sec left
CG set 5314 / 6116    683.0158 GFlop/s     (683.0158 GFlop/s per process)    86%    461.8 sec left
CG set 5315 / 6116    683.0159 GFlop/s     (683.0159 GFlop/s per process)    86%    461.2 sec left
CG set 5316 / 6116    683.0159 GFlop/s     (683.0159 GFlop/s per process)    86%    460.6 sec left
CG set 5317 / 6116    683.0160 GFlop/s     (683.0160 GFlop/s per process)    86%    460.0 sec left
CG set 5318 / 6116    683.0160 GFlop/s     (683.0160 GFlop/s per process)    86%    459.4 sec left
CG set 5319 / 6116    683.0162 GFlop/s     (683.0162 GFlop/s per process)    86%    458.8 sec left
CG set 5320 / 6116    683.0163 GFlop/s     (683.0163 GFlop/s per process)    86%    458.2 sec left
CG set 5321 / 6116    683.0164 GFlop/s     (683.0164 GFlop/s per process)    87%    457.6 sec left
CG set 5322 / 6116    683.0165 GFlop/s     (683.0165 GFlop/s per process)    87%    457.1 sec left
CG set 5323 / 6116    683.0165 GFlop/s     (683.0165 GFlop/s per process)    87%    456.5 sec left
CG set 5324 / 6116    683.0166 GFlop/s     (683.0166 GFlop/s per process)    87%    455.9 sec left
CG set 5325 / 6116    683.0168 GFlop/s     (683.0168 GFlop/s per process)    87%    455.3 sec left
CG set 5326 / 6116    683.0169 GFlop/s     (683.0169 GFlop/s per process)    87%    454.7 sec left
CG set 5327 / 6116    683.0171 GFlop/s     (683.0171 GFlop/s per process)    87%    454.1 sec left
CG set 5328 / 6116    683.0172 GFlop/s     (683.0172 GFlop/s per process)    87%    453.5 sec left
CG set 5329 / 6116    683.0174 GFlop/s     (683.0174 GFlop/s per process)    87%    452.9 sec left
CG set 5330 / 6116    683.0175 GFlop/s     (683.0175 GFlop/s per process)    87%    452.3 sec left
CG set 5331 / 6116    683.0177 GFlop/s     (683.0177 GFlop/s per process)    87%    451.7 sec left
CG set 5332 / 6116    683.0178 GFlop/s     (683.0178 GFlop/s per process)    87%    451.2 sec left
CG set 5333 / 6116    683.0179 GFlop/s     (683.0179 GFlop/s per process)    87%    450.6 sec left
CG set 5334 / 6116    683.0180 GFlop/s     (683.0180 GFlop/s per process)    87%    450.0 sec left
CG set 5335 / 6116    683.0180 GFlop/s     (683.0180 GFlop/s per process)    87%    449.4 sec left
CG set 5336 / 6116    683.0181 GFlop/s     (683.0181 GFlop/s per process)    87%    448.8 sec left
CG set 5337 / 6116    683.0182 GFlop/s     (683.0182 GFlop/s per process)    87%    448.2 sec left
CG set 5338 / 6116    683.0183 GFlop/s     (683.0183 GFlop/s per process)    87%    447.6 sec left
CG set 5339 / 6116    683.0184 GFlop/s     (683.0184 GFlop/s per process)    87%    447.0 sec left
CG set 5340 / 6116    683.0186 GFlop/s     (683.0186 GFlop/s per process)    87%    446.4 sec left
CG set 5341 / 6116    683.0188 GFlop/s     (683.0188 GFlop/s per process)    87%    445.8 sec left
CG set 5342 / 6116    683.0189 GFlop/s     (683.0189 GFlop/s per process)    87%    445.3 sec left
CG set 5343 / 6116    683.0190 GFlop/s     (683.0190 GFlop/s per process)    87%    444.7 sec left
CG set 5344 / 6116    683.0192 GFlop/s     (683.0192 GFlop/s per process)    87%    444.1 sec left
CG set 5345 / 6116    683.0194 GFlop/s     (683.0194 GFlop/s per process)    87%    443.5 sec left
CG set 5346 / 6116    683.0195 GFlop/s     (683.0195 GFlop/s per process)    87%    442.9 sec left
CG set 5347 / 6116    683.0196 GFlop/s     (683.0196 GFlop/s per process)    87%    442.3 sec left
CG set 5348 / 6116    683.0197 GFlop/s     (683.0197 GFlop/s per process)    87%    441.7 sec left
CG set 5349 / 6116    683.0199 GFlop/s     (683.0199 GFlop/s per process)    87%    441.1 sec left
CG set 5350 / 6116    683.0201 GFlop/s     (683.0201 GFlop/s per process)    87%    440.5 sec left
CG set 5351 / 6116    683.0201 GFlop/s     (683.0201 GFlop/s per process)    87%    440.0 sec left
CG set 5352 / 6116    683.0203 GFlop/s     (683.0203 GFlop/s per process)    87%    439.4 sec left
CG set 5353 / 6116    683.0203 GFlop/s     (683.0203 GFlop/s per process)    87%    438.8 sec left
CG set 5354 / 6116    683.0205 GFlop/s     (683.0205 GFlop/s per process)    87%    438.2 sec left
CG set 5355 / 6116    683.0205 GFlop/s     (683.0205 GFlop/s per process)    87%    437.6 sec left
CG set 5356 / 6116    683.0207 GFlop/s     (683.0207 GFlop/s per process)    87%    437.0 sec left
CG set 5357 / 6116    683.0208 GFlop/s     (683.0208 GFlop/s per process)    87%    436.4 sec left
CG set 5358 / 6116    683.0209 GFlop/s     (683.0209 GFlop/s per process)    87%    435.8 sec left
CG set 5359 / 6116    683.0211 GFlop/s     (683.0211 GFlop/s per process)    87%    435.2 sec left
CG set 5360 / 6116    683.0213 GFlop/s     (683.0213 GFlop/s per process)    87%    434.6 sec left
CG set 5361 / 6116    683.0214 GFlop/s     (683.0214 GFlop/s per process)    87%    434.1 sec left
CG set 5362 / 6116    683.0216 GFlop/s     (683.0216 GFlop/s per process)    87%    433.5 sec left
CG set 5363 / 6116    683.0217 GFlop/s     (683.0217 GFlop/s per process)    87%    432.9 sec left
CG set 5364 / 6116    683.0219 GFlop/s     (683.0219 GFlop/s per process)    87%    432.3 sec left
CG set 5365 / 6116    683.0221 GFlop/s     (683.0221 GFlop/s per process)    87%    431.7 sec left
CG set 5366 / 6116    683.0221 GFlop/s     (683.0221 GFlop/s per process)    87%    431.1 sec left
CG set 5367 / 6116    683.0223 GFlop/s     (683.0223 GFlop/s per process)    87%    430.5 sec left
CG set 5368 / 6116    683.0224 GFlop/s     (683.0224 GFlop/s per process)    87%    429.9 sec left
CG set 5369 / 6116    683.0224 GFlop/s     (683.0224 GFlop/s per process)    87%    429.3 sec left
CG set 5370 / 6116    683.0225 GFlop/s     (683.0225 GFlop/s per process)    87%    428.7 sec left
CG set 5371 / 6116    683.0227 GFlop/s     (683.0227 GFlop/s per process)    87%    428.2 sec left
CG set 5372 / 6116    683.0228 GFlop/s     (683.0228 GFlop/s per process)    87%    427.6 sec left
CG set 5373 / 6116    683.0229 GFlop/s     (683.0229 GFlop/s per process)    87%    427.0 sec left
CG set 5374 / 6116    683.0230 GFlop/s     (683.0230 GFlop/s per process)    87%    426.4 sec left
CG set 5375 / 6116    683.0231 GFlop/s     (683.0231 GFlop/s per process)    87%    425.8 sec left
CG set 5376 / 6116    683.0233 GFlop/s     (683.0233 GFlop/s per process)    87%    425.2 sec left
CG set 5377 / 6116    683.0233 GFlop/s     (683.0233 GFlop/s per process)    87%    424.6 sec left
CG set 5378 / 6116    683.0234 GFlop/s     (683.0234 GFlop/s per process)    87%    424.0 sec left
CG set 5379 / 6116    683.0235 GFlop/s     (683.0235 GFlop/s per process)    87%    423.4 sec left
CG set 5380 / 6116    683.0236 GFlop/s     (683.0236 GFlop/s per process)    87%    422.8 sec left
CG set 5381 / 6116    683.0237 GFlop/s     (683.0237 GFlop/s per process)    87%    422.3 sec left
CG set 5382 / 6116    683.0238 GFlop/s     (683.0238 GFlop/s per process)    87%    421.7 sec left
CG set 5383 / 6116    683.0239 GFlop/s     (683.0239 GFlop/s per process)    88%    421.1 sec left
CG set 5384 / 6116    683.0240 GFlop/s     (683.0240 GFlop/s per process)    88%    420.5 sec left
CG set 5385 / 6116    683.0240 GFlop/s     (683.0240 GFlop/s per process)    88%    419.9 sec left
CG set 5386 / 6116    683.0241 GFlop/s     (683.0241 GFlop/s per process)    88%    419.3 sec left
CG set 5387 / 6116    683.0242 GFlop/s     (683.0242 GFlop/s per process)    88%    418.7 sec left
CG set 5388 / 6116    683.0243 GFlop/s     (683.0243 GFlop/s per process)    88%    418.1 sec left
CG set 5389 / 6116    683.0244 GFlop/s     (683.0244 GFlop/s per process)    88%    417.5 sec left
CG set 5390 / 6116    683.0244 GFlop/s     (683.0244 GFlop/s per process)    88%    416.9 sec left
CG set 5391 / 6116    683.0246 GFlop/s     (683.0246 GFlop/s per process)    88%    416.3 sec left
CG set 5392 / 6116    683.0247 GFlop/s     (683.0247 GFlop/s per process)    88%    415.8 sec left
CG set 5393 / 6116    683.0248 GFlop/s     (683.0248 GFlop/s per process)    88%    415.2 sec left
CG set 5394 / 6116    683.0249 GFlop/s     (683.0249 GFlop/s per process)    88%    414.6 sec left
CG set 5395 / 6116    683.0250 GFlop/s     (683.0250 GFlop/s per process)    88%    414.0 sec left
CG set 5396 / 6116    683.0251 GFlop/s     (683.0251 GFlop/s per process)    88%    413.4 sec left
CG set 5397 / 6116    683.0253 GFlop/s     (683.0253 GFlop/s per process)    88%    412.8 sec left
CG set 5398 / 6116    683.0254 GFlop/s     (683.0254 GFlop/s per process)    88%    412.2 sec left
CG set 5399 / 6116    683.0255 GFlop/s     (683.0255 GFlop/s per process)    88%    411.6 sec left
CG set 5400 / 6116    683.0257 GFlop/s     (683.0257 GFlop/s per process)    88%    411.0 sec left
CG set 5401 / 6116    683.0258 GFlop/s     (683.0258 GFlop/s per process)    88%    410.4 sec left
CG set 5402 / 6116    683.0259 GFlop/s     (683.0259 GFlop/s per process)    88%    409.9 sec left
CG set 5403 / 6116    683.0261 GFlop/s     (683.0261 GFlop/s per process)    88%    409.3 sec left
CG set 5404 / 6116    683.0262 GFlop/s     (683.0262 GFlop/s per process)    88%    408.7 sec left
CG set 5405 / 6116    683.0263 GFlop/s     (683.0263 GFlop/s per process)    88%    408.1 sec left
CG set 5406 / 6116    683.0262 GFlop/s     (683.0262 GFlop/s per process)    88%    407.5 sec left
CG set 5407 / 6116    683.0263 GFlop/s     (683.0263 GFlop/s per process)    88%    406.9 sec left
CG set 5408 / 6116    683.0264 GFlop/s     (683.0264 GFlop/s per process)    88%    406.3 sec left
CG set 5409 / 6116    683.0265 GFlop/s     (683.0265 GFlop/s per process)    88%    405.7 sec left
CG set 5410 / 6116    683.0265 GFlop/s     (683.0265 GFlop/s per process)    88%    405.1 sec left
CG set 5411 / 6116    683.0267 GFlop/s     (683.0267 GFlop/s per process)    88%    404.5 sec left
CG set 5412 / 6116    683.0268 GFlop/s     (683.0268 GFlop/s per process)    88%    404.0 sec left
CG set 5413 / 6116    683.0269 GFlop/s     (683.0269 GFlop/s per process)    88%    403.4 sec left
CG set 5414 / 6116    683.0269 GFlop/s     (683.0269 GFlop/s per process)    88%    402.8 sec left
CG set 5415 / 6116    683.0270 GFlop/s     (683.0270 GFlop/s per process)    88%    402.2 sec left
CG set 5416 / 6116    683.0270 GFlop/s     (683.0270 GFlop/s per process)    88%    401.6 sec left
CG set 5417 / 6116    683.0272 GFlop/s     (683.0272 GFlop/s per process)    88%    401.0 sec left
CG set 5418 / 6116    683.0274 GFlop/s     (683.0274 GFlop/s per process)    88%    400.4 sec left
CG set 5419 / 6116    683.0276 GFlop/s     (683.0276 GFlop/s per process)    88%    399.8 sec left
CG set 5420 / 6116    683.0277 GFlop/s     (683.0277 GFlop/s per process)    88%    399.2 sec left
CG set 5421 / 6116    683.0279 GFlop/s     (683.0279 GFlop/s per process)    88%    398.6 sec left
CG set 5422 / 6116    683.0279 GFlop/s     (683.0279 GFlop/s per process)    88%    398.1 sec left
CG set 5423 / 6116    683.0280 GFlop/s     (683.0280 GFlop/s per process)    88%    397.5 sec left
CG set 5424 / 6116    683.0281 GFlop/s     (683.0281 GFlop/s per process)    88%    396.9 sec left
CG set 5425 / 6116    683.0283 GFlop/s     (683.0283 GFlop/s per process)    88%    396.3 sec left
CG set 5426 / 6116    683.0284 GFlop/s     (683.0284 GFlop/s per process)    88%    395.7 sec left
CG set 5427 / 6116    683.0285 GFlop/s     (683.0285 GFlop/s per process)    88%    395.1 sec left
CG set 5428 / 6116    683.0287 GFlop/s     (683.0287 GFlop/s per process)    88%    394.5 sec left
CG set 5429 / 6116    683.0288 GFlop/s     (683.0288 GFlop/s per process)    88%    393.9 sec left
CG set 5430 / 6116    683.0288 GFlop/s     (683.0288 GFlop/s per process)    88%    393.3 sec left
CG set 5431 / 6116    683.0290 GFlop/s     (683.0290 GFlop/s per process)    88%    392.7 sec left
CG set 5432 / 6116    683.0292 GFlop/s     (683.0292 GFlop/s per process)    88%    392.2 sec left
CG set 5433 / 6116    683.0293 GFlop/s     (683.0293 GFlop/s per process)    88%    391.6 sec left
CG set 5434 / 6116    683.0294 GFlop/s     (683.0294 GFlop/s per process)    88%    391.0 sec left
CG set 5435 / 6116    683.0295 GFlop/s     (683.0295 GFlop/s per process)    88%    390.4 sec left
CG set 5436 / 6116    683.0297 GFlop/s     (683.0297 GFlop/s per process)    88%    389.8 sec left
CG set 5437 / 6116    683.0299 GFlop/s     (683.0299 GFlop/s per process)    88%    389.2 sec left
CG set 5438 / 6116    683.0298 GFlop/s     (683.0298 GFlop/s per process)    88%    388.6 sec left
CG set 5439 / 6116    683.0299 GFlop/s     (683.0299 GFlop/s per process)    88%    388.0 sec left
CG set 5440 / 6116    683.0300 GFlop/s     (683.0300 GFlop/s per process)    88%    387.4 sec left
CG set 5441 / 6116    683.0301 GFlop/s     (683.0301 GFlop/s per process)    88%    386.8 sec left
CG set 5442 / 6116    683.0303 GFlop/s     (683.0303 GFlop/s per process)    88%    386.3 sec left
CG set 5443 / 6116    683.0304 GFlop/s     (683.0304 GFlop/s per process)    88%    385.7 sec left
CG set 5444 / 6116    683.0306 GFlop/s     (683.0306 GFlop/s per process)    89%    385.1 sec left
CG set 5445 / 6116    683.0307 GFlop/s     (683.0307 GFlop/s per process)    89%    384.5 sec left
CG set 5446 / 6116    683.0308 GFlop/s     (683.0308 GFlop/s per process)    89%    383.9 sec left
CG set 5447 / 6116    683.0308 GFlop/s     (683.0308 GFlop/s per process)    89%    383.3 sec left
CG set 5448 / 6116    683.0309 GFlop/s     (683.0309 GFlop/s per process)    89%    382.7 sec left
CG set 5449 / 6116    683.0310 GFlop/s     (683.0310 GFlop/s per process)    89%    382.1 sec left
CG set 5450 / 6116    683.0310 GFlop/s     (683.0310 GFlop/s per process)    89%    381.5 sec left
CG set 5451 / 6116    683.0312 GFlop/s     (683.0312 GFlop/s per process)    89%    380.9 sec left
CG set 5452 / 6116    683.0312 GFlop/s     (683.0312 GFlop/s per process)    89%    380.4 sec left
CG set 5453 / 6116    683.0313 GFlop/s     (683.0313 GFlop/s per process)    89%    379.8 sec left
CG set 5454 / 6116    683.0314 GFlop/s     (683.0314 GFlop/s per process)    89%    379.2 sec left
CG set 5455 / 6116    683.0314 GFlop/s     (683.0314 GFlop/s per process)    89%    378.6 sec left
CG set 5456 / 6116    683.0314 GFlop/s     (683.0314 GFlop/s per process)    89%    378.0 sec left
CG set 5457 / 6116    683.0314 GFlop/s     (683.0314 GFlop/s per process)    89%    377.4 sec left
CG set 5458 / 6116    683.0316 GFlop/s     (683.0316 GFlop/s per process)    89%    376.8 sec left
CG set 5459 / 6116    683.0317 GFlop/s     (683.0317 GFlop/s per process)    89%    376.2 sec left
CG set 5460 / 6116    683.0319 GFlop/s     (683.0319 GFlop/s per process)    89%    375.6 sec left
CG set 5461 / 6116    683.0320 GFlop/s     (683.0320 GFlop/s per process)    89%    375.0 sec left
CG set 5462 / 6116    683.0321 GFlop/s     (683.0321 GFlop/s per process)    89%    374.5 sec left
CG set 5463 / 6116    683.0323 GFlop/s     (683.0323 GFlop/s per process)    89%    373.9 sec left
CG set 5464 / 6116    683.0324 GFlop/s     (683.0324 GFlop/s per process)    89%    373.3 sec left
CG set 5465 / 6116    683.0325 GFlop/s     (683.0325 GFlop/s per process)    89%    372.7 sec left
CG set 5466 / 6116    683.0326 GFlop/s     (683.0326 GFlop/s per process)    89%    372.1 sec left
CG set 5467 / 6116    683.0327 GFlop/s     (683.0327 GFlop/s per process)    89%    371.5 sec left
CG set 5468 / 6116    683.0328 GFlop/s     (683.0328 GFlop/s per process)    89%    370.9 sec left
CG set 5469 / 6116    683.0329 GFlop/s     (683.0329 GFlop/s per process)    89%    370.3 sec left
CG set 5470 / 6116    683.0330 GFlop/s     (683.0330 GFlop/s per process)    89%    369.7 sec left
CG set 5471 / 6116    683.0333 GFlop/s     (683.0333 GFlop/s per process)    89%    369.1 sec left
CG set 5472 / 6116    683.0335 GFlop/s     (683.0335 GFlop/s per process)    89%    368.6 sec left
CG set 5473 / 6116    683.0336 GFlop/s     (683.0336 GFlop/s per process)    89%    368.0 sec left
CG set 5474 / 6116    683.0336 GFlop/s     (683.0336 GFlop/s per process)    89%    367.4 sec left
CG set 5475 / 6116    683.0337 GFlop/s     (683.0337 GFlop/s per process)    89%    366.8 sec left
CG set 5476 / 6116    683.0338 GFlop/s     (683.0338 GFlop/s per process)    89%    366.2 sec left
CG set 5477 / 6116    683.0339 GFlop/s     (683.0339 GFlop/s per process)    89%    365.6 sec left
CG set 5478 / 6116    683.0340 GFlop/s     (683.0340 GFlop/s per process)    89%    365.0 sec left
CG set 5479 / 6116    683.0340 GFlop/s     (683.0340 GFlop/s per process)    89%    364.4 sec left
CG set 5480 / 6116    683.0341 GFlop/s     (683.0341 GFlop/s per process)    89%    363.8 sec left
CG set 5481 / 6116    683.0342 GFlop/s     (683.0342 GFlop/s per process)    89%    363.2 sec left
CG set 5482 / 6116    683.0342 GFlop/s     (683.0342 GFlop/s per process)    89%    362.7 sec left
CG set 5483 / 6116    683.0344 GFlop/s     (683.0344 GFlop/s per process)    89%    362.1 sec left
CG set 5484 / 6116    683.0345 GFlop/s     (683.0345 GFlop/s per process)    89%    361.5 sec left
CG set 5485 / 6116    683.0345 GFlop/s     (683.0345 GFlop/s per process)    89%    360.9 sec left
CG set 5486 / 6116    683.0347 GFlop/s     (683.0347 GFlop/s per process)    89%    360.3 sec left
CG set 5487 / 6116    683.0348 GFlop/s     (683.0348 GFlop/s per process)    89%    359.7 sec left
CG set 5488 / 6116    683.0348 GFlop/s     (683.0348 GFlop/s per process)    89%    359.1 sec left
CG set 5489 / 6116    683.0350 GFlop/s     (683.0350 GFlop/s per process)    89%    358.5 sec left
CG set 5490 / 6116    683.0350 GFlop/s     (683.0350 GFlop/s per process)    89%    357.9 sec left
CG set 5491 / 6116    683.0352 GFlop/s     (683.0352 GFlop/s per process)    89%    357.3 sec left
CG set 5492 / 6116    683.0353 GFlop/s     (683.0353 GFlop/s per process)    89%    356.8 sec left
CG set 5493 / 6116    683.0353 GFlop/s     (683.0353 GFlop/s per process)    89%    356.2 sec left
CG set 5494 / 6116    683.0355 GFlop/s     (683.0355 GFlop/s per process)    89%    355.6 sec left
CG set 5495 / 6116    683.0356 GFlop/s     (683.0356 GFlop/s per process)    89%    355.0 sec left
CG set 5496 / 6116    683.0357 GFlop/s     (683.0357 GFlop/s per process)    89%    354.4 sec left
CG set 5497 / 6116    683.0358 GFlop/s     (683.0358 GFlop/s per process)    89%    353.8 sec left
CG set 5498 / 6116    683.0359 GFlop/s     (683.0359 GFlop/s per process)    89%    353.2 sec left
CG set 5499 / 6116    683.0361 GFlop/s     (683.0361 GFlop/s per process)    89%    352.6 sec left
CG set 5500 / 6116    683.0362 GFlop/s     (683.0362 GFlop/s per process)    89%    352.0 sec left
CG set 5501 / 6116    683.0364 GFlop/s     (683.0364 GFlop/s per process)    89%    351.4 sec left
CG set 5502 / 6116    683.0365 GFlop/s     (683.0365 GFlop/s per process)    89%    350.9 sec left
CG set 5503 / 6116    683.0366 GFlop/s     (683.0366 GFlop/s per process)    89%    350.3 sec left
CG set 5504 / 6116    683.0368 GFlop/s     (683.0368 GFlop/s per process)    89%    349.7 sec left
CG set 5505 / 6116    683.0371 GFlop/s     (683.0371 GFlop/s per process)    90%    349.1 sec left
CG set 5506 / 6116    683.0372 GFlop/s     (683.0372 GFlop/s per process)    90%    348.5 sec left
CG set 5507 / 6116    683.0373 GFlop/s     (683.0373 GFlop/s per process)    90%    347.9 sec left
CG set 5508 / 6116    683.0374 GFlop/s     (683.0374 GFlop/s per process)    90%    347.3 sec left
CG set 5509 / 6116    683.0375 GFlop/s     (683.0375 GFlop/s per process)    90%    346.7 sec left
CG set 5510 / 6116    683.0375 GFlop/s     (683.0375 GFlop/s per process)    90%    346.1 sec left
CG set 5511 / 6116    683.0376 GFlop/s     (683.0376 GFlop/s per process)    90%    345.5 sec left
CG set 5512 / 6116    683.0377 GFlop/s     (683.0377 GFlop/s per process)    90%    345.0 sec left
CG set 5513 / 6116    683.0378 GFlop/s     (683.0378 GFlop/s per process)    90%    344.4 sec left
CG set 5514 / 6116    683.0380 GFlop/s     (683.0380 GFlop/s per process)    90%    343.8 sec left
CG set 5515 / 6116    683.0381 GFlop/s     (683.0381 GFlop/s per process)    90%    343.2 sec left
CG set 5516 / 6116    683.0382 GFlop/s     (683.0382 GFlop/s per process)    90%    342.6 sec left
CG set 5517 / 6116    683.0382 GFlop/s     (683.0382 GFlop/s per process)    90%    342.0 sec left
CG set 5518 / 6116    683.0384 GFlop/s     (683.0384 GFlop/s per process)    90%    341.4 sec left
CG set 5519 / 6116    683.0385 GFlop/s     (683.0385 GFlop/s per process)    90%    340.8 sec left
CG set 5520 / 6116    683.0385 GFlop/s     (683.0385 GFlop/s per process)    90%    340.2 sec left
CG set 5521 / 6116    683.0385 GFlop/s     (683.0385 GFlop/s per process)    90%    339.6 sec left
CG set 5522 / 6116    683.0386 GFlop/s     (683.0386 GFlop/s per process)    90%    339.1 sec left
CG set 5523 / 6116    683.0387 GFlop/s     (683.0387 GFlop/s per process)    90%    338.5 sec left
CG set 5524 / 6116    683.0389 GFlop/s     (683.0389 GFlop/s per process)    90%    337.9 sec left
CG set 5525 / 6116    683.0390 GFlop/s     (683.0390 GFlop/s per process)    90%    337.3 sec left
CG set 5526 / 6116    683.0390 GFlop/s     (683.0390 GFlop/s per process)    90%    336.7 sec left
CG set 5527 / 6116    683.0391 GFlop/s     (683.0391 GFlop/s per process)    90%    336.1 sec left
CG set 5528 / 6116    683.0392 GFlop/s     (683.0392 GFlop/s per process)    90%    335.5 sec left
CG set 5529 / 6116    683.0392 GFlop/s     (683.0392 GFlop/s per process)    90%    334.9 sec left
CG set 5530 / 6116    683.0393 GFlop/s     (683.0393 GFlop/s per process)    90%    334.3 sec left
CG set 5531 / 6116    683.0394 GFlop/s     (683.0394 GFlop/s per process)    90%    333.7 sec left
CG set 5532 / 6116    683.0396 GFlop/s     (683.0396 GFlop/s per process)    90%    333.2 sec left
CG set 5533 / 6116    683.0397 GFlop/s     (683.0397 GFlop/s per process)    90%    332.6 sec left
CG set 5534 / 6116    683.0399 GFlop/s     (683.0399 GFlop/s per process)    90%    332.0 sec left
CG set 5535 / 6116    683.0399 GFlop/s     (683.0399 GFlop/s per process)    90%    331.4 sec left
CG set 5536 / 6116    683.0400 GFlop/s     (683.0400 GFlop/s per process)    90%    330.8 sec left
CG set 5537 / 6116    683.0402 GFlop/s     (683.0402 GFlop/s per process)    90%    330.2 sec left
CG set 5538 / 6116    683.0403 GFlop/s     (683.0403 GFlop/s per process)    90%    329.6 sec left
CG set 5539 / 6116    683.0403 GFlop/s     (683.0403 GFlop/s per process)    90%    329.0 sec left
CG set 5540 / 6116    683.0404 GFlop/s     (683.0404 GFlop/s per process)    90%    328.4 sec left
CG set 5541 / 6116    683.0405 GFlop/s     (683.0405 GFlop/s per process)    90%    327.8 sec left
CG set 5542 / 6116    683.0406 GFlop/s     (683.0406 GFlop/s per process)    90%    327.3 sec left
CG set 5543 / 6116    683.0407 GFlop/s     (683.0407 GFlop/s per process)    90%    326.7 sec left
CG set 5544 / 6116    683.0407 GFlop/s     (683.0407 GFlop/s per process)    90%    326.1 sec left
CG set 5545 / 6116    683.0409 GFlop/s     (683.0409 GFlop/s per process)    90%    325.5 sec left
CG set 5546 / 6116    683.0410 GFlop/s     (683.0410 GFlop/s per process)    90%    324.9 sec left
CG set 5547 / 6116    683.0411 GFlop/s     (683.0411 GFlop/s per process)    90%    324.3 sec left
CG set 5548 / 6116    683.0411 GFlop/s     (683.0411 GFlop/s per process)    90%    323.7 sec left
CG set 5549 / 6116    683.0412 GFlop/s     (683.0412 GFlop/s per process)    90%    323.1 sec left
CG set 5550 / 6116    683.0414 GFlop/s     (683.0414 GFlop/s per process)    90%    322.5 sec left
CG set 5551 / 6116    683.0416 GFlop/s     (683.0416 GFlop/s per process)    90%    321.9 sec left
CG set 5552 / 6116    683.0417 GFlop/s     (683.0417 GFlop/s per process)    90%    321.4 sec left
CG set 5553 / 6116    683.0419 GFlop/s     (683.0419 GFlop/s per process)    90%    320.8 sec left
CG set 5554 / 6116    683.0420 GFlop/s     (683.0420 GFlop/s per process)    90%    320.2 sec left
CG set 5555 / 6116    683.0421 GFlop/s     (683.0421 GFlop/s per process)    90%    319.6 sec left
CG set 5556 / 6116    683.0422 GFlop/s     (683.0422 GFlop/s per process)    90%    319.0 sec left
CG set 5557 / 6116    683.0424 GFlop/s     (683.0424 GFlop/s per process)    90%    318.4 sec left
CG set 5558 / 6116    683.0425 GFlop/s     (683.0425 GFlop/s per process)    90%    317.8 sec left
CG set 5559 / 6116    683.0426 GFlop/s     (683.0426 GFlop/s per process)    90%    317.2 sec left
CG set 5560 / 6116    683.0427 GFlop/s     (683.0427 GFlop/s per process)    90%    316.6 sec left
CG set 5561 / 6116    683.0427 GFlop/s     (683.0427 GFlop/s per process)    90%    316.0 sec left
CG set 5562 / 6116    683.0428 GFlop/s     (683.0428 GFlop/s per process)    90%    315.5 sec left
CG set 5563 / 6116    683.0430 GFlop/s     (683.0430 GFlop/s per process)    90%    314.9 sec left
CG set 5564 / 6116    683.0431 GFlop/s     (683.0431 GFlop/s per process)    90%    314.3 sec left
CG set 5565 / 6116    683.0432 GFlop/s     (683.0432 GFlop/s per process)    90%    313.7 sec left
CG set 5566 / 6116    683.0432 GFlop/s     (683.0432 GFlop/s per process)    91%    313.1 sec left
CG set 5567 / 6116    683.0434 GFlop/s     (683.0434 GFlop/s per process)    91%    312.5 sec left
CG set 5568 / 6116    683.0434 GFlop/s     (683.0434 GFlop/s per process)    91%    311.9 sec left
CG set 5569 / 6116    683.0435 GFlop/s     (683.0435 GFlop/s per process)    91%    311.3 sec left
CG set 5570 / 6116    683.0435 GFlop/s     (683.0435 GFlop/s per process)    91%    310.7 sec left
CG set 5571 / 6116    683.0437 GFlop/s     (683.0437 GFlop/s per process)    91%    310.1 sec left
CG set 5572 / 6116    683.0437 GFlop/s     (683.0437 GFlop/s per process)    91%    309.6 sec left
CG set 5573 / 6116    683.0438 GFlop/s     (683.0438 GFlop/s per process)    91%    309.0 sec left
CG set 5574 / 6116    683.0439 GFlop/s     (683.0439 GFlop/s per process)    91%    308.4 sec left
CG set 5575 / 6116    683.0440 GFlop/s     (683.0440 GFlop/s per process)    91%    307.8 sec left
CG set 5576 / 6116    683.0441 GFlop/s     (683.0441 GFlop/s per process)    91%    307.2 sec left
CG set 5577 / 6116    683.0443 GFlop/s     (683.0443 GFlop/s per process)    91%    306.6 sec left
CG set 5578 / 6116    683.0443 GFlop/s     (683.0443 GFlop/s per process)    91%    306.0 sec left
CG set 5579 / 6116    683.0444 GFlop/s     (683.0444 GFlop/s per process)    91%    305.4 sec left
CG set 5580 / 6116    683.0446 GFlop/s     (683.0446 GFlop/s per process)    91%    304.8 sec left
CG set 5581 / 6116    683.0448 GFlop/s     (683.0448 GFlop/s per process)    91%    304.2 sec left
CG set 5582 / 6116    683.0449 GFlop/s     (683.0449 GFlop/s per process)    91%    303.7 sec left
CG set 5583 / 6116    683.0450 GFlop/s     (683.0450 GFlop/s per process)    91%    303.1 sec left
CG set 5584 / 6116    683.0451 GFlop/s     (683.0451 GFlop/s per process)    91%    302.5 sec left
CG set 5585 / 6116    683.0452 GFlop/s     (683.0452 GFlop/s per process)    91%    301.9 sec left
CG set 5586 / 6116    683.0453 GFlop/s     (683.0453 GFlop/s per process)    91%    301.3 sec left
CG set 5587 / 6116    683.0453 GFlop/s     (683.0453 GFlop/s per process)    91%    300.7 sec left
CG set 5588 / 6116    683.0454 GFlop/s     (683.0454 GFlop/s per process)    91%    300.1 sec left
CG set 5589 / 6116    683.0455 GFlop/s     (683.0455 GFlop/s per process)    91%    299.5 sec left
CG set 5590 / 6116    683.0456 GFlop/s     (683.0456 GFlop/s per process)    91%    298.9 sec left
CG set 5591 / 6116    683.0457 GFlop/s     (683.0457 GFlop/s per process)    91%    298.3 sec left
CG set 5592 / 6116    683.0458 GFlop/s     (683.0458 GFlop/s per process)    91%    297.8 sec left
CG set 5593 / 6116    683.0459 GFlop/s     (683.0459 GFlop/s per process)    91%    297.2 sec left
CG set 5594 / 6116    683.0460 GFlop/s     (683.0460 GFlop/s per process)    91%    296.6 sec left
CG set 5595 / 6116    683.0461 GFlop/s     (683.0461 GFlop/s per process)    91%    296.0 sec left
CG set 5596 / 6116    683.0462 GFlop/s     (683.0462 GFlop/s per process)    91%    295.4 sec left
CG set 5597 / 6116    683.0463 GFlop/s     (683.0463 GFlop/s per process)    91%    294.8 sec left
CG set 5598 / 6116    683.0464 GFlop/s     (683.0464 GFlop/s per process)    91%    294.2 sec left
CG set 5599 / 6116    683.0465 GFlop/s     (683.0465 GFlop/s per process)    91%    293.6 sec left
CG set 5600 / 6116    683.0466 GFlop/s     (683.0466 GFlop/s per process)    91%    293.0 sec left
CG set 5601 / 6116    683.0467 GFlop/s     (683.0467 GFlop/s per process)    91%    292.4 sec left
CG set 5602 / 6116    683.0468 GFlop/s     (683.0468 GFlop/s per process)    91%    291.9 sec left
CG set 5603 / 6116    683.0468 GFlop/s     (683.0468 GFlop/s per process)    91%    291.3 sec left
CG set 5604 / 6116    683.0469 GFlop/s     (683.0469 GFlop/s per process)    91%    290.7 sec left
CG set 5605 / 6116    683.0470 GFlop/s     (683.0470 GFlop/s per process)    91%    290.1 sec left
CG set 5606 / 6116    683.0471 GFlop/s     (683.0471 GFlop/s per process)    91%    289.5 sec left
CG set 5607 / 6116    683.0472 GFlop/s     (683.0472 GFlop/s per process)    91%    288.9 sec left
CG set 5608 / 6116    683.0472 GFlop/s     (683.0472 GFlop/s per process)    91%    288.3 sec left
CG set 5609 / 6116    683.0473 GFlop/s     (683.0473 GFlop/s per process)    91%    287.7 sec left
CG set 5610 / 6116    683.0474 GFlop/s     (683.0474 GFlop/s per process)    91%    287.1 sec left
CG set 5611 / 6116    683.0476 GFlop/s     (683.0476 GFlop/s per process)    91%    286.5 sec left
CG set 5612 / 6116    683.0477 GFlop/s     (683.0477 GFlop/s per process)    91%    286.0 sec left
CG set 5613 / 6116    683.0477 GFlop/s     (683.0477 GFlop/s per process)    91%    285.4 sec left
CG set 5614 / 6116    683.0478 GFlop/s     (683.0478 GFlop/s per process)    91%    284.8 sec left
CG set 5615 / 6116    683.0479 GFlop/s     (683.0479 GFlop/s per process)    91%    284.2 sec left
CG set 5616 / 6116    683.0480 GFlop/s     (683.0480 GFlop/s per process)    91%    283.6 sec left
CG set 5617 / 6116    683.0482 GFlop/s     (683.0482 GFlop/s per process)    91%    283.0 sec left
CG set 5618 / 6116    683.0484 GFlop/s     (683.0484 GFlop/s per process)    91%    282.4 sec left
CG set 5619 / 6116    683.0483 GFlop/s     (683.0483 GFlop/s per process)    91%    281.8 sec left
CG set 5620 / 6116    683.0484 GFlop/s     (683.0484 GFlop/s per process)    91%    281.2 sec left
CG set 5621 / 6116    683.0484 GFlop/s     (683.0484 GFlop/s per process)    91%    280.6 sec left
CG set 5622 / 6116    683.0485 GFlop/s     (683.0485 GFlop/s per process)    91%    280.1 sec left
CG set 5623 / 6116    683.0486 GFlop/s     (683.0486 GFlop/s per process)    91%    279.5 sec left
CG set 5624 / 6116    683.0488 GFlop/s     (683.0488 GFlop/s per process)    91%    278.9 sec left
CG set 5625 / 6116    683.0488 GFlop/s     (683.0488 GFlop/s per process)    91%    278.3 sec left
CG set 5626 / 6116    683.0491 GFlop/s     (683.0491 GFlop/s per process)    91%    277.7 sec left
CG set 5627 / 6116    683.0492 GFlop/s     (683.0492 GFlop/s per process)    92%    277.1 sec left
CG set 5628 / 6116    683.0492 GFlop/s     (683.0492 GFlop/s per process)    92%    276.5 sec left
CG set 5629 / 6116    683.0493 GFlop/s     (683.0493 GFlop/s per process)    92%    275.9 sec left
CG set 5630 / 6116    683.0493 GFlop/s     (683.0493 GFlop/s per process)    92%    275.3 sec left
CG set 5631 / 6116    683.0495 GFlop/s     (683.0495 GFlop/s per process)    92%    274.7 sec left
CG set 5632 / 6116    683.0495 GFlop/s     (683.0495 GFlop/s per process)    92%    274.1 sec left
CG set 5633 / 6116    683.0496 GFlop/s     (683.0496 GFlop/s per process)    92%    273.6 sec left
CG set 5634 / 6116    683.0497 GFlop/s     (683.0497 GFlop/s per process)    92%    273.0 sec left
CG set 5635 / 6116    683.0499 GFlop/s     (683.0499 GFlop/s per process)    92%    272.4 sec left
CG set 5636 / 6116    683.0499 GFlop/s     (683.0499 GFlop/s per process)    92%    271.8 sec left
CG set 5637 / 6116    683.0501 GFlop/s     (683.0501 GFlop/s per process)    92%    271.2 sec left
CG set 5638 / 6116    683.0502 GFlop/s     (683.0502 GFlop/s per process)    92%    270.6 sec left
CG set 5639 / 6116    683.0503 GFlop/s     (683.0503 GFlop/s per process)    92%    270.0 sec left
CG set 5640 / 6116    683.0504 GFlop/s     (683.0504 GFlop/s per process)    92%    269.4 sec left
CG set 5641 / 6116    683.0506 GFlop/s     (683.0506 GFlop/s per process)    92%    268.8 sec left
CG set 5642 / 6116    683.0506 GFlop/s     (683.0506 GFlop/s per process)    92%    268.2 sec left
CG set 5643 / 6116    683.0507 GFlop/s     (683.0507 GFlop/s per process)    92%    267.7 sec left
CG set 5644 / 6116    683.0507 GFlop/s     (683.0507 GFlop/s per process)    92%    267.1 sec left
CG set 5645 / 6116    683.0508 GFlop/s     (683.0508 GFlop/s per process)    92%    266.5 sec left
CG set 5646 / 6116    683.0509 GFlop/s     (683.0509 GFlop/s per process)    92%    265.9 sec left
CG set 5647 / 6116    683.0510 GFlop/s     (683.0510 GFlop/s per process)    92%    265.3 sec left
CG set 5648 / 6116    683.0512 GFlop/s     (683.0512 GFlop/s per process)    92%    264.7 sec left
CG set 5649 / 6116    683.0513 GFlop/s     (683.0513 GFlop/s per process)    92%    264.1 sec left
CG set 5650 / 6116    683.0514 GFlop/s     (683.0514 GFlop/s per process)    92%    263.5 sec left
CG set 5651 / 6116    683.0515 GFlop/s     (683.0515 GFlop/s per process)    92%    262.9 sec left
CG set 5652 / 6116    683.0518 GFlop/s     (683.0518 GFlop/s per process)    92%    262.4 sec left
CG set 5653 / 6116    683.0519 GFlop/s     (683.0519 GFlop/s per process)    92%    261.8 sec left
CG set 5654 / 6116    683.0521 GFlop/s     (683.0521 GFlop/s per process)    92%    261.2 sec left
CG set 5655 / 6116    683.0522 GFlop/s     (683.0522 GFlop/s per process)    92%    260.6 sec left
CG set 5656 / 6116    683.0524 GFlop/s     (683.0524 GFlop/s per process)    92%    260.0 sec left
CG set 5657 / 6116    683.0525 GFlop/s     (683.0525 GFlop/s per process)    92%    259.4 sec left
CG set 5658 / 6116    683.0527 GFlop/s     (683.0527 GFlop/s per process)    92%    258.8 sec left
CG set 5659 / 6116    683.0529 GFlop/s     (683.0529 GFlop/s per process)    92%    258.2 sec left
CG set 5660 / 6116    683.0531 GFlop/s     (683.0531 GFlop/s per process)    92%    257.6 sec left
CG set 5661 / 6116    683.0532 GFlop/s     (683.0532 GFlop/s per process)    92%    257.0 sec left
CG set 5662 / 6116    683.0533 GFlop/s     (683.0533 GFlop/s per process)    92%    256.5 sec left
CG set 5663 / 6116    683.0534 GFlop/s     (683.0534 GFlop/s per process)    92%    255.9 sec left
CG set 5664 / 6116    683.0534 GFlop/s     (683.0534 GFlop/s per process)    92%    255.3 sec left
CG set 5665 / 6116    683.0535 GFlop/s     (683.0535 GFlop/s per process)    92%    254.7 sec left
CG set 5666 / 6116    683.0536 GFlop/s     (683.0536 GFlop/s per process)    92%    254.1 sec left
CG set 5667 / 6116    683.0537 GFlop/s     (683.0537 GFlop/s per process)    92%    253.5 sec left
CG set 5668 / 6116    683.0538 GFlop/s     (683.0538 GFlop/s per process)    92%    252.9 sec left
CG set 5669 / 6116    683.0539 GFlop/s     (683.0539 GFlop/s per process)    92%    252.3 sec left
CG set 5670 / 6116    683.0540 GFlop/s     (683.0540 GFlop/s per process)    92%    251.7 sec left
CG set 5671 / 6116    683.0541 GFlop/s     (683.0541 GFlop/s per process)    92%    251.1 sec left
CG set 5672 / 6116    683.0541 GFlop/s     (683.0541 GFlop/s per process)    92%    250.6 sec left
CG set 5673 / 6116    683.0542 GFlop/s     (683.0542 GFlop/s per process)    92%    250.0 sec left
CG set 5674 / 6116    683.0543 GFlop/s     (683.0543 GFlop/s per process)    92%    249.4 sec left
CG set 5675 / 6116    683.0543 GFlop/s     (683.0543 GFlop/s per process)    92%    248.8 sec left
CG set 5676 / 6116    683.0543 GFlop/s     (683.0543 GFlop/s per process)    92%    248.2 sec left
CG set 5677 / 6116    683.0545 GFlop/s     (683.0545 GFlop/s per process)    92%    247.6 sec left
CG set 5678 / 6116    683.0546 GFlop/s     (683.0546 GFlop/s per process)    92%    247.0 sec left
CG set 5679 / 6116    683.0547 GFlop/s     (683.0547 GFlop/s per process)    92%    246.4 sec left
CG set 5680 / 6116    683.0548 GFlop/s     (683.0548 GFlop/s per process)    92%    245.8 sec left
CG set 5681 / 6116    683.0549 GFlop/s     (683.0549 GFlop/s per process)    92%    245.2 sec left
CG set 5682 / 6116    683.0550 GFlop/s     (683.0550 GFlop/s per process)    92%    244.7 sec left
CG set 5683 / 6116    683.0551 GFlop/s     (683.0551 GFlop/s per process)    92%    244.1 sec left
CG set 5684 / 6116    683.0552 GFlop/s     (683.0552 GFlop/s per process)    92%    243.5 sec left
CG set 5685 / 6116    683.0553 GFlop/s     (683.0553 GFlop/s per process)    92%    242.9 sec left
CG set 5686 / 6116    683.0554 GFlop/s     (683.0554 GFlop/s per process)    92%    242.3 sec left
CG set 5687 / 6116    683.0555 GFlop/s     (683.0555 GFlop/s per process)    92%    241.7 sec left
CG set 5688 / 6116    683.0557 GFlop/s     (683.0557 GFlop/s per process)    93%    241.1 sec left
CG set 5689 / 6116    683.0558 GFlop/s     (683.0558 GFlop/s per process)    93%    240.5 sec left
CG set 5690 / 6116    683.0559 GFlop/s     (683.0559 GFlop/s per process)    93%    239.9 sec left
CG set 5691 / 6116    683.0561 GFlop/s     (683.0561 GFlop/s per process)    93%    239.3 sec left
CG set 5692 / 6116    683.0562 GFlop/s     (683.0562 GFlop/s per process)    93%    238.8 sec left
CG set 5693 / 6116    683.0561 GFlop/s     (683.0561 GFlop/s per process)    93%    238.2 sec left
CG set 5694 / 6116    683.0562 GFlop/s     (683.0562 GFlop/s per process)    93%    237.6 sec left
CG set 5695 / 6116    683.0562 GFlop/s     (683.0562 GFlop/s per process)    93%    237.0 sec left
CG set 5696 / 6116    683.0563 GFlop/s     (683.0563 GFlop/s per process)    93%    236.4 sec left
CG set 5697 / 6116    683.0566 GFlop/s     (683.0566 GFlop/s per process)    93%    235.8 sec left
CG set 5698 / 6116    683.0567 GFlop/s     (683.0567 GFlop/s per process)    93%    235.2 sec left
CG set 5699 / 6116    683.0568 GFlop/s     (683.0568 GFlop/s per process)    93%    234.6 sec left
CG set 5700 / 6116    683.0570 GFlop/s     (683.0570 GFlop/s per process)    93%    234.0 sec left
CG set 5701 / 6116    683.0571 GFlop/s     (683.0571 GFlop/s per process)    93%    233.4 sec left
CG set 5702 / 6116    683.0571 GFlop/s     (683.0571 GFlop/s per process)    93%    232.9 sec left
CG set 5703 / 6116    683.0572 GFlop/s     (683.0572 GFlop/s per process)    93%    232.3 sec left
CG set 5704 / 6116    683.0572 GFlop/s     (683.0572 GFlop/s per process)    93%    231.7 sec left
CG set 5705 / 6116    683.0574 GFlop/s     (683.0574 GFlop/s per process)    93%    231.1 sec left
CG set 5706 / 6116    683.0576 GFlop/s     (683.0576 GFlop/s per process)    93%    230.5 sec left
CG set 5707 / 6116    683.0577 GFlop/s     (683.0577 GFlop/s per process)    93%    229.9 sec left
CG set 5708 / 6116    683.0578 GFlop/s     (683.0578 GFlop/s per process)    93%    229.3 sec left
CG set 5709 / 6116    683.0579 GFlop/s     (683.0579 GFlop/s per process)    93%    228.7 sec left
CG set 5710 / 6116    683.0580 GFlop/s     (683.0580 GFlop/s per process)    93%    228.1 sec left
CG set 5711 / 6116    683.0582 GFlop/s     (683.0582 GFlop/s per process)    93%    227.5 sec left
CG set 5712 / 6116    683.0583 GFlop/s     (683.0583 GFlop/s per process)    93%    227.0 sec left
CG set 5713 / 6116    683.0584 GFlop/s     (683.0584 GFlop/s per process)    93%    226.4 sec left
CG set 5714 / 6116    683.0585 GFlop/s     (683.0585 GFlop/s per process)    93%    225.8 sec left
CG set 5715 / 6116    683.0586 GFlop/s     (683.0586 GFlop/s per process)    93%    225.2 sec left
CG set 5716 / 6116    683.0587 GFlop/s     (683.0587 GFlop/s per process)    93%    224.6 sec left
CG set 5717 / 6116    683.0588 GFlop/s     (683.0588 GFlop/s per process)    93%    224.0 sec left
CG set 5718 / 6116    683.0588 GFlop/s     (683.0588 GFlop/s per process)    93%    223.4 sec left
CG set 5719 / 6116    683.0590 GFlop/s     (683.0590 GFlop/s per process)    93%    222.8 sec left
CG set 5720 / 6116    683.0591 GFlop/s     (683.0591 GFlop/s per process)    93%    222.2 sec left
CG set 5721 / 6116    683.0590 GFlop/s     (683.0590 GFlop/s per process)    93%    221.6 sec left
CG set 5722 / 6116    683.0590 GFlop/s     (683.0590 GFlop/s per process)    93%    221.1 sec left
CG set 5723 / 6116    683.0592 GFlop/s     (683.0592 GFlop/s per process)    93%    220.5 sec left
CG set 5724 / 6116    683.0594 GFlop/s     (683.0594 GFlop/s per process)    93%    219.9 sec left
CG set 5725 / 6116    683.0594 GFlop/s     (683.0594 GFlop/s per process)    93%    219.3 sec left
CG set 5726 / 6116    683.0595 GFlop/s     (683.0595 GFlop/s per process)    93%    218.7 sec left
CG set 5727 / 6116    683.0595 GFlop/s     (683.0595 GFlop/s per process)    93%    218.1 sec left
CG set 5728 / 6116    683.0596 GFlop/s     (683.0596 GFlop/s per process)    93%    217.5 sec left
CG set 5729 / 6116    683.0597 GFlop/s     (683.0597 GFlop/s per process)    93%    216.9 sec left
CG set 5730 / 6116    683.0598 GFlop/s     (683.0598 GFlop/s per process)    93%    216.3 sec left
CG set 5731 / 6116    683.0599 GFlop/s     (683.0599 GFlop/s per process)    93%    215.7 sec left
CG set 5732 / 6116    683.0600 GFlop/s     (683.0600 GFlop/s per process)    93%    215.1 sec left
CG set 5733 / 6116    683.0600 GFlop/s     (683.0600 GFlop/s per process)    93%    214.6 sec left
CG set 5734 / 6116    683.0602 GFlop/s     (683.0602 GFlop/s per process)    93%    214.0 sec left
CG set 5735 / 6116    683.0603 GFlop/s     (683.0603 GFlop/s per process)    93%    213.4 sec left
CG set 5736 / 6116    683.0605 GFlop/s     (683.0605 GFlop/s per process)    93%    212.8 sec left
CG set 5737 / 6116    683.0607 GFlop/s     (683.0607 GFlop/s per process)    93%    212.2 sec left
CG set 5738 / 6116    683.0607 GFlop/s     (683.0607 GFlop/s per process)    93%    211.6 sec left
CG set 5739 / 6116    683.0608 GFlop/s     (683.0608 GFlop/s per process)    93%    211.0 sec left
CG set 5740 / 6116    683.0609 GFlop/s     (683.0609 GFlop/s per process)    93%    210.4 sec left
CG set 5741 / 6116    683.0610 GFlop/s     (683.0610 GFlop/s per process)    93%    209.8 sec left
CG set 5742 / 6116    683.0611 GFlop/s     (683.0611 GFlop/s per process)    93%    209.2 sec left
CG set 5743 / 6116    683.0611 GFlop/s     (683.0611 GFlop/s per process)    93%    208.7 sec left
CG set 5744 / 6116    683.0613 GFlop/s     (683.0613 GFlop/s per process)    93%    208.1 sec left
CG set 5745 / 6116    683.0614 GFlop/s     (683.0614 GFlop/s per process)    93%    207.5 sec left
CG set 5746 / 6116    683.0616 GFlop/s     (683.0616 GFlop/s per process)    93%    206.9 sec left
CG set 5747 / 6116    683.0617 GFlop/s     (683.0617 GFlop/s per process)    93%    206.3 sec left
CG set 5748 / 6116    683.0619 GFlop/s     (683.0619 GFlop/s per process)    93%    205.7 sec left
CG set 5749 / 6116    683.0621 GFlop/s     (683.0621 GFlop/s per process)    93%    205.1 sec left
CG set 5750 / 6116    683.0622 GFlop/s     (683.0622 GFlop/s per process)    94%    204.5 sec left
CG set 5751 / 6116    683.0625 GFlop/s     (683.0625 GFlop/s per process)    94%    203.9 sec left
CG set 5752 / 6116    683.0626 GFlop/s     (683.0626 GFlop/s per process)    94%    203.4 sec left
CG set 5753 / 6116    683.0627 GFlop/s     (683.0627 GFlop/s per process)    94%    202.8 sec left
CG set 5754 / 6116    683.0629 GFlop/s     (683.0629 GFlop/s per process)    94%    202.2 sec left
CG set 5755 / 6116    683.0631 GFlop/s     (683.0631 GFlop/s per process)    94%    201.6 sec left
CG set 5756 / 6116    683.0633 GFlop/s     (683.0633 GFlop/s per process)    94%    201.0 sec left
CG set 5757 / 6116    683.0635 GFlop/s     (683.0635 GFlop/s per process)    94%    200.4 sec left
CG set 5758 / 6116    683.0637 GFlop/s     (683.0637 GFlop/s per process)    94%    199.8 sec left
CG set 5759 / 6116    683.0641 GFlop/s     (683.0641 GFlop/s per process)    94%    199.2 sec left
CG set 5760 / 6116    683.0644 GFlop/s     (683.0644 GFlop/s per process)    94%    198.6 sec left
CG set 5761 / 6116    683.0647 GFlop/s     (683.0647 GFlop/s per process)    94%    198.0 sec left
CG set 5762 / 6116    683.0650 GFlop/s     (683.0650 GFlop/s per process)    94%    197.5 sec left
CG set 5763 / 6116    683.0652 GFlop/s     (683.0652 GFlop/s per process)    94%    196.9 sec left
CG set 5764 / 6116    683.0655 GFlop/s     (683.0655 GFlop/s per process)    94%    196.3 sec left
CG set 5765 / 6116    683.0658 GFlop/s     (683.0658 GFlop/s per process)    94%    195.7 sec left
CG set 5766 / 6116    683.0660 GFlop/s     (683.0660 GFlop/s per process)    94%    195.1 sec left
CG set 5767 / 6116    683.0663 GFlop/s     (683.0663 GFlop/s per process)    94%    194.5 sec left
CG set 5768 / 6116    683.0667 GFlop/s     (683.0667 GFlop/s per process)    94%    193.9 sec left
CG set 5769 / 6116    683.0669 GFlop/s     (683.0669 GFlop/s per process)    94%    193.3 sec left
CG set 5770 / 6116    683.0672 GFlop/s     (683.0672 GFlop/s per process)    94%    192.7 sec left
CG set 5771 / 6116    683.0674 GFlop/s     (683.0674 GFlop/s per process)    94%    192.2 sec left
CG set 5772 / 6116    683.0677 GFlop/s     (683.0677 GFlop/s per process)    94%    191.6 sec left
CG set 5773 / 6116    683.0680 GFlop/s     (683.0680 GFlop/s per process)    94%    191.0 sec left
CG set 5774 / 6116    683.0682 GFlop/s     (683.0682 GFlop/s per process)    94%    190.4 sec left
CG set 5775 / 6116    683.0686 GFlop/s     (683.0686 GFlop/s per process)    94%    189.8 sec left
CG set 5776 / 6116    683.0689 GFlop/s     (683.0689 GFlop/s per process)    94%    189.2 sec left
CG set 5777 / 6116    683.0692 GFlop/s     (683.0692 GFlop/s per process)    94%    188.6 sec left
CG set 5778 / 6116    683.0694 GFlop/s     (683.0694 GFlop/s per process)    94%    188.0 sec left
CG set 5779 / 6116    683.0697 GFlop/s     (683.0697 GFlop/s per process)    94%    187.4 sec left
CG set 5780 / 6116    683.0700 GFlop/s     (683.0700 GFlop/s per process)    94%    186.9 sec left
CG set 5781 / 6116    683.0702 GFlop/s     (683.0702 GFlop/s per process)    94%    186.3 sec left
CG set 5782 / 6116    683.0706 GFlop/s     (683.0706 GFlop/s per process)    94%    185.7 sec left
CG set 5783 / 6116    683.0708 GFlop/s     (683.0708 GFlop/s per process)    94%    185.1 sec left
CG set 5784 / 6116    683.0711 GFlop/s     (683.0711 GFlop/s per process)    94%    184.5 sec left
CG set 5785 / 6116    683.0713 GFlop/s     (683.0713 GFlop/s per process)    94%    183.9 sec left
CG set 5786 / 6116    683.0716 GFlop/s     (683.0716 GFlop/s per process)    94%    183.3 sec left
CG set 5787 / 6116    683.0717 GFlop/s     (683.0717 GFlop/s per process)    94%    182.7 sec left
CG set 5788 / 6116    683.0720 GFlop/s     (683.0720 GFlop/s per process)    94%    182.1 sec left
CG set 5789 / 6116    683.0722 GFlop/s     (683.0722 GFlop/s per process)    94%    181.6 sec left
CG set 5790 / 6116    683.0725 GFlop/s     (683.0725 GFlop/s per process)    94%    181.0 sec left
CG set 5791 / 6116    683.0727 GFlop/s     (683.0727 GFlop/s per process)    94%    180.4 sec left
CG set 5792 / 6116    683.0730 GFlop/s     (683.0730 GFlop/s per process)    94%    179.8 sec left
CG set 5793 / 6116    683.0732 GFlop/s     (683.0732 GFlop/s per process)    94%    179.2 sec left
CG set 5794 / 6116    683.0735 GFlop/s     (683.0735 GFlop/s per process)    94%    178.6 sec left
CG set 5795 / 6116    683.0738 GFlop/s     (683.0738 GFlop/s per process)    94%    178.0 sec left
CG set 5796 / 6116    683.0740 GFlop/s     (683.0740 GFlop/s per process)    94%    177.4 sec left
CG set 5797 / 6116    683.0742 GFlop/s     (683.0742 GFlop/s per process)    94%    176.8 sec left
CG set 5798 / 6116    683.0744 GFlop/s     (683.0744 GFlop/s per process)    94%    176.2 sec left
CG set 5799 / 6116    683.0746 GFlop/s     (683.0746 GFlop/s per process)    94%    175.7 sec left
CG set 5800 / 6116    683.0748 GFlop/s     (683.0748 GFlop/s per process)    94%    175.1 sec left
CG set 5801 / 6116    683.0751 GFlop/s     (683.0751 GFlop/s per process)    94%    174.5 sec left
CG set 5802 / 6116    683.0753 GFlop/s     (683.0753 GFlop/s per process)    94%    173.9 sec left
CG set 5803 / 6116    683.0755 GFlop/s     (683.0755 GFlop/s per process)    94%    173.3 sec left
CG set 5804 / 6116    683.0757 GFlop/s     (683.0757 GFlop/s per process)    94%    172.7 sec left
CG set 5805 / 6116    683.0759 GFlop/s     (683.0759 GFlop/s per process)    94%    172.1 sec left
CG set 5806 / 6116    683.0762 GFlop/s     (683.0762 GFlop/s per process)    94%    171.5 sec left
CG set 5807 / 6116    683.0764 GFlop/s     (683.0764 GFlop/s per process)    94%    170.9 sec left
CG set 5808 / 6116    683.0766 GFlop/s     (683.0766 GFlop/s per process)    94%    170.4 sec left
CG set 5809 / 6116    683.0769 GFlop/s     (683.0769 GFlop/s per process)    94%    169.8 sec left
CG set 5810 / 6116    683.0770 GFlop/s     (683.0770 GFlop/s per process)    94%    169.2 sec left
CG set 5811 / 6116    683.0772 GFlop/s     (683.0772 GFlop/s per process)    95%    168.6 sec left
CG set 5812 / 6116    683.0775 GFlop/s     (683.0775 GFlop/s per process)    95%    168.0 sec left
CG set 5813 / 6116    683.0776 GFlop/s     (683.0776 GFlop/s per process)    95%    167.4 sec left
CG set 5814 / 6116    683.0778 GFlop/s     (683.0778 GFlop/s per process)    95%    166.8 sec left
CG set 5815 / 6116    683.0780 GFlop/s     (683.0780 GFlop/s per process)    95%    166.2 sec left
CG set 5816 / 6116    683.0780 GFlop/s     (683.0780 GFlop/s per process)    95%    165.6 sec left
CG set 5817 / 6116    683.0782 GFlop/s     (683.0782 GFlop/s per process)    95%    165.0 sec left
CG set 5818 / 6116    683.0783 GFlop/s     (683.0783 GFlop/s per process)    95%    164.5 sec left
CG set 5819 / 6116    683.0785 GFlop/s     (683.0785 GFlop/s per process)    95%    163.9 sec left
CG set 5820 / 6116    683.0787 GFlop/s     (683.0787 GFlop/s per process)    95%    163.3 sec left
CG set 5821 / 6116    683.0789 GFlop/s     (683.0789 GFlop/s per process)    95%    162.7 sec left
CG set 5822 / 6116    683.0790 GFlop/s     (683.0790 GFlop/s per process)    95%    162.1 sec left
CG set 5823 / 6116    683.0791 GFlop/s     (683.0791 GFlop/s per process)    95%    161.5 sec left
CG set 5824 / 6116    683.0792 GFlop/s     (683.0792 GFlop/s per process)    95%    160.9 sec left
CG set 5825 / 6116    683.0793 GFlop/s     (683.0793 GFlop/s per process)    95%    160.3 sec left
CG set 5826 / 6116    683.0794 GFlop/s     (683.0794 GFlop/s per process)    95%    159.7 sec left
CG set 5827 / 6116    683.0795 GFlop/s     (683.0795 GFlop/s per process)    95%    159.2 sec left
CG set 5828 / 6116    683.0796 GFlop/s     (683.0796 GFlop/s per process)    95%    158.6 sec left
CG set 5829 / 6116    683.0797 GFlop/s     (683.0797 GFlop/s per process)    95%    158.0 sec left
CG set 5830 / 6116    683.0796 GFlop/s     (683.0796 GFlop/s per process)    95%    157.4 sec left
CG set 5831 / 6116    683.0797 GFlop/s     (683.0797 GFlop/s per process)    95%    156.8 sec left
CG set 5832 / 6116    683.0799 GFlop/s     (683.0799 GFlop/s per process)    95%    156.2 sec left
CG set 5833 / 6116    683.0801 GFlop/s     (683.0801 GFlop/s per process)    95%    155.6 sec left
CG set 5834 / 6116    683.0802 GFlop/s     (683.0802 GFlop/s per process)    95%    155.0 sec left
CG set 5835 / 6116    683.0803 GFlop/s     (683.0803 GFlop/s per process)    95%    154.4 sec left
CG set 5836 / 6116    683.0804 GFlop/s     (683.0804 GFlop/s per process)    95%    153.8 sec left
CG set 5837 / 6116    683.0806 GFlop/s     (683.0806 GFlop/s per process)    95%    153.3 sec left
CG set 5838 / 6116    683.0806 GFlop/s     (683.0806 GFlop/s per process)    95%    152.7 sec left
CG set 5839 / 6116    683.0808 GFlop/s     (683.0808 GFlop/s per process)    95%    152.1 sec left
CG set 5840 / 6116    683.0810 GFlop/s     (683.0810 GFlop/s per process)    95%    151.5 sec left
CG set 5841 / 6116    683.0810 GFlop/s     (683.0810 GFlop/s per process)    95%    150.9 sec left
CG set 5842 / 6116    683.0811 GFlop/s     (683.0811 GFlop/s per process)    95%    150.3 sec left
CG set 5843 / 6116    683.0812 GFlop/s     (683.0812 GFlop/s per process)    95%    149.7 sec left
CG set 5844 / 6116    683.0813 GFlop/s     (683.0813 GFlop/s per process)    95%    149.1 sec left
CG set 5845 / 6116    683.0813 GFlop/s     (683.0813 GFlop/s per process)    95%    148.5 sec left
CG set 5846 / 6116    683.0815 GFlop/s     (683.0815 GFlop/s per process)    95%    147.9 sec left
CG set 5847 / 6116    683.0816 GFlop/s     (683.0816 GFlop/s per process)    95%    147.4 sec left
CG set 5848 / 6116    683.0816 GFlop/s     (683.0816 GFlop/s per process)    95%    146.8 sec left
CG set 5849 / 6116    683.0818 GFlop/s     (683.0818 GFlop/s per process)    95%    146.2 sec left
CG set 5850 / 6116    683.0820 GFlop/s     (683.0820 GFlop/s per process)    95%    145.6 sec left
CG set 5851 / 6116    683.0820 GFlop/s     (683.0820 GFlop/s per process)    95%    145.0 sec left
CG set 5852 / 6116    683.0821 GFlop/s     (683.0821 GFlop/s per process)    95%    144.4 sec left
CG set 5853 / 6116    683.0822 GFlop/s     (683.0822 GFlop/s per process)    95%    143.8 sec left
CG set 5854 / 6116    683.0824 GFlop/s     (683.0824 GFlop/s per process)    95%    143.2 sec left
CG set 5855 / 6116    683.0825 GFlop/s     (683.0825 GFlop/s per process)    95%    142.6 sec left
CG set 5856 / 6116    683.0828 GFlop/s     (683.0828 GFlop/s per process)    95%    142.0 sec left
CG set 5857 / 6116    683.0828 GFlop/s     (683.0828 GFlop/s per process)    95%    141.5 sec left
CG set 5858 / 6116    683.0829 GFlop/s     (683.0829 GFlop/s per process)    95%    140.9 sec left
CG set 5859 / 6116    683.0830 GFlop/s     (683.0830 GFlop/s per process)    95%    140.3 sec left
CG set 5860 / 6116    683.0831 GFlop/s     (683.0831 GFlop/s per process)    95%    139.7 sec left
CG set 5861 / 6116    683.0832 GFlop/s     (683.0832 GFlop/s per process)    95%    139.1 sec left
CG set 5862 / 6116    683.0833 GFlop/s     (683.0833 GFlop/s per process)    95%    138.5 sec left
CG set 5863 / 6116    683.0834 GFlop/s     (683.0834 GFlop/s per process)    95%    137.9 sec left
CG set 5864 / 6116    683.0835 GFlop/s     (683.0835 GFlop/s per process)    95%    137.3 sec left
CG set 5865 / 6116    683.0837 GFlop/s     (683.0837 GFlop/s per process)    95%    136.7 sec left
CG set 5866 / 6116    683.0840 GFlop/s     (683.0840 GFlop/s per process)    95%    136.1 sec left
CG set 5867 / 6116    683.0842 GFlop/s     (683.0842 GFlop/s per process)    95%    135.6 sec left
CG set 5868 / 6116    683.0844 GFlop/s     (683.0844 GFlop/s per process)    95%    135.0 sec left
CG set 5869 / 6116    683.0845 GFlop/s     (683.0845 GFlop/s per process)    95%    134.4 sec left
CG set 5870 / 6116    683.0846 GFlop/s     (683.0846 GFlop/s per process)    95%    133.8 sec left
CG set 5871 / 6116    683.0849 GFlop/s     (683.0849 GFlop/s per process)    95%    133.2 sec left
CG set 5872 / 6116    683.0850 GFlop/s     (683.0850 GFlop/s per process)    96%    132.6 sec left
CG set 5873 / 6116    683.0852 GFlop/s     (683.0852 GFlop/s per process)    96%    132.0 sec left
CG set 5874 / 6116    683.0854 GFlop/s     (683.0854 GFlop/s per process)    96%    131.4 sec left
CG set 5875 / 6116    683.0856 GFlop/s     (683.0856 GFlop/s per process)    96%    130.8 sec left
CG set 5876 / 6116    683.0858 GFlop/s     (683.0858 GFlop/s per process)    96%    130.2 sec left
CG set 5877 / 6116    683.0859 GFlop/s     (683.0859 GFlop/s per process)    96%    129.7 sec left
CG set 5878 / 6116    683.0862 GFlop/s     (683.0862 GFlop/s per process)    96%    129.1 sec left
CG set 5879 / 6116    683.0864 GFlop/s     (683.0864 GFlop/s per process)    96%    128.5 sec left
CG set 5880 / 6116    683.0865 GFlop/s     (683.0865 GFlop/s per process)    96%    127.9 sec left
CG set 5881 / 6116    683.0867 GFlop/s     (683.0867 GFlop/s per process)    96%    127.3 sec left
CG set 5882 / 6116    683.0869 GFlop/s     (683.0869 GFlop/s per process)    96%    126.7 sec left
CG set 5883 / 6116    683.0871 GFlop/s     (683.0871 GFlop/s per process)    96%    126.1 sec left
CG set 5884 / 6116    683.0872 GFlop/s     (683.0872 GFlop/s per process)    96%    125.5 sec left
CG set 5885 / 6116    683.0874 GFlop/s     (683.0874 GFlop/s per process)    96%    124.9 sec left
CG set 5886 / 6116    683.0875 GFlop/s     (683.0875 GFlop/s per process)    96%    124.4 sec left
CG set 5887 / 6116    683.0878 GFlop/s     (683.0878 GFlop/s per process)    96%    123.8 sec left
CG set 5888 / 6116    683.0880 GFlop/s     (683.0880 GFlop/s per process)    96%    123.2 sec left
CG set 5889 / 6116    683.0881 GFlop/s     (683.0881 GFlop/s per process)    96%    122.6 sec left
CG set 5890 / 6116    683.0884 GFlop/s     (683.0884 GFlop/s per process)    96%    122.0 sec left
CG set 5891 / 6116    683.0886 GFlop/s     (683.0886 GFlop/s per process)    96%    121.4 sec left
CG set 5892 / 6116    683.0888 GFlop/s     (683.0888 GFlop/s per process)    96%    120.8 sec left
CG set 5893 / 6116    683.0889 GFlop/s     (683.0889 GFlop/s per process)    96%    120.2 sec left
CG set 5894 / 6116    683.0891 GFlop/s     (683.0891 GFlop/s per process)    96%    119.6 sec left
CG set 5895 / 6116    683.0893 GFlop/s     (683.0893 GFlop/s per process)    96%    119.0 sec left
CG set 5896 / 6116    683.0895 GFlop/s     (683.0895 GFlop/s per process)    96%    118.5 sec left
CG set 5897 / 6116    683.0896 GFlop/s     (683.0896 GFlop/s per process)    96%    117.9 sec left
CG set 5898 / 6116    683.0897 GFlop/s     (683.0897 GFlop/s per process)    96%    117.3 sec left
CG set 5899 / 6116    683.0898 GFlop/s     (683.0898 GFlop/s per process)    96%    116.7 sec left
CG set 5900 / 6116    683.0900 GFlop/s     (683.0900 GFlop/s per process)    96%    116.1 sec left
CG set 5901 / 6116    683.0901 GFlop/s     (683.0901 GFlop/s per process)    96%    115.5 sec left
CG set 5902 / 6116    683.0902 GFlop/s     (683.0902 GFlop/s per process)    96%    114.9 sec left
CG set 5903 / 6116    683.0903 GFlop/s     (683.0903 GFlop/s per process)    96%    114.3 sec left
CG set 5904 / 6116    683.0905 GFlop/s     (683.0905 GFlop/s per process)    96%    113.7 sec left
CG set 5905 / 6116    683.0906 GFlop/s     (683.0906 GFlop/s per process)    96%    113.1 sec left
CG set 5906 / 6116    683.0908 GFlop/s     (683.0908 GFlop/s per process)    96%    112.6 sec left
CG set 5907 / 6116    683.0910 GFlop/s     (683.0910 GFlop/s per process)    96%    112.0 sec left
CG set 5908 / 6116    683.0912 GFlop/s     (683.0912 GFlop/s per process)    96%    111.4 sec left
CG set 5909 / 6116    683.0913 GFlop/s     (683.0913 GFlop/s per process)    96%    110.8 sec left
CG set 5910 / 6116    683.0914 GFlop/s     (683.0914 GFlop/s per process)    96%    110.2 sec left
CG set 5911 / 6116    683.0916 GFlop/s     (683.0916 GFlop/s per process)    96%    109.6 sec left
CG set 5912 / 6116    683.0917 GFlop/s     (683.0917 GFlop/s per process)    96%    109.0 sec left
CG set 5913 / 6116    683.0918 GFlop/s     (683.0918 GFlop/s per process)    96%    108.4 sec left
CG set 5914 / 6116    683.0919 GFlop/s     (683.0919 GFlop/s per process)    96%    107.8 sec left
CG set 5915 / 6116    683.0921 GFlop/s     (683.0921 GFlop/s per process)    96%    107.3 sec left
CG set 5916 / 6116    683.0924 GFlop/s     (683.0924 GFlop/s per process)    96%    106.7 sec left
CG set 5917 / 6116    683.0924 GFlop/s     (683.0924 GFlop/s per process)    96%    106.1 sec left
CG set 5918 / 6116    683.0926 GFlop/s     (683.0926 GFlop/s per process)    96%    105.5 sec left
CG set 5919 / 6116    683.0927 GFlop/s     (683.0927 GFlop/s per process)    96%    104.9 sec left
CG set 5920 / 6116    683.0928 GFlop/s     (683.0928 GFlop/s per process)    96%    104.3 sec left
CG set 5921 / 6116    683.0929 GFlop/s     (683.0929 GFlop/s per process)    96%    103.7 sec left
CG set 5922 / 6116    683.0932 GFlop/s     (683.0932 GFlop/s per process)    96%    103.1 sec left
CG set 5923 / 6116    683.0932 GFlop/s     (683.0932 GFlop/s per process)    96%    102.5 sec left
CG set 5924 / 6116    683.0933 GFlop/s     (683.0933 GFlop/s per process)    96%    101.9 sec left
CG set 5925 / 6116    683.0934 GFlop/s     (683.0934 GFlop/s per process)    96%    101.4 sec left
CG set 5926 / 6116    683.0936 GFlop/s     (683.0936 GFlop/s per process)    96%    100.8 sec left
CG set 5927 / 6116    683.0938 GFlop/s     (683.0938 GFlop/s per process)    96%    100.2 sec left
CG set 5928 / 6116    683.0940 GFlop/s     (683.0940 GFlop/s per process)    96%    99.6 sec left
CG set 5929 / 6116    683.0940 GFlop/s     (683.0940 GFlop/s per process)    96%    99.0 sec left
CG set 5930 / 6116    683.0941 GFlop/s     (683.0941 GFlop/s per process)    96%    98.4 sec left
CG set 5931 / 6116    683.0943 GFlop/s     (683.0943 GFlop/s per process)    96%    97.8 sec left
CG set 5932 / 6116    683.0945 GFlop/s     (683.0945 GFlop/s per process)    96%    97.2 sec left
CG set 5933 / 6116    683.0946 GFlop/s     (683.0946 GFlop/s per process)    97%    96.6 sec left
CG set 5934 / 6116    683.0947 GFlop/s     (683.0947 GFlop/s per process)    97%    96.0 sec left
CG set 5935 / 6116    683.0949 GFlop/s     (683.0949 GFlop/s per process)    97%    95.5 sec left
CG set 5936 / 6116    683.0951 GFlop/s     (683.0951 GFlop/s per process)    97%    94.9 sec left
CG set 5937 / 6116    683.0952 GFlop/s     (683.0952 GFlop/s per process)    97%    94.3 sec left
CG set 5938 / 6116    683.0953 GFlop/s     (683.0953 GFlop/s per process)    97%    93.7 sec left
CG set 5939 / 6116    683.0955 GFlop/s     (683.0955 GFlop/s per process)    97%    93.1 sec left
CG set 5940 / 6116    683.0955 GFlop/s     (683.0955 GFlop/s per process)    97%    92.5 sec left
CG set 5941 / 6116    683.0955 GFlop/s     (683.0955 GFlop/s per process)    97%    91.9 sec left
CG set 5942 / 6116    683.0956 GFlop/s     (683.0956 GFlop/s per process)    97%    91.3 sec left
CG set 5943 / 6116    683.0957 GFlop/s     (683.0957 GFlop/s per process)    97%    90.7 sec left
CG set 5944 / 6116    683.0957 GFlop/s     (683.0957 GFlop/s per process)    97%    90.1 sec left
CG set 5945 / 6116    683.0958 GFlop/s     (683.0958 GFlop/s per process)    97%    89.6 sec left
CG set 5946 / 6116    683.0959 GFlop/s     (683.0959 GFlop/s per process)    97%    89.0 sec left
CG set 5947 / 6116    683.0957 GFlop/s     (683.0957 GFlop/s per process)    97%    88.4 sec left
CG set 5948 / 6116    683.0958 GFlop/s     (683.0958 GFlop/s per process)    97%    87.8 sec left
CG set 5949 / 6116    683.0958 GFlop/s     (683.0958 GFlop/s per process)    97%    87.2 sec left
CG set 5950 / 6116    683.0959 GFlop/s     (683.0959 GFlop/s per process)    97%    86.6 sec left
CG set 5951 / 6116    683.0960 GFlop/s     (683.0960 GFlop/s per process)    97%    86.0 sec left
CG set 5952 / 6116    683.0960 GFlop/s     (683.0960 GFlop/s per process)    97%    85.4 sec left
CG set 5953 / 6116    683.0960 GFlop/s     (683.0960 GFlop/s per process)    97%    84.8 sec left
CG set 5954 / 6116    683.0961 GFlop/s     (683.0961 GFlop/s per process)    97%    84.2 sec left
CG set 5955 / 6116    683.0963 GFlop/s     (683.0963 GFlop/s per process)    97%    83.7 sec left
CG set 5956 / 6116    683.0963 GFlop/s     (683.0963 GFlop/s per process)    97%    83.1 sec left
CG set 5957 / 6116    683.0965 GFlop/s     (683.0965 GFlop/s per process)    97%    82.5 sec left
CG set 5958 / 6116    683.0964 GFlop/s     (683.0964 GFlop/s per process)    97%    81.9 sec left
CG set 5959 / 6116    683.0965 GFlop/s     (683.0965 GFlop/s per process)    97%    81.3 sec left
CG set 5960 / 6116    683.0965 GFlop/s     (683.0965 GFlop/s per process)    97%    80.7 sec left
CG set 5961 / 6116    683.0964 GFlop/s     (683.0964 GFlop/s per process)    97%    80.1 sec left
CG set 5962 / 6116    683.0964 GFlop/s     (683.0964 GFlop/s per process)    97%    79.5 sec left
CG set 5963 / 6116    683.0965 GFlop/s     (683.0965 GFlop/s per process)    97%    78.9 sec left
CG set 5964 / 6116    683.0965 GFlop/s     (683.0965 GFlop/s per process)    97%    78.3 sec left
CG set 5965 / 6116    683.0966 GFlop/s     (683.0966 GFlop/s per process)    97%    77.8 sec left
CG set 5966 / 6116    683.0966 GFlop/s     (683.0966 GFlop/s per process)    97%    77.2 sec left
CG set 5967 / 6116    683.0967 GFlop/s     (683.0967 GFlop/s per process)    97%    76.6 sec left
CG set 5968 / 6116    683.0967 GFlop/s     (683.0967 GFlop/s per process)    97%    76.0 sec left
CG set 5969 / 6116    683.0967 GFlop/s     (683.0967 GFlop/s per process)    97%    75.4 sec left
CG set 5970 / 6116    683.0967 GFlop/s     (683.0967 GFlop/s per process)    97%    74.8 sec left
CG set 5971 / 6116    683.0967 GFlop/s     (683.0967 GFlop/s per process)    97%    74.2 sec left
CG set 5972 / 6116    683.0967 GFlop/s     (683.0967 GFlop/s per process)    97%    73.6 sec left
CG set 5973 / 6116    683.0968 GFlop/s     (683.0968 GFlop/s per process)    97%    73.0 sec left
CG set 5974 / 6116    683.0969 GFlop/s     (683.0969 GFlop/s per process)    97%    72.4 sec left
CG set 5975 / 6116    683.0969 GFlop/s     (683.0969 GFlop/s per process)    97%    71.8 sec left
CG set 5976 / 6116    683.0967 GFlop/s     (683.0967 GFlop/s per process)    97%    71.3 sec left
CG set 5977 / 6116    683.0967 GFlop/s     (683.0967 GFlop/s per process)    97%    70.7 sec left
CG set 5978 / 6116    683.0967 GFlop/s     (683.0967 GFlop/s per process)    97%    70.1 sec left
CG set 5979 / 6116    683.0965 GFlop/s     (683.0965 GFlop/s per process)    97%    69.5 sec left
CG set 5980 / 6116    683.0965 GFlop/s     (683.0965 GFlop/s per process)    97%    68.9 sec left
CG set 5981 / 6116    683.0963 GFlop/s     (683.0963 GFlop/s per process)    97%    68.3 sec left
CG set 5982 / 6116    683.0963 GFlop/s     (683.0963 GFlop/s per process)    97%    67.7 sec left
CG set 5983 / 6116    683.0962 GFlop/s     (683.0962 GFlop/s per process)    97%    67.1 sec left
CG set 5984 / 6116    683.0961 GFlop/s     (683.0961 GFlop/s per process)    97%    66.5 sec left
CG set 5985 / 6116    683.0958 GFlop/s     (683.0958 GFlop/s per process)    97%    65.9 sec left
CG set 5986 / 6116    683.0956 GFlop/s     (683.0956 GFlop/s per process)    97%    65.3 sec left
CG set 5987 / 6116    683.0957 GFlop/s     (683.0957 GFlop/s per process)    97%    64.8 sec left
CG set 5988 / 6116    683.0957 GFlop/s     (683.0957 GFlop/s per process)    97%    64.2 sec left
CG set 5989 / 6116    683.0956 GFlop/s     (683.0956 GFlop/s per process)    97%    63.6 sec left
CG set 5990 / 6116    683.0954 GFlop/s     (683.0954 GFlop/s per process)    97%    63.0 sec left
CG set 5991 / 6116    683.0953 GFlop/s     (683.0953 GFlop/s per process)    97%    62.4 sec left
CG set 5992 / 6116    683.0952 GFlop/s     (683.0952 GFlop/s per process)    97%    61.8 sec left
CG set 5993 / 6116    683.0951 GFlop/s     (683.0951 GFlop/s per process)    97%    61.2 sec left
CG set 5994 / 6116    683.0947 GFlop/s     (683.0947 GFlop/s per process)    98%    60.6 sec left
CG set 5995 / 6116    683.0946 GFlop/s     (683.0946 GFlop/s per process)    98%    60.0 sec left
CG set 5996 / 6116    683.0944 GFlop/s     (683.0944 GFlop/s per process)    98%    59.4 sec left
CG set 5997 / 6116    683.0942 GFlop/s     (683.0942 GFlop/s per process)    98%    58.8 sec left
CG set 5998 / 6116    683.0941 GFlop/s     (683.0941 GFlop/s per process)    98%    58.3 sec left
CG set 5999 / 6116    683.0938 GFlop/s     (683.0938 GFlop/s per process)    98%    57.7 sec left
CG set 6000 / 6116    683.0936 GFlop/s     (683.0936 GFlop/s per process)    98%    57.1 sec left
CG set 6001 / 6116    683.0934 GFlop/s     (683.0934 GFlop/s per process)    98%    56.5 sec left
CG set 6002 / 6116    683.0931 GFlop/s     (683.0931 GFlop/s per process)    98%    55.9 sec left
CG set 6003 / 6116    683.0929 GFlop/s     (683.0929 GFlop/s per process)    98%    55.3 sec left
CG set 6004 / 6116    683.0927 GFlop/s     (683.0927 GFlop/s per process)    98%    54.7 sec left
CG set 6005 / 6116    683.0926 GFlop/s     (683.0926 GFlop/s per process)    98%    54.1 sec left
CG set 6006 / 6116    683.0923 GFlop/s     (683.0923 GFlop/s per process)    98%    53.5 sec left
CG set 6007 / 6116    683.0921 GFlop/s     (683.0921 GFlop/s per process)    98%    52.9 sec left
CG set 6008 / 6116    683.0918 GFlop/s     (683.0918 GFlop/s per process)    98%    52.3 sec left
CG set 6009 / 6116    683.0916 GFlop/s     (683.0916 GFlop/s per process)    98%    51.7 sec left
CG set 6010 / 6116    683.0914 GFlop/s     (683.0914 GFlop/s per process)    98%    51.2 sec left
CG set 6011 / 6116    683.0913 GFlop/s     (683.0913 GFlop/s per process)    98%    50.6 sec left
CG set 6012 / 6116    683.0910 GFlop/s     (683.0910 GFlop/s per process)    98%    50.0 sec left
CG set 6013 / 6116    683.0906 GFlop/s     (683.0906 GFlop/s per process)    98%    49.4 sec left
CG set 6014 / 6116    683.0905 GFlop/s     (683.0905 GFlop/s per process)    98%    48.8 sec left
CG set 6015 / 6116    683.0903 GFlop/s     (683.0903 GFlop/s per process)    98%    48.2 sec left
CG set 6016 / 6116    683.0899 GFlop/s     (683.0899 GFlop/s per process)    98%    47.6 sec left
CG set 6017 / 6116    683.0897 GFlop/s     (683.0897 GFlop/s per process)    98%    47.0 sec left
CG set 6018 / 6116    683.0894 GFlop/s     (683.0894 GFlop/s per process)    98%    46.4 sec left
CG set 6019 / 6116    683.0892 GFlop/s     (683.0892 GFlop/s per process)    98%    45.8 sec left
CG set 6020 / 6116    683.0890 GFlop/s     (683.0890 GFlop/s per process)    98%    45.2 sec left
CG set 6021 / 6116    683.0888 GFlop/s     (683.0888 GFlop/s per process)    98%    44.6 sec left
CG set 6022 / 6116    683.0884 GFlop/s     (683.0884 GFlop/s per process)    98%    44.0 sec left
CG set 6023 / 6116    683.0881 GFlop/s     (683.0881 GFlop/s per process)    98%    43.5 sec left
CG set 6024 / 6116    683.0878 GFlop/s     (683.0878 GFlop/s per process)    98%    42.9 sec left
CG set 6025 / 6116    683.0877 GFlop/s     (683.0877 GFlop/s per process)    98%    42.3 sec left
CG set 6026 / 6116    683.0873 GFlop/s     (683.0873 GFlop/s per process)    98%    41.7 sec left
CG set 6027 / 6116    683.0872 GFlop/s     (683.0872 GFlop/s per process)    98%    41.1 sec left
CG set 6028 / 6116    683.0870 GFlop/s     (683.0870 GFlop/s per process)    98%    40.5 sec left
CG set 6029 / 6116    683.0867 GFlop/s     (683.0867 GFlop/s per process)    98%    39.9 sec left
CG set 6030 / 6116    683.0866 GFlop/s     (683.0866 GFlop/s per process)    98%    39.3 sec left
CG set 6031 / 6116    683.0864 GFlop/s     (683.0864 GFlop/s per process)    98%    38.7 sec left
CG set 6032 / 6116    683.0862 GFlop/s     (683.0862 GFlop/s per process)    98%    38.1 sec left
CG set 6033 / 6116    683.0861 GFlop/s     (683.0861 GFlop/s per process)    98%    37.5 sec left
CG set 6034 / 6116    683.0858 GFlop/s     (683.0858 GFlop/s per process)    98%    36.9 sec left
CG set 6035 / 6116    683.0855 GFlop/s     (683.0855 GFlop/s per process)    98%    36.4 sec left
CG set 6036 / 6116    683.0854 GFlop/s     (683.0854 GFlop/s per process)    98%    35.8 sec left
CG set 6037 / 6116    683.0851 GFlop/s     (683.0851 GFlop/s per process)    98%    35.2 sec left
CG set 6038 / 6116    683.0848 GFlop/s     (683.0848 GFlop/s per process)    98%    34.6 sec left
CG set 6039 / 6116    683.0845 GFlop/s     (683.0845 GFlop/s per process)    98%    34.0 sec left
CG set 6040 / 6116    683.0845 GFlop/s     (683.0845 GFlop/s per process)    98%    33.4 sec left
CG set 6041 / 6116    683.0841 GFlop/s     (683.0841 GFlop/s per process)    98%    32.8 sec left
CG set 6042 / 6116    683.0840 GFlop/s     (683.0840 GFlop/s per process)    98%    32.2 sec left
CG set 6043 / 6116    683.0838 GFlop/s     (683.0838 GFlop/s per process)    98%    31.6 sec left
CG set 6044 / 6116    683.0836 GFlop/s     (683.0836 GFlop/s per process)    98%    31.0 sec left
CG set 6045 / 6116    683.0834 GFlop/s     (683.0834 GFlop/s per process)    98%    30.4 sec left
CG set 6046 / 6116    683.0832 GFlop/s     (683.0832 GFlop/s per process)    98%    29.9 sec left
CG set 6047 / 6116    683.0830 GFlop/s     (683.0830 GFlop/s per process)    98%    29.3 sec left
CG set 6048 / 6116    683.0827 GFlop/s     (683.0827 GFlop/s per process)    98%    28.7 sec left
CG set 6049 / 6116    683.0825 GFlop/s     (683.0825 GFlop/s per process)    98%    28.1 sec left
CG set 6050 / 6116    683.0824 GFlop/s     (683.0824 GFlop/s per process)    98%    27.5 sec left
CG set 6051 / 6116    683.0823 GFlop/s     (683.0823 GFlop/s per process)    98%    26.9 sec left
CG set 6052 / 6116    683.0821 GFlop/s     (683.0821 GFlop/s per process)    98%    26.3 sec left
CG set 6053 / 6116    683.0820 GFlop/s     (683.0820 GFlop/s per process)    98%    25.7 sec left
CG set 6054 / 6116    683.0819 GFlop/s     (683.0819 GFlop/s per process)    98%    25.1 sec left
CG set 6055 / 6116    683.0819 GFlop/s     (683.0819 GFlop/s per process)    99%    24.5 sec left
CG set 6056 / 6116    683.0819 GFlop/s     (683.0819 GFlop/s per process)    99%    23.9 sec left
CG set 6057 / 6116    683.0819 GFlop/s     (683.0819 GFlop/s per process)    99%    23.3 sec left
CG set 6058 / 6116    683.0818 GFlop/s     (683.0818 GFlop/s per process)    99%    22.8 sec left
CG set 6059 / 6116    683.0816 GFlop/s     (683.0816 GFlop/s per process)    99%    22.2 sec left
CG set 6060 / 6116    683.0814 GFlop/s     (683.0814 GFlop/s per process)    99%    21.6 sec left
CG set 6061 / 6116    683.0813 GFlop/s     (683.0813 GFlop/s per process)    99%    21.0 sec left
CG set 6062 / 6116    683.0812 GFlop/s     (683.0812 GFlop/s per process)    99%    20.4 sec left
CG set 6063 / 6116    683.0812 GFlop/s     (683.0812 GFlop/s per process)    99%    19.8 sec left
CG set 6064 / 6116    683.0810 GFlop/s     (683.0810 GFlop/s per process)    99%    19.2 sec left
CG set 6065 / 6116    683.0810 GFlop/s     (683.0810 GFlop/s per process)    99%    18.6 sec left
CG set 6066 / 6116    683.0810 GFlop/s     (683.0810 GFlop/s per process)    99%    18.0 sec left
CG set 6067 / 6116    683.0808 GFlop/s     (683.0808 GFlop/s per process)    99%    17.4 sec left
CG set 6068 / 6116    683.0807 GFlop/s     (683.0807 GFlop/s per process)    99%    16.8 sec left
CG set 6069 / 6116    683.0806 GFlop/s     (683.0806 GFlop/s per process)    99%    16.3 sec left
CG set 6070 / 6116    683.0805 GFlop/s     (683.0805 GFlop/s per process)    99%    15.7 sec left
CG set 6071 / 6116    683.0803 GFlop/s     (683.0803 GFlop/s per process)    99%    15.1 sec left
CG set 6072 / 6116    683.0802 GFlop/s     (683.0802 GFlop/s per process)    99%    14.5 sec left
CG set 6073 / 6116    683.0802 GFlop/s     (683.0802 GFlop/s per process)    99%    13.9 sec left
CG set 6074 / 6116    683.0802 GFlop/s     (683.0802 GFlop/s per process)    99%    13.3 sec left
CG set 6075 / 6116    683.0801 GFlop/s     (683.0801 GFlop/s per process)    99%    12.7 sec left
CG set 6076 / 6116    683.0800 GFlop/s     (683.0800 GFlop/s per process)    99%    12.1 sec left
CG set 6077 / 6116    683.0800 GFlop/s     (683.0800 GFlop/s per process)    99%    11.5 sec left
CG set 6078 / 6116    683.0800 GFlop/s     (683.0800 GFlop/s per process)    99%    10.9 sec left
CG set 6079 / 6116    683.0800 GFlop/s     (683.0800 GFlop/s per process)    99%    10.3 sec left
CG set 6080 / 6116    683.0800 GFlop/s     (683.0800 GFlop/s per process)    99%    9.8 sec left
CG set 6081 / 6116    683.0800 GFlop/s     (683.0800 GFlop/s per process)    99%    9.2 sec left
CG set 6082 / 6116    683.0799 GFlop/s     (683.0799 GFlop/s per process)    99%    8.6 sec left
CG set 6083 / 6116    683.0798 GFlop/s     (683.0798 GFlop/s per process)    99%    8.0 sec left
CG set 6084 / 6116    683.0797 GFlop/s     (683.0797 GFlop/s per process)    99%    7.4 sec left
CG set 6085 / 6116    683.0798 GFlop/s     (683.0798 GFlop/s per process)    99%    6.8 sec left
CG set 6086 / 6116    683.0797 GFlop/s     (683.0797 GFlop/s per process)    99%    6.2 sec left
CG set 6087 / 6116    683.0796 GFlop/s     (683.0796 GFlop/s per process)    99%    5.6 sec left
CG set 6088 / 6116    683.0795 GFlop/s     (683.0795 GFlop/s per process)    99%    5.0 sec left
CG set 6089 / 6116    683.0796 GFlop/s     (683.0796 GFlop/s per process)    99%    4.4 sec left
CG set 6090 / 6116    683.0796 GFlop/s     (683.0796 GFlop/s per process)    99%    3.8 sec left
CG set 6091 / 6116    683.0795 GFlop/s     (683.0795 GFlop/s per process)    99%    3.3 sec left
CG set 6092 / 6116    683.0795 GFlop/s     (683.0795 GFlop/s per process)    99%    2.7 sec left
CG set 6093 / 6116    683.0794 GFlop/s     (683.0794 GFlop/s per process)    99%    2.1 sec left
CG set 6094 / 6116    683.0794 GFlop/s     (683.0794 GFlop/s per process)    99%    1.5 sec left
CG set 6095 / 6116    683.0793 GFlop/s     (683.0793 GFlop/s per process)    99%    0.9 sec left
CG set 6096 / 6116    683.0792 GFlop/s     (683.0792 GFlop/s per process)    99%    0.3 sec left
CG set 6097 / 6116    683.0793 GFlop/s     (683.0793 GFlop/s per process)    99%    0.0 sec left
CG set 6098 / 6116    683.0792 GFlop/s     (683.0792 GFlop/s per process)    99%    0.0 sec left
CG set 6099 / 6116    683.0792 GFlop/s     (683.0792 GFlop/s per process)    99%    0.0 sec left
CG set 6100 / 6116    683.0791 GFlop/s     (683.0791 GFlop/s per process)    99%    0.0 sec left
CG set 6101 / 6116    683.0790 GFlop/s     (683.0790 GFlop/s per process)    99%    0.0 sec left
CG set 6102 / 6116    683.0790 GFlop/s     (683.0790 GFlop/s per process)    99%    0.0 sec left
CG set 6103 / 6116    683.0788 GFlop/s     (683.0788 GFlop/s per process)    99%    0.0 sec left
CG set 6104 / 6116    683.0787 GFlop/s     (683.0787 GFlop/s per process)    99%    0.0 sec left
CG set 6105 / 6116    683.0788 GFlop/s     (683.0788 GFlop/s per process)    99%    0.0 sec left
CG set 6106 / 6116    683.0786 GFlop/s     (683.0786 GFlop/s per process)    99%    0.0 sec left
CG set 6107 / 6116    683.0786 GFlop/s     (683.0786 GFlop/s per process)    99%    0.0 sec left
CG set 6108 / 6116    683.0784 GFlop/s     (683.0784 GFlop/s per process)    99%    0.0 sec left
CG set 6109 / 6116    683.0783 GFlop/s     (683.0783 GFlop/s per process)    99%    0.0 sec left
CG set 6110 / 6116    683.0782 GFlop/s     (683.0782 GFlop/s per process)    99%    0.0 sec left
CG set 6111 / 6116    683.0781 GFlop/s     (683.0781 GFlop/s per process)    99%    0.0 sec left
CG set 6112 / 6116    683.0782 GFlop/s     (683.0782 GFlop/s per process)    99%    0.0 sec left
CG set 6113 / 6116    683.0781 GFlop/s     (683.0781 GFlop/s per process)    99%    0.0 sec left
CG set 6114 / 6116    683.0780 GFlop/s     (683.0780 GFlop/s per process)    99%    0.0 sec left
CG set 6115 / 6116    683.0780 GFlop/s     (683.0780 GFlop/s per process)    99%    0.0 sec left
CG set 6116 / 6116    683.0780 GFlop/s     (683.0780 GFlop/s per process)    100%    0.0 sec left

Local domain: 280 x 280 x 280
Global domain: 280 x 280 x 280
Process domain: 1 x 1 x 1

Total Time: 3611.51 sec
Setup Time: 0.03 sec
Optimization Time: 0.05 sec

DDOT   =   346.4 GFlop/s ( 2771.4 GB/s)     346.4 GFlop/s per process ( 2771.4 GB/s per process)
WAXPBY =   230.4 GFlop/s ( 2764.5 GB/s)     230.4 GFlop/s per process ( 2764.5 GB/s per process)
SpMV   =   597.4 GFlop/s ( 4957.3 GB/s)     597.4 GFlop/s per process ( 4957.3 GB/s per process)
MG     =   759.2 GFlop/s ( 7378.7 GB/s)     759.2 GFlop/s per process ( 7378.7 GB/s per process)
Total  =   692.2 GFlop/s ( 6589.3 GB/s)     692.2 GFlop/s per process ( 6589.3 GB/s per process)
Final  =   683.1 GFlop/s ( 6502.3 GB/s)     683.1 GFlop/s per process ( 6502.3 GB/s per process)
