Timestamp,gpu,socket_power,gfx_voltage,soc_voltage,mem_voltage,throttle_status,power_management,gfx_0_clk,gfx_0_min_clk,gfx_0_max_clk,gfx_0_clk_locked,gfx_0_deep_sleep,gfx_1_clk,gfx_1_min_clk,gfx_1_max_clk,gfx_1_clk_locked,gfx_1_deep_sleep,gfx_2_clk,gfx_2_min_clk,gfx_2_max_clk,gfx_2_clk_locked,gfx_2_deep_sleep,gfx_3_clk,gfx_3_min_clk,gfx_3_max_clk,gfx_3_clk_locked,gfx_3_deep_sleep,gfx_4_clk,gfx_4_min_clk,gfx_4_max_clk,gfx_4_clk_locked,gfx_4_deep_sleep,gfx_5_clk,gfx_5_min_clk,gfx_5_max_clk,gfx_5_clk_locked,gfx_5_deep_sleep,gfx_6_clk,gfx_6_min_clk,gfx_6_max_clk,gfx_6_clk_locked,gfx_6_deep_sleep,gfx_7_clk,gfx_7_min_clk,gfx_7_max_clk,gfx_7_clk_locked,gfx_7_deep_sleep,mem_0_clk,mem_0_min_clk,mem_0_max_clk,mem_0_clk_locked,mem_0_deep_sleep,vclk_0_clk,vclk_0_min_clk,vclk_0_max_clk,vclk_0_clk_locked,vclk_0_deep_sleep,vclk_1_clk,vclk_1_min_clk,vclk_1_max_clk,vclk_1_clk_locked,vclk_1_deep_sleep,vclk_2_clk,vclk_2_min_clk,vclk_2_max_clk,vclk_2_clk_locked,vclk_2_deep_sleep,vclk_3_clk,vclk_3_min_clk,vclk_3_max_clk,vclk_3_clk_locked,vclk_3_deep_sleep,dclk_0_clk,dclk_0_min_clk,dclk_0_max_clk,dclk_0_clk_locked,dclk_0_deep_sleep,dclk_1_clk,dclk_1_min_clk,dclk_1_max_clk,dclk_1_clk_locked,dclk_1_deep_sleep,dclk_2_clk,dclk_2_min_clk,dclk_2_max_clk,dclk_2_clk_locked,dclk_2_deep_sleep,dclk_3_clk,dclk_3_min_clk,dclk_3_max_clk,dclk_3_clk_locked,dclk_3_deep_sleep,edge,hotspot,mem
1744661799,0,105,N/A,N/A,N/A,N/A,ENABLED,96,500,1400,DISABLED,ENABLED,87,500,1400,DISABLED,ENABLED,88,500,1400,DISABLED,ENABLED,88,500,1400,DISABLED,ENABLED,88,500,1400,DISABLED,ENABLED,88,500,1400,DISABLED,ENABLED,87,500,1400,DISABLED,ENABLED,88,500,1400,DISABLED,ENABLED,900,900,1500,N/A,DISABLED,29,914,1680,N/A,ENABLED,29,914,1680,N/A,ENABLED,29,914,1680,N/A,ENABLED,29,914,1680,N/A,ENABLED,22,711,1400,N/A,ENABLED,22,711,1400,N/A,ENABLED,22,711,1400,N/A,ENABLED,22,711,1400,N/A,ENABLED,N/A,32,32
1744661800,0,104,N/A,N/A,N/A,N/A,ENABLED,90,500,1400,DISABLED,ENABLED,87,500,1400,DISABLED,ENABLED,88,500,1400,DISABLED,ENABLED,88,500,1400,DISABLED,ENABLED,88,500,1400,DISABLED,ENABLED,88,500,1400,DISABLED,ENABLED,87,500,1400,DISABLED,ENABLED,88,500,1400,DISABLED,ENABLED,900,900,1500,N/A,DISABLED,29,914,1680,N/A,ENABLED,29,914,1680,N/A,ENABLED,29,914,1680,N/A,ENABLED,29,914,1680,N/A,ENABLED,22,711,1400,N/A,ENABLED,22,711,1400,N/A,ENABLED,22,711,1400,N/A,ENABLED,22,711,1400,N/A,ENABLED,N/A,32,32
1744661802,0,106,N/A,N/A,N/A,N/A,ENABLED,89,500,1400,DISABLED,ENABLED,87,500,1400,DISABLED,ENABLED,88,500,1400,DISABLED,ENABLED,88,500,1400,DISABLED,ENABLED,88,500,1400,DISABLED,ENABLED,88,500,1400,DISABLED,ENABLED,87,500,1400,DISABLED,ENABLED,88,500,1400,DISABLED,ENABLED,900,900,1500,N/A,DISABLED,29,914,1680,N/A,ENABLED,29,914,1680,N/A,ENABLED,29,914,1680,N/A,ENABLED,29,914,1680,N/A,ENABLED,22,711,1400,N/A,ENABLED,22,711,1400,N/A,ENABLED,22,711,1400,N/A,ENABLED,22,711,1400,N/A,ENABLED,N/A,32,32
1744661803,0,105,N/A,N/A,N/A,N/A,ENABLED,89,500,1400,DISABLED,ENABLED,87,500,1400,DISABLED,ENABLED,88,500,1400,DISABLED,ENABLED,88,500,1400,DISABLED,ENABLED,88,500,1400,DISABLED,ENABLED,88,500,1400,DISABLED,ENABLED,87,500,1400,DISABLED,ENABLED,88,500,1400,DISABLED,ENABLED,900,900,1500,N/A,DISABLED,29,914,1680,N/A,ENABLED,29,914,1680,N/A,ENABLED,29,914,1680,N/A,ENABLED,29,914,1680,N/A,ENABLED,22,711,1400,N/A,ENABLED,22,711,1400,N/A,ENABLED,22,711,1400,N/A,ENABLED,22,711,1400,N/A,ENABLED,N/A,32,31
1744661804,0,105,N/A,N/A,N/A,N/A,ENABLED,89,500,1400,DISABLED,ENABLED,87,500,1400,DISABLED,ENABLED,88,500,1400,DISABLED,ENABLED,88,500,1400,DISABLED,ENABLED,88,500,1400,DISABLED,ENABLED,88,500,1400,DISABLED,ENABLED,87,500,1400,DISABLED,ENABLED,88,500,1400,DISABLED,ENABLED,900,900,1500,N/A,DISABLED,29,914,1680,N/A,ENABLED,29,914,1680,N/A,ENABLED,29,914,1680,N/A,ENABLED,29,914,1680,N/A,ENABLED,22,711,1400,N/A,ENABLED,22,711,1400,N/A,ENABLED,22,711,1400,N/A,ENABLED,22,711,1400,N/A,ENABLED,N/A,32,32
1744661805,0,105,N/A,N/A,N/A,N/A,ENABLED,89,500,1400,DISABLED,ENABLED,87,500,1400,DISABLED,ENABLED,88,500,1400,DISABLED,ENABLED,88,500,1400,DISABLED,ENABLED,88,500,1400,DISABLED,ENABLED,88,500,1400,DISABLED,ENABLED,87,500,1400,DISABLED,ENABLED,88,500,1400,DISABLED,ENABLED,900,900,1500,N/A,DISABLED,29,914,1680,N/A,ENABLED,29,914,1680,N/A,ENABLED,29,914,1680,N/A,ENABLED,29,914,1680,N/A,ENABLED,22,711,1400,N/A,ENABLED,22,711,1400,N/A,ENABLED,22,711,1400,N/A,ENABLED,22,711,1400,N/A,ENABLED,N/A,32,32
1744661806,0,105,N/A,N/A,N/A,N/A,ENABLED,89,500,1400,DISABLED,ENABLED,87,500,1400,DISABLED,ENABLED,88,500,1400,DISABLED,ENABLED,88,500,1400,DISABLED,ENABLED,88,500,1400,DISABLED,ENABLED,88,500,1400,DISABLED,ENABLED,87,500,1400,DISABLED,ENABLED,88,500,1400,DISABLED,ENABLED,900,900,1500,N/A,DISABLED,29,914,1680,N/A,ENABLED,29,914,1680,N/A,ENABLED,29,914,1680,N/A,ENABLED,29,914,1680,N/A,ENABLED,22,711,1400,N/A,ENABLED,22,711,1400,N/A,ENABLED,22,711,1400,N/A,ENABLED,22,711,1400,N/A,ENABLED,N/A,32,32
1744661807,0,104,N/A,N/A,N/A,N/A,ENABLED,89,500,1400,DISABLED,ENABLED,87,500,1400,DISABLED,ENABLED,88,500,1400,DISABLED,ENABLED,88,500,1400,DISABLED,ENABLED,88,500,1400,DISABLED,ENABLED,88,500,1400,DISABLED,ENABLED,87,500,1400,DISABLED,ENABLED,88,500,1400,DISABLED,ENABLED,900,900,1500,N/A,DISABLED,29,914,1680,N/A,ENABLED,29,914,1680,N/A,ENABLED,29,914,1680,N/A,ENABLED,29,914,1680,N/A,ENABLED,22,711,1400,N/A,ENABLED,22,711,1400,N/A,ENABLED,22,711,1400,N/A,ENABLED,22,711,1400,N/A,ENABLED,N/A,32,32
1744661809,0,105,N/A,N/A,N/A,N/A,ENABLED,89,500,1400,DISABLED,ENABLED,87,500,1400,DISABLED,ENABLED,88,500,1400,DISABLED,ENABLED,88,500,1400,DISABLED,ENABLED,88,500,1400,DISABLED,ENABLED,88,500,1400,DISABLED,ENABLED,87,500,1400,DISABLED,ENABLED,88,500,1400,DISABLED,ENABLED,900,900,1500,N/A,DISABLED,29,914,1680,N/A,ENABLED,29,914,1680,N/A,ENABLED,29,914,1680,N/A,ENABLED,29,914,1680,N/A,ENABLED,22,711,1400,N/A,ENABLED,22,711,1400,N/A,ENABLED,22,711,1400,N/A,ENABLED,22,711,1400,N/A,ENABLED,N/A,32,31
1744661810,0,105,N/A,N/A,N/A,N/A,ENABLED,89,500,1400,DISABLED,ENABLED,87,500,1400,DISABLED,ENABLED,88,500,1400,DISABLED,ENABLED,88,500,1400,DISABLED,ENABLED,88,500,1400,DISABLED,ENABLED,88,500,1400,DISABLED,ENABLED,87,500,1400,DISABLED,ENABLED,88,500,1400,DISABLED,ENABLED,900,900,1500,N/A,DISABLED,29,914,1680,N/A,ENABLED,29,914,1680,N/A,ENABLED,29,914,1680,N/A,ENABLED,29,914,1680,N/A,ENABLED,22,711,1400,N/A,ENABLED,22,711,1400,N/A,ENABLED,22,711,1400,N/A,ENABLED,22,711,1400,N/A,ENABLED,N/A,32,32
1744661811,0,227,N/A,N/A,N/A,N/A,ENABLED,1401,500,1400,DISABLED,DISABLED,1385,500,1400,DISABLED,DISABLED,1401,500,1400,DISABLED,DISABLED,1397,500,1400,DISABLED,DISABLED,1397,500,1400,DISABLED,DISABLED,1396,500,1400,DISABLED,DISABLED,1388,500,1400,DISABLED,DISABLED,1399,500,1400,DISABLED,DISABLED,1494,900,1500,N/A,DISABLED,52,914,1680,N/A,ENABLED,52,914,1680,N/A,ENABLED,52,914,1680,N/A,ENABLED,52,914,1680,N/A,ENABLED,44,711,1400,N/A,ENABLED,44,711,1400,N/A,ENABLED,44,711,1400,N/A,ENABLED,44,711,1400,N/A,ENABLED,N/A,32,32
1744661812,0,228,N/A,N/A,N/A,N/A,ENABLED,1403,500,1403,DISABLED,DISABLED,1387,500,1403,DISABLED,DISABLED,1403,500,1403,DISABLED,DISABLED,1399,500,1403,DISABLED,DISABLED,1398,500,1403,DISABLED,DISABLED,1397,500,1403,DISABLED,DISABLED,1390,500,1403,DISABLED,DISABLED,1401,500,1403,DISABLED,DISABLED,1500,900,1500,N/A,DISABLED,53,914,1680,N/A,ENABLED,53,914,1680,N/A,ENABLED,53,914,1680,N/A,ENABLED,53,914,1680,N/A,ENABLED,44,711,1400,N/A,ENABLED,44,711,1400,N/A,ENABLED,44,711,1400,N/A,ENABLED,44,711,1400,N/A,ENABLED,N/A,33,32
1744661813,0,229,N/A,N/A,N/A,N/A,ENABLED,1403,500,1403,DISABLED,DISABLED,1387,500,1403,DISABLED,DISABLED,1403,500,1403,DISABLED,DISABLED,1399,500,1403,DISABLED,DISABLED,1399,500,1403,DISABLED,DISABLED,1397,500,1403,DISABLED,DISABLED,1390,500,1403,DISABLED,DISABLED,1401,500,1403,DISABLED,DISABLED,1500,900,1500,N/A,DISABLED,53,914,1680,N/A,ENABLED,53,914,1680,N/A,ENABLED,53,914,1680,N/A,ENABLED,53,914,1680,N/A,ENABLED,44,711,1400,N/A,ENABLED,44,711,1400,N/A,ENABLED,44,711,1400,N/A,ENABLED,44,711,1400,N/A,ENABLED,N/A,34,32
1744661815,0,228,N/A,N/A,N/A,N/A,ENABLED,1403,500,1403,DISABLED,DISABLED,1388,500,1403,DISABLED,DISABLED,1403,500,1403,DISABLED,DISABLED,1400,500,1403,DISABLED,DISABLED,1398,500,1403,DISABLED,DISABLED,1398,500,1403,DISABLED,DISABLED,1391,500,1403,DISABLED,DISABLED,1400,500,1403,DISABLED,DISABLED,1500,900,1500,N/A,DISABLED,53,914,1680,N/A,ENABLED,53,914,1680,N/A,ENABLED,53,914,1680,N/A,ENABLED,53,914,1680,N/A,ENABLED,44,711,1400,N/A,ENABLED,44,711,1400,N/A,ENABLED,44,711,1400,N/A,ENABLED,44,711,1400,N/A,ENABLED,N/A,34,32
1744661816,0,229,N/A,N/A,N/A,N/A,ENABLED,1403,500,1403,DISABLED,DISABLED,1387,500,1403,DISABLED,DISABLED,1404,500,1403,DISABLED,DISABLED,1399,500,1403,DISABLED,DISABLED,1400,500,1403,DISABLED,DISABLED,1397,500,1403,DISABLED,DISABLED,1390,500,1403,DISABLED,DISABLED,1400,500,1403,DISABLED,DISABLED,1500,900,1500,N/A,DISABLED,53,914,1680,N/A,ENABLED,53,914,1680,N/A,ENABLED,53,914,1680,N/A,ENABLED,53,914,1680,N/A,ENABLED,44,711,1400,N/A,ENABLED,44,711,1400,N/A,ENABLED,44,711,1400,N/A,ENABLED,44,711,1400,N/A,ENABLED,N/A,34,32
1744661817,0,229,N/A,N/A,N/A,N/A,ENABLED,1403,500,1403,DISABLED,DISABLED,1388,500,1403,DISABLED,DISABLED,1403,500,1403,DISABLED,DISABLED,1399,500,1403,DISABLED,DISABLED,1399,500,1403,DISABLED,DISABLED,1397,500,1403,DISABLED,DISABLED,1390,500,1403,DISABLED,DISABLED,1400,500,1403,DISABLED,DISABLED,1500,900,1500,N/A,DISABLED,53,914,1680,N/A,ENABLED,53,914,1680,N/A,ENABLED,53,914,1680,N/A,ENABLED,53,914,1680,N/A,ENABLED,44,711,1400,N/A,ENABLED,44,711,1400,N/A,ENABLED,44,711,1400,N/A,ENABLED,44,711,1400,N/A,ENABLED,N/A,34,32
1744661818,0,228,N/A,N/A,N/A,N/A,ENABLED,1402,500,1402,DISABLED,DISABLED,1387,500,1402,DISABLED,DISABLED,1403,500,1402,DISABLED,DISABLED,1399,500,1402,DISABLED,DISABLED,1402,500,1402,DISABLED,DISABLED,1400,500,1402,DISABLED,DISABLED,1391,500,1402,DISABLED,DISABLED,1400,500,1402,DISABLED,DISABLED,1500,900,1500,N/A,DISABLED,53,914,1680,N/A,ENABLED,53,914,1680,N/A,ENABLED,53,914,1680,N/A,ENABLED,53,914,1680,N/A,ENABLED,44,711,1400,N/A,ENABLED,44,711,1400,N/A,ENABLED,44,711,1400,N/A,ENABLED,44,711,1400,N/A,ENABLED,N/A,34,33
1744661819,0,228,N/A,N/A,N/A,N/A,ENABLED,1403,500,1403,DISABLED,DISABLED,1387,500,1403,DISABLED,DISABLED,1403,500,1403,DISABLED,DISABLED,1399,500,1403,DISABLED,DISABLED,1401,500,1403,DISABLED,DISABLED,1400,500,1403,DISABLED,DISABLED,1390,500,1403,DISABLED,DISABLED,1400,500,1403,DISABLED,DISABLED,1500,900,1500,N/A,DISABLED,53,914,1680,N/A,ENABLED,53,914,1680,N/A,ENABLED,53,914,1680,N/A,ENABLED,53,914,1680,N/A,ENABLED,44,711,1400,N/A,ENABLED,44,711,1400,N/A,ENABLED,44,711,1400,N/A,ENABLED,44,711,1400,N/A,ENABLED,N/A,34,33
1744661820,0,229,N/A,N/A,N/A,N/A,ENABLED,1403,500,1403,DISABLED,DISABLED,1387,500,1403,DISABLED,DISABLED,1402,500,1403,DISABLED,DISABLED,1399,500,1403,DISABLED,DISABLED,1402,500,1403,DISABLED,DISABLED,1401,500,1403,DISABLED,DISABLED,1391,500,1403,DISABLED,DISABLED,1400,500,1403,DISABLED,DISABLED,1500,900,1500,N/A,DISABLED,53,914,1680,N/A,ENABLED,53,914,1680,N/A,ENABLED,53,914,1680,N/A,ENABLED,53,914,1680,N/A,ENABLED,44,711,1400,N/A,ENABLED,44,711,1400,N/A,ENABLED,44,711,1400,N/A,ENABLED,44,711,1400,N/A,ENABLED,N/A,34,33
1744661822,0,228,N/A,N/A,N/A,N/A,ENABLED,1403,500,1403,DISABLED,DISABLED,1387,500,1403,DISABLED,DISABLED,1402,500,1403,DISABLED,DISABLED,1400,500,1403,DISABLED,DISABLED,1402,500,1403,DISABLED,DISABLED,1400,500,1403,DISABLED,DISABLED,1391,500,1403,DISABLED,DISABLED,1400,500,1403,DISABLED,DISABLED,1500,900,1500,N/A,DISABLED,53,914,1680,N/A,ENABLED,53,914,1680,N/A,ENABLED,53,914,1680,N/A,ENABLED,53,914,1680,N/A,ENABLED,44,711,1400,N/A,ENABLED,44,711,1400,N/A,ENABLED,44,711,1400,N/A,ENABLED,44,711,1400,N/A,ENABLED,N/A,34,33
1744661823,0,229,N/A,N/A,N/A,N/A,ENABLED,1403,500,1403,DISABLED,DISABLED,1387,500,1403,DISABLED,DISABLED,1403,500,1403,DISABLED,DISABLED,1399,500,1403,DISABLED,DISABLED,1402,500,1403,DISABLED,DISABLED,1401,500,1403,DISABLED,DISABLED,1391,500,1403,DISABLED,DISABLED,1400,500,1403,DISABLED,DISABLED,1500,900,1500,N/A,DISABLED,53,914,1680,N/A,ENABLED,53,914,1680,N/A,ENABLED,53,914,1680,N/A,ENABLED,53,914,1680,N/A,ENABLED,44,711,1400,N/A,ENABLED,44,711,1400,N/A,ENABLED,44,711,1400,N/A,ENABLED,44,711,1400,N/A,ENABLED,N/A,34,33
1744661824,0,229,N/A,N/A,N/A,N/A,ENABLED,1403,500,1403,DISABLED,DISABLED,1388,500,1403,DISABLED,DISABLED,1402,500,1403,DISABLED,DISABLED,1399,500,1403,DISABLED,DISABLED,1402,500,1403,DISABLED,DISABLED,1401,500,1403,DISABLED,DISABLED,1390,500,1403,DISABLED,DISABLED,1400,500,1403,DISABLED,DISABLED,1500,900,1500,N/A,DISABLED,53,914,1680,N/A,ENABLED,53,914,1680,N/A,ENABLED,53,914,1680,N/A,ENABLED,53,914,1680,N/A,ENABLED,44,711,1400,N/A,ENABLED,44,711,1400,N/A,ENABLED,44,711,1400,N/A,ENABLED,44,711,1400,N/A,ENABLED,N/A,35,33
1744661825,0,228,N/A,N/A,N/A,N/A,ENABLED,1403,500,1403,DISABLED,DISABLED,1388,500,1403,DISABLED,DISABLED,1403,500,1403,DISABLED,DISABLED,1399,500,1403,DISABLED,DISABLED,1402,500,1403,DISABLED,DISABLED,1401,500,1403,DISABLED,DISABLED,1390,500,1403,DISABLED,DISABLED,1400,500,1403,DISABLED,DISABLED,1500,900,1500,N/A,DISABLED,53,914,1680,N/A,ENABLED,53,914,1680,N/A,ENABLED,53,914,1680,N/A,ENABLED,53,914,1680,N/A,ENABLED,44,711,1400,N/A,ENABLED,44,711,1400,N/A,ENABLED,44,711,1400,N/A,ENABLED,44,711,1400,N/A,ENABLED,N/A,35,33
1744661826,0,229,N/A,N/A,N/A,N/A,ENABLED,1403,500,1403,DISABLED,DISABLED,1387,500,1403,DISABLED,DISABLED,1403,500,1403,DISABLED,DISABLED,1399,500,1403,DISABLED,DISABLED,1403,500,1403,DISABLED,DISABLED,1402,500,1403,DISABLED,DISABLED,1390,500,1403,DISABLED,DISABLED,1399,500,1403,DISABLED,DISABLED,1500,900,1500,N/A,DISABLED,53,914,1680,N/A,ENABLED,53,914,1680,N/A,ENABLED,53,914,1680,N/A,ENABLED,53,914,1680,N/A,ENABLED,44,711,1400,N/A,ENABLED,44,711,1400,N/A,ENABLED,44,711,1400,N/A,ENABLED,44,711,1400,N/A,ENABLED,N/A,35,33
1744661827,0,229,N/A,N/A,N/A,N/A,ENABLED,1403,500,1403,DISABLED,DISABLED,1387,500,1403,DISABLED,DISABLED,1403,500,1403,DISABLED,DISABLED,1399,500,1403,DISABLED,DISABLED,1404,500,1403,DISABLED,DISABLED,1403,500,1403,DISABLED,DISABLED,1390,500,1403,DISABLED,DISABLED,1400,500,1403,DISABLED,DISABLED,1500,900,1500,N/A,DISABLED,53,914,1680,N/A,ENABLED,53,914,1680,N/A,ENABLED,53,914,1680,N/A,ENABLED,53,914,1680,N/A,ENABLED,44,711,1400,N/A,ENABLED,44,711,1400,N/A,ENABLED,44,711,1400,N/A,ENABLED,44,711,1400,N/A,ENABLED,N/A,35,33
1744661829,0,229,N/A,N/A,N/A,N/A,ENABLED,1404,500,1404,DISABLED,DISABLED,1387,500,1404,DISABLED,DISABLED,1404,500,1404,DISABLED,DISABLED,1399,500,1404,DISABLED,DISABLED,1404,500,1404,DISABLED,DISABLED,1404,500,1404,DISABLED,DISABLED,1391,500,1404,DISABLED,DISABLED,1400,500,1404,DISABLED,DISABLED,1500,900,1500,N/A,DISABLED,53,914,1680,N/A,ENABLED,53,914,1680,N/A,ENABLED,53,914,1680,N/A,ENABLED,53,914,1680,N/A,ENABLED,44,711,1400,N/A,ENABLED,44,711,1400,N/A,ENABLED,44,711,1400,N/A,ENABLED,44,711,1400,N/A,ENABLED,N/A,35,33
1744661830,0,228,N/A,N/A,N/A,N/A,ENABLED,1403,500,1403,DISABLED,DISABLED,1387,500,1403,DISABLED,DISABLED,1404,500,1403,DISABLED,DISABLED,1398,500,1403,DISABLED,DISABLED,1404,500,1403,DISABLED,DISABLED,1403,500,1403,DISABLED,DISABLED,1390,500,1403,DISABLED,DISABLED,1402,500,1403,DISABLED,DISABLED,1500,900,1500,N/A,DISABLED,53,914,1680,N/A,ENABLED,53,914,1680,N/A,ENABLED,53,914,1680,N/A,ENABLED,53,914,1680,N/A,ENABLED,44,711,1400,N/A,ENABLED,44,711,1400,N/A,ENABLED,44,711,1400,N/A,ENABLED,44,711,1400,N/A,ENABLED,N/A,35,33
1744661831,0,227,N/A,N/A,N/A,N/A,ENABLED,1403,500,1403,DISABLED,DISABLED,1387,500,1403,DISABLED,DISABLED,1404,500,1403,DISABLED,DISABLED,1398,500,1403,DISABLED,DISABLED,1403,500,1403,DISABLED,DISABLED,1403,500,1403,DISABLED,DISABLED,1390,500,1403,DISABLED,DISABLED,1402,500,1403,DISABLED,DISABLED,1500,900,1500,N/A,DISABLED,53,914,1680,N/A,ENABLED,53,914,1680,N/A,ENABLED,53,914,1680,N/A,ENABLED,53,914,1680,N/A,ENABLED,44,711,1400,N/A,ENABLED,44,711,1400,N/A,ENABLED,44,711,1400,N/A,ENABLED,44,711,1400,N/A,ENABLED,N/A,35,33
1744661832,0,229,N/A,N/A,N/A,N/A,ENABLED,1403,500,1403,DISABLED,DISABLED,1388,500,1403,DISABLED,DISABLED,1403,500,1403,DISABLED,DISABLED,1399,500,1403,DISABLED,DISABLED,1404,500,1403,DISABLED,DISABLED,1404,500,1403,DISABLED,DISABLED,1390,500,1403,DISABLED,DISABLED,1400,500,1403,DISABLED,DISABLED,1500,900,1500,N/A,DISABLED,53,914,1680,N/A,ENABLED,53,914,1680,N/A,ENABLED,53,914,1680,N/A,ENABLED,53,914,1680,N/A,ENABLED,44,711,1400,N/A,ENABLED,44,711,1400,N/A,ENABLED,44,711,1400,N/A,ENABLED,44,711,1400,N/A,ENABLED,N/A,35,33
1744661833,0,229,N/A,N/A,N/A,N/A,ENABLED,1403,500,1403,DISABLED,DISABLED,1387,500,1403,DISABLED,DISABLED,1403,500,1403,DISABLED,DISABLED,1399,500,1403,DISABLED,DISABLED,1404,500,1403,DISABLED,DISABLED,1403,500,1403,DISABLED,DISABLED,1390,500,1403,DISABLED,DISABLED,1400,500,1403,DISABLED,DISABLED,1500,900,1500,N/A,DISABLED,53,914,1680,N/A,ENABLED,53,914,1680,N/A,ENABLED,53,914,1680,N/A,ENABLED,53,914,1680,N/A,ENABLED,44,711,1400,N/A,ENABLED,44,711,1400,N/A,ENABLED,44,711,1400,N/A,ENABLED,44,711,1400,N/A,ENABLED,N/A,35,33
1744661834,0,229,N/A,N/A,N/A,N/A,ENABLED,1402,500,1402,DISABLED,DISABLED,1388,500,1402,DISABLED,DISABLED,1403,500,1402,DISABLED,DISABLED,1399,500,1402,DISABLED,DISABLED,1404,500,1402,DISABLED,DISABLED,1404,500,1402,DISABLED,DISABLED,1391,500,1402,DISABLED,DISABLED,1401,500,1402,DISABLED,DISABLED,1500,900,1500,N/A,DISABLED,53,914,1680,N/A,ENABLED,53,914,1680,N/A,ENABLED,53,914,1680,N/A,ENABLED,53,914,1680,N/A,ENABLED,44,711,1400,N/A,ENABLED,44,711,1400,N/A,ENABLED,44,711,1400,N/A,ENABLED,44,711,1400,N/A,ENABLED,N/A,35,33
1744661836,0,229,N/A,N/A,N/A,N/A,ENABLED,1402,500,1402,DISABLED,DISABLED,1388,500,1402,DISABLED,DISABLED,1403,500,1402,DISABLED,DISABLED,1399,500,1402,DISABLED,DISABLED,1405,500,1402,DISABLED,DISABLED,1404,500,1402,DISABLED,DISABLED,1391,500,1402,DISABLED,DISABLED,1401,500,1402,DISABLED,DISABLED,1500,900,1500,N/A,DISABLED,53,914,1680,N/A,ENABLED,53,914,1680,N/A,ENABLED,53,914,1680,N/A,ENABLED,53,914,1680,N/A,ENABLED,44,711,1400,N/A,ENABLED,44,711,1400,N/A,ENABLED,44,711,1400,N/A,ENABLED,44,711,1400,N/A,ENABLED,N/A,35,33
1744661837,0,229,N/A,N/A,N/A,N/A,ENABLED,1402,500,1402,DISABLED,DISABLED,1388,500,1402,DISABLED,DISABLED,1403,500,1402,DISABLED,DISABLED,1399,500,1402,DISABLED,DISABLED,1405,500,1402,DISABLED,DISABLED,1403,500,1402,DISABLED,DISABLED,1390,500,1402,DISABLED,DISABLED,1401,500,1402,DISABLED,DISABLED,1500,900,1500,N/A,DISABLED,53,914,1680,N/A,ENABLED,53,914,1680,N/A,ENABLED,53,914,1680,N/A,ENABLED,53,914,1680,N/A,ENABLED,44,711,1400,N/A,ENABLED,44,711,1400,N/A,ENABLED,44,711,1400,N/A,ENABLED,44,711,1400,N/A,ENABLED,N/A,35,33
1744661838,0,229,N/A,N/A,N/A,N/A,ENABLED,1403,500,1403,DISABLED,DISABLED,1387,500,1403,DISABLED,DISABLED,1403,500,1403,DISABLED,DISABLED,1400,500,1403,DISABLED,DISABLED,1405,500,1403,DISABLED,DISABLED,1404,500,1403,DISABLED,DISABLED,1391,500,1403,DISABLED,DISABLED,1400,500,1403,DISABLED,DISABLED,1500,900,1500,N/A,DISABLED,53,914,1680,N/A,ENABLED,53,914,1680,N/A,ENABLED,53,914,1680,N/A,ENABLED,53,914,1680,N/A,ENABLED,44,711,1400,N/A,ENABLED,44,711,1400,N/A,ENABLED,44,711,1400,N/A,ENABLED,44,711,1400,N/A,ENABLED,N/A,35,33
1744661839,0,230,N/A,N/A,N/A,N/A,ENABLED,1403,500,1403,DISABLED,DISABLED,1388,500,1403,DISABLED,DISABLED,1403,500,1403,DISABLED,DISABLED,1399,500,1403,DISABLED,DISABLED,1405,500,1403,DISABLED,DISABLED,1405,500,1403,DISABLED,DISABLED,1391,500,1403,DISABLED,DISABLED,1401,500,1403,DISABLED,DISABLED,1500,900,1500,N/A,DISABLED,53,914,1680,N/A,ENABLED,53,914,1680,N/A,ENABLED,53,914,1680,N/A,ENABLED,53,914,1680,N/A,ENABLED,44,711,1400,N/A,ENABLED,44,711,1400,N/A,ENABLED,44,711,1400,N/A,ENABLED,44,711,1400,N/A,ENABLED,N/A,35,33
1744661840,0,229,N/A,N/A,N/A,N/A,ENABLED,1403,500,1403,DISABLED,DISABLED,1388,500,1403,DISABLED,DISABLED,1403,500,1403,DISABLED,DISABLED,1400,500,1403,DISABLED,DISABLED,1405,500,1403,DISABLED,DISABLED,1404,500,1403,DISABLED,DISABLED,1391,500,1403,DISABLED,DISABLED,1400,500,1403,DISABLED,DISABLED,1500,900,1500,N/A,DISABLED,53,914,1680,N/A,ENABLED,53,914,1680,N/A,ENABLED,53,914,1680,N/A,ENABLED,53,914,1680,N/A,ENABLED,44,711,1400,N/A,ENABLED,44,711,1400,N/A,ENABLED,44,711,1400,N/A,ENABLED,44,711,1400,N/A,ENABLED,N/A,35,33
1744661842,0,229,N/A,N/A,N/A,N/A,ENABLED,1403,500,1403,DISABLED,DISABLED,1387,500,1403,DISABLED,DISABLED,1403,500,1403,DISABLED,DISABLED,1399,500,1403,DISABLED,DISABLED,1405,500,1403,DISABLED,DISABLED,1405,500,1403,DISABLED,DISABLED,1391,500,1403,DISABLED,DISABLED,1400,500,1403,DISABLED,DISABLED,1500,900,1500,N/A,DISABLED,53,914,1680,N/A,ENABLED,53,914,1680,N/A,ENABLED,53,914,1680,N/A,ENABLED,53,914,1680,N/A,ENABLED,44,711,1400,N/A,ENABLED,44,711,1400,N/A,ENABLED,44,711,1400,N/A,ENABLED,44,711,1400,N/A,ENABLED,N/A,35,33
1744661843,0,230,N/A,N/A,N/A,N/A,ENABLED,1403,500,1403,DISABLED,DISABLED,1387,500,1403,DISABLED,DISABLED,1403,500,1403,DISABLED,DISABLED,1400,500,1403,DISABLED,DISABLED,1405,500,1403,DISABLED,DISABLED,1405,500,1403,DISABLED,DISABLED,1392,500,1403,DISABLED,DISABLED,1400,500,1403,DISABLED,DISABLED,1500,900,1500,N/A,DISABLED,53,914,1680,N/A,ENABLED,53,914,1680,N/A,ENABLED,53,914,1680,N/A,ENABLED,53,914,1680,N/A,ENABLED,44,711,1400,N/A,ENABLED,44,711,1400,N/A,ENABLED,44,711,1400,N/A,ENABLED,44,711,1400,N/A,ENABLED,N/A,35,33
1744661844,0,228,N/A,N/A,N/A,N/A,ENABLED,1403,500,1404,DISABLED,DISABLED,1388,500,1404,DISABLED,DISABLED,1403,500,1404,DISABLED,DISABLED,1400,500,1404,DISABLED,DISABLED,1405,500,1404,DISABLED,DISABLED,1405,500,1404,DISABLED,DISABLED,1391,500,1404,DISABLED,DISABLED,1400,500,1404,DISABLED,DISABLED,1500,900,1500,N/A,DISABLED,53,914,1680,N/A,ENABLED,53,914,1680,N/A,ENABLED,53,914,1680,N/A,ENABLED,53,914,1680,N/A,ENABLED,44,711,1400,N/A,ENABLED,44,711,1400,N/A,ENABLED,44,711,1400,N/A,ENABLED,44,711,1400,N/A,ENABLED,N/A,35,34
1744661845,0,230,N/A,N/A,N/A,N/A,ENABLED,1403,500,1403,DISABLED,DISABLED,1388,500,1403,DISABLED,DISABLED,1403,500,1403,DISABLED,DISABLED,1400,500,1403,DISABLED,DISABLED,1405,500,1403,DISABLED,DISABLED,1406,500,1403,DISABLED,DISABLED,1391,500,1403,DISABLED,DISABLED,1400,500,1403,DISABLED,DISABLED,1500,900,1500,N/A,DISABLED,53,914,1680,N/A,ENABLED,53,914,1680,N/A,ENABLED,53,914,1680,N/A,ENABLED,53,914,1680,N/A,ENABLED,44,711,1400,N/A,ENABLED,44,711,1400,N/A,ENABLED,44,711,1400,N/A,ENABLED,44,711,1400,N/A,ENABLED,N/A,35,33
1744661846,0,230,N/A,N/A,N/A,N/A,ENABLED,1402,500,1402,DISABLED,DISABLED,1387,500,1402,DISABLED,DISABLED,1403,500,1402,DISABLED,DISABLED,1399,500,1402,DISABLED,DISABLED,1404,500,1402,DISABLED,DISABLED,1405,500,1402,DISABLED,DISABLED,1391,500,1402,DISABLED,DISABLED,1400,500,1402,DISABLED,DISABLED,1500,900,1500,N/A,DISABLED,53,914,1680,N/A,ENABLED,53,914,1680,N/A,ENABLED,53,914,1680,N/A,ENABLED,53,914,1680,N/A,ENABLED,44,711,1400,N/A,ENABLED,44,711,1400,N/A,ENABLED,44,711,1400,N/A,ENABLED,44,711,1400,N/A,ENABLED,N/A,35,34
1744661847,0,229,N/A,N/A,N/A,N/A,ENABLED,1403,500,1403,DISABLED,DISABLED,1387,500,1403,DISABLED,DISABLED,1403,500,1403,DISABLED,DISABLED,1400,500,1403,DISABLED,DISABLED,1405,500,1403,DISABLED,DISABLED,1405,500,1403,DISABLED,DISABLED,1391,500,1403,DISABLED,DISABLED,1399,500,1403,DISABLED,DISABLED,1500,900,1500,N/A,DISABLED,53,914,1680,N/A,ENABLED,53,914,1680,N/A,ENABLED,53,914,1680,N/A,ENABLED,53,914,1680,N/A,ENABLED,44,711,1400,N/A,ENABLED,44,711,1400,N/A,ENABLED,44,711,1400,N/A,ENABLED,44,711,1400,N/A,ENABLED,N/A,35,33
1744661849,0,229,N/A,N/A,N/A,N/A,ENABLED,1402,500,1402,DISABLED,DISABLED,1387,500,1402,DISABLED,DISABLED,1403,500,1402,DISABLED,DISABLED,1399,500,1402,DISABLED,DISABLED,1405,500,1402,DISABLED,DISABLED,1406,500,1402,DISABLED,DISABLED,1391,500,1402,DISABLED,DISABLED,1400,500,1402,DISABLED,DISABLED,1500,900,1500,N/A,DISABLED,53,914,1680,N/A,ENABLED,53,914,1680,N/A,ENABLED,53,914,1680,N/A,ENABLED,53,914,1680,N/A,ENABLED,44,711,1400,N/A,ENABLED,44,711,1400,N/A,ENABLED,44,711,1400,N/A,ENABLED,44,711,1400,N/A,ENABLED,N/A,35,34
1744661850,0,228,N/A,N/A,N/A,N/A,ENABLED,1402,500,1402,DISABLED,DISABLED,1387,500,1402,DISABLED,DISABLED,1403,500,1402,DISABLED,DISABLED,1399,500,1402,DISABLED,DISABLED,1405,500,1402,DISABLED,DISABLED,1406,500,1402,DISABLED,DISABLED,1390,500,1402,DISABLED,DISABLED,1400,500,1402,DISABLED,DISABLED,1500,900,1500,N/A,DISABLED,53,914,1680,N/A,ENABLED,53,914,1680,N/A,ENABLED,53,914,1680,N/A,ENABLED,53,914,1680,N/A,ENABLED,44,711,1400,N/A,ENABLED,44,711,1400,N/A,ENABLED,44,711,1400,N/A,ENABLED,44,711,1400,N/A,ENABLED,N/A,35,34
1744661851,0,229,N/A,N/A,N/A,N/A,ENABLED,1402,500,1402,DISABLED,DISABLED,1387,500,1402,DISABLED,DISABLED,1403,500,1402,DISABLED,DISABLED,1400,500,1402,DISABLED,DISABLED,1405,500,1402,DISABLED,DISABLED,1406,500,1402,DISABLED,DISABLED,1391,500,1402,DISABLED,DISABLED,1400,500,1402,DISABLED,DISABLED,1500,900,1500,N/A,DISABLED,53,914,1680,N/A,ENABLED,53,914,1680,N/A,ENABLED,53,914,1680,N/A,ENABLED,53,914,1680,N/A,ENABLED,44,711,1400,N/A,ENABLED,44,711,1400,N/A,ENABLED,44,711,1400,N/A,ENABLED,44,711,1400,N/A,ENABLED,N/A,35,33
1744661852,0,229,N/A,N/A,N/A,N/A,ENABLED,1402,500,1402,DISABLED,DISABLED,1387,500,1402,DISABLED,DISABLED,1403,500,1402,DISABLED,DISABLED,1400,500,1402,DISABLED,DISABLED,1405,500,1402,DISABLED,DISABLED,1405,500,1402,DISABLED,DISABLED,1391,500,1402,DISABLED,DISABLED,1400,500,1402,DISABLED,DISABLED,1500,900,1500,N/A,DISABLED,53,914,1680,N/A,ENABLED,53,914,1680,N/A,ENABLED,53,914,1680,N/A,ENABLED,53,914,1680,N/A,ENABLED,44,711,1400,N/A,ENABLED,44,711,1400,N/A,ENABLED,44,711,1400,N/A,ENABLED,44,711,1400,N/A,ENABLED,N/A,35,33
1744661853,0,228,N/A,N/A,N/A,N/A,ENABLED,1402,500,1402,DISABLED,DISABLED,1387,500,1402,DISABLED,DISABLED,1403,500,1402,DISABLED,DISABLED,1400,500,1402,DISABLED,DISABLED,1404,500,1402,DISABLED,DISABLED,1405,500,1402,DISABLED,DISABLED,1391,500,1402,DISABLED,DISABLED,1401,500,1402,DISABLED,DISABLED,1500,900,1500,N/A,DISABLED,53,914,1680,N/A,ENABLED,53,914,1680,N/A,ENABLED,53,914,1680,N/A,ENABLED,53,914,1680,N/A,ENABLED,44,711,1400,N/A,ENABLED,44,711,1400,N/A,ENABLED,44,711,1400,N/A,ENABLED,44,711,1400,N/A,ENABLED,N/A,35,34
1744661854,0,228,N/A,N/A,N/A,N/A,ENABLED,1403,500,1403,DISABLED,DISABLED,1387,500,1403,DISABLED,DISABLED,1403,500,1403,DISABLED,DISABLED,1400,500,1403,DISABLED,DISABLED,1404,500,1403,DISABLED,DISABLED,1405,500,1403,DISABLED,DISABLED,1391,500,1403,DISABLED,DISABLED,1400,500,1403,DISABLED,DISABLED,1500,900,1500,N/A,DISABLED,53,914,1680,N/A,ENABLED,53,914,1680,N/A,ENABLED,53,914,1680,N/A,ENABLED,53,914,1680,N/A,ENABLED,44,711,1400,N/A,ENABLED,44,711,1400,N/A,ENABLED,44,711,1400,N/A,ENABLED,44,711,1400,N/A,ENABLED,N/A,35,34
1744661856,0,229,N/A,N/A,N/A,N/A,ENABLED,1403,500,1403,DISABLED,DISABLED,1387,500,1403,DISABLED,DISABLED,1403,500,1403,DISABLED,DISABLED,1400,500,1403,DISABLED,DISABLED,1403,500,1403,DISABLED,DISABLED,1404,500,1403,DISABLED,DISABLED,1391,500,1403,DISABLED,DISABLED,1399,500,1403,DISABLED,DISABLED,1500,900,1500,N/A,DISABLED,53,914,1680,N/A,ENABLED,53,914,1680,N/A,ENABLED,53,914,1680,N/A,ENABLED,53,914,1680,N/A,ENABLED,44,711,1400,N/A,ENABLED,44,711,1400,N/A,ENABLED,44,711,1400,N/A,ENABLED,44,711,1400,N/A,ENABLED,N/A,35,34
1744661857,0,230,N/A,N/A,N/A,N/A,ENABLED,1403,500,1403,DISABLED,DISABLED,1387,500,1403,DISABLED,DISABLED,1402,500,1403,DISABLED,DISABLED,1400,500,1403,DISABLED,DISABLED,1404,500,1403,DISABLED,DISABLED,1404,500,1403,DISABLED,DISABLED,1391,500,1403,DISABLED,DISABLED,1400,500,1403,DISABLED,DISABLED,1500,900,1500,N/A,DISABLED,53,914,1680,N/A,ENABLED,53,914,1680,N/A,ENABLED,53,914,1680,N/A,ENABLED,53,914,1680,N/A,ENABLED,44,711,1400,N/A,ENABLED,44,711,1400,N/A,ENABLED,44,711,1400,N/A,ENABLED,44,711,1400,N/A,ENABLED,N/A,35,33
1744661858,0,230,N/A,N/A,N/A,N/A,ENABLED,1402,500,1402,DISABLED,DISABLED,1388,500,1402,DISABLED,DISABLED,1402,500,1402,DISABLED,DISABLED,1400,500,1402,DISABLED,DISABLED,1404,500,1402,DISABLED,DISABLED,1404,500,1402,DISABLED,DISABLED,1391,500,1402,DISABLED,DISABLED,1401,500,1402,DISABLED,DISABLED,1500,900,1500,N/A,DISABLED,53,914,1680,N/A,ENABLED,53,914,1680,N/A,ENABLED,53,914,1680,N/A,ENABLED,53,914,1680,N/A,ENABLED,44,711,1400,N/A,ENABLED,44,711,1400,N/A,ENABLED,44,711,1400,N/A,ENABLED,44,711,1400,N/A,ENABLED,N/A,35,33
1744661859,0,229,N/A,N/A,N/A,N/A,ENABLED,1403,500,1403,DISABLED,DISABLED,1388,500,1403,DISABLED,DISABLED,1403,500,1403,DISABLED,DISABLED,1399,500,1403,DISABLED,DISABLED,1404,500,1403,DISABLED,DISABLED,1404,500,1403,DISABLED,DISABLED,1391,500,1403,DISABLED,DISABLED,1401,500,1403,DISABLED,DISABLED,1500,900,1500,N/A,DISABLED,53,914,1680,N/A,ENABLED,53,914,1680,N/A,ENABLED,53,914,1680,N/A,ENABLED,53,914,1680,N/A,ENABLED,44,711,1400,N/A,ENABLED,44,711,1400,N/A,ENABLED,44,711,1400,N/A,ENABLED,44,711,1400,N/A,ENABLED,N/A,35,33
1744661860,0,229,N/A,N/A,N/A,N/A,ENABLED,1402,500,1402,DISABLED,DISABLED,1388,500,1402,DISABLED,DISABLED,1403,500,1402,DISABLED,DISABLED,1400,500,1402,DISABLED,DISABLED,1404,500,1402,DISABLED,DISABLED,1404,500,1402,DISABLED,DISABLED,1391,500,1402,DISABLED,DISABLED,1400,500,1402,DISABLED,DISABLED,1500,900,1500,N/A,DISABLED,53,914,1680,N/A,ENABLED,53,914,1680,N/A,ENABLED,53,914,1680,N/A,ENABLED,53,914,1680,N/A,ENABLED,44,711,1400,N/A,ENABLED,44,711,1400,N/A,ENABLED,44,711,1400,N/A,ENABLED,44,711,1400,N/A,ENABLED,N/A,35,33
1744661862,0,229,N/A,N/A,N/A,N/A,ENABLED,1402,500,1402,DISABLED,DISABLED,1387,500,1402,DISABLED,DISABLED,1403,500,1402,DISABLED,DISABLED,1400,500,1402,DISABLED,DISABLED,1404,500,1402,DISABLED,DISABLED,1404,500,1402,DISABLED,DISABLED,1391,500,1402,DISABLED,DISABLED,1399,500,1402,DISABLED,DISABLED,1500,900,1500,N/A,DISABLED,53,914,1680,N/A,ENABLED,53,914,1680,N/A,ENABLED,53,914,1680,N/A,ENABLED,53,914,1680,N/A,ENABLED,44,711,1400,N/A,ENABLED,44,711,1400,N/A,ENABLED,44,711,1400,N/A,ENABLED,44,711,1400,N/A,ENABLED,N/A,35,34
1744661863,0,229,N/A,N/A,N/A,N/A,ENABLED,1402,500,1402,DISABLED,DISABLED,1387,500,1402,DISABLED,DISABLED,1403,500,1402,DISABLED,DISABLED,1400,500,1402,DISABLED,DISABLED,1404,500,1402,DISABLED,DISABLED,1406,500,1402,DISABLED,DISABLED,1391,500,1402,DISABLED,DISABLED,1400,500,1402,DISABLED,DISABLED,1500,900,1500,N/A,DISABLED,53,914,1680,N/A,ENABLED,53,914,1680,N/A,ENABLED,53,914,1680,N/A,ENABLED,53,914,1680,N/A,ENABLED,44,711,1400,N/A,ENABLED,44,711,1400,N/A,ENABLED,44,711,1400,N/A,ENABLED,44,711,1400,N/A,ENABLED,N/A,35,33
1744661864,0,230,N/A,N/A,N/A,N/A,ENABLED,1402,500,1402,DISABLED,DISABLED,1387,500,1402,DISABLED,DISABLED,1403,500,1402,DISABLED,DISABLED,1401,500,1402,DISABLED,DISABLED,1404,500,1402,DISABLED,DISABLED,1405,500,1402,DISABLED,DISABLED,1391,500,1402,DISABLED,DISABLED,1400,500,1402,DISABLED,DISABLED,1500,900,1500,N/A,DISABLED,53,914,1680,N/A,ENABLED,53,914,1680,N/A,ENABLED,53,914,1680,N/A,ENABLED,53,914,1680,N/A,ENABLED,44,711,1400,N/A,ENABLED,44,711,1400,N/A,ENABLED,44,711,1400,N/A,ENABLED,44,711,1400,N/A,ENABLED,N/A,35,34
1744661865,0,229,N/A,N/A,N/A,N/A,ENABLED,1403,500,1403,DISABLED,DISABLED,1387,500,1403,DISABLED,DISABLED,1403,500,1403,DISABLED,DISABLED,1400,500,1403,DISABLED,DISABLED,1404,500,1403,DISABLED,DISABLED,1405,500,1403,DISABLED,DISABLED,1391,500,1403,DISABLED,DISABLED,1400,500,1403,DISABLED,DISABLED,1500,900,1500,N/A,DISABLED,53,914,1680,N/A,ENABLED,53,914,1680,N/A,ENABLED,53,914,1680,N/A,ENABLED,53,914,1680,N/A,ENABLED,44,711,1400,N/A,ENABLED,44,711,1400,N/A,ENABLED,44,711,1400,N/A,ENABLED,44,711,1400,N/A,ENABLED,N/A,35,33
1744661866,0,229,N/A,N/A,N/A,N/A,ENABLED,1403,500,1403,DISABLED,DISABLED,1387,500,1403,DISABLED,DISABLED,1403,500,1403,DISABLED,DISABLED,1400,500,1403,DISABLED,DISABLED,1405,500,1403,DISABLED,DISABLED,1405,500,1403,DISABLED,DISABLED,1391,500,1403,DISABLED,DISABLED,1400,500,1403,DISABLED,DISABLED,1500,900,1500,N/A,DISABLED,53,914,1680,N/A,ENABLED,53,914,1680,N/A,ENABLED,53,914,1680,N/A,ENABLED,53,914,1680,N/A,ENABLED,44,711,1400,N/A,ENABLED,44,711,1400,N/A,ENABLED,44,711,1400,N/A,ENABLED,44,711,1400,N/A,ENABLED,N/A,35,33
1744661867,0,229,N/A,N/A,N/A,N/A,ENABLED,1402,500,1402,DISABLED,DISABLED,1387,500,1402,DISABLED,DISABLED,1403,500,1402,DISABLED,DISABLED,1400,500,1402,DISABLED,DISABLED,1404,500,1402,DISABLED,DISABLED,1405,500,1402,DISABLED,DISABLED,1391,500,1402,DISABLED,DISABLED,1400,500,1402,DISABLED,DISABLED,1500,900,1500,N/A,DISABLED,53,914,1680,N/A,ENABLED,53,914,1680,N/A,ENABLED,53,914,1680,N/A,ENABLED,53,914,1680,N/A,ENABLED,44,711,1400,N/A,ENABLED,44,711,1400,N/A,ENABLED,44,711,1400,N/A,ENABLED,44,711,1400,N/A,ENABLED,N/A,35,34
1744661869,0,229,N/A,N/A,N/A,N/A,ENABLED,1402,500,1402,DISABLED,DISABLED,1388,500,1402,DISABLED,DISABLED,1403,500,1402,DISABLED,DISABLED,1401,500,1402,DISABLED,DISABLED,1405,500,1402,DISABLED,DISABLED,1405,500,1402,DISABLED,DISABLED,1390,500,1402,DISABLED,DISABLED,1400,500,1402,DISABLED,DISABLED,1500,900,1500,N/A,DISABLED,53,914,1680,N/A,ENABLED,53,914,1680,N/A,ENABLED,53,914,1680,N/A,ENABLED,53,914,1680,N/A,ENABLED,44,711,1400,N/A,ENABLED,44,711,1400,N/A,ENABLED,44,711,1400,N/A,ENABLED,44,711,1400,N/A,ENABLED,N/A,35,33
1744661870,0,230,N/A,N/A,N/A,N/A,ENABLED,1402,500,1402,DISABLED,DISABLED,1388,500,1402,DISABLED,DISABLED,1402,500,1402,DISABLED,DISABLED,1401,500,1402,DISABLED,DISABLED,1404,500,1402,DISABLED,DISABLED,1405,500,1402,DISABLED,DISABLED,1391,500,1402,DISABLED,DISABLED,1400,500,1402,DISABLED,DISABLED,1500,900,1500,N/A,DISABLED,53,914,1680,N/A,ENABLED,53,914,1680,N/A,ENABLED,53,914,1680,N/A,ENABLED,53,914,1680,N/A,ENABLED,44,711,1400,N/A,ENABLED,44,711,1400,N/A,ENABLED,44,711,1400,N/A,ENABLED,44,711,1400,N/A,ENABLED,N/A,35,33
1744661871,0,230,N/A,N/A,N/A,N/A,ENABLED,1403,500,1403,DISABLED,DISABLED,1387,500,1403,DISABLED,DISABLED,1403,500,1403,DISABLED,DISABLED,1400,500,1403,DISABLED,DISABLED,1405,500,1403,DISABLED,DISABLED,1405,500,1403,DISABLED,DISABLED,1391,500,1403,DISABLED,DISABLED,1400,500,1403,DISABLED,DISABLED,1500,900,1500,N/A,DISABLED,53,914,1680,N/A,ENABLED,53,914,1680,N/A,ENABLED,53,914,1680,N/A,ENABLED,53,914,1680,N/A,ENABLED,44,711,1400,N/A,ENABLED,44,711,1400,N/A,ENABLED,44,711,1400,N/A,ENABLED,44,711,1400,N/A,ENABLED,N/A,35,33
1744661872,0,229,N/A,N/A,N/A,N/A,ENABLED,1403,500,1403,DISABLED,DISABLED,1387,500,1403,DISABLED,DISABLED,1403,500,1403,DISABLED,DISABLED,1401,500,1403,DISABLED,DISABLED,1405,500,1403,DISABLED,DISABLED,1405,500,1403,DISABLED,DISABLED,1391,500,1403,DISABLED,DISABLED,1400,500,1403,DISABLED,DISABLED,1500,900,1500,N/A,DISABLED,53,914,1680,N/A,ENABLED,53,914,1680,N/A,ENABLED,53,914,1680,N/A,ENABLED,53,914,1680,N/A,ENABLED,44,711,1400,N/A,ENABLED,44,711,1400,N/A,ENABLED,44,711,1400,N/A,ENABLED,44,711,1400,N/A,ENABLED,N/A,35,34
1744661873,0,229,N/A,N/A,N/A,N/A,ENABLED,1402,500,1402,DISABLED,DISABLED,1387,500,1402,DISABLED,DISABLED,1404,500,1402,DISABLED,DISABLED,1400,500,1402,DISABLED,DISABLED,1405,500,1402,DISABLED,DISABLED,1405,500,1402,DISABLED,DISABLED,1392,500,1402,DISABLED,DISABLED,1400,500,1402,DISABLED,DISABLED,1500,900,1500,N/A,DISABLED,53,914,1680,N/A,ENABLED,53,914,1680,N/A,ENABLED,53,914,1680,N/A,ENABLED,53,914,1680,N/A,ENABLED,44,711,1400,N/A,ENABLED,44,711,1400,N/A,ENABLED,44,711,1400,N/A,ENABLED,44,711,1400,N/A,ENABLED,N/A,35,33
1744661874,0,229,N/A,N/A,N/A,N/A,ENABLED,1403,500,1403,DISABLED,DISABLED,1387,500,1403,DISABLED,DISABLED,1404,500,1403,DISABLED,DISABLED,1399,500,1403,DISABLED,DISABLED,1405,500,1403,DISABLED,DISABLED,1404,500,1403,DISABLED,DISABLED,1391,500,1403,DISABLED,DISABLED,1400,500,1403,DISABLED,DISABLED,1500,900,1500,N/A,DISABLED,53,914,1680,N/A,ENABLED,53,914,1680,N/A,ENABLED,53,914,1680,N/A,ENABLED,53,914,1680,N/A,ENABLED,44,711,1400,N/A,ENABLED,44,711,1400,N/A,ENABLED,44,711,1400,N/A,ENABLED,44,711,1400,N/A,ENABLED,N/A,35,34
1744661876,0,229,N/A,N/A,N/A,N/A,ENABLED,1402,500,1402,DISABLED,DISABLED,1387,500,1402,DISABLED,DISABLED,1403,500,1402,DISABLED,DISABLED,1399,500,1402,DISABLED,DISABLED,1405,500,1402,DISABLED,DISABLED,1405,500,1402,DISABLED,DISABLED,1391,500,1402,DISABLED,DISABLED,1399,500,1402,DISABLED,DISABLED,1500,900,1500,N/A,DISABLED,53,914,1680,N/A,ENABLED,53,914,1680,N/A,ENABLED,53,914,1680,N/A,ENABLED,53,914,1680,N/A,ENABLED,44,711,1400,N/A,ENABLED,44,711,1400,N/A,ENABLED,44,711,1400,N/A,ENABLED,44,711,1400,N/A,ENABLED,N/A,35,34
1744661877,0,230,N/A,N/A,N/A,N/A,ENABLED,1403,500,1403,DISABLED,DISABLED,1387,500,1403,DISABLED,DISABLED,1403,500,1403,DISABLED,DISABLED,1400,500,1403,DISABLED,DISABLED,1404,500,1403,DISABLED,DISABLED,1404,500,1403,DISABLED,DISABLED,1391,500,1403,DISABLED,DISABLED,1399,500,1403,DISABLED,DISABLED,1500,900,1500,N/A,DISABLED,53,914,1680,N/A,ENABLED,53,914,1680,N/A,ENABLED,53,914,1680,N/A,ENABLED,53,914,1680,N/A,ENABLED,44,711,1400,N/A,ENABLED,44,711,1400,N/A,ENABLED,44,711,1400,N/A,ENABLED,44,711,1400,N/A,ENABLED,N/A,35,34
1744661878,0,230,N/A,N/A,N/A,N/A,ENABLED,1403,500,1403,DISABLED,DISABLED,1388,500,1403,DISABLED,DISABLED,1403,500,1403,DISABLED,DISABLED,1400,500,1403,DISABLED,DISABLED,1405,500,1403,DISABLED,DISABLED,1404,500,1403,DISABLED,DISABLED,1391,500,1403,DISABLED,DISABLED,1399,500,1403,DISABLED,DISABLED,1500,900,1500,N/A,DISABLED,53,914,1680,N/A,ENABLED,53,914,1680,N/A,ENABLED,53,914,1680,N/A,ENABLED,53,914,1680,N/A,ENABLED,44,711,1400,N/A,ENABLED,44,711,1400,N/A,ENABLED,44,711,1400,N/A,ENABLED,44,711,1400,N/A,ENABLED,N/A,35,34
1744661879,0,229,N/A,N/A,N/A,N/A,ENABLED,1403,500,1403,DISABLED,DISABLED,1387,500,1403,DISABLED,DISABLED,1403,500,1403,DISABLED,DISABLED,1400,500,1403,DISABLED,DISABLED,1405,500,1403,DISABLED,DISABLED,1405,500,1403,DISABLED,DISABLED,1390,500,1403,DISABLED,DISABLED,1400,500,1403,DISABLED,DISABLED,1500,900,1500,N/A,DISABLED,53,914,1680,N/A,ENABLED,53,914,1680,N/A,ENABLED,53,914,1680,N/A,ENABLED,53,914,1680,N/A,ENABLED,44,711,1400,N/A,ENABLED,44,711,1400,N/A,ENABLED,44,711,1400,N/A,ENABLED,44,711,1400,N/A,ENABLED,N/A,35,34
1744661880,0,229,N/A,N/A,N/A,N/A,ENABLED,1403,500,1402,DISABLED,DISABLED,1386,500,1402,DISABLED,DISABLED,1404,500,1402,DISABLED,DISABLED,1400,500,1402,DISABLED,DISABLED,1405,500,1402,DISABLED,DISABLED,1404,500,1402,DISABLED,DISABLED,1391,500,1402,DISABLED,DISABLED,1401,500,1402,DISABLED,DISABLED,1500,900,1500,N/A,DISABLED,53,914,1680,N/A,ENABLED,53,914,1680,N/A,ENABLED,53,914,1680,N/A,ENABLED,53,914,1680,N/A,ENABLED,44,711,1400,N/A,ENABLED,44,711,1400,N/A,ENABLED,44,711,1400,N/A,ENABLED,44,711,1400,N/A,ENABLED,N/A,35,34
1744661881,0,229,N/A,N/A,N/A,N/A,ENABLED,1404,500,1404,DISABLED,DISABLED,1388,500,1404,DISABLED,DISABLED,1404,500,1404,DISABLED,DISABLED,1400,500,1404,DISABLED,DISABLED,1405,500,1404,DISABLED,DISABLED,1405,500,1404,DISABLED,DISABLED,1391,500,1404,DISABLED,DISABLED,1400,500,1404,DISABLED,DISABLED,1500,900,1500,N/A,DISABLED,53,914,1680,N/A,ENABLED,53,914,1680,N/A,ENABLED,53,914,1680,N/A,ENABLED,53,914,1680,N/A,ENABLED,44,711,1400,N/A,ENABLED,44,711,1400,N/A,ENABLED,44,711,1400,N/A,ENABLED,44,711,1400,N/A,ENABLED,N/A,35,33
1744661883,0,229,N/A,N/A,N/A,N/A,ENABLED,1404,500,1404,DISABLED,DISABLED,1388,500,1404,DISABLED,DISABLED,1402,500,1404,DISABLED,DISABLED,1400,500,1404,DISABLED,DISABLED,1405,500,1404,DISABLED,DISABLED,1404,500,1404,DISABLED,DISABLED,1391,500,1404,DISABLED,DISABLED,1400,500,1404,DISABLED,DISABLED,1500,900,1500,N/A,DISABLED,53,914,1680,N/A,ENABLED,53,914,1680,N/A,ENABLED,53,914,1680,N/A,ENABLED,53,914,1680,N/A,ENABLED,44,711,1400,N/A,ENABLED,44,711,1400,N/A,ENABLED,44,711,1400,N/A,ENABLED,44,711,1400,N/A,ENABLED,N/A,35,34
1744661884,0,229,N/A,N/A,N/A,N/A,ENABLED,1403,500,1403,DISABLED,DISABLED,1388,500,1403,DISABLED,DISABLED,1404,500,1403,DISABLED,DISABLED,1399,500,1403,DISABLED,DISABLED,1405,500,1403,DISABLED,DISABLED,1404,500,1403,DISABLED,DISABLED,1391,500,1403,DISABLED,DISABLED,1400,500,1403,DISABLED,DISABLED,1500,900,1500,N/A,DISABLED,53,914,1680,N/A,ENABLED,53,914,1680,N/A,ENABLED,53,914,1680,N/A,ENABLED,53,914,1680,N/A,ENABLED,44,711,1400,N/A,ENABLED,44,711,1400,N/A,ENABLED,44,711,1400,N/A,ENABLED,44,711,1400,N/A,ENABLED,N/A,35,34
1744661885,0,230,N/A,N/A,N/A,N/A,ENABLED,1402,500,1402,DISABLED,DISABLED,1388,500,1402,DISABLED,DISABLED,1403,500,1402,DISABLED,DISABLED,1400,500,1402,DISABLED,DISABLED,1405,500,1402,DISABLED,DISABLED,1405,500,1402,DISABLED,DISABLED,1391,500,1402,DISABLED,DISABLED,1399,500,1402,DISABLED,DISABLED,1500,900,1500,N/A,DISABLED,53,914,1680,N/A,ENABLED,53,914,1680,N/A,ENABLED,53,914,1680,N/A,ENABLED,53,914,1680,N/A,ENABLED,44,711,1400,N/A,ENABLED,44,711,1400,N/A,ENABLED,44,711,1400,N/A,ENABLED,44,711,1400,N/A,ENABLED,N/A,35,33
1744661886,0,229,N/A,N/A,N/A,N/A,ENABLED,1403,500,1403,DISABLED,DISABLED,1387,500,1403,DISABLED,DISABLED,1403,500,1403,DISABLED,DISABLED,1400,500,1403,DISABLED,DISABLED,1405,500,1403,DISABLED,DISABLED,1405,500,1403,DISABLED,DISABLED,1391,500,1403,DISABLED,DISABLED,1400,500,1403,DISABLED,DISABLED,1500,900,1500,N/A,DISABLED,53,914,1680,N/A,ENABLED,53,914,1680,N/A,ENABLED,53,914,1680,N/A,ENABLED,53,914,1680,N/A,ENABLED,44,711,1400,N/A,ENABLED,44,711,1400,N/A,ENABLED,44,711,1400,N/A,ENABLED,44,711,1400,N/A,ENABLED,N/A,35,34
1744661887,0,230,N/A,N/A,N/A,N/A,ENABLED,1403,500,1403,DISABLED,DISABLED,1388,500,1403,DISABLED,DISABLED,1403,500,1403,DISABLED,DISABLED,1399,500,1403,DISABLED,DISABLED,1405,500,1403,DISABLED,DISABLED,1406,500,1403,DISABLED,DISABLED,1391,500,1403,DISABLED,DISABLED,1400,500,1403,DISABLED,DISABLED,1500,900,1500,N/A,DISABLED,53,914,1680,N/A,ENABLED,53,914,1680,N/A,ENABLED,53,914,1680,N/A,ENABLED,53,914,1680,N/A,ENABLED,44,711,1400,N/A,ENABLED,44,711,1400,N/A,ENABLED,44,711,1400,N/A,ENABLED,44,711,1400,N/A,ENABLED,N/A,35,34
1744661889,0,230,N/A,N/A,N/A,N/A,ENABLED,1403,500,1403,DISABLED,DISABLED,1388,500,1403,DISABLED,DISABLED,1404,500,1403,DISABLED,DISABLED,1400,500,1403,DISABLED,DISABLED,1405,500,1403,DISABLED,DISABLED,1405,500,1403,DISABLED,DISABLED,1390,500,1403,DISABLED,DISABLED,1400,500,1403,DISABLED,DISABLED,1500,900,1500,N/A,DISABLED,53,914,1680,N/A,ENABLED,53,914,1680,N/A,ENABLED,53,914,1680,N/A,ENABLED,53,914,1680,N/A,ENABLED,44,711,1400,N/A,ENABLED,44,711,1400,N/A,ENABLED,44,711,1400,N/A,ENABLED,44,711,1400,N/A,ENABLED,N/A,35,33
1744661890,0,230,N/A,N/A,N/A,N/A,ENABLED,1403,500,1403,DISABLED,DISABLED,1388,500,1403,DISABLED,DISABLED,1404,500,1403,DISABLED,DISABLED,1400,500,1403,DISABLED,DISABLED,1406,500,1403,DISABLED,DISABLED,1405,500,1403,DISABLED,DISABLED,1391,500,1403,DISABLED,DISABLED,1400,500,1403,DISABLED,DISABLED,1500,900,1500,N/A,DISABLED,53,914,1680,N/A,ENABLED,53,914,1680,N/A,ENABLED,53,914,1680,N/A,ENABLED,53,914,1680,N/A,ENABLED,44,711,1400,N/A,ENABLED,44,711,1400,N/A,ENABLED,44,711,1400,N/A,ENABLED,44,711,1400,N/A,ENABLED,N/A,35,34
1744661891,0,229,N/A,N/A,N/A,N/A,ENABLED,1403,500,1403,DISABLED,DISABLED,1388,500,1403,DISABLED,DISABLED,1404,500,1403,DISABLED,DISABLED,1399,500,1403,DISABLED,DISABLED,1405,500,1403,DISABLED,DISABLED,1405,500,1403,DISABLED,DISABLED,1391,500,1403,DISABLED,DISABLED,1400,500,1403,DISABLED,DISABLED,1500,900,1500,N/A,DISABLED,53,914,1680,N/A,ENABLED,53,914,1680,N/A,ENABLED,53,914,1680,N/A,ENABLED,53,914,1680,N/A,ENABLED,44,711,1400,N/A,ENABLED,44,711,1400,N/A,ENABLED,44,711,1400,N/A,ENABLED,44,711,1400,N/A,ENABLED,N/A,35,34
1744661892,0,229,N/A,N/A,N/A,N/A,ENABLED,1403,500,1403,DISABLED,DISABLED,1388,500,1403,DISABLED,DISABLED,1404,500,1403,DISABLED,DISABLED,1399,500,1403,DISABLED,DISABLED,1405,500,1403,DISABLED,DISABLED,1404,500,1403,DISABLED,DISABLED,1391,500,1403,DISABLED,DISABLED,1400,500,1403,DISABLED,DISABLED,1500,900,1500,N/A,DISABLED,53,914,1680,N/A,ENABLED,53,914,1680,N/A,ENABLED,53,914,1680,N/A,ENABLED,53,914,1680,N/A,ENABLED,44,711,1400,N/A,ENABLED,44,711,1400,N/A,ENABLED,44,711,1400,N/A,ENABLED,44,711,1400,N/A,ENABLED,N/A,35,33
1744661893,0,230,N/A,N/A,N/A,N/A,ENABLED,1403,500,1403,DISABLED,DISABLED,1388,500,1403,DISABLED,DISABLED,1403,500,1403,DISABLED,DISABLED,1399,500,1403,DISABLED,DISABLED,1404,500,1403,DISABLED,DISABLED,1404,500,1403,DISABLED,DISABLED,1391,500,1403,DISABLED,DISABLED,1399,500,1403,DISABLED,DISABLED,1500,900,1500,N/A,DISABLED,53,914,1680,N/A,ENABLED,53,914,1680,N/A,ENABLED,53,914,1680,N/A,ENABLED,53,914,1680,N/A,ENABLED,44,711,1400,N/A,ENABLED,44,711,1400,N/A,ENABLED,44,711,1400,N/A,ENABLED,44,711,1400,N/A,ENABLED,N/A,35,34
1744661894,0,229,N/A,N/A,N/A,N/A,ENABLED,1403,500,1403,DISABLED,DISABLED,1388,500,1403,DISABLED,DISABLED,1403,500,1403,DISABLED,DISABLED,1400,500,1403,DISABLED,DISABLED,1405,500,1403,DISABLED,DISABLED,1405,500,1403,DISABLED,DISABLED,1392,500,1403,DISABLED,DISABLED,1400,500,1403,DISABLED,DISABLED,1500,900,1500,N/A,DISABLED,53,914,1680,N/A,ENABLED,53,914,1680,N/A,ENABLED,53,914,1680,N/A,ENABLED,53,914,1680,N/A,ENABLED,44,711,1400,N/A,ENABLED,44,711,1400,N/A,ENABLED,44,711,1400,N/A,ENABLED,44,711,1400,N/A,ENABLED,N/A,35,34
1744661896,0,230,N/A,N/A,N/A,N/A,ENABLED,1404,500,1404,DISABLED,DISABLED,1388,500,1404,DISABLED,DISABLED,1404,500,1404,DISABLED,DISABLED,1399,500,1404,DISABLED,DISABLED,1406,500,1404,DISABLED,DISABLED,1405,500,1404,DISABLED,DISABLED,1391,500,1404,DISABLED,DISABLED,1400,500,1404,DISABLED,DISABLED,1500,900,1500,N/A,DISABLED,53,914,1680,N/A,ENABLED,53,914,1680,N/A,ENABLED,53,914,1680,N/A,ENABLED,53,914,1680,N/A,ENABLED,44,711,1400,N/A,ENABLED,44,711,1400,N/A,ENABLED,44,711,1400,N/A,ENABLED,44,711,1400,N/A,ENABLED,N/A,35,34
1744661897,0,229,N/A,N/A,N/A,N/A,ENABLED,1403,500,1403,DISABLED,DISABLED,1388,500,1403,DISABLED,DISABLED,1403,500,1403,DISABLED,DISABLED,1400,500,1403,DISABLED,DISABLED,1405,500,1403,DISABLED,DISABLED,1406,500,1403,DISABLED,DISABLED,1391,500,1403,DISABLED,DISABLED,1401,500,1403,DISABLED,DISABLED,1500,900,1500,N/A,DISABLED,53,914,1680,N/A,ENABLED,53,914,1680,N/A,ENABLED,53,914,1680,N/A,ENABLED,53,914,1680,N/A,ENABLED,44,711,1400,N/A,ENABLED,44,711,1400,N/A,ENABLED,44,711,1400,N/A,ENABLED,44,711,1400,N/A,ENABLED,N/A,35,33
1744661898,0,229,N/A,N/A,N/A,N/A,ENABLED,1403,500,1403,DISABLED,DISABLED,1388,500,1403,DISABLED,DISABLED,1403,500,1403,DISABLED,DISABLED,1400,500,1403,DISABLED,DISABLED,1405,500,1403,DISABLED,DISABLED,1405,500,1403,DISABLED,DISABLED,1390,500,1403,DISABLED,DISABLED,1400,500,1403,DISABLED,DISABLED,1500,900,1500,N/A,DISABLED,53,914,1680,N/A,ENABLED,53,914,1680,N/A,ENABLED,53,914,1680,N/A,ENABLED,53,914,1680,N/A,ENABLED,44,711,1400,N/A,ENABLED,44,711,1400,N/A,ENABLED,44,711,1400,N/A,ENABLED,44,711,1400,N/A,ENABLED,N/A,35,34
1744661899,0,229,N/A,N/A,N/A,N/A,ENABLED,1403,500,1403,DISABLED,DISABLED,1388,500,1403,DISABLED,DISABLED,1404,500,1403,DISABLED,DISABLED,1400,500,1403,DISABLED,DISABLED,1406,500,1403,DISABLED,DISABLED,1405,500,1403,DISABLED,DISABLED,1391,500,1403,DISABLED,DISABLED,1400,500,1403,DISABLED,DISABLED,1500,900,1500,N/A,DISABLED,53,914,1680,N/A,ENABLED,53,914,1680,N/A,ENABLED,53,914,1680,N/A,ENABLED,53,914,1680,N/A,ENABLED,44,711,1400,N/A,ENABLED,44,711,1400,N/A,ENABLED,44,711,1400,N/A,ENABLED,44,711,1400,N/A,ENABLED,N/A,35,34
1744661900,0,230,N/A,N/A,N/A,N/A,ENABLED,1404,500,1404,DISABLED,DISABLED,1388,500,1404,DISABLED,DISABLED,1403,500,1404,DISABLED,DISABLED,1399,500,1404,DISABLED,DISABLED,1405,500,1404,DISABLED,DISABLED,1405,500,1404,DISABLED,DISABLED,1391,500,1404,DISABLED,DISABLED,1401,500,1404,DISABLED,DISABLED,1500,900,1500,N/A,DISABLED,53,914,1680,N/A,ENABLED,53,914,1680,N/A,ENABLED,53,914,1680,N/A,ENABLED,53,914,1680,N/A,ENABLED,44,711,1400,N/A,ENABLED,44,711,1400,N/A,ENABLED,44,711,1400,N/A,ENABLED,44,711,1400,N/A,ENABLED,N/A,35,34
1744661901,0,229,N/A,N/A,N/A,N/A,ENABLED,1403,500,1403,DISABLED,DISABLED,1388,500,1403,DISABLED,DISABLED,1404,500,1403,DISABLED,DISABLED,1399,500,1403,DISABLED,DISABLED,1406,500,1403,DISABLED,DISABLED,1405,500,1403,DISABLED,DISABLED,1391,500,1403,DISABLED,DISABLED,1400,500,1403,DISABLED,DISABLED,1500,900,1500,N/A,DISABLED,53,914,1680,N/A,ENABLED,53,914,1680,N/A,ENABLED,53,914,1680,N/A,ENABLED,53,914,1680,N/A,ENABLED,44,711,1400,N/A,ENABLED,44,711,1400,N/A,ENABLED,44,711,1400,N/A,ENABLED,44,711,1400,N/A,ENABLED,N/A,35,34
1744661903,0,229,N/A,N/A,N/A,N/A,ENABLED,1403,500,1403,DISABLED,DISABLED,1388,500,1403,DISABLED,DISABLED,1403,500,1403,DISABLED,DISABLED,1400,500,1403,DISABLED,DISABLED,1405,500,1403,DISABLED,DISABLED,1405,500,1403,DISABLED,DISABLED,1391,500,1403,DISABLED,DISABLED,1400,500,1403,DISABLED,DISABLED,1500,900,1500,N/A,DISABLED,53,914,1680,N/A,ENABLED,53,914,1680,N/A,ENABLED,53,914,1680,N/A,ENABLED,53,914,1680,N/A,ENABLED,44,711,1400,N/A,ENABLED,44,711,1400,N/A,ENABLED,44,711,1400,N/A,ENABLED,44,711,1400,N/A,ENABLED,N/A,35,34
1744661904,0,230,N/A,N/A,N/A,N/A,ENABLED,1403,500,1403,DISABLED,DISABLED,1387,500,1403,DISABLED,DISABLED,1403,500,1403,DISABLED,DISABLED,1400,500,1403,DISABLED,DISABLED,1405,500,1403,DISABLED,DISABLED,1405,500,1403,DISABLED,DISABLED,1391,500,1403,DISABLED,DISABLED,1399,500,1403,DISABLED,DISABLED,1500,900,1500,N/A,DISABLED,53,914,1680,N/A,ENABLED,53,914,1680,N/A,ENABLED,53,914,1680,N/A,ENABLED,53,914,1680,N/A,ENABLED,44,711,1400,N/A,ENABLED,44,711,1400,N/A,ENABLED,44,711,1400,N/A,ENABLED,44,711,1400,N/A,ENABLED,N/A,35,34
1744661905,0,229,N/A,N/A,N/A,N/A,ENABLED,1403,500,1403,DISABLED,DISABLED,1387,500,1403,DISABLED,DISABLED,1403,500,1403,DISABLED,DISABLED,1399,500,1403,DISABLED,DISABLED,1405,500,1403,DISABLED,DISABLED,1405,500,1403,DISABLED,DISABLED,1391,500,1403,DISABLED,DISABLED,1399,500,1403,DISABLED,DISABLED,1500,900,1500,N/A,DISABLED,53,914,1680,N/A,ENABLED,53,914,1680,N/A,ENABLED,53,914,1680,N/A,ENABLED,53,914,1680,N/A,ENABLED,44,711,1400,N/A,ENABLED,44,711,1400,N/A,ENABLED,44,711,1400,N/A,ENABLED,44,711,1400,N/A,ENABLED,N/A,35,34
1744661906,0,229,N/A,N/A,N/A,N/A,ENABLED,1402,500,1402,DISABLED,DISABLED,1388,500,1402,DISABLED,DISABLED,1403,500,1402,DISABLED,DISABLED,1399,500,1402,DISABLED,DISABLED,1405,500,1402,DISABLED,DISABLED,1406,500,1402,DISABLED,DISABLED,1391,500,1402,DISABLED,DISABLED,1400,500,1402,DISABLED,DISABLED,1500,900,1500,N/A,DISABLED,53,914,1680,N/A,ENABLED,53,914,1680,N/A,ENABLED,53,914,1680,N/A,ENABLED,53,914,1680,N/A,ENABLED,44,711,1400,N/A,ENABLED,44,711,1400,N/A,ENABLED,44,711,1400,N/A,ENABLED,44,711,1400,N/A,ENABLED,N/A,35,34
1744661907,0,229,N/A,N/A,N/A,N/A,ENABLED,1403,500,1403,DISABLED,DISABLED,1387,500,1403,DISABLED,DISABLED,1403,500,1403,DISABLED,DISABLED,1400,500,1403,DISABLED,DISABLED,1405,500,1403,DISABLED,DISABLED,1405,500,1403,DISABLED,DISABLED,1391,500,1403,DISABLED,DISABLED,1401,500,1403,DISABLED,DISABLED,1500,900,1500,N/A,DISABLED,53,914,1680,N/A,ENABLED,53,914,1680,N/A,ENABLED,53,914,1680,N/A,ENABLED,53,914,1680,N/A,ENABLED,44,711,1400,N/A,ENABLED,44,711,1400,N/A,ENABLED,44,711,1400,N/A,ENABLED,44,711,1400,N/A,ENABLED,N/A,35,34
1744661909,0,228,N/A,N/A,N/A,N/A,ENABLED,1403,500,1403,DISABLED,DISABLED,1387,500,1403,DISABLED,DISABLED,1403,500,1403,DISABLED,DISABLED,1400,500,1403,DISABLED,DISABLED,1404,500,1403,DISABLED,DISABLED,1405,500,1403,DISABLED,DISABLED,1391,500,1403,DISABLED,DISABLED,1400,500,1403,DISABLED,DISABLED,1500,900,1500,N/A,DISABLED,53,914,1680,N/A,ENABLED,53,914,1680,N/A,ENABLED,53,914,1680,N/A,ENABLED,53,914,1680,N/A,ENABLED,44,711,1400,N/A,ENABLED,44,711,1400,N/A,ENABLED,44,711,1400,N/A,ENABLED,44,711,1400,N/A,ENABLED,N/A,35,33
1744661910,0,229,N/A,N/A,N/A,N/A,ENABLED,1403,500,1403,DISABLED,DISABLED,1388,500,1403,DISABLED,DISABLED,1403,500,1403,DISABLED,DISABLED,1400,500,1403,DISABLED,DISABLED,1405,500,1403,DISABLED,DISABLED,1405,500,1403,DISABLED,DISABLED,1391,500,1403,DISABLED,DISABLED,1400,500,1403,DISABLED,DISABLED,1500,900,1500,N/A,DISABLED,53,914,1680,N/A,ENABLED,53,914,1680,N/A,ENABLED,53,914,1680,N/A,ENABLED,53,914,1680,N/A,ENABLED,44,711,1400,N/A,ENABLED,44,711,1400,N/A,ENABLED,44,711,1400,N/A,ENABLED,44,711,1400,N/A,ENABLED,N/A,35,34
1744661911,0,230,N/A,N/A,N/A,N/A,ENABLED,1402,500,1402,DISABLED,DISABLED,1387,500,1402,DISABLED,DISABLED,1404,500,1402,DISABLED,DISABLED,1400,500,1402,DISABLED,DISABLED,1405,500,1402,DISABLED,DISABLED,1406,500,1402,DISABLED,DISABLED,1391,500,1402,DISABLED,DISABLED,1401,500,1402,DISABLED,DISABLED,1500,900,1500,N/A,DISABLED,53,914,1680,N/A,ENABLED,53,914,1680,N/A,ENABLED,53,914,1680,N/A,ENABLED,53,914,1680,N/A,ENABLED,44,711,1400,N/A,ENABLED,44,711,1400,N/A,ENABLED,44,711,1400,N/A,ENABLED,44,711,1400,N/A,ENABLED,N/A,35,33
1744661912,0,230,N/A,N/A,N/A,N/A,ENABLED,1403,500,1403,DISABLED,DISABLED,1386,500,1403,DISABLED,DISABLED,1403,500,1403,DISABLED,DISABLED,1400,500,1403,DISABLED,DISABLED,1406,500,1403,DISABLED,DISABLED,1405,500,1403,DISABLED,DISABLED,1390,500,1403,DISABLED,DISABLED,1400,500,1403,DISABLED,DISABLED,1500,900,1500,N/A,DISABLED,53,914,1680,N/A,ENABLED,53,914,1680,N/A,ENABLED,53,914,1680,N/A,ENABLED,53,914,1680,N/A,ENABLED,44,711,1400,N/A,ENABLED,44,711,1400,N/A,ENABLED,44,711,1400,N/A,ENABLED,44,711,1400,N/A,ENABLED,N/A,35,34
1744661913,0,229,N/A,N/A,N/A,N/A,ENABLED,1403,500,1403,DISABLED,DISABLED,1387,500,1403,DISABLED,DISABLED,1404,500,1403,DISABLED,DISABLED,1399,500,1403,DISABLED,DISABLED,1405,500,1403,DISABLED,DISABLED,1405,500,1403,DISABLED,DISABLED,1390,500,1403,DISABLED,DISABLED,1400,500,1403,DISABLED,DISABLED,1500,900,1500,N/A,DISABLED,53,914,1680,N/A,ENABLED,53,914,1680,N/A,ENABLED,53,914,1680,N/A,ENABLED,53,914,1680,N/A,ENABLED,44,711,1400,N/A,ENABLED,44,711,1400,N/A,ENABLED,44,711,1400,N/A,ENABLED,44,711,1400,N/A,ENABLED,N/A,35,34
1744661914,0,230,N/A,N/A,N/A,N/A,ENABLED,1403,500,1403,DISABLED,DISABLED,1387,500,1403,DISABLED,DISABLED,1404,500,1403,DISABLED,DISABLED,1400,500,1403,DISABLED,DISABLED,1405,500,1403,DISABLED,DISABLED,1405,500,1403,DISABLED,DISABLED,1390,500,1403,DISABLED,DISABLED,1400,500,1403,DISABLED,DISABLED,1500,900,1500,N/A,DISABLED,53,914,1680,N/A,ENABLED,53,914,1680,N/A,ENABLED,53,914,1680,N/A,ENABLED,53,914,1680,N/A,ENABLED,44,711,1400,N/A,ENABLED,44,711,1400,N/A,ENABLED,44,711,1400,N/A,ENABLED,44,711,1400,N/A,ENABLED,N/A,35,34
1744661916,0,229,N/A,N/A,N/A,N/A,ENABLED,1404,500,1404,DISABLED,DISABLED,1387,500,1404,DISABLED,DISABLED,1403,500,1404,DISABLED,DISABLED,1400,500,1404,DISABLED,DISABLED,1405,500,1404,DISABLED,DISABLED,1404,500,1404,DISABLED,DISABLED,1391,500,1404,DISABLED,DISABLED,1401,500,1404,DISABLED,DISABLED,1500,900,1500,N/A,DISABLED,53,914,1680,N/A,ENABLED,53,914,1680,N/A,ENABLED,53,914,1680,N/A,ENABLED,53,914,1680,N/A,ENABLED,44,711,1400,N/A,ENABLED,44,711,1400,N/A,ENABLED,44,711,1400,N/A,ENABLED,44,711,1400,N/A,ENABLED,N/A,35,34
1744661917,0,229,N/A,N/A,N/A,N/A,ENABLED,1403,500,1403,DISABLED,DISABLED,1387,500,1403,DISABLED,DISABLED,1403,500,1403,DISABLED,DISABLED,1400,500,1403,DISABLED,DISABLED,1405,500,1403,DISABLED,DISABLED,1405,500,1403,DISABLED,DISABLED,1390,500,1403,DISABLED,DISABLED,1400,500,1403,DISABLED,DISABLED,1500,900,1500,N/A,DISABLED,53,914,1680,N/A,ENABLED,53,914,1680,N/A,ENABLED,53,914,1680,N/A,ENABLED,53,914,1680,N/A,ENABLED,44,711,1400,N/A,ENABLED,44,711,1400,N/A,ENABLED,44,711,1400,N/A,ENABLED,44,711,1400,N/A,ENABLED,N/A,35,34
1744661918,0,229,N/A,N/A,N/A,N/A,ENABLED,1403,500,1403,DISABLED,DISABLED,1387,500,1403,DISABLED,DISABLED,1403,500,1403,DISABLED,DISABLED,1400,500,1403,DISABLED,DISABLED,1405,500,1403,DISABLED,DISABLED,1404,500,1403,DISABLED,DISABLED,1391,500,1403,DISABLED,DISABLED,1400,500,1403,DISABLED,DISABLED,1500,900,1500,N/A,DISABLED,53,914,1680,N/A,ENABLED,53,914,1680,N/A,ENABLED,53,914,1680,N/A,ENABLED,53,914,1680,N/A,ENABLED,44,711,1400,N/A,ENABLED,44,711,1400,N/A,ENABLED,44,711,1400,N/A,ENABLED,44,711,1400,N/A,ENABLED,N/A,35,34
1744661919,0,229,N/A,N/A,N/A,N/A,ENABLED,1404,500,1404,DISABLED,DISABLED,1387,500,1404,DISABLED,DISABLED,1404,500,1404,DISABLED,DISABLED,1400,500,1404,DISABLED,DISABLED,1405,500,1404,DISABLED,DISABLED,1404,500,1404,DISABLED,DISABLED,1390,500,1404,DISABLED,DISABLED,1400,500,1404,DISABLED,DISABLED,1500,900,1500,N/A,DISABLED,53,914,1680,N/A,ENABLED,53,914,1680,N/A,ENABLED,53,914,1680,N/A,ENABLED,53,914,1680,N/A,ENABLED,44,711,1400,N/A,ENABLED,44,711,1400,N/A,ENABLED,44,711,1400,N/A,ENABLED,44,711,1400,N/A,ENABLED,N/A,35,34
1744661920,0,229,N/A,N/A,N/A,N/A,ENABLED,1403,500,1403,DISABLED,DISABLED,1387,500,1403,DISABLED,DISABLED,1403,500,1403,DISABLED,DISABLED,1399,500,1403,DISABLED,DISABLED,1405,500,1403,DISABLED,DISABLED,1405,500,1403,DISABLED,DISABLED,1391,500,1403,DISABLED,DISABLED,1400,500,1403,DISABLED,DISABLED,1500,900,1500,N/A,DISABLED,53,914,1680,N/A,ENABLED,53,914,1680,N/A,ENABLED,53,914,1680,N/A,ENABLED,53,914,1680,N/A,ENABLED,44,711,1400,N/A,ENABLED,44,711,1400,N/A,ENABLED,44,711,1400,N/A,ENABLED,44,711,1400,N/A,ENABLED,N/A,35,34
1744661921,0,229,N/A,N/A,N/A,N/A,ENABLED,1402,500,1402,DISABLED,DISABLED,1388,500,1402,DISABLED,DISABLED,1403,500,1402,DISABLED,DISABLED,1399,500,1402,DISABLED,DISABLED,1405,500,1402,DISABLED,DISABLED,1404,500,1402,DISABLED,DISABLED,1390,500,1402,DISABLED,DISABLED,1400,500,1402,DISABLED,DISABLED,1500,900,1500,N/A,DISABLED,53,914,1680,N/A,ENABLED,53,914,1680,N/A,ENABLED,53,914,1680,N/A,ENABLED,53,914,1680,N/A,ENABLED,44,711,1400,N/A,ENABLED,44,711,1400,N/A,ENABLED,44,711,1400,N/A,ENABLED,44,711,1400,N/A,ENABLED,N/A,35,34
1744661923,0,229,N/A,N/A,N/A,N/A,ENABLED,1403,500,1403,DISABLED,DISABLED,1387,500,1403,DISABLED,DISABLED,1403,500,1403,DISABLED,DISABLED,1399,500,1403,DISABLED,DISABLED,1405,500,1403,DISABLED,DISABLED,1405,500,1403,DISABLED,DISABLED,1390,500,1403,DISABLED,DISABLED,1400,500,1403,DISABLED,DISABLED,1500,900,1500,N/A,DISABLED,53,914,1680,N/A,ENABLED,53,914,1680,N/A,ENABLED,53,914,1680,N/A,ENABLED,53,914,1680,N/A,ENABLED,44,711,1400,N/A,ENABLED,44,711,1400,N/A,ENABLED,44,711,1400,N/A,ENABLED,44,711,1400,N/A,ENABLED,N/A,35,34
1744661924,0,230,N/A,N/A,N/A,N/A,ENABLED,1403,500,1403,DISABLED,DISABLED,1388,500,1403,DISABLED,DISABLED,1403,500,1403,DISABLED,DISABLED,1400,500,1403,DISABLED,DISABLED,1405,500,1403,DISABLED,DISABLED,1405,500,1403,DISABLED,DISABLED,1391,500,1403,DISABLED,DISABLED,1400,500,1403,DISABLED,DISABLED,1500,900,1500,N/A,DISABLED,53,914,1680,N/A,ENABLED,53,914,1680,N/A,ENABLED,53,914,1680,N/A,ENABLED,53,914,1680,N/A,ENABLED,44,711,1400,N/A,ENABLED,44,711,1400,N/A,ENABLED,44,711,1400,N/A,ENABLED,44,711,1400,N/A,ENABLED,N/A,35,34
1744661925,0,229,N/A,N/A,N/A,N/A,ENABLED,1403,500,1403,DISABLED,DISABLED,1387,500,1403,DISABLED,DISABLED,1403,500,1403,DISABLED,DISABLED,1399,500,1403,DISABLED,DISABLED,1405,500,1403,DISABLED,DISABLED,1406,500,1403,DISABLED,DISABLED,1390,500,1403,DISABLED,DISABLED,1400,500,1403,DISABLED,DISABLED,1500,900,1500,N/A,DISABLED,53,914,1680,N/A,ENABLED,53,914,1680,N/A,ENABLED,53,914,1680,N/A,ENABLED,53,914,1680,N/A,ENABLED,44,711,1400,N/A,ENABLED,44,711,1400,N/A,ENABLED,44,711,1400,N/A,ENABLED,44,711,1400,N/A,ENABLED,N/A,35,34
1744661926,0,229,N/A,N/A,N/A,N/A,ENABLED,1403,500,1403,DISABLED,DISABLED,1387,500,1403,DISABLED,DISABLED,1403,500,1403,DISABLED,DISABLED,1399,500,1403,DISABLED,DISABLED,1406,500,1403,DISABLED,DISABLED,1404,500,1403,DISABLED,DISABLED,1391,500,1403,DISABLED,DISABLED,1400,500,1403,DISABLED,DISABLED,1500,900,1500,N/A,DISABLED,53,914,1680,N/A,ENABLED,53,914,1680,N/A,ENABLED,53,914,1680,N/A,ENABLED,53,914,1680,N/A,ENABLED,44,711,1400,N/A,ENABLED,44,711,1400,N/A,ENABLED,44,711,1400,N/A,ENABLED,44,711,1400,N/A,ENABLED,N/A,35,34
1744661927,0,229,N/A,N/A,N/A,N/A,ENABLED,1403,500,1403,DISABLED,DISABLED,1388,500,1403,DISABLED,DISABLED,1403,500,1403,DISABLED,DISABLED,1399,500,1403,DISABLED,DISABLED,1405,500,1403,DISABLED,DISABLED,1405,500,1403,DISABLED,DISABLED,1390,500,1403,DISABLED,DISABLED,1399,500,1403,DISABLED,DISABLED,1500,900,1500,N/A,DISABLED,53,914,1680,N/A,ENABLED,53,914,1680,N/A,ENABLED,53,914,1680,N/A,ENABLED,53,914,1680,N/A,ENABLED,44,711,1400,N/A,ENABLED,44,711,1400,N/A,ENABLED,44,711,1400,N/A,ENABLED,44,711,1400,N/A,ENABLED,N/A,35,34
1744661929,0,230,N/A,N/A,N/A,N/A,ENABLED,1403,500,1403,DISABLED,DISABLED,1387,500,1403,DISABLED,DISABLED,1403,500,1403,DISABLED,DISABLED,1399,500,1403,DISABLED,DISABLED,1406,500,1403,DISABLED,DISABLED,1405,500,1403,DISABLED,DISABLED,1391,500,1403,DISABLED,DISABLED,1400,500,1403,DISABLED,DISABLED,1500,900,1500,N/A,DISABLED,53,914,1680,N/A,ENABLED,53,914,1680,N/A,ENABLED,53,914,1680,N/A,ENABLED,53,914,1680,N/A,ENABLED,44,711,1400,N/A,ENABLED,44,711,1400,N/A,ENABLED,44,711,1400,N/A,ENABLED,44,711,1400,N/A,ENABLED,N/A,35,34
1744661930,0,228,N/A,N/A,N/A,N/A,ENABLED,1403,500,1403,DISABLED,DISABLED,1387,500,1403,DISABLED,DISABLED,1402,500,1403,DISABLED,DISABLED,1399,500,1403,DISABLED,DISABLED,1405,500,1403,DISABLED,DISABLED,1404,500,1403,DISABLED,DISABLED,1391,500,1403,DISABLED,DISABLED,1401,500,1403,DISABLED,DISABLED,1500,900,1500,N/A,DISABLED,53,914,1680,N/A,ENABLED,53,914,1680,N/A,ENABLED,53,914,1680,N/A,ENABLED,53,914,1680,N/A,ENABLED,44,711,1400,N/A,ENABLED,44,711,1400,N/A,ENABLED,44,711,1400,N/A,ENABLED,44,711,1400,N/A,ENABLED,N/A,35,33
1744661931,0,229,N/A,N/A,N/A,N/A,ENABLED,1403,500,1403,DISABLED,DISABLED,1388,500,1403,DISABLED,DISABLED,1403,500,1403,DISABLED,DISABLED,1399,500,1403,DISABLED,DISABLED,1405,500,1403,DISABLED,DISABLED,1405,500,1403,DISABLED,DISABLED,1391,500,1403,DISABLED,DISABLED,1399,500,1403,DISABLED,DISABLED,1500,900,1500,N/A,DISABLED,53,914,1680,N/A,ENABLED,53,914,1680,N/A,ENABLED,53,914,1680,N/A,ENABLED,53,914,1680,N/A,ENABLED,44,711,1400,N/A,ENABLED,44,711,1400,N/A,ENABLED,44,711,1400,N/A,ENABLED,44,711,1400,N/A,ENABLED,N/A,35,34
1744661932,0,230,N/A,N/A,N/A,N/A,ENABLED,1403,500,1403,DISABLED,DISABLED,1388,500,1403,DISABLED,DISABLED,1403,500,1403,DISABLED,DISABLED,1398,500,1403,DISABLED,DISABLED,1405,500,1403,DISABLED,DISABLED,1405,500,1403,DISABLED,DISABLED,1390,500,1403,DISABLED,DISABLED,1399,500,1403,DISABLED,DISABLED,1500,900,1500,N/A,DISABLED,53,914,1680,N/A,ENABLED,53,914,1680,N/A,ENABLED,53,914,1680,N/A,ENABLED,53,914,1680,N/A,ENABLED,44,711,1400,N/A,ENABLED,44,711,1400,N/A,ENABLED,44,711,1400,N/A,ENABLED,44,711,1400,N/A,ENABLED,N/A,35,34
1744661933,0,230,N/A,N/A,N/A,N/A,ENABLED,1403,500,1403,DISABLED,DISABLED,1388,500,1403,DISABLED,DISABLED,1403,500,1403,DISABLED,DISABLED,1400,500,1403,DISABLED,DISABLED,1405,500,1403,DISABLED,DISABLED,1405,500,1403,DISABLED,DISABLED,1390,500,1403,DISABLED,DISABLED,1399,500,1403,DISABLED,DISABLED,1500,900,1500,N/A,DISABLED,53,914,1680,N/A,ENABLED,53,914,1680,N/A,ENABLED,53,914,1680,N/A,ENABLED,53,914,1680,N/A,ENABLED,44,711,1400,N/A,ENABLED,44,711,1400,N/A,ENABLED,44,711,1400,N/A,ENABLED,44,711,1400,N/A,ENABLED,N/A,35,34
1744661934,0,229,N/A,N/A,N/A,N/A,ENABLED,1403,500,1403,DISABLED,DISABLED,1388,500,1403,DISABLED,DISABLED,1403,500,1403,DISABLED,DISABLED,1399,500,1403,DISABLED,DISABLED,1405,500,1403,DISABLED,DISABLED,1405,500,1403,DISABLED,DISABLED,1390,500,1403,DISABLED,DISABLED,1399,500,1403,DISABLED,DISABLED,1500,900,1500,N/A,DISABLED,53,914,1680,N/A,ENABLED,53,914,1680,N/A,ENABLED,53,914,1680,N/A,ENABLED,53,914,1680,N/A,ENABLED,44,711,1400,N/A,ENABLED,44,711,1400,N/A,ENABLED,44,711,1400,N/A,ENABLED,44,711,1400,N/A,ENABLED,N/A,35,34
1744661936,0,229,N/A,N/A,N/A,N/A,ENABLED,1402,500,1402,DISABLED,DISABLED,1388,500,1402,DISABLED,DISABLED,1402,500,1402,DISABLED,DISABLED,1399,500,1402,DISABLED,DISABLED,1405,500,1402,DISABLED,DISABLED,1404,500,1402,DISABLED,DISABLED,1391,500,1402,DISABLED,DISABLED,1400,500,1402,DISABLED,DISABLED,1500,900,1500,N/A,DISABLED,53,914,1680,N/A,ENABLED,53,914,1680,N/A,ENABLED,53,914,1680,N/A,ENABLED,53,914,1680,N/A,ENABLED,44,711,1400,N/A,ENABLED,44,711,1400,N/A,ENABLED,44,711,1400,N/A,ENABLED,44,711,1400,N/A,ENABLED,N/A,35,34
1744661937,0,229,N/A,N/A,N/A,N/A,ENABLED,1403,500,1403,DISABLED,DISABLED,1388,500,1403,DISABLED,DISABLED,1403,500,1403,DISABLED,DISABLED,1400,500,1403,DISABLED,DISABLED,1404,500,1403,DISABLED,DISABLED,1405,500,1403,DISABLED,DISABLED,1391,500,1403,DISABLED,DISABLED,1399,500,1403,DISABLED,DISABLED,1500,900,1500,N/A,DISABLED,53,914,1680,N/A,ENABLED,53,914,1680,N/A,ENABLED,53,914,1680,N/A,ENABLED,53,914,1680,N/A,ENABLED,44,711,1400,N/A,ENABLED,44,711,1400,N/A,ENABLED,44,711,1400,N/A,ENABLED,44,711,1400,N/A,ENABLED,N/A,35,34
1744661938,0,229,N/A,N/A,N/A,N/A,ENABLED,1403,500,1403,DISABLED,DISABLED,1388,500,1403,DISABLED,DISABLED,1403,500,1403,DISABLED,DISABLED,1400,500,1403,DISABLED,DISABLED,1405,500,1403,DISABLED,DISABLED,1404,500,1403,DISABLED,DISABLED,1391,500,1403,DISABLED,DISABLED,1400,500,1403,DISABLED,DISABLED,1500,900,1500,N/A,DISABLED,53,914,1680,N/A,ENABLED,53,914,1680,N/A,ENABLED,53,914,1680,N/A,ENABLED,53,914,1680,N/A,ENABLED,44,711,1400,N/A,ENABLED,44,711,1400,N/A,ENABLED,44,711,1400,N/A,ENABLED,44,711,1400,N/A,ENABLED,N/A,35,34
1744661939,0,230,N/A,N/A,N/A,N/A,ENABLED,1403,500,1403,DISABLED,DISABLED,1388,500,1403,DISABLED,DISABLED,1404,500,1403,DISABLED,DISABLED,1400,500,1403,DISABLED,DISABLED,1405,500,1403,DISABLED,DISABLED,1403,500,1403,DISABLED,DISABLED,1391,500,1403,DISABLED,DISABLED,1400,500,1403,DISABLED,DISABLED,1500,900,1500,N/A,DISABLED,53,914,1680,N/A,ENABLED,53,914,1680,N/A,ENABLED,53,914,1680,N/A,ENABLED,53,914,1680,N/A,ENABLED,44,711,1400,N/A,ENABLED,44,711,1400,N/A,ENABLED,44,711,1400,N/A,ENABLED,44,711,1400,N/A,ENABLED,N/A,35,34
1744661940,0,228,N/A,N/A,N/A,N/A,ENABLED,1402,500,1402,DISABLED,DISABLED,1388,500,1402,DISABLED,DISABLED,1403,500,1402,DISABLED,DISABLED,1399,500,1402,DISABLED,DISABLED,1405,500,1402,DISABLED,DISABLED,1403,500,1402,DISABLED,DISABLED,1391,500,1402,DISABLED,DISABLED,1400,500,1402,DISABLED,DISABLED,1500,900,1500,N/A,DISABLED,53,914,1680,N/A,ENABLED,53,914,1680,N/A,ENABLED,53,914,1680,N/A,ENABLED,53,914,1680,N/A,ENABLED,44,711,1400,N/A,ENABLED,44,711,1400,N/A,ENABLED,44,711,1400,N/A,ENABLED,44,711,1400,N/A,ENABLED,N/A,35,34
1744661941,0,229,N/A,N/A,N/A,N/A,ENABLED,1403,500,1403,DISABLED,DISABLED,1388,500,1403,DISABLED,DISABLED,1403,500,1403,DISABLED,DISABLED,1400,500,1403,DISABLED,DISABLED,1405,500,1403,DISABLED,DISABLED,1404,500,1403,DISABLED,DISABLED,1391,500,1403,DISABLED,DISABLED,1400,500,1403,DISABLED,DISABLED,1500,900,1500,N/A,DISABLED,53,914,1680,N/A,ENABLED,53,914,1680,N/A,ENABLED,53,914,1680,N/A,ENABLED,53,914,1680,N/A,ENABLED,44,711,1400,N/A,ENABLED,44,711,1400,N/A,ENABLED,44,711,1400,N/A,ENABLED,44,711,1400,N/A,ENABLED,N/A,35,33
1744661943,0,229,N/A,N/A,N/A,N/A,ENABLED,1403,500,1403,DISABLED,DISABLED,1388,500,1403,DISABLED,DISABLED,1403,500,1403,DISABLED,DISABLED,1400,500,1403,DISABLED,DISABLED,1405,500,1403,DISABLED,DISABLED,1404,500,1403,DISABLED,DISABLED,1390,500,1403,DISABLED,DISABLED,1399,500,1403,DISABLED,DISABLED,1500,900,1500,N/A,DISABLED,53,914,1680,N/A,ENABLED,53,914,1680,N/A,ENABLED,53,914,1680,N/A,ENABLED,53,914,1680,N/A,ENABLED,44,711,1400,N/A,ENABLED,44,711,1400,N/A,ENABLED,44,711,1400,N/A,ENABLED,44,711,1400,N/A,ENABLED,N/A,35,34
1744661944,0,229,N/A,N/A,N/A,N/A,ENABLED,1402,500,1402,DISABLED,DISABLED,1388,500,1402,DISABLED,DISABLED,1404,500,1402,DISABLED,DISABLED,1400,500,1402,DISABLED,DISABLED,1406,500,1402,DISABLED,DISABLED,1404,500,1402,DISABLED,DISABLED,1391,500,1402,DISABLED,DISABLED,1400,500,1402,DISABLED,DISABLED,1500,900,1500,N/A,DISABLED,53,914,1680,N/A,ENABLED,53,914,1680,N/A,ENABLED,53,914,1680,N/A,ENABLED,53,914,1680,N/A,ENABLED,44,711,1400,N/A,ENABLED,44,711,1400,N/A,ENABLED,44,711,1400,N/A,ENABLED,44,711,1400,N/A,ENABLED,N/A,35,34
1744661945,0,229,N/A,N/A,N/A,N/A,ENABLED,1402,500,1402,DISABLED,DISABLED,1388,500,1402,DISABLED,DISABLED,1403,500,1402,DISABLED,DISABLED,1399,500,1402,DISABLED,DISABLED,1406,500,1402,DISABLED,DISABLED,1404,500,1402,DISABLED,DISABLED,1390,500,1402,DISABLED,DISABLED,1399,500,1402,DISABLED,DISABLED,1500,900,1500,N/A,DISABLED,53,914,1680,N/A,ENABLED,53,914,1680,N/A,ENABLED,53,914,1680,N/A,ENABLED,53,914,1680,N/A,ENABLED,44,711,1400,N/A,ENABLED,44,711,1400,N/A,ENABLED,44,711,1400,N/A,ENABLED,44,711,1400,N/A,ENABLED,N/A,35,34
1744661946,0,230,N/A,N/A,N/A,N/A,ENABLED,1401,500,1400,DISABLED,DISABLED,1387,500,1400,DISABLED,DISABLED,1403,500,1400,DISABLED,DISABLED,1399,500,1400,DISABLED,DISABLED,1405,500,1400,DISABLED,DISABLED,1404,500,1400,DISABLED,DISABLED,1391,500,1400,DISABLED,DISABLED,1400,500,1400,DISABLED,DISABLED,1500,900,1500,N/A,DISABLED,53,914,1680,N/A,ENABLED,53,914,1680,N/A,ENABLED,53,914,1680,N/A,ENABLED,53,914,1680,N/A,ENABLED,44,711,1400,N/A,ENABLED,44,711,1400,N/A,ENABLED,44,711,1400,N/A,ENABLED,44,711,1400,N/A,ENABLED,N/A,35,34
1744661947,0,229,N/A,N/A,N/A,N/A,ENABLED,1402,500,1402,DISABLED,DISABLED,1388,500,1402,DISABLED,DISABLED,1403,500,1402,DISABLED,DISABLED,1400,500,1402,DISABLED,DISABLED,1404,500,1402,DISABLED,DISABLED,1405,500,1402,DISABLED,DISABLED,1391,500,1402,DISABLED,DISABLED,1400,500,1402,DISABLED,DISABLED,1500,900,1500,N/A,DISABLED,53,914,1680,N/A,ENABLED,53,914,1680,N/A,ENABLED,53,914,1680,N/A,ENABLED,53,914,1680,N/A,ENABLED,44,711,1400,N/A,ENABLED,44,711,1400,N/A,ENABLED,44,711,1400,N/A,ENABLED,44,711,1400,N/A,ENABLED,N/A,35,34
1744661949,0,229,N/A,N/A,N/A,N/A,ENABLED,1402,500,1402,DISABLED,DISABLED,1388,500,1402,DISABLED,DISABLED,1403,500,1402,DISABLED,DISABLED,1399,500,1402,DISABLED,DISABLED,1405,500,1402,DISABLED,DISABLED,1404,500,1402,DISABLED,DISABLED,1391,500,1402,DISABLED,DISABLED,1399,500,1402,DISABLED,DISABLED,1500,900,1500,N/A,DISABLED,53,914,1680,N/A,ENABLED,53,914,1680,N/A,ENABLED,53,914,1680,N/A,ENABLED,53,914,1680,N/A,ENABLED,44,711,1400,N/A,ENABLED,44,711,1400,N/A,ENABLED,44,711,1400,N/A,ENABLED,44,711,1400,N/A,ENABLED,N/A,35,34
1744661950,0,229,N/A,N/A,N/A,N/A,ENABLED,1402,500,1402,DISABLED,DISABLED,1388,500,1402,DISABLED,DISABLED,1403,500,1402,DISABLED,DISABLED,1399,500,1402,DISABLED,DISABLED,1405,500,1402,DISABLED,DISABLED,1404,500,1402,DISABLED,DISABLED,1391,500,1402,DISABLED,DISABLED,1399,500,1402,DISABLED,DISABLED,1500,900,1500,N/A,DISABLED,53,914,1680,N/A,ENABLED,53,914,1680,N/A,ENABLED,53,914,1680,N/A,ENABLED,53,914,1680,N/A,ENABLED,44,711,1400,N/A,ENABLED,44,711,1400,N/A,ENABLED,44,711,1400,N/A,ENABLED,44,711,1400,N/A,ENABLED,N/A,35,34
1744661951,0,229,N/A,N/A,N/A,N/A,ENABLED,1403,500,1403,DISABLED,DISABLED,1389,500,1403,DISABLED,DISABLED,1403,500,1403,DISABLED,DISABLED,1399,500,1403,DISABLED,DISABLED,1405,500,1403,DISABLED,DISABLED,1404,500,1403,DISABLED,DISABLED,1391,500,1403,DISABLED,DISABLED,1399,500,1403,DISABLED,DISABLED,1500,900,1500,N/A,DISABLED,53,914,1680,N/A,ENABLED,53,914,1680,N/A,ENABLED,53,914,1680,N/A,ENABLED,53,914,1680,N/A,ENABLED,44,711,1400,N/A,ENABLED,44,711,1400,N/A,ENABLED,44,711,1400,N/A,ENABLED,44,711,1400,N/A,ENABLED,N/A,35,34
1744661952,0,229,N/A,N/A,N/A,N/A,ENABLED,1402,500,1402,DISABLED,DISABLED,1388,500,1402,DISABLED,DISABLED,1404,500,1402,DISABLED,DISABLED,1399,500,1402,DISABLED,DISABLED,1405,500,1402,DISABLED,DISABLED,1404,500,1402,DISABLED,DISABLED,1391,500,1402,DISABLED,DISABLED,1399,500,1402,DISABLED,DISABLED,1500,900,1500,N/A,DISABLED,53,914,1680,N/A,ENABLED,53,914,1680,N/A,ENABLED,53,914,1680,N/A,ENABLED,53,914,1680,N/A,ENABLED,44,711,1400,N/A,ENABLED,44,711,1400,N/A,ENABLED,44,711,1400,N/A,ENABLED,44,711,1400,N/A,ENABLED,N/A,35,34
1744661953,0,229,N/A,N/A,N/A,N/A,ENABLED,1402,500,1402,DISABLED,DISABLED,1388,500,1402,DISABLED,DISABLED,1404,500,1402,DISABLED,DISABLED,1399,500,1402,DISABLED,DISABLED,1405,500,1402,DISABLED,DISABLED,1405,500,1402,DISABLED,DISABLED,1391,500,1402,DISABLED,DISABLED,1400,500,1402,DISABLED,DISABLED,1500,900,1500,N/A,DISABLED,53,914,1680,N/A,ENABLED,53,914,1680,N/A,ENABLED,53,914,1680,N/A,ENABLED,53,914,1680,N/A,ENABLED,44,711,1400,N/A,ENABLED,44,711,1400,N/A,ENABLED,44,711,1400,N/A,ENABLED,44,711,1400,N/A,ENABLED,N/A,35,34
1744661954,0,229,N/A,N/A,N/A,N/A,ENABLED,1402,500,1402,DISABLED,DISABLED,1388,500,1402,DISABLED,DISABLED,1403,500,1402,DISABLED,DISABLED,1399,500,1402,DISABLED,DISABLED,1405,500,1402,DISABLED,DISABLED,1404,500,1402,DISABLED,DISABLED,1391,500,1402,DISABLED,DISABLED,1399,500,1402,DISABLED,DISABLED,1500,900,1500,N/A,DISABLED,53,914,1680,N/A,ENABLED,53,914,1680,N/A,ENABLED,53,914,1680,N/A,ENABLED,53,914,1680,N/A,ENABLED,44,711,1400,N/A,ENABLED,44,711,1400,N/A,ENABLED,44,711,1400,N/A,ENABLED,44,711,1400,N/A,ENABLED,N/A,35,34
1744661956,0,230,N/A,N/A,N/A,N/A,ENABLED,1403,500,1403,DISABLED,DISABLED,1387,500,1403,DISABLED,DISABLED,1403,500,1403,DISABLED,DISABLED,1399,500,1403,DISABLED,DISABLED,1405,500,1403,DISABLED,DISABLED,1405,500,1403,DISABLED,DISABLED,1390,500,1403,DISABLED,DISABLED,1399,500,1403,DISABLED,DISABLED,1500,900,1500,N/A,DISABLED,53,914,1680,N/A,ENABLED,53,914,1680,N/A,ENABLED,53,914,1680,N/A,ENABLED,53,914,1680,N/A,ENABLED,44,711,1400,N/A,ENABLED,44,711,1400,N/A,ENABLED,44,711,1400,N/A,ENABLED,44,711,1400,N/A,ENABLED,N/A,35,34
1744661957,0,229,N/A,N/A,N/A,N/A,ENABLED,1403,500,1403,DISABLED,DISABLED,1387,500,1403,DISABLED,DISABLED,1403,500,1403,DISABLED,DISABLED,1399,500,1403,DISABLED,DISABLED,1405,500,1403,DISABLED,DISABLED,1404,500,1403,DISABLED,DISABLED,1391,500,1403,DISABLED,DISABLED,1400,500,1403,DISABLED,DISABLED,1500,900,1500,N/A,DISABLED,53,914,1680,N/A,ENABLED,53,914,1680,N/A,ENABLED,53,914,1680,N/A,ENABLED,53,914,1680,N/A,ENABLED,44,711,1400,N/A,ENABLED,44,711,1400,N/A,ENABLED,44,711,1400,N/A,ENABLED,44,711,1400,N/A,ENABLED,N/A,35,34
1744661958,0,230,N/A,N/A,N/A,N/A,ENABLED,1403,500,1403,DISABLED,DISABLED,1388,500,1403,DISABLED,DISABLED,1403,500,1403,DISABLED,DISABLED,1399,500,1403,DISABLED,DISABLED,1405,500,1403,DISABLED,DISABLED,1404,500,1403,DISABLED,DISABLED,1390,500,1403,DISABLED,DISABLED,1400,500,1403,DISABLED,DISABLED,1500,900,1500,N/A,DISABLED,53,914,1680,N/A,ENABLED,53,914,1680,N/A,ENABLED,53,914,1680,N/A,ENABLED,53,914,1680,N/A,ENABLED,44,711,1400,N/A,ENABLED,44,711,1400,N/A,ENABLED,44,711,1400,N/A,ENABLED,44,711,1400,N/A,ENABLED,N/A,35,34
1744661959,0,228,N/A,N/A,N/A,N/A,ENABLED,1402,500,1402,DISABLED,DISABLED,1388,500,1402,DISABLED,DISABLED,1403,500,1402,DISABLED,DISABLED,1399,500,1402,DISABLED,DISABLED,1405,500,1402,DISABLED,DISABLED,1404,500,1402,DISABLED,DISABLED,1391,500,1402,DISABLED,DISABLED,1400,500,1402,DISABLED,DISABLED,1500,900,1500,N/A,DISABLED,53,914,1680,N/A,ENABLED,53,914,1680,N/A,ENABLED,53,914,1680,N/A,ENABLED,53,914,1680,N/A,ENABLED,44,711,1400,N/A,ENABLED,44,711,1400,N/A,ENABLED,44,711,1400,N/A,ENABLED,44,711,1400,N/A,ENABLED,N/A,35,34
1744661960,0,228,N/A,N/A,N/A,N/A,ENABLED,1403,500,1403,DISABLED,DISABLED,1388,500,1403,DISABLED,DISABLED,1403,500,1403,DISABLED,DISABLED,1399,500,1403,DISABLED,DISABLED,1405,500,1403,DISABLED,DISABLED,1404,500,1403,DISABLED,DISABLED,1391,500,1403,DISABLED,DISABLED,1399,500,1403,DISABLED,DISABLED,1500,900,1500,N/A,DISABLED,53,914,1680,N/A,ENABLED,53,914,1680,N/A,ENABLED,53,914,1680,N/A,ENABLED,53,914,1680,N/A,ENABLED,44,711,1400,N/A,ENABLED,44,711,1400,N/A,ENABLED,44,711,1400,N/A,ENABLED,44,711,1400,N/A,ENABLED,N/A,35,34
1744661961,0,229,N/A,N/A,N/A,N/A,ENABLED,1402,500,1402,DISABLED,DISABLED,1388,500,1402,DISABLED,DISABLED,1404,500,1402,DISABLED,DISABLED,1399,500,1402,DISABLED,DISABLED,1405,500,1402,DISABLED,DISABLED,1404,500,1402,DISABLED,DISABLED,1391,500,1402,DISABLED,DISABLED,1400,500,1402,DISABLED,DISABLED,1500,900,1500,N/A,DISABLED,53,914,1680,N/A,ENABLED,53,914,1680,N/A,ENABLED,53,914,1680,N/A,ENABLED,53,914,1680,N/A,ENABLED,44,711,1400,N/A,ENABLED,44,711,1400,N/A,ENABLED,44,711,1400,N/A,ENABLED,44,711,1400,N/A,ENABLED,N/A,35,34
1744661963,0,230,N/A,N/A,N/A,N/A,ENABLED,1402,500,1402,DISABLED,DISABLED,1387,500,1402,DISABLED,DISABLED,1403,500,1402,DISABLED,DISABLED,1400,500,1402,DISABLED,DISABLED,1406,500,1402,DISABLED,DISABLED,1404,500,1402,DISABLED,DISABLED,1391,500,1402,DISABLED,DISABLED,1399,500,1402,DISABLED,DISABLED,1500,900,1500,N/A,DISABLED,53,914,1680,N/A,ENABLED,53,914,1680,N/A,ENABLED,53,914,1680,N/A,ENABLED,53,914,1680,N/A,ENABLED,44,711,1400,N/A,ENABLED,44,711,1400,N/A,ENABLED,44,711,1400,N/A,ENABLED,44,711,1400,N/A,ENABLED,N/A,35,34
1744661964,0,229,N/A,N/A,N/A,N/A,ENABLED,1403,500,1403,DISABLED,DISABLED,1388,500,1403,DISABLED,DISABLED,1404,500,1403,DISABLED,DISABLED,1399,500,1403,DISABLED,DISABLED,1406,500,1403,DISABLED,DISABLED,1404,500,1403,DISABLED,DISABLED,1391,500,1403,DISABLED,DISABLED,1399,500,1403,DISABLED,DISABLED,1500,900,1500,N/A,DISABLED,53,914,1680,N/A,ENABLED,53,914,1680,N/A,ENABLED,53,914,1680,N/A,ENABLED,53,914,1680,N/A,ENABLED,44,711,1400,N/A,ENABLED,44,711,1400,N/A,ENABLED,44,711,1400,N/A,ENABLED,44,711,1400,N/A,ENABLED,N/A,35,34
1744661965,0,230,N/A,N/A,N/A,N/A,ENABLED,1403,500,1403,DISABLED,DISABLED,1388,500,1403,DISABLED,DISABLED,1403,500,1403,DISABLED,DISABLED,1399,500,1403,DISABLED,DISABLED,1405,500,1403,DISABLED,DISABLED,1404,500,1403,DISABLED,DISABLED,1391,500,1403,DISABLED,DISABLED,1399,500,1403,DISABLED,DISABLED,1500,900,1500,N/A,DISABLED,53,914,1680,N/A,ENABLED,53,914,1680,N/A,ENABLED,53,914,1680,N/A,ENABLED,53,914,1680,N/A,ENABLED,44,711,1400,N/A,ENABLED,44,711,1400,N/A,ENABLED,44,711,1400,N/A,ENABLED,44,711,1400,N/A,ENABLED,N/A,35,34
1744661966,0,230,N/A,N/A,N/A,N/A,ENABLED,1403,500,1403,DISABLED,DISABLED,1388,500,1403,DISABLED,DISABLED,1403,500,1403,DISABLED,DISABLED,1400,500,1403,DISABLED,DISABLED,1405,500,1403,DISABLED,DISABLED,1404,500,1403,DISABLED,DISABLED,1391,500,1403,DISABLED,DISABLED,1399,500,1403,DISABLED,DISABLED,1500,900,1500,N/A,DISABLED,53,914,1680,N/A,ENABLED,53,914,1680,N/A,ENABLED,53,914,1680,N/A,ENABLED,53,914,1680,N/A,ENABLED,44,711,1400,N/A,ENABLED,44,711,1400,N/A,ENABLED,44,711,1400,N/A,ENABLED,44,711,1400,N/A,ENABLED,N/A,35,34
1744661967,0,228,N/A,N/A,N/A,N/A,ENABLED,1403,500,1403,DISABLED,DISABLED,1389,500,1403,DISABLED,DISABLED,1403,500,1403,DISABLED,DISABLED,1400,500,1403,DISABLED,DISABLED,1405,500,1403,DISABLED,DISABLED,1403,500,1403,DISABLED,DISABLED,1391,500,1403,DISABLED,DISABLED,1400,500,1403,DISABLED,DISABLED,1500,900,1500,N/A,DISABLED,53,914,1680,N/A,ENABLED,53,914,1680,N/A,ENABLED,53,914,1680,N/A,ENABLED,53,914,1680,N/A,ENABLED,44,711,1400,N/A,ENABLED,44,711,1400,N/A,ENABLED,44,711,1400,N/A,ENABLED,44,711,1400,N/A,ENABLED,N/A,35,33
1744661968,0,229,N/A,N/A,N/A,N/A,ENABLED,1404,500,1404,DISABLED,DISABLED,1389,500,1404,DISABLED,DISABLED,1403,500,1404,DISABLED,DISABLED,1400,500,1404,DISABLED,DISABLED,1406,500,1404,DISABLED,DISABLED,1405,500,1404,DISABLED,DISABLED,1391,500,1404,DISABLED,DISABLED,1399,500,1404,DISABLED,DISABLED,1500,900,1500,N/A,DISABLED,53,914,1680,N/A,ENABLED,53,914,1680,N/A,ENABLED,53,914,1680,N/A,ENABLED,53,914,1680,N/A,ENABLED,44,711,1400,N/A,ENABLED,44,711,1400,N/A,ENABLED,44,711,1400,N/A,ENABLED,44,711,1400,N/A,ENABLED,N/A,35,34
1744661970,0,229,N/A,N/A,N/A,N/A,ENABLED,1403,500,1403,DISABLED,DISABLED,1388,500,1403,DISABLED,DISABLED,1403,500,1403,DISABLED,DISABLED,1400,500,1403,DISABLED,DISABLED,1406,500,1403,DISABLED,DISABLED,1405,500,1403,DISABLED,DISABLED,1391,500,1403,DISABLED,DISABLED,1400,500,1403,DISABLED,DISABLED,1500,900,1500,N/A,DISABLED,53,914,1680,N/A,ENABLED,53,914,1680,N/A,ENABLED,53,914,1680,N/A,ENABLED,53,914,1680,N/A,ENABLED,44,711,1400,N/A,ENABLED,44,711,1400,N/A,ENABLED,44,711,1400,N/A,ENABLED,44,711,1400,N/A,ENABLED,N/A,35,34
1744661971,0,229,N/A,N/A,N/A,N/A,ENABLED,1403,500,1403,DISABLED,DISABLED,1388,500,1403,DISABLED,DISABLED,1402,500,1403,DISABLED,DISABLED,1399,500,1403,DISABLED,DISABLED,1406,500,1403,DISABLED,DISABLED,1405,500,1403,DISABLED,DISABLED,1391,500,1403,DISABLED,DISABLED,1400,500,1403,DISABLED,DISABLED,1500,900,1500,N/A,DISABLED,53,914,1680,N/A,ENABLED,53,914,1680,N/A,ENABLED,53,914,1680,N/A,ENABLED,53,914,1680,N/A,ENABLED,44,711,1400,N/A,ENABLED,44,711,1400,N/A,ENABLED,44,711,1400,N/A,ENABLED,44,711,1400,N/A,ENABLED,N/A,35,34
1744661972,0,229,N/A,N/A,N/A,N/A,ENABLED,1403,500,1403,DISABLED,DISABLED,1389,500,1403,DISABLED,DISABLED,1403,500,1403,DISABLED,DISABLED,1400,500,1403,DISABLED,DISABLED,1405,500,1403,DISABLED,DISABLED,1404,500,1403,DISABLED,DISABLED,1392,500,1403,DISABLED,DISABLED,1400,500,1403,DISABLED,DISABLED,1500,900,1500,N/A,DISABLED,53,914,1680,N/A,ENABLED,53,914,1680,N/A,ENABLED,53,914,1680,N/A,ENABLED,53,914,1680,N/A,ENABLED,44,711,1400,N/A,ENABLED,44,711,1400,N/A,ENABLED,44,711,1400,N/A,ENABLED,44,711,1400,N/A,ENABLED,N/A,35,34
1744661973,0,229,N/A,N/A,N/A,N/A,ENABLED,1403,500,1403,DISABLED,DISABLED,1388,500,1403,DISABLED,DISABLED,1403,500,1403,DISABLED,DISABLED,1400,500,1403,DISABLED,DISABLED,1406,500,1403,DISABLED,DISABLED,1403,500,1403,DISABLED,DISABLED,1391,500,1403,DISABLED,DISABLED,1399,500,1403,DISABLED,DISABLED,1500,900,1500,N/A,DISABLED,53,914,1680,N/A,ENABLED,53,914,1680,N/A,ENABLED,53,914,1680,N/A,ENABLED,53,914,1680,N/A,ENABLED,44,711,1400,N/A,ENABLED,44,711,1400,N/A,ENABLED,44,711,1400,N/A,ENABLED,44,711,1400,N/A,ENABLED,N/A,35,34
1744661974,0,229,N/A,N/A,N/A,N/A,ENABLED,1403,500,1403,DISABLED,DISABLED,1388,500,1403,DISABLED,DISABLED,1403,500,1403,DISABLED,DISABLED,1400,500,1403,DISABLED,DISABLED,1405,500,1403,DISABLED,DISABLED,1404,500,1403,DISABLED,DISABLED,1391,500,1403,DISABLED,DISABLED,1399,500,1403,DISABLED,DISABLED,1500,900,1500,N/A,DISABLED,53,914,1680,N/A,ENABLED,53,914,1680,N/A,ENABLED,53,914,1680,N/A,ENABLED,53,914,1680,N/A,ENABLED,44,711,1400,N/A,ENABLED,44,711,1400,N/A,ENABLED,44,711,1400,N/A,ENABLED,44,711,1400,N/A,ENABLED,N/A,35,34
1744661976,0,229,N/A,N/A,N/A,N/A,ENABLED,1403,500,1403,DISABLED,DISABLED,1388,500,1403,DISABLED,DISABLED,1403,500,1403,DISABLED,DISABLED,1399,500,1403,DISABLED,DISABLED,1405,500,1403,DISABLED,DISABLED,1404,500,1403,DISABLED,DISABLED,1391,500,1403,DISABLED,DISABLED,1400,500,1403,DISABLED,DISABLED,1500,900,1500,N/A,DISABLED,53,914,1680,N/A,ENABLED,53,914,1680,N/A,ENABLED,53,914,1680,N/A,ENABLED,53,914,1680,N/A,ENABLED,44,711,1400,N/A,ENABLED,44,711,1400,N/A,ENABLED,44,711,1400,N/A,ENABLED,44,711,1400,N/A,ENABLED,N/A,35,34
1744661977,0,230,N/A,N/A,N/A,N/A,ENABLED,1403,500,1403,DISABLED,DISABLED,1389,500,1403,DISABLED,DISABLED,1403,500,1403,DISABLED,DISABLED,1399,500,1403,DISABLED,DISABLED,1405,500,1403,DISABLED,DISABLED,1404,500,1403,DISABLED,DISABLED,1391,500,1403,DISABLED,DISABLED,1400,500,1403,DISABLED,DISABLED,1500,900,1500,N/A,DISABLED,53,914,1680,N/A,ENABLED,53,914,1680,N/A,ENABLED,53,914,1680,N/A,ENABLED,53,914,1680,N/A,ENABLED,44,711,1400,N/A,ENABLED,44,711,1400,N/A,ENABLED,44,711,1400,N/A,ENABLED,44,711,1400,N/A,ENABLED,N/A,35,34
1744661978,0,230,N/A,N/A,N/A,N/A,ENABLED,1403,500,1403,DISABLED,DISABLED,1388,500,1403,DISABLED,DISABLED,1404,500,1403,DISABLED,DISABLED,1399,500,1403,DISABLED,DISABLED,1405,500,1403,DISABLED,DISABLED,1404,500,1403,DISABLED,DISABLED,1391,500,1403,DISABLED,DISABLED,1400,500,1403,DISABLED,DISABLED,1500,900,1500,N/A,DISABLED,53,914,1680,N/A,ENABLED,53,914,1680,N/A,ENABLED,53,914,1680,N/A,ENABLED,53,914,1680,N/A,ENABLED,44,711,1400,N/A,ENABLED,44,711,1400,N/A,ENABLED,44,711,1400,N/A,ENABLED,44,711,1400,N/A,ENABLED,N/A,35,33
1744661979,0,230,N/A,N/A,N/A,N/A,ENABLED,1403,500,1403,DISABLED,DISABLED,1388,500,1403,DISABLED,DISABLED,1404,500,1403,DISABLED,DISABLED,1399,500,1403,DISABLED,DISABLED,1406,500,1403,DISABLED,DISABLED,1404,500,1403,DISABLED,DISABLED,1391,500,1403,DISABLED,DISABLED,1400,500,1403,DISABLED,DISABLED,1500,900,1500,N/A,DISABLED,53,914,1680,N/A,ENABLED,53,914,1680,N/A,ENABLED,53,914,1680,N/A,ENABLED,53,914,1680,N/A,ENABLED,44,711,1400,N/A,ENABLED,44,711,1400,N/A,ENABLED,44,711,1400,N/A,ENABLED,44,711,1400,N/A,ENABLED,N/A,35,34
1744661980,0,230,N/A,N/A,N/A,N/A,ENABLED,1404,500,1404,DISABLED,DISABLED,1388,500,1404,DISABLED,DISABLED,1404,500,1404,DISABLED,DISABLED,1399,500,1404,DISABLED,DISABLED,1405,500,1404,DISABLED,DISABLED,1404,500,1404,DISABLED,DISABLED,1391,500,1404,DISABLED,DISABLED,1400,500,1404,DISABLED,DISABLED,1500,900,1500,N/A,DISABLED,53,914,1680,N/A,ENABLED,53,914,1680,N/A,ENABLED,53,914,1680,N/A,ENABLED,53,914,1680,N/A,ENABLED,44,711,1400,N/A,ENABLED,44,711,1400,N/A,ENABLED,44,711,1400,N/A,ENABLED,44,711,1400,N/A,ENABLED,N/A,35,33
1744661981,0,229,N/A,N/A,N/A,N/A,ENABLED,1403,500,1403,DISABLED,DISABLED,1388,500,1403,DISABLED,DISABLED,1404,500,1403,DISABLED,DISABLED,1399,500,1403,DISABLED,DISABLED,1406,500,1403,DISABLED,DISABLED,1405,500,1403,DISABLED,DISABLED,1391,500,1403,DISABLED,DISABLED,1401,500,1403,DISABLED,DISABLED,1500,900,1500,N/A,DISABLED,53,914,1680,N/A,ENABLED,53,914,1680,N/A,ENABLED,53,914,1680,N/A,ENABLED,53,914,1680,N/A,ENABLED,44,711,1400,N/A,ENABLED,44,711,1400,N/A,ENABLED,44,711,1400,N/A,ENABLED,44,711,1400,N/A,ENABLED,N/A,35,33
1744661983,0,229,N/A,N/A,N/A,N/A,ENABLED,1402,500,1402,DISABLED,DISABLED,1388,500,1402,DISABLED,DISABLED,1404,500,1402,DISABLED,DISABLED,1399,500,1402,DISABLED,DISABLED,1405,500,1402,DISABLED,DISABLED,1403,500,1402,DISABLED,DISABLED,1390,500,1402,DISABLED,DISABLED,1401,500,1402,DISABLED,DISABLED,1500,900,1500,N/A,DISABLED,53,914,1680,N/A,ENABLED,53,914,1680,N/A,ENABLED,53,914,1680,N/A,ENABLED,53,914,1680,N/A,ENABLED,44,711,1400,N/A,ENABLED,44,711,1400,N/A,ENABLED,44,711,1400,N/A,ENABLED,44,711,1400,N/A,ENABLED,N/A,35,34
1744661984,0,229,N/A,N/A,N/A,N/A,ENABLED,1403,500,1403,DISABLED,DISABLED,1388,500,1403,DISABLED,DISABLED,1404,500,1403,DISABLED,DISABLED,1400,500,1403,DISABLED,DISABLED,1405,500,1403,DISABLED,DISABLED,1403,500,1403,DISABLED,DISABLED,1391,500,1403,DISABLED,DISABLED,1401,500,1403,DISABLED,DISABLED,1500,900,1500,N/A,DISABLED,53,914,1680,N/A,ENABLED,53,914,1680,N/A,ENABLED,53,914,1680,N/A,ENABLED,53,914,1680,N/A,ENABLED,44,711,1400,N/A,ENABLED,44,711,1400,N/A,ENABLED,44,711,1400,N/A,ENABLED,44,711,1400,N/A,ENABLED,N/A,35,34
1744661985,0,230,N/A,N/A,N/A,N/A,ENABLED,1403,500,1403,DISABLED,DISABLED,1388,500,1403,DISABLED,DISABLED,1404,500,1403,DISABLED,DISABLED,1399,500,1403,DISABLED,DISABLED,1405,500,1403,DISABLED,DISABLED,1403,500,1403,DISABLED,DISABLED,1391,500,1403,DISABLED,DISABLED,1400,500,1403,DISABLED,DISABLED,1500,900,1500,N/A,DISABLED,53,914,1680,N/A,ENABLED,53,914,1680,N/A,ENABLED,53,914,1680,N/A,ENABLED,53,914,1680,N/A,ENABLED,44,711,1400,N/A,ENABLED,44,711,1400,N/A,ENABLED,44,711,1400,N/A,ENABLED,44,711,1400,N/A,ENABLED,N/A,35,33
1744661986,0,230,N/A,N/A,N/A,N/A,ENABLED,1402,500,1402,DISABLED,DISABLED,1388,500,1402,DISABLED,DISABLED,1403,500,1402,DISABLED,DISABLED,1400,500,1402,DISABLED,DISABLED,1405,500,1402,DISABLED,DISABLED,1403,500,1402,DISABLED,DISABLED,1391,500,1402,DISABLED,DISABLED,1400,500,1402,DISABLED,DISABLED,1500,900,1500,N/A,DISABLED,53,914,1680,N/A,ENABLED,53,914,1680,N/A,ENABLED,53,914,1680,N/A,ENABLED,53,914,1680,N/A,ENABLED,44,711,1400,N/A,ENABLED,44,711,1400,N/A,ENABLED,44,711,1400,N/A,ENABLED,44,711,1400,N/A,ENABLED,N/A,35,34
1744661987,0,230,N/A,N/A,N/A,N/A,ENABLED,1403,500,1403,DISABLED,DISABLED,1388,500,1403,DISABLED,DISABLED,1403,500,1403,DISABLED,DISABLED,1400,500,1403,DISABLED,DISABLED,1405,500,1403,DISABLED,DISABLED,1404,500,1403,DISABLED,DISABLED,1390,500,1403,DISABLED,DISABLED,1401,500,1403,DISABLED,DISABLED,1500,900,1500,N/A,DISABLED,53,914,1680,N/A,ENABLED,53,914,1680,N/A,ENABLED,53,914,1680,N/A,ENABLED,53,914,1680,N/A,ENABLED,44,711,1400,N/A,ENABLED,44,711,1400,N/A,ENABLED,44,711,1400,N/A,ENABLED,44,711,1400,N/A,ENABLED,N/A,35,33
1744661989,0,229,N/A,N/A,N/A,N/A,ENABLED,1403,500,1403,DISABLED,DISABLED,1388,500,1403,DISABLED,DISABLED,1404,500,1403,DISABLED,DISABLED,1400,500,1403,DISABLED,DISABLED,1405,500,1403,DISABLED,DISABLED,1404,500,1403,DISABLED,DISABLED,1390,500,1403,DISABLED,DISABLED,1400,500,1403,DISABLED,DISABLED,1500,900,1500,N/A,DISABLED,53,914,1680,N/A,ENABLED,53,914,1680,N/A,ENABLED,53,914,1680,N/A,ENABLED,53,914,1680,N/A,ENABLED,44,711,1400,N/A,ENABLED,44,711,1400,N/A,ENABLED,44,711,1400,N/A,ENABLED,44,711,1400,N/A,ENABLED,N/A,35,33
1744661990,0,229,N/A,N/A,N/A,N/A,ENABLED,1403,500,1403,DISABLED,DISABLED,1388,500,1403,DISABLED,DISABLED,1404,500,1403,DISABLED,DISABLED,1400,500,1403,DISABLED,DISABLED,1404,500,1403,DISABLED,DISABLED,1403,500,1403,DISABLED,DISABLED,1390,500,1403,DISABLED,DISABLED,1401,500,1403,DISABLED,DISABLED,1500,900,1500,N/A,DISABLED,53,914,1680,N/A,ENABLED,53,914,1680,N/A,ENABLED,53,914,1680,N/A,ENABLED,53,914,1680,N/A,ENABLED,44,711,1400,N/A,ENABLED,44,711,1400,N/A,ENABLED,44,711,1400,N/A,ENABLED,44,711,1400,N/A,ENABLED,N/A,35,33
1744661991,0,229,N/A,N/A,N/A,N/A,ENABLED,1403,500,1403,DISABLED,DISABLED,1388,500,1403,DISABLED,DISABLED,1403,500,1403,DISABLED,DISABLED,1400,500,1403,DISABLED,DISABLED,1406,500,1403,DISABLED,DISABLED,1403,500,1403,DISABLED,DISABLED,1390,500,1403,DISABLED,DISABLED,1401,500,1403,DISABLED,DISABLED,1500,900,1500,N/A,DISABLED,53,914,1680,N/A,ENABLED,53,914,1680,N/A,ENABLED,53,914,1680,N/A,ENABLED,53,914,1680,N/A,ENABLED,44,711,1400,N/A,ENABLED,44,711,1400,N/A,ENABLED,44,711,1400,N/A,ENABLED,44,711,1400,N/A,ENABLED,N/A,35,34
1744661992,0,230,N/A,N/A,N/A,N/A,ENABLED,1404,500,1404,DISABLED,DISABLED,1389,500,1404,DISABLED,DISABLED,1403,500,1404,DISABLED,DISABLED,1400,500,1404,DISABLED,DISABLED,1405,500,1404,DISABLED,DISABLED,1403,500,1404,DISABLED,DISABLED,1390,500,1404,DISABLED,DISABLED,1400,500,1404,DISABLED,DISABLED,1500,900,1500,N/A,DISABLED,53,914,1680,N/A,ENABLED,53,914,1680,N/A,ENABLED,53,914,1680,N/A,ENABLED,53,914,1680,N/A,ENABLED,44,711,1400,N/A,ENABLED,44,711,1400,N/A,ENABLED,44,711,1400,N/A,ENABLED,44,711,1400,N/A,ENABLED,N/A,35,34
1744661993,0,230,N/A,N/A,N/A,N/A,ENABLED,1403,500,1403,DISABLED,DISABLED,1388,500,1403,DISABLED,DISABLED,1403,500,1403,DISABLED,DISABLED,1400,500,1403,DISABLED,DISABLED,1405,500,1403,DISABLED,DISABLED,1403,500,1403,DISABLED,DISABLED,1390,500,1403,DISABLED,DISABLED,1401,500,1403,DISABLED,DISABLED,1500,900,1500,N/A,DISABLED,53,914,1680,N/A,ENABLED,53,914,1680,N/A,ENABLED,53,914,1680,N/A,ENABLED,53,914,1680,N/A,ENABLED,44,711,1400,N/A,ENABLED,44,711,1400,N/A,ENABLED,44,711,1400,N/A,ENABLED,44,711,1400,N/A,ENABLED,N/A,35,34
1744661994,0,229,N/A,N/A,N/A,N/A,ENABLED,1403,500,1403,DISABLED,DISABLED,1388,500,1403,DISABLED,DISABLED,1404,500,1403,DISABLED,DISABLED,1400,500,1403,DISABLED,DISABLED,1405,500,1403,DISABLED,DISABLED,1403,500,1403,DISABLED,DISABLED,1390,500,1403,DISABLED,DISABLED,1400,500,1403,DISABLED,DISABLED,1500,900,1500,N/A,DISABLED,53,914,1680,N/A,ENABLED,53,914,1680,N/A,ENABLED,53,914,1680,N/A,ENABLED,53,914,1680,N/A,ENABLED,44,711,1400,N/A,ENABLED,44,711,1400,N/A,ENABLED,44,711,1400,N/A,ENABLED,44,711,1400,N/A,ENABLED,N/A,35,34
1744661996,0,229,N/A,N/A,N/A,N/A,ENABLED,1403,500,1403,DISABLED,DISABLED,1389,500,1403,DISABLED,DISABLED,1404,500,1403,DISABLED,DISABLED,1400,500,1403,DISABLED,DISABLED,1406,500,1403,DISABLED,DISABLED,1403,500,1403,DISABLED,DISABLED,1391,500,1403,DISABLED,DISABLED,1400,500,1403,DISABLED,DISABLED,1500,900,1500,N/A,DISABLED,53,914,1680,N/A,ENABLED,53,914,1680,N/A,ENABLED,53,914,1680,N/A,ENABLED,53,914,1680,N/A,ENABLED,44,711,1400,N/A,ENABLED,44,711,1400,N/A,ENABLED,44,711,1400,N/A,ENABLED,44,711,1400,N/A,ENABLED,N/A,35,34
1744661997,0,229,N/A,N/A,N/A,N/A,ENABLED,1403,500,1403,DISABLED,DISABLED,1388,500,1403,DISABLED,DISABLED,1404,500,1403,DISABLED,DISABLED,1401,500,1403,DISABLED,DISABLED,1406,500,1403,DISABLED,DISABLED,1404,500,1403,DISABLED,DISABLED,1391,500,1403,DISABLED,DISABLED,1400,500,1403,DISABLED,DISABLED,1500,900,1500,N/A,DISABLED,53,914,1680,N/A,ENABLED,53,914,1680,N/A,ENABLED,53,914,1680,N/A,ENABLED,53,914,1680,N/A,ENABLED,44,711,1400,N/A,ENABLED,44,711,1400,N/A,ENABLED,44,711,1400,N/A,ENABLED,44,711,1400,N/A,ENABLED,N/A,35,34
1744661998,0,229,N/A,N/A,N/A,N/A,ENABLED,1403,500,1403,DISABLED,DISABLED,1388,500,1403,DISABLED,DISABLED,1404,500,1403,DISABLED,DISABLED,1400,500,1403,DISABLED,DISABLED,1406,500,1403,DISABLED,DISABLED,1404,500,1403,DISABLED,DISABLED,1390,500,1403,DISABLED,DISABLED,1401,500,1403,DISABLED,DISABLED,1500,900,1500,N/A,DISABLED,53,914,1680,N/A,ENABLED,53,914,1680,N/A,ENABLED,53,914,1680,N/A,ENABLED,53,914,1680,N/A,ENABLED,44,711,1400,N/A,ENABLED,44,711,1400,N/A,ENABLED,44,711,1400,N/A,ENABLED,44,711,1400,N/A,ENABLED,N/A,35,34
1744661999,0,229,N/A,N/A,N/A,N/A,ENABLED,1402,500,1402,DISABLED,DISABLED,1388,500,1402,DISABLED,DISABLED,1402,500,1402,DISABLED,DISABLED,1400,500,1402,DISABLED,DISABLED,1406,500,1402,DISABLED,DISABLED,1403,500,1402,DISABLED,DISABLED,1391,500,1402,DISABLED,DISABLED,1400,500,1402,DISABLED,DISABLED,1500,900,1500,N/A,DISABLED,53,914,1680,N/A,ENABLED,53,914,1680,N/A,ENABLED,53,914,1680,N/A,ENABLED,53,914,1680,N/A,ENABLED,44,711,1400,N/A,ENABLED,44,711,1400,N/A,ENABLED,44,711,1400,N/A,ENABLED,44,711,1400,N/A,ENABLED,N/A,35,34
1744662000,0,229,N/A,N/A,N/A,N/A,ENABLED,1402,500,1402,DISABLED,DISABLED,1388,500,1402,DISABLED,DISABLED,1403,500,1402,DISABLED,DISABLED,1400,500,1402,DISABLED,DISABLED,1405,500,1402,DISABLED,DISABLED,1404,500,1402,DISABLED,DISABLED,1390,500,1402,DISABLED,DISABLED,1401,500,1402,DISABLED,DISABLED,1500,900,1500,N/A,DISABLED,53,914,1680,N/A,ENABLED,53,914,1680,N/A,ENABLED,53,914,1680,N/A,ENABLED,53,914,1680,N/A,ENABLED,44,711,1400,N/A,ENABLED,44,711,1400,N/A,ENABLED,44,711,1400,N/A,ENABLED,44,711,1400,N/A,ENABLED,N/A,35,34
1744662001,0,229,N/A,N/A,N/A,N/A,ENABLED,1402,500,1402,DISABLED,DISABLED,1387,500,1402,DISABLED,DISABLED,1403,500,1402,DISABLED,DISABLED,1400,500,1402,DISABLED,DISABLED,1406,500,1402,DISABLED,DISABLED,1404,500,1402,DISABLED,DISABLED,1391,500,1402,DISABLED,DISABLED,1401,500,1402,DISABLED,DISABLED,1500,900,1500,N/A,DISABLED,53,914,1680,N/A,ENABLED,53,914,1680,N/A,ENABLED,53,914,1680,N/A,ENABLED,53,914,1680,N/A,ENABLED,44,711,1400,N/A,ENABLED,44,711,1400,N/A,ENABLED,44,711,1400,N/A,ENABLED,44,711,1400,N/A,ENABLED,N/A,35,34
1744662003,0,229,N/A,N/A,N/A,N/A,ENABLED,1402,500,1402,DISABLED,DISABLED,1388,500,1402,DISABLED,DISABLED,1403,500,1402,DISABLED,DISABLED,1400,500,1402,DISABLED,DISABLED,1406,500,1402,DISABLED,DISABLED,1404,500,1402,DISABLED,DISABLED,1391,500,1402,DISABLED,DISABLED,1400,500,1402,DISABLED,DISABLED,1500,900,1500,N/A,DISABLED,53,914,1680,N/A,ENABLED,53,914,1680,N/A,ENABLED,53,914,1680,N/A,ENABLED,53,914,1680,N/A,ENABLED,44,711,1400,N/A,ENABLED,44,711,1400,N/A,ENABLED,44,711,1400,N/A,ENABLED,44,711,1400,N/A,ENABLED,N/A,35,34
1744662004,0,228,N/A,N/A,N/A,N/A,ENABLED,1403,500,1403,DISABLED,DISABLED,1388,500,1403,DISABLED,DISABLED,1403,500,1403,DISABLED,DISABLED,1399,500,1403,DISABLED,DISABLED,1405,500,1403,DISABLED,DISABLED,1404,500,1403,DISABLED,DISABLED,1391,500,1403,DISABLED,DISABLED,1400,500,1403,DISABLED,DISABLED,1500,900,1500,N/A,DISABLED,53,914,1680,N/A,ENABLED,53,914,1680,N/A,ENABLED,53,914,1680,N/A,ENABLED,53,914,1680,N/A,ENABLED,44,711,1400,N/A,ENABLED,44,711,1400,N/A,ENABLED,44,711,1400,N/A,ENABLED,44,711,1400,N/A,ENABLED,N/A,35,34
1744662005,0,228,N/A,N/A,N/A,N/A,ENABLED,1403,500,1403,DISABLED,DISABLED,1388,500,1403,DISABLED,DISABLED,1402,500,1403,DISABLED,DISABLED,1400,500,1403,DISABLED,DISABLED,1405,500,1403,DISABLED,DISABLED,1404,500,1403,DISABLED,DISABLED,1390,500,1403,DISABLED,DISABLED,1400,500,1403,DISABLED,DISABLED,1500,900,1500,N/A,DISABLED,53,914,1680,N/A,ENABLED,53,914,1680,N/A,ENABLED,53,914,1680,N/A,ENABLED,53,914,1680,N/A,ENABLED,44,711,1400,N/A,ENABLED,44,711,1400,N/A,ENABLED,44,711,1400,N/A,ENABLED,44,711,1400,N/A,ENABLED,N/A,35,34
1744662006,0,229,N/A,N/A,N/A,N/A,ENABLED,1404,500,1404,DISABLED,DISABLED,1387,500,1404,DISABLED,DISABLED,1403,500,1404,DISABLED,DISABLED,1399,500,1404,DISABLED,DISABLED,1405,500,1404,DISABLED,DISABLED,1404,500,1404,DISABLED,DISABLED,1390,500,1404,DISABLED,DISABLED,1400,500,1404,DISABLED,DISABLED,1500,900,1500,N/A,DISABLED,53,914,1680,N/A,ENABLED,53,914,1680,N/A,ENABLED,53,914,1680,N/A,ENABLED,53,914,1680,N/A,ENABLED,44,711,1400,N/A,ENABLED,44,711,1400,N/A,ENABLED,44,711,1400,N/A,ENABLED,44,711,1400,N/A,ENABLED,N/A,35,34
1744662007,0,230,N/A,N/A,N/A,N/A,ENABLED,1403,500,1403,DISABLED,DISABLED,1388,500,1403,DISABLED,DISABLED,1403,500,1403,DISABLED,DISABLED,1400,500,1403,DISABLED,DISABLED,1405,500,1403,DISABLED,DISABLED,1404,500,1403,DISABLED,DISABLED,1391,500,1403,DISABLED,DISABLED,1401,500,1403,DISABLED,DISABLED,1500,900,1500,N/A,DISABLED,53,914,1680,N/A,ENABLED,53,914,1680,N/A,ENABLED,53,914,1680,N/A,ENABLED,53,914,1680,N/A,ENABLED,44,711,1400,N/A,ENABLED,44,711,1400,N/A,ENABLED,44,711,1400,N/A,ENABLED,44,711,1400,N/A,ENABLED,N/A,35,33
1744662009,0,229,N/A,N/A,N/A,N/A,ENABLED,1403,500,1403,DISABLED,DISABLED,1387,500,1403,DISABLED,DISABLED,1403,500,1403,DISABLED,DISABLED,1399,500,1403,DISABLED,DISABLED,1406,500,1403,DISABLED,DISABLED,1404,500,1403,DISABLED,DISABLED,1391,500,1403,DISABLED,DISABLED,1400,500,1403,DISABLED,DISABLED,1500,900,1500,N/A,DISABLED,53,914,1680,N/A,ENABLED,53,914,1680,N/A,ENABLED,53,914,1680,N/A,ENABLED,53,914,1680,N/A,ENABLED,44,711,1400,N/A,ENABLED,44,711,1400,N/A,ENABLED,44,711,1400,N/A,ENABLED,44,711,1400,N/A,ENABLED,N/A,35,34
1744662010,0,230,N/A,N/A,N/A,N/A,ENABLED,1403,500,1403,DISABLED,DISABLED,1388,500,1403,DISABLED,DISABLED,1403,500,1403,DISABLED,DISABLED,1399,500,1403,DISABLED,DISABLED,1406,500,1403,DISABLED,DISABLED,1404,500,1403,DISABLED,DISABLED,1390,500,1403,DISABLED,DISABLED,1400,500,1403,DISABLED,DISABLED,1500,900,1500,N/A,DISABLED,53,914,1680,N/A,ENABLED,53,914,1680,N/A,ENABLED,53,914,1680,N/A,ENABLED,53,914,1680,N/A,ENABLED,44,711,1400,N/A,ENABLED,44,711,1400,N/A,ENABLED,44,711,1400,N/A,ENABLED,44,711,1400,N/A,ENABLED,N/A,35,33
1744662011,0,229,N/A,N/A,N/A,N/A,ENABLED,1403,500,1403,DISABLED,DISABLED,1388,500,1403,DISABLED,DISABLED,1404,500,1403,DISABLED,DISABLED,1400,500,1403,DISABLED,DISABLED,1406,500,1403,DISABLED,DISABLED,1404,500,1403,DISABLED,DISABLED,1390,500,1403,DISABLED,DISABLED,1401,500,1403,DISABLED,DISABLED,1500,900,1500,N/A,DISABLED,53,914,1680,N/A,ENABLED,53,914,1680,N/A,ENABLED,53,914,1680,N/A,ENABLED,53,914,1680,N/A,ENABLED,44,711,1400,N/A,ENABLED,44,711,1400,N/A,ENABLED,44,711,1400,N/A,ENABLED,44,711,1400,N/A,ENABLED,N/A,35,34
1744662012,0,229,N/A,N/A,N/A,N/A,ENABLED,1403,500,1403,DISABLED,DISABLED,1387,500,1403,DISABLED,DISABLED,1403,500,1403,DISABLED,DISABLED,1400,500,1403,DISABLED,DISABLED,1406,500,1403,DISABLED,DISABLED,1403,500,1403,DISABLED,DISABLED,1391,500,1403,DISABLED,DISABLED,1400,500,1403,DISABLED,DISABLED,1500,900,1500,N/A,DISABLED,53,914,1680,N/A,ENABLED,53,914,1680,N/A,ENABLED,53,914,1680,N/A,ENABLED,53,914,1680,N/A,ENABLED,44,711,1400,N/A,ENABLED,44,711,1400,N/A,ENABLED,44,711,1400,N/A,ENABLED,44,711,1400,N/A,ENABLED,N/A,35,34
1744662013,0,229,N/A,N/A,N/A,N/A,ENABLED,1402,500,1402,DISABLED,DISABLED,1388,500,1402,DISABLED,DISABLED,1403,500,1402,DISABLED,DISABLED,1399,500,1402,DISABLED,DISABLED,1406,500,1402,DISABLED,DISABLED,1404,500,1402,DISABLED,DISABLED,1391,500,1402,DISABLED,DISABLED,1401,500,1402,DISABLED,DISABLED,1500,900,1500,N/A,DISABLED,53,914,1680,N/A,ENABLED,53,914,1680,N/A,ENABLED,53,914,1680,N/A,ENABLED,53,914,1680,N/A,ENABLED,44,711,1400,N/A,ENABLED,44,711,1400,N/A,ENABLED,44,711,1400,N/A,ENABLED,44,711,1400,N/A,ENABLED,N/A,35,34
1744662014,0,229,N/A,N/A,N/A,N/A,ENABLED,1404,500,1404,DISABLED,DISABLED,1388,500,1404,DISABLED,DISABLED,1404,500,1404,DISABLED,DISABLED,1399,500,1404,DISABLED,DISABLED,1406,500,1404,DISABLED,DISABLED,1404,500,1404,DISABLED,DISABLED,1390,500,1404,DISABLED,DISABLED,1401,500,1404,DISABLED,DISABLED,1500,900,1500,N/A,DISABLED,53,914,1680,N/A,ENABLED,53,914,1680,N/A,ENABLED,53,914,1680,N/A,ENABLED,53,914,1680,N/A,ENABLED,44,711,1400,N/A,ENABLED,44,711,1400,N/A,ENABLED,44,711,1400,N/A,ENABLED,44,711,1400,N/A,ENABLED,N/A,35,33
1744662016,0,230,N/A,N/A,N/A,N/A,ENABLED,1403,500,1403,DISABLED,DISABLED,1388,500,1403,DISABLED,DISABLED,1404,500,1403,DISABLED,DISABLED,1399,500,1403,DISABLED,DISABLED,1406,500,1403,DISABLED,DISABLED,1404,500,1403,DISABLED,DISABLED,1390,500,1403,DISABLED,DISABLED,1400,500,1403,DISABLED,DISABLED,1500,900,1500,N/A,DISABLED,53,914,1680,N/A,ENABLED,53,914,1680,N/A,ENABLED,53,914,1680,N/A,ENABLED,53,914,1680,N/A,ENABLED,44,711,1400,N/A,ENABLED,44,711,1400,N/A,ENABLED,44,711,1400,N/A,ENABLED,44,711,1400,N/A,ENABLED,N/A,35,34
1744662017,0,229,N/A,N/A,N/A,N/A,ENABLED,1402,500,1402,DISABLED,DISABLED,1388,500,1402,DISABLED,DISABLED,1404,500,1402,DISABLED,DISABLED,1399,500,1402,DISABLED,DISABLED,1405,500,1402,DISABLED,DISABLED,1404,500,1402,DISABLED,DISABLED,1390,500,1402,DISABLED,DISABLED,1401,500,1402,DISABLED,DISABLED,1500,900,1500,N/A,DISABLED,53,914,1680,N/A,ENABLED,53,914,1680,N/A,ENABLED,53,914,1680,N/A,ENABLED,53,914,1680,N/A,ENABLED,44,711,1400,N/A,ENABLED,44,711,1400,N/A,ENABLED,44,711,1400,N/A,ENABLED,44,711,1400,N/A,ENABLED,N/A,35,33
1744662018,0,229,N/A,N/A,N/A,N/A,ENABLED,1403,500,1403,DISABLED,DISABLED,1387,500,1403,DISABLED,DISABLED,1403,500,1403,DISABLED,DISABLED,1399,500,1403,DISABLED,DISABLED,1406,500,1403,DISABLED,DISABLED,1404,500,1403,DISABLED,DISABLED,1391,500,1403,DISABLED,DISABLED,1401,500,1403,DISABLED,DISABLED,1500,900,1500,N/A,DISABLED,53,914,1680,N/A,ENABLED,53,914,1680,N/A,ENABLED,53,914,1680,N/A,ENABLED,53,914,1680,N/A,ENABLED,44,711,1400,N/A,ENABLED,44,711,1400,N/A,ENABLED,44,711,1400,N/A,ENABLED,44,711,1400,N/A,ENABLED,N/A,35,34
1744662019,0,229,N/A,N/A,N/A,N/A,ENABLED,1402,500,1402,DISABLED,DISABLED,1388,500,1402,DISABLED,DISABLED,1404,500,1402,DISABLED,DISABLED,1400,500,1402,DISABLED,DISABLED,1406,500,1402,DISABLED,DISABLED,1404,500,1402,DISABLED,DISABLED,1391,500,1402,DISABLED,DISABLED,1401,500,1402,DISABLED,DISABLED,1500,900,1500,N/A,DISABLED,53,914,1680,N/A,ENABLED,53,914,1680,N/A,ENABLED,53,914,1680,N/A,ENABLED,53,914,1680,N/A,ENABLED,44,711,1400,N/A,ENABLED,44,711,1400,N/A,ENABLED,44,711,1400,N/A,ENABLED,44,711,1400,N/A,ENABLED,N/A,35,33
1744662020,0,229,N/A,N/A,N/A,N/A,ENABLED,1403,500,1403,DISABLED,DISABLED,1387,500,1403,DISABLED,DISABLED,1403,500,1403,DISABLED,DISABLED,1399,500,1403,DISABLED,DISABLED,1405,500,1403,DISABLED,DISABLED,1404,500,1403,DISABLED,DISABLED,1390,500,1403,DISABLED,DISABLED,1401,500,1403,DISABLED,DISABLED,1500,900,1500,N/A,DISABLED,53,914,1680,N/A,ENABLED,53,914,1680,N/A,ENABLED,53,914,1680,N/A,ENABLED,53,914,1680,N/A,ENABLED,44,711,1400,N/A,ENABLED,44,711,1400,N/A,ENABLED,44,711,1400,N/A,ENABLED,44,711,1400,N/A,ENABLED,N/A,35,34
1744662021,0,230,N/A,N/A,N/A,N/A,ENABLED,1402,500,1402,DISABLED,DISABLED,1386,500,1402,DISABLED,DISABLED,1404,500,1402,DISABLED,DISABLED,1400,500,1402,DISABLED,DISABLED,1405,500,1402,DISABLED,DISABLED,1404,500,1402,DISABLED,DISABLED,1390,500,1402,DISABLED,DISABLED,1401,500,1402,DISABLED,DISABLED,1500,900,1500,N/A,DISABLED,53,914,1680,N/A,ENABLED,53,914,1680,N/A,ENABLED,53,914,1680,N/A,ENABLED,53,914,1680,N/A,ENABLED,44,711,1400,N/A,ENABLED,44,711,1400,N/A,ENABLED,44,711,1400,N/A,ENABLED,44,711,1400,N/A,ENABLED,N/A,35,34
1744662023,0,229,N/A,N/A,N/A,N/A,ENABLED,1403,500,1403,DISABLED,DISABLED,1388,500,1403,DISABLED,DISABLED,1404,500,1403,DISABLED,DISABLED,1400,500,1403,DISABLED,DISABLED,1405,500,1403,DISABLED,DISABLED,1404,500,1403,DISABLED,DISABLED,1390,500,1403,DISABLED,DISABLED,1400,500,1403,DISABLED,DISABLED,1500,900,1500,N/A,DISABLED,53,914,1680,N/A,ENABLED,53,914,1680,N/A,ENABLED,53,914,1680,N/A,ENABLED,53,914,1680,N/A,ENABLED,44,711,1400,N/A,ENABLED,44,711,1400,N/A,ENABLED,44,711,1400,N/A,ENABLED,44,711,1400,N/A,ENABLED,N/A,35,33
1744662024,0,229,N/A,N/A,N/A,N/A,ENABLED,1403,500,1403,DISABLED,DISABLED,1387,500,1403,DISABLED,DISABLED,1403,500,1403,DISABLED,DISABLED,1400,500,1403,DISABLED,DISABLED,1406,500,1403,DISABLED,DISABLED,1403,500,1403,DISABLED,DISABLED,1390,500,1403,DISABLED,DISABLED,1401,500,1403,DISABLED,DISABLED,1500,900,1500,N/A,DISABLED,53,914,1680,N/A,ENABLED,53,914,1680,N/A,ENABLED,53,914,1680,N/A,ENABLED,53,914,1680,N/A,ENABLED,44,711,1400,N/A,ENABLED,44,711,1400,N/A,ENABLED,44,711,1400,N/A,ENABLED,44,711,1400,N/A,ENABLED,N/A,35,34
1744662025,0,230,N/A,N/A,N/A,N/A,ENABLED,1402,500,1402,DISABLED,DISABLED,1387,500,1402,DISABLED,DISABLED,1403,500,1402,DISABLED,DISABLED,1400,500,1402,DISABLED,DISABLED,1406,500,1402,DISABLED,DISABLED,1404,500,1402,DISABLED,DISABLED,1390,500,1402,DISABLED,DISABLED,1400,500,1402,DISABLED,DISABLED,1500,900,1500,N/A,DISABLED,53,914,1680,N/A,ENABLED,53,914,1680,N/A,ENABLED,53,914,1680,N/A,ENABLED,53,914,1680,N/A,ENABLED,44,711,1400,N/A,ENABLED,44,711,1400,N/A,ENABLED,44,711,1400,N/A,ENABLED,44,711,1400,N/A,ENABLED,N/A,35,33
1744662026,0,229,N/A,N/A,N/A,N/A,ENABLED,1402,500,1402,DISABLED,DISABLED,1388,500,1402,DISABLED,DISABLED,1403,500,1402,DISABLED,DISABLED,1399,500,1402,DISABLED,DISABLED,1406,500,1402,DISABLED,DISABLED,1404,500,1402,DISABLED,DISABLED,1390,500,1402,DISABLED,DISABLED,1401,500,1402,DISABLED,DISABLED,1500,900,1500,N/A,DISABLED,53,914,1680,N/A,ENABLED,53,914,1680,N/A,ENABLED,53,914,1680,N/A,ENABLED,53,914,1680,N/A,ENABLED,44,711,1400,N/A,ENABLED,44,711,1400,N/A,ENABLED,44,711,1400,N/A,ENABLED,44,711,1400,N/A,ENABLED,N/A,35,33
1744662027,0,230,N/A,N/A,N/A,N/A,ENABLED,1403,500,1403,DISABLED,DISABLED,1388,500,1403,DISABLED,DISABLED,1404,500,1403,DISABLED,DISABLED,1399,500,1403,DISABLED,DISABLED,1406,500,1403,DISABLED,DISABLED,1405,500,1403,DISABLED,DISABLED,1390,500,1403,DISABLED,DISABLED,1400,500,1403,DISABLED,DISABLED,1500,900,1500,N/A,DISABLED,53,914,1680,N/A,ENABLED,53,914,1680,N/A,ENABLED,53,914,1680,N/A,ENABLED,53,914,1680,N/A,ENABLED,44,711,1400,N/A,ENABLED,44,711,1400,N/A,ENABLED,44,711,1400,N/A,ENABLED,44,711,1400,N/A,ENABLED,N/A,35,33
1744662029,0,229,N/A,N/A,N/A,N/A,ENABLED,1403,500,1403,DISABLED,DISABLED,1388,500,1403,DISABLED,DISABLED,1403,500,1403,DISABLED,DISABLED,1399,500,1403,DISABLED,DISABLED,1406,500,1403,DISABLED,DISABLED,1404,500,1403,DISABLED,DISABLED,1390,500,1403,DISABLED,DISABLED,1400,500,1403,DISABLED,DISABLED,1500,900,1500,N/A,DISABLED,53,914,1680,N/A,ENABLED,53,914,1680,N/A,ENABLED,53,914,1680,N/A,ENABLED,53,914,1680,N/A,ENABLED,44,711,1400,N/A,ENABLED,44,711,1400,N/A,ENABLED,44,711,1400,N/A,ENABLED,44,711,1400,N/A,ENABLED,N/A,35,34
1744662030,0,229,N/A,N/A,N/A,N/A,ENABLED,1403,500,1403,DISABLED,DISABLED,1388,500,1403,DISABLED,DISABLED,1403,500,1403,DISABLED,DISABLED,1399,500,1403,DISABLED,DISABLED,1406,500,1403,DISABLED,DISABLED,1404,500,1403,DISABLED,DISABLED,1390,500,1403,DISABLED,DISABLED,1401,500,1403,DISABLED,DISABLED,1500,900,1500,N/A,DISABLED,53,914,1680,N/A,ENABLED,53,914,1680,N/A,ENABLED,53,914,1680,N/A,ENABLED,53,914,1680,N/A,ENABLED,44,711,1400,N/A,ENABLED,44,711,1400,N/A,ENABLED,44,711,1400,N/A,ENABLED,44,711,1400,N/A,ENABLED,N/A,35,34
1744662031,0,229,N/A,N/A,N/A,N/A,ENABLED,1402,500,1402,DISABLED,DISABLED,1388,500,1402,DISABLED,DISABLED,1403,500,1402,DISABLED,DISABLED,1399,500,1402,DISABLED,DISABLED,1406,500,1402,DISABLED,DISABLED,1404,500,1402,DISABLED,DISABLED,1391,500,1402,DISABLED,DISABLED,1401,500,1402,DISABLED,DISABLED,1500,900,1500,N/A,DISABLED,53,914,1680,N/A,ENABLED,53,914,1680,N/A,ENABLED,53,914,1680,N/A,ENABLED,53,914,1680,N/A,ENABLED,44,711,1400,N/A,ENABLED,44,711,1400,N/A,ENABLED,44,711,1400,N/A,ENABLED,44,711,1400,N/A,ENABLED,N/A,35,33
1744662032,0,229,N/A,N/A,N/A,N/A,ENABLED,1403,500,1403,DISABLED,DISABLED,1388,500,1403,DISABLED,DISABLED,1403,500,1403,DISABLED,DISABLED,1399,500,1403,DISABLED,DISABLED,1406,500,1403,DISABLED,DISABLED,1404,500,1403,DISABLED,DISABLED,1391,500,1403,DISABLED,DISABLED,1400,500,1403,DISABLED,DISABLED,1500,900,1500,N/A,DISABLED,53,914,1680,N/A,ENABLED,53,914,1680,N/A,ENABLED,53,914,1680,N/A,ENABLED,53,914,1680,N/A,ENABLED,44,711,1400,N/A,ENABLED,44,711,1400,N/A,ENABLED,44,711,1400,N/A,ENABLED,44,711,1400,N/A,ENABLED,N/A,35,33
1744662033,0,230,N/A,N/A,N/A,N/A,ENABLED,1403,500,1403,DISABLED,DISABLED,1388,500,1403,DISABLED,DISABLED,1403,500,1403,DISABLED,DISABLED,1399,500,1403,DISABLED,DISABLED,1406,500,1403,DISABLED,DISABLED,1403,500,1403,DISABLED,DISABLED,1391,500,1403,DISABLED,DISABLED,1400,500,1403,DISABLED,DISABLED,1500,900,1500,N/A,DISABLED,53,914,1680,N/A,ENABLED,53,914,1680,N/A,ENABLED,53,914,1680,N/A,ENABLED,53,914,1680,N/A,ENABLED,44,711,1400,N/A,ENABLED,44,711,1400,N/A,ENABLED,44,711,1400,N/A,ENABLED,44,711,1400,N/A,ENABLED,N/A,35,33
1744662034,0,229,N/A,N/A,N/A,N/A,ENABLED,1403,500,1403,DISABLED,DISABLED,1388,500,1403,DISABLED,DISABLED,1403,500,1403,DISABLED,DISABLED,1399,500,1403,DISABLED,DISABLED,1404,500,1403,DISABLED,DISABLED,1403,500,1403,DISABLED,DISABLED,1390,500,1403,DISABLED,DISABLED,1401,500,1403,DISABLED,DISABLED,1500,900,1500,N/A,DISABLED,53,914,1680,N/A,ENABLED,53,914,1680,N/A,ENABLED,53,914,1680,N/A,ENABLED,53,914,1680,N/A,ENABLED,44,711,1400,N/A,ENABLED,44,711,1400,N/A,ENABLED,44,711,1400,N/A,ENABLED,44,711,1400,N/A,ENABLED,N/A,35,33
1744662036,0,229,N/A,N/A,N/A,N/A,ENABLED,1403,500,1403,DISABLED,DISABLED,1388,500,1403,DISABLED,DISABLED,1404,500,1403,DISABLED,DISABLED,1399,500,1403,DISABLED,DISABLED,1405,500,1403,DISABLED,DISABLED,1404,500,1403,DISABLED,DISABLED,1391,500,1403,DISABLED,DISABLED,1400,500,1403,DISABLED,DISABLED,1500,900,1500,N/A,DISABLED,53,914,1680,N/A,ENABLED,53,914,1680,N/A,ENABLED,53,914,1680,N/A,ENABLED,53,914,1680,N/A,ENABLED,44,711,1400,N/A,ENABLED,44,711,1400,N/A,ENABLED,44,711,1400,N/A,ENABLED,44,711,1400,N/A,ENABLED,N/A,35,34
1744662037,0,229,N/A,N/A,N/A,N/A,ENABLED,1403,500,1403,DISABLED,DISABLED,1388,500,1403,DISABLED,DISABLED,1404,500,1403,DISABLED,DISABLED,1399,500,1403,DISABLED,DISABLED,1405,500,1403,DISABLED,DISABLED,1404,500,1403,DISABLED,DISABLED,1391,500,1403,DISABLED,DISABLED,1400,500,1403,DISABLED,DISABLED,1500,900,1500,N/A,DISABLED,53,914,1680,N/A,ENABLED,53,914,1680,N/A,ENABLED,53,914,1680,N/A,ENABLED,53,914,1680,N/A,ENABLED,44,711,1400,N/A,ENABLED,44,711,1400,N/A,ENABLED,44,711,1400,N/A,ENABLED,44,711,1400,N/A,ENABLED,N/A,35,34
1744662038,0,230,N/A,N/A,N/A,N/A,ENABLED,1403,500,1403,DISABLED,DISABLED,1388,500,1403,DISABLED,DISABLED,1403,500,1403,DISABLED,DISABLED,1398,500,1403,DISABLED,DISABLED,1405,500,1403,DISABLED,DISABLED,1405,500,1403,DISABLED,DISABLED,1390,500,1403,DISABLED,DISABLED,1400,500,1403,DISABLED,DISABLED,1500,900,1500,N/A,DISABLED,53,914,1680,N/A,ENABLED,53,914,1680,N/A,ENABLED,53,914,1680,N/A,ENABLED,53,914,1680,N/A,ENABLED,44,711,1400,N/A,ENABLED,44,711,1400,N/A,ENABLED,44,711,1400,N/A,ENABLED,44,711,1400,N/A,ENABLED,N/A,35,34
1744662039,0,230,N/A,N/A,N/A,N/A,ENABLED,1403,500,1403,DISABLED,DISABLED,1388,500,1403,DISABLED,DISABLED,1404,500,1403,DISABLED,DISABLED,1399,500,1403,DISABLED,DISABLED,1406,500,1403,DISABLED,DISABLED,1403,500,1403,DISABLED,DISABLED,1390,500,1403,DISABLED,DISABLED,1400,500,1403,DISABLED,DISABLED,1500,900,1500,N/A,DISABLED,53,914,1680,N/A,ENABLED,53,914,1680,N/A,ENABLED,53,914,1680,N/A,ENABLED,53,914,1680,N/A,ENABLED,44,711,1400,N/A,ENABLED,44,711,1400,N/A,ENABLED,44,711,1400,N/A,ENABLED,44,711,1400,N/A,ENABLED,N/A,35,34
1744662040,0,230,N/A,N/A,N/A,N/A,ENABLED,1403,500,1403,DISABLED,DISABLED,1388,500,1403,DISABLED,DISABLED,1404,500,1403,DISABLED,DISABLED,1399,500,1403,DISABLED,DISABLED,1406,500,1403,DISABLED,DISABLED,1405,500,1403,DISABLED,DISABLED,1391,500,1403,DISABLED,DISABLED,1401,500,1403,DISABLED,DISABLED,1500,900,1500,N/A,DISABLED,53,914,1680,N/A,ENABLED,53,914,1680,N/A,ENABLED,53,914,1680,N/A,ENABLED,53,914,1680,N/A,ENABLED,44,711,1400,N/A,ENABLED,44,711,1400,N/A,ENABLED,44,711,1400,N/A,ENABLED,44,711,1400,N/A,ENABLED,N/A,35,34
1744662041,0,230,N/A,N/A,N/A,N/A,ENABLED,1404,500,1404,DISABLED,DISABLED,1387,500,1404,DISABLED,DISABLED,1403,500,1404,DISABLED,DISABLED,1398,500,1404,DISABLED,DISABLED,1405,500,1404,DISABLED,DISABLED,1405,500,1404,DISABLED,DISABLED,1390,500,1404,DISABLED,DISABLED,1399,500,1404,DISABLED,DISABLED,1500,900,1500,N/A,DISABLED,53,914,1680,N/A,ENABLED,53,914,1680,N/A,ENABLED,53,914,1680,N/A,ENABLED,53,914,1680,N/A,ENABLED,44,711,1400,N/A,ENABLED,44,711,1400,N/A,ENABLED,44,711,1400,N/A,ENABLED,44,711,1400,N/A,ENABLED,N/A,35,34
1744662043,0,230,N/A,N/A,N/A,N/A,ENABLED,1404,500,1404,DISABLED,DISABLED,1388,500,1404,DISABLED,DISABLED,1403,500,1404,DISABLED,DISABLED,1399,500,1404,DISABLED,DISABLED,1405,500,1404,DISABLED,DISABLED,1405,500,1404,DISABLED,DISABLED,1391,500,1404,DISABLED,DISABLED,1400,500,1404,DISABLED,DISABLED,1500,900,1500,N/A,DISABLED,53,914,1680,N/A,ENABLED,53,914,1680,N/A,ENABLED,53,914,1680,N/A,ENABLED,53,914,1680,N/A,ENABLED,44,711,1400,N/A,ENABLED,44,711,1400,N/A,ENABLED,44,711,1400,N/A,ENABLED,44,711,1400,N/A,ENABLED,N/A,35,34
1744662044,0,229,N/A,N/A,N/A,N/A,ENABLED,1404,500,1404,DISABLED,DISABLED,1388,500,1404,DISABLED,DISABLED,1404,500,1404,DISABLED,DISABLED,1400,500,1404,DISABLED,DISABLED,1405,500,1404,DISABLED,DISABLED,1406,500,1404,DISABLED,DISABLED,1391,500,1404,DISABLED,DISABLED,1400,500,1404,DISABLED,DISABLED,1500,900,1500,N/A,DISABLED,53,914,1680,N/A,ENABLED,53,914,1680,N/A,ENABLED,53,914,1680,N/A,ENABLED,53,914,1680,N/A,ENABLED,44,711,1400,N/A,ENABLED,44,711,1400,N/A,ENABLED,44,711,1400,N/A,ENABLED,44,711,1400,N/A,ENABLED,N/A,35,34
1744662045,0,229,N/A,N/A,N/A,N/A,ENABLED,1403,500,1403,DISABLED,DISABLED,1388,500,1403,DISABLED,DISABLED,1404,500,1403,DISABLED,DISABLED,1400,500,1403,DISABLED,DISABLED,1405,500,1403,DISABLED,DISABLED,1404,500,1403,DISABLED,DISABLED,1391,500,1403,DISABLED,DISABLED,1399,500,1403,DISABLED,DISABLED,1500,900,1500,N/A,DISABLED,53,914,1680,N/A,ENABLED,53,914,1680,N/A,ENABLED,53,914,1680,N/A,ENABLED,53,914,1680,N/A,ENABLED,44,711,1400,N/A,ENABLED,44,711,1400,N/A,ENABLED,44,711,1400,N/A,ENABLED,44,711,1400,N/A,ENABLED,N/A,35,34
1744662046,0,229,N/A,N/A,N/A,N/A,ENABLED,1403,500,1403,DISABLED,DISABLED,1388,500,1403,DISABLED,DISABLED,1404,500,1403,DISABLED,DISABLED,1399,500,1403,DISABLED,DISABLED,1406,500,1403,DISABLED,DISABLED,1404,500,1403,DISABLED,DISABLED,1391,500,1403,DISABLED,DISABLED,1400,500,1403,DISABLED,DISABLED,1500,900,1500,N/A,DISABLED,53,914,1680,N/A,ENABLED,53,914,1680,N/A,ENABLED,53,914,1680,N/A,ENABLED,53,914,1680,N/A,ENABLED,44,711,1400,N/A,ENABLED,44,711,1400,N/A,ENABLED,44,711,1400,N/A,ENABLED,44,711,1400,N/A,ENABLED,N/A,35,34
1744662047,0,229,N/A,N/A,N/A,N/A,ENABLED,1403,500,1403,DISABLED,DISABLED,1388,500,1403,DISABLED,DISABLED,1404,500,1403,DISABLED,DISABLED,1400,500,1403,DISABLED,DISABLED,1406,500,1403,DISABLED,DISABLED,1405,500,1403,DISABLED,DISABLED,1391,500,1403,DISABLED,DISABLED,1400,500,1403,DISABLED,DISABLED,1500,900,1500,N/A,DISABLED,53,914,1680,N/A,ENABLED,53,914,1680,N/A,ENABLED,53,914,1680,N/A,ENABLED,53,914,1680,N/A,ENABLED,44,711,1400,N/A,ENABLED,44,711,1400,N/A,ENABLED,44,711,1400,N/A,ENABLED,44,711,1400,N/A,ENABLED,N/A,35,34
1744662049,0,229,N/A,N/A,N/A,N/A,ENABLED,1403,500,1403,DISABLED,DISABLED,1388,500,1403,DISABLED,DISABLED,1404,500,1403,DISABLED,DISABLED,1398,500,1403,DISABLED,DISABLED,1405,500,1403,DISABLED,DISABLED,1405,500,1403,DISABLED,DISABLED,1391,500,1403,DISABLED,DISABLED,1399,500,1403,DISABLED,DISABLED,1500,900,1500,N/A,DISABLED,53,914,1680,N/A,ENABLED,53,914,1680,N/A,ENABLED,53,914,1680,N/A,ENABLED,53,914,1680,N/A,ENABLED,44,711,1400,N/A,ENABLED,44,711,1400,N/A,ENABLED,44,711,1400,N/A,ENABLED,44,711,1400,N/A,ENABLED,N/A,35,34
1744662050,0,229,N/A,N/A,N/A,N/A,ENABLED,1402,500,1402,DISABLED,DISABLED,1388,500,1402,DISABLED,DISABLED,1403,500,1402,DISABLED,DISABLED,1400,500,1402,DISABLED,DISABLED,1406,500,1402,DISABLED,DISABLED,1405,500,1402,DISABLED,DISABLED,1391,500,1402,DISABLED,DISABLED,1400,500,1402,DISABLED,DISABLED,1500,900,1500,N/A,DISABLED,53,914,1680,N/A,ENABLED,53,914,1680,N/A,ENABLED,53,914,1680,N/A,ENABLED,53,914,1680,N/A,ENABLED,44,711,1400,N/A,ENABLED,44,711,1400,N/A,ENABLED,44,711,1400,N/A,ENABLED,44,711,1400,N/A,ENABLED,N/A,35,34
1744662051,0,230,N/A,N/A,N/A,N/A,ENABLED,1403,500,1403,DISABLED,DISABLED,1388,500,1403,DISABLED,DISABLED,1404,500,1403,DISABLED,DISABLED,1399,500,1403,DISABLED,DISABLED,1405,500,1403,DISABLED,DISABLED,1405,500,1403,DISABLED,DISABLED,1391,500,1403,DISABLED,DISABLED,1400,500,1403,DISABLED,DISABLED,1500,900,1500,N/A,DISABLED,53,914,1680,N/A,ENABLED,53,914,1680,N/A,ENABLED,53,914,1680,N/A,ENABLED,53,914,1680,N/A,ENABLED,44,711,1400,N/A,ENABLED,44,711,1400,N/A,ENABLED,44,711,1400,N/A,ENABLED,44,711,1400,N/A,ENABLED,N/A,35,34
1744662052,0,230,N/A,N/A,N/A,N/A,ENABLED,1403,500,1403,DISABLED,DISABLED,1388,500,1403,DISABLED,DISABLED,1404,500,1403,DISABLED,DISABLED,1400,500,1403,DISABLED,DISABLED,1405,500,1403,DISABLED,DISABLED,1405,500,1403,DISABLED,DISABLED,1391,500,1403,DISABLED,DISABLED,1398,500,1403,DISABLED,DISABLED,1500,900,1500,N/A,DISABLED,53,914,1680,N/A,ENABLED,53,914,1680,N/A,ENABLED,53,914,1680,N/A,ENABLED,53,914,1680,N/A,ENABLED,44,711,1400,N/A,ENABLED,44,711,1400,N/A,ENABLED,44,711,1400,N/A,ENABLED,44,711,1400,N/A,ENABLED,N/A,35,34
1744662053,0,106,N/A,N/A,N/A,N/A,ENABLED,89,500,1400,DISABLED,ENABLED,88,500,1400,DISABLED,ENABLED,89,500,1400,DISABLED,ENABLED,88,500,1400,DISABLED,ENABLED,88,500,1400,DISABLED,ENABLED,88,500,1400,DISABLED,ENABLED,87,500,1400,DISABLED,ENABLED,88,500,1400,DISABLED,ENABLED,900,900,1500,N/A,DISABLED,29,914,1680,N/A,ENABLED,29,914,1680,N/A,ENABLED,29,914,1680,N/A,ENABLED,29,914,1680,N/A,ENABLED,22,711,1400,N/A,ENABLED,22,711,1400,N/A,ENABLED,22,711,1400,N/A,ENABLED,22,711,1400,N/A,ENABLED,N/A,35,33
1744662054,0,106,N/A,N/A,N/A,N/A,ENABLED,89,500,1400,DISABLED,ENABLED,88,500,1400,DISABLED,ENABLED,88,500,1400,DISABLED,ENABLED,88,500,1400,DISABLED,ENABLED,88,500,1400,DISABLED,ENABLED,88,500,1400,DISABLED,ENABLED,87,500,1400,DISABLED,ENABLED,88,500,1400,DISABLED,ENABLED,900,900,1500,N/A,DISABLED,29,914,1680,N/A,ENABLED,29,914,1680,N/A,ENABLED,29,914,1680,N/A,ENABLED,29,914,1680,N/A,ENABLED,22,711,1400,N/A,ENABLED,22,711,1400,N/A,ENABLED,22,711,1400,N/A,ENABLED,22,711,1400,N/A,ENABLED,N/A,34,33
1744662056,0,106,N/A,N/A,N/A,N/A,ENABLED,89,500,1400,DISABLED,ENABLED,87,500,1400,DISABLED,ENABLED,88,500,1400,DISABLED,ENABLED,88,500,1400,DISABLED,ENABLED,88,500,1400,DISABLED,ENABLED,88,500,1400,DISABLED,ENABLED,97,500,1400,DISABLED,ENABLED,98,500,1400,DISABLED,ENABLED,900,900,1500,N/A,DISABLED,29,914,1680,N/A,ENABLED,29,914,1680,N/A,ENABLED,29,914,1680,N/A,ENABLED,29,914,1680,N/A,ENABLED,22,711,1400,N/A,ENABLED,22,711,1400,N/A,ENABLED,22,711,1400,N/A,ENABLED,22,711,1400,N/A,ENABLED,N/A,34,33
1744662057,0,106,N/A,N/A,N/A,N/A,ENABLED,89,500,1400,DISABLED,ENABLED,87,500,1400,DISABLED,ENABLED,88,500,1400,DISABLED,ENABLED,88,500,1400,DISABLED,ENABLED,88,500,1400,DISABLED,ENABLED,88,500,1400,DISABLED,ENABLED,104,500,1400,DISABLED,ENABLED,105,500,1400,DISABLED,ENABLED,900,900,1500,N/A,DISABLED,29,914,1680,N/A,ENABLED,29,914,1680,N/A,ENABLED,29,914,1680,N/A,ENABLED,29,914,1680,N/A,ENABLED,22,711,1400,N/A,ENABLED,22,711,1400,N/A,ENABLED,22,711,1400,N/A,ENABLED,22,711,1400,N/A,ENABLED,N/A,34,33
1744662058,0,106,N/A,N/A,N/A,N/A,ENABLED,89,500,1400,DISABLED,ENABLED,87,500,1400,DISABLED,ENABLED,88,500,1400,DISABLED,ENABLED,88,500,1400,DISABLED,ENABLED,88,500,1400,DISABLED,ENABLED,88,500,1400,DISABLED,ENABLED,102,500,1400,DISABLED,ENABLED,102,500,1400,DISABLED,ENABLED,900,900,1500,N/A,DISABLED,29,914,1680,N/A,ENABLED,29,914,1680,N/A,ENABLED,29,914,1680,N/A,ENABLED,29,914,1680,N/A,ENABLED,22,711,1400,N/A,ENABLED,22,711,1400,N/A,ENABLED,22,711,1400,N/A,ENABLED,22,711,1400,N/A,ENABLED,N/A,34,33
1744662059,0,105,N/A,N/A,N/A,N/A,ENABLED,89,500,1400,DISABLED,ENABLED,87,500,1400,DISABLED,ENABLED,88,500,1400,DISABLED,ENABLED,88,500,1400,DISABLED,ENABLED,88,500,1400,DISABLED,ENABLED,88,500,1400,DISABLED,ENABLED,93,500,1400,DISABLED,ENABLED,94,500,1400,DISABLED,ENABLED,900,900,1500,N/A,DISABLED,29,914,1680,N/A,ENABLED,29,914,1680,N/A,ENABLED,29,914,1680,N/A,ENABLED,29,914,1680,N/A,ENABLED,22,711,1400,N/A,ENABLED,22,711,1400,N/A,ENABLED,22,711,1400,N/A,ENABLED,22,711,1400,N/A,ENABLED,N/A,34,33
1744662060,0,105,N/A,N/A,N/A,N/A,ENABLED,92,500,1400,DISABLED,ENABLED,87,500,1400,DISABLED,ENABLED,88,500,1400,DISABLED,ENABLED,88,500,1400,DISABLED,ENABLED,88,500,1400,DISABLED,ENABLED,88,500,1400,DISABLED,ENABLED,94,500,1400,DISABLED,ENABLED,95,500,1400,DISABLED,ENABLED,900,900,1500,N/A,DISABLED,29,914,1680,N/A,ENABLED,29,914,1680,N/A,ENABLED,29,914,1680,N/A,ENABLED,29,914,1680,N/A,ENABLED,22,711,1400,N/A,ENABLED,22,711,1400,N/A,ENABLED,22,711,1400,N/A,ENABLED,22,711,1400,N/A,ENABLED,N/A,33,33
1744662061,0,105,N/A,N/A,N/A,N/A,ENABLED,90,500,1400,DISABLED,ENABLED,87,500,1400,DISABLED,ENABLED,88,500,1400,DISABLED,ENABLED,88,500,1400,DISABLED,ENABLED,88,500,1400,DISABLED,ENABLED,88,500,1400,DISABLED,ENABLED,88,500,1400,DISABLED,ENABLED,89,500,1400,DISABLED,ENABLED,900,900,1500,N/A,DISABLED,29,914,1680,N/A,ENABLED,29,914,1680,N/A,ENABLED,29,914,1680,N/A,ENABLED,29,914,1680,N/A,ENABLED,22,711,1400,N/A,ENABLED,22,711,1400,N/A,ENABLED,22,711,1400,N/A,ENABLED,22,711,1400,N/A,ENABLED,N/A,33,33
