Timestamp,GPU_0,GPU_1,GPU_2,GPU_3,GPU_4,GPU_5,GPU_6,GPU_7
1754523407,6698174,0,0,0,0,0,0,0
1754523408,6698174,0,0,0,0,0,0,0
1754523409,6698174,0,0,0,0,0,0,0
1754523410,6698174,0,0,0,0,0,0,0
1754523412,6698174,0,0,0,0,0,0,0
1754523413,6698174,0,0,0,0,0,0,0
1754523414,6698174,0,0,0,0,0,0,0
1754523415,6698174,0,0,0,0,0,0,0
1754523416,6698174,0,0,0,0,0,0,0
1754523417,6698174,0,0,0,0,0,0,0
1754523418,6698174,7,7,7,7,7,7,7
1754523420,6703288,5129,5146,5151,5140,5140,5151,5150
1754523421,6703351,5188,5204,5219,5201,5201,5212,5211
1754523422,6703420,5275,5291,5318,5290,5288,5299,5297
1754523423,6703512,5361,5367,5417,5377,5374,5386,5386
1754523424,6703584,5453,5459,5511,5468,5467,5477,5475
1754523425,6703616,5537,5543,5602,5557,5550,5561,5564
1754523427,6703660,5619,5624,5693,5641,5631,5645,5648
1754523428,6703688,5701,5704,5784,5728,5715,5729,5730
1754523429,6703716,5779,5785,5876,5814,5796,5812,5811
1754523430,6703769,5863,5869,5967,5898,5878,5896,5893
1754523431,6703805,5947,5953,6055,5984,5964,5978,5977
1754523432,6703861,6029,6032,6152,6069,6046,6062,6058
1754523433,6703940,6108,6098,6245,6150,6127,6141,6137
1754523435,6703958,6187,6111,6334,6234,6206,6222,6216
1754523436,6703973,6266,6122,6424,6321,6285,6276,6297
1754523437,6703978,6322,6139,6509,6402,6366,6296,6379
1754523438,6703988,6335,6155,6592,6486,6447,6326,6460
1754523439,6704001,6350,6236,6677,6572,6474,6336,6544
1754523440,6704032,6368,6320,6759,6659,6490,6345,6593
1754523442,6704070,6424,6376,6845,6745,6515,6428,6616
1754523443,6704116,6503,6455,6933,6832,6597,6512,6649
1754523444,6704154,6582,6532,7027,6916,6678,6593,6731
1754523445,6704170,6661,6613,7117,7002,6759,6675,6812
1754523446,6704195,6745,6695,7250,7086,6843,6759,6893
1754523447,6704252,6824,6776,7250,7186,6927,6841,6975
1754523449,6704276,6905,6860,7251,7247,7011,6927,7049
1754523450,6704294,6981,6942,7251,7247,7090,7008,7130
1754523451,6704365,7065,7025,7251,7247,7192,7092,7258
1754523452,6704439,7147,7107,7251,7247,7249,7176,7258
1754523453,6704525,7238,7254,7251,7247,7249,7261,7258
1754523454,6704607,7238,7254,7251,7247,7249,7261,7258
1754523455,6704617,7238,7254,7251,7247,7249,7261,7258
1754523457,6704705,7238,7254,7251,7247,7249,7261,7258
1754523458,6704787,7238,7254,7251,7247,7249,7261,7258
1754523459,6704800,7238,7254,7251,7247,7249,7261,7259
1754523460,6704820,7239,7254,7251,7248,7249,7261,7259
1754523461,6704907,7239,7254,7251,7248,7250,7261,7259
1754523462,6704991,7239,7254,7251,7248,7250,7261,7259
1754523464,6705075,7239,7254,7251,7248,7250,7261,7259
1754523465,6705103,7239,7255,7251,7248,7250,7262,7259
1754523466,6705161,7239,7255,7274,7248,7250,7262,7259
1754523467,6705230,7239,7255,7372,7248,7250,7262,7259
1754523468,6705279,7239,7255,7468,7248,7250,7262,7260
1754523469,6705297,7240,7255,7560,7269,7250,7262,7260
1754523470,6705307,7240,7255,7649,7353,7251,7262,7260
1754523472,6705397,7240,7255,7740,7438,7251,7262,7275
1754523473,6705397,7240,7255,7834,7522,7321,7262,7359
1754523474,6705398,7260,7255,7929,7606,7400,7341,7439
1754523475,6705398,7342,7255,8025,7688,7479,7421,7518
1754523476,6705398,7420,7255,8124,7766,7559,7503,7600
1754523477,6705398,7498,7256,8223,7845,7639,7584,7681
1754523479,6705398,7578,7256,8320,7924,7718,7666,7760
1754523480,6705398,7660,7256,8406,8006,7797,7747,7839
1754523481,6705398,7731,7256,8503,8085,7876,7826,7918
1754523482,6705398,7790,7256,8592,8166,7954,7907,7999
1754523483,6705398,7868,7256,8616,8243,8033,7989,8076
1754523484,6705399,7932,7256,8617,8307,8097,8055,8139
1754523485,6705399,7998,7256,8655,8361,8161,8116,8203
1754523487,6705399,8059,7256,8731,8424,8222,8180,8264
1754523488,6705399,8126,7256,8784,8485,8285,8242,8328
1754523489,6705399,8156,7256,8798,8523,8315,8280,8366
1754523491,6705399,8192,7256,8798,8559,8354,8316,8397
1754523493,6705399,8227,7257,8798,8597,8385,8354,8432
1754523495,6705399,8263,7257,8799,8617,8421,8385,8471
1754523496,6705400,8296,7257,8799,8617,8454,8418,8501
1754523498,6705400,8337,7257,8799,8617,8492,8457,8542
1754523500,6705400,8345,7257,8799,8617,8527,8492,8578
1754523501,6705400,8351,7257,8799,8630,8553,8518,8603
1754523503,6705400,8363,7257,8800,8661,8583,8548,8630
1754523505,6705400,8402,7257,8800,8696,8621,8586,8630
1754523507,6705400,8440,7294,8800,8737,8621,8631,8630
1754523508,6705400,8470,7324,8800,8767,8621,8631,8630
1754523509,6705416,8508,7362,8800,8787,8621,8631,8638
1754523511,6705468,8552,7416,8800,8801,8644,8631,8694
1754523513,6705515,8592,7460,8801,8801,8692,8634,8740
1754523515,6705569,8609,7488,8801,8801,8725,8672,8793
1754523516,6705605,8609,7524,8801,8801,8752,8710,8815
1754523518,6705666,8609,7554,8801,8801,8783,8761,8815
1754523519,6705727,8609,7595,8801,8802,8805,8794,8815
1754523521,6705770,8609,7636,8802,8802,8805,8815,8815
1754523523,6705825,8609,7689,8802,8802,8805,8816,8815
1754523525,6705851,8632,7717,8802,8802,8805,8816,8815
1754523526,6705894,8660,7722,8802,8802,8805,8816,8816
1754523528,6705894,8697,7722,8802,8802,8805,8816,8816
1754523530,6705909,8742,7769,8803,8802,8805,8816,8816
1754523532,6705950,8782,7817,8803,8802,8806,8816,8816
1754523534,6705998,8794,7860,8803,8803,8806,8816,8817
1754523536,6706019,8794,7915,8803,8803,8806,8816,8817
1754523538,6706070,8795,7990,8803,8803,8807,8816,8817
1754523540,6706133,8795,8020,8803,8803,8807,8817,8817
1754523541,6706176,8795,8051,8803,8803,8807,8817,8817
1754523543,6706212,8795,8081,8803,8803,8807,8817,8817
1754523544,6706227,8796,8102,8803,8803,8807,8817,8817
1754523547,6706278,8796,8155,8804,8803,8807,8817,8817
1754523548,6706323,8796,8186,8804,8804,8807,8818,8817
1754523550,6706384,8796,8237,8804,8804,8807,8818,8818
1754523552,6706443,8797,8300,8804,8804,8807,8818,8818
1754523554,6706463,8797,8323,8804,8804,8807,8818,8818
1754523556,6706491,8797,8380,8804,8804,8808,8818,8818
1754523558,6706520,8797,8418,8805,8804,8808,8818,8819
1754523560,6706553,8797,8446,8805,8805,8808,8819,8819
1754523561,6706596,8797,8481,8805,8805,8809,8819,8819
1754523563,6706639,8797,8514,8805,8805,8809,8819,8819
1754523564,6706682,8797,8532,8805,8805,8809,8819,8819
1754523566,6706715,8797,8583,8806,8805,8809,8819,8819
1754523568,6706768,8798,8608,8806,8805,8809,8819,8819
1754523570,6706768,8798,8628,8806,8805,8810,8819,8820
1754523571,6706768,8798,8628,8806,8805,8810,8820,8820
1754523573,6706768,8798,8628,8806,8805,8810,8820,8820
1754523575,6706768,8798,8628,8806,8805,8810,8820,8820
1754523577,6706768,8798,8628,8806,8806,8810,8820,8820
1754523579,6706786,8799,8631,8807,8806,8810,8820,8820
1754523580,6706801,8799,8653,8807,8806,8810,8821,8821
1754523582,6706857,8799,8709,8807,8806,8811,8821,8821
1754523583,6706878,8799,8737,8807,8806,8811,8821,8821
1754523585,6706920,8799,8790,8807,8807,8811,8821,8821
1754523587,6706930,8799,8812,8807,8807,8811,8821,8821
1754523589,6706946,8799,8813,8808,8807,8811,8821,8822
1754523590,6706953,8799,8813,8808,8808,8811,8821,8822
1754523592,6706953,8799,8814,8808,8808,8812,8821,8823
1754523594,6706953,8800,8814,8808,8808,8812,8821,8823
1754523596,6706953,8800,8814,8808,8808,8812,8822,8823
1754523598,6706954,8800,8815,8809,8808,8812,8822,8823
1754523600,6706956,8801,8817,8809,8809,8812,8823,8826
1754523603,6706959,8802,8818,8810,8809,8813,8825,8827
1754523605,6706959,8802,8818,8810,8809,8813,8825,8827
1754523607,6706959,8802,8818,8810,8809,8813,8825,8827
1754523609,6706959,8802,8818,8810,8809,8813,8825,8827
1754523611,6706960,8802,8818,8810,8809,8813,8825,8828
1754523613,6706960,8803,8819,8811,8809,8813,8825,8828
1754523615,6706960,8803,8820,8812,8809,8813,8825,8828
1754523617,6706960,8803,8823,8813,8810,8813,8826,8829
1754523619,6706961,8803,8828,8815,8810,8814,8826,8830
1754523622,6706962,8804,8833,8816,8811,8814,8826,8831
1754523623,6706963,8804,8836,8817,8811,8814,8827,8831
1754523625,6706963,8805,8840,8820,8811,8815,8827,8832
1754523628,6706963,8805,8841,8820,8811,8815,8827,8833
1754523629,6706964,8805,8841,8820,8811,8815,8828,8833
1754523631,6706964,8805,8841,8821,8811,8815,8828,8833
1754523633,6706964,8805,8841,8821,8812,8815,8828,8833
1754523635,6706965,8806,8842,8821,8812,8816,8828,8833
1754523637,6706965,8806,8842,8821,8813,8816,8829,8834
1754523639,6706965,8806,8842,8821,8813,8817,8829,8834
1754523641,6706965,8806,8843,8821,8813,8817,8829,8834
1754523644,6706965,8807,8843,8822,8813,8817,8829,8834
1754523645,6706965,8807,8843,8822,8814,8817,8830,8835
1754523647,6706966,8807,8843,8822,8814,8818,8830,8835
1754523649,6706966,8808,8844,8822,8814,8818,8830,8835
1754523652,6706966,8808,8844,8822,8815,8818,8831,8835
1754523654,6706967,8808,8844,8823,8815,8819,8831,8836
1754523655,6706967,8808,8844,8823,8815,8819,8831,8836
1754523658,6706967,8809,8845,8823,8815,8819,8831,8836
1754523660,6706967,8809,8845,8823,8816,8819,8832,8836
1754523662,6706967,8809,8845,8823,8816,8820,8832,8836
1754523664,6706968,8809,8845,8823,8816,8820,8832,8837
1754523666,6706968,8810,8846,8824,8816,8820,8832,8837
1754523668,6706968,8810,8846,8824,8817,8820,8833,8837
1754523670,6706968,8810,8846,8824,8817,8821,8833,8837
1754523672,6706968,8810,8846,8824,8817,8821,8833,8837
1754523674,6706969,8811,8846,8824,8817,8821,8833,8837
1754523675,6706969,8811,8847,8824,8817,8821,8834,8837
1754523678,6706969,8811,8847,8825,8818,8822,8834,8838
1754523680,6706970,8811,8847,8825,8818,8822,8834,8838
1754523681,6706970,8811,8847,8825,8818,8822,8834,8838
1754523683,6706970,8812,8848,8825,8818,8822,8834,8838
1754523686,6706970,8812,8848,8825,8819,8822,8835,8838
1754523688,6706970,8812,8848,8825,8819,8823,8835,8839
1754523690,6706971,8812,8848,8826,8819,8823,8835,8839
1754523691,6706971,8812,8848,8826,8819,8823,8835,8839
1754523693,6706971,8813,8848,8826,8819,8823,8835,8839
1754523695,6706971,8813,8849,8826,8819,8824,8835,8839
1754523697,6706971,8813,8849,8826,8819,8824,8836,8839
1754523699,6706971,8813,8849,8826,8819,8824,8836,8840
1754523701,6706972,8813,8849,8826,8819,8824,8836,8840
1754523703,6706972,8814,8849,8826,8819,8824,8836,8840
1754523705,6706972,8814,8849,8826,8819,8824,8836,8840
1754523707,6706972,8814,8850,8826,8820,8824,8836,8840
1754523710,6706972,8814,8850,8826,8820,8825,8836,8841
1754523711,6706972,8814,8850,8827,8820,8825,8836,8841
1754523713,6706973,8814,8850,8827,8820,8825,8837,8841
1754523715,6706973,8814,8850,8827,8820,8825,8837,8841
1754523717,6706973,8815,8850,8827,8821,8825,8837,8841
1754523720,6706973,8815,8850,8827,8821,8825,8837,8841
1754523722,6706973,8815,8850,8827,8821,8825,8837,8842
1754523723,6706974,8815,8850,8827,8821,8825,8837,8842
1754523725,6706974,8816,8851,8827,8821,8825,8837,8842
1754523728,6706974,8816,8851,8827,8822,8826,8837,8842
1754523730,6706974,8816,8851,8828,8822,8826,8838,8843
1754523732,6706974,8816,8851,8828,8822,8826,8838,8843
1754523734,6706974,8816,8852,8828,8822,8826,8838,8843
1754523737,6706974,8816,8852,8828,8822,8826,8838,8843
1754523739,6706975,8817,8852,8828,8822,8827,8839,8844
1754523741,6706975,8817,8852,8828,8822,8827,8839,8844
1754523742,6706975,8817,8852,8829,8822,8827,8839,8844
1754523745,6706975,8817,8853,8829,8822,8827,8839,8844
1754523746,6706975,8817,8853,8829,8823,8828,8839,8844
1754523748,6706975,8818,8853,8829,8823,8828,8840,8845
1754523750,6706975,8818,8853,8829,8823,8828,8840,8845
1754523752,6706976,8818,8853,8829,8823,8828,8840,8845
1754523754,6706976,8818,8854,8829,8824,8828,8840,8845
1754523756,6706976,8818,8854,8830,8824,8828,8840,8845
1754523758,6706976,8819,8854,8830,8824,8829,8841,8845
1754523760,6706976,8819,8854,8830,8824,8829,8841,8845
1754523763,6706977,8819,8854,8830,8824,8829,8841,8845
1754523765,6706977,8819,8854,8830,8824,8829,8841,8845
1754523767,6706977,8820,8854,8831,8825,8829,8841,8845
1754523769,6706977,8820,8855,8831,8825,8829,8842,8846
1754523771,6706978,8820,8855,8831,8825,8829,8842,8846
1754523773,6706978,8820,8855,8831,8825,8829,8842,8846
1754523775,6706978,8820,8855,8831,8826,8830,8842,8846
1754523777,6706978,8821,8856,8831,8826,8830,8842,8847
1754523780,6706979,8821,8856,8832,8826,8830,8843,8847
1754523782,6706979,8821,8856,8832,8826,8831,8843,8847
1754523784,6706979,8822,8856,8832,8827,8831,8843,8847
1754523786,6706979,8822,8857,8832,8827,8831,8844,8847
1754523788,6706980,8822,8857,8832,8827,8831,8844,8848
1754523789,6706980,8822,8857,8832,8827,8832,8844,8848
1754523791,6706980,8823,8857,8833,8828,8832,8844,8848
1754523793,6706980,8823,8857,8833,8828,8832,8844,8848
1754523794,6706980,8823,8858,8833,8828,8832,8845,8848
1754523797,6706981,8823,8858,8833,8828,8832,8845,8848
1754523799,6706981,8824,8858,8833,8828,8833,8845,8849
1754523801,6706981,8824,8859,8833,8829,8833,8846,8849
1754523802,6706981,8824,8859,8834,8829,8833,8846,8849
1754523804,6706982,8824,8859,8834,8829,8833,8846,8849
1754523806,6706982,8825,8859,8834,8829,8834,8846,8849
1754523809,6706982,8825,8860,8834,8829,8834,8847,8850
1754523812,6706983,8825,8860,8835,8830,8834,8847,8850
1754523813,6706983,8825,8860,8835,8830,8834,8847,8850
1754523815,6706983,8825,8860,8835,8830,8835,8847,8850
1754523817,6706983,8826,8860,8835,8830,8835,8847,8850
1754523819,6706983,8826,8861,8835,8830,8835,8847,8851
1754523821,6706984,8826,8861,8836,8830,8835,8848,8851
1754523823,6706984,8826,8861,8836,8831,8835,8848,8851
1754523826,6706984,8827,8861,8836,8831,8835,8848,8851
1754523828,6706984,8827,8861,8837,8831,8836,8848,8851
1754523830,6706985,8827,8862,8837,8831,8836,8848,8852
1754523832,6706985,8827,8862,8837,8831,8836,8849,8852
1754523834,6706985,8828,8862,8837,8832,8836,8849,8852
1754523836,6706985,8828,8862,8837,8832,8836,8849,8852
1754523838,6706985,8828,8862,8838,8832,8837,8849,8852
1754523840,6706985,8828,8862,8838,8832,8837,8850,8852
1754523842,6706986,8828,8863,8838,8832,8837,8850,8853
1754523843,6706986,8828,8863,8838,8832,8837,8850,8853
1754523845,6706986,8828,8863,8838,8833,8838,8850,8853
1754523847,6706986,8829,8863,8839,8833,8838,8850,8853
1754523849,6706986,8829,8863,8839,8833,8838,8850,8853
1754523851,6706987,8829,8864,8839,8833,8838,8851,8854
1754523852,6706987,8829,8864,8839,8834,8838,8851,8854
1754523854,6706987,8829,8864,8839,8834,8838,8851,8854
1754523856,6706987,8830,8864,8839,8834,8839,8851,8854
1754523858,6706987,8830,8865,8839,8834,8839,8851,8854
1754523859,6706988,8830,8865,8840,8835,8839,8852,8854
1754523861,6706988,8830,8865,8840,8835,8839,8852,8855
1754523863,6706988,8830,8865,8840,8835,8839,8852,8855
1754523865,6706988,8830,8865,8840,8835,8839,8852,8855
1754523866,6706988,8831,8866,8840,8836,8840,8852,8855
1754523869,6706988,8831,8866,8841,8836,8840,8853,8855
1754523871,6706989,8831,8866,8841,8836,8840,8853,8856
1754523873,6706989,8831,8866,8841,8836,8840,8853,8856
1754523875,6706989,8832,8867,8841,8836,8840,8853,8856
1754523877,6706989,8832,8867,8842,8837,8841,8853,8856
1754523879,6706990,8832,8867,8842,8837,8841,8854,8856
1754523882,6706990,8833,8867,8842,8837,8841,8854,8857
1754523884,6706990,8833,8868,8842,8837,8842,8854,8857
1754523886,6706990,8833,8868,8842,8837,8842,8854,8857
1754523888,6706990,8833,8868,8843,8838,8842,8855,8857
1754523890,6706991,8833,8868,8843,8838,8842,8855,8857
1754523893,6706991,8834,8868,8843,8838,8842,8855,8858
1754523895,6706991,8834,8869,8843,8838,8843,8855,8858
1754523896,6706991,8834,8869,8843,8838,8843,8855,8858
1754523899,6706991,8834,8869,8843,8839,8843,8856,8858
1754523901,6706992,8834,8869,8843,8839,8843,8856,8859
1754523903,6706992,8834,8869,8843,8839,8843,8856,8859
1754523905,6706992,8835,8870,8843,8839,8844,8856,8859
1754523907,6706992,8835,8870,8843,8839,8844,8856,8859
1754523909,6706993,8835,8870,8843,8840,8844,8857,8859
1754523911,6706993,8835,8870,8843,8840,8844,8857,8860
1754523912,6706993,8836,8871,8843,8840,8845,8857,8860
1754523914,6706993,8836,8871,8843,8840,8845,8857,8860
1754523916,6706994,8836,8871,8843,8841,8845,8858,8860
1754523918,6706994,8836,8871,8844,8841,8845,8858,8861
1754523920,6706994,8837,8872,8844,8841,8846,8858,8861
1754523922,6706994,8837,8872,8844,8841,8846,8858,8861
1754523924,6706995,8837,8872,8844,8841,8846,8859,8861
1754523926,6706995,8838,8873,8844,8841,8846,8859,8861
1754523928,6706995,8838,8873,8844,8841,8847,8859,8862
1754523929,6706996,8838,8873,8844,8841,8847,8859,8862
1754523931,6706996,8838,8873,8844,8842,8847,8859,8862
1754523933,6706996,8838,8873,8844,8842,8847,8860,8862
1754523934,6706996,8839,8874,8844,8842,8848,8860,8862
1754523936,6706997,8839,8874,8844,8842,8848,8860,8863
1754523938,6706997,8839,8874,8845,8842,8848,8860,8863
1754523940,6706997,8839,8874,8845,8842,8848,8860,8863
1754523942,6706997,8840,8874,8845,8842,8848,8860,8863
1754523943,6706997,8840,8874,8845,8842,8849,8861,8863
1754523945,6706998,8840,8874,8845,8842,8849,8861,8863
1754523946,6706998,8840,8875,8845,8843,8849,8861,8864
1754523948,6706998,8840,8875,8845,8843,8849,8861,8864
1754523950,6706998,8841,8875,8845,8843,8849,8861,8864
1754523952,6706998,8841,8875,8845,8843,8849,8862,8864
1754523953,6706998,8841,8875,8845,8843,8849,8862,8864
1754523954,6706998,8841,8876,8845,8843,8850,8862,8864
1754523956,6706999,8841,8876,8846,8843,8850,8862,8864
1754523957,6706999,8841,8876,8846,8843,8850,8862,8865
1754523959,6706999,8841,8876,8846,8843,8850,8862,8865
1754523960,6706999,8842,8876,8846,8843,8850,8862,8865
1754523962,6706999,8842,8877,8846,8843,8850,8863,8865
1754523964,6706999,8842,8877,8846,8844,8851,8863,8865
1754523965,6706999,8842,8877,8846,8844,8851,8863,8865
1754523967,6707000,8842,8877,8846,8844,8851,8863,8865
1754523969,6707000,8843,8877,8846,8844,8851,8863,8865
1754523970,6707000,8843,8877,8846,8844,8851,8863,8865
1754523972,6707000,8843,8878,8846,8844,8851,8864,8865
1754523973,6707000,8843,8878,8846,8844,8851,8864,8865
1754523975,6707000,8843,8878,8846,8844,8851,8864,8866
1754523976,6707001,8843,8878,8846,8844,8851,8864,8866
1754523977,6707001,8844,8878,8846,8844,8851,8864,8866
1754523979,6707001,8844,8878,8847,8844,8852,8864,8866
1754523980,6707001,8844,8879,8847,8845,8852,8865,8866
1754523982,6707001,8844,8879,8847,8845,8852,8865,8866
1754523984,6707002,8844,8879,8847,8845,8852,8865,8866
1754523985,6707002,8845,8879,8847,8845,8852,8865,8866
1754523986,6707002,8845,8879,8847,8845,8852,8865,8866
1754523988,6707002,8845,8880,8847,8845,8852,8865,8866
1754523989,6707002,8845,8880,8847,8845,8852,8866,8867
1754523991,6707002,8845,8880,8847,8845,8852,8866,8867
1754523992,6707003,8846,8880,8847,8845,8852,8866,8867
1754523994,6707003,8846,8880,8847,8846,8853,8866,8867
1754523995,6707003,8846,8881,8847,8846,8853,8866,8867
1754523997,6707003,8846,8881,8848,8846,8853,8866,8867
1754523998,6707003,8846,8881,8848,8846,8853,8867,8867
1754524000,6707003,8846,8881,8848,8846,8853,8867,8867
1754524001,6707004,8846,8881,8848,8846,8853,8867,8868
1754524003,6707004,8847,8881,8848,8846,8853,8867,8868
1754524004,6707004,8847,8881,8848,8846,8853,8867,8868
1754524005,6707004,8847,8882,8848,8846,8854,8867,8868
1754524007,6707004,8847,8882,8848,8847,8854,8868,8868
1754524008,6707004,8847,8882,8849,8847,8854,8868,8868
1754524010,6707004,8847,8882,8849,8847,8854,8868,8868
1754524012,6707005,8848,8882,8849,8847,8854,8868,8869
1754524013,6707005,8848,8882,8849,8847,8854,8868,8869
1754524014,6707005,8848,8882,8849,8847,8854,8868,8869
1754524016,6707005,8848,8883,8849,8847,8855,8869,8869
1754524017,6707005,8848,8883,8849,8847,8855,8869,8869
1754524018,6707005,8848,8883,8849,8848,8855,8869,8869
1754524019,6707005,8848,8883,8849,8848,8855,8869,8869
1754524020,6707005,8848,8883,8849,8848,8855,8869,8869
1754524022,6707006,8849,8883,8850,8848,8855,8869,8869
1754524023,6707006,8849,8884,8850,8848,8855,8869,8870
1754524024,6707006,8849,8884,8850,8848,8855,8870,8870
1754524025,6707006,8849,8884,8850,8848,8855,8870,8870
1754524026,6707006,8849,8884,8850,8848,8856,8870,8870
1754524027,6707006,8849,8884,8850,8849,8856,8870,8870
1754524029,6707006,8849,8884,8850,8849,8856,8870,8870
1754524030,6707006,8850,8885,8850,8849,8856,8870,8870
1754524031,6707006,8850,8885,8850,8849,8856,8870,8870
1754524032,6707006,8850,8885,8850,8849,8856,8871,8870
1754524033,6707007,8850,8885,8851,8849,8856,8871,8870
1754524034,6707007,8850,8885,8851,8849,8857,8871,8870
1754524036,6707007,8850,8885,8851,8849,8857,8871,8871
1754524037,6707007,8850,8885,8851,8849,8857,8871,8871
1754524038,6707007,8850,8886,8851,8850,8857,8871,8871
1754524039,6707007,8851,8886,8851,8850,8857,8871,8871
1754524040,6707007,8851,8886,8851,8850,8857,8871,8871
1754524041,6707007,8851,8886,8851,8850,8858,8872,8871
1754524043,6707008,8851,8886,8851,8850,8858,8872,8871
1754524044,6707008,8851,8886,8851,8850,8858,8872,8872
1754524046,6707008,8851,8887,8852,8850,8858,8872,8872
1754524048,6707008,8852,8887,8852,8851,8858,8872,8872
1754524051,6707008,8852,8887,8852,8851,8858,8873,8872
1754524053,6707009,8852,8887,8852,8851,8859,8873,8872
1754524055,6707009,8852,8887,8852,8852,8859,8873,8873
1754524057,6707009,8852,8888,8853,8852,8859,8873,8873
1754524059,6707009,8852,8888,8853,8852,8859,8873,8873
1754524061,6707010,8853,8888,8853,8852,8859,8874,8873
1754524063,6707010,8853,8888,8853,8853,8860,8874,8873
1754524065,6707010,8853,8889,8853,8853,8860,8874,8873
1754524067,6707010,8853,8889,8853,8853,8860,8874,8874
1754524069,6707011,8853,8889,8854,8853,8860,8874,8874
1754524072,6707011,8853,8889,8854,8853,8861,8874,8874
1754524073,6707011,8854,8889,8854,8854,8861,8875,8874
1754524075,6707011,8854,8889,8854,8854,8861,8875,8874
1754524077,6707011,8854,8890,8854,8854,8861,8875,8874
1754524080,6707012,8854,8890,8854,8854,8861,8875,8875
1754524081,6707012,8854,8890,8855,8854,8862,8875,8875
1754524083,6707012,8854,8890,8855,8855,8862,8876,8875
1754524086,6707012,8855,8890,8855,8855,8862,8876,8875
1754524087,6707012,8855,8891,8855,8855,8862,8876,8875
1754524089,6707012,8855,8891,8855,8855,8862,8876,8875
1754524090,6707012,8855,8891,8855,8855,8863,8876,8876
1754524092,6707013,8855,8891,8855,8855,8863,8876,8876
1754524093,6707013,8855,8891,8856,8855,8863,8876,8876
1754524095,6707013,8855,8891,8856,8856,8863,8877,8876
1754524096,6707013,8855,8891,8856,8856,8863,8877,8876
1754524097,6707013,8856,8892,8856,8856,8863,8877,8876
1754524099,6707013,8856,8892,8856,8856,8863,8877,8876
1754524100,6707014,8856,8892,8856,8856,8863,8877,8877
1754524101,6707014,8856,8892,8856,8856,8864,8877,8877
1754524102,6707014,8856,8892,8856,8856,8864,8877,8877
1754524103,6707014,8856,8892,8856,8856,8864,8877,8877
1754524105,6707014,8856,8892,8856,8857,8864,8878,8877
1754524106,6707014,8856,8893,8856,8857,8864,8878,8877
1754524107,6707014,8857,8893,8857,8857,8864,8878,8877
1754524110,6707015,8857,8893,8857,8857,8865,8878,8878
1754524112,6707015,8857,8893,8857,8857,8865,8878,8878
1754524113,6707015,8857,8893,8857,8857,8865,8878,8878
1754524115,6707015,8857,8894,8857,8858,8865,8879,8878
1754524116,6707015,8857,8894,8857,8858,8865,8879,8878
1754524117,6707015,8858,8894,8857,8858,8865,8879,8878
1754524118,6707015,8858,8894,8858,8858,8865,8879,8878
1754524119,6707015,8858,8894,8858,8858,8866,8879,8878
1754524120,6707016,8858,8894,8858,8858,8866,8879,8878
1754524122,6707016,8858,8894,8858,8858,8866,8879,8879
1754524123,6707016,8858,8894,8858,8858,8866,8879,8879
1754524124,6707016,8858,8895,8858,8859,8866,8879,8879
1754524125,6707016,8858,8895,8858,8859,8866,8879,8879
1754524127,6707016,8859,8895,8858,8859,8866,8880,8879
1754524128,6707016,8859,8895,8858,8859,8866,8880,8879
1754524129,6707016,8859,8895,8858,8859,8867,8880,8879
1754524130,6707017,8859,8895,8858,8859,8867,8880,8879
1754524132,6707017,8859,8895,8859,8859,8867,8880,8879
1754524133,6707017,8859,8895,8859,8859,8867,8880,8880
1754524134,6707017,8859,8895,8859,8859,8867,8880,8880
1754524135,6707017,8859,8895,8859,8859,8867,8880,8880
1754524136,6707017,8859,8895,8859,8859,8867,8881,8880
1754524137,6707017,8860,8895,8859,8860,8868,8881,8880
1754524138,6707018,8860,8896,8859,8860,8868,8881,8880
1754524140,6707018,8860,8896,8859,8860,8868,8881,8880
1754524141,6707018,8860,8896,8859,8860,8868,8881,8880
1754524142,6707018,8860,8896,8860,8860,8868,8881,8881
1754524143,6707018,8860,8896,8860,8861,8868,8882,8881
1754524144,6707018,8860,8896,8860,8861,8868,8882,8881
1754524145,6707018,8861,8896,8860,8861,8868,8882,8881
1754524147,6707018,8861,8896,8860,8861,8868,8882,8881
1754524148,6707019,8861,8897,8860,8861,8869,8882,8881
1754524149,6707019,8861,8897,8860,8861,8869,8882,8881
1754524150,6707019,8861,8897,8861,8861,8869,8882,8881
1754524151,6707019,8861,8897,8861,8861,8869,8883,8881
1754524152,6707019,8861,8897,8861,8862,8869,8883,8881
1754524154,6707019,8862,8897,8861,8862,8869,8883,8882
1754524155,6707019,8862,8897,8861,8862,8869,8883,8882
1754524156,6707019,8862,8897,8861,8862,8869,8883,8882
1754524157,6707019,8862,8898,8861,8862,8869,8883,8882
1754524158,6707019,8862,8898,8861,8862,8870,8883,8882
1754524159,6707020,8862,8898,8861,8862,8870,8883,8882
1754524160,6707020,8862,8898,8861,8862,8870,8883,8882
1754524162,6707020,8862,8898,8862,8862,8870,8884,8882
1754524163,6707020,8863,8898,8862,8862,8870,8884,8882
1754524164,6707020,8863,8898,8862,8863,8870,8884,8883
1754524165,6707020,8863,8898,8862,8863,8870,8884,8883
1754524166,6707020,8863,8899,8862,8863,8870,8884,8883
1754524167,6707020,8863,8899,8862,8863,8870,8884,8883
1754524169,6707020,8863,8899,8862,8863,8871,8884,8883
1754524170,6707021,8863,8899,8862,8863,8871,8884,8883
1754524171,6707021,8863,8899,8862,8863,8871,8885,8883
1754524172,6707021,8863,8899,8862,8863,8871,8885,8883
1754524173,6707021,8864,8900,8863,8864,8871,8885,8884
1754524174,6707021,8864,8900,8863,8864,8871,8885,8884
1754524175,6707021,8864,8900,8863,8864,8872,8885,8884
1754524177,6707021,8864,8900,8863,8864,8872,8885,8884
1754524178,6707022,8864,8900,8863,8864,8872,8885,8884
1754524179,6707022,8864,8900,8863,8864,8872,8886,8884
1754524180,6707022,8864,8900,8863,8864,8872,8886,8884
1754524181,6707022,8865,8901,8863,8865,8872,8886,8884
1754524182,6707022,8865,8901,8863,8865,8872,8886,8885
1754524184,6707022,8865,8901,8864,8865,8873,8886,8885
1754524185,6707023,8865,8901,8864,8865,8873,8886,8885
1754524186,6707023,8865,8901,8864,8865,8873,8886,8885
1754524187,6707023,8865,8901,8864,8866,8873,8887,8885
1754524188,6707023,8865,8901,8864,8866,8873,8887,8885
1754524189,6707023,8865,8902,8864,8866,8873,8887,8885
1754524191,6707023,8866,8902,8864,8866,8873,8887,8886
1754524192,6707023,8866,8902,8864,8866,8874,8887,8886
1754524193,6707024,8866,8902,8864,8866,8874,8887,8886
1754524195,6707024,8866,8902,8865,8866,8874,8888,8886
1754524196,6707024,8866,8902,8865,8867,8874,8888,8886
1754524197,6707024,8866,8902,8865,8867,8874,8888,8886
1754524198,6707024,8866,8902,8865,8867,8874,8888,8886
1754524199,6707024,8866,8903,8865,8867,8874,8888,8886
1754524201,6707024,8866,8903,8865,8867,8875,8888,8886
1754524202,6707024,8867,8903,8865,8867,8875,8888,8886
1754524203,6707024,8867,8903,8865,8867,8875,8888,8886
1754524204,6707024,8867,8903,8865,8868,8875,8888,8886
1754524205,6707024,8867,8903,8865,8868,8875,8888,8886
1754524206,6707024,8867,8903,8865,8868,8875,8888,8886
1754524208,6707024,8867,8904,8865,8868,8875,8888,8887
1754524209,6707024,8867,8904,8865,8868,8876,8888,8887
1754524210,6707025,8867,8904,8865,8868,8876,8888,8887
1754524211,6707025,8867,8904,8865,8868,8876,8888,8887
1754524212,6707025,8867,8904,8866,8869,8876,8889,8887
1754524213,6707025,8867,8904,8866,8869,8876,8889,8887
1754524215,6707025,8867,8904,8866,8869,8876,8889,8887
1754524216,6707025,8867,8904,8866,8869,8876,8889,8888
1754524217,6707025,8867,8905,8866,8869,8876,8889,8888
1754524218,6707025,8868,8905,8866,8869,8876,8889,8888
1754524219,6707026,8868,8905,8866,8869,8876,8889,8888
1754524220,6707026,8868,8905,8866,8870,8876,8890,8888
1754524221,6707026,8868,8905,8866,8870,8876,8890,8888
1754524223,6707026,8868,8905,8867,8870,8876,8890,8888
1754524224,6707026,8868,8905,8867,8870,8876,8890,8888
1754524225,6707026,8868,8905,8867,8870,8877,8890,8888
1754524226,6707026,8868,8906,8867,8870,8877,8890,8889
1754524227,6707026,8868,8906,8867,8870,8877,8890,8889
1754524228,6707026,8868,8906,8867,8870,8877,8890,8889
1754524230,6707027,8869,8906,8867,8871,8877,8891,8889
1754524231,6707027,8869,8906,8867,8871,8877,8891,8889
1754524232,6707027,8869,8906,8867,8871,8877,8891,8889
1754524233,6707027,8869,8906,8867,8871,8877,8891,8889
1754524234,6707027,8869,8907,8868,8871,8878,8891,8890
1754524235,6707027,8869,8907,8868,8871,8878,8891,8890
1754524237,6707027,8869,8907,8868,8871,8878,8891,8890
1754524238,6707028,8869,8907,8868,8872,8878,8892,8890
1754524239,6707028,8870,8907,8868,8872,8878,8892,8890
1754524240,6707028,8870,8907,8868,8872,8878,8892,8890
1754524241,6707028,8870,8908,8868,8872,8878,8892,8890
1754524244,6707028,8870,8908,8869,8872,8879,8892,8891
1754524245,6707028,8870,8908,8869,8872,8879,8893,8891
1754524246,6707029,8870,8908,8869,8872,8879,8893,8891
1754524247,6707029,8870,8908,8869,8873,8879,8893,8891
1754524249,6707029,8870,8908,8869,8873,8879,8893,8891
1754524250,6707029,8870,8908,8869,8873,8879,8893,8891
1754524251,6707029,8871,8908,8869,8873,8879,8893,8891
1754524252,6707029,8871,8908,8869,8873,8879,8893,8892
1754524253,6707029,8871,8908,8870,8873,8880,8893,8892
1754524254,6707030,8871,8908,8870,8873,8880,8894,8892
1754524256,6707030,8871,8908,8870,8873,8880,8894,8892
1754524257,6707030,8871,8908,8870,8873,8880,8894,8892
1754524258,6707030,8871,8908,8870,8873,8880,8894,8892
1754524259,6707030,8871,8908,8870,8873,8880,8894,8892
1754524260,6707030,8872,8908,8870,8873,8880,8894,8892
1754524261,6707030,8872,8909,8870,8873,8880,8894,8893
1754524263,6707030,8872,8909,8870,8873,8881,8895,8893
1754524264,6707031,8872,8909,8871,8873,8881,8895,8893
1754524265,6707031,8872,8909,8871,8874,8881,8895,8893
1754524266,6707031,8872,8909,8871,8874,8881,8895,8893
1754524267,6707031,8872,8909,8871,8874,8881,8895,8893
1754524268,6707031,8873,8909,8871,8874,8881,8895,8893
1754524270,6707031,8873,8910,8871,8874,8882,8896,8894
1754524271,6707032,8873,8910,8872,8875,8882,8896,8894
1754524272,6707032,8873,8911,8872,8876,8883,8896,8894
1754524273,6707032,8873,8911,8872,8876,8883,8897,8894
1754524274,6707032,8873,8911,8872,8876,8883,8897,8894
1754524275,6707032,8874,8911,8872,8876,8883,8897,8895
1754524277,6707032,8874,8911,8872,8876,8883,8897,8895
1754524278,6707033,8874,8911,8872,8876,8883,8897,8895
1754524279,6707033,8874,8911,8872,8877,8884,8898,8895
1754524280,6707033,8874,8911,8873,8878,8884,8898,8896
1754524281,6707033,8874,8911,8873,8878,8885,8899,8896
1754524283,6707034,8875,8912,8873,8879,8885,8899,8897
1754524284,6707035,8875,8912,8874,8880,8886,8900,8898
1754524285,6707035,8876,8912,8874,8881,8887,8901,8899
1754524286,6707035,8876,8912,8874,8881,8887,8901,8899
1754524287,6707035,8876,8913,8874,8881,8887,8902,8899
1754524288,6707036,8876,8913,8875,8881,8887,8902,8900
1754524290,6707036,8876,8913,8875,8881,8887,8902,8900
1754524291,6707036,8876,8913,8875,8882,8887,8902,8900
1754524292,6707036,8877,8913,8875,8882,8887,8902,8900
1754524293,6707036,8877,8914,8875,8882,8887,8902,8900
1754524294,6707036,8877,8914,8875,8882,8888,8902,8900
1754524295,6707036,8877,8914,8875,8882,8888,8902,8900
1754524297,6707037,8877,8914,8876,8882,8888,8903,8900
1754524298,6707037,8877,8914,8876,8882,8888,8903,8901
1754524299,6707037,8877,8914,8876,8882,8888,8903,8901
1754524300,6707037,8878,8914,8876,8883,8888,8903,8901
1754524301,6707037,8878,8914,8876,8883,8888,8903,8901
1754524302,6707037,8878,8914,8876,8883,8888,8903,8901
1754524304,6707037,8878,8915,8876,8883,8889,8903,8901
1754524305,6707037,8878,8915,8876,8883,8889,8903,8901
1754524306,6707038,8878,8915,8876,8883,8889,8904,8901
1754524307,6707038,8878,8915,8877,8883,8889,8904,8902
1754524308,6707038,8879,8915,8877,8884,8889,8904,8902
1754524309,6707038,8879,8915,8877,8884,8889,8904,8902
1754524310,6707038,8879,8915,8877,8884,8890,8904,8902
1754524312,6707038,8879,8915,8877,8884,8890,8904,8902
1754524313,6707039,8879,8916,8877,8884,8890,8905,8903
1754524314,6707039,8879,8916,8877,8884,8890,8905,8903
1754524315,6707039,8879,8916,8877,8885,8890,8905,8903
1754524316,6707039,8880,8916,8878,8885,8890,8905,8903
1754524317,6707039,8880,8916,8878,8885,8890,8905,8903
1754524319,6707039,8880,8916,8878,8885,8891,8905,8903
1754524320,6707039,8880,8916,8878,8885,8891,8906,8903
1754524321,6707039,8880,8916,8878,8885,8891,8906,8903
1754524322,6707039,8880,8916,8878,8886,8891,8906,8903
1754524323,6707039,8880,8917,8878,8886,8891,8906,8903
1754524324,6707039,8880,8917,8878,8886,8891,8906,8903
1754524327,6707039,8881,8917,8879,8886,8892,8906,8903
1754524329,6707040,8881,8917,8879,8886,8892,8906,8903
1754524330,6707040,8881,8917,8879,8886,8892,8906,8904
1754524331,6707040,8881,8917,8879,8887,8892,8906,8904
1754524332,6707040,8881,8917,8879,8887,8892,8906,8904
1754524334,6707040,8881,8918,8879,8887,8892,8906,8904
1754524335,6707040,8881,8918,8879,8887,8892,8906,8904
1754524336,6707040,8881,8918,8879,8887,8892,8907,8904
1754524337,6707040,8881,8918,8879,8887,8892,8907,8904
1754524338,6707041,8881,8918,8879,8887,8892,8907,8904
1754524339,6707041,8881,8918,8879,8888,8892,8907,8905
1754524341,6707041,8881,8918,8879,8888,8892,8907,8905
1754524342,6707041,8881,8918,8879,8888,8892,8907,8905
1754524343,6707041,8881,8919,8880,8888,8893,8907,8905
1754524344,6707041,8882,8919,8880,8888,8893,8907,8905
1754524345,6707041,8882,8919,8880,8888,8893,8908,8905
1754524346,6707041,8882,8919,8880,8888,8893,8908,8906
1754524347,6707042,8882,8919,8880,8889,8893,8908,8906
1754524349,6707042,8882,8919,8880,8889,8893,8908,8906
1754524350,6707042,8882,8919,8880,8889,8893,8908,8906
1754524351,6707042,8882,8919,8880,8889,8893,8908,8906
1754524352,6707042,8882,8920,8880,8889,8893,8908,8906
1754524353,6707042,8882,8920,8881,8889,8894,8909,8906
1754524354,6707042,8883,8920,8881,8889,8894,8909,8907
1754524356,6707042,8883,8920,8881,8890,8894,8909,8907
1754524357,6707043,8883,8920,8881,8890,8894,8909,8907
1754524358,6707043,8883,8920,8881,8890,8894,8909,8907
1754524359,6707043,8883,8920,8881,8890,8894,8909,8907
1754524360,6707043,8883,8921,8881,8890,8894,8910,8907
1754524361,6707043,8883,8921,8881,8890,8894,8910,8907
1754524364,6707043,8883,8921,8882,8890,8895,8910,8908
1754524365,6707044,8883,8921,8882,8891,8895,8910,8908
1754524366,6707044,8883,8921,8882,8891,8895,8910,8908
1754524367,6707044,8884,8921,8882,8891,8895,8910,8908
1754524368,6707044,8884,8921,8882,8891,8895,8910,8908
1754524370,6707044,8884,8921,8882,8891,8895,8910,8908
1754524371,6707044,8884,8921,8882,8891,8895,8910,8908
1754524372,6707044,8884,8922,8882,8891,8895,8911,8908
1754524373,6707045,8884,8922,8882,8891,8896,8911,8908
1754524374,6707045,8884,8922,8883,8891,8896,8911,8908
1754524375,6707045,8884,8922,8883,8891,8896,8911,8909
1754524377,6707045,8885,8922,8883,8891,8896,8911,8909
1754524378,6707045,8885,8922,8883,8891,8896,8911,8909
1754524379,6707045,8885,8922,8883,8891,8896,8911,8909
1754524380,6707045,8885,8923,8883,8891,8896,8911,8909
1754524382,6707045,8885,8923,8883,8892,8896,8912,8909
1754524383,6707046,8885,8923,8883,8892,8897,8912,8909
1754524384,6707046,8885,8923,8883,8892,8897,8912,8909
1754524385,6707046,8885,8923,8884,8892,8897,8912,8910
1754524386,6707046,8886,8923,8884,8892,8897,8912,8910
1754524387,6707046,8886,8923,8884,8892,8897,8912,8910
1754524389,6707046,8886,8923,8884,8892,8897,8912,8910
1754524390,6707046,8886,8923,8884,8893,8897,8912,8910
1754524391,6707046,8886,8923,8884,8893,8897,8912,8910
1754524392,6707047,8886,8923,8884,8893,8898,8913,8910
1754524393,6707047,8886,8923,8884,8893,8898,8913,8910
1754524394,6707047,8887,8923,8885,8893,8898,8913,8911
1754524396,6707047,8887,8923,8885,8893,8898,8913,8911
1754524397,6707047,8887,8923,8885,8893,8898,8913,8911
1754524398,6707047,8887,8923,8885,8893,8898,8913,8911
1754524399,6707047,8887,8924,8885,8893,8898,8913,8911
1754524400,6707048,8887,8924,8885,8894,8899,8914,8912
1754524401,6707049,8887,8924,8885,8895,8900,8915,8913
1754524402,6707051,8888,8924,8886,8897,8900,8915,8914
1754524404,6707051,8888,8924,8886,8897,8901,8915,8914
1754524405,6707051,8888,8924,8886,8897,8901,8915,8914
1754524406,6707051,8888,8924,8886,8897,8901,8916,8914
1754524407,6707051,8888,8924,8886,8898,8901,8916,8914
1754524408,6707051,8888,8925,8886,8898,8901,8916,8914
1754524409,6707051,8888,8925,8886,8898,8902,8916,8914
1754524411,6707052,8889,8925,8886,8898,8902,8916,8915
1754524412,6707052,8889,8925,8887,8898,8902,8916,8915
1754524413,6707052,8889,8925,8887,8898,8902,8916,8915
1754524414,6707052,8889,8925,8887,8898,8902,8916,8915
1754524415,6707052,8889,8925,8887,8898,8902,8916,8915
1754524416,6707052,8889,8925,8887,8899,8902,8916,8915
1754524418,6707053,8890,8926,8887,8899,8903,8917,8916
1754524421,6707053,8890,8926,8887,8899,8903,8917,8916
1754524422,6707053,8890,8926,8888,8899,8903,8917,8916
1754524423,6707053,8890,8926,8888,8899,8903,8917,8916
1754524424,6707053,8890,8926,8888,8899,8903,8917,8916
1754524426,6707053,8890,8926,8888,8899,8903,8917,8916
1754524427,6707053,8890,8926,8888,8900,8903,8917,8916
1754524428,6707054,8891,8927,8888,8900,8904,8917,8916
1754524429,6707054,8891,8927,8888,8900,8904,8917,8917
1754524430,6707054,8891,8927,8889,8900,8904,8918,8917
1754524431,6707054,8891,8927,8889,8900,8904,8918,8917
1754524432,6707054,8891,8927,8889,8900,8904,8918,8917
1754524434,6707054,8891,8927,8889,8900,8904,8918,8917
1754524435,6707054,8891,8927,8889,8901,8904,8918,8917
1754524436,6707054,8892,8928,8889,8901,8905,8918,8917
1754524437,6707054,8892,8928,8889,8901,8905,8918,8917
1754524438,6707054,8892,8928,8889,8901,8905,8918,8918
1754524439,6707054,8892,8928,8890,8901,8905,8918,8918
1754524441,6707054,8892,8928,8890,8901,8905,8919,8918
1754524442,6707054,8892,8928,8890,8902,8905,8919,8918
1754524443,6707055,8892,8928,8890,8902,8905,8919,8918
1754524444,6707055,8892,8928,8890,8902,8905,8919,8918
1754524445,6707055,8893,8929,8890,8902,8906,8919,8918
1754524446,6707055,8893,8929,8890,8902,8906,8919,8918
1754524448,6707055,8893,8929,8891,8902,8906,8919,8918
1754524450,6707055,8893,8929,8891,8902,8906,8919,8918
1754524451,6707055,8893,8929,8891,8903,8906,8920,8918
1754524453,6707055,8893,8929,8891,8903,8906,8920,8918
1754524454,6707056,8893,8929,8891,8903,8906,8920,8918
1754524455,6707056,8894,8930,8891,8903,8907,8920,8919
1754524456,6707056,8894,8930,8891,8903,8907,8920,8919
1754524457,6707056,8894,8930,8891,8903,8907,8920,8919
1754524458,6707056,8894,8930,8891,8903,8907,8920,8919
1754524460,6707056,8894,8930,8891,8904,8907,8920,8919
1754524461,6707056,8894,8930,8891,8904,8907,8920,8919
1754524462,6707056,8894,8930,8891,8904,8907,8921,8919
1754524463,6707056,8894,8930,8891,8904,8907,8921,8919
1754524464,6707057,8894,8931,8891,8904,8907,8921,8920
1754524465,6707057,8894,8931,8891,8904,8907,8921,8920
1754524467,6707057,8894,8931,8892,8904,8907,8921,8920
1754524468,6707057,8894,8931,8892,8904,8907,8921,8920
1754524469,6707057,8894,8931,8892,8905,8907,8921,8920
1754524470,6707057,8894,8931,8892,8905,8907,8921,8920
1754524471,6707057,8894,8931,8892,8905,8907,8921,8920
1754524472,6707057,8895,8932,8892,8905,8908,8921,8920
1754524474,6707058,8895,8932,8892,8905,8908,8921,8920
1754524475,6707058,8895,8932,8892,8905,8908,8921,8921
1754524476,6707058,8895,8932,8892,8905,8908,8921,8921
1754524477,6707058,8895,8932,8893,8906,8908,8921,8921
1754524478,6707058,8895,8932,8893,8906,8908,8921,8921
1754524479,6707058,8895,8933,8893,8906,8908,8921,8921
1754524480,6707058,8895,8933,8893,8906,8908,8921,8921
1754524482,6707059,8896,8933,8893,8906,8909,8922,8921
1754524483,6707059,8896,8933,8893,8906,8909,8922,8922
1754524484,6707059,8896,8933,8893,8906,8909,8922,8922
1754524485,6707059,8896,8933,8893,8906,8909,8922,8922
1754524486,6707059,8896,8933,8894,8906,8909,8922,8922
1754524487,6707059,8896,8934,8894,8906,8909,8922,8922
1754524489,6707059,8896,8934,8894,8906,8909,8922,8922
1754524490,6707060,8896,8934,8894,8906,8909,8922,8922
1754524491,6707060,8896,8934,8894,8906,8910,8922,8923
1754524492,6707060,8897,8934,8894,8907,8910,8923,8923
1754524495,6707060,8897,8934,8894,8907,8910,8923,8923
1754524496,6707060,8897,8934,8895,8907,8910,8923,8923
1754524497,6707060,8897,8935,8895,8907,8910,8923,8923
1754524498,6707060,8897,8935,8895,8907,8910,8923,8923
1754524500,6707061,8897,8935,8895,8907,8910,8923,8923
1754524501,6707061,8897,8935,8895,8907,8910,8923,8924
1754524502,6707061,8898,8935,8895,8907,8911,8923,8924
1754524503,6707061,8898,8935,8895,8908,8911,8924,8924
1754524504,6707061,8898,8935,8895,8908,8911,8924,8924
1754524505,6707061,8898,8935,8896,8908,8911,8924,8924
1754524507,6707061,8898,8935,8896,8908,8911,8924,8924
1754524508,6707061,8898,8935,8896,8908,8911,8924,8924
1754524509,6707061,8898,8935,8896,8908,8911,8924,8925
1754524510,6707062,8898,8935,8896,8908,8911,8924,8925
1754524511,6707062,8899,8935,8896,8908,8912,8924,8925
1754524512,6707062,8899,8935,8896,8908,8912,8925,8925
1754524514,6707062,8899,8936,8896,8909,8912,8925,8925
1754524515,6707062,8899,8936,8897,8909,8912,8925,8925
1754524516,6707062,8899,8936,8897,8909,8912,8925,8925
1754524517,6707062,8899,8936,8897,8909,8912,8925,8925
1754524518,6707063,8899,8936,8897,8909,8912,8925,8926
1754524519,6707063,8899,8936,8897,8909,8912,8925,8926
1754524521,6707063,8900,8936,8897,8909,8913,8926,8926
1754524522,6707063,8900,8936,8897,8910,8913,8926,8926
1754524523,6707063,8900,8936,8897,8910,8913,8926,8926
1754524524,6707063,8900,8937,8898,8910,8913,8926,8926
1754524525,6707063,8900,8937,8898,8910,8913,8926,8926
1754524526,6707063,8900,8937,8898,8910,8913,8926,8926
1754524528,6707064,8900,8937,8898,8910,8914,8926,8927
1754524530,6707064,8901,8937,8898,8910,8914,8927,8927
1754524531,6707064,8901,8937,8898,8911,8914,8927,8927
1754524532,6707064,8901,8937,8898,8911,8914,8927,8927
1754524533,6707064,8901,8937,8899,8911,8914,8927,8927
1754524535,6707064,8901,8937,8899,8911,8914,8927,8927
1754524536,6707064,8901,8938,8899,8911,8914,8927,8927
1754524537,6707064,8901,8938,8899,8911,8915,8927,8927
1754524538,6707064,8902,8938,8899,8911,8915,8928,8928
1754524539,6707065,8902,8938,8899,8911,8915,8928,8928
1754524541,6707065,8902,8938,8899,8911,8915,8928,8928
1754524542,6707065,8902,8938,8899,8912,8915,8928,8928
1754524543,6707065,8902,8938,8900,8912,8915,8928,8928
1754524544,6707065,8902,8939,8900,8912,8915,8928,8928
1754524545,6707065,8902,8939,8900,8912,8915,8928,8928
1754524546,6707065,8902,8939,8900,8912,8916,8928,8928
1754524548,6707065,8903,8939,8900,8912,8916,8929,8929
1754524549,6707066,8903,8939,8900,8912,8916,8929,8929
1754524550,6707066,8903,8939,8900,8912,8916,8929,8929
1754524551,6707066,8903,8939,8900,8912,8916,8929,8929
1754524552,6707066,8903,8940,8901,8912,8916,8929,8929
1754524553,6707066,8903,8940,8901,8912,8916,8929,8929
1754524555,6707066,8903,8940,8901,8912,8916,8929,8929
1754524556,6707066,8903,8940,8901,8912,8917,8929,8929
1754524557,6707066,8904,8940,8901,8912,8917,8930,8929
1754524558,6707066,8904,8940,8901,8912,8917,8930,8929
1754524559,6707066,8904,8940,8901,8912,8917,8930,8930
1754524560,6707066,8904,8940,8901,8912,8917,8930,8930
1754524562,6707066,8904,8940,8901,8912,8917,8930,8930
1754524563,6707066,8904,8941,8901,8912,8917,8930,8930
1754524564,6707066,8904,8941,8901,8912,8917,8930,8930
1754524565,6707066,8904,8941,8901,8912,8918,8930,8930
1754524566,6707067,8904,8941,8901,8913,8918,8930,8930
1754524567,6707067,8904,8941,8901,8913,8918,8931,8930
1754524568,6707067,8904,8941,8901,8913,8918,8931,8930
1754524570,6707067,8904,8941,8902,8913,8918,8931,8930
1754524571,6707067,8904,8941,8902,8913,8918,8931,8930
1754524572,6707067,8904,8941,8902,8913,8918,8931,8930
1754524573,6707067,8905,8942,8902,8913,8918,8931,8930
1754524576,6707067,8905,8942,8902,8913,8918,8931,8930
1754524577,6707068,8905,8942,8902,8913,8918,8932,8930
1754524578,6707068,8905,8942,8902,8913,8918,8932,8931
1754524580,6707068,8905,8942,8903,8913,8918,8932,8931
1754524581,6707068,8905,8942,8903,8913,8918,8932,8931
1754524582,6707068,8905,8942,8903,8913,8918,8932,8931
1754524583,6707068,8906,8942,8903,8913,8919,8932,8931
1754524584,6707068,8906,8943,8903,8913,8919,8932,8931
1754524585,6707068,8906,8943,8903,8913,8919,8933,8931
1754524587,6707069,8906,8943,8903,8913,8919,8933,8932
1754524588,6707069,8906,8943,8903,8913,8919,8933,8932
1754524589,6707069,8906,8943,8904,8913,8919,8933,8932
1754524590,6707069,8906,8943,8904,8913,8919,8933,8932
1754524591,6707069,8906,8943,8904,8914,8919,8933,8932
1754524592,6707069,8906,8943,8904,8914,8919,8933,8932
1754524594,6707069,8907,8943,8904,8914,8920,8933,8932
1754524595,6707069,8907,8943,8904,8914,8920,8933,8932
1754524596,6707070,8907,8944,8904,8914,8920,8933,8932
1754524597,6707070,8907,8944,8904,8914,8920,8933,8933
1754524598,6707070,8907,8944,8904,8914,8920,8933,8933
1754524599,6707070,8907,8944,8905,8914,8920,8933,8933
1754524600,6707070,8907,8944,8905,8914,8920,8933,8933
1754524602,6707070,8907,8944,8905,8914,8920,8933,8933
1754524603,6707070,8908,8944,8905,8914,8921,8934,8933
1754524604,6707070,8908,8944,8905,8914,8921,8934,8933
1754524605,6707070,8908,8944,8905,8914,8921,8934,8933
1754524606,6707071,8908,8945,8905,8914,8921,8934,8934
1754524609,6707071,8908,8945,8906,8914,8921,8934,8934
1754524610,6707071,8908,8945,8906,8914,8921,8934,8934
1754524611,6707071,8908,8945,8906,8914,8922,8934,8934
1754524612,6707071,8909,8945,8906,8914,8922,8935,8934
1754524614,6707071,8909,8945,8906,8914,8922,8935,8934
1754524615,6707071,8909,8945,8906,8915,8922,8935,8934
1754524616,6707072,8909,8946,8906,8915,8922,8935,8935
1754524617,6707072,8909,8946,8907,8915,8922,8935,8935
1754524618,6707072,8909,8946,8907,8915,8922,8935,8935
1754524619,6707072,8909,8946,8907,8915,8922,8935,8935
1754524621,6707072,8909,8946,8907,8915,8923,8935,8935
1754524622,6707072,8909,8946,8907,8915,8923,8935,8935
1754524623,6707072,8909,8946,8907,8915,8923,8935,8935
1754524624,6707072,8909,8946,8907,8915,8923,8936,8935
1754524625,6707073,8909,8947,8907,8915,8923,8936,8936
1754524626,6707073,8909,8947,8908,8915,8923,8936,8936
1754524628,6707073,8909,8947,8908,8915,8923,8936,8936
1754524629,6707073,8909,8947,8908,8915,8923,8936,8936
1754524630,6707073,8909,8947,8908,8915,8924,8936,8936
1754524631,6707073,8910,8947,8908,8915,8924,8937,8936
1754524632,6707073,8910,8947,8908,8915,8924,8937,8936
1754524633,6707073,8910,8947,8908,8915,8924,8937,8937
1754524635,6707074,8910,8947,8908,8915,8924,8937,8937
1754524636,6707074,8910,8947,8909,8915,8924,8937,8937
1754524637,6707074,8910,8947,8909,8915,8924,8937,8937
1754524638,6707074,8910,8947,8909,8915,8924,8937,8937
1754524639,6707074,8910,8947,8909,8915,8925,8937,8937
1754524640,6707074,8910,8947,8909,8915,8925,8937,8937
1754524642,6707074,8910,8948,8909,8915,8925,8937,8937
1754524643,6707074,8910,8948,8909,8915,8925,8938,8938
1754524644,6707075,8910,8948,8909,8916,8925,8938,8938
1754524645,6707075,8910,8948,8910,8916,8925,8938,8938
1754524646,6707075,8910,8948,8910,8916,8925,8938,8938
1754524647,6707075,8910,8948,8910,8916,8925,8938,8938
1754524648,6707075,8910,8948,8910,8916,8926,8938,8938
1754524650,6707075,8910,8948,8910,8916,8926,8939,8938
1754524651,6707075,8910,8948,8910,8916,8926,8939,8938
1754524652,6707075,8910,8949,8910,8916,8926,8939,8939
1754524653,6707076,8910,8949,8910,8916,8926,8939,8939
1754524656,6707076,8911,8949,8911,8916,8926,8939,8939
1754524657,6707076,8911,8949,8911,8916,8926,8939,8939
1754524659,6707076,8911,8949,8911,8916,8927,8939,8939
1754524660,6707076,8911,8949,8911,8916,8927,8939,8939
1754524661,6707076,8911,8949,8911,8916,8927,8940,8939
1754524662,6707076,8911,8949,8911,8916,8927,8940,8940
1754524663,6707076,8911,8949,8911,8916,8927,8940,8940
1754524664,6707076,8911,8950,8911,8916,8927,8940,8940
1754524665,6707076,8911,8950,8911,8917,8927,8940,8940
1754524667,6707076,8911,8950,8911,8917,8927,8940,8940
1754524668,6707076,8911,8950,8911,8917,8928,8940,8940
1754524669,6707077,8911,8950,8911,8917,8928,8941,8940
1754524670,6707077,8911,8950,8911,8917,8928,8941,8941
1754524671,6707077,8911,8950,8911,8917,8928,8941,8941
1754524672,6707077,8911,8950,8912,8917,8928,8941,8941
1754524674,6707077,8911,8951,8912,8917,8928,8941,8941
1754524675,6707077,8912,8951,8912,8917,8928,8941,8941
1754524676,6707077,8912,8951,8912,8917,8929,8941,8941
1754524677,6707077,8912,8951,8912,8917,8929,8942,8941
1754524678,6707077,8912,8951,8912,8917,8929,8942,8942
1754524679,6707077,8912,8951,8912,8917,8929,8942,8942
1754524681,6707078,8912,8951,8912,8917,8929,8942,8942
1754524682,6707078,8912,8952,8912,8917,8929,8942,8942
1754524683,6707078,8912,8952,8913,8917,8929,8942,8942
1754524686,6707078,8912,8952,8913,8917,8929,8943,8942
1754524687,6707078,8912,8952,8913,8917,8929,8943,8942
1754524688,6707078,8912,8952,8913,8917,8929,8943,8942
1754524689,6707078,8912,8952,8913,8917,8929,8943,8942
1754524690,6707079,8912,8952,8913,8917,8929,8943,8942
1754524691,6707079,8912,8953,8913,8917,8929,8943,8943
1754524693,6707079,8912,8953,8913,8917,8930,8943,8943
1754524694,6707079,8912,8953,8914,8917,8930,8944,8943
1754524695,6707079,8912,8953,8914,8917,8930,8944,8943
1754524696,6707079,8912,8953,8914,8917,8930,8944,8943
1754524698,6707079,8913,8953,8914,8917,8930,8944,8943
1754524699,6707079,8913,8953,8914,8917,8930,8944,8943
1754524700,6707080,8913,8954,8914,8917,8930,8944,8943
1754524701,6707080,8913,8954,8914,8917,8930,8944,8943
1754524702,6707080,8913,8954,8914,8917,8931,8945,8943
1754524703,6707080,8913,8954,8915,8917,8931,8945,8943
1754524705,6707080,8913,8954,8915,8917,8931,8945,8943
1754524706,6707080,8913,8954,8915,8917,8931,8945,8943
1754524707,6707080,8913,8954,8915,8917,8931,8945,8944
1754524708,6707081,8913,8954,8915,8917,8931,8945,8944
1754524709,6707081,8913,8955,8915,8917,8931,8945,8944
1754524710,6707081,8913,8955,8915,8918,8931,8945,8944
1754524712,6707081,8913,8955,8915,8918,8932,8945,8944
1754524713,6707081,8913,8955,8915,8918,8932,8946,8944
1754524714,6707081,8913,8955,8916,8918,8932,8946,8944
1754524715,6707081,8913,8955,8916,8918,8932,8946,8944
1754524716,6707081,8913,8955,8916,8918,8932,8946,8944
1754524717,6707082,8913,8955,8916,8918,8932,8946,8945
1754524718,6707082,8913,8955,8916,8918,8932,8946,8945
1754524720,6707082,8913,8956,8916,8918,8932,8946,8945
1754524721,6707082,8913,8956,8916,8918,8933,8947,8945
1754524722,6707082,8913,8956,8916,8918,8933,8947,8945
1754524723,6707082,8914,8956,8917,8918,8933,8947,8945
1754524724,6707082,8914,8956,8917,8918,8933,8947,8945
1754524725,6707082,8914,8956,8917,8918,8933,8947,8945
1754524727,6707083,8914,8956,8917,8918,8933,8947,8946
1754524728,6707083,8914,8956,8917,8918,8933,8947,8946
1754524729,6707083,8914,8956,8917,8918,8933,8948,8946
1754524730,6707083,8914,8957,8917,8918,8933,8948,8946
1754524731,6707083,8914,8957,8917,8918,8934,8948,8946
1754524733,6707083,8914,8957,8918,8919,8934,8948,8946
1754524734,6707083,8914,8957,8918,8919,8934,8948,8946
1754524736,6707083,8914,8957,8918,8919,8934,8948,8946
1754524737,6707084,8914,8957,8918,8919,8934,8948,8947
1754524738,6707084,8914,8957,8918,8919,8934,8948,8947
1754524739,6707084,8914,8957,8918,8919,8934,8948,8947
1754524740,6707084,8914,8958,8918,8919,8935,8948,8947
1754524741,6707084,8915,8958,8918,8919,8935,8948,8947
1754524743,6707084,8915,8958,8919,8919,8935,8948,8947
1754524744,6707084,8915,8958,8919,8919,8935,8948,8947
1754524745,6707084,8915,8958,8919,8919,8935,8948,8948
1754524746,6707085,8915,8958,8919,8919,8935,8948,8948
1754524747,6707085,8915,8958,8919,8919,8935,8949,8948
1754524748,6707085,8915,8958,8919,8919,8936,8949,8948
1754524750,6707085,8915,8959,8919,8919,8936,8949,8948
1754524751,6707085,8915,8959,8919,8919,8936,8949,8948
1754524752,6707085,8915,8959,8920,8919,8936,8949,8948
1754524753,6707085,8915,8959,8920,8919,8936,8949,8948
1754524754,6707085,8915,8959,8920,8919,8936,8950,8949
1754524755,6707086,8915,8959,8920,8919,8936,8950,8949
1754524757,6707086,8915,8959,8920,8919,8936,8950,8949
1754524758,6707086,8915,8959,8920,8920,8937,8950,8949
1754524759,6707086,8915,8959,8920,8920,8937,8950,8949
1754524760,6707086,8915,8959,8920,8920,8937,8950,8949
1754524761,6707086,8915,8959,8921,8920,8937,8950,8949
1754524762,6707086,8915,8959,8921,8920,8937,8950,8949
1754524763,6707086,8915,8959,8921,8920,8937,8950,8950
1754524765,6707087,8915,8960,8921,8920,8937,8951,8950
1754524766,6707087,8915,8960,8921,8920,8937,8951,8950
1754524767,6707087,8915,8960,8921,8920,8938,8951,8950
1754524768,6707087,8915,8960,8921,8920,8938,8951,8950
1754524770,6707087,8915,8960,8921,8920,8938,8951,8950
1754524772,6707087,8915,8960,8921,8920,8938,8951,8950
1754524773,6707087,8915,8960,8921,8920,8938,8951,8950
1754524774,6707088,8915,8960,8921,8920,8938,8951,8951
1754524775,6707088,8915,8961,8921,8920,8938,8952,8951
1754524776,6707088,8915,8961,8921,8920,8939,8952,8951
1754524777,6707088,8915,8961,8922,8920,8939,8952,8951
1754524779,6707088,8915,8961,8922,8921,8939,8952,8951
1754524780,6707088,8915,8961,8922,8921,8939,8952,8951
1754524781,6707088,8915,8961,8922,8921,8939,8952,8951
1754524782,6707088,8916,8961,8922,8921,8939,8952,8952
1754524783,6707088,8916,8961,8922,8921,8939,8952,8952
1754524784,6707088,8916,8961,8922,8921,8939,8952,8952
1754524786,6707088,8916,8962,8922,8921,8940,8952,8952
1754524787,6707088,8916,8962,8922,8921,8940,8953,8952
1754524788,6707088,8916,8962,8923,8921,8940,8953,8952
1754524789,6707088,8916,8962,8923,8921,8940,8953,8952
1754524790,6707088,8916,8962,8923,8921,8940,8953,8952
1754524791,6707089,8916,8962,8923,8921,8940,8953,8953
1754524793,6707089,8916,8962,8923,8921,8940,8953,8953
1754524794,6707089,8916,8962,8923,8921,8940,8953,8953
1754524795,6707089,8916,8963,8923,8921,8940,8953,8953
1754524796,6707089,8916,8963,8923,8921,8940,8954,8953
1754524797,6707089,8916,8963,8923,8921,8940,8954,8953
1754524798,6707089,8916,8963,8923,8921,8941,8954,8953
1754524800,6707090,8917,8963,8924,8922,8942,8954,8954
1754524801,6707090,8917,8964,8924,8923,8944,8954,8955
1754524802,6707091,8917,8964,8924,8923,8944,8954,8955
1754524803,6707091,8917,8964,8924,8923,8944,8954,8955
1754524804,6707091,8917,8964,8924,8923,8944,8954,8955
1754524805,6707091,8917,8965,8924,8923,8944,8955,8955
1754524807,6707091,8917,8965,8924,8923,8944,8955,8956
1754524808,6707091,8917,8965,8925,8923,8944,8955,8956
1754524809,6707091,8917,8965,8925,8923,8944,8955,8956
1754524810,6707091,8917,8965,8925,8923,8944,8955,8956
1754524811,6707091,8917,8966,8925,8923,8945,8955,8956
1754524812,6707092,8917,8966,8925,8923,8945,8955,8956
1754524813,6707092,8917,8966,8925,8923,8945,8955,8956
1754524815,6707092,8917,8966,8925,8923,8945,8955,8956
1754524816,6707092,8917,8966,8925,8923,8945,8955,8956
1754524817,6707092,8917,8966,8925,8924,8945,8956,8956
1754524818,6707092,8917,8966,8926,8924,8945,8956,8956
1754524819,6707092,8917,8967,8926,8924,8945,8956,8956
1754524820,6707092,8917,8967,8926,8924,8946,8956,8956
1754524822,6707093,8918,8967,8926,8924,8946,8956,8956
1754524823,6707093,8918,8967,8926,8924,8946,8956,8956
1754524824,6707093,8918,8967,8926,8924,8946,8957,8957
1754524825,6707093,8918,8967,8926,8924,8946,8957,8957
1754524826,6707093,8918,8967,8926,8924,8946,8957,8957
1754524827,6707093,8918,8967,8927,8924,8946,8957,8957
1754524829,6707094,8918,8968,8927,8924,8946,8957,8957
1754524831,6707094,8918,8968,8927,8924,8947,8957,8957
1754524832,6707094,8918,8968,8927,8924,8947,8958,8957
1754524834,6707094,8918,8968,8927,8924,8947,8958,8958
1754524835,6707094,8918,8968,8927,8924,8947,8958,8958
1754524836,6707094,8918,8968,8927,8924,8947,8958,8958
1754524837,6707094,8918,8968,8927,8924,8947,8958,8958
1754524838,6707095,8918,8968,8928,8924,8947,8958,8958
1754524839,6707095,8918,8969,8928,8924,8947,8959,8958
1754524841,6707095,8919,8969,8928,8924,8947,8959,8958
1754524842,6707095,8919,8969,8928,8925,8948,8959,8958
1754524843,6707095,8919,8969,8928,8925,8948,8959,8958
1754524844,6707095,8919,8969,8928,8925,8948,8959,8959
1754524845,6707095,8919,8969,8928,8925,8948,8959,8959
1754524846,6707095,8919,8969,8928,8925,8948,8959,8959
1754524848,6707096,8919,8969,8929,8925,8948,8959,8959
1754524849,6707096,8919,8969,8929,8925,8948,8960,8959
1754524850,6707096,8919,8970,8929,8925,8948,8960,8959
1754524851,6707096,8919,8970,8929,8925,8949,8960,8959
1754524852,6707096,8919,8970,8929,8925,8949,8960,8959
1754524853,6707096,8919,8970,8929,8925,8949,8960,8960
1754524855,6707096,8919,8970,8929,8925,8949,8960,8960
1754524856,6707096,8919,8970,8930,8925,8949,8960,8960
1754524857,6707097,8919,8970,8930,8925,8949,8960,8960
1754524858,6707097,8919,8970,8930,8925,8949,8960,8960
1754524859,6707097,8919,8971,8930,8925,8950,8961,8960
1754524860,6707097,8919,8971,8930,8925,8950,8961,8960
1754524862,6707097,8920,8971,8930,8925,8950,8961,8961
1754524864,6707097,8920,8971,8930,8925,8950,8961,8961
1754524865,6707097,8920,8971,8931,8925,8950,8961,8961
1754524866,6707098,8920,8971,8931,8925,8950,8961,8961
1754524868,6707098,8920,8971,8931,8925,8951,8961,8961
1754524869,6707098,8920,8971,8931,8925,8951,8961,8961
1754524870,6707098,8920,8972,8931,8926,8951,8961,8961
1754524871,6707098,8920,8972,8931,8926,8951,8962,8961
1754524872,6707098,8920,8972,8931,8926,8951,8962,8962
1754524873,6707098,8920,8972,8931,8926,8951,8962,8962
1754524875,6707098,8921,8972,8931,8926,8951,8962,8962
1754524876,6707099,8921,8972,8931,8926,8951,8962,8962
1754524877,6707099,8921,8972,8932,8926,8952,8962,8962
1754524878,6707099,8921,8972,8932,8926,8952,8962,8962
1754524880,6707099,8921,8973,8932,8926,8952,8962,8962
1754524881,6707099,8921,8973,8932,8926,8952,8962,8962
1754524882,6707099,8921,8973,8932,8926,8952,8962,8962
1754524883,6707099,8921,8973,8932,8926,8952,8962,8963
1754524884,6707100,8921,8973,8932,8926,8952,8962,8963
1754524885,6707100,8921,8973,8932,8926,8952,8962,8963
1754524887,6707100,8921,8973,8932,8926,8953,8962,8963
1754524888,6707100,8921,8973,8932,8926,8953,8962,8963
1754524889,6707100,8921,8973,8932,8926,8953,8962,8963
1754524890,6707100,8921,8973,8932,8927,8953,8962,8963
1754524891,6707100,8921,8973,8932,8927,8953,8962,8963
1754524892,6707101,8921,8973,8933,8927,8953,8962,8963
1754524894,6707101,8921,8973,8933,8927,8953,8962,8964
1754524895,6707101,8921,8973,8933,8927,8953,8963,8964
1754524896,6707101,8921,8973,8933,8927,8954,8963,8964
1754524897,6707101,8922,8973,8933,8927,8954,8963,8964
1754524898,6707101,8922,8974,8933,8927,8954,8963,8964
1754524899,6707101,8922,8974,8933,8927,8954,8963,8964
1754524901,6707101,8922,8974,8933,8927,8954,8963,8964
1754524902,6707101,8922,8974,8933,8927,8954,8963,8964
1754524903,6707102,8922,8974,8934,8927,8954,8963,8965
1754524904,6707102,8922,8974,8934,8927,8954,8963,8965
1754524905,6707102,8922,8974,8934,8927,8954,8963,8965
1754524906,6707102,8922,8974,8934,8927,8954,8963,8965
1754524908,6707102,8922,8974,8934,8927,8954,8963,8965
1754524909,6707102,8922,8975,8934,8927,8954,8963,8965
1754524910,6707102,8922,8975,8934,8928,8954,8963,8965
1754524912,6707103,8922,8975,8935,8928,8954,8963,8965
1754524914,6707103,8922,8975,8935,8928,8955,8963,8966
1754524915,6707103,8922,8975,8935,8928,8955,8963,8966
1754524916,6707103,8923,8975,8935,8928,8955,8963,8966
1754524917,6707103,8923,8975,8935,8928,8955,8963,8966
1754524918,6707103,8923,8976,8935,8928,8955,8963,8966
1754524919,6707103,8923,8976,8935,8928,8955,8963,8966
1754524921,6707103,8923,8976,8935,8928,8955,8964,8966
1754524922,6707103,8923,8976,8935,8928,8955,8964,8966
1754524923,6707103,8923,8976,8936,8928,8955,8964,8966
1754524924,6707103,8923,8976,8936,8928,8955,8964,8967
1754524925,6707103,8923,8976,8936,8928,8955,8964,8967
1754524926,6707103,8923,8976,8936,8928,8955,8964,8967
1754524928,6707103,8923,8976,8936,8928,8955,8964,8967
1754524929,6707103,8923,8977,8936,8928,8955,8964,8967
1754524930,6707103,8923,8977,8936,8928,8955,8964,8967
1754524931,6707104,8923,8977,8936,8928,8956,8964,8968
1754524932,6707104,8923,8977,8937,8928,8956,8964,8968
1754524933,6707104,8923,8977,8937,8929,8956,8964,8968
1754524935,6707104,8923,8977,8937,8929,8956,8964,8968
1754524936,6707104,8923,8977,8937,8929,8956,8964,8968
1754524937,6707104,8923,8978,8937,8929,8956,8964,8968
1754524938,6707104,8923,8978,8937,8929,8956,8964,8968
1754524939,6707104,8924,8978,8937,8929,8956,8964,8968
1754524940,6707105,8924,8978,8937,8929,8956,8964,8968
1754524943,6707105,8924,8978,8938,8929,8956,8964,8968
1754524944,6707105,8924,8978,8938,8929,8957,8964,8968
1754524945,6707105,8924,8978,8938,8929,8957,8965,8968
1754524946,6707105,8924,8979,8938,8929,8957,8965,8969
1754524948,6707105,8924,8979,8938,8929,8957,8965,8969
1754524949,6707105,8924,8979,8938,8929,8957,8965,8969
1754524950,6707105,8924,8979,8938,8929,8957,8965,8969
1754524951,6707106,8924,8979,8938,8929,8957,8965,8969
1754524952,6707106,8924,8979,8939,8929,8957,8965,8969
1754524953,6707106,8924,8979,8939,8929,8957,8965,8969
1754524955,6707106,8924,8979,8939,8929,8957,8965,8969
1754524956,6707106,8924,8979,8939,8929,8957,8965,8969
1754524957,6707106,8924,8980,8939,8929,8957,8965,8969
1754524958,6707106,8925,8980,8939,8930,8957,8965,8969
1754524959,6707106,8925,8980,8939,8930,8957,8965,8970
1754524960,6707106,8925,8980,8939,8930,8957,8965,8970
1754524962,6707107,8925,8980,8940,8930,8958,8965,8970
1754524963,6707107,8925,8980,8940,8930,8958,8965,8970
1754524964,6707107,8925,8980,8940,8930,8958,8965,8970
1754524965,6707107,8925,8980,8940,8930,8958,8965,8970
1754524966,6707107,8925,8980,8940,8930,8958,8965,8970
1754524967,6707107,8925,8981,8940,8930,8958,8966,8970
1754524969,6707107,8925,8981,8940,8930,8958,8966,8970
1754524970,6707107,8925,8981,8940,8930,8958,8966,8971
1754524971,6707108,8925,8981,8940,8930,8958,8966,8971
1754524972,6707108,8925,8981,8941,8930,8958,8966,8971
1754524973,6707108,8925,8981,8941,8930,8958,8966,8971
1754524974,6707108,8925,8981,8941,8930,8958,8966,8971
1754524976,6707108,8925,8981,8941,8930,8958,8966,8971
1754524977,6707108,8925,8981,8941,8930,8958,8966,8971
1754524978,6707108,8925,8982,8941,8930,8958,8966,8971
1754524979,6707108,8926,8982,8941,8930,8959,8966,8972
1754524981,6707108,8926,8982,8941,8930,8959,8966,8972
1754524982,6707109,8926,8982,8942,8930,8959,8966,8972
1754524984,6707109,8926,8982,8942,8930,8959,8966,8972
1754524985,6707109,8926,8982,8942,8930,8959,8966,8972
1754524986,6707109,8926,8982,8942,8930,8959,8966,8972
1754524988,6707109,8926,8983,8942,8930,8959,8967,8972
1754524989,6707109,8926,8983,8942,8930,8959,8967,8973
1754524990,6707109,8926,8983,8942,8930,8959,8967,8973
1754524991,6707110,8926,8983,8942,8930,8959,8967,8973
1754524992,6707110,8926,8983,8942,8930,8960,8967,8973
1754524993,6707110,8926,8983,8942,8930,8960,8967,8973
1754524995,6707110,8926,8983,8942,8930,8960,8967,8973
1754524996,6707110,8926,8983,8942,8930,8960,8967,8973
1754524997,6707110,8926,8983,8942,8930,8960,8967,8973
1754524998,6707110,8926,8983,8942,8930,8960,8967,8973
1754524999,6707110,8926,8983,8942,8930,8960,8967,8974
1754525000,6707110,8926,8983,8942,8930,8960,8967,8974
1754525002,6707110,8926,8983,8943,8930,8960,8967,8974
1754525003,6707111,8926,8983,8943,8930,8960,8967,8974
1754525004,6707111,8926,8983,8943,8930,8960,8967,8974
1754525005,6707111,8926,8983,8943,8930,8960,8967,8974
1754525006,6707111,8926,8983,8943,8930,8960,8967,8974
1754525007,6707111,8926,8983,8943,8930,8960,8967,8974
1754525008,6707111,8926,8984,8943,8930,8960,8967,8974
1754525010,6707111,8926,8984,8943,8930,8960,8967,8975
1754525011,6707112,8926,8984,8943,8931,8961,8968,8975
1754525013,6707112,8926,8984,8944,8931,8961,8968,8975
1754525014,6707112,8927,8984,8944,8931,8961,8968,8975
1754525016,6707112,8927,8984,8944,8931,8961,8968,8975
1754525017,6707112,8927,8984,8944,8931,8961,8968,8975
1754525018,6707112,8927,8984,8944,8931,8961,8968,8975
1754525019,6707112,8927,8984,8944,8931,8961,8968,8976
1754525020,6707113,8927,8985,8944,8931,8961,8968,8976
1754525021,6707113,8927,8985,8944,8931,8961,8968,8976
1754525023,6707113,8927,8985,8945,8931,8961,8968,8976
1754525024,6707113,8927,8985,8945,8931,8961,8968,8976
1754525025,6707113,8927,8985,8945,8931,8962,8968,8976
1754525026,6707113,8927,8985,8945,8931,8962,8968,8976
1754525028,6707113,8927,8985,8945,8931,8962,8968,8976
1754525029,6707113,8927,8985,8945,8931,8962,8968,8976
1754525030,6707113,8927,8985,8945,8932,8962,8969,8977
1754525031,6707114,8928,8985,8945,8932,8962,8969,8977
1754525032,6707114,8928,8985,8946,8932,8962,8969,8977
1754525033,6707114,8928,8985,8946,8932,8962,8969,8977
1754525034,6707114,8928,8985,8946,8932,8962,8969,8977
1754525036,6707114,8928,8985,8946,8932,8962,8969,8977
1754525037,6707114,8928,8985,8946,8932,8962,8969,8977
1754525038,6707114,8928,8986,8946,8932,8962,8969,8977
1754525039,6707114,8928,8986,8946,8932,8962,8969,8977
1754525040,6707114,8928,8986,8946,8932,8962,8969,8978
1754525041,6707114,8928,8986,8946,8932,8963,8969,8978
1754525043,6707114,8928,8986,8947,8932,8963,8969,8978
1754525044,6707114,8928,8986,8947,8932,8963,8969,8978
1754525045,6707114,8928,8986,8947,8932,8963,8969,8978
1754525046,6707114,8928,8986,8947,8932,8963,8969,8978
1754525047,6707114,8928,8986,8947,8932,8963,8969,8978
1754525048,6707114,8929,8986,8947,8932,8963,8969,8978
1754525050,6707114,8929,8986,8947,8932,8963,8969,8979
1754525051,6707115,8929,8986,8947,8932,8963,8969,8979
1754525052,6707115,8929,8986,8948,8932,8963,8970,8979
1754525053,6707115,8929,8986,8948,8932,8963,8970,8979
1754525054,6707115,8929,8987,8948,8932,8963,8970,8979
1754525055,6707115,8929,8987,8948,8932,8963,8970,8979
1754525057,6707115,8929,8987,8948,8932,8963,8970,8980
1754525059,6707115,8929,8987,8948,8932,8964,8970,8980
1754525060,6707115,8929,8987,8948,8932,8964,8970,8980
1754525062,6707116,8929,8987,8948,8932,8964,8970,8980
1754525063,6707116,8930,8987,8949,8932,8964,8970,8980
1754525064,6707116,8930,8987,8949,8932,8964,8970,8980
1754525065,6707116,8930,8987,8949,8932,8964,8970,8980
1754525066,6707116,8930,8987,8949,8932,8964,8970,8980
1754525067,6707116,8930,8988,8949,8932,8964,8970,8980
1754525069,6707116,8930,8988,8949,8932,8964,8971,8980
1754525070,6707116,8930,8988,8949,8932,8964,8971,8980
1754525071,6707116,8930,8988,8949,8933,8964,8971,8980
1754525072,6707117,8930,8988,8950,8933,8964,8971,8980
1754525073,6707117,8930,8988,8950,8933,8964,8971,8980
1754525074,6707117,8930,8988,8950,8933,8964,8971,8980
1754525076,6707117,8930,8988,8950,8933,8964,8971,8980
1754525077,6707117,8930,8988,8950,8933,8964,8971,8980
1754525078,6707117,8930,8988,8950,8933,8964,8971,8980
1754525079,6707117,8930,8988,8950,8933,8964,8971,8980
1754525080,6707117,8930,8988,8950,8933,8964,8971,8981
1754525081,6707118,8930,8988,8951,8933,8964,8971,8981
1754525083,6707118,8930,8988,8951,8933,8964,8971,8981
1754525084,6707118,8930,8988,8951,8933,8964,8971,8981
1754525085,6707118,8930,8989,8951,8933,8964,8971,8981
1754525086,6707118,8931,8989,8951,8933,8964,8971,8981
1754525087,6707118,8931,8989,8951,8933,8965,8971,8981
1754525088,6707118,8931,8989,8951,8933,8965,8971,8981
1754525090,6707119,8931,8989,8951,8933,8965,8972,8981
1754525091,6707119,8931,8989,8952,8933,8965,8972,8982
1754525094,6707119,8931,8989,8952,8933,8965,8972,8982
1754525095,6707119,8931,8989,8952,8933,8965,8972,8982
1754525096,6707119,8931,8989,8952,8933,8965,8972,8982
1754525098,6707119,8931,8989,8952,8933,8965,8972,8982
1754525099,6707120,8931,8989,8952,8933,8965,8972,8982
1754525100,6707120,8931,8989,8952,8933,8966,8972,8983
1754525101,6707120,8931,8990,8952,8933,8966,8972,8983
1754525102,6707120,8931,8990,8952,8933,8966,8972,8983
1754525103,6707120,8931,8990,8952,8933,8966,8972,8983
1754525105,6707120,8931,8990,8952,8933,8966,8972,8983
1754525106,6707120,8931,8990,8952,8933,8966,8972,8983
1754525107,6707120,8932,8990,8952,8933,8966,8972,8983
1754525108,6707121,8932,8990,8952,8933,8966,8972,8983
1754525109,6707121,8932,8990,8952,8933,8966,8972,8983
1754525110,6707121,8932,8990,8953,8933,8966,8972,8984
1754525111,6707121,8932,8990,8953,8933,8966,8973,8984
1754525113,6707121,8932,8990,8953,8933,8966,8973,8984
1754525114,6707121,8932,8990,8953,8933,8966,8973,8984
1754525115,6707121,8932,8990,8953,8934,8966,8973,8984
1754525116,6707121,8932,8990,8953,8934,8966,8973,8984
1754525117,6707122,8932,8991,8953,8934,8967,8973,8984
1754525118,6707122,8932,8991,8953,8934,8967,8973,8984
1754525120,6707122,8932,8991,8953,8934,8967,8973,8984
1754525121,6707122,8932,8991,8954,8934,8967,8973,8985
1754525122,6707122,8932,8991,8954,8934,8967,8973,8985
1754525123,6707122,8932,8991,8954,8934,8967,8973,8985
1754525124,6707122,8932,8991,8954,8934,8967,8973,8985
1754525125,6707122,8932,8991,8954,8934,8967,8973,8985
1754525127,6707122,8932,8991,8954,8934,8967,8973,8985
1754525128,6707123,8932,8991,8954,8934,8967,8973,8985
1754525129,6707123,8933,8991,8954,8934,8967,8973,8985
1754525131,6707123,8933,8991,8955,8934,8968,8973,8986
1754525133,6707123,8933,8992,8955,8934,8968,8974,8986
1754525134,6707123,8933,8992,8955,8934,8968,8974,8986
1754525135,6707123,8933,8992,8955,8934,8968,8974,8986
1754525136,6707123,8933,8992,8955,8934,8968,8974,8986
1754525138,6707124,8933,8992,8955,8934,8968,8974,8986
1754525139,6707124,8933,8992,8955,8934,8968,8974,8986
1754525140,6707124,8933,8992,8956,8934,8968,8974,8986
1754525141,6707124,8933,8992,8956,8934,8968,8974,8987
1754525142,6707124,8933,8992,8956,8934,8968,8974,8987
1754525143,6707124,8933,8992,8956,8934,8968,8974,8987
1754525144,6707124,8933,8992,8956,8934,8968,8974,8987
1754525146,6707124,8933,8992,8956,8934,8969,8974,8987
1754525147,6707125,8933,8992,8956,8935,8969,8974,8987
1754525148,6707125,8933,8992,8956,8935,8969,8974,8987
1754525149,6707125,8933,8992,8956,8935,8969,8974,8987
1754525150,6707125,8934,8993,8957,8935,8969,8974,8987
1754525151,6707125,8934,8993,8957,8935,8969,8974,8987
1754525153,6707125,8934,8993,8957,8935,8969,8974,8988
1754525154,6707125,8934,8993,8957,8935,8969,8974,8988
1754525155,6707125,8934,8993,8957,8935,8969,8974,8988
1754525156,6707125,8934,8993,8957,8935,8969,8974,8988
1754525157,6707125,8934,8993,8957,8935,8969,8974,8988
1754525160,6707126,8934,8993,8958,8935,8969,8974,8988
1754525161,6707126,8934,8993,8958,8935,8970,8974,8988
1754525162,6707126,8934,8993,8958,8935,8970,8974,8988
1754525164,6707126,8934,8993,8958,8935,8970,8974,8989
1754525165,6707126,8934,8993,8958,8935,8970,8974,8989
1754525166,6707126,8934,8994,8958,8935,8970,8974,8989
1754525167,6707126,8934,8994,8958,8935,8970,8974,8989
1754525168,6707126,8934,8994,8958,8935,8970,8974,8989
1754525169,6707127,8935,8994,8958,8935,8970,8975,8989
1754525171,6707127,8935,8994,8959,8935,8970,8975,8989
1754525172,6707127,8935,8994,8959,8935,8970,8975,8989
1754525173,6707127,8935,8994,8959,8935,8970,8975,8989
1754525174,6707127,8935,8994,8959,8935,8970,8975,8990
1754525175,6707127,8935,8994,8959,8935,8970,8975,8990
1754525176,6707127,8935,8994,8959,8935,8971,8975,8990
1754525178,6707127,8935,8994,8959,8936,8971,8975,8990
1754525179,6707127,8935,8994,8959,8936,8971,8975,8990
1754525180,6707127,8935,8994,8959,8936,8971,8975,8990
1754525181,6707127,8935,8994,8960,8936,8971,8975,8990
1754525182,6707127,8935,8994,8960,8936,8971,8975,8990
1754525183,6707127,8935,8994,8960,8936,8971,8975,8990
1754525184,6707127,8935,8994,8960,8936,8971,8976,8991
1754525186,6707127,8935,8994,8960,8936,8971,8976,8991
1754525187,6707128,8935,8994,8960,8936,8971,8976,8991
1754525188,6707128,8935,8994,8960,8936,8971,8976,8991
1754525189,6707128,8935,8994,8960,8936,8971,8976,8991
1754525190,6707128,8935,8994,8961,8936,8971,8976,8991
1754525191,6707128,8935,8994,8961,8936,8971,8976,8991
1754525193,6707128,8936,8994,8961,8936,8972,8976,8991
1754525194,6707128,8936,8994,8961,8936,8972,8976,8992
1754525195,6707128,8936,8995,8961,8936,8972,8976,8992
1754525196,6707128,8936,8995,8961,8936,8972,8976,8992
1754525197,6707129,8936,8995,8961,8936,8972,8976,8992
1754525198,6707129,8936,8995,8961,8936,8972,8976,8992
1754525200,6707129,8936,8995,8962,8936,8972,8976,8992
1754525201,6707129,8936,8995,8962,8936,8972,8977,8992
1754525202,6707129,8936,8995,8962,8936,8972,8977,8992
1754525203,6707129,8936,8995,8962,8936,8972,8977,8992
1754525206,6707129,8936,8995,8962,8936,8973,8977,8993
1754525207,6707129,8936,8996,8962,8936,8973,8977,8993
1754525208,6707130,8936,8996,8962,8936,8973,8977,8993
1754525210,6707130,8936,8996,8962,8936,8973,8977,8993
1754525211,6707130,8937,8996,8963,8936,8973,8977,8993
1754525212,6707130,8937,8996,8963,8936,8973,8977,8993
1754525213,6707130,8937,8996,8963,8936,8973,8977,8993
1754525214,6707130,8937,8996,8963,8936,8973,8977,8993
1754525215,6707130,8937,8996,8963,8937,8973,8978,8993
1754525217,6707131,8937,8997,8963,8937,8973,8978,8993
1754525218,6707131,8937,8997,8963,8937,8973,8978,8993
1754525219,6707131,8937,8997,8963,8937,8973,8978,8993
1754525220,6707131,8937,8997,8963,8937,8973,8978,8993
1754525221,6707131,8937,8997,8963,8937,8974,8978,8993
1754525222,6707131,8937,8997,8963,8937,8974,8978,8993
1754525224,6707131,8937,8997,8963,8937,8974,8978,8993
1754525225,6707131,8937,8997,8963,8937,8974,8978,8993
1754525226,6707132,8937,8997,8963,8937,8974,8978,8993
1754525227,6707132,8937,8997,8963,8937,8974,8978,8993
1754525228,6707132,8937,8997,8963,8937,8974,8978,8993
1754525229,6707132,8937,8997,8964,8937,8974,8978,8994
1754525231,6707132,8937,8998,8964,8937,8974,8978,8994
1754525232,6707132,8937,8998,8964,8937,8974,8978,8994
1754525233,6707132,8937,8998,8964,8937,8974,8978,8994
1754525234,6707132,8937,8998,8964,8937,8974,8979,8994
1754525236,6707133,8937,8998,8964,8937,8975,8979,8994
1754525237,6707133,8937,8998,8964,8937,8975,8979,8994
1754525239,6707133,8937,8998,8964,8937,8975,8979,8994
1754525240,6707133,8937,8998,8965,8937,8975,8979,8994
1754525241,6707133,8937,8998,8965,8937,8975,8979,8994
1754525242,6707133,8937,8999,8965,8937,8975,8979,8995
1754525243,6707133,8937,8999,8965,8937,8975,8979,8995
1754525244,6707134,8937,8999,8965,8937,8975,8979,8995
1754525246,6707134,8937,8999,8965,8937,8975,8979,8995
1754525247,6707134,8938,8999,8965,8937,8975,8979,8995
1754525248,6707134,8938,8999,8965,8937,8975,8980,8995
1754525249,6707134,8938,8999,8965,8937,8975,8980,8995
1754525250,6707134,8938,8999,8966,8937,8975,8980,8995
1754525252,6707134,8938,8999,8966,8937,8975,8980,8995
1754525253,6707134,8938,8999,8966,8937,8975,8980,8995
1754525254,6707134,8938,8999,8966,8937,8975,8980,8996
1754525255,6707135,8938,9000,8966,8937,8975,8980,8996
1754525256,6707135,8938,9000,8966,8937,8975,8980,8996
1754525257,6707135,8938,9000,8966,8937,8975,8980,8996
1754525259,6707135,8938,9000,8966,8938,8975,8980,8996
1754525260,6707135,8938,9000,8967,8938,8975,8980,8996
1754525261,6707135,8938,9000,8967,8938,8975,8981,8996
1754525262,6707135,8938,9000,8967,8938,8975,8981,8996
1754525263,6707136,8938,9000,8967,8938,8975,8981,8996
1754525264,6707136,8938,9000,8967,8938,8976,8981,8996
1754525266,6707136,8938,9000,8967,8938,8976,8981,8997
1754525267,6707136,8938,9000,8967,8938,8976,8981,8997
1754525268,6707136,8939,9000,8967,8938,8976,8981,8997
1754525269,6707136,8939,9001,8967,8938,8976,8981,8997
1754525270,6707136,8939,9001,8968,8938,8976,8981,8997
1754525271,6707137,8939,9001,8968,8938,8976,8981,8997
1754525272,6707137,8939,9001,8968,8938,8976,8981,8997
1754525274,6707137,8939,9001,8968,8938,8976,8981,8997
1754525275,6707137,8939,9001,8968,8938,8976,8981,8997
1754525277,6707137,8939,9001,8968,8938,8977,8982,8997
1754525279,6707137,8939,9001,8968,8938,8977,8982,8998
1754525280,6707137,8939,9001,8968,8938,8977,8982,8998
1754525281,6707138,8939,9001,8969,8938,8977,8982,8998
1754525282,6707138,8939,9002,8969,8938,8977,8982,8998
1754525284,6707138,8940,9002,8969,8938,8977,8982,8998
1754525285,6707138,8940,9002,8969,8938,8977,8982,8998
1754525286,6707138,8940,9002,8969,8938,8978,8982,8998
1754525287,6707138,8940,9002,8969,8938,8978,8982,8998
1754525288,6707138,8940,9002,8969,8938,8978,8982,8999
1754525289,6707138,8940,9002,8969,8938,8978,8982,8999
1754525291,6707138,8940,9002,8970,8938,8978,8982,8999
1754525292,6707138,8940,9002,8970,8938,8978,8983,8999
1754525293,6707139,8940,9002,8970,8938,8978,8983,8999
1754525294,6707139,8940,9002,8970,8938,8978,8983,8999
1754525295,6707139,8940,9003,8970,8938,8978,8983,8999
1754525296,6707139,8940,9003,8970,8938,8979,8983,8999
1754525298,6707139,8940,9003,8970,8938,8979,8983,8999
1754525299,6707139,8940,9003,8970,8938,8979,8983,8999
1754525300,6707139,8940,9003,8971,8938,8979,8983,9000
1754525301,6707139,8940,9003,8971,8938,8979,8983,9000
1754525302,6707139,8940,9003,8971,8938,8979,8983,9000
1754525303,6707139,8940,9003,8971,8938,8979,8983,9000
1754525305,6707139,8940,9003,8971,8939,8979,8983,9000
1754525306,6707139,8941,9003,8971,8939,8980,8983,9000
1754525308,6707139,8941,9004,8971,8939,8980,8984,9000
1754525309,6707139,8941,9004,8972,8939,8980,8984,9000
1754525310,6707140,8941,9004,8972,8939,8980,8984,9000
1754525312,6707140,8941,9004,8972,8939,8980,8984,9001
1754525313,6707140,8941,9004,8972,8939,8980,8984,9001
1754525314,6707140,8941,9004,8972,8939,8981,8984,9001
1754525315,6707140,8941,9004,8972,8939,8981,8984,9001
1754525317,6707140,8941,9004,8972,8939,8981,8984,9001
1754525318,6707140,8942,9004,8972,8939,8981,8984,9001
1754525319,6707140,8942,9004,8973,8939,8981,8984,9001
1754525320,6707140,8942,9004,8973,8939,8981,8984,9001
1754525321,6707141,8942,9004,8973,8939,8981,8985,9001
1754525323,6707141,8942,9004,8973,8939,8981,8985,9001
1754525324,6707141,8942,9004,8973,8939,8982,8985,9001
1754525325,6707141,8942,9004,8973,8939,8982,8985,9002
1754525326,6707141,8942,9004,8973,8939,8982,8985,9002
1754525327,6707141,8942,9004,8973,8939,8982,8985,9002
1754525328,6707141,8942,9004,8973,8939,8982,8985,9002
1754525330,6707141,8942,9004,8973,8939,8982,8985,9002
1754525331,6707141,8942,9004,8973,8939,8982,8985,9002
1754525332,6707141,8942,9005,8973,8939,8982,8985,9002
1754525333,6707142,8942,9005,8973,8939,8983,8985,9002
1754525334,6707142,8942,9005,8973,8939,8983,8985,9002
1754525335,6707142,8942,9005,8973,8939,8983,8985,9002
1754525337,6707142,8942,9005,8973,8939,8983,8985,9002
1754525338,6707142,8942,9005,8974,8939,8983,8986,9003
1754525339,6707142,8942,9005,8974,8939,8983,8986,9003
1754525340,6707142,8943,9005,8974,8939,8983,8986,9003
1754525341,6707142,8943,9005,8974,8939,8983,8986,9003
1754525342,6707143,8943,9006,8974,8939,8984,8986,9003
1754525344,6707143,8943,9006,8974,8940,8984,8986,9003
1754525346,6707143,8943,9006,8974,8940,8984,8986,9003
1754525348,6707143,8943,9006,8975,8940,8984,8986,9004
1754525349,6707143,8943,9006,8975,8940,8984,8986,9004
1754525350,6707143,8943,9006,8975,8940,8984,8986,9004
1754525351,6707144,8943,9007,8975,8940,8985,8986,9004
1754525352,6707144,8943,9007,8975,8940,8985,8986,9004
1754525353,6707144,8943,9007,8975,8940,8985,8986,9004
1754525355,6707144,8943,9007,8975,8940,8985,8986,9004
1754525356,6707144,8943,9007,8975,8940,8985,8986,9004
1754525357,6707144,8943,9007,8975,8940,8985,8986,9004
1754525358,6707144,8943,9007,8975,8940,8985,8986,9004
1754525359,6707144,8943,9007,8976,8940,8985,8986,9004
1754525360,6707144,8944,9007,8976,8940,8985,8986,9004
1754525362,6707145,8944,9007,8976,8940,8986,8986,9004
1754525363,6707145,8944,9007,8976,8940,8986,8986,9004
1754525364,6707145,8944,9007,8976,8940,8986,8987,9004
1754525365,6707145,8944,9008,8976,8940,8986,8987,9004
1754525366,6707145,8944,9008,8976,8940,8986,8987,9004
1754525367,6707145,8944,9008,8976,8940,8986,8987,9004
1754525369,6707145,8944,9008,8977,8940,8986,8987,9005
1754525370,6707145,8944,9008,8977,8940,8986,8987,9005
1754525371,6707145,8944,9008,8977,8940,8986,8987,9005
1754525372,6707146,8944,9008,8977,8940,8986,8987,9005
1754525373,6707146,8944,9008,8977,8940,8986,8987,9005
1754525376,6707146,8944,9009,8977,8941,8986,8987,9005
1754525377,6707146,8944,9009,8977,8941,8986,8987,9005
1754525378,6707146,8944,9009,8978,8941,8986,8988,9005
1754525380,6707146,8944,9009,8978,8941,8986,8988,9005
1754525381,6707146,8944,9009,8978,8941,8987,8988,9006
1754525382,6707147,8945,9009,8978,8941,8987,8988,9006
1754525383,6707147,8945,9009,8978,8941,8987,8988,9006
1754525384,6707147,8945,9009,8978,8941,8987,8988,9006
1754525385,6707147,8945,9009,8978,8941,8987,8988,9006
1754525387,6707147,8945,9010,8978,8941,8987,8988,9006
1754525388,6707147,8945,9010,8978,8941,8987,8988,9006
1754525389,6707147,8945,9010,8978,8941,8987,8988,9006
1754525390,6707147,8945,9010,8979,8941,8987,8988,9006
1754525391,6707147,8945,9010,8979,8941,8987,8988,9006
1754525392,6707148,8945,9010,8979,8941,8987,8988,9006
1754525393,6707148,8945,9010,8979,8941,8988,8988,9007
1754525395,6707148,8945,9010,8979,8941,8988,8988,9007
1754525396,6707148,8945,9010,8979,8941,8988,8988,9007
1754525397,6707148,8945,9010,8979,8941,8988,8988,9007
1754525398,6707148,8945,9010,8979,8941,8988,8988,9007
1754525399,6707148,8945,9011,8979,8941,8988,8988,9007
1754525400,6707148,8945,9011,8979,8941,8988,8988,9007
1754525402,6707148,8945,9011,8979,8941,8988,8988,9007
1754525403,6707149,8945,9011,8979,8941,8988,8988,9007
1754525404,6707149,8945,9011,8980,8941,8988,8988,9007
1754525405,6707149,8946,9011,8980,8941,8988,8988,9007
1754525406,6707149,8946,9011,8980,8941,8988,8988,9007
1754525407,6707149,8946,9011,8980,8941,8988,8989,9008
1754525409,6707149,8946,9011,8980,8941,8988,8989,9008
1754525410,6707149,8946,9011,8980,8941,8989,8989,9008
1754525411,6707149,8946,9011,8980,8941,8989,8989,9008
1754525413,6707149,8946,9012,8980,8941,8989,8989,9008
1754525415,6707149,8946,9012,8980,8941,8989,8989,9008
1754525416,6707150,8946,9012,8981,8941,8989,8989,9008
1754525417,6707150,8946,9012,8981,8941,8989,8989,9008
1754525419,6707150,8946,9012,8981,8941,8989,8989,9009
1754525420,6707150,8946,9012,8981,8941,8989,8989,9009
1754525421,6707150,8946,9012,8981,8941,8990,8989,9009
1754525422,6707150,8946,9012,8981,8941,8990,8989,9009
1754525423,6707150,8946,9012,8981,8941,8990,8989,9009
1754525424,6707150,8946,9012,8981,8942,8990,8989,9009
1754525426,6707150,8947,9013,8981,8942,8990,8989,9009
1754525427,6707150,8947,9013,8981,8942,8990,8989,9009
1754525428,6707150,8947,9013,8982,8942,8990,8989,9009
1754525429,6707150,8947,9013,8982,8942,8990,8989,9009
1754525430,6707150,8947,9013,8982,8942,8990,8989,9009
1754525431,6707150,8947,9013,8982,8942,8990,8989,9009
1754525433,6707150,8947,9013,8982,8942,8990,8989,9010
1754525434,6707150,8947,9013,8982,8942,8990,8989,9010
1754525435,6707150,8947,9013,8982,8942,8991,8989,9010
1754525436,6707151,8947,9013,8982,8942,8991,8989,9010
1754525437,6707151,8947,9013,8982,8942,8991,8989,9010
1754525438,6707151,8947,9014,8982,8942,8991,8990,9010
1754525439,6707151,8947,9014,8983,8942,8991,8990,9010
1754525442,6707151,8947,9014,8983,8942,8991,8990,9010
1754525444,6707151,8947,9014,8983,8942,8991,8990,9010
1754525445,6707152,8947,9014,8983,8942,8991,8990,9010
1754525446,6707152,8948,9014,8983,8942,8991,8990,9011
1754525448,6707152,8948,9014,8983,8942,8992,8990,9011
1754525449,6707152,8948,9014,8983,8942,8992,8990,9011
1754525450,6707152,8948,9014,8983,8942,8992,8990,9011
1754525451,6707152,8948,9015,8983,8942,8992,8990,9011
1754525453,6707152,8948,9015,8984,8942,8992,8990,9011
1754525454,6707152,8948,9015,8984,8942,8992,8990,9011
1754525455,6707152,8948,9015,8984,8942,8992,8990,9011
1754525456,6707152,8948,9015,8984,8942,8992,8990,9011
1754525457,6707153,8948,9015,8984,8942,8992,8990,9012
1754525458,6707153,8948,9015,8984,8942,8992,8990,9012
1754525460,6707153,8948,9015,8984,8942,8992,8990,9012
1754525461,6707153,8948,9015,8984,8942,8993,8990,9012
1754525462,6707153,8948,9015,8984,8942,8993,8990,9012
1754525463,6707153,8948,9015,8984,8942,8993,8991,9012
1754525464,6707153,8948,9015,8984,8942,8993,8991,9012
1754525465,6707153,8948,9015,8984,8942,8993,8991,9012
1754525467,6707153,8948,9015,8984,8942,8993,8991,9012
1754525468,6707153,8948,9015,8984,8942,8993,8991,9012
1754525469,6707153,8948,9015,8984,8942,8993,8991,9013
1754525470,6707154,8948,9015,8984,8942,8993,8991,9013
1754525471,6707154,8948,9015,8984,8942,8993,8991,9013
1754525472,6707154,8948,9016,8985,8942,8993,8991,9013
1754525473,6707154,8948,9016,8985,8942,8993,8991,9013
1754525475,6707154,8948,9016,8985,8942,8993,8991,9013
1754525476,6707154,8948,9016,8985,8942,8994,8991,9013
1754525477,6707154,8948,9016,8985,8942,8994,8991,9013
1754525479,6707154,8948,9016,8985,8942,8994,8991,9013
1754525482,6707155,8949,9016,8985,8942,8994,8991,9014
1754525483,6707155,8949,9017,8986,8943,8994,8991,9014
1754525484,6707155,8949,9017,8986,8943,8994,8991,9014
1754525485,6707155,8949,9017,8986,8943,8994,8991,9014
1754525486,6707155,8949,9017,8986,8943,8994,8991,9014
1754525487,6707155,8949,9017,8986,8943,8995,8991,9014
1754525489,6707155,8949,9017,8986,8943,8995,8992,9014
1754525490,6707155,8949,9017,8986,8943,8995,8992,9014
1754525491,6707155,8949,9017,8986,8943,8995,8992,9014
1754525492,6707155,8949,9017,8986,8943,8995,8992,9014
1754525493,6707156,8949,9017,8986,8943,8995,8992,9015
1754525494,6707156,8949,9018,8987,8943,8995,8992,9015
1754525496,6707156,8949,9018,8987,8943,8995,8992,9015
1754525497,6707156,8949,9018,8987,8943,8995,8992,9015
1754525498,6707156,8949,9018,8987,8943,8995,8992,9015
1754525499,6707156,8949,9018,8987,8943,8995,8992,9015
1754525500,6707156,8950,9018,8987,8943,8996,8992,9015
1754525501,6707156,8950,9018,8987,8943,8996,8992,9015
1754525502,6707156,8950,9018,8987,8943,8996,8992,9015
1754525504,6707156,8950,9018,8987,8943,8996,8992,9015
1754525505,6707157,8950,9018,8987,8943,8996,8992,9015
1754525506,6707157,8950,9019,8988,8943,8996,8992,9016
1754525508,6707157,8950,9019,8988,8943,8996,8992,9016
1754525510,6707157,8950,9019,8988,8943,8996,8992,9016
1754525511,6707157,8950,9019,8988,8943,8996,8992,9016
1754525512,6707157,8950,9019,8988,8943,8996,8992,9016
1754525513,6707157,8950,9019,8988,8943,8997,8992,9016
1754525514,6707157,8950,9019,8988,8943,8997,8992,9016
1754525516,6707157,8950,9019,8988,8943,8997,8992,9016
1754525517,6707158,8950,9019,8989,8943,8997,8993,9016
1754525518,6707158,8951,9020,8989,8943,8997,8993,9016
1754525519,6707158,8951,9020,8989,8943,8997,8993,9016
1754525520,6707158,8951,9020,8989,8943,8997,8993,9016
1754525521,6707158,8951,9020,8989,8944,8997,8993,9016
1754525523,6707158,8951,9020,8989,8944,8997,8993,9016
1754525524,6707158,8951,9020,8989,8944,8997,8993,9016
1754525525,6707158,8951,9020,8989,8944,8997,8993,9016
1754525526,6707158,8951,9020,8989,8944,8997,8993,9016
1754525527,6707158,8951,9020,8989,8944,8997,8993,9016
1754525528,6707158,8951,9020,8989,8944,8997,8993,9016
1754525530,6707158,8951,9021,8990,8944,8997,8993,9016
1754525531,6707159,8951,9021,8990,8944,8998,8993,9017
1754525532,6707159,8951,9021,8990,8944,8998,8993,9017
1754525533,6707159,8951,9021,8990,8944,8998,8993,9017
1754525534,6707159,8951,9021,8990,8944,8998,8993,9017
1754525535,6707159,8951,9021,8990,8944,8998,8993,9017
1754525537,6707159,8951,9021,8990,8944,8998,8993,9017
1754525538,6707159,8952,9021,8990,8944,8998,8993,9017
1754525539,6707159,8952,9021,8990,8944,8998,8993,9017
1754525540,6707159,8952,9021,8990,8944,8998,8993,9017
1754525541,6707159,8952,9021,8991,8944,8998,8993,9017
1754525542,6707160,8952,9022,8991,8944,8998,8993,9017
1754525543,6707160,8952,9022,8991,8944,8998,8993,9018
1754525545,6707160,8952,9022,8991,8944,8998,8993,9018
1754525546,6707160,8952,9022,8991,8944,8998,8993,9018
1754525547,6707160,8952,9022,8991,8944,8998,8993,9018
1754525548,6707160,8952,9022,8991,8944,8998,8993,9018
1754525551,6707160,8952,9022,8991,8944,8999,8994,9018
1754525552,6707160,8952,9022,8991,8944,8999,8994,9018
1754525554,6707160,8952,9022,8991,8944,8999,8994,9018
1754525555,6707161,8952,9023,8992,8944,8999,8994,9019
1754525556,6707161,8952,9023,8992,8944,8999,8994,9019
1754525557,6707161,8952,9023,8992,8944,8999,8994,9019
1754525559,6707161,8953,9023,8992,8944,8999,8994,9019
1754525560,6707161,8953,9023,8992,8944,8999,8994,9019
1754525561,6707161,8953,9023,8992,8945,8999,8994,9019
1754525562,6707161,8953,9023,8992,8945,8999,8994,9019
1754525563,6707161,8953,9023,8992,8945,9000,8994,9019
1754525564,6707161,8953,9023,8992,8945,9000,8994,9019
1754525566,6707161,8953,9023,8992,8945,9000,8994,9019
1754525567,6707161,8953,9023,8993,8945,9000,8994,9019
1754525568,6707162,8953,9024,8993,8945,9000,8994,9019
1754525569,6707162,8953,9024,8993,8945,9000,8994,9020
1754525570,6707162,8953,9024,8993,8945,9000,8994,9020
1754525571,6707162,8953,9024,8993,8945,9000,8994,9020
1754525572,6707162,8953,9024,8993,8945,9000,8994,9020
1754525574,6707162,8953,9024,8993,8945,9000,8994,9020
1754525575,6707162,8953,9024,8993,8945,9000,8994,9020
1754525576,6707162,8953,9024,8993,8945,9000,8994,9020
1754525577,6707162,8954,9024,8993,8945,9000,8994,9020
1754525578,6707162,8954,9024,8994,8945,9000,8995,9020
1754525579,6707162,8954,9025,8994,8945,9001,8995,9021
1754525583,6707162,8954,9025,8994,8945,9001,8995,9021
1754525584,6707162,8954,9025,8994,8945,9001,8995,9021
1754525585,6707162,8954,9025,8994,8945,9001,8995,9021
1754525586,6707162,8954,9025,8994,8945,9001,8995,9021
1754525587,6707162,8954,9025,8994,8945,9001,8995,9021
1754525588,6707162,8954,9025,8994,8945,9001,8995,9021
1754525590,6707163,8954,9025,8994,8945,9001,8995,9021
1754525591,6707163,8954,9025,8995,8945,9001,8995,9022
1754525592,6707163,8954,9025,8995,8945,9001,8995,9022
1754525593,6707163,8954,9025,8995,8945,9001,8995,9022
1754525594,6707163,8954,9025,8995,8945,9001,8995,9022
1754525595,6707163,8955,9025,8995,8945,9002,8995,9022
1754525597,6707163,8955,9025,8995,8945,9002,8995,9022
1754525598,6707163,8955,9025,8995,8945,9002,8995,9022
1754525599,6707163,8955,9025,8995,8945,9002,8995,9022
1754525600,6707163,8955,9025,8995,8945,9002,8995,9022
1754525601,6707163,8955,9025,8995,8945,9002,8995,9022
1754525602,6707163,8955,9026,8995,8946,9002,8995,9022
1754525604,6707163,8955,9026,8995,8946,9002,8995,9023
1754525605,6707163,8955,9026,8995,8946,9002,8995,9023
1754525606,6707164,8955,9026,8995,8946,9002,8995,9023
1754525607,6707164,8955,9026,8995,8946,9002,8996,9023
1754525608,6707164,8955,9026,8995,8946,9002,8996,9023
1754525609,6707164,8955,9026,8995,8946,9002,8996,9023
1754525611,6707164,8955,9026,8996,8946,9002,8996,9023
1754525612,6707164,8955,9026,8996,8946,9002,8996,9023
1754525613,6707164,8955,9027,8996,8946,9002,8996,9023
1754525614,6707164,8955,9027,8996,8946,9002,8996,9023
1754525615,6707164,8955,9027,8996,8946,9003,8996,9023
1754525616,6707164,8955,9027,8996,8946,9003,8996,9023
1754525618,6707164,8956,9027,8996,8946,9003,8996,9024
1754525619,6707164,8956,9027,8996,8946,9003,8996,9024
1754525620,6707165,8956,9027,8996,8946,9003,8996,9024
1754525622,6707165,8956,9027,8996,8946,9003,8996,9024
1754525623,6707165,8956,9028,8997,8946,9003,8996,9024
1754525625,6707165,8956,9028,8997,8946,9003,8996,9024
1754525626,6707165,8956,9028,8997,8946,9003,8996,9024
1754525627,6707165,8956,9028,8997,8946,9003,8996,9024
1754525628,6707165,8956,9028,8997,8946,9003,8996,9024
1754525629,6707165,8956,9028,8997,8946,9003,8996,9024
1754525630,6707165,8956,9028,8997,8946,9003,8996,9025
1754525632,6707165,8956,9028,8997,8946,9004,8996,9025
1754525633,6707165,8956,9028,8998,8946,9004,8996,9025
1754525634,6707166,8957,9029,8998,8946,9004,8996,9025
1754525635,6707166,8957,9029,8998,8946,9004,8996,9025
1754525636,6707166,8957,9029,8998,8946,9004,8997,9025
1754525637,6707166,8957,9029,8998,8946,9004,8997,9025
1754525639,6707166,8957,9029,8998,8946,9004,8997,9025
1754525640,6707166,8957,9029,8998,8946,9004,8997,9025
1754525641,6707166,8957,9029,8998,8946,9004,8997,9025
1754525642,6707166,8957,9029,8998,8946,9004,8997,9025
1754525643,6707166,8957,9029,8998,8946,9004,8997,9025
1754525644,6707166,8957,9030,8999,8946,9004,8997,9026
1754525645,6707166,8957,9030,8999,8946,9004,8997,9026
1754525647,6707166,8957,9030,8999,8946,9004,8997,9026
1754525648,6707166,8957,9030,8999,8946,9004,8997,9026
1754525649,6707167,8957,9030,8999,8946,9004,8997,9026
1754525651,6707167,8957,9030,8999,8947,9005,8997,9026
1754525653,6707167,8958,9030,8999,8947,9005,8997,9026
1754525654,6707167,8958,9031,8999,8947,9005,8997,9026
1754525655,6707167,8958,9031,8999,8947,9005,8997,9026
1754525657,6707167,8958,9031,9000,8947,9005,8997,9027
1754525658,6707167,8958,9031,9000,8947,9005,8997,9027
1754525659,6707167,8958,9031,9000,8947,9005,8997,9027
1754525660,6707167,8958,9031,9000,8947,9005,8997,9027
1754525661,6707167,8958,9031,9000,8947,9005,8997,9027
1754525663,6707168,8958,9031,9000,8947,9005,8997,9027
1754525664,6707168,8958,9031,9000,8947,9005,8998,9027
1754525665,6707168,8958,9032,9000,8947,9005,8998,9027
1754525666,6707168,8958,9032,9000,8947,9005,8998,9027
1754525667,6707168,8958,9032,9000,8947,9006,8998,9027
1754525668,6707168,8958,9032,9000,8947,9006,8998,9027
1754525670,6707168,8958,9032,9000,8947,9006,8998,9027
1754525671,6707168,8959,9032,9001,8947,9006,8998,9027
1754525672,6707168,8959,9032,9001,8947,9006,8998,9027
1754525673,6707168,8959,9032,9001,8947,9006,8998,9027
1754525674,6707168,8959,9032,9001,8947,9006,8998,9027
1754525675,6707168,8959,9032,9001,8947,9006,8998,9027
1754525677,6707168,8959,9033,9001,8947,9006,8998,9027
1754525678,6707168,8959,9033,9001,8947,9006,8998,9027
1754525679,6707169,8959,9033,9001,8947,9006,8998,9027
1754525680,6707169,8959,9033,9001,8947,9006,8998,9028
1754525681,6707169,8959,9033,9001,8947,9006,8998,9028
1754525682,6707169,8959,9033,9002,8947,9006,8998,9028
1754525683,6707169,8959,9033,9002,8947,9007,8998,9028
1754525685,6707169,8959,9033,9002,8947,9007,8998,9028
1754525686,6707169,8959,9033,9002,8947,9007,8998,9028
1754525687,6707169,8959,9033,9002,8947,9007,8998,9028
1754525688,6707169,8960,9033,9002,8948,9007,8998,9028
1754525690,6707169,8960,9034,9002,8948,9007,8998,9028
1754525692,6707170,8960,9034,9002,8948,9007,8998,9029
1754525693,6707170,8960,9034,9002,8948,9007,8998,9029
1754525695,6707170,8960,9034,9003,8948,9007,8998,9029
1754525696,6707170,8960,9034,9003,8948,9007,8998,9029
1754525697,6707170,8960,9034,9003,8948,9007,8998,9029
1754525698,6707170,8960,9034,9003,8948,9007,8998,9029
1754525699,6707170,8960,9034,9003,8948,9007,8998,9029
1754525700,6707170,8960,9034,9003,8948,9008,8998,9029
1754525702,6707170,8960,9035,9003,8948,9008,8998,9029
1754525703,6707170,8960,9035,9003,8948,9008,8998,9030
1754525704,6707170,8960,9035,9003,8948,9008,8998,9030
1754525705,6707170,8960,9035,9003,8948,9008,8998,9030
1754525706,6707170,8961,9035,9003,8948,9008,8998,9030
1754525707,6707170,8961,9035,9003,8948,9008,8998,9030
1754525709,6707171,8961,9035,9003,8948,9008,8998,9030
1754525710,6707171,8961,9035,9004,8948,9008,8998,9030
1754525711,6707171,8961,9035,9004,8948,9008,8998,9030
1754525712,6707171,8961,9035,9004,8948,9008,8998,9030
1754525713,6707171,8961,9036,9004,8948,9008,8998,9030
1754525714,6707171,8961,9036,9004,8948,9008,8998,9030
1754525715,6707171,8961,9036,9004,8948,9008,8998,9031
1754525717,6707171,8961,9036,9004,8948,9008,8998,9031
1754525718,6707171,8961,9036,9004,8948,9008,8999,9031
1754525721,6707172,8961,9036,9004,8949,9008,8999,9031
1754525722,6707172,8961,9036,9004,8949,9008,8999,9031
1754525723,6707172,8961,9036,9004,8949,9008,8999,9031
1754525725,6707172,8962,9036,9005,8949,9008,8999,9031
1754525726,6707172,8962,9036,9005,8949,9008,8999,9032
1754525727,6707172,8962,9036,9005,8949,9008,8999,9032
1754525728,6707172,8962,9036,9005,8949,9008,8999,9032
1754525729,6707172,8962,9036,9005,8949,9008,8999,9032
1754525730,6707172,8962,9036,9005,8949,9008,8999,9032
1754525731,6707172,8962,9036,9005,8949,9008,8999,9032
1754525733,6707172,8962,9036,9005,8949,9008,8999,9032
1754525734,6707172,8962,9037,9005,8949,9008,8999,9032
1754525735,6707172,8962,9037,9005,8949,9008,8999,9032
1754525736,6707172,8962,9037,9005,8949,9008,8999,9032
1754525737,6707173,8962,9037,9005,8949,9008,8999,9032
1754525738,6707173,8962,9037,9005,8949,9009,8999,9033
1754525740,6707173,8962,9037,9006,8949,9009,8999,9033
1754525741,6707173,8962,9037,9006,8949,9009,8999,9033
1754525742,6707173,8962,9037,9006,8949,9009,9000,9033
1754525743,6707173,8962,9037,9006,8949,9009,9000,9033
1754525744,6707173,8962,9037,9006,8949,9009,9000,9033
1754525745,6707173,8962,9037,9006,8949,9009,9000,9033
1754525747,6707173,8962,9038,9006,8949,9009,9000,9033
1754525748,6707173,8962,9038,9006,8949,9009,9000,9033
1754525749,6707173,8962,9038,9006,8949,9009,9000,9033
1754525750,6707173,8962,9038,9006,8949,9009,9000,9033
1754525751,6707173,8962,9038,9006,8949,9009,9000,9033
1754525752,6707173,8962,9038,9006,8949,9009,9000,9034
1754525754,6707173,8962,9038,9006,8949,9009,9000,9034
1754525755,6707173,8962,9038,9006,8949,9009,9000,9034
1754525756,6707173,8962,9038,9006,8949,9009,9000,9034
1754525757,6707173,8962,9038,9006,8949,9009,9000,9034
1754525759,6707173,8962,9039,9006,8950,9009,9000,9034
1754525761,6707173,8962,9039,9006,8950,9010,9000,9034
1754525762,6707173,8962,9039,9006,8950,9010,9000,9034
1754525764,6707173,8963,9039,9006,8950,9010,9000,9035
1754525765,6707173,8963,9039,9006,8950,9010,9000,9035
1754525766,6707173,8963,9039,9007,8950,9010,9000,9035
1754525767,6707174,8963,9039,9007,8950,9010,9000,9035
1754525768,6707174,8963,9040,9007,8950,9010,9000,9035
1754525770,6707174,8963,9040,9007,8950,9010,9000,9035
1754525771,6707174,8963,9040,9007,8950,9010,9000,9035
1754525772,6707174,8963,9040,9007,8950,9010,9000,9035
1754525773,6707174,8963,9040,9007,8950,9010,9001,9035
1754525774,6707174,8963,9040,9007,8950,9010,9001,9035
1754525775,6707174,8963,9040,9007,8950,9010,9001,9035
1754525777,6707174,8963,9040,9007,8950,9010,9001,9035
1754525778,6707174,8963,9040,9007,8950,9010,9001,9036
1754525779,6707174,8963,9041,9007,8950,9010,9001,9036
1754525780,6707174,8963,9041,9007,8950,9010,9001,9036
1754525781,6707174,8963,9041,9007,8950,9010,9001,9036
1754525782,6707174,8963,9041,9007,8950,9010,9001,9036
1754525784,6707175,8963,9041,9008,8950,9010,9001,9036
1754525785,6707175,8963,9041,9008,8950,9010,9001,9036
1754525786,6707175,8963,9041,9008,8950,9011,9001,9036
1754525788,6707175,8964,9041,9008,8950,9011,9001,9036
1754525789,6707175,8964,9041,9008,8950,9011,9001,9036
1754525790,6707175,8964,9042,9008,8950,9011,9001,9037
1754525791,6707175,8964,9042,9008,8950,9011,9001,9037
1754525793,6707175,8964,9042,9008,8950,9011,9001,9037
1754525794,6707175,8964,9042,9008,8951,9011,9001,9037
1754525795,6707175,8964,9042,9008,8951,9011,9001,9037
1754525796,6707175,8964,9042,9008,8951,9011,9001,9037
1754525797,6707176,8964,9042,9008,8951,9011,9001,9037
1754525798,6707176,8964,9042,9009,8951,9011,9001,9037
1754525799,6707176,8964,9042,9009,8951,9011,9001,9037
1754525801,6707176,8964,9042,9009,8951,9011,9001,9037
1754525802,6707176,8964,9042,9009,8951,9012,9001,9037
1754525803,6707176,8964,9043,9009,8951,9012,9001,9037
1754525804,6707176,8964,9043,9009,8951,9012,9001,9038
1754525805,6707176,8964,9043,9009,8951,9012,9001,9038
1754525806,6707176,8964,9043,9009,8951,9012,9001,9038
1754525808,6707176,8964,9043,9009,8951,9012,9001,9038
1754525809,6707176,8964,9043,9009,8951,9012,9002,9038
1754525810,6707176,8964,9043,9009,8951,9012,9002,9038
1754525811,6707176,8964,9043,9009,8951,9012,9002,9038
1754525812,6707176,8964,9043,9009,8951,9012,9002,9038
1754525813,6707176,8964,9043,9009,8951,9012,9002,9038
1754525815,6707177,8965,9043,9009,8951,9012,9002,9038
1754525816,6707177,8965,9043,9009,8951,9012,9002,9038
1754525817,6707177,8965,9044,9009,8951,9012,9002,9038
1754525818,6707177,8965,9044,9010,8951,9012,9002,9038
1754525819,6707177,8965,9044,9010,8951,9012,9002,9038
1754525820,6707177,8965,9044,9010,8951,9012,9002,9038
1754525822,6707177,8965,9044,9010,8951,9012,9002,9038
1754525823,6707177,8965,9044,9010,8951,9012,9002,9038
1754525825,6707177,8965,9044,9010,8951,9013,9002,9038
1754525827,6707178,8965,9044,9010,8951,9013,9002,9039
1754525829,6707178,8965,9044,9010,8952,9013,9002,9039
1754525830,6707178,8965,9045,9010,8952,9013,9002,9039
1754525831,6707178,8965,9045,9010,8952,9013,9002,9039
1754525832,6707178,8965,9045,9010,8952,9013,9002,9039
1754525834,6707178,8965,9045,9010,8952,9013,9002,9039
1754525835,6707178,8965,9045,9011,8952,9013,9002,9039
1754525836,6707178,8965,9045,9011,8952,9013,9002,9040
1754525837,6707178,8965,9045,9011,8952,9013,9002,9040
1754525838,6707178,8965,9045,9011,8952,9013,9002,9040
1754525839,6707178,8965,9045,9011,8952,9013,9002,9040
1754525840,6707178,8966,9045,9011,8952,9013,9002,9040
1754525842,6707179,8966,9045,9011,8952,9013,9002,9040
1754525843,6707179,8966,9045,9011,8952,9013,9002,9040
1754525844,6707179,8966,9046,9011,8952,9013,9002,9040
1754525845,6707179,8966,9046,9011,8952,9013,9002,9040
1754525846,6707179,8966,9046,9011,8952,9013,9002,9041
1754525847,6707179,8966,9046,9011,8952,9013,9003,9041
1754525849,6707179,8966,9046,9011,8952,9014,9003,9041
1754525850,6707179,8966,9046,9011,8952,9014,9003,9041
1754525851,6707179,8966,9046,9011,8952,9014,9003,9041
1754525852,6707179,8966,9046,9012,8952,9014,9003,9041
1754525855,6707179,8966,9046,9012,8952,9014,9003,9042
1754525856,6707179,8966,9047,9012,8952,9014,9003,9042
1754525858,6707180,8966,9047,9012,8952,9014,9003,9042
1754525859,6707180,8966,9047,9012,8952,9014,9003,9042
1754525860,6707180,8966,9047,9012,8952,9014,9003,9042
1754525861,6707180,8966,9047,9012,8952,9014,9003,9042
1754525863,6707180,8966,9047,9012,8952,9014,9003,9042
1754525864,6707180,8966,9047,9012,8952,9014,9003,9043
1754525865,6707180,8966,9047,9012,8952,9014,9003,9043
1754525866,6707180,8966,9047,9012,8952,9014,9003,9043
1754525867,6707180,8967,9047,9012,8952,9014,9003,9043
1754525868,6707180,8967,9047,9012,8953,9014,9003,9043
1754525870,6707180,8967,9047,9012,8953,9014,9003,9043
1754525871,6707180,8967,9047,9013,8953,9014,9003,9043
1754525872,6707180,8967,9047,9013,8953,9015,9003,9043
1754525873,6707181,8967,9047,9013,8953,9015,9003,9043
1754525874,6707181,8967,9047,9013,8953,9015,9003,9044
1754525875,6707181,8967,9047,9013,8953,9015,9003,9044
1754525877,6707181,8967,9047,9013,8953,9015,9003,9044
1754525878,6707181,8967,9047,9013,8953,9015,9003,9044
1754525879,6707181,8967,9048,9013,8953,9015,9003,9044
1754525880,6707181,8967,9048,9013,8953,9015,9003,9044
1754525881,6707181,8967,9048,9013,8953,9015,9003,9044
1754525882,6707181,8967,9048,9013,8953,9015,9003,9044
1754525884,6707181,8967,9048,9013,8953,9015,9003,9044
1754525885,6707181,8967,9048,9013,8953,9015,9004,9045
1754525886,6707181,8967,9048,9013,8953,9015,9004,9045
1754525887,6707181,8967,9048,9013,8953,9015,9004,9045
1754525888,6707181,8967,9048,9013,8953,9015,9004,9045
1754525889,6707182,8967,9049,9014,8953,9015,9004,9045
1754525892,6707182,8967,9049,9014,8953,9015,9004,9045
1754525893,6707182,8967,9049,9014,8953,9016,9004,9045
1754525894,6707182,8967,9049,9014,8953,9016,9004,9045
1754525896,6707182,8968,9049,9014,8953,9016,9004,9046
1754525897,6707182,8968,9049,9014,8953,9016,9004,9046
1754525898,6707182,8968,9049,9014,8953,9016,9004,9046
1754525899,6707182,8968,9049,9014,8953,9016,9004,9046
1754525900,6707182,8968,9050,9014,8953,9016,9004,9046
1754525901,6707182,8968,9050,9014,8953,9016,9004,9046
1754525903,6707182,8968,9050,9014,8953,9016,9004,9046
1754525904,6707183,8968,9050,9014,8953,9016,9004,9046
1754525905,6707183,8968,9050,9014,8953,9016,9004,9047
1754525906,6707183,8968,9050,9015,8953,9016,9004,9047
1754525907,6707183,8968,9050,9015,8953,9016,9004,9047
1754525908,6707183,8968,9050,9015,8953,9016,9004,9047
1754525910,6707183,8968,9050,9015,8953,9016,9004,9047
1754525911,6707183,8968,9050,9015,8953,9016,9004,9047
1754525912,6707183,8968,9050,9015,8953,9016,9004,9047
1754525913,6707183,8968,9050,9015,8953,9016,9004,9047
1754525914,6707183,8968,9050,9015,8953,9016,9004,9047
1754525915,6707183,8968,9051,9015,8953,9016,9004,9048
1754525918,6707183,8968,9051,9015,8953,9017,9005,9048
1754525919,6707184,8968,9051,9015,8953,9017,9005,9048
1754525920,6707184,8968,9051,9015,8953,9017,9005,9048
1754525921,6707184,8968,9051,9015,8953,9017,9005,9048
1754525922,6707184,8968,9051,9015,8953,9017,9005,9048
1754525924,6707184,8969,9051,9016,8953,9017,9005,9048
1754525925,6707184,8969,9051,9016,8953,9017,9005,9048
1754525926,6707184,8969,9052,9016,8953,9017,9005,9049
1754525927,6707184,8969,9052,9016,8953,9017,9005,9049
1754525929,6707184,8969,9052,9016,8953,9017,9005,9049
1754525930,6707184,8969,9052,9016,8953,9017,9005,9049
1754525931,6707184,8969,9052,9016,8953,9017,9005,9049
1754525932,6707184,8969,9052,9016,8953,9017,9005,9049
1754525933,6707184,8969,9052,9016,8953,9017,9005,9049
1754525934,6707184,8969,9052,9016,8953,9017,9005,9049
1754525936,6707184,8969,9052,9016,8953,9017,9005,9049
1754525937,6707184,8969,9052,9016,8953,9017,9005,9049
1754525938,6707184,8969,9052,9016,8953,9017,9005,9049
1754525939,6707184,8969,9052,9016,8953,9017,9005,9049
1754525940,6707184,8969,9052,9016,8953,9017,9005,9049
1754525941,6707184,8969,9053,9016,8953,9017,9005,9049
1754525943,6707184,8969,9053,9017,8953,9018,9005,9049
1754525944,6707184,8969,9053,9017,8953,9018,9005,9049
1754525945,6707184,8969,9053,9017,8953,9018,9005,9050
1754525946,6707184,8969,9053,9017,8953,9018,9005,9050
1754525947,6707185,8969,9053,9017,8953,9018,9005,9050
1754525948,6707185,8969,9053,9017,8953,9018,9005,9050
1754525949,6707185,8969,9053,9017,8953,9018,9005,9050
1754525951,6707185,8969,9053,9017,8953,9018,9005,9050
1754525953,6707185,8969,9054,9017,8954,9018,9005,9050
1754525954,6707185,8970,9054,9017,8954,9018,9005,9050
1754525956,6707185,8970,9054,9017,8954,9018,9006,9050
1754525957,6707185,8970,9054,9017,8954,9018,9006,9051
1754525958,6707186,8970,9054,9017,8954,9018,9006,9051
1754525959,6707186,8970,9054,9017,8954,9018,9006,9051
1754525960,6707186,8970,9054,9017,8954,9018,9006,9051
1754525962,6707186,8970,9054,9017,8954,9018,9006,9051
1754525963,6707186,8970,9054,9017,8954,9018,9006,9051
1754525964,6707186,8970,9054,9017,8954,9019,9006,9051
1754525965,6707186,8970,9054,9017,8954,9019,9006,9051
1754525966,6707186,8970,9054,9017,8954,9019,9006,9052
1754525967,6707186,8970,9055,9017,8954,9019,9006,9052
1754525968,6707186,8970,9055,9017,8954,9019,9006,9052
1754525970,6707186,8970,9055,9017,8954,9019,9006,9052
1754525971,6707186,8970,9055,9017,8954,9019,9006,9052
1754525972,6707186,8970,9055,9017,8954,9019,9006,9052
1754525973,6707186,8970,9055,9017,8954,9019,9006,9052
1754525974,6707186,8970,9055,9018,8954,9019,9006,9052
1754525975,6707186,8970,9055,9018,8954,9019,9006,9053
1754525977,6707186,8970,9055,9018,8954,9019,9006,9053
1754525978,6707186,8970,9055,9018,8954,9019,9006,9053
1754525979,6707186,8970,9055,9018,8954,9019,9006,9053
1754525980,6707186,8970,9055,9018,8954,9019,9006,9053
1754525981,6707186,8970,9056,9018,8954,9019,9006,9053
1754525982,6707186,8970,9056,9018,8954,9019,9006,9053
1754525984,6707187,8971,9056,9018,8955,9020,9006,9053
1754525987,6707187,8971,9056,9018,8955,9020,9006,9054
1754525988,6707187,8971,9056,9018,8955,9020,9006,9054
1754525989,6707187,8971,9056,9019,8955,9020,9006,9054
1754525990,6707187,8971,9056,9019,8955,9020,9006,9054
1754525992,6707187,8971,9056,9019,8955,9020,9006,9054
1754525993,6707187,8971,9057,9019,8955,9020,9007,9054
1754525994,6707187,8971,9057,9019,8955,9020,9007,9054
1754525995,6707187,8971,9057,9019,8955,9020,9007,9055
1754525996,6707187,8971,9057,9019,8955,9020,9007,9055
1754525998,6707187,8971,9057,9019,8955,9020,9007,9055
1754525999,6707187,8971,9057,9019,8955,9020,9007,9055
1754526000,6707187,8971,9057,9019,8955,9020,9007,9055
1754526001,6707187,8971,9057,9019,8955,9020,9007,9055
1754526002,6707187,8971,9057,9019,8955,9020,9007,9055
1754526003,6707188,8971,9057,9019,8955,9020,9007,9055
1754526005,6707188,8971,9057,9019,8955,9020,9007,9056
1754526006,6707188,8971,9058,9019,8955,9020,9007,9056
1754526007,6707188,8971,9058,9019,8955,9020,9007,9056
1754526008,6707188,8971,9058,9019,8955,9020,9007,9056
1754526009,6707188,8971,9058,9019,8955,9020,9007,9056
1754526010,6707188,8971,9058,9019,8955,9020,9007,9056
1754526012,6707188,8971,9058,9019,8955,9020,9007,9056
1754526013,6707188,8972,9058,9020,8955,9020,9007,9056
1754526014,6707188,8972,9058,9020,8955,9020,9007,9056
1754526015,6707188,8972,9058,9020,8955,9020,9007,9057
1754526016,6707188,8972,9058,9020,8955,9020,9007,9057
1754526017,6707188,8972,9058,9020,8955,9020,9007,9057
1754526019,6707188,8972,9058,9020,8955,9020,9007,9057
1754526020,6707188,8972,9058,9020,8955,9020,9007,9057
1754526021,6707188,8972,9058,9020,8955,9020,9007,9057
1754526022,6707188,8972,9058,9020,8956,9020,9007,9057
1754526023,6707188,8972,9058,9020,8956,9020,9007,9057
1754526025,6707189,8972,9058,9020,8956,9021,9007,9058
1754526027,6707189,8972,9058,9020,8956,9021,9008,9058
1754526028,6707189,8972,9059,9020,8956,9021,9008,9058
1754526029,6707189,8972,9059,9020,8956,9021,9008,9058
1754526030,6707189,8972,9059,9020,8956,9021,9008,9058
1754526032,6707189,8972,9059,9021,8956,9021,9008,9058
1754526033,6707189,8972,9059,9021,8956,9021,9008,9058
1754526034,6707189,8972,9059,9021,8956,9021,9008,9058
1754526035,6707189,8972,9059,9021,8956,9021,9008,9058
1754526036,6707189,8972,9059,9021,8956,9021,9008,9058
1754526037,6707189,8972,9059,9021,8956,9021,9008,9058
1754526039,6707189,8972,9059,9021,8956,9021,9008,9058
1754526040,6707189,8972,9059,9021,8956,9021,9008,9058
1754526041,6707189,8972,9059,9021,8956,9021,9008,9059
1754526042,6707189,8973,9059,9021,8956,9021,9008,9059
1754526043,6707189,8973,9059,9021,8956,9021,9008,9059
1754526044,6707189,8973,9059,9021,8956,9021,9008,9059
1754526046,6707189,8973,9060,9021,8956,9021,9008,9059
1754526047,6707189,8973,9060,9021,8956,9021,9008,9059
1754526048,6707189,8973,9060,9021,8956,9022,9008,9059
1754526049,6707189,8973,9060,9021,8956,9022,9008,9059
1754526050,6707189,8973,9060,9021,8956,9022,9008,9059
1754526051,6707190,8973,9060,9021,8956,9022,9008,9059
1754526054,6707190,8973,9060,9021,8957,9022,9008,9060
1754526056,6707190,8973,9060,9022,8957,9022,9008,9060
1754526057,6707190,8973,9060,9022,8957,9022,9008,9060
1754526058,6707190,8973,9061,9022,8957,9022,9008,9060
1754526060,6707190,8973,9061,9022,8957,9022,9008,9060
1754526061,6707190,8973,9061,9022,8957,9022,9008,9060
1754526062,6707190,8973,9061,9022,8957,9022,9008,9060
1754526063,6707190,8973,9061,9022,8957,9022,9009,9060
1754526064,6707190,8973,9061,9022,8957,9022,9009,9060
1754526066,6707190,8973,9061,9022,8957,9023,9009,9060
1754526067,6707190,8973,9061,9022,8957,9023,9009,9060
1754526068,6707190,8973,9061,9022,8957,9023,9009,9060
1754526069,6707190,8973,9061,9022,8957,9023,9009,9061
1754526070,6707190,8974,9061,9022,8957,9023,9009,9061
1754526071,6707190,8974,9061,9022,8957,9023,9009,9061
1754526072,6707190,8974,9061,9022,8957,9023,9009,9061
1754526074,6707191,8974,9062,9022,8957,9023,9009,9061
1754526075,6707191,8974,9062,9022,8957,9023,9009,9061
1754526076,6707191,8974,9062,9022,8957,9023,9009,9061
1754526077,6707191,8974,9062,9022,8957,9023,9009,9061
1754526078,6707191,8974,9062,9022,8957,9023,9009,9061
1754526079,6707191,8974,9062,9022,8957,9023,9009,9061
1754526081,6707191,8974,9062,9022,8957,9023,9009,9061
1754526082,6707191,8974,9062,9023,8957,9023,9009,9061
1754526083,6707191,8974,9062,9023,8957,9023,9009,9061
1754526084,6707191,8974,9062,9023,8957,9023,9009,9061
1754526085,6707191,8974,9062,9023,8957,9023,9009,9061
1754526086,6707191,8974,9062,9023,8958,9023,9009,9061
1754526089,6707191,8974,9062,9023,8958,9023,9009,9061
1754526091,6707191,8974,9063,9023,8958,9024,9009,9061
1754526092,6707191,8974,9063,9023,8958,9024,9009,9061
1754526093,6707191,8974,9063,9023,8958,9024,9009,9061
1754526094,6707191,8974,9063,9023,8958,9024,9009,9061
1754526095,6707191,8974,9063,9023,8958,9024,9009,9061
1754526097,6707192,8974,9063,9023,8958,9024,9009,9061
1754526098,6707192,8974,9063,9023,8958,9024,9009,9062
1754526099,6707192,8974,9063,9023,8958,9024,9010,9062
1754526100,6707192,8974,9063,9023,8958,9024,9010,9062
1754526101,6707192,8974,9063,9023,8958,9024,9010,9062
1754526102,6707192,8974,9063,9023,8958,9024,9010,9062
1754526104,6707192,8974,9063,9024,8958,9024,9010,9062
1754526105,6707192,8974,9064,9024,8958,9024,9010,9062
1754526106,6707192,8974,9064,9024,8958,9024,9010,9062
1754526107,6707192,8974,9064,9024,8958,9024,9010,9062
1754526108,6707192,8974,9064,9024,8958,9024,9010,9062
1754526109,6707192,8974,9064,9024,8958,9024,9010,9062
1754526110,6707192,8974,9064,9024,8958,9024,9010,9063
1754526112,6707192,8974,9064,9024,8958,9024,9010,9063
1754526113,6707192,8974,9064,9024,8958,9024,9010,9063
1754526114,6707192,8974,9064,9024,8958,9024,9010,9063
1754526115,6707192,8974,9064,9024,8958,9024,9010,9063
1754526116,6707192,8974,9064,9024,8958,9025,9010,9063
1754526119,6707192,8975,9064,9024,8959,9025,9010,9063
1754526120,6707193,8975,9065,9024,8959,9025,9010,9063
1754526121,6707193,8975,9065,9024,8959,9025,9010,9063
1754526122,6707193,8975,9065,9024,8959,9025,9010,9064
1754526124,6707193,8975,9065,9024,8959,9025,9010,9064
1754526125,6707193,8975,9065,9024,8959,9025,9010,9064
1754526126,6707193,8975,9065,9024,8959,9025,9010,9064
1754526127,6707193,8975,9065,9025,8959,9025,9010,9064
1754526129,6707193,8975,9065,9025,8959,9025,9010,9064
1754526130,6707193,8975,9065,9025,8959,9025,9010,9064
1754526131,6707193,8975,9065,9025,8959,9025,9010,9064
1754526132,6707193,8975,9065,9025,8959,9025,9010,9064
1754526133,6707193,8975,9065,9025,8959,9025,9010,9065
1754526134,6707193,8975,9065,9025,8959,9025,9010,9065
1754526136,6707193,8975,9065,9025,8959,9025,9010,9065
1754526137,6707193,8975,9065,9025,8959,9025,9010,9065
1754526138,6707193,8975,9066,9025,8959,9026,9010,9065
1754526139,6707193,8975,9066,9025,8959,9026,9010,9065
1754526140,6707193,8976,9066,9025,8959,9026,9010,9065
1754526141,6707193,8976,9066,9025,8959,9026,9010,9065
1754526142,6707193,8976,9066,9025,8959,9026,9010,9065
1754526144,6707194,8976,9066,9025,8959,9026,9010,9065
1754526145,6707194,8976,9066,9025,8959,9026,9010,9066
1754526146,6707194,8976,9066,9025,8959,9026,9010,9066
1754526147,6707194,8976,9066,9025,8959,9026,9010,9066
1754526148,6707194,8976,9066,9025,8959,9026,9010,9066
1754526149,6707194,8976,9066,9026,8959,9026,9010,9066
1754526151,6707194,8976,9066,9026,8959,9026,9010,9066
1754526152,6707194,8976,9066,9026,8959,9026,9010,9066
1754526153,6707194,8976,9067,9026,8959,9026,9011,9066
1754526156,6707194,8976,9067,9026,8960,9026,9011,9066
1754526157,6707194,8976,9067,9026,8960,9026,9011,9067
1754526159,6707194,8976,9067,9026,8960,9026,9011,9067
1754526160,6707194,8977,9067,9026,8960,9026,9011,9067
1754526161,6707194,8977,9067,9026,8960,9027,9011,9067
1754526162,6707194,8977,9067,9026,8960,9027,9011,9067
1754526163,6707194,8977,9067,9026,8960,9027,9011,9067
1754526164,6707194,8977,9067,9026,8960,9027,9011,9067
1754526166,6707195,8977,9067,9026,8960,9027,9011,9067
1754526167,6707195,8977,9067,9026,8960,9027,9011,9067
1754526168,6707195,8977,9068,9026,8960,9027,9011,9067
1754526169,6707195,8977,9068,9026,8960,9027,9011,9068
1754526170,6707195,8977,9068,9027,8960,9027,9011,9068
1754526171,6707195,8977,9068,9027,8960,9027,9011,9068
1754526173,6707195,8977,9068,9027,8960,9027,9011,9068
1754526174,6707195,8977,9068,9027,8960,9027,9011,9068
1754526175,6707195,8977,9068,9027,8960,9027,9011,9068
1754526176,6707195,8977,9068,9027,8960,9027,9011,9068
1754526177,6707195,8977,9068,9027,8960,9027,9011,9068
1754526178,6707195,8977,9068,9027,8960,9027,9011,9068
1754526180,6707195,8977,9068,9027,8960,9027,9011,9069
1754526181,6707195,8977,9068,9027,8960,9027,9011,9069
1754526183,6707195,8978,9069,9027,8960,9028,9011,9069
1754526184,6707195,8978,9069,9027,8960,9028,9011,9069
1754526185,6707195,8978,9069,9027,8961,9028,9011,9069
1754526187,6707196,8978,9069,9027,8961,9028,9011,9069
1754526188,6707196,8978,9069,9027,8961,9028,9011,9069
1754526189,6707196,8978,9069,9028,8961,9028,9011,9069
1754526190,6707196,8978,9069,9028,8961,9028,9011,9069
1754526192,6707196,8978,9069,9028,8961,9028,9011,9069
1754526193,6707196,8978,9069,9028,8961,9028,9011,9069
1754526194,6707196,8978,9069,9028,8961,9028,9011,9069
1754526195,6707196,8978,9069,9028,8961,9028,9011,9070
1754526196,6707196,8978,9069,9028,8961,9028,9011,9070
1754526197,6707196,8978,9069,9028,8961,9028,9011,9070
1754526198,6707196,8978,9069,9028,8961,9028,9011,9070
1754526200,6707196,8978,9069,9028,8961,9028,9011,9070
1754526201,6707196,8978,9069,9028,8961,9028,9011,9070
1754526202,6707196,8978,9069,9028,8961,9028,9011,9070
1754526203,6707196,8978,9069,9028,8961,9028,9011,9070
1754526204,6707196,8978,9069,9028,8961,9028,9011,9070
1754526205,6707196,8978,9069,9028,8961,9028,9011,9070
1754526207,6707196,8978,9069,9028,8961,9028,9011,9070
1754526208,6707196,8978,9069,9028,8961,9028,9011,9070
1754526209,6707196,8979,9069,9028,8961,9028,9011,9070
1754526210,6707196,8979,9069,9028,8961,9028,9011,9070
1754526211,6707196,8979,9069,9028,8961,9028,9011,9071
1754526212,6707196,8979,9069,9028,8961,9029,9011,9071
1754526214,6707196,8979,9069,9028,8961,9029,9011,9071
1754526215,6707196,8979,9070,9028,8961,9029,9012,9071
1754526218,6707196,8979,9070,9029,8961,9029,9012,9071
1754526219,6707196,8979,9070,9029,8961,9029,9012,9071
1754526220,6707196,8979,9070,9029,8962,9029,9012,9071
1754526221,6707196,8979,9070,9029,8962,9029,9012,9071
1754526222,6707196,8979,9070,9029,8962,9029,9012,9071
1754526224,6707197,8979,9070,9029,8962,9029,9012,9071
1754526225,6707197,8979,9070,9029,8962,9029,9012,9071
1754526226,6707197,8979,9070,9029,8962,9029,9012,9071
1754526227,6707197,8980,9071,9029,8962,9029,9012,9072
1754526228,6707197,8980,9071,9029,8962,9029,9012,9072
1754526229,6707197,8980,9071,9029,8962,9029,9012,9072
1754526231,6707197,8980,9071,9029,8962,9030,9012,9072
1754526232,6707197,8980,9071,9029,8962,9030,9012,9072
1754526233,6707197,8980,9071,9029,8962,9030,9012,9072
1754526234,6707197,8980,9071,9029,8962,9030,9012,9072
1754526235,6707197,8980,9071,9029,8962,9030,9012,9072
1754526236,6707197,8980,9071,9029,8962,9030,9012,9072
1754526238,6707197,8980,9071,9029,8962,9030,9012,9072
1754526239,6707197,8980,9071,9029,8962,9030,9012,9072
1754526240,6707197,8980,9071,9029,8962,9030,9012,9072
1754526241,6707197,8980,9071,9029,8962,9030,9012,9072
1754526242,6707197,8980,9072,9029,8962,9030,9012,9072
1754526245,6707198,8980,9072,9029,8962,9030,9012,9072
1754526246,6707198,8980,9072,9029,8962,9030,9012,9072
1754526247,6707198,8980,9072,9030,8962,9030,9012,9072
1754526248,6707198,8980,9072,9030,8962,9030,9012,9072
1754526250,6707198,8980,9072,9030,8962,9030,9012,9072
1754526251,6707198,8981,9072,9030,8962,9030,9013,9072
1754526252,6707198,8981,9072,9030,8962,9030,9013,9072
1754526253,6707198,8981,9072,9030,8962,9030,9013,9072
1754526254,6707198,8981,9073,9030,8962,9030,9013,9072
1754526255,6707198,8981,9073,9030,8963,9030,9013,9072
1754526257,6707198,8981,9073,9030,8963,9031,9013,9072
1754526258,6707198,8981,9073,9030,8963,9031,9013,9072
1754526259,6707198,8981,9073,9030,8963,9031,9013,9073
1754526260,6707198,8981,9073,9030,8963,9031,9013,9073
1754526261,6707198,8981,9073,9030,8963,9031,9013,9073
1754526262,6707198,8981,9073,9030,8963,9031,9013,9073
1754526264,6707198,8981,9073,9030,8963,9031,9013,9073
1754526265,6707198,8981,9073,9030,8963,9031,9013,9073
1754526266,6707199,8981,9073,9030,8963,9031,9013,9073
1754526267,6707199,8981,9073,9030,8963,9031,9013,9073
1754526268,6707199,8981,9073,9030,8963,9031,9013,9073
1754526269,6707199,8981,9073,9030,8963,9031,9013,9073
1754526270,6707199,8981,9074,9030,8963,9031,9013,9073
1754526272,6707199,8981,9074,9030,8963,9031,9013,9073
1754526273,6707199,8981,9074,9030,8963,9031,9013,9074
1754526274,6707199,8981,9074,9030,8963,9031,9013,9074
1754526275,6707199,8982,9074,9031,8963,9031,9013,9074
1754526276,6707199,8982,9074,9031,8963,9031,9013,9074
1754526278,6707199,8982,9074,9031,8963,9031,9013,9074
1754526279,6707199,8982,9074,9031,8963,9031,9013,9074
1754526281,6707199,8982,9074,9031,8963,9031,9013,9074
1754526283,6707199,8982,9074,9031,8963,9031,9013,9074
1754526284,6707199,8982,9074,9031,8963,9031,9013,9074
1754526285,6707199,8982,9074,9031,8963,9031,9013,9074
1754526286,6707200,8982,9075,9031,8963,9031,9013,9075
1754526288,6707200,8982,9075,9032,8964,9031,9014,9075
1754526289,6707200,8982,9075,9032,8964,9031,9014,9075
1754526290,6707200,8982,9075,9032,8964,9031,9014,9075
1754526291,6707200,8982,9075,9032,8964,9031,9014,9075
1754526292,6707200,8982,9075,9032,8964,9031,9014,9075
1754526293,6707200,8982,9075,9032,8964,9031,9014,9075
1754526295,6707200,8983,9075,9032,8964,9031,9014,9075
1754526296,6707200,8983,9075,9032,8964,9031,9014,9075
1754526297,6707200,8983,9075,9032,8964,9031,9014,9075
1754526298,6707200,8983,9075,9032,8964,9032,9014,9075
1754526299,6707200,8983,9075,9032,8964,9032,9014,9075
1754526300,6707200,8983,9075,9032,8964,9032,9014,9075
1754526302,6707200,8983,9075,9032,8964,9032,9014,9076
1754526303,6707200,8983,9075,9032,8964,9032,9014,9076
1754526304,6707200,8983,9076,9032,8964,9032,9014,9076
1754526305,6707200,8983,9076,9032,8964,9032,9014,9076
1754526306,6707200,8983,9076,9032,8964,9032,9014,9076
1754526307,6707200,8983,9076,9032,8964,9032,9014,9076
1754526308,6707201,8983,9076,9032,8964,9032,9014,9076
1754526310,6707201,8983,9076,9032,8964,9032,9014,9076
1754526312,6707201,8983,9076,9033,8964,9032,9014,9076
1754526314,6707201,8983,9076,9033,8964,9032,9014,9076
1754526315,6707201,8984,9076,9033,8964,9032,9014,9077
1754526316,6707201,8984,9076,9033,8964,9033,9014,9077
1754526317,6707201,8984,9076,9033,8964,9033,9014,9077
1754526318,6707201,8984,9077,9033,8964,9033,9014,9077
1754526320,6707201,8984,9077,9033,8964,9033,9014,9077
1754526321,6707201,8984,9077,9033,8964,9033,9014,9077
1754526322,6707201,8984,9077,9033,8964,9033,9014,9077
1754526323,6707201,8984,9077,9033,8964,9033,9014,9077
1754526324,6707201,8984,9077,9033,8965,9033,9014,9077
1754526326,6707201,8984,9077,9033,8965,9033,9015,9077
1754526327,6707201,8984,9077,9033,8965,9033,9015,9077
1754526328,6707201,8984,9077,9033,8965,9033,9015,9077
1754526329,6707201,8984,9077,9033,8965,9033,9015,9077
1754526330,6707201,8984,9077,9033,8965,9033,9015,9077
1754526331,6707201,8984,9077,9033,8965,9033,9015,9077
1754526332,6707202,8984,9077,9033,8965,9033,9015,9077
1754526334,6707202,8984,9077,9033,8965,9033,9015,9077
1754526335,6707202,8984,9077,9033,8965,9033,9015,9077
1754526336,6707202,8985,9078,9033,8965,9033,9015,9078
1754526337,6707202,8985,9078,9034,8965,9033,9015,9078
1754526338,6707202,8985,9078,9034,8965,9033,9015,9078
1754526339,6707202,8985,9078,9034,8965,9033,9015,9078
1754526341,6707202,8985,9078,9034,8965,9033,9015,9078
1754526342,6707202,8985,9078,9034,8965,9033,9015,9078
1754526343,6707202,8985,9078,9034,8965,9033,9015,9078
1754526344,6707202,8985,9078,9034,8965,9033,9015,9078
1754526345,6707202,8985,9078,9034,8965,9033,9015,9078
1754526346,6707202,8985,9078,9034,8965,9034,9015,9078
1754526348,6707202,8985,9078,9034,8965,9034,9015,9078
1754526349,6707202,8985,9078,9034,8965,9034,9015,9078
1754526351,6707202,8985,9079,9034,8965,9034,9015,9078
1754526353,6707203,8985,9079,9034,8965,9034,9015,9078
1754526354,6707203,8985,9079,9034,8965,9034,9015,9078
1754526355,6707203,8985,9079,9034,8965,9034,9015,9079
1754526356,6707203,8985,9079,9034,8965,9034,9015,9079
1754526357,6707203,8985,9079,9034,8965,9034,9015,9079
1754526359,6707203,8986,9079,9034,8965,9034,9015,9079
1754526360,6707203,8986,9079,9034,8965,9034,9015,9079
1754526361,6707203,8986,9079,9035,8965,9034,9015,9079
1754526362,6707203,8986,9079,9035,8965,9034,9015,9079
1754526363,6707203,8986,9079,9035,8965,9034,9015,9079
1754526364,6707203,8986,9080,9035,8965,9034,9016,9079
1754526366,6707203,8986,9080,9035,8965,9035,9016,9079
1754526367,6707203,8986,9080,9035,8965,9035,9016,9079
1754526368,6707203,8986,9080,9035,8965,9035,9016,9079
1754526369,6707203,8986,9080,9035,8965,9035,9016,9079
1754526370,6707203,8986,9080,9035,8965,9035,9016,9079
1754526371,6707203,8986,9080,9035,8965,9035,9016,9079
1754526373,6707203,8986,9080,9035,8965,9035,9016,9080
1754526374,6707203,8986,9080,9035,8965,9035,9016,9080
1754526375,6707203,8986,9080,9035,8965,9035,9016,9080
1754526376,6707203,8986,9080,9035,8965,9035,9016,9080
1754526377,6707204,8986,9080,9035,8965,9035,9016,9080
1754526379,6707204,8987,9080,9035,8965,9035,9016,9080
1754526381,6707204,8987,9080,9035,8965,9035,9016,9080
1754526382,6707204,8987,9080,9035,8965,9035,9016,9080
1754526383,6707204,8987,9080,9035,8965,9035,9016,9080
1754526385,6707204,8987,9080,9035,8965,9035,9016,9080
1754526386,6707204,8987,9080,9035,8965,9035,9016,9080
1754526387,6707204,8987,9080,9035,8965,9036,9016,9080
1754526388,6707204,8987,9080,9036,8965,9036,9016,9080
1754526389,6707204,8987,9081,9036,8965,9036,9016,9080
1754526391,6707204,8987,9081,9036,8965,9036,9016,9081
1754526392,6707204,8987,9081,9036,8966,9036,9016,9081
1754526393,6707204,8987,9081,9036,8966,9036,9016,9081
1754526394,6707204,8987,9081,9036,8966,9036,9016,9081
1754526395,6707204,8987,9081,9036,8966,9036,9016,9081
1754526396,6707204,8987,9081,9036,8966,9036,9016,9081
1754526398,6707205,8987,9081,9036,8966,9036,9016,9081
1754526399,6707205,8987,9081,9036,8966,9036,9017,9081
1754526400,6707205,8987,9081,9036,8966,9036,9017,9081
1754526401,6707205,8987,9081,9036,8966,9036,9017,9081
1754526402,6707205,8987,9081,9036,8966,9036,9017,9081
1754526403,6707205,8987,9081,9036,8966,9036,9017,9081
1754526405,6707205,8987,9082,9036,8966,9036,9017,9081
1754526406,6707205,8987,9082,9036,8966,9036,9017,9081
1754526407,6707205,8987,9082,9036,8966,9036,9017,9081
1754526408,6707205,8987,9082,9036,8966,9036,9017,9081
1754526409,6707205,8987,9082,9036,8966,9036,9017,9081
1754526410,6707205,8987,9082,9036,8966,9036,9017,9081
1754526412,6707205,8987,9082,9036,8966,9036,9017,9081
1754526413,6707205,8987,9082,9036,8966,9036,9017,9082
1754526414,6707205,8987,9082,9037,8966,9036,9017,9082
1754526416,6707205,8987,9083,9037,8966,9036,9017,9082
1754526418,6707205,8987,9083,9037,8966,9037,9017,9082
1754526419,6707206,8987,9083,9037,8966,9037,9017,9082
1754526420,6707206,8988,9083,9037,8966,9037,9017,9082
1754526421,6707206,8988,9083,9037,8966,9037,9017,9082
1754526422,6707206,8988,9083,9037,8966,9037,9017,9082
1754526424,6707206,8988,9083,9037,8966,9037,9017,9082
1754526425,6707206,8988,9083,9037,8966,9037,9017,9082
1754526426,6707206,8988,9083,9037,8966,9037,9017,9082
1754526427,6707206,8988,9084,9037,8966,9037,9017,9082
1754526428,6707206,8988,9084,9037,8967,9037,9017,9082
1754526429,6707206,8988,9084,9037,8967,9037,9017,9082
1754526431,6707206,8988,9084,9037,8967,9037,9017,9083
1754526432,6707206,8988,9084,9037,8967,9037,9018,9083
1754526433,6707206,8988,9084,9037,8967,9037,9018,9083
1754526434,6707206,8988,9084,9037,8967,9037,9018,9083
1754526435,6707206,8988,9084,9037,8967,9037,9018,9083
1754526436,6707206,8988,9084,9038,8967,9037,9018,9083
1754526438,6707206,8988,9084,9038,8967,9037,9018,9083
1754526439,6707206,8988,9085,9038,8967,9037,9018,9083
1754526440,6707207,8989,9085,9038,8967,9037,9018,9083
1754526441,6707207,8989,9085,9038,8967,9037,9018,9083
1754526442,6707207,8989,9085,9038,8967,9037,9018,9083
1754526443,6707207,8989,9085,9038,8967,9038,9018,9083
1754526446,6707207,8989,9085,9038,8967,9038,9018,9083
1754526447,6707207,8989,9085,9038,8967,9038,9018,9083
1754526448,6707207,8989,9085,9038,8967,9038,9018,9083
1754526450,6707207,8989,9085,9038,8967,9038,9018,9083
1754526451,6707207,8989,9086,9038,8967,9038,9018,9083
1754526452,6707207,8989,9086,9038,8967,9038,9018,9083
1754526453,6707207,8989,9086,9038,8967,9038,9018,9083
1754526454,6707207,8989,9086,9038,8967,9038,9018,9083
1754526456,6707207,8989,9086,9038,8967,9038,9018,9083
1754526457,6707207,8989,9086,9038,8967,9038,9018,9083
1754526458,6707207,8990,9086,9038,8967,9038,9018,9083
1754526459,6707207,8990,9086,9038,8967,9038,9018,9083
1754526460,6707208,8990,9086,9039,8967,9038,9018,9083
1754526461,6707208,8990,9086,9039,8967,9038,9018,9083
1754526463,6707208,8990,9086,9039,8968,9038,9018,9083
1754526464,6707208,8990,9087,9039,8968,9038,9018,9083
1754526465,6707208,8990,9087,9039,8968,9038,9019,9083
1754526466,6707208,8990,9087,9039,8968,9038,9019,9083
1754526467,6707208,8990,9087,9039,8968,9038,9019,9083
1754526468,6707208,8990,9087,9039,8968,9039,9019,9084
1754526470,6707208,8990,9087,9039,8968,9039,9019,9084
1754526471,6707208,8990,9087,9039,8968,9039,9019,9084
1754526472,6707208,8990,9087,9039,8968,9039,9019,9084
1754526473,6707208,8990,9087,9039,8968,9039,9019,9084
1754526474,6707208,8990,9087,9039,8968,9039,9019,9084
1754526475,6707208,8990,9087,9039,8968,9039,9019,9084
1754526476,6707208,8991,9087,9039,8968,9039,9019,9084
1754526478,6707208,8991,9088,9039,8968,9039,9019,9084
1754526479,6707208,8991,9088,9039,8968,9039,9019,9084
1754526480,6707208,8991,9088,9039,8968,9039,9019,9084
1754526482,6707208,8991,9088,9039,8968,9039,9019,9085
1754526484,6707208,8991,9088,9039,8968,9039,9019,9085
1754526485,6707208,8991,9088,9040,8968,9039,9019,9085
1754526487,6707208,8991,9088,9040,8968,9039,9019,9085
1754526488,6707208,8991,9088,9040,8968,9039,9019,9085
1754526489,6707208,8991,9088,9040,8968,9039,9019,9085
1754526490,6707208,8991,9088,9040,8968,9039,9019,9085
1754526491,6707208,8991,9089,9040,8968,9039,9019,9085
1754526492,6707208,8991,9089,9040,8968,9039,9019,9085
1754526494,6707208,8991,9089,9040,8968,9039,9019,9085
1754526495,6707209,8991,9089,9040,8968,9040,9019,9085
1754526496,6707209,8992,9089,9040,8968,9040,9019,9085
1754526497,6707209,8992,9089,9040,8969,9040,9019,9085
1754526498,6707209,8992,9089,9040,8969,9040,9019,9085
1754526499,6707209,8992,9089,9040,8969,9040,9019,9085
1754526501,6707209,8992,9089,9040,8969,9040,9019,9085
1754526502,6707209,8992,9089,9040,8969,9040,9019,9086
1754526503,6707209,8992,9089,9040,8969,9040,9020,9086
1754526504,6707209,8992,9089,9040,8969,9040,9020,9086
1754526505,6707209,8992,9089,9040,8969,9040,9020,9086
1754526506,6707209,8992,9089,9040,8969,9040,9020,9086
1754526507,6707209,8992,9089,9040,8969,9040,9020,9086
1754526509,6707209,8992,9089,9040,8969,9040,9020,9086
1754526510,6707209,8992,9089,9041,8969,9040,9020,9086
1754526512,6707209,8992,9089,9041,8969,9040,9020,9086
1754526513,6707210,8993,9090,9041,8969,9040,9020,9086
1754526515,6707210,8993,9090,9041,8969,9040,9020,9086
1754526516,6707210,8993,9090,9041,8969,9040,9020,9086
1754526517,6707210,8993,9090,9041,8969,9040,9020,9086
1754526518,6707210,8993,9090,9041,8969,9040,9020,9086
1754526519,6707210,8993,9090,9041,8969,9040,9020,9087
1754526521,6707210,8993,9090,9041,8969,9040,9020,9087
1754526522,6707210,8993,9090,9041,8969,9040,9020,9087
1754526523,6707210,8993,9090,9041,8969,9041,9020,9087
1754526524,6707210,8993,9090,9041,8969,9041,9020,9087
1754526525,6707210,8993,9090,9041,8969,9041,9020,9087
1754526526,6707210,8993,9090,9041,8969,9041,9020,9087
1754526527,6707210,8993,9090,9041,8969,9041,9020,9087
1754526529,6707210,8993,9090,9041,8969,9041,9020,9087
1754526530,6707210,8993,9090,9041,8969,9041,9020,9087
1754526531,6707210,8993,9090,9041,8969,9041,9020,9087
1754526532,6707210,8993,9090,9041,8969,9041,9020,9087
1754526533,6707211,8993,9090,9041,8969,9041,9020,9087
1754526534,6707211,8993,9090,9041,8969,9041,9020,9087
1754526536,6707211,8994,9090,9041,8970,9041,9020,9087
1754526537,6707211,8994,9090,9041,8970,9041,9020,9087
1754526538,6707211,8994,9090,9041,8970,9041,9020,9087
1754526539,6707211,8994,9090,9041,8970,9041,9021,9088
1754526540,6707211,8994,9090,9041,8970,9041,9021,9088
1754526541,6707211,8994,9090,9041,8970,9041,9021,9088
1754526543,6707211,8994,9090,9041,8970,9041,9021,9088
1754526544,6707211,8994,9090,9042,8970,9041,9021,9088
1754526545,6707211,8994,9090,9042,8970,9041,9021,9088
1754526546,6707211,8994,9090,9042,8970,9041,9021,9088
1754526547,6707211,8994,9090,9042,8970,9041,9021,9088
1754526550,6707211,8994,9090,9042,8970,9042,9021,9088
1754526552,6707211,8994,9091,9042,8970,9042,9021,9088
1754526553,6707211,8994,9091,9042,8970,9042,9021,9088
1754526554,6707211,8994,9091,9042,8970,9042,9021,9089
1754526555,6707212,8995,9091,9042,8970,9042,9021,9089
1754526557,6707212,8995,9091,9042,8970,9042,9021,9089
1754526558,6707212,8995,9091,9042,8970,9042,9021,9089
1754526559,6707212,8995,9091,9042,8970,9042,9021,9089
1754526560,6707212,8995,9091,9042,8970,9042,9021,9089
1754526561,6707212,8995,9091,9042,8970,9042,9021,9089
1754526562,6707212,8995,9091,9042,8970,9042,9021,9089
1754526564,6707212,8995,9091,9042,8970,9042,9021,9089
1754526565,6707212,8995,9091,9042,8970,9042,9021,9089
1754526566,6707212,8995,9091,9042,8970,9042,9021,9089
1754526567,6707212,8995,9091,9042,8970,9042,9021,9089
1754526568,6707212,8995,9091,9042,8970,9042,9021,9089
1754526569,6707212,8995,9091,9042,8971,9042,9021,9089
1754526570,6707212,8995,9091,9042,8971,9042,9021,9089
1754526572,6707212,8995,9091,9042,8971,9042,9021,9089
1754526573,6707212,8995,9091,9042,8971,9042,9021,9089
1754526574,6707212,8995,9091,9042,8971,9042,9021,9089
1754526575,6707212,8995,9091,9042,8971,9043,9021,9090
1754526576,6707212,8995,9091,9042,8971,9043,9022,9090
1754526579,6707213,8996,9092,9042,8971,9043,9022,9090
1754526581,6707213,8996,9092,9042,8971,9043,9022,9090
1754526582,6707213,8996,9092,9042,8971,9043,9022,9090
1754526583,6707213,8996,9092,9043,8971,9043,9022,9090
1754526584,6707213,8996,9092,9043,8971,9043,9022,9090
1754526586,6707213,8996,9092,9043,8971,9043,9022,9090
1754526587,6707213,8996,9092,9043,8971,9043,9022,9090
1754526588,6707213,8996,9092,9043,8971,9043,9022,9090
1754526589,6707213,8996,9092,9043,8971,9043,9022,9090
1754526590,6707213,8996,9092,9043,8971,9043,9022,9090
1754526591,6707213,8996,9092,9043,8971,9043,9022,9090
1754526593,6707213,8996,9092,9043,8971,9043,9022,9090
1754526594,6707213,8996,9092,9043,8971,9043,9022,9091
1754526595,6707213,8996,9092,9043,8971,9043,9022,9091
1754526596,6707213,8996,9092,9043,8971,9043,9022,9091
1754526597,6707213,8996,9092,9043,8972,9043,9022,9091
1754526598,6707213,8997,9092,9043,8972,9043,9022,9091
1754526600,6707213,8997,9092,9043,8972,9043,9022,9091
1754526601,6707213,8997,9093,9043,8972,9043,9022,9091
1754526602,6707213,8997,9093,9043,8972,9043,9022,9091
1754526603,6707213,8997,9093,9043,8972,9043,9022,9091
1754526604,6707214,8997,9093,9043,8972,9043,9022,9091
1754526605,6707214,8997,9093,9043,8972,9043,9022,9091
1754526607,6707214,8997,9093,9043,8972,9043,9022,9091
1754526608,6707214,8997,9093,9043,8972,9043,9022,9091
1754526609,6707214,8997,9093,9043,8972,9043,9022,9091
1754526610,6707214,8997,9093,9043,8972,9043,9022,9091
1754526611,6707214,8997,9093,9044,8972,9043,9022,9091
1754526613,6707214,8997,9093,9044,8972,9043,9022,9092
1754526615,6707214,8997,9093,9044,8972,9043,9022,9092
1754526616,6707214,8997,9093,9044,8972,9043,9022,9092
1754526617,6707214,8998,9093,9044,8972,9044,9022,9092
1754526619,6707214,8998,9093,9044,8972,9044,9023,9092
1754526620,6707214,8998,9093,9044,8972,9044,9023,9092
1754526621,6707214,8998,9094,9044,8972,9044,9023,9092
1754526622,6707214,8998,9094,9044,8972,9044,9023,9092
1754526623,6707214,8998,9094,9044,8972,9044,9023,9092
1754526624,6707214,8998,9094,9044,8972,9044,9023,9092
1754526626,6707214,8998,9094,9044,8972,9044,9023,9092
1754526627,6707215,8998,9094,9044,8972,9044,9023,9092
1754526628,6707215,8998,9094,9044,8972,9044,9023,9092
1754526629,6707215,8998,9094,9044,8972,9044,9023,9092
1754526630,6707215,8998,9094,9044,8973,9044,9023,9092
1754526631,6707215,8998,9094,9044,8973,9044,9023,9092
1754526633,6707215,8998,9094,9044,8973,9044,9023,9092
1754526634,6707215,8998,9094,9044,8973,9044,9023,9093
1754526635,6707215,8998,9094,9045,8973,9044,9023,9093
1754526636,6707215,8998,9094,9045,8973,9044,9023,9093
1754526637,6707215,8998,9094,9045,8973,9044,9023,9093
1754526638,6707215,8999,9094,9045,8973,9044,9023,9093
1754526641,6707215,8999,9095,9045,8973,9045,9023,9093
1754526643,6707215,8999,9095,9045,8973,9045,9023,9093
1754526644,6707215,8999,9095,9045,8973,9045,9023,9093
1754526645,6707215,8999,9095,9045,8973,9045,9023,9093
1754526647,6707215,8999,9095,9045,8973,9045,9023,9093
1754526648,6707216,8999,9095,9045,8973,9045,9023,9093
1754526649,6707216,8999,9095,9045,8973,9045,9023,9093
1754526650,6707216,8999,9095,9045,8973,9045,9023,9093
1754526651,6707216,8999,9095,9045,8973,9045,9023,9093
1754526652,6707216,8999,9095,9045,8973,9045,9023,9094
1754526654,6707216,8999,9095,9045,8973,9045,9023,9094
1754526655,6707216,8999,9095,9045,8973,9045,9023,9094
1754526656,6707216,8999,9095,9045,8973,9045,9023,9094
1754526657,6707216,8999,9095,9046,8973,9045,9023,9094
1754526658,6707216,8999,9095,9046,8973,9045,9023,9094
1754526659,6707216,8999,9095,9046,8973,9045,9023,9094
1754526661,6707216,9000,9095,9046,8973,9045,9023,9094
1754526662,6707216,9000,9095,9046,8974,9045,9023,9094
1754526663,6707216,9000,9095,9046,8974,9045,9023,9094
1754526664,6707216,9000,9095,9046,8974,9045,9023,9094
1754526665,6707216,9000,9095,9046,8974,9045,9023,9094
1754526666,6707216,9000,9096,9046,8974,9045,9023,9094
1754526668,6707216,9000,9096,9046,8974,9046,9023,9094
1754526669,6707216,9000,9096,9046,8974,9046,9023,9094
1754526670,6707216,9000,9096,9046,8974,9046,9023,9094
1754526671,6707216,9000,9096,9046,8974,9046,9023,9094
1754526673,6707217,9000,9096,9046,8974,9046,9023,9094
1754526675,6707217,9000,9096,9046,8974,9046,9024,9094
1754526677,6707217,9000,9096,9047,8974,9046,9024,9094
1754526678,6707217,9000,9096,9047,8974,9046,9024,9094
1754526679,6707217,9000,9096,9047,8974,9046,9024,9094
1754526680,6707217,9000,9096,9047,8974,9046,9024,9094
1754526682,6707217,9000,9096,9047,8974,9046,9024,9094
1754526683,6707217,9000,9096,9047,8974,9046,9024,9094
1754526684,6707217,9000,9096,9047,8974,9046,9024,9094
1754526685,6707217,9000,9096,9047,8974,9046,9024,9094
1754526686,6707217,9000,9096,9047,8974,9046,9024,9094
1754526687,6707217,9000,9097,9047,8974,9046,9024,9094
1754526689,6707217,9000,9097,9047,8974,9047,9024,9095
1754526690,6707217,9000,9097,9047,8974,9047,9024,9095
1754526691,6707217,9000,9097,9047,8974,9047,9024,9095
1754526692,6707217,9000,9097,9047,8975,9047,9024,9095
1754526693,6707217,9000,9097,9047,8975,9047,9024,9095
1754526694,6707218,9000,9097,9047,8975,9047,9024,9095
1754526696,6707218,9000,9097,9047,8975,9047,9024,9095
1754526697,6707218,9000,9097,9047,8975,9047,9024,9095
1754526698,6707218,9000,9097,9047,8975,9047,9024,9095
1754526699,6707218,9000,9097,9047,8975,9047,9024,9095
1754526701,6707218,9001,9097,9047,8975,9047,9024,9095
1754526703,6707218,9001,9097,9048,8975,9047,9024,9095
1754526705,6707218,9001,9097,9048,8975,9047,9024,9096
1754526706,6707218,9001,9097,9048,8975,9047,9024,9096
1754526707,6707218,9001,9098,9048,8975,9047,9024,9096
1754526708,6707218,9001,9098,9048,8975,9047,9024,9096
1754526709,6707218,9001,9098,9048,8975,9047,9024,9096
1754526711,6707218,9001,9098,9048,8975,9047,9024,9096
1754526712,6707218,9001,9098,9048,8975,9047,9024,9096
1754526713,6707218,9001,9098,9048,8975,9047,9024,9096
1754526714,6707218,9001,9098,9048,8975,9047,9024,9096
1754526715,6707218,9001,9098,9048,8975,9048,9024,9096
1754526716,6707218,9001,9098,9048,8975,9048,9024,9096
1754526718,6707218,9001,9098,9048,8975,9048,9024,9096
1754526719,6707218,9001,9098,9048,8975,9048,9024,9096
1754526720,6707218,9001,9098,9048,8975,9048,9024,9096
1754526721,6707218,9002,9098,9048,8975,9048,9025,9096
1754526722,6707218,9002,9098,9048,8975,9048,9025,9097
1754526723,6707218,9002,9098,9048,8975,9048,9025,9097
1754526724,6707219,9002,9098,9048,8975,9048,9025,9097
1754526726,6707219,9002,9098,9048,8975,9048,9025,9097
1754526727,6707219,9002,9098,9048,8975,9048,9025,9097
1754526728,6707219,9002,9098,9048,8976,9048,9025,9097
1754526729,6707219,9002,9098,9048,8976,9048,9025,9097
1754526730,6707219,9002,9098,9049,8976,9048,9025,9097
1754526731,6707219,9002,9098,9049,8976,9048,9025,9097
1754526733,6707219,9002,9098,9049,8976,9048,9025,9097
1754526735,6707219,9002,9099,9049,8976,9048,9025,9097
1754526737,6707219,9002,9099,9049,8976,9048,9025,9098
1754526738,6707219,9002,9099,9049,8976,9048,9025,9098
1754526739,6707219,9002,9099,9049,8976,9048,9025,9098
1754526741,6707219,9003,9099,9049,8976,9049,9025,9098
1754526742,6707219,9003,9099,9049,8976,9049,9025,9098
1754526743,6707219,9003,9099,9049,8976,9049,9025,9098
1754526744,6707219,9003,9099,9049,8976,9049,9025,9098
1754526745,6707219,9003,9099,9049,8976,9049,9025,9098
1754526746,6707219,9003,9099,9049,8976,9049,9025,9098
1754526747,6707219,9003,9099,9049,8976,9049,9025,9098
1754526749,6707219,9003,9099,9049,8976,9049,9025,9098
1754526750,6707219,9003,9099,9049,8976,9049,9025,9098
1754526751,6707219,9003,9099,9049,8976,9049,9025,9098
1754526752,6707219,9003,9099,9049,8976,9049,9025,9098
1754526753,6707219,9003,9099,9049,8976,9049,9025,9098
1754526754,6707219,9003,9099,9049,8976,9049,9025,9099
1754526756,6707219,9003,9100,9050,8976,9049,9025,9099
1754526757,6707219,9003,9100,9050,8976,9049,9025,9099
1754526758,6707219,9003,9100,9050,8976,9049,9025,9099
1754526759,6707220,9003,9100,9050,8976,9049,9026,9099
1754526762,6707220,9003,9100,9050,8976,9049,9026,9099
1754526764,6707220,9004,9100,9050,8976,9049,9026,9099
1754526765,6707220,9004,9100,9050,8976,9049,9026,9099
1754526766,6707220,9004,9100,9050,8976,9050,9026,9099
1754526768,6707220,9004,9100,9050,8976,9050,9026,9099
1754526769,6707220,9004,9100,9050,8976,9050,9026,9099
1754526770,6707220,9004,9100,9050,8976,9050,9026,9099
1754526771,6707220,9004,9100,9050,8976,9050,9026,9099
1754526772,6707220,9004,9100,9050,8976,9050,9026,9099
1754526773,6707220,9004,9100,9050,8976,9050,9026,9099
1754526775,6707220,9004,9100,9050,8976,9050,9026,9100
1754526776,6707220,9004,9100,9050,8976,9050,9026,9100
1754526777,6707220,9004,9100,9050,8976,9050,9026,9100
1754526778,6707220,9004,9101,9050,8976,9050,9026,9100
1754526779,6707220,9004,9101,9051,8976,9050,9026,9100
1754526780,6707220,9004,9101,9051,8976,9050,9026,9100
1754526782,6707220,9004,9101,9051,8976,9050,9026,9100
1754526783,6707220,9004,9101,9051,8976,9050,9026,9100
1754526784,6707220,9004,9101,9051,8976,9050,9026,9100
1754526785,6707220,9004,9101,9051,8976,9050,9026,9100
1754526786,6707220,9004,9101,9051,8976,9050,9026,9100
1754526787,6707220,9004,9101,9051,8976,9050,9026,9100
1754526789,6707221,9005,9101,9051,8976,9050,9026,9100
1754526790,6707221,9005,9101,9051,8976,9050,9026,9100
1754526791,6707221,9005,9101,9051,8976,9050,9026,9100
1754526792,6707221,9005,9101,9051,8976,9050,9026,9100
1754526793,6707221,9005,9101,9051,8976,9050,9026,9100
1754526794,6707221,9005,9101,9051,8976,9050,9026,9100
1754526796,6707221,9005,9101,9051,8977,9051,9027,9100
1754526798,6707221,9005,9101,9051,8977,9051,9027,9101
1754526800,6707221,9005,9101,9051,8977,9051,9027,9101
1754526801,6707221,9005,9101,9052,8977,9051,9027,9101
1754526802,6707221,9005,9101,9052,8977,9051,9027,9101
1754526803,6707221,9005,9101,9052,8977,9051,9027,9101
1754526804,6707221,9005,9101,9052,8977,9051,9027,9101
1754526805,6707221,9005,9101,9052,8977,9051,9027,9101
1754526807,6707221,9006,9101,9052,8977,9051,9027,9101
1754526808,6707221,9006,9101,9052,8977,9051,9027,9101
1754526809,6707221,9006,9101,9052,8977,9051,9027,9101
1754526810,6707221,9006,9101,9052,8977,9051,9027,9101
1754526811,6707221,9006,9101,9052,8977,9051,9027,9101
1754526812,6707221,9006,9101,9052,8977,9051,9027,9101
1754526814,6707222,9006,9101,9052,8977,9051,9027,9101
1754526815,6707222,9006,9101,9052,8977,9051,9027,9101
1754526816,6707222,9006,9101,9052,8977,9051,9027,9101
1754526817,6707222,9006,9101,9052,8977,9051,9027,9101
1754526818,6707222,9006,9101,9052,8977,9051,9027,9101
1754526819,6707222,9006,9101,9052,8977,9051,9027,9101
1754526821,6707222,9006,9101,9052,8977,9051,9027,9102
1754526822,6707222,9006,9101,9052,8977,9051,9027,9102
1754526823,6707222,9006,9102,9052,8977,9052,9027,9102
1754526825,6707222,9006,9102,9052,8977,9052,9027,9102
1754526827,6707222,9006,9102,9052,8978,9052,9027,9102
1754526828,6707222,9007,9102,9052,8978,9052,9027,9102
1754526829,6707222,9007,9102,9052,8978,9052,9027,9102
1754526831,6707222,9007,9102,9052,8978,9052,9027,9102
1754526832,6707222,9007,9102,9052,8978,9052,9027,9102
1754526833,6707222,9007,9102,9052,8978,9052,9028,9102
1754526834,6707222,9007,9102,9052,8978,9052,9028,9102
1754526836,6707222,9007,9102,9052,8978,9052,9028,9102
1754526837,6707222,9007,9102,9052,8978,9052,9028,9102
1754526838,6707222,9007,9102,9052,8978,9052,9028,9102
1754526839,6707223,9007,9102,9052,8978,9052,9028,9102
1754526840,6707223,9007,9102,9052,8978,9052,9028,9102
1754526841,6707223,9007,9102,9052,8978,9052,9028,9103
1754526843,6707223,9007,9102,9052,8978,9052,9028,9103
1754526844,6707223,9007,9102,9052,8978,9052,9028,9103
1754526845,6707223,9007,9102,9052,8978,9052,9028,9103
1754526846,6707223,9007,9102,9052,8978,9052,9028,9103
1754526847,6707223,9007,9102,9052,8978,9052,9028,9103
1754526848,6707223,9007,9102,9053,8978,9052,9028,9103
1754526850,6707223,9007,9102,9053,8978,9053,9028,9103
1754526851,6707223,9007,9102,9053,8978,9053,9028,9103
1754526852,6707223,9007,9103,9053,8978,9053,9028,9103
1754526853,6707223,9008,9103,9053,8978,9053,9028,9103
1754526854,6707223,9008,9103,9053,8978,9053,9028,9103
1754526855,6707223,9008,9103,9053,8978,9053,9028,9103
1754526857,6707223,9008,9103,9053,8978,9053,9028,9103
1754526858,6707223,9008,9103,9053,8978,9053,9028,9103
1754526859,6707223,9008,9103,9053,8978,9053,9028,9103
1754526861,6707223,9008,9103,9053,8978,9053,9028,9103
1754526863,6707224,9008,9103,9053,8978,9053,9028,9104
1754526864,6707224,9008,9103,9053,8979,9053,9028,9104
1754526866,6707224,9008,9103,9053,8979,9053,9028,9104
1754526867,6707224,9008,9103,9053,8979,9053,9028,9104
1754526868,6707224,9008,9103,9053,8979,9053,9028,9104
1754526869,6707224,9008,9103,9054,8979,9053,9028,9104
1754526870,6707224,9008,9103,9054,8979,9053,9028,9104
1754526871,6707224,9008,9103,9054,8979,9053,9028,9104
1754526873,6707224,9009,9103,9054,8979,9053,9028,9104
1754526874,6707224,9009,9103,9054,8979,9053,9029,9104
1754526875,6707224,9009,9103,9054,8979,9054,9029,9104
1754526876,6707224,9009,9103,9054,8979,9054,9029,9104
1754526877,6707224,9009,9104,9054,8979,9054,9029,9104
1754526878,6707224,9009,9104,9054,8979,9054,9029,9104
1754526880,6707224,9009,9104,9054,8979,9054,9029,9104
1754526881,6707224,9009,9104,9054,8979,9054,9029,9104
1754526882,6707224,9009,9104,9054,8979,9054,9029,9104
1754526883,6707224,9009,9104,9054,8979,9054,9029,9104
1754526884,6707224,9009,9104,9054,8979,9054,9029,9104
1754526885,6707224,9009,9104,9054,8979,9054,9029,9104
1754526888,6707224,9009,9104,9055,8979,9054,9029,9104
1754526890,6707224,9009,9104,9055,8979,9054,9029,9104
1754526891,6707225,9009,9104,9055,8979,9054,9029,9104
1754526892,6707225,9009,9104,9055,8979,9054,9029,9104
1754526893,6707225,9010,9104,9055,8979,9054,9029,9104
1754526895,6707225,9010,9104,9055,8979,9054,9029,9104
1754526896,6707225,9010,9104,9055,8979,9054,9029,9104
1754526897,6707225,9010,9104,9055,8979,9054,9029,9104
1754526898,6707225,9010,9104,9055,8979,9054,9029,9104
1754526899,6707225,9010,9104,9055,8979,9054,9029,9104
1754526900,6707225,9010,9104,9055,8979,9054,9029,9105
1754526902,6707225,9010,9105,9055,8980,9054,9029,9105
1754526903,6707225,9010,9105,9055,8980,9054,9029,9105
1754526904,6707225,9010,9105,9055,8980,9054,9029,9105
1754526905,6707225,9010,9105,9055,8980,9054,9029,9105
1754526906,6707225,9010,9105,9055,8980,9054,9029,9105
1754526907,6707225,9010,9105,9055,8980,9054,9029,9105
1754526909,6707225,9010,9105,9055,8980,9054,9029,9105
1754526910,6707225,9010,9105,9055,8980,9054,9029,9105
1754526911,6707225,9010,9105,9055,8980,9054,9029,9105
1754526912,6707225,9010,9105,9055,8980,9054,9029,9105
1754526913,6707225,9010,9105,9055,8980,9054,9030,9105
1754526914,6707225,9010,9105,9055,8980,9054,9030,9105
1754526916,6707225,9010,9105,9055,8980,9054,9030,9105
1754526917,6707225,9010,9105,9055,8980,9054,9030,9105
1754526918,6707225,9010,9105,9055,8980,9054,9030,9105
1754526920,6707226,9010,9105,9056,8980,9054,9030,9106
1754526922,6707226,9010,9105,9056,8980,9055,9030,9106
1754526923,6707226,9010,9105,9056,8980,9055,9030,9106
1754526925,6707226,9010,9105,9056,8980,9055,9030,9106
1754526926,6707226,9010,9106,9056,8980,9055,9030,9106
1754526927,6707226,9010,9106,9056,8980,9055,9030,9106
1754526928,6707226,9010,9106,9056,8980,9055,9030,9106
1754526929,6707226,9010,9106,9056,8980,9055,9030,9106
1754526930,6707226,9010,9106,9056,8980,9055,9030,9106
1754526932,6707226,9010,9106,9056,8980,9055,9030,9106
1754526933,6707226,9010,9106,9056,8980,9055,9030,9106
1754526934,6707226,9010,9106,9056,8980,9055,9030,9106
1754526935,6707226,9010,9106,9056,8980,9055,9030,9106
1754526936,6707226,9010,9106,9056,8980,9055,9030,9106
1754526937,6707226,9011,9106,9056,8980,9055,9030,9106
1754526939,6707226,9011,9106,9056,8980,9055,9030,9107
1754526940,6707226,9011,9106,9056,8980,9055,9030,9107
1754526941,6707226,9011,9106,9056,8980,9055,9030,9107
1754526942,6707226,9011,9106,9056,8980,9055,9030,9107
1754526943,6707226,9011,9106,9056,8981,9055,9030,9107
1754526944,6707227,9011,9106,9056,8981,9055,9030,9107
1754526946,6707227,9011,9106,9056,8981,9055,9030,9107
1754526948,6707227,9011,9106,9056,8981,9055,9031,9107
1754526949,6707227,9011,9106,9056,8981,9056,9031,9107
1754526950,6707227,9011,9106,9056,8981,9056,9031,9107
1754526952,6707227,9011,9106,9056,8981,9056,9031,9107
1754526953,6707227,9011,9106,9057,8981,9056,9031,9107
1754526954,6707227,9011,9107,9057,8981,9056,9031,9107
1754526955,6707227,9011,9107,9057,8981,9056,9031,9107
1754526956,6707227,9011,9107,9057,8981,9056,9031,9108
1754526957,6707227,9011,9107,9057,8981,9056,9031,9108
1754526959,6707227,9011,9107,9057,8981,9056,9031,9108
1754526960,6707227,9012,9107,9057,8981,9056,9031,9108
1754526961,6707227,9012,9107,9057,8981,9056,9031,9108
1754526962,6707227,9012,9107,9057,8981,9056,9031,9108
1754526963,6707227,9012,9107,9057,8981,9056,9031,9108
1754526964,6707227,9012,9107,9057,8981,9056,9031,9108
1754526966,6707227,9012,9107,9057,8981,9056,9031,9108
1754526967,6707227,9012,9107,9057,8981,9056,9031,9108
1754526968,6707227,9012,9107,9057,8981,9056,9031,9108
1754526969,6707227,9012,9107,9057,8981,9056,9031,9108
1754526970,6707228,9012,9107,9057,8981,9056,9031,9108
1754526971,6707228,9012,9107,9057,8981,9056,9031,9108
1754526973,6707228,9012,9107,9057,8981,9056,9031,9108
1754526974,6707228,9012,9107,9057,8981,9056,9031,9108
1754526975,6707228,9012,9107,9057,8981,9056,9031,9108
1754526976,6707228,9012,9107,9057,8981,9056,9031,9108
1754526977,6707228,9012,9107,9057,8981,9056,9031,9108
1754526979,6707228,9012,9107,9057,8982,9057,9031,9109
1754526981,6707228,9012,9108,9057,8982,9057,9031,9109
1754526982,6707228,9013,9108,9058,8982,9057,9031,9109
1754526984,6707228,9013,9108,9058,8982,9057,9031,9109
1754526985,6707228,9013,9108,9058,8982,9057,9031,9109
1754526986,6707228,9013,9108,9058,8982,9057,9031,9109
1754526987,6707228,9013,9108,9058,8982,9057,9032,9109
1754526988,6707228,9013,9108,9058,8982,9057,9032,9109
1754526989,6707228,9013,9108,9058,8982,9057,9032,9109
1754526991,6707228,9013,9108,9058,8982,9057,9032,9109
1754526992,6707228,9013,9108,9058,8982,9057,9032,9109
1754526993,6707229,9013,9108,9058,8982,9057,9032,9109
1754526994,6707229,9013,9108,9058,8982,9057,9032,9109
1754526995,6707229,9013,9108,9058,8982,9057,9032,9109
1754526996,6707229,9013,9108,9058,8982,9057,9032,9109
1754526998,6707229,9013,9108,9058,8982,9057,9032,9109
1754526999,6707229,9013,9108,9058,8982,9057,9032,9109
1754527000,6707229,9013,9108,9058,8982,9057,9032,9109
1754527001,6707229,9013,9108,9058,8982,9057,9032,9109
1754527002,6707229,9013,9108,9058,8982,9057,9032,9109
1754527003,6707229,9013,9108,9058,8982,9057,9032,9110
1754527004,6707229,9013,9108,9058,8982,9058,9032,9110
1754527006,6707229,9013,9108,9058,8982,9058,9032,9110
1754527007,6707229,9013,9108,9058,8982,9058,9032,9110
1754527008,6707229,9014,9108,9058,8983,9058,9032,9110
1754527011,6707229,9014,9109,9059,8983,9058,9032,9110
1754527012,6707229,9014,9109,9059,8983,9058,9032,9110
1754527013,6707229,9014,9109,9059,8983,9058,9032,9110
1754527014,6707229,9014,9109,9059,8983,9058,9032,9110
1754527016,6707229,9014,9109,9059,8983,9058,9032,9110
1754527017,6707229,9014,9109,9059,8983,9058,9032,9110
1754527018,6707229,9014,9109,9059,8983,9058,9032,9110
1754527019,6707229,9014,9109,9059,8983,9058,9032,9110
1754527021,6707229,9014,9109,9059,8983,9058,9032,9110
1754527022,6707229,9014,9109,9059,8983,9058,9032,9110
1754527023,6707229,9014,9109,9059,8983,9058,9032,9111
1754527024,6707229,9014,9109,9059,8983,9058,9032,9111
1754527025,6707229,9014,9109,9059,8983,9058,9032,9111
1754527026,6707229,9014,9109,9059,8983,9058,9032,9111
1754527028,6707229,9014,9109,9059,8983,9059,9032,9111
1754527029,6707229,9014,9109,9059,8983,9059,9033,9111
1754527030,6707229,9014,9109,9059,8983,9059,9033,9111
1754527031,6707229,9014,9109,9059,8983,9059,9033,9111
1754527032,6707229,9015,9109,9059,8983,9059,9033,9111
1754527033,6707229,9015,9109,9059,8983,9059,9033,9111
1754527035,6707229,9015,9109,9059,8983,9059,9033,9111
1754527036,6707229,9015,9109,9059,8983,9059,9033,9111
1754527037,6707229,9015,9109,9059,8983,9059,9033,9111
1754527038,6707229,9015,9109,9059,8983,9059,9033,9111
1754527039,6707229,9015,9110,9059,8983,9059,9033,9111
1754527040,6707229,9015,9110,9059,8983,9059,9033,9111
1754527042,6707229,9015,9110,9059,8983,9059,9033,9111
1754527043,6707229,9015,9110,9059,8983,9059,9033,9111
1754527044,6707229,9015,9110,9060,8984,9059,9033,9112
1754527047,6707230,9015,9110,9060,8984,9059,9033,9112
1754527048,6707230,9015,9110,9060,8984,9059,9033,9112
1754527049,6707230,9015,9110,9060,8984,9059,9033,9112
1754527051,6707230,9015,9110,9060,8984,9059,9033,9112
1754527052,6707230,9016,9110,9060,8984,9059,9033,9112
1754527053,6707230,9016,9110,9060,8984,9060,9033,9112
1754527054,6707230,9016,9110,9060,8984,9060,9033,9112
1754527055,6707230,9016,9110,9060,8984,9060,9033,9112
1754527056,6707230,9016,9110,9060,8984,9060,9033,9112
1754527058,6707230,9016,9110,9060,8984,9060,9033,9112
1754527059,6707230,9016,9110,9060,8984,9060,9033,9112
1754527060,6707230,9016,9110,9060,8984,9060,9033,9112
1754527061,6707230,9016,9110,9060,8984,9060,9033,9112
1754527062,6707230,9016,9110,9060,8984,9060,9033,9112
1754527063,6707230,9016,9110,9060,8984,9060,9033,9112
1754527065,6707230,9016,9110,9060,8984,9060,9033,9112
1754527066,6707230,9016,9110,9060,8984,9060,9033,9113
1754527067,6707230,9016,9110,9060,8984,9060,9033,9113
1754527068,6707230,9016,9110,9060,8984,9060,9033,9113
1754527069,6707230,9016,9110,9060,8984,9060,9033,9113
1754527070,6707230,9016,9111,9060,8984,9060,9033,9113
1754527073,6707231,9016,9111,9061,8985,9060,9033,9113
1754527075,6707231,9017,9111,9061,8985,9060,9033,9113
1754527076,6707231,9017,9111,9061,8985,9060,9033,9113
1754527077,6707231,9017,9111,9061,8985,9060,9033,9113
1754527079,6707231,9017,9111,9061,8985,9061,9033,9113
1754527080,6707231,9017,9111,9061,8985,9061,9033,9113
1754527081,6707231,9017,9111,9061,8985,9061,9033,9113
1754527082,6707231,9017,9111,9061,8985,9061,9033,9113
1754527083,6707231,9017,9111,9061,8985,9061,9033,9113
1754527084,6707231,9017,9111,9061,8985,9061,9033,9113
1754527086,6707231,9017,9111,9061,8985,9061,9033,9113
1754527087,6707231,9017,9111,9061,8985,9061,9033,9113
1754527088,6707231,9017,9111,9061,8985,9061,9033,9114
1754527089,6707231,9017,9111,9061,8985,9061,9033,9114
1754527090,6707231,9017,9111,9061,8985,9061,9033,9114
1754527091,6707231,9017,9111,9061,8985,9061,9033,9114
1754527093,6707231,9017,9111,9061,8985,9061,9033,9114
1754527094,6707231,9017,9111,9061,8985,9061,9033,9114
1754527095,6707231,9017,9111,9061,8985,9061,9033,9114
1754527096,6707231,9017,9111,9061,8985,9061,9033,9114
1754527097,6707231,9017,9111,9061,8985,9061,9033,9114
1754527098,6707231,9017,9111,9061,8985,9061,9033,9114
1754527100,6707231,9017,9111,9061,8985,9061,9033,9114
1754527101,6707231,9017,9111,9061,8985,9061,9033,9114
1754527102,6707231,9018,9111,9061,8985,9061,9033,9114
1754527103,6707232,9018,9111,9061,8985,9061,9034,9114
1754527106,6707232,9018,9112,9062,8985,9062,9034,9114
1754527108,6707232,9018,9112,9062,8986,9062,9034,9114
1754527109,6707232,9018,9112,9062,8986,9062,9034,9114
1754527110,6707232,9018,9112,9062,8986,9062,9034,9114
1754527111,6707232,9018,9112,9062,8986,9062,9034,9114
1754527112,6707232,9018,9112,9062,8986,9062,9034,9114
1754527114,6707232,9018,9112,9062,8986,9062,9034,9114
1754527115,6707232,9018,9112,9062,8986,9062,9034,9114
1754527116,6707232,9018,9112,9062,8986,9062,9034,9114
1754527117,6707232,9018,9112,9062,8986,9062,9034,9114
1754527118,6707232,9018,9112,9062,8986,9062,9034,9114
1754527119,6707232,9018,9112,9062,8986,9062,9034,9114
1754527120,6707232,9018,9112,9062,8986,9062,9034,9114
1754527122,6707232,9018,9112,9062,8986,9062,9034,9114
1754527123,6707232,9018,9112,9062,8986,9062,9034,9114
1754527124,6707232,9018,9112,9062,8986,9062,9034,9114
1754527125,6707232,9019,9112,9062,8986,9062,9034,9115
1754527126,6707232,9019,9112,9062,8986,9062,9034,9115
1754527127,6707232,9019,9112,9062,8986,9062,9034,9115
1754527129,6707232,9019,9112,9062,8986,9062,9034,9115
1754527130,6707232,9019,9112,9062,8986,9062,9034,9115
1754527131,6707232,9019,9112,9062,8986,9062,9034,9115
1754527132,6707233,9019,9112,9062,8986,9063,9034,9115
1754527135,6707233,9019,9113,9062,8986,9063,9034,9115
1754527137,6707233,9019,9113,9062,8986,9063,9034,9115
1754527138,6707233,9019,9113,9062,8986,9063,9035,9115
1754527139,6707233,9019,9113,9062,8986,9063,9035,9115
1754527140,6707233,9019,9113,9062,8986,9063,9035,9115
1754527141,6707233,9019,9113,9062,8986,9063,9035,9115
1754527143,6707233,9019,9113,9062,8986,9063,9035,9115
1754527144,6707233,9019,9113,9062,8986,9063,9035,9116
1754527145,6707233,9019,9113,9062,8986,9063,9035,9116
1754527146,6707233,9020,9113,9062,8986,9063,9035,9116
1754527147,6707233,9020,9113,9062,8986,9063,9035,9116
1754527148,6707233,9020,9113,9062,8986,9063,9035,9116
1754527149,6707233,9020,9113,9062,8986,9063,9035,9116
1754527151,6707233,9020,9113,9062,8986,9063,9035,9116
1754527152,6707233,9020,9113,9062,8986,9063,9035,9116
1754527153,6707233,9020,9113,9062,8986,9063,9035,9116
1754527154,6707233,9020,9113,9062,8986,9063,9035,9116
1754527155,6707233,9020,9113,9062,8986,9063,9035,9116
1754527156,6707233,9020,9113,9062,8986,9063,9035,9116
1754527158,6707233,9020,9113,9062,8986,9063,9035,9116
1754527159,6707233,9020,9113,9062,8986,9064,9035,9116
1754527160,6707233,9020,9113,9062,8986,9064,9035,9116
1754527161,6707234,9020,9114,9062,8986,9064,9035,9116
1754527162,6707234,9020,9114,9062,8986,9064,9035,9117
1754527163,6707234,9020,9114,9062,8986,9064,9035,9117
1754527165,6707234,9020,9114,9062,8986,9064,9035,9117
1754527166,6707234,9020,9114,9062,8986,9064,9035,9117
1754527167,6707234,9020,9114,9062,8986,9064,9035,9117
1754527168,6707234,9020,9114,9062,8986,9064,9035,9117
1754527170,6707234,9020,9114,9063,8986,9064,9035,9117
1754527172,6707234,9021,9114,9063,8986,9064,9036,9117
1754527174,6707234,9021,9114,9063,8986,9064,9036,9117
1754527175,6707234,9021,9114,9063,8986,9064,9036,9117
1754527176,6707234,9021,9114,9063,8986,9064,9036,9117
1754527177,6707234,9021,9114,9063,8987,9064,9036,9117
1754527178,6707234,9021,9114,9063,8987,9064,9036,9117
1754527179,6707234,9021,9114,9063,8987,9064,9036,9117
1754527181,6707234,9021,9114,9063,8987,9064,9036,9118
1754527182,6707234,9021,9114,9063,8987,9064,9036,9118
1754527183,6707234,9021,9114,9063,8987,9064,9036,9118
1754527184,6707234,9021,9114,9063,8987,9064,9036,9118
1754527185,6707234,9021,9114,9063,8987,9064,9036,9118
1754527186,6707234,9021,9114,9063,8987,9064,9036,9118
1754527188,6707234,9021,9115,9063,8987,9064,9036,9118
1754527189,6707234,9021,9115,9063,8987,9064,9036,9118
1754527190,6707235,9021,9115,9063,8987,9064,9036,9118
1754527191,6707235,9021,9115,9063,8987,9064,9036,9118
1754527192,6707235,9021,9115,9063,8987,9064,9036,9118
1754527193,6707235,9021,9115,9063,8987,9064,9036,9118
1754527194,6707235,9021,9115,9063,8987,9064,9036,9118
1754527196,6707235,9021,9115,9063,8987,9064,9036,9118
1754527197,6707235,9021,9115,9063,8987,9064,9036,9118
1754527198,6707235,9021,9115,9063,8987,9064,9036,9119
1754527201,6707235,9021,9115,9063,8987,9064,9036,9119
1754527202,6707235,9021,9115,9063,8987,9065,9036,9119
1754527203,6707235,9021,9115,9063,8987,9065,9036,9119
1754527205,6707235,9021,9115,9063,8987,9065,9036,9119
1754527206,6707235,9021,9115,9064,8987,9065,9036,9119
1754527207,6707235,9021,9115,9064,8987,9065,9037,9119
1754527208,6707235,9021,9115,9064,8987,9065,9037,9119
1754527209,6707235,9021,9115,9064,8987,9065,9037,9119
1754527210,6707235,9021,9115,9064,8987,9065,9037,9119
1754527212,6707235,9022,9115,9064,8987,9065,9037,9119
1754527213,6707235,9022,9115,9064,8987,9065,9037,9119
1754527214,6707235,9022,9116,9064,8987,9065,9037,9119
1754527215,6707235,9022,9116,9064,8987,9065,9037,9119
1754527216,6707235,9022,9116,9064,8987,9065,9037,9120
1754527217,6707236,9022,9116,9064,8987,9065,9037,9120
1754527219,6707236,9022,9116,9064,8987,9065,9037,9120
1754527220,6707236,9022,9116,9064,8987,9065,9037,9120
1754527221,6707236,9022,9116,9064,8987,9065,9037,9120
1754527222,6707236,9022,9116,9064,8988,9065,9037,9120
1754527223,6707236,9022,9116,9064,8988,9065,9037,9120
1754527224,6707236,9022,9116,9064,8988,9065,9037,9120
1754527225,6707236,9022,9116,9064,8988,9065,9037,9120
1754527227,6707236,9022,9116,9064,8988,9065,9037,9120
1754527228,6707236,9022,9116,9064,8988,9065,9037,9120
1754527229,6707236,9022,9116,9064,8988,9065,9037,9120
1754527230,6707236,9022,9116,9064,8988,9065,9037,9120
1754527231,6707236,9022,9116,9064,8988,9065,9037,9120
1754527232,6707236,9022,9116,9064,8988,9065,9037,9120
1754527234,6707236,9022,9116,9064,8988,9065,9037,9120
1754527235,6707236,9023,9116,9064,8988,9065,9037,9120
1754527237,6707236,9023,9116,9064,8988,9066,9037,9121
1754527239,6707236,9023,9116,9064,8988,9066,9037,9121
1754527240,6707236,9023,9117,9064,8988,9066,9037,9121
1754527241,6707236,9023,9117,9065,8988,9066,9037,9121
1754527243,6707237,9023,9117,9065,8988,9066,9038,9121
1754527244,6707237,9023,9117,9065,8988,9066,9038,9121
1754527245,6707237,9023,9117,9065,8988,9066,9038,9121
1754527246,6707237,9023,9117,9065,8988,9066,9038,9121
1754527247,6707237,9023,9117,9065,8988,9066,9038,9121
1754527248,6707237,9023,9117,9065,8988,9066,9038,9121
1754527250,6707237,9023,9117,9065,8988,9066,9038,9121
1754527251,6707237,9023,9117,9065,8988,9066,9038,9121
1754527252,6707237,9023,9117,9065,8988,9066,9038,9121
1754527253,6707237,9023,9117,9065,8988,9066,9038,9121
1754527254,6707237,9023,9117,9065,8988,9066,9038,9121
1754527255,6707237,9023,9117,9065,8988,9066,9038,9121
1754527257,6707237,9023,9117,9065,8988,9066,9038,9121
1754527258,6707237,9024,9117,9065,8989,9066,9038,9122
1754527259,6707237,9024,9117,9065,8989,9066,9038,9122
1754527260,6707237,9024,9117,9065,8989,9066,9038,9122
1754527261,6707237,9024,9117,9065,8989,9066,9038,9122
1754527262,6707237,9024,9117,9065,8989,9066,9038,9122
1754527264,6707237,9024,9117,9065,8989,9066,9038,9122
1754527267,6707237,9024,9117,9065,8989,9067,9038,9122
1754527268,6707237,9024,9118,9065,8989,9067,9038,9122
1754527269,6707237,9024,9118,9065,8989,9067,9038,9122
1754527270,6707237,9024,9118,9065,8989,9067,9038,9122
1754527272,6707238,9024,9118,9065,8989,9067,9038,9122
1754527273,6707238,9024,9118,9065,8989,9067,9038,9122
1754527274,6707238,9024,9118,9065,8989,9067,9038,9122
1754527275,6707238,9024,9118,9065,8989,9067,9038,9122
1754527276,6707238,9024,9118,9065,8989,9067,9038,9122
1754527278,6707238,9024,9118,9065,8989,9067,9038,9123
1754527279,6707238,9024,9118,9065,8989,9067,9038,9123
1754527280,6707238,9024,9118,9065,8989,9067,9038,9123
1754527281,6707238,9025,9118,9066,8989,9067,9038,9123
1754527282,6707238,9025,9118,9066,8989,9067,9038,9123
1754527283,6707238,9025,9118,9066,8989,9067,9039,9123
1754527285,6707238,9025,9118,9066,8989,9067,9039,9123
1754527286,6707238,9025,9118,9066,8989,9067,9039,9123
1754527287,6707238,9025,9118,9066,8989,9067,9039,9123
1754527288,6707238,9025,9118,9066,8989,9067,9039,9123
1754527289,6707238,9025,9118,9066,8989,9067,9039,9123
1754527290,6707238,9025,9118,9066,8989,9067,9039,9123
1754527292,6707238,9025,9118,9066,8989,9067,9039,9123
1754527293,6707238,9025,9118,9066,8989,9067,9039,9123
1754527294,6707238,9025,9118,9066,8990,9067,9039,9123
1754527295,6707238,9025,9118,9066,8990,9067,9039,9123
1754527296,6707238,9025,9118,9066,8990,9067,9039,9124
1754527297,6707238,9025,9118,9066,8990,9067,9039,9124
1754527299,6707238,9025,9118,9066,8990,9067,9039,9124
1754527300,6707238,9025,9119,9066,8990,9068,9039,9124
1754527302,6707239,9025,9119,9066,8990,9068,9039,9124
1754527304,6707239,9026,9119,9066,8990,9068,9039,9124
1754527305,6707239,9026,9119,9066,8990,9068,9039,9124
1754527306,6707239,9026,9119,9066,8990,9068,9039,9124
1754527308,6707239,9026,9119,9066,8990,9068,9039,9124
1754527309,6707239,9026,9119,9066,8990,9068,9039,9124
1754527310,6707239,9026,9119,9066,8990,9068,9039,9124
1754527311,6707239,9026,9119,9066,8990,9068,9039,9124
1754527312,6707239,9026,9119,9066,8990,9068,9039,9124
1754527313,6707239,9026,9119,9066,8990,9068,9039,9124
1754527315,6707239,9026,9119,9066,8990,9068,9039,9124
1754527316,6707239,9026,9119,9066,8990,9068,9039,9124
1754527317,6707239,9026,9119,9066,8990,9068,9039,9124
1754527318,6707239,9026,9119,9066,8990,9068,9039,9124
1754527319,6707239,9026,9119,9066,8990,9068,9039,9124
1754527320,6707239,9026,9119,9066,8990,9068,9040,9124
1754527322,6707239,9026,9119,9067,8990,9068,9040,9124
1754527323,6707239,9026,9119,9067,8990,9068,9040,9124
1754527324,6707239,9026,9119,9067,8990,9068,9040,9124
1754527325,6707239,9026,9120,9067,8990,9068,9040,9124
1754527326,6707239,9026,9120,9067,8990,9068,9040,9124
1754527327,6707239,9026,9120,9067,8991,9069,9040,9124
1754527330,6707239,9027,9120,9067,8991,9069,9040,9125
1754527332,6707239,9027,9120,9067,8991,9069,9040,9125
1754527333,6707239,9027,9120,9067,8991,9069,9040,9125
1754527334,6707239,9027,9120,9067,8991,9069,9040,9125
1754527336,6707239,9027,9120,9067,8991,9069,9040,9125
1754527337,6707239,9027,9120,9067,8991,9069,9040,9125
1754527338,6707239,9027,9120,9067,8991,9069,9040,9125
1754527339,6707239,9027,9120,9067,8991,9069,9040,9125
1754527341,6707239,9027,9120,9067,8991,9069,9040,9125
1754527342,6707239,9027,9120,9067,8991,9069,9040,9125
1754527343,6707239,9027,9120,9067,8991,9069,9040,9125
1754527344,6707239,9027,9120,9067,8991,9069,9040,9125
1754527345,6707239,9027,9120,9067,8991,9069,9040,9125
1754527346,6707239,9027,9120,9067,8991,9069,9040,9125
1754527347,6707239,9027,9120,9067,8991,9069,9040,9126
1754527349,6707239,9027,9120,9067,8991,9069,9040,9126
1754527350,6707239,9027,9120,9067,8991,9069,9040,9126
1754527351,6707239,9027,9120,9067,8991,9069,9040,9126
1754527352,6707239,9027,9120,9067,8991,9069,9040,9126
1754527353,6707239,9027,9120,9067,8991,9070,9040,9126
1754527354,6707239,9027,9120,9067,8991,9070,9040,9126
1754527356,6707239,9027,9120,9067,8991,9070,9040,9126
1754527357,6707239,9027,9120,9067,8991,9070,9040,9126
1754527358,6707239,9028,9120,9067,8991,9070,9041,9126
1754527359,6707239,9028,9120,9067,8991,9070,9041,9126
1754527360,6707239,9028,9120,9068,8991,9070,9041,9126
1754527361,6707239,9028,9120,9068,8991,9070,9041,9126
1754527363,6707239,9028,9120,9068,8991,9070,9041,9126
1754527364,6707239,9028,9120,9068,8991,9070,9041,9127
1754527366,6707240,9028,9120,9068,8992,9070,9041,9127
1754527368,6707240,9028,9120,9068,8992,9070,9041,9127
1754527370,6707240,9028,9120,9068,8992,9070,9041,9127
1754527371,6707240,9028,9120,9068,8992,9070,9041,9127
1754527372,6707240,9028,9121,9068,8992,9070,9041,9127
1754527373,6707240,9028,9121,9068,8992,9070,9041,9127
1754527374,6707240,9028,9121,9068,8992,9070,9041,9127
1754527375,6707240,9028,9121,9068,8992,9070,9041,9127
1754527377,6707240,9028,9121,9068,8992,9070,9041,9127
1754527378,6707240,9028,9121,9068,8992,9070,9041,9127
1754527379,6707240,9028,9121,9068,8992,9070,9041,9127
1754527380,6707240,9028,9121,9068,8992,9070,9041,9127
1754527381,6707240,9028,9121,9068,8992,9071,9041,9127
1754527382,6707240,9028,9121,9068,8992,9071,9041,9127
1754527383,6707240,9029,9121,9068,8992,9071,9041,9127
1754527385,6707240,9029,9121,9068,8992,9071,9041,9127
1754527386,6707240,9029,9121,9068,8992,9071,9041,9127
1754527387,6707240,9029,9121,9068,8992,9071,9041,9127
1754527388,6707240,9029,9121,9068,8992,9071,9041,9127
1754527389,6707240,9029,9121,9068,8992,9071,9041,9128
1754527390,6707240,9029,9121,9068,8992,9071,9041,9128
1754527392,6707240,9029,9121,9068,8992,9071,9041,9128
1754527393,6707240,9029,9121,9068,8992,9071,9041,9128
1754527394,6707240,9029,9121,9069,8992,9071,9042,9128
1754527396,6707240,9029,9122,9069,8992,9071,9042,9128
1754527398,6707240,9029,9122,9069,8992,9071,9042,9128
1754527399,6707240,9029,9122,9069,8992,9071,9042,9128
1754527400,6707240,9029,9122,9069,8992,9071,9042,9128
1754527402,6707240,9029,9122,9069,8992,9071,9042,9128
1754527403,6707241,9029,9122,9069,8992,9071,9042,9128
1754527404,6707241,9029,9122,9069,8993,9071,9042,9128
1754527405,6707241,9029,9122,9069,8993,9071,9042,9128
1754527406,6707241,9029,9122,9069,8993,9071,9042,9128
1754527407,6707241,9029,9122,9069,8993,9071,9042,9128
1754527408,6707241,9029,9122,9069,8993,9071,9042,9128
1754527410,6707241,9030,9122,9069,8993,9072,9042,9128
1754527411,6707241,9030,9122,9069,8993,9072,9042,9128
1754527412,6707241,9030,9122,9069,8993,9072,9042,9128
1754527413,6707241,9030,9122,9069,8993,9072,9042,9128
1754527414,6707241,9030,9122,9069,8993,9072,9042,9128
1754527415,6707241,9030,9122,9069,8993,9072,9042,9129
1754527417,6707241,9030,9122,9069,8993,9072,9042,9129
1754527418,6707241,9030,9122,9069,8993,9072,9042,9129
1754527419,6707241,9030,9122,9069,8993,9072,9042,9129
1754527420,6707241,9030,9122,9069,8993,9072,9042,9129
1754527421,6707241,9030,9122,9069,8993,9072,9042,9129
1754527422,6707241,9030,9122,9069,8993,9072,9042,9129
1754527424,6707241,9030,9122,9069,8993,9072,9042,9129
1754527425,6707241,9030,9122,9069,8993,9072,9042,9129
1754527426,6707241,9030,9122,9069,8993,9072,9042,9129
1754527427,6707241,9030,9122,9069,8993,9072,9042,9129
1754527428,6707241,9030,9123,9069,8993,9072,9042,9129
1754527429,6707241,9030,9123,9069,8993,9072,9043,9129
1754527432,6707241,9030,9123,9070,8993,9072,9043,9129
1754527434,6707241,9031,9123,9070,8993,9072,9043,9129
1754527435,6707241,9031,9123,9070,8993,9072,9043,9129
1754527436,6707241,9031,9123,9070,8993,9072,9043,9129
1754527437,6707241,9031,9123,9070,8993,9072,9043,9129
1754527439,6707241,9031,9123,9070,8994,9073,9043,9129
1754527440,6707241,9031,9123,9070,8994,9073,9043,9129
1754527441,6707242,9031,9123,9070,8994,9073,9043,9130
1754527442,6707242,9031,9123,9070,8994,9073,9043,9130
1754527443,6707242,9031,9123,9070,8994,9073,9043,9130
1754527444,6707242,9031,9123,9070,8994,9073,9043,9130
1754527445,6707242,9031,9123,9070,8994,9073,9043,9130
1754527447,6707242,9031,9123,9070,8994,9073,9043,9130
1754527448,6707242,9031,9123,9070,8994,9073,9043,9130
1754527449,6707242,9031,9123,9070,8994,9073,9043,9130
1754527450,6707242,9031,9123,9070,8994,9073,9043,9130
1754527451,6707242,9031,9123,9070,8994,9073,9043,9130
1754527452,6707242,9031,9123,9070,8994,9073,9043,9130
1754527454,6707242,9031,9123,9070,8994,9073,9043,9130
1754527455,6707242,9031,9123,9070,8994,9073,9043,9130
1754527456,6707242,9031,9123,9070,8994,9073,9043,9130
1754527457,6707242,9031,9124,9070,8994,9073,9043,9130
1754527458,6707242,9031,9124,9070,8994,9073,9043,9130
1754527461,6707242,9031,9124,9070,8994,9073,9043,9130
1754527462,6707242,9031,9124,9071,8994,9073,9043,9130
1754527464,6707242,9031,9124,9071,8994,9073,9043,9130
1754527465,6707242,9031,9124,9071,8994,9073,9043,9130
1754527466,6707242,9031,9124,9071,8994,9073,9043,9130
1754527467,6707242,9031,9124,9071,8994,9074,9043,9130
1754527469,6707242,9031,9124,9071,8994,9074,9043,9131
1754527470,6707242,9031,9124,9071,8994,9074,9043,9131
1754527471,6707242,9031,9124,9071,8994,9074,9043,9131
1754527472,6707242,9031,9124,9071,8994,9074,9043,9131
1754527473,6707242,9031,9124,9071,8994,9074,9043,9131
1754527474,6707242,9031,9124,9071,8994,9074,9043,9131
1754527476,6707242,9031,9124,9071,8994,9074,9043,9131
1754527477,6707242,9031,9124,9071,8994,9074,9043,9131
1754527478,6707243,9031,9124,9071,8994,9074,9043,9131
1754527479,6707243,9031,9124,9071,8995,9074,9043,9131
1754527480,6707243,9031,9124,9071,8995,9074,9043,9131
1754527481,6707243,9031,9124,9071,8995,9074,9043,9131
1754527482,6707243,9031,9125,9071,8995,9074,9043,9131
1754527484,6707243,9031,9125,9071,8995,9074,9043,9131
1754527485,6707243,9031,9125,9071,8995,9074,9043,9131
1754527486,6707243,9031,9125,9071,8995,9074,9043,9131
1754527487,6707243,9031,9125,9071,8995,9074,9043,9131
1754527488,6707243,9031,9125,9071,8995,9074,9043,9131
1754527489,6707243,9031,9125,9071,8995,9074,9043,9131
1754527491,6707243,9032,9125,9071,8995,9074,9043,9131
1754527492,6707243,9032,9125,9071,8995,9074,9043,9131
1754527493,6707243,9032,9125,9071,8995,9074,9043,9131
1754527494,6707243,9032,9125,9071,8995,9074,9043,9131
1754527495,6707243,9032,9125,9071,8995,9074,9043,9131
1754527498,6707243,9032,9125,9071,8995,9074,9043,9132
1754527499,6707243,9032,9125,9072,8995,9074,9044,9132
1754527500,6707243,9032,9125,9072,8995,9074,9044,9132
1754527502,6707243,9032,9125,9072,8995,9074,9044,9132
1754527503,6707243,9032,9125,9072,8995,9074,9044,9132
1754527504,6707243,9032,9125,9072,8995,9074,9044,9132
1754527505,6707243,9032,9125,9072,8995,9074,9044,9132
1754527506,6707243,9032,9125,9072,8995,9074,9044,9132
1754527507,6707243,9032,9125,9072,8995,9074,9044,9132
1754527509,6707243,9032,9125,9072,8995,9074,9044,9132
1754527510,6707243,9032,9126,9072,8995,9074,9044,9132
1754527511,6707243,9032,9126,9072,8995,9074,9044,9132
1754527512,6707243,9032,9126,9072,8995,9074,9044,9132
1754527513,6707243,9032,9126,9072,8995,9074,9044,9132
1754527514,6707243,9032,9126,9072,8995,9074,9044,9132
1754527516,6707244,9032,9126,9072,8995,9074,9044,9132
1754527517,6707244,9032,9126,9072,8995,9074,9044,9132
1754527518,6707244,9033,9126,9072,8995,9074,9044,9132
1754527519,6707244,9033,9126,9072,8996,9074,9044,9132
1754527520,6707244,9033,9126,9072,8996,9074,9044,9132
1754527521,6707244,9033,9126,9072,8996,9074,9044,9132
1754527523,6707244,9033,9126,9072,8996,9074,9044,9132
1754527524,6707244,9033,9126,9072,8996,9075,9044,9133
1754527526,6707244,9033,9126,9072,8996,9075,9044,9133
1754527528,6707244,9033,9126,9072,8996,9075,9044,9133
1754527529,6707244,9033,9126,9072,8996,9075,9044,9133
1754527530,6707244,9033,9126,9072,8996,9075,9044,9133
1754527532,6707244,9033,9126,9072,8996,9075,9044,9133
1754527533,6707244,9033,9127,9072,8996,9075,9044,9133
1754527534,6707244,9033,9127,9072,8996,9075,9045,9133
1754527535,6707244,9033,9127,9072,8996,9075,9045,9133
1754527536,6707244,9033,9127,9072,8996,9075,9045,9133
1754527538,6707244,9033,9127,9072,8996,9075,9045,9133
1754527539,6707244,9033,9127,9072,8996,9075,9045,9133
1754527540,6707244,9034,9127,9072,8996,9075,9045,9133
1754527541,6707244,9034,9127,9072,8996,9075,9045,9133
1754527542,6707244,9034,9127,9072,8996,9075,9045,9133
1754527543,6707244,9034,9127,9072,8996,9075,9045,9133
1754527545,6707244,9034,9127,9072,8996,9075,9045,9133
1754527546,6707244,9034,9127,9072,8996,9075,9045,9133
1754527547,6707244,9034,9127,9072,8996,9075,9045,9133
1754527548,6707244,9034,9127,9072,8996,9075,9045,9133
1754527549,6707244,9034,9127,9072,8996,9075,9045,9134
1754527550,6707244,9034,9127,9072,8996,9075,9045,9134
1754527552,6707244,9034,9127,9072,8996,9075,9045,9134
1754527553,6707244,9034,9127,9072,8996,9075,9045,9134
1754527554,6707244,9034,9127,9072,8996,9075,9045,9134
1754527555,6707244,9034,9127,9072,8996,9075,9045,9134
1754527556,6707245,9034,9127,9072,8996,9075,9045,9134
1754527557,6707245,9034,9127,9072,8996,9075,9045,9134
1754527559,6707245,9034,9127,9072,8997,9075,9045,9134
1754527560,6707245,9034,9127,9072,8997,9076,9045,9134
1754527562,6707245,9034,9127,9072,8997,9076,9045,9134
1754527564,6707245,9035,9128,9072,8997,9076,9045,9134
1754527565,6707245,9035,9128,9072,8997,9076,9045,9134
1754527567,6707245,9035,9128,9072,8997,9076,9045,9134
1754527568,6707245,9035,9128,9072,8997,9076,9045,9134
1754527569,6707245,9035,9128,9072,8997,9076,9045,9134
1754527570,6707245,9035,9128,9073,8997,9076,9045,9134
1754527571,6707245,9035,9128,9073,8997,9076,9045,9134
1754527572,6707245,9035,9128,9073,8997,9076,9045,9134
1754527573,6707245,9035,9128,9073,8997,9076,9045,9134
1754527575,6707245,9035,9128,9073,8997,9076,9045,9134
1754527576,6707245,9035,9128,9073,8997,9076,9045,9134
1754527577,6707245,9035,9128,9073,8997,9076,9045,9134
1754527578,6707245,9035,9128,9073,8997,9076,9045,9134
1754527579,6707245,9035,9128,9073,8997,9076,9046,9134
1754527581,6707245,9035,9128,9073,8997,9076,9046,9134
1754527582,6707245,9035,9128,9073,8997,9076,9046,9134
1754527583,6707245,9035,9128,9073,8997,9076,9046,9134
1754527584,6707245,9035,9128,9073,8997,9076,9046,9134
1754527585,6707245,9035,9128,9073,8997,9077,9046,9134
1754527586,6707245,9035,9128,9073,8997,9077,9046,9134
1754527587,6707245,9035,9128,9073,8997,9077,9046,9135
1754527589,6707245,9035,9128,9073,8997,9077,9046,9135
1754527590,6707245,9035,9128,9073,8997,9077,9046,9135
1754527592,6707245,9036,9129,9073,8997,9077,9046,9135
1754527594,6707246,9036,9129,9073,8997,9077,9046,9135
1754527595,6707246,9036,9129,9073,8997,9077,9046,9135
1754527597,6707246,9036,9129,9073,8997,9077,9046,9135
1754527598,6707246,9036,9129,9073,8997,9077,9046,9135
1754527599,6707246,9036,9129,9073,8997,9077,9046,9135
1754527601,6707246,9036,9129,9073,8997,9077,9046,9135
1754527602,6707246,9036,9129,9073,8997,9077,9046,9135
1754527603,6707246,9036,9129,9073,8997,9077,9046,9135
1754527604,6707246,9036,9129,9073,8997,9077,9046,9135
1754527605,6707246,9036,9129,9073,8997,9077,9046,9135
1754527606,6707246,9036,9129,9073,8997,9077,9046,9135
1754527608,6707246,9036,9129,9073,8997,9077,9046,9135
1754527609,6707246,9036,9129,9073,8997,9077,9046,9135
1754527610,6707246,9036,9129,9073,8997,9077,9046,9135
1754527611,6707246,9036,9129,9073,8997,9077,9046,9135
1754527612,6707246,9036,9129,9073,8997,9077,9046,9135
1754527613,6707246,9036,9129,9073,8997,9077,9046,9135
1754527614,6707246,9036,9129,9073,8997,9078,9046,9135
1754527616,6707246,9036,9129,9073,8997,9078,9046,9135
1754527617,6707246,9036,9129,9074,8997,9078,9046,9135
1754527618,6707246,9036,9129,9074,8997,9078,9047,9135
1754527619,6707246,9036,9129,9074,8998,9078,9047,9135
1754527620,6707246,9037,9129,9074,8998,9078,9047,9135
1754527621,6707246,9037,9129,9074,8998,9078,9047,9135
1754527623,6707246,9037,9129,9074,8998,9078,9047,9135
1754527624,6707246,9037,9129,9074,8998,9078,9047,9135
1754527625,6707246,9037,9130,9074,8998,9078,9047,9135
1754527626,6707246,9037,9130,9074,8998,9078,9047,9135
1754527628,6707246,9037,9130,9074,8998,9078,9047,9135
1754527630,6707247,9037,9130,9074,8998,9078,9047,9135
1754527632,6707247,9037,9130,9074,8998,9078,9047,9135
1754527633,6707247,9037,9130,9074,8998,9078,9047,9135
1754527634,6707247,9037,9130,9074,8998,9078,9047,9135
1754527635,6707247,9037,9130,9074,8998,9078,9047,9135
1754527636,6707247,9037,9130,9074,8998,9078,9047,9135
1754527637,6707247,9037,9130,9074,8998,9078,9047,9135
1754527639,6707247,9037,9130,9074,8998,9078,9047,9136
1754527640,6707247,9037,9130,9074,8998,9078,9047,9136
1754527641,6707247,9037,9130,9074,8998,9078,9047,9136
1754527642,6707247,9037,9130,9074,8998,9078,9047,9136
1754527643,6707247,9037,9130,9074,8998,9079,9047,9136
1754527644,6707247,9038,9130,9074,8998,9079,9047,9136
1754527646,6707247,9038,9130,9074,8998,9079,9047,9136
1754527647,6707247,9038,9130,9074,8998,9079,9047,9136
1754527648,6707247,9038,9130,9074,8998,9079,9047,9136
1754527649,6707247,9038,9130,9074,8998,9079,9047,9136
1754527650,6707247,9038,9130,9074,8998,9079,9047,9136
1754527651,6707247,9038,9130,9074,8998,9079,9047,9136
1754527652,6707247,9038,9130,9074,8998,9079,9047,9136
1754527654,6707247,9038,9130,9074,8999,9079,9047,9136
1754527656,6707247,9038,9130,9075,8999,9079,9048,9136
1754527658,6707247,9038,9130,9075,8999,9079,9048,9136
1754527659,6707247,9038,9130,9075,8999,9079,9048,9136
1754527660,6707247,9038,9130,9075,8999,9079,9048,9136
1754527661,6707247,9038,9130,9075,8999,9079,9048,9136
1754527662,6707247,9038,9130,9075,8999,9079,9048,9136
1754527664,6707247,9038,9130,9075,8999,9079,9048,9136
1754527665,6707248,9038,9130,9075,8999,9079,9048,9136
1754527666,6707248,9038,9130,9075,8999,9079,9048,9136
1754527667,6707248,9038,9130,9075,8999,9079,9048,9136
1754527668,6707248,9039,9130,9075,8999,9079,9048,9136
1754527669,6707248,9039,9131,9075,8999,9079,9048,9136
1754527671,6707248,9039,9131,9075,8999,9079,9048,9136
1754527672,6707248,9039,9131,9075,8999,9080,9048,9136
1754527673,6707248,9039,9131,9075,8999,9080,9048,9136
1754527674,6707248,9039,9131,9075,8999,9080,9048,9136
1754527675,6707248,9039,9131,9075,8999,9080,9048,9136
1754527676,6707248,9039,9131,9075,8999,9080,9048,9136
1754527677,6707248,9039,9131,9075,8999,9080,9048,9137
1754527679,6707248,9039,9131,9075,8999,9080,9048,9137
1754527680,6707248,9039,9131,9075,8999,9080,9048,9137
1754527681,6707248,9039,9131,9075,8999,9080,9048,9137
1754527682,6707248,9039,9131,9075,8999,9080,9048,9137
1754527683,6707248,9039,9131,9075,8999,9080,9048,9137
1754527684,6707248,9039,9131,9075,8999,9080,9048,9137
1754527686,6707248,9039,9131,9075,8999,9080,9048,9137
1754527687,6707248,9039,9131,9075,8999,9080,9048,9137
1754527688,6707248,9039,9131,9075,8999,9080,9048,9137
1754527689,6707248,9039,9131,9075,8999,9080,9048,9137
1754527691,6707248,9039,9131,9075,8999,9080,9048,9137
1754527692,6707248,9040,9132,9075,8999,9080,9048,9137
1754527694,6707248,9040,9132,9075,9000,9080,9048,9137
1754527695,6707248,9040,9132,9075,9000,9080,9048,9137
1754527696,6707248,9040,9132,9075,9000,9080,9049,9137
1754527697,6707248,9040,9132,9076,9000,9080,9049,9137
1754527698,6707248,9040,9132,9076,9000,9080,9049,9137
1754527700,6707248,9040,9132,9076,9000,9080,9049,9137
1754527701,6707248,9040,9132,9076,9000,9081,9049,9137
1754527702,6707248,9040,9132,9076,9000,9081,9049,9137
1754527703,6707248,9040,9132,9076,9000,9081,9049,9137
1754527704,6707249,9040,9132,9076,9000,9081,9049,9137
1754527705,6707249,9040,9132,9076,9000,9081,9049,9137
1754527707,6707249,9040,9132,9076,9000,9081,9049,9137
1754527708,6707249,9040,9132,9076,9000,9081,9049,9137
1754527709,6707249,9040,9132,9076,9000,9081,9049,9137
1754527710,6707249,9040,9132,9076,9000,9081,9049,9137
1754527711,6707249,9040,9132,9076,9000,9081,9049,9137
1754527712,6707249,9040,9132,9076,9000,9081,9049,9137
1754527713,6707249,9040,9132,9076,9000,9081,9049,9137
1754527715,6707249,9040,9132,9076,9000,9081,9049,9137
1754527716,6707249,9040,9132,9076,9000,9081,9049,9137
1754527717,6707249,9040,9132,9076,9000,9081,9049,9137
1754527718,6707249,9040,9132,9076,9000,9081,9049,9137
1754527720,6707249,9041,9133,9076,9000,9081,9049,9138
1754527722,6707249,9041,9133,9076,9000,9081,9049,9138
1754527723,6707249,9041,9133,9076,9000,9081,9049,9138
1754527725,6707249,9041,9133,9076,9000,9081,9049,9138
1754527726,6707249,9041,9133,9076,9000,9081,9049,9138
1754527727,6707249,9041,9133,9076,9000,9081,9049,9138
1754527728,6707249,9041,9133,9076,9000,9081,9049,9138
1754527729,6707249,9041,9133,9076,9000,9082,9049,9138
1754527730,6707249,9041,9133,9076,9000,9082,9049,9138
1754527732,6707249,9041,9133,9076,9000,9082,9049,9138
1754527733,6707249,9041,9133,9076,9000,9082,9049,9138
1754527734,6707249,9041,9133,9076,9000,9082,9049,9138
1754527735,6707249,9041,9133,9076,9000,9082,9050,9138
1754527736,6707249,9041,9133,9076,9000,9082,9050,9138
1754527737,6707249,9041,9133,9076,9000,9082,9050,9138
1754527739,6707249,9041,9133,9076,9000,9082,9050,9138
1754527740,6707249,9041,9133,9076,9000,9082,9050,9138
1754527741,6707249,9041,9133,9076,9000,9082,9050,9138
1754527742,6707249,9041,9133,9076,9000,9082,9050,9138
1754527743,6707249,9041,9133,9077,9001,9082,9050,9138
1754527744,6707249,9041,9133,9077,9001,9082,9050,9138
1754527746,6707249,9041,9133,9077,9001,9082,9050,9138
1754527747,6707249,9041,9133,9077,9001,9082,9050,9138
1754527748,6707249,9041,9133,9077,9001,9082,9050,9138
1754527749,6707249,9041,9133,9077,9001,9082,9050,9138
1754527750,6707249,9041,9133,9077,9001,9082,9050,9138
1754527751,6707249,9041,9133,9077,9001,9082,9050,9138
1754527754,6707249,9041,9134,9077,9001,9082,9050,9138
1754527756,6707249,9041,9134,9077,9001,9082,9050,9138
1754527757,6707249,9041,9134,9077,9001,9082,9050,9138
1754527758,6707249,9041,9134,9077,9001,9083,9050,9138
1754527760,6707249,9041,9134,9077,9001,9083,9050,9138
1754527761,6707249,9041,9134,9077,9001,9083,9050,9138
1754527762,6707249,9041,9134,9077,9001,9083,9050,9138
1754527763,6707249,9041,9134,9077,9001,9083,9050,9138
1754527764,6707249,9041,9134,9077,9001,9083,9050,9138
1754527765,6707249,9041,9134,9077,9001,9083,9050,9138
1754527767,6707249,9041,9134,9077,9001,9083,9050,9139
1754527768,6707249,9042,9134,9077,9001,9083,9050,9139
1754527769,6707249,9042,9134,9077,9001,9083,9050,9139
1754527770,6707249,9042,9134,9077,9001,9083,9050,9139
1754527771,6707249,9042,9134,9077,9001,9083,9050,9139
1754527772,6707249,9042,9134,9077,9001,9083,9050,9139
1754527774,6707250,9042,9134,9077,9001,9083,9050,9139
1754527775,6707250,9042,9134,9077,9001,9083,9051,9139
1754527776,6707250,9042,9134,9077,9001,9083,9051,9139
1754527777,6707250,9042,9134,9077,9001,9083,9051,9139
1754527778,6707250,9042,9134,9077,9001,9083,9051,9139
1754527780,6707250,9042,9134,9078,9002,9083,9051,9139
1754527782,6707250,9042,9134,9078,9002,9083,9051,9139
1754527783,6707250,9042,9135,9078,9002,9083,9051,9139
1754527784,6707250,9042,9135,9078,9002,9083,9051,9139
1754527786,6707250,9042,9135,9078,9002,9083,9051,9139
1754527787,6707250,9042,9135,9078,9002,9083,9051,9139
1754527788,6707250,9042,9135,9078,9002,9083,9051,9139
1754527789,6707250,9042,9135,9078,9002,9084,9051,9139
1754527790,6707250,9042,9135,9078,9002,9084,9051,9139
1754527791,6707250,9042,9135,9078,9002,9084,9051,9139
1754527792,6707250,9043,9135,9078,9002,9084,9051,9139
1754527794,6707250,9043,9135,9078,9002,9084,9051,9139
1754527795,6707250,9043,9135,9078,9002,9084,9051,9139
1754527796,6707250,9043,9135,9078,9002,9084,9051,9139
1754527797,6707250,9043,9135,9078,9002,9084,9051,9139
1754527798,6707250,9043,9135,9078,9002,9084,9051,9139
1754527799,6707250,9043,9135,9078,9002,9084,9051,9139
1754527801,6707250,9043,9135,9078,9002,9084,9051,9139
1754527802,6707250,9043,9135,9078,9002,9084,9051,9139
1754527803,6707250,9043,9135,9078,9002,9084,9051,9139
1754527804,6707250,9043,9135,9078,9002,9084,9051,9139
1754527805,6707250,9043,9135,9078,9002,9084,9051,9139
1754527806,6707250,9043,9135,9078,9002,9084,9051,9139
1754527808,6707250,9043,9135,9078,9002,9084,9051,9139
1754527809,6707250,9043,9135,9078,9002,9084,9052,9139
1754527810,6707250,9043,9135,9078,9002,9084,9052,9139
1754527811,6707250,9043,9135,9078,9002,9084,9052,9139
1754527812,6707250,9043,9135,9078,9002,9084,9052,9139
1754527814,6707251,9043,9135,9078,9002,9084,9052,9140
1754527816,6707251,9043,9136,9078,9003,9084,9052,9140
1754527817,6707251,9043,9136,9078,9003,9085,9052,9140
1754527818,6707251,9043,9136,9078,9003,9085,9052,9140
1754527820,6707251,9043,9136,9078,9003,9085,9052,9140
1754527821,6707251,9044,9136,9078,9003,9085,9052,9140
1754527822,6707251,9044,9136,9078,9003,9085,9052,9140
1754527823,6707251,9044,9136,9078,9003,9085,9052,9140
1754527824,6707251,9044,9136,9079,9003,9085,9052,9140
1754527825,6707251,9044,9136,9079,9003,9085,9052,9140
1754527827,6707251,9044,9136,9079,9003,9085,9052,9140
1754527828,6707251,9044,9136,9079,9003,9085,9052,9140
1754527829,6707251,9044,9136,9079,9003,9085,9052,9140
1754527830,6707251,9044,9136,9079,9003,9085,9052,9140
1754527831,6707251,9044,9136,9079,9003,9085,9052,9140
1754527832,6707251,9044,9136,9079,9003,9085,9052,9140
1754527834,6707251,9044,9136,9079,9003,9085,9052,9140
1754527835,6707251,9044,9136,9079,9003,9085,9052,9140
1754527836,6707251,9044,9136,9079,9003,9085,9052,9140
1754527837,6707251,9044,9136,9079,9003,9085,9052,9140
1754527838,6707251,9044,9136,9079,9003,9085,9052,9140
1754527839,6707251,9044,9136,9079,9003,9085,9052,9140
1754527842,6707251,9044,9136,9079,9003,9085,9052,9140
1754527844,6707251,9044,9136,9079,9003,9085,9052,9140
1754527845,6707251,9044,9137,9079,9003,9085,9052,9140
1754527846,6707251,9044,9137,9079,9003,9085,9053,9140
1754527847,6707252,9045,9137,9079,9003,9085,9053,9140
1754527848,6707252,9045,9137,9079,9003,9085,9053,9140
1754527849,6707252,9045,9137,9079,9003,9085,9053,9140
1754527851,6707252,9045,9137,9079,9004,9085,9053,9140
1754527852,6707252,9045,9137,9079,9004,9085,9053,9140
1754527853,6707252,9045,9137,9079,9004,9085,9053,9140
1754527854,6707252,9045,9137,9079,9004,9085,9053,9140
1754527855,6707252,9045,9137,9079,9004,9085,9053,9140
1754527856,6707252,9045,9137,9079,9004,9085,9053,9140
1754527858,6707252,9045,9137,9079,9004,9085,9053,9140
1754527859,6707252,9045,9137,9079,9004,9085,9053,9140
1754527860,6707252,9045,9137,9080,9004,9085,9053,9141
1754527861,6707252,9045,9137,9080,9004,9085,9053,9141
1754527862,6707252,9045,9137,9080,9004,9085,9053,9141
1754527863,6707252,9045,9137,9080,9004,9085,9053,9141
1754527865,6707252,9045,9137,9080,9004,9085,9053,9141
1754527866,6707252,9045,9137,9080,9004,9085,9053,9141
1754527867,6707252,9045,9137,9080,9004,9085,9053,9141
1754527868,6707252,9045,9137,9080,9004,9085,9053,9141
1754527869,6707252,9045,9137,9080,9004,9085,9053,9141
1754527870,6707252,9045,9137,9080,9004,9085,9053,9141
1754527872,6707252,9045,9137,9080,9004,9085,9053,9141
1754527873,6707252,9045,9137,9080,9004,9085,9053,9141
1754527874,6707252,9045,9137,9080,9004,9085,9053,9141
1754527875,6707252,9045,9137,9080,9004,9085,9053,9141
1754527876,6707252,9045,9137,9080,9004,9085,9053,9141
1754527878,6707252,9046,9137,9080,9004,9085,9053,9141
1754527880,6707252,9046,9138,9080,9004,9086,9053,9141
1754527881,6707252,9046,9138,9080,9004,9086,9053,9141
1754527882,6707252,9046,9138,9080,9004,9086,9053,9141
1754527884,6707252,9046,9138,9080,9004,9086,9053,9141
1754527885,6707252,9046,9138,9080,9004,9086,9053,9141
1754527886,6707252,9046,9138,9080,9004,9086,9053,9141
1754527887,6707252,9046,9138,9080,9004,9086,9053,9141
1754527888,6707252,9046,9138,9080,9004,9086,9053,9141
1754527889,6707252,9046,9138,9080,9004,9086,9053,9141
1754527891,6707252,9046,9138,9080,9004,9086,9053,9141
1754527892,6707252,9046,9138,9080,9004,9086,9053,9141
1754527893,6707253,9046,9138,9080,9004,9086,9053,9141
1754527894,6707253,9046,9138,9080,9005,9086,9053,9141
1754527895,6707253,9046,9138,9080,9005,9086,9053,9141
1754527896,6707253,9046,9138,9080,9005,9086,9053,9141
1754527898,6707253,9046,9138,9080,9005,9086,9053,9141
1754527899,6707253,9046,9138,9081,9005,9086,9053,9141
1754527900,6707253,9046,9138,9081,9005,9086,9053,9141
1754527901,6707253,9046,9138,9081,9005,9086,9053,9141
1754527902,6707253,9046,9138,9081,9005,9086,9054,9141
1754527903,6707253,9046,9138,9081,9005,9086,9054,9141
1754527905,6707253,9046,9138,9081,9005,9086,9054,9141
1754527906,6707253,9047,9138,9081,9005,9086,9054,9142
1754527909,6707253,9047,9139,9081,9005,9086,9054,9142
1754527911,6707253,9047,9139,9081,9005,9086,9054,9142
1754527912,6707253,9047,9139,9081,9005,9087,9054,9142
1754527913,6707253,9047,9139,9081,9005,9087,9054,9142
1754527914,6707253,9047,9139,9081,9005,9087,9054,9142
1754527915,6707253,9047,9139,9081,9005,9087,9054,9142
1754527917,6707253,9047,9139,9081,9005,9087,9054,9142
1754527918,6707253,9047,9139,9081,9005,9087,9054,9142
1754527919,6707253,9047,9139,9081,9005,9087,9054,9142
1754527920,6707253,9047,9139,9081,9005,9087,9054,9142
1754527921,6707253,9047,9139,9081,9005,9087,9054,9142
1754527922,6707253,9047,9139,9081,9005,9087,9054,9142
1754527923,6707253,9047,9139,9081,9005,9087,9054,9142
1754527925,6707253,9047,9139,9081,9005,9087,9054,9142
1754527926,6707253,9047,9139,9081,9005,9087,9054,9142
1754527927,6707253,9047,9139,9081,9005,9087,9054,9142
1754527928,6707253,9047,9139,9081,9005,9087,9054,9142
1754527929,6707253,9047,9139,9081,9005,9087,9054,9142
1754527930,6707253,9047,9139,9081,9005,9087,9054,9142
1754527932,6707253,9047,9139,9081,9005,9087,9054,9142
1754527933,6707253,9047,9139,9081,9005,9087,9054,9142
1754527934,6707253,9047,9139,9081,9006,9087,9054,9142
1754527935,6707253,9048,9139,9081,9006,9087,9054,9142
1754527936,6707254,9048,9139,9081,9006,9087,9054,9142
1754527937,6707254,9048,9139,9081,9006,9087,9054,9142
1754527939,6707254,9048,9139,9081,9006,9087,9054,9142
1754527941,6707254,9048,9140,9081,9006,9087,9054,9142
1754527943,6707254,9048,9140,9082,9006,9088,9054,9142
1754527945,6707254,9048,9140,9082,9006,9088,9054,9142
1754527946,6707254,9048,9140,9082,9006,9088,9054,9142
1754527947,6707254,9048,9140,9082,9006,9088,9054,9142
1754527948,6707254,9048,9140,9082,9006,9088,9054,9142
1754527949,6707254,9048,9140,9082,9006,9088,9054,9142
1754527951,6707254,9048,9140,9082,9006,9088,9054,9142
1754527952,6707254,9048,9140,9082,9006,9088,9054,9142
1754527953,6707254,9048,9140,9082,9006,9088,9054,9143
1754527954,6707254,9048,9140,9082,9006,9088,9054,9143
1754527955,6707254,9048,9140,9082,9006,9088,9054,9143
1754527956,6707254,9048,9140,9082,9006,9088,9054,9143
1754527957,6707254,9048,9140,9082,9006,9088,9054,9143
1754527959,6707254,9048,9140,9082,9006,9088,9054,9143
1754527960,6707254,9049,9140,9082,9006,9088,9054,9143
1754527961,6707254,9049,9140,9082,9006,9088,9054,9143
1754527962,6707254,9049,9140,9082,9006,9088,9054,9143
1754527963,6707254,9049,9140,9082,9006,9088,9054,9143
1754527964,6707254,9049,9140,9082,9006,9088,9054,9143
1754527966,6707254,9049,9140,9082,9006,9088,9054,9143
1754527967,6707254,9049,9140,9082,9006,9088,9054,9143
1754527968,6707254,9049,9140,9082,9006,9088,9054,9143
1754527970,6707254,9049,9140,9082,9007,9088,9054,9143
1754527972,6707255,9049,9140,9082,9007,9089,9055,9143
1754527973,6707255,9049,9140,9082,9007,9089,9055,9143
1754527975,6707255,9049,9140,9082,9007,9089,9055,9143
1754527976,6707255,9049,9140,9082,9007,9089,9055,9143
1754527977,6707255,9049,9140,9082,9007,9089,9055,9143
1754527978,6707255,9049,9140,9082,9007,9089,9055,9143
1754527979,6707255,9049,9140,9082,9007,9089,9055,9143
1754527980,6707255,9049,9140,9082,9007,9089,9055,9143
1754527982,6707255,9049,9140,9082,9007,9089,9055,9143
1754527983,6707255,9049,9140,9082,9007,9089,9055,9143
1754527984,6707255,9049,9140,9082,9007,9089,9055,9143
1754527985,6707255,9049,9140,9082,9007,9089,9055,9143
1754527986,6707255,9049,9140,9082,9007,9089,9055,9143
1754527987,6707255,9049,9140,9082,9007,9089,9055,9143
1754527989,6707255,9049,9140,9082,9007,9089,9055,9143
1754527990,6707255,9050,9140,9082,9007,9089,9055,9143
1754527991,6707255,9050,9140,9082,9007,9089,9055,9143
1754527992,6707255,9050,9140,9082,9007,9089,9055,9143
1754527993,6707255,9050,9140,9082,9007,9089,9055,9143
1754527994,6707255,9050,9140,9082,9007,9089,9055,9143
1754527995,6707255,9050,9140,9082,9007,9089,9055,9143
1754527997,6707255,9050,9140,9082,9007,9089,9055,9143
1754527998,6707255,9050,9140,9082,9007,9089,9055,9143
1754527999,6707255,9050,9140,9082,9007,9089,9055,9143
1754528000,6707255,9050,9140,9082,9007,9089,9055,9143
1754528001,6707255,9050,9140,9082,9007,9089,9055,9144
1754528002,6707255,9050,9141,9082,9007,9089,9055,9144
1754528005,6707255,9050,9141,9082,9007,9090,9055,9144
1754528007,6707256,9050,9141,9082,9007,9090,9055,9144
1754528008,6707256,9050,9141,9082,9007,9090,9055,9144
1754528009,6707256,9050,9141,9082,9007,9090,9055,9144
1754528010,6707256,9050,9141,9082,9007,9090,9055,9144
1754528011,6707256,9050,9141,9082,9007,9090,9056,9144
1754528013,6707256,9050,9141,9082,9007,9090,9056,9144
1754528014,6707256,9050,9141,9082,9007,9090,9056,9144
1754528015,6707256,9050,9141,9082,9007,9090,9056,9144
1754528016,6707256,9050,9141,9082,9007,9090,9056,9144
1754528017,6707256,9050,9141,9082,9007,9090,9056,9144
1754528018,6707256,9051,9141,9082,9007,9090,9056,9144
1754528019,6707256,9051,9141,9082,9007,9090,9056,9144
1754528021,6707256,9051,9141,9082,9007,9090,9056,9144
1754528022,6707256,9051,9141,9082,9007,9090,9056,9144
1754528023,6707256,9051,9141,9082,9007,9090,9056,9144
1754528024,6707256,9051,9141,9082,9007,9090,9056,9144
1754528025,6707256,9051,9141,9082,9007,9090,9056,9144
1754528026,6707256,9051,9141,9083,9007,9090,9056,9144
1754528028,6707256,9051,9141,9083,9007,9090,9056,9144
1754528029,6707256,9051,9141,9083,9007,9090,9056,9144
1754528030,6707256,9051,9141,9083,9007,9090,9056,9144
1754528031,6707256,9051,9142,9083,9007,9090,9056,9144
1754528034,6707256,9051,9142,9083,9007,9091,9056,9144
1754528036,6707256,9051,9142,9083,9007,9091,9056,9144
1754528037,6707256,9051,9142,9083,9007,9091,9056,9144
1754528038,6707256,9051,9142,9083,9007,9091,9056,9144
1754528039,6707256,9051,9142,9083,9007,9091,9056,9144
1754528041,6707256,9051,9142,9083,9007,9091,9056,9144
1754528042,6707257,9051,9142,9083,9007,9091,9056,9144
1754528043,6707257,9051,9142,9083,9007,9091,9056,9144
1754528044,6707257,9051,9142,9083,9007,9091,9056,9144
1754528045,6707257,9051,9142,9083,9007,9091,9056,9144
1754528046,6707257,9051,9142,9083,9007,9091,9056,9144
1754528048,6707257,9051,9142,9083,9007,9091,9056,9144
1754528049,6707257,9051,9142,9083,9007,9091,9056,9144
1754528050,6707257,9051,9142,9083,9007,9091,9056,9144
1754528051,6707257,9051,9142,9083,9007,9091,9056,9144
1754528052,6707257,9051,9142,9083,9007,9091,9056,9144
1754528053,6707257,9051,9142,9083,9007,9091,9057,9144
1754528054,6707257,9052,9142,9083,9007,9091,9057,9144
1754528056,6707257,9052,9142,9083,9008,9091,9057,9144
1754528057,6707257,9052,9142,9083,9008,9091,9057,9144
1754528058,6707257,9052,9142,9083,9008,9091,9057,9144
1754528059,6707257,9052,9142,9083,9008,9091,9057,9144
1754528060,6707257,9052,9142,9083,9008,9091,9057,9145
1754528061,6707257,9052,9142,9083,9008,9091,9057,9145
1754528063,6707257,9052,9142,9083,9008,9091,9057,9145
1754528064,6707257,9052,9142,9083,9008,9091,9057,9145
1754528065,6707257,9052,9143,9083,9008,9091,9057,9145
1754528066,6707257,9052,9143,9083,9008,9091,9057,9145
1754528067,6707257,9052,9143,9084,9008,9092,9057,9145
1754528070,6707257,9052,9143,9084,9008,9092,9057,9145
1754528072,6707257,9052,9143,9084,9008,9092,9057,9145
1754528073,6707257,9052,9143,9084,9008,9092,9057,9145
1754528074,6707257,9052,9143,9084,9008,9092,9057,9145
1754528075,6707257,9052,9143,9084,9008,9092,9057,9145
1754528076,6707257,9052,9143,9084,9008,9092,9057,9145
1754528077,6707257,9052,9143,9084,9008,9092,9057,9145
1754528079,6707258,9052,9143,9084,9008,9092,9057,9145
1754528080,6707258,9052,9143,9084,9008,9092,9057,9145
1754528081,6707258,9052,9143,9084,9008,9092,9057,9145
1754528082,6707258,9052,9143,9084,9008,9092,9057,9145
1754528083,6707258,9052,9143,9084,9008,9092,9057,9145
1754528084,6707258,9052,9143,9084,9008,9092,9057,9145
1754528086,6707258,9052,9143,9084,9008,9092,9057,9145
1754528087,6707258,9052,9143,9084,9008,9092,9057,9145
1754528088,6707258,9052,9143,9084,9008,9092,9057,9145
1754528089,6707258,9052,9143,9084,9008,9092,9057,9145
1754528090,6707258,9052,9143,9084,9008,9092,9057,9145
1754528091,6707258,9052,9143,9084,9008,9092,9057,9145
1754528093,6707258,9052,9143,9084,9008,9092,9057,9145
1754528094,6707258,9052,9143,9084,9008,9092,9057,9145
1754528095,6707258,9052,9144,9084,9008,9092,9058,9145
1754528096,6707258,9052,9144,9084,9008,9093,9058,9145
1754528099,6707258,9052,9144,9084,9009,9093,9058,9145
1754528100,6707258,9052,9144,9084,9009,9093,9058,9145
1754528102,6707258,9053,9144,9084,9009,9093,9058,9145
1754528103,6707258,9053,9144,9084,9009,9093,9058,9145
1754528104,6707258,9053,9144,9084,9009,9093,9058,9145
1754528105,6707258,9053,9144,9084,9009,9093,9058,9145
1754528106,6707258,9053,9144,9084,9009,9093,9058,9145
1754528108,6707258,9053,9144,9084,9009,9093,9058,9145
1754528109,6707258,9053,9144,9084,9009,9093,9058,9145
1754528110,6707258,9053,9144,9084,9009,9093,9058,9145
1754528111,6707258,9053,9144,9084,9009,9093,9058,9145
1754528112,6707258,9053,9144,9084,9009,9093,9058,9145
1754528113,6707258,9053,9144,9085,9009,9093,9058,9145
1754528114,6707258,9053,9144,9085,9009,9093,9058,9145
1754528116,6707258,9053,9144,9085,9009,9093,9058,9145
1754528117,6707258,9053,9144,9085,9009,9093,9058,9145
1754528118,6707258,9053,9144,9085,9009,9093,9058,9145
1754528119,6707258,9053,9144,9085,9009,9093,9058,9145
1754528120,6707258,9053,9144,9085,9009,9093,9058,9145
1754528121,6707259,9053,9144,9085,9009,9093,9058,9145
1754528123,6707259,9053,9144,9085,9009,9093,9058,9145
1754528124,6707259,9053,9144,9085,9009,9093,9058,9145
1754528125,6707259,9053,9144,9085,9009,9093,9058,9145
1754528126,6707259,9053,9145,9085,9009,9093,9058,9145
1754528127,6707259,9053,9145,9085,9009,9093,9058,9145
1754528128,6707259,9053,9145,9085,9009,9094,9058,9145
1754528130,6707259,9053,9145,9085,9009,9094,9058,9145
1754528132,6707259,9053,9145,9085,9010,9094,9059,9145
1754528134,6707259,9053,9145,9085,9010,9094,9059,9145
1754528135,6707259,9054,9145,9085,9010,9094,9059,9145
1754528136,6707259,9054,9145,9085,9010,9094,9059,9145
1754528137,6707259,9054,9145,9085,9010,9094,9059,9145
1754528138,6707259,9054,9145,9085,9010,9094,9059,9145
1754528139,6707259,9054,9145,9085,9010,9094,9059,9145
1754528141,6707259,9054,9145,9085,9010,9094,9059,9145
1754528142,6707259,9054,9145,9085,9010,9094,9059,9145
1754528143,6707259,9054,9145,9085,9010,9094,9059,9145
1754528144,6707259,9054,9145,9085,9010,9094,9059,9145
1754528145,6707259,9054,9145,9085,9010,9094,9059,9145
1754528146,6707259,9054,9145,9085,9010,9094,9059,9145
1754528148,6707259,9054,9145,9085,9010,9094,9059,9145
1754528149,6707259,9054,9145,9085,9010,9094,9059,9145
1754528150,6707259,9054,9145,9085,9010,9094,9059,9146
1754528151,6707259,9054,9145,9085,9010,9094,9059,9146
1754528152,6707259,9054,9145,9085,9010,9094,9059,9146
1754528153,6707259,9054,9145,9085,9010,9094,9059,9146
1754528154,6707259,9054,9146,9085,9010,9094,9059,9146
1754528156,6707259,9054,9146,9085,9010,9094,9059,9146
1754528157,6707259,9054,9146,9085,9010,9094,9059,9146
1754528158,6707259,9054,9146,9086,9010,9094,9059,9146
1754528161,6707259,9054,9146,9086,9010,9095,9059,9146
1754528162,6707259,9054,9146,9086,9010,9095,9059,9146
1754528163,6707259,9054,9146,9086,9010,9095,9059,9146
1754528164,6707259,9054,9146,9086,9010,9095,9059,9146
1754528165,6707259,9054,9146,9086,9010,9095,9059,9146
1754528167,6707259,9054,9146,9086,9010,9095,9059,9146
1754528168,6707259,9054,9146,9086,9010,9095,9059,9146
1754528169,6707259,9054,9146,9086,9010,9095,9059,9146
1754528170,6707259,9054,9146,9086,9010,9095,9059,9146
1754528171,6707259,9054,9146,9086,9010,9095,9060,9146
1754528172,6707259,9054,9146,9086,9010,9095,9060,9146
1754528174,6707259,9054,9146,9086,9010,9095,9060,9146
1754528175,6707259,9055,9146,9086,9010,9095,9060,9146
1754528176,6707259,9055,9146,9086,9010,9095,9060,9146
1754528177,6707259,9055,9146,9086,9010,9095,9060,9146
1754528178,6707259,9055,9146,9086,9010,9095,9060,9146
1754528179,6707259,9055,9146,9086,9010,9095,9060,9146
1754528181,6707259,9055,9146,9086,9011,9095,9060,9146
1754528182,6707259,9055,9146,9086,9011,9095,9060,9146
1754528183,6707259,9055,9146,9086,9011,9095,9060,9146
1754528184,6707259,9055,9147,9086,9011,9095,9060,9146
1754528185,6707259,9055,9147,9086,9011,9095,9060,9146
1754528186,6707259,9055,9147,9086,9011,9095,9060,9146
1754528188,6707259,9055,9147,9086,9011,9095,9060,9146
1754528189,6707259,9055,9147,9086,9011,9095,9060,9146
1754528190,6707259,9055,9147,9086,9011,9095,9060,9146
1754528191,6707259,9055,9147,9086,9011,9095,9060,9146
1754528192,6707259,9055,9147,9086,9011,9095,9060,9146
1754528194,6707260,9055,9147,9086,9011,9095,9060,9146
1754528196,6707260,9055,9147,9086,9011,9095,9060,9146
1754528197,6707260,9055,9147,9086,9011,9095,9060,9146
1754528199,6707260,9055,9147,9087,9011,9095,9060,9146
1754528200,6707260,9055,9147,9087,9011,9095,9060,9146
1754528201,6707260,9055,9147,9087,9011,9095,9060,9147
1754528202,6707260,9055,9147,9087,9011,9095,9060,9147
1754528203,6707260,9055,9147,9087,9011,9095,9060,9147
1754528204,6707260,9055,9147,9087,9011,9095,9060,9147
1754528205,6707260,9055,9147,9087,9011,9095,9060,9147
1754528207,6707260,9055,9147,9087,9011,9095,9060,9147
1754528208,6707260,9055,9147,9087,9011,9095,9060,9147
1754528209,6707260,9055,9147,9087,9011,9095,9060,9147
1754528210,6707260,9056,9147,9087,9011,9095,9061,9147
1754528211,6707260,9056,9147,9087,9011,9095,9061,9147
1754528212,6707260,9056,9147,9087,9011,9095,9061,9147
1754528214,6707260,9056,9147,9087,9011,9095,9061,9147
1754528215,6707260,9056,9147,9087,9011,9095,9061,9147
1754528216,6707260,9056,9147,9087,9011,9095,9061,9147
1754528217,6707260,9056,9148,9087,9011,9095,9061,9147
1754528218,6707260,9056,9148,9087,9011,9096,9061,9147
1754528219,6707260,9056,9148,9087,9011,9096,9061,9147
1754528221,6707260,9056,9148,9087,9011,9096,9061,9147
1754528223,6707260,9056,9148,9087,9011,9096,9061,9147
1754528224,6707260,9056,9148,9087,9012,9096,9061,9147
1754528225,6707260,9056,9148,9087,9012,9096,9061,9147
1754528227,6707260,9056,9148,9087,9012,9096,9061,9147
1754528228,6707260,9056,9148,9087,9012,9096,9061,9147
1754528229,6707260,9056,9148,9087,9012,9096,9061,9147
1754528230,6707260,9056,9148,9087,9012,9096,9061,9147
1754528231,6707260,9056,9148,9087,9012,9096,9061,9147
1754528233,6707260,9056,9148,9087,9012,9096,9061,9147
1754528234,6707260,9056,9148,9087,9012,9096,9061,9147
1754528235,6707260,9056,9148,9087,9012,9096,9061,9147
1754528236,6707260,9056,9148,9087,9012,9096,9061,9147
1754528237,6707260,9056,9148,9087,9012,9096,9061,9147
1754528238,6707260,9056,9148,9087,9012,9096,9061,9147
1754528240,6707260,9056,9148,9087,9012,9096,9061,9147
1754528241,6707261,9056,9148,9088,9012,9096,9061,9147
1754528242,6707261,9056,9148,9088,9012,9096,9061,9147
1754528243,6707261,9056,9148,9088,9012,9097,9061,9147
1754528244,6707261,9056,9148,9088,9012,9097,9061,9147
1754528245,6707261,9056,9149,9088,9012,9097,9061,9147
1754528247,6707261,9056,9149,9088,9012,9097,9062,9147
1754528248,6707261,9056,9149,9088,9012,9097,9062,9147
1754528249,6707261,9057,9149,9088,9012,9097,9062,9147
1754528250,6707261,9057,9149,9088,9012,9097,9062,9147
1754528251,6707261,9057,9149,9088,9012,9097,9062,9147
1754528252,6707261,9057,9149,9088,9012,9097,9062,9147
1754528254,6707261,9057,9149,9088,9012,9097,9062,9147
1754528255,6707261,9057,9149,9088,9012,9097,9062,9147
1754528258,6707261,9057,9149,9088,9012,9097,9062,9147
1754528259,6711314,13042,12989,13249,13375,13627,13614,13829
1754528260,6730138,31923,32010,31989,31919,31994,31936,32058
1754528262,6745216,47000,47091,47139,46993,47136,47006,47202
1754528263,6745218,47075,47164,47139,47067,47137,47008,47202
1754528264,6765887,67670,67759,67754,67661,67731,67676,67521
1754528265,6773692,75366,75565,75575,75390,75536,75481,75493
1754528266,6773693,75367,75567,75660,75390,75537,75482,75604
1754528268,6773802,75585,75676,75796,75576,75646,75482,75713
1754528269,6815517,117301,117393,117512,116963,117361,117305,117429
1754528270,6839606,141391,141481,141602,141160,141451,141394,141529
1754528271,6839606,141391,141481,141602,141160,141451,141394,141529
1754528272,6839606,141391,141481,141602,141160,141451,141394,141529
1754528273,6839606,141391,141481,141602,141160,141451,141394,141529
1754528275,6839606,141391,141481,141602,141160,141451,141394,141529
1754528276,6839643,141428,141518,141639,141197,141488,141431,141566
1754528277,6839643,141428,141518,141639,141197,141488,141431,141566
1754528278,6839643,141428,141518,141639,141197,141488,141431,141566
1754528279,6839643,141428,141518,141639,141197,141488,141431,141566
1754528280,6839643,141428,141518,141650,141197,141488,141431,141566
1754528282,6880605,182467,182793,183087,182863,183370,183463,183807
1754528283,6947332,249616,249866,250030,249914,250444,250515,250817
1754528284,7010079,312253,312603,312926,312771,313300,313359,313697
1754528285,7065821,367964,368226,368497,368271,368770,368863,369190
1754528286,7112334,414385,414458,412677,414133,414451,414370,414524
1754528287,7165451,467565,467757,467710,466935,467573,467492,467328
1754528288,7228496,530273,530666,530765,530297,530620,530544,529716
1754528290,7281298,583065,583469,584053,582896,583442,583346,583497
1754528291,7341773,643687,644326,644532,644256,644842,644876,645229
1754528292,7402730,702799,704908,704934,704576,704888,704784,704937
1754528293,7460223,762003,762408,762430,762069,761935,762278,762434
1754528294,7506574,812388,808762,808787,808222,808740,808511,808791
1754528295,7555083,856462,857270,856817,856730,857249,857139,857300
1754528297,7602691,904714,905332,905476,905125,905771,905917,906243
1754528298,7654518,956496,957104,957302,956944,957514,957633,958018
1754528299,7715961,1016795,1018468,1018633,1018188,1018701,1018277,1018767
1754528300,7769920,1072023,1072633,1072759,1072429,1072876,1072988,1073777
1754528301,7816854,1118667,1119053,1119090,1118500,1118716,1118280,1118927
1754528302,7859095,1160912,1161295,1161333,1159545,1160959,1160831,1161170
1754528303,7911969,1213723,1214173,1214211,1213617,1213841,1213706,1214051
1754528305,7968375,1270413,1270963,1271134,1270784,1271224,1270205,1271768
1754528306,8016600,1318718,1319241,1319417,1319130,1319411,1319386,1319780
1754528307,8053976,1355725,1356079,1355817,1355528,1355753,1355771,1356349
1754528308,8093497,1395550,1395902,1395371,1395350,1395575,1395432,1395798
1754528309,8127414,1429469,1429821,1429864,1429268,1429083,1429350,1429718
1754528310,8184777,1490599,1490948,1490992,1490393,1490622,1490475,1490846
1754528312,8226048,1528812,1529160,1529206,1528604,1528837,1528688,1529062
1754528313,8271807,1574444,1574670,1574811,1574460,1574904,1574890,1575380
1754528314,8317498,1619639,1619624,1620020,1619467,1619845,1619868,1620458
1754528315,8365073,1667436,1667588,1668124,1666467,1668121,1668181,1668123
1754528316,8416275,1718646,1718834,1719203,1718825,1719376,1719367,1719927
1754528317,8462642,1765087,1765175,1765502,1765008,1765468,1765498,1766077
1754528318,8507766,1809823,1809909,1810149,1809412,1809874,1809711,1810093
1754528320,8553194,1855476,1855694,1856088,1855554,1856190,1856164,1856808
1754528321,8595120,1897369,1897277,1897825,1897146,1897778,1897798,1898375
1754528322,8646355,1948716,1948905,1949288,1948838,1949456,1949280,1949658
1754528323,8696598,1998978,1999125,1999568,1999351,1999913,1999823,2000499
1754528324,8759846,2062279,2062416,2062732,2062299,2062952,2062636,2063444
1754528325,8794578,2095526,2097053,2097382,2096630,2097045,2096605,2097378
1754528327,8834044,2136476,2135703,2136829,2136453,2137052,2136613,2137205
1754528328,8885638,2188033,2187955,2188437,2188069,2186815,2186455,2189187
1754528329,8921207,2223566,2223757,2222290,2222066,2223765,2223322,2223919
1754528330,8953470,2255664,2255630,2255804,2255110,2255530,2255086,2255689
1754528331,8997150,2299586,2299753,2300135,2299585,2300228,2298700,2300708
1754528332,9046129,2348413,2348517,2348927,2348357,2349000,2348717,2349509
1754528333,9087431,2389974,2390069,2390400,2389928,2390511,2390113,2390857
1754528335,9145347,2447853,2448017,2448374,2447830,2448514,2448249,2449061
1754528336,9183390,2485773,2485725,2485993,2485200,2485632,2485180,2485795
1754528337,9221465,2523884,2524047,2524440,2523864,2524530,2524301,2525125
1754528338,9273404,2575952,2575805,2576295,2575728,2576469,2576135,2576952
1754528339,9313643,2616091,2615941,2616613,2616031,2616677,2616341,2617044
1754528340,9354710,2656988,2656659,2657246,2656438,2656878,2656419,2657042
1754528342,9402168,2704449,2704119,2704434,2704213,2704339,2703881,2704503
1754528343,9451444,2753967,2753814,2754504,2753923,2754392,2754117,2754961
1754528344,9494229,2796516,2796187,2796747,2795812,2796405,2795943,2796497
1754528345,9523781,2826075,2825739,2826301,2825372,2825959,2825495,2826027
1754528346,9565841,2868138,2866470,2868368,2867433,2868027,2867560,2868205
1754528347,9602812,2905111,2904781,2905341,2904404,2905000,2904562,2904606
1754528349,9629202,2931071,2931181,2931735,2930842,2931466,2930933,2931652
1754528350,9674560,2977059,2976965,2977670,2976914,2976851,2977162,2976320
1754528351,9727441,3029948,3029816,3030517,3029797,3030609,3030114,3031119
1754528352,9777046,3079369,3079150,3079873,3079192,3079997,3079504,3080516
1754528353,9825109,3127651,3127523,3128219,3127502,3128317,3127928,3128947
1754528354,9866037,3168439,3168207,3168926,3168255,3169058,3168568,3169583
1754528355,9901088,3203420,3203083,3203336,3202688,3203293,3202653,3203472
1754528357,9939980,3242292,3241954,3241595,3241559,3242164,3241522,3242342
1754528358,9993029,3295484,3295380,3296179,3295423,3296253,3295831,3296842
1754528359,10044132,3347095,3346969,3347696,3346955,3346826,3347126,3347950
1754528360,10104249,3406799,3406625,3407376,3406657,3407345,3406863,3407903
1754528361,10164921,3467443,3467180,3467950,3467180,3468024,3467495,3468537
1754528362,10223672,3526148,3526139,3526733,3526057,3526841,3526449,3527440
1754528364,10281292,3583496,3583507,3584421,3583677,3584503,3584011,3585038
1754528365,10327461,3629692,3629615,3630429,3629839,3630689,3630067,3631048
1754528366,10375957,3677960,3677344,3677964,3677601,3678223,3677560,3678401
1754528367,10433566,3734161,3735687,3734843,3735893,3736768,3736213,3737273
1754528368,10493937,3796136,3795954,3796930,3796223,3796675,3796006,3796848
1754528369,10551187,3853461,3853366,3854225,3853633,3854674,3854150,3855235
1754528370,10608163,3910481,3910423,3911364,3910563,3911459,3910944,3911976
1754528372,10656930,3956814,3959023,3959897,3959249,3960212,3959628,3960537
1754528373,10721642,4023875,4023828,4024756,4023943,4024850,4024457,4025342
1754528374,10787211,4089246,4088979,4089761,4088752,4089684,4088792,4089686
1754528375,10850463,4152503,4152232,4153017,4152005,4152629,4152055,4153060
1754528376,10909976,4212290,4212153,4213051,4212324,4213227,4212713,4213517
1754528377,10964497,4266702,4266670,4267728,4266972,4267882,4267455,4268227
1754528379,11029194,4331522,4331421,4332247,4331533,4332239,4331753,4332549
1754528380,11095372,4397598,4397412,4398278,4397412,4398285,4397881,4398655
1754528381,11155869,4458204,4458055,4458929,4458220,4458914,4458437,4459213
1754528382,11219400,4521657,4521512,4522407,4521592,4522326,4521895,4522696
1754528383,11285250,4587371,4587264,4588137,4587178,4587831,4587233,4587824
1754528384,11346814,4648850,4648575,4649413,4648390,4649033,4648432,4649026
1754528385,11398657,4700972,4700836,4701700,4700985,4701776,4701263,4702042
1754528387,11450869,4753088,4752905,4753799,4753034,4753908,4753430,4754241
1754528388,11507958,4810283,4810197,4811037,4810231,4811087,4810688,4811561
1754528389,11563348,4865548,4865060,4866154,4865147,4865796,4865178,4865783
1754528390,11618445,4920527,4920172,4921245,4920301,4921169,4920815,4921608
1754528391,11672729,4974872,4974557,4975750,4974950,4975812,4975319,4976134
1754528392,11723605,5025732,5025338,5026558,5025684,5026497,5026015,5026916
1754528394,11777950,5080098,5079777,5080988,5080196,5081037,5080612,5081446
1754528395,11829795,5131868,5131394,5132650,5131850,5132726,5132253,5133046
1754528396,11868880,5170813,5170295,5171383,5170374,5171033,5170406,5170949
1754528397,11900478,5201489,5201895,5202983,5201973,5202633,5202015,5200576
1754528398,11940491,5242430,5241910,5242600,5241987,5242649,5242105,5242639
1754528399,11980366,5282564,5282239,5283448,5282626,5283438,5281512,5283831
1754528400,12026534,5328672,5328323,5329534,5328709,5329349,5328568,5328542
1754528402,12063184,5364798,5364615,5365788,5365229,5365948,5365356,5366224
1754528403,12105829,5408014,5407690,5408867,5408127,5408996,5408356,5409236
1754528404,12163502,5465622,5465221,5466461,5465623,5466533,5465857,5466653
1754528405,12227892,5529869,5529124,5530423,5529466,5530326,5529713,5530540
1754528406,12281602,5584371,5584054,5584734,5584431,5585092,5583943,5585015
1754528407,12325396,5627336,5626770,5628009,5627092,5627987,5627359,5628240
1754528409,12370048,5672105,5670788,5672864,5669962,5672637,5671847,5672556
1754528410,12419054,5721127,5720719,5721956,5721131,5722019,5721356,5722273
1754528411,12457322,5759437,5759093,5760281,5759497,5760392,5759742,5760665
1754528412,12521606,5823751,5823293,5824523,5823766,5824651,5823976,5824926
1754528413,12574415,5876673,5876246,5877406,5876668,5877542,5876862,5877782
1754528414,12626485,5928506,5927962,5929397,5928627,5929516,5928854,5929786
1754528415,12687814,5989824,5989396,5990848,5990020,5990931,5990262,5991192
1754528417,12746455,6048295,6047989,6048153,6048686,6049591,6048922,6049698
1754528418,12798167,6099965,6099322,6100498,6099876,6100419,6099609,6100350
1754528419,12853989,6155970,6155523,6156797,6156142,6157020,6156359,6157331
1754528420,12901303,6203332,6202900,6204175,6203538,6204341,6203685,6204643
1754528421,12953457,6255479,6255051,6256278,6255627,6256520,6255864,6256832
1754528422,13013832,6315704,6315043,6316187,6313803,6314805,6315315,6316014
1754528424,13075662,6377657,6377194,6378472,6377887,6378823,6378347,6379177
1754528425,13140895,6442735,6441956,6443220,6442355,6442871,6442314,6443387
1754528426,13203254,6505228,6504756,6506058,6505381,6506030,6505340,6505940
1754528427,13269769,6571739,6571269,6572544,6571848,6572376,6571684,6570927
1754528428,13318850,6620854,6620385,6621701,6621009,6621751,6621221,6621989
1754528429,13370702,6672554,6671877,6673042,6672160,6672132,6672007,6672585
1754528431,13428702,6730827,6730338,6731710,6731044,6731807,6731265,6732045
1754528432,13489171,6790999,6789386,6791484,6790597,6791142,6790444,6791029
1754528433,13548855,6851200,6850860,6852195,6851569,6852347,6851777,6852559
1754528434,13598406,6900659,6900182,6901427,6900788,6901556,6901022,6901796
1754528435,13653398,6955641,6955163,6956477,6955783,6956587,6956019,6956800
1754528436,13701951,7004205,7003679,7004992,7004212,7004937,7004426,7005232
1754528437,13761607,7065712,7064962,7066067,7063590,7065743,7065037,7065625
1754528439,13820123,7122339,7121683,7123227,7122586,7123375,7122814,7123602
1754528440,13884917,7186760,7185232,7187632,7186626,7187208,7186491,7187192
1754528441,13936852,7238908,7238354,7239967,7239246,7240043,7239471,7240241
1754528442,13991268,7293329,7292786,7294376,7293670,7294517,7294020,7294836
1754528443,14054306,7356357,7355775,7357396,7356939,7357498,7356900,7357712
1754528444,14093957,7396000,7395431,7397061,7396514,7397109,7396564,7397362
1754528446,14147378,7449438,7448772,7450390,7449828,7450462,7449792,7450518
1754528447,14201240,7503115,7502353,7503837,7503058,7503556,7502712,7503436
1754528448,14261031,7563163,7561698,7564022,7563536,7562721,7563666,7564274
1754528449,14302038,7604213,7603618,7605168,7604665,7605335,7604686,7605523
1754528450,14350189,7653732,7652967,7654458,7653671,7654043,7653324,7654157
1754528451,14395567,7697696,7697114,7698712,7698132,7698738,7698167,7699170
1754528452,14452173,7754051,7753290,7752276,7753991,7754361,7753641,7754429
1754528454,14499024,7801130,7800536,7802143,7801595,7802177,7801538,7802540
1754528455,14552203,7854298,7853718,7855295,7854682,7855247,7854709,7855705
1754528456,14615221,7917256,7916709,7918362,7917777,7918378,7917800,7918795
1754528457,14678446,7980341,7979400,7981063,7980267,7980657,7979917,7980719
1754528458,14739502,8041543,8040879,8042537,8042010,8042617,8042029,8043025
1754528459,14776137,8078444,8077817,8079391,8078760,8079384,8078879,8079891
1754528461,14802860,8103353,8104062,8105557,8104766,8105157,8104405,8105218
1754528462,14841070,8147080,8142275,8143771,8142982,8143373,8142551,8143437
1754528463,14888622,8190815,8190160,8191732,8191227,8191841,8191157,8192085
1754528464,14945750,8247658,8246537,8248393,8247671,8248060,8247299,8248125
1754528465,14986506,8288628,8287842,8289693,8289109,8289728,8289104,8290115
1754528466,15039473,8341599,8340834,8342642,8342093,8342721,8342094,8343106
1754528467,15079663,8380758,8380606,8382299,8381685,8381988,8381212,8382095
1754528469,15126196,8428127,8426826,8428838,8428313,8428526,8427749,8428583
1754528470,15159382,8461572,8460757,8462588,8462208,8462656,8462025,8463090
1754528471,15201153,8503092,8502110,8501977,8503181,8503484,8502714,8503540
1754528472,15242111,8544317,8543597,8545407,8545015,8545495,8544871,8545871
1754528473,15286560,8588769,8587989,8589817,8589408,8589885,8589364,8590308
1754528474,15338758,8640836,8640091,8641936,8641518,8641944,8641278,8642406
1754528476,15380677,8682271,8681639,8683338,8682712,8682679,8682106,8683085
1754528477,15407068,8709021,8707799,8709730,8709103,8709071,8708497,8709427
1754528478,15444500,8746458,8745465,8747168,8746537,8747285,8745933,8746866
1754528479,15500402,8803525,8802578,8804416,8803975,8802369,8803548,8804489
1754528480,15553583,8855826,8855006,8856745,8856409,8856604,8856147,8857286
1754528481,15591885,8893849,8892868,8894873,8893904,8893896,8893321,8894267
1754528482,15645087,8947267,8946524,8948329,8947902,8948042,8947613,8948751
1754528484,15693471,8995847,8995031,8996863,8996439,8996534,8996037,8997228
1754528485,15757656,9060012,9059238,9061191,9060734,9060951,9060519,9061664
1754528486,15812636,9114956,9114115,9115983,9115616,9115826,9115387,9116469
1754528487,15875920,9178334,9177418,9179287,9178927,9179151,9178688,9179860
1754528488,15932157,9234629,9233790,9235694,9235289,9235521,9235033,9236273
1754528489,15990042,9291938,9291025,9292899,9292382,9292391,9291786,9292753
1754528491,16039634,9341771,9341037,9343119,9342669,9342909,9342436,9343625
1754528492,16100754,9402821,9402057,9403875,9403459,9403693,9403349,9404498
1754528493,16158898,9460806,9459895,9461704,9461414,9461265,9460665,9461546
1754528494,16186474,9488396,9487473,9489285,9488880,9488845,9488057,9488424
1754528495,16225040,9527152,9526424,9528405,9528181,9528206,9527756,9528903
1754528496,16266663,9568589,9567539,9569508,9569187,9569235,9568797,9569968
1754528498,16311959,9613897,9612960,9614783,9614446,9614258,9614042,9615052
1754528499,16355438,9656871,9656442,9658268,9657846,9657901,9657152,9658177
1754528500,16394825,9696926,9696112,9698066,9697878,9697935,9697182,9698653
1754528501,16432639,9735439,9734648,9736576,9736420,9736513,9735778,9737180
1754528502,16485296,9786556,9786841,9788850,9788688,9788836,9788196,9789271
1754528503,16536206,9838309,9837543,9839600,9839377,9839477,9838801,9840029
1754528504,16561716,9863926,9863153,9864436,9862299,9864671,9863869,9864875
1754528506,16596321,9898262,9897314,9898797,9898715,9898590,9897787,9898794
1754528507,16625862,9927782,9926832,9928665,9928159,9928109,9927304,9928323
1754528508,16667947,9969953,9969001,9970835,9969382,9970279,9969473,9970493
1754528509,16705249,10007290,10006291,10008168,10007738,10007621,10006821,10008061
1754528510,16741843,10043885,10042926,10044761,10044331,10044205,10042868,10044420
1754528511,16788850,10091135,10090339,10092267,10092091,10092098,10091412,10092677
1754528513,16818400,10120612,10119887,10121828,10121589,10121700,10121091,10122335
1754528514,16842176,10144614,10143160,10145099,10144668,10144543,10143527,10144758
1754528515,16879208,10181328,10180189,10182189,10181696,10181496,10180680,10181784
1754528516,16900436,10202450,10201418,10203266,10202924,10202798,10201981,10203014
1754528517,16923686,10225808,10224668,10226474,10226174,10226054,10225231,10226264
1754528518,16960931,10263099,10261957,10263931,10263803,10263803,10263132,10264360
1754528519,17007653,10310101,10309114,10311048,10310642,10310849,10310207,10311438
1754528521,17045915,10348316,10347398,10349392,10349056,10349298,10348602,10349861
1754528522,17092636,10394890,10393951,10396011,10395664,10395852,10395185,10396409
1754528523,17140561,10442909,10441993,10444015,10443660,10443894,10443213,10444454
1754528524,17172682,10475092,10474146,10476190,10475836,10476174,10475126,10476615
1754528525,17225865,10528010,10526743,10529104,10528803,10529324,10528096,10529575
1754528526,17272137,10574284,10573130,10575018,10574473,10574312,10573380,10574496
1754528528,17321620,10624020,10623019,10625051,10624746,10625172,10624008,10625320
1754528529,17383049,10685507,10684346,10686195,10685732,10685957,10684592,10685722
1754528530,17430559,10732777,10731616,10733589,10733124,10733578,10732471,10733812
1754528531,17489486,10791918,10790947,10792970,10792627,10793100,10791941,10793261
1754528532,17546818,10848874,10845767,10849602,10849061,10849281,10847949,10849085
1754528533,17604373,10906708,10905775,10907811,10907479,10907928,10906662,10907919
1754528534,17654627,10956830,10955660,10957557,10957010,10957235,10955907,10957054
1754528536,17707428,11009636,11008473,11010361,11009747,11010040,11008711,11009859
1754528537,17755167,11057465,11056470,11058531,11058201,11058637,11057465,11058805
1754528538,17812056,11115155,11114064,11115896,11115350,11115585,11114245,11115405
1754528539,17871764,11173774,11172835,11175233,11174913,11175365,11174174,11175547
1754528540,17935649,11237397,11235921,11238647,11238060,11238288,11236941,11238107
1754528541,18000060,11302064,11301067,11303467,11303225,11303563,11302349,11303875
1754528543,18066578,11368340,11367180,11369448,11369103,11369545,11368403,11369787
1754528544,18128224,11430260,11429226,11431580,11431178,11431871,11429501,11431986
1754528545,18190445,11492210,11491046,11493324,11492501,11492991,11491739,11492943
1754528546,18251245,11553211,11552238,11554679,11554060,11554791,11553585,11554985
1754528547,18315893,11617887,11616893,11619301,11618736,11619496,11618246,11619660
1754528548,18377159,11678947,11677769,11680063,11679230,11678835,11678618,11679681
1754528549,18443941,11746015,11745069,11747478,11746879,11747914,11746179,11747987
1754528551,18507183,11809125,11808176,11810706,11810135,11811099,11809351,11811198
1754528552,18570404,11872439,11871414,11873904,11873254,11874259,11872489,11874216
1754528553,18634122,11936225,11935228,11937711,11937057,11938030,11936309,11938030
1754528554,18700789,12002831,12001844,12004214,12003641,12004677,12002863,12004644
1754528555,18764271,12066331,12065324,12067741,12067154,12068129,12066377,12068110
1754528556,18828954,12131081,12130047,12132479,12131895,12132855,12129965,12132811
1754528558,18889696,12191572,12190616,12193166,12192531,12193468,12191752,12193447
1754528559,18957782,12259840,12256848,12260952,12260111,12260871,12258979,12260495
1754528560,19021143,12323217,12322028,12323998,12323473,12324236,12322420,12324119
1754528561,19084504,12386583,12385392,12387682,12386630,12387601,12385703,12387235
1754528562,19142596,12444678,12443485,12445776,12443746,12445695,12443805,12445331
1754528563,19201989,12504351,12503380,12505733,12505090,12506006,12504114,12505648
1754528565,19234665,12536673,12535468,12537858,12536988,12537688,12535868,12537404
1754528566,19287393,12589405,12586546,12590577,12589718,12590493,12588606,12590135
1754528567,19342231,12644409,12643314,12645452,12644997,12645985,12644295,12646030
1754528568,19390149,12692406,12691384,12693546,12693377,12694219,12692461,12694199
1754528569,19434031,12736227,12735290,12737502,12737216,12738238,12736453,12738027
1754528570,19488074,12790100,12788886,12790946,12790370,12791197,12788171,12790840
1754528571,19535613,12837635,12834460,12837546,12837904,12838731,12836845,12838374
1754528573,19584790,12887023,12885602,12888106,12887652,12888480,12886639,12888124
1754528574,19614805,12916832,12915620,12917695,12915830,12917933,12915152,12917574
1754528575,19646485,12948515,12947301,12949378,12945817,12949573,12947700,12949314
1754528576,19683987,12986231,12985230,12987440,12987072,12988077,12986449,12988058
1754528577,19743977,13046190,13045206,13047522,13047120,13048142,13046416,13048014
1754528578,19795652,13097935,13096904,13099114,13098724,13099673,13097880,13099421
1754528580,19842226,13144261,13143053,13145132,13144525,13145318,13143446,13144861
1754528581,19890925,13193291,13192299,13193994,13193906,13194720,13192825,13194241
1754528582,19932972,13235321,13234275,13236356,13236112,13237040,13235216,13236759
1754528583,19990982,13293072,13292059,13294326,13293988,13295049,13292461,13294616
1754528584,20053740,13356259,13355218,13357394,13357040,13358109,13356341,13357969
1754528585,20116653,13420031,13418984,13421192,13420793,13421833,13419930,13421350
1754528586,20176606,13478924,13477687,13479772,13479188,13480234,13478562,13480190
1754528588,20241894,13544299,13543046,13545301,13544679,13545511,13543602,13544488
1754528589,20299077,13601495,13600449,13602711,13602337,13603423,13601621,13603272
1754528590,20354692,13657169,13656083,13658349,13657977,13658957,13655066,13658913
1754528591,20418858,13721318,13720225,13722548,13721995,13722989,13721240,13722894
1754528592,20476944,13779372,13778302,13780605,13780169,13781225,13779411,13781076
1754528593,20543374,13845725,13844679,13847032,13846534,13847539,13845558,13847331
1754528595,20610472,13912962,13911769,13914106,13913355,13914799,13912950,13914619
1754528596,20657511,13959933,13958862,13961208,13960416,13961828,13960042,13961716
1754528597,20714542,14018160,14017080,14019363,14018602,14020023,14018316,14019988
1754528598,20775810,14078177,14077151,14079551,14078700,14080070,14078403,14080006
1754528599,20839824,14142275,14141138,14143491,14142695,14144237,14142375,14144086
1754528600,20907471,14209730,14208455,14210682,14209645,14210756,14207768,14210432
1754528601,20970832,14273106,14271819,14274046,14273008,14274177,14272242,14273401
1754528603,21028886,14331201,14329920,14332343,14330986,14332215,14330261,14331440
1754528604,21082382,14384946,14383865,14386210,14385407,14386743,14384950,14386243
1754528605,21131519,14433793,14432509,14434734,14433685,14434806,14432661,14434042
1754528606,21186160,14488628,14487521,14488818,14488738,14489847,14487913,14489083
1754528607,21226624,14528841,14525462,14529781,14528743,14529856,14527918,14529096
1754528608,21266265,14568868,14567759,14570075,14569319,14570679,14567146,14570243
1754528610,21325067,14629181,14627894,14630120,14629076,14630193,14628251,14629435
1754528611,21384420,14687123,14685969,14688194,14687148,14686994,14686328,14687510
1754528612,21448270,14750705,14749416,14751632,14750592,14751709,14749690,14750948
1754528613,21507011,14809628,14808622,14810835,14810031,14811346,14809663,14811051
1754528614,21550555,14853117,14852078,14854473,14853676,14855043,14853267,14854665
1754528615,21607042,14909572,14908487,14910929,14910009,14911353,14909554,14910839
1754528616,21670246,14972799,14971740,14974101,14973255,14974608,14972802,14974200
1754528618,21735599,15036259,15036679,15038897,15037923,15039061,15037102,15038308
1754528619,21794032,15096538,15095500,15097850,15097110,15098378,15096598,15097916
1754528620,21860591,15163100,15162128,15164437,15163537,15162861,15163210,15164691
1754528621,21923407,15226055,15224911,15227263,15226310,15227730,15225894,15227387
1754528622,21986970,15289596,15288427,15290819,15289899,15291380,15289635,15291041
1754528623,22041845,15342652,15342941,15345161,15343991,15344291,15343409,15344575
1754528625,22101036,15403664,15402466,15404822,15403890,15405507,15403440,15404998
1754528626,22155521,15458157,15457038,15459396,15458504,15459879,15458029,15459533
1754528627,22204480,15507164,15506032,15508364,15507440,15508881,15506977,15508257
1754528628,22263028,15565706,15564519,15566850,15565808,15567148,15565322,15566607
1754528629,22317496,15621106,15619028,15621270,15620331,15620274,15619860,15621090
1754528630,22367766,15670413,15669311,15671649,15670702,15672102,15670254,15671531
1754528632,22419332,15721762,15720454,15722713,15721483,15722725,15720815,15722111
1754528633,22477189,15779520,15777818,15780428,15779237,15780440,15778418,15779503
1754528634,22538910,15841607,15840413,15842769,15841863,15843298,15841375,15842691
1754528635,22599407,15902100,15901072,15903397,15902442,15903891,15901970,15903279
1754528636,22654587,15957250,15956152,15958506,15957554,15958981,15957098,15958350
1754528637,22720011,16022506,16021176,16023400,16022197,16023421,16021387,16022477
1754528638,22780213,16082949,16081791,16084082,16083097,16084546,16082680,16083941
1754528640,22844562,16146972,16146061,16148400,16147458,16148862,16146896,16148238
1754528641,22907026,16209221,16208143,16210477,16209213,16210456,16207152,16209516
1754528642,22955143,16257531,16256638,16258747,16257973,16259443,16257511,16258845
1754528643,22999684,16302150,16301280,16303372,16302699,16304075,16302273,16303576
1754528644,23066012,16368708,16367530,16369676,16368962,16370644,16368479,16369753
1754528645,23128847,16430912,16430231,16432200,16431246,16432551,16430498,16431623
1754528647,23190933,16493359,16492464,16494556,16493818,16495288,16493394,16494711
1754528648,23255457,16557732,16556641,16558613,16557653,16558493,16556904,16558034
1754528649,23291062,16593536,16592540,16594619,16593930,16595397,16593350,16594802
1754528650,23334704,16636929,16635835,16637809,16636845,16638139,16634413,16637309
1754528651,23358134,16660361,16659193,16661241,16660275,16661498,16659300,16660637
1754528652,23394771,16697220,16696296,16698397,16697683,16699236,16697057,16698616
1754528653,23446498,16748930,16748034,16750150,16749398,16750918,16748805,16750327
1754528655,23488441,16790961,16790058,16792146,16791439,16792965,16790853,16792392
1754528656,23535029,16837540,16836601,16838687,16837987,16839502,16837385,16838923
1754528657,23595082,16897528,16896634,16898689,16897856,16899163,16896100,16898235
1754528658,23633478,16935917,16935022,16937140,16936363,16937808,16935768,16937357
1754528659,23680370,16982765,16981357,16983642,16982661,16983968,16981736,16983207
1754528660,23744366,17046931,17046010,17048178,17047449,17048974,17046874,17048418
1754528662,23802738,17105242,17104345,17106434,17105680,17107219,17105082,17106493
1754528663,23865837,17168404,17167429,17169562,17168765,17170296,17168186,17169715
1754528664,23922322,17225093,17223988,17226024,17225304,17226834,17224630,17225962
1754528665,23985888,17288309,17285905,17289609,17288603,17289934,17287674,17289008
1754528666,24045417,17348818,17347811,17349964,17348921,17350247,17347982,17349328
1754528667,24097665,17400120,17399294,17401303,17400693,17402255,17400163,17401719
1754528668,24143622,17446049,17445154,17447172,17446446,17447937,17445854,17447427
1754528670,24194496,17496709,17495818,17497905,17497241,17498819,17496705,17498248
1754528671,24249294,17551684,17550744,17552671,17551733,17553182,17550102,17552266
1754528672,24304776,17607220,17604746,17608457,17607589,17609041,17606757,17608124
1754528673,24335845,17638271,17637465,17639512,17638806,17640416,17638300,17639842
1754528674,24380581,17683021,17682181,17684232,17683558,17685230,17683164,17684667
1754528675,24425139,17725497,17726800,17728835,17728149,17729710,17727634,17729377
1754528677,24486687,17789160,17788241,17790302,17789597,17791172,17789067,17790869
1754528678,24547375,17849823,17848984,17851008,17850301,17851896,17849767,17851451
1754528679,24608611,17910917,17909880,17911841,17910971,17912518,17910445,17912186
1754528680,24675626,17978112,17977247,17979383,17978676,17979359,17978087,17979903
1754528681,24736104,18038519,18037681,18039742,18038998,18040560,18038460,18040188
1754528682,24797452,18099939,18098979,18101037,18100337,18101935,18099791,18101562
1754528683,24856212,18158732,18157883,18159908,18159179,18160714,18158556,18160333
1754528685,24921462,18223918,18223070,18225117,18224414,18226012,18223884,18225661
1754528686,24978183,18280518,18279481,18281483,18280711,18282310,18280185,18281953
1754528687,25020521,18322943,18322122,18324292,18323519,18325110,18322978,18324751
1754528688,25057720,18359943,18359024,18360942,18359975,18361362,18359091,18360662
1754528689,25103057,18406971,18406161,18408120,18407180,18408558,18406285,18407857
1754528690,25155083,18457364,18456814,18458917,18458080,18459657,18455515,18459279
1754528692,25200719,18502120,18502254,18504305,18503552,18505141,18503018,18504706
1754528693,25242272,18544260,18543539,18545446,18544433,18545939,18543827,18545616
1754528694,25304830,18607065,18606441,18608482,18607512,18609279,18607192,18609074
1754528695,25373431,18675429,18674703,18676612,18675155,18677094,18674803,18676273
1754528696,25419083,18721094,18720448,18722542,18721345,18723429,18721286,18723093
1754528697,25476870,18778880,18778151,18779985,18778602,18780539,18778251,18779845
1754528698,25539299,18841563,18840968,18842974,18841792,18843831,18841726,18843342
1754528700,25596391,18898602,18898054,18900088,18898872,18901024,18898959,18900606
1754528701,25652291,18954378,18954047,18956077,18954962,18956924,18955031,18956623
1754528702,25716974,19019246,19018707,19020696,19019504,19021519,19019630,19020995
1754528703,25775649,19077885,19077354,19079385,19078116,19080137,19078287,19079646
1754528704,25835846,19137648,19137166,19139061,19137590,19139378,19137310,19138471
1754528705,25890920,19192981,19192250,19194139,19192664,19194590,19192687,19194047
1754528707,25943510,19245786,19245125,19247135,19245858,19247883,19246031,19247374
1754528708,26005911,19309152,19308416,19310308,19308827,19310624,19308548,19309722
1754528709,26054955,19357188,19356696,19358795,19357519,19359564,19357686,19359086
1754528710,26107843,19410086,19409554,19411675,19410404,19412426,19410507,19411898
1754528711,26164647,19467567,19466238,19468152,19465093,19468960,19466859,19468146
1754528712,26230535,19532762,19532191,19534216,19532873,19534796,19532847,19534236
1754528714,26283351,19585604,19585199,19587050,19585712,19587662,19585732,19587136
1754528715,26346133,19648205,19647772,19649935,19648623,19650680,19648731,19649922
1754528716,26400717,19702826,19702398,19704616,19703248,19705336,19703442,19704808
1754528717,26461685,19763795,19763284,19765181,19764127,19766218,19764240,19765606
1754528718,26522919,19824976,19824529,19826525,19825491,19827463,19825568,19826957
1754528719,26587377,19889538,19889197,19891261,19889965,19892212,19890237,19891646
1754528720,26651488,19951964,19953054,19954963,19952262,19955879,19953918,19955337
1754528722,26718217,20020295,20019849,20021873,20020515,20022724,20020638,20021846
1754528723,26780245,20082246,20081795,20083838,20082486,20084695,20082862,20084181
1754528724,26846109,20148194,20147768,20149871,20148515,20150760,20148853,20150307
1754528725,26907818,20209873,20209388,20211439,20210084,20212265,20210222,20211774
1754528726,26969425,20271492,20271019,20273030,20271883,20273719,20271640,20272748
1754528727,27026564,20328651,20328172,20330252,20328941,20330998,20329067,20330402
1754528729,27074494,20376613,20376174,20378182,20376861,20378917,20376980,20378331
1754528730,27133218,20435122,20434533,20436520,20435150,20437227,20435326,20436609
1754528731,27179552,20481707,20481212,20483270,20481907,20484005,20482058,20483354
1754528732,27239351,20541542,20541090,20543103,20541761,20543858,20541876,20543233
1754528733,27302418,20603805,20603432,20605318,20603766,20605623,20603523,20604655
1754528734,27356532,20658482,20657997,20659999,20658683,20660690,20658724,20660009
1754528735,27397325,20698283,20698488,20700366,20698808,20700679,20698581,20699703
1754528737,27450198,20752143,20751581,20753630,20752363,20754469,20752497,20753841
1754528738,27498814,20800853,20800325,20802310,20801016,20803146,20801134,20802495
1754528739,27542932,20844817,20844156,20846076,20844489,20846377,20844262,20845413
1754528740,27601339,20902788,20902218,20904470,20902824,20904717,20902599,20903765
1754528741,27633070,20934511,20934064,20936144,20934546,20936441,20934333,20935499
1754528742,27678457,20980127,20979874,20981820,20980643,20982769,20980802,20982157
1754528744,27715139,21016769,21016509,21018484,21017309,21019390,21017391,21018775
1754528745,27756410,21057873,21057406,21058673,21057822,21059794,21057671,21058842
1754528746,27803941,21104275,21104939,21106786,21105361,21107328,21105212,21106376
1754528747,27853694,21155189,21154825,21156813,21155575,21157689,21155741,21157100
1754528748,27909549,21211018,21210545,21212395,21208881,21212946,21210852,21211989
1754528749,27942318,21244028,21243733,21245719,21244506,21246660,21244689,21246068
1754528750,27962666,21264147,21263665,21265401,21264083,21266055,21263952,21265113
1754528752,27978361,21281888,21281406,21283258,21281823,21283795,21281691,21282701
1754528753,28009297,21311050,21310794,21312754,21311458,21313641,21311793,21312936
1754528754,28048225,21350009,21349724,21351684,21350503,21352702,21350754,21351892
1754528755,28110655,21412052,21411569,21413516,21412073,21414054,21411955,21412988
1754528756,28177987,21479799,21478273,21481313,21480092,21482241,21480123,21479710
1754528757,28239259,21541000,21540600,21542577,21541343,21543577,21541628,21542757
1754528759,28302629,21604057,21603569,21604528,21603968,21605977,21603850,21604802
1754528760,28366423,21668211,21667915,21669894,21668682,21670908,21668921,21670082
1754528761,28429172,21731072,21730654,21732645,21731457,21733704,21731733,21732890
1754528762,28459361,21761153,21760851,21762800,21761585,21763845,21761834,21763028
1754528763,28500113,21801852,21801571,21803595,21802326,21804575,21802652,21803819
1754528764,28546545,21848057,21847106,21849569,21848095,21850127,21847984,21848955
1754528766,28589219,21890853,21890525,21892749,21891500,21893744,21891735,21892924
1754528767,28637557,21939143,21938858,21940884,21939814,21942069,21940068,21941245
1754528768,28695463,21997096,21996756,21998742,21996840,22000042,21998136,21999293
1754528769,28754933,22056524,22056203,22058174,22057201,22059422,22057432,22058571
1754528770,28819873,22121045,22121078,22122625,22121431,22123793,22121655,22122620
1754528771,28876073,22177732,22177398,22179360,22178103,22180646,22178639,22179788
1754528772,28940427,22242122,22241755,22243726,22242470,22245002,22242969,22244267
1754528774,28993399,22295058,22294702,22296683,22295416,22297866,22295774,22296942
1754528775,29049422,22351067,22350757,22352756,22351426,22354215,22351676,22353204
1754528776,29109270,22410943,22410566,22412564,22411297,22413976,22411529,22413239
1754528777,29166431,22468129,22467789,22469781,22468480,22471146,22468714,22469931
1754528778,29223572,22525208,22524788,22526811,22525595,22528279,22525859,22527196
1754528779,29275774,22577532,22576333,22579022,22577483,22579938,22577371,22578525
1754528781,29324995,22626010,22626908,22627407,22626260,22629688,22627119,22628276
1754528782,29362007,22663671,22663307,22665296,22664016,22666671,22664201,22665665
1754528783,29414224,22715890,22715549,22717556,22716213,22718796,22716456,22717922
1754528784,29458602,22760376,22760026,22762021,22760690,22763380,22760941,22762321
1754528785,29520851,22822565,22822203,22824169,22822900,22825488,22823028,22824437
1754528786,29571443,22873150,22872825,22874237,22873478,22876174,22873734,22875109
1754528787,29630239,22931994,22931670,22933688,22932508,22935235,22932743,22934176
1754528789,29693381,22995260,22994844,22996728,22995420,22998216,22995753,22997150
1754528790,29743404,23044804,23043924,23046234,23044751,23047226,23044622,23045821
1754528791,29769496,23069433,23069047,23071260,23070843,23073310,23070122,23071512
1754528792,29790690,23092075,23091463,23093428,23092037,23094432,23091892,23093088
1754528793,29821041,23122616,23122176,23124340,23123111,23123333,23121450,23124634
1754528794,29866049,23167695,23167174,23169326,23167900,23170594,23167978,23169178
1754528796,29891269,23192341,23192042,23194012,23192359,23194770,23192477,23193673
1754528797,29930322,23231718,23231106,23233065,23231411,23234141,23231529,23232726
1754528798,29975092,23276801,23276336,23278395,23276963,23279854,23277506,23278907
1754528799,30017776,23319372,23318985,23321074,23319696,23322587,23320330,23321560
1754528800,30060197,23361807,23361384,23363457,23362008,23365099,23362467,23363874
1754528801,30115454,23417385,23416253,23418209,23416544,23419359,23416636,23418009
1754528802,30154179,23455682,23455059,23457007,23455342,23458157,23455432,23456417
1754528804,30183624,23485055,23484431,23483967,23484713,23487530,23484804,23485790
1754528805,30210361,23511785,23511268,23513482,23512057,23515074,23512456,23513445
1754528806,30257743,23559372,23558977,23561082,23559605,23562621,23560123,23561300
1754528807,30295126,23596835,23596409,23598507,23597036,23600064,23597538,23598710
1754528808,30327114,23628646,23628228,23630365,23628865,23631948,23629424,23630618
1754528809,30383948,23685719,23685083,23687047,23685368,23688112,23685457,23686520
1754528811,30434431,23736353,23735960,23738100,23736683,23739772,23737159,23738361
1754528812,30480907,23783004,23782364,23784414,23782809,23785760,23783222,23784426
1754528813,30515971,23817741,23817100,23819078,23817390,23818925,23817479,23818472
1754528814,30566689,23868621,23868303,23870416,23869024,23872078,23868533,23870611
1754528815,30608013,23909737,23909278,23911508,23910092,23913147,23910683,23911850
1754528816,30666338,23968068,23967661,23969913,23968446,23971524,23968921,23970119
1754528817,30711556,24013367,24012891,24015005,24013681,24016685,24011755,24015193
1754528819,30775888,24077741,24077230,24079406,24078208,24081145,24078481,24079588
1754528820,30824400,24126200,24125692,24127572,24126238,24129072,24126331,24127338
1754528821,30877607,24179245,24178542,24180643,24179039,24181876,24179140,24180143
1754528822,30935050,24236962,24236307,24238399,24236771,24239804,24237385,24238685
1754528823,30979236,24280997,24280591,24282843,24281344,24284268,24281700,24282864
1754528824,31039305,24339017,24340820,24343025,24341663,24344753,24341954,24343280
1754528826,31072719,24374271,24373677,24375698,24374155,24376987,24373926,24375370
1754528827,31090654,24392507,24392023,24394263,24392867,24395936,24393016,24394376
1754528828,31150358,24452153,24451703,24454004,24452611,24455587,24452672,24453612
1754528829,31200246,24503240,24502415,24504554,24503043,24505889,24501275,24502649
1754528830,31243884,24545520,24544847,24546947,24545327,24547483,24545099,24545863
1754528831,31277801,24579513,24578976,24581241,24579814,24582897,24579973,24580950
1754528833,31309611,24611415,24610970,24613234,24611803,24614867,24611930,24612851
1754528834,31359917,24661691,24661013,24663125,24661490,24663512,24661273,24662036
1754528835,31407342,24708687,24708546,24710725,24709291,24712191,24709169,24710095
1754528836,31467660,24769537,24768855,24770970,24768912,24772184,24769125,24769366
1754528837,31523377,24825431,24824889,24827188,24825734,24828820,24825901,24826890
1754528838,31590982,24893029,24892438,24894749,24893412,24896465,24893540,24894402
1754528839,31629434,24931354,24930539,24932756,24931181,24934026,24930908,24931678
1754528841,31677104,24979285,24978698,24980973,24979529,24982594,24979680,24980650
1754528842,31720959,25023028,25022318,25024412,25023159,25026240,25023351,25024319
1754528843,31773918,25075124,25075044,25076997,25075505,25078464,25075404,25076183
1754528844,31830640,25133972,25133174,25135129,25133806,25136595,25133532,25134315
1754528845,31881458,25183528,25182929,25184998,25183496,25186875,25184133,25185120
1754528846,31932376,25233886,25233496,25235456,25233768,25236986,25234027,25235016
1754528848,31985177,25287104,25286313,25288260,25286643,25289898,25287085,25288128
1754528849,32044215,25346367,25345783,25347890,25346405,25349709,25346781,25347770
1754528850,32102599,25403459,25404004,25406124,25404621,25407392,25404907,25405844
1754528851,32163687,25465881,25465208,25467295,25465909,25469251,25466074,25467139
1754528852,32224439,25526664,25526071,25528138,25526687,25530068,25527062,25527792
1754528853,32271685,25573914,25573304,25575482,25573982,25577301,25574336,25575171
1754528855,32314615,25616735,25616001,25618048,25616483,25619880,25616934,25617660
1754528856,32365640,25667868,25667246,25669366,25667844,25671176,25668097,25668804
1754528857,32397422,25699640,25698993,25701057,25699617,25703031,25699948,25700688
1754528858,32461178,25762610,25762433,25764755,25763210,25766724,25763616,25764270
1754528859,32504921,25806879,25806067,25808034,25803949,25809481,25806270,25806817
1754528860,32535391,25837555,25835302,25838840,25837438,25840900,25837760,25838483
1754528861,32581071,25883034,25882218,25884190,25882457,25883587,25882429,25882971
1754528863,32631645,25933611,25932793,25934767,25933031,25936222,25933135,25933864
1754528864,32695006,25997125,25996247,25998132,25996393,25999643,25996577,25997328
1754528865,32743658,26045744,26044361,26046897,26045172,26048351,26045149,26045692
1754528866,32790048,26089375,26091067,26093129,26091443,26091184,26091419,26091963
1754528867,32821316,26123566,26122745,26124641,26123234,26126619,26123597,26124344
1754528868,32859450,26161687,26160940,26162923,26161622,26165012,26161981,26162720
1754528870,32906722,26208934,26208173,26210168,26208881,26212224,26209167,26209915
1754528871,32940219,26242190,26241266,26243223,26241796,26245233,26242283,26243019
1754528872,32977045,26279249,26278486,26280432,26279128,26282557,26279474,26280249
1754528873,33024667,26326642,26325674,26324287,26325943,26329235,26326039,26326588
1754528874,33067089,26369067,26368097,26369968,26368366,26371662,26368553,26369457
1754528875,33124763,26426928,26426009,26427350,26426277,26429694,26426200,26426944
1754528876,33166108,26468305,26467534,26469516,26468147,26471606,26468445,26469376
1754528878,33220525,26522723,26521985,26523976,26522571,26526061,26522877,26523787
1754528879,33275270,26577478,26576699,26578719,26577365,26580828,26576834,26578567
1754528880,33335446,26637632,26636872,26638846,26637495,26640942,26637726,26638578
1754528881,33390068,26692359,26691650,26693637,26692242,26695735,26692572,26693467
1754528882,33449968,26752243,26751376,26753392,26751986,26755450,26752276,26753197
1754528883,33507677,26809834,26809049,26811049,26809662,26813122,26810029,26810928
1754528885,33569640,26871860,26871086,26873121,26871689,26875059,26871963,26872882
1754528886,33624143,26926366,26925615,26927628,26926208,26929684,26926492,26927397
1754528887,33673289,26975400,26974407,26976277,26974660,26977911,26974602,26975434
1754528888,33714493,27016723,27015925,27017956,27016528,27019916,27016716,27017573
1754528889,33771518,27073835,27073010,27074885,27073483,27076975,27073767,27074683
1754528890,33812725,27114881,27114308,27116112,27114897,27118346,27115152,27115989
1754528891,33866743,27168637,27168030,27169788,27168680,27172155,27168942,27169880
1754528893,33921146,27223293,27222631,27224126,27223205,27226665,27223434,27224384
1754528894,33967033,27269203,27268634,27270200,27269232,27272634,27269428,27270323
1754528895,33998493,27300322,27299625,27300983,27299701,27303172,27299803,27300515
1754528896,34045952,27347856,27347085,27348386,27347487,27350637,27347262,27347978
1754528897,34083223,27385473,27384895,27386458,27385321,27388932,27385712,27386611
1754528898,34144669,27446829,27446222,27447776,27446710,27450282,27447051,27447988
1754528900,34191848,27493955,27493368,27494898,27493758,27497324,27494040,27495077
1754528901,34254982,27557119,27556527,27558065,27556947,27560379,27557154,27558213
1754528902,34312603,27614548,27613750,27615161,27613827,27617064,27613680,27614635
1754528903,34364759,27666978,27666320,27667804,27666623,27670092,27666953,27668031
1754528904,34429987,27732245,27731541,27733070,27731962,27735471,27732201,27733305
1754528905,34498606,27800747,27800115,27801656,27800499,27803860,27800570,27801723
1754528906,34550829,27852979,27852372,27853925,27852830,27856250,27853006,27854050
1754528908,34609879,27912074,27911469,27913030,27911893,27915408,27912124,27913212
1754528909,34667903,27969899,27969300,27970815,27969566,27972925,27969509,27970403
1754528910,34729369,28031409,28030773,28032357,28031224,28034706,28031435,28032525
1754528911,34789748,28091227,28090899,28092439,28091279,28094581,28091272,28092402
1754528912,34850055,28152022,28151244,28152744,28151531,28155028,28151771,28152871
1754528913,34913073,28215147,28214586,28216010,28214806,28218353,28215182,28216289
1754528915,34974615,28276548,28275876,28277179,28275856,28279234,28275804,28276718
1754528916,35038772,28340653,28340410,28341810,28340731,28344148,28340949,28342049
1754528917,35103340,28405140,28404770,28406136,28405057,28408580,28405326,28406455
1754528918,35166993,28468780,28468543,28469909,28468926,28472427,28469156,28470281
1754528919,35228240,28530106,28529860,28531135,28530227,28533661,28530358,28531498
1754528920,35293659,28595326,28594788,28595992,28594612,28598199,28594743,28595684
1754528922,35362689,28664570,28664356,28665603,28664449,28668184,28664636,28665952
1754528923,35424827,28726703,28726438,28727663,28726547,28730254,28726951,28728038
1754528924,35483706,28785389,28784933,28783619,28784394,28788257,28784837,28785482
1754528925,35546481,28848456,28848133,28849337,28848090,28851708,28848330,28849647
1754528926,35608492,28911128,28910815,28912019,28910918,28914492,28911182,28912626
1754528927,35666153,28968129,28967855,28969115,28967938,28971489,28968236,28969460
1754528928,35730952,29032803,29032503,29033753,29032656,29034487,29031029,29033801
1754528930,35791176,29093907,29093439,29094578,29093167,29096528,29093087,29094116
1754528931,35852700,29154686,29154378,29155597,29154301,29157664,29151891,29155245
1754528932,35911385,29213132,29212659,29212186,29212393,29215759,29212316,29213340
1754528933,35971480,29273481,29273060,29274389,29273184,29276779,29273488,29274714
1754528934,36030093,29331952,29331417,29332641,29331444,29335027,29331720,29332963
1754528935,36093134,29394803,29394465,29395611,29394435,29397568,29394443,29395480
1754528937,36153319,29455231,29454830,29456064,29454806,29458388,29455129,29456368
1754528938,36203216,29503239,29502812,29504159,29502942,29506611,29503242,29504334
1754528939,36227654,29529538,29529061,29530037,29528730,29532107,29528648,29529712
1754528940,36288488,29590054,29589514,29591025,29589565,29592945,29589077,29590551
1754528941,36339104,29641040,29640693,29642231,29640946,29643963,29641235,29642549
1754528942,36367701,29669278,29668739,29670193,29668794,29672162,29668696,29668749
1754528943,36406884,29708468,29707920,29707314,29708023,29711341,29707874,29708948
1754528945,36452533,29754257,29753941,29755531,29754384,29757874,29754547,29755823
1754528946,36512969,29814838,29814493,29816080,29814793,29818396,29815128,29816438
1754528947,36567759,29869359,29868806,29870238,29868760,29872219,29868744,29869834
1754528948,36625341,29927181,29926810,29928369,29927138,29930743,29927397,29928705
1754528949,36680195,29982058,29981678,29983175,29981981,29985586,29982327,29983549
1754528950,36738012,30039784,30039444,30040981,30039723,30043429,30039840,30041275
1754528952,36794853,30096666,30096293,30097827,30096616,30100193,30096756,30098431
1754528953,36856211,30158034,30157751,30159336,30158044,30161622,30158198,30159804
1754528954,36909276,30211096,30210749,30212321,30211005,30214544,30211110,30212727
1754528955,36956305,30258128,30257781,30259368,30258055,30261629,30258220,30259811
1754528956,37011308,30312923,30312365,30313794,30312298,30315775,30312194,30313605
1754528957,37053367,30354985,30354431,30355855,30354358,30357728,30354153,30354795
1754528958,37094454,30397228,30396673,30398099,30396606,30399971,30396395,30397812
1754528960,37137600,30439472,30437576,30440342,30438847,30442214,30438636,30440056
1754528961,37200331,30502394,30501823,30503368,30502193,30505616,30502036,30503458
1754528962,37256329,30558208,30557645,30559199,30557985,30561556,30558083,30559692
1754528963,37306655,30608559,30608037,30609675,30608449,30612019,30608600,30610216
1754528964,37355388,30657287,30658479,30658132,30656622,30660044,30656863,30658465
1754528965,37388991,30690950,30690416,30692254,30690959,30694609,30691149,30692734
1754528967,37426808,30728736,30728273,30730166,30728810,30732413,30728963,30730606
1754528968,37470312,30771976,30771311,30772875,30771548,30774939,30771349,30771536
1754528969,37512554,30814229,30813553,30812607,30813796,30817182,30813591,30815035
1754528970,37562301,30863980,30863083,30864868,30863408,30867026,30863580,30865388
1754528971,37601237,30903990,30903315,30903443,30903340,30906949,30903355,30904792
1754528972,37614831,30916641,30914167,30917685,30916146,30919746,30914672,30917594
1754528973,37636302,30938094,30937416,30938989,30937451,30941051,30937511,30939006
1754528975,37676306,30977932,30977314,30978887,30977352,30981000,30977163,30978799
1754528976,37734531,31036369,31035845,31037580,31036243,31039869,31036026,31037398
1754528977,37791512,31093499,31092188,31094675,31093392,31097002,31093268,31094927
1754528978,37850139,31152048,31151607,31153291,31151960,31155590,31151856,31153278
1754528979,37904352,31206369,31205776,31207547,31206231,31209882,31206192,31207617
1754528980,37958381,31260081,31259403,31259594,31259410,31262816,31258928,31260171
1754528981,38011228,31313181,31312566,31314296,31312959,31316592,31312852,31314218
1754528983,38069253,31370967,31370289,31371860,31370293,31373741,31369992,31371450
1754528984,38127764,31429864,31429342,31431091,31429747,31433349,31429612,31431073
1754528985,38182709,31484900,31483073,31486050,31484781,31488378,31484615,31486117
1754528986,38237895,31539960,31539274,31540481,31539277,31542671,31538855,31540278
1754528987,38292933,31594181,31594313,31595873,31594315,31597711,31593829,31595104
1754528988,38349153,31651356,31650864,31652542,31651293,31654906,31651168,31652635
1754528990,38397278,31699681,31699083,31700727,31699408,31703096,31699313,31700749
1754528991,38440813,31741801,31742003,31743765,31742199,31745616,31741719,31743003
1754528992,38474748,31776828,31776283,31778132,31776873,31780502,31776757,31778231
1754528993,38520306,31822349,31821829,31823548,31822225,31825842,31822151,31823462
1754528994,38578173,31880123,31879474,31881094,31879713,31883091,31879184,31880477
1754528995,38621889,31924530,31923772,31925393,31923817,31927389,31923481,31924776
1754528997,38673142,31975099,31974245,31975961,31974454,31978081,31974345,31975843
1754528998,38717719,32019761,32019004,32020630,32019046,32022619,32018707,32020011
1754528999,38772228,32074407,32073837,32075565,32074226,32077954,32074213,32075694
1754529000,38825936,32128247,32127484,32129113,32127530,32131206,32127228,32128501
1754529001,38887306,32189465,32188906,32190663,32189283,32192854,32189126,32191007
1754529002,38943909,32246095,32245503,32247242,32245949,32249407,32245463,32246691
1754529003,38992228,32293455,32293442,32295068,32293481,32296927,32293019,32294274
1754529005,39054730,32357003,32356398,32358079,32356756,32360291,32356346,32356632
1754529006,39110211,32412381,32411811,32413474,32410945,32415340,32411384,32412512
1754529007,39167891,32470070,32469490,32471272,32469974,32473721,32469899,32471201
1754529008,39216238,32518307,32517524,32519163,32517557,32521024,32517080,32518197
1754529009,39273131,32575414,32574840,32576614,32575260,32578962,32575136,32576481
1754529010,39336492,32638751,32638147,32639938,32638572,32642249,32638471,32639809
1754529012,39396485,32698701,32698114,32699916,32698498,32702183,32698398,32699697
1754529013,39459028,32761028,32760374,32762179,32760769,32764462,32760671,32761990
1754529014,39514641,32816861,32816453,32818114,32816743,32820455,32816639,32817987
1754529015,39575320,32877470,32876658,32878382,32876782,32880244,32876292,32877795
1754529016,39634840,32936982,32936504,32938331,32936913,32940629,32936787,32938168
1754529017,39697072,32999207,32998775,33000352,32999162,33002863,32999016,33000402
1754529018,39759928,33059953,33061308,33062740,33061420,33064896,33060930,33062085
1754529020,39820349,33122298,33121619,33123052,33121605,33125207,33121238,33121496
1754529021,39881474,33183427,33181488,33184180,33182244,33186342,33182372,33183533
1754529022,39947145,33249103,33248419,33249854,33248025,33252016,33248152,33249319
1754529023,40005946,33308095,33307278,33309101,33307397,33311742,33307850,33309183
1754529024,40066289,33368265,33366418,33369005,33367060,33371222,33367269,33368362
1754529025,40126775,33428945,33428472,33430059,33428305,33432701,33428566,33430079
1754529027,40185642,33487949,33486804,33488689,33486746,33490708,33486648,33488179
1754529028,40253280,33555344,33554648,33555057,33554146,33558109,33554039,33555179
1754529029,40313182,33615375,33614870,33616462,33614746,33618954,33615090,33616434
1754529030,40374263,33676443,33674507,33677513,33675600,33679584,33675494,33676640
1754529031,40440135,33741844,33741855,33743401,33741677,33745896,33741927,33743288
1754529032,40497881,33800048,33799640,33801177,33799386,33803524,33799609,33800979
1754529033,40542540,33844798,33844311,33845837,33844135,33848308,33844303,33845690
1754529035,40593496,33895605,33894923,33896345,33894395,33898385,33894280,33895550
1754529036,40645964,33948247,33947675,33949190,33947374,33951591,33947750,33949105
1754529037,40710531,34012748,34012264,34013828,34012116,34016308,34012363,34013717
1754529038,40762423,34061753,34063856,34065282,34063334,34067328,34063218,34064378
1754529039,40819137,34121554,34121155,34122573,34120870,34125083,34121107,34121485
1754529040,40872978,34175211,34174750,34176183,34174228,34178248,34174113,34175285
1754529042,40882009,34184152,34183877,34185400,34183664,34187906,34183892,34185290
1754529043,40925644,34227823,34227560,34229093,34227348,34231522,34227571,34228961
1754529044,40967008,34269123,34268840,34270303,34268664,34272855,34268845,34270221
1754529045,41021170,34323065,34322597,34323968,34322108,34326104,34322077,34323153
1754529046,41074678,34376783,34376518,34378045,34376265,34380523,34376537,34377919
1754529047,41123791,34425694,34425222,34426597,34424624,34428658,34424592,34425770
1754529048,41179889,34481838,34481322,34482700,34480723,34484835,34480636,34481900
1754529050,41229321,34531230,34530754,34532132,34530154,34534268,34530269,34530145
1754529051,41279885,34580865,34581320,34582699,34580719,34585023,34580638,34581952
1754529052,41334828,34636876,34636397,34637777,34635803,34638718,34635713,34637035
1754529053,41382956,34685079,34684840,34686337,34684572,34688951,34684846,34686150
1754529054,41424426,34726578,34726176,34727565,34725576,34729711,34725488,34726030
1754529055,41461692,34763623,34763127,34764518,34762526,34766664,34762439,34760324
1754529057,41500928,34803088,34802785,34804268,34802573,34806917,34802826,34804161
1754529058,41532841,34835051,34834750,34836217,34834509,34838864,34834850,34836166
1754529059,41582566,34884619,34884302,34885795,34884123,34888442,34884301,34885639
1754529060,41623373,34925583,34925292,34926812,34925048,34929407,34925322,34926632
1754529061,41685530,34987639,34987147,34988547,34986529,34990687,34985230,34987567
1754529062,41737568,35039778,35039494,35041032,35039235,35043526,35039370,35040629
1754529063,41780647,35082762,35082324,35083668,35081667,35085817,35081495,35082689
1754529065,41839083,35141484,35141330,35142545,35140808,35145204,35141082,35142368
1754529066,41898974,35200769,35200672,35202023,35200030,35203814,35199941,35201059
1754529067,41961700,35264135,35264036,35265576,35263391,35267551,35263303,35264425
1754529068,42022187,35324211,35324261,35325569,35323955,35328356,35324191,35325542
1754529069,42079354,35381305,35381411,35382764,35381222,35385410,35381327,35382655
1754529070,42140290,35442238,35442340,35443696,35442066,35446328,35442237,35443544
1754529072,42202884,35504810,35504791,35506182,35504551,35508905,35504802,35506122
1754529073,42264190,35566253,35566285,35567652,35566060,35570354,35566284,35567610
1754529074,42301623,35603586,35603567,35605018,35603414,35607725,35603596,35604943
1754529075,42353179,35655121,35655207,35656616,35654963,35659350,35655374,35656470
1754529076,42412975,35715019,35715047,35716399,35714855,35718909,35715086,35716456
1754529077,42474615,35776648,35776682,35778041,35776489,35780550,35776668,35778124
1754529079,42534467,35836423,35836481,35837857,35836093,35840225,35836515,35837854
1754529080,42596048,35897840,35897720,35898983,35897043,35901032,35897050,35898125
1754529081,42654431,35956399,35956519,35957953,35956256,35960266,35956428,35957712
1754529082,42715350,36017260,36017365,36018867,36017183,36020662,36017403,36018700
1754529083,42775676,36077377,36077250,36078517,36076638,36080499,36076503,36076701
1754529084,42830586,36132325,36132311,36133666,36131914,36135991,36132172,36133464
1754529085,42897340,36199161,36199065,36200459,36198869,36202914,36199086,36200345
1754529087,42955019,36256948,36256961,36258392,36256799,36260865,36257016,36258299
1754529088,43014400,36316346,36316395,36317844,36316178,36320238,36316403,36317700
1754529089,43066354,36368162,36368119,36369320,36367424,36371308,36367302,36368394
1754529090,43116143,36418020,36418252,36419648,36417917,36422027,36418183,36419461
1754529091,43176913,36478687,36478945,36480345,36478698,36482822,36478940,36480260
1754529092,43237199,36538781,36538641,36540170,36538622,36542504,36538587,36539906
1754529094,43300525,36602153,36602249,36603205,36601637,36604298,36601553,36602651
1754529095,43365757,36667658,36667914,36669005,36667746,36671762,36667949,36669253
1754529096,43426937,36728791,36729036,36730120,36728552,36732844,36729099,36730386
1754529097,43485381,36787046,36787122,36788016,36786348,36790444,36786490,36787749
1754529098,43540492,36842014,36842161,36843131,36841388,36845485,36841467,36842571
1754529099,43594584,36896425,36896685,36897797,36896306,36900549,36896778,36897896
1754529100,43646006,36947673,36947861,36948976,36947431,36951903,36947834,36949070
1754529102,43709420,37011026,37011098,37012092,37010342,37014342,37010340,37010824
1754529103,43765483,37067268,37067561,37068663,37067200,37071432,37067577,37068507
1754529104,43827632,37129402,37129521,37130498,37127497,37132747,37128751,37129402
1754529105,43884945,37188328,37188576,37189566,37188069,37192436,37188660,37189484
1754529106,43943991,37245617,37245688,37246663,37244983,37248989,37245007,37245579
1754529107,44003222,37305186,37305482,37306590,37305066,37309325,37305550,37306398
1754529109,44039033,37339682,37340743,37341127,37339962,37343964,37339330,37340628
1754529110,44095948,37398028,37398205,37399317,37397806,37402033,37398191,37399033
1754529111,44154902,37456841,37456925,37457890,37456127,37460132,37456153,37456269
1754529112,44211688,37513787,37514057,37515161,37513617,37517847,37514006,37514868
1754529113,44275658,37577712,37577918,37579046,37577578,37581629,37577657,37578313
1754529114,44334238,37636399,37636558,37637693,37636121,37640374,37636553,37637388
1754529115,44380845,37683115,37683322,37684729,37683207,37687257,37683270,37683923
1754529117,44418950,37720558,37720573,37721996,37720165,37724324,37720492,37721359
1754529118,44474126,37775876,37776102,37777339,37775992,37780244,37776407,37777268
1754529119,44522904,37824816,37825007,37826170,37824899,37829236,37825315,37826191
1754529120,44582654,37884580,37884639,37885861,37884804,37888829,37884962,37885876
1754529121,44642667,37944438,37944588,37945722,37944505,37948533,37944727,37945616
1754529122,44693168,37995027,37995103,37996287,37995193,37999251,37995430,37996299
1754529124,44752255,38054145,38054365,38055532,38054447,38058491,38054660,38055553
1754529125,44813020,38114826,38115034,38116229,38115096,38119182,38115473,38116194
1754529126,44877570,38179272,38179266,38180333,38178997,38182883,38178917,38179607
1754529127,44933731,38235058,38235050,38236445,38235096,38238808,38235135,38236064
1754529128,44993723,38295372,38295304,38296508,38295256,38299114,38295519,38296165
1754529129,45054921,38356574,38356486,38357573,38356293,38359994,38356216,38356663
1754529130,45115294,38417164,38417339,38418515,38417326,38421270,38417677,38418333
1754529132,45176656,38478442,38478660,38479961,38478823,38482773,38479096,38479765
1754529133,45236909,38538564,38538926,38540237,38539140,38543065,38538196,38540072
1754529134,45297869,38599403,38599389,38600473,38599114,38601909,38599031,38599497
1754529135,45361488,38663273,38663506,38664297,38663547,38667493,38663841,38664464
1754529136,45422484,38724326,38724488,38725676,38724578,38728451,38724762,38725471
1754529137,45477719,38779614,38779740,38780964,38779820,38783761,38780116,38780803
1754529139,45530065,38834076,38833987,38835092,38833721,38836372,38833638,38834124
1754529140,45589413,38891486,38891529,38892692,38891549,38895431,38891761,38892530
1754529141,45650730,38952497,38952218,38953527,38951703,38955846,38952038,38952541
1754529142,45693914,38995877,38995792,38997074,38995962,38999938,38996257,38996966
1754529143,45751462,39053456,39053256,39054420,39053542,39057576,39053955,39054619
1754529144,45810304,39112343,39112271,39113414,39112539,39116411,39112735,39113458
1754529145,45871958,39173925,39173700,39174753,39173663,39177624,39173806,39174331
1754529147,45927560,39229592,39229398,39230538,39229437,39233583,39229840,39230534
1754529148,45990169,39291417,39291939,39293087,39291956,39296089,39292385,39293131
1754529149,46053355,39355318,39355216,39356434,39355317,39359453,39355678,39356341
1754529150,46110521,39412494,39412436,39413595,39412442,39416609,39413041,39413614
1754529151,46173530,39474734,39475028,39476054,39474701,39478509,39474752,39475374
1754529152,46233298,39535291,39535151,39536290,39535009,39538821,39534429,39535512
1754529154,46295468,39597478,39597354,39598518,39597355,39601385,39597774,39598157
1754529155,46358095,39658645,39659835,39660869,39659496,39662292,39658328,39659751
1754529156,46423692,39725767,39725435,39726480,39725103,39728935,39725226,39725562
1754529157,46486168,39788204,39788057,39789269,39788054,39792081,39788488,39788787
1754529158,46548787,39850929,39850806,39851979,39850793,39854795,39851220,39851584
1754529159,46606961,39908729,39908618,39909890,39908703,39912763,39909127,39909462
1754529160,46666101,39968247,39968055,39969149,39968036,39971943,39968287,39968704
1754529162,46729181,40031308,40031105,40032227,40031125,40035176,40031464,40031675
1754529163,46790262,40092349,40092196,40093341,40092175,40096261,40092625,40093048
1754529164,46851715,40153546,40153532,40154561,40153213,40157057,40153278,40153464
1754529165,46912738,40214904,40214569,40215807,40214634,40218696,40215156,40215602
1754529166,46975133,40277025,40276842,40278082,40276853,40280937,40277341,40277768
1754529167,47032671,40334905,40334813,40336204,40334865,40338988,40335320,40335791
1754529169,47094823,40396779,40396713,40398076,40396792,40400894,40397216,40397687
1754529170,47157866,40459618,40459332,40460726,40459239,40463298,40459551,40459995
1754529171,47221277,40523269,40523048,40524402,40523070,40527241,40523586,40524012
1754529172,47278400,40580405,40580290,40581601,40580304,40584481,40580859,40581423
1754529173,47325346,40627305,40627150,40628514,40627132,40631229,40627517,40627920
1754529174,47383500,40685495,40685346,40686635,40685329,40689469,40685987,40686299
1754529176,47442186,40744070,40743881,40745248,40743877,40748114,40744485,40744915
1754529177,47482414,40784103,40783882,40785104,40783515,40787443,40783742,40784118
1754529178,47519470,40821353,40821277,40822654,40821278,40825432,40821949,40822629
1754529179,47580855,40882846,40882730,40884043,40882697,40886891,40883305,40883957
1754529180,47642882,40944013,40944365,40945576,40943979,40947931,40944227,40944669
1754529181,47698738,41000850,41000539,41001753,41000151,41004138,41000494,41001173
1754529182,47759130,41061054,41060952,41062343,41060939,41065113,41061559,41062225
1754529184,47821522,41123492,41123381,41124733,41123316,41127466,41123753,41124215
1754529185,47882729,41184797,41184658,41186021,41184652,41188826,41185266,41185934
1754529186,47943813,41245715,41243637,41246608,41244994,41248962,41245263,41245712
1754529187,48002843,41304932,41304789,41306218,41304823,41309016,41305429,41306037
1754529188,48064278,41366379,41366206,41367526,41366173,41370361,41366720,41367299
1754529189,48128690,41430800,41430900,41431980,41430543,41434723,41431172,41431841
1754529191,48191197,41493175,41493287,41494511,41493157,41497251,41493711,41494376
1754529192,48256408,41558273,41558382,41559544,41558170,41562390,41558832,41559444
1754529193,48316942,41618895,41619063,41620021,41618854,41622980,41619425,41620064
1754529194,48375453,41677433,41677584,41678606,41677368,41681599,41678027,41678690
1754529195,48433257,41735164,41735322,41736389,41735245,41739352,41735847,41736533
1754529196,48492189,41794000,41794135,41795218,41793938,41798257,41794680,41795335
1754529197,48557194,41859089,41859240,41860284,41859022,41863263,41859677,41860354
1754529199,48617836,41919707,41919853,41920935,41919622,41923869,41920285,41920881
1754529200,48680938,41982819,41982985,41984034,41982751,41987065,41983566,41984147
1754529201,48743398,42045118,42045077,42045995,42044417,42048760,42044726,42045522
1754529202,48806942,42108953,42109145,42110180,42108881,42112943,42109400,42110322
1754529203,48864242,42166320,42166681,42167773,42166261,42170156,42166571,42167300
1754529204,48922924,42224659,42224620,42225530,42224026,42227454,42224173,42224681
1754529206,48980956,42282985,42283041,42284017,42282798,42286894,42283322,42284046
1754529207,49043921,42345869,42346073,42347123,42345818,42349905,42346331,42347024
1754529208,49102803,42404874,42405074,42406087,42404832,42408953,42405345,42406110
1754529209,49165829,42467645,42467722,42467130,42467437,42471470,42467432,42466864
1754529210,49230814,42532915,42533075,42534073,42532552,42536504,42532773,42533309
1754529211,49281421,42583335,42583567,42584631,42583380,42587500,42583884,42584667
1754529212,49347617,42648399,42649345,42650243,42648720,42652611,42648864,42649406
1754529214,49405908,42707789,42707760,42708656,42707136,42711024,42707274,42707821
1754529215,49461772,42763941,42763754,42764846,42763615,42768781,42763969,42764672
1754529216,49527635,42829102,42829443,42830755,42829400,42833492,42829901,42830647
1754529217,49591606,42893069,42893404,42894829,42893355,42897452,42893865,42894586
1754529218,49651500,42953025,42953355,42954495,42953317,42957456,42953827,42954639
1754529219,49711476,43012991,43013323,43014486,43013309,43017398,43013803,43014574
1754529221,49776276,43077818,43077741,43079258,43078046,43082270,43078616,43079418
1754529222,49833450,43134972,43133489,43136543,43136645,43139676,43135953,43136754
1754529223,49889437,43190960,43191274,43192418,43191133,43195259,43191737,43192518
1754529224,49944780,43246275,43246579,43247779,43246555,43250766,43247124,43247941
1754529225,49998350,43299885,43300196,43301303,43300079,43304354,43300924,43301524
1754529226,50059739,43361193,43361435,43362715,43361424,43365732,43362003,43362792
1754529227,50120791,43422156,43422253,43423125,43421807,43425974,43422311,43423100
1754529229,50183066,43484749,43485004,43486049,43483069,43486948,43485338,43485706
1754529230,50239230,43540611,43540695,43541709,43540214,43544245,43540412,43540409
1754529231,50303113,43604756,43605034,43606182,43604882,43609164,43605450,43606018
1754529232,50361404,43663000,43663275,43664418,43663127,43667410,43663721,43664391
1754529233,50424370,43725438,43725839,43726647,43725346,43729388,43725550,43725930
1754529234,50487819,43789179,43789499,43790669,43789355,43793656,43789933,43790537
1754529236,50547560,43849116,43849194,43848894,43848701,43852746,43848905,43849299
1754529237,50612529,43914261,43914592,43915846,43914706,43919055,43915321,43915721
1754529238,50670947,43972729,43970746,43974009,43970867,43977151,43973376,43973800
1754529239,50730496,44032153,44032447,44033678,44032315,44036576,44032899,44033529
1754529240,50792555,44094493,44094601,44095791,44094454,44098743,44095078,44095706
1754529241,50859492,44161228,44160967,44162220,44160742,44164802,44160947,44161379
1754529242,50921555,44223413,44223329,44224838,44223386,44227675,44223963,44224562
1754529244,50986803,44288682,44288605,44290075,44288586,44292940,44289224,44289780
1754529245,51022839,44324469,44324193,44325544,44323881,44328020,44324168,44323868
1754529246,51085811,44387784,44387558,44388997,44387322,44391877,44388203,44388828
1754529247,51146173,44448035,44447998,44449421,44447766,44452348,44448578,44449227
1754529248,51206406,44508254,44508161,44509609,44507950,44512506,44508780,44509425
1754529249,51267972,44569608,44569333,44570680,44568755,44573056,44569254,44569813
1754529251,51327952,44629882,44629761,44631167,44629563,44634162,44630401,44630889
1754529252,51394768,44694972,44696133,44697493,44695560,44699792,44695969,44696518
1754529253,51456923,44758848,44758709,44760157,44758502,44763004,44759302,44759550
1754529254,51514544,44816379,44815451,44817678,44815973,44820434,44816751,44817114
1754529255,51576492,44878164,44877332,44879237,44877292,44881526,44877760,44878014
1754529256,51637124,44939083,44936761,44940338,44938417,44942654,44938828,44938993
1754529257,51698158,45000076,44999986,45001473,44999765,45004229,45000540,45000886
1754529259,51760507,45062336,45062248,45063715,45062029,45066531,45062844,45063248
1754529260,51819076,45120905,45120774,45122210,45120365,45124823,45121159,45121551
1754529261,51880623,45182491,45182427,45184015,45182262,45186728,45183033,45183412
1754529262,51941801,45243764,45243630,45245084,45243385,45247891,45244158,45244591
1754529263,52001116,45302936,45302759,45304284,45302520,45307029,45303404,45303793
1754529264,52062313,45364171,45363913,45365145,45363179,45367637,45364040,45364478
1754529266,52127074,45429331,45429217,45430729,45429009,45433516,45429918,45430379
1754529267,52194254,45495824,45494868,45497204,45495137,45499402,45495549,45495754
1754529268,52254562,45556136,45555934,45557430,45555488,45559718,45555701,45556069
1754529269,52313622,45617265,45617061,45618555,45616669,45620847,45616983,45617198
1754529270,52375016,45678771,45676809,45678428,45677004,45681090,45677191,45677769
1754529271,52434700,45736562,45736571,45738193,45736680,45740854,45737123,45737554
1754529273,52489911,45791802,45791697,45793348,45791981,45796173,45792422,45792835
1754529274,52539784,45841498,45841512,45843175,45841651,45845817,45842113,45842513
1754529275,52599966,45901475,45901686,45903313,45901515,45905997,45902525,45902380
1754529276,52663291,45965123,45965117,45966705,45965255,45969737,45965801,45966199
1754529277,52720459,46022237,46022238,46023872,46022336,46026460,46022790,46023201
1754529278,52784479,46086265,46086245,46086518,46086015,46089937,46086135,46085920
1754529279,52839415,46141265,46141231,46142828,46141355,46145510,46141824,46141833
1754529281,52899288,46201153,46201143,46202754,46201237,46205361,46201714,46201681
1754529282,52963864,46265558,46265536,46267161,46265542,46269471,46265666,46265462
1754529283,53020228,46321864,46321647,46323138,46321398,46325329,46320021,46321321
1754529284,53072473,46374252,46374198,46375819,46374317,46378451,46374704,46374722
1754529285,53132527,46434477,46434401,46435924,46434442,46438452,46434636,46434437
1754529286,53195741,46497798,46497705,46499275,46497802,46500819,46498035,46497839
1754529288,53256776,46558756,46558741,46560369,46558829,46562988,46559321,46559330
1754529289,53317402,46619388,46619364,46620952,46619455,46623604,46619854,46619861
1754529290,53376538,46678714,46678505,46680103,46678565,46682714,46679040,46679053
1754529291,53438694,46740363,46740307,46742256,46740816,46744759,46740923,46740747
1754529292,53499777,46801498,46801504,46803272,46801864,46806051,46802333,46802359
1754529293,53559528,46861208,46861274,46862939,46861657,46865739,46861960,46862016
1754529294,53623537,46925273,46925277,46926937,46925755,46929873,46926107,46926154
1754529296,53684863,46986560,46986601,46988185,46986732,46990858,46987527,46987558
1754529297,53743726,47045450,47045319,47047016,47045569,47049901,47046183,47046252
1754529298,53805091,47106773,47106769,47108401,47106970,47111344,47107585,47107638
1754529299,53867356,47169022,47169073,47170708,47169234,47173588,47169859,47169927
1754529300,53927510,47229011,47228831,47230353,47228382,47232940,47229033,47228943
1754529301,53989772,47291578,47291535,47293123,47291740,47296304,47292125,47292280
1754529303,54051759,47353538,47353480,47355129,47353723,47358090,47354156,47354502
1754529304,54114477,47416192,47416123,47417762,47416319,47420703,47416767,47415526
1754529305,54169786,47471941,47471730,47473264,47471579,47475725,47471730,47471845
1754529306,54228563,47530364,47530050,47531721,47530212,47534611,47530696,47531007
1754529307,54291857,47593415,47592907,47594911,47593348,47597511,47593430,47593671
1754529308,54352848,47654604,47654620,47656266,47654788,47659190,47655258,47655594
1754529309,54410565,47711866,47711957,47713168,47711468,47715637,47711556,47711688
1754529311,54471330,47772999,47772974,47774633,47773126,47777530,47773249,47774096
1754529312,54521204,47822840,47822800,47824587,47823071,47827469,47823523,47823856
1754529313,54584545,47886135,47885889,47887418,47885707,47889896,47885782,47886016
1754529314,54647991,47949590,47949328,47950908,47949361,47953788,47949823,47950135
1754529315,54707248,48008530,48008868,48010122,48008403,48012605,48008506,48008655
1754529316,54766504,48067824,48067861,48069374,48067653,48071857,48067828,48068082
1754529318,54823616,48125152,48125288,48126848,48125394,48129812,48125875,48126230
1754529319,54890808,48192136,48192241,48193517,48192101,48196521,48192609,48192890
1754529320,54949545,48251058,48251302,48252693,48251550,48255862,48251875,48252226
1754529321,55012355,48313877,48314111,48315529,48314307,48318616,48314735,48315086
1754529322,55072605,48373945,48373983,48375257,48373830,48377794,48373891,48374110
1754529323,55135878,48437311,48437351,48436871,48437191,48441367,48437253,48437402
1754529324,55193310,48494962,48495147,48496586,48495366,48499683,48495696,48496002
1754529326,55248759,48550356,48550577,48551950,48550787,48555196,48551082,48551404
1754529327,55311404,48612961,48613188,48614595,48613407,48617746,48613580,48614113
1754529328,55373583,48674325,48674974,48676255,48674837,48678918,48674727,48675029
1754529329,55433340,48734856,48735079,48736490,48735207,48739351,48735221,48735471
1754529330,55491802,48795238,48795311,48796693,48795586,48799978,48795813,48796107
1754529331,55554286,48855868,48856064,48857438,48856313,48860601,48856562,48856825
1754529333,55609542,48911105,48911331,48912769,48911557,48915856,48911743,48912028
1754529334,55671572,48972927,48973043,48974506,48973127,48977320,48973417,48973683
1754529335,55729717,49031003,49031017,49032308,49030882,49034968,49030727,49030769
1754529336,55795312,49096863,49097097,49098556,49097323,49101637,49097533,49097808
1754529337,55852839,49154458,49154643,49156092,49154868,49159209,49155091,49155372
1754529338,55914648,49216197,49216392,49217846,49216620,49220962,49216837,49217114
1754529339,55974665,49276163,49276205,49277474,49276079,49280296,49276198,49276490
1754529341,56035799,49336637,49337187,49338628,49337150,49341304,49337158,49337444
1754529342,56094654,49396270,49396501,49397903,49396774,49401077,49396978,49397264
1754529343,56156738,49458271,49458533,49460006,49458787,49463085,49458982,49459252
1754529344,56219833,49520309,49521213,49522508,49521208,49525285,49521017,49521105
1754529345,56280958,49582306,49582348,49583637,49582497,49586413,49582153,49581623
1754529346,56299537,49601133,49601348,49602746,49601659,49605960,49601788,49602084
1754529348,56358128,49659668,49659848,49661272,49660103,49664399,49660348,49660632
1754529349,56418241,49719602,49719649,49720938,49718840,49723704,49719438,49719530
1754529350,56475022,49776668,49776882,49778302,49777184,49781481,49777326,49777630
1754529351,56538162,49839747,49839967,49841400,49840270,49844695,49840294,49840727
1754529352,56594239,49895847,49896062,49897497,49896346,49900606,49896372,49897044
1754529353,56654375,49955923,49956145,49957585,49956435,49960749,49956488,49956791
1754529354,56713375,50015032,50015217,50016601,50015347,50019585,50015367,50015688
1754529356,56776743,50078333,50078558,50080005,50078877,50083147,50078885,50079174
1754529357,56834610,50136073,50136205,50137505,50136130,50140206,50135794,50135916
1754529358,56889835,50191460,50191663,50193064,50191927,50196200,50191851,50192195
1754529359,56953447,50255107,50255412,50256869,50255652,50259973,50255719,50256058
1754529360,57008666,50310561,50310826,50312240,50311120,50315433,50311148,50310050
1754529361,57071332,50372822,50373075,50374536,50373360,50377654,50373405,50373760
1754529363,57138624,50440044,50440183,50441644,50440544,50444832,50440588,50440933
1754529364,57196769,50498316,50498464,50499874,50498695,50503029,50498845,50499177
1754529365,57264159,50564614,50565971,50567324,50566234,50568458,50564429,50565667
1754529366,57320473,50621558,50621705,50623191,50621917,50626130,50621914,50622254
1754529367,57378844,50679976,50680216,50681658,50680731,50685031,50680742,50681120
1754529368,57438607,50739850,50740110,50741146,50740364,50744682,50740449,50740824
1754529370,57497944,50799256,50799567,50800641,50800033,50804284,50800011,50800362
1754529371,57557799,50859470,50859609,50860245,50859676,50863830,50859410,50859579
1754529372,57618996,50920288,50920627,50921737,50920926,50925359,50921125,50921498
1754529373,57683520,50984830,50985141,50986223,50985448,50989866,50985664,50986034
1754529374,57742925,51043959,51044164,51045123,51044109,51048389,51043961,51044153
1754529375,57801288,51102532,51102876,51104094,51103268,51107697,51103434,51103834
1754529376,57861251,51162455,51162713,51163843,51163023,51167583,51163180,51163661
1754529378,57921106,51222496,51222808,51223860,51223086,51227391,51223158,51223786
1754529379,57983067,51284202,51284340,51285421,51284675,51288962,51284745,51285103
1754529380,58043103,51344348,51344596,51345754,51345011,51349292,51345090,51345489
1754529381,58102282,51403639,51403929,51405052,51404237,51408525,51404288,51404742
1754529382,58159211,51460376,51460464,51461443,51460462,51464540,51460115,51460397
1754529383,58215003,51516453,51516663,51517813,51517010,51521302,51517155,51517554
1754529385,58275595,51576547,51576633,51577660,51576717,51580932,51576755,51577170
1754529386,58332910,51634320,51634594,51635700,51634919,51639209,51635035,51635481
1754529387,58397144,51698586,51698826,51699921,51699139,51703466,51699188,51699624
1754529388,58460181,51761684,51761960,51763036,51762253,51766551,51762300,51762765
1754529389,58518274,51818357,51818358,51819446,51818679,51822992,51818675,51819044
1754529390,58579677,51881176,51881473,51882440,51881697,51883923,51881749,51882180
1754529391,58640006,51940989,51941163,51942321,51941194,51945364,51940991,51941222
1754529393,58704210,52005404,52005805,52007010,52006197,52010473,52006145,52006685
1754529394,58764040,52065196,52065595,52066734,52065993,52070267,52066110,52066548
1754529395,58824132,52125356,52125667,52126722,52126153,52130305,52126095,52126535
1754529396,58886841,52187997,52188478,52189589,52189137,52193224,52188834,52189085
1754529397,58947178,52248210,52248074,52249356,52248624,52252563,52248172,52248424
1754529398,59004014,52305044,52304659,52306190,52305456,52309396,52305023,52305393
1754529400,59063555,52364461,52365191,52366280,52365760,52369845,52365738,52366102
1754529401,59125665,52426899,52427267,52428374,52427847,52432040,52428002,52428163
1754529402,59185081,52486405,52486745,52487807,52487255,52490926,52487106,52487365
1754529403,59246857,52548128,52548487,52549475,52549089,52552703,52548950,52548946
1754529404,59307581,52608637,52608837,52609780,52609043,52612669,52608697,52608466
1754529405,59369324,52670505,52670835,52671948,52671543,52675399,52670853,52671380
1754529406,59428866,52730020,52730410,52731557,52731001,52734821,52731009,52730846
1754529408,59491120,52792381,52792757,52793785,52793363,52797165,52791523,52792823
1754529409,59551655,52852969,52853297,52854413,52853900,52857792,52853913,52853791
1754529410,59609653,52910961,52911326,52912443,52911869,52915617,52911713,52911520
1754529411,59669908,52972675,52972818,52973811,52973051,52976699,52972715,52972367
1754529412,59728663,53030045,53030312,53031436,53030888,53034766,53031005,53030860
1754529413,59791767,53093159,53093512,53094578,53093946,53097799,53094069,53093920
1754529415,59852279,53153809,53154151,53155184,53154699,53158530,53154595,53154399
1754529416,59914577,53215938,53216398,53217498,53216993,53220932,53217086,53216988
1754529417,59974971,53275849,53276511,53277912,53277358,53281246,53277393,53277256
1754529418,60042174,53343393,53343724,53345091,53344612,53348565,53344617,53344280
1754529419,60101337,53402195,53400932,53403578,53403069,53406721,53402710,53402376
1754529420,60161730,53462705,53463499,53464540,53464344,53468038,53464166,53464025
1754529422,60223678,53524728,53525421,53526439,53526014,53529959,53526122,53526018
1754529423,60285493,53586646,53587317,53588250,53587763,53591641,53587760,53587647
1754529424,60347783,53648846,53649545,53650576,53650134,53654081,53650279,53650111
1754529425,60406813,53707693,53708183,53709062,53708412,53712234,53707917,53707861
1754529426,60465569,53766708,53767373,53768375,53767963,53771998,53768003,53767907
1754529427,60527160,53828236,53828895,53829910,53829500,53833144,53829553,53829468
1754529428,60589108,53890224,53890891,53891903,53891409,53895073,53891503,53891096
1754529430,60648301,53949374,53950093,53951084,53949851,53954270,53950653,53950255
1754529431,60701322,54002380,54003089,54004081,54003629,54007285,54003752,54003234
1754529432,60758527,54059583,54060258,54061371,54060899,54064550,54061002,54060617
1754529433,60824885,54126055,54126713,54127647,54127264,54130920,54127278,54126914
1754529434,60879850,54180715,54181325,54182333,54181927,54185588,54181976,54181579
1754529435,60945423,54246354,54246852,54247703,54246723,54250469,54246762,54246196
1754529437,61003522,54304457,54304946,54305798,54305126,54308125,54304840,54304456
1754529438,61063216,54364229,54364931,54365901,54365432,54368960,54365299,54364896
1754529439,61121190,54424425,54425093,54425966,54425583,54429288,54425642,54425300
1754529440,61181202,54482372,54483068,54483994,54483546,54487226,54483594,54483208
1754529441,61244516,54545481,54546216,54547246,54545771,54550469,54546820,54546466
1754529442,61300357,54601410,54602137,54603194,54602758,54606454,54602798,54602444
1754529443,61359516,54660285,54660830,54661486,54661168,54664728,54661065,54660716
1754529445,61421249,54722589,54723323,54724106,54723926,54727559,54723922,54723588
1754529446,61482918,54783911,54784661,54785428,54785414,54788959,54785352,54784967
1754529447,61536374,54837431,54838129,54838878,54838751,54842445,54838760,54838433
1754529448,61597130,54898162,54898817,54899531,54899421,54903092,54899495,54899110
1754529449,61660541,54960720,54961864,54962519,54962116,54965634,54961864,54961127
1754529450,61720859,55021652,55022281,55023137,55023084,55026741,55023320,55022769
1754529452,61779700,55080699,55081521,55082288,55082130,55085932,55081914,55081775
1754529453,61843890,55142650,55145719,55146426,55146301,55149853,55146071,55146147
1754529454,61901973,55203057,55203728,55204532,55204376,55207920,55202793,55203825
1754529455,61960540,55261588,55262268,55263000,55262909,55266369,55262571,55262152
1754529456,62025010,55326000,55326792,55327612,55327377,55330877,55327182,55326769
1754529457,62089214,55390317,55390991,55391684,55391559,55394894,55391382,55390926
1754529458,62151507,55452714,55453340,55454109,55453951,55457483,55453723,55453360
1754529460,62210991,55511956,55512652,55513411,55513232,55516778,55513090,55512706
1754529461,62276450,55577558,55578228,55579092,55578843,55582396,55578674,55578310
1754529462,62337806,55638902,55639581,55640315,55639165,55643576,55639699,55639117
1754529463,62402498,55703584,55704323,55705094,55704850,55708439,55704670,55704328
1754529464,62462300,55763289,55763932,55764672,55764220,55767555,55763665,55763083
1754529465,62522005,55823176,55823845,55824564,55824369,55827953,55824185,55823787
1754529467,62587337,55888252,55889103,55889947,55889700,55893263,55889517,55889065
1754529468,62651023,55951846,55952693,55953660,55953298,55956903,55953095,55952731
1754529469,62713946,56014844,56015692,56016531,56016431,56019343,56016153,56015776
1754529470,62779386,56080251,56081120,56081920,56081786,56085330,56081539,56081160
1754529471,62839480,56140372,56141213,56142050,56141796,56145652,56141800,56141465
1754529472,62900504,56200100,56201915,56202567,56202052,56205639,56201693,56201136
1754529473,62958355,56259344,56260024,56260839,56260524,56264264,56260484,56260114
1754529475,63017634,56318538,56319409,56320147,56319848,56323606,56319832,56319468
1754529476,63078257,56379199,56380027,56380805,56380518,56384274,56380421,56380114
1754529477,63143744,56444536,56445397,56446209,56445918,56449417,56445504,56445672
1754529478,63205053,56505912,56506751,56507540,56507244,56510776,56506825,56506962
1754529479,63268584,56569539,56569579,56571061,56570772,56574209,56570123,56569919
1754529480,63330562,56631255,56630048,56632547,56632018,56635340,56631249,56631048
1754529482,63379332,56680030,56682492,56681323,56680804,56684132,56680408,56680345
1754529483,63443963,56744964,56745760,56746569,56746263,56749842,56745875,56745882
1754529484,63506482,56807480,56808299,56809072,56808796,56812370,56808387,56808387
1754529485,63563205,56863670,56864300,56864959,56864424,56867757,56863660,56863461
1754529486,63617010,56917806,56918630,56919430,56919174,56922725,56918625,56918429
1754529487,63676556,56977341,56978057,56978888,56978565,56982127,56978185,56978176
1754529489,63740984,57041814,57042607,57043141,57041548,57046728,57042767,57042756
1754529490,63800909,57101614,57102431,57103164,57102849,57106402,57102446,57102443
1754529491,63862638,57163500,57164196,57163411,57164549,57167906,57163786,57163606
1754529492,63918586,57219549,57220092,57221182,57220721,57224132,57220002,57219825
1754529493,63981132,57282029,57282549,57283655,57283175,57286885,57282871,57282847
1754529494,64040392,57341124,57341516,57342424,57339999,57344091,57341079,57340922
1754529495,64098875,57399584,57399943,57401001,57400795,57404229,57400223,57400274
1754529497,64159689,57460613,57461190,57462239,57461718,57465474,57461614,57461739
1754529498,64215572,57516436,57516947,57518027,57517485,57521081,57517085,57517110
1754529499,64274613,57575539,57576068,57577064,57576436,57580075,57576084,57576156
1754529500,64337915,57638750,57639366,57640394,57639747,57643363,57639396,57639440
1754529501,64399714,57700400,57700766,57701694,57700945,57704576,57700352,57700182
1754529502,64458747,57759648,57760198,57761247,57760743,57764440,57760417,57760388
1754529504,64520205,57820907,57821261,57822191,57821437,57824916,57820798,57820391
1754529505,64578790,57879845,57880351,57881463,57881085,57884777,57880712,57880481
1754529506,64637922,57938677,57939283,57940342,57939898,57943596,57939582,57937940
1754529507,64698206,57999093,57999644,58000725,58000166,58003861,57999750,57999492
1754529508,64758728,58059728,58060223,58061299,58060799,58064499,58060348,58060135
1754529509,64823242,58124079,58124838,58125974,58125467,58128949,58124819,58124618
1754529510,64884110,58185128,58185785,58186831,58186334,58190044,58185967,58184413
1754529512,64946147,58247240,58247786,58248840,58248316,58252111,58248121,58248010
1754529513,65009135,58310142,58310657,58311851,58311222,58314971,58310942,58310749
1754529514,65069017,58370135,58370477,58371511,58371001,58374729,58370765,58370561
1754529515,65117393,58418554,58418809,58420179,58419407,58422925,58418709,58418335
1754529516,65175135,58476057,58476857,58477866,58477262,58480982,58476895,58476749
1754529517,65238143,58538877,58538104,58540441,58539600,58543134,58538902,58538536
1754529519,65294425,58595358,58596132,58597047,58596671,58600381,58596276,58596132
1754529520,65358446,58658948,58660118,58660941,58660552,58664288,58660206,58659997
1754529521,65418484,58719410,58720099,58720948,58720717,58724275,58720168,58720009
1754529522,65476722,58777769,58778330,58779138,58778782,58782553,58778424,58778483
1754529523,65538688,58839656,58840407,58841214,58840864,58844488,58840346,58840004
1754529524,65599446,58900207,58900774,58901485,58900528,58904442,58900200,58899925
1754529525,65657891,58958656,58959374,58960336,58959917,58963688,58959599,58959381
1754529527,65721400,59022382,59022745,59023447,59022827,59026597,59021820,59021836
1754529528,65779927,59080874,59081642,59082476,59082079,59085643,59081415,59081643
1754529529,65837417,59138192,59138907,59139886,59139502,59143163,59138922,59138696
1754529530,65899213,59200178,59200690,59201736,59201422,59204929,59200712,59200430
1754529531,65958202,59259195,59259901,59260601,59260004,59263341,59259036,59258582
1754529532,66017808,59318756,59319538,59320364,59319983,59323570,59319327,59319073
1754529534,66079565,59378792,59381358,59382065,59381421,59384801,59380419,59379969
1754529535,66138912,59439819,59440601,59441438,59440995,59444612,59440516,59440247
1754529536,66197929,59499095,59499870,59500710,59500265,59503888,59499641,59499405
1754529537,66257851,59558952,59559723,59560579,59560129,59563635,59559333,59559052
1754529538,66319793,59620938,59621746,59622601,59622150,59625750,59621495,59621204
1754529539,66386005,59687155,59687926,59688768,59688321,59691881,59687618,59687405
1754529540,66448602,59749260,59750228,59750914,59750262,59753670,59748715,59748842
1754529542,66509727,59810532,59811057,59812023,59811387,59813737,59810403,59809985
1754529543,66567923,59868936,59869468,59870330,59869931,59873585,59869328,59869131
1754529544,66626783,59927761,59928491,59929379,59929088,59932702,59928459,59928251
1754529545,66688970,59990068,59990590,59991524,59991308,59994875,59990646,59990416
1754529546,66749571,60050695,60051398,60052284,60051743,60055668,60051371,60051168
1754529547,66814635,60115719,60116376,60117235,60116742,60120659,60116343,60116207
1754529549,66868697,60171892,60172392,60173153,60172135,60176146,60171728,60171349
1754529550,66928294,60229339,60230019,60230896,60230379,60234283,60229991,60229783
1754529551,66986819,60287924,60288532,60289373,60288734,60292555,60288394,60288221
1754529552,67042274,60343129,60343737,60344636,60344042,60347986,60343488,60343548
1754529553,67101982,60403096,60403800,60404677,60404159,60407985,60403486,60403629
1754529554,67164801,60465916,60466547,60467420,60466910,60470731,60466244,60466345
1754529556,67223368,60524430,60525052,60525985,60525424,60529246,60524785,60524854
1754529557,67282812,60583784,60584357,60585287,60584702,60588533,60584074,60584133
1754529558,67342788,60643863,60644535,60645527,60645169,60649099,60644598,60644687
1754529559,67404365,60705245,60705783,60706435,60706018,60709638,60705124,60705230
1754529560,67465434,60766615,60766683,60767338,60767485,60771333,60766867,60766984
1754529561,67529931,60831013,60831622,60832445,60831650,60835258,60830637,60830606
1754529562,67583767,60884891,60885590,60886503,60885917,60889734,60885237,60885331
1754529564,67644285,60945311,60945793,60946451,60945761,60949382,60944745,60944663
1754529565,67704321,61005502,61006098,61007071,61006523,61010372,61005851,61005908
1754529566,67765236,61066617,61067143,61068077,61067399,61071189,61066711,61066854
1754529567,67825868,61126200,61127153,61128234,61127349,61130977,61126331,61126263
1754529568,67883639,61184628,61185371,61186499,61185868,61189718,61185205,61185357
1754529569,67942104,61242797,61243392,61244260,61243593,61247146,61242574,61242593
1754529571,68003806,61304682,61305471,61306493,61306037,61309776,61305290,61305408
1754529572,68067050,61367999,61368721,61369714,61369082,61372999,61368317,61368638
1754529573,68128964,61430828,61431664,61432696,61432107,61436048,61431528,61431717
1754529574,68189552,61490500,61491266,61492256,61491646,61495585,61491049,61491130
1754529575,68251528,61552443,61553240,61554241,61553591,61557552,61553154,61553187
1754529576,68310798,61611756,61612507,61613483,61612899,61616988,61612415,61612302
1754529577,68373934,61674934,61675691,61676586,61673938,61680133,61675530,61675535
1754529579,68433129,61733871,61734774,61735339,61734466,61738176,61733628,61733438
1754529580,68498668,61799638,61800323,61801336,61800706,61804789,61800212,61800105
1754529581,68554561,61855313,61855895,61856778,61855904,61859776,61855134,61854797
1754529582,68604768,61905525,61906097,61906991,61906305,61910401,61905915,61905755
1754529583,68669445,61970493,61971221,61972291,61971605,61975718,61971132,61971011
1754529584,68731285,62032212,62033002,62034047,62033381,62037476,62032912,62032793
1754529586,68791384,62092445,62093254,62094297,62093596,62097674,62093151,62092998
1754529587,68847364,62148394,62148962,62149845,62148917,62152817,62148124,62147793
1754529588,68884511,62187230,62187792,62188674,62187788,62191646,62186952,62186621
1754529589,68931406,62232539,62233089,62233972,62233086,62236944,62231297,62231919
1754529590,68989560,62290765,62291362,62292119,62291236,62295136,62290504,62290175
1754529591,69049726,62350795,62351834,62352637,62352000,62356096,62351536,62351430
1754529592,69110705,62411763,62412799,62413562,62412953,62416978,62412541,62412411
1754529594,69173219,62474353,62475391,62476216,62475568,62479673,62475129,62474976
1754529595,69237807,62538858,62539896,62540740,62540065,62544168,62539592,62539484
1754529596,69296937,62598074,62599051,62599855,62599240,62603408,62598774,62598540
1754529597,69359328,62660444,62660720,62662199,62661307,62665679,62661098,62660979
1754529598,69414544,62715620,62716668,62717525,62716568,62720929,62716369,62716230
1754529599,69474833,62775934,62776867,62777726,62776780,62781152,62776603,62776411
1754529601,69537208,62838335,62839346,62840180,62839277,62843602,62839127,62838959
1754529602,69599380,62900273,62901112,62901811,62900346,62904840,62900083,62899854
1754529603,69662389,62963516,62964487,62965308,62964444,62968574,62964223,62964260
1754529604,69721219,63022281,63023325,63024182,63023208,63027337,63023005,63022860
1754529605,69781049,63080733,63081571,63082276,63081167,63085364,63081102,63080938
1754529606,69839671,63140758,63141788,63142610,63141688,63145730,63141391,63141253
1754529607,69902296,63202472,63204040,63204748,63203595,63207511,63203053,63202858
1754529609,69962966,63264117,63265097,63265945,63265041,63269211,63264800,63264678
1754529610,70028232,63329222,63330177,63330971,63330118,63332216,63329742,63329414
1754529611,70088590,63389597,63390634,63391502,63390528,63394677,63390352,63390195
1754529612,70151860,63452942,63453964,63454789,63453883,63458054,63453674,63453558
1754529613,70213570,63514628,63515640,63516430,63515459,63519542,63515222,63515137
1754529614,70266999,63567895,63568762,63569468,63568303,63572241,63567694,63567416
1754529616,70335314,63636786,63637766,63638584,63637688,63641848,63637555,63637502
1754529617,70399115,63700235,63700923,63701992,63701104,63705266,63700874,63700771
1754529618,70464335,63764370,63764998,63766786,63765576,63769529,63765006,63764707
1754529619,70525535,63826965,63827669,63828669,63827912,63832132,63827702,63827618
1754529620,70586106,63887120,63887859,63888825,63888087,63892240,63887865,63887734
1754529621,70646169,63947053,63947560,63948357,63947207,63951466,63947088,63947007
1754529622,70709038,64010151,64010858,64011649,64010364,64014676,64009596,64009843
1754529624,70770239,64071405,64071985,64072851,64071715,64076168,64071814,64071715
1754529625,70832402,64133589,64134131,64135040,64134023,64138505,64134072,64133978
1754529626,70894680,64195819,64195723,64197277,64196106,64200813,64196491,64196302
1754529627,70956436,64257544,64258177,64259110,64258033,64262987,64258072,64258011
1754529628,71021347,64321951,64322776,64323575,64322267,64326853,64321679,64321514
1754529629,71081339,64382386,64383033,64384003,64382894,64387718,64382959,64382730
1754529631,71142912,64444033,64444728,64445686,64444534,64449357,64444621,64444379
1754529632,71203217,64504452,64505127,64506070,64504987,64509811,64505033,64504816
1754529633,71262097,64563320,64563985,64564785,64563812,64567596,64562639,64563587
1754529634,71323808,64624967,64624149,64626485,64625151,64629745,64624854,64624426
1754529635,71383984,64685227,64685889,64686797,64685762,64690563,64685751,64684449
1754529636,71441367,64742599,64743317,64744263,64743112,64747947,64743186,64742989
1754529637,71501343,64802481,64802996,64802613,64802440,64807043,64802155,64801742
1754529639,71562160,64863399,64864026,64864815,64863828,64868724,64864021,64863840
1754529640,71621137,64922366,64923078,64924012,64922853,64927681,64922860,64922561
1754529641,71685321,64986672,64987283,64988011,64986911,64991766,64987031,64986817
1754529642,71746280,65046096,65047910,65048912,65047613,65052229,65047325,65046916
1754529643,71808741,65110289,65108973,65111590,65110433,65115293,65108785,65110112
1754529644,71865667,65167131,65167471,65168365,65167439,65172262,65167513,65167407
1754529646,71927147,65228633,65228883,65229771,65229025,65233685,65228901,65228698
1754529647,71989326,65290699,65290815,65291562,65290664,65293762,65290221,65289830
1754529648,72036780,65338550,65338674,65339096,65338513,65342981,65338071,65337684
1754529649,72097174,65398589,65398827,65399697,65398991,65403619,65398879,65398691
1754529650,72158427,65459750,65459869,65460609,65459631,65464176,65459313,65458878
1754529651,72215738,65517065,65517182,65517923,65517015,65521493,65516852,65516141
1754529652,72271940,65573314,65573429,65574346,65573751,65578257,65573731,65573182
1754529654,72332786,65634310,65634557,65635433,65634724,65639233,65634800,65634535
1754529655,72374014,65675406,65675476,65676367,65675529,65679814,65675233,65674593
1754529656,72430240,65731582,65731819,65732828,65732101,65736602,65732178,65731752
1754529657,72493396,65794954,65795148,65796049,65795431,65799976,65795512,65795127
1754529658,72556510,65858120,65858396,65859211,65858466,65863022,65858646,65858232
1754529659,72617051,65918315,65918433,65919162,65918234,65922547,65917959,65917294
1754529661,72677633,65979033,65979098,65980052,65979364,65983675,65979107,65978473
1754529662,72737500,66039220,66039521,66042206,66039675,66044393,66039876,66039417
1754529663,72802190,66103539,66103826,66104756,66104002,66108564,66104096,66103690
1754529664,72865860,66167787,66167910,66168657,66167692,66172020,66167437,66166819
1754529665,72925565,66226862,66227174,66228057,66227299,66231861,66227504,66227084
1754529666,72986786,66288302,66288558,66289513,66288736,66293266,66288835,66288413
1754529667,73047817,66349143,66349520,66350521,66349724,66354290,66349815,66349406
1754529669,73104922,66406179,66406485,66407510,66406615,66411201,66406827,66406420
1754529670,73170242,66471629,66472005,66472937,66472200,66476775,66472298,66471900
1754529671,73226301,66527626,66527143,66528909,66528333,66532720,66528300,66527866
1754529672,73289754,66591040,66591441,66592411,66591538,66596129,66591979,66591409
1754529673,73350480,66651751,66652176,66653243,66652338,66657016,66652590,66652185
1754529674,73407350,66708486,66708875,66709890,66708948,66713665,66708959,66708794
1754529676,73467148,66768426,66768814,66769811,66768905,66773571,66769210,66768724
1754529677,73524650,66826012,66826282,66827281,66826417,66831179,66826404,66826215
1754529678,73586098,66887217,66887384,66888381,66887546,66891996,66887491,66887338
1754529679,73643708,66944509,66944994,66945846,66944849,66949242,66944860,66944077
1754529680,73694772,66996123,66996580,66997530,66996687,67001127,66996659,66995917
1754529681,73757315,67058701,67058975,67059914,67059069,67063534,67059052,67058318
1754529682,73821772,67124371,67124524,67125386,67124279,67128488,67123901,67122941
1754529684,73880520,67181894,67182232,67183211,67182363,67186781,67182363,67181567
1754529685,73944086,67245290,67245654,67246707,67245819,67250215,67245823,67245059
1754529686,74002587,67304043,67304372,67305318,67304468,67307903,67304372,67303646
1754529687,74061343,67362633,67362985,67364041,67363156,67367611,67363178,67362416
1754529688,74123395,67424588,67424746,67425616,67423657,67428701,67424125,67423183
1754529689,74179120,67480529,67480885,67481825,67480852,67485318,67480982,67480234
1754529691,74239557,67539395,67540949,67541786,67540640,67544870,67539594,67539353
1754529692,74300580,67601542,67601818,67603211,67602278,67606738,67602294,67601557
1754529693,74361182,67662246,67662577,67664000,67662977,67667452,67663007,67662294
1754529694,74428706,67729707,67730056,67731253,67730573,67734967,67730375,67729461
1754529695,74490776,67791582,67791120,67792698,67791888,67796105,67791076,67790590
1754529696,74550407,67851445,67851764,67852832,67852305,67856753,67852239,67851464
1754529697,74608853,67910014,67910187,67911338,67910500,67915097,67910740,67910001
1754529699,74672414,67973411,67973521,67974506,67973465,67977912,67973317,67971506
1754529700,74730607,68031667,68031937,68032919,68031880,68036325,68031727,68030812
1754529701,74788529,68089588,68089693,68090676,68089635,68093095,68089710,68088576
1754529702,74845247,68146336,68146538,68147759,68147022,68150094,68147029,68146516
1754529703,74907764,68208794,68209136,68210258,68209512,68214062,68209475,68209092
1754529704,74964045,68265124,68265416,68266501,68265706,68270293,68265680,68265151
1754529706,75029949,68331077,68331365,68332424,68331647,68336221,68331626,68331055
1754529707,75087651,68388716,68389020,68390141,68389294,68393892,68389309,68388725
1754529708,75150700,68451749,68452044,68453154,68452311,68456892,68451888,68451759
1754529709,75205563,68506800,68507091,68508228,68507371,68511992,68507439,68506874
1754529710,75269269,68570062,68570353,68571503,68570626,68575206,68570699,68570131
1754529711,75329231,68630202,68630365,68631474,68630535,68635050,68630529,68629958
1754529713,75387982,68688906,68689114,68690269,68689484,68694067,68689496,68688891
1754529714,75411858,68713160,68715056,68714217,68713343,68717895,68711895,68712812
1754529715,75472220,68773082,68773391,68774483,68773581,68778195,68773668,68773068
1754529716,75532673,68833615,68833938,68835103,68834205,68838816,68834258,68833668
1754529717,75596034,68896436,68896756,68897893,68896746,68901198,68896548,68895902
1754529718,75657086,68957492,68956743,68958930,68957880,68962253,68957542,68956764
1754529719,75717171,69017835,69018335,69019407,69018709,69023295,69018692,69018146
1754529721,75780193,69080913,69081401,69082486,69081815,69086313,69081764,69081206
1754529722,75842600,69143294,69143792,69144877,69143956,69148756,69144160,69143594
1754529723,75902244,69202686,69202736,69203979,69202893,69207601,69203043,69202483
1754529724,75958475,69259168,69259672,69260791,69259847,69264609,69260044,69259487
1754529725,76018756,69319393,69319924,69321031,69320065,69324838,69320255,69319714
1754529726,76079018,69379741,69380214,69381356,69380378,69385191,69380746,69380061
1754529728,76142715,69443388,69443878,69444958,69444062,69448812,69443972,69443696
1754529729,76202225,69502845,69503337,69504452,69502330,69508222,69502033,69502860
1754529730,76262236,69562851,69563353,69564489,69563500,69568258,69563415,69562845
1754529731,76329267,69629823,69630293,69631537,69630571,69635276,69630501,69629923
1754529732,76389780,69690430,69690888,69691978,69690944,69695612,69690844,69690289
1754529733,76449989,69750666,69751171,69752287,69751324,69756073,69751223,69750708
1754529734,76509010,69809704,69810210,69811349,69810362,69815100,69810285,69809725
1754529736,76574043,69874663,69875126,69876221,69875291,69880046,69875212,69874710
1754529737,76636094,69936797,69937273,69938404,69937411,69942153,69937334,69936820
1754529738,76696485,69996581,69997329,69998327,69997165,70001819,69997104,69996546
1754529739,76760517,70061222,70061689,70062820,70061847,70066579,70061756,70061205
1754529740,76822313,70123097,70123512,70124571,70121863,70128389,70123416,70122688
1754529741,76885100,70185944,70186518,70187804,70186981,70191756,70184751,70186057
1754529743,76943902,70244143,70244813,70246270,70245130,70249958,70245119,70244607
1754529744,77003866,70304300,70305007,70306367,70305322,70310051,70305172,70304620
1754529745,77069349,70369676,70370300,70371487,70370601,70375336,70370563,70370031
1754529746,77131728,70431897,70432188,70433450,70432568,70437145,70432334,70431822
1754529747,77191058,70491232,70491716,70492461,70491558,70496292,70491281,70490578
1754529748,77243863,70544037,70544519,70545590,70543930,70549096,70544087,70543383
1754529749,77303114,70603496,70604266,70605494,70604462,70609346,70604476,70603970
1754529751,77364118,70664312,70664789,70665870,70664631,70669377,70664285,70663654
1754529752,77425187,70725637,70726282,70727466,70726506,70731490,70726401,70726016
1754529753,77482909,70783366,70784050,70785291,70784235,70788936,70784282,70783960
1754529754,77544982,70845549,70846152,70847321,70846357,70850914,70846136,70845263
1754529755,77608595,70909166,70909761,70910927,70909792,70914464,70909763,70908904
1754529756,77670378,70970794,70970024,70972565,70971574,70976274,70971555,70970669
1754529758,77735833,71036155,71036612,71036015,71036451,71040955,71036068,71034998
1754529759,77798184,71098606,71099227,71100151,71099476,71103674,71099437,71098371
1754529760,77862625,71162887,71163343,71164435,71163185,71167242,71162809,71161736
1754529761,77919713,71220166,71220811,71222017,71220968,71223850,71219977,71219841
1754529762,77984078,71284348,71284850,71286067,71284960,71289448,71284697,71283863
1754529763,78042222,71342506,71342954,71344043,71342895,71347410,71342518,71341462
1754529764,78105913,71406401,71406947,71408105,71407181,71412056,71407329,71406495
1754529766,78166107,71466517,71467055,71468091,71467035,71471782,71467033,71466170
1754529767,78225538,71525945,71526288,71527786,71526743,71531361,71526555,71525675
1754529768,78288618,71589115,71589484,71590960,71589950,71594653,71589803,71588880
1754529769,78350745,71650971,71651154,71652430,71651325,71655854,71650860,71649899
1754529770,78409183,71709707,71710039,71711483,71710624,71714960,71710203,71709164
1754529771,78469145,71769379,71769562,71770832,71769904,71774260,71769344,71768310
1754529773,78531052,71831546,71831929,71833323,71832247,71837109,71832344,71831516
1754529774,78587440,71887864,71886283,71889545,71888480,71893377,71888494,71887461
1754529775,78641101,71941336,71939726,71942797,71941487,71946225,71941234,71940266
1754529776,78694254,71994689,71995085,71996477,71995476,72000362,71995674,71994827
1754529777,78743698,72044067,72044451,72045891,72044782,72049675,72044737,72044047
1754529778,78804551,72105001,72105468,72106762,72105778,72110484,72105721,72104941
1754529780,78872014,72172450,72172787,72174201,72173045,72177699,72172818,72171558
1754529781,78909215,72211711,72210051,72211478,72210386,72215246,72210173,72209199
1754529782,78967978,72268435,72268925,72270381,72269275,72272916,72269243,72268118
1754529783,79032869,72333366,72333745,72335112,72334025,72338804,72334002,72332939
1754529784,79093727,72394173,72394549,72395957,72394807,72399451,72394668,72393629
1754529785,79152473,72452919,72452935,72454731,72453623,72458336,72453569,72452537
1754529786,79212122,72512847,72513130,72514601,72513478,72518284,72513449,72512424
1754529788,79268459,72569146,72569519,72570999,72569387,72574732,72569870,72568844
1754529789,79329111,72629746,72630160,72631581,72630436,72635247,72630415,72629439
1754529790,79393378,72694082,72694435,72695917,72694792,72699592,72694764,72693738
1754529791,79453304,72754378,72754503,72755703,72754534,72759346,72754510,72753472
1754529792,79516045,72817115,72816122,72818354,72817257,72821859,72816868,72815643
1754529793,79570677,72871672,72871792,72873352,72871947,72876755,72871909,72870775
1754529795,79632808,72932728,72932643,72933983,72932901,72937661,72932725,72931664
1754529796,79694178,72995193,72995299,72996696,72995673,73000323,72995455,72994458
1754529797,79758493,73059563,73059636,73060967,73059803,73064687,73057932,73058544
1754529798,79815204,73116241,73116337,73117735,73116466,73121329,73116520,73115512
1754529799,79850678,73151805,73151972,73153376,73152109,73156970,73152101,73151077
1754529800,79914633,73215732,73215787,73217190,73215867,73220740,73215973,73214980
1754529802,79977723,73278814,73278881,73280213,73278829,73283536,73278605,73275800
1754529803,80032977,73334059,73334135,73335516,73334269,73338882,73334160,73333181
1754529804,80094787,73395659,73395428,73396792,73395310,73399811,73394941,73394093
1754529805,80156655,73457817,73457897,73459246,73457994,73462713,73457939,73456842
1754529806,80216079,73517138,73517257,73518643,73517315,73522054,73517315,73516379
1754529807,80277082,73578231,73578179,73579545,73578310,73583040,73578297,73577384
1754529808,80341002,73642161,73642257,73643612,73642385,73647120,73642311,73641407
1754529810,80403921,73705084,73703179,73706485,73705225,73710039,73705367,73702626
1754529811,80465278,73766167,73766319,73767690,73766424,73771197,73766426,73765425
1754529812,80526548,73827560,73827456,73828690,73827201,73831036,73826806,73825696
1754529813,80589531,73890664,73890698,73892055,73890563,73894263,73890169,73889090
1754529814,80648394,73949570,73949618,73951004,73949703,73954435,73949711,73948782
1754529815,80709338,74010409,74010486,74011986,74010707,74015436,74010673,74009809
1754529817,80770332,74071500,74071509,74072874,74071258,74076337,74071655,74070784
1754529818,80834230,74135127,74135136,74136826,74135603,74140350,74135553,74134717
1754529819,80891577,74192525,74192517,74194001,74193037,74197751,74192909,74192146
1754529820,80949261,74250203,74250249,74251458,74250654,74255365,74250604,74249747
1754529821,81010168,74311016,74310942,74312268,74311520,74316149,74311372,74310524
1754529822,81076962,74377899,74377896,74379085,74378361,74383012,74378223,74377252
1754529823,81136410,74437581,74437586,74438792,74438122,74442789,74437947,74437113
1754529825,81197507,74498393,74498417,74499734,74498953,74503658,74498853,74498014
1754529826,81251796,74552789,74552783,74553979,74553220,74557952,74553184,74552268
1754529827,81314469,74615457,74615447,74616635,74615891,74620777,74615770,74614967
1754529828,81371782,74672750,74672759,74673965,74673178,74677967,74673002,74672223
1754529829,81432162,74733224,74733234,74734354,74733682,74737681,74733376,74732519
1754529830,81489825,74790610,74790408,74791548,74790508,74795074,74790021,74788989
1754529832,81554501,74855485,74855513,74856682,74855935,74860746,74854869,74854853
1754529833,81613682,74915112,74914912,74915969,74915023,74919735,74914761,74913933
1754529834,81657175,74958101,74958109,74959388,74958670,74963442,74958444,74956763
1754529835,81715962,75017013,75016984,75018093,75017426,75022185,75017047,75016025
1754529836,81777304,75078490,75078502,75079793,75079038,75083810,75078831,75078016
1754529837,81838147,75139360,75139399,75140599,75139792,75144590,75139596,75138783
1754529838,81903074,75203466,75204218,75204531,75204604,75209232,75204079,75203078
1754529840,81960847,75262082,75262086,75263293,75262500,75267306,75262276,75261487
1754529841,82023326,75324607,75324719,75325807,75325033,75329851,75324818,75324024
1754529842,82081027,75382126,75381996,75383123,75382128,75386719,75381553,75380450
1754529843,82142933,75444174,75442432,75445341,75444570,75449445,75444329,75443586
1754529844,82201713,75502975,75503040,75503853,75503406,75507288,75502836,75501837
1754529845,82260847,75562062,75562141,75562960,75562539,75565683,75562345,75561598
1754529847,82317790,75618784,75618670,75619361,75618926,75623175,75618219,75617307
1754529848,82374477,75675676,75675756,75676626,75675990,75680978,75675967,75675178
1754529849,82436469,75737678,75737762,75738562,75737961,75742951,75737831,75737064
1754529850,82495089,75796114,75795970,75796668,75794628,75800715,75794855,75793734
1754529851,82556228,75857512,75857519,75858325,75857773,75862838,75857814,75856977
1754529852,82617312,75918547,75918523,75919336,75918754,75923949,75918728,75917954
1754529854,82679359,75980647,75980662,75981465,75980872,75985775,75980737,75980162
1754529855,82739426,76040655,76040589,76041426,76040812,76045726,76040644,76039740
1754529856,82803207,76104416,76104434,76105216,76104494,76109399,76104419,76103645
1754529857,82861141,76162758,76162662,76163620,76163128,76168187,76163238,76162437
1754529858,82923107,76224328,76224383,76225225,76224601,76229607,76224562,76223792
1754529859,82984956,76286182,76286213,76286988,76285276,76290933,76285744,76284744
1754529860,83045732,76347072,76347037,76347843,76347276,76352133,76347119,76346346
1754529862,83107152,76408508,76408624,76409413,76408856,76413820,76408746,76408055
1754529863,83171229,76472521,76472551,76473340,76472778,76477745,76472675,76471890
1754529864,83234651,76535949,76535846,76536672,76536076,76541116,76536050,76535301
1754529865,83292964,76594309,76594332,76595194,76594592,76599607,76594504,76593719
1754529866,83352455,76653868,76653768,76654382,76653569,76658340,76653140,76651309
1754529867,83409982,76711047,76711143,76712080,76711551,76716531,76711463,76710645
1754529869,83464648,76765696,76765753,76766796,76766180,76771152,76766091,76765351
1754529870,83526206,76827037,76825959,76827858,76827043,76831834,76826615,76825645
1754529871,83586079,76887151,76887197,76888256,76887714,76892640,76887533,76886774
1754529872,83649339,76950386,76950461,76951523,76950636,76955827,76950737,76949992
1754529873,83715298,77016376,77016469,77017517,77016605,77021876,77016763,77015912
1754529874,83774130,77075173,77075273,77076292,77075530,77080838,77075713,77074208
1754529875,83833297,77134340,77134420,77135475,77134537,77139807,77134827,77133983
1754529877,83890558,77191680,77191732,77192743,77191877,77197194,77192322,77191223
1754529878,83954176,77255276,77254130,77256248,77255398,77260754,77254096,77254822
1754529879,84012070,77312880,77312813,77313801,77312699,77317946,77313057,77312233
1754529880,84070247,77371329,77371187,77372157,77371153,77376431,77371417,77370411
1754529881,84128794,77429871,77429921,77431002,77430043,77435318,77430294,77429264
1754529882,84193589,77494694,77494620,77495661,77494749,77500023,77495048,77494027
1754529884,84255450,77556536,77556591,77557683,77556702,77561881,77556886,77555855
1754529885,84314667,77615871,77615915,77616978,77616054,77621326,77616278,77615285
1754529886,84376547,77677604,77677457,77678396,77677220,77681947,77677128,77675899
1754529887,84433674,77734922,77734971,77735919,77734975,77738484,77734882,77733665
1754529888,84496810,77798300,77798200,77799517,77798336,77802089,77798268,77797030
1754529889,84555815,77856836,77856680,77857612,77856429,77861491,77856379,77854756
1754529890,84616190,77917277,77917279,77918394,77917406,77922678,77917724,77916664
1754529892,84679520,77980532,77980577,77980708,77980137,77985204,77980095,77978848
1754529893,84737928,78038463,78038835,78039729,78038590,78043659,78038549,78037304
1754529894,84794592,78095293,78095821,78096377,78095943,78101275,78096249,78095018
1754529895,84854803,78155953,78156470,78157073,78156452,78161817,78156857,78155771
1754529896,84911073,78211934,78212358,78212926,78212462,78217585,78212576,78211526
1754529897,84971964,78272792,78273262,78273841,78272930,78278652,78273615,78272576
1754529899,85029473,78330178,78330692,78331296,78330360,78335961,78330930,78329814
1754529900,85080810,78380288,78380912,78382164,78381012,78386540,78381408,78380172
1754529901,85143868,78444594,78445049,78445529,78444380,78448063,78444851,78443538
1754529902,85197932,78499515,78500010,78500580,78499425,78505153,78500093,78498584
1754529903,85260227,78561050,78561519,78562152,78561236,78567060,78562024,78560964
1754529904,85319614,78621125,78621585,78622078,78620916,78626544,78621355,78620040
1754529905,85383318,78684143,78684595,78685185,78684278,78690086,78685045,78683536
1754529907,85442142,78742750,78743203,78743934,78742946,78748805,78743767,78742443
1754529908,85495841,78796638,78797131,78797750,78796799,78802649,78797606,78796288
1754529909,85558309,78858974,78859283,78859770,78858586,78864262,78859145,78857819
1754529910,85615139,78915861,78916146,78916892,78916064,78921940,78916859,78915578
1754529911,85676747,78977384,78977696,78978177,78976993,78982690,78977610,78976334
1754529912,85737980,79038621,79038933,79039413,79038227,79043886,79038567,79037199
1754529914,85801162,79101806,79101838,79102597,79101407,79107070,79101863,79100420
1754529915,85858851,79159703,79160222,79160852,79159851,79165734,79160760,79159573
1754529916,85920727,79221489,79221985,79222590,79221627,79227504,79222448,79221086
1754529917,85978572,79279198,79279642,79280569,79279603,79285507,79280425,79279155
1754529918,86038070,79338239,79338651,79339639,79338462,79344348,79339403,79338115
1754529919,86100464,79400879,79401328,79402271,79401304,79407184,79402076,79400698
1754529921,86164719,79465091,79465581,79466554,79465625,79471539,79466476,79465192
1754529922,86225724,79526114,79524848,79527236,79526329,79531778,79526567,79525093
1754529923,86284830,79585321,79585837,79586772,79585677,79591687,79586630,79585379
1754529924,86347319,79647820,79648239,79649249,79648166,79654193,79649108,79647837
1754529925,86406683,79707157,79707656,79708622,79707510,79713514,79708375,79707030
1754529926,86473318,79773574,79773908,79774720,79773396,79779377,79774408,79773049
1754529927,86529353,79829744,79830252,79831310,79830200,79836287,79830966,79829901
1754529929,86591703,79892201,79892752,79893670,79892591,79898496,79893293,79892280
1754529930,86650542,79949876,79951128,79951948,79950614,79956295,79951007,79949667
1754529931,86713909,80014201,80014500,80015313,80013975,80019664,80013560,80013055
1754529932,86769739,80070157,80070652,80071706,80070580,80075866,80071341,80070223
1754529933,86832269,80132615,80132903,80133719,80132375,80136859,80132771,80131471
1754529934,86882894,80183184,80183470,80184360,80183175,80189097,80184022,80182910
1754529936,86943555,80243968,80244421,80245369,80244280,80250197,80245039,80243934
1754529937,87007799,80307973,80308476,80309302,80307952,80313663,80310106,80307062
1754529938,87065854,80366350,80366673,80367778,80366879,80372696,80367383,80366096
1754529939,87122956,80423442,80423685,80424515,80423156,80428872,80423558,80421955
1754529940,87180802,80481279,80481723,80482808,80481658,80487578,80482398,80481318
1754529941,87241275,80541926,80542416,80543170,80542150,80548156,80542295,80541858
1754529942,87305646,80606139,80606971,80607554,80606476,80612442,80607245,80606197
1754529944,87369370,80667911,80668817,80671671,80670547,80676573,80671324,80670134
1754529945,87425911,80726246,80727065,80727771,80726597,80732559,80727451,80726398
1754529946,87488309,80788700,80789579,80790266,80789129,80795039,80789812,80788663
1754529947,87551149,80851575,80852383,80853071,80851841,80857810,80852621,80851568
1754529948,87611483,80911939,80912819,80913448,80912224,80918268,80913073,80912005
1754529949,87671074,80971398,80972081,80972530,80971128,80977030,80971677,80970437
1754529951,87728738,81029208,81030096,81030774,81029503,81035645,81030434,81029403
1754529952,87792411,81093001,81093848,81094456,81093286,81099291,81093008,81093018
1754529953,87851856,81152326,81153193,81153831,81152600,81158661,81153127,81152406
1754529954,87911175,81211723,81212528,81213216,81211870,81217772,81212469,81211914
1754529955,87971222,81271742,81272590,81273256,81271984,81277936,81272500,81271694
1754529956,88026808,81327418,81328216,81328706,81327590,81333555,81328029,81327003
1754529957,88087213,81389454,81388611,81389312,81388137,81394063,81388641,81387894
1754529959,88148641,81449152,81450005,81450616,81449397,81455353,81449855,81448970
1754529960,88208352,81509046,81509844,81510462,81509256,81515194,81509749,81508827
1754529961,88268306,81568541,81569448,81570122,81568839,81574807,81569375,81568546
1754529962,88327448,81627718,81628501,81629165,81627876,81633807,81628329,81627392
1754529963,88388557,81688933,81689038,81690257,81689029,81694939,81689394,81688347
1754529964,88450444,81750762,81751608,81752269,81751021,81756944,81751536,81750701
1754529966,88512062,81814028,81812829,81813425,81812257,81818137,81812729,81811827
1754529967,88570929,81871238,81871957,81872592,81871224,81877149,81871786,81871019
1754529968,88634503,81934293,81934842,81935928,81934369,81940089,81934548,81933489
1754529969,88687459,81987284,81988058,81988949,81987352,81993078,81987532,81986476
1754529970,88740200,82040120,82041104,82041982,82040756,82046629,82041242,82040389
1754529971,88804800,82104792,82105772,82106665,82105072,82111339,82105797,82104737
1754529972,88864542,82164754,82165775,82166616,82165329,82171342,82165992,82165222
1754529974,88921956,82221789,82222482,82223259,82221800,82227586,82222057,82221147
1754529975,88978074,82277996,82279011,82279878,82278616,82284559,82279160,82278296
1754529976,89038442,82338521,82339489,82340358,82339076,82345021,82339671,82338753
1754529977,89099426,82399436,82400399,82401262,82399985,82405935,82400514,82399655
1754529978,89158274,82458310,82459239,82460082,82458856,82464468,82459270,82458530
1754529979,89220977,82520794,82521584,82522462,82521203,82526899,82521636,82520831
1754529981,89278805,82578635,82579377,82580099,82578636,82584119,82578695,82577551
1754529982,89337189,82637017,82637801,82638781,82637508,82643194,82637923,82636978
1754529983,89386653,82686604,82687517,82688416,82687133,82692825,82687561,82686621
1754529984,89443617,82743632,82744558,82745402,82743633,82749855,82744587,82743464
1754529985,89502863,82802629,82803362,82804087,82802738,82808430,82803238,82802331
1754529986,89565321,82865104,82866143,82866977,82865834,82871461,82866026,82864921
1754529988,89628038,82928204,82929120,82929962,82928738,82934464,82929140,82928252
1754529989,89690225,82990319,82991216,82992075,82990838,82996447,82991154,82990298
1754529990,89755506,83055606,83056826,83057324,83056067,83061650,83056351,83055488
1754529991,89816866,83116990,83118013,83118820,83117627,83123377,83118048,83117182
1754529992,89879147,83178742,83179353,83180255,83178770,83184278,83178816,83177725
1754529993,89939755,83240637,83241463,83242413,83240892,83246407,83240942,83239954
1754529994,90003755,83303622,83304674,83305763,83304403,83310135,83304817,83303938
1754529996,90061150,83362664,83363614,83364617,83363361,83369082,83363718,83362787
1754529997,90124976,83424895,83425888,83426929,83425805,83431327,83426089,83425218
1754529998,90185672,83485589,83486513,83487557,83486121,83491909,83486547,83485700
1754529999,90246438,83546133,83546948,83547265,83546218,83551910,83546416,83545350
1754530000,90310704,83610520,83611500,83612345,83611116,83616938,83611654,83610779
1754530001,90370925,83670202,83671316,83672199,83670705,83675416,83670998,83669859
1754530003,90432632,83732586,83733557,83734589,83733169,83736748,83733557,83732782
1754530004,90484713,83784659,83785578,83786681,83785338,83791177,83785832,83785136
1754530005,90543927,83843903,83844930,83845960,83844521,83850362,83845134,83843913
1754530006,90605597,83905387,83906400,83907563,83906145,83911941,83906623,83905427
1754530007,90668885,83968609,83969438,83970346,83968685,83974280,83968060,83967442
1754530008,90727293,84027022,84027848,84028800,84027102,84032734,84027269,84025908
1754530009,90784128,84084711,84085038,84086051,84084589,84090449,84084890,84082075
1754530011,90846389,84146474,84147447,84148457,84147045,84152880,84147540,84146390
1754530012,90911593,84211520,84211901,84213254,84211583,84217252,84211912,84210781
1754530013,90974888,84274885,84275790,84276863,84275397,84281220,84275909,84274761
1754530014,91033443,84333503,84334551,84335623,84334162,84339991,84334661,84333532
1754530015,91091905,84391952,84392879,84393933,84392468,84398283,84393041,84391889
1754530016,91159357,84459511,84460556,84461457,84459981,84465848,84460515,84459398
1754530018,91215838,84515723,84516789,84518057,84516500,84522304,84517047,84515905
1754530019,91276061,84575928,84577011,84578241,84576662,84582446,84577101,84575977
1754530020,91335468,84635460,84636431,84637470,84636151,84641918,84636526,84635372
1754530021,91391017,84690992,84691967,84692960,84691524,84697384,84692067,84690940
1754530022,91450538,84750486,84751555,84752570,84751189,84757098,84751745,84750614
1754530023,91509035,84810293,84811152,84812057,84810362,84816193,84810689,84809371
1754530024,91572394,84872326,84873387,84874408,84872935,84878858,84873477,84872375
1754530026,91632333,84932944,84933998,84934984,84933521,84939492,84934114,84933029
1754530027,91694712,84994706,84995700,84996742,84995166,85001051,84995738,84994268
1754530028,91757390,85057390,85058456,85059452,85057999,85064148,85058550,85057536
1754530029,91818515,85118503,85117545,85120549,85118893,85124740,85119074,85118124
1754530030,91882224,85182279,85183302,85184316,85182759,85188848,85183349,85182278
1754530031,91934273,85234220,85235273,85236314,85234814,85240913,85235443,85234344
1754530033,91998139,85298384,85299231,85300156,85298418,85304279,85298610,85297350
1754530034,92061985,85361750,85362594,85363525,85361780,85367650,85362082,85360708
1754530035,92123761,85424019,85425062,85426097,85424599,85430711,85425156,85424089
1754530036,92188892,85488803,85489754,85490943,85489394,85495395,85489923,85488707
1754530037,92228755,85528627,85529676,85530761,85529200,85535291,85529848,85528797
1754530038,92292523,85592398,85593434,85594511,85592981,85599098,85593541,85592484
1754530040,92347890,85649220,85650047,85650999,85649232,85655123,85649436,85648194
1754530041,92411690,85711630,85712560,85713630,85710469,85718349,85712761,85711523
1754530042,92472434,85772279,85773611,85774641,85772866,85778769,85773070,85771836
1754530043,92531560,85831362,85832255,85833581,85832060,85838198,85832606,85831601
1754530044,92590330,85890039,85890986,85892334,85890744,85896903,85891351,85890320
1754530045,92647931,85947705,85948571,85949897,85948400,85954549,85948980,85947983
1754530046,92707146,86008014,86008758,86009902,86008291,86014162,86008466,86007234
1754530048,92767715,86067413,86068361,86069637,86067955,86074287,86068703,86067628
1754530049,92829899,86129455,86129513,86131342,86129450,86135602,86129900,86128705
1754530050,92893564,86193329,86194287,86195583,86193879,86200198,86194611,86193525
1754530051,92959675,86260696,86261442,86262591,86260683,86266858,86261173,86259924
1754530052,93022279,86321966,86322915,86324232,86322526,86328854,86323495,86322253
1754530053,93085630,86385197,86385408,86387085,86384978,86391130,86385830,86384703
1754530055,93142438,86442254,86443146,86444408,86442729,86448905,86443637,86442392
1754530056,93207457,86507249,86508197,86509466,86507754,86513824,86508418,86506799
1754530057,93261028,86560834,86561667,86562972,86561234,86567431,86562167,86560729
1754530058,93323714,86623531,86624557,86625771,86624132,86630259,86624945,86623573
1754530059,93385860,86685664,86686576,86687819,86686151,86692329,86687024,86685463
1754530060,93440655,86740270,86740630,86742126,86740199,86746169,86740759,86739405
1754530061,93502878,86802713,86803535,86804859,86803214,86809394,86804120,86802742
1754530063,93567399,86867434,86868274,86869537,86867835,86874020,86868751,86867279
1754530064,93626395,86926409,86927340,86928641,86926929,86933027,86927744,86926317
1754530065,93685177,86985168,86986071,86987343,86985626,86991823,86986560,86984751
1754530066,93744748,87044584,87045296,87046445,87044544,87050522,87045156,87043611
1754530067,93807782,87107651,87108473,87109892,87108122,87114332,87109072,87107667
1754530068,93865340,87164940,87166057,87167615,87165839,87172052,87166723,87165348
1754530070,93929941,87229586,87230595,87232281,87230378,87236615,87231283,87229861
1754530071,93990615,87290036,87290696,87291973,87290457,87296621,87291276,87289679
1754530072,94034324,87333986,87335099,87336694,87334963,87341051,87335838,87334441
1754530073,94093163,87392667,87393685,87395234,87393070,87399247,87393798,87392205
1754530074,94154474,87454160,87455216,87456769,87454862,87461231,87455886,87454508
1754530075,94213151,87512769,87513898,87515526,87513580,87519914,87514591,87513219
1754530076,94273398,87573015,87574121,87575713,87573726,87579986,87574756,87573296
1754530078,94335291,87635004,87635115,87637503,87635647,87641938,87636296,87634860
1754530079,94391132,87690709,87691772,87693381,87691492,87697625,87692428,87691198
1754530080,94449210,87748914,87749965,87751547,87749630,87755764,87750530,87749191
1754530081,94506289,87805920,87807002,87808565,87806590,87812725,87807475,87806014
1754530082,94562640,87862231,87863326,87864962,87862762,87868690,87861865,87861778
1754530083,94626772,87926316,87927200,87928646,87926441,87932373,87927012,87925466
1754530085,94685075,87984255,87985748,87987310,87985332,87991457,87986263,87984910
1754530086,94748002,88047683,88048782,88050264,88047021,88054459,88049224,88047914
1754530087,94808418,88108349,88109468,88111062,88109045,88115210,88110006,88108675
1754530088,94868895,88168820,88169892,88171460,88169474,88175700,88170553,88169261
1754530089,94929630,88229658,88230752,88232339,88230335,88236488,88231256,88229950
1754530090,94986265,88286386,88287485,88289041,88287080,88293256,88288000,88286512
1754530091,95040327,88339336,88341090,88341717,88340267,88346208,88340826,88339319
1754530093,95099515,88400477,88401446,88402788,88400575,88406519,88401134,88399631
1754530094,95163555,88463557,88464787,88466347,88464054,88470131,88464917,88463625
1754530095,95224901,88524971,88525352,88527139,88525081,88531013,88525634,88524135
1754530096,95283413,88583481,88584784,88586171,88584242,88590424,88585171,88583884
1754530097,95343827,88643872,88645077,88646415,88644827,88650617,88645383,88644090
1754530098,95407113,88706969,88707948,88709330,88707759,88713619,88708318,88707068
1754530100,95463461,88763501,88764661,88765998,88764328,88770247,88764996,88763709
1754530101,95525404,88825368,88826501,88827963,88826252,88832163,88826917,88825632
1754530102,95577385,88877430,88878557,88879921,88878210,88884075,88879007,88877403
1754530103,95627490,88927641,88928722,88930045,88928402,88934438,88928984,88927504
1754530104,95684783,88984839,88985995,88987335,88985665,88991484,88986410,88985383
1754530105,95739602,89038841,89040444,89041649,89039919,89045669,89040320,89039044
1754530107,95800672,89100730,89101898,89103243,89101559,89107397,89102011,89100895
1754530108,95857763,89157923,89159010,89160369,89158705,89164510,89159261,89158063
1754530109,95917460,89216872,89218665,89219982,89218323,89224110,89218724,89217315
1754530110,95979308,89279373,89278854,89281531,89279625,89285239,89279850,89278444
1754530111,96037936,89337785,89338754,89339945,89338034,89343652,89338260,89336859
1754530112,96089868,89388915,89391137,89392431,89390519,89396147,89390744,89389344
1754530113,96137749,89437788,89436956,89439945,89438030,89443663,89438266,89436859
1754530115,96191831,89491969,89493132,89494455,89492727,89498614,89493304,89491996
1754530116,96253085,89553322,89554365,89555638,89553998,89559839,89554430,89553030
1754530117,96312660,89613005,89614395,89615430,89613711,89619573,89614321,89613138
1754530118,96368820,89668989,89670503,89671319,89669699,89675482,89670436,89669196
1754530119,96431972,89732182,89733498,89734701,89732984,89738787,89733472,89732288
1754530120,96492776,89792752,89793918,89795802,89792862,89798709,89793293,89791903
1754530122,96551882,89851870,89853031,89853898,89852315,89857230,89852397,89851019
1754530123,96611212,89911206,89912365,89914711,89911688,89917332,89912089,89910892
1754530124,96670463,89970692,89972090,89973199,89971845,89977462,89972186,89971013
1754530125,96732680,90032838,90034219,90035235,90033880,90039488,90034169,90032907
1754530126,96794768,90094455,90095932,90096807,90095320,90100836,90095746,90094502
1754530127,96854098,90155379,90155265,90156143,90154598,90160145,90154499,90153278
1754530128,96916221,90216242,90217393,90218267,90216723,90221683,90216553,90215479
1754530130,96972699,90272975,90274347,90275291,90274034,90279567,90274164,90272993
1754530131,97039694,90339903,90341131,90342087,90340684,90346214,90340924,90339596
1754530132,97098236,90398427,90399703,90400841,90399500,90405046,90399707,90398404
1754530133,97158518,90458744,90460113,90461162,90459793,90465334,90459993,90458682
1754530134,97222383,90522632,90523950,90524985,90523616,90529151,90523809,90522509
1754530135,97283862,90584201,90585524,90586546,90585185,90590719,90585384,90583954
1754530137,97347439,90647638,90648969,90649058,90648512,90653920,90648745,90647252
1754530138,97406291,90706803,90708116,90709120,90707754,90713329,90707941,90706706
1754530139,97463658,90764081,90765387,90766434,90765044,90770494,90765093,90763756
1754530140,97525496,90825990,90827326,90828390,90826993,90832546,90827202,90825907
1754530141,97583846,90884289,90885591,90886680,90885317,90890870,90885526,90884239
1754530142,97641775,90942429,90943532,90944618,90943219,90948767,90943419,90942128
1754530144,97704409,91004994,91006172,91007355,91005948,91011548,91005198,91004863
1754530145,97763679,91064163,91065337,91066522,91065195,91070766,91065371,91064102
1754530146,97823399,91122485,91124696,91125417,91123802,91129527,91124025,91122547
1754530147,97880201,91181819,91182789,91183513,91182574,91187622,91182117,91180845
1754530148,97931932,91232538,91233712,91234570,91233650,91239036,91233735,91232478
1754530149,97992381,91292710,91293500,91294392,91293264,91297692,91292990,91291529
1754530150,98050368,91350955,91352075,91352870,91351949,91357357,91352012,91350751
1754530152,98116763,91417343,91418515,91419315,91418417,91423860,91418603,91417232
1754530153,98171684,91472248,91473195,91473999,91472790,91478228,91472295,91471145
1754530154,98232335,91532892,91534036,91534915,91534024,91539329,91533723,91532797
1754530155,98297212,91597848,91598991,91599889,91599009,91604364,91598719,91597709
1754530156,98355947,91656305,91657250,91657979,91656824,91661931,91655964,91654964
1754530157,98416878,91716610,91718341,91719107,91717949,91723060,91717325,91716170
1754530159,98475438,91775850,91776788,91777619,91776666,91782027,91776406,91775394
1754530160,98533308,91833700,91834626,91835505,91834618,91839946,91834322,91833309
1754530161,98580913,91881196,91882407,91883189,91882244,91887692,91882062,91881059
1754530162,98640821,91941473,91941687,91943123,91941969,91947101,91941337,91940157
1754530163,98702475,92003339,92004466,92005310,92004364,92009722,92004099,92003093
1754530164,98767526,92067572,92069147,92069868,92068695,92073831,92068061,92066871
1754530165,98829698,92130494,92131632,92132494,92131506,92135642,92131170,92130169
1754530167,98880908,92181893,92182955,92183679,92182795,92188151,92182531,92181542
1754530168,98939783,92240452,92241500,92242571,92241625,92247001,92241364,92240372
1754530169,98998532,92299268,92300254,92301231,92300400,92305832,92300143,92299139
1754530170,99056314,92357040,92358075,92359051,92358273,92363665,92358029,92357038
1754530171,99116063,92415982,92417380,92418169,92417221,92422386,92416611,92415418
1754530172,99180324,92481018,92482031,92482952,92482301,92487535,92481882,92480894
1754530174,99242410,92543214,92544107,92544998,92544310,92549544,92544009,92543094
1754530175,99304695,92605496,92606456,92607324,92606681,92611980,92606324,92605373
1754530176,99363505,92664313,92665298,92666190,92665488,92670815,92665117,92664099
1754530177,99403616,92704335,92705358,92706395,92705623,92710927,92705424,92704307
1754530178,99464558,92765094,92765879,92766681,92765719,92770309,92764861,92763955
1754530179,99527036,92827890,92828881,92829770,92829051,92834367,92828861,92827855
1754530180,99585147,92885777,92886576,92887378,92886457,92891511,92885888,92884366
1754530182,99644918,92945815,92946735,92947635,92946899,92952234,92946715,92945422
1754530183,99704424,93005034,93003877,93006603,93005609,93010684,93005036,93003517
1754530184,99766468,93067270,93068237,93069238,93068480,93072966,93068204,93066902
1754530185,99825964,93126564,93127309,93128047,93127116,93132259,93126681,93125397
1754530186,99888668,93188881,93188399,93191044,93190404,93195496,93188617,93188342
1754530187,99952369,93253254,93254128,93255097,93254382,93259684,93254172,93252865
1754530189,100011944,93312958,93313895,93314861,93314073,93319287,93313847,93312640
1754530190,100070362,93371511,93372344,93373248,93370371,93377339,93371674,93370203
1754530191,100102866,93403928,93404871,93405848,93404998,93410296,93404780,93403505
1754530192,100165475,93466669,93467731,93468284,93467264,93472350,93465354,93465220
1754530193,100220200,93520941,93522137,93523036,93522248,93527391,93521719,93520263
1754530194,100277475,93578318,93579538,93580559,93579674,93584885,93579382,93578047
1754530195,100340213,93640992,93642102,93643119,93642397,93647722,93642164,93640940
1754530197,100400284,93700986,93702099,93702949,93702340,93707528,93702025,93700783
1754530198,100462331,93763803,93765012,93765887,93763941,93770299,93764623,93763187
1754530199,100521615,93822445,93823641,93824509,93823706,93829109,93823534,93822303
1754530200,100540759,93841338,93842363,93843119,93841572,93847134,93841609,93840169
1754530201,100540759,93841338,93842364,93843119,93841574,93847136,93841609,93840171
1754530202,100540760,93841340,93842365,93843120,93841574,93847138,93841609,93840173
1754530204,100540760,93841341,93842367,93843120,93841575,93847140,93841610,93840176
1754530205,100540760,93841342,93842369,93843121,93841576,93847143,93841610,93840177
1754530206,100540760,93841343,93842372,93843121,93841579,93847143,93841610,93840180
1754530207,100540761,93841660,93842689,93843440,93842077,93847610,93841928,93840500
1754530208,100590582,93891172,93892194,93892945,93891897,93897115,93891360,93890008
1754530209,100641636,93942405,93943623,93944521,93943673,93949104,93943559,93942327
1754530210,100691838,93992725,93993275,93994495,93993444,93998437,93992971,93991557
1754530212,100740867,94041309,94042328,94043186,94042239,94047676,94042238,94041015
1754530213,100791186,94091820,94092971,94093880,94093038,94098480,94092936,94091711
1754530214,100849594,94150224,94151232,94151990,94150966,94156191,94150505,94149095
1754530215,100909714,94210395,94211515,94212440,94211586,94217121,94211571,94210364
1754530216,100966674,94267437,94268651,94269533,94268668,94274138,94268581,94267378
1754530217,101022973,94323869,94324787,94325459,94323039,94330068,94324391,94321614
1754530219,101070753,94371545,94372640,94373571,94372742,94378180,94372669,94371433
1754530220,101134432,94435049,94436195,94437029,94436071,94441466,94435666,94434345
1754530221,101192503,94493071,94493282,94494525,94493831,94499076,94493384,94492100
1754530222,101250836,94551604,94552725,94553384,94552966,94558337,94552775,94551560
1754530223,101315110,94615874,94616972,94617637,94617223,94622585,94617009,94615877
1754530224,101369043,94667271,94670518,94669100,94670414,94675612,94669154,94668522
1754530225,101369044,94669232,94670518,94669881,94670415,94675613,94669908,94668522
1754530227,101369401,94669982,94670876,94671426,94670773,94675972,94670267,94668884
1754530228,101423286,94724325,94725470,94726150,94725736,94731219,94725392,94724354
1754530229,101475972,94776801,94777829,94778498,94778061,94783507,94777560,94776924
1754530230,101523968,94824995,94825883,94826433,94825846,94831003,94824962,94824185
1754530231,101580259,94880883,94882000,94882603,94881938,94887363,94881523,94880703
1754530232,101627770,94924326,94929260,94929806,94929139,94934391,94928270,94927262
1754530234,101674352,94975187,94975933,94976974,94976581,94981933,94975802,94974796
1754530235,101723263,95024058,95025156,95025859,95025365,95030782,95024795,95024004
1754530236,101783737,95084546,95085620,95086261,95085850,95091333,95085456,95084619
1754530237,101845062,95146012,95147087,95147772,95147318,95152853,95146848,95146079
1754530238,101906614,95207472,95207017,95208901,95208217,95213500,95207367,95206373
1754530239,101967426,95268495,95269428,95269948,95269342,95274628,95266767,95267503
1754530240,102029568,95330635,95331682,95332289,95331872,95337436,95331393,95330617
1754530242,102089549,95390556,95391777,95392310,95391834,95397337,95391345,95390572
1754530243,102146132,95447404,95448258,95448871,95448492,95453944,95447991,95447071
1754530244,102206416,95507504,95508520,95509265,95508684,95514203,95508246,95507439
1754530245,102266980,95568086,95569047,95569711,95569235,95574753,95568850,95568065
1754530246,102327976,95629093,95630086,95630748,95630401,95635756,95629783,95628906
1754530247,102384718,95685882,95686835,95687441,95687252,95692436,95686479,95685703
1754530249,102437275,95738387,95739395,95740171,95739665,95745070,95739089,95738323
1754530250,102495318,95796585,95796654,95798127,95797725,95803228,95797165,95796567
1754530251,102553104,95854142,95855089,95855772,95855319,95860810,95854790,95854040
1754530252,102608942,95910200,95910985,95911185,95910848,95916183,95910062,95909262
1754530253,102669370,95970434,95971431,95972203,95971735,95977339,95971046,95970533
1754530254,102728374,96029571,96030536,96031111,96030721,96036053,96030014,96029469
1754530256,102789118,96090270,96091289,96091938,96091299,96096037,96090227,96089238
1754530257,102849225,96150517,96151506,96152151,96151713,96156980,96149583,96150161
1754530258,102907606,96208771,96207774,96210224,96209858,96215154,96209235,96208471
1754530259,102965830,96267001,96267974,96268629,96268144,96273461,96267608,96266892
1754530260,103030551,96331685,96332612,96333282,96332821,96338118,96332139,96331441
1754530261,103090732,96391850,96391230,96393334,96392929,96398245,96392224,96391248
1754530262,103148842,96449935,96450918,96451523,96451093,96456420,96450327,96449352
1754530264,103207611,96508769,96509647,96510232,96509694,96515002,96509033,96508244
1754530265,103263965,96566229,96567129,96567773,96567288,96572645,96566491,96565522
1754530266,103324895,96626037,96627079,96627743,96626546,96632539,96626491,96625603
1754530267,103382532,96684030,96684864,96685453,96684968,96690280,96684280,96683522
1754530268,103422346,96723444,96724515,96725094,96724591,96729895,96723885,96723137
1754530269,103478326,96779370,96780354,96781221,96780503,96785807,96779816,96778935
1754530271,103542656,96843825,96844837,96845441,96844941,96850288,96844248,96843521
1754530272,103600243,96901336,96902365,96903004,96902469,96907628,96901567,96900801
1754530273,103662873,96963016,96962852,96965497,96965013,96970426,96964476,96963744
1754530274,103722728,97023842,97024941,97025568,97025045,97030566,97024611,97023906
1754530275,103779555,97080856,97081819,97082506,97081866,97087339,97081421,97080841
1754530276,103839416,97140572,97141595,97142271,97141621,97147033,97141020,97140245
1754530277,103897109,97198216,97199257,97199925,97199220,97204644,97199064,97197895
1754530279,103959389,97260611,97261519,97262108,97259711,97266787,97260832,97259567
1754530280,104014195,97315959,97315918,97317301,97316424,97321653,97315881,97314839
1754530281,104074738,97375960,97376891,97377384,97374834,97382483,97376791,97375804
1754530282,104131252,97432313,97433372,97434123,97433450,97438896,97433285,97432277
1754530283,104189601,97490722,97491799,97494018,97491707,97497335,97491625,97490567
1754530284,104244931,97546118,97547142,97547761,97547148,97552643,97546956,97545969
1754530286,104307102,97608326,97609384,97610041,97609334,97614854,97609189,97608201
1754530287,104363458,97664514,97665350,97665856,97664960,97668789,97664434,97663232
1754530288,104421897,97722936,97723761,97724311,97723368,97728676,97722895,97721697
1754530289,104466460,97767801,97768735,97769359,97768710,97774217,97768518,97767520
1754530290,104527505,97828591,97829450,97830013,97829380,97834848,97829216,97828235
1754530291,104587456,97888544,97888767,97889891,97888964,97894236,97888479,97887390
1754530292,104646167,97947611,97948663,97949038,97948363,97953936,97948205,97947247
1754530294,104704576,98005777,98006834,98007489,98006719,98012244,98006619,98005665
1754530295,104760146,98061392,98062531,98063291,98062418,98067952,98062330,98061367
1754530296,104819925,98121075,98122175,98123012,98122143,98127629,98121975,98120986
1754530297,104881018,98182304,98183246,98183941,98183277,98188605,98183162,98182245
1754530298,104936054,98237096,98237956,98238798,98238167,98243428,98237738,98236762
1754530299,104996447,98297717,98298719,98299483,98298909,98304192,98298498,98297544
1754530301,105053814,98355035,98356057,98356806,98356065,98361215,98355376,98354211
1754530302,105111019,98412291,98413227,98413991,98413160,98418315,98412452,98411312
1754530303,105167115,98468432,98469449,98470128,98468082,98474963,98469249,98468150
1754530304,105220651,98522189,98523020,98523630,98522835,98527692,98522037,98520982
1754530305,105283798,98585209,98586165,98586870,98584233,98590210,98585326,98584428
1754530306,105347168,98648607,98649627,98650353,98649522,98654432,98648761,98647656
1754530308,105401448,98702740,98703770,98704529,98703854,98708889,98703334,98702482
1754530309,105456811,98758091,98759103,98759889,98759198,98764267,98758803,98757875
1754530310,105517851,98816988,98820114,98820761,98820134,98825290,98819700,98818903
1754530311,105574828,98876159,98877166,98877927,98877264,98882337,98876826,98875982
1754530312,105635896,98937183,98938125,98938891,98938207,98943286,98937765,98936919
1754530313,105696664,98998159,98999155,98999904,98999271,99004394,98998810,98998066
1754530314,105751738,99053313,99054354,99055144,99054443,99059246,99054029,99053161
1754530316,105813151,99114683,99115723,99116426,99113516,99120971,99115348,99114552
1754530317,105874911,99178955,99179999,99180577,99179810,99184703,99179004,99177976
1754530318,105935989,99237305,99238108,99238808,99237546,99242798,99237414,99236401
1754530319,105989148,99290253,99291206,99291910,99291022,99296009,99290493,99289689
1754530320,106049135,99350284,99351283,99351950,99351295,99356429,99350890,99350062
1754530321,106110461,99411820,99412927,99413531,99413021,99418217,99412606,99411835
1754530323,106167835,99468982,99469928,99470300,99469775,99474646,99468934,99467940
1754530324,106220066,99521383,99522449,99523014,99522254,99527499,99521970,99521197
1754530325,106278560,99579965,99581108,99581667,99581065,99586329,99580760,99579985
1754530326,106334687,99636086,99637289,99637937,99637239,99642499,99636937,99636145
1754530327,106383914,99685302,99686439,99687025,99686421,99691675,99686238,99685337
1754530328,106441394,99742693,99743646,99744459,99743810,99749122,99742858,99742241
1754530329,106498575,99799970,99801199,99801786,99801114,99806347,99800510,99800193
1754530331,106558290,99859462,99860410,99860913,99860139,99865322,99859610,99859084
1754530332,106619621,99920993,99922150,99922737,99922128,99927361,99921431,99918961
1754530333,106679781,99981210,99982250,99982834,99982243,99987475,99981598,99981027
1754530334,106742423,100043808,100044866,100045433,100044809,100050029,100044188,100043530
1754530335,106803455,100104641,100105585,100106120,100105340,100110518,100104800,100104297
1754530336,106859678,100160862,100162044,100162756,100162106,100167324,100161573,100161152
1754530338,106916667,100218145,100219251,100219784,100219085,100224091,100217509,100217418
1754530339,106974738,100276080,100277222,100277769,100277119,100282380,100276516,100275907
1754530340,107036227,100337645,100338235,100339335,100338621,100343854,100337996,100337516
1754530341,107091967,100393255,100394446,100395084,100394432,100399617,100393777,100393297
1754530342,107152143,100453562,100454812,100455272,100454567,100459825,100453973,100453480
1754530343,107216255,100517570,100518722,100519293,100518526,100523782,100517975,100517545
1754530344,107272807,100574580,100575538,100576259,100575467,100580194,100574526,100573823
1754530346,107335733,100637084,100638251,100638742,100638137,100643417,100637569,100637051
1754530347,107396561,100697856,100698942,100699475,100698875,100703943,100698070,100697527
1754530348,107460537,100761699,100762689,100763148,100762409,100767708,100761985,100761446
1754530349,107521791,100823234,100824390,100824905,100824018,100829519,100823697,100823174
1754530350,107587187,100888358,100889309,100889696,100888623,100893965,100887183,100887277
1754530351,107649604,100950465,100952023,100952539,100951760,100957307,100951344,100950642
1754530353,107710578,101012026,101013119,101013621,101012830,101018359,101012543,101011856
1754530354,107766943,101068310,101069485,101070120,101069237,101074902,101068801,101068386
1754530355,107829114,101130537,101131622,101132176,101131429,101136805,101130811,101130603
1754530356,107892749,101194248,101195321,101195803,101194927,101198192,101194106,101193372
1754530357,107947570,101248951,101250075,101250607,101249751,101255210,101249195,101248569
1754530358,108003272,101304675,101305806,101306340,101305473,101311069,101305183,101304590
1754530359,108064804,101366243,101367323,101367898,101366989,101372481,101366544,101366010
1754530361,108129320,101430720,101431830,101432376,101431515,101437035,101431072,101430556
1754530362,108192899,101494299,101495413,101496011,101495153,101500653,101494723,101494200
1754530363,108257204,101558793,101559831,101560366,101559488,101564915,101558947,101558489
1754530364,108315679,101617128,101618050,101618460,101617343,101621791,101616535,101615853
1754530365,108375017,101676620,101677760,101677823,101677391,101683010,101676937,101676258
1754530366,108418600,101720008,101720792,101721390,101720365,101725904,101719957,101719477
1754530368,108476356,101777963,101778866,101779147,101777541,101783324,101777219,101776609
1754530369,108532628,101834131,101835221,101835819,101834985,101840506,101834530,101834066
1754530370,108591287,101892844,101893275,101894521,101892880,101899303,101893298,101892723
1754530371,108647676,101949117,101950240,101950810,101949973,101955500,101949536,101949067
1754530372,108712316,102013787,102014895,102015445,102014821,102020174,102014187,102013758
1754530373,108774290,102075610,102075705,102076921,102075889,102081272,102075147,102074514
1754530375,108833920,102135503,102136584,102137137,102136535,102142191,102136231,102135674
1754530376,108895946,102197517,102198695,102199179,102198341,102203812,102197989,102197644
1754530377,108953431,102254920,102256021,102254412,102255406,102260811,102253683,102254047
1754530378,108992673,102294250,102295322,102295838,102295058,102300609,102294596,102294210
1754530379,109052643,102354150,102355271,102355794,102354995,102360482,102354311,102354232
1754530380,109112268,102413612,102414519,102414630,102413865,102419282,102413150,102412988
1754530381,109173357,102474943,102476006,102476510,102475741,102481234,102475038,102474674
1754530383,109232670,102534209,102535303,102535816,102534991,102540530,102534404,102534017
1754530384,109290348,102591938,102592926,102593444,102592670,102598184,102592074,102591612
1754530385,109339649,102641046,102641908,102642346,102641243,102646522,102640242,102639627
1754530386,109387960,102689516,102691340,102690455,102690676,102695968,102689682,102689063
1754530387,109434901,102736625,102737714,102738279,102737401,102742918,102736776,102736384
1754530388,109492069,102793831,102794726,102794999,102794043,102798885,102793057,102792440
1754530390,109544917,102846733,102847843,102848394,102847536,102853044,102846894,102846482
1754530391,109593224,102895071,102896204,102896699,102895868,102901381,102895252,102894839
1754530392,109649756,102951699,102952773,102953210,102952365,102957901,102951749,102951353
1754530393,109706348,103008138,103009173,103009827,103008974,103014503,103008333,103007938
1754530394,109764763,103066346,103067575,103068315,103067480,103073014,103066829,103066448
1754530395,109823958,103125312,103126376,103126358,103125944,103131255,103124944,103124380
1754530396,109884708,103186351,103187454,103187899,103187136,103192383,103186074,103185509
1754530398,109939210,103240834,103242097,103242706,103242274,103247536,103241402,103241122
1754530399,110001245,103302612,103303687,103304068,103303142,103308560,103301476,103301681
1754530400,110054227,103355598,103356995,103357487,103356770,103362356,103356151,103355753
1754530401,110115796,103417485,103418675,103419196,103418577,103424150,103417922,103417567
1754530402,110178150,103479736,103481020,103481585,103480840,103486413,103480351,103479896
1754530403,110241599,103543207,103544497,103544998,103544303,103549988,103543659,103543377
1754530405,110303323,103604934,103606184,103606678,103605987,103611386,103605380,103605119
1754530406,110366767,103668631,103669897,103670369,103669687,103674920,103668794,103668099
1754530407,110428623,103730239,103731517,103732043,103731297,103736674,103730758,103730288
1754530408,110488507,103790713,103791364,103792143,103791221,103796252,103790260,103789705
1754530409,110552662,103854079,103855113,103855508,103854582,103859732,103852622,103852920
1754530410,110615107,103916769,103917970,103918433,103916469,103923097,103916952,103916286
1754530411,110673278,103974976,103976212,103976722,103976015,103981392,103975369,103974842
1754530413,110732018,104033689,104034721,104035042,104034120,104039339,104033205,104032530
1754530414,110790136,104091911,104093144,104093677,104092968,104098336,104092349,104091869
1754530415,110850434,104152241,104153491,104154057,104153333,104158696,104152701,104152235
1754530416,110908434,104210159,104209763,104211580,104210653,104215810,104209661,104209014
1754530417,110969261,104271057,104272357,104272857,104272135,104277512,104271578,104271132
1754530418,111033446,104334921,104336195,104336984,104336262,104341656,104335651,104335211
1754530420,111093379,104394864,104396168,104397151,104396293,104401670,104395680,104395223
1754530421,111155012,104456648,104457918,104458363,104457994,104463380,104457361,104456945
1754530422,111213781,104515304,104516585,104517053,104516687,104522023,104516105,104515618
1754530423,111276788,104578388,104579660,104580133,104579794,104585139,104579122,104578688
1754530424,111336161,104637495,104638557,104638934,104638116,104642956,104637387,104636738
1754530425,111396525,104697538,104699110,104699625,104698816,104704312,104698364,104697953
1754530426,111456970,104758461,104759727,104760311,104759667,104765217,104759230,104758808
1754530428,111512767,104814370,104815323,104815855,104815212,104820795,104814854,104814385
1754530429,111576365,104877419,104878771,104878851,104878325,104883969,104877502,104877025
1754530430,111638462,104940049,104941263,104941764,104941142,104944533,104940546,104940102
1754530431,111697161,104998845,104999894,105000380,104999786,105005339,104999420,104999050
1754530432,111758422,105060065,105061266,105061819,105061251,105066830,105060755,105060431
1754530433,111823961,105125600,105126619,105125261,105126175,105131502,105125342,105124794
1754530435,111883038,105184731,105185944,105186476,105185843,105191401,105185397,105185046
1754530436,111937408,105238810,105239829,105240232,105239076,105244920,105238883,105238322
1754530437,111999277,105300723,105301905,105302442,105301828,105307389,105301408,105301032
1754530438,112058743,105360231,105361229,105361635,105360782,105366114,105359823,105359416
1754530439,112118125,105419808,105421036,105421583,105420747,105426484,105420506,105419256
1754530440,112178980,105480655,105481706,105482244,105481664,105487190,105481176,105480837
1754530441,112240687,105542224,105543178,105543594,105542757,105548066,105541908,105541375
1754530443,112297269,105599014,105600295,105600667,105599995,105605546,105599539,105599247
1754530444,112359645,105661056,105660351,105662625,105660286,105667107,105660943,105660423
1754530445,112417801,105719235,105720467,105721385,105720682,105726213,105720191,105719883
1754530446,112473139,105774473,105775496,105776013,105775206,105780519,105774235,105773839
1754530447,112534207,105835867,105837049,105837773,105837205,105842628,105836588,105836257
1754530448,112597774,105899385,105900581,105901284,105900525,105906123,105900059,105899753
1754530450,112658065,105959491,105960439,105961086,105960146,105965565,105959392,105958890
1754530451,112715771,106017203,106018417,106019238,106018407,106023967,106017951,106017649
1754530452,112780692,106082221,106083422,106084189,106083332,106088776,106082619,106081444
1754530453,112840276,106141886,106142995,106143755,106142962,106148547,106142663,106142207
1754530454,112903713,106205350,106206433,106207193,106206388,106212016,106205849,106205688
1754530455,112960184,106261768,106262955,106263719,106262877,106268338,106262132,106261956
1754530456,113017987,106319430,106320654,106321467,106320608,106326182,106319740,106319824
1754530458,113083539,106385170,106386334,106387080,106386298,106391899,106385698,106385495
1754530459,113139566,106441214,106442431,106443196,106442240,106447773,106441565,106441285
1754530460,113198551,106499348,106500954,106501599,106500736,106506249,106499969,106499708
1754530461,113254616,106556305,106557384,106558129,106557352,106563004,106556775,106556574
1754530462,113313906,106615364,106616521,106617286,106616473,106622121,106615887,106615680
1754530463,113372225,106673223,106673662,106675707,106673261,106680193,106673854,106673436
1754530465,113433160,106734943,106736093,106736839,106736002,106741598,106734142,106735250
1754530466,113491139,106792818,106794013,106794851,106793989,106799626,106793419,106793211
1754530467,113550957,106853778,106854715,106855382,106854338,106859742,106853389,106853044
1754530468,113610809,106912651,106913882,106914615,106913742,106919395,106913195,106913007
1754530469,113670472,106971835,106973169,106973898,106973147,106978800,106972692,106972478
1754530470,113726793,107028284,107029683,107030483,107029664,107035299,107029089,107029067
1754530471,113784870,107086414,107087784,107088367,107087764,107093428,107087169,107086964
1754530473,113845679,107147161,107148599,107149247,107148567,107154187,107147971,107147790
1754530474,113902909,107204208,107204736,107205927,107204983,107210532,107204164,107203837
1754530475,113961316,107262780,107264239,107264901,107264152,107269874,107263616,107263355
1754530476,114019253,107320468,107321784,107322290,107321341,107326892,107320557,107320268
1754530477,114080423,107381927,107383244,107381896,107383344,107389104,107382924,107382607
1754530478,114141767,107443312,107444720,107445352,107444626,107450319,107444293,107443916
1754530480,114197905,107499490,107500408,107501419,107500686,107505961,107499736,107499712
1754530481,114255317,107556949,107558340,107558947,107558215,107563649,107557567,107557412
1754530482,114313620,107615277,107616677,107617248,107616522,107622080,107615984,107615862
1754530483,114372040,107673467,107674810,107675469,107674706,107680304,107674214,107674099
1754530484,114430744,107731487,107731926,107734195,107733500,107738993,107732805,107732790
1754530485,114490620,107792202,107793604,107792247,107793381,107798667,107792429,107792112
1754530487,114543794,107845479,107846652,107847164,107846193,107851476,107845234,107844961
1754530488,114602097,107903554,107904814,107905489,107904791,107910267,107904188,107904065
1754530489,114660398,107962017,107963398,107964085,107963369,107968878,107962772,107962681
1754530490,114720572,108022144,108023206,108023826,108022855,108028138,108021888,108021589
1754530491,114773240,108074840,108076011,108076521,108075563,108080833,108074581,108074284
1754530492,114816607,108118274,108119690,108120361,108119700,108125193,108119081,108118983
1754530493,114877654,108178932,108180369,108181325,108180561,108185988,108179917,108179820
1754530495,114935099,108236420,108237824,108238865,108238082,108243594,108237462,108237038
1754530496,114995004,108296157,108297367,108298158,108296399,108302187,108296321,108296027
1754530497,115051283,108352613,108354032,108354941,108354265,108359737,108353560,108353499
1754530498,115103623,108405399,108406781,108407789,108407421,108412734,108406682,108406685
1754530499,115163393,108464817,108466191,108467143,108466204,108471695,108465616,108465522
1754530500,115223689,108525164,108526550,108527459,108526711,108532267,108526167,108526049
1754530502,115283203,108584570,108585890,108586741,108586116,108591666,108585576,108585467
1754530503,115342401,108643778,108645012,108646104,108645562,108651030,108645032,108644569
1754530504,115402547,108703953,108705337,108706263,108705510,108711314,108705184,108704924
1754530505,115462537,108763927,108765335,108766294,108765518,108770415,108765035,108764933
1754530506,115520341,108821672,108823101,108824126,108823327,108829007,108822947,108822707
1754530507,115583850,108885269,108886690,108887592,108886743,108892243,108886079,108885653
1754530508,115641638,108942893,108944319,108945287,108944439,108950078,108944007,108943776
1754530510,115704819,109006025,109007292,109008098,109007027,109012547,109006379,109006103
1754530511,115762966,109064438,109065747,109066761,109066081,109071777,109065627,109065189
1754530512,115819850,109119721,109122606,109123491,109122762,109128654,109122336,109122021
1754530513,115883272,109185562,109186763,109187560,109186523,109191549,109185822,109185386
1754530514,115943718,109245433,109246833,109246964,109246951,109252627,109246557,109246339
1754530515,116000197,109301733,109302946,109303731,109302747,109307399,109301992,109301560
1754530517,116057052,109358794,109360212,109361098,109360386,109366024,109360010,109359806
1754530518,116118633,109420257,109421572,109422174,109421184,109426585,109420506,109420079
1754530519,116177293,109478827,109480351,109481261,109480522,109486197,109480149,109479887
1754530520,116237105,109538459,109539767,109540699,109539702,109545218,109539016,109538606
1754530521,116298990,109600736,109602377,109603216,109602613,109608264,109602230,109601934
1754530522,116361518,109660894,109664184,109664819,109662926,109669531,109663330,109662931
1754530524,116425448,109727023,109728507,109729289,109728391,109734350,109728351,109728150
1754530525,116485799,109787440,109788899,109789627,109788826,109794826,109788694,109788503
1754530526,116547871,109848972,109850253,109850890,109849786,109855616,109849397,109848825
1754530527,116590168,109891815,109893261,109894008,109893174,109899169,109893096,109892895
1754530528,116646645,109948059,109949062,109949968,109948912,109954827,109948802,109948643
1754530529,116702498,110004260,110005721,110006568,110005735,110011692,110005404,110005503
1754530530,116760846,110062877,110063856,110064974,110064177,110069959,110063697,110063562
1754530532,116820158,110121692,110123113,110124026,110123182,110129085,110122810,110122578
1754530533,116881729,110183410,110184876,110185606,110184642,110190550,110184299,110184053
1754530534,116939345,110240779,110242036,110242691,110241568,110247251,110240341,110240405
1754530535,116996383,110298854,110300119,110300766,110299640,110305337,110298886,110298494
1754530536,117052265,110353897,110354647,110355806,110354685,110360378,110353925,110353509
1754530537,117111674,110413224,110414644,110415419,110414554,110420476,110414149,110413937
1754530539,117168363,110470078,110471334,110472056,110471036,110476917,110470637,110470427
1754530540,117229490,110531208,110532267,110533111,110531988,110537685,110531214,110530808
1754530541,117283887,110585811,110587245,110587903,110587099,110592868,110586474,110586286
1754530542,117340024,110641878,110643305,110644155,110643229,110649156,110642832,110642606
1754530543,117403037,110704849,110705943,110706595,110705536,110711244,110704773,110704380
1754530544,117458384,110760218,110761384,110762404,110761509,110767390,110761053,110760876
1754530545,117519381,110821175,110822430,110823520,110822642,110828588,110822264,110822044
1754530547,117579639,110881587,110882735,110883564,110882811,110888661,110882364,110882176
1754530548,117643636,110945236,110946247,110944487,110946528,110951854,110945362,110944979
1754530549,117702619,111004372,111005584,111006316,111005648,111011194,111004703,111004316
1754530550,117762108,111063716,111064744,111065500,111064899,111070340,111063961,111063583
1754530551,117823325,111125136,111126401,111127252,111126780,111132482,111126148,111125886
1754530552,117883944,111185862,111187193,111188020,111187564,111193304,111186941,111186773
1754530554,117942365,111244161,111245386,111246237,111245830,111251461,111245022,111245036
1754530555,118003258,111305160,111306323,111307145,111306749,111312250,111305760,111305991
1754530556,118055800,111357648,111358866,111359703,111359272,111364726,111358298,111358163
1754530557,118113161,111415011,111416257,111417108,111416624,111422087,111415679,111415445
1754530558,118174207,111476120,111477327,111478126,111477660,111483124,111476843,111476577
1754530559,118232024,111533675,111534849,111535712,111534989,111540403,111534121,111533906
1754530560,118286821,111588759,111589974,111589993,111590475,111596017,111589660,111589369
1754530562,118337079,111638927,111640132,111640961,111640510,111645918,111639497,111639292
1754530563,118394411,111696422,111697588,111698425,111698001,111703496,111697042,111696712
1754530564,118454862,111757503,111760703,111759653,111759411,111764725,111758399,111758221
1754530565,118513864,111815803,111816798,111817011,111816820,111822082,111815523,111815177
1754530566,118572770,111874936,111876107,111876978,111876494,111881995,111875556,111875359
1754530567,118634007,111936255,111937634,111938464,111936449,111943529,111936986,111936571
1754530569,118691250,111994020,111995178,111996185,111995873,112001339,111995072,111994652
1754530570,118752887,112054738,112056023,112057045,112056540,112061961,112055497,112055249
1754530571,118808649,112111215,112112303,112113023,112112524,112117797,112111247,112110934
1754530572,118870444,112172343,112173612,112174394,112174132,112179629,112173192,112172970
1754530573,118926174,112228017,112229240,112230109,112229776,112235263,112228885,112228655
1754530574,118981923,112283766,112284970,112285808,112285337,112290978,112284567,112284363
1754530575,119036621,112338293,112339373,112340060,112339403,112343863,112338312,112337897
1754530577,119094841,112396750,112398099,112398886,112398505,112404084,112397631,112397477
1754530578,119155420,112457119,112458195,112458821,112458204,112463635,112457084,112456701
1754530579,119213136,112513895,112515910,112516577,112515917,112521398,112514656,112514436
1754530580,119272080,112573985,112575250,112575913,112575249,112580443,112573993,112573843
1754530581,119335664,112637544,112638619,112639278,112638182,112643809,112637365,112636821
1754530582,119391211,112693231,112695452,112695189,112694935,112700180,112693861,112693567
1754530584,119449350,112751360,112752610,112753368,112752949,112758379,112752076,112751802
1754530585,119505256,112807218,112808536,112809352,112808904,112814347,112808020,112807694
1754530586,119558673,112862416,112863528,112864413,112864032,112869500,112863133,112862629
1754530587,119615592,112917408,112918581,112919377,112918902,112924304,112918015,112917670
1754530588,119677224,112980416,112981347,112982453,112982018,112985721,112981101,112980897
1754530589,119740208,113041971,113043193,113043958,113042688,113048913,113042579,113042251
1754530591,119799587,113101230,113102457,113103254,113102808,113108225,113101920,113101600
1754530592,119859092,113160866,113162079,113162756,113162389,113167646,113161306,113160984
1754530593,119914898,113216681,113217750,113218112,113216550,113222640,113216192,113215679
1754530594,119977919,113279557,113280019,113281423,113280790,113286005,113279554,113279044
1754530595,120032464,113334153,113335460,113335932,113335581,113341003,113334783,113333929
1754530596,120087231,113388799,113389968,113390285,113389820,113395036,113388577,113388086
1754530597,120144986,113446515,113447755,113448073,113447657,113452823,113446371,113446032
1754530599,120200024,113501597,113502859,113503268,113503036,113508437,113502150,113501839
1754530600,120258725,113560538,113561898,113562373,113562009,113567456,113561156,113560829
1754530601,120317638,113619344,113620741,113621185,113620807,113626233,113619849,113619478
1754530602,120363621,113663549,113666490,113666799,113666225,113671530,113665064,113664583
1754530603,120416427,113718107,113719293,113719617,113719035,113724361,113716554,113717395
1754530604,120468010,113769728,113771087,113771590,113771215,113776886,113770292,113770060
1754530606,120519315,113820952,113822136,113822486,113821874,113827142,113820596,113820152
1754530607,120578908,113879354,113882252,113880870,113882481,113886492,113881441,113880603
1754530608,120636810,113938488,113939870,113940372,113939970,113945493,113939005,113938389
1754530609,120698601,114000202,114001390,114001736,114001110,114006405,113999725,113999010
1754530610,120762138,114063820,114065220,114065740,114065316,114070831,114064414,114063783
1754530611,120818165,114119800,114121024,114121644,114121176,114126697,114120297,114119660
1754530612,120880687,114182252,114183637,114184242,114183799,114189341,114182913,114182287
1754530614,120941570,114243156,114244333,114244672,114243828,114249346,114242837,114242130
1754530615,121002572,114304296,114305647,114306147,114305739,114311236,114304816,114304197
1754530616,121056110,114357842,114359192,114359652,114359293,114364793,114358383,114357755
1754530617,121113071,114414680,114415835,114416182,114415530,114420999,114414604,114413452
1754530618,121175471,114477495,114478666,114478999,114478585,114483995,114477538,114476911
1754530619,121233357,114535138,114536443,114536954,114536508,114542024,114535591,114534985
1754530621,121297606,114599430,114600763,114601255,114600854,114606407,114599974,114599352
1754530622,121361433,114663268,114664208,114664849,114662816,114669876,114663738,114663066
1754530623,121423869,114725746,114727027,114727296,114727250,114732688,114726190,114725587
1754530624,121479351,114781212,114782485,114782761,114782455,114788133,114780942,114781053
1754530625,121541332,114843232,114844517,114844755,114844438,114850127,114843634,114843045
1754530626,121603972,114905833,114907016,114907331,114907055,114912745,114906341,114905762
1754530627,121665040,114966834,114968048,114968328,114967964,114973706,114967318,114966669
1754530629,121726850,115028701,115029983,115030251,115029853,115035616,115029022,115028320
1754530630,121787539,115089999,115091229,115091355,115090964,115096411,115089753,115087654
1754530631,121846202,115148060,115149386,115149631,115149386,115155000,115148604,115148346
1754530632,121908318,115210127,115211381,115211659,115211317,115216988,115210468,115209988
1754530633,121970748,115272589,115273897,115274165,115273809,115279487,115272987,115272471
1754530634,122029536,115331390,115332666,115332905,115332602,115338287,115331848,115331387
1754530636,122091950,115393612,115394662,115394795,115394230,115399688,115392264,115392342
1754530637,122143487,115445366,115446588,115446858,115446526,115452221,115445708,115445196
1754530638,122203233,115505103,115506353,115506641,115506267,115511935,115505425,115504913
1754530639,122268100,115569980,115571153,115571374,115570929,115576603,115570139,115569650
1754530640,122328092,115630106,115631251,115631501,115631178,115636820,115630331,115629824
1754530641,122388757,115691803,115691621,115694858,115692731,115698440,115691890,115691276
1754530643,122443608,115745754,115746988,115747047,115746742,115752428,115745894,115745418
1754530644,122503230,115805303,115806644,115806668,115806335,115811935,115805423,115804954
1754530645,122560653,115862673,115864041,115864025,115863750,115869488,115862926,115862320
1754530646,122621847,115923932,115925190,115924993,115924583,115930039,115923400,115922717
1754530647,122682367,115984232,115985439,115985231,115984895,115990336,115983671,115982407
1754530648,122741107,116043210,116044511,116044410,116044544,116049801,116043265,116042836
1754530649,122800259,116102235,116103687,116103630,116103508,116109050,116102575,116102157
1754530651,122859808,116161769,116163210,116163186,116163047,116168645,116162135,116161653
1754530652,122923612,116225608,116226714,116226965,116226807,116232410,116225907,116225430
1754530653,122980999,116283061,116284407,116284308,116284192,116289685,116283553,116282922
1754530654,123039259,116340375,116342285,116342071,116341748,116347217,116340962,116340322
1754530655,123097978,116400108,116401471,116401424,116401276,116406668,116400533,116400139
1754530656,123156875,116458922,116460271,116460186,116460055,116465341,116459203,116458313
1754530658,123212200,116514290,116515681,116515601,116515372,116520553,116513831,116513231
1754530659,123273205,116575395,116576723,116576567,116576355,116581690,116575579,116574740
1754530660,123331958,116633817,116634986,116634228,116634408,116639614,116633319,116632272
1754530661,123388080,116690078,116689894,116691303,116691137,116696688,116690662,116689595
1754530662,123445722,116747813,116749174,116749124,116748945,116754371,116748217,116747382
1754530663,123508128,116810226,116811462,116811271,116810879,116816094,116809794,116808465
1754530664,123566440,116868599,116869905,116869890,116869690,116875136,116869051,116868247
1754530666,123623775,116925796,116927158,116927103,116926895,116932263,116926037,116925124
1754530667,123689701,116991774,116993105,116993020,116991877,116998312,116992123,116991345
1754530668,123742778,117045005,117046343,117046145,117045957,117051412,117045240,117044433
1754530669,123801317,117103443,117104696,117104633,117104478,117109986,117103983,117103230
1754530670,123856931,117158527,117159772,117159670,117158852,117164652,117158335,117157331
1754530671,123912042,117213579,117214885,117214565,117214536,117219765,117213373,117212445
1754530673,123972914,117274708,117276006,117275961,117276041,117281438,117275268,117274463
1754530674,124028141,117329823,117331181,117331097,117330950,117336586,117330407,117329608
1754530675,124091495,117393181,117394504,117394403,117394199,117399883,117393722,117392927
1754530676,124151871,117453782,117455139,117454954,117454827,117458636,117454030,117453049
1754530677,124205812,117507626,117509039,117508954,117508723,117514403,117508224,117507446
1754530678,124263843,117565478,117566681,117566455,117566040,117571435,117565417,117564277
1754530679,124321598,117623236,117624510,117624415,117624205,117629950,117623852,117622923
1754530681,124382793,117684731,117686104,117686035,117685846,117691401,117685490,117684597
1754530682,124441482,117743306,117744682,117744592,117744371,117749869,117743890,117742748
1754530683,124500918,117802819,117804168,117804064,117803880,117809480,117803554,117802469
1754530684,124558490,117860246,117861582,117861627,117861381,117866966,117861047,117859954
1754530685,124616924,117918865,117920201,117920087,117919912,117925536,117919567,117918500
1754530686,124676431,117978397,117979759,117979715,117979507,117985054,117979091,117977744
1754530688,124733694,118035541,118036864,118036755,118036527,118042175,118036200,118035173
1754530689,124793171,118095185,118096469,118096337,118096067,118101676,118095676,118094636
1754530690,124854069,118155907,118156997,118156846,118156404,118161787,118155620,118154430
1754530691,124910208,118212051,118213212,118212990,118212503,118217980,118212071,118211022
1754530692,124972810,118274900,118276268,118276213,118275930,118281546,118275630,118274576
1754530693,125028603,118330403,118331329,118331391,118330946,118336303,118330349,118329346
1754530694,125090108,118392055,118393181,118393300,118393107,118398725,118392765,118391743
1754530696,125148035,118450081,118451141,118451422,118451099,118456718,118449098,118449696
1754530697,125204665,118506530,118507624,118507745,118507553,118513162,118507293,118506262
1754530698,125270038,118572020,118573144,118573223,118573261,118578675,118572719,118571704
1754530699,125328686,118630738,118631726,118631852,118631583,118637137,118631185,118630171
1754530700,125391300,118693343,118694414,118694508,118694375,118700007,118693961,118692994
1754530701,125445404,118747203,118748121,118748123,118747698,118751913,118747049,118745836
1754530703,125504737,118806545,118806863,118807458,118807030,118812500,118806323,118805174
1754530704,125561570,118863380,118864287,118864292,118863862,118869481,118863248,118862281
1754530705,125620888,118921820,118924027,118924136,118923955,118930050,118923312,118922389
1754530706,125680078,118981998,118983037,118983226,118982992,118988949,118982314,118981725
1754530707,125738300,119040285,119041405,119041595,119041356,119047407,119040804,119040072
1754530708,125796241,119097998,119098982,119098978,119098554,119104416,119097824,119097100
1754530709,125858212,119160325,119161372,119161469,119161291,119167394,119160744,119159990
1754530711,125920340,119222445,119223484,119223602,119223417,119229513,119222878,119222169
1754530712,125983984,119286086,119287252,119287348,119287161,119293283,119286607,119285894
1754530713,126042015,119343966,119345086,119345208,119345000,119351055,119344416,119343712
1754530714,126096934,119399313,119399913,119400218,119399799,119405642,119398539,119397939
1754530715,126154984,119457072,119458111,119458256,119458123,119464174,119457543,119456823
1754530716,126211193,119513384,119514488,119514625,119514388,119520441,119513811,119513047
1754530718,126275687,119577700,119578735,119578654,119577968,119584084,119577338,119576454
1754530719,126337520,119639727,119640979,119641072,119640856,119646911,119640276,119639557
1754530720,126395417,119697461,119698743,119698834,119698660,119704721,119698077,119697404
1754530721,126458285,119760107,119761163,119761029,119760102,119766674,119759884,119759070
1754530722,126514346,119818183,119817329,119818865,119818886,119824749,119817958,119816728
1754530723,126575553,119877518,119878569,119878201,119878583,119884085,119877301,119876396
1754530724,126635560,119937589,119938773,119938543,119938882,119944766,119938125,119937492
1754530726,126697621,119999639,120000851,120000610,120000838,120006712,120000047,119999336
1754530727,126754292,120056140,120056852,120056813,120056938,120062738,120056067,120055368
1754530728,126815778,120117767,120119010,120118779,120119106,120124993,120118334,120117353
1754530729,126873603,120175755,120177037,120176746,120177146,120183172,120176174,120175693
1754530730,126932725,120234579,120235628,120235257,120235383,120241166,120234167,120233676
1754530731,126993850,120295200,120296755,120296387,120296514,120302407,120295511,120294692
1754530733,127048903,120350859,120352066,120351863,120352272,120358270,120351348,120350457
1754530734,127108877,120411049,120412249,120411949,120412361,120418313,120411318,120410338
1754530735,127168986,120471062,120472275,120472062,120472389,120478410,120471478,120470590
1754530736,127228487,120530376,120531503,120531286,120531659,120537678,120530744,120529862
1754530737,127291099,120593119,120594275,120594114,120594440,120600329,120593337,120592444
1754530738,127347880,120649885,120650912,120650558,120650663,120656475,120649389,120648311
1754530740,127397270,120699227,120700412,120700049,120700153,120705975,120698889,120697801
1754530741,127456657,120758854,120760076,120759862,120760176,120766219,120759275,120758372
1754530742,127515699,120817799,120818984,120818797,120819083,120825119,120818191,120817303
1754530743,127571178,120871379,120874726,120874250,120874340,120880175,120873072,120872002
1754530744,127630237,120932526,120933466,120933329,120933641,120939683,120932739,120931848
1754530745,127692813,120995095,120995975,120995907,120996206,121002284,120995336,120994462
1754530746,127750625,121052980,121053989,121053515,121053865,121059715,121051853,121051544
1754530748,127810604,121112909,121113897,121113546,121114054,121120040,121113039,121112037
1754530749,127869375,121171739,121171503,121172284,121172026,121178775,121171910,121171087
1754530750,127928386,121230701,121231705,121231355,121231788,121237923,121230977,121230107
1754530751,127990525,121292949,121293871,121293378,121293614,121299611,121291234,121291437
1754530752,128049694,121352095,121353107,121353119,121353243,121359411,121352454,121351543
1754530753,128108480,121410939,121412002,121411712,121412060,121418201,121411194,121409943
1754530755,128166969,121469309,121470313,121469990,121470394,121476742,121469458,121468747
1754530756,128225600,121527869,121528859,121528633,121529029,121535197,121528079,121527575
1754530757,128281577,121583924,121584950,121584616,121585022,121591209,121584088,121583335
1754530758,128339110,121641558,121642399,121641989,121642431,121648589,121641571,121640821
1754530759,128399106,121701474,121702397,121702029,121702497,121708655,121701519,121700788
1754530760,128452556,121754988,121755914,121755593,121756027,121762154,121755056,121754336
1754530761,128513833,121816241,121817190,121816854,121817299,121823470,121816318,121815595
1754530763,128574611,121876931,121877905,121877555,121877966,121884105,121876988,121876251
1754530764,128634821,121937391,121938352,121937998,121938406,121944607,121937452,121936743
1754530765,128691258,121993767,121994731,121994393,121994792,122000964,121993797,121992970
1754530766,128748852,122051387,122052266,122051947,122052329,122058480,122051344,122050670
1754530767,128811182,122113739,122114675,122114286,122114702,122120856,122113773,122113050
1754530768,128869536,122171975,122171609,122172243,122172414,122178366,122171101,122170174
1754530770,128925797,122228044,122229133,122228866,122229344,122235527,122228380,122227669
1754530771,128985119,122287440,122287766,122288104,122288578,122294547,122287264,122286344
1754530772,129039549,122341823,122342896,122341542,122343092,122349255,122342128,122341385
1754530773,129100224,122402598,122403699,122403133,122403949,122410141,122402940,122402235
1754530774,129152782,122455167,122456264,122455728,122456499,122462781,122455588,122454927
1754530775,129215031,122517109,122517670,122517314,122517789,122523907,122516618,122515704
1754530776,129275510,122577811,122578944,122578408,122579071,122585331,122578191,122577491
1754530778,129336465,122638549,122639451,122638827,122639295,122645419,122638052,122637221
1754530779,129389471,122691835,122692940,122692399,122693058,122699454,122692342,122691468
1754530780,129451844,122754235,122753024,122754486,122755370,122760663,122754021,122753393
1754530781,129510727,122812981,122814034,122813336,122813849,122820253,122812906,122812430
1754530782,129571035,122873129,122873288,122872641,122873786,122879958,122872422,122871651
1754530783,129628723,122931074,122932141,122931549,122932276,122938673,122931272,122930703
1754530785,129687726,122990019,122991116,122990564,122991207,122997626,122990206,122989666
1754530786,129750848,123053153,123054266,123053700,123054362,123060750,123053351,123052788
1754530787,129807974,123110275,123111360,123110782,123111465,123117910,123110418,123109817
1754530788,129866218,123168551,123169777,123169072,123169519,123175702,123168151,123167396
1754530789,129922326,123224791,123225885,123225325,123225986,123232434,123225055,123224500
1754530790,129980394,123282935,123283970,123283384,123284107,123290554,123283074,123282522
1754530791,130040998,123343474,123344490,123343947,123344691,123351125,123343693,123343152
1754530793,130099449,123401982,123403060,123402435,123403072,123409495,123402066,123401508
1754530794,130155139,123457792,123458795,123458115,123458798,123465238,123457765,123457239
1754530795,130210238,123512441,123513374,123512829,123513536,123520216,123512399,123511830
1754530796,130269161,123571519,123572583,123572259,123572709,123579145,123571709,123571076
1754530797,130330636,123633106,123634220,123633640,123634209,123640415,123632832,123632084
1754530798,130382370,123684804,123685928,123685436,123686124,123692512,123685069,123684552
1754530800,130440171,123742570,123743681,123743168,123743652,123750215,123742809,123742202
1754530801,130495618,123798096,123799207,123798711,123799221,123805799,123798382,123797799
1754530802,130557856,123860319,123861456,123860968,123861418,123868021,123860600,123860022
1754530803,130618886,123921416,123922542,123922040,123922492,123929038,123921633,123920970
1754530804,130677029,123979432,123980585,123980079,123980592,123987236,123979763,123979185
1754530805,130737196,124039638,124040780,124040448,124040997,124047203,124040142,124039679
1754530806,130799690,124102023,124103146,124102653,124103188,124109169,124101973,124101122
1754530808,130863373,124164851,124166862,124166297,124166551,124172544,124164924,124164383
1754530809,130904515,124206973,124208070,124207609,124208034,124214243,124207206,124206430
1754530810,130964996,124267491,124268557,124268102,124268585,124274829,124267744,124267018
1754530811,131022604,124325084,124326170,124325693,124326139,124332370,124325299,124324558
1754530812,131078592,124381038,124382120,124381628,124382142,124388348,124381287,124380541
1754530813,131138419,124441238,124442333,124441817,124442212,124448430,124441388,124440640
1754530815,131195143,124497896,124498976,124498481,124498978,124505218,124498127,124497384
1754530816,131256434,124559049,124559961,124559327,124559575,124565659,124558560,124557805
1754530817,131314520,124617279,124618373,124617867,124618352,124624585,124617574,124616858
1754530818,131373144,124676039,124677138,124676605,124677042,124683342,124676272,124675534
1754530819,131433732,124736081,124737102,124736766,124737184,124743420,124736354,124735508
1754530820,131486534,124789012,124789837,124789430,124789763,124795958,124788927,124788181
1754530821,131545507,124848274,124849292,124848743,124849404,124855664,124848626,124847924
1754530823,131604970,124906756,124908277,124907623,124908127,124914124,124906917,124906101
1754530824,131663574,124966288,124967384,124966856,124967790,124973722,124966640,124965914
1754530825,131722635,125025277,125026289,125025775,125026571,125032562,125025460,125024682
1754530826,131784525,125087012,125087818,125087170,125087774,125093511,125086446,125085640
1754530827,131844000,125146723,125147626,125147123,125147990,125154047,125146929,125146185
1754530828,131906483,125209192,125210221,125209677,125210524,125216584,125209495,125208777
1754530830,131964649,125267389,125268382,125267890,125268689,125274851,125267586,125266935
1754530831,132022997,125325692,125326663,125326178,125326979,125333073,125325895,125325323
1754530832,132085337,125388111,125389027,125388496,125389256,125395366,125388210,125387095
1754530833,132141337,125443983,125444815,125444436,125445093,125450966,125443628,125442321
1754530834,132203601,125506375,125507264,125506624,125505277,125513097,125505756,125504443
1754530835,132262027,125564570,125565337,125564698,125565291,125571234,125563948,125562838
1754530836,132320105,125622666,125623430,125622793,125623383,125629267,125621506,125620622
1754530838,132380723,125683050,125683921,125683358,125684140,125690335,125683133,125682023
1754530839,132443738,125746519,125747450,125747074,125748013,125754200,125747084,125746046
1754530840,132504848,125807545,125808487,125808033,125808818,125814927,125807736,125806624
1754530841,132557508,125860084,125861032,125860404,125860986,125866880,125859540,125858250
1754530842,132598320,125901138,125902042,125901559,125902403,125908498,125901300,125900228
1754530843,132655105,125958060,125959053,125958360,125959149,125965256,125958051,125956981
1754530845,132708134,126010454,126011730,126010884,126011477,126017151,126010022,126008749
1754530846,132766179,126068546,126069778,126069083,126069531,126075418,126068069,126066801
1754530847,132820115,126122633,126124035,126123126,126123968,126130209,126122996,126121361
1754530848,132876808,126179261,126180757,126179924,126180924,126186944,126179760,126178667
1754530849,132936254,126238809,126240200,126239274,126240294,126246367,126239144,126238057
1754530850,132998200,126300538,126301802,126300765,126301510,126306397,126300100,126298823
1754530851,133051562,126354188,126355655,126354721,126355702,126361790,126354609,126353531
1754530853,133112702,126415287,126416735,126415843,126416808,126422922,126415711,126414526
1754530854,133169065,126471663,126473104,126472194,126473159,126479171,126471739,126470966
1754530855,133226227,126528779,126530238,126529413,126530356,126536478,126529255,126528110
1754530856,133283328,126585425,126587213,126586240,126587011,126593051,126585959,126584977
1754530857,133341614,126646039,126647292,126646272,126646999,126652813,126645470,126644162
1754530858,133401925,126704451,126705679,126704824,126705739,126711799,126704596,126703484
1754530860,133459848,126761009,126763459,126762457,126763163,126768992,126761643,126760332
1754530861,133519934,126822524,126823095,126822962,126823964,126830014,126822724,126821708
1754530862,133576584,126879130,126880586,126879776,126880755,126886789,126879685,126878545
1754530863,133623562,126925967,126927178,126926478,126927216,126933219,126926063,126924961
1754530864,133683879,126986602,126988083,126987301,126988195,126994224,126987040,126985954
1754530865,133736421,127039046,127039952,127039275,127039990,127045931,127038706,127037604
1754530867,133789222,127091907,127093262,127092381,127093281,127099355,127092241,127091145
1754530868,133852242,127155051,127156439,127155454,127156139,127161705,127154399,127153344
1754530869,133911032,127213947,127215454,127214313,127215225,127221280,127214088,127212983
1754530870,133965409,127268369,127269906,127268890,127269872,127275952,127268730,127267518
1754530871,134024550,127327505,127329040,127328282,127328852,127335027,127327792,127326686
1754530872,134085577,127388446,127389989,127389160,127389804,127395859,127388650,127387548
1754530873,134145874,127450780,127452334,127451366,127450253,127457743,127450380,127449087
1754530875,134201361,127504262,127505809,127504982,127505793,127511686,127504478,127503375
1754530876,134252008,127554928,127556365,127555508,127556370,127562213,127554988,127553847
1754530877,134303499,127606481,127608023,127607181,127607993,127613910,127606683,127605612
1754530878,134361050,127663952,127665470,127664642,127665434,127671274,127663966,127662837
1754530879,134422802,127725644,127724969,127725982,127726579,127732343,127725174,127723676
1754530880,134471256,127774187,127775707,127774862,127775700,127781483,127774417,127773334
1754530882,134525510,127828257,127829565,127828594,127829195,127834775,127827542,127826168
1754530883,134578315,127879520,127882372,127881399,127881997,127887580,127880365,127878996
1754530884,134620913,127923832,127925322,127924444,127925342,127931068,127923847,127922482
1754530885,134677281,127980313,127981798,127980882,127981793,127987586,127980473,127979317
1754530886,134731444,128034296,128035801,128035068,128035877,128041655,128034591,128033422
1754530887,134785052,128088005,128089508,128088663,128089498,128095269,128088197,128087058
1754530888,134837164,128139871,128141169,128140204,128140825,128146390,128139126,128137814
1754530890,134885721,128188573,128189849,128189258,128189525,128195841,128187990,128187516
1754530891,134939375,128242364,128243738,128243010,128243389,128249680,128242589,128241468
1754530892,134985322,128288361,128289885,128289032,128289841,128295635,128288555,128287399
1754530893,135048159,128351062,128352463,128351353,128352020,128357761,128350782,128349820
1754530894,135103233,128406019,128407489,128405665,128407039,128412624,128405390,128404056
1754530895,135154643,128458759,128459006,128459303,128458360,128465428,128458191,128456867
1754530897,135203923,128506832,128508600,128507556,128508441,128514214,128507138,128506013
1754530898,135260313,128563301,128565009,128563887,128564870,128570670,128563492,128562393
1754530899,135318935,128621905,128623372,128622463,128623585,128629133,128621894,128620573
1754530900,135376770,128679822,128681499,128680282,128679419,128686803,128679970,128678648
1754530901,135438643,128741632,128743325,128742266,128743146,128748980,128741856,128740770
1754530902,135493014,128796136,128797773,128796696,128797583,128803376,128796228,128795108
1754530903,135549786,128852739,128854466,128853419,128854224,128860069,128853057,128851892
1754530905,135610206,128912977,128914484,128913473,128914339,128920335,128913182,128911954
1754530906,135668225,128971008,128972505,128971337,128971934,128977565,128970447,128968525
1754530907,135726523,129029517,129031217,129030163,129031016,129036852,129029805,129028427
1754530908,135780926,129084104,129085658,129084562,129085394,129091259,129084366,129082912
1754530909,135839710,129142619,129144292,129143303,129144103,129149974,129142964,129141553
1754530910,135897875,129200869,129202571,129201558,129202318,129208150,129201198,129199771
1754530912,135952834,129255814,129257544,129256519,129257299,129263167,129256180,129254747
1754530913,136013807,129316516,129317991,129316836,129317408,129323078,129315922,129314076
1754530914,136074781,129377921,129379760,129378732,129379523,129385523,129378439,129376967
1754530915,136126970,129432687,129434173,129432204,129433572,129439250,129431932,129430476
1754530916,136186093,129489378,129491054,129490070,129490870,129496779,129489765,129488338
1754530917,136248069,129551313,129553012,129552018,129552780,129558698,129551676,129550251
1754530918,136313706,129617123,129618805,129617728,129618477,129624397,129617369,129615944
1754530920,136369429,129672425,129673484,129672895,129673472,129679175,129671996,129670380
1754530921,136429002,129732176,129733920,129732860,129733692,129739520,129732465,129731011
1754530922,136484697,129787897,129789662,129788397,129789399,129795355,129788347,129786911
1754530923,136538109,129841422,129842969,129841621,129842637,129848179,129840826,129839631
1754530924,136594680,129897963,129899674,129898419,129899482,129905391,129898329,129896942
1754530925,136650792,129954009,129955726,129954502,129955344,129961343,129954222,129952778
1754530927,136714615,130017843,130019079,130018102,130018719,130024679,130017469,130015875
1754530928,136765443,130068477,130070018,130068671,130069284,130074389,130068034,130066444
1754530929,136823893,130126931,130128470,130127129,130127695,130133716,130126452,130124901
1754530930,136885187,130188483,130190123,130188915,130189717,130195987,130188509,130187290
1754530931,136942584,130246257,130247791,130246594,130247546,130253632,130246407,130245169
1754530932,137000188,130303419,130305183,130303995,130304804,130310877,130303636,130302089
1754530934,137063327,130366458,130366821,130366652,130367252,130372020,130365728,130363991
1754530935,137115907,130419263,130420845,130419673,130420475,130426662,130419411,130417870
1754530936,137166613,130469895,130471569,130470385,130471234,130477342,130470082,130468552
1754530937,137219552,130522877,130524579,130523320,130524180,130530309,130523057,130521481
1754530938,137271889,130575114,130576131,130575468,130576304,130582419,130575142,130573562
1754530939,137322546,130625583,130627124,130625768,130626354,130632243,130624849,130623331
1754530940,137372019,130675064,130676618,130675232,130675819,130681636,130674326,130672595
1754530942,137417241,130720289,130721730,130720480,130721261,130727262,130719867,130718139
1754530943,137467063,130770113,130771608,130769132,130770865,130776773,130769372,130767644
1754530944,137521394,130824765,130826294,130825172,130824339,130830455,130824374,130822648
1754530945,137562142,130865305,130866297,130865409,130865944,130871862,130864456,130862655
1754530946,137617289,130920502,130921619,130921036,130921652,130927778,130920537,130918987
1754530947,137667671,130970846,130971830,130970914,130971474,130977408,130969962,130968327
1754530949,137709912,131013090,131013728,131013157,131013870,131019735,131012451,131010931
1754530950,137763913,131067244,131068359,131067552,131068283,131074430,131067226,131065557
1754530951,137811493,131114681,131116828,131114737,131115239,131121226,131113820,131112275
1754530952,137870566,131173761,131174749,131173360,131174307,131180323,131172898,131171166
1754530953,137923531,131226748,131227734,131226794,131227292,131233310,131225904,131224153
1754530954,137983033,131286470,131287634,131286803,131287551,131293774,131286498,131284563
1754530955,138037251,131340501,131341485,131340544,131341044,131346402,131339375,131337972
1754530957,138087102,131390309,131391306,131389834,131390849,131396439,131389369,131387926
1754530958,138150466,131453916,131454997,131454216,131454937,131460948,131453675,131452076
1754530959,138205301,131508757,131509918,131509103,131509833,131515865,131508508,131506953
1754530960,138261411,131564666,131565841,131565129,131565879,131571856,131564563,131562965
1754530961,138309186,131612439,131613422,131612458,131612954,131618777,131611274,131609543
1754530962,138372228,131675657,131676785,131675917,131676603,131682635,131675308,131673760
1754530964,138432699,131735927,131737063,131736277,131736972,131742993,131735659,131734100
1754530965,138488179,131791666,131792647,131791695,131792183,131797959,131790128,131788737
1754530966,138548260,131851729,131852839,131852006,131852587,131858502,131851189,131849664
1754530967,138607204,131910803,131911972,131911199,131911950,131917991,131910602,131909066
1754530968,138666571,131970131,131971305,131970404,131971056,131976984,131969647,131968143
1754530969,138728153,132031771,132032449,132031585,132032093,132037923,132030431,132028703
1754530971,138783158,132086673,132087670,132086914,132087588,132093591,132086253,132084715
1754530972,138839056,132142469,132143343,132141955,132142972,132148749,132141253,132139529
1754530973,138880734,132184352,132185414,132184592,132185147,132190992,132182713,132181792
1754530974,138937112,132240803,132241140,132240961,132241773,132247679,132240322,132238852
1754530975,138992187,132295644,132296684,132296013,132296518,132302713,132295393,132293872
1754530976,139044596,132348276,132348079,132348367,132348609,132354675,132347187,132345489
1754530977,139095456,132399135,132400195,132399380,132399857,132406086,132398772,132397252
1754530979,139150599,132453001,132454899,132453979,132454232,132460287,132453084,132451121
1754530980,139205636,132509172,132510202,132509438,132509907,132516406,132508942,132507262
1754530981,139258475,132561904,132560327,132559516,132562109,132568359,132560781,132559044
1754530982,139303704,132607325,132608402,132607635,132608104,132614470,132607033,132605268
1754530983,139354292,132657913,132658986,132658193,132658663,132665116,132657696,132655907
1754530984,139404729,132708434,132709424,132708654,132709196,132715667,132708193,132706445
1754530986,139455859,132759531,132760606,132759819,132759122,132766727,132759307,132757462
1754530987,139500044,132803719,132804807,132803975,132804470,132810984,132803511,132801729
1754530988,139546206,132847988,132850161,132848682,132849497,132855743,132848155,132846210
1754530989,139587450,132891016,132892053,132891288,132891710,132897965,132890397,132888454
1754530990,139643701,132946601,132948175,132947360,132947598,132953845,132946252,132944313
1754530991,139691646,132995002,132995862,132994947,132995191,133001432,132993766,132991900
1754530992,139740862,133044369,133045589,133044931,133045492,133052034,133044752,133043067
1754530994,139800492,133104009,133105119,133104257,133104694,133111159,133103717,133101993
1754530995,139852250,133155335,133156289,133154313,133155804,133162045,133154458,133152522
1754530996,139899892,133203191,133204263,133203810,133204164,133210631,133203248,133201547
1754530997,139960089,133263185,133264142,133263239,133263591,133269893,133262308,133260368
1754530998,140011218,133314505,133315644,133315007,133315358,133321792,133314369,133312629
1754530999,140070094,133373488,133374627,133373990,133374453,133380612,133373213,133371676
1754531001,140127951,133431226,133432372,133431723,133432091,133438637,133431162,133429352
1754531002,140185157,133488433,133489626,133489004,133489354,133495931,133488457,133486759
1754531003,140234257,133537649,133538717,133537939,133538081,133544475,133536551,133534961
1754531004,140291891,133595286,133598261,133595242,133596225,133602743,133595651,133593647
1754531005,140348598,133651723,133652661,133651202,133652010,133658477,133650718,133648888
1754531006,140396036,133699382,133700486,133699779,133700004,133706333,133699213,133697728
1754531008,140457304,133760619,133760961,133761048,133761444,133768215,133760804,133758879
1754531009,140516824,133820217,133821328,133820667,133821031,133827595,133820091,133818365
1754531010,140567666,133870882,133872036,133871454,133871749,133878345,133870871,133869108
1754531011,140625447,133928598,133929509,133928741,133928868,133934838,133927571,133925618
1754531012,140682048,133985464,133986567,133985898,133986259,133992850,133985341,133983587
1754531013,140741815,134044769,134044790,134044917,134045032,134051395,134043750,134041808
1754531014,140799511,134102864,134103775,134103012,134103135,134109042,134101860,134100108
1754531016,140854146,134157635,134158741,134158143,134158553,134165213,134157685,134156096
1754531017,140910391,134213744,134214657,134213891,134214012,134220369,134212722,134210197
1754531018,140967974,134270027,134272472,134271838,134272112,134278464,134270815,134268873
1754531019,141022998,134326752,134327682,134326964,134327345,134333896,134326331,134324621
1754531020,141083881,134387153,134387708,134386801,134387517,134393852,134386206,134384357
1754531021,141139657,134443021,134443565,134443299,134443375,134449715,134440892,134440137
1754531023,141197297,134500864,134501477,134501065,134501480,134507960,134500470,134498759
1754531024,141252858,134556267,134556969,134556708,134557172,134563693,134556188,134554472
1754531025,141316207,134619517,134620060,134619626,134619949,134626603,134619143,134617418
1754531026,141377332,134680647,134679986,134679192,134680874,134687323,134679681,134677759
1754531027,141435420,134739066,134739654,134739323,134739830,134746421,134739003,134737272
1754531028,141491776,134796833,134797352,134796835,134797062,134803494,134795987,134793929
1754531029,141551912,134855178,134855860,134855545,134856019,134862567,134855550,134853361
1754531031,141609658,134913086,134913774,134913456,134913856,134920317,134913119,134911238
1754531032,141673455,134977050,134977736,134977338,134977800,134984294,134977036,134975035
1754531033,141727729,135031456,135032011,135031524,135031826,135038307,135031129,135028907
1754531034,141787775,135093554,135094264,135093924,135094379,135100929,135093642,135091406
1754531035,141846509,135149863,135150394,135149965,135150244,135156625,135149521,135147386
1754531036,141901657,135205212,135205962,135205528,135205967,135212463,135205162,135202895
1754531038,141966440,135270086,135270860,135270435,135270852,135277335,135270189,135268014
1754531039,142024019,135327165,135326253,135327190,135327362,135333632,135326258,135323869
1754531040,142081906,135385578,135386144,135385603,135385771,135392046,135384858,135382701
1754531041,142137177,135440707,135441443,135441033,135441463,135447934,135440701,135438540
1754531042,142195258,135498735,135499534,135499211,135499581,135506093,135498859,135496649
1754531043,142251038,135554466,135555471,135554862,135555198,135561705,135554467,135552305
1754531044,142311942,135615339,135616368,135615781,135616128,135622534,135615308,135613147
1754531046,142368030,135671396,135672390,135670746,135672343,135678852,135671553,135669261
1754531047,142425486,135729088,135730182,135729603,135730180,135736660,135729387,135727219
1754531048,142485477,135787731,135789452,135788694,135789106,135795390,135788172,135785903
1754531049,142543487,135846767,135847705,135847118,135847724,135854181,135846930,135844770
1754531050,142598774,135902151,135903165,135902570,135903009,135909557,135902307,135900135
1754531051,142659016,135962912,135963691,135962938,135963183,135969589,135962177,135959829
1754531053,142716873,136018641,136019643,136020488,136021088,136027661,136020269,136017927
1754531054,142772310,136075732,136076685,136076074,136076540,136083076,136075637,136073648
1754531055,142835405,136138891,136139785,136139229,136139749,136146393,136138857,136136701
1754531056,142889361,136192580,136193405,136192604,136192843,136199148,136191746,136189437
1754531057,142950744,136254194,136255201,136254548,136255046,136261567,136254245,136251977
1754531058,143011021,136314398,136315393,136314782,136315236,136321729,136314427,136312071
1754531060,143070347,136373757,136374828,136374209,136374629,136381211,136373863,136371589
1754531061,143130539,136434133,136435157,136433700,136434984,136441561,136434276,136431793
1754531062,143171138,136474364,136475149,136474375,136474617,136480369,136473473,136470983
1754531063,143222797,136526090,136527075,136526444,136526890,136533403,136526102,136523795
1754531064,143280768,136584087,136584990,136584384,136584815,136591361,136584024,136581774
1754531065,143339178,136643349,136644122,136643355,136643612,136649908,136642450,136639979
1754531066,143398310,136701517,136701621,136701523,136701777,136708297,136700943,136698505
1754531068,143454781,136758197,136759105,136758482,136759035,136765536,136758183,136755925
1754531069,143516617,136820099,136820110,136820202,136820710,136827235,136819835,136817630
1754531070,143577450,136880769,136881659,136881027,136881269,136886728,136879314,136877649
1754531071,143636216,136939598,136940561,136940018,136940427,136946951,136939644,136937376
1754531072,143692719,136996060,136996998,136996317,136996907,137003447,136996163,136993866
1754531073,143754517,137057680,137058451,137057606,137058045,137064366,137056921,137054430
1754531075,143810589,137113616,137114385,137113638,137114486,137120789,137113433,137111021
1754531076,143862662,137166018,137166821,137165978,137166331,137172746,137165293,137161487
1754531077,143921000,137224201,137224967,137224126,137224584,137231142,137223940,137221605
1754531078,143984362,137286460,137288257,137287428,137287765,137294186,137286727,137284243
1754531079,144044137,137347591,137348519,137347799,137348369,137354935,137347614,137345268
1754531080,144103735,137407097,137407727,137406056,137407803,137414777,137405114,137404885
1754531081,144163491,137466890,137467824,137467099,137467698,137474436,137466705,137462831
1754531083,144221280,137524434,137525098,137524354,137524680,137531171,137523407,137520865
1754531084,144282929,137586272,137587198,137586534,137587049,137593687,137586076,137583721
1754531085,144342823,137646198,137647125,137646446,137647006,137653659,137645994,137643670
1754531086,144400901,137704216,137705175,137704599,137705100,137711846,137704274,137701933
1754531087,144460558,137764024,137764892,137764217,137764747,137771317,137763810,137761468
1754531088,144520180,137823496,137824413,137823774,137824273,137831034,137823388,137821077
1754531090,144578793,137882291,137883119,137882457,137882964,137889706,137882073,137879726
1754531091,144638583,137942279,137943183,137942549,137943057,137949787,137942166,137939845
1754531092,144695506,137999119,137999979,137999268,137999839,138006450,137998773,137996462
1754531093,144755582,138058998,138059711,138058903,138059200,138065826,138058279,138055927
1754531094,144815572,138119326,138120192,138119315,138119824,138126541,138118840,138116548
1754531095,144875897,138179449,138180365,138179706,138180224,138186966,138179316,138177013
1754531096,144935963,138239572,138240319,138239869,138240364,138247129,138239445,138237191
1754531098,144992689,138296261,138297144,138296443,138296984,138303735,138296079,138293787
1754531099,145049642,138353233,138354069,138353394,138354215,138360640,138353022,138350844
1754531100,145107346,138411495,138411850,138411309,138411573,138418281,138410498,138408148
1754531101,145168113,138471811,138472553,138471865,138472580,138479222,138471525,138469252
1754531102,145226541,138529939,138530602,138529323,138530260,138536724,138528902,138526431
1754531103,145283417,138587038,138587883,138587159,138587894,138594513,138586851,138584557
1754531105,145338680,138642275,138643140,138642465,138643162,138649818,138642168,138639835
1754531106,145400175,138704218,138704899,138704223,138704834,138711040,138703379,138701430
1754531107,145461288,138764712,138765386,138764525,138765007,138771166,138763427,138761335
1754531108,145520020,138823707,138824520,138823058,138824503,138830914,138823276,138821284
1754531109,145574218,138877901,138878714,138877962,138878711,138884980,138877339,138875306
1754531110,145617143,138920719,138921379,138920520,138920995,138927175,138918189,138917205
1754531111,145672504,138975925,138976601,138975743,138976215,138982398,138974644,138972429
1754531113,145729906,139033585,139034422,139033677,139034386,139040817,139033203,139031192
1754531114,145790536,139094088,139094858,139092809,139093611,139100657,139092898,139090689
1754531115,145849495,139153268,139154069,139153302,139154141,139160562,139152912,139150901
1754531116,145907650,139211425,139212281,139211561,139212241,139218645,139211094,139209097
1754531117,145967420,139271179,139271968,139271218,139271829,139278151,139270580,139268591
1754531118,146027500,139330730,139332045,139331292,139331957,139338408,139330714,139328782
1754531120,146083879,139387709,139388201,139385431,139387932,139394123,139386362,139384179
1754531121,146139296,139442731,139443283,139442605,139443152,139449346,139441592,139439403
1754531122,146201837,139505445,139506214,139505620,139506331,139512624,139504954,139502768
1754531123,146254545,139558136,139558828,139558065,139558950,139565359,139557664,139555592
1754531124,146313837,139619870,139620426,139619499,139620301,139626487,139618713,139616527
1754531125,146372715,139676368,139675864,139676241,139677034,139683630,139676025,139673842
1754531126,146432345,139736063,139736708,139735901,139736691,139743314,139735640,139733675
1754531128,146494449,139798153,139798908,139798099,139798861,139805487,139797838,139795870
1754531129,146549119,139852889,139853518,139852808,139853647,139860271,139852661,139848452
1754531130,146605477,139909113,139909855,139909074,139909714,139916250,139908423,139906371
1754531131,146662214,139965714,139966292,139965329,139965892,139972379,139964803,139962999
1754531132,146724650,140028492,140028203,140028375,140028903,140035243,140027407,140025146
1754531133,146787219,140091019,140091717,140090914,140091676,140098266,140090550,140088440
1754531135,146845455,140149214,140149889,140149076,140149904,140156366,140148688,140146546
1754531136,146905053,140208622,140209144,140208228,140208769,140215117,140207251,140204960
1754531137,146962874,140266645,140266496,140266452,140267233,140273842,140266092,140263981
1754531138,147021218,140325044,140325752,140324964,140325731,140332312,140324574,140322490
1754531139,147086436,140390187,140390886,140390042,140390737,140397334,140389644,140387543
1754531140,147140933,140444689,140445386,140444649,140445432,140452031,140444294,140442193
1754531142,147199701,140503322,140503833,140502980,140503674,140510258,140502563,140500450
1754531143,147259967,140563899,140564433,140563610,140564430,140570883,140563117,140561013
1754531144,147318858,140622673,140623352,140622379,140622968,140629551,140621868,140619778
1754531145,147370286,140673997,140674615,140673861,140674709,140680817,140673604,140671516
1754531146,147427659,140731438,140731937,140731233,140731798,140738696,140730969,140728869
1754531147,147483947,140787691,140788328,140787312,140788360,140794853,140787084,140784900
1754531148,147544464,140848335,140848899,140847819,140848968,140855597,140847809,140845738
1754531150,147603197,140906856,140907279,140906130,140907092,140913413,140905467,140903273
1754531151,147661877,140965658,140966288,140965312,140966253,140973053,140965270,140962442
1754531152,147719875,141023672,141024308,141023288,141024158,141030950,141023201,141021129
1754531153,147782724,141086193,141086743,141085675,141086433,141093181,141085493,141083431
1754531154,147843575,141147460,141147897,141146915,141147774,141154569,141146835,141144764
1754531155,147901940,141205790,141206143,141205185,141205978,141212814,141204888,141203004
1754531157,147959545,141261127,141263959,141262900,141263551,141270031,141262056,141259969
1754531158,148015060,141318675,141319183,141318160,141318980,141325681,141317795,141315614
1754531159,148067862,141371480,141371880,141370752,141371390,141377886,141369988,141367649
1754531160,148127627,141431454,141432030,141431015,141430699,141438635,141430745,141428525
1754531161,148188847,141492758,141493324,141492248,141491444,141498098,141491398,141488944
1754531162,148249478,141553298,141553785,141552744,141553371,141559878,141551888,141549439
1754531163,148304035,141609158,141609545,141608420,141609045,141615554,141607562,141605115
1754531165,148363177,141667317,141667707,141666568,141667305,141674041,141666218,141663961
1754531166,148426465,141730610,141731009,141729862,141730479,141736552,141729009,141726571
1754531167,148481520,141785737,141786232,141785085,141785700,141792218,141784230,141781794
1754531168,148540745,141845070,141845597,141844575,141845446,141852202,141844311,141842114
1754531169,148597665,141902044,141902159,141901071,141901680,141908204,141900213,141897895
1754531170,148655531,141959970,141960329,141959495,141960273,141967033,141959157,141956968
1754531172,148715726,142020125,142020509,142019691,142020396,142027178,142019303,142017073
1754531173,148774029,142078442,142078880,142077790,142078722,142085525,142077650,142075439
1754531174,148834182,142138606,142139034,142137972,142138888,142145659,142137803,142135559
1754531175,148893897,142198279,142198715,142197675,142198449,142205319,142197474,142195232
1754531176,148950939,142255382,142255120,142254741,142255326,142262050,142254157,142251924
1754531177,149008146,142312610,142312992,142311886,142312739,142317272,142311722,142309476
1754531178,149065445,142369852,142370179,142369164,142369919,142376871,142369234,142367024
1754531180,149126927,142431275,142431716,142430666,142431429,142438393,142430568,142428158
1754531181,149183893,142488299,142488583,142487432,142488118,142494987,142487169,142484934
1754531182,149244149,142548357,142548203,142547415,142547960,142554671,142546821,142544516
1754531183,149305274,142608796,142609705,142608544,142609085,142615717,142607827,142605282
1754531184,149361640,142666825,142667018,142665865,142666396,142673039,142665087,142662464
1754531185,149415197,142719601,142719889,142718827,142719502,142726388,142718617,142716108
1754531187,149470113,142774571,142774946,142773926,142774688,142781560,142773731,142771304
1754531188,149531185,142835709,142836001,142834935,142835600,142842455,142834665,142832185
1754531189,149589098,142893280,142893560,142892549,142893325,142900196,142892370,142889895
1754531190,149649251,142953531,142953873,142952835,142953642,142960500,142952664,142950166
1754531191,149704105,143008384,143008778,143007821,143008591,143015439,143007614,143005138
1754531192,149765876,143070191,143070527,143069477,143070271,143077130,143069299,143066838
1754531194,149827389,143131547,143130705,143130547,143131095,143137735,143129759,143127152
1754531195,149884757,143189125,143189557,143188385,143189190,143196040,143188194,143185725
1754531196,149944738,143248958,143249342,143248354,143249077,143255938,143248099,143245568
1754531197,149999195,143303372,143303837,143302946,143303553,143310350,143302518,143300053
1754531198,150055720,143359396,143359983,143358878,143359712,143366526,143358888,143356298
1754531199,150114792,143418800,143419054,143417860,143418512,143425027,143417168,143414512
1754531200,150177263,143481449,143481836,143480804,143481417,143488425,143480561,143477951
1754531202,150233751,143538267,143538601,143537422,143537985,143545007,143537218,143534739
1754531203,150292080,143595281,143594204,143594644,143595339,143602398,143594484,143591822
1754531204,150348215,143652156,143652937,143651853,143652489,143659528,143651733,143649210
1754531205,150405437,143709792,143710225,143709145,143709819,143716814,143708916,143706607
1754531206,150460638,143765037,143765339,143764231,143764912,143771708,143763879,143761785
1754531207,150521099,143824379,143825734,143824544,143823665,143831541,143822834,143821202
1754531209,150584774,143888815,143889071,143887876,143886634,143894869,143886875,143884388
1754531210,150638045,143942308,143942825,143941808,143942410,143949229,143941375,143939094
1754531211,150697365,144001571,144002023,144000991,144001422,144007986,143999671,143997504
1754531212,150756273,144060567,144059543,144059800,144060495,144067298,144059438,144057167
1754531213,150816469,144120750,144121206,144120105,144120787,144127537,144119596,144117340
1754531214,150877171,144181478,144181741,144180531,144180950,144187530,144179512,144177113
1754531215,150935231,144239820,144240235,144239150,144239846,144246675,144238801,144236501
1754531217,150993360,144297949,144298411,144297378,144297995,144304818,144296926,144294683
1754531218,151051221,144355817,144356246,144355148,144355843,144362653,144354764,144352518
1754531219,151109459,144413971,144414186,144412956,144413356,144419960,144411938,144409574
1754531220,151167029,144471480,144471823,144470885,144471548,144478336,144470384,144468157
1754531221,151225678,144530070,144530546,144529714,144530273,144537075,144529208,144526959
1754531222,151280627,144584093,144585088,144583935,144584521,144591132,144583106,144580658
1754531224,151337010,144641946,144642196,144641053,144641617,144648232,144640211,144637759
1754531225,151396790,144701017,144701266,144700131,144700291,144707302,144699288,144696827
1754531226,151452961,144757258,144757715,144756851,144757676,144764504,144756633,144754382
1754531227,151510621,144814951,144815201,144814065,144814566,144821245,144812439,144810761
1754531228,151566693,144871193,144870919,144870573,144871285,144878119,144870291,144868035
1754531229,151622996,144927415,144927868,144926891,144927588,144934456,144926753,144924264
1754531231,151678731,144983382,144984071,144983042,144983531,144990345,144982308,144979736
1754531232,151731637,145036073,145036444,145035485,145036192,145042973,145035331,145032973
1754531233,151784535,145089008,145089361,145088347,145089094,145094341,145088169,145085608
1754531234,151846094,145150384,145150617,145149494,145149963,145156526,145148744,145145977
1754531235,151901927,145206439,145206712,145203584,145206561,145213390,145205696,145203222
1754531236,151957811,145262346,145262749,145261776,145262448,145269177,145261477,145258824
1754531237,152015439,145319989,145320406,145319483,145320165,145326990,145319414,145316870
1754531239,152076076,145380372,145380826,145379821,145380477,145387302,145379663,145377067
1754531240,152130290,145435068,145435318,145434189,145434632,145441204,145433440,145430898
1754531241,152188853,145493262,145493707,145492826,145493447,145500229,145492621,145490033
1754531242,152250174,145554792,145555199,145554166,145554892,145559846,145554049,145551457
1754531243,152295626,145600100,145600515,145599500,145600116,145606891,145599260,145596621
1754531244,152342170,145646782,145647322,145646068,145646605,145653550,145645916,145643437
1754531246,152399412,145703575,145706038,145705293,145705993,145712775,145705003,145702226
1754531247,152460741,145765228,145765569,145764765,145765375,145772201,145764534,145761969
1754531248,152518627,145822914,145823021,145821829,145822663,145829537,145821980,145819407
1754531249,152579626,145884160,145884447,145883335,145884403,145891074,145883430,145880871
1754531250,152639899,145944199,145944306,145943108,145943706,145949821,145942626,145939870
1754531251,152698043,146002353,146002452,146001263,146001715,146008658,146000879,145998125
1754531252,152757292,146061799,146062117,146061029,146061713,146068717,146061082,146058532
1754531254,152814133,146118454,146118505,146117471,146118105,146125098,146117471,146114909
1754531255,152864871,146169463,146169686,146168602,146169370,146176381,146168970,146166210
1754531256,152922939,146227428,146227722,146226682,146227312,146234521,146225331,146224116
1754531257,152979503,146284037,146284301,146283243,146283925,146290909,146283128,146280628
1754531258,153033737,146337805,146338566,146337389,146337825,146344641,146336742,146333743
1754531259,153092477,146396974,146397245,146396198,146396875,146403776,146395963,146393117
1754531261,153154347,146458703,146458762,146457662,146458021,146464913,146457007,146454014
1754531262,153211520,146516102,146516347,146515319,146515982,146523037,146515260,146512398
1754531263,153270511,146574872,146574928,146573758,146574266,146581282,146573543,146570770
1754531264,153327879,146632341,146632518,146631443,146632149,146639192,146631393,146628570
1754531265,153384639,146689385,146689568,146688536,146689201,146696253,146688487,146685722
1754531266,153444595,146749138,146749400,146748344,146748785,146755773,146748039,146745291
1754531267,153503783,146808527,146808795,146807711,146806177,146815480,146807683,146804741
1754531269,153560139,146864710,146864758,146863615,146864200,146871253,146863471,146860658
1754531270,153624746,146929475,146929682,146928543,146929170,146936246,146928489,146925727
1754531271,153681310,146985799,146986279,146985193,146985861,146992924,146985162,146982405
1754531272,153740926,147045352,147045876,147044827,147045431,147052496,147044721,147041970
1754531273,153797373,147101822,147102323,147101117,147102021,147109060,147101291,147098561
1754531274,153858730,147163308,147163640,147162256,147163090,147169737,147161816,147158921
1754531276,153916033,147220569,147218676,147219741,147220633,147227493,147219570,147216634
1754531277,153976367,147280873,147281416,147280143,147280908,147287973,147280177,147277497
1754531278,154034642,147339044,147339273,147338364,147339039,147345899,147337976,147335047
1754531279,154090054,147394555,147394966,147393687,147394477,147401496,147393755,147391105
1754531280,154143159,147447491,147447902,147446695,147447501,147454563,147446659,147444010
1754531281,154205405,147509846,147510388,147509134,147509948,147517017,147508976,147506511
1754531282,154259249,147563603,147563875,147562553,147563151,147569998,147561851,147559316
1754531284,154320373,147624672,147625014,147623612,147624203,147631089,147623051,147620529
1754531285,154378754,147683084,147683428,147682026,147682621,147689163,147681337,147678633
1754531286,154436164,147740842,147741184,147739782,147740380,147746041,147739096,147736389
1754531287,154491077,147795552,147796095,147794821,147795553,147802573,147794618,147792114
1754531288,154553852,147858313,147858835,147856777,147858381,147865442,147857456,147854797
1754531289,154611342,147915466,147915761,147914365,147914956,147921956,147913988,147911472
1754531291,154669850,147974348,147974593,147973630,147974452,147981562,147973546,147970975
1754531292,154729240,148033556,148033889,148032489,148033076,148039972,148031808,148028085
1754531293,154787319,148091631,148090724,148090564,148091148,148098046,148089880,148087182
1754531294,154840701,148145131,148145746,148144404,148145172,148152283,148144260,148141747
1754531295,154903492,148207647,148207952,148206699,148207311,148214288,148206132,148203439
1754531296,154958325,148262564,148263036,148261945,148262589,148269705,148261727,148259225
1754531297,155015329,148319548,148320156,148318705,148319847,148326947,148319032,148316537
1754531299,155074693,148378735,148379129,148377494,148378447,148384550,148377262,148374577
1754531300,155130548,148434594,148434992,148433352,148434546,148441538,148433118,148430755
1754531301,155192384,148496596,148497187,148495664,148496592,148503990,148495973,148493497
1754531302,155251432,148555717,148555744,148554664,148555484,148562736,148554518,148551007
1754531303,155309300,148613350,148613743,148612116,148612668,148620058,148611905,148609273
1754531304,155365471,148669567,148670134,148668792,148669634,148677055,148669046,148666547
1754531306,155418290,148722330,148722730,148721103,148721822,148729119,148720519,148718224
1754531307,155471898,148776968,148777557,148776079,148776970,148784199,148776011,148773898
1754531308,155531629,148835866,148836478,148834996,148835866,148843195,148834950,148832543
1754531309,155592944,148897183,148897758,148896279,148897161,148904410,148896197,148893870
1754531310,155650617,148954827,148955407,148954020,148954914,148962245,148954025,148951630
1754531311,155683819,148988012,148988322,148989113,148988152,148995540,148987344,148984900
1754531312,155740727,149045012,149045590,149044078,149044975,149052179,149044032,149041640
1754531314,155800691,149104936,149105491,149104070,149105047,149111686,149104046,149101606
1754531315,155859777,149163711,149164293,149162850,149163778,149171110,149162859,149160482
1754531316,155917181,149220658,149221392,149219745,149220427,149227530,149219144,149216573
1754531317,155977173,149281077,149281452,149279817,149280494,149287610,149279209,149276638
1754531318,156034183,149338111,149338727,149337254,149338111,149345460,149337213,149334852
1754531319,156093409,149397290,149397583,149395987,149396585,149403779,149395308,149392813
1754531321,156155199,149459072,149459433,149458216,149459094,149466429,149458189,149455812
1754531322,156212878,149516575,149516752,149515512,149516160,149523251,149514857,149512285
1754531323,156266739,149570657,149571039,149569712,149570696,149578037,149569772,149567424
1754531324,156328249,149632183,149631002,149631072,149631958,149638113,149630709,149628136
1754531325,156385349,149689288,149689623,149688355,149689241,149696777,149688599,149686234
1754531326,156442435,149746414,149746763,149745503,149746204,149753888,149745671,149743296
1754531328,156505242,149808735,149809142,149807652,149808140,149815638,149807291,149804736
1754531329,156563650,149867387,149867583,149866214,149866904,149874539,149866283,149863946
1754531330,156622766,149926698,149927021,149925675,149926382,149934089,149925823,149923261
1754531331,156683943,149987133,149988201,149984735,149987465,149995386,149986690,149982418
1754531332,156739259,150043135,150043445,150042070,150042713,150050251,150042028,150039884
1754531333,156798362,150102332,150102736,150101377,150102110,150109758,150101486,150099149
1754531334,156855973,150159469,150159887,150158398,150158869,150166305,150157908,150155363
1754531336,156917171,150220932,150221086,150219698,150220442,150228072,150219802,150217489
1754531337,156972318,150276085,150276235,150274750,150275232,150282659,150274359,150271834
1754531338,157032717,150336761,150337026,150335632,150336241,150343838,150335617,150333285
1754531339,157089348,150393293,150393616,150392284,150392949,150400572,150392286,150389815
1754531340,157150039,150454552,150454780,150453443,150454276,150461857,150452235,150449835
1754531341,157203381,150507621,150507857,150506550,150507265,150514873,150506533,150504250
1754531343,157259910,150564134,150564451,150563122,150563798,150571382,150563147,150560778
1754531344,157316911,150621090,150621469,150620151,150620835,150628502,150620256,150617892
1754531345,157373160,150675524,150677600,150675387,150676398,150683855,150674266,150672900
1754531346,157422134,150726102,150726710,150725284,150725984,150733656,150725397,150723055
1754531347,157478296,150782318,150782833,150781579,150782075,150789536,150781118,150778583
1754531348,157537170,150840993,150841451,150839594,150840410,150847876,150839455,150836968
1754531349,157594925,150898709,150897458,150897351,150898275,150905633,150897209,150894681
1754531351,157652522,150956485,150957221,150955589,150956497,150964226,150956025,150953712
1754531352,157712373,151017157,151017647,151015794,151016485,151024075,151015647,151013125
1754531353,157770184,151074180,151074854,151073108,151074042,151081788,151073602,151071255
1754531354,157827868,151131869,151132463,151130752,151131684,151139342,151131115,151128741
1754531355,157887309,151191412,151192050,151190282,151191139,151198917,151190901,151188357
1754531356,157945710,151249512,151249999,151248141,151248428,151256309,151247990,151245512
1754531358,158002591,151306615,151307280,151305542,151306492,151314170,151306014,151303672
1754531359,158060509,151364613,151365266,151363546,151364471,151372186,151363967,151361430
1754531360,158117583,151421676,151422348,151420626,151421521,151429232,151421073,151418581
1754531361,158180873,151484829,151485514,151483815,151484814,151491881,151484257,151481700
1754531362,158237717,151541886,151542543,151540749,151541801,151549441,151541376,151538911
1754531363,158293932,151598081,151598710,151597006,151598029,151605753,151597704,151595290
1754531364,158353791,151657889,151658452,151656735,151657647,151665359,151657163,151654602
1754531366,158414684,151718777,151719342,151717666,151718557,151726323,151718115,151715643
1754531367,158474221,151778431,151779131,151777345,151778305,151783807,151777805,151775380
1754531368,158533901,151837972,151838420,151836559,151837236,151844619,151836729,151834053
1754531369,158591972,151896123,151895567,151894634,151895311,151902846,151894484,151891816
1754531370,158652791,151957201,151957514,151955852,151956780,151964548,151956304,151953837
1754531371,158706308,152010141,152011015,152009398,152010337,152018034,152009915,152007466
1754531373,158761167,152065435,152065882,152064180,152065205,152072956,152064743,152062268
1754531374,158815586,152119836,152120147,152118273,152119389,152127042,152118816,152116370
1754531375,158874441,152178546,152178745,152176759,152177989,152185351,152176976,152174333
1754531376,158934418,152238541,152238847,152237055,152238281,152245996,152237771,152235312
1754531377,158990274,152294480,152294873,152292727,152293595,152301485,152293100,152290454
1754531378,159037800,152341875,152342069,152340092,152340475,152348681,152340298,152337735
1754531379,159095891,152399971,152400163,152398260,152399155,152407049,152398753,152396119
1754531381,159154143,152458429,152458845,152457007,152458285,152466031,152457650,152455182
1754531382,159208386,152512663,152513028,152511177,152512339,152519755,152511601,152509261
1754531383,159269985,152572214,152572602,152570767,152572076,152579560,152571476,152568545
1754531384,159326169,152630470,152630786,152628932,152630146,152637680,152629640,152626741
1754531385,159386301,152690398,152690598,152687702,152689607,152696919,152688655,152685565
1754531386,159442336,152746608,152747006,152745155,152746356,152753896,152745760,152742879
1754531388,159500519,152804935,152805323,152803429,152804661,152812181,152804059,152801285
1754531389,159558297,152862662,152863040,152861183,152862406,152869944,152861792,152858923
1754531390,159612559,152917074,152917482,152915734,152916920,152924452,152916324,152913387
1754531391,159671862,152975792,152976713,152974759,152976080,152983646,152975458,152972553
1754531392,159726299,153030806,153031109,153029304,153030462,153038015,153029889,153026943
1754531393,159784149,153088733,153089061,153087132,153088245,153095572,153087285,153084208
1754531394,159838587,153143161,153143625,153141670,153142943,153150572,153142468,153139607
1754531396,159899337,153203795,153204148,153202325,153203649,153211210,153203042,153200162
1754531397,159958631,153262835,153263028,153261150,153262248,153269596,153261384,153258358
1754531398,160014733,153319130,153319515,153317561,153319033,153326615,153318511,153315639
1754531399,160075738,153380171,153380553,153378497,153377905,153387651,153379382,153376578
1754531400,160132287,153436713,153437115,153435174,153436441,153444112,153435938,153433094
1754531401,160188604,153493357,153493343,153491229,153492331,153499377,153491287,153488735
1754531403,160249713,153554428,153554229,153552745,153553959,153561875,153553642,153550784
1754531404,160303357,153607823,153608173,153606253,153607409,153615300,153607071,153604166
1754531405,160367137,153671540,153671753,153669747,153671005,153678708,153670480,153667348
1754531406,160423154,153727629,153727973,153726023,153727212,153735030,153726546,153724122
1754531407,160480608,153784853,153785030,153782951,153783872,153791206,153782855,153780387
1754531408,160539139,153843031,153843937,153841905,153843086,153850406,153842477,153839778
1754531409,160602477,153906970,153907267,153905350,153906524,153914088,153905872,153903223
1754531411,160660171,153964627,153965045,153963091,153964200,153971764,153963538,153960843
1754531412,160718553,154022922,154023193,154021339,154022551,154030090,154021836,154019185
1754531413,160763794,154068338,154068702,154066689,154067924,154075447,154067212,154064568
1754531414,160818743,154122681,154122975,154120867,154121868,154129354,154121161,154118505
1754531415,160880958,154185621,154185964,154183887,154185136,154192525,154184245,154181593
1754531416,160938400,154242956,154243346,154241326,154242522,154250065,154241806,154239193
1754531418,160997901,154302329,154302515,154300476,154301400,154308748,154300354,154297447
1754531419,161057236,154361840,154362200,154360246,154361384,154368988,154360684,154358120
1754531420,161114933,154419464,154420000,154417898,154419022,154426610,154418313,154415717
1754531421,161174344,154480741,154481176,154479239,154480451,154487971,154479705,154476997
1754531422,161227595,154531676,154532041,154530340,154531023,154538379,154529976,154527165
1754531423,161288224,154592513,154593154,154591206,154592400,154599986,154591810,154589201
1754531424,161348663,154652767,154652630,154651043,154652241,154659461,154651123,154648469
1754531426,161410713,154715098,154715625,154713607,154714976,154722529,154714222,154711556
1754531427,161468282,154774229,154774578,154772510,154773542,154780926,154772513,154769746
1754531428,161526073,154830481,154830983,154829008,154830337,154837831,154829649,154827064
1754531429,161580736,154885118,154885463,154883392,154884415,154891818,154882139,154880635
1754531430,161640872,154945216,154945752,154943826,154945048,154952717,154944589,154941979
1754531431,161699396,155003647,155004135,155002241,155003467,155010845,155002651,155000272
1754531433,161755833,155060335,155060937,155059034,155060242,155067619,155059418,155056977
1754531434,161816341,155120644,155121163,155119254,155120463,155127843,155119559,155116953
1754531435,161874035,155178204,155178599,155176742,155178011,155185362,155177106,155174538
1754531436,161932098,155236508,155237031,155235113,155236304,155243666,155235417,155232793
1754531437,161988681,155293118,155293602,155291688,155292904,155300288,155292045,155289445
1754531438,162045700,155350155,155350610,155348711,155349937,155357358,155349066,155346529
1754531440,162104890,155408999,155409483,155407626,155408882,155416265,155408067,155405534
1754531441,162158929,155463160,155463303,155461274,155462570,155469746,155461242,155458651
1754531442,162217046,155521230,155521717,155519867,155521024,155528412,155520144,155517578
1754531443,162272021,155576144,155576523,155574623,155575784,155583199,155574956,155572411
1754531444,162333661,155637948,155638444,155636555,155637723,155645110,155636843,155634299
1754531445,162383370,155687572,155688099,155686174,155686101,155694804,155686523,155683991
1754531446,162441264,155745310,155745932,155744171,155745275,155752672,155744403,155741866
1754531448,162503897,155808040,155808575,155806590,155807735,155814932,155804878,155803775
1754531449,162564415,155868860,155869437,155867217,155867103,155874779,155865828,155863131
1754531450,162618162,155922226,155922819,155920741,155922526,155929703,155921418,155918889
1754531451,162676101,155980212,155980807,155978675,155980239,155987508,155979208,155976719
1754531452,162731479,156035333,156035763,156033648,156035118,156042282,156033876,156031168
1754531453,162786638,156093017,156093485,156091276,156092873,156098827,156091640,156088924
1754531455,162844303,156148342,156148849,156146648,156148194,156155546,156147412,156144858
1754531456,162901694,156205110,156205942,156203755,156205389,156212848,156204245,156201858
1754531457,162960715,156264619,156265011,156262729,156264075,156270379,156262450,156260105
1754531458,163016094,156320138,156320766,156318651,156320184,156327356,156318845,156316250
1754531459,163072575,156376914,156377540,156375464,156377018,156384195,156375783,156373245
1754531460,163129535,156433039,156434017,156431744,156433077,156440048,156431460,156428681
1754531462,163189609,156493750,156494317,156492132,156493727,156500964,156492464,156489901
1754531463,163251055,156555169,156555691,156553529,156555020,156562255,156553796,156551234
1754531464,163305877,156609955,156610488,156608347,156609929,156617144,156608660,156606104
1754531465,163371364,156675390,156675932,156673710,156675274,156682572,156671832,156671423
1754531466,163429251,156733166,156733771,156731607,156733152,156740360,156731884,156729329
1754531467,163487347,156791314,156791860,156789557,156791268,156798125,156789986,156787450
1754531468,163544015,156847770,156848055,156845950,156847368,156854581,156846134,156843560
1754531470,163602577,156906511,156907064,156904961,156906461,156913652,156905209,156902654
1754531471,163662462,156966075,156964932,156964308,156965622,156971999,156964007,156961244
1754531472,163718634,157022236,157022451,157020569,157021794,157028496,157020182,157017423
1754531473,163778699,157082304,157082516,157080440,157081858,157088884,157080174,157077490
1754531474,163832345,157136160,157136566,157134623,157136162,157143430,157134946,157132381
1754531475,163890154,157193994,157194316,157192377,157193900,157201260,157192732,157190176
1754531477,163946401,157250202,157250598,157248678,157249984,157257475,157248957,157246399
1754531478,164006969,157311120,157311513,157309499,157310900,157318422,157309916,157307362
1754531479,164059418,157363773,157364152,157362250,157363680,157371220,157362747,157360243
1754531480,164120053,157423915,157424335,157422389,157423721,157431246,157422817,157420184
1754531481,164183948,157488904,157489109,157487021,157488136,157495491,157486716,157484036
1754531482,164241965,157545864,157546217,157544265,157545632,157552693,157544588,157541994
1754531483,164300004,157603869,157604252,157602274,157603634,157610680,157602665,157599774
1754531485,164354582,157658244,157658510,157656460,157657471,157664290,157656153,157652987
1754531486,164410521,157714471,157712878,157712781,157714110,157721183,157713074,157710252
1754531487,164467651,157771500,157771913,157769958,157771279,157778328,157770246,157767347
1754531488,164525572,157829474,157829875,157827957,157829300,157836491,157828455,157825542
1754531489,164583476,157887173,157887436,157885363,157886460,157893290,157885062,157881976
1754531490,164639371,157943032,157943245,157941148,157941719,157949076,157940955,157938080
1754531492,164696953,158000782,158000961,157999100,157999326,158007151,157998916,157995836
1754531493,164755545,158059208,158059549,158057534,158058724,158065610,158057556,158054701
1754531494,164816739,158120547,158120909,158118952,158120171,158127089,158119143,158116272
1754531495,164876037,158180053,158180390,158178306,158179621,158186707,158178601,158175724
1754531496,164934813,158238393,158238985,158237156,158238427,158245507,158237404,158234548
1754531497,164995413,158298871,158299173,158297471,158298350,158305213,158296952,158293887
1754531498,165057785,158361489,158361455,158360064,158361415,158367292,158360250,158357180
1754531500,165113773,158417205,158417503,158415550,158416750,158423558,158415288,158411782
1754531501,165171016,158474597,158475079,158473255,158474246,158481682,158473543,158470679
1754531502,165229995,158533375,158533680,158531091,158532472,158539727,158531463,158528391
1754531503,165288824,158592516,158592683,158591184,158592187,158599143,158591445,158588588
1754531504,165349211,158652600,158653217,158650993,158652020,158659269,158650999,158647935
1754531505,165404286,158707688,158707077,158706040,158706778,158714028,158705679,158702895
1754531507,165459426,158765394,158765838,158763957,158764853,158770297,158763312,158760778
1754531508,165515159,158818055,158818851,158816920,158817655,158824704,158816187,158813787
1754531509,165576707,158880382,158880816,158878959,158879965,158887263,158877103,158876175
1754531510,165632252,158935871,158936259,158934460,158935393,158942706,158934248,158931746
1754531511,165675803,158979237,158979414,158977578,158978298,158985365,158976776,158974103
1754531512,165731534,159035207,159035629,159033792,159034686,159041994,159033640,159031149
1754531513,165790914,159094532,159094981,159093197,159094152,159101395,159092928,159090277
1754531515,165845029,159148408,159148665,159146736,159147468,159154524,159145934,159143264
1754531516,165902140,159205822,159206258,159204462,159205469,159212731,159204296,159201801
1754531517,165961660,159266670,159266931,159264995,159265721,159272783,159264189,159261525
1754531518,166019303,159322846,159323146,159321172,159321894,159328960,159320363,159317703
1754531519,166073308,159377127,159377664,159375786,159375951,159383927,159375460,159373029
1754531520,166134115,159437833,159438358,159436519,159437478,159444810,159436517,159434048
1754531522,166192775,159496317,159496867,159495107,159495971,159503242,159494823,159492370
1754531523,166250844,159554299,159554952,159553206,159554238,159561426,159553022,159550573
1754531524,166305081,159608577,159609008,159606924,159607976,159615025,159606437,159603770
1754531525,166357726,159661139,159661843,159659983,159661392,159668415,159660083,159657622
1754531526,166417239,159720547,159721127,159719228,159720221,159727661,159719222,159716750
1754531527,166473021,159776317,159776737,159774663,159775471,159782011,159774166,159771502
1754531528,166531165,159834392,159834810,159832737,159833542,159840344,159832237,159829577
1754531530,166586735,159891174,159891760,159889850,159890852,159898145,159889584,159886891
1754531531,166648368,159951866,159952528,159950555,159951600,159959156,159950317,159948041
1754531532,166707123,160010660,160011283,160009312,160010346,160017683,160008648,160006486
1754531533,166767654,160071087,160071666,160069655,160070559,160077979,160069130,160066961
1754531534,166821950,160125381,160125993,160124055,160125086,160132524,160123729,160121428
1754531535,166882857,160185383,160186842,160184912,160185864,160193356,160184453,160182099
1754531537,166943087,160246566,160247144,160245162,160244911,160253605,160244715,160242474
1754531538,166999575,160303014,160303603,160301682,160302668,160310034,160301089,160298762
1754531539,167053093,160356494,160357022,160355102,160356077,160363563,160354679,160352408
1754531540,167113861,160417550,160418050,160416115,160417094,160424573,160415694,160413404
1754531541,167170719,160474560,160475167,160473197,160474035,160481292,160472256,160469781
1754531542,167226994,160530733,160531138,160529075,160530130,160537255,160528398,160526077
1754531543,167279803,160583538,160583941,160580861,160582630,160589885,160580848,160578372
1754531545,167329840,160633471,160634016,160631896,160632667,160639930,160631020,160628779
1754531546,167388792,160692644,160693160,160691330,160692329,160699821,160690914,160688623
1754531547,167442846,160746713,160747457,160745240,160746304,160753683,160744745,160742489
1754531548,167501866,160805545,160805870,160803818,160804957,160812473,160803602,160801314
1754531549,167559646,160863304,160863623,160861401,160862573,160869987,160861108,160858820
1754531550,167617742,160921399,160921717,160919496,160920684,160926482,160918806,160916338
1754531552,167674087,160979483,160979802,160977571,160978444,160985948,160976881,160974012
1754531553,167730648,161034462,161034845,161032611,161033482,161040988,161031939,161029542
1754531554,167787000,161090859,161091302,161089214,161090269,161097977,161089072,161086835
1754531555,167847052,161150778,161151121,161148893,161149777,161157278,161148383,161145758
1754531556,167902803,161206675,161207180,161205151,161206317,161214047,161205098,161202953
1754531557,167960375,161264302,161264782,161262700,161263839,161271365,161262488,161260429
1754531558,168019493,161323400,161323864,161321768,161322848,161330368,161321507,161319035
1754531560,168079015,161381121,161383381,161381160,161382044,161388511,161380309,161377690
1754531561,168137922,161442436,161442714,161440496,161441385,161448680,161439646,161437205
1754531562,168198949,161502844,161503316,161501221,161501323,161509856,161500937,161498477
1754531563,168255272,161559171,161559609,161557538,161558612,161566135,161557247,161554849
1754531564,168320848,161624759,161625187,161623104,161623923,161631849,161622890,161620462
1754531565,168377298,161681081,161681267,161679229,161680278,161687809,161678896,161676548
1754531567,168436326,161740240,161740711,161738641,161739746,161747253,161738370,161736008
1754531568,168493570,161797469,161797967,161795990,161797059,161804566,161795697,161793312
1754531569,168548498,161852300,161852571,161850366,161850987,161858533,161849506,161846929
1754531570,168600338,161904260,161904702,161902623,161903727,161911228,161902307,161899807
1754531571,168655071,161958854,161959344,161957439,161958526,161966022,161957161,161954764
1754531572,168714174,162018011,162018415,162016634,162017650,162025149,162016242,162013681
1754531573,168770716,162074635,162075103,162072992,162074309,162081777,162072905,162070527
1754531575,168831599,162135392,162135866,162133768,162135132,162142460,162133595,162131211
1754531576,168890181,162194088,162194537,162192370,162193703,162201233,162192425,162190055
1754531577,168942023,162245822,162246296,162244176,162245424,162252996,162244088,162241723
1754531578,168999827,162303294,162304062,162301935,162303202,162310768,162301881,162299533
1754531579,169059321,162363159,162363597,162361345,162362591,162370256,162360000,162359181
1754531580,169116946,162420790,162420422,162418918,162420260,162427952,162419078,162416562
1754531582,169170653,162474517,162474925,162472764,162474057,162481745,162472502,162470226
1754531583,169234576,162538505,162538863,162536587,162536039,162545011,162535811,162533430
1754531584,169292077,162595940,162596364,162594195,162595463,162603130,162594029,162591462
1754531585,169349301,162653188,162653620,162651489,162652733,162660266,162651221,162648665
1754531586,169405949,162708745,162710078,162707797,162708810,162716231,162707023,162704258
1754531587,169465544,162769428,162769894,162767664,162768948,162776585,162767574,162765110
1754531589,169524823,162828656,162829149,162827099,162828391,162836043,162826990,162824409
1754531590,169584531,162888334,162888750,162886607,162887864,162895507,162886404,162883830
1754531591,169640274,162944061,162944461,162942352,162943490,162951058,162941997,162939440
1754531592,169698052,163001906,163002313,163000167,163001391,163009085,163000062,162997532
1754531593,169756917,163060672,163061029,163058878,163060082,163067758,163058773,163056204
1754531594,169812775,163116478,163116746,163114439,163115437,163122883,163113807,163110923
1754531595,169870856,163173831,163175000,163172514,163173530,163180546,163171741,163168977
1754531597,169931211,163234860,163235389,163233175,163234517,163242100,163233005,163230450
1754531598,169989036,163292704,163293102,163291067,163292011,163299578,163290613,163288055
1754531599,170045119,163348250,163349168,163346956,163348111,163355677,163346718,163344182
1754531600,170103280,163406907,163407532,163405361,163406869,163414290,163405206,163402620
1754531601,170163871,163467372,163467805,163465675,163467309,163474749,163465666,163463107
1754531602,170220213,163523964,163524515,163522324,163523895,163531367,163522209,163519690
1754531604,170277720,163581372,163581954,163579773,163581266,163588711,163579542,163577035
1754531605,170336374,163640151,163640683,163638518,163640047,163647529,163638549,163635938
1754531606,170393421,163697157,163697734,163695563,163697059,163704568,163695490,163692909
1754531607,170448706,163751769,163752542,163750236,163751515,163758674,163749484,163746951
1754531608,170509196,163812653,163813035,163810742,163812018,163819171,163809974,163807409
1754531609,170560395,163864013,163864535,163862364,163863848,163871215,163862172,163859698
1754531610,170617633,163920441,163921529,163919222,163920496,163927652,163918450,163915819
1754531612,170667504,163970958,163971352,163969046,163970323,163977431,163968344,163965871
1754531613,170730566,164034293,164034679,164032380,164033650,164040805,164031606,164027901
1754531614,170789299,164092836,164093457,164091376,164092860,164100253,164091180,164088759
1754531615,170848197,164151744,164152321,164150172,164151644,164159021,164150035,164147465
1754531616,170906595,164210318,164210833,164208688,164210154,164217564,164208501,164206081
1754531617,170966331,164270179,164270801,164268710,164270212,164277589,164268549,164266108
1754531619,171029050,164332732,164333364,164331228,164332683,164340057,164331040,164328580
1754531620,171087060,164393200,164393761,164391457,164392712,164399891,164390698,164388047
1754531621,171146573,164450492,164450769,164448677,164450189,164457602,164448523,164446090
1754531622,171204880,164508650,164509088,164506994,164508572,164513611,164506824,164504229
1754531623,171264359,164567825,164568192,164565885,164567303,164574479,164565272,164562643
1754531624,171321654,164625392,164625875,164623679,164625346,164632766,164623690,164621284
1754531625,171384706,164688477,164688955,164686799,164688838,164696115,164687028,164684730
1754531627,171444857,164748552,164749054,164746788,164748456,164754686,164746756,164744137
1754531628,171503911,164806833,164807718,164805345,164806756,164814052,164804902,164802212
1754531629,171559026,164862517,164862834,164860419,164861946,164869281,164860212,164857812
1754531630,171620078,164923580,164923890,164921515,164922920,164929846,164921188,164918396
1754531631,171678485,164981992,164982342,164979928,164981328,164988684,164979195,164976888
1754531632,171738786,165042503,165043034,165040807,165042416,165049661,165040632,165038522
1754531634,171798386,165102147,165102620,165100334,165101093,165109337,165100202,165097948
1754531635,171852584,165156004,165156405,165154036,165155433,165162478,165153302,165150934
1754531636,171907477,165211020,165211304,165208932,165210222,165217374,165208199,165205831
1754531637,171967958,165271759,165272219,165269947,165271607,165278878,165269823,165267677
1754531638,172027454,165331198,165331683,165329418,165331086,165338333,165329288,165327128
1754531639,172085594,165389433,165389869,165387573,165389271,165396537,165387439,165385280
1754531641,172144720,165448740,165449155,165446873,165448281,165455321,165446137,165443790
1754531642,172200929,165506733,165507010,165504636,165506036,165513079,165503893,165501545
1754531643,172258778,165562773,165563239,165561008,165562679,165569973,165560995,165558855
1754531644,172318175,165620069,165621028,165620217,165621834,165628733,165620075,165617715
1754531645,172371264,165675556,165676118,165673640,165675159,165682427,165673417,165671257
1754531646,172425937,165729945,165730399,165728166,165729833,165737126,165728013,165725796
1754531647,172484257,165788407,165788823,165786620,165788222,165795547,165786408,165784203
1754531649,172543381,165847437,165847903,165845525,165847336,165854676,165845637,165843492
1754531650,172598639,165902770,165903379,165900929,165902772,165909956,165900994,165898845
1754531651,172657144,165961272,165961774,165959252,165961053,165968385,165959268,165957189
1754531652,172717322,166021191,166021517,166018917,166020307,166027758,166018708,166016360
1754531653,172777202,166081248,166081729,166079228,166080596,166087906,166078755,166076457
1754531654,172833551,166137637,166138010,166135086,166136769,166143764,166134819,166132561
1754531656,172892672,166196716,166197269,166194790,166196393,166202448,166194934,166192557
1754531657,172950468,166254585,166255217,166252709,166254280,166261854,166252355,166250526
1754531658,173007719,166311607,166311971,166309404,166310760,166317962,166308470,166306489
1754531659,173062757,166366722,166367193,166364700,166366331,166373758,166364410,166362273
1754531660,173118463,166422530,166423099,166420597,166422164,166429566,166420298,166418147
1754531661,173173468,166477592,166478107,166475580,166477083,166484535,166475197,166473089
1754531662,173230000,166534144,166534702,166532098,166533754,166541199,166531815,166529681
1754531664,173295133,166599036,166599412,166596757,166598089,166605310,166595217,166593483
1754531665,173356999,166661415,166661913,166659405,166661137,166667614,166658884,166656848
1754531666,173416723,166720856,166721247,166718581,166719906,166727132,166717635,166715304
1754531667,173476204,166780454,166781028,166778467,166779856,166786243,166777592,166775254
1754531668,173533768,166837922,166838767,166835632,166836961,166844172,166834689,166832375
1754531669,173594381,166898649,166899209,166896671,166898233,166905638,166896253,166894145
1754531671,173651838,166956228,166956514,166954256,166955837,166963350,166953940,166951799
1754531672,173713630,167017727,167018232,167015909,167017502,167024957,167015574,167013396
1754531673,173773118,167077185,167077700,167075349,167076945,167084368,167074956,167072868
1754531674,173830335,167134513,167135009,167132422,167134163,167141645,167132312,167130223
1754531675,173888587,167192482,167192782,167190135,167191934,167199113,167189763,167187698
1754531676,173944832,167249003,167249465,167247035,167248580,167256287,167246915,167244843
1754531677,174004670,167308656,167308949,167306305,167306140,167315176,167305666,167303391
1754531679,174054123,167358373,167361773,167356597,167359298,167368011,167357346,167356207
1754531680,174107097,167411261,167411752,167409200,167410763,167418505,167409073,167407064
1754531681,174154937,167458929,167459237,167456579,167457919,167465477,167456018,167453674
1754531682,174215056,167519220,167519654,167517090,167518762,167526433,167516819,167514856
1754531683,174272778,167576834,167577327,167574777,167576287,167584021,167574460,167572492
1754531684,174330826,167635029,167635531,167632326,167634564,167642387,167632765,167630667
1754531686,174368891,167672964,167673476,167670948,167672518,167680305,167670772,167668654
1754531687,174427649,167731821,167732255,167729822,167731406,167739189,167729595,167727468
1754531688,174485730,167789823,167790283,167787772,167789361,167797135,167787550,167785429
1754531689,174547876,167851796,167852076,167849422,167850782,167858351,167848021,167846298
1754531690,174605515,167909713,167910183,167907656,167909224,167917263,167907428,167905303
1754531691,174663084,167966964,167967501,167964025,167965907,167974326,167964726,167962482
1754531692,174720230,168023836,168024108,168021772,168022814,168030698,168020650,168018667
1754531694,174780365,168084264,168084707,168082217,168083857,168091643,168082075,168079975
1754531695,174841482,168144067,168145616,168142894,168144251,168151819,168142095,168139802
1754531696,174899525,168203428,168203802,168201415,168202963,168210772,168201177,168199080
1754531697,174958351,168262148,168262568,168260422,168261857,168269703,168260084,168258003
1754531698,175016218,168319917,168320387,168318280,168319651,168326693,168317751,168315529
1754531699,175072995,168376731,168377143,168374851,168376477,168383151,168374581,168372531
1754531701,175129819,168433498,168433959,168431682,168433388,168441078,168431447,168429386
1754531702,175188889,168492699,168493146,168490853,168492435,168500291,168490674,168488591
1754531703,175245148,168548919,168549404,168547124,168548636,168556477,168546879,168544822
1754531704,175308498,168612014,168612271,168609855,168611270,168619089,168609546,168607452
1754531705,175362302,168666061,168666527,168664246,168665762,168673666,168664202,168661870
1754531706,175420478,168724232,168724666,168722381,168723924,168731935,168722229,168720113
1754531708,175478027,168781805,168782232,168779894,168781473,168789417,168779776,168777762
1754531709,175537774,168841286,168841540,168839132,168840428,168847814,168838522,168836003
1754531710,175594675,168899361,168899613,168897206,168898505,168905826,168896392,168893758
1754531711,175653943,168957456,168957830,168955301,168956765,168964621,168954966,168952519
1754531712,175708839,169012578,169012999,169010720,169012306,169020213,169009086,169008089
1754531713,175767298,169071000,169071483,169069239,169070763,169078633,169069000,169066558
1754531714,175821451,169125134,169125535,169123258,169124813,169132730,169123149,169120751
1754531716,175877839,169181837,169182258,169179997,169181532,169189306,169179775,169177382
1754531717,175929479,169233282,169233083,169231129,169232428,169240112,169230307,169227695
1754531718,175988548,169292353,169292592,169290199,169291496,169299113,169289384,169286764
1754531719,176046059,169349975,169348708,169348132,169349662,169357355,169347549,169344640
1754531720,176105962,169409898,169410293,169407985,169409486,169417358,169407704,169405207
1754531721,176161222,169464625,169465467,169463298,169463867,169472745,169463079,169460676
1754531723,176216902,169520120,169521336,169518657,169519842,169527315,169517720,169515120
1754531724,176269423,169572835,169573686,169571380,169572960,169580725,169571159,169568743
1754531725,176326559,169629760,169630403,169628110,169629623,169637530,169627886,169625477
1754531726,176384974,169688297,169689186,169687060,169688474,169696523,169686827,169684484
1754531727,176442478,169745934,169746638,169744454,169745689,169753972,169744219,169741805
1754531728,176505040,169808545,169809313,169807030,169808381,169816651,169806878,169804436
1754531729,176564503,169867403,169868035,169865892,169867008,169875152,169865213,169862724
1754531731,176620808,169924308,169925074,169922821,169924116,169932456,169922944,169920321
1754531732,176682623,169985856,169984879,169984117,169985127,169993406,169983511,169980848
1754531733,176743921,170047349,170048164,170045909,170047228,170055331,170045984,170043547
1754531734,176800872,170104335,170105152,170102929,170104142,170112277,170102898,170100150
1754531735,176862158,170165403,170166041,170163667,170163428,170171645,170163046,170160073
1754531736,176918999,170222506,170223335,170221048,170221743,170230462,170221065,170218148
1754531738,176977049,170280562,170281473,170279194,170280447,170288568,170279198,170276428
1754531739,177035192,170338673,170340288,170337080,170338406,170346355,170337109,170333705
1754531740,177088428,170392458,170393093,170390716,170391716,170399627,170390166,170387449
1754531741,177151410,170452954,170455986,170453698,170455022,170462992,170453455,170450500
1754531742,177209486,170513133,170513955,170511685,170511766,170521083,170511552,170508595
1754531743,177265809,170569364,170570009,170567624,170568622,170576532,170566988,170564034
1754531744,177325790,170629326,170630006,170627585,170627234,170636484,170626937,170623984
1754531746,177385001,170689056,170689613,170688714,170688446,170696701,170685607,170684449
1754531747,177434456,170738315,170738499,170736218,170736869,170745267,170735828,170732966
1754531748,177487556,170791442,170791799,170789990,170791042,170799192,170789784,170787049
1754531749,177547749,170851619,170851793,170849507,170850532,170858454,170848896,170845945
1754531750,177605348,170909486,170909818,170907641,170908901,170917026,170907538,170904851
1754531751,177664106,170968191,170968588,170966457,170967469,170975748,170966337,170963595
1754531753,177720045,171024707,171024877,171022599,171023421,171031551,171021974,171019033
1754531754,177782572,171086689,171086945,171082853,171085553,171093675,171084124,171081166
1754531755,177836362,171140409,171140794,171138643,171139689,171147984,171138569,171135775
1754531756,177897864,171201944,171202303,171200132,171201040,171209295,171199899,171196845
1754531757,177958877,171263176,171261320,171261250,171262066,171268810,171260647,171257722
1754531758,178013835,171317927,171318259,171316111,171317106,171325191,171315899,171313189
1754531759,178071634,171375768,171376097,171374003,171375032,171385228,171373965,171371003
1754531761,178132644,171436775,171437123,171434952,171436009,171444228,171434944,171432058
1754531762,178191387,171495585,171493761,171493598,171494405,171502385,171492975,171489825
1754531763,178246627,171550722,171550970,171548798,171549751,171557965,171548745,171545794
1754531764,178307978,171611890,171611835,171609777,171610630,171618663,171609431,171606479
1754531765,178365074,171668977,171669280,171667197,171668251,171676430,171667149,171664210
1754531766,178421987,171726221,171726553,171724457,171725506,171733701,171724418,171721489
1754531768,178479064,171782518,171783272,171781025,171781854,171789872,171780558,171777625
1754531769,178536309,171841253,171841366,171839120,171839998,171848197,171838824,171835687
1754531770,178592758,171897154,171897361,171895241,171896373,171904542,171895230,171892310
1754531771,178650265,171954418,171954440,171951148,171953073,171961040,171951616,171948489
1754531772,178706121,172009988,172010088,172008171,172008928,172017016,172007461,172004667
1754531773,178764862,172068924,172069209,172067475,172068313,172076502,172067220,172064309
1754531774,178829983,172134052,172134366,172132590,172133480,172141689,172132407,172129496
1754531776,178893224,172197122,172197198,172195253,172196175,172204012,172194587,172191474
1754531777,178947727,172251841,172252087,172250295,172251339,172259437,172250148,172247242
1754531778,179007149,172311163,172311462,172309684,172310693,172318772,172309499,172306584
1754531779,179057569,172361753,172362020,172360208,172361282,172369361,172360058,172357166
1754531780,179114782,172418875,172418934,172416994,172417815,172425754,172414793,172413217
1754531781,179173521,172477434,172477490,172475558,172476373,172484354,172474937,172471778
1754531783,179228455,172532606,172532838,172529405,172532090,172540095,172530844,172528126
1754531784,179284006,172587939,172587991,172586053,172586856,172594773,172585388,172582364
1754531785,179336812,172640744,172640793,172638857,172639731,172647578,172638190,172635004
1754531786,179395146,172699101,172699192,172697197,172698040,172706082,172696959,172693919
1754531787,179452904,172756859,172756907,172754954,172755748,172763607,172754346,172751353
1754531788,179511359,172815392,172815659,172813871,172814914,172822879,172813647,172810669
1754531789,179571680,172875580,172875600,172873557,172874439,172882262,172872870,172869691
1754531791,179629936,172933790,172933807,172931885,172932644,172940463,172931201,172928248
1754531792,179692791,172996788,172996811,172994881,172995639,173003142,172994308,172991231
1754531793,179745908,173049946,173050164,173048484,173049404,173057463,173048236,173045264
1754531794,179807055,173111325,173111698,173109856,173110855,173118912,173109673,173106685
1754531795,179862730,173166877,173167231,173165317,173166298,173174363,173165129,173162174
1754531796,179920035,173223953,173224477,173222570,173223573,173231552,173222334,173219346
1754531798,179975466,173279348,173279858,173277965,173278927,173286925,173277717,173274748
1754531799,180030741,173334440,173334748,173332702,173333580,173341429,173331710,173328889
1754531800,180091788,173395684,173396207,173394236,173395346,173403347,173394122,173391178
1754531801,180146516,173450470,173451006,173449085,173450153,173458187,173448969,173446028
1754531802,180207393,173511297,173511840,173510049,173510908,173519212,173509953,173506204
1754531803,180262375,173566205,173566659,173564728,173565641,173573941,173564691,173561746
1754531805,180321396,173625391,173625836,173623839,173624729,173633065,173623792,173620876
1754531806,180378453,173682180,173682504,173680384,173681033,173689288,173679976,173677046
1754531807,180434624,173738356,173738687,173736561,173737181,173745529,173735625,173733021
1754531808,180492011,173796100,173796455,173794427,173795299,173803595,173794057,173791377
1754531809,180550471,173854210,173854537,173852269,173853345,173861297,173851780,173849004
1754531810,180606515,173912293,173911748,173910496,173911100,173919172,173909493,173906551
1754531811,180666642,173969189,173970718,173968591,173969192,173977274,173967595,173964689
1754531813,180720975,174025033,174025531,174023562,174024341,174032659,174023123,174020392
1754531814,180775118,174079102,174079540,174077563,174078334,174086695,174077122,174074379
1754531815,180831362,174135323,174135823,174133816,174134663,174143001,174133417,174130606
1754531816,180887211,174191124,174191655,174189672,174190358,174198648,174189146,174186412
1754531817,180949823,174253755,174254195,174252225,174253008,174261339,174251782,174249015
1754531818,181006787,174310642,174311282,174308827,174309414,174317240,174307818,174304994
1754531819,181064858,174368717,174369038,174366902,174367495,174375212,174365900,174362949
1754531821,181121641,174425813,174425831,174424166,174425064,174433444,174423834,174421044
1754531822,181179066,174483066,174483464,174481514,174482416,174490775,174481126,174478428
1754531823,181233822,174537605,174537843,174535790,174536533,174544682,174534939,174531998
1754531824,181288926,174592800,174593221,174590931,174592143,174600506,174590900,174588160
1754531825,181350014,174653983,174654451,174652142,174653620,174661788,174652189,174649453
1754531826,181405059,174708854,174709089,174706632,174707929,174715382,174706105,174702993
1754531828,181458180,174762162,174762528,174760202,174761650,174769776,174760178,174757452
1754531829,181521227,174825024,174825255,174822801,174824032,174831468,174822278,174819362
1754531830,181579319,174883120,174883349,174880896,174882124,174889845,174880305,174877777
1754531831,181637391,174941202,174941426,174938981,174940195,174946692,174938872,174935532
1754531832,181692447,174996243,174996465,174994021,174995238,175002992,174993733,174990573
1754531833,181752657,175056728,175054776,175054688,175056238,175062928,175054882,175051939
1754531835,181807991,175111900,175112283,175109977,175111411,175117753,175109940,175106168
1754531836,181864933,175168741,175168956,175166522,175167729,175175623,175166261,175162704
1754531837,181927531,175231644,175231862,175229422,175230628,175237056,175229159,175225604
1754531838,181983305,175287134,175287581,175285321,175286707,175294824,175285605,175282250
1754531839,182043226,175347045,175347247,175344811,175346011,175353103,175344557,175340993
1754531840,182096225,175399922,175400321,175398248,175399658,175407771,175398585,175395211
1754531841,182159189,175463291,175463487,175461063,175462248,175470162,175460804,175457254
1754531843,182215785,175520017,175520335,175518079,175519462,175527579,175518384,175514996
1754531844,182274576,175578849,175579246,175576954,175578338,175586349,175577087,175573704
1754531845,182325854,175629967,175629698,175627727,175628913,175636915,175627551,175623992
1754531846,182383115,175687650,175687901,175685397,175686868,175695037,175685771,175682375
1754531847,182439285,175743636,175743894,175741577,175741264,175751029,175741989,175738656
1754531848,182498044,175802344,175802604,175800591,175800878,175809892,175800616,175797292
1754531850,182556177,175860469,175860716,175858545,175859426,175868114,175858832,175855542
1754531851,182613777,175918076,175918352,175916190,175917576,175925641,175916438,175913063
1754531852,182674297,175978643,175978892,175976752,175977855,175986238,175976989,175973638
1754531853,182731662,176034542,176035872,176033590,176034513,176042676,176033328,176029758
1754531854,182788326,176092784,176092996,176090856,176092029,176100337,176091127,176087772
1754531855,182844004,176148521,176148749,176146542,176147770,176156090,176145733,176143566
1754531856,182899290,176203668,176203908,176201772,176202895,176211372,176202057,176198633
1754531858,182957542,176261926,176262190,176260021,176261166,176269440,176260119,176257019
1754531859,183015215,176319586,176319830,176317681,176318819,176327068,176317791,176314604
1754531860,183076929,176380199,176379573,176377562,176380574,176387896,176379406,176375904
1754531861,183132680,176437010,176437189,176434905,176435822,176443953,176434530,176431028
1754531862,183190794,176495284,176495319,176493300,176493659,176502014,176492585,176489086
1754531863,183250899,176555414,176555628,176553347,176552768,176562325,176552894,176548793
1754531865,183307558,176611834,176611846,176609576,176610482,176618544,176609109,176605634
1754531866,183360328,176664608,176664615,176662339,176662926,176670988,176661869,176658396
1754531867,183412935,176717412,176717418,176715154,176716089,176724338,176715112,176711834
1754531868,183468864,176772379,176773768,176772919,176772533,176779256,176771694,176766436
1754531869,183529575,176834215,176834406,176832278,176833415,176841707,176832387,176829155
1754531870,183586485,176891132,176891273,176889145,176890181,176898471,176889210,176885930
1754531871,183644948,176949312,176949137,176947184,176948078,176956147,176945374,176943250
1754531873,183702890,177007203,177007202,177005299,177006168,177014221,177004772,177001325
1754531874,183755454,177059885,177060014,177058028,177059243,177067529,177058316,177055061
1754531875,183811331,177115807,177115996,177113986,177115218,177123495,177114188,177110942
1754531876,183871702,177174430,177174523,177172564,177174194,177182266,177172906,177169636
1754531877,183917573,177222688,177222943,177220787,177221860,177229963,177220517,177217082
1754531878,183968875,177273512,177273539,177271396,177272718,177281124,177271893,177268655
1754531880,184032669,177335270,177336903,177334720,177335796,177343438,177334382,177331019
1754531881,184088971,177393352,177393580,177391504,177392828,177401116,177391739,177388549
1754531882,184143925,177448159,177448262,177446335,177447587,177455925,177446145,177443175
1754531883,184202575,177507011,177507219,177504400,177506441,177514667,177504995,177502231
1754531884,184256634,177560907,177559520,177558735,177559799,177567777,177558010,177554691
1754531885,184312315,177617083,177617096,177614981,177616225,177624455,177614839,177611743
1754531886,184374822,177679229,177679371,177677252,177678420,177686608,177677021,177673939
1754531888,184433352,177737817,177738027,177735942,177737239,177745513,177735831,177732772
1754531889,184496344,177800816,177801023,177798948,177800248,177808477,177798822,177795746
1754531890,184545254,177849653,177849870,177847801,177849056,177857294,177847667,177844563
1754531891,184597635,177902151,177902357,177900320,177901579,177909801,177900132,177896967
1754531892,184655024,177959599,177959778,177957704,177959025,177967270,177957511,177954500
1754531893,184714338,178018855,178019055,178017006,178018358,178026670,178017055,178013987
1754531895,184769068,178073172,178073428,178070995,178072357,178080364,178070560,178067293
1754531896,184829060,178133595,178132637,178131306,178132348,178140356,178130550,178127294
1754531897,184883941,178188969,178189103,178187163,178188204,178196220,178186406,178183153
1754531898,184944633,178248937,178247618,178247315,178248515,178256530,178245719,178243465
1754531899,185001112,178305355,178305626,178303532,178304994,178313211,178303560,178300506
1754531900,185058706,178363016,178363251,178359938,178362562,178370911,178361253,178358173
1754531901,185116087,178420341,178420654,178418535,178419771,178428136,178418519,178415539
1754531903,185176144,178478928,178480693,178478564,178479874,178488082,178478647,178475458
1754531904,185236927,178541005,178541775,178538905,178539877,178548238,178538448,178535190
1754531905,185293759,178597841,178597994,178595779,178596786,178605185,178595391,178592023
1754531906,185351851,178654697,178655656,178653839,178654806,178663209,178653588,178650118
1754531907,185407939,178712254,178712554,178710420,178711672,178720368,178710616,178707495
1754531908,185469252,178775631,178773874,178771808,178772962,178781738,178772008,178769048
1754531910,185526324,178830626,178830972,178828906,178830051,178838597,178829080,178825585
1754531911,185581785,178886063,178886381,178884314,178885453,178894023,178884429,178880937
1754531912,185638577,178942884,178943196,178941086,178942295,178950868,178941176,178937631
1754531913,185697395,179001527,179001632,178999420,179000361,179008697,178998966,178995256
1754531914,185755470,179058674,179059652,179057442,179058381,179066719,179056985,179053287
1754531915,185814904,179118965,179119259,179117204,179118357,179126873,179117324,179113732
1754531916,185871298,179175653,179175819,179173612,179174545,179182888,179173154,179169777
1754531918,185927925,179232311,179232545,179230461,179231595,179240257,179230624,179227138
1754531919,185986733,179290982,179291267,179289170,179290342,179297713,179289326,179285638
1754531920,186043842,179348188,179348424,179346113,179347545,179354620,179346533,179343048
1754531921,186103941,179408274,179408219,179405952,179406878,179413896,179405491,179401813
1754531922,186161832,179466118,179466415,179464207,179465507,179474095,179464491,179461023
1754531923,186220976,179525224,179525516,179523558,179524576,179532894,179523521,179520071
1754531925,186275494,179579545,179579676,179577374,179578666,179587252,179577649,179574150
1754531926,186335486,179639539,179639723,179637493,179638782,179647325,179637750,179634289
1754531927,186388470,179692691,179693015,179690844,179691896,179700687,179691073,179687616
1754531928,186447708,179752019,179753557,179749990,179751268,179759920,179750293,179746818
1754531929,186502223,179806352,179806594,179804531,179805577,179814378,179804778,179801299
1754531930,186560406,179864691,179864770,179862443,179863293,179871745,179862246,179858662
1754531932,186616794,179921113,179921241,179919146,179920369,179929304,179918758,179916100
1754531933,186676536,179980848,179980994,179978660,179979457,179987954,179978069,179974701
1754531934,186731945,180036033,180036114,180033774,180034568,180043084,180033171,180030013
1754531935,186789696,180093794,180093865,180091633,180092672,180101371,180091610,180088173
1754531936,186847218,180151508,180151782,180149552,180150624,180159248,180149497,180146101
1754531937,186906680,180210985,180211262,180209075,180210082,180218788,180207726,180205586
1754531938,186968253,180272645,180272882,180268381,180271666,180280331,180270385,180266782
1754531940,187022961,180327285,180327551,180325342,180326407,180335119,180325316,180321842
1754531941,187082213,180386360,180386626,180384411,180385488,180394217,180384407,180380994
1754531942,187140632,180444957,180445270,180443059,180444107,180452846,180443029,180439610
1754531943,187196140,180500340,180500415,180498061,180498889,180507424,180497454,180493534
1754531944,187248941,180553144,180553218,180550866,180549967,180560228,180550259,180546660
1754531945,187292324,180596651,180596988,180594742,180595729,180604498,180594697,180591288
1754531947,187351527,180655665,180655650,180653467,180654194,180662892,180653055,180649661
1754531948,187408775,180712887,180713068,180711267,180712246,180720914,180710947,180707346
1754531949,187465386,180769563,180769967,180767805,180768925,180777743,180767876,180764510
1754531950,187523038,180828726,180828939,180826683,180828000,180836808,180826961,180823534
1754531951,187583678,180887784,180887863,180883720,180886954,180895163,180885183,180881017
1754531952,187636249,180940481,180940661,180938296,180939333,180947000,180937985,180934414
1754531953,187696974,181001163,181001424,180999219,181000522,181009332,180999468,180996117
1754531955,187751615,181055843,181056067,181053811,181055109,181063907,181054050,181050613
1754531956,187806673,181110786,181111129,181109045,181110436,181119215,181109260,181105729
1754531957,187866968,181171158,181171434,181169114,181170401,181179281,181167552,181166041
1754531958,187922548,181226781,181227039,181224497,181226099,181234784,181224598,181221669
1754531959,187973628,181280238,181280467,181278180,181279512,181288135,181277788,181274181
1754531960,188031986,181335988,181336111,181333880,181335114,181343933,181333708,181330307
1754531962,188086532,181390703,181390963,181388699,181390040,181398893,181388731,181385305
1754531963,188145911,181449862,181449940,181447574,181448726,181457547,181447340,181443937
1754531964,188202952,181507197,181507473,181505208,181506468,181515359,181505139,181501647
1754531965,188253714,181557649,181557720,181554671,181556361,181564971,181554613,181551020
1754531966,188307586,181611868,181612199,181610157,181611491,181620329,181610097,181606736
1754531967,188365742,181670042,181670233,181667926,181669206,181678051,181667810,181664440
1754531968,188422505,181726385,181726699,181724335,181725326,181734018,181723652,181720067
1754531970,188483630,181787754,181787826,181785472,181785239,181793805,181784704,181781123
1754531971,188538840,181843104,181843455,181841162,181842341,181851166,181840969,181837575
1754531972,188593271,181897228,181897559,181895527,181896665,181905448,181895256,181891880
1754531973,188654873,181958711,181958894,181956864,181957763,181966405,181955966,181952460
1754531974,188711147,182015085,182015455,182013186,182014629,182023501,182013268,182009893
1754531975,188766228,182070220,182070627,182068332,182069793,182078641,182068484,182065107
1754531977,188826073,182129922,182130285,182128043,182129404,182138333,182128115,182124746
1754531978,188882978,182186941,182187331,182185051,182186021,182195346,182185129,182181770
1754531979,188926616,182230652,182230988,182228661,182229756,182238844,182229086,182225759
1754531980,188985122,182289197,182289550,182287312,182288160,182297415,182287253,182283901
1754531981,189045619,182349547,182349898,182347690,182348634,182357944,182347774,182344270
1754531982,189098692,182402709,182403077,182400829,182401765,182411171,182400836,182397518
1754531983,189101043,182404860,182405009,182402638,182403358,182412646,182402078,182398618
1754531985,189101192,182405008,182405157,182402767,182403506,182412794,182402208,182398766
1754531986,189101192,182405008,182405157,182402767,182403506,182412794,182402208,182398766
1754531987,189101194,182405010,182405159,182402769,182403508,182412796,182402210,182398768
1754531988,189101194,182405010,182405159,182402769,182403508,182412796,182402210,182398768
1754531989,189101196,182405012,182405159,182402771,182403508,182412796,182402212,182398768
1754531990,189101196,182405012,182405161,182402771,182403510,182412798,182402212,182398770
1754531992,189101196,182405012,182405161,182402771,182403510,182412798,182402212,182398770
1754531993,189101196,182405012,182405161,182402781,182403510,182412798,182402212,182398770
1754531994,189101206,182405023,182405171,182402784,182403520,182412809,182402223,182398781
1754531995,189101260,182405122,182405172,182403094,182403521,182412809,182402433,182398781
1754531996,189101519,182405336,182405298,182403651,182403617,182412852,182402666,182398905
1754531997,189102200,182405743,182405485,182404383,182403835,182413123,182403397,182399095
1754531999,189102930,182406473,182406013,182405113,182403843,182413123,182404127,182399641
1754532000,189103662,182407205,182406745,182405263,182404575,182413734,182404704,182400374
1754532001,189103688,182407504,182407483,182405263,182405313,182414473,182404704,182401115
1754532002,189103688,182407504,182407654,182405263,182406003,182415215,182404704,182401263
1754532003,189103688,182407504,182407654,182405263,182406003,182415291,182404704,182401263
1754532004,189103688,182407504,182407654,182405263,182406003,182415291,182404704,182401263
1754532005,189103688,182407504,182407654,182405263,182406003,182415291,182404704,182401263
1754532007,189103688,182407504,182407654,182405263,182406003,182415291,182404704,182401263
1754532008,189103691,182407504,182407654,182405263,182406003,182415291,182404704,182401263
1754532009,189103691,182407504,182407654,182405263,182406003,182415292,182404704,182401263
1754532010,189103691,182407504,182407654,182405263,182406003,182415292,182404704,182401266
1754532011,189103691,182407504,182407654,182405266,182406003,182415294,182404704,182401266
1754532012,189103691,182407504,182407654,182405266,182406005,182415294,182404704,182401266
1754532014,189103691,182407504,182407654,182405266,182406005,182415294,182404704,182401266
1754532015,189103691,182407504,182407654,182405266,182406005,182415294,182404704,182401266
1754532016,189103691,182407504,182407654,182405266,182406005,182415294,182404704,182401266
1754532017,189103691,182407504,182407654,182405266,182406005,182415294,182404704,182401266
1754532018,189103691,182407504,182407654,182405266,182406005,182415294,182404704,182401266
1754532019,189103691,182407504,182407654,182405266,182406005,182415294,182404707,182401266
1754532021,189103691,182407507,182407657,182405266,182406005,182415294,182404707,182401266
1754532022,189103691,182407507,182407657,182405266,182406005,182415294,182404707,182401266
1754532023,189103691,182407507,182407657,182405266,182406005,182415294,182404707,182401266
1754532024,189103691,182407507,182407657,182405266,182406005,182415294,182404707,182401266
1754532025,189103691,182407507,182407657,182405266,182406005,182415294,182404707,182401266
1754532026,189103691,182407507,182407657,182405266,182406005,182415294,182404707,182401266
1754532027,189103691,182407507,182407657,182405266,182406005,182415294,182404707,182401266
1754532029,189103691,182407507,182407657,182405266,182406005,182415294,182404707,182401266
1754532030,189103691,182407507,182407657,182405266,182406005,182415294,182404707,182401266
