rocHPCG version: 0.8.6-0c708bb (based on hpcg-3.1)
Using HIP device (0): AMD Instinct MI300X (196592 MB global memory)

Setup Phase took 0.03 sec

Copying GPU assembled data to host for reference computations

Checking assembled data ...

Starting Reference CG Phase ...

REFERENCE Initial Residual = 6.189791e+03
REFERENCE Iteration = 1   Scaled Residual = 1.857860e-01
REFERENCE Iteration = 2   Scaled Residual = 1.019054e-01
REFERENCE Iteration = 3   Scaled Residual = 7.025905e-02
REFERENCE Iteration = 4   Scaled Residual = 5.360183e-02
REFERENCE Iteration = 5   Scaled Residual = 4.327856e-02
REFERENCE Iteration = 6   Scaled Residual = 3.624641e-02
REFERENCE Iteration = 7   Scaled Residual = 3.115415e-02
REFERENCE Iteration = 8   Scaled Residual = 2.730923e-02
REFERENCE Iteration = 9   Scaled Residual = 2.431356e-02
REFERENCE Iteration = 10   Scaled Residual = 2.191473e-02
REFERENCE Iteration = 11   Scaled Residual = 1.994347e-02
REFERENCE Iteration = 12   Scaled Residual = 1.828362e-02
REFERENCE Iteration = 13   Scaled Residual = 1.685506e-02
REFERENCE Iteration = 14   Scaled Residual = 1.560701e-02
REFERENCE Iteration = 15   Scaled Residual = 1.450848e-02
REFERENCE Iteration = 16   Scaled Residual = 1.353915e-02
REFERENCE Iteration = 17   Scaled Residual = 1.268469e-02
REFERENCE Iteration = 18   Scaled Residual = 1.193144e-02
REFERENCE Iteration = 19   Scaled Residual = 1.126361e-02
REFERENCE Iteration = 20   Scaled Residual = 1.066504e-02
REFERENCE Iteration = 21   Scaled Residual = 1.012002e-02
REFERENCE Iteration = 22   Scaled Residual = 9.615379e-03
REFERENCE Iteration = 23   Scaled Residual = 9.143692e-03
REFERENCE Iteration = 24   Scaled Residual = 8.702555e-03
REFERENCE Iteration = 25   Scaled Residual = 8.292447e-03
REFERENCE Iteration = 26   Scaled Residual = 7.915309e-03
REFERENCE Iteration = 27   Scaled Residual = 7.571459e-03
REFERENCE Iteration = 28   Scaled Residual = 7.258084e-03
REFERENCE Iteration = 29   Scaled Residual = 6.970133e-03
REFERENCE Iteration = 30   Scaled Residual = 6.700720e-03
REFERENCE Iteration = 31   Scaled Residual = 6.443245e-03
REFERENCE Iteration = 32   Scaled Residual = 6.194214e-03
REFERENCE Iteration = 33   Scaled Residual = 5.953425e-03
REFERENCE Iteration = 34   Scaled Residual = 5.723817e-03
REFERENCE Iteration = 35   Scaled Residual = 5.511755e-03
REFERENCE Iteration = 36   Scaled Residual = 5.329195e-03
REFERENCE Iteration = 37   Scaled Residual = 5.205363e-03
REFERENCE Iteration = 38   Scaled Residual = 5.211611e-03
REFERENCE Iteration = 39   Scaled Residual = 5.484266e-03
REFERENCE Iteration = 40   Scaled Residual = 6.155526e-03
REFERENCE Iteration = 41   Scaled Residual = 6.907357e-03
REFERENCE Iteration = 42   Scaled Residual = 6.367175e-03
REFERENCE Iteration = 43   Scaled Residual = 4.262981e-03
REFERENCE Iteration = 44   Scaled Residual = 2.750132e-03
REFERENCE Iteration = 45   Scaled Residual = 2.672282e-03
REFERENCE Iteration = 46   Scaled Residual = 2.845057e-03
REFERENCE Iteration = 47   Scaled Residual = 2.169958e-03
REFERENCE Iteration = 48   Scaled Residual = 1.988433e-03
REFERENCE Iteration = 49   Scaled Residual = 1.756998e-03
REFERENCE Iteration = 50   Scaled Residual = 1.585676e-03

Optimization Phase took 0.06 sec

Validation Testing Phase ...

Optimized CG Setup ...

HIP Initial Residual = 6.189791e+03
HIP Iteration = 1   Scaled Residual = 2.181846e-01
HIP Iteration = 2   Scaled Residual = 1.180965e-01
HIP Iteration = 3   Scaled Residual = 8.045615e-02
HIP Iteration = 4   Scaled Residual = 6.089755e-02
HIP Iteration = 5   Scaled Residual = 4.902873e-02
HIP Iteration = 6   Scaled Residual = 4.099753e-02
HIP Iteration = 7   Scaled Residual = 3.522777e-02
HIP Iteration = 8   Scaled Residual = 3.086973e-02
HIP Iteration = 9   Scaled Residual = 2.746225e-02
HIP Iteration = 10   Scaled Residual = 2.472312e-02
HIP Iteration = 11   Scaled Residual = 2.247844e-02
HIP Iteration = 12   Scaled Residual = 2.060266e-02
HIP Iteration = 13   Scaled Residual = 1.901816e-02
HIP Iteration = 14   Scaled Residual = 1.766415e-02
HIP Iteration = 15   Scaled Residual = 1.649797e-02
HIP Iteration = 16   Scaled Residual = 1.548698e-02
HIP Iteration = 17   Scaled Residual = 1.460414e-02
HIP Iteration = 18   Scaled Residual = 1.382617e-02
HIP Iteration = 19   Scaled Residual = 1.313016e-02
HIP Iteration = 20   Scaled Residual = 1.249392e-02
HIP Iteration = 21   Scaled Residual = 1.189707e-02
HIP Iteration = 22   Scaled Residual = 1.132280e-02
HIP Iteration = 23   Scaled Residual = 1.076312e-02
HIP Iteration = 24   Scaled Residual = 1.021822e-02
HIP Iteration = 25   Scaled Residual = 9.693870e-03
HIP Iteration = 26   Scaled Residual = 9.199006e-03
HIP Iteration = 27   Scaled Residual = 8.739697e-03
HIP Iteration = 28   Scaled Residual = 8.318291e-03
HIP Iteration = 29   Scaled Residual = 7.934674e-03
HIP Iteration = 30   Scaled Residual = 7.585779e-03
HIP Iteration = 31   Scaled Residual = 7.267909e-03
HIP Iteration = 32   Scaled Residual = 6.978178e-03
HIP Iteration = 33   Scaled Residual = 6.713992e-03
HIP Iteration = 34   Scaled Residual = 6.475305e-03
HIP Iteration = 35   Scaled Residual = 6.267033e-03
HIP Iteration = 36   Scaled Residual = 6.101336e-03
HIP Iteration = 37   Scaled Residual = 6.002738e-03
HIP Iteration = 38   Scaled Residual = 6.009398e-03
HIP Iteration = 39   Scaled Residual = 6.161507e-03
HIP Iteration = 40   Scaled Residual = 6.460818e-03
HIP Iteration = 41   Scaled Residual = 6.771098e-03
HIP Iteration = 42   Scaled Residual = 6.706237e-03
HIP Iteration = 43   Scaled Residual = 5.830366e-03
HIP Iteration = 44   Scaled Residual = 4.311375e-03
HIP Iteration = 45   Scaled Residual = 2.924462e-03
HIP Iteration = 46   Scaled Residual = 2.227751e-03
HIP Iteration = 47   Scaled Residual = 2.291888e-03
HIP Iteration = 48   Scaled Residual = 2.589115e-03
HIP Iteration = 49   Scaled Residual = 2.094944e-03
HIP Iteration = 50   Scaled Residual = 1.450875e-03

Total device memory usage: 13262 MByte (196592 MByte)

Starting Benchmarking Phase ...

Performing (at least) 5384 CG sets in 3600.0 seconds ...
CG set 1 / 5384    615.2178 GFlop/s     (615.2178 GFlop/s per process)    0%    3599.3 sec left
CG set 2 / 5384    617.8194 GFlop/s     (617.8194 GFlop/s per process)    0%    3598.7 sec left
CG set 3 / 5384    610.0072 GFlop/s     (610.0072 GFlop/s per process)    0%    3598.0 sec left
CG set 4 / 5384    608.6384 GFlop/s     (608.6384 GFlop/s per process)    0%    3597.3 sec left
CG set 5 / 5384    603.9317 GFlop/s     (603.9317 GFlop/s per process)    0%    3596.7 sec left
CG set 6 / 5384    603.7031 GFlop/s     (603.7031 GFlop/s per process)    0%    3596.0 sec left
CG set 7 / 5384    600.6452 GFlop/s     (600.6452 GFlop/s per process)    0%    3595.3 sec left
CG set 8 / 5384    600.7963 GFlop/s     (600.7963 GFlop/s per process)    0%    3594.6 sec left
CG set 9 / 5384    596.9596 GFlop/s     (596.9596 GFlop/s per process)    0%    3593.9 sec left
CG set 10 / 5384    595.8312 GFlop/s     (595.8312 GFlop/s per process)    0%    3593.2 sec left
CG set 11 / 5384    596.1854 GFlop/s     (596.1854 GFlop/s per process)    0%    3592.6 sec left
CG set 12 / 5384    592.2923 GFlop/s     (592.2923 GFlop/s per process)    0%    3591.8 sec left
CG set 13 / 5384    592.6015 GFlop/s     (592.6015 GFlop/s per process)    0%    3591.1 sec left
CG set 14 / 5384    591.3334 GFlop/s     (591.3334 GFlop/s per process)    0%    3590.4 sec left
CG set 15 / 5384    590.5246 GFlop/s     (590.5246 GFlop/s per process)    0%    3589.7 sec left
CG set 16 / 5384    590.9359 GFlop/s     (590.9359 GFlop/s per process)    0%    3589.1 sec left
CG set 17 / 5384    590.0754 GFlop/s     (590.0754 GFlop/s per process)    0%    3588.4 sec left
CG set 18 / 5384    590.5192 GFlop/s     (590.5192 GFlop/s per process)    0%    3587.7 sec left
CG set 19 / 5384    589.7620 GFlop/s     (589.7620 GFlop/s per process)    0%    3587.0 sec left
CG set 20 / 5384    589.2027 GFlop/s     (589.2027 GFlop/s per process)    0%    3586.3 sec left
CG set 21 / 5384    589.6496 GFlop/s     (589.6496 GFlop/s per process)    0%    3585.6 sec left
CG set 22 / 5384    588.9711 GFlop/s     (588.9711 GFlop/s per process)    0%    3584.9 sec left
CG set 23 / 5384    589.3404 GFlop/s     (589.3404 GFlop/s per process)    0%    3584.2 sec left
CG set 24 / 5384    588.7737 GFlop/s     (588.7737 GFlop/s per process)    0%    3583.5 sec left
CG set 25 / 5384    582.2776 GFlop/s     (582.2776 GFlop/s per process)    0%    3582.7 sec left
CG set 26 / 5384    576.7691 GFlop/s     (576.7691 GFlop/s per process)    0%    3581.8 sec left
CG set 27 / 5384    576.8378 GFlop/s     (576.8378 GFlop/s per process)    0%    3581.1 sec left
CG set 28 / 5384    576.9153 GFlop/s     (576.9153 GFlop/s per process)    0%    3580.4 sec left
CG set 29 / 5384    577.6422 GFlop/s     (577.6422 GFlop/s per process)    0%    3579.7 sec left
CG set 30 / 5384    577.4861 GFlop/s     (577.4861 GFlop/s per process)    0%    3579.0 sec left
CG set 31 / 5384    577.9608 GFlop/s     (577.9608 GFlop/s per process)    0%    3578.3 sec left
CG set 32 / 5384    577.5945 GFlop/s     (577.5945 GFlop/s per process)    0%    3577.6 sec left
CG set 33 / 5384    577.9331 GFlop/s     (577.9331 GFlop/s per process)    0%    3576.9 sec left
CG set 34 / 5384    577.7454 GFlop/s     (577.7454 GFlop/s per process)    0%    3576.2 sec left
CG set 35 / 5384    577.6654 GFlop/s     (577.6654 GFlop/s per process)    0%    3575.5 sec left
CG set 36 / 5384    578.1521 GFlop/s     (578.1521 GFlop/s per process)    0%    3574.8 sec left
CG set 37 / 5384    578.0358 GFlop/s     (578.0358 GFlop/s per process)    0%    3574.1 sec left
CG set 38 / 5384    578.4636 GFlop/s     (578.4636 GFlop/s per process)    0%    3573.5 sec left
CG set 39 / 5384    578.3771 GFlop/s     (578.3771 GFlop/s per process)    0%    3572.8 sec left
CG set 40 / 5384    578.1770 GFlop/s     (578.1770 GFlop/s per process)    0%    3572.1 sec left
CG set 41 / 5384    578.5354 GFlop/s     (578.5354 GFlop/s per process)    0%    3571.4 sec left
CG set 42 / 5384    578.3625 GFlop/s     (578.3625 GFlop/s per process)    0%    3570.7 sec left
CG set 43 / 5384    579.2001 GFlop/s     (579.2001 GFlop/s per process)    0%    3570.0 sec left
CG set 44 / 5384    579.6530 GFlop/s     (579.6530 GFlop/s per process)    0%    3569.3 sec left
CG set 45 / 5384    580.1890 GFlop/s     (580.1890 GFlop/s per process)    0%    3568.7 sec left
CG set 46 / 5384    580.6943 GFlop/s     (580.6943 GFlop/s per process)    0%    3568.0 sec left
CG set 47 / 5384    581.3940 GFlop/s     (581.3940 GFlop/s per process)    0%    3567.3 sec left
CG set 48 / 5384    581.7041 GFlop/s     (581.7041 GFlop/s per process)    0%    3566.7 sec left
CG set 49 / 5384    582.0760 GFlop/s     (582.0760 GFlop/s per process)    0%    3566.0 sec left
CG set 50 / 5384    582.4122 GFlop/s     (582.4122 GFlop/s per process)    0%    3565.3 sec left
CG set 51 / 5384    582.6286 GFlop/s     (582.6286 GFlop/s per process)    0%    3564.6 sec left
CG set 52 / 5384    582.4424 GFlop/s     (582.4424 GFlop/s per process)    0%    3563.9 sec left
CG set 53 / 5384    582.6303 GFlop/s     (582.6303 GFlop/s per process)    0%    3563.3 sec left
CG set 54 / 5384    582.8227 GFlop/s     (582.8227 GFlop/s per process)    1%    3562.6 sec left
CG set 55 / 5384    582.5870 GFlop/s     (582.5870 GFlop/s per process)    1%    3561.9 sec left
CG set 56 / 5384    582.8799 GFlop/s     (582.8799 GFlop/s per process)    1%    3561.2 sec left
CG set 57 / 5384    583.0618 GFlop/s     (583.0618 GFlop/s per process)    1%    3560.5 sec left
CG set 58 / 5384    582.8877 GFlop/s     (582.8877 GFlop/s per process)    1%    3559.8 sec left
CG set 59 / 5384    583.0425 GFlop/s     (583.0425 GFlop/s per process)    1%    3559.1 sec left
CG set 60 / 5384    583.1277 GFlop/s     (583.1277 GFlop/s per process)    1%    3558.4 sec left
CG set 61 / 5384    582.8607 GFlop/s     (582.8607 GFlop/s per process)    1%    3557.7 sec left
CG set 62 / 5384    582.9842 GFlop/s     (582.9842 GFlop/s per process)    1%    3557.0 sec left
CG set 63 / 5384    582.8419 GFlop/s     (582.8419 GFlop/s per process)    1%    3556.3 sec left
CG set 64 / 5384    583.0367 GFlop/s     (583.0367 GFlop/s per process)    1%    3555.7 sec left
CG set 65 / 5384    583.1705 GFlop/s     (583.1705 GFlop/s per process)    1%    3555.0 sec left
CG set 66 / 5384    583.3048 GFlop/s     (583.3048 GFlop/s per process)    1%    3554.3 sec left
CG set 67 / 5384    583.1045 GFlop/s     (583.1045 GFlop/s per process)    1%    3553.6 sec left
CG set 68 / 5384    583.2331 GFlop/s     (583.2331 GFlop/s per process)    1%    3552.9 sec left
CG set 69 / 5384    583.3573 GFlop/s     (583.3573 GFlop/s per process)    1%    3552.2 sec left
CG set 70 / 5384    583.2074 GFlop/s     (583.2074 GFlop/s per process)    1%    3551.5 sec left
CG set 71 / 5384    583.3776 GFlop/s     (583.3776 GFlop/s per process)    1%    3550.8 sec left
CG set 72 / 5384    583.5191 GFlop/s     (583.5191 GFlop/s per process)    1%    3550.2 sec left
CG set 73 / 5384    583.3521 GFlop/s     (583.3521 GFlop/s per process)    1%    3549.5 sec left
CG set 74 / 5384    583.4901 GFlop/s     (583.4901 GFlop/s per process)    1%    3548.8 sec left
CG set 75 / 5384    583.1971 GFlop/s     (583.1971 GFlop/s per process)    1%    3548.1 sec left
CG set 76 / 5384    583.3269 GFlop/s     (583.3269 GFlop/s per process)    1%    3547.4 sec left
CG set 77 / 5384    583.4531 GFlop/s     (583.4531 GFlop/s per process)    1%    3546.7 sec left
CG set 78 / 5384    583.5967 GFlop/s     (583.5967 GFlop/s per process)    1%    3546.0 sec left
CG set 79 / 5384    583.4955 GFlop/s     (583.4955 GFlop/s per process)    1%    3545.3 sec left
CG set 80 / 5384    583.6267 GFlop/s     (583.6267 GFlop/s per process)    1%    3544.6 sec left
CG set 81 / 5384    583.7704 GFlop/s     (583.7704 GFlop/s per process)    1%    3544.0 sec left
CG set 82 / 5384    583.6606 GFlop/s     (583.6606 GFlop/s per process)    1%    3543.3 sec left
CG set 83 / 5384    583.7797 GFlop/s     (583.7797 GFlop/s per process)    1%    3542.6 sec left
CG set 84 / 5384    583.9049 GFlop/s     (583.9049 GFlop/s per process)    1%    3541.9 sec left
CG set 85 / 5384    581.9705 GFlop/s     (581.9705 GFlop/s per process)    1%    3541.0 sec left
CG set 86 / 5384    582.0951 GFlop/s     (582.0951 GFlop/s per process)    1%    3540.3 sec left
CG set 87 / 5384    582.0127 GFlop/s     (582.0127 GFlop/s per process)    1%    3539.6 sec left
CG set 88 / 5384    582.1744 GFlop/s     (582.1744 GFlop/s per process)    1%    3539.0 sec left
CG set 89 / 5384    582.3119 GFlop/s     (582.3119 GFlop/s per process)    1%    3538.3 sec left
CG set 90 / 5384    582.2665 GFlop/s     (582.2665 GFlop/s per process)    1%    3537.6 sec left
CG set 91 / 5384    582.4160 GFlop/s     (582.4160 GFlop/s per process)    1%    3536.9 sec left
CG set 92 / 5384    582.5446 GFlop/s     (582.5446 GFlop/s per process)    1%    3536.2 sec left
CG set 93 / 5384    582.6738 GFlop/s     (582.6738 GFlop/s per process)    1%    3535.5 sec left
CG set 94 / 5384    582.5779 GFlop/s     (582.5779 GFlop/s per process)    1%    3534.8 sec left
CG set 95 / 5384    582.7034 GFlop/s     (582.7034 GFlop/s per process)    1%    3534.2 sec left
CG set 96 / 5384    582.8202 GFlop/s     (582.8202 GFlop/s per process)    1%    3533.5 sec left
CG set 97 / 5384    582.8171 GFlop/s     (582.8171 GFlop/s per process)    1%    3532.8 sec left
CG set 98 / 5384    582.9774 GFlop/s     (582.9774 GFlop/s per process)    1%    3532.1 sec left
CG set 99 / 5384    583.1323 GFlop/s     (583.1323 GFlop/s per process)    1%    3531.4 sec left
CG set 100 / 5384    583.4025 GFlop/s     (583.4025 GFlop/s per process)    1%    3530.8 sec left
CG set 101 / 5384    583.5979 GFlop/s     (583.5979 GFlop/s per process)    1%    3530.1 sec left
CG set 102 / 5384    583.7627 GFlop/s     (583.7627 GFlop/s per process)    1%    3529.4 sec left
CG set 103 / 5384    583.8825 GFlop/s     (583.8825 GFlop/s per process)    1%    3528.8 sec left
CG set 104 / 5384    584.0283 GFlop/s     (584.0283 GFlop/s per process)    1%    3528.1 sec left
CG set 105 / 5384    584.1218 GFlop/s     (584.1218 GFlop/s per process)    1%    3527.4 sec left
CG set 106 / 5384    584.2120 GFlop/s     (584.2120 GFlop/s per process)    1%    3526.7 sec left
CG set 107 / 5384    584.3002 GFlop/s     (584.3002 GFlop/s per process)    1%    3526.0 sec left
CG set 108 / 5384    584.3891 GFlop/s     (584.3891 GFlop/s per process)    2%    3525.4 sec left
CG set 109 / 5384    584.4779 GFlop/s     (584.4779 GFlop/s per process)    2%    3524.7 sec left
CG set 110 / 5384    584.5437 GFlop/s     (584.5437 GFlop/s per process)    2%    3524.0 sec left
CG set 111 / 5384    584.6144 GFlop/s     (584.6144 GFlop/s per process)    2%    3523.3 sec left
CG set 112 / 5384    584.7451 GFlop/s     (584.7451 GFlop/s per process)    2%    3522.6 sec left
CG set 113 / 5384    584.8103 GFlop/s     (584.8103 GFlop/s per process)    2%    3522.0 sec left
CG set 114 / 5384    584.8858 GFlop/s     (584.8858 GFlop/s per process)    2%    3521.3 sec left
CG set 115 / 5384    584.9725 GFlop/s     (584.9725 GFlop/s per process)    2%    3520.6 sec left
CG set 116 / 5384    585.0357 GFlop/s     (585.0357 GFlop/s per process)    2%    3519.9 sec left
CG set 117 / 5384    585.0581 GFlop/s     (585.0581 GFlop/s per process)    2%    3519.2 sec left
CG set 118 / 5384    584.9255 GFlop/s     (584.9255 GFlop/s per process)    2%    3518.5 sec left
CG set 119 / 5384    584.9546 GFlop/s     (584.9546 GFlop/s per process)    2%    3517.8 sec left
CG set 120 / 5384    584.9950 GFlop/s     (584.9950 GFlop/s per process)    2%    3517.2 sec left
CG set 121 / 5384    585.0295 GFlop/s     (585.0295 GFlop/s per process)    2%    3516.5 sec left
CG set 122 / 5384    585.0890 GFlop/s     (585.0890 GFlop/s per process)    2%    3515.8 sec left
CG set 123 / 5384    585.1328 GFlop/s     (585.1328 GFlop/s per process)    2%    3515.1 sec left
CG set 124 / 5384    585.1666 GFlop/s     (585.1666 GFlop/s per process)    2%    3514.4 sec left
CG set 125 / 5384    585.1983 GFlop/s     (585.1983 GFlop/s per process)    2%    3513.7 sec left
CG set 126 / 5384    585.2386 GFlop/s     (585.2386 GFlop/s per process)    2%    3513.1 sec left
CG set 127 / 5384    585.2740 GFlop/s     (585.2740 GFlop/s per process)    2%    3512.4 sec left
CG set 128 / 5384    585.3116 GFlop/s     (585.3116 GFlop/s per process)    2%    3511.7 sec left
CG set 129 / 5384    585.3368 GFlop/s     (585.3368 GFlop/s per process)    2%    3511.0 sec left
CG set 130 / 5384    585.3819 GFlop/s     (585.3819 GFlop/s per process)    2%    3510.3 sec left
CG set 131 / 5384    585.4324 GFlop/s     (585.4324 GFlop/s per process)    2%    3509.6 sec left
CG set 132 / 5384    585.4614 GFlop/s     (585.4614 GFlop/s per process)    2%    3508.9 sec left
CG set 133 / 5384    585.4838 GFlop/s     (585.4838 GFlop/s per process)    2%    3508.3 sec left
CG set 134 / 5384    585.5095 GFlop/s     (585.5095 GFlop/s per process)    2%    3507.6 sec left
CG set 135 / 5384    585.5573 GFlop/s     (585.5573 GFlop/s per process)    2%    3506.9 sec left
CG set 136 / 5384    585.5873 GFlop/s     (585.5873 GFlop/s per process)    2%    3506.2 sec left
CG set 137 / 5384    585.6110 GFlop/s     (585.6110 GFlop/s per process)    2%    3505.5 sec left
CG set 138 / 5384    585.6479 GFlop/s     (585.6479 GFlop/s per process)    2%    3504.8 sec left
CG set 139 / 5384    585.6938 GFlop/s     (585.6938 GFlop/s per process)    2%    3504.2 sec left
CG set 140 / 5384    585.7234 GFlop/s     (585.7234 GFlop/s per process)    2%    3503.5 sec left
CG set 141 / 5384    585.7633 GFlop/s     (585.7633 GFlop/s per process)    2%    3502.8 sec left
CG set 142 / 5384    585.8080 GFlop/s     (585.8080 GFlop/s per process)    2%    3502.1 sec left
CG set 143 / 5384    585.8412 GFlop/s     (585.8412 GFlop/s per process)    2%    3501.4 sec left
CG set 144 / 5384    585.8879 GFlop/s     (585.8879 GFlop/s per process)    2%    3500.7 sec left
CG set 145 / 5384    585.9252 GFlop/s     (585.9252 GFlop/s per process)    2%    3500.1 sec left
CG set 146 / 5384    585.9814 GFlop/s     (585.9814 GFlop/s per process)    2%    3499.4 sec left
CG set 147 / 5384    586.0314 GFlop/s     (586.0314 GFlop/s per process)    2%    3498.7 sec left
CG set 148 / 5384    586.0825 GFlop/s     (586.0825 GFlop/s per process)    2%    3498.0 sec left
CG set 149 / 5384    586.1156 GFlop/s     (586.1156 GFlop/s per process)    2%    3497.3 sec left
CG set 150 / 5384    586.1430 GFlop/s     (586.1430 GFlop/s per process)    2%    3496.7 sec left
CG set 151 / 5384    586.1708 GFlop/s     (586.1708 GFlop/s per process)    2%    3496.0 sec left
CG set 152 / 5384    586.2162 GFlop/s     (586.2162 GFlop/s per process)    2%    3495.3 sec left
CG set 153 / 5384    586.2563 GFlop/s     (586.2563 GFlop/s per process)    2%    3494.6 sec left
CG set 154 / 5384    586.3124 GFlop/s     (586.3124 GFlop/s per process)    2%    3493.9 sec left
CG set 155 / 5384    586.3575 GFlop/s     (586.3575 GFlop/s per process)    2%    3493.2 sec left
CG set 156 / 5384    586.3980 GFlop/s     (586.3980 GFlop/s per process)    2%    3492.6 sec left
CG set 157 / 5384    586.4427 GFlop/s     (586.4427 GFlop/s per process)    2%    3491.9 sec left
CG set 158 / 5384    586.4891 GFlop/s     (586.4891 GFlop/s per process)    2%    3491.2 sec left
CG set 159 / 5384    586.4369 GFlop/s     (586.4369 GFlop/s per process)    2%    3490.5 sec left
CG set 160 / 5384    586.4574 GFlop/s     (586.4574 GFlop/s per process)    2%    3489.8 sec left
CG set 161 / 5384    586.5024 GFlop/s     (586.5024 GFlop/s per process)    2%    3489.1 sec left
CG set 162 / 5384    586.5459 GFlop/s     (586.5459 GFlop/s per process)    3%    3488.5 sec left
CG set 163 / 5384    586.5905 GFlop/s     (586.5905 GFlop/s per process)    3%    3487.8 sec left
CG set 164 / 5384    586.5954 GFlop/s     (586.5954 GFlop/s per process)    3%    3487.1 sec left
CG set 165 / 5384    586.6926 GFlop/s     (586.6926 GFlop/s per process)    3%    3486.4 sec left
CG set 166 / 5384    586.7645 GFlop/s     (586.7645 GFlop/s per process)    3%    3485.7 sec left
CG set 167 / 5384    586.8281 GFlop/s     (586.8281 GFlop/s per process)    3%    3485.1 sec left
CG set 168 / 5384    586.9734 GFlop/s     (586.9734 GFlop/s per process)    3%    3484.4 sec left
CG set 169 / 5384    587.1141 GFlop/s     (587.1141 GFlop/s per process)    3%    3483.8 sec left
CG set 170 / 5384    587.2124 GFlop/s     (587.2124 GFlop/s per process)    3%    3483.1 sec left
CG set 171 / 5384    587.2988 GFlop/s     (587.2988 GFlop/s per process)    3%    3482.4 sec left
CG set 172 / 5384    587.3521 GFlop/s     (587.3521 GFlop/s per process)    3%    3481.7 sec left
CG set 173 / 5384    587.4220 GFlop/s     (587.4220 GFlop/s per process)    3%    3481.1 sec left
CG set 174 / 5384    587.4663 GFlop/s     (587.4663 GFlop/s per process)    3%    3480.4 sec left
CG set 175 / 5384    587.5039 GFlop/s     (587.5039 GFlop/s per process)    3%    3479.7 sec left
CG set 176 / 5384    587.5349 GFlop/s     (587.5349 GFlop/s per process)    3%    3479.0 sec left
CG set 177 / 5384    587.6637 GFlop/s     (587.6637 GFlop/s per process)    3%    3478.4 sec left
CG set 178 / 5384    587.7058 GFlop/s     (587.7058 GFlop/s per process)    3%    3477.7 sec left
CG set 179 / 5384    587.7422 GFlop/s     (587.7422 GFlop/s per process)    3%    3477.0 sec left
CG set 180 / 5384    587.7760 GFlop/s     (587.7760 GFlop/s per process)    3%    3476.3 sec left
CG set 181 / 5384    587.8044 GFlop/s     (587.8044 GFlop/s per process)    3%    3475.6 sec left
CG set 182 / 5384    587.8770 GFlop/s     (587.8770 GFlop/s per process)    3%    3475.0 sec left
CG set 183 / 5384    587.9002 GFlop/s     (587.9002 GFlop/s per process)    3%    3474.3 sec left
CG set 184 / 5384    587.9340 GFlop/s     (587.9340 GFlop/s per process)    3%    3473.6 sec left
CG set 185 / 5384    588.0612 GFlop/s     (588.0612 GFlop/s per process)    3%    3473.0 sec left
CG set 186 / 5384    588.1026 GFlop/s     (588.1026 GFlop/s per process)    3%    3472.3 sec left
CG set 187 / 5384    588.1303 GFlop/s     (588.1303 GFlop/s per process)    3%    3471.6 sec left
CG set 188 / 5384    588.1438 GFlop/s     (588.1438 GFlop/s per process)    3%    3470.9 sec left
CG set 189 / 5384    588.1492 GFlop/s     (588.1492 GFlop/s per process)    3%    3470.2 sec left
CG set 190 / 5384    588.1650 GFlop/s     (588.1650 GFlop/s per process)    3%    3469.5 sec left
CG set 191 / 5384    588.1733 GFlop/s     (588.1733 GFlop/s per process)    3%    3468.9 sec left
CG set 192 / 5384    588.1962 GFlop/s     (588.1962 GFlop/s per process)    3%    3468.2 sec left
CG set 193 / 5384    588.2121 GFlop/s     (588.2121 GFlop/s per process)    3%    3467.5 sec left
CG set 194 / 5384    588.3325 GFlop/s     (588.3325 GFlop/s per process)    3%    3466.8 sec left
CG set 195 / 5384    588.3616 GFlop/s     (588.3616 GFlop/s per process)    3%    3466.2 sec left
CG set 196 / 5384    588.3800 GFlop/s     (588.3800 GFlop/s per process)    3%    3465.5 sec left
CG set 197 / 5384    588.3991 GFlop/s     (588.3991 GFlop/s per process)    3%    3464.8 sec left
CG set 198 / 5384    588.4078 GFlop/s     (588.4078 GFlop/s per process)    3%    3464.1 sec left
CG set 199 / 5384    588.4301 GFlop/s     (588.4301 GFlop/s per process)    3%    3463.4 sec left
CG set 200 / 5384    588.4386 GFlop/s     (588.4386 GFlop/s per process)    3%    3462.7 sec left
CG set 201 / 5384    588.4572 GFlop/s     (588.4572 GFlop/s per process)    3%    3462.1 sec left
CG set 202 / 5384    588.4703 GFlop/s     (588.4703 GFlop/s per process)    3%    3461.4 sec left
CG set 203 / 5384    588.5856 GFlop/s     (588.5856 GFlop/s per process)    3%    3460.7 sec left
CG set 204 / 5384    588.6146 GFlop/s     (588.6146 GFlop/s per process)    3%    3460.0 sec left
CG set 205 / 5384    588.6446 GFlop/s     (588.6446 GFlop/s per process)    3%    3459.4 sec left
CG set 206 / 5384    588.6630 GFlop/s     (588.6630 GFlop/s per process)    3%    3458.7 sec left
CG set 207 / 5384    588.6741 GFlop/s     (588.6741 GFlop/s per process)    3%    3458.0 sec left
CG set 208 / 5384    588.6881 GFlop/s     (588.6881 GFlop/s per process)    3%    3457.3 sec left
CG set 209 / 5384    588.7094 GFlop/s     (588.7094 GFlop/s per process)    3%    3456.6 sec left
CG set 210 / 5384    588.7141 GFlop/s     (588.7141 GFlop/s per process)    3%    3456.0 sec left
CG set 211 / 5384    588.8205 GFlop/s     (588.8205 GFlop/s per process)    3%    3455.3 sec left
CG set 212 / 5384    588.8377 GFlop/s     (588.8377 GFlop/s per process)    3%    3454.6 sec left
CG set 213 / 5384    588.8592 GFlop/s     (588.8592 GFlop/s per process)    3%    3453.9 sec left
CG set 214 / 5384    588.8902 GFlop/s     (588.8902 GFlop/s per process)    3%    3453.3 sec left
CG set 215 / 5384    588.9167 GFlop/s     (588.9167 GFlop/s per process)    3%    3452.6 sec left
CG set 216 / 5384    588.9244 GFlop/s     (588.9244 GFlop/s per process)    4%    3451.9 sec left
CG set 217 / 5384    588.9461 GFlop/s     (588.9461 GFlop/s per process)    4%    3451.2 sec left
CG set 218 / 5384    588.9648 GFlop/s     (588.9648 GFlop/s per process)    4%    3450.5 sec left
CG set 219 / 5384    588.9887 GFlop/s     (588.9887 GFlop/s per process)    4%    3449.8 sec left
CG set 220 / 5384    589.0994 GFlop/s     (589.0994 GFlop/s per process)    4%    3449.2 sec left
CG set 221 / 5384    589.1213 GFlop/s     (589.1213 GFlop/s per process)    4%    3448.5 sec left
CG set 222 / 5384    589.1463 GFlop/s     (589.1463 GFlop/s per process)    4%    3447.8 sec left
CG set 223 / 5384    589.1722 GFlop/s     (589.1722 GFlop/s per process)    4%    3447.2 sec left
CG set 224 / 5384    589.1975 GFlop/s     (589.1975 GFlop/s per process)    4%    3446.5 sec left
CG set 225 / 5384    589.2184 GFlop/s     (589.2184 GFlop/s per process)    4%    3445.8 sec left
CG set 226 / 5384    589.2329 GFlop/s     (589.2329 GFlop/s per process)    4%    3445.1 sec left
CG set 227 / 5384    589.2464 GFlop/s     (589.2464 GFlop/s per process)    4%    3444.4 sec left
CG set 228 / 5384    589.2708 GFlop/s     (589.2708 GFlop/s per process)    4%    3443.8 sec left
CG set 229 / 5384    589.3667 GFlop/s     (589.3667 GFlop/s per process)    4%    3443.1 sec left
CG set 230 / 5384    589.4000 GFlop/s     (589.4000 GFlop/s per process)    4%    3442.4 sec left
CG set 231 / 5384    589.4332 GFlop/s     (589.4332 GFlop/s per process)    4%    3441.7 sec left
CG set 232 / 5384    589.4589 GFlop/s     (589.4589 GFlop/s per process)    4%    3441.1 sec left
CG set 233 / 5384    589.4878 GFlop/s     (589.4878 GFlop/s per process)    4%    3440.4 sec left
CG set 234 / 5384    589.5150 GFlop/s     (589.5150 GFlop/s per process)    4%    3439.7 sec left
CG set 235 / 5384    589.5448 GFlop/s     (589.5448 GFlop/s per process)    4%    3439.0 sec left
CG set 236 / 5384    589.5702 GFlop/s     (589.5702 GFlop/s per process)    4%    3438.4 sec left
CG set 237 / 5384    589.6675 GFlop/s     (589.6675 GFlop/s per process)    4%    3437.7 sec left
CG set 238 / 5384    589.6928 GFlop/s     (589.6928 GFlop/s per process)    4%    3437.0 sec left
CG set 239 / 5384    589.7007 GFlop/s     (589.7007 GFlop/s per process)    4%    3436.3 sec left
CG set 240 / 5384    589.7271 GFlop/s     (589.7271 GFlop/s per process)    4%    3435.7 sec left
CG set 241 / 5384    589.7545 GFlop/s     (589.7545 GFlop/s per process)    4%    3435.0 sec left
CG set 242 / 5384    589.7727 GFlop/s     (589.7727 GFlop/s per process)    4%    3434.3 sec left
CG set 243 / 5384    589.7739 GFlop/s     (589.7739 GFlop/s per process)    4%    3433.6 sec left
CG set 244 / 5384    589.8337 GFlop/s     (589.8337 GFlop/s per process)    4%    3433.0 sec left
CG set 245 / 5384    589.9251 GFlop/s     (589.9251 GFlop/s per process)    4%    3432.3 sec left
CG set 246 / 5384    589.9637 GFlop/s     (589.9637 GFlop/s per process)    4%    3431.6 sec left
CG set 247 / 5384    589.9996 GFlop/s     (589.9996 GFlop/s per process)    4%    3430.9 sec left
CG set 248 / 5384    590.0885 GFlop/s     (590.0885 GFlop/s per process)    4%    3430.3 sec left
CG set 249 / 5384    590.1456 GFlop/s     (590.1456 GFlop/s per process)    4%    3429.6 sec left
CG set 250 / 5384    590.1969 GFlop/s     (590.1969 GFlop/s per process)    4%    3428.9 sec left
CG set 251 / 5384    590.2290 GFlop/s     (590.2290 GFlop/s per process)    4%    3428.3 sec left
CG set 252 / 5384    590.2771 GFlop/s     (590.2771 GFlop/s per process)    4%    3427.6 sec left
CG set 253 / 5384    590.3648 GFlop/s     (590.3648 GFlop/s per process)    4%    3426.9 sec left
CG set 254 / 5384    590.3861 GFlop/s     (590.3861 GFlop/s per process)    4%    3426.3 sec left
CG set 255 / 5384    590.4063 GFlop/s     (590.4063 GFlop/s per process)    4%    3425.6 sec left
CG set 256 / 5384    590.4360 GFlop/s     (590.4360 GFlop/s per process)    4%    3424.9 sec left
CG set 257 / 5384    590.4572 GFlop/s     (590.4572 GFlop/s per process)    4%    3424.2 sec left
CG set 258 / 5384    590.4775 GFlop/s     (590.4775 GFlop/s per process)    4%    3423.6 sec left
CG set 259 / 5384    590.4922 GFlop/s     (590.4922 GFlop/s per process)    4%    3422.9 sec left
CG set 260 / 5384    590.5112 GFlop/s     (590.5112 GFlop/s per process)    4%    3422.2 sec left
CG set 261 / 5384    590.5940 GFlop/s     (590.5940 GFlop/s per process)    4%    3421.5 sec left
CG set 262 / 5384    590.6386 GFlop/s     (590.6386 GFlop/s per process)    4%    3420.9 sec left
CG set 263 / 5384    590.6483 GFlop/s     (590.6483 GFlop/s per process)    4%    3420.2 sec left
CG set 264 / 5384    590.6607 GFlop/s     (590.6607 GFlop/s per process)    4%    3419.5 sec left
CG set 265 / 5384    590.6861 GFlop/s     (590.6861 GFlop/s per process)    4%    3418.8 sec left
CG set 266 / 5384    590.7011 GFlop/s     (590.7011 GFlop/s per process)    4%    3418.2 sec left
CG set 267 / 5384    590.6922 GFlop/s     (590.6922 GFlop/s per process)    4%    3417.5 sec left
CG set 268 / 5384    590.6795 GFlop/s     (590.6795 GFlop/s per process)    4%    3416.8 sec left
CG set 269 / 5384    590.6826 GFlop/s     (590.6826 GFlop/s per process)    4%    3416.1 sec left
CG set 270 / 5384    590.7634 GFlop/s     (590.7634 GFlop/s per process)    5%    3415.4 sec left
CG set 271 / 5384    590.7588 GFlop/s     (590.7588 GFlop/s per process)    5%    3414.8 sec left
CG set 272 / 5384    590.7714 GFlop/s     (590.7714 GFlop/s per process)    5%    3414.1 sec left
CG set 273 / 5384    590.7776 GFlop/s     (590.7776 GFlop/s per process)    5%    3413.4 sec left
CG set 274 / 5384    590.7938 GFlop/s     (590.7938 GFlop/s per process)    5%    3412.7 sec left
CG set 275 / 5384    590.8035 GFlop/s     (590.8035 GFlop/s per process)    5%    3412.0 sec left
CG set 276 / 5384    590.8047 GFlop/s     (590.8047 GFlop/s per process)    5%    3411.4 sec left
CG set 277 / 5384    590.8072 GFlop/s     (590.8072 GFlop/s per process)    5%    3410.7 sec left
CG set 278 / 5384    590.8191 GFlop/s     (590.8191 GFlop/s per process)    5%    3410.0 sec left
CG set 279 / 5384    590.8942 GFlop/s     (590.8942 GFlop/s per process)    5%    3409.3 sec left
CG set 280 / 5384    590.8963 GFlop/s     (590.8963 GFlop/s per process)    5%    3408.7 sec left
CG set 281 / 5384    590.9023 GFlop/s     (590.9023 GFlop/s per process)    5%    3408.0 sec left
CG set 282 / 5384    590.9045 GFlop/s     (590.9045 GFlop/s per process)    5%    3407.3 sec left
CG set 283 / 5384    590.9162 GFlop/s     (590.9162 GFlop/s per process)    5%    3406.6 sec left
CG set 284 / 5384    590.9338 GFlop/s     (590.9338 GFlop/s per process)    5%    3405.9 sec left
CG set 285 / 5384    590.9402 GFlop/s     (590.9402 GFlop/s per process)    5%    3405.3 sec left
CG set 286 / 5384    590.9430 GFlop/s     (590.9430 GFlop/s per process)    5%    3404.6 sec left
CG set 287 / 5384    591.0194 GFlop/s     (591.0194 GFlop/s per process)    5%    3403.9 sec left
CG set 288 / 5384    591.0240 GFlop/s     (591.0240 GFlop/s per process)    5%    3403.2 sec left
CG set 289 / 5384    591.0288 GFlop/s     (591.0288 GFlop/s per process)    5%    3402.5 sec left
CG set 290 / 5384    591.0281 GFlop/s     (591.0281 GFlop/s per process)    5%    3401.9 sec left
CG set 291 / 5384    591.0308 GFlop/s     (591.0308 GFlop/s per process)    5%    3401.2 sec left
CG set 292 / 5384    591.0400 GFlop/s     (591.0400 GFlop/s per process)    5%    3400.5 sec left
CG set 293 / 5384    591.0573 GFlop/s     (591.0573 GFlop/s per process)    5%    3399.8 sec left
CG set 294 / 5384    591.0755 GFlop/s     (591.0755 GFlop/s per process)    5%    3399.1 sec left
CG set 295 / 5384    591.0853 GFlop/s     (591.0853 GFlop/s per process)    5%    3398.5 sec left
CG set 296 / 5384    591.1609 GFlop/s     (591.1609 GFlop/s per process)    5%    3397.8 sec left
CG set 297 / 5384    591.1706 GFlop/s     (591.1706 GFlop/s per process)    5%    3397.1 sec left
CG set 298 / 5384    591.1857 GFlop/s     (591.1857 GFlop/s per process)    5%    3396.5 sec left
CG set 299 / 5384    591.1975 GFlop/s     (591.1975 GFlop/s per process)    5%    3395.8 sec left
CG set 300 / 5384    591.2051 GFlop/s     (591.2051 GFlop/s per process)    5%    3395.1 sec left
CG set 301 / 5384    591.2200 GFlop/s     (591.2200 GFlop/s per process)    5%    3394.4 sec left
CG set 302 / 5384    591.2313 GFlop/s     (591.2313 GFlop/s per process)    5%    3393.7 sec left
CG set 303 / 5384    591.2462 GFlop/s     (591.2462 GFlop/s per process)    5%    3393.1 sec left
CG set 304 / 5384    591.3156 GFlop/s     (591.3156 GFlop/s per process)    5%    3392.4 sec left
CG set 305 / 5384    591.3251 GFlop/s     (591.3251 GFlop/s per process)    5%    3391.7 sec left
CG set 306 / 5384    591.3362 GFlop/s     (591.3362 GFlop/s per process)    5%    3391.0 sec left
CG set 307 / 5384    591.3382 GFlop/s     (591.3382 GFlop/s per process)    5%    3390.4 sec left
CG set 308 / 5384    591.3494 GFlop/s     (591.3494 GFlop/s per process)    5%    3389.7 sec left
CG set 309 / 5384    591.3630 GFlop/s     (591.3630 GFlop/s per process)    5%    3389.0 sec left
CG set 310 / 5384    591.3850 GFlop/s     (591.3850 GFlop/s per process)    5%    3388.3 sec left
CG set 311 / 5384    591.4015 GFlop/s     (591.4015 GFlop/s per process)    5%    3387.7 sec left
CG set 312 / 5384    591.4169 GFlop/s     (591.4169 GFlop/s per process)    5%    3387.0 sec left
CG set 313 / 5384    591.4901 GFlop/s     (591.4901 GFlop/s per process)    5%    3386.3 sec left
CG set 314 / 5384    591.5043 GFlop/s     (591.5043 GFlop/s per process)    5%    3385.6 sec left
CG set 315 / 5384    591.5244 GFlop/s     (591.5244 GFlop/s per process)    5%    3385.0 sec left
CG set 316 / 5384    591.5410 GFlop/s     (591.5410 GFlop/s per process)    5%    3384.3 sec left
CG set 317 / 5384    591.5587 GFlop/s     (591.5587 GFlop/s per process)    5%    3383.6 sec left
CG set 318 / 5384    591.5629 GFlop/s     (591.5629 GFlop/s per process)    5%    3382.9 sec left
CG set 319 / 5384    591.5697 GFlop/s     (591.5697 GFlop/s per process)    5%    3382.3 sec left
CG set 320 / 5384    591.5869 GFlop/s     (591.5869 GFlop/s per process)    5%    3381.6 sec left
CG set 321 / 5384    591.6536 GFlop/s     (591.6536 GFlop/s per process)    5%    3380.9 sec left
CG set 322 / 5384    591.6639 GFlop/s     (591.6639 GFlop/s per process)    5%    3380.2 sec left
CG set 323 / 5384    591.6662 GFlop/s     (591.6662 GFlop/s per process)    5%    3379.6 sec left
CG set 324 / 5384    591.7075 GFlop/s     (591.7075 GFlop/s per process)    6%    3378.9 sec left
CG set 325 / 5384    591.7361 GFlop/s     (591.7361 GFlop/s per process)    6%    3378.2 sec left
CG set 326 / 5384    591.7588 GFlop/s     (591.7588 GFlop/s per process)    6%    3377.5 sec left
CG set 327 / 5384    591.8233 GFlop/s     (591.8233 GFlop/s per process)    6%    3376.9 sec left
CG set 328 / 5384    591.8525 GFlop/s     (591.8525 GFlop/s per process)    6%    3376.2 sec left
CG set 329 / 5384    591.9154 GFlop/s     (591.9154 GFlop/s per process)    6%    3375.6 sec left
CG set 330 / 5384    591.9505 GFlop/s     (591.9505 GFlop/s per process)    6%    3374.9 sec left
CG set 331 / 5384    591.9752 GFlop/s     (591.9752 GFlop/s per process)    6%    3374.2 sec left
CG set 332 / 5384    592.0038 GFlop/s     (592.0038 GFlop/s per process)    6%    3373.5 sec left
CG set 333 / 5384    592.0183 GFlop/s     (592.0183 GFlop/s per process)    6%    3372.9 sec left
CG set 334 / 5384    592.0314 GFlop/s     (592.0314 GFlop/s per process)    6%    3372.2 sec left
CG set 335 / 5384    592.0450 GFlop/s     (592.0450 GFlop/s per process)    6%    3371.5 sec left
CG set 336 / 5384    592.0567 GFlop/s     (592.0567 GFlop/s per process)    6%    3370.8 sec left
CG set 337 / 5384    592.1180 GFlop/s     (592.1180 GFlop/s per process)    6%    3370.2 sec left
CG set 338 / 5384    592.1316 GFlop/s     (592.1316 GFlop/s per process)    6%    3369.5 sec left
CG set 339 / 5384    592.1403 GFlop/s     (592.1403 GFlop/s per process)    6%    3368.8 sec left
CG set 340 / 5384    592.1484 GFlop/s     (592.1484 GFlop/s per process)    6%    3368.1 sec left
CG set 341 / 5384    592.1757 GFlop/s     (592.1757 GFlop/s per process)    6%    3367.5 sec left
CG set 342 / 5384    592.1778 GFlop/s     (592.1778 GFlop/s per process)    6%    3366.8 sec left
CG set 343 / 5384    592.1837 GFlop/s     (592.1837 GFlop/s per process)    6%    3366.1 sec left
CG set 344 / 5384    592.1968 GFlop/s     (592.1968 GFlop/s per process)    6%    3365.4 sec left
CG set 345 / 5384    592.2083 GFlop/s     (592.2083 GFlop/s per process)    6%    3364.8 sec left
CG set 346 / 5384    592.2665 GFlop/s     (592.2665 GFlop/s per process)    6%    3364.1 sec left
CG set 347 / 5384    592.2628 GFlop/s     (592.2628 GFlop/s per process)    6%    3363.4 sec left
CG set 348 / 5384    592.2549 GFlop/s     (592.2549 GFlop/s per process)    6%    3362.7 sec left
CG set 349 / 5384    592.2550 GFlop/s     (592.2550 GFlop/s per process)    6%    3362.1 sec left
CG set 350 / 5384    592.2494 GFlop/s     (592.2494 GFlop/s per process)    6%    3361.4 sec left
CG set 351 / 5384    592.2540 GFlop/s     (592.2540 GFlop/s per process)    6%    3360.7 sec left
CG set 352 / 5384    592.2533 GFlop/s     (592.2533 GFlop/s per process)    6%    3360.0 sec left
CG set 353 / 5384    592.2605 GFlop/s     (592.2605 GFlop/s per process)    6%    3359.3 sec left
CG set 354 / 5384    592.3185 GFlop/s     (592.3185 GFlop/s per process)    6%    3358.7 sec left
CG set 355 / 5384    592.3187 GFlop/s     (592.3187 GFlop/s per process)    6%    3358.0 sec left
CG set 356 / 5384    592.3144 GFlop/s     (592.3144 GFlop/s per process)    6%    3357.3 sec left
CG set 357 / 5384    592.3139 GFlop/s     (592.3139 GFlop/s per process)    6%    3356.6 sec left
CG set 358 / 5384    592.3160 GFlop/s     (592.3160 GFlop/s per process)    6%    3355.9 sec left
CG set 359 / 5384    592.3136 GFlop/s     (592.3136 GFlop/s per process)    6%    3355.3 sec left
CG set 360 / 5384    592.3120 GFlop/s     (592.3120 GFlop/s per process)    6%    3354.6 sec left
CG set 361 / 5384    592.3083 GFlop/s     (592.3083 GFlop/s per process)    6%    3353.9 sec left
CG set 362 / 5384    592.3143 GFlop/s     (592.3143 GFlop/s per process)    6%    3353.2 sec left
CG set 363 / 5384    592.3710 GFlop/s     (592.3710 GFlop/s per process)    6%    3352.6 sec left
CG set 364 / 5384    592.3787 GFlop/s     (592.3787 GFlop/s per process)    6%    3351.9 sec left
CG set 365 / 5384    592.3818 GFlop/s     (592.3818 GFlop/s per process)    6%    3351.2 sec left
CG set 366 / 5384    592.3788 GFlop/s     (592.3788 GFlop/s per process)    6%    3350.5 sec left
CG set 367 / 5384    592.3749 GFlop/s     (592.3749 GFlop/s per process)    6%    3349.8 sec left
CG set 368 / 5384    592.3749 GFlop/s     (592.3749 GFlop/s per process)    6%    3349.2 sec left
CG set 369 / 5384    592.3715 GFlop/s     (592.3715 GFlop/s per process)    6%    3348.5 sec left
CG set 370 / 5384    592.3404 GFlop/s     (592.3404 GFlop/s per process)    6%    3347.8 sec left
CG set 371 / 5384    592.3488 GFlop/s     (592.3488 GFlop/s per process)    6%    3347.1 sec left
CG set 372 / 5384    592.4040 GFlop/s     (592.4040 GFlop/s per process)    6%    3346.4 sec left
CG set 373 / 5384    592.4105 GFlop/s     (592.4105 GFlop/s per process)    6%    3345.8 sec left
CG set 374 / 5384    592.4203 GFlop/s     (592.4203 GFlop/s per process)    6%    3345.1 sec left
CG set 375 / 5384    592.4292 GFlop/s     (592.4292 GFlop/s per process)    6%    3344.4 sec left
CG set 376 / 5384    592.4327 GFlop/s     (592.4327 GFlop/s per process)    6%    3343.7 sec left
CG set 377 / 5384    592.4303 GFlop/s     (592.4303 GFlop/s per process)    7%    3343.0 sec left
CG set 378 / 5384    592.4362 GFlop/s     (592.4362 GFlop/s per process)    7%    3342.4 sec left
CG set 379 / 5384    592.4410 GFlop/s     (592.4410 GFlop/s per process)    7%    3341.7 sec left
CG set 380 / 5384    592.4955 GFlop/s     (592.4955 GFlop/s per process)    7%    3341.0 sec left
CG set 381 / 5384    592.5012 GFlop/s     (592.5012 GFlop/s per process)    7%    3340.3 sec left
CG set 382 / 5384    592.5067 GFlop/s     (592.5067 GFlop/s per process)    7%    3339.7 sec left
CG set 383 / 5384    592.5133 GFlop/s     (592.5133 GFlop/s per process)    7%    3339.0 sec left
CG set 384 / 5384    592.5128 GFlop/s     (592.5128 GFlop/s per process)    7%    3338.3 sec left
CG set 385 / 5384    592.5131 GFlop/s     (592.5131 GFlop/s per process)    7%    3337.6 sec left
CG set 386 / 5384    592.5101 GFlop/s     (592.5101 GFlop/s per process)    7%    3336.9 sec left
CG set 387 / 5384    592.5127 GFlop/s     (592.5127 GFlop/s per process)    7%    3336.3 sec left
CG set 388 / 5384    592.5214 GFlop/s     (592.5214 GFlop/s per process)    7%    3335.6 sec left
CG set 389 / 5384    592.5712 GFlop/s     (592.5712 GFlop/s per process)    7%    3334.9 sec left
CG set 390 / 5384    592.5815 GFlop/s     (592.5815 GFlop/s per process)    7%    3334.2 sec left
CG set 391 / 5384    592.5903 GFlop/s     (592.5903 GFlop/s per process)    7%    3333.6 sec left
CG set 392 / 5384    592.5976 GFlop/s     (592.5976 GFlop/s per process)    7%    3332.9 sec left
CG set 393 / 5384    592.6030 GFlop/s     (592.6030 GFlop/s per process)    7%    3332.2 sec left
CG set 394 / 5384    592.6094 GFlop/s     (592.6094 GFlop/s per process)    7%    3331.5 sec left
CG set 395 / 5384    592.6188 GFlop/s     (592.6188 GFlop/s per process)    7%    3330.9 sec left
CG set 396 / 5384    592.6264 GFlop/s     (592.6264 GFlop/s per process)    7%    3330.2 sec left
CG set 397 / 5384    592.6766 GFlop/s     (592.6766 GFlop/s per process)    7%    3329.5 sec left
CG set 398 / 5384    592.6720 GFlop/s     (592.6720 GFlop/s per process)    7%    3328.8 sec left
CG set 399 / 5384    592.6779 GFlop/s     (592.6779 GFlop/s per process)    7%    3328.2 sec left
CG set 400 / 5384    592.6845 GFlop/s     (592.6845 GFlop/s per process)    7%    3327.5 sec left
CG set 401 / 5384    592.6865 GFlop/s     (592.6865 GFlop/s per process)    7%    3326.8 sec left
CG set 402 / 5384    592.6861 GFlop/s     (592.6861 GFlop/s per process)    7%    3326.1 sec left
CG set 403 / 5384    592.7124 GFlop/s     (592.7124 GFlop/s per process)    7%    3325.5 sec left
CG set 404 / 5384    592.7264 GFlop/s     (592.7264 GFlop/s per process)    7%    3324.8 sec left
CG set 405 / 5384    592.7384 GFlop/s     (592.7384 GFlop/s per process)    7%    3324.1 sec left
CG set 406 / 5384    592.7865 GFlop/s     (592.7865 GFlop/s per process)    7%    3323.4 sec left
CG set 407 / 5384    592.8337 GFlop/s     (592.8337 GFlop/s per process)    7%    3322.8 sec left
CG set 408 / 5384    592.8624 GFlop/s     (592.8624 GFlop/s per process)    7%    3322.1 sec left
CG set 409 / 5384    592.8833 GFlop/s     (592.8833 GFlop/s per process)    7%    3321.4 sec left
CG set 410 / 5384    592.8984 GFlop/s     (592.8984 GFlop/s per process)    7%    3320.8 sec left
CG set 411 / 5384    592.9146 GFlop/s     (592.9146 GFlop/s per process)    7%    3320.1 sec left
CG set 412 / 5384    592.9221 GFlop/s     (592.9221 GFlop/s per process)    7%    3319.4 sec left
CG set 413 / 5384    592.9236 GFlop/s     (592.9236 GFlop/s per process)    7%    3318.7 sec left
CG set 414 / 5384    592.9687 GFlop/s     (592.9687 GFlop/s per process)    7%    3318.1 sec left
CG set 415 / 5384    592.9737 GFlop/s     (592.9737 GFlop/s per process)    7%    3317.4 sec left
CG set 416 / 5384    592.9806 GFlop/s     (592.9806 GFlop/s per process)    7%    3316.7 sec left
CG set 417 / 5384    592.9834 GFlop/s     (592.9834 GFlop/s per process)    7%    3316.0 sec left
CG set 418 / 5384    592.9851 GFlop/s     (592.9851 GFlop/s per process)    7%    3315.4 sec left
CG set 419 / 5384    592.9890 GFlop/s     (592.9890 GFlop/s per process)    7%    3314.7 sec left
CG set 420 / 5384    593.0085 GFlop/s     (593.0085 GFlop/s per process)    7%    3314.0 sec left
CG set 421 / 5384    593.0012 GFlop/s     (593.0012 GFlop/s per process)    7%    3313.3 sec left
CG set 422 / 5384    593.0470 GFlop/s     (593.0470 GFlop/s per process)    7%    3312.7 sec left
CG set 423 / 5384    593.0390 GFlop/s     (593.0390 GFlop/s per process)    7%    3312.0 sec left
CG set 424 / 5384    593.0353 GFlop/s     (593.0353 GFlop/s per process)    7%    3311.3 sec left
CG set 425 / 5384    593.0364 GFlop/s     (593.0364 GFlop/s per process)    7%    3310.6 sec left
CG set 426 / 5384    592.9972 GFlop/s     (592.9972 GFlop/s per process)    7%    3309.9 sec left
CG set 427 / 5384    592.9881 GFlop/s     (592.9881 GFlop/s per process)    7%    3309.2 sec left
CG set 428 / 5384    592.9820 GFlop/s     (592.9820 GFlop/s per process)    7%    3308.6 sec left
CG set 429 / 5384    592.9740 GFlop/s     (592.9740 GFlop/s per process)    7%    3307.9 sec left
CG set 430 / 5384    592.9727 GFlop/s     (592.9727 GFlop/s per process)    7%    3307.2 sec left
CG set 431 / 5384    593.0161 GFlop/s     (593.0161 GFlop/s per process)    8%    3306.5 sec left
CG set 432 / 5384    593.0069 GFlop/s     (593.0069 GFlop/s per process)    8%    3305.8 sec left
CG set 433 / 5384    593.0096 GFlop/s     (593.0096 GFlop/s per process)    8%    3305.2 sec left
CG set 434 / 5384    593.0032 GFlop/s     (593.0032 GFlop/s per process)    8%    3304.5 sec left
CG set 435 / 5384    592.9956 GFlop/s     (592.9956 GFlop/s per process)    8%    3303.8 sec left
CG set 436 / 5384    592.9889 GFlop/s     (592.9889 GFlop/s per process)    8%    3303.1 sec left
CG set 437 / 5384    592.9840 GFlop/s     (592.9840 GFlop/s per process)    8%    3302.4 sec left
CG set 438 / 5384    592.9778 GFlop/s     (592.9778 GFlop/s per process)    8%    3301.7 sec left
CG set 439 / 5384    592.9735 GFlop/s     (592.9735 GFlop/s per process)    8%    3301.1 sec left
CG set 440 / 5384    593.0150 GFlop/s     (593.0150 GFlop/s per process)    8%    3300.4 sec left
CG set 441 / 5384    593.0059 GFlop/s     (593.0059 GFlop/s per process)    8%    3299.7 sec left
CG set 442 / 5384    593.0021 GFlop/s     (593.0021 GFlop/s per process)    8%    3299.0 sec left
CG set 443 / 5384    593.0059 GFlop/s     (593.0059 GFlop/s per process)    8%    3298.4 sec left
CG set 444 / 5384    592.9989 GFlop/s     (592.9989 GFlop/s per process)    8%    3297.7 sec left
CG set 445 / 5384    592.9905 GFlop/s     (592.9905 GFlop/s per process)    8%    3297.0 sec left
CG set 446 / 5384    592.9878 GFlop/s     (592.9878 GFlop/s per process)    8%    3296.3 sec left
CG set 447 / 5384    592.9850 GFlop/s     (592.9850 GFlop/s per process)    8%    3295.6 sec left
CG set 448 / 5384    592.9777 GFlop/s     (592.9777 GFlop/s per process)    8%    3294.9 sec left
CG set 449 / 5384    593.0160 GFlop/s     (593.0160 GFlop/s per process)    8%    3294.3 sec left
CG set 450 / 5384    592.9990 GFlop/s     (592.9990 GFlop/s per process)    8%    3293.6 sec left
CG set 451 / 5384    592.9969 GFlop/s     (592.9969 GFlop/s per process)    8%    3292.9 sec left
CG set 452 / 5384    592.9938 GFlop/s     (592.9938 GFlop/s per process)    8%    3292.2 sec left
CG set 453 / 5384    592.9899 GFlop/s     (592.9899 GFlop/s per process)    8%    3291.5 sec left
CG set 454 / 5384    592.9882 GFlop/s     (592.9882 GFlop/s per process)    8%    3290.9 sec left
CG set 455 / 5384    592.9836 GFlop/s     (592.9836 GFlop/s per process)    8%    3290.2 sec left
CG set 456 / 5384    592.9768 GFlop/s     (592.9768 GFlop/s per process)    8%    3289.5 sec left
CG set 457 / 5384    593.0116 GFlop/s     (593.0116 GFlop/s per process)    8%    3288.8 sec left
CG set 458 / 5384    593.0097 GFlop/s     (593.0097 GFlop/s per process)    8%    3288.1 sec left
CG set 459 / 5384    593.0050 GFlop/s     (593.0050 GFlop/s per process)    8%    3287.5 sec left
CG set 460 / 5384    593.0068 GFlop/s     (593.0068 GFlop/s per process)    8%    3286.8 sec left
CG set 461 / 5384    593.0049 GFlop/s     (593.0049 GFlop/s per process)    8%    3286.1 sec left
CG set 462 / 5384    593.0051 GFlop/s     (593.0051 GFlop/s per process)    8%    3285.4 sec left
CG set 463 / 5384    593.0028 GFlop/s     (593.0028 GFlop/s per process)    8%    3284.7 sec left
CG set 464 / 5384    592.9976 GFlop/s     (592.9976 GFlop/s per process)    8%    3284.0 sec left
CG set 465 / 5384    592.9887 GFlop/s     (592.9887 GFlop/s per process)    8%    3283.4 sec left
CG set 466 / 5384    593.0278 GFlop/s     (593.0278 GFlop/s per process)    8%    3282.7 sec left
CG set 467 / 5384    593.0231 GFlop/s     (593.0231 GFlop/s per process)    8%    3282.0 sec left
CG set 468 / 5384    593.0230 GFlop/s     (593.0230 GFlop/s per process)    8%    3281.3 sec left
CG set 469 / 5384    593.0256 GFlop/s     (593.0256 GFlop/s per process)    8%    3280.7 sec left
CG set 470 / 5384    593.0230 GFlop/s     (593.0230 GFlop/s per process)    8%    3280.0 sec left
CG set 471 / 5384    593.0242 GFlop/s     (593.0242 GFlop/s per process)    8%    3279.3 sec left
CG set 472 / 5384    593.0234 GFlop/s     (593.0234 GFlop/s per process)    8%    3278.6 sec left
CG set 473 / 5384    593.0255 GFlop/s     (593.0255 GFlop/s per process)    8%    3277.9 sec left
CG set 474 / 5384    593.0262 GFlop/s     (593.0262 GFlop/s per process)    8%    3277.3 sec left
CG set 475 / 5384    593.0595 GFlop/s     (593.0595 GFlop/s per process)    8%    3276.6 sec left
CG set 476 / 5384    593.0605 GFlop/s     (593.0605 GFlop/s per process)    8%    3275.9 sec left
CG set 477 / 5384    593.0532 GFlop/s     (593.0532 GFlop/s per process)    8%    3275.2 sec left
CG set 478 / 5384    593.0514 GFlop/s     (593.0514 GFlop/s per process)    8%    3274.5 sec left
CG set 479 / 5384    593.0495 GFlop/s     (593.0495 GFlop/s per process)    8%    3273.9 sec left
CG set 480 / 5384    593.0456 GFlop/s     (593.0456 GFlop/s per process)    8%    3273.2 sec left
CG set 481 / 5384    593.0374 GFlop/s     (593.0374 GFlop/s per process)    8%    3272.5 sec left
CG set 482 / 5384    593.0512 GFlop/s     (593.0512 GFlop/s per process)    8%    3271.8 sec left
CG set 483 / 5384    593.0851 GFlop/s     (593.0851 GFlop/s per process)    8%    3271.2 sec left
CG set 484 / 5384    593.0949 GFlop/s     (593.0949 GFlop/s per process)    8%    3270.5 sec left
CG set 485 / 5384    593.0978 GFlop/s     (593.0978 GFlop/s per process)    9%    3269.8 sec left
CG set 486 / 5384    593.1326 GFlop/s     (593.1326 GFlop/s per process)    9%    3269.1 sec left
CG set 487 / 5384    593.1218 GFlop/s     (593.1218 GFlop/s per process)    9%    3268.5 sec left
CG set 488 / 5384    592.9628 GFlop/s     (592.9628 GFlop/s per process)    9%    3267.7 sec left
CG set 489 / 5384    592.7008 GFlop/s     (592.7008 GFlop/s per process)    9%    3266.9 sec left
CG set 490 / 5384    590.5328 GFlop/s     (590.5328 GFlop/s per process)    9%    3264.9 sec left
CG set 491 / 5384    588.8595 GFlop/s     (588.8595 GFlop/s per process)    9%    3263.3 sec left
CG set 492 / 5384    587.9364 GFlop/s     (587.9364 GFlop/s per process)    9%    3262.1 sec left
CG set 493 / 5384    586.6236 GFlop/s     (586.6236 GFlop/s per process)    9%    3260.6 sec left
CG set 494 / 5384    583.4700 GFlop/s     (583.4700 GFlop/s per process)    9%    3258.1 sec left
CG set 495 / 5384    581.5528 GFlop/s     (581.5528 GFlop/s per process)    9%    3256.2 sec left
CG set 496 / 5384    580.1107 GFlop/s     (580.1107 GFlop/s per process)    9%    3254.7 sec left
CG set 497 / 5384    579.8602 GFlop/s     (579.8602 GFlop/s per process)    9%    3253.8 sec left
CG set 498 / 5384    579.1720 GFlop/s     (579.1720 GFlop/s per process)    9%    3252.7 sec left
CG set 499 / 5384    577.5910 GFlop/s     (577.5910 GFlop/s per process)    9%    3251.0 sec left
CG set 500 / 5384    575.7329 GFlop/s     (575.7329 GFlop/s per process)    9%    3249.2 sec left
CG set 501 / 5384    574.1061 GFlop/s     (574.1061 GFlop/s per process)    9%    3247.5 sec left
CG set 502 / 5384    573.2262 GFlop/s     (573.2262 GFlop/s per process)    9%    3246.2 sec left
CG set 503 / 5384    569.2397 GFlop/s     (569.2397 GFlop/s per process)    9%    3243.0 sec left
CG set 504 / 5384    568.6102 GFlop/s     (568.6102 GFlop/s per process)    9%    3241.9 sec left
CG set 505 / 5384    568.5510 GFlop/s     (568.5510 GFlop/s per process)    9%    3241.2 sec left
CG set 506 / 5384    568.3911 GFlop/s     (568.3911 GFlop/s per process)    9%    3240.3 sec left
CG set 507 / 5384    568.3053 GFlop/s     (568.3053 GFlop/s per process)    9%    3239.6 sec left
CG set 508 / 5384    568.1363 GFlop/s     (568.1363 GFlop/s per process)    9%    3238.8 sec left
CG set 509 / 5384    568.0264 GFlop/s     (568.0264 GFlop/s per process)    9%    3238.0 sec left
CG set 510 / 5384    567.9184 GFlop/s     (567.9184 GFlop/s per process)    9%    3237.2 sec left
CG set 511 / 5384    567.7540 GFlop/s     (567.7540 GFlop/s per process)    9%    3236.4 sec left
CG set 512 / 5384    567.6386 GFlop/s     (567.6386 GFlop/s per process)    9%    3235.6 sec left
CG set 513 / 5384    567.4871 GFlop/s     (567.4871 GFlop/s per process)    9%    3234.8 sec left
CG set 514 / 5384    567.3208 GFlop/s     (567.3208 GFlop/s per process)    9%    3234.0 sec left
CG set 515 / 5384    567.1670 GFlop/s     (567.1670 GFlop/s per process)    9%    3233.2 sec left
CG set 516 / 5384    567.1179 GFlop/s     (567.1179 GFlop/s per process)    9%    3232.4 sec left
CG set 517 / 5384    567.0782 GFlop/s     (567.0782 GFlop/s per process)    9%    3231.7 sec left
CG set 518 / 5384    566.9307 GFlop/s     (566.9307 GFlop/s per process)    9%    3230.9 sec left
CG set 519 / 5384    566.8408 GFlop/s     (566.8408 GFlop/s per process)    9%    3230.1 sec left
CG set 520 / 5384    566.7219 GFlop/s     (566.7219 GFlop/s per process)    9%    3229.3 sec left
CG set 521 / 5384    566.5719 GFlop/s     (566.5719 GFlop/s per process)    9%    3228.5 sec left
CG set 522 / 5384    566.4561 GFlop/s     (566.4561 GFlop/s per process)    9%    3227.7 sec left
CG set 523 / 5384    566.3620 GFlop/s     (566.3620 GFlop/s per process)    9%    3226.9 sec left
CG set 524 / 5384    566.2590 GFlop/s     (566.2590 GFlop/s per process)    9%    3226.1 sec left
CG set 525 / 5384    566.1146 GFlop/s     (566.1146 GFlop/s per process)    9%    3225.3 sec left
CG set 526 / 5384    566.0152 GFlop/s     (566.0152 GFlop/s per process)    9%    3224.5 sec left
CG set 527 / 5384    565.9272 GFlop/s     (565.9272 GFlop/s per process)    9%    3223.8 sec left
CG set 528 / 5384    565.8416 GFlop/s     (565.8416 GFlop/s per process)    9%    3223.0 sec left
CG set 529 / 5384    565.7897 GFlop/s     (565.7897 GFlop/s per process)    9%    3222.3 sec left
CG set 530 / 5384    565.8202 GFlop/s     (565.8202 GFlop/s per process)    9%    3221.6 sec left
CG set 531 / 5384    565.7234 GFlop/s     (565.7234 GFlop/s per process)    9%    3220.8 sec left
CG set 532 / 5384    565.6501 GFlop/s     (565.6501 GFlop/s per process)    9%    3220.0 sec left
CG set 533 / 5384    565.6123 GFlop/s     (565.6123 GFlop/s per process)    9%    3219.3 sec left
CG set 534 / 5384    565.5089 GFlop/s     (565.5089 GFlop/s per process)    9%    3218.5 sec left
CG set 535 / 5384    565.4504 GFlop/s     (565.4504 GFlop/s per process)    9%    3217.7 sec left
CG set 536 / 5384    565.3502 GFlop/s     (565.3502 GFlop/s per process)    9%    3217.0 sec left
CG set 537 / 5384    565.2981 GFlop/s     (565.2981 GFlop/s per process)    9%    3216.2 sec left
CG set 538 / 5384    565.1990 GFlop/s     (565.1990 GFlop/s per process)    9%    3215.4 sec left
CG set 539 / 5384    565.1466 GFlop/s     (565.1466 GFlop/s per process)    10%    3214.7 sec left
CG set 540 / 5384    565.0926 GFlop/s     (565.0926 GFlop/s per process)    10%    3213.9 sec left
CG set 541 / 5384    565.0152 GFlop/s     (565.0152 GFlop/s per process)    10%    3213.1 sec left
CG set 542 / 5384    564.9785 GFlop/s     (564.9785 GFlop/s per process)    10%    3212.4 sec left
CG set 543 / 5384    564.9339 GFlop/s     (564.9339 GFlop/s per process)    10%    3211.7 sec left
CG set 544 / 5384    564.8562 GFlop/s     (564.8562 GFlop/s per process)    10%    3210.9 sec left
CG set 545 / 5384    564.8442 GFlop/s     (564.8442 GFlop/s per process)    10%    3210.2 sec left
CG set 546 / 5384    564.8733 GFlop/s     (564.8733 GFlop/s per process)    10%    3209.5 sec left
CG set 547 / 5384    564.8697 GFlop/s     (564.8697 GFlop/s per process)    10%    3208.8 sec left
CG set 548 / 5384    564.8047 GFlop/s     (564.8047 GFlop/s per process)    10%    3208.0 sec left
CG set 549 / 5384    564.7905 GFlop/s     (564.7905 GFlop/s per process)    10%    3207.3 sec left
CG set 550 / 5384    564.7208 GFlop/s     (564.7208 GFlop/s per process)    10%    3206.5 sec left
CG set 551 / 5384    564.6635 GFlop/s     (564.6635 GFlop/s per process)    10%    3205.7 sec left
CG set 552 / 5384    564.6464 GFlop/s     (564.6464 GFlop/s per process)    10%    3205.0 sec left
CG set 553 / 5384    564.5845 GFlop/s     (564.5845 GFlop/s per process)    10%    3204.3 sec left
CG set 554 / 5384    564.5183 GFlop/s     (564.5183 GFlop/s per process)    10%    3203.5 sec left
CG set 555 / 5384    564.5076 GFlop/s     (564.5076 GFlop/s per process)    10%    3202.8 sec left
CG set 556 / 5384    564.4491 GFlop/s     (564.4491 GFlop/s per process)    10%    3202.0 sec left
CG set 557 / 5384    564.4337 GFlop/s     (564.4337 GFlop/s per process)    10%    3201.3 sec left
CG set 558 / 5384    564.3812 GFlop/s     (564.3812 GFlop/s per process)    10%    3200.5 sec left
CG set 559 / 5384    564.3408 GFlop/s     (564.3408 GFlop/s per process)    10%    3199.8 sec left
CG set 560 / 5384    564.3332 GFlop/s     (564.3332 GFlop/s per process)    10%    3199.1 sec left
CG set 561 / 5384    564.2967 GFlop/s     (564.2967 GFlop/s per process)    10%    3198.3 sec left
CG set 562 / 5384    564.2879 GFlop/s     (564.2879 GFlop/s per process)    10%    3197.6 sec left
CG set 563 / 5384    564.2495 GFlop/s     (564.2495 GFlop/s per process)    10%    3196.9 sec left
CG set 564 / 5384    564.2257 GFlop/s     (564.2257 GFlop/s per process)    10%    3196.1 sec left
CG set 565 / 5384    564.2661 GFlop/s     (564.2661 GFlop/s per process)    10%    3195.4 sec left
CG set 566 / 5384    564.2893 GFlop/s     (564.2893 GFlop/s per process)    10%    3194.7 sec left
CG set 567 / 5384    564.2771 GFlop/s     (564.2771 GFlop/s per process)    10%    3194.0 sec left
CG set 568 / 5384    564.2506 GFlop/s     (564.2506 GFlop/s per process)    10%    3193.3 sec left
CG set 569 / 5384    564.2516 GFlop/s     (564.2516 GFlop/s per process)    10%    3192.6 sec left
CG set 570 / 5384    564.2356 GFlop/s     (564.2356 GFlop/s per process)    10%    3191.8 sec left
CG set 571 / 5384    564.2133 GFlop/s     (564.2133 GFlop/s per process)    10%    3191.1 sec left
CG set 572 / 5384    564.1955 GFlop/s     (564.1955 GFlop/s per process)    10%    3190.4 sec left
CG set 573 / 5384    564.1769 GFlop/s     (564.1769 GFlop/s per process)    10%    3189.6 sec left
CG set 574 / 5384    564.1527 GFlop/s     (564.1527 GFlop/s per process)    10%    3188.9 sec left
CG set 575 / 5384    564.1256 GFlop/s     (564.1256 GFlop/s per process)    10%    3188.2 sec left
CG set 576 / 5384    564.0557 GFlop/s     (564.0557 GFlop/s per process)    10%    3187.4 sec left
CG set 577 / 5384    563.9019 GFlop/s     (563.9019 GFlop/s per process)    10%    3186.6 sec left
CG set 578 / 5384    563.7718 GFlop/s     (563.7718 GFlop/s per process)    10%    3185.8 sec left
CG set 579 / 5384    563.6505 GFlop/s     (563.6505 GFlop/s per process)    10%    3185.0 sec left
CG set 580 / 5384    563.5179 GFlop/s     (563.5179 GFlop/s per process)    10%    3184.1 sec left
CG set 581 / 5384    563.4517 GFlop/s     (563.4517 GFlop/s per process)    10%    3183.4 sec left
CG set 582 / 5384    563.4216 GFlop/s     (563.4216 GFlop/s per process)    10%    3182.6 sec left
CG set 583 / 5384    563.2987 GFlop/s     (563.2987 GFlop/s per process)    10%    3181.8 sec left
CG set 584 / 5384    563.2331 GFlop/s     (563.2331 GFlop/s per process)    10%    3181.1 sec left
CG set 585 / 5384    563.1067 GFlop/s     (563.1067 GFlop/s per process)    10%    3180.2 sec left
CG set 586 / 5384    562.9922 GFlop/s     (562.9922 GFlop/s per process)    10%    3179.4 sec left
CG set 587 / 5384    562.8731 GFlop/s     (562.8731 GFlop/s per process)    10%    3178.6 sec left
CG set 588 / 5384    562.7413 GFlop/s     (562.7413 GFlop/s per process)    10%    3177.8 sec left
CG set 589 / 5384    562.6263 GFlop/s     (562.6263 GFlop/s per process)    10%    3177.0 sec left
CG set 590 / 5384    562.5390 GFlop/s     (562.5390 GFlop/s per process)    10%    3176.2 sec left
CG set 591 / 5384    562.4787 GFlop/s     (562.4787 GFlop/s per process)    10%    3175.5 sec left
CG set 592 / 5384    562.3778 GFlop/s     (562.3778 GFlop/s per process)    10%    3174.7 sec left
CG set 593 / 5384    562.3073 GFlop/s     (562.3073 GFlop/s per process)    11%    3173.9 sec left
CG set 594 / 5384    562.3154 GFlop/s     (562.3154 GFlop/s per process)    11%    3173.2 sec left
CG set 595 / 5384    562.2001 GFlop/s     (562.2001 GFlop/s per process)    11%    3172.4 sec left
CG set 596 / 5384    562.1314 GFlop/s     (562.1314 GFlop/s per process)    11%    3171.6 sec left
CG set 597 / 5384    562.0437 GFlop/s     (562.0437 GFlop/s per process)    11%    3170.8 sec left
CG set 598 / 5384    561.9269 GFlop/s     (561.9269 GFlop/s per process)    11%    3170.0 sec left
CG set 599 / 5384    561.8448 GFlop/s     (561.8448 GFlop/s per process)    11%    3169.2 sec left
CG set 600 / 5384    561.7822 GFlop/s     (561.7822 GFlop/s per process)    11%    3168.5 sec left
CG set 601 / 5384    561.7112 GFlop/s     (561.7112 GFlop/s per process)    11%    3167.7 sec left
CG set 602 / 5384    561.5984 GFlop/s     (561.5984 GFlop/s per process)    11%    3166.9 sec left
CG set 603 / 5384    561.5426 GFlop/s     (561.5426 GFlop/s per process)    11%    3166.1 sec left
CG set 604 / 5384    561.4886 GFlop/s     (561.4886 GFlop/s per process)    11%    3165.4 sec left
CG set 605 / 5384    561.4316 GFlop/s     (561.4316 GFlop/s per process)    11%    3164.6 sec left
CG set 606 / 5384    561.3696 GFlop/s     (561.3696 GFlop/s per process)    11%    3163.8 sec left
CG set 607 / 5384    561.3896 GFlop/s     (561.3896 GFlop/s per process)    11%    3163.1 sec left
CG set 608 / 5384    561.3715 GFlop/s     (561.3715 GFlop/s per process)    11%    3162.4 sec left
CG set 609 / 5384    561.2892 GFlop/s     (561.2892 GFlop/s per process)    11%    3161.6 sec left
CG set 610 / 5384    561.2256 GFlop/s     (561.2256 GFlop/s per process)    11%    3160.8 sec left
CG set 611 / 5384    561.1442 GFlop/s     (561.1442 GFlop/s per process)    11%    3160.0 sec left
CG set 612 / 5384    561.0974 GFlop/s     (561.0974 GFlop/s per process)    11%    3159.3 sec left
CG set 613 / 5384    561.0164 GFlop/s     (561.0164 GFlop/s per process)    11%    3158.5 sec left
CG set 614 / 5384    560.9490 GFlop/s     (560.9490 GFlop/s per process)    11%    3157.7 sec left
CG set 615 / 5384    560.8755 GFlop/s     (560.8755 GFlop/s per process)    11%    3156.9 sec left
CG set 616 / 5384    560.8338 GFlop/s     (560.8338 GFlop/s per process)    11%    3156.2 sec left
CG set 617 / 5384    560.7576 GFlop/s     (560.7576 GFlop/s per process)    11%    3155.4 sec left
CG set 618 / 5384    560.6795 GFlop/s     (560.6795 GFlop/s per process)    11%    3154.6 sec left
CG set 619 / 5384    560.6424 GFlop/s     (560.6424 GFlop/s per process)    11%    3153.9 sec left
CG set 620 / 5384    560.5836 GFlop/s     (560.5836 GFlop/s per process)    11%    3153.1 sec left
CG set 621 / 5384    560.5410 GFlop/s     (560.5410 GFlop/s per process)    11%    3152.4 sec left
CG set 622 / 5384    560.5703 GFlop/s     (560.5703 GFlop/s per process)    11%    3151.7 sec left
CG set 623 / 5384    560.5923 GFlop/s     (560.5923 GFlop/s per process)    11%    3151.0 sec left
CG set 624 / 5384    560.5368 GFlop/s     (560.5368 GFlop/s per process)    11%    3150.2 sec left
CG set 625 / 5384    560.5050 GFlop/s     (560.5050 GFlop/s per process)    11%    3149.4 sec left
CG set 626 / 5384    560.4651 GFlop/s     (560.4651 GFlop/s per process)    11%    3148.7 sec left
CG set 627 / 5384    560.4217 GFlop/s     (560.4217 GFlop/s per process)    11%    3147.9 sec left
CG set 628 / 5384    560.3829 GFlop/s     (560.3829 GFlop/s per process)    11%    3147.2 sec left
CG set 629 / 5384    560.3344 GFlop/s     (560.3344 GFlop/s per process)    11%    3146.4 sec left
CG set 630 / 5384    560.2889 GFlop/s     (560.2889 GFlop/s per process)    11%    3145.7 sec left
CG set 631 / 5384    560.2546 GFlop/s     (560.2546 GFlop/s per process)    11%    3144.9 sec left
CG set 632 / 5384    560.2377 GFlop/s     (560.2377 GFlop/s per process)    11%    3144.2 sec left
CG set 633 / 5384    560.1986 GFlop/s     (560.1986 GFlop/s per process)    11%    3143.4 sec left
CG set 634 / 5384    560.1710 GFlop/s     (560.1710 GFlop/s per process)    11%    3142.7 sec left
CG set 635 / 5384    560.1479 GFlop/s     (560.1479 GFlop/s per process)    11%    3141.9 sec left
CG set 636 / 5384    560.1250 GFlop/s     (560.1250 GFlop/s per process)    11%    3141.2 sec left
CG set 637 / 5384    560.0934 GFlop/s     (560.0934 GFlop/s per process)    11%    3140.5 sec left
CG set 638 / 5384    560.0677 GFlop/s     (560.0677 GFlop/s per process)    11%    3139.7 sec left
CG set 639 / 5384    560.0466 GFlop/s     (560.0466 GFlop/s per process)    11%    3139.0 sec left
CG set 640 / 5384    560.0890 GFlop/s     (560.0890 GFlop/s per process)    11%    3138.3 sec left
CG set 641 / 5384    560.1116 GFlop/s     (560.1116 GFlop/s per process)    11%    3137.6 sec left
CG set 642 / 5384    560.1106 GFlop/s     (560.1106 GFlop/s per process)    11%    3136.9 sec left
CG set 643 / 5384    560.0907 GFlop/s     (560.0907 GFlop/s per process)    11%    3136.1 sec left
CG set 644 / 5384    560.0651 GFlop/s     (560.0651 GFlop/s per process)    11%    3135.4 sec left
CG set 645 / 5384    560.0565 GFlop/s     (560.0565 GFlop/s per process)    11%    3134.6 sec left
CG set 646 / 5384    560.0451 GFlop/s     (560.0451 GFlop/s per process)    11%    3133.9 sec left
CG set 647 / 5384    560.0358 GFlop/s     (560.0358 GFlop/s per process)    12%    3133.2 sec left
CG set 648 / 5384    560.0210 GFlop/s     (560.0210 GFlop/s per process)    12%    3132.5 sec left
CG set 649 / 5384    560.0110 GFlop/s     (560.0110 GFlop/s per process)    12%    3131.7 sec left
CG set 650 / 5384    559.9731 GFlop/s     (559.9731 GFlop/s per process)    12%    3131.0 sec left
CG set 651 / 5384    559.9706 GFlop/s     (559.9706 GFlop/s per process)    12%    3130.2 sec left
CG set 652 / 5384    559.9588 GFlop/s     (559.9588 GFlop/s per process)    12%    3129.5 sec left
CG set 653 / 5384    559.9513 GFlop/s     (559.9513 GFlop/s per process)    12%    3128.8 sec left
CG set 654 / 5384    559.9416 GFlop/s     (559.9416 GFlop/s per process)    12%    3128.1 sec left
CG set 655 / 5384    559.9437 GFlop/s     (559.9437 GFlop/s per process)    12%    3127.3 sec left
CG set 656 / 5384    559.9201 GFlop/s     (559.9201 GFlop/s per process)    12%    3126.6 sec left
CG set 657 / 5384    559.9220 GFlop/s     (559.9220 GFlop/s per process)    12%    3125.9 sec left
CG set 658 / 5384    559.9238 GFlop/s     (559.9238 GFlop/s per process)    12%    3125.2 sec left
CG set 659 / 5384    559.9247 GFlop/s     (559.9247 GFlop/s per process)    12%    3124.4 sec left
CG set 660 / 5384    559.9202 GFlop/s     (559.9202 GFlop/s per process)    12%    3123.7 sec left
CG set 661 / 5384    559.9038 GFlop/s     (559.9038 GFlop/s per process)    12%    3123.0 sec left
CG set 662 / 5384    559.9431 GFlop/s     (559.9431 GFlop/s per process)    12%    3122.3 sec left
CG set 663 / 5384    559.9931 GFlop/s     (559.9931 GFlop/s per process)    12%    3121.6 sec left
CG set 664 / 5384    560.0288 GFlop/s     (560.0288 GFlop/s per process)    12%    3120.9 sec left
CG set 665 / 5384    560.0068 GFlop/s     (560.0068 GFlop/s per process)    12%    3120.2 sec left
CG set 666 / 5384    559.9799 GFlop/s     (559.9799 GFlop/s per process)    12%    3119.4 sec left
CG set 667 / 5384    560.0047 GFlop/s     (560.0047 GFlop/s per process)    12%    3118.7 sec left
CG set 668 / 5384    559.9961 GFlop/s     (559.9961 GFlop/s per process)    12%    3118.0 sec left
CG set 669 / 5384    559.9789 GFlop/s     (559.9789 GFlop/s per process)    12%    3117.3 sec left
CG set 670 / 5384    559.9970 GFlop/s     (559.9970 GFlop/s per process)    12%    3116.6 sec left
CG set 671 / 5384    559.9849 GFlop/s     (559.9849 GFlop/s per process)    12%    3115.8 sec left
CG set 672 / 5384    559.9717 GFlop/s     (559.9717 GFlop/s per process)    12%    3115.1 sec left
CG set 673 / 5384    559.9922 GFlop/s     (559.9922 GFlop/s per process)    12%    3114.4 sec left
CG set 674 / 5384    559.9806 GFlop/s     (559.9806 GFlop/s per process)    12%    3113.7 sec left
CG set 675 / 5384    559.9798 GFlop/s     (559.9798 GFlop/s per process)    12%    3112.9 sec left
CG set 676 / 5384    559.9957 GFlop/s     (559.9957 GFlop/s per process)    12%    3112.2 sec left
CG set 677 / 5384    559.9923 GFlop/s     (559.9923 GFlop/s per process)    12%    3111.5 sec left
CG set 678 / 5384    559.9785 GFlop/s     (559.9785 GFlop/s per process)    12%    3110.8 sec left
CG set 679 / 5384    559.9934 GFlop/s     (559.9934 GFlop/s per process)    12%    3110.1 sec left
CG set 680 / 5384    559.9918 GFlop/s     (559.9918 GFlop/s per process)    12%    3109.3 sec left
CG set 681 / 5384    560.0142 GFlop/s     (560.0142 GFlop/s per process)    12%    3108.6 sec left
CG set 682 / 5384    560.0088 GFlop/s     (560.0088 GFlop/s per process)    12%    3107.9 sec left
CG set 683 / 5384    560.0075 GFlop/s     (560.0075 GFlop/s per process)    12%    3107.2 sec left
CG set 684 / 5384    560.0297 GFlop/s     (560.0297 GFlop/s per process)    12%    3106.5 sec left
CG set 685 / 5384    560.0245 GFlop/s     (560.0245 GFlop/s per process)    12%    3105.8 sec left
CG set 686 / 5384    560.0199 GFlop/s     (560.0199 GFlop/s per process)    12%    3105.0 sec left
CG set 687 / 5384    560.0414 GFlop/s     (560.0414 GFlop/s per process)    12%    3104.3 sec left
CG set 688 / 5384    560.0641 GFlop/s     (560.0641 GFlop/s per process)    12%    3103.6 sec left
CG set 689 / 5384    560.1180 GFlop/s     (560.1180 GFlop/s per process)    12%    3103.0 sec left
CG set 690 / 5384    560.1571 GFlop/s     (560.1571 GFlop/s per process)    12%    3102.3 sec left
CG set 691 / 5384    560.1814 GFlop/s     (560.1814 GFlop/s per process)    12%    3101.6 sec left
CG set 692 / 5384    560.1946 GFlop/s     (560.1946 GFlop/s per process)    12%    3100.9 sec left
CG set 693 / 5384    560.1797 GFlop/s     (560.1797 GFlop/s per process)    12%    3100.1 sec left
CG set 694 / 5384    560.1995 GFlop/s     (560.1995 GFlop/s per process)    12%    3099.4 sec left
CG set 695 / 5384    560.2314 GFlop/s     (560.2314 GFlop/s per process)    12%    3098.7 sec left
CG set 696 / 5384    560.2448 GFlop/s     (560.2448 GFlop/s per process)    12%    3098.0 sec left
CG set 697 / 5384    560.2595 GFlop/s     (560.2595 GFlop/s per process)    12%    3097.3 sec left
CG set 698 / 5384    560.2754 GFlop/s     (560.2754 GFlop/s per process)    12%    3096.6 sec left
CG set 699 / 5384    560.2641 GFlop/s     (560.2641 GFlop/s per process)    12%    3095.9 sec left
CG set 700 / 5384    560.2828 GFlop/s     (560.2828 GFlop/s per process)    13%    3095.2 sec left
CG set 701 / 5384    560.2983 GFlop/s     (560.2983 GFlop/s per process)    13%    3094.5 sec left
CG set 702 / 5384    560.3156 GFlop/s     (560.3156 GFlop/s per process)    13%    3093.8 sec left
CG set 703 / 5384    560.3278 GFlop/s     (560.3278 GFlop/s per process)    13%    3093.1 sec left
CG set 704 / 5384    560.3263 GFlop/s     (560.3263 GFlop/s per process)    13%    3092.3 sec left
CG set 705 / 5384    560.3451 GFlop/s     (560.3451 GFlop/s per process)    13%    3091.6 sec left
CG set 706 / 5384    560.3603 GFlop/s     (560.3603 GFlop/s per process)    13%    3090.9 sec left
CG set 707 / 5384    560.3760 GFlop/s     (560.3760 GFlop/s per process)    13%    3090.2 sec left
CG set 708 / 5384    560.3929 GFlop/s     (560.3929 GFlop/s per process)    13%    3089.5 sec left
CG set 709 / 5384    560.3633 GFlop/s     (560.3633 GFlop/s per process)    13%    3088.8 sec left
CG set 710 / 5384    560.3861 GFlop/s     (560.3861 GFlop/s per process)    13%    3088.1 sec left
CG set 711 / 5384    560.4100 GFlop/s     (560.4100 GFlop/s per process)    13%    3087.4 sec left
CG set 712 / 5384    560.4327 GFlop/s     (560.4327 GFlop/s per process)    13%    3086.7 sec left
CG set 713 / 5384    560.4561 GFlop/s     (560.4561 GFlop/s per process)    13%    3086.0 sec left
CG set 714 / 5384    560.4755 GFlop/s     (560.4755 GFlop/s per process)    13%    3085.3 sec left
CG set 715 / 5384    560.4698 GFlop/s     (560.4698 GFlop/s per process)    13%    3084.5 sec left
CG set 716 / 5384    560.4906 GFlop/s     (560.4906 GFlop/s per process)    13%    3083.8 sec left
CG set 717 / 5384    560.5100 GFlop/s     (560.5100 GFlop/s per process)    13%    3083.1 sec left
CG set 718 / 5384    560.5321 GFlop/s     (560.5321 GFlop/s per process)    13%    3082.4 sec left
CG set 719 / 5384    560.5489 GFlop/s     (560.5489 GFlop/s per process)    13%    3081.7 sec left
CG set 720 / 5384    560.5861 GFlop/s     (560.5861 GFlop/s per process)    13%    3081.0 sec left
CG set 721 / 5384    560.6170 GFlop/s     (560.6170 GFlop/s per process)    13%    3080.3 sec left
CG set 722 / 5384    560.6740 GFlop/s     (560.6740 GFlop/s per process)    13%    3079.7 sec left
CG set 723 / 5384    560.7007 GFlop/s     (560.7007 GFlop/s per process)    13%    3079.0 sec left
CG set 724 / 5384    560.7249 GFlop/s     (560.7249 GFlop/s per process)    13%    3078.3 sec left
CG set 725 / 5384    560.7343 GFlop/s     (560.7343 GFlop/s per process)    13%    3077.6 sec left
CG set 726 / 5384    560.7454 GFlop/s     (560.7454 GFlop/s per process)    13%    3076.9 sec left
CG set 727 / 5384    560.7620 GFlop/s     (560.7620 GFlop/s per process)    13%    3076.2 sec left
CG set 728 / 5384    560.7890 GFlop/s     (560.7890 GFlop/s per process)    13%    3075.5 sec left
CG set 729 / 5384    560.8045 GFlop/s     (560.8045 GFlop/s per process)    13%    3074.8 sec left
CG set 730 / 5384    560.8177 GFlop/s     (560.8177 GFlop/s per process)    13%    3074.0 sec left
CG set 731 / 5384    560.8324 GFlop/s     (560.8324 GFlop/s per process)    13%    3073.3 sec left
CG set 732 / 5384    560.8425 GFlop/s     (560.8425 GFlop/s per process)    13%    3072.6 sec left
CG set 733 / 5384    560.8575 GFlop/s     (560.8575 GFlop/s per process)    13%    3071.9 sec left
CG set 734 / 5384    560.8693 GFlop/s     (560.8693 GFlop/s per process)    13%    3071.2 sec left
CG set 735 / 5384    560.8859 GFlop/s     (560.8859 GFlop/s per process)    13%    3070.5 sec left
CG set 736 / 5384    560.8904 GFlop/s     (560.8904 GFlop/s per process)    13%    3069.8 sec left
CG set 737 / 5384    560.9038 GFlop/s     (560.9038 GFlop/s per process)    13%    3069.1 sec left
CG set 738 / 5384    560.9250 GFlop/s     (560.9250 GFlop/s per process)    13%    3068.4 sec left
CG set 739 / 5384    560.9420 GFlop/s     (560.9420 GFlop/s per process)    13%    3067.7 sec left
CG set 740 / 5384    560.9548 GFlop/s     (560.9548 GFlop/s per process)    13%    3067.0 sec left
CG set 741 / 5384    560.9611 GFlop/s     (560.9611 GFlop/s per process)    13%    3066.3 sec left
CG set 742 / 5384    560.9751 GFlop/s     (560.9751 GFlop/s per process)    13%    3065.6 sec left
CG set 743 / 5384    560.9863 GFlop/s     (560.9863 GFlop/s per process)    13%    3064.8 sec left
CG set 744 / 5384    561.0015 GFlop/s     (561.0015 GFlop/s per process)    13%    3064.1 sec left
CG set 745 / 5384    561.0218 GFlop/s     (561.0218 GFlop/s per process)    13%    3063.4 sec left
CG set 746 / 5384    561.0413 GFlop/s     (561.0413 GFlop/s per process)    13%    3062.7 sec left
CG set 747 / 5384    561.0600 GFlop/s     (561.0600 GFlop/s per process)    13%    3062.0 sec left
CG set 748 / 5384    561.0769 GFlop/s     (561.0769 GFlop/s per process)    13%    3061.3 sec left
CG set 749 / 5384    561.0989 GFlop/s     (561.0989 GFlop/s per process)    13%    3060.6 sec left
CG set 750 / 5384    561.1155 GFlop/s     (561.1155 GFlop/s per process)    13%    3059.9 sec left
CG set 751 / 5384    561.1326 GFlop/s     (561.1326 GFlop/s per process)    13%    3059.2 sec left
CG set 752 / 5384    561.1485 GFlop/s     (561.1485 GFlop/s per process)    13%    3058.5 sec left
CG set 753 / 5384    561.1669 GFlop/s     (561.1669 GFlop/s per process)    13%    3057.8 sec left
CG set 754 / 5384    561.1809 GFlop/s     (561.1809 GFlop/s per process)    14%    3057.1 sec left
CG set 755 / 5384    561.2122 GFlop/s     (561.2122 GFlop/s per process)    14%    3056.4 sec left
CG set 756 / 5384    561.2438 GFlop/s     (561.2438 GFlop/s per process)    14%    3055.7 sec left
CG set 757 / 5384    561.3062 GFlop/s     (561.3062 GFlop/s per process)    14%    3055.1 sec left
CG set 758 / 5384    561.3459 GFlop/s     (561.3459 GFlop/s per process)    14%    3054.4 sec left
CG set 759 / 5384    561.3874 GFlop/s     (561.3874 GFlop/s per process)    14%    3053.7 sec left
CG set 760 / 5384    561.4055 GFlop/s     (561.4055 GFlop/s per process)    14%    3053.0 sec left
CG set 761 / 5384    561.4110 GFlop/s     (561.4110 GFlop/s per process)    14%    3052.3 sec left
CG set 762 / 5384    561.4461 GFlop/s     (561.4461 GFlop/s per process)    14%    3051.6 sec left
CG set 763 / 5384    561.4571 GFlop/s     (561.4571 GFlop/s per process)    14%    3050.9 sec left
CG set 764 / 5384    561.4818 GFlop/s     (561.4818 GFlop/s per process)    14%    3050.2 sec left
CG set 765 / 5384    561.5162 GFlop/s     (561.5162 GFlop/s per process)    14%    3049.5 sec left
CG set 766 / 5384    561.5304 GFlop/s     (561.5304 GFlop/s per process)    14%    3048.8 sec left
CG set 767 / 5384    561.5359 GFlop/s     (561.5359 GFlop/s per process)    14%    3048.1 sec left
CG set 768 / 5384    561.5712 GFlop/s     (561.5712 GFlop/s per process)    14%    3047.4 sec left
CG set 769 / 5384    561.5818 GFlop/s     (561.5818 GFlop/s per process)    14%    3046.7 sec left
CG set 770 / 5384    561.5943 GFlop/s     (561.5943 GFlop/s per process)    14%    3046.0 sec left
CG set 771 / 5384    561.6324 GFlop/s     (561.6324 GFlop/s per process)    14%    3045.3 sec left
CG set 772 / 5384    561.6413 GFlop/s     (561.6413 GFlop/s per process)    14%    3044.6 sec left
CG set 773 / 5384    561.6758 GFlop/s     (561.6758 GFlop/s per process)    14%    3043.9 sec left
CG set 774 / 5384    561.6867 GFlop/s     (561.6867 GFlop/s per process)    14%    3043.2 sec left
CG set 775 / 5384    561.6916 GFlop/s     (561.6916 GFlop/s per process)    14%    3042.5 sec left
CG set 776 / 5384    561.7290 GFlop/s     (561.7290 GFlop/s per process)    14%    3041.8 sec left
CG set 777 / 5384    561.7471 GFlop/s     (561.7471 GFlop/s per process)    14%    3041.1 sec left
CG set 778 / 5384    561.7545 GFlop/s     (561.7545 GFlop/s per process)    14%    3040.4 sec left
CG set 779 / 5384    561.7877 GFlop/s     (561.7877 GFlop/s per process)    14%    3039.7 sec left
CG set 780 / 5384    561.8004 GFlop/s     (561.8004 GFlop/s per process)    14%    3039.0 sec left
CG set 781 / 5384    561.8152 GFlop/s     (561.8152 GFlop/s per process)    14%    3038.3 sec left
CG set 782 / 5384    561.8481 GFlop/s     (561.8481 GFlop/s per process)    14%    3037.6 sec left
CG set 783 / 5384    561.8555 GFlop/s     (561.8555 GFlop/s per process)    14%    3036.9 sec left
CG set 784 / 5384    561.8680 GFlop/s     (561.8680 GFlop/s per process)    14%    3036.2 sec left
CG set 785 / 5384    561.9051 GFlop/s     (561.9051 GFlop/s per process)    14%    3035.5 sec left
CG set 786 / 5384    561.9208 GFlop/s     (561.9208 GFlop/s per process)    14%    3034.8 sec left
CG set 787 / 5384    561.9385 GFlop/s     (561.9385 GFlop/s per process)    14%    3034.1 sec left
CG set 788 / 5384    561.9760 GFlop/s     (561.9760 GFlop/s per process)    14%    3033.4 sec left
CG set 789 / 5384    561.9854 GFlop/s     (561.9854 GFlop/s per process)    14%    3032.7 sec left
CG set 790 / 5384    562.0231 GFlop/s     (562.0231 GFlop/s per process)    14%    3032.1 sec left
CG set 791 / 5384    562.0353 GFlop/s     (562.0353 GFlop/s per process)    14%    3031.3 sec left
CG set 792 / 5384    562.0502 GFlop/s     (562.0502 GFlop/s per process)    14%    3030.6 sec left
CG set 793 / 5384    562.0866 GFlop/s     (562.0866 GFlop/s per process)    14%    3030.0 sec left
CG set 794 / 5384    562.1016 GFlop/s     (562.1016 GFlop/s per process)    14%    3029.3 sec left
CG set 795 / 5384    562.1165 GFlop/s     (562.1165 GFlop/s per process)    14%    3028.6 sec left
CG set 796 / 5384    562.1500 GFlop/s     (562.1500 GFlop/s per process)    14%    3027.9 sec left
CG set 797 / 5384    562.1638 GFlop/s     (562.1638 GFlop/s per process)    14%    3027.2 sec left
CG set 798 / 5384    562.1978 GFlop/s     (562.1978 GFlop/s per process)    14%    3026.5 sec left
CG set 799 / 5384    562.2388 GFlop/s     (562.2388 GFlop/s per process)    14%    3025.8 sec left
CG set 800 / 5384    562.2963 GFlop/s     (562.2963 GFlop/s per process)    14%    3025.1 sec left
CG set 801 / 5384    562.3315 GFlop/s     (562.3315 GFlop/s per process)    14%    3024.5 sec left
CG set 802 / 5384    562.3678 GFlop/s     (562.3678 GFlop/s per process)    14%    3023.8 sec left
CG set 803 / 5384    562.4110 GFlop/s     (562.4110 GFlop/s per process)    14%    3023.1 sec left
CG set 804 / 5384    562.4157 GFlop/s     (562.4157 GFlop/s per process)    14%    3022.4 sec left
CG set 805 / 5384    562.4448 GFlop/s     (562.4448 GFlop/s per process)    14%    3021.7 sec left
CG set 806 / 5384    562.4522 GFlop/s     (562.4522 GFlop/s per process)    14%    3021.0 sec left
CG set 807 / 5384    562.4841 GFlop/s     (562.4841 GFlop/s per process)    14%    3020.3 sec left
CG set 808 / 5384    562.5177 GFlop/s     (562.5177 GFlop/s per process)    15%    3019.6 sec left
CG set 809 / 5384    562.5361 GFlop/s     (562.5361 GFlop/s per process)    15%    3018.9 sec left
CG set 810 / 5384    562.5668 GFlop/s     (562.5668 GFlop/s per process)    15%    3018.2 sec left
CG set 811 / 5384    562.6011 GFlop/s     (562.6011 GFlop/s per process)    15%    3017.6 sec left
CG set 812 / 5384    562.6077 GFlop/s     (562.6077 GFlop/s per process)    15%    3016.8 sec left
CG set 813 / 5384    562.6373 GFlop/s     (562.6373 GFlop/s per process)    15%    3016.2 sec left
CG set 814 / 5384    562.6418 GFlop/s     (562.6418 GFlop/s per process)    15%    3015.4 sec left
CG set 815 / 5384    562.6697 GFlop/s     (562.6697 GFlop/s per process)    15%    3014.8 sec left
CG set 816 / 5384    562.6962 GFlop/s     (562.6962 GFlop/s per process)    15%    3014.1 sec left
CG set 817 / 5384    562.7036 GFlop/s     (562.7036 GFlop/s per process)    15%    3013.4 sec left
CG set 818 / 5384    562.7338 GFlop/s     (562.7338 GFlop/s per process)    15%    3012.7 sec left
CG set 819 / 5384    562.7633 GFlop/s     (562.7633 GFlop/s per process)    15%    3012.0 sec left
CG set 820 / 5384    562.7721 GFlop/s     (562.7721 GFlop/s per process)    15%    3011.3 sec left
CG set 821 / 5384    562.8019 GFlop/s     (562.8019 GFlop/s per process)    15%    3010.6 sec left
CG set 822 / 5384    562.8093 GFlop/s     (562.8093 GFlop/s per process)    15%    3009.9 sec left
CG set 823 / 5384    562.8426 GFlop/s     (562.8426 GFlop/s per process)    15%    3009.2 sec left
CG set 824 / 5384    562.8747 GFlop/s     (562.8747 GFlop/s per process)    15%    3008.5 sec left
CG set 825 / 5384    562.8832 GFlop/s     (562.8832 GFlop/s per process)    15%    3007.8 sec left
CG set 826 / 5384    562.9103 GFlop/s     (562.9103 GFlop/s per process)    15%    3007.1 sec left
CG set 827 / 5384    562.9431 GFlop/s     (562.9431 GFlop/s per process)    15%    3006.4 sec left
CG set 828 / 5384    562.9507 GFlop/s     (562.9507 GFlop/s per process)    15%    3005.7 sec left
CG set 829 / 5384    562.9825 GFlop/s     (562.9825 GFlop/s per process)    15%    3005.0 sec left
CG set 830 / 5384    563.0114 GFlop/s     (563.0114 GFlop/s per process)    15%    3004.4 sec left
CG set 831 / 5384    563.0125 GFlop/s     (563.0125 GFlop/s per process)    15%    3003.6 sec left
CG set 832 / 5384    563.0428 GFlop/s     (563.0428 GFlop/s per process)    15%    3003.0 sec left
CG set 833 / 5384    563.0524 GFlop/s     (563.0524 GFlop/s per process)    15%    3002.2 sec left
CG set 834 / 5384    563.0824 GFlop/s     (563.0824 GFlop/s per process)    15%    3001.6 sec left
CG set 835 / 5384    563.1129 GFlop/s     (563.1129 GFlop/s per process)    15%    3000.9 sec left
CG set 836 / 5384    563.1247 GFlop/s     (563.1247 GFlop/s per process)    15%    3000.2 sec left
CG set 837 / 5384    563.1562 GFlop/s     (563.1562 GFlop/s per process)    15%    2999.5 sec left
CG set 838 / 5384    563.1859 GFlop/s     (563.1859 GFlop/s per process)    15%    2998.8 sec left
CG set 839 / 5384    563.1978 GFlop/s     (563.1978 GFlop/s per process)    15%    2998.1 sec left
CG set 840 / 5384    563.2305 GFlop/s     (563.2305 GFlop/s per process)    15%    2997.4 sec left
CG set 841 / 5384    563.2371 GFlop/s     (563.2371 GFlop/s per process)    15%    2996.7 sec left
CG set 842 / 5384    563.2682 GFlop/s     (563.2682 GFlop/s per process)    15%    2996.0 sec left
CG set 843 / 5384    563.3003 GFlop/s     (563.3003 GFlop/s per process)    15%    2995.3 sec left
CG set 844 / 5384    563.3114 GFlop/s     (563.3114 GFlop/s per process)    15%    2994.6 sec left
CG set 845 / 5384    563.3422 GFlop/s     (563.3422 GFlop/s per process)    15%    2993.9 sec left
CG set 846 / 5384    563.3739 GFlop/s     (563.3739 GFlop/s per process)    15%    2993.3 sec left
CG set 847 / 5384    563.3816 GFlop/s     (563.3816 GFlop/s per process)    15%    2992.6 sec left
CG set 848 / 5384    563.4136 GFlop/s     (563.4136 GFlop/s per process)    15%    2991.9 sec left
CG set 849 / 5384    563.4445 GFlop/s     (563.4445 GFlop/s per process)    15%    2991.2 sec left
CG set 850 / 5384    563.4802 GFlop/s     (563.4802 GFlop/s per process)    15%    2990.5 sec left
CG set 851 / 5384    563.5312 GFlop/s     (563.5312 GFlop/s per process)    15%    2989.9 sec left
CG set 852 / 5384    563.5746 GFlop/s     (563.5746 GFlop/s per process)    15%    2989.2 sec left
CG set 853 / 5384    563.6139 GFlop/s     (563.6139 GFlop/s per process)    15%    2988.5 sec left
CG set 854 / 5384    563.6449 GFlop/s     (563.6449 GFlop/s per process)    15%    2987.8 sec left
CG set 855 / 5384    563.6824 GFlop/s     (563.6824 GFlop/s per process)    15%    2987.2 sec left
CG set 856 / 5384    563.6844 GFlop/s     (563.6844 GFlop/s per process)    15%    2986.4 sec left
CG set 857 / 5384    563.7101 GFlop/s     (563.7101 GFlop/s per process)    15%    2985.7 sec left
CG set 858 / 5384    563.7390 GFlop/s     (563.7390 GFlop/s per process)    15%    2985.1 sec left
CG set 859 / 5384    563.7621 GFlop/s     (563.7621 GFlop/s per process)    15%    2984.4 sec left
CG set 860 / 5384    563.7908 GFlop/s     (563.7908 GFlop/s per process)    15%    2983.7 sec left
CG set 861 / 5384    563.8195 GFlop/s     (563.8195 GFlop/s per process)    15%    2983.0 sec left
CG set 862 / 5384    563.8586 GFlop/s     (563.8586 GFlop/s per process)    16%    2982.3 sec left
CG set 863 / 5384    563.8640 GFlop/s     (563.8640 GFlop/s per process)    16%    2981.6 sec left
CG set 864 / 5384    563.8921 GFlop/s     (563.8921 GFlop/s per process)    16%    2980.9 sec left
CG set 865 / 5384    563.9201 GFlop/s     (563.9201 GFlop/s per process)    16%    2980.2 sec left
CG set 866 / 5384    563.9478 GFlop/s     (563.9478 GFlop/s per process)    16%    2979.6 sec left
CG set 867 / 5384    563.9748 GFlop/s     (563.9748 GFlop/s per process)    16%    2978.9 sec left
CG set 868 / 5384    564.0027 GFlop/s     (564.0027 GFlop/s per process)    16%    2978.2 sec left
CG set 869 / 5384    564.0299 GFlop/s     (564.0299 GFlop/s per process)    16%    2977.5 sec left
CG set 870 / 5384    564.0578 GFlop/s     (564.0578 GFlop/s per process)    16%    2976.8 sec left
CG set 871 / 5384    564.0648 GFlop/s     (564.0648 GFlop/s per process)    16%    2976.1 sec left
CG set 872 / 5384    564.0917 GFlop/s     (564.0917 GFlop/s per process)    16%    2975.4 sec left
CG set 873 / 5384    564.1176 GFlop/s     (564.1176 GFlop/s per process)    16%    2974.7 sec left
CG set 874 / 5384    564.1431 GFlop/s     (564.1431 GFlop/s per process)    16%    2974.1 sec left
CG set 875 / 5384    564.1728 GFlop/s     (564.1728 GFlop/s per process)    16%    2973.4 sec left
CG set 876 / 5384    564.1992 GFlop/s     (564.1992 GFlop/s per process)    16%    2972.7 sec left
CG set 877 / 5384    564.2263 GFlop/s     (564.2263 GFlop/s per process)    16%    2972.0 sec left
CG set 878 / 5384    564.2313 GFlop/s     (564.2313 GFlop/s per process)    16%    2971.3 sec left
CG set 879 / 5384    564.2620 GFlop/s     (564.2620 GFlop/s per process)    16%    2970.6 sec left
CG set 880 / 5384    564.2916 GFlop/s     (564.2916 GFlop/s per process)    16%    2969.9 sec left
CG set 881 / 5384    564.3210 GFlop/s     (564.3210 GFlop/s per process)    16%    2969.2 sec left
CG set 882 / 5384    564.3481 GFlop/s     (564.3481 GFlop/s per process)    16%    2968.6 sec left
CG set 883 / 5384    564.3741 GFlop/s     (564.3741 GFlop/s per process)    16%    2967.9 sec left
CG set 884 / 5384    564.4039 GFlop/s     (564.4039 GFlop/s per process)    16%    2967.2 sec left
CG set 885 / 5384    564.4131 GFlop/s     (564.4131 GFlop/s per process)    16%    2966.5 sec left
CG set 886 / 5384    564.4440 GFlop/s     (564.4440 GFlop/s per process)    16%    2965.8 sec left
CG set 887 / 5384    564.4723 GFlop/s     (564.4723 GFlop/s per process)    16%    2965.1 sec left
CG set 888 / 5384    564.5001 GFlop/s     (564.5001 GFlop/s per process)    16%    2964.4 sec left
CG set 889 / 5384    564.5247 GFlop/s     (564.5247 GFlop/s per process)    16%    2963.7 sec left
CG set 890 / 5384    564.5415 GFlop/s     (564.5415 GFlop/s per process)    16%    2963.0 sec left
CG set 891 / 5384    564.5714 GFlop/s     (564.5714 GFlop/s per process)    16%    2962.4 sec left
CG set 892 / 5384    564.5802 GFlop/s     (564.5802 GFlop/s per process)    16%    2961.7 sec left
CG set 893 / 5384    564.6107 GFlop/s     (564.6107 GFlop/s per process)    16%    2961.0 sec left
CG set 894 / 5384    564.6414 GFlop/s     (564.6414 GFlop/s per process)    16%    2960.3 sec left
CG set 895 / 5384    564.6715 GFlop/s     (564.6715 GFlop/s per process)    16%    2959.6 sec left
CG set 896 / 5384    564.7017 GFlop/s     (564.7017 GFlop/s per process)    16%    2958.9 sec left
CG set 897 / 5384    564.7322 GFlop/s     (564.7322 GFlop/s per process)    16%    2958.3 sec left
CG set 898 / 5384    564.7629 GFlop/s     (564.7629 GFlop/s per process)    16%    2957.6 sec left
CG set 899 / 5384    564.7946 GFlop/s     (564.7946 GFlop/s per process)    16%    2956.9 sec left
CG set 900 / 5384    564.8015 GFlop/s     (564.8015 GFlop/s per process)    16%    2956.2 sec left
CG set 901 / 5384    564.8321 GFlop/s     (564.8321 GFlop/s per process)    16%    2955.5 sec left
CG set 902 / 5384    564.8611 GFlop/s     (564.8611 GFlop/s per process)    16%    2954.8 sec left
CG set 903 / 5384    564.8914 GFlop/s     (564.8914 GFlop/s per process)    16%    2954.1 sec left
CG set 904 / 5384    564.9173 GFlop/s     (564.9173 GFlop/s per process)    16%    2953.5 sec left
CG set 905 / 5384    564.9456 GFlop/s     (564.9456 GFlop/s per process)    16%    2952.8 sec left
CG set 906 / 5384    564.9745 GFlop/s     (564.9745 GFlop/s per process)    16%    2952.1 sec left
CG set 907 / 5384    564.9816 GFlop/s     (564.9816 GFlop/s per process)    16%    2951.4 sec left
CG set 908 / 5384    565.0093 GFlop/s     (565.0093 GFlop/s per process)    16%    2950.7 sec left
CG set 909 / 5384    565.0384 GFlop/s     (565.0384 GFlop/s per process)    16%    2950.0 sec left
CG set 910 / 5384    565.0789 GFlop/s     (565.0789 GFlop/s per process)    16%    2949.4 sec left
CG set 911 / 5384    565.1151 GFlop/s     (565.1151 GFlop/s per process)    16%    2948.7 sec left
CG set 912 / 5384    565.1479 GFlop/s     (565.1479 GFlop/s per process)    16%    2948.0 sec left
CG set 913 / 5384    565.1957 GFlop/s     (565.1957 GFlop/s per process)    16%    2947.4 sec left
CG set 914 / 5384    565.2376 GFlop/s     (565.2376 GFlop/s per process)    16%    2946.7 sec left
CG set 915 / 5384    565.2756 GFlop/s     (565.2756 GFlop/s per process)    16%    2946.0 sec left
CG set 916 / 5384    565.3054 GFlop/s     (565.3054 GFlop/s per process)    17%    2945.3 sec left
CG set 917 / 5384    565.3403 GFlop/s     (565.3403 GFlop/s per process)    17%    2944.7 sec left
CG set 918 / 5384    565.3660 GFlop/s     (565.3660 GFlop/s per process)    17%    2944.0 sec left
CG set 919 / 5384    565.3909 GFlop/s     (565.3909 GFlop/s per process)    17%    2943.3 sec left
CG set 920 / 5384    565.4144 GFlop/s     (565.4144 GFlop/s per process)    17%    2942.6 sec left
CG set 921 / 5384    565.4621 GFlop/s     (565.4621 GFlop/s per process)    17%    2941.9 sec left
CG set 922 / 5384    565.4873 GFlop/s     (565.4873 GFlop/s per process)    17%    2941.3 sec left
CG set 923 / 5384    565.5089 GFlop/s     (565.5089 GFlop/s per process)    17%    2940.6 sec left
CG set 924 / 5384    565.5361 GFlop/s     (565.5361 GFlop/s per process)    17%    2939.9 sec left
CG set 925 / 5384    565.5642 GFlop/s     (565.5642 GFlop/s per process)    17%    2939.2 sec left
CG set 926 / 5384    565.5993 GFlop/s     (565.5993 GFlop/s per process)    17%    2938.5 sec left
CG set 927 / 5384    565.6275 GFlop/s     (565.6275 GFlop/s per process)    17%    2937.9 sec left
CG set 928 / 5384    565.6535 GFlop/s     (565.6535 GFlop/s per process)    17%    2937.2 sec left
CG set 929 / 5384    565.6782 GFlop/s     (565.6782 GFlop/s per process)    17%    2936.5 sec left
CG set 930 / 5384    565.7052 GFlop/s     (565.7052 GFlop/s per process)    17%    2935.8 sec left
CG set 931 / 5384    565.7295 GFlop/s     (565.7295 GFlop/s per process)    17%    2935.1 sec left
CG set 932 / 5384    565.7547 GFlop/s     (565.7547 GFlop/s per process)    17%    2934.4 sec left
CG set 933 / 5384    565.7814 GFlop/s     (565.7814 GFlop/s per process)    17%    2933.8 sec left
CG set 934 / 5384    565.8064 GFlop/s     (565.8064 GFlop/s per process)    17%    2933.1 sec left
CG set 935 / 5384    565.8336 GFlop/s     (565.8336 GFlop/s per process)    17%    2932.4 sec left
CG set 936 / 5384    565.8602 GFlop/s     (565.8602 GFlop/s per process)    17%    2931.7 sec left
CG set 937 / 5384    565.8856 GFlop/s     (565.8856 GFlop/s per process)    17%    2931.0 sec left
CG set 938 / 5384    565.9110 GFlop/s     (565.9110 GFlop/s per process)    17%    2930.3 sec left
CG set 939 / 5384    565.9569 GFlop/s     (565.9569 GFlop/s per process)    17%    2929.7 sec left
CG set 940 / 5384    565.9812 GFlop/s     (565.9812 GFlop/s per process)    17%    2929.0 sec left
CG set 941 / 5384    566.0074 GFlop/s     (566.0074 GFlop/s per process)    17%    2928.3 sec left
CG set 942 / 5384    566.0341 GFlop/s     (566.0341 GFlop/s per process)    17%    2927.6 sec left
CG set 943 / 5384    566.0585 GFlop/s     (566.0585 GFlop/s per process)    17%    2926.9 sec left
CG set 944 / 5384    566.0802 GFlop/s     (566.0802 GFlop/s per process)    17%    2926.3 sec left
CG set 945 / 5384    566.1045 GFlop/s     (566.1045 GFlop/s per process)    17%    2925.6 sec left
CG set 946 / 5384    566.1320 GFlop/s     (566.1320 GFlop/s per process)    17%    2924.9 sec left
CG set 947 / 5384    566.1603 GFlop/s     (566.1603 GFlop/s per process)    17%    2924.2 sec left
CG set 948 / 5384    566.1869 GFlop/s     (566.1869 GFlop/s per process)    17%    2923.5 sec left
CG set 949 / 5384    566.2133 GFlop/s     (566.2133 GFlop/s per process)    17%    2922.9 sec left
CG set 950 / 5384    566.2399 GFlop/s     (566.2399 GFlop/s per process)    17%    2922.2 sec left
CG set 951 / 5384    566.2646 GFlop/s     (566.2646 GFlop/s per process)    17%    2921.5 sec left
CG set 952 / 5384    566.2908 GFlop/s     (566.2908 GFlop/s per process)    17%    2920.8 sec left
CG set 953 / 5384    566.3161 GFlop/s     (566.3161 GFlop/s per process)    17%    2920.1 sec left
CG set 954 / 5384    566.3423 GFlop/s     (566.3423 GFlop/s per process)    17%    2919.4 sec left
CG set 955 / 5384    566.3700 GFlop/s     (566.3700 GFlop/s per process)    17%    2918.8 sec left
CG set 956 / 5384    566.3950 GFlop/s     (566.3950 GFlop/s per process)    17%    2918.1 sec left
CG set 957 / 5384    566.4402 GFlop/s     (566.4402 GFlop/s per process)    17%    2917.4 sec left
CG set 958 / 5384    566.4646 GFlop/s     (566.4646 GFlop/s per process)    17%    2916.7 sec left
CG set 959 / 5384    566.4896 GFlop/s     (566.4896 GFlop/s per process)    17%    2916.1 sec left
CG set 960 / 5384    566.5153 GFlop/s     (566.5153 GFlop/s per process)    17%    2915.4 sec left
CG set 961 / 5384    566.5426 GFlop/s     (566.5426 GFlop/s per process)    17%    2914.7 sec left
CG set 962 / 5384    566.5694 GFlop/s     (566.5694 GFlop/s per process)    17%    2914.0 sec left
CG set 963 / 5384    566.5967 GFlop/s     (566.5967 GFlop/s per process)    17%    2913.3 sec left
CG set 964 / 5384    566.6243 GFlop/s     (566.6243 GFlop/s per process)    17%    2912.7 sec left
CG set 965 / 5384    566.6510 GFlop/s     (566.6510 GFlop/s per process)    17%    2912.0 sec left
CG set 966 / 5384    566.6782 GFlop/s     (566.6782 GFlop/s per process)    17%    2911.3 sec left
CG set 967 / 5384    566.7064 GFlop/s     (566.7064 GFlop/s per process)    17%    2910.6 sec left
CG set 968 / 5384    566.7330 GFlop/s     (566.7330 GFlop/s per process)    17%    2909.9 sec left
CG set 969 / 5384    566.7621 GFlop/s     (566.7621 GFlop/s per process)    17%    2909.3 sec left
CG set 970 / 5384    566.7902 GFlop/s     (566.7902 GFlop/s per process)    18%    2908.6 sec left
CG set 971 / 5384    566.8174 GFlop/s     (566.8174 GFlop/s per process)    18%    2907.9 sec left
CG set 972 / 5384    566.8429 GFlop/s     (566.8429 GFlop/s per process)    18%    2907.2 sec left
CG set 973 / 5384    566.8877 GFlop/s     (566.8877 GFlop/s per process)    18%    2906.6 sec left
CG set 974 / 5384    566.9161 GFlop/s     (566.9161 GFlop/s per process)    18%    2905.9 sec left
CG set 975 / 5384    566.9431 GFlop/s     (566.9431 GFlop/s per process)    18%    2905.2 sec left
CG set 976 / 5384    566.9709 GFlop/s     (566.9709 GFlop/s per process)    18%    2904.5 sec left
CG set 977 / 5384    566.9970 GFlop/s     (566.9970 GFlop/s per process)    18%    2903.8 sec left
CG set 978 / 5384    567.0232 GFlop/s     (567.0232 GFlop/s per process)    18%    2903.2 sec left
CG set 979 / 5384    567.0488 GFlop/s     (567.0488 GFlop/s per process)    18%    2902.5 sec left
CG set 980 / 5384    567.0764 GFlop/s     (567.0764 GFlop/s per process)    18%    2901.8 sec left
CG set 981 / 5384    567.0990 GFlop/s     (567.0990 GFlop/s per process)    18%    2901.1 sec left
CG set 982 / 5384    567.1254 GFlop/s     (567.1254 GFlop/s per process)    18%    2900.4 sec left
CG set 983 / 5384    567.1522 GFlop/s     (567.1522 GFlop/s per process)    18%    2899.8 sec left
CG set 984 / 5384    567.1890 GFlop/s     (567.1890 GFlop/s per process)    18%    2899.1 sec left
CG set 985 / 5384    567.2222 GFlop/s     (567.2222 GFlop/s per process)    18%    2898.4 sec left
CG set 986 / 5384    567.2515 GFlop/s     (567.2515 GFlop/s per process)    18%    2897.8 sec left
CG set 987 / 5384    567.2956 GFlop/s     (567.2956 GFlop/s per process)    18%    2897.1 sec left
CG set 988 / 5384    567.3385 GFlop/s     (567.3385 GFlop/s per process)    18%    2896.4 sec left
CG set 989 / 5384    567.3750 GFlop/s     (567.3750 GFlop/s per process)    18%    2895.8 sec left
CG set 990 / 5384    567.4086 GFlop/s     (567.4086 GFlop/s per process)    18%    2895.1 sec left
CG set 991 / 5384    567.4353 GFlop/s     (567.4353 GFlop/s per process)    18%    2894.4 sec left
CG set 992 / 5384    567.4664 GFlop/s     (567.4664 GFlop/s per process)    18%    2893.7 sec left
CG set 993 / 5384    567.4897 GFlop/s     (567.4897 GFlop/s per process)    18%    2893.1 sec left
CG set 994 / 5384    567.5087 GFlop/s     (567.5087 GFlop/s per process)    18%    2892.4 sec left
CG set 995 / 5384    567.5310 GFlop/s     (567.5310 GFlop/s per process)    18%    2891.7 sec left
CG set 996 / 5384    567.5742 GFlop/s     (567.5742 GFlop/s per process)    18%    2891.0 sec left
CG set 997 / 5384    567.5965 GFlop/s     (567.5965 GFlop/s per process)    18%    2890.4 sec left
CG set 998 / 5384    567.6200 GFlop/s     (567.6200 GFlop/s per process)    18%    2889.7 sec left
CG set 999 / 5384    567.6447 GFlop/s     (567.6447 GFlop/s per process)    18%    2889.0 sec left
CG set 1000 / 5384    567.6701 GFlop/s     (567.6701 GFlop/s per process)    18%    2888.3 sec left
CG set 1001 / 5384    567.7030 GFlop/s     (567.7030 GFlop/s per process)    18%    2887.6 sec left
CG set 1002 / 5384    567.7277 GFlop/s     (567.7277 GFlop/s per process)    18%    2887.0 sec left
CG set 1003 / 5384    567.7505 GFlop/s     (567.7505 GFlop/s per process)    18%    2886.3 sec left
CG set 1004 / 5384    567.7761 GFlop/s     (567.7761 GFlop/s per process)    18%    2885.6 sec left
CG set 1005 / 5384    567.8185 GFlop/s     (567.8185 GFlop/s per process)    18%    2884.9 sec left
CG set 1006 / 5384    567.8416 GFlop/s     (567.8416 GFlop/s per process)    18%    2884.3 sec left
CG set 1007 / 5384    567.8646 GFlop/s     (567.8646 GFlop/s per process)    18%    2883.6 sec left
CG set 1008 / 5384    567.8862 GFlop/s     (567.8862 GFlop/s per process)    18%    2882.9 sec left
CG set 1009 / 5384    567.9092 GFlop/s     (567.9092 GFlop/s per process)    18%    2882.2 sec left
CG set 1010 / 5384    567.9319 GFlop/s     (567.9319 GFlop/s per process)    18%    2881.5 sec left
CG set 1011 / 5384    567.9562 GFlop/s     (567.9562 GFlop/s per process)    18%    2880.9 sec left
CG set 1012 / 5384    567.9796 GFlop/s     (567.9796 GFlop/s per process)    18%    2880.2 sec left
CG set 1013 / 5384    568.0221 GFlop/s     (568.0221 GFlop/s per process)    18%    2879.5 sec left
CG set 1014 / 5384    568.0465 GFlop/s     (568.0465 GFlop/s per process)    18%    2878.8 sec left
CG set 1015 / 5384    568.0689 GFlop/s     (568.0689 GFlop/s per process)    18%    2878.2 sec left
CG set 1016 / 5384    568.0922 GFlop/s     (568.0922 GFlop/s per process)    18%    2877.5 sec left
CG set 1017 / 5384    568.1150 GFlop/s     (568.1150 GFlop/s per process)    18%    2876.8 sec left
CG set 1018 / 5384    568.1405 GFlop/s     (568.1405 GFlop/s per process)    18%    2876.1 sec left
CG set 1019 / 5384    568.1635 GFlop/s     (568.1635 GFlop/s per process)    18%    2875.4 sec left
CG set 1020 / 5384    568.1848 GFlop/s     (568.1848 GFlop/s per process)    18%    2874.7 sec left
CG set 1021 / 5384    568.2068 GFlop/s     (568.2068 GFlop/s per process)    18%    2874.1 sec left
CG set 1022 / 5384    568.2470 GFlop/s     (568.2470 GFlop/s per process)    18%    2873.4 sec left
CG set 1023 / 5384    568.2712 GFlop/s     (568.2712 GFlop/s per process)    19%    2872.7 sec left
CG set 1024 / 5384    568.2964 GFlop/s     (568.2964 GFlop/s per process)    19%    2872.0 sec left
CG set 1025 / 5384    568.3224 GFlop/s     (568.3224 GFlop/s per process)    19%    2871.4 sec left
CG set 1026 / 5384    568.3463 GFlop/s     (568.3463 GFlop/s per process)    19%    2870.7 sec left
CG set 1027 / 5384    568.3695 GFlop/s     (568.3695 GFlop/s per process)    19%    2870.0 sec left
CG set 1028 / 5384    568.3911 GFlop/s     (568.3911 GFlop/s per process)    19%    2869.3 sec left
CG set 1029 / 5384    568.4143 GFlop/s     (568.4143 GFlop/s per process)    19%    2868.6 sec left
CG set 1030 / 5384    568.4563 GFlop/s     (568.4563 GFlop/s per process)    19%    2868.0 sec left
CG set 1031 / 5384    568.4789 GFlop/s     (568.4789 GFlop/s per process)    19%    2867.3 sec left
CG set 1032 / 5384    568.5022 GFlop/s     (568.5022 GFlop/s per process)    19%    2866.6 sec left
CG set 1033 / 5384    568.5259 GFlop/s     (568.5259 GFlop/s per process)    19%    2865.9 sec left
CG set 1034 / 5384    568.5444 GFlop/s     (568.5444 GFlop/s per process)    19%    2865.3 sec left
CG set 1035 / 5384    568.5661 GFlop/s     (568.5661 GFlop/s per process)    19%    2864.6 sec left
CG set 1036 / 5384    568.5883 GFlop/s     (568.5883 GFlop/s per process)    19%    2863.9 sec left
CG set 1037 / 5384    568.6106 GFlop/s     (568.6106 GFlop/s per process)    19%    2863.2 sec left
CG set 1038 / 5384    568.6337 GFlop/s     (568.6337 GFlop/s per process)    19%    2862.5 sec left
CG set 1039 / 5384    568.6750 GFlop/s     (568.6750 GFlop/s per process)    19%    2861.9 sec left
CG set 1040 / 5384    568.6950 GFlop/s     (568.6950 GFlop/s per process)    19%    2861.2 sec left
CG set 1041 / 5384    568.7194 GFlop/s     (568.7194 GFlop/s per process)    19%    2860.5 sec left
CG set 1042 / 5384    568.7432 GFlop/s     (568.7432 GFlop/s per process)    19%    2859.8 sec left
CG set 1043 / 5384    568.7666 GFlop/s     (568.7666 GFlop/s per process)    19%    2859.2 sec left
CG set 1044 / 5384    568.7900 GFlop/s     (568.7900 GFlop/s per process)    19%    2858.5 sec left
CG set 1045 / 5384    568.8140 GFlop/s     (568.8140 GFlop/s per process)    19%    2857.8 sec left
CG set 1046 / 5384    568.8347 GFlop/s     (568.8347 GFlop/s per process)    19%    2857.1 sec left
CG set 1047 / 5384    568.8754 GFlop/s     (568.8754 GFlop/s per process)    19%    2856.5 sec left
CG set 1048 / 5384    568.8987 GFlop/s     (568.8987 GFlop/s per process)    19%    2855.8 sec left
CG set 1049 / 5384    568.9198 GFlop/s     (568.9198 GFlop/s per process)    19%    2855.1 sec left
CG set 1050 / 5384    568.9455 GFlop/s     (568.9455 GFlop/s per process)    19%    2854.4 sec left
CG set 1051 / 5384    568.9678 GFlop/s     (568.9678 GFlop/s per process)    19%    2853.7 sec left
CG set 1052 / 5384    568.9915 GFlop/s     (568.9915 GFlop/s per process)    19%    2853.1 sec left
CG set 1053 / 5384    569.0148 GFlop/s     (569.0148 GFlop/s per process)    19%    2852.4 sec left
CG set 1054 / 5384    569.0391 GFlop/s     (569.0391 GFlop/s per process)    19%    2851.7 sec left
CG set 1055 / 5384    569.0619 GFlop/s     (569.0619 GFlop/s per process)    19%    2851.0 sec left
CG set 1056 / 5384    569.1018 GFlop/s     (569.1018 GFlop/s per process)    19%    2850.4 sec left
CG set 1057 / 5384    569.1249 GFlop/s     (569.1249 GFlop/s per process)    19%    2849.7 sec left
CG set 1058 / 5384    569.1474 GFlop/s     (569.1474 GFlop/s per process)    19%    2849.0 sec left
CG set 1059 / 5384    569.1711 GFlop/s     (569.1711 GFlop/s per process)    19%    2848.3 sec left
CG set 1060 / 5384    569.1924 GFlop/s     (569.1924 GFlop/s per process)    19%    2847.7 sec left
CG set 1061 / 5384    569.2137 GFlop/s     (569.2137 GFlop/s per process)    19%    2847.0 sec left
CG set 1062 / 5384    569.2371 GFlop/s     (569.2371 GFlop/s per process)    19%    2846.3 sec left
CG set 1063 / 5384    569.2691 GFlop/s     (569.2691 GFlop/s per process)    19%    2845.6 sec left
CG set 1064 / 5384    569.3076 GFlop/s     (569.3076 GFlop/s per process)    19%    2845.0 sec left
CG set 1065 / 5384    569.3357 GFlop/s     (569.3357 GFlop/s per process)    19%    2844.3 sec left
CG set 1066 / 5384    569.3616 GFlop/s     (569.3616 GFlop/s per process)    19%    2843.6 sec left
CG set 1067 / 5384    569.4005 GFlop/s     (569.4005 GFlop/s per process)    19%    2843.0 sec left
CG set 1068 / 5384    569.4331 GFlop/s     (569.4331 GFlop/s per process)    19%    2842.3 sec left
CG set 1069 / 5384    569.4620 GFlop/s     (569.4620 GFlop/s per process)    19%    2841.6 sec left
CG set 1070 / 5384    569.4840 GFlop/s     (569.4840 GFlop/s per process)    19%    2840.9 sec left
CG set 1071 / 5384    569.5117 GFlop/s     (569.5117 GFlop/s per process)    19%    2840.3 sec left
CG set 1072 / 5384    569.5507 GFlop/s     (569.5507 GFlop/s per process)    19%    2839.6 sec left
CG set 1073 / 5384    569.5691 GFlop/s     (569.5691 GFlop/s per process)    19%    2838.9 sec left
CG set 1074 / 5384    569.5832 GFlop/s     (569.5832 GFlop/s per process)    19%    2838.2 sec left
CG set 1075 / 5384    569.6027 GFlop/s     (569.6027 GFlop/s per process)    19%    2837.6 sec left
CG set 1076 / 5384    569.6211 GFlop/s     (569.6211 GFlop/s per process)    19%    2836.9 sec left
CG set 1077 / 5384    569.6402 GFlop/s     (569.6402 GFlop/s per process)    20%    2836.2 sec left
CG set 1078 / 5384    569.6601 GFlop/s     (569.6601 GFlop/s per process)    20%    2835.5 sec left
CG set 1079 / 5384    569.6817 GFlop/s     (569.6817 GFlop/s per process)    20%    2834.8 sec left
CG set 1080 / 5384    569.7095 GFlop/s     (569.7095 GFlop/s per process)    20%    2834.2 sec left
CG set 1081 / 5384    569.7463 GFlop/s     (569.7463 GFlop/s per process)    20%    2833.5 sec left
CG set 1082 / 5384    569.7664 GFlop/s     (569.7664 GFlop/s per process)    20%    2832.8 sec left
CG set 1083 / 5384    569.7853 GFlop/s     (569.7853 GFlop/s per process)    20%    2832.1 sec left
CG set 1084 / 5384    569.8067 GFlop/s     (569.8067 GFlop/s per process)    20%    2831.5 sec left
CG set 1085 / 5384    569.8264 GFlop/s     (569.8264 GFlop/s per process)    20%    2830.8 sec left
CG set 1086 / 5384    569.8439 GFlop/s     (569.8439 GFlop/s per process)    20%    2830.1 sec left
CG set 1087 / 5384    569.8623 GFlop/s     (569.8623 GFlop/s per process)    20%    2829.4 sec left
CG set 1088 / 5384    569.8810 GFlop/s     (569.8810 GFlop/s per process)    20%    2828.7 sec left
CG set 1089 / 5384    569.9001 GFlop/s     (569.9001 GFlop/s per process)    20%    2828.0 sec left
CG set 1090 / 5384    569.9374 GFlop/s     (569.9374 GFlop/s per process)    20%    2827.4 sec left
CG set 1091 / 5384    569.9567 GFlop/s     (569.9567 GFlop/s per process)    20%    2826.7 sec left
CG set 1092 / 5384    569.9749 GFlop/s     (569.9749 GFlop/s per process)    20%    2826.0 sec left
CG set 1093 / 5384    569.9955 GFlop/s     (569.9955 GFlop/s per process)    20%    2825.3 sec left
CG set 1094 / 5384    570.0145 GFlop/s     (570.0145 GFlop/s per process)    20%    2824.7 sec left
CG set 1095 / 5384    570.0326 GFlop/s     (570.0326 GFlop/s per process)    20%    2824.0 sec left
CG set 1096 / 5384    570.0507 GFlop/s     (570.0507 GFlop/s per process)    20%    2823.3 sec left
CG set 1097 / 5384    570.0709 GFlop/s     (570.0709 GFlop/s per process)    20%    2822.6 sec left
CG set 1098 / 5384    570.1082 GFlop/s     (570.1082 GFlop/s per process)    20%    2821.9 sec left
CG set 1099 / 5384    570.1263 GFlop/s     (570.1263 GFlop/s per process)    20%    2821.3 sec left
CG set 1100 / 5384    570.1447 GFlop/s     (570.1447 GFlop/s per process)    20%    2820.6 sec left
CG set 1101 / 5384    570.1609 GFlop/s     (570.1609 GFlop/s per process)    20%    2819.9 sec left
CG set 1102 / 5384    570.1807 GFlop/s     (570.1807 GFlop/s per process)    20%    2819.2 sec left
CG set 1103 / 5384    570.2005 GFlop/s     (570.2005 GFlop/s per process)    20%    2818.5 sec left
CG set 1104 / 5384    570.2202 GFlop/s     (570.2202 GFlop/s per process)    20%    2817.9 sec left
CG set 1105 / 5384    570.2379 GFlop/s     (570.2379 GFlop/s per process)    20%    2817.2 sec left
CG set 1106 / 5384    570.2555 GFlop/s     (570.2555 GFlop/s per process)    20%    2816.5 sec left
CG set 1107 / 5384    570.2908 GFlop/s     (570.2908 GFlop/s per process)    20%    2815.8 sec left
CG set 1108 / 5384    570.3088 GFlop/s     (570.3088 GFlop/s per process)    20%    2815.1 sec left
CG set 1109 / 5384    570.3276 GFlop/s     (570.3276 GFlop/s per process)    20%    2814.5 sec left
CG set 1110 / 5384    570.3449 GFlop/s     (570.3449 GFlop/s per process)    20%    2813.8 sec left
CG set 1111 / 5384    570.3645 GFlop/s     (570.3645 GFlop/s per process)    20%    2813.1 sec left
CG set 1112 / 5384    570.3829 GFlop/s     (570.3829 GFlop/s per process)    20%    2812.4 sec left
CG set 1113 / 5384    570.3983 GFlop/s     (570.3983 GFlop/s per process)    20%    2811.7 sec left
CG set 1114 / 5384    570.4147 GFlop/s     (570.4147 GFlop/s per process)    20%    2811.0 sec left
CG set 1115 / 5384    570.4324 GFlop/s     (570.4324 GFlop/s per process)    20%    2810.4 sec left
CG set 1116 / 5384    570.4669 GFlop/s     (570.4669 GFlop/s per process)    20%    2809.7 sec left
CG set 1117 / 5384    570.4847 GFlop/s     (570.4847 GFlop/s per process)    20%    2809.0 sec left
CG set 1118 / 5384    570.5041 GFlop/s     (570.5041 GFlop/s per process)    20%    2808.3 sec left
CG set 1119 / 5384    570.5231 GFlop/s     (570.5231 GFlop/s per process)    20%    2807.7 sec left
CG set 1120 / 5384    570.5439 GFlop/s     (570.5439 GFlop/s per process)    20%    2807.0 sec left
CG set 1121 / 5384    570.5634 GFlop/s     (570.5634 GFlop/s per process)    20%    2806.3 sec left
CG set 1122 / 5384    570.5832 GFlop/s     (570.5832 GFlop/s per process)    20%    2805.6 sec left
CG set 1123 / 5384    570.5989 GFlop/s     (570.5989 GFlop/s per process)    20%    2804.9 sec left
CG set 1124 / 5384    570.6189 GFlop/s     (570.6189 GFlop/s per process)    20%    2804.2 sec left
CG set 1125 / 5384    570.6529 GFlop/s     (570.6529 GFlop/s per process)    20%    2803.6 sec left
CG set 1126 / 5384    570.6712 GFlop/s     (570.6712 GFlop/s per process)    20%    2802.9 sec left
CG set 1127 / 5384    570.6891 GFlop/s     (570.6891 GFlop/s per process)    20%    2802.2 sec left
CG set 1128 / 5384    570.7085 GFlop/s     (570.7085 GFlop/s per process)    20%    2801.5 sec left
CG set 1129 / 5384    570.7293 GFlop/s     (570.7293 GFlop/s per process)    20%    2800.9 sec left
CG set 1130 / 5384    570.7468 GFlop/s     (570.7468 GFlop/s per process)    20%    2800.2 sec left
CG set 1131 / 5384    570.7653 GFlop/s     (570.7653 GFlop/s per process)    21%    2799.5 sec left
CG set 1132 / 5384    570.7827 GFlop/s     (570.7827 GFlop/s per process)    21%    2798.8 sec left
CG set 1133 / 5384    570.8164 GFlop/s     (570.8164 GFlop/s per process)    21%    2798.2 sec left
CG set 1134 / 5384    570.8351 GFlop/s     (570.8351 GFlop/s per process)    21%    2797.5 sec left
CG set 1135 / 5384    570.8527 GFlop/s     (570.8527 GFlop/s per process)    21%    2796.8 sec left
CG set 1136 / 5384    570.8713 GFlop/s     (570.8713 GFlop/s per process)    21%    2796.1 sec left
CG set 1137 / 5384    570.8895 GFlop/s     (570.8895 GFlop/s per process)    21%    2795.4 sec left
CG set 1138 / 5384    570.9087 GFlop/s     (570.9087 GFlop/s per process)    21%    2794.7 sec left
CG set 1139 / 5384    570.9267 GFlop/s     (570.9267 GFlop/s per process)    21%    2794.1 sec left
CG set 1140 / 5384    570.9433 GFlop/s     (570.9433 GFlop/s per process)    21%    2793.4 sec left
CG set 1141 / 5384    570.9619 GFlop/s     (570.9619 GFlop/s per process)    21%    2792.7 sec left
CG set 1142 / 5384    570.9953 GFlop/s     (570.9953 GFlop/s per process)    21%    2792.0 sec left
CG set 1143 / 5384    571.0221 GFlop/s     (571.0221 GFlop/s per process)    21%    2791.4 sec left
CG set 1144 / 5384    571.0454 GFlop/s     (571.0454 GFlop/s per process)    21%    2790.7 sec left
CG set 1145 / 5384    571.0672 GFlop/s     (571.0672 GFlop/s per process)    21%    2790.0 sec left
CG set 1146 / 5384    571.0998 GFlop/s     (571.0998 GFlop/s per process)    21%    2789.4 sec left
CG set 1147 / 5384    571.1265 GFlop/s     (571.1265 GFlop/s per process)    21%    2788.7 sec left
CG set 1148 / 5384    571.1496 GFlop/s     (571.1496 GFlop/s per process)    21%    2788.0 sec left
CG set 1149 / 5384    571.1679 GFlop/s     (571.1679 GFlop/s per process)    21%    2787.3 sec left
CG set 1150 / 5384    571.2009 GFlop/s     (571.2009 GFlop/s per process)    21%    2786.7 sec left
CG set 1151 / 5384    571.2229 GFlop/s     (571.2229 GFlop/s per process)    21%    2786.0 sec left
CG set 1152 / 5384    571.2373 GFlop/s     (571.2373 GFlop/s per process)    21%    2785.3 sec left
CG set 1153 / 5384    571.2515 GFlop/s     (571.2515 GFlop/s per process)    21%    2784.6 sec left
CG set 1154 / 5384    571.2657 GFlop/s     (571.2657 GFlop/s per process)    21%    2783.9 sec left
CG set 1155 / 5384    571.2801 GFlop/s     (571.2801 GFlop/s per process)    21%    2783.3 sec left
CG set 1156 / 5384    571.2947 GFlop/s     (571.2947 GFlop/s per process)    21%    2782.6 sec left
CG set 1157 / 5384    571.3109 GFlop/s     (571.3109 GFlop/s per process)    21%    2781.9 sec left
CG set 1158 / 5384    571.3271 GFlop/s     (571.3271 GFlop/s per process)    21%    2781.2 sec left
CG set 1159 / 5384    571.3599 GFlop/s     (571.3599 GFlop/s per process)    21%    2780.5 sec left
CG set 1160 / 5384    571.3825 GFlop/s     (571.3825 GFlop/s per process)    21%    2779.9 sec left
CG set 1161 / 5384    571.3976 GFlop/s     (571.3976 GFlop/s per process)    21%    2779.2 sec left
CG set 1162 / 5384    571.4113 GFlop/s     (571.4113 GFlop/s per process)    21%    2778.5 sec left
CG set 1163 / 5384    571.4279 GFlop/s     (571.4279 GFlop/s per process)    21%    2777.8 sec left
CG set 1164 / 5384    571.4433 GFlop/s     (571.4433 GFlop/s per process)    21%    2777.1 sec left
CG set 1165 / 5384    571.4572 GFlop/s     (571.4572 GFlop/s per process)    21%    2776.4 sec left
CG set 1166 / 5384    571.4711 GFlop/s     (571.4711 GFlop/s per process)    21%    2775.8 sec left
CG set 1167 / 5384    571.4860 GFlop/s     (571.4860 GFlop/s per process)    21%    2775.1 sec left
CG set 1168 / 5384    571.5172 GFlop/s     (571.5172 GFlop/s per process)    21%    2774.4 sec left
CG set 1169 / 5384    571.5340 GFlop/s     (571.5340 GFlop/s per process)    21%    2773.7 sec left
CG set 1170 / 5384    571.5461 GFlop/s     (571.5461 GFlop/s per process)    21%    2773.0 sec left
CG set 1171 / 5384    571.5607 GFlop/s     (571.5607 GFlop/s per process)    21%    2772.4 sec left
CG set 1172 / 5384    571.5764 GFlop/s     (571.5764 GFlop/s per process)    21%    2771.7 sec left
CG set 1173 / 5384    571.5902 GFlop/s     (571.5902 GFlop/s per process)    21%    2771.0 sec left
CG set 1174 / 5384    571.6036 GFlop/s     (571.6036 GFlop/s per process)    21%    2770.3 sec left
CG set 1175 / 5384    571.6177 GFlop/s     (571.6177 GFlop/s per process)    21%    2769.6 sec left
CG set 1176 / 5384    571.6336 GFlop/s     (571.6336 GFlop/s per process)    21%    2768.9 sec left
CG set 1177 / 5384    571.6657 GFlop/s     (571.6657 GFlop/s per process)    21%    2768.3 sec left
CG set 1178 / 5384    571.6792 GFlop/s     (571.6792 GFlop/s per process)    21%    2767.6 sec left
CG set 1179 / 5384    571.6923 GFlop/s     (571.6923 GFlop/s per process)    21%    2766.9 sec left
CG set 1180 / 5384    571.7055 GFlop/s     (571.7055 GFlop/s per process)    21%    2766.2 sec left
CG set 1181 / 5384    571.7215 GFlop/s     (571.7215 GFlop/s per process)    21%    2765.5 sec left
CG set 1182 / 5384    571.7380 GFlop/s     (571.7380 GFlop/s per process)    21%    2764.8 sec left
CG set 1183 / 5384    571.7544 GFlop/s     (571.7544 GFlop/s per process)    21%    2764.2 sec left
CG set 1184 / 5384    571.7702 GFlop/s     (571.7702 GFlop/s per process)    21%    2763.5 sec left
CG set 1185 / 5384    571.7837 GFlop/s     (571.7837 GFlop/s per process)    22%    2762.8 sec left
CG set 1186 / 5384    571.8139 GFlop/s     (571.8139 GFlop/s per process)    22%    2762.1 sec left
CG set 1187 / 5384    571.8270 GFlop/s     (571.8270 GFlop/s per process)    22%    2761.4 sec left
CG set 1188 / 5384    571.8423 GFlop/s     (571.8423 GFlop/s per process)    22%    2760.8 sec left
CG set 1189 / 5384    571.8555 GFlop/s     (571.8555 GFlop/s per process)    22%    2760.1 sec left
CG set 1190 / 5384    571.8710 GFlop/s     (571.8710 GFlop/s per process)    22%    2759.4 sec left
CG set 1191 / 5384    571.8861 GFlop/s     (571.8861 GFlop/s per process)    22%    2758.7 sec left
CG set 1192 / 5384    571.8973 GFlop/s     (571.8973 GFlop/s per process)    22%    2758.0 sec left
CG set 1193 / 5384    571.9097 GFlop/s     (571.9097 GFlop/s per process)    22%    2757.3 sec left
CG set 1194 / 5384    571.9233 GFlop/s     (571.9233 GFlop/s per process)    22%    2756.6 sec left
CG set 1195 / 5384    571.9534 GFlop/s     (571.9534 GFlop/s per process)    22%    2756.0 sec left
CG set 1196 / 5384    571.9661 GFlop/s     (571.9661 GFlop/s per process)    22%    2755.3 sec left
CG set 1197 / 5384    571.9804 GFlop/s     (571.9804 GFlop/s per process)    22%    2754.6 sec left
CG set 1198 / 5384    571.9951 GFlop/s     (571.9951 GFlop/s per process)    22%    2753.9 sec left
CG set 1199 / 5384    572.0115 GFlop/s     (572.0115 GFlop/s per process)    22%    2753.2 sec left
CG set 1200 / 5384    572.0241 GFlop/s     (572.0241 GFlop/s per process)    22%    2752.6 sec left
CG set 1201 / 5384    572.0365 GFlop/s     (572.0365 GFlop/s per process)    22%    2751.9 sec left
CG set 1202 / 5384    572.0522 GFlop/s     (572.0522 GFlop/s per process)    22%    2751.2 sec left
CG set 1203 / 5384    572.0676 GFlop/s     (572.0676 GFlop/s per process)    22%    2750.5 sec left
CG set 1204 / 5384    572.0969 GFlop/s     (572.0969 GFlop/s per process)    22%    2749.8 sec left
CG set 1205 / 5384    572.1112 GFlop/s     (572.1112 GFlop/s per process)    22%    2749.2 sec left
CG set 1206 / 5384    572.1260 GFlop/s     (572.1260 GFlop/s per process)    22%    2748.5 sec left
CG set 1207 / 5384    572.1407 GFlop/s     (572.1407 GFlop/s per process)    22%    2747.8 sec left
CG set 1208 / 5384    572.1557 GFlop/s     (572.1557 GFlop/s per process)    22%    2747.1 sec left
CG set 1209 / 5384    572.1691 GFlop/s     (572.1691 GFlop/s per process)    22%    2746.4 sec left
CG set 1210 / 5384    572.1840 GFlop/s     (572.1840 GFlop/s per process)    22%    2745.7 sec left
CG set 1211 / 5384    572.1984 GFlop/s     (572.1984 GFlop/s per process)    22%    2745.0 sec left
CG set 1212 / 5384    572.2123 GFlop/s     (572.2123 GFlop/s per process)    22%    2744.4 sec left
CG set 1213 / 5384    572.2410 GFlop/s     (572.2410 GFlop/s per process)    22%    2743.7 sec left
CG set 1214 / 5384    572.2552 GFlop/s     (572.2552 GFlop/s per process)    22%    2743.0 sec left
CG set 1215 / 5384    572.2707 GFlop/s     (572.2707 GFlop/s per process)    22%    2742.3 sec left
CG set 1216 / 5384    572.2845 GFlop/s     (572.2845 GFlop/s per process)    22%    2741.6 sec left
CG set 1217 / 5384    572.3001 GFlop/s     (572.3001 GFlop/s per process)    22%    2741.0 sec left
CG set 1218 / 5384    572.3140 GFlop/s     (572.3140 GFlop/s per process)    22%    2740.3 sec left
CG set 1219 / 5384    572.3270 GFlop/s     (572.3270 GFlop/s per process)    22%    2739.6 sec left
CG set 1220 / 5384    572.3422 GFlop/s     (572.3422 GFlop/s per process)    22%    2738.9 sec left
CG set 1221 / 5384    572.3649 GFlop/s     (572.3649 GFlop/s per process)    22%    2738.2 sec left
CG set 1222 / 5384    572.3941 GFlop/s     (572.3941 GFlop/s per process)    22%    2737.6 sec left
CG set 1223 / 5384    572.4130 GFlop/s     (572.4130 GFlop/s per process)    22%    2736.9 sec left
CG set 1224 / 5384    572.4299 GFlop/s     (572.4299 GFlop/s per process)    22%    2736.2 sec left
CG set 1225 / 5384    572.4573 GFlop/s     (572.4573 GFlop/s per process)    22%    2735.6 sec left
CG set 1226 / 5384    572.4798 GFlop/s     (572.4798 GFlop/s per process)    22%    2734.9 sec left
CG set 1227 / 5384    572.4994 GFlop/s     (572.4994 GFlop/s per process)    22%    2734.2 sec left
CG set 1228 / 5384    572.5152 GFlop/s     (572.5152 GFlop/s per process)    22%    2733.5 sec left
CG set 1229 / 5384    572.5345 GFlop/s     (572.5345 GFlop/s per process)    22%    2732.9 sec left
CG set 1230 / 5384    572.5627 GFlop/s     (572.5627 GFlop/s per process)    22%    2732.2 sec left
CG set 1231 / 5384    572.5744 GFlop/s     (572.5744 GFlop/s per process)    22%    2731.5 sec left
CG set 1232 / 5384    572.5828 GFlop/s     (572.5828 GFlop/s per process)    22%    2730.8 sec left
CG set 1233 / 5384    572.5940 GFlop/s     (572.5940 GFlop/s per process)    22%    2730.1 sec left
CG set 1234 / 5384    572.6054 GFlop/s     (572.6054 GFlop/s per process)    22%    2729.4 sec left
CG set 1235 / 5384    572.6171 GFlop/s     (572.6171 GFlop/s per process)    22%    2728.7 sec left
CG set 1236 / 5384    572.6295 GFlop/s     (572.6295 GFlop/s per process)    22%    2728.1 sec left
CG set 1237 / 5384    572.6429 GFlop/s     (572.6429 GFlop/s per process)    22%    2727.4 sec left
CG set 1238 / 5384    572.6631 GFlop/s     (572.6631 GFlop/s per process)    22%    2726.7 sec left
CG set 1239 / 5384    572.6911 GFlop/s     (572.6911 GFlop/s per process)    23%    2726.0 sec left
CG set 1240 / 5384    572.7040 GFlop/s     (572.7040 GFlop/s per process)    23%    2725.4 sec left
CG set 1241 / 5384    572.7156 GFlop/s     (572.7156 GFlop/s per process)    23%    2724.7 sec left
CG set 1242 / 5384    572.7298 GFlop/s     (572.7298 GFlop/s per process)    23%    2724.0 sec left
CG set 1243 / 5384    572.7426 GFlop/s     (572.7426 GFlop/s per process)    23%    2723.3 sec left
CG set 1244 / 5384    572.7538 GFlop/s     (572.7538 GFlop/s per process)    23%    2722.6 sec left
CG set 1245 / 5384    572.7660 GFlop/s     (572.7660 GFlop/s per process)    23%    2721.9 sec left
CG set 1246 / 5384    572.7790 GFlop/s     (572.7790 GFlop/s per process)    23%    2721.2 sec left
CG set 1247 / 5384    572.7912 GFlop/s     (572.7912 GFlop/s per process)    23%    2720.6 sec left
CG set 1248 / 5384    572.8204 GFlop/s     (572.8204 GFlop/s per process)    23%    2719.9 sec left
CG set 1249 / 5384    572.8336 GFlop/s     (572.8336 GFlop/s per process)    23%    2719.2 sec left
CG set 1250 / 5384    572.8461 GFlop/s     (572.8461 GFlop/s per process)    23%    2718.5 sec left
CG set 1251 / 5384    572.8609 GFlop/s     (572.8609 GFlop/s per process)    23%    2717.8 sec left
CG set 1252 / 5384    572.8728 GFlop/s     (572.8728 GFlop/s per process)    23%    2717.2 sec left
CG set 1253 / 5384    572.8849 GFlop/s     (572.8849 GFlop/s per process)    23%    2716.5 sec left
CG set 1254 / 5384    572.8974 GFlop/s     (572.8974 GFlop/s per process)    23%    2715.8 sec left
CG set 1255 / 5384    572.9107 GFlop/s     (572.9107 GFlop/s per process)    23%    2715.1 sec left
CG set 1256 / 5384    572.9223 GFlop/s     (572.9223 GFlop/s per process)    23%    2714.4 sec left
CG set 1257 / 5384    572.9340 GFlop/s     (572.9340 GFlop/s per process)    23%    2713.7 sec left
CG set 1258 / 5384    572.9616 GFlop/s     (572.9616 GFlop/s per process)    23%    2713.1 sec left
CG set 1259 / 5384    572.9717 GFlop/s     (572.9717 GFlop/s per process)    23%    2712.4 sec left
CG set 1260 / 5384    572.9849 GFlop/s     (572.9849 GFlop/s per process)    23%    2711.7 sec left
CG set 1261 / 5384    572.9986 GFlop/s     (572.9986 GFlop/s per process)    23%    2711.0 sec left
CG set 1262 / 5384    573.0144 GFlop/s     (573.0144 GFlop/s per process)    23%    2710.3 sec left
CG set 1263 / 5384    573.0282 GFlop/s     (573.0282 GFlop/s per process)    23%    2709.6 sec left
CG set 1264 / 5384    573.0409 GFlop/s     (573.0409 GFlop/s per process)    23%    2709.0 sec left
CG set 1265 / 5384    573.0532 GFlop/s     (573.0532 GFlop/s per process)    23%    2708.3 sec left
CG set 1266 / 5384    573.0665 GFlop/s     (573.0665 GFlop/s per process)    23%    2707.6 sec left
CG set 1267 / 5384    573.0951 GFlop/s     (573.0951 GFlop/s per process)    23%    2706.9 sec left
CG set 1268 / 5384    573.1074 GFlop/s     (573.1074 GFlop/s per process)    23%    2706.2 sec left
CG set 1269 / 5384    573.1213 GFlop/s     (573.1213 GFlop/s per process)    23%    2705.6 sec left
CG set 1270 / 5384    573.1350 GFlop/s     (573.1350 GFlop/s per process)    23%    2704.9 sec left
CG set 1271 / 5384    573.1483 GFlop/s     (573.1483 GFlop/s per process)    23%    2704.2 sec left
CG set 1272 / 5384    573.1601 GFlop/s     (573.1601 GFlop/s per process)    23%    2703.5 sec left
CG set 1273 / 5384    573.1735 GFlop/s     (573.1735 GFlop/s per process)    23%    2702.8 sec left
CG set 1274 / 5384    573.1866 GFlop/s     (573.1866 GFlop/s per process)    23%    2702.1 sec left
CG set 1275 / 5384    573.2012 GFlop/s     (573.2012 GFlop/s per process)    23%    2701.5 sec left
CG set 1276 / 5384    573.2297 GFlop/s     (573.2297 GFlop/s per process)    23%    2700.8 sec left
CG set 1277 / 5384    573.2456 GFlop/s     (573.2456 GFlop/s per process)    23%    2700.1 sec left
CG set 1278 / 5384    573.2588 GFlop/s     (573.2588 GFlop/s per process)    23%    2699.4 sec left
CG set 1279 / 5384    573.2711 GFlop/s     (573.2711 GFlop/s per process)    23%    2698.7 sec left
CG set 1280 / 5384    573.2857 GFlop/s     (573.2857 GFlop/s per process)    23%    2698.1 sec left
CG set 1281 / 5384    573.3018 GFlop/s     (573.3018 GFlop/s per process)    23%    2697.4 sec left
CG set 1282 / 5384    573.3174 GFlop/s     (573.3174 GFlop/s per process)    23%    2696.7 sec left
CG set 1283 / 5384    573.3311 GFlop/s     (573.3311 GFlop/s per process)    23%    2696.0 sec left
CG set 1284 / 5384    573.3593 GFlop/s     (573.3593 GFlop/s per process)    23%    2695.4 sec left
CG set 1285 / 5384    573.3741 GFlop/s     (573.3741 GFlop/s per process)    23%    2694.7 sec left
CG set 1286 / 5384    573.3885 GFlop/s     (573.3885 GFlop/s per process)    23%    2694.0 sec left
CG set 1287 / 5384    573.4065 GFlop/s     (573.4065 GFlop/s per process)    23%    2693.3 sec left
CG set 1288 / 5384    573.4201 GFlop/s     (573.4201 GFlop/s per process)    23%    2692.6 sec left
CG set 1289 / 5384    573.4349 GFlop/s     (573.4349 GFlop/s per process)    23%    2692.0 sec left
CG set 1290 / 5384    573.4494 GFlop/s     (573.4494 GFlop/s per process)    23%    2691.3 sec left
CG set 1291 / 5384    573.4653 GFlop/s     (573.4653 GFlop/s per process)    23%    2690.6 sec left
CG set 1292 / 5384    573.4790 GFlop/s     (573.4790 GFlop/s per process)    23%    2689.9 sec left
CG set 1293 / 5384    573.5075 GFlop/s     (573.5075 GFlop/s per process)    24%    2689.3 sec left
CG set 1294 / 5384    573.5226 GFlop/s     (573.5226 GFlop/s per process)    24%    2688.6 sec left
CG set 1295 / 5384    573.5371 GFlop/s     (573.5371 GFlop/s per process)    24%    2687.9 sec left
CG set 1296 / 5384    573.5522 GFlop/s     (573.5522 GFlop/s per process)    24%    2687.2 sec left
CG set 1297 / 5384    573.5652 GFlop/s     (573.5652 GFlop/s per process)    24%    2686.5 sec left
CG set 1298 / 5384    573.5785 GFlop/s     (573.5785 GFlop/s per process)    24%    2685.9 sec left
CG set 1299 / 5384    573.5943 GFlop/s     (573.5943 GFlop/s per process)    24%    2685.2 sec left
CG set 1300 / 5384    573.6170 GFlop/s     (573.6170 GFlop/s per process)    24%    2684.5 sec left
CG set 1301 / 5384    573.6365 GFlop/s     (573.6365 GFlop/s per process)    24%    2683.8 sec left
CG set 1302 / 5384    573.6644 GFlop/s     (573.6644 GFlop/s per process)    24%    2683.2 sec left
CG set 1303 / 5384    573.6812 GFlop/s     (573.6812 GFlop/s per process)    24%    2682.5 sec left
CG set 1304 / 5384    573.7092 GFlop/s     (573.7092 GFlop/s per process)    24%    2681.8 sec left
CG set 1305 / 5384    573.7315 GFlop/s     (573.7315 GFlop/s per process)    24%    2681.2 sec left
CG set 1306 / 5384    573.7518 GFlop/s     (573.7518 GFlop/s per process)    24%    2680.5 sec left
CG set 1307 / 5384    573.7667 GFlop/s     (573.7667 GFlop/s per process)    24%    2679.8 sec left
CG set 1308 / 5384    573.7861 GFlop/s     (573.7861 GFlop/s per process)    24%    2679.2 sec left
CG set 1309 / 5384    573.8145 GFlop/s     (573.8145 GFlop/s per process)    24%    2678.5 sec left
CG set 1310 / 5384    573.8269 GFlop/s     (573.8269 GFlop/s per process)    24%    2677.8 sec left
CG set 1311 / 5384    573.8389 GFlop/s     (573.8389 GFlop/s per process)    24%    2677.1 sec left
CG set 1312 / 5384    573.8513 GFlop/s     (573.8513 GFlop/s per process)    24%    2676.4 sec left
CG set 1313 / 5384    573.8639 GFlop/s     (573.8639 GFlop/s per process)    24%    2675.8 sec left
CG set 1314 / 5384    573.8763 GFlop/s     (573.8763 GFlop/s per process)    24%    2675.1 sec left
CG set 1315 / 5384    573.8891 GFlop/s     (573.8891 GFlop/s per process)    24%    2674.4 sec left
CG set 1316 / 5384    573.9028 GFlop/s     (573.9028 GFlop/s per process)    24%    2673.7 sec left
CG set 1317 / 5384    573.9222 GFlop/s     (573.9222 GFlop/s per process)    24%    2673.0 sec left
CG set 1318 / 5384    573.9497 GFlop/s     (573.9497 GFlop/s per process)    24%    2672.4 sec left
CG set 1319 / 5384    573.9636 GFlop/s     (573.9636 GFlop/s per process)    24%    2671.7 sec left
CG set 1320 / 5384    573.9751 GFlop/s     (573.9751 GFlop/s per process)    24%    2671.0 sec left
CG set 1321 / 5384    573.9891 GFlop/s     (573.9891 GFlop/s per process)    24%    2670.3 sec left
CG set 1322 / 5384    573.9991 GFlop/s     (573.9991 GFlop/s per process)    24%    2669.6 sec left
CG set 1323 / 5384    574.0109 GFlop/s     (574.0109 GFlop/s per process)    24%    2669.0 sec left
CG set 1324 / 5384    574.0237 GFlop/s     (574.0237 GFlop/s per process)    24%    2668.3 sec left
CG set 1325 / 5384    574.0361 GFlop/s     (574.0361 GFlop/s per process)    24%    2667.6 sec left
CG set 1326 / 5384    574.0490 GFlop/s     (574.0490 GFlop/s per process)    24%    2666.9 sec left
CG set 1327 / 5384    574.0769 GFlop/s     (574.0769 GFlop/s per process)    24%    2666.3 sec left
CG set 1328 / 5384    574.0904 GFlop/s     (574.0904 GFlop/s per process)    24%    2665.6 sec left
CG set 1329 / 5384    574.1009 GFlop/s     (574.1009 GFlop/s per process)    24%    2664.9 sec left
CG set 1330 / 5384    574.1120 GFlop/s     (574.1120 GFlop/s per process)    24%    2664.2 sec left
CG set 1331 / 5384    574.1233 GFlop/s     (574.1233 GFlop/s per process)    24%    2663.5 sec left
CG set 1332 / 5384    574.1359 GFlop/s     (574.1359 GFlop/s per process)    24%    2662.8 sec left
CG set 1333 / 5384    574.1488 GFlop/s     (574.1488 GFlop/s per process)    24%    2662.2 sec left
CG set 1334 / 5384    574.1629 GFlop/s     (574.1629 GFlop/s per process)    24%    2661.5 sec left
CG set 1335 / 5384    574.1751 GFlop/s     (574.1751 GFlop/s per process)    24%    2660.8 sec left
CG set 1336 / 5384    574.2027 GFlop/s     (574.2027 GFlop/s per process)    24%    2660.1 sec left
CG set 1337 / 5384    574.2142 GFlop/s     (574.2142 GFlop/s per process)    24%    2659.4 sec left
CG set 1338 / 5384    574.2255 GFlop/s     (574.2255 GFlop/s per process)    24%    2658.8 sec left
CG set 1339 / 5384    574.2382 GFlop/s     (574.2382 GFlop/s per process)    24%    2658.1 sec left
CG set 1340 / 5384    574.2532 GFlop/s     (574.2532 GFlop/s per process)    24%    2657.4 sec left
CG set 1341 / 5384    574.2681 GFlop/s     (574.2681 GFlop/s per process)    24%    2656.7 sec left
CG set 1342 / 5384    574.2815 GFlop/s     (574.2815 GFlop/s per process)    24%    2656.0 sec left
CG set 1343 / 5384    574.2945 GFlop/s     (574.2945 GFlop/s per process)    24%    2655.4 sec left
CG set 1344 / 5384    574.3224 GFlop/s     (574.3224 GFlop/s per process)    24%    2654.7 sec left
CG set 1345 / 5384    574.3340 GFlop/s     (574.3340 GFlop/s per process)    24%    2654.0 sec left
CG set 1346 / 5384    574.3480 GFlop/s     (574.3480 GFlop/s per process)    25%    2653.3 sec left
CG set 1347 / 5384    574.3599 GFlop/s     (574.3599 GFlop/s per process)    25%    2652.7 sec left
CG set 1348 / 5384    574.3740 GFlop/s     (574.3740 GFlop/s per process)    25%    2652.0 sec left
CG set 1349 / 5384    574.3893 GFlop/s     (574.3893 GFlop/s per process)    25%    2651.3 sec left
CG set 1350 / 5384    574.4013 GFlop/s     (574.4013 GFlop/s per process)    25%    2650.6 sec left
CG set 1351 / 5384    574.4131 GFlop/s     (574.4131 GFlop/s per process)    25%    2649.9 sec left
CG set 1352 / 5384    574.4263 GFlop/s     (574.4263 GFlop/s per process)    25%    2649.2 sec left
CG set 1353 / 5384    574.4546 GFlop/s     (574.4546 GFlop/s per process)    25%    2648.6 sec left
CG set 1354 / 5384    574.4656 GFlop/s     (574.4656 GFlop/s per process)    25%    2647.9 sec left
CG set 1355 / 5384    574.4791 GFlop/s     (574.4791 GFlop/s per process)    25%    2647.2 sec left
CG set 1356 / 5384    574.4908 GFlop/s     (574.4908 GFlop/s per process)    25%    2646.5 sec left
CG set 1357 / 5384    574.5064 GFlop/s     (574.5064 GFlop/s per process)    25%    2645.9 sec left
CG set 1358 / 5384    574.5214 GFlop/s     (574.5214 GFlop/s per process)    25%    2645.2 sec left
CG set 1359 / 5384    574.5356 GFlop/s     (574.5356 GFlop/s per process)    25%    2644.5 sec left
CG set 1360 / 5384    574.5492 GFlop/s     (574.5492 GFlop/s per process)    25%    2643.8 sec left
CG set 1361 / 5384    574.5645 GFlop/s     (574.5645 GFlop/s per process)    25%    2643.2 sec left
CG set 1362 / 5384    574.5922 GFlop/s     (574.5922 GFlop/s per process)    25%    2642.5 sec left
CG set 1363 / 5384    574.6065 GFlop/s     (574.6065 GFlop/s per process)    25%    2641.8 sec left
CG set 1364 / 5384    574.6204 GFlop/s     (574.6204 GFlop/s per process)    25%    2641.1 sec left
CG set 1365 / 5384    574.6332 GFlop/s     (574.6332 GFlop/s per process)    25%    2640.5 sec left
CG set 1366 / 5384    574.6487 GFlop/s     (574.6487 GFlop/s per process)    25%    2639.8 sec left
CG set 1367 / 5384    574.6612 GFlop/s     (574.6612 GFlop/s per process)    25%    2639.1 sec left
CG set 1368 / 5384    574.6751 GFlop/s     (574.6751 GFlop/s per process)    25%    2638.4 sec left
CG set 1369 / 5384    574.6884 GFlop/s     (574.6884 GFlop/s per process)    25%    2637.7 sec left
CG set 1370 / 5384    574.7158 GFlop/s     (574.7158 GFlop/s per process)    25%    2637.1 sec left
CG set 1371 / 5384    574.7306 GFlop/s     (574.7306 GFlop/s per process)    25%    2636.4 sec left
CG set 1372 / 5384    574.7444 GFlop/s     (574.7444 GFlop/s per process)    25%    2635.7 sec left
CG set 1373 / 5384    574.7583 GFlop/s     (574.7583 GFlop/s per process)    25%    2635.0 sec left
CG set 1374 / 5384    574.7722 GFlop/s     (574.7722 GFlop/s per process)    25%    2634.4 sec left
CG set 1375 / 5384    574.7865 GFlop/s     (574.7865 GFlop/s per process)    25%    2633.7 sec left
CG set 1376 / 5384    574.7993 GFlop/s     (574.7993 GFlop/s per process)    25%    2633.0 sec left
CG set 1377 / 5384    574.8128 GFlop/s     (574.8128 GFlop/s per process)    25%    2632.3 sec left
CG set 1378 / 5384    574.8403 GFlop/s     (574.8403 GFlop/s per process)    25%    2631.7 sec left
CG set 1379 / 5384    574.8543 GFlop/s     (574.8543 GFlop/s per process)    25%    2631.0 sec left
CG set 1380 / 5384    574.8763 GFlop/s     (574.8763 GFlop/s per process)    25%    2630.3 sec left
CG set 1381 / 5384    574.8951 GFlop/s     (574.8951 GFlop/s per process)    25%    2629.7 sec left
CG set 1382 / 5384    574.9109 GFlop/s     (574.9109 GFlop/s per process)    25%    2629.0 sec left
CG set 1383 / 5384    574.9373 GFlop/s     (574.9373 GFlop/s per process)    25%    2628.3 sec left
CG set 1384 / 5384    574.9582 GFlop/s     (574.9582 GFlop/s per process)    25%    2627.7 sec left
CG set 1385 / 5384    574.9770 GFlop/s     (574.9770 GFlop/s per process)    25%    2627.0 sec left
CG set 1386 / 5384    575.0035 GFlop/s     (575.0035 GFlop/s per process)    25%    2626.3 sec left
CG set 1387 / 5384    575.0176 GFlop/s     (575.0176 GFlop/s per process)    25%    2625.7 sec left
CG set 1388 / 5384    575.0355 GFlop/s     (575.0355 GFlop/s per process)    25%    2625.0 sec left
CG set 1389 / 5384    575.0468 GFlop/s     (575.0468 GFlop/s per process)    25%    2624.3 sec left
CG set 1390 / 5384    575.0584 GFlop/s     (575.0584 GFlop/s per process)    25%    2623.6 sec left
CG set 1391 / 5384    575.0696 GFlop/s     (575.0696 GFlop/s per process)    25%    2622.9 sec left
CG set 1392 / 5384    575.0812 GFlop/s     (575.0812 GFlop/s per process)    25%    2622.2 sec left
CG set 1393 / 5384    575.0932 GFlop/s     (575.0932 GFlop/s per process)    25%    2621.6 sec left
CG set 1394 / 5384    575.1060 GFlop/s     (575.1060 GFlop/s per process)    25%    2620.9 sec left
CG set 1395 / 5384    575.1317 GFlop/s     (575.1317 GFlop/s per process)    25%    2620.2 sec left
CG set 1396 / 5384    575.1449 GFlop/s     (575.1449 GFlop/s per process)    25%    2619.5 sec left
CG set 1397 / 5384    575.1630 GFlop/s     (575.1630 GFlop/s per process)    25%    2618.9 sec left
CG set 1398 / 5384    575.1751 GFlop/s     (575.1751 GFlop/s per process)    25%    2618.2 sec left
CG set 1399 / 5384    575.1856 GFlop/s     (575.1856 GFlop/s per process)    25%    2617.5 sec left
CG set 1400 / 5384    575.1992 GFlop/s     (575.1992 GFlop/s per process)    26%    2616.8 sec left
CG set 1401 / 5384    575.2108 GFlop/s     (575.2108 GFlop/s per process)    26%    2616.2 sec left
CG set 1402 / 5384    575.2223 GFlop/s     (575.2223 GFlop/s per process)    26%    2615.5 sec left
CG set 1403 / 5384    575.2493 GFlop/s     (575.2493 GFlop/s per process)    26%    2614.8 sec left
CG set 1404 / 5384    575.2612 GFlop/s     (575.2612 GFlop/s per process)    26%    2614.1 sec left
CG set 1405 / 5384    575.2728 GFlop/s     (575.2728 GFlop/s per process)    26%    2613.4 sec left
CG set 1406 / 5384    575.2839 GFlop/s     (575.2839 GFlop/s per process)    26%    2612.8 sec left
CG set 1407 / 5384    575.2938 GFlop/s     (575.2938 GFlop/s per process)    26%    2612.1 sec left
CG set 1408 / 5384    575.3052 GFlop/s     (575.3052 GFlop/s per process)    26%    2611.4 sec left
CG set 1409 / 5384    575.3181 GFlop/s     (575.3181 GFlop/s per process)    26%    2610.7 sec left
CG set 1410 / 5384    575.3289 GFlop/s     (575.3289 GFlop/s per process)    26%    2610.0 sec left
CG set 1411 / 5384    575.3396 GFlop/s     (575.3396 GFlop/s per process)    26%    2609.4 sec left
CG set 1412 / 5384    575.3659 GFlop/s     (575.3659 GFlop/s per process)    26%    2608.7 sec left
CG set 1413 / 5384    575.3768 GFlop/s     (575.3768 GFlop/s per process)    26%    2608.0 sec left
CG set 1414 / 5384    575.3891 GFlop/s     (575.3891 GFlop/s per process)    26%    2607.3 sec left
CG set 1415 / 5384    575.4002 GFlop/s     (575.4002 GFlop/s per process)    26%    2606.7 sec left
CG set 1416 / 5384    575.4116 GFlop/s     (575.4116 GFlop/s per process)    26%    2606.0 sec left
CG set 1417 / 5384    575.4217 GFlop/s     (575.4217 GFlop/s per process)    26%    2605.3 sec left
CG set 1418 / 5384    575.4348 GFlop/s     (575.4348 GFlop/s per process)    26%    2604.6 sec left
CG set 1419 / 5384    575.4485 GFlop/s     (575.4485 GFlop/s per process)    26%    2603.9 sec left
CG set 1420 / 5384    575.4618 GFlop/s     (575.4618 GFlop/s per process)    26%    2603.2 sec left
CG set 1421 / 5384    575.4867 GFlop/s     (575.4867 GFlop/s per process)    26%    2602.6 sec left
CG set 1422 / 5384    575.4998 GFlop/s     (575.4998 GFlop/s per process)    26%    2601.9 sec left
CG set 1423 / 5384    575.5117 GFlop/s     (575.5117 GFlop/s per process)    26%    2601.2 sec left
CG set 1424 / 5384    575.5228 GFlop/s     (575.5228 GFlop/s per process)    26%    2600.5 sec left
CG set 1425 / 5384    575.5341 GFlop/s     (575.5341 GFlop/s per process)    26%    2599.9 sec left
CG set 1426 / 5384    575.5450 GFlop/s     (575.5450 GFlop/s per process)    26%    2599.2 sec left
CG set 1427 / 5384    575.5569 GFlop/s     (575.5569 GFlop/s per process)    26%    2598.5 sec left
CG set 1428 / 5384    575.5694 GFlop/s     (575.5694 GFlop/s per process)    26%    2597.8 sec left
CG set 1429 / 5384    575.5945 GFlop/s     (575.5945 GFlop/s per process)    26%    2597.2 sec left
CG set 1430 / 5384    575.6047 GFlop/s     (575.6047 GFlop/s per process)    26%    2596.5 sec left
CG set 1431 / 5384    575.6160 GFlop/s     (575.6160 GFlop/s per process)    26%    2595.8 sec left
CG set 1432 / 5384    575.6270 GFlop/s     (575.6270 GFlop/s per process)    26%    2595.1 sec left
CG set 1433 / 5384    575.6389 GFlop/s     (575.6389 GFlop/s per process)    26%    2594.4 sec left
CG set 1434 / 5384    575.6516 GFlop/s     (575.6516 GFlop/s per process)    26%    2593.8 sec left
CG set 1435 / 5384    575.6634 GFlop/s     (575.6634 GFlop/s per process)    26%    2593.1 sec left
CG set 1436 / 5384    575.6775 GFlop/s     (575.6775 GFlop/s per process)    26%    2592.4 sec left
CG set 1437 / 5384    575.6895 GFlop/s     (575.6895 GFlop/s per process)    26%    2591.7 sec left
CG set 1438 / 5384    575.7140 GFlop/s     (575.7140 GFlop/s per process)    26%    2591.1 sec left
CG set 1439 / 5384    575.7267 GFlop/s     (575.7267 GFlop/s per process)    26%    2590.4 sec left
CG set 1440 / 5384    575.7398 GFlop/s     (575.7398 GFlop/s per process)    26%    2589.7 sec left
CG set 1441 / 5384    575.7503 GFlop/s     (575.7503 GFlop/s per process)    26%    2589.0 sec left
CG set 1442 / 5384    575.7624 GFlop/s     (575.7624 GFlop/s per process)    26%    2588.3 sec left
CG set 1443 / 5384    575.7758 GFlop/s     (575.7758 GFlop/s per process)    26%    2587.7 sec left
CG set 1444 / 5384    575.7884 GFlop/s     (575.7884 GFlop/s per process)    26%    2587.0 sec left
CG set 1445 / 5384    575.8027 GFlop/s     (575.8027 GFlop/s per process)    26%    2586.3 sec left
CG set 1446 / 5384    575.8272 GFlop/s     (575.8272 GFlop/s per process)    26%    2585.6 sec left
CG set 1447 / 5384    575.8365 GFlop/s     (575.8365 GFlop/s per process)    26%    2585.0 sec left
CG set 1448 / 5384    575.8491 GFlop/s     (575.8491 GFlop/s per process)    26%    2584.3 sec left
CG set 1449 / 5384    575.8609 GFlop/s     (575.8609 GFlop/s per process)    26%    2583.6 sec left
CG set 1450 / 5384    575.8735 GFlop/s     (575.8735 GFlop/s per process)    26%    2582.9 sec left
CG set 1451 / 5384    575.8852 GFlop/s     (575.8852 GFlop/s per process)    26%    2582.2 sec left
CG set 1452 / 5384    575.8967 GFlop/s     (575.8967 GFlop/s per process)    26%    2581.6 sec left
CG set 1453 / 5384    575.9089 GFlop/s     (575.9089 GFlop/s per process)    26%    2580.9 sec left
CG set 1454 / 5384    575.9219 GFlop/s     (575.9219 GFlop/s per process)    27%    2580.2 sec left
CG set 1455 / 5384    575.9464 GFlop/s     (575.9464 GFlop/s per process)    27%    2579.6 sec left
CG set 1456 / 5384    575.9572 GFlop/s     (575.9572 GFlop/s per process)    27%    2578.9 sec left
CG set 1457 / 5384    575.9663 GFlop/s     (575.9663 GFlop/s per process)    27%    2578.2 sec left
CG set 1458 / 5384    575.9782 GFlop/s     (575.9782 GFlop/s per process)    27%    2577.5 sec left
CG set 1459 / 5384    575.9972 GFlop/s     (575.9972 GFlop/s per process)    27%    2576.8 sec left
CG set 1460 / 5384    576.0125 GFlop/s     (576.0125 GFlop/s per process)    27%    2576.2 sec left
CG set 1461 / 5384    576.0279 GFlop/s     (576.0279 GFlop/s per process)    27%    2575.5 sec left
CG set 1462 / 5384    576.0518 GFlop/s     (576.0518 GFlop/s per process)    27%    2574.8 sec left
CG set 1463 / 5384    576.0757 GFlop/s     (576.0757 GFlop/s per process)    27%    2574.2 sec left
CG set 1464 / 5384    576.0950 GFlop/s     (576.0950 GFlop/s per process)    27%    2573.5 sec left
CG set 1465 / 5384    576.1118 GFlop/s     (576.1118 GFlop/s per process)    27%    2572.8 sec left
CG set 1466 / 5384    576.1242 GFlop/s     (576.1242 GFlop/s per process)    27%    2572.2 sec left
CG set 1467 / 5384    576.1396 GFlop/s     (576.1396 GFlop/s per process)    27%    2571.5 sec left
CG set 1468 / 5384    576.1492 GFlop/s     (576.1492 GFlop/s per process)    27%    2570.8 sec left
CG set 1469 / 5384    576.1577 GFlop/s     (576.1577 GFlop/s per process)    27%    2570.1 sec left
CG set 1470 / 5384    576.1670 GFlop/s     (576.1670 GFlop/s per process)    27%    2569.4 sec left
CG set 1471 / 5384    576.1911 GFlop/s     (576.1911 GFlop/s per process)    27%    2568.8 sec left
CG set 1472 / 5384    576.2006 GFlop/s     (576.2006 GFlop/s per process)    27%    2568.1 sec left
CG set 1473 / 5384    576.2089 GFlop/s     (576.2089 GFlop/s per process)    27%    2567.4 sec left
CG set 1474 / 5384    576.2164 GFlop/s     (576.2164 GFlop/s per process)    27%    2566.7 sec left
CG set 1475 / 5384    576.2244 GFlop/s     (576.2244 GFlop/s per process)    27%    2566.0 sec left
CG set 1476 / 5384    576.2402 GFlop/s     (576.2402 GFlop/s per process)    27%    2565.4 sec left
CG set 1477 / 5384    576.2504 GFlop/s     (576.2504 GFlop/s per process)    27%    2564.7 sec left
CG set 1478 / 5384    576.2522 GFlop/s     (576.2522 GFlop/s per process)    27%    2564.0 sec left
CG set 1479 / 5384    576.2631 GFlop/s     (576.2631 GFlop/s per process)    27%    2563.3 sec left
CG set 1480 / 5384    576.2862 GFlop/s     (576.2862 GFlop/s per process)    27%    2562.6 sec left
CG set 1481 / 5384    576.2967 GFlop/s     (576.2967 GFlop/s per process)    27%    2562.0 sec left
CG set 1482 / 5384    576.3056 GFlop/s     (576.3056 GFlop/s per process)    27%    2561.3 sec left
CG set 1483 / 5384    576.3148 GFlop/s     (576.3148 GFlop/s per process)    27%    2560.6 sec left
CG set 1484 / 5384    576.3237 GFlop/s     (576.3237 GFlop/s per process)    27%    2559.9 sec left
CG set 1485 / 5384    576.3333 GFlop/s     (576.3333 GFlop/s per process)    27%    2559.2 sec left
CG set 1486 / 5384    576.3427 GFlop/s     (576.3427 GFlop/s per process)    27%    2558.5 sec left
CG set 1487 / 5384    576.3525 GFlop/s     (576.3525 GFlop/s per process)    27%    2557.9 sec left
CG set 1488 / 5384    576.3626 GFlop/s     (576.3626 GFlop/s per process)    27%    2557.2 sec left
CG set 1489 / 5384    576.3853 GFlop/s     (576.3853 GFlop/s per process)    27%    2556.5 sec left
CG set 1490 / 5384    576.3947 GFlop/s     (576.3947 GFlop/s per process)    27%    2555.8 sec left
CG set 1491 / 5384    576.4033 GFlop/s     (576.4033 GFlop/s per process)    27%    2555.1 sec left
CG set 1492 / 5384    576.4124 GFlop/s     (576.4124 GFlop/s per process)    27%    2554.5 sec left
CG set 1493 / 5384    576.4229 GFlop/s     (576.4229 GFlop/s per process)    27%    2553.8 sec left
CG set 1494 / 5384    576.4312 GFlop/s     (576.4312 GFlop/s per process)    27%    2553.1 sec left
CG set 1495 / 5384    576.4394 GFlop/s     (576.4394 GFlop/s per process)    27%    2552.4 sec left
CG set 1496 / 5384    576.4397 GFlop/s     (576.4397 GFlop/s per process)    27%    2551.7 sec left
CG set 1497 / 5384    576.4506 GFlop/s     (576.4506 GFlop/s per process)    27%    2551.0 sec left
CG set 1498 / 5384    576.4732 GFlop/s     (576.4732 GFlop/s per process)    27%    2550.4 sec left
CG set 1499 / 5384    576.4846 GFlop/s     (576.4846 GFlop/s per process)    27%    2549.7 sec left
CG set 1500 / 5384    576.4945 GFlop/s     (576.4945 GFlop/s per process)    27%    2549.0 sec left
CG set 1501 / 5384    576.5047 GFlop/s     (576.5047 GFlop/s per process)    27%    2548.3 sec left
CG set 1502 / 5384    576.5145 GFlop/s     (576.5145 GFlop/s per process)    27%    2547.6 sec left
CG set 1503 / 5384    576.5223 GFlop/s     (576.5223 GFlop/s per process)    27%    2547.0 sec left
CG set 1504 / 5384    576.5312 GFlop/s     (576.5312 GFlop/s per process)    27%    2546.3 sec left
CG set 1505 / 5384    576.5403 GFlop/s     (576.5403 GFlop/s per process)    27%    2545.6 sec left
CG set 1506 / 5384    576.5633 GFlop/s     (576.5633 GFlop/s per process)    27%    2544.9 sec left
CG set 1507 / 5384    576.5728 GFlop/s     (576.5728 GFlop/s per process)    27%    2544.2 sec left
CG set 1508 / 5384    576.5828 GFlop/s     (576.5828 GFlop/s per process)    28%    2543.6 sec left
CG set 1509 / 5384    576.5917 GFlop/s     (576.5917 GFlop/s per process)    28%    2542.9 sec left
CG set 1510 / 5384    576.5976 GFlop/s     (576.5976 GFlop/s per process)    28%    2542.2 sec left
CG set 1511 / 5384    576.6041 GFlop/s     (576.6041 GFlop/s per process)    28%    2541.5 sec left
CG set 1512 / 5384    576.6132 GFlop/s     (576.6132 GFlop/s per process)    28%    2540.8 sec left
CG set 1513 / 5384    576.6229 GFlop/s     (576.6229 GFlop/s per process)    28%    2540.1 sec left
CG set 1514 / 5384    576.6335 GFlop/s     (576.6335 GFlop/s per process)    28%    2539.5 sec left
CG set 1515 / 5384    576.6553 GFlop/s     (576.6553 GFlop/s per process)    28%    2538.8 sec left
CG set 1516 / 5384    576.6663 GFlop/s     (576.6663 GFlop/s per process)    28%    2538.1 sec left
CG set 1517 / 5384    576.6763 GFlop/s     (576.6763 GFlop/s per process)    28%    2537.4 sec left
CG set 1518 / 5384    576.6855 GFlop/s     (576.6855 GFlop/s per process)    28%    2536.7 sec left
CG set 1519 / 5384    576.6952 GFlop/s     (576.6952 GFlop/s per process)    28%    2536.1 sec left
CG set 1520 / 5384    576.7058 GFlop/s     (576.7058 GFlop/s per process)    28%    2535.4 sec left
CG set 1521 / 5384    576.7157 GFlop/s     (576.7157 GFlop/s per process)    28%    2534.7 sec left
CG set 1522 / 5384    576.7263 GFlop/s     (576.7263 GFlop/s per process)    28%    2534.0 sec left
CG set 1523 / 5384    576.7362 GFlop/s     (576.7362 GFlop/s per process)    28%    2533.3 sec left
CG set 1524 / 5384    576.7574 GFlop/s     (576.7574 GFlop/s per process)    28%    2532.7 sec left
CG set 1525 / 5384    576.7679 GFlop/s     (576.7679 GFlop/s per process)    28%    2532.0 sec left
CG set 1526 / 5384    576.7762 GFlop/s     (576.7762 GFlop/s per process)    28%    2531.3 sec left
CG set 1527 / 5384    576.7856 GFlop/s     (576.7856 GFlop/s per process)    28%    2530.6 sec left
CG set 1528 / 5384    576.7946 GFlop/s     (576.7946 GFlop/s per process)    28%    2529.9 sec left
CG set 1529 / 5384    576.8044 GFlop/s     (576.8044 GFlop/s per process)    28%    2529.3 sec left
CG set 1530 / 5384    576.8137 GFlop/s     (576.8137 GFlop/s per process)    28%    2528.6 sec left
CG set 1531 / 5384    576.8230 GFlop/s     (576.8230 GFlop/s per process)    28%    2527.9 sec left
CG set 1532 / 5384    576.8328 GFlop/s     (576.8328 GFlop/s per process)    28%    2527.2 sec left
CG set 1533 / 5384    576.8540 GFlop/s     (576.8540 GFlop/s per process)    28%    2526.6 sec left
CG set 1534 / 5384    576.8642 GFlop/s     (576.8642 GFlop/s per process)    28%    2525.9 sec left
CG set 1535 / 5384    576.8726 GFlop/s     (576.8726 GFlop/s per process)    28%    2525.2 sec left
CG set 1536 / 5384    576.8798 GFlop/s     (576.8798 GFlop/s per process)    28%    2524.5 sec left
CG set 1537 / 5384    576.8889 GFlop/s     (576.8889 GFlop/s per process)    28%    2523.8 sec left
CG set 1538 / 5384    576.9049 GFlop/s     (576.9049 GFlop/s per process)    28%    2523.2 sec left
CG set 1539 / 5384    576.9187 GFlop/s     (576.9187 GFlop/s per process)    28%    2522.5 sec left
CG set 1540 / 5384    576.9283 GFlop/s     (576.9283 GFlop/s per process)    28%    2521.8 sec left
CG set 1541 / 5384    576.9484 GFlop/s     (576.9484 GFlop/s per process)    28%    2521.1 sec left
CG set 1542 / 5384    576.9685 GFlop/s     (576.9685 GFlop/s per process)    28%    2520.5 sec left
CG set 1543 / 5384    576.9837 GFlop/s     (576.9837 GFlop/s per process)    28%    2519.8 sec left
CG set 1544 / 5384    576.9976 GFlop/s     (576.9976 GFlop/s per process)    28%    2519.1 sec left
CG set 1545 / 5384    577.0072 GFlop/s     (577.0072 GFlop/s per process)    28%    2518.4 sec left
CG set 1546 / 5384    577.0202 GFlop/s     (577.0202 GFlop/s per process)    28%    2517.8 sec left
CG set 1547 / 5384    577.0265 GFlop/s     (577.0265 GFlop/s per process)    28%    2517.1 sec left
CG set 1548 / 5384    577.0324 GFlop/s     (577.0324 GFlop/s per process)    28%    2516.4 sec left
CG set 1549 / 5384    577.0385 GFlop/s     (577.0385 GFlop/s per process)    28%    2515.7 sec left
CG set 1550 / 5384    577.0582 GFlop/s     (577.0582 GFlop/s per process)    28%    2515.0 sec left
CG set 1551 / 5384    577.0648 GFlop/s     (577.0648 GFlop/s per process)    28%    2514.4 sec left
CG set 1552 / 5384    577.0712 GFlop/s     (577.0712 GFlop/s per process)    28%    2513.7 sec left
CG set 1553 / 5384    577.0790 GFlop/s     (577.0790 GFlop/s per process)    28%    2513.0 sec left
CG set 1554 / 5384    577.0871 GFlop/s     (577.0871 GFlop/s per process)    28%    2512.3 sec left
CG set 1555 / 5384    577.1003 GFlop/s     (577.1003 GFlop/s per process)    28%    2511.6 sec left
CG set 1556 / 5384    577.1089 GFlop/s     (577.1089 GFlop/s per process)    28%    2510.9 sec left
CG set 1557 / 5384    577.1148 GFlop/s     (577.1148 GFlop/s per process)    28%    2510.3 sec left
CG set 1558 / 5384    577.1236 GFlop/s     (577.1236 GFlop/s per process)    28%    2509.6 sec left
CG set 1559 / 5384    577.1446 GFlop/s     (577.1446 GFlop/s per process)    28%    2508.9 sec left
CG set 1560 / 5384    577.1514 GFlop/s     (577.1514 GFlop/s per process)    28%    2508.2 sec left
CG set 1561 / 5384    577.1576 GFlop/s     (577.1576 GFlop/s per process)    28%    2507.5 sec left
CG set 1562 / 5384    577.1641 GFlop/s     (577.1641 GFlop/s per process)    29%    2506.8 sec left
CG set 1563 / 5384    577.1691 GFlop/s     (577.1691 GFlop/s per process)    29%    2506.2 sec left
CG set 1564 / 5384    577.1757 GFlop/s     (577.1757 GFlop/s per process)    29%    2505.5 sec left
CG set 1565 / 5384    577.1834 GFlop/s     (577.1834 GFlop/s per process)    29%    2504.8 sec left
CG set 1566 / 5384    577.1909 GFlop/s     (577.1909 GFlop/s per process)    29%    2504.1 sec left
CG set 1567 / 5384    577.1984 GFlop/s     (577.1984 GFlop/s per process)    29%    2503.4 sec left
CG set 1568 / 5384    577.2181 GFlop/s     (577.2181 GFlop/s per process)    29%    2502.8 sec left
CG set 1569 / 5384    577.2254 GFlop/s     (577.2254 GFlop/s per process)    29%    2502.1 sec left
CG set 1570 / 5384    577.2317 GFlop/s     (577.2317 GFlop/s per process)    29%    2501.4 sec left
CG set 1571 / 5384    577.2366 GFlop/s     (577.2366 GFlop/s per process)    29%    2500.7 sec left
CG set 1572 / 5384    577.2445 GFlop/s     (577.2445 GFlop/s per process)    29%    2500.0 sec left
CG set 1573 / 5384    577.2511 GFlop/s     (577.2511 GFlop/s per process)    29%    2499.3 sec left
CG set 1574 / 5384    577.2568 GFlop/s     (577.2568 GFlop/s per process)    29%    2498.6 sec left
CG set 1575 / 5384    577.2620 GFlop/s     (577.2620 GFlop/s per process)    29%    2497.9 sec left
CG set 1576 / 5384    577.2706 GFlop/s     (577.2706 GFlop/s per process)    29%    2497.3 sec left
CG set 1577 / 5384    577.2896 GFlop/s     (577.2896 GFlop/s per process)    29%    2496.6 sec left
CG set 1578 / 5384    577.2977 GFlop/s     (577.2977 GFlop/s per process)    29%    2495.9 sec left
CG set 1579 / 5384    577.3055 GFlop/s     (577.3055 GFlop/s per process)    29%    2495.2 sec left
CG set 1580 / 5384    577.3131 GFlop/s     (577.3131 GFlop/s per process)    29%    2494.5 sec left
CG set 1581 / 5384    577.3191 GFlop/s     (577.3191 GFlop/s per process)    29%    2493.8 sec left
CG set 1582 / 5384    577.3250 GFlop/s     (577.3250 GFlop/s per process)    29%    2493.2 sec left
CG set 1583 / 5384    577.3327 GFlop/s     (577.3327 GFlop/s per process)    29%    2492.5 sec left
CG set 1584 / 5384    577.3389 GFlop/s     (577.3389 GFlop/s per process)    29%    2491.8 sec left
CG set 1585 / 5384    577.3465 GFlop/s     (577.3465 GFlop/s per process)    29%    2491.1 sec left
CG set 1586 / 5384    577.3666 GFlop/s     (577.3666 GFlop/s per process)    29%    2490.4 sec left
CG set 1587 / 5384    577.3748 GFlop/s     (577.3748 GFlop/s per process)    29%    2489.8 sec left
CG set 1588 / 5384    577.3718 GFlop/s     (577.3718 GFlop/s per process)    29%    2489.1 sec left
CG set 1589 / 5384    577.3784 GFlop/s     (577.3784 GFlop/s per process)    29%    2488.4 sec left
CG set 1590 / 5384    577.3845 GFlop/s     (577.3845 GFlop/s per process)    29%    2487.7 sec left
CG set 1591 / 5384    577.3915 GFlop/s     (577.3915 GFlop/s per process)    29%    2487.0 sec left
CG set 1592 / 5384    577.3992 GFlop/s     (577.3992 GFlop/s per process)    29%    2486.3 sec left
CG set 1593 / 5384    577.4071 GFlop/s     (577.4071 GFlop/s per process)    29%    2485.6 sec left
CG set 1594 / 5384    577.4161 GFlop/s     (577.4161 GFlop/s per process)    29%    2484.9 sec left
CG set 1595 / 5384    577.4246 GFlop/s     (577.4246 GFlop/s per process)    29%    2484.3 sec left
CG set 1596 / 5384    577.4430 GFlop/s     (577.4430 GFlop/s per process)    29%    2483.6 sec left
CG set 1597 / 5384    577.4506 GFlop/s     (577.4506 GFlop/s per process)    29%    2482.9 sec left
CG set 1598 / 5384    577.4589 GFlop/s     (577.4589 GFlop/s per process)    29%    2482.2 sec left
CG set 1599 / 5384    577.4674 GFlop/s     (577.4674 GFlop/s per process)    29%    2481.5 sec left
CG set 1600 / 5384    577.4757 GFlop/s     (577.4757 GFlop/s per process)    29%    2480.9 sec left
CG set 1601 / 5384    577.4843 GFlop/s     (577.4843 GFlop/s per process)    29%    2480.2 sec left
CG set 1602 / 5384    577.4929 GFlop/s     (577.4929 GFlop/s per process)    29%    2479.5 sec left
CG set 1603 / 5384    577.5018 GFlop/s     (577.5018 GFlop/s per process)    29%    2478.8 sec left
CG set 1604 / 5384    577.5088 GFlop/s     (577.5088 GFlop/s per process)    29%    2478.1 sec left
CG set 1605 / 5384    577.5278 GFlop/s     (577.5278 GFlop/s per process)    29%    2477.5 sec left
CG set 1606 / 5384    577.5366 GFlop/s     (577.5366 GFlop/s per process)    29%    2476.8 sec left
CG set 1607 / 5384    577.5443 GFlop/s     (577.5443 GFlop/s per process)    29%    2476.1 sec left
CG set 1608 / 5384    577.5523 GFlop/s     (577.5523 GFlop/s per process)    29%    2475.4 sec left
CG set 1609 / 5384    577.5604 GFlop/s     (577.5604 GFlop/s per process)    29%    2474.7 sec left
CG set 1610 / 5384    577.5682 GFlop/s     (577.5682 GFlop/s per process)    29%    2474.1 sec left
CG set 1611 / 5384    577.5764 GFlop/s     (577.5764 GFlop/s per process)    29%    2473.4 sec left
CG set 1612 / 5384    577.5851 GFlop/s     (577.5851 GFlop/s per process)    29%    2472.7 sec left
CG set 1613 / 5384    577.6046 GFlop/s     (577.6046 GFlop/s per process)    29%    2472.0 sec left
CG set 1614 / 5384    577.6118 GFlop/s     (577.6118 GFlop/s per process)    29%    2471.3 sec left
CG set 1615 / 5384    577.6190 GFlop/s     (577.6190 GFlop/s per process)    29%    2470.7 sec left
CG set 1616 / 5384    577.6269 GFlop/s     (577.6269 GFlop/s per process)    30%    2470.0 sec left
CG set 1617 / 5384    577.6414 GFlop/s     (577.6414 GFlop/s per process)    30%    2469.3 sec left
CG set 1618 / 5384    577.6532 GFlop/s     (577.6532 GFlop/s per process)    30%    2468.6 sec left
CG set 1619 / 5384    577.6640 GFlop/s     (577.6640 GFlop/s per process)    30%    2467.9 sec left
CG set 1620 / 5384    577.6825 GFlop/s     (577.6825 GFlop/s per process)    30%    2467.3 sec left
CG set 1621 / 5384    577.6965 GFlop/s     (577.6965 GFlop/s per process)    30%    2466.6 sec left
CG set 1622 / 5384    577.7156 GFlop/s     (577.7156 GFlop/s per process)    30%    2466.0 sec left
CG set 1623 / 5384    577.7284 GFlop/s     (577.7284 GFlop/s per process)    30%    2465.3 sec left
CG set 1624 / 5384    577.7373 GFlop/s     (577.7373 GFlop/s per process)    30%    2464.6 sec left
CG set 1625 / 5384    577.7489 GFlop/s     (577.7489 GFlop/s per process)    30%    2463.9 sec left
CG set 1626 / 5384    577.7550 GFlop/s     (577.7550 GFlop/s per process)    30%    2463.2 sec left
CG set 1627 / 5384    577.7604 GFlop/s     (577.7604 GFlop/s per process)    30%    2462.5 sec left
CG set 1628 / 5384    577.7661 GFlop/s     (577.7661 GFlop/s per process)    30%    2461.9 sec left
CG set 1629 / 5384    577.7730 GFlop/s     (577.7730 GFlop/s per process)    30%    2461.2 sec left
CG set 1630 / 5384    577.7927 GFlop/s     (577.7927 GFlop/s per process)    30%    2460.5 sec left
CG set 1631 / 5384    577.7973 GFlop/s     (577.7973 GFlop/s per process)    30%    2459.8 sec left
CG set 1632 / 5384    577.8045 GFlop/s     (577.8045 GFlop/s per process)    30%    2459.1 sec left
CG set 1633 / 5384    577.8118 GFlop/s     (577.8118 GFlop/s per process)    30%    2458.5 sec left
CG set 1634 / 5384    577.8245 GFlop/s     (577.8245 GFlop/s per process)    30%    2457.8 sec left
CG set 1635 / 5384    577.8323 GFlop/s     (577.8323 GFlop/s per process)    30%    2457.1 sec left
CG set 1636 / 5384    577.8385 GFlop/s     (577.8385 GFlop/s per process)    30%    2456.4 sec left
CG set 1637 / 5384    577.8468 GFlop/s     (577.8468 GFlop/s per process)    30%    2455.7 sec left
CG set 1638 / 5384    577.8537 GFlop/s     (577.8537 GFlop/s per process)    30%    2455.0 sec left
CG set 1639 / 5384    577.8730 GFlop/s     (577.8730 GFlop/s per process)    30%    2454.4 sec left
CG set 1640 / 5384    577.8802 GFlop/s     (577.8802 GFlop/s per process)    30%    2453.7 sec left
CG set 1641 / 5384    577.8865 GFlop/s     (577.8865 GFlop/s per process)    30%    2453.0 sec left
CG set 1642 / 5384    577.8939 GFlop/s     (577.8939 GFlop/s per process)    30%    2452.3 sec left
CG set 1643 / 5384    577.9008 GFlop/s     (577.9008 GFlop/s per process)    30%    2451.6 sec left
CG set 1644 / 5384    577.9082 GFlop/s     (577.9082 GFlop/s per process)    30%    2451.0 sec left
CG set 1645 / 5384    577.9157 GFlop/s     (577.9157 GFlop/s per process)    30%    2450.3 sec left
CG set 1646 / 5384    577.9241 GFlop/s     (577.9241 GFlop/s per process)    30%    2449.6 sec left
CG set 1647 / 5384    577.9305 GFlop/s     (577.9305 GFlop/s per process)    30%    2448.9 sec left
CG set 1648 / 5384    577.9500 GFlop/s     (577.9500 GFlop/s per process)    30%    2448.2 sec left
CG set 1649 / 5384    577.9560 GFlop/s     (577.9560 GFlop/s per process)    30%    2447.6 sec left
CG set 1650 / 5384    577.9633 GFlop/s     (577.9633 GFlop/s per process)    30%    2446.9 sec left
CG set 1651 / 5384    577.9718 GFlop/s     (577.9718 GFlop/s per process)    30%    2446.2 sec left
CG set 1652 / 5384    577.9784 GFlop/s     (577.9784 GFlop/s per process)    30%    2445.5 sec left
CG set 1653 / 5384    577.9849 GFlop/s     (577.9849 GFlop/s per process)    30%    2444.8 sec left
CG set 1654 / 5384    577.9912 GFlop/s     (577.9912 GFlop/s per process)    30%    2444.1 sec left
CG set 1655 / 5384    578.0003 GFlop/s     (578.0003 GFlop/s per process)    30%    2443.5 sec left
CG set 1656 / 5384    578.0092 GFlop/s     (578.0092 GFlop/s per process)    30%    2442.8 sec left
CG set 1657 / 5384    578.0292 GFlop/s     (578.0292 GFlop/s per process)    30%    2442.1 sec left
CG set 1658 / 5384    578.0374 GFlop/s     (578.0374 GFlop/s per process)    30%    2441.4 sec left
CG set 1659 / 5384    578.0470 GFlop/s     (578.0470 GFlop/s per process)    30%    2440.8 sec left
CG set 1660 / 5384    578.0543 GFlop/s     (578.0543 GFlop/s per process)    30%    2440.1 sec left
CG set 1661 / 5384    578.0611 GFlop/s     (578.0611 GFlop/s per process)    30%    2439.4 sec left
CG set 1662 / 5384    578.0688 GFlop/s     (578.0688 GFlop/s per process)    30%    2438.7 sec left
CG set 1663 / 5384    578.0753 GFlop/s     (578.0753 GFlop/s per process)    30%    2438.0 sec left
CG set 1664 / 5384    578.0840 GFlop/s     (578.0840 GFlop/s per process)    30%    2437.3 sec left
CG set 1665 / 5384    578.0928 GFlop/s     (578.0928 GFlop/s per process)    30%    2436.7 sec left
CG set 1666 / 5384    578.1110 GFlop/s     (578.1110 GFlop/s per process)    30%    2436.0 sec left
CG set 1667 / 5384    578.1175 GFlop/s     (578.1175 GFlop/s per process)    30%    2435.3 sec left
CG set 1668 / 5384    578.1243 GFlop/s     (578.1243 GFlop/s per process)    30%    2434.6 sec left
CG set 1669 / 5384    578.1327 GFlop/s     (578.1327 GFlop/s per process)    30%    2433.9 sec left
CG set 1670 / 5384    578.1396 GFlop/s     (578.1396 GFlop/s per process)    31%    2433.3 sec left
CG set 1671 / 5384    578.1480 GFlop/s     (578.1480 GFlop/s per process)    31%    2432.6 sec left
CG set 1672 / 5384    578.1567 GFlop/s     (578.1567 GFlop/s per process)    31%    2431.9 sec left
CG set 1673 / 5384    578.1666 GFlop/s     (578.1666 GFlop/s per process)    31%    2431.2 sec left
CG set 1674 / 5384    578.1754 GFlop/s     (578.1754 GFlop/s per process)    31%    2430.5 sec left
CG set 1675 / 5384    578.1943 GFlop/s     (578.1943 GFlop/s per process)    31%    2429.9 sec left
CG set 1676 / 5384    578.2012 GFlop/s     (578.2012 GFlop/s per process)    31%    2429.2 sec left
CG set 1677 / 5384    578.2084 GFlop/s     (578.2084 GFlop/s per process)    31%    2428.5 sec left
CG set 1678 / 5384    578.2153 GFlop/s     (578.2153 GFlop/s per process)    31%    2427.8 sec left
CG set 1679 / 5384    578.2237 GFlop/s     (578.2237 GFlop/s per process)    31%    2427.1 sec left
CG set 1680 / 5384    578.2326 GFlop/s     (578.2326 GFlop/s per process)    31%    2426.5 sec left
CG set 1681 / 5384    578.2414 GFlop/s     (578.2414 GFlop/s per process)    31%    2425.8 sec left
CG set 1682 / 5384    578.2511 GFlop/s     (578.2511 GFlop/s per process)    31%    2425.1 sec left
CG set 1683 / 5384    578.2594 GFlop/s     (578.2594 GFlop/s per process)    31%    2424.4 sec left
CG set 1684 / 5384    578.2787 GFlop/s     (578.2787 GFlop/s per process)    31%    2423.8 sec left
CG set 1685 / 5384    578.2879 GFlop/s     (578.2879 GFlop/s per process)    31%    2423.1 sec left
CG set 1686 / 5384    578.2970 GFlop/s     (578.2970 GFlop/s per process)    31%    2422.4 sec left
CG set 1687 / 5384    578.3064 GFlop/s     (578.3064 GFlop/s per process)    31%    2421.7 sec left
CG set 1688 / 5384    578.3145 GFlop/s     (578.3145 GFlop/s per process)    31%    2421.0 sec left
CG set 1689 / 5384    578.3234 GFlop/s     (578.3234 GFlop/s per process)    31%    2420.4 sec left
CG set 1690 / 5384    578.3322 GFlop/s     (578.3322 GFlop/s per process)    31%    2419.7 sec left
CG set 1691 / 5384    578.3413 GFlop/s     (578.3413 GFlop/s per process)    31%    2419.0 sec left
CG set 1692 / 5384    578.3607 GFlop/s     (578.3607 GFlop/s per process)    31%    2418.3 sec left
CG set 1693 / 5384    578.3694 GFlop/s     (578.3694 GFlop/s per process)    31%    2417.7 sec left
CG set 1694 / 5384    578.3775 GFlop/s     (578.3775 GFlop/s per process)    31%    2417.0 sec left
CG set 1695 / 5384    578.3868 GFlop/s     (578.3868 GFlop/s per process)    31%    2416.3 sec left
CG set 1696 / 5384    578.4015 GFlop/s     (578.4015 GFlop/s per process)    31%    2415.6 sec left
CG set 1697 / 5384    578.4145 GFlop/s     (578.4145 GFlop/s per process)    31%    2415.0 sec left
CG set 1698 / 5384    578.4253 GFlop/s     (578.4253 GFlop/s per process)    31%    2414.3 sec left
CG set 1699 / 5384    578.4449 GFlop/s     (578.4449 GFlop/s per process)    31%    2413.6 sec left
CG set 1700 / 5384    578.4643 GFlop/s     (578.4643 GFlop/s per process)    31%    2413.0 sec left
CG set 1701 / 5384    578.4790 GFlop/s     (578.4790 GFlop/s per process)    31%    2412.3 sec left
CG set 1702 / 5384    578.4926 GFlop/s     (578.4926 GFlop/s per process)    31%    2411.6 sec left
CG set 1703 / 5384    578.5015 GFlop/s     (578.5015 GFlop/s per process)    31%    2411.0 sec left
CG set 1704 / 5384    578.5144 GFlop/s     (578.5144 GFlop/s per process)    31%    2410.3 sec left
CG set 1705 / 5384    578.5217 GFlop/s     (578.5217 GFlop/s per process)    31%    2409.6 sec left
CG set 1706 / 5384    578.5281 GFlop/s     (578.5281 GFlop/s per process)    31%    2408.9 sec left
CG set 1707 / 5384    578.5345 GFlop/s     (578.5345 GFlop/s per process)    31%    2408.2 sec left
CG set 1708 / 5384    578.5421 GFlop/s     (578.5421 GFlop/s per process)    31%    2407.5 sec left
CG set 1709 / 5384    578.5616 GFlop/s     (578.5616 GFlop/s per process)    31%    2406.9 sec left
CG set 1710 / 5384    578.5686 GFlop/s     (578.5686 GFlop/s per process)    31%    2406.2 sec left
CG set 1711 / 5384    578.5765 GFlop/s     (578.5765 GFlop/s per process)    31%    2405.5 sec left
CG set 1712 / 5384    578.5845 GFlop/s     (578.5845 GFlop/s per process)    31%    2404.8 sec left
CG set 1713 / 5384    578.5979 GFlop/s     (578.5979 GFlop/s per process)    31%    2404.2 sec left
CG set 1714 / 5384    578.6060 GFlop/s     (578.6060 GFlop/s per process)    31%    2403.5 sec left
CG set 1715 / 5384    578.6127 GFlop/s     (578.6127 GFlop/s per process)    31%    2402.8 sec left
CG set 1716 / 5384    578.6213 GFlop/s     (578.6213 GFlop/s per process)    31%    2402.1 sec left
CG set 1717 / 5384    578.6408 GFlop/s     (578.6408 GFlop/s per process)    31%    2401.5 sec left
CG set 1718 / 5384    578.6481 GFlop/s     (578.6481 GFlop/s per process)    31%    2400.8 sec left
CG set 1719 / 5384    578.6555 GFlop/s     (578.6555 GFlop/s per process)    31%    2400.1 sec left
CG set 1720 / 5384    578.6621 GFlop/s     (578.6621 GFlop/s per process)    31%    2399.4 sec left
CG set 1721 / 5384    578.6697 GFlop/s     (578.6697 GFlop/s per process)    31%    2398.7 sec left
CG set 1722 / 5384    578.6777 GFlop/s     (578.6777 GFlop/s per process)    31%    2398.1 sec left
CG set 1723 / 5384    578.6856 GFlop/s     (578.6856 GFlop/s per process)    32%    2397.4 sec left
CG set 1724 / 5384    578.6934 GFlop/s     (578.6934 GFlop/s per process)    32%    2396.7 sec left
CG set 1725 / 5384    578.7020 GFlop/s     (578.7020 GFlop/s per process)    32%    2396.0 sec left
CG set 1726 / 5384    578.7215 GFlop/s     (578.7215 GFlop/s per process)    32%    2395.4 sec left
CG set 1727 / 5384    578.7288 GFlop/s     (578.7288 GFlop/s per process)    32%    2394.7 sec left
CG set 1728 / 5384    578.7363 GFlop/s     (578.7363 GFlop/s per process)    32%    2394.0 sec left
CG set 1729 / 5384    578.7437 GFlop/s     (578.7437 GFlop/s per process)    32%    2393.3 sec left
CG set 1730 / 5384    578.7521 GFlop/s     (578.7521 GFlop/s per process)    32%    2392.6 sec left
CG set 1731 / 5384    578.7589 GFlop/s     (578.7589 GFlop/s per process)    32%    2392.0 sec left
CG set 1732 / 5384    578.7659 GFlop/s     (578.7659 GFlop/s per process)    32%    2391.3 sec left
CG set 1733 / 5384    578.7722 GFlop/s     (578.7722 GFlop/s per process)    32%    2390.6 sec left
CG set 1734 / 5384    578.7804 GFlop/s     (578.7804 GFlop/s per process)    32%    2389.9 sec left
CG set 1735 / 5384    578.8002 GFlop/s     (578.8002 GFlop/s per process)    32%    2389.2 sec left
CG set 1736 / 5384    578.8092 GFlop/s     (578.8092 GFlop/s per process)    32%    2388.6 sec left
CG set 1737 / 5384    578.8177 GFlop/s     (578.8177 GFlop/s per process)    32%    2387.9 sec left
CG set 1738 / 5384    578.8264 GFlop/s     (578.8264 GFlop/s per process)    32%    2387.2 sec left
CG set 1739 / 5384    578.8338 GFlop/s     (578.8338 GFlop/s per process)    32%    2386.5 sec left
CG set 1740 / 5384    578.8406 GFlop/s     (578.8406 GFlop/s per process)    32%    2385.8 sec left
CG set 1741 / 5384    578.8487 GFlop/s     (578.8487 GFlop/s per process)    32%    2385.2 sec left
CG set 1742 / 5384    578.8554 GFlop/s     (578.8554 GFlop/s per process)    32%    2384.5 sec left
CG set 1743 / 5384    578.8744 GFlop/s     (578.8744 GFlop/s per process)    32%    2383.8 sec left
CG set 1744 / 5384    578.8824 GFlop/s     (578.8824 GFlop/s per process)    32%    2383.1 sec left
CG set 1745 / 5384    578.8914 GFlop/s     (578.8914 GFlop/s per process)    32%    2382.5 sec left
CG set 1746 / 5384    578.8984 GFlop/s     (578.8984 GFlop/s per process)    32%    2381.8 sec left
CG set 1747 / 5384    578.9047 GFlop/s     (578.9047 GFlop/s per process)    32%    2381.1 sec left
CG set 1748 / 5384    578.9124 GFlop/s     (578.9124 GFlop/s per process)    32%    2380.4 sec left
CG set 1749 / 5384    578.9196 GFlop/s     (578.9196 GFlop/s per process)    32%    2379.7 sec left
CG set 1750 / 5384    578.9281 GFlop/s     (578.9281 GFlop/s per process)    32%    2379.1 sec left
CG set 1751 / 5384    578.9364 GFlop/s     (578.9364 GFlop/s per process)    32%    2378.4 sec left
CG set 1752 / 5384    578.9554 GFlop/s     (578.9554 GFlop/s per process)    32%    2377.7 sec left
CG set 1753 / 5384    578.9652 GFlop/s     (578.9652 GFlop/s per process)    32%    2377.0 sec left
CG set 1754 / 5384    578.9739 GFlop/s     (578.9739 GFlop/s per process)    32%    2376.4 sec left
CG set 1755 / 5384    578.9823 GFlop/s     (578.9823 GFlop/s per process)    32%    2375.7 sec left
CG set 1756 / 5384    578.9916 GFlop/s     (578.9916 GFlop/s per process)    32%    2375.0 sec left
CG set 1757 / 5384    579.0013 GFlop/s     (579.0013 GFlop/s per process)    32%    2374.3 sec left
CG set 1758 / 5384    579.0096 GFlop/s     (579.0096 GFlop/s per process)    32%    2373.6 sec left
CG set 1759 / 5384    579.0187 GFlop/s     (579.0187 GFlop/s per process)    32%    2373.0 sec left
CG set 1760 / 5384    579.0378 GFlop/s     (579.0378 GFlop/s per process)    32%    2372.3 sec left
CG set 1761 / 5384    579.0448 GFlop/s     (579.0448 GFlop/s per process)    32%    2371.6 sec left
CG set 1762 / 5384    579.0540 GFlop/s     (579.0540 GFlop/s per process)    32%    2370.9 sec left
CG set 1763 / 5384    579.0618 GFlop/s     (579.0618 GFlop/s per process)    32%    2370.3 sec left
CG set 1764 / 5384    579.0711 GFlop/s     (579.0711 GFlop/s per process)    32%    2369.6 sec left
CG set 1765 / 5384    579.0798 GFlop/s     (579.0798 GFlop/s per process)    32%    2368.9 sec left
CG set 1766 / 5384    579.0892 GFlop/s     (579.0892 GFlop/s per process)    32%    2368.2 sec left
CG set 1767 / 5384    579.0975 GFlop/s     (579.0975 GFlop/s per process)    32%    2367.6 sec left
CG set 1768 / 5384    579.1051 GFlop/s     (579.1051 GFlop/s per process)    32%    2366.9 sec left
CG set 1769 / 5384    579.1237 GFlop/s     (579.1237 GFlop/s per process)    32%    2366.2 sec left
CG set 1770 / 5384    579.1318 GFlop/s     (579.1318 GFlop/s per process)    32%    2365.5 sec left
CG set 1771 / 5384    579.1406 GFlop/s     (579.1406 GFlop/s per process)    32%    2364.9 sec left
CG set 1772 / 5384    579.1483 GFlop/s     (579.1483 GFlop/s per process)    32%    2364.2 sec left
CG set 1773 / 5384    579.1565 GFlop/s     (579.1565 GFlop/s per process)    32%    2363.5 sec left
CG set 1774 / 5384    579.1655 GFlop/s     (579.1655 GFlop/s per process)    32%    2362.8 sec left
CG set 1775 / 5384    579.1803 GFlop/s     (579.1803 GFlop/s per process)    32%    2362.2 sec left
CG set 1776 / 5384    579.1918 GFlop/s     (579.1918 GFlop/s per process)    32%    2361.5 sec left
CG set 1777 / 5384    579.2107 GFlop/s     (579.2107 GFlop/s per process)    33%    2360.8 sec left
CG set 1778 / 5384    579.2214 GFlop/s     (579.2214 GFlop/s per process)    33%    2360.2 sec left
CG set 1779 / 5384    579.2391 GFlop/s     (579.2391 GFlop/s per process)    33%    2359.5 sec left
CG set 1780 / 5384    579.2533 GFlop/s     (579.2533 GFlop/s per process)    33%    2358.8 sec left
CG set 1781 / 5384    579.2652 GFlop/s     (579.2652 GFlop/s per process)    33%    2358.2 sec left
CG set 1782 / 5384    579.2736 GFlop/s     (579.2736 GFlop/s per process)    33%    2357.5 sec left
CG set 1783 / 5384    579.2856 GFlop/s     (579.2856 GFlop/s per process)    33%    2356.8 sec left
CG set 1784 / 5384    579.2920 GFlop/s     (579.2920 GFlop/s per process)    33%    2356.1 sec left
CG set 1785 / 5384    579.3103 GFlop/s     (579.3103 GFlop/s per process)    33%    2355.5 sec left
CG set 1786 / 5384    579.3165 GFlop/s     (579.3165 GFlop/s per process)    33%    2354.8 sec left
CG set 1787 / 5384    579.3226 GFlop/s     (579.3226 GFlop/s per process)    33%    2354.1 sec left
CG set 1788 / 5384    579.3293 GFlop/s     (579.3293 GFlop/s per process)    33%    2353.4 sec left
CG set 1789 / 5384    579.3362 GFlop/s     (579.3362 GFlop/s per process)    33%    2352.7 sec left
CG set 1790 / 5384    579.3436 GFlop/s     (579.3436 GFlop/s per process)    33%    2352.1 sec left
CG set 1791 / 5384    579.3512 GFlop/s     (579.3512 GFlop/s per process)    33%    2351.4 sec left
CG set 1792 / 5384    579.3634 GFlop/s     (579.3634 GFlop/s per process)    33%    2350.7 sec left
CG set 1793 / 5384    579.3705 GFlop/s     (579.3705 GFlop/s per process)    33%    2350.0 sec left
CG set 1794 / 5384    579.3885 GFlop/s     (579.3885 GFlop/s per process)    33%    2349.4 sec left
CG set 1795 / 5384    579.3950 GFlop/s     (579.3950 GFlop/s per process)    33%    2348.7 sec left
CG set 1796 / 5384    579.4024 GFlop/s     (579.4024 GFlop/s per process)    33%    2348.0 sec left
CG set 1797 / 5384    579.4106 GFlop/s     (579.4106 GFlop/s per process)    33%    2347.3 sec left
CG set 1798 / 5384    579.4169 GFlop/s     (579.4169 GFlop/s per process)    33%    2346.6 sec left
CG set 1799 / 5384    579.4234 GFlop/s     (579.4234 GFlop/s per process)    33%    2346.0 sec left
CG set 1800 / 5384    579.4290 GFlop/s     (579.4290 GFlop/s per process)    33%    2345.3 sec left
CG set 1801 / 5384    579.4361 GFlop/s     (579.4361 GFlop/s per process)    33%    2344.6 sec left
CG set 1802 / 5384    579.4543 GFlop/s     (579.4543 GFlop/s per process)    33%    2343.9 sec left
CG set 1803 / 5384    579.4609 GFlop/s     (579.4609 GFlop/s per process)    33%    2343.2 sec left
CG set 1804 / 5384    579.4682 GFlop/s     (579.4682 GFlop/s per process)    33%    2342.6 sec left
CG set 1805 / 5384    579.4761 GFlop/s     (579.4761 GFlop/s per process)    33%    2341.9 sec left
CG set 1806 / 5384    579.4823 GFlop/s     (579.4823 GFlop/s per process)    33%    2341.2 sec left
CG set 1807 / 5384    579.4880 GFlop/s     (579.4880 GFlop/s per process)    33%    2340.5 sec left
CG set 1808 / 5384    579.4942 GFlop/s     (579.4942 GFlop/s per process)    33%    2339.8 sec left
CG set 1809 / 5384    579.5020 GFlop/s     (579.5020 GFlop/s per process)    33%    2339.2 sec left
CG set 1810 / 5384    579.5083 GFlop/s     (579.5083 GFlop/s per process)    33%    2338.5 sec left
CG set 1811 / 5384    579.5262 GFlop/s     (579.5262 GFlop/s per process)    33%    2337.8 sec left
CG set 1812 / 5384    579.5301 GFlop/s     (579.5301 GFlop/s per process)    33%    2337.1 sec left
CG set 1813 / 5384    579.5358 GFlop/s     (579.5358 GFlop/s per process)    33%    2336.4 sec left
CG set 1814 / 5384    579.5432 GFlop/s     (579.5432 GFlop/s per process)    33%    2335.8 sec left
CG set 1815 / 5384    579.5512 GFlop/s     (579.5512 GFlop/s per process)    33%    2335.1 sec left
CG set 1816 / 5384    579.5598 GFlop/s     (579.5598 GFlop/s per process)    33%    2334.4 sec left
CG set 1817 / 5384    579.5667 GFlop/s     (579.5667 GFlop/s per process)    33%    2333.7 sec left
CG set 1818 / 5384    579.5728 GFlop/s     (579.5728 GFlop/s per process)    33%    2333.0 sec left
CG set 1819 / 5384    579.5787 GFlop/s     (579.5787 GFlop/s per process)    33%    2332.4 sec left
CG set 1820 / 5384    579.5963 GFlop/s     (579.5963 GFlop/s per process)    33%    2331.7 sec left
CG set 1821 / 5384    579.6039 GFlop/s     (579.6039 GFlop/s per process)    33%    2331.0 sec left
CG set 1822 / 5384    579.6100 GFlop/s     (579.6100 GFlop/s per process)    33%    2330.3 sec left
CG set 1823 / 5384    579.6174 GFlop/s     (579.6174 GFlop/s per process)    33%    2329.7 sec left
CG set 1824 / 5384    579.6245 GFlop/s     (579.6245 GFlop/s per process)    33%    2329.0 sec left
CG set 1825 / 5384    579.6302 GFlop/s     (579.6302 GFlop/s per process)    33%    2328.3 sec left
CG set 1826 / 5384    579.6361 GFlop/s     (579.6361 GFlop/s per process)    33%    2327.6 sec left
CG set 1827 / 5384    579.6424 GFlop/s     (579.6424 GFlop/s per process)    33%    2326.9 sec left
CG set 1828 / 5384    579.6488 GFlop/s     (579.6488 GFlop/s per process)    33%    2326.2 sec left
CG set 1829 / 5384    579.6661 GFlop/s     (579.6661 GFlop/s per process)    33%    2325.6 sec left
CG set 1830 / 5384    579.6732 GFlop/s     (579.6732 GFlop/s per process)    33%    2324.9 sec left
CG set 1831 / 5384    579.6811 GFlop/s     (579.6811 GFlop/s per process)    34%    2324.2 sec left
CG set 1832 / 5384    579.6888 GFlop/s     (579.6888 GFlop/s per process)    34%    2323.5 sec left
CG set 1833 / 5384    579.6964 GFlop/s     (579.6964 GFlop/s per process)    34%    2322.9 sec left
CG set 1834 / 5384    579.7039 GFlop/s     (579.7039 GFlop/s per process)    34%    2322.2 sec left
CG set 1835 / 5384    579.7110 GFlop/s     (579.7110 GFlop/s per process)    34%    2321.5 sec left
CG set 1836 / 5384    579.7188 GFlop/s     (579.7188 GFlop/s per process)    34%    2320.8 sec left
CG set 1837 / 5384    579.7358 GFlop/s     (579.7358 GFlop/s per process)    34%    2320.2 sec left
CG set 1838 / 5384    579.7432 GFlop/s     (579.7432 GFlop/s per process)    34%    2319.5 sec left
CG set 1839 / 5384    579.7507 GFlop/s     (579.7507 GFlop/s per process)    34%    2318.8 sec left
CG set 1840 / 5384    579.7587 GFlop/s     (579.7587 GFlop/s per process)    34%    2318.1 sec left
CG set 1841 / 5384    579.7667 GFlop/s     (579.7667 GFlop/s per process)    34%    2317.4 sec left
CG set 1842 / 5384    579.7733 GFlop/s     (579.7733 GFlop/s per process)    34%    2316.8 sec left
CG set 1843 / 5384    579.7805 GFlop/s     (579.7805 GFlop/s per process)    34%    2316.1 sec left
CG set 1844 / 5384    579.7876 GFlop/s     (579.7876 GFlop/s per process)    34%    2315.4 sec left
CG set 1845 / 5384    579.7930 GFlop/s     (579.7930 GFlop/s per process)    34%    2314.7 sec left
CG set 1846 / 5384    579.8100 GFlop/s     (579.8100 GFlop/s per process)    34%    2314.1 sec left
CG set 1847 / 5384    579.8163 GFlop/s     (579.8163 GFlop/s per process)    34%    2313.4 sec left
CG set 1848 / 5384    579.8231 GFlop/s     (579.8231 GFlop/s per process)    34%    2312.7 sec left
CG set 1849 / 5384    579.8299 GFlop/s     (579.8299 GFlop/s per process)    34%    2312.0 sec left
CG set 1850 / 5384    579.8371 GFlop/s     (579.8371 GFlop/s per process)    34%    2311.3 sec left
CG set 1851 / 5384    579.8434 GFlop/s     (579.8434 GFlop/s per process)    34%    2310.6 sec left
CG set 1852 / 5384    579.8498 GFlop/s     (579.8498 GFlop/s per process)    34%    2310.0 sec left
CG set 1853 / 5384    579.8578 GFlop/s     (579.8578 GFlop/s per process)    34%    2309.3 sec left
CG set 1854 / 5384    579.8699 GFlop/s     (579.8699 GFlop/s per process)    34%    2308.6 sec left
CG set 1855 / 5384    579.8866 GFlop/s     (579.8866 GFlop/s per process)    34%    2308.0 sec left
CG set 1856 / 5384    579.8972 GFlop/s     (579.8972 GFlop/s per process)    34%    2307.3 sec left
CG set 1857 / 5384    579.9061 GFlop/s     (579.9061 GFlop/s per process)    34%    2306.6 sec left
CG set 1858 / 5384    579.9220 GFlop/s     (579.9220 GFlop/s per process)    34%    2305.9 sec left
CG set 1859 / 5384    579.9346 GFlop/s     (579.9346 GFlop/s per process)    34%    2305.3 sec left
CG set 1860 / 5384    579.9455 GFlop/s     (579.9455 GFlop/s per process)    34%    2304.6 sec left
CG set 1861 / 5384    579.9534 GFlop/s     (579.9534 GFlop/s per process)    34%    2303.9 sec left
CG set 1862 / 5384    579.9634 GFlop/s     (579.9634 GFlop/s per process)    34%    2303.3 sec left
CG set 1863 / 5384    579.9792 GFlop/s     (579.9792 GFlop/s per process)    34%    2302.6 sec left
CG set 1864 / 5384    579.9840 GFlop/s     (579.9840 GFlop/s per process)    34%    2301.9 sec left
CG set 1865 / 5384    579.9884 GFlop/s     (579.9884 GFlop/s per process)    34%    2301.2 sec left
CG set 1866 / 5384    579.9929 GFlop/s     (579.9929 GFlop/s per process)    34%    2300.5 sec left
CG set 1867 / 5384    579.9972 GFlop/s     (579.9972 GFlop/s per process)    34%    2299.9 sec left
CG set 1868 / 5384    580.0021 GFlop/s     (580.0021 GFlop/s per process)    34%    2299.2 sec left
CG set 1869 / 5384    580.0074 GFlop/s     (580.0074 GFlop/s per process)    34%    2298.5 sec left
CG set 1870 / 5384    580.0134 GFlop/s     (580.0134 GFlop/s per process)    34%    2297.8 sec left
CG set 1871 / 5384    580.0295 GFlop/s     (580.0295 GFlop/s per process)    34%    2297.1 sec left
CG set 1872 / 5384    580.0397 GFlop/s     (580.0397 GFlop/s per process)    34%    2296.5 sec left
CG set 1873 / 5384    580.0461 GFlop/s     (580.0461 GFlop/s per process)    34%    2295.8 sec left
CG set 1874 / 5384    580.0506 GFlop/s     (580.0506 GFlop/s per process)    34%    2295.1 sec left
CG set 1875 / 5384    580.0575 GFlop/s     (580.0575 GFlop/s per process)    34%    2294.4 sec left
CG set 1876 / 5384    580.0617 GFlop/s     (580.0617 GFlop/s per process)    34%    2293.7 sec left
CG set 1877 / 5384    580.0658 GFlop/s     (580.0658 GFlop/s per process)    34%    2293.0 sec left
CG set 1878 / 5384    580.0712 GFlop/s     (580.0712 GFlop/s per process)    34%    2292.4 sec left
CG set 1879 / 5384    580.0766 GFlop/s     (580.0766 GFlop/s per process)    34%    2291.7 sec left
CG set 1880 / 5384    580.0925 GFlop/s     (580.0925 GFlop/s per process)    34%    2291.0 sec left
CG set 1881 / 5384    580.0977 GFlop/s     (580.0977 GFlop/s per process)    34%    2290.3 sec left
CG set 1882 / 5384    580.1029 GFlop/s     (580.1029 GFlop/s per process)    34%    2289.6 sec left
CG set 1883 / 5384    580.1078 GFlop/s     (580.1078 GFlop/s per process)    34%    2289.0 sec left
CG set 1884 / 5384    580.1142 GFlop/s     (580.1142 GFlop/s per process)    34%    2288.3 sec left
CG set 1885 / 5384    580.1189 GFlop/s     (580.1189 GFlop/s per process)    35%    2287.6 sec left
CG set 1886 / 5384    580.1239 GFlop/s     (580.1239 GFlop/s per process)    35%    2286.9 sec left
CG set 1887 / 5384    580.1285 GFlop/s     (580.1285 GFlop/s per process)    35%    2286.2 sec left
CG set 1888 / 5384    580.1348 GFlop/s     (580.1348 GFlop/s per process)    35%    2285.5 sec left
CG set 1889 / 5384    580.1508 GFlop/s     (580.1508 GFlop/s per process)    35%    2284.9 sec left
CG set 1890 / 5384    580.1553 GFlop/s     (580.1553 GFlop/s per process)    35%    2284.2 sec left
CG set 1891 / 5384    580.1581 GFlop/s     (580.1581 GFlop/s per process)    35%    2283.5 sec left
CG set 1892 / 5384    580.1623 GFlop/s     (580.1623 GFlop/s per process)    35%    2282.8 sec left
CG set 1893 / 5384    580.1686 GFlop/s     (580.1686 GFlop/s per process)    35%    2282.1 sec left
CG set 1894 / 5384    580.1750 GFlop/s     (580.1750 GFlop/s per process)    35%    2281.5 sec left
CG set 1895 / 5384    580.1814 GFlop/s     (580.1814 GFlop/s per process)    35%    2280.8 sec left
CG set 1896 / 5384    580.1853 GFlop/s     (580.1853 GFlop/s per process)    35%    2280.1 sec left
CG set 1897 / 5384    580.1880 GFlop/s     (580.1880 GFlop/s per process)    35%    2279.4 sec left
CG set 1898 / 5384    580.2032 GFlop/s     (580.2032 GFlop/s per process)    35%    2278.7 sec left
CG set 1899 / 5384    580.2074 GFlop/s     (580.2074 GFlop/s per process)    35%    2278.1 sec left
CG set 1900 / 5384    580.2124 GFlop/s     (580.2124 GFlop/s per process)    35%    2277.4 sec left
CG set 1901 / 5384    580.2167 GFlop/s     (580.2167 GFlop/s per process)    35%    2276.7 sec left
CG set 1902 / 5384    580.2222 GFlop/s     (580.2222 GFlop/s per process)    35%    2276.0 sec left
CG set 1903 / 5384    580.2284 GFlop/s     (580.2284 GFlop/s per process)    35%    2275.3 sec left
CG set 1904 / 5384    580.2326 GFlop/s     (580.2326 GFlop/s per process)    35%    2274.6 sec left
CG set 1905 / 5384    580.2363 GFlop/s     (580.2363 GFlop/s per process)    35%    2273.9 sec left
CG set 1906 / 5384    580.2408 GFlop/s     (580.2408 GFlop/s per process)    35%    2273.3 sec left
CG set 1907 / 5384    580.2560 GFlop/s     (580.2560 GFlop/s per process)    35%    2272.6 sec left
CG set 1908 / 5384    580.2612 GFlop/s     (580.2612 GFlop/s per process)    35%    2271.9 sec left
CG set 1909 / 5384    580.2675 GFlop/s     (580.2675 GFlop/s per process)    35%    2271.2 sec left
CG set 1910 / 5384    580.2732 GFlop/s     (580.2732 GFlop/s per process)    35%    2270.5 sec left
CG set 1911 / 5384    580.2799 GFlop/s     (580.2799 GFlop/s per process)    35%    2269.9 sec left
CG set 1912 / 5384    580.2859 GFlop/s     (580.2859 GFlop/s per process)    35%    2269.2 sec left
CG set 1913 / 5384    580.2921 GFlop/s     (580.2921 GFlop/s per process)    35%    2268.5 sec left
CG set 1914 / 5384    580.2982 GFlop/s     (580.2982 GFlop/s per process)    35%    2267.8 sec left
CG set 1915 / 5384    580.3044 GFlop/s     (580.3044 GFlop/s per process)    35%    2267.1 sec left
CG set 1916 / 5384    580.3192 GFlop/s     (580.3192 GFlop/s per process)    35%    2266.5 sec left
CG set 1917 / 5384    580.3246 GFlop/s     (580.3246 GFlop/s per process)    35%    2265.8 sec left
CG set 1918 / 5384    580.3306 GFlop/s     (580.3306 GFlop/s per process)    35%    2265.1 sec left
CG set 1919 / 5384    580.3364 GFlop/s     (580.3364 GFlop/s per process)    35%    2264.4 sec left
CG set 1920 / 5384    580.3429 GFlop/s     (580.3429 GFlop/s per process)    35%    2263.7 sec left
CG set 1921 / 5384    580.3474 GFlop/s     (580.3474 GFlop/s per process)    35%    2263.1 sec left
CG set 1922 / 5384    580.3521 GFlop/s     (580.3521 GFlop/s per process)    35%    2262.4 sec left
CG set 1923 / 5384    580.3576 GFlop/s     (580.3576 GFlop/s per process)    35%    2261.7 sec left
CG set 1924 / 5384    580.3728 GFlop/s     (580.3728 GFlop/s per process)    35%    2261.0 sec left
CG set 1925 / 5384    580.3785 GFlop/s     (580.3785 GFlop/s per process)    35%    2260.4 sec left
CG set 1926 / 5384    580.3833 GFlop/s     (580.3833 GFlop/s per process)    35%    2259.7 sec left
CG set 1927 / 5384    580.3885 GFlop/s     (580.3885 GFlop/s per process)    35%    2259.0 sec left
CG set 1928 / 5384    580.3936 GFlop/s     (580.3936 GFlop/s per process)    35%    2258.3 sec left
CG set 1929 / 5384    580.3994 GFlop/s     (580.3994 GFlop/s per process)    35%    2257.6 sec left
CG set 1930 / 5384    580.4034 GFlop/s     (580.4034 GFlop/s per process)    35%    2256.9 sec left
CG set 1931 / 5384    580.4076 GFlop/s     (580.4076 GFlop/s per process)    35%    2256.2 sec left
CG set 1932 / 5384    580.4131 GFlop/s     (580.4131 GFlop/s per process)    35%    2255.6 sec left
CG set 1933 / 5384    580.4274 GFlop/s     (580.4274 GFlop/s per process)    35%    2254.9 sec left
CG set 1934 / 5384    580.4380 GFlop/s     (580.4380 GFlop/s per process)    35%    2254.2 sec left
CG set 1935 / 5384    580.4470 GFlop/s     (580.4470 GFlop/s per process)    35%    2253.6 sec left
CG set 1936 / 5384    580.4518 GFlop/s     (580.4518 GFlop/s per process)    35%    2252.9 sec left
CG set 1937 / 5384    580.4662 GFlop/s     (580.4662 GFlop/s per process)    35%    2252.2 sec left
CG set 1938 / 5384    580.4768 GFlop/s     (580.4768 GFlop/s per process)    35%    2251.5 sec left
CG set 1939 / 5384    580.4865 GFlop/s     (580.4865 GFlop/s per process)    36%    2250.9 sec left
CG set 1940 / 5384    580.4918 GFlop/s     (580.4918 GFlop/s per process)    36%    2250.2 sec left
CG set 1941 / 5384    580.5064 GFlop/s     (580.5064 GFlop/s per process)    36%    2249.5 sec left
CG set 1942 / 5384    580.5150 GFlop/s     (580.5150 GFlop/s per process)    36%    2248.8 sec left
CG set 1943 / 5384    580.5182 GFlop/s     (580.5182 GFlop/s per process)    36%    2248.2 sec left
CG set 1944 / 5384    580.5201 GFlop/s     (580.5201 GFlop/s per process)    36%    2247.5 sec left
CG set 1945 / 5384    580.5232 GFlop/s     (580.5232 GFlop/s per process)    36%    2246.8 sec left
CG set 1946 / 5384    580.5266 GFlop/s     (580.5266 GFlop/s per process)    36%    2246.1 sec left
CG set 1947 / 5384    580.5303 GFlop/s     (580.5303 GFlop/s per process)    36%    2245.4 sec left
CG set 1948 / 5384    580.5344 GFlop/s     (580.5344 GFlop/s per process)    36%    2244.7 sec left
CG set 1949 / 5384    580.5392 GFlop/s     (580.5392 GFlop/s per process)    36%    2244.0 sec left
CG set 1950 / 5384    580.5540 GFlop/s     (580.5540 GFlop/s per process)    36%    2243.4 sec left
CG set 1951 / 5384    580.5625 GFlop/s     (580.5625 GFlop/s per process)    36%    2242.7 sec left
CG set 1952 / 5384    580.5666 GFlop/s     (580.5666 GFlop/s per process)    36%    2242.0 sec left
CG set 1953 / 5384    580.5696 GFlop/s     (580.5696 GFlop/s per process)    36%    2241.3 sec left
CG set 1954 / 5384    580.5747 GFlop/s     (580.5747 GFlop/s per process)    36%    2240.6 sec left
CG set 1955 / 5384    580.5778 GFlop/s     (580.5778 GFlop/s per process)    36%    2239.9 sec left
CG set 1956 / 5384    580.5807 GFlop/s     (580.5807 GFlop/s per process)    36%    2239.3 sec left
CG set 1957 / 5384    580.5839 GFlop/s     (580.5839 GFlop/s per process)    36%    2238.6 sec left
CG set 1958 / 5384    580.5872 GFlop/s     (580.5872 GFlop/s per process)    36%    2237.9 sec left
CG set 1959 / 5384    580.6014 GFlop/s     (580.6014 GFlop/s per process)    36%    2237.2 sec left
CG set 1960 / 5384    580.6058 GFlop/s     (580.6058 GFlop/s per process)    36%    2236.5 sec left
CG set 1961 / 5384    580.6080 GFlop/s     (580.6080 GFlop/s per process)    36%    2235.8 sec left
CG set 1962 / 5384    580.6114 GFlop/s     (580.6114 GFlop/s per process)    36%    2235.2 sec left
CG set 1963 / 5384    580.6156 GFlop/s     (580.6156 GFlop/s per process)    36%    2234.5 sec left
CG set 1964 / 5384    580.6190 GFlop/s     (580.6190 GFlop/s per process)    36%    2233.8 sec left
CG set 1965 / 5384    580.6221 GFlop/s     (580.6221 GFlop/s per process)    36%    2233.1 sec left
CG set 1966 / 5384    580.6269 GFlop/s     (580.6269 GFlop/s per process)    36%    2232.4 sec left
CG set 1967 / 5384    580.6313 GFlop/s     (580.6313 GFlop/s per process)    36%    2231.7 sec left
CG set 1968 / 5384    580.6342 GFlop/s     (580.6342 GFlop/s per process)    36%    2231.0 sec left
CG set 1969 / 5384    580.6483 GFlop/s     (580.6483 GFlop/s per process)    36%    2230.4 sec left
CG set 1970 / 5384    580.6516 GFlop/s     (580.6516 GFlop/s per process)    36%    2229.7 sec left
CG set 1971 / 5384    580.6551 GFlop/s     (580.6551 GFlop/s per process)    36%    2229.0 sec left
CG set 1972 / 5384    580.6596 GFlop/s     (580.6596 GFlop/s per process)    36%    2228.3 sec left
CG set 1973 / 5384    580.6658 GFlop/s     (580.6658 GFlop/s per process)    36%    2227.6 sec left
CG set 1974 / 5384    580.6703 GFlop/s     (580.6703 GFlop/s per process)    36%    2227.0 sec left
CG set 1975 / 5384    580.6753 GFlop/s     (580.6753 GFlop/s per process)    36%    2226.3 sec left
CG set 1976 / 5384    580.6790 GFlop/s     (580.6790 GFlop/s per process)    36%    2225.6 sec left
CG set 1977 / 5384    580.6823 GFlop/s     (580.6823 GFlop/s per process)    36%    2224.9 sec left
CG set 1978 / 5384    580.6963 GFlop/s     (580.6963 GFlop/s per process)    36%    2224.2 sec left
CG set 1979 / 5384    580.7010 GFlop/s     (580.7010 GFlop/s per process)    36%    2223.5 sec left
CG set 1980 / 5384    580.7047 GFlop/s     (580.7047 GFlop/s per process)    36%    2222.9 sec left
CG set 1981 / 5384    580.7090 GFlop/s     (580.7090 GFlop/s per process)    36%    2222.2 sec left
CG set 1982 / 5384    580.7135 GFlop/s     (580.7135 GFlop/s per process)    36%    2221.5 sec left
CG set 1983 / 5384    580.7171 GFlop/s     (580.7171 GFlop/s per process)    36%    2220.8 sec left
CG set 1984 / 5384    580.7204 GFlop/s     (580.7204 GFlop/s per process)    36%    2220.1 sec left
CG set 1985 / 5384    580.7247 GFlop/s     (580.7247 GFlop/s per process)    36%    2219.4 sec left
CG set 1986 / 5384    580.7295 GFlop/s     (580.7295 GFlop/s per process)    36%    2218.7 sec left
CG set 1987 / 5384    580.7438 GFlop/s     (580.7438 GFlop/s per process)    36%    2218.1 sec left
CG set 1988 / 5384    580.7480 GFlop/s     (580.7480 GFlop/s per process)    36%    2217.4 sec left
CG set 1989 / 5384    580.7517 GFlop/s     (580.7517 GFlop/s per process)    36%    2216.7 sec left
CG set 1990 / 5384    580.7578 GFlop/s     (580.7578 GFlop/s per process)    36%    2216.0 sec left
CG set 1991 / 5384    580.7634 GFlop/s     (580.7634 GFlop/s per process)    36%    2215.4 sec left
CG set 1992 / 5384    580.7687 GFlop/s     (580.7687 GFlop/s per process)    36%    2214.7 sec left
CG set 1993 / 5384    580.7741 GFlop/s     (580.7741 GFlop/s per process)    37%    2214.0 sec left
CG set 1994 / 5384    580.7795 GFlop/s     (580.7795 GFlop/s per process)    37%    2213.3 sec left
CG set 1995 / 5384    580.7854 GFlop/s     (580.7854 GFlop/s per process)    37%    2212.6 sec left
CG set 1996 / 5384    580.7994 GFlop/s     (580.7994 GFlop/s per process)    37%    2212.0 sec left
CG set 1997 / 5384    580.8052 GFlop/s     (580.8052 GFlop/s per process)    37%    2211.3 sec left
CG set 1998 / 5384    580.8105 GFlop/s     (580.8105 GFlop/s per process)    37%    2210.6 sec left
CG set 1999 / 5384    580.8165 GFlop/s     (580.8165 GFlop/s per process)    37%    2209.9 sec left
CG set 2000 / 5384    580.8216 GFlop/s     (580.8216 GFlop/s per process)    37%    2209.2 sec left
CG set 2001 / 5384    580.8266 GFlop/s     (580.8266 GFlop/s per process)    37%    2208.6 sec left
CG set 2002 / 5384    580.8320 GFlop/s     (580.8320 GFlop/s per process)    37%    2207.9 sec left
CG set 2003 / 5384    580.8377 GFlop/s     (580.8377 GFlop/s per process)    37%    2207.2 sec left
CG set 2004 / 5384    580.8518 GFlop/s     (580.8518 GFlop/s per process)    37%    2206.5 sec left
CG set 2005 / 5384    580.8572 GFlop/s     (580.8572 GFlop/s per process)    37%    2205.8 sec left
CG set 2006 / 5384    580.8631 GFlop/s     (580.8631 GFlop/s per process)    37%    2205.2 sec left
CG set 2007 / 5384    580.8687 GFlop/s     (580.8687 GFlop/s per process)    37%    2204.5 sec left
CG set 2008 / 5384    580.8750 GFlop/s     (580.8750 GFlop/s per process)    37%    2203.8 sec left
CG set 2009 / 5384    580.8796 GFlop/s     (580.8796 GFlop/s per process)    37%    2203.1 sec left
CG set 2010 / 5384    580.8844 GFlop/s     (580.8844 GFlop/s per process)    37%    2202.4 sec left
CG set 2011 / 5384    580.8899 GFlop/s     (580.8899 GFlop/s per process)    37%    2201.8 sec left
CG set 2012 / 5384    580.9007 GFlop/s     (580.9007 GFlop/s per process)    37%    2201.1 sec left
CG set 2013 / 5384    580.9154 GFlop/s     (580.9154 GFlop/s per process)    37%    2200.4 sec left
CG set 2014 / 5384    580.9243 GFlop/s     (580.9243 GFlop/s per process)    37%    2199.7 sec left
CG set 2015 / 5384    580.9317 GFlop/s     (580.9317 GFlop/s per process)    37%    2199.1 sec left
CG set 2016 / 5384    580.9460 GFlop/s     (580.9460 GFlop/s per process)    37%    2198.4 sec left
CG set 2017 / 5384    580.9571 GFlop/s     (580.9571 GFlop/s per process)    37%    2197.7 sec left
CG set 2018 / 5384    580.9663 GFlop/s     (580.9663 GFlop/s per process)    37%    2197.1 sec left
CG set 2019 / 5384    580.9721 GFlop/s     (580.9721 GFlop/s per process)    37%    2196.4 sec left
CG set 2020 / 5384    580.9805 GFlop/s     (580.9805 GFlop/s per process)    37%    2195.7 sec left
CG set 2021 / 5384    580.9951 GFlop/s     (580.9951 GFlop/s per process)    37%    2195.1 sec left
CG set 2022 / 5384    580.9989 GFlop/s     (580.9989 GFlop/s per process)    37%    2194.4 sec left
CG set 2023 / 5384    581.0021 GFlop/s     (581.0021 GFlop/s per process)    37%    2193.7 sec left
CG set 2024 / 5384    581.0051 GFlop/s     (581.0051 GFlop/s per process)    37%    2193.0 sec left
CG set 2025 / 5384    581.0091 GFlop/s     (581.0091 GFlop/s per process)    37%    2192.3 sec left
CG set 2026 / 5384    581.0129 GFlop/s     (581.0129 GFlop/s per process)    37%    2191.6 sec left
CG set 2027 / 5384    581.0179 GFlop/s     (581.0179 GFlop/s per process)    37%    2190.9 sec left
CG set 2028 / 5384    581.0237 GFlop/s     (581.0237 GFlop/s per process)    37%    2190.3 sec left
CG set 2029 / 5384    581.0329 GFlop/s     (581.0329 GFlop/s per process)    37%    2189.6 sec left
CG set 2030 / 5384    581.0478 GFlop/s     (581.0478 GFlop/s per process)    37%    2188.9 sec left
CG set 2031 / 5384    581.0528 GFlop/s     (581.0528 GFlop/s per process)    37%    2188.2 sec left
CG set 2032 / 5384    581.0571 GFlop/s     (581.0571 GFlop/s per process)    37%    2187.6 sec left
CG set 2033 / 5384    581.0624 GFlop/s     (581.0624 GFlop/s per process)    37%    2186.9 sec left
CG set 2034 / 5384    581.0670 GFlop/s     (581.0670 GFlop/s per process)    37%    2186.2 sec left
CG set 2035 / 5384    581.0708 GFlop/s     (581.0708 GFlop/s per process)    37%    2185.5 sec left
CG set 2036 / 5384    581.0753 GFlop/s     (581.0753 GFlop/s per process)    37%    2184.8 sec left
CG set 2037 / 5384    581.0803 GFlop/s     (581.0803 GFlop/s per process)    37%    2184.1 sec left
CG set 2038 / 5384    581.0852 GFlop/s     (581.0852 GFlop/s per process)    37%    2183.5 sec left
CG set 2039 / 5384    581.0996 GFlop/s     (581.0996 GFlop/s per process)    37%    2182.8 sec left
CG set 2040 / 5384    581.1038 GFlop/s     (581.1038 GFlop/s per process)    37%    2182.1 sec left
CG set 2041 / 5384    581.1083 GFlop/s     (581.1083 GFlop/s per process)    37%    2181.4 sec left
CG set 2042 / 5384    581.1140 GFlop/s     (581.1140 GFlop/s per process)    37%    2180.8 sec left
CG set 2043 / 5384    581.1183 GFlop/s     (581.1183 GFlop/s per process)    37%    2180.1 sec left
CG set 2044 / 5384    581.1221 GFlop/s     (581.1221 GFlop/s per process)    37%    2179.4 sec left
CG set 2045 / 5384    581.1268 GFlop/s     (581.1268 GFlop/s per process)    37%    2178.7 sec left
CG set 2046 / 5384    581.1326 GFlop/s     (581.1326 GFlop/s per process)    38%    2178.0 sec left
CG set 2047 / 5384    581.1372 GFlop/s     (581.1372 GFlop/s per process)    38%    2177.3 sec left
CG set 2048 / 5384    581.1512 GFlop/s     (581.1512 GFlop/s per process)    38%    2176.7 sec left
CG set 2049 / 5384    581.1557 GFlop/s     (581.1557 GFlop/s per process)    38%    2176.0 sec left
CG set 2050 / 5384    581.1535 GFlop/s     (581.1535 GFlop/s per process)    38%    2175.3 sec left
CG set 2051 / 5384    581.1602 GFlop/s     (581.1602 GFlop/s per process)    38%    2174.6 sec left
CG set 2052 / 5384    581.1662 GFlop/s     (581.1662 GFlop/s per process)    38%    2173.9 sec left
CG set 2053 / 5384    581.1720 GFlop/s     (581.1720 GFlop/s per process)    38%    2173.2 sec left
CG set 2054 / 5384    581.1774 GFlop/s     (581.1774 GFlop/s per process)    38%    2172.6 sec left
CG set 2055 / 5384    581.1823 GFlop/s     (581.1823 GFlop/s per process)    38%    2171.9 sec left
CG set 2056 / 5384    581.1967 GFlop/s     (581.1967 GFlop/s per process)    38%    2171.2 sec left
CG set 2057 / 5384    581.2008 GFlop/s     (581.2008 GFlop/s per process)    38%    2170.5 sec left
CG set 2058 / 5384    581.2058 GFlop/s     (581.2058 GFlop/s per process)    38%    2169.9 sec left
CG set 2059 / 5384    581.2100 GFlop/s     (581.2100 GFlop/s per process)    38%    2169.2 sec left
CG set 2060 / 5384    581.2138 GFlop/s     (581.2138 GFlop/s per process)    38%    2168.5 sec left
CG set 2061 / 5384    581.2188 GFlop/s     (581.2188 GFlop/s per process)    38%    2167.8 sec left
CG set 2062 / 5384    581.2229 GFlop/s     (581.2229 GFlop/s per process)    38%    2167.1 sec left
CG set 2063 / 5384    581.2267 GFlop/s     (581.2267 GFlop/s per process)    38%    2166.4 sec left
CG set 2064 / 5384    581.2313 GFlop/s     (581.2313 GFlop/s per process)    38%    2165.8 sec left
CG set 2065 / 5384    581.2361 GFlop/s     (581.2361 GFlop/s per process)    38%    2165.1 sec left
CG set 2066 / 5384    581.2507 GFlop/s     (581.2507 GFlop/s per process)    38%    2164.4 sec left
CG set 2067 / 5384    581.2563 GFlop/s     (581.2563 GFlop/s per process)    38%    2163.7 sec left
CG set 2068 / 5384    581.2625 GFlop/s     (581.2625 GFlop/s per process)    38%    2163.1 sec left
CG set 2069 / 5384    581.2689 GFlop/s     (581.2689 GFlop/s per process)    38%    2162.4 sec left
CG set 2070 / 5384    581.2749 GFlop/s     (581.2749 GFlop/s per process)    38%    2161.7 sec left
CG set 2071 / 5384    581.2811 GFlop/s     (581.2811 GFlop/s per process)    38%    2161.0 sec left
CG set 2072 / 5384    581.2868 GFlop/s     (581.2868 GFlop/s per process)    38%    2160.3 sec left
CG set 2073 / 5384    581.2929 GFlop/s     (581.2929 GFlop/s per process)    38%    2159.7 sec left
CG set 2074 / 5384    581.3078 GFlop/s     (581.3078 GFlop/s per process)    38%    2159.0 sec left
CG set 2075 / 5384    581.3136 GFlop/s     (581.3136 GFlop/s per process)    38%    2158.3 sec left
CG set 2076 / 5384    581.3198 GFlop/s     (581.3198 GFlop/s per process)    38%    2157.6 sec left
CG set 2077 / 5384    581.3263 GFlop/s     (581.3263 GFlop/s per process)    38%    2157.0 sec left
CG set 2078 / 5384    581.3314 GFlop/s     (581.3314 GFlop/s per process)    38%    2156.3 sec left
CG set 2079 / 5384    581.3366 GFlop/s     (581.3366 GFlop/s per process)    38%    2155.6 sec left
CG set 2080 / 5384    581.3423 GFlop/s     (581.3423 GFlop/s per process)    38%    2154.9 sec left
CG set 2081 / 5384    581.3485 GFlop/s     (581.3485 GFlop/s per process)    38%    2154.2 sec left
CG set 2082 / 5384    581.3546 GFlop/s     (581.3546 GFlop/s per process)    38%    2153.6 sec left
CG set 2083 / 5384    581.3689 GFlop/s     (581.3689 GFlop/s per process)    38%    2152.9 sec left
CG set 2084 / 5384    581.3741 GFlop/s     (581.3741 GFlop/s per process)    38%    2152.2 sec left
CG set 2085 / 5384    581.3802 GFlop/s     (581.3802 GFlop/s per process)    38%    2151.5 sec left
CG set 2086 / 5384    581.3859 GFlop/s     (581.3859 GFlop/s per process)    38%    2150.9 sec left
CG set 2087 / 5384    581.3926 GFlop/s     (581.3926 GFlop/s per process)    38%    2150.2 sec left
CG set 2088 / 5384    581.3976 GFlop/s     (581.3976 GFlop/s per process)    38%    2149.5 sec left
CG set 2089 / 5384    581.4025 GFlop/s     (581.4025 GFlop/s per process)    38%    2148.8 sec left
CG set 2090 / 5384    581.4089 GFlop/s     (581.4089 GFlop/s per process)    38%    2148.1 sec left
CG set 2091 / 5384    581.4232 GFlop/s     (581.4232 GFlop/s per process)    38%    2147.5 sec left
CG set 2092 / 5384    581.4338 GFlop/s     (581.4338 GFlop/s per process)    38%    2146.8 sec left
CG set 2093 / 5384    581.4425 GFlop/s     (581.4425 GFlop/s per process)    38%    2146.1 sec left
CG set 2094 / 5384    581.4504 GFlop/s     (581.4504 GFlop/s per process)    38%    2145.5 sec left
CG set 2095 / 5384    581.4652 GFlop/s     (581.4652 GFlop/s per process)    38%    2144.8 sec left
CG set 2096 / 5384    581.4764 GFlop/s     (581.4764 GFlop/s per process)    38%    2144.1 sec left
CG set 2097 / 5384    581.4856 GFlop/s     (581.4856 GFlop/s per process)    38%    2143.5 sec left
CG set 2098 / 5384    581.4916 GFlop/s     (581.4916 GFlop/s per process)    38%    2142.8 sec left
CG set 2099 / 5384    581.5061 GFlop/s     (581.5061 GFlop/s per process)    38%    2142.1 sec left
CG set 2100 / 5384    581.5152 GFlop/s     (581.5152 GFlop/s per process)    39%    2141.5 sec left
CG set 2101 / 5384    581.5199 GFlop/s     (581.5199 GFlop/s per process)    39%    2140.8 sec left
CG set 2102 / 5384    581.5233 GFlop/s     (581.5233 GFlop/s per process)    39%    2140.1 sec left
CG set 2103 / 5384    581.5255 GFlop/s     (581.5255 GFlop/s per process)    39%    2139.4 sec left
CG set 2104 / 5384    581.5303 GFlop/s     (581.5303 GFlop/s per process)    39%    2138.7 sec left
CG set 2105 / 5384    581.5349 GFlop/s     (581.5349 GFlop/s per process)    39%    2138.0 sec left
CG set 2106 / 5384    581.5399 GFlop/s     (581.5399 GFlop/s per process)    39%    2137.4 sec left
CG set 2107 / 5384    581.5455 GFlop/s     (581.5455 GFlop/s per process)    39%    2136.7 sec left
CG set 2108 / 5384    581.5597 GFlop/s     (581.5597 GFlop/s per process)    39%    2136.0 sec left
CG set 2109 / 5384    581.5691 GFlop/s     (581.5691 GFlop/s per process)    39%    2135.3 sec left
CG set 2110 / 5384    581.5744 GFlop/s     (581.5744 GFlop/s per process)    39%    2134.7 sec left
CG set 2111 / 5384    581.5783 GFlop/s     (581.5783 GFlop/s per process)    39%    2134.0 sec left
CG set 2112 / 5384    581.5841 GFlop/s     (581.5841 GFlop/s per process)    39%    2133.3 sec left
CG set 2113 / 5384    581.5892 GFlop/s     (581.5892 GFlop/s per process)    39%    2132.6 sec left
CG set 2114 / 5384    581.5936 GFlop/s     (581.5936 GFlop/s per process)    39%    2131.9 sec left
CG set 2115 / 5384    581.5982 GFlop/s     (581.5982 GFlop/s per process)    39%    2131.3 sec left
CG set 2116 / 5384    581.6127 GFlop/s     (581.6127 GFlop/s per process)    39%    2130.6 sec left
CG set 2117 / 5384    581.6174 GFlop/s     (581.6174 GFlop/s per process)    39%    2129.9 sec left
CG set 2118 / 5384    581.6218 GFlop/s     (581.6218 GFlop/s per process)    39%    2129.2 sec left
CG set 2119 / 5384    581.6265 GFlop/s     (581.6265 GFlop/s per process)    39%    2128.5 sec left
CG set 2120 / 5384    581.6312 GFlop/s     (581.6312 GFlop/s per process)    39%    2127.9 sec left
CG set 2121 / 5384    581.6364 GFlop/s     (581.6364 GFlop/s per process)    39%    2127.2 sec left
CG set 2122 / 5384    581.6408 GFlop/s     (581.6408 GFlop/s per process)    39%    2126.5 sec left
CG set 2123 / 5384    581.6454 GFlop/s     (581.6454 GFlop/s per process)    39%    2125.8 sec left
CG set 2124 / 5384    581.6498 GFlop/s     (581.6498 GFlop/s per process)    39%    2125.1 sec left
CG set 2125 / 5384    581.6641 GFlop/s     (581.6641 GFlop/s per process)    39%    2124.5 sec left
CG set 2126 / 5384    581.6697 GFlop/s     (581.6697 GFlop/s per process)    39%    2123.8 sec left
CG set 2127 / 5384    581.6740 GFlop/s     (581.6740 GFlop/s per process)    39%    2123.1 sec left
CG set 2128 / 5384    581.6777 GFlop/s     (581.6777 GFlop/s per process)    39%    2122.4 sec left
CG set 2129 / 5384    581.6820 GFlop/s     (581.6820 GFlop/s per process)    39%    2121.7 sec left
CG set 2130 / 5384    581.6879 GFlop/s     (581.6879 GFlop/s per process)    39%    2121.1 sec left
CG set 2131 / 5384    581.6939 GFlop/s     (581.6939 GFlop/s per process)    39%    2120.4 sec left
CG set 2132 / 5384    581.6994 GFlop/s     (581.6994 GFlop/s per process)    39%    2119.7 sec left
CG set 2133 / 5384    581.7050 GFlop/s     (581.7050 GFlop/s per process)    39%    2119.0 sec left
CG set 2134 / 5384    581.7192 GFlop/s     (581.7192 GFlop/s per process)    39%    2118.4 sec left
CG set 2135 / 5384    581.7242 GFlop/s     (581.7242 GFlop/s per process)    39%    2117.7 sec left
CG set 2136 / 5384    581.7280 GFlop/s     (581.7280 GFlop/s per process)    39%    2117.0 sec left
CG set 2137 / 5384    581.7336 GFlop/s     (581.7336 GFlop/s per process)    39%    2116.3 sec left
CG set 2138 / 5384    581.7389 GFlop/s     (581.7389 GFlop/s per process)    39%    2115.6 sec left
CG set 2139 / 5384    581.7441 GFlop/s     (581.7441 GFlop/s per process)    39%    2115.0 sec left
CG set 2140 / 5384    581.7501 GFlop/s     (581.7501 GFlop/s per process)    39%    2114.3 sec left
CG set 2141 / 5384    581.7546 GFlop/s     (581.7546 GFlop/s per process)    39%    2113.6 sec left
CG set 2142 / 5384    581.7693 GFlop/s     (581.7693 GFlop/s per process)    39%    2112.9 sec left
CG set 2143 / 5384    581.7737 GFlop/s     (581.7737 GFlop/s per process)    39%    2112.3 sec left
CG set 2144 / 5384    581.7790 GFlop/s     (581.7790 GFlop/s per process)    39%    2111.6 sec left
CG set 2145 / 5384    581.7837 GFlop/s     (581.7837 GFlop/s per process)    39%    2110.9 sec left
CG set 2146 / 5384    581.7894 GFlop/s     (581.7894 GFlop/s per process)    39%    2110.2 sec left
CG set 2147 / 5384    581.7957 GFlop/s     (581.7957 GFlop/s per process)    39%    2109.5 sec left
CG set 2148 / 5384    581.8019 GFlop/s     (581.8019 GFlop/s per process)    39%    2108.9 sec left
CG set 2149 / 5384    581.8078 GFlop/s     (581.8078 GFlop/s per process)    39%    2108.2 sec left
CG set 2150 / 5384    581.8139 GFlop/s     (581.8139 GFlop/s per process)    39%    2107.5 sec left
CG set 2151 / 5384    581.8283 GFlop/s     (581.8283 GFlop/s per process)    39%    2106.9 sec left
CG set 2152 / 5384    581.8346 GFlop/s     (581.8346 GFlop/s per process)    39%    2106.2 sec left
CG set 2153 / 5384    581.8403 GFlop/s     (581.8403 GFlop/s per process)    39%    2105.5 sec left
CG set 2154 / 5384    581.8455 GFlop/s     (581.8455 GFlop/s per process)    40%    2104.8 sec left
CG set 2155 / 5384    581.8514 GFlop/s     (581.8514 GFlop/s per process)    40%    2104.1 sec left
CG set 2156 / 5384    581.8566 GFlop/s     (581.8566 GFlop/s per process)    40%    2103.5 sec left
CG set 2157 / 5384    581.8629 GFlop/s     (581.8629 GFlop/s per process)    40%    2102.8 sec left
CG set 2158 / 5384    581.8685 GFlop/s     (581.8685 GFlop/s per process)    40%    2102.1 sec left
CG set 2159 / 5384    581.8834 GFlop/s     (581.8834 GFlop/s per process)    40%    2101.4 sec left
CG set 2160 / 5384    581.8896 GFlop/s     (581.8896 GFlop/s per process)    40%    2100.8 sec left
CG set 2161 / 5384    581.8952 GFlop/s     (581.8952 GFlop/s per process)    40%    2100.1 sec left
CG set 2162 / 5384    581.9016 GFlop/s     (581.9016 GFlop/s per process)    40%    2099.4 sec left
CG set 2163 / 5384    581.9067 GFlop/s     (581.9067 GFlop/s per process)    40%    2098.7 sec left
CG set 2164 / 5384    581.9109 GFlop/s     (581.9109 GFlop/s per process)    40%    2098.0 sec left
CG set 2165 / 5384    581.9170 GFlop/s     (581.9170 GFlop/s per process)    40%    2097.4 sec left
CG set 2166 / 5384    581.9234 GFlop/s     (581.9234 GFlop/s per process)    40%    2096.7 sec left
CG set 2167 / 5384    581.9280 GFlop/s     (581.9280 GFlop/s per process)    40%    2096.0 sec left
CG set 2168 / 5384    581.9422 GFlop/s     (581.9422 GFlop/s per process)    40%    2095.3 sec left
CG set 2169 / 5384    581.9472 GFlop/s     (581.9472 GFlop/s per process)    40%    2094.7 sec left
CG set 2170 / 5384    581.9526 GFlop/s     (581.9526 GFlop/s per process)    40%    2094.0 sec left
CG set 2171 / 5384    581.9631 GFlop/s     (581.9631 GFlop/s per process)    40%    2093.3 sec left
CG set 2172 / 5384    581.9714 GFlop/s     (581.9714 GFlop/s per process)    40%    2092.6 sec left
CG set 2173 / 5384    581.9790 GFlop/s     (581.9790 GFlop/s per process)    40%    2092.0 sec left
CG set 2174 / 5384    581.9932 GFlop/s     (581.9932 GFlop/s per process)    40%    2091.3 sec left
CG set 2175 / 5384    582.0036 GFlop/s     (582.0036 GFlop/s per process)    40%    2090.7 sec left
CG set 2176 / 5384    582.0176 GFlop/s     (582.0176 GFlop/s per process)    40%    2090.0 sec left
CG set 2177 / 5384    582.0267 GFlop/s     (582.0267 GFlop/s per process)    40%    2089.3 sec left
CG set 2178 / 5384    582.0329 GFlop/s     (582.0329 GFlop/s per process)    40%    2088.6 sec left
CG set 2179 / 5384    582.0410 GFlop/s     (582.0410 GFlop/s per process)    40%    2088.0 sec left
CG set 2180 / 5384    582.0451 GFlop/s     (582.0451 GFlop/s per process)    40%    2087.3 sec left
CG set 2181 / 5384    582.0486 GFlop/s     (582.0486 GFlop/s per process)    40%    2086.6 sec left
CG set 2182 / 5384    582.0517 GFlop/s     (582.0517 GFlop/s per process)    40%    2085.9 sec left
CG set 2183 / 5384    582.0561 GFlop/s     (582.0561 GFlop/s per process)    40%    2085.2 sec left
CG set 2184 / 5384    582.0702 GFlop/s     (582.0702 GFlop/s per process)    40%    2084.6 sec left
CG set 2185 / 5384    582.0742 GFlop/s     (582.0742 GFlop/s per process)    40%    2083.9 sec left
CG set 2186 / 5384    582.0784 GFlop/s     (582.0784 GFlop/s per process)    40%    2083.2 sec left
CG set 2187 / 5384    582.0833 GFlop/s     (582.0833 GFlop/s per process)    40%    2082.5 sec left
CG set 2188 / 5384    582.0918 GFlop/s     (582.0918 GFlop/s per process)    40%    2081.9 sec left
CG set 2189 / 5384    582.0970 GFlop/s     (582.0970 GFlop/s per process)    40%    2081.2 sec left
CG set 2190 / 5384    582.1009 GFlop/s     (582.1009 GFlop/s per process)    40%    2080.5 sec left
CG set 2191 / 5384    582.1061 GFlop/s     (582.1061 GFlop/s per process)    40%    2079.8 sec left
CG set 2192 / 5384    582.1056 GFlop/s     (582.1056 GFlop/s per process)    40%    2079.1 sec left
CG set 2193 / 5384    582.1194 GFlop/s     (582.1194 GFlop/s per process)    40%    2078.5 sec left
CG set 2194 / 5384    582.1235 GFlop/s     (582.1235 GFlop/s per process)    40%    2077.8 sec left
CG set 2195 / 5384    582.1278 GFlop/s     (582.1278 GFlop/s per process)    40%    2077.1 sec left
CG set 2196 / 5384    582.1320 GFlop/s     (582.1320 GFlop/s per process)    40%    2076.4 sec left
CG set 2197 / 5384    582.1362 GFlop/s     (582.1362 GFlop/s per process)    40%    2075.7 sec left
CG set 2198 / 5384    582.1405 GFlop/s     (582.1405 GFlop/s per process)    40%    2075.1 sec left
CG set 2199 / 5384    582.1448 GFlop/s     (582.1448 GFlop/s per process)    40%    2074.4 sec left
CG set 2200 / 5384    582.1501 GFlop/s     (582.1501 GFlop/s per process)    40%    2073.7 sec left
CG set 2201 / 5384    582.1540 GFlop/s     (582.1540 GFlop/s per process)    40%    2073.0 sec left
CG set 2202 / 5384    582.1673 GFlop/s     (582.1673 GFlop/s per process)    40%    2072.3 sec left
CG set 2203 / 5384    582.1707 GFlop/s     (582.1707 GFlop/s per process)    40%    2071.7 sec left
CG set 2204 / 5384    582.1748 GFlop/s     (582.1748 GFlop/s per process)    40%    2071.0 sec left
CG set 2205 / 5384    582.1799 GFlop/s     (582.1799 GFlop/s per process)    40%    2070.3 sec left
CG set 2206 / 5384    582.1831 GFlop/s     (582.1831 GFlop/s per process)    40%    2069.6 sec left
CG set 2207 / 5384    582.1853 GFlop/s     (582.1853 GFlop/s per process)    40%    2068.9 sec left
CG set 2208 / 5384    582.1884 GFlop/s     (582.1884 GFlop/s per process)    41%    2068.2 sec left
CG set 2209 / 5384    582.1933 GFlop/s     (582.1933 GFlop/s per process)    41%    2067.6 sec left
CG set 2210 / 5384    582.1984 GFlop/s     (582.1984 GFlop/s per process)    41%    2066.9 sec left
CG set 2211 / 5384    582.2121 GFlop/s     (582.2121 GFlop/s per process)    41%    2066.2 sec left
CG set 2212 / 5384    582.2181 GFlop/s     (582.2181 GFlop/s per process)    41%    2065.5 sec left
CG set 2213 / 5384    582.2228 GFlop/s     (582.2228 GFlop/s per process)    41%    2064.9 sec left
CG set 2214 / 5384    582.2208 GFlop/s     (582.2208 GFlop/s per process)    41%    2064.2 sec left
CG set 2215 / 5384    582.2245 GFlop/s     (582.2245 GFlop/s per process)    41%    2063.5 sec left
CG set 2216 / 5384    582.2297 GFlop/s     (582.2297 GFlop/s per process)    41%    2062.8 sec left
CG set 2217 / 5384    582.2337 GFlop/s     (582.2337 GFlop/s per process)    41%    2062.1 sec left
CG set 2218 / 5384    582.2382 GFlop/s     (582.2382 GFlop/s per process)    41%    2061.4 sec left
CG set 2219 / 5384    582.2515 GFlop/s     (582.2515 GFlop/s per process)    41%    2060.8 sec left
CG set 2220 / 5384    582.2563 GFlop/s     (582.2563 GFlop/s per process)    41%    2060.1 sec left
CG set 2221 / 5384    582.2599 GFlop/s     (582.2599 GFlop/s per process)    41%    2059.4 sec left
CG set 2222 / 5384    582.2638 GFlop/s     (582.2638 GFlop/s per process)    41%    2058.7 sec left
CG set 2223 / 5384    582.2681 GFlop/s     (582.2681 GFlop/s per process)    41%    2058.1 sec left
CG set 2224 / 5384    582.2728 GFlop/s     (582.2728 GFlop/s per process)    41%    2057.4 sec left
CG set 2225 / 5384    582.2774 GFlop/s     (582.2774 GFlop/s per process)    41%    2056.7 sec left
CG set 2226 / 5384    582.2821 GFlop/s     (582.2821 GFlop/s per process)    41%    2056.0 sec left
CG set 2227 / 5384    582.2881 GFlop/s     (582.2881 GFlop/s per process)    41%    2055.3 sec left
CG set 2228 / 5384    582.3008 GFlop/s     (582.3008 GFlop/s per process)    41%    2054.7 sec left
CG set 2229 / 5384    582.3053 GFlop/s     (582.3053 GFlop/s per process)    41%    2054.0 sec left
CG set 2230 / 5384    582.3103 GFlop/s     (582.3103 GFlop/s per process)    41%    2053.3 sec left
CG set 2231 / 5384    582.3154 GFlop/s     (582.3154 GFlop/s per process)    41%    2052.6 sec left
CG set 2232 / 5384    582.3206 GFlop/s     (582.3206 GFlop/s per process)    41%    2051.9 sec left
CG set 2233 / 5384    582.3257 GFlop/s     (582.3257 GFlop/s per process)    41%    2051.3 sec left
CG set 2234 / 5384    582.3303 GFlop/s     (582.3303 GFlop/s per process)    41%    2050.6 sec left
CG set 2235 / 5384    582.3357 GFlop/s     (582.3357 GFlop/s per process)    41%    2049.9 sec left
CG set 2236 / 5384    582.3407 GFlop/s     (582.3407 GFlop/s per process)    41%    2049.2 sec left
CG set 2237 / 5384    582.3534 GFlop/s     (582.3534 GFlop/s per process)    41%    2048.6 sec left
CG set 2238 / 5384    582.3576 GFlop/s     (582.3576 GFlop/s per process)    41%    2047.9 sec left
CG set 2239 / 5384    582.3633 GFlop/s     (582.3633 GFlop/s per process)    41%    2047.2 sec left
CG set 2240 / 5384    582.3677 GFlop/s     (582.3677 GFlop/s per process)    41%    2046.5 sec left
CG set 2241 / 5384    582.3728 GFlop/s     (582.3728 GFlop/s per process)    41%    2045.8 sec left
CG set 2242 / 5384    582.3773 GFlop/s     (582.3773 GFlop/s per process)    41%    2045.2 sec left
CG set 2243 / 5384    582.3821 GFlop/s     (582.3821 GFlop/s per process)    41%    2044.5 sec left
CG set 2244 / 5384    582.3864 GFlop/s     (582.3864 GFlop/s per process)    41%    2043.8 sec left
CG set 2245 / 5384    582.3987 GFlop/s     (582.3987 GFlop/s per process)    41%    2043.1 sec left
CG set 2246 / 5384    582.4023 GFlop/s     (582.4023 GFlop/s per process)    41%    2042.5 sec left
CG set 2247 / 5384    582.4066 GFlop/s     (582.4066 GFlop/s per process)    41%    2041.8 sec left
CG set 2248 / 5384    582.4103 GFlop/s     (582.4103 GFlop/s per process)    41%    2041.1 sec left
CG set 2249 / 5384    582.4150 GFlop/s     (582.4150 GFlop/s per process)    41%    2040.4 sec left
CG set 2250 / 5384    582.4244 GFlop/s     (582.4244 GFlop/s per process)    41%    2039.7 sec left
CG set 2251 / 5384    582.4318 GFlop/s     (582.4318 GFlop/s per process)    41%    2039.1 sec left
CG set 2252 / 5384    582.4377 GFlop/s     (582.4377 GFlop/s per process)    41%    2038.4 sec left
CG set 2253 / 5384    582.4502 GFlop/s     (582.4502 GFlop/s per process)    41%    2037.7 sec left
CG set 2254 / 5384    582.4629 GFlop/s     (582.4629 GFlop/s per process)    41%    2037.1 sec left
CG set 2255 / 5384    582.4720 GFlop/s     (582.4720 GFlop/s per process)    41%    2036.4 sec left
CG set 2256 / 5384    582.4794 GFlop/s     (582.4794 GFlop/s per process)    41%    2035.7 sec left
CG set 2257 / 5384    582.4845 GFlop/s     (582.4845 GFlop/s per process)    41%    2035.1 sec left
CG set 2258 / 5384    582.4915 GFlop/s     (582.4915 GFlop/s per process)    41%    2034.4 sec left
CG set 2259 / 5384    582.4949 GFlop/s     (582.4949 GFlop/s per process)    41%    2033.7 sec left
CG set 2260 / 5384    582.4973 GFlop/s     (582.4973 GFlop/s per process)    41%    2033.0 sec left
CG set 2261 / 5384    582.4996 GFlop/s     (582.4996 GFlop/s per process)    41%    2032.3 sec left
CG set 2262 / 5384    582.5124 GFlop/s     (582.5124 GFlop/s per process)    42%    2031.7 sec left
CG set 2263 / 5384    582.5153 GFlop/s     (582.5153 GFlop/s per process)    42%    2031.0 sec left
CG set 2264 / 5384    582.5181 GFlop/s     (582.5181 GFlop/s per process)    42%    2030.3 sec left
CG set 2265 / 5384    582.5218 GFlop/s     (582.5218 GFlop/s per process)    42%    2029.6 sec left
CG set 2266 / 5384    582.5258 GFlop/s     (582.5258 GFlop/s per process)    42%    2028.9 sec left
CG set 2267 / 5384    582.5336 GFlop/s     (582.5336 GFlop/s per process)    42%    2028.3 sec left
CG set 2268 / 5384    582.5370 GFlop/s     (582.5370 GFlop/s per process)    42%    2027.6 sec left
CG set 2269 / 5384    582.5394 GFlop/s     (582.5394 GFlop/s per process)    42%    2026.9 sec left
CG set 2270 / 5384    582.5437 GFlop/s     (582.5437 GFlop/s per process)    42%    2026.2 sec left
CG set 2271 / 5384    582.5559 GFlop/s     (582.5559 GFlop/s per process)    42%    2025.5 sec left
CG set 2272 / 5384    582.5589 GFlop/s     (582.5589 GFlop/s per process)    42%    2024.9 sec left
CG set 2273 / 5384    582.5613 GFlop/s     (582.5613 GFlop/s per process)    42%    2024.2 sec left
CG set 2274 / 5384    582.5637 GFlop/s     (582.5637 GFlop/s per process)    42%    2023.5 sec left
CG set 2275 / 5384    582.5667 GFlop/s     (582.5667 GFlop/s per process)    42%    2022.8 sec left
CG set 2276 / 5384    582.5698 GFlop/s     (582.5698 GFlop/s per process)    42%    2022.1 sec left
CG set 2277 / 5384    582.5730 GFlop/s     (582.5730 GFlop/s per process)    42%    2021.4 sec left
CG set 2278 / 5384    582.5762 GFlop/s     (582.5762 GFlop/s per process)    42%    2020.7 sec left
CG set 2279 / 5384    582.5801 GFlop/s     (582.5801 GFlop/s per process)    42%    2020.1 sec left
CG set 2280 / 5384    582.5925 GFlop/s     (582.5925 GFlop/s per process)    42%    2019.4 sec left
CG set 2281 / 5384    582.5956 GFlop/s     (582.5956 GFlop/s per process)    42%    2018.7 sec left
CG set 2282 / 5384    582.5982 GFlop/s     (582.5982 GFlop/s per process)    42%    2018.0 sec left
CG set 2283 / 5384    582.6012 GFlop/s     (582.6012 GFlop/s per process)    42%    2017.3 sec left
CG set 2284 / 5384    582.6046 GFlop/s     (582.6046 GFlop/s per process)    42%    2016.7 sec left
CG set 2285 / 5384    582.6069 GFlop/s     (582.6069 GFlop/s per process)    42%    2016.0 sec left
CG set 2286 / 5384    582.6096 GFlop/s     (582.6096 GFlop/s per process)    42%    2015.3 sec left
CG set 2287 / 5384    582.6119 GFlop/s     (582.6119 GFlop/s per process)    42%    2014.6 sec left
CG set 2288 / 5384    582.6155 GFlop/s     (582.6155 GFlop/s per process)    42%    2013.9 sec left
CG set 2289 / 5384    582.6272 GFlop/s     (582.6272 GFlop/s per process)    42%    2013.3 sec left
CG set 2290 / 5384    582.6311 GFlop/s     (582.6311 GFlop/s per process)    42%    2012.6 sec left
CG set 2291 / 5384    582.6351 GFlop/s     (582.6351 GFlop/s per process)    42%    2011.9 sec left
CG set 2292 / 5384    582.6388 GFlop/s     (582.6388 GFlop/s per process)    42%    2011.2 sec left
CG set 2293 / 5384    582.6418 GFlop/s     (582.6418 GFlop/s per process)    42%    2010.5 sec left
CG set 2294 / 5384    582.6438 GFlop/s     (582.6438 GFlop/s per process)    42%    2009.8 sec left
CG set 2295 / 5384    582.6470 GFlop/s     (582.6470 GFlop/s per process)    42%    2009.2 sec left
CG set 2296 / 5384    582.6482 GFlop/s     (582.6482 GFlop/s per process)    42%    2008.5 sec left
CG set 2297 / 5384    582.6509 GFlop/s     (582.6509 GFlop/s per process)    42%    2007.8 sec left
CG set 2298 / 5384    582.6627 GFlop/s     (582.6627 GFlop/s per process)    42%    2007.1 sec left
CG set 2299 / 5384    582.6650 GFlop/s     (582.6650 GFlop/s per process)    42%    2006.4 sec left
CG set 2300 / 5384    582.6673 GFlop/s     (582.6673 GFlop/s per process)    42%    2005.7 sec left
CG set 2301 / 5384    582.6699 GFlop/s     (582.6699 GFlop/s per process)    42%    2005.1 sec left
CG set 2302 / 5384    582.6729 GFlop/s     (582.6729 GFlop/s per process)    42%    2004.4 sec left
CG set 2303 / 5384    582.6755 GFlop/s     (582.6755 GFlop/s per process)    42%    2003.7 sec left
CG set 2304 / 5384    582.6794 GFlop/s     (582.6794 GFlop/s per process)    42%    2003.0 sec left
CG set 2305 / 5384    582.6832 GFlop/s     (582.6832 GFlop/s per process)    42%    2002.3 sec left
CG set 2306 / 5384    582.6879 GFlop/s     (582.6879 GFlop/s per process)    42%    2001.6 sec left
CG set 2307 / 5384    582.6989 GFlop/s     (582.6989 GFlop/s per process)    42%    2001.0 sec left
CG set 2308 / 5384    582.7020 GFlop/s     (582.7020 GFlop/s per process)    42%    2000.3 sec left
CG set 2309 / 5384    582.7062 GFlop/s     (582.7062 GFlop/s per process)    42%    1999.6 sec left
CG set 2310 / 5384    582.7102 GFlop/s     (582.7102 GFlop/s per process)    42%    1998.9 sec left
CG set 2311 / 5384    582.7140 GFlop/s     (582.7140 GFlop/s per process)    42%    1998.3 sec left
CG set 2312 / 5384    582.7181 GFlop/s     (582.7181 GFlop/s per process)    42%    1997.6 sec left
CG set 2313 / 5384    582.7199 GFlop/s     (582.7199 GFlop/s per process)    42%    1996.9 sec left
CG set 2314 / 5384    582.7227 GFlop/s     (582.7227 GFlop/s per process)    42%    1996.2 sec left
CG set 2315 / 5384    582.7254 GFlop/s     (582.7254 GFlop/s per process)    42%    1995.5 sec left
CG set 2316 / 5384    582.7364 GFlop/s     (582.7364 GFlop/s per process)    43%    1994.8 sec left
CG set 2317 / 5384    582.7378 GFlop/s     (582.7378 GFlop/s per process)    43%    1994.2 sec left
CG set 2318 / 5384    582.7399 GFlop/s     (582.7399 GFlop/s per process)    43%    1993.5 sec left
CG set 2319 / 5384    582.7424 GFlop/s     (582.7424 GFlop/s per process)    43%    1992.8 sec left
CG set 2320 / 5384    582.7444 GFlop/s     (582.7444 GFlop/s per process)    43%    1992.1 sec left
CG set 2321 / 5384    582.7466 GFlop/s     (582.7466 GFlop/s per process)    43%    1991.4 sec left
CG set 2322 / 5384    582.7486 GFlop/s     (582.7486 GFlop/s per process)    43%    1990.7 sec left
CG set 2323 / 5384    582.7507 GFlop/s     (582.7507 GFlop/s per process)    43%    1990.0 sec left
CG set 2324 / 5384    582.7533 GFlop/s     (582.7533 GFlop/s per process)    43%    1989.4 sec left
CG set 2325 / 5384    582.7646 GFlop/s     (582.7646 GFlop/s per process)    43%    1988.7 sec left
CG set 2326 / 5384    582.7654 GFlop/s     (582.7654 GFlop/s per process)    43%    1988.0 sec left
CG set 2327 / 5384    582.7681 GFlop/s     (582.7681 GFlop/s per process)    43%    1987.3 sec left
CG set 2328 / 5384    582.7700 GFlop/s     (582.7700 GFlop/s per process)    43%    1986.6 sec left
CG set 2329 / 5384    582.7776 GFlop/s     (582.7776 GFlop/s per process)    43%    1986.0 sec left
CG set 2330 / 5384    582.7834 GFlop/s     (582.7834 GFlop/s per process)    43%    1985.3 sec left
CG set 2331 / 5384    582.7882 GFlop/s     (582.7882 GFlop/s per process)    43%    1984.6 sec left
CG set 2332 / 5384    582.7993 GFlop/s     (582.7993 GFlop/s per process)    43%    1983.9 sec left
CG set 2333 / 5384    582.8071 GFlop/s     (582.8071 GFlop/s per process)    43%    1983.3 sec left
CG set 2334 / 5384    582.8182 GFlop/s     (582.8182 GFlop/s per process)    43%    1982.6 sec left
CG set 2335 / 5384    582.8247 GFlop/s     (582.8247 GFlop/s per process)    43%    1981.9 sec left
CG set 2336 / 5384    582.8282 GFlop/s     (582.8282 GFlop/s per process)    43%    1981.2 sec left
CG set 2337 / 5384    582.8341 GFlop/s     (582.8341 GFlop/s per process)    43%    1980.6 sec left
CG set 2338 / 5384    582.8355 GFlop/s     (582.8355 GFlop/s per process)    43%    1979.9 sec left
CG set 2339 / 5384    582.8369 GFlop/s     (582.8369 GFlop/s per process)    43%    1979.2 sec left
CG set 2340 / 5384    582.8382 GFlop/s     (582.8382 GFlop/s per process)    43%    1978.5 sec left
CG set 2341 / 5384    582.8404 GFlop/s     (582.8404 GFlop/s per process)    43%    1977.8 sec left
CG set 2342 / 5384    582.8510 GFlop/s     (582.8510 GFlop/s per process)    43%    1977.2 sec left
CG set 2343 / 5384    582.8516 GFlop/s     (582.8516 GFlop/s per process)    43%    1976.5 sec left
CG set 2344 / 5384    582.8537 GFlop/s     (582.8537 GFlop/s per process)    43%    1975.8 sec left
CG set 2345 / 5384    582.8568 GFlop/s     (582.8568 GFlop/s per process)    43%    1975.1 sec left
CG set 2346 / 5384    582.8629 GFlop/s     (582.8629 GFlop/s per process)    43%    1974.4 sec left
CG set 2347 / 5384    582.8652 GFlop/s     (582.8652 GFlop/s per process)    43%    1973.7 sec left
CG set 2348 / 5384    582.8671 GFlop/s     (582.8671 GFlop/s per process)    43%    1973.0 sec left
CG set 2349 / 5384    582.8701 GFlop/s     (582.8701 GFlop/s per process)    43%    1972.4 sec left
CG set 2350 / 5384    582.8724 GFlop/s     (582.8724 GFlop/s per process)    43%    1971.7 sec left
CG set 2351 / 5384    582.8837 GFlop/s     (582.8837 GFlop/s per process)    43%    1971.0 sec left
CG set 2352 / 5384    582.8846 GFlop/s     (582.8846 GFlop/s per process)    43%    1970.3 sec left
CG set 2353 / 5384    582.8855 GFlop/s     (582.8855 GFlop/s per process)    43%    1969.6 sec left
CG set 2354 / 5384    582.8868 GFlop/s     (582.8868 GFlop/s per process)    43%    1968.9 sec left
CG set 2355 / 5384    582.8878 GFlop/s     (582.8878 GFlop/s per process)    43%    1968.2 sec left
CG set 2356 / 5384    582.8893 GFlop/s     (582.8893 GFlop/s per process)    43%    1967.6 sec left
CG set 2357 / 5384    582.8904 GFlop/s     (582.8904 GFlop/s per process)    43%    1966.9 sec left
CG set 2358 / 5384    582.8919 GFlop/s     (582.8919 GFlop/s per process)    43%    1966.2 sec left
CG set 2359 / 5384    582.8889 GFlop/s     (582.8889 GFlop/s per process)    43%    1965.5 sec left
CG set 2360 / 5384    582.8899 GFlop/s     (582.8899 GFlop/s per process)    43%    1964.8 sec left
CG set 2361 / 5384    582.9009 GFlop/s     (582.9009 GFlop/s per process)    43%    1964.1 sec left
CG set 2362 / 5384    582.9039 GFlop/s     (582.9039 GFlop/s per process)    43%    1963.4 sec left
CG set 2363 / 5384    582.9059 GFlop/s     (582.9059 GFlop/s per process)    43%    1962.8 sec left
CG set 2364 / 5384    582.9071 GFlop/s     (582.9071 GFlop/s per process)    43%    1962.1 sec left
CG set 2365 / 5384    582.9038 GFlop/s     (582.9038 GFlop/s per process)    43%    1961.4 sec left
CG set 2366 / 5384    582.9046 GFlop/s     (582.9046 GFlop/s per process)    43%    1960.7 sec left
CG set 2367 / 5384    582.9066 GFlop/s     (582.9066 GFlop/s per process)    43%    1960.0 sec left
CG set 2368 / 5384    582.9091 GFlop/s     (582.9091 GFlop/s per process)    43%    1959.3 sec left
CG set 2369 / 5384    582.9115 GFlop/s     (582.9115 GFlop/s per process)    44%    1958.6 sec left
CG set 2370 / 5384    582.9230 GFlop/s     (582.9230 GFlop/s per process)    44%    1958.0 sec left
CG set 2371 / 5384    582.9253 GFlop/s     (582.9253 GFlop/s per process)    44%    1957.3 sec left
CG set 2372 / 5384    582.9265 GFlop/s     (582.9265 GFlop/s per process)    44%    1956.6 sec left
CG set 2373 / 5384    582.9274 GFlop/s     (582.9274 GFlop/s per process)    44%    1955.9 sec left
CG set 2374 / 5384    582.9290 GFlop/s     (582.9290 GFlop/s per process)    44%    1955.2 sec left
CG set 2375 / 5384    582.9298 GFlop/s     (582.9298 GFlop/s per process)    44%    1954.5 sec left
CG set 2376 / 5384    582.9321 GFlop/s     (582.9321 GFlop/s per process)    44%    1953.8 sec left
CG set 2377 / 5384    582.9354 GFlop/s     (582.9354 GFlop/s per process)    44%    1953.1 sec left
CG set 2378 / 5384    582.9359 GFlop/s     (582.9359 GFlop/s per process)    44%    1952.4 sec left
CG set 2379 / 5384    582.9474 GFlop/s     (582.9474 GFlop/s per process)    44%    1951.8 sec left
CG set 2380 / 5384    582.9493 GFlop/s     (582.9493 GFlop/s per process)    44%    1951.1 sec left
CG set 2381 / 5384    582.9510 GFlop/s     (582.9510 GFlop/s per process)    44%    1950.4 sec left
CG set 2382 / 5384    582.9527 GFlop/s     (582.9527 GFlop/s per process)    44%    1949.7 sec left
CG set 2383 / 5384    582.9547 GFlop/s     (582.9547 GFlop/s per process)    44%    1949.0 sec left
CG set 2384 / 5384    582.9583 GFlop/s     (582.9583 GFlop/s per process)    44%    1948.4 sec left
CG set 2385 / 5384    582.9617 GFlop/s     (582.9617 GFlop/s per process)    44%    1947.7 sec left
CG set 2386 / 5384    582.9637 GFlop/s     (582.9637 GFlop/s per process)    44%    1947.0 sec left
CG set 2387 / 5384    582.9666 GFlop/s     (582.9666 GFlop/s per process)    44%    1946.3 sec left
CG set 2388 / 5384    582.9780 GFlop/s     (582.9780 GFlop/s per process)    44%    1945.6 sec left
CG set 2389 / 5384    582.9806 GFlop/s     (582.9806 GFlop/s per process)    44%    1945.0 sec left
CG set 2390 / 5384    582.9834 GFlop/s     (582.9834 GFlop/s per process)    44%    1944.3 sec left
CG set 2391 / 5384    582.9860 GFlop/s     (582.9860 GFlop/s per process)    44%    1943.6 sec left
CG set 2392 / 5384    582.9889 GFlop/s     (582.9889 GFlop/s per process)    44%    1942.9 sec left
CG set 2393 / 5384    582.9917 GFlop/s     (582.9917 GFlop/s per process)    44%    1942.2 sec left
CG set 2394 / 5384    582.9954 GFlop/s     (582.9954 GFlop/s per process)    44%    1941.5 sec left
CG set 2395 / 5384    582.9973 GFlop/s     (582.9973 GFlop/s per process)    44%    1940.8 sec left
CG set 2396 / 5384    582.9998 GFlop/s     (582.9998 GFlop/s per process)    44%    1940.2 sec left
CG set 2397 / 5384    583.0112 GFlop/s     (583.0112 GFlop/s per process)    44%    1939.5 sec left
CG set 2398 / 5384    583.0140 GFlop/s     (583.0140 GFlop/s per process)    44%    1938.8 sec left
CG set 2399 / 5384    583.0169 GFlop/s     (583.0169 GFlop/s per process)    44%    1938.1 sec left
CG set 2400 / 5384    583.0192 GFlop/s     (583.0192 GFlop/s per process)    44%    1937.4 sec left
CG set 2401 / 5384    583.0219 GFlop/s     (583.0219 GFlop/s per process)    44%    1936.8 sec left
CG set 2402 / 5384    583.0247 GFlop/s     (583.0247 GFlop/s per process)    44%    1936.1 sec left
CG set 2403 / 5384    583.0279 GFlop/s     (583.0279 GFlop/s per process)    44%    1935.4 sec left
CG set 2404 / 5384    583.0300 GFlop/s     (583.0300 GFlop/s per process)    44%    1934.7 sec left
CG set 2405 / 5384    583.0325 GFlop/s     (583.0325 GFlop/s per process)    44%    1934.0 sec left
CG set 2406 / 5384    583.0442 GFlop/s     (583.0442 GFlop/s per process)    44%    1933.4 sec left
CG set 2407 / 5384    583.0475 GFlop/s     (583.0475 GFlop/s per process)    44%    1932.7 sec left
CG set 2408 / 5384    583.0545 GFlop/s     (583.0545 GFlop/s per process)    44%    1932.0 sec left
CG set 2409 / 5384    583.0597 GFlop/s     (583.0597 GFlop/s per process)    44%    1931.3 sec left
CG set 2410 / 5384    583.0641 GFlop/s     (583.0641 GFlop/s per process)    44%    1930.7 sec left
CG set 2411 / 5384    583.0759 GFlop/s     (583.0759 GFlop/s per process)    44%    1930.0 sec left
CG set 2412 / 5384    583.0829 GFlop/s     (583.0829 GFlop/s per process)    44%    1929.3 sec left
CG set 2413 / 5384    583.0884 GFlop/s     (583.0884 GFlop/s per process)    44%    1928.6 sec left
CG set 2414 / 5384    583.1000 GFlop/s     (583.1000 GFlop/s per process)    44%    1928.0 sec left
CG set 2415 / 5384    583.1032 GFlop/s     (583.1032 GFlop/s per process)    44%    1927.3 sec left
CG set 2416 / 5384    583.1084 GFlop/s     (583.1084 GFlop/s per process)    44%    1926.6 sec left
CG set 2417 / 5384    583.1100 GFlop/s     (583.1100 GFlop/s per process)    44%    1925.9 sec left
CG set 2418 / 5384    583.1111 GFlop/s     (583.1111 GFlop/s per process)    44%    1925.2 sec left
CG set 2419 / 5384    583.1139 GFlop/s     (583.1139 GFlop/s per process)    44%    1924.6 sec left
CG set 2420 / 5384    583.1165 GFlop/s     (583.1165 GFlop/s per process)    44%    1923.9 sec left
CG set 2421 / 5384    583.1192 GFlop/s     (583.1192 GFlop/s per process)    44%    1923.2 sec left
CG set 2422 / 5384    583.1225 GFlop/s     (583.1225 GFlop/s per process)    44%    1922.5 sec left
CG set 2423 / 5384    583.1342 GFlop/s     (583.1342 GFlop/s per process)    45%    1921.8 sec left
CG set 2424 / 5384    583.1381 GFlop/s     (583.1381 GFlop/s per process)    45%    1921.2 sec left
CG set 2425 / 5384    583.1452 GFlop/s     (583.1452 GFlop/s per process)    45%    1920.5 sec left
CG set 2426 / 5384    583.1486 GFlop/s     (583.1486 GFlop/s per process)    45%    1919.8 sec left
CG set 2427 / 5384    583.1516 GFlop/s     (583.1516 GFlop/s per process)    45%    1919.1 sec left
CG set 2428 / 5384    583.1554 GFlop/s     (583.1554 GFlop/s per process)    45%    1918.4 sec left
CG set 2429 / 5384    583.1589 GFlop/s     (583.1589 GFlop/s per process)    45%    1917.8 sec left
CG set 2430 / 5384    583.1616 GFlop/s     (583.1616 GFlop/s per process)    45%    1917.1 sec left
CG set 2431 / 5384    583.1649 GFlop/s     (583.1649 GFlop/s per process)    45%    1916.4 sec left
CG set 2432 / 5384    583.1764 GFlop/s     (583.1764 GFlop/s per process)    45%    1915.7 sec left
CG set 2433 / 5384    583.1793 GFlop/s     (583.1793 GFlop/s per process)    45%    1915.1 sec left
CG set 2434 / 5384    583.1825 GFlop/s     (583.1825 GFlop/s per process)    45%    1914.4 sec left
CG set 2435 / 5384    583.1866 GFlop/s     (583.1866 GFlop/s per process)    45%    1913.7 sec left
CG set 2436 / 5384    583.1895 GFlop/s     (583.1895 GFlop/s per process)    45%    1913.0 sec left
CG set 2437 / 5384    583.1934 GFlop/s     (583.1934 GFlop/s per process)    45%    1912.3 sec left
CG set 2438 / 5384    583.1964 GFlop/s     (583.1964 GFlop/s per process)    45%    1911.6 sec left
CG set 2439 / 5384    583.1992 GFlop/s     (583.1992 GFlop/s per process)    45%    1911.0 sec left
CG set 2440 / 5384    583.2110 GFlop/s     (583.2110 GFlop/s per process)    45%    1910.3 sec left
CG set 2441 / 5384    583.2144 GFlop/s     (583.2144 GFlop/s per process)    45%    1909.6 sec left
CG set 2442 / 5384    583.2180 GFlop/s     (583.2180 GFlop/s per process)    45%    1908.9 sec left
CG set 2443 / 5384    583.2207 GFlop/s     (583.2207 GFlop/s per process)    45%    1908.3 sec left
CG set 2444 / 5384    583.2229 GFlop/s     (583.2229 GFlop/s per process)    45%    1907.6 sec left
CG set 2445 / 5384    583.2252 GFlop/s     (583.2252 GFlop/s per process)    45%    1906.9 sec left
CG set 2446 / 5384    583.2294 GFlop/s     (583.2294 GFlop/s per process)    45%    1906.2 sec left
CG set 2447 / 5384    583.2340 GFlop/s     (583.2340 GFlop/s per process)    45%    1905.5 sec left
CG set 2448 / 5384    583.2375 GFlop/s     (583.2375 GFlop/s per process)    45%    1904.8 sec left
CG set 2449 / 5384    583.2492 GFlop/s     (583.2492 GFlop/s per process)    45%    1904.2 sec left
CG set 2450 / 5384    583.2534 GFlop/s     (583.2534 GFlop/s per process)    45%    1903.5 sec left
CG set 2451 / 5384    583.2563 GFlop/s     (583.2563 GFlop/s per process)    45%    1902.8 sec left
CG set 2452 / 5384    583.2596 GFlop/s     (583.2596 GFlop/s per process)    45%    1902.1 sec left
CG set 2453 / 5384    583.2633 GFlop/s     (583.2633 GFlop/s per process)    45%    1901.5 sec left
CG set 2454 / 5384    583.2649 GFlop/s     (583.2649 GFlop/s per process)    45%    1900.8 sec left
CG set 2455 / 5384    583.2675 GFlop/s     (583.2675 GFlop/s per process)    45%    1900.1 sec left
CG set 2456 / 5384    583.2704 GFlop/s     (583.2704 GFlop/s per process)    45%    1899.4 sec left
CG set 2457 / 5384    583.2720 GFlop/s     (583.2720 GFlop/s per process)    45%    1898.7 sec left
CG set 2458 / 5384    583.2837 GFlop/s     (583.2837 GFlop/s per process)    45%    1898.1 sec left
CG set 2459 / 5384    583.2850 GFlop/s     (583.2850 GFlop/s per process)    45%    1897.4 sec left
CG set 2460 / 5384    583.2870 GFlop/s     (583.2870 GFlop/s per process)    45%    1896.7 sec left
CG set 2461 / 5384    583.2892 GFlop/s     (583.2892 GFlop/s per process)    45%    1896.0 sec left
CG set 2462 / 5384    583.2915 GFlop/s     (583.2915 GFlop/s per process)    45%    1895.3 sec left
CG set 2463 / 5384    583.2939 GFlop/s     (583.2939 GFlop/s per process)    45%    1894.6 sec left
CG set 2464 / 5384    583.2974 GFlop/s     (583.2974 GFlop/s per process)    45%    1893.9 sec left
CG set 2465 / 5384    583.3007 GFlop/s     (583.3007 GFlop/s per process)    45%    1893.3 sec left
CG set 2466 / 5384    583.3037 GFlop/s     (583.3037 GFlop/s per process)    45%    1892.6 sec left
CG set 2467 / 5384    583.3154 GFlop/s     (583.3154 GFlop/s per process)    45%    1891.9 sec left
CG set 2468 / 5384    583.3183 GFlop/s     (583.3183 GFlop/s per process)    45%    1891.2 sec left
CG set 2469 / 5384    583.3216 GFlop/s     (583.3216 GFlop/s per process)    45%    1890.5 sec left
CG set 2470 / 5384    583.3245 GFlop/s     (583.3245 GFlop/s per process)    45%    1889.9 sec left
CG set 2471 / 5384    583.3280 GFlop/s     (583.3280 GFlop/s per process)    45%    1889.2 sec left
CG set 2472 / 5384    583.3314 GFlop/s     (583.3314 GFlop/s per process)    45%    1888.5 sec left
CG set 2473 / 5384    583.3351 GFlop/s     (583.3351 GFlop/s per process)    45%    1887.8 sec left
CG set 2474 / 5384    583.3375 GFlop/s     (583.3375 GFlop/s per process)    45%    1887.1 sec left
CG set 2475 / 5384    583.3398 GFlop/s     (583.3398 GFlop/s per process)    45%    1886.4 sec left
CG set 2476 / 5384    583.3512 GFlop/s     (583.3512 GFlop/s per process)    45%    1885.8 sec left
CG set 2477 / 5384    583.3540 GFlop/s     (583.3540 GFlop/s per process)    46%    1885.1 sec left
CG set 2478 / 5384    583.3570 GFlop/s     (583.3570 GFlop/s per process)    46%    1884.4 sec left
CG set 2479 / 5384    583.3598 GFlop/s     (583.3598 GFlop/s per process)    46%    1883.7 sec left
CG set 2480 / 5384    583.3627 GFlop/s     (583.3627 GFlop/s per process)    46%    1883.1 sec left
CG set 2481 / 5384    583.3654 GFlop/s     (583.3654 GFlop/s per process)    46%    1882.4 sec left
CG set 2482 / 5384    583.3688 GFlop/s     (583.3688 GFlop/s per process)    46%    1881.7 sec left
CG set 2483 / 5384    583.3713 GFlop/s     (583.3713 GFlop/s per process)    46%    1881.0 sec left
CG set 2484 / 5384    583.3827 GFlop/s     (583.3827 GFlop/s per process)    46%    1880.3 sec left
CG set 2485 / 5384    583.3851 GFlop/s     (583.3851 GFlop/s per process)    46%    1879.7 sec left
CG set 2486 / 5384    583.3886 GFlop/s     (583.3886 GFlop/s per process)    46%    1879.0 sec left
CG set 2487 / 5384    583.3956 GFlop/s     (583.3956 GFlop/s per process)    46%    1878.3 sec left
CG set 2488 / 5384    583.4010 GFlop/s     (583.4010 GFlop/s per process)    46%    1877.6 sec left
CG set 2489 / 5384    583.4060 GFlop/s     (583.4060 GFlop/s per process)    46%    1877.0 sec left
CG set 2490 / 5384    583.4177 GFlop/s     (583.4177 GFlop/s per process)    46%    1876.3 sec left
CG set 2491 / 5384    583.4267 GFlop/s     (583.4267 GFlop/s per process)    46%    1875.6 sec left
CG set 2492 / 5384    583.4381 GFlop/s     (583.4381 GFlop/s per process)    46%    1875.0 sec left
CG set 2493 / 5384    583.4447 GFlop/s     (583.4447 GFlop/s per process)    46%    1874.3 sec left
CG set 2494 / 5384    583.4493 GFlop/s     (583.4493 GFlop/s per process)    46%    1873.6 sec left
CG set 2495 / 5384    583.4559 GFlop/s     (583.4559 GFlop/s per process)    46%    1872.9 sec left
CG set 2496 / 5384    583.4587 GFlop/s     (583.4587 GFlop/s per process)    46%    1872.3 sec left
CG set 2497 / 5384    583.4613 GFlop/s     (583.4613 GFlop/s per process)    46%    1871.6 sec left
CG set 2498 / 5384    583.4639 GFlop/s     (583.4639 GFlop/s per process)    46%    1870.9 sec left
CG set 2499 / 5384    583.4664 GFlop/s     (583.4664 GFlop/s per process)    46%    1870.2 sec left
CG set 2500 / 5384    583.4684 GFlop/s     (583.4684 GFlop/s per process)    46%    1869.5 sec left
CG set 2501 / 5384    583.4802 GFlop/s     (583.4802 GFlop/s per process)    46%    1868.9 sec left
CG set 2502 / 5384    583.4823 GFlop/s     (583.4823 GFlop/s per process)    46%    1868.2 sec left
CG set 2503 / 5384    583.4850 GFlop/s     (583.4850 GFlop/s per process)    46%    1867.5 sec left
CG set 2504 / 5384    583.4909 GFlop/s     (583.4909 GFlop/s per process)    46%    1866.8 sec left
CG set 2505 / 5384    583.4927 GFlop/s     (583.4927 GFlop/s per process)    46%    1866.1 sec left
CG set 2506 / 5384    583.4942 GFlop/s     (583.4942 GFlop/s per process)    46%    1865.4 sec left
CG set 2507 / 5384    583.4972 GFlop/s     (583.4972 GFlop/s per process)    46%    1864.8 sec left
CG set 2508 / 5384    583.4990 GFlop/s     (583.4990 GFlop/s per process)    46%    1864.1 sec left
CG set 2509 / 5384    583.5003 GFlop/s     (583.5003 GFlop/s per process)    46%    1863.4 sec left
CG set 2510 / 5384    583.5117 GFlop/s     (583.5117 GFlop/s per process)    46%    1862.7 sec left
CG set 2511 / 5384    583.5134 GFlop/s     (583.5134 GFlop/s per process)    46%    1862.0 sec left
CG set 2512 / 5384    583.5155 GFlop/s     (583.5155 GFlop/s per process)    46%    1861.4 sec left
CG set 2513 / 5384    583.5177 GFlop/s     (583.5177 GFlop/s per process)    46%    1860.7 sec left
CG set 2514 / 5384    583.5198 GFlop/s     (583.5198 GFlop/s per process)    46%    1860.0 sec left
CG set 2515 / 5384    583.5215 GFlop/s     (583.5215 GFlop/s per process)    46%    1859.3 sec left
CG set 2516 / 5384    583.5247 GFlop/s     (583.5247 GFlop/s per process)    46%    1858.6 sec left
CG set 2517 / 5384    583.5262 GFlop/s     (583.5262 GFlop/s per process)    46%    1857.9 sec left
CG set 2518 / 5384    583.5279 GFlop/s     (583.5279 GFlop/s per process)    46%    1857.2 sec left
CG set 2519 / 5384    583.5393 GFlop/s     (583.5393 GFlop/s per process)    46%    1856.6 sec left
CG set 2520 / 5384    583.5426 GFlop/s     (583.5426 GFlop/s per process)    46%    1855.9 sec left
CG set 2521 / 5384    583.5466 GFlop/s     (583.5466 GFlop/s per process)    46%    1855.2 sec left
CG set 2522 / 5384    583.5495 GFlop/s     (583.5495 GFlop/s per process)    46%    1854.5 sec left
CG set 2523 / 5384    583.5522 GFlop/s     (583.5522 GFlop/s per process)    46%    1853.9 sec left
CG set 2524 / 5384    583.5544 GFlop/s     (583.5544 GFlop/s per process)    46%    1853.2 sec left
CG set 2525 / 5384    583.5578 GFlop/s     (583.5578 GFlop/s per process)    46%    1852.5 sec left
CG set 2526 / 5384    583.5626 GFlop/s     (583.5626 GFlop/s per process)    46%    1851.8 sec left
CG set 2527 / 5384    583.5669 GFlop/s     (583.5669 GFlop/s per process)    46%    1851.1 sec left
CG set 2528 / 5384    583.5785 GFlop/s     (583.5785 GFlop/s per process)    46%    1850.5 sec left
CG set 2529 / 5384    583.5818 GFlop/s     (583.5818 GFlop/s per process)    46%    1849.8 sec left
CG set 2530 / 5384    583.5851 GFlop/s     (583.5851 GFlop/s per process)    46%    1849.1 sec left
CG set 2531 / 5384    583.5880 GFlop/s     (583.5880 GFlop/s per process)    47%    1848.4 sec left
CG set 2532 / 5384    583.5922 GFlop/s     (583.5922 GFlop/s per process)    47%    1847.7 sec left
CG set 2533 / 5384    583.5955 GFlop/s     (583.5955 GFlop/s per process)    47%    1847.1 sec left
CG set 2534 / 5384    583.5993 GFlop/s     (583.5993 GFlop/s per process)    47%    1846.4 sec left
CG set 2535 / 5384    583.6030 GFlop/s     (583.6030 GFlop/s per process)    47%    1845.7 sec left
CG set 2536 / 5384    583.6149 GFlop/s     (583.6149 GFlop/s per process)    47%    1845.1 sec left
CG set 2537 / 5384    583.6180 GFlop/s     (583.6180 GFlop/s per process)    47%    1844.4 sec left
CG set 2538 / 5384    583.6206 GFlop/s     (583.6206 GFlop/s per process)    47%    1843.7 sec left
CG set 2539 / 5384    583.6236 GFlop/s     (583.6236 GFlop/s per process)    47%    1843.0 sec left
CG set 2540 / 5384    583.6272 GFlop/s     (583.6272 GFlop/s per process)    47%    1842.3 sec left
CG set 2541 / 5384    583.6312 GFlop/s     (583.6312 GFlop/s per process)    47%    1841.6 sec left
CG set 2542 / 5384    583.6352 GFlop/s     (583.6352 GFlop/s per process)    47%    1841.0 sec left
CG set 2543 / 5384    583.6385 GFlop/s     (583.6385 GFlop/s per process)    47%    1840.3 sec left
CG set 2544 / 5384    583.6413 GFlop/s     (583.6413 GFlop/s per process)    47%    1839.6 sec left
CG set 2545 / 5384    583.6529 GFlop/s     (583.6529 GFlop/s per process)    47%    1838.9 sec left
CG set 2546 / 5384    583.6555 GFlop/s     (583.6555 GFlop/s per process)    47%    1838.3 sec left
CG set 2547 / 5384    583.6587 GFlop/s     (583.6587 GFlop/s per process)    47%    1837.6 sec left
CG set 2548 / 5384    583.6619 GFlop/s     (583.6619 GFlop/s per process)    47%    1836.9 sec left
CG set 2549 / 5384    583.6644 GFlop/s     (583.6644 GFlop/s per process)    47%    1836.2 sec left
CG set 2550 / 5384    583.6675 GFlop/s     (583.6675 GFlop/s per process)    47%    1835.5 sec left
CG set 2551 / 5384    583.6706 GFlop/s     (583.6706 GFlop/s per process)    47%    1834.8 sec left
CG set 2552 / 5384    583.6741 GFlop/s     (583.6741 GFlop/s per process)    47%    1834.2 sec left
CG set 2553 / 5384    583.6763 GFlop/s     (583.6763 GFlop/s per process)    47%    1833.5 sec left
CG set 2554 / 5384    583.6874 GFlop/s     (583.6874 GFlop/s per process)    47%    1832.8 sec left
CG set 2555 / 5384    583.6902 GFlop/s     (583.6902 GFlop/s per process)    47%    1832.1 sec left
CG set 2556 / 5384    583.6933 GFlop/s     (583.6933 GFlop/s per process)    47%    1831.5 sec left
CG set 2557 / 5384    583.6964 GFlop/s     (583.6964 GFlop/s per process)    47%    1830.8 sec left
CG set 2558 / 5384    583.6989 GFlop/s     (583.6989 GFlop/s per process)    47%    1830.1 sec left
CG set 2559 / 5384    583.7023 GFlop/s     (583.7023 GFlop/s per process)    47%    1829.4 sec left
CG set 2560 / 5384    583.7061 GFlop/s     (583.7061 GFlop/s per process)    47%    1828.7 sec left
CG set 2561 / 5384    583.7091 GFlop/s     (583.7091 GFlop/s per process)    47%    1828.0 sec left
CG set 2562 / 5384    583.7126 GFlop/s     (583.7126 GFlop/s per process)    47%    1827.4 sec left
CG set 2563 / 5384    583.7233 GFlop/s     (583.7233 GFlop/s per process)    47%    1826.7 sec left
CG set 2564 / 5384    583.7268 GFlop/s     (583.7268 GFlop/s per process)    47%    1826.0 sec left
CG set 2565 / 5384    583.7312 GFlop/s     (583.7312 GFlop/s per process)    47%    1825.3 sec left
CG set 2566 / 5384    583.7388 GFlop/s     (583.7388 GFlop/s per process)    47%    1824.7 sec left
CG set 2567 / 5384    583.7450 GFlop/s     (583.7450 GFlop/s per process)    47%    1824.0 sec left
CG set 2568 / 5384    583.7494 GFlop/s     (583.7494 GFlop/s per process)    47%    1823.3 sec left
CG set 2569 / 5384    583.7602 GFlop/s     (583.7602 GFlop/s per process)    47%    1822.7 sec left
CG set 2570 / 5384    583.7686 GFlop/s     (583.7686 GFlop/s per process)    47%    1822.0 sec left
CG set 2571 / 5384    583.7797 GFlop/s     (583.7797 GFlop/s per process)    47%    1821.3 sec left
CG set 2572 / 5384    583.7864 GFlop/s     (583.7864 GFlop/s per process)    47%    1820.7 sec left
CG set 2573 / 5384    583.7907 GFlop/s     (583.7907 GFlop/s per process)    47%    1820.0 sec left
CG set 2574 / 5384    583.7971 GFlop/s     (583.7971 GFlop/s per process)    47%    1819.3 sec left
CG set 2575 / 5384    583.8001 GFlop/s     (583.8001 GFlop/s per process)    47%    1818.6 sec left
CG set 2576 / 5384    583.8023 GFlop/s     (583.8023 GFlop/s per process)    47%    1817.9 sec left
CG set 2577 / 5384    583.8051 GFlop/s     (583.8051 GFlop/s per process)    47%    1817.3 sec left
CG set 2578 / 5384    583.8075 GFlop/s     (583.8075 GFlop/s per process)    47%    1816.6 sec left
CG set 2579 / 5384    583.8091 GFlop/s     (583.8091 GFlop/s per process)    47%    1815.9 sec left
CG set 2580 / 5384    583.8200 GFlop/s     (583.8200 GFlop/s per process)    47%    1815.2 sec left
CG set 2581 / 5384    583.8233 GFlop/s     (583.8233 GFlop/s per process)    47%    1814.6 sec left
CG set 2582 / 5384    583.8267 GFlop/s     (583.8267 GFlop/s per process)    47%    1813.9 sec left
CG set 2583 / 5384    583.8322 GFlop/s     (583.8322 GFlop/s per process)    47%    1813.2 sec left
CG set 2584 / 5384    583.8350 GFlop/s     (583.8350 GFlop/s per process)    47%    1812.5 sec left
CG set 2585 / 5384    583.8373 GFlop/s     (583.8373 GFlop/s per process)    48%    1811.8 sec left
CG set 2586 / 5384    583.8414 GFlop/s     (583.8414 GFlop/s per process)    48%    1811.2 sec left
CG set 2587 / 5384    583.8442 GFlop/s     (583.8442 GFlop/s per process)    48%    1810.5 sec left
CG set 2588 / 5384    583.8466 GFlop/s     (583.8466 GFlop/s per process)    48%    1809.8 sec left
CG set 2589 / 5384    583.8573 GFlop/s     (583.8573 GFlop/s per process)    48%    1809.1 sec left
CG set 2590 / 5384    583.8597 GFlop/s     (583.8597 GFlop/s per process)    48%    1808.4 sec left
CG set 2591 / 5384    583.8625 GFlop/s     (583.8625 GFlop/s per process)    48%    1807.8 sec left
CG set 2592 / 5384    583.8654 GFlop/s     (583.8654 GFlop/s per process)    48%    1807.1 sec left
CG set 2593 / 5384    583.8684 GFlop/s     (583.8684 GFlop/s per process)    48%    1806.4 sec left
CG set 2594 / 5384    583.8712 GFlop/s     (583.8712 GFlop/s per process)    48%    1805.7 sec left
CG set 2595 / 5384    583.8732 GFlop/s     (583.8732 GFlop/s per process)    48%    1805.0 sec left
CG set 2596 / 5384    583.8756 GFlop/s     (583.8756 GFlop/s per process)    48%    1804.3 sec left
CG set 2597 / 5384    583.8780 GFlop/s     (583.8780 GFlop/s per process)    48%    1803.7 sec left
CG set 2598 / 5384    583.8884 GFlop/s     (583.8884 GFlop/s per process)    48%    1803.0 sec left
CG set 2599 / 5384    583.8909 GFlop/s     (583.8909 GFlop/s per process)    48%    1802.3 sec left
CG set 2600 / 5384    583.8945 GFlop/s     (583.8945 GFlop/s per process)    48%    1801.6 sec left
CG set 2601 / 5384    583.8956 GFlop/s     (583.8956 GFlop/s per process)    48%    1800.9 sec left
CG set 2602 / 5384    583.8979 GFlop/s     (583.8979 GFlop/s per process)    48%    1800.3 sec left
CG set 2603 / 5384    583.8998 GFlop/s     (583.8998 GFlop/s per process)    48%    1799.6 sec left
CG set 2604 / 5384    583.9039 GFlop/s     (583.9039 GFlop/s per process)    48%    1798.9 sec left
CG set 2605 / 5384    583.9072 GFlop/s     (583.9072 GFlop/s per process)    48%    1798.2 sec left
CG set 2606 / 5384    583.9113 GFlop/s     (583.9113 GFlop/s per process)    48%    1797.5 sec left
CG set 2607 / 5384    583.9215 GFlop/s     (583.9215 GFlop/s per process)    48%    1796.9 sec left
CG set 2608 / 5384    583.9250 GFlop/s     (583.9250 GFlop/s per process)    48%    1796.2 sec left
CG set 2609 / 5384    583.9278 GFlop/s     (583.9278 GFlop/s per process)    48%    1795.5 sec left
CG set 2610 / 5384    583.9300 GFlop/s     (583.9300 GFlop/s per process)    48%    1794.8 sec left
CG set 2611 / 5384    583.9333 GFlop/s     (583.9333 GFlop/s per process)    48%    1794.1 sec left
CG set 2612 / 5384    583.9347 GFlop/s     (583.9347 GFlop/s per process)    48%    1793.5 sec left
CG set 2613 / 5384    583.9378 GFlop/s     (583.9378 GFlop/s per process)    48%    1792.8 sec left
CG set 2614 / 5384    583.9399 GFlop/s     (583.9399 GFlop/s per process)    48%    1792.1 sec left
CG set 2615 / 5384    583.9423 GFlop/s     (583.9423 GFlop/s per process)    48%    1791.4 sec left
CG set 2616 / 5384    583.9451 GFlop/s     (583.9451 GFlop/s per process)    48%    1790.7 sec left
CG set 2617 / 5384    583.9554 GFlop/s     (583.9554 GFlop/s per process)    48%    1790.1 sec left
CG set 2618 / 5384    583.9572 GFlop/s     (583.9572 GFlop/s per process)    48%    1789.4 sec left
CG set 2619 / 5384    583.9598 GFlop/s     (583.9598 GFlop/s per process)    48%    1788.7 sec left
CG set 2620 / 5384    583.9631 GFlop/s     (583.9631 GFlop/s per process)    48%    1788.0 sec left
CG set 2621 / 5384    583.9655 GFlop/s     (583.9655 GFlop/s per process)    48%    1787.3 sec left
CG set 2622 / 5384    583.9694 GFlop/s     (583.9694 GFlop/s per process)    48%    1786.7 sec left
CG set 2623 / 5384    583.9725 GFlop/s     (583.9725 GFlop/s per process)    48%    1786.0 sec left
CG set 2624 / 5384    583.9758 GFlop/s     (583.9758 GFlop/s per process)    48%    1785.3 sec left
CG set 2625 / 5384    583.9787 GFlop/s     (583.9787 GFlop/s per process)    48%    1784.6 sec left
CG set 2626 / 5384    583.9891 GFlop/s     (583.9891 GFlop/s per process)    48%    1783.9 sec left
CG set 2627 / 5384    583.9924 GFlop/s     (583.9924 GFlop/s per process)    48%    1783.3 sec left
CG set 2628 / 5384    583.9956 GFlop/s     (583.9956 GFlop/s per process)    48%    1782.6 sec left
CG set 2629 / 5384    583.9995 GFlop/s     (583.9995 GFlop/s per process)    48%    1781.9 sec left
CG set 2630 / 5384    584.0016 GFlop/s     (584.0016 GFlop/s per process)    48%    1781.2 sec left
CG set 2631 / 5384    584.0051 GFlop/s     (584.0051 GFlop/s per process)    48%    1780.5 sec left
CG set 2632 / 5384    584.0075 GFlop/s     (584.0075 GFlop/s per process)    48%    1779.9 sec left
CG set 2633 / 5384    584.0110 GFlop/s     (584.0110 GFlop/s per process)    48%    1779.2 sec left
CG set 2634 / 5384    584.0140 GFlop/s     (584.0140 GFlop/s per process)    48%    1778.5 sec left
CG set 2635 / 5384    584.0237 GFlop/s     (584.0237 GFlop/s per process)    48%    1777.8 sec left
CG set 2636 / 5384    584.0266 GFlop/s     (584.0266 GFlop/s per process)    48%    1777.2 sec left
CG set 2637 / 5384    584.0296 GFlop/s     (584.0296 GFlop/s per process)    48%    1776.5 sec left
CG set 2638 / 5384    584.0326 GFlop/s     (584.0326 GFlop/s per process)    48%    1775.8 sec left
CG set 2639 / 5384    584.0355 GFlop/s     (584.0355 GFlop/s per process)    49%    1775.1 sec left
CG set 2640 / 5384    584.0389 GFlop/s     (584.0389 GFlop/s per process)    49%    1774.4 sec left
CG set 2641 / 5384    584.0416 GFlop/s     (584.0416 GFlop/s per process)    49%    1773.7 sec left
CG set 2642 / 5384    584.0441 GFlop/s     (584.0441 GFlop/s per process)    49%    1773.1 sec left
CG set 2643 / 5384    584.0460 GFlop/s     (584.0460 GFlop/s per process)    49%    1772.4 sec left
CG set 2644 / 5384    584.0559 GFlop/s     (584.0559 GFlop/s per process)    49%    1771.7 sec left
CG set 2645 / 5384    584.0628 GFlop/s     (584.0628 GFlop/s per process)    49%    1771.0 sec left
CG set 2646 / 5384    584.0679 GFlop/s     (584.0679 GFlop/s per process)    49%    1770.4 sec left
CG set 2647 / 5384    584.0722 GFlop/s     (584.0722 GFlop/s per process)    49%    1769.7 sec left
CG set 2648 / 5384    584.0819 GFlop/s     (584.0819 GFlop/s per process)    49%    1769.0 sec left
CG set 2649 / 5384    584.0886 GFlop/s     (584.0886 GFlop/s per process)    49%    1768.4 sec left
CG set 2650 / 5384    584.0947 GFlop/s     (584.0947 GFlop/s per process)    49%    1767.7 sec left
CG set 2651 / 5384    584.0966 GFlop/s     (584.0966 GFlop/s per process)    49%    1767.0 sec left
CG set 2652 / 5384    584.1060 GFlop/s     (584.1060 GFlop/s per process)    49%    1766.3 sec left
CG set 2653 / 5384    584.1115 GFlop/s     (584.1115 GFlop/s per process)    49%    1765.7 sec left
CG set 2654 / 5384    584.1136 GFlop/s     (584.1136 GFlop/s per process)    49%    1765.0 sec left
CG set 2655 / 5384    584.1144 GFlop/s     (584.1144 GFlop/s per process)    49%    1764.3 sec left
CG set 2656 / 5384    584.1158 GFlop/s     (584.1158 GFlop/s per process)    49%    1763.6 sec left
CG set 2657 / 5384    584.1161 GFlop/s     (584.1161 GFlop/s per process)    49%    1762.9 sec left
CG set 2658 / 5384    584.1175 GFlop/s     (584.1175 GFlop/s per process)    49%    1762.2 sec left
CG set 2659 / 5384    584.1195 GFlop/s     (584.1195 GFlop/s per process)    49%    1761.5 sec left
CG set 2660 / 5384    584.1203 GFlop/s     (584.1203 GFlop/s per process)    49%    1760.9 sec left
CG set 2661 / 5384    584.1261 GFlop/s     (584.1261 GFlop/s per process)    49%    1760.2 sec left
CG set 2662 / 5384    584.1359 GFlop/s     (584.1359 GFlop/s per process)    49%    1759.5 sec left
CG set 2663 / 5384    584.1383 GFlop/s     (584.1383 GFlop/s per process)    49%    1758.8 sec left
CG set 2664 / 5384    584.1386 GFlop/s     (584.1386 GFlop/s per process)    49%    1758.1 sec left
CG set 2665 / 5384    584.1413 GFlop/s     (584.1413 GFlop/s per process)    49%    1757.5 sec left
CG set 2666 / 5384    584.1429 GFlop/s     (584.1429 GFlop/s per process)    49%    1756.8 sec left
CG set 2667 / 5384    584.1443 GFlop/s     (584.1443 GFlop/s per process)    49%    1756.1 sec left
CG set 2668 / 5384    584.1458 GFlop/s     (584.1458 GFlop/s per process)    49%    1755.4 sec left
CG set 2669 / 5384    584.1465 GFlop/s     (584.1465 GFlop/s per process)    49%    1754.7 sec left
CG set 2670 / 5384    584.1481 GFlop/s     (584.1481 GFlop/s per process)    49%    1754.0 sec left
CG set 2671 / 5384    584.1576 GFlop/s     (584.1576 GFlop/s per process)    49%    1753.4 sec left
CG set 2672 / 5384    584.1582 GFlop/s     (584.1582 GFlop/s per process)    49%    1752.7 sec left
CG set 2673 / 5384    584.1605 GFlop/s     (584.1605 GFlop/s per process)    49%    1752.0 sec left
CG set 2674 / 5384    584.1631 GFlop/s     (584.1631 GFlop/s per process)    49%    1751.3 sec left
CG set 2675 / 5384    584.1645 GFlop/s     (584.1645 GFlop/s per process)    49%    1750.6 sec left
CG set 2676 / 5384    584.1660 GFlop/s     (584.1660 GFlop/s per process)    49%    1749.9 sec left
CG set 2677 / 5384    584.1676 GFlop/s     (584.1676 GFlop/s per process)    49%    1749.3 sec left
CG set 2678 / 5384    584.1696 GFlop/s     (584.1696 GFlop/s per process)    49%    1748.6 sec left
CG set 2679 / 5384    584.1702 GFlop/s     (584.1702 GFlop/s per process)    49%    1747.9 sec left
CG set 2680 / 5384    584.1717 GFlop/s     (584.1717 GFlop/s per process)    49%    1747.2 sec left
CG set 2681 / 5384    584.1805 GFlop/s     (584.1805 GFlop/s per process)    49%    1746.5 sec left
CG set 2682 / 5384    584.1811 GFlop/s     (584.1811 GFlop/s per process)    49%    1745.8 sec left
CG set 2683 / 5384    584.1834 GFlop/s     (584.1834 GFlop/s per process)    49%    1745.2 sec left
CG set 2684 / 5384    584.1864 GFlop/s     (584.1864 GFlop/s per process)    49%    1744.5 sec left
CG set 2685 / 5384    584.1890 GFlop/s     (584.1890 GFlop/s per process)    49%    1743.8 sec left
CG set 2686 / 5384    584.1909 GFlop/s     (584.1909 GFlop/s per process)    49%    1743.1 sec left
CG set 2687 / 5384    584.1924 GFlop/s     (584.1924 GFlop/s per process)    49%    1742.4 sec left
CG set 2688 / 5384    584.1933 GFlop/s     (584.1933 GFlop/s per process)    49%    1741.7 sec left
CG set 2689 / 5384    584.1957 GFlop/s     (584.1957 GFlop/s per process)    49%    1741.0 sec left
CG set 2690 / 5384    584.2048 GFlop/s     (584.2048 GFlop/s per process)    49%    1740.4 sec left
CG set 2691 / 5384    584.2058 GFlop/s     (584.2058 GFlop/s per process)    49%    1739.7 sec left
CG set 2692 / 5384    584.2079 GFlop/s     (584.2079 GFlop/s per process)    50%    1739.0 sec left
CG set 2693 / 5384    584.2104 GFlop/s     (584.2104 GFlop/s per process)    50%    1738.3 sec left
CG set 2694 / 5384    584.2114 GFlop/s     (584.2114 GFlop/s per process)    50%    1737.6 sec left
CG set 2695 / 5384    584.2123 GFlop/s     (584.2123 GFlop/s per process)    50%    1737.0 sec left
CG set 2696 / 5384    584.2140 GFlop/s     (584.2140 GFlop/s per process)    50%    1736.3 sec left
CG set 2697 / 5384    584.2156 GFlop/s     (584.2156 GFlop/s per process)    50%    1735.6 sec left
CG set 2698 / 5384    584.2174 GFlop/s     (584.2174 GFlop/s per process)    50%    1734.9 sec left
CG set 2699 / 5384    584.2185 GFlop/s     (584.2185 GFlop/s per process)    50%    1734.2 sec left
CG set 2700 / 5384    584.2275 GFlop/s     (584.2275 GFlop/s per process)    50%    1733.5 sec left
CG set 2701 / 5384    584.2304 GFlop/s     (584.2304 GFlop/s per process)    50%    1732.9 sec left
CG set 2702 / 5384    584.2314 GFlop/s     (584.2314 GFlop/s per process)    50%    1732.2 sec left
CG set 2703 / 5384    584.2338 GFlop/s     (584.2338 GFlop/s per process)    50%    1731.5 sec left
CG set 2704 / 5384    584.2360 GFlop/s     (584.2360 GFlop/s per process)    50%    1730.8 sec left
CG set 2705 / 5384    584.2385 GFlop/s     (584.2385 GFlop/s per process)    50%    1730.1 sec left
CG set 2706 / 5384    584.2405 GFlop/s     (584.2405 GFlop/s per process)    50%    1729.4 sec left
CG set 2707 / 5384    584.2426 GFlop/s     (584.2426 GFlop/s per process)    50%    1728.8 sec left
CG set 2708 / 5384    584.2452 GFlop/s     (584.2452 GFlop/s per process)    50%    1728.1 sec left
CG set 2709 / 5384    584.2543 GFlop/s     (584.2543 GFlop/s per process)    50%    1727.4 sec left
CG set 2710 / 5384    584.2571 GFlop/s     (584.2571 GFlop/s per process)    50%    1726.7 sec left
CG set 2711 / 5384    584.2585 GFlop/s     (584.2585 GFlop/s per process)    50%    1726.0 sec left
CG set 2712 / 5384    584.2608 GFlop/s     (584.2608 GFlop/s per process)    50%    1725.4 sec left
CG set 2713 / 5384    584.2632 GFlop/s     (584.2632 GFlop/s per process)    50%    1724.7 sec left
CG set 2714 / 5384    584.2661 GFlop/s     (584.2661 GFlop/s per process)    50%    1724.0 sec left
CG set 2715 / 5384    584.2682 GFlop/s     (584.2682 GFlop/s per process)    50%    1723.3 sec left
CG set 2716 / 5384    584.2701 GFlop/s     (584.2701 GFlop/s per process)    50%    1722.6 sec left
CG set 2717 / 5384    584.2728 GFlop/s     (584.2728 GFlop/s per process)    50%    1721.9 sec left
CG set 2718 / 5384    584.2758 GFlop/s     (584.2758 GFlop/s per process)    50%    1721.3 sec left
CG set 2719 / 5384    584.2848 GFlop/s     (584.2848 GFlop/s per process)    50%    1720.6 sec left
CG set 2720 / 5384    584.2866 GFlop/s     (584.2866 GFlop/s per process)    50%    1719.9 sec left
CG set 2721 / 5384    584.2885 GFlop/s     (584.2885 GFlop/s per process)    50%    1719.2 sec left
CG set 2722 / 5384    584.2898 GFlop/s     (584.2898 GFlop/s per process)    50%    1718.5 sec left
CG set 2723 / 5384    584.2958 GFlop/s     (584.2958 GFlop/s per process)    50%    1717.9 sec left
CG set 2724 / 5384    584.3006 GFlop/s     (584.3006 GFlop/s per process)    50%    1717.2 sec left
CG set 2725 / 5384    584.3043 GFlop/s     (584.3043 GFlop/s per process)    50%    1716.5 sec left
CG set 2726 / 5384    584.3134 GFlop/s     (584.3134 GFlop/s per process)    50%    1715.9 sec left
CG set 2727 / 5384    584.3225 GFlop/s     (584.3225 GFlop/s per process)    50%    1715.2 sec left
CG set 2728 / 5384    584.3291 GFlop/s     (584.3291 GFlop/s per process)    50%    1714.5 sec left
CG set 2729 / 5384    584.3337 GFlop/s     (584.3337 GFlop/s per process)    50%    1713.8 sec left
CG set 2730 / 5384    584.3360 GFlop/s     (584.3360 GFlop/s per process)    50%    1713.2 sec left
CG set 2731 / 5384    584.3406 GFlop/s     (584.3406 GFlop/s per process)    50%    1712.5 sec left
CG set 2732 / 5384    584.3417 GFlop/s     (584.3417 GFlop/s per process)    50%    1711.8 sec left
CG set 2733 / 5384    584.3411 GFlop/s     (584.3411 GFlop/s per process)    50%    1711.1 sec left
CG set 2734 / 5384    584.3422 GFlop/s     (584.3422 GFlop/s per process)    50%    1710.4 sec left
CG set 2735 / 5384    584.3423 GFlop/s     (584.3423 GFlop/s per process)    50%    1709.7 sec left
CG set 2736 / 5384    584.3439 GFlop/s     (584.3439 GFlop/s per process)    50%    1709.0 sec left
CG set 2737 / 5384    584.3528 GFlop/s     (584.3528 GFlop/s per process)    50%    1708.4 sec left
CG set 2738 / 5384    584.3545 GFlop/s     (584.3545 GFlop/s per process)    50%    1707.7 sec left
CG set 2739 / 5384    584.3568 GFlop/s     (584.3568 GFlop/s per process)    50%    1707.0 sec left
CG set 2740 / 5384    584.3624 GFlop/s     (584.3624 GFlop/s per process)    50%    1706.3 sec left
CG set 2741 / 5384    584.3643 GFlop/s     (584.3643 GFlop/s per process)    50%    1705.6 sec left
CG set 2742 / 5384    584.3652 GFlop/s     (584.3652 GFlop/s per process)    50%    1705.0 sec left
CG set 2743 / 5384    584.3680 GFlop/s     (584.3680 GFlop/s per process)    50%    1704.3 sec left
CG set 2744 / 5384    584.3698 GFlop/s     (584.3698 GFlop/s per process)    50%    1703.6 sec left
CG set 2745 / 5384    584.3713 GFlop/s     (584.3713 GFlop/s per process)    50%    1702.9 sec left
CG set 2746 / 5384    584.3804 GFlop/s     (584.3804 GFlop/s per process)    51%    1702.2 sec left
CG set 2747 / 5384    584.3803 GFlop/s     (584.3803 GFlop/s per process)    51%    1701.6 sec left
CG set 2748 / 5384    584.3821 GFlop/s     (584.3821 GFlop/s per process)    51%    1700.9 sec left
CG set 2749 / 5384    584.3841 GFlop/s     (584.3841 GFlop/s per process)    51%    1700.2 sec left
CG set 2750 / 5384    584.3863 GFlop/s     (584.3863 GFlop/s per process)    51%    1699.5 sec left
CG set 2751 / 5384    584.3881 GFlop/s     (584.3881 GFlop/s per process)    51%    1698.8 sec left
CG set 2752 / 5384    584.3911 GFlop/s     (584.3911 GFlop/s per process)    51%    1698.1 sec left
CG set 2753 / 5384    584.3925 GFlop/s     (584.3925 GFlop/s per process)    51%    1697.4 sec left
CG set 2754 / 5384    584.3939 GFlop/s     (584.3939 GFlop/s per process)    51%    1696.8 sec left
CG set 2755 / 5384    584.4031 GFlop/s     (584.4031 GFlop/s per process)    51%    1696.1 sec left
CG set 2756 / 5384    584.4050 GFlop/s     (584.4050 GFlop/s per process)    51%    1695.4 sec left
CG set 2757 / 5384    584.4078 GFlop/s     (584.4078 GFlop/s per process)    51%    1694.7 sec left
CG set 2758 / 5384    584.4078 GFlop/s     (584.4078 GFlop/s per process)    51%    1694.0 sec left
CG set 2759 / 5384    584.4091 GFlop/s     (584.4091 GFlop/s per process)    51%    1693.4 sec left
CG set 2760 / 5384    584.4091 GFlop/s     (584.4091 GFlop/s per process)    51%    1692.7 sec left
CG set 2761 / 5384    584.4121 GFlop/s     (584.4121 GFlop/s per process)    51%    1692.0 sec left
CG set 2762 / 5384    584.4151 GFlop/s     (584.4151 GFlop/s per process)    51%    1691.3 sec left
CG set 2763 / 5384    584.4169 GFlop/s     (584.4169 GFlop/s per process)    51%    1690.6 sec left
CG set 2764 / 5384    584.4195 GFlop/s     (584.4195 GFlop/s per process)    51%    1689.9 sec left
CG set 2765 / 5384    584.4291 GFlop/s     (584.4291 GFlop/s per process)    51%    1689.3 sec left
CG set 2766 / 5384    584.4313 GFlop/s     (584.4313 GFlop/s per process)    51%    1688.6 sec left
CG set 2767 / 5384    584.4328 GFlop/s     (584.4328 GFlop/s per process)    51%    1687.9 sec left
CG set 2768 / 5384    584.4359 GFlop/s     (584.4359 GFlop/s per process)    51%    1687.2 sec left
CG set 2769 / 5384    584.4377 GFlop/s     (584.4377 GFlop/s per process)    51%    1686.5 sec left
CG set 2770 / 5384    584.4406 GFlop/s     (584.4406 GFlop/s per process)    51%    1685.9 sec left
CG set 2771 / 5384    584.4431 GFlop/s     (584.4431 GFlop/s per process)    51%    1685.2 sec left
CG set 2772 / 5384    584.4445 GFlop/s     (584.4445 GFlop/s per process)    51%    1684.5 sec left
CG set 2773 / 5384    584.4460 GFlop/s     (584.4460 GFlop/s per process)    51%    1683.8 sec left
CG set 2774 / 5384    584.4558 GFlop/s     (584.4558 GFlop/s per process)    51%    1683.1 sec left
CG set 2775 / 5384    584.4581 GFlop/s     (584.4581 GFlop/s per process)    51%    1682.5 sec left
CG set 2776 / 5384    584.4606 GFlop/s     (584.4606 GFlop/s per process)    51%    1681.8 sec left
CG set 2777 / 5384    584.4633 GFlop/s     (584.4633 GFlop/s per process)    51%    1681.1 sec left
CG set 2778 / 5384    584.4650 GFlop/s     (584.4650 GFlop/s per process)    51%    1680.4 sec left
CG set 2779 / 5384    584.4685 GFlop/s     (584.4685 GFlop/s per process)    51%    1679.7 sec left
CG set 2780 / 5384    584.4703 GFlop/s     (584.4703 GFlop/s per process)    51%    1679.0 sec left
CG set 2781 / 5384    584.4734 GFlop/s     (584.4734 GFlop/s per process)    51%    1678.4 sec left
CG set 2782 / 5384    584.4765 GFlop/s     (584.4765 GFlop/s per process)    51%    1677.7 sec left
CG set 2783 / 5384    584.4855 GFlop/s     (584.4855 GFlop/s per process)    51%    1677.0 sec left
CG set 2784 / 5384    584.4888 GFlop/s     (584.4888 GFlop/s per process)    51%    1676.3 sec left
CG set 2785 / 5384    584.4917 GFlop/s     (584.4917 GFlop/s per process)    51%    1675.7 sec left
CG set 2786 / 5384    584.4949 GFlop/s     (584.4949 GFlop/s per process)    51%    1675.0 sec left
CG set 2787 / 5384    584.4982 GFlop/s     (584.4982 GFlop/s per process)    51%    1674.3 sec left
CG set 2788 / 5384    584.5022 GFlop/s     (584.5022 GFlop/s per process)    51%    1673.6 sec left
CG set 2789 / 5384    584.5037 GFlop/s     (584.5037 GFlop/s per process)    51%    1672.9 sec left
CG set 2790 / 5384    584.5069 GFlop/s     (584.5069 GFlop/s per process)    51%    1672.3 sec left
CG set 2791 / 5384    584.5100 GFlop/s     (584.5100 GFlop/s per process)    51%    1671.6 sec left
CG set 2792 / 5384    584.5134 GFlop/s     (584.5134 GFlop/s per process)    51%    1670.9 sec left
CG set 2793 / 5384    584.5224 GFlop/s     (584.5224 GFlop/s per process)    51%    1670.2 sec left
CG set 2794 / 5384    584.5254 GFlop/s     (584.5254 GFlop/s per process)    51%    1669.6 sec left
CG set 2795 / 5384    584.5283 GFlop/s     (584.5283 GFlop/s per process)    51%    1668.9 sec left
CG set 2796 / 5384    584.5312 GFlop/s     (584.5312 GFlop/s per process)    51%    1668.2 sec left
CG set 2797 / 5384    584.5343 GFlop/s     (584.5343 GFlop/s per process)    51%    1667.5 sec left
CG set 2798 / 5384    584.5367 GFlop/s     (584.5367 GFlop/s per process)    51%    1666.8 sec left
CG set 2799 / 5384    584.5388 GFlop/s     (584.5388 GFlop/s per process)    51%    1666.1 sec left
CG set 2800 / 5384    584.5422 GFlop/s     (584.5422 GFlop/s per process)    52%    1665.5 sec left
CG set 2801 / 5384    584.5488 GFlop/s     (584.5488 GFlop/s per process)    52%    1664.8 sec left
CG set 2802 / 5384    584.5585 GFlop/s     (584.5585 GFlop/s per process)    52%    1664.1 sec left
CG set 2803 / 5384    584.5640 GFlop/s     (584.5640 GFlop/s per process)    52%    1663.5 sec left
CG set 2804 / 5384    584.5686 GFlop/s     (584.5686 GFlop/s per process)    52%    1662.8 sec left
CG set 2805 / 5384    584.5783 GFlop/s     (584.5783 GFlop/s per process)    52%    1662.1 sec left
CG set 2806 / 5384    584.5852 GFlop/s     (584.5852 GFlop/s per process)    52%    1661.5 sec left
CG set 2807 / 5384    584.5912 GFlop/s     (584.5912 GFlop/s per process)    52%    1660.8 sec left
CG set 2808 / 5384    584.5945 GFlop/s     (584.5945 GFlop/s per process)    52%    1660.1 sec left
CG set 2809 / 5384    584.6001 GFlop/s     (584.6001 GFlop/s per process)    52%    1659.4 sec left
CG set 2810 / 5384    584.6095 GFlop/s     (584.6095 GFlop/s per process)    52%    1658.8 sec left
CG set 2811 / 5384    584.6118 GFlop/s     (584.6118 GFlop/s per process)    52%    1658.1 sec left
CG set 2812 / 5384    584.6131 GFlop/s     (584.6131 GFlop/s per process)    52%    1657.4 sec left
CG set 2813 / 5384    584.6147 GFlop/s     (584.6147 GFlop/s per process)    52%    1656.7 sec left
CG set 2814 / 5384    584.6166 GFlop/s     (584.6166 GFlop/s per process)    52%    1656.0 sec left
CG set 2815 / 5384    584.6185 GFlop/s     (584.6185 GFlop/s per process)    52%    1655.4 sec left
CG set 2816 / 5384    584.6209 GFlop/s     (584.6209 GFlop/s per process)    52%    1654.7 sec left
CG set 2817 / 5384    584.6237 GFlop/s     (584.6237 GFlop/s per process)    52%    1654.0 sec left
CG set 2818 / 5384    584.6294 GFlop/s     (584.6294 GFlop/s per process)    52%    1653.3 sec left
CG set 2819 / 5384    584.6386 GFlop/s     (584.6386 GFlop/s per process)    52%    1652.7 sec left
CG set 2820 / 5384    584.6410 GFlop/s     (584.6410 GFlop/s per process)    52%    1652.0 sec left
CG set 2821 / 5384    584.6429 GFlop/s     (584.6429 GFlop/s per process)    52%    1651.3 sec left
CG set 2822 / 5384    584.6466 GFlop/s     (584.6466 GFlop/s per process)    52%    1650.6 sec left
CG set 2823 / 5384    584.6489 GFlop/s     (584.6489 GFlop/s per process)    52%    1649.9 sec left
CG set 2824 / 5384    584.6510 GFlop/s     (584.6510 GFlop/s per process)    52%    1649.3 sec left
CG set 2825 / 5384    584.6531 GFlop/s     (584.6531 GFlop/s per process)    52%    1648.6 sec left
CG set 2826 / 5384    584.6545 GFlop/s     (584.6545 GFlop/s per process)    52%    1647.9 sec left
CG set 2827 / 5384    584.6569 GFlop/s     (584.6569 GFlop/s per process)    52%    1647.2 sec left
CG set 2828 / 5384    584.6668 GFlop/s     (584.6668 GFlop/s per process)    52%    1646.5 sec left
CG set 2829 / 5384    584.6693 GFlop/s     (584.6693 GFlop/s per process)    52%    1645.9 sec left
CG set 2830 / 5384    584.6718 GFlop/s     (584.6718 GFlop/s per process)    52%    1645.2 sec left
CG set 2831 / 5384    584.6743 GFlop/s     (584.6743 GFlop/s per process)    52%    1644.5 sec left
CG set 2832 / 5384    584.6766 GFlop/s     (584.6766 GFlop/s per process)    52%    1643.8 sec left
CG set 2833 / 5384    584.6790 GFlop/s     (584.6790 GFlop/s per process)    52%    1643.1 sec left
CG set 2834 / 5384    584.6801 GFlop/s     (584.6801 GFlop/s per process)    52%    1642.4 sec left
CG set 2835 / 5384    584.6832 GFlop/s     (584.6832 GFlop/s per process)    52%    1641.8 sec left
CG set 2836 / 5384    584.6850 GFlop/s     (584.6850 GFlop/s per process)    52%    1641.1 sec left
CG set 2837 / 5384    584.6946 GFlop/s     (584.6946 GFlop/s per process)    52%    1640.4 sec left
CG set 2838 / 5384    584.6968 GFlop/s     (584.6968 GFlop/s per process)    52%    1639.7 sec left
CG set 2839 / 5384    584.6989 GFlop/s     (584.6989 GFlop/s per process)    52%    1639.1 sec left
CG set 2840 / 5384    584.7023 GFlop/s     (584.7023 GFlop/s per process)    52%    1638.4 sec left
CG set 2841 / 5384    584.7059 GFlop/s     (584.7059 GFlop/s per process)    52%    1637.7 sec left
CG set 2842 / 5384    584.7091 GFlop/s     (584.7091 GFlop/s per process)    52%    1637.0 sec left
CG set 2843 / 5384    584.7119 GFlop/s     (584.7119 GFlop/s per process)    52%    1636.3 sec left
CG set 2844 / 5384    584.7147 GFlop/s     (584.7147 GFlop/s per process)    52%    1635.7 sec left
CG set 2845 / 5384    584.7166 GFlop/s     (584.7166 GFlop/s per process)    52%    1635.0 sec left
CG set 2846 / 5384    584.7261 GFlop/s     (584.7261 GFlop/s per process)    52%    1634.3 sec left
CG set 2847 / 5384    584.7290 GFlop/s     (584.7290 GFlop/s per process)    52%    1633.6 sec left
CG set 2848 / 5384    584.7317 GFlop/s     (584.7317 GFlop/s per process)    52%    1633.0 sec left
CG set 2849 / 5384    584.7351 GFlop/s     (584.7351 GFlop/s per process)    52%    1632.3 sec left
CG set 2850 / 5384    584.7386 GFlop/s     (584.7386 GFlop/s per process)    52%    1631.6 sec left
CG set 2851 / 5384    584.7399 GFlop/s     (584.7399 GFlop/s per process)    52%    1630.9 sec left
CG set 2852 / 5384    584.7419 GFlop/s     (584.7419 GFlop/s per process)    52%    1630.2 sec left
CG set 2853 / 5384    584.7450 GFlop/s     (584.7450 GFlop/s per process)    52%    1629.5 sec left
CG set 2854 / 5384    584.7473 GFlop/s     (584.7473 GFlop/s per process)    53%    1628.9 sec left
CG set 2855 / 5384    584.7569 GFlop/s     (584.7569 GFlop/s per process)    53%    1628.2 sec left
CG set 2856 / 5384    584.7599 GFlop/s     (584.7599 GFlop/s per process)    53%    1627.5 sec left
CG set 2857 / 5384    584.7621 GFlop/s     (584.7621 GFlop/s per process)    53%    1626.8 sec left
CG set 2858 / 5384    584.7662 GFlop/s     (584.7662 GFlop/s per process)    53%    1626.2 sec left
CG set 2859 / 5384    584.7694 GFlop/s     (584.7694 GFlop/s per process)    53%    1625.5 sec left
CG set 2860 / 5384    584.7728 GFlop/s     (584.7728 GFlop/s per process)    53%    1624.8 sec left
CG set 2861 / 5384    584.7763 GFlop/s     (584.7763 GFlop/s per process)    53%    1624.1 sec left
CG set 2862 / 5384    584.7798 GFlop/s     (584.7798 GFlop/s per process)    53%    1623.4 sec left
CG set 2863 / 5384    584.7819 GFlop/s     (584.7819 GFlop/s per process)    53%    1622.8 sec left
CG set 2864 / 5384    584.7917 GFlop/s     (584.7917 GFlop/s per process)    53%    1622.1 sec left
CG set 2865 / 5384    584.7952 GFlop/s     (584.7952 GFlop/s per process)    53%    1621.4 sec left
CG set 2866 / 5384    584.7986 GFlop/s     (584.7986 GFlop/s per process)    53%    1620.7 sec left
CG set 2867 / 5384    584.8016 GFlop/s     (584.8016 GFlop/s per process)    53%    1620.1 sec left
CG set 2868 / 5384    584.8042 GFlop/s     (584.8042 GFlop/s per process)    53%    1619.4 sec left
CG set 2869 / 5384    584.8077 GFlop/s     (584.8077 GFlop/s per process)    53%    1618.7 sec left
CG set 2870 / 5384    584.8111 GFlop/s     (584.8111 GFlop/s per process)    53%    1618.0 sec left
CG set 2871 / 5384    584.8147 GFlop/s     (584.8147 GFlop/s per process)    53%    1617.4 sec left
CG set 2872 / 5384    584.8177 GFlop/s     (584.8177 GFlop/s per process)    53%    1616.7 sec left
CG set 2873 / 5384    584.8274 GFlop/s     (584.8274 GFlop/s per process)    53%    1616.0 sec left
CG set 2874 / 5384    584.8306 GFlop/s     (584.8306 GFlop/s per process)    53%    1615.3 sec left
CG set 2875 / 5384    584.8338 GFlop/s     (584.8338 GFlop/s per process)    53%    1614.7 sec left
CG set 2876 / 5384    584.8375 GFlop/s     (584.8375 GFlop/s per process)    53%    1614.0 sec left
CG set 2877 / 5384    584.8399 GFlop/s     (584.8399 GFlop/s per process)    53%    1613.3 sec left
CG set 2878 / 5384    584.8424 GFlop/s     (584.8424 GFlop/s per process)    53%    1612.6 sec left
CG set 2879 / 5384    584.8445 GFlop/s     (584.8445 GFlop/s per process)    53%    1611.9 sec left
CG set 2880 / 5384    584.8511 GFlop/s     (584.8511 GFlop/s per process)    53%    1611.3 sec left
CG set 2881 / 5384    584.8568 GFlop/s     (584.8568 GFlop/s per process)    53%    1610.6 sec left
CG set 2882 / 5384    584.8661 GFlop/s     (584.8661 GFlop/s per process)    53%    1609.9 sec left
CG set 2883 / 5384    584.8703 GFlop/s     (584.8703 GFlop/s per process)    53%    1609.3 sec left
CG set 2884 / 5384    584.8796 GFlop/s     (584.8796 GFlop/s per process)    53%    1608.6 sec left
CG set 2885 / 5384    584.8862 GFlop/s     (584.8862 GFlop/s per process)    53%    1607.9 sec left
CG set 2886 / 5384    584.8918 GFlop/s     (584.8918 GFlop/s per process)    53%    1607.3 sec left
CG set 2887 / 5384    584.8950 GFlop/s     (584.8950 GFlop/s per process)    53%    1606.6 sec left
CG set 2888 / 5384    584.9006 GFlop/s     (584.9006 GFlop/s per process)    53%    1605.9 sec left
CG set 2889 / 5384    584.9017 GFlop/s     (584.9017 GFlop/s per process)    53%    1605.2 sec left
CG set 2890 / 5384    584.9109 GFlop/s     (584.9109 GFlop/s per process)    53%    1604.6 sec left
CG set 2891 / 5384    584.9126 GFlop/s     (584.9126 GFlop/s per process)    53%    1603.9 sec left
CG set 2892 / 5384    584.9144 GFlop/s     (584.9144 GFlop/s per process)    53%    1603.2 sec left
CG set 2893 / 5384    584.9165 GFlop/s     (584.9165 GFlop/s per process)    53%    1602.5 sec left
CG set 2894 / 5384    584.9188 GFlop/s     (584.9188 GFlop/s per process)    53%    1601.8 sec left
CG set 2895 / 5384    584.9202 GFlop/s     (584.9202 GFlop/s per process)    53%    1601.1 sec left
CG set 2896 / 5384    584.9229 GFlop/s     (584.9229 GFlop/s per process)    53%    1600.5 sec left
CG set 2897 / 5384    584.9274 GFlop/s     (584.9274 GFlop/s per process)    53%    1599.8 sec left
CG set 2898 / 5384    584.9299 GFlop/s     (584.9299 GFlop/s per process)    53%    1599.1 sec left
CG set 2899 / 5384    584.9393 GFlop/s     (584.9393 GFlop/s per process)    53%    1598.4 sec left
CG set 2900 / 5384    584.9414 GFlop/s     (584.9414 GFlop/s per process)    53%    1597.8 sec left
CG set 2901 / 5384    584.9433 GFlop/s     (584.9433 GFlop/s per process)    53%    1597.1 sec left
CG set 2902 / 5384    584.9451 GFlop/s     (584.9451 GFlop/s per process)    53%    1596.4 sec left
CG set 2903 / 5384    584.9469 GFlop/s     (584.9469 GFlop/s per process)    53%    1595.7 sec left
CG set 2904 / 5384    584.9475 GFlop/s     (584.9475 GFlop/s per process)    53%    1595.0 sec left
CG set 2905 / 5384    584.9498 GFlop/s     (584.9498 GFlop/s per process)    53%    1594.3 sec left
CG set 2906 / 5384    584.9522 GFlop/s     (584.9522 GFlop/s per process)    53%    1593.7 sec left
CG set 2907 / 5384    584.9548 GFlop/s     (584.9548 GFlop/s per process)    53%    1593.0 sec left
CG set 2908 / 5384    584.9644 GFlop/s     (584.9644 GFlop/s per process)    54%    1592.3 sec left
CG set 2909 / 5384    584.9653 GFlop/s     (584.9653 GFlop/s per process)    54%    1591.6 sec left
CG set 2910 / 5384    584.9683 GFlop/s     (584.9683 GFlop/s per process)    54%    1591.0 sec left
CG set 2911 / 5384    584.9702 GFlop/s     (584.9702 GFlop/s per process)    54%    1590.3 sec left
CG set 2912 / 5384    584.9720 GFlop/s     (584.9720 GFlop/s per process)    54%    1589.6 sec left
CG set 2913 / 5384    584.9746 GFlop/s     (584.9746 GFlop/s per process)    54%    1588.9 sec left
CG set 2914 / 5384    584.9771 GFlop/s     (584.9771 GFlop/s per process)    54%    1588.2 sec left
CG set 2915 / 5384    584.9791 GFlop/s     (584.9791 GFlop/s per process)    54%    1587.5 sec left
CG set 2916 / 5384    584.9809 GFlop/s     (584.9809 GFlop/s per process)    54%    1586.9 sec left
CG set 2917 / 5384    584.9824 GFlop/s     (584.9824 GFlop/s per process)    54%    1586.2 sec left
CG set 2918 / 5384    584.9919 GFlop/s     (584.9919 GFlop/s per process)    54%    1585.5 sec left
CG set 2919 / 5384    584.9948 GFlop/s     (584.9948 GFlop/s per process)    54%    1584.8 sec left
CG set 2920 / 5384    584.9979 GFlop/s     (584.9979 GFlop/s per process)    54%    1584.2 sec left
CG set 2921 / 5384    584.9999 GFlop/s     (584.9999 GFlop/s per process)    54%    1583.5 sec left
CG set 2922 / 5384    585.0028 GFlop/s     (585.0028 GFlop/s per process)    54%    1582.8 sec left
CG set 2923 / 5384    585.0050 GFlop/s     (585.0050 GFlop/s per process)    54%    1582.1 sec left
CG set 2924 / 5384    585.0065 GFlop/s     (585.0065 GFlop/s per process)    54%    1581.4 sec left
CG set 2925 / 5384    585.0097 GFlop/s     (585.0097 GFlop/s per process)    54%    1580.7 sec left
CG set 2926 / 5384    585.0109 GFlop/s     (585.0109 GFlop/s per process)    54%    1580.1 sec left
CG set 2927 / 5384    585.0202 GFlop/s     (585.0202 GFlop/s per process)    54%    1579.4 sec left
CG set 2928 / 5384    585.0235 GFlop/s     (585.0235 GFlop/s per process)    54%    1578.7 sec left
CG set 2929 / 5384    585.0265 GFlop/s     (585.0265 GFlop/s per process)    54%    1578.0 sec left
CG set 2930 / 5384    585.0286 GFlop/s     (585.0286 GFlop/s per process)    54%    1577.4 sec left
CG set 2931 / 5384    585.0307 GFlop/s     (585.0307 GFlop/s per process)    54%    1576.7 sec left
CG set 2932 / 5384    585.0335 GFlop/s     (585.0335 GFlop/s per process)    54%    1576.0 sec left
CG set 2933 / 5384    585.0361 GFlop/s     (585.0361 GFlop/s per process)    54%    1575.3 sec left
CG set 2934 / 5384    585.0371 GFlop/s     (585.0371 GFlop/s per process)    54%    1574.6 sec left
CG set 2935 / 5384    585.0401 GFlop/s     (585.0401 GFlop/s per process)    54%    1573.9 sec left
CG set 2936 / 5384    585.0494 GFlop/s     (585.0494 GFlop/s per process)    54%    1573.3 sec left
CG set 2937 / 5384    585.0529 GFlop/s     (585.0529 GFlop/s per process)    54%    1572.6 sec left
CG set 2938 / 5384    585.0557 GFlop/s     (585.0557 GFlop/s per process)    54%    1571.9 sec left
CG set 2939 / 5384    585.0586 GFlop/s     (585.0586 GFlop/s per process)    54%    1571.2 sec left
CG set 2940 / 5384    585.0617 GFlop/s     (585.0617 GFlop/s per process)    54%    1570.6 sec left
CG set 2941 / 5384    585.0646 GFlop/s     (585.0646 GFlop/s per process)    54%    1569.9 sec left
CG set 2942 / 5384    585.0674 GFlop/s     (585.0674 GFlop/s per process)    54%    1569.2 sec left
CG set 2943 / 5384    585.0704 GFlop/s     (585.0704 GFlop/s per process)    54%    1568.5 sec left
CG set 2944 / 5384    585.0736 GFlop/s     (585.0736 GFlop/s per process)    54%    1567.8 sec left
CG set 2945 / 5384    585.0826 GFlop/s     (585.0826 GFlop/s per process)    54%    1567.2 sec left
CG set 2946 / 5384    585.0853 GFlop/s     (585.0853 GFlop/s per process)    54%    1566.5 sec left
CG set 2947 / 5384    585.0870 GFlop/s     (585.0870 GFlop/s per process)    54%    1565.8 sec left
CG set 2948 / 5384    585.0889 GFlop/s     (585.0889 GFlop/s per process)    54%    1565.1 sec left
CG set 2949 / 5384    585.0913 GFlop/s     (585.0913 GFlop/s per process)    54%    1564.5 sec left
CG set 2950 / 5384    585.0946 GFlop/s     (585.0946 GFlop/s per process)    54%    1563.8 sec left
CG set 2951 / 5384    585.0973 GFlop/s     (585.0973 GFlop/s per process)    54%    1563.1 sec left
CG set 2952 / 5384    585.1005 GFlop/s     (585.1005 GFlop/s per process)    54%    1562.4 sec left
CG set 2953 / 5384    585.1032 GFlop/s     (585.1032 GFlop/s per process)    54%    1561.7 sec left
CG set 2954 / 5384    585.1124 GFlop/s     (585.1124 GFlop/s per process)    54%    1561.1 sec left
CG set 2955 / 5384    585.1155 GFlop/s     (585.1155 GFlop/s per process)    54%    1560.4 sec left
CG set 2956 / 5384    585.1177 GFlop/s     (585.1177 GFlop/s per process)    54%    1559.7 sec left
CG set 2957 / 5384    585.1200 GFlop/s     (585.1200 GFlop/s per process)    54%    1559.0 sec left
CG set 2958 / 5384    585.1223 GFlop/s     (585.1223 GFlop/s per process)    54%    1558.4 sec left
CG set 2959 / 5384    585.1285 GFlop/s     (585.1285 GFlop/s per process)    54%    1557.7 sec left
CG set 2960 / 5384    585.1329 GFlop/s     (585.1329 GFlop/s per process)    54%    1557.0 sec left
CG set 2961 / 5384    585.1369 GFlop/s     (585.1369 GFlop/s per process)    54%    1556.3 sec left
CG set 2962 / 5384    585.1458 GFlop/s     (585.1458 GFlop/s per process)    55%    1555.7 sec left
CG set 2963 / 5384    585.1546 GFlop/s     (585.1546 GFlop/s per process)    55%    1555.0 sec left
CG set 2964 / 5384    585.1611 GFlop/s     (585.1611 GFlop/s per process)    55%    1554.4 sec left
CG set 2965 / 5384    585.1660 GFlop/s     (585.1660 GFlop/s per process)    55%    1553.7 sec left
CG set 2966 / 5384    585.1694 GFlop/s     (585.1694 GFlop/s per process)    55%    1553.0 sec left
CG set 2967 / 5384    585.1738 GFlop/s     (585.1738 GFlop/s per process)    55%    1552.3 sec left
CG set 2968 / 5384    585.1754 GFlop/s     (585.1754 GFlop/s per process)    55%    1551.6 sec left
CG set 2969 / 5384    585.1765 GFlop/s     (585.1765 GFlop/s per process)    55%    1551.0 sec left
CG set 2970 / 5384    585.1777 GFlop/s     (585.1777 GFlop/s per process)    55%    1550.3 sec left
CG set 2971 / 5384    585.1862 GFlop/s     (585.1862 GFlop/s per process)    55%    1549.6 sec left
CG set 2972 / 5384    585.1880 GFlop/s     (585.1880 GFlop/s per process)    55%    1548.9 sec left
CG set 2973 / 5384    585.1897 GFlop/s     (585.1897 GFlop/s per process)    55%    1548.2 sec left
CG set 2974 / 5384    585.1918 GFlop/s     (585.1918 GFlop/s per process)    55%    1547.6 sec left
CG set 2975 / 5384    585.1931 GFlop/s     (585.1931 GFlop/s per process)    55%    1546.9 sec left
CG set 2976 / 5384    585.1980 GFlop/s     (585.1980 GFlop/s per process)    55%    1546.2 sec left
CG set 2977 / 5384    585.2002 GFlop/s     (585.2002 GFlop/s per process)    55%    1545.5 sec left
CG set 2978 / 5384    585.2018 GFlop/s     (585.2018 GFlop/s per process)    55%    1544.8 sec left
CG set 2979 / 5384    585.2042 GFlop/s     (585.2042 GFlop/s per process)    55%    1544.2 sec left
CG set 2980 / 5384    585.2129 GFlop/s     (585.2129 GFlop/s per process)    55%    1543.5 sec left
CG set 2981 / 5384    585.2147 GFlop/s     (585.2147 GFlop/s per process)    55%    1542.8 sec left
CG set 2982 / 5384    585.2152 GFlop/s     (585.2152 GFlop/s per process)    55%    1542.1 sec left
CG set 2983 / 5384    585.2165 GFlop/s     (585.2165 GFlop/s per process)    55%    1541.4 sec left
CG set 2984 / 5384    585.2180 GFlop/s     (585.2180 GFlop/s per process)    55%    1540.8 sec left
CG set 2985 / 5384    585.2195 GFlop/s     (585.2195 GFlop/s per process)    55%    1540.1 sec left
CG set 2986 / 5384    585.2215 GFlop/s     (585.2215 GFlop/s per process)    55%    1539.4 sec left
CG set 2987 / 5384    585.2233 GFlop/s     (585.2233 GFlop/s per process)    55%    1538.7 sec left
CG set 2988 / 5384    585.2258 GFlop/s     (585.2258 GFlop/s per process)    55%    1538.0 sec left
CG set 2989 / 5384    585.2275 GFlop/s     (585.2275 GFlop/s per process)    55%    1537.3 sec left
CG set 2990 / 5384    585.2364 GFlop/s     (585.2364 GFlop/s per process)    55%    1536.7 sec left
CG set 2991 / 5384    585.2379 GFlop/s     (585.2379 GFlop/s per process)    55%    1536.0 sec left
CG set 2992 / 5384    585.2397 GFlop/s     (585.2397 GFlop/s per process)    55%    1535.3 sec left
CG set 2993 / 5384    585.2411 GFlop/s     (585.2411 GFlop/s per process)    55%    1534.6 sec left
CG set 2994 / 5384    585.2424 GFlop/s     (585.2424 GFlop/s per process)    55%    1533.9 sec left
CG set 2995 / 5384    585.2433 GFlop/s     (585.2433 GFlop/s per process)    55%    1533.3 sec left
CG set 2996 / 5384    585.2444 GFlop/s     (585.2444 GFlop/s per process)    55%    1532.6 sec left
CG set 2997 / 5384    585.2469 GFlop/s     (585.2469 GFlop/s per process)    55%    1531.9 sec left
CG set 2998 / 5384    585.2485 GFlop/s     (585.2485 GFlop/s per process)    55%    1531.2 sec left
CG set 2999 / 5384    585.2574 GFlop/s     (585.2574 GFlop/s per process)    55%    1530.5 sec left
CG set 3000 / 5384    585.2596 GFlop/s     (585.2596 GFlop/s per process)    55%    1529.9 sec left
CG set 3001 / 5384    585.2613 GFlop/s     (585.2613 GFlop/s per process)    55%    1529.2 sec left
CG set 3002 / 5384    585.2628 GFlop/s     (585.2628 GFlop/s per process)    55%    1528.5 sec left
CG set 3003 / 5384    585.2641 GFlop/s     (585.2641 GFlop/s per process)    55%    1527.8 sec left
CG set 3004 / 5384    585.2660 GFlop/s     (585.2660 GFlop/s per process)    55%    1527.1 sec left
CG set 3005 / 5384    585.2671 GFlop/s     (585.2671 GFlop/s per process)    55%    1526.4 sec left
CG set 3006 / 5384    585.2689 GFlop/s     (585.2689 GFlop/s per process)    55%    1525.8 sec left
CG set 3007 / 5384    585.2715 GFlop/s     (585.2715 GFlop/s per process)    55%    1525.1 sec left
CG set 3008 / 5384    585.2797 GFlop/s     (585.2797 GFlop/s per process)    55%    1524.4 sec left
CG set 3009 / 5384    585.2810 GFlop/s     (585.2810 GFlop/s per process)    55%    1523.7 sec left
CG set 3010 / 5384    585.2826 GFlop/s     (585.2826 GFlop/s per process)    55%    1523.0 sec left
CG set 3011 / 5384    585.2847 GFlop/s     (585.2847 GFlop/s per process)    55%    1522.4 sec left
CG set 3012 / 5384    585.2862 GFlop/s     (585.2862 GFlop/s per process)    55%    1521.7 sec left
CG set 3013 / 5384    585.2883 GFlop/s     (585.2883 GFlop/s per process)    55%    1521.0 sec left
CG set 3014 / 5384    585.2900 GFlop/s     (585.2900 GFlop/s per process)    55%    1520.3 sec left
CG set 3015 / 5384    585.2925 GFlop/s     (585.2925 GFlop/s per process)    55%    1519.6 sec left
CG set 3016 / 5384    585.2948 GFlop/s     (585.2948 GFlop/s per process)    56%    1518.9 sec left
CG set 3017 / 5384    585.2962 GFlop/s     (585.2962 GFlop/s per process)    56%    1518.3 sec left
CG set 3018 / 5384    585.3044 GFlop/s     (585.3044 GFlop/s per process)    56%    1517.6 sec left
CG set 3019 / 5384    585.3068 GFlop/s     (585.3068 GFlop/s per process)    56%    1516.9 sec left
CG set 3020 / 5384    585.3094 GFlop/s     (585.3094 GFlop/s per process)    56%    1516.2 sec left
CG set 3021 / 5384    585.3117 GFlop/s     (585.3117 GFlop/s per process)    56%    1515.6 sec left
CG set 3022 / 5384    585.3138 GFlop/s     (585.3138 GFlop/s per process)    56%    1514.9 sec left
CG set 3023 / 5384    585.3161 GFlop/s     (585.3161 GFlop/s per process)    56%    1514.2 sec left
CG set 3024 / 5384    585.3187 GFlop/s     (585.3187 GFlop/s per process)    56%    1513.5 sec left
CG set 3025 / 5384    585.3203 GFlop/s     (585.3203 GFlop/s per process)    56%    1512.8 sec left
CG set 3026 / 5384    585.3225 GFlop/s     (585.3225 GFlop/s per process)    56%    1512.1 sec left
CG set 3027 / 5384    585.3305 GFlop/s     (585.3305 GFlop/s per process)    56%    1511.5 sec left
CG set 3028 / 5384    585.3329 GFlop/s     (585.3329 GFlop/s per process)    56%    1510.8 sec left
CG set 3029 / 5384    585.3350 GFlop/s     (585.3350 GFlop/s per process)    56%    1510.1 sec left
CG set 3030 / 5384    585.3367 GFlop/s     (585.3367 GFlop/s per process)    56%    1509.4 sec left
CG set 3031 / 5384    585.3386 GFlop/s     (585.3386 GFlop/s per process)    56%    1508.8 sec left
CG set 3032 / 5384    585.3406 GFlop/s     (585.3406 GFlop/s per process)    56%    1508.1 sec left
CG set 3033 / 5384    585.3430 GFlop/s     (585.3430 GFlop/s per process)    56%    1507.4 sec left
CG set 3034 / 5384    585.3446 GFlop/s     (585.3446 GFlop/s per process)    56%    1506.7 sec left
CG set 3035 / 5384    585.3460 GFlop/s     (585.3460 GFlop/s per process)    56%    1506.0 sec left
CG set 3036 / 5384    585.3543 GFlop/s     (585.3543 GFlop/s per process)    56%    1505.4 sec left
CG set 3037 / 5384    585.3566 GFlop/s     (585.3566 GFlop/s per process)    56%    1504.7 sec left
CG set 3038 / 5384    585.3626 GFlop/s     (585.3626 GFlop/s per process)    56%    1504.0 sec left
CG set 3039 / 5384    585.3668 GFlop/s     (585.3668 GFlop/s per process)    56%    1503.3 sec left
CG set 3040 / 5384    585.3693 GFlop/s     (585.3693 GFlop/s per process)    56%    1502.7 sec left
CG set 3041 / 5384    585.3771 GFlop/s     (585.3771 GFlop/s per process)    56%    1502.0 sec left
CG set 3042 / 5384    585.3828 GFlop/s     (585.3828 GFlop/s per process)    56%    1501.3 sec left
CG set 3043 / 5384    585.3873 GFlop/s     (585.3873 GFlop/s per process)    56%    1500.7 sec left
CG set 3044 / 5384    585.3951 GFlop/s     (585.3951 GFlop/s per process)    56%    1500.0 sec left
CG set 3045 / 5384    585.3973 GFlop/s     (585.3973 GFlop/s per process)    56%    1499.3 sec left
CG set 3046 / 5384    585.4005 GFlop/s     (585.4005 GFlop/s per process)    56%    1498.6 sec left
CG set 3047 / 5384    585.4013 GFlop/s     (585.4013 GFlop/s per process)    56%    1497.9 sec left
CG set 3048 / 5384    585.4016 GFlop/s     (585.4016 GFlop/s per process)    56%    1497.3 sec left
CG set 3049 / 5384    585.4021 GFlop/s     (585.4021 GFlop/s per process)    56%    1496.6 sec left
CG set 3050 / 5384    585.4029 GFlop/s     (585.4029 GFlop/s per process)    56%    1495.9 sec left
CG set 3051 / 5384    585.4037 GFlop/s     (585.4037 GFlop/s per process)    56%    1495.2 sec left
CG set 3052 / 5384    585.4048 GFlop/s     (585.4048 GFlop/s per process)    56%    1494.5 sec left
CG set 3053 / 5384    585.4058 GFlop/s     (585.4058 GFlop/s per process)    56%    1493.8 sec left
CG set 3054 / 5384    585.4139 GFlop/s     (585.4139 GFlop/s per process)    56%    1493.2 sec left
CG set 3055 / 5384    585.4179 GFlop/s     (585.4179 GFlop/s per process)    56%    1492.5 sec left
CG set 3056 / 5384    585.4181 GFlop/s     (585.4181 GFlop/s per process)    56%    1491.8 sec left
CG set 3057 / 5384    585.4189 GFlop/s     (585.4189 GFlop/s per process)    56%    1491.1 sec left
CG set 3058 / 5384    585.4209 GFlop/s     (585.4209 GFlop/s per process)    56%    1490.4 sec left
CG set 3059 / 5384    585.4220 GFlop/s     (585.4220 GFlop/s per process)    56%    1489.7 sec left
CG set 3060 / 5384    585.4229 GFlop/s     (585.4229 GFlop/s per process)    56%    1489.1 sec left
CG set 3061 / 5384    585.4238 GFlop/s     (585.4238 GFlop/s per process)    56%    1488.4 sec left
CG set 3062 / 5384    585.4251 GFlop/s     (585.4251 GFlop/s per process)    56%    1487.7 sec left
CG set 3063 / 5384    585.4324 GFlop/s     (585.4324 GFlop/s per process)    56%    1487.0 sec left
CG set 3064 / 5384    585.4335 GFlop/s     (585.4335 GFlop/s per process)    56%    1486.3 sec left
CG set 3065 / 5384    585.4347 GFlop/s     (585.4347 GFlop/s per process)    56%    1485.6 sec left
CG set 3066 / 5384    585.4358 GFlop/s     (585.4358 GFlop/s per process)    56%    1485.0 sec left
CG set 3067 / 5384    585.4372 GFlop/s     (585.4372 GFlop/s per process)    56%    1484.3 sec left
CG set 3068 / 5384    585.4376 GFlop/s     (585.4376 GFlop/s per process)    56%    1483.6 sec left
CG set 3069 / 5384    585.4379 GFlop/s     (585.4379 GFlop/s per process)    57%    1482.9 sec left
CG set 3070 / 5384    585.4383 GFlop/s     (585.4383 GFlop/s per process)    57%    1482.2 sec left
CG set 3071 / 5384    585.4395 GFlop/s     (585.4395 GFlop/s per process)    57%    1481.5 sec left
CG set 3072 / 5384    585.4403 GFlop/s     (585.4403 GFlop/s per process)    57%    1480.8 sec left
CG set 3073 / 5384    585.4480 GFlop/s     (585.4480 GFlop/s per process)    57%    1480.2 sec left
CG set 3074 / 5384    585.4480 GFlop/s     (585.4480 GFlop/s per process)    57%    1479.5 sec left
CG set 3075 / 5384    585.4484 GFlop/s     (585.4484 GFlop/s per process)    57%    1478.8 sec left
CG set 3076 / 5384    585.4498 GFlop/s     (585.4498 GFlop/s per process)    57%    1478.1 sec left
CG set 3077 / 5384    585.4511 GFlop/s     (585.4511 GFlop/s per process)    57%    1477.4 sec left
CG set 3078 / 5384    585.4530 GFlop/s     (585.4530 GFlop/s per process)    57%    1476.7 sec left
CG set 3079 / 5384    585.4541 GFlop/s     (585.4541 GFlop/s per process)    57%    1476.1 sec left
CG set 3080 / 5384    585.4551 GFlop/s     (585.4551 GFlop/s per process)    57%    1475.4 sec left
CG set 3081 / 5384    585.4555 GFlop/s     (585.4555 GFlop/s per process)    57%    1474.7 sec left
CG set 3082 / 5384    585.4558 GFlop/s     (585.4558 GFlop/s per process)    57%    1474.0 sec left
CG set 3083 / 5384    585.4638 GFlop/s     (585.4638 GFlop/s per process)    57%    1473.3 sec left
CG set 3084 / 5384    585.4644 GFlop/s     (585.4644 GFlop/s per process)    57%    1472.7 sec left
CG set 3085 / 5384    585.4655 GFlop/s     (585.4655 GFlop/s per process)    57%    1472.0 sec left
CG set 3086 / 5384    585.4667 GFlop/s     (585.4667 GFlop/s per process)    57%    1471.3 sec left
CG set 3087 / 5384    585.4673 GFlop/s     (585.4673 GFlop/s per process)    57%    1470.6 sec left
CG set 3088 / 5384    585.4677 GFlop/s     (585.4677 GFlop/s per process)    57%    1469.9 sec left
CG set 3089 / 5384    585.4683 GFlop/s     (585.4683 GFlop/s per process)    57%    1469.2 sec left
CG set 3090 / 5384    585.4691 GFlop/s     (585.4691 GFlop/s per process)    57%    1468.5 sec left
CG set 3091 / 5384    585.4701 GFlop/s     (585.4701 GFlop/s per process)    57%    1467.8 sec left
CG set 3092 / 5384    585.4776 GFlop/s     (585.4776 GFlop/s per process)    57%    1467.2 sec left
CG set 3093 / 5384    585.4793 GFlop/s     (585.4793 GFlop/s per process)    57%    1466.5 sec left
CG set 3094 / 5384    585.4811 GFlop/s     (585.4811 GFlop/s per process)    57%    1465.8 sec left
CG set 3095 / 5384    585.4825 GFlop/s     (585.4825 GFlop/s per process)    57%    1465.1 sec left
CG set 3096 / 5384    585.4841 GFlop/s     (585.4841 GFlop/s per process)    57%    1464.4 sec left
CG set 3097 / 5384    585.4860 GFlop/s     (585.4860 GFlop/s per process)    57%    1463.8 sec left
CG set 3098 / 5384    585.4863 GFlop/s     (585.4863 GFlop/s per process)    57%    1463.1 sec left
CG set 3099 / 5384    585.4880 GFlop/s     (585.4880 GFlop/s per process)    57%    1462.4 sec left
CG set 3100 / 5384    585.4892 GFlop/s     (585.4892 GFlop/s per process)    57%    1461.7 sec left
CG set 3101 / 5384    585.4911 GFlop/s     (585.4911 GFlop/s per process)    57%    1461.0 sec left
CG set 3102 / 5384    585.4985 GFlop/s     (585.4985 GFlop/s per process)    57%    1460.4 sec left
CG set 3103 / 5384    585.5007 GFlop/s     (585.5007 GFlop/s per process)    57%    1459.7 sec left
CG set 3104 / 5384    585.5020 GFlop/s     (585.5020 GFlop/s per process)    57%    1459.0 sec left
CG set 3105 / 5384    585.5036 GFlop/s     (585.5036 GFlop/s per process)    57%    1458.3 sec left
CG set 3106 / 5384    585.5052 GFlop/s     (585.5052 GFlop/s per process)    57%    1457.6 sec left
CG set 3107 / 5384    585.5072 GFlop/s     (585.5072 GFlop/s per process)    57%    1456.9 sec left
CG set 3108 / 5384    585.5088 GFlop/s     (585.5088 GFlop/s per process)    57%    1456.3 sec left
CG set 3109 / 5384    585.5102 GFlop/s     (585.5102 GFlop/s per process)    57%    1455.6 sec left
CG set 3110 / 5384    585.5121 GFlop/s     (585.5121 GFlop/s per process)    57%    1454.9 sec left
CG set 3111 / 5384    585.5196 GFlop/s     (585.5196 GFlop/s per process)    57%    1454.2 sec left
CG set 3112 / 5384    585.5219 GFlop/s     (585.5219 GFlop/s per process)    57%    1453.5 sec left
CG set 3113 / 5384    585.5233 GFlop/s     (585.5233 GFlop/s per process)    57%    1452.9 sec left
CG set 3114 / 5384    585.5243 GFlop/s     (585.5243 GFlop/s per process)    57%    1452.2 sec left
CG set 3115 / 5384    585.5260 GFlop/s     (585.5260 GFlop/s per process)    57%    1451.5 sec left
CG set 3116 / 5384    585.5307 GFlop/s     (585.5307 GFlop/s per process)    57%    1450.8 sec left
CG set 3117 / 5384    585.5346 GFlop/s     (585.5346 GFlop/s per process)    57%    1450.1 sec left
CG set 3118 / 5384    585.5379 GFlop/s     (585.5379 GFlop/s per process)    57%    1449.5 sec left
CG set 3119 / 5384    585.5452 GFlop/s     (585.5452 GFlop/s per process)    57%    1448.8 sec left
CG set 3120 / 5384    585.5532 GFlop/s     (585.5532 GFlop/s per process)    57%    1448.1 sec left
CG set 3121 / 5384    585.5585 GFlop/s     (585.5585 GFlop/s per process)    57%    1447.5 sec left
CG set 3122 / 5384    585.5627 GFlop/s     (585.5627 GFlop/s per process)    57%    1446.8 sec left
CG set 3123 / 5384    585.5645 GFlop/s     (585.5645 GFlop/s per process)    58%    1446.1 sec left
CG set 3124 / 5384    585.5684 GFlop/s     (585.5684 GFlop/s per process)    58%    1445.4 sec left
CG set 3125 / 5384    585.5691 GFlop/s     (585.5691 GFlop/s per process)    58%    1444.8 sec left
CG set 3126 / 5384    585.5698 GFlop/s     (585.5698 GFlop/s per process)    58%    1444.1 sec left
CG set 3127 / 5384    585.5705 GFlop/s     (585.5705 GFlop/s per process)    58%    1443.4 sec left
CG set 3128 / 5384    585.5717 GFlop/s     (585.5717 GFlop/s per process)    58%    1442.7 sec left
CG set 3129 / 5384    585.5797 GFlop/s     (585.5797 GFlop/s per process)    58%    1442.0 sec left
CG set 3130 / 5384    585.5806 GFlop/s     (585.5806 GFlop/s per process)    58%    1441.4 sec left
CG set 3131 / 5384    585.5817 GFlop/s     (585.5817 GFlop/s per process)    58%    1440.7 sec left
CG set 3132 / 5384    585.5835 GFlop/s     (585.5835 GFlop/s per process)    58%    1440.0 sec left
CG set 3133 / 5384    585.5879 GFlop/s     (585.5879 GFlop/s per process)    58%    1439.3 sec left
CG set 3134 / 5384    585.5893 GFlop/s     (585.5893 GFlop/s per process)    58%    1438.6 sec left
CG set 3135 / 5384    585.5902 GFlop/s     (585.5902 GFlop/s per process)    58%    1437.9 sec left
CG set 3136 / 5384    585.5923 GFlop/s     (585.5923 GFlop/s per process)    58%    1437.3 sec left
CG set 3137 / 5384    585.5941 GFlop/s     (585.5941 GFlop/s per process)    58%    1436.6 sec left
CG set 3138 / 5384    585.6019 GFlop/s     (585.6019 GFlop/s per process)    58%    1435.9 sec left
CG set 3139 / 5384    585.6032 GFlop/s     (585.6032 GFlop/s per process)    58%    1435.2 sec left
CG set 3140 / 5384    585.6041 GFlop/s     (585.6041 GFlop/s per process)    58%    1434.5 sec left
CG set 3141 / 5384    585.6057 GFlop/s     (585.6057 GFlop/s per process)    58%    1433.9 sec left
CG set 3142 / 5384    585.6071 GFlop/s     (585.6071 GFlop/s per process)    58%    1433.2 sec left
CG set 3143 / 5384    585.6087 GFlop/s     (585.6087 GFlop/s per process)    58%    1432.5 sec left
CG set 3144 / 5384    585.6105 GFlop/s     (585.6105 GFlop/s per process)    58%    1431.8 sec left
CG set 3145 / 5384    585.6124 GFlop/s     (585.6124 GFlop/s per process)    58%    1431.1 sec left
CG set 3146 / 5384    585.6135 GFlop/s     (585.6135 GFlop/s per process)    58%    1430.4 sec left
CG set 3147 / 5384    585.6215 GFlop/s     (585.6215 GFlop/s per process)    58%    1429.8 sec left
CG set 3148 / 5384    585.6230 GFlop/s     (585.6230 GFlop/s per process)    58%    1429.1 sec left
CG set 3149 / 5384    585.6248 GFlop/s     (585.6248 GFlop/s per process)    58%    1428.4 sec left
CG set 3150 / 5384    585.6268 GFlop/s     (585.6268 GFlop/s per process)    58%    1427.7 sec left
CG set 3151 / 5384    585.6282 GFlop/s     (585.6282 GFlop/s per process)    58%    1427.0 sec left
CG set 3152 / 5384    585.6293 GFlop/s     (585.6293 GFlop/s per process)    58%    1426.4 sec left
CG set 3153 / 5384    585.6306 GFlop/s     (585.6306 GFlop/s per process)    58%    1425.7 sec left
CG set 3154 / 5384    585.6331 GFlop/s     (585.6331 GFlop/s per process)    58%    1425.0 sec left
CG set 3155 / 5384    585.6357 GFlop/s     (585.6357 GFlop/s per process)    58%    1424.3 sec left
CG set 3156 / 5384    585.6383 GFlop/s     (585.6383 GFlop/s per process)    58%    1423.6 sec left
CG set 3157 / 5384    585.6463 GFlop/s     (585.6463 GFlop/s per process)    58%    1423.0 sec left
CG set 3158 / 5384    585.6489 GFlop/s     (585.6489 GFlop/s per process)    58%    1422.3 sec left
CG set 3159 / 5384    585.6501 GFlop/s     (585.6501 GFlop/s per process)    58%    1421.6 sec left
CG set 3160 / 5384    585.6505 GFlop/s     (585.6505 GFlop/s per process)    58%    1420.9 sec left
CG set 3161 / 5384    585.6526 GFlop/s     (585.6526 GFlop/s per process)    58%    1420.2 sec left
CG set 3162 / 5384    585.6541 GFlop/s     (585.6541 GFlop/s per process)    58%    1419.6 sec left
CG set 3163 / 5384    585.6566 GFlop/s     (585.6566 GFlop/s per process)    58%    1418.9 sec left
CG set 3164 / 5384    585.6591 GFlop/s     (585.6591 GFlop/s per process)    58%    1418.2 sec left
CG set 3165 / 5384    585.6602 GFlop/s     (585.6602 GFlop/s per process)    58%    1417.5 sec left
CG set 3166 / 5384    585.6685 GFlop/s     (585.6685 GFlop/s per process)    58%    1416.9 sec left
CG set 3167 / 5384    585.6702 GFlop/s     (585.6702 GFlop/s per process)    58%    1416.2 sec left
CG set 3168 / 5384    585.6720 GFlop/s     (585.6720 GFlop/s per process)    58%    1415.5 sec left
CG set 3169 / 5384    585.6738 GFlop/s     (585.6738 GFlop/s per process)    58%    1414.8 sec left
CG set 3170 / 5384    585.6761 GFlop/s     (585.6761 GFlop/s per process)    58%    1414.1 sec left
CG set 3171 / 5384    585.6785 GFlop/s     (585.6785 GFlop/s per process)    58%    1413.4 sec left
CG set 3172 / 5384    585.6810 GFlop/s     (585.6810 GFlop/s per process)    58%    1412.8 sec left
CG set 3173 / 5384    585.6833 GFlop/s     (585.6833 GFlop/s per process)    58%    1412.1 sec left
CG set 3174 / 5384    585.6857 GFlop/s     (585.6857 GFlop/s per process)    58%    1411.4 sec left
CG set 3175 / 5384    585.6937 GFlop/s     (585.6937 GFlop/s per process)    58%    1410.7 sec left
CG set 3176 / 5384    585.6963 GFlop/s     (585.6963 GFlop/s per process)    58%    1410.1 sec left
CG set 3177 / 5384    585.6989 GFlop/s     (585.6989 GFlop/s per process)    59%    1409.4 sec left
CG set 3178 / 5384    585.7013 GFlop/s     (585.7013 GFlop/s per process)    59%    1408.7 sec left
CG set 3179 / 5384    585.7038 GFlop/s     (585.7038 GFlop/s per process)    59%    1408.0 sec left
CG set 3180 / 5384    585.7067 GFlop/s     (585.7067 GFlop/s per process)    59%    1407.3 sec left
CG set 3181 / 5384    585.7093 GFlop/s     (585.7093 GFlop/s per process)    59%    1406.7 sec left
CG set 3182 / 5384    585.7114 GFlop/s     (585.7114 GFlop/s per process)    59%    1406.0 sec left
CG set 3183 / 5384    585.7141 GFlop/s     (585.7141 GFlop/s per process)    59%    1405.3 sec left
CG set 3184 / 5384    585.7220 GFlop/s     (585.7220 GFlop/s per process)    59%    1404.6 sec left
CG set 3185 / 5384    585.7243 GFlop/s     (585.7243 GFlop/s per process)    59%    1404.0 sec left
CG set 3186 / 5384    585.7270 GFlop/s     (585.7270 GFlop/s per process)    59%    1403.3 sec left
CG set 3187 / 5384    585.7291 GFlop/s     (585.7291 GFlop/s per process)    59%    1402.6 sec left
CG set 3188 / 5384    585.7312 GFlop/s     (585.7312 GFlop/s per process)    59%    1401.9 sec left
CG set 3189 / 5384    585.7336 GFlop/s     (585.7336 GFlop/s per process)    59%    1401.2 sec left
CG set 3190 / 5384    585.7362 GFlop/s     (585.7362 GFlop/s per process)    59%    1400.6 sec left
CG set 3191 / 5384    585.7382 GFlop/s     (585.7382 GFlop/s per process)    59%    1399.9 sec left
CG set 3192 / 5384    585.7401 GFlop/s     (585.7401 GFlop/s per process)    59%    1399.2 sec left
CG set 3193 / 5384    585.7482 GFlop/s     (585.7482 GFlop/s per process)    59%    1398.5 sec left
CG set 3194 / 5384    585.7507 GFlop/s     (585.7507 GFlop/s per process)    59%    1397.9 sec left
CG set 3195 / 5384    585.7567 GFlop/s     (585.7567 GFlop/s per process)    59%    1397.2 sec left
CG set 3196 / 5384    585.7611 GFlop/s     (585.7611 GFlop/s per process)    59%    1396.5 sec left
CG set 3197 / 5384    585.7643 GFlop/s     (585.7643 GFlop/s per process)    59%    1395.8 sec left
CG set 3198 / 5384    585.7720 GFlop/s     (585.7720 GFlop/s per process)    59%    1395.2 sec left
CG set 3199 / 5384    585.7779 GFlop/s     (585.7779 GFlop/s per process)    59%    1394.5 sec left
CG set 3200 / 5384    585.7822 GFlop/s     (585.7822 GFlop/s per process)    59%    1393.8 sec left
CG set 3201 / 5384    585.7898 GFlop/s     (585.7898 GFlop/s per process)    59%    1393.2 sec left
CG set 3202 / 5384    585.7925 GFlop/s     (585.7925 GFlop/s per process)    59%    1392.5 sec left
CG set 3203 / 5384    585.7970 GFlop/s     (585.7970 GFlop/s per process)    59%    1391.8 sec left
CG set 3204 / 5384    585.7985 GFlop/s     (585.7985 GFlop/s per process)    59%    1391.1 sec left
CG set 3205 / 5384    585.7997 GFlop/s     (585.7997 GFlop/s per process)    59%    1390.5 sec left
CG set 3206 / 5384    585.8010 GFlop/s     (585.8010 GFlop/s per process)    59%    1389.8 sec left
CG set 3207 / 5384    585.8026 GFlop/s     (585.8026 GFlop/s per process)    59%    1389.1 sec left
CG set 3208 / 5384    585.8039 GFlop/s     (585.8039 GFlop/s per process)    59%    1388.4 sec left
CG set 3209 / 5384    585.8058 GFlop/s     (585.8058 GFlop/s per process)    59%    1387.7 sec left
CG set 3210 / 5384    585.8140 GFlop/s     (585.8140 GFlop/s per process)    59%    1387.1 sec left
CG set 3211 / 5384    585.8162 GFlop/s     (585.8162 GFlop/s per process)    59%    1386.4 sec left
CG set 3212 / 5384    585.8209 GFlop/s     (585.8209 GFlop/s per process)    59%    1385.7 sec left
CG set 3213 / 5384    585.8228 GFlop/s     (585.8228 GFlop/s per process)    59%    1385.0 sec left
CG set 3214 / 5384    585.8243 GFlop/s     (585.8243 GFlop/s per process)    59%    1384.4 sec left
CG set 3215 / 5384    585.8265 GFlop/s     (585.8265 GFlop/s per process)    59%    1383.7 sec left
CG set 3216 / 5384    585.8273 GFlop/s     (585.8273 GFlop/s per process)    59%    1383.0 sec left
CG set 3217 / 5384    585.8285 GFlop/s     (585.8285 GFlop/s per process)    59%    1382.3 sec left
CG set 3218 / 5384    585.8291 GFlop/s     (585.8291 GFlop/s per process)    59%    1381.6 sec left
CG set 3219 / 5384    585.8370 GFlop/s     (585.8370 GFlop/s per process)    59%    1381.0 sec left
CG set 3220 / 5384    585.8388 GFlop/s     (585.8388 GFlop/s per process)    59%    1380.3 sec left
CG set 3221 / 5384    585.8403 GFlop/s     (585.8403 GFlop/s per process)    59%    1379.6 sec left
CG set 3222 / 5384    585.8423 GFlop/s     (585.8423 GFlop/s per process)    59%    1378.9 sec left
CG set 3223 / 5384    585.8441 GFlop/s     (585.8441 GFlop/s per process)    59%    1378.2 sec left
CG set 3224 / 5384    585.8465 GFlop/s     (585.8465 GFlop/s per process)    59%    1377.5 sec left
CG set 3225 / 5384    585.8479 GFlop/s     (585.8479 GFlop/s per process)    59%    1376.9 sec left
CG set 3226 / 5384    585.8495 GFlop/s     (585.8495 GFlop/s per process)    59%    1376.2 sec left
CG set 3227 / 5384    585.8514 GFlop/s     (585.8514 GFlop/s per process)    59%    1375.5 sec left
CG set 3228 / 5384    585.8596 GFlop/s     (585.8596 GFlop/s per process)    59%    1374.8 sec left
CG set 3229 / 5384    585.8619 GFlop/s     (585.8619 GFlop/s per process)    59%    1374.2 sec left
CG set 3230 / 5384    585.8624 GFlop/s     (585.8624 GFlop/s per process)    59%    1373.5 sec left
CG set 3231 / 5384    585.8638 GFlop/s     (585.8638 GFlop/s per process)    60%    1372.8 sec left
CG set 3232 / 5384    585.8653 GFlop/s     (585.8653 GFlop/s per process)    60%    1372.1 sec left
CG set 3233 / 5384    585.8680 GFlop/s     (585.8680 GFlop/s per process)    60%    1371.4 sec left
CG set 3234 / 5384    585.8707 GFlop/s     (585.8707 GFlop/s per process)    60%    1370.7 sec left
CG set 3235 / 5384    585.8737 GFlop/s     (585.8737 GFlop/s per process)    60%    1370.1 sec left
CG set 3236 / 5384    585.8761 GFlop/s     (585.8761 GFlop/s per process)    60%    1369.4 sec left
CG set 3237 / 5384    585.8779 GFlop/s     (585.8779 GFlop/s per process)    60%    1368.7 sec left
CG set 3238 / 5384    585.8863 GFlop/s     (585.8863 GFlop/s per process)    60%    1368.0 sec left
CG set 3239 / 5384    585.8877 GFlop/s     (585.8877 GFlop/s per process)    60%    1367.4 sec left
CG set 3240 / 5384    585.8902 GFlop/s     (585.8902 GFlop/s per process)    60%    1366.7 sec left
CG set 3241 / 5384    585.8908 GFlop/s     (585.8908 GFlop/s per process)    60%    1366.0 sec left
CG set 3242 / 5384    585.8933 GFlop/s     (585.8933 GFlop/s per process)    60%    1365.3 sec left
CG set 3243 / 5384    585.8959 GFlop/s     (585.8959 GFlop/s per process)    60%    1364.6 sec left
CG set 3244 / 5384    585.8978 GFlop/s     (585.8978 GFlop/s per process)    60%    1364.0 sec left
CG set 3245 / 5384    585.8997 GFlop/s     (585.8997 GFlop/s per process)    60%    1363.3 sec left
CG set 3246 / 5384    585.9016 GFlop/s     (585.9016 GFlop/s per process)    60%    1362.6 sec left
CG set 3247 / 5384    585.9102 GFlop/s     (585.9102 GFlop/s per process)    60%    1361.9 sec left
CG set 3248 / 5384    585.9118 GFlop/s     (585.9118 GFlop/s per process)    60%    1361.3 sec left
CG set 3249 / 5384    585.9144 GFlop/s     (585.9144 GFlop/s per process)    60%    1360.6 sec left
CG set 3250 / 5384    585.9175 GFlop/s     (585.9175 GFlop/s per process)    60%    1359.9 sec left
CG set 3251 / 5384    585.9205 GFlop/s     (585.9205 GFlop/s per process)    60%    1359.2 sec left
CG set 3252 / 5384    585.9223 GFlop/s     (585.9223 GFlop/s per process)    60%    1358.5 sec left
CG set 3253 / 5384    585.9248 GFlop/s     (585.9248 GFlop/s per process)    60%    1357.9 sec left
CG set 3254 / 5384    585.9278 GFlop/s     (585.9278 GFlop/s per process)    60%    1357.2 sec left
CG set 3255 / 5384    585.9306 GFlop/s     (585.9306 GFlop/s per process)    60%    1356.5 sec left
CG set 3256 / 5384    585.9388 GFlop/s     (585.9388 GFlop/s per process)    60%    1355.8 sec left
CG set 3257 / 5384    585.9412 GFlop/s     (585.9412 GFlop/s per process)    60%    1355.2 sec left
CG set 3258 / 5384    585.9441 GFlop/s     (585.9441 GFlop/s per process)    60%    1354.5 sec left
CG set 3259 / 5384    585.9471 GFlop/s     (585.9471 GFlop/s per process)    60%    1353.8 sec left
CG set 3260 / 5384    585.9494 GFlop/s     (585.9494 GFlop/s per process)    60%    1353.1 sec left
CG set 3261 / 5384    585.9511 GFlop/s     (585.9511 GFlop/s per process)    60%    1352.4 sec left
CG set 3262 / 5384    585.9537 GFlop/s     (585.9537 GFlop/s per process)    60%    1351.8 sec left
CG set 3263 / 5384    585.9560 GFlop/s     (585.9560 GFlop/s per process)    60%    1351.1 sec left
CG set 3264 / 5384    585.9641 GFlop/s     (585.9641 GFlop/s per process)    60%    1350.4 sec left
CG set 3265 / 5384    585.9666 GFlop/s     (585.9666 GFlop/s per process)    60%    1349.7 sec left
CG set 3266 / 5384    585.9689 GFlop/s     (585.9689 GFlop/s per process)    60%    1349.1 sec left
CG set 3267 / 5384    585.9715 GFlop/s     (585.9715 GFlop/s per process)    60%    1348.4 sec left
CG set 3268 / 5384    585.9740 GFlop/s     (585.9740 GFlop/s per process)    60%    1347.7 sec left
CG set 3269 / 5384    585.9767 GFlop/s     (585.9767 GFlop/s per process)    60%    1347.0 sec left
CG set 3270 / 5384    585.9790 GFlop/s     (585.9790 GFlop/s per process)    60%    1346.4 sec left
CG set 3271 / 5384    585.9803 GFlop/s     (585.9803 GFlop/s per process)    60%    1345.7 sec left
CG set 3272 / 5384    585.9825 GFlop/s     (585.9825 GFlop/s per process)    60%    1345.0 sec left
CG set 3273 / 5384    585.9907 GFlop/s     (585.9907 GFlop/s per process)    60%    1344.3 sec left
CG set 3274 / 5384    585.9965 GFlop/s     (585.9965 GFlop/s per process)    60%    1343.7 sec left
CG set 3275 / 5384    586.0007 GFlop/s     (586.0007 GFlop/s per process)    60%    1343.0 sec left
CG set 3276 / 5384    586.0047 GFlop/s     (586.0047 GFlop/s per process)    60%    1342.3 sec left
CG set 3277 / 5384    586.0126 GFlop/s     (586.0126 GFlop/s per process)    60%    1341.7 sec left
CG set 3278 / 5384    586.0186 GFlop/s     (586.0186 GFlop/s per process)    60%    1341.0 sec left
CG set 3279 / 5384    586.0233 GFlop/s     (586.0233 GFlop/s per process)    60%    1340.3 sec left
CG set 3280 / 5384    586.0256 GFlop/s     (586.0256 GFlop/s per process)    60%    1339.6 sec left
CG set 3281 / 5384    586.0339 GFlop/s     (586.0339 GFlop/s per process)    60%    1339.0 sec left
CG set 3282 / 5384    586.0383 GFlop/s     (586.0383 GFlop/s per process)    60%    1338.3 sec left
CG set 3283 / 5384    586.0385 GFlop/s     (586.0385 GFlop/s per process)    60%    1337.6 sec left
CG set 3284 / 5384    586.0398 GFlop/s     (586.0398 GFlop/s per process)    60%    1336.9 sec left
CG set 3285 / 5384    586.0415 GFlop/s     (586.0415 GFlop/s per process)    61%    1336.3 sec left
CG set 3286 / 5384    586.0430 GFlop/s     (586.0430 GFlop/s per process)    61%    1335.6 sec left
CG set 3287 / 5384    586.0446 GFlop/s     (586.0446 GFlop/s per process)    61%    1334.9 sec left
CG set 3288 / 5384    586.0464 GFlop/s     (586.0464 GFlop/s per process)    61%    1334.2 sec left
CG set 3289 / 5384    586.0485 GFlop/s     (586.0485 GFlop/s per process)    61%    1333.5 sec left
CG set 3290 / 5384    586.0562 GFlop/s     (586.0562 GFlop/s per process)    61%    1332.9 sec left
CG set 3291 / 5384    586.0606 GFlop/s     (586.0606 GFlop/s per process)    61%    1332.2 sec left
CG set 3292 / 5384    586.0626 GFlop/s     (586.0626 GFlop/s per process)    61%    1331.5 sec left
CG set 3293 / 5384    586.0641 GFlop/s     (586.0641 GFlop/s per process)    61%    1330.8 sec left
CG set 3294 / 5384    586.0664 GFlop/s     (586.0664 GFlop/s per process)    61%    1330.2 sec left
CG set 3295 / 5384    586.0680 GFlop/s     (586.0680 GFlop/s per process)    61%    1329.5 sec left
CG set 3296 / 5384    586.0696 GFlop/s     (586.0696 GFlop/s per process)    61%    1328.8 sec left
CG set 3297 / 5384    586.0699 GFlop/s     (586.0699 GFlop/s per process)    61%    1328.1 sec left
CG set 3298 / 5384    586.0716 GFlop/s     (586.0716 GFlop/s per process)    61%    1327.4 sec left
CG set 3299 / 5384    586.0726 GFlop/s     (586.0726 GFlop/s per process)    61%    1326.7 sec left
CG set 3300 / 5384    586.0802 GFlop/s     (586.0802 GFlop/s per process)    61%    1326.1 sec left
CG set 3301 / 5384    586.0821 GFlop/s     (586.0821 GFlop/s per process)    61%    1325.4 sec left
CG set 3302 / 5384    586.0842 GFlop/s     (586.0842 GFlop/s per process)    61%    1324.7 sec left
CG set 3303 / 5384    586.0853 GFlop/s     (586.0853 GFlop/s per process)    61%    1324.0 sec left
CG set 3304 / 5384    586.0868 GFlop/s     (586.0868 GFlop/s per process)    61%    1323.3 sec left
CG set 3305 / 5384    586.0873 GFlop/s     (586.0873 GFlop/s per process)    61%    1322.7 sec left
CG set 3306 / 5384    586.0891 GFlop/s     (586.0891 GFlop/s per process)    61%    1322.0 sec left
CG set 3307 / 5384    586.0912 GFlop/s     (586.0912 GFlop/s per process)    61%    1321.3 sec left
CG set 3308 / 5384    586.0929 GFlop/s     (586.0929 GFlop/s per process)    61%    1320.6 sec left
CG set 3309 / 5384    586.1009 GFlop/s     (586.1009 GFlop/s per process)    61%    1320.0 sec left
CG set 3310 / 5384    586.1025 GFlop/s     (586.1025 GFlop/s per process)    61%    1319.3 sec left
CG set 3311 / 5384    586.1024 GFlop/s     (586.1024 GFlop/s per process)    61%    1318.6 sec left
CG set 3312 / 5384    586.1048 GFlop/s     (586.1048 GFlop/s per process)    61%    1317.9 sec left
CG set 3313 / 5384    586.1076 GFlop/s     (586.1076 GFlop/s per process)    61%    1317.2 sec left
CG set 3314 / 5384    586.1101 GFlop/s     (586.1101 GFlop/s per process)    61%    1316.5 sec left
CG set 3315 / 5384    586.1121 GFlop/s     (586.1121 GFlop/s per process)    61%    1315.9 sec left
CG set 3316 / 5384    586.1136 GFlop/s     (586.1136 GFlop/s per process)    61%    1315.2 sec left
CG set 3317 / 5384    586.1143 GFlop/s     (586.1143 GFlop/s per process)    61%    1314.5 sec left
CG set 3318 / 5384    586.1224 GFlop/s     (586.1224 GFlop/s per process)    61%    1313.8 sec left
CG set 3319 / 5384    586.1244 GFlop/s     (586.1244 GFlop/s per process)    61%    1313.2 sec left
CG set 3320 / 5384    586.1257 GFlop/s     (586.1257 GFlop/s per process)    61%    1312.5 sec left
CG set 3321 / 5384    586.1279 GFlop/s     (586.1279 GFlop/s per process)    61%    1311.8 sec left
CG set 3322 / 5384    586.1292 GFlop/s     (586.1292 GFlop/s per process)    61%    1311.1 sec left
CG set 3323 / 5384    586.1302 GFlop/s     (586.1302 GFlop/s per process)    61%    1310.4 sec left
CG set 3324 / 5384    586.1302 GFlop/s     (586.1302 GFlop/s per process)    61%    1309.7 sec left
CG set 3325 / 5384    586.1321 GFlop/s     (586.1321 GFlop/s per process)    61%    1309.1 sec left
CG set 3326 / 5384    586.1339 GFlop/s     (586.1339 GFlop/s per process)    61%    1308.4 sec left
CG set 3327 / 5384    586.1415 GFlop/s     (586.1415 GFlop/s per process)    61%    1307.7 sec left
CG set 3328 / 5384    586.1428 GFlop/s     (586.1428 GFlop/s per process)    61%    1307.0 sec left
CG set 3329 / 5384    586.1452 GFlop/s     (586.1452 GFlop/s per process)    61%    1306.3 sec left
CG set 3330 / 5384    586.1476 GFlop/s     (586.1476 GFlop/s per process)    61%    1305.7 sec left
CG set 3331 / 5384    586.1498 GFlop/s     (586.1498 GFlop/s per process)    61%    1305.0 sec left
CG set 3332 / 5384    586.1523 GFlop/s     (586.1523 GFlop/s per process)    61%    1304.3 sec left
CG set 3333 / 5384    586.1534 GFlop/s     (586.1534 GFlop/s per process)    61%    1303.6 sec left
CG set 3334 / 5384    586.1559 GFlop/s     (586.1559 GFlop/s per process)    61%    1302.9 sec left
CG set 3335 / 5384    586.1581 GFlop/s     (586.1581 GFlop/s per process)    61%    1302.3 sec left
CG set 3336 / 5384    586.1659 GFlop/s     (586.1659 GFlop/s per process)    61%    1301.6 sec left
CG set 3337 / 5384    586.1679 GFlop/s     (586.1679 GFlop/s per process)    61%    1300.9 sec left
CG set 3338 / 5384    586.1699 GFlop/s     (586.1699 GFlop/s per process)    61%    1300.2 sec left
CG set 3339 / 5384    586.1723 GFlop/s     (586.1723 GFlop/s per process)    62%    1299.6 sec left
CG set 3340 / 5384    586.1739 GFlop/s     (586.1739 GFlop/s per process)    62%    1298.9 sec left
CG set 3341 / 5384    586.1762 GFlop/s     (586.1762 GFlop/s per process)    62%    1298.2 sec left
CG set 3342 / 5384    586.1780 GFlop/s     (586.1780 GFlop/s per process)    62%    1297.5 sec left
CG set 3343 / 5384    586.1793 GFlop/s     (586.1793 GFlop/s per process)    62%    1296.8 sec left
CG set 3344 / 5384    586.1801 GFlop/s     (586.1801 GFlop/s per process)    62%    1296.2 sec left
CG set 3345 / 5384    586.1878 GFlop/s     (586.1878 GFlop/s per process)    62%    1295.5 sec left
CG set 3346 / 5384    586.1898 GFlop/s     (586.1898 GFlop/s per process)    62%    1294.8 sec left
CG set 3347 / 5384    586.1918 GFlop/s     (586.1918 GFlop/s per process)    62%    1294.1 sec left
CG set 3348 / 5384    586.1939 GFlop/s     (586.1939 GFlop/s per process)    62%    1293.5 sec left
CG set 3349 / 5384    586.1954 GFlop/s     (586.1954 GFlop/s per process)    62%    1292.8 sec left
CG set 3350 / 5384    586.1962 GFlop/s     (586.1962 GFlop/s per process)    62%    1292.1 sec left
CG set 3351 / 5384    586.1984 GFlop/s     (586.1984 GFlop/s per process)    62%    1291.4 sec left
CG set 3352 / 5384    586.2024 GFlop/s     (586.2024 GFlop/s per process)    62%    1290.7 sec left
CG set 3353 / 5384    586.2060 GFlop/s     (586.2060 GFlop/s per process)    62%    1290.1 sec left
CG set 3354 / 5384    586.2133 GFlop/s     (586.2133 GFlop/s per process)    62%    1289.4 sec left
CG set 3355 / 5384    586.2166 GFlop/s     (586.2166 GFlop/s per process)    62%    1288.7 sec left
CG set 3356 / 5384    586.2238 GFlop/s     (586.2238 GFlop/s per process)    62%    1288.1 sec left
CG set 3357 / 5384    586.2290 GFlop/s     (586.2290 GFlop/s per process)    62%    1287.4 sec left
CG set 3358 / 5384    586.2332 GFlop/s     (586.2332 GFlop/s per process)    62%    1286.7 sec left
CG set 3359 / 5384    586.2343 GFlop/s     (586.2343 GFlop/s per process)    62%    1286.0 sec left
CG set 3360 / 5384    586.2381 GFlop/s     (586.2381 GFlop/s per process)    62%    1285.4 sec left
CG set 3361 / 5384    586.2391 GFlop/s     (586.2391 GFlop/s per process)    62%    1284.7 sec left
CG set 3362 / 5384    586.2394 GFlop/s     (586.2394 GFlop/s per process)    62%    1284.0 sec left
CG set 3363 / 5384    586.2465 GFlop/s     (586.2465 GFlop/s per process)    62%    1283.3 sec left
CG set 3364 / 5384    586.2468 GFlop/s     (586.2468 GFlop/s per process)    62%    1282.6 sec left
CG set 3365 / 5384    586.2476 GFlop/s     (586.2476 GFlop/s per process)    62%    1282.0 sec left
CG set 3366 / 5384    586.2486 GFlop/s     (586.2486 GFlop/s per process)    62%    1281.3 sec left
CG set 3367 / 5384    586.2499 GFlop/s     (586.2499 GFlop/s per process)    62%    1280.6 sec left
CG set 3368 / 5384    586.2513 GFlop/s     (586.2513 GFlop/s per process)    62%    1279.9 sec left
CG set 3369 / 5384    586.2553 GFlop/s     (586.2553 GFlop/s per process)    62%    1279.2 sec left
CG set 3370 / 5384    586.2564 GFlop/s     (586.2564 GFlop/s per process)    62%    1278.5 sec left
CG set 3371 / 5384    586.2572 GFlop/s     (586.2572 GFlop/s per process)    62%    1277.9 sec left
CG set 3372 / 5384    586.2644 GFlop/s     (586.2644 GFlop/s per process)    62%    1277.2 sec left
CG set 3373 / 5384    586.2661 GFlop/s     (586.2661 GFlop/s per process)    62%    1276.5 sec left
CG set 3374 / 5384    586.2670 GFlop/s     (586.2670 GFlop/s per process)    62%    1275.8 sec left
CG set 3375 / 5384    586.2680 GFlop/s     (586.2680 GFlop/s per process)    62%    1275.1 sec left
CG set 3376 / 5384    586.2686 GFlop/s     (586.2686 GFlop/s per process)    62%    1274.5 sec left
CG set 3377 / 5384    586.2701 GFlop/s     (586.2701 GFlop/s per process)    62%    1273.8 sec left
CG set 3378 / 5384    586.2711 GFlop/s     (586.2711 GFlop/s per process)    62%    1273.1 sec left
CG set 3379 / 5384    586.2725 GFlop/s     (586.2725 GFlop/s per process)    62%    1272.4 sec left
CG set 3380 / 5384    586.2737 GFlop/s     (586.2737 GFlop/s per process)    62%    1271.7 sec left
CG set 3381 / 5384    586.2808 GFlop/s     (586.2808 GFlop/s per process)    62%    1271.1 sec left
CG set 3382 / 5384    586.2824 GFlop/s     (586.2824 GFlop/s per process)    62%    1270.4 sec left
CG set 3383 / 5384    586.2833 GFlop/s     (586.2833 GFlop/s per process)    62%    1269.7 sec left
CG set 3384 / 5384    586.2831 GFlop/s     (586.2831 GFlop/s per process)    62%    1269.0 sec left
CG set 3385 / 5384    586.2840 GFlop/s     (586.2840 GFlop/s per process)    62%    1268.3 sec left
CG set 3386 / 5384    586.2854 GFlop/s     (586.2854 GFlop/s per process)    62%    1267.6 sec left
CG set 3387 / 5384    586.2857 GFlop/s     (586.2857 GFlop/s per process)    62%    1267.0 sec left
CG set 3388 / 5384    586.2861 GFlop/s     (586.2861 GFlop/s per process)    62%    1266.3 sec left
CG set 3389 / 5384    586.2867 GFlop/s     (586.2867 GFlop/s per process)    62%    1265.6 sec left
CG set 3390 / 5384    586.2879 GFlop/s     (586.2879 GFlop/s per process)    62%    1264.9 sec left
CG set 3391 / 5384    586.2949 GFlop/s     (586.2949 GFlop/s per process)    62%    1264.2 sec left
CG set 3392 / 5384    586.2964 GFlop/s     (586.2964 GFlop/s per process)    63%    1263.6 sec left
CG set 3393 / 5384    586.2982 GFlop/s     (586.2982 GFlop/s per process)    63%    1262.9 sec left
CG set 3394 / 5384    586.2999 GFlop/s     (586.2999 GFlop/s per process)    63%    1262.2 sec left
CG set 3395 / 5384    586.3008 GFlop/s     (586.3008 GFlop/s per process)    63%    1261.5 sec left
CG set 3396 / 5384    586.3014 GFlop/s     (586.3014 GFlop/s per process)    63%    1260.8 sec left
CG set 3397 / 5384    586.3029 GFlop/s     (586.3029 GFlop/s per process)    63%    1260.1 sec left
CG set 3398 / 5384    586.3038 GFlop/s     (586.3038 GFlop/s per process)    63%    1259.4 sec left
CG set 3399 / 5384    586.3057 GFlop/s     (586.3057 GFlop/s per process)    63%    1258.8 sec left
CG set 3400 / 5384    586.3125 GFlop/s     (586.3125 GFlop/s per process)    63%    1258.1 sec left
CG set 3401 / 5384    586.3139 GFlop/s     (586.3139 GFlop/s per process)    63%    1257.4 sec left
CG set 3402 / 5384    586.3147 GFlop/s     (586.3147 GFlop/s per process)    63%    1256.7 sec left
CG set 3403 / 5384    586.3155 GFlop/s     (586.3155 GFlop/s per process)    63%    1256.1 sec left
CG set 3404 / 5384    586.3169 GFlop/s     (586.3169 GFlop/s per process)    63%    1255.4 sec left
CG set 3405 / 5384    586.3180 GFlop/s     (586.3180 GFlop/s per process)    63%    1254.7 sec left
CG set 3406 / 5384    586.3194 GFlop/s     (586.3194 GFlop/s per process)    63%    1254.0 sec left
CG set 3407 / 5384    586.3214 GFlop/s     (586.3214 GFlop/s per process)    63%    1253.3 sec left
CG set 3408 / 5384    586.3227 GFlop/s     (586.3227 GFlop/s per process)    63%    1252.6 sec left
CG set 3409 / 5384    586.3298 GFlop/s     (586.3298 GFlop/s per process)    63%    1252.0 sec left
CG set 3410 / 5384    586.3315 GFlop/s     (586.3315 GFlop/s per process)    63%    1251.3 sec left
CG set 3411 / 5384    586.3327 GFlop/s     (586.3327 GFlop/s per process)    63%    1250.6 sec left
CG set 3412 / 5384    586.3345 GFlop/s     (586.3345 GFlop/s per process)    63%    1249.9 sec left
CG set 3413 / 5384    586.3361 GFlop/s     (586.3361 GFlop/s per process)    63%    1249.2 sec left
CG set 3414 / 5384    586.3377 GFlop/s     (586.3377 GFlop/s per process)    63%    1248.6 sec left
CG set 3415 / 5384    586.3394 GFlop/s     (586.3394 GFlop/s per process)    63%    1247.9 sec left
CG set 3416 / 5384    586.3412 GFlop/s     (586.3412 GFlop/s per process)    63%    1247.2 sec left
CG set 3417 / 5384    586.3434 GFlop/s     (586.3434 GFlop/s per process)    63%    1246.5 sec left
CG set 3418 / 5384    586.3445 GFlop/s     (586.3445 GFlop/s per process)    63%    1245.8 sec left
CG set 3419 / 5384    586.3512 GFlop/s     (586.3512 GFlop/s per process)    63%    1245.2 sec left
CG set 3420 / 5384    586.3527 GFlop/s     (586.3527 GFlop/s per process)    63%    1244.5 sec left
CG set 3421 / 5384    586.3541 GFlop/s     (586.3541 GFlop/s per process)    63%    1243.8 sec left
CG set 3422 / 5384    586.3555 GFlop/s     (586.3555 GFlop/s per process)    63%    1243.1 sec left
CG set 3423 / 5384    586.3567 GFlop/s     (586.3567 GFlop/s per process)    63%    1242.4 sec left
CG set 3424 / 5384    586.3583 GFlop/s     (586.3583 GFlop/s per process)    63%    1241.8 sec left
CG set 3425 / 5384    586.3596 GFlop/s     (586.3596 GFlop/s per process)    63%    1241.1 sec left
CG set 3426 / 5384    586.3610 GFlop/s     (586.3610 GFlop/s per process)    63%    1240.4 sec left
CG set 3427 / 5384    586.3617 GFlop/s     (586.3617 GFlop/s per process)    63%    1239.7 sec left
CG set 3428 / 5384    586.3682 GFlop/s     (586.3682 GFlop/s per process)    63%    1239.0 sec left
CG set 3429 / 5384    586.3691 GFlop/s     (586.3691 GFlop/s per process)    63%    1238.4 sec left
CG set 3430 / 5384    586.3705 GFlop/s     (586.3705 GFlop/s per process)    63%    1237.7 sec left
CG set 3431 / 5384    586.3745 GFlop/s     (586.3745 GFlop/s per process)    63%    1237.0 sec left
CG set 3432 / 5384    586.3775 GFlop/s     (586.3775 GFlop/s per process)    63%    1236.3 sec left
CG set 3433 / 5384    586.3797 GFlop/s     (586.3797 GFlop/s per process)    63%    1235.7 sec left
CG set 3434 / 5384    586.3862 GFlop/s     (586.3862 GFlop/s per process)    63%    1235.0 sec left
CG set 3435 / 5384    586.3907 GFlop/s     (586.3907 GFlop/s per process)    63%    1234.3 sec left
CG set 3436 / 5384    586.3973 GFlop/s     (586.3973 GFlop/s per process)    63%    1233.7 sec left
CG set 3437 / 5384    586.4006 GFlop/s     (586.4006 GFlop/s per process)    63%    1233.0 sec left
CG set 3438 / 5384    586.4010 GFlop/s     (586.4010 GFlop/s per process)    63%    1232.3 sec left
CG set 3439 / 5384    586.4041 GFlop/s     (586.4041 GFlop/s per process)    63%    1231.6 sec left
CG set 3440 / 5384    586.4043 GFlop/s     (586.4043 GFlop/s per process)    63%    1230.9 sec left
CG set 3441 / 5384    586.4031 GFlop/s     (586.4031 GFlop/s per process)    63%    1230.2 sec left
CG set 3442 / 5384    586.4033 GFlop/s     (586.4033 GFlop/s per process)    63%    1229.5 sec left
CG set 3443 / 5384    586.4037 GFlop/s     (586.4037 GFlop/s per process)    63%    1228.9 sec left
CG set 3444 / 5384    586.4044 GFlop/s     (586.4044 GFlop/s per process)    63%    1228.2 sec left
CG set 3445 / 5384    586.4047 GFlop/s     (586.4047 GFlop/s per process)    63%    1227.5 sec left
CG set 3446 / 5384    586.4110 GFlop/s     (586.4110 GFlop/s per process)    64%    1226.8 sec left
CG set 3447 / 5384    586.4117 GFlop/s     (586.4117 GFlop/s per process)    64%    1226.1 sec left
CG set 3448 / 5384    586.4139 GFlop/s     (586.4139 GFlop/s per process)    64%    1225.5 sec left
CG set 3449 / 5384    586.4148 GFlop/s     (586.4148 GFlop/s per process)    64%    1224.8 sec left
CG set 3450 / 5384    586.4149 GFlop/s     (586.4149 GFlop/s per process)    64%    1224.1 sec left
CG set 3451 / 5384    586.4158 GFlop/s     (586.4158 GFlop/s per process)    64%    1223.4 sec left
CG set 3452 / 5384    586.4163 GFlop/s     (586.4163 GFlop/s per process)    64%    1222.7 sec left
CG set 3453 / 5384    586.4166 GFlop/s     (586.4166 GFlop/s per process)    64%    1222.0 sec left
CG set 3454 / 5384    586.4170 GFlop/s     (586.4170 GFlop/s per process)    64%    1221.3 sec left
CG set 3455 / 5384    586.4167 GFlop/s     (586.4167 GFlop/s per process)    64%    1220.7 sec left
CG set 3456 / 5384    586.4229 GFlop/s     (586.4229 GFlop/s per process)    64%    1220.0 sec left
CG set 3457 / 5384    586.4232 GFlop/s     (586.4232 GFlop/s per process)    64%    1219.3 sec left
CG set 3458 / 5384    586.4240 GFlop/s     (586.4240 GFlop/s per process)    64%    1218.6 sec left
CG set 3459 / 5384    586.4242 GFlop/s     (586.4242 GFlop/s per process)    64%    1217.9 sec left
CG set 3460 / 5384    586.4254 GFlop/s     (586.4254 GFlop/s per process)    64%    1217.2 sec left
CG set 3461 / 5384    586.4254 GFlop/s     (586.4254 GFlop/s per process)    64%    1216.6 sec left
CG set 3462 / 5384    586.4255 GFlop/s     (586.4255 GFlop/s per process)    64%    1215.9 sec left
CG set 3463 / 5384    586.4261 GFlop/s     (586.4261 GFlop/s per process)    64%    1215.2 sec left
CG set 3464 / 5384    586.4270 GFlop/s     (586.4270 GFlop/s per process)    64%    1214.5 sec left
CG set 3465 / 5384    586.4332 GFlop/s     (586.4332 GFlop/s per process)    64%    1213.8 sec left
CG set 3466 / 5384    586.4334 GFlop/s     (586.4334 GFlop/s per process)    64%    1213.1 sec left
CG set 3467 / 5384    586.4325 GFlop/s     (586.4325 GFlop/s per process)    64%    1212.5 sec left
CG set 3468 / 5384    586.4324 GFlop/s     (586.4324 GFlop/s per process)    64%    1211.8 sec left
CG set 3469 / 5384    586.4323 GFlop/s     (586.4323 GFlop/s per process)    64%    1211.1 sec left
CG set 3470 / 5384    586.4336 GFlop/s     (586.4336 GFlop/s per process)    64%    1210.4 sec left
CG set 3471 / 5384    586.4348 GFlop/s     (586.4348 GFlop/s per process)    64%    1209.7 sec left
CG set 3472 / 5384    586.4343 GFlop/s     (586.4343 GFlop/s per process)    64%    1209.0 sec left
CG set 3473 / 5384    586.4348 GFlop/s     (586.4348 GFlop/s per process)    64%    1208.3 sec left
CG set 3474 / 5384    586.4347 GFlop/s     (586.4347 GFlop/s per process)    64%    1207.6 sec left
CG set 3475 / 5384    586.4412 GFlop/s     (586.4412 GFlop/s per process)    64%    1207.0 sec left
CG set 3476 / 5384    586.4422 GFlop/s     (586.4422 GFlop/s per process)    64%    1206.3 sec left
CG set 3477 / 5384    586.4425 GFlop/s     (586.4425 GFlop/s per process)    64%    1205.6 sec left
CG set 3478 / 5384    586.4425 GFlop/s     (586.4425 GFlop/s per process)    64%    1204.9 sec left
CG set 3479 / 5384    586.4436 GFlop/s     (586.4436 GFlop/s per process)    64%    1204.2 sec left
CG set 3480 / 5384    586.4435 GFlop/s     (586.4435 GFlop/s per process)    64%    1203.5 sec left
CG set 3481 / 5384    586.4437 GFlop/s     (586.4437 GFlop/s per process)    64%    1202.9 sec left
CG set 3482 / 5384    586.4445 GFlop/s     (586.4445 GFlop/s per process)    64%    1202.2 sec left
CG set 3483 / 5384    586.4456 GFlop/s     (586.4456 GFlop/s per process)    64%    1201.5 sec left
CG set 3484 / 5384    586.4468 GFlop/s     (586.4468 GFlop/s per process)    64%    1200.8 sec left
CG set 3485 / 5384    586.4531 GFlop/s     (586.4531 GFlop/s per process)    64%    1200.1 sec left
CG set 3486 / 5384    586.4544 GFlop/s     (586.4544 GFlop/s per process)    64%    1199.5 sec left
CG set 3487 / 5384    586.4558 GFlop/s     (586.4558 GFlop/s per process)    64%    1198.8 sec left
CG set 3488 / 5384    586.4573 GFlop/s     (586.4573 GFlop/s per process)    64%    1198.1 sec left
CG set 3489 / 5384    586.4587 GFlop/s     (586.4587 GFlop/s per process)    64%    1197.4 sec left
CG set 3490 / 5384    586.4601 GFlop/s     (586.4601 GFlop/s per process)    64%    1196.7 sec left
CG set 3491 / 5384    586.4614 GFlop/s     (586.4614 GFlop/s per process)    64%    1196.0 sec left
CG set 3492 / 5384    586.4620 GFlop/s     (586.4620 GFlop/s per process)    64%    1195.4 sec left
CG set 3493 / 5384    586.4638 GFlop/s     (586.4638 GFlop/s per process)    64%    1194.7 sec left
CG set 3494 / 5384    586.4706 GFlop/s     (586.4706 GFlop/s per process)    64%    1194.0 sec left
CG set 3495 / 5384    586.4712 GFlop/s     (586.4712 GFlop/s per process)    64%    1193.3 sec left
CG set 3496 / 5384    586.4731 GFlop/s     (586.4731 GFlop/s per process)    64%    1192.6 sec left
CG set 3497 / 5384    586.4740 GFlop/s     (586.4740 GFlop/s per process)    64%    1192.0 sec left
CG set 3498 / 5384    586.4760 GFlop/s     (586.4760 GFlop/s per process)    64%    1191.3 sec left
CG set 3499 / 5384    586.4765 GFlop/s     (586.4765 GFlop/s per process)    64%    1190.6 sec left
CG set 3500 / 5384    586.4782 GFlop/s     (586.4782 GFlop/s per process)    65%    1189.9 sec left
CG set 3501 / 5384    586.4794 GFlop/s     (586.4794 GFlop/s per process)    65%    1189.2 sec left
CG set 3502 / 5384    586.4809 GFlop/s     (586.4809 GFlop/s per process)    65%    1188.6 sec left
CG set 3503 / 5384    586.4879 GFlop/s     (586.4879 GFlop/s per process)    65%    1187.9 sec left
CG set 3504 / 5384    586.4895 GFlop/s     (586.4895 GFlop/s per process)    65%    1187.2 sec left
CG set 3505 / 5384    586.4908 GFlop/s     (586.4908 GFlop/s per process)    65%    1186.5 sec left
CG set 3506 / 5384    586.4918 GFlop/s     (586.4918 GFlop/s per process)    65%    1185.8 sec left
CG set 3507 / 5384    586.4930 GFlop/s     (586.4930 GFlop/s per process)    65%    1185.2 sec left
CG set 3508 / 5384    586.4950 GFlop/s     (586.4950 GFlop/s per process)    65%    1184.5 sec left
CG set 3509 / 5384    586.4996 GFlop/s     (586.4996 GFlop/s per process)    65%    1183.8 sec left
CG set 3510 / 5384    586.5031 GFlop/s     (586.5031 GFlop/s per process)    65%    1183.1 sec left
CG set 3511 / 5384    586.5059 GFlop/s     (586.5059 GFlop/s per process)    65%    1182.5 sec left
CG set 3512 / 5384    586.5129 GFlop/s     (586.5129 GFlop/s per process)    65%    1181.8 sec left
CG set 3513 / 5384    586.5199 GFlop/s     (586.5199 GFlop/s per process)    65%    1181.1 sec left
CG set 3514 / 5384    586.5239 GFlop/s     (586.5239 GFlop/s per process)    65%    1180.5 sec left
CG set 3515 / 5384    586.5267 GFlop/s     (586.5267 GFlop/s per process)    65%    1179.8 sec left
CG set 3516 / 5384    586.5286 GFlop/s     (586.5286 GFlop/s per process)    65%    1179.1 sec left
CG set 3517 / 5384    586.5311 GFlop/s     (586.5311 GFlop/s per process)    65%    1178.4 sec left
CG set 3518 / 5384    586.5319 GFlop/s     (586.5319 GFlop/s per process)    65%    1177.7 sec left
CG set 3519 / 5384    586.5320 GFlop/s     (586.5320 GFlop/s per process)    65%    1177.1 sec left
CG set 3520 / 5384    586.5330 GFlop/s     (586.5330 GFlop/s per process)    65%    1176.4 sec left
CG set 3521 / 5384    586.5401 GFlop/s     (586.5401 GFlop/s per process)    65%    1175.7 sec left
CG set 3522 / 5384    586.5412 GFlop/s     (586.5412 GFlop/s per process)    65%    1175.0 sec left
CG set 3523 / 5384    586.5421 GFlop/s     (586.5421 GFlop/s per process)    65%    1174.3 sec left
CG set 3524 / 5384    586.5432 GFlop/s     (586.5432 GFlop/s per process)    65%    1173.7 sec left
CG set 3525 / 5384    586.5448 GFlop/s     (586.5448 GFlop/s per process)    65%    1173.0 sec left
CG set 3526 / 5384    586.5485 GFlop/s     (586.5485 GFlop/s per process)    65%    1172.3 sec left
CG set 3527 / 5384    586.5496 GFlop/s     (586.5496 GFlop/s per process)    65%    1171.6 sec left
CG set 3528 / 5384    586.5502 GFlop/s     (586.5502 GFlop/s per process)    65%    1170.9 sec left
CG set 3529 / 5384    586.5517 GFlop/s     (586.5517 GFlop/s per process)    65%    1170.3 sec left
CG set 3530 / 5384    586.5587 GFlop/s     (586.5587 GFlop/s per process)    65%    1169.6 sec left
CG set 3531 / 5384    586.5599 GFlop/s     (586.5599 GFlop/s per process)    65%    1168.9 sec left
CG set 3532 / 5384    586.5596 GFlop/s     (586.5596 GFlop/s per process)    65%    1168.2 sec left
CG set 3533 / 5384    586.5606 GFlop/s     (586.5606 GFlop/s per process)    65%    1167.5 sec left
CG set 3534 / 5384    586.5617 GFlop/s     (586.5617 GFlop/s per process)    65%    1166.9 sec left
CG set 3535 / 5384    586.5625 GFlop/s     (586.5625 GFlop/s per process)    65%    1166.2 sec left
CG set 3536 / 5384    586.5635 GFlop/s     (586.5635 GFlop/s per process)    65%    1165.5 sec left
CG set 3537 / 5384    586.5649 GFlop/s     (586.5649 GFlop/s per process)    65%    1164.8 sec left
CG set 3538 / 5384    586.5657 GFlop/s     (586.5657 GFlop/s per process)    65%    1164.1 sec left
CG set 3539 / 5384    586.5727 GFlop/s     (586.5727 GFlop/s per process)    65%    1163.5 sec left
CG set 3540 / 5384    586.5737 GFlop/s     (586.5737 GFlop/s per process)    65%    1162.8 sec left
CG set 3541 / 5384    586.5746 GFlop/s     (586.5746 GFlop/s per process)    65%    1162.1 sec left
CG set 3542 / 5384    586.5750 GFlop/s     (586.5750 GFlop/s per process)    65%    1161.4 sec left
CG set 3543 / 5384    586.5769 GFlop/s     (586.5769 GFlop/s per process)    65%    1160.7 sec left
CG set 3544 / 5384    586.5769 GFlop/s     (586.5769 GFlop/s per process)    65%    1160.0 sec left
CG set 3545 / 5384    586.5778 GFlop/s     (586.5778 GFlop/s per process)    65%    1159.3 sec left
CG set 3546 / 5384    586.5775 GFlop/s     (586.5775 GFlop/s per process)    65%    1158.7 sec left
CG set 3547 / 5384    586.5792 GFlop/s     (586.5792 GFlop/s per process)    65%    1158.0 sec left
CG set 3548 / 5384    586.5813 GFlop/s     (586.5813 GFlop/s per process)    65%    1157.3 sec left
CG set 3549 / 5384    586.5884 GFlop/s     (586.5884 GFlop/s per process)    65%    1156.6 sec left
CG set 3550 / 5384    586.5903 GFlop/s     (586.5903 GFlop/s per process)    65%    1156.0 sec left
CG set 3551 / 5384    586.5920 GFlop/s     (586.5920 GFlop/s per process)    65%    1155.3 sec left
CG set 3552 / 5384    586.5932 GFlop/s     (586.5932 GFlop/s per process)    65%    1154.6 sec left
CG set 3553 / 5384    586.5938 GFlop/s     (586.5938 GFlop/s per process)    65%    1153.9 sec left
CG set 3554 / 5384    586.5954 GFlop/s     (586.5954 GFlop/s per process)    66%    1153.2 sec left
CG set 3555 / 5384    586.5967 GFlop/s     (586.5967 GFlop/s per process)    66%    1152.5 sec left
CG set 3556 / 5384    586.5984 GFlop/s     (586.5984 GFlop/s per process)    66%    1151.9 sec left
CG set 3557 / 5384    586.6003 GFlop/s     (586.6003 GFlop/s per process)    66%    1151.2 sec left
CG set 3558 / 5384    586.6076 GFlop/s     (586.6076 GFlop/s per process)    66%    1150.5 sec left
CG set 3559 / 5384    586.6084 GFlop/s     (586.6084 GFlop/s per process)    66%    1149.8 sec left
CG set 3560 / 5384    586.6094 GFlop/s     (586.6094 GFlop/s per process)    66%    1149.2 sec left
CG set 3561 / 5384    586.6109 GFlop/s     (586.6109 GFlop/s per process)    66%    1148.5 sec left
CG set 3562 / 5384    586.6121 GFlop/s     (586.6121 GFlop/s per process)    66%    1147.8 sec left
CG set 3563 / 5384    586.6137 GFlop/s     (586.6137 GFlop/s per process)    66%    1147.1 sec left
CG set 3564 / 5384    586.6147 GFlop/s     (586.6147 GFlop/s per process)    66%    1146.4 sec left
CG set 3565 / 5384    586.6174 GFlop/s     (586.6174 GFlop/s per process)    66%    1145.7 sec left
CG set 3566 / 5384    586.6193 GFlop/s     (586.6193 GFlop/s per process)    66%    1145.1 sec left
CG set 3567 / 5384    586.6263 GFlop/s     (586.6263 GFlop/s per process)    66%    1144.4 sec left
CG set 3568 / 5384    586.6282 GFlop/s     (586.6282 GFlop/s per process)    66%    1143.7 sec left
CG set 3569 / 5384    586.6300 GFlop/s     (586.6300 GFlop/s per process)    66%    1143.0 sec left
CG set 3570 / 5384    586.6314 GFlop/s     (586.6314 GFlop/s per process)    66%    1142.4 sec left
CG set 3571 / 5384    586.6325 GFlop/s     (586.6325 GFlop/s per process)    66%    1141.7 sec left
CG set 3572 / 5384    586.6347 GFlop/s     (586.6347 GFlop/s per process)    66%    1141.0 sec left
CG set 3573 / 5384    586.6370 GFlop/s     (586.6370 GFlop/s per process)    66%    1140.3 sec left
CG set 3574 / 5384    586.6397 GFlop/s     (586.6397 GFlop/s per process)    66%    1139.6 sec left
CG set 3575 / 5384    586.6412 GFlop/s     (586.6412 GFlop/s per process)    66%    1139.0 sec left
CG set 3576 / 5384    586.6482 GFlop/s     (586.6482 GFlop/s per process)    66%    1138.3 sec left
CG set 3577 / 5384    586.6501 GFlop/s     (586.6501 GFlop/s per process)    66%    1137.6 sec left
CG set 3578 / 5384    586.6524 GFlop/s     (586.6524 GFlop/s per process)    66%    1136.9 sec left
CG set 3579 / 5384    586.6544 GFlop/s     (586.6544 GFlop/s per process)    66%    1136.3 sec left
CG set 3580 / 5384    586.6564 GFlop/s     (586.6564 GFlop/s per process)    66%    1135.6 sec left
CG set 3581 / 5384    586.6585 GFlop/s     (586.6585 GFlop/s per process)    66%    1134.9 sec left
CG set 3582 / 5384    586.6605 GFlop/s     (586.6605 GFlop/s per process)    66%    1134.2 sec left
CG set 3583 / 5384    586.6626 GFlop/s     (586.6626 GFlop/s per process)    66%    1133.5 sec left
CG set 3584 / 5384    586.6634 GFlop/s     (586.6634 GFlop/s per process)    66%    1132.9 sec left
CG set 3585 / 5384    586.6710 GFlop/s     (586.6710 GFlop/s per process)    66%    1132.2 sec left
CG set 3586 / 5384    586.6728 GFlop/s     (586.6728 GFlop/s per process)    66%    1131.5 sec left
CG set 3587 / 5384    586.6752 GFlop/s     (586.6752 GFlop/s per process)    66%    1130.8 sec left
CG set 3588 / 5384    586.6802 GFlop/s     (586.6802 GFlop/s per process)    66%    1130.2 sec left
CG set 3589 / 5384    586.6843 GFlop/s     (586.6843 GFlop/s per process)    66%    1129.5 sec left
CG set 3590 / 5384    586.6877 GFlop/s     (586.6877 GFlop/s per process)    66%    1128.8 sec left
CG set 3591 / 5384    586.6948 GFlop/s     (586.6948 GFlop/s per process)    66%    1128.2 sec left
CG set 3592 / 5384    586.6992 GFlop/s     (586.6992 GFlop/s per process)    66%    1127.5 sec left
CG set 3593 / 5384    586.7061 GFlop/s     (586.7061 GFlop/s per process)    66%    1126.9 sec left
CG set 3594 / 5384    586.7105 GFlop/s     (586.7105 GFlop/s per process)    66%    1126.2 sec left
CG set 3595 / 5384    586.7127 GFlop/s     (586.7127 GFlop/s per process)    66%    1125.5 sec left
CG set 3596 / 5384    586.7168 GFlop/s     (586.7168 GFlop/s per process)    66%    1124.8 sec left
CG set 3597 / 5384    586.7168 GFlop/s     (586.7168 GFlop/s per process)    66%    1124.1 sec left
CG set 3598 / 5384    586.7179 GFlop/s     (586.7179 GFlop/s per process)    66%    1123.5 sec left
CG set 3599 / 5384    586.7180 GFlop/s     (586.7180 GFlop/s per process)    66%    1122.8 sec left
CG set 3600 / 5384    586.7194 GFlop/s     (586.7194 GFlop/s per process)    66%    1122.1 sec left
CG set 3601 / 5384    586.7203 GFlop/s     (586.7203 GFlop/s per process)    66%    1121.4 sec left
CG set 3602 / 5384    586.7276 GFlop/s     (586.7276 GFlop/s per process)    66%    1120.7 sec left
CG set 3603 / 5384    586.7292 GFlop/s     (586.7292 GFlop/s per process)    66%    1120.1 sec left
CG set 3604 / 5384    586.7308 GFlop/s     (586.7308 GFlop/s per process)    66%    1119.4 sec left
CG set 3605 / 5384    586.7350 GFlop/s     (586.7350 GFlop/s per process)    66%    1118.7 sec left
CG set 3606 / 5384    586.7368 GFlop/s     (586.7368 GFlop/s per process)    66%    1118.0 sec left
CG set 3607 / 5384    586.7379 GFlop/s     (586.7379 GFlop/s per process)    66%    1117.3 sec left
CG set 3608 / 5384    586.7396 GFlop/s     (586.7396 GFlop/s per process)    67%    1116.7 sec left
CG set 3609 / 5384    586.7413 GFlop/s     (586.7413 GFlop/s per process)    67%    1116.0 sec left
CG set 3610 / 5384    586.7421 GFlop/s     (586.7421 GFlop/s per process)    67%    1115.3 sec left
CG set 3611 / 5384    586.7492 GFlop/s     (586.7492 GFlop/s per process)    67%    1114.6 sec left
CG set 3612 / 5384    586.7501 GFlop/s     (586.7501 GFlop/s per process)    67%    1114.0 sec left
CG set 3613 / 5384    586.7515 GFlop/s     (586.7515 GFlop/s per process)    67%    1113.3 sec left
CG set 3614 / 5384    586.7531 GFlop/s     (586.7531 GFlop/s per process)    67%    1112.6 sec left
CG set 3615 / 5384    586.7546 GFlop/s     (586.7546 GFlop/s per process)    67%    1111.9 sec left
CG set 3616 / 5384    586.7563 GFlop/s     (586.7563 GFlop/s per process)    67%    1111.2 sec left
CG set 3617 / 5384    586.7583 GFlop/s     (586.7583 GFlop/s per process)    67%    1110.6 sec left
CG set 3618 / 5384    586.7592 GFlop/s     (586.7592 GFlop/s per process)    67%    1109.9 sec left
CG set 3619 / 5384    586.7605 GFlop/s     (586.7605 GFlop/s per process)    67%    1109.2 sec left
CG set 3620 / 5384    586.7675 GFlop/s     (586.7675 GFlop/s per process)    67%    1108.5 sec left
CG set 3621 / 5384    586.7687 GFlop/s     (586.7687 GFlop/s per process)    67%    1107.8 sec left
CG set 3622 / 5384    586.7706 GFlop/s     (586.7706 GFlop/s per process)    67%    1107.2 sec left
CG set 3623 / 5384    586.7708 GFlop/s     (586.7708 GFlop/s per process)    67%    1106.5 sec left
CG set 3624 / 5384    586.7718 GFlop/s     (586.7718 GFlop/s per process)    67%    1105.8 sec left
CG set 3625 / 5384    586.7726 GFlop/s     (586.7726 GFlop/s per process)    67%    1105.1 sec left
CG set 3626 / 5384    586.7747 GFlop/s     (586.7747 GFlop/s per process)    67%    1104.4 sec left
CG set 3627 / 5384    586.7772 GFlop/s     (586.7772 GFlop/s per process)    67%    1103.8 sec left
CG set 3628 / 5384    586.7795 GFlop/s     (586.7795 GFlop/s per process)    67%    1103.1 sec left
CG set 3629 / 5384    586.7866 GFlop/s     (586.7866 GFlop/s per process)    67%    1102.4 sec left
CG set 3630 / 5384    586.7885 GFlop/s     (586.7885 GFlop/s per process)    67%    1101.7 sec left
CG set 3631 / 5384    586.7899 GFlop/s     (586.7899 GFlop/s per process)    67%    1101.1 sec left
CG set 3632 / 5384    586.7912 GFlop/s     (586.7912 GFlop/s per process)    67%    1100.4 sec left
CG set 3633 / 5384    586.7930 GFlop/s     (586.7930 GFlop/s per process)    67%    1099.7 sec left
CG set 3634 / 5384    586.7937 GFlop/s     (586.7937 GFlop/s per process)    67%    1099.0 sec left
CG set 3635 / 5384    586.7957 GFlop/s     (586.7957 GFlop/s per process)    67%    1098.3 sec left
CG set 3636 / 5384    586.7980 GFlop/s     (586.7980 GFlop/s per process)    67%    1097.6 sec left
CG set 3637 / 5384    586.7993 GFlop/s     (586.7993 GFlop/s per process)    67%    1097.0 sec left
CG set 3638 / 5384    586.8063 GFlop/s     (586.8063 GFlop/s per process)    67%    1096.3 sec left
CG set 3639 / 5384    586.8073 GFlop/s     (586.8073 GFlop/s per process)    67%    1095.6 sec left
CG set 3640 / 5384    586.8090 GFlop/s     (586.8090 GFlop/s per process)    67%    1094.9 sec left
CG set 3641 / 5384    586.8108 GFlop/s     (586.8108 GFlop/s per process)    67%    1094.3 sec left
CG set 3642 / 5384    586.8125 GFlop/s     (586.8125 GFlop/s per process)    67%    1093.6 sec left
CG set 3643 / 5384    586.8148 GFlop/s     (586.8148 GFlop/s per process)    67%    1092.9 sec left
CG set 3644 / 5384    586.8172 GFlop/s     (586.8172 GFlop/s per process)    67%    1092.2 sec left
CG set 3645 / 5384    586.8181 GFlop/s     (586.8181 GFlop/s per process)    67%    1091.5 sec left
CG set 3646 / 5384    586.8200 GFlop/s     (586.8200 GFlop/s per process)    67%    1090.9 sec left
CG set 3647 / 5384    586.8269 GFlop/s     (586.8269 GFlop/s per process)    67%    1090.2 sec left
CG set 3648 / 5384    586.8290 GFlop/s     (586.8290 GFlop/s per process)    67%    1089.5 sec left
CG set 3649 / 5384    586.8303 GFlop/s     (586.8303 GFlop/s per process)    67%    1088.8 sec left
CG set 3650 / 5384    586.8327 GFlop/s     (586.8327 GFlop/s per process)    67%    1088.2 sec left
CG set 3651 / 5384    586.8348 GFlop/s     (586.8348 GFlop/s per process)    67%    1087.5 sec left
CG set 3652 / 5384    586.8375 GFlop/s     (586.8375 GFlop/s per process)    67%    1086.8 sec left
CG set 3653 / 5384    586.8399 GFlop/s     (586.8399 GFlop/s per process)    67%    1086.1 sec left
CG set 3654 / 5384    586.8414 GFlop/s     (586.8414 GFlop/s per process)    67%    1085.4 sec left
CG set 3655 / 5384    586.8434 GFlop/s     (586.8434 GFlop/s per process)    67%    1084.8 sec left
CG set 3656 / 5384    586.8505 GFlop/s     (586.8505 GFlop/s per process)    67%    1084.1 sec left
CG set 3657 / 5384    586.8525 GFlop/s     (586.8525 GFlop/s per process)    67%    1083.4 sec left
CG set 3658 / 5384    586.8546 GFlop/s     (586.8546 GFlop/s per process)    67%    1082.8 sec left
CG set 3659 / 5384    586.8565 GFlop/s     (586.8565 GFlop/s per process)    67%    1082.1 sec left
CG set 3660 / 5384    586.8583 GFlop/s     (586.8583 GFlop/s per process)    67%    1081.4 sec left
CG set 3661 / 5384    586.8600 GFlop/s     (586.8600 GFlop/s per process)    67%    1080.7 sec left
CG set 3662 / 5384    586.8621 GFlop/s     (586.8621 GFlop/s per process)    68%    1080.0 sec left
CG set 3663 / 5384    586.8638 GFlop/s     (586.8638 GFlop/s per process)    68%    1079.4 sec left
CG set 3664 / 5384    586.8654 GFlop/s     (586.8654 GFlop/s per process)    68%    1078.7 sec left
CG set 3665 / 5384    586.8723 GFlop/s     (586.8723 GFlop/s per process)    68%    1078.0 sec left
CG set 3666 / 5384    586.8744 GFlop/s     (586.8744 GFlop/s per process)    68%    1077.3 sec left
CG set 3667 / 5384    586.8790 GFlop/s     (586.8790 GFlop/s per process)    68%    1076.7 sec left
CG set 3668 / 5384    586.8827 GFlop/s     (586.8827 GFlop/s per process)    68%    1076.0 sec left
CG set 3669 / 5384    586.8856 GFlop/s     (586.8856 GFlop/s per process)    68%    1075.3 sec left
CG set 3670 / 5384    586.8926 GFlop/s     (586.8926 GFlop/s per process)    68%    1074.7 sec left
CG set 3671 / 5384    586.8973 GFlop/s     (586.8973 GFlop/s per process)    68%    1074.0 sec left
CG set 3672 / 5384    586.9014 GFlop/s     (586.9014 GFlop/s per process)    68%    1073.3 sec left
CG set 3673 / 5384    586.9083 GFlop/s     (586.9083 GFlop/s per process)    68%    1072.7 sec left
CG set 3674 / 5384    586.9097 GFlop/s     (586.9097 GFlop/s per process)    68%    1072.0 sec left
CG set 3675 / 5384    586.9131 GFlop/s     (586.9131 GFlop/s per process)    68%    1071.3 sec left
CG set 3676 / 5384    586.9139 GFlop/s     (586.9139 GFlop/s per process)    68%    1070.6 sec left
CG set 3677 / 5384    586.9147 GFlop/s     (586.9147 GFlop/s per process)    68%    1069.9 sec left
CG set 3678 / 5384    586.9156 GFlop/s     (586.9156 GFlop/s per process)    68%    1069.3 sec left
CG set 3679 / 5384    586.9167 GFlop/s     (586.9167 GFlop/s per process)    68%    1068.6 sec left
CG set 3680 / 5384    586.9177 GFlop/s     (586.9177 GFlop/s per process)    68%    1067.9 sec left
CG set 3681 / 5384    586.9191 GFlop/s     (586.9191 GFlop/s per process)    68%    1067.2 sec left
CG set 3682 / 5384    586.9259 GFlop/s     (586.9259 GFlop/s per process)    68%    1066.6 sec left
CG set 3683 / 5384    586.9276 GFlop/s     (586.9276 GFlop/s per process)    68%    1065.9 sec left
CG set 3684 / 5384    586.9314 GFlop/s     (586.9314 GFlop/s per process)    68%    1065.2 sec left
CG set 3685 / 5384    586.9331 GFlop/s     (586.9331 GFlop/s per process)    68%    1064.5 sec left
CG set 3686 / 5384    586.9340 GFlop/s     (586.9340 GFlop/s per process)    68%    1063.8 sec left
CG set 3687 / 5384    586.9358 GFlop/s     (586.9358 GFlop/s per process)    68%    1063.2 sec left
CG set 3688 / 5384    586.9372 GFlop/s     (586.9372 GFlop/s per process)    68%    1062.5 sec left
CG set 3689 / 5384    586.9380 GFlop/s     (586.9380 GFlop/s per process)    68%    1061.8 sec left
CG set 3690 / 5384    586.9391 GFlop/s     (586.9391 GFlop/s per process)    68%    1061.1 sec left
CG set 3691 / 5384    586.9458 GFlop/s     (586.9458 GFlop/s per process)    68%    1060.4 sec left
CG set 3692 / 5384    586.9467 GFlop/s     (586.9467 GFlop/s per process)    68%    1059.8 sec left
CG set 3693 / 5384    586.9476 GFlop/s     (586.9476 GFlop/s per process)    68%    1059.1 sec left
CG set 3694 / 5384    586.9489 GFlop/s     (586.9489 GFlop/s per process)    68%    1058.4 sec left
CG set 3695 / 5384    586.9503 GFlop/s     (586.9503 GFlop/s per process)    68%    1057.7 sec left
CG set 3696 / 5384    586.9522 GFlop/s     (586.9522 GFlop/s per process)    68%    1057.0 sec left
CG set 3697 / 5384    586.9532 GFlop/s     (586.9532 GFlop/s per process)    68%    1056.3 sec left
CG set 3698 / 5384    586.9542 GFlop/s     (586.9542 GFlop/s per process)    68%    1055.7 sec left
CG set 3699 / 5384    586.9554 GFlop/s     (586.9554 GFlop/s per process)    68%    1055.0 sec left
CG set 3700 / 5384    586.9572 GFlop/s     (586.9572 GFlop/s per process)    68%    1054.3 sec left
CG set 3701 / 5384    586.9641 GFlop/s     (586.9641 GFlop/s per process)    68%    1053.6 sec left
CG set 3702 / 5384    586.9650 GFlop/s     (586.9650 GFlop/s per process)    68%    1053.0 sec left
CG set 3703 / 5384    586.9661 GFlop/s     (586.9661 GFlop/s per process)    68%    1052.3 sec left
CG set 3704 / 5384    586.9673 GFlop/s     (586.9673 GFlop/s per process)    68%    1051.6 sec left
CG set 3705 / 5384    586.9694 GFlop/s     (586.9694 GFlop/s per process)    68%    1050.9 sec left
CG set 3706 / 5384    586.9712 GFlop/s     (586.9712 GFlop/s per process)    68%    1050.2 sec left
CG set 3707 / 5384    586.9732 GFlop/s     (586.9732 GFlop/s per process)    68%    1049.6 sec left
CG set 3708 / 5384    586.9750 GFlop/s     (586.9750 GFlop/s per process)    68%    1048.9 sec left
CG set 3709 / 5384    586.9753 GFlop/s     (586.9753 GFlop/s per process)    68%    1048.2 sec left
CG set 3710 / 5384    586.9820 GFlop/s     (586.9820 GFlop/s per process)    68%    1047.5 sec left
CG set 3711 / 5384    586.9826 GFlop/s     (586.9826 GFlop/s per process)    68%    1046.8 sec left
CG set 3712 / 5384    586.9843 GFlop/s     (586.9843 GFlop/s per process)    68%    1046.2 sec left
CG set 3713 / 5384    586.9855 GFlop/s     (586.9855 GFlop/s per process)    68%    1045.5 sec left
CG set 3714 / 5384    586.9864 GFlop/s     (586.9864 GFlop/s per process)    68%    1044.8 sec left
CG set 3715 / 5384    586.9872 GFlop/s     (586.9872 GFlop/s per process)    69%    1044.1 sec left
CG set 3716 / 5384    586.9879 GFlop/s     (586.9879 GFlop/s per process)    69%    1043.4 sec left
CG set 3717 / 5384    586.9888 GFlop/s     (586.9888 GFlop/s per process)    69%    1042.7 sec left
CG set 3718 / 5384    586.9898 GFlop/s     (586.9898 GFlop/s per process)    69%    1042.1 sec left
CG set 3719 / 5384    586.9967 GFlop/s     (586.9967 GFlop/s per process)    69%    1041.4 sec left
CG set 3720 / 5384    586.9980 GFlop/s     (586.9980 GFlop/s per process)    69%    1040.7 sec left
CG set 3721 / 5384    586.9988 GFlop/s     (586.9988 GFlop/s per process)    69%    1040.0 sec left
CG set 3722 / 5384    587.0005 GFlop/s     (587.0005 GFlop/s per process)    69%    1039.4 sec left
CG set 3723 / 5384    587.0027 GFlop/s     (587.0027 GFlop/s per process)    69%    1038.7 sec left
CG set 3724 / 5384    587.0044 GFlop/s     (587.0044 GFlop/s per process)    69%    1038.0 sec left
CG set 3725 / 5384    587.0053 GFlop/s     (587.0053 GFlop/s per process)    69%    1037.3 sec left
CG set 3726 / 5384    587.0061 GFlop/s     (587.0061 GFlop/s per process)    69%    1036.6 sec left
CG set 3727 / 5384    587.0078 GFlop/s     (587.0078 GFlop/s per process)    69%    1035.9 sec left
CG set 3728 / 5384    587.0144 GFlop/s     (587.0144 GFlop/s per process)    69%    1035.3 sec left
CG set 3729 / 5384    587.0160 GFlop/s     (587.0160 GFlop/s per process)    69%    1034.6 sec left
CG set 3730 / 5384    587.0177 GFlop/s     (587.0177 GFlop/s per process)    69%    1033.9 sec left
CG set 3731 / 5384    587.0196 GFlop/s     (587.0196 GFlop/s per process)    69%    1033.2 sec left
CG set 3732 / 5384    587.0206 GFlop/s     (587.0206 GFlop/s per process)    69%    1032.6 sec left
CG set 3733 / 5384    587.0218 GFlop/s     (587.0218 GFlop/s per process)    69%    1031.9 sec left
CG set 3734 / 5384    587.0233 GFlop/s     (587.0233 GFlop/s per process)    69%    1031.2 sec left
CG set 3735 / 5384    587.0250 GFlop/s     (587.0250 GFlop/s per process)    69%    1030.5 sec left
CG set 3736 / 5384    587.0266 GFlop/s     (587.0266 GFlop/s per process)    69%    1029.8 sec left
CG set 3737 / 5384    587.0329 GFlop/s     (587.0329 GFlop/s per process)    69%    1029.2 sec left
CG set 3738 / 5384    587.0346 GFlop/s     (587.0346 GFlop/s per process)    69%    1028.5 sec left
CG set 3739 / 5384    587.0364 GFlop/s     (587.0364 GFlop/s per process)    69%    1027.8 sec left
CG set 3740 / 5384    587.0374 GFlop/s     (587.0374 GFlop/s per process)    69%    1027.1 sec left
CG set 3741 / 5384    587.0393 GFlop/s     (587.0393 GFlop/s per process)    69%    1026.5 sec left
CG set 3742 / 5384    587.0404 GFlop/s     (587.0404 GFlop/s per process)    69%    1025.8 sec left
CG set 3743 / 5384    587.0412 GFlop/s     (587.0412 GFlop/s per process)    69%    1025.1 sec left
CG set 3744 / 5384    587.0429 GFlop/s     (587.0429 GFlop/s per process)    69%    1024.4 sec left
CG set 3745 / 5384    587.0459 GFlop/s     (587.0459 GFlop/s per process)    69%    1023.7 sec left
CG set 3746 / 5384    587.0520 GFlop/s     (587.0520 GFlop/s per process)    69%    1023.1 sec left
CG set 3747 / 5384    587.0554 GFlop/s     (587.0554 GFlop/s per process)    69%    1022.4 sec left
CG set 3748 / 5384    587.0580 GFlop/s     (587.0580 GFlop/s per process)    69%    1021.7 sec left
CG set 3749 / 5384    587.0643 GFlop/s     (587.0643 GFlop/s per process)    69%    1021.1 sec left
CG set 3750 / 5384    587.0686 GFlop/s     (587.0686 GFlop/s per process)    69%    1020.4 sec left
CG set 3751 / 5384    587.0720 GFlop/s     (587.0720 GFlop/s per process)    69%    1019.7 sec left
CG set 3752 / 5384    587.0735 GFlop/s     (587.0735 GFlop/s per process)    69%    1019.0 sec left
CG set 3753 / 5384    587.0767 GFlop/s     (587.0767 GFlop/s per process)    69%    1018.4 sec left
CG set 3754 / 5384    587.0826 GFlop/s     (587.0826 GFlop/s per process)    69%    1017.7 sec left
CG set 3755 / 5384    587.0831 GFlop/s     (587.0831 GFlop/s per process)    69%    1017.0 sec left
CG set 3756 / 5384    587.0829 GFlop/s     (587.0829 GFlop/s per process)    69%    1016.3 sec left
CG set 3757 / 5384    587.0834 GFlop/s     (587.0834 GFlop/s per process)    69%    1015.6 sec left
CG set 3758 / 5384    587.0839 GFlop/s     (587.0839 GFlop/s per process)    69%    1015.0 sec left
CG set 3759 / 5384    587.0835 GFlop/s     (587.0835 GFlop/s per process)    69%    1014.3 sec left
CG set 3760 / 5384    587.0845 GFlop/s     (587.0845 GFlop/s per process)    69%    1013.6 sec left
CG set 3761 / 5384    587.0845 GFlop/s     (587.0845 GFlop/s per process)    69%    1012.9 sec left
CG set 3762 / 5384    587.0880 GFlop/s     (587.0880 GFlop/s per process)    69%    1012.2 sec left
CG set 3763 / 5384    587.0878 GFlop/s     (587.0878 GFlop/s per process)    69%    1011.5 sec left
CG set 3764 / 5384    587.0940 GFlop/s     (587.0940 GFlop/s per process)    69%    1010.9 sec left
CG set 3765 / 5384    587.0943 GFlop/s     (587.0943 GFlop/s per process)    69%    1010.2 sec left
CG set 3766 / 5384    587.0953 GFlop/s     (587.0953 GFlop/s per process)    69%    1009.5 sec left
CG set 3767 / 5384    587.0958 GFlop/s     (587.0958 GFlop/s per process)    69%    1008.8 sec left
CG set 3768 / 5384    587.0963 GFlop/s     (587.0963 GFlop/s per process)    69%    1008.1 sec left
CG set 3769 / 5384    587.0969 GFlop/s     (587.0969 GFlop/s per process)    70%    1007.5 sec left
CG set 3770 / 5384    587.0975 GFlop/s     (587.0975 GFlop/s per process)    70%    1006.8 sec left
CG set 3771 / 5384    587.0981 GFlop/s     (587.0981 GFlop/s per process)    70%    1006.1 sec left
CG set 3772 / 5384    587.0986 GFlop/s     (587.0986 GFlop/s per process)    70%    1005.4 sec left
CG set 3773 / 5384    587.1048 GFlop/s     (587.1048 GFlop/s per process)    70%    1004.7 sec left
CG set 3774 / 5384    587.1053 GFlop/s     (587.1053 GFlop/s per process)    70%    1004.1 sec left
CG set 3775 / 5384    587.1063 GFlop/s     (587.1063 GFlop/s per process)    70%    1003.4 sec left
CG set 3776 / 5384    587.1067 GFlop/s     (587.1067 GFlop/s per process)    70%    1002.7 sec left
CG set 3777 / 5384    587.1070 GFlop/s     (587.1070 GFlop/s per process)    70%    1002.0 sec left
CG set 3778 / 5384    587.1076 GFlop/s     (587.1076 GFlop/s per process)    70%    1001.3 sec left
CG set 3779 / 5384    587.1084 GFlop/s     (587.1084 GFlop/s per process)    70%    1000.6 sec left
CG set 3780 / 5384    587.1085 GFlop/s     (587.1085 GFlop/s per process)    70%    999.9 sec left
CG set 3781 / 5384    587.1088 GFlop/s     (587.1088 GFlop/s per process)    70%    999.3 sec left
CG set 3782 / 5384    587.1087 GFlop/s     (587.1087 GFlop/s per process)    70%    998.6 sec left
CG set 3783 / 5384    587.1146 GFlop/s     (587.1146 GFlop/s per process)    70%    997.9 sec left
CG set 3784 / 5384    587.1152 GFlop/s     (587.1152 GFlop/s per process)    70%    997.2 sec left
CG set 3785 / 5384    587.1166 GFlop/s     (587.1166 GFlop/s per process)    70%    996.5 sec left
CG set 3786 / 5384    587.1179 GFlop/s     (587.1179 GFlop/s per process)    70%    995.9 sec left
CG set 3787 / 5384    587.1188 GFlop/s     (587.1188 GFlop/s per process)    70%    995.2 sec left
CG set 3788 / 5384    587.1195 GFlop/s     (587.1195 GFlop/s per process)    70%    994.5 sec left
CG set 3789 / 5384    587.1196 GFlop/s     (587.1196 GFlop/s per process)    70%    993.8 sec left
CG set 3790 / 5384    587.1205 GFlop/s     (587.1205 GFlop/s per process)    70%    993.1 sec left
CG set 3791 / 5384    587.1209 GFlop/s     (587.1209 GFlop/s per process)    70%    992.4 sec left
CG set 3792 / 5384    587.1271 GFlop/s     (587.1271 GFlop/s per process)    70%    991.8 sec left
CG set 3793 / 5384    587.1280 GFlop/s     (587.1280 GFlop/s per process)    70%    991.1 sec left
CG set 3794 / 5384    587.1293 GFlop/s     (587.1293 GFlop/s per process)    70%    990.4 sec left
CG set 3795 / 5384    587.1294 GFlop/s     (587.1294 GFlop/s per process)    70%    989.7 sec left
CG set 3796 / 5384    587.1297 GFlop/s     (587.1297 GFlop/s per process)    70%    989.0 sec left
CG set 3797 / 5384    587.1302 GFlop/s     (587.1302 GFlop/s per process)    70%    988.3 sec left
CG set 3798 / 5384    587.1310 GFlop/s     (587.1310 GFlop/s per process)    70%    987.7 sec left
CG set 3799 / 5384    587.1308 GFlop/s     (587.1308 GFlop/s per process)    70%    987.0 sec left
CG set 3800 / 5384    587.1320 GFlop/s     (587.1320 GFlop/s per process)    70%    986.3 sec left
CG set 3801 / 5384    587.1338 GFlop/s     (587.1338 GFlop/s per process)    70%    985.6 sec left
CG set 3802 / 5384    587.1398 GFlop/s     (587.1398 GFlop/s per process)    70%    984.9 sec left
CG set 3803 / 5384    587.1408 GFlop/s     (587.1408 GFlop/s per process)    70%    984.3 sec left
CG set 3804 / 5384    587.1413 GFlop/s     (587.1413 GFlop/s per process)    70%    983.6 sec left
CG set 3805 / 5384    587.1426 GFlop/s     (587.1426 GFlop/s per process)    70%    982.9 sec left
CG set 3806 / 5384    587.1438 GFlop/s     (587.1438 GFlop/s per process)    70%    982.2 sec left
CG set 3807 / 5384    587.1445 GFlop/s     (587.1445 GFlop/s per process)    70%    981.5 sec left
CG set 3808 / 5384    587.1456 GFlop/s     (587.1456 GFlop/s per process)    70%    980.8 sec left
CG set 3809 / 5384    587.1468 GFlop/s     (587.1468 GFlop/s per process)    70%    980.2 sec left
CG set 3810 / 5384    587.1481 GFlop/s     (587.1481 GFlop/s per process)    70%    979.5 sec left
CG set 3811 / 5384    587.1538 GFlop/s     (587.1538 GFlop/s per process)    70%    978.8 sec left
CG set 3812 / 5384    587.1548 GFlop/s     (587.1548 GFlop/s per process)    70%    978.1 sec left
CG set 3813 / 5384    587.1561 GFlop/s     (587.1561 GFlop/s per process)    70%    977.5 sec left
CG set 3814 / 5384    587.1570 GFlop/s     (587.1570 GFlop/s per process)    70%    976.8 sec left
CG set 3815 / 5384    587.1581 GFlop/s     (587.1581 GFlop/s per process)    70%    976.1 sec left
CG set 3816 / 5384    587.1590 GFlop/s     (587.1590 GFlop/s per process)    70%    975.4 sec left
CG set 3817 / 5384    587.1599 GFlop/s     (587.1599 GFlop/s per process)    70%    974.7 sec left
CG set 3818 / 5384    587.1608 GFlop/s     (587.1608 GFlop/s per process)    70%    974.0 sec left
CG set 3819 / 5384    587.1619 GFlop/s     (587.1619 GFlop/s per process)    70%    973.4 sec left
CG set 3820 / 5384    587.1676 GFlop/s     (587.1676 GFlop/s per process)    70%    972.7 sec left
CG set 3821 / 5384    587.1680 GFlop/s     (587.1680 GFlop/s per process)    70%    972.0 sec left
CG set 3822 / 5384    587.1687 GFlop/s     (587.1687 GFlop/s per process)    70%    971.3 sec left
CG set 3823 / 5384    587.1698 GFlop/s     (587.1698 GFlop/s per process)    71%    970.6 sec left
CG set 3824 / 5384    587.1734 GFlop/s     (587.1734 GFlop/s per process)    71%    970.0 sec left
CG set 3825 / 5384    587.1760 GFlop/s     (587.1760 GFlop/s per process)    71%    969.3 sec left
CG set 3826 / 5384    587.1780 GFlop/s     (587.1780 GFlop/s per process)    71%    968.6 sec left
CG set 3827 / 5384    587.1836 GFlop/s     (587.1836 GFlop/s per process)    71%    968.0 sec left
CG set 3828 / 5384    587.1869 GFlop/s     (587.1869 GFlop/s per process)    71%    967.3 sec left
CG set 3829 / 5384    587.1922 GFlop/s     (587.1922 GFlop/s per process)    71%    966.6 sec left
CG set 3830 / 5384    587.1950 GFlop/s     (587.1950 GFlop/s per process)    71%    965.9 sec left
CG set 3831 / 5384    587.1960 GFlop/s     (587.1960 GFlop/s per process)    71%    965.3 sec left
CG set 3832 / 5384    587.1985 GFlop/s     (587.1985 GFlop/s per process)    71%    964.6 sec left
CG set 3833 / 5384    587.1984 GFlop/s     (587.1984 GFlop/s per process)    71%    963.9 sec left
CG set 3834 / 5384    587.1979 GFlop/s     (587.1979 GFlop/s per process)    71%    963.2 sec left
CG set 3835 / 5384    587.1977 GFlop/s     (587.1977 GFlop/s per process)    71%    962.5 sec left
CG set 3836 / 5384    587.1977 GFlop/s     (587.1977 GFlop/s per process)    71%    961.8 sec left
CG set 3837 / 5384    587.1975 GFlop/s     (587.1975 GFlop/s per process)    71%    961.1 sec left
CG set 3838 / 5384    587.2029 GFlop/s     (587.2029 GFlop/s per process)    71%    960.5 sec left
CG set 3839 / 5384    587.2031 GFlop/s     (587.2031 GFlop/s per process)    71%    959.8 sec left
CG set 3840 / 5384    587.2037 GFlop/s     (587.2037 GFlop/s per process)    71%    959.1 sec left
CG set 3841 / 5384    587.2054 GFlop/s     (587.2054 GFlop/s per process)    71%    958.4 sec left
CG set 3842 / 5384    587.2057 GFlop/s     (587.2057 GFlop/s per process)    71%    957.7 sec left
CG set 3843 / 5384    587.2057 GFlop/s     (587.2057 GFlop/s per process)    71%    957.0 sec left
CG set 3844 / 5384    587.2064 GFlop/s     (587.2064 GFlop/s per process)    71%    956.4 sec left
CG set 3845 / 5384    587.2064 GFlop/s     (587.2064 GFlop/s per process)    71%    955.7 sec left
CG set 3846 / 5384    587.2055 GFlop/s     (587.2055 GFlop/s per process)    71%    955.0 sec left
CG set 3847 / 5384    587.2054 GFlop/s     (587.2054 GFlop/s per process)    71%    954.3 sec left
CG set 3848 / 5384    587.2109 GFlop/s     (587.2109 GFlop/s per process)    71%    953.6 sec left
CG set 3849 / 5384    587.2113 GFlop/s     (587.2113 GFlop/s per process)    71%    952.9 sec left
CG set 3850 / 5384    587.2115 GFlop/s     (587.2115 GFlop/s per process)    71%    952.3 sec left
CG set 3851 / 5384    587.2117 GFlop/s     (587.2117 GFlop/s per process)    71%    951.6 sec left
CG set 3852 / 5384    587.2120 GFlop/s     (587.2120 GFlop/s per process)    71%    950.9 sec left
CG set 3853 / 5384    587.2128 GFlop/s     (587.2128 GFlop/s per process)    71%    950.2 sec left
CG set 3854 / 5384    587.2128 GFlop/s     (587.2128 GFlop/s per process)    71%    949.5 sec left
CG set 3855 / 5384    587.2127 GFlop/s     (587.2127 GFlop/s per process)    71%    948.8 sec left
CG set 3856 / 5384    587.2129 GFlop/s     (587.2129 GFlop/s per process)    71%    948.1 sec left
CG set 3857 / 5384    587.2127 GFlop/s     (587.2127 GFlop/s per process)    71%    947.5 sec left
CG set 3858 / 5384    587.2183 GFlop/s     (587.2183 GFlop/s per process)    71%    946.8 sec left
CG set 3859 / 5384    587.2181 GFlop/s     (587.2181 GFlop/s per process)    71%    946.1 sec left
CG set 3860 / 5384    587.2168 GFlop/s     (587.2168 GFlop/s per process)    71%    945.4 sec left
CG set 3861 / 5384    587.2164 GFlop/s     (587.2164 GFlop/s per process)    71%    944.7 sec left
CG set 3862 / 5384    587.2173 GFlop/s     (587.2173 GFlop/s per process)    71%    944.0 sec left
CG set 3863 / 5384    587.2174 GFlop/s     (587.2174 GFlop/s per process)    71%    943.3 sec left
CG set 3864 / 5384    587.2173 GFlop/s     (587.2173 GFlop/s per process)    71%    942.7 sec left
CG set 3865 / 5384    587.2179 GFlop/s     (587.2179 GFlop/s per process)    71%    942.0 sec left
CG set 3866 / 5384    587.2178 GFlop/s     (587.2178 GFlop/s per process)    71%    941.3 sec left
CG set 3867 / 5384    587.2236 GFlop/s     (587.2236 GFlop/s per process)    71%    940.6 sec left
CG set 3868 / 5384    587.2237 GFlop/s     (587.2237 GFlop/s per process)    71%    939.9 sec left
CG set 3869 / 5384    587.2234 GFlop/s     (587.2234 GFlop/s per process)    71%    939.2 sec left
CG set 3870 / 5384    587.2235 GFlop/s     (587.2235 GFlop/s per process)    71%    938.6 sec left
CG set 3871 / 5384    587.2246 GFlop/s     (587.2246 GFlop/s per process)    71%    937.9 sec left
CG set 3872 / 5384    587.2254 GFlop/s     (587.2254 GFlop/s per process)    71%    937.2 sec left
CG set 3873 / 5384    587.2256 GFlop/s     (587.2256 GFlop/s per process)    71%    936.5 sec left
CG set 3874 / 5384    587.2256 GFlop/s     (587.2256 GFlop/s per process)    71%    935.8 sec left
CG set 3875 / 5384    587.2263 GFlop/s     (587.2263 GFlop/s per process)    71%    935.1 sec left
CG set 3876 / 5384    587.2267 GFlop/s     (587.2267 GFlop/s per process)    71%    934.4 sec left
CG set 3877 / 5384    587.2327 GFlop/s     (587.2327 GFlop/s per process)    72%    933.8 sec left
CG set 3878 / 5384    587.2329 GFlop/s     (587.2329 GFlop/s per process)    72%    933.1 sec left
CG set 3879 / 5384    587.2341 GFlop/s     (587.2341 GFlop/s per process)    72%    932.4 sec left
CG set 3880 / 5384    587.2346 GFlop/s     (587.2346 GFlop/s per process)    72%    931.7 sec left
CG set 3881 / 5384    587.2348 GFlop/s     (587.2348 GFlop/s per process)    72%    931.0 sec left
CG set 3882 / 5384    587.2359 GFlop/s     (587.2359 GFlop/s per process)    72%    930.4 sec left
CG set 3883 / 5384    587.2369 GFlop/s     (587.2369 GFlop/s per process)    72%    929.7 sec left
CG set 3884 / 5384    587.2381 GFlop/s     (587.2381 GFlop/s per process)    72%    929.0 sec left
CG set 3885 / 5384    587.2386 GFlop/s     (587.2386 GFlop/s per process)    72%    928.3 sec left
CG set 3886 / 5384    587.2446 GFlop/s     (587.2446 GFlop/s per process)    72%    927.7 sec left
CG set 3887 / 5384    587.2462 GFlop/s     (587.2462 GFlop/s per process)    72%    927.0 sec left
CG set 3888 / 5384    587.2468 GFlop/s     (587.2468 GFlop/s per process)    72%    926.3 sec left
CG set 3889 / 5384    587.2476 GFlop/s     (587.2476 GFlop/s per process)    72%    925.6 sec left
CG set 3890 / 5384    587.2484 GFlop/s     (587.2484 GFlop/s per process)    72%    924.9 sec left
CG set 3891 / 5384    587.2489 GFlop/s     (587.2489 GFlop/s per process)    72%    924.2 sec left
CG set 3892 / 5384    587.2502 GFlop/s     (587.2502 GFlop/s per process)    72%    923.6 sec left
CG set 3893 / 5384    587.2516 GFlop/s     (587.2516 GFlop/s per process)    72%    922.9 sec left
CG set 3894 / 5384    587.2523 GFlop/s     (587.2523 GFlop/s per process)    72%    922.2 sec left
CG set 3895 / 5384    587.2540 GFlop/s     (587.2540 GFlop/s per process)    72%    921.5 sec left
CG set 3896 / 5384    587.2598 GFlop/s     (587.2598 GFlop/s per process)    72%    920.8 sec left
CG set 3897 / 5384    587.2601 GFlop/s     (587.2601 GFlop/s per process)    72%    920.2 sec left
CG set 3898 / 5384    587.2615 GFlop/s     (587.2615 GFlop/s per process)    72%    919.5 sec left
CG set 3899 / 5384    587.2626 GFlop/s     (587.2626 GFlop/s per process)    72%    918.8 sec left
CG set 3900 / 5384    587.2635 GFlop/s     (587.2635 GFlop/s per process)    72%    918.1 sec left
CG set 3901 / 5384    587.2649 GFlop/s     (587.2649 GFlop/s per process)    72%    917.4 sec left
CG set 3902 / 5384    587.2684 GFlop/s     (587.2684 GFlop/s per process)    72%    916.8 sec left
CG set 3903 / 5384    587.2715 GFlop/s     (587.2715 GFlop/s per process)    72%    916.1 sec left
CG set 3904 / 5384    587.2734 GFlop/s     (587.2734 GFlop/s per process)    72%    915.4 sec left
CG set 3905 / 5384    587.2795 GFlop/s     (587.2795 GFlop/s per process)    72%    914.7 sec left
CG set 3906 / 5384    587.2857 GFlop/s     (587.2857 GFlop/s per process)    72%    914.1 sec left
CG set 3907 / 5384    587.2898 GFlop/s     (587.2898 GFlop/s per process)    72%    913.4 sec left
CG set 3908 / 5384    587.2933 GFlop/s     (587.2933 GFlop/s per process)    72%    912.8 sec left
CG set 3909 / 5384    587.2951 GFlop/s     (587.2951 GFlop/s per process)    72%    912.1 sec left
CG set 3910 / 5384    587.2982 GFlop/s     (587.2982 GFlop/s per process)    72%    911.4 sec left
CG set 3911 / 5384    587.2988 GFlop/s     (587.2988 GFlop/s per process)    72%    910.7 sec left
CG set 3912 / 5384    587.2989 GFlop/s     (587.2989 GFlop/s per process)    72%    910.0 sec left
CG set 3913 / 5384    587.3051 GFlop/s     (587.3051 GFlop/s per process)    72%    909.4 sec left
CG set 3914 / 5384    587.3052 GFlop/s     (587.3052 GFlop/s per process)    72%    908.7 sec left
CG set 3915 / 5384    587.3059 GFlop/s     (587.3059 GFlop/s per process)    72%    908.0 sec left
CG set 3916 / 5384    587.3066 GFlop/s     (587.3066 GFlop/s per process)    72%    907.3 sec left
CG set 3917 / 5384    587.3072 GFlop/s     (587.3072 GFlop/s per process)    72%    906.6 sec left
CG set 3918 / 5384    587.3085 GFlop/s     (587.3085 GFlop/s per process)    72%    905.9 sec left
CG set 3919 / 5384    587.3120 GFlop/s     (587.3120 GFlop/s per process)    72%    905.3 sec left
CG set 3920 / 5384    587.3128 GFlop/s     (587.3128 GFlop/s per process)    72%    904.6 sec left
CG set 3921 / 5384    587.3125 GFlop/s     (587.3125 GFlop/s per process)    72%    903.9 sec left
CG set 3922 / 5384    587.3190 GFlop/s     (587.3190 GFlop/s per process)    72%    903.2 sec left
CG set 3923 / 5384    587.3203 GFlop/s     (587.3203 GFlop/s per process)    72%    902.6 sec left
CG set 3924 / 5384    587.3206 GFlop/s     (587.3206 GFlop/s per process)    72%    901.9 sec left
CG set 3925 / 5384    587.3210 GFlop/s     (587.3210 GFlop/s per process)    72%    901.2 sec left
CG set 3926 / 5384    587.3216 GFlop/s     (587.3216 GFlop/s per process)    72%    900.5 sec left
CG set 3927 / 5384    587.3225 GFlop/s     (587.3225 GFlop/s per process)    72%    899.8 sec left
CG set 3928 / 5384    587.3231 GFlop/s     (587.3231 GFlop/s per process)    72%    899.1 sec left
CG set 3929 / 5384    587.3232 GFlop/s     (587.3232 GFlop/s per process)    72%    898.4 sec left
CG set 3930 / 5384    587.3241 GFlop/s     (587.3241 GFlop/s per process)    72%    897.8 sec left
CG set 3931 / 5384    587.3255 GFlop/s     (587.3255 GFlop/s per process)    73%    897.1 sec left
CG set 3932 / 5384    587.3319 GFlop/s     (587.3319 GFlop/s per process)    73%    896.4 sec left
CG set 3933 / 5384    587.3324 GFlop/s     (587.3324 GFlop/s per process)    73%    895.7 sec left
CG set 3934 / 5384    587.3330 GFlop/s     (587.3330 GFlop/s per process)    73%    895.1 sec left
CG set 3935 / 5384    587.3329 GFlop/s     (587.3329 GFlop/s per process)    73%    894.4 sec left
CG set 3936 / 5384    587.3344 GFlop/s     (587.3344 GFlop/s per process)    73%    893.7 sec left
CG set 3937 / 5384    587.3348 GFlop/s     (587.3348 GFlop/s per process)    73%    893.0 sec left
CG set 3938 / 5384    587.3352 GFlop/s     (587.3352 GFlop/s per process)    73%    892.3 sec left
CG set 3939 / 5384    587.3347 GFlop/s     (587.3347 GFlop/s per process)    73%    891.6 sec left
CG set 3940 / 5384    587.3360 GFlop/s     (587.3360 GFlop/s per process)    73%    890.9 sec left
CG set 3941 / 5384    587.3421 GFlop/s     (587.3421 GFlop/s per process)    73%    890.3 sec left
CG set 3942 / 5384    587.3436 GFlop/s     (587.3436 GFlop/s per process)    73%    889.6 sec left
CG set 3943 / 5384    587.3449 GFlop/s     (587.3449 GFlop/s per process)    73%    888.9 sec left
CG set 3944 / 5384    587.3453 GFlop/s     (587.3453 GFlop/s per process)    73%    888.2 sec left
CG set 3945 / 5384    587.3465 GFlop/s     (587.3465 GFlop/s per process)    73%    887.6 sec left
CG set 3946 / 5384    587.3470 GFlop/s     (587.3470 GFlop/s per process)    73%    886.9 sec left
CG set 3947 / 5384    587.3484 GFlop/s     (587.3484 GFlop/s per process)    73%    886.2 sec left
CG set 3948 / 5384    587.3494 GFlop/s     (587.3494 GFlop/s per process)    73%    885.5 sec left
CG set 3949 / 5384    587.3500 GFlop/s     (587.3500 GFlop/s per process)    73%    884.8 sec left
CG set 3950 / 5384    587.3565 GFlop/s     (587.3565 GFlop/s per process)    73%    884.2 sec left
CG set 3951 / 5384    587.3579 GFlop/s     (587.3579 GFlop/s per process)    73%    883.5 sec left
CG set 3952 / 5384    587.3584 GFlop/s     (587.3584 GFlop/s per process)    73%    882.8 sec left
CG set 3953 / 5384    587.3577 GFlop/s     (587.3577 GFlop/s per process)    73%    882.1 sec left
CG set 3954 / 5384    587.3590 GFlop/s     (587.3590 GFlop/s per process)    73%    881.4 sec left
CG set 3955 / 5384    587.3593 GFlop/s     (587.3593 GFlop/s per process)    73%    880.7 sec left
CG set 3956 / 5384    587.3607 GFlop/s     (587.3607 GFlop/s per process)    73%    880.1 sec left
CG set 3957 / 5384    587.3624 GFlop/s     (587.3624 GFlop/s per process)    73%    879.4 sec left
CG set 3958 / 5384    587.3640 GFlop/s     (587.3640 GFlop/s per process)    73%    878.7 sec left
CG set 3959 / 5384    587.3653 GFlop/s     (587.3653 GFlop/s per process)    73%    878.0 sec left
CG set 3960 / 5384    587.3716 GFlop/s     (587.3716 GFlop/s per process)    73%    877.4 sec left
CG set 3961 / 5384    587.3725 GFlop/s     (587.3725 GFlop/s per process)    73%    876.7 sec left
CG set 3962 / 5384    587.3740 GFlop/s     (587.3740 GFlop/s per process)    73%    876.0 sec left
CG set 3963 / 5384    587.3755 GFlop/s     (587.3755 GFlop/s per process)    73%    875.3 sec left
CG set 3964 / 5384    587.3770 GFlop/s     (587.3770 GFlop/s per process)    73%    874.6 sec left
CG set 3965 / 5384    587.3790 GFlop/s     (587.3790 GFlop/s per process)    73%    874.0 sec left
CG set 3966 / 5384    587.3809 GFlop/s     (587.3809 GFlop/s per process)    73%    873.3 sec left
CG set 3967 / 5384    587.3830 GFlop/s     (587.3830 GFlop/s per process)    73%    872.6 sec left
CG set 3968 / 5384    587.3893 GFlop/s     (587.3893 GFlop/s per process)    73%    871.9 sec left
CG set 3969 / 5384    587.3907 GFlop/s     (587.3907 GFlop/s per process)    73%    871.3 sec left
CG set 3970 / 5384    587.3923 GFlop/s     (587.3923 GFlop/s per process)    73%    870.6 sec left
CG set 3971 / 5384    587.3941 GFlop/s     (587.3941 GFlop/s per process)    73%    869.9 sec left
CG set 3972 / 5384    587.3952 GFlop/s     (587.3952 GFlop/s per process)    73%    869.2 sec left
CG set 3973 / 5384    587.3968 GFlop/s     (587.3968 GFlop/s per process)    73%    868.5 sec left
CG set 3974 / 5384    587.3987 GFlop/s     (587.3987 GFlop/s per process)    73%    867.9 sec left
CG set 3975 / 5384    587.4005 GFlop/s     (587.4005 GFlop/s per process)    73%    867.2 sec left
CG set 3976 / 5384    587.4022 GFlop/s     (587.4022 GFlop/s per process)    73%    866.5 sec left
CG set 3977 / 5384    587.4084 GFlop/s     (587.4084 GFlop/s per process)    73%    865.8 sec left
CG set 3978 / 5384    587.4092 GFlop/s     (587.4092 GFlop/s per process)    73%    865.2 sec left
CG set 3979 / 5384    587.4104 GFlop/s     (587.4104 GFlop/s per process)    73%    864.5 sec left
CG set 3980 / 5384    587.4123 GFlop/s     (587.4123 GFlop/s per process)    73%    863.8 sec left
CG set 3981 / 5384    587.4167 GFlop/s     (587.4167 GFlop/s per process)    73%    863.1 sec left
CG set 3982 / 5384    587.4197 GFlop/s     (587.4197 GFlop/s per process)    73%    862.5 sec left
CG set 3983 / 5384    587.4217 GFlop/s     (587.4217 GFlop/s per process)    73%    861.8 sec left
CG set 3984 / 5384    587.4280 GFlop/s     (587.4280 GFlop/s per process)    73%    861.1 sec left
CG set 3985 / 5384    587.4324 GFlop/s     (587.4324 GFlop/s per process)    74%    860.5 sec left
CG set 3986 / 5384    587.4387 GFlop/s     (587.4387 GFlop/s per process)    74%    859.8 sec left
CG set 3987 / 5384    587.4423 GFlop/s     (587.4423 GFlop/s per process)    74%    859.1 sec left
CG set 3988 / 5384    587.4441 GFlop/s     (587.4441 GFlop/s per process)    74%    858.5 sec left
CG set 3989 / 5384    587.4472 GFlop/s     (587.4472 GFlop/s per process)    74%    857.8 sec left
CG set 3990 / 5384    587.4477 GFlop/s     (587.4477 GFlop/s per process)    74%    857.1 sec left
CG set 3991 / 5384    587.4485 GFlop/s     (587.4485 GFlop/s per process)    74%    856.4 sec left
CG set 3992 / 5384    587.4492 GFlop/s     (587.4492 GFlop/s per process)    74%    855.7 sec left
CG set 3993 / 5384    587.4503 GFlop/s     (587.4503 GFlop/s per process)    74%    855.0 sec left
CG set 3994 / 5384    587.4513 GFlop/s     (587.4513 GFlop/s per process)    74%    854.4 sec left
CG set 3995 / 5384    587.4573 GFlop/s     (587.4573 GFlop/s per process)    74%    853.7 sec left
CG set 3996 / 5384    587.4586 GFlop/s     (587.4586 GFlop/s per process)    74%    853.0 sec left
CG set 3997 / 5384    587.4602 GFlop/s     (587.4602 GFlop/s per process)    74%    852.3 sec left
CG set 3998 / 5384    587.4636 GFlop/s     (587.4636 GFlop/s per process)    74%    851.7 sec left
CG set 3999 / 5384    587.4647 GFlop/s     (587.4647 GFlop/s per process)    74%    851.0 sec left
CG set 4000 / 5384    587.4655 GFlop/s     (587.4655 GFlop/s per process)    74%    850.3 sec left
CG set 4001 / 5384    587.4669 GFlop/s     (587.4669 GFlop/s per process)    74%    849.6 sec left
CG set 4002 / 5384    587.4684 GFlop/s     (587.4684 GFlop/s per process)    74%    848.9 sec left
CG set 4003 / 5384    587.4744 GFlop/s     (587.4744 GFlop/s per process)    74%    848.3 sec left
CG set 4004 / 5384    587.4752 GFlop/s     (587.4752 GFlop/s per process)    74%    847.6 sec left
CG set 4005 / 5384    587.4761 GFlop/s     (587.4761 GFlop/s per process)    74%    846.9 sec left
CG set 4006 / 5384    587.4772 GFlop/s     (587.4772 GFlop/s per process)    74%    846.2 sec left
CG set 4007 / 5384    587.4784 GFlop/s     (587.4784 GFlop/s per process)    74%    845.6 sec left
CG set 4008 / 5384    587.4794 GFlop/s     (587.4794 GFlop/s per process)    74%    844.9 sec left
CG set 4009 / 5384    587.4806 GFlop/s     (587.4806 GFlop/s per process)    74%    844.2 sec left
CG set 4010 / 5384    587.4821 GFlop/s     (587.4821 GFlop/s per process)    74%    843.5 sec left
CG set 4011 / 5384    587.4831 GFlop/s     (587.4831 GFlop/s per process)    74%    842.8 sec left
CG set 4012 / 5384    587.4841 GFlop/s     (587.4841 GFlop/s per process)    74%    842.1 sec left
CG set 4013 / 5384    587.4902 GFlop/s     (587.4902 GFlop/s per process)    74%    841.5 sec left
CG set 4014 / 5384    587.4915 GFlop/s     (587.4915 GFlop/s per process)    74%    840.8 sec left
CG set 4015 / 5384    587.4928 GFlop/s     (587.4928 GFlop/s per process)    74%    840.1 sec left
CG set 4016 / 5384    587.4936 GFlop/s     (587.4936 GFlop/s per process)    74%    839.4 sec left
CG set 4017 / 5384    587.4942 GFlop/s     (587.4942 GFlop/s per process)    74%    838.8 sec left
CG set 4018 / 5384    587.4950 GFlop/s     (587.4950 GFlop/s per process)    74%    838.1 sec left
CG set 4019 / 5384    587.4968 GFlop/s     (587.4968 GFlop/s per process)    74%    837.4 sec left
CG set 4020 / 5384    587.4984 GFlop/s     (587.4984 GFlop/s per process)    74%    836.7 sec left
CG set 4021 / 5384    587.5002 GFlop/s     (587.5002 GFlop/s per process)    74%    836.0 sec left
CG set 4022 / 5384    587.5065 GFlop/s     (587.5065 GFlop/s per process)    74%    835.4 sec left
CG set 4023 / 5384    587.5081 GFlop/s     (587.5081 GFlop/s per process)    74%    834.7 sec left
CG set 4024 / 5384    587.5090 GFlop/s     (587.5090 GFlop/s per process)    74%    834.0 sec left
CG set 4025 / 5384    587.5098 GFlop/s     (587.5098 GFlop/s per process)    74%    833.3 sec left
CG set 4026 / 5384    587.5111 GFlop/s     (587.5111 GFlop/s per process)    74%    832.6 sec left
CG set 4027 / 5384    587.5118 GFlop/s     (587.5118 GFlop/s per process)    74%    832.0 sec left
CG set 4028 / 5384    587.5125 GFlop/s     (587.5125 GFlop/s per process)    74%    831.3 sec left
CG set 4029 / 5384    587.5141 GFlop/s     (587.5141 GFlop/s per process)    74%    830.6 sec left
CG set 4030 / 5384    587.5148 GFlop/s     (587.5148 GFlop/s per process)    74%    829.9 sec left
CG set 4031 / 5384    587.5211 GFlop/s     (587.5211 GFlop/s per process)    74%    829.3 sec left
CG set 4032 / 5384    587.5215 GFlop/s     (587.5215 GFlop/s per process)    74%    828.6 sec left
CG set 4033 / 5384    587.5226 GFlop/s     (587.5226 GFlop/s per process)    74%    827.9 sec left
CG set 4034 / 5384    587.5227 GFlop/s     (587.5227 GFlop/s per process)    74%    827.2 sec left
CG set 4035 / 5384    587.5234 GFlop/s     (587.5234 GFlop/s per process)    74%    826.5 sec left
CG set 4036 / 5384    587.5250 GFlop/s     (587.5250 GFlop/s per process)    74%    825.8 sec left
CG set 4037 / 5384    587.5259 GFlop/s     (587.5259 GFlop/s per process)    74%    825.2 sec left
CG set 4038 / 5384    587.5274 GFlop/s     (587.5274 GFlop/s per process)    75%    824.5 sec left
CG set 4039 / 5384    587.5284 GFlop/s     (587.5284 GFlop/s per process)    75%    823.8 sec left
CG set 4040 / 5384    587.5347 GFlop/s     (587.5347 GFlop/s per process)    75%    823.1 sec left
CG set 4041 / 5384    587.5365 GFlop/s     (587.5365 GFlop/s per process)    75%    822.5 sec left
CG set 4042 / 5384    587.5384 GFlop/s     (587.5384 GFlop/s per process)    75%    821.8 sec left
CG set 4043 / 5384    587.5394 GFlop/s     (587.5394 GFlop/s per process)    75%    821.1 sec left
CG set 4044 / 5384    587.5411 GFlop/s     (587.5411 GFlop/s per process)    75%    820.4 sec left
CG set 4045 / 5384    587.5427 GFlop/s     (587.5427 GFlop/s per process)    75%    819.7 sec left
CG set 4046 / 5384    587.5440 GFlop/s     (587.5440 GFlop/s per process)    75%    819.1 sec left
CG set 4047 / 5384    587.5453 GFlop/s     (587.5453 GFlop/s per process)    75%    818.4 sec left
CG set 4048 / 5384    587.5471 GFlop/s     (587.5471 GFlop/s per process)    75%    817.7 sec left
CG set 4049 / 5384    587.5533 GFlop/s     (587.5533 GFlop/s per process)    75%    817.0 sec left
CG set 4050 / 5384    587.5547 GFlop/s     (587.5547 GFlop/s per process)    75%    816.4 sec left
CG set 4051 / 5384    587.5566 GFlop/s     (587.5566 GFlop/s per process)    75%    815.7 sec left
CG set 4052 / 5384    587.5581 GFlop/s     (587.5581 GFlop/s per process)    75%    815.0 sec left
CG set 4053 / 5384    587.5596 GFlop/s     (587.5596 GFlop/s per process)    75%    814.3 sec left
CG set 4054 / 5384    587.5603 GFlop/s     (587.5603 GFlop/s per process)    75%    813.6 sec left
CG set 4055 / 5384    587.5621 GFlop/s     (587.5621 GFlop/s per process)    75%    813.0 sec left
CG set 4056 / 5384    587.5632 GFlop/s     (587.5632 GFlop/s per process)    75%    812.3 sec left
CG set 4057 / 5384    587.5643 GFlop/s     (587.5643 GFlop/s per process)    75%    811.6 sec left
CG set 4058 / 5384    587.5704 GFlop/s     (587.5704 GFlop/s per process)    75%    810.9 sec left
CG set 4059 / 5384    587.5711 GFlop/s     (587.5711 GFlop/s per process)    75%    810.3 sec left
CG set 4060 / 5384    587.5752 GFlop/s     (587.5752 GFlop/s per process)    75%    809.6 sec left
CG set 4061 / 5384    587.5773 GFlop/s     (587.5773 GFlop/s per process)    75%    808.9 sec left
CG set 4062 / 5384    587.5798 GFlop/s     (587.5798 GFlop/s per process)    75%    808.2 sec left
CG set 4063 / 5384    587.5859 GFlop/s     (587.5859 GFlop/s per process)    75%    807.6 sec left
CG set 4064 / 5384    587.5901 GFlop/s     (587.5901 GFlop/s per process)    75%    806.9 sec left
CG set 4065 / 5384    587.5936 GFlop/s     (587.5936 GFlop/s per process)    75%    806.2 sec left
CG set 4066 / 5384    587.5997 GFlop/s     (587.5997 GFlop/s per process)    75%    805.6 sec left
CG set 4067 / 5384    587.6014 GFlop/s     (587.6014 GFlop/s per process)    75%    804.9 sec left
CG set 4068 / 5384    587.6045 GFlop/s     (587.6045 GFlop/s per process)    75%    804.2 sec left
CG set 4069 / 5384    587.6051 GFlop/s     (587.6051 GFlop/s per process)    75%    803.5 sec left
CG set 4070 / 5384    587.6046 GFlop/s     (587.6046 GFlop/s per process)    75%    802.9 sec left
CG set 4071 / 5384    587.6050 GFlop/s     (587.6050 GFlop/s per process)    75%    802.2 sec left
CG set 4072 / 5384    587.6057 GFlop/s     (587.6057 GFlop/s per process)    75%    801.5 sec left
CG set 4073 / 5384    587.6064 GFlop/s     (587.6064 GFlop/s per process)    75%    800.8 sec left
CG set 4074 / 5384    587.6075 GFlop/s     (587.6075 GFlop/s per process)    75%    800.1 sec left
CG set 4075 / 5384    587.6134 GFlop/s     (587.6134 GFlop/s per process)    75%    799.5 sec left
CG set 4076 / 5384    587.6148 GFlop/s     (587.6148 GFlop/s per process)    75%    798.8 sec left
CG set 4077 / 5384    587.6180 GFlop/s     (587.6180 GFlop/s per process)    75%    798.1 sec left
CG set 4078 / 5384    587.6190 GFlop/s     (587.6190 GFlop/s per process)    75%    797.4 sec left
CG set 4079 / 5384    587.6196 GFlop/s     (587.6196 GFlop/s per process)    75%    796.7 sec left
CG set 4080 / 5384    587.6212 GFlop/s     (587.6212 GFlop/s per process)    75%    796.1 sec left
CG set 4081 / 5384    587.6220 GFlop/s     (587.6220 GFlop/s per process)    75%    795.4 sec left
CG set 4082 / 5384    587.6224 GFlop/s     (587.6224 GFlop/s per process)    75%    794.7 sec left
CG set 4083 / 5384    587.6222 GFlop/s     (587.6222 GFlop/s per process)    75%    794.0 sec left
CG set 4084 / 5384    587.6280 GFlop/s     (587.6280 GFlop/s per process)    75%    793.3 sec left
CG set 4085 / 5384    587.6291 GFlop/s     (587.6291 GFlop/s per process)    75%    792.7 sec left
CG set 4086 / 5384    587.6299 GFlop/s     (587.6299 GFlop/s per process)    75%    792.0 sec left
CG set 4087 / 5384    587.6295 GFlop/s     (587.6295 GFlop/s per process)    75%    791.3 sec left
CG set 4088 / 5384    587.6304 GFlop/s     (587.6304 GFlop/s per process)    75%    790.6 sec left
CG set 4089 / 5384    587.6307 GFlop/s     (587.6307 GFlop/s per process)    75%    789.9 sec left
CG set 4090 / 5384    587.6313 GFlop/s     (587.6313 GFlop/s per process)    75%    789.2 sec left
CG set 4091 / 5384    587.6318 GFlop/s     (587.6318 GFlop/s per process)    75%    788.6 sec left
CG set 4092 / 5384    587.6326 GFlop/s     (587.6326 GFlop/s per process)    76%    787.9 sec left
CG set 4093 / 5384    587.6338 GFlop/s     (587.6338 GFlop/s per process)    76%    787.2 sec left
CG set 4094 / 5384    587.6397 GFlop/s     (587.6397 GFlop/s per process)    76%    786.5 sec left
CG set 4095 / 5384    587.6400 GFlop/s     (587.6400 GFlop/s per process)    76%    785.8 sec left
CG set 4096 / 5384    587.6404 GFlop/s     (587.6404 GFlop/s per process)    76%    785.2 sec left
CG set 4097 / 5384    587.6407 GFlop/s     (587.6407 GFlop/s per process)    76%    784.5 sec left
CG set 4098 / 5384    587.6421 GFlop/s     (587.6421 GFlop/s per process)    76%    783.8 sec left
CG set 4099 / 5384    587.6428 GFlop/s     (587.6428 GFlop/s per process)    76%    783.1 sec left
CG set 4100 / 5384    587.6442 GFlop/s     (587.6442 GFlop/s per process)    76%    782.4 sec left
CG set 4101 / 5384    587.6455 GFlop/s     (587.6455 GFlop/s per process)    76%    781.7 sec left
CG set 4102 / 5384    587.6460 GFlop/s     (587.6460 GFlop/s per process)    76%    781.1 sec left
CG set 4103 / 5384    587.6516 GFlop/s     (587.6516 GFlop/s per process)    76%    780.4 sec left
CG set 4104 / 5384    587.6518 GFlop/s     (587.6518 GFlop/s per process)    76%    779.7 sec left
CG set 4105 / 5384    587.6530 GFlop/s     (587.6530 GFlop/s per process)    76%    779.0 sec left
CG set 4106 / 5384    587.6536 GFlop/s     (587.6536 GFlop/s per process)    76%    778.4 sec left
CG set 4107 / 5384    587.6547 GFlop/s     (587.6547 GFlop/s per process)    76%    777.7 sec left
CG set 4108 / 5384    587.6558 GFlop/s     (587.6558 GFlop/s per process)    76%    777.0 sec left
CG set 4109 / 5384    587.6561 GFlop/s     (587.6561 GFlop/s per process)    76%    776.3 sec left
CG set 4110 / 5384    587.6565 GFlop/s     (587.6565 GFlop/s per process)    76%    775.6 sec left
CG set 4111 / 5384    587.6574 GFlop/s     (587.6574 GFlop/s per process)    76%    774.9 sec left
CG set 4112 / 5384    587.6631 GFlop/s     (587.6631 GFlop/s per process)    76%    774.3 sec left
CG set 4113 / 5384    587.6638 GFlop/s     (587.6638 GFlop/s per process)    76%    773.6 sec left
CG set 4114 / 5384    587.6650 GFlop/s     (587.6650 GFlop/s per process)    76%    772.9 sec left
CG set 4115 / 5384    587.6663 GFlop/s     (587.6663 GFlop/s per process)    76%    772.2 sec left
CG set 4116 / 5384    587.6680 GFlop/s     (587.6680 GFlop/s per process)    76%    771.6 sec left
CG set 4117 / 5384    587.6693 GFlop/s     (587.6693 GFlop/s per process)    76%    770.9 sec left
CG set 4118 / 5384    587.6707 GFlop/s     (587.6707 GFlop/s per process)    76%    770.2 sec left
CG set 4119 / 5384    587.6721 GFlop/s     (587.6721 GFlop/s per process)    76%    769.5 sec left
CG set 4120 / 5384    587.6732 GFlop/s     (587.6732 GFlop/s per process)    76%    768.8 sec left
CG set 4121 / 5384    587.6791 GFlop/s     (587.6791 GFlop/s per process)    76%    768.2 sec left
CG set 4122 / 5384    587.6795 GFlop/s     (587.6795 GFlop/s per process)    76%    767.5 sec left
CG set 4123 / 5384    587.6809 GFlop/s     (587.6809 GFlop/s per process)    76%    766.8 sec left
CG set 4124 / 5384    587.6824 GFlop/s     (587.6824 GFlop/s per process)    76%    766.1 sec left
CG set 4125 / 5384    587.6840 GFlop/s     (587.6840 GFlop/s per process)    76%    765.4 sec left
CG set 4126 / 5384    587.6848 GFlop/s     (587.6848 GFlop/s per process)    76%    764.8 sec left
CG set 4127 / 5384    587.6851 GFlop/s     (587.6851 GFlop/s per process)    76%    764.1 sec left
CG set 4128 / 5384    587.6856 GFlop/s     (587.6856 GFlop/s per process)    76%    763.4 sec left
CG set 4129 / 5384    587.6870 GFlop/s     (587.6870 GFlop/s per process)    76%    762.7 sec left
CG set 4130 / 5384    587.6926 GFlop/s     (587.6926 GFlop/s per process)    76%    762.0 sec left
CG set 4131 / 5384    587.6934 GFlop/s     (587.6934 GFlop/s per process)    76%    761.4 sec left
CG set 4132 / 5384    587.6944 GFlop/s     (587.6944 GFlop/s per process)    76%    760.7 sec left
CG set 4133 / 5384    587.6946 GFlop/s     (587.6946 GFlop/s per process)    76%    760.0 sec left
CG set 4134 / 5384    587.6961 GFlop/s     (587.6961 GFlop/s per process)    76%    759.3 sec left
CG set 4135 / 5384    587.6969 GFlop/s     (587.6969 GFlop/s per process)    76%    758.6 sec left
CG set 4136 / 5384    587.6974 GFlop/s     (587.6974 GFlop/s per process)    76%    758.0 sec left
CG set 4137 / 5384    587.6984 GFlop/s     (587.6984 GFlop/s per process)    76%    757.3 sec left
CG set 4138 / 5384    587.7012 GFlop/s     (587.7012 GFlop/s per process)    76%    756.6 sec left
CG set 4139 / 5384    587.7039 GFlop/s     (587.7039 GFlop/s per process)    76%    755.9 sec left
CG set 4140 / 5384    587.7092 GFlop/s     (587.7092 GFlop/s per process)    76%    755.3 sec left
CG set 4141 / 5384    587.7113 GFlop/s     (587.7113 GFlop/s per process)    76%    754.6 sec left
CG set 4142 / 5384    587.7167 GFlop/s     (587.7167 GFlop/s per process)    76%    753.9 sec left
CG set 4143 / 5384    587.7203 GFlop/s     (587.7203 GFlop/s per process)    76%    753.3 sec left
CG set 4144 / 5384    587.7230 GFlop/s     (587.7230 GFlop/s per process)    76%    752.6 sec left
CG set 4145 / 5384    587.7233 GFlop/s     (587.7233 GFlop/s per process)    76%    751.9 sec left
CG set 4146 / 5384    587.7257 GFlop/s     (587.7257 GFlop/s per process)    77%    751.2 sec left
CG set 4147 / 5384    587.7258 GFlop/s     (587.7258 GFlop/s per process)    77%    750.5 sec left
CG set 4148 / 5384    587.7312 GFlop/s     (587.7312 GFlop/s per process)    77%    749.9 sec left
CG set 4149 / 5384    587.7313 GFlop/s     (587.7313 GFlop/s per process)    77%    749.2 sec left
CG set 4150 / 5384    587.7312 GFlop/s     (587.7312 GFlop/s per process)    77%    748.5 sec left
CG set 4151 / 5384    587.7313 GFlop/s     (587.7313 GFlop/s per process)    77%    747.8 sec left
CG set 4152 / 5384    587.7317 GFlop/s     (587.7317 GFlop/s per process)    77%    747.1 sec left
CG set 4153 / 5384    587.7321 GFlop/s     (587.7321 GFlop/s per process)    77%    746.4 sec left
CG set 4154 / 5384    587.7329 GFlop/s     (587.7329 GFlop/s per process)    77%    745.8 sec left
CG set 4155 / 5384    587.7355 GFlop/s     (587.7355 GFlop/s per process)    77%    745.1 sec left
CG set 4156 / 5384    587.7360 GFlop/s     (587.7360 GFlop/s per process)    77%    744.4 sec left
CG set 4157 / 5384    587.7412 GFlop/s     (587.7412 GFlop/s per process)    77%    743.7 sec left
CG set 4158 / 5384    587.7406 GFlop/s     (587.7406 GFlop/s per process)    77%    743.0 sec left
CG set 4159 / 5384    587.7417 GFlop/s     (587.7417 GFlop/s per process)    77%    742.4 sec left
CG set 4160 / 5384    587.7425 GFlop/s     (587.7425 GFlop/s per process)    77%    741.7 sec left
CG set 4161 / 5384    587.7428 GFlop/s     (587.7428 GFlop/s per process)    77%    741.0 sec left
CG set 4162 / 5384    587.7431 GFlop/s     (587.7431 GFlop/s per process)    77%    740.3 sec left
CG set 4163 / 5384    587.7436 GFlop/s     (587.7436 GFlop/s per process)    77%    739.6 sec left
CG set 4164 / 5384    587.7430 GFlop/s     (587.7430 GFlop/s per process)    77%    738.9 sec left
CG set 4165 / 5384    587.7434 GFlop/s     (587.7434 GFlop/s per process)    77%    738.2 sec left
CG set 4166 / 5384    587.7438 GFlop/s     (587.7438 GFlop/s per process)    77%    737.6 sec left
CG set 4167 / 5384    587.7492 GFlop/s     (587.7492 GFlop/s per process)    77%    736.9 sec left
CG set 4168 / 5384    587.7493 GFlop/s     (587.7493 GFlop/s per process)    77%    736.2 sec left
CG set 4169 / 5384    587.7498 GFlop/s     (587.7498 GFlop/s per process)    77%    735.5 sec left
CG set 4170 / 5384    587.7498 GFlop/s     (587.7498 GFlop/s per process)    77%    734.8 sec left
CG set 4171 / 5384    587.7499 GFlop/s     (587.7499 GFlop/s per process)    77%    734.2 sec left
CG set 4172 / 5384    587.7505 GFlop/s     (587.7505 GFlop/s per process)    77%    733.5 sec left
CG set 4173 / 5384    587.7504 GFlop/s     (587.7504 GFlop/s per process)    77%    732.8 sec left
CG set 4174 / 5384    587.7504 GFlop/s     (587.7504 GFlop/s per process)    77%    732.1 sec left
CG set 4175 / 5384    587.7505 GFlop/s     (587.7505 GFlop/s per process)    77%    731.4 sec left
CG set 4176 / 5384    587.7513 GFlop/s     (587.7513 GFlop/s per process)    77%    730.7 sec left
CG set 4177 / 5384    587.7565 GFlop/s     (587.7565 GFlop/s per process)    77%    730.1 sec left
CG set 4178 / 5384    587.7566 GFlop/s     (587.7566 GFlop/s per process)    77%    729.4 sec left
CG set 4179 / 5384    587.7571 GFlop/s     (587.7571 GFlop/s per process)    77%    728.7 sec left
CG set 4180 / 5384    587.7579 GFlop/s     (587.7579 GFlop/s per process)    77%    728.0 sec left
CG set 4181 / 5384    587.7580 GFlop/s     (587.7580 GFlop/s per process)    77%    727.3 sec left
CG set 4182 / 5384    587.7580 GFlop/s     (587.7580 GFlop/s per process)    77%    726.6 sec left
CG set 4183 / 5384    587.7575 GFlop/s     (587.7575 GFlop/s per process)    77%    726.0 sec left
CG set 4184 / 5384    587.7577 GFlop/s     (587.7577 GFlop/s per process)    77%    725.3 sec left
CG set 4185 / 5384    587.7584 GFlop/s     (587.7584 GFlop/s per process)    77%    724.6 sec left
CG set 4186 / 5384    587.7636 GFlop/s     (587.7636 GFlop/s per process)    77%    723.9 sec left
CG set 4187 / 5384    587.7646 GFlop/s     (587.7646 GFlop/s per process)    77%    723.2 sec left
CG set 4188 / 5384    587.7642 GFlop/s     (587.7642 GFlop/s per process)    77%    722.5 sec left
CG set 4189 / 5384    587.7633 GFlop/s     (587.7633 GFlop/s per process)    77%    721.9 sec left
CG set 4190 / 5384    587.7627 GFlop/s     (587.7627 GFlop/s per process)    77%    721.2 sec left
CG set 4191 / 5384    587.7629 GFlop/s     (587.7629 GFlop/s per process)    77%    720.5 sec left
CG set 4192 / 5384    587.7624 GFlop/s     (587.7624 GFlop/s per process)    77%    719.8 sec left
CG set 4193 / 5384    587.7630 GFlop/s     (587.7630 GFlop/s per process)    77%    719.1 sec left
CG set 4194 / 5384    587.7640 GFlop/s     (587.7640 GFlop/s per process)    77%    718.4 sec left
CG set 4195 / 5384    587.7640 GFlop/s     (587.7640 GFlop/s per process)    77%    717.7 sec left
CG set 4196 / 5384    587.7693 GFlop/s     (587.7693 GFlop/s per process)    77%    717.1 sec left
CG set 4197 / 5384    587.7703 GFlop/s     (587.7703 GFlop/s per process)    77%    716.4 sec left
CG set 4198 / 5384    587.7711 GFlop/s     (587.7711 GFlop/s per process)    77%    715.7 sec left
CG set 4199 / 5384    587.7717 GFlop/s     (587.7717 GFlop/s per process)    77%    715.0 sec left
CG set 4200 / 5384    587.7723 GFlop/s     (587.7723 GFlop/s per process)    78%    714.3 sec left
CG set 4201 / 5384    587.7730 GFlop/s     (587.7730 GFlop/s per process)    78%    713.7 sec left
CG set 4202 / 5384    587.7737 GFlop/s     (587.7737 GFlop/s per process)    78%    713.0 sec left
CG set 4203 / 5384    587.7741 GFlop/s     (587.7741 GFlop/s per process)    78%    712.3 sec left
CG set 4204 / 5384    587.7743 GFlop/s     (587.7743 GFlop/s per process)    78%    711.6 sec left
CG set 4205 / 5384    587.7792 GFlop/s     (587.7792 GFlop/s per process)    78%    710.9 sec left
CG set 4206 / 5384    587.7798 GFlop/s     (587.7798 GFlop/s per process)    78%    710.3 sec left
CG set 4207 / 5384    587.7797 GFlop/s     (587.7797 GFlop/s per process)    78%    709.6 sec left
CG set 4208 / 5384    587.7804 GFlop/s     (587.7804 GFlop/s per process)    78%    708.9 sec left
CG set 4209 / 5384    587.7801 GFlop/s     (587.7801 GFlop/s per process)    78%    708.2 sec left
CG set 4210 / 5384    587.7805 GFlop/s     (587.7805 GFlop/s per process)    78%    707.5 sec left
CG set 4211 / 5384    587.7813 GFlop/s     (587.7813 GFlop/s per process)    78%    706.8 sec left
CG set 4212 / 5384    587.7812 GFlop/s     (587.7812 GFlop/s per process)    78%    706.1 sec left
CG set 4213 / 5384    587.7815 GFlop/s     (587.7815 GFlop/s per process)    78%    705.5 sec left
CG set 4214 / 5384    587.7817 GFlop/s     (587.7817 GFlop/s per process)    78%    704.8 sec left
CG set 4215 / 5384    587.7864 GFlop/s     (587.7864 GFlop/s per process)    78%    704.1 sec left
CG set 4216 / 5384    587.7869 GFlop/s     (587.7869 GFlop/s per process)    78%    703.4 sec left
CG set 4217 / 5384    587.7898 GFlop/s     (587.7898 GFlop/s per process)    78%    702.8 sec left
CG set 4218 / 5384    587.7920 GFlop/s     (587.7920 GFlop/s per process)    78%    702.1 sec left
CG set 4219 / 5384    587.7935 GFlop/s     (587.7935 GFlop/s per process)    78%    701.4 sec left
CG set 4220 / 5384    587.7984 GFlop/s     (587.7984 GFlop/s per process)    78%    700.7 sec left
CG set 4221 / 5384    587.8016 GFlop/s     (587.8016 GFlop/s per process)    78%    700.1 sec left
CG set 4222 / 5384    587.8040 GFlop/s     (587.8040 GFlop/s per process)    78%    699.4 sec left
CG set 4223 / 5384    587.8092 GFlop/s     (587.8092 GFlop/s per process)    78%    698.7 sec left
CG set 4224 / 5384    587.8092 GFlop/s     (587.8092 GFlop/s per process)    78%    698.0 sec left
CG set 4225 / 5384    587.8112 GFlop/s     (587.8112 GFlop/s per process)    78%    697.4 sec left
CG set 4226 / 5384    587.8110 GFlop/s     (587.8110 GFlop/s per process)    78%    696.7 sec left
CG set 4227 / 5384    587.8106 GFlop/s     (587.8106 GFlop/s per process)    78%    696.0 sec left
CG set 4228 / 5384    587.8102 GFlop/s     (587.8102 GFlop/s per process)    78%    695.3 sec left
CG set 4229 / 5384    587.8099 GFlop/s     (587.8099 GFlop/s per process)    78%    694.6 sec left
CG set 4230 / 5384    587.8098 GFlop/s     (587.8098 GFlop/s per process)    78%    693.9 sec left
CG set 4231 / 5384    587.8097 GFlop/s     (587.8097 GFlop/s per process)    78%    693.2 sec left
CG set 4232 / 5384    587.8100 GFlop/s     (587.8100 GFlop/s per process)    78%    692.5 sec left
CG set 4233 / 5384    587.8152 GFlop/s     (587.8152 GFlop/s per process)    78%    691.9 sec left
CG set 4234 / 5384    587.8169 GFlop/s     (587.8169 GFlop/s per process)    78%    691.2 sec left
CG set 4235 / 5384    587.8171 GFlop/s     (587.8171 GFlop/s per process)    78%    690.5 sec left
CG set 4236 / 5384    587.8167 GFlop/s     (587.8167 GFlop/s per process)    78%    689.8 sec left
CG set 4237 / 5384    587.8173 GFlop/s     (587.8173 GFlop/s per process)    78%    689.1 sec left
CG set 4238 / 5384    587.8175 GFlop/s     (587.8175 GFlop/s per process)    78%    688.5 sec left
CG set 4239 / 5384    587.8176 GFlop/s     (587.8176 GFlop/s per process)    78%    687.8 sec left
CG set 4240 / 5384    587.8176 GFlop/s     (587.8176 GFlop/s per process)    78%    687.1 sec left
CG set 4241 / 5384    587.8172 GFlop/s     (587.8172 GFlop/s per process)    78%    686.4 sec left
CG set 4242 / 5384    587.8221 GFlop/s     (587.8221 GFlop/s per process)    78%    685.7 sec left
CG set 4243 / 5384    587.8220 GFlop/s     (587.8220 GFlop/s per process)    78%    685.1 sec left
CG set 4244 / 5384    587.8226 GFlop/s     (587.8226 GFlop/s per process)    78%    684.4 sec left
CG set 4245 / 5384    587.8220 GFlop/s     (587.8220 GFlop/s per process)    78%    683.7 sec left
CG set 4246 / 5384    587.8225 GFlop/s     (587.8225 GFlop/s per process)    78%    683.0 sec left
CG set 4247 / 5384    587.8225 GFlop/s     (587.8225 GFlop/s per process)    78%    682.3 sec left
CG set 4248 / 5384    587.8227 GFlop/s     (587.8227 GFlop/s per process)    78%    681.6 sec left
CG set 4249 / 5384    587.8232 GFlop/s     (587.8232 GFlop/s per process)    78%    680.9 sec left
CG set 4250 / 5384    587.8242 GFlop/s     (587.8242 GFlop/s per process)    78%    680.3 sec left
CG set 4251 / 5384    587.8243 GFlop/s     (587.8243 GFlop/s per process)    78%    679.6 sec left
CG set 4252 / 5384    587.8294 GFlop/s     (587.8294 GFlop/s per process)    78%    678.9 sec left
CG set 4253 / 5384    587.8294 GFlop/s     (587.8294 GFlop/s per process)    78%    678.2 sec left
CG set 4254 / 5384    587.8292 GFlop/s     (587.8292 GFlop/s per process)    79%    677.5 sec left
CG set 4255 / 5384    587.8301 GFlop/s     (587.8301 GFlop/s per process)    79%    676.8 sec left
CG set 4256 / 5384    587.8314 GFlop/s     (587.8314 GFlop/s per process)    79%    676.2 sec left
CG set 4257 / 5384    587.8326 GFlop/s     (587.8326 GFlop/s per process)    79%    675.5 sec left
CG set 4258 / 5384    587.8331 GFlop/s     (587.8331 GFlop/s per process)    79%    674.8 sec left
CG set 4259 / 5384    587.8333 GFlop/s     (587.8333 GFlop/s per process)    79%    674.1 sec left
CG set 4260 / 5384    587.8330 GFlop/s     (587.8330 GFlop/s per process)    79%    673.4 sec left
CG set 4261 / 5384    587.8383 GFlop/s     (587.8383 GFlop/s per process)    79%    672.8 sec left
CG set 4262 / 5384    587.8393 GFlop/s     (587.8393 GFlop/s per process)    79%    672.1 sec left
CG set 4263 / 5384    587.8400 GFlop/s     (587.8400 GFlop/s per process)    79%    671.4 sec left
CG set 4264 / 5384    587.8408 GFlop/s     (587.8408 GFlop/s per process)    79%    670.7 sec left
CG set 4265 / 5384    587.8420 GFlop/s     (587.8420 GFlop/s per process)    79%    670.0 sec left
CG set 4266 / 5384    587.8424 GFlop/s     (587.8424 GFlop/s per process)    79%    669.4 sec left
CG set 4267 / 5384    587.8423 GFlop/s     (587.8423 GFlop/s per process)    79%    668.7 sec left
CG set 4268 / 5384    587.8428 GFlop/s     (587.8428 GFlop/s per process)    79%    668.0 sec left
CG set 4269 / 5384    587.8438 GFlop/s     (587.8438 GFlop/s per process)    79%    667.3 sec left
CG set 4270 / 5384    587.8450 GFlop/s     (587.8450 GFlop/s per process)    79%    666.6 sec left
CG set 4271 / 5384    587.8505 GFlop/s     (587.8505 GFlop/s per process)    79%    666.0 sec left
CG set 4272 / 5384    587.8516 GFlop/s     (587.8516 GFlop/s per process)    79%    665.3 sec left
CG set 4273 / 5384    587.8530 GFlop/s     (587.8530 GFlop/s per process)    79%    664.6 sec left
CG set 4274 / 5384    587.8539 GFlop/s     (587.8539 GFlop/s per process)    79%    663.9 sec left
CG set 4275 / 5384    587.8552 GFlop/s     (587.8552 GFlop/s per process)    79%    663.2 sec left
CG set 4276 / 5384    587.8565 GFlop/s     (587.8565 GFlop/s per process)    79%    662.6 sec left
CG set 4277 / 5384    587.8580 GFlop/s     (587.8580 GFlop/s per process)    79%    661.9 sec left
CG set 4278 / 5384    587.8589 GFlop/s     (587.8589 GFlop/s per process)    79%    661.2 sec left
CG set 4279 / 5384    587.8604 GFlop/s     (587.8604 GFlop/s per process)    79%    660.5 sec left
CG set 4280 / 5384    587.8656 GFlop/s     (587.8656 GFlop/s per process)    79%    659.9 sec left
CG set 4281 / 5384    587.8670 GFlop/s     (587.8670 GFlop/s per process)    79%    659.2 sec left
CG set 4282 / 5384    587.8686 GFlop/s     (587.8686 GFlop/s per process)    79%    658.5 sec left
CG set 4283 / 5384    587.8697 GFlop/s     (587.8697 GFlop/s per process)    79%    657.8 sec left
CG set 4284 / 5384    587.8702 GFlop/s     (587.8702 GFlop/s per process)    79%    657.1 sec left
CG set 4285 / 5384    587.8714 GFlop/s     (587.8714 GFlop/s per process)    79%    656.4 sec left
CG set 4286 / 5384    587.8728 GFlop/s     (587.8728 GFlop/s per process)    79%    655.8 sec left
CG set 4287 / 5384    587.8739 GFlop/s     (587.8739 GFlop/s per process)    79%    655.1 sec left
CG set 4288 / 5384    587.8749 GFlop/s     (587.8749 GFlop/s per process)    79%    654.4 sec left
CG set 4289 / 5384    587.8803 GFlop/s     (587.8803 GFlop/s per process)    79%    653.7 sec left
CG set 4290 / 5384    587.8808 GFlop/s     (587.8808 GFlop/s per process)    79%    653.1 sec left
CG set 4291 / 5384    587.8823 GFlop/s     (587.8823 GFlop/s per process)    79%    652.4 sec left
CG set 4292 / 5384    587.8833 GFlop/s     (587.8833 GFlop/s per process)    79%    651.7 sec left
CG set 4293 / 5384    587.8836 GFlop/s     (587.8836 GFlop/s per process)    79%    651.0 sec left
CG set 4294 / 5384    587.8852 GFlop/s     (587.8852 GFlop/s per process)    79%    650.3 sec left
CG set 4295 / 5384    587.8889 GFlop/s     (587.8889 GFlop/s per process)    79%    649.7 sec left
CG set 4296 / 5384    587.8918 GFlop/s     (587.8918 GFlop/s per process)    79%    649.0 sec left
CG set 4297 / 5384    587.8973 GFlop/s     (587.8973 GFlop/s per process)    79%    648.3 sec left
CG set 4298 / 5384    587.8994 GFlop/s     (587.8994 GFlop/s per process)    79%    647.7 sec left
CG set 4299 / 5384    587.9049 GFlop/s     (587.9049 GFlop/s per process)    79%    647.0 sec left
CG set 4300 / 5384    587.9079 GFlop/s     (587.9079 GFlop/s per process)    79%    646.3 sec left
CG set 4301 / 5384    587.9099 GFlop/s     (587.9099 GFlop/s per process)    79%    645.7 sec left
CG set 4302 / 5384    587.9113 GFlop/s     (587.9113 GFlop/s per process)    79%    645.0 sec left
CG set 4303 / 5384    587.9133 GFlop/s     (587.9133 GFlop/s per process)    79%    644.3 sec left
CG set 4304 / 5384    587.9130 GFlop/s     (587.9130 GFlop/s per process)    79%    643.6 sec left
CG set 4305 / 5384    587.9134 GFlop/s     (587.9134 GFlop/s per process)    79%    642.9 sec left
CG set 4306 / 5384    587.9189 GFlop/s     (587.9189 GFlop/s per process)    79%    642.3 sec left
CG set 4307 / 5384    587.9193 GFlop/s     (587.9193 GFlop/s per process)    79%    641.6 sec left
CG set 4308 / 5384    587.9199 GFlop/s     (587.9199 GFlop/s per process)    80%    640.9 sec left
CG set 4309 / 5384    587.9207 GFlop/s     (587.9207 GFlop/s per process)    80%    640.2 sec left
CG set 4310 / 5384    587.9216 GFlop/s     (587.9216 GFlop/s per process)    80%    639.5 sec left
CG set 4311 / 5384    587.9227 GFlop/s     (587.9227 GFlop/s per process)    80%    638.8 sec left
CG set 4312 / 5384    587.9257 GFlop/s     (587.9257 GFlop/s per process)    80%    638.2 sec left
CG set 4313 / 5384    587.9266 GFlop/s     (587.9266 GFlop/s per process)    80%    637.5 sec left
CG set 4314 / 5384    587.9262 GFlop/s     (587.9262 GFlop/s per process)    80%    636.8 sec left
CG set 4315 / 5384    587.9321 GFlop/s     (587.9321 GFlop/s per process)    80%    636.1 sec left
CG set 4316 / 5384    587.9334 GFlop/s     (587.9334 GFlop/s per process)    80%    635.5 sec left
CG set 4317 / 5384    587.9341 GFlop/s     (587.9341 GFlop/s per process)    80%    634.8 sec left
CG set 4318 / 5384    587.9346 GFlop/s     (587.9346 GFlop/s per process)    80%    634.1 sec left
CG set 4319 / 5384    587.9349 GFlop/s     (587.9349 GFlop/s per process)    80%    633.4 sec left
CG set 4320 / 5384    587.9357 GFlop/s     (587.9357 GFlop/s per process)    80%    632.7 sec left
CG set 4321 / 5384    587.9355 GFlop/s     (587.9355 GFlop/s per process)    80%    632.0 sec left
CG set 4322 / 5384    587.9362 GFlop/s     (587.9362 GFlop/s per process)    80%    631.4 sec left
CG set 4323 / 5384    587.9368 GFlop/s     (587.9368 GFlop/s per process)    80%    630.7 sec left
CG set 4324 / 5384    587.9424 GFlop/s     (587.9424 GFlop/s per process)    80%    630.0 sec left
CG set 4325 / 5384    587.9436 GFlop/s     (587.9436 GFlop/s per process)    80%    629.3 sec left
CG set 4326 / 5384    587.9440 GFlop/s     (587.9440 GFlop/s per process)    80%    628.7 sec left
CG set 4327 / 5384    587.9445 GFlop/s     (587.9445 GFlop/s per process)    80%    628.0 sec left
CG set 4328 / 5384    587.9452 GFlop/s     (587.9452 GFlop/s per process)    80%    627.3 sec left
CG set 4329 / 5384    587.9464 GFlop/s     (587.9464 GFlop/s per process)    80%    626.6 sec left
CG set 4330 / 5384    587.9470 GFlop/s     (587.9470 GFlop/s per process)    80%    625.9 sec left
CG set 4331 / 5384    587.9474 GFlop/s     (587.9474 GFlop/s per process)    80%    625.2 sec left
CG set 4332 / 5384    587.9476 GFlop/s     (587.9476 GFlop/s per process)    80%    624.6 sec left
CG set 4333 / 5384    587.9488 GFlop/s     (587.9488 GFlop/s per process)    80%    623.9 sec left
CG set 4334 / 5384    587.9543 GFlop/s     (587.9543 GFlop/s per process)    80%    623.2 sec left
CG set 4335 / 5384    587.9556 GFlop/s     (587.9556 GFlop/s per process)    80%    622.5 sec left
CG set 4336 / 5384    587.9569 GFlop/s     (587.9569 GFlop/s per process)    80%    621.9 sec left
CG set 4337 / 5384    587.9579 GFlop/s     (587.9579 GFlop/s per process)    80%    621.2 sec left
CG set 4338 / 5384    587.9584 GFlop/s     (587.9584 GFlop/s per process)    80%    620.5 sec left
CG set 4339 / 5384    587.9587 GFlop/s     (587.9587 GFlop/s per process)    80%    619.8 sec left
CG set 4340 / 5384    587.9598 GFlop/s     (587.9598 GFlop/s per process)    80%    619.1 sec left
CG set 4341 / 5384    587.9605 GFlop/s     (587.9605 GFlop/s per process)    80%    618.4 sec left
CG set 4342 / 5384    587.9613 GFlop/s     (587.9613 GFlop/s per process)    80%    617.8 sec left
CG set 4343 / 5384    587.9666 GFlop/s     (587.9666 GFlop/s per process)    80%    617.1 sec left
CG set 4344 / 5384    587.9678 GFlop/s     (587.9678 GFlop/s per process)    80%    616.4 sec left
CG set 4345 / 5384    587.9685 GFlop/s     (587.9685 GFlop/s per process)    80%    615.7 sec left
CG set 4346 / 5384    587.9692 GFlop/s     (587.9692 GFlop/s per process)    80%    615.0 sec left
CG set 4347 / 5384    587.9693 GFlop/s     (587.9693 GFlop/s per process)    80%    614.4 sec left
CG set 4348 / 5384    587.9702 GFlop/s     (587.9702 GFlop/s per process)    80%    613.7 sec left
CG set 4349 / 5384    587.9714 GFlop/s     (587.9714 GFlop/s per process)    80%    613.0 sec left
CG set 4350 / 5384    587.9728 GFlop/s     (587.9728 GFlop/s per process)    80%    612.3 sec left
CG set 4351 / 5384    587.9743 GFlop/s     (587.9743 GFlop/s per process)    80%    611.6 sec left
CG set 4352 / 5384    587.9799 GFlop/s     (587.9799 GFlop/s per process)    80%    611.0 sec left
CG set 4353 / 5384    587.9813 GFlop/s     (587.9813 GFlop/s per process)    80%    610.3 sec left
CG set 4354 / 5384    587.9821 GFlop/s     (587.9821 GFlop/s per process)    80%    609.6 sec left
CG set 4355 / 5384    587.9837 GFlop/s     (587.9837 GFlop/s per process)    80%    608.9 sec left
CG set 4356 / 5384    587.9854 GFlop/s     (587.9854 GFlop/s per process)    80%    608.3 sec left
CG set 4357 / 5384    587.9862 GFlop/s     (587.9862 GFlop/s per process)    80%    607.6 sec left
CG set 4358 / 5384    587.9877 GFlop/s     (587.9877 GFlop/s per process)    80%    606.9 sec left
CG set 4359 / 5384    587.9883 GFlop/s     (587.9883 GFlop/s per process)    80%    606.2 sec left
CG set 4360 / 5384    587.9900 GFlop/s     (587.9900 GFlop/s per process)    80%    605.5 sec left
CG set 4361 / 5384    587.9956 GFlop/s     (587.9956 GFlop/s per process)    80%    604.9 sec left
CG set 4362 / 5384    587.9955 GFlop/s     (587.9955 GFlop/s per process)    81%    604.2 sec left
CG set 4363 / 5384    587.9970 GFlop/s     (587.9970 GFlop/s per process)    81%    603.5 sec left
CG set 4364 / 5384    587.9981 GFlop/s     (587.9981 GFlop/s per process)    81%    602.8 sec left
CG set 4365 / 5384    587.9989 GFlop/s     (587.9989 GFlop/s per process)    81%    602.1 sec left
CG set 4366 / 5384    588.0001 GFlop/s     (588.0001 GFlop/s per process)    81%    601.5 sec left
CG set 4367 / 5384    588.0013 GFlop/s     (588.0013 GFlop/s per process)    81%    600.8 sec left
CG set 4368 / 5384    588.0026 GFlop/s     (588.0026 GFlop/s per process)    81%    600.1 sec left
CG set 4369 / 5384    588.0039 GFlop/s     (588.0039 GFlop/s per process)    81%    599.4 sec left
CG set 4370 / 5384    588.0094 GFlop/s     (588.0094 GFlop/s per process)    81%    598.8 sec left
CG set 4371 / 5384    588.0107 GFlop/s     (588.0107 GFlop/s per process)    81%    598.1 sec left
CG set 4372 / 5384    588.0117 GFlop/s     (588.0117 GFlop/s per process)    81%    597.4 sec left
CG set 4373 / 5384    588.0131 GFlop/s     (588.0131 GFlop/s per process)    81%    596.7 sec left
CG set 4374 / 5384    588.0168 GFlop/s     (588.0168 GFlop/s per process)    81%    596.1 sec left
CG set 4375 / 5384    588.0194 GFlop/s     (588.0194 GFlop/s per process)    81%    595.4 sec left
CG set 4376 / 5384    588.0215 GFlop/s     (588.0215 GFlop/s per process)    81%    594.7 sec left
CG set 4377 / 5384    588.0270 GFlop/s     (588.0270 GFlop/s per process)    81%    594.1 sec left
CG set 4378 / 5384    588.0322 GFlop/s     (588.0322 GFlop/s per process)    81%    593.4 sec left
CG set 4379 / 5384    588.0357 GFlop/s     (588.0357 GFlop/s per process)    81%    592.7 sec left
CG set 4380 / 5384    588.0389 GFlop/s     (588.0389 GFlop/s per process)    81%    592.1 sec left
CG set 4381 / 5384    588.0402 GFlop/s     (588.0402 GFlop/s per process)    81%    591.4 sec left
CG set 4382 / 5384    588.0431 GFlop/s     (588.0431 GFlop/s per process)    81%    590.7 sec left
CG set 4383 / 5384    588.0429 GFlop/s     (588.0429 GFlop/s per process)    81%    590.0 sec left
CG set 4384 / 5384    588.0425 GFlop/s     (588.0425 GFlop/s per process)    81%    589.3 sec left
CG set 4385 / 5384    588.0430 GFlop/s     (588.0430 GFlop/s per process)    81%    588.6 sec left
CG set 4386 / 5384    588.0438 GFlop/s     (588.0438 GFlop/s per process)    81%    588.0 sec left
CG set 4387 / 5384    588.0492 GFlop/s     (588.0492 GFlop/s per process)    81%    587.3 sec left
CG set 4388 / 5384    588.0490 GFlop/s     (588.0490 GFlop/s per process)    81%    586.6 sec left
CG set 4389 / 5384    588.0498 GFlop/s     (588.0498 GFlop/s per process)    81%    585.9 sec left
CG set 4390 / 5384    588.0506 GFlop/s     (588.0506 GFlop/s per process)    81%    585.2 sec left
CG set 4391 / 5384    588.0534 GFlop/s     (588.0534 GFlop/s per process)    81%    584.6 sec left
CG set 4392 / 5384    588.0540 GFlop/s     (588.0540 GFlop/s per process)    81%    583.9 sec left
CG set 4393 / 5384    588.0545 GFlop/s     (588.0545 GFlop/s per process)    81%    583.2 sec left
CG set 4394 / 5384    588.0557 GFlop/s     (588.0557 GFlop/s per process)    81%    582.5 sec left
CG set 4395 / 5384    588.0565 GFlop/s     (588.0565 GFlop/s per process)    81%    581.8 sec left
CG set 4396 / 5384    588.0622 GFlop/s     (588.0622 GFlop/s per process)    81%    581.2 sec left
CG set 4397 / 5384    588.0627 GFlop/s     (588.0627 GFlop/s per process)    81%    580.5 sec left
CG set 4398 / 5384    588.0636 GFlop/s     (588.0636 GFlop/s per process)    81%    579.8 sec left
CG set 4399 / 5384    588.0645 GFlop/s     (588.0645 GFlop/s per process)    81%    579.1 sec left
CG set 4400 / 5384    588.0645 GFlop/s     (588.0645 GFlop/s per process)    81%    578.5 sec left
CG set 4401 / 5384    588.0656 GFlop/s     (588.0656 GFlop/s per process)    81%    577.8 sec left
CG set 4402 / 5384    588.0666 GFlop/s     (588.0666 GFlop/s per process)    81%    577.1 sec left
CG set 4403 / 5384    588.0672 GFlop/s     (588.0672 GFlop/s per process)    81%    576.4 sec left
CG set 4404 / 5384    588.0679 GFlop/s     (588.0679 GFlop/s per process)    81%    575.7 sec left
CG set 4405 / 5384    588.0736 GFlop/s     (588.0736 GFlop/s per process)    81%    575.1 sec left
CG set 4406 / 5384    588.0734 GFlop/s     (588.0734 GFlop/s per process)    81%    574.4 sec left
CG set 4407 / 5384    588.0742 GFlop/s     (588.0742 GFlop/s per process)    81%    573.7 sec left
CG set 4408 / 5384    588.0754 GFlop/s     (588.0754 GFlop/s per process)    81%    573.0 sec left
CG set 4409 / 5384    588.0752 GFlop/s     (588.0752 GFlop/s per process)    81%    572.3 sec left
CG set 4410 / 5384    588.0757 GFlop/s     (588.0757 GFlop/s per process)    81%    571.6 sec left
CG set 4411 / 5384    588.0759 GFlop/s     (588.0759 GFlop/s per process)    81%    571.0 sec left
CG set 4412 / 5384    588.0766 GFlop/s     (588.0766 GFlop/s per process)    81%    570.3 sec left
CG set 4413 / 5384    588.0771 GFlop/s     (588.0771 GFlop/s per process)    81%    569.6 sec left
CG set 4414 / 5384    588.0775 GFlop/s     (588.0775 GFlop/s per process)    81%    568.9 sec left
CG set 4415 / 5384    588.0832 GFlop/s     (588.0832 GFlop/s per process)    82%    568.3 sec left
CG set 4416 / 5384    588.0833 GFlop/s     (588.0833 GFlop/s per process)    82%    567.6 sec left
CG set 4417 / 5384    588.0840 GFlop/s     (588.0840 GFlop/s per process)    82%    566.9 sec left
CG set 4418 / 5384    588.0844 GFlop/s     (588.0844 GFlop/s per process)    82%    566.2 sec left
CG set 4419 / 5384    588.0855 GFlop/s     (588.0855 GFlop/s per process)    82%    565.5 sec left
CG set 4420 / 5384    588.0862 GFlop/s     (588.0862 GFlop/s per process)    82%    564.8 sec left
CG set 4421 / 5384    588.0874 GFlop/s     (588.0874 GFlop/s per process)    82%    564.2 sec left
CG set 4422 / 5384    588.0885 GFlop/s     (588.0885 GFlop/s per process)    82%    563.5 sec left
CG set 4423 / 5384    588.0887 GFlop/s     (588.0887 GFlop/s per process)    82%    562.8 sec left
CG set 4424 / 5384    588.0941 GFlop/s     (588.0941 GFlop/s per process)    82%    562.1 sec left
CG set 4425 / 5384    588.0947 GFlop/s     (588.0947 GFlop/s per process)    82%    561.4 sec left
CG set 4426 / 5384    588.0956 GFlop/s     (588.0956 GFlop/s per process)    82%    560.8 sec left
CG set 4427 / 5384    588.0963 GFlop/s     (588.0963 GFlop/s per process)    82%    560.1 sec left
CG set 4428 / 5384    588.0977 GFlop/s     (588.0977 GFlop/s per process)    82%    559.4 sec left
CG set 4429 / 5384    588.0990 GFlop/s     (588.0990 GFlop/s per process)    82%    558.7 sec left
CG set 4430 / 5384    588.1005 GFlop/s     (588.1005 GFlop/s per process)    82%    558.0 sec left
CG set 4431 / 5384    588.1015 GFlop/s     (588.1015 GFlop/s per process)    82%    557.4 sec left
CG set 4432 / 5384    588.1019 GFlop/s     (588.1019 GFlop/s per process)    82%    556.7 sec left
CG set 4433 / 5384    588.1072 GFlop/s     (588.1072 GFlop/s per process)    82%    556.0 sec left
CG set 4434 / 5384    588.1086 GFlop/s     (588.1086 GFlop/s per process)    82%    555.3 sec left
CG set 4435 / 5384    588.1093 GFlop/s     (588.1093 GFlop/s per process)    82%    554.7 sec left
CG set 4436 / 5384    588.1106 GFlop/s     (588.1106 GFlop/s per process)    82%    554.0 sec left
CG set 4437 / 5384    588.1115 GFlop/s     (588.1115 GFlop/s per process)    82%    553.3 sec left
CG set 4438 / 5384    588.1127 GFlop/s     (588.1127 GFlop/s per process)    82%    552.6 sec left
CG set 4439 / 5384    588.1144 GFlop/s     (588.1144 GFlop/s per process)    82%    551.9 sec left
CG set 4440 / 5384    588.1147 GFlop/s     (588.1147 GFlop/s per process)    82%    551.2 sec left
CG set 4441 / 5384    588.1159 GFlop/s     (588.1159 GFlop/s per process)    82%    550.6 sec left
CG set 4442 / 5384    588.1214 GFlop/s     (588.1214 GFlop/s per process)    82%    549.9 sec left
CG set 4443 / 5384    588.1226 GFlop/s     (588.1226 GFlop/s per process)    82%    549.2 sec left
CG set 4444 / 5384    588.1240 GFlop/s     (588.1240 GFlop/s per process)    82%    548.6 sec left
CG set 4445 / 5384    588.1253 GFlop/s     (588.1253 GFlop/s per process)    82%    547.9 sec left
CG set 4446 / 5384    588.1258 GFlop/s     (588.1258 GFlop/s per process)    82%    547.2 sec left
CG set 4447 / 5384    588.1269 GFlop/s     (588.1269 GFlop/s per process)    82%    546.5 sec left
CG set 4448 / 5384    588.1275 GFlop/s     (588.1275 GFlop/s per process)    82%    545.8 sec left
CG set 4449 / 5384    588.1285 GFlop/s     (588.1285 GFlop/s per process)    82%    545.1 sec left
CG set 4450 / 5384    588.1294 GFlop/s     (588.1294 GFlop/s per process)    82%    544.5 sec left
CG set 4451 / 5384    588.1348 GFlop/s     (588.1348 GFlop/s per process)    82%    543.8 sec left
CG set 4452 / 5384    588.1352 GFlop/s     (588.1352 GFlop/s per process)    82%    543.1 sec left
CG set 4453 / 5384    588.1389 GFlop/s     (588.1389 GFlop/s per process)    82%    542.4 sec left
CG set 4454 / 5384    588.1409 GFlop/s     (588.1409 GFlop/s per process)    82%    541.8 sec left
CG set 4455 / 5384    588.1428 GFlop/s     (588.1428 GFlop/s per process)    82%    541.1 sec left
CG set 4456 / 5384    588.1483 GFlop/s     (588.1483 GFlop/s per process)    82%    540.4 sec left
CG set 4457 / 5384    588.1519 GFlop/s     (588.1519 GFlop/s per process)    82%    539.8 sec left
CG set 4458 / 5384    588.1550 GFlop/s     (588.1550 GFlop/s per process)    82%    539.1 sec left
CG set 4459 / 5384    588.1599 GFlop/s     (588.1599 GFlop/s per process)    82%    538.4 sec left
CG set 4460 / 5384    588.1615 GFlop/s     (588.1615 GFlop/s per process)    82%    537.8 sec left
CG set 4461 / 5384    588.1641 GFlop/s     (588.1641 GFlop/s per process)    82%    537.1 sec left
CG set 4462 / 5384    588.1644 GFlop/s     (588.1644 GFlop/s per process)    82%    536.4 sec left
CG set 4463 / 5384    588.1638 GFlop/s     (588.1638 GFlop/s per process)    82%    535.7 sec left
CG set 4464 / 5384    588.1640 GFlop/s     (588.1640 GFlop/s per process)    82%    535.0 sec left
CG set 4465 / 5384    588.1647 GFlop/s     (588.1647 GFlop/s per process)    82%    534.3 sec left
CG set 4466 / 5384    588.1651 GFlop/s     (588.1651 GFlop/s per process)    82%    533.7 sec left
CG set 4467 / 5384    588.1649 GFlop/s     (588.1649 GFlop/s per process)    82%    533.0 sec left
CG set 4468 / 5384    588.1700 GFlop/s     (588.1700 GFlop/s per process)    82%    532.3 sec left
CG set 4469 / 5384    588.1708 GFlop/s     (588.1708 GFlop/s per process)    83%    531.6 sec left
CG set 4470 / 5384    588.1725 GFlop/s     (588.1725 GFlop/s per process)    83%    531.0 sec left
CG set 4471 / 5384    588.1733 GFlop/s     (588.1733 GFlop/s per process)    83%    530.3 sec left
CG set 4472 / 5384    588.1733 GFlop/s     (588.1733 GFlop/s per process)    83%    529.6 sec left
CG set 4473 / 5384    588.1744 GFlop/s     (588.1744 GFlop/s per process)    83%    528.9 sec left
CG set 4474 / 5384    588.1739 GFlop/s     (588.1739 GFlop/s per process)    83%    528.2 sec left
CG set 4475 / 5384    588.1740 GFlop/s     (588.1740 GFlop/s per process)    83%    527.5 sec left
CG set 4476 / 5384    588.1741 GFlop/s     (588.1741 GFlop/s per process)    83%    526.8 sec left
CG set 4477 / 5384    588.1747 GFlop/s     (588.1747 GFlop/s per process)    83%    526.2 sec left
CG set 4478 / 5384    588.1801 GFlop/s     (588.1801 GFlop/s per process)    83%    525.5 sec left
CG set 4479 / 5384    588.1804 GFlop/s     (588.1804 GFlop/s per process)    83%    524.8 sec left
CG set 4480 / 5384    588.1809 GFlop/s     (588.1809 GFlop/s per process)    83%    524.1 sec left
CG set 4481 / 5384    588.1815 GFlop/s     (588.1815 GFlop/s per process)    83%    523.4 sec left
CG set 4482 / 5384    588.1824 GFlop/s     (588.1824 GFlop/s per process)    83%    522.8 sec left
CG set 4483 / 5384    588.1827 GFlop/s     (588.1827 GFlop/s per process)    83%    522.1 sec left
CG set 4484 / 5384    588.1822 GFlop/s     (588.1822 GFlop/s per process)    83%    521.4 sec left
CG set 4485 / 5384    588.1827 GFlop/s     (588.1827 GFlop/s per process)    83%    520.7 sec left
CG set 4486 / 5384    588.1835 GFlop/s     (588.1835 GFlop/s per process)    83%    520.0 sec left
CG set 4487 / 5384    588.1886 GFlop/s     (588.1886 GFlop/s per process)    83%    519.4 sec left
CG set 4488 / 5384    588.1882 GFlop/s     (588.1882 GFlop/s per process)    83%    518.7 sec left
CG set 4489 / 5384    588.1882 GFlop/s     (588.1882 GFlop/s per process)    83%    518.0 sec left
CG set 4490 / 5384    588.1881 GFlop/s     (588.1881 GFlop/s per process)    83%    517.3 sec left
CG set 4491 / 5384    588.1880 GFlop/s     (588.1880 GFlop/s per process)    83%    516.6 sec left
CG set 4492 / 5384    588.1890 GFlop/s     (588.1890 GFlop/s per process)    83%    515.9 sec left
CG set 4493 / 5384    588.1891 GFlop/s     (588.1891 GFlop/s per process)    83%    515.3 sec left
CG set 4494 / 5384    588.1898 GFlop/s     (588.1898 GFlop/s per process)    83%    514.6 sec left
CG set 4495 / 5384    588.1902 GFlop/s     (588.1902 GFlop/s per process)    83%    513.9 sec left
CG set 4496 / 5384    588.1906 GFlop/s     (588.1906 GFlop/s per process)    83%    513.2 sec left
CG set 4497 / 5384    588.1957 GFlop/s     (588.1957 GFlop/s per process)    83%    512.5 sec left
CG set 4498 / 5384    588.1963 GFlop/s     (588.1963 GFlop/s per process)    83%    511.9 sec left
CG set 4499 / 5384    588.1967 GFlop/s     (588.1967 GFlop/s per process)    83%    511.2 sec left
CG set 4500 / 5384    588.1972 GFlop/s     (588.1972 GFlop/s per process)    83%    510.5 sec left
CG set 4501 / 5384    588.1982 GFlop/s     (588.1982 GFlop/s per process)    83%    509.8 sec left
CG set 4502 / 5384    588.1987 GFlop/s     (588.1987 GFlop/s per process)    83%    509.1 sec left
CG set 4503 / 5384    588.1990 GFlop/s     (588.1990 GFlop/s per process)    83%    508.4 sec left
CG set 4504 / 5384    588.1997 GFlop/s     (588.1997 GFlop/s per process)    83%    507.8 sec left
CG set 4505 / 5384    588.2003 GFlop/s     (588.2003 GFlop/s per process)    83%    507.1 sec left
CG set 4506 / 5384    588.2053 GFlop/s     (588.2053 GFlop/s per process)    83%    506.4 sec left
CG set 4507 / 5384    588.2060 GFlop/s     (588.2060 GFlop/s per process)    83%    505.7 sec left
CG set 4508 / 5384    588.2067 GFlop/s     (588.2067 GFlop/s per process)    83%    505.0 sec left
CG set 4509 / 5384    588.2078 GFlop/s     (588.2078 GFlop/s per process)    83%    504.4 sec left
CG set 4510 / 5384    588.2085 GFlop/s     (588.2085 GFlop/s per process)    83%    503.7 sec left
CG set 4511 / 5384    588.2094 GFlop/s     (588.2094 GFlop/s per process)    83%    503.0 sec left
CG set 4512 / 5384    588.2102 GFlop/s     (588.2102 GFlop/s per process)    83%    502.3 sec left
CG set 4513 / 5384    588.2110 GFlop/s     (588.2110 GFlop/s per process)    83%    501.6 sec left
CG set 4514 / 5384    588.2118 GFlop/s     (588.2118 GFlop/s per process)    83%    501.0 sec left
CG set 4515 / 5384    588.2167 GFlop/s     (588.2167 GFlop/s per process)    83%    500.3 sec left
CG set 4516 / 5384    588.2175 GFlop/s     (588.2175 GFlop/s per process)    83%    499.6 sec left
CG set 4517 / 5384    588.2184 GFlop/s     (588.2184 GFlop/s per process)    83%    498.9 sec left
CG set 4518 / 5384    588.2197 GFlop/s     (588.2197 GFlop/s per process)    83%    498.2 sec left
CG set 4519 / 5384    588.2194 GFlop/s     (588.2194 GFlop/s per process)    83%    497.6 sec left
CG set 4520 / 5384    588.2203 GFlop/s     (588.2203 GFlop/s per process)    83%    496.9 sec left
CG set 4521 / 5384    588.2208 GFlop/s     (588.2208 GFlop/s per process)    83%    496.2 sec left
CG set 4522 / 5384    588.2215 GFlop/s     (588.2215 GFlop/s per process)    83%    495.5 sec left
CG set 4523 / 5384    588.2221 GFlop/s     (588.2221 GFlop/s per process)    84%    494.8 sec left
CG set 4524 / 5384    588.2270 GFlop/s     (588.2270 GFlop/s per process)    84%    494.2 sec left
CG set 4525 / 5384    588.2272 GFlop/s     (588.2272 GFlop/s per process)    84%    493.5 sec left
CG set 4526 / 5384    588.2277 GFlop/s     (588.2277 GFlop/s per process)    84%    492.8 sec left
CG set 4527 / 5384    588.2287 GFlop/s     (588.2287 GFlop/s per process)    84%    492.1 sec left
CG set 4528 / 5384    588.2290 GFlop/s     (588.2290 GFlop/s per process)    84%    491.4 sec left
CG set 4529 / 5384    588.2293 GFlop/s     (588.2293 GFlop/s per process)    84%    490.7 sec left
CG set 4530 / 5384    588.2301 GFlop/s     (588.2301 GFlop/s per process)    84%    490.1 sec left
CG set 4531 / 5384    588.2331 GFlop/s     (588.2331 GFlop/s per process)    84%    489.4 sec left
CG set 4532 / 5384    588.2344 GFlop/s     (588.2344 GFlop/s per process)    84%    488.7 sec left
CG set 4533 / 5384    588.2391 GFlop/s     (588.2391 GFlop/s per process)    84%    488.1 sec left
CG set 4534 / 5384    588.2407 GFlop/s     (588.2407 GFlop/s per process)    84%    487.4 sec left
CG set 4535 / 5384    588.2454 GFlop/s     (588.2454 GFlop/s per process)    84%    486.7 sec left
CG set 4536 / 5384    588.2485 GFlop/s     (588.2485 GFlop/s per process)    84%    486.0 sec left
CG set 4537 / 5384    588.2510 GFlop/s     (588.2510 GFlop/s per process)    84%    485.4 sec left
CG set 4538 / 5384    588.2520 GFlop/s     (588.2520 GFlop/s per process)    84%    484.7 sec left
CG set 4539 / 5384    588.2535 GFlop/s     (588.2535 GFlop/s per process)    84%    484.0 sec left
CG set 4540 / 5384    588.2534 GFlop/s     (588.2534 GFlop/s per process)    84%    483.3 sec left
CG set 4541 / 5384    588.2524 GFlop/s     (588.2524 GFlop/s per process)    84%    482.6 sec left
CG set 4542 / 5384    588.2572 GFlop/s     (588.2572 GFlop/s per process)    84%    482.0 sec left
CG set 4543 / 5384    588.2573 GFlop/s     (588.2573 GFlop/s per process)    84%    481.3 sec left
CG set 4544 / 5384    588.2573 GFlop/s     (588.2573 GFlop/s per process)    84%    480.6 sec left
CG set 4545 / 5384    588.2572 GFlop/s     (588.2572 GFlop/s per process)    84%    479.9 sec left
CG set 4546 / 5384    588.2565 GFlop/s     (588.2565 GFlop/s per process)    84%    479.2 sec left
CG set 4547 / 5384    588.2572 GFlop/s     (588.2572 GFlop/s per process)    84%    478.5 sec left
CG set 4548 / 5384    588.2597 GFlop/s     (588.2597 GFlop/s per process)    84%    477.9 sec left
CG set 4549 / 5384    588.2599 GFlop/s     (588.2599 GFlop/s per process)    84%    477.2 sec left
CG set 4550 / 5384    588.2591 GFlop/s     (588.2591 GFlop/s per process)    84%    476.5 sec left
CG set 4551 / 5384    588.2590 GFlop/s     (588.2590 GFlop/s per process)    84%    475.8 sec left
CG set 4552 / 5384    588.2635 GFlop/s     (588.2635 GFlop/s per process)    84%    475.1 sec left
CG set 4553 / 5384    588.2635 GFlop/s     (588.2635 GFlop/s per process)    84%    474.5 sec left
CG set 4554 / 5384    588.2632 GFlop/s     (588.2632 GFlop/s per process)    84%    473.8 sec left
CG set 4555 / 5384    588.2623 GFlop/s     (588.2623 GFlop/s per process)    84%    473.1 sec left
CG set 4556 / 5384    588.2623 GFlop/s     (588.2623 GFlop/s per process)    84%    472.4 sec left
CG set 4557 / 5384    588.2615 GFlop/s     (588.2615 GFlop/s per process)    84%    471.7 sec left
CG set 4558 / 5384    588.2616 GFlop/s     (588.2616 GFlop/s per process)    84%    471.0 sec left
CG set 4559 / 5384    588.2615 GFlop/s     (588.2615 GFlop/s per process)    84%    470.3 sec left
CG set 4560 / 5384    588.2608 GFlop/s     (588.2608 GFlop/s per process)    84%    469.6 sec left
CG set 4561 / 5384    588.2655 GFlop/s     (588.2655 GFlop/s per process)    84%    469.0 sec left
CG set 4562 / 5384    588.2652 GFlop/s     (588.2652 GFlop/s per process)    84%    468.3 sec left
CG set 4563 / 5384    588.2650 GFlop/s     (588.2650 GFlop/s per process)    84%    467.6 sec left
CG set 4564 / 5384    588.2649 GFlop/s     (588.2649 GFlop/s per process)    84%    466.9 sec left
CG set 4565 / 5384    588.2653 GFlop/s     (588.2653 GFlop/s per process)    84%    466.2 sec left
CG set 4566 / 5384    588.2652 GFlop/s     (588.2652 GFlop/s per process)    84%    465.5 sec left
CG set 4567 / 5384    588.2644 GFlop/s     (588.2644 GFlop/s per process)    84%    464.9 sec left
CG set 4568 / 5384    588.2641 GFlop/s     (588.2641 GFlop/s per process)    84%    464.2 sec left
CG set 4569 / 5384    588.2646 GFlop/s     (588.2646 GFlop/s per process)    84%    463.5 sec left
CG set 4570 / 5384    588.2655 GFlop/s     (588.2655 GFlop/s per process)    84%    462.8 sec left
CG set 4571 / 5384    588.2697 GFlop/s     (588.2697 GFlop/s per process)    84%    462.1 sec left
CG set 4572 / 5384    588.2703 GFlop/s     (588.2703 GFlop/s per process)    84%    461.5 sec left
CG set 4573 / 5384    588.2708 GFlop/s     (588.2708 GFlop/s per process)    84%    460.8 sec left
CG set 4574 / 5384    588.2702 GFlop/s     (588.2702 GFlop/s per process)    84%    460.1 sec left
CG set 4575 / 5384    588.2691 GFlop/s     (588.2691 GFlop/s per process)    84%    459.4 sec left
CG set 4576 / 5384    588.2689 GFlop/s     (588.2689 GFlop/s per process)    84%    458.7 sec left
CG set 4577 / 5384    588.2689 GFlop/s     (588.2689 GFlop/s per process)    85%    458.0 sec left
CG set 4578 / 5384    588.2684 GFlop/s     (588.2684 GFlop/s per process)    85%    457.3 sec left
CG set 4579 / 5384    588.2688 GFlop/s     (588.2688 GFlop/s per process)    85%    456.6 sec left
CG set 4580 / 5384    588.2689 GFlop/s     (588.2689 GFlop/s per process)    85%    456.0 sec left
CG set 4581 / 5384    588.2733 GFlop/s     (588.2733 GFlop/s per process)    85%    455.3 sec left
CG set 4582 / 5384    588.2725 GFlop/s     (588.2725 GFlop/s per process)    85%    454.6 sec left
CG set 4583 / 5384    588.2725 GFlop/s     (588.2725 GFlop/s per process)    85%    453.9 sec left
CG set 4584 / 5384    588.2727 GFlop/s     (588.2727 GFlop/s per process)    85%    453.2 sec left
CG set 4585 / 5384    588.2728 GFlop/s     (588.2728 GFlop/s per process)    85%    452.5 sec left
CG set 4586 / 5384    588.2733 GFlop/s     (588.2733 GFlop/s per process)    85%    451.9 sec left
CG set 4587 / 5384    588.2741 GFlop/s     (588.2741 GFlop/s per process)    85%    451.2 sec left
CG set 4588 / 5384    588.2747 GFlop/s     (588.2747 GFlop/s per process)    85%    450.5 sec left
CG set 4589 / 5384    588.2752 GFlop/s     (588.2752 GFlop/s per process)    85%    449.8 sec left
CG set 4590 / 5384    588.2798 GFlop/s     (588.2798 GFlop/s per process)    85%    449.1 sec left
CG set 4591 / 5384    588.2795 GFlop/s     (588.2795 GFlop/s per process)    85%    448.5 sec left
CG set 4592 / 5384    588.2799 GFlop/s     (588.2799 GFlop/s per process)    85%    447.8 sec left
CG set 4593 / 5384    588.2803 GFlop/s     (588.2803 GFlop/s per process)    85%    447.1 sec left
CG set 4594 / 5384    588.2810 GFlop/s     (588.2810 GFlop/s per process)    85%    446.4 sec left
CG set 4595 / 5384    588.2809 GFlop/s     (588.2809 GFlop/s per process)    85%    445.7 sec left
CG set 4596 / 5384    588.2819 GFlop/s     (588.2819 GFlop/s per process)    85%    445.0 sec left
CG set 4597 / 5384    588.2820 GFlop/s     (588.2820 GFlop/s per process)    85%    444.4 sec left
CG set 4598 / 5384    588.2826 GFlop/s     (588.2826 GFlop/s per process)    85%    443.7 sec left
CG set 4599 / 5384    588.2831 GFlop/s     (588.2831 GFlop/s per process)    85%    443.0 sec left
CG set 4600 / 5384    588.2876 GFlop/s     (588.2876 GFlop/s per process)    85%    442.3 sec left
CG set 4601 / 5384    588.2874 GFlop/s     (588.2874 GFlop/s per process)    85%    441.6 sec left
CG set 4602 / 5384    588.2878 GFlop/s     (588.2878 GFlop/s per process)    85%    441.0 sec left
CG set 4603 / 5384    588.2884 GFlop/s     (588.2884 GFlop/s per process)    85%    440.3 sec left
CG set 4604 / 5384    588.2883 GFlop/s     (588.2883 GFlop/s per process)    85%    439.6 sec left
CG set 4605 / 5384    588.2889 GFlop/s     (588.2889 GFlop/s per process)    85%    438.9 sec left
CG set 4606 / 5384    588.2891 GFlop/s     (588.2891 GFlop/s per process)    85%    438.2 sec left
CG set 4607 / 5384    588.2893 GFlop/s     (588.2893 GFlop/s per process)    85%    437.5 sec left
CG set 4608 / 5384    588.2899 GFlop/s     (588.2899 GFlop/s per process)    85%    436.8 sec left
CG set 4609 / 5384    588.2945 GFlop/s     (588.2945 GFlop/s per process)    85%    436.2 sec left
CG set 4610 / 5384    588.2971 GFlop/s     (588.2971 GFlop/s per process)    85%    435.5 sec left
CG set 4611 / 5384    588.2990 GFlop/s     (588.2990 GFlop/s per process)    85%    434.8 sec left
CG set 4612 / 5384    588.3006 GFlop/s     (588.3006 GFlop/s per process)    85%    434.2 sec left
CG set 4613 / 5384    588.3053 GFlop/s     (588.3053 GFlop/s per process)    85%    433.5 sec left
CG set 4614 / 5384    588.3082 GFlop/s     (588.3082 GFlop/s per process)    85%    432.8 sec left
CG set 4615 / 5384    588.3104 GFlop/s     (588.3104 GFlop/s per process)    85%    432.2 sec left
CG set 4616 / 5384    588.3104 GFlop/s     (588.3104 GFlop/s per process)    85%    431.5 sec left
CG set 4617 / 5384    588.3149 GFlop/s     (588.3149 GFlop/s per process)    85%    430.8 sec left
CG set 4618 / 5384    588.3167 GFlop/s     (588.3167 GFlop/s per process)    85%    430.1 sec left
CG set 4619 / 5384    588.3160 GFlop/s     (588.3160 GFlop/s per process)    85%    429.4 sec left
CG set 4620 / 5384    588.3161 GFlop/s     (588.3161 GFlop/s per process)    85%    428.7 sec left
CG set 4621 / 5384    588.3152 GFlop/s     (588.3152 GFlop/s per process)    85%    428.1 sec left
CG set 4622 / 5384    588.3156 GFlop/s     (588.3156 GFlop/s per process)    85%    427.4 sec left
CG set 4623 / 5384    588.3158 GFlop/s     (588.3158 GFlop/s per process)    85%    426.7 sec left
CG set 4624 / 5384    588.3161 GFlop/s     (588.3161 GFlop/s per process)    85%    426.0 sec left
CG set 4625 / 5384    588.3165 GFlop/s     (588.3165 GFlop/s per process)    85%    425.3 sec left
CG set 4626 / 5384    588.3208 GFlop/s     (588.3208 GFlop/s per process)    85%    424.7 sec left
CG set 4627 / 5384    588.3224 GFlop/s     (588.3224 GFlop/s per process)    85%    424.0 sec left
CG set 4628 / 5384    588.3222 GFlop/s     (588.3222 GFlop/s per process)    85%    423.3 sec left
CG set 4629 / 5384    588.3216 GFlop/s     (588.3216 GFlop/s per process)    85%    422.6 sec left
CG set 4630 / 5384    588.3221 GFlop/s     (588.3221 GFlop/s per process)    85%    421.9 sec left
CG set 4631 / 5384    588.3223 GFlop/s     (588.3223 GFlop/s per process)    86%    421.2 sec left
CG set 4632 / 5384    588.3217 GFlop/s     (588.3217 GFlop/s per process)    86%    420.5 sec left
CG set 4633 / 5384    588.3218 GFlop/s     (588.3218 GFlop/s per process)    86%    419.9 sec left
CG set 4634 / 5384    588.3220 GFlop/s     (588.3220 GFlop/s per process)    86%    419.2 sec left
CG set 4635 / 5384    588.3225 GFlop/s     (588.3225 GFlop/s per process)    86%    418.5 sec left
CG set 4636 / 5384    588.3274 GFlop/s     (588.3274 GFlop/s per process)    86%    417.8 sec left
CG set 4637 / 5384    588.3273 GFlop/s     (588.3273 GFlop/s per process)    86%    417.1 sec left
CG set 4638 / 5384    588.3276 GFlop/s     (588.3276 GFlop/s per process)    86%    416.5 sec left
CG set 4639 / 5384    588.3275 GFlop/s     (588.3275 GFlop/s per process)    86%    415.8 sec left
CG set 4640 / 5384    588.3277 GFlop/s     (588.3277 GFlop/s per process)    86%    415.1 sec left
CG set 4641 / 5384    588.3279 GFlop/s     (588.3279 GFlop/s per process)    86%    414.4 sec left
CG set 4642 / 5384    588.3282 GFlop/s     (588.3282 GFlop/s per process)    86%    413.7 sec left
CG set 4643 / 5384    588.3289 GFlop/s     (588.3289 GFlop/s per process)    86%    413.0 sec left
CG set 4644 / 5384    588.3290 GFlop/s     (588.3290 GFlop/s per process)    86%    412.3 sec left
CG set 4645 / 5384    588.3338 GFlop/s     (588.3338 GFlop/s per process)    86%    411.7 sec left
CG set 4646 / 5384    588.3340 GFlop/s     (588.3340 GFlop/s per process)    86%    411.0 sec left
CG set 4647 / 5384    588.3341 GFlop/s     (588.3341 GFlop/s per process)    86%    410.3 sec left
CG set 4648 / 5384    588.3351 GFlop/s     (588.3351 GFlop/s per process)    86%    409.6 sec left
CG set 4649 / 5384    588.3357 GFlop/s     (588.3357 GFlop/s per process)    86%    409.0 sec left
CG set 4650 / 5384    588.3363 GFlop/s     (588.3363 GFlop/s per process)    86%    408.3 sec left
CG set 4651 / 5384    588.3370 GFlop/s     (588.3370 GFlop/s per process)    86%    407.6 sec left
CG set 4652 / 5384    588.3376 GFlop/s     (588.3376 GFlop/s per process)    86%    406.9 sec left
CG set 4653 / 5384    588.3371 GFlop/s     (588.3371 GFlop/s per process)    86%    406.2 sec left
CG set 4654 / 5384    588.3379 GFlop/s     (588.3379 GFlop/s per process)    86%    405.5 sec left
CG set 4655 / 5384    588.3427 GFlop/s     (588.3427 GFlop/s per process)    86%    404.9 sec left
CG set 4656 / 5384    588.3429 GFlop/s     (588.3429 GFlop/s per process)    86%    404.2 sec left
CG set 4657 / 5384    588.3432 GFlop/s     (588.3432 GFlop/s per process)    86%    403.5 sec left
CG set 4658 / 5384    588.3442 GFlop/s     (588.3442 GFlop/s per process)    86%    402.8 sec left
CG set 4659 / 5384    588.3447 GFlop/s     (588.3447 GFlop/s per process)    86%    402.1 sec left
CG set 4660 / 5384    588.3450 GFlop/s     (588.3450 GFlop/s per process)    86%    401.5 sec left
CG set 4661 / 5384    588.3456 GFlop/s     (588.3456 GFlop/s per process)    86%    400.8 sec left
CG set 4662 / 5384    588.3463 GFlop/s     (588.3463 GFlop/s per process)    86%    400.1 sec left
CG set 4663 / 5384    588.3475 GFlop/s     (588.3475 GFlop/s per process)    86%    399.4 sec left
CG set 4664 / 5384    588.3524 GFlop/s     (588.3524 GFlop/s per process)    86%    398.7 sec left
CG set 4665 / 5384    588.3535 GFlop/s     (588.3535 GFlop/s per process)    86%    398.1 sec left
CG set 4666 / 5384    588.3542 GFlop/s     (588.3542 GFlop/s per process)    86%    397.4 sec left
CG set 4667 / 5384    588.3554 GFlop/s     (588.3554 GFlop/s per process)    86%    396.7 sec left
CG set 4668 / 5384    588.3566 GFlop/s     (588.3566 GFlop/s per process)    86%    396.0 sec left
CG set 4669 / 5384    588.3577 GFlop/s     (588.3577 GFlop/s per process)    86%    395.3 sec left
CG set 4670 / 5384    588.3587 GFlop/s     (588.3587 GFlop/s per process)    86%    394.7 sec left
CG set 4671 / 5384    588.3598 GFlop/s     (588.3598 GFlop/s per process)    86%    394.0 sec left
CG set 4672 / 5384    588.3609 GFlop/s     (588.3609 GFlop/s per process)    86%    393.3 sec left
CG set 4673 / 5384    588.3659 GFlop/s     (588.3659 GFlop/s per process)    86%    392.6 sec left
CG set 4674 / 5384    588.3672 GFlop/s     (588.3672 GFlop/s per process)    86%    392.0 sec left
CG set 4675 / 5384    588.3686 GFlop/s     (588.3686 GFlop/s per process)    86%    391.3 sec left
CG set 4676 / 5384    588.3692 GFlop/s     (588.3692 GFlop/s per process)    86%    390.6 sec left
CG set 4677 / 5384    588.3703 GFlop/s     (588.3703 GFlop/s per process)    86%    389.9 sec left
CG set 4678 / 5384    588.3707 GFlop/s     (588.3707 GFlop/s per process)    86%    389.2 sec left
CG set 4679 / 5384    588.3709 GFlop/s     (588.3709 GFlop/s per process)    86%    388.6 sec left
CG set 4680 / 5384    588.3719 GFlop/s     (588.3719 GFlop/s per process)    86%    387.9 sec left
CG set 4681 / 5384    588.3730 GFlop/s     (588.3730 GFlop/s per process)    86%    387.2 sec left
CG set 4682 / 5384    588.3780 GFlop/s     (588.3780 GFlop/s per process)    86%    386.5 sec left
CG set 4683 / 5384    588.3794 GFlop/s     (588.3794 GFlop/s per process)    86%    385.9 sec left
CG set 4684 / 5384    588.3805 GFlop/s     (588.3805 GFlop/s per process)    86%    385.2 sec left
CG set 4685 / 5384    588.3803 GFlop/s     (588.3803 GFlop/s per process)    87%    384.5 sec left
CG set 4686 / 5384    588.3810 GFlop/s     (588.3810 GFlop/s per process)    87%    383.8 sec left
CG set 4687 / 5384    588.3821 GFlop/s     (588.3821 GFlop/s per process)    87%    383.1 sec left
CG set 4688 / 5384    588.3848 GFlop/s     (588.3848 GFlop/s per process)    87%    382.5 sec left
CG set 4689 / 5384    588.3865 GFlop/s     (588.3865 GFlop/s per process)    87%    381.8 sec left
CG set 4690 / 5384    588.3881 GFlop/s     (588.3881 GFlop/s per process)    87%    381.1 sec left
CG set 4691 / 5384    588.3931 GFlop/s     (588.3931 GFlop/s per process)    87%    380.4 sec left
CG set 4692 / 5384    588.3980 GFlop/s     (588.3980 GFlop/s per process)    87%    379.8 sec left
CG set 4693 / 5384    588.4013 GFlop/s     (588.4013 GFlop/s per process)    87%    379.1 sec left
CG set 4694 / 5384    588.4040 GFlop/s     (588.4040 GFlop/s per process)    87%    378.4 sec left
CG set 4695 / 5384    588.4053 GFlop/s     (588.4053 GFlop/s per process)    87%    377.8 sec left
CG set 4696 / 5384    588.4075 GFlop/s     (588.4075 GFlop/s per process)    87%    377.1 sec left
CG set 4697 / 5384    588.4078 GFlop/s     (588.4078 GFlop/s per process)    87%    376.4 sec left
CG set 4698 / 5384    588.4079 GFlop/s     (588.4079 GFlop/s per process)    87%    375.7 sec left
CG set 4699 / 5384    588.4129 GFlop/s     (588.4129 GFlop/s per process)    87%    375.1 sec left
CG set 4700 / 5384    588.4132 GFlop/s     (588.4132 GFlop/s per process)    87%    374.4 sec left
CG set 4701 / 5384    588.4137 GFlop/s     (588.4137 GFlop/s per process)    87%    373.7 sec left
CG set 4702 / 5384    588.4137 GFlop/s     (588.4137 GFlop/s per process)    87%    373.0 sec left
CG set 4703 / 5384    588.4146 GFlop/s     (588.4146 GFlop/s per process)    87%    372.3 sec left
CG set 4704 / 5384    588.4147 GFlop/s     (588.4147 GFlop/s per process)    87%    371.6 sec left
CG set 4705 / 5384    588.4171 GFlop/s     (588.4171 GFlop/s per process)    87%    371.0 sec left
CG set 4706 / 5384    588.4175 GFlop/s     (588.4175 GFlop/s per process)    87%    370.3 sec left
CG set 4707 / 5384    588.4177 GFlop/s     (588.4177 GFlop/s per process)    87%    369.6 sec left
CG set 4708 / 5384    588.4226 GFlop/s     (588.4226 GFlop/s per process)    87%    368.9 sec left
CG set 4709 / 5384    588.4238 GFlop/s     (588.4238 GFlop/s per process)    87%    368.3 sec left
CG set 4710 / 5384    588.4243 GFlop/s     (588.4243 GFlop/s per process)    87%    367.6 sec left
CG set 4711 / 5384    588.4249 GFlop/s     (588.4249 GFlop/s per process)    87%    366.9 sec left
CG set 4712 / 5384    588.4255 GFlop/s     (588.4255 GFlop/s per process)    87%    366.2 sec left
CG set 4713 / 5384    588.4263 GFlop/s     (588.4263 GFlop/s per process)    87%    365.5 sec left
CG set 4714 / 5384    588.4269 GFlop/s     (588.4269 GFlop/s per process)    87%    364.8 sec left
CG set 4715 / 5384    588.4276 GFlop/s     (588.4276 GFlop/s per process)    87%    364.2 sec left
CG set 4716 / 5384    588.4285 GFlop/s     (588.4285 GFlop/s per process)    87%    363.5 sec left
CG set 4717 / 5384    588.4297 GFlop/s     (588.4297 GFlop/s per process)    87%    362.8 sec left
CG set 4718 / 5384    588.4345 GFlop/s     (588.4345 GFlop/s per process)    87%    362.1 sec left
CG set 4719 / 5384    588.4349 GFlop/s     (588.4349 GFlop/s per process)    87%    361.5 sec left
CG set 4720 / 5384    588.4352 GFlop/s     (588.4352 GFlop/s per process)    87%    360.8 sec left
CG set 4721 / 5384    588.4361 GFlop/s     (588.4361 GFlop/s per process)    87%    360.1 sec left
CG set 4722 / 5384    588.4371 GFlop/s     (588.4371 GFlop/s per process)    87%    359.4 sec left
CG set 4723 / 5384    588.4375 GFlop/s     (588.4375 GFlop/s per process)    87%    358.7 sec left
CG set 4724 / 5384    588.4376 GFlop/s     (588.4376 GFlop/s per process)    87%    358.0 sec left
CG set 4725 / 5384    588.4378 GFlop/s     (588.4378 GFlop/s per process)    87%    357.4 sec left
CG set 4726 / 5384    588.4387 GFlop/s     (588.4387 GFlop/s per process)    87%    356.7 sec left
CG set 4727 / 5384    588.4437 GFlop/s     (588.4437 GFlop/s per process)    87%    356.0 sec left
CG set 4728 / 5384    588.4450 GFlop/s     (588.4450 GFlop/s per process)    87%    355.3 sec left
CG set 4729 / 5384    588.4462 GFlop/s     (588.4462 GFlop/s per process)    87%    354.7 sec left
CG set 4730 / 5384    588.4466 GFlop/s     (588.4466 GFlop/s per process)    87%    354.0 sec left
CG set 4731 / 5384    588.4475 GFlop/s     (588.4475 GFlop/s per process)    87%    353.3 sec left
CG set 4732 / 5384    588.4478 GFlop/s     (588.4478 GFlop/s per process)    87%    352.6 sec left
CG set 4733 / 5384    588.4490 GFlop/s     (588.4490 GFlop/s per process)    87%    351.9 sec left
CG set 4734 / 5384    588.4493 GFlop/s     (588.4493 GFlop/s per process)    87%    351.2 sec left
CG set 4735 / 5384    588.4503 GFlop/s     (588.4503 GFlop/s per process)    87%    350.6 sec left
CG set 4736 / 5384    588.4554 GFlop/s     (588.4554 GFlop/s per process)    87%    349.9 sec left
CG set 4737 / 5384    588.4565 GFlop/s     (588.4565 GFlop/s per process)    87%    349.2 sec left
CG set 4738 / 5384    588.4570 GFlop/s     (588.4570 GFlop/s per process)    88%    348.5 sec left
CG set 4739 / 5384    588.4577 GFlop/s     (588.4577 GFlop/s per process)    88%    347.9 sec left
CG set 4740 / 5384    588.4586 GFlop/s     (588.4586 GFlop/s per process)    88%    347.2 sec left
CG set 4741 / 5384    588.4592 GFlop/s     (588.4592 GFlop/s per process)    88%    346.5 sec left
CG set 4742 / 5384    588.4604 GFlop/s     (588.4604 GFlop/s per process)    88%    345.8 sec left
CG set 4743 / 5384    588.4618 GFlop/s     (588.4618 GFlop/s per process)    88%    345.1 sec left
CG set 4744 / 5384    588.4632 GFlop/s     (588.4632 GFlop/s per process)    88%    344.5 sec left
CG set 4745 / 5384    588.4683 GFlop/s     (588.4683 GFlop/s per process)    88%    343.8 sec left
CG set 4746 / 5384    588.4695 GFlop/s     (588.4695 GFlop/s per process)    88%    343.1 sec left
CG set 4747 / 5384    588.4709 GFlop/s     (588.4709 GFlop/s per process)    88%    342.4 sec left
CG set 4748 / 5384    588.4723 GFlop/s     (588.4723 GFlop/s per process)    88%    341.8 sec left
CG set 4749 / 5384    588.4736 GFlop/s     (588.4736 GFlop/s per process)    88%    341.1 sec left
CG set 4750 / 5384    588.4746 GFlop/s     (588.4746 GFlop/s per process)    88%    340.4 sec left
CG set 4751 / 5384    588.4762 GFlop/s     (588.4762 GFlop/s per process)    88%    339.7 sec left
CG set 4752 / 5384    588.4775 GFlop/s     (588.4775 GFlop/s per process)    88%    339.0 sec left
CG set 4753 / 5384    588.4791 GFlop/s     (588.4791 GFlop/s per process)    88%    338.4 sec left
CG set 4754 / 5384    588.4842 GFlop/s     (588.4842 GFlop/s per process)    88%    337.7 sec left
CG set 4755 / 5384    588.4850 GFlop/s     (588.4850 GFlop/s per process)    88%    337.0 sec left
CG set 4756 / 5384    588.4857 GFlop/s     (588.4857 GFlop/s per process)    88%    336.3 sec left
CG set 4757 / 5384    588.4866 GFlop/s     (588.4866 GFlop/s per process)    88%    335.7 sec left
CG set 4758 / 5384    588.4879 GFlop/s     (588.4879 GFlop/s per process)    88%    335.0 sec left
CG set 4759 / 5384    588.4891 GFlop/s     (588.4891 GFlop/s per process)    88%    334.3 sec left
CG set 4760 / 5384    588.4902 GFlop/s     (588.4902 GFlop/s per process)    88%    333.6 sec left
CG set 4761 / 5384    588.4916 GFlop/s     (588.4916 GFlop/s per process)    88%    333.0 sec left
CG set 4762 / 5384    588.4930 GFlop/s     (588.4930 GFlop/s per process)    88%    332.3 sec left
CG set 4763 / 5384    588.4981 GFlop/s     (588.4981 GFlop/s per process)    88%    331.6 sec left
CG set 4764 / 5384    588.4990 GFlop/s     (588.4990 GFlop/s per process)    88%    330.9 sec left
CG set 4765 / 5384    588.4997 GFlop/s     (588.4997 GFlop/s per process)    88%    330.3 sec left
CG set 4766 / 5384    588.4999 GFlop/s     (588.4999 GFlop/s per process)    88%    329.6 sec left
CG set 4767 / 5384    588.5033 GFlop/s     (588.5033 GFlop/s per process)    88%    328.9 sec left
CG set 4768 / 5384    588.5057 GFlop/s     (588.5057 GFlop/s per process)    88%    328.2 sec left
CG set 4769 / 5384    588.5074 GFlop/s     (588.5074 GFlop/s per process)    88%    327.6 sec left
CG set 4770 / 5384    588.5124 GFlop/s     (588.5124 GFlop/s per process)    88%    326.9 sec left
CG set 4771 / 5384    588.5173 GFlop/s     (588.5173 GFlop/s per process)    88%    326.2 sec left
CG set 4772 / 5384    588.5208 GFlop/s     (588.5208 GFlop/s per process)    88%    325.6 sec left
CG set 4773 / 5384    588.5235 GFlop/s     (588.5235 GFlop/s per process)    88%    324.9 sec left
CG set 4774 / 5384    588.5247 GFlop/s     (588.5247 GFlop/s per process)    88%    324.2 sec left
CG set 4775 / 5384    588.5271 GFlop/s     (588.5271 GFlop/s per process)    88%    323.5 sec left
CG set 4776 / 5384    588.5276 GFlop/s     (588.5276 GFlop/s per process)    88%    322.9 sec left
CG set 4777 / 5384    588.5277 GFlop/s     (588.5277 GFlop/s per process)    88%    322.2 sec left
CG set 4778 / 5384    588.5279 GFlop/s     (588.5279 GFlop/s per process)    88%    321.5 sec left
CG set 4779 / 5384    588.5331 GFlop/s     (588.5331 GFlop/s per process)    88%    320.8 sec left
CG set 4780 / 5384    588.5334 GFlop/s     (588.5334 GFlop/s per process)    88%    320.1 sec left
CG set 4781 / 5384    588.5339 GFlop/s     (588.5339 GFlop/s per process)    88%    319.5 sec left
CG set 4782 / 5384    588.5339 GFlop/s     (588.5339 GFlop/s per process)    88%    318.8 sec left
CG set 4783 / 5384    588.5348 GFlop/s     (588.5348 GFlop/s per process)    88%    318.1 sec left
CG set 4784 / 5384    588.5375 GFlop/s     (588.5375 GFlop/s per process)    88%    317.4 sec left
CG set 4785 / 5384    588.5382 GFlop/s     (588.5382 GFlop/s per process)    88%    316.7 sec left
CG set 4786 / 5384    588.5383 GFlop/s     (588.5383 GFlop/s per process)    88%    316.1 sec left
CG set 4787 / 5384    588.5391 GFlop/s     (588.5391 GFlop/s per process)    88%    315.4 sec left
CG set 4788 / 5384    588.5441 GFlop/s     (588.5441 GFlop/s per process)    88%    314.7 sec left
CG set 4789 / 5384    588.5439 GFlop/s     (588.5439 GFlop/s per process)    88%    314.0 sec left
CG set 4790 / 5384    588.5442 GFlop/s     (588.5442 GFlop/s per process)    88%    313.3 sec left
CG set 4791 / 5384    588.5441 GFlop/s     (588.5441 GFlop/s per process)    88%    312.7 sec left
CG set 4792 / 5384    588.5446 GFlop/s     (588.5446 GFlop/s per process)    89%    312.0 sec left
CG set 4793 / 5384    588.5452 GFlop/s     (588.5452 GFlop/s per process)    89%    311.3 sec left
CG set 4794 / 5384    588.5457 GFlop/s     (588.5457 GFlop/s per process)    89%    310.6 sec left
CG set 4795 / 5384    588.5463 GFlop/s     (588.5463 GFlop/s per process)    89%    309.9 sec left
CG set 4796 / 5384    588.5472 GFlop/s     (588.5472 GFlop/s per process)    89%    309.2 sec left
CG set 4797 / 5384    588.5521 GFlop/s     (588.5521 GFlop/s per process)    89%    308.6 sec left
CG set 4798 / 5384    588.5526 GFlop/s     (588.5526 GFlop/s per process)    89%    307.9 sec left
CG set 4799 / 5384    588.5521 GFlop/s     (588.5521 GFlop/s per process)    89%    307.2 sec left
CG set 4800 / 5384    588.5526 GFlop/s     (588.5526 GFlop/s per process)    89%    306.5 sec left
CG set 4801 / 5384    588.5537 GFlop/s     (588.5537 GFlop/s per process)    89%    305.9 sec left
CG set 4802 / 5384    588.5541 GFlop/s     (588.5541 GFlop/s per process)    89%    305.2 sec left
CG set 4803 / 5384    588.5545 GFlop/s     (588.5545 GFlop/s per process)    89%    304.5 sec left
CG set 4804 / 5384    588.5547 GFlop/s     (588.5547 GFlop/s per process)    89%    303.8 sec left
CG set 4805 / 5384    588.5555 GFlop/s     (588.5555 GFlop/s per process)    89%    303.1 sec left
CG set 4806 / 5384    588.5569 GFlop/s     (588.5569 GFlop/s per process)    89%    302.4 sec left
CG set 4807 / 5384    588.5615 GFlop/s     (588.5615 GFlop/s per process)    89%    301.8 sec left
CG set 4808 / 5384    588.5620 GFlop/s     (588.5620 GFlop/s per process)    89%    301.1 sec left
CG set 4809 / 5384    588.5628 GFlop/s     (588.5628 GFlop/s per process)    89%    300.4 sec left
CG set 4810 / 5384    588.5635 GFlop/s     (588.5635 GFlop/s per process)    89%    299.7 sec left
CG set 4811 / 5384    588.5636 GFlop/s     (588.5636 GFlop/s per process)    89%    299.0 sec left
CG set 4812 / 5384    588.5647 GFlop/s     (588.5647 GFlop/s per process)    89%    298.4 sec left
CG set 4813 / 5384    588.5652 GFlop/s     (588.5652 GFlop/s per process)    89%    297.7 sec left
CG set 4814 / 5384    588.5661 GFlop/s     (588.5661 GFlop/s per process)    89%    297.0 sec left
CG set 4815 / 5384    588.5671 GFlop/s     (588.5671 GFlop/s per process)    89%    296.3 sec left
CG set 4816 / 5384    588.5717 GFlop/s     (588.5717 GFlop/s per process)    89%    295.7 sec left
CG set 4817 / 5384    588.5720 GFlop/s     (588.5720 GFlop/s per process)    89%    295.0 sec left
CG set 4818 / 5384    588.5725 GFlop/s     (588.5725 GFlop/s per process)    89%    294.3 sec left
CG set 4819 / 5384    588.5732 GFlop/s     (588.5732 GFlop/s per process)    89%    293.6 sec left
CG set 4820 / 5384    588.5740 GFlop/s     (588.5740 GFlop/s per process)    89%    292.9 sec left
CG set 4821 / 5384    588.5745 GFlop/s     (588.5745 GFlop/s per process)    89%    292.3 sec left
CG set 4822 / 5384    588.5756 GFlop/s     (588.5756 GFlop/s per process)    89%    291.6 sec left
CG set 4823 / 5384    588.5768 GFlop/s     (588.5768 GFlop/s per process)    89%    290.9 sec left
CG set 4824 / 5384    588.5778 GFlop/s     (588.5778 GFlop/s per process)    89%    290.2 sec left
CG set 4825 / 5384    588.5828 GFlop/s     (588.5828 GFlop/s per process)    89%    289.6 sec left
CG set 4826 / 5384    588.5837 GFlop/s     (588.5837 GFlop/s per process)    89%    288.9 sec left
CG set 4827 / 5384    588.5838 GFlop/s     (588.5838 GFlop/s per process)    89%    288.2 sec left
CG set 4828 / 5384    588.5849 GFlop/s     (588.5849 GFlop/s per process)    89%    287.5 sec left
CG set 4829 / 5384    588.5858 GFlop/s     (588.5858 GFlop/s per process)    89%    286.8 sec left
CG set 4830 / 5384    588.5864 GFlop/s     (588.5864 GFlop/s per process)    89%    286.1 sec left
CG set 4831 / 5384    588.5874 GFlop/s     (588.5874 GFlop/s per process)    89%    285.5 sec left
CG set 4832 / 5384    588.5877 GFlop/s     (588.5877 GFlop/s per process)    89%    284.8 sec left
CG set 4833 / 5384    588.5875 GFlop/s     (588.5875 GFlop/s per process)    89%    284.1 sec left
CG set 4834 / 5384    588.5923 GFlop/s     (588.5923 GFlop/s per process)    89%    283.4 sec left
CG set 4835 / 5384    588.5933 GFlop/s     (588.5933 GFlop/s per process)    89%    282.8 sec left
CG set 4836 / 5384    588.5943 GFlop/s     (588.5943 GFlop/s per process)    89%    282.1 sec left
CG set 4837 / 5384    588.5945 GFlop/s     (588.5945 GFlop/s per process)    89%    281.4 sec left
CG set 4838 / 5384    588.5954 GFlop/s     (588.5954 GFlop/s per process)    89%    280.7 sec left
CG set 4839 / 5384    588.5961 GFlop/s     (588.5961 GFlop/s per process)    89%    280.0 sec left
CG set 4840 / 5384    588.5971 GFlop/s     (588.5971 GFlop/s per process)    89%    279.3 sec left
CG set 4841 / 5384    588.5978 GFlop/s     (588.5978 GFlop/s per process)    89%    278.7 sec left
CG set 4842 / 5384    588.6026 GFlop/s     (588.6026 GFlop/s per process)    89%    278.0 sec left
CG set 4843 / 5384    588.6030 GFlop/s     (588.6030 GFlop/s per process)    89%    277.3 sec left
CG set 4844 / 5384    588.6036 GFlop/s     (588.6036 GFlop/s per process)    89%    276.6 sec left
CG set 4845 / 5384    588.6045 GFlop/s     (588.6045 GFlop/s per process)    89%    276.0 sec left
CG set 4846 / 5384    588.6076 GFlop/s     (588.6076 GFlop/s per process)    90%    275.3 sec left
CG set 4847 / 5384    588.6098 GFlop/s     (588.6098 GFlop/s per process)    90%    274.6 sec left
CG set 4848 / 5384    588.6107 GFlop/s     (588.6107 GFlop/s per process)    90%    273.9 sec left
CG set 4849 / 5384    588.6154 GFlop/s     (588.6154 GFlop/s per process)    90%    273.3 sec left
CG set 4850 / 5384    588.6184 GFlop/s     (588.6184 GFlop/s per process)    90%    272.6 sec left
CG set 4851 / 5384    588.6230 GFlop/s     (588.6230 GFlop/s per process)    90%    271.9 sec left
CG set 4852 / 5384    588.6255 GFlop/s     (588.6255 GFlop/s per process)    90%    271.3 sec left
CG set 4853 / 5384    588.6264 GFlop/s     (588.6264 GFlop/s per process)    90%    270.6 sec left
CG set 4854 / 5384    588.6279 GFlop/s     (588.6279 GFlop/s per process)    90%    269.9 sec left
CG set 4855 / 5384    588.6282 GFlop/s     (588.6282 GFlop/s per process)    90%    269.2 sec left
CG set 4856 / 5384    588.6281 GFlop/s     (588.6281 GFlop/s per process)    90%    268.5 sec left
CG set 4857 / 5384    588.6281 GFlop/s     (588.6281 GFlop/s per process)    90%    267.9 sec left
CG set 4858 / 5384    588.6283 GFlop/s     (588.6283 GFlop/s per process)    90%    267.2 sec left
CG set 4859 / 5384    588.6285 GFlop/s     (588.6285 GFlop/s per process)    90%    266.5 sec left
CG set 4860 / 5384    588.6330 GFlop/s     (588.6330 GFlop/s per process)    90%    265.8 sec left
CG set 4861 / 5384    588.6333 GFlop/s     (588.6333 GFlop/s per process)    90%    265.1 sec left
CG set 4862 / 5384    588.6337 GFlop/s     (588.6337 GFlop/s per process)    90%    264.5 sec left
CG set 4863 / 5384    588.6359 GFlop/s     (588.6359 GFlop/s per process)    90%    263.8 sec left
CG set 4864 / 5384    588.6356 GFlop/s     (588.6356 GFlop/s per process)    90%    263.1 sec left
CG set 4865 / 5384    588.6359 GFlop/s     (588.6359 GFlop/s per process)    90%    262.4 sec left
CG set 4866 / 5384    588.6368 GFlop/s     (588.6368 GFlop/s per process)    90%    261.7 sec left
CG set 4867 / 5384    588.6370 GFlop/s     (588.6370 GFlop/s per process)    90%    261.0 sec left
CG set 4868 / 5384    588.6369 GFlop/s     (588.6369 GFlop/s per process)    90%    260.4 sec left
CG set 4869 / 5384    588.6415 GFlop/s     (588.6415 GFlop/s per process)    90%    259.7 sec left
CG set 4870 / 5384    588.6417 GFlop/s     (588.6417 GFlop/s per process)    90%    259.0 sec left
CG set 4871 / 5384    588.6422 GFlop/s     (588.6422 GFlop/s per process)    90%    258.3 sec left
CG set 4872 / 5384    588.6426 GFlop/s     (588.6426 GFlop/s per process)    90%    257.6 sec left
CG set 4873 / 5384    588.6427 GFlop/s     (588.6427 GFlop/s per process)    90%    257.0 sec left
CG set 4874 / 5384    588.6432 GFlop/s     (588.6432 GFlop/s per process)    90%    256.3 sec left
CG set 4875 / 5384    588.6433 GFlop/s     (588.6433 GFlop/s per process)    90%    255.6 sec left
CG set 4876 / 5384    588.6433 GFlop/s     (588.6433 GFlop/s per process)    90%    254.9 sec left
CG set 4877 / 5384    588.6433 GFlop/s     (588.6433 GFlop/s per process)    90%    254.2 sec left
CG set 4878 / 5384    588.6479 GFlop/s     (588.6479 GFlop/s per process)    90%    253.6 sec left
CG set 4879 / 5384    588.6480 GFlop/s     (588.6480 GFlop/s per process)    90%    252.9 sec left
CG set 4880 / 5384    588.6488 GFlop/s     (588.6488 GFlop/s per process)    90%    252.2 sec left
CG set 4881 / 5384    588.6487 GFlop/s     (588.6487 GFlop/s per process)    90%    251.5 sec left
CG set 4882 / 5384    588.6485 GFlop/s     (588.6485 GFlop/s per process)    90%    250.8 sec left
CG set 4883 / 5384    588.6477 GFlop/s     (588.6477 GFlop/s per process)    90%    250.1 sec left
CG set 4884 / 5384    588.6484 GFlop/s     (588.6484 GFlop/s per process)    90%    249.5 sec left
CG set 4885 / 5384    588.6491 GFlop/s     (588.6491 GFlop/s per process)    90%    248.8 sec left
CG set 4886 / 5384    588.6499 GFlop/s     (588.6499 GFlop/s per process)    90%    248.1 sec left
CG set 4887 / 5384    588.6504 GFlop/s     (588.6504 GFlop/s per process)    90%    247.4 sec left
CG set 4888 / 5384    588.6549 GFlop/s     (588.6549 GFlop/s per process)    90%    246.7 sec left
CG set 4889 / 5384    588.6543 GFlop/s     (588.6543 GFlop/s per process)    90%    246.1 sec left
CG set 4890 / 5384    588.6542 GFlop/s     (588.6542 GFlop/s per process)    90%    245.4 sec left
CG set 4891 / 5384    588.6547 GFlop/s     (588.6547 GFlop/s per process)    90%    244.7 sec left
CG set 4892 / 5384    588.6541 GFlop/s     (588.6541 GFlop/s per process)    90%    244.0 sec left
CG set 4893 / 5384    588.6546 GFlop/s     (588.6546 GFlop/s per process)    90%    243.3 sec left
CG set 4894 / 5384    588.6546 GFlop/s     (588.6546 GFlop/s per process)    90%    242.6 sec left
CG set 4895 / 5384    588.6546 GFlop/s     (588.6546 GFlop/s per process)    90%    241.9 sec left
CG set 4896 / 5384    588.6543 GFlop/s     (588.6543 GFlop/s per process)    90%    241.3 sec left
CG set 4897 / 5384    588.6586 GFlop/s     (588.6586 GFlop/s per process)    90%    240.6 sec left
CG set 4898 / 5384    588.6587 GFlop/s     (588.6587 GFlop/s per process)    90%    239.9 sec left
CG set 4899 / 5384    588.6586 GFlop/s     (588.6586 GFlop/s per process)    90%    239.2 sec left
CG set 4900 / 5384    588.6592 GFlop/s     (588.6592 GFlop/s per process)    91%    238.5 sec left
CG set 4901 / 5384    588.6603 GFlop/s     (588.6603 GFlop/s per process)    91%    237.9 sec left
CG set 4902 / 5384    588.6610 GFlop/s     (588.6610 GFlop/s per process)    91%    237.2 sec left
CG set 4903 / 5384    588.6618 GFlop/s     (588.6618 GFlop/s per process)    91%    236.5 sec left
CG set 4904 / 5384    588.6626 GFlop/s     (588.6626 GFlop/s per process)    91%    235.8 sec left
CG set 4905 / 5384    588.6632 GFlop/s     (588.6632 GFlop/s per process)    91%    235.1 sec left
CG set 4906 / 5384    588.6634 GFlop/s     (588.6634 GFlop/s per process)    91%    234.4 sec left
CG set 4907 / 5384    588.6675 GFlop/s     (588.6675 GFlop/s per process)    91%    233.8 sec left
CG set 4908 / 5384    588.6680 GFlop/s     (588.6680 GFlop/s per process)    91%    233.1 sec left
CG set 4909 / 5384    588.6687 GFlop/s     (588.6687 GFlop/s per process)    91%    232.4 sec left
CG set 4910 / 5384    588.6694 GFlop/s     (588.6694 GFlop/s per process)    91%    231.7 sec left
CG set 4911 / 5384    588.6701 GFlop/s     (588.6701 GFlop/s per process)    91%    231.1 sec left
CG set 4912 / 5384    588.6704 GFlop/s     (588.6704 GFlop/s per process)    91%    230.4 sec left
CG set 4913 / 5384    588.6712 GFlop/s     (588.6712 GFlop/s per process)    91%    229.7 sec left
CG set 4914 / 5384    588.6708 GFlop/s     (588.6708 GFlop/s per process)    91%    229.0 sec left
CG set 4915 / 5384    588.6713 GFlop/s     (588.6713 GFlop/s per process)    91%    228.3 sec left
CG set 4916 / 5384    588.6756 GFlop/s     (588.6756 GFlop/s per process)    91%    227.7 sec left
CG set 4917 / 5384    588.6759 GFlop/s     (588.6759 GFlop/s per process)    91%    227.0 sec left
CG set 4918 / 5384    588.6760 GFlop/s     (588.6760 GFlop/s per process)    91%    226.3 sec left
CG set 4919 / 5384    588.6766 GFlop/s     (588.6766 GFlop/s per process)    91%    225.6 sec left
CG set 4920 / 5384    588.6767 GFlop/s     (588.6767 GFlop/s per process)    91%    224.9 sec left
CG set 4921 / 5384    588.6761 GFlop/s     (588.6761 GFlop/s per process)    91%    224.2 sec left
CG set 4922 / 5384    588.6756 GFlop/s     (588.6756 GFlop/s per process)    91%    223.5 sec left
CG set 4923 / 5384    588.6754 GFlop/s     (588.6754 GFlop/s per process)    91%    222.9 sec left
CG set 4924 / 5384    588.6776 GFlop/s     (588.6776 GFlop/s per process)    91%    222.2 sec left
CG set 4925 / 5384    588.6820 GFlop/s     (588.6820 GFlop/s per process)    91%    221.5 sec left
CG set 4926 / 5384    588.6831 GFlop/s     (588.6831 GFlop/s per process)    91%    220.8 sec left
CG set 4927 / 5384    588.6840 GFlop/s     (588.6840 GFlop/s per process)    91%    220.2 sec left
CG set 4928 / 5384    588.6881 GFlop/s     (588.6881 GFlop/s per process)    91%    219.5 sec left
CG set 4929 / 5384    588.6901 GFlop/s     (588.6901 GFlop/s per process)    91%    218.8 sec left
CG set 4930 / 5384    588.6913 GFlop/s     (588.6913 GFlop/s per process)    91%    218.1 sec left
CG set 4931 / 5384    588.6910 GFlop/s     (588.6910 GFlop/s per process)    91%    217.5 sec left
CG set 4932 / 5384    588.6923 GFlop/s     (588.6923 GFlop/s per process)    91%    216.8 sec left
CG set 4933 / 5384    588.6913 GFlop/s     (588.6913 GFlop/s per process)    91%    216.1 sec left
CG set 4934 / 5384    588.6952 GFlop/s     (588.6952 GFlop/s per process)    91%    215.4 sec left
CG set 4935 / 5384    588.6941 GFlop/s     (588.6941 GFlop/s per process)    91%    214.7 sec left
CG set 4936 / 5384    588.6930 GFlop/s     (588.6930 GFlop/s per process)    91%    214.0 sec left
CG set 4937 / 5384    588.6920 GFlop/s     (588.6920 GFlop/s per process)    91%    213.3 sec left
CG set 4938 / 5384    588.6911 GFlop/s     (588.6911 GFlop/s per process)    91%    212.7 sec left
CG set 4939 / 5384    588.6912 GFlop/s     (588.6912 GFlop/s per process)    91%    212.0 sec left
CG set 4940 / 5384    588.6914 GFlop/s     (588.6914 GFlop/s per process)    91%    211.3 sec left
CG set 4941 / 5384    588.6931 GFlop/s     (588.6931 GFlop/s per process)    91%    210.6 sec left
CG set 4942 / 5384    588.6930 GFlop/s     (588.6930 GFlop/s per process)    91%    209.9 sec left
CG set 4943 / 5384    588.6970 GFlop/s     (588.6970 GFlop/s per process)    91%    209.3 sec left
CG set 4944 / 5384    588.6968 GFlop/s     (588.6968 GFlop/s per process)    91%    208.6 sec left
CG set 4945 / 5384    588.6970 GFlop/s     (588.6970 GFlop/s per process)    91%    207.9 sec left
CG set 4946 / 5384    588.6960 GFlop/s     (588.6960 GFlop/s per process)    91%    207.2 sec left
CG set 4947 / 5384    588.6949 GFlop/s     (588.6949 GFlop/s per process)    91%    206.5 sec left
CG set 4948 / 5384    588.6939 GFlop/s     (588.6939 GFlop/s per process)    91%    205.8 sec left
CG set 4949 / 5384    588.6932 GFlop/s     (588.6932 GFlop/s per process)    91%    205.1 sec left
CG set 4950 / 5384    588.6932 GFlop/s     (588.6932 GFlop/s per process)    91%    204.4 sec left
CG set 4951 / 5384    588.6926 GFlop/s     (588.6926 GFlop/s per process)    91%    203.7 sec left
CG set 4952 / 5384    588.6966 GFlop/s     (588.6966 GFlop/s per process)    91%    203.1 sec left
CG set 4953 / 5384    588.6958 GFlop/s     (588.6958 GFlop/s per process)    91%    202.4 sec left
CG set 4954 / 5384    588.6956 GFlop/s     (588.6956 GFlop/s per process)    92%    201.7 sec left
CG set 4955 / 5384    588.6947 GFlop/s     (588.6947 GFlop/s per process)    92%    201.0 sec left
CG set 4956 / 5384    588.6939 GFlop/s     (588.6939 GFlop/s per process)    92%    200.3 sec left
CG set 4957 / 5384    588.6932 GFlop/s     (588.6932 GFlop/s per process)    92%    199.6 sec left
CG set 4958 / 5384    588.6928 GFlop/s     (588.6928 GFlop/s per process)    92%    198.9 sec left
CG set 4959 / 5384    588.6919 GFlop/s     (588.6919 GFlop/s per process)    92%    198.3 sec left
CG set 4960 / 5384    588.6906 GFlop/s     (588.6906 GFlop/s per process)    92%    197.6 sec left
CG set 4961 / 5384    588.6895 GFlop/s     (588.6895 GFlop/s per process)    92%    196.9 sec left
CG set 4962 / 5384    588.6935 GFlop/s     (588.6935 GFlop/s per process)    92%    196.2 sec left
CG set 4963 / 5384    588.6929 GFlop/s     (588.6929 GFlop/s per process)    92%    195.5 sec left
CG set 4964 / 5384    588.6929 GFlop/s     (588.6929 GFlop/s per process)    92%    194.8 sec left
CG set 4965 / 5384    588.6933 GFlop/s     (588.6933 GFlop/s per process)    92%    194.1 sec left
CG set 4966 / 5384    588.6935 GFlop/s     (588.6935 GFlop/s per process)    92%    193.5 sec left
CG set 4967 / 5384    588.6934 GFlop/s     (588.6934 GFlop/s per process)    92%    192.8 sec left
CG set 4968 / 5384    588.6930 GFlop/s     (588.6930 GFlop/s per process)    92%    192.1 sec left
CG set 4969 / 5384    588.6931 GFlop/s     (588.6931 GFlop/s per process)    92%    191.4 sec left
CG set 4970 / 5384    588.6928 GFlop/s     (588.6928 GFlop/s per process)    92%    190.7 sec left
CG set 4971 / 5384    588.6968 GFlop/s     (588.6968 GFlop/s per process)    92%    190.1 sec left
CG set 4972 / 5384    588.6972 GFlop/s     (588.6972 GFlop/s per process)    92%    189.4 sec left
CG set 4973 / 5384    588.6975 GFlop/s     (588.6975 GFlop/s per process)    92%    188.7 sec left
CG set 4974 / 5384    588.6970 GFlop/s     (588.6970 GFlop/s per process)    92%    188.0 sec left
CG set 4975 / 5384    588.6967 GFlop/s     (588.6967 GFlop/s per process)    92%    187.3 sec left
CG set 4976 / 5384    588.6967 GFlop/s     (588.6967 GFlop/s per process)    92%    186.6 sec left
CG set 4977 / 5384    588.6966 GFlop/s     (588.6966 GFlop/s per process)    92%    185.9 sec left
CG set 4978 / 5384    588.6969 GFlop/s     (588.6969 GFlop/s per process)    92%    185.2 sec left
CG set 4979 / 5384    588.6975 GFlop/s     (588.6975 GFlop/s per process)    92%    184.6 sec left
CG set 4980 / 5384    588.7017 GFlop/s     (588.7017 GFlop/s per process)    92%    183.9 sec left
CG set 4981 / 5384    588.7024 GFlop/s     (588.7024 GFlop/s per process)    92%    183.2 sec left
CG set 4982 / 5384    588.7028 GFlop/s     (588.7028 GFlop/s per process)    92%    182.5 sec left
CG set 4983 / 5384    588.7026 GFlop/s     (588.7026 GFlop/s per process)    92%    181.9 sec left
CG set 4984 / 5384    588.7030 GFlop/s     (588.7030 GFlop/s per process)    92%    181.2 sec left
CG set 4985 / 5384    588.7036 GFlop/s     (588.7036 GFlop/s per process)    92%    180.5 sec left
CG set 4986 / 5384    588.7039 GFlop/s     (588.7039 GFlop/s per process)    92%    179.8 sec left
CG set 4987 / 5384    588.7038 GFlop/s     (588.7038 GFlop/s per process)    92%    179.1 sec left
CG set 4988 / 5384    588.7044 GFlop/s     (588.7044 GFlop/s per process)    92%    178.4 sec left
CG set 4989 / 5384    588.7052 GFlop/s     (588.7052 GFlop/s per process)    92%    177.8 sec left
CG set 4990 / 5384    588.7093 GFlop/s     (588.7093 GFlop/s per process)    92%    177.1 sec left
CG set 4991 / 5384    588.7096 GFlop/s     (588.7096 GFlop/s per process)    92%    176.4 sec left
CG set 4992 / 5384    588.7103 GFlop/s     (588.7103 GFlop/s per process)    92%    175.7 sec left
CG set 4993 / 5384    588.7102 GFlop/s     (588.7102 GFlop/s per process)    92%    175.0 sec left
CG set 4994 / 5384    588.7108 GFlop/s     (588.7108 GFlop/s per process)    92%    174.4 sec left
CG set 4995 / 5384    588.7113 GFlop/s     (588.7113 GFlop/s per process)    92%    173.7 sec left
CG set 4996 / 5384    588.7116 GFlop/s     (588.7116 GFlop/s per process)    92%    173.0 sec left
CG set 4997 / 5384    588.7120 GFlop/s     (588.7120 GFlop/s per process)    92%    172.3 sec left
CG set 4998 / 5384    588.7128 GFlop/s     (588.7128 GFlop/s per process)    92%    171.6 sec left
CG set 4999 / 5384    588.7171 GFlop/s     (588.7171 GFlop/s per process)    92%    171.0 sec left
CG set 5000 / 5384    588.7173 GFlop/s     (588.7173 GFlop/s per process)    92%    170.3 sec left
CG set 5001 / 5384    588.7166 GFlop/s     (588.7166 GFlop/s per process)    92%    169.6 sec left
CG set 5002 / 5384    588.7174 GFlop/s     (588.7174 GFlop/s per process)    92%    168.9 sec left
CG set 5003 / 5384    588.7199 GFlop/s     (588.7199 GFlop/s per process)    92%    168.2 sec left
CG set 5004 / 5384    588.7216 GFlop/s     (588.7216 GFlop/s per process)    92%    167.6 sec left
CG set 5005 / 5384    588.7232 GFlop/s     (588.7232 GFlop/s per process)    92%    166.9 sec left
CG set 5006 / 5384    588.7275 GFlop/s     (588.7275 GFlop/s per process)    92%    166.2 sec left
CG set 5007 / 5384    588.7302 GFlop/s     (588.7302 GFlop/s per process)    92%    165.6 sec left
CG set 5008 / 5384    588.7344 GFlop/s     (588.7344 GFlop/s per process)    93%    164.9 sec left
CG set 5009 / 5384    588.7366 GFlop/s     (588.7366 GFlop/s per process)    93%    164.2 sec left
CG set 5010 / 5384    588.7374 GFlop/s     (588.7374 GFlop/s per process)    93%    163.5 sec left
CG set 5011 / 5384    588.7391 GFlop/s     (588.7391 GFlop/s per process)    93%    162.9 sec left
CG set 5012 / 5384    588.7385 GFlop/s     (588.7385 GFlop/s per process)    93%    162.2 sec left
CG set 5013 / 5384    588.7381 GFlop/s     (588.7381 GFlop/s per process)    93%    161.5 sec left
CG set 5014 / 5384    588.7379 GFlop/s     (588.7379 GFlop/s per process)    93%    160.8 sec left
CG set 5015 / 5384    588.7380 GFlop/s     (588.7380 GFlop/s per process)    93%    160.1 sec left
CG set 5016 / 5384    588.7383 GFlop/s     (588.7383 GFlop/s per process)    93%    159.4 sec left
CG set 5017 / 5384    588.7429 GFlop/s     (588.7429 GFlop/s per process)    93%    158.8 sec left
CG set 5018 / 5384    588.7433 GFlop/s     (588.7433 GFlop/s per process)    93%    158.1 sec left
CG set 5019 / 5384    588.7438 GFlop/s     (588.7438 GFlop/s per process)    93%    157.4 sec left
CG set 5020 / 5384    588.7460 GFlop/s     (588.7460 GFlop/s per process)    93%    156.7 sec left
CG set 5021 / 5384    588.7466 GFlop/s     (588.7466 GFlop/s per process)    93%    156.0 sec left
CG set 5022 / 5384    588.7467 GFlop/s     (588.7467 GFlop/s per process)    93%    155.4 sec left
CG set 5023 / 5384    588.7474 GFlop/s     (588.7474 GFlop/s per process)    93%    154.7 sec left
CG set 5024 / 5384    588.7478 GFlop/s     (588.7478 GFlop/s per process)    93%    154.0 sec left
CG set 5025 / 5384    588.7478 GFlop/s     (588.7478 GFlop/s per process)    93%    153.3 sec left
CG set 5026 / 5384    588.7524 GFlop/s     (588.7524 GFlop/s per process)    93%    152.7 sec left
CG set 5027 / 5384    588.7524 GFlop/s     (588.7524 GFlop/s per process)    93%    152.0 sec left
CG set 5028 / 5384    588.7530 GFlop/s     (588.7530 GFlop/s per process)    93%    151.3 sec left
CG set 5029 / 5384    588.7535 GFlop/s     (588.7535 GFlop/s per process)    93%    150.6 sec left
CG set 5030 / 5384    588.7541 GFlop/s     (588.7541 GFlop/s per process)    93%    149.9 sec left
CG set 5031 / 5384    588.7545 GFlop/s     (588.7545 GFlop/s per process)    93%    149.2 sec left
CG set 5032 / 5384    588.7555 GFlop/s     (588.7555 GFlop/s per process)    93%    148.6 sec left
CG set 5033 / 5384    588.7558 GFlop/s     (588.7558 GFlop/s per process)    93%    147.9 sec left
CG set 5034 / 5384    588.7559 GFlop/s     (588.7559 GFlop/s per process)    93%    147.2 sec left
CG set 5035 / 5384    588.7602 GFlop/s     (588.7602 GFlop/s per process)    93%    146.5 sec left
CG set 5036 / 5384    588.7606 GFlop/s     (588.7606 GFlop/s per process)    93%    145.8 sec left
CG set 5037 / 5384    588.7612 GFlop/s     (588.7612 GFlop/s per process)    93%    145.2 sec left
CG set 5038 / 5384    588.7607 GFlop/s     (588.7607 GFlop/s per process)    93%    144.5 sec left
CG set 5039 / 5384    588.7603 GFlop/s     (588.7603 GFlop/s per process)    93%    143.8 sec left
CG set 5040 / 5384    588.7603 GFlop/s     (588.7603 GFlop/s per process)    93%    143.1 sec left
CG set 5041 / 5384    588.7613 GFlop/s     (588.7613 GFlop/s per process)    93%    142.4 sec left
CG set 5042 / 5384    588.7620 GFlop/s     (588.7620 GFlop/s per process)    93%    141.7 sec left
CG set 5043 / 5384    588.7628 GFlop/s     (588.7628 GFlop/s per process)    93%    141.1 sec left
CG set 5044 / 5384    588.7673 GFlop/s     (588.7673 GFlop/s per process)    93%    140.4 sec left
CG set 5045 / 5384    588.7679 GFlop/s     (588.7679 GFlop/s per process)    93%    139.7 sec left
CG set 5046 / 5384    588.7678 GFlop/s     (588.7678 GFlop/s per process)    93%    139.0 sec left
CG set 5047 / 5384    588.7679 GFlop/s     (588.7679 GFlop/s per process)    93%    138.3 sec left
CG set 5048 / 5384    588.7685 GFlop/s     (588.7685 GFlop/s per process)    93%    137.7 sec left
CG set 5049 / 5384    588.7689 GFlop/s     (588.7689 GFlop/s per process)    93%    137.0 sec left
CG set 5050 / 5384    588.7690 GFlop/s     (588.7690 GFlop/s per process)    93%    136.3 sec left
CG set 5051 / 5384    588.7700 GFlop/s     (588.7700 GFlop/s per process)    93%    135.6 sec left
CG set 5052 / 5384    588.7703 GFlop/s     (588.7703 GFlop/s per process)    93%    134.9 sec left
CG set 5053 / 5384    588.7707 GFlop/s     (588.7707 GFlop/s per process)    93%    134.2 sec left
CG set 5054 / 5384    588.7754 GFlop/s     (588.7754 GFlop/s per process)    93%    133.6 sec left
CG set 5055 / 5384    588.7760 GFlop/s     (588.7760 GFlop/s per process)    93%    132.9 sec left
CG set 5056 / 5384    588.7767 GFlop/s     (588.7767 GFlop/s per process)    93%    132.2 sec left
CG set 5057 / 5384    588.7776 GFlop/s     (588.7776 GFlop/s per process)    93%    131.5 sec left
CG set 5058 / 5384    588.7785 GFlop/s     (588.7785 GFlop/s per process)    93%    130.9 sec left
CG set 5059 / 5384    588.7792 GFlop/s     (588.7792 GFlop/s per process)    93%    130.2 sec left
CG set 5060 / 5384    588.7804 GFlop/s     (588.7804 GFlop/s per process)    93%    129.5 sec left
CG set 5061 / 5384    588.7812 GFlop/s     (588.7812 GFlop/s per process)    94%    128.8 sec left
CG set 5062 / 5384    588.7815 GFlop/s     (588.7815 GFlop/s per process)    94%    128.1 sec left
CG set 5063 / 5384    588.7861 GFlop/s     (588.7861 GFlop/s per process)    94%    127.5 sec left
CG set 5064 / 5384    588.7865 GFlop/s     (588.7865 GFlop/s per process)    94%    126.8 sec left
CG set 5065 / 5384    588.7868 GFlop/s     (588.7868 GFlop/s per process)    94%    126.1 sec left
CG set 5066 / 5384    588.7880 GFlop/s     (588.7880 GFlop/s per process)    94%    125.4 sec left
CG set 5067 / 5384    588.7885 GFlop/s     (588.7885 GFlop/s per process)    94%    124.7 sec left
CG set 5068 / 5384    588.7897 GFlop/s     (588.7897 GFlop/s per process)    94%    124.1 sec left
CG set 5069 / 5384    588.7903 GFlop/s     (588.7903 GFlop/s per process)    94%    123.4 sec left
CG set 5070 / 5384    588.7914 GFlop/s     (588.7914 GFlop/s per process)    94%    122.7 sec left
CG set 5071 / 5384    588.7924 GFlop/s     (588.7924 GFlop/s per process)    94%    122.0 sec left
CG set 5072 / 5384    588.7969 GFlop/s     (588.7969 GFlop/s per process)    94%    121.4 sec left
CG set 5073 / 5384    588.7981 GFlop/s     (588.7981 GFlop/s per process)    94%    120.7 sec left
CG set 5074 / 5384    588.7989 GFlop/s     (588.7989 GFlop/s per process)    94%    120.0 sec left
CG set 5075 / 5384    588.7998 GFlop/s     (588.7998 GFlop/s per process)    94%    119.3 sec left
CG set 5076 / 5384    588.8010 GFlop/s     (588.8010 GFlop/s per process)    94%    118.6 sec left
CG set 5077 / 5384    588.8019 GFlop/s     (588.8019 GFlop/s per process)    94%    118.0 sec left
CG set 5078 / 5384    588.8026 GFlop/s     (588.8026 GFlop/s per process)    94%    117.3 sec left
CG set 5079 / 5384    588.8034 GFlop/s     (588.8034 GFlop/s per process)    94%    116.6 sec left
CG set 5080 / 5384    588.8044 GFlop/s     (588.8044 GFlop/s per process)    94%    115.9 sec left
CG set 5081 / 5384    588.8088 GFlop/s     (588.8088 GFlop/s per process)    94%    115.3 sec left
CG set 5082 / 5384    588.8118 GFlop/s     (588.8118 GFlop/s per process)    94%    114.6 sec left
CG set 5083 / 5384    588.8134 GFlop/s     (588.8134 GFlop/s per process)    94%    113.9 sec left
CG set 5084 / 5384    588.8145 GFlop/s     (588.8145 GFlop/s per process)    94%    113.2 sec left
CG set 5085 / 5384    588.8192 GFlop/s     (588.8192 GFlop/s per process)    94%    112.6 sec left
CG set 5086 / 5384    588.8224 GFlop/s     (588.8224 GFlop/s per process)    94%    111.9 sec left
CG set 5087 / 5384    588.8246 GFlop/s     (588.8246 GFlop/s per process)    94%    111.2 sec left
CG set 5088 / 5384    588.8256 GFlop/s     (588.8256 GFlop/s per process)    94%    110.6 sec left
CG set 5089 / 5384    588.8301 GFlop/s     (588.8301 GFlop/s per process)    94%    109.9 sec left
CG set 5090 / 5384    588.8325 GFlop/s     (588.8325 GFlop/s per process)    94%    109.2 sec left
CG set 5091 / 5384    588.8329 GFlop/s     (588.8329 GFlop/s per process)    94%    108.6 sec left
CG set 5092 / 5384    588.8330 GFlop/s     (588.8330 GFlop/s per process)    94%    107.9 sec left
CG set 5093 / 5384    588.8325 GFlop/s     (588.8325 GFlop/s per process)    94%    107.2 sec left
CG set 5094 / 5384    588.8330 GFlop/s     (588.8330 GFlop/s per process)    94%    106.5 sec left
CG set 5095 / 5384    588.8333 GFlop/s     (588.8333 GFlop/s per process)    94%    105.8 sec left
CG set 5096 / 5384    588.8340 GFlop/s     (588.8340 GFlop/s per process)    94%    105.1 sec left
CG set 5097 / 5384    588.8346 GFlop/s     (588.8346 GFlop/s per process)    94%    104.4 sec left
CG set 5098 / 5384    588.8391 GFlop/s     (588.8391 GFlop/s per process)    94%    103.8 sec left
CG set 5099 / 5384    588.8418 GFlop/s     (588.8418 GFlop/s per process)    94%    103.1 sec left
CG set 5100 / 5384    588.8425 GFlop/s     (588.8425 GFlop/s per process)    94%    102.4 sec left
CG set 5101 / 5384    588.8428 GFlop/s     (588.8428 GFlop/s per process)    94%    101.8 sec left
CG set 5102 / 5384    588.8430 GFlop/s     (588.8430 GFlop/s per process)    94%    101.1 sec left
CG set 5103 / 5384    588.8436 GFlop/s     (588.8436 GFlop/s per process)    94%    100.4 sec left
CG set 5104 / 5384    588.8441 GFlop/s     (588.8441 GFlop/s per process)    94%    99.7 sec left
CG set 5105 / 5384    588.8446 GFlop/s     (588.8446 GFlop/s per process)    94%    99.0 sec left
CG set 5106 / 5384    588.8453 GFlop/s     (588.8453 GFlop/s per process)    94%    98.3 sec left
CG set 5107 / 5384    588.8501 GFlop/s     (588.8501 GFlop/s per process)    94%    97.7 sec left
CG set 5108 / 5384    588.8507 GFlop/s     (588.8507 GFlop/s per process)    94%    97.0 sec left
CG set 5109 / 5384    588.8514 GFlop/s     (588.8514 GFlop/s per process)    94%    96.3 sec left
CG set 5110 / 5384    588.8512 GFlop/s     (588.8512 GFlop/s per process)    94%    95.6 sec left
CG set 5111 / 5384    588.8523 GFlop/s     (588.8523 GFlop/s per process)    94%    95.0 sec left
CG set 5112 / 5384    588.8520 GFlop/s     (588.8520 GFlop/s per process)    94%    94.3 sec left
CG set 5113 / 5384    588.8523 GFlop/s     (588.8523 GFlop/s per process)    94%    93.6 sec left
CG set 5114 / 5384    588.8526 GFlop/s     (588.8526 GFlop/s per process)    94%    92.9 sec left
CG set 5115 / 5384    588.8536 GFlop/s     (588.8536 GFlop/s per process)    95%    92.2 sec left
CG set 5116 / 5384    588.8583 GFlop/s     (588.8583 GFlop/s per process)    95%    91.6 sec left
CG set 5117 / 5384    588.8586 GFlop/s     (588.8586 GFlop/s per process)    95%    90.9 sec left
CG set 5118 / 5384    588.8590 GFlop/s     (588.8590 GFlop/s per process)    95%    90.2 sec left
CG set 5119 / 5384    588.8594 GFlop/s     (588.8594 GFlop/s per process)    95%    89.5 sec left
CG set 5120 / 5384    588.8598 GFlop/s     (588.8598 GFlop/s per process)    95%    88.8 sec left
CG set 5121 / 5384    588.8609 GFlop/s     (588.8609 GFlop/s per process)    95%    88.1 sec left
CG set 5122 / 5384    588.8620 GFlop/s     (588.8620 GFlop/s per process)    95%    87.5 sec left
CG set 5123 / 5384    588.8632 GFlop/s     (588.8632 GFlop/s per process)    95%    86.8 sec left
CG set 5124 / 5384    588.8632 GFlop/s     (588.8632 GFlop/s per process)    95%    86.1 sec left
CG set 5125 / 5384    588.8679 GFlop/s     (588.8679 GFlop/s per process)    95%    85.4 sec left
CG set 5126 / 5384    588.8685 GFlop/s     (588.8685 GFlop/s per process)    95%    84.8 sec left
CG set 5127 / 5384    588.8694 GFlop/s     (588.8694 GFlop/s per process)    95%    84.1 sec left
CG set 5128 / 5384    588.8699 GFlop/s     (588.8699 GFlop/s per process)    95%    83.4 sec left
CG set 5129 / 5384    588.8707 GFlop/s     (588.8707 GFlop/s per process)    95%    82.7 sec left
CG set 5130 / 5384    588.8717 GFlop/s     (588.8717 GFlop/s per process)    95%    82.0 sec left
CG set 5131 / 5384    588.8721 GFlop/s     (588.8721 GFlop/s per process)    95%    81.4 sec left
CG set 5132 / 5384    588.8729 GFlop/s     (588.8729 GFlop/s per process)    95%    80.7 sec left
CG set 5133 / 5384    588.8736 GFlop/s     (588.8736 GFlop/s per process)    95%    80.0 sec left
CG set 5134 / 5384    588.8782 GFlop/s     (588.8782 GFlop/s per process)    95%    79.3 sec left
CG set 5135 / 5384    588.8791 GFlop/s     (588.8791 GFlop/s per process)    95%    78.7 sec left
CG set 5136 / 5384    588.8800 GFlop/s     (588.8800 GFlop/s per process)    95%    78.0 sec left
CG set 5137 / 5384    588.8810 GFlop/s     (588.8810 GFlop/s per process)    95%    77.3 sec left
CG set 5138 / 5384    588.8818 GFlop/s     (588.8818 GFlop/s per process)    95%    76.6 sec left
CG set 5139 / 5384    588.8826 GFlop/s     (588.8826 GFlop/s per process)    95%    75.9 sec left
CG set 5140 / 5384    588.8838 GFlop/s     (588.8838 GFlop/s per process)    95%    75.3 sec left
CG set 5141 / 5384    588.8849 GFlop/s     (588.8849 GFlop/s per process)    95%    74.6 sec left
CG set 5142 / 5384    588.8861 GFlop/s     (588.8861 GFlop/s per process)    95%    73.9 sec left
CG set 5143 / 5384    588.8907 GFlop/s     (588.8907 GFlop/s per process)    95%    73.2 sec left
CG set 5144 / 5384    588.8918 GFlop/s     (588.8918 GFlop/s per process)    95%    72.6 sec left
CG set 5145 / 5384    588.8930 GFlop/s     (588.8930 GFlop/s per process)    95%    71.9 sec left
CG set 5146 / 5384    588.8942 GFlop/s     (588.8942 GFlop/s per process)    95%    71.2 sec left
CG set 5147 / 5384    588.8957 GFlop/s     (588.8957 GFlop/s per process)    95%    70.5 sec left
CG set 5148 / 5384    588.8963 GFlop/s     (588.8963 GFlop/s per process)    95%    69.8 sec left
CG set 5149 / 5384    588.8974 GFlop/s     (588.8974 GFlop/s per process)    95%    69.2 sec left
CG set 5150 / 5384    588.8985 GFlop/s     (588.8985 GFlop/s per process)    95%    68.5 sec left
CG set 5151 / 5384    588.9000 GFlop/s     (588.9000 GFlop/s per process)    95%    67.8 sec left
CG set 5152 / 5384    588.9045 GFlop/s     (588.9045 GFlop/s per process)    95%    67.2 sec left
CG set 5153 / 5384    588.9054 GFlop/s     (588.9054 GFlop/s per process)    95%    66.5 sec left
CG set 5154 / 5384    588.9064 GFlop/s     (588.9064 GFlop/s per process)    95%    65.8 sec left
CG set 5155 / 5384    588.9075 GFlop/s     (588.9075 GFlop/s per process)    95%    65.1 sec left
CG set 5156 / 5384    588.9081 GFlop/s     (588.9081 GFlop/s per process)    95%    64.4 sec left
CG set 5157 / 5384    588.9089 GFlop/s     (588.9089 GFlop/s per process)    95%    63.7 sec left
CG set 5158 / 5384    588.9098 GFlop/s     (588.9098 GFlop/s per process)    95%    63.1 sec left
CG set 5159 / 5384    588.9107 GFlop/s     (588.9107 GFlop/s per process)    95%    62.4 sec left
CG set 5160 / 5384    588.9136 GFlop/s     (588.9136 GFlop/s per process)    95%    61.7 sec left
CG set 5161 / 5384    588.9182 GFlop/s     (588.9182 GFlop/s per process)    95%    61.1 sec left
CG set 5162 / 5384    588.9205 GFlop/s     (588.9205 GFlop/s per process)    95%    60.4 sec left
CG set 5163 / 5384    588.9222 GFlop/s     (588.9222 GFlop/s per process)    95%    59.7 sec left
CG set 5164 / 5384    588.9268 GFlop/s     (588.9268 GFlop/s per process)    95%    59.1 sec left
CG set 5165 / 5384    588.9294 GFlop/s     (588.9294 GFlop/s per process)    95%    58.4 sec left
CG set 5166 / 5384    588.9319 GFlop/s     (588.9319 GFlop/s per process)    95%    57.7 sec left
CG set 5167 / 5384    588.9330 GFlop/s     (588.9330 GFlop/s per process)    95%    57.0 sec left
CG set 5168 / 5384    588.9353 GFlop/s     (588.9353 GFlop/s per process)    95%    56.4 sec left
CG set 5169 / 5384    588.9398 GFlop/s     (588.9398 GFlop/s per process)    96%    55.7 sec left
CG set 5170 / 5384    588.9401 GFlop/s     (588.9401 GFlop/s per process)    96%    55.0 sec left
CG set 5171 / 5384    588.9395 GFlop/s     (588.9395 GFlop/s per process)    96%    54.3 sec left
CG set 5172 / 5384    588.9396 GFlop/s     (588.9396 GFlop/s per process)    96%    53.7 sec left
CG set 5173 / 5384    588.9399 GFlop/s     (588.9399 GFlop/s per process)    96%    53.0 sec left
CG set 5174 / 5384    588.9403 GFlop/s     (588.9403 GFlop/s per process)    96%    52.3 sec left
CG set 5175 / 5384    588.9409 GFlop/s     (588.9409 GFlop/s per process)    96%    51.6 sec left
CG set 5176 / 5384    588.9417 GFlop/s     (588.9417 GFlop/s per process)    96%    50.9 sec left
CG set 5177 / 5384    588.9438 GFlop/s     (588.9438 GFlop/s per process)    96%    50.2 sec left
CG set 5178 / 5384    588.9485 GFlop/s     (588.9485 GFlop/s per process)    96%    49.6 sec left
CG set 5179 / 5384    588.9490 GFlop/s     (588.9490 GFlop/s per process)    96%    48.9 sec left
CG set 5180 / 5384    588.9487 GFlop/s     (588.9487 GFlop/s per process)    96%    48.2 sec left
CG set 5181 / 5384    588.9495 GFlop/s     (588.9495 GFlop/s per process)    96%    47.5 sec left
CG set 5182 / 5384    588.9501 GFlop/s     (588.9501 GFlop/s per process)    96%    46.9 sec left
CG set 5183 / 5384    588.9495 GFlop/s     (588.9495 GFlop/s per process)    96%    46.2 sec left
CG set 5184 / 5384    588.9496 GFlop/s     (588.9496 GFlop/s per process)    96%    45.5 sec left
CG set 5185 / 5384    588.9495 GFlop/s     (588.9495 GFlop/s per process)    96%    44.8 sec left
CG set 5186 / 5384    588.9500 GFlop/s     (588.9500 GFlop/s per process)    96%    44.1 sec left
CG set 5187 / 5384    588.9504 GFlop/s     (588.9504 GFlop/s per process)    96%    43.4 sec left
CG set 5188 / 5384    588.9549 GFlop/s     (588.9549 GFlop/s per process)    96%    42.8 sec left
CG set 5189 / 5384    588.9546 GFlop/s     (588.9546 GFlop/s per process)    96%    42.1 sec left
CG set 5190 / 5384    588.9556 GFlop/s     (588.9556 GFlop/s per process)    96%    41.4 sec left
CG set 5191 / 5384    588.9550 GFlop/s     (588.9550 GFlop/s per process)    96%    40.7 sec left
CG set 5192 / 5384    588.9550 GFlop/s     (588.9550 GFlop/s per process)    96%    40.0 sec left
CG set 5193 / 5384    588.9556 GFlop/s     (588.9556 GFlop/s per process)    96%    39.3 sec left
CG set 5194 / 5384    588.9564 GFlop/s     (588.9564 GFlop/s per process)    96%    38.7 sec left
CG set 5195 / 5384    588.9567 GFlop/s     (588.9567 GFlop/s per process)    96%    38.0 sec left
CG set 5196 / 5384    588.9569 GFlop/s     (588.9569 GFlop/s per process)    96%    37.3 sec left
CG set 5197 / 5384    588.9614 GFlop/s     (588.9614 GFlop/s per process)    96%    36.6 sec left
CG set 5198 / 5384    588.9611 GFlop/s     (588.9611 GFlop/s per process)    96%    36.0 sec left
CG set 5199 / 5384    588.9620 GFlop/s     (588.9620 GFlop/s per process)    96%    35.3 sec left
CG set 5200 / 5384    588.9629 GFlop/s     (588.9629 GFlop/s per process)    96%    34.6 sec left
CG set 5201 / 5384    588.9636 GFlop/s     (588.9636 GFlop/s per process)    96%    33.9 sec left
CG set 5202 / 5384    588.9646 GFlop/s     (588.9646 GFlop/s per process)    96%    33.2 sec left
CG set 5203 / 5384    588.9649 GFlop/s     (588.9649 GFlop/s per process)    96%    32.6 sec left
CG set 5204 / 5384    588.9651 GFlop/s     (588.9651 GFlop/s per process)    96%    31.9 sec left
CG set 5205 / 5384    588.9659 GFlop/s     (588.9659 GFlop/s per process)    96%    31.2 sec left
CG set 5206 / 5384    588.9703 GFlop/s     (588.9703 GFlop/s per process)    96%    30.5 sec left
CG set 5207 / 5384    588.9706 GFlop/s     (588.9706 GFlop/s per process)    96%    29.8 sec left
CG set 5208 / 5384    588.9712 GFlop/s     (588.9712 GFlop/s per process)    96%    29.2 sec left
CG set 5209 / 5384    588.9720 GFlop/s     (588.9720 GFlop/s per process)    96%    28.5 sec left
CG set 5210 / 5384    588.9722 GFlop/s     (588.9722 GFlop/s per process)    96%    27.8 sec left
CG set 5211 / 5384    588.9724 GFlop/s     (588.9724 GFlop/s per process)    96%    27.1 sec left
CG set 5212 / 5384    588.9730 GFlop/s     (588.9730 GFlop/s per process)    96%    26.4 sec left
CG set 5213 / 5384    588.9729 GFlop/s     (588.9729 GFlop/s per process)    96%    25.7 sec left
CG set 5214 / 5384    588.9735 GFlop/s     (588.9735 GFlop/s per process)    96%    25.1 sec left
CG set 5215 / 5384    588.9779 GFlop/s     (588.9779 GFlop/s per process)    96%    24.4 sec left
CG set 5216 / 5384    588.9787 GFlop/s     (588.9787 GFlop/s per process)    96%    23.7 sec left
CG set 5217 / 5384    588.9797 GFlop/s     (588.9797 GFlop/s per process)    96%    23.0 sec left
CG set 5218 / 5384    588.9807 GFlop/s     (588.9807 GFlop/s per process)    96%    22.4 sec left
CG set 5219 / 5384    588.9818 GFlop/s     (588.9818 GFlop/s per process)    96%    21.7 sec left
CG set 5220 / 5384    588.9820 GFlop/s     (588.9820 GFlop/s per process)    96%    21.0 sec left
CG set 5221 / 5384    588.9827 GFlop/s     (588.9827 GFlop/s per process)    96%    20.3 sec left
CG set 5222 / 5384    588.9836 GFlop/s     (588.9836 GFlop/s per process)    96%    19.6 sec left
CG set 5223 / 5384    588.9843 GFlop/s     (588.9843 GFlop/s per process)    97%    19.0 sec left
CG set 5224 / 5384    588.9884 GFlop/s     (588.9884 GFlop/s per process)    97%    18.3 sec left
CG set 5225 / 5384    588.9894 GFlop/s     (588.9894 GFlop/s per process)    97%    17.6 sec left
CG set 5226 / 5384    588.9904 GFlop/s     (588.9904 GFlop/s per process)    97%    16.9 sec left
CG set 5227 / 5384    588.9909 GFlop/s     (588.9909 GFlop/s per process)    97%    16.3 sec left
CG set 5228 / 5384    588.9918 GFlop/s     (588.9918 GFlop/s per process)    97%    15.6 sec left
CG set 5229 / 5384    588.9924 GFlop/s     (588.9924 GFlop/s per process)    97%    14.9 sec left
CG set 5230 / 5384    588.9932 GFlop/s     (588.9932 GFlop/s per process)    97%    14.2 sec left
CG set 5231 / 5384    588.9937 GFlop/s     (588.9937 GFlop/s per process)    97%    13.5 sec left
CG set 5232 / 5384    588.9942 GFlop/s     (588.9942 GFlop/s per process)    97%    12.8 sec left
CG set 5233 / 5384    588.9985 GFlop/s     (588.9985 GFlop/s per process)    97%    12.2 sec left
CG set 5234 / 5384    588.9991 GFlop/s     (588.9991 GFlop/s per process)    97%    11.5 sec left
CG set 5235 / 5384    589.0002 GFlop/s     (589.0002 GFlop/s per process)    97%    10.8 sec left
CG set 5236 / 5384    589.0000 GFlop/s     (589.0000 GFlop/s per process)    97%    10.1 sec left
CG set 5237 / 5384    589.0006 GFlop/s     (589.0006 GFlop/s per process)    97%    9.5 sec left
CG set 5238 / 5384    589.0014 GFlop/s     (589.0014 GFlop/s per process)    97%    8.8 sec left
CG set 5239 / 5384    589.0041 GFlop/s     (589.0041 GFlop/s per process)    97%    8.1 sec left
CG set 5240 / 5384    589.0060 GFlop/s     (589.0060 GFlop/s per process)    97%    7.4 sec left
CG set 5241 / 5384    589.0073 GFlop/s     (589.0073 GFlop/s per process)    97%    6.8 sec left
CG set 5242 / 5384    589.0116 GFlop/s     (589.0116 GFlop/s per process)    97%    6.1 sec left
CG set 5243 / 5384    589.0156 GFlop/s     (589.0156 GFlop/s per process)    97%    5.4 sec left
CG set 5244 / 5384    589.0183 GFlop/s     (589.0183 GFlop/s per process)    97%    4.8 sec left
CG set 5245 / 5384    589.0203 GFlop/s     (589.0203 GFlop/s per process)    97%    4.1 sec left
CG set 5246 / 5384    589.0204 GFlop/s     (589.0204 GFlop/s per process)    97%    3.4 sec left
CG set 5247 / 5384    589.0222 GFlop/s     (589.0222 GFlop/s per process)    97%    2.7 sec left
CG set 5248 / 5384    589.0221 GFlop/s     (589.0221 GFlop/s per process)    97%    2.0 sec left
CG set 5249 / 5384    589.0218 GFlop/s     (589.0218 GFlop/s per process)    97%    1.4 sec left
CG set 5250 / 5384    589.0219 GFlop/s     (589.0219 GFlop/s per process)    97%    0.7 sec left
CG set 5251 / 5384    589.0262 GFlop/s     (589.0262 GFlop/s per process)    97%    0.0 sec left
CG set 5252 / 5384    589.0264 GFlop/s     (589.0264 GFlop/s per process)    97%    0.0 sec left
CG set 5253 / 5384    589.0259 GFlop/s     (589.0259 GFlop/s per process)    97%    0.0 sec left
CG set 5254 / 5384    589.0260 GFlop/s     (589.0260 GFlop/s per process)    97%    0.0 sec left
CG set 5255 / 5384    589.0256 GFlop/s     (589.0256 GFlop/s per process)    97%    0.0 sec left
CG set 5256 / 5384    589.0278 GFlop/s     (589.0278 GFlop/s per process)    97%    0.0 sec left
CG set 5257 / 5384    589.0281 GFlop/s     (589.0281 GFlop/s per process)    97%    0.0 sec left
CG set 5258 / 5384    589.0274 GFlop/s     (589.0274 GFlop/s per process)    97%    0.0 sec left
CG set 5259 / 5384    589.0280 GFlop/s     (589.0280 GFlop/s per process)    97%    0.0 sec left
CG set 5260 / 5384    589.0321 GFlop/s     (589.0321 GFlop/s per process)    97%    0.0 sec left
CG set 5261 / 5384    589.0325 GFlop/s     (589.0325 GFlop/s per process)    97%    0.0 sec left
CG set 5262 / 5384    589.0326 GFlop/s     (589.0326 GFlop/s per process)    97%    0.0 sec left
CG set 5263 / 5384    589.0326 GFlop/s     (589.0326 GFlop/s per process)    97%    0.0 sec left
CG set 5264 / 5384    589.0326 GFlop/s     (589.0326 GFlop/s per process)    97%    0.0 sec left
CG set 5265 / 5384    589.0329 GFlop/s     (589.0329 GFlop/s per process)    97%    0.0 sec left
CG set 5266 / 5384    589.0332 GFlop/s     (589.0332 GFlop/s per process)    97%    0.0 sec left
CG set 5267 / 5384    589.0333 GFlop/s     (589.0333 GFlop/s per process)    97%    0.0 sec left
CG set 5268 / 5384    589.0339 GFlop/s     (589.0339 GFlop/s per process)    97%    0.0 sec left
CG set 5269 / 5384    589.0340 GFlop/s     (589.0340 GFlop/s per process)    97%    0.0 sec left
CG set 5270 / 5384    589.0380 GFlop/s     (589.0380 GFlop/s per process)    97%    0.0 sec left
CG set 5271 / 5384    589.0381 GFlop/s     (589.0381 GFlop/s per process)    97%    0.0 sec left
CG set 5272 / 5384    589.0383 GFlop/s     (589.0383 GFlop/s per process)    97%    0.0 sec left
CG set 5273 / 5384    589.0388 GFlop/s     (589.0388 GFlop/s per process)    97%    0.0 sec left
CG set 5274 / 5384    589.0388 GFlop/s     (589.0388 GFlop/s per process)    97%    0.0 sec left
CG set 5275 / 5384    589.0388 GFlop/s     (589.0388 GFlop/s per process)    97%    0.0 sec left
CG set 5276 / 5384    589.0386 GFlop/s     (589.0386 GFlop/s per process)    97%    0.0 sec left
CG set 5277 / 5384    589.0385 GFlop/s     (589.0385 GFlop/s per process)    98%    0.0 sec left
CG set 5278 / 5384    589.0391 GFlop/s     (589.0391 GFlop/s per process)    98%    0.0 sec left
CG set 5279 / 5384    589.0431 GFlop/s     (589.0431 GFlop/s per process)    98%    0.0 sec left
CG set 5280 / 5384    589.0438 GFlop/s     (589.0438 GFlop/s per process)    98%    0.0 sec left
CG set 5281 / 5384    589.0441 GFlop/s     (589.0441 GFlop/s per process)    98%    0.0 sec left
CG set 5282 / 5384    589.0439 GFlop/s     (589.0439 GFlop/s per process)    98%    0.0 sec left
CG set 5283 / 5384    589.0435 GFlop/s     (589.0435 GFlop/s per process)    98%    0.0 sec left
CG set 5284 / 5384    589.0440 GFlop/s     (589.0440 GFlop/s per process)    98%    0.0 sec left
CG set 5285 / 5384    589.0439 GFlop/s     (589.0439 GFlop/s per process)    98%    0.0 sec left
CG set 5286 / 5384    589.0443 GFlop/s     (589.0443 GFlop/s per process)    98%    0.0 sec left
CG set 5287 / 5384    589.0447 GFlop/s     (589.0447 GFlop/s per process)    98%    0.0 sec left
CG set 5288 / 5384    589.0486 GFlop/s     (589.0486 GFlop/s per process)    98%    0.0 sec left
CG set 5289 / 5384    589.0483 GFlop/s     (589.0483 GFlop/s per process)    98%    0.0 sec left
CG set 5290 / 5384    589.0482 GFlop/s     (589.0482 GFlop/s per process)    98%    0.0 sec left
CG set 5291 / 5384    589.0483 GFlop/s     (589.0483 GFlop/s per process)    98%    0.0 sec left
CG set 5292 / 5384    589.0486 GFlop/s     (589.0486 GFlop/s per process)    98%    0.0 sec left
CG set 5293 / 5384    589.0491 GFlop/s     (589.0491 GFlop/s per process)    98%    0.0 sec left
CG set 5294 / 5384    589.0497 GFlop/s     (589.0497 GFlop/s per process)    98%    0.0 sec left
CG set 5295 / 5384    589.0506 GFlop/s     (589.0506 GFlop/s per process)    98%    0.0 sec left
CG set 5296 / 5384    589.0511 GFlop/s     (589.0511 GFlop/s per process)    98%    0.0 sec left
CG set 5297 / 5384    589.0516 GFlop/s     (589.0516 GFlop/s per process)    98%    0.0 sec left
CG set 5298 / 5384    589.0554 GFlop/s     (589.0554 GFlop/s per process)    98%    0.0 sec left
CG set 5299 / 5384    589.0552 GFlop/s     (589.0552 GFlop/s per process)    98%    0.0 sec left
CG set 5300 / 5384    589.0558 GFlop/s     (589.0558 GFlop/s per process)    98%    0.0 sec left
CG set 5301 / 5384    589.0562 GFlop/s     (589.0562 GFlop/s per process)    98%    0.0 sec left
CG set 5302 / 5384    589.0568 GFlop/s     (589.0568 GFlop/s per process)    98%    0.0 sec left
CG set 5303 / 5384    589.0566 GFlop/s     (589.0566 GFlop/s per process)    98%    0.0 sec left
CG set 5304 / 5384    589.0573 GFlop/s     (589.0573 GFlop/s per process)    98%    0.0 sec left
CG set 5305 / 5384    589.0576 GFlop/s     (589.0576 GFlop/s per process)    98%    0.0 sec left
CG set 5306 / 5384    589.0580 GFlop/s     (589.0580 GFlop/s per process)    98%    0.0 sec left
CG set 5307 / 5384    589.0618 GFlop/s     (589.0618 GFlop/s per process)    98%    0.0 sec left
CG set 5308 / 5384    589.0615 GFlop/s     (589.0615 GFlop/s per process)    98%    0.0 sec left
CG set 5309 / 5384    589.0620 GFlop/s     (589.0620 GFlop/s per process)    98%    0.0 sec left
CG set 5310 / 5384    589.0623 GFlop/s     (589.0623 GFlop/s per process)    98%    0.0 sec left
CG set 5311 / 5384    589.0628 GFlop/s     (589.0628 GFlop/s per process)    98%    0.0 sec left
CG set 5312 / 5384    589.0630 GFlop/s     (589.0630 GFlop/s per process)    98%    0.0 sec left
CG set 5313 / 5384    589.0634 GFlop/s     (589.0634 GFlop/s per process)    98%    0.0 sec left
CG set 5314 / 5384    589.0635 GFlop/s     (589.0635 GFlop/s per process)    98%    0.0 sec left
CG set 5315 / 5384    589.0637 GFlop/s     (589.0637 GFlop/s per process)    98%    0.0 sec left
CG set 5316 / 5384    589.0638 GFlop/s     (589.0638 GFlop/s per process)    98%    0.0 sec left
CG set 5317 / 5384    589.0676 GFlop/s     (589.0676 GFlop/s per process)    98%    0.0 sec left
CG set 5318 / 5384    589.0697 GFlop/s     (589.0697 GFlop/s per process)    98%    0.0 sec left
CG set 5319 / 5384    589.0707 GFlop/s     (589.0707 GFlop/s per process)    98%    0.0 sec left
CG set 5320 / 5384    589.0716 GFlop/s     (589.0716 GFlop/s per process)    98%    0.0 sec left
CG set 5321 / 5384    589.0753 GFlop/s     (589.0753 GFlop/s per process)    98%    0.0 sec left
CG set 5322 / 5384    589.0777 GFlop/s     (589.0777 GFlop/s per process)    98%    0.0 sec left
CG set 5323 / 5384    589.0791 GFlop/s     (589.0791 GFlop/s per process)    98%    0.0 sec left
CG set 5324 / 5384    589.0795 GFlop/s     (589.0795 GFlop/s per process)    98%    0.0 sec left
CG set 5325 / 5384    589.0832 GFlop/s     (589.0832 GFlop/s per process)    98%    0.0 sec left
CG set 5326 / 5384    589.0845 GFlop/s     (589.0845 GFlop/s per process)    98%    0.0 sec left
CG set 5327 / 5384    589.0842 GFlop/s     (589.0842 GFlop/s per process)    98%    0.0 sec left
CG set 5328 / 5384    589.0835 GFlop/s     (589.0835 GFlop/s per process)    98%    0.0 sec left
CG set 5329 / 5384    589.0830 GFlop/s     (589.0830 GFlop/s per process)    98%    0.0 sec left
CG set 5330 / 5384    589.0827 GFlop/s     (589.0827 GFlop/s per process)    98%    0.0 sec left
CG set 5331 / 5384    589.0823 GFlop/s     (589.0823 GFlop/s per process)    99%    0.0 sec left
CG set 5332 / 5384    589.0822 GFlop/s     (589.0822 GFlop/s per process)    99%    0.0 sec left
CG set 5333 / 5384    589.0823 GFlop/s     (589.0823 GFlop/s per process)    99%    0.0 sec left
CG set 5334 / 5384    589.0839 GFlop/s     (589.0839 GFlop/s per process)    99%    0.0 sec left
CG set 5335 / 5384    589.0875 GFlop/s     (589.0875 GFlop/s per process)    99%    0.0 sec left
CG set 5336 / 5384    589.0875 GFlop/s     (589.0875 GFlop/s per process)    99%    0.0 sec left
CG set 5337 / 5384    589.0870 GFlop/s     (589.0870 GFlop/s per process)    99%    0.0 sec left
CG set 5338 / 5384    589.0870 GFlop/s     (589.0870 GFlop/s per process)    99%    0.0 sec left
CG set 5339 / 5384    589.0872 GFlop/s     (589.0872 GFlop/s per process)    99%    0.0 sec left
CG set 5340 / 5384    589.0867 GFlop/s     (589.0867 GFlop/s per process)    99%    0.0 sec left
CG set 5341 / 5384    589.0864 GFlop/s     (589.0864 GFlop/s per process)    99%    0.0 sec left
CG set 5342 / 5384    589.0864 GFlop/s     (589.0864 GFlop/s per process)    99%    0.0 sec left
CG set 5343 / 5384    589.0861 GFlop/s     (589.0861 GFlop/s per process)    99%    0.0 sec left
CG set 5344 / 5384    589.0898 GFlop/s     (589.0898 GFlop/s per process)    99%    0.0 sec left
CG set 5345 / 5384    589.0898 GFlop/s     (589.0898 GFlop/s per process)    99%    0.0 sec left
CG set 5346 / 5384    589.0898 GFlop/s     (589.0898 GFlop/s per process)    99%    0.0 sec left
CG set 5347 / 5384    589.0897 GFlop/s     (589.0897 GFlop/s per process)    99%    0.0 sec left
CG set 5348 / 5384    589.0893 GFlop/s     (589.0893 GFlop/s per process)    99%    0.0 sec left
CG set 5349 / 5384    589.0891 GFlop/s     (589.0891 GFlop/s per process)    99%    0.0 sec left
CG set 5350 / 5384    589.0885 GFlop/s     (589.0885 GFlop/s per process)    99%    0.0 sec left
CG set 5351 / 5384    589.0886 GFlop/s     (589.0886 GFlop/s per process)    99%    0.0 sec left
CG set 5352 / 5384    589.0884 GFlop/s     (589.0884 GFlop/s per process)    99%    0.0 sec left
CG set 5353 / 5384    589.0878 GFlop/s     (589.0878 GFlop/s per process)    99%    0.0 sec left
CG set 5354 / 5384    589.0916 GFlop/s     (589.0916 GFlop/s per process)    99%    0.0 sec left
CG set 5355 / 5384    589.0904 GFlop/s     (589.0904 GFlop/s per process)    99%    0.0 sec left
CG set 5356 / 5384    589.0908 GFlop/s     (589.0908 GFlop/s per process)    99%    0.0 sec left
CG set 5357 / 5384    589.0914 GFlop/s     (589.0914 GFlop/s per process)    99%    0.0 sec left
CG set 5358 / 5384    589.0913 GFlop/s     (589.0913 GFlop/s per process)    99%    0.0 sec left
CG set 5359 / 5384    589.0917 GFlop/s     (589.0917 GFlop/s per process)    99%    0.0 sec left
CG set 5360 / 5384    589.0917 GFlop/s     (589.0917 GFlop/s per process)    99%    0.0 sec left
CG set 5361 / 5384    589.0908 GFlop/s     (589.0908 GFlop/s per process)    99%    0.0 sec left
CG set 5362 / 5384    589.0909 GFlop/s     (589.0909 GFlop/s per process)    99%    0.0 sec left
CG set 5363 / 5384    589.0947 GFlop/s     (589.0947 GFlop/s per process)    99%    0.0 sec left
CG set 5364 / 5384    589.0948 GFlop/s     (589.0948 GFlop/s per process)    99%    0.0 sec left
CG set 5365 / 5384    589.0946 GFlop/s     (589.0946 GFlop/s per process)    99%    0.0 sec left
CG set 5366 / 5384    589.0951 GFlop/s     (589.0951 GFlop/s per process)    99%    0.0 sec left
CG set 5367 / 5384    589.0951 GFlop/s     (589.0951 GFlop/s per process)    99%    0.0 sec left
CG set 5368 / 5384    589.0949 GFlop/s     (589.0949 GFlop/s per process)    99%    0.0 sec left
CG set 5369 / 5384    589.0951 GFlop/s     (589.0951 GFlop/s per process)    99%    0.0 sec left
CG set 5370 / 5384    589.0954 GFlop/s     (589.0954 GFlop/s per process)    99%    0.0 sec left
CG set 5371 / 5384    589.0958 GFlop/s     (589.0958 GFlop/s per process)    99%    0.0 sec left
CG set 5372 / 5384    589.0962 GFlop/s     (589.0962 GFlop/s per process)    99%    0.0 sec left
CG set 5373 / 5384    589.1000 GFlop/s     (589.1000 GFlop/s per process)    99%    0.0 sec left
CG set 5374 / 5384    589.1008 GFlop/s     (589.1008 GFlop/s per process)    99%    0.0 sec left
CG set 5375 / 5384    589.1013 GFlop/s     (589.1013 GFlop/s per process)    99%    0.0 sec left
CG set 5376 / 5384    589.1020 GFlop/s     (589.1020 GFlop/s per process)    99%    0.0 sec left
CG set 5377 / 5384    589.1025 GFlop/s     (589.1025 GFlop/s per process)    99%    0.0 sec left
CG set 5378 / 5384    589.1031 GFlop/s     (589.1031 GFlop/s per process)    99%    0.0 sec left
CG set 5379 / 5384    589.1031 GFlop/s     (589.1031 GFlop/s per process)    99%    0.0 sec left
CG set 5380 / 5384    589.1039 GFlop/s     (589.1039 GFlop/s per process)    99%    0.0 sec left
CG set 5381 / 5384    589.1045 GFlop/s     (589.1045 GFlop/s per process)    99%    0.0 sec left
CG set 5382 / 5384    589.1084 GFlop/s     (589.1084 GFlop/s per process)    99%    0.0 sec left
CG set 5383 / 5384    589.1093 GFlop/s     (589.1093 GFlop/s per process)    99%    0.0 sec left
CG set 5384 / 5384    589.1097 GFlop/s     (589.1097 GFlop/s per process)    100%    0.0 sec left

Local domain: 280 x 280 x 280
Global domain: 280 x 280 x 280
Process domain: 1 x 1 x 1

Total Time: 3690.63 sec
Setup Time: 0.03 sec
Optimization Time: 0.06 sec

DDOT   =   294.8 GFlop/s ( 2358.2 GB/s)     294.8 GFlop/s per process ( 2358.2 GB/s per process)
WAXPBY =   192.8 GFlop/s ( 2313.4 GB/s)     192.8 GFlop/s per process ( 2313.4 GB/s per process)
SpMV   =   506.2 GFlop/s ( 4200.8 GB/s)     506.2 GFlop/s per process ( 4200.8 GB/s per process)
MG     =   658.1 GFlop/s ( 6396.0 GB/s)     658.1 GFlop/s per process ( 6396.0 GB/s per process)
Total  =   596.3 GFlop/s ( 5676.3 GB/s)     596.3 GFlop/s per process ( 5676.3 GB/s per process)
Final  =   589.1 GFlop/s ( 5607.8 GB/s)     589.1 GFlop/s per process ( 5607.8 GB/s per process)
