rocHPCG version: 0.8.6-0c708bb (based on hpcg-3.1)
Using HIP device (0): AMD Instinct MI300X (196592 MB global memory)

Setup Phase took 0.09 sec

Copying GPU assembled data to host for reference computations

Checking assembled data ...

Starting Reference CG Phase ...

REFERENCE Initial Residual = 1.236254e+04
REFERENCE Iteration = 1   Scaled Residual = 1.866018e-01
REFERENCE Iteration = 2   Scaled Residual = 1.025108e-01
REFERENCE Iteration = 3   Scaled Residual = 7.077801e-02
REFERENCE Iteration = 4   Scaled Residual = 5.407830e-02
REFERENCE Iteration = 5   Scaled Residual = 4.373289e-02
REFERENCE Iteration = 6   Scaled Residual = 3.669077e-02
REFERENCE Iteration = 7   Scaled Residual = 3.159634e-02
REFERENCE Iteration = 8   Scaled Residual = 2.775397e-02
REFERENCE Iteration = 9   Scaled Residual = 2.476338e-02
REFERENCE Iteration = 10   Scaled Residual = 2.237134e-02
REFERENCE Iteration = 11   Scaled Residual = 2.040853e-02
REFERENCE Iteration = 12   Scaled Residual = 1.875860e-02
REFERENCE Iteration = 13   Scaled Residual = 1.734127e-02
REFERENCE Iteration = 14   Scaled Residual = 1.610579e-02
REFERENCE Iteration = 15   Scaled Residual = 1.502131e-02
REFERENCE Iteration = 16   Scaled Residual = 1.406764e-02
REFERENCE Iteration = 17   Scaled Residual = 1.323035e-02
REFERENCE Iteration = 18   Scaled Residual = 1.249557e-02
REFERENCE Iteration = 19   Scaled Residual = 1.184757e-02
REFERENCE Iteration = 20   Scaled Residual = 1.127023e-02
REFERENCE Iteration = 21   Scaled Residual = 1.074790e-02
REFERENCE Iteration = 22   Scaled Residual = 1.026752e-02
REFERENCE Iteration = 23   Scaled Residual = 9.822101e-03
REFERENCE Iteration = 24   Scaled Residual = 9.409987e-03
REFERENCE Iteration = 25   Scaled Residual = 9.032481e-03
REFERENCE Iteration = 26   Scaled Residual = 8.692288e-03
REFERENCE Iteration = 27   Scaled Residual = 8.390222e-03
REFERENCE Iteration = 28   Scaled Residual = 8.123405e-03
REFERENCE Iteration = 29   Scaled Residual = 7.885856e-03
REFERENCE Iteration = 30   Scaled Residual = 7.668821e-03
REFERENCE Iteration = 31   Scaled Residual = 7.463411e-03
REFERENCE Iteration = 32   Scaled Residual = 7.264313e-03
REFERENCE Iteration = 33   Scaled Residual = 7.069760e-03
REFERENCE Iteration = 34   Scaled Residual = 6.880330e-03
REFERENCE Iteration = 35   Scaled Residual = 6.696448e-03
REFERENCE Iteration = 36   Scaled Residual = 6.515258e-03
REFERENCE Iteration = 37   Scaled Residual = 6.331422e-03
REFERENCE Iteration = 38   Scaled Residual = 6.140634e-03
REFERENCE Iteration = 39   Scaled Residual = 5.942403e-03
REFERENCE Iteration = 40   Scaled Residual = 5.742123e-03
REFERENCE Iteration = 41   Scaled Residual = 5.549221e-03
REFERENCE Iteration = 42   Scaled Residual = 5.373494e-03
REFERENCE Iteration = 43   Scaled Residual = 5.222258e-03
REFERENCE Iteration = 44   Scaled Residual = 5.095763e-03
REFERENCE Iteration = 45   Scaled Residual = 4.985680e-03
REFERENCE Iteration = 46   Scaled Residual = 4.884171e-03
REFERENCE Iteration = 47   Scaled Residual = 4.787830e-03
REFERENCE Iteration = 48   Scaled Residual = 4.691596e-03
REFERENCE Iteration = 49   Scaled Residual = 4.594670e-03
REFERENCE Iteration = 50   Scaled Residual = 4.498904e-03

Optimization Phase took 0.06 sec

Validation Testing Phase ...

Optimized CG Setup ...

HIP Initial Residual = 1.236254e+04
HIP Iteration = 1   Scaled Residual = 2.186907e-01
HIP Iteration = 2   Scaled Residual = 1.184944e-01
HIP Iteration = 3   Scaled Residual = 8.083555e-02
HIP Iteration = 4   Scaled Residual = 6.126697e-02
HIP Iteration = 5   Scaled Residual = 4.939618e-02
HIP Iteration = 6   Scaled Residual = 4.136786e-02
HIP Iteration = 7   Scaled Residual = 3.560672e-02
HIP Iteration = 8   Scaled Residual = 3.126214e-02
HIP Iteration = 9   Scaled Residual = 2.787074e-02
HIP Iteration = 10   Scaled Residual = 2.514927e-02
HIP Iteration = 11   Scaled Residual = 2.292364e-02
HIP Iteration = 12   Scaled Residual = 2.106888e-02
HIP Iteration = 13   Scaled Residual = 1.950743e-02
HIP Iteration = 14   Scaled Residual = 1.817811e-02
HIP Iteration = 15   Scaled Residual = 1.703748e-02
HIP Iteration = 16   Scaled Residual = 1.605323e-02
HIP Iteration = 17   Scaled Residual = 1.519830e-02
HIP Iteration = 18   Scaled Residual = 1.444880e-02
HIP Iteration = 19   Scaled Residual = 1.378067e-02
HIP Iteration = 20   Scaled Residual = 1.317022e-02
HIP Iteration = 21   Scaled Residual = 1.259632e-02
HIP Iteration = 22   Scaled Residual = 1.204203e-02
HIP Iteration = 23   Scaled Residual = 1.150021e-02
HIP Iteration = 24   Scaled Residual = 1.097268e-02
HIP Iteration = 25   Scaled Residual = 1.046725e-02
HIP Iteration = 26   Scaled Residual = 9.994170e-03
HIP Iteration = 27   Scaled Residual = 9.560097e-03
HIP Iteration = 28   Scaled Residual = 9.166841e-03
HIP Iteration = 29   Scaled Residual = 8.814100e-03
HIP Iteration = 30   Scaled Residual = 8.498217e-03
HIP Iteration = 31   Scaled Residual = 8.215115e-03
HIP Iteration = 32   Scaled Residual = 7.960545e-03
HIP Iteration = 33   Scaled Residual = 7.729389e-03
HIP Iteration = 34   Scaled Residual = 7.516064e-03
HIP Iteration = 35   Scaled Residual = 7.315754e-03
HIP Iteration = 36   Scaled Residual = 7.121849e-03
HIP Iteration = 37   Scaled Residual = 6.929652e-03
HIP Iteration = 38   Scaled Residual = 6.735730e-03
HIP Iteration = 39   Scaled Residual = 6.539296e-03
HIP Iteration = 40   Scaled Residual = 6.341837e-03
HIP Iteration = 41   Scaled Residual = 6.147639e-03
HIP Iteration = 42   Scaled Residual = 5.960115e-03
HIP Iteration = 43   Scaled Residual = 5.784443e-03
HIP Iteration = 44   Scaled Residual = 5.623558e-03
HIP Iteration = 45   Scaled Residual = 5.478439e-03
HIP Iteration = 46   Scaled Residual = 5.346220e-03
HIP Iteration = 47   Scaled Residual = 5.223384e-03
HIP Iteration = 48   Scaled Residual = 5.107119e-03
HIP Iteration = 49   Scaled Residual = 4.999130e-03
HIP Iteration = 50   Scaled Residual = 4.896790e-03
HIP Iteration = 51   Scaled Residual = 4.794874e-03
HIP Iteration = 52   Scaled Residual = 4.691352e-03
HIP Iteration = 53   Scaled Residual = 4.588187e-03
HIP Iteration = 54   Scaled Residual = 4.482104e-03

Total device memory usage: 13414 MByte (196592 MByte)

Starting Benchmarking Phase ...

Performing (at least) 2727 CG sets in 3600.0 seconds ...
CG set 1 / 2727    2179.8329 GFlop/s     (272.4791 GFlop/s per process)    0%    3598.5 sec left
CG set 2 / 2727    1953.2370 GFlop/s     (244.1546 GFlop/s per process)    0%    3596.7 sec left
CG set 3 / 2727    2115.2094 GFlop/s     (264.4012 GFlop/s per process)    0%    3595.4 sec left
CG set 4 / 2727    2118.5023 GFlop/s     (264.8128 GFlop/s per process)    0%    3593.9 sec left
CG set 5 / 2727    2127.7750 GFlop/s     (265.9719 GFlop/s per process)    0%    3592.4 sec left
CG set 6 / 2727    2070.2002 GFlop/s     (258.7750 GFlop/s per process)    0%    3590.6 sec left
CG set 7 / 2727    1951.4805 GFlop/s     (243.9351 GFlop/s per process)    0%    3588.3 sec left
CG set 8 / 2727    1889.9983 GFlop/s     (236.2498 GFlop/s per process)    0%    3586.2 sec left
CG set 9 / 2727    1808.9570 GFlop/s     (226.1196 GFlop/s per process)    0%    3583.8 sec left
CG set 10 / 2727    1870.7540 GFlop/s     (233.8443 GFlop/s per process)    0%    3582.6 sec left
CG set 11 / 2727    1916.4225 GFlop/s     (239.5528 GFlop/s per process)    0%    3581.3 sec left
CG set 12 / 2727    1870.2115 GFlop/s     (233.7764 GFlop/s per process)    0%    3579.1 sec left
CG set 13 / 2727    1873.1386 GFlop/s     (234.1423 GFlop/s per process)    0%    3577.4 sec left
CG set 14 / 2727    1846.2563 GFlop/s     (230.7820 GFlop/s per process)    0%    3575.3 sec left
CG set 15 / 2727    1869.9904 GFlop/s     (233.7488 GFlop/s per process)    0%    3573.9 sec left
CG set 16 / 2727    1918.8172 GFlop/s     (239.8521 GFlop/s per process)    0%    3572.9 sec left
CG set 17 / 2727    1941.7290 GFlop/s     (242.7161 GFlop/s per process)    0%    3571.5 sec left
CG set 18 / 2727    1968.1877 GFlop/s     (246.0235 GFlop/s per process)    0%    3570.3 sec left
CG set 19 / 2727    1973.7422 GFlop/s     (246.7178 GFlop/s per process)    0%    3568.7 sec left
CG set 20 / 2727    2010.2806 GFlop/s     (251.2851 GFlop/s per process)    0%    3567.6 sec left
CG set 21 / 2727    2040.8524 GFlop/s     (255.1065 GFlop/s per process)    0%    3566.5 sec left
CG set 22 / 2727    2047.6766 GFlop/s     (255.9596 GFlop/s per process)    0%    3565.1 sec left
CG set 23 / 2727    2050.8664 GFlop/s     (256.3583 GFlop/s per process)    0%    3563.5 sec left
CG set 24 / 2727    2073.0488 GFlop/s     (259.1311 GFlop/s per process)    0%    3562.4 sec left
CG set 25 / 2727    2083.9544 GFlop/s     (260.4943 GFlop/s per process)    0%    3561.0 sec left
CG set 26 / 2727    2084.6275 GFlop/s     (260.5784 GFlop/s per process)    0%    3559.5 sec left
CG set 27 / 2727    2058.4490 GFlop/s     (257.3061 GFlop/s per process)    0%    3557.4 sec left
CG set 28 / 2727    1985.5242 GFlop/s     (248.1905 GFlop/s per process)    1%    3554.1 sec left
CG set 29 / 2727    1987.3339 GFlop/s     (248.4167 GFlop/s per process)    1%    3552.5 sec left
CG set 30 / 2727    1996.3164 GFlop/s     (249.5396 GFlop/s per process)    1%    3551.1 sec left
CG set 31 / 2727    1977.1534 GFlop/s     (247.1442 GFlop/s per process)    1%    3549.0 sec left
CG set 32 / 2727    1998.2225 GFlop/s     (249.7778 GFlop/s per process)    1%    3547.9 sec left
CG set 33 / 2727    2010.0438 GFlop/s     (251.2555 GFlop/s per process)    1%    3546.6 sec left
CG set 34 / 2727    1990.3346 GFlop/s     (248.7918 GFlop/s per process)    1%    3544.4 sec left
CG set 35 / 2727    1990.8066 GFlop/s     (248.8508 GFlop/s per process)    1%    3542.8 sec left
CG set 36 / 2727    1968.7224 GFlop/s     (246.0903 GFlop/s per process)    1%    3540.5 sec left
CG set 37 / 2727    1958.9156 GFlop/s     (244.8644 GFlop/s per process)    1%    3538.6 sec left
CG set 38 / 2727    1964.2425 GFlop/s     (245.5303 GFlop/s per process)    1%    3537.1 sec left
CG set 39 / 2727    1980.3405 GFlop/s     (247.5426 GFlop/s per process)    1%    3535.9 sec left
CG set 40 / 2727    1982.4566 GFlop/s     (247.8071 GFlop/s per process)    1%    3534.4 sec left
CG set 41 / 2727    1979.3410 GFlop/s     (247.4176 GFlop/s per process)    1%    3532.6 sec left
CG set 42 / 2727    1994.8618 GFlop/s     (249.3577 GFlop/s per process)    1%    3531.5 sec left
CG set 43 / 2727    1967.9026 GFlop/s     (245.9878 GFlop/s per process)    1%    3528.9 sec left
CG set 44 / 2727    1964.4519 GFlop/s     (245.5565 GFlop/s per process)    1%    3527.1 sec left
CG set 45 / 2727    1970.4732 GFlop/s     (246.3091 GFlop/s per process)    1%    3525.7 sec left
CG set 46 / 2727    1977.7287 GFlop/s     (247.2161 GFlop/s per process)    1%    3524.3 sec left
CG set 47 / 2727    1980.9078 GFlop/s     (247.6135 GFlop/s per process)    1%    3522.8 sec left
CG set 48 / 2727    1990.1638 GFlop/s     (248.7705 GFlop/s per process)    1%    3521.6 sec left
CG set 49 / 2727    2003.6502 GFlop/s     (250.4563 GFlop/s per process)    1%    3520.5 sec left
CG set 50 / 2727    2000.5736 GFlop/s     (250.0717 GFlop/s per process)    1%    3518.7 sec left
CG set 51 / 2727    2009.4120 GFlop/s     (251.1765 GFlop/s per process)    1%    3517.5 sec left
CG set 52 / 2727    1998.2602 GFlop/s     (249.7825 GFlop/s per process)    1%    3515.4 sec left
CG set 53 / 2727    2006.0361 GFlop/s     (250.7545 GFlop/s per process)    1%    3514.1 sec left
CG set 54 / 2727    2016.6067 GFlop/s     (252.0758 GFlop/s per process)    1%    3512.9 sec left
CG set 55 / 2727    2028.0438 GFlop/s     (253.5055 GFlop/s per process)    2%    3511.8 sec left
CG set 56 / 2727    2035.0615 GFlop/s     (254.3827 GFlop/s per process)    2%    3510.5 sec left
CG set 57 / 2727    2038.5197 GFlop/s     (254.8150 GFlop/s per process)    2%    3509.1 sec left
CG set 58 / 2727    2039.5762 GFlop/s     (254.9470 GFlop/s per process)    2%    3507.5 sec left
CG set 59 / 2727    2050.5942 GFlop/s     (256.3243 GFlop/s per process)    2%    3506.4 sec left
CG set 60 / 2727    2057.2625 GFlop/s     (257.1578 GFlop/s per process)    2%    3505.2 sec left
CG set 61 / 2727    2061.0711 GFlop/s     (257.6339 GFlop/s per process)    2%    3503.8 sec left
CG set 62 / 2727    2064.0782 GFlop/s     (258.0098 GFlop/s per process)    2%    3502.3 sec left
CG set 63 / 2727    2067.5725 GFlop/s     (258.4466 GFlop/s per process)    2%    3500.9 sec left
CG set 64 / 2727    2073.4349 GFlop/s     (259.1794 GFlop/s per process)    2%    3499.6 sec left
CG set 65 / 2727    2072.9417 GFlop/s     (259.1177 GFlop/s per process)    2%    3498.1 sec left
CG set 66 / 2727    2073.8904 GFlop/s     (259.2363 GFlop/s per process)    2%    3496.5 sec left
CG set 67 / 2727    2076.2424 GFlop/s     (259.5303 GFlop/s per process)    2%    3495.1 sec left
CG set 68 / 2727    2076.9549 GFlop/s     (259.6194 GFlop/s per process)    2%    3493.6 sec left
CG set 69 / 2727    2086.3227 GFlop/s     (260.7903 GFlop/s per process)    2%    3492.5 sec left
CG set 70 / 2727    2096.4006 GFlop/s     (262.0501 GFlop/s per process)    2%    3491.5 sec left
CG set 71 / 2727    2104.3647 GFlop/s     (263.0456 GFlop/s per process)    2%    3490.3 sec left
CG set 72 / 2727    2106.7639 GFlop/s     (263.3455 GFlop/s per process)    2%    3488.9 sec left
CG set 73 / 2727    2106.3562 GFlop/s     (263.2945 GFlop/s per process)    2%    3487.3 sec left
CG set 74 / 2727    2088.3364 GFlop/s     (261.0421 GFlop/s per process)    2%    3484.8 sec left
CG set 75 / 2727    2086.1369 GFlop/s     (260.7671 GFlop/s per process)    2%    3483.1 sec left
CG set 76 / 2727    2086.9574 GFlop/s     (260.8697 GFlop/s per process)    2%    3481.6 sec left
CG set 77 / 2727    2092.7708 GFlop/s     (261.5963 GFlop/s per process)    2%    3480.4 sec left
CG set 78 / 2727    2080.7268 GFlop/s     (260.0909 GFlop/s per process)    2%    3478.1 sec left
CG set 79 / 2727    2081.9711 GFlop/s     (260.2464 GFlop/s per process)    2%    3476.6 sec left
CG set 80 / 2727    2086.6959 GFlop/s     (260.8370 GFlop/s per process)    2%    3475.4 sec left
CG set 81 / 2727    2089.2973 GFlop/s     (261.1622 GFlop/s per process)    2%    3474.0 sec left
CG set 82 / 2727    2070.4551 GFlop/s     (258.8069 GFlop/s per process)    3%    3471.2 sec left
CG set 83 / 2727    2065.4061 GFlop/s     (258.1758 GFlop/s per process)    3%    3469.3 sec left
CG set 84 / 2727    2060.7917 GFlop/s     (257.5990 GFlop/s per process)    3%    3467.5 sec left
CG set 85 / 2727    2062.8000 GFlop/s     (257.8500 GFlop/s per process)    3%    3466.0 sec left
CG set 86 / 2727    2070.8598 GFlop/s     (258.8575 GFlop/s per process)    3%    3465.0 sec left
CG set 87 / 2727    2063.0199 GFlop/s     (257.8775 GFlop/s per process)    3%    3462.9 sec left
CG set 88 / 2727    2067.2658 GFlop/s     (258.4082 GFlop/s per process)    3%    3461.6 sec left
CG set 89 / 2727    2070.9801 GFlop/s     (258.8725 GFlop/s per process)    3%    3460.3 sec left
CG set 90 / 2727    2078.9555 GFlop/s     (259.8694 GFlop/s per process)    3%    3459.3 sec left
CG set 91 / 2727    2086.1981 GFlop/s     (260.7748 GFlop/s per process)    3%    3458.2 sec left
CG set 92 / 2727    2093.7082 GFlop/s     (261.7135 GFlop/s per process)    3%    3457.2 sec left
CG set 93 / 2727    2100.5955 GFlop/s     (262.5744 GFlop/s per process)    3%    3456.1 sec left
CG set 94 / 2727    2107.0678 GFlop/s     (263.3835 GFlop/s per process)    3%    3455.0 sec left
CG set 95 / 2727    2115.2847 GFlop/s     (264.4106 GFlop/s per process)    3%    3454.0 sec left
CG set 96 / 2727    2123.0994 GFlop/s     (265.3874 GFlop/s per process)    3%    3453.0 sec left
CG set 97 / 2727    2127.3305 GFlop/s     (265.9163 GFlop/s per process)    3%    3451.8 sec left
CG set 98 / 2727    2132.2936 GFlop/s     (266.5367 GFlop/s per process)    3%    3450.6 sec left
CG set 99 / 2727    2140.1646 GFlop/s     (267.5206 GFlop/s per process)    3%    3449.7 sec left
CG set 100 / 2727    2146.1574 GFlop/s     (268.2697 GFlop/s per process)    3%    3448.6 sec left
CG set 101 / 2727    2152.0945 GFlop/s     (269.0118 GFlop/s per process)    3%    3447.5 sec left
CG set 102 / 2727    2159.1546 GFlop/s     (269.8943 GFlop/s per process)    3%    3446.5 sec left
CG set 103 / 2727    2165.4441 GFlop/s     (270.6805 GFlop/s per process)    3%    3445.4 sec left
CG set 104 / 2727    2172.0178 GFlop/s     (271.5022 GFlop/s per process)    3%    3444.4 sec left
CG set 105 / 2727    2177.9602 GFlop/s     (272.2450 GFlop/s per process)    3%    3443.3 sec left
CG set 106 / 2727    2184.5190 GFlop/s     (273.0649 GFlop/s per process)    3%    3442.3 sec left
CG set 107 / 2727    2190.2883 GFlop/s     (273.7860 GFlop/s per process)    3%    3441.3 sec left
CG set 108 / 2727    2196.0903 GFlop/s     (274.5113 GFlop/s per process)    3%    3440.2 sec left
CG set 109 / 2727    2201.6726 GFlop/s     (275.2091 GFlop/s per process)    3%    3439.1 sec left
CG set 110 / 2727    2207.8218 GFlop/s     (275.9777 GFlop/s per process)    4%    3438.1 sec left
CG set 111 / 2727    2213.9862 GFlop/s     (276.7483 GFlop/s per process)    4%    3437.1 sec left
CG set 112 / 2727    2220.0313 GFlop/s     (277.5039 GFlop/s per process)    4%    3436.1 sec left
CG set 113 / 2727    2225.5298 GFlop/s     (278.1912 GFlop/s per process)    4%    3435.0 sec left
CG set 114 / 2727    2231.1821 GFlop/s     (278.8978 GFlop/s per process)    4%    3434.0 sec left
CG set 115 / 2727    2235.1607 GFlop/s     (279.3951 GFlop/s per process)    4%    3432.8 sec left
CG set 116 / 2727    2238.9888 GFlop/s     (279.8736 GFlop/s per process)    4%    3431.7 sec left
CG set 117 / 2727    2243.6158 GFlop/s     (280.4520 GFlop/s per process)    4%    3430.6 sec left
CG set 118 / 2727    2243.5169 GFlop/s     (280.4396 GFlop/s per process)    4%    3429.1 sec left
CG set 119 / 2727    2246.9911 GFlop/s     (280.8739 GFlop/s per process)    4%    3428.0 sec left
CG set 120 / 2727    2251.9267 GFlop/s     (281.4908 GFlop/s per process)    4%    3426.9 sec left
CG set 121 / 2727    2257.9769 GFlop/s     (282.2471 GFlop/s per process)    4%    3425.9 sec left
CG set 122 / 2727    2262.7245 GFlop/s     (282.8406 GFlop/s per process)    4%    3424.9 sec left
CG set 123 / 2727    2264.8867 GFlop/s     (283.1108 GFlop/s per process)    4%    3423.6 sec left
CG set 124 / 2727    2269.1858 GFlop/s     (283.6482 GFlop/s per process)    4%    3422.5 sec left
CG set 125 / 2727    2274.0516 GFlop/s     (284.2564 GFlop/s per process)    4%    3421.5 sec left
CG set 126 / 2727    2279.4088 GFlop/s     (284.9261 GFlop/s per process)    4%    3420.5 sec left
CG set 127 / 2727    2285.1130 GFlop/s     (285.6391 GFlop/s per process)    4%    3419.5 sec left
CG set 128 / 2727    2290.1887 GFlop/s     (286.2736 GFlop/s per process)    4%    3418.5 sec left
CG set 129 / 2727    2294.2019 GFlop/s     (286.7752 GFlop/s per process)    4%    3417.4 sec left
CG set 130 / 2727    2298.9000 GFlop/s     (287.3625 GFlop/s per process)    4%    3416.3 sec left
CG set 131 / 2727    2303.2787 GFlop/s     (287.9098 GFlop/s per process)    4%    3415.3 sec left
CG set 132 / 2727    2308.4409 GFlop/s     (288.5551 GFlop/s per process)    4%    3414.3 sec left
CG set 133 / 2727    2312.9502 GFlop/s     (289.1188 GFlop/s per process)    4%    3413.3 sec left
CG set 134 / 2727    2317.0729 GFlop/s     (289.6341 GFlop/s per process)    4%    3412.2 sec left
CG set 135 / 2727    2321.3881 GFlop/s     (290.1735 GFlop/s per process)    4%    3411.1 sec left
CG set 136 / 2727    2326.2838 GFlop/s     (290.7855 GFlop/s per process)    4%    3410.1 sec left
CG set 137 / 2727    2328.7981 GFlop/s     (291.0998 GFlop/s per process)    5%    3409.0 sec left
CG set 138 / 2727    2333.1188 GFlop/s     (291.6399 GFlop/s per process)    5%    3407.9 sec left
CG set 139 / 2727    2337.0219 GFlop/s     (292.1277 GFlop/s per process)    5%    3406.9 sec left
CG set 140 / 2727    2341.3396 GFlop/s     (292.6675 GFlop/s per process)    5%    3405.8 sec left
CG set 141 / 2727    2345.5108 GFlop/s     (293.1889 GFlop/s per process)    5%    3404.8 sec left
CG set 142 / 2727    2350.6041 GFlop/s     (293.8255 GFlop/s per process)    5%    3403.8 sec left
CG set 143 / 2727    2354.8210 GFlop/s     (294.3526 GFlop/s per process)    5%    3402.8 sec left
CG set 144 / 2727    2358.9394 GFlop/s     (294.8674 GFlop/s per process)    5%    3401.8 sec left
CG set 145 / 2727    2361.7290 GFlop/s     (295.2161 GFlop/s per process)    5%    3400.7 sec left
CG set 146 / 2727    2362.2235 GFlop/s     (295.2779 GFlop/s per process)    5%    3399.3 sec left
CG set 147 / 2727    2364.3917 GFlop/s     (295.5490 GFlop/s per process)    5%    3398.1 sec left
CG set 148 / 2727    2366.1595 GFlop/s     (295.7699 GFlop/s per process)    5%    3396.9 sec left
CG set 149 / 2727    2369.6900 GFlop/s     (296.2112 GFlop/s per process)    5%    3395.9 sec left
CG set 150 / 2727    2373.9107 GFlop/s     (296.7388 GFlop/s per process)    5%    3394.9 sec left
CG set 151 / 2727    2378.1181 GFlop/s     (297.2648 GFlop/s per process)    5%    3393.9 sec left
CG set 152 / 2727    2378.8569 GFlop/s     (297.3571 GFlop/s per process)    5%    3392.6 sec left
CG set 153 / 2727    2383.1251 GFlop/s     (297.8906 GFlop/s per process)    5%    3391.6 sec left
CG set 154 / 2727    2387.0268 GFlop/s     (298.3784 GFlop/s per process)    5%    3390.6 sec left
CG set 155 / 2727    2390.7854 GFlop/s     (298.8482 GFlop/s per process)    5%    3389.5 sec left
CG set 156 / 2727    2391.0160 GFlop/s     (298.8770 GFlop/s per process)    5%    3388.2 sec left
CG set 157 / 2727    2391.4866 GFlop/s     (298.9358 GFlop/s per process)    5%    3386.9 sec left
CG set 158 / 2727    2391.1930 GFlop/s     (298.8991 GFlop/s per process)    5%    3385.5 sec left
CG set 159 / 2727    2394.2899 GFlop/s     (299.2862 GFlop/s per process)    5%    3384.4 sec left
CG set 160 / 2727    2397.4458 GFlop/s     (299.6807 GFlop/s per process)    5%    3383.3 sec left
CG set 161 / 2727    2402.1539 GFlop/s     (300.2692 GFlop/s per process)    5%    3382.4 sec left
CG set 162 / 2727    2405.5126 GFlop/s     (300.6891 GFlop/s per process)    5%    3381.4 sec left
CG set 163 / 2727    2408.7805 GFlop/s     (301.0976 GFlop/s per process)    5%    3380.3 sec left
CG set 164 / 2727    2412.6372 GFlop/s     (301.5797 GFlop/s per process)    6%    3379.3 sec left
CG set 165 / 2727    2416.2509 GFlop/s     (302.0314 GFlop/s per process)    6%    3378.3 sec left
CG set 166 / 2727    2418.4731 GFlop/s     (302.3091 GFlop/s per process)    6%    3377.2 sec left
CG set 167 / 2727    2421.9329 GFlop/s     (302.7416 GFlop/s per process)    6%    3376.2 sec left
CG set 168 / 2727    2426.2814 GFlop/s     (303.2852 GFlop/s per process)    6%    3375.2 sec left
CG set 169 / 2727    2429.3062 GFlop/s     (303.6633 GFlop/s per process)    6%    3374.2 sec left
CG set 170 / 2727    2431.8487 GFlop/s     (303.9811 GFlop/s per process)    6%    3373.1 sec left
CG set 171 / 2727    2435.1117 GFlop/s     (304.3890 GFlop/s per process)    6%    3372.1 sec left
CG set 172 / 2727    2438.2634 GFlop/s     (304.7829 GFlop/s per process)    6%    3371.0 sec left
CG set 173 / 2727    2441.6418 GFlop/s     (305.2052 GFlop/s per process)    6%    3370.0 sec left
CG set 174 / 2727    2443.9937 GFlop/s     (305.4992 GFlop/s per process)    6%    3368.9 sec left
CG set 175 / 2727    2447.1790 GFlop/s     (305.8974 GFlop/s per process)    6%    3367.9 sec left
CG set 176 / 2727    2450.5215 GFlop/s     (306.3152 GFlop/s per process)    6%    3366.9 sec left
CG set 177 / 2727    2453.7577 GFlop/s     (306.7197 GFlop/s per process)    6%    3365.9 sec left
CG set 178 / 2727    2456.3973 GFlop/s     (307.0497 GFlop/s per process)    6%    3364.8 sec left
CG set 179 / 2727    2459.9486 GFlop/s     (307.4936 GFlop/s per process)    6%    3363.8 sec left
CG set 180 / 2727    2463.0415 GFlop/s     (307.8802 GFlop/s per process)    6%    3362.8 sec left
CG set 181 / 2727    2465.2523 GFlop/s     (308.1565 GFlop/s per process)    6%    3361.7 sec left
CG set 182 / 2727    2468.0858 GFlop/s     (308.5107 GFlop/s per process)    6%    3360.7 sec left
CG set 183 / 2727    2471.5876 GFlop/s     (308.9484 GFlop/s per process)    6%    3359.7 sec left
CG set 184 / 2727    2473.6717 GFlop/s     (309.2090 GFlop/s per process)    6%    3358.6 sec left
CG set 185 / 2727    2477.1776 GFlop/s     (309.6472 GFlop/s per process)    6%    3357.6 sec left
CG set 186 / 2727    2479.1172 GFlop/s     (309.8896 GFlop/s per process)    6%    3356.5 sec left
CG set 187 / 2727    2482.7494 GFlop/s     (310.3437 GFlop/s per process)    6%    3355.6 sec left
CG set 188 / 2727    2485.1022 GFlop/s     (310.6378 GFlop/s per process)    6%    3354.5 sec left
CG set 189 / 2727    2487.6421 GFlop/s     (310.9553 GFlop/s per process)    6%    3353.5 sec left
CG set 190 / 2727    2490.3651 GFlop/s     (311.2956 GFlop/s per process)    6%    3352.4 sec left
CG set 191 / 2727    2493.2838 GFlop/s     (311.6605 GFlop/s per process)    7%    3351.4 sec left
CG set 192 / 2727    2495.3518 GFlop/s     (311.9190 GFlop/s per process)    7%    3350.3 sec left
CG set 193 / 2727    2497.8423 GFlop/s     (312.2303 GFlop/s per process)    7%    3349.3 sec left
CG set 194 / 2727    2500.8107 GFlop/s     (312.6013 GFlop/s per process)    7%    3348.3 sec left
CG set 195 / 2727    2504.1586 GFlop/s     (313.0198 GFlop/s per process)    7%    3347.3 sec left
CG set 196 / 2727    2506.4850 GFlop/s     (313.3106 GFlop/s per process)    7%    3346.3 sec left
CG set 197 / 2727    2509.4529 GFlop/s     (313.6816 GFlop/s per process)    7%    3345.3 sec left
CG set 198 / 2727    2512.3616 GFlop/s     (314.0452 GFlop/s per process)    7%    3344.3 sec left
CG set 199 / 2727    2515.1389 GFlop/s     (314.3924 GFlop/s per process)    7%    3343.3 sec left
CG set 200 / 2727    2517.7994 GFlop/s     (314.7249 GFlop/s per process)    7%    3342.3 sec left
CG set 201 / 2727    2521.0319 GFlop/s     (315.1290 GFlop/s per process)    7%    3341.3 sec left
CG set 202 / 2727    2523.5800 GFlop/s     (315.4475 GFlop/s per process)    7%    3340.3 sec left
CG set 203 / 2727    2526.3706 GFlop/s     (315.7963 GFlop/s per process)    7%    3339.3 sec left
CG set 204 / 2727    2529.6112 GFlop/s     (316.2014 GFlop/s per process)    7%    3338.4 sec left
CG set 205 / 2727    2532.6072 GFlop/s     (316.5759 GFlop/s per process)    7%    3337.4 sec left
CG set 206 / 2727    2534.7680 GFlop/s     (316.8460 GFlop/s per process)    7%    3336.3 sec left
CG set 207 / 2727    2537.1317 GFlop/s     (317.1415 GFlop/s per process)    7%    3335.3 sec left
CG set 208 / 2727    2539.7121 GFlop/s     (317.4640 GFlop/s per process)    7%    3334.3 sec left
CG set 209 / 2727    2542.1093 GFlop/s     (317.7637 GFlop/s per process)    7%    3333.3 sec left
CG set 210 / 2727    2544.6764 GFlop/s     (318.0846 GFlop/s per process)    7%    3332.3 sec left
CG set 211 / 2727    2546.2767 GFlop/s     (318.2846 GFlop/s per process)    7%    3331.2 sec left
CG set 212 / 2727    2548.4718 GFlop/s     (318.5590 GFlop/s per process)    7%    3330.1 sec left
CG set 213 / 2727    2551.3112 GFlop/s     (318.9139 GFlop/s per process)    7%    3329.2 sec left
CG set 214 / 2727    2553.8739 GFlop/s     (319.2342 GFlop/s per process)    7%    3328.2 sec left
CG set 215 / 2727    2554.0727 GFlop/s     (319.2591 GFlop/s per process)    7%    3326.9 sec left
CG set 216 / 2727    2555.2041 GFlop/s     (319.4005 GFlop/s per process)    7%    3325.8 sec left
CG set 217 / 2727    2555.7941 GFlop/s     (319.4743 GFlop/s per process)    7%    3324.6 sec left
CG set 218 / 2727    2558.2400 GFlop/s     (319.7800 GFlop/s per process)    7%    3323.6 sec left
CG set 219 / 2727    2560.7071 GFlop/s     (320.0884 GFlop/s per process)    8%    3322.6 sec left
CG set 220 / 2727    2563.1365 GFlop/s     (320.3921 GFlop/s per process)    8%    3321.6 sec left
CG set 221 / 2727    2562.8200 GFlop/s     (320.3525 GFlop/s per process)    8%    3320.3 sec left
CG set 222 / 2727    2558.7229 GFlop/s     (319.8404 GFlop/s per process)    8%    3318.5 sec left
CG set 223 / 2727    2558.2065 GFlop/s     (319.7758 GFlop/s per process)    8%    3317.2 sec left
CG set 224 / 2727    2557.1694 GFlop/s     (319.6462 GFlop/s per process)    8%    3315.8 sec left
CG set 225 / 2727    2558.8233 GFlop/s     (319.8529 GFlop/s per process)    8%    3314.8 sec left
CG set 226 / 2727    2561.9976 GFlop/s     (320.2497 GFlop/s per process)    8%    3313.8 sec left
CG set 227 / 2727    2560.9811 GFlop/s     (320.1226 GFlop/s per process)    8%    3312.5 sec left
CG set 228 / 2727    2563.4911 GFlop/s     (320.4364 GFlop/s per process)    8%    3311.5 sec left
CG set 229 / 2727    2564.8839 GFlop/s     (320.6105 GFlop/s per process)    8%    3310.4 sec left
CG set 230 / 2727    2565.2074 GFlop/s     (320.6509 GFlop/s per process)    8%    3309.2 sec left
CG set 231 / 2727    2562.2662 GFlop/s     (320.2833 GFlop/s per process)    8%    3307.5 sec left
CG set 232 / 2727    2562.9480 GFlop/s     (320.3685 GFlop/s per process)    8%    3306.4 sec left
CG set 233 / 2727    2561.8568 GFlop/s     (320.2321 GFlop/s per process)    8%    3305.0 sec left
CG set 234 / 2727    2564.7155 GFlop/s     (320.5894 GFlop/s per process)    8%    3304.0 sec left
CG set 235 / 2727    2566.9934 GFlop/s     (320.8742 GFlop/s per process)    8%    3303.0 sec left
CG set 236 / 2727    2566.8771 GFlop/s     (320.8596 GFlop/s per process)    8%    3301.8 sec left
CG set 237 / 2727    2568.7600 GFlop/s     (321.0950 GFlop/s per process)    8%    3300.7 sec left
CG set 238 / 2727    2570.2097 GFlop/s     (321.2762 GFlop/s per process)    8%    3299.6 sec left
CG set 239 / 2727    2572.9213 GFlop/s     (321.6152 GFlop/s per process)    8%    3298.7 sec left
CG set 240 / 2727    2573.7984 GFlop/s     (321.7248 GFlop/s per process)    8%    3297.5 sec left
CG set 241 / 2727    2574.1595 GFlop/s     (321.7699 GFlop/s per process)    8%    3296.3 sec left
CG set 242 / 2727    2575.6177 GFlop/s     (321.9522 GFlop/s per process)    8%    3295.2 sec left
CG set 243 / 2727    2577.4362 GFlop/s     (322.1795 GFlop/s per process)    8%    3294.2 sec left
CG set 244 / 2727    2578.8749 GFlop/s     (322.3594 GFlop/s per process)    8%    3293.1 sec left
CG set 245 / 2727    2579.5618 GFlop/s     (322.4452 GFlop/s per process)    8%    3291.9 sec left
CG set 246 / 2727    2579.7119 GFlop/s     (322.4640 GFlop/s per process)    9%    3290.7 sec left
CG set 247 / 2727    2580.6700 GFlop/s     (322.5838 GFlop/s per process)    9%    3289.5 sec left
CG set 248 / 2727    2581.6941 GFlop/s     (322.7118 GFlop/s per process)    9%    3288.4 sec left
CG set 249 / 2727    2583.6315 GFlop/s     (322.9539 GFlop/s per process)    9%    3287.4 sec left
CG set 250 / 2727    2579.1462 GFlop/s     (322.3933 GFlop/s per process)    9%    3285.6 sec left
CG set 251 / 2727    2578.2085 GFlop/s     (322.2761 GFlop/s per process)    9%    3284.2 sec left
CG set 252 / 2727    2579.9702 GFlop/s     (322.4963 GFlop/s per process)    9%    3283.2 sec left
CG set 253 / 2727    2582.0734 GFlop/s     (322.7592 GFlop/s per process)    9%    3282.2 sec left
CG set 254 / 2727    2582.9238 GFlop/s     (322.8655 GFlop/s per process)    9%    3281.0 sec left
CG set 255 / 2727    2584.0864 GFlop/s     (323.0108 GFlop/s per process)    9%    3279.9 sec left
CG set 256 / 2727    2583.4154 GFlop/s     (322.9269 GFlop/s per process)    9%    3278.6 sec left
CG set 257 / 2727    2580.2146 GFlop/s     (322.5268 GFlop/s per process)    9%    3276.9 sec left
CG set 258 / 2727    2573.4109 GFlop/s     (321.6764 GFlop/s per process)    9%    3274.8 sec left
CG set 259 / 2727    2569.7941 GFlop/s     (321.2243 GFlop/s per process)    9%    3273.1 sec left
CG set 260 / 2727    2565.0869 GFlop/s     (320.6359 GFlop/s per process)    9%    3271.2 sec left
CG set 261 / 2727    2561.0633 GFlop/s     (320.1329 GFlop/s per process)    9%    3269.4 sec left
CG set 262 / 2727    2559.4432 GFlop/s     (319.9304 GFlop/s per process)    9%    3267.9 sec left
CG set 263 / 2727    2559.9092 GFlop/s     (319.9887 GFlop/s per process)    9%    3266.7 sec left
CG set 264 / 2727    2557.8598 GFlop/s     (319.7325 GFlop/s per process)    9%    3265.2 sec left
CG set 265 / 2727    2556.7167 GFlop/s     (319.5896 GFlop/s per process)    9%    3263.8 sec left
CG set 266 / 2727    2554.9620 GFlop/s     (319.3703 GFlop/s per process)    9%    3262.3 sec left
CG set 267 / 2727    2555.5509 GFlop/s     (319.4439 GFlop/s per process)    9%    3261.1 sec left
CG set 268 / 2727    2555.5340 GFlop/s     (319.4418 GFlop/s per process)    9%    3259.8 sec left
CG set 269 / 2727    2556.9764 GFlop/s     (319.6221 GFlop/s per process)    9%    3258.7 sec left
CG set 270 / 2727    2557.3345 GFlop/s     (319.6668 GFlop/s per process)    9%    3257.5 sec left
CG set 271 / 2727    2555.0606 GFlop/s     (319.3826 GFlop/s per process)    9%    3255.9 sec left
CG set 272 / 2727    2556.4130 GFlop/s     (319.5516 GFlop/s per process)    9%    3254.8 sec left
CG set 273 / 2727    2555.6704 GFlop/s     (319.4588 GFlop/s per process)    10%    3253.5 sec left
CG set 274 / 2727    2552.5692 GFlop/s     (319.0712 GFlop/s per process)    10%    3251.8 sec left
CG set 275 / 2727    2547.6113 GFlop/s     (318.4514 GFlop/s per process)    10%    3249.8 sec left
CG set 276 / 2727    2547.8938 GFlop/s     (318.4867 GFlop/s per process)    10%    3248.6 sec left
CG set 277 / 2727    2548.5135 GFlop/s     (318.5642 GFlop/s per process)    10%    3247.4 sec left
CG set 278 / 2727    2549.4171 GFlop/s     (318.6771 GFlop/s per process)    10%    3246.3 sec left
CG set 279 / 2727    2543.1593 GFlop/s     (317.8949 GFlop/s per process)    10%    3244.1 sec left
CG set 280 / 2727    2538.1387 GFlop/s     (317.2673 GFlop/s per process)    10%    3242.1 sec left
CG set 281 / 2727    2536.8698 GFlop/s     (317.1087 GFlop/s per process)    10%    3240.6 sec left
CG set 282 / 2727    2536.6348 GFlop/s     (317.0793 GFlop/s per process)    10%    3239.3 sec left
CG set 283 / 2727    2535.6519 GFlop/s     (316.9565 GFlop/s per process)    10%    3237.9 sec left
CG set 284 / 2727    2534.3519 GFlop/s     (316.7940 GFlop/s per process)    10%    3236.4 sec left
CG set 285 / 2727    2535.4750 GFlop/s     (316.9344 GFlop/s per process)    10%    3235.3 sec left
CG set 286 / 2727    2536.4184 GFlop/s     (317.0523 GFlop/s per process)    10%    3234.2 sec left
CG set 287 / 2727    2534.7188 GFlop/s     (316.8398 GFlop/s per process)    10%    3232.7 sec left
CG set 288 / 2727    2536.0507 GFlop/s     (317.0063 GFlop/s per process)    10%    3231.6 sec left
CG set 289 / 2727    2537.6475 GFlop/s     (317.2059 GFlop/s per process)    10%    3230.5 sec left
CG set 290 / 2727    2538.8111 GFlop/s     (317.3514 GFlop/s per process)    10%    3229.4 sec left
CG set 291 / 2727    2536.4265 GFlop/s     (317.0533 GFlop/s per process)    10%    3227.8 sec left
CG set 292 / 2727    2536.6137 GFlop/s     (317.0767 GFlop/s per process)    10%    3226.5 sec left
CG set 293 / 2727    2533.9111 GFlop/s     (316.7389 GFlop/s per process)    10%    3224.9 sec left
CG set 294 / 2727    2535.5307 GFlop/s     (316.9413 GFlop/s per process)    10%    3223.8 sec left
CG set 295 / 2727    2537.6333 GFlop/s     (317.2042 GFlop/s per process)    10%    3222.9 sec left
CG set 296 / 2727    2539.2017 GFlop/s     (317.4002 GFlop/s per process)    10%    3221.8 sec left
CG set 297 / 2727    2540.7128 GFlop/s     (317.5891 GFlop/s per process)    10%    3220.8 sec left
CG set 298 / 2727    2542.9041 GFlop/s     (317.8630 GFlop/s per process)    10%    3219.8 sec left
CG set 299 / 2727    2543.0353 GFlop/s     (317.8794 GFlop/s per process)    10%    3218.6 sec left
CG set 300 / 2727    2544.1243 GFlop/s     (318.0155 GFlop/s per process)    11%    3217.5 sec left
CG set 301 / 2727    2544.3937 GFlop/s     (318.0492 GFlop/s per process)    11%    3216.2 sec left
CG set 302 / 2727    2543.8110 GFlop/s     (317.9764 GFlop/s per process)    11%    3214.9 sec left
CG set 303 / 2727    2543.1627 GFlop/s     (317.8953 GFlop/s per process)    11%    3213.5 sec left
CG set 304 / 2727    2544.9326 GFlop/s     (318.1166 GFlop/s per process)    11%    3212.5 sec left
CG set 305 / 2727    2546.6999 GFlop/s     (318.3375 GFlop/s per process)    11%    3211.5 sec left
CG set 306 / 2727    2546.0034 GFlop/s     (318.2504 GFlop/s per process)    11%    3210.1 sec left
CG set 307 / 2727    2545.5166 GFlop/s     (318.1896 GFlop/s per process)    11%    3208.7 sec left
CG set 308 / 2727    2546.8253 GFlop/s     (318.3532 GFlop/s per process)    11%    3207.7 sec left
CG set 309 / 2727    2548.7497 GFlop/s     (318.5937 GFlop/s per process)    11%    3206.7 sec left
CG set 310 / 2727    2549.7339 GFlop/s     (318.7167 GFlop/s per process)    11%    3205.6 sec left
CG set 311 / 2727    2551.6399 GFlop/s     (318.9550 GFlop/s per process)    11%    3204.6 sec left
CG set 312 / 2727    2552.9419 GFlop/s     (319.1177 GFlop/s per process)    11%    3203.5 sec left
CG set 313 / 2727    2553.1981 GFlop/s     (319.1498 GFlop/s per process)    11%    3202.3 sec left
CG set 314 / 2727    2554.4762 GFlop/s     (319.3095 GFlop/s per process)    11%    3201.2 sec left
CG set 315 / 2727    2556.1248 GFlop/s     (319.5156 GFlop/s per process)    11%    3200.2 sec left
CG set 316 / 2727    2557.6981 GFlop/s     (319.7123 GFlop/s per process)    11%    3199.2 sec left
CG set 317 / 2727    2559.1172 GFlop/s     (319.8897 GFlop/s per process)    11%    3198.2 sec left
CG set 318 / 2727    2560.7470 GFlop/s     (320.0934 GFlop/s per process)    11%    3197.2 sec left
CG set 319 / 2727    2562.1718 GFlop/s     (320.2715 GFlop/s per process)    11%    3196.1 sec left
CG set 320 / 2727    2563.5344 GFlop/s     (320.4418 GFlop/s per process)    11%    3195.1 sec left
CG set 321 / 2727    2565.4178 GFlop/s     (320.6772 GFlop/s per process)    11%    3194.1 sec left
CG set 322 / 2727    2567.2169 GFlop/s     (320.9021 GFlop/s per process)    11%    3193.1 sec left
CG set 323 / 2727    2568.9438 GFlop/s     (321.1180 GFlop/s per process)    11%    3192.2 sec left
CG set 324 / 2727    2570.8262 GFlop/s     (321.3533 GFlop/s per process)    11%    3191.2 sec left
CG set 325 / 2727    2572.2216 GFlop/s     (321.5277 GFlop/s per process)    11%    3190.2 sec left
CG set 326 / 2727    2574.2717 GFlop/s     (321.7840 GFlop/s per process)    11%    3189.2 sec left
CG set 327 / 2727    2575.8414 GFlop/s     (321.9802 GFlop/s per process)    11%    3188.2 sec left
CG set 328 / 2727    2577.5298 GFlop/s     (322.1912 GFlop/s per process)    12%    3187.2 sec left
CG set 329 / 2727    2578.7876 GFlop/s     (322.3485 GFlop/s per process)    12%    3186.2 sec left
CG set 330 / 2727    2580.5335 GFlop/s     (322.5667 GFlop/s per process)    12%    3185.2 sec left
CG set 331 / 2727    2582.1263 GFlop/s     (322.7658 GFlop/s per process)    12%    3184.2 sec left
CG set 332 / 2727    2583.3812 GFlop/s     (322.9227 GFlop/s per process)    12%    3183.2 sec left
CG set 333 / 2727    2584.7971 GFlop/s     (323.0996 GFlop/s per process)    12%    3182.1 sec left
CG set 334 / 2727    2584.7118 GFlop/s     (323.0890 GFlop/s per process)    12%    3180.9 sec left
CG set 335 / 2727    2584.1434 GFlop/s     (323.0179 GFlop/s per process)    12%    3179.5 sec left
CG set 336 / 2727    2586.0428 GFlop/s     (323.2554 GFlop/s per process)    12%    3178.6 sec left
CG set 337 / 2727    2587.5464 GFlop/s     (323.4433 GFlop/s per process)    12%    3177.6 sec left
CG set 338 / 2727    2588.9815 GFlop/s     (323.6227 GFlop/s per process)    12%    3176.6 sec left
CG set 339 / 2727    2590.8019 GFlop/s     (323.8502 GFlop/s per process)    12%    3175.6 sec left
CG set 340 / 2727    2592.5253 GFlop/s     (324.0657 GFlop/s per process)    12%    3174.6 sec left
CG set 341 / 2727    2594.0835 GFlop/s     (324.2604 GFlop/s per process)    12%    3173.6 sec left
CG set 342 / 2727    2595.7467 GFlop/s     (324.4683 GFlop/s per process)    12%    3172.7 sec left
CG set 343 / 2727    2597.2579 GFlop/s     (324.6572 GFlop/s per process)    12%    3171.7 sec left
CG set 344 / 2727    2599.0362 GFlop/s     (324.8795 GFlop/s per process)    12%    3170.7 sec left
CG set 345 / 2727    2600.3718 GFlop/s     (325.0465 GFlop/s per process)    12%    3169.7 sec left
CG set 346 / 2727    2602.0756 GFlop/s     (325.2594 GFlop/s per process)    12%    3168.7 sec left
CG set 347 / 2727    2603.4001 GFlop/s     (325.4250 GFlop/s per process)    12%    3167.7 sec left
CG set 348 / 2727    2604.7046 GFlop/s     (325.5881 GFlop/s per process)    12%    3166.7 sec left
CG set 349 / 2727    2606.3216 GFlop/s     (325.7902 GFlop/s per process)    12%    3165.7 sec left
CG set 350 / 2727    2607.6868 GFlop/s     (325.9609 GFlop/s per process)    12%    3164.7 sec left
CG set 351 / 2727    2608.8792 GFlop/s     (326.1099 GFlop/s per process)    12%    3163.7 sec left
CG set 352 / 2727    2610.4632 GFlop/s     (326.3079 GFlop/s per process)    12%    3162.7 sec left
CG set 353 / 2727    2611.7179 GFlop/s     (326.4647 GFlop/s per process)    12%    3161.7 sec left
CG set 354 / 2727    2613.0615 GFlop/s     (326.6327 GFlop/s per process)    12%    3160.6 sec left
CG set 355 / 2727    2614.3907 GFlop/s     (326.7988 GFlop/s per process)    13%    3159.6 sec left
CG set 356 / 2727    2616.0751 GFlop/s     (327.0094 GFlop/s per process)    13%    3158.7 sec left
CG set 357 / 2727    2617.3236 GFlop/s     (327.1654 GFlop/s per process)    13%    3157.7 sec left
CG set 358 / 2727    2618.5437 GFlop/s     (327.3180 GFlop/s per process)    13%    3156.6 sec left
CG set 359 / 2727    2620.3049 GFlop/s     (327.5381 GFlop/s per process)    13%    3155.7 sec left
CG set 360 / 2727    2621.4752 GFlop/s     (327.6844 GFlop/s per process)    13%    3154.6 sec left
CG set 361 / 2727    2623.2011 GFlop/s     (327.9001 GFlop/s per process)    13%    3153.7 sec left
CG set 362 / 2727    2624.2751 GFlop/s     (328.0344 GFlop/s per process)    13%    3152.7 sec left
CG set 363 / 2727    2626.1550 GFlop/s     (328.2694 GFlop/s per process)    13%    3151.7 sec left
CG set 364 / 2727    2627.2927 GFlop/s     (328.4116 GFlop/s per process)    13%    3150.7 sec left
CG set 365 / 2727    2629.0201 GFlop/s     (328.6275 GFlop/s per process)    13%    3149.8 sec left
CG set 366 / 2727    2629.9703 GFlop/s     (328.7463 GFlop/s per process)    13%    3148.7 sec left
CG set 367 / 2727    2631.8704 GFlop/s     (328.9838 GFlop/s per process)    13%    3147.8 sec left
CG set 368 / 2727    2632.9246 GFlop/s     (329.1156 GFlop/s per process)    13%    3146.8 sec left
CG set 369 / 2727    2634.2899 GFlop/s     (329.2862 GFlop/s per process)    13%    3145.8 sec left
CG set 370 / 2727    2635.5718 GFlop/s     (329.4465 GFlop/s per process)    13%    3144.8 sec left
CG set 371 / 2727    2637.1512 GFlop/s     (329.6439 GFlop/s per process)    13%    3143.8 sec left
CG set 372 / 2727    2638.5250 GFlop/s     (329.8156 GFlop/s per process)    13%    3142.8 sec left
CG set 373 / 2727    2639.7320 GFlop/s     (329.9665 GFlop/s per process)    13%    3141.8 sec left
CG set 374 / 2727    2641.6284 GFlop/s     (330.2035 GFlop/s per process)    13%    3140.9 sec left
CG set 375 / 2727    2642.6784 GFlop/s     (330.3348 GFlop/s per process)    13%    3139.9 sec left
CG set 376 / 2727    2643.6850 GFlop/s     (330.4606 GFlop/s per process)    13%    3138.8 sec left
CG set 377 / 2727    2645.4550 GFlop/s     (330.6819 GFlop/s per process)    13%    3137.9 sec left
CG set 378 / 2727    2646.5189 GFlop/s     (330.8149 GFlop/s per process)    13%    3136.9 sec left
CG set 379 / 2727    2648.0373 GFlop/s     (331.0047 GFlop/s per process)    13%    3135.9 sec left
CG set 380 / 2727    2649.1588 GFlop/s     (331.1449 GFlop/s per process)    13%    3134.9 sec left
CG set 381 / 2727    2650.6149 GFlop/s     (331.3269 GFlop/s per process)    13%    3133.9 sec left
CG set 382 / 2727    2651.6949 GFlop/s     (331.4619 GFlop/s per process)    14%    3132.9 sec left
CG set 383 / 2727    2652.7760 GFlop/s     (331.5970 GFlop/s per process)    14%    3131.9 sec left
CG set 384 / 2727    2654.1100 GFlop/s     (331.7638 GFlop/s per process)    14%    3130.9 sec left
CG set 385 / 2727    2655.0916 GFlop/s     (331.8864 GFlop/s per process)    14%    3129.8 sec left
CG set 386 / 2727    2656.4512 GFlop/s     (332.0564 GFlop/s per process)    14%    3128.8 sec left
CG set 387 / 2727    2657.6649 GFlop/s     (332.2081 GFlop/s per process)    14%    3127.8 sec left
CG set 388 / 2727    2658.7953 GFlop/s     (332.3494 GFlop/s per process)    14%    3126.8 sec left
CG set 389 / 2727    2660.5823 GFlop/s     (332.5728 GFlop/s per process)    14%    3125.9 sec left
CG set 390 / 2727    2661.6096 GFlop/s     (332.7012 GFlop/s per process)    14%    3124.9 sec left
CG set 391 / 2727    2662.8656 GFlop/s     (332.8582 GFlop/s per process)    14%    3123.9 sec left
CG set 392 / 2727    2664.3880 GFlop/s     (333.0485 GFlop/s per process)    14%    3123.0 sec left
CG set 393 / 2727    2665.4771 GFlop/s     (333.1846 GFlop/s per process)    14%    3121.9 sec left
CG set 394 / 2727    2666.7529 GFlop/s     (333.3441 GFlop/s per process)    14%    3121.0 sec left
CG set 395 / 2727    2667.7285 GFlop/s     (333.4661 GFlop/s per process)    14%    3119.9 sec left
CG set 396 / 2727    2669.1001 GFlop/s     (333.6375 GFlop/s per process)    14%    3119.0 sec left
CG set 397 / 2727    2670.1478 GFlop/s     (333.7685 GFlop/s per process)    14%    3117.9 sec left
CG set 398 / 2727    2671.5125 GFlop/s     (333.9391 GFlop/s per process)    14%    3117.0 sec left
CG set 399 / 2727    2672.7217 GFlop/s     (334.0902 GFlop/s per process)    14%    3116.0 sec left
CG set 400 / 2727    2673.8776 GFlop/s     (334.2347 GFlop/s per process)    14%    3115.0 sec left
CG set 401 / 2727    2674.9532 GFlop/s     (334.3691 GFlop/s per process)    14%    3114.0 sec left
CG set 402 / 2727    2676.0627 GFlop/s     (334.5078 GFlop/s per process)    14%    3113.0 sec left
CG set 403 / 2727    2676.8001 GFlop/s     (334.6000 GFlop/s per process)    14%    3111.9 sec left
CG set 404 / 2727    2677.9302 GFlop/s     (334.7413 GFlop/s per process)    14%    3110.9 sec left
CG set 405 / 2727    2679.0674 GFlop/s     (334.8834 GFlop/s per process)    14%    3109.9 sec left
CG set 406 / 2727    2679.8205 GFlop/s     (334.9776 GFlop/s per process)    14%    3108.8 sec left
CG set 407 / 2727    2681.2000 GFlop/s     (335.1500 GFlop/s per process)    14%    3107.9 sec left
CG set 408 / 2727    2682.2520 GFlop/s     (335.2815 GFlop/s per process)    14%    3106.8 sec left
CG set 409 / 2727    2683.2710 GFlop/s     (335.4089 GFlop/s per process)    14%    3105.8 sec left
CG set 410 / 2727    2684.5728 GFlop/s     (335.5716 GFlop/s per process)    15%    3104.9 sec left
CG set 411 / 2727    2686.0359 GFlop/s     (335.7545 GFlop/s per process)    15%    3103.9 sec left
CG set 412 / 2727    2687.2379 GFlop/s     (335.9047 GFlop/s per process)    15%    3102.9 sec left
CG set 413 / 2727    2688.1932 GFlop/s     (336.0242 GFlop/s per process)    15%    3101.9 sec left
CG set 414 / 2727    2689.0499 GFlop/s     (336.1312 GFlop/s per process)    15%    3100.9 sec left
CG set 415 / 2727    2690.5320 GFlop/s     (336.3165 GFlop/s per process)    15%    3099.9 sec left
CG set 416 / 2727    2691.6711 GFlop/s     (336.4589 GFlop/s per process)    15%    3099.0 sec left
CG set 417 / 2727    2693.1098 GFlop/s     (336.6387 GFlop/s per process)    15%    3098.0 sec left
CG set 418 / 2727    2694.1968 GFlop/s     (336.7746 GFlop/s per process)    15%    3097.0 sec left
CG set 419 / 2727    2695.2101 GFlop/s     (336.9013 GFlop/s per process)    15%    3096.0 sec left
CG set 420 / 2727    2696.4642 GFlop/s     (337.0580 GFlop/s per process)    15%    3095.0 sec left
CG set 421 / 2727    2697.2996 GFlop/s     (337.1624 GFlop/s per process)    15%    3094.0 sec left
CG set 422 / 2727    2698.5258 GFlop/s     (337.3157 GFlop/s per process)    15%    3093.0 sec left
CG set 423 / 2727    2699.6055 GFlop/s     (337.4507 GFlop/s per process)    15%    3092.0 sec left
CG set 424 / 2727    2701.1289 GFlop/s     (337.6411 GFlop/s per process)    15%    3091.1 sec left
CG set 425 / 2727    2702.3353 GFlop/s     (337.7919 GFlop/s per process)    15%    3090.2 sec left
CG set 426 / 2727    2703.1485 GFlop/s     (337.8936 GFlop/s per process)    15%    3089.1 sec left
CG set 427 / 2727    2704.3423 GFlop/s     (338.0428 GFlop/s per process)    15%    3088.1 sec left
CG set 428 / 2727    2704.9240 GFlop/s     (338.1155 GFlop/s per process)    15%    3087.1 sec left
CG set 429 / 2727    2706.1423 GFlop/s     (338.2678 GFlop/s per process)    15%    3086.1 sec left
CG set 430 / 2727    2707.1307 GFlop/s     (338.3913 GFlop/s per process)    15%    3085.1 sec left
CG set 431 / 2727    2708.6604 GFlop/s     (338.5825 GFlop/s per process)    15%    3084.2 sec left
CG set 432 / 2727    2709.8274 GFlop/s     (338.7284 GFlop/s per process)    15%    3083.2 sec left
CG set 433 / 2727    2711.0417 GFlop/s     (338.8802 GFlop/s per process)    15%    3082.3 sec left
CG set 434 / 2727    2712.0763 GFlop/s     (339.0095 GFlop/s per process)    15%    3081.3 sec left
CG set 435 / 2727    2712.9915 GFlop/s     (339.1239 GFlop/s per process)    15%    3080.2 sec left
CG set 436 / 2727    2714.2343 GFlop/s     (339.2793 GFlop/s per process)    15%    3079.3 sec left
CG set 437 / 2727    2714.9897 GFlop/s     (339.3737 GFlop/s per process)    16%    3078.2 sec left
CG set 438 / 2727    2716.3537 GFlop/s     (339.5442 GFlop/s per process)    16%    3077.3 sec left
CG set 439 / 2727    2717.3317 GFlop/s     (339.6665 GFlop/s per process)    16%    3076.3 sec left
CG set 440 / 2727    2718.5535 GFlop/s     (339.8192 GFlop/s per process)    16%    3075.4 sec left
CG set 441 / 2727    2719.7797 GFlop/s     (339.9725 GFlop/s per process)    16%    3074.4 sec left
CG set 442 / 2727    2720.6060 GFlop/s     (340.0758 GFlop/s per process)    16%    3073.4 sec left
CG set 443 / 2727    2721.7093 GFlop/s     (340.2137 GFlop/s per process)    16%    3072.4 sec left
CG set 444 / 2727    2722.2112 GFlop/s     (340.2764 GFlop/s per process)    16%    3071.3 sec left
CG set 445 / 2727    2723.9578 GFlop/s     (340.4947 GFlop/s per process)    16%    3070.5 sec left
CG set 446 / 2727    2724.6573 GFlop/s     (340.5822 GFlop/s per process)    16%    3069.4 sec left
CG set 447 / 2727    2726.2953 GFlop/s     (340.7869 GFlop/s per process)    16%    3068.5 sec left
CG set 448 / 2727    2727.2215 GFlop/s     (340.9027 GFlop/s per process)    16%    3067.5 sec left
CG set 449 / 2727    2728.1341 GFlop/s     (341.0168 GFlop/s per process)    16%    3066.5 sec left
CG set 450 / 2727    2729.5372 GFlop/s     (341.1921 GFlop/s per process)    16%    3065.6 sec left
CG set 451 / 2727    2730.4604 GFlop/s     (341.3076 GFlop/s per process)    16%    3064.6 sec left
CG set 452 / 2727    2731.7590 GFlop/s     (341.4699 GFlop/s per process)    16%    3063.7 sec left
CG set 453 / 2727    2732.5866 GFlop/s     (341.5733 GFlop/s per process)    16%    3062.7 sec left
CG set 454 / 2727    2733.6458 GFlop/s     (341.7057 GFlop/s per process)    16%    3061.7 sec left
CG set 455 / 2727    2735.0353 GFlop/s     (341.8794 GFlop/s per process)    16%    3060.8 sec left
CG set 456 / 2727    2735.8905 GFlop/s     (341.9863 GFlop/s per process)    16%    3059.8 sec left
CG set 457 / 2727    2737.2846 GFlop/s     (342.1606 GFlop/s per process)    16%    3058.9 sec left
CG set 458 / 2727    2738.2128 GFlop/s     (342.2766 GFlop/s per process)    16%    3057.9 sec left
CG set 459 / 2727    2739.9522 GFlop/s     (342.4940 GFlop/s per process)    16%    3057.0 sec left
CG set 460 / 2727    2741.1254 GFlop/s     (342.6407 GFlop/s per process)    16%    3056.1 sec left
CG set 461 / 2727    2742.2315 GFlop/s     (342.7789 GFlop/s per process)    16%    3055.1 sec left
CG set 462 / 2727    2743.3307 GFlop/s     (342.9163 GFlop/s per process)    16%    3054.2 sec left
CG set 463 / 2727    2744.2315 GFlop/s     (343.0289 GFlop/s per process)    16%    3053.2 sec left
CG set 464 / 2727    2745.7170 GFlop/s     (343.2146 GFlop/s per process)    17%    3052.3 sec left
CG set 465 / 2727    2746.5058 GFlop/s     (343.3132 GFlop/s per process)    17%    3051.3 sec left
CG set 466 / 2727    2747.6654 GFlop/s     (343.4582 GFlop/s per process)    17%    3050.3 sec left
CG set 467 / 2727    2748.9591 GFlop/s     (343.6199 GFlop/s per process)    17%    3049.4 sec left
CG set 468 / 2727    2749.7745 GFlop/s     (343.7218 GFlop/s per process)    17%    3048.4 sec left
CG set 469 / 2727    2751.0422 GFlop/s     (343.8803 GFlop/s per process)    17%    3047.5 sec left
CG set 470 / 2727    2751.9942 GFlop/s     (343.9993 GFlop/s per process)    17%    3046.5 sec left
CG set 471 / 2727    2752.9089 GFlop/s     (344.1136 GFlop/s per process)    17%    3045.5 sec left
CG set 472 / 2727    2753.8725 GFlop/s     (344.2341 GFlop/s per process)    17%    3044.5 sec left
CG set 473 / 2727    2754.9310 GFlop/s     (344.3664 GFlop/s per process)    17%    3043.5 sec left
CG set 474 / 2727    2756.2810 GFlop/s     (344.5351 GFlop/s per process)    17%    3042.6 sec left
CG set 475 / 2727    2757.2681 GFlop/s     (344.6585 GFlop/s per process)    17%    3041.7 sec left
CG set 476 / 2727    2758.5980 GFlop/s     (344.8248 GFlop/s per process)    17%    3040.8 sec left
CG set 477 / 2727    2759.2066 GFlop/s     (344.9008 GFlop/s per process)    17%    3039.7 sec left
CG set 478 / 2727    2760.6903 GFlop/s     (345.0863 GFlop/s per process)    17%    3038.9 sec left
CG set 479 / 2727    2761.5177 GFlop/s     (345.1897 GFlop/s per process)    17%    3037.8 sec left
CG set 480 / 2727    2762.3616 GFlop/s     (345.2952 GFlop/s per process)    17%    3036.8 sec left
CG set 481 / 2727    2763.7385 GFlop/s     (345.4673 GFlop/s per process)    17%    3036.0 sec left
CG set 482 / 2727    2764.3373 GFlop/s     (345.5422 GFlop/s per process)    17%    3034.9 sec left
CG set 483 / 2727    2765.4129 GFlop/s     (345.6766 GFlop/s per process)    17%    3034.0 sec left
CG set 484 / 2727    2766.1393 GFlop/s     (345.7674 GFlop/s per process)    17%    3032.9 sec left
CG set 485 / 2727    2767.4292 GFlop/s     (345.9287 GFlop/s per process)    17%    3032.0 sec left
CG set 486 / 2727    2768.1882 GFlop/s     (346.0235 GFlop/s per process)    17%    3031.0 sec left
CG set 487 / 2727    2769.0809 GFlop/s     (346.1351 GFlop/s per process)    17%    3030.0 sec left
CG set 488 / 2727    2770.1897 GFlop/s     (346.2737 GFlop/s per process)    17%    3029.1 sec left
CG set 489 / 2727    2771.3556 GFlop/s     (346.4195 GFlop/s per process)    17%    3028.2 sec left
CG set 490 / 2727    2772.1316 GFlop/s     (346.5164 GFlop/s per process)    17%    3027.2 sec left
CG set 491 / 2727    2773.5029 GFlop/s     (346.6879 GFlop/s per process)    18%    3026.3 sec left
CG set 492 / 2727    2774.2099 GFlop/s     (346.7762 GFlop/s per process)    18%    3025.3 sec left
CG set 493 / 2727    2775.2553 GFlop/s     (346.9069 GFlop/s per process)    18%    3024.3 sec left
CG set 494 / 2727    2776.4142 GFlop/s     (347.0518 GFlop/s per process)    18%    3023.4 sec left
CG set 495 / 2727    2777.1646 GFlop/s     (347.1456 GFlop/s per process)    18%    3022.4 sec left
CG set 496 / 2727    2777.9227 GFlop/s     (347.2403 GFlop/s per process)    18%    3021.4 sec left
CG set 497 / 2727    2778.7369 GFlop/s     (347.3421 GFlop/s per process)    18%    3020.4 sec left
CG set 498 / 2727    2779.8908 GFlop/s     (347.4863 GFlop/s per process)    18%    3019.5 sec left
CG set 499 / 2727    2780.8990 GFlop/s     (347.6124 GFlop/s per process)    18%    3018.5 sec left
CG set 500 / 2727    2781.8158 GFlop/s     (347.7270 GFlop/s per process)    18%    3017.5 sec left
CG set 501 / 2727    2783.2225 GFlop/s     (347.9028 GFlop/s per process)    18%    3016.7 sec left
CG set 502 / 2727    2784.2171 GFlop/s     (348.0271 GFlop/s per process)    18%    3015.7 sec left
CG set 503 / 2727    2785.1685 GFlop/s     (348.1461 GFlop/s per process)    18%    3014.8 sec left
CG set 504 / 2727    2786.4139 GFlop/s     (348.3017 GFlop/s per process)    18%    3013.9 sec left
CG set 505 / 2727    2787.3726 GFlop/s     (348.4216 GFlop/s per process)    18%    3012.9 sec left
CG set 506 / 2727    2788.1634 GFlop/s     (348.5204 GFlop/s per process)    18%    3011.9 sec left
CG set 507 / 2727    2789.0011 GFlop/s     (348.6251 GFlop/s per process)    18%    3010.9 sec left
CG set 508 / 2727    2790.4640 GFlop/s     (348.8080 GFlop/s per process)    18%    3010.1 sec left
CG set 509 / 2727    2791.0070 GFlop/s     (348.8759 GFlop/s per process)    18%    3009.0 sec left
CG set 510 / 2727    2791.8419 GFlop/s     (348.9802 GFlop/s per process)    18%    3008.1 sec left
CG set 511 / 2727    2792.8142 GFlop/s     (349.1018 GFlop/s per process)    18%    3007.1 sec left
CG set 512 / 2727    2793.8320 GFlop/s     (349.2290 GFlop/s per process)    18%    3006.2 sec left
CG set 513 / 2727    2794.8674 GFlop/s     (349.3584 GFlop/s per process)    18%    3005.2 sec left
CG set 514 / 2727    2795.7413 GFlop/s     (349.4677 GFlop/s per process)    18%    3004.3 sec left
CG set 515 / 2727    2797.0574 GFlop/s     (349.6322 GFlop/s per process)    18%    3003.4 sec left
CG set 516 / 2727    2797.9371 GFlop/s     (349.7421 GFlop/s per process)    18%    3002.4 sec left
CG set 517 / 2727    2798.8758 GFlop/s     (349.8595 GFlop/s per process)    18%    3001.5 sec left
CG set 518 / 2727    2799.8474 GFlop/s     (349.9809 GFlop/s per process)    18%    3000.5 sec left
CG set 519 / 2727    2800.9985 GFlop/s     (350.1248 GFlop/s per process)    19%    2999.6 sec left
CG set 520 / 2727    2801.5384 GFlop/s     (350.1923 GFlop/s per process)    19%    2998.6 sec left
CG set 521 / 2727    2802.7982 GFlop/s     (350.3498 GFlop/s per process)    19%    2997.7 sec left
CG set 522 / 2727    2803.7330 GFlop/s     (350.4666 GFlop/s per process)    19%    2996.7 sec left
CG set 523 / 2727    2804.9809 GFlop/s     (350.6226 GFlop/s per process)    19%    2995.8 sec left
CG set 524 / 2727    2805.5893 GFlop/s     (350.6987 GFlop/s per process)    19%    2994.8 sec left
CG set 525 / 2727    2806.6209 GFlop/s     (350.8276 GFlop/s per process)    19%    2993.9 sec left
CG set 526 / 2727    2807.2826 GFlop/s     (350.9103 GFlop/s per process)    19%    2992.9 sec left
CG set 527 / 2727    2807.8507 GFlop/s     (350.9813 GFlop/s per process)    19%    2991.9 sec left
CG set 528 / 2727    2808.4782 GFlop/s     (351.0598 GFlop/s per process)    19%    2990.8 sec left
CG set 529 / 2727    2809.4777 GFlop/s     (351.1847 GFlop/s per process)    19%    2989.9 sec left
CG set 530 / 2727    2810.7411 GFlop/s     (351.3426 GFlop/s per process)    19%    2989.0 sec left
CG set 531 / 2727    2811.3827 GFlop/s     (351.4228 GFlop/s per process)    19%    2988.0 sec left
CG set 532 / 2727    2811.9498 GFlop/s     (351.4937 GFlop/s per process)    19%    2987.0 sec left
CG set 533 / 2727    2812.9939 GFlop/s     (351.6242 GFlop/s per process)    19%    2986.1 sec left
CG set 534 / 2727    2814.1454 GFlop/s     (351.7682 GFlop/s per process)    19%    2985.2 sec left
CG set 535 / 2727    2814.6937 GFlop/s     (351.8367 GFlop/s per process)    19%    2984.1 sec left
CG set 536 / 2727    2815.6879 GFlop/s     (351.9610 GFlop/s per process)    19%    2983.2 sec left
CG set 537 / 2727    2816.6613 GFlop/s     (352.0827 GFlop/s per process)    19%    2982.3 sec left
CG set 538 / 2727    2817.5757 GFlop/s     (352.1970 GFlop/s per process)    19%    2981.3 sec left
CG set 539 / 2727    2818.3323 GFlop/s     (352.2915 GFlop/s per process)    19%    2980.3 sec left
CG set 540 / 2727    2819.2552 GFlop/s     (352.4069 GFlop/s per process)    19%    2979.4 sec left
CG set 541 / 2727    2820.3345 GFlop/s     (352.5418 GFlop/s per process)    19%    2978.5 sec left
CG set 542 / 2727    2821.2656 GFlop/s     (352.6582 GFlop/s per process)    19%    2977.6 sec left
CG set 543 / 2727    2822.1840 GFlop/s     (352.7730 GFlop/s per process)    19%    2976.6 sec left
CG set 544 / 2727    2823.0899 GFlop/s     (352.8862 GFlop/s per process)    19%    2975.7 sec left
CG set 545 / 2727    2823.8450 GFlop/s     (352.9806 GFlop/s per process)    19%    2974.7 sec left
CG set 546 / 2727    2824.9480 GFlop/s     (353.1185 GFlop/s per process)    20%    2973.8 sec left
CG set 547 / 2727    2825.9708 GFlop/s     (353.2463 GFlop/s per process)    20%    2972.9 sec left
CG set 548 / 2727    2826.7186 GFlop/s     (353.3398 GFlop/s per process)    20%    2971.9 sec left
CG set 549 / 2727    2827.8910 GFlop/s     (353.4864 GFlop/s per process)    20%    2971.0 sec left
CG set 550 / 2727    2828.5677 GFlop/s     (353.5710 GFlop/s per process)    20%    2970.0 sec left
CG set 551 / 2727    2829.5550 GFlop/s     (353.6944 GFlop/s per process)    20%    2969.1 sec left
CG set 552 / 2727    2830.5236 GFlop/s     (353.8155 GFlop/s per process)    20%    2968.2 sec left
CG set 553 / 2727    2831.5239 GFlop/s     (353.9405 GFlop/s per process)    20%    2967.3 sec left
CG set 554 / 2727    2831.9994 GFlop/s     (353.9999 GFlop/s per process)    20%    2966.2 sec left
CG set 555 / 2727    2832.1846 GFlop/s     (354.0231 GFlop/s per process)    20%    2965.1 sec left
CG set 556 / 2727    2832.7278 GFlop/s     (354.0910 GFlop/s per process)    20%    2964.1 sec left
CG set 557 / 2727    2831.9508 GFlop/s     (353.9938 GFlop/s per process)    20%    2962.8 sec left
CG set 558 / 2727    2830.8469 GFlop/s     (353.8559 GFlop/s per process)    20%    2961.4 sec left
CG set 559 / 2727    2831.0769 GFlop/s     (353.8846 GFlop/s per process)    20%    2960.3 sec left
CG set 560 / 2727    2830.2767 GFlop/s     (353.7846 GFlop/s per process)    20%    2959.0 sec left
CG set 561 / 2727    2830.3623 GFlop/s     (353.7953 GFlop/s per process)    20%    2957.8 sec left
CG set 562 / 2727    2829.1991 GFlop/s     (353.6499 GFlop/s per process)    20%    2956.4 sec left
CG set 563 / 2727    2829.4529 GFlop/s     (353.6816 GFlop/s per process)    20%    2955.3 sec left
CG set 564 / 2727    2829.4623 GFlop/s     (353.6828 GFlop/s per process)    20%    2954.2 sec left
CG set 565 / 2727    2828.4926 GFlop/s     (353.5616 GFlop/s per process)    20%    2952.8 sec left
CG set 566 / 2727    2828.7199 GFlop/s     (353.5900 GFlop/s per process)    20%    2951.7 sec left
CG set 567 / 2727    2827.9629 GFlop/s     (353.4954 GFlop/s per process)    20%    2950.4 sec left
CG set 568 / 2727    2828.3497 GFlop/s     (353.5437 GFlop/s per process)    20%    2949.3 sec left
CG set 569 / 2727    2827.6897 GFlop/s     (353.4612 GFlop/s per process)    20%    2948.0 sec left
CG set 570 / 2727    2826.5504 GFlop/s     (353.3188 GFlop/s per process)    20%    2946.6 sec left
CG set 571 / 2727    2826.5783 GFlop/s     (353.3223 GFlop/s per process)    20%    2945.5 sec left
CG set 572 / 2727    2825.9655 GFlop/s     (353.2457 GFlop/s per process)    20%    2944.2 sec left
CG set 573 / 2727    2826.1508 GFlop/s     (353.2688 GFlop/s per process)    21%    2943.1 sec left
CG set 574 / 2727    2825.4190 GFlop/s     (353.1774 GFlop/s per process)    21%    2941.8 sec left
CG set 575 / 2727    2824.4798 GFlop/s     (353.0600 GFlop/s per process)    21%    2940.4 sec left
CG set 576 / 2727    2825.3822 GFlop/s     (353.1728 GFlop/s per process)    21%    2939.5 sec left
CG set 577 / 2727    2824.7904 GFlop/s     (353.0988 GFlop/s per process)    21%    2938.2 sec left
CG set 578 / 2727    2824.8911 GFlop/s     (353.1114 GFlop/s per process)    21%    2937.1 sec left
CG set 579 / 2727    2824.1221 GFlop/s     (353.0153 GFlop/s per process)    21%    2935.7 sec left
CG set 580 / 2727    2823.4881 GFlop/s     (352.9360 GFlop/s per process)    21%    2934.4 sec left
CG set 581 / 2727    2823.5697 GFlop/s     (352.9462 GFlop/s per process)    21%    2933.3 sec left
CG set 582 / 2727    2822.6603 GFlop/s     (352.8325 GFlop/s per process)    21%    2932.0 sec left
CG set 583 / 2727    2822.0772 GFlop/s     (352.7596 GFlop/s per process)    21%    2930.7 sec left
CG set 584 / 2727    2822.1135 GFlop/s     (352.7642 GFlop/s per process)    21%    2929.5 sec left
CG set 585 / 2727    2821.1716 GFlop/s     (352.6465 GFlop/s per process)    21%    2928.1 sec left
CG set 586 / 2727    2820.4474 GFlop/s     (352.5559 GFlop/s per process)    21%    2926.8 sec left
CG set 587 / 2727    2819.6819 GFlop/s     (352.4602 GFlop/s per process)    21%    2925.5 sec left
CG set 588 / 2727    2819.2528 GFlop/s     (352.4066 GFlop/s per process)    21%    2924.2 sec left
CG set 589 / 2727    2819.3595 GFlop/s     (352.4199 GFlop/s per process)    21%    2923.1 sec left
CG set 590 / 2727    2818.9138 GFlop/s     (352.3642 GFlop/s per process)    21%    2921.9 sec left
CG set 591 / 2727    2818.2971 GFlop/s     (352.2871 GFlop/s per process)    21%    2920.6 sec left
CG set 592 / 2727    2817.6018 GFlop/s     (352.2002 GFlop/s per process)    21%    2919.2 sec left
CG set 593 / 2727    2817.5522 GFlop/s     (352.1940 GFlop/s per process)    21%    2918.1 sec left
CG set 594 / 2727    2817.2953 GFlop/s     (352.1619 GFlop/s per process)    21%    2916.9 sec left
CG set 595 / 2727    2818.1024 GFlop/s     (352.2628 GFlop/s per process)    21%    2915.9 sec left
CG set 596 / 2727    2818.5185 GFlop/s     (352.3148 GFlop/s per process)    21%    2914.9 sec left
CG set 597 / 2727    2819.5079 GFlop/s     (352.4385 GFlop/s per process)    21%    2914.0 sec left
CG set 598 / 2727    2820.5363 GFlop/s     (352.5670 GFlop/s per process)    21%    2913.1 sec left
CG set 599 / 2727    2821.4751 GFlop/s     (352.6844 GFlop/s per process)    21%    2912.1 sec left
CG set 600 / 2727    2822.3853 GFlop/s     (352.7982 GFlop/s per process)    22%    2911.2 sec left
CG set 601 / 2727    2823.2865 GFlop/s     (352.9108 GFlop/s per process)    22%    2910.3 sec left
CG set 602 / 2727    2824.0055 GFlop/s     (353.0007 GFlop/s per process)    22%    2909.3 sec left
CG set 603 / 2727    2825.2306 GFlop/s     (353.1538 GFlop/s per process)    22%    2908.5 sec left
CG set 604 / 2727    2825.8587 GFlop/s     (353.2323 GFlop/s per process)    22%    2907.5 sec left
CG set 605 / 2727    2827.0006 GFlop/s     (353.3751 GFlop/s per process)    22%    2906.6 sec left
CG set 606 / 2727    2828.1022 GFlop/s     (353.5128 GFlop/s per process)    22%    2905.8 sec left
CG set 607 / 2727    2828.8669 GFlop/s     (353.6084 GFlop/s per process)    22%    2904.8 sec left
CG set 608 / 2727    2829.8479 GFlop/s     (353.7310 GFlop/s per process)    22%    2903.9 sec left
CG set 609 / 2727    2830.5267 GFlop/s     (353.8158 GFlop/s per process)    22%    2902.9 sec left
CG set 610 / 2727    2831.6239 GFlop/s     (353.9530 GFlop/s per process)    22%    2902.1 sec left
CG set 611 / 2727    2832.5221 GFlop/s     (354.0653 GFlop/s per process)    22%    2901.1 sec left
CG set 612 / 2727    2833.4498 GFlop/s     (354.1812 GFlop/s per process)    22%    2900.2 sec left
CG set 613 / 2727    2834.1605 GFlop/s     (354.2701 GFlop/s per process)    22%    2899.3 sec left
CG set 614 / 2727    2835.1491 GFlop/s     (354.3936 GFlop/s per process)    22%    2898.4 sec left
CG set 615 / 2727    2835.7768 GFlop/s     (354.4721 GFlop/s per process)    22%    2897.4 sec left
CG set 616 / 2727    2837.0974 GFlop/s     (354.6372 GFlop/s per process)    22%    2896.6 sec left
CG set 617 / 2727    2837.9549 GFlop/s     (354.7444 GFlop/s per process)    22%    2895.6 sec left
CG set 618 / 2727    2838.6375 GFlop/s     (354.8297 GFlop/s per process)    22%    2894.7 sec left
CG set 619 / 2727    2839.5991 GFlop/s     (354.9499 GFlop/s per process)    22%    2893.8 sec left
CG set 620 / 2727    2840.4761 GFlop/s     (355.0595 GFlop/s per process)    22%    2892.9 sec left
CG set 621 / 2727    2841.2355 GFlop/s     (355.1544 GFlop/s per process)    22%    2891.9 sec left
CG set 622 / 2727    2842.2234 GFlop/s     (355.2779 GFlop/s per process)    22%    2891.0 sec left
CG set 623 / 2727    2843.1378 GFlop/s     (355.3922 GFlop/s per process)    22%    2890.1 sec left
CG set 624 / 2727    2843.9611 GFlop/s     (355.4951 GFlop/s per process)    22%    2889.2 sec left
CG set 625 / 2727    2844.8660 GFlop/s     (355.6083 GFlop/s per process)    22%    2888.3 sec left
CG set 626 / 2727    2845.7142 GFlop/s     (355.7143 GFlop/s per process)    22%    2887.3 sec left
CG set 627 / 2727    2846.4667 GFlop/s     (355.8083 GFlop/s per process)    22%    2886.4 sec left
CG set 628 / 2727    2847.5064 GFlop/s     (355.9383 GFlop/s per process)    23%    2885.5 sec left
CG set 629 / 2727    2848.2140 GFlop/s     (356.0268 GFlop/s per process)    23%    2884.6 sec left
CG set 630 / 2727    2849.2242 GFlop/s     (356.1530 GFlop/s per process)    23%    2883.7 sec left
CG set 631 / 2727    2850.0176 GFlop/s     (356.2522 GFlop/s per process)    23%    2882.7 sec left
CG set 632 / 2727    2851.0205 GFlop/s     (356.3776 GFlop/s per process)    23%    2881.9 sec left
CG set 633 / 2727    2852.0383 GFlop/s     (356.5048 GFlop/s per process)    23%    2881.0 sec left
CG set 634 / 2727    2852.5880 GFlop/s     (356.5735 GFlop/s per process)    23%    2880.0 sec left
CG set 635 / 2727    2853.4699 GFlop/s     (356.6837 GFlop/s per process)    23%    2879.1 sec left
CG set 636 / 2727    2854.3084 GFlop/s     (356.7886 GFlop/s per process)    23%    2878.2 sec left
CG set 637 / 2727    2855.2492 GFlop/s     (356.9061 GFlop/s per process)    23%    2877.3 sec left
CG set 638 / 2727    2856.1586 GFlop/s     (357.0198 GFlop/s per process)    23%    2876.4 sec left
CG set 639 / 2727    2857.2157 GFlop/s     (357.1520 GFlop/s per process)    23%    2875.5 sec left
CG set 640 / 2727    2858.0245 GFlop/s     (357.2531 GFlop/s per process)    23%    2874.6 sec left
CG set 641 / 2727    2858.8150 GFlop/s     (357.3519 GFlop/s per process)    23%    2873.7 sec left
CG set 642 / 2727    2859.7607 GFlop/s     (357.4701 GFlop/s per process)    23%    2872.8 sec left
CG set 643 / 2727    2860.5079 GFlop/s     (357.5635 GFlop/s per process)    23%    2871.8 sec left
CG set 644 / 2727    2861.4021 GFlop/s     (357.6753 GFlop/s per process)    23%    2870.9 sec left
CG set 645 / 2727    2862.3721 GFlop/s     (357.7965 GFlop/s per process)    23%    2870.0 sec left
CG set 646 / 2727    2863.2205 GFlop/s     (357.9026 GFlop/s per process)    23%    2869.1 sec left
CG set 647 / 2727    2864.0297 GFlop/s     (358.0037 GFlop/s per process)    23%    2868.2 sec left
CG set 648 / 2727    2865.1778 GFlop/s     (358.1472 GFlop/s per process)    23%    2867.4 sec left
CG set 649 / 2727    2865.6177 GFlop/s     (358.2022 GFlop/s per process)    23%    2866.4 sec left
CG set 650 / 2727    2866.7396 GFlop/s     (358.3425 GFlop/s per process)    23%    2865.5 sec left
CG set 651 / 2727    2867.4802 GFlop/s     (358.4350 GFlop/s per process)    23%    2864.6 sec left
CG set 652 / 2727    2868.2361 GFlop/s     (358.5295 GFlop/s per process)    23%    2863.6 sec left
CG set 653 / 2727    2869.2534 GFlop/s     (358.6567 GFlop/s per process)    23%    2862.8 sec left
CG set 654 / 2727    2869.9356 GFlop/s     (358.7419 GFlop/s per process)    23%    2861.8 sec left
CG set 655 / 2727    2870.6751 GFlop/s     (358.8344 GFlop/s per process)    24%    2860.9 sec left
CG set 656 / 2727    2871.5455 GFlop/s     (358.9432 GFlop/s per process)    24%    2860.0 sec left
CG set 657 / 2727    2872.4661 GFlop/s     (359.0583 GFlop/s per process)    24%    2859.1 sec left
CG set 658 / 2727    2873.3497 GFlop/s     (359.1687 GFlop/s per process)    24%    2858.2 sec left
CG set 659 / 2727    2874.4487 GFlop/s     (359.3061 GFlop/s per process)    24%    2857.4 sec left
CG set 660 / 2727    2875.4116 GFlop/s     (359.4264 GFlop/s per process)    24%    2856.5 sec left
CG set 661 / 2727    2875.9934 GFlop/s     (359.4992 GFlop/s per process)    24%    2855.5 sec left
CG set 662 / 2727    2876.9761 GFlop/s     (359.6220 GFlop/s per process)    24%    2854.7 sec left
CG set 663 / 2727    2877.8321 GFlop/s     (359.7290 GFlop/s per process)    24%    2853.8 sec left
CG set 664 / 2727    2878.7143 GFlop/s     (359.8393 GFlop/s per process)    24%    2852.9 sec left
CG set 665 / 2727    2879.4365 GFlop/s     (359.9296 GFlop/s per process)    24%    2851.9 sec left
CG set 666 / 2727    2880.2274 GFlop/s     (360.0284 GFlop/s per process)    24%    2851.0 sec left
CG set 667 / 2727    2880.9310 GFlop/s     (360.1164 GFlop/s per process)    24%    2850.1 sec left
CG set 668 / 2727    2881.7738 GFlop/s     (360.2217 GFlop/s per process)    24%    2849.2 sec left
CG set 669 / 2727    2882.5077 GFlop/s     (360.3135 GFlop/s per process)    24%    2848.2 sec left
CG set 670 / 2727    2883.3076 GFlop/s     (360.4134 GFlop/s per process)    24%    2847.3 sec left
CG set 671 / 2727    2884.2152 GFlop/s     (360.5269 GFlop/s per process)    24%    2846.4 sec left
CG set 672 / 2727    2884.9248 GFlop/s     (360.6156 GFlop/s per process)    24%    2845.5 sec left
CG set 673 / 2727    2885.6436 GFlop/s     (360.7055 GFlop/s per process)    24%    2844.6 sec left
CG set 674 / 2727    2886.6108 GFlop/s     (360.8264 GFlop/s per process)    24%    2843.7 sec left
CG set 675 / 2727    2887.2869 GFlop/s     (360.9109 GFlop/s per process)    24%    2842.8 sec left
CG set 676 / 2727    2888.2246 GFlop/s     (361.0281 GFlop/s per process)    24%    2841.9 sec left
CG set 677 / 2727    2889.2276 GFlop/s     (361.1534 GFlop/s per process)    24%    2841.0 sec left
CG set 678 / 2727    2889.8925 GFlop/s     (361.2366 GFlop/s per process)    24%    2840.1 sec left
CG set 679 / 2727    2890.5182 GFlop/s     (361.3148 GFlop/s per process)    24%    2839.1 sec left
CG set 680 / 2727    2891.6329 GFlop/s     (361.4541 GFlop/s per process)    24%    2838.3 sec left
CG set 681 / 2727    2892.0268 GFlop/s     (361.5033 GFlop/s per process)    24%    2837.3 sec left
CG set 682 / 2727    2893.0406 GFlop/s     (361.6301 GFlop/s per process)    25%    2836.5 sec left
CG set 683 / 2727    2893.5856 GFlop/s     (361.6982 GFlop/s per process)    25%    2835.5 sec left
CG set 684 / 2727    2894.1087 GFlop/s     (361.7636 GFlop/s per process)    25%    2834.5 sec left
CG set 685 / 2727    2894.7942 GFlop/s     (361.8493 GFlop/s per process)    25%    2833.6 sec left
CG set 686 / 2727    2895.0699 GFlop/s     (361.8837 GFlop/s per process)    25%    2832.5 sec left
CG set 687 / 2727    2895.8732 GFlop/s     (361.9842 GFlop/s per process)    25%    2831.6 sec left
CG set 688 / 2727    2896.2776 GFlop/s     (362.0347 GFlop/s per process)    25%    2830.6 sec left
CG set 689 / 2727    2896.9922 GFlop/s     (362.1240 GFlop/s per process)    25%    2829.7 sec left
CG set 690 / 2727    2897.3892 GFlop/s     (362.1737 GFlop/s per process)    25%    2828.7 sec left
CG set 691 / 2727    2897.7156 GFlop/s     (362.2145 GFlop/s per process)    25%    2827.6 sec left
CG set 692 / 2727    2898.5867 GFlop/s     (362.3233 GFlop/s per process)    25%    2826.8 sec left
CG set 693 / 2727    2899.0842 GFlop/s     (362.3855 GFlop/s per process)    25%    2825.8 sec left
CG set 694 / 2727    2899.8101 GFlop/s     (362.4763 GFlop/s per process)    25%    2824.9 sec left
CG set 695 / 2727    2900.1252 GFlop/s     (362.5157 GFlop/s per process)    25%    2823.8 sec left
CG set 696 / 2727    2901.1520 GFlop/s     (362.6440 GFlop/s per process)    25%    2823.0 sec left
CG set 697 / 2727    2901.7645 GFlop/s     (362.7206 GFlop/s per process)    25%    2822.0 sec left
CG set 698 / 2727    2902.2062 GFlop/s     (362.7758 GFlop/s per process)    25%    2821.0 sec left
CG set 699 / 2727    2902.7745 GFlop/s     (362.8468 GFlop/s per process)    25%    2820.1 sec left
CG set 700 / 2727    2903.3686 GFlop/s     (362.9211 GFlop/s per process)    25%    2819.1 sec left
CG set 701 / 2727    2903.8203 GFlop/s     (362.9775 GFlop/s per process)    25%    2818.1 sec left
CG set 702 / 2727    2904.2502 GFlop/s     (363.0313 GFlop/s per process)    25%    2817.1 sec left
CG set 703 / 2727    2904.6191 GFlop/s     (363.0774 GFlop/s per process)    25%    2816.1 sec left
CG set 704 / 2727    2905.3441 GFlop/s     (363.1680 GFlop/s per process)    25%    2815.2 sec left
CG set 705 / 2727    2905.7657 GFlop/s     (363.2207 GFlop/s per process)    25%    2814.2 sec left
CG set 706 / 2727    2906.4195 GFlop/s     (363.3024 GFlop/s per process)    25%    2813.3 sec left
CG set 707 / 2727    2907.1300 GFlop/s     (363.3912 GFlop/s per process)    25%    2812.4 sec left
CG set 708 / 2727    2907.4419 GFlop/s     (363.4302 GFlop/s per process)    25%    2811.3 sec left
CG set 709 / 2727    2908.1337 GFlop/s     (363.5167 GFlop/s per process)    25%    2810.4 sec left
CG set 710 / 2727    2908.7224 GFlop/s     (363.5903 GFlop/s per process)    26%    2809.5 sec left
CG set 711 / 2727    2909.7559 GFlop/s     (363.7195 GFlop/s per process)    26%    2808.6 sec left
CG set 712 / 2727    2910.3607 GFlop/s     (363.7951 GFlop/s per process)    26%    2807.7 sec left
CG set 713 / 2727    2910.7325 GFlop/s     (363.8416 GFlop/s per process)    26%    2806.7 sec left
CG set 714 / 2727    2911.6320 GFlop/s     (363.9540 GFlop/s per process)    26%    2805.8 sec left
CG set 715 / 2727    2912.0543 GFlop/s     (364.0068 GFlop/s per process)    26%    2804.8 sec left
CG set 716 / 2727    2912.8827 GFlop/s     (364.1103 GFlop/s per process)    26%    2803.9 sec left
CG set 717 / 2727    2913.3504 GFlop/s     (364.1688 GFlop/s per process)    26%    2802.9 sec left
CG set 718 / 2727    2914.2598 GFlop/s     (364.2825 GFlop/s per process)    26%    2802.1 sec left
CG set 719 / 2727    2914.7244 GFlop/s     (364.3405 GFlop/s per process)    26%    2801.1 sec left
CG set 720 / 2727    2915.5122 GFlop/s     (364.4390 GFlop/s per process)    26%    2800.2 sec left
CG set 721 / 2727    2915.8941 GFlop/s     (364.4868 GFlop/s per process)    26%    2799.2 sec left
CG set 722 / 2727    2916.6497 GFlop/s     (364.5812 GFlop/s per process)    26%    2798.3 sec left
CG set 723 / 2727    2917.0397 GFlop/s     (364.6300 GFlop/s per process)    26%    2797.3 sec left
CG set 724 / 2727    2917.4667 GFlop/s     (364.6833 GFlop/s per process)    26%    2796.3 sec left
CG set 725 / 2727    2917.7271 GFlop/s     (364.7159 GFlop/s per process)    26%    2795.3 sec left
CG set 726 / 2727    2918.3605 GFlop/s     (364.7951 GFlop/s per process)    26%    2794.3 sec left
CG set 727 / 2727    2918.5736 GFlop/s     (364.8217 GFlop/s per process)    26%    2793.3 sec left
CG set 728 / 2727    2918.6464 GFlop/s     (364.8308 GFlop/s per process)    26%    2792.2 sec left
CG set 729 / 2727    2918.9920 GFlop/s     (364.8740 GFlop/s per process)    26%    2791.2 sec left
CG set 730 / 2727    2919.1712 GFlop/s     (364.8964 GFlop/s per process)    26%    2790.1 sec left
CG set 731 / 2727    2919.6289 GFlop/s     (364.9536 GFlop/s per process)    26%    2789.2 sec left
CG set 732 / 2727    2919.8530 GFlop/s     (364.9816 GFlop/s per process)    26%    2788.1 sec left
CG set 733 / 2727    2918.8839 GFlop/s     (364.8605 GFlop/s per process)    26%    2786.7 sec left
CG set 734 / 2727    2918.3398 GFlop/s     (364.7925 GFlop/s per process)    26%    2785.5 sec left
CG set 735 / 2727    2916.6963 GFlop/s     (364.5870 GFlop/s per process)    26%    2783.9 sec left
CG set 736 / 2727    2915.8223 GFlop/s     (364.4778 GFlop/s per process)    26%    2782.5 sec left
CG set 737 / 2727    2914.1262 GFlop/s     (364.2658 GFlop/s per process)    27%    2780.9 sec left
CG set 738 / 2727    2912.3285 GFlop/s     (364.0411 GFlop/s per process)    27%    2779.3 sec left
CG set 739 / 2727    2910.4180 GFlop/s     (363.8023 GFlop/s per process)    27%    2777.6 sec left
CG set 740 / 2727    2908.2638 GFlop/s     (363.5330 GFlop/s per process)    27%    2775.9 sec left
CG set 741 / 2727    2907.6893 GFlop/s     (363.4612 GFlop/s per process)    27%    2774.6 sec left
CG set 742 / 2727    2906.5389 GFlop/s     (363.3174 GFlop/s per process)    27%    2773.2 sec left
CG set 743 / 2727    2906.0269 GFlop/s     (363.2534 GFlop/s per process)    27%    2771.9 sec left
CG set 744 / 2727    2904.3488 GFlop/s     (363.0436 GFlop/s per process)    27%    2770.3 sec left
CG set 745 / 2727    2904.0500 GFlop/s     (363.0063 GFlop/s per process)    27%    2769.1 sec left
CG set 746 / 2727    2903.9007 GFlop/s     (362.9876 GFlop/s per process)    27%    2768.0 sec left
CG set 747 / 2727    2904.6641 GFlop/s     (363.0830 GFlop/s per process)    27%    2767.1 sec left
CG set 748 / 2727    2904.8936 GFlop/s     (363.1117 GFlop/s per process)    27%    2766.0 sec left
CG set 749 / 2727    2905.6392 GFlop/s     (363.2049 GFlop/s per process)    27%    2765.1 sec left
CG set 750 / 2727    2905.9667 GFlop/s     (363.2458 GFlop/s per process)    27%    2764.1 sec left
CG set 751 / 2727    2906.4641 GFlop/s     (363.3080 GFlop/s per process)    27%    2763.1 sec left
CG set 752 / 2727    2906.8900 GFlop/s     (363.3613 GFlop/s per process)    27%    2762.2 sec left
CG set 753 / 2727    2907.3977 GFlop/s     (363.4247 GFlop/s per process)    27%    2761.2 sec left
CG set 754 / 2727    2907.7083 GFlop/s     (363.4635 GFlop/s per process)    27%    2760.2 sec left
CG set 755 / 2727    2907.8934 GFlop/s     (363.4867 GFlop/s per process)    27%    2759.1 sec left
CG set 756 / 2727    2908.5495 GFlop/s     (363.5687 GFlop/s per process)    27%    2758.2 sec left
CG set 757 / 2727    2908.6354 GFlop/s     (363.5794 GFlop/s per process)    27%    2757.1 sec left
CG set 758 / 2727    2909.4271 GFlop/s     (363.6784 GFlop/s per process)    27%    2756.2 sec left
CG set 759 / 2727    2909.5668 GFlop/s     (363.6959 GFlop/s per process)    27%    2755.1 sec left
CG set 760 / 2727    2910.1480 GFlop/s     (363.7685 GFlop/s per process)    27%    2754.2 sec left
CG set 761 / 2727    2910.4946 GFlop/s     (363.8118 GFlop/s per process)    27%    2753.2 sec left
CG set 762 / 2727    2911.0849 GFlop/s     (363.8856 GFlop/s per process)    27%    2752.3 sec left
CG set 763 / 2727    2911.4429 GFlop/s     (363.9304 GFlop/s per process)    27%    2751.2 sec left
CG set 764 / 2727    2911.8250 GFlop/s     (363.9781 GFlop/s per process)    28%    2750.2 sec left
CG set 765 / 2727    2912.2151 GFlop/s     (364.0269 GFlop/s per process)    28%    2749.2 sec left
CG set 766 / 2727    2912.6902 GFlop/s     (364.0863 GFlop/s per process)    28%    2748.3 sec left
CG set 767 / 2727    2913.2410 GFlop/s     (364.1551 GFlop/s per process)    28%    2747.3 sec left
CG set 768 / 2727    2913.7480 GFlop/s     (364.2185 GFlop/s per process)    28%    2746.4 sec left
CG set 769 / 2727    2914.2678 GFlop/s     (364.2835 GFlop/s per process)    28%    2745.4 sec left
CG set 770 / 2727    2914.6045 GFlop/s     (364.3256 GFlop/s per process)    28%    2744.4 sec left
CG set 771 / 2727    2915.3738 GFlop/s     (364.4217 GFlop/s per process)    28%    2743.5 sec left
CG set 772 / 2727    2915.5365 GFlop/s     (364.4421 GFlop/s per process)    28%    2742.5 sec left
CG set 773 / 2727    2915.9327 GFlop/s     (364.4916 GFlop/s per process)    28%    2741.5 sec left
CG set 774 / 2727    2916.2317 GFlop/s     (364.5290 GFlop/s per process)    28%    2740.4 sec left
CG set 775 / 2727    2916.3566 GFlop/s     (364.5446 GFlop/s per process)    28%    2739.4 sec left
CG set 776 / 2727    2916.9158 GFlop/s     (364.6145 GFlop/s per process)    28%    2738.4 sec left
CG set 777 / 2727    2917.3488 GFlop/s     (364.6686 GFlop/s per process)    28%    2737.4 sec left
CG set 778 / 2727    2917.5284 GFlop/s     (364.6910 GFlop/s per process)    28%    2736.4 sec left
CG set 779 / 2727    2918.0570 GFlop/s     (364.7571 GFlop/s per process)    28%    2735.4 sec left
CG set 780 / 2727    2918.2068 GFlop/s     (364.7759 GFlop/s per process)    28%    2734.4 sec left
CG set 781 / 2727    2918.6035 GFlop/s     (364.8254 GFlop/s per process)    28%    2733.4 sec left
CG set 782 / 2727    2919.0610 GFlop/s     (364.8826 GFlop/s per process)    28%    2732.4 sec left
CG set 783 / 2727    2918.5319 GFlop/s     (364.8165 GFlop/s per process)    28%    2731.1 sec left
CG set 784 / 2727    2919.0549 GFlop/s     (364.8819 GFlop/s per process)    28%    2730.2 sec left
CG set 785 / 2727    2919.4662 GFlop/s     (364.9333 GFlop/s per process)    28%    2729.2 sec left
CG set 786 / 2727    2919.8617 GFlop/s     (364.9827 GFlop/s per process)    28%    2728.2 sec left
CG set 787 / 2727    2920.1172 GFlop/s     (365.0147 GFlop/s per process)    28%    2727.2 sec left
CG set 788 / 2727    2920.8195 GFlop/s     (365.1024 GFlop/s per process)    28%    2726.3 sec left
CG set 789 / 2727    2921.2060 GFlop/s     (365.1507 GFlop/s per process)    28%    2725.3 sec left
CG set 790 / 2727    2921.5104 GFlop/s     (365.1888 GFlop/s per process)    28%    2724.3 sec left
CG set 791 / 2727    2922.0896 GFlop/s     (365.2612 GFlop/s per process)    29%    2723.3 sec left
CG set 792 / 2727    2922.4448 GFlop/s     (365.3056 GFlop/s per process)    29%    2722.3 sec left
CG set 793 / 2727    2922.8928 GFlop/s     (365.3616 GFlop/s per process)    29%    2721.4 sec left
CG set 794 / 2727    2923.6070 GFlop/s     (365.4509 GFlop/s per process)    29%    2720.5 sec left
CG set 795 / 2727    2923.8643 GFlop/s     (365.4830 GFlop/s per process)    29%    2719.5 sec left
CG set 796 / 2727    2924.5804 GFlop/s     (365.5726 GFlop/s per process)    29%    2718.6 sec left
CG set 797 / 2727    2925.0061 GFlop/s     (365.6258 GFlop/s per process)    29%    2717.6 sec left
CG set 798 / 2727    2925.5966 GFlop/s     (365.6996 GFlop/s per process)    29%    2716.7 sec left
CG set 799 / 2727    2925.8905 GFlop/s     (365.7363 GFlop/s per process)    29%    2715.6 sec left
CG set 800 / 2727    2926.3743 GFlop/s     (365.7968 GFlop/s per process)    29%    2714.7 sec left
CG set 801 / 2727    2926.6170 GFlop/s     (365.8271 GFlop/s per process)    29%    2713.7 sec left
CG set 802 / 2727    2927.1879 GFlop/s     (365.8985 GFlop/s per process)    29%    2712.7 sec left
CG set 803 / 2727    2927.5629 GFlop/s     (365.9454 GFlop/s per process)    29%    2711.7 sec left
CG set 804 / 2727    2928.1839 GFlop/s     (366.0230 GFlop/s per process)    29%    2710.8 sec left
CG set 805 / 2727    2928.6138 GFlop/s     (366.0767 GFlop/s per process)    29%    2709.8 sec left
CG set 806 / 2727    2928.9380 GFlop/s     (366.1172 GFlop/s per process)    29%    2708.8 sec left
CG set 807 / 2727    2929.4244 GFlop/s     (366.1780 GFlop/s per process)    29%    2707.9 sec left
CG set 808 / 2727    2929.8877 GFlop/s     (366.2360 GFlop/s per process)    29%    2706.9 sec left
CG set 809 / 2727    2930.2408 GFlop/s     (366.2801 GFlop/s per process)    29%    2705.9 sec left
CG set 810 / 2727    2930.8682 GFlop/s     (366.3585 GFlop/s per process)    29%    2705.0 sec left
CG set 811 / 2727    2931.2218 GFlop/s     (366.4027 GFlop/s per process)    29%    2704.0 sec left
CG set 812 / 2727    2931.4894 GFlop/s     (366.4362 GFlop/s per process)    29%    2703.0 sec left
CG set 813 / 2727    2931.9153 GFlop/s     (366.4894 GFlop/s per process)    29%    2702.0 sec left
CG set 814 / 2727    2932.5349 GFlop/s     (366.5669 GFlop/s per process)    29%    2701.1 sec left
CG set 815 / 2727    2932.8353 GFlop/s     (366.6044 GFlop/s per process)    29%    2700.1 sec left
CG set 816 / 2727    2933.2655 GFlop/s     (366.6582 GFlop/s per process)    29%    2699.1 sec left
CG set 817 / 2727    2933.7333 GFlop/s     (366.7167 GFlop/s per process)    29%    2698.2 sec left
CG set 818 / 2727    2934.0677 GFlop/s     (366.7585 GFlop/s per process)    29%    2697.2 sec left
CG set 819 / 2727    2934.4984 GFlop/s     (366.8123 GFlop/s per process)    30%    2696.2 sec left
CG set 820 / 2727    2933.4628 GFlop/s     (366.6829 GFlop/s per process)    30%    2694.8 sec left
CG set 821 / 2727    2933.4717 GFlop/s     (366.6840 GFlop/s per process)    30%    2693.7 sec left
CG set 822 / 2727    2932.4649 GFlop/s     (366.5581 GFlop/s per process)    30%    2692.3 sec left
CG set 823 / 2727    2932.4191 GFlop/s     (366.5524 GFlop/s per process)    30%    2691.1 sec left
CG set 824 / 2727    2931.3647 GFlop/s     (366.4206 GFlop/s per process)    30%    2689.7 sec left
CG set 825 / 2727    2930.4287 GFlop/s     (366.3036 GFlop/s per process)    30%    2688.3 sec left
CG set 826 / 2727    2930.1975 GFlop/s     (366.2747 GFlop/s per process)    30%    2687.1 sec left
CG set 827 / 2727    2929.6004 GFlop/s     (366.2000 GFlop/s per process)    30%    2685.8 sec left
CG set 828 / 2727    2928.7104 GFlop/s     (366.0888 GFlop/s per process)    30%    2684.4 sec left
CG set 829 / 2727    2928.0918 GFlop/s     (366.0115 GFlop/s per process)    30%    2683.1 sec left
CG set 830 / 2727    2928.5145 GFlop/s     (366.0643 GFlop/s per process)    30%    2682.2 sec left
CG set 831 / 2727    2928.4199 GFlop/s     (366.0525 GFlop/s per process)    30%    2681.0 sec left
CG set 832 / 2727    2928.9547 GFlop/s     (366.1193 GFlop/s per process)    30%    2680.1 sec left
CG set 833 / 2727    2929.0091 GFlop/s     (366.1261 GFlop/s per process)    30%    2679.0 sec left
CG set 834 / 2727    2929.5556 GFlop/s     (366.1945 GFlop/s per process)    30%    2678.1 sec left
CG set 835 / 2727    2929.9259 GFlop/s     (366.2407 GFlop/s per process)    30%    2677.1 sec left
CG set 836 / 2727    2930.2211 GFlop/s     (366.2776 GFlop/s per process)    30%    2676.1 sec left
CG set 837 / 2727    2930.5516 GFlop/s     (366.3190 GFlop/s per process)    30%    2675.1 sec left
CG set 838 / 2727    2931.0426 GFlop/s     (366.3803 GFlop/s per process)    30%    2674.1 sec left
CG set 839 / 2727    2931.1654 GFlop/s     (366.3957 GFlop/s per process)    30%    2673.1 sec left
CG set 840 / 2727    2931.5772 GFlop/s     (366.4471 GFlop/s per process)    30%    2672.1 sec left
CG set 841 / 2727    2932.2845 GFlop/s     (366.5356 GFlop/s per process)    30%    2671.2 sec left
CG set 842 / 2727    2932.7379 GFlop/s     (366.5922 GFlop/s per process)    30%    2670.3 sec left
CG set 843 / 2727    2933.0181 GFlop/s     (366.6273 GFlop/s per process)    30%    2669.2 sec left
CG set 844 / 2727    2933.4321 GFlop/s     (366.6790 GFlop/s per process)    30%    2668.3 sec left
CG set 845 / 2727    2933.7472 GFlop/s     (366.7184 GFlop/s per process)    30%    2667.3 sec left
CG set 846 / 2727    2933.9737 GFlop/s     (366.7467 GFlop/s per process)    31%    2666.2 sec left
CG set 847 / 2727    2934.5626 GFlop/s     (366.8203 GFlop/s per process)    31%    2665.3 sec left
CG set 848 / 2727    2934.9754 GFlop/s     (366.8719 GFlop/s per process)    31%    2664.4 sec left
CG set 849 / 2727    2934.9554 GFlop/s     (366.8694 GFlop/s per process)    31%    2663.2 sec left
CG set 850 / 2727    2935.4482 GFlop/s     (366.9310 GFlop/s per process)    31%    2662.3 sec left
CG set 851 / 2727    2935.6902 GFlop/s     (366.9613 GFlop/s per process)    31%    2661.3 sec left
CG set 852 / 2727    2936.0443 GFlop/s     (367.0055 GFlop/s per process)    31%    2660.3 sec left
CG set 853 / 2727    2936.6365 GFlop/s     (367.0796 GFlop/s per process)    31%    2659.4 sec left
CG set 854 / 2727    2936.8364 GFlop/s     (367.1046 GFlop/s per process)    31%    2658.3 sec left
CG set 855 / 2727    2937.3554 GFlop/s     (367.1694 GFlop/s per process)    31%    2657.4 sec left
CG set 856 / 2727    2935.7401 GFlop/s     (366.9675 GFlop/s per process)    31%    2655.8 sec left
CG set 857 / 2727    2934.7275 GFlop/s     (366.8409 GFlop/s per process)    31%    2654.3 sec left
CG set 858 / 2727    2934.0494 GFlop/s     (366.7562 GFlop/s per process)    31%    2653.0 sec left
CG set 859 / 2727    2933.5050 GFlop/s     (366.6881 GFlop/s per process)    31%    2651.7 sec left
CG set 860 / 2727    2932.6557 GFlop/s     (366.5820 GFlop/s per process)    31%    2650.4 sec left
CG set 861 / 2727    2933.2125 GFlop/s     (366.6516 GFlop/s per process)    31%    2649.4 sec left
CG set 862 / 2727    2933.7545 GFlop/s     (366.7193 GFlop/s per process)    31%    2648.5 sec left
CG set 863 / 2727    2933.9479 GFlop/s     (366.7435 GFlop/s per process)    31%    2647.5 sec left
CG set 864 / 2727    2934.4462 GFlop/s     (366.8058 GFlop/s per process)    31%    2646.5 sec left
CG set 865 / 2727    2934.7266 GFlop/s     (366.8408 GFlop/s per process)    31%    2645.5 sec left
CG set 866 / 2727    2935.0918 GFlop/s     (366.8865 GFlop/s per process)    31%    2644.5 sec left
CG set 867 / 2727    2935.4707 GFlop/s     (366.9338 GFlop/s per process)    31%    2643.6 sec left
CG set 868 / 2727    2935.8747 GFlop/s     (366.9843 GFlop/s per process)    31%    2642.6 sec left
CG set 869 / 2727    2936.4242 GFlop/s     (367.0530 GFlop/s per process)    31%    2641.7 sec left
CG set 870 / 2727    2936.5805 GFlop/s     (367.0726 GFlop/s per process)    31%    2640.6 sec left
CG set 871 / 2727    2936.9967 GFlop/s     (367.1246 GFlop/s per process)    31%    2639.6 sec left
CG set 872 / 2727    2937.3351 GFlop/s     (367.1669 GFlop/s per process)    31%    2638.7 sec left
CG set 873 / 2727    2937.0355 GFlop/s     (367.1294 GFlop/s per process)    32%    2637.5 sec left
CG set 874 / 2727    2937.2471 GFlop/s     (367.1559 GFlop/s per process)    32%    2636.4 sec left
CG set 875 / 2727    2937.6394 GFlop/s     (367.2049 GFlop/s per process)    32%    2635.5 sec left
CG set 876 / 2727    2937.8615 GFlop/s     (367.2327 GFlop/s per process)    32%    2634.4 sec left
CG set 877 / 2727    2938.3025 GFlop/s     (367.2878 GFlop/s per process)    32%    2633.5 sec left
CG set 878 / 2727    2938.5485 GFlop/s     (367.3186 GFlop/s per process)    32%    2632.4 sec left
CG set 879 / 2727    2938.7757 GFlop/s     (367.3470 GFlop/s per process)    32%    2631.4 sec left
CG set 880 / 2727    2939.4757 GFlop/s     (367.4345 GFlop/s per process)    32%    2630.6 sec left
CG set 881 / 2727    2939.8589 GFlop/s     (367.4824 GFlop/s per process)    32%    2629.6 sec left
CG set 882 / 2727    2940.3536 GFlop/s     (367.5442 GFlop/s per process)    32%    2628.6 sec left
CG set 883 / 2727    2940.6201 GFlop/s     (367.5775 GFlop/s per process)    32%    2627.6 sec left
CG set 884 / 2727    2940.8400 GFlop/s     (367.6050 GFlop/s per process)    32%    2626.6 sec left
CG set 885 / 2727    2940.5425 GFlop/s     (367.5678 GFlop/s per process)    32%    2625.4 sec left
CG set 886 / 2727    2939.9831 GFlop/s     (367.4979 GFlop/s per process)    32%    2624.1 sec left
CG set 887 / 2727    2938.1934 GFlop/s     (367.2742 GFlop/s per process)    32%    2622.4 sec left
CG set 888 / 2727    2937.6381 GFlop/s     (367.2048 GFlop/s per process)    32%    2621.1 sec left
CG set 889 / 2727    2937.3185 GFlop/s     (367.1648 GFlop/s per process)    32%    2619.9 sec left
CG set 890 / 2727    2936.2932 GFlop/s     (367.0366 GFlop/s per process)    32%    2618.5 sec left
CG set 891 / 2727    2935.5804 GFlop/s     (366.9476 GFlop/s per process)    32%    2617.1 sec left
CG set 892 / 2727    2934.7201 GFlop/s     (366.8400 GFlop/s per process)    32%    2615.7 sec left
CG set 893 / 2727    2933.4659 GFlop/s     (366.6832 GFlop/s per process)    32%    2614.2 sec left
CG set 894 / 2727    2933.3252 GFlop/s     (366.6656 GFlop/s per process)    32%    2613.0 sec left
CG set 895 / 2727    2933.7676 GFlop/s     (366.7209 GFlop/s per process)    32%    2612.1 sec left
CG set 896 / 2727    2933.9643 GFlop/s     (366.7455 GFlop/s per process)    32%    2611.1 sec left
CG set 897 / 2727    2934.4485 GFlop/s     (366.8061 GFlop/s per process)    32%    2610.1 sec left
CG set 898 / 2727    2934.7073 GFlop/s     (366.8384 GFlop/s per process)    32%    2609.1 sec left
CG set 899 / 2727    2935.0727 GFlop/s     (366.8841 GFlop/s per process)    32%    2608.1 sec left
CG set 900 / 2727    2935.4847 GFlop/s     (366.9356 GFlop/s per process)    33%    2607.2 sec left
CG set 901 / 2727    2935.4359 GFlop/s     (366.9295 GFlop/s per process)    33%    2606.0 sec left
CG set 902 / 2727    2934.2870 GFlop/s     (366.7859 GFlop/s per process)    33%    2604.5 sec left
CG set 903 / 2727    2933.5318 GFlop/s     (366.6915 GFlop/s per process)    33%    2603.2 sec left
CG set 904 / 2727    2932.5932 GFlop/s     (366.5742 GFlop/s per process)    33%    2601.7 sec left
CG set 905 / 2727    2932.2095 GFlop/s     (366.5262 GFlop/s per process)    33%    2600.5 sec left
CG set 906 / 2727    2930.9227 GFlop/s     (366.3653 GFlop/s per process)    33%    2599.0 sec left
CG set 907 / 2727    2930.0306 GFlop/s     (366.2538 GFlop/s per process)    33%    2597.5 sec left
CG set 908 / 2727    2930.5236 GFlop/s     (366.3154 GFlop/s per process)    33%    2596.6 sec left
CG set 909 / 2727    2931.0341 GFlop/s     (366.3793 GFlop/s per process)    33%    2595.7 sec left
CG set 910 / 2727    2931.3157 GFlop/s     (366.4145 GFlop/s per process)    33%    2594.7 sec left
CG set 911 / 2727    2931.7380 GFlop/s     (366.4672 GFlop/s per process)    33%    2593.7 sec left
CG set 912 / 2727    2932.2341 GFlop/s     (366.5293 GFlop/s per process)    33%    2592.8 sec left
CG set 913 / 2727    2932.4255 GFlop/s     (366.5532 GFlop/s per process)    33%    2591.8 sec left
CG set 914 / 2727    2932.8347 GFlop/s     (366.6043 GFlop/s per process)    33%    2590.8 sec left
CG set 915 / 2727    2933.2492 GFlop/s     (366.6561 GFlop/s per process)    33%    2589.8 sec left
CG set 916 / 2727    2933.6454 GFlop/s     (366.7057 GFlop/s per process)    33%    2588.9 sec left
CG set 917 / 2727    2934.1886 GFlop/s     (366.7736 GFlop/s per process)    33%    2588.0 sec left
CG set 918 / 2727    2934.6093 GFlop/s     (366.8262 GFlop/s per process)    33%    2587.0 sec left
CG set 919 / 2727    2935.0468 GFlop/s     (366.8809 GFlop/s per process)    33%    2586.0 sec left
CG set 920 / 2727    2935.6453 GFlop/s     (366.9557 GFlop/s per process)    33%    2585.1 sec left
CG set 921 / 2727    2935.9854 GFlop/s     (366.9982 GFlop/s per process)    33%    2584.2 sec left
CG set 922 / 2727    2936.5666 GFlop/s     (367.0708 GFlop/s per process)    33%    2583.3 sec left
CG set 923 / 2727    2937.0579 GFlop/s     (367.1322 GFlop/s per process)    33%    2582.3 sec left
CG set 924 / 2727    2937.2866 GFlop/s     (367.1608 GFlop/s per process)    33%    2581.3 sec left
CG set 925 / 2727    2937.8116 GFlop/s     (367.2264 GFlop/s per process)    33%    2580.4 sec left
CG set 926 / 2727    2938.2988 GFlop/s     (367.2873 GFlop/s per process)    33%    2579.5 sec left
CG set 927 / 2727    2938.5865 GFlop/s     (367.3233 GFlop/s per process)    33%    2578.5 sec left
CG set 928 / 2727    2939.1350 GFlop/s     (367.3919 GFlop/s per process)    34%    2577.6 sec left
CG set 929 / 2727    2939.3150 GFlop/s     (367.4144 GFlop/s per process)    34%    2576.5 sec left
CG set 930 / 2727    2939.9306 GFlop/s     (367.4913 GFlop/s per process)    34%    2575.6 sec left
CG set 931 / 2727    2940.1674 GFlop/s     (367.5209 GFlop/s per process)    34%    2574.6 sec left
CG set 932 / 2727    2940.7704 GFlop/s     (367.5963 GFlop/s per process)    34%    2573.7 sec left
CG set 933 / 2727    2941.2878 GFlop/s     (367.6610 GFlop/s per process)    34%    2572.8 sec left
CG set 934 / 2727    2941.5558 GFlop/s     (367.6945 GFlop/s per process)    34%    2571.8 sec left
CG set 935 / 2727    2942.1270 GFlop/s     (367.7659 GFlop/s per process)    34%    2570.9 sec left
CG set 936 / 2727    2942.5906 GFlop/s     (367.8238 GFlop/s per process)    34%    2570.0 sec left
CG set 937 / 2727    2942.7625 GFlop/s     (367.8453 GFlop/s per process)    34%    2568.9 sec left
CG set 938 / 2727    2943.4810 GFlop/s     (367.9351 GFlop/s per process)    34%    2568.1 sec left
CG set 939 / 2727    2943.7734 GFlop/s     (367.9717 GFlop/s per process)    34%    2567.1 sec left
CG set 940 / 2727    2944.2168 GFlop/s     (368.0271 GFlop/s per process)    34%    2566.1 sec left
CG set 941 / 2727    2944.6148 GFlop/s     (368.0768 GFlop/s per process)    34%    2565.2 sec left
CG set 942 / 2727    2945.1291 GFlop/s     (368.1411 GFlop/s per process)    34%    2564.3 sec left
CG set 943 / 2727    2945.4755 GFlop/s     (368.1844 GFlop/s per process)    34%    2563.3 sec left
CG set 944 / 2727    2945.9121 GFlop/s     (368.2390 GFlop/s per process)    34%    2562.4 sec left
CG set 945 / 2727    2946.2635 GFlop/s     (368.2829 GFlop/s per process)    34%    2561.4 sec left
CG set 946 / 2727    2946.9162 GFlop/s     (368.3645 GFlop/s per process)    34%    2560.5 sec left
CG set 947 / 2727    2947.3868 GFlop/s     (368.4234 GFlop/s per process)    34%    2559.6 sec left
CG set 948 / 2727    2947.7567 GFlop/s     (368.4696 GFlop/s per process)    34%    2558.6 sec left
CG set 949 / 2727    2948.2581 GFlop/s     (368.5323 GFlop/s per process)    34%    2557.7 sec left
CG set 950 / 2727    2948.4783 GFlop/s     (368.5598 GFlop/s per process)    34%    2556.7 sec left
CG set 951 / 2727    2949.0411 GFlop/s     (368.6301 GFlop/s per process)    34%    2555.8 sec left
CG set 952 / 2727    2949.2663 GFlop/s     (368.6583 GFlop/s per process)    34%    2554.8 sec left
CG set 953 / 2727    2949.8834 GFlop/s     (368.7354 GFlop/s per process)    34%    2553.9 sec left
CG set 954 / 2727    2950.1320 GFlop/s     (368.7665 GFlop/s per process)    34%    2552.9 sec left
CG set 955 / 2727    2950.5062 GFlop/s     (368.8133 GFlop/s per process)    35%    2551.9 sec left
CG set 956 / 2727    2951.0137 GFlop/s     (368.8767 GFlop/s per process)    35%    2551.0 sec left
CG set 957 / 2727    2951.1499 GFlop/s     (368.8937 GFlop/s per process)    35%    2550.0 sec left
CG set 958 / 2727    2951.4089 GFlop/s     (368.9261 GFlop/s per process)    35%    2549.0 sec left
CG set 959 / 2727    2951.8745 GFlop/s     (368.9843 GFlop/s per process)    35%    2548.0 sec left
CG set 960 / 2727    2952.2915 GFlop/s     (369.0364 GFlop/s per process)    35%    2547.1 sec left
CG set 961 / 2727    2952.8251 GFlop/s     (369.1031 GFlop/s per process)    35%    2546.2 sec left
CG set 962 / 2727    2953.1300 GFlop/s     (369.1413 GFlop/s per process)    35%    2545.2 sec left
CG set 963 / 2727    2953.4154 GFlop/s     (369.1769 GFlop/s per process)    35%    2544.2 sec left
CG set 964 / 2727    2953.8867 GFlop/s     (369.2358 GFlop/s per process)    35%    2543.3 sec left
CG set 965 / 2727    2954.2181 GFlop/s     (369.2773 GFlop/s per process)    35%    2542.3 sec left
CG set 966 / 2727    2954.8456 GFlop/s     (369.3557 GFlop/s per process)    35%    2541.4 sec left
CG set 967 / 2727    2955.0739 GFlop/s     (369.3842 GFlop/s per process)    35%    2540.4 sec left
CG set 968 / 2727    2955.7425 GFlop/s     (369.4678 GFlop/s per process)    35%    2539.6 sec left
CG set 969 / 2727    2956.3317 GFlop/s     (369.5415 GFlop/s per process)    35%    2538.7 sec left
CG set 970 / 2727    2956.7270 GFlop/s     (369.5909 GFlop/s per process)    35%    2537.7 sec left
CG set 971 / 2727    2957.1444 GFlop/s     (369.6430 GFlop/s per process)    35%    2536.8 sec left
CG set 972 / 2727    2957.5348 GFlop/s     (369.6919 GFlop/s per process)    35%    2535.8 sec left
CG set 973 / 2727    2958.0011 GFlop/s     (369.7501 GFlop/s per process)    35%    2534.9 sec left
CG set 974 / 2727    2958.4146 GFlop/s     (369.8018 GFlop/s per process)    35%    2534.0 sec left
CG set 975 / 2727    2958.8865 GFlop/s     (369.8608 GFlop/s per process)    35%    2533.0 sec left
CG set 976 / 2727    2959.4622 GFlop/s     (369.9328 GFlop/s per process)    35%    2532.2 sec left
CG set 977 / 2727    2959.7235 GFlop/s     (369.9654 GFlop/s per process)    35%    2531.2 sec left
CG set 978 / 2727    2960.3710 GFlop/s     (370.0464 GFlop/s per process)    35%    2530.3 sec left
CG set 979 / 2727    2960.9550 GFlop/s     (370.1194 GFlop/s per process)    35%    2529.4 sec left
CG set 980 / 2727    2961.1353 GFlop/s     (370.1419 GFlop/s per process)    35%    2528.4 sec left
CG set 981 / 2727    2961.7492 GFlop/s     (370.2186 GFlop/s per process)    35%    2527.5 sec left
CG set 982 / 2727    2962.1838 GFlop/s     (370.2730 GFlop/s per process)    36%    2526.6 sec left
CG set 983 / 2727    2962.4965 GFlop/s     (370.3121 GFlop/s per process)    36%    2525.6 sec left
CG set 984 / 2727    2963.0897 GFlop/s     (370.3862 GFlop/s per process)    36%    2524.7 sec left
CG set 985 / 2727    2963.3305 GFlop/s     (370.4163 GFlop/s per process)    36%    2523.7 sec left
CG set 986 / 2727    2963.7230 GFlop/s     (370.4654 GFlop/s per process)    36%    2522.8 sec left
CG set 987 / 2727    2964.2652 GFlop/s     (370.5331 GFlop/s per process)    36%    2521.9 sec left
CG set 988 / 2727    2964.7102 GFlop/s     (370.5888 GFlop/s per process)    36%    2521.0 sec left
CG set 989 / 2727    2965.1568 GFlop/s     (370.6446 GFlop/s per process)    36%    2520.0 sec left
CG set 990 / 2727    2965.4903 GFlop/s     (370.6863 GFlop/s per process)    36%    2519.1 sec left
CG set 991 / 2727    2965.9212 GFlop/s     (370.7401 GFlop/s per process)    36%    2518.1 sec left
CG set 992 / 2727    2966.2752 GFlop/s     (370.7844 GFlop/s per process)    36%    2517.2 sec left
CG set 993 / 2727    2966.5886 GFlop/s     (370.8236 GFlop/s per process)    36%    2516.2 sec left
CG set 994 / 2727    2967.1111 GFlop/s     (370.8889 GFlop/s per process)    36%    2515.3 sec left
CG set 995 / 2727    2967.4252 GFlop/s     (370.9281 GFlop/s per process)    36%    2514.3 sec left
CG set 996 / 2727    2967.8072 GFlop/s     (370.9759 GFlop/s per process)    36%    2513.4 sec left
CG set 997 / 2727    2968.2937 GFlop/s     (371.0367 GFlop/s per process)    36%    2512.5 sec left
CG set 998 / 2727    2968.7046 GFlop/s     (371.0881 GFlop/s per process)    36%    2511.5 sec left
CG set 999 / 2727    2969.1063 GFlop/s     (371.1383 GFlop/s per process)    36%    2510.6 sec left
CG set 1000 / 2727    2969.7070 GFlop/s     (371.2134 GFlop/s per process)    36%    2509.7 sec left
CG set 1001 / 2727    2969.7588 GFlop/s     (371.2199 GFlop/s per process)    36%    2508.7 sec left
CG set 1002 / 2727    2970.3345 GFlop/s     (371.2918 GFlop/s per process)    36%    2507.8 sec left
CG set 1003 / 2727    2970.6310 GFlop/s     (371.3289 GFlop/s per process)    36%    2506.8 sec left
CG set 1004 / 2727    2970.9644 GFlop/s     (371.3706 GFlop/s per process)    36%    2505.8 sec left
CG set 1005 / 2727    2971.5526 GFlop/s     (371.4441 GFlop/s per process)    36%    2505.0 sec left
CG set 1006 / 2727    2971.9182 GFlop/s     (371.4898 GFlop/s per process)    36%    2504.0 sec left
CG set 1007 / 2727    2972.4081 GFlop/s     (371.5510 GFlop/s per process)    36%    2503.1 sec left
CG set 1008 / 2727    2972.8523 GFlop/s     (371.6065 GFlop/s per process)    36%    2502.2 sec left
CG set 1009 / 2727    2973.0681 GFlop/s     (371.6335 GFlop/s per process)    37%    2501.2 sec left
CG set 1010 / 2727    2973.5784 GFlop/s     (371.6973 GFlop/s per process)    37%    2500.3 sec left
CG set 1011 / 2727    2973.8484 GFlop/s     (371.7310 GFlop/s per process)    37%    2499.3 sec left
CG set 1012 / 2727    2974.2415 GFlop/s     (371.7802 GFlop/s per process)    37%    2498.3 sec left
CG set 1013 / 2727    2974.7799 GFlop/s     (371.8475 GFlop/s per process)    37%    2497.5 sec left
CG set 1014 / 2727    2975.1154 GFlop/s     (371.8894 GFlop/s per process)    37%    2496.5 sec left
CG set 1015 / 2727    2975.5009 GFlop/s     (371.9376 GFlop/s per process)    37%    2495.6 sec left
CG set 1016 / 2727    2975.8868 GFlop/s     (371.9858 GFlop/s per process)    37%    2494.6 sec left
CG set 1017 / 2727    2976.0921 GFlop/s     (372.0115 GFlop/s per process)    37%    2493.6 sec left
CG set 1018 / 2727    2976.6872 GFlop/s     (372.0859 GFlop/s per process)    37%    2492.7 sec left
CG set 1019 / 2727    2977.1219 GFlop/s     (372.1402 GFlop/s per process)    37%    2491.8 sec left
CG set 1020 / 2727    2977.5910 GFlop/s     (372.1989 GFlop/s per process)    37%    2490.9 sec left
CG set 1021 / 2727    2977.9283 GFlop/s     (372.2410 GFlop/s per process)    37%    2489.9 sec left
CG set 1022 / 2727    2978.4046 GFlop/s     (372.3006 GFlop/s per process)    37%    2489.0 sec left
CG set 1023 / 2727    2978.9199 GFlop/s     (372.3650 GFlop/s per process)    37%    2488.1 sec left
CG set 1024 / 2727    2979.3331 GFlop/s     (372.4166 GFlop/s per process)    37%    2487.2 sec left
CG set 1025 / 2727    2979.6808 GFlop/s     (372.4601 GFlop/s per process)    37%    2486.3 sec left
CG set 1026 / 2727    2980.0026 GFlop/s     (372.5003 GFlop/s per process)    37%    2485.3 sec left
CG set 1027 / 2727    2980.5473 GFlop/s     (372.5684 GFlop/s per process)    37%    2484.4 sec left
CG set 1028 / 2727    2980.8721 GFlop/s     (372.6090 GFlop/s per process)    37%    2483.5 sec left
CG set 1029 / 2727    2981.2770 GFlop/s     (372.6596 GFlop/s per process)    37%    2482.5 sec left
CG set 1030 / 2727    2981.9113 GFlop/s     (372.7389 GFlop/s per process)    37%    2481.7 sec left
CG set 1031 / 2727    2982.3312 GFlop/s     (372.7914 GFlop/s per process)    37%    2480.8 sec left
CG set 1032 / 2727    2982.5655 GFlop/s     (372.8207 GFlop/s per process)    37%    2479.8 sec left
CG set 1033 / 2727    2983.1650 GFlop/s     (372.8956 GFlop/s per process)    37%    2478.9 sec left
CG set 1034 / 2727    2983.5849 GFlop/s     (372.9481 GFlop/s per process)    37%    2478.0 sec left
CG set 1035 / 2727    2984.0626 GFlop/s     (373.0078 GFlop/s per process)    37%    2477.1 sec left
CG set 1036 / 2727    2984.4150 GFlop/s     (373.0519 GFlop/s per process)    37%    2476.1 sec left
CG set 1037 / 2727    2984.8128 GFlop/s     (373.1016 GFlop/s per process)    38%    2475.2 sec left
CG set 1038 / 2727    2985.2933 GFlop/s     (373.1617 GFlop/s per process)    38%    2474.3 sec left
CG set 1039 / 2727    2985.8047 GFlop/s     (373.2256 GFlop/s per process)    38%    2473.4 sec left
CG set 1040 / 2727    2986.1469 GFlop/s     (373.2684 GFlop/s per process)    38%    2472.4 sec left
CG set 1041 / 2727    2986.6933 GFlop/s     (373.3367 GFlop/s per process)    38%    2471.6 sec left
CG set 1042 / 2727    2986.9831 GFlop/s     (373.3729 GFlop/s per process)    38%    2470.6 sec left
CG set 1043 / 2727    2987.3530 GFlop/s     (373.4191 GFlop/s per process)    38%    2469.7 sec left
CG set 1044 / 2727    2987.8594 GFlop/s     (373.4824 GFlop/s per process)    38%    2468.8 sec left
CG set 1045 / 2727    2988.0255 GFlop/s     (373.5032 GFlop/s per process)    38%    2467.7 sec left
CG set 1046 / 2727    2988.4495 GFlop/s     (373.5562 GFlop/s per process)    38%    2466.8 sec left
CG set 1047 / 2727    2988.9395 GFlop/s     (373.6174 GFlop/s per process)    38%    2465.9 sec left
CG set 1048 / 2727    2989.0873 GFlop/s     (373.6359 GFlop/s per process)    38%    2464.9 sec left
CG set 1049 / 2727    2989.4415 GFlop/s     (373.6802 GFlop/s per process)    38%    2464.0 sec left
CG set 1050 / 2727    2989.8610 GFlop/s     (373.7326 GFlop/s per process)    38%    2463.0 sec left
CG set 1051 / 2727    2990.2499 GFlop/s     (373.7812 GFlop/s per process)    38%    2462.1 sec left
CG set 1052 / 2727    2990.6274 GFlop/s     (373.8284 GFlop/s per process)    38%    2461.2 sec left
CG set 1053 / 2727    2991.0032 GFlop/s     (373.8754 GFlop/s per process)    38%    2460.2 sec left
CG set 1054 / 2727    2991.3689 GFlop/s     (373.9211 GFlop/s per process)    38%    2459.3 sec left
CG set 1055 / 2727    2991.6506 GFlop/s     (373.9563 GFlop/s per process)    38%    2458.3 sec left
CG set 1056 / 2727    2991.8801 GFlop/s     (373.9850 GFlop/s per process)    38%    2457.3 sec left
CG set 1057 / 2727    2992.3130 GFlop/s     (374.0391 GFlop/s per process)    38%    2456.4 sec left
CG set 1058 / 2727    2992.5826 GFlop/s     (374.0728 GFlop/s per process)    38%    2455.4 sec left
CG set 1059 / 2727    2993.0216 GFlop/s     (374.1277 GFlop/s per process)    38%    2454.5 sec left
CG set 1060 / 2727    2993.2728 GFlop/s     (374.1591 GFlop/s per process)    38%    2453.5 sec left
CG set 1061 / 2727    2993.5312 GFlop/s     (374.1914 GFlop/s per process)    38%    2452.6 sec left
CG set 1062 / 2727    2993.9488 GFlop/s     (374.2436 GFlop/s per process)    38%    2451.6 sec left
CG set 1063 / 2727    2994.3771 GFlop/s     (374.2971 GFlop/s per process)    38%    2450.7 sec left
CG set 1064 / 2727    2994.6284 GFlop/s     (374.3286 GFlop/s per process)    39%    2449.7 sec left
CG set 1065 / 2727    2994.9670 GFlop/s     (374.3709 GFlop/s per process)    39%    2448.8 sec left
CG set 1066 / 2727    2995.3380 GFlop/s     (374.4173 GFlop/s per process)    39%    2447.8 sec left
CG set 1067 / 2727    2995.8218 GFlop/s     (374.4777 GFlop/s per process)    39%    2447.0 sec left
CG set 1068 / 2727    2996.2083 GFlop/s     (374.5260 GFlop/s per process)    39%    2446.0 sec left
CG set 1069 / 2727    2996.5083 GFlop/s     (374.5635 GFlop/s per process)    39%    2445.1 sec left
CG set 1070 / 2727    2997.0019 GFlop/s     (374.6252 GFlop/s per process)    39%    2444.2 sec left
CG set 1071 / 2727    2997.3314 GFlop/s     (374.6664 GFlop/s per process)    39%    2443.2 sec left
CG set 1072 / 2727    2997.7875 GFlop/s     (374.7234 GFlop/s per process)    39%    2442.3 sec left
CG set 1073 / 2727    2998.0973 GFlop/s     (374.7622 GFlop/s per process)    39%    2441.4 sec left
CG set 1074 / 2727    2998.5833 GFlop/s     (374.8229 GFlop/s per process)    39%    2440.5 sec left
CG set 1075 / 2727    2998.9616 GFlop/s     (374.8702 GFlop/s per process)    39%    2439.5 sec left
CG set 1076 / 2727    2999.1631 GFlop/s     (374.8954 GFlop/s per process)    39%    2438.5 sec left
CG set 1077 / 2727    2999.5331 GFlop/s     (374.9416 GFlop/s per process)    39%    2437.6 sec left
CG set 1078 / 2727    2999.9296 GFlop/s     (374.9912 GFlop/s per process)    39%    2436.7 sec left
CG set 1079 / 2727    3000.3617 GFlop/s     (375.0452 GFlop/s per process)    39%    2435.8 sec left
CG set 1080 / 2727    3000.6357 GFlop/s     (375.0795 GFlop/s per process)    39%    2434.8 sec left
CG set 1081 / 2727    3000.9073 GFlop/s     (375.1134 GFlop/s per process)    39%    2433.8 sec left
CG set 1082 / 2727    3001.3379 GFlop/s     (375.1672 GFlop/s per process)    39%    2432.9 sec left
CG set 1083 / 2727    3001.7080 GFlop/s     (375.2135 GFlop/s per process)    39%    2432.0 sec left
CG set 1084 / 2727    3001.8892 GFlop/s     (375.2362 GFlop/s per process)    39%    2431.0 sec left
CG set 1085 / 2727    3002.4346 GFlop/s     (375.3043 GFlop/s per process)    39%    2430.1 sec left
CG set 1086 / 2727    3002.8483 GFlop/s     (375.3560 GFlop/s per process)    39%    2429.2 sec left
CG set 1087 / 2727    3003.2581 GFlop/s     (375.4073 GFlop/s per process)    39%    2428.3 sec left
CG set 1088 / 2727    3003.5243 GFlop/s     (375.4405 GFlop/s per process)    39%    2427.3 sec left
CG set 1089 / 2727    3003.9641 GFlop/s     (375.4955 GFlop/s per process)    39%    2426.4 sec left
CG set 1090 / 2727    3004.4881 GFlop/s     (375.5610 GFlop/s per process)    39%    2425.5 sec left
CG set 1091 / 2727    3004.6501 GFlop/s     (375.5813 GFlop/s per process)    40%    2424.5 sec left
CG set 1092 / 2727    3005.0112 GFlop/s     (375.6264 GFlop/s per process)    40%    2423.6 sec left
CG set 1093 / 2727    3005.3172 GFlop/s     (375.6647 GFlop/s per process)    40%    2422.6 sec left
CG set 1094 / 2727    3005.7304 GFlop/s     (375.7163 GFlop/s per process)    40%    2421.7 sec left
CG set 1095 / 2727    3005.7630 GFlop/s     (375.7204 GFlop/s per process)    40%    2420.7 sec left
CG set 1096 / 2727    3006.2455 GFlop/s     (375.7807 GFlop/s per process)    40%    2419.8 sec left
CG set 1097 / 2727    3006.4903 GFlop/s     (375.8113 GFlop/s per process)    40%    2418.8 sec left
CG set 1098 / 2727    3006.8729 GFlop/s     (375.8591 GFlop/s per process)    40%    2417.9 sec left
CG set 1099 / 2727    3007.1352 GFlop/s     (375.8919 GFlop/s per process)    40%    2416.9 sec left
CG set 1100 / 2727    3007.5699 GFlop/s     (375.9462 GFlop/s per process)    40%    2416.0 sec left
CG set 1101 / 2727    3007.4460 GFlop/s     (375.9308 GFlop/s per process)    40%    2414.9 sec left
CG set 1102 / 2727    3007.7961 GFlop/s     (375.9745 GFlop/s per process)    40%    2413.9 sec left
CG set 1103 / 2727    3008.2505 GFlop/s     (376.0313 GFlop/s per process)    40%    2413.0 sec left
CG set 1104 / 2727    3008.3107 GFlop/s     (376.0388 GFlop/s per process)    40%    2412.0 sec left
CG set 1105 / 2727    3008.7194 GFlop/s     (376.0899 GFlop/s per process)    40%    2411.1 sec left
CG set 1106 / 2727    3009.1185 GFlop/s     (376.1398 GFlop/s per process)    40%    2410.2 sec left
CG set 1107 / 2727    3009.2221 GFlop/s     (376.1528 GFlop/s per process)    40%    2409.1 sec left
CG set 1108 / 2727    3009.6434 GFlop/s     (376.2054 GFlop/s per process)    40%    2408.2 sec left
CG set 1109 / 2727    3009.9066 GFlop/s     (376.2383 GFlop/s per process)    40%    2407.3 sec left
CG set 1110 / 2727    3010.2513 GFlop/s     (376.2814 GFlop/s per process)    40%    2406.3 sec left
CG set 1111 / 2727    3010.5761 GFlop/s     (376.3220 GFlop/s per process)    40%    2405.4 sec left
CG set 1112 / 2727    3010.9804 GFlop/s     (376.3725 GFlop/s per process)    40%    2404.5 sec left
CG set 1113 / 2727    3011.2273 GFlop/s     (376.4034 GFlop/s per process)    40%    2403.5 sec left
CG set 1114 / 2727    3011.7688 GFlop/s     (376.4711 GFlop/s per process)    40%    2402.6 sec left
CG set 1115 / 2727    3012.0591 GFlop/s     (376.5074 GFlop/s per process)    40%    2401.7 sec left
CG set 1116 / 2727    3012.4286 GFlop/s     (376.5536 GFlop/s per process)    40%    2400.7 sec left
CG set 1117 / 2727    3012.6710 GFlop/s     (376.5839 GFlop/s per process)    40%    2399.8 sec left
CG set 1118 / 2727    3013.0935 GFlop/s     (376.6367 GFlop/s per process)    40%    2398.9 sec left
CG set 1119 / 2727    3013.3382 GFlop/s     (376.6673 GFlop/s per process)    41%    2397.9 sec left
CG set 1120 / 2727    3013.5056 GFlop/s     (376.6882 GFlop/s per process)    41%    2396.9 sec left
CG set 1121 / 2727    3013.9866 GFlop/s     (376.7483 GFlop/s per process)    41%    2396.0 sec left
CG set 1122 / 2727    3014.4070 GFlop/s     (376.8009 GFlop/s per process)    41%    2395.1 sec left
CG set 1123 / 2727    3014.5699 GFlop/s     (376.8212 GFlop/s per process)    41%    2394.1 sec left
CG set 1124 / 2727    3014.9826 GFlop/s     (376.8728 GFlop/s per process)    41%    2393.2 sec left
CG set 1125 / 2727    3015.2417 GFlop/s     (376.9052 GFlop/s per process)    41%    2392.2 sec left
CG set 1126 / 2727    3015.5445 GFlop/s     (376.9431 GFlop/s per process)    41%    2391.3 sec left
CG set 1127 / 2727    3015.8707 GFlop/s     (376.9838 GFlop/s per process)    41%    2390.3 sec left
CG set 1128 / 2727    3016.2431 GFlop/s     (377.0304 GFlop/s per process)    41%    2389.4 sec left
CG set 1129 / 2727    3016.5484 GFlop/s     (377.0686 GFlop/s per process)    41%    2388.5 sec left
CG set 1130 / 2727    3016.8749 GFlop/s     (377.1094 GFlop/s per process)    41%    2387.5 sec left
CG set 1131 / 2727    3017.1275 GFlop/s     (377.1409 GFlop/s per process)    41%    2386.5 sec left
CG set 1132 / 2727    3017.5078 GFlop/s     (377.1885 GFlop/s per process)    41%    2385.6 sec left
CG set 1133 / 2727    3017.7786 GFlop/s     (377.2223 GFlop/s per process)    41%    2384.7 sec left
CG set 1134 / 2727    3018.1153 GFlop/s     (377.2644 GFlop/s per process)    41%    2383.7 sec left
CG set 1135 / 2727    3018.5299 GFlop/s     (377.3162 GFlop/s per process)    41%    2382.8 sec left
CG set 1136 / 2727    3018.7834 GFlop/s     (377.3479 GFlop/s per process)    41%    2381.9 sec left
CG set 1137 / 2727    3019.2027 GFlop/s     (377.4003 GFlop/s per process)    41%    2381.0 sec left
CG set 1138 / 2727    3019.5677 GFlop/s     (377.4460 GFlop/s per process)    41%    2380.0 sec left
CG set 1139 / 2727    3019.8134 GFlop/s     (377.4767 GFlop/s per process)    41%    2379.1 sec left
CG set 1140 / 2727    3020.2366 GFlop/s     (377.5296 GFlop/s per process)    41%    2378.2 sec left
CG set 1141 / 2727    3020.5998 GFlop/s     (377.5750 GFlop/s per process)    41%    2377.2 sec left
CG set 1142 / 2727    3021.0063 GFlop/s     (377.6258 GFlop/s per process)    41%    2376.3 sec left
CG set 1143 / 2727    3021.2381 GFlop/s     (377.6548 GFlop/s per process)    41%    2375.4 sec left
CG set 1144 / 2727    3021.5732 GFlop/s     (377.6966 GFlop/s per process)    41%    2374.4 sec left
CG set 1145 / 2727    3022.0682 GFlop/s     (377.7585 GFlop/s per process)    41%    2373.6 sec left
CG set 1146 / 2727    3022.4690 GFlop/s     (377.8086 GFlop/s per process)    42%    2372.7 sec left
CG set 1147 / 2727    3022.7249 GFlop/s     (377.8406 GFlop/s per process)    42%    2371.7 sec left
CG set 1148 / 2727    3023.0539 GFlop/s     (377.8817 GFlop/s per process)    42%    2370.8 sec left
CG set 1149 / 2727    3023.4631 GFlop/s     (377.9329 GFlop/s per process)    42%    2369.9 sec left
CG set 1150 / 2727    3023.7961 GFlop/s     (377.9745 GFlop/s per process)    42%    2368.9 sec left
CG set 1151 / 2727    3024.1038 GFlop/s     (378.0130 GFlop/s per process)    42%    2368.0 sec left
CG set 1152 / 2727    3024.5011 GFlop/s     (378.0626 GFlop/s per process)    42%    2367.1 sec left
CG set 1153 / 2727    3024.7321 GFlop/s     (378.0915 GFlop/s per process)    42%    2366.1 sec left
CG set 1154 / 2727    3025.0559 GFlop/s     (378.1320 GFlop/s per process)    42%    2365.2 sec left
CG set 1155 / 2727    3025.4471 GFlop/s     (378.1809 GFlop/s per process)    42%    2364.3 sec left
CG set 1156 / 2727    3025.8175 GFlop/s     (378.2272 GFlop/s per process)    42%    2363.3 sec left
CG set 1157 / 2727    3026.1844 GFlop/s     (378.2731 GFlop/s per process)    42%    2362.4 sec left
CG set 1158 / 2727    3026.3996 GFlop/s     (378.2999 GFlop/s per process)    42%    2361.4 sec left
CG set 1159 / 2727    3026.5726 GFlop/s     (378.3216 GFlop/s per process)    42%    2360.4 sec left
CG set 1160 / 2727    3027.0320 GFlop/s     (378.3790 GFlop/s per process)    42%    2359.6 sec left
CG set 1161 / 2727    3027.2583 GFlop/s     (378.4073 GFlop/s per process)    42%    2358.6 sec left
CG set 1162 / 2727    3027.5149 GFlop/s     (378.4394 GFlop/s per process)    42%    2357.6 sec left
CG set 1163 / 2727    3027.8758 GFlop/s     (378.4845 GFlop/s per process)    42%    2356.7 sec left
CG set 1164 / 2727    3028.3160 GFlop/s     (378.5395 GFlop/s per process)    42%    2355.8 sec left
CG set 1165 / 2727    3028.7010 GFlop/s     (378.5876 GFlop/s per process)    42%    2354.9 sec left
CG set 1166 / 2727    3029.0322 GFlop/s     (378.6290 GFlop/s per process)    42%    2354.0 sec left
CG set 1167 / 2727    3029.3846 GFlop/s     (378.6731 GFlop/s per process)    42%    2353.1 sec left
CG set 1168 / 2727    3029.7494 GFlop/s     (378.7187 GFlop/s per process)    42%    2352.1 sec left
CG set 1169 / 2727    3030.2125 GFlop/s     (378.7766 GFlop/s per process)    42%    2351.3 sec left
CG set 1170 / 2727    3030.6269 GFlop/s     (378.8284 GFlop/s per process)    42%    2350.4 sec left
CG set 1171 / 2727    3030.9550 GFlop/s     (378.8694 GFlop/s per process)    42%    2349.4 sec left
CG set 1172 / 2727    3031.2345 GFlop/s     (378.9043 GFlop/s per process)    42%    2348.5 sec left
CG set 1173 / 2727    3031.7125 GFlop/s     (378.9641 GFlop/s per process)    43%    2347.6 sec left
CG set 1174 / 2727    3032.0749 GFlop/s     (379.0094 GFlop/s per process)    43%    2346.7 sec left
CG set 1175 / 2727    3032.5057 GFlop/s     (379.0632 GFlop/s per process)    43%    2345.8 sec left
CG set 1176 / 2727    3032.7270 GFlop/s     (379.0909 GFlop/s per process)    43%    2344.8 sec left
CG set 1177 / 2727    3032.9731 GFlop/s     (379.1216 GFlop/s per process)    43%    2343.9 sec left
CG set 1178 / 2727    3033.2989 GFlop/s     (379.1624 GFlop/s per process)    43%    2343.0 sec left
CG set 1179 / 2727    3033.5785 GFlop/s     (379.1973 GFlop/s per process)    43%    2342.0 sec left
CG set 1180 / 2727    3033.9365 GFlop/s     (379.2421 GFlop/s per process)    43%    2341.1 sec left
CG set 1181 / 2727    3034.3175 GFlop/s     (379.2897 GFlop/s per process)    43%    2340.2 sec left
CG set 1182 / 2727    3034.6701 GFlop/s     (379.3338 GFlop/s per process)    43%    2339.3 sec left
CG set 1183 / 2727    3034.8426 GFlop/s     (379.3553 GFlop/s per process)    43%    2338.3 sec left
CG set 1184 / 2727    3035.1961 GFlop/s     (379.3995 GFlop/s per process)    43%    2337.3 sec left
CG set 1185 / 2727    3035.5190 GFlop/s     (379.4399 GFlop/s per process)    43%    2336.4 sec left
CG set 1186 / 2727    3035.7171 GFlop/s     (379.4646 GFlop/s per process)    43%    2335.4 sec left
CG set 1187 / 2727    3036.0003 GFlop/s     (379.5000 GFlop/s per process)    43%    2334.5 sec left
CG set 1188 / 2727    3036.5737 GFlop/s     (379.5717 GFlop/s per process)    43%    2333.7 sec left
CG set 1189 / 2727    3036.8601 GFlop/s     (379.6075 GFlop/s per process)    43%    2332.7 sec left
CG set 1190 / 2727    3037.2403 GFlop/s     (379.6550 GFlop/s per process)    43%    2331.8 sec left
CG set 1191 / 2727    3037.4576 GFlop/s     (379.6822 GFlop/s per process)    43%    2330.8 sec left
CG set 1192 / 2727    3037.8142 GFlop/s     (379.7268 GFlop/s per process)    43%    2329.9 sec left
CG set 1193 / 2727    3038.1469 GFlop/s     (379.7684 GFlop/s per process)    43%    2329.0 sec left
CG set 1194 / 2727    3038.4410 GFlop/s     (379.8051 GFlop/s per process)    43%    2328.1 sec left
CG set 1195 / 2727    3038.6891 GFlop/s     (379.8361 GFlop/s per process)    43%    2327.1 sec left
CG set 1196 / 2727    3039.0297 GFlop/s     (379.8787 GFlop/s per process)    43%    2326.2 sec left
CG set 1197 / 2727    3039.3506 GFlop/s     (379.9188 GFlop/s per process)    43%    2325.3 sec left
CG set 1198 / 2727    3039.6901 GFlop/s     (379.9613 GFlop/s per process)    43%    2324.3 sec left
CG set 1199 / 2727    3039.8751 GFlop/s     (379.9844 GFlop/s per process)    43%    2323.3 sec left
CG set 1200 / 2727    3040.2507 GFlop/s     (380.0313 GFlop/s per process)    44%    2322.4 sec left
CG set 1201 / 2727    3040.7811 GFlop/s     (380.0976 GFlop/s per process)    44%    2321.6 sec left
CG set 1202 / 2727    3040.9086 GFlop/s     (380.1136 GFlop/s per process)    44%    2320.6 sec left
CG set 1203 / 2727    3041.3039 GFlop/s     (380.1630 GFlop/s per process)    44%    2319.7 sec left
CG set 1204 / 2727    3041.4948 GFlop/s     (380.1868 GFlop/s per process)    44%    2318.7 sec left
CG set 1205 / 2727    3041.7324 GFlop/s     (380.2165 GFlop/s per process)    44%    2317.8 sec left
CG set 1206 / 2727    3042.1624 GFlop/s     (380.2703 GFlop/s per process)    44%    2316.9 sec left
CG set 1207 / 2727    3042.3543 GFlop/s     (380.2943 GFlop/s per process)    44%    2315.9 sec left
CG set 1208 / 2727    3042.5563 GFlop/s     (380.3195 GFlop/s per process)    44%    2314.9 sec left
CG set 1209 / 2727    3042.9860 GFlop/s     (380.3733 GFlop/s per process)    44%    2314.0 sec left
CG set 1210 / 2727    3043.3329 GFlop/s     (380.4166 GFlop/s per process)    44%    2313.1 sec left
CG set 1211 / 2727    3043.4004 GFlop/s     (380.4251 GFlop/s per process)    44%    2312.1 sec left
CG set 1212 / 2727    3043.7438 GFlop/s     (380.4680 GFlop/s per process)    44%    2311.2 sec left
CG set 1213 / 2727    3044.1767 GFlop/s     (380.5221 GFlop/s per process)    44%    2310.3 sec left
CG set 1214 / 2727    3044.6343 GFlop/s     (380.5793 GFlop/s per process)    44%    2309.4 sec left
CG set 1215 / 2727    3044.8043 GFlop/s     (380.6005 GFlop/s per process)    44%    2308.4 sec left
CG set 1216 / 2727    3045.1426 GFlop/s     (380.6428 GFlop/s per process)    44%    2307.5 sec left
CG set 1217 / 2727    3045.5198 GFlop/s     (380.6900 GFlop/s per process)    44%    2306.6 sec left
CG set 1218 / 2727    3045.8875 GFlop/s     (380.7359 GFlop/s per process)    44%    2305.7 sec left
CG set 1219 / 2727    3046.1237 GFlop/s     (380.7655 GFlop/s per process)    44%    2304.8 sec left
CG set 1220 / 2727    3046.4313 GFlop/s     (380.8039 GFlop/s per process)    44%    2303.8 sec left
CG set 1221 / 2727    3046.7005 GFlop/s     (380.8376 GFlop/s per process)    44%    2302.9 sec left
CG set 1222 / 2727    3047.1234 GFlop/s     (380.8904 GFlop/s per process)    44%    2302.0 sec left
CG set 1223 / 2727    3047.3357 GFlop/s     (380.9170 GFlop/s per process)    44%    2301.0 sec left
CG set 1224 / 2727    3047.7208 GFlop/s     (380.9651 GFlop/s per process)    44%    2300.1 sec left
CG set 1225 / 2727    3048.0594 GFlop/s     (381.0074 GFlop/s per process)    44%    2299.2 sec left
CG set 1226 / 2727    3048.3877 GFlop/s     (381.0485 GFlop/s per process)    44%    2298.3 sec left
CG set 1227 / 2727    3048.7660 GFlop/s     (381.0957 GFlop/s per process)    44%    2297.4 sec left
CG set 1228 / 2727    3049.0346 GFlop/s     (381.1293 GFlop/s per process)    45%    2296.5 sec left
CG set 1229 / 2727    3049.4778 GFlop/s     (381.1847 GFlop/s per process)    45%    2295.6 sec left
CG set 1230 / 2727    3049.7219 GFlop/s     (381.2152 GFlop/s per process)    45%    2294.6 sec left
CG set 1231 / 2727    3050.0617 GFlop/s     (381.2577 GFlop/s per process)    45%    2293.7 sec left
CG set 1232 / 2727    3050.3723 GFlop/s     (381.2965 GFlop/s per process)    45%    2292.8 sec left
CG set 1233 / 2727    3050.7488 GFlop/s     (381.3436 GFlop/s per process)    45%    2291.9 sec left
CG set 1234 / 2727    3051.1273 GFlop/s     (381.3909 GFlop/s per process)    45%    2291.0 sec left
CG set 1235 / 2727    3051.3281 GFlop/s     (381.4160 GFlop/s per process)    45%    2290.0 sec left
CG set 1236 / 2727    3051.8292 GFlop/s     (381.4786 GFlop/s per process)    45%    2289.2 sec left
CG set 1237 / 2727    3052.0662 GFlop/s     (381.5083 GFlop/s per process)    45%    2288.2 sec left
CG set 1238 / 2727    3052.4139 GFlop/s     (381.5517 GFlop/s per process)    45%    2287.3 sec left
CG set 1239 / 2727    3052.5927 GFlop/s     (381.5741 GFlop/s per process)    45%    2286.3 sec left
CG set 1240 / 2727    3052.9851 GFlop/s     (381.6231 GFlop/s per process)    45%    2285.4 sec left
CG set 1241 / 2727    3053.2559 GFlop/s     (381.6570 GFlop/s per process)    45%    2284.5 sec left
CG set 1242 / 2727    3053.5160 GFlop/s     (381.6895 GFlop/s per process)    45%    2283.6 sec left
CG set 1243 / 2727    3053.7791 GFlop/s     (381.7224 GFlop/s per process)    45%    2282.6 sec left
CG set 1244 / 2727    3054.1422 GFlop/s     (381.7678 GFlop/s per process)    45%    2281.7 sec left
CG set 1245 / 2727    3054.4790 GFlop/s     (381.8099 GFlop/s per process)    45%    2280.8 sec left
CG set 1246 / 2727    3054.8153 GFlop/s     (381.8519 GFlop/s per process)    45%    2279.9 sec left
CG set 1247 / 2727    3055.2759 GFlop/s     (381.9095 GFlop/s per process)    45%    2279.0 sec left
CG set 1248 / 2727    3055.4304 GFlop/s     (381.9288 GFlop/s per process)    45%    2278.0 sec left
CG set 1249 / 2727    3055.7886 GFlop/s     (381.9736 GFlop/s per process)    45%    2277.1 sec left
CG set 1250 / 2727    3056.2713 GFlop/s     (382.0339 GFlop/s per process)    45%    2276.3 sec left
CG set 1251 / 2727    3056.4153 GFlop/s     (382.0519 GFlop/s per process)    45%    2275.3 sec left
CG set 1252 / 2727    3056.6795 GFlop/s     (382.0849 GFlop/s per process)    45%    2274.3 sec left
CG set 1253 / 2727    3057.0836 GFlop/s     (382.1354 GFlop/s per process)    45%    2273.5 sec left
CG set 1254 / 2727    3057.2098 GFlop/s     (382.1512 GFlop/s per process)    45%    2272.5 sec left
CG set 1255 / 2727    3057.4042 GFlop/s     (382.1755 GFlop/s per process)    46%    2271.5 sec left
CG set 1256 / 2727    3057.6624 GFlop/s     (382.2078 GFlop/s per process)    46%    2270.5 sec left
CG set 1257 / 2727    3057.9110 GFlop/s     (382.2389 GFlop/s per process)    46%    2269.6 sec left
CG set 1258 / 2727    3058.2441 GFlop/s     (382.2805 GFlop/s per process)    46%    2268.7 sec left
CG set 1259 / 2727    3058.5221 GFlop/s     (382.3153 GFlop/s per process)    46%    2267.8 sec left
CG set 1260 / 2727    3058.7975 GFlop/s     (382.3497 GFlop/s per process)    46%    2266.8 sec left
CG set 1261 / 2727    3059.1219 GFlop/s     (382.3902 GFlop/s per process)    46%    2265.9 sec left
CG set 1262 / 2727    3059.4694 GFlop/s     (382.4337 GFlop/s per process)    46%    2265.0 sec left
CG set 1263 / 2727    3059.7149 GFlop/s     (382.4644 GFlop/s per process)    46%    2264.0 sec left
CG set 1264 / 2727    3059.8669 GFlop/s     (382.4834 GFlop/s per process)    46%    2263.1 sec left
CG set 1265 / 2727    3059.9802 GFlop/s     (382.4975 GFlop/s per process)    46%    2262.0 sec left
CG set 1266 / 2727    3059.7040 GFlop/s     (382.4630 GFlop/s per process)    46%    2260.9 sec left
CG set 1267 / 2727    3059.5127 GFlop/s     (382.4391 GFlop/s per process)    46%    2259.7 sec left
CG set 1268 / 2727    3059.8444 GFlop/s     (382.4806 GFlop/s per process)    46%    2258.8 sec left
CG set 1269 / 2727    3060.1331 GFlop/s     (382.5166 GFlop/s per process)    46%    2257.9 sec left
CG set 1270 / 2727    3060.3517 GFlop/s     (382.5440 GFlop/s per process)    46%    2256.9 sec left
CG set 1271 / 2727    3060.8485 GFlop/s     (382.6061 GFlop/s per process)    46%    2256.1 sec left
CG set 1272 / 2727    3060.9941 GFlop/s     (382.6243 GFlop/s per process)    46%    2255.1 sec left
CG set 1273 / 2727    3061.2679 GFlop/s     (382.6585 GFlop/s per process)    46%    2254.2 sec left
CG set 1274 / 2727    3061.4681 GFlop/s     (382.6835 GFlop/s per process)    46%    2253.2 sec left
CG set 1275 / 2727    3061.8331 GFlop/s     (382.7291 GFlop/s per process)    46%    2252.3 sec left
CG set 1276 / 2727    3062.1616 GFlop/s     (382.7702 GFlop/s per process)    46%    2251.4 sec left
CG set 1277 / 2727    3062.4959 GFlop/s     (382.8120 GFlop/s per process)    46%    2250.5 sec left
CG set 1278 / 2727    3062.6314 GFlop/s     (382.8289 GFlop/s per process)    46%    2249.5 sec left
CG set 1279 / 2727    3063.0120 GFlop/s     (382.8765 GFlop/s per process)    46%    2248.6 sec left
CG set 1280 / 2727    3063.2852 GFlop/s     (382.9106 GFlop/s per process)    46%    2247.7 sec left
CG set 1281 / 2727    3063.5144 GFlop/s     (382.9393 GFlop/s per process)    46%    2246.7 sec left
CG set 1282 / 2727    3063.6250 GFlop/s     (382.9531 GFlop/s per process)    47%    2245.7 sec left
CG set 1283 / 2727    3063.8758 GFlop/s     (382.9845 GFlop/s per process)    47%    2244.8 sec left
CG set 1284 / 2727    3064.1321 GFlop/s     (383.0165 GFlop/s per process)    47%    2243.8 sec left
CG set 1285 / 2727    3064.4241 GFlop/s     (383.0530 GFlop/s per process)    47%    2242.9 sec left
CG set 1286 / 2727    3064.6170 GFlop/s     (383.0771 GFlop/s per process)    47%    2241.9 sec left
CG set 1287 / 2727    3065.0183 GFlop/s     (383.1273 GFlop/s per process)    47%    2241.0 sec left
CG set 1288 / 2727    3065.3728 GFlop/s     (383.1716 GFlop/s per process)    47%    2240.2 sec left
CG set 1289 / 2727    3065.7149 GFlop/s     (383.2144 GFlop/s per process)    47%    2239.3 sec left
CG set 1290 / 2727    3065.6118 GFlop/s     (383.2015 GFlop/s per process)    47%    2238.1 sec left
CG set 1291 / 2727    3065.9683 GFlop/s     (383.2460 GFlop/s per process)    47%    2237.3 sec left
CG set 1292 / 2727    3066.3279 GFlop/s     (383.2910 GFlop/s per process)    47%    2236.4 sec left
CG set 1293 / 2727    3066.4813 GFlop/s     (383.3102 GFlop/s per process)    47%    2235.4 sec left
CG set 1294 / 2727    3066.7316 GFlop/s     (383.3414 GFlop/s per process)    47%    2234.4 sec left
CG set 1295 / 2727    3067.0537 GFlop/s     (383.3817 GFlop/s per process)    47%    2233.5 sec left
CG set 1296 / 2727    3067.2841 GFlop/s     (383.4105 GFlop/s per process)    47%    2232.6 sec left
CG set 1297 / 2727    3067.4929 GFlop/s     (383.4366 GFlop/s per process)    47%    2231.6 sec left
CG set 1298 / 2727    3067.7833 GFlop/s     (383.4729 GFlop/s per process)    47%    2230.7 sec left
CG set 1299 / 2727    3068.0339 GFlop/s     (383.5042 GFlop/s per process)    47%    2229.7 sec left
CG set 1300 / 2727    3068.3701 GFlop/s     (383.5463 GFlop/s per process)    47%    2228.8 sec left
CG set 1301 / 2727    3068.7433 GFlop/s     (383.5929 GFlop/s per process)    47%    2228.0 sec left
CG set 1302 / 2727    3068.9432 GFlop/s     (383.6179 GFlop/s per process)    47%    2227.0 sec left
CG set 1303 / 2727    3069.1292 GFlop/s     (383.6412 GFlop/s per process)    47%    2226.0 sec left
CG set 1304 / 2727    3069.4535 GFlop/s     (383.6817 GFlop/s per process)    47%    2225.1 sec left
CG set 1305 / 2727    3069.8004 GFlop/s     (383.7250 GFlop/s per process)    47%    2224.2 sec left
CG set 1306 / 2727    3069.9319 GFlop/s     (383.7415 GFlop/s per process)    47%    2223.2 sec left
CG set 1307 / 2727    3070.3354 GFlop/s     (383.7919 GFlop/s per process)    47%    2222.4 sec left
CG set 1308 / 2727    3070.6729 GFlop/s     (383.8341 GFlop/s per process)    47%    2221.5 sec left
CG set 1309 / 2727    3070.9404 GFlop/s     (383.8676 GFlop/s per process)    48%    2220.5 sec left
CG set 1310 / 2727    3071.3827 GFlop/s     (383.9228 GFlop/s per process)    48%    2219.7 sec left
CG set 1311 / 2727    3071.6996 GFlop/s     (383.9624 GFlop/s per process)    48%    2218.8 sec left
CG set 1312 / 2727    3071.9819 GFlop/s     (383.9977 GFlop/s per process)    48%    2217.8 sec left
CG set 1313 / 2727    3072.3116 GFlop/s     (384.0389 GFlop/s per process)    48%    2216.9 sec left
CG set 1314 / 2727    3072.5578 GFlop/s     (384.0697 GFlop/s per process)    48%    2216.0 sec left
CG set 1315 / 2727    3072.8543 GFlop/s     (384.1068 GFlop/s per process)    48%    2215.1 sec left
CG set 1316 / 2727    3073.1744 GFlop/s     (384.1468 GFlop/s per process)    48%    2214.2 sec left
CG set 1317 / 2727    3073.5198 GFlop/s     (384.1900 GFlop/s per process)    48%    2213.3 sec left
CG set 1318 / 2727    3073.8295 GFlop/s     (384.2287 GFlop/s per process)    48%    2212.4 sec left
CG set 1319 / 2727    3074.0618 GFlop/s     (384.2577 GFlop/s per process)    48%    2211.4 sec left
CG set 1320 / 2727    3074.2904 GFlop/s     (384.2863 GFlop/s per process)    48%    2210.5 sec left
CG set 1321 / 2727    3074.6756 GFlop/s     (384.3344 GFlop/s per process)    48%    2209.6 sec left
CG set 1322 / 2727    3074.9946 GFlop/s     (384.3743 GFlop/s per process)    48%    2208.7 sec left
CG set 1323 / 2727    3075.3838 GFlop/s     (384.4230 GFlop/s per process)    48%    2207.8 sec left
CG set 1324 / 2727    3075.7313 GFlop/s     (384.4664 GFlop/s per process)    48%    2206.9 sec left
CG set 1325 / 2727    3075.9452 GFlop/s     (384.4932 GFlop/s per process)    48%    2206.0 sec left
CG set 1326 / 2727    3076.0888 GFlop/s     (384.5111 GFlop/s per process)    48%    2205.0 sec left
CG set 1327 / 2727    3076.4359 GFlop/s     (384.5545 GFlop/s per process)    48%    2204.1 sec left
CG set 1328 / 2727    3076.5987 GFlop/s     (384.5748 GFlop/s per process)    48%    2203.1 sec left
CG set 1329 / 2727    3076.9285 GFlop/s     (384.6161 GFlop/s per process)    48%    2202.2 sec left
CG set 1330 / 2727    3077.2158 GFlop/s     (384.6520 GFlop/s per process)    48%    2201.3 sec left
CG set 1331 / 2727    3077.5031 GFlop/s     (384.6879 GFlop/s per process)    48%    2200.4 sec left
CG set 1332 / 2727    3077.6834 GFlop/s     (384.7104 GFlop/s per process)    48%    2199.4 sec left
CG set 1333 / 2727    3077.9190 GFlop/s     (384.7399 GFlop/s per process)    48%    2198.5 sec left
CG set 1334 / 2727    3078.2904 GFlop/s     (384.7863 GFlop/s per process)    48%    2197.6 sec left
CG set 1335 / 2727    3078.6384 GFlop/s     (384.8298 GFlop/s per process)    48%    2196.7 sec left
CG set 1336 / 2727    3078.8094 GFlop/s     (384.8512 GFlop/s per process)    48%    2195.7 sec left
CG set 1337 / 2727    3079.1073 GFlop/s     (384.8884 GFlop/s per process)    49%    2194.8 sec left
CG set 1338 / 2727    3079.5040 GFlop/s     (384.9380 GFlop/s per process)    49%    2193.9 sec left
CG set 1339 / 2727    3079.6247 GFlop/s     (384.9531 GFlop/s per process)    49%    2192.9 sec left
CG set 1340 / 2727    3079.9615 GFlop/s     (384.9952 GFlop/s per process)    49%    2192.0 sec left
CG set 1341 / 2727    3080.3283 GFlop/s     (385.0410 GFlop/s per process)    49%    2191.2 sec left
CG set 1342 / 2727    3080.6425 GFlop/s     (385.0803 GFlop/s per process)    49%    2190.3 sec left
CG set 1343 / 2727    3080.9194 GFlop/s     (385.1149 GFlop/s per process)    49%    2189.3 sec left
CG set 1344 / 2727    3081.1759 GFlop/s     (385.1470 GFlop/s per process)    49%    2188.4 sec left
CG set 1345 / 2727    3081.5846 GFlop/s     (385.1981 GFlop/s per process)    49%    2187.5 sec left
CG set 1346 / 2727    3081.7892 GFlop/s     (385.2237 GFlop/s per process)    49%    2186.6 sec left
CG set 1347 / 2727    3081.9540 GFlop/s     (385.2443 GFlop/s per process)    49%    2185.6 sec left
CG set 1348 / 2727    3082.2391 GFlop/s     (385.2799 GFlop/s per process)    49%    2184.7 sec left
CG set 1349 / 2727    3082.4398 GFlop/s     (385.3050 GFlop/s per process)    49%    2183.7 sec left
CG set 1350 / 2727    3082.6957 GFlop/s     (385.3370 GFlop/s per process)    49%    2182.8 sec left
CG set 1351 / 2727    3082.9712 GFlop/s     (385.3714 GFlop/s per process)    49%    2181.9 sec left
CG set 1352 / 2727    3083.1686 GFlop/s     (385.3961 GFlop/s per process)    49%    2180.9 sec left
CG set 1353 / 2727    3083.3707 GFlop/s     (385.4213 GFlop/s per process)    49%    2180.0 sec left
CG set 1354 / 2727    3083.6893 GFlop/s     (385.4612 GFlop/s per process)    49%    2179.1 sec left
CG set 1355 / 2727    3083.8516 GFlop/s     (385.4814 GFlop/s per process)    49%    2178.1 sec left
CG set 1356 / 2727    3084.2339 GFlop/s     (385.5292 GFlop/s per process)    49%    2177.2 sec left
CG set 1357 / 2727    3084.4457 GFlop/s     (385.5557 GFlop/s per process)    49%    2176.3 sec left
CG set 1358 / 2727    3084.7474 GFlop/s     (385.5934 GFlop/s per process)    49%    2175.4 sec left
CG set 1359 / 2727    3085.1090 GFlop/s     (385.6386 GFlop/s per process)    49%    2174.5 sec left
CG set 1360 / 2727    3085.3732 GFlop/s     (385.6717 GFlop/s per process)    49%    2173.6 sec left
CG set 1361 / 2727    3085.6498 GFlop/s     (385.7062 GFlop/s per process)    49%    2172.7 sec left
CG set 1362 / 2727    3085.8404 GFlop/s     (385.7301 GFlop/s per process)    49%    2171.7 sec left
CG set 1363 / 2727    3086.1188 GFlop/s     (385.7649 GFlop/s per process)    49%    2170.8 sec left
CG set 1364 / 2727    3085.3776 GFlop/s     (385.6722 GFlop/s per process)    50%    2169.4 sec left
CG set 1365 / 2727    3085.6650 GFlop/s     (385.7081 GFlop/s per process)    50%    2168.5 sec left
CG set 1366 / 2727    3086.0125 GFlop/s     (385.7516 GFlop/s per process)    50%    2167.6 sec left
CG set 1367 / 2727    3086.1317 GFlop/s     (385.7665 GFlop/s per process)    50%    2166.6 sec left
CG set 1368 / 2727    3086.2759 GFlop/s     (385.7845 GFlop/s per process)    50%    2165.6 sec left
CG set 1369 / 2727    3086.6210 GFlop/s     (385.8276 GFlop/s per process)    50%    2164.7 sec left
CG set 1370 / 2727    3086.8629 GFlop/s     (385.8579 GFlop/s per process)    50%    2163.8 sec left
CG set 1371 / 2727    3087.2292 GFlop/s     (385.9036 GFlop/s per process)    50%    2162.9 sec left
CG set 1372 / 2727    3087.2465 GFlop/s     (385.9058 GFlop/s per process)    50%    2161.9 sec left
CG set 1373 / 2727    3087.5928 GFlop/s     (385.9491 GFlop/s per process)    50%    2161.0 sec left
CG set 1374 / 2727    3087.8523 GFlop/s     (385.9815 GFlop/s per process)    50%    2160.1 sec left
CG set 1375 / 2727    3088.0356 GFlop/s     (386.0044 GFlop/s per process)    50%    2159.1 sec left
CG set 1376 / 2727    3088.3554 GFlop/s     (386.0444 GFlop/s per process)    50%    2158.2 sec left
CG set 1377 / 2727    3088.5625 GFlop/s     (386.0703 GFlop/s per process)    50%    2157.3 sec left
CG set 1378 / 2727    3088.7755 GFlop/s     (386.0969 GFlop/s per process)    50%    2156.3 sec left
CG set 1379 / 2727    3088.9679 GFlop/s     (386.1210 GFlop/s per process)    50%    2155.4 sec left
CG set 1380 / 2727    3089.3225 GFlop/s     (386.1653 GFlop/s per process)    50%    2154.5 sec left
CG set 1381 / 2727    3089.3931 GFlop/s     (386.1741 GFlop/s per process)    50%    2153.5 sec left
CG set 1382 / 2727    3089.5722 GFlop/s     (386.1965 GFlop/s per process)    50%    2152.5 sec left
CG set 1383 / 2727    3089.8476 GFlop/s     (386.2310 GFlop/s per process)    50%    2151.6 sec left
CG set 1384 / 2727    3090.0533 GFlop/s     (386.2567 GFlop/s per process)    50%    2150.6 sec left
CG set 1385 / 2727    3090.4642 GFlop/s     (386.3080 GFlop/s per process)    50%    2149.8 sec left
CG set 1386 / 2727    3090.5324 GFlop/s     (386.3166 GFlop/s per process)    50%    2148.8 sec left
CG set 1387 / 2727    3090.9111 GFlop/s     (386.3639 GFlop/s per process)    50%    2147.9 sec left
CG set 1388 / 2727    3091.1954 GFlop/s     (386.3994 GFlop/s per process)    50%    2147.0 sec left
CG set 1389 / 2727    3091.3534 GFlop/s     (386.4192 GFlop/s per process)    50%    2146.0 sec left
CG set 1390 / 2727    3091.6791 GFlop/s     (386.4599 GFlop/s per process)    50%    2145.1 sec left
CG set 1391 / 2727    3091.7395 GFlop/s     (386.4674 GFlop/s per process)    51%    2144.1 sec left
CG set 1392 / 2727    3092.1490 GFlop/s     (386.5186 GFlop/s per process)    51%    2143.3 sec left
CG set 1393 / 2727    3091.0990 GFlop/s     (386.3874 GFlop/s per process)    51%    2141.7 sec left
CG set 1394 / 2727    3091.3774 GFlop/s     (386.4222 GFlop/s per process)    51%    2140.8 sec left
CG set 1395 / 2727    3090.4044 GFlop/s     (386.3006 GFlop/s per process)    51%    2139.3 sec left
CG set 1396 / 2727    3089.8082 GFlop/s     (386.2260 GFlop/s per process)    51%    2137.9 sec left
CG set 1397 / 2727    3089.2418 GFlop/s     (386.1552 GFlop/s per process)    51%    2136.6 sec left
CG set 1398 / 2727    3088.2196 GFlop/s     (386.0274 GFlop/s per process)    51%    2135.1 sec left
CG set 1399 / 2727    3087.7521 GFlop/s     (385.9690 GFlop/s per process)    51%    2133.8 sec left
CG set 1400 / 2727    3087.9300 GFlop/s     (385.9912 GFlop/s per process)    51%    2132.9 sec left
CG set 1401 / 2727    3087.8788 GFlop/s     (385.9848 GFlop/s per process)    51%    2131.8 sec left
CG set 1402 / 2727    3088.1017 GFlop/s     (386.0127 GFlop/s per process)    51%    2130.8 sec left
CG set 1403 / 2727    3088.5561 GFlop/s     (386.0695 GFlop/s per process)    51%    2130.0 sec left
CG set 1404 / 2727    3088.7865 GFlop/s     (386.0983 GFlop/s per process)    51%    2129.1 sec left
CG set 1405 / 2727    3089.1211 GFlop/s     (386.1401 GFlop/s per process)    51%    2128.2 sec left
CG set 1406 / 2727    3089.4928 GFlop/s     (386.1866 GFlop/s per process)    51%    2127.3 sec left
CG set 1407 / 2727    3089.7533 GFlop/s     (386.2192 GFlop/s per process)    51%    2126.4 sec left
CG set 1408 / 2727    3089.5421 GFlop/s     (386.1928 GFlop/s per process)    51%    2125.3 sec left
CG set 1409 / 2727    3089.1291 GFlop/s     (386.1411 GFlop/s per process)    51%    2124.0 sec left
CG set 1410 / 2727    3089.2910 GFlop/s     (386.1614 GFlop/s per process)    51%    2123.0 sec left
CG set 1411 / 2727    3088.7763 GFlop/s     (386.0970 GFlop/s per process)    51%    2121.7 sec left
CG set 1412 / 2727    3088.3076 GFlop/s     (386.0384 GFlop/s per process)    51%    2120.5 sec left
CG set 1413 / 2727    3087.8617 GFlop/s     (385.9827 GFlop/s per process)    51%    2119.2 sec left
CG set 1414 / 2727    3087.3775 GFlop/s     (385.9222 GFlop/s per process)    51%    2117.9 sec left
CG set 1415 / 2727    3087.3195 GFlop/s     (385.9149 GFlop/s per process)    51%    2116.8 sec left
CG set 1416 / 2727    3086.6756 GFlop/s     (385.8344 GFlop/s per process)    51%    2115.5 sec left
CG set 1417 / 2727    3086.2169 GFlop/s     (385.7771 GFlop/s per process)    51%    2114.2 sec left
CG set 1418 / 2727    3086.2135 GFlop/s     (385.7767 GFlop/s per process)    51%    2113.2 sec left
CG set 1419 / 2727    3085.7676 GFlop/s     (385.7210 GFlop/s per process)    52%    2111.9 sec left
CG set 1420 / 2727    3085.0692 GFlop/s     (385.6337 GFlop/s per process)    52%    2110.5 sec left
CG set 1421 / 2727    3084.9978 GFlop/s     (385.6247 GFlop/s per process)    52%    2109.4 sec left
CG set 1422 / 2727    3084.4391 GFlop/s     (385.5549 GFlop/s per process)    52%    2108.1 sec left
CG set 1423 / 2727    3083.9548 GFlop/s     (385.4943 GFlop/s per process)    52%    2106.8 sec left
CG set 1424 / 2727    3083.4078 GFlop/s     (385.4260 GFlop/s per process)    52%    2105.5 sec left
CG set 1425 / 2727    3082.8476 GFlop/s     (385.3559 GFlop/s per process)    52%    2104.2 sec left
CG set 1426 / 2727    3082.4007 GFlop/s     (385.3001 GFlop/s per process)    52%    2102.9 sec left
CG set 1427 / 2727    3081.9126 GFlop/s     (385.2391 GFlop/s per process)    52%    2101.6 sec left
CG set 1428 / 2727    3081.4596 GFlop/s     (385.1824 GFlop/s per process)    52%    2100.3 sec left
CG set 1429 / 2727    3080.9066 GFlop/s     (385.1133 GFlop/s per process)    52%    2099.0 sec left
CG set 1430 / 2727    3080.5400 GFlop/s     (385.0675 GFlop/s per process)    52%    2097.8 sec left
CG set 1431 / 2727    3080.5625 GFlop/s     (385.0703 GFlop/s per process)    52%    2096.7 sec left
CG set 1432 / 2727    3080.6969 GFlop/s     (385.0871 GFlop/s per process)    52%    2095.7 sec left
CG set 1433 / 2727    3080.6211 GFlop/s     (385.0776 GFlop/s per process)    52%    2094.7 sec left
CG set 1434 / 2727    3080.9877 GFlop/s     (385.1235 GFlop/s per process)    52%    2093.8 sec left
CG set 1435 / 2727    3081.2373 GFlop/s     (385.1547 GFlop/s per process)    52%    2092.9 sec left
CG set 1436 / 2727    3081.5821 GFlop/s     (385.1978 GFlop/s per process)    52%    2092.0 sec left
CG set 1437 / 2727    3081.7135 GFlop/s     (385.2142 GFlop/s per process)    52%    2091.0 sec left
CG set 1438 / 2727    3082.0851 GFlop/s     (385.2606 GFlop/s per process)    52%    2090.1 sec left
CG set 1439 / 2727    3082.3270 GFlop/s     (385.2909 GFlop/s per process)    52%    2089.2 sec left
CG set 1440 / 2727    3082.6213 GFlop/s     (385.3277 GFlop/s per process)    52%    2088.3 sec left
CG set 1441 / 2727    3082.9988 GFlop/s     (385.3748 GFlop/s per process)    52%    2087.4 sec left
CG set 1442 / 2727    3083.1924 GFlop/s     (385.3990 GFlop/s per process)    52%    2086.5 sec left
CG set 1443 / 2727    3083.6695 GFlop/s     (385.4587 GFlop/s per process)    52%    2085.7 sec left
CG set 1444 / 2727    3083.8639 GFlop/s     (385.4830 GFlop/s per process)    52%    2084.7 sec left
CG set 1445 / 2727    3084.2146 GFlop/s     (385.5268 GFlop/s per process)    52%    2083.8 sec left
CG set 1446 / 2727    3084.5684 GFlop/s     (385.5710 GFlop/s per process)    53%    2083.0 sec left
CG set 1447 / 2727    3084.7974 GFlop/s     (385.5997 GFlop/s per process)    53%    2082.0 sec left
CG set 1448 / 2727    3085.1803 GFlop/s     (385.6475 GFlop/s per process)    53%    2081.2 sec left
CG set 1449 / 2727    3085.4436 GFlop/s     (385.6804 GFlop/s per process)    53%    2080.3 sec left
CG set 1450 / 2727    3085.7556 GFlop/s     (385.7195 GFlop/s per process)    53%    2079.4 sec left
CG set 1451 / 2727    3086.0002 GFlop/s     (385.7500 GFlop/s per process)    53%    2078.4 sec left
CG set 1452 / 2727    3086.3943 GFlop/s     (385.7993 GFlop/s per process)    53%    2077.6 sec left
CG set 1453 / 2727    3086.7682 GFlop/s     (385.8460 GFlop/s per process)    53%    2076.7 sec left
CG set 1454 / 2727    3087.1549 GFlop/s     (385.8944 GFlop/s per process)    53%    2075.9 sec left
CG set 1455 / 2727    3087.4073 GFlop/s     (385.9259 GFlop/s per process)    53%    2075.0 sec left
CG set 1456 / 2727    3087.6597 GFlop/s     (385.9575 GFlop/s per process)    53%    2074.0 sec left
CG set 1457 / 2727    3088.0210 GFlop/s     (386.0026 GFlop/s per process)    53%    2073.2 sec left
CG set 1458 / 2727    3088.4213 GFlop/s     (386.0527 GFlop/s per process)    53%    2072.3 sec left
CG set 1459 / 2727    3088.6724 GFlop/s     (386.0841 GFlop/s per process)    53%    2071.4 sec left
CG set 1460 / 2727    3089.1031 GFlop/s     (386.1379 GFlop/s per process)    53%    2070.6 sec left
CG set 1461 / 2727    3089.5268 GFlop/s     (386.1909 GFlop/s per process)    53%    2069.7 sec left
CG set 1462 / 2727    3089.9100 GFlop/s     (386.2387 GFlop/s per process)    53%    2068.9 sec left
CG set 1463 / 2727    3090.0974 GFlop/s     (386.2622 GFlop/s per process)    53%    2067.9 sec left
CG set 1464 / 2727    3090.5334 GFlop/s     (386.3167 GFlop/s per process)    53%    2067.1 sec left
CG set 1465 / 2727    3090.8209 GFlop/s     (386.3526 GFlop/s per process)    53%    2066.2 sec left
CG set 1466 / 2727    3091.1365 GFlop/s     (386.3921 GFlop/s per process)    53%    2065.3 sec left
CG set 1467 / 2727    3091.3017 GFlop/s     (386.4127 GFlop/s per process)    53%    2064.3 sec left
CG set 1468 / 2727    3091.6656 GFlop/s     (386.4582 GFlop/s per process)    53%    2063.5 sec left
CG set 1469 / 2727    3091.8831 GFlop/s     (386.4854 GFlop/s per process)    53%    2062.5 sec left
CG set 1470 / 2727    3092.2477 GFlop/s     (386.5310 GFlop/s per process)    53%    2061.7 sec left
CG set 1471 / 2727    3092.4616 GFlop/s     (386.5577 GFlop/s per process)    53%    2060.7 sec left
CG set 1472 / 2727    3092.8223 GFlop/s     (386.6028 GFlop/s per process)    53%    2059.9 sec left
CG set 1473 / 2727    3093.0903 GFlop/s     (386.6363 GFlop/s per process)    54%    2059.0 sec left
CG set 1474 / 2727    3093.3184 GFlop/s     (386.6648 GFlop/s per process)    54%    2058.0 sec left
CG set 1475 / 2727    3093.6600 GFlop/s     (386.7075 GFlop/s per process)    54%    2057.2 sec left
CG set 1476 / 2727    3093.9914 GFlop/s     (386.7489 GFlop/s per process)    54%    2056.3 sec left
CG set 1477 / 2727    3094.3761 GFlop/s     (386.7970 GFlop/s per process)    54%    2055.4 sec left
CG set 1478 / 2727    3094.5830 GFlop/s     (386.8229 GFlop/s per process)    54%    2054.5 sec left
CG set 1479 / 2727    3095.0538 GFlop/s     (386.8817 GFlop/s per process)    54%    2053.7 sec left
CG set 1480 / 2727    3095.2236 GFlop/s     (386.9030 GFlop/s per process)    54%    2052.7 sec left
CG set 1481 / 2727    3095.6219 GFlop/s     (386.9527 GFlop/s per process)    54%    2051.9 sec left
CG set 1482 / 2727    3095.8354 GFlop/s     (386.9794 GFlop/s per process)    54%    2050.9 sec left
CG set 1483 / 2727    3096.1391 GFlop/s     (387.0174 GFlop/s per process)    54%    2050.1 sec left
CG set 1484 / 2727    3096.4374 GFlop/s     (387.0547 GFlop/s per process)    54%    2049.2 sec left
CG set 1485 / 2727    3096.7353 GFlop/s     (387.0919 GFlop/s per process)    54%    2048.3 sec left
CG set 1486 / 2727    3096.8372 GFlop/s     (387.1047 GFlop/s per process)    54%    2047.3 sec left
CG set 1487 / 2727    3097.3065 GFlop/s     (387.1633 GFlop/s per process)    54%    2046.5 sec left
CG set 1488 / 2727    3097.5293 GFlop/s     (387.1912 GFlop/s per process)    54%    2045.5 sec left
CG set 1489 / 2727    3097.8760 GFlop/s     (387.2345 GFlop/s per process)    54%    2044.7 sec left
CG set 1490 / 2727    3098.0502 GFlop/s     (387.2563 GFlop/s per process)    54%    2043.7 sec left
CG set 1491 / 2727    3098.2992 GFlop/s     (387.2874 GFlop/s per process)    54%    2042.8 sec left
CG set 1492 / 2727    3098.7054 GFlop/s     (387.3382 GFlop/s per process)    54%    2042.0 sec left
CG set 1493 / 2727    3098.8080 GFlop/s     (387.3510 GFlop/s per process)    54%    2041.0 sec left
CG set 1494 / 2727    3099.2031 GFlop/s     (387.4004 GFlop/s per process)    54%    2040.1 sec left
CG set 1495 / 2727    3099.4911 GFlop/s     (387.4364 GFlop/s per process)    54%    2039.2 sec left
CG set 1496 / 2727    3099.8919 GFlop/s     (387.4865 GFlop/s per process)    54%    2038.4 sec left
CG set 1497 / 2727    3099.9796 GFlop/s     (387.4975 GFlop/s per process)    54%    2037.4 sec left
CG set 1498 / 2727    3100.3936 GFlop/s     (387.5492 GFlop/s per process)    54%    2036.6 sec left
CG set 1499 / 2727    3100.6845 GFlop/s     (387.5856 GFlop/s per process)    54%    2035.7 sec left
CG set 1500 / 2727    3100.9883 GFlop/s     (387.6235 GFlop/s per process)    55%    2034.8 sec left
CG set 1501 / 2727    3101.2674 GFlop/s     (387.6584 GFlop/s per process)    55%    2033.9 sec left
CG set 1502 / 2727    3101.0625 GFlop/s     (387.6328 GFlop/s per process)    55%    2032.7 sec left
CG set 1503 / 2727    3101.1548 GFlop/s     (387.6443 GFlop/s per process)    55%    2031.7 sec left
CG set 1504 / 2727    3101.3918 GFlop/s     (387.6740 GFlop/s per process)    55%    2030.8 sec left
CG set 1505 / 2727    3101.5688 GFlop/s     (387.6961 GFlop/s per process)    55%    2029.9 sec left
CG set 1506 / 2727    3101.8188 GFlop/s     (387.7274 GFlop/s per process)    55%    2028.9 sec left
CG set 1507 / 2727    3101.9521 GFlop/s     (387.7440 GFlop/s per process)    55%    2028.0 sec left
CG set 1508 / 2727    3102.2387 GFlop/s     (387.7798 GFlop/s per process)    55%    2027.1 sec left
CG set 1509 / 2727    3102.3290 GFlop/s     (387.7911 GFlop/s per process)    55%    2026.1 sec left
CG set 1510 / 2727    3102.4584 GFlop/s     (387.8073 GFlop/s per process)    55%    2025.1 sec left
CG set 1511 / 2727    3102.6827 GFlop/s     (387.8353 GFlop/s per process)    55%    2024.2 sec left
CG set 1512 / 2727    3102.9706 GFlop/s     (387.8713 GFlop/s per process)    55%    2023.3 sec left
CG set 1513 / 2727    3103.1142 GFlop/s     (387.8893 GFlop/s per process)    55%    2022.3 sec left
CG set 1514 / 2727    3103.4711 GFlop/s     (387.9339 GFlop/s per process)    55%    2021.4 sec left
CG set 1515 / 2727    3103.5191 GFlop/s     (387.9399 GFlop/s per process)    55%    2020.4 sec left
CG set 1516 / 2727    3103.8313 GFlop/s     (387.9789 GFlop/s per process)    55%    2019.5 sec left
CG set 1517 / 2727    3104.0862 GFlop/s     (388.0108 GFlop/s per process)    55%    2018.6 sec left
CG set 1518 / 2727    3104.1568 GFlop/s     (388.0196 GFlop/s per process)    55%    2017.6 sec left
CG set 1519 / 2727    3104.2069 GFlop/s     (388.0259 GFlop/s per process)    55%    2016.6 sec left
CG set 1520 / 2727    3104.5599 GFlop/s     (388.0700 GFlop/s per process)    55%    2015.8 sec left
CG set 1521 / 2727    3104.7918 GFlop/s     (388.0990 GFlop/s per process)    55%    2014.8 sec left
CG set 1522 / 2727    3105.0035 GFlop/s     (388.1254 GFlop/s per process)    55%    2013.9 sec left
CG set 1523 / 2727    3105.1403 GFlop/s     (388.1425 GFlop/s per process)    55%    2012.9 sec left
CG set 1524 / 2727    3105.4005 GFlop/s     (388.1751 GFlop/s per process)    55%    2012.0 sec left
CG set 1525 / 2727    3105.5418 GFlop/s     (388.1927 GFlop/s per process)    55%    2011.1 sec left
CG set 1526 / 2727    3105.7118 GFlop/s     (388.2140 GFlop/s per process)    55%    2010.1 sec left
CG set 1527 / 2727    3105.9608 GFlop/s     (388.2451 GFlop/s per process)    55%    2009.2 sec left
CG set 1528 / 2727    3106.2522 GFlop/s     (388.2815 GFlop/s per process)    56%    2008.3 sec left
CG set 1529 / 2727    3106.3119 GFlop/s     (388.2890 GFlop/s per process)    56%    2007.3 sec left
CG set 1530 / 2727    3106.5573 GFlop/s     (388.3197 GFlop/s per process)    56%    2006.4 sec left
CG set 1531 / 2727    3106.8152 GFlop/s     (388.3519 GFlop/s per process)    56%    2005.5 sec left
CG set 1532 / 2727    3107.0228 GFlop/s     (388.3779 GFlop/s per process)    56%    2004.5 sec left
CG set 1533 / 2727    3107.1372 GFlop/s     (388.3921 GFlop/s per process)    56%    2003.5 sec left
CG set 1534 / 2727    3107.4267 GFlop/s     (388.4283 GFlop/s per process)    56%    2002.7 sec left
CG set 1535 / 2727    3107.6314 GFlop/s     (388.4539 GFlop/s per process)    56%    2001.7 sec left
CG set 1536 / 2727    3107.8587 GFlop/s     (388.4823 GFlop/s per process)    56%    2000.8 sec left
CG set 1537 / 2727    3108.0915 GFlop/s     (388.5114 GFlop/s per process)    56%    1999.9 sec left
CG set 1538 / 2727    3108.3353 GFlop/s     (388.5419 GFlop/s per process)    56%    1999.0 sec left
CG set 1539 / 2727    3108.5235 GFlop/s     (388.5654 GFlop/s per process)    56%    1998.0 sec left
CG set 1540 / 2727    3108.6977 GFlop/s     (388.5872 GFlop/s per process)    56%    1997.1 sec left
CG set 1541 / 2727    3108.8737 GFlop/s     (388.6092 GFlop/s per process)    56%    1996.1 sec left
CG set 1542 / 2727    3109.0371 GFlop/s     (388.6296 GFlop/s per process)    56%    1995.2 sec left
CG set 1543 / 2727    3109.1376 GFlop/s     (388.6422 GFlop/s per process)    56%    1994.2 sec left
CG set 1544 / 2727    3109.4205 GFlop/s     (388.6776 GFlop/s per process)    56%    1993.3 sec left
CG set 1545 / 2727    3109.6776 GFlop/s     (388.7097 GFlop/s per process)    56%    1992.4 sec left
CG set 1546 / 2727    3109.9054 GFlop/s     (388.7382 GFlop/s per process)    56%    1991.5 sec left
CG set 1547 / 2727    3110.1198 GFlop/s     (388.7650 GFlop/s per process)    56%    1990.5 sec left
CG set 1548 / 2727    3110.2189 GFlop/s     (388.7774 GFlop/s per process)    56%    1989.5 sec left
CG set 1549 / 2727    3110.5191 GFlop/s     (388.8149 GFlop/s per process)    56%    1988.7 sec left
CG set 1550 / 2727    3110.6615 GFlop/s     (388.8327 GFlop/s per process)    56%    1987.7 sec left
CG set 1551 / 2727    3110.9569 GFlop/s     (388.8696 GFlop/s per process)    56%    1986.8 sec left
CG set 1552 / 2727    3110.9617 GFlop/s     (388.8702 GFlop/s per process)    56%    1985.8 sec left
CG set 1553 / 2727    3111.2103 GFlop/s     (388.9013 GFlop/s per process)    56%    1984.9 sec left
CG set 1554 / 2727    3111.3363 GFlop/s     (388.9170 GFlop/s per process)    56%    1983.9 sec left
CG set 1555 / 2727    3111.5029 GFlop/s     (388.9379 GFlop/s per process)    57%    1982.9 sec left
CG set 1556 / 2727    3111.6453 GFlop/s     (388.9557 GFlop/s per process)    57%    1982.0 sec left
CG set 1557 / 2727    3111.8873 GFlop/s     (388.9859 GFlop/s per process)    57%    1981.1 sec left
CG set 1558 / 2727    3111.8244 GFlop/s     (388.9780 GFlop/s per process)    57%    1980.0 sec left
CG set 1559 / 2727    3112.1045 GFlop/s     (389.0131 GFlop/s per process)    57%    1979.1 sec left
CG set 1560 / 2727    3112.0254 GFlop/s     (389.0032 GFlop/s per process)    57%    1978.0 sec left
CG set 1561 / 2727    3112.1872 GFlop/s     (389.0234 GFlop/s per process)    57%    1977.1 sec left
CG set 1562 / 2727    3112.3566 GFlop/s     (389.0446 GFlop/s per process)    57%    1976.1 sec left
CG set 1563 / 2727    3112.6595 GFlop/s     (389.0824 GFlop/s per process)    57%    1975.2 sec left
CG set 1564 / 2727    3112.7267 GFlop/s     (389.0908 GFlop/s per process)    57%    1974.2 sec left
CG set 1565 / 2727    3112.9714 GFlop/s     (389.1214 GFlop/s per process)    57%    1973.3 sec left
CG set 1566 / 2727    3113.0741 GFlop/s     (389.1343 GFlop/s per process)    57%    1972.3 sec left
CG set 1567 / 2727    3113.1764 GFlop/s     (389.1470 GFlop/s per process)    57%    1971.4 sec left
CG set 1568 / 2727    3113.4200 GFlop/s     (389.1775 GFlop/s per process)    57%    1970.4 sec left
CG set 1569 / 2727    3113.5197 GFlop/s     (389.1900 GFlop/s per process)    57%    1969.5 sec left
CG set 1570 / 2727    3113.8069 GFlop/s     (389.2259 GFlop/s per process)    57%    1968.6 sec left
CG set 1571 / 2727    3113.8771 GFlop/s     (389.2346 GFlop/s per process)    57%    1967.6 sec left
CG set 1572 / 2727    3114.0564 GFlop/s     (389.2570 GFlop/s per process)    57%    1966.6 sec left
CG set 1573 / 2727    3114.3501 GFlop/s     (389.2938 GFlop/s per process)    57%    1965.7 sec left
CG set 1574 / 2727    3114.5300 GFlop/s     (389.3163 GFlop/s per process)    57%    1964.8 sec left
CG set 1575 / 2727    3114.7604 GFlop/s     (389.3451 GFlop/s per process)    57%    1963.9 sec left
CG set 1576 / 2727    3114.9097 GFlop/s     (389.3637 GFlop/s per process)    57%    1962.9 sec left
CG set 1577 / 2727    3114.9906 GFlop/s     (389.3738 GFlop/s per process)    57%    1961.9 sec left
CG set 1578 / 2727    3115.2325 GFlop/s     (389.4041 GFlop/s per process)    57%    1961.0 sec left
CG set 1579 / 2727    3115.4870 GFlop/s     (389.4359 GFlop/s per process)    57%    1960.1 sec left
CG set 1580 / 2727    3115.4373 GFlop/s     (389.4297 GFlop/s per process)    57%    1959.0 sec left
CG set 1581 / 2727    3115.6127 GFlop/s     (389.4516 GFlop/s per process)    57%    1958.1 sec left
CG set 1582 / 2727    3115.8136 GFlop/s     (389.4767 GFlop/s per process)    58%    1957.2 sec left
CG set 1583 / 2727    3116.0350 GFlop/s     (389.5044 GFlop/s per process)    58%    1956.3 sec left
CG set 1584 / 2727    3116.1697 GFlop/s     (389.5212 GFlop/s per process)    58%    1955.3 sec left
CG set 1585 / 2727    3116.3427 GFlop/s     (389.5428 GFlop/s per process)    58%    1954.3 sec left
CG set 1586 / 2727    3116.4662 GFlop/s     (389.5583 GFlop/s per process)    58%    1953.4 sec left
CG set 1587 / 2727    3116.7007 GFlop/s     (389.5876 GFlop/s per process)    58%    1952.5 sec left
CG set 1588 / 2727    3116.7426 GFlop/s     (389.5928 GFlop/s per process)    58%    1951.4 sec left
CG set 1589 / 2727    3117.0335 GFlop/s     (389.6292 GFlop/s per process)    58%    1950.6 sec left
CG set 1590 / 2727    3117.1470 GFlop/s     (389.6434 GFlop/s per process)    58%    1949.6 sec left
CG set 1591 / 2727    3117.3871 GFlop/s     (389.6734 GFlop/s per process)    58%    1948.7 sec left
CG set 1592 / 2727    3117.5925 GFlop/s     (389.6991 GFlop/s per process)    58%    1947.7 sec left
CG set 1593 / 2727    3117.6951 GFlop/s     (389.7119 GFlop/s per process)    58%    1946.8 sec left
CG set 1594 / 2727    3117.8596 GFlop/s     (389.7324 GFlop/s per process)    58%    1945.8 sec left
CG set 1595 / 2727    3118.1549 GFlop/s     (389.7694 GFlop/s per process)    58%    1944.9 sec left
CG set 1596 / 2727    3118.1420 GFlop/s     (389.7677 GFlop/s per process)    58%    1943.9 sec left
CG set 1597 / 2727    3118.4114 GFlop/s     (389.8014 GFlop/s per process)    58%    1943.0 sec left
CG set 1598 / 2727    3118.4257 GFlop/s     (389.8032 GFlop/s per process)    58%    1942.0 sec left
CG set 1599 / 2727    3118.6060 GFlop/s     (389.8258 GFlop/s per process)    58%    1941.0 sec left
CG set 1600 / 2727    3118.8456 GFlop/s     (389.8557 GFlop/s per process)    58%    1940.1 sec left
CG set 1601 / 2727    3118.9834 GFlop/s     (389.8729 GFlop/s per process)    58%    1939.2 sec left
CG set 1602 / 2727    3119.2520 GFlop/s     (389.9065 GFlop/s per process)    58%    1938.3 sec left
CG set 1603 / 2727    3119.4667 GFlop/s     (389.9333 GFlop/s per process)    58%    1937.3 sec left
CG set 1604 / 2727    3119.6771 GFlop/s     (389.9596 GFlop/s per process)    58%    1936.4 sec left
CG set 1605 / 2727    3119.9023 GFlop/s     (389.9878 GFlop/s per process)    58%    1935.5 sec left
CG set 1606 / 2727    3120.0808 GFlop/s     (390.0101 GFlop/s per process)    58%    1934.6 sec left
CG set 1607 / 2727    3120.2433 GFlop/s     (390.0304 GFlop/s per process)    58%    1933.6 sec left
CG set 1608 / 2727    3120.4490 GFlop/s     (390.0561 GFlop/s per process)    58%    1932.7 sec left
CG set 1609 / 2727    3120.5276 GFlop/s     (390.0659 GFlop/s per process)    59%    1931.7 sec left
CG set 1610 / 2727    3120.6858 GFlop/s     (390.0857 GFlop/s per process)    59%    1930.7 sec left
CG set 1611 / 2727    3120.9100 GFlop/s     (390.1137 GFlop/s per process)    59%    1929.8 sec left
CG set 1612 / 2727    3121.1331 GFlop/s     (390.1416 GFlop/s per process)    59%    1928.9 sec left
CG set 1613 / 2727    3121.2307 GFlop/s     (390.1538 GFlop/s per process)    59%    1927.9 sec left
CG set 1614 / 2727    3121.4601 GFlop/s     (390.1825 GFlop/s per process)    59%    1927.0 sec left
CG set 1615 / 2727    3121.5341 GFlop/s     (390.1918 GFlop/s per process)    59%    1926.0 sec left
CG set 1616 / 2727    3121.7390 GFlop/s     (390.2174 GFlop/s per process)    59%    1925.1 sec left
CG set 1617 / 2727    3121.8484 GFlop/s     (390.2311 GFlop/s per process)    59%    1924.1 sec left
CG set 1618 / 2727    3122.0208 GFlop/s     (390.2526 GFlop/s per process)    59%    1923.2 sec left
CG set 1619 / 2727    3122.1894 GFlop/s     (390.2737 GFlop/s per process)    59%    1922.2 sec left
CG set 1620 / 2727    3122.4126 GFlop/s     (390.3016 GFlop/s per process)    59%    1921.3 sec left
CG set 1621 / 2727    3122.6319 GFlop/s     (390.3290 GFlop/s per process)    59%    1920.4 sec left
CG set 1622 / 2727    3122.6622 GFlop/s     (390.3328 GFlop/s per process)    59%    1919.4 sec left
CG set 1623 / 2727    3122.9055 GFlop/s     (390.3632 GFlop/s per process)    59%    1918.5 sec left
CG set 1624 / 2727    3123.0970 GFlop/s     (390.3871 GFlop/s per process)    59%    1917.5 sec left
CG set 1625 / 2727    3123.2371 GFlop/s     (390.4046 GFlop/s per process)    59%    1916.6 sec left
CG set 1626 / 2727    3123.4392 GFlop/s     (390.4299 GFlop/s per process)    59%    1915.7 sec left
CG set 1627 / 2727    3123.6191 GFlop/s     (390.4524 GFlop/s per process)    59%    1914.7 sec left
CG set 1628 / 2727    3123.7992 GFlop/s     (390.4749 GFlop/s per process)    59%    1913.8 sec left
CG set 1629 / 2727    3124.0437 GFlop/s     (390.5055 GFlop/s per process)    59%    1912.9 sec left
CG set 1630 / 2727    3124.1939 GFlop/s     (390.5242 GFlop/s per process)    59%    1911.9 sec left
CG set 1631 / 2727    3124.4502 GFlop/s     (390.5563 GFlop/s per process)    59%    1911.0 sec left
CG set 1632 / 2727    3124.5716 GFlop/s     (390.5714 GFlop/s per process)    59%    1910.1 sec left
CG set 1633 / 2727    3124.8250 GFlop/s     (390.6031 GFlop/s per process)    59%    1909.2 sec left
CG set 1634 / 2727    3125.0673 GFlop/s     (390.6334 GFlop/s per process)    59%    1908.3 sec left
CG set 1635 / 2727    3125.3205 GFlop/s     (390.6651 GFlop/s per process)    59%    1907.4 sec left
CG set 1636 / 2727    3125.6185 GFlop/s     (390.7023 GFlop/s per process)    59%    1906.5 sec left
CG set 1637 / 2727    3125.7507 GFlop/s     (390.7188 GFlop/s per process)    60%    1905.5 sec left
CG set 1638 / 2727    3126.0409 GFlop/s     (390.7551 GFlop/s per process)    60%    1904.7 sec left
CG set 1639 / 2727    3126.0865 GFlop/s     (390.7608 GFlop/s per process)    60%    1903.7 sec left
CG set 1640 / 2727    3126.3800 GFlop/s     (390.7975 GFlop/s per process)    60%    1902.8 sec left
CG set 1641 / 2727    3126.6109 GFlop/s     (390.8264 GFlop/s per process)    60%    1901.9 sec left
CG set 1642 / 2727    3126.7616 GFlop/s     (390.8452 GFlop/s per process)    60%    1900.9 sec left
CG set 1643 / 2727    3126.9761 GFlop/s     (390.8720 GFlop/s per process)    60%    1900.0 sec left
CG set 1644 / 2727    3127.2463 GFlop/s     (390.9058 GFlop/s per process)    60%    1899.1 sec left
CG set 1645 / 2727    3127.4681 GFlop/s     (390.9335 GFlop/s per process)    60%    1898.2 sec left
CG set 1646 / 2727    3127.7650 GFlop/s     (390.9706 GFlop/s per process)    60%    1897.3 sec left
CG set 1647 / 2727    3127.9491 GFlop/s     (390.9936 GFlop/s per process)    60%    1896.4 sec left
CG set 1648 / 2727    3128.1327 GFlop/s     (391.0166 GFlop/s per process)    60%    1895.5 sec left
CG set 1649 / 2727    3128.3188 GFlop/s     (391.0399 GFlop/s per process)    60%    1894.5 sec left
CG set 1650 / 2727    3128.5874 GFlop/s     (391.0734 GFlop/s per process)    60%    1893.7 sec left
CG set 1651 / 2727    3128.8752 GFlop/s     (391.1094 GFlop/s per process)    60%    1892.8 sec left
CG set 1652 / 2727    3129.0313 GFlop/s     (391.1289 GFlop/s per process)    60%    1891.8 sec left
CG set 1653 / 2727    3129.3272 GFlop/s     (391.1659 GFlop/s per process)    60%    1891.0 sec left
CG set 1654 / 2727    3129.5293 GFlop/s     (391.1912 GFlop/s per process)    60%    1890.0 sec left
CG set 1655 / 2727    3129.6808 GFlop/s     (391.2101 GFlop/s per process)    60%    1889.1 sec left
CG set 1656 / 2727    3129.9066 GFlop/s     (391.2383 GFlop/s per process)    60%    1888.2 sec left
CG set 1657 / 2727    3130.1598 GFlop/s     (391.2700 GFlop/s per process)    60%    1887.3 sec left
CG set 1658 / 2727    3130.4134 GFlop/s     (391.3017 GFlop/s per process)    60%    1886.4 sec left
CG set 1659 / 2727    3130.7050 GFlop/s     (391.3381 GFlop/s per process)    60%    1885.5 sec left
CG set 1660 / 2727    3130.9365 GFlop/s     (391.3671 GFlop/s per process)    60%    1884.6 sec left
CG set 1661 / 2727    3131.0743 GFlop/s     (391.3843 GFlop/s per process)    60%    1883.7 sec left
CG set 1662 / 2727    3131.3037 GFlop/s     (391.4130 GFlop/s per process)    60%    1882.8 sec left
CG set 1663 / 2727    3131.5467 GFlop/s     (391.4433 GFlop/s per process)    60%    1881.9 sec left
CG set 1664 / 2727    3131.7559 GFlop/s     (391.4695 GFlop/s per process)    61%    1880.9 sec left
CG set 1665 / 2727    3131.8636 GFlop/s     (391.4830 GFlop/s per process)    61%    1880.0 sec left
CG set 1666 / 2727    3132.0197 GFlop/s     (391.5025 GFlop/s per process)    61%    1879.0 sec left
CG set 1667 / 2727    3132.3275 GFlop/s     (391.5409 GFlop/s per process)    61%    1878.2 sec left
CG set 1668 / 2727    3132.6865 GFlop/s     (391.5858 GFlop/s per process)    61%    1877.3 sec left
CG set 1669 / 2727    3132.7482 GFlop/s     (391.5935 GFlop/s per process)    61%    1876.3 sec left
CG set 1670 / 2727    3133.0213 GFlop/s     (391.6277 GFlop/s per process)    61%    1875.5 sec left
CG set 1671 / 2727    3133.2449 GFlop/s     (391.6556 GFlop/s per process)    61%    1874.5 sec left
CG set 1672 / 2727    3133.3773 GFlop/s     (391.6722 GFlop/s per process)    61%    1873.6 sec left
CG set 1673 / 2727    3133.7172 GFlop/s     (391.7146 GFlop/s per process)    61%    1872.7 sec left
CG set 1674 / 2727    3133.8967 GFlop/s     (391.7371 GFlop/s per process)    61%    1871.8 sec left
CG set 1675 / 2727    3134.1177 GFlop/s     (391.7647 GFlop/s per process)    61%    1870.9 sec left
CG set 1676 / 2727    3134.3377 GFlop/s     (391.7922 GFlop/s per process)    61%    1870.0 sec left
CG set 1677 / 2727    3134.6415 GFlop/s     (391.8302 GFlop/s per process)    61%    1869.1 sec left
CG set 1678 / 2727    3134.7548 GFlop/s     (391.8444 GFlop/s per process)    61%    1868.2 sec left
CG set 1679 / 2727    3134.9193 GFlop/s     (391.8649 GFlop/s per process)    61%    1867.2 sec left
CG set 1680 / 2727    3135.2160 GFlop/s     (391.9020 GFlop/s per process)    61%    1866.4 sec left
CG set 1681 / 2727    3135.4420 GFlop/s     (391.9302 GFlop/s per process)    61%    1865.5 sec left
CG set 1682 / 2727    3135.6705 GFlop/s     (391.9588 GFlop/s per process)    61%    1864.5 sec left
CG set 1683 / 2727    3135.8562 GFlop/s     (391.9820 GFlop/s per process)    61%    1863.6 sec left
CG set 1684 / 2727    3136.0773 GFlop/s     (392.0097 GFlop/s per process)    61%    1862.7 sec left
CG set 1685 / 2727    3136.3194 GFlop/s     (392.0399 GFlop/s per process)    61%    1861.8 sec left
CG set 1686 / 2727    3136.4513 GFlop/s     (392.0564 GFlop/s per process)    61%    1860.9 sec left
CG set 1687 / 2727    3136.6865 GFlop/s     (392.0858 GFlop/s per process)    61%    1860.0 sec left
CG set 1688 / 2727    3136.9655 GFlop/s     (392.1207 GFlop/s per process)    61%    1859.1 sec left
CG set 1689 / 2727    3137.0243 GFlop/s     (392.1280 GFlop/s per process)    61%    1858.1 sec left
CG set 1690 / 2727    3137.3206 GFlop/s     (392.1651 GFlop/s per process)    61%    1857.2 sec left
CG set 1691 / 2727    3137.4957 GFlop/s     (392.1870 GFlop/s per process)    62%    1856.3 sec left
CG set 1692 / 2727    3137.6777 GFlop/s     (392.2097 GFlop/s per process)    62%    1855.4 sec left
CG set 1693 / 2727    3137.9067 GFlop/s     (392.2383 GFlop/s per process)    62%    1854.5 sec left
CG set 1694 / 2727    3138.1237 GFlop/s     (392.2655 GFlop/s per process)    62%    1853.6 sec left
CG set 1695 / 2727    3138.2635 GFlop/s     (392.2829 GFlop/s per process)    62%    1852.6 sec left
CG set 1696 / 2727    3138.4314 GFlop/s     (392.3039 GFlop/s per process)    62%    1851.7 sec left
CG set 1697 / 2727    3138.7602 GFlop/s     (392.3450 GFlop/s per process)    62%    1850.8 sec left
CG set 1698 / 2727    3138.9894 GFlop/s     (392.3737 GFlop/s per process)    62%    1849.9 sec left
CG set 1699 / 2727    3139.1495 GFlop/s     (392.3937 GFlop/s per process)    62%    1849.0 sec left
CG set 1700 / 2727    3139.2582 GFlop/s     (392.4073 GFlop/s per process)    62%    1848.0 sec left
CG set 1701 / 2727    3139.4974 GFlop/s     (392.4372 GFlop/s per process)    62%    1847.1 sec left
CG set 1702 / 2727    3139.7245 GFlop/s     (392.4656 GFlop/s per process)    62%    1846.2 sec left
CG set 1703 / 2727    3139.9657 GFlop/s     (392.4957 GFlop/s per process)    62%    1845.3 sec left
CG set 1704 / 2727    3140.1142 GFlop/s     (392.5143 GFlop/s per process)    62%    1844.4 sec left
CG set 1705 / 2727    3140.3071 GFlop/s     (392.5384 GFlop/s per process)    62%    1843.5 sec left
CG set 1706 / 2727    3140.5236 GFlop/s     (392.5654 GFlop/s per process)    62%    1842.5 sec left
CG set 1707 / 2727    3140.8775 GFlop/s     (392.6097 GFlop/s per process)    62%    1841.7 sec left
CG set 1708 / 2727    3141.1396 GFlop/s     (392.6425 GFlop/s per process)    62%    1840.8 sec left
CG set 1709 / 2727    3141.3307 GFlop/s     (392.6663 GFlop/s per process)    62%    1839.9 sec left
CG set 1710 / 2727    3141.6460 GFlop/s     (392.7057 GFlop/s per process)    62%    1839.1 sec left
CG set 1711 / 2727    3141.8250 GFlop/s     (392.7281 GFlop/s per process)    62%    1838.1 sec left
CG set 1712 / 2727    3142.0859 GFlop/s     (392.7607 GFlop/s per process)    62%    1837.3 sec left
CG set 1713 / 2727    3142.3499 GFlop/s     (392.7937 GFlop/s per process)    62%    1836.4 sec left
CG set 1714 / 2727    3142.5641 GFlop/s     (392.8205 GFlop/s per process)    62%    1835.5 sec left
CG set 1715 / 2727    3142.7331 GFlop/s     (392.8416 GFlop/s per process)    62%    1834.5 sec left
CG set 1716 / 2727    3143.0353 GFlop/s     (392.8794 GFlop/s per process)    62%    1833.7 sec left
CG set 1717 / 2727    3143.3134 GFlop/s     (392.9142 GFlop/s per process)    62%    1832.8 sec left
CG set 1718 / 2727    3143.4278 GFlop/s     (392.9285 GFlop/s per process)    62%    1831.8 sec left
CG set 1719 / 2727    3143.6460 GFlop/s     (392.9558 GFlop/s per process)    63%    1830.9 sec left
CG set 1720 / 2727    3143.8190 GFlop/s     (392.9774 GFlop/s per process)    63%    1830.0 sec left
CG set 1721 / 2727    3144.0876 GFlop/s     (393.0109 GFlop/s per process)    63%    1829.1 sec left
CG set 1722 / 2727    3144.2617 GFlop/s     (393.0327 GFlop/s per process)    63%    1828.2 sec left
CG set 1723 / 2727    3144.5159 GFlop/s     (393.0645 GFlop/s per process)    63%    1827.3 sec left
CG set 1724 / 2727    3144.6693 GFlop/s     (393.0837 GFlop/s per process)    63%    1826.4 sec left
CG set 1725 / 2727    3144.9863 GFlop/s     (393.1233 GFlop/s per process)    63%    1825.5 sec left
CG set 1726 / 2727    3145.2125 GFlop/s     (393.1516 GFlop/s per process)    63%    1824.6 sec left
CG set 1727 / 2727    3145.4962 GFlop/s     (393.1870 GFlop/s per process)    63%    1823.8 sec left
CG set 1728 / 2727    3145.7262 GFlop/s     (393.2158 GFlop/s per process)    63%    1822.9 sec left
CG set 1729 / 2727    3145.9354 GFlop/s     (393.2419 GFlop/s per process)    63%    1822.0 sec left
CG set 1730 / 2727    3146.1499 GFlop/s     (393.2687 GFlop/s per process)    63%    1821.1 sec left
CG set 1731 / 2727    3146.3179 GFlop/s     (393.2897 GFlop/s per process)    63%    1820.1 sec left
CG set 1732 / 2727    3146.5209 GFlop/s     (393.3151 GFlop/s per process)    63%    1819.2 sec left
CG set 1733 / 2727    3146.8003 GFlop/s     (393.3500 GFlop/s per process)    63%    1818.3 sec left
CG set 1734 / 2727    3147.0663 GFlop/s     (393.3833 GFlop/s per process)    63%    1817.5 sec left
CG set 1735 / 2727    3147.2620 GFlop/s     (393.4078 GFlop/s per process)    63%    1816.6 sec left
CG set 1736 / 2727    3147.3190 GFlop/s     (393.4149 GFlop/s per process)    63%    1815.6 sec left
CG set 1737 / 2727    3147.5668 GFlop/s     (393.4459 GFlop/s per process)    63%    1814.7 sec left
CG set 1738 / 2727    3147.9461 GFlop/s     (393.4933 GFlop/s per process)    63%    1813.9 sec left
CG set 1739 / 2727    3148.1094 GFlop/s     (393.5137 GFlop/s per process)    63%    1812.9 sec left
CG set 1740 / 2727    3148.2809 GFlop/s     (393.5351 GFlop/s per process)    63%    1812.0 sec left
CG set 1741 / 2727    3148.5545 GFlop/s     (393.5693 GFlop/s per process)    63%    1811.1 sec left
CG set 1742 / 2727    3148.6751 GFlop/s     (393.5844 GFlop/s per process)    63%    1810.2 sec left
CG set 1743 / 2727    3148.9564 GFlop/s     (393.6195 GFlop/s per process)    63%    1809.3 sec left
CG set 1744 / 2727    3149.2005 GFlop/s     (393.6501 GFlop/s per process)    63%    1808.4 sec left
CG set 1745 / 2727    3149.3489 GFlop/s     (393.6686 GFlop/s per process)    63%    1807.5 sec left
CG set 1746 / 2727    3149.6299 GFlop/s     (393.7037 GFlop/s per process)    64%    1806.6 sec left
CG set 1747 / 2727    3149.8092 GFlop/s     (393.7262 GFlop/s per process)    64%    1805.7 sec left
CG set 1748 / 2727    3149.9956 GFlop/s     (393.7495 GFlop/s per process)    64%    1804.8 sec left
CG set 1749 / 2727    3150.2407 GFlop/s     (393.7801 GFlop/s per process)    64%    1803.9 sec left
CG set 1750 / 2727    3150.5863 GFlop/s     (393.8233 GFlop/s per process)    64%    1803.1 sec left
CG set 1751 / 2727    3150.8392 GFlop/s     (393.8549 GFlop/s per process)    64%    1802.2 sec left
CG set 1752 / 2727    3150.9897 GFlop/s     (393.8737 GFlop/s per process)    64%    1801.2 sec left
CG set 1753 / 2727    3151.0630 GFlop/s     (393.8829 GFlop/s per process)    64%    1800.3 sec left
CG set 1754 / 2727    3151.3210 GFlop/s     (393.9151 GFlop/s per process)    64%    1799.4 sec left
CG set 1755 / 2727    3151.5890 GFlop/s     (393.9486 GFlop/s per process)    64%    1798.5 sec left
CG set 1756 / 2727    3151.8032 GFlop/s     (393.9754 GFlop/s per process)    64%    1797.6 sec left
CG set 1757 / 2727    3151.9738 GFlop/s     (393.9967 GFlop/s per process)    64%    1796.7 sec left
CG set 1758 / 2727    3152.2894 GFlop/s     (394.0362 GFlop/s per process)    64%    1795.8 sec left
CG set 1759 / 2727    3152.4374 GFlop/s     (394.0547 GFlop/s per process)    64%    1794.9 sec left
CG set 1760 / 2727    3152.6430 GFlop/s     (394.0804 GFlop/s per process)    64%    1794.0 sec left
CG set 1761 / 2727    3152.9669 GFlop/s     (394.1209 GFlop/s per process)    64%    1793.2 sec left
CG set 1762 / 2727    3153.0858 GFlop/s     (394.1357 GFlop/s per process)    64%    1792.2 sec left
CG set 1763 / 2727    3153.3613 GFlop/s     (394.1702 GFlop/s per process)    64%    1791.3 sec left
CG set 1764 / 2727    3153.5880 GFlop/s     (394.1985 GFlop/s per process)    64%    1790.4 sec left
CG set 1765 / 2727    3153.7100 GFlop/s     (394.2138 GFlop/s per process)    64%    1789.5 sec left
CG set 1766 / 2727    3153.9546 GFlop/s     (394.2443 GFlop/s per process)    64%    1788.6 sec left
CG set 1767 / 2727    3154.0720 GFlop/s     (394.2590 GFlop/s per process)    64%    1787.6 sec left
CG set 1768 / 2727    3154.3948 GFlop/s     (394.2993 GFlop/s per process)    64%    1786.8 sec left
CG set 1769 / 2727    3154.6208 GFlop/s     (394.3276 GFlop/s per process)    64%    1785.9 sec left
CG set 1770 / 2727    3154.6931 GFlop/s     (394.3366 GFlop/s per process)    64%    1784.9 sec left
CG set 1771 / 2727    3154.9936 GFlop/s     (394.3742 GFlop/s per process)    64%    1784.1 sec left
CG set 1772 / 2727    3155.2036 GFlop/s     (394.4005 GFlop/s per process)    64%    1783.2 sec left
CG set 1773 / 2727    3155.4172 GFlop/s     (394.4271 GFlop/s per process)    65%    1782.3 sec left
CG set 1774 / 2727    3155.7374 GFlop/s     (394.4672 GFlop/s per process)    65%    1781.4 sec left
CG set 1775 / 2727    3155.9312 GFlop/s     (394.4914 GFlop/s per process)    65%    1780.5 sec left
CG set 1776 / 2727    3156.0959 GFlop/s     (394.5120 GFlop/s per process)    65%    1779.6 sec left
CG set 1777 / 2727    3156.3218 GFlop/s     (394.5402 GFlop/s per process)    65%    1778.7 sec left
CG set 1778 / 2727    3156.6799 GFlop/s     (394.5850 GFlop/s per process)    65%    1777.9 sec left
CG set 1779 / 2727    3156.8638 GFlop/s     (394.6080 GFlop/s per process)    65%    1777.0 sec left
CG set 1780 / 2727    3157.0420 GFlop/s     (394.6302 GFlop/s per process)    65%    1776.0 sec left
CG set 1781 / 2727    3157.2613 GFlop/s     (394.6577 GFlop/s per process)    65%    1775.2 sec left
CG set 1782 / 2727    3157.5118 GFlop/s     (394.6890 GFlop/s per process)    65%    1774.3 sec left
CG set 1783 / 2727    3157.7039 GFlop/s     (394.7130 GFlop/s per process)    65%    1773.4 sec left
CG set 1784 / 2727    3157.9615 GFlop/s     (394.7452 GFlop/s per process)    65%    1772.5 sec left
CG set 1785 / 2727    3158.1760 GFlop/s     (394.7720 GFlop/s per process)    65%    1771.6 sec left
CG set 1786 / 2727    3158.5113 GFlop/s     (394.8139 GFlop/s per process)    65%    1770.8 sec left
CG set 1787 / 2727    3158.6862 GFlop/s     (394.8358 GFlop/s per process)    65%    1769.8 sec left
CG set 1788 / 2727    3158.9407 GFlop/s     (394.8676 GFlop/s per process)    65%    1769.0 sec left
CG set 1789 / 2727    3159.1857 GFlop/s     (394.8982 GFlop/s per process)    65%    1768.1 sec left
CG set 1790 / 2727    3159.3807 GFlop/s     (394.9226 GFlop/s per process)    65%    1767.2 sec left
CG set 1791 / 2727    3159.6389 GFlop/s     (394.9549 GFlop/s per process)    65%    1766.3 sec left
CG set 1792 / 2727    3159.8712 GFlop/s     (394.9839 GFlop/s per process)    65%    1765.4 sec left
CG set 1793 / 2727    3160.0234 GFlop/s     (395.0029 GFlop/s per process)    65%    1764.5 sec left
CG set 1794 / 2727    3160.3373 GFlop/s     (395.0422 GFlop/s per process)    65%    1763.6 sec left
CG set 1795 / 2727    3160.5849 GFlop/s     (395.0731 GFlop/s per process)    65%    1762.8 sec left
CG set 1796 / 2727    3160.8575 GFlop/s     (395.1072 GFlop/s per process)    65%    1761.9 sec left
CG set 1797 / 2727    3160.9804 GFlop/s     (395.1225 GFlop/s per process)    65%    1761.0 sec left
CG set 1798 / 2727    3161.2325 GFlop/s     (395.1541 GFlop/s per process)    65%    1760.1 sec left
CG set 1799 / 2727    3161.5407 GFlop/s     (395.1926 GFlop/s per process)    65%    1759.2 sec left
CG set 1800 / 2727    3161.6539 GFlop/s     (395.2067 GFlop/s per process)    66%    1758.3 sec left
CG set 1801 / 2727    3161.7926 GFlop/s     (395.2241 GFlop/s per process)    66%    1757.3 sec left
CG set 1802 / 2727    3162.0001 GFlop/s     (395.2500 GFlop/s per process)    66%    1756.4 sec left
CG set 1803 / 2727    3162.1830 GFlop/s     (395.2729 GFlop/s per process)    66%    1755.5 sec left
CG set 1804 / 2727    3162.3714 GFlop/s     (395.2964 GFlop/s per process)    66%    1754.6 sec left
CG set 1805 / 2727    3162.5536 GFlop/s     (395.3192 GFlop/s per process)    66%    1753.7 sec left
CG set 1806 / 2727    3162.8439 GFlop/s     (395.3555 GFlop/s per process)    66%    1752.8 sec left
CG set 1807 / 2727    3162.9200 GFlop/s     (395.3650 GFlop/s per process)    66%    1751.9 sec left
CG set 1808 / 2727    3163.1835 GFlop/s     (395.3979 GFlop/s per process)    66%    1751.0 sec left
CG set 1809 / 2727    3163.4246 GFlop/s     (395.4281 GFlop/s per process)    66%    1750.1 sec left
CG set 1810 / 2727    3163.4549 GFlop/s     (395.4319 GFlop/s per process)    66%    1749.1 sec left
CG set 1811 / 2727    3163.7220 GFlop/s     (395.4652 GFlop/s per process)    66%    1748.3 sec left
CG set 1812 / 2727    3163.8080 GFlop/s     (395.4760 GFlop/s per process)    66%    1747.3 sec left
CG set 1813 / 2727    3164.0678 GFlop/s     (395.5085 GFlop/s per process)    66%    1746.4 sec left
CG set 1814 / 2727    3164.2650 GFlop/s     (395.5331 GFlop/s per process)    66%    1745.5 sec left
CG set 1815 / 2727    3164.3429 GFlop/s     (395.5429 GFlop/s per process)    66%    1744.5 sec left
CG set 1816 / 2727    3164.6535 GFlop/s     (395.5817 GFlop/s per process)    66%    1743.7 sec left
CG set 1817 / 2727    3164.6907 GFlop/s     (395.5863 GFlop/s per process)    66%    1742.7 sec left
CG set 1818 / 2727    3164.7856 GFlop/s     (395.5982 GFlop/s per process)    66%    1741.7 sec left
CG set 1819 / 2727    3164.9745 GFlop/s     (395.6218 GFlop/s per process)    66%    1740.8 sec left
CG set 1820 / 2727    3165.1441 GFlop/s     (395.6430 GFlop/s per process)    66%    1739.9 sec left
CG set 1821 / 2727    3165.4134 GFlop/s     (395.6767 GFlop/s per process)    66%    1739.0 sec left
CG set 1822 / 2727    3165.5639 GFlop/s     (395.6955 GFlop/s per process)    66%    1738.1 sec left
CG set 1823 / 2727    3165.7044 GFlop/s     (395.7130 GFlop/s per process)    66%    1737.2 sec left
CG set 1824 / 2727    3165.8072 GFlop/s     (395.7259 GFlop/s per process)    66%    1736.2 sec left
CG set 1825 / 2727    3166.0609 GFlop/s     (395.7576 GFlop/s per process)    66%    1735.3 sec left
CG set 1826 / 2727    3166.2992 GFlop/s     (395.7874 GFlop/s per process)    66%    1734.5 sec left
CG set 1827 / 2727    3166.3601 GFlop/s     (395.7950 GFlop/s per process)    66%    1733.5 sec left
CG set 1828 / 2727    3166.5582 GFlop/s     (395.8198 GFlop/s per process)    67%    1732.6 sec left
CG set 1829 / 2727    3166.6712 GFlop/s     (395.8339 GFlop/s per process)    67%    1731.6 sec left
CG set 1830 / 2727    3166.8486 GFlop/s     (395.8561 GFlop/s per process)    67%    1730.7 sec left
CG set 1831 / 2727    3166.8971 GFlop/s     (395.8621 GFlop/s per process)    67%    1729.7 sec left
CG set 1832 / 2727    3167.1549 GFlop/s     (395.8944 GFlop/s per process)    67%    1728.8 sec left
CG set 1833 / 2727    3167.3345 GFlop/s     (395.9168 GFlop/s per process)    67%    1727.9 sec left
CG set 1834 / 2727    3167.4025 GFlop/s     (395.9253 GFlop/s per process)    67%    1727.0 sec left
CG set 1835 / 2727    3167.5880 GFlop/s     (395.9485 GFlop/s per process)    67%    1726.0 sec left
CG set 1836 / 2727    3167.7384 GFlop/s     (395.9673 GFlop/s per process)    67%    1725.1 sec left
CG set 1837 / 2727    3167.8765 GFlop/s     (395.9846 GFlop/s per process)    67%    1724.2 sec left
CG set 1838 / 2727    3168.1171 GFlop/s     (396.0146 GFlop/s per process)    67%    1723.3 sec left
CG set 1839 / 2727    3168.2503 GFlop/s     (396.0313 GFlop/s per process)    67%    1722.4 sec left
CG set 1840 / 2727    3168.3719 GFlop/s     (396.0465 GFlop/s per process)    67%    1721.4 sec left
CG set 1841 / 2727    3168.5475 GFlop/s     (396.0684 GFlop/s per process)    67%    1720.5 sec left
CG set 1842 / 2727    3168.8148 GFlop/s     (396.1019 GFlop/s per process)    67%    1719.6 sec left
CG set 1843 / 2727    3169.0528 GFlop/s     (396.1316 GFlop/s per process)    67%    1718.8 sec left
CG set 1844 / 2727    3169.2428 GFlop/s     (396.1553 GFlop/s per process)    67%    1717.8 sec left
CG set 1845 / 2727    3169.4125 GFlop/s     (396.1766 GFlop/s per process)    67%    1716.9 sec left
CG set 1846 / 2727    3169.6715 GFlop/s     (396.2089 GFlop/s per process)    67%    1716.1 sec left
CG set 1847 / 2727    3169.7973 GFlop/s     (396.2247 GFlop/s per process)    67%    1715.1 sec left
CG set 1848 / 2727    3170.0509 GFlop/s     (396.2564 GFlop/s per process)    67%    1714.3 sec left
CG set 1849 / 2727    3170.2967 GFlop/s     (396.2871 GFlop/s per process)    67%    1713.4 sec left
CG set 1850 / 2727    3170.4378 GFlop/s     (396.3047 GFlop/s per process)    67%    1712.4 sec left
CG set 1851 / 2727    3170.5342 GFlop/s     (396.3168 GFlop/s per process)    67%    1711.5 sec left
CG set 1852 / 2727    3170.8216 GFlop/s     (396.3527 GFlop/s per process)    67%    1710.6 sec left
CG set 1853 / 2727    3170.9200 GFlop/s     (396.3650 GFlop/s per process)    67%    1709.7 sec left
CG set 1854 / 2727    3171.1100 GFlop/s     (396.3888 GFlop/s per process)    67%    1708.8 sec left
CG set 1855 / 2727    3171.2839 GFlop/s     (396.4105 GFlop/s per process)    68%    1707.9 sec left
CG set 1856 / 2727    3171.5114 GFlop/s     (396.4389 GFlop/s per process)    68%    1707.0 sec left
CG set 1857 / 2727    3171.6611 GFlop/s     (396.4576 GFlop/s per process)    68%    1706.0 sec left
CG set 1858 / 2727    3171.8540 GFlop/s     (396.4818 GFlop/s per process)    68%    1705.1 sec left
CG set 1859 / 2727    3171.9671 GFlop/s     (396.4959 GFlop/s per process)    68%    1704.2 sec left
CG set 1860 / 2727    3172.1483 GFlop/s     (396.5185 GFlop/s per process)    68%    1703.3 sec left
CG set 1861 / 2727    3172.4009 GFlop/s     (396.5501 GFlop/s per process)    68%    1702.4 sec left
CG set 1862 / 2727    3172.4640 GFlop/s     (396.5580 GFlop/s per process)    68%    1701.4 sec left
CG set 1863 / 2727    3172.6663 GFlop/s     (396.5833 GFlop/s per process)    68%    1700.5 sec left
CG set 1864 / 2727    3172.8435 GFlop/s     (396.6054 GFlop/s per process)    68%    1699.6 sec left
CG set 1865 / 2727    3173.0030 GFlop/s     (396.6254 GFlop/s per process)    68%    1698.7 sec left
CG set 1866 / 2727    3173.2047 GFlop/s     (396.6506 GFlop/s per process)    68%    1697.8 sec left
CG set 1867 / 2727    3173.3727 GFlop/s     (396.6716 GFlop/s per process)    68%    1696.9 sec left
CG set 1868 / 2727    3173.4870 GFlop/s     (396.6859 GFlop/s per process)    68%    1695.9 sec left
CG set 1869 / 2727    3173.7729 GFlop/s     (396.7216 GFlop/s per process)    68%    1695.1 sec left
CG set 1870 / 2727    3173.7051 GFlop/s     (396.7131 GFlop/s per process)    68%    1694.0 sec left
CG set 1871 / 2727    3173.9942 GFlop/s     (396.7493 GFlop/s per process)    68%    1693.2 sec left
CG set 1872 / 2727    3174.2779 GFlop/s     (396.7847 GFlop/s per process)    68%    1692.3 sec left
CG set 1873 / 2727    3174.3175 GFlop/s     (396.7897 GFlop/s per process)    68%    1691.3 sec left
CG set 1874 / 2727    3174.4703 GFlop/s     (396.8088 GFlop/s per process)    68%    1690.4 sec left
CG set 1875 / 2727    3174.6225 GFlop/s     (396.8278 GFlop/s per process)    68%    1689.5 sec left
CG set 1876 / 2727    3174.8564 GFlop/s     (396.8570 GFlop/s per process)    68%    1688.6 sec left
CG set 1877 / 2727    3175.0282 GFlop/s     (396.8785 GFlop/s per process)    68%    1687.7 sec left
CG set 1878 / 2727    3175.2046 GFlop/s     (396.9006 GFlop/s per process)    68%    1686.8 sec left
CG set 1879 / 2727    3175.3463 GFlop/s     (396.9183 GFlop/s per process)    68%    1685.9 sec left
CG set 1880 / 2727    3175.5477 GFlop/s     (396.9435 GFlop/s per process)    68%    1685.0 sec left
CG set 1881 / 2727    3175.7322 GFlop/s     (396.9665 GFlop/s per process)    68%    1684.1 sec left
CG set 1882 / 2727    3175.8578 GFlop/s     (396.9822 GFlop/s per process)    69%    1683.1 sec left
CG set 1883 / 2727    3176.0301 GFlop/s     (397.0038 GFlop/s per process)    69%    1682.2 sec left
CG set 1884 / 2727    3176.2504 GFlop/s     (397.0313 GFlop/s per process)    69%    1681.3 sec left
CG set 1885 / 2727    3176.4152 GFlop/s     (397.0519 GFlop/s per process)    69%    1680.4 sec left
CG set 1886 / 2727    3176.6517 GFlop/s     (397.0815 GFlop/s per process)    69%    1679.5 sec left
CG set 1887 / 2727    3176.7222 GFlop/s     (397.0903 GFlop/s per process)    69%    1678.6 sec left
CG set 1888 / 2727    3176.9355 GFlop/s     (397.1169 GFlop/s per process)    69%    1677.7 sec left
CG set 1889 / 2727    3177.1778 GFlop/s     (397.1472 GFlop/s per process)    69%    1676.8 sec left
CG set 1890 / 2727    3177.3860 GFlop/s     (397.1732 GFlop/s per process)    69%    1675.9 sec left
CG set 1891 / 2727    3177.4638 GFlop/s     (397.1830 GFlop/s per process)    69%    1674.9 sec left
CG set 1892 / 2727    3177.5993 GFlop/s     (397.1999 GFlop/s per process)    69%    1674.0 sec left
CG set 1893 / 2727    3177.8049 GFlop/s     (397.2256 GFlop/s per process)    69%    1673.1 sec left
CG set 1894 / 2727    3178.0621 GFlop/s     (397.2578 GFlop/s per process)    69%    1672.3 sec left
CG set 1895 / 2727    3178.1646 GFlop/s     (397.2706 GFlop/s per process)    69%    1671.3 sec left
CG set 1896 / 2727    3178.4133 GFlop/s     (397.3017 GFlop/s per process)    69%    1670.4 sec left
CG set 1897 / 2727    3178.5104 GFlop/s     (397.3138 GFlop/s per process)    69%    1669.5 sec left
CG set 1898 / 2727    3178.7893 GFlop/s     (397.3487 GFlop/s per process)    69%    1668.6 sec left
CG set 1899 / 2727    3179.0123 GFlop/s     (397.3765 GFlop/s per process)    69%    1667.8 sec left
CG set 1900 / 2727    3179.0823 GFlop/s     (397.3853 GFlop/s per process)    69%    1666.8 sec left
CG set 1901 / 2727    3179.4131 GFlop/s     (397.4266 GFlop/s per process)    69%    1666.0 sec left
CG set 1902 / 2727    3179.6561 GFlop/s     (397.4570 GFlop/s per process)    69%    1665.1 sec left
CG set 1903 / 2727    3179.6960 GFlop/s     (397.4620 GFlop/s per process)    69%    1664.1 sec left
CG set 1904 / 2727    3179.9299 GFlop/s     (397.4912 GFlop/s per process)    69%    1663.2 sec left
CG set 1905 / 2727    3180.1223 GFlop/s     (397.5153 GFlop/s per process)    69%    1662.3 sec left
CG set 1906 / 2727    3180.2534 GFlop/s     (397.5317 GFlop/s per process)    69%    1661.4 sec left
CG set 1907 / 2727    3180.4644 GFlop/s     (397.5580 GFlop/s per process)    69%    1660.5 sec left
CG set 1908 / 2727    3180.7528 GFlop/s     (397.5941 GFlop/s per process)    69%    1659.7 sec left
CG set 1909 / 2727    3180.8185 GFlop/s     (397.6023 GFlop/s per process)    70%    1658.7 sec left
CG set 1910 / 2727    3181.0129 GFlop/s     (397.6266 GFlop/s per process)    70%    1657.8 sec left
CG set 1911 / 2727    3181.2926 GFlop/s     (397.6616 GFlop/s per process)    70%    1657.0 sec left
CG set 1912 / 2727    3181.3854 GFlop/s     (397.6732 GFlop/s per process)    70%    1656.0 sec left
CG set 1913 / 2727    3181.6147 GFlop/s     (397.7018 GFlop/s per process)    70%    1655.1 sec left
CG set 1914 / 2727    3181.6168 GFlop/s     (397.7021 GFlop/s per process)    70%    1654.1 sec left
CG set 1915 / 2727    3181.8408 GFlop/s     (397.7301 GFlop/s per process)    70%    1653.2 sec left
CG set 1916 / 2727    3182.1193 GFlop/s     (397.7649 GFlop/s per process)    70%    1652.4 sec left
CG set 1917 / 2727    3182.2388 GFlop/s     (397.7798 GFlop/s per process)    70%    1651.4 sec left
CG set 1918 / 2727    3182.4140 GFlop/s     (397.8017 GFlop/s per process)    70%    1650.5 sec left
CG set 1919 / 2727    3182.6472 GFlop/s     (397.8309 GFlop/s per process)    70%    1649.7 sec left
CG set 1920 / 2727    3182.6711 GFlop/s     (397.8339 GFlop/s per process)    70%    1648.7 sec left
CG set 1921 / 2727    3182.9517 GFlop/s     (397.8690 GFlop/s per process)    70%    1647.8 sec left
CG set 1922 / 2727    3183.1444 GFlop/s     (397.8931 GFlop/s per process)    70%    1646.9 sec left
CG set 1923 / 2727    3183.3656 GFlop/s     (397.9207 GFlop/s per process)    70%    1646.0 sec left
CG set 1924 / 2727    3183.4099 GFlop/s     (397.9262 GFlop/s per process)    70%    1645.1 sec left
CG set 1925 / 2727    3183.6804 GFlop/s     (397.9600 GFlop/s per process)    70%    1644.2 sec left
CG set 1926 / 2727    3183.8105 GFlop/s     (397.9763 GFlop/s per process)    70%    1643.3 sec left
CG set 1927 / 2727    3183.9658 GFlop/s     (397.9957 GFlop/s per process)    70%    1642.4 sec left
CG set 1928 / 2727    3184.1869 GFlop/s     (398.0234 GFlop/s per process)    70%    1641.5 sec left
CG set 1929 / 2727    3184.3695 GFlop/s     (398.0462 GFlop/s per process)    70%    1640.6 sec left
CG set 1930 / 2727    3184.5922 GFlop/s     (398.0740 GFlop/s per process)    70%    1639.7 sec left
CG set 1931 / 2727    3184.6834 GFlop/s     (398.0854 GFlop/s per process)    70%    1638.7 sec left
CG set 1932 / 2727    3184.8569 GFlop/s     (398.1071 GFlop/s per process)    70%    1637.8 sec left
CG set 1933 / 2727    3185.1314 GFlop/s     (398.1414 GFlop/s per process)    70%    1637.0 sec left
CG set 1934 / 2727    3185.2724 GFlop/s     (398.1590 GFlop/s per process)    70%    1636.1 sec left
CG set 1935 / 2727    3185.4633 GFlop/s     (398.1829 GFlop/s per process)    70%    1635.2 sec left
CG set 1936 / 2727    3185.6897 GFlop/s     (398.2112 GFlop/s per process)    70%    1634.3 sec left
CG set 1937 / 2727    3185.8136 GFlop/s     (398.2267 GFlop/s per process)    71%    1633.4 sec left
CG set 1938 / 2727    3185.9295 GFlop/s     (398.2412 GFlop/s per process)    71%    1632.4 sec left
CG set 1939 / 2727    3186.1499 GFlop/s     (398.2687 GFlop/s per process)    71%    1631.5 sec left
CG set 1940 / 2727    3186.3822 GFlop/s     (398.2978 GFlop/s per process)    71%    1630.7 sec left
CG set 1941 / 2727    3186.5291 GFlop/s     (398.3161 GFlop/s per process)    71%    1629.7 sec left
CG set 1942 / 2727    3186.7039 GFlop/s     (398.3380 GFlop/s per process)    71%    1628.8 sec left
CG set 1943 / 2727    3186.9358 GFlop/s     (398.3670 GFlop/s per process)    71%    1628.0 sec left
CG set 1944 / 2727    3187.0455 GFlop/s     (398.3807 GFlop/s per process)    71%    1627.0 sec left
CG set 1945 / 2727    3187.2852 GFlop/s     (398.4106 GFlop/s per process)    71%    1626.2 sec left
CG set 1946 / 2727    3187.4844 GFlop/s     (398.4355 GFlop/s per process)    71%    1625.3 sec left
CG set 1947 / 2727    3187.6981 GFlop/s     (398.4623 GFlop/s per process)    71%    1624.4 sec left
CG set 1948 / 2727    3187.8698 GFlop/s     (398.4837 GFlop/s per process)    71%    1623.5 sec left
CG set 1949 / 2727    3187.9785 GFlop/s     (398.4973 GFlop/s per process)    71%    1622.5 sec left
CG set 1950 / 2727    3188.2181 GFlop/s     (398.5273 GFlop/s per process)    71%    1621.7 sec left
CG set 1951 / 2727    3188.3520 GFlop/s     (398.5440 GFlop/s per process)    71%    1620.7 sec left
CG set 1952 / 2727    3188.6321 GFlop/s     (398.5790 GFlop/s per process)    71%    1619.9 sec left
CG set 1953 / 2727    3188.8726 GFlop/s     (398.6091 GFlop/s per process)    71%    1619.0 sec left
CG set 1954 / 2727    3189.0109 GFlop/s     (398.6264 GFlop/s per process)    71%    1618.1 sec left
CG set 1955 / 2727    3189.2582 GFlop/s     (398.6573 GFlop/s per process)    71%    1617.3 sec left
CG set 1956 / 2727    3189.3843 GFlop/s     (398.6730 GFlop/s per process)    71%    1616.3 sec left
CG set 1957 / 2727    3189.6220 GFlop/s     (398.7028 GFlop/s per process)    71%    1615.5 sec left
CG set 1958 / 2727    3189.8584 GFlop/s     (398.7323 GFlop/s per process)    71%    1614.6 sec left
CG set 1959 / 2727    3190.0158 GFlop/s     (398.7520 GFlop/s per process)    71%    1613.7 sec left
CG set 1960 / 2727    3190.2989 GFlop/s     (398.7874 GFlop/s per process)    71%    1612.8 sec left
CG set 1961 / 2727    3190.3471 GFlop/s     (398.7934 GFlop/s per process)    71%    1611.9 sec left
CG set 1962 / 2727    3190.4911 GFlop/s     (398.8114 GFlop/s per process)    71%    1610.9 sec left
CG set 1963 / 2727    3190.7825 GFlop/s     (398.8478 GFlop/s per process)    71%    1610.1 sec left
CG set 1964 / 2727    3190.7479 GFlop/s     (398.8435 GFlop/s per process)    72%    1609.1 sec left
CG set 1965 / 2727    3190.9774 GFlop/s     (398.8722 GFlop/s per process)    72%    1608.2 sec left
CG set 1966 / 2727    3191.2115 GFlop/s     (398.9014 GFlop/s per process)    72%    1607.3 sec left
CG set 1967 / 2727    3191.4407 GFlop/s     (398.9301 GFlop/s per process)    72%    1606.5 sec left
CG set 1968 / 2727    3191.6396 GFlop/s     (398.9550 GFlop/s per process)    72%    1605.6 sec left
CG set 1969 / 2727    3191.8511 GFlop/s     (398.9814 GFlop/s per process)    72%    1604.7 sec left
CG set 1970 / 2727    3192.1300 GFlop/s     (399.0162 GFlop/s per process)    72%    1603.9 sec left
CG set 1971 / 2727    3192.1699 GFlop/s     (399.0212 GFlop/s per process)    72%    1602.9 sec left
CG set 1972 / 2727    3192.4389 GFlop/s     (399.0549 GFlop/s per process)    72%    1602.0 sec left
CG set 1973 / 2727    3192.6140 GFlop/s     (399.0767 GFlop/s per process)    72%    1601.1 sec left
CG set 1974 / 2727    3192.8362 GFlop/s     (399.1045 GFlop/s per process)    72%    1600.3 sec left
CG set 1975 / 2727    3193.0269 GFlop/s     (399.1284 GFlop/s per process)    72%    1599.4 sec left
CG set 1976 / 2727    3193.2241 GFlop/s     (399.1530 GFlop/s per process)    72%    1598.5 sec left
CG set 1977 / 2727    3193.4686 GFlop/s     (399.1836 GFlop/s per process)    72%    1597.6 sec left
CG set 1978 / 2727    3193.7083 GFlop/s     (399.2135 GFlop/s per process)    72%    1596.8 sec left
CG set 1979 / 2727    3193.8001 GFlop/s     (399.2250 GFlop/s per process)    72%    1595.8 sec left
CG set 1980 / 2727    3194.0328 GFlop/s     (399.2541 GFlop/s per process)    72%    1594.9 sec left
CG set 1981 / 2727    3194.2171 GFlop/s     (399.2771 GFlop/s per process)    72%    1594.1 sec left
CG set 1982 / 2727    3194.4462 GFlop/s     (399.3058 GFlop/s per process)    72%    1593.2 sec left
CG set 1983 / 2727    3194.6771 GFlop/s     (399.3346 GFlop/s per process)    72%    1592.3 sec left
CG set 1984 / 2727    3194.8659 GFlop/s     (399.3582 GFlop/s per process)    72%    1591.4 sec left
CG set 1985 / 2727    3195.0213 GFlop/s     (399.3777 GFlop/s per process)    72%    1590.5 sec left
CG set 1986 / 2727    3195.2463 GFlop/s     (399.4058 GFlop/s per process)    72%    1589.6 sec left
CG set 1987 / 2727    3195.5231 GFlop/s     (399.4404 GFlop/s per process)    72%    1588.8 sec left
CG set 1988 / 2727    3195.6658 GFlop/s     (399.4582 GFlop/s per process)    72%    1587.9 sec left
CG set 1989 / 2727    3195.8325 GFlop/s     (399.4791 GFlop/s per process)    72%    1587.0 sec left
CG set 1990 / 2727    3196.0223 GFlop/s     (399.5028 GFlop/s per process)    72%    1586.1 sec left
CG set 1991 / 2727    3196.2043 GFlop/s     (399.5255 GFlop/s per process)    73%    1585.2 sec left
CG set 1992 / 2727    3196.4176 GFlop/s     (399.5522 GFlop/s per process)    73%    1584.3 sec left
CG set 1993 / 2727    3196.5758 GFlop/s     (399.5720 GFlop/s per process)    73%    1583.4 sec left
CG set 1994 / 2727    3196.8206 GFlop/s     (399.6026 GFlop/s per process)    73%    1582.6 sec left
CG set 1995 / 2727    3197.0262 GFlop/s     (399.6283 GFlop/s per process)    73%    1581.7 sec left
CG set 1996 / 2727    3197.1498 GFlop/s     (399.6437 GFlop/s per process)    73%    1580.7 sec left
CG set 1997 / 2727    3197.4306 GFlop/s     (399.6788 GFlop/s per process)    73%    1579.9 sec left
CG set 1998 / 2727    3197.6962 GFlop/s     (399.7120 GFlop/s per process)    73%    1579.1 sec left
CG set 1999 / 2727    3197.8236 GFlop/s     (399.7279 GFlop/s per process)    73%    1578.1 sec left
CG set 2000 / 2727    3198.0567 GFlop/s     (399.7571 GFlop/s per process)    73%    1577.3 sec left
CG set 2001 / 2727    3198.2888 GFlop/s     (399.7861 GFlop/s per process)    73%    1576.4 sec left
CG set 2002 / 2727    3198.3553 GFlop/s     (399.7944 GFlop/s per process)    73%    1575.5 sec left
CG set 2003 / 2727    3198.6271 GFlop/s     (399.8284 GFlop/s per process)    73%    1574.6 sec left
CG set 2004 / 2727    3198.8151 GFlop/s     (399.8519 GFlop/s per process)    73%    1573.7 sec left
CG set 2005 / 2727    3199.0623 GFlop/s     (399.8828 GFlop/s per process)    73%    1572.9 sec left
CG set 2006 / 2727    3199.1750 GFlop/s     (399.8969 GFlop/s per process)    73%    1571.9 sec left
CG set 2007 / 2727    3199.3884 GFlop/s     (399.9235 GFlop/s per process)    73%    1571.1 sec left
CG set 2008 / 2727    3199.5609 GFlop/s     (399.9451 GFlop/s per process)    73%    1570.2 sec left
CG set 2009 / 2727    3199.7416 GFlop/s     (399.9677 GFlop/s per process)    73%    1569.3 sec left
CG set 2010 / 2727    3200.0135 GFlop/s     (400.0017 GFlop/s per process)    73%    1568.4 sec left
CG set 2011 / 2727    3200.1138 GFlop/s     (400.0142 GFlop/s per process)    73%    1567.5 sec left
CG set 2012 / 2727    3200.3249 GFlop/s     (400.0406 GFlop/s per process)    73%    1566.6 sec left
CG set 2013 / 2727    3200.6406 GFlop/s     (400.0801 GFlop/s per process)    73%    1565.8 sec left
CG set 2014 / 2727    3200.7756 GFlop/s     (400.0970 GFlop/s per process)    73%    1564.9 sec left
CG set 2015 / 2727    3200.9445 GFlop/s     (400.1181 GFlop/s per process)    73%    1564.0 sec left
CG set 2016 / 2727    3201.0902 GFlop/s     (400.1363 GFlop/s per process)    73%    1563.1 sec left
CG set 2017 / 2727    3201.3911 GFlop/s     (400.1739 GFlop/s per process)    73%    1562.2 sec left
CG set 2018 / 2727    3201.6079 GFlop/s     (400.2010 GFlop/s per process)    74%    1561.4 sec left
CG set 2019 / 2727    3201.7461 GFlop/s     (400.2183 GFlop/s per process)    74%    1560.5 sec left
CG set 2020 / 2727    3201.9540 GFlop/s     (400.2442 GFlop/s per process)    74%    1559.6 sec left
CG set 2021 / 2727    3202.2162 GFlop/s     (400.2770 GFlop/s per process)    74%    1558.7 sec left
CG set 2022 / 2727    3202.3474 GFlop/s     (400.2934 GFlop/s per process)    74%    1557.8 sec left
CG set 2023 / 2727    3202.5423 GFlop/s     (400.3178 GFlop/s per process)    74%    1556.9 sec left
CG set 2024 / 2727    3202.7388 GFlop/s     (400.3423 GFlop/s per process)    74%    1556.0 sec left
CG set 2025 / 2727    3202.9287 GFlop/s     (400.3661 GFlop/s per process)    74%    1555.2 sec left
CG set 2026 / 2727    3203.1419 GFlop/s     (400.3927 GFlop/s per process)    74%    1554.3 sec left
CG set 2027 / 2727    3203.4116 GFlop/s     (400.4265 GFlop/s per process)    74%    1553.5 sec left
CG set 2028 / 2727    3203.6319 GFlop/s     (400.4540 GFlop/s per process)    74%    1552.6 sec left
CG set 2029 / 2727    3203.8275 GFlop/s     (400.4784 GFlop/s per process)    74%    1551.7 sec left
CG set 2030 / 2727    3204.0320 GFlop/s     (400.5040 GFlop/s per process)    74%    1550.8 sec left
CG set 2031 / 2727    3204.2625 GFlop/s     (400.5328 GFlop/s per process)    74%    1550.0 sec left
CG set 2032 / 2727    3204.4776 GFlop/s     (400.5597 GFlop/s per process)    74%    1549.1 sec left
CG set 2033 / 2727    3204.6195 GFlop/s     (400.5774 GFlop/s per process)    74%    1548.2 sec left
CG set 2034 / 2727    3204.7524 GFlop/s     (400.5941 GFlop/s per process)    74%    1547.3 sec left
CG set 2035 / 2727    3205.0546 GFlop/s     (400.6318 GFlop/s per process)    74%    1546.4 sec left
CG set 2036 / 2727    3205.2116 GFlop/s     (400.6515 GFlop/s per process)    74%    1545.5 sec left
CG set 2037 / 2727    3205.3756 GFlop/s     (400.6719 GFlop/s per process)    74%    1544.6 sec left
CG set 2038 / 2727    3205.5870 GFlop/s     (400.6984 GFlop/s per process)    74%    1543.8 sec left
CG set 2039 / 2727    3205.7724 GFlop/s     (400.7215 GFlop/s per process)    74%    1542.9 sec left
CG set 2040 / 2727    3205.9830 GFlop/s     (400.7479 GFlop/s per process)    74%    1542.0 sec left
CG set 2041 / 2727    3206.2825 GFlop/s     (400.7853 GFlop/s per process)    74%    1541.2 sec left
CG set 2042 / 2727    3206.5085 GFlop/s     (400.8136 GFlop/s per process)    74%    1540.3 sec left
CG set 2043 / 2727    3206.6874 GFlop/s     (400.8359 GFlop/s per process)    74%    1539.4 sec left
CG set 2044 / 2727    3206.8630 GFlop/s     (400.8579 GFlop/s per process)    74%    1538.5 sec left
CG set 2045 / 2727    3207.1338 GFlop/s     (400.8917 GFlop/s per process)    74%    1537.7 sec left
CG set 2046 / 2727    3207.3841 GFlop/s     (400.9230 GFlop/s per process)    75%    1536.9 sec left
CG set 2047 / 2727    3207.4634 GFlop/s     (400.9329 GFlop/s per process)    75%    1535.9 sec left
CG set 2048 / 2727    3207.6764 GFlop/s     (400.9595 GFlop/s per process)    75%    1535.0 sec left
CG set 2049 / 2727    3207.8954 GFlop/s     (400.9869 GFlop/s per process)    75%    1534.2 sec left
CG set 2050 / 2727    3208.1388 GFlop/s     (401.0174 GFlop/s per process)    75%    1533.3 sec left
CG set 2051 / 2727    3208.2629 GFlop/s     (401.0329 GFlop/s per process)    75%    1532.4 sec left
CG set 2052 / 2727    3208.3752 GFlop/s     (401.0469 GFlop/s per process)    75%    1531.5 sec left
CG set 2053 / 2727    3208.6732 GFlop/s     (401.0841 GFlop/s per process)    75%    1530.7 sec left
CG set 2054 / 2727    3208.7777 GFlop/s     (401.0972 GFlop/s per process)    75%    1529.7 sec left
CG set 2055 / 2727    3209.0310 GFlop/s     (401.1289 GFlop/s per process)    75%    1528.9 sec left
CG set 2056 / 2727    3209.2338 GFlop/s     (401.1542 GFlop/s per process)    75%    1528.0 sec left
CG set 2057 / 2727    3209.3767 GFlop/s     (401.1721 GFlop/s per process)    75%    1527.1 sec left
CG set 2058 / 2727    3209.5318 GFlop/s     (401.1915 GFlop/s per process)    75%    1526.2 sec left
CG set 2059 / 2727    3209.7359 GFlop/s     (401.2170 GFlop/s per process)    75%    1525.3 sec left
CG set 2060 / 2727    3209.9321 GFlop/s     (401.2415 GFlop/s per process)    75%    1524.4 sec left
CG set 2061 / 2727    3210.0843 GFlop/s     (401.2605 GFlop/s per process)    75%    1523.5 sec left
CG set 2062 / 2727    3210.2875 GFlop/s     (401.2859 GFlop/s per process)    75%    1522.6 sec left
CG set 2063 / 2727    3210.4895 GFlop/s     (401.3112 GFlop/s per process)    75%    1521.8 sec left
CG set 2064 / 2727    3210.6489 GFlop/s     (401.3311 GFlop/s per process)    75%    1520.9 sec left
CG set 2065 / 2727    3210.8577 GFlop/s     (401.3572 GFlop/s per process)    75%    1520.0 sec left
CG set 2066 / 2727    3211.0456 GFlop/s     (401.3807 GFlop/s per process)    75%    1519.1 sec left
CG set 2067 / 2727    3211.2400 GFlop/s     (401.4050 GFlop/s per process)    75%    1518.2 sec left
CG set 2068 / 2727    3211.4266 GFlop/s     (401.4283 GFlop/s per process)    75%    1517.3 sec left
CG set 2069 / 2727    3211.5463 GFlop/s     (401.4433 GFlop/s per process)    75%    1516.4 sec left
CG set 2070 / 2727    3211.6817 GFlop/s     (401.4602 GFlop/s per process)    75%    1515.5 sec left
CG set 2071 / 2727    3211.8604 GFlop/s     (401.4825 GFlop/s per process)    75%    1514.6 sec left
CG set 2072 / 2727    3211.8689 GFlop/s     (401.4836 GFlop/s per process)    75%    1513.6 sec left
CG set 2073 / 2727    3212.0284 GFlop/s     (401.5036 GFlop/s per process)    76%    1512.7 sec left
CG set 2074 / 2727    3212.0291 GFlop/s     (401.5036 GFlop/s per process)    76%    1511.7 sec left
CG set 2075 / 2727    3212.0659 GFlop/s     (401.5082 GFlop/s per process)    76%    1510.7 sec left
CG set 2076 / 2727    3212.2633 GFlop/s     (401.5329 GFlop/s per process)    76%    1509.8 sec left
CG set 2077 / 2727    3212.3130 GFlop/s     (401.5391 GFlop/s per process)    76%    1508.9 sec left
CG set 2078 / 2727    3212.3705 GFlop/s     (401.5463 GFlop/s per process)    76%    1507.9 sec left
CG set 2079 / 2727    3212.4668 GFlop/s     (401.5584 GFlop/s per process)    76%    1507.0 sec left
CG set 2080 / 2727    3212.6374 GFlop/s     (401.5797 GFlop/s per process)    76%    1506.1 sec left
CG set 2081 / 2727    3212.7009 GFlop/s     (401.5876 GFlop/s per process)    76%    1505.1 sec left
CG set 2082 / 2727    3212.8070 GFlop/s     (401.6009 GFlop/s per process)    76%    1504.2 sec left
CG set 2083 / 2727    3212.8642 GFlop/s     (401.6080 GFlop/s per process)    76%    1503.2 sec left
CG set 2084 / 2727    3212.9302 GFlop/s     (401.6163 GFlop/s per process)    76%    1502.2 sec left
CG set 2085 / 2727    3213.1149 GFlop/s     (401.6394 GFlop/s per process)    76%    1501.3 sec left
CG set 2086 / 2727    3212.9380 GFlop/s     (401.6172 GFlop/s per process)    76%    1500.2 sec left
CG set 2087 / 2727    3213.1186 GFlop/s     (401.6398 GFlop/s per process)    76%    1499.3 sec left
CG set 2088 / 2727    3213.1995 GFlop/s     (401.6499 GFlop/s per process)    76%    1498.4 sec left
CG set 2089 / 2727    3213.3786 GFlop/s     (401.6723 GFlop/s per process)    76%    1497.5 sec left
CG set 2090 / 2727    3213.4953 GFlop/s     (401.6869 GFlop/s per process)    76%    1496.6 sec left
CG set 2091 / 2727    3213.5621 GFlop/s     (401.6953 GFlop/s per process)    76%    1495.6 sec left
CG set 2092 / 2727    3213.6890 GFlop/s     (401.7111 GFlop/s per process)    76%    1494.7 sec left
CG set 2093 / 2727    3213.8092 GFlop/s     (401.7262 GFlop/s per process)    76%    1493.8 sec left
CG set 2094 / 2727    3213.8675 GFlop/s     (401.7334 GFlop/s per process)    76%    1492.8 sec left
CG set 2095 / 2727    3213.9016 GFlop/s     (401.7377 GFlop/s per process)    76%    1491.8 sec left
CG set 2096 / 2727    3214.0423 GFlop/s     (401.7553 GFlop/s per process)    76%    1490.9 sec left
CG set 2097 / 2727    3214.1606 GFlop/s     (401.7701 GFlop/s per process)    76%    1490.0 sec left
CG set 2098 / 2727    3214.2942 GFlop/s     (401.7868 GFlop/s per process)    76%    1489.0 sec left
CG set 2099 / 2727    3214.2831 GFlop/s     (401.7854 GFlop/s per process)    76%    1488.0 sec left
CG set 2100 / 2727    3214.3433 GFlop/s     (401.7929 GFlop/s per process)    77%    1487.1 sec left
CG set 2101 / 2727    3214.5269 GFlop/s     (401.8159 GFlop/s per process)    77%    1486.2 sec left
CG set 2102 / 2727    3214.6311 GFlop/s     (401.8289 GFlop/s per process)    77%    1485.2 sec left
CG set 2103 / 2727    3214.6487 GFlop/s     (401.8311 GFlop/s per process)    77%    1484.3 sec left
CG set 2104 / 2727    3214.8443 GFlop/s     (401.8555 GFlop/s per process)    77%    1483.4 sec left
CG set 2105 / 2727    3214.8639 GFlop/s     (401.8580 GFlop/s per process)    77%    1482.4 sec left
CG set 2106 / 2727    3215.0045 GFlop/s     (401.8756 GFlop/s per process)    77%    1481.5 sec left
CG set 2107 / 2727    3215.0945 GFlop/s     (401.8868 GFlop/s per process)    77%    1480.5 sec left
CG set 2108 / 2727    3215.1621 GFlop/s     (401.8953 GFlop/s per process)    77%    1479.6 sec left
CG set 2109 / 2727    3215.4026 GFlop/s     (401.9253 GFlop/s per process)    77%    1478.7 sec left
CG set 2110 / 2727    3215.5066 GFlop/s     (401.9383 GFlop/s per process)    77%    1477.8 sec left
CG set 2111 / 2727    3215.6341 GFlop/s     (401.9543 GFlop/s per process)    77%    1476.9 sec left
CG set 2112 / 2727    3215.7378 GFlop/s     (401.9672 GFlop/s per process)    77%    1475.9 sec left
CG set 2113 / 2727    3215.8220 GFlop/s     (401.9778 GFlop/s per process)    77%    1475.0 sec left
CG set 2114 / 2727    3215.9864 GFlop/s     (401.9983 GFlop/s per process)    77%    1474.1 sec left
CG set 2115 / 2727    3216.0980 GFlop/s     (402.0123 GFlop/s per process)    77%    1473.2 sec left
CG set 2116 / 2727    3216.1890 GFlop/s     (402.0236 GFlop/s per process)    77%    1472.2 sec left
CG set 2117 / 2727    3216.3946 GFlop/s     (402.0493 GFlop/s per process)    77%    1471.3 sec left
CG set 2118 / 2727    3216.5266 GFlop/s     (402.0658 GFlop/s per process)    77%    1470.4 sec left
CG set 2119 / 2727    3216.5765 GFlop/s     (402.0721 GFlop/s per process)    77%    1469.5 sec left
CG set 2120 / 2727    3216.6806 GFlop/s     (402.0851 GFlop/s per process)    77%    1468.5 sec left
CG set 2121 / 2727    3216.8936 GFlop/s     (402.1117 GFlop/s per process)    77%    1467.7 sec left
CG set 2122 / 2727    3216.9199 GFlop/s     (402.1150 GFlop/s per process)    77%    1466.7 sec left
CG set 2123 / 2727    3217.1119 GFlop/s     (402.1390 GFlop/s per process)    77%    1465.8 sec left
CG set 2124 / 2727    3217.2158 GFlop/s     (402.1520 GFlop/s per process)    77%    1464.9 sec left
CG set 2125 / 2727    3217.2992 GFlop/s     (402.1624 GFlop/s per process)    77%    1463.9 sec left
CG set 2126 / 2727    3217.4303 GFlop/s     (402.1788 GFlop/s per process)    77%    1463.0 sec left
CG set 2127 / 2727    3217.5683 GFlop/s     (402.1960 GFlop/s per process)    77%    1462.1 sec left
CG set 2128 / 2727    3217.6975 GFlop/s     (402.2122 GFlop/s per process)    78%    1461.2 sec left
CG set 2129 / 2727    3217.7297 GFlop/s     (402.2162 GFlop/s per process)    78%    1460.2 sec left
CG set 2130 / 2727    3217.9251 GFlop/s     (402.2406 GFlop/s per process)    78%    1459.3 sec left
CG set 2131 / 2727    3218.0719 GFlop/s     (402.2590 GFlop/s per process)    78%    1458.4 sec left
CG set 2132 / 2727    3218.1091 GFlop/s     (402.2636 GFlop/s per process)    78%    1457.4 sec left
CG set 2133 / 2727    3218.0994 GFlop/s     (402.2624 GFlop/s per process)    78%    1456.4 sec left
CG set 2134 / 2727    3218.2279 GFlop/s     (402.2785 GFlop/s per process)    78%    1455.5 sec left
CG set 2135 / 2727    3218.4134 GFlop/s     (402.3017 GFlop/s per process)    78%    1454.6 sec left
CG set 2136 / 2727    3218.4312 GFlop/s     (402.3039 GFlop/s per process)    78%    1453.6 sec left
CG set 2137 / 2727    3218.5800 GFlop/s     (402.3225 GFlop/s per process)    78%    1452.7 sec left
CG set 2138 / 2727    3218.7774 GFlop/s     (402.3472 GFlop/s per process)    78%    1451.8 sec left
CG set 2139 / 2727    3218.8015 GFlop/s     (402.3502 GFlop/s per process)    78%    1450.9 sec left
CG set 2140 / 2727    3218.9564 GFlop/s     (402.3696 GFlop/s per process)    78%    1450.0 sec left
CG set 2141 / 2727    3219.0475 GFlop/s     (402.3809 GFlop/s per process)    78%    1449.0 sec left
CG set 2142 / 2727    3219.0997 GFlop/s     (402.3875 GFlop/s per process)    78%    1448.0 sec left
CG set 2143 / 2727    3219.2799 GFlop/s     (402.4100 GFlop/s per process)    78%    1447.2 sec left
CG set 2144 / 2727    3219.4160 GFlop/s     (402.4270 GFlop/s per process)    78%    1446.2 sec left
CG set 2145 / 2727    3219.6095 GFlop/s     (402.4512 GFlop/s per process)    78%    1445.4 sec left
CG set 2146 / 2727    3219.5833 GFlop/s     (402.4479 GFlop/s per process)    78%    1444.3 sec left
CG set 2147 / 2727    3219.8292 GFlop/s     (402.4787 GFlop/s per process)    78%    1443.5 sec left
CG set 2148 / 2727    3219.9660 GFlop/s     (402.4958 GFlop/s per process)    78%    1442.6 sec left
CG set 2149 / 2727    3220.0883 GFlop/s     (402.5110 GFlop/s per process)    78%    1441.7 sec left
CG set 2150 / 2727    3220.1703 GFlop/s     (402.5213 GFlop/s per process)    78%    1440.7 sec left
CG set 2151 / 2727    3220.3614 GFlop/s     (402.5452 GFlop/s per process)    78%    1439.9 sec left
CG set 2152 / 2727    3220.4979 GFlop/s     (402.5622 GFlop/s per process)    78%    1438.9 sec left
CG set 2153 / 2727    3220.5318 GFlop/s     (402.5665 GFlop/s per process)    78%    1438.0 sec left
CG set 2154 / 2727    3220.7368 GFlop/s     (402.5921 GFlop/s per process)    78%    1437.1 sec left
CG set 2155 / 2727    3220.9252 GFlop/s     (402.6156 GFlop/s per process)    79%    1436.2 sec left
CG set 2156 / 2727    3220.9873 GFlop/s     (402.6234 GFlop/s per process)    79%    1435.3 sec left
CG set 2157 / 2727    3221.1808 GFlop/s     (402.6476 GFlop/s per process)    79%    1434.4 sec left
CG set 2158 / 2727    3221.3653 GFlop/s     (402.6707 GFlop/s per process)    79%    1433.5 sec left
CG set 2159 / 2727    3221.4609 GFlop/s     (402.6826 GFlop/s per process)    79%    1432.6 sec left
CG set 2160 / 2727    3221.5858 GFlop/s     (402.6982 GFlop/s per process)    79%    1431.7 sec left
CG set 2161 / 2727    3221.7588 GFlop/s     (402.7199 GFlop/s per process)    79%    1430.8 sec left
CG set 2162 / 2727    3221.8623 GFlop/s     (402.7328 GFlop/s per process)    79%    1429.8 sec left
CG set 2163 / 2727    3221.9657 GFlop/s     (402.7457 GFlop/s per process)    79%    1428.9 sec left
CG set 2164 / 2727    3222.1681 GFlop/s     (402.7710 GFlop/s per process)    79%    1428.0 sec left
CG set 2165 / 2727    3222.2657 GFlop/s     (402.7832 GFlop/s per process)    79%    1427.1 sec left
CG set 2166 / 2727    3222.3241 GFlop/s     (402.7905 GFlop/s per process)    79%    1426.1 sec left
CG set 2167 / 2727    3222.4699 GFlop/s     (402.8087 GFlop/s per process)    79%    1425.2 sec left
CG set 2168 / 2727    3222.6193 GFlop/s     (402.8274 GFlop/s per process)    79%    1424.3 sec left
CG set 2169 / 2727    3222.7637 GFlop/s     (402.8455 GFlop/s per process)    79%    1423.4 sec left
CG set 2170 / 2727    3222.9099 GFlop/s     (402.8637 GFlop/s per process)    79%    1422.5 sec left
CG set 2171 / 2727    3223.0520 GFlop/s     (402.8815 GFlop/s per process)    79%    1421.6 sec left
CG set 2172 / 2727    3223.1626 GFlop/s     (402.8953 GFlop/s per process)    79%    1420.7 sec left
CG set 2173 / 2727    3223.2225 GFlop/s     (402.9028 GFlop/s per process)    79%    1419.7 sec left
CG set 2174 / 2727    3223.3975 GFlop/s     (402.9247 GFlop/s per process)    79%    1418.8 sec left
CG set 2175 / 2727    3223.5381 GFlop/s     (402.9423 GFlop/s per process)    79%    1417.9 sec left
CG set 2176 / 2727    3223.5929 GFlop/s     (402.9491 GFlop/s per process)    79%    1417.0 sec left
CG set 2177 / 2727    3223.6898 GFlop/s     (402.9612 GFlop/s per process)    79%    1416.0 sec left
CG set 2178 / 2727    3223.9149 GFlop/s     (402.9894 GFlop/s per process)    79%    1415.2 sec left
CG set 2179 / 2727    3223.9929 GFlop/s     (402.9991 GFlop/s per process)    79%    1414.2 sec left
CG set 2180 / 2727    3224.0433 GFlop/s     (403.0054 GFlop/s per process)    79%    1413.3 sec left
CG set 2181 / 2727    3224.2359 GFlop/s     (403.0295 GFlop/s per process)    79%    1412.4 sec left
CG set 2182 / 2727    3224.3224 GFlop/s     (403.0403 GFlop/s per process)    80%    1411.5 sec left
CG set 2183 / 2727    3224.5991 GFlop/s     (403.0749 GFlop/s per process)    80%    1410.6 sec left
CG set 2184 / 2727    3224.7677 GFlop/s     (403.0960 GFlop/s per process)    80%    1409.8 sec left
CG set 2185 / 2727    3224.8621 GFlop/s     (403.1078 GFlop/s per process)    80%    1408.8 sec left
CG set 2186 / 2727    3224.9901 GFlop/s     (403.1238 GFlop/s per process)    80%    1407.9 sec left
CG set 2187 / 2727    3225.0840 GFlop/s     (403.1355 GFlop/s per process)    80%    1407.0 sec left
CG set 2188 / 2727    3225.2216 GFlop/s     (403.1527 GFlop/s per process)    80%    1406.1 sec left
CG set 2189 / 2727    3225.3846 GFlop/s     (403.1731 GFlop/s per process)    80%    1405.2 sec left
CG set 2190 / 2727    3225.5168 GFlop/s     (403.1896 GFlop/s per process)    80%    1404.3 sec left
CG set 2191 / 2727    3225.7008 GFlop/s     (403.2126 GFlop/s per process)    80%    1403.4 sec left
CG set 2192 / 2727    3225.8342 GFlop/s     (403.2293 GFlop/s per process)    80%    1402.5 sec left
CG set 2193 / 2727    3225.9967 GFlop/s     (403.2496 GFlop/s per process)    80%    1401.6 sec left
CG set 2194 / 2727    3226.0580 GFlop/s     (403.2572 GFlop/s per process)    80%    1400.6 sec left
CG set 2195 / 2727    3226.3320 GFlop/s     (403.2915 GFlop/s per process)    80%    1399.8 sec left
CG set 2196 / 2727    3226.5020 GFlop/s     (403.3128 GFlop/s per process)    80%    1398.9 sec left
CG set 2197 / 2727    3226.5919 GFlop/s     (403.3240 GFlop/s per process)    80%    1398.0 sec left
CG set 2198 / 2727    3226.7342 GFlop/s     (403.3418 GFlop/s per process)    80%    1397.1 sec left
CG set 2199 / 2727    3226.7677 GFlop/s     (403.3460 GFlop/s per process)    80%    1396.1 sec left
CG set 2200 / 2727    3226.9820 GFlop/s     (403.3728 GFlop/s per process)    80%    1395.2 sec left
CG set 2201 / 2727    3227.1323 GFlop/s     (403.3915 GFlop/s per process)    80%    1394.4 sec left
CG set 2202 / 2727    3227.1867 GFlop/s     (403.3983 GFlop/s per process)    80%    1393.4 sec left
CG set 2203 / 2727    3227.3662 GFlop/s     (403.4208 GFlop/s per process)    80%    1392.5 sec left
CG set 2204 / 2727    3227.5138 GFlop/s     (403.4392 GFlop/s per process)    80%    1391.6 sec left
CG set 2205 / 2727    3227.6970 GFlop/s     (403.4621 GFlop/s per process)    80%    1390.7 sec left
CG set 2206 / 2727    3227.8373 GFlop/s     (403.4797 GFlop/s per process)    80%    1389.8 sec left
CG set 2207 / 2727    3227.9402 GFlop/s     (403.4925 GFlop/s per process)    80%    1388.9 sec left
CG set 2208 / 2727    3228.0842 GFlop/s     (403.5105 GFlop/s per process)    80%    1388.0 sec left
CG set 2209 / 2727    3228.1798 GFlop/s     (403.5225 GFlop/s per process)    81%    1387.1 sec left
CG set 2210 / 2727    3228.3651 GFlop/s     (403.5456 GFlop/s per process)    81%    1386.2 sec left
CG set 2211 / 2727    3228.3824 GFlop/s     (403.5478 GFlop/s per process)    81%    1385.2 sec left
CG set 2212 / 2727    3228.5497 GFlop/s     (403.5687 GFlop/s per process)    81%    1384.3 sec left
CG set 2213 / 2727    3228.7371 GFlop/s     (403.5921 GFlop/s per process)    81%    1383.4 sec left
CG set 2214 / 2727    3228.8966 GFlop/s     (403.6121 GFlop/s per process)    81%    1382.6 sec left
CG set 2215 / 2727    3228.9759 GFlop/s     (403.6220 GFlop/s per process)    81%    1381.6 sec left
CG set 2216 / 2727    3229.1512 GFlop/s     (403.6439 GFlop/s per process)    81%    1380.7 sec left
CG set 2217 / 2727    3229.3066 GFlop/s     (403.6633 GFlop/s per process)    81%    1379.8 sec left
CG set 2218 / 2727    3229.4678 GFlop/s     (403.6835 GFlop/s per process)    81%    1378.9 sec left
CG set 2219 / 2727    3229.6326 GFlop/s     (403.7041 GFlop/s per process)    81%    1378.1 sec left
CG set 2220 / 2727    3229.8041 GFlop/s     (403.7255 GFlop/s per process)    81%    1377.2 sec left
CG set 2221 / 2727    3229.9705 GFlop/s     (403.7463 GFlop/s per process)    81%    1376.3 sec left
CG set 2222 / 2727    3230.1466 GFlop/s     (403.7683 GFlop/s per process)    81%    1375.4 sec left
CG set 2223 / 2727    3230.2493 GFlop/s     (403.7812 GFlop/s per process)    81%    1374.5 sec left
CG set 2224 / 2727    3230.3929 GFlop/s     (403.7991 GFlop/s per process)    81%    1373.6 sec left
CG set 2225 / 2727    3230.5793 GFlop/s     (403.8224 GFlop/s per process)    81%    1372.7 sec left
CG set 2226 / 2727    3230.6597 GFlop/s     (403.8325 GFlop/s per process)    81%    1371.8 sec left
CG set 2227 / 2727    3230.8462 GFlop/s     (403.8558 GFlop/s per process)    81%    1370.9 sec left
CG set 2228 / 2727    3231.1133 GFlop/s     (403.8892 GFlop/s per process)    81%    1370.1 sec left
CG set 2229 / 2727    3231.0508 GFlop/s     (403.8813 GFlop/s per process)    81%    1369.0 sec left
CG set 2230 / 2727    3231.2360 GFlop/s     (403.9045 GFlop/s per process)    81%    1368.2 sec left
CG set 2231 / 2727    3231.3505 GFlop/s     (403.9188 GFlop/s per process)    81%    1367.2 sec left
CG set 2232 / 2727    3231.6192 GFlop/s     (403.9524 GFlop/s per process)    81%    1366.4 sec left
CG set 2233 / 2727    3231.7146 GFlop/s     (403.9643 GFlop/s per process)    81%    1365.5 sec left
CG set 2234 / 2727    3231.8155 GFlop/s     (403.9769 GFlop/s per process)    81%    1364.6 sec left
CG set 2235 / 2727    3232.0342 GFlop/s     (404.0043 GFlop/s per process)    81%    1363.7 sec left
CG set 2236 / 2727    3232.1287 GFlop/s     (404.0161 GFlop/s per process)    81%    1362.8 sec left
CG set 2237 / 2727    3232.2310 GFlop/s     (404.0289 GFlop/s per process)    82%    1361.9 sec left
CG set 2238 / 2727    3232.4569 GFlop/s     (404.0571 GFlop/s per process)    82%    1361.0 sec left
CG set 2239 / 2727    3232.5914 GFlop/s     (404.0739 GFlop/s per process)    82%    1360.1 sec left
CG set 2240 / 2727    3232.7136 GFlop/s     (404.0892 GFlop/s per process)    82%    1359.2 sec left
CG set 2241 / 2727    3232.8202 GFlop/s     (404.1025 GFlop/s per process)    82%    1358.3 sec left
CG set 2242 / 2727    3233.0080 GFlop/s     (404.1260 GFlop/s per process)    82%    1357.4 sec left
CG set 2243 / 2727    3233.0601 GFlop/s     (404.1325 GFlop/s per process)    82%    1356.4 sec left
CG set 2244 / 2727    3233.2390 GFlop/s     (404.1549 GFlop/s per process)    82%    1355.6 sec left
CG set 2245 / 2727    3233.4296 GFlop/s     (404.1787 GFlop/s per process)    82%    1354.7 sec left
CG set 2246 / 2727    3233.5503 GFlop/s     (404.1938 GFlop/s per process)    82%    1353.8 sec left
CG set 2247 / 2727    3233.7322 GFlop/s     (404.2165 GFlop/s per process)    82%    1352.9 sec left
CG set 2248 / 2727    3233.9953 GFlop/s     (404.2494 GFlop/s per process)    82%    1352.1 sec left
CG set 2249 / 2727    3234.1211 GFlop/s     (404.2651 GFlop/s per process)    82%    1351.2 sec left
CG set 2250 / 2727    3234.2066 GFlop/s     (404.2758 GFlop/s per process)    82%    1350.3 sec left
CG set 2251 / 2727    3234.3527 GFlop/s     (404.2941 GFlop/s per process)    82%    1349.4 sec left
CG set 2252 / 2727    3234.4870 GFlop/s     (404.3109 GFlop/s per process)    82%    1348.5 sec left
CG set 2253 / 2727    3234.6150 GFlop/s     (404.3269 GFlop/s per process)    82%    1347.5 sec left
CG set 2254 / 2727    3234.7202 GFlop/s     (404.3400 GFlop/s per process)    82%    1346.6 sec left
CG set 2255 / 2727    3234.8183 GFlop/s     (404.3523 GFlop/s per process)    82%    1345.7 sec left
CG set 2256 / 2727    3234.8641 GFlop/s     (404.3580 GFlop/s per process)    82%    1344.7 sec left
CG set 2257 / 2727    3234.6295 GFlop/s     (404.3287 GFlop/s per process)    82%    1343.6 sec left
CG set 2258 / 2727    3234.6728 GFlop/s     (404.3341 GFlop/s per process)    82%    1342.6 sec left
CG set 2259 / 2727    3234.1901 GFlop/s     (404.2738 GFlop/s per process)    82%    1341.2 sec left
CG set 2260 / 2727    3234.3994 GFlop/s     (404.2999 GFlop/s per process)    82%    1340.4 sec left
CG set 2261 / 2727    3234.5437 GFlop/s     (404.3180 GFlop/s per process)    82%    1339.5 sec left
CG set 2262 / 2727    3234.5756 GFlop/s     (404.3220 GFlop/s per process)    82%    1338.5 sec left
CG set 2263 / 2727    3234.6767 GFlop/s     (404.3346 GFlop/s per process)    82%    1337.6 sec left
CG set 2264 / 2727    3234.8036 GFlop/s     (404.3504 GFlop/s per process)    83%    1336.7 sec left
CG set 2265 / 2727    3234.8582 GFlop/s     (404.3573 GFlop/s per process)    83%    1335.7 sec left
CG set 2266 / 2727    3235.0274 GFlop/s     (404.3784 GFlop/s per process)    83%    1334.8 sec left
CG set 2267 / 2727    3235.1823 GFlop/s     (404.3978 GFlop/s per process)    83%    1333.9 sec left
CG set 2268 / 2727    3235.2791 GFlop/s     (404.4099 GFlop/s per process)    83%    1333.0 sec left
CG set 2269 / 2727    3235.2907 GFlop/s     (404.4113 GFlop/s per process)    83%    1332.0 sec left
CG set 2270 / 2727    3235.4265 GFlop/s     (404.4283 GFlop/s per process)    83%    1331.1 sec left
CG set 2271 / 2727    3235.5059 GFlop/s     (404.4382 GFlop/s per process)    83%    1330.2 sec left
CG set 2272 / 2727    3235.6086 GFlop/s     (404.4511 GFlop/s per process)    83%    1329.3 sec left
CG set 2273 / 2727    3235.7476 GFlop/s     (404.4685 GFlop/s per process)    83%    1328.4 sec left
CG set 2274 / 2727    3235.8877 GFlop/s     (404.4860 GFlop/s per process)    83%    1327.5 sec left
CG set 2275 / 2727    3235.9578 GFlop/s     (404.4947 GFlop/s per process)    83%    1326.5 sec left
CG set 2276 / 2727    3236.0235 GFlop/s     (404.5029 GFlop/s per process)    83%    1325.6 sec left
CG set 2277 / 2727    3236.1329 GFlop/s     (404.5166 GFlop/s per process)    83%    1324.6 sec left
CG set 2278 / 2727    3236.3009 GFlop/s     (404.5376 GFlop/s per process)    83%    1323.8 sec left
CG set 2279 / 2727    3236.4078 GFlop/s     (404.5510 GFlop/s per process)    83%    1322.8 sec left
CG set 2280 / 2727    3236.4555 GFlop/s     (404.5569 GFlop/s per process)    83%    1321.9 sec left
CG set 2281 / 2727    3236.6485 GFlop/s     (404.5811 GFlop/s per process)    83%    1321.0 sec left
CG set 2282 / 2727    3236.6427 GFlop/s     (404.5803 GFlop/s per process)    83%    1320.0 sec left
CG set 2283 / 2727    3236.7690 GFlop/s     (404.5961 GFlop/s per process)    83%    1319.1 sec left
CG set 2284 / 2727    3236.8664 GFlop/s     (404.6083 GFlop/s per process)    83%    1318.2 sec left
CG set 2285 / 2727    3236.8798 GFlop/s     (404.6100 GFlop/s per process)    83%    1317.2 sec left
CG set 2286 / 2727    3237.0979 GFlop/s     (404.6372 GFlop/s per process)    83%    1316.3 sec left
CG set 2287 / 2727    3237.1870 GFlop/s     (404.6484 GFlop/s per process)    83%    1315.4 sec left
CG set 2288 / 2727    3237.3256 GFlop/s     (404.6657 GFlop/s per process)    83%    1314.5 sec left
CG set 2289 / 2727    3237.3770 GFlop/s     (404.6721 GFlop/s per process)    83%    1313.5 sec left
CG set 2290 / 2727    3237.4914 GFlop/s     (404.6864 GFlop/s per process)    83%    1312.6 sec left
CG set 2291 / 2727    3237.6641 GFlop/s     (404.7080 GFlop/s per process)    84%    1311.7 sec left
CG set 2292 / 2727    3237.7177 GFlop/s     (404.7147 GFlop/s per process)    84%    1310.8 sec left
CG set 2293 / 2727    3237.7605 GFlop/s     (404.7201 GFlop/s per process)    84%    1309.8 sec left
CG set 2294 / 2727    3237.8850 GFlop/s     (404.7356 GFlop/s per process)    84%    1308.9 sec left
CG set 2295 / 2727    3237.7407 GFlop/s     (404.7176 GFlop/s per process)    84%    1307.8 sec left
CG set 2296 / 2727    3237.0884 GFlop/s     (404.6360 GFlop/s per process)    84%    1306.3 sec left
CG set 2297 / 2727    3237.2047 GFlop/s     (404.6506 GFlop/s per process)    84%    1305.4 sec left
CG set 2298 / 2727    3237.0669 GFlop/s     (404.6334 GFlop/s per process)    84%    1304.3 sec left
CG set 2299 / 2727    3237.2875 GFlop/s     (404.6609 GFlop/s per process)    84%    1303.5 sec left
CG set 2300 / 2727    3237.3918 GFlop/s     (404.6740 GFlop/s per process)    84%    1302.6 sec left
CG set 2301 / 2727    3237.4792 GFlop/s     (404.6849 GFlop/s per process)    84%    1301.6 sec left
CG set 2302 / 2727    3237.6360 GFlop/s     (404.7045 GFlop/s per process)    84%    1300.7 sec left
CG set 2303 / 2727    3237.4593 GFlop/s     (404.6824 GFlop/s per process)    84%    1299.6 sec left
CG set 2304 / 2727    3237.0391 GFlop/s     (404.6299 GFlop/s per process)    84%    1298.3 sec left
CG set 2305 / 2727    3236.7064 GFlop/s     (404.5883 GFlop/s per process)    84%    1297.1 sec left
CG set 2306 / 2727    3236.5294 GFlop/s     (404.5662 GFlop/s per process)    84%    1295.9 sec left
CG set 2307 / 2727    3235.7804 GFlop/s     (404.4726 GFlop/s per process)    84%    1294.4 sec left
CG set 2308 / 2727    3235.2761 GFlop/s     (404.4095 GFlop/s per process)    84%    1293.0 sec left
CG set 2309 / 2727    3234.8766 GFlop/s     (404.3596 GFlop/s per process)    84%    1291.7 sec left
CG set 2310 / 2727    3234.2250 GFlop/s     (404.2781 GFlop/s per process)    84%    1290.3 sec left
CG set 2311 / 2727    3233.7697 GFlop/s     (404.2212 GFlop/s per process)    84%    1288.9 sec left
CG set 2312 / 2727    3233.1647 GFlop/s     (404.1456 GFlop/s per process)    84%    1287.5 sec left
CG set 2313 / 2727    3232.4131 GFlop/s     (404.0516 GFlop/s per process)    84%    1286.0 sec left
CG set 2314 / 2727    3232.0770 GFlop/s     (404.0096 GFlop/s per process)    84%    1284.7 sec left
CG set 2315 / 2727    3231.7004 GFlop/s     (403.9625 GFlop/s per process)    84%    1283.4 sec left
CG set 2316 / 2727    3231.0581 GFlop/s     (403.8823 GFlop/s per process)    84%    1282.0 sec left
CG set 2317 / 2727    3230.6477 GFlop/s     (403.8310 GFlop/s per process)    84%    1280.7 sec left
CG set 2318 / 2727    3230.0198 GFlop/s     (403.7525 GFlop/s per process)    85%    1279.2 sec left
CG set 2319 / 2727    3229.6568 GFlop/s     (403.7071 GFlop/s per process)    85%    1277.9 sec left
CG set 2320 / 2727    3229.2538 GFlop/s     (403.6567 GFlop/s per process)    85%    1276.6 sec left
CG set 2321 / 2727    3228.6128 GFlop/s     (403.5766 GFlop/s per process)    85%    1275.2 sec left
CG set 2322 / 2727    3228.2724 GFlop/s     (403.5341 GFlop/s per process)    85%    1273.9 sec left
CG set 2323 / 2727    3227.5959 GFlop/s     (403.4495 GFlop/s per process)    85%    1272.4 sec left
CG set 2324 / 2727    3227.2177 GFlop/s     (403.4022 GFlop/s per process)    85%    1271.2 sec left
CG set 2325 / 2727    3226.8680 GFlop/s     (403.3585 GFlop/s per process)    85%    1269.9 sec left
CG set 2326 / 2727    3226.1638 GFlop/s     (403.2705 GFlop/s per process)    85%    1268.4 sec left
CG set 2327 / 2727    3226.0070 GFlop/s     (403.2509 GFlop/s per process)    85%    1267.3 sec left
CG set 2328 / 2727    3226.1611 GFlop/s     (403.2701 GFlop/s per process)    85%    1266.4 sec left
CG set 2329 / 2727    3226.1989 GFlop/s     (403.2749 GFlop/s per process)    85%    1265.4 sec left
CG set 2330 / 2727    3226.3066 GFlop/s     (403.2883 GFlop/s per process)    85%    1264.5 sec left
CG set 2331 / 2727    3226.4525 GFlop/s     (403.3066 GFlop/s per process)    85%    1263.6 sec left
CG set 2332 / 2727    3226.5756 GFlop/s     (403.3219 GFlop/s per process)    85%    1262.7 sec left
CG set 2333 / 2727    3226.7156 GFlop/s     (403.3395 GFlop/s per process)    85%    1261.8 sec left
CG set 2334 / 2727    3226.8502 GFlop/s     (403.3563 GFlop/s per process)    85%    1260.9 sec left
CG set 2335 / 2727    3227.0305 GFlop/s     (403.3788 GFlop/s per process)    85%    1260.0 sec left
CG set 2336 / 2727    3227.1687 GFlop/s     (403.3961 GFlop/s per process)    85%    1259.1 sec left
CG set 2337 / 2727    3227.1814 GFlop/s     (403.3977 GFlop/s per process)    85%    1258.1 sec left
CG set 2338 / 2727    3227.3416 GFlop/s     (403.4177 GFlop/s per process)    85%    1257.2 sec left
CG set 2339 / 2727    3227.4828 GFlop/s     (403.4354 GFlop/s per process)    85%    1256.3 sec left
CG set 2340 / 2727    3227.5850 GFlop/s     (403.4481 GFlop/s per process)    85%    1255.4 sec left
CG set 2341 / 2727    3227.6652 GFlop/s     (403.4581 GFlop/s per process)    85%    1254.4 sec left
CG set 2342 / 2727    3227.7563 GFlop/s     (403.4695 GFlop/s per process)    85%    1253.5 sec left
CG set 2343 / 2727    3227.8726 GFlop/s     (403.4841 GFlop/s per process)    85%    1252.6 sec left
CG set 2344 / 2727    3228.0119 GFlop/s     (403.5015 GFlop/s per process)    85%    1251.7 sec left
CG set 2345 / 2727    3227.9444 GFlop/s     (403.4930 GFlop/s per process)    85%    1250.6 sec left
CG set 2346 / 2727    3228.1134 GFlop/s     (403.5142 GFlop/s per process)    86%    1249.8 sec left
CG set 2347 / 2727    3228.1941 GFlop/s     (403.5243 GFlop/s per process)    86%    1248.8 sec left
CG set 2348 / 2727    3228.2358 GFlop/s     (403.5295 GFlop/s per process)    86%    1247.9 sec left
CG set 2349 / 2727    3228.2570 GFlop/s     (403.5321 GFlop/s per process)    86%    1246.9 sec left
CG set 2350 / 2727    3228.1161 GFlop/s     (403.5145 GFlop/s per process)    86%    1245.8 sec left
CG set 2351 / 2727    3228.1480 GFlop/s     (403.5185 GFlop/s per process)    86%    1244.8 sec left
CG set 2352 / 2727    3228.2670 GFlop/s     (403.5334 GFlop/s per process)    86%    1243.9 sec left
CG set 2353 / 2727    3228.2523 GFlop/s     (403.5315 GFlop/s per process)    86%    1242.9 sec left
CG set 2354 / 2727    3228.3990 GFlop/s     (403.5499 GFlop/s per process)    86%    1242.0 sec left
CG set 2355 / 2727    3228.5010 GFlop/s     (403.5626 GFlop/s per process)    86%    1241.0 sec left
CG set 2356 / 2727    3228.5708 GFlop/s     (403.5714 GFlop/s per process)    86%    1240.1 sec left
CG set 2357 / 2727    3228.6138 GFlop/s     (403.5767 GFlop/s per process)    86%    1239.1 sec left
CG set 2358 / 2727    3228.6046 GFlop/s     (403.5756 GFlop/s per process)    86%    1238.1 sec left
CG set 2359 / 2727    3228.7629 GFlop/s     (403.5954 GFlop/s per process)    86%    1237.2 sec left
CG set 2360 / 2727    3228.8669 GFlop/s     (403.6084 GFlop/s per process)    86%    1236.3 sec left
CG set 2361 / 2727    3228.9182 GFlop/s     (403.6148 GFlop/s per process)    86%    1235.3 sec left
CG set 2362 / 2727    3229.0351 GFlop/s     (403.6294 GFlop/s per process)    86%    1234.4 sec left
CG set 2363 / 2727    3229.0392 GFlop/s     (403.6299 GFlop/s per process)    86%    1233.4 sec left
CG set 2364 / 2727    3229.1261 GFlop/s     (403.6408 GFlop/s per process)    86%    1232.5 sec left
CG set 2365 / 2727    3228.8100 GFlop/s     (403.6013 GFlop/s per process)    86%    1231.3 sec left
CG set 2366 / 2727    3228.9311 GFlop/s     (403.6164 GFlop/s per process)    86%    1230.3 sec left
CG set 2367 / 2727    3229.0041 GFlop/s     (403.6255 GFlop/s per process)    86%    1229.4 sec left
CG set 2368 / 2727    3229.0211 GFlop/s     (403.6276 GFlop/s per process)    86%    1228.4 sec left
CG set 2369 / 2727    3229.2417 GFlop/s     (403.6552 GFlop/s per process)    86%    1227.6 sec left
CG set 2370 / 2727    3229.2805 GFlop/s     (403.6601 GFlop/s per process)    86%    1226.6 sec left
CG set 2371 / 2727    3229.3456 GFlop/s     (403.6682 GFlop/s per process)    86%    1225.6 sec left
CG set 2372 / 2727    3229.4215 GFlop/s     (403.6777 GFlop/s per process)    86%    1224.7 sec left
CG set 2373 / 2727    3229.5491 GFlop/s     (403.6936 GFlop/s per process)    87%    1223.8 sec left
CG set 2374 / 2727    3229.5469 GFlop/s     (403.6934 GFlop/s per process)    87%    1222.8 sec left
CG set 2375 / 2727    3229.6780 GFlop/s     (403.7098 GFlop/s per process)    87%    1221.9 sec left
CG set 2376 / 2727    3229.7543 GFlop/s     (403.7193 GFlop/s per process)    87%    1220.9 sec left
CG set 2377 / 2727    3229.7083 GFlop/s     (403.7135 GFlop/s per process)    87%    1219.9 sec left
CG set 2378 / 2727    3229.7749 GFlop/s     (403.7219 GFlop/s per process)    87%    1219.0 sec left
CG set 2379 / 2727    3229.8522 GFlop/s     (403.7315 GFlop/s per process)    87%    1218.0 sec left
CG set 2380 / 2727    3229.9348 GFlop/s     (403.7418 GFlop/s per process)    87%    1217.1 sec left
CG set 2381 / 2727    3230.0437 GFlop/s     (403.7555 GFlop/s per process)    87%    1216.2 sec left
CG set 2382 / 2727    3230.1046 GFlop/s     (403.7631 GFlop/s per process)    87%    1215.2 sec left
CG set 2383 / 2727    3230.2019 GFlop/s     (403.7752 GFlop/s per process)    87%    1214.3 sec left
CG set 2384 / 2727    3229.9696 GFlop/s     (403.7462 GFlop/s per process)    87%    1213.1 sec left
CG set 2385 / 2727    3230.0362 GFlop/s     (403.7545 GFlop/s per process)    87%    1212.1 sec left
CG set 2386 / 2727    3229.8640 GFlop/s     (403.7330 GFlop/s per process)    87%    1211.0 sec left
CG set 2387 / 2727    3229.3310 GFlop/s     (403.6664 GFlop/s per process)    87%    1209.6 sec left
CG set 2388 / 2727    3228.7942 GFlop/s     (403.5993 GFlop/s per process)    87%    1208.2 sec left
CG set 2389 / 2727    3228.1761 GFlop/s     (403.5220 GFlop/s per process)    87%    1206.7 sec left
CG set 2390 / 2727    3228.2168 GFlop/s     (403.5271 GFlop/s per process)    87%    1205.8 sec left
CG set 2391 / 2727    3227.7456 GFlop/s     (403.4682 GFlop/s per process)    87%    1204.4 sec left
CG set 2392 / 2727    3227.2976 GFlop/s     (403.4122 GFlop/s per process)    87%    1203.1 sec left
CG set 2393 / 2727    3227.1077 GFlop/s     (403.3885 GFlop/s per process)    87%    1201.9 sec left
CG set 2394 / 2727    3226.7631 GFlop/s     (403.3454 GFlop/s per process)    87%    1200.7 sec left
CG set 2395 / 2727    3226.6401 GFlop/s     (403.3300 GFlop/s per process)    87%    1199.6 sec left
CG set 2396 / 2727    3226.2594 GFlop/s     (403.2824 GFlop/s per process)    87%    1198.3 sec left
CG set 2397 / 2727    3226.1187 GFlop/s     (403.2648 GFlop/s per process)    87%    1197.2 sec left
CG set 2398 / 2727    3225.9545 GFlop/s     (403.2443 GFlop/s per process)    87%    1196.0 sec left
CG set 2399 / 2727    3225.7425 GFlop/s     (403.2178 GFlop/s per process)    87%    1194.9 sec left
CG set 2400 / 2727    3225.6123 GFlop/s     (403.2015 GFlop/s per process)    88%    1193.8 sec left
CG set 2401 / 2727    3225.2190 GFlop/s     (403.1524 GFlop/s per process)    88%    1192.5 sec left
CG set 2402 / 2727    3225.0072 GFlop/s     (403.1259 GFlop/s per process)    88%    1191.3 sec left
CG set 2403 / 2727    3224.5789 GFlop/s     (403.0724 GFlop/s per process)    88%    1190.0 sec left
CG set 2404 / 2727    3224.0064 GFlop/s     (403.0008 GFlop/s per process)    88%    1188.6 sec left
CG set 2405 / 2727    3223.6900 GFlop/s     (402.9613 GFlop/s per process)    88%    1187.3 sec left
CG set 2406 / 2727    3223.2345 GFlop/s     (402.9043 GFlop/s per process)    88%    1186.0 sec left
CG set 2407 / 2727    3222.7934 GFlop/s     (402.8492 GFlop/s per process)    88%    1184.6 sec left
CG set 2408 / 2727    3222.5963 GFlop/s     (402.8245 GFlop/s per process)    88%    1183.5 sec left
CG set 2409 / 2727    3222.2864 GFlop/s     (402.7858 GFlop/s per process)    88%    1182.2 sec left
CG set 2410 / 2727    3221.8546 GFlop/s     (402.7318 GFlop/s per process)    88%    1180.9 sec left
CG set 2411 / 2727    3221.5981 GFlop/s     (402.6998 GFlop/s per process)    88%    1179.7 sec left
CG set 2412 / 2727    3221.1868 GFlop/s     (402.6483 GFlop/s per process)    88%    1178.4 sec left
CG set 2413 / 2727    3221.1093 GFlop/s     (402.6387 GFlop/s per process)    88%    1177.3 sec left
CG set 2414 / 2727    3220.7893 GFlop/s     (402.5987 GFlop/s per process)    88%    1176.1 sec left
CG set 2415 / 2727    3220.3123 GFlop/s     (402.5390 GFlop/s per process)    88%    1174.7 sec left
CG set 2416 / 2727    3219.8682 GFlop/s     (402.4835 GFlop/s per process)    88%    1173.4 sec left
CG set 2417 / 2727    3219.8429 GFlop/s     (402.4804 GFlop/s per process)    88%    1172.3 sec left
CG set 2418 / 2727    3219.3998 GFlop/s     (402.4250 GFlop/s per process)    88%    1171.0 sec left
CG set 2419 / 2727    3219.0447 GFlop/s     (402.3806 GFlop/s per process)    88%    1169.7 sec left
CG set 2420 / 2727    3218.6250 GFlop/s     (402.3281 GFlop/s per process)    88%    1168.4 sec left
CG set 2421 / 2727    3218.5851 GFlop/s     (402.3231 GFlop/s per process)    88%    1167.3 sec left
CG set 2422 / 2727    3218.0825 GFlop/s     (402.2603 GFlop/s per process)    88%    1166.0 sec left
CG set 2423 / 2727    3218.1017 GFlop/s     (402.2627 GFlop/s per process)    88%    1165.0 sec left
CG set 2424 / 2727    3217.8473 GFlop/s     (402.2309 GFlop/s per process)    88%    1163.8 sec left
CG set 2425 / 2727    3218.0390 GFlop/s     (402.2549 GFlop/s per process)    88%    1162.9 sec left
CG set 2426 / 2727    3218.2030 GFlop/s     (402.2754 GFlop/s per process)    88%    1162.0 sec left
CG set 2427 / 2727    3218.3279 GFlop/s     (402.2910 GFlop/s per process)    88%    1161.1 sec left
CG set 2428 / 2727    3218.4018 GFlop/s     (402.3002 GFlop/s per process)    89%    1160.2 sec left
CG set 2429 / 2727    3218.5322 GFlop/s     (402.3165 GFlop/s per process)    89%    1159.3 sec left
CG set 2430 / 2727    3218.7032 GFlop/s     (402.3379 GFlop/s per process)    89%    1158.4 sec left
CG set 2431 / 2727    3218.7316 GFlop/s     (402.3415 GFlop/s per process)    89%    1157.4 sec left
CG set 2432 / 2727    3218.8615 GFlop/s     (402.3577 GFlop/s per process)    89%    1156.5 sec left
CG set 2433 / 2727    3218.9502 GFlop/s     (402.3688 GFlop/s per process)    89%    1155.6 sec left
CG set 2434 / 2727    3219.1220 GFlop/s     (402.3902 GFlop/s per process)    89%    1154.7 sec left
CG set 2435 / 2727    3219.1357 GFlop/s     (402.3920 GFlop/s per process)    89%    1153.7 sec left
CG set 2436 / 2727    3219.2302 GFlop/s     (402.4038 GFlop/s per process)    89%    1152.8 sec left
CG set 2437 / 2727    3219.3640 GFlop/s     (402.4205 GFlop/s per process)    89%    1151.9 sec left
CG set 2438 / 2727    3219.4566 GFlop/s     (402.4321 GFlop/s per process)    89%    1150.9 sec left
CG set 2439 / 2727    3219.4336 GFlop/s     (402.4292 GFlop/s per process)    89%    1149.9 sec left
CG set 2440 / 2727    3219.5455 GFlop/s     (402.4432 GFlop/s per process)    89%    1149.0 sec left
CG set 2441 / 2727    3219.7214 GFlop/s     (402.4652 GFlop/s per process)    89%    1148.1 sec left
CG set 2442 / 2727    3219.8278 GFlop/s     (402.4785 GFlop/s per process)    89%    1147.2 sec left
CG set 2443 / 2727    3219.9211 GFlop/s     (402.4901 GFlop/s per process)    89%    1146.3 sec left
CG set 2444 / 2727    3220.1015 GFlop/s     (402.5127 GFlop/s per process)    89%    1145.4 sec left
CG set 2445 / 2727    3220.1493 GFlop/s     (402.5187 GFlop/s per process)    89%    1144.4 sec left
CG set 2446 / 2727    3220.3336 GFlop/s     (402.5417 GFlop/s per process)    89%    1143.6 sec left
CG set 2447 / 2727    3220.4553 GFlop/s     (402.5569 GFlop/s per process)    89%    1142.7 sec left
CG set 2448 / 2727    3220.6249 GFlop/s     (402.5781 GFlop/s per process)    89%    1141.8 sec left
CG set 2449 / 2727    3220.7465 GFlop/s     (402.5933 GFlop/s per process)    89%    1140.9 sec left
CG set 2450 / 2727    3220.7621 GFlop/s     (402.5953 GFlop/s per process)    89%    1139.9 sec left
CG set 2451 / 2727    3220.8919 GFlop/s     (402.6115 GFlop/s per process)    89%    1139.0 sec left
CG set 2452 / 2727    3220.9697 GFlop/s     (402.6212 GFlop/s per process)    89%    1138.0 sec left
CG set 2453 / 2727    3221.0911 GFlop/s     (402.6364 GFlop/s per process)    89%    1137.1 sec left
CG set 2454 / 2727    3221.2526 GFlop/s     (402.6566 GFlop/s per process)    89%    1136.3 sec left
CG set 2455 / 2727    3221.3789 GFlop/s     (402.6724 GFlop/s per process)    90%    1135.4 sec left
CG set 2456 / 2727    3221.4803 GFlop/s     (402.6850 GFlop/s per process)    90%    1134.4 sec left
CG set 2457 / 2727    3221.6111 GFlop/s     (402.7014 GFlop/s per process)    90%    1133.5 sec left
CG set 2458 / 2727    3221.7395 GFlop/s     (402.7174 GFlop/s per process)    90%    1132.6 sec left
CG set 2459 / 2727    3221.8219 GFlop/s     (402.7277 GFlop/s per process)    90%    1131.7 sec left
CG set 2460 / 2727    3221.9552 GFlop/s     (402.7444 GFlop/s per process)    90%    1130.8 sec left
CG set 2461 / 2727    3222.1243 GFlop/s     (402.7655 GFlop/s per process)    90%    1129.9 sec left
CG set 2462 / 2727    3222.1911 GFlop/s     (402.7739 GFlop/s per process)    90%    1129.0 sec left
CG set 2463 / 2727    3222.3350 GFlop/s     (402.7919 GFlop/s per process)    90%    1128.1 sec left
CG set 2464 / 2727    3222.4654 GFlop/s     (402.8082 GFlop/s per process)    90%    1127.2 sec left
CG set 2465 / 2727    3222.5062 GFlop/s     (402.8133 GFlop/s per process)    90%    1126.2 sec left
CG set 2466 / 2727    3222.6671 GFlop/s     (402.8334 GFlop/s per process)    90%    1125.3 sec left
CG set 2467 / 2727    3222.8238 GFlop/s     (402.8530 GFlop/s per process)    90%    1124.4 sec left
CG set 2468 / 2727    3222.9655 GFlop/s     (402.8707 GFlop/s per process)    90%    1123.5 sec left
CG set 2469 / 2727    3223.0812 GFlop/s     (402.8851 GFlop/s per process)    90%    1122.6 sec left
CG set 2470 / 2727    3223.2339 GFlop/s     (402.9042 GFlop/s per process)    90%    1121.7 sec left
CG set 2471 / 2727    3223.3790 GFlop/s     (402.9224 GFlop/s per process)    90%    1120.9 sec left
CG set 2472 / 2727    3223.3527 GFlop/s     (402.9191 GFlop/s per process)    90%    1119.8 sec left
CG set 2473 / 2727    3223.4270 GFlop/s     (402.9284 GFlop/s per process)    90%    1118.9 sec left
CG set 2474 / 2727    3223.5845 GFlop/s     (402.9481 GFlop/s per process)    90%    1118.0 sec left
CG set 2475 / 2727    3223.7462 GFlop/s     (402.9683 GFlop/s per process)    90%    1117.1 sec left
CG set 2476 / 2727    3223.7752 GFlop/s     (402.9719 GFlop/s per process)    90%    1116.1 sec left
CG set 2477 / 2727    3223.9161 GFlop/s     (402.9895 GFlop/s per process)    90%    1115.3 sec left
CG set 2478 / 2727    3224.0844 GFlop/s     (403.0105 GFlop/s per process)    90%    1114.4 sec left
CG set 2479 / 2727    3224.1623 GFlop/s     (403.0203 GFlop/s per process)    90%    1113.4 sec left
CG set 2480 / 2727    3224.2666 GFlop/s     (403.0333 GFlop/s per process)    90%    1112.5 sec left
CG set 2481 / 2727    3224.4830 GFlop/s     (403.0604 GFlop/s per process)    90%    1111.7 sec left
CG set 2482 / 2727    3224.5887 GFlop/s     (403.0736 GFlop/s per process)    91%    1110.8 sec left
CG set 2483 / 2727    3224.7680 GFlop/s     (403.0960 GFlop/s per process)    91%    1109.9 sec left
CG set 2484 / 2727    3224.8550 GFlop/s     (403.1069 GFlop/s per process)    91%    1109.0 sec left
CG set 2485 / 2727    3224.9451 GFlop/s     (403.1181 GFlop/s per process)    91%    1108.0 sec left
CG set 2486 / 2727    3225.0493 GFlop/s     (403.1312 GFlop/s per process)    91%    1107.1 sec left
CG set 2487 / 2727    3225.2103 GFlop/s     (403.1513 GFlop/s per process)    91%    1106.2 sec left
CG set 2488 / 2727    3225.3136 GFlop/s     (403.1642 GFlop/s per process)    91%    1105.3 sec left
CG set 2489 / 2727    3225.3750 GFlop/s     (403.1719 GFlop/s per process)    91%    1104.4 sec left
CG set 2490 / 2727    3225.5483 GFlop/s     (403.1935 GFlop/s per process)    91%    1103.5 sec left
CG set 2491 / 2727    3225.7519 GFlop/s     (403.2190 GFlop/s per process)    91%    1102.7 sec left
CG set 2492 / 2727    3225.8721 GFlop/s     (403.2340 GFlop/s per process)    91%    1101.7 sec left
CG set 2493 / 2727    3226.0122 GFlop/s     (403.2515 GFlop/s per process)    91%    1100.9 sec left
CG set 2494 / 2727    3226.0882 GFlop/s     (403.2610 GFlop/s per process)    91%    1099.9 sec left
CG set 2495 / 2727    3226.2486 GFlop/s     (403.2811 GFlop/s per process)    91%    1099.0 sec left
CG set 2496 / 2727    3226.3433 GFlop/s     (403.2929 GFlop/s per process)    91%    1098.1 sec left
CG set 2497 / 2727    3226.4979 GFlop/s     (403.3122 GFlop/s per process)    91%    1097.2 sec left
CG set 2498 / 2727    3226.6284 GFlop/s     (403.3285 GFlop/s per process)    91%    1096.3 sec left
CG set 2499 / 2727    3226.7692 GFlop/s     (403.3461 GFlop/s per process)    91%    1095.4 sec left
CG set 2500 / 2727    3226.8591 GFlop/s     (403.3574 GFlop/s per process)    91%    1094.5 sec left
CG set 2501 / 2727    3226.9888 GFlop/s     (403.3736 GFlop/s per process)    91%    1093.6 sec left
CG set 2502 / 2727    3227.1156 GFlop/s     (403.3894 GFlop/s per process)    91%    1092.7 sec left
CG set 2503 / 2727    3227.2690 GFlop/s     (403.4086 GFlop/s per process)    91%    1091.8 sec left
CG set 2504 / 2727    3227.4516 GFlop/s     (403.4314 GFlop/s per process)    91%    1091.0 sec left
CG set 2505 / 2727    3227.5689 GFlop/s     (403.4461 GFlop/s per process)    91%    1090.1 sec left
CG set 2506 / 2727    3227.6707 GFlop/s     (403.4588 GFlop/s per process)    91%    1089.1 sec left
CG set 2507 / 2727    3227.7265 GFlop/s     (403.4658 GFlop/s per process)    91%    1088.2 sec left
CG set 2508 / 2727    3227.8362 GFlop/s     (403.4795 GFlop/s per process)    91%    1087.3 sec left
CG set 2509 / 2727    3227.9527 GFlop/s     (403.4941 GFlop/s per process)    92%    1086.3 sec left
CG set 2510 / 2727    3228.1141 GFlop/s     (403.5143 GFlop/s per process)    92%    1085.5 sec left
CG set 2511 / 2727    3228.1704 GFlop/s     (403.5213 GFlop/s per process)    92%    1084.5 sec left
CG set 2512 / 2727    3228.3072 GFlop/s     (403.5384 GFlop/s per process)    92%    1083.6 sec left
CG set 2513 / 2727    3228.4693 GFlop/s     (403.5587 GFlop/s per process)    92%    1082.7 sec left
CG set 2514 / 2727    3228.5677 GFlop/s     (403.5710 GFlop/s per process)    92%    1081.8 sec left
CG set 2515 / 2727    3228.7185 GFlop/s     (403.5898 GFlop/s per process)    92%    1080.9 sec left
CG set 2516 / 2727    3228.7679 GFlop/s     (403.5960 GFlop/s per process)    92%    1080.0 sec left
CG set 2517 / 2727    3228.8965 GFlop/s     (403.6121 GFlop/s per process)    92%    1079.1 sec left
CG set 2518 / 2727    3229.0639 GFlop/s     (403.6330 GFlop/s per process)    92%    1078.2 sec left
CG set 2519 / 2727    3229.2036 GFlop/s     (403.6504 GFlop/s per process)    92%    1077.3 sec left
CG set 2520 / 2727    3229.3657 GFlop/s     (403.6707 GFlop/s per process)    92%    1076.4 sec left
CG set 2521 / 2727    3229.5053 GFlop/s     (403.6882 GFlop/s per process)    92%    1075.6 sec left
CG set 2522 / 2727    3229.5851 GFlop/s     (403.6981 GFlop/s per process)    92%    1074.6 sec left
CG set 2523 / 2727    3229.7156 GFlop/s     (403.7145 GFlop/s per process)    92%    1073.7 sec left
CG set 2524 / 2727    3229.8384 GFlop/s     (403.7298 GFlop/s per process)    92%    1072.8 sec left
CG set 2525 / 2727    3230.0071 GFlop/s     (403.7509 GFlop/s per process)    92%    1072.0 sec left
CG set 2526 / 2727    3230.0872 GFlop/s     (403.7609 GFlop/s per process)    92%    1071.0 sec left
CG set 2527 / 2727    3230.2013 GFlop/s     (403.7752 GFlop/s per process)    92%    1070.1 sec left
CG set 2528 / 2727    3230.3829 GFlop/s     (403.7979 GFlop/s per process)    92%    1069.2 sec left
CG set 2529 / 2727    3230.3907 GFlop/s     (403.7988 GFlop/s per process)    92%    1068.3 sec left
CG set 2530 / 2727    3230.5947 GFlop/s     (403.8243 GFlop/s per process)    92%    1067.4 sec left
CG set 2531 / 2727    3230.6894 GFlop/s     (403.8362 GFlop/s per process)    92%    1066.5 sec left
CG set 2532 / 2727    3230.8843 GFlop/s     (403.8605 GFlop/s per process)    92%    1065.6 sec left
CG set 2533 / 2727    3230.9375 GFlop/s     (403.8672 GFlop/s per process)    92%    1064.7 sec left
CG set 2534 / 2727    3231.0508 GFlop/s     (403.8814 GFlop/s per process)    92%    1063.8 sec left
CG set 2535 / 2727    3231.2060 GFlop/s     (403.9007 GFlop/s per process)    92%    1062.9 sec left
CG set 2536 / 2727    3231.3129 GFlop/s     (403.9141 GFlop/s per process)    92%    1062.0 sec left
CG set 2537 / 2727    3231.3750 GFlop/s     (403.9219 GFlop/s per process)    93%    1061.0 sec left
CG set 2538 / 2727    3231.2767 GFlop/s     (403.9096 GFlop/s per process)    93%    1059.9 sec left
CG set 2539 / 2727    3231.4330 GFlop/s     (403.9291 GFlop/s per process)    93%    1059.1 sec left
CG set 2540 / 2727    3231.4937 GFlop/s     (403.9367 GFlop/s per process)    93%    1058.1 sec left
CG set 2541 / 2727    3231.6131 GFlop/s     (403.9516 GFlop/s per process)    93%    1057.2 sec left
CG set 2542 / 2727    3231.7848 GFlop/s     (403.9731 GFlop/s per process)    93%    1056.4 sec left
CG set 2543 / 2727    3231.8200 GFlop/s     (403.9775 GFlop/s per process)    93%    1055.4 sec left
CG set 2544 / 2727    3231.9844 GFlop/s     (403.9980 GFlop/s per process)    93%    1054.5 sec left
CG set 2545 / 2727    3232.1451 GFlop/s     (404.0181 GFlop/s per process)    93%    1053.6 sec left
CG set 2546 / 2727    3232.1586 GFlop/s     (404.0198 GFlop/s per process)    93%    1052.6 sec left
CG set 2547 / 2727    3232.3244 GFlop/s     (404.0405 GFlop/s per process)    93%    1051.8 sec left
CG set 2548 / 2727    3232.4554 GFlop/s     (404.0569 GFlop/s per process)    93%    1050.9 sec left
CG set 2549 / 2727    3232.5784 GFlop/s     (404.0723 GFlop/s per process)    93%    1050.0 sec left
CG set 2550 / 2727    3232.6322 GFlop/s     (404.0790 GFlop/s per process)    93%    1049.0 sec left
CG set 2551 / 2727    3232.7369 GFlop/s     (404.0921 GFlop/s per process)    93%    1048.1 sec left
CG set 2552 / 2727    3232.9688 GFlop/s     (404.1211 GFlop/s per process)    93%    1047.3 sec left
CG set 2553 / 2727    3233.0807 GFlop/s     (404.1351 GFlop/s per process)    93%    1046.4 sec left
CG set 2554 / 2727    3233.2305 GFlop/s     (404.1538 GFlop/s per process)    93%    1045.5 sec left
CG set 2555 / 2727    3233.3559 GFlop/s     (404.1695 GFlop/s per process)    93%    1044.6 sec left
CG set 2556 / 2727    3233.4641 GFlop/s     (404.1830 GFlop/s per process)    93%    1043.7 sec left
CG set 2557 / 2727    3233.6039 GFlop/s     (404.2005 GFlop/s per process)    93%    1042.8 sec left
CG set 2558 / 2727    3233.7922 GFlop/s     (404.2240 GFlop/s per process)    93%    1042.0 sec left
CG set 2559 / 2727    3233.8784 GFlop/s     (404.2348 GFlop/s per process)    93%    1041.0 sec left
CG set 2560 / 2727    3234.0447 GFlop/s     (404.2556 GFlop/s per process)    93%    1040.2 sec left
CG set 2561 / 2727    3234.1807 GFlop/s     (404.2726 GFlop/s per process)    93%    1039.3 sec left
CG set 2562 / 2727    3234.3874 GFlop/s     (404.2984 GFlop/s per process)    93%    1038.4 sec left
CG set 2563 / 2727    3234.4747 GFlop/s     (404.3093 GFlop/s per process)    93%    1037.5 sec left
CG set 2564 / 2727    3234.5966 GFlop/s     (404.3246 GFlop/s per process)    94%    1036.6 sec left
CG set 2565 / 2727    3234.7534 GFlop/s     (404.3442 GFlop/s per process)    94%    1035.7 sec left
CG set 2566 / 2727    3234.8922 GFlop/s     (404.3615 GFlop/s per process)    94%    1034.8 sec left
CG set 2567 / 2727    3235.0907 GFlop/s     (404.3863 GFlop/s per process)    94%    1034.0 sec left
CG set 2568 / 2727    3235.2490 GFlop/s     (404.4061 GFlop/s per process)    94%    1033.1 sec left
CG set 2569 / 2727    3235.3468 GFlop/s     (404.4184 GFlop/s per process)    94%    1032.2 sec left
CG set 2570 / 2727    3235.5740 GFlop/s     (404.4468 GFlop/s per process)    94%    1031.4 sec left
CG set 2571 / 2727    3235.6534 GFlop/s     (404.4567 GFlop/s per process)    94%    1030.5 sec left
CG set 2572 / 2727    3235.7882 GFlop/s     (404.4735 GFlop/s per process)    94%    1029.6 sec left
CG set 2573 / 2727    3235.8527 GFlop/s     (404.4816 GFlop/s per process)    94%    1028.6 sec left
CG set 2574 / 2727    3236.0875 GFlop/s     (404.5109 GFlop/s per process)    94%    1027.8 sec left
CG set 2575 / 2727    3236.2079 GFlop/s     (404.5260 GFlop/s per process)    94%    1026.9 sec left
CG set 2576 / 2727    3236.2961 GFlop/s     (404.5370 GFlop/s per process)    94%    1026.0 sec left
CG set 2577 / 2727    3236.4092 GFlop/s     (404.5511 GFlop/s per process)    94%    1025.1 sec left
CG set 2578 / 2727    3236.5783 GFlop/s     (404.5723 GFlop/s per process)    94%    1024.2 sec left
CG set 2579 / 2727    3236.6862 GFlop/s     (404.5858 GFlop/s per process)    94%    1023.3 sec left
CG set 2580 / 2727    3236.8047 GFlop/s     (404.6006 GFlop/s per process)    94%    1022.4 sec left
CG set 2581 / 2727    3236.8340 GFlop/s     (404.6043 GFlop/s per process)    94%    1021.4 sec left
CG set 2582 / 2727    3237.0407 GFlop/s     (404.6301 GFlop/s per process)    94%    1020.6 sec left
CG set 2583 / 2727    3237.1502 GFlop/s     (404.6438 GFlop/s per process)    94%    1019.7 sec left
CG set 2584 / 2727    3237.3143 GFlop/s     (404.6643 GFlop/s per process)    94%    1018.8 sec left
CG set 2585 / 2727    3237.4332 GFlop/s     (404.6791 GFlop/s per process)    94%    1017.9 sec left
CG set 2586 / 2727    3237.4401 GFlop/s     (404.6800 GFlop/s per process)    94%    1016.9 sec left
CG set 2587 / 2727    3237.6364 GFlop/s     (404.7045 GFlop/s per process)    94%    1016.1 sec left
CG set 2588 / 2727    3237.7579 GFlop/s     (404.7197 GFlop/s per process)    94%    1015.2 sec left
CG set 2589 / 2727    3237.9584 GFlop/s     (404.7448 GFlop/s per process)    94%    1014.3 sec left
CG set 2590 / 2727    3238.0330 GFlop/s     (404.7541 GFlop/s per process)    94%    1013.4 sec left
CG set 2591 / 2727    3238.2244 GFlop/s     (404.7781 GFlop/s per process)    95%    1012.6 sec left
CG set 2592 / 2727    3238.4172 GFlop/s     (404.8022 GFlop/s per process)    95%    1011.7 sec left
CG set 2593 / 2727    3238.4223 GFlop/s     (404.8028 GFlop/s per process)    95%    1010.7 sec left
CG set 2594 / 2727    3238.5714 GFlop/s     (404.8214 GFlop/s per process)    95%    1009.8 sec left
CG set 2595 / 2727    3238.7277 GFlop/s     (404.8410 GFlop/s per process)    95%    1009.0 sec left
CG set 2596 / 2727    3238.8120 GFlop/s     (404.8515 GFlop/s per process)    95%    1008.0 sec left
CG set 2597 / 2727    3238.9602 GFlop/s     (404.8700 GFlop/s per process)    95%    1007.2 sec left
CG set 2598 / 2727    3239.0295 GFlop/s     (404.8787 GFlop/s per process)    95%    1006.2 sec left
CG set 2599 / 2727    3239.2184 GFlop/s     (404.9023 GFlop/s per process)    95%    1005.4 sec left
CG set 2600 / 2727    3239.2688 GFlop/s     (404.9086 GFlop/s per process)    95%    1004.4 sec left
CG set 2601 / 2727    3239.3934 GFlop/s     (404.9242 GFlop/s per process)    95%    1003.5 sec left
CG set 2602 / 2727    3239.5446 GFlop/s     (404.9431 GFlop/s per process)    95%    1002.6 sec left
CG set 2603 / 2727    3239.6543 GFlop/s     (404.9568 GFlop/s per process)    95%    1001.7 sec left
CG set 2604 / 2727    3239.7771 GFlop/s     (404.9721 GFlop/s per process)    95%    1000.8 sec left
CG set 2605 / 2727    3239.9641 GFlop/s     (404.9955 GFlop/s per process)    95%    1000.0 sec left
CG set 2606 / 2727    3240.1340 GFlop/s     (405.0167 GFlop/s per process)    95%    999.1 sec left
CG set 2607 / 2727    3240.2766 GFlop/s     (405.0346 GFlop/s per process)    95%    998.2 sec left
CG set 2608 / 2727    3240.3729 GFlop/s     (405.0466 GFlop/s per process)    95%    997.3 sec left
CG set 2609 / 2727    3240.5814 GFlop/s     (405.0727 GFlop/s per process)    95%    996.5 sec left
CG set 2610 / 2727    3240.6248 GFlop/s     (405.0781 GFlop/s per process)    95%    995.5 sec left
CG set 2611 / 2727    3240.8294 GFlop/s     (405.1037 GFlop/s per process)    95%    994.7 sec left
CG set 2612 / 2727    3241.0563 GFlop/s     (405.1320 GFlop/s per process)    95%    993.9 sec left
CG set 2613 / 2727    3241.1098 GFlop/s     (405.1387 GFlop/s per process)    95%    992.9 sec left
CG set 2614 / 2727    3241.2597 GFlop/s     (405.1575 GFlop/s per process)    95%    992.1 sec left
CG set 2615 / 2727    3241.4205 GFlop/s     (405.1776 GFlop/s per process)    95%    991.2 sec left
CG set 2616 / 2727    3241.4618 GFlop/s     (405.1827 GFlop/s per process)    95%    990.2 sec left
CG set 2617 / 2727    3241.6334 GFlop/s     (405.2042 GFlop/s per process)    95%    989.4 sec left
CG set 2618 / 2727    3241.7726 GFlop/s     (405.2216 GFlop/s per process)    96%    988.5 sec left
CG set 2619 / 2727    3241.9085 GFlop/s     (405.2386 GFlop/s per process)    96%    987.6 sec left
CG set 2620 / 2727    3242.0959 GFlop/s     (405.2620 GFlop/s per process)    96%    986.8 sec left
CG set 2621 / 2727    3242.2291 GFlop/s     (405.2786 GFlop/s per process)    96%    985.9 sec left
CG set 2622 / 2727    3242.2894 GFlop/s     (405.2862 GFlop/s per process)    96%    984.9 sec left
CG set 2623 / 2727    3242.4847 GFlop/s     (405.3106 GFlop/s per process)    96%    984.1 sec left
CG set 2624 / 2727    3242.6346 GFlop/s     (405.3293 GFlop/s per process)    96%    983.2 sec left
CG set 2625 / 2727    3242.8112 GFlop/s     (405.3514 GFlop/s per process)    96%    982.4 sec left
CG set 2626 / 2727    3242.9338 GFlop/s     (405.3667 GFlop/s per process)    96%    981.5 sec left
CG set 2627 / 2727    3243.0690 GFlop/s     (405.3836 GFlop/s per process)    96%    980.6 sec left
CG set 2628 / 2727    3243.1458 GFlop/s     (405.3932 GFlop/s per process)    96%    979.6 sec left
CG set 2629 / 2727    3243.3635 GFlop/s     (405.4204 GFlop/s per process)    96%    978.8 sec left
CG set 2630 / 2727    3242.8721 GFlop/s     (405.3590 GFlop/s per process)    96%    977.4 sec left
CG set 2631 / 2727    3243.0970 GFlop/s     (405.3871 GFlop/s per process)    96%    976.6 sec left
CG set 2632 / 2727    3243.2837 GFlop/s     (405.4105 GFlop/s per process)    96%    975.8 sec left
CG set 2633 / 2727    3243.3678 GFlop/s     (405.4210 GFlop/s per process)    96%    974.8 sec left
CG set 2634 / 2727    3243.5262 GFlop/s     (405.4408 GFlop/s per process)    96%    974.0 sec left
CG set 2635 / 2727    3243.6550 GFlop/s     (405.4569 GFlop/s per process)    96%    973.1 sec left
CG set 2636 / 2727    3243.7308 GFlop/s     (405.4664 GFlop/s per process)    96%    972.1 sec left
CG set 2637 / 2727    3243.8918 GFlop/s     (405.4865 GFlop/s per process)    96%    971.3 sec left
CG set 2638 / 2727    3244.0420 GFlop/s     (405.5052 GFlop/s per process)    96%    970.4 sec left
CG set 2639 / 2727    3244.1562 GFlop/s     (405.5195 GFlop/s per process)    96%    969.5 sec left
CG set 2640 / 2727    3244.2697 GFlop/s     (405.5337 GFlop/s per process)    96%    968.6 sec left
CG set 2641 / 2727    3244.4122 GFlop/s     (405.5515 GFlop/s per process)    96%    967.7 sec left
CG set 2642 / 2727    3244.5174 GFlop/s     (405.5647 GFlop/s per process)    96%    966.8 sec left
CG set 2643 / 2727    3244.6947 GFlop/s     (405.5868 GFlop/s per process)    96%    966.0 sec left
CG set 2644 / 2727    3244.7618 GFlop/s     (405.5952 GFlop/s per process)    96%    965.0 sec left
CG set 2645 / 2727    3244.8844 GFlop/s     (405.6105 GFlop/s per process)    96%    964.1 sec left
CG set 2646 / 2727    3245.0750 GFlop/s     (405.6344 GFlop/s per process)    97%    963.3 sec left
CG set 2647 / 2727    3245.2896 GFlop/s     (405.6612 GFlop/s per process)    97%    962.5 sec left
CG set 2648 / 2727    3245.3164 GFlop/s     (405.6646 GFlop/s per process)    97%    961.5 sec left
CG set 2649 / 2727    3245.5046 GFlop/s     (405.6881 GFlop/s per process)    97%    960.7 sec left
CG set 2650 / 2727    3245.5775 GFlop/s     (405.6972 GFlop/s per process)    97%    959.7 sec left
CG set 2651 / 2727    3245.6862 GFlop/s     (405.7108 GFlop/s per process)    97%    958.8 sec left
CG set 2652 / 2727    3245.8475 GFlop/s     (405.7309 GFlop/s per process)    97%    957.9 sec left
CG set 2653 / 2727    3245.9536 GFlop/s     (405.7442 GFlop/s per process)    97%    957.0 sec left
CG set 2654 / 2727    3246.0604 GFlop/s     (405.7575 GFlop/s per process)    97%    956.1 sec left
CG set 2655 / 2727    3246.2209 GFlop/s     (405.7776 GFlop/s per process)    97%    955.3 sec left
CG set 2656 / 2727    3246.3876 GFlop/s     (405.7984 GFlop/s per process)    97%    954.4 sec left
CG set 2657 / 2727    3246.5053 GFlop/s     (405.8132 GFlop/s per process)    97%    953.5 sec left
CG set 2658 / 2727    3246.6056 GFlop/s     (405.8257 GFlop/s per process)    97%    952.6 sec left
CG set 2659 / 2727    3246.8384 GFlop/s     (405.8548 GFlop/s per process)    97%    951.8 sec left
CG set 2660 / 2727    3246.9615 GFlop/s     (405.8702 GFlop/s per process)    97%    950.9 sec left
CG set 2661 / 2727    3247.0915 GFlop/s     (405.8864 GFlop/s per process)    97%    950.0 sec left
CG set 2662 / 2727    3247.3109 GFlop/s     (405.9139 GFlop/s per process)    97%    949.2 sec left
CG set 2663 / 2727    3247.4423 GFlop/s     (405.9303 GFlop/s per process)    97%    948.3 sec left
CG set 2664 / 2727    3247.6227 GFlop/s     (405.9528 GFlop/s per process)    97%    947.5 sec left
CG set 2665 / 2727    3247.7036 GFlop/s     (405.9630 GFlop/s per process)    97%    946.5 sec left
CG set 2666 / 2727    3247.8004 GFlop/s     (405.9750 GFlop/s per process)    97%    945.6 sec left
CG set 2667 / 2727    3248.0171 GFlop/s     (406.0021 GFlop/s per process)    97%    944.8 sec left
CG set 2668 / 2727    3248.1423 GFlop/s     (406.0178 GFlop/s per process)    97%    943.9 sec left
CG set 2669 / 2727    3248.2805 GFlop/s     (406.0351 GFlop/s per process)    97%    943.0 sec left
CG set 2670 / 2727    3248.3519 GFlop/s     (406.0440 GFlop/s per process)    97%    942.1 sec left
CG set 2671 / 2727    3248.5238 GFlop/s     (406.0655 GFlop/s per process)    97%    941.2 sec left
CG set 2672 / 2727    3248.6897 GFlop/s     (406.0862 GFlop/s per process)    97%    940.4 sec left
CG set 2673 / 2727    3248.7920 GFlop/s     (406.0990 GFlop/s per process)    98%    939.5 sec left
CG set 2674 / 2727    3249.0115 GFlop/s     (406.1264 GFlop/s per process)    98%    938.7 sec left
CG set 2675 / 2727    3249.0371 GFlop/s     (406.1296 GFlop/s per process)    98%    937.7 sec left
CG set 2676 / 2727    3249.1777 GFlop/s     (406.1472 GFlop/s per process)    98%    936.8 sec left
CG set 2677 / 2727    3249.3941 GFlop/s     (406.1743 GFlop/s per process)    98%    936.0 sec left
CG set 2678 / 2727    3249.4665 GFlop/s     (406.1833 GFlop/s per process)    98%    935.1 sec left
CG set 2679 / 2727    3249.6147 GFlop/s     (406.2018 GFlop/s per process)    98%    934.2 sec left
CG set 2680 / 2727    3249.7317 GFlop/s     (406.2165 GFlop/s per process)    98%    933.3 sec left
CG set 2681 / 2727    3249.8355 GFlop/s     (406.2294 GFlop/s per process)    98%    932.4 sec left
CG set 2682 / 2727    3249.9988 GFlop/s     (406.2499 GFlop/s per process)    98%    931.5 sec left
CG set 2683 / 2727    3250.1099 GFlop/s     (406.2637 GFlop/s per process)    98%    930.6 sec left
CG set 2684 / 2727    3250.2378 GFlop/s     (406.2797 GFlop/s per process)    98%    929.7 sec left
CG set 2685 / 2727    3250.3711 GFlop/s     (406.2964 GFlop/s per process)    98%    928.9 sec left
CG set 2686 / 2727    3250.4773 GFlop/s     (406.3097 GFlop/s per process)    98%    927.9 sec left
CG set 2687 / 2727    3250.5862 GFlop/s     (406.3233 GFlop/s per process)    98%    927.0 sec left
CG set 2688 / 2727    3250.7221 GFlop/s     (406.3403 GFlop/s per process)    98%    926.2 sec left
CG set 2689 / 2727    3250.8717 GFlop/s     (406.3590 GFlop/s per process)    98%    925.3 sec left
CG set 2690 / 2727    3251.0094 GFlop/s     (406.3762 GFlop/s per process)    98%    924.4 sec left
CG set 2691 / 2727    3251.1808 GFlop/s     (406.3976 GFlop/s per process)    98%    923.6 sec left
CG set 2692 / 2727    3251.3891 GFlop/s     (406.4236 GFlop/s per process)    98%    922.7 sec left
CG set 2693 / 2727    3251.4364 GFlop/s     (406.4296 GFlop/s per process)    98%    921.8 sec left
CG set 2694 / 2727    3251.6167 GFlop/s     (406.4521 GFlop/s per process)    98%    920.9 sec left
CG set 2695 / 2727    3251.5200 GFlop/s     (406.4400 GFlop/s per process)    98%    919.9 sec left
CG set 2696 / 2727    3251.6660 GFlop/s     (406.4583 GFlop/s per process)    98%    919.0 sec left
CG set 2697 / 2727    3251.8524 GFlop/s     (406.4816 GFlop/s per process)    98%    918.2 sec left
CG set 2698 / 2727    3251.9894 GFlop/s     (406.4987 GFlop/s per process)    98%    917.3 sec left
CG set 2699 / 2727    3252.1331 GFlop/s     (406.5166 GFlop/s per process)    98%    916.4 sec left
CG set 2700 / 2727    3252.2432 GFlop/s     (406.5304 GFlop/s per process)    99%    915.5 sec left
CG set 2701 / 2727    3252.3635 GFlop/s     (406.5454 GFlop/s per process)    99%    914.6 sec left
CG set 2702 / 2727    3252.4709 GFlop/s     (406.5589 GFlop/s per process)    99%    913.7 sec left
CG set 2703 / 2727    3252.6424 GFlop/s     (406.5803 GFlop/s per process)    99%    912.9 sec left
CG set 2704 / 2727    3252.7822 GFlop/s     (406.5978 GFlop/s per process)    99%    912.0 sec left
CG set 2705 / 2727    3252.8732 GFlop/s     (406.6091 GFlop/s per process)    99%    911.1 sec left
CG set 2706 / 2727    3252.9864 GFlop/s     (406.6233 GFlop/s per process)    99%    910.2 sec left
CG set 2707 / 2727    3253.1196 GFlop/s     (406.6400 GFlop/s per process)    99%    909.3 sec left
CG set 2708 / 2727    3253.2904 GFlop/s     (406.6613 GFlop/s per process)    99%    908.4 sec left
CG set 2709 / 2727    3253.4236 GFlop/s     (406.6780 GFlop/s per process)    99%    907.5 sec left
CG set 2710 / 2727    3253.4554 GFlop/s     (406.6819 GFlop/s per process)    99%    906.6 sec left
CG set 2711 / 2727    3253.6302 GFlop/s     (406.7038 GFlop/s per process)    99%    905.7 sec left
CG set 2712 / 2727    3253.8058 GFlop/s     (406.7257 GFlop/s per process)    99%    904.9 sec left
CG set 2713 / 2727    3253.9153 GFlop/s     (406.7394 GFlop/s per process)    99%    904.0 sec left
CG set 2714 / 2727    3254.1055 GFlop/s     (406.7632 GFlop/s per process)    99%    903.1 sec left
CG set 2715 / 2727    3254.1838 GFlop/s     (406.7730 GFlop/s per process)    99%    902.2 sec left
CG set 2716 / 2727    3254.3236 GFlop/s     (406.7905 GFlop/s per process)    99%    901.3 sec left
CG set 2717 / 2727    3254.4763 GFlop/s     (406.8095 GFlop/s per process)    99%    900.5 sec left
CG set 2718 / 2727    3254.6571 GFlop/s     (406.8321 GFlop/s per process)    99%    899.6 sec left
CG set 2719 / 2727    3254.8046 GFlop/s     (406.8506 GFlop/s per process)    99%    898.8 sec left
CG set 2720 / 2727    3254.9108 GFlop/s     (406.8639 GFlop/s per process)    99%    897.9 sec left
CG set 2721 / 2727    3255.0599 GFlop/s     (406.8825 GFlop/s per process)    99%    897.0 sec left
CG set 2722 / 2727    3255.1972 GFlop/s     (406.8997 GFlop/s per process)    99%    896.1 sec left
CG set 2723 / 2727    3255.3705 GFlop/s     (406.9213 GFlop/s per process)    99%    895.3 sec left
CG set 2724 / 2727    3255.3989 GFlop/s     (406.9249 GFlop/s per process)    99%    894.3 sec left
CG set 2725 / 2727    3255.5406 GFlop/s     (406.9426 GFlop/s per process)    99%    893.4 sec left
CG set 2726 / 2727    3255.6830 GFlop/s     (406.9604 GFlop/s per process)    99%    892.6 sec left
CG set 2727 / 2727    3255.8313 GFlop/s     (406.9789 GFlop/s per process)    100%    891.7 sec left
-- Performing additional CG sets, to match time requirement of 3600.0 seconds ...
CG set 2728 / 2727    3255.9381 GFlop/s     (406.9923 GFlop/s per process)    100%    890.8 sec left
CG set 2729 / 2727    3256.1027 GFlop/s     (407.0128 GFlop/s per process)    100%    889.9 sec left
CG set 2730 / 2727    3256.2316 GFlop/s     (407.0290 GFlop/s per process)    100%    889.0 sec left
CG set 2731 / 2727    3256.3234 GFlop/s     (407.0404 GFlop/s per process)    100%    888.1 sec left
CG set 2732 / 2727    3256.4955 GFlop/s     (407.0619 GFlop/s per process)    100%    887.3 sec left
CG set 2733 / 2727    3256.6310 GFlop/s     (407.0789 GFlop/s per process)    100%    886.4 sec left
CG set 2734 / 2727    3256.7728 GFlop/s     (407.0966 GFlop/s per process)    100%    885.5 sec left
CG set 2735 / 2727    3256.9440 GFlop/s     (407.1180 GFlop/s per process)    100%    884.7 sec left
CG set 2736 / 2727    3257.0875 GFlop/s     (407.1359 GFlop/s per process)    100%    883.8 sec left
CG set 2737 / 2727    3257.1818 GFlop/s     (407.1477 GFlop/s per process)    100%    882.9 sec left
CG set 2738 / 2727    3257.3152 GFlop/s     (407.1644 GFlop/s per process)    100%    882.0 sec left
CG set 2739 / 2727    3257.4907 GFlop/s     (407.1863 GFlop/s per process)    100%    881.2 sec left
CG set 2740 / 2727    3257.5598 GFlop/s     (407.1950 GFlop/s per process)    100%    880.2 sec left
CG set 2741 / 2727    3257.7007 GFlop/s     (407.2126 GFlop/s per process)    100%    879.4 sec left
CG set 2742 / 2727    3257.8624 GFlop/s     (407.2328 GFlop/s per process)    100%    878.5 sec left
CG set 2743 / 2727    3257.9873 GFlop/s     (407.2484 GFlop/s per process)    100%    877.6 sec left
CG set 2744 / 2727    3258.1263 GFlop/s     (407.2658 GFlop/s per process)    100%    876.8 sec left
CG set 2745 / 2727    3258.2675 GFlop/s     (407.2834 GFlop/s per process)    100%    875.9 sec left
CG set 2746 / 2727    3258.1325 GFlop/s     (407.2666 GFlop/s per process)    100%    874.8 sec left
CG set 2747 / 2727    3258.3005 GFlop/s     (407.2876 GFlop/s per process)    100%    873.9 sec left
CG set 2748 / 2727    3258.4419 GFlop/s     (407.3052 GFlop/s per process)    100%    873.0 sec left
CG set 2749 / 2727    3258.6375 GFlop/s     (407.3297 GFlop/s per process)    100%    872.2 sec left
CG set 2750 / 2727    3258.7632 GFlop/s     (407.3454 GFlop/s per process)    100%    871.3 sec left
CG set 2751 / 2727    3258.8681 GFlop/s     (407.3585 GFlop/s per process)    100%    870.4 sec left
CG set 2752 / 2727    3259.0219 GFlop/s     (407.3777 GFlop/s per process)    100%    869.6 sec left
CG set 2753 / 2727    3259.0940 GFlop/s     (407.3868 GFlop/s per process)    100%    868.6 sec left
CG set 2754 / 2727    3259.2995 GFlop/s     (407.4124 GFlop/s per process)    100%    867.8 sec left
CG set 2755 / 2727    3259.3391 GFlop/s     (407.4174 GFlop/s per process)    101%    866.9 sec left
CG set 2756 / 2727    3259.5169 GFlop/s     (407.4396 GFlop/s per process)    101%    866.0 sec left
CG set 2757 / 2727    3259.6930 GFlop/s     (407.4616 GFlop/s per process)    101%    865.2 sec left
CG set 2758 / 2727    3259.7393 GFlop/s     (407.4674 GFlop/s per process)    101%    864.2 sec left
CG set 2759 / 2727    3259.9428 GFlop/s     (407.4928 GFlop/s per process)    101%    863.4 sec left
CG set 2760 / 2727    3260.0895 GFlop/s     (407.5112 GFlop/s per process)    101%    862.5 sec left
CG set 2761 / 2727    3260.1829 GFlop/s     (407.5229 GFlop/s per process)    101%    861.6 sec left
CG set 2762 / 2727    3260.3648 GFlop/s     (407.5456 GFlop/s per process)    101%    860.8 sec left
CG set 2763 / 2727    3260.5381 GFlop/s     (407.5673 GFlop/s per process)    101%    860.0 sec left
CG set 2764 / 2727    3260.6125 GFlop/s     (407.5766 GFlop/s per process)    101%    859.0 sec left
CG set 2765 / 2727    3260.7353 GFlop/s     (407.5919 GFlop/s per process)    101%    858.1 sec left
CG set 2766 / 2727    3260.9025 GFlop/s     (407.6128 GFlop/s per process)    101%    857.3 sec left
CG set 2767 / 2727    3260.9732 GFlop/s     (407.6217 GFlop/s per process)    101%    856.4 sec left
CG set 2768 / 2727    3261.1116 GFlop/s     (407.6390 GFlop/s per process)    101%    855.5 sec left
CG set 2769 / 2727    3261.2590 GFlop/s     (407.6574 GFlop/s per process)    101%    854.6 sec left
CG set 2770 / 2727    3261.3736 GFlop/s     (407.6717 GFlop/s per process)    101%    853.7 sec left
CG set 2771 / 2727    3261.5590 GFlop/s     (407.6949 GFlop/s per process)    101%    852.9 sec left
CG set 2772 / 2727    3261.7136 GFlop/s     (407.7142 GFlop/s per process)    101%    852.0 sec left
CG set 2773 / 2727    3261.8564 GFlop/s     (407.7320 GFlop/s per process)    101%    851.2 sec left
CG set 2774 / 2727    3262.0286 GFlop/s     (407.7536 GFlop/s per process)    101%    850.3 sec left
CG set 2775 / 2727    3262.1124 GFlop/s     (407.7641 GFlop/s per process)    101%    849.4 sec left
CG set 2776 / 2727    3262.2404 GFlop/s     (407.7800 GFlop/s per process)    101%    848.5 sec left
CG set 2777 / 2727    3262.4379 GFlop/s     (407.8047 GFlop/s per process)    101%    847.7 sec left
CG set 2778 / 2727    3262.6233 GFlop/s     (407.8279 GFlop/s per process)    101%    846.9 sec left
CG set 2779 / 2727    3262.7005 GFlop/s     (407.8376 GFlop/s per process)    101%    845.9 sec left
CG set 2780 / 2727    3262.8649 GFlop/s     (407.8581 GFlop/s per process)    101%    845.1 sec left
CG set 2781 / 2727    3263.0483 GFlop/s     (407.8810 GFlop/s per process)    101%    844.3 sec left
CG set 2782 / 2727    3263.0712 GFlop/s     (407.8839 GFlop/s per process)    102%    843.3 sec left
CG set 2783 / 2727    3263.2870 GFlop/s     (407.9109 GFlop/s per process)    102%    842.5 sec left
CG set 2784 / 2727    3263.4366 GFlop/s     (407.9296 GFlop/s per process)    102%    841.6 sec left
CG set 2785 / 2727    3263.5742 GFlop/s     (407.9468 GFlop/s per process)    102%    840.7 sec left
CG set 2786 / 2727    3263.7208 GFlop/s     (407.9651 GFlop/s per process)    102%    839.9 sec left
CG set 2787 / 2727    3263.8358 GFlop/s     (407.9795 GFlop/s per process)    102%    839.0 sec left
CG set 2788 / 2727    3263.9953 GFlop/s     (407.9994 GFlop/s per process)    102%    838.1 sec left
CG set 2789 / 2727    3264.1626 GFlop/s     (408.0203 GFlop/s per process)    102%    837.3 sec left
CG set 2790 / 2727    3264.1865 GFlop/s     (408.0233 GFlop/s per process)    102%    836.3 sec left
CG set 2791 / 2727    3264.3514 GFlop/s     (408.0439 GFlop/s per process)    102%    835.5 sec left
CG set 2792 / 2727    3264.4817 GFlop/s     (408.0602 GFlop/s per process)    102%    834.6 sec left
CG set 2793 / 2727    3264.6153 GFlop/s     (408.0769 GFlop/s per process)    102%    833.7 sec left
CG set 2794 / 2727    3264.7525 GFlop/s     (408.0941 GFlop/s per process)    102%    832.8 sec left
CG set 2795 / 2727    3264.9144 GFlop/s     (408.1143 GFlop/s per process)    102%    832.0 sec left
CG set 2796 / 2727    3265.0487 GFlop/s     (408.1311 GFlop/s per process)    102%    831.1 sec left
CG set 2797 / 2727    3265.1745 GFlop/s     (408.1468 GFlop/s per process)    102%    830.2 sec left
CG set 2798 / 2727    3265.3397 GFlop/s     (408.1675 GFlop/s per process)    102%    829.4 sec left
CG set 2799 / 2727    3265.5088 GFlop/s     (408.1886 GFlop/s per process)    102%    828.5 sec left
CG set 2800 / 2727    3265.6106 GFlop/s     (408.2013 GFlop/s per process)    102%    827.6 sec left
CG set 2801 / 2727    3265.7768 GFlop/s     (408.2221 GFlop/s per process)    102%    826.8 sec left
CG set 2802 / 2727    3265.8915 GFlop/s     (408.2364 GFlop/s per process)    102%    825.9 sec left
CG set 2803 / 2727    3266.0615 GFlop/s     (408.2577 GFlop/s per process)    102%    825.1 sec left
CG set 2804 / 2727    3266.2280 GFlop/s     (408.2785 GFlop/s per process)    102%    824.2 sec left
CG set 2805 / 2727    3266.2575 GFlop/s     (408.2822 GFlop/s per process)    102%    823.2 sec left
CG set 2806 / 2727    3266.4244 GFlop/s     (408.3030 GFlop/s per process)    102%    822.4 sec left
CG set 2807 / 2727    3266.5562 GFlop/s     (408.3195 GFlop/s per process)    102%    821.5 sec left
CG set 2808 / 2727    3266.6825 GFlop/s     (408.3353 GFlop/s per process)    102%    820.6 sec left
CG set 2809 / 2727    3266.8887 GFlop/s     (408.3611 GFlop/s per process)    103%    819.8 sec left
CG set 2810 / 2727    3266.9436 GFlop/s     (408.3679 GFlop/s per process)    103%    818.9 sec left
CG set 2811 / 2727    3267.1058 GFlop/s     (408.3882 GFlop/s per process)    103%    818.0 sec left
CG set 2812 / 2727    3267.2114 GFlop/s     (408.4014 GFlop/s per process)    103%    817.1 sec left
CG set 2813 / 2727    3267.4516 GFlop/s     (408.4314 GFlop/s per process)    103%    816.4 sec left
CG set 2814 / 2727    3267.5399 GFlop/s     (408.4425 GFlop/s per process)    103%    815.4 sec left
CG set 2815 / 2727    3267.6728 GFlop/s     (408.4591 GFlop/s per process)    103%    814.6 sec left
CG set 2816 / 2727    3267.8379 GFlop/s     (408.4797 GFlop/s per process)    103%    813.7 sec left
CG set 2817 / 2727    3268.0074 GFlop/s     (408.5009 GFlop/s per process)    103%    812.9 sec left
CG set 2818 / 2727    3268.1501 GFlop/s     (408.5188 GFlop/s per process)    103%    812.0 sec left
CG set 2819 / 2727    3268.2542 GFlop/s     (408.5318 GFlop/s per process)    103%    811.1 sec left
CG set 2820 / 2727    3268.3791 GFlop/s     (408.5474 GFlop/s per process)    103%    810.2 sec left
CG set 2821 / 2727    3268.5214 GFlop/s     (408.5652 GFlop/s per process)    103%    809.4 sec left
CG set 2822 / 2727    3268.7245 GFlop/s     (408.5906 GFlop/s per process)    103%    808.6 sec left
CG set 2823 / 2727    3268.8210 GFlop/s     (408.6026 GFlop/s per process)    103%    807.7 sec left
CG set 2824 / 2727    3268.9944 GFlop/s     (408.6243 GFlop/s per process)    103%    806.8 sec left
CG set 2825 / 2727    3269.0946 GFlop/s     (408.6368 GFlop/s per process)    103%    805.9 sec left
CG set 2826 / 2727    3269.3309 GFlop/s     (408.6664 GFlop/s per process)    103%    805.1 sec left
CG set 2827 / 2727    3269.4358 GFlop/s     (408.6795 GFlop/s per process)    103%    804.2 sec left
CG set 2828 / 2727    3269.5298 GFlop/s     (408.6912 GFlop/s per process)    103%    803.3 sec left
CG set 2829 / 2727    3269.7036 GFlop/s     (408.7130 GFlop/s per process)    103%    802.5 sec left
CG set 2830 / 2727    3269.6762 GFlop/s     (408.7095 GFlop/s per process)    103%    801.5 sec left
CG set 2831 / 2727    3269.8040 GFlop/s     (408.7255 GFlop/s per process)    103%    800.6 sec left
CG set 2832 / 2727    3269.9667 GFlop/s     (408.7458 GFlop/s per process)    103%    799.7 sec left
CG set 2833 / 2727    3270.1134 GFlop/s     (408.7642 GFlop/s per process)    103%    798.9 sec left
CG set 2834 / 2727    3270.2735 GFlop/s     (408.7842 GFlop/s per process)    103%    798.0 sec left
CG set 2835 / 2727    3270.3851 GFlop/s     (408.7981 GFlop/s per process)    103%    797.1 sec left
CG set 2836 / 2727    3270.5567 GFlop/s     (408.8196 GFlop/s per process)    103%    796.3 sec left
CG set 2837 / 2727    3270.6963 GFlop/s     (408.8370 GFlop/s per process)    104%    795.4 sec left
CG set 2838 / 2727    3270.8185 GFlop/s     (408.8523 GFlop/s per process)    104%    794.6 sec left
CG set 2839 / 2727    3271.0202 GFlop/s     (408.8775 GFlop/s per process)    104%    793.7 sec left
CG set 2840 / 2727    3271.1903 GFlop/s     (408.8988 GFlop/s per process)    104%    792.9 sec left
CG set 2841 / 2727    3271.3152 GFlop/s     (408.9144 GFlop/s per process)    104%    792.0 sec left
CG set 2842 / 2727    3271.4230 GFlop/s     (408.9279 GFlop/s per process)    104%    791.1 sec left
CG set 2843 / 2727    3271.5688 GFlop/s     (408.9461 GFlop/s per process)    104%    790.3 sec left
CG set 2844 / 2727    3271.7380 GFlop/s     (408.9672 GFlop/s per process)    104%    789.4 sec left
CG set 2845 / 2727    3271.8391 GFlop/s     (408.9799 GFlop/s per process)    104%    788.5 sec left
CG set 2846 / 2727    3272.0089 GFlop/s     (409.0011 GFlop/s per process)    104%    787.7 sec left
CG set 2847 / 2727    3272.1507 GFlop/s     (409.0188 GFlop/s per process)    104%    786.8 sec left
CG set 2848 / 2727    3272.3223 GFlop/s     (409.0403 GFlop/s per process)    104%    786.0 sec left
CG set 2849 / 2727    3272.4247 GFlop/s     (409.0531 GFlop/s per process)    104%    785.1 sec left
CG set 2850 / 2727    3272.6276 GFlop/s     (409.0784 GFlop/s per process)    104%    784.3 sec left
CG set 2851 / 2727    3272.7374 GFlop/s     (409.0922 GFlop/s per process)    104%    783.4 sec left
CG set 2852 / 2727    3272.9072 GFlop/s     (409.1134 GFlop/s per process)    104%    782.5 sec left
CG set 2853 / 2727    3272.9793 GFlop/s     (409.1224 GFlop/s per process)    104%    781.6 sec left
CG set 2854 / 2727    3273.1896 GFlop/s     (409.1487 GFlop/s per process)    104%    780.8 sec left
CG set 2855 / 2727    3273.3400 GFlop/s     (409.1675 GFlop/s per process)    104%    780.0 sec left
CG set 2856 / 2727    3273.4316 GFlop/s     (409.1789 GFlop/s per process)    104%    779.1 sec left
CG set 2857 / 2727    3273.5716 GFlop/s     (409.1964 GFlop/s per process)    104%    778.2 sec left
CG set 2858 / 2727    3273.7739 GFlop/s     (409.2217 GFlop/s per process)    104%    777.4 sec left
CG set 2859 / 2727    3273.8805 GFlop/s     (409.2351 GFlop/s per process)    104%    776.5 sec left
CG set 2860 / 2727    3274.0648 GFlop/s     (409.2581 GFlop/s per process)    104%    775.7 sec left
CG set 2861 / 2727    3274.2427 GFlop/s     (409.2803 GFlop/s per process)    104%    774.8 sec left
CG set 2862 / 2727    3274.4497 GFlop/s     (409.3062 GFlop/s per process)    104%    774.0 sec left
CG set 2863 / 2727    3274.5577 GFlop/s     (409.3197 GFlop/s per process)    104%    773.1 sec left
CG set 2864 / 2727    3274.6964 GFlop/s     (409.3370 GFlop/s per process)    105%    772.3 sec left
CG set 2865 / 2727    3274.7981 GFlop/s     (409.3498 GFlop/s per process)    105%    771.4 sec left
CG set 2866 / 2727    3274.9424 GFlop/s     (409.3678 GFlop/s per process)    105%    770.5 sec left
CG set 2867 / 2727    3275.0816 GFlop/s     (409.3852 GFlop/s per process)    105%    769.6 sec left
CG set 2868 / 2727    3275.3166 GFlop/s     (409.4146 GFlop/s per process)    105%    768.9 sec left
CG set 2869 / 2727    3275.3904 GFlop/s     (409.4238 GFlop/s per process)    105%    767.9 sec left
CG set 2870 / 2727    3275.5116 GFlop/s     (409.4389 GFlop/s per process)    105%    767.0 sec left
CG set 2871 / 2727    3275.6963 GFlop/s     (409.4620 GFlop/s per process)    105%    766.2 sec left
CG set 2872 / 2727    3275.8039 GFlop/s     (409.4755 GFlop/s per process)    105%    765.3 sec left
CG set 2873 / 2727    3276.0063 GFlop/s     (409.5008 GFlop/s per process)    105%    764.5 sec left
CG set 2874 / 2727    3276.0992 GFlop/s     (409.5124 GFlop/s per process)    105%    763.6 sec left
CG set 2875 / 2727    3276.2966 GFlop/s     (409.5371 GFlop/s per process)    105%    762.8 sec left
CG set 2876 / 2727    3276.4339 GFlop/s     (409.5542 GFlop/s per process)    105%    761.9 sec left
CG set 2877 / 2727    3276.5535 GFlop/s     (409.5692 GFlop/s per process)    105%    761.1 sec left
CG set 2878 / 2727    3276.6561 GFlop/s     (409.5820 GFlop/s per process)    105%    760.2 sec left
CG set 2879 / 2727    3276.8067 GFlop/s     (409.6008 GFlop/s per process)    105%    759.3 sec left
CG set 2880 / 2727    3276.9782 GFlop/s     (409.6223 GFlop/s per process)    105%    758.5 sec left
CG set 2881 / 2727    3277.0724 GFlop/s     (409.6340 GFlop/s per process)    105%    757.6 sec left
CG set 2882 / 2727    3277.2714 GFlop/s     (409.6589 GFlop/s per process)    105%    756.8 sec left
CG set 2883 / 2727    3277.4043 GFlop/s     (409.6755 GFlop/s per process)    105%    755.9 sec left
CG set 2884 / 2727    3277.4923 GFlop/s     (409.6865 GFlop/s per process)    105%    755.0 sec left
CG set 2885 / 2727    3277.6901 GFlop/s     (409.7113 GFlop/s per process)    105%    754.2 sec left
CG set 2886 / 2727    3277.8561 GFlop/s     (409.7320 GFlop/s per process)    105%    753.3 sec left
CG set 2887 / 2727    3277.9666 GFlop/s     (409.7458 GFlop/s per process)    105%    752.4 sec left
CG set 2888 / 2727    3278.0715 GFlop/s     (409.7589 GFlop/s per process)    105%    751.5 sec left
CG set 2889 / 2727    3278.2342 GFlop/s     (409.7793 GFlop/s per process)    105%    750.7 sec left
CG set 2890 / 2727    3278.3654 GFlop/s     (409.7957 GFlop/s per process)    105%    749.8 sec left
CG set 2891 / 2727    3278.5252 GFlop/s     (409.8157 GFlop/s per process)    106%    749.0 sec left
CG set 2892 / 2727    3278.6260 GFlop/s     (409.8283 GFlop/s per process)    106%    748.1 sec left
CG set 2893 / 2727    3278.8047 GFlop/s     (409.8506 GFlop/s per process)    106%    747.3 sec left
CG set 2894 / 2727    3278.9307 GFlop/s     (409.8663 GFlop/s per process)    106%    746.4 sec left
CG set 2895 / 2727    3279.0512 GFlop/s     (409.8814 GFlop/s per process)    106%    745.5 sec left
CG set 2896 / 2727    3279.2138 GFlop/s     (409.9017 GFlop/s per process)    106%    744.7 sec left
CG set 2897 / 2727    3279.3306 GFlop/s     (409.9163 GFlop/s per process)    106%    743.8 sec left
CG set 2898 / 2727    3279.4560 GFlop/s     (409.9320 GFlop/s per process)    106%    742.9 sec left
CG set 2899 / 2727    3279.5822 GFlop/s     (409.9478 GFlop/s per process)    106%    742.0 sec left
CG set 2900 / 2727    3279.7366 GFlop/s     (409.9671 GFlop/s per process)    106%    741.2 sec left
CG set 2901 / 2727    3279.8850 GFlop/s     (409.9856 GFlop/s per process)    106%    740.3 sec left
CG set 2902 / 2727    3279.9012 GFlop/s     (409.9877 GFlop/s per process)    106%    739.4 sec left
CG set 2903 / 2727    3280.1035 GFlop/s     (410.0129 GFlop/s per process)    106%    738.5 sec left
CG set 2904 / 2727    3280.2948 GFlop/s     (410.0369 GFlop/s per process)    106%    737.7 sec left
CG set 2905 / 2727    3280.3488 GFlop/s     (410.0436 GFlop/s per process)    106%    736.8 sec left
CG set 2906 / 2727    3280.5048 GFlop/s     (410.0631 GFlop/s per process)    106%    735.9 sec left
CG set 2907 / 2727    3280.5996 GFlop/s     (410.0750 GFlop/s per process)    106%    735.0 sec left
CG set 2908 / 2727    3280.7535 GFlop/s     (410.0942 GFlop/s per process)    106%    734.2 sec left
CG set 2909 / 2727    3280.8442 GFlop/s     (410.1055 GFlop/s per process)    106%    733.3 sec left
CG set 2910 / 2727    3280.9548 GFlop/s     (410.1194 GFlop/s per process)    106%    732.4 sec left
CG set 2911 / 2727    3281.1141 GFlop/s     (410.1393 GFlop/s per process)    106%    731.6 sec left
CG set 2912 / 2727    3281.2308 GFlop/s     (410.1538 GFlop/s per process)    106%    730.7 sec left
CG set 2913 / 2727    3281.3659 GFlop/s     (410.1707 GFlop/s per process)    106%    729.8 sec left
CG set 2914 / 2727    3281.5212 GFlop/s     (410.1902 GFlop/s per process)    106%    729.0 sec left
CG set 2915 / 2727    3281.6390 GFlop/s     (410.2049 GFlop/s per process)    106%    728.1 sec left
CG set 2916 / 2727    3281.7895 GFlop/s     (410.2237 GFlop/s per process)    106%    727.2 sec left
CG set 2917 / 2727    3281.9051 GFlop/s     (410.2381 GFlop/s per process)    106%    726.4 sec left
CG set 2918 / 2727    3282.1311 GFlop/s     (410.2664 GFlop/s per process)    107%    725.6 sec left
CG set 2919 / 2727    3282.2807 GFlop/s     (410.2851 GFlop/s per process)    107%    724.7 sec left
CG set 2920 / 2727    3282.3124 GFlop/s     (410.2890 GFlop/s per process)    107%    723.8 sec left
CG set 2921 / 2727    3282.5061 GFlop/s     (410.3133 GFlop/s per process)    107%    722.9 sec left
CG set 2922 / 2727    3282.6753 GFlop/s     (410.3344 GFlop/s per process)    107%    722.1 sec left
CG set 2923 / 2727    3282.7721 GFlop/s     (410.3465 GFlop/s per process)    107%    721.2 sec left
CG set 2924 / 2727    3282.9047 GFlop/s     (410.3631 GFlop/s per process)    107%    720.3 sec left
CG set 2925 / 2727    3282.7731 GFlop/s     (410.3466 GFlop/s per process)    107%    719.2 sec left
CG set 2926 / 2727    3282.8588 GFlop/s     (410.3574 GFlop/s per process)    107%    718.3 sec left
CG set 2927 / 2727    3283.0864 GFlop/s     (410.3858 GFlop/s per process)    107%    717.6 sec left
CG set 2928 / 2727    3283.2617 GFlop/s     (410.4077 GFlop/s per process)    107%    716.7 sec left
CG set 2929 / 2727    3283.3546 GFlop/s     (410.4193 GFlop/s per process)    107%    715.8 sec left
CG set 2930 / 2727    3283.4732 GFlop/s     (410.4341 GFlop/s per process)    107%    714.9 sec left
CG set 2931 / 2727    3283.5841 GFlop/s     (410.4480 GFlop/s per process)    107%    714.1 sec left
CG set 2932 / 2727    3283.7447 GFlop/s     (410.4681 GFlop/s per process)    107%    713.2 sec left
CG set 2933 / 2727    3283.7982 GFlop/s     (410.4748 GFlop/s per process)    107%    712.3 sec left
CG set 2934 / 2727    3284.0229 GFlop/s     (410.5029 GFlop/s per process)    107%    711.5 sec left
CG set 2935 / 2727    3284.1127 GFlop/s     (410.5141 GFlop/s per process)    107%    710.6 sec left
CG set 2936 / 2727    3284.3086 GFlop/s     (410.5386 GFlop/s per process)    107%    709.8 sec left
CG set 2937 / 2727    3284.4369 GFlop/s     (410.5546 GFlop/s per process)    107%    708.9 sec left
CG set 2938 / 2727    3284.4567 GFlop/s     (410.5571 GFlop/s per process)    107%    707.9 sec left
CG set 2939 / 2727    3284.6535 GFlop/s     (410.5817 GFlop/s per process)    107%    707.1 sec left
CG set 2940 / 2727    3284.7753 GFlop/s     (410.5969 GFlop/s per process)    107%    706.3 sec left
CG set 2941 / 2727    3284.9384 GFlop/s     (410.6173 GFlop/s per process)    107%    705.4 sec left
CG set 2942 / 2727    3285.0832 GFlop/s     (410.6354 GFlop/s per process)    107%    704.6 sec left
CG set 2943 / 2727    3285.2697 GFlop/s     (410.6587 GFlop/s per process)    107%    703.8 sec left
CG set 2944 / 2727    3285.3591 GFlop/s     (410.6699 GFlop/s per process)    107%    702.8 sec left
CG set 2945 / 2727    3285.5308 GFlop/s     (410.6914 GFlop/s per process)    107%    702.0 sec left
CG set 2946 / 2727    3285.6480 GFlop/s     (410.7060 GFlop/s per process)    108%    701.1 sec left
CG set 2947 / 2727    3285.7121 GFlop/s     (410.7140 GFlop/s per process)    108%    700.2 sec left
CG set 2948 / 2727    3285.8601 GFlop/s     (410.7325 GFlop/s per process)    108%    699.4 sec left
CG set 2949 / 2727    3286.0172 GFlop/s     (410.7521 GFlop/s per process)    108%    698.5 sec left
CG set 2950 / 2727    3286.1709 GFlop/s     (410.7714 GFlop/s per process)    108%    697.7 sec left
CG set 2951 / 2727    3286.2182 GFlop/s     (410.7773 GFlop/s per process)    108%    696.7 sec left
CG set 2952 / 2727    3286.4020 GFlop/s     (410.8002 GFlop/s per process)    108%    695.9 sec left
CG set 2953 / 2727    3286.4817 GFlop/s     (410.8102 GFlop/s per process)    108%    695.0 sec left
CG set 2954 / 2727    3286.6186 GFlop/s     (410.8273 GFlop/s per process)    108%    694.1 sec left
CG set 2955 / 2727    3286.8050 GFlop/s     (410.8506 GFlop/s per process)    108%    693.3 sec left
CG set 2956 / 2727    3286.8185 GFlop/s     (410.8523 GFlop/s per process)    108%    692.3 sec left
CG set 2957 / 2727    3287.0043 GFlop/s     (410.8755 GFlop/s per process)    108%    691.5 sec left
CG set 2958 / 2727    3287.1174 GFlop/s     (410.8897 GFlop/s per process)    108%    690.7 sec left
CG set 2959 / 2727    3287.2696 GFlop/s     (410.9087 GFlop/s per process)    108%    689.8 sec left
CG set 2960 / 2727    3287.4551 GFlop/s     (410.9319 GFlop/s per process)    108%    689.0 sec left
CG set 2961 / 2727    3287.5017 GFlop/s     (410.9377 GFlop/s per process)    108%    688.0 sec left
CG set 2962 / 2727    3287.6163 GFlop/s     (410.9520 GFlop/s per process)    108%    687.2 sec left
CG set 2963 / 2727    3287.7272 GFlop/s     (410.9659 GFlop/s per process)    108%    686.3 sec left
CG set 2964 / 2727    3287.9079 GFlop/s     (410.9885 GFlop/s per process)    108%    685.5 sec left
CG set 2965 / 2727    3287.9864 GFlop/s     (410.9983 GFlop/s per process)    108%    684.5 sec left
CG set 2966 / 2727    3288.1289 GFlop/s     (411.0161 GFlop/s per process)    108%    683.7 sec left
CG set 2967 / 2727    3288.2822 GFlop/s     (411.0353 GFlop/s per process)    108%    682.8 sec left
CG set 2968 / 2727    3288.3270 GFlop/s     (411.0409 GFlop/s per process)    108%    681.9 sec left
CG set 2969 / 2727    3288.4752 GFlop/s     (411.0594 GFlop/s per process)    108%    681.1 sec left
CG set 2970 / 2727    3288.5980 GFlop/s     (411.0748 GFlop/s per process)    108%    680.2 sec left
CG set 2971 / 2727    3288.7068 GFlop/s     (411.0883 GFlop/s per process)    108%    679.3 sec left
CG set 2972 / 2727    3288.8050 GFlop/s     (411.1006 GFlop/s per process)    108%    678.4 sec left
CG set 2973 / 2727    3289.0234 GFlop/s     (411.1279 GFlop/s per process)    109%    677.6 sec left
CG set 2974 / 2727    3289.0289 GFlop/s     (411.1286 GFlop/s per process)    109%    676.6 sec left
CG set 2975 / 2727    3289.1461 GFlop/s     (411.1433 GFlop/s per process)    109%    675.8 sec left
CG set 2976 / 2727    3289.2636 GFlop/s     (411.1580 GFlop/s per process)    109%    674.9 sec left
CG set 2977 / 2727    3289.4042 GFlop/s     (411.1755 GFlop/s per process)    109%    674.0 sec left
CG set 2978 / 2727    3289.5814 GFlop/s     (411.1977 GFlop/s per process)    109%    673.2 sec left
CG set 2979 / 2727    3289.6011 GFlop/s     (411.2001 GFlop/s per process)    109%    672.2 sec left
CG set 2980 / 2727    3289.7559 GFlop/s     (411.2195 GFlop/s per process)    109%    671.4 sec left
CG set 2981 / 2727    3289.9005 GFlop/s     (411.2376 GFlop/s per process)    109%    670.5 sec left
CG set 2982 / 2727    3290.0416 GFlop/s     (411.2552 GFlop/s per process)    109%    669.7 sec left
CG set 2983 / 2727    3290.0954 GFlop/s     (411.2619 GFlop/s per process)    109%    668.8 sec left
CG set 2984 / 2727    3290.2420 GFlop/s     (411.2802 GFlop/s per process)    109%    667.9 sec left
CG set 2985 / 2727    3290.4214 GFlop/s     (411.3027 GFlop/s per process)    109%    667.1 sec left
CG set 2986 / 2727    3290.4270 GFlop/s     (411.3034 GFlop/s per process)    109%    666.1 sec left
CG set 2987 / 2727    3290.6075 GFlop/s     (411.3259 GFlop/s per process)    109%    665.3 sec left
CG set 2988 / 2727    3290.7535 GFlop/s     (411.3442 GFlop/s per process)    109%    664.4 sec left
CG set 2989 / 2727    3290.8330 GFlop/s     (411.3541 GFlop/s per process)    109%    663.5 sec left
CG set 2990 / 2727    3290.9420 GFlop/s     (411.3677 GFlop/s per process)    109%    662.6 sec left
CG set 2991 / 2727    3291.1165 GFlop/s     (411.3896 GFlop/s per process)    109%    661.8 sec left
CG set 2992 / 2727    3291.1510 GFlop/s     (411.3939 GFlop/s per process)    109%    660.9 sec left
CG set 2993 / 2727    3291.2980 GFlop/s     (411.4122 GFlop/s per process)    109%    660.0 sec left
CG set 2994 / 2727    3291.4397 GFlop/s     (411.4300 GFlop/s per process)    109%    659.2 sec left
CG set 2995 / 2727    3291.5499 GFlop/s     (411.4437 GFlop/s per process)    109%    658.3 sec left
CG set 2996 / 2727    3291.7243 GFlop/s     (411.4655 GFlop/s per process)    109%    657.5 sec left
CG set 2997 / 2727    3291.8247 GFlop/s     (411.4781 GFlop/s per process)    109%    656.6 sec left
CG set 2998 / 2727    3291.9177 GFlop/s     (411.4897 GFlop/s per process)    109%    655.7 sec left
CG set 2999 / 2727    3292.0302 GFlop/s     (411.5038 GFlop/s per process)    109%    654.8 sec left
CG set 3000 / 2727    3292.1730 GFlop/s     (411.5216 GFlop/s per process)    110%    653.9 sec left
CG set 3001 / 2727    3292.2562 GFlop/s     (411.5320 GFlop/s per process)    110%    653.0 sec left
CG set 3002 / 2727    3292.4024 GFlop/s     (411.5503 GFlop/s per process)    110%    652.2 sec left
CG set 3003 / 2727    3292.5831 GFlop/s     (411.5729 GFlop/s per process)    110%    651.4 sec left
CG set 3004 / 2727    3292.6386 GFlop/s     (411.5798 GFlop/s per process)    110%    650.4 sec left
CG set 3005 / 2727    3292.8133 GFlop/s     (411.6017 GFlop/s per process)    110%    649.6 sec left
CG set 3006 / 2727    3292.9346 GFlop/s     (411.6168 GFlop/s per process)    110%    648.7 sec left
CG set 3007 / 2727    3293.0130 GFlop/s     (411.6266 GFlop/s per process)    110%    647.8 sec left
CG set 3008 / 2727    3293.1623 GFlop/s     (411.6453 GFlop/s per process)    110%    647.0 sec left
CG set 3009 / 2727    3293.3379 GFlop/s     (411.6672 GFlop/s per process)    110%    646.2 sec left
CG set 3010 / 2727    3293.3615 GFlop/s     (411.6702 GFlop/s per process)    110%    645.2 sec left
CG set 3011 / 2727    3293.5496 GFlop/s     (411.6937 GFlop/s per process)    110%    644.4 sec left
CG set 3012 / 2727    3293.6755 GFlop/s     (411.7094 GFlop/s per process)    110%    643.5 sec left
CG set 3013 / 2727    3293.8080 GFlop/s     (411.7260 GFlop/s per process)    110%    642.7 sec left
CG set 3014 / 2727    3293.9532 GFlop/s     (411.7441 GFlop/s per process)    110%    641.8 sec left
CG set 3015 / 2727    3294.0622 GFlop/s     (411.7578 GFlop/s per process)    110%    640.9 sec left
CG set 3016 / 2727    3294.1691 GFlop/s     (411.7711 GFlop/s per process)    110%    640.1 sec left
CG set 3017 / 2727    3294.3102 GFlop/s     (411.7888 GFlop/s per process)    110%    639.2 sec left
CG set 3018 / 2727    3294.4960 GFlop/s     (411.8120 GFlop/s per process)    110%    638.4 sec left
CG set 3019 / 2727    3294.6511 GFlop/s     (411.8314 GFlop/s per process)    110%    637.5 sec left
CG set 3020 / 2727    3294.7047 GFlop/s     (411.8381 GFlop/s per process)    110%    636.6 sec left
CG set 3021 / 2727    3294.8581 GFlop/s     (411.8573 GFlop/s per process)    110%    635.8 sec left
CG set 3022 / 2727    3294.9371 GFlop/s     (411.8671 GFlop/s per process)    110%    634.9 sec left
CG set 3023 / 2727    3295.1260 GFlop/s     (411.8907 GFlop/s per process)    110%    634.1 sec left
CG set 3024 / 2727    3295.2437 GFlop/s     (411.9055 GFlop/s per process)    110%    633.2 sec left
CG set 3025 / 2727    3295.3564 GFlop/s     (411.9195 GFlop/s per process)    110%    632.3 sec left
CG set 3026 / 2727    3295.5400 GFlop/s     (411.9425 GFlop/s per process)    110%    631.5 sec left
CG set 3027 / 2727    3295.6935 GFlop/s     (411.9617 GFlop/s per process)    111%    630.7 sec left
CG set 3028 / 2727    3295.7533 GFlop/s     (411.9692 GFlop/s per process)    111%    629.7 sec left
CG set 3029 / 2727    3295.8678 GFlop/s     (411.9835 GFlop/s per process)    111%    628.8 sec left
CG set 3030 / 2727    3296.0080 GFlop/s     (412.0010 GFlop/s per process)    111%    628.0 sec left
CG set 3031 / 2727    3296.1194 GFlop/s     (412.0149 GFlop/s per process)    111%    627.1 sec left
CG set 3032 / 2727    3296.2977 GFlop/s     (412.0372 GFlop/s per process)    111%    626.3 sec left
CG set 3033 / 2727    3296.4502 GFlop/s     (412.0563 GFlop/s per process)    111%    625.5 sec left
CG set 3034 / 2727    3296.5256 GFlop/s     (412.0657 GFlop/s per process)    111%    624.5 sec left
CG set 3035 / 2727    3296.6166 GFlop/s     (412.0771 GFlop/s per process)    111%    623.6 sec left
CG set 3036 / 2727    3296.7769 GFlop/s     (412.0971 GFlop/s per process)    111%    622.8 sec left
CG set 3037 / 2727    3296.9569 GFlop/s     (412.1196 GFlop/s per process)    111%    622.0 sec left
CG set 3038 / 2727    3296.9942 GFlop/s     (412.1243 GFlop/s per process)    111%    621.1 sec left
CG set 3039 / 2727    3297.1676 GFlop/s     (412.1460 GFlop/s per process)    111%    620.2 sec left
CG set 3040 / 2727    3297.3145 GFlop/s     (412.1643 GFlop/s per process)    111%    619.4 sec left
CG set 3041 / 2727    3297.4465 GFlop/s     (412.1808 GFlop/s per process)    111%    618.5 sec left
CG set 3042 / 2727    3297.5285 GFlop/s     (412.1911 GFlop/s per process)    111%    617.6 sec left
CG set 3043 / 2727    3297.6514 GFlop/s     (412.2064 GFlop/s per process)    111%    616.8 sec left
CG set 3044 / 2727    3297.7911 GFlop/s     (412.2239 GFlop/s per process)    111%    615.9 sec left
CG set 3045 / 2727    3297.9367 GFlop/s     (412.2421 GFlop/s per process)    111%    615.1 sec left
CG set 3046 / 2727    3298.0336 GFlop/s     (412.2542 GFlop/s per process)    111%    614.2 sec left
CG set 3047 / 2727    3298.1665 GFlop/s     (412.2708 GFlop/s per process)    111%    613.3 sec left
CG set 3048 / 2727    3298.3111 GFlop/s     (412.2889 GFlop/s per process)    111%    612.5 sec left
CG set 3049 / 2727    3298.4331 GFlop/s     (412.3041 GFlop/s per process)    111%    611.6 sec left
CG set 3050 / 2727    3298.5831 GFlop/s     (412.3229 GFlop/s per process)    111%    610.7 sec left
CG set 3051 / 2727    3298.7313 GFlop/s     (412.3414 GFlop/s per process)    111%    609.9 sec left
CG set 3052 / 2727    3298.7915 GFlop/s     (412.3489 GFlop/s per process)    111%    609.0 sec left
CG set 3053 / 2727    3298.9263 GFlop/s     (412.3658 GFlop/s per process)    111%    608.1 sec left
CG set 3054 / 2727    3299.1055 GFlop/s     (412.3882 GFlop/s per process)    111%    607.3 sec left
CG set 3055 / 2727    3299.2514 GFlop/s     (412.4064 GFlop/s per process)    112%    606.5 sec left
CG set 3056 / 2727    3299.3142 GFlop/s     (412.4143 GFlop/s per process)    112%    605.5 sec left
CG set 3057 / 2727    3299.4536 GFlop/s     (412.4317 GFlop/s per process)    112%    604.7 sec left
CG set 3058 / 2727    3299.5141 GFlop/s     (412.4393 GFlop/s per process)    112%    603.8 sec left
CG set 3059 / 2727    3299.6912 GFlop/s     (412.4614 GFlop/s per process)    112%    603.0 sec left
CG set 3060 / 2727    3299.9027 GFlop/s     (412.4878 GFlop/s per process)    112%    602.2 sec left
CG set 3061 / 2727    3299.9563 GFlop/s     (412.4945 GFlop/s per process)    112%    601.2 sec left
CG set 3062 / 2727    3300.1336 GFlop/s     (412.5167 GFlop/s per process)    112%    600.4 sec left
CG set 3063 / 2727    3300.2660 GFlop/s     (412.5333 GFlop/s per process)    112%    599.6 sec left
CG set 3064 / 2727    3300.3849 GFlop/s     (412.5481 GFlop/s per process)    112%    598.7 sec left
CG set 3065 / 2727    3300.4803 GFlop/s     (412.5600 GFlop/s per process)    112%    597.8 sec left
CG set 3066 / 2727    3300.5849 GFlop/s     (412.5731 GFlop/s per process)    112%    596.9 sec left
CG set 3067 / 2727    3300.7968 GFlop/s     (412.5996 GFlop/s per process)    112%    596.1 sec left
CG set 3068 / 2727    3300.9137 GFlop/s     (412.6142 GFlop/s per process)    112%    595.3 sec left
CG set 3069 / 2727    3301.0586 GFlop/s     (412.6323 GFlop/s per process)    112%    594.4 sec left
CG set 3070 / 2727    3301.1366 GFlop/s     (412.6421 GFlop/s per process)    112%    593.5 sec left
CG set 3071 / 2727    3301.2101 GFlop/s     (412.6513 GFlop/s per process)    112%    592.6 sec left
CG set 3072 / 2727    3301.3090 GFlop/s     (412.6636 GFlop/s per process)    112%    591.7 sec left
CG set 3073 / 2727    3301.4704 GFlop/s     (412.6838 GFlop/s per process)    112%    590.9 sec left
CG set 3074 / 2727    3301.5570 GFlop/s     (412.6946 GFlop/s per process)    112%    590.0 sec left
CG set 3075 / 2727    3301.7210 GFlop/s     (412.7151 GFlop/s per process)    112%    589.2 sec left
CG set 3076 / 2727    3301.8066 GFlop/s     (412.7258 GFlop/s per process)    112%    588.3 sec left
CG set 3077 / 2727    3301.9034 GFlop/s     (412.7379 GFlop/s per process)    112%    587.4 sec left
CG set 3078 / 2727    3302.0489 GFlop/s     (412.7561 GFlop/s per process)    112%    586.5 sec left
CG set 3079 / 2727    3302.1362 GFlop/s     (412.7670 GFlop/s per process)    112%    585.6 sec left
CG set 3080 / 2727    3302.2154 GFlop/s     (412.7769 GFlop/s per process)    112%    584.7 sec left
CG set 3081 / 2727    3302.3614 GFlop/s     (412.7952 GFlop/s per process)    112%    583.9 sec left
CG set 3082 / 2727    3302.4078 GFlop/s     (412.8010 GFlop/s per process)    113%    582.9 sec left
CG set 3083 / 2727    3302.5571 GFlop/s     (412.8196 GFlop/s per process)    113%    582.1 sec left
CG set 3084 / 2727    3302.6465 GFlop/s     (412.8308 GFlop/s per process)    113%    581.2 sec left
CG set 3085 / 2727    3302.7668 GFlop/s     (412.8458 GFlop/s per process)    113%    580.3 sec left
CG set 3086 / 2727    3302.8884 GFlop/s     (412.8611 GFlop/s per process)    113%    579.5 sec left
CG set 3087 / 2727    3302.9121 GFlop/s     (412.8640 GFlop/s per process)    113%    578.5 sec left
CG set 3088 / 2727    3302.8306 GFlop/s     (412.8538 GFlop/s per process)    113%    577.5 sec left
CG set 3089 / 2727    3302.9480 GFlop/s     (412.8685 GFlop/s per process)    113%    576.6 sec left
CG set 3090 / 2727    3303.0628 GFlop/s     (412.8829 GFlop/s per process)    113%    575.7 sec left
CG set 3091 / 2727    3303.1052 GFlop/s     (412.8881 GFlop/s per process)    113%    574.8 sec left
CG set 3092 / 2727    3303.2142 GFlop/s     (412.9018 GFlop/s per process)    113%    573.9 sec left
CG set 3093 / 2727    3303.3600 GFlop/s     (412.9200 GFlop/s per process)    113%    573.1 sec left
CG set 3094 / 2727    3303.2484 GFlop/s     (412.9060 GFlop/s per process)    113%    572.0 sec left
CG set 3095 / 2727    3303.3643 GFlop/s     (412.9205 GFlop/s per process)    113%    571.1 sec left
CG set 3096 / 2727    3303.4264 GFlop/s     (412.9283 GFlop/s per process)    113%    570.2 sec left
CG set 3097 / 2727    3303.4421 GFlop/s     (412.9303 GFlop/s per process)    113%    569.2 sec left
CG set 3098 / 2727    3303.5552 GFlop/s     (412.9444 GFlop/s per process)    113%    568.3 sec left
CG set 3099 / 2727    3303.6088 GFlop/s     (412.9511 GFlop/s per process)    113%    567.4 sec left
CG set 3100 / 2727    3303.6477 GFlop/s     (412.9560 GFlop/s per process)    113%    566.5 sec left
CG set 3101 / 2727    3303.6802 GFlop/s     (412.9600 GFlop/s per process)    113%    565.5 sec left
CG set 3102 / 2727    3303.7803 GFlop/s     (412.9725 GFlop/s per process)    113%    564.6 sec left
CG set 3103 / 2727    3303.8432 GFlop/s     (412.9804 GFlop/s per process)    113%    563.7 sec left
CG set 3104 / 2727    3303.9049 GFlop/s     (412.9881 GFlop/s per process)    113%    562.8 sec left
CG set 3105 / 2727    3303.9524 GFlop/s     (412.9940 GFlop/s per process)    113%    561.9 sec left
CG set 3106 / 2727    3304.0060 GFlop/s     (413.0007 GFlop/s per process)    113%    560.9 sec left
CG set 3107 / 2727    3304.0868 GFlop/s     (413.0108 GFlop/s per process)    113%    560.0 sec left
CG set 3108 / 2727    3304.0879 GFlop/s     (413.0110 GFlop/s per process)    113%    559.1 sec left
CG set 3109 / 2727    3304.2036 GFlop/s     (413.0254 GFlop/s per process)    114%    558.2 sec left
CG set 3110 / 2727    3304.2786 GFlop/s     (413.0348 GFlop/s per process)    114%    557.3 sec left
CG set 3111 / 2727    3304.2738 GFlop/s     (413.0342 GFlop/s per process)    114%    556.3 sec left
CG set 3112 / 2727    3304.3647 GFlop/s     (413.0456 GFlop/s per process)    114%    555.4 sec left
CG set 3113 / 2727    3304.4539 GFlop/s     (413.0567 GFlop/s per process)    114%    554.5 sec left
CG set 3114 / 2727    3304.4396 GFlop/s     (413.0550 GFlop/s per process)    114%    553.5 sec left
CG set 3115 / 2727    3304.5297 GFlop/s     (413.0662 GFlop/s per process)    114%    552.6 sec left
CG set 3116 / 2727    3304.6088 GFlop/s     (413.0761 GFlop/s per process)    114%    551.7 sec left
CG set 3117 / 2727    3304.6553 GFlop/s     (413.0819 GFlop/s per process)    114%    550.8 sec left
CG set 3118 / 2727    3304.7463 GFlop/s     (413.0933 GFlop/s per process)    114%    549.9 sec left
CG set 3119 / 2727    3304.8288 GFlop/s     (413.1036 GFlop/s per process)    114%    549.0 sec left
CG set 3120 / 2727    3304.8276 GFlop/s     (413.1035 GFlop/s per process)    114%    548.0 sec left
CG set 3121 / 2727    3304.9777 GFlop/s     (413.1222 GFlop/s per process)    114%    547.2 sec left
CG set 3122 / 2727    3305.0514 GFlop/s     (413.1314 GFlop/s per process)    114%    546.3 sec left
CG set 3123 / 2727    3305.0979 GFlop/s     (413.1372 GFlop/s per process)    114%    545.3 sec left
CG set 3124 / 2727    3305.1810 GFlop/s     (413.1476 GFlop/s per process)    114%    544.4 sec left
CG set 3125 / 2727    3305.2598 GFlop/s     (413.1575 GFlop/s per process)    114%    543.5 sec left
CG set 3126 / 2727    3305.3479 GFlop/s     (413.1685 GFlop/s per process)    114%    542.6 sec left
CG set 3127 / 2727    3305.4034 GFlop/s     (413.1754 GFlop/s per process)    114%    541.7 sec left
CG set 3128 / 2727    3305.4387 GFlop/s     (413.1798 GFlop/s per process)    114%    540.8 sec left
CG set 3129 / 2727    3305.5033 GFlop/s     (413.1879 GFlop/s per process)    114%    539.8 sec left
CG set 3130 / 2727    3305.5453 GFlop/s     (413.1932 GFlop/s per process)    114%    538.9 sec left
CG set 3131 / 2727    3305.6661 GFlop/s     (413.2083 GFlop/s per process)    114%    538.0 sec left
CG set 3132 / 2727    3305.7546 GFlop/s     (413.2193 GFlop/s per process)    114%    537.1 sec left
CG set 3133 / 2727    3305.8335 GFlop/s     (413.2292 GFlop/s per process)    114%    536.2 sec left
CG set 3134 / 2727    3305.8532 GFlop/s     (413.2317 GFlop/s per process)    114%    535.3 sec left
CG set 3135 / 2727    3305.9077 GFlop/s     (413.2385 GFlop/s per process)    114%    534.4 sec left
CG set 3136 / 2727    3305.9884 GFlop/s     (413.2486 GFlop/s per process)    114%    533.5 sec left
CG set 3137 / 2727    3305.9080 GFlop/s     (413.2385 GFlop/s per process)    115%    532.4 sec left
CG set 3138 / 2727    3305.5274 GFlop/s     (413.1909 GFlop/s per process)    115%    531.1 sec left
CG set 3139 / 2727    3304.8678 GFlop/s     (413.1085 GFlop/s per process)    115%    529.5 sec left
CG set 3140 / 2727    3304.9659 GFlop/s     (413.1207 GFlop/s per process)    115%    528.6 sec left
CG set 3141 / 2727    3304.6194 GFlop/s     (413.0774 GFlop/s per process)    115%    527.3 sec left
CG set 3142 / 2727    3304.2674 GFlop/s     (413.0334 GFlop/s per process)    115%    526.0 sec left
CG set 3143 / 2727    3303.9360 GFlop/s     (412.9920 GFlop/s per process)    115%    524.7 sec left
CG set 3144 / 2727    3303.6360 GFlop/s     (412.9545 GFlop/s per process)    115%    523.4 sec left
CG set 3145 / 2727    3303.3480 GFlop/s     (412.9185 GFlop/s per process)    115%    522.2 sec left
CG set 3146 / 2727    3303.0455 GFlop/s     (412.8807 GFlop/s per process)    115%    520.9 sec left
CG set 3147 / 2727    3302.6370 GFlop/s     (412.8296 GFlop/s per process)    115%    519.5 sec left
CG set 3148 / 2727    3302.3231 GFlop/s     (412.7904 GFlop/s per process)    115%    518.2 sec left
CG set 3149 / 2727    3301.9723 GFlop/s     (412.7465 GFlop/s per process)    115%    516.9 sec left
CG set 3150 / 2727    3301.6464 GFlop/s     (412.7058 GFlop/s per process)    115%    515.6 sec left
CG set 3151 / 2727    3301.3821 GFlop/s     (412.6728 GFlop/s per process)    115%    514.4 sec left
CG set 3152 / 2727    3301.0910 GFlop/s     (412.6364 GFlop/s per process)    115%    513.2 sec left
CG set 3153 / 2727    3300.5155 GFlop/s     (412.5644 GFlop/s per process)    115%    511.6 sec left
CG set 3154 / 2727    3300.4393 GFlop/s     (412.5549 GFlop/s per process)    115%    510.6 sec left
CG set 3155 / 2727    3299.8917 GFlop/s     (412.4865 GFlop/s per process)    115%    509.1 sec left
CG set 3156 / 2727    3299.5443 GFlop/s     (412.4430 GFlop/s per process)    115%    507.8 sec left
CG set 3157 / 2727    3299.2200 GFlop/s     (412.4025 GFlop/s per process)    115%    506.5 sec left
CG set 3158 / 2727    3298.8775 GFlop/s     (412.3597 GFlop/s per process)    115%    505.2 sec left
CG set 3159 / 2727    3298.5347 GFlop/s     (412.3168 GFlop/s per process)    115%    503.9 sec left
CG set 3160 / 2727    3298.2195 GFlop/s     (412.2774 GFlop/s per process)    115%    502.6 sec left
CG set 3161 / 2727    3297.8538 GFlop/s     (412.2317 GFlop/s per process)    115%    501.3 sec left
CG set 3162 / 2727    3297.5703 GFlop/s     (412.1963 GFlop/s per process)    115%    500.0 sec left
CG set 3163 / 2727    3297.2342 GFlop/s     (412.1543 GFlop/s per process)    115%    498.7 sec left
CG set 3164 / 2727    3296.9672 GFlop/s     (412.1209 GFlop/s per process)    116%    497.5 sec left
CG set 3165 / 2727    3296.4139 GFlop/s     (412.0517 GFlop/s per process)    116%    496.0 sec left
CG set 3166 / 2727    3296.1024 GFlop/s     (412.0128 GFlop/s per process)    116%    494.7 sec left
CG set 3167 / 2727    3296.0468 GFlop/s     (412.0059 GFlop/s per process)    116%    493.7 sec left
CG set 3168 / 2727    3296.0423 GFlop/s     (412.0053 GFlop/s per process)    116%    492.7 sec left
CG set 3169 / 2727    3296.1459 GFlop/s     (412.0182 GFlop/s per process)    116%    491.8 sec left
CG set 3170 / 2727    3296.2112 GFlop/s     (412.0264 GFlop/s per process)    116%    490.9 sec left
CG set 3171 / 2727    3296.0666 GFlop/s     (412.0083 GFlop/s per process)    116%    489.8 sec left
CG set 3172 / 2727    3296.0805 GFlop/s     (412.0101 GFlop/s per process)    116%    488.8 sec left
CG set 3173 / 2727    3295.9299 GFlop/s     (411.9912 GFlop/s per process)    116%    487.7 sec left
CG set 3174 / 2727    3296.0307 GFlop/s     (412.0038 GFlop/s per process)    116%    486.8 sec left
CG set 3175 / 2727    3296.1063 GFlop/s     (412.0133 GFlop/s per process)    116%    485.9 sec left
CG set 3176 / 2727    3296.1791 GFlop/s     (412.0224 GFlop/s per process)    116%    485.0 sec left
CG set 3177 / 2727    3296.2477 GFlop/s     (412.0310 GFlop/s per process)    116%    484.0 sec left
CG set 3178 / 2727    3296.2866 GFlop/s     (412.0358 GFlop/s per process)    116%    483.1 sec left
CG set 3179 / 2727    3296.4026 GFlop/s     (412.0503 GFlop/s per process)    116%    482.2 sec left
CG set 3180 / 2727    3296.4360 GFlop/s     (412.0545 GFlop/s per process)    116%    481.3 sec left
CG set 3181 / 2727    3296.5191 GFlop/s     (412.0649 GFlop/s per process)    116%    480.4 sec left
CG set 3182 / 2727    3296.6246 GFlop/s     (412.0781 GFlop/s per process)    116%    479.5 sec left
CG set 3183 / 2727    3296.6727 GFlop/s     (412.0841 GFlop/s per process)    116%    478.6 sec left
CG set 3184 / 2727    3296.6836 GFlop/s     (412.0855 GFlop/s per process)    116%    477.6 sec left
CG set 3185 / 2727    3296.7641 GFlop/s     (412.0955 GFlop/s per process)    116%    476.7 sec left
CG set 3186 / 2727    3296.8476 GFlop/s     (412.1060 GFlop/s per process)    116%    475.8 sec left
CG set 3187 / 2727    3296.8942 GFlop/s     (412.1118 GFlop/s per process)    116%    474.9 sec left
CG set 3188 / 2727    3296.9768 GFlop/s     (412.1221 GFlop/s per process)    116%    474.0 sec left
CG set 3189 / 2727    3297.1208 GFlop/s     (412.1401 GFlop/s per process)    116%    473.1 sec left
CG set 3190 / 2727    3297.0576 GFlop/s     (412.1322 GFlop/s per process)    116%    472.1 sec left
CG set 3191 / 2727    3297.1963 GFlop/s     (412.1495 GFlop/s per process)    117%    471.2 sec left
CG set 3192 / 2727    3297.3010 GFlop/s     (412.1626 GFlop/s per process)    117%    470.3 sec left
CG set 3193 / 2727    3297.3117 GFlop/s     (412.1640 GFlop/s per process)    117%    469.4 sec left
CG set 3194 / 2727    3297.3574 GFlop/s     (412.1697 GFlop/s per process)    117%    468.4 sec left
CG set 3195 / 2727    3297.3891 GFlop/s     (412.1736 GFlop/s per process)    117%    467.5 sec left
CG set 3196 / 2727    3297.4966 GFlop/s     (412.1871 GFlop/s per process)    117%    466.6 sec left
CG set 3197 / 2727    3297.5095 GFlop/s     (412.1887 GFlop/s per process)    117%    465.6 sec left
CG set 3198 / 2727    3297.6337 GFlop/s     (412.2042 GFlop/s per process)    117%    464.8 sec left
CG set 3199 / 2727    3297.7318 GFlop/s     (412.2165 GFlop/s per process)    117%    463.9 sec left
CG set 3200 / 2727    3297.7897 GFlop/s     (412.2237 GFlop/s per process)    117%    463.0 sec left
CG set 3201 / 2727    3297.8369 GFlop/s     (412.2296 GFlop/s per process)    117%    462.0 sec left
CG set 3202 / 2727    3297.9079 GFlop/s     (412.2385 GFlop/s per process)    117%    461.1 sec left
CG set 3203 / 2727    3298.0153 GFlop/s     (412.2519 GFlop/s per process)    117%    460.2 sec left
CG set 3204 / 2727    3298.1189 GFlop/s     (412.2649 GFlop/s per process)    117%    459.4 sec left
CG set 3205 / 2727    3298.1755 GFlop/s     (412.2719 GFlop/s per process)    117%    458.4 sec left
CG set 3206 / 2727    3298.3197 GFlop/s     (412.2900 GFlop/s per process)    117%    457.6 sec left
CG set 3207 / 2727    3298.3116 GFlop/s     (412.2889 GFlop/s per process)    117%    456.6 sec left
CG set 3208 / 2727    3298.4250 GFlop/s     (412.3031 GFlop/s per process)    117%    455.7 sec left
CG set 3209 / 2727    3298.5279 GFlop/s     (412.3160 GFlop/s per process)    117%    454.9 sec left
CG set 3210 / 2727    3298.5470 GFlop/s     (412.3184 GFlop/s per process)    117%    453.9 sec left
CG set 3211 / 2727    3298.6693 GFlop/s     (412.3337 GFlop/s per process)    117%    453.0 sec left
CG set 3212 / 2727    3298.7732 GFlop/s     (412.3467 GFlop/s per process)    117%    452.2 sec left
CG set 3213 / 2727    3298.7844 GFlop/s     (412.3481 GFlop/s per process)    117%    451.2 sec left
CG set 3214 / 2727    3298.8581 GFlop/s     (412.3573 GFlop/s per process)    117%    450.3 sec left
CG set 3215 / 2727    3298.9625 GFlop/s     (412.3703 GFlop/s per process)    117%    449.4 sec left
CG set 3216 / 2727    3299.0359 GFlop/s     (412.3795 GFlop/s per process)    117%    448.5 sec left
CG set 3217 / 2727    3299.0894 GFlop/s     (412.3862 GFlop/s per process)    117%    447.6 sec left
CG set 3218 / 2727    3299.1681 GFlop/s     (412.3960 GFlop/s per process)    118%    446.7 sec left
CG set 3219 / 2727    3299.2691 GFlop/s     (412.4086 GFlop/s per process)    118%    445.8 sec left
CG set 3220 / 2727    3299.3459 GFlop/s     (412.4182 GFlop/s per process)    118%    444.9 sec left
CG set 3221 / 2727    3299.3659 GFlop/s     (412.4207 GFlop/s per process)    118%    443.9 sec left
CG set 3222 / 2727    3299.4615 GFlop/s     (412.4327 GFlop/s per process)    118%    443.0 sec left
CG set 3223 / 2727    3299.5803 GFlop/s     (412.4475 GFlop/s per process)    118%    442.2 sec left
CG set 3224 / 2727    3299.6141 GFlop/s     (412.4518 GFlop/s per process)    118%    441.2 sec left
CG set 3225 / 2727    3299.7602 GFlop/s     (412.4700 GFlop/s per process)    118%    440.4 sec left
CG set 3226 / 2727    3299.8716 GFlop/s     (412.4840 GFlop/s per process)    118%    439.5 sec left
CG set 3227 / 2727    3299.9187 GFlop/s     (412.4898 GFlop/s per process)    118%    438.6 sec left
CG set 3228 / 2727    3300.0282 GFlop/s     (412.5035 GFlop/s per process)    118%    437.7 sec left
CG set 3229 / 2727    3300.0739 GFlop/s     (412.5092 GFlop/s per process)    118%    436.8 sec left
CG set 3230 / 2727    3300.1200 GFlop/s     (412.5150 GFlop/s per process)    118%    435.8 sec left
CG set 3231 / 2727    3300.2160 GFlop/s     (412.5270 GFlop/s per process)    118%    434.9 sec left
CG set 3232 / 2727    3300.2856 GFlop/s     (412.5357 GFlop/s per process)    118%    434.0 sec left
CG set 3233 / 2727    3300.3700 GFlop/s     (412.5463 GFlop/s per process)    118%    433.1 sec left
CG set 3234 / 2727    3300.3909 GFlop/s     (412.5489 GFlop/s per process)    118%    432.2 sec left
CG set 3235 / 2727    3300.5367 GFlop/s     (412.5671 GFlop/s per process)    118%    431.3 sec left
CG set 3236 / 2727    3300.5904 GFlop/s     (412.5738 GFlop/s per process)    118%    430.4 sec left
CG set 3237 / 2727    3300.6430 GFlop/s     (412.5804 GFlop/s per process)    118%    429.5 sec left
CG set 3238 / 2727    3300.7249 GFlop/s     (412.5906 GFlop/s per process)    118%    428.6 sec left
CG set 3239 / 2727    3300.7581 GFlop/s     (412.5948 GFlop/s per process)    118%    427.6 sec left
CG set 3240 / 2727    3300.9006 GFlop/s     (412.6126 GFlop/s per process)    118%    426.8 sec left
CG set 3241 / 2727    3300.9826 GFlop/s     (412.6228 GFlop/s per process)    118%    425.9 sec left
CG set 3242 / 2727    3301.0382 GFlop/s     (412.6298 GFlop/s per process)    118%    425.0 sec left
CG set 3243 / 2727    3301.1126 GFlop/s     (412.6391 GFlop/s per process)    118%    424.1 sec left
CG set 3244 / 2727    3301.1599 GFlop/s     (412.6450 GFlop/s per process)    118%    423.1 sec left
CG set 3245 / 2727    3301.2957 GFlop/s     (412.6620 GFlop/s per process)    118%    422.3 sec left
CG set 3246 / 2727    3301.4192 GFlop/s     (412.6774 GFlop/s per process)    119%    421.4 sec left
CG set 3247 / 2727    3301.4425 GFlop/s     (412.6803 GFlop/s per process)    119%    420.5 sec left
CG set 3248 / 2727    3301.5386 GFlop/s     (412.6923 GFlop/s per process)    119%    419.6 sec left
CG set 3249 / 2727    3301.6367 GFlop/s     (412.7046 GFlop/s per process)    119%    418.7 sec left
CG set 3250 / 2727    3301.6593 GFlop/s     (412.7074 GFlop/s per process)    119%    417.7 sec left
CG set 3251 / 2727    3301.6984 GFlop/s     (412.7123 GFlop/s per process)    119%    416.8 sec left
CG set 3252 / 2727    3301.7915 GFlop/s     (412.7239 GFlop/s per process)    119%    415.9 sec left
CG set 3253 / 2727    3301.8647 GFlop/s     (412.7331 GFlop/s per process)    119%    415.0 sec left
CG set 3254 / 2727    3301.9463 GFlop/s     (412.7433 GFlop/s per process)    119%    414.1 sec left
CG set 3255 / 2727    3302.0431 GFlop/s     (412.7554 GFlop/s per process)    119%    413.2 sec left
CG set 3256 / 2727    3302.1441 GFlop/s     (412.7680 GFlop/s per process)    119%    412.3 sec left
CG set 3257 / 2727    3302.1900 GFlop/s     (412.7738 GFlop/s per process)    119%    411.4 sec left
CG set 3258 / 2727    3302.2908 GFlop/s     (412.7864 GFlop/s per process)    119%    410.5 sec left
CG set 3259 / 2727    3302.3374 GFlop/s     (412.7922 GFlop/s per process)    119%    409.6 sec left
CG set 3260 / 2727    3302.4491 GFlop/s     (412.8061 GFlop/s per process)    119%    408.7 sec left
CG set 3261 / 2727    3302.4843 GFlop/s     (412.8105 GFlop/s per process)    119%    407.8 sec left
CG set 3262 / 2727    3302.5468 GFlop/s     (412.8184 GFlop/s per process)    119%    406.9 sec left
CG set 3263 / 2727    3302.6679 GFlop/s     (412.8335 GFlop/s per process)    119%    406.0 sec left
CG set 3264 / 2727    3302.6596 GFlop/s     (412.8324 GFlop/s per process)    119%    405.0 sec left
CG set 3265 / 2727    3302.7419 GFlop/s     (412.8427 GFlop/s per process)    119%    404.1 sec left
CG set 3266 / 2727    3302.8367 GFlop/s     (412.8546 GFlop/s per process)    119%    403.2 sec left
CG set 3267 / 2727    3302.9396 GFlop/s     (412.8674 GFlop/s per process)    119%    402.4 sec left
CG set 3268 / 2727    3303.0118 GFlop/s     (412.8765 GFlop/s per process)    119%    401.5 sec left
CG set 3269 / 2727    3303.1052 GFlop/s     (412.8881 GFlop/s per process)    119%    400.6 sec left
CG set 3270 / 2727    3303.2021 GFlop/s     (412.9003 GFlop/s per process)    119%    399.7 sec left
CG set 3271 / 2727    3303.2195 GFlop/s     (412.9024 GFlop/s per process)    119%    398.7 sec left
CG set 3272 / 2727    3303.3431 GFlop/s     (412.9179 GFlop/s per process)    119%    397.9 sec left
CG set 3273 / 2727    3303.4204 GFlop/s     (412.9275 GFlop/s per process)    120%    397.0 sec left
CG set 3274 / 2727    3303.4377 GFlop/s     (412.9297 GFlop/s per process)    120%    396.0 sec left
CG set 3275 / 2727    3303.5713 GFlop/s     (412.9464 GFlop/s per process)    120%    395.2 sec left
CG set 3276 / 2727    3303.6404 GFlop/s     (412.9550 GFlop/s per process)    120%    394.2 sec left
CG set 3277 / 2727    3303.7616 GFlop/s     (412.9702 GFlop/s per process)    120%    393.4 sec left
CG set 3278 / 2727    3303.8643 GFlop/s     (412.9830 GFlop/s per process)    120%    392.5 sec left
CG set 3279 / 2727    3303.9009 GFlop/s     (412.9876 GFlop/s per process)    120%    391.6 sec left
CG set 3280 / 2727    3303.9816 GFlop/s     (412.9977 GFlop/s per process)    120%    390.7 sec left
CG set 3281 / 2727    3304.0334 GFlop/s     (413.0042 GFlop/s per process)    120%    389.7 sec left
CG set 3282 / 2727    3304.1054 GFlop/s     (413.0132 GFlop/s per process)    120%    388.8 sec left
CG set 3283 / 2727    3304.2297 GFlop/s     (413.0287 GFlop/s per process)    120%    388.0 sec left
CG set 3284 / 2727    3304.3495 GFlop/s     (413.0437 GFlop/s per process)    120%    387.1 sec left
CG set 3285 / 2727    3304.4554 GFlop/s     (413.0569 GFlop/s per process)    120%    386.2 sec left
CG set 3286 / 2727    3304.5129 GFlop/s     (413.0641 GFlop/s per process)    120%    385.3 sec left
CG set 3287 / 2727    3304.5963 GFlop/s     (413.0745 GFlop/s per process)    120%    384.4 sec left
CG set 3288 / 2727    3304.6552 GFlop/s     (413.0819 GFlop/s per process)    120%    383.5 sec left
CG set 3289 / 2727    3304.7480 GFlop/s     (413.0935 GFlop/s per process)    120%    382.6 sec left
CG set 3290 / 2727    3304.8570 GFlop/s     (413.1071 GFlop/s per process)    120%    381.7 sec left
CG set 3291 / 2727    3304.9098 GFlop/s     (413.1137 GFlop/s per process)    120%    380.8 sec left
CG set 3292 / 2727    3305.0141 GFlop/s     (413.1268 GFlop/s per process)    120%    379.9 sec left
CG set 3293 / 2727    3305.1509 GFlop/s     (413.1439 GFlop/s per process)    120%    379.1 sec left
CG set 3294 / 2727    3305.1514 GFlop/s     (413.1439 GFlop/s per process)    120%    378.1 sec left
CG set 3295 / 2727    3305.2888 GFlop/s     (413.1611 GFlop/s per process)    120%    377.3 sec left
CG set 3296 / 2727    3305.3693 GFlop/s     (413.1712 GFlop/s per process)    120%    376.4 sec left
CG set 3297 / 2727    3305.4505 GFlop/s     (413.1813 GFlop/s per process)    120%    375.5 sec left
CG set 3298 / 2727    3305.5584 GFlop/s     (413.1948 GFlop/s per process)    120%    374.6 sec left
CG set 3299 / 2727    3305.6707 GFlop/s     (413.2088 GFlop/s per process)    120%    373.7 sec left
CG set 3300 / 2727    3305.6640 GFlop/s     (413.2080 GFlop/s per process)    121%    372.8 sec left
CG set 3301 / 2727    3305.6739 GFlop/s     (413.2092 GFlop/s per process)    121%    371.8 sec left
CG set 3302 / 2727    3305.8436 GFlop/s     (413.2305 GFlop/s per process)    121%    371.0 sec left
CG set 3303 / 2727    3305.8903 GFlop/s     (413.2363 GFlop/s per process)    121%    370.1 sec left
CG set 3304 / 2727    3305.9866 GFlop/s     (413.2483 GFlop/s per process)    121%    369.2 sec left
CG set 3305 / 2727    3306.0398 GFlop/s     (413.2550 GFlop/s per process)    121%    368.2 sec left
CG set 3306 / 2727    3306.0461 GFlop/s     (413.2558 GFlop/s per process)    121%    367.3 sec left
CG set 3307 / 2727    3306.0800 GFlop/s     (413.2600 GFlop/s per process)    121%    366.3 sec left
CG set 3308 / 2727    3306.1075 GFlop/s     (413.2634 GFlop/s per process)    121%    365.4 sec left
CG set 3309 / 2727    3306.1640 GFlop/s     (413.2705 GFlop/s per process)    121%    364.5 sec left
CG set 3310 / 2727    3306.2600 GFlop/s     (413.2825 GFlop/s per process)    121%    363.6 sec left
CG set 3311 / 2727    3306.2578 GFlop/s     (413.2822 GFlop/s per process)    121%    362.6 sec left
CG set 3312 / 2727    3306.3603 GFlop/s     (413.2950 GFlop/s per process)    121%    361.7 sec left
CG set 3313 / 2727    3306.3897 GFlop/s     (413.2987 GFlop/s per process)    121%    360.8 sec left
CG set 3314 / 2727    3306.4220 GFlop/s     (413.3028 GFlop/s per process)    121%    359.8 sec left
CG set 3315 / 2727    3306.5190 GFlop/s     (413.3149 GFlop/s per process)    121%    358.9 sec left
CG set 3316 / 2727    3306.5676 GFlop/s     (413.3210 GFlop/s per process)    121%    358.0 sec left
CG set 3317 / 2727    3306.6764 GFlop/s     (413.3346 GFlop/s per process)    121%    357.1 sec left
CG set 3318 / 2727    3306.7128 GFlop/s     (413.3391 GFlop/s per process)    121%    356.2 sec left
CG set 3319 / 2727    3306.8199 GFlop/s     (413.3525 GFlop/s per process)    121%    355.3 sec left
CG set 3320 / 2727    3306.8769 GFlop/s     (413.3596 GFlop/s per process)    121%    354.4 sec left
CG set 3321 / 2727    3306.9161 GFlop/s     (413.3645 GFlop/s per process)    121%    353.5 sec left
CG set 3322 / 2727    3306.9835 GFlop/s     (413.3729 GFlop/s per process)    121%    352.6 sec left
CG set 3323 / 2727    3307.0474 GFlop/s     (413.3809 GFlop/s per process)    121%    351.6 sec left
CG set 3324 / 2727    3307.1371 GFlop/s     (413.3921 GFlop/s per process)    121%    350.8 sec left
CG set 3325 / 2727    3307.1891 GFlop/s     (413.3986 GFlop/s per process)    121%    349.8 sec left
CG set 3326 / 2727    3307.2933 GFlop/s     (413.4117 GFlop/s per process)    121%    349.0 sec left
CG set 3327 / 2727    3307.3948 GFlop/s     (413.4244 GFlop/s per process)    122%    348.1 sec left
CG set 3328 / 2727    3307.3550 GFlop/s     (413.4194 GFlop/s per process)    122%    347.1 sec left
CG set 3329 / 2727    3307.4891 GFlop/s     (413.4361 GFlop/s per process)    122%    346.2 sec left
CG set 3330 / 2727    3307.5622 GFlop/s     (413.4453 GFlop/s per process)    122%    345.3 sec left
CG set 3331 / 2727    3307.5865 GFlop/s     (413.4483 GFlop/s per process)    122%    344.4 sec left
CG set 3332 / 2727    3307.6531 GFlop/s     (413.4566 GFlop/s per process)    122%    343.5 sec left
CG set 3333 / 2727    3307.7599 GFlop/s     (413.4700 GFlop/s per process)    122%    342.6 sec left
CG set 3334 / 2727    3307.7874 GFlop/s     (413.4734 GFlop/s per process)    122%    341.6 sec left
CG set 3335 / 2727    3307.8302 GFlop/s     (413.4788 GFlop/s per process)    122%    340.7 sec left
CG set 3336 / 2727    3307.9441 GFlop/s     (413.4930 GFlop/s per process)    122%    339.8 sec left
CG set 3337 / 2727    3308.0405 GFlop/s     (413.5051 GFlop/s per process)    122%    339.0 sec left
CG set 3338 / 2727    3308.0823 GFlop/s     (413.5103 GFlop/s per process)    122%    338.0 sec left
CG set 3339 / 2727    3308.2468 GFlop/s     (413.5308 GFlop/s per process)    122%    337.2 sec left
CG set 3340 / 2727    3308.2775 GFlop/s     (413.5347 GFlop/s per process)    122%    336.3 sec left
CG set 3341 / 2727    3308.3231 GFlop/s     (413.5404 GFlop/s per process)    122%    335.3 sec left
CG set 3342 / 2727    3308.4632 GFlop/s     (413.5579 GFlop/s per process)    122%    334.5 sec left
CG set 3343 / 2727    3308.4736 GFlop/s     (413.5592 GFlop/s per process)    122%    333.5 sec left
CG set 3344 / 2727    3308.5390 GFlop/s     (413.5674 GFlop/s per process)    122%    332.6 sec left
CG set 3345 / 2727    3308.6504 GFlop/s     (413.5813 GFlop/s per process)    122%    331.8 sec left
CG set 3346 / 2727    3308.6518 GFlop/s     (413.5815 GFlop/s per process)    122%    330.8 sec left
CG set 3347 / 2727    3308.7528 GFlop/s     (413.5941 GFlop/s per process)    122%    329.9 sec left
CG set 3348 / 2727    3308.8240 GFlop/s     (413.6030 GFlop/s per process)    122%    329.0 sec left
CG set 3349 / 2727    3308.8775 GFlop/s     (413.6097 GFlop/s per process)    122%    328.1 sec left
CG set 3350 / 2727    3308.9360 GFlop/s     (413.6170 GFlop/s per process)    122%    327.2 sec left
CG set 3351 / 2727    3309.0043 GFlop/s     (413.6255 GFlop/s per process)    122%    326.2 sec left
CG set 3352 / 2727    3309.0765 GFlop/s     (413.6346 GFlop/s per process)    122%    325.3 sec left
CG set 3353 / 2727    3309.1267 GFlop/s     (413.6408 GFlop/s per process)    122%    324.4 sec left
CG set 3354 / 2727    3309.1767 GFlop/s     (413.6471 GFlop/s per process)    122%    323.5 sec left
CG set 3355 / 2727    3309.2449 GFlop/s     (413.6556 GFlop/s per process)    123%    322.6 sec left
CG set 3356 / 2727    3309.3483 GFlop/s     (413.6685 GFlop/s per process)    123%    321.7 sec left
CG set 3357 / 2727    3309.4082 GFlop/s     (413.6760 GFlop/s per process)    123%    320.8 sec left
CG set 3358 / 2727    3309.4569 GFlop/s     (413.6821 GFlop/s per process)    123%    319.9 sec left
CG set 3359 / 2727    3309.4972 GFlop/s     (413.6871 GFlop/s per process)    123%    318.9 sec left
CG set 3360 / 2727    3309.5665 GFlop/s     (413.6958 GFlop/s per process)    123%    318.0 sec left
CG set 3361 / 2727    3309.6372 GFlop/s     (413.7047 GFlop/s per process)    123%    317.1 sec left
CG set 3362 / 2727    3309.7425 GFlop/s     (413.7178 GFlop/s per process)    123%    316.2 sec left
CG set 3363 / 2727    3309.7801 GFlop/s     (413.7225 GFlop/s per process)    123%    315.3 sec left
CG set 3364 / 2727    3309.8237 GFlop/s     (413.7280 GFlop/s per process)    123%    314.4 sec left
CG set 3365 / 2727    3309.9142 GFlop/s     (413.7393 GFlop/s per process)    123%    313.5 sec left
CG set 3366 / 2727    3309.9232 GFlop/s     (413.7404 GFlop/s per process)    123%    312.5 sec left
CG set 3367 / 2727    3310.0616 GFlop/s     (413.7577 GFlop/s per process)    123%    311.7 sec left
CG set 3368 / 2727    3310.0727 GFlop/s     (413.7591 GFlop/s per process)    123%    310.7 sec left
CG set 3369 / 2727    3310.1470 GFlop/s     (413.7684 GFlop/s per process)    123%    309.8 sec left
CG set 3370 / 2727    3310.2879 GFlop/s     (413.7860 GFlop/s per process)    123%    309.0 sec left
CG set 3371 / 2727    3310.3437 GFlop/s     (413.7930 GFlop/s per process)    123%    308.1 sec left
CG set 3372 / 2727    3310.4118 GFlop/s     (413.8015 GFlop/s per process)    123%    307.2 sec left
CG set 3373 / 2727    3310.4559 GFlop/s     (413.8070 GFlop/s per process)    123%    306.2 sec left
CG set 3374 / 2727    3310.5087 GFlop/s     (413.8136 GFlop/s per process)    123%    305.3 sec left
CG set 3375 / 2727    3310.5237 GFlop/s     (413.8155 GFlop/s per process)    123%    304.3 sec left
CG set 3376 / 2727    3310.6521 GFlop/s     (413.8315 GFlop/s per process)    123%    303.5 sec left
CG set 3377 / 2727    3310.7217 GFlop/s     (413.8402 GFlop/s per process)    123%    302.6 sec left
CG set 3378 / 2727    3310.7291 GFlop/s     (413.8411 GFlop/s per process)    123%    301.6 sec left
CG set 3379 / 2727    3310.8324 GFlop/s     (413.8541 GFlop/s per process)    123%    300.7 sec left
CG set 3380 / 2727    3310.8972 GFlop/s     (413.8621 GFlop/s per process)    123%    299.8 sec left
CG set 3381 / 2727    3310.9844 GFlop/s     (413.8730 GFlop/s per process)    123%    298.9 sec left
CG set 3382 / 2727    3311.1184 GFlop/s     (413.8898 GFlop/s per process)    124%    298.1 sec left
CG set 3383 / 2727    3311.1486 GFlop/s     (413.8936 GFlop/s per process)    124%    297.2 sec left
CG set 3384 / 2727    3311.2566 GFlop/s     (413.9071 GFlop/s per process)    124%    296.3 sec left
CG set 3385 / 2727    3311.2672 GFlop/s     (413.9084 GFlop/s per process)    124%    295.3 sec left
CG set 3386 / 2727    3311.3318 GFlop/s     (413.9165 GFlop/s per process)    124%    294.4 sec left
CG set 3387 / 2727    3311.4078 GFlop/s     (413.9260 GFlop/s per process)    124%    293.5 sec left
CG set 3388 / 2727    3311.5162 GFlop/s     (413.9395 GFlop/s per process)    124%    292.6 sec left
CG set 3389 / 2727    3311.6507 GFlop/s     (413.9563 GFlop/s per process)    124%    291.8 sec left
CG set 3390 / 2727    3311.7376 GFlop/s     (413.9672 GFlop/s per process)    124%    290.9 sec left
CG set 3391 / 2727    3311.8276 GFlop/s     (413.9785 GFlop/s per process)    124%    290.0 sec left
CG set 3392 / 2727    3311.8487 GFlop/s     (413.9811 GFlop/s per process)    124%    289.1 sec left
CG set 3393 / 2727    3311.8761 GFlop/s     (413.9845 GFlop/s per process)    124%    288.1 sec left
CG set 3394 / 2727    3312.0001 GFlop/s     (414.0000 GFlop/s per process)    124%    287.3 sec left
CG set 3395 / 2727    3312.0092 GFlop/s     (414.0011 GFlop/s per process)    124%    286.3 sec left
CG set 3396 / 2727    3312.1057 GFlop/s     (414.0132 GFlop/s per process)    124%    285.4 sec left
CG set 3397 / 2727    3312.1983 GFlop/s     (414.0248 GFlop/s per process)    124%    284.6 sec left
CG set 3398 / 2727    3312.2544 GFlop/s     (414.0318 GFlop/s per process)    124%    283.6 sec left
CG set 3399 / 2727    3312.3644 GFlop/s     (414.0456 GFlop/s per process)    124%    282.8 sec left
CG set 3400 / 2727    3312.4353 GFlop/s     (414.0544 GFlop/s per process)    124%    281.9 sec left
CG set 3401 / 2727    3312.5143 GFlop/s     (414.0643 GFlop/s per process)    124%    281.0 sec left
CG set 3402 / 2727    3312.5780 GFlop/s     (414.0723 GFlop/s per process)    124%    280.1 sec left
CG set 3403 / 2727    3312.7183 GFlop/s     (414.0898 GFlop/s per process)    124%    279.2 sec left
CG set 3404 / 2727    3312.8204 GFlop/s     (414.1026 GFlop/s per process)    124%    278.4 sec left
CG set 3405 / 2727    3312.8468 GFlop/s     (414.1059 GFlop/s per process)    124%    277.4 sec left
CG set 3406 / 2727    3312.9159 GFlop/s     (414.1145 GFlop/s per process)    124%    276.5 sec left
CG set 3407 / 2727    3312.9378 GFlop/s     (414.1172 GFlop/s per process)    124%    275.5 sec left
CG set 3408 / 2727    3312.9999 GFlop/s     (414.1250 GFlop/s per process)    124%    274.6 sec left
CG set 3409 / 2727    3313.0654 GFlop/s     (414.1332 GFlop/s per process)    125%    273.7 sec left
CG set 3410 / 2727    3313.1980 GFlop/s     (414.1497 GFlop/s per process)    125%    272.9 sec left
CG set 3411 / 2727    3313.3241 GFlop/s     (414.1655 GFlop/s per process)    125%    272.0 sec left
CG set 3412 / 2727    3313.3153 GFlop/s     (414.1644 GFlop/s per process)    125%    271.1 sec left
CG set 3413 / 2727    3313.4446 GFlop/s     (414.1806 GFlop/s per process)    125%    270.2 sec left
CG set 3414 / 2727    3313.5109 GFlop/s     (414.1889 GFlop/s per process)    125%    269.3 sec left
CG set 3415 / 2727    3313.5826 GFlop/s     (414.1978 GFlop/s per process)    125%    268.4 sec left
CG set 3416 / 2727    3313.6563 GFlop/s     (414.2070 GFlop/s per process)    125%    267.5 sec left
CG set 3417 / 2727    3313.7253 GFlop/s     (414.2157 GFlop/s per process)    125%    266.6 sec left
CG set 3418 / 2727    3313.8176 GFlop/s     (414.2272 GFlop/s per process)    125%    265.7 sec left
CG set 3419 / 2727    3313.8748 GFlop/s     (414.2344 GFlop/s per process)    125%    264.8 sec left
CG set 3420 / 2727    3313.9677 GFlop/s     (414.2460 GFlop/s per process)    125%    263.9 sec left
CG set 3421 / 2727    3314.0104 GFlop/s     (414.2513 GFlop/s per process)    125%    263.0 sec left
CG set 3422 / 2727    3314.0797 GFlop/s     (414.2600 GFlop/s per process)    125%    262.1 sec left
CG set 3423 / 2727    3314.1834 GFlop/s     (414.2729 GFlop/s per process)    125%    261.2 sec left
CG set 3424 / 2727    3314.2021 GFlop/s     (414.2753 GFlop/s per process)    125%    260.3 sec left
CG set 3425 / 2727    3314.3135 GFlop/s     (414.2892 GFlop/s per process)    125%    259.4 sec left
CG set 3426 / 2727    3314.3546 GFlop/s     (414.2943 GFlop/s per process)    125%    258.5 sec left
CG set 3427 / 2727    3314.4155 GFlop/s     (414.3019 GFlop/s per process)    125%    257.5 sec left
CG set 3428 / 2727    3314.5063 GFlop/s     (414.3133 GFlop/s per process)    125%    256.7 sec left
CG set 3429 / 2727    3314.5429 GFlop/s     (414.3179 GFlop/s per process)    125%    255.7 sec left
CG set 3430 / 2727    3314.6432 GFlop/s     (414.3304 GFlop/s per process)    125%    254.9 sec left
CG set 3431 / 2727    3314.7339 GFlop/s     (414.3417 GFlop/s per process)    125%    254.0 sec left
CG set 3432 / 2727    3314.7280 GFlop/s     (414.3410 GFlop/s per process)    125%    253.0 sec left
CG set 3433 / 2727    3314.7762 GFlop/s     (414.3470 GFlop/s per process)    125%    252.1 sec left
CG set 3434 / 2727    3314.8980 GFlop/s     (414.3622 GFlop/s per process)    125%    251.2 sec left
CG set 3435 / 2727    3314.9258 GFlop/s     (414.3657 GFlop/s per process)    125%    250.3 sec left
CG set 3436 / 2727    3315.0047 GFlop/s     (414.3756 GFlop/s per process)    125%    249.4 sec left
CG set 3437 / 2727    3315.0799 GFlop/s     (414.3850 GFlop/s per process)    126%    248.5 sec left
CG set 3438 / 2727    3315.2133 GFlop/s     (414.4017 GFlop/s per process)    126%    247.6 sec left
CG set 3439 / 2727    3315.2433 GFlop/s     (414.4054 GFlop/s per process)    126%    246.7 sec left
CG set 3440 / 2727    3315.3469 GFlop/s     (414.4184 GFlop/s per process)    126%    245.8 sec left
CG set 3441 / 2727    3315.4747 GFlop/s     (414.4343 GFlop/s per process)    126%    245.0 sec left
CG set 3442 / 2727    3315.4546 GFlop/s     (414.4318 GFlop/s per process)    126%    244.0 sec left
CG set 3443 / 2727    3315.5641 GFlop/s     (414.4455 GFlop/s per process)    126%    243.1 sec left
CG set 3444 / 2727    3315.6541 GFlop/s     (414.4568 GFlop/s per process)    126%    242.2 sec left
CG set 3445 / 2727    3315.7205 GFlop/s     (414.4651 GFlop/s per process)    126%    241.3 sec left
CG set 3446 / 2727    3315.7712 GFlop/s     (414.4714 GFlop/s per process)    126%    240.4 sec left
CG set 3447 / 2727    3315.8200 GFlop/s     (414.4775 GFlop/s per process)    126%    239.5 sec left
CG set 3448 / 2727    3315.9490 GFlop/s     (414.4936 GFlop/s per process)    126%    238.6 sec left
CG set 3449 / 2727    3316.0175 GFlop/s     (414.5022 GFlop/s per process)    126%    237.7 sec left
CG set 3450 / 2727    3316.0310 GFlop/s     (414.5039 GFlop/s per process)    126%    236.8 sec left
CG set 3451 / 2727    3316.1526 GFlop/s     (414.5191 GFlop/s per process)    126%    235.9 sec left
CG set 3452 / 2727    3316.1297 GFlop/s     (414.5162 GFlop/s per process)    126%    234.9 sec left
CG set 3453 / 2727    3316.2344 GFlop/s     (414.5293 GFlop/s per process)    126%    234.1 sec left
CG set 3454 / 2727    3316.2662 GFlop/s     (414.5333 GFlop/s per process)    126%    233.1 sec left
CG set 3455 / 2727    3316.3670 GFlop/s     (414.5459 GFlop/s per process)    126%    232.3 sec left
CG set 3456 / 2727    3316.4011 GFlop/s     (414.5501 GFlop/s per process)    126%    231.3 sec left
CG set 3457 / 2727    3316.4334 GFlop/s     (414.5542 GFlop/s per process)    126%    230.4 sec left
CG set 3458 / 2727    3316.5826 GFlop/s     (414.5728 GFlop/s per process)    126%    229.5 sec left
CG set 3459 / 2727    3316.5633 GFlop/s     (414.5704 GFlop/s per process)    126%    228.6 sec left
CG set 3460 / 2727    3316.6544 GFlop/s     (414.5818 GFlop/s per process)    126%    227.7 sec left
CG set 3461 / 2727    3316.7179 GFlop/s     (414.5897 GFlop/s per process)    126%    226.8 sec left
CG set 3462 / 2727    3316.7771 GFlop/s     (414.5971 GFlop/s per process)    126%    225.9 sec left
CG set 3463 / 2727    3316.9028 GFlop/s     (414.6128 GFlop/s per process)    126%    225.0 sec left
CG set 3464 / 2727    3316.8895 GFlop/s     (414.6112 GFlop/s per process)    127%    224.0 sec left
CG set 3465 / 2727    3316.9651 GFlop/s     (414.6206 GFlop/s per process)    127%    223.1 sec left
CG set 3466 / 2727    3316.9889 GFlop/s     (414.6236 GFlop/s per process)    127%    222.2 sec left
CG set 3467 / 2727    3317.0850 GFlop/s     (414.6356 GFlop/s per process)    127%    221.3 sec left
CG set 3468 / 2727    3317.1987 GFlop/s     (414.6498 GFlop/s per process)    127%    220.4 sec left
CG set 3469 / 2727    3317.1995 GFlop/s     (414.6499 GFlop/s per process)    127%    219.5 sec left
CG set 3470 / 2727    3317.2936 GFlop/s     (414.6617 GFlop/s per process)    127%    218.6 sec left
CG set 3471 / 2727    3317.3185 GFlop/s     (414.6648 GFlop/s per process)    127%    217.6 sec left
CG set 3472 / 2727    3317.3608 GFlop/s     (414.6701 GFlop/s per process)    127%    216.7 sec left
CG set 3473 / 2727    3317.3884 GFlop/s     (414.6735 GFlop/s per process)    127%    215.8 sec left
CG set 3474 / 2727    3317.5088 GFlop/s     (414.6886 GFlop/s per process)    127%    214.9 sec left
CG set 3475 / 2727    3317.6389 GFlop/s     (414.7049 GFlop/s per process)    127%    214.1 sec left
CG set 3476 / 2727    3317.6350 GFlop/s     (414.7044 GFlop/s per process)    127%    213.1 sec left
CG set 3477 / 2727    3317.7856 GFlop/s     (414.7232 GFlop/s per process)    127%    212.3 sec left
CG set 3478 / 2727    3317.7652 GFlop/s     (414.7207 GFlop/s per process)    127%    211.3 sec left
CG set 3479 / 2727    3317.8046 GFlop/s     (414.7256 GFlop/s per process)    127%    210.3 sec left
CG set 3480 / 2727    3317.9240 GFlop/s     (414.7405 GFlop/s per process)    127%    209.5 sec left
CG set 3481 / 2727    3318.0007 GFlop/s     (414.7501 GFlop/s per process)    127%    208.6 sec left
CG set 3482 / 2727    3317.9896 GFlop/s     (414.7487 GFlop/s per process)    127%    207.6 sec left
CG set 3483 / 2727    3318.0893 GFlop/s     (414.7612 GFlop/s per process)    127%    206.7 sec left
CG set 3484 / 2727    3318.1937 GFlop/s     (414.7742 GFlop/s per process)    127%    205.9 sec left
CG set 3485 / 2727    3318.2229 GFlop/s     (414.7779 GFlop/s per process)    127%    204.9 sec left
CG set 3486 / 2727    3318.2920 GFlop/s     (414.7865 GFlop/s per process)    127%    204.0 sec left
CG set 3487 / 2727    3318.3708 GFlop/s     (414.7963 GFlop/s per process)    127%    203.1 sec left
CG set 3488 / 2727    3318.4485 GFlop/s     (414.8061 GFlop/s per process)    127%    202.2 sec left
CG set 3489 / 2727    3318.5370 GFlop/s     (414.8171 GFlop/s per process)    127%    201.4 sec left
CG set 3490 / 2727    3318.6122 GFlop/s     (414.8265 GFlop/s per process)    127%    200.5 sec left
CG set 3491 / 2727    3318.7107 GFlop/s     (414.8388 GFlop/s per process)    128%    199.6 sec left
CG set 3492 / 2727    3318.7887 GFlop/s     (414.8486 GFlop/s per process)    128%    198.7 sec left
CG set 3493 / 2727    3318.8160 GFlop/s     (414.8520 GFlop/s per process)    128%    197.8 sec left
CG set 3494 / 2727    3318.9355 GFlop/s     (414.8669 GFlop/s per process)    128%    196.9 sec left
CG set 3495 / 2727    3319.0141 GFlop/s     (414.8768 GFlop/s per process)    128%    196.0 sec left
CG set 3496 / 2727    3318.9623 GFlop/s     (414.8703 GFlop/s per process)    128%    195.0 sec left
CG set 3497 / 2727    3319.0924 GFlop/s     (414.8865 GFlop/s per process)    128%    194.2 sec left
CG set 3498 / 2727    3319.1163 GFlop/s     (414.8895 GFlop/s per process)    128%    193.2 sec left
CG set 3499 / 2727    3319.1366 GFlop/s     (414.8921 GFlop/s per process)    128%    192.3 sec left
CG set 3500 / 2727    3319.2271 GFlop/s     (414.9034 GFlop/s per process)    128%    191.4 sec left
CG set 3501 / 2727    3319.3420 GFlop/s     (414.9178 GFlop/s per process)    128%    190.5 sec left
CG set 3502 / 2727    3319.4027 GFlop/s     (414.9253 GFlop/s per process)    128%    189.6 sec left
CG set 3503 / 2727    3319.4120 GFlop/s     (414.9265 GFlop/s per process)    128%    188.6 sec left
CG set 3504 / 2727    3319.5288 GFlop/s     (414.9411 GFlop/s per process)    128%    187.8 sec left
CG set 3505 / 2727    3319.5802 GFlop/s     (414.9475 GFlop/s per process)    128%    186.9 sec left
CG set 3506 / 2727    3319.6145 GFlop/s     (414.9518 GFlop/s per process)    128%    185.9 sec left
CG set 3507 / 2727    3319.6723 GFlop/s     (414.9590 GFlop/s per process)    128%    185.0 sec left
CG set 3508 / 2727    3319.7068 GFlop/s     (414.9634 GFlop/s per process)    128%    184.1 sec left
CG set 3509 / 2727    3319.8028 GFlop/s     (414.9754 GFlop/s per process)    128%    183.2 sec left
CG set 3510 / 2727    3319.8215 GFlop/s     (414.9777 GFlop/s per process)    128%    182.3 sec left
CG set 3511 / 2727    3319.8900 GFlop/s     (414.9862 GFlop/s per process)    128%    181.4 sec left
CG set 3512 / 2727    3320.0040 GFlop/s     (415.0005 GFlop/s per process)    128%    180.5 sec left
CG set 3513 / 2727    3320.0692 GFlop/s     (415.0086 GFlop/s per process)    128%    179.6 sec left
CG set 3514 / 2727    3320.1140 GFlop/s     (415.0142 GFlop/s per process)    128%    178.7 sec left
CG set 3515 / 2727    3320.1659 GFlop/s     (415.0207 GFlop/s per process)    128%    177.7 sec left
CG set 3516 / 2727    3320.2379 GFlop/s     (415.0297 GFlop/s per process)    128%    176.8 sec left
CG set 3517 / 2727    3320.3606 GFlop/s     (415.0451 GFlop/s per process)    128%    176.0 sec left
CG set 3518 / 2727    3320.3974 GFlop/s     (415.0497 GFlop/s per process)    129%    175.1 sec left
CG set 3519 / 2727    3320.4519 GFlop/s     (415.0565 GFlop/s per process)    129%    174.2 sec left
CG set 3520 / 2727    3320.5009 GFlop/s     (415.0626 GFlop/s per process)    129%    173.2 sec left
CG set 3521 / 2727    3320.6445 GFlop/s     (415.0806 GFlop/s per process)    129%    172.4 sec left
CG set 3522 / 2727    3320.6737 GFlop/s     (415.0842 GFlop/s per process)    129%    171.5 sec left
CG set 3523 / 2727    3320.7696 GFlop/s     (415.0962 GFlop/s per process)    129%    170.6 sec left
CG set 3524 / 2727    3320.8664 GFlop/s     (415.1083 GFlop/s per process)    129%    169.7 sec left
CG set 3525 / 2727    3320.9021 GFlop/s     (415.1128 GFlop/s per process)    129%    168.8 sec left
CG set 3526 / 2727    3320.9633 GFlop/s     (415.1204 GFlop/s per process)    129%    167.9 sec left
CG set 3527 / 2727    3321.0826 GFlop/s     (415.1353 GFlop/s per process)    129%    167.0 sec left
CG set 3528 / 2727    3321.0917 GFlop/s     (415.1365 GFlop/s per process)    129%    166.1 sec left
CG set 3529 / 2727    3321.1491 GFlop/s     (415.1436 GFlop/s per process)    129%    165.1 sec left
CG set 3530 / 2727    3321.2432 GFlop/s     (415.1554 GFlop/s per process)    129%    164.3 sec left
CG set 3531 / 2727    3321.3545 GFlop/s     (415.1693 GFlop/s per process)    129%    163.4 sec left
CG set 3532 / 2727    3321.4465 GFlop/s     (415.1808 GFlop/s per process)    129%    162.5 sec left
CG set 3533 / 2727    3321.5186 GFlop/s     (415.1898 GFlop/s per process)    129%    161.6 sec left
CG set 3534 / 2727    3321.5520 GFlop/s     (415.1940 GFlop/s per process)    129%    160.7 sec left
CG set 3535 / 2727    3321.6124 GFlop/s     (415.2015 GFlop/s per process)    129%    159.8 sec left
CG set 3536 / 2727    3321.6859 GFlop/s     (415.2107 GFlop/s per process)    129%    158.9 sec left
CG set 3537 / 2727    3321.7446 GFlop/s     (415.2181 GFlop/s per process)    129%    158.0 sec left
CG set 3538 / 2727    3321.7741 GFlop/s     (415.2218 GFlop/s per process)    129%    157.0 sec left
CG set 3539 / 2727    3321.8656 GFlop/s     (415.2332 GFlop/s per process)    129%    156.2 sec left
CG set 3540 / 2727    3321.9516 GFlop/s     (415.2440 GFlop/s per process)    129%    155.3 sec left
CG set 3541 / 2727    3322.0423 GFlop/s     (415.2553 GFlop/s per process)    129%    154.4 sec left
CG set 3542 / 2727    3322.0902 GFlop/s     (415.2613 GFlop/s per process)    129%    153.5 sec left
CG set 3543 / 2727    3322.1560 GFlop/s     (415.2695 GFlop/s per process)    129%    152.6 sec left
CG set 3544 / 2727    3322.2551 GFlop/s     (415.2819 GFlop/s per process)    129%    151.7 sec left
CG set 3545 / 2727    3322.2986 GFlop/s     (415.2873 GFlop/s per process)    129%    150.8 sec left
CG set 3546 / 2727    3322.3593 GFlop/s     (415.2949 GFlop/s per process)    130%    149.9 sec left
CG set 3547 / 2727    3322.4863 GFlop/s     (415.3108 GFlop/s per process)    130%    149.0 sec left
CG set 3548 / 2727    3322.5664 GFlop/s     (415.3208 GFlop/s per process)    130%    148.2 sec left
CG set 3549 / 2727    3322.6284 GFlop/s     (415.3286 GFlop/s per process)    130%    147.2 sec left
CG set 3550 / 2727    3322.6586 GFlop/s     (415.3323 GFlop/s per process)    130%    146.3 sec left
CG set 3551 / 2727    3322.7508 GFlop/s     (415.3439 GFlop/s per process)    130%    145.4 sec left
CG set 3552 / 2727    3322.8321 GFlop/s     (415.3540 GFlop/s per process)    130%    144.5 sec left
CG set 3553 / 2727    3322.9144 GFlop/s     (415.3643 GFlop/s per process)    130%    143.7 sec left
CG set 3554 / 2727    3322.9770 GFlop/s     (415.3721 GFlop/s per process)    130%    142.7 sec left
CG set 3555 / 2727    3323.0834 GFlop/s     (415.3854 GFlop/s per process)    130%    141.9 sec left
CG set 3556 / 2727    3323.1545 GFlop/s     (415.3943 GFlop/s per process)    130%    141.0 sec left
CG set 3557 / 2727    3323.2645 GFlop/s     (415.4081 GFlop/s per process)    130%    140.1 sec left
CG set 3558 / 2727    3323.3402 GFlop/s     (415.4175 GFlop/s per process)    130%    139.2 sec left
CG set 3559 / 2727    3323.4604 GFlop/s     (415.4326 GFlop/s per process)    130%    138.4 sec left
CG set 3560 / 2727    3323.4446 GFlop/s     (415.4306 GFlop/s per process)    130%    137.4 sec left
CG set 3561 / 2727    3323.5634 GFlop/s     (415.4454 GFlop/s per process)    130%    136.6 sec left
CG set 3562 / 2727    3323.6386 GFlop/s     (415.4548 GFlop/s per process)    130%    135.7 sec left
CG set 3563 / 2727    3323.6891 GFlop/s     (415.4611 GFlop/s per process)    130%    134.7 sec left
CG set 3564 / 2727    3323.7492 GFlop/s     (415.4686 GFlop/s per process)    130%    133.8 sec left
CG set 3565 / 2727    3323.8346 GFlop/s     (415.4793 GFlop/s per process)    130%    133.0 sec left
CG set 3566 / 2727    3323.8796 GFlop/s     (415.4850 GFlop/s per process)    130%    132.0 sec left
CG set 3567 / 2727    3323.9121 GFlop/s     (415.4890 GFlop/s per process)    130%    131.1 sec left
CG set 3568 / 2727    3323.9976 GFlop/s     (415.4997 GFlop/s per process)    130%    130.2 sec left
CG set 3569 / 2727    3324.0402 GFlop/s     (415.5050 GFlop/s per process)    130%    129.3 sec left
CG set 3570 / 2727    3324.0768 GFlop/s     (415.5096 GFlop/s per process)    130%    128.3 sec left
CG set 3571 / 2727    3324.1145 GFlop/s     (415.5143 GFlop/s per process)    130%    127.4 sec left
CG set 3572 / 2727    3324.1135 GFlop/s     (415.5142 GFlop/s per process)    130%    126.4 sec left
CG set 3573 / 2727    3324.2273 GFlop/s     (415.5284 GFlop/s per process)    131%    125.6 sec left
CG set 3574 / 2727    3324.2850 GFlop/s     (415.5356 GFlop/s per process)    131%    124.7 sec left
CG set 3575 / 2727    3324.3792 GFlop/s     (415.5474 GFlop/s per process)    131%    123.8 sec left
CG set 3576 / 2727    3324.4317 GFlop/s     (415.5540 GFlop/s per process)    131%    122.9 sec left
CG set 3577 / 2727    3324.5157 GFlop/s     (415.5645 GFlop/s per process)    131%    122.0 sec left
CG set 3578 / 2727    3324.5260 GFlop/s     (415.5657 GFlop/s per process)    131%    121.0 sec left
CG set 3579 / 2727    3324.6481 GFlop/s     (415.5810 GFlop/s per process)    131%    120.2 sec left
CG set 3580 / 2727    3324.6255 GFlop/s     (415.5782 GFlop/s per process)    131%    119.2 sec left
CG set 3581 / 2727    3324.7281 GFlop/s     (415.5910 GFlop/s per process)    131%    118.3 sec left
CG set 3582 / 2727    3324.8123 GFlop/s     (415.6015 GFlop/s per process)    131%    117.5 sec left
CG set 3583 / 2727    3324.8495 GFlop/s     (415.6062 GFlop/s per process)    131%    116.5 sec left
CG set 3584 / 2727    3324.9202 GFlop/s     (415.6150 GFlop/s per process)    131%    115.6 sec left
CG set 3585 / 2727    3324.9553 GFlop/s     (415.6194 GFlop/s per process)    131%    114.7 sec left
CG set 3586 / 2727    3324.9923 GFlop/s     (415.6240 GFlop/s per process)    131%    113.8 sec left
CG set 3587 / 2727    3325.0585 GFlop/s     (415.6323 GFlop/s per process)    131%    112.9 sec left
CG set 3588 / 2727    3325.1218 GFlop/s     (415.6402 GFlop/s per process)    131%    112.0 sec left
CG set 3589 / 2727    3325.1513 GFlop/s     (415.6439 GFlop/s per process)    131%    111.0 sec left
CG set 3590 / 2727    3325.2125 GFlop/s     (415.6516 GFlop/s per process)    131%    110.1 sec left
CG set 3591 / 2727    3325.2879 GFlop/s     (415.6610 GFlop/s per process)    131%    109.2 sec left
CG set 3592 / 2727    3325.3178 GFlop/s     (415.6647 GFlop/s per process)    131%    108.3 sec left
CG set 3593 / 2727    3325.4369 GFlop/s     (415.6796 GFlop/s per process)    131%    107.4 sec left
CG set 3594 / 2727    3325.4987 GFlop/s     (415.6873 GFlop/s per process)    131%    106.5 sec left
CG set 3595 / 2727    3325.5937 GFlop/s     (415.6992 GFlop/s per process)    131%    105.7 sec left
CG set 3596 / 2727    3325.6944 GFlop/s     (415.7118 GFlop/s per process)    131%    104.8 sec left
CG set 3597 / 2727    3325.7399 GFlop/s     (415.7175 GFlop/s per process)    131%    103.9 sec left
CG set 3598 / 2727    3325.7769 GFlop/s     (415.7221 GFlop/s per process)    131%    102.9 sec left
CG set 3599 / 2727    3325.8106 GFlop/s     (415.7263 GFlop/s per process)    131%    102.0 sec left
CG set 3600 / 2727    3325.8719 GFlop/s     (415.7340 GFlop/s per process)    132%    101.1 sec left
CG set 3601 / 2727    3325.9439 GFlop/s     (415.7430 GFlop/s per process)    132%    100.2 sec left
CG set 3602 / 2727    3326.0131 GFlop/s     (415.7516 GFlop/s per process)    132%    99.3 sec left
CG set 3603 / 2727    3326.1318 GFlop/s     (415.7665 GFlop/s per process)    132%    98.5 sec left
CG set 3604 / 2727    3326.0886 GFlop/s     (415.7611 GFlop/s per process)    132%    97.4 sec left
CG set 3605 / 2727    3326.2046 GFlop/s     (415.7756 GFlop/s per process)    132%    96.6 sec left
CG set 3606 / 2727    3326.2252 GFlop/s     (415.7782 GFlop/s per process)    132%    95.6 sec left
CG set 3607 / 2727    3326.3156 GFlop/s     (415.7894 GFlop/s per process)    132%    94.8 sec left
CG set 3608 / 2727    3326.4005 GFlop/s     (415.8001 GFlop/s per process)    132%    93.9 sec left
CG set 3609 / 2727    3326.4599 GFlop/s     (415.8075 GFlop/s per process)    132%    93.0 sec left
CG set 3610 / 2727    3326.5183 GFlop/s     (415.8148 GFlop/s per process)    132%    92.1 sec left
CG set 3611 / 2727    3326.5806 GFlop/s     (415.8226 GFlop/s per process)    132%    91.2 sec left
CG set 3612 / 2727    3326.6406 GFlop/s     (415.8301 GFlop/s per process)    132%    90.3 sec left
CG set 3613 / 2727    3326.7251 GFlop/s     (415.8406 GFlop/s per process)    132%    89.4 sec left
CG set 3614 / 2727    3326.7277 GFlop/s     (415.8410 GFlop/s per process)    132%    88.4 sec left
CG set 3615 / 2727    3326.8137 GFlop/s     (415.8517 GFlop/s per process)    132%    87.5 sec left
CG set 3616 / 2727    3326.8663 GFlop/s     (415.8583 GFlop/s per process)    132%    86.6 sec left
CG set 3617 / 2727    3326.9640 GFlop/s     (415.8705 GFlop/s per process)    132%    85.7 sec left
CG set 3618 / 2727    3326.9966 GFlop/s     (415.8746 GFlop/s per process)    132%    84.8 sec left
CG set 3619 / 2727    3327.0546 GFlop/s     (415.8818 GFlop/s per process)    132%    83.9 sec left
CG set 3620 / 2727    3327.0902 GFlop/s     (415.8863 GFlop/s per process)    132%    83.0 sec left
CG set 3621 / 2727    3327.1487 GFlop/s     (415.8936 GFlop/s per process)    132%    82.1 sec left
CG set 3622 / 2727    3327.2374 GFlop/s     (415.9047 GFlop/s per process)    132%    81.2 sec left
CG set 3623 / 2727    3327.3530 GFlop/s     (415.9191 GFlop/s per process)    132%    80.3 sec left
CG set 3624 / 2727    3327.3452 GFlop/s     (415.9182 GFlop/s per process)    132%    79.4 sec left
CG set 3625 / 2727    3327.4696 GFlop/s     (415.9337 GFlop/s per process)    132%    78.5 sec left
CG set 3626 / 2727    3327.5110 GFlop/s     (415.9389 GFlop/s per process)    132%    77.6 sec left
CG set 3627 / 2727    3327.5588 GFlop/s     (415.9448 GFlop/s per process)    133%    76.7 sec left
CG set 3628 / 2727    3327.6518 GFlop/s     (415.9565 GFlop/s per process)    133%    75.8 sec left
CG set 3629 / 2727    3327.7142 GFlop/s     (415.9643 GFlop/s per process)    133%    74.9 sec left
CG set 3630 / 2727    3327.7989 GFlop/s     (415.9749 GFlop/s per process)    133%    74.0 sec left
CG set 3631 / 2727    3327.8284 GFlop/s     (415.9786 GFlop/s per process)    133%    73.1 sec left
CG set 3632 / 2727    3327.9264 GFlop/s     (415.9908 GFlop/s per process)    133%    72.2 sec left
CG set 3633 / 2727    3328.0266 GFlop/s     (416.0033 GFlop/s per process)    133%    71.3 sec left
CG set 3634 / 2727    3327.9872 GFlop/s     (415.9984 GFlop/s per process)    133%    70.3 sec left
CG set 3635 / 2727    3328.0895 GFlop/s     (416.0112 GFlop/s per process)    133%    69.5 sec left
CG set 3636 / 2727    3328.1585 GFlop/s     (416.0198 GFlop/s per process)    133%    68.6 sec left
CG set 3637 / 2727    3328.2597 GFlop/s     (416.0325 GFlop/s per process)    133%    67.7 sec left
CG set 3638 / 2727    3328.1841 GFlop/s     (416.0230 GFlop/s per process)    133%    66.7 sec left
CG set 3639 / 2727    3328.3141 GFlop/s     (416.0393 GFlop/s per process)    133%    65.8 sec left
CG set 3640 / 2727    3328.4404 GFlop/s     (416.0550 GFlop/s per process)    133%    65.0 sec left
CG set 3641 / 2727    3328.4114 GFlop/s     (416.0514 GFlop/s per process)    133%    64.0 sec left
CG set 3642 / 2727    3328.5625 GFlop/s     (416.0703 GFlop/s per process)    133%    63.2 sec left
CG set 3643 / 2727    3328.6601 GFlop/s     (416.0825 GFlop/s per process)    133%    62.3 sec left
CG set 3644 / 2727    3328.6500 GFlop/s     (416.0813 GFlop/s per process)    133%    61.3 sec left
CG set 3645 / 2727    3328.7505 GFlop/s     (416.0938 GFlop/s per process)    133%    60.5 sec left
CG set 3646 / 2727    3328.8520 GFlop/s     (416.1065 GFlop/s per process)    133%    59.6 sec left
CG set 3647 / 2727    3328.9079 GFlop/s     (416.1135 GFlop/s per process)    133%    58.7 sec left
CG set 3648 / 2727    3329.0303 GFlop/s     (416.1288 GFlop/s per process)    133%    57.9 sec left
CG set 3649 / 2727    3329.0720 GFlop/s     (416.1340 GFlop/s per process)    133%    56.9 sec left
CG set 3650 / 2727    3329.1711 GFlop/s     (416.1464 GFlop/s per process)    133%    56.1 sec left
CG set 3651 / 2727    3329.1854 GFlop/s     (416.1482 GFlop/s per process)    133%    55.1 sec left
CG set 3652 / 2727    3329.2969 GFlop/s     (416.1621 GFlop/s per process)    133%    54.3 sec left
CG set 3653 / 2727    3329.3971 GFlop/s     (416.1746 GFlop/s per process)    133%    53.4 sec left
CG set 3654 / 2727    3329.4144 GFlop/s     (416.1768 GFlop/s per process)    133%    52.4 sec left
CG set 3655 / 2727    3329.5066 GFlop/s     (416.1883 GFlop/s per process)    134%    51.6 sec left
CG set 3656 / 2727    3329.5778 GFlop/s     (416.1972 GFlop/s per process)    134%    50.7 sec left
CG set 3657 / 2727    3329.6670 GFlop/s     (416.2084 GFlop/s per process)    134%    49.8 sec left
CG set 3658 / 2727    3329.6775 GFlop/s     (416.2097 GFlop/s per process)    134%    48.8 sec left
CG set 3659 / 2727    3329.7704 GFlop/s     (416.2213 GFlop/s per process)    134%    48.0 sec left
CG set 3660 / 2727    3329.8811 GFlop/s     (416.2351 GFlop/s per process)    134%    47.1 sec left
CG set 3661 / 2727    3329.9216 GFlop/s     (416.2402 GFlop/s per process)    134%    46.2 sec left
CG set 3662 / 2727    3329.9811 GFlop/s     (416.2476 GFlop/s per process)    134%    45.3 sec left
CG set 3663 / 2727    3330.0169 GFlop/s     (416.2521 GFlop/s per process)    134%    44.4 sec left
CG set 3664 / 2727    3330.0512 GFlop/s     (416.2564 GFlop/s per process)    134%    43.4 sec left
CG set 3665 / 2727    3330.1433 GFlop/s     (416.2679 GFlop/s per process)    134%    42.6 sec left
CG set 3666 / 2727    3330.2048 GFlop/s     (416.2756 GFlop/s per process)    134%    41.7 sec left
CG set 3667 / 2727    3330.2970 GFlop/s     (416.2871 GFlop/s per process)    134%    40.8 sec left
CG set 3668 / 2727    3330.3571 GFlop/s     (416.2946 GFlop/s per process)    134%    39.9 sec left
CG set 3669 / 2727    3330.4697 GFlop/s     (416.3087 GFlop/s per process)    134%    39.0 sec left
CG set 3670 / 2727    3330.5077 GFlop/s     (416.3135 GFlop/s per process)    134%    38.1 sec left
CG set 3671 / 2727    3330.5304 GFlop/s     (416.3163 GFlop/s per process)    134%    37.2 sec left
CG set 3672 / 2727    3330.6630 GFlop/s     (416.3329 GFlop/s per process)    134%    36.3 sec left
CG set 3673 / 2727    3330.7226 GFlop/s     (416.3403 GFlop/s per process)    134%    35.4 sec left
CG set 3674 / 2727    3330.7916 GFlop/s     (416.3490 GFlop/s per process)    134%    34.5 sec left
CG set 3675 / 2727    3330.8690 GFlop/s     (416.3586 GFlop/s per process)    134%    33.6 sec left
CG set 3676 / 2727    3330.9379 GFlop/s     (416.3672 GFlop/s per process)    134%    32.7 sec left
CG set 3677 / 2727    3331.0260 GFlop/s     (416.3783 GFlop/s per process)    134%    31.9 sec left
CG set 3678 / 2727    3331.0274 GFlop/s     (416.3784 GFlop/s per process)    134%    30.9 sec left
CG set 3679 / 2727    3331.1111 GFlop/s     (416.3889 GFlop/s per process)    134%    30.0 sec left
CG set 3680 / 2727    3331.2223 GFlop/s     (416.4028 GFlop/s per process)    134%    29.2 sec left
CG set 3681 / 2727    3331.2586 GFlop/s     (416.4073 GFlop/s per process)    134%    28.2 sec left
CG set 3682 / 2727    3331.3032 GFlop/s     (416.4129 GFlop/s per process)    135%    27.3 sec left
CG set 3683 / 2727    3331.3761 GFlop/s     (416.4220 GFlop/s per process)    135%    26.4 sec left
CG set 3684 / 2727    3331.4638 GFlop/s     (416.4330 GFlop/s per process)    135%    25.6 sec left
CG set 3685 / 2727    3331.5234 GFlop/s     (416.4404 GFlop/s per process)    135%    24.7 sec left
CG set 3686 / 2727    3331.5637 GFlop/s     (416.4455 GFlop/s per process)    135%    23.7 sec left
CG set 3687 / 2727    3331.6726 GFlop/s     (416.4591 GFlop/s per process)    135%    22.9 sec left
CG set 3688 / 2727    3331.7229 GFlop/s     (416.4654 GFlop/s per process)    135%    22.0 sec left
CG set 3689 / 2727    3331.8365 GFlop/s     (416.4796 GFlop/s per process)    135%    21.1 sec left
CG set 3690 / 2727    3331.8868 GFlop/s     (416.4859 GFlop/s per process)    135%    20.2 sec left
CG set 3691 / 2727    3331.8945 GFlop/s     (416.4868 GFlop/s per process)    135%    19.2 sec left
CG set 3692 / 2727    3331.9820 GFlop/s     (416.4977 GFlop/s per process)    135%    18.4 sec left
CG set 3693 / 2727    3332.0779 GFlop/s     (416.5097 GFlop/s per process)    135%    17.5 sec left
CG set 3694 / 2727    3332.1703 GFlop/s     (416.5213 GFlop/s per process)    135%    16.6 sec left
CG set 3695 / 2727    3332.1815 GFlop/s     (416.5227 GFlop/s per process)    135%    15.7 sec left
CG set 3696 / 2727    3332.2957 GFlop/s     (416.5370 GFlop/s per process)    135%    14.8 sec left
CG set 3697 / 2727    3332.3848 GFlop/s     (416.5481 GFlop/s per process)    135%    13.9 sec left
CG set 3698 / 2727    3332.4108 GFlop/s     (416.5514 GFlop/s per process)    135%    13.0 sec left
CG set 3699 / 2727    3332.4358 GFlop/s     (416.5545 GFlop/s per process)    135%    12.1 sec left
CG set 3700 / 2727    3332.5093 GFlop/s     (416.5637 GFlop/s per process)    135%    11.2 sec left
CG set 3701 / 2727    3332.6233 GFlop/s     (416.5779 GFlop/s per process)    135%    10.3 sec left
CG set 3702 / 2727    3332.6904 GFlop/s     (416.5863 GFlop/s per process)    135%    9.4 sec left
CG set 3703 / 2727    3332.7860 GFlop/s     (416.5982 GFlop/s per process)    135%    8.6 sec left
CG set 3704 / 2727    3332.8908 GFlop/s     (416.6114 GFlop/s per process)    135%    7.7 sec left
CG set 3705 / 2727    3332.8966 GFlop/s     (416.6121 GFlop/s per process)    135%    6.7 sec left
CG set 3706 / 2727    3332.9867 GFlop/s     (416.6233 GFlop/s per process)    135%    5.9 sec left
CG set 3707 / 2727    3333.0676 GFlop/s     (416.6334 GFlop/s per process)    135%    5.0 sec left
CG set 3708 / 2727    3333.0833 GFlop/s     (416.6354 GFlop/s per process)    135%    4.0 sec left
CG set 3709 / 2727    3333.1595 GFlop/s     (416.6449 GFlop/s per process)    136%    3.2 sec left
CG set 3710 / 2727    3333.2676 GFlop/s     (416.6584 GFlop/s per process)    136%    2.3 sec left
CG set 3711 / 2727    3333.2914 GFlop/s     (416.6614 GFlop/s per process)    136%    1.4 sec left
CG set 3712 / 2727    3333.3558 GFlop/s     (416.6695 GFlop/s per process)    136%    0.5 sec left
CG set 3713 / 2727    3333.4427 GFlop/s     (416.6803 GFlop/s per process)    136%    0.0 sec left

Local domain: 280 x 280 x 280
Global domain: 560 x 560 x 560
Process domain: 2 x 2 x 2

Total Time: 3600.41 sec
Setup Time: 0.09 sec
Optimization Time: 0.06 sec

DDOT   =   653.8 GFlop/s ( 5230.3 GB/s)      81.7 GFlop/s per process (  653.8 GB/s per process)
WAXPBY =  1310.8 GFlop/s (15729.9 GB/s)     163.9 GFlop/s per process ( 1966.2 GB/s per process)
SpMV   =  3728.5 GFlop/s (30936.6 GB/s)     466.1 GFlop/s per process ( 3867.1 GB/s per process)
MG     =  4572.8 GFlop/s (44438.8 GB/s)     571.6 GFlop/s per process ( 5554.8 GB/s per process)
Total  =  3655.6 GFlop/s (34796.7 GB/s)     456.9 GFlop/s per process ( 4349.6 GB/s per process)
Final  =  3333.4 GFlop/s (31730.3 GB/s)     416.7 GFlop/s per process ( 3966.3 GB/s per process)
