Timestamp,gpu,socket_power,gfx_voltage,soc_voltage,mem_voltage,throttle_status,power_management,gfx_0_clk,gfx_0_min_clk,gfx_0_max_clk,gfx_0_clk_locked,gfx_0_deep_sleep,gfx_1_clk,gfx_1_min_clk,gfx_1_max_clk,gfx_1_clk_locked,gfx_1_deep_sleep,gfx_2_clk,gfx_2_min_clk,gfx_2_max_clk,gfx_2_clk_locked,gfx_2_deep_sleep,gfx_3_clk,gfx_3_min_clk,gfx_3_max_clk,gfx_3_clk_locked,gfx_3_deep_sleep,gfx_4_clk,gfx_4_min_clk,gfx_4_max_clk,gfx_4_clk_locked,gfx_4_deep_sleep,gfx_5_clk,gfx_5_min_clk,gfx_5_max_clk,gfx_5_clk_locked,gfx_5_deep_sleep,gfx_6_clk,gfx_6_min_clk,gfx_6_max_clk,gfx_6_clk_locked,gfx_6_deep_sleep,gfx_7_clk,gfx_7_min_clk,gfx_7_max_clk,gfx_7_clk_locked,gfx_7_deep_sleep,mem_0_clk,mem_0_min_clk,mem_0_max_clk,mem_0_clk_locked,mem_0_deep_sleep,vclk_0_clk,vclk_0_min_clk,vclk_0_max_clk,vclk_0_clk_locked,vclk_0_deep_sleep,vclk_1_clk,vclk_1_min_clk,vclk_1_max_clk,vclk_1_clk_locked,vclk_1_deep_sleep,vclk_2_clk,vclk_2_min_clk,vclk_2_max_clk,vclk_2_clk_locked,vclk_2_deep_sleep,vclk_3_clk,vclk_3_min_clk,vclk_3_max_clk,vclk_3_clk_locked,vclk_3_deep_sleep,dclk_0_clk,dclk_0_min_clk,dclk_0_max_clk,dclk_0_clk_locked,dclk_0_deep_sleep,dclk_1_clk,dclk_1_min_clk,dclk_1_max_clk,dclk_1_clk_locked,dclk_1_deep_sleep,dclk_2_clk,dclk_2_min_clk,dclk_2_max_clk,dclk_2_clk_locked,dclk_2_deep_sleep,dclk_3_clk,dclk_3_min_clk,dclk_3_max_clk,dclk_3_clk_locked,dclk_3_deep_sleep,edge,hotspot,mem
1744608963,0,122,N/A,N/A,N/A,N/A,ENABLED,146,150,2100,DISABLED,DISABLED,131,150,2100,DISABLED,ENABLED,131,150,2100,DISABLED,ENABLED,132,150,2100,DISABLED,ENABLED,132,150,2100,DISABLED,ENABLED,132,150,2100,DISABLED,ENABLED,131,150,2100,DISABLED,ENABLED,132,150,2100,DISABLED,ENABLED,900,900,1500,N/A,DISABLED,29,914,1680,N/A,ENABLED,29,914,1680,N/A,ENABLED,29,914,1680,N/A,ENABLED,29,914,1680,N/A,ENABLED,22,711,1400,N/A,ENABLED,22,711,1400,N/A,ENABLED,22,711,1400,N/A,ENABLED,22,711,1400,N/A,ENABLED,N/A,47,46
1744608964,0,124,N/A,N/A,N/A,N/A,ENABLED,134,500,2100,DISABLED,ENABLED,131,500,2100,DISABLED,ENABLED,131,500,2100,DISABLED,ENABLED,132,500,2100,DISABLED,ENABLED,132,500,2100,DISABLED,ENABLED,132,500,2100,DISABLED,ENABLED,131,500,2100,DISABLED,ENABLED,132,500,2100,DISABLED,ENABLED,900,900,1500,N/A,DISABLED,29,914,1680,N/A,ENABLED,29,914,1680,N/A,ENABLED,29,914,1680,N/A,ENABLED,29,914,1680,N/A,ENABLED,22,711,1400,N/A,ENABLED,22,711,1400,N/A,ENABLED,22,711,1400,N/A,ENABLED,22,711,1400,N/A,ENABLED,N/A,46,45
1744608966,0,122,N/A,N/A,N/A,N/A,ENABLED,133,500,2100,DISABLED,ENABLED,131,500,2100,DISABLED,ENABLED,131,500,2100,DISABLED,ENABLED,132,500,2100,DISABLED,ENABLED,132,500,2100,DISABLED,ENABLED,132,500,2100,DISABLED,ENABLED,131,500,2100,DISABLED,ENABLED,132,500,2100,DISABLED,ENABLED,900,900,1500,N/A,DISABLED,29,914,1680,N/A,ENABLED,29,914,1680,N/A,ENABLED,29,914,1680,N/A,ENABLED,29,914,1680,N/A,ENABLED,22,711,1400,N/A,ENABLED,22,711,1400,N/A,ENABLED,22,711,1400,N/A,ENABLED,22,711,1400,N/A,ENABLED,N/A,46,45
1744608967,0,123,N/A,N/A,N/A,N/A,ENABLED,132,500,2100,DISABLED,ENABLED,131,500,2100,DISABLED,ENABLED,131,500,2100,DISABLED,ENABLED,132,500,2100,DISABLED,ENABLED,132,500,2100,DISABLED,ENABLED,132,500,2100,DISABLED,ENABLED,131,500,2100,DISABLED,ENABLED,132,500,2100,DISABLED,ENABLED,900,900,1500,N/A,DISABLED,29,914,1680,N/A,ENABLED,29,914,1680,N/A,ENABLED,29,914,1680,N/A,ENABLED,29,914,1680,N/A,ENABLED,22,711,1400,N/A,ENABLED,22,711,1400,N/A,ENABLED,22,711,1400,N/A,ENABLED,22,711,1400,N/A,ENABLED,N/A,46,45
1744608968,0,123,N/A,N/A,N/A,N/A,ENABLED,132,500,2100,DISABLED,ENABLED,131,500,2100,DISABLED,ENABLED,131,500,2100,DISABLED,ENABLED,132,500,2100,DISABLED,ENABLED,132,500,2100,DISABLED,ENABLED,132,500,2100,DISABLED,ENABLED,131,500,2100,DISABLED,ENABLED,132,500,2100,DISABLED,ENABLED,900,900,1500,N/A,DISABLED,29,914,1680,N/A,ENABLED,29,914,1680,N/A,ENABLED,29,914,1680,N/A,ENABLED,29,914,1680,N/A,ENABLED,22,711,1400,N/A,ENABLED,22,711,1400,N/A,ENABLED,22,711,1400,N/A,ENABLED,22,711,1400,N/A,ENABLED,N/A,46,45
1744608969,0,123,N/A,N/A,N/A,N/A,ENABLED,132,500,2100,DISABLED,ENABLED,131,500,2100,DISABLED,ENABLED,131,500,2100,DISABLED,ENABLED,132,500,2100,DISABLED,ENABLED,132,500,2100,DISABLED,ENABLED,132,500,2100,DISABLED,ENABLED,131,500,2100,DISABLED,ENABLED,132,500,2100,DISABLED,ENABLED,900,900,1500,N/A,DISABLED,29,914,1680,N/A,ENABLED,29,914,1680,N/A,ENABLED,29,914,1680,N/A,ENABLED,29,914,1680,N/A,ENABLED,22,711,1400,N/A,ENABLED,22,711,1400,N/A,ENABLED,22,711,1400,N/A,ENABLED,22,711,1400,N/A,ENABLED,N/A,46,45
1744608970,0,122,N/A,N/A,N/A,N/A,ENABLED,132,500,2100,DISABLED,ENABLED,131,500,2100,DISABLED,ENABLED,131,500,2100,DISABLED,ENABLED,132,500,2100,DISABLED,ENABLED,132,500,2100,DISABLED,ENABLED,132,500,2100,DISABLED,ENABLED,131,500,2100,DISABLED,ENABLED,132,500,2100,DISABLED,ENABLED,900,900,1500,N/A,DISABLED,29,914,1680,N/A,ENABLED,29,914,1680,N/A,ENABLED,29,914,1680,N/A,ENABLED,29,914,1680,N/A,ENABLED,22,711,1400,N/A,ENABLED,22,711,1400,N/A,ENABLED,22,711,1400,N/A,ENABLED,22,711,1400,N/A,ENABLED,N/A,46,45
1744608972,0,123,N/A,N/A,N/A,N/A,ENABLED,132,500,2100,DISABLED,ENABLED,131,500,2100,DISABLED,ENABLED,131,500,2100,DISABLED,ENABLED,132,500,2100,DISABLED,ENABLED,132,500,2100,DISABLED,ENABLED,132,500,2100,DISABLED,ENABLED,131,500,2100,DISABLED,ENABLED,132,500,2100,DISABLED,ENABLED,900,900,1500,N/A,DISABLED,29,914,1680,N/A,ENABLED,29,914,1680,N/A,ENABLED,29,914,1680,N/A,ENABLED,29,914,1680,N/A,ENABLED,22,711,1400,N/A,ENABLED,22,711,1400,N/A,ENABLED,22,711,1400,N/A,ENABLED,22,711,1400,N/A,ENABLED,N/A,46,45
1744608973,0,122,N/A,N/A,N/A,N/A,ENABLED,132,500,2100,DISABLED,ENABLED,131,500,2100,DISABLED,ENABLED,131,500,2100,DISABLED,ENABLED,132,500,2100,DISABLED,ENABLED,132,500,2100,DISABLED,ENABLED,132,500,2100,DISABLED,ENABLED,131,500,2100,DISABLED,ENABLED,132,500,2100,DISABLED,ENABLED,900,900,1500,N/A,DISABLED,29,914,1680,N/A,ENABLED,29,914,1680,N/A,ENABLED,29,914,1680,N/A,ENABLED,29,914,1680,N/A,ENABLED,22,711,1400,N/A,ENABLED,22,711,1400,N/A,ENABLED,22,711,1400,N/A,ENABLED,22,711,1400,N/A,ENABLED,N/A,46,45
1744608974,0,123,N/A,N/A,N/A,N/A,ENABLED,132,500,2100,DISABLED,ENABLED,131,500,2100,DISABLED,ENABLED,131,500,2100,DISABLED,ENABLED,132,500,2100,DISABLED,ENABLED,132,500,2100,DISABLED,ENABLED,132,500,2100,DISABLED,ENABLED,131,500,2100,DISABLED,ENABLED,132,500,2100,DISABLED,ENABLED,900,900,1500,N/A,DISABLED,29,914,1680,N/A,ENABLED,29,914,1680,N/A,ENABLED,29,914,1680,N/A,ENABLED,29,914,1680,N/A,ENABLED,22,711,1400,N/A,ENABLED,22,711,1400,N/A,ENABLED,22,711,1400,N/A,ENABLED,22,711,1400,N/A,ENABLED,N/A,46,45
1744608975,0,624,N/A,N/A,N/A,N/A,ENABLED,1712,500,2100,DISABLED,DISABLED,1701,500,2100,DISABLED,DISABLED,1724,500,2100,DISABLED,DISABLED,1725,500,2100,DISABLED,DISABLED,1725,500,2100,DISABLED,DISABLED,1720,500,2100,DISABLED,DISABLED,1718,500,2100,DISABLED,DISABLED,1722,500,2100,DISABLED,DISABLED,1373,900,1500,N/A,DISABLED,46,914,1680,N/A,ENABLED,46,914,1680,N/A,ENABLED,46,914,1680,N/A,ENABLED,46,914,1680,N/A,ENABLED,39,711,1400,N/A,ENABLED,39,711,1400,N/A,ENABLED,39,711,1400,N/A,ENABLED,39,711,1400,N/A,ENABLED,N/A,47,58
1744608976,0,656,N/A,N/A,N/A,N/A,ENABLED,1754,500,2100,DISABLED,DISABLED,1741,500,2100,DISABLED,DISABLED,1768,500,2100,DISABLED,DISABLED,1765,500,2100,DISABLED,DISABLED,1770,500,2100,DISABLED,DISABLED,1765,500,2100,DISABLED,DISABLED,1760,500,2100,DISABLED,DISABLED,1764,500,2100,DISABLED,DISABLED,1403,900,1500,N/A,DISABLED,47,914,1680,N/A,ENABLED,47,914,1680,N/A,ENABLED,47,914,1680,N/A,ENABLED,47,914,1680,N/A,ENABLED,40,711,1400,N/A,ENABLED,40,711,1400,N/A,ENABLED,40,711,1400,N/A,ENABLED,40,711,1400,N/A,ENABLED,N/A,52,60
1744608977,0,654,N/A,N/A,N/A,N/A,ENABLED,1760,500,2100,DISABLED,DISABLED,1747,500,2100,DISABLED,DISABLED,1775,500,2100,DISABLED,DISABLED,1774,500,2100,DISABLED,DISABLED,1778,500,2100,DISABLED,DISABLED,1771,500,2100,DISABLED,DISABLED,1764,500,2100,DISABLED,DISABLED,1767,500,2100,DISABLED,DISABLED,1406,900,1500,N/A,DISABLED,47,914,1680,N/A,ENABLED,47,914,1680,N/A,ENABLED,47,914,1680,N/A,ENABLED,47,914,1680,N/A,ENABLED,40,711,1400,N/A,ENABLED,40,711,1400,N/A,ENABLED,40,711,1400,N/A,ENABLED,40,711,1400,N/A,ENABLED,N/A,54,60
1744608979,0,663,N/A,N/A,N/A,N/A,ENABLED,1754,500,2100,DISABLED,DISABLED,1740,500,2100,DISABLED,DISABLED,1769,500,2100,DISABLED,DISABLED,1767,500,2100,DISABLED,DISABLED,1772,500,2100,DISABLED,DISABLED,1765,500,2100,DISABLED,DISABLED,1758,500,2100,DISABLED,DISABLED,1762,500,2100,DISABLED,DISABLED,1400,900,1500,N/A,DISABLED,47,914,1680,N/A,ENABLED,47,914,1680,N/A,ENABLED,47,914,1680,N/A,ENABLED,47,914,1680,N/A,ENABLED,40,711,1400,N/A,ENABLED,40,711,1400,N/A,ENABLED,40,711,1400,N/A,ENABLED,40,711,1400,N/A,ENABLED,N/A,55,62
1744608980,0,662,N/A,N/A,N/A,N/A,ENABLED,1750,500,2100,DISABLED,DISABLED,1736,500,2100,DISABLED,DISABLED,1764,500,2100,DISABLED,DISABLED,1763,500,2100,DISABLED,DISABLED,1768,500,2100,DISABLED,DISABLED,1762,500,2100,DISABLED,DISABLED,1752,500,2100,DISABLED,DISABLED,1757,500,2100,DISABLED,DISABLED,1403,900,1500,N/A,DISABLED,47,914,1680,N/A,ENABLED,47,914,1680,N/A,ENABLED,47,914,1680,N/A,ENABLED,47,914,1680,N/A,ENABLED,40,711,1400,N/A,ENABLED,40,711,1400,N/A,ENABLED,40,711,1400,N/A,ENABLED,40,711,1400,N/A,ENABLED,N/A,56,62
1744608981,0,648,N/A,N/A,N/A,N/A,ENABLED,1741,500,2100,DISABLED,DISABLED,1727,500,2100,DISABLED,DISABLED,1756,500,2100,DISABLED,DISABLED,1755,500,2100,DISABLED,DISABLED,1759,500,2100,DISABLED,DISABLED,1754,500,2100,DISABLED,DISABLED,1744,500,2100,DISABLED,DISABLED,1747,500,2100,DISABLED,DISABLED,1393,900,1500,N/A,DISABLED,47,914,1680,N/A,ENABLED,47,914,1680,N/A,ENABLED,47,914,1680,N/A,ENABLED,47,914,1680,N/A,ENABLED,39,711,1400,N/A,ENABLED,40,711,1400,N/A,ENABLED,40,711,1400,N/A,ENABLED,40,711,1400,N/A,ENABLED,N/A,56,63
1744608982,0,647,N/A,N/A,N/A,N/A,ENABLED,1761,500,2100,DISABLED,DISABLED,1747,500,2100,DISABLED,DISABLED,1778,500,2100,DISABLED,DISABLED,1778,500,2100,DISABLED,DISABLED,1779,500,2100,DISABLED,DISABLED,1774,500,2100,DISABLED,DISABLED,1772,500,2100,DISABLED,DISABLED,1768,500,2100,DISABLED,DISABLED,1402,900,1500,N/A,DISABLED,47,914,1680,N/A,ENABLED,47,914,1680,N/A,ENABLED,47,914,1680,N/A,ENABLED,47,914,1680,N/A,ENABLED,40,711,1400,N/A,ENABLED,40,711,1400,N/A,ENABLED,40,711,1400,N/A,ENABLED,40,711,1400,N/A,ENABLED,N/A,56,62
1744608983,0,651,N/A,N/A,N/A,N/A,ENABLED,1751,500,2100,DISABLED,DISABLED,1737,500,2100,DISABLED,DISABLED,1769,500,2100,DISABLED,DISABLED,1768,500,2100,DISABLED,DISABLED,1770,500,2100,DISABLED,DISABLED,1768,500,2100,DISABLED,DISABLED,1760,500,2100,DISABLED,DISABLED,1765,500,2100,DISABLED,DISABLED,1401,900,1500,N/A,DISABLED,47,914,1680,N/A,ENABLED,47,914,1680,N/A,ENABLED,47,914,1680,N/A,ENABLED,47,914,1680,N/A,ENABLED,40,711,1400,N/A,ENABLED,40,711,1400,N/A,ENABLED,40,711,1400,N/A,ENABLED,40,711,1400,N/A,ENABLED,N/A,57,63
1744608985,0,653,N/A,N/A,N/A,N/A,ENABLED,1746,500,2100,DISABLED,DISABLED,1733,500,2100,DISABLED,DISABLED,1763,500,2100,DISABLED,DISABLED,1762,500,2100,DISABLED,DISABLED,1763,500,2100,DISABLED,DISABLED,1765,500,2100,DISABLED,DISABLED,1748,500,2100,DISABLED,DISABLED,1754,500,2100,DISABLED,DISABLED,1404,900,1500,N/A,DISABLED,47,914,1680,N/A,ENABLED,47,914,1680,N/A,ENABLED,47,914,1680,N/A,ENABLED,47,914,1680,N/A,ENABLED,40,711,1400,N/A,ENABLED,40,711,1400,N/A,ENABLED,40,711,1400,N/A,ENABLED,40,711,1400,N/A,ENABLED,N/A,57,64
1744608986,0,652,N/A,N/A,N/A,N/A,ENABLED,1743,500,2100,DISABLED,DISABLED,1729,500,2100,DISABLED,DISABLED,1758,500,2100,DISABLED,DISABLED,1757,500,2100,DISABLED,DISABLED,1758,500,2100,DISABLED,DISABLED,1754,500,2100,DISABLED,DISABLED,1742,500,2100,DISABLED,DISABLED,1747,500,2100,DISABLED,DISABLED,1400,900,1500,N/A,DISABLED,47,914,1680,N/A,ENABLED,47,914,1680,N/A,ENABLED,47,914,1680,N/A,ENABLED,47,914,1680,N/A,ENABLED,40,711,1400,N/A,ENABLED,40,711,1400,N/A,ENABLED,40,711,1400,N/A,ENABLED,40,711,1400,N/A,ENABLED,N/A,57,64
1744608987,0,655,N/A,N/A,N/A,N/A,ENABLED,1755,500,2100,DISABLED,DISABLED,1741,500,2100,DISABLED,DISABLED,1767,500,2100,DISABLED,DISABLED,1767,500,2100,DISABLED,DISABLED,1769,500,2100,DISABLED,DISABLED,1766,500,2100,DISABLED,DISABLED,1752,500,2100,DISABLED,DISABLED,1756,500,2100,DISABLED,DISABLED,1406,900,1500,N/A,DISABLED,47,914,1680,N/A,ENABLED,47,914,1680,N/A,ENABLED,47,914,1680,N/A,ENABLED,47,914,1680,N/A,ENABLED,40,711,1400,N/A,ENABLED,40,711,1400,N/A,ENABLED,40,711,1400,N/A,ENABLED,40,711,1400,N/A,ENABLED,N/A,58,64
1744608988,0,664,N/A,N/A,N/A,N/A,ENABLED,1761,500,2100,DISABLED,DISABLED,1748,500,2100,DISABLED,DISABLED,1768,500,2100,DISABLED,DISABLED,1766,500,2100,DISABLED,DISABLED,1770,500,2100,DISABLED,DISABLED,1763,500,2100,DISABLED,DISABLED,1749,500,2100,DISABLED,DISABLED,1753,500,2100,DISABLED,DISABLED,1410,900,1500,N/A,DISABLED,48,914,1680,N/A,ENABLED,48,914,1680,N/A,ENABLED,48,914,1680,N/A,ENABLED,48,914,1680,N/A,ENABLED,40,711,1400,N/A,ENABLED,40,711,1400,N/A,ENABLED,40,711,1400,N/A,ENABLED,40,711,1400,N/A,ENABLED,N/A,58,65
1744608989,0,657,N/A,N/A,N/A,N/A,ENABLED,1755,500,2100,DISABLED,DISABLED,1742,500,2100,DISABLED,DISABLED,1778,500,2100,DISABLED,DISABLED,1770,500,2100,DISABLED,DISABLED,1780,500,2100,DISABLED,DISABLED,1766,500,2100,DISABLED,DISABLED,1753,500,2100,DISABLED,DISABLED,1757,500,2100,DISABLED,DISABLED,1410,900,1500,N/A,DISABLED,48,914,1680,N/A,ENABLED,48,914,1680,N/A,ENABLED,48,914,1680,N/A,ENABLED,48,914,1680,N/A,ENABLED,40,711,1400,N/A,ENABLED,40,711,1400,N/A,ENABLED,40,711,1400,N/A,ENABLED,40,711,1400,N/A,ENABLED,N/A,58,65
1744608990,0,656,N/A,N/A,N/A,N/A,ENABLED,1753,500,2100,DISABLED,DISABLED,1739,500,2100,DISABLED,DISABLED,1773,500,2100,DISABLED,DISABLED,1762,500,2100,DISABLED,DISABLED,1772,500,2100,DISABLED,DISABLED,1761,500,2100,DISABLED,DISABLED,1748,500,2100,DISABLED,DISABLED,1751,500,2100,DISABLED,DISABLED,1404,900,1500,N/A,DISABLED,47,914,1680,N/A,ENABLED,47,914,1680,N/A,ENABLED,47,914,1680,N/A,ENABLED,47,914,1680,N/A,ENABLED,40,711,1400,N/A,ENABLED,40,711,1400,N/A,ENABLED,40,711,1400,N/A,ENABLED,40,711,1400,N/A,ENABLED,N/A,59,66
1744608992,0,656,N/A,N/A,N/A,N/A,ENABLED,1765,500,2100,DISABLED,DISABLED,1751,500,2100,DISABLED,DISABLED,1776,500,2100,DISABLED,DISABLED,1773,500,2100,DISABLED,DISABLED,1778,500,2100,DISABLED,DISABLED,1773,500,2100,DISABLED,DISABLED,1759,500,2100,DISABLED,DISABLED,1762,500,2100,DISABLED,DISABLED,1407,900,1500,N/A,DISABLED,48,914,1680,N/A,ENABLED,48,914,1680,N/A,ENABLED,48,914,1680,N/A,ENABLED,48,914,1680,N/A,ENABLED,40,711,1400,N/A,ENABLED,40,711,1400,N/A,ENABLED,40,711,1400,N/A,ENABLED,40,711,1400,N/A,ENABLED,N/A,59,65
1744608993,0,661,N/A,N/A,N/A,N/A,ENABLED,1751,500,2100,DISABLED,DISABLED,1738,500,2100,DISABLED,DISABLED,1761,500,2100,DISABLED,DISABLED,1762,500,2100,DISABLED,DISABLED,1763,500,2100,DISABLED,DISABLED,1759,500,2100,DISABLED,DISABLED,1746,500,2100,DISABLED,DISABLED,1748,500,2100,DISABLED,DISABLED,1398,900,1500,N/A,DISABLED,47,914,1680,N/A,ENABLED,47,914,1680,N/A,ENABLED,47,914,1680,N/A,ENABLED,47,914,1680,N/A,ENABLED,40,711,1400,N/A,ENABLED,40,711,1400,N/A,ENABLED,40,711,1400,N/A,ENABLED,40,711,1400,N/A,ENABLED,N/A,59,66
1744608994,0,654,N/A,N/A,N/A,N/A,ENABLED,1750,500,2100,DISABLED,DISABLED,1737,500,2100,DISABLED,DISABLED,1760,500,2100,DISABLED,DISABLED,1756,500,2100,DISABLED,DISABLED,1763,500,2100,DISABLED,DISABLED,1758,500,2100,DISABLED,DISABLED,1744,500,2100,DISABLED,DISABLED,1747,500,2100,DISABLED,DISABLED,1395,900,1500,N/A,DISABLED,47,914,1680,N/A,ENABLED,47,914,1680,N/A,ENABLED,47,914,1680,N/A,ENABLED,47,914,1680,N/A,ENABLED,40,711,1400,N/A,ENABLED,40,711,1400,N/A,ENABLED,40,711,1400,N/A,ENABLED,40,711,1400,N/A,ENABLED,N/A,59,66
1744608995,0,654,N/A,N/A,N/A,N/A,ENABLED,1755,500,2100,DISABLED,DISABLED,1741,500,2100,DISABLED,DISABLED,1764,500,2100,DISABLED,DISABLED,1763,500,2100,DISABLED,DISABLED,1766,500,2100,DISABLED,DISABLED,1762,500,2100,DISABLED,DISABLED,1747,500,2100,DISABLED,DISABLED,1751,500,2100,DISABLED,DISABLED,1399,900,1500,N/A,DISABLED,47,914,1680,N/A,ENABLED,47,914,1680,N/A,ENABLED,47,914,1680,N/A,ENABLED,47,914,1680,N/A,ENABLED,40,711,1400,N/A,ENABLED,40,711,1400,N/A,ENABLED,40,711,1400,N/A,ENABLED,40,711,1400,N/A,ENABLED,N/A,60,65
1744608996,0,662,N/A,N/A,N/A,N/A,ENABLED,1758,500,2100,DISABLED,DISABLED,1745,500,2100,DISABLED,DISABLED,1768,500,2100,DISABLED,DISABLED,1769,500,2100,DISABLED,DISABLED,1769,500,2100,DISABLED,DISABLED,1765,500,2100,DISABLED,DISABLED,1752,500,2100,DISABLED,DISABLED,1755,500,2100,DISABLED,DISABLED,1401,900,1500,N/A,DISABLED,47,914,1680,N/A,ENABLED,47,914,1680,N/A,ENABLED,47,914,1680,N/A,ENABLED,47,914,1680,N/A,ENABLED,40,711,1400,N/A,ENABLED,40,711,1400,N/A,ENABLED,40,711,1400,N/A,ENABLED,40,711,1400,N/A,ENABLED,N/A,60,66
1744608997,0,662,N/A,N/A,N/A,N/A,ENABLED,1751,500,2100,DISABLED,DISABLED,1738,500,2100,DISABLED,DISABLED,1760,500,2100,DISABLED,DISABLED,1765,500,2100,DISABLED,DISABLED,1761,500,2100,DISABLED,DISABLED,1758,500,2100,DISABLED,DISABLED,1744,500,2100,DISABLED,DISABLED,1748,500,2100,DISABLED,DISABLED,1396,900,1500,N/A,DISABLED,47,914,1680,N/A,ENABLED,47,914,1680,N/A,ENABLED,47,914,1680,N/A,ENABLED,47,914,1680,N/A,ENABLED,40,711,1400,N/A,ENABLED,40,711,1400,N/A,ENABLED,40,711,1400,N/A,ENABLED,40,711,1400,N/A,ENABLED,N/A,60,67
1744608999,0,654,N/A,N/A,N/A,N/A,ENABLED,1741,500,2100,DISABLED,DISABLED,1728,500,2100,DISABLED,DISABLED,1751,500,2100,DISABLED,DISABLED,1761,500,2100,DISABLED,DISABLED,1752,500,2100,DISABLED,DISABLED,1747,500,2100,DISABLED,DISABLED,1734,500,2100,DISABLED,DISABLED,1737,500,2100,DISABLED,DISABLED,1399,900,1500,N/A,DISABLED,47,914,1680,N/A,ENABLED,47,914,1680,N/A,ENABLED,47,914,1680,N/A,ENABLED,47,914,1680,N/A,ENABLED,40,711,1400,N/A,ENABLED,40,711,1400,N/A,ENABLED,40,711,1400,N/A,ENABLED,40,711,1400,N/A,ENABLED,N/A,60,67
1744609000,0,667,N/A,N/A,N/A,N/A,ENABLED,1757,500,2100,DISABLED,DISABLED,1742,500,2100,DISABLED,DISABLED,1765,500,2100,DISABLED,DISABLED,1764,500,2100,DISABLED,DISABLED,1766,500,2100,DISABLED,DISABLED,1762,500,2100,DISABLED,DISABLED,1749,500,2100,DISABLED,DISABLED,1752,500,2100,DISABLED,DISABLED,1395,900,1500,N/A,DISABLED,47,914,1680,N/A,ENABLED,47,914,1680,N/A,ENABLED,47,914,1680,N/A,ENABLED,47,914,1680,N/A,ENABLED,40,711,1400,N/A,ENABLED,40,711,1400,N/A,ENABLED,40,711,1400,N/A,ENABLED,40,711,1400,N/A,ENABLED,N/A,61,67
1744609001,0,656,N/A,N/A,N/A,N/A,ENABLED,1746,500,2100,DISABLED,DISABLED,1733,500,2100,DISABLED,DISABLED,1755,500,2100,DISABLED,DISABLED,1753,500,2100,DISABLED,DISABLED,1756,500,2100,DISABLED,DISABLED,1752,500,2100,DISABLED,DISABLED,1736,500,2100,DISABLED,DISABLED,1740,500,2100,DISABLED,DISABLED,1396,900,1500,N/A,DISABLED,47,914,1680,N/A,ENABLED,47,914,1680,N/A,ENABLED,47,914,1680,N/A,ENABLED,47,914,1680,N/A,ENABLED,40,711,1400,N/A,ENABLED,40,711,1400,N/A,ENABLED,40,711,1400,N/A,ENABLED,40,711,1400,N/A,ENABLED,N/A,61,67
1744609002,0,665,N/A,N/A,N/A,N/A,ENABLED,1742,500,2100,DISABLED,DISABLED,1729,500,2100,DISABLED,DISABLED,1751,500,2100,DISABLED,DISABLED,1749,500,2100,DISABLED,DISABLED,1752,500,2100,DISABLED,DISABLED,1748,500,2100,DISABLED,DISABLED,1734,500,2100,DISABLED,DISABLED,1737,500,2100,DISABLED,DISABLED,1395,900,1500,N/A,DISABLED,47,914,1680,N/A,ENABLED,47,914,1680,N/A,ENABLED,47,914,1680,N/A,ENABLED,47,914,1680,N/A,ENABLED,40,711,1400,N/A,ENABLED,40,711,1400,N/A,ENABLED,40,711,1400,N/A,ENABLED,40,711,1400,N/A,ENABLED,N/A,61,68
1744609003,0,657,N/A,N/A,N/A,N/A,ENABLED,1740,500,2100,DISABLED,DISABLED,1726,500,2100,DISABLED,DISABLED,1747,500,2100,DISABLED,DISABLED,1745,500,2100,DISABLED,DISABLED,1747,500,2100,DISABLED,DISABLED,1743,500,2100,DISABLED,DISABLED,1730,500,2100,DISABLED,DISABLED,1733,500,2100,DISABLED,DISABLED,1399,900,1500,N/A,DISABLED,47,914,1680,N/A,ENABLED,47,914,1680,N/A,ENABLED,47,914,1680,N/A,ENABLED,47,914,1680,N/A,ENABLED,40,711,1400,N/A,ENABLED,40,711,1400,N/A,ENABLED,40,711,1400,N/A,ENABLED,40,711,1400,N/A,ENABLED,N/A,61,67
1744609005,0,656,N/A,N/A,N/A,N/A,ENABLED,1742,500,2100,DISABLED,DISABLED,1728,500,2100,DISABLED,DISABLED,1749,500,2100,DISABLED,DISABLED,1748,500,2100,DISABLED,DISABLED,1749,500,2100,DISABLED,DISABLED,1744,500,2100,DISABLED,DISABLED,1731,500,2100,DISABLED,DISABLED,1734,500,2100,DISABLED,DISABLED,1396,900,1500,N/A,DISABLED,47,914,1680,N/A,ENABLED,47,914,1680,N/A,ENABLED,47,914,1680,N/A,ENABLED,47,914,1680,N/A,ENABLED,40,711,1400,N/A,ENABLED,40,711,1400,N/A,ENABLED,40,711,1400,N/A,ENABLED,40,711,1400,N/A,ENABLED,N/A,61,68
1744609006,0,647,N/A,N/A,N/A,N/A,ENABLED,1752,500,2100,DISABLED,DISABLED,1738,500,2100,DISABLED,DISABLED,1758,500,2100,DISABLED,DISABLED,1758,500,2100,DISABLED,DISABLED,1758,500,2100,DISABLED,DISABLED,1754,500,2100,DISABLED,DISABLED,1740,500,2100,DISABLED,DISABLED,1743,500,2100,DISABLED,DISABLED,1397,900,1500,N/A,DISABLED,47,914,1680,N/A,ENABLED,47,914,1680,N/A,ENABLED,47,914,1680,N/A,ENABLED,47,914,1680,N/A,ENABLED,40,711,1400,N/A,ENABLED,40,711,1400,N/A,ENABLED,40,711,1400,N/A,ENABLED,40,711,1400,N/A,ENABLED,N/A,61,68
1744609007,0,653,N/A,N/A,N/A,N/A,ENABLED,1744,500,2100,DISABLED,DISABLED,1728,500,2100,DISABLED,DISABLED,1749,500,2100,DISABLED,DISABLED,1748,500,2100,DISABLED,DISABLED,1750,500,2100,DISABLED,DISABLED,1745,500,2100,DISABLED,DISABLED,1732,500,2100,DISABLED,DISABLED,1734,500,2100,DISABLED,DISABLED,1396,900,1500,N/A,DISABLED,47,914,1680,N/A,ENABLED,47,914,1680,N/A,ENABLED,47,914,1680,N/A,ENABLED,47,914,1680,N/A,ENABLED,40,711,1400,N/A,ENABLED,40,711,1400,N/A,ENABLED,40,711,1400,N/A,ENABLED,40,711,1400,N/A,ENABLED,N/A,61,68
1744609008,0,652,N/A,N/A,N/A,N/A,ENABLED,1746,500,2100,DISABLED,DISABLED,1731,500,2100,DISABLED,DISABLED,1751,500,2100,DISABLED,DISABLED,1750,500,2100,DISABLED,DISABLED,1753,500,2100,DISABLED,DISABLED,1747,500,2100,DISABLED,DISABLED,1734,500,2100,DISABLED,DISABLED,1737,500,2100,DISABLED,DISABLED,1398,900,1500,N/A,DISABLED,47,914,1680,N/A,ENABLED,47,914,1680,N/A,ENABLED,47,914,1680,N/A,ENABLED,47,914,1680,N/A,ENABLED,40,711,1400,N/A,ENABLED,40,711,1400,N/A,ENABLED,40,711,1400,N/A,ENABLED,40,711,1400,N/A,ENABLED,N/A,61,68
1744609009,0,664,N/A,N/A,N/A,N/A,ENABLED,1746,500,2100,DISABLED,DISABLED,1731,500,2100,DISABLED,DISABLED,1752,500,2100,DISABLED,DISABLED,1750,500,2100,DISABLED,DISABLED,1755,500,2100,DISABLED,DISABLED,1750,500,2100,DISABLED,DISABLED,1736,500,2100,DISABLED,DISABLED,1739,500,2100,DISABLED,DISABLED,1397,900,1500,N/A,DISABLED,47,914,1680,N/A,ENABLED,47,914,1680,N/A,ENABLED,47,914,1680,N/A,ENABLED,47,914,1680,N/A,ENABLED,40,711,1400,N/A,ENABLED,40,711,1400,N/A,ENABLED,40,711,1400,N/A,ENABLED,40,711,1400,N/A,ENABLED,N/A,61,68
1744609010,0,659,N/A,N/A,N/A,N/A,ENABLED,1737,500,2100,DISABLED,DISABLED,1723,500,2100,DISABLED,DISABLED,1743,500,2100,DISABLED,DISABLED,1742,500,2100,DISABLED,DISABLED,1745,500,2100,DISABLED,DISABLED,1739,500,2100,DISABLED,DISABLED,1724,500,2100,DISABLED,DISABLED,1727,500,2100,DISABLED,DISABLED,1396,900,1500,N/A,DISABLED,47,914,1680,N/A,ENABLED,47,914,1680,N/A,ENABLED,47,914,1680,N/A,ENABLED,47,914,1680,N/A,ENABLED,40,711,1400,N/A,ENABLED,40,711,1400,N/A,ENABLED,40,711,1400,N/A,ENABLED,40,711,1400,N/A,ENABLED,N/A,62,68
1744609012,0,659,N/A,N/A,N/A,N/A,ENABLED,1747,500,2100,DISABLED,DISABLED,1732,500,2100,DISABLED,DISABLED,1753,500,2100,DISABLED,DISABLED,1752,500,2100,DISABLED,DISABLED,1755,500,2100,DISABLED,DISABLED,1750,500,2100,DISABLED,DISABLED,1736,500,2100,DISABLED,DISABLED,1738,500,2100,DISABLED,DISABLED,1400,900,1500,N/A,DISABLED,47,914,1680,N/A,ENABLED,47,914,1680,N/A,ENABLED,47,914,1680,N/A,ENABLED,47,914,1680,N/A,ENABLED,40,711,1400,N/A,ENABLED,40,711,1400,N/A,ENABLED,40,711,1400,N/A,ENABLED,40,711,1400,N/A,ENABLED,N/A,62,68
1744609013,0,666,N/A,N/A,N/A,N/A,ENABLED,1749,500,2100,DISABLED,DISABLED,1734,500,2100,DISABLED,DISABLED,1753,500,2100,DISABLED,DISABLED,1751,500,2100,DISABLED,DISABLED,1755,500,2100,DISABLED,DISABLED,1750,500,2100,DISABLED,DISABLED,1736,500,2100,DISABLED,DISABLED,1739,500,2100,DISABLED,DISABLED,1403,900,1500,N/A,DISABLED,47,914,1680,N/A,ENABLED,47,914,1680,N/A,ENABLED,47,914,1680,N/A,ENABLED,47,914,1680,N/A,ENABLED,40,711,1400,N/A,ENABLED,40,711,1400,N/A,ENABLED,40,711,1400,N/A,ENABLED,40,711,1400,N/A,ENABLED,N/A,62,68
1744609014,0,661,N/A,N/A,N/A,N/A,ENABLED,1759,500,2100,DISABLED,DISABLED,1745,500,2100,DISABLED,DISABLED,1763,500,2100,DISABLED,DISABLED,1762,500,2100,DISABLED,DISABLED,1766,500,2100,DISABLED,DISABLED,1761,500,2100,DISABLED,DISABLED,1749,500,2100,DISABLED,DISABLED,1750,500,2100,DISABLED,DISABLED,1407,900,1500,N/A,DISABLED,48,914,1680,N/A,ENABLED,48,914,1680,N/A,ENABLED,48,914,1680,N/A,ENABLED,48,914,1680,N/A,ENABLED,40,711,1400,N/A,ENABLED,40,711,1400,N/A,ENABLED,40,711,1400,N/A,ENABLED,40,711,1400,N/A,ENABLED,N/A,62,68
1744609015,0,659,N/A,N/A,N/A,N/A,ENABLED,1762,500,2100,DISABLED,DISABLED,1747,500,2100,DISABLED,DISABLED,1768,500,2100,DISABLED,DISABLED,1766,500,2100,DISABLED,DISABLED,1769,500,2100,DISABLED,DISABLED,1764,500,2100,DISABLED,DISABLED,1760,500,2100,DISABLED,DISABLED,1753,500,2100,DISABLED,DISABLED,1402,900,1500,N/A,DISABLED,47,914,1680,N/A,ENABLED,47,914,1680,N/A,ENABLED,47,914,1680,N/A,ENABLED,47,914,1680,N/A,ENABLED,40,711,1400,N/A,ENABLED,40,711,1400,N/A,ENABLED,40,711,1400,N/A,ENABLED,40,711,1400,N/A,ENABLED,N/A,62,68
1744609016,0,670,N/A,N/A,N/A,N/A,ENABLED,1754,500,2100,DISABLED,DISABLED,1740,500,2100,DISABLED,DISABLED,1758,500,2100,DISABLED,DISABLED,1756,500,2100,DISABLED,DISABLED,1762,500,2100,DISABLED,DISABLED,1758,500,2100,DISABLED,DISABLED,1747,500,2100,DISABLED,DISABLED,1750,500,2100,DISABLED,DISABLED,1401,900,1500,N/A,DISABLED,47,914,1680,N/A,ENABLED,47,914,1680,N/A,ENABLED,47,914,1680,N/A,ENABLED,47,914,1680,N/A,ENABLED,40,711,1400,N/A,ENABLED,40,711,1400,N/A,ENABLED,40,711,1400,N/A,ENABLED,40,711,1400,N/A,ENABLED,N/A,62,68
1744609017,0,656,N/A,N/A,N/A,N/A,ENABLED,1755,500,2100,DISABLED,DISABLED,1740,500,2100,DISABLED,DISABLED,1759,500,2100,DISABLED,DISABLED,1759,500,2100,DISABLED,DISABLED,1764,500,2100,DISABLED,DISABLED,1766,500,2100,DISABLED,DISABLED,1747,500,2100,DISABLED,DISABLED,1754,500,2100,DISABLED,DISABLED,1395,900,1500,N/A,DISABLED,47,914,1680,N/A,ENABLED,47,914,1680,N/A,ENABLED,47,914,1680,N/A,ENABLED,47,914,1680,N/A,ENABLED,40,711,1400,N/A,ENABLED,40,711,1400,N/A,ENABLED,40,711,1400,N/A,ENABLED,40,711,1400,N/A,ENABLED,N/A,62,68
1744609019,0,656,N/A,N/A,N/A,N/A,ENABLED,1760,500,2100,DISABLED,DISABLED,1746,500,2100,DISABLED,DISABLED,1765,500,2100,DISABLED,DISABLED,1764,500,2100,DISABLED,DISABLED,1769,500,2100,DISABLED,DISABLED,1768,500,2100,DISABLED,DISABLED,1751,500,2100,DISABLED,DISABLED,1754,500,2100,DISABLED,DISABLED,1395,900,1500,N/A,DISABLED,47,914,1680,N/A,ENABLED,47,914,1680,N/A,ENABLED,47,914,1680,N/A,ENABLED,47,914,1680,N/A,ENABLED,40,711,1400,N/A,ENABLED,40,711,1400,N/A,ENABLED,40,711,1400,N/A,ENABLED,40,711,1400,N/A,ENABLED,N/A,62,68
1744609020,0,666,N/A,N/A,N/A,N/A,ENABLED,1754,500,2100,DISABLED,DISABLED,1741,500,2100,DISABLED,DISABLED,1759,500,2100,DISABLED,DISABLED,1756,500,2100,DISABLED,DISABLED,1764,500,2100,DISABLED,DISABLED,1757,500,2100,DISABLED,DISABLED,1742,500,2100,DISABLED,DISABLED,1744,500,2100,DISABLED,DISABLED,1399,900,1500,N/A,DISABLED,47,914,1680,N/A,ENABLED,47,914,1680,N/A,ENABLED,47,914,1680,N/A,ENABLED,47,914,1680,N/A,ENABLED,40,711,1400,N/A,ENABLED,40,711,1400,N/A,ENABLED,40,711,1400,N/A,ENABLED,40,711,1400,N/A,ENABLED,N/A,62,69
1744609021,0,656,N/A,N/A,N/A,N/A,ENABLED,1757,500,2100,DISABLED,DISABLED,1742,500,2100,DISABLED,DISABLED,1749,500,2100,DISABLED,DISABLED,1748,500,2100,DISABLED,DISABLED,1753,500,2100,DISABLED,DISABLED,1749,500,2100,DISABLED,DISABLED,1734,500,2100,DISABLED,DISABLED,1737,500,2100,DISABLED,DISABLED,1397,900,1500,N/A,DISABLED,47,914,1680,N/A,ENABLED,47,914,1680,N/A,ENABLED,47,914,1680,N/A,ENABLED,47,914,1680,N/A,ENABLED,40,711,1400,N/A,ENABLED,40,711,1400,N/A,ENABLED,40,711,1400,N/A,ENABLED,40,711,1400,N/A,ENABLED,N/A,62,69
1744609022,0,670,N/A,N/A,N/A,N/A,ENABLED,1754,500,2100,DISABLED,DISABLED,1742,500,2100,DISABLED,DISABLED,1754,500,2100,DISABLED,DISABLED,1752,500,2100,DISABLED,DISABLED,1757,500,2100,DISABLED,DISABLED,1751,500,2100,DISABLED,DISABLED,1736,500,2100,DISABLED,DISABLED,1738,500,2100,DISABLED,DISABLED,1395,900,1500,N/A,DISABLED,47,914,1680,N/A,ENABLED,47,914,1680,N/A,ENABLED,47,914,1680,N/A,ENABLED,47,914,1680,N/A,ENABLED,40,711,1400,N/A,ENABLED,40,711,1400,N/A,ENABLED,40,711,1400,N/A,ENABLED,40,711,1400,N/A,ENABLED,N/A,62,70
1744609023,0,654,N/A,N/A,N/A,N/A,ENABLED,1729,500,2100,DISABLED,DISABLED,1716,500,2100,DISABLED,DISABLED,1747,500,2100,DISABLED,DISABLED,1733,500,2100,DISABLED,DISABLED,1751,500,2100,DISABLED,DISABLED,1733,500,2100,DISABLED,DISABLED,1718,500,2100,DISABLED,DISABLED,1720,500,2100,DISABLED,DISABLED,1393,900,1500,N/A,DISABLED,47,914,1680,N/A,ENABLED,47,914,1680,N/A,ENABLED,47,914,1680,N/A,ENABLED,47,914,1680,N/A,ENABLED,39,711,1400,N/A,ENABLED,39,711,1400,N/A,ENABLED,39,711,1400,N/A,ENABLED,39,711,1400,N/A,ENABLED,N/A,62,69
1744609025,0,660,N/A,N/A,N/A,N/A,ENABLED,1747,500,2100,DISABLED,DISABLED,1734,500,2100,DISABLED,DISABLED,1757,500,2100,DISABLED,DISABLED,1749,500,2100,DISABLED,DISABLED,1757,500,2100,DISABLED,DISABLED,1749,500,2100,DISABLED,DISABLED,1735,500,2100,DISABLED,DISABLED,1737,500,2100,DISABLED,DISABLED,1395,900,1500,N/A,DISABLED,47,914,1680,N/A,ENABLED,47,914,1680,N/A,ENABLED,47,914,1680,N/A,ENABLED,47,914,1680,N/A,ENABLED,40,711,1400,N/A,ENABLED,40,711,1400,N/A,ENABLED,40,711,1400,N/A,ENABLED,40,711,1400,N/A,ENABLED,N/A,62,69
1744609026,0,663,N/A,N/A,N/A,N/A,ENABLED,1762,500,2100,DISABLED,DISABLED,1749,500,2100,DISABLED,DISABLED,1767,500,2100,DISABLED,DISABLED,1766,500,2100,DISABLED,DISABLED,1769,500,2100,DISABLED,DISABLED,1764,500,2100,DISABLED,DISABLED,1751,500,2100,DISABLED,DISABLED,1753,500,2100,DISABLED,DISABLED,1401,900,1500,N/A,DISABLED,47,914,1680,N/A,ENABLED,47,914,1680,N/A,ENABLED,47,914,1680,N/A,ENABLED,47,914,1680,N/A,ENABLED,40,711,1400,N/A,ENABLED,40,711,1400,N/A,ENABLED,40,711,1400,N/A,ENABLED,40,711,1400,N/A,ENABLED,N/A,62,68
1744609027,0,660,N/A,N/A,N/A,N/A,ENABLED,1749,500,2100,DISABLED,DISABLED,1734,500,2100,DISABLED,DISABLED,1754,500,2100,DISABLED,DISABLED,1754,500,2100,DISABLED,DISABLED,1756,500,2100,DISABLED,DISABLED,1751,500,2100,DISABLED,DISABLED,1737,500,2100,DISABLED,DISABLED,1739,500,2100,DISABLED,DISABLED,1398,900,1500,N/A,DISABLED,47,914,1680,N/A,ENABLED,47,914,1680,N/A,ENABLED,47,914,1680,N/A,ENABLED,47,914,1680,N/A,ENABLED,40,711,1400,N/A,ENABLED,40,711,1400,N/A,ENABLED,40,711,1400,N/A,ENABLED,40,711,1400,N/A,ENABLED,N/A,62,69
1744609028,0,667,N/A,N/A,N/A,N/A,ENABLED,1759,500,2100,DISABLED,DISABLED,1745,500,2100,DISABLED,DISABLED,1763,500,2100,DISABLED,DISABLED,1763,500,2100,DISABLED,DISABLED,1766,500,2100,DISABLED,DISABLED,1762,500,2100,DISABLED,DISABLED,1747,500,2100,DISABLED,DISABLED,1750,500,2100,DISABLED,DISABLED,1401,900,1500,N/A,DISABLED,47,914,1680,N/A,ENABLED,47,914,1680,N/A,ENABLED,47,914,1680,N/A,ENABLED,47,914,1680,N/A,ENABLED,40,711,1400,N/A,ENABLED,40,711,1400,N/A,ENABLED,40,711,1400,N/A,ENABLED,40,711,1400,N/A,ENABLED,N/A,62,68
1744609029,0,648,N/A,N/A,N/A,N/A,ENABLED,1748,500,2100,DISABLED,DISABLED,1733,500,2100,DISABLED,DISABLED,1752,500,2100,DISABLED,DISABLED,1749,500,2100,DISABLED,DISABLED,1754,500,2100,DISABLED,DISABLED,1749,500,2100,DISABLED,DISABLED,1736,500,2100,DISABLED,DISABLED,1738,500,2100,DISABLED,DISABLED,1392,900,1500,N/A,DISABLED,47,914,1680,N/A,ENABLED,47,914,1680,N/A,ENABLED,47,914,1680,N/A,ENABLED,47,914,1680,N/A,ENABLED,39,711,1400,N/A,ENABLED,39,711,1400,N/A,ENABLED,39,711,1400,N/A,ENABLED,39,711,1400,N/A,ENABLED,N/A,62,68
1744609030,0,668,N/A,N/A,N/A,N/A,ENABLED,1755,500,2100,DISABLED,DISABLED,1741,500,2100,DISABLED,DISABLED,1760,500,2100,DISABLED,DISABLED,1759,500,2100,DISABLED,DISABLED,1761,500,2100,DISABLED,DISABLED,1758,500,2100,DISABLED,DISABLED,1744,500,2100,DISABLED,DISABLED,1745,500,2100,DISABLED,DISABLED,1400,900,1500,N/A,DISABLED,47,914,1680,N/A,ENABLED,47,914,1680,N/A,ENABLED,47,914,1680,N/A,ENABLED,47,914,1680,N/A,ENABLED,40,711,1400,N/A,ENABLED,40,711,1400,N/A,ENABLED,40,711,1400,N/A,ENABLED,40,711,1400,N/A,ENABLED,N/A,62,69
1744609032,0,664,N/A,N/A,N/A,N/A,ENABLED,1739,500,2100,DISABLED,DISABLED,1725,500,2100,DISABLED,DISABLED,1743,500,2100,DISABLED,DISABLED,1753,500,2100,DISABLED,DISABLED,1744,500,2100,DISABLED,DISABLED,1740,500,2100,DISABLED,DISABLED,1727,500,2100,DISABLED,DISABLED,1729,500,2100,DISABLED,DISABLED,1395,900,1500,N/A,DISABLED,47,914,1680,N/A,ENABLED,47,914,1680,N/A,ENABLED,47,914,1680,N/A,ENABLED,47,914,1680,N/A,ENABLED,40,711,1400,N/A,ENABLED,40,711,1400,N/A,ENABLED,40,711,1400,N/A,ENABLED,40,711,1400,N/A,ENABLED,N/A,62,69
1744609033,0,663,N/A,N/A,N/A,N/A,ENABLED,1741,500,2100,DISABLED,DISABLED,1727,500,2100,DISABLED,DISABLED,1745,500,2100,DISABLED,DISABLED,1749,500,2100,DISABLED,DISABLED,1748,500,2100,DISABLED,DISABLED,1742,500,2100,DISABLED,DISABLED,1730,500,2100,DISABLED,DISABLED,1731,500,2100,DISABLED,DISABLED,1396,900,1500,N/A,DISABLED,47,914,1680,N/A,ENABLED,47,914,1680,N/A,ENABLED,47,914,1680,N/A,ENABLED,47,914,1680,N/A,ENABLED,40,711,1400,N/A,ENABLED,40,711,1400,N/A,ENABLED,40,711,1400,N/A,ENABLED,40,711,1400,N/A,ENABLED,N/A,62,70
1744609034,0,672,N/A,N/A,N/A,N/A,ENABLED,1760,500,2100,DISABLED,DISABLED,1746,500,2100,DISABLED,DISABLED,1764,500,2100,DISABLED,DISABLED,1761,500,2100,DISABLED,DISABLED,1767,500,2100,DISABLED,DISABLED,1763,500,2100,DISABLED,DISABLED,1750,500,2100,DISABLED,DISABLED,1750,500,2100,DISABLED,DISABLED,1404,900,1500,N/A,DISABLED,47,914,1680,N/A,ENABLED,47,914,1680,N/A,ENABLED,47,914,1680,N/A,ENABLED,47,914,1680,N/A,ENABLED,40,711,1400,N/A,ENABLED,40,711,1400,N/A,ENABLED,40,711,1400,N/A,ENABLED,40,711,1400,N/A,ENABLED,N/A,62,69
1744609035,0,664,N/A,N/A,N/A,N/A,ENABLED,1747,500,2100,DISABLED,DISABLED,1734,500,2100,DISABLED,DISABLED,1753,500,2100,DISABLED,DISABLED,1751,500,2100,DISABLED,DISABLED,1755,500,2100,DISABLED,DISABLED,1750,500,2100,DISABLED,DISABLED,1737,500,2100,DISABLED,DISABLED,1738,500,2100,DISABLED,DISABLED,1401,900,1500,N/A,DISABLED,47,914,1680,N/A,ENABLED,47,914,1680,N/A,ENABLED,47,914,1680,N/A,ENABLED,47,914,1680,N/A,ENABLED,40,711,1400,N/A,ENABLED,40,711,1400,N/A,ENABLED,40,711,1400,N/A,ENABLED,40,711,1400,N/A,ENABLED,N/A,63,70
1744609036,0,664,N/A,N/A,N/A,N/A,ENABLED,1737,500,2100,DISABLED,DISABLED,1724,500,2100,DISABLED,DISABLED,1740,500,2100,DISABLED,DISABLED,1738,500,2100,DISABLED,DISABLED,1743,500,2100,DISABLED,DISABLED,1738,500,2100,DISABLED,DISABLED,1725,500,2100,DISABLED,DISABLED,1727,500,2100,DISABLED,DISABLED,1403,900,1500,N/A,DISABLED,47,914,1680,N/A,ENABLED,47,914,1680,N/A,ENABLED,47,914,1680,N/A,ENABLED,47,914,1680,N/A,ENABLED,40,711,1400,N/A,ENABLED,40,711,1400,N/A,ENABLED,40,711,1400,N/A,ENABLED,40,711,1400,N/A,ENABLED,N/A,63,69
1744609038,0,663,N/A,N/A,N/A,N/A,ENABLED,1738,500,2100,DISABLED,DISABLED,1724,500,2100,DISABLED,DISABLED,1741,500,2100,DISABLED,DISABLED,1740,500,2100,DISABLED,DISABLED,1744,500,2100,DISABLED,DISABLED,1740,500,2100,DISABLED,DISABLED,1727,500,2100,DISABLED,DISABLED,1728,500,2100,DISABLED,DISABLED,1396,900,1500,N/A,DISABLED,47,914,1680,N/A,ENABLED,47,914,1680,N/A,ENABLED,47,914,1680,N/A,ENABLED,47,914,1680,N/A,ENABLED,40,711,1400,N/A,ENABLED,40,711,1400,N/A,ENABLED,40,711,1400,N/A,ENABLED,40,711,1400,N/A,ENABLED,N/A,63,70
1744609039,0,667,N/A,N/A,N/A,N/A,ENABLED,1734,500,2100,DISABLED,DISABLED,1720,500,2100,DISABLED,DISABLED,1737,500,2100,DISABLED,DISABLED,1735,500,2100,DISABLED,DISABLED,1740,500,2100,DISABLED,DISABLED,1734,500,2100,DISABLED,DISABLED,1721,500,2100,DISABLED,DISABLED,1723,500,2100,DISABLED,DISABLED,1400,900,1500,N/A,DISABLED,47,914,1680,N/A,ENABLED,47,914,1680,N/A,ENABLED,47,914,1680,N/A,ENABLED,47,914,1680,N/A,ENABLED,40,711,1400,N/A,ENABLED,40,711,1400,N/A,ENABLED,40,711,1400,N/A,ENABLED,40,711,1400,N/A,ENABLED,N/A,63,70
1744609040,0,663,N/A,N/A,N/A,N/A,ENABLED,1745,500,2100,DISABLED,DISABLED,1731,500,2100,DISABLED,DISABLED,1749,500,2100,DISABLED,DISABLED,1748,500,2100,DISABLED,DISABLED,1752,500,2100,DISABLED,DISABLED,1746,500,2100,DISABLED,DISABLED,1732,500,2100,DISABLED,DISABLED,1734,500,2100,DISABLED,DISABLED,1399,900,1500,N/A,DISABLED,47,914,1680,N/A,ENABLED,47,914,1680,N/A,ENABLED,47,914,1680,N/A,ENABLED,47,914,1680,N/A,ENABLED,40,711,1400,N/A,ENABLED,40,711,1400,N/A,ENABLED,40,711,1400,N/A,ENABLED,40,711,1400,N/A,ENABLED,N/A,63,70
1744609041,0,656,N/A,N/A,N/A,N/A,ENABLED,1750,500,2100,DISABLED,DISABLED,1737,500,2100,DISABLED,DISABLED,1754,500,2100,DISABLED,DISABLED,1752,500,2100,DISABLED,DISABLED,1758,500,2100,DISABLED,DISABLED,1754,500,2100,DISABLED,DISABLED,1739,500,2100,DISABLED,DISABLED,1741,500,2100,DISABLED,DISABLED,1409,900,1500,N/A,DISABLED,48,914,1680,N/A,ENABLED,48,914,1680,N/A,ENABLED,48,914,1680,N/A,ENABLED,48,914,1680,N/A,ENABLED,40,711,1400,N/A,ENABLED,40,711,1400,N/A,ENABLED,40,711,1400,N/A,ENABLED,40,711,1400,N/A,ENABLED,N/A,63,69
1744609042,0,662,N/A,N/A,N/A,N/A,ENABLED,1739,500,2100,DISABLED,DISABLED,1725,500,2100,DISABLED,DISABLED,1742,500,2100,DISABLED,DISABLED,1741,500,2100,DISABLED,DISABLED,1747,500,2100,DISABLED,DISABLED,1742,500,2100,DISABLED,DISABLED,1728,500,2100,DISABLED,DISABLED,1729,500,2100,DISABLED,DISABLED,1390,900,1500,N/A,DISABLED,47,914,1680,N/A,ENABLED,47,914,1680,N/A,ENABLED,47,914,1680,N/A,ENABLED,47,914,1680,N/A,ENABLED,39,711,1400,N/A,ENABLED,39,711,1400,N/A,ENABLED,39,711,1400,N/A,ENABLED,39,711,1400,N/A,ENABLED,N/A,63,71
1744609043,0,652,N/A,N/A,N/A,N/A,ENABLED,1742,500,2100,DISABLED,DISABLED,1728,500,2100,DISABLED,DISABLED,1746,500,2100,DISABLED,DISABLED,1745,500,2100,DISABLED,DISABLED,1750,500,2100,DISABLED,DISABLED,1744,500,2100,DISABLED,DISABLED,1730,500,2100,DISABLED,DISABLED,1732,500,2100,DISABLED,DISABLED,1395,900,1500,N/A,DISABLED,47,914,1680,N/A,ENABLED,47,914,1680,N/A,ENABLED,47,914,1680,N/A,ENABLED,47,914,1680,N/A,ENABLED,40,711,1400,N/A,ENABLED,40,711,1400,N/A,ENABLED,40,711,1400,N/A,ENABLED,40,711,1400,N/A,ENABLED,N/A,63,70
1744609045,0,648,N/A,N/A,N/A,N/A,ENABLED,1745,500,2100,DISABLED,DISABLED,1730,500,2100,DISABLED,DISABLED,1748,500,2100,DISABLED,DISABLED,1747,500,2100,DISABLED,DISABLED,1753,500,2100,DISABLED,DISABLED,1747,500,2100,DISABLED,DISABLED,1732,500,2100,DISABLED,DISABLED,1734,500,2100,DISABLED,DISABLED,1396,900,1500,N/A,DISABLED,47,914,1680,N/A,ENABLED,47,914,1680,N/A,ENABLED,47,914,1680,N/A,ENABLED,47,914,1680,N/A,ENABLED,40,711,1400,N/A,ENABLED,40,711,1400,N/A,ENABLED,40,711,1400,N/A,ENABLED,40,711,1400,N/A,ENABLED,N/A,63,69
1744609046,0,677,N/A,N/A,N/A,N/A,ENABLED,1743,500,2100,DISABLED,DISABLED,1729,500,2100,DISABLED,DISABLED,1747,500,2100,DISABLED,DISABLED,1745,500,2100,DISABLED,DISABLED,1752,500,2100,DISABLED,DISABLED,1746,500,2100,DISABLED,DISABLED,1733,500,2100,DISABLED,DISABLED,1734,500,2100,DISABLED,DISABLED,1396,900,1500,N/A,DISABLED,47,914,1680,N/A,ENABLED,47,914,1680,N/A,ENABLED,47,914,1680,N/A,ENABLED,47,914,1680,N/A,ENABLED,40,711,1400,N/A,ENABLED,40,711,1400,N/A,ENABLED,40,711,1400,N/A,ENABLED,40,711,1400,N/A,ENABLED,N/A,64,72
1744609047,0,665,N/A,N/A,N/A,N/A,ENABLED,1747,500,2100,DISABLED,DISABLED,1733,500,2100,DISABLED,DISABLED,1751,500,2100,DISABLED,DISABLED,1750,500,2100,DISABLED,DISABLED,1756,500,2100,DISABLED,DISABLED,1750,500,2100,DISABLED,DISABLED,1736,500,2100,DISABLED,DISABLED,1738,500,2100,DISABLED,DISABLED,1395,900,1500,N/A,DISABLED,47,914,1680,N/A,ENABLED,47,914,1680,N/A,ENABLED,47,914,1680,N/A,ENABLED,47,914,1680,N/A,ENABLED,40,711,1400,N/A,ENABLED,40,711,1400,N/A,ENABLED,40,711,1400,N/A,ENABLED,40,711,1400,N/A,ENABLED,N/A,64,70
1744609048,0,672,N/A,N/A,N/A,N/A,ENABLED,1734,500,2100,DISABLED,DISABLED,1719,500,2100,DISABLED,DISABLED,1737,500,2100,DISABLED,DISABLED,1735,500,2100,DISABLED,DISABLED,1741,500,2100,DISABLED,DISABLED,1737,500,2100,DISABLED,DISABLED,1725,500,2100,DISABLED,DISABLED,1724,500,2100,DISABLED,DISABLED,1387,900,1500,N/A,DISABLED,46,914,1680,N/A,ENABLED,46,914,1680,N/A,ENABLED,46,914,1680,N/A,ENABLED,46,914,1680,N/A,ENABLED,39,711,1400,N/A,ENABLED,39,711,1400,N/A,ENABLED,39,711,1400,N/A,ENABLED,39,711,1400,N/A,ENABLED,N/A,64,72
1744609049,0,667,N/A,N/A,N/A,N/A,ENABLED,1734,500,2100,DISABLED,DISABLED,1721,500,2100,DISABLED,DISABLED,1739,500,2100,DISABLED,DISABLED,1738,500,2100,DISABLED,DISABLED,1743,500,2100,DISABLED,DISABLED,1737,500,2100,DISABLED,DISABLED,1734,500,2100,DISABLED,DISABLED,1731,500,2100,DISABLED,DISABLED,1395,900,1500,N/A,DISABLED,47,914,1680,N/A,ENABLED,47,914,1680,N/A,ENABLED,47,914,1680,N/A,ENABLED,47,914,1680,N/A,ENABLED,40,711,1400,N/A,ENABLED,40,711,1400,N/A,ENABLED,40,711,1400,N/A,ENABLED,40,711,1400,N/A,ENABLED,N/A,64,71
1744609050,0,659,N/A,N/A,N/A,N/A,ENABLED,1738,500,2100,DISABLED,DISABLED,1725,500,2100,DISABLED,DISABLED,1743,500,2100,DISABLED,DISABLED,1741,500,2100,DISABLED,DISABLED,1746,500,2100,DISABLED,DISABLED,1751,500,2100,DISABLED,DISABLED,1729,500,2100,DISABLED,DISABLED,1739,500,2100,DISABLED,DISABLED,1394,900,1500,N/A,DISABLED,47,914,1680,N/A,ENABLED,47,914,1680,N/A,ENABLED,47,914,1680,N/A,ENABLED,47,914,1680,N/A,ENABLED,40,711,1400,N/A,ENABLED,40,711,1400,N/A,ENABLED,40,711,1400,N/A,ENABLED,40,711,1400,N/A,ENABLED,N/A,64,71
1744609052,0,670,N/A,N/A,N/A,N/A,ENABLED,1749,500,2100,DISABLED,DISABLED,1735,500,2100,DISABLED,DISABLED,1753,500,2100,DISABLED,DISABLED,1751,500,2100,DISABLED,DISABLED,1757,500,2100,DISABLED,DISABLED,1757,500,2100,DISABLED,DISABLED,1736,500,2100,DISABLED,DISABLED,1738,500,2100,DISABLED,DISABLED,1396,900,1500,N/A,DISABLED,47,914,1680,N/A,ENABLED,47,914,1680,N/A,ENABLED,47,914,1680,N/A,ENABLED,47,914,1680,N/A,ENABLED,40,711,1400,N/A,ENABLED,40,711,1400,N/A,ENABLED,40,711,1400,N/A,ENABLED,40,711,1400,N/A,ENABLED,N/A,64,71
1744609053,0,667,N/A,N/A,N/A,N/A,ENABLED,1727,500,2100,DISABLED,DISABLED,1713,500,2100,DISABLED,DISABLED,1731,500,2100,DISABLED,DISABLED,1730,500,2100,DISABLED,DISABLED,1736,500,2100,DISABLED,DISABLED,1732,500,2100,DISABLED,DISABLED,1717,500,2100,DISABLED,DISABLED,1719,500,2100,DISABLED,DISABLED,1389,900,1500,N/A,DISABLED,47,914,1680,N/A,ENABLED,47,914,1680,N/A,ENABLED,47,914,1680,N/A,ENABLED,47,914,1680,N/A,ENABLED,39,711,1400,N/A,ENABLED,39,711,1400,N/A,ENABLED,39,711,1400,N/A,ENABLED,39,711,1400,N/A,ENABLED,N/A,64,72
1744609054,0,666,N/A,N/A,N/A,N/A,ENABLED,1740,500,2100,DISABLED,DISABLED,1726,500,2100,DISABLED,DISABLED,1739,500,2100,DISABLED,DISABLED,1737,500,2100,DISABLED,DISABLED,1743,500,2100,DISABLED,DISABLED,1738,500,2100,DISABLED,DISABLED,1723,500,2100,DISABLED,DISABLED,1726,500,2100,DISABLED,DISABLED,1389,900,1500,N/A,DISABLED,47,914,1680,N/A,ENABLED,47,914,1680,N/A,ENABLED,47,914,1680,N/A,ENABLED,47,914,1680,N/A,ENABLED,39,711,1400,N/A,ENABLED,39,711,1400,N/A,ENABLED,39,711,1400,N/A,ENABLED,39,711,1400,N/A,ENABLED,N/A,64,73
1744609055,0,657,N/A,N/A,N/A,N/A,ENABLED,1749,500,2100,DISABLED,DISABLED,1734,500,2100,DISABLED,DISABLED,1744,500,2100,DISABLED,DISABLED,1743,500,2100,DISABLED,DISABLED,1748,500,2100,DISABLED,DISABLED,1745,500,2100,DISABLED,DISABLED,1730,500,2100,DISABLED,DISABLED,1732,500,2100,DISABLED,DISABLED,1396,900,1500,N/A,DISABLED,47,914,1680,N/A,ENABLED,47,914,1680,N/A,ENABLED,47,914,1680,N/A,ENABLED,47,914,1680,N/A,ENABLED,40,711,1400,N/A,ENABLED,40,711,1400,N/A,ENABLED,40,711,1400,N/A,ENABLED,40,711,1400,N/A,ENABLED,N/A,65,72
1744609056,0,663,N/A,N/A,N/A,N/A,ENABLED,1729,500,2100,DISABLED,DISABLED,1715,500,2100,DISABLED,DISABLED,1733,500,2100,DISABLED,DISABLED,1728,500,2100,DISABLED,DISABLED,1737,500,2100,DISABLED,DISABLED,1731,500,2100,DISABLED,DISABLED,1715,500,2100,DISABLED,DISABLED,1717,500,2100,DISABLED,DISABLED,1387,900,1500,N/A,DISABLED,46,914,1680,N/A,ENABLED,46,914,1680,N/A,ENABLED,46,914,1680,N/A,ENABLED,46,914,1680,N/A,ENABLED,39,711,1400,N/A,ENABLED,39,711,1400,N/A,ENABLED,39,711,1400,N/A,ENABLED,39,711,1400,N/A,ENABLED,N/A,65,73
1744609057,0,664,N/A,N/A,N/A,N/A,ENABLED,1722,500,2100,DISABLED,DISABLED,1708,500,2100,DISABLED,DISABLED,1731,500,2100,DISABLED,DISABLED,1722,500,2100,DISABLED,DISABLED,1737,500,2100,DISABLED,DISABLED,1724,500,2100,DISABLED,DISABLED,1709,500,2100,DISABLED,DISABLED,1711,500,2100,DISABLED,DISABLED,1392,900,1500,N/A,DISABLED,47,914,1680,N/A,ENABLED,47,914,1680,N/A,ENABLED,47,914,1680,N/A,ENABLED,47,914,1680,N/A,ENABLED,39,711,1400,N/A,ENABLED,39,711,1400,N/A,ENABLED,39,711,1400,N/A,ENABLED,39,711,1400,N/A,ENABLED,N/A,65,73
1744609059,0,662,N/A,N/A,N/A,N/A,ENABLED,1737,500,2100,DISABLED,DISABLED,1724,500,2100,DISABLED,DISABLED,1742,500,2100,DISABLED,DISABLED,1738,500,2100,DISABLED,DISABLED,1747,500,2100,DISABLED,DISABLED,1740,500,2100,DISABLED,DISABLED,1726,500,2100,DISABLED,DISABLED,1726,500,2100,DISABLED,DISABLED,1394,900,1500,N/A,DISABLED,47,914,1680,N/A,ENABLED,47,914,1680,N/A,ENABLED,47,914,1680,N/A,ENABLED,47,914,1680,N/A,ENABLED,40,711,1400,N/A,ENABLED,40,711,1400,N/A,ENABLED,40,711,1400,N/A,ENABLED,40,711,1400,N/A,ENABLED,N/A,65,72
1744609060,0,662,N/A,N/A,N/A,N/A,ENABLED,1741,500,2100,DISABLED,DISABLED,1726,500,2100,DISABLED,DISABLED,1743,500,2100,DISABLED,DISABLED,1742,500,2100,DISABLED,DISABLED,1747,500,2100,DISABLED,DISABLED,1742,500,2100,DISABLED,DISABLED,1729,500,2100,DISABLED,DISABLED,1729,500,2100,DISABLED,DISABLED,1402,900,1500,N/A,DISABLED,47,914,1680,N/A,ENABLED,47,914,1680,N/A,ENABLED,47,914,1680,N/A,ENABLED,47,914,1680,N/A,ENABLED,40,711,1400,N/A,ENABLED,40,711,1400,N/A,ENABLED,40,711,1400,N/A,ENABLED,40,711,1400,N/A,ENABLED,N/A,65,72
1744609061,0,672,N/A,N/A,N/A,N/A,ENABLED,1743,500,2100,DISABLED,DISABLED,1729,500,2100,DISABLED,DISABLED,1746,500,2100,DISABLED,DISABLED,1744,500,2100,DISABLED,DISABLED,1749,500,2100,DISABLED,DISABLED,1744,500,2100,DISABLED,DISABLED,1730,500,2100,DISABLED,DISABLED,1731,500,2100,DISABLED,DISABLED,1403,900,1500,N/A,DISABLED,47,914,1680,N/A,ENABLED,47,914,1680,N/A,ENABLED,47,914,1680,N/A,ENABLED,47,914,1680,N/A,ENABLED,40,711,1400,N/A,ENABLED,40,711,1400,N/A,ENABLED,40,711,1400,N/A,ENABLED,40,711,1400,N/A,ENABLED,N/A,65,72
1744609062,0,657,N/A,N/A,N/A,N/A,ENABLED,1723,500,2100,DISABLED,DISABLED,1708,500,2100,DISABLED,DISABLED,1725,500,2100,DISABLED,DISABLED,1721,500,2100,DISABLED,DISABLED,1728,500,2100,DISABLED,DISABLED,1723,500,2100,DISABLED,DISABLED,1708,500,2100,DISABLED,DISABLED,1708,500,2100,DISABLED,DISABLED,1393,900,1500,N/A,DISABLED,47,914,1680,N/A,ENABLED,47,914,1680,N/A,ENABLED,47,914,1680,N/A,ENABLED,47,914,1680,N/A,ENABLED,39,711,1400,N/A,ENABLED,39,711,1400,N/A,ENABLED,39,711,1400,N/A,ENABLED,39,711,1400,N/A,ENABLED,N/A,65,72
1744609063,0,673,N/A,N/A,N/A,N/A,ENABLED,1739,500,2100,DISABLED,DISABLED,1725,500,2100,DISABLED,DISABLED,1743,500,2100,DISABLED,DISABLED,1743,500,2100,DISABLED,DISABLED,1748,500,2100,DISABLED,DISABLED,1743,500,2100,DISABLED,DISABLED,1727,500,2100,DISABLED,DISABLED,1729,500,2100,DISABLED,DISABLED,1397,900,1500,N/A,DISABLED,47,914,1680,N/A,ENABLED,47,914,1680,N/A,ENABLED,47,914,1680,N/A,ENABLED,47,914,1680,N/A,ENABLED,40,711,1400,N/A,ENABLED,40,711,1400,N/A,ENABLED,40,711,1400,N/A,ENABLED,40,711,1400,N/A,ENABLED,N/A,65,73
1744609065,0,666,N/A,N/A,N/A,N/A,ENABLED,1724,500,2100,DISABLED,DISABLED,1709,500,2100,DISABLED,DISABLED,1728,500,2100,DISABLED,DISABLED,1733,500,2100,DISABLED,DISABLED,1733,500,2100,DISABLED,DISABLED,1725,500,2100,DISABLED,DISABLED,1710,500,2100,DISABLED,DISABLED,1713,500,2100,DISABLED,DISABLED,1393,900,1500,N/A,DISABLED,47,914,1680,N/A,ENABLED,47,914,1680,N/A,ENABLED,47,914,1680,N/A,ENABLED,47,914,1680,N/A,ENABLED,39,711,1400,N/A,ENABLED,39,711,1400,N/A,ENABLED,39,711,1400,N/A,ENABLED,39,711,1400,N/A,ENABLED,N/A,65,74
1744609066,0,661,N/A,N/A,N/A,N/A,ENABLED,1724,500,2100,DISABLED,DISABLED,1710,500,2100,DISABLED,DISABLED,1727,500,2100,DISABLED,DISABLED,1730,500,2100,DISABLED,DISABLED,1732,500,2100,DISABLED,DISABLED,1726,500,2100,DISABLED,DISABLED,1710,500,2100,DISABLED,DISABLED,1712,500,2100,DISABLED,DISABLED,1394,900,1500,N/A,DISABLED,47,914,1680,N/A,ENABLED,47,914,1680,N/A,ENABLED,47,914,1680,N/A,ENABLED,47,914,1680,N/A,ENABLED,40,711,1400,N/A,ENABLED,40,711,1400,N/A,ENABLED,40,711,1400,N/A,ENABLED,40,711,1400,N/A,ENABLED,N/A,65,73
1744609067,0,671,N/A,N/A,N/A,N/A,ENABLED,1745,500,2100,DISABLED,DISABLED,1731,500,2100,DISABLED,DISABLED,1749,500,2100,DISABLED,DISABLED,1747,500,2100,DISABLED,DISABLED,1755,500,2100,DISABLED,DISABLED,1748,500,2100,DISABLED,DISABLED,1735,500,2100,DISABLED,DISABLED,1735,500,2100,DISABLED,DISABLED,1403,900,1500,N/A,DISABLED,47,914,1680,N/A,ENABLED,47,914,1680,N/A,ENABLED,47,914,1680,N/A,ENABLED,47,914,1680,N/A,ENABLED,40,711,1400,N/A,ENABLED,40,711,1400,N/A,ENABLED,40,711,1400,N/A,ENABLED,40,711,1400,N/A,ENABLED,N/A,66,73
1744609068,0,671,N/A,N/A,N/A,N/A,ENABLED,1732,500,2100,DISABLED,DISABLED,1717,500,2100,DISABLED,DISABLED,1736,500,2100,DISABLED,DISABLED,1734,500,2100,DISABLED,DISABLED,1741,500,2100,DISABLED,DISABLED,1735,500,2100,DISABLED,DISABLED,1721,500,2100,DISABLED,DISABLED,1721,500,2100,DISABLED,DISABLED,1395,900,1500,N/A,DISABLED,47,914,1680,N/A,ENABLED,47,914,1680,N/A,ENABLED,47,914,1680,N/A,ENABLED,47,914,1680,N/A,ENABLED,40,711,1400,N/A,ENABLED,40,711,1400,N/A,ENABLED,40,711,1400,N/A,ENABLED,40,711,1400,N/A,ENABLED,N/A,66,73
1744609069,0,667,N/A,N/A,N/A,N/A,ENABLED,1733,500,2100,DISABLED,DISABLED,1719,500,2100,DISABLED,DISABLED,1736,500,2100,DISABLED,DISABLED,1734,500,2100,DISABLED,DISABLED,1741,500,2100,DISABLED,DISABLED,1735,500,2100,DISABLED,DISABLED,1719,500,2100,DISABLED,DISABLED,1721,500,2100,DISABLED,DISABLED,1389,900,1500,N/A,DISABLED,47,914,1680,N/A,ENABLED,47,914,1680,N/A,ENABLED,47,914,1680,N/A,ENABLED,47,914,1680,N/A,ENABLED,39,711,1400,N/A,ENABLED,39,711,1400,N/A,ENABLED,39,711,1400,N/A,ENABLED,39,711,1400,N/A,ENABLED,N/A,66,73
1744609070,0,675,N/A,N/A,N/A,N/A,ENABLED,1735,500,2100,DISABLED,DISABLED,1720,500,2100,DISABLED,DISABLED,1738,500,2100,DISABLED,DISABLED,1736,500,2100,DISABLED,DISABLED,1743,500,2100,DISABLED,DISABLED,1737,500,2100,DISABLED,DISABLED,1723,500,2100,DISABLED,DISABLED,1724,500,2100,DISABLED,DISABLED,1394,900,1500,N/A,DISABLED,47,914,1680,N/A,ENABLED,47,914,1680,N/A,ENABLED,47,914,1680,N/A,ENABLED,47,914,1680,N/A,ENABLED,40,711,1400,N/A,ENABLED,40,711,1400,N/A,ENABLED,40,711,1400,N/A,ENABLED,40,711,1400,N/A,ENABLED,N/A,66,73
1744609072,0,671,N/A,N/A,N/A,N/A,ENABLED,1731,500,2100,DISABLED,DISABLED,1717,500,2100,DISABLED,DISABLED,1735,500,2100,DISABLED,DISABLED,1732,500,2100,DISABLED,DISABLED,1739,500,2100,DISABLED,DISABLED,1733,500,2100,DISABLED,DISABLED,1720,500,2100,DISABLED,DISABLED,1721,500,2100,DISABLED,DISABLED,1393,900,1500,N/A,DISABLED,47,914,1680,N/A,ENABLED,47,914,1680,N/A,ENABLED,47,914,1680,N/A,ENABLED,47,914,1680,N/A,ENABLED,40,711,1400,N/A,ENABLED,40,711,1400,N/A,ENABLED,40,711,1400,N/A,ENABLED,40,711,1400,N/A,ENABLED,N/A,66,73
1744609073,0,675,N/A,N/A,N/A,N/A,ENABLED,1728,500,2100,DISABLED,DISABLED,1715,500,2100,DISABLED,DISABLED,1732,500,2100,DISABLED,DISABLED,1730,500,2100,DISABLED,DISABLED,1736,500,2100,DISABLED,DISABLED,1731,500,2100,DISABLED,DISABLED,1717,500,2100,DISABLED,DISABLED,1718,500,2100,DISABLED,DISABLED,1396,900,1500,N/A,DISABLED,47,914,1680,N/A,ENABLED,47,914,1680,N/A,ENABLED,47,914,1680,N/A,ENABLED,47,914,1680,N/A,ENABLED,40,711,1400,N/A,ENABLED,40,711,1400,N/A,ENABLED,40,711,1400,N/A,ENABLED,40,711,1400,N/A,ENABLED,N/A,66,73
1744609074,0,673,N/A,N/A,N/A,N/A,ENABLED,1728,500,2100,DISABLED,DISABLED,1714,500,2100,DISABLED,DISABLED,1732,500,2100,DISABLED,DISABLED,1729,500,2100,DISABLED,DISABLED,1735,500,2100,DISABLED,DISABLED,1729,500,2100,DISABLED,DISABLED,1716,500,2100,DISABLED,DISABLED,1717,500,2100,DISABLED,DISABLED,1391,900,1500,N/A,DISABLED,47,914,1680,N/A,ENABLED,47,914,1680,N/A,ENABLED,47,914,1680,N/A,ENABLED,47,914,1680,N/A,ENABLED,39,711,1400,N/A,ENABLED,39,711,1400,N/A,ENABLED,39,711,1400,N/A,ENABLED,39,711,1400,N/A,ENABLED,N/A,66,73
1744609075,0,668,N/A,N/A,N/A,N/A,ENABLED,1720,500,2100,DISABLED,DISABLED,1706,500,2100,DISABLED,DISABLED,1723,500,2100,DISABLED,DISABLED,1721,500,2100,DISABLED,DISABLED,1728,500,2100,DISABLED,DISABLED,1722,500,2100,DISABLED,DISABLED,1708,500,2100,DISABLED,DISABLED,1710,500,2100,DISABLED,DISABLED,1392,900,1500,N/A,DISABLED,47,914,1680,N/A,ENABLED,47,914,1680,N/A,ENABLED,47,914,1680,N/A,ENABLED,47,914,1680,N/A,ENABLED,39,711,1400,N/A,ENABLED,39,711,1400,N/A,ENABLED,39,711,1400,N/A,ENABLED,39,711,1400,N/A,ENABLED,N/A,66,73
1744609076,0,658,N/A,N/A,N/A,N/A,ENABLED,1737,500,2100,DISABLED,DISABLED,1723,500,2100,DISABLED,DISABLED,1741,500,2100,DISABLED,DISABLED,1739,500,2100,DISABLED,DISABLED,1745,500,2100,DISABLED,DISABLED,1739,500,2100,DISABLED,DISABLED,1724,500,2100,DISABLED,DISABLED,1725,500,2100,DISABLED,DISABLED,1395,900,1500,N/A,DISABLED,47,914,1680,N/A,ENABLED,47,914,1680,N/A,ENABLED,47,914,1680,N/A,ENABLED,47,914,1680,N/A,ENABLED,40,711,1400,N/A,ENABLED,40,711,1400,N/A,ENABLED,40,711,1400,N/A,ENABLED,40,711,1400,N/A,ENABLED,N/A,66,73
1744609078,0,671,N/A,N/A,N/A,N/A,ENABLED,1725,500,2100,DISABLED,DISABLED,1711,500,2100,DISABLED,DISABLED,1729,500,2100,DISABLED,DISABLED,1726,500,2100,DISABLED,DISABLED,1734,500,2100,DISABLED,DISABLED,1729,500,2100,DISABLED,DISABLED,1713,500,2100,DISABLED,DISABLED,1714,500,2100,DISABLED,DISABLED,1394,900,1500,N/A,DISABLED,47,914,1680,N/A,ENABLED,47,914,1680,N/A,ENABLED,47,914,1680,N/A,ENABLED,47,914,1680,N/A,ENABLED,40,711,1400,N/A,ENABLED,40,711,1400,N/A,ENABLED,40,711,1400,N/A,ENABLED,40,711,1400,N/A,ENABLED,N/A,66,74
1744609079,0,672,N/A,N/A,N/A,N/A,ENABLED,1719,500,2100,DISABLED,DISABLED,1704,500,2100,DISABLED,DISABLED,1723,500,2100,DISABLED,DISABLED,1720,500,2100,DISABLED,DISABLED,1728,500,2100,DISABLED,DISABLED,1722,500,2100,DISABLED,DISABLED,1708,500,2100,DISABLED,DISABLED,1708,500,2100,DISABLED,DISABLED,1392,900,1500,N/A,DISABLED,47,914,1680,N/A,ENABLED,47,914,1680,N/A,ENABLED,47,914,1680,N/A,ENABLED,47,914,1680,N/A,ENABLED,39,711,1400,N/A,ENABLED,39,711,1400,N/A,ENABLED,39,711,1400,N/A,ENABLED,39,711,1400,N/A,ENABLED,N/A,66,73
1744609080,0,671,N/A,N/A,N/A,N/A,ENABLED,1733,500,2100,DISABLED,DISABLED,1719,500,2100,DISABLED,DISABLED,1737,500,2100,DISABLED,DISABLED,1735,500,2100,DISABLED,DISABLED,1742,500,2100,DISABLED,DISABLED,1738,500,2100,DISABLED,DISABLED,1722,500,2100,DISABLED,DISABLED,1722,500,2100,DISABLED,DISABLED,1395,900,1500,N/A,DISABLED,47,914,1680,N/A,ENABLED,47,914,1680,N/A,ENABLED,47,914,1680,N/A,ENABLED,47,914,1680,N/A,ENABLED,40,711,1400,N/A,ENABLED,40,711,1400,N/A,ENABLED,40,711,1400,N/A,ENABLED,40,711,1400,N/A,ENABLED,N/A,66,74
1744609081,0,667,N/A,N/A,N/A,N/A,ENABLED,1723,500,2100,DISABLED,DISABLED,1709,500,2100,DISABLED,DISABLED,1727,500,2100,DISABLED,DISABLED,1726,500,2100,DISABLED,DISABLED,1732,500,2100,DISABLED,DISABLED,1725,500,2100,DISABLED,DISABLED,1710,500,2100,DISABLED,DISABLED,1711,500,2100,DISABLED,DISABLED,1388,900,1500,N/A,DISABLED,47,914,1680,N/A,ENABLED,46,914,1680,N/A,ENABLED,46,914,1680,N/A,ENABLED,46,914,1680,N/A,ENABLED,39,711,1400,N/A,ENABLED,39,711,1400,N/A,ENABLED,39,711,1400,N/A,ENABLED,39,711,1400,N/A,ENABLED,N/A,66,74
1744609082,0,664,N/A,N/A,N/A,N/A,ENABLED,1735,500,2100,DISABLED,DISABLED,1722,500,2100,DISABLED,DISABLED,1738,500,2100,DISABLED,DISABLED,1735,500,2100,DISABLED,DISABLED,1744,500,2100,DISABLED,DISABLED,1737,500,2100,DISABLED,DISABLED,1730,500,2100,DISABLED,DISABLED,1724,500,2100,DISABLED,DISABLED,1397,900,1500,N/A,DISABLED,47,914,1680,N/A,ENABLED,47,914,1680,N/A,ENABLED,47,914,1680,N/A,ENABLED,47,914,1680,N/A,ENABLED,40,711,1400,N/A,ENABLED,40,711,1400,N/A,ENABLED,40,711,1400,N/A,ENABLED,40,711,1400,N/A,ENABLED,N/A,66,73
1744609083,0,665,N/A,N/A,N/A,N/A,ENABLED,1727,500,2100,DISABLED,DISABLED,1712,500,2100,DISABLED,DISABLED,1730,500,2100,DISABLED,DISABLED,1729,500,2100,DISABLED,DISABLED,1736,500,2100,DISABLED,DISABLED,1732,500,2100,DISABLED,DISABLED,1723,500,2100,DISABLED,DISABLED,1725,500,2100,DISABLED,DISABLED,1397,900,1500,N/A,DISABLED,47,914,1680,N/A,ENABLED,47,914,1680,N/A,ENABLED,47,914,1680,N/A,ENABLED,47,914,1680,N/A,ENABLED,40,711,1400,N/A,ENABLED,40,711,1400,N/A,ENABLED,40,711,1400,N/A,ENABLED,40,711,1400,N/A,ENABLED,N/A,67,73
1744609085,0,668,N/A,N/A,N/A,N/A,ENABLED,1735,500,2100,DISABLED,DISABLED,1721,500,2100,DISABLED,DISABLED,1738,500,2100,DISABLED,DISABLED,1736,500,2100,DISABLED,DISABLED,1743,500,2100,DISABLED,DISABLED,1748,500,2100,DISABLED,DISABLED,1722,500,2100,DISABLED,DISABLED,1728,500,2100,DISABLED,DISABLED,1397,900,1500,N/A,DISABLED,47,914,1680,N/A,ENABLED,47,914,1680,N/A,ENABLED,47,914,1680,N/A,ENABLED,47,914,1680,N/A,ENABLED,40,711,1400,N/A,ENABLED,40,711,1400,N/A,ENABLED,40,711,1400,N/A,ENABLED,40,711,1400,N/A,ENABLED,N/A,67,73
1744609086,0,662,N/A,N/A,N/A,N/A,ENABLED,1724,500,2100,DISABLED,DISABLED,1710,500,2100,DISABLED,DISABLED,1728,500,2100,DISABLED,DISABLED,1726,500,2100,DISABLED,DISABLED,1732,500,2100,DISABLED,DISABLED,1729,500,2100,DISABLED,DISABLED,1715,500,2100,DISABLED,DISABLED,1714,500,2100,DISABLED,DISABLED,1388,900,1500,N/A,DISABLED,46,914,1680,N/A,ENABLED,46,914,1680,N/A,ENABLED,46,914,1680,N/A,ENABLED,46,914,1680,N/A,ENABLED,39,711,1400,N/A,ENABLED,39,711,1400,N/A,ENABLED,39,711,1400,N/A,ENABLED,39,711,1400,N/A,ENABLED,N/A,67,73
1744609087,0,667,N/A,N/A,N/A,N/A,ENABLED,1730,500,2100,DISABLED,DISABLED,1716,500,2100,DISABLED,DISABLED,1734,500,2100,DISABLED,DISABLED,1732,500,2100,DISABLED,DISABLED,1739,500,2100,DISABLED,DISABLED,1734,500,2100,DISABLED,DISABLED,1719,500,2100,DISABLED,DISABLED,1720,500,2100,DISABLED,DISABLED,1394,900,1500,N/A,DISABLED,47,914,1680,N/A,ENABLED,47,914,1680,N/A,ENABLED,47,914,1680,N/A,ENABLED,47,914,1680,N/A,ENABLED,40,711,1400,N/A,ENABLED,40,711,1400,N/A,ENABLED,40,711,1400,N/A,ENABLED,40,711,1400,N/A,ENABLED,N/A,67,74
1744609088,0,668,N/A,N/A,N/A,N/A,ENABLED,1734,500,2100,DISABLED,DISABLED,1720,500,2100,DISABLED,DISABLED,1727,500,2100,DISABLED,DISABLED,1723,500,2100,DISABLED,DISABLED,1732,500,2100,DISABLED,DISABLED,1723,500,2100,DISABLED,DISABLED,1708,500,2100,DISABLED,DISABLED,1709,500,2100,DISABLED,DISABLED,1398,900,1500,N/A,DISABLED,47,914,1680,N/A,ENABLED,47,914,1680,N/A,ENABLED,47,914,1680,N/A,ENABLED,47,914,1680,N/A,ENABLED,40,711,1400,N/A,ENABLED,40,711,1400,N/A,ENABLED,40,711,1400,N/A,ENABLED,40,711,1400,N/A,ENABLED,N/A,67,74
1744609089,0,660,N/A,N/A,N/A,N/A,ENABLED,1722,500,2100,DISABLED,DISABLED,1710,500,2100,DISABLED,DISABLED,1726,500,2100,DISABLED,DISABLED,1724,500,2100,DISABLED,DISABLED,1734,500,2100,DISABLED,DISABLED,1724,500,2100,DISABLED,DISABLED,1709,500,2100,DISABLED,DISABLED,1709,500,2100,DISABLED,DISABLED,1393,900,1500,N/A,DISABLED,47,914,1680,N/A,ENABLED,47,914,1680,N/A,ENABLED,47,914,1680,N/A,ENABLED,47,914,1680,N/A,ENABLED,39,711,1400,N/A,ENABLED,39,711,1400,N/A,ENABLED,39,711,1400,N/A,ENABLED,39,711,1400,N/A,ENABLED,N/A,67,75
1744609090,0,663,N/A,N/A,N/A,N/A,ENABLED,1724,500,2100,DISABLED,DISABLED,1710,500,2100,DISABLED,DISABLED,1735,500,2100,DISABLED,DISABLED,1723,500,2100,DISABLED,DISABLED,1741,500,2100,DISABLED,DISABLED,1725,500,2100,DISABLED,DISABLED,1712,500,2100,DISABLED,DISABLED,1712,500,2100,DISABLED,DISABLED,1395,900,1500,N/A,DISABLED,47,914,1680,N/A,ENABLED,47,914,1680,N/A,ENABLED,47,914,1680,N/A,ENABLED,47,914,1680,N/A,ENABLED,40,711,1400,N/A,ENABLED,40,711,1400,N/A,ENABLED,40,711,1400,N/A,ENABLED,40,711,1400,N/A,ENABLED,N/A,67,74
1744609092,0,661,N/A,N/A,N/A,N/A,ENABLED,1735,500,2100,DISABLED,DISABLED,1720,500,2100,DISABLED,DISABLED,1737,500,2100,DISABLED,DISABLED,1734,500,2100,DISABLED,DISABLED,1743,500,2100,DISABLED,DISABLED,1736,500,2100,DISABLED,DISABLED,1722,500,2100,DISABLED,DISABLED,1723,500,2100,DISABLED,DISABLED,1396,900,1500,N/A,DISABLED,47,914,1680,N/A,ENABLED,47,914,1680,N/A,ENABLED,47,914,1680,N/A,ENABLED,47,914,1680,N/A,ENABLED,40,711,1400,N/A,ENABLED,40,711,1400,N/A,ENABLED,40,711,1400,N/A,ENABLED,40,711,1400,N/A,ENABLED,N/A,67,73
1744609093,0,655,N/A,N/A,N/A,N/A,ENABLED,1743,500,2100,DISABLED,DISABLED,1729,500,2100,DISABLED,DISABLED,1747,500,2100,DISABLED,DISABLED,1743,500,2100,DISABLED,DISABLED,1752,500,2100,DISABLED,DISABLED,1745,500,2100,DISABLED,DISABLED,1731,500,2100,DISABLED,DISABLED,1732,500,2100,DISABLED,DISABLED,1395,900,1500,N/A,DISABLED,47,914,1680,N/A,ENABLED,47,914,1680,N/A,ENABLED,47,914,1680,N/A,ENABLED,47,914,1680,N/A,ENABLED,40,711,1400,N/A,ENABLED,40,711,1400,N/A,ENABLED,40,711,1400,N/A,ENABLED,40,711,1400,N/A,ENABLED,N/A,67,73
1744609094,0,667,N/A,N/A,N/A,N/A,ENABLED,1731,500,2100,DISABLED,DISABLED,1717,500,2100,DISABLED,DISABLED,1735,500,2100,DISABLED,DISABLED,1735,500,2100,DISABLED,DISABLED,1741,500,2100,DISABLED,DISABLED,1734,500,2100,DISABLED,DISABLED,1720,500,2100,DISABLED,DISABLED,1720,500,2100,DISABLED,DISABLED,1399,900,1500,N/A,DISABLED,47,914,1680,N/A,ENABLED,47,914,1680,N/A,ENABLED,47,914,1680,N/A,ENABLED,47,914,1680,N/A,ENABLED,40,711,1400,N/A,ENABLED,40,711,1400,N/A,ENABLED,40,711,1400,N/A,ENABLED,40,711,1400,N/A,ENABLED,N/A,67,74
1744609095,0,671,N/A,N/A,N/A,N/A,ENABLED,1724,500,2100,DISABLED,DISABLED,1709,500,2100,DISABLED,DISABLED,1728,500,2100,DISABLED,DISABLED,1728,500,2100,DISABLED,DISABLED,1733,500,2100,DISABLED,DISABLED,1727,500,2100,DISABLED,DISABLED,1712,500,2100,DISABLED,DISABLED,1712,500,2100,DISABLED,DISABLED,1390,900,1500,N/A,DISABLED,47,914,1680,N/A,ENABLED,47,914,1680,N/A,ENABLED,47,914,1680,N/A,ENABLED,47,914,1680,N/A,ENABLED,39,711,1400,N/A,ENABLED,39,711,1400,N/A,ENABLED,39,711,1400,N/A,ENABLED,39,711,1400,N/A,ENABLED,N/A,67,74
1744609096,0,672,N/A,N/A,N/A,N/A,ENABLED,1730,500,2100,DISABLED,DISABLED,1714,500,2100,DISABLED,DISABLED,1732,500,2100,DISABLED,DISABLED,1732,500,2100,DISABLED,DISABLED,1737,500,2100,DISABLED,DISABLED,1731,500,2100,DISABLED,DISABLED,1717,500,2100,DISABLED,DISABLED,1717,500,2100,DISABLED,DISABLED,1389,900,1500,N/A,DISABLED,47,914,1680,N/A,ENABLED,47,914,1680,N/A,ENABLED,47,914,1680,N/A,ENABLED,47,914,1680,N/A,ENABLED,39,711,1400,N/A,ENABLED,39,711,1400,N/A,ENABLED,39,711,1400,N/A,ENABLED,39,711,1400,N/A,ENABLED,N/A,67,74
1744609098,0,677,N/A,N/A,N/A,N/A,ENABLED,1726,500,2100,DISABLED,DISABLED,1711,500,2100,DISABLED,DISABLED,1730,500,2100,DISABLED,DISABLED,1736,500,2100,DISABLED,DISABLED,1736,500,2100,DISABLED,DISABLED,1730,500,2100,DISABLED,DISABLED,1715,500,2100,DISABLED,DISABLED,1715,500,2100,DISABLED,DISABLED,1395,900,1500,N/A,DISABLED,47,914,1680,N/A,ENABLED,47,914,1680,N/A,ENABLED,47,914,1680,N/A,ENABLED,47,914,1680,N/A,ENABLED,40,711,1400,N/A,ENABLED,40,711,1400,N/A,ENABLED,40,711,1400,N/A,ENABLED,40,711,1400,N/A,ENABLED,N/A,67,74
1744609099,0,667,N/A,N/A,N/A,N/A,ENABLED,1729,500,2100,DISABLED,DISABLED,1715,500,2100,DISABLED,DISABLED,1733,500,2100,DISABLED,DISABLED,1740,500,2100,DISABLED,DISABLED,1739,500,2100,DISABLED,DISABLED,1732,500,2100,DISABLED,DISABLED,1716,500,2100,DISABLED,DISABLED,1717,500,2100,DISABLED,DISABLED,1390,900,1500,N/A,DISABLED,47,914,1680,N/A,ENABLED,47,914,1680,N/A,ENABLED,47,914,1680,N/A,ENABLED,47,914,1680,N/A,ENABLED,39,711,1400,N/A,ENABLED,39,711,1400,N/A,ENABLED,39,711,1400,N/A,ENABLED,39,711,1400,N/A,ENABLED,N/A,67,75
1744609100,0,670,N/A,N/A,N/A,N/A,ENABLED,1723,500,2100,DISABLED,DISABLED,1709,500,2100,DISABLED,DISABLED,1729,500,2100,DISABLED,DISABLED,1728,500,2100,DISABLED,DISABLED,1734,500,2100,DISABLED,DISABLED,1726,500,2100,DISABLED,DISABLED,1712,500,2100,DISABLED,DISABLED,1712,500,2100,DISABLED,DISABLED,1389,900,1500,N/A,DISABLED,47,914,1680,N/A,ENABLED,47,914,1680,N/A,ENABLED,47,914,1680,N/A,ENABLED,47,914,1680,N/A,ENABLED,39,711,1400,N/A,ENABLED,39,711,1400,N/A,ENABLED,39,711,1400,N/A,ENABLED,39,711,1400,N/A,ENABLED,N/A,67,74
1744609101,0,673,N/A,N/A,N/A,N/A,ENABLED,1730,500,2100,DISABLED,DISABLED,1715,500,2100,DISABLED,DISABLED,1733,500,2100,DISABLED,DISABLED,1731,500,2100,DISABLED,DISABLED,1739,500,2100,DISABLED,DISABLED,1732,500,2100,DISABLED,DISABLED,1719,500,2100,DISABLED,DISABLED,1719,500,2100,DISABLED,DISABLED,1390,900,1500,N/A,DISABLED,47,914,1680,N/A,ENABLED,47,914,1680,N/A,ENABLED,47,914,1680,N/A,ENABLED,47,914,1680,N/A,ENABLED,39,711,1400,N/A,ENABLED,39,711,1400,N/A,ENABLED,39,711,1400,N/A,ENABLED,39,711,1400,N/A,ENABLED,N/A,67,74
1744609102,0,665,N/A,N/A,N/A,N/A,ENABLED,1723,500,2100,DISABLED,DISABLED,1707,500,2100,DISABLED,DISABLED,1726,500,2100,DISABLED,DISABLED,1725,500,2100,DISABLED,DISABLED,1731,500,2100,DISABLED,DISABLED,1723,500,2100,DISABLED,DISABLED,1710,500,2100,DISABLED,DISABLED,1711,500,2100,DISABLED,DISABLED,1388,900,1500,N/A,DISABLED,46,914,1680,N/A,ENABLED,46,914,1680,N/A,ENABLED,46,914,1680,N/A,ENABLED,46,914,1680,N/A,ENABLED,39,711,1400,N/A,ENABLED,39,711,1400,N/A,ENABLED,39,711,1400,N/A,ENABLED,39,711,1400,N/A,ENABLED,N/A,67,75
1744609103,0,663,N/A,N/A,N/A,N/A,ENABLED,1722,500,2100,DISABLED,DISABLED,1708,500,2100,DISABLED,DISABLED,1726,500,2100,DISABLED,DISABLED,1725,500,2100,DISABLED,DISABLED,1732,500,2100,DISABLED,DISABLED,1725,500,2100,DISABLED,DISABLED,1711,500,2100,DISABLED,DISABLED,1710,500,2100,DISABLED,DISABLED,1384,900,1500,N/A,DISABLED,46,914,1680,N/A,ENABLED,46,914,1680,N/A,ENABLED,46,914,1680,N/A,ENABLED,46,914,1680,N/A,ENABLED,39,711,1400,N/A,ENABLED,39,711,1400,N/A,ENABLED,39,711,1400,N/A,ENABLED,39,711,1400,N/A,ENABLED,N/A,67,75
1744609105,0,665,N/A,N/A,N/A,N/A,ENABLED,1725,500,2100,DISABLED,DISABLED,1710,500,2100,DISABLED,DISABLED,1728,500,2100,DISABLED,DISABLED,1727,500,2100,DISABLED,DISABLED,1732,500,2100,DISABLED,DISABLED,1726,500,2100,DISABLED,DISABLED,1712,500,2100,DISABLED,DISABLED,1713,500,2100,DISABLED,DISABLED,1387,900,1500,N/A,DISABLED,46,914,1680,N/A,ENABLED,46,914,1680,N/A,ENABLED,46,914,1680,N/A,ENABLED,46,914,1680,N/A,ENABLED,39,711,1400,N/A,ENABLED,39,711,1400,N/A,ENABLED,39,711,1400,N/A,ENABLED,39,711,1400,N/A,ENABLED,N/A,68,75
1744609106,0,674,N/A,N/A,N/A,N/A,ENABLED,1720,500,2100,DISABLED,DISABLED,1704,500,2100,DISABLED,DISABLED,1724,500,2100,DISABLED,DISABLED,1721,500,2100,DISABLED,DISABLED,1728,500,2100,DISABLED,DISABLED,1722,500,2100,DISABLED,DISABLED,1708,500,2100,DISABLED,DISABLED,1708,500,2100,DISABLED,DISABLED,1387,900,1500,N/A,DISABLED,47,914,1680,N/A,ENABLED,47,914,1680,N/A,ENABLED,47,914,1680,N/A,ENABLED,47,914,1680,N/A,ENABLED,39,711,1400,N/A,ENABLED,39,711,1400,N/A,ENABLED,39,711,1400,N/A,ENABLED,39,711,1400,N/A,ENABLED,N/A,68,75
1744609107,0,671,N/A,N/A,N/A,N/A,ENABLED,1734,500,2100,DISABLED,DISABLED,1719,500,2100,DISABLED,DISABLED,1737,500,2100,DISABLED,DISABLED,1734,500,2100,DISABLED,DISABLED,1742,500,2100,DISABLED,DISABLED,1736,500,2100,DISABLED,DISABLED,1723,500,2100,DISABLED,DISABLED,1722,500,2100,DISABLED,DISABLED,1395,900,1500,N/A,DISABLED,47,914,1680,N/A,ENABLED,47,914,1680,N/A,ENABLED,47,914,1680,N/A,ENABLED,47,914,1680,N/A,ENABLED,40,711,1400,N/A,ENABLED,40,711,1400,N/A,ENABLED,40,711,1400,N/A,ENABLED,40,711,1400,N/A,ENABLED,N/A,68,74
1744609108,0,673,N/A,N/A,N/A,N/A,ENABLED,1723,500,2100,DISABLED,DISABLED,1709,500,2100,DISABLED,DISABLED,1727,500,2100,DISABLED,DISABLED,1723,500,2100,DISABLED,DISABLED,1732,500,2100,DISABLED,DISABLED,1726,500,2100,DISABLED,DISABLED,1712,500,2100,DISABLED,DISABLED,1713,500,2100,DISABLED,DISABLED,1397,900,1500,N/A,DISABLED,47,914,1680,N/A,ENABLED,47,914,1680,N/A,ENABLED,47,914,1680,N/A,ENABLED,47,914,1680,N/A,ENABLED,40,711,1400,N/A,ENABLED,40,711,1400,N/A,ENABLED,40,711,1400,N/A,ENABLED,40,711,1400,N/A,ENABLED,N/A,68,75
1744609109,0,673,N/A,N/A,N/A,N/A,ENABLED,1721,500,2100,DISABLED,DISABLED,1706,500,2100,DISABLED,DISABLED,1725,500,2100,DISABLED,DISABLED,1721,500,2100,DISABLED,DISABLED,1729,500,2100,DISABLED,DISABLED,1724,500,2100,DISABLED,DISABLED,1709,500,2100,DISABLED,DISABLED,1709,500,2100,DISABLED,DISABLED,1387,900,1500,N/A,DISABLED,46,914,1680,N/A,ENABLED,46,914,1680,N/A,ENABLED,46,914,1680,N/A,ENABLED,46,914,1680,N/A,ENABLED,39,711,1400,N/A,ENABLED,39,711,1400,N/A,ENABLED,39,711,1400,N/A,ENABLED,39,711,1400,N/A,ENABLED,N/A,68,76
1744609110,0,663,N/A,N/A,N/A,N/A,ENABLED,1717,500,2100,DISABLED,DISABLED,1702,500,2100,DISABLED,DISABLED,1721,500,2100,DISABLED,DISABLED,1719,500,2100,DISABLED,DISABLED,1725,500,2100,DISABLED,DISABLED,1719,500,2100,DISABLED,DISABLED,1705,500,2100,DISABLED,DISABLED,1705,500,2100,DISABLED,DISABLED,1389,900,1500,N/A,DISABLED,47,914,1680,N/A,ENABLED,47,914,1680,N/A,ENABLED,47,914,1680,N/A,ENABLED,47,914,1680,N/A,ENABLED,39,711,1400,N/A,ENABLED,39,711,1400,N/A,ENABLED,39,711,1400,N/A,ENABLED,39,711,1400,N/A,ENABLED,N/A,68,75
1744609112,0,661,N/A,N/A,N/A,N/A,ENABLED,1722,500,2100,DISABLED,DISABLED,1708,500,2100,DISABLED,DISABLED,1726,500,2100,DISABLED,DISABLED,1724,500,2100,DISABLED,DISABLED,1731,500,2100,DISABLED,DISABLED,1725,500,2100,DISABLED,DISABLED,1710,500,2100,DISABLED,DISABLED,1711,500,2100,DISABLED,DISABLED,1395,900,1500,N/A,DISABLED,47,914,1680,N/A,ENABLED,47,914,1680,N/A,ENABLED,47,914,1680,N/A,ENABLED,47,914,1680,N/A,ENABLED,40,711,1400,N/A,ENABLED,40,711,1400,N/A,ENABLED,40,711,1400,N/A,ENABLED,40,711,1400,N/A,ENABLED,N/A,68,74
1744609113,0,669,N/A,N/A,N/A,N/A,ENABLED,1723,500,2100,DISABLED,DISABLED,1708,500,2100,DISABLED,DISABLED,1727,500,2100,DISABLED,DISABLED,1725,500,2100,DISABLED,DISABLED,1731,500,2100,DISABLED,DISABLED,1726,500,2100,DISABLED,DISABLED,1711,500,2100,DISABLED,DISABLED,1710,500,2100,DISABLED,DISABLED,1392,900,1500,N/A,DISABLED,47,914,1680,N/A,ENABLED,47,914,1680,N/A,ENABLED,47,914,1680,N/A,ENABLED,47,914,1680,N/A,ENABLED,39,711,1400,N/A,ENABLED,39,711,1400,N/A,ENABLED,39,711,1400,N/A,ENABLED,39,711,1400,N/A,ENABLED,N/A,68,75
1744609114,0,668,N/A,N/A,N/A,N/A,ENABLED,1717,500,2100,DISABLED,DISABLED,1702,500,2100,DISABLED,DISABLED,1721,500,2100,DISABLED,DISABLED,1719,500,2100,DISABLED,DISABLED,1726,500,2100,DISABLED,DISABLED,1720,500,2100,DISABLED,DISABLED,1705,500,2100,DISABLED,DISABLED,1706,500,2100,DISABLED,DISABLED,1393,900,1500,N/A,DISABLED,47,914,1680,N/A,ENABLED,47,914,1680,N/A,ENABLED,47,914,1680,N/A,ENABLED,47,914,1680,N/A,ENABLED,39,711,1400,N/A,ENABLED,39,711,1400,N/A,ENABLED,39,711,1400,N/A,ENABLED,39,711,1400,N/A,ENABLED,N/A,68,75
1744609115,0,667,N/A,N/A,N/A,N/A,ENABLED,1723,500,2100,DISABLED,DISABLED,1707,500,2100,DISABLED,DISABLED,1727,500,2100,DISABLED,DISABLED,1726,500,2100,DISABLED,DISABLED,1732,500,2100,DISABLED,DISABLED,1726,500,2100,DISABLED,DISABLED,1715,500,2100,DISABLED,DISABLED,1712,500,2100,DISABLED,DISABLED,1393,900,1500,N/A,DISABLED,47,914,1680,N/A,ENABLED,47,914,1680,N/A,ENABLED,47,914,1680,N/A,ENABLED,47,914,1680,N/A,ENABLED,40,711,1400,N/A,ENABLED,40,711,1400,N/A,ENABLED,40,711,1400,N/A,ENABLED,40,711,1400,N/A,ENABLED,N/A,68,75
1744609116,0,677,N/A,N/A,N/A,N/A,ENABLED,1719,500,2100,DISABLED,DISABLED,1703,500,2100,DISABLED,DISABLED,1723,500,2100,DISABLED,DISABLED,1720,500,2100,DISABLED,DISABLED,1729,500,2100,DISABLED,DISABLED,1723,500,2100,DISABLED,DISABLED,1713,500,2100,DISABLED,DISABLED,1716,500,2100,DISABLED,DISABLED,1398,900,1500,N/A,DISABLED,47,914,1680,N/A,ENABLED,47,914,1680,N/A,ENABLED,47,914,1680,N/A,ENABLED,47,914,1680,N/A,ENABLED,40,711,1400,N/A,ENABLED,40,711,1400,N/A,ENABLED,40,711,1400,N/A,ENABLED,40,711,1400,N/A,ENABLED,N/A,68,76
1744609118,0,675,N/A,N/A,N/A,N/A,ENABLED,1713,500,2100,DISABLED,DISABLED,1699,500,2100,DISABLED,DISABLED,1717,500,2100,DISABLED,DISABLED,1713,500,2100,DISABLED,DISABLED,1723,500,2100,DISABLED,DISABLED,1729,500,2100,DISABLED,DISABLED,1699,500,2100,DISABLED,DISABLED,1709,500,2100,DISABLED,DISABLED,1389,900,1500,N/A,DISABLED,47,914,1680,N/A,ENABLED,47,914,1680,N/A,ENABLED,47,914,1680,N/A,ENABLED,47,914,1680,N/A,ENABLED,39,711,1400,N/A,ENABLED,39,711,1400,N/A,ENABLED,39,711,1400,N/A,ENABLED,39,711,1400,N/A,ENABLED,N/A,68,76
1744609119,0,668,N/A,N/A,N/A,N/A,ENABLED,1703,500,2100,DISABLED,DISABLED,1688,500,2100,DISABLED,DISABLED,1707,500,2100,DISABLED,DISABLED,1704,500,2100,DISABLED,DISABLED,1713,500,2100,DISABLED,DISABLED,1715,500,2100,DISABLED,DISABLED,1688,500,2100,DISABLED,DISABLED,1688,500,2100,DISABLED,DISABLED,1386,900,1500,N/A,DISABLED,46,914,1680,N/A,ENABLED,46,914,1680,N/A,ENABLED,46,914,1680,N/A,ENABLED,46,914,1680,N/A,ENABLED,39,711,1400,N/A,ENABLED,39,711,1400,N/A,ENABLED,39,711,1400,N/A,ENABLED,39,711,1400,N/A,ENABLED,N/A,68,76
1744609120,0,664,N/A,N/A,N/A,N/A,ENABLED,1714,500,2100,DISABLED,DISABLED,1699,500,2100,DISABLED,DISABLED,1717,500,2100,DISABLED,DISABLED,1716,500,2100,DISABLED,DISABLED,1723,500,2100,DISABLED,DISABLED,1720,500,2100,DISABLED,DISABLED,1705,500,2100,DISABLED,DISABLED,1705,500,2100,DISABLED,DISABLED,1386,900,1500,N/A,DISABLED,46,914,1680,N/A,ENABLED,46,914,1680,N/A,ENABLED,46,914,1680,N/A,ENABLED,46,914,1680,N/A,ENABLED,39,711,1400,N/A,ENABLED,39,711,1400,N/A,ENABLED,39,711,1400,N/A,ENABLED,39,711,1400,N/A,ENABLED,N/A,68,76
1744609121,0,668,N/A,N/A,N/A,N/A,ENABLED,1721,500,2100,DISABLED,DISABLED,1704,500,2100,DISABLED,DISABLED,1719,500,2100,DISABLED,DISABLED,1718,500,2100,DISABLED,DISABLED,1725,500,2100,DISABLED,DISABLED,1720,500,2100,DISABLED,DISABLED,1705,500,2100,DISABLED,DISABLED,1705,500,2100,DISABLED,DISABLED,1388,900,1500,N/A,DISABLED,46,914,1680,N/A,ENABLED,46,914,1680,N/A,ENABLED,46,914,1680,N/A,ENABLED,46,914,1680,N/A,ENABLED,39,711,1400,N/A,ENABLED,39,711,1400,N/A,ENABLED,39,711,1400,N/A,ENABLED,39,711,1400,N/A,ENABLED,N/A,68,75
1744609122,0,666,N/A,N/A,N/A,N/A,ENABLED,1751,500,2100,DISABLED,DISABLED,1736,500,2100,DISABLED,DISABLED,1744,500,2100,DISABLED,DISABLED,1743,500,2100,DISABLED,DISABLED,1750,500,2100,DISABLED,DISABLED,1745,500,2100,DISABLED,DISABLED,1730,500,2100,DISABLED,DISABLED,1731,500,2100,DISABLED,DISABLED,1397,900,1500,N/A,DISABLED,47,914,1680,N/A,ENABLED,47,914,1680,N/A,ENABLED,47,914,1680,N/A,ENABLED,47,914,1680,N/A,ENABLED,40,711,1400,N/A,ENABLED,40,711,1400,N/A,ENABLED,40,711,1400,N/A,ENABLED,40,711,1400,N/A,ENABLED,N/A,68,75
1744609123,0,671,N/A,N/A,N/A,N/A,ENABLED,1730,500,2100,DISABLED,DISABLED,1715,500,2100,DISABLED,DISABLED,1743,500,2100,DISABLED,DISABLED,1733,500,2100,DISABLED,DISABLED,1749,500,2100,DISABLED,DISABLED,1733,500,2100,DISABLED,DISABLED,1719,500,2100,DISABLED,DISABLED,1719,500,2100,DISABLED,DISABLED,1389,900,1500,N/A,DISABLED,47,914,1680,N/A,ENABLED,47,914,1680,N/A,ENABLED,47,914,1680,N/A,ENABLED,47,914,1680,N/A,ENABLED,39,711,1400,N/A,ENABLED,39,711,1400,N/A,ENABLED,39,711,1400,N/A,ENABLED,39,711,1400,N/A,ENABLED,N/A,68,75
1744609125,0,667,N/A,N/A,N/A,N/A,ENABLED,1718,500,2100,DISABLED,DISABLED,1703,500,2100,DISABLED,DISABLED,1730,500,2100,DISABLED,DISABLED,1719,500,2100,DISABLED,DISABLED,1732,500,2100,DISABLED,DISABLED,1720,500,2100,DISABLED,DISABLED,1706,500,2100,DISABLED,DISABLED,1706,500,2100,DISABLED,DISABLED,1386,900,1500,N/A,DISABLED,46,914,1680,N/A,ENABLED,46,914,1680,N/A,ENABLED,46,914,1680,N/A,ENABLED,46,914,1680,N/A,ENABLED,39,711,1400,N/A,ENABLED,39,711,1400,N/A,ENABLED,39,711,1400,N/A,ENABLED,39,711,1400,N/A,ENABLED,N/A,68,76
1744609126,0,676,N/A,N/A,N/A,N/A,ENABLED,1715,500,2100,DISABLED,DISABLED,1700,500,2100,DISABLED,DISABLED,1720,500,2100,DISABLED,DISABLED,1720,500,2100,DISABLED,DISABLED,1725,500,2100,DISABLED,DISABLED,1719,500,2100,DISABLED,DISABLED,1704,500,2100,DISABLED,DISABLED,1704,500,2100,DISABLED,DISABLED,1392,900,1500,N/A,DISABLED,47,914,1680,N/A,ENABLED,47,914,1680,N/A,ENABLED,47,914,1680,N/A,ENABLED,47,914,1680,N/A,ENABLED,39,711,1400,N/A,ENABLED,39,711,1400,N/A,ENABLED,39,711,1400,N/A,ENABLED,39,711,1400,N/A,ENABLED,N/A,68,75
1744609127,0,664,N/A,N/A,N/A,N/A,ENABLED,1696,500,2100,DISABLED,DISABLED,1680,500,2100,DISABLED,DISABLED,1699,500,2100,DISABLED,DISABLED,1695,500,2100,DISABLED,DISABLED,1704,500,2100,DISABLED,DISABLED,1697,500,2100,DISABLED,DISABLED,1682,500,2100,DISABLED,DISABLED,1683,500,2100,DISABLED,DISABLED,1384,900,1500,N/A,DISABLED,46,914,1680,N/A,ENABLED,46,914,1680,N/A,ENABLED,46,914,1680,N/A,ENABLED,46,914,1680,N/A,ENABLED,39,711,1400,N/A,ENABLED,39,711,1400,N/A,ENABLED,39,711,1400,N/A,ENABLED,39,711,1400,N/A,ENABLED,N/A,68,76
1744609128,0,672,N/A,N/A,N/A,N/A,ENABLED,1717,500,2100,DISABLED,DISABLED,1702,500,2100,DISABLED,DISABLED,1721,500,2100,DISABLED,DISABLED,1721,500,2100,DISABLED,DISABLED,1726,500,2100,DISABLED,DISABLED,1720,500,2100,DISABLED,DISABLED,1706,500,2100,DISABLED,DISABLED,1705,500,2100,DISABLED,DISABLED,1386,900,1500,N/A,DISABLED,46,914,1680,N/A,ENABLED,46,914,1680,N/A,ENABLED,46,914,1680,N/A,ENABLED,46,914,1680,N/A,ENABLED,39,711,1400,N/A,ENABLED,39,711,1400,N/A,ENABLED,39,711,1400,N/A,ENABLED,39,711,1400,N/A,ENABLED,N/A,68,76
1744609129,0,669,N/A,N/A,N/A,N/A,ENABLED,1714,500,2100,DISABLED,DISABLED,1699,500,2100,DISABLED,DISABLED,1719,500,2100,DISABLED,DISABLED,1715,500,2100,DISABLED,DISABLED,1724,500,2100,DISABLED,DISABLED,1717,500,2100,DISABLED,DISABLED,1702,500,2100,DISABLED,DISABLED,1702,500,2100,DISABLED,DISABLED,1385,900,1500,N/A,DISABLED,46,914,1680,N/A,ENABLED,46,914,1680,N/A,ENABLED,46,914,1680,N/A,ENABLED,46,914,1680,N/A,ENABLED,39,711,1400,N/A,ENABLED,39,711,1400,N/A,ENABLED,39,711,1400,N/A,ENABLED,39,711,1400,N/A,ENABLED,N/A,68,76
1744609130,0,673,N/A,N/A,N/A,N/A,ENABLED,1717,500,2100,DISABLED,DISABLED,1700,500,2100,DISABLED,DISABLED,1721,500,2100,DISABLED,DISABLED,1720,500,2100,DISABLED,DISABLED,1726,500,2100,DISABLED,DISABLED,1720,500,2100,DISABLED,DISABLED,1705,500,2100,DISABLED,DISABLED,1705,500,2100,DISABLED,DISABLED,1391,900,1500,N/A,DISABLED,47,914,1680,N/A,ENABLED,47,914,1680,N/A,ENABLED,47,914,1680,N/A,ENABLED,47,914,1680,N/A,ENABLED,39,711,1400,N/A,ENABLED,39,711,1400,N/A,ENABLED,39,711,1400,N/A,ENABLED,39,711,1400,N/A,ENABLED,N/A,68,76
1744609132,0,672,N/A,N/A,N/A,N/A,ENABLED,1711,500,2100,DISABLED,DISABLED,1695,500,2100,DISABLED,DISABLED,1714,500,2100,DISABLED,DISABLED,1720,500,2100,DISABLED,DISABLED,1720,500,2100,DISABLED,DISABLED,1714,500,2100,DISABLED,DISABLED,1700,500,2100,DISABLED,DISABLED,1699,500,2100,DISABLED,DISABLED,1390,900,1500,N/A,DISABLED,47,914,1680,N/A,ENABLED,47,914,1680,N/A,ENABLED,46,914,1680,N/A,ENABLED,47,914,1680,N/A,ENABLED,39,711,1400,N/A,ENABLED,39,711,1400,N/A,ENABLED,39,711,1400,N/A,ENABLED,39,711,1400,N/A,ENABLED,N/A,68,75
1744609133,0,669,N/A,N/A,N/A,N/A,ENABLED,1713,500,2100,DISABLED,DISABLED,1697,500,2100,DISABLED,DISABLED,1717,500,2100,DISABLED,DISABLED,1719,500,2100,DISABLED,DISABLED,1721,500,2100,DISABLED,DISABLED,1714,500,2100,DISABLED,DISABLED,1700,500,2100,DISABLED,DISABLED,1700,500,2100,DISABLED,DISABLED,1389,900,1500,N/A,DISABLED,47,914,1680,N/A,ENABLED,47,914,1680,N/A,ENABLED,47,914,1680,N/A,ENABLED,47,914,1680,N/A,ENABLED,39,711,1400,N/A,ENABLED,39,711,1400,N/A,ENABLED,39,711,1400,N/A,ENABLED,39,711,1400,N/A,ENABLED,N/A,68,76
1744609134,0,666,N/A,N/A,N/A,N/A,ENABLED,1715,500,2100,DISABLED,DISABLED,1700,500,2100,DISABLED,DISABLED,1719,500,2100,DISABLED,DISABLED,1717,500,2100,DISABLED,DISABLED,1723,500,2100,DISABLED,DISABLED,1717,500,2100,DISABLED,DISABLED,1703,500,2100,DISABLED,DISABLED,1703,500,2100,DISABLED,DISABLED,1391,900,1500,N/A,DISABLED,47,914,1680,N/A,ENABLED,47,914,1680,N/A,ENABLED,47,914,1680,N/A,ENABLED,47,914,1680,N/A,ENABLED,39,711,1400,N/A,ENABLED,39,711,1400,N/A,ENABLED,39,711,1400,N/A,ENABLED,39,711,1400,N/A,ENABLED,N/A,68,76
1744609135,0,658,N/A,N/A,N/A,N/A,ENABLED,1715,500,2100,DISABLED,DISABLED,1700,500,2100,DISABLED,DISABLED,1719,500,2100,DISABLED,DISABLED,1717,500,2100,DISABLED,DISABLED,1724,500,2100,DISABLED,DISABLED,1717,500,2100,DISABLED,DISABLED,1703,500,2100,DISABLED,DISABLED,1704,500,2100,DISABLED,DISABLED,1392,900,1500,N/A,DISABLED,47,914,1680,N/A,ENABLED,47,914,1680,N/A,ENABLED,47,914,1680,N/A,ENABLED,47,914,1680,N/A,ENABLED,39,711,1400,N/A,ENABLED,39,711,1400,N/A,ENABLED,39,711,1400,N/A,ENABLED,39,711,1400,N/A,ENABLED,N/A,68,76
1744609136,0,664,N/A,N/A,N/A,N/A,ENABLED,1716,500,2100,DISABLED,DISABLED,1701,500,2100,DISABLED,DISABLED,1720,500,2100,DISABLED,DISABLED,1718,500,2100,DISABLED,DISABLED,1726,500,2100,DISABLED,DISABLED,1718,500,2100,DISABLED,DISABLED,1704,500,2100,DISABLED,DISABLED,1703,500,2100,DISABLED,DISABLED,1391,900,1500,N/A,DISABLED,47,914,1680,N/A,ENABLED,47,914,1680,N/A,ENABLED,47,914,1680,N/A,ENABLED,47,914,1680,N/A,ENABLED,39,711,1400,N/A,ENABLED,39,711,1400,N/A,ENABLED,39,711,1400,N/A,ENABLED,39,711,1400,N/A,ENABLED,N/A,68,76
1744609138,0,671,N/A,N/A,N/A,N/A,ENABLED,1728,500,2100,DISABLED,DISABLED,1711,500,2100,DISABLED,DISABLED,1731,500,2100,DISABLED,DISABLED,1730,500,2100,DISABLED,DISABLED,1736,500,2100,DISABLED,DISABLED,1730,500,2100,DISABLED,DISABLED,1716,500,2100,DISABLED,DISABLED,1717,500,2100,DISABLED,DISABLED,1398,900,1500,N/A,DISABLED,47,914,1680,N/A,ENABLED,47,914,1680,N/A,ENABLED,47,914,1680,N/A,ENABLED,47,914,1680,N/A,ENABLED,40,711,1400,N/A,ENABLED,40,711,1400,N/A,ENABLED,40,711,1400,N/A,ENABLED,40,711,1400,N/A,ENABLED,N/A,69,76
1744609139,0,671,N/A,N/A,N/A,N/A,ENABLED,1721,500,2100,DISABLED,DISABLED,1706,500,2100,DISABLED,DISABLED,1725,500,2100,DISABLED,DISABLED,1724,500,2100,DISABLED,DISABLED,1730,500,2100,DISABLED,DISABLED,1724,500,2100,DISABLED,DISABLED,1709,500,2100,DISABLED,DISABLED,1709,500,2100,DISABLED,DISABLED,1393,900,1500,N/A,DISABLED,47,914,1680,N/A,ENABLED,47,914,1680,N/A,ENABLED,47,914,1680,N/A,ENABLED,47,914,1680,N/A,ENABLED,39,711,1400,N/A,ENABLED,39,711,1400,N/A,ENABLED,39,711,1400,N/A,ENABLED,39,711,1400,N/A,ENABLED,N/A,69,76
1744609140,0,660,N/A,N/A,N/A,N/A,ENABLED,1740,500,2100,DISABLED,DISABLED,1724,500,2100,DISABLED,DISABLED,1743,500,2100,DISABLED,DISABLED,1741,500,2100,DISABLED,DISABLED,1748,500,2100,DISABLED,DISABLED,1742,500,2100,DISABLED,DISABLED,1729,500,2100,DISABLED,DISABLED,1730,500,2100,DISABLED,DISABLED,1402,900,1500,N/A,DISABLED,47,914,1680,N/A,ENABLED,47,914,1680,N/A,ENABLED,47,914,1680,N/A,ENABLED,47,914,1680,N/A,ENABLED,40,711,1400,N/A,ENABLED,40,711,1400,N/A,ENABLED,40,711,1400,N/A,ENABLED,40,711,1400,N/A,ENABLED,N/A,69,75
1744609141,0,668,N/A,N/A,N/A,N/A,ENABLED,1724,500,2100,DISABLED,DISABLED,1709,500,2100,DISABLED,DISABLED,1727,500,2100,DISABLED,DISABLED,1726,500,2100,DISABLED,DISABLED,1732,500,2100,DISABLED,DISABLED,1725,500,2100,DISABLED,DISABLED,1712,500,2100,DISABLED,DISABLED,1712,500,2100,DISABLED,DISABLED,1399,900,1500,N/A,DISABLED,47,914,1680,N/A,ENABLED,47,914,1680,N/A,ENABLED,47,914,1680,N/A,ENABLED,47,914,1680,N/A,ENABLED,40,711,1400,N/A,ENABLED,40,711,1400,N/A,ENABLED,40,711,1400,N/A,ENABLED,40,711,1400,N/A,ENABLED,N/A,69,75
1744609142,0,674,N/A,N/A,N/A,N/A,ENABLED,1718,500,2100,DISABLED,DISABLED,1701,500,2100,DISABLED,DISABLED,1721,500,2100,DISABLED,DISABLED,1719,500,2100,DISABLED,DISABLED,1727,500,2100,DISABLED,DISABLED,1721,500,2100,DISABLED,DISABLED,1706,500,2100,DISABLED,DISABLED,1706,500,2100,DISABLED,DISABLED,1400,900,1500,N/A,DISABLED,47,914,1680,N/A,ENABLED,47,914,1680,N/A,ENABLED,47,914,1680,N/A,ENABLED,47,914,1680,N/A,ENABLED,40,711,1400,N/A,ENABLED,40,711,1400,N/A,ENABLED,40,711,1400,N/A,ENABLED,40,711,1400,N/A,ENABLED,N/A,69,76
1744609143,0,674,N/A,N/A,N/A,N/A,ENABLED,1698,500,2100,DISABLED,DISABLED,1681,500,2100,DISABLED,DISABLED,1701,500,2100,DISABLED,DISABLED,1698,500,2100,DISABLED,DISABLED,1707,500,2100,DISABLED,DISABLED,1700,500,2100,DISABLED,DISABLED,1686,500,2100,DISABLED,DISABLED,1686,500,2100,DISABLED,DISABLED,1388,900,1500,N/A,DISABLED,46,914,1680,N/A,ENABLED,46,914,1680,N/A,ENABLED,46,914,1680,N/A,ENABLED,46,914,1680,N/A,ENABLED,39,711,1400,N/A,ENABLED,39,711,1400,N/A,ENABLED,39,711,1400,N/A,ENABLED,39,711,1400,N/A,ENABLED,N/A,69,77
1744609145,0,673,N/A,N/A,N/A,N/A,ENABLED,1723,500,2100,DISABLED,DISABLED,1706,500,2100,DISABLED,DISABLED,1725,500,2100,DISABLED,DISABLED,1723,500,2100,DISABLED,DISABLED,1731,500,2100,DISABLED,DISABLED,1724,500,2100,DISABLED,DISABLED,1710,500,2100,DISABLED,DISABLED,1710,500,2100,DISABLED,DISABLED,1394,900,1500,N/A,DISABLED,47,914,1680,N/A,ENABLED,47,914,1680,N/A,ENABLED,47,914,1680,N/A,ENABLED,47,914,1680,N/A,ENABLED,40,711,1400,N/A,ENABLED,40,711,1400,N/A,ENABLED,40,711,1400,N/A,ENABLED,40,711,1400,N/A,ENABLED,N/A,69,76
1744609146,0,676,N/A,N/A,N/A,N/A,ENABLED,1712,500,2100,DISABLED,DISABLED,1697,500,2100,DISABLED,DISABLED,1715,500,2100,DISABLED,DISABLED,1712,500,2100,DISABLED,DISABLED,1720,500,2100,DISABLED,DISABLED,1714,500,2100,DISABLED,DISABLED,1700,500,2100,DISABLED,DISABLED,1700,500,2100,DISABLED,DISABLED,1389,900,1500,N/A,DISABLED,47,914,1680,N/A,ENABLED,47,914,1680,N/A,ENABLED,47,914,1680,N/A,ENABLED,47,914,1680,N/A,ENABLED,39,711,1400,N/A,ENABLED,39,711,1400,N/A,ENABLED,39,711,1400,N/A,ENABLED,39,711,1400,N/A,ENABLED,N/A,69,76
1744609147,0,665,N/A,N/A,N/A,N/A,ENABLED,1719,500,2100,DISABLED,DISABLED,1703,500,2100,DISABLED,DISABLED,1722,500,2100,DISABLED,DISABLED,1720,500,2100,DISABLED,DISABLED,1727,500,2100,DISABLED,DISABLED,1721,500,2100,DISABLED,DISABLED,1706,500,2100,DISABLED,DISABLED,1706,500,2100,DISABLED,DISABLED,1389,900,1500,N/A,DISABLED,47,914,1680,N/A,ENABLED,47,914,1680,N/A,ENABLED,47,914,1680,N/A,ENABLED,47,914,1680,N/A,ENABLED,39,711,1400,N/A,ENABLED,39,711,1400,N/A,ENABLED,39,711,1400,N/A,ENABLED,39,711,1400,N/A,ENABLED,N/A,69,75
1744609148,0,665,N/A,N/A,N/A,N/A,ENABLED,1708,500,2100,DISABLED,DISABLED,1692,500,2100,DISABLED,DISABLED,1712,500,2100,DISABLED,DISABLED,1710,500,2100,DISABLED,DISABLED,1717,500,2100,DISABLED,DISABLED,1709,500,2100,DISABLED,DISABLED,1698,500,2100,DISABLED,DISABLED,1695,500,2100,DISABLED,DISABLED,1387,900,1500,N/A,DISABLED,46,914,1680,N/A,ENABLED,46,914,1680,N/A,ENABLED,46,914,1680,N/A,ENABLED,46,914,1680,N/A,ENABLED,39,711,1400,N/A,ENABLED,39,711,1400,N/A,ENABLED,39,711,1400,N/A,ENABLED,39,711,1400,N/A,ENABLED,N/A,69,76
1744609149,0,662,N/A,N/A,N/A,N/A,ENABLED,1721,500,2100,DISABLED,DISABLED,1705,500,2100,DISABLED,DISABLED,1723,500,2100,DISABLED,DISABLED,1722,500,2100,DISABLED,DISABLED,1729,500,2100,DISABLED,DISABLED,1722,500,2100,DISABLED,DISABLED,1721,500,2100,DISABLED,DISABLED,1709,500,2100,DISABLED,DISABLED,1388,900,1500,N/A,DISABLED,47,914,1680,N/A,ENABLED,47,914,1680,N/A,ENABLED,47,914,1680,N/A,ENABLED,47,914,1680,N/A,ENABLED,39,711,1400,N/A,ENABLED,39,711,1400,N/A,ENABLED,39,711,1400,N/A,ENABLED,39,711,1400,N/A,ENABLED,N/A,69,75
1744609150,0,677,N/A,N/A,N/A,N/A,ENABLED,1720,500,2100,DISABLED,DISABLED,1705,500,2100,DISABLED,DISABLED,1725,500,2100,DISABLED,DISABLED,1722,500,2100,DISABLED,DISABLED,1729,500,2100,DISABLED,DISABLED,1730,500,2100,DISABLED,DISABLED,1713,500,2100,DISABLED,DISABLED,1721,500,2100,DISABLED,DISABLED,1388,900,1500,N/A,DISABLED,46,914,1680,N/A,ENABLED,46,914,1680,N/A,ENABLED,46,914,1680,N/A,ENABLED,46,914,1680,N/A,ENABLED,39,711,1400,N/A,ENABLED,39,711,1400,N/A,ENABLED,39,711,1400,N/A,ENABLED,39,711,1400,N/A,ENABLED,N/A,69,76
1744609152,0,660,N/A,N/A,N/A,N/A,ENABLED,1713,500,2100,DISABLED,DISABLED,1697,500,2100,DISABLED,DISABLED,1717,500,2100,DISABLED,DISABLED,1715,500,2100,DISABLED,DISABLED,1722,500,2100,DISABLED,DISABLED,1725,500,2100,DISABLED,DISABLED,1703,500,2100,DISABLED,DISABLED,1705,500,2100,DISABLED,DISABLED,1391,900,1500,N/A,DISABLED,47,914,1680,N/A,ENABLED,47,914,1680,N/A,ENABLED,47,914,1680,N/A,ENABLED,47,914,1680,N/A,ENABLED,39,711,1400,N/A,ENABLED,39,711,1400,N/A,ENABLED,39,711,1400,N/A,ENABLED,39,711,1400,N/A,ENABLED,N/A,69,75
1744609153,0,664,N/A,N/A,N/A,N/A,ENABLED,1729,500,2100,DISABLED,DISABLED,1714,500,2100,DISABLED,DISABLED,1734,500,2100,DISABLED,DISABLED,1732,500,2100,DISABLED,DISABLED,1739,500,2100,DISABLED,DISABLED,1732,500,2100,DISABLED,DISABLED,1717,500,2100,DISABLED,DISABLED,1718,500,2100,DISABLED,DISABLED,1392,900,1500,N/A,DISABLED,47,914,1680,N/A,ENABLED,47,914,1680,N/A,ENABLED,47,914,1680,N/A,ENABLED,47,914,1680,N/A,ENABLED,39,711,1400,N/A,ENABLED,39,711,1400,N/A,ENABLED,39,711,1400,N/A,ENABLED,39,711,1400,N/A,ENABLED,N/A,69,75
1744609154,0,673,N/A,N/A,N/A,N/A,ENABLED,1731,500,2100,DISABLED,DISABLED,1716,500,2100,DISABLED,DISABLED,1730,500,2100,DISABLED,DISABLED,1727,500,2100,DISABLED,DISABLED,1735,500,2100,DISABLED,DISABLED,1729,500,2100,DISABLED,DISABLED,1714,500,2100,DISABLED,DISABLED,1714,500,2100,DISABLED,DISABLED,1393,900,1500,N/A,DISABLED,47,914,1680,N/A,ENABLED,47,914,1680,N/A,ENABLED,47,914,1680,N/A,ENABLED,47,914,1680,N/A,ENABLED,39,711,1400,N/A,ENABLED,40,711,1400,N/A,ENABLED,40,711,1400,N/A,ENABLED,39,711,1400,N/A,ENABLED,N/A,69,76
1744609155,0,679,N/A,N/A,N/A,N/A,ENABLED,1728,500,2100,DISABLED,DISABLED,1714,500,2100,DISABLED,DISABLED,1725,500,2100,DISABLED,DISABLED,1724,500,2100,DISABLED,DISABLED,1730,500,2100,DISABLED,DISABLED,1724,500,2100,DISABLED,DISABLED,1711,500,2100,DISABLED,DISABLED,1710,500,2100,DISABLED,DISABLED,1389,900,1500,N/A,DISABLED,47,914,1680,N/A,ENABLED,47,914,1680,N/A,ENABLED,47,914,1680,N/A,ENABLED,47,914,1680,N/A,ENABLED,39,711,1400,N/A,ENABLED,39,711,1400,N/A,ENABLED,39,711,1400,N/A,ENABLED,39,711,1400,N/A,ENABLED,N/A,69,76
1744609156,0,662,N/A,N/A,N/A,N/A,ENABLED,1717,500,2100,DISABLED,DISABLED,1701,500,2100,DISABLED,DISABLED,1723,500,2100,DISABLED,DISABLED,1719,500,2100,DISABLED,DISABLED,1733,500,2100,DISABLED,DISABLED,1719,500,2100,DISABLED,DISABLED,1705,500,2100,DISABLED,DISABLED,1705,500,2100,DISABLED,DISABLED,1388,900,1500,N/A,DISABLED,46,914,1680,N/A,ENABLED,47,914,1680,N/A,ENABLED,47,914,1680,N/A,ENABLED,47,914,1680,N/A,ENABLED,39,711,1400,N/A,ENABLED,39,711,1400,N/A,ENABLED,39,711,1400,N/A,ENABLED,39,711,1400,N/A,ENABLED,N/A,69,76
1744609158,0,670,N/A,N/A,N/A,N/A,ENABLED,1705,500,2100,DISABLED,DISABLED,1689,500,2100,DISABLED,DISABLED,1715,500,2100,DISABLED,DISABLED,1705,500,2100,DISABLED,DISABLED,1719,500,2100,DISABLED,DISABLED,1705,500,2100,DISABLED,DISABLED,1691,500,2100,DISABLED,DISABLED,1692,500,2100,DISABLED,DISABLED,1385,900,1500,N/A,DISABLED,46,914,1680,N/A,ENABLED,46,914,1680,N/A,ENABLED,46,914,1680,N/A,ENABLED,46,914,1680,N/A,ENABLED,39,711,1400,N/A,ENABLED,39,711,1400,N/A,ENABLED,39,711,1400,N/A,ENABLED,39,711,1400,N/A,ENABLED,N/A,69,77
1744609159,0,671,N/A,N/A,N/A,N/A,ENABLED,1706,500,2100,DISABLED,DISABLED,1690,500,2100,DISABLED,DISABLED,1710,500,2100,DISABLED,DISABLED,1709,500,2100,DISABLED,DISABLED,1715,500,2100,DISABLED,DISABLED,1708,500,2100,DISABLED,DISABLED,1693,500,2100,DISABLED,DISABLED,1693,500,2100,DISABLED,DISABLED,1389,900,1500,N/A,DISABLED,47,914,1680,N/A,ENABLED,47,914,1680,N/A,ENABLED,47,914,1680,N/A,ENABLED,47,914,1680,N/A,ENABLED,39,711,1400,N/A,ENABLED,39,711,1400,N/A,ENABLED,39,711,1400,N/A,ENABLED,39,711,1400,N/A,ENABLED,N/A,69,77
1744609160,0,669,N/A,N/A,N/A,N/A,ENABLED,1712,500,2100,DISABLED,DISABLED,1696,500,2100,DISABLED,DISABLED,1716,500,2100,DISABLED,DISABLED,1711,500,2100,DISABLED,DISABLED,1719,500,2100,DISABLED,DISABLED,1714,500,2100,DISABLED,DISABLED,1699,500,2100,DISABLED,DISABLED,1700,500,2100,DISABLED,DISABLED,1387,900,1500,N/A,DISABLED,46,914,1680,N/A,ENABLED,46,914,1680,N/A,ENABLED,46,914,1680,N/A,ENABLED,46,914,1680,N/A,ENABLED,39,711,1400,N/A,ENABLED,39,711,1400,N/A,ENABLED,39,711,1400,N/A,ENABLED,39,711,1400,N/A,ENABLED,N/A,69,76
1744609161,0,667,N/A,N/A,N/A,N/A,ENABLED,1709,500,2100,DISABLED,DISABLED,1693,500,2100,DISABLED,DISABLED,1713,500,2100,DISABLED,DISABLED,1708,500,2100,DISABLED,DISABLED,1717,500,2100,DISABLED,DISABLED,1711,500,2100,DISABLED,DISABLED,1695,500,2100,DISABLED,DISABLED,1696,500,2100,DISABLED,DISABLED,1386,900,1500,N/A,DISABLED,46,914,1680,N/A,ENABLED,46,914,1680,N/A,ENABLED,46,914,1680,N/A,ENABLED,46,914,1680,N/A,ENABLED,39,711,1400,N/A,ENABLED,39,711,1400,N/A,ENABLED,39,711,1400,N/A,ENABLED,39,711,1400,N/A,ENABLED,N/A,69,77
1744609162,0,674,N/A,N/A,N/A,N/A,ENABLED,1713,500,2100,DISABLED,DISABLED,1697,500,2100,DISABLED,DISABLED,1718,500,2100,DISABLED,DISABLED,1717,500,2100,DISABLED,DISABLED,1721,500,2100,DISABLED,DISABLED,1715,500,2100,DISABLED,DISABLED,1701,500,2100,DISABLED,DISABLED,1701,500,2100,DISABLED,DISABLED,1394,900,1500,N/A,DISABLED,47,914,1680,N/A,ENABLED,47,914,1680,N/A,ENABLED,47,914,1680,N/A,ENABLED,47,914,1680,N/A,ENABLED,40,711,1400,N/A,ENABLED,40,711,1400,N/A,ENABLED,40,711,1400,N/A,ENABLED,40,711,1400,N/A,ENABLED,N/A,69,77
1744609163,0,672,N/A,N/A,N/A,N/A,ENABLED,1702,500,2100,DISABLED,DISABLED,1686,500,2100,DISABLED,DISABLED,1707,500,2100,DISABLED,DISABLED,1706,500,2100,DISABLED,DISABLED,1711,500,2100,DISABLED,DISABLED,1704,500,2100,DISABLED,DISABLED,1690,500,2100,DISABLED,DISABLED,1691,500,2100,DISABLED,DISABLED,1386,900,1500,N/A,DISABLED,46,914,1680,N/A,ENABLED,46,914,1680,N/A,ENABLED,46,914,1680,N/A,ENABLED,46,914,1680,N/A,ENABLED,39,711,1400,N/A,ENABLED,39,711,1400,N/A,ENABLED,39,711,1400,N/A,ENABLED,39,711,1400,N/A,ENABLED,N/A,69,78
1744609165,0,680,N/A,N/A,N/A,N/A,ENABLED,1716,500,2100,DISABLED,DISABLED,1699,500,2100,DISABLED,DISABLED,1721,500,2100,DISABLED,DISABLED,1729,500,2100,DISABLED,DISABLED,1725,500,2100,DISABLED,DISABLED,1719,500,2100,DISABLED,DISABLED,1705,500,2100,DISABLED,DISABLED,1704,500,2100,DISABLED,DISABLED,1397,900,1500,N/A,DISABLED,47,914,1680,N/A,ENABLED,47,914,1680,N/A,ENABLED,47,914,1680,N/A,ENABLED,47,914,1680,N/A,ENABLED,40,711,1400,N/A,ENABLED,40,711,1400,N/A,ENABLED,40,711,1400,N/A,ENABLED,40,711,1400,N/A,ENABLED,N/A,69,77
1744609166,0,665,N/A,N/A,N/A,N/A,ENABLED,1709,500,2100,DISABLED,DISABLED,1692,500,2100,DISABLED,DISABLED,1713,500,2100,DISABLED,DISABLED,1718,500,2100,DISABLED,DISABLED,1717,500,2100,DISABLED,DISABLED,1711,500,2100,DISABLED,DISABLED,1696,500,2100,DISABLED,DISABLED,1696,500,2100,DISABLED,DISABLED,1388,900,1500,N/A,DISABLED,46,914,1680,N/A,ENABLED,46,914,1680,N/A,ENABLED,46,914,1680,N/A,ENABLED,46,914,1680,N/A,ENABLED,39,711,1400,N/A,ENABLED,39,711,1400,N/A,ENABLED,39,711,1400,N/A,ENABLED,39,711,1400,N/A,ENABLED,N/A,69,77
1744609167,0,679,N/A,N/A,N/A,N/A,ENABLED,1723,500,2100,DISABLED,DISABLED,1706,500,2100,DISABLED,DISABLED,1727,500,2100,DISABLED,DISABLED,1725,500,2100,DISABLED,DISABLED,1731,500,2100,DISABLED,DISABLED,1726,500,2100,DISABLED,DISABLED,1711,500,2100,DISABLED,DISABLED,1711,500,2100,DISABLED,DISABLED,1399,900,1500,N/A,DISABLED,47,914,1680,N/A,ENABLED,47,914,1680,N/A,ENABLED,47,914,1680,N/A,ENABLED,47,914,1680,N/A,ENABLED,40,711,1400,N/A,ENABLED,40,711,1400,N/A,ENABLED,40,711,1400,N/A,ENABLED,40,711,1400,N/A,ENABLED,N/A,69,77
1744609168,0,670,N/A,N/A,N/A,N/A,ENABLED,1708,500,2100,DISABLED,DISABLED,1691,500,2100,DISABLED,DISABLED,1712,500,2100,DISABLED,DISABLED,1709,500,2100,DISABLED,DISABLED,1716,500,2100,DISABLED,DISABLED,1710,500,2100,DISABLED,DISABLED,1696,500,2100,DISABLED,DISABLED,1695,500,2100,DISABLED,DISABLED,1387,900,1500,N/A,DISABLED,46,914,1680,N/A,ENABLED,46,914,1680,N/A,ENABLED,46,914,1680,N/A,ENABLED,46,914,1680,N/A,ENABLED,39,711,1400,N/A,ENABLED,39,711,1400,N/A,ENABLED,39,711,1400,N/A,ENABLED,39,711,1400,N/A,ENABLED,N/A,69,77
1744609169,0,677,N/A,N/A,N/A,N/A,ENABLED,1701,500,2100,DISABLED,DISABLED,1685,500,2100,DISABLED,DISABLED,1706,500,2100,DISABLED,DISABLED,1704,500,2100,DISABLED,DISABLED,1711,500,2100,DISABLED,DISABLED,1706,500,2100,DISABLED,DISABLED,1690,500,2100,DISABLED,DISABLED,1690,500,2100,DISABLED,DISABLED,1383,900,1500,N/A,DISABLED,46,914,1680,N/A,ENABLED,46,914,1680,N/A,ENABLED,46,914,1680,N/A,ENABLED,46,914,1680,N/A,ENABLED,39,711,1400,N/A,ENABLED,39,711,1400,N/A,ENABLED,39,711,1400,N/A,ENABLED,39,711,1400,N/A,ENABLED,N/A,69,77
1744609170,0,678,N/A,N/A,N/A,N/A,ENABLED,1709,500,2100,DISABLED,DISABLED,1692,500,2100,DISABLED,DISABLED,1714,500,2100,DISABLED,DISABLED,1711,500,2100,DISABLED,DISABLED,1717,500,2100,DISABLED,DISABLED,1711,500,2100,DISABLED,DISABLED,1698,500,2100,DISABLED,DISABLED,1697,500,2100,DISABLED,DISABLED,1384,900,1500,N/A,DISABLED,46,914,1680,N/A,ENABLED,46,914,1680,N/A,ENABLED,46,914,1680,N/A,ENABLED,46,914,1680,N/A,ENABLED,39,711,1400,N/A,ENABLED,39,711,1400,N/A,ENABLED,39,711,1400,N/A,ENABLED,39,711,1400,N/A,ENABLED,N/A,69,77
1744609172,0,661,N/A,N/A,N/A,N/A,ENABLED,1707,500,2100,DISABLED,DISABLED,1690,500,2100,DISABLED,DISABLED,1711,500,2100,DISABLED,DISABLED,1709,500,2100,DISABLED,DISABLED,1716,500,2100,DISABLED,DISABLED,1710,500,2100,DISABLED,DISABLED,1695,500,2100,DISABLED,DISABLED,1694,500,2100,DISABLED,DISABLED,1390,900,1500,N/A,DISABLED,47,914,1680,N/A,ENABLED,47,914,1680,N/A,ENABLED,47,914,1680,N/A,ENABLED,47,914,1680,N/A,ENABLED,39,711,1400,N/A,ENABLED,39,711,1400,N/A,ENABLED,39,711,1400,N/A,ENABLED,39,711,1400,N/A,ENABLED,N/A,69,76
1744609173,0,674,N/A,N/A,N/A,N/A,ENABLED,1709,500,2100,DISABLED,DISABLED,1693,500,2100,DISABLED,DISABLED,1715,500,2100,DISABLED,DISABLED,1712,500,2100,DISABLED,DISABLED,1719,500,2100,DISABLED,DISABLED,1713,500,2100,DISABLED,DISABLED,1698,500,2100,DISABLED,DISABLED,1697,500,2100,DISABLED,DISABLED,1392,900,1500,N/A,DISABLED,47,914,1680,N/A,ENABLED,47,914,1680,N/A,ENABLED,47,914,1680,N/A,ENABLED,47,914,1680,N/A,ENABLED,39,711,1400,N/A,ENABLED,39,711,1400,N/A,ENABLED,39,711,1400,N/A,ENABLED,39,711,1400,N/A,ENABLED,N/A,69,77
1744609174,0,674,N/A,N/A,N/A,N/A,ENABLED,1703,500,2100,DISABLED,DISABLED,1687,500,2100,DISABLED,DISABLED,1708,500,2100,DISABLED,DISABLED,1705,500,2100,DISABLED,DISABLED,1713,500,2100,DISABLED,DISABLED,1707,500,2100,DISABLED,DISABLED,1691,500,2100,DISABLED,DISABLED,1690,500,2100,DISABLED,DISABLED,1382,900,1500,N/A,DISABLED,46,914,1680,N/A,ENABLED,46,914,1680,N/A,ENABLED,46,914,1680,N/A,ENABLED,46,914,1680,N/A,ENABLED,39,711,1400,N/A,ENABLED,39,711,1400,N/A,ENABLED,39,711,1400,N/A,ENABLED,39,711,1400,N/A,ENABLED,N/A,69,78
1744609175,0,680,N/A,N/A,N/A,N/A,ENABLED,1724,500,2100,DISABLED,DISABLED,1708,500,2100,DISABLED,DISABLED,1729,500,2100,DISABLED,DISABLED,1727,500,2100,DISABLED,DISABLED,1733,500,2100,DISABLED,DISABLED,1727,500,2100,DISABLED,DISABLED,1713,500,2100,DISABLED,DISABLED,1712,500,2100,DISABLED,DISABLED,1392,900,1500,N/A,DISABLED,47,914,1680,N/A,ENABLED,47,914,1680,N/A,ENABLED,47,914,1680,N/A,ENABLED,47,914,1680,N/A,ENABLED,39,711,1400,N/A,ENABLED,39,711,1400,N/A,ENABLED,39,711,1400,N/A,ENABLED,39,711,1400,N/A,ENABLED,N/A,69,77
1744609176,0,674,N/A,N/A,N/A,N/A,ENABLED,1705,500,2100,DISABLED,DISABLED,1688,500,2100,DISABLED,DISABLED,1708,500,2100,DISABLED,DISABLED,1706,500,2100,DISABLED,DISABLED,1712,500,2100,DISABLED,DISABLED,1707,500,2100,DISABLED,DISABLED,1693,500,2100,DISABLED,DISABLED,1691,500,2100,DISABLED,DISABLED,1391,900,1500,N/A,DISABLED,47,914,1680,N/A,ENABLED,47,914,1680,N/A,ENABLED,47,914,1680,N/A,ENABLED,47,914,1680,N/A,ENABLED,39,711,1400,N/A,ENABLED,39,711,1400,N/A,ENABLED,39,711,1400,N/A,ENABLED,39,711,1400,N/A,ENABLED,N/A,69,77
1744609178,0,682,N/A,N/A,N/A,N/A,ENABLED,1716,500,2100,DISABLED,DISABLED,1698,500,2100,DISABLED,DISABLED,1719,500,2100,DISABLED,DISABLED,1716,500,2100,DISABLED,DISABLED,1723,500,2100,DISABLED,DISABLED,1717,500,2100,DISABLED,DISABLED,1703,500,2100,DISABLED,DISABLED,1703,500,2100,DISABLED,DISABLED,1390,900,1500,N/A,DISABLED,47,914,1680,N/A,ENABLED,47,914,1680,N/A,ENABLED,47,914,1680,N/A,ENABLED,47,914,1680,N/A,ENABLED,39,711,1400,N/A,ENABLED,39,711,1400,N/A,ENABLED,39,711,1400,N/A,ENABLED,39,711,1400,N/A,ENABLED,N/A,69,77
1744609179,0,673,N/A,N/A,N/A,N/A,ENABLED,1703,500,2100,DISABLED,DISABLED,1687,500,2100,DISABLED,DISABLED,1707,500,2100,DISABLED,DISABLED,1704,500,2100,DISABLED,DISABLED,1711,500,2100,DISABLED,DISABLED,1706,500,2100,DISABLED,DISABLED,1692,500,2100,DISABLED,DISABLED,1691,500,2100,DISABLED,DISABLED,1386,900,1500,N/A,DISABLED,46,914,1680,N/A,ENABLED,46,914,1680,N/A,ENABLED,46,914,1680,N/A,ENABLED,46,914,1680,N/A,ENABLED,39,711,1400,N/A,ENABLED,39,711,1400,N/A,ENABLED,39,711,1400,N/A,ENABLED,39,711,1400,N/A,ENABLED,N/A,69,77
1744609180,0,677,N/A,N/A,N/A,N/A,ENABLED,1718,500,2100,DISABLED,DISABLED,1702,500,2100,DISABLED,DISABLED,1723,500,2100,DISABLED,DISABLED,1721,500,2100,DISABLED,DISABLED,1727,500,2100,DISABLED,DISABLED,1721,500,2100,DISABLED,DISABLED,1707,500,2100,DISABLED,DISABLED,1706,500,2100,DISABLED,DISABLED,1389,900,1500,N/A,DISABLED,47,914,1680,N/A,ENABLED,47,914,1680,N/A,ENABLED,47,914,1680,N/A,ENABLED,47,914,1680,N/A,ENABLED,39,711,1400,N/A,ENABLED,39,711,1400,N/A,ENABLED,39,711,1400,N/A,ENABLED,39,711,1400,N/A,ENABLED,N/A,69,77
1744609181,0,670,N/A,N/A,N/A,N/A,ENABLED,1714,500,2100,DISABLED,DISABLED,1699,500,2100,DISABLED,DISABLED,1719,500,2100,DISABLED,DISABLED,1717,500,2100,DISABLED,DISABLED,1722,500,2100,DISABLED,DISABLED,1716,500,2100,DISABLED,DISABLED,1702,500,2100,DISABLED,DISABLED,1702,500,2100,DISABLED,DISABLED,1386,900,1500,N/A,DISABLED,46,914,1680,N/A,ENABLED,46,914,1680,N/A,ENABLED,46,914,1680,N/A,ENABLED,46,914,1680,N/A,ENABLED,39,711,1400,N/A,ENABLED,39,711,1400,N/A,ENABLED,39,711,1400,N/A,ENABLED,39,711,1400,N/A,ENABLED,N/A,69,77
1744609182,0,674,N/A,N/A,N/A,N/A,ENABLED,1719,500,2100,DISABLED,DISABLED,1704,500,2100,DISABLED,DISABLED,1725,500,2100,DISABLED,DISABLED,1721,500,2100,DISABLED,DISABLED,1728,500,2100,DISABLED,DISABLED,1722,500,2100,DISABLED,DISABLED,1718,500,2100,DISABLED,DISABLED,1707,500,2100,DISABLED,DISABLED,1392,900,1500,N/A,DISABLED,47,914,1680,N/A,ENABLED,47,914,1680,N/A,ENABLED,47,914,1680,N/A,ENABLED,47,914,1680,N/A,ENABLED,39,711,1400,N/A,ENABLED,39,711,1400,N/A,ENABLED,39,711,1400,N/A,ENABLED,39,711,1400,N/A,ENABLED,N/A,69,77
1744609183,0,665,N/A,N/A,N/A,N/A,ENABLED,1719,500,2100,DISABLED,DISABLED,1704,500,2100,DISABLED,DISABLED,1725,500,2100,DISABLED,DISABLED,1723,500,2100,DISABLED,DISABLED,1729,500,2100,DISABLED,DISABLED,1723,500,2100,DISABLED,DISABLED,1717,500,2100,DISABLED,DISABLED,1719,500,2100,DISABLED,DISABLED,1388,900,1500,N/A,DISABLED,46,914,1680,N/A,ENABLED,46,914,1680,N/A,ENABLED,46,914,1680,N/A,ENABLED,46,914,1680,N/A,ENABLED,39,711,1400,N/A,ENABLED,39,711,1400,N/A,ENABLED,39,711,1400,N/A,ENABLED,39,711,1400,N/A,ENABLED,N/A,69,77
1744609185,0,673,N/A,N/A,N/A,N/A,ENABLED,1716,500,2100,DISABLED,DISABLED,1700,500,2100,DISABLED,DISABLED,1721,500,2100,DISABLED,DISABLED,1718,500,2100,DISABLED,DISABLED,1725,500,2100,DISABLED,DISABLED,1729,500,2100,DISABLED,DISABLED,1705,500,2100,DISABLED,DISABLED,1712,500,2100,DISABLED,DISABLED,1389,900,1500,N/A,DISABLED,47,914,1680,N/A,ENABLED,47,914,1680,N/A,ENABLED,47,914,1680,N/A,ENABLED,47,914,1680,N/A,ENABLED,39,711,1400,N/A,ENABLED,39,711,1400,N/A,ENABLED,39,711,1400,N/A,ENABLED,39,711,1400,N/A,ENABLED,N/A,69,78
1744609186,0,668,N/A,N/A,N/A,N/A,ENABLED,1705,500,2100,DISABLED,DISABLED,1689,500,2100,DISABLED,DISABLED,1710,500,2100,DISABLED,DISABLED,1708,500,2100,DISABLED,DISABLED,1712,500,2100,DISABLED,DISABLED,1712,500,2100,DISABLED,DISABLED,1696,500,2100,DISABLED,DISABLED,1695,500,2100,DISABLED,DISABLED,1385,900,1500,N/A,DISABLED,46,914,1680,N/A,ENABLED,46,914,1680,N/A,ENABLED,46,914,1680,N/A,ENABLED,46,914,1680,N/A,ENABLED,39,711,1400,N/A,ENABLED,39,711,1400,N/A,ENABLED,39,711,1400,N/A,ENABLED,39,711,1400,N/A,ENABLED,N/A,69,77
1744609187,0,671,N/A,N/A,N/A,N/A,ENABLED,1717,500,2100,DISABLED,DISABLED,1703,500,2100,DISABLED,DISABLED,1722,500,2100,DISABLED,DISABLED,1719,500,2100,DISABLED,DISABLED,1724,500,2100,DISABLED,DISABLED,1721,500,2100,DISABLED,DISABLED,1707,500,2100,DISABLED,DISABLED,1707,500,2100,DISABLED,DISABLED,1395,900,1500,N/A,DISABLED,47,914,1680,N/A,ENABLED,47,914,1680,N/A,ENABLED,47,914,1680,N/A,ENABLED,47,914,1680,N/A,ENABLED,40,711,1400,N/A,ENABLED,40,711,1400,N/A,ENABLED,40,711,1400,N/A,ENABLED,40,711,1400,N/A,ENABLED,N/A,69,77
1744609188,0,668,N/A,N/A,N/A,N/A,ENABLED,1713,500,2100,DISABLED,DISABLED,1698,500,2100,DISABLED,DISABLED,1710,500,2100,DISABLED,DISABLED,1707,500,2100,DISABLED,DISABLED,1713,500,2100,DISABLED,DISABLED,1706,500,2100,DISABLED,DISABLED,1692,500,2100,DISABLED,DISABLED,1690,500,2100,DISABLED,DISABLED,1392,900,1500,N/A,DISABLED,47,914,1680,N/A,ENABLED,47,914,1680,N/A,ENABLED,47,914,1680,N/A,ENABLED,47,914,1680,N/A,ENABLED,39,711,1400,N/A,ENABLED,39,711,1400,N/A,ENABLED,39,711,1400,N/A,ENABLED,39,711,1400,N/A,ENABLED,N/A,69,78
1744609189,0,673,N/A,N/A,N/A,N/A,ENABLED,1728,500,2100,DISABLED,DISABLED,1718,500,2100,DISABLED,DISABLED,1728,500,2100,DISABLED,DISABLED,1722,500,2100,DISABLED,DISABLED,1729,500,2100,DISABLED,DISABLED,1721,500,2100,DISABLED,DISABLED,1709,500,2100,DISABLED,DISABLED,1707,500,2100,DISABLED,DISABLED,1395,900,1500,N/A,DISABLED,47,914,1680,N/A,ENABLED,47,914,1680,N/A,ENABLED,47,914,1680,N/A,ENABLED,47,914,1680,N/A,ENABLED,40,711,1400,N/A,ENABLED,40,711,1400,N/A,ENABLED,40,711,1400,N/A,ENABLED,40,711,1400,N/A,ENABLED,N/A,69,76
1744609190,0,679,N/A,N/A,N/A,N/A,ENABLED,1705,500,2100,DISABLED,DISABLED,1689,500,2100,DISABLED,DISABLED,1720,500,2100,DISABLED,DISABLED,1707,500,2100,DISABLED,DISABLED,1721,500,2100,DISABLED,DISABLED,1705,500,2100,DISABLED,DISABLED,1693,500,2100,DISABLED,DISABLED,1692,500,2100,DISABLED,DISABLED,1395,900,1500,N/A,DISABLED,47,914,1680,N/A,ENABLED,47,914,1680,N/A,ENABLED,47,914,1680,N/A,ENABLED,47,914,1680,N/A,ENABLED,40,711,1400,N/A,ENABLED,40,711,1400,N/A,ENABLED,40,711,1400,N/A,ENABLED,40,711,1400,N/A,ENABLED,N/A,69,77
1744609192,0,668,N/A,N/A,N/A,N/A,ENABLED,1711,500,2100,DISABLED,DISABLED,1695,500,2100,DISABLED,DISABLED,1716,500,2100,DISABLED,DISABLED,1709,500,2100,DISABLED,DISABLED,1718,500,2100,DISABLED,DISABLED,1711,500,2100,DISABLED,DISABLED,1698,500,2100,DISABLED,DISABLED,1696,500,2100,DISABLED,DISABLED,1391,900,1500,N/A,DISABLED,47,914,1680,N/A,ENABLED,47,914,1680,N/A,ENABLED,47,914,1680,N/A,ENABLED,47,914,1680,N/A,ENABLED,39,711,1400,N/A,ENABLED,39,711,1400,N/A,ENABLED,39,711,1400,N/A,ENABLED,39,711,1400,N/A,ENABLED,N/A,69,77
1744609193,0,665,N/A,N/A,N/A,N/A,ENABLED,1702,500,2100,DISABLED,DISABLED,1686,500,2100,DISABLED,DISABLED,1706,500,2100,DISABLED,DISABLED,1700,500,2100,DISABLED,DISABLED,1708,500,2100,DISABLED,DISABLED,1701,500,2100,DISABLED,DISABLED,1689,500,2100,DISABLED,DISABLED,1686,500,2100,DISABLED,DISABLED,1383,900,1500,N/A,DISABLED,46,914,1680,N/A,ENABLED,46,914,1680,N/A,ENABLED,46,914,1680,N/A,ENABLED,46,914,1680,N/A,ENABLED,39,711,1400,N/A,ENABLED,39,711,1400,N/A,ENABLED,39,711,1400,N/A,ENABLED,39,711,1400,N/A,ENABLED,N/A,69,78
1744609194,0,676,N/A,N/A,N/A,N/A,ENABLED,1710,500,2100,DISABLED,DISABLED,1694,500,2100,DISABLED,DISABLED,1715,500,2100,DISABLED,DISABLED,1713,500,2100,DISABLED,DISABLED,1718,500,2100,DISABLED,DISABLED,1711,500,2100,DISABLED,DISABLED,1699,500,2100,DISABLED,DISABLED,1697,500,2100,DISABLED,DISABLED,1390,900,1500,N/A,DISABLED,47,914,1680,N/A,ENABLED,47,914,1680,N/A,ENABLED,47,914,1680,N/A,ENABLED,47,914,1680,N/A,ENABLED,39,711,1400,N/A,ENABLED,39,711,1400,N/A,ENABLED,39,711,1400,N/A,ENABLED,39,711,1400,N/A,ENABLED,N/A,69,77
1744609195,0,663,N/A,N/A,N/A,N/A,ENABLED,1714,500,2100,DISABLED,DISABLED,1698,500,2100,DISABLED,DISABLED,1719,500,2100,DISABLED,DISABLED,1714,500,2100,DISABLED,DISABLED,1722,500,2100,DISABLED,DISABLED,1716,500,2100,DISABLED,DISABLED,1703,500,2100,DISABLED,DISABLED,1701,500,2100,DISABLED,DISABLED,1386,900,1500,N/A,DISABLED,46,914,1680,N/A,ENABLED,46,914,1680,N/A,ENABLED,46,914,1680,N/A,ENABLED,46,914,1680,N/A,ENABLED,39,711,1400,N/A,ENABLED,39,711,1400,N/A,ENABLED,39,711,1400,N/A,ENABLED,39,711,1400,N/A,ENABLED,N/A,69,77
1744609196,0,664,N/A,N/A,N/A,N/A,ENABLED,1721,500,2100,DISABLED,DISABLED,1706,500,2100,DISABLED,DISABLED,1726,500,2100,DISABLED,DISABLED,1720,500,2100,DISABLED,DISABLED,1730,500,2100,DISABLED,DISABLED,1723,500,2100,DISABLED,DISABLED,1709,500,2100,DISABLED,DISABLED,1708,500,2100,DISABLED,DISABLED,1388,900,1500,N/A,DISABLED,47,914,1680,N/A,ENABLED,47,914,1680,N/A,ENABLED,47,914,1680,N/A,ENABLED,47,914,1680,N/A,ENABLED,39,711,1400,N/A,ENABLED,39,711,1400,N/A,ENABLED,39,711,1400,N/A,ENABLED,39,711,1400,N/A,ENABLED,N/A,69,77
1744609198,0,667,N/A,N/A,N/A,N/A,ENABLED,1703,500,2100,DISABLED,DISABLED,1688,500,2100,DISABLED,DISABLED,1709,500,2100,DISABLED,DISABLED,1704,500,2100,DISABLED,DISABLED,1713,500,2100,DISABLED,DISABLED,1706,500,2100,DISABLED,DISABLED,1692,500,2100,DISABLED,DISABLED,1691,500,2100,DISABLED,DISABLED,1382,900,1500,N/A,DISABLED,46,914,1680,N/A,ENABLED,46,914,1680,N/A,ENABLED,46,914,1680,N/A,ENABLED,46,914,1680,N/A,ENABLED,39,711,1400,N/A,ENABLED,39,711,1400,N/A,ENABLED,39,711,1400,N/A,ENABLED,39,711,1400,N/A,ENABLED,N/A,69,78
1744609199,0,667,N/A,N/A,N/A,N/A,ENABLED,1703,500,2100,DISABLED,DISABLED,1687,500,2100,DISABLED,DISABLED,1708,500,2100,DISABLED,DISABLED,1712,500,2100,DISABLED,DISABLED,1711,500,2100,DISABLED,DISABLED,1704,500,2100,DISABLED,DISABLED,1690,500,2100,DISABLED,DISABLED,1690,500,2100,DISABLED,DISABLED,1384,900,1500,N/A,DISABLED,46,914,1680,N/A,ENABLED,46,914,1680,N/A,ENABLED,46,914,1680,N/A,ENABLED,46,914,1680,N/A,ENABLED,39,711,1400,N/A,ENABLED,39,711,1400,N/A,ENABLED,39,711,1400,N/A,ENABLED,39,711,1400,N/A,ENABLED,N/A,69,78
1744609200,0,671,N/A,N/A,N/A,N/A,ENABLED,1708,500,2100,DISABLED,DISABLED,1693,500,2100,DISABLED,DISABLED,1714,500,2100,DISABLED,DISABLED,1718,500,2100,DISABLED,DISABLED,1717,500,2100,DISABLED,DISABLED,1711,500,2100,DISABLED,DISABLED,1698,500,2100,DISABLED,DISABLED,1696,500,2100,DISABLED,DISABLED,1385,900,1500,N/A,DISABLED,46,914,1680,N/A,ENABLED,46,914,1680,N/A,ENABLED,46,914,1680,N/A,ENABLED,46,914,1680,N/A,ENABLED,39,711,1400,N/A,ENABLED,39,711,1400,N/A,ENABLED,39,711,1400,N/A,ENABLED,39,711,1400,N/A,ENABLED,N/A,69,78
1744609201,0,669,N/A,N/A,N/A,N/A,ENABLED,1721,500,2100,DISABLED,DISABLED,1706,500,2100,DISABLED,DISABLED,1729,500,2100,DISABLED,DISABLED,1726,500,2100,DISABLED,DISABLED,1731,500,2100,DISABLED,DISABLED,1725,500,2100,DISABLED,DISABLED,1712,500,2100,DISABLED,DISABLED,1710,500,2100,DISABLED,DISABLED,1390,900,1500,N/A,DISABLED,47,914,1680,N/A,ENABLED,47,914,1680,N/A,ENABLED,47,914,1680,N/A,ENABLED,47,914,1680,N/A,ENABLED,39,711,1400,N/A,ENABLED,39,711,1400,N/A,ENABLED,39,711,1400,N/A,ENABLED,39,711,1400,N/A,ENABLED,N/A,69,76
1744609202,0,675,N/A,N/A,N/A,N/A,ENABLED,1709,500,2100,DISABLED,DISABLED,1694,500,2100,DISABLED,DISABLED,1715,500,2100,DISABLED,DISABLED,1715,500,2100,DISABLED,DISABLED,1719,500,2100,DISABLED,DISABLED,1712,500,2100,DISABLED,DISABLED,1698,500,2100,DISABLED,DISABLED,1697,500,2100,DISABLED,DISABLED,1384,900,1500,N/A,DISABLED,46,914,1680,N/A,ENABLED,46,914,1680,N/A,ENABLED,46,914,1680,N/A,ENABLED,46,914,1680,N/A,ENABLED,39,711,1400,N/A,ENABLED,39,711,1400,N/A,ENABLED,39,711,1400,N/A,ENABLED,39,711,1400,N/A,ENABLED,N/A,69,78
1744609203,0,671,N/A,N/A,N/A,N/A,ENABLED,1704,500,2100,DISABLED,DISABLED,1688,500,2100,DISABLED,DISABLED,1709,500,2100,DISABLED,DISABLED,1707,500,2100,DISABLED,DISABLED,1713,500,2100,DISABLED,DISABLED,1706,500,2100,DISABLED,DISABLED,1692,500,2100,DISABLED,DISABLED,1692,500,2100,DISABLED,DISABLED,1383,900,1500,N/A,DISABLED,46,914,1680,N/A,ENABLED,46,914,1680,N/A,ENABLED,46,914,1680,N/A,ENABLED,46,914,1680,N/A,ENABLED,39,711,1400,N/A,ENABLED,39,711,1400,N/A,ENABLED,39,711,1400,N/A,ENABLED,39,711,1400,N/A,ENABLED,N/A,69,77
1744609205,0,668,N/A,N/A,N/A,N/A,ENABLED,1703,500,2100,DISABLED,DISABLED,1687,500,2100,DISABLED,DISABLED,1708,500,2100,DISABLED,DISABLED,1707,500,2100,DISABLED,DISABLED,1712,500,2100,DISABLED,DISABLED,1705,500,2100,DISABLED,DISABLED,1691,500,2100,DISABLED,DISABLED,1690,500,2100,DISABLED,DISABLED,1382,900,1500,N/A,DISABLED,46,914,1680,N/A,ENABLED,46,914,1680,N/A,ENABLED,46,914,1680,N/A,ENABLED,46,914,1680,N/A,ENABLED,39,711,1400,N/A,ENABLED,39,711,1400,N/A,ENABLED,39,711,1400,N/A,ENABLED,39,711,1400,N/A,ENABLED,N/A,69,77
1744609206,0,670,N/A,N/A,N/A,N/A,ENABLED,1708,500,2100,DISABLED,DISABLED,1692,500,2100,DISABLED,DISABLED,1714,500,2100,DISABLED,DISABLED,1713,500,2100,DISABLED,DISABLED,1716,500,2100,DISABLED,DISABLED,1712,500,2100,DISABLED,DISABLED,1696,500,2100,DISABLED,DISABLED,1696,500,2100,DISABLED,DISABLED,1385,900,1500,N/A,DISABLED,46,914,1680,N/A,ENABLED,46,914,1680,N/A,ENABLED,46,914,1680,N/A,ENABLED,46,914,1680,N/A,ENABLED,39,711,1400,N/A,ENABLED,39,711,1400,N/A,ENABLED,39,711,1400,N/A,ENABLED,39,711,1400,N/A,ENABLED,N/A,69,77
1744609207,0,671,N/A,N/A,N/A,N/A,ENABLED,1714,500,2100,DISABLED,DISABLED,1699,500,2100,DISABLED,DISABLED,1719,500,2100,DISABLED,DISABLED,1718,500,2100,DISABLED,DISABLED,1722,500,2100,DISABLED,DISABLED,1717,500,2100,DISABLED,DISABLED,1702,500,2100,DISABLED,DISABLED,1702,500,2100,DISABLED,DISABLED,1389,900,1500,N/A,DISABLED,47,914,1680,N/A,ENABLED,47,914,1680,N/A,ENABLED,46,914,1680,N/A,ENABLED,47,914,1680,N/A,ENABLED,39,711,1400,N/A,ENABLED,39,711,1400,N/A,ENABLED,39,711,1400,N/A,ENABLED,39,711,1400,N/A,ENABLED,N/A,70,78
1744609208,0,663,N/A,N/A,N/A,N/A,ENABLED,1702,500,2100,DISABLED,DISABLED,1686,500,2100,DISABLED,DISABLED,1708,500,2100,DISABLED,DISABLED,1706,500,2100,DISABLED,DISABLED,1712,500,2100,DISABLED,DISABLED,1706,500,2100,DISABLED,DISABLED,1691,500,2100,DISABLED,DISABLED,1690,500,2100,DISABLED,DISABLED,1385,900,1500,N/A,DISABLED,46,914,1680,N/A,ENABLED,46,914,1680,N/A,ENABLED,46,914,1680,N/A,ENABLED,46,914,1680,N/A,ENABLED,39,711,1400,N/A,ENABLED,39,711,1400,N/A,ENABLED,39,711,1400,N/A,ENABLED,39,711,1400,N/A,ENABLED,N/A,69,77
1744609209,0,672,N/A,N/A,N/A,N/A,ENABLED,1721,500,2100,DISABLED,DISABLED,1705,500,2100,DISABLED,DISABLED,1727,500,2100,DISABLED,DISABLED,1725,500,2100,DISABLED,DISABLED,1730,500,2100,DISABLED,DISABLED,1725,500,2100,DISABLED,DISABLED,1711,500,2100,DISABLED,DISABLED,1710,500,2100,DISABLED,DISABLED,1390,900,1500,N/A,DISABLED,47,914,1680,N/A,ENABLED,47,914,1680,N/A,ENABLED,47,914,1680,N/A,ENABLED,47,914,1680,N/A,ENABLED,39,711,1400,N/A,ENABLED,39,711,1400,N/A,ENABLED,39,711,1400,N/A,ENABLED,39,711,1400,N/A,ENABLED,N/A,70,77
1744609211,0,676,N/A,N/A,N/A,N/A,ENABLED,1720,500,2100,DISABLED,DISABLED,1705,500,2100,DISABLED,DISABLED,1725,500,2100,DISABLED,DISABLED,1722,500,2100,DISABLED,DISABLED,1728,500,2100,DISABLED,DISABLED,1724,500,2100,DISABLED,DISABLED,1710,500,2100,DISABLED,DISABLED,1708,500,2100,DISABLED,DISABLED,1392,900,1500,N/A,DISABLED,47,914,1680,N/A,ENABLED,47,914,1680,N/A,ENABLED,47,914,1680,N/A,ENABLED,47,914,1680,N/A,ENABLED,39,711,1400,N/A,ENABLED,39,711,1400,N/A,ENABLED,39,711,1400,N/A,ENABLED,39,711,1400,N/A,ENABLED,N/A,70,77
1744609212,0,678,N/A,N/A,N/A,N/A,ENABLED,1717,500,2100,DISABLED,DISABLED,1703,500,2100,DISABLED,DISABLED,1723,500,2100,DISABLED,DISABLED,1720,500,2100,DISABLED,DISABLED,1726,500,2100,DISABLED,DISABLED,1720,500,2100,DISABLED,DISABLED,1707,500,2100,DISABLED,DISABLED,1706,500,2100,DISABLED,DISABLED,1395,900,1500,N/A,DISABLED,47,914,1680,N/A,ENABLED,47,914,1680,N/A,ENABLED,47,914,1680,N/A,ENABLED,47,914,1680,N/A,ENABLED,40,711,1400,N/A,ENABLED,40,711,1400,N/A,ENABLED,40,711,1400,N/A,ENABLED,40,711,1400,N/A,ENABLED,N/A,70,77
1744609213,0,672,N/A,N/A,N/A,N/A,ENABLED,1700,500,2100,DISABLED,DISABLED,1684,500,2100,DISABLED,DISABLED,1705,500,2100,DISABLED,DISABLED,1702,500,2100,DISABLED,DISABLED,1709,500,2100,DISABLED,DISABLED,1704,500,2100,DISABLED,DISABLED,1689,500,2100,DISABLED,DISABLED,1688,500,2100,DISABLED,DISABLED,1389,900,1500,N/A,DISABLED,47,914,1680,N/A,ENABLED,47,914,1680,N/A,ENABLED,47,914,1680,N/A,ENABLED,47,914,1680,N/A,ENABLED,39,711,1400,N/A,ENABLED,39,711,1400,N/A,ENABLED,39,711,1400,N/A,ENABLED,39,711,1400,N/A,ENABLED,N/A,70,78
1744609214,0,671,N/A,N/A,N/A,N/A,ENABLED,1700,500,2100,DISABLED,DISABLED,1684,500,2100,DISABLED,DISABLED,1705,500,2100,DISABLED,DISABLED,1704,500,2100,DISABLED,DISABLED,1710,500,2100,DISABLED,DISABLED,1703,500,2100,DISABLED,DISABLED,1688,500,2100,DISABLED,DISABLED,1687,500,2100,DISABLED,DISABLED,1388,900,1500,N/A,DISABLED,47,914,1680,N/A,ENABLED,47,914,1680,N/A,ENABLED,47,914,1680,N/A,ENABLED,47,914,1680,N/A,ENABLED,39,711,1400,N/A,ENABLED,39,711,1400,N/A,ENABLED,39,711,1400,N/A,ENABLED,39,711,1400,N/A,ENABLED,N/A,70,78
1744609215,0,674,N/A,N/A,N/A,N/A,ENABLED,1718,500,2100,DISABLED,DISABLED,1703,500,2100,DISABLED,DISABLED,1723,500,2100,DISABLED,DISABLED,1722,500,2100,DISABLED,DISABLED,1727,500,2100,DISABLED,DISABLED,1720,500,2100,DISABLED,DISABLED,1712,500,2100,DISABLED,DISABLED,1706,500,2100,DISABLED,DISABLED,1393,900,1500,N/A,DISABLED,47,914,1680,N/A,ENABLED,47,914,1680,N/A,ENABLED,47,914,1680,N/A,ENABLED,47,914,1680,N/A,ENABLED,40,711,1400,N/A,ENABLED,40,711,1400,N/A,ENABLED,40,711,1400,N/A,ENABLED,40,711,1400,N/A,ENABLED,N/A,70,78
1744609216,0,671,N/A,N/A,N/A,N/A,ENABLED,1717,500,2100,DISABLED,DISABLED,1701,500,2100,DISABLED,DISABLED,1723,500,2100,DISABLED,DISABLED,1720,500,2100,DISABLED,DISABLED,1727,500,2100,DISABLED,DISABLED,1723,500,2100,DISABLED,DISABLED,1716,500,2100,DISABLED,DISABLED,1716,500,2100,DISABLED,DISABLED,1399,900,1500,N/A,DISABLED,47,914,1680,N/A,ENABLED,47,914,1680,N/A,ENABLED,47,914,1680,N/A,ENABLED,47,914,1680,N/A,ENABLED,40,711,1400,N/A,ENABLED,40,711,1400,N/A,ENABLED,40,711,1400,N/A,ENABLED,40,711,1400,N/A,ENABLED,N/A,70,77
1744609218,0,675,N/A,N/A,N/A,N/A,ENABLED,1713,500,2100,DISABLED,DISABLED,1697,500,2100,DISABLED,DISABLED,1718,500,2100,DISABLED,DISABLED,1715,500,2100,DISABLED,DISABLED,1721,500,2100,DISABLED,DISABLED,1721,500,2100,DISABLED,DISABLED,1700,500,2100,DISABLED,DISABLED,1707,500,2100,DISABLED,DISABLED,1389,900,1500,N/A,DISABLED,47,914,1680,N/A,ENABLED,47,914,1680,N/A,ENABLED,47,914,1680,N/A,ENABLED,47,914,1680,N/A,ENABLED,39,711,1400,N/A,ENABLED,39,711,1400,N/A,ENABLED,39,711,1400,N/A,ENABLED,39,711,1400,N/A,ENABLED,N/A,70,77
1744609219,0,669,N/A,N/A,N/A,N/A,ENABLED,1716,500,2100,DISABLED,DISABLED,1701,500,2100,DISABLED,DISABLED,1722,500,2100,DISABLED,DISABLED,1719,500,2100,DISABLED,DISABLED,1726,500,2100,DISABLED,DISABLED,1729,500,2100,DISABLED,DISABLED,1706,500,2100,DISABLED,DISABLED,1706,500,2100,DISABLED,DISABLED,1386,900,1500,N/A,DISABLED,46,914,1680,N/A,ENABLED,46,914,1680,N/A,ENABLED,46,914,1680,N/A,ENABLED,46,914,1680,N/A,ENABLED,39,711,1400,N/A,ENABLED,39,711,1400,N/A,ENABLED,39,711,1400,N/A,ENABLED,39,711,1400,N/A,ENABLED,N/A,70,77
1744609220,0,673,N/A,N/A,N/A,N/A,ENABLED,1717,500,2100,DISABLED,DISABLED,1701,500,2100,DISABLED,DISABLED,1722,500,2100,DISABLED,DISABLED,1719,500,2100,DISABLED,DISABLED,1726,500,2100,DISABLED,DISABLED,1720,500,2100,DISABLED,DISABLED,1706,500,2100,DISABLED,DISABLED,1705,500,2100,DISABLED,DISABLED,1391,900,1500,N/A,DISABLED,47,914,1680,N/A,ENABLED,47,914,1680,N/A,ENABLED,47,914,1680,N/A,ENABLED,47,914,1680,N/A,ENABLED,39,711,1400,N/A,ENABLED,39,711,1400,N/A,ENABLED,39,711,1400,N/A,ENABLED,39,711,1400,N/A,ENABLED,N/A,70,77
1744609221,0,672,N/A,N/A,N/A,N/A,ENABLED,1713,500,2100,DISABLED,DISABLED,1696,500,2100,DISABLED,DISABLED,1714,500,2100,DISABLED,DISABLED,1713,500,2100,DISABLED,DISABLED,1718,500,2100,DISABLED,DISABLED,1715,500,2100,DISABLED,DISABLED,1699,500,2100,DISABLED,DISABLED,1699,500,2100,DISABLED,DISABLED,1384,900,1500,N/A,DISABLED,46,914,1680,N/A,ENABLED,46,914,1680,N/A,ENABLED,46,914,1680,N/A,ENABLED,46,914,1680,N/A,ENABLED,39,711,1400,N/A,ENABLED,39,711,1400,N/A,ENABLED,39,711,1400,N/A,ENABLED,39,711,1400,N/A,ENABLED,N/A,70,78
1744609222,0,679,N/A,N/A,N/A,N/A,ENABLED,1713,500,2100,DISABLED,DISABLED,1699,500,2100,DISABLED,DISABLED,1711,500,2100,DISABLED,DISABLED,1708,500,2100,DISABLED,DISABLED,1715,500,2100,DISABLED,DISABLED,1707,500,2100,DISABLED,DISABLED,1692,500,2100,DISABLED,DISABLED,1690,500,2100,DISABLED,DISABLED,1387,900,1500,N/A,DISABLED,46,914,1680,N/A,ENABLED,46,914,1680,N/A,ENABLED,46,914,1680,N/A,ENABLED,46,914,1680,N/A,ENABLED,39,711,1400,N/A,ENABLED,39,711,1400,N/A,ENABLED,39,711,1400,N/A,ENABLED,39,711,1400,N/A,ENABLED,N/A,70,77
1744609223,0,672,N/A,N/A,N/A,N/A,ENABLED,1701,500,2100,DISABLED,DISABLED,1686,500,2100,DISABLED,DISABLED,1716,500,2100,DISABLED,DISABLED,1705,500,2100,DISABLED,DISABLED,1722,500,2100,DISABLED,DISABLED,1705,500,2100,DISABLED,DISABLED,1691,500,2100,DISABLED,DISABLED,1689,500,2100,DISABLED,DISABLED,1386,900,1500,N/A,DISABLED,46,914,1680,N/A,ENABLED,46,914,1680,N/A,ENABLED,46,914,1680,N/A,ENABLED,46,914,1680,N/A,ENABLED,39,711,1400,N/A,ENABLED,39,711,1400,N/A,ENABLED,39,711,1400,N/A,ENABLED,39,711,1400,N/A,ENABLED,N/A,70,78
1744609225,0,667,N/A,N/A,N/A,N/A,ENABLED,1713,500,2100,DISABLED,DISABLED,1697,500,2100,DISABLED,DISABLED,1723,500,2100,DISABLED,DISABLED,1712,500,2100,DISABLED,DISABLED,1729,500,2100,DISABLED,DISABLED,1714,500,2100,DISABLED,DISABLED,1700,500,2100,DISABLED,DISABLED,1699,500,2100,DISABLED,DISABLED,1391,900,1500,N/A,DISABLED,47,914,1680,N/A,ENABLED,47,914,1680,N/A,ENABLED,47,914,1680,N/A,ENABLED,47,914,1680,N/A,ENABLED,39,711,1400,N/A,ENABLED,39,711,1400,N/A,ENABLED,39,711,1400,N/A,ENABLED,39,711,1400,N/A,ENABLED,N/A,70,78
1744609226,0,670,N/A,N/A,N/A,N/A,ENABLED,1708,500,2100,DISABLED,DISABLED,1693,500,2100,DISABLED,DISABLED,1713,500,2100,DISABLED,DISABLED,1708,500,2100,DISABLED,DISABLED,1718,500,2100,DISABLED,DISABLED,1712,500,2100,DISABLED,DISABLED,1697,500,2100,DISABLED,DISABLED,1695,500,2100,DISABLED,DISABLED,1384,900,1500,N/A,DISABLED,46,914,1680,N/A,ENABLED,46,914,1680,N/A,ENABLED,46,914,1680,N/A,ENABLED,46,914,1680,N/A,ENABLED,39,711,1400,N/A,ENABLED,39,711,1400,N/A,ENABLED,39,711,1400,N/A,ENABLED,39,711,1400,N/A,ENABLED,N/A,70,78
1744609227,0,667,N/A,N/A,N/A,N/A,ENABLED,1719,500,2100,DISABLED,DISABLED,1704,500,2100,DISABLED,DISABLED,1725,500,2100,DISABLED,DISABLED,1721,500,2100,DISABLED,DISABLED,1729,500,2100,DISABLED,DISABLED,1723,500,2100,DISABLED,DISABLED,1708,500,2100,DISABLED,DISABLED,1706,500,2100,DISABLED,DISABLED,1389,900,1500,N/A,DISABLED,47,914,1680,N/A,ENABLED,47,914,1680,N/A,ENABLED,47,914,1680,N/A,ENABLED,47,914,1680,N/A,ENABLED,39,711,1400,N/A,ENABLED,39,711,1400,N/A,ENABLED,39,711,1400,N/A,ENABLED,39,711,1400,N/A,ENABLED,N/A,70,77
1744609228,0,673,N/A,N/A,N/A,N/A,ENABLED,1725,500,2100,DISABLED,DISABLED,1709,500,2100,DISABLED,DISABLED,1730,500,2100,DISABLED,DISABLED,1729,500,2100,DISABLED,DISABLED,1734,500,2100,DISABLED,DISABLED,1729,500,2100,DISABLED,DISABLED,1715,500,2100,DISABLED,DISABLED,1714,500,2100,DISABLED,DISABLED,1393,900,1500,N/A,DISABLED,47,914,1680,N/A,ENABLED,47,914,1680,N/A,ENABLED,47,914,1680,N/A,ENABLED,47,914,1680,N/A,ENABLED,39,711,1400,N/A,ENABLED,39,711,1400,N/A,ENABLED,39,711,1400,N/A,ENABLED,39,711,1400,N/A,ENABLED,N/A,70,77
1744609229,0,677,N/A,N/A,N/A,N/A,ENABLED,1712,500,2100,DISABLED,DISABLED,1697,500,2100,DISABLED,DISABLED,1717,500,2100,DISABLED,DISABLED,1714,500,2100,DISABLED,DISABLED,1722,500,2100,DISABLED,DISABLED,1715,500,2100,DISABLED,DISABLED,1701,500,2100,DISABLED,DISABLED,1700,500,2100,DISABLED,DISABLED,1385,900,1500,N/A,DISABLED,46,914,1680,N/A,ENABLED,46,914,1680,N/A,ENABLED,46,914,1680,N/A,ENABLED,46,914,1680,N/A,ENABLED,39,711,1400,N/A,ENABLED,39,711,1400,N/A,ENABLED,39,711,1400,N/A,ENABLED,39,711,1400,N/A,ENABLED,N/A,70,78
1744609231,0,668,N/A,N/A,N/A,N/A,ENABLED,1720,500,2100,DISABLED,DISABLED,1705,500,2100,DISABLED,DISABLED,1725,500,2100,DISABLED,DISABLED,1723,500,2100,DISABLED,DISABLED,1730,500,2100,DISABLED,DISABLED,1724,500,2100,DISABLED,DISABLED,1710,500,2100,DISABLED,DISABLED,1708,500,2100,DISABLED,DISABLED,1386,900,1500,N/A,DISABLED,46,914,1680,N/A,ENABLED,46,914,1680,N/A,ENABLED,46,914,1680,N/A,ENABLED,46,914,1680,N/A,ENABLED,39,711,1400,N/A,ENABLED,39,711,1400,N/A,ENABLED,39,711,1400,N/A,ENABLED,39,711,1400,N/A,ENABLED,N/A,70,77
1744609232,0,678,N/A,N/A,N/A,N/A,ENABLED,1705,500,2100,DISABLED,DISABLED,1690,500,2100,DISABLED,DISABLED,1711,500,2100,DISABLED,DISABLED,1713,500,2100,DISABLED,DISABLED,1716,500,2100,DISABLED,DISABLED,1710,500,2100,DISABLED,DISABLED,1695,500,2100,DISABLED,DISABLED,1693,500,2100,DISABLED,DISABLED,1386,900,1500,N/A,DISABLED,46,914,1680,N/A,ENABLED,46,914,1680,N/A,ENABLED,47,914,1680,N/A,ENABLED,46,914,1680,N/A,ENABLED,39,711,1400,N/A,ENABLED,39,711,1400,N/A,ENABLED,39,711,1400,N/A,ENABLED,39,711,1400,N/A,ENABLED,N/A,70,79
1744609233,0,673,N/A,N/A,N/A,N/A,ENABLED,1719,500,2100,DISABLED,DISABLED,1703,500,2100,DISABLED,DISABLED,1723,500,2100,DISABLED,DISABLED,1728,500,2100,DISABLED,DISABLED,1728,500,2100,DISABLED,DISABLED,1721,500,2100,DISABLED,DISABLED,1707,500,2100,DISABLED,DISABLED,1706,500,2100,DISABLED,DISABLED,1393,900,1500,N/A,DISABLED,47,914,1680,N/A,ENABLED,47,914,1680,N/A,ENABLED,47,914,1680,N/A,ENABLED,47,914,1680,N/A,ENABLED,39,711,1400,N/A,ENABLED,39,711,1400,N/A,ENABLED,39,711,1400,N/A,ENABLED,39,711,1400,N/A,ENABLED,N/A,70,77
1744609234,0,660,N/A,N/A,N/A,N/A,ENABLED,1705,500,2100,DISABLED,DISABLED,1691,500,2100,DISABLED,DISABLED,1711,500,2100,DISABLED,DISABLED,1708,500,2100,DISABLED,DISABLED,1715,500,2100,DISABLED,DISABLED,1709,500,2100,DISABLED,DISABLED,1694,500,2100,DISABLED,DISABLED,1692,500,2100,DISABLED,DISABLED,1390,900,1500,N/A,DISABLED,47,914,1680,N/A,ENABLED,47,914,1680,N/A,ENABLED,47,914,1680,N/A,ENABLED,47,914,1680,N/A,ENABLED,39,711,1400,N/A,ENABLED,39,711,1400,N/A,ENABLED,39,711,1400,N/A,ENABLED,39,711,1400,N/A,ENABLED,N/A,70,78
1744609235,0,674,N/A,N/A,N/A,N/A,ENABLED,1703,500,2100,DISABLED,DISABLED,1687,500,2100,DISABLED,DISABLED,1709,500,2100,DISABLED,DISABLED,1705,500,2100,DISABLED,DISABLED,1712,500,2100,DISABLED,DISABLED,1707,500,2100,DISABLED,DISABLED,1692,500,2100,DISABLED,DISABLED,1691,500,2100,DISABLED,DISABLED,1391,900,1500,N/A,DISABLED,47,914,1680,N/A,ENABLED,47,914,1680,N/A,ENABLED,47,914,1680,N/A,ENABLED,47,914,1680,N/A,ENABLED,39,711,1400,N/A,ENABLED,39,711,1400,N/A,ENABLED,39,711,1400,N/A,ENABLED,39,711,1400,N/A,ENABLED,N/A,70,78
1744609236,0,672,N/A,N/A,N/A,N/A,ENABLED,1722,500,2100,DISABLED,DISABLED,1707,500,2100,DISABLED,DISABLED,1728,500,2100,DISABLED,DISABLED,1724,500,2100,DISABLED,DISABLED,1731,500,2100,DISABLED,DISABLED,1727,500,2100,DISABLED,DISABLED,1712,500,2100,DISABLED,DISABLED,1710,500,2100,DISABLED,DISABLED,1394,900,1500,N/A,DISABLED,47,914,1680,N/A,ENABLED,47,914,1680,N/A,ENABLED,47,914,1680,N/A,ENABLED,47,914,1680,N/A,ENABLED,40,711,1400,N/A,ENABLED,40,711,1400,N/A,ENABLED,40,711,1400,N/A,ENABLED,40,711,1400,N/A,ENABLED,N/A,70,77
1744609238,0,681,N/A,N/A,N/A,N/A,ENABLED,1707,500,2100,DISABLED,DISABLED,1691,500,2100,DISABLED,DISABLED,1713,500,2100,DISABLED,DISABLED,1709,500,2100,DISABLED,DISABLED,1716,500,2100,DISABLED,DISABLED,1711,500,2100,DISABLED,DISABLED,1696,500,2100,DISABLED,DISABLED,1696,500,2100,DISABLED,DISABLED,1391,900,1500,N/A,DISABLED,47,914,1680,N/A,ENABLED,47,914,1680,N/A,ENABLED,47,914,1680,N/A,ENABLED,47,914,1680,N/A,ENABLED,39,711,1400,N/A,ENABLED,39,711,1400,N/A,ENABLED,39,711,1400,N/A,ENABLED,39,711,1400,N/A,ENABLED,N/A,70,78
1744609239,0,669,N/A,N/A,N/A,N/A,ENABLED,1698,500,2100,DISABLED,DISABLED,1683,500,2100,DISABLED,DISABLED,1706,500,2100,DISABLED,DISABLED,1703,500,2100,DISABLED,DISABLED,1708,500,2100,DISABLED,DISABLED,1702,500,2100,DISABLED,DISABLED,1686,500,2100,DISABLED,DISABLED,1685,500,2100,DISABLED,DISABLED,1385,900,1500,N/A,DISABLED,46,914,1680,N/A,ENABLED,46,914,1680,N/A,ENABLED,46,914,1680,N/A,ENABLED,46,914,1680,N/A,ENABLED,39,711,1400,N/A,ENABLED,39,711,1400,N/A,ENABLED,39,711,1400,N/A,ENABLED,39,711,1400,N/A,ENABLED,N/A,70,78
1744609240,0,660,N/A,N/A,N/A,N/A,ENABLED,1702,500,2100,DISABLED,DISABLED,1686,500,2100,DISABLED,DISABLED,1708,500,2100,DISABLED,DISABLED,1706,500,2100,DISABLED,DISABLED,1711,500,2100,DISABLED,DISABLED,1705,500,2100,DISABLED,DISABLED,1690,500,2100,DISABLED,DISABLED,1689,500,2100,DISABLED,DISABLED,1388,900,1500,N/A,DISABLED,46,914,1680,N/A,ENABLED,46,914,1680,N/A,ENABLED,46,914,1680,N/A,ENABLED,46,914,1680,N/A,ENABLED,39,711,1400,N/A,ENABLED,39,711,1400,N/A,ENABLED,39,711,1400,N/A,ENABLED,39,711,1400,N/A,ENABLED,N/A,70,77
1744609241,0,670,N/A,N/A,N/A,N/A,ENABLED,1720,500,2100,DISABLED,DISABLED,1705,500,2100,DISABLED,DISABLED,1728,500,2100,DISABLED,DISABLED,1724,500,2100,DISABLED,DISABLED,1730,500,2100,DISABLED,DISABLED,1725,500,2100,DISABLED,DISABLED,1710,500,2100,DISABLED,DISABLED,1708,500,2100,DISABLED,DISABLED,1395,900,1500,N/A,DISABLED,47,914,1680,N/A,ENABLED,47,914,1680,N/A,ENABLED,47,914,1680,N/A,ENABLED,47,914,1680,N/A,ENABLED,40,711,1400,N/A,ENABLED,40,711,1400,N/A,ENABLED,40,711,1400,N/A,ENABLED,40,711,1400,N/A,ENABLED,N/A,70,77
1744609242,0,678,N/A,N/A,N/A,N/A,ENABLED,1716,500,2100,DISABLED,DISABLED,1700,500,2100,DISABLED,DISABLED,1722,500,2100,DISABLED,DISABLED,1718,500,2100,DISABLED,DISABLED,1726,500,2100,DISABLED,DISABLED,1721,500,2100,DISABLED,DISABLED,1705,500,2100,DISABLED,DISABLED,1704,500,2100,DISABLED,DISABLED,1393,900,1500,N/A,DISABLED,47,914,1680,N/A,ENABLED,47,914,1680,N/A,ENABLED,47,914,1680,N/A,ENABLED,47,914,1680,N/A,ENABLED,40,711,1400,N/A,ENABLED,40,711,1400,N/A,ENABLED,40,711,1400,N/A,ENABLED,40,711,1400,N/A,ENABLED,N/A,70,78
1744609243,0,679,N/A,N/A,N/A,N/A,ENABLED,1716,500,2100,DISABLED,DISABLED,1702,500,2100,DISABLED,DISABLED,1722,500,2100,DISABLED,DISABLED,1719,500,2100,DISABLED,DISABLED,1726,500,2100,DISABLED,DISABLED,1721,500,2100,DISABLED,DISABLED,1705,500,2100,DISABLED,DISABLED,1704,500,2100,DISABLED,DISABLED,1389,900,1500,N/A,DISABLED,47,914,1680,N/A,ENABLED,47,914,1680,N/A,ENABLED,47,914,1680,N/A,ENABLED,47,914,1680,N/A,ENABLED,39,711,1400,N/A,ENABLED,39,711,1400,N/A,ENABLED,39,711,1400,N/A,ENABLED,39,711,1400,N/A,ENABLED,N/A,70,77
1744609245,0,675,N/A,N/A,N/A,N/A,ENABLED,1705,500,2100,DISABLED,DISABLED,1690,500,2100,DISABLED,DISABLED,1711,500,2100,DISABLED,DISABLED,1706,500,2100,DISABLED,DISABLED,1715,500,2100,DISABLED,DISABLED,1709,500,2100,DISABLED,DISABLED,1695,500,2100,DISABLED,DISABLED,1694,500,2100,DISABLED,DISABLED,1389,900,1500,N/A,DISABLED,47,914,1680,N/A,ENABLED,47,914,1680,N/A,ENABLED,47,914,1680,N/A,ENABLED,47,914,1680,N/A,ENABLED,39,711,1400,N/A,ENABLED,39,711,1400,N/A,ENABLED,39,711,1400,N/A,ENABLED,39,711,1400,N/A,ENABLED,N/A,70,78
1744609246,0,674,N/A,N/A,N/A,N/A,ENABLED,1713,500,2100,DISABLED,DISABLED,1697,500,2100,DISABLED,DISABLED,1720,500,2100,DISABLED,DISABLED,1716,500,2100,DISABLED,DISABLED,1722,500,2100,DISABLED,DISABLED,1717,500,2100,DISABLED,DISABLED,1703,500,2100,DISABLED,DISABLED,1701,500,2100,DISABLED,DISABLED,1391,900,1500,N/A,DISABLED,47,914,1680,N/A,ENABLED,47,914,1680,N/A,ENABLED,47,914,1680,N/A,ENABLED,47,914,1680,N/A,ENABLED,39,711,1400,N/A,ENABLED,39,711,1400,N/A,ENABLED,39,711,1400,N/A,ENABLED,39,711,1400,N/A,ENABLED,N/A,70,77
1744609247,0,675,N/A,N/A,N/A,N/A,ENABLED,1709,500,2100,DISABLED,DISABLED,1693,500,2100,DISABLED,DISABLED,1714,500,2100,DISABLED,DISABLED,1711,500,2100,DISABLED,DISABLED,1718,500,2100,DISABLED,DISABLED,1713,500,2100,DISABLED,DISABLED,1698,500,2100,DISABLED,DISABLED,1696,500,2100,DISABLED,DISABLED,1388,900,1500,N/A,DISABLED,47,914,1680,N/A,ENABLED,47,914,1680,N/A,ENABLED,47,914,1680,N/A,ENABLED,47,914,1680,N/A,ENABLED,39,711,1400,N/A,ENABLED,39,711,1400,N/A,ENABLED,39,711,1400,N/A,ENABLED,39,711,1400,N/A,ENABLED,N/A,70,78
1744609248,0,666,N/A,N/A,N/A,N/A,ENABLED,1703,500,2100,DISABLED,DISABLED,1687,500,2100,DISABLED,DISABLED,1710,500,2100,DISABLED,DISABLED,1706,500,2100,DISABLED,DISABLED,1713,500,2100,DISABLED,DISABLED,1707,500,2100,DISABLED,DISABLED,1691,500,2100,DISABLED,DISABLED,1690,500,2100,DISABLED,DISABLED,1390,900,1500,N/A,DISABLED,47,914,1680,N/A,ENABLED,47,914,1680,N/A,ENABLED,47,914,1680,N/A,ENABLED,47,914,1680,N/A,ENABLED,39,711,1400,N/A,ENABLED,39,711,1400,N/A,ENABLED,39,711,1400,N/A,ENABLED,39,711,1400,N/A,ENABLED,N/A,70,78
1744609249,0,667,N/A,N/A,N/A,N/A,ENABLED,1698,500,2100,DISABLED,DISABLED,1682,500,2100,DISABLED,DISABLED,1705,500,2100,DISABLED,DISABLED,1702,500,2100,DISABLED,DISABLED,1708,500,2100,DISABLED,DISABLED,1702,500,2100,DISABLED,DISABLED,1694,500,2100,DISABLED,DISABLED,1685,500,2100,DISABLED,DISABLED,1382,900,1500,N/A,DISABLED,46,914,1680,N/A,ENABLED,46,914,1680,N/A,ENABLED,46,914,1680,N/A,ENABLED,46,914,1680,N/A,ENABLED,39,711,1400,N/A,ENABLED,39,711,1400,N/A,ENABLED,39,711,1400,N/A,ENABLED,39,711,1400,N/A,ENABLED,N/A,70,78
1744609251,0,672,N/A,N/A,N/A,N/A,ENABLED,1698,500,2100,DISABLED,DISABLED,1682,500,2100,DISABLED,DISABLED,1704,500,2100,DISABLED,DISABLED,1701,500,2100,DISABLED,DISABLED,1708,500,2100,DISABLED,DISABLED,1706,500,2100,DISABLED,DISABLED,1696,500,2100,DISABLED,DISABLED,1689,500,2100,DISABLED,DISABLED,1382,900,1500,N/A,DISABLED,46,914,1680,N/A,ENABLED,46,914,1680,N/A,ENABLED,46,914,1680,N/A,ENABLED,46,914,1680,N/A,ENABLED,39,711,1400,N/A,ENABLED,39,711,1400,N/A,ENABLED,39,711,1400,N/A,ENABLED,39,711,1400,N/A,ENABLED,N/A,70,78
1744609252,0,668,N/A,N/A,N/A,N/A,ENABLED,1703,500,2100,DISABLED,DISABLED,1687,500,2100,DISABLED,DISABLED,1708,500,2100,DISABLED,DISABLED,1705,500,2100,DISABLED,DISABLED,1712,500,2100,DISABLED,DISABLED,1716,500,2100,DISABLED,DISABLED,1694,500,2100,DISABLED,DISABLED,1695,500,2100,DISABLED,DISABLED,1385,900,1500,N/A,DISABLED,46,914,1680,N/A,ENABLED,46,914,1680,N/A,ENABLED,46,914,1680,N/A,ENABLED,46,914,1680,N/A,ENABLED,39,711,1400,N/A,ENABLED,39,711,1400,N/A,ENABLED,39,711,1400,N/A,ENABLED,39,711,1400,N/A,ENABLED,N/A,70,78
1744609253,0,678,N/A,N/A,N/A,N/A,ENABLED,1708,500,2100,DISABLED,DISABLED,1693,500,2100,DISABLED,DISABLED,1714,500,2100,DISABLED,DISABLED,1710,500,2100,DISABLED,DISABLED,1718,500,2100,DISABLED,DISABLED,1710,500,2100,DISABLED,DISABLED,1694,500,2100,DISABLED,DISABLED,1693,500,2100,DISABLED,DISABLED,1390,900,1500,N/A,DISABLED,47,914,1680,N/A,ENABLED,47,914,1680,N/A,ENABLED,47,914,1680,N/A,ENABLED,47,914,1680,N/A,ENABLED,39,711,1400,N/A,ENABLED,39,711,1400,N/A,ENABLED,39,711,1400,N/A,ENABLED,39,711,1400,N/A,ENABLED,N/A,70,78
1744609254,0,671,N/A,N/A,N/A,N/A,ENABLED,1708,500,2100,DISABLED,DISABLED,1693,500,2100,DISABLED,DISABLED,1714,500,2100,DISABLED,DISABLED,1710,500,2100,DISABLED,DISABLED,1717,500,2100,DISABLED,DISABLED,1710,500,2100,DISABLED,DISABLED,1695,500,2100,DISABLED,DISABLED,1694,500,2100,DISABLED,DISABLED,1386,900,1500,N/A,DISABLED,46,914,1680,N/A,ENABLED,46,914,1680,N/A,ENABLED,46,914,1680,N/A,ENABLED,46,914,1680,N/A,ENABLED,39,711,1400,N/A,ENABLED,39,711,1400,N/A,ENABLED,39,711,1400,N/A,ENABLED,39,711,1400,N/A,ENABLED,N/A,70,78
1744609255,0,676,N/A,N/A,N/A,N/A,ENABLED,1720,500,2100,DISABLED,DISABLED,1703,500,2100,DISABLED,DISABLED,1713,500,2100,DISABLED,DISABLED,1710,500,2100,DISABLED,DISABLED,1717,500,2100,DISABLED,DISABLED,1710,500,2100,DISABLED,DISABLED,1696,500,2100,DISABLED,DISABLED,1693,500,2100,DISABLED,DISABLED,1392,900,1500,N/A,DISABLED,47,914,1680,N/A,ENABLED,47,914,1680,N/A,ENABLED,47,914,1680,N/A,ENABLED,47,914,1680,N/A,ENABLED,39,711,1400,N/A,ENABLED,39,711,1400,N/A,ENABLED,39,711,1400,N/A,ENABLED,39,711,1400,N/A,ENABLED,N/A,70,78
1744609256,0,671,N/A,N/A,N/A,N/A,ENABLED,1706,500,2100,DISABLED,DISABLED,1692,500,2100,DISABLED,DISABLED,1717,500,2100,DISABLED,DISABLED,1710,500,2100,DISABLED,DISABLED,1720,500,2100,DISABLED,DISABLED,1708,500,2100,DISABLED,DISABLED,1694,500,2100,DISABLED,DISABLED,1692,500,2100,DISABLED,DISABLED,1387,900,1500,N/A,DISABLED,46,914,1680,N/A,ENABLED,46,914,1680,N/A,ENABLED,46,914,1680,N/A,ENABLED,46,914,1680,N/A,ENABLED,39,711,1400,N/A,ENABLED,39,711,1400,N/A,ENABLED,39,711,1400,N/A,ENABLED,39,711,1400,N/A,ENABLED,N/A,70,78
1744609258,0,666,N/A,N/A,N/A,N/A,ENABLED,1703,500,2100,DISABLED,DISABLED,1687,500,2100,DISABLED,DISABLED,1720,500,2100,DISABLED,DISABLED,1704,500,2100,DISABLED,DISABLED,1722,500,2100,DISABLED,DISABLED,1707,500,2100,DISABLED,DISABLED,1693,500,2100,DISABLED,DISABLED,1691,500,2100,DISABLED,DISABLED,1387,900,1500,N/A,DISABLED,46,914,1680,N/A,ENABLED,46,914,1680,N/A,ENABLED,46,914,1680,N/A,ENABLED,46,914,1680,N/A,ENABLED,39,711,1400,N/A,ENABLED,39,711,1400,N/A,ENABLED,39,711,1400,N/A,ENABLED,39,711,1400,N/A,ENABLED,N/A,70,78
1744609259,0,670,N/A,N/A,N/A,N/A,ENABLED,1710,500,2100,DISABLED,DISABLED,1694,500,2100,DISABLED,DISABLED,1716,500,2100,DISABLED,DISABLED,1710,500,2100,DISABLED,DISABLED,1719,500,2100,DISABLED,DISABLED,1713,500,2100,DISABLED,DISABLED,1698,500,2100,DISABLED,DISABLED,1696,500,2100,DISABLED,DISABLED,1387,900,1500,N/A,DISABLED,46,914,1680,N/A,ENABLED,46,914,1680,N/A,ENABLED,46,914,1680,N/A,ENABLED,46,914,1680,N/A,ENABLED,39,711,1400,N/A,ENABLED,39,711,1400,N/A,ENABLED,39,711,1400,N/A,ENABLED,39,711,1400,N/A,ENABLED,N/A,70,78
1744609260,0,668,N/A,N/A,N/A,N/A,ENABLED,1704,500,2100,DISABLED,DISABLED,1688,500,2100,DISABLED,DISABLED,1710,500,2100,DISABLED,DISABLED,1708,500,2100,DISABLED,DISABLED,1714,500,2100,DISABLED,DISABLED,1708,500,2100,DISABLED,DISABLED,1694,500,2100,DISABLED,DISABLED,1691,500,2100,DISABLED,DISABLED,1390,900,1500,N/A,DISABLED,47,914,1680,N/A,ENABLED,47,914,1680,N/A,ENABLED,47,914,1680,N/A,ENABLED,47,914,1680,N/A,ENABLED,39,711,1400,N/A,ENABLED,39,711,1400,N/A,ENABLED,39,711,1400,N/A,ENABLED,39,711,1400,N/A,ENABLED,N/A,70,78
1744609261,0,671,N/A,N/A,N/A,N/A,ENABLED,1701,500,2100,DISABLED,DISABLED,1685,500,2100,DISABLED,DISABLED,1707,500,2100,DISABLED,DISABLED,1702,500,2100,DISABLED,DISABLED,1710,500,2100,DISABLED,DISABLED,1704,500,2100,DISABLED,DISABLED,1689,500,2100,DISABLED,DISABLED,1688,500,2100,DISABLED,DISABLED,1387,900,1500,N/A,DISABLED,46,914,1680,N/A,ENABLED,46,914,1680,N/A,ENABLED,46,914,1680,N/A,ENABLED,46,914,1680,N/A,ENABLED,39,711,1400,N/A,ENABLED,39,711,1400,N/A,ENABLED,39,711,1400,N/A,ENABLED,39,711,1400,N/A,ENABLED,N/A,70,78
1744609262,0,676,N/A,N/A,N/A,N/A,ENABLED,1714,500,2100,DISABLED,DISABLED,1697,500,2100,DISABLED,DISABLED,1719,500,2100,DISABLED,DISABLED,1714,500,2100,DISABLED,DISABLED,1723,500,2100,DISABLED,DISABLED,1716,500,2100,DISABLED,DISABLED,1702,500,2100,DISABLED,DISABLED,1700,500,2100,DISABLED,DISABLED,1394,900,1500,N/A,DISABLED,47,914,1680,N/A,ENABLED,47,914,1680,N/A,ENABLED,47,914,1680,N/A,ENABLED,47,914,1680,N/A,ENABLED,40,711,1400,N/A,ENABLED,40,711,1400,N/A,ENABLED,40,711,1400,N/A,ENABLED,40,711,1400,N/A,ENABLED,N/A,70,77
1744609263,0,679,N/A,N/A,N/A,N/A,ENABLED,1707,500,2100,DISABLED,DISABLED,1691,500,2100,DISABLED,DISABLED,1714,500,2100,DISABLED,DISABLED,1709,500,2100,DISABLED,DISABLED,1717,500,2100,DISABLED,DISABLED,1711,500,2100,DISABLED,DISABLED,1696,500,2100,DISABLED,DISABLED,1695,500,2100,DISABLED,DISABLED,1390,900,1500,N/A,DISABLED,47,914,1680,N/A,ENABLED,47,914,1680,N/A,ENABLED,47,914,1680,N/A,ENABLED,47,914,1680,N/A,ENABLED,39,711,1400,N/A,ENABLED,39,711,1400,N/A,ENABLED,39,711,1400,N/A,ENABLED,39,711,1400,N/A,ENABLED,N/A,70,77
1744609265,0,672,N/A,N/A,N/A,N/A,ENABLED,1705,500,2100,DISABLED,DISABLED,1689,500,2100,DISABLED,DISABLED,1711,500,2100,DISABLED,DISABLED,1711,500,2100,DISABLED,DISABLED,1714,500,2100,DISABLED,DISABLED,1708,500,2100,DISABLED,DISABLED,1694,500,2100,DISABLED,DISABLED,1692,500,2100,DISABLED,DISABLED,1390,900,1500,N/A,DISABLED,47,914,1680,N/A,ENABLED,47,914,1680,N/A,ENABLED,47,914,1680,N/A,ENABLED,47,914,1680,N/A,ENABLED,39,711,1400,N/A,ENABLED,39,711,1400,N/A,ENABLED,39,711,1400,N/A,ENABLED,39,711,1400,N/A,ENABLED,N/A,70,78
1744609266,0,673,N/A,N/A,N/A,N/A,ENABLED,1712,500,2100,DISABLED,DISABLED,1697,500,2100,DISABLED,DISABLED,1719,500,2100,DISABLED,DISABLED,1721,500,2100,DISABLED,DISABLED,1722,500,2100,DISABLED,DISABLED,1716,500,2100,DISABLED,DISABLED,1700,500,2100,DISABLED,DISABLED,1699,500,2100,DISABLED,DISABLED,1391,900,1500,N/A,DISABLED,47,914,1680,N/A,ENABLED,47,914,1680,N/A,ENABLED,47,914,1680,N/A,ENABLED,47,914,1680,N/A,ENABLED,39,711,1400,N/A,ENABLED,39,711,1400,N/A,ENABLED,39,711,1400,N/A,ENABLED,39,711,1400,N/A,ENABLED,N/A,70,78
1744609267,0,671,N/A,N/A,N/A,N/A,ENABLED,1708,500,2100,DISABLED,DISABLED,1693,500,2100,DISABLED,DISABLED,1715,500,2100,DISABLED,DISABLED,1713,500,2100,DISABLED,DISABLED,1718,500,2100,DISABLED,DISABLED,1712,500,2100,DISABLED,DISABLED,1696,500,2100,DISABLED,DISABLED,1695,500,2100,DISABLED,DISABLED,1395,900,1500,N/A,DISABLED,47,914,1680,N/A,ENABLED,47,914,1680,N/A,ENABLED,47,914,1680,N/A,ENABLED,47,914,1680,N/A,ENABLED,40,711,1400,N/A,ENABLED,40,711,1400,N/A,ENABLED,40,711,1400,N/A,ENABLED,40,711,1400,N/A,ENABLED,N/A,70,78
1744609268,0,673,N/A,N/A,N/A,N/A,ENABLED,1707,500,2100,DISABLED,DISABLED,1691,500,2100,DISABLED,DISABLED,1712,500,2100,DISABLED,DISABLED,1707,500,2100,DISABLED,DISABLED,1718,500,2100,DISABLED,DISABLED,1711,500,2100,DISABLED,DISABLED,1696,500,2100,DISABLED,DISABLED,1694,500,2100,DISABLED,DISABLED,1385,900,1500,N/A,DISABLED,46,914,1680,N/A,ENABLED,46,914,1680,N/A,ENABLED,46,914,1680,N/A,ENABLED,46,914,1680,N/A,ENABLED,39,711,1400,N/A,ENABLED,39,711,1400,N/A,ENABLED,39,711,1400,N/A,ENABLED,39,711,1400,N/A,ENABLED,N/A,70,78
1744609269,0,682,N/A,N/A,N/A,N/A,ENABLED,1710,500,2100,DISABLED,DISABLED,1693,500,2100,DISABLED,DISABLED,1713,500,2100,DISABLED,DISABLED,1709,500,2100,DISABLED,DISABLED,1718,500,2100,DISABLED,DISABLED,1713,500,2100,DISABLED,DISABLED,1698,500,2100,DISABLED,DISABLED,1696,500,2100,DISABLED,DISABLED,1387,900,1500,N/A,DISABLED,46,914,1680,N/A,ENABLED,46,914,1680,N/A,ENABLED,46,914,1680,N/A,ENABLED,46,914,1680,N/A,ENABLED,39,711,1400,N/A,ENABLED,39,711,1400,N/A,ENABLED,39,711,1400,N/A,ENABLED,39,711,1400,N/A,ENABLED,N/A,70,78
1744609271,0,677,N/A,N/A,N/A,N/A,ENABLED,1710,500,2100,DISABLED,DISABLED,1694,500,2100,DISABLED,DISABLED,1715,500,2100,DISABLED,DISABLED,1711,500,2100,DISABLED,DISABLED,1720,500,2100,DISABLED,DISABLED,1715,500,2100,DISABLED,DISABLED,1699,500,2100,DISABLED,DISABLED,1697,500,2100,DISABLED,DISABLED,1387,900,1500,N/A,DISABLED,46,914,1680,N/A,ENABLED,46,914,1680,N/A,ENABLED,46,914,1680,N/A,ENABLED,46,914,1680,N/A,ENABLED,39,711,1400,N/A,ENABLED,39,711,1400,N/A,ENABLED,39,711,1400,N/A,ENABLED,39,711,1400,N/A,ENABLED,N/A,70,78
1744609272,0,673,N/A,N/A,N/A,N/A,ENABLED,1713,500,2100,DISABLED,DISABLED,1698,500,2100,DISABLED,DISABLED,1719,500,2100,DISABLED,DISABLED,1716,500,2100,DISABLED,DISABLED,1723,500,2100,DISABLED,DISABLED,1717,500,2100,DISABLED,DISABLED,1702,500,2100,DISABLED,DISABLED,1701,500,2100,DISABLED,DISABLED,1386,900,1500,N/A,DISABLED,46,914,1680,N/A,ENABLED,46,914,1680,N/A,ENABLED,46,914,1680,N/A,ENABLED,46,914,1680,N/A,ENABLED,39,711,1400,N/A,ENABLED,39,711,1400,N/A,ENABLED,39,711,1400,N/A,ENABLED,39,711,1400,N/A,ENABLED,N/A,70,77
1744609273,0,667,N/A,N/A,N/A,N/A,ENABLED,1708,500,2100,DISABLED,DISABLED,1693,500,2100,DISABLED,DISABLED,1713,500,2100,DISABLED,DISABLED,1711,500,2100,DISABLED,DISABLED,1717,500,2100,DISABLED,DISABLED,1711,500,2100,DISABLED,DISABLED,1695,500,2100,DISABLED,DISABLED,1694,500,2100,DISABLED,DISABLED,1385,900,1500,N/A,DISABLED,46,914,1680,N/A,ENABLED,46,914,1680,N/A,ENABLED,46,914,1680,N/A,ENABLED,46,914,1680,N/A,ENABLED,39,711,1400,N/A,ENABLED,39,711,1400,N/A,ENABLED,39,711,1400,N/A,ENABLED,39,711,1400,N/A,ENABLED,N/A,70,78
1744609274,0,677,N/A,N/A,N/A,N/A,ENABLED,1705,500,2100,DISABLED,DISABLED,1689,500,2100,DISABLED,DISABLED,1710,500,2100,DISABLED,DISABLED,1706,500,2100,DISABLED,DISABLED,1714,500,2100,DISABLED,DISABLED,1709,500,2100,DISABLED,DISABLED,1695,500,2100,DISABLED,DISABLED,1693,500,2100,DISABLED,DISABLED,1388,900,1500,N/A,DISABLED,46,914,1680,N/A,ENABLED,46,914,1680,N/A,ENABLED,46,914,1680,N/A,ENABLED,46,914,1680,N/A,ENABLED,39,711,1400,N/A,ENABLED,39,711,1400,N/A,ENABLED,39,711,1400,N/A,ENABLED,39,711,1400,N/A,ENABLED,N/A,70,78
1744609275,0,682,N/A,N/A,N/A,N/A,ENABLED,1711,500,2100,DISABLED,DISABLED,1695,500,2100,DISABLED,DISABLED,1716,500,2100,DISABLED,DISABLED,1712,500,2100,DISABLED,DISABLED,1719,500,2100,DISABLED,DISABLED,1715,500,2100,DISABLED,DISABLED,1699,500,2100,DISABLED,DISABLED,1698,500,2100,DISABLED,DISABLED,1389,900,1500,N/A,DISABLED,47,914,1680,N/A,ENABLED,47,914,1680,N/A,ENABLED,47,914,1680,N/A,ENABLED,47,914,1680,N/A,ENABLED,39,711,1400,N/A,ENABLED,39,711,1400,N/A,ENABLED,39,711,1400,N/A,ENABLED,39,711,1400,N/A,ENABLED,N/A,70,78
1744609276,0,678,N/A,N/A,N/A,N/A,ENABLED,1715,500,2100,DISABLED,DISABLED,1699,500,2100,DISABLED,DISABLED,1720,500,2100,DISABLED,DISABLED,1716,500,2100,DISABLED,DISABLED,1725,500,2100,DISABLED,DISABLED,1720,500,2100,DISABLED,DISABLED,1704,500,2100,DISABLED,DISABLED,1703,500,2100,DISABLED,DISABLED,1389,900,1500,N/A,DISABLED,47,914,1680,N/A,ENABLED,47,914,1680,N/A,ENABLED,47,914,1680,N/A,ENABLED,47,914,1680,N/A,ENABLED,39,711,1400,N/A,ENABLED,39,711,1400,N/A,ENABLED,39,711,1400,N/A,ENABLED,39,711,1400,N/A,ENABLED,N/A,70,77
1744609278,0,672,N/A,N/A,N/A,N/A,ENABLED,1706,500,2100,DISABLED,DISABLED,1691,500,2100,DISABLED,DISABLED,1711,500,2100,DISABLED,DISABLED,1708,500,2100,DISABLED,DISABLED,1714,500,2100,DISABLED,DISABLED,1709,500,2100,DISABLED,DISABLED,1694,500,2100,DISABLED,DISABLED,1693,500,2100,DISABLED,DISABLED,1391,900,1500,N/A,DISABLED,47,914,1680,N/A,ENABLED,47,914,1680,N/A,ENABLED,47,914,1680,N/A,ENABLED,47,914,1680,N/A,ENABLED,39,711,1400,N/A,ENABLED,39,711,1400,N/A,ENABLED,39,711,1400,N/A,ENABLED,39,711,1400,N/A,ENABLED,N/A,70,77
1744609279,0,671,N/A,N/A,N/A,N/A,ENABLED,1716,500,2100,DISABLED,DISABLED,1701,500,2100,DISABLED,DISABLED,1721,500,2100,DISABLED,DISABLED,1718,500,2100,DISABLED,DISABLED,1724,500,2100,DISABLED,DISABLED,1718,500,2100,DISABLED,DISABLED,1704,500,2100,DISABLED,DISABLED,1703,500,2100,DISABLED,DISABLED,1390,900,1500,N/A,DISABLED,47,914,1680,N/A,ENABLED,47,914,1680,N/A,ENABLED,47,914,1680,N/A,ENABLED,47,914,1680,N/A,ENABLED,39,711,1400,N/A,ENABLED,39,711,1400,N/A,ENABLED,39,711,1400,N/A,ENABLED,39,711,1400,N/A,ENABLED,N/A,70,77
1744609280,0,677,N/A,N/A,N/A,N/A,ENABLED,1714,500,2100,DISABLED,DISABLED,1698,500,2100,DISABLED,DISABLED,1720,500,2100,DISABLED,DISABLED,1717,500,2100,DISABLED,DISABLED,1723,500,2100,DISABLED,DISABLED,1718,500,2100,DISABLED,DISABLED,1703,500,2100,DISABLED,DISABLED,1701,500,2100,DISABLED,DISABLED,1390,900,1500,N/A,DISABLED,47,914,1680,N/A,ENABLED,47,914,1680,N/A,ENABLED,47,914,1680,N/A,ENABLED,47,914,1680,N/A,ENABLED,39,711,1400,N/A,ENABLED,39,711,1400,N/A,ENABLED,39,711,1400,N/A,ENABLED,39,711,1400,N/A,ENABLED,N/A,70,77
1744609281,0,672,N/A,N/A,N/A,N/A,ENABLED,1718,500,2100,DISABLED,DISABLED,1702,500,2100,DISABLED,DISABLED,1724,500,2100,DISABLED,DISABLED,1720,500,2100,DISABLED,DISABLED,1728,500,2100,DISABLED,DISABLED,1722,500,2100,DISABLED,DISABLED,1708,500,2100,DISABLED,DISABLED,1707,500,2100,DISABLED,DISABLED,1392,900,1500,N/A,DISABLED,47,914,1680,N/A,ENABLED,47,914,1680,N/A,ENABLED,47,914,1680,N/A,ENABLED,47,914,1680,N/A,ENABLED,39,711,1400,N/A,ENABLED,39,711,1400,N/A,ENABLED,39,711,1400,N/A,ENABLED,39,711,1400,N/A,ENABLED,N/A,70,77
1744609282,0,677,N/A,N/A,N/A,N/A,ENABLED,1708,500,2100,DISABLED,DISABLED,1692,500,2100,DISABLED,DISABLED,1712,500,2100,DISABLED,DISABLED,1709,500,2100,DISABLED,DISABLED,1715,500,2100,DISABLED,DISABLED,1710,500,2100,DISABLED,DISABLED,1698,500,2100,DISABLED,DISABLED,1694,500,2100,DISABLED,DISABLED,1386,900,1500,N/A,DISABLED,46,914,1680,N/A,ENABLED,46,914,1680,N/A,ENABLED,46,914,1680,N/A,ENABLED,46,914,1680,N/A,ENABLED,39,711,1400,N/A,ENABLED,39,711,1400,N/A,ENABLED,39,711,1400,N/A,ENABLED,39,711,1400,N/A,ENABLED,N/A,70,77
1744609284,0,672,N/A,N/A,N/A,N/A,ENABLED,1705,500,2100,DISABLED,DISABLED,1689,500,2100,DISABLED,DISABLED,1710,500,2100,DISABLED,DISABLED,1707,500,2100,DISABLED,DISABLED,1714,500,2100,DISABLED,DISABLED,1708,500,2100,DISABLED,DISABLED,1703,500,2100,DISABLED,DISABLED,1700,500,2100,DISABLED,DISABLED,1386,900,1500,N/A,DISABLED,46,914,1680,N/A,ENABLED,46,914,1680,N/A,ENABLED,46,914,1680,N/A,ENABLED,46,914,1680,N/A,ENABLED,39,711,1400,N/A,ENABLED,39,711,1400,N/A,ENABLED,39,711,1400,N/A,ENABLED,39,711,1400,N/A,ENABLED,N/A,70,78
1744609285,0,663,N/A,N/A,N/A,N/A,ENABLED,1718,500,2100,DISABLED,DISABLED,1701,500,2100,DISABLED,DISABLED,1722,500,2100,DISABLED,DISABLED,1719,500,2100,DISABLED,DISABLED,1725,500,2100,DISABLED,DISABLED,1729,500,2100,DISABLED,DISABLED,1707,500,2100,DISABLED,DISABLED,1714,500,2100,DISABLED,DISABLED,1389,900,1500,N/A,DISABLED,47,914,1680,N/A,ENABLED,47,914,1680,N/A,ENABLED,47,914,1680,N/A,ENABLED,47,914,1680,N/A,ENABLED,39,711,1400,N/A,ENABLED,39,711,1400,N/A,ENABLED,39,711,1400,N/A,ENABLED,39,711,1400,N/A,ENABLED,N/A,70,77
1744609286,0,667,N/A,N/A,N/A,N/A,ENABLED,1724,500,2100,DISABLED,DISABLED,1707,500,2100,DISABLED,DISABLED,1728,500,2100,DISABLED,DISABLED,1724,500,2100,DISABLED,DISABLED,1731,500,2100,DISABLED,DISABLED,1729,500,2100,DISABLED,DISABLED,1709,500,2100,DISABLED,DISABLED,1708,500,2100,DISABLED,DISABLED,1395,900,1500,N/A,DISABLED,47,914,1680,N/A,ENABLED,47,914,1680,N/A,ENABLED,47,914,1680,N/A,ENABLED,47,914,1680,N/A,ENABLED,40,711,1400,N/A,ENABLED,40,711,1400,N/A,ENABLED,40,711,1400,N/A,ENABLED,40,711,1400,N/A,ENABLED,N/A,70,77
1744609287,0,675,N/A,N/A,N/A,N/A,ENABLED,1710,500,2100,DISABLED,DISABLED,1694,500,2100,DISABLED,DISABLED,1715,500,2100,DISABLED,DISABLED,1712,500,2100,DISABLED,DISABLED,1718,500,2100,DISABLED,DISABLED,1711,500,2100,DISABLED,DISABLED,1697,500,2100,DISABLED,DISABLED,1695,500,2100,DISABLED,DISABLED,1389,900,1500,N/A,DISABLED,47,914,1680,N/A,ENABLED,47,914,1680,N/A,ENABLED,47,914,1680,N/A,ENABLED,47,914,1680,N/A,ENABLED,39,711,1400,N/A,ENABLED,39,711,1400,N/A,ENABLED,39,711,1400,N/A,ENABLED,39,711,1400,N/A,ENABLED,N/A,70,78
1744609288,0,667,N/A,N/A,N/A,N/A,ENABLED,1704,500,2100,DISABLED,DISABLED,1687,500,2100,DISABLED,DISABLED,1704,500,2100,DISABLED,DISABLED,1702,500,2100,DISABLED,DISABLED,1708,500,2100,DISABLED,DISABLED,1705,500,2100,DISABLED,DISABLED,1691,500,2100,DISABLED,DISABLED,1689,500,2100,DISABLED,DISABLED,1387,900,1500,N/A,DISABLED,46,914,1680,N/A,ENABLED,46,914,1680,N/A,ENABLED,46,914,1680,N/A,ENABLED,46,914,1680,N/A,ENABLED,39,711,1400,N/A,ENABLED,39,711,1400,N/A,ENABLED,39,711,1400,N/A,ENABLED,39,711,1400,N/A,ENABLED,N/A,70,78
1744609289,0,666,N/A,N/A,N/A,N/A,ENABLED,1723,500,2100,DISABLED,DISABLED,1707,500,2100,DISABLED,DISABLED,1719,500,2100,DISABLED,DISABLED,1715,500,2100,DISABLED,DISABLED,1721,500,2100,DISABLED,DISABLED,1717,500,2100,DISABLED,DISABLED,1703,500,2100,DISABLED,DISABLED,1701,500,2100,DISABLED,DISABLED,1389,900,1500,N/A,DISABLED,47,914,1680,N/A,ENABLED,47,914,1680,N/A,ENABLED,47,914,1680,N/A,ENABLED,47,914,1680,N/A,ENABLED,39,711,1400,N/A,ENABLED,39,711,1400,N/A,ENABLED,39,711,1400,N/A,ENABLED,39,711,1400,N/A,ENABLED,N/A,70,78
1744609291,0,679,N/A,N/A,N/A,N/A,ENABLED,1715,500,2100,DISABLED,DISABLED,1700,500,2100,DISABLED,DISABLED,1730,500,2100,DISABLED,DISABLED,1718,500,2100,DISABLED,DISABLED,1732,500,2100,DISABLED,DISABLED,1717,500,2100,DISABLED,DISABLED,1704,500,2100,DISABLED,DISABLED,1702,500,2100,DISABLED,DISABLED,1393,900,1500,N/A,DISABLED,47,914,1680,N/A,ENABLED,47,914,1680,N/A,ENABLED,47,914,1680,N/A,ENABLED,47,914,1680,N/A,ENABLED,40,711,1400,N/A,ENABLED,40,711,1400,N/A,ENABLED,40,711,1400,N/A,ENABLED,40,711,1400,N/A,ENABLED,N/A,70,78
1744609292,0,667,N/A,N/A,N/A,N/A,ENABLED,1710,500,2100,DISABLED,DISABLED,1694,500,2100,DISABLED,DISABLED,1721,500,2100,DISABLED,DISABLED,1710,500,2100,DISABLED,DISABLED,1727,500,2100,DISABLED,DISABLED,1711,500,2100,DISABLED,DISABLED,1698,500,2100,DISABLED,DISABLED,1697,500,2100,DISABLED,DISABLED,1390,900,1500,N/A,DISABLED,47,914,1680,N/A,ENABLED,47,914,1680,N/A,ENABLED,47,914,1680,N/A,ENABLED,47,914,1680,N/A,ENABLED,39,711,1400,N/A,ENABLED,39,711,1400,N/A,ENABLED,39,711,1400,N/A,ENABLED,39,711,1400,N/A,ENABLED,N/A,70,79
1744609293,0,680,N/A,N/A,N/A,N/A,ENABLED,1716,500,2100,DISABLED,DISABLED,1699,500,2100,DISABLED,DISABLED,1721,500,2100,DISABLED,DISABLED,1718,500,2100,DISABLED,DISABLED,1724,500,2100,DISABLED,DISABLED,1717,500,2100,DISABLED,DISABLED,1704,500,2100,DISABLED,DISABLED,1702,500,2100,DISABLED,DISABLED,1388,900,1500,N/A,DISABLED,47,914,1680,N/A,ENABLED,47,914,1680,N/A,ENABLED,47,914,1680,N/A,ENABLED,47,914,1680,N/A,ENABLED,39,711,1400,N/A,ENABLED,39,711,1400,N/A,ENABLED,39,711,1400,N/A,ENABLED,39,711,1400,N/A,ENABLED,N/A,70,78
1744609294,0,675,N/A,N/A,N/A,N/A,ENABLED,1711,500,2100,DISABLED,DISABLED,1695,500,2100,DISABLED,DISABLED,1716,500,2100,DISABLED,DISABLED,1714,500,2100,DISABLED,DISABLED,1718,500,2100,DISABLED,DISABLED,1713,500,2100,DISABLED,DISABLED,1698,500,2100,DISABLED,DISABLED,1698,500,2100,DISABLED,DISABLED,1388,900,1500,N/A,DISABLED,46,914,1680,N/A,ENABLED,46,914,1680,N/A,ENABLED,46,914,1680,N/A,ENABLED,46,914,1680,N/A,ENABLED,39,711,1400,N/A,ENABLED,39,711,1400,N/A,ENABLED,39,711,1400,N/A,ENABLED,39,711,1400,N/A,ENABLED,N/A,70,78
1744609295,0,683,N/A,N/A,N/A,N/A,ENABLED,1717,500,2100,DISABLED,DISABLED,1701,500,2100,DISABLED,DISABLED,1722,500,2100,DISABLED,DISABLED,1721,500,2100,DISABLED,DISABLED,1725,500,2100,DISABLED,DISABLED,1720,500,2100,DISABLED,DISABLED,1705,500,2100,DISABLED,DISABLED,1704,500,2100,DISABLED,DISABLED,1388,900,1500,N/A,DISABLED,47,914,1680,N/A,ENABLED,47,914,1680,N/A,ENABLED,47,914,1680,N/A,ENABLED,47,914,1680,N/A,ENABLED,39,711,1400,N/A,ENABLED,39,711,1400,N/A,ENABLED,39,711,1400,N/A,ENABLED,39,711,1400,N/A,ENABLED,N/A,70,78
1744609296,0,677,N/A,N/A,N/A,N/A,ENABLED,1710,500,2100,DISABLED,DISABLED,1694,500,2100,DISABLED,DISABLED,1715,500,2100,DISABLED,DISABLED,1713,500,2100,DISABLED,DISABLED,1717,500,2100,DISABLED,DISABLED,1712,500,2100,DISABLED,DISABLED,1699,500,2100,DISABLED,DISABLED,1698,500,2100,DISABLED,DISABLED,1389,900,1500,N/A,DISABLED,47,914,1680,N/A,ENABLED,47,914,1680,N/A,ENABLED,47,914,1680,N/A,ENABLED,47,914,1680,N/A,ENABLED,39,711,1400,N/A,ENABLED,39,711,1400,N/A,ENABLED,39,711,1400,N/A,ENABLED,39,711,1400,N/A,ENABLED,N/A,70,77
1744609298,0,673,N/A,N/A,N/A,N/A,ENABLED,1701,500,2100,DISABLED,DISABLED,1684,500,2100,DISABLED,DISABLED,1705,500,2100,DISABLED,DISABLED,1701,500,2100,DISABLED,DISABLED,1706,500,2100,DISABLED,DISABLED,1700,500,2100,DISABLED,DISABLED,1687,500,2100,DISABLED,DISABLED,1687,500,2100,DISABLED,DISABLED,1384,900,1500,N/A,DISABLED,46,914,1680,N/A,ENABLED,46,914,1680,N/A,ENABLED,46,914,1680,N/A,ENABLED,46,914,1680,N/A,ENABLED,39,711,1400,N/A,ENABLED,39,711,1400,N/A,ENABLED,39,711,1400,N/A,ENABLED,39,711,1400,N/A,ENABLED,N/A,70,77
1744609299,0,671,N/A,N/A,N/A,N/A,ENABLED,1703,500,2100,DISABLED,DISABLED,1687,500,2100,DISABLED,DISABLED,1707,500,2100,DISABLED,DISABLED,1712,500,2100,DISABLED,DISABLED,1709,500,2100,DISABLED,DISABLED,1703,500,2100,DISABLED,DISABLED,1690,500,2100,DISABLED,DISABLED,1689,500,2100,DISABLED,DISABLED,1383,900,1500,N/A,DISABLED,46,914,1680,N/A,ENABLED,46,914,1680,N/A,ENABLED,46,914,1680,N/A,ENABLED,46,914,1680,N/A,ENABLED,39,711,1400,N/A,ENABLED,39,711,1400,N/A,ENABLED,39,711,1400,N/A,ENABLED,39,711,1400,N/A,ENABLED,N/A,70,79
1744609300,0,674,N/A,N/A,N/A,N/A,ENABLED,1716,500,2100,DISABLED,DISABLED,1701,500,2100,DISABLED,DISABLED,1722,500,2100,DISABLED,DISABLED,1729,500,2100,DISABLED,DISABLED,1724,500,2100,DISABLED,DISABLED,1719,500,2100,DISABLED,DISABLED,1704,500,2100,DISABLED,DISABLED,1704,500,2100,DISABLED,DISABLED,1390,900,1500,N/A,DISABLED,47,914,1680,N/A,ENABLED,47,914,1680,N/A,ENABLED,47,914,1680,N/A,ENABLED,47,914,1680,N/A,ENABLED,39,711,1400,N/A,ENABLED,39,711,1400,N/A,ENABLED,39,711,1400,N/A,ENABLED,39,711,1400,N/A,ENABLED,N/A,70,77
1744609301,0,672,N/A,N/A,N/A,N/A,ENABLED,1709,500,2100,DISABLED,DISABLED,1694,500,2100,DISABLED,DISABLED,1714,500,2100,DISABLED,DISABLED,1710,500,2100,DISABLED,DISABLED,1717,500,2100,DISABLED,DISABLED,1710,500,2100,DISABLED,DISABLED,1695,500,2100,DISABLED,DISABLED,1695,500,2100,DISABLED,DISABLED,1385,900,1500,N/A,DISABLED,46,914,1680,N/A,ENABLED,46,914,1680,N/A,ENABLED,46,914,1680,N/A,ENABLED,46,914,1680,N/A,ENABLED,39,711,1400,N/A,ENABLED,39,711,1400,N/A,ENABLED,39,711,1400,N/A,ENABLED,39,711,1400,N/A,ENABLED,N/A,70,78
1744609302,0,682,N/A,N/A,N/A,N/A,ENABLED,1712,500,2100,DISABLED,DISABLED,1696,500,2100,DISABLED,DISABLED,1717,500,2100,DISABLED,DISABLED,1713,500,2100,DISABLED,DISABLED,1719,500,2100,DISABLED,DISABLED,1713,500,2100,DISABLED,DISABLED,1700,500,2100,DISABLED,DISABLED,1700,500,2100,DISABLED,DISABLED,1388,900,1500,N/A,DISABLED,47,914,1680,N/A,ENABLED,47,914,1680,N/A,ENABLED,47,914,1680,N/A,ENABLED,47,914,1680,N/A,ENABLED,39,711,1400,N/A,ENABLED,39,711,1400,N/A,ENABLED,39,711,1400,N/A,ENABLED,39,711,1400,N/A,ENABLED,N/A,70,78
1744609303,0,671,N/A,N/A,N/A,N/A,ENABLED,1702,500,2100,DISABLED,DISABLED,1687,500,2100,DISABLED,DISABLED,1708,500,2100,DISABLED,DISABLED,1705,500,2100,DISABLED,DISABLED,1710,500,2100,DISABLED,DISABLED,1704,500,2100,DISABLED,DISABLED,1689,500,2100,DISABLED,DISABLED,1689,500,2100,DISABLED,DISABLED,1384,900,1500,N/A,DISABLED,46,914,1680,N/A,ENABLED,46,914,1680,N/A,ENABLED,46,914,1680,N/A,ENABLED,46,914,1680,N/A,ENABLED,39,711,1400,N/A,ENABLED,39,711,1400,N/A,ENABLED,39,711,1400,N/A,ENABLED,39,711,1400,N/A,ENABLED,N/A,70,78
1744609305,0,673,N/A,N/A,N/A,N/A,ENABLED,1711,500,2100,DISABLED,DISABLED,1695,500,2100,DISABLED,DISABLED,1716,500,2100,DISABLED,DISABLED,1713,500,2100,DISABLED,DISABLED,1718,500,2100,DISABLED,DISABLED,1713,500,2100,DISABLED,DISABLED,1698,500,2100,DISABLED,DISABLED,1698,500,2100,DISABLED,DISABLED,1384,900,1500,N/A,DISABLED,46,914,1680,N/A,ENABLED,46,914,1680,N/A,ENABLED,46,914,1680,N/A,ENABLED,46,914,1680,N/A,ENABLED,39,711,1400,N/A,ENABLED,39,711,1400,N/A,ENABLED,39,711,1400,N/A,ENABLED,39,711,1400,N/A,ENABLED,N/A,70,77
1744609306,0,679,N/A,N/A,N/A,N/A,ENABLED,1714,500,2100,DISABLED,DISABLED,1699,500,2100,DISABLED,DISABLED,1721,500,2100,DISABLED,DISABLED,1717,500,2100,DISABLED,DISABLED,1722,500,2100,DISABLED,DISABLED,1715,500,2100,DISABLED,DISABLED,1703,500,2100,DISABLED,DISABLED,1701,500,2100,DISABLED,DISABLED,1389,900,1500,N/A,DISABLED,47,914,1680,N/A,ENABLED,47,914,1680,N/A,ENABLED,47,914,1680,N/A,ENABLED,47,914,1680,N/A,ENABLED,39,711,1400,N/A,ENABLED,39,711,1400,N/A,ENABLED,39,711,1400,N/A,ENABLED,39,711,1400,N/A,ENABLED,N/A,70,78
1744609307,0,676,N/A,N/A,N/A,N/A,ENABLED,1692,500,2100,DISABLED,DISABLED,1676,500,2100,DISABLED,DISABLED,1698,500,2100,DISABLED,DISABLED,1694,500,2100,DISABLED,DISABLED,1699,500,2100,DISABLED,DISABLED,1693,500,2100,DISABLED,DISABLED,1679,500,2100,DISABLED,DISABLED,1678,500,2100,DISABLED,DISABLED,1380,900,1500,N/A,DISABLED,46,914,1680,N/A,ENABLED,46,914,1680,N/A,ENABLED,46,914,1680,N/A,ENABLED,46,914,1680,N/A,ENABLED,39,711,1400,N/A,ENABLED,39,711,1400,N/A,ENABLED,39,711,1400,N/A,ENABLED,39,711,1400,N/A,ENABLED,N/A,70,79
1744609308,0,669,N/A,N/A,N/A,N/A,ENABLED,1711,500,2100,DISABLED,DISABLED,1694,500,2100,DISABLED,DISABLED,1715,500,2100,DISABLED,DISABLED,1712,500,2100,DISABLED,DISABLED,1718,500,2100,DISABLED,DISABLED,1712,500,2100,DISABLED,DISABLED,1698,500,2100,DISABLED,DISABLED,1698,500,2100,DISABLED,DISABLED,1392,900,1500,N/A,DISABLED,47,914,1680,N/A,ENABLED,47,914,1680,N/A,ENABLED,47,914,1680,N/A,ENABLED,47,914,1680,N/A,ENABLED,39,711,1400,N/A,ENABLED,39,711,1400,N/A,ENABLED,39,711,1400,N/A,ENABLED,39,711,1400,N/A,ENABLED,N/A,70,77
1744609309,0,669,N/A,N/A,N/A,N/A,ENABLED,1694,500,2100,DISABLED,DISABLED,1678,500,2100,DISABLED,DISABLED,1699,500,2100,DISABLED,DISABLED,1697,500,2100,DISABLED,DISABLED,1702,500,2100,DISABLED,DISABLED,1696,500,2100,DISABLED,DISABLED,1682,500,2100,DISABLED,DISABLED,1681,500,2100,DISABLED,DISABLED,1386,900,1500,N/A,DISABLED,46,914,1680,N/A,ENABLED,46,914,1680,N/A,ENABLED,46,914,1680,N/A,ENABLED,46,914,1680,N/A,ENABLED,39,711,1400,N/A,ENABLED,39,711,1400,N/A,ENABLED,39,711,1400,N/A,ENABLED,39,711,1400,N/A,ENABLED,N/A,70,78
1744609311,0,672,N/A,N/A,N/A,N/A,ENABLED,1706,500,2100,DISABLED,DISABLED,1690,500,2100,DISABLED,DISABLED,1711,500,2100,DISABLED,DISABLED,1709,500,2100,DISABLED,DISABLED,1714,500,2100,DISABLED,DISABLED,1708,500,2100,DISABLED,DISABLED,1693,500,2100,DISABLED,DISABLED,1693,500,2100,DISABLED,DISABLED,1387,900,1500,N/A,DISABLED,46,914,1680,N/A,ENABLED,46,914,1680,N/A,ENABLED,46,914,1680,N/A,ENABLED,46,914,1680,N/A,ENABLED,39,711,1400,N/A,ENABLED,39,711,1400,N/A,ENABLED,39,711,1400,N/A,ENABLED,39,711,1400,N/A,ENABLED,N/A,70,78
1744609312,0,668,N/A,N/A,N/A,N/A,ENABLED,1702,500,2100,DISABLED,DISABLED,1686,500,2100,DISABLED,DISABLED,1708,500,2100,DISABLED,DISABLED,1703,500,2100,DISABLED,DISABLED,1710,500,2100,DISABLED,DISABLED,1706,500,2100,DISABLED,DISABLED,1691,500,2100,DISABLED,DISABLED,1690,500,2100,DISABLED,DISABLED,1389,900,1500,N/A,DISABLED,47,914,1680,N/A,ENABLED,47,914,1680,N/A,ENABLED,47,914,1680,N/A,ENABLED,47,914,1680,N/A,ENABLED,39,711,1400,N/A,ENABLED,39,711,1400,N/A,ENABLED,39,711,1400,N/A,ENABLED,39,711,1400,N/A,ENABLED,N/A,70,78
1744609313,0,673,N/A,N/A,N/A,N/A,ENABLED,1717,500,2100,DISABLED,DISABLED,1701,500,2100,DISABLED,DISABLED,1723,500,2100,DISABLED,DISABLED,1719,500,2100,DISABLED,DISABLED,1726,500,2100,DISABLED,DISABLED,1720,500,2100,DISABLED,DISABLED,1706,500,2100,DISABLED,DISABLED,1705,500,2100,DISABLED,DISABLED,1391,900,1500,N/A,DISABLED,47,914,1680,N/A,ENABLED,47,914,1680,N/A,ENABLED,47,914,1680,N/A,ENABLED,47,914,1680,N/A,ENABLED,39,711,1400,N/A,ENABLED,39,711,1400,N/A,ENABLED,39,711,1400,N/A,ENABLED,39,711,1400,N/A,ENABLED,N/A,70,77
1744609314,0,665,N/A,N/A,N/A,N/A,ENABLED,1694,500,2100,DISABLED,DISABLED,1678,500,2100,DISABLED,DISABLED,1701,500,2100,DISABLED,DISABLED,1696,500,2100,DISABLED,DISABLED,1703,500,2100,DISABLED,DISABLED,1698,500,2100,DISABLED,DISABLED,1683,500,2100,DISABLED,DISABLED,1682,500,2100,DISABLED,DISABLED,1389,900,1500,N/A,DISABLED,47,914,1680,N/A,ENABLED,47,914,1680,N/A,ENABLED,47,914,1680,N/A,ENABLED,47,914,1680,N/A,ENABLED,39,711,1400,N/A,ENABLED,39,711,1400,N/A,ENABLED,39,711,1400,N/A,ENABLED,39,711,1400,N/A,ENABLED,N/A,70,79
1744609315,0,666,N/A,N/A,N/A,N/A,ENABLED,1712,500,2100,DISABLED,DISABLED,1696,500,2100,DISABLED,DISABLED,1717,500,2100,DISABLED,DISABLED,1714,500,2100,DISABLED,DISABLED,1722,500,2100,DISABLED,DISABLED,1715,500,2100,DISABLED,DISABLED,1701,500,2100,DISABLED,DISABLED,1700,500,2100,DISABLED,DISABLED,1391,900,1500,N/A,DISABLED,47,914,1680,N/A,ENABLED,47,914,1680,N/A,ENABLED,47,914,1680,N/A,ENABLED,47,914,1680,N/A,ENABLED,39,711,1400,N/A,ENABLED,39,711,1400,N/A,ENABLED,39,711,1400,N/A,ENABLED,39,711,1400,N/A,ENABLED,N/A,70,78
1744609316,0,674,N/A,N/A,N/A,N/A,ENABLED,1701,500,2100,DISABLED,DISABLED,1685,500,2100,DISABLED,DISABLED,1707,500,2100,DISABLED,DISABLED,1702,500,2100,DISABLED,DISABLED,1709,500,2100,DISABLED,DISABLED,1703,500,2100,DISABLED,DISABLED,1695,500,2100,DISABLED,DISABLED,1691,500,2100,DISABLED,DISABLED,1388,900,1500,N/A,DISABLED,46,914,1680,N/A,ENABLED,46,914,1680,N/A,ENABLED,46,914,1680,N/A,ENABLED,46,914,1680,N/A,ENABLED,39,711,1400,N/A,ENABLED,39,711,1400,N/A,ENABLED,39,711,1400,N/A,ENABLED,39,711,1400,N/A,ENABLED,N/A,70,79
1744609318,0,678,N/A,N/A,N/A,N/A,ENABLED,1702,500,2100,DISABLED,DISABLED,1685,500,2100,DISABLED,DISABLED,1706,500,2100,DISABLED,DISABLED,1701,500,2100,DISABLED,DISABLED,1710,500,2100,DISABLED,DISABLED,1710,500,2100,DISABLED,DISABLED,1688,500,2100,DISABLED,DISABLED,1696,500,2100,DISABLED,DISABLED,1396,900,1500,N/A,DISABLED,47,914,1680,N/A,ENABLED,47,914,1680,N/A,ENABLED,47,914,1680,N/A,ENABLED,47,914,1680,N/A,ENABLED,40,711,1400,N/A,ENABLED,40,711,1400,N/A,ENABLED,40,711,1400,N/A,ENABLED,40,711,1400,N/A,ENABLED,N/A,70,78
1744609319,0,681,N/A,N/A,N/A,N/A,ENABLED,1716,500,2100,DISABLED,DISABLED,1701,500,2100,DISABLED,DISABLED,1721,500,2100,DISABLED,DISABLED,1716,500,2100,DISABLED,DISABLED,1724,500,2100,DISABLED,DISABLED,1726,500,2100,DISABLED,DISABLED,1702,500,2100,DISABLED,DISABLED,1702,500,2100,DISABLED,DISABLED,1391,900,1500,N/A,DISABLED,47,914,1680,N/A,ENABLED,47,914,1680,N/A,ENABLED,47,914,1680,N/A,ENABLED,47,914,1680,N/A,ENABLED,39,711,1400,N/A,ENABLED,39,711,1400,N/A,ENABLED,39,711,1400,N/A,ENABLED,39,711,1400,N/A,ENABLED,N/A,70,78
1744609320,0,672,N/A,N/A,N/A,N/A,ENABLED,1698,500,2100,DISABLED,DISABLED,1682,500,2100,DISABLED,DISABLED,1704,500,2100,DISABLED,DISABLED,1700,500,2100,DISABLED,DISABLED,1707,500,2100,DISABLED,DISABLED,1702,500,2100,DISABLED,DISABLED,1687,500,2100,DISABLED,DISABLED,1687,500,2100,DISABLED,DISABLED,1386,900,1500,N/A,DISABLED,46,914,1680,N/A,ENABLED,46,914,1680,N/A,ENABLED,46,914,1680,N/A,ENABLED,46,914,1680,N/A,ENABLED,39,711,1400,N/A,ENABLED,39,711,1400,N/A,ENABLED,39,711,1400,N/A,ENABLED,39,711,1400,N/A,ENABLED,N/A,70,78
1744609321,0,679,N/A,N/A,N/A,N/A,ENABLED,1717,500,2100,DISABLED,DISABLED,1702,500,2100,DISABLED,DISABLED,1718,500,2100,DISABLED,DISABLED,1715,500,2100,DISABLED,DISABLED,1722,500,2100,DISABLED,DISABLED,1713,500,2100,DISABLED,DISABLED,1699,500,2100,DISABLED,DISABLED,1698,500,2100,DISABLED,DISABLED,1388,900,1500,N/A,DISABLED,47,914,1680,N/A,ENABLED,47,914,1680,N/A,ENABLED,47,914,1680,N/A,ENABLED,47,914,1680,N/A,ENABLED,39,711,1400,N/A,ENABLED,39,711,1400,N/A,ENABLED,39,711,1400,N/A,ENABLED,39,711,1400,N/A,ENABLED,N/A,70,79
1744609322,0,675,N/A,N/A,N/A,N/A,ENABLED,1713,500,2100,DISABLED,DISABLED,1697,500,2100,DISABLED,DISABLED,1707,500,2100,DISABLED,DISABLED,1705,500,2100,DISABLED,DISABLED,1711,500,2100,DISABLED,DISABLED,1707,500,2100,DISABLED,DISABLED,1694,500,2100,DISABLED,DISABLED,1693,500,2100,DISABLED,DISABLED,1386,900,1500,N/A,DISABLED,46,914,1680,N/A,ENABLED,46,914,1680,N/A,ENABLED,46,914,1680,N/A,ENABLED,46,914,1680,N/A,ENABLED,39,711,1400,N/A,ENABLED,39,711,1400,N/A,ENABLED,39,711,1400,N/A,ENABLED,39,711,1400,N/A,ENABLED,N/A,70,78
1744609324,0,667,N/A,N/A,N/A,N/A,ENABLED,1714,500,2100,DISABLED,DISABLED,1699,500,2100,DISABLED,DISABLED,1720,500,2100,DISABLED,DISABLED,1714,500,2100,DISABLED,DISABLED,1728,500,2100,DISABLED,DISABLED,1716,500,2100,DISABLED,DISABLED,1702,500,2100,DISABLED,DISABLED,1701,500,2100,DISABLED,DISABLED,1384,900,1500,N/A,DISABLED,46,914,1680,N/A,ENABLED,46,914,1680,N/A,ENABLED,46,914,1680,N/A,ENABLED,46,914,1680,N/A,ENABLED,39,711,1400,N/A,ENABLED,39,711,1400,N/A,ENABLED,39,711,1400,N/A,ENABLED,39,711,1400,N/A,ENABLED,N/A,70,78
1744609325,0,672,N/A,N/A,N/A,N/A,ENABLED,1718,500,2100,DISABLED,DISABLED,1702,500,2100,DISABLED,DISABLED,1732,500,2100,DISABLED,DISABLED,1720,500,2100,DISABLED,DISABLED,1735,500,2100,DISABLED,DISABLED,1720,500,2100,DISABLED,DISABLED,1707,500,2100,DISABLED,DISABLED,1706,500,2100,DISABLED,DISABLED,1388,900,1500,N/A,DISABLED,46,914,1680,N/A,ENABLED,46,914,1680,N/A,ENABLED,46,914,1680,N/A,ENABLED,46,914,1680,N/A,ENABLED,39,711,1400,N/A,ENABLED,39,711,1400,N/A,ENABLED,39,711,1400,N/A,ENABLED,39,711,1400,N/A,ENABLED,N/A,70,78
1744609326,0,682,N/A,N/A,N/A,N/A,ENABLED,1710,500,2100,DISABLED,DISABLED,1694,500,2100,DISABLED,DISABLED,1716,500,2100,DISABLED,DISABLED,1714,500,2100,DISABLED,DISABLED,1719,500,2100,DISABLED,DISABLED,1713,500,2100,DISABLED,DISABLED,1700,500,2100,DISABLED,DISABLED,1699,500,2100,DISABLED,DISABLED,1390,900,1500,N/A,DISABLED,47,914,1680,N/A,ENABLED,47,914,1680,N/A,ENABLED,47,914,1680,N/A,ENABLED,47,914,1680,N/A,ENABLED,39,711,1400,N/A,ENABLED,39,711,1400,N/A,ENABLED,39,711,1400,N/A,ENABLED,39,711,1400,N/A,ENABLED,N/A,70,78
1744609327,0,666,N/A,N/A,N/A,N/A,ENABLED,1722,500,2100,DISABLED,DISABLED,1707,500,2100,DISABLED,DISABLED,1727,500,2100,DISABLED,DISABLED,1724,500,2100,DISABLED,DISABLED,1730,500,2100,DISABLED,DISABLED,1724,500,2100,DISABLED,DISABLED,1710,500,2100,DISABLED,DISABLED,1709,500,2100,DISABLED,DISABLED,1391,900,1500,N/A,DISABLED,47,914,1680,N/A,ENABLED,47,914,1680,N/A,ENABLED,47,914,1680,N/A,ENABLED,47,914,1680,N/A,ENABLED,39,711,1400,N/A,ENABLED,39,711,1400,N/A,ENABLED,39,711,1400,N/A,ENABLED,39,711,1400,N/A,ENABLED,N/A,70,77
1744609328,0,672,N/A,N/A,N/A,N/A,ENABLED,1722,500,2100,DISABLED,DISABLED,1707,500,2100,DISABLED,DISABLED,1727,500,2100,DISABLED,DISABLED,1723,500,2100,DISABLED,DISABLED,1730,500,2100,DISABLED,DISABLED,1725,500,2100,DISABLED,DISABLED,1711,500,2100,DISABLED,DISABLED,1710,500,2100,DISABLED,DISABLED,1388,900,1500,N/A,DISABLED,47,914,1680,N/A,ENABLED,47,914,1680,N/A,ENABLED,47,914,1680,N/A,ENABLED,47,914,1680,N/A,ENABLED,39,711,1400,N/A,ENABLED,39,711,1400,N/A,ENABLED,39,711,1400,N/A,ENABLED,39,711,1400,N/A,ENABLED,N/A,70,77
1744609329,0,678,N/A,N/A,N/A,N/A,ENABLED,1709,500,2100,DISABLED,DISABLED,1693,500,2100,DISABLED,DISABLED,1716,500,2100,DISABLED,DISABLED,1714,500,2100,DISABLED,DISABLED,1717,500,2100,DISABLED,DISABLED,1712,500,2100,DISABLED,DISABLED,1699,500,2100,DISABLED,DISABLED,1698,500,2100,DISABLED,DISABLED,1390,900,1500,N/A,DISABLED,47,914,1680,N/A,ENABLED,47,914,1680,N/A,ENABLED,47,914,1680,N/A,ENABLED,47,914,1680,N/A,ENABLED,39,711,1400,N/A,ENABLED,39,711,1400,N/A,ENABLED,39,711,1400,N/A,ENABLED,39,711,1400,N/A,ENABLED,N/A,70,78
1744609331,0,668,N/A,N/A,N/A,N/A,ENABLED,1706,500,2100,DISABLED,DISABLED,1690,500,2100,DISABLED,DISABLED,1712,500,2100,DISABLED,DISABLED,1709,500,2100,DISABLED,DISABLED,1713,500,2100,DISABLED,DISABLED,1708,500,2100,DISABLED,DISABLED,1694,500,2100,DISABLED,DISABLED,1694,500,2100,DISABLED,DISABLED,1387,900,1500,N/A,DISABLED,46,914,1680,N/A,ENABLED,46,914,1680,N/A,ENABLED,46,914,1680,N/A,ENABLED,46,914,1680,N/A,ENABLED,39,711,1400,N/A,ENABLED,39,711,1400,N/A,ENABLED,39,711,1400,N/A,ENABLED,39,711,1400,N/A,ENABLED,N/A,70,79
1744609332,0,680,N/A,N/A,N/A,N/A,ENABLED,1724,500,2100,DISABLED,DISABLED,1708,500,2100,DISABLED,DISABLED,1730,500,2100,DISABLED,DISABLED,1734,500,2100,DISABLED,DISABLED,1732,500,2100,DISABLED,DISABLED,1726,500,2100,DISABLED,DISABLED,1713,500,2100,DISABLED,DISABLED,1713,500,2100,DISABLED,DISABLED,1387,900,1500,N/A,DISABLED,46,914,1680,N/A,ENABLED,47,914,1680,N/A,ENABLED,47,914,1680,N/A,ENABLED,47,914,1680,N/A,ENABLED,39,711,1400,N/A,ENABLED,39,711,1400,N/A,ENABLED,39,711,1400,N/A,ENABLED,39,711,1400,N/A,ENABLED,N/A,70,78
1744609333,0,673,N/A,N/A,N/A,N/A,ENABLED,1712,500,2100,DISABLED,DISABLED,1696,500,2100,DISABLED,DISABLED,1717,500,2100,DISABLED,DISABLED,1726,500,2100,DISABLED,DISABLED,1720,500,2100,DISABLED,DISABLED,1715,500,2100,DISABLED,DISABLED,1701,500,2100,DISABLED,DISABLED,1700,500,2100,DISABLED,DISABLED,1394,900,1500,N/A,DISABLED,47,914,1680,N/A,ENABLED,47,914,1680,N/A,ENABLED,47,914,1680,N/A,ENABLED,47,914,1680,N/A,ENABLED,40,711,1400,N/A,ENABLED,40,711,1400,N/A,ENABLED,40,711,1400,N/A,ENABLED,40,711,1400,N/A,ENABLED,N/A,70,78
1744609334,0,672,N/A,N/A,N/A,N/A,ENABLED,1720,500,2100,DISABLED,DISABLED,1704,500,2100,DISABLED,DISABLED,1725,500,2100,DISABLED,DISABLED,1723,500,2100,DISABLED,DISABLED,1728,500,2100,DISABLED,DISABLED,1723,500,2100,DISABLED,DISABLED,1708,500,2100,DISABLED,DISABLED,1707,500,2100,DISABLED,DISABLED,1394,900,1500,N/A,DISABLED,47,914,1680,N/A,ENABLED,47,914,1680,N/A,ENABLED,47,914,1680,N/A,ENABLED,47,914,1680,N/A,ENABLED,40,711,1400,N/A,ENABLED,40,711,1400,N/A,ENABLED,40,711,1400,N/A,ENABLED,40,711,1400,N/A,ENABLED,N/A,70,77
1744609335,0,682,N/A,N/A,N/A,N/A,ENABLED,1716,500,2100,DISABLED,DISABLED,1700,500,2100,DISABLED,DISABLED,1723,500,2100,DISABLED,DISABLED,1719,500,2100,DISABLED,DISABLED,1725,500,2100,DISABLED,DISABLED,1719,500,2100,DISABLED,DISABLED,1704,500,2100,DISABLED,DISABLED,1704,500,2100,DISABLED,DISABLED,1390,900,1500,N/A,DISABLED,47,914,1680,N/A,ENABLED,47,914,1680,N/A,ENABLED,47,914,1680,N/A,ENABLED,47,914,1680,N/A,ENABLED,39,711,1400,N/A,ENABLED,39,711,1400,N/A,ENABLED,39,711,1400,N/A,ENABLED,39,711,1400,N/A,ENABLED,N/A,70,78
1744609336,0,668,N/A,N/A,N/A,N/A,ENABLED,1729,500,2100,DISABLED,DISABLED,1713,500,2100,DISABLED,DISABLED,1734,500,2100,DISABLED,DISABLED,1731,500,2100,DISABLED,DISABLED,1737,500,2100,DISABLED,DISABLED,1731,500,2100,DISABLED,DISABLED,1718,500,2100,DISABLED,DISABLED,1717,500,2100,DISABLED,DISABLED,1397,900,1500,N/A,DISABLED,47,914,1680,N/A,ENABLED,47,914,1680,N/A,ENABLED,47,914,1680,N/A,ENABLED,47,914,1680,N/A,ENABLED,40,711,1400,N/A,ENABLED,40,711,1400,N/A,ENABLED,40,711,1400,N/A,ENABLED,40,711,1400,N/A,ENABLED,N/A,70,78
1744609338,0,675,N/A,N/A,N/A,N/A,ENABLED,1713,500,2100,DISABLED,DISABLED,1697,500,2100,DISABLED,DISABLED,1718,500,2100,DISABLED,DISABLED,1715,500,2100,DISABLED,DISABLED,1721,500,2100,DISABLED,DISABLED,1716,500,2100,DISABLED,DISABLED,1701,500,2100,DISABLED,DISABLED,1700,500,2100,DISABLED,DISABLED,1395,900,1500,N/A,DISABLED,47,914,1680,N/A,ENABLED,47,914,1680,N/A,ENABLED,47,914,1680,N/A,ENABLED,47,914,1680,N/A,ENABLED,40,711,1400,N/A,ENABLED,40,711,1400,N/A,ENABLED,40,711,1400,N/A,ENABLED,40,711,1400,N/A,ENABLED,N/A,70,78
1744609339,0,671,N/A,N/A,N/A,N/A,ENABLED,1705,500,2100,DISABLED,DISABLED,1689,500,2100,DISABLED,DISABLED,1710,500,2100,DISABLED,DISABLED,1707,500,2100,DISABLED,DISABLED,1713,500,2100,DISABLED,DISABLED,1708,500,2100,DISABLED,DISABLED,1694,500,2100,DISABLED,DISABLED,1692,500,2100,DISABLED,DISABLED,1390,900,1500,N/A,DISABLED,47,914,1680,N/A,ENABLED,47,914,1680,N/A,ENABLED,47,914,1680,N/A,ENABLED,47,914,1680,N/A,ENABLED,39,711,1400,N/A,ENABLED,39,711,1400,N/A,ENABLED,39,711,1400,N/A,ENABLED,39,711,1400,N/A,ENABLED,N/A,70,77
1744609340,0,677,N/A,N/A,N/A,N/A,ENABLED,1710,500,2100,DISABLED,DISABLED,1695,500,2100,DISABLED,DISABLED,1715,500,2100,DISABLED,DISABLED,1713,500,2100,DISABLED,DISABLED,1717,500,2100,DISABLED,DISABLED,1712,500,2100,DISABLED,DISABLED,1699,500,2100,DISABLED,DISABLED,1697,500,2100,DISABLED,DISABLED,1395,900,1500,N/A,DISABLED,47,914,1680,N/A,ENABLED,47,914,1680,N/A,ENABLED,47,914,1680,N/A,ENABLED,47,914,1680,N/A,ENABLED,40,711,1400,N/A,ENABLED,40,711,1400,N/A,ENABLED,40,711,1400,N/A,ENABLED,40,711,1400,N/A,ENABLED,N/A,70,77
1744609341,0,680,N/A,N/A,N/A,N/A,ENABLED,1710,500,2100,DISABLED,DISABLED,1695,500,2100,DISABLED,DISABLED,1717,500,2100,DISABLED,DISABLED,1713,500,2100,DISABLED,DISABLED,1719,500,2100,DISABLED,DISABLED,1713,500,2100,DISABLED,DISABLED,1700,500,2100,DISABLED,DISABLED,1698,500,2100,DISABLED,DISABLED,1391,900,1500,N/A,DISABLED,47,914,1680,N/A,ENABLED,47,914,1680,N/A,ENABLED,47,914,1680,N/A,ENABLED,47,914,1680,N/A,ENABLED,39,711,1400,N/A,ENABLED,39,711,1400,N/A,ENABLED,39,711,1400,N/A,ENABLED,39,711,1400,N/A,ENABLED,N/A,70,78
1744609342,0,677,N/A,N/A,N/A,N/A,ENABLED,1721,500,2100,DISABLED,DISABLED,1705,500,2100,DISABLED,DISABLED,1727,500,2100,DISABLED,DISABLED,1724,500,2100,DISABLED,DISABLED,1729,500,2100,DISABLED,DISABLED,1724,500,2100,DISABLED,DISABLED,1711,500,2100,DISABLED,DISABLED,1709,500,2100,DISABLED,DISABLED,1400,900,1500,N/A,DISABLED,47,914,1680,N/A,ENABLED,47,914,1680,N/A,ENABLED,47,914,1680,N/A,ENABLED,47,914,1680,N/A,ENABLED,40,711,1400,N/A,ENABLED,40,711,1400,N/A,ENABLED,40,711,1400,N/A,ENABLED,40,711,1400,N/A,ENABLED,N/A,70,78
1744609344,0,670,N/A,N/A,N/A,N/A,ENABLED,1714,500,2100,DISABLED,DISABLED,1698,500,2100,DISABLED,DISABLED,1720,500,2100,DISABLED,DISABLED,1717,500,2100,DISABLED,DISABLED,1722,500,2100,DISABLED,DISABLED,1716,500,2100,DISABLED,DISABLED,1702,500,2100,DISABLED,DISABLED,1702,500,2100,DISABLED,DISABLED,1391,900,1500,N/A,DISABLED,47,914,1680,N/A,ENABLED,47,914,1680,N/A,ENABLED,47,914,1680,N/A,ENABLED,47,914,1680,N/A,ENABLED,39,711,1400,N/A,ENABLED,39,711,1400,N/A,ENABLED,39,711,1400,N/A,ENABLED,39,711,1400,N/A,ENABLED,N/A,70,77
1744609345,0,681,N/A,N/A,N/A,N/A,ENABLED,1718,500,2100,DISABLED,DISABLED,1703,500,2100,DISABLED,DISABLED,1723,500,2100,DISABLED,DISABLED,1721,500,2100,DISABLED,DISABLED,1726,500,2100,DISABLED,DISABLED,1721,500,2100,DISABLED,DISABLED,1706,500,2100,DISABLED,DISABLED,1705,500,2100,DISABLED,DISABLED,1387,900,1500,N/A,DISABLED,46,914,1680,N/A,ENABLED,46,914,1680,N/A,ENABLED,46,914,1680,N/A,ENABLED,46,914,1680,N/A,ENABLED,39,711,1400,N/A,ENABLED,39,711,1400,N/A,ENABLED,39,711,1400,N/A,ENABLED,39,711,1400,N/A,ENABLED,N/A,70,78
1744609346,0,678,N/A,N/A,N/A,N/A,ENABLED,1701,500,2100,DISABLED,DISABLED,1686,500,2100,DISABLED,DISABLED,1706,500,2100,DISABLED,DISABLED,1703,500,2100,DISABLED,DISABLED,1709,500,2100,DISABLED,DISABLED,1704,500,2100,DISABLED,DISABLED,1690,500,2100,DISABLED,DISABLED,1689,500,2100,DISABLED,DISABLED,1386,900,1500,N/A,DISABLED,46,914,1680,N/A,ENABLED,46,914,1680,N/A,ENABLED,46,914,1680,N/A,ENABLED,46,914,1680,N/A,ENABLED,39,711,1400,N/A,ENABLED,39,711,1400,N/A,ENABLED,39,711,1400,N/A,ENABLED,39,711,1400,N/A,ENABLED,N/A,70,78
1744609347,0,674,N/A,N/A,N/A,N/A,ENABLED,1717,500,2100,DISABLED,DISABLED,1703,500,2100,DISABLED,DISABLED,1723,500,2100,DISABLED,DISABLED,1721,500,2100,DISABLED,DISABLED,1728,500,2100,DISABLED,DISABLED,1722,500,2100,DISABLED,DISABLED,1707,500,2100,DISABLED,DISABLED,1706,500,2100,DISABLED,DISABLED,1389,900,1500,N/A,DISABLED,47,914,1680,N/A,ENABLED,47,914,1680,N/A,ENABLED,47,914,1680,N/A,ENABLED,47,914,1680,N/A,ENABLED,39,711,1400,N/A,ENABLED,39,711,1400,N/A,ENABLED,39,711,1400,N/A,ENABLED,39,711,1400,N/A,ENABLED,N/A,70,79
1744609348,0,672,N/A,N/A,N/A,N/A,ENABLED,1710,500,2100,DISABLED,DISABLED,1695,500,2100,DISABLED,DISABLED,1716,500,2100,DISABLED,DISABLED,1714,500,2100,DISABLED,DISABLED,1720,500,2100,DISABLED,DISABLED,1714,500,2100,DISABLED,DISABLED,1698,500,2100,DISABLED,DISABLED,1697,500,2100,DISABLED,DISABLED,1387,900,1500,N/A,DISABLED,46,914,1680,N/A,ENABLED,46,914,1680,N/A,ENABLED,46,914,1680,N/A,ENABLED,46,914,1680,N/A,ENABLED,39,711,1400,N/A,ENABLED,39,711,1400,N/A,ENABLED,39,711,1400,N/A,ENABLED,39,711,1400,N/A,ENABLED,N/A,70,78
1744609349,0,667,N/A,N/A,N/A,N/A,ENABLED,1700,500,2100,DISABLED,DISABLED,1684,500,2100,DISABLED,DISABLED,1704,500,2100,DISABLED,DISABLED,1702,500,2100,DISABLED,DISABLED,1708,500,2100,DISABLED,DISABLED,1703,500,2100,DISABLED,DISABLED,1696,500,2100,DISABLED,DISABLED,1687,500,2100,DISABLED,DISABLED,1385,900,1500,N/A,DISABLED,46,914,1680,N/A,ENABLED,46,914,1680,N/A,ENABLED,46,914,1680,N/A,ENABLED,46,914,1680,N/A,ENABLED,39,711,1400,N/A,ENABLED,39,711,1400,N/A,ENABLED,39,711,1400,N/A,ENABLED,39,711,1400,N/A,ENABLED,N/A,70,79
1744609351,0,673,N/A,N/A,N/A,N/A,ENABLED,1717,500,2100,DISABLED,DISABLED,1701,500,2100,DISABLED,DISABLED,1722,500,2100,DISABLED,DISABLED,1720,500,2100,DISABLED,DISABLED,1725,500,2100,DISABLED,DISABLED,1727,500,2100,DISABLED,DISABLED,1715,500,2100,DISABLED,DISABLED,1715,500,2100,DISABLED,DISABLED,1392,900,1500,N/A,DISABLED,47,914,1680,N/A,ENABLED,47,914,1680,N/A,ENABLED,47,914,1680,N/A,ENABLED,47,914,1680,N/A,ENABLED,39,711,1400,N/A,ENABLED,39,711,1400,N/A,ENABLED,39,711,1400,N/A,ENABLED,39,711,1400,N/A,ENABLED,N/A,70,77
1744609352,0,679,N/A,N/A,N/A,N/A,ENABLED,1724,500,2100,DISABLED,DISABLED,1708,500,2100,DISABLED,DISABLED,1728,500,2100,DISABLED,DISABLED,1725,500,2100,DISABLED,DISABLED,1732,500,2100,DISABLED,DISABLED,1739,500,2100,DISABLED,DISABLED,1710,500,2100,DISABLED,DISABLED,1718,500,2100,DISABLED,DISABLED,1391,900,1500,N/A,DISABLED,47,914,1680,N/A,ENABLED,47,914,1680,N/A,ENABLED,47,914,1680,N/A,ENABLED,47,914,1680,N/A,ENABLED,39,711,1400,N/A,ENABLED,39,711,1400,N/A,ENABLED,39,711,1400,N/A,ENABLED,39,711,1400,N/A,ENABLED,N/A,70,78
1744609353,0,679,N/A,N/A,N/A,N/A,ENABLED,1717,500,2100,DISABLED,DISABLED,1701,500,2100,DISABLED,DISABLED,1723,500,2100,DISABLED,DISABLED,1720,500,2100,DISABLED,DISABLED,1726,500,2100,DISABLED,DISABLED,1720,500,2100,DISABLED,DISABLED,1704,500,2100,DISABLED,DISABLED,1703,500,2100,DISABLED,DISABLED,1387,900,1500,N/A,DISABLED,46,914,1680,N/A,ENABLED,46,914,1680,N/A,ENABLED,46,914,1680,N/A,ENABLED,46,914,1680,N/A,ENABLED,39,711,1400,N/A,ENABLED,39,711,1400,N/A,ENABLED,39,711,1400,N/A,ENABLED,39,711,1400,N/A,ENABLED,N/A,70,78
1744609354,0,676,N/A,N/A,N/A,N/A,ENABLED,1701,500,2100,DISABLED,DISABLED,1685,500,2100,DISABLED,DISABLED,1706,500,2100,DISABLED,DISABLED,1705,500,2100,DISABLED,DISABLED,1710,500,2100,DISABLED,DISABLED,1706,500,2100,DISABLED,DISABLED,1690,500,2100,DISABLED,DISABLED,1690,500,2100,DISABLED,DISABLED,1387,900,1500,N/A,DISABLED,46,914,1680,N/A,ENABLED,46,914,1680,N/A,ENABLED,46,914,1680,N/A,ENABLED,46,914,1680,N/A,ENABLED,39,711,1400,N/A,ENABLED,39,711,1400,N/A,ENABLED,39,711,1400,N/A,ENABLED,39,711,1400,N/A,ENABLED,N/A,70,78
1744609355,0,668,N/A,N/A,N/A,N/A,ENABLED,1711,500,2100,DISABLED,DISABLED,1693,500,2100,DISABLED,DISABLED,1703,500,2100,DISABLED,DISABLED,1700,500,2100,DISABLED,DISABLED,1705,500,2100,DISABLED,DISABLED,1702,500,2100,DISABLED,DISABLED,1686,500,2100,DISABLED,DISABLED,1685,500,2100,DISABLED,DISABLED,1382,900,1500,N/A,DISABLED,46,914,1680,N/A,ENABLED,46,914,1680,N/A,ENABLED,46,914,1680,N/A,ENABLED,46,914,1680,N/A,ENABLED,39,711,1400,N/A,ENABLED,39,711,1400,N/A,ENABLED,39,711,1400,N/A,ENABLED,39,711,1400,N/A,ENABLED,N/A,70,79
1744609356,0,671,N/A,N/A,N/A,N/A,ENABLED,1703,500,2100,DISABLED,DISABLED,1694,500,2100,DISABLED,DISABLED,1707,500,2100,DISABLED,DISABLED,1703,500,2100,DISABLED,DISABLED,1711,500,2100,DISABLED,DISABLED,1702,500,2100,DISABLED,DISABLED,1687,500,2100,DISABLED,DISABLED,1685,500,2100,DISABLED,DISABLED,1389,900,1500,N/A,DISABLED,47,914,1680,N/A,ENABLED,47,914,1680,N/A,ENABLED,47,914,1680,N/A,ENABLED,46,914,1680,N/A,ENABLED,39,711,1400,N/A,ENABLED,39,711,1400,N/A,ENABLED,39,711,1400,N/A,ENABLED,39,711,1400,N/A,ENABLED,N/A,70,78
1744609358,0,667,N/A,N/A,N/A,N/A,ENABLED,1703,500,2100,DISABLED,DISABLED,1687,500,2100,DISABLED,DISABLED,1716,500,2100,DISABLED,DISABLED,1704,500,2100,DISABLED,DISABLED,1722,500,2100,DISABLED,DISABLED,1705,500,2100,DISABLED,DISABLED,1690,500,2100,DISABLED,DISABLED,1690,500,2100,DISABLED,DISABLED,1388,900,1500,N/A,DISABLED,46,914,1680,N/A,ENABLED,46,914,1680,N/A,ENABLED,46,914,1680,N/A,ENABLED,46,914,1680,N/A,ENABLED,39,711,1400,N/A,ENABLED,39,711,1400,N/A,ENABLED,39,711,1400,N/A,ENABLED,39,711,1400,N/A,ENABLED,N/A,70,77
1744609359,0,679,N/A,N/A,N/A,N/A,ENABLED,1723,500,2100,DISABLED,DISABLED,1707,500,2100,DISABLED,DISABLED,1730,500,2100,DISABLED,DISABLED,1728,500,2100,DISABLED,DISABLED,1732,500,2100,DISABLED,DISABLED,1726,500,2100,DISABLED,DISABLED,1713,500,2100,DISABLED,DISABLED,1711,500,2100,DISABLED,DISABLED,1391,900,1500,N/A,DISABLED,47,914,1680,N/A,ENABLED,47,914,1680,N/A,ENABLED,47,914,1680,N/A,ENABLED,47,914,1680,N/A,ENABLED,39,711,1400,N/A,ENABLED,39,711,1400,N/A,ENABLED,39,711,1400,N/A,ENABLED,39,711,1400,N/A,ENABLED,N/A,70,78
1744609360,0,672,N/A,N/A,N/A,N/A,ENABLED,1706,500,2100,DISABLED,DISABLED,1689,500,2100,DISABLED,DISABLED,1711,500,2100,DISABLED,DISABLED,1706,500,2100,DISABLED,DISABLED,1715,500,2100,DISABLED,DISABLED,1708,500,2100,DISABLED,DISABLED,1694,500,2100,DISABLED,DISABLED,1693,500,2100,DISABLED,DISABLED,1388,900,1500,N/A,DISABLED,47,914,1680,N/A,ENABLED,47,914,1680,N/A,ENABLED,47,914,1680,N/A,ENABLED,47,914,1680,N/A,ENABLED,39,711,1400,N/A,ENABLED,39,711,1400,N/A,ENABLED,39,711,1400,N/A,ENABLED,39,711,1400,N/A,ENABLED,N/A,70,78
1744609361,0,670,N/A,N/A,N/A,N/A,ENABLED,1714,500,2100,DISABLED,DISABLED,1698,500,2100,DISABLED,DISABLED,1719,500,2100,DISABLED,DISABLED,1718,500,2100,DISABLED,DISABLED,1722,500,2100,DISABLED,DISABLED,1716,500,2100,DISABLED,DISABLED,1702,500,2100,DISABLED,DISABLED,1702,500,2100,DISABLED,DISABLED,1394,900,1500,N/A,DISABLED,47,914,1680,N/A,ENABLED,47,914,1680,N/A,ENABLED,47,914,1680,N/A,ENABLED,47,914,1680,N/A,ENABLED,40,711,1400,N/A,ENABLED,40,711,1400,N/A,ENABLED,40,711,1400,N/A,ENABLED,40,711,1400,N/A,ENABLED,N/A,70,77
1744609362,0,683,N/A,N/A,N/A,N/A,ENABLED,1706,500,2100,DISABLED,DISABLED,1689,500,2100,DISABLED,DISABLED,1711,500,2100,DISABLED,DISABLED,1710,500,2100,DISABLED,DISABLED,1714,500,2100,DISABLED,DISABLED,1709,500,2100,DISABLED,DISABLED,1694,500,2100,DISABLED,DISABLED,1694,500,2100,DISABLED,DISABLED,1393,900,1500,N/A,DISABLED,47,914,1680,N/A,ENABLED,47,914,1680,N/A,ENABLED,47,914,1680,N/A,ENABLED,47,914,1680,N/A,ENABLED,39,711,1400,N/A,ENABLED,39,711,1400,N/A,ENABLED,39,711,1400,N/A,ENABLED,39,711,1400,N/A,ENABLED,N/A,70,79
1744609363,0,669,N/A,N/A,N/A,N/A,ENABLED,1695,500,2100,DISABLED,DISABLED,1679,500,2100,DISABLED,DISABLED,1700,500,2100,DISABLED,DISABLED,1695,500,2100,DISABLED,DISABLED,1704,500,2100,DISABLED,DISABLED,1698,500,2100,DISABLED,DISABLED,1682,500,2100,DISABLED,DISABLED,1682,500,2100,DISABLED,DISABLED,1387,900,1500,N/A,DISABLED,46,914,1680,N/A,ENABLED,46,914,1680,N/A,ENABLED,46,914,1680,N/A,ENABLED,46,914,1680,N/A,ENABLED,39,711,1400,N/A,ENABLED,39,711,1400,N/A,ENABLED,39,711,1400,N/A,ENABLED,39,711,1400,N/A,ENABLED,N/A,70,78
1744609365,0,667,N/A,N/A,N/A,N/A,ENABLED,1703,500,2100,DISABLED,DISABLED,1686,500,2100,DISABLED,DISABLED,1707,500,2100,DISABLED,DISABLED,1707,500,2100,DISABLED,DISABLED,1711,500,2100,DISABLED,DISABLED,1706,500,2100,DISABLED,DISABLED,1690,500,2100,DISABLED,DISABLED,1690,500,2100,DISABLED,DISABLED,1390,900,1500,N/A,DISABLED,47,914,1680,N/A,ENABLED,47,914,1680,N/A,ENABLED,47,914,1680,N/A,ENABLED,47,914,1680,N/A,ENABLED,39,711,1400,N/A,ENABLED,39,711,1400,N/A,ENABLED,39,711,1400,N/A,ENABLED,39,711,1400,N/A,ENABLED,N/A,70,78
1744609366,0,668,N/A,N/A,N/A,N/A,ENABLED,1714,500,2100,DISABLED,DISABLED,1697,500,2100,DISABLED,DISABLED,1719,500,2100,DISABLED,DISABLED,1725,500,2100,DISABLED,DISABLED,1721,500,2100,DISABLED,DISABLED,1716,500,2100,DISABLED,DISABLED,1701,500,2100,DISABLED,DISABLED,1699,500,2100,DISABLED,DISABLED,1391,900,1500,N/A,DISABLED,47,914,1680,N/A,ENABLED,47,914,1680,N/A,ENABLED,47,914,1680,N/A,ENABLED,47,914,1680,N/A,ENABLED,39,711,1400,N/A,ENABLED,39,711,1400,N/A,ENABLED,39,711,1400,N/A,ENABLED,39,711,1400,N/A,ENABLED,N/A,70,77
1744609367,0,677,N/A,N/A,N/A,N/A,ENABLED,1713,500,2100,DISABLED,DISABLED,1696,500,2100,DISABLED,DISABLED,1718,500,2100,DISABLED,DISABLED,1719,500,2100,DISABLED,DISABLED,1720,500,2100,DISABLED,DISABLED,1715,500,2100,DISABLED,DISABLED,1701,500,2100,DISABLED,DISABLED,1700,500,2100,DISABLED,DISABLED,1391,900,1500,N/A,DISABLED,47,914,1680,N/A,ENABLED,47,914,1680,N/A,ENABLED,47,914,1680,N/A,ENABLED,47,914,1680,N/A,ENABLED,39,711,1400,N/A,ENABLED,39,711,1400,N/A,ENABLED,39,711,1400,N/A,ENABLED,39,711,1400,N/A,ENABLED,N/A,70,78
1744609368,0,677,N/A,N/A,N/A,N/A,ENABLED,1708,500,2100,DISABLED,DISABLED,1691,500,2100,DISABLED,DISABLED,1712,500,2100,DISABLED,DISABLED,1710,500,2100,DISABLED,DISABLED,1715,500,2100,DISABLED,DISABLED,1709,500,2100,DISABLED,DISABLED,1695,500,2100,DISABLED,DISABLED,1693,500,2100,DISABLED,DISABLED,1383,900,1500,N/A,DISABLED,46,914,1680,N/A,ENABLED,46,914,1680,N/A,ENABLED,46,914,1680,N/A,ENABLED,46,914,1680,N/A,ENABLED,39,711,1400,N/A,ENABLED,39,711,1400,N/A,ENABLED,39,711,1400,N/A,ENABLED,39,711,1400,N/A,ENABLED,N/A,70,78
1744609369,0,668,N/A,N/A,N/A,N/A,ENABLED,1715,500,2100,DISABLED,DISABLED,1698,500,2100,DISABLED,DISABLED,1719,500,2100,DISABLED,DISABLED,1716,500,2100,DISABLED,DISABLED,1723,500,2100,DISABLED,DISABLED,1717,500,2100,DISABLED,DISABLED,1702,500,2100,DISABLED,DISABLED,1701,500,2100,DISABLED,DISABLED,1387,900,1500,N/A,DISABLED,46,914,1680,N/A,ENABLED,46,914,1680,N/A,ENABLED,46,914,1680,N/A,ENABLED,46,914,1680,N/A,ENABLED,39,711,1400,N/A,ENABLED,39,711,1400,N/A,ENABLED,39,711,1400,N/A,ENABLED,39,711,1400,N/A,ENABLED,N/A,70,77
1744609371,0,678,N/A,N/A,N/A,N/A,ENABLED,1699,500,2100,DISABLED,DISABLED,1683,500,2100,DISABLED,DISABLED,1703,500,2100,DISABLED,DISABLED,1699,500,2100,DISABLED,DISABLED,1707,500,2100,DISABLED,DISABLED,1701,500,2100,DISABLED,DISABLED,1687,500,2100,DISABLED,DISABLED,1685,500,2100,DISABLED,DISABLED,1386,900,1500,N/A,DISABLED,46,914,1680,N/A,ENABLED,46,914,1680,N/A,ENABLED,46,914,1680,N/A,ENABLED,46,914,1680,N/A,ENABLED,39,711,1400,N/A,ENABLED,39,711,1400,N/A,ENABLED,39,711,1400,N/A,ENABLED,39,711,1400,N/A,ENABLED,N/A,70,79
1744609372,0,666,N/A,N/A,N/A,N/A,ENABLED,1699,500,2100,DISABLED,DISABLED,1682,500,2100,DISABLED,DISABLED,1704,500,2100,DISABLED,DISABLED,1701,500,2100,DISABLED,DISABLED,1706,500,2100,DISABLED,DISABLED,1700,500,2100,DISABLED,DISABLED,1686,500,2100,DISABLED,DISABLED,1684,500,2100,DISABLED,DISABLED,1387,900,1500,N/A,DISABLED,46,914,1680,N/A,ENABLED,46,914,1680,N/A,ENABLED,46,914,1680,N/A,ENABLED,46,914,1680,N/A,ENABLED,39,711,1400,N/A,ENABLED,39,711,1400,N/A,ENABLED,39,711,1400,N/A,ENABLED,39,711,1400,N/A,ENABLED,N/A,70,79
1744609373,0,675,N/A,N/A,N/A,N/A,ENABLED,1721,500,2100,DISABLED,DISABLED,1704,500,2100,DISABLED,DISABLED,1726,500,2100,DISABLED,DISABLED,1723,500,2100,DISABLED,DISABLED,1729,500,2100,DISABLED,DISABLED,1723,500,2100,DISABLED,DISABLED,1710,500,2100,DISABLED,DISABLED,1709,500,2100,DISABLED,DISABLED,1392,900,1500,N/A,DISABLED,47,914,1680,N/A,ENABLED,47,914,1680,N/A,ENABLED,47,914,1680,N/A,ENABLED,47,914,1680,N/A,ENABLED,39,711,1400,N/A,ENABLED,39,711,1400,N/A,ENABLED,39,711,1400,N/A,ENABLED,39,711,1400,N/A,ENABLED,N/A,70,78
1744609374,0,673,N/A,N/A,N/A,N/A,ENABLED,1707,500,2100,DISABLED,DISABLED,1692,500,2100,DISABLED,DISABLED,1712,500,2100,DISABLED,DISABLED,1708,500,2100,DISABLED,DISABLED,1715,500,2100,DISABLED,DISABLED,1709,500,2100,DISABLED,DISABLED,1695,500,2100,DISABLED,DISABLED,1693,500,2100,DISABLED,DISABLED,1391,900,1500,N/A,DISABLED,47,914,1680,N/A,ENABLED,47,914,1680,N/A,ENABLED,47,914,1680,N/A,ENABLED,47,914,1680,N/A,ENABLED,39,711,1400,N/A,ENABLED,39,711,1400,N/A,ENABLED,39,711,1400,N/A,ENABLED,39,711,1400,N/A,ENABLED,N/A,70,77
1744609375,0,663,N/A,N/A,N/A,N/A,ENABLED,1698,500,2100,DISABLED,DISABLED,1682,500,2100,DISABLED,DISABLED,1701,500,2100,DISABLED,DISABLED,1698,500,2100,DISABLED,DISABLED,1704,500,2100,DISABLED,DISABLED,1700,500,2100,DISABLED,DISABLED,1685,500,2100,DISABLED,DISABLED,1684,500,2100,DISABLED,DISABLED,1387,900,1500,N/A,DISABLED,46,914,1680,N/A,ENABLED,46,914,1680,N/A,ENABLED,46,914,1680,N/A,ENABLED,46,914,1680,N/A,ENABLED,39,711,1400,N/A,ENABLED,39,711,1400,N/A,ENABLED,39,711,1400,N/A,ENABLED,39,711,1400,N/A,ENABLED,N/A,70,78
1744609376,0,666,N/A,N/A,N/A,N/A,ENABLED,1705,500,2100,DISABLED,DISABLED,1689,500,2100,DISABLED,DISABLED,1710,500,2100,DISABLED,DISABLED,1707,500,2100,DISABLED,DISABLED,1712,500,2100,DISABLED,DISABLED,1706,500,2100,DISABLED,DISABLED,1691,500,2100,DISABLED,DISABLED,1690,500,2100,DISABLED,DISABLED,1388,900,1500,N/A,DISABLED,46,914,1680,N/A,ENABLED,46,914,1680,N/A,ENABLED,46,914,1680,N/A,ENABLED,46,914,1680,N/A,ENABLED,39,711,1400,N/A,ENABLED,39,711,1400,N/A,ENABLED,39,711,1400,N/A,ENABLED,39,711,1400,N/A,ENABLED,N/A,70,78
1744609378,0,677,N/A,N/A,N/A,N/A,ENABLED,1703,500,2100,DISABLED,DISABLED,1686,500,2100,DISABLED,DISABLED,1708,500,2100,DISABLED,DISABLED,1705,500,2100,DISABLED,DISABLED,1712,500,2100,DISABLED,DISABLED,1708,500,2100,DISABLED,DISABLED,1692,500,2100,DISABLED,DISABLED,1690,500,2100,DISABLED,DISABLED,1389,900,1500,N/A,DISABLED,47,914,1680,N/A,ENABLED,47,914,1680,N/A,ENABLED,47,914,1680,N/A,ENABLED,47,914,1680,N/A,ENABLED,39,711,1400,N/A,ENABLED,39,711,1400,N/A,ENABLED,39,711,1400,N/A,ENABLED,39,711,1400,N/A,ENABLED,N/A,70,78
1744609379,0,677,N/A,N/A,N/A,N/A,ENABLED,1701,500,2100,DISABLED,DISABLED,1683,500,2100,DISABLED,DISABLED,1705,500,2100,DISABLED,DISABLED,1701,500,2100,DISABLED,DISABLED,1709,500,2100,DISABLED,DISABLED,1704,500,2100,DISABLED,DISABLED,1689,500,2100,DISABLED,DISABLED,1687,500,2100,DISABLED,DISABLED,1389,900,1500,N/A,DISABLED,47,914,1680,N/A,ENABLED,47,914,1680,N/A,ENABLED,47,914,1680,N/A,ENABLED,47,914,1680,N/A,ENABLED,39,711,1400,N/A,ENABLED,39,711,1400,N/A,ENABLED,39,711,1400,N/A,ENABLED,39,711,1400,N/A,ENABLED,N/A,70,77
1744609380,0,668,N/A,N/A,N/A,N/A,ENABLED,1697,500,2100,DISABLED,DISABLED,1680,500,2100,DISABLED,DISABLED,1702,500,2100,DISABLED,DISABLED,1698,500,2100,DISABLED,DISABLED,1706,500,2100,DISABLED,DISABLED,1701,500,2100,DISABLED,DISABLED,1686,500,2100,DISABLED,DISABLED,1684,500,2100,DISABLED,DISABLED,1388,900,1500,N/A,DISABLED,46,914,1680,N/A,ENABLED,46,914,1680,N/A,ENABLED,46,914,1680,N/A,ENABLED,46,914,1680,N/A,ENABLED,39,711,1400,N/A,ENABLED,39,711,1400,N/A,ENABLED,39,711,1400,N/A,ENABLED,39,711,1400,N/A,ENABLED,N/A,70,78
1744609381,0,672,N/A,N/A,N/A,N/A,ENABLED,1715,500,2100,DISABLED,DISABLED,1697,500,2100,DISABLED,DISABLED,1720,500,2100,DISABLED,DISABLED,1717,500,2100,DISABLED,DISABLED,1724,500,2100,DISABLED,DISABLED,1718,500,2100,DISABLED,DISABLED,1703,500,2100,DISABLED,DISABLED,1702,500,2100,DISABLED,DISABLED,1388,900,1500,N/A,DISABLED,47,914,1680,N/A,ENABLED,47,914,1680,N/A,ENABLED,47,914,1680,N/A,ENABLED,47,914,1680,N/A,ENABLED,39,711,1400,N/A,ENABLED,39,711,1400,N/A,ENABLED,39,711,1400,N/A,ENABLED,39,711,1400,N/A,ENABLED,N/A,70,77
1744609382,0,675,N/A,N/A,N/A,N/A,ENABLED,1710,500,2100,DISABLED,DISABLED,1693,500,2100,DISABLED,DISABLED,1716,500,2100,DISABLED,DISABLED,1713,500,2100,DISABLED,DISABLED,1719,500,2100,DISABLED,DISABLED,1713,500,2100,DISABLED,DISABLED,1701,500,2100,DISABLED,DISABLED,1697,500,2100,DISABLED,DISABLED,1385,900,1500,N/A,DISABLED,46,914,1680,N/A,ENABLED,46,914,1680,N/A,ENABLED,46,914,1680,N/A,ENABLED,46,914,1680,N/A,ENABLED,39,711,1400,N/A,ENABLED,39,711,1400,N/A,ENABLED,39,711,1400,N/A,ENABLED,39,711,1400,N/A,ENABLED,N/A,70,78
1744609384,0,664,N/A,N/A,N/A,N/A,ENABLED,1703,500,2100,DISABLED,DISABLED,1687,500,2100,DISABLED,DISABLED,1707,500,2100,DISABLED,DISABLED,1706,500,2100,DISABLED,DISABLED,1711,500,2100,DISABLED,DISABLED,1704,500,2100,DISABLED,DISABLED,1701,500,2100,DISABLED,DISABLED,1694,500,2100,DISABLED,DISABLED,1384,900,1500,N/A,DISABLED,46,914,1680,N/A,ENABLED,46,914,1680,N/A,ENABLED,46,914,1680,N/A,ENABLED,46,914,1680,N/A,ENABLED,39,711,1400,N/A,ENABLED,39,711,1400,N/A,ENABLED,39,711,1400,N/A,ENABLED,39,711,1400,N/A,ENABLED,N/A,70,77
1744609385,0,679,N/A,N/A,N/A,N/A,ENABLED,1706,500,2100,DISABLED,DISABLED,1689,500,2100,DISABLED,DISABLED,1710,500,2100,DISABLED,DISABLED,1708,500,2100,DISABLED,DISABLED,1713,500,2100,DISABLED,DISABLED,1710,500,2100,DISABLED,DISABLED,1693,500,2100,DISABLED,DISABLED,1698,500,2100,DISABLED,DISABLED,1387,900,1500,N/A,DISABLED,46,914,1680,N/A,ENABLED,46,914,1680,N/A,ENABLED,46,914,1680,N/A,ENABLED,46,914,1680,N/A,ENABLED,39,711,1400,N/A,ENABLED,39,711,1400,N/A,ENABLED,39,711,1400,N/A,ENABLED,39,711,1400,N/A,ENABLED,N/A,70,78
1744609386,0,670,N/A,N/A,N/A,N/A,ENABLED,1730,500,2100,DISABLED,DISABLED,1714,500,2100,DISABLED,DISABLED,1735,500,2100,DISABLED,DISABLED,1733,500,2100,DISABLED,DISABLED,1739,500,2100,DISABLED,DISABLED,1744,500,2100,DISABLED,DISABLED,1718,500,2100,DISABLED,DISABLED,1716,500,2100,DISABLED,DISABLED,1395,900,1500,N/A,DISABLED,47,914,1680,N/A,ENABLED,47,914,1680,N/A,ENABLED,47,914,1680,N/A,ENABLED,47,914,1680,N/A,ENABLED,40,711,1400,N/A,ENABLED,40,711,1400,N/A,ENABLED,40,711,1400,N/A,ENABLED,40,711,1400,N/A,ENABLED,N/A,70,77
1744609387,0,676,N/A,N/A,N/A,N/A,ENABLED,1710,500,2100,DISABLED,DISABLED,1692,500,2100,DISABLED,DISABLED,1715,500,2100,DISABLED,DISABLED,1712,500,2100,DISABLED,DISABLED,1718,500,2100,DISABLED,DISABLED,1710,500,2100,DISABLED,DISABLED,1697,500,2100,DISABLED,DISABLED,1694,500,2100,DISABLED,DISABLED,1390,900,1500,N/A,DISABLED,47,914,1680,N/A,ENABLED,47,914,1680,N/A,ENABLED,47,914,1680,N/A,ENABLED,47,914,1680,N/A,ENABLED,39,711,1400,N/A,ENABLED,39,711,1400,N/A,ENABLED,39,711,1400,N/A,ENABLED,39,711,1400,N/A,ENABLED,N/A,70,78
1744609388,0,673,N/A,N/A,N/A,N/A,ENABLED,1720,500,2100,DISABLED,DISABLED,1702,500,2100,DISABLED,DISABLED,1719,500,2100,DISABLED,DISABLED,1718,500,2100,DISABLED,DISABLED,1723,500,2100,DISABLED,DISABLED,1718,500,2100,DISABLED,DISABLED,1703,500,2100,DISABLED,DISABLED,1701,500,2100,DISABLED,DISABLED,1390,900,1500,N/A,DISABLED,47,914,1680,N/A,ENABLED,47,914,1680,N/A,ENABLED,47,914,1680,N/A,ENABLED,47,914,1680,N/A,ENABLED,39,711,1400,N/A,ENABLED,39,711,1400,N/A,ENABLED,39,711,1400,N/A,ENABLED,39,711,1400,N/A,ENABLED,N/A,70,77
1744609389,0,666,N/A,N/A,N/A,N/A,ENABLED,1717,500,2100,DISABLED,DISABLED,1700,500,2100,DISABLED,DISABLED,1713,500,2100,DISABLED,DISABLED,1712,500,2100,DISABLED,DISABLED,1716,500,2100,DISABLED,DISABLED,1714,500,2100,DISABLED,DISABLED,1699,500,2100,DISABLED,DISABLED,1697,500,2100,DISABLED,DISABLED,1386,900,1500,N/A,DISABLED,46,914,1680,N/A,ENABLED,46,914,1680,N/A,ENABLED,46,914,1680,N/A,ENABLED,46,914,1680,N/A,ENABLED,39,711,1400,N/A,ENABLED,39,711,1400,N/A,ENABLED,39,711,1400,N/A,ENABLED,39,711,1400,N/A,ENABLED,N/A,70,78
1744609391,0,674,N/A,N/A,N/A,N/A,ENABLED,1705,500,2100,DISABLED,DISABLED,1689,500,2100,DISABLED,DISABLED,1722,500,2100,DISABLED,DISABLED,1710,500,2100,DISABLED,DISABLED,1724,500,2100,DISABLED,DISABLED,1708,500,2100,DISABLED,DISABLED,1693,500,2100,DISABLED,DISABLED,1692,500,2100,DISABLED,DISABLED,1391,900,1500,N/A,DISABLED,47,914,1680,N/A,ENABLED,47,914,1680,N/A,ENABLED,47,914,1680,N/A,ENABLED,47,914,1680,N/A,ENABLED,39,711,1400,N/A,ENABLED,39,711,1400,N/A,ENABLED,39,711,1400,N/A,ENABLED,39,711,1400,N/A,ENABLED,N/A,70,78
1744609392,0,676,N/A,N/A,N/A,N/A,ENABLED,1707,500,2100,DISABLED,DISABLED,1690,500,2100,DISABLED,DISABLED,1719,500,2100,DISABLED,DISABLED,1711,500,2100,DISABLED,DISABLED,1722,500,2100,DISABLED,DISABLED,1709,500,2100,DISABLED,DISABLED,1695,500,2100,DISABLED,DISABLED,1693,500,2100,DISABLED,DISABLED,1393,900,1500,N/A,DISABLED,47,914,1680,N/A,ENABLED,47,914,1680,N/A,ENABLED,47,914,1680,N/A,ENABLED,47,914,1680,N/A,ENABLED,39,711,1400,N/A,ENABLED,39,711,1400,N/A,ENABLED,39,711,1400,N/A,ENABLED,39,711,1400,N/A,ENABLED,N/A,70,79
1744609393,0,672,N/A,N/A,N/A,N/A,ENABLED,1706,500,2100,DISABLED,DISABLED,1689,500,2100,DISABLED,DISABLED,1713,500,2100,DISABLED,DISABLED,1712,500,2100,DISABLED,DISABLED,1714,500,2100,DISABLED,DISABLED,1708,500,2100,DISABLED,DISABLED,1695,500,2100,DISABLED,DISABLED,1693,500,2100,DISABLED,DISABLED,1393,900,1500,N/A,DISABLED,47,914,1680,N/A,ENABLED,47,914,1680,N/A,ENABLED,47,914,1680,N/A,ENABLED,47,914,1680,N/A,ENABLED,39,711,1400,N/A,ENABLED,39,711,1400,N/A,ENABLED,39,711,1400,N/A,ENABLED,39,711,1400,N/A,ENABLED,N/A,70,78
1744609394,0,679,N/A,N/A,N/A,N/A,ENABLED,1703,500,2100,DISABLED,DISABLED,1687,500,2100,DISABLED,DISABLED,1709,500,2100,DISABLED,DISABLED,1708,500,2100,DISABLED,DISABLED,1711,500,2100,DISABLED,DISABLED,1705,500,2100,DISABLED,DISABLED,1692,500,2100,DISABLED,DISABLED,1690,500,2100,DISABLED,DISABLED,1386,900,1500,N/A,DISABLED,46,914,1680,N/A,ENABLED,46,914,1680,N/A,ENABLED,46,914,1680,N/A,ENABLED,46,914,1680,N/A,ENABLED,39,711,1400,N/A,ENABLED,39,711,1400,N/A,ENABLED,39,711,1400,N/A,ENABLED,39,711,1400,N/A,ENABLED,N/A,70,79
1744609395,0,673,N/A,N/A,N/A,N/A,ENABLED,1699,500,2100,DISABLED,DISABLED,1683,500,2100,DISABLED,DISABLED,1705,500,2100,DISABLED,DISABLED,1699,500,2100,DISABLED,DISABLED,1707,500,2100,DISABLED,DISABLED,1700,500,2100,DISABLED,DISABLED,1686,500,2100,DISABLED,DISABLED,1684,500,2100,DISABLED,DISABLED,1382,900,1500,N/A,DISABLED,46,914,1680,N/A,ENABLED,46,914,1680,N/A,ENABLED,46,914,1680,N/A,ENABLED,46,914,1680,N/A,ENABLED,39,711,1400,N/A,ENABLED,39,711,1400,N/A,ENABLED,39,711,1400,N/A,ENABLED,39,711,1400,N/A,ENABLED,N/A,70,79
1744609396,0,663,N/A,N/A,N/A,N/A,ENABLED,1705,500,2100,DISABLED,DISABLED,1689,500,2100,DISABLED,DISABLED,1711,500,2100,DISABLED,DISABLED,1706,500,2100,DISABLED,DISABLED,1713,500,2100,DISABLED,DISABLED,1707,500,2100,DISABLED,DISABLED,1693,500,2100,DISABLED,DISABLED,1691,500,2100,DISABLED,DISABLED,1387,900,1500,N/A,DISABLED,46,914,1680,N/A,ENABLED,46,914,1680,N/A,ENABLED,46,914,1680,N/A,ENABLED,46,914,1680,N/A,ENABLED,39,711,1400,N/A,ENABLED,39,711,1400,N/A,ENABLED,39,711,1400,N/A,ENABLED,39,711,1400,N/A,ENABLED,N/A,70,78
1744609398,0,681,N/A,N/A,N/A,N/A,ENABLED,1715,500,2100,DISABLED,DISABLED,1699,500,2100,DISABLED,DISABLED,1721,500,2100,DISABLED,DISABLED,1717,500,2100,DISABLED,DISABLED,1724,500,2100,DISABLED,DISABLED,1717,500,2100,DISABLED,DISABLED,1703,500,2100,DISABLED,DISABLED,1703,500,2100,DISABLED,DISABLED,1388,900,1500,N/A,DISABLED,46,914,1680,N/A,ENABLED,46,914,1680,N/A,ENABLED,46,914,1680,N/A,ENABLED,46,914,1680,N/A,ENABLED,39,711,1400,N/A,ENABLED,39,711,1400,N/A,ENABLED,39,711,1400,N/A,ENABLED,39,711,1400,N/A,ENABLED,N/A,70,77
1744609399,0,672,N/A,N/A,N/A,N/A,ENABLED,1715,500,2100,DISABLED,DISABLED,1699,500,2100,DISABLED,DISABLED,1721,500,2100,DISABLED,DISABLED,1725,500,2100,DISABLED,DISABLED,1723,500,2100,DISABLED,DISABLED,1716,500,2100,DISABLED,DISABLED,1703,500,2100,DISABLED,DISABLED,1702,500,2100,DISABLED,DISABLED,1384,900,1500,N/A,DISABLED,46,914,1680,N/A,ENABLED,46,914,1680,N/A,ENABLED,46,914,1680,N/A,ENABLED,46,914,1680,N/A,ENABLED,39,711,1400,N/A,ENABLED,39,711,1400,N/A,ENABLED,39,711,1400,N/A,ENABLED,39,711,1400,N/A,ENABLED,N/A,70,78
1744609400,0,674,N/A,N/A,N/A,N/A,ENABLED,1698,500,2100,DISABLED,DISABLED,1682,500,2100,DISABLED,DISABLED,1704,500,2100,DISABLED,DISABLED,1709,500,2100,DISABLED,DISABLED,1705,500,2100,DISABLED,DISABLED,1700,500,2100,DISABLED,DISABLED,1686,500,2100,DISABLED,DISABLED,1685,500,2100,DISABLED,DISABLED,1387,900,1500,N/A,DISABLED,46,914,1680,N/A,ENABLED,46,914,1680,N/A,ENABLED,46,914,1680,N/A,ENABLED,46,914,1680,N/A,ENABLED,39,711,1400,N/A,ENABLED,39,711,1400,N/A,ENABLED,39,711,1400,N/A,ENABLED,39,711,1400,N/A,ENABLED,N/A,70,78
1744609401,0,678,N/A,N/A,N/A,N/A,ENABLED,1693,500,2100,DISABLED,DISABLED,1676,500,2100,DISABLED,DISABLED,1698,500,2100,DISABLED,DISABLED,1694,500,2100,DISABLED,DISABLED,1699,500,2100,DISABLED,DISABLED,1694,500,2100,DISABLED,DISABLED,1682,500,2100,DISABLED,DISABLED,1680,500,2100,DISABLED,DISABLED,1385,900,1500,N/A,DISABLED,46,914,1680,N/A,ENABLED,46,914,1680,N/A,ENABLED,46,914,1680,N/A,ENABLED,46,914,1680,N/A,ENABLED,39,711,1400,N/A,ENABLED,39,711,1400,N/A,ENABLED,39,711,1400,N/A,ENABLED,39,711,1400,N/A,ENABLED,N/A,70,79
1744609402,0,673,N/A,N/A,N/A,N/A,ENABLED,1696,500,2100,DISABLED,DISABLED,1679,500,2100,DISABLED,DISABLED,1700,500,2100,DISABLED,DISABLED,1696,500,2100,DISABLED,DISABLED,1704,500,2100,DISABLED,DISABLED,1698,500,2100,DISABLED,DISABLED,1684,500,2100,DISABLED,DISABLED,1682,500,2100,DISABLED,DISABLED,1386,900,1500,N/A,DISABLED,46,914,1680,N/A,ENABLED,46,914,1680,N/A,ENABLED,46,914,1680,N/A,ENABLED,46,914,1680,N/A,ENABLED,39,711,1400,N/A,ENABLED,39,711,1400,N/A,ENABLED,39,711,1400,N/A,ENABLED,39,711,1400,N/A,ENABLED,N/A,70,79
1744609403,0,682,N/A,N/A,N/A,N/A,ENABLED,1712,500,2100,DISABLED,DISABLED,1695,500,2100,DISABLED,DISABLED,1716,500,2100,DISABLED,DISABLED,1713,500,2100,DISABLED,DISABLED,1720,500,2100,DISABLED,DISABLED,1715,500,2100,DISABLED,DISABLED,1700,500,2100,DISABLED,DISABLED,1699,500,2100,DISABLED,DISABLED,1386,900,1500,N/A,DISABLED,46,914,1680,N/A,ENABLED,46,914,1680,N/A,ENABLED,46,914,1680,N/A,ENABLED,46,914,1680,N/A,ENABLED,39,711,1400,N/A,ENABLED,39,711,1400,N/A,ENABLED,39,711,1400,N/A,ENABLED,39,711,1400,N/A,ENABLED,N/A,70,78
1744609405,0,681,N/A,N/A,N/A,N/A,ENABLED,1713,500,2100,DISABLED,DISABLED,1697,500,2100,DISABLED,DISABLED,1719,500,2100,DISABLED,DISABLED,1716,500,2100,DISABLED,DISABLED,1722,500,2100,DISABLED,DISABLED,1716,500,2100,DISABLED,DISABLED,1703,500,2100,DISABLED,DISABLED,1701,500,2100,DISABLED,DISABLED,1390,900,1500,N/A,DISABLED,47,914,1680,N/A,ENABLED,47,914,1680,N/A,ENABLED,47,914,1680,N/A,ENABLED,47,914,1680,N/A,ENABLED,39,711,1400,N/A,ENABLED,39,711,1400,N/A,ENABLED,39,711,1400,N/A,ENABLED,39,711,1400,N/A,ENABLED,N/A,70,78
1744609406,0,671,N/A,N/A,N/A,N/A,ENABLED,1699,500,2100,DISABLED,DISABLED,1683,500,2100,DISABLED,DISABLED,1705,500,2100,DISABLED,DISABLED,1702,500,2100,DISABLED,DISABLED,1707,500,2100,DISABLED,DISABLED,1702,500,2100,DISABLED,DISABLED,1688,500,2100,DISABLED,DISABLED,1687,500,2100,DISABLED,DISABLED,1387,900,1500,N/A,DISABLED,46,914,1680,N/A,ENABLED,46,914,1680,N/A,ENABLED,46,914,1680,N/A,ENABLED,46,914,1680,N/A,ENABLED,39,711,1400,N/A,ENABLED,39,711,1400,N/A,ENABLED,39,711,1400,N/A,ENABLED,39,711,1400,N/A,ENABLED,N/A,70,78
1744609407,0,663,N/A,N/A,N/A,N/A,ENABLED,1688,500,2100,DISABLED,DISABLED,1672,500,2100,DISABLED,DISABLED,1694,500,2100,DISABLED,DISABLED,1693,500,2100,DISABLED,DISABLED,1696,500,2100,DISABLED,DISABLED,1691,500,2100,DISABLED,DISABLED,1676,500,2100,DISABLED,DISABLED,1675,500,2100,DISABLED,DISABLED,1382,900,1500,N/A,DISABLED,46,914,1680,N/A,ENABLED,46,914,1680,N/A,ENABLED,46,914,1680,N/A,ENABLED,46,914,1680,N/A,ENABLED,39,711,1400,N/A,ENABLED,39,711,1400,N/A,ENABLED,39,711,1400,N/A,ENABLED,39,711,1400,N/A,ENABLED,N/A,70,78
1744609408,0,685,N/A,N/A,N/A,N/A,ENABLED,1708,500,2100,DISABLED,DISABLED,1692,500,2100,DISABLED,DISABLED,1714,500,2100,DISABLED,DISABLED,1710,500,2100,DISABLED,DISABLED,1716,500,2100,DISABLED,DISABLED,1712,500,2100,DISABLED,DISABLED,1697,500,2100,DISABLED,DISABLED,1695,500,2100,DISABLED,DISABLED,1386,900,1500,N/A,DISABLED,46,914,1680,N/A,ENABLED,46,914,1680,N/A,ENABLED,46,914,1680,N/A,ENABLED,46,914,1680,N/A,ENABLED,39,711,1400,N/A,ENABLED,39,711,1400,N/A,ENABLED,39,711,1400,N/A,ENABLED,39,711,1400,N/A,ENABLED,N/A,70,78
1744609409,0,675,N/A,N/A,N/A,N/A,ENABLED,1697,500,2100,DISABLED,DISABLED,1681,500,2100,DISABLED,DISABLED,1702,500,2100,DISABLED,DISABLED,1700,500,2100,DISABLED,DISABLED,1705,500,2100,DISABLED,DISABLED,1699,500,2100,DISABLED,DISABLED,1684,500,2100,DISABLED,DISABLED,1683,500,2100,DISABLED,DISABLED,1383,900,1500,N/A,DISABLED,46,914,1680,N/A,ENABLED,46,914,1680,N/A,ENABLED,46,914,1680,N/A,ENABLED,46,914,1680,N/A,ENABLED,39,711,1400,N/A,ENABLED,39,711,1400,N/A,ENABLED,39,711,1400,N/A,ENABLED,39,711,1400,N/A,ENABLED,N/A,70,78
1744609411,0,673,N/A,N/A,N/A,N/A,ENABLED,1700,500,2100,DISABLED,DISABLED,1684,500,2100,DISABLED,DISABLED,1705,500,2100,DISABLED,DISABLED,1704,500,2100,DISABLED,DISABLED,1708,500,2100,DISABLED,DISABLED,1701,500,2100,DISABLED,DISABLED,1687,500,2100,DISABLED,DISABLED,1687,500,2100,DISABLED,DISABLED,1385,900,1500,N/A,DISABLED,46,914,1680,N/A,ENABLED,46,914,1680,N/A,ENABLED,46,914,1680,N/A,ENABLED,46,914,1680,N/A,ENABLED,39,711,1400,N/A,ENABLED,39,711,1400,N/A,ENABLED,39,711,1400,N/A,ENABLED,39,711,1400,N/A,ENABLED,N/A,70,78
1744609412,0,673,N/A,N/A,N/A,N/A,ENABLED,1709,500,2100,DISABLED,DISABLED,1693,500,2100,DISABLED,DISABLED,1715,500,2100,DISABLED,DISABLED,1712,500,2100,DISABLED,DISABLED,1718,500,2100,DISABLED,DISABLED,1713,500,2100,DISABLED,DISABLED,1699,500,2100,DISABLED,DISABLED,1698,500,2100,DISABLED,DISABLED,1389,900,1500,N/A,DISABLED,47,914,1680,N/A,ENABLED,47,914,1680,N/A,ENABLED,47,914,1680,N/A,ENABLED,47,914,1680,N/A,ENABLED,39,711,1400,N/A,ENABLED,39,711,1400,N/A,ENABLED,39,711,1400,N/A,ENABLED,39,711,1400,N/A,ENABLED,N/A,70,77
1744609413,0,682,N/A,N/A,N/A,N/A,ENABLED,1714,500,2100,DISABLED,DISABLED,1697,500,2100,DISABLED,DISABLED,1719,500,2100,DISABLED,DISABLED,1716,500,2100,DISABLED,DISABLED,1722,500,2100,DISABLED,DISABLED,1715,500,2100,DISABLED,DISABLED,1702,500,2100,DISABLED,DISABLED,1701,500,2100,DISABLED,DISABLED,1392,900,1500,N/A,DISABLED,47,914,1680,N/A,ENABLED,47,914,1680,N/A,ENABLED,47,914,1680,N/A,ENABLED,47,914,1680,N/A,ENABLED,39,711,1400,N/A,ENABLED,39,711,1400,N/A,ENABLED,39,711,1400,N/A,ENABLED,39,711,1400,N/A,ENABLED,N/A,70,78
1744609414,0,673,N/A,N/A,N/A,N/A,ENABLED,1723,500,2100,DISABLED,DISABLED,1706,500,2100,DISABLED,DISABLED,1727,500,2100,DISABLED,DISABLED,1725,500,2100,DISABLED,DISABLED,1732,500,2100,DISABLED,DISABLED,1725,500,2100,DISABLED,DISABLED,1712,500,2100,DISABLED,DISABLED,1711,500,2100,DISABLED,DISABLED,1396,900,1500,N/A,DISABLED,47,914,1680,N/A,ENABLED,47,914,1680,N/A,ENABLED,47,914,1680,N/A,ENABLED,47,914,1680,N/A,ENABLED,40,711,1400,N/A,ENABLED,40,711,1400,N/A,ENABLED,40,711,1400,N/A,ENABLED,40,711,1400,N/A,ENABLED,N/A,70,77
1744609415,0,679,N/A,N/A,N/A,N/A,ENABLED,1706,500,2100,DISABLED,DISABLED,1690,500,2100,DISABLED,DISABLED,1711,500,2100,DISABLED,DISABLED,1708,500,2100,DISABLED,DISABLED,1715,500,2100,DISABLED,DISABLED,1710,500,2100,DISABLED,DISABLED,1695,500,2100,DISABLED,DISABLED,1694,500,2100,DISABLED,DISABLED,1393,900,1500,N/A,DISABLED,47,914,1680,N/A,ENABLED,47,914,1680,N/A,ENABLED,47,914,1680,N/A,ENABLED,47,914,1680,N/A,ENABLED,39,711,1400,N/A,ENABLED,39,711,1400,N/A,ENABLED,39,711,1400,N/A,ENABLED,39,711,1400,N/A,ENABLED,N/A,70,78
1744609416,0,679,N/A,N/A,N/A,N/A,ENABLED,1708,500,2100,DISABLED,DISABLED,1692,500,2100,DISABLED,DISABLED,1713,500,2100,DISABLED,DISABLED,1710,500,2100,DISABLED,DISABLED,1716,500,2100,DISABLED,DISABLED,1710,500,2100,DISABLED,DISABLED,1709,500,2100,DISABLED,DISABLED,1696,500,2100,DISABLED,DISABLED,1399,900,1500,N/A,DISABLED,47,914,1680,N/A,ENABLED,47,914,1680,N/A,ENABLED,47,914,1680,N/A,ENABLED,47,914,1680,N/A,ENABLED,40,711,1400,N/A,ENABLED,40,711,1400,N/A,ENABLED,40,711,1400,N/A,ENABLED,40,711,1400,N/A,ENABLED,N/A,70,78
1744609418,0,671,N/A,N/A,N/A,N/A,ENABLED,1711,500,2100,DISABLED,DISABLED,1695,500,2100,DISABLED,DISABLED,1717,500,2100,DISABLED,DISABLED,1715,500,2100,DISABLED,DISABLED,1720,500,2100,DISABLED,DISABLED,1717,500,2100,DISABLED,DISABLED,1709,500,2100,DISABLED,DISABLED,1711,500,2100,DISABLED,DISABLED,1394,900,1500,N/A,DISABLED,47,914,1680,N/A,ENABLED,47,914,1680,N/A,ENABLED,47,914,1680,N/A,ENABLED,47,914,1680,N/A,ENABLED,40,711,1400,N/A,ENABLED,40,711,1400,N/A,ENABLED,40,711,1400,N/A,ENABLED,40,711,1400,N/A,ENABLED,N/A,70,78
1744609419,0,675,N/A,N/A,N/A,N/A,ENABLED,1714,500,2100,DISABLED,DISABLED,1697,500,2100,DISABLED,DISABLED,1719,500,2100,DISABLED,DISABLED,1717,500,2100,DISABLED,DISABLED,1722,500,2100,DISABLED,DISABLED,1726,500,2100,DISABLED,DISABLED,1703,500,2100,DISABLED,DISABLED,1705,500,2100,DISABLED,DISABLED,1388,900,1500,N/A,DISABLED,46,914,1680,N/A,ENABLED,46,914,1680,N/A,ENABLED,46,914,1680,N/A,ENABLED,46,914,1680,N/A,ENABLED,39,711,1400,N/A,ENABLED,39,711,1400,N/A,ENABLED,39,711,1400,N/A,ENABLED,39,711,1400,N/A,ENABLED,N/A,70,78
1744609420,0,659,N/A,N/A,N/A,N/A,ENABLED,1728,500,2100,DISABLED,DISABLED,1711,500,2100,DISABLED,DISABLED,1731,500,2100,DISABLED,DISABLED,1730,500,2100,DISABLED,DISABLED,1735,500,2100,DISABLED,DISABLED,1730,500,2100,DISABLED,DISABLED,1716,500,2100,DISABLED,DISABLED,1715,500,2100,DISABLED,DISABLED,1393,900,1500,N/A,DISABLED,47,914,1680,N/A,ENABLED,47,914,1680,N/A,ENABLED,47,914,1680,N/A,ENABLED,47,914,1680,N/A,ENABLED,39,711,1400,N/A,ENABLED,39,711,1400,N/A,ENABLED,39,711,1400,N/A,ENABLED,39,711,1400,N/A,ENABLED,N/A,70,76
1744609421,0,667,N/A,N/A,N/A,N/A,ENABLED,1713,500,2100,DISABLED,DISABLED,1693,500,2100,DISABLED,DISABLED,1714,500,2100,DISABLED,DISABLED,1713,500,2100,DISABLED,DISABLED,1717,500,2100,DISABLED,DISABLED,1714,500,2100,DISABLED,DISABLED,1700,500,2100,DISABLED,DISABLED,1698,500,2100,DISABLED,DISABLED,1388,900,1500,N/A,DISABLED,46,914,1680,N/A,ENABLED,46,914,1680,N/A,ENABLED,46,914,1680,N/A,ENABLED,46,914,1680,N/A,ENABLED,39,711,1400,N/A,ENABLED,39,711,1400,N/A,ENABLED,39,711,1400,N/A,ENABLED,39,711,1400,N/A,ENABLED,N/A,70,77
1744609422,0,677,N/A,N/A,N/A,N/A,ENABLED,1732,500,2100,DISABLED,DISABLED,1718,500,2100,DISABLED,DISABLED,1725,500,2100,DISABLED,DISABLED,1722,500,2100,DISABLED,DISABLED,1728,500,2100,DISABLED,DISABLED,1721,500,2100,DISABLED,DISABLED,1707,500,2100,DISABLED,DISABLED,1705,500,2100,DISABLED,DISABLED,1391,900,1500,N/A,DISABLED,47,914,1680,N/A,ENABLED,47,914,1680,N/A,ENABLED,47,914,1680,N/A,ENABLED,47,914,1680,N/A,ENABLED,39,711,1400,N/A,ENABLED,39,711,1400,N/A,ENABLED,39,711,1400,N/A,ENABLED,39,711,1400,N/A,ENABLED,N/A,70,77
1744609423,0,667,N/A,N/A,N/A,N/A,ENABLED,1709,500,2100,DISABLED,DISABLED,1694,500,2100,DISABLED,DISABLED,1716,500,2100,DISABLED,DISABLED,1708,500,2100,DISABLED,DISABLED,1719,500,2100,DISABLED,DISABLED,1710,500,2100,DISABLED,DISABLED,1696,500,2100,DISABLED,DISABLED,1695,500,2100,DISABLED,DISABLED,1384,900,1500,N/A,DISABLED,46,914,1680,N/A,ENABLED,46,914,1680,N/A,ENABLED,46,914,1680,N/A,ENABLED,46,914,1680,N/A,ENABLED,39,711,1400,N/A,ENABLED,39,711,1400,N/A,ENABLED,39,711,1400,N/A,ENABLED,39,711,1400,N/A,ENABLED,N/A,70,78
1744609425,0,673,N/A,N/A,N/A,N/A,ENABLED,1706,500,2100,DISABLED,DISABLED,1690,500,2100,DISABLED,DISABLED,1718,500,2100,DISABLED,DISABLED,1705,500,2100,DISABLED,DISABLED,1719,500,2100,DISABLED,DISABLED,1706,500,2100,DISABLED,DISABLED,1692,500,2100,DISABLED,DISABLED,1692,500,2100,DISABLED,DISABLED,1383,900,1500,N/A,DISABLED,46,914,1680,N/A,ENABLED,46,914,1680,N/A,ENABLED,46,914,1680,N/A,ENABLED,46,914,1680,N/A,ENABLED,39,711,1400,N/A,ENABLED,39,711,1400,N/A,ENABLED,39,711,1400,N/A,ENABLED,39,711,1400,N/A,ENABLED,N/A,70,78
1744609426,0,665,N/A,N/A,N/A,N/A,ENABLED,1709,500,2100,DISABLED,DISABLED,1692,500,2100,DISABLED,DISABLED,1713,500,2100,DISABLED,DISABLED,1709,500,2100,DISABLED,DISABLED,1716,500,2100,DISABLED,DISABLED,1709,500,2100,DISABLED,DISABLED,1696,500,2100,DISABLED,DISABLED,1696,500,2100,DISABLED,DISABLED,1386,900,1500,N/A,DISABLED,46,914,1680,N/A,ENABLED,46,914,1680,N/A,ENABLED,46,914,1680,N/A,ENABLED,46,914,1680,N/A,ENABLED,39,711,1400,N/A,ENABLED,39,711,1400,N/A,ENABLED,39,711,1400,N/A,ENABLED,39,711,1400,N/A,ENABLED,N/A,70,78
1744609427,0,668,N/A,N/A,N/A,N/A,ENABLED,1698,500,2100,DISABLED,DISABLED,1681,500,2100,DISABLED,DISABLED,1702,500,2100,DISABLED,DISABLED,1699,500,2100,DISABLED,DISABLED,1706,500,2100,DISABLED,DISABLED,1698,500,2100,DISABLED,DISABLED,1686,500,2100,DISABLED,DISABLED,1685,500,2100,DISABLED,DISABLED,1381,900,1500,N/A,DISABLED,46,914,1680,N/A,ENABLED,46,914,1680,N/A,ENABLED,46,914,1680,N/A,ENABLED,46,914,1680,N/A,ENABLED,39,711,1400,N/A,ENABLED,39,711,1400,N/A,ENABLED,39,711,1400,N/A,ENABLED,39,711,1400,N/A,ENABLED,N/A,69,78
1744609428,0,668,N/A,N/A,N/A,N/A,ENABLED,1722,500,2100,DISABLED,DISABLED,1706,500,2100,DISABLED,DISABLED,1727,500,2100,DISABLED,DISABLED,1726,500,2100,DISABLED,DISABLED,1731,500,2100,DISABLED,DISABLED,1725,500,2100,DISABLED,DISABLED,1711,500,2100,DISABLED,DISABLED,1710,500,2100,DISABLED,DISABLED,1391,900,1500,N/A,DISABLED,47,914,1680,N/A,ENABLED,47,914,1680,N/A,ENABLED,47,914,1680,N/A,ENABLED,47,914,1680,N/A,ENABLED,39,711,1400,N/A,ENABLED,39,711,1400,N/A,ENABLED,39,711,1400,N/A,ENABLED,39,711,1400,N/A,ENABLED,N/A,69,76
1744609429,0,674,N/A,N/A,N/A,N/A,ENABLED,1698,500,2100,DISABLED,DISABLED,1682,500,2100,DISABLED,DISABLED,1703,500,2100,DISABLED,DISABLED,1703,500,2100,DISABLED,DISABLED,1706,500,2100,DISABLED,DISABLED,1701,500,2100,DISABLED,DISABLED,1687,500,2100,DISABLED,DISABLED,1686,500,2100,DISABLED,DISABLED,1386,900,1500,N/A,DISABLED,46,914,1680,N/A,ENABLED,46,914,1680,N/A,ENABLED,46,914,1680,N/A,ENABLED,46,914,1680,N/A,ENABLED,39,711,1400,N/A,ENABLED,39,711,1400,N/A,ENABLED,39,711,1400,N/A,ENABLED,39,711,1400,N/A,ENABLED,N/A,69,77
1744609431,0,669,N/A,N/A,N/A,N/A,ENABLED,1701,500,2100,DISABLED,DISABLED,1686,500,2100,DISABLED,DISABLED,1705,500,2100,DISABLED,DISABLED,1705,500,2100,DISABLED,DISABLED,1708,500,2100,DISABLED,DISABLED,1703,500,2100,DISABLED,DISABLED,1690,500,2100,DISABLED,DISABLED,1689,500,2100,DISABLED,DISABLED,1386,900,1500,N/A,DISABLED,46,914,1680,N/A,ENABLED,46,914,1680,N/A,ENABLED,46,914,1680,N/A,ENABLED,46,914,1680,N/A,ENABLED,39,711,1400,N/A,ENABLED,39,711,1400,N/A,ENABLED,39,711,1400,N/A,ENABLED,39,711,1400,N/A,ENABLED,N/A,69,78
1744609432,0,666,N/A,N/A,N/A,N/A,ENABLED,1709,500,2100,DISABLED,DISABLED,1694,500,2100,DISABLED,DISABLED,1714,500,2100,DISABLED,DISABLED,1719,500,2100,DISABLED,DISABLED,1718,500,2100,DISABLED,DISABLED,1712,500,2100,DISABLED,DISABLED,1699,500,2100,DISABLED,DISABLED,1699,500,2100,DISABLED,DISABLED,1391,900,1500,N/A,DISABLED,47,914,1680,N/A,ENABLED,47,914,1680,N/A,ENABLED,47,914,1680,N/A,ENABLED,47,914,1680,N/A,ENABLED,39,711,1400,N/A,ENABLED,39,711,1400,N/A,ENABLED,39,711,1400,N/A,ENABLED,40,711,1400,N/A,ENABLED,N/A,69,77
1744609433,0,673,N/A,N/A,N/A,N/A,ENABLED,1720,500,2100,DISABLED,DISABLED,1705,500,2100,DISABLED,DISABLED,1726,500,2100,DISABLED,DISABLED,1734,500,2100,DISABLED,DISABLED,1730,500,2100,DISABLED,DISABLED,1724,500,2100,DISABLED,DISABLED,1711,500,2100,DISABLED,DISABLED,1710,500,2100,DISABLED,DISABLED,1394,900,1500,N/A,DISABLED,47,914,1680,N/A,ENABLED,47,914,1680,N/A,ENABLED,47,914,1680,N/A,ENABLED,47,914,1680,N/A,ENABLED,40,711,1400,N/A,ENABLED,40,711,1400,N/A,ENABLED,40,711,1400,N/A,ENABLED,40,711,1400,N/A,ENABLED,N/A,69,76
1744609434,0,666,N/A,N/A,N/A,N/A,ENABLED,1715,500,2100,DISABLED,DISABLED,1699,500,2100,DISABLED,DISABLED,1719,500,2100,DISABLED,DISABLED,1717,500,2100,DISABLED,DISABLED,1724,500,2100,DISABLED,DISABLED,1717,500,2100,DISABLED,DISABLED,1703,500,2100,DISABLED,DISABLED,1703,500,2100,DISABLED,DISABLED,1397,900,1500,N/A,DISABLED,47,914,1680,N/A,ENABLED,47,914,1680,N/A,ENABLED,47,914,1680,N/A,ENABLED,47,914,1680,N/A,ENABLED,40,711,1400,N/A,ENABLED,40,711,1400,N/A,ENABLED,40,711,1400,N/A,ENABLED,40,711,1400,N/A,ENABLED,N/A,69,76
1744609435,0,677,N/A,N/A,N/A,N/A,ENABLED,1713,500,2100,DISABLED,DISABLED,1698,500,2100,DISABLED,DISABLED,1719,500,2100,DISABLED,DISABLED,1717,500,2100,DISABLED,DISABLED,1723,500,2100,DISABLED,DISABLED,1716,500,2100,DISABLED,DISABLED,1704,500,2100,DISABLED,DISABLED,1702,500,2100,DISABLED,DISABLED,1394,900,1500,N/A,DISABLED,47,914,1680,N/A,ENABLED,47,914,1680,N/A,ENABLED,47,914,1680,N/A,ENABLED,47,914,1680,N/A,ENABLED,40,711,1400,N/A,ENABLED,40,711,1400,N/A,ENABLED,40,711,1400,N/A,ENABLED,40,711,1400,N/A,ENABLED,N/A,69,77
1744609436,0,673,N/A,N/A,N/A,N/A,ENABLED,1719,500,2100,DISABLED,DISABLED,1704,500,2100,DISABLED,DISABLED,1723,500,2100,DISABLED,DISABLED,1722,500,2100,DISABLED,DISABLED,1728,500,2100,DISABLED,DISABLED,1721,500,2100,DISABLED,DISABLED,1707,500,2100,DISABLED,DISABLED,1707,500,2100,DISABLED,DISABLED,1391,900,1500,N/A,DISABLED,47,914,1680,N/A,ENABLED,47,914,1680,N/A,ENABLED,47,914,1680,N/A,ENABLED,47,914,1680,N/A,ENABLED,39,711,1400,N/A,ENABLED,39,711,1400,N/A,ENABLED,39,711,1400,N/A,ENABLED,39,711,1400,N/A,ENABLED,N/A,69,76
1744609438,0,663,N/A,N/A,N/A,N/A,ENABLED,1732,500,2100,DISABLED,DISABLED,1717,500,2100,DISABLED,DISABLED,1736,500,2100,DISABLED,DISABLED,1736,500,2100,DISABLED,DISABLED,1741,500,2100,DISABLED,DISABLED,1735,500,2100,DISABLED,DISABLED,1722,500,2100,DISABLED,DISABLED,1720,500,2100,DISABLED,DISABLED,1398,900,1500,N/A,DISABLED,47,914,1680,N/A,ENABLED,47,914,1680,N/A,ENABLED,47,914,1680,N/A,ENABLED,47,914,1680,N/A,ENABLED,40,711,1400,N/A,ENABLED,40,711,1400,N/A,ENABLED,40,711,1400,N/A,ENABLED,40,711,1400,N/A,ENABLED,N/A,68,75
1744609439,0,677,N/A,N/A,N/A,N/A,ENABLED,1719,500,2100,DISABLED,DISABLED,1704,500,2100,DISABLED,DISABLED,1723,500,2100,DISABLED,DISABLED,1721,500,2100,DISABLED,DISABLED,1728,500,2100,DISABLED,DISABLED,1722,500,2100,DISABLED,DISABLED,1709,500,2100,DISABLED,DISABLED,1708,500,2100,DISABLED,DISABLED,1395,900,1500,N/A,DISABLED,47,914,1680,N/A,ENABLED,47,914,1680,N/A,ENABLED,47,914,1680,N/A,ENABLED,47,914,1680,N/A,ENABLED,40,711,1400,N/A,ENABLED,40,711,1400,N/A,ENABLED,40,711,1400,N/A,ENABLED,40,711,1400,N/A,ENABLED,N/A,68,76
1744609440,0,663,N/A,N/A,N/A,N/A,ENABLED,1710,500,2100,DISABLED,DISABLED,1694,500,2100,DISABLED,DISABLED,1714,500,2100,DISABLED,DISABLED,1713,500,2100,DISABLED,DISABLED,1718,500,2100,DISABLED,DISABLED,1711,500,2100,DISABLED,DISABLED,1698,500,2100,DISABLED,DISABLED,1696,500,2100,DISABLED,DISABLED,1393,900,1500,N/A,DISABLED,47,914,1680,N/A,ENABLED,47,914,1680,N/A,ENABLED,47,914,1680,N/A,ENABLED,47,914,1680,N/A,ENABLED,39,711,1400,N/A,ENABLED,39,711,1400,N/A,ENABLED,39,711,1400,N/A,ENABLED,39,711,1400,N/A,ENABLED,N/A,68,76
1744609441,0,669,N/A,N/A,N/A,N/A,ENABLED,1714,500,2100,DISABLED,DISABLED,1699,500,2100,DISABLED,DISABLED,1719,500,2100,DISABLED,DISABLED,1717,500,2100,DISABLED,DISABLED,1723,500,2100,DISABLED,DISABLED,1716,500,2100,DISABLED,DISABLED,1702,500,2100,DISABLED,DISABLED,1701,500,2100,DISABLED,DISABLED,1390,900,1500,N/A,DISABLED,47,914,1680,N/A,ENABLED,47,914,1680,N/A,ENABLED,47,914,1680,N/A,ENABLED,47,914,1680,N/A,ENABLED,39,711,1400,N/A,ENABLED,39,711,1400,N/A,ENABLED,39,711,1400,N/A,ENABLED,39,711,1400,N/A,ENABLED,N/A,68,75
1744609442,0,661,N/A,N/A,N/A,N/A,ENABLED,1717,500,2100,DISABLED,DISABLED,1701,500,2100,DISABLED,DISABLED,1721,500,2100,DISABLED,DISABLED,1720,500,2100,DISABLED,DISABLED,1725,500,2100,DISABLED,DISABLED,1718,500,2100,DISABLED,DISABLED,1704,500,2100,DISABLED,DISABLED,1704,500,2100,DISABLED,DISABLED,1391,900,1500,N/A,DISABLED,47,914,1680,N/A,ENABLED,47,914,1680,N/A,ENABLED,47,914,1680,N/A,ENABLED,47,914,1680,N/A,ENABLED,39,711,1400,N/A,ENABLED,39,711,1400,N/A,ENABLED,39,711,1400,N/A,ENABLED,39,711,1400,N/A,ENABLED,N/A,68,75
1744609443,0,671,N/A,N/A,N/A,N/A,ENABLED,1703,500,2100,DISABLED,DISABLED,1687,500,2100,DISABLED,DISABLED,1708,500,2100,DISABLED,DISABLED,1705,500,2100,DISABLED,DISABLED,1712,500,2100,DISABLED,DISABLED,1705,500,2100,DISABLED,DISABLED,1692,500,2100,DISABLED,DISABLED,1692,500,2100,DISABLED,DISABLED,1388,900,1500,N/A,DISABLED,46,914,1680,N/A,ENABLED,46,914,1680,N/A,ENABLED,46,914,1680,N/A,ENABLED,46,914,1680,N/A,ENABLED,39,711,1400,N/A,ENABLED,39,711,1400,N/A,ENABLED,39,711,1400,N/A,ENABLED,39,711,1400,N/A,ENABLED,N/A,68,76
1744609445,0,671,N/A,N/A,N/A,N/A,ENABLED,1719,500,2100,DISABLED,DISABLED,1704,500,2100,DISABLED,DISABLED,1724,500,2100,DISABLED,DISABLED,1723,500,2100,DISABLED,DISABLED,1728,500,2100,DISABLED,DISABLED,1721,500,2100,DISABLED,DISABLED,1708,500,2100,DISABLED,DISABLED,1708,500,2100,DISABLED,DISABLED,1391,900,1500,N/A,DISABLED,47,914,1680,N/A,ENABLED,47,914,1680,N/A,ENABLED,47,914,1680,N/A,ENABLED,47,914,1680,N/A,ENABLED,39,711,1400,N/A,ENABLED,39,711,1400,N/A,ENABLED,39,711,1400,N/A,ENABLED,39,711,1400,N/A,ENABLED,N/A,68,75
1744609446,0,664,N/A,N/A,N/A,N/A,ENABLED,1738,500,2100,DISABLED,DISABLED,1723,500,2100,DISABLED,DISABLED,1743,500,2100,DISABLED,DISABLED,1742,500,2100,DISABLED,DISABLED,1748,500,2100,DISABLED,DISABLED,1743,500,2100,DISABLED,DISABLED,1728,500,2100,DISABLED,DISABLED,1727,500,2100,DISABLED,DISABLED,1397,900,1500,N/A,DISABLED,47,914,1680,N/A,ENABLED,47,914,1680,N/A,ENABLED,47,914,1680,N/A,ENABLED,47,914,1680,N/A,ENABLED,40,711,1400,N/A,ENABLED,40,711,1400,N/A,ENABLED,40,711,1400,N/A,ENABLED,40,711,1400,N/A,ENABLED,N/A,68,75
1744609447,0,671,N/A,N/A,N/A,N/A,ENABLED,1717,500,2100,DISABLED,DISABLED,1702,500,2100,DISABLED,DISABLED,1721,500,2100,DISABLED,DISABLED,1718,500,2100,DISABLED,DISABLED,1726,500,2100,DISABLED,DISABLED,1720,500,2100,DISABLED,DISABLED,1707,500,2100,DISABLED,DISABLED,1706,500,2100,DISABLED,DISABLED,1390,900,1500,N/A,DISABLED,47,914,1680,N/A,ENABLED,47,914,1680,N/A,ENABLED,47,914,1680,N/A,ENABLED,47,914,1680,N/A,ENABLED,39,711,1400,N/A,ENABLED,39,711,1400,N/A,ENABLED,39,711,1400,N/A,ENABLED,39,711,1400,N/A,ENABLED,N/A,68,75
1744609448,0,665,N/A,N/A,N/A,N/A,ENABLED,1724,500,2100,DISABLED,DISABLED,1709,500,2100,DISABLED,DISABLED,1728,500,2100,DISABLED,DISABLED,1728,500,2100,DISABLED,DISABLED,1733,500,2100,DISABLED,DISABLED,1726,500,2100,DISABLED,DISABLED,1711,500,2100,DISABLED,DISABLED,1710,500,2100,DISABLED,DISABLED,1387,900,1500,N/A,DISABLED,46,914,1680,N/A,ENABLED,46,914,1680,N/A,ENABLED,46,914,1680,N/A,ENABLED,46,914,1680,N/A,ENABLED,39,711,1400,N/A,ENABLED,39,711,1400,N/A,ENABLED,39,711,1400,N/A,ENABLED,39,711,1400,N/A,ENABLED,N/A,68,76
1744609449,0,665,N/A,N/A,N/A,N/A,ENABLED,1715,500,2100,DISABLED,DISABLED,1698,500,2100,DISABLED,DISABLED,1718,500,2100,DISABLED,DISABLED,1717,500,2100,DISABLED,DISABLED,1723,500,2100,DISABLED,DISABLED,1716,500,2100,DISABLED,DISABLED,1705,500,2100,DISABLED,DISABLED,1700,500,2100,DISABLED,DISABLED,1385,900,1500,N/A,DISABLED,46,914,1680,N/A,ENABLED,46,914,1680,N/A,ENABLED,46,914,1680,N/A,ENABLED,46,914,1680,N/A,ENABLED,39,711,1400,N/A,ENABLED,39,711,1400,N/A,ENABLED,39,711,1400,N/A,ENABLED,39,711,1400,N/A,ENABLED,N/A,68,75
1744609451,0,672,N/A,N/A,N/A,N/A,ENABLED,1720,500,2100,DISABLED,DISABLED,1705,500,2100,DISABLED,DISABLED,1725,500,2100,DISABLED,DISABLED,1722,500,2100,DISABLED,DISABLED,1729,500,2100,DISABLED,DISABLED,1723,500,2100,DISABLED,DISABLED,1718,500,2100,DISABLED,DISABLED,1717,500,2100,DISABLED,DISABLED,1391,900,1500,N/A,DISABLED,47,914,1680,N/A,ENABLED,47,914,1680,N/A,ENABLED,47,914,1680,N/A,ENABLED,47,914,1680,N/A,ENABLED,39,711,1400,N/A,ENABLED,39,711,1400,N/A,ENABLED,39,711,1400,N/A,ENABLED,39,711,1400,N/A,ENABLED,N/A,68,75
1744609452,0,662,N/A,N/A,N/A,N/A,ENABLED,1721,500,2100,DISABLED,DISABLED,1705,500,2100,DISABLED,DISABLED,1725,500,2100,DISABLED,DISABLED,1724,500,2100,DISABLED,DISABLED,1729,500,2100,DISABLED,DISABLED,1733,500,2100,DISABLED,DISABLED,1711,500,2100,DISABLED,DISABLED,1718,500,2100,DISABLED,DISABLED,1386,900,1500,N/A,DISABLED,46,914,1680,N/A,ENABLED,46,914,1680,N/A,ENABLED,46,914,1680,N/A,ENABLED,46,914,1680,N/A,ENABLED,39,711,1400,N/A,ENABLED,39,711,1400,N/A,ENABLED,39,711,1400,N/A,ENABLED,39,711,1400,N/A,ENABLED,N/A,68,74
1744609453,0,673,N/A,N/A,N/A,N/A,ENABLED,1723,500,2100,DISABLED,DISABLED,1707,500,2100,DISABLED,DISABLED,1726,500,2100,DISABLED,DISABLED,1723,500,2100,DISABLED,DISABLED,1730,500,2100,DISABLED,DISABLED,1734,500,2100,DISABLED,DISABLED,1708,500,2100,DISABLED,DISABLED,1707,500,2100,DISABLED,DISABLED,1393,900,1500,N/A,DISABLED,47,914,1680,N/A,ENABLED,47,914,1680,N/A,ENABLED,47,914,1680,N/A,ENABLED,47,914,1680,N/A,ENABLED,40,711,1400,N/A,ENABLED,40,711,1400,N/A,ENABLED,40,711,1400,N/A,ENABLED,40,711,1400,N/A,ENABLED,N/A,68,75
1744609454,0,667,N/A,N/A,N/A,N/A,ENABLED,1713,500,2100,DISABLED,DISABLED,1697,500,2100,DISABLED,DISABLED,1715,500,2100,DISABLED,DISABLED,1713,500,2100,DISABLED,DISABLED,1719,500,2100,DISABLED,DISABLED,1712,500,2100,DISABLED,DISABLED,1698,500,2100,DISABLED,DISABLED,1697,500,2100,DISABLED,DISABLED,1390,900,1500,N/A,DISABLED,47,914,1680,N/A,ENABLED,47,914,1680,N/A,ENABLED,47,914,1680,N/A,ENABLED,47,914,1680,N/A,ENABLED,39,711,1400,N/A,ENABLED,39,711,1400,N/A,ENABLED,39,711,1400,N/A,ENABLED,39,711,1400,N/A,ENABLED,N/A,68,76
1744609455,0,665,N/A,N/A,N/A,N/A,ENABLED,1725,500,2100,DISABLED,DISABLED,1707,500,2100,DISABLED,DISABLED,1721,500,2100,DISABLED,DISABLED,1719,500,2100,DISABLED,DISABLED,1725,500,2100,DISABLED,DISABLED,1722,500,2100,DISABLED,DISABLED,1708,500,2100,DISABLED,DISABLED,1707,500,2100,DISABLED,DISABLED,1387,900,1500,N/A,DISABLED,46,914,1680,N/A,ENABLED,46,914,1680,N/A,ENABLED,46,914,1680,N/A,ENABLED,46,914,1680,N/A,ENABLED,39,711,1400,N/A,ENABLED,39,711,1400,N/A,ENABLED,39,711,1400,N/A,ENABLED,39,711,1400,N/A,ENABLED,N/A,68,75
1744609456,0,663,N/A,N/A,N/A,N/A,ENABLED,1731,500,2100,DISABLED,DISABLED,1715,500,2100,DISABLED,DISABLED,1726,500,2100,DISABLED,DISABLED,1724,500,2100,DISABLED,DISABLED,1729,500,2100,DISABLED,DISABLED,1725,500,2100,DISABLED,DISABLED,1712,500,2100,DISABLED,DISABLED,1712,500,2100,DISABLED,DISABLED,1388,900,1500,N/A,DISABLED,47,914,1680,N/A,ENABLED,47,914,1680,N/A,ENABLED,47,914,1680,N/A,ENABLED,47,914,1680,N/A,ENABLED,39,711,1400,N/A,ENABLED,39,711,1400,N/A,ENABLED,39,711,1400,N/A,ENABLED,39,711,1400,N/A,ENABLED,N/A,68,74
1744609458,0,662,N/A,N/A,N/A,N/A,ENABLED,1734,500,2100,DISABLED,DISABLED,1718,500,2100,DISABLED,DISABLED,1749,500,2100,DISABLED,DISABLED,1735,500,2100,DISABLED,DISABLED,1753,500,2100,DISABLED,DISABLED,1735,500,2100,DISABLED,DISABLED,1722,500,2100,DISABLED,DISABLED,1721,500,2100,DISABLED,DISABLED,1394,900,1500,N/A,DISABLED,47,914,1680,N/A,ENABLED,47,914,1680,N/A,ENABLED,47,914,1680,N/A,ENABLED,47,914,1680,N/A,ENABLED,40,711,1400,N/A,ENABLED,40,711,1400,N/A,ENABLED,39,711,1400,N/A,ENABLED,40,711,1400,N/A,ENABLED,N/A,68,74
1744609459,0,675,N/A,N/A,N/A,N/A,ENABLED,1722,500,2100,DISABLED,DISABLED,1707,500,2100,DISABLED,DISABLED,1734,500,2100,DISABLED,DISABLED,1722,500,2100,DISABLED,DISABLED,1739,500,2100,DISABLED,DISABLED,1724,500,2100,DISABLED,DISABLED,1710,500,2100,DISABLED,DISABLED,1710,500,2100,DISABLED,DISABLED,1387,900,1500,N/A,DISABLED,46,914,1680,N/A,ENABLED,46,914,1680,N/A,ENABLED,46,914,1680,N/A,ENABLED,46,914,1680,N/A,ENABLED,39,711,1400,N/A,ENABLED,39,711,1400,N/A,ENABLED,39,711,1400,N/A,ENABLED,39,711,1400,N/A,ENABLED,N/A,68,76
1744609460,0,668,N/A,N/A,N/A,N/A,ENABLED,1731,500,2100,DISABLED,DISABLED,1716,500,2100,DISABLED,DISABLED,1735,500,2100,DISABLED,DISABLED,1731,500,2100,DISABLED,DISABLED,1740,500,2100,DISABLED,DISABLED,1733,500,2100,DISABLED,DISABLED,1719,500,2100,DISABLED,DISABLED,1718,500,2100,DISABLED,DISABLED,1393,900,1500,N/A,DISABLED,47,914,1680,N/A,ENABLED,47,914,1680,N/A,ENABLED,47,914,1680,N/A,ENABLED,47,914,1680,N/A,ENABLED,40,711,1400,N/A,ENABLED,40,711,1400,N/A,ENABLED,40,711,1400,N/A,ENABLED,40,711,1400,N/A,ENABLED,N/A,68,75
1744609461,0,672,N/A,N/A,N/A,N/A,ENABLED,1731,500,2100,DISABLED,DISABLED,1716,500,2100,DISABLED,DISABLED,1735,500,2100,DISABLED,DISABLED,1731,500,2100,DISABLED,DISABLED,1740,500,2100,DISABLED,DISABLED,1733,500,2100,DISABLED,DISABLED,1719,500,2100,DISABLED,DISABLED,1718,500,2100,DISABLED,DISABLED,1399,900,1500,N/A,DISABLED,47,914,1680,N/A,ENABLED,47,914,1680,N/A,ENABLED,47,914,1680,N/A,ENABLED,47,914,1680,N/A,ENABLED,40,711,1400,N/A,ENABLED,40,711,1400,N/A,ENABLED,40,711,1400,N/A,ENABLED,40,711,1400,N/A,ENABLED,N/A,68,75
1744609462,0,671,N/A,N/A,N/A,N/A,ENABLED,1734,500,2100,DISABLED,DISABLED,1718,500,2100,DISABLED,DISABLED,1737,500,2100,DISABLED,DISABLED,1736,500,2100,DISABLED,DISABLED,1741,500,2100,DISABLED,DISABLED,1735,500,2100,DISABLED,DISABLED,1722,500,2100,DISABLED,DISABLED,1721,500,2100,DISABLED,DISABLED,1404,900,1500,N/A,DISABLED,47,914,1680,N/A,ENABLED,47,914,1680,N/A,ENABLED,47,914,1680,N/A,ENABLED,47,914,1680,N/A,ENABLED,40,711,1400,N/A,ENABLED,40,711,1400,N/A,ENABLED,40,711,1400,N/A,ENABLED,40,711,1400,N/A,ENABLED,N/A,68,75
1744609463,0,665,N/A,N/A,N/A,N/A,ENABLED,1724,500,2100,DISABLED,DISABLED,1707,500,2100,DISABLED,DISABLED,1725,500,2100,DISABLED,DISABLED,1722,500,2100,DISABLED,DISABLED,1732,500,2100,DISABLED,DISABLED,1725,500,2100,DISABLED,DISABLED,1710,500,2100,DISABLED,DISABLED,1710,500,2100,DISABLED,DISABLED,1394,900,1500,N/A,DISABLED,47,914,1680,N/A,ENABLED,47,914,1680,N/A,ENABLED,47,914,1680,N/A,ENABLED,47,914,1680,N/A,ENABLED,40,711,1400,N/A,ENABLED,40,711,1400,N/A,ENABLED,40,711,1400,N/A,ENABLED,40,711,1400,N/A,ENABLED,N/A,68,76
1744609465,0,669,N/A,N/A,N/A,N/A,ENABLED,1734,500,2100,DISABLED,DISABLED,1717,500,2100,DISABLED,DISABLED,1737,500,2100,DISABLED,DISABLED,1734,500,2100,DISABLED,DISABLED,1741,500,2100,DISABLED,DISABLED,1735,500,2100,DISABLED,DISABLED,1721,500,2100,DISABLED,DISABLED,1720,500,2100,DISABLED,DISABLED,1399,900,1500,N/A,DISABLED,47,914,1680,N/A,ENABLED,47,914,1680,N/A,ENABLED,47,914,1680,N/A,ENABLED,47,914,1680,N/A,ENABLED,40,711,1400,N/A,ENABLED,40,711,1400,N/A,ENABLED,40,711,1400,N/A,ENABLED,40,711,1400,N/A,ENABLED,N/A,68,75
1744609466,0,679,N/A,N/A,N/A,N/A,ENABLED,1741,500,2100,DISABLED,DISABLED,1726,500,2100,DISABLED,DISABLED,1744,500,2100,DISABLED,DISABLED,1746,500,2100,DISABLED,DISABLED,1748,500,2100,DISABLED,DISABLED,1742,500,2100,DISABLED,DISABLED,1729,500,2100,DISABLED,DISABLED,1728,500,2100,DISABLED,DISABLED,1392,900,1500,N/A,DISABLED,47,914,1680,N/A,ENABLED,47,914,1680,N/A,ENABLED,47,914,1680,N/A,ENABLED,47,914,1680,N/A,ENABLED,39,711,1400,N/A,ENABLED,39,711,1400,N/A,ENABLED,39,711,1400,N/A,ENABLED,39,711,1400,N/A,ENABLED,N/A,68,76
1744609467,0,671,N/A,N/A,N/A,N/A,ENABLED,1718,500,2100,DISABLED,DISABLED,1702,500,2100,DISABLED,DISABLED,1721,500,2100,DISABLED,DISABLED,1723,500,2100,DISABLED,DISABLED,1726,500,2100,DISABLED,DISABLED,1719,500,2100,DISABLED,DISABLED,1704,500,2100,DISABLED,DISABLED,1703,500,2100,DISABLED,DISABLED,1397,900,1500,N/A,DISABLED,47,914,1680,N/A,ENABLED,47,914,1680,N/A,ENABLED,47,914,1680,N/A,ENABLED,47,914,1680,N/A,ENABLED,40,711,1400,N/A,ENABLED,40,711,1400,N/A,ENABLED,40,711,1400,N/A,ENABLED,40,711,1400,N/A,ENABLED,N/A,68,76
1744609468,0,679,N/A,N/A,N/A,N/A,ENABLED,1732,500,2100,DISABLED,DISABLED,1716,500,2100,DISABLED,DISABLED,1736,500,2100,DISABLED,DISABLED,1734,500,2100,DISABLED,DISABLED,1740,500,2100,DISABLED,DISABLED,1734,500,2100,DISABLED,DISABLED,1719,500,2100,DISABLED,DISABLED,1719,500,2100,DISABLED,DISABLED,1389,900,1500,N/A,DISABLED,47,914,1680,N/A,ENABLED,47,914,1680,N/A,ENABLED,47,914,1680,N/A,ENABLED,47,914,1680,N/A,ENABLED,39,711,1400,N/A,ENABLED,39,711,1400,N/A,ENABLED,39,711,1400,N/A,ENABLED,39,711,1400,N/A,ENABLED,N/A,68,75
1744609469,0,673,N/A,N/A,N/A,N/A,ENABLED,1721,500,2100,DISABLED,DISABLED,1705,500,2100,DISABLED,DISABLED,1724,500,2100,DISABLED,DISABLED,1721,500,2100,DISABLED,DISABLED,1730,500,2100,DISABLED,DISABLED,1723,500,2100,DISABLED,DISABLED,1708,500,2100,DISABLED,DISABLED,1708,500,2100,DISABLED,DISABLED,1392,900,1500,N/A,DISABLED,47,914,1680,N/A,ENABLED,47,914,1680,N/A,ENABLED,47,914,1680,N/A,ENABLED,47,914,1680,N/A,ENABLED,39,711,1400,N/A,ENABLED,39,711,1400,N/A,ENABLED,39,711,1400,N/A,ENABLED,39,711,1400,N/A,ENABLED,N/A,68,76
1744609471,0,679,N/A,N/A,N/A,N/A,ENABLED,1724,500,2100,DISABLED,DISABLED,1708,500,2100,DISABLED,DISABLED,1728,500,2100,DISABLED,DISABLED,1726,500,2100,DISABLED,DISABLED,1733,500,2100,DISABLED,DISABLED,1727,500,2100,DISABLED,DISABLED,1713,500,2100,DISABLED,DISABLED,1711,500,2100,DISABLED,DISABLED,1394,900,1500,N/A,DISABLED,47,914,1680,N/A,ENABLED,47,914,1680,N/A,ENABLED,47,914,1680,N/A,ENABLED,47,914,1680,N/A,ENABLED,40,711,1400,N/A,ENABLED,40,711,1400,N/A,ENABLED,40,711,1400,N/A,ENABLED,40,711,1400,N/A,ENABLED,N/A,68,76
1744609472,0,671,N/A,N/A,N/A,N/A,ENABLED,1723,500,2100,DISABLED,DISABLED,1707,500,2100,DISABLED,DISABLED,1726,500,2100,DISABLED,DISABLED,1723,500,2100,DISABLED,DISABLED,1731,500,2100,DISABLED,DISABLED,1725,500,2100,DISABLED,DISABLED,1711,500,2100,DISABLED,DISABLED,1710,500,2100,DISABLED,DISABLED,1392,900,1500,N/A,DISABLED,47,914,1680,N/A,ENABLED,47,914,1680,N/A,ENABLED,47,914,1680,N/A,ENABLED,47,914,1680,N/A,ENABLED,39,711,1400,N/A,ENABLED,39,711,1400,N/A,ENABLED,39,711,1400,N/A,ENABLED,39,711,1400,N/A,ENABLED,N/A,68,75
1744609473,0,670,N/A,N/A,N/A,N/A,ENABLED,1712,500,2100,DISABLED,DISABLED,1697,500,2100,DISABLED,DISABLED,1717,500,2100,DISABLED,DISABLED,1713,500,2100,DISABLED,DISABLED,1722,500,2100,DISABLED,DISABLED,1716,500,2100,DISABLED,DISABLED,1701,500,2100,DISABLED,DISABLED,1700,500,2100,DISABLED,DISABLED,1393,900,1500,N/A,DISABLED,47,914,1680,N/A,ENABLED,47,914,1680,N/A,ENABLED,47,914,1680,N/A,ENABLED,47,914,1680,N/A,ENABLED,40,711,1400,N/A,ENABLED,39,711,1400,N/A,ENABLED,39,711,1400,N/A,ENABLED,40,711,1400,N/A,ENABLED,N/A,68,76
1744609474,0,666,N/A,N/A,N/A,N/A,ENABLED,1712,500,2100,DISABLED,DISABLED,1696,500,2100,DISABLED,DISABLED,1715,500,2100,DISABLED,DISABLED,1713,500,2100,DISABLED,DISABLED,1720,500,2100,DISABLED,DISABLED,1714,500,2100,DISABLED,DISABLED,1700,500,2100,DISABLED,DISABLED,1700,500,2100,DISABLED,DISABLED,1391,900,1500,N/A,DISABLED,47,914,1680,N/A,ENABLED,47,914,1680,N/A,ENABLED,47,914,1680,N/A,ENABLED,47,914,1680,N/A,ENABLED,39,711,1400,N/A,ENABLED,39,711,1400,N/A,ENABLED,39,711,1400,N/A,ENABLED,39,711,1400,N/A,ENABLED,N/A,68,76
1744609475,0,668,N/A,N/A,N/A,N/A,ENABLED,1734,500,2100,DISABLED,DISABLED,1720,500,2100,DISABLED,DISABLED,1739,500,2100,DISABLED,DISABLED,1737,500,2100,DISABLED,DISABLED,1743,500,2100,DISABLED,DISABLED,1736,500,2100,DISABLED,DISABLED,1722,500,2100,DISABLED,DISABLED,1722,500,2100,DISABLED,DISABLED,1392,900,1500,N/A,DISABLED,47,914,1680,N/A,ENABLED,47,914,1680,N/A,ENABLED,47,914,1680,N/A,ENABLED,47,914,1680,N/A,ENABLED,39,711,1400,N/A,ENABLED,39,711,1400,N/A,ENABLED,39,711,1400,N/A,ENABLED,39,711,1400,N/A,ENABLED,N/A,68,76
1744609476,0,659,N/A,N/A,N/A,N/A,ENABLED,1716,500,2100,DISABLED,DISABLED,1701,500,2100,DISABLED,DISABLED,1720,500,2100,DISABLED,DISABLED,1719,500,2100,DISABLED,DISABLED,1725,500,2100,DISABLED,DISABLED,1718,500,2100,DISABLED,DISABLED,1703,500,2100,DISABLED,DISABLED,1702,500,2100,DISABLED,DISABLED,1391,900,1500,N/A,DISABLED,47,914,1680,N/A,ENABLED,47,914,1680,N/A,ENABLED,47,914,1680,N/A,ENABLED,47,914,1680,N/A,ENABLED,39,711,1400,N/A,ENABLED,39,711,1400,N/A,ENABLED,39,711,1400,N/A,ENABLED,39,711,1400,N/A,ENABLED,N/A,68,76
1744609478,0,668,N/A,N/A,N/A,N/A,ENABLED,1722,500,2100,DISABLED,DISABLED,1707,500,2100,DISABLED,DISABLED,1727,500,2100,DISABLED,DISABLED,1725,500,2100,DISABLED,DISABLED,1731,500,2100,DISABLED,DISABLED,1724,500,2100,DISABLED,DISABLED,1710,500,2100,DISABLED,DISABLED,1710,500,2100,DISABLED,DISABLED,1389,900,1500,N/A,DISABLED,47,914,1680,N/A,ENABLED,47,914,1680,N/A,ENABLED,47,914,1680,N/A,ENABLED,47,914,1680,N/A,ENABLED,39,711,1400,N/A,ENABLED,39,711,1400,N/A,ENABLED,39,711,1400,N/A,ENABLED,39,711,1400,N/A,ENABLED,N/A,68,75
1744609479,0,674,N/A,N/A,N/A,N/A,ENABLED,1723,500,2100,DISABLED,DISABLED,1707,500,2100,DISABLED,DISABLED,1726,500,2100,DISABLED,DISABLED,1723,500,2100,DISABLED,DISABLED,1731,500,2100,DISABLED,DISABLED,1725,500,2100,DISABLED,DISABLED,1710,500,2100,DISABLED,DISABLED,1710,500,2100,DISABLED,DISABLED,1392,900,1500,N/A,DISABLED,47,914,1680,N/A,ENABLED,47,914,1680,N/A,ENABLED,47,914,1680,N/A,ENABLED,47,914,1680,N/A,ENABLED,39,711,1400,N/A,ENABLED,39,711,1400,N/A,ENABLED,39,711,1400,N/A,ENABLED,39,711,1400,N/A,ENABLED,N/A,68,76
1744609480,0,673,N/A,N/A,N/A,N/A,ENABLED,1724,500,2100,DISABLED,DISABLED,1709,500,2100,DISABLED,DISABLED,1728,500,2100,DISABLED,DISABLED,1726,500,2100,DISABLED,DISABLED,1732,500,2100,DISABLED,DISABLED,1726,500,2100,DISABLED,DISABLED,1712,500,2100,DISABLED,DISABLED,1713,500,2100,DISABLED,DISABLED,1393,900,1500,N/A,DISABLED,47,914,1680,N/A,ENABLED,47,914,1680,N/A,ENABLED,47,914,1680,N/A,ENABLED,47,914,1680,N/A,ENABLED,40,711,1400,N/A,ENABLED,40,711,1400,N/A,ENABLED,40,711,1400,N/A,ENABLED,40,711,1400,N/A,ENABLED,N/A,68,76
1744609481,0,673,N/A,N/A,N/A,N/A,ENABLED,1715,500,2100,DISABLED,DISABLED,1699,500,2100,DISABLED,DISABLED,1719,500,2100,DISABLED,DISABLED,1715,500,2100,DISABLED,DISABLED,1723,500,2100,DISABLED,DISABLED,1717,500,2100,DISABLED,DISABLED,1703,500,2100,DISABLED,DISABLED,1703,500,2100,DISABLED,DISABLED,1389,900,1500,N/A,DISABLED,47,914,1680,N/A,ENABLED,47,914,1680,N/A,ENABLED,47,914,1680,N/A,ENABLED,47,914,1680,N/A,ENABLED,39,711,1400,N/A,ENABLED,39,711,1400,N/A,ENABLED,39,711,1400,N/A,ENABLED,39,711,1400,N/A,ENABLED,N/A,68,76
1744609482,0,673,N/A,N/A,N/A,N/A,ENABLED,1716,500,2100,DISABLED,DISABLED,1702,500,2100,DISABLED,DISABLED,1720,500,2100,DISABLED,DISABLED,1717,500,2100,DISABLED,DISABLED,1725,500,2100,DISABLED,DISABLED,1719,500,2100,DISABLED,DISABLED,1706,500,2100,DISABLED,DISABLED,1705,500,2100,DISABLED,DISABLED,1390,900,1500,N/A,DISABLED,47,914,1680,N/A,ENABLED,47,914,1680,N/A,ENABLED,46,914,1680,N/A,ENABLED,47,914,1680,N/A,ENABLED,39,711,1400,N/A,ENABLED,39,711,1400,N/A,ENABLED,39,711,1400,N/A,ENABLED,39,711,1400,N/A,ENABLED,N/A,68,75
1744609483,0,666,N/A,N/A,N/A,N/A,ENABLED,1723,500,2100,DISABLED,DISABLED,1709,500,2100,DISABLED,DISABLED,1730,500,2100,DISABLED,DISABLED,1728,500,2100,DISABLED,DISABLED,1733,500,2100,DISABLED,DISABLED,1727,500,2100,DISABLED,DISABLED,1722,500,2100,DISABLED,DISABLED,1713,500,2100,DISABLED,DISABLED,1392,900,1500,N/A,DISABLED,47,914,1680,N/A,ENABLED,47,914,1680,N/A,ENABLED,47,914,1680,N/A,ENABLED,47,914,1680,N/A,ENABLED,39,711,1400,N/A,ENABLED,39,711,1400,N/A,ENABLED,39,711,1400,N/A,ENABLED,39,711,1400,N/A,ENABLED,N/A,68,75
1744609485,0,668,N/A,N/A,N/A,N/A,ENABLED,1718,500,2100,DISABLED,DISABLED,1704,500,2100,DISABLED,DISABLED,1724,500,2100,DISABLED,DISABLED,1721,500,2100,DISABLED,DISABLED,1728,500,2100,DISABLED,DISABLED,1727,500,2100,DISABLED,DISABLED,1709,500,2100,DISABLED,DISABLED,1717,500,2100,DISABLED,DISABLED,1389,900,1500,N/A,DISABLED,47,914,1680,N/A,ENABLED,47,914,1680,N/A,ENABLED,47,914,1680,N/A,ENABLED,47,914,1680,N/A,ENABLED,39,711,1400,N/A,ENABLED,39,711,1400,N/A,ENABLED,39,711,1400,N/A,ENABLED,39,711,1400,N/A,ENABLED,N/A,68,76
1744609486,0,670,N/A,N/A,N/A,N/A,ENABLED,1718,500,2100,DISABLED,DISABLED,1703,500,2100,DISABLED,DISABLED,1723,500,2100,DISABLED,DISABLED,1722,500,2100,DISABLED,DISABLED,1729,500,2100,DISABLED,DISABLED,1729,500,2100,DISABLED,DISABLED,1710,500,2100,DISABLED,DISABLED,1709,500,2100,DISABLED,DISABLED,1390,900,1500,N/A,DISABLED,47,914,1680,N/A,ENABLED,47,914,1680,N/A,ENABLED,47,914,1680,N/A,ENABLED,47,914,1680,N/A,ENABLED,39,711,1400,N/A,ENABLED,39,711,1400,N/A,ENABLED,39,711,1400,N/A,ENABLED,39,711,1400,N/A,ENABLED,N/A,68,75
1744609487,0,665,N/A,N/A,N/A,N/A,ENABLED,1717,500,2100,DISABLED,DISABLED,1703,500,2100,DISABLED,DISABLED,1723,500,2100,DISABLED,DISABLED,1721,500,2100,DISABLED,DISABLED,1728,500,2100,DISABLED,DISABLED,1723,500,2100,DISABLED,DISABLED,1709,500,2100,DISABLED,DISABLED,1707,500,2100,DISABLED,DISABLED,1392,900,1500,N/A,DISABLED,47,914,1680,N/A,ENABLED,47,914,1680,N/A,ENABLED,47,914,1680,N/A,ENABLED,47,914,1680,N/A,ENABLED,39,711,1400,N/A,ENABLED,39,711,1400,N/A,ENABLED,39,711,1400,N/A,ENABLED,39,711,1400,N/A,ENABLED,N/A,68,76
1744609488,0,148,N/A,N/A,N/A,N/A,ENABLED,139,141,2100,DISABLED,ENABLED,135,141,2100,DISABLED,ENABLED,136,141,2100,DISABLED,ENABLED,136,141,2100,DISABLED,ENABLED,136,141,2100,DISABLED,ENABLED,136,141,2100,DISABLED,ENABLED,136,141,2100,DISABLED,ENABLED,137,141,2100,DISABLED,ENABLED,948,900,1500,N/A,DISABLED,30,914,1680,N/A,ENABLED,30,914,1680,N/A,ENABLED,30,914,1680,N/A,ENABLED,30,914,1680,N/A,ENABLED,24,711,1400,N/A,ENABLED,24,711,1400,N/A,ENABLED,24,711,1400,N/A,ENABLED,24,711,1400,N/A,ENABLED,N/A,65,61
1744609489,0,138,N/A,N/A,N/A,N/A,ENABLED,133,500,2100,DISABLED,ENABLED,131,500,2100,DISABLED,ENABLED,131,500,2100,DISABLED,ENABLED,132,500,2100,DISABLED,ENABLED,132,500,2100,DISABLED,ENABLED,132,500,2100,DISABLED,ENABLED,131,500,2100,DISABLED,ENABLED,132,500,2100,DISABLED,ENABLED,900,900,1500,N/A,DISABLED,29,914,1680,N/A,ENABLED,29,914,1680,N/A,ENABLED,29,914,1680,N/A,ENABLED,29,914,1680,N/A,ENABLED,22,711,1400,N/A,ENABLED,22,711,1400,N/A,ENABLED,22,711,1400,N/A,ENABLED,22,711,1400,N/A,ENABLED,N/A,61,59
1744609491,0,137,N/A,N/A,N/A,N/A,ENABLED,132,500,2100,DISABLED,ENABLED,131,500,2100,DISABLED,ENABLED,131,500,2100,DISABLED,ENABLED,132,500,2100,DISABLED,ENABLED,132,500,2100,DISABLED,ENABLED,132,500,2100,DISABLED,ENABLED,131,500,2100,DISABLED,ENABLED,132,500,2100,DISABLED,ENABLED,900,900,1500,N/A,DISABLED,29,914,1680,N/A,ENABLED,29,914,1680,N/A,ENABLED,29,914,1680,N/A,ENABLED,29,914,1680,N/A,ENABLED,22,711,1400,N/A,ENABLED,22,711,1400,N/A,ENABLED,22,711,1400,N/A,ENABLED,22,711,1400,N/A,ENABLED,N/A,59,58
1744609492,0,136,N/A,N/A,N/A,N/A,ENABLED,132,500,2100,DISABLED,ENABLED,131,500,2100,DISABLED,ENABLED,131,500,2100,DISABLED,ENABLED,132,500,2100,DISABLED,ENABLED,132,500,2100,DISABLED,ENABLED,131,500,2100,DISABLED,ENABLED,131,500,2100,DISABLED,ENABLED,132,500,2100,DISABLED,ENABLED,900,900,1500,N/A,DISABLED,29,914,1680,N/A,ENABLED,29,914,1680,N/A,ENABLED,29,914,1680,N/A,ENABLED,29,914,1680,N/A,ENABLED,22,711,1400,N/A,ENABLED,22,711,1400,N/A,ENABLED,22,711,1400,N/A,ENABLED,22,711,1400,N/A,ENABLED,N/A,58,57
1744609493,0,135,N/A,N/A,N/A,N/A,ENABLED,132,500,2100,DISABLED,ENABLED,131,500,2100,DISABLED,ENABLED,131,500,2100,DISABLED,ENABLED,132,500,2100,DISABLED,ENABLED,132,500,2100,DISABLED,ENABLED,132,500,2100,DISABLED,ENABLED,131,500,2100,DISABLED,ENABLED,132,500,2100,DISABLED,ENABLED,900,900,1500,N/A,DISABLED,29,914,1680,N/A,ENABLED,29,914,1680,N/A,ENABLED,29,914,1680,N/A,ENABLED,29,914,1680,N/A,ENABLED,22,711,1400,N/A,ENABLED,22,711,1400,N/A,ENABLED,22,711,1400,N/A,ENABLED,22,711,1400,N/A,ENABLED,N/A,58,57
1744609494,0,135,N/A,N/A,N/A,N/A,ENABLED,132,500,2100,DISABLED,ENABLED,131,500,2100,DISABLED,ENABLED,131,500,2100,DISABLED,ENABLED,132,500,2100,DISABLED,ENABLED,132,500,2100,DISABLED,ENABLED,131,500,2100,DISABLED,ENABLED,131,500,2100,DISABLED,ENABLED,132,500,2100,DISABLED,ENABLED,900,900,1500,N/A,DISABLED,29,914,1680,N/A,ENABLED,29,914,1680,N/A,ENABLED,29,914,1680,N/A,ENABLED,29,914,1680,N/A,ENABLED,22,711,1400,N/A,ENABLED,22,711,1400,N/A,ENABLED,22,711,1400,N/A,ENABLED,22,711,1400,N/A,ENABLED,N/A,57,57
1744609495,0,134,N/A,N/A,N/A,N/A,ENABLED,132,500,2100,DISABLED,ENABLED,131,500,2100,DISABLED,ENABLED,131,500,2100,DISABLED,ENABLED,132,500,2100,DISABLED,ENABLED,132,500,2100,DISABLED,ENABLED,131,500,2100,DISABLED,ENABLED,131,500,2100,DISABLED,ENABLED,132,500,2100,DISABLED,ENABLED,900,900,1500,N/A,DISABLED,29,914,1680,N/A,ENABLED,29,914,1680,N/A,ENABLED,29,914,1680,N/A,ENABLED,29,914,1680,N/A,ENABLED,22,711,1400,N/A,ENABLED,22,711,1400,N/A,ENABLED,22,711,1400,N/A,ENABLED,22,711,1400,N/A,ENABLED,N/A,57,56
1744609496,0,133,N/A,N/A,N/A,N/A,ENABLED,132,500,2100,DISABLED,ENABLED,131,500,2100,DISABLED,ENABLED,131,500,2100,DISABLED,ENABLED,132,500,2100,DISABLED,ENABLED,132,500,2100,DISABLED,ENABLED,132,500,2100,DISABLED,ENABLED,131,500,2100,DISABLED,ENABLED,132,500,2100,DISABLED,ENABLED,900,900,1500,N/A,DISABLED,29,914,1680,N/A,ENABLED,29,914,1680,N/A,ENABLED,29,914,1680,N/A,ENABLED,29,914,1680,N/A,ENABLED,22,711,1400,N/A,ENABLED,22,711,1400,N/A,ENABLED,22,711,1400,N/A,ENABLED,22,711,1400,N/A,ENABLED,N/A,56,55
1744609498,0,133,N/A,N/A,N/A,N/A,ENABLED,132,500,2100,DISABLED,ENABLED,131,500,2100,DISABLED,ENABLED,131,500,2100,DISABLED,ENABLED,132,500,2100,DISABLED,ENABLED,132,500,2100,DISABLED,ENABLED,132,500,2100,DISABLED,ENABLED,131,500,2100,DISABLED,ENABLED,132,500,2100,DISABLED,ENABLED,900,900,1500,N/A,DISABLED,29,914,1680,N/A,ENABLED,29,914,1680,N/A,ENABLED,29,914,1680,N/A,ENABLED,29,914,1680,N/A,ENABLED,22,711,1400,N/A,ENABLED,22,711,1400,N/A,ENABLED,22,711,1400,N/A,ENABLED,22,711,1400,N/A,ENABLED,N/A,56,55
