Timestamp,gpu,socket_power,gfx_voltage,soc_voltage,mem_voltage,throttle_status,power_management,gfx_0_clk,gfx_0_min_clk,gfx_0_max_clk,gfx_0_clk_locked,gfx_0_deep_sleep,gfx_1_clk,gfx_1_min_clk,gfx_1_max_clk,gfx_1_clk_locked,gfx_1_deep_sleep,gfx_2_clk,gfx_2_min_clk,gfx_2_max_clk,gfx_2_clk_locked,gfx_2_deep_sleep,gfx_3_clk,gfx_3_min_clk,gfx_3_max_clk,gfx_3_clk_locked,gfx_3_deep_sleep,gfx_4_clk,gfx_4_min_clk,gfx_4_max_clk,gfx_4_clk_locked,gfx_4_deep_sleep,gfx_5_clk,gfx_5_min_clk,gfx_5_max_clk,gfx_5_clk_locked,gfx_5_deep_sleep,gfx_6_clk,gfx_6_min_clk,gfx_6_max_clk,gfx_6_clk_locked,gfx_6_deep_sleep,gfx_7_clk,gfx_7_min_clk,gfx_7_max_clk,gfx_7_clk_locked,gfx_7_deep_sleep,mem_0_clk,mem_0_min_clk,mem_0_max_clk,mem_0_clk_locked,mem_0_deep_sleep,vclk_0_clk,vclk_0_min_clk,vclk_0_max_clk,vclk_0_clk_locked,vclk_0_deep_sleep,vclk_1_clk,vclk_1_min_clk,vclk_1_max_clk,vclk_1_clk_locked,vclk_1_deep_sleep,vclk_2_clk,vclk_2_min_clk,vclk_2_max_clk,vclk_2_clk_locked,vclk_2_deep_sleep,vclk_3_clk,vclk_3_min_clk,vclk_3_max_clk,vclk_3_clk_locked,vclk_3_deep_sleep,dclk_0_clk,dclk_0_min_clk,dclk_0_max_clk,dclk_0_clk_locked,dclk_0_deep_sleep,dclk_1_clk,dclk_1_min_clk,dclk_1_max_clk,dclk_1_clk_locked,dclk_1_deep_sleep,dclk_2_clk,dclk_2_min_clk,dclk_2_max_clk,dclk_2_clk_locked,dclk_2_deep_sleep,dclk_3_clk,dclk_3_min_clk,dclk_3_max_clk,dclk_3_clk_locked,dclk_3_deep_sleep,edge,hotspot,mem
1744613668,0,123,N/A,N/A,N/A,N/A,ENABLED,143,147,2100,DISABLED,DISABLED,131,147,2100,DISABLED,ENABLED,131,147,2100,DISABLED,ENABLED,132,147,2100,DISABLED,ENABLED,132,147,2100,DISABLED,ENABLED,132,147,2100,DISABLED,ENABLED,131,147,2100,DISABLED,ENABLED,132,147,2100,DISABLED,ENABLED,900,900,1500,N/A,DISABLED,29,914,1680,N/A,ENABLED,29,914,1680,N/A,ENABLED,29,914,1680,N/A,ENABLED,29,914,1680,N/A,ENABLED,22,711,1400,N/A,ENABLED,22,711,1400,N/A,ENABLED,22,711,1400,N/A,ENABLED,22,711,1400,N/A,ENABLED,N/A,47,46
1744613669,0,123,N/A,N/A,N/A,N/A,ENABLED,134,500,2100,DISABLED,ENABLED,131,500,2100,DISABLED,ENABLED,131,500,2100,DISABLED,ENABLED,132,500,2100,DISABLED,ENABLED,132,500,2100,DISABLED,ENABLED,132,500,2100,DISABLED,ENABLED,131,500,2100,DISABLED,ENABLED,132,500,2100,DISABLED,ENABLED,900,900,1500,N/A,DISABLED,29,914,1680,N/A,ENABLED,29,914,1680,N/A,ENABLED,29,914,1680,N/A,ENABLED,29,914,1680,N/A,ENABLED,22,711,1400,N/A,ENABLED,22,711,1400,N/A,ENABLED,22,711,1400,N/A,ENABLED,22,711,1400,N/A,ENABLED,N/A,47,46
1744613671,0,122,N/A,N/A,N/A,N/A,ENABLED,133,500,2100,DISABLED,ENABLED,131,500,2100,DISABLED,ENABLED,131,500,2100,DISABLED,ENABLED,132,500,2100,DISABLED,ENABLED,132,500,2100,DISABLED,ENABLED,132,500,2100,DISABLED,ENABLED,131,500,2100,DISABLED,ENABLED,132,500,2100,DISABLED,ENABLED,900,900,1500,N/A,DISABLED,29,914,1680,N/A,ENABLED,29,914,1680,N/A,ENABLED,29,914,1680,N/A,ENABLED,29,914,1680,N/A,ENABLED,22,711,1400,N/A,ENABLED,22,711,1400,N/A,ENABLED,22,711,1400,N/A,ENABLED,22,711,1400,N/A,ENABLED,N/A,46,45
1744613672,0,123,N/A,N/A,N/A,N/A,ENABLED,132,500,2100,DISABLED,ENABLED,131,500,2100,DISABLED,ENABLED,131,500,2100,DISABLED,ENABLED,132,500,2100,DISABLED,ENABLED,132,500,2100,DISABLED,ENABLED,132,500,2100,DISABLED,ENABLED,131,500,2100,DISABLED,ENABLED,132,500,2100,DISABLED,ENABLED,900,900,1500,N/A,DISABLED,29,914,1680,N/A,ENABLED,29,914,1680,N/A,ENABLED,29,914,1680,N/A,ENABLED,29,914,1680,N/A,ENABLED,22,711,1400,N/A,ENABLED,22,711,1400,N/A,ENABLED,22,711,1400,N/A,ENABLED,22,711,1400,N/A,ENABLED,N/A,46,45
1744613673,0,123,N/A,N/A,N/A,N/A,ENABLED,132,500,2100,DISABLED,ENABLED,131,500,2100,DISABLED,ENABLED,131,500,2100,DISABLED,ENABLED,132,500,2100,DISABLED,ENABLED,132,500,2100,DISABLED,ENABLED,132,500,2100,DISABLED,ENABLED,131,500,2100,DISABLED,ENABLED,132,500,2100,DISABLED,ENABLED,900,900,1500,N/A,DISABLED,29,914,1680,N/A,ENABLED,29,914,1680,N/A,ENABLED,29,914,1680,N/A,ENABLED,29,914,1680,N/A,ENABLED,22,711,1400,N/A,ENABLED,22,711,1400,N/A,ENABLED,22,711,1400,N/A,ENABLED,22,711,1400,N/A,ENABLED,N/A,46,46
1744613674,0,122,N/A,N/A,N/A,N/A,ENABLED,132,500,2100,DISABLED,ENABLED,131,500,2100,DISABLED,ENABLED,131,500,2100,DISABLED,ENABLED,132,500,2100,DISABLED,ENABLED,132,500,2100,DISABLED,ENABLED,132,500,2100,DISABLED,ENABLED,131,500,2100,DISABLED,ENABLED,132,500,2100,DISABLED,ENABLED,900,900,1500,N/A,DISABLED,29,914,1680,N/A,ENABLED,29,914,1680,N/A,ENABLED,29,914,1680,N/A,ENABLED,29,914,1680,N/A,ENABLED,22,711,1400,N/A,ENABLED,22,711,1400,N/A,ENABLED,22,711,1400,N/A,ENABLED,22,711,1400,N/A,ENABLED,N/A,46,45
1744613675,0,123,N/A,N/A,N/A,N/A,ENABLED,132,500,2100,DISABLED,ENABLED,131,500,2100,DISABLED,ENABLED,131,500,2100,DISABLED,ENABLED,132,500,2100,DISABLED,ENABLED,132,500,2100,DISABLED,ENABLED,132,500,2100,DISABLED,ENABLED,131,500,2100,DISABLED,ENABLED,132,500,2100,DISABLED,ENABLED,900,900,1500,N/A,DISABLED,29,914,1680,N/A,ENABLED,29,914,1680,N/A,ENABLED,29,914,1680,N/A,ENABLED,29,914,1680,N/A,ENABLED,22,711,1400,N/A,ENABLED,22,711,1400,N/A,ENABLED,22,711,1400,N/A,ENABLED,22,711,1400,N/A,ENABLED,N/A,46,45
1744613677,0,123,N/A,N/A,N/A,N/A,ENABLED,132,500,2100,DISABLED,ENABLED,131,500,2100,DISABLED,ENABLED,131,500,2100,DISABLED,ENABLED,132,500,2100,DISABLED,ENABLED,132,500,2100,DISABLED,ENABLED,132,500,2100,DISABLED,ENABLED,131,500,2100,DISABLED,ENABLED,132,500,2100,DISABLED,ENABLED,900,900,1500,N/A,DISABLED,29,914,1680,N/A,ENABLED,29,914,1680,N/A,ENABLED,29,914,1680,N/A,ENABLED,29,914,1680,N/A,ENABLED,22,711,1400,N/A,ENABLED,22,711,1400,N/A,ENABLED,22,711,1400,N/A,ENABLED,22,711,1400,N/A,ENABLED,N/A,46,45
1744613678,0,123,N/A,N/A,N/A,N/A,ENABLED,132,500,2100,DISABLED,ENABLED,131,500,2100,DISABLED,ENABLED,131,500,2100,DISABLED,ENABLED,132,500,2100,DISABLED,ENABLED,132,500,2100,DISABLED,ENABLED,132,500,2100,DISABLED,ENABLED,131,500,2100,DISABLED,ENABLED,132,500,2100,DISABLED,ENABLED,900,900,1500,N/A,DISABLED,29,914,1680,N/A,ENABLED,29,914,1680,N/A,ENABLED,29,914,1680,N/A,ENABLED,29,914,1680,N/A,ENABLED,22,711,1400,N/A,ENABLED,22,711,1400,N/A,ENABLED,22,711,1400,N/A,ENABLED,22,711,1400,N/A,ENABLED,N/A,46,45
1744613679,0,123,N/A,N/A,N/A,N/A,ENABLED,132,500,2100,DISABLED,ENABLED,131,500,2100,DISABLED,ENABLED,131,500,2100,DISABLED,ENABLED,132,500,2100,DISABLED,ENABLED,132,500,2100,DISABLED,ENABLED,132,500,2100,DISABLED,ENABLED,131,500,2100,DISABLED,ENABLED,132,500,2100,DISABLED,ENABLED,900,900,1500,N/A,DISABLED,29,914,1680,N/A,ENABLED,29,914,1680,N/A,ENABLED,29,914,1680,N/A,ENABLED,29,914,1680,N/A,ENABLED,22,711,1400,N/A,ENABLED,22,711,1400,N/A,ENABLED,22,711,1400,N/A,ENABLED,22,711,1400,N/A,ENABLED,N/A,46,45
1744613680,0,644,N/A,N/A,N/A,N/A,ENABLED,2008,500,2100,DISABLED,DISABLED,1999,500,2100,DISABLED,DISABLED,2017,500,2100,DISABLED,DISABLED,2018,500,2100,DISABLED,DISABLED,2019,500,2100,DISABLED,DISABLED,2014,500,2100,DISABLED,DISABLED,2015,500,2100,DISABLED,DISABLED,2019,500,2100,DISABLED,DISABLED,1479,900,1500,N/A,DISABLED,52,914,1680,N/A,ENABLED,52,914,1680,N/A,ENABLED,52,914,1680,N/A,ENABLED,52,914,1680,N/A,ENABLED,43,711,1400,N/A,ENABLED,43,711,1400,N/A,ENABLED,43,711,1400,N/A,ENABLED,43,711,1400,N/A,ENABLED,N/A,48,52
1744613681,0,666,N/A,N/A,N/A,N/A,ENABLED,2035,500,2100,DISABLED,DISABLED,2026,500,2100,DISABLED,DISABLED,2041,500,2100,DISABLED,DISABLED,2040,500,2100,DISABLED,DISABLED,2040,500,2100,DISABLED,DISABLED,2035,500,2100,DISABLED,DISABLED,2038,500,2100,DISABLED,DISABLED,2042,500,2100,DISABLED,DISABLED,1500,900,1500,N/A,DISABLED,53,914,1680,N/A,ENABLED,53,914,1680,N/A,ENABLED,53,914,1680,N/A,ENABLED,53,914,1680,N/A,ENABLED,44,711,1400,N/A,ENABLED,44,711,1400,N/A,ENABLED,44,711,1400,N/A,ENABLED,44,711,1400,N/A,ENABLED,N/A,54,55
1744613682,0,670,N/A,N/A,N/A,N/A,ENABLED,2037,500,2100,DISABLED,DISABLED,2027,500,2100,DISABLED,DISABLED,2043,500,2100,DISABLED,DISABLED,2042,500,2100,DISABLED,DISABLED,2042,500,2100,DISABLED,DISABLED,2036,500,2100,DISABLED,DISABLED,2039,500,2100,DISABLED,DISABLED,2043,500,2100,DISABLED,DISABLED,1500,900,1500,N/A,DISABLED,53,914,1680,N/A,ENABLED,53,914,1680,N/A,ENABLED,53,914,1680,N/A,ENABLED,53,914,1680,N/A,ENABLED,44,711,1400,N/A,ENABLED,44,711,1400,N/A,ENABLED,44,711,1400,N/A,ENABLED,44,711,1400,N/A,ENABLED,N/A,57,56
1744613684,0,667,N/A,N/A,N/A,N/A,ENABLED,2037,500,2100,DISABLED,DISABLED,2028,500,2100,DISABLED,DISABLED,2042,500,2100,DISABLED,DISABLED,2042,500,2100,DISABLED,DISABLED,2043,500,2100,DISABLED,DISABLED,2037,500,2100,DISABLED,DISABLED,2040,500,2100,DISABLED,DISABLED,2044,500,2100,DISABLED,DISABLED,1500,900,1500,N/A,DISABLED,53,914,1680,N/A,ENABLED,53,914,1680,N/A,ENABLED,53,914,1680,N/A,ENABLED,53,914,1680,N/A,ENABLED,44,711,1400,N/A,ENABLED,44,711,1400,N/A,ENABLED,44,711,1400,N/A,ENABLED,44,711,1400,N/A,ENABLED,N/A,58,56
1744613685,0,668,N/A,N/A,N/A,N/A,ENABLED,2038,500,2100,DISABLED,DISABLED,2029,500,2100,DISABLED,DISABLED,2042,500,2100,DISABLED,DISABLED,2043,500,2100,DISABLED,DISABLED,2043,500,2100,DISABLED,DISABLED,2038,500,2100,DISABLED,DISABLED,2042,500,2100,DISABLED,DISABLED,2044,500,2100,DISABLED,DISABLED,1500,900,1500,N/A,DISABLED,53,914,1680,N/A,ENABLED,53,914,1680,N/A,ENABLED,53,914,1680,N/A,ENABLED,53,914,1680,N/A,ENABLED,44,711,1400,N/A,ENABLED,44,711,1400,N/A,ENABLED,44,711,1400,N/A,ENABLED,44,711,1400,N/A,ENABLED,N/A,59,56
1744613686,0,667,N/A,N/A,N/A,N/A,ENABLED,2034,500,2100,DISABLED,DISABLED,2026,500,2100,DISABLED,DISABLED,2039,500,2100,DISABLED,DISABLED,2039,500,2100,DISABLED,DISABLED,2039,500,2100,DISABLED,DISABLED,2035,500,2100,DISABLED,DISABLED,2038,500,2100,DISABLED,DISABLED,2041,500,2100,DISABLED,DISABLED,1500,900,1500,N/A,DISABLED,53,914,1680,N/A,ENABLED,53,914,1680,N/A,ENABLED,53,914,1680,N/A,ENABLED,53,914,1680,N/A,ENABLED,44,711,1400,N/A,ENABLED,44,711,1400,N/A,ENABLED,44,711,1400,N/A,ENABLED,44,711,1400,N/A,ENABLED,N/A,59,57
1744613687,0,670,N/A,N/A,N/A,N/A,ENABLED,2031,500,2100,DISABLED,DISABLED,2022,500,2100,DISABLED,DISABLED,2036,500,2100,DISABLED,DISABLED,2036,500,2100,DISABLED,DISABLED,2038,500,2100,DISABLED,DISABLED,2032,500,2100,DISABLED,DISABLED,2035,500,2100,DISABLED,DISABLED,2038,500,2100,DISABLED,DISABLED,1500,900,1500,N/A,DISABLED,53,914,1680,N/A,ENABLED,53,914,1680,N/A,ENABLED,53,914,1680,N/A,ENABLED,53,914,1680,N/A,ENABLED,44,711,1400,N/A,ENABLED,44,711,1400,N/A,ENABLED,44,711,1400,N/A,ENABLED,44,711,1400,N/A,ENABLED,N/A,59,58
1744613688,0,666,N/A,N/A,N/A,N/A,ENABLED,2034,500,2100,DISABLED,DISABLED,2025,500,2100,DISABLED,DISABLED,2039,500,2100,DISABLED,DISABLED,2039,500,2100,DISABLED,DISABLED,2041,500,2100,DISABLED,DISABLED,2036,500,2100,DISABLED,DISABLED,2037,500,2100,DISABLED,DISABLED,2041,500,2100,DISABLED,DISABLED,1500,900,1500,N/A,DISABLED,53,914,1680,N/A,ENABLED,53,914,1680,N/A,ENABLED,53,914,1680,N/A,ENABLED,53,914,1680,N/A,ENABLED,44,711,1400,N/A,ENABLED,44,711,1400,N/A,ENABLED,44,711,1400,N/A,ENABLED,44,711,1400,N/A,ENABLED,N/A,60,57
1744613690,0,665,N/A,N/A,N/A,N/A,ENABLED,2032,500,2100,DISABLED,DISABLED,2023,500,2100,DISABLED,DISABLED,2036,500,2100,DISABLED,DISABLED,2036,500,2100,DISABLED,DISABLED,2038,500,2100,DISABLED,DISABLED,2033,500,2100,DISABLED,DISABLED,2034,500,2100,DISABLED,DISABLED,2038,500,2100,DISABLED,DISABLED,1500,900,1500,N/A,DISABLED,53,914,1680,N/A,ENABLED,53,914,1680,N/A,ENABLED,53,914,1680,N/A,ENABLED,53,914,1680,N/A,ENABLED,44,711,1400,N/A,ENABLED,44,711,1400,N/A,ENABLED,44,711,1400,N/A,ENABLED,44,711,1400,N/A,ENABLED,N/A,60,58
1744613691,0,669,N/A,N/A,N/A,N/A,ENABLED,2033,500,2100,DISABLED,DISABLED,2023,500,2100,DISABLED,DISABLED,2037,500,2100,DISABLED,DISABLED,2038,500,2100,DISABLED,DISABLED,2040,500,2100,DISABLED,DISABLED,2035,500,2100,DISABLED,DISABLED,2036,500,2100,DISABLED,DISABLED,2039,500,2100,DISABLED,DISABLED,1500,900,1500,N/A,DISABLED,53,914,1680,N/A,ENABLED,53,914,1680,N/A,ENABLED,53,914,1680,N/A,ENABLED,53,914,1680,N/A,ENABLED,44,711,1400,N/A,ENABLED,44,711,1400,N/A,ENABLED,44,711,1400,N/A,ENABLED,44,711,1400,N/A,ENABLED,N/A,60,59
1744613692,0,672,N/A,N/A,N/A,N/A,ENABLED,2034,500,2100,DISABLED,DISABLED,2024,500,2100,DISABLED,DISABLED,2038,500,2100,DISABLED,DISABLED,2038,500,2100,DISABLED,DISABLED,2040,500,2100,DISABLED,DISABLED,2035,500,2100,DISABLED,DISABLED,2037,500,2100,DISABLED,DISABLED,2040,500,2100,DISABLED,DISABLED,1500,900,1500,N/A,DISABLED,53,914,1680,N/A,ENABLED,53,914,1680,N/A,ENABLED,53,914,1680,N/A,ENABLED,53,914,1680,N/A,ENABLED,44,711,1400,N/A,ENABLED,44,711,1400,N/A,ENABLED,44,711,1400,N/A,ENABLED,44,711,1400,N/A,ENABLED,N/A,61,58
1744613693,0,674,N/A,N/A,N/A,N/A,ENABLED,2036,500,2100,DISABLED,DISABLED,2025,500,2100,DISABLED,DISABLED,2040,500,2100,DISABLED,DISABLED,2040,500,2100,DISABLED,DISABLED,2043,500,2100,DISABLED,DISABLED,2038,500,2100,DISABLED,DISABLED,2038,500,2100,DISABLED,DISABLED,2042,500,2100,DISABLED,DISABLED,1500,900,1500,N/A,DISABLED,53,914,1680,N/A,ENABLED,53,914,1680,N/A,ENABLED,53,914,1680,N/A,ENABLED,53,914,1680,N/A,ENABLED,44,711,1400,N/A,ENABLED,44,711,1400,N/A,ENABLED,44,711,1400,N/A,ENABLED,44,711,1400,N/A,ENABLED,N/A,61,58
1744613694,0,667,N/A,N/A,N/A,N/A,ENABLED,2029,500,2100,DISABLED,DISABLED,2020,500,2100,DISABLED,DISABLED,2034,500,2100,DISABLED,DISABLED,2034,500,2100,DISABLED,DISABLED,2037,500,2100,DISABLED,DISABLED,2032,500,2100,DISABLED,DISABLED,2032,500,2100,DISABLED,DISABLED,2036,500,2100,DISABLED,DISABLED,1500,900,1500,N/A,DISABLED,53,914,1680,N/A,ENABLED,53,914,1680,N/A,ENABLED,53,914,1680,N/A,ENABLED,53,914,1680,N/A,ENABLED,44,711,1400,N/A,ENABLED,44,711,1400,N/A,ENABLED,44,711,1400,N/A,ENABLED,44,711,1400,N/A,ENABLED,N/A,62,60
1744613695,0,674,N/A,N/A,N/A,N/A,ENABLED,2033,500,2100,DISABLED,DISABLED,2023,500,2100,DISABLED,DISABLED,2037,500,2100,DISABLED,DISABLED,2037,500,2100,DISABLED,DISABLED,2040,500,2100,DISABLED,DISABLED,2035,500,2100,DISABLED,DISABLED,2035,500,2100,DISABLED,DISABLED,2039,500,2100,DISABLED,DISABLED,1500,900,1500,N/A,DISABLED,53,914,1680,N/A,ENABLED,53,914,1680,N/A,ENABLED,53,914,1680,N/A,ENABLED,53,914,1680,N/A,ENABLED,44,711,1400,N/A,ENABLED,44,711,1400,N/A,ENABLED,44,711,1400,N/A,ENABLED,44,711,1400,N/A,ENABLED,N/A,62,59
1744613697,0,675,N/A,N/A,N/A,N/A,ENABLED,2034,500,2100,DISABLED,DISABLED,2024,500,2100,DISABLED,DISABLED,2037,500,2100,DISABLED,DISABLED,2037,500,2100,DISABLED,DISABLED,2041,500,2100,DISABLED,DISABLED,2036,500,2100,DISABLED,DISABLED,2036,500,2100,DISABLED,DISABLED,2040,500,2100,DISABLED,DISABLED,1500,900,1500,N/A,DISABLED,53,914,1680,N/A,ENABLED,53,914,1680,N/A,ENABLED,53,914,1680,N/A,ENABLED,53,914,1680,N/A,ENABLED,44,711,1400,N/A,ENABLED,44,711,1400,N/A,ENABLED,44,711,1400,N/A,ENABLED,44,711,1400,N/A,ENABLED,N/A,62,60
1744613698,0,673,N/A,N/A,N/A,N/A,ENABLED,2031,500,2100,DISABLED,DISABLED,2021,500,2100,DISABLED,DISABLED,2037,500,2100,DISABLED,DISABLED,2036,500,2100,DISABLED,DISABLED,2039,500,2100,DISABLED,DISABLED,2034,500,2100,DISABLED,DISABLED,2035,500,2100,DISABLED,DISABLED,2038,500,2100,DISABLED,DISABLED,1500,900,1500,N/A,DISABLED,53,914,1680,N/A,ENABLED,53,914,1680,N/A,ENABLED,53,914,1680,N/A,ENABLED,53,914,1680,N/A,ENABLED,44,711,1400,N/A,ENABLED,44,711,1400,N/A,ENABLED,44,711,1400,N/A,ENABLED,44,711,1400,N/A,ENABLED,N/A,62,60
1744613699,0,677,N/A,N/A,N/A,N/A,ENABLED,2034,500,2100,DISABLED,DISABLED,2023,500,2100,DISABLED,DISABLED,2039,500,2100,DISABLED,DISABLED,2039,500,2100,DISABLED,DISABLED,2041,500,2100,DISABLED,DISABLED,2036,500,2100,DISABLED,DISABLED,2037,500,2100,DISABLED,DISABLED,2040,500,2100,DISABLED,DISABLED,1500,900,1500,N/A,DISABLED,53,914,1680,N/A,ENABLED,53,914,1680,N/A,ENABLED,53,914,1680,N/A,ENABLED,53,914,1680,N/A,ENABLED,44,711,1400,N/A,ENABLED,44,711,1400,N/A,ENABLED,44,711,1400,N/A,ENABLED,44,711,1400,N/A,ENABLED,N/A,63,60
1744613700,0,674,N/A,N/A,N/A,N/A,ENABLED,2033,500,2100,DISABLED,DISABLED,2023,500,2100,DISABLED,DISABLED,2037,500,2100,DISABLED,DISABLED,2037,500,2100,DISABLED,DISABLED,2040,500,2100,DISABLED,DISABLED,2035,500,2100,DISABLED,DISABLED,2036,500,2100,DISABLED,DISABLED,2039,500,2100,DISABLED,DISABLED,1500,900,1500,N/A,DISABLED,53,914,1680,N/A,ENABLED,53,914,1680,N/A,ENABLED,53,914,1680,N/A,ENABLED,53,914,1680,N/A,ENABLED,44,711,1400,N/A,ENABLED,44,711,1400,N/A,ENABLED,44,711,1400,N/A,ENABLED,44,711,1400,N/A,ENABLED,N/A,63,60
1744613701,0,675,N/A,N/A,N/A,N/A,ENABLED,2031,500,2100,DISABLED,DISABLED,2020,500,2100,DISABLED,DISABLED,2035,500,2100,DISABLED,DISABLED,2034,500,2100,DISABLED,DISABLED,2037,500,2100,DISABLED,DISABLED,2033,500,2100,DISABLED,DISABLED,2034,500,2100,DISABLED,DISABLED,2036,500,2100,DISABLED,DISABLED,1500,900,1500,N/A,DISABLED,53,914,1680,N/A,ENABLED,53,914,1680,N/A,ENABLED,53,914,1680,N/A,ENABLED,53,914,1680,N/A,ENABLED,44,711,1400,N/A,ENABLED,44,711,1400,N/A,ENABLED,44,711,1400,N/A,ENABLED,44,711,1400,N/A,ENABLED,N/A,63,60
1744613702,0,675,N/A,N/A,N/A,N/A,ENABLED,2030,500,2100,DISABLED,DISABLED,2020,500,2100,DISABLED,DISABLED,2035,500,2100,DISABLED,DISABLED,2035,500,2100,DISABLED,DISABLED,2037,500,2100,DISABLED,DISABLED,2033,500,2100,DISABLED,DISABLED,2034,500,2100,DISABLED,DISABLED,2036,500,2100,DISABLED,DISABLED,1500,900,1500,N/A,DISABLED,53,914,1680,N/A,ENABLED,53,914,1680,N/A,ENABLED,53,914,1680,N/A,ENABLED,53,914,1680,N/A,ENABLED,44,711,1400,N/A,ENABLED,44,711,1400,N/A,ENABLED,44,711,1400,N/A,ENABLED,44,711,1400,N/A,ENABLED,N/A,63,60
1744613704,0,676,N/A,N/A,N/A,N/A,ENABLED,2030,500,2100,DISABLED,DISABLED,2020,500,2100,DISABLED,DISABLED,2035,500,2100,DISABLED,DISABLED,2034,500,2100,DISABLED,DISABLED,2037,500,2100,DISABLED,DISABLED,2032,500,2100,DISABLED,DISABLED,2033,500,2100,DISABLED,DISABLED,2036,500,2100,DISABLED,DISABLED,1500,900,1500,N/A,DISABLED,53,914,1680,N/A,ENABLED,53,914,1680,N/A,ENABLED,53,914,1680,N/A,ENABLED,53,914,1680,N/A,ENABLED,44,711,1400,N/A,ENABLED,44,711,1400,N/A,ENABLED,44,711,1400,N/A,ENABLED,44,711,1400,N/A,ENABLED,N/A,63,60
1744613705,0,676,N/A,N/A,N/A,N/A,ENABLED,2029,500,2100,DISABLED,DISABLED,2019,500,2100,DISABLED,DISABLED,2033,500,2100,DISABLED,DISABLED,2033,500,2100,DISABLED,DISABLED,2035,500,2100,DISABLED,DISABLED,2030,500,2100,DISABLED,DISABLED,2032,500,2100,DISABLED,DISABLED,2035,500,2100,DISABLED,DISABLED,1500,900,1500,N/A,DISABLED,53,914,1680,N/A,ENABLED,53,914,1680,N/A,ENABLED,53,914,1680,N/A,ENABLED,53,914,1680,N/A,ENABLED,44,711,1400,N/A,ENABLED,44,711,1400,N/A,ENABLED,44,711,1400,N/A,ENABLED,44,711,1400,N/A,ENABLED,N/A,63,60
1744613706,0,672,N/A,N/A,N/A,N/A,ENABLED,2027,500,2100,DISABLED,DISABLED,2017,500,2100,DISABLED,DISABLED,2030,500,2100,DISABLED,DISABLED,2030,500,2100,DISABLED,DISABLED,2033,500,2100,DISABLED,DISABLED,2028,500,2100,DISABLED,DISABLED,2029,500,2100,DISABLED,DISABLED,2032,500,2100,DISABLED,DISABLED,1500,900,1500,N/A,DISABLED,53,914,1680,N/A,ENABLED,53,914,1680,N/A,ENABLED,53,914,1680,N/A,ENABLED,53,914,1680,N/A,ENABLED,44,711,1400,N/A,ENABLED,44,711,1400,N/A,ENABLED,44,711,1400,N/A,ENABLED,44,711,1400,N/A,ENABLED,N/A,63,61
1744613707,0,673,N/A,N/A,N/A,N/A,ENABLED,2028,500,2100,DISABLED,DISABLED,2019,500,2100,DISABLED,DISABLED,2032,500,2100,DISABLED,DISABLED,2032,500,2100,DISABLED,DISABLED,2035,500,2100,DISABLED,DISABLED,2030,500,2100,DISABLED,DISABLED,2031,500,2100,DISABLED,DISABLED,2034,500,2100,DISABLED,DISABLED,1500,900,1500,N/A,DISABLED,53,914,1680,N/A,ENABLED,53,914,1680,N/A,ENABLED,53,914,1680,N/A,ENABLED,53,914,1680,N/A,ENABLED,44,711,1400,N/A,ENABLED,44,711,1400,N/A,ENABLED,44,711,1400,N/A,ENABLED,44,711,1400,N/A,ENABLED,N/A,64,61
1744613708,0,676,N/A,N/A,N/A,N/A,ENABLED,2032,500,2100,DISABLED,DISABLED,2021,500,2100,DISABLED,DISABLED,2035,500,2100,DISABLED,DISABLED,2034,500,2100,DISABLED,DISABLED,2039,500,2100,DISABLED,DISABLED,2033,500,2100,DISABLED,DISABLED,2035,500,2100,DISABLED,DISABLED,2037,500,2100,DISABLED,DISABLED,1500,900,1500,N/A,DISABLED,53,914,1680,N/A,ENABLED,53,914,1680,N/A,ENABLED,53,914,1680,N/A,ENABLED,53,914,1680,N/A,ENABLED,44,711,1400,N/A,ENABLED,44,711,1400,N/A,ENABLED,44,711,1400,N/A,ENABLED,44,711,1400,N/A,ENABLED,N/A,64,61
1744613709,0,676,N/A,N/A,N/A,N/A,ENABLED,2028,500,2100,DISABLED,DISABLED,2018,500,2100,DISABLED,DISABLED,2032,500,2100,DISABLED,DISABLED,2031,500,2100,DISABLED,DISABLED,2036,500,2100,DISABLED,DISABLED,2031,500,2100,DISABLED,DISABLED,2031,500,2100,DISABLED,DISABLED,2033,500,2100,DISABLED,DISABLED,1500,900,1500,N/A,DISABLED,53,914,1680,N/A,ENABLED,53,914,1680,N/A,ENABLED,53,914,1680,N/A,ENABLED,53,914,1680,N/A,ENABLED,44,711,1400,N/A,ENABLED,44,711,1400,N/A,ENABLED,44,711,1400,N/A,ENABLED,44,711,1400,N/A,ENABLED,N/A,64,61
1744613711,0,673,N/A,N/A,N/A,N/A,ENABLED,2029,500,2100,DISABLED,DISABLED,2017,500,2100,DISABLED,DISABLED,2033,500,2100,DISABLED,DISABLED,2032,500,2100,DISABLED,DISABLED,2036,500,2100,DISABLED,DISABLED,2031,500,2100,DISABLED,DISABLED,2031,500,2100,DISABLED,DISABLED,2033,500,2100,DISABLED,DISABLED,1500,900,1500,N/A,DISABLED,53,914,1680,N/A,ENABLED,53,914,1680,N/A,ENABLED,53,914,1680,N/A,ENABLED,53,914,1680,N/A,ENABLED,44,711,1400,N/A,ENABLED,44,711,1400,N/A,ENABLED,44,711,1400,N/A,ENABLED,44,711,1400,N/A,ENABLED,N/A,64,61
1744613712,0,675,N/A,N/A,N/A,N/A,ENABLED,2029,500,2100,DISABLED,DISABLED,2019,500,2100,DISABLED,DISABLED,2033,500,2100,DISABLED,DISABLED,2032,500,2100,DISABLED,DISABLED,2037,500,2100,DISABLED,DISABLED,2032,500,2100,DISABLED,DISABLED,2032,500,2100,DISABLED,DISABLED,2035,500,2100,DISABLED,DISABLED,1500,900,1500,N/A,DISABLED,53,914,1680,N/A,ENABLED,53,914,1680,N/A,ENABLED,53,914,1680,N/A,ENABLED,53,914,1680,N/A,ENABLED,44,711,1400,N/A,ENABLED,44,711,1400,N/A,ENABLED,44,711,1400,N/A,ENABLED,44,711,1400,N/A,ENABLED,N/A,64,61
1744613713,0,673,N/A,N/A,N/A,N/A,ENABLED,2023,500,2100,DISABLED,DISABLED,2014,500,2100,DISABLED,DISABLED,2028,500,2100,DISABLED,DISABLED,2027,500,2100,DISABLED,DISABLED,2032,500,2100,DISABLED,DISABLED,2027,500,2100,DISABLED,DISABLED,2027,500,2100,DISABLED,DISABLED,2029,500,2100,DISABLED,DISABLED,1500,900,1500,N/A,DISABLED,53,914,1680,N/A,ENABLED,53,914,1680,N/A,ENABLED,53,914,1680,N/A,ENABLED,53,914,1680,N/A,ENABLED,44,711,1400,N/A,ENABLED,44,711,1400,N/A,ENABLED,44,711,1400,N/A,ENABLED,44,711,1400,N/A,ENABLED,N/A,64,61
1744613714,0,676,N/A,N/A,N/A,N/A,ENABLED,2026,500,2100,DISABLED,DISABLED,2016,500,2100,DISABLED,DISABLED,2030,500,2100,DISABLED,DISABLED,2030,500,2100,DISABLED,DISABLED,2034,500,2100,DISABLED,DISABLED,2029,500,2100,DISABLED,DISABLED,2029,500,2100,DISABLED,DISABLED,2031,500,2100,DISABLED,DISABLED,1500,900,1500,N/A,DISABLED,53,914,1680,N/A,ENABLED,53,914,1680,N/A,ENABLED,53,914,1680,N/A,ENABLED,53,914,1680,N/A,ENABLED,44,711,1400,N/A,ENABLED,44,711,1400,N/A,ENABLED,44,711,1400,N/A,ENABLED,44,711,1400,N/A,ENABLED,N/A,64,61
1744613715,0,676,N/A,N/A,N/A,N/A,ENABLED,2028,500,2100,DISABLED,DISABLED,2018,500,2100,DISABLED,DISABLED,2032,500,2100,DISABLED,DISABLED,2031,500,2100,DISABLED,DISABLED,2036,500,2100,DISABLED,DISABLED,2031,500,2100,DISABLED,DISABLED,2031,500,2100,DISABLED,DISABLED,2033,500,2100,DISABLED,DISABLED,1500,900,1500,N/A,DISABLED,53,914,1680,N/A,ENABLED,53,914,1680,N/A,ENABLED,53,914,1680,N/A,ENABLED,53,914,1680,N/A,ENABLED,44,711,1400,N/A,ENABLED,44,711,1400,N/A,ENABLED,44,711,1400,N/A,ENABLED,44,711,1400,N/A,ENABLED,N/A,64,61
1744613717,0,676,N/A,N/A,N/A,N/A,ENABLED,2028,500,2100,DISABLED,DISABLED,2018,500,2100,DISABLED,DISABLED,2033,500,2100,DISABLED,DISABLED,2032,500,2100,DISABLED,DISABLED,2036,500,2100,DISABLED,DISABLED,2030,500,2100,DISABLED,DISABLED,2031,500,2100,DISABLED,DISABLED,2033,500,2100,DISABLED,DISABLED,1500,900,1500,N/A,DISABLED,53,914,1680,N/A,ENABLED,53,914,1680,N/A,ENABLED,53,914,1680,N/A,ENABLED,53,914,1680,N/A,ENABLED,44,711,1400,N/A,ENABLED,44,711,1400,N/A,ENABLED,44,711,1400,N/A,ENABLED,44,711,1400,N/A,ENABLED,N/A,64,61
1744613718,0,676,N/A,N/A,N/A,N/A,ENABLED,2029,500,2100,DISABLED,DISABLED,2020,500,2100,DISABLED,DISABLED,2035,500,2100,DISABLED,DISABLED,2034,500,2100,DISABLED,DISABLED,2039,500,2100,DISABLED,DISABLED,2032,500,2100,DISABLED,DISABLED,2033,500,2100,DISABLED,DISABLED,2035,500,2100,DISABLED,DISABLED,1500,900,1500,N/A,DISABLED,53,914,1680,N/A,ENABLED,53,914,1680,N/A,ENABLED,53,914,1680,N/A,ENABLED,53,914,1680,N/A,ENABLED,44,711,1400,N/A,ENABLED,44,711,1400,N/A,ENABLED,44,711,1400,N/A,ENABLED,44,711,1400,N/A,ENABLED,N/A,64,62
1744613719,0,673,N/A,N/A,N/A,N/A,ENABLED,2023,500,2100,DISABLED,DISABLED,2013,500,2100,DISABLED,DISABLED,2029,500,2100,DISABLED,DISABLED,2028,500,2100,DISABLED,DISABLED,2032,500,2100,DISABLED,DISABLED,2026,500,2100,DISABLED,DISABLED,2026,500,2100,DISABLED,DISABLED,2029,500,2100,DISABLED,DISABLED,1500,900,1500,N/A,DISABLED,53,914,1680,N/A,ENABLED,53,914,1680,N/A,ENABLED,53,914,1680,N/A,ENABLED,53,914,1680,N/A,ENABLED,44,711,1400,N/A,ENABLED,44,711,1400,N/A,ENABLED,44,711,1400,N/A,ENABLED,44,711,1400,N/A,ENABLED,N/A,64,61
1744613720,0,673,N/A,N/A,N/A,N/A,ENABLED,2028,500,2100,DISABLED,DISABLED,2018,500,2100,DISABLED,DISABLED,2033,500,2100,DISABLED,DISABLED,2033,500,2100,DISABLED,DISABLED,2036,500,2100,DISABLED,DISABLED,2031,500,2100,DISABLED,DISABLED,2032,500,2100,DISABLED,DISABLED,2034,500,2100,DISABLED,DISABLED,1500,900,1500,N/A,DISABLED,53,914,1680,N/A,ENABLED,53,914,1680,N/A,ENABLED,53,914,1680,N/A,ENABLED,53,914,1680,N/A,ENABLED,44,711,1400,N/A,ENABLED,44,711,1400,N/A,ENABLED,44,711,1400,N/A,ENABLED,44,711,1400,N/A,ENABLED,N/A,64,62
1744613721,0,681,N/A,N/A,N/A,N/A,ENABLED,2032,500,2100,DISABLED,DISABLED,2023,500,2100,DISABLED,DISABLED,2038,500,2100,DISABLED,DISABLED,2038,500,2100,DISABLED,DISABLED,2041,500,2100,DISABLED,DISABLED,2035,500,2100,DISABLED,DISABLED,2036,500,2100,DISABLED,DISABLED,2038,500,2100,DISABLED,DISABLED,1500,900,1500,N/A,DISABLED,53,914,1680,N/A,ENABLED,53,914,1680,N/A,ENABLED,53,914,1680,N/A,ENABLED,53,914,1680,N/A,ENABLED,44,711,1400,N/A,ENABLED,44,711,1400,N/A,ENABLED,44,711,1400,N/A,ENABLED,44,711,1400,N/A,ENABLED,N/A,64,61
1744613722,0,677,N/A,N/A,N/A,N/A,ENABLED,2027,500,2100,DISABLED,DISABLED,2018,500,2100,DISABLED,DISABLED,2032,500,2100,DISABLED,DISABLED,2033,500,2100,DISABLED,DISABLED,2036,500,2100,DISABLED,DISABLED,2030,500,2100,DISABLED,DISABLED,2030,500,2100,DISABLED,DISABLED,2033,500,2100,DISABLED,DISABLED,1500,900,1500,N/A,DISABLED,53,914,1680,N/A,ENABLED,53,914,1680,N/A,ENABLED,53,914,1680,N/A,ENABLED,53,914,1680,N/A,ENABLED,44,711,1400,N/A,ENABLED,44,711,1400,N/A,ENABLED,44,711,1400,N/A,ENABLED,44,711,1400,N/A,ENABLED,N/A,64,62
1744613724,0,677,N/A,N/A,N/A,N/A,ENABLED,2027,500,2100,DISABLED,DISABLED,2016,500,2100,DISABLED,DISABLED,2032,500,2100,DISABLED,DISABLED,2032,500,2100,DISABLED,DISABLED,2036,500,2100,DISABLED,DISABLED,2031,500,2100,DISABLED,DISABLED,2031,500,2100,DISABLED,DISABLED,2033,500,2100,DISABLED,DISABLED,1500,900,1500,N/A,DISABLED,53,914,1680,N/A,ENABLED,53,914,1680,N/A,ENABLED,53,914,1680,N/A,ENABLED,53,914,1680,N/A,ENABLED,44,711,1400,N/A,ENABLED,44,711,1400,N/A,ENABLED,44,711,1400,N/A,ENABLED,44,711,1400,N/A,ENABLED,N/A,64,61
1744613725,0,671,N/A,N/A,N/A,N/A,ENABLED,2022,500,2100,DISABLED,DISABLED,2013,500,2100,DISABLED,DISABLED,2028,500,2100,DISABLED,DISABLED,2028,500,2100,DISABLED,DISABLED,2032,500,2100,DISABLED,DISABLED,2027,500,2100,DISABLED,DISABLED,2026,500,2100,DISABLED,DISABLED,2029,500,2100,DISABLED,DISABLED,1500,900,1500,N/A,DISABLED,53,914,1680,N/A,ENABLED,53,914,1680,N/A,ENABLED,53,914,1680,N/A,ENABLED,53,914,1680,N/A,ENABLED,44,711,1400,N/A,ENABLED,44,711,1400,N/A,ENABLED,44,711,1400,N/A,ENABLED,44,711,1400,N/A,ENABLED,N/A,64,61
1744613726,0,676,N/A,N/A,N/A,N/A,ENABLED,2024,500,2100,DISABLED,DISABLED,2015,500,2100,DISABLED,DISABLED,2029,500,2100,DISABLED,DISABLED,2028,500,2100,DISABLED,DISABLED,2034,500,2100,DISABLED,DISABLED,2028,500,2100,DISABLED,DISABLED,2027,500,2100,DISABLED,DISABLED,2030,500,2100,DISABLED,DISABLED,1500,900,1500,N/A,DISABLED,53,914,1680,N/A,ENABLED,53,914,1680,N/A,ENABLED,53,914,1680,N/A,ENABLED,53,914,1680,N/A,ENABLED,44,711,1400,N/A,ENABLED,44,711,1400,N/A,ENABLED,44,711,1400,N/A,ENABLED,44,711,1400,N/A,ENABLED,N/A,64,61
1744613727,0,676,N/A,N/A,N/A,N/A,ENABLED,2025,500,2100,DISABLED,DISABLED,2015,500,2100,DISABLED,DISABLED,2030,500,2100,DISABLED,DISABLED,2030,500,2100,DISABLED,DISABLED,2034,500,2100,DISABLED,DISABLED,2029,500,2100,DISABLED,DISABLED,2027,500,2100,DISABLED,DISABLED,2031,500,2100,DISABLED,DISABLED,1500,900,1500,N/A,DISABLED,53,914,1680,N/A,ENABLED,53,914,1680,N/A,ENABLED,53,914,1680,N/A,ENABLED,53,914,1680,N/A,ENABLED,44,711,1400,N/A,ENABLED,44,711,1400,N/A,ENABLED,44,711,1400,N/A,ENABLED,44,711,1400,N/A,ENABLED,N/A,64,61
1744613728,0,680,N/A,N/A,N/A,N/A,ENABLED,2035,500,2100,DISABLED,DISABLED,2026,500,2100,DISABLED,DISABLED,2040,500,2100,DISABLED,DISABLED,2040,500,2100,DISABLED,DISABLED,2045,500,2100,DISABLED,DISABLED,2039,500,2100,DISABLED,DISABLED,2039,500,2100,DISABLED,DISABLED,2041,500,2100,DISABLED,DISABLED,1500,900,1500,N/A,DISABLED,53,914,1680,N/A,ENABLED,53,914,1680,N/A,ENABLED,53,914,1680,N/A,ENABLED,53,914,1680,N/A,ENABLED,44,711,1400,N/A,ENABLED,44,711,1400,N/A,ENABLED,44,711,1400,N/A,ENABLED,44,711,1400,N/A,ENABLED,N/A,64,62
1744613730,0,678,N/A,N/A,N/A,N/A,ENABLED,2027,500,2100,DISABLED,DISABLED,2017,500,2100,DISABLED,DISABLED,2033,500,2100,DISABLED,DISABLED,2032,500,2100,DISABLED,DISABLED,2037,500,2100,DISABLED,DISABLED,2032,500,2100,DISABLED,DISABLED,2031,500,2100,DISABLED,DISABLED,2034,500,2100,DISABLED,DISABLED,1500,900,1500,N/A,DISABLED,53,914,1680,N/A,ENABLED,53,914,1680,N/A,ENABLED,53,914,1680,N/A,ENABLED,53,914,1680,N/A,ENABLED,44,711,1400,N/A,ENABLED,44,711,1400,N/A,ENABLED,44,711,1400,N/A,ENABLED,44,711,1400,N/A,ENABLED,N/A,64,62
1744613731,0,675,N/A,N/A,N/A,N/A,ENABLED,2025,500,2100,DISABLED,DISABLED,2014,500,2100,DISABLED,DISABLED,2030,500,2100,DISABLED,DISABLED,2031,500,2100,DISABLED,DISABLED,2034,500,2100,DISABLED,DISABLED,2029,500,2100,DISABLED,DISABLED,2029,500,2100,DISABLED,DISABLED,2032,500,2100,DISABLED,DISABLED,1500,900,1500,N/A,DISABLED,53,914,1680,N/A,ENABLED,53,914,1680,N/A,ENABLED,53,914,1680,N/A,ENABLED,53,914,1680,N/A,ENABLED,44,711,1400,N/A,ENABLED,44,711,1400,N/A,ENABLED,44,711,1400,N/A,ENABLED,44,711,1400,N/A,ENABLED,N/A,65,62
1744613732,0,679,N/A,N/A,N/A,N/A,ENABLED,2025,500,2100,DISABLED,DISABLED,2015,500,2100,DISABLED,DISABLED,2031,500,2100,DISABLED,DISABLED,2031,500,2100,DISABLED,DISABLED,2035,500,2100,DISABLED,DISABLED,2030,500,2100,DISABLED,DISABLED,2030,500,2100,DISABLED,DISABLED,2032,500,2100,DISABLED,DISABLED,1500,900,1500,N/A,DISABLED,53,914,1680,N/A,ENABLED,53,914,1680,N/A,ENABLED,53,914,1680,N/A,ENABLED,53,914,1680,N/A,ENABLED,44,711,1400,N/A,ENABLED,44,711,1400,N/A,ENABLED,44,711,1400,N/A,ENABLED,44,711,1400,N/A,ENABLED,N/A,65,62
1744613733,0,671,N/A,N/A,N/A,N/A,ENABLED,2021,500,2100,DISABLED,DISABLED,2011,500,2100,DISABLED,DISABLED,2027,500,2100,DISABLED,DISABLED,2027,500,2100,DISABLED,DISABLED,2031,500,2100,DISABLED,DISABLED,2025,500,2100,DISABLED,DISABLED,2025,500,2100,DISABLED,DISABLED,2028,500,2100,DISABLED,DISABLED,1500,900,1500,N/A,DISABLED,53,914,1680,N/A,ENABLED,53,914,1680,N/A,ENABLED,53,914,1680,N/A,ENABLED,53,914,1680,N/A,ENABLED,44,711,1400,N/A,ENABLED,44,711,1400,N/A,ENABLED,44,711,1400,N/A,ENABLED,44,711,1400,N/A,ENABLED,N/A,65,62
1744613734,0,681,N/A,N/A,N/A,N/A,ENABLED,2028,500,2100,DISABLED,DISABLED,2019,500,2100,DISABLED,DISABLED,2035,500,2100,DISABLED,DISABLED,2034,500,2100,DISABLED,DISABLED,2038,500,2100,DISABLED,DISABLED,2033,500,2100,DISABLED,DISABLED,2032,500,2100,DISABLED,DISABLED,2034,500,2100,DISABLED,DISABLED,1500,900,1500,N/A,DISABLED,53,914,1680,N/A,ENABLED,53,914,1680,N/A,ENABLED,53,914,1680,N/A,ENABLED,53,914,1680,N/A,ENABLED,44,711,1400,N/A,ENABLED,44,711,1400,N/A,ENABLED,44,711,1400,N/A,ENABLED,44,711,1400,N/A,ENABLED,N/A,65,62
1744613735,0,678,N/A,N/A,N/A,N/A,ENABLED,2026,500,2100,DISABLED,DISABLED,2017,500,2100,DISABLED,DISABLED,2032,500,2100,DISABLED,DISABLED,2032,500,2100,DISABLED,DISABLED,2037,500,2100,DISABLED,DISABLED,2031,500,2100,DISABLED,DISABLED,2030,500,2100,DISABLED,DISABLED,2032,500,2100,DISABLED,DISABLED,1500,900,1500,N/A,DISABLED,53,914,1680,N/A,ENABLED,53,914,1680,N/A,ENABLED,53,914,1680,N/A,ENABLED,53,914,1680,N/A,ENABLED,44,711,1400,N/A,ENABLED,44,711,1400,N/A,ENABLED,44,711,1400,N/A,ENABLED,44,711,1400,N/A,ENABLED,N/A,65,62
1744613737,0,678,N/A,N/A,N/A,N/A,ENABLED,2022,500,2100,DISABLED,DISABLED,2013,500,2100,DISABLED,DISABLED,2029,500,2100,DISABLED,DISABLED,2028,500,2100,DISABLED,DISABLED,2032,500,2100,DISABLED,DISABLED,2028,500,2100,DISABLED,DISABLED,2026,500,2100,DISABLED,DISABLED,2029,500,2100,DISABLED,DISABLED,1500,900,1500,N/A,DISABLED,53,914,1680,N/A,ENABLED,53,914,1680,N/A,ENABLED,53,914,1680,N/A,ENABLED,53,914,1680,N/A,ENABLED,44,711,1400,N/A,ENABLED,44,711,1400,N/A,ENABLED,44,711,1400,N/A,ENABLED,44,711,1400,N/A,ENABLED,N/A,65,63
1744613738,0,678,N/A,N/A,N/A,N/A,ENABLED,2024,500,2100,DISABLED,DISABLED,2015,500,2100,DISABLED,DISABLED,2031,500,2100,DISABLED,DISABLED,2031,500,2100,DISABLED,DISABLED,2035,500,2100,DISABLED,DISABLED,2030,500,2100,DISABLED,DISABLED,2029,500,2100,DISABLED,DISABLED,2031,500,2100,DISABLED,DISABLED,1500,900,1500,N/A,DISABLED,53,914,1680,N/A,ENABLED,53,914,1680,N/A,ENABLED,53,914,1680,N/A,ENABLED,53,914,1680,N/A,ENABLED,44,711,1400,N/A,ENABLED,44,711,1400,N/A,ENABLED,44,711,1400,N/A,ENABLED,44,711,1400,N/A,ENABLED,N/A,65,62
1744613739,0,678,N/A,N/A,N/A,N/A,ENABLED,2020,500,2100,DISABLED,DISABLED,2012,500,2100,DISABLED,DISABLED,2027,500,2100,DISABLED,DISABLED,2026,500,2100,DISABLED,DISABLED,2031,500,2100,DISABLED,DISABLED,2025,500,2100,DISABLED,DISABLED,2024,500,2100,DISABLED,DISABLED,2027,500,2100,DISABLED,DISABLED,1500,900,1500,N/A,DISABLED,53,914,1680,N/A,ENABLED,53,914,1680,N/A,ENABLED,53,914,1680,N/A,ENABLED,53,914,1680,N/A,ENABLED,44,711,1400,N/A,ENABLED,44,711,1400,N/A,ENABLED,44,711,1400,N/A,ENABLED,44,711,1400,N/A,ENABLED,N/A,65,63
1744613740,0,677,N/A,N/A,N/A,N/A,ENABLED,2018,500,2100,DISABLED,DISABLED,2008,500,2100,DISABLED,DISABLED,2025,500,2100,DISABLED,DISABLED,2024,500,2100,DISABLED,DISABLED,2028,500,2100,DISABLED,DISABLED,2023,500,2100,DISABLED,DISABLED,2021,500,2100,DISABLED,DISABLED,2025,500,2100,DISABLED,DISABLED,1500,900,1500,N/A,DISABLED,53,914,1680,N/A,ENABLED,53,914,1680,N/A,ENABLED,53,914,1680,N/A,ENABLED,53,914,1680,N/A,ENABLED,44,711,1400,N/A,ENABLED,44,711,1400,N/A,ENABLED,44,711,1400,N/A,ENABLED,44,711,1400,N/A,ENABLED,N/A,65,63
1744613741,0,678,N/A,N/A,N/A,N/A,ENABLED,2022,500,2100,DISABLED,DISABLED,2012,500,2100,DISABLED,DISABLED,2028,500,2100,DISABLED,DISABLED,2027,500,2100,DISABLED,DISABLED,2032,500,2100,DISABLED,DISABLED,2026,500,2100,DISABLED,DISABLED,2025,500,2100,DISABLED,DISABLED,2028,500,2100,DISABLED,DISABLED,1500,900,1500,N/A,DISABLED,53,914,1680,N/A,ENABLED,53,914,1680,N/A,ENABLED,53,914,1680,N/A,ENABLED,53,914,1680,N/A,ENABLED,44,711,1400,N/A,ENABLED,44,711,1400,N/A,ENABLED,44,711,1400,N/A,ENABLED,44,711,1400,N/A,ENABLED,N/A,65,63
1744613742,0,675,N/A,N/A,N/A,N/A,ENABLED,2024,500,2100,DISABLED,DISABLED,2014,500,2100,DISABLED,DISABLED,2029,500,2100,DISABLED,DISABLED,2029,500,2100,DISABLED,DISABLED,2033,500,2100,DISABLED,DISABLED,2027,500,2100,DISABLED,DISABLED,2027,500,2100,DISABLED,DISABLED,2029,500,2100,DISABLED,DISABLED,1500,900,1500,N/A,DISABLED,53,914,1680,N/A,ENABLED,53,914,1680,N/A,ENABLED,53,914,1680,N/A,ENABLED,53,914,1680,N/A,ENABLED,44,711,1400,N/A,ENABLED,44,711,1400,N/A,ENABLED,44,711,1400,N/A,ENABLED,44,711,1400,N/A,ENABLED,N/A,66,63
1744613744,0,677,N/A,N/A,N/A,N/A,ENABLED,2021,500,2100,DISABLED,DISABLED,2011,500,2100,DISABLED,DISABLED,2026,500,2100,DISABLED,DISABLED,2023,500,2100,DISABLED,DISABLED,2030,500,2100,DISABLED,DISABLED,2025,500,2100,DISABLED,DISABLED,2023,500,2100,DISABLED,DISABLED,2026,500,2100,DISABLED,DISABLED,1500,900,1500,N/A,DISABLED,53,914,1680,N/A,ENABLED,53,914,1680,N/A,ENABLED,53,914,1680,N/A,ENABLED,53,914,1680,N/A,ENABLED,44,711,1400,N/A,ENABLED,44,711,1400,N/A,ENABLED,44,711,1400,N/A,ENABLED,44,711,1400,N/A,ENABLED,N/A,66,63
1744613745,0,680,N/A,N/A,N/A,N/A,ENABLED,2023,500,2100,DISABLED,DISABLED,2013,500,2100,DISABLED,DISABLED,2028,500,2100,DISABLED,DISABLED,2028,500,2100,DISABLED,DISABLED,2032,500,2100,DISABLED,DISABLED,2027,500,2100,DISABLED,DISABLED,2026,500,2100,DISABLED,DISABLED,2029,500,2100,DISABLED,DISABLED,1500,900,1500,N/A,DISABLED,53,914,1680,N/A,ENABLED,53,914,1680,N/A,ENABLED,53,914,1680,N/A,ENABLED,53,914,1680,N/A,ENABLED,44,711,1400,N/A,ENABLED,44,711,1400,N/A,ENABLED,44,711,1400,N/A,ENABLED,44,711,1400,N/A,ENABLED,N/A,66,63
1744613746,0,685,N/A,N/A,N/A,N/A,ENABLED,2031,500,2100,DISABLED,DISABLED,2021,500,2100,DISABLED,DISABLED,2037,500,2100,DISABLED,DISABLED,2036,500,2100,DISABLED,DISABLED,2040,500,2100,DISABLED,DISABLED,2034,500,2100,DISABLED,DISABLED,2034,500,2100,DISABLED,DISABLED,2036,500,2100,DISABLED,DISABLED,1500,900,1500,N/A,DISABLED,53,914,1680,N/A,ENABLED,53,914,1680,N/A,ENABLED,53,914,1680,N/A,ENABLED,53,914,1680,N/A,ENABLED,44,711,1400,N/A,ENABLED,44,711,1400,N/A,ENABLED,44,711,1400,N/A,ENABLED,44,711,1400,N/A,ENABLED,N/A,66,63
1744613747,0,681,N/A,N/A,N/A,N/A,ENABLED,2026,500,2100,DISABLED,DISABLED,2016,500,2100,DISABLED,DISABLED,2031,500,2100,DISABLED,DISABLED,2030,500,2100,DISABLED,DISABLED,2035,500,2100,DISABLED,DISABLED,2030,500,2100,DISABLED,DISABLED,2029,500,2100,DISABLED,DISABLED,2032,500,2100,DISABLED,DISABLED,1500,900,1500,N/A,DISABLED,53,914,1680,N/A,ENABLED,53,914,1680,N/A,ENABLED,53,914,1680,N/A,ENABLED,53,914,1680,N/A,ENABLED,44,711,1400,N/A,ENABLED,44,711,1400,N/A,ENABLED,44,711,1400,N/A,ENABLED,44,711,1400,N/A,ENABLED,N/A,66,63
1744613748,0,681,N/A,N/A,N/A,N/A,ENABLED,2023,500,2100,DISABLED,DISABLED,2011,500,2100,DISABLED,DISABLED,2027,500,2100,DISABLED,DISABLED,2027,500,2100,DISABLED,DISABLED,2030,500,2100,DISABLED,DISABLED,2024,500,2100,DISABLED,DISABLED,2026,500,2100,DISABLED,DISABLED,2028,500,2100,DISABLED,DISABLED,1500,900,1500,N/A,DISABLED,53,914,1680,N/A,ENABLED,53,914,1680,N/A,ENABLED,53,914,1680,N/A,ENABLED,53,914,1680,N/A,ENABLED,44,711,1400,N/A,ENABLED,44,711,1400,N/A,ENABLED,44,711,1400,N/A,ENABLED,44,711,1400,N/A,ENABLED,N/A,66,64
1744613750,0,679,N/A,N/A,N/A,N/A,ENABLED,2022,500,2100,DISABLED,DISABLED,2012,500,2100,DISABLED,DISABLED,2028,500,2100,DISABLED,DISABLED,2027,500,2100,DISABLED,DISABLED,2030,500,2100,DISABLED,DISABLED,2024,500,2100,DISABLED,DISABLED,2025,500,2100,DISABLED,DISABLED,2028,500,2100,DISABLED,DISABLED,1500,900,1500,N/A,DISABLED,53,914,1680,N/A,ENABLED,53,914,1680,N/A,ENABLED,53,914,1680,N/A,ENABLED,53,914,1680,N/A,ENABLED,44,711,1400,N/A,ENABLED,44,711,1400,N/A,ENABLED,44,711,1400,N/A,ENABLED,44,711,1400,N/A,ENABLED,N/A,66,64
1744613751,0,679,N/A,N/A,N/A,N/A,ENABLED,2019,500,2100,DISABLED,DISABLED,2009,500,2100,DISABLED,DISABLED,2024,500,2100,DISABLED,DISABLED,2024,500,2100,DISABLED,DISABLED,2026,500,2100,DISABLED,DISABLED,2020,500,2100,DISABLED,DISABLED,2022,500,2100,DISABLED,DISABLED,2025,500,2100,DISABLED,DISABLED,1500,900,1500,N/A,DISABLED,53,914,1680,N/A,ENABLED,53,914,1680,N/A,ENABLED,53,914,1680,N/A,ENABLED,53,914,1680,N/A,ENABLED,44,711,1400,N/A,ENABLED,44,711,1400,N/A,ENABLED,44,711,1400,N/A,ENABLED,44,711,1400,N/A,ENABLED,N/A,67,64
1744613752,0,683,N/A,N/A,N/A,N/A,ENABLED,2026,500,2100,DISABLED,DISABLED,2016,500,2100,DISABLED,DISABLED,2031,500,2100,DISABLED,DISABLED,2031,500,2100,DISABLED,DISABLED,2032,500,2100,DISABLED,DISABLED,2027,500,2100,DISABLED,DISABLED,2029,500,2100,DISABLED,DISABLED,2032,500,2100,DISABLED,DISABLED,1500,900,1500,N/A,DISABLED,53,914,1680,N/A,ENABLED,53,914,1680,N/A,ENABLED,53,914,1680,N/A,ENABLED,53,914,1680,N/A,ENABLED,44,711,1400,N/A,ENABLED,44,711,1400,N/A,ENABLED,44,711,1400,N/A,ENABLED,44,711,1400,N/A,ENABLED,N/A,67,64
1744613753,0,679,N/A,N/A,N/A,N/A,ENABLED,2020,500,2100,DISABLED,DISABLED,2009,500,2100,DISABLED,DISABLED,2025,500,2100,DISABLED,DISABLED,2025,500,2100,DISABLED,DISABLED,2026,500,2100,DISABLED,DISABLED,2021,500,2100,DISABLED,DISABLED,2022,500,2100,DISABLED,DISABLED,2026,500,2100,DISABLED,DISABLED,1500,900,1500,N/A,DISABLED,53,914,1680,N/A,ENABLED,53,914,1680,N/A,ENABLED,53,914,1680,N/A,ENABLED,53,914,1680,N/A,ENABLED,44,711,1400,N/A,ENABLED,44,711,1400,N/A,ENABLED,44,711,1400,N/A,ENABLED,44,711,1400,N/A,ENABLED,N/A,67,64
1744613754,0,682,N/A,N/A,N/A,N/A,ENABLED,2025,500,2100,DISABLED,DISABLED,2014,500,2100,DISABLED,DISABLED,2029,500,2100,DISABLED,DISABLED,2030,500,2100,DISABLED,DISABLED,2031,500,2100,DISABLED,DISABLED,2026,500,2100,DISABLED,DISABLED,2027,500,2100,DISABLED,DISABLED,2031,500,2100,DISABLED,DISABLED,1500,900,1500,N/A,DISABLED,53,914,1680,N/A,ENABLED,53,914,1680,N/A,ENABLED,53,914,1680,N/A,ENABLED,53,914,1680,N/A,ENABLED,44,711,1400,N/A,ENABLED,44,711,1400,N/A,ENABLED,44,711,1400,N/A,ENABLED,44,711,1400,N/A,ENABLED,N/A,67,64
1744613755,0,680,N/A,N/A,N/A,N/A,ENABLED,2020,500,2100,DISABLED,DISABLED,2009,500,2100,DISABLED,DISABLED,2024,500,2100,DISABLED,DISABLED,2024,500,2100,DISABLED,DISABLED,2025,500,2100,DISABLED,DISABLED,2020,500,2100,DISABLED,DISABLED,2023,500,2100,DISABLED,DISABLED,2025,500,2100,DISABLED,DISABLED,1500,900,1500,N/A,DISABLED,53,914,1680,N/A,ENABLED,53,914,1680,N/A,ENABLED,53,914,1680,N/A,ENABLED,53,914,1680,N/A,ENABLED,44,711,1400,N/A,ENABLED,44,711,1400,N/A,ENABLED,44,711,1400,N/A,ENABLED,44,711,1400,N/A,ENABLED,N/A,67,64
1744613757,0,679,N/A,N/A,N/A,N/A,ENABLED,2023,500,2100,DISABLED,DISABLED,2013,500,2100,DISABLED,DISABLED,2028,500,2100,DISABLED,DISABLED,2028,500,2100,DISABLED,DISABLED,2028,500,2100,DISABLED,DISABLED,2023,500,2100,DISABLED,DISABLED,2027,500,2100,DISABLED,DISABLED,2029,500,2100,DISABLED,DISABLED,1500,900,1500,N/A,DISABLED,53,914,1680,N/A,ENABLED,53,914,1680,N/A,ENABLED,53,914,1680,N/A,ENABLED,53,914,1680,N/A,ENABLED,44,711,1400,N/A,ENABLED,44,711,1400,N/A,ENABLED,44,711,1400,N/A,ENABLED,44,711,1400,N/A,ENABLED,N/A,67,64
1744613758,0,680,N/A,N/A,N/A,N/A,ENABLED,2021,500,2100,DISABLED,DISABLED,2010,500,2100,DISABLED,DISABLED,2025,500,2100,DISABLED,DISABLED,2026,500,2100,DISABLED,DISABLED,2027,500,2100,DISABLED,DISABLED,2022,500,2100,DISABLED,DISABLED,2025,500,2100,DISABLED,DISABLED,2026,500,2100,DISABLED,DISABLED,1500,900,1500,N/A,DISABLED,53,914,1680,N/A,ENABLED,53,914,1680,N/A,ENABLED,53,914,1680,N/A,ENABLED,53,914,1680,N/A,ENABLED,44,711,1400,N/A,ENABLED,44,711,1400,N/A,ENABLED,44,711,1400,N/A,ENABLED,44,711,1400,N/A,ENABLED,N/A,67,65
1744613759,0,681,N/A,N/A,N/A,N/A,ENABLED,2022,500,2100,DISABLED,DISABLED,2012,500,2100,DISABLED,DISABLED,2027,500,2100,DISABLED,DISABLED,2027,500,2100,DISABLED,DISABLED,2029,500,2100,DISABLED,DISABLED,2023,500,2100,DISABLED,DISABLED,2026,500,2100,DISABLED,DISABLED,2029,500,2100,DISABLED,DISABLED,1500,900,1500,N/A,DISABLED,53,914,1680,N/A,ENABLED,53,914,1680,N/A,ENABLED,53,914,1680,N/A,ENABLED,53,914,1680,N/A,ENABLED,44,711,1400,N/A,ENABLED,44,711,1400,N/A,ENABLED,44,711,1400,N/A,ENABLED,44,711,1400,N/A,ENABLED,N/A,67,64
1744613760,0,681,N/A,N/A,N/A,N/A,ENABLED,2022,500,2100,DISABLED,DISABLED,2012,500,2100,DISABLED,DISABLED,2027,500,2100,DISABLED,DISABLED,2027,500,2100,DISABLED,DISABLED,2029,500,2100,DISABLED,DISABLED,2022,500,2100,DISABLED,DISABLED,2026,500,2100,DISABLED,DISABLED,2028,500,2100,DISABLED,DISABLED,1500,900,1500,N/A,DISABLED,53,914,1680,N/A,ENABLED,53,914,1680,N/A,ENABLED,53,914,1680,N/A,ENABLED,53,914,1680,N/A,ENABLED,44,711,1400,N/A,ENABLED,44,711,1400,N/A,ENABLED,44,711,1400,N/A,ENABLED,44,711,1400,N/A,ENABLED,N/A,67,65
1744613761,0,680,N/A,N/A,N/A,N/A,ENABLED,2020,500,2100,DISABLED,DISABLED,2010,500,2100,DISABLED,DISABLED,2025,500,2100,DISABLED,DISABLED,2024,500,2100,DISABLED,DISABLED,2026,500,2100,DISABLED,DISABLED,2020,500,2100,DISABLED,DISABLED,2024,500,2100,DISABLED,DISABLED,2026,500,2100,DISABLED,DISABLED,1500,900,1500,N/A,DISABLED,53,914,1680,N/A,ENABLED,53,914,1680,N/A,ENABLED,53,914,1680,N/A,ENABLED,53,914,1680,N/A,ENABLED,44,711,1400,N/A,ENABLED,44,711,1400,N/A,ENABLED,44,711,1400,N/A,ENABLED,44,711,1400,N/A,ENABLED,N/A,68,65
1744613762,0,679,N/A,N/A,N/A,N/A,ENABLED,2018,500,2100,DISABLED,DISABLED,2008,500,2100,DISABLED,DISABLED,2024,500,2100,DISABLED,DISABLED,2023,500,2100,DISABLED,DISABLED,2024,500,2100,DISABLED,DISABLED,2018,500,2100,DISABLED,DISABLED,2022,500,2100,DISABLED,DISABLED,2024,500,2100,DISABLED,DISABLED,1500,900,1500,N/A,DISABLED,53,914,1680,N/A,ENABLED,53,914,1680,N/A,ENABLED,53,914,1680,N/A,ENABLED,53,914,1680,N/A,ENABLED,44,711,1400,N/A,ENABLED,44,711,1400,N/A,ENABLED,44,711,1400,N/A,ENABLED,44,711,1400,N/A,ENABLED,N/A,68,65
1744613764,0,682,N/A,N/A,N/A,N/A,ENABLED,2023,500,2100,DISABLED,DISABLED,2013,500,2100,DISABLED,DISABLED,2028,500,2100,DISABLED,DISABLED,2028,500,2100,DISABLED,DISABLED,2029,500,2100,DISABLED,DISABLED,2023,500,2100,DISABLED,DISABLED,2026,500,2100,DISABLED,DISABLED,2028,500,2100,DISABLED,DISABLED,1500,900,1500,N/A,DISABLED,53,914,1680,N/A,ENABLED,53,914,1680,N/A,ENABLED,53,914,1680,N/A,ENABLED,53,914,1680,N/A,ENABLED,44,711,1400,N/A,ENABLED,44,711,1400,N/A,ENABLED,44,711,1400,N/A,ENABLED,44,711,1400,N/A,ENABLED,N/A,68,65
1744613765,0,686,N/A,N/A,N/A,N/A,ENABLED,2024,500,2100,DISABLED,DISABLED,2014,500,2100,DISABLED,DISABLED,2029,500,2100,DISABLED,DISABLED,2028,500,2100,DISABLED,DISABLED,2031,500,2100,DISABLED,DISABLED,2024,500,2100,DISABLED,DISABLED,2028,500,2100,DISABLED,DISABLED,2030,500,2100,DISABLED,DISABLED,1500,900,1500,N/A,DISABLED,53,914,1680,N/A,ENABLED,53,914,1680,N/A,ENABLED,53,914,1680,N/A,ENABLED,53,914,1680,N/A,ENABLED,44,711,1400,N/A,ENABLED,44,711,1400,N/A,ENABLED,44,711,1400,N/A,ENABLED,44,711,1400,N/A,ENABLED,N/A,68,65
1744613766,0,682,N/A,N/A,N/A,N/A,ENABLED,2021,500,2100,DISABLED,DISABLED,2011,500,2100,DISABLED,DISABLED,2027,500,2100,DISABLED,DISABLED,2026,500,2100,DISABLED,DISABLED,2029,500,2100,DISABLED,DISABLED,2022,500,2100,DISABLED,DISABLED,2026,500,2100,DISABLED,DISABLED,2028,500,2100,DISABLED,DISABLED,1500,900,1500,N/A,DISABLED,53,914,1680,N/A,ENABLED,53,914,1680,N/A,ENABLED,53,914,1680,N/A,ENABLED,53,914,1680,N/A,ENABLED,44,711,1400,N/A,ENABLED,44,711,1400,N/A,ENABLED,44,711,1400,N/A,ENABLED,44,711,1400,N/A,ENABLED,N/A,68,65
1744613767,0,683,N/A,N/A,N/A,N/A,ENABLED,2021,500,2100,DISABLED,DISABLED,2011,500,2100,DISABLED,DISABLED,2028,500,2100,DISABLED,DISABLED,2027,500,2100,DISABLED,DISABLED,2028,500,2100,DISABLED,DISABLED,2022,500,2100,DISABLED,DISABLED,2026,500,2100,DISABLED,DISABLED,2028,500,2100,DISABLED,DISABLED,1500,900,1500,N/A,DISABLED,53,914,1680,N/A,ENABLED,53,914,1680,N/A,ENABLED,53,914,1680,N/A,ENABLED,53,914,1680,N/A,ENABLED,44,711,1400,N/A,ENABLED,44,711,1400,N/A,ENABLED,44,711,1400,N/A,ENABLED,44,711,1400,N/A,ENABLED,N/A,68,65
1744613768,0,680,N/A,N/A,N/A,N/A,ENABLED,2020,500,2100,DISABLED,DISABLED,2011,500,2100,DISABLED,DISABLED,2026,500,2100,DISABLED,DISABLED,2024,500,2100,DISABLED,DISABLED,2026,500,2100,DISABLED,DISABLED,2021,500,2100,DISABLED,DISABLED,2024,500,2100,DISABLED,DISABLED,2026,500,2100,DISABLED,DISABLED,1500,900,1500,N/A,DISABLED,53,914,1680,N/A,ENABLED,53,914,1680,N/A,ENABLED,53,914,1680,N/A,ENABLED,53,914,1680,N/A,ENABLED,44,711,1400,N/A,ENABLED,44,711,1400,N/A,ENABLED,44,711,1400,N/A,ENABLED,44,711,1400,N/A,ENABLED,N/A,68,65
1744613770,0,680,N/A,N/A,N/A,N/A,ENABLED,2019,500,2100,DISABLED,DISABLED,2008,500,2100,DISABLED,DISABLED,2025,500,2100,DISABLED,DISABLED,2025,500,2100,DISABLED,DISABLED,2026,500,2100,DISABLED,DISABLED,2020,500,2100,DISABLED,DISABLED,2024,500,2100,DISABLED,DISABLED,2026,500,2100,DISABLED,DISABLED,1500,900,1500,N/A,DISABLED,53,914,1680,N/A,ENABLED,53,914,1680,N/A,ENABLED,53,914,1680,N/A,ENABLED,53,914,1680,N/A,ENABLED,44,711,1400,N/A,ENABLED,44,711,1400,N/A,ENABLED,44,711,1400,N/A,ENABLED,44,711,1400,N/A,ENABLED,N/A,68,65
1744613771,0,681,N/A,N/A,N/A,N/A,ENABLED,2023,500,2100,DISABLED,DISABLED,2013,500,2100,DISABLED,DISABLED,2029,500,2100,DISABLED,DISABLED,2028,500,2100,DISABLED,DISABLED,2031,500,2100,DISABLED,DISABLED,2024,500,2100,DISABLED,DISABLED,2027,500,2100,DISABLED,DISABLED,2030,500,2100,DISABLED,DISABLED,1500,900,1500,N/A,DISABLED,53,914,1680,N/A,ENABLED,53,914,1680,N/A,ENABLED,53,914,1680,N/A,ENABLED,53,914,1680,N/A,ENABLED,44,711,1400,N/A,ENABLED,44,711,1400,N/A,ENABLED,44,711,1400,N/A,ENABLED,44,711,1400,N/A,ENABLED,N/A,68,65
1744613772,0,680,N/A,N/A,N/A,N/A,ENABLED,2017,500,2100,DISABLED,DISABLED,2006,500,2100,DISABLED,DISABLED,2022,500,2100,DISABLED,DISABLED,2020,500,2100,DISABLED,DISABLED,2023,500,2100,DISABLED,DISABLED,2016,500,2100,DISABLED,DISABLED,2020,500,2100,DISABLED,DISABLED,2022,500,2100,DISABLED,DISABLED,1500,900,1500,N/A,DISABLED,53,914,1680,N/A,ENABLED,53,914,1680,N/A,ENABLED,53,914,1680,N/A,ENABLED,53,914,1680,N/A,ENABLED,44,711,1400,N/A,ENABLED,44,711,1400,N/A,ENABLED,44,711,1400,N/A,ENABLED,44,711,1400,N/A,ENABLED,N/A,68,65
1744613773,0,677,N/A,N/A,N/A,N/A,ENABLED,2012,500,2100,DISABLED,DISABLED,2003,500,2100,DISABLED,DISABLED,2018,500,2100,DISABLED,DISABLED,2017,500,2100,DISABLED,DISABLED,2019,500,2100,DISABLED,DISABLED,2013,500,2100,DISABLED,DISABLED,2016,500,2100,DISABLED,DISABLED,2018,500,2100,DISABLED,DISABLED,1500,900,1500,N/A,DISABLED,53,914,1680,N/A,ENABLED,53,914,1680,N/A,ENABLED,53,914,1680,N/A,ENABLED,53,914,1680,N/A,ENABLED,44,711,1400,N/A,ENABLED,44,711,1400,N/A,ENABLED,44,711,1400,N/A,ENABLED,44,711,1400,N/A,ENABLED,N/A,68,65
1744613774,0,682,N/A,N/A,N/A,N/A,ENABLED,2021,500,2100,DISABLED,DISABLED,2011,500,2100,DISABLED,DISABLED,2026,500,2100,DISABLED,DISABLED,2026,500,2100,DISABLED,DISABLED,2027,500,2100,DISABLED,DISABLED,2022,500,2100,DISABLED,DISABLED,2025,500,2100,DISABLED,DISABLED,2027,500,2100,DISABLED,DISABLED,1500,900,1500,N/A,DISABLED,53,914,1680,N/A,ENABLED,53,914,1680,N/A,ENABLED,53,914,1680,N/A,ENABLED,53,914,1680,N/A,ENABLED,44,711,1400,N/A,ENABLED,44,711,1400,N/A,ENABLED,44,711,1400,N/A,ENABLED,44,711,1400,N/A,ENABLED,N/A,68,65
1744613775,0,680,N/A,N/A,N/A,N/A,ENABLED,2020,500,2100,DISABLED,DISABLED,2009,500,2100,DISABLED,DISABLED,2026,500,2100,DISABLED,DISABLED,2023,500,2100,DISABLED,DISABLED,2026,500,2100,DISABLED,DISABLED,2020,500,2100,DISABLED,DISABLED,2024,500,2100,DISABLED,DISABLED,2026,500,2100,DISABLED,DISABLED,1500,900,1500,N/A,DISABLED,53,914,1680,N/A,ENABLED,53,914,1680,N/A,ENABLED,53,914,1680,N/A,ENABLED,53,914,1680,N/A,ENABLED,44,711,1400,N/A,ENABLED,44,711,1400,N/A,ENABLED,44,711,1400,N/A,ENABLED,44,711,1400,N/A,ENABLED,N/A,68,65
1744613777,0,681,N/A,N/A,N/A,N/A,ENABLED,2024,500,2100,DISABLED,DISABLED,2013,500,2100,DISABLED,DISABLED,2029,500,2100,DISABLED,DISABLED,2027,500,2100,DISABLED,DISABLED,2029,500,2100,DISABLED,DISABLED,2024,500,2100,DISABLED,DISABLED,2027,500,2100,DISABLED,DISABLED,2030,500,2100,DISABLED,DISABLED,1500,900,1500,N/A,DISABLED,53,914,1680,N/A,ENABLED,53,914,1680,N/A,ENABLED,53,914,1680,N/A,ENABLED,53,914,1680,N/A,ENABLED,44,711,1400,N/A,ENABLED,44,711,1400,N/A,ENABLED,44,711,1400,N/A,ENABLED,44,711,1400,N/A,ENABLED,N/A,68,65
1744613778,0,681,N/A,N/A,N/A,N/A,ENABLED,2020,500,2100,DISABLED,DISABLED,2009,500,2100,DISABLED,DISABLED,2025,500,2100,DISABLED,DISABLED,2024,500,2100,DISABLED,DISABLED,2026,500,2100,DISABLED,DISABLED,2020,500,2100,DISABLED,DISABLED,2024,500,2100,DISABLED,DISABLED,2026,500,2100,DISABLED,DISABLED,1500,900,1500,N/A,DISABLED,53,914,1680,N/A,ENABLED,53,914,1680,N/A,ENABLED,53,914,1680,N/A,ENABLED,53,914,1680,N/A,ENABLED,44,711,1400,N/A,ENABLED,44,711,1400,N/A,ENABLED,44,711,1400,N/A,ENABLED,44,711,1400,N/A,ENABLED,N/A,68,65
1744613779,0,674,N/A,N/A,N/A,N/A,ENABLED,2015,500,2100,DISABLED,DISABLED,2005,500,2100,DISABLED,DISABLED,2021,500,2100,DISABLED,DISABLED,2019,500,2100,DISABLED,DISABLED,2021,500,2100,DISABLED,DISABLED,2016,500,2100,DISABLED,DISABLED,2020,500,2100,DISABLED,DISABLED,2021,500,2100,DISABLED,DISABLED,1500,900,1500,N/A,DISABLED,53,914,1680,N/A,ENABLED,53,914,1680,N/A,ENABLED,53,914,1680,N/A,ENABLED,53,914,1680,N/A,ENABLED,44,711,1400,N/A,ENABLED,44,711,1400,N/A,ENABLED,44,711,1400,N/A,ENABLED,44,711,1400,N/A,ENABLED,N/A,68,65
1744613780,0,680,N/A,N/A,N/A,N/A,ENABLED,2020,500,2100,DISABLED,DISABLED,2010,500,2100,DISABLED,DISABLED,2026,500,2100,DISABLED,DISABLED,2024,500,2100,DISABLED,DISABLED,2026,500,2100,DISABLED,DISABLED,2020,500,2100,DISABLED,DISABLED,2024,500,2100,DISABLED,DISABLED,2027,500,2100,DISABLED,DISABLED,1500,900,1500,N/A,DISABLED,53,914,1680,N/A,ENABLED,53,914,1680,N/A,ENABLED,53,914,1680,N/A,ENABLED,53,914,1680,N/A,ENABLED,44,711,1400,N/A,ENABLED,44,711,1400,N/A,ENABLED,44,711,1400,N/A,ENABLED,44,711,1400,N/A,ENABLED,N/A,68,65
1744613781,0,680,N/A,N/A,N/A,N/A,ENABLED,2020,500,2100,DISABLED,DISABLED,2010,500,2100,DISABLED,DISABLED,2025,500,2100,DISABLED,DISABLED,2023,500,2100,DISABLED,DISABLED,2026,500,2100,DISABLED,DISABLED,2020,500,2100,DISABLED,DISABLED,2024,500,2100,DISABLED,DISABLED,2026,500,2100,DISABLED,DISABLED,1500,900,1500,N/A,DISABLED,53,914,1680,N/A,ENABLED,53,914,1680,N/A,ENABLED,53,914,1680,N/A,ENABLED,53,914,1680,N/A,ENABLED,44,711,1400,N/A,ENABLED,44,711,1400,N/A,ENABLED,44,711,1400,N/A,ENABLED,44,711,1400,N/A,ENABLED,N/A,68,65
1744613782,0,686,N/A,N/A,N/A,N/A,ENABLED,2026,500,2100,DISABLED,DISABLED,2016,500,2100,DISABLED,DISABLED,2032,500,2100,DISABLED,DISABLED,2031,500,2100,DISABLED,DISABLED,2033,500,2100,DISABLED,DISABLED,2027,500,2100,DISABLED,DISABLED,2030,500,2100,DISABLED,DISABLED,2032,500,2100,DISABLED,DISABLED,1500,900,1500,N/A,DISABLED,53,914,1680,N/A,ENABLED,53,914,1680,N/A,ENABLED,53,914,1680,N/A,ENABLED,53,914,1680,N/A,ENABLED,44,711,1400,N/A,ENABLED,44,711,1400,N/A,ENABLED,44,711,1400,N/A,ENABLED,44,711,1400,N/A,ENABLED,N/A,68,65
1744613784,0,680,N/A,N/A,N/A,N/A,ENABLED,2019,500,2100,DISABLED,DISABLED,2009,500,2100,DISABLED,DISABLED,2024,500,2100,DISABLED,DISABLED,2024,500,2100,DISABLED,DISABLED,2026,500,2100,DISABLED,DISABLED,2020,500,2100,DISABLED,DISABLED,2022,500,2100,DISABLED,DISABLED,2026,500,2100,DISABLED,DISABLED,1500,900,1500,N/A,DISABLED,53,914,1680,N/A,ENABLED,53,914,1680,N/A,ENABLED,53,914,1680,N/A,ENABLED,53,914,1680,N/A,ENABLED,44,711,1400,N/A,ENABLED,44,711,1400,N/A,ENABLED,44,711,1400,N/A,ENABLED,44,711,1400,N/A,ENABLED,N/A,68,65
1744613785,0,678,N/A,N/A,N/A,N/A,ENABLED,2016,500,2100,DISABLED,DISABLED,2006,500,2100,DISABLED,DISABLED,2022,500,2100,DISABLED,DISABLED,2020,500,2100,DISABLED,DISABLED,2023,500,2100,DISABLED,DISABLED,2017,500,2100,DISABLED,DISABLED,2019,500,2100,DISABLED,DISABLED,2023,500,2100,DISABLED,DISABLED,1500,900,1500,N/A,DISABLED,53,914,1680,N/A,ENABLED,53,914,1680,N/A,ENABLED,53,914,1680,N/A,ENABLED,53,914,1680,N/A,ENABLED,44,711,1400,N/A,ENABLED,44,711,1400,N/A,ENABLED,44,711,1400,N/A,ENABLED,44,711,1400,N/A,ENABLED,N/A,68,65
1744613786,0,681,N/A,N/A,N/A,N/A,ENABLED,2019,500,2100,DISABLED,DISABLED,2009,500,2100,DISABLED,DISABLED,2025,500,2100,DISABLED,DISABLED,2024,500,2100,DISABLED,DISABLED,2026,500,2100,DISABLED,DISABLED,2019,500,2100,DISABLED,DISABLED,2022,500,2100,DISABLED,DISABLED,2025,500,2100,DISABLED,DISABLED,1500,900,1500,N/A,DISABLED,53,914,1680,N/A,ENABLED,53,914,1680,N/A,ENABLED,53,914,1680,N/A,ENABLED,53,914,1680,N/A,ENABLED,44,711,1400,N/A,ENABLED,44,711,1400,N/A,ENABLED,44,711,1400,N/A,ENABLED,44,711,1400,N/A,ENABLED,N/A,68,65
1744613787,0,679,N/A,N/A,N/A,N/A,ENABLED,2013,500,2100,DISABLED,DISABLED,2003,500,2100,DISABLED,DISABLED,2019,500,2100,DISABLED,DISABLED,2017,500,2100,DISABLED,DISABLED,2020,500,2100,DISABLED,DISABLED,2013,500,2100,DISABLED,DISABLED,2016,500,2100,DISABLED,DISABLED,2019,500,2100,DISABLED,DISABLED,1500,900,1500,N/A,DISABLED,53,914,1680,N/A,ENABLED,53,914,1680,N/A,ENABLED,53,914,1680,N/A,ENABLED,53,914,1680,N/A,ENABLED,44,711,1400,N/A,ENABLED,44,711,1400,N/A,ENABLED,44,711,1400,N/A,ENABLED,44,711,1400,N/A,ENABLED,N/A,68,65
1744613788,0,680,N/A,N/A,N/A,N/A,ENABLED,2018,500,2100,DISABLED,DISABLED,2007,500,2100,DISABLED,DISABLED,2023,500,2100,DISABLED,DISABLED,2021,500,2100,DISABLED,DISABLED,2024,500,2100,DISABLED,DISABLED,2017,500,2100,DISABLED,DISABLED,2021,500,2100,DISABLED,DISABLED,2023,500,2100,DISABLED,DISABLED,1500,900,1500,N/A,DISABLED,53,914,1680,N/A,ENABLED,53,914,1680,N/A,ENABLED,53,914,1680,N/A,ENABLED,53,914,1680,N/A,ENABLED,44,711,1400,N/A,ENABLED,44,711,1400,N/A,ENABLED,44,711,1400,N/A,ENABLED,44,711,1400,N/A,ENABLED,N/A,68,66
1744613790,0,682,N/A,N/A,N/A,N/A,ENABLED,2015,500,2100,DISABLED,DISABLED,2005,500,2100,DISABLED,DISABLED,2021,500,2100,DISABLED,DISABLED,2019,500,2100,DISABLED,DISABLED,2021,500,2100,DISABLED,DISABLED,2014,500,2100,DISABLED,DISABLED,2018,500,2100,DISABLED,DISABLED,2021,500,2100,DISABLED,DISABLED,1500,900,1500,N/A,DISABLED,53,914,1680,N/A,ENABLED,53,914,1680,N/A,ENABLED,53,914,1680,N/A,ENABLED,53,914,1680,N/A,ENABLED,44,711,1400,N/A,ENABLED,44,711,1400,N/A,ENABLED,44,711,1400,N/A,ENABLED,44,711,1400,N/A,ENABLED,N/A,68,66
1744613791,0,681,N/A,N/A,N/A,N/A,ENABLED,2020,500,2100,DISABLED,DISABLED,2010,500,2100,DISABLED,DISABLED,2025,500,2100,DISABLED,DISABLED,2024,500,2100,DISABLED,DISABLED,2026,500,2100,DISABLED,DISABLED,2019,500,2100,DISABLED,DISABLED,2023,500,2100,DISABLED,DISABLED,2026,500,2100,DISABLED,DISABLED,1500,900,1500,N/A,DISABLED,53,914,1680,N/A,ENABLED,53,914,1680,N/A,ENABLED,53,914,1680,N/A,ENABLED,53,914,1680,N/A,ENABLED,44,711,1400,N/A,ENABLED,44,711,1400,N/A,ENABLED,44,711,1400,N/A,ENABLED,44,711,1400,N/A,ENABLED,N/A,68,66
1744613792,0,684,N/A,N/A,N/A,N/A,ENABLED,2017,500,2100,DISABLED,DISABLED,2007,500,2100,DISABLED,DISABLED,2023,500,2100,DISABLED,DISABLED,2021,500,2100,DISABLED,DISABLED,2023,500,2100,DISABLED,DISABLED,2017,500,2100,DISABLED,DISABLED,2021,500,2100,DISABLED,DISABLED,2023,500,2100,DISABLED,DISABLED,1500,900,1500,N/A,DISABLED,53,914,1680,N/A,ENABLED,53,914,1680,N/A,ENABLED,53,914,1680,N/A,ENABLED,53,914,1680,N/A,ENABLED,44,711,1400,N/A,ENABLED,44,711,1400,N/A,ENABLED,44,711,1400,N/A,ENABLED,44,711,1400,N/A,ENABLED,N/A,68,66
1744613793,0,683,N/A,N/A,N/A,N/A,ENABLED,2015,500,2100,DISABLED,DISABLED,2005,500,2100,DISABLED,DISABLED,2021,500,2100,DISABLED,DISABLED,2019,500,2100,DISABLED,DISABLED,2021,500,2100,DISABLED,DISABLED,2015,500,2100,DISABLED,DISABLED,2018,500,2100,DISABLED,DISABLED,2022,500,2100,DISABLED,DISABLED,1500,900,1500,N/A,DISABLED,53,914,1680,N/A,ENABLED,53,914,1680,N/A,ENABLED,53,914,1680,N/A,ENABLED,53,914,1680,N/A,ENABLED,44,711,1400,N/A,ENABLED,44,711,1400,N/A,ENABLED,44,711,1400,N/A,ENABLED,44,711,1400,N/A,ENABLED,N/A,68,66
1744613794,0,681,N/A,N/A,N/A,N/A,ENABLED,2017,500,2100,DISABLED,DISABLED,2007,500,2100,DISABLED,DISABLED,2022,500,2100,DISABLED,DISABLED,2021,500,2100,DISABLED,DISABLED,2023,500,2100,DISABLED,DISABLED,2017,500,2100,DISABLED,DISABLED,2020,500,2100,DISABLED,DISABLED,2022,500,2100,DISABLED,DISABLED,1500,900,1500,N/A,DISABLED,53,914,1680,N/A,ENABLED,53,914,1680,N/A,ENABLED,53,914,1680,N/A,ENABLED,53,914,1680,N/A,ENABLED,44,711,1400,N/A,ENABLED,44,711,1400,N/A,ENABLED,44,711,1400,N/A,ENABLED,44,711,1400,N/A,ENABLED,N/A,69,66
1744613795,0,686,N/A,N/A,N/A,N/A,ENABLED,2019,500,2100,DISABLED,DISABLED,2009,500,2100,DISABLED,DISABLED,2025,500,2100,DISABLED,DISABLED,2024,500,2100,DISABLED,DISABLED,2025,500,2100,DISABLED,DISABLED,2019,500,2100,DISABLED,DISABLED,2023,500,2100,DISABLED,DISABLED,2026,500,2100,DISABLED,DISABLED,1500,900,1500,N/A,DISABLED,53,914,1680,N/A,ENABLED,53,914,1680,N/A,ENABLED,53,914,1680,N/A,ENABLED,53,914,1680,N/A,ENABLED,44,711,1400,N/A,ENABLED,44,711,1400,N/A,ENABLED,44,711,1400,N/A,ENABLED,44,711,1400,N/A,ENABLED,N/A,69,66
1744613797,0,686,N/A,N/A,N/A,N/A,ENABLED,2019,500,2100,DISABLED,DISABLED,2010,500,2100,DISABLED,DISABLED,2025,500,2100,DISABLED,DISABLED,2025,500,2100,DISABLED,DISABLED,2025,500,2100,DISABLED,DISABLED,2020,500,2100,DISABLED,DISABLED,2024,500,2100,DISABLED,DISABLED,2026,500,2100,DISABLED,DISABLED,1500,900,1500,N/A,DISABLED,53,914,1680,N/A,ENABLED,53,914,1680,N/A,ENABLED,53,914,1680,N/A,ENABLED,53,914,1680,N/A,ENABLED,44,711,1400,N/A,ENABLED,44,711,1400,N/A,ENABLED,44,711,1400,N/A,ENABLED,44,711,1400,N/A,ENABLED,N/A,69,66
1744613798,0,689,N/A,N/A,N/A,N/A,ENABLED,2023,500,2100,DISABLED,DISABLED,2014,500,2100,DISABLED,DISABLED,2029,500,2100,DISABLED,DISABLED,2028,500,2100,DISABLED,DISABLED,2030,500,2100,DISABLED,DISABLED,2024,500,2100,DISABLED,DISABLED,2028,500,2100,DISABLED,DISABLED,2030,500,2100,DISABLED,DISABLED,1500,900,1500,N/A,DISABLED,53,914,1680,N/A,ENABLED,53,914,1680,N/A,ENABLED,53,914,1680,N/A,ENABLED,53,914,1680,N/A,ENABLED,44,711,1400,N/A,ENABLED,44,711,1400,N/A,ENABLED,44,711,1400,N/A,ENABLED,44,711,1400,N/A,ENABLED,N/A,69,66
1744613799,0,680,N/A,N/A,N/A,N/A,ENABLED,2013,500,2100,DISABLED,DISABLED,2004,500,2100,DISABLED,DISABLED,2020,500,2100,DISABLED,DISABLED,2019,500,2100,DISABLED,DISABLED,2020,500,2100,DISABLED,DISABLED,2014,500,2100,DISABLED,DISABLED,2017,500,2100,DISABLED,DISABLED,2019,500,2100,DISABLED,DISABLED,1500,900,1500,N/A,DISABLED,53,914,1680,N/A,ENABLED,53,914,1680,N/A,ENABLED,53,914,1680,N/A,ENABLED,53,914,1680,N/A,ENABLED,44,711,1400,N/A,ENABLED,44,711,1400,N/A,ENABLED,44,711,1400,N/A,ENABLED,44,711,1400,N/A,ENABLED,N/A,69,66
1744613800,0,686,N/A,N/A,N/A,N/A,ENABLED,2018,500,2100,DISABLED,DISABLED,2008,500,2100,DISABLED,DISABLED,2022,500,2100,DISABLED,DISABLED,2021,500,2100,DISABLED,DISABLED,2023,500,2100,DISABLED,DISABLED,2017,500,2100,DISABLED,DISABLED,2021,500,2100,DISABLED,DISABLED,2022,500,2100,DISABLED,DISABLED,1500,900,1500,N/A,DISABLED,53,914,1680,N/A,ENABLED,53,914,1680,N/A,ENABLED,53,914,1680,N/A,ENABLED,53,914,1680,N/A,ENABLED,44,711,1400,N/A,ENABLED,44,711,1400,N/A,ENABLED,44,711,1400,N/A,ENABLED,44,711,1400,N/A,ENABLED,N/A,69,66
1744613801,0,682,N/A,N/A,N/A,N/A,ENABLED,2014,500,2100,DISABLED,DISABLED,2004,500,2100,DISABLED,DISABLED,2020,500,2100,DISABLED,DISABLED,2019,500,2100,DISABLED,DISABLED,2021,500,2100,DISABLED,DISABLED,2014,500,2100,DISABLED,DISABLED,2017,500,2100,DISABLED,DISABLED,2019,500,2100,DISABLED,DISABLED,1500,900,1500,N/A,DISABLED,53,914,1680,N/A,ENABLED,53,914,1680,N/A,ENABLED,53,914,1680,N/A,ENABLED,53,914,1680,N/A,ENABLED,44,711,1400,N/A,ENABLED,44,711,1400,N/A,ENABLED,44,711,1400,N/A,ENABLED,44,711,1400,N/A,ENABLED,N/A,69,66
1744613803,0,681,N/A,N/A,N/A,N/A,ENABLED,2011,500,2100,DISABLED,DISABLED,2001,500,2100,DISABLED,DISABLED,2017,500,2100,DISABLED,DISABLED,2016,500,2100,DISABLED,DISABLED,2018,500,2100,DISABLED,DISABLED,2012,500,2100,DISABLED,DISABLED,2015,500,2100,DISABLED,DISABLED,2017,500,2100,DISABLED,DISABLED,1500,900,1500,N/A,DISABLED,53,914,1680,N/A,ENABLED,53,914,1680,N/A,ENABLED,53,914,1680,N/A,ENABLED,53,914,1680,N/A,ENABLED,44,711,1400,N/A,ENABLED,44,711,1400,N/A,ENABLED,44,711,1400,N/A,ENABLED,44,711,1400,N/A,ENABLED,N/A,69,67
1744613804,0,685,N/A,N/A,N/A,N/A,ENABLED,2017,500,2100,DISABLED,DISABLED,2007,500,2100,DISABLED,DISABLED,2022,500,2100,DISABLED,DISABLED,2022,500,2100,DISABLED,DISABLED,2024,500,2100,DISABLED,DISABLED,2018,500,2100,DISABLED,DISABLED,2022,500,2100,DISABLED,DISABLED,2023,500,2100,DISABLED,DISABLED,1500,900,1500,N/A,DISABLED,53,914,1680,N/A,ENABLED,53,914,1680,N/A,ENABLED,53,914,1680,N/A,ENABLED,53,914,1680,N/A,ENABLED,44,711,1400,N/A,ENABLED,44,711,1400,N/A,ENABLED,44,711,1400,N/A,ENABLED,44,711,1400,N/A,ENABLED,N/A,69,66
1744613805,0,683,N/A,N/A,N/A,N/A,ENABLED,2013,500,2100,DISABLED,DISABLED,2003,500,2100,DISABLED,DISABLED,2019,500,2100,DISABLED,DISABLED,2018,500,2100,DISABLED,DISABLED,2019,500,2100,DISABLED,DISABLED,2014,500,2100,DISABLED,DISABLED,2018,500,2100,DISABLED,DISABLED,2019,500,2100,DISABLED,DISABLED,1500,900,1500,N/A,DISABLED,53,914,1680,N/A,ENABLED,53,914,1680,N/A,ENABLED,53,914,1680,N/A,ENABLED,53,914,1680,N/A,ENABLED,44,711,1400,N/A,ENABLED,44,711,1400,N/A,ENABLED,44,711,1400,N/A,ENABLED,44,711,1400,N/A,ENABLED,N/A,69,67
1744613806,0,686,N/A,N/A,N/A,N/A,ENABLED,2017,500,2100,DISABLED,DISABLED,2007,500,2100,DISABLED,DISABLED,2022,500,2100,DISABLED,DISABLED,2022,500,2100,DISABLED,DISABLED,2023,500,2100,DISABLED,DISABLED,2017,500,2100,DISABLED,DISABLED,2021,500,2100,DISABLED,DISABLED,2023,500,2100,DISABLED,DISABLED,1500,900,1500,N/A,DISABLED,53,914,1680,N/A,ENABLED,53,914,1680,N/A,ENABLED,53,914,1680,N/A,ENABLED,53,914,1680,N/A,ENABLED,44,711,1400,N/A,ENABLED,44,711,1400,N/A,ENABLED,44,711,1400,N/A,ENABLED,44,711,1400,N/A,ENABLED,N/A,70,68
1744613807,0,690,N/A,N/A,N/A,N/A,ENABLED,2026,500,2100,DISABLED,DISABLED,2015,500,2100,DISABLED,DISABLED,2031,500,2100,DISABLED,DISABLED,2029,500,2100,DISABLED,DISABLED,2032,500,2100,DISABLED,DISABLED,2025,500,2100,DISABLED,DISABLED,2030,500,2100,DISABLED,DISABLED,2031,500,2100,DISABLED,DISABLED,1500,900,1500,N/A,DISABLED,53,914,1680,N/A,ENABLED,53,914,1680,N/A,ENABLED,53,914,1680,N/A,ENABLED,53,914,1680,N/A,ENABLED,44,711,1400,N/A,ENABLED,44,711,1400,N/A,ENABLED,44,711,1400,N/A,ENABLED,44,711,1400,N/A,ENABLED,N/A,70,67
1744613808,0,681,N/A,N/A,N/A,N/A,ENABLED,2013,500,2100,DISABLED,DISABLED,2003,500,2100,DISABLED,DISABLED,2017,500,2100,DISABLED,DISABLED,2017,500,2100,DISABLED,DISABLED,2019,500,2100,DISABLED,DISABLED,2013,500,2100,DISABLED,DISABLED,2016,500,2100,DISABLED,DISABLED,2018,500,2100,DISABLED,DISABLED,1500,900,1500,N/A,DISABLED,53,914,1680,N/A,ENABLED,53,914,1680,N/A,ENABLED,53,914,1680,N/A,ENABLED,53,914,1680,N/A,ENABLED,44,711,1400,N/A,ENABLED,44,711,1400,N/A,ENABLED,44,711,1400,N/A,ENABLED,44,711,1400,N/A,ENABLED,N/A,70,67
1744613810,0,684,N/A,N/A,N/A,N/A,ENABLED,2010,500,2100,DISABLED,DISABLED,1999,500,2100,DISABLED,DISABLED,2015,500,2100,DISABLED,DISABLED,2013,500,2100,DISABLED,DISABLED,2016,500,2100,DISABLED,DISABLED,2009,500,2100,DISABLED,DISABLED,2013,500,2100,DISABLED,DISABLED,2014,500,2100,DISABLED,DISABLED,1500,900,1500,N/A,DISABLED,53,914,1680,N/A,ENABLED,53,914,1680,N/A,ENABLED,53,914,1680,N/A,ENABLED,53,914,1680,N/A,ENABLED,44,711,1400,N/A,ENABLED,44,711,1400,N/A,ENABLED,44,711,1400,N/A,ENABLED,44,711,1400,N/A,ENABLED,N/A,70,67
1744613811,0,682,N/A,N/A,N/A,N/A,ENABLED,2009,500,2100,DISABLED,DISABLED,1999,500,2100,DISABLED,DISABLED,2014,500,2100,DISABLED,DISABLED,2013,500,2100,DISABLED,DISABLED,2016,500,2100,DISABLED,DISABLED,2010,500,2100,DISABLED,DISABLED,2013,500,2100,DISABLED,DISABLED,2014,500,2100,DISABLED,DISABLED,1500,900,1500,N/A,DISABLED,53,914,1680,N/A,ENABLED,53,914,1680,N/A,ENABLED,53,914,1680,N/A,ENABLED,53,914,1680,N/A,ENABLED,44,711,1400,N/A,ENABLED,44,711,1400,N/A,ENABLED,44,711,1400,N/A,ENABLED,44,711,1400,N/A,ENABLED,N/A,70,67
1744613812,0,687,N/A,N/A,N/A,N/A,ENABLED,2013,500,2100,DISABLED,DISABLED,2003,500,2100,DISABLED,DISABLED,2019,500,2100,DISABLED,DISABLED,2017,500,2100,DISABLED,DISABLED,2019,500,2100,DISABLED,DISABLED,2014,500,2100,DISABLED,DISABLED,2017,500,2100,DISABLED,DISABLED,2019,500,2100,DISABLED,DISABLED,1500,900,1500,N/A,DISABLED,53,914,1680,N/A,ENABLED,53,914,1680,N/A,ENABLED,53,914,1680,N/A,ENABLED,53,914,1680,N/A,ENABLED,44,711,1400,N/A,ENABLED,44,711,1400,N/A,ENABLED,44,711,1400,N/A,ENABLED,44,711,1400,N/A,ENABLED,N/A,70,67
1744613813,0,682,N/A,N/A,N/A,N/A,ENABLED,2010,500,2100,DISABLED,DISABLED,2000,500,2100,DISABLED,DISABLED,2015,500,2100,DISABLED,DISABLED,2014,500,2100,DISABLED,DISABLED,2016,500,2100,DISABLED,DISABLED,2011,500,2100,DISABLED,DISABLED,2014,500,2100,DISABLED,DISABLED,2016,500,2100,DISABLED,DISABLED,1500,900,1500,N/A,DISABLED,53,914,1680,N/A,ENABLED,53,914,1680,N/A,ENABLED,53,914,1680,N/A,ENABLED,53,914,1680,N/A,ENABLED,44,711,1400,N/A,ENABLED,44,711,1400,N/A,ENABLED,44,711,1400,N/A,ENABLED,44,711,1400,N/A,ENABLED,N/A,70,67
1744613814,0,683,N/A,N/A,N/A,N/A,ENABLED,2013,500,2100,DISABLED,DISABLED,2002,500,2100,DISABLED,DISABLED,2018,500,2100,DISABLED,DISABLED,2017,500,2100,DISABLED,DISABLED,2019,500,2100,DISABLED,DISABLED,2013,500,2100,DISABLED,DISABLED,2016,500,2100,DISABLED,DISABLED,2018,500,2100,DISABLED,DISABLED,1500,900,1500,N/A,DISABLED,53,914,1680,N/A,ENABLED,53,914,1680,N/A,ENABLED,53,914,1680,N/A,ENABLED,53,914,1680,N/A,ENABLED,44,711,1400,N/A,ENABLED,44,711,1400,N/A,ENABLED,44,711,1400,N/A,ENABLED,44,711,1400,N/A,ENABLED,N/A,70,68
1744613815,0,683,N/A,N/A,N/A,N/A,ENABLED,2011,500,2100,DISABLED,DISABLED,2001,500,2100,DISABLED,DISABLED,2016,500,2100,DISABLED,DISABLED,2015,500,2100,DISABLED,DISABLED,2018,500,2100,DISABLED,DISABLED,2011,500,2100,DISABLED,DISABLED,2014,500,2100,DISABLED,DISABLED,2015,500,2100,DISABLED,DISABLED,1500,900,1500,N/A,DISABLED,53,914,1680,N/A,ENABLED,53,914,1680,N/A,ENABLED,53,914,1680,N/A,ENABLED,53,914,1680,N/A,ENABLED,44,711,1400,N/A,ENABLED,44,711,1400,N/A,ENABLED,44,711,1400,N/A,ENABLED,44,711,1400,N/A,ENABLED,N/A,70,68
1744613817,0,685,N/A,N/A,N/A,N/A,ENABLED,2012,500,2100,DISABLED,DISABLED,2001,500,2100,DISABLED,DISABLED,2016,500,2100,DISABLED,DISABLED,2015,500,2100,DISABLED,DISABLED,2018,500,2100,DISABLED,DISABLED,2012,500,2100,DISABLED,DISABLED,2015,500,2100,DISABLED,DISABLED,2017,500,2100,DISABLED,DISABLED,1500,900,1500,N/A,DISABLED,53,914,1680,N/A,ENABLED,53,914,1680,N/A,ENABLED,53,914,1680,N/A,ENABLED,53,914,1680,N/A,ENABLED,44,711,1400,N/A,ENABLED,44,711,1400,N/A,ENABLED,44,711,1400,N/A,ENABLED,44,711,1400,N/A,ENABLED,N/A,70,68
1744613818,0,683,N/A,N/A,N/A,N/A,ENABLED,2011,500,2100,DISABLED,DISABLED,2001,500,2100,DISABLED,DISABLED,2016,500,2100,DISABLED,DISABLED,2015,500,2100,DISABLED,DISABLED,2018,500,2100,DISABLED,DISABLED,2012,500,2100,DISABLED,DISABLED,2015,500,2100,DISABLED,DISABLED,2016,500,2100,DISABLED,DISABLED,1500,900,1500,N/A,DISABLED,53,914,1680,N/A,ENABLED,53,914,1680,N/A,ENABLED,53,914,1680,N/A,ENABLED,53,914,1680,N/A,ENABLED,44,711,1400,N/A,ENABLED,44,711,1400,N/A,ENABLED,44,711,1400,N/A,ENABLED,44,711,1400,N/A,ENABLED,N/A,70,68
1744613819,0,686,N/A,N/A,N/A,N/A,ENABLED,2012,500,2100,DISABLED,DISABLED,2002,500,2100,DISABLED,DISABLED,2018,500,2100,DISABLED,DISABLED,2016,500,2100,DISABLED,DISABLED,2019,500,2100,DISABLED,DISABLED,2014,500,2100,DISABLED,DISABLED,2016,500,2100,DISABLED,DISABLED,2017,500,2100,DISABLED,DISABLED,1500,900,1500,N/A,DISABLED,53,914,1680,N/A,ENABLED,53,914,1680,N/A,ENABLED,53,914,1680,N/A,ENABLED,53,914,1680,N/A,ENABLED,44,711,1400,N/A,ENABLED,44,711,1400,N/A,ENABLED,44,711,1400,N/A,ENABLED,44,711,1400,N/A,ENABLED,N/A,70,68
1744613820,0,688,N/A,N/A,N/A,N/A,ENABLED,2018,500,2100,DISABLED,DISABLED,2009,500,2100,DISABLED,DISABLED,2024,500,2100,DISABLED,DISABLED,2022,500,2100,DISABLED,DISABLED,2025,500,2100,DISABLED,DISABLED,2019,500,2100,DISABLED,DISABLED,2022,500,2100,DISABLED,DISABLED,2022,500,2100,DISABLED,DISABLED,1500,900,1500,N/A,DISABLED,53,914,1680,N/A,ENABLED,53,914,1680,N/A,ENABLED,53,914,1680,N/A,ENABLED,53,914,1680,N/A,ENABLED,44,711,1400,N/A,ENABLED,44,711,1400,N/A,ENABLED,44,711,1400,N/A,ENABLED,44,711,1400,N/A,ENABLED,N/A,70,68
1744613821,0,689,N/A,N/A,N/A,N/A,ENABLED,2017,500,2100,DISABLED,DISABLED,2007,500,2100,DISABLED,DISABLED,2022,500,2100,DISABLED,DISABLED,2022,500,2100,DISABLED,DISABLED,2024,500,2100,DISABLED,DISABLED,2018,500,2100,DISABLED,DISABLED,2021,500,2100,DISABLED,DISABLED,2022,500,2100,DISABLED,DISABLED,1500,900,1500,N/A,DISABLED,53,914,1680,N/A,ENABLED,53,914,1680,N/A,ENABLED,53,914,1680,N/A,ENABLED,53,914,1680,N/A,ENABLED,44,711,1400,N/A,ENABLED,44,711,1400,N/A,ENABLED,44,711,1400,N/A,ENABLED,44,711,1400,N/A,ENABLED,N/A,70,68
1744613823,0,686,N/A,N/A,N/A,N/A,ENABLED,2015,500,2100,DISABLED,DISABLED,2005,500,2100,DISABLED,DISABLED,2020,500,2100,DISABLED,DISABLED,2019,500,2100,DISABLED,DISABLED,2022,500,2100,DISABLED,DISABLED,2015,500,2100,DISABLED,DISABLED,2018,500,2100,DISABLED,DISABLED,2019,500,2100,DISABLED,DISABLED,1500,900,1500,N/A,DISABLED,53,914,1680,N/A,ENABLED,53,914,1680,N/A,ENABLED,53,914,1680,N/A,ENABLED,53,914,1680,N/A,ENABLED,44,711,1400,N/A,ENABLED,44,711,1400,N/A,ENABLED,44,711,1400,N/A,ENABLED,44,711,1400,N/A,ENABLED,N/A,71,68
1744613824,0,687,N/A,N/A,N/A,N/A,ENABLED,2014,500,2100,DISABLED,DISABLED,2004,500,2100,DISABLED,DISABLED,2019,500,2100,DISABLED,DISABLED,2018,500,2100,DISABLED,DISABLED,2020,500,2100,DISABLED,DISABLED,2014,500,2100,DISABLED,DISABLED,2017,500,2100,DISABLED,DISABLED,2017,500,2100,DISABLED,DISABLED,1500,900,1500,N/A,DISABLED,53,914,1680,N/A,ENABLED,53,914,1680,N/A,ENABLED,53,914,1680,N/A,ENABLED,53,914,1680,N/A,ENABLED,44,711,1400,N/A,ENABLED,44,711,1400,N/A,ENABLED,44,711,1400,N/A,ENABLED,44,711,1400,N/A,ENABLED,N/A,71,68
1744613825,0,686,N/A,N/A,N/A,N/A,ENABLED,2012,500,2100,DISABLED,DISABLED,2002,500,2100,DISABLED,DISABLED,2017,500,2100,DISABLED,DISABLED,2016,500,2100,DISABLED,DISABLED,2018,500,2100,DISABLED,DISABLED,2012,500,2100,DISABLED,DISABLED,2015,500,2100,DISABLED,DISABLED,2016,500,2100,DISABLED,DISABLED,1500,900,1500,N/A,DISABLED,53,914,1680,N/A,ENABLED,53,914,1680,N/A,ENABLED,53,914,1680,N/A,ENABLED,53,914,1680,N/A,ENABLED,44,711,1400,N/A,ENABLED,44,711,1400,N/A,ENABLED,44,711,1400,N/A,ENABLED,44,711,1400,N/A,ENABLED,N/A,71,68
1744613826,0,690,N/A,N/A,N/A,N/A,ENABLED,2021,500,2100,DISABLED,DISABLED,2011,500,2100,DISABLED,DISABLED,2025,500,2100,DISABLED,DISABLED,2025,500,2100,DISABLED,DISABLED,2027,500,2100,DISABLED,DISABLED,2021,500,2100,DISABLED,DISABLED,2024,500,2100,DISABLED,DISABLED,2025,500,2100,DISABLED,DISABLED,1500,900,1500,N/A,DISABLED,53,914,1680,N/A,ENABLED,53,914,1680,N/A,ENABLED,53,914,1680,N/A,ENABLED,53,914,1680,N/A,ENABLED,44,711,1400,N/A,ENABLED,44,711,1400,N/A,ENABLED,44,711,1400,N/A,ENABLED,44,711,1400,N/A,ENABLED,N/A,71,68
1744613827,0,684,N/A,N/A,N/A,N/A,ENABLED,2011,500,2100,DISABLED,DISABLED,2001,500,2100,DISABLED,DISABLED,2016,500,2100,DISABLED,DISABLED,2015,500,2100,DISABLED,DISABLED,2017,500,2100,DISABLED,DISABLED,2011,500,2100,DISABLED,DISABLED,2014,500,2100,DISABLED,DISABLED,2015,500,2100,DISABLED,DISABLED,1500,900,1500,N/A,DISABLED,53,914,1680,N/A,ENABLED,53,914,1680,N/A,ENABLED,53,914,1680,N/A,ENABLED,53,914,1680,N/A,ENABLED,44,711,1400,N/A,ENABLED,44,711,1400,N/A,ENABLED,44,711,1400,N/A,ENABLED,44,711,1400,N/A,ENABLED,N/A,71,68
1744613828,0,690,N/A,N/A,N/A,N/A,ENABLED,2014,500,2100,DISABLED,DISABLED,2004,500,2100,DISABLED,DISABLED,2019,500,2100,DISABLED,DISABLED,2018,500,2100,DISABLED,DISABLED,2021,500,2100,DISABLED,DISABLED,2014,500,2100,DISABLED,DISABLED,2018,500,2100,DISABLED,DISABLED,2018,500,2100,DISABLED,DISABLED,1500,900,1500,N/A,DISABLED,53,914,1680,N/A,ENABLED,53,914,1680,N/A,ENABLED,53,914,1680,N/A,ENABLED,53,914,1680,N/A,ENABLED,44,711,1400,N/A,ENABLED,44,711,1400,N/A,ENABLED,44,711,1400,N/A,ENABLED,44,711,1400,N/A,ENABLED,N/A,71,68
1744613830,0,689,N/A,N/A,N/A,N/A,ENABLED,2012,500,2100,DISABLED,DISABLED,2001,500,2100,DISABLED,DISABLED,2017,500,2100,DISABLED,DISABLED,2016,500,2100,DISABLED,DISABLED,2019,500,2100,DISABLED,DISABLED,2013,500,2100,DISABLED,DISABLED,2015,500,2100,DISABLED,DISABLED,2016,500,2100,DISABLED,DISABLED,1500,900,1500,N/A,DISABLED,53,914,1680,N/A,ENABLED,53,914,1680,N/A,ENABLED,53,914,1680,N/A,ENABLED,53,914,1680,N/A,ENABLED,44,711,1400,N/A,ENABLED,44,711,1400,N/A,ENABLED,44,711,1400,N/A,ENABLED,44,711,1400,N/A,ENABLED,N/A,71,68
1744613831,0,688,N/A,N/A,N/A,N/A,ENABLED,2010,500,2100,DISABLED,DISABLED,1999,500,2100,DISABLED,DISABLED,2015,500,2100,DISABLED,DISABLED,2013,500,2100,DISABLED,DISABLED,2017,500,2100,DISABLED,DISABLED,2011,500,2100,DISABLED,DISABLED,2013,500,2100,DISABLED,DISABLED,2014,500,2100,DISABLED,DISABLED,1500,900,1500,N/A,DISABLED,53,914,1680,N/A,ENABLED,53,914,1680,N/A,ENABLED,53,914,1680,N/A,ENABLED,53,914,1680,N/A,ENABLED,44,711,1400,N/A,ENABLED,44,711,1400,N/A,ENABLED,44,711,1400,N/A,ENABLED,44,711,1400,N/A,ENABLED,N/A,71,68
1744613832,0,688,N/A,N/A,N/A,N/A,ENABLED,2010,500,2100,DISABLED,DISABLED,1998,500,2100,DISABLED,DISABLED,2015,500,2100,DISABLED,DISABLED,2014,500,2100,DISABLED,DISABLED,2017,500,2100,DISABLED,DISABLED,2011,500,2100,DISABLED,DISABLED,2013,500,2100,DISABLED,DISABLED,2014,500,2100,DISABLED,DISABLED,1500,900,1500,N/A,DISABLED,53,914,1680,N/A,ENABLED,53,914,1680,N/A,ENABLED,53,914,1680,N/A,ENABLED,53,914,1680,N/A,ENABLED,44,711,1400,N/A,ENABLED,44,711,1400,N/A,ENABLED,44,711,1400,N/A,ENABLED,44,711,1400,N/A,ENABLED,N/A,71,68
1744613833,0,688,N/A,N/A,N/A,N/A,ENABLED,2009,500,2100,DISABLED,DISABLED,1999,500,2100,DISABLED,DISABLED,2015,500,2100,DISABLED,DISABLED,2014,500,2100,DISABLED,DISABLED,2016,500,2100,DISABLED,DISABLED,2010,500,2100,DISABLED,DISABLED,2013,500,2100,DISABLED,DISABLED,2014,500,2100,DISABLED,DISABLED,1500,900,1500,N/A,DISABLED,53,914,1680,N/A,ENABLED,53,914,1680,N/A,ENABLED,53,914,1680,N/A,ENABLED,53,914,1680,N/A,ENABLED,44,711,1400,N/A,ENABLED,44,711,1400,N/A,ENABLED,44,711,1400,N/A,ENABLED,44,711,1400,N/A,ENABLED,N/A,71,68
1744613834,0,688,N/A,N/A,N/A,N/A,ENABLED,2013,500,2100,DISABLED,DISABLED,2002,500,2100,DISABLED,DISABLED,2018,500,2100,DISABLED,DISABLED,2017,500,2100,DISABLED,DISABLED,2019,500,2100,DISABLED,DISABLED,2013,500,2100,DISABLED,DISABLED,2015,500,2100,DISABLED,DISABLED,2017,500,2100,DISABLED,DISABLED,1500,900,1500,N/A,DISABLED,53,914,1680,N/A,ENABLED,53,914,1680,N/A,ENABLED,53,914,1680,N/A,ENABLED,53,914,1680,N/A,ENABLED,44,711,1400,N/A,ENABLED,44,711,1400,N/A,ENABLED,44,711,1400,N/A,ENABLED,44,711,1400,N/A,ENABLED,N/A,71,68
1744613835,0,693,N/A,N/A,N/A,N/A,ENABLED,2012,500,2100,DISABLED,DISABLED,2002,500,2100,DISABLED,DISABLED,2018,500,2100,DISABLED,DISABLED,2016,500,2100,DISABLED,DISABLED,2017,500,2100,DISABLED,DISABLED,2012,500,2100,DISABLED,DISABLED,2014,500,2100,DISABLED,DISABLED,2017,500,2100,DISABLED,DISABLED,1500,900,1500,N/A,DISABLED,53,914,1680,N/A,ENABLED,53,914,1680,N/A,ENABLED,53,914,1680,N/A,ENABLED,53,914,1680,N/A,ENABLED,44,711,1400,N/A,ENABLED,44,711,1400,N/A,ENABLED,44,711,1400,N/A,ENABLED,44,711,1400,N/A,ENABLED,N/A,71,68
1744613837,0,689,N/A,N/A,N/A,N/A,ENABLED,2011,500,2100,DISABLED,DISABLED,2000,500,2100,DISABLED,DISABLED,2016,500,2100,DISABLED,DISABLED,2014,500,2100,DISABLED,DISABLED,2016,500,2100,DISABLED,DISABLED,2011,500,2100,DISABLED,DISABLED,2013,500,2100,DISABLED,DISABLED,2015,500,2100,DISABLED,DISABLED,1500,900,1500,N/A,DISABLED,53,914,1680,N/A,ENABLED,53,914,1680,N/A,ENABLED,53,914,1680,N/A,ENABLED,53,914,1680,N/A,ENABLED,44,711,1400,N/A,ENABLED,44,711,1400,N/A,ENABLED,44,711,1400,N/A,ENABLED,44,711,1400,N/A,ENABLED,N/A,71,68
1744613838,0,689,N/A,N/A,N/A,N/A,ENABLED,2014,500,2100,DISABLED,DISABLED,2003,500,2100,DISABLED,DISABLED,2018,500,2100,DISABLED,DISABLED,2017,500,2100,DISABLED,DISABLED,2019,500,2100,DISABLED,DISABLED,2014,500,2100,DISABLED,DISABLED,2017,500,2100,DISABLED,DISABLED,2018,500,2100,DISABLED,DISABLED,1500,900,1500,N/A,DISABLED,53,914,1680,N/A,ENABLED,53,914,1680,N/A,ENABLED,53,914,1680,N/A,ENABLED,53,914,1680,N/A,ENABLED,44,711,1400,N/A,ENABLED,44,711,1400,N/A,ENABLED,44,711,1400,N/A,ENABLED,44,711,1400,N/A,ENABLED,N/A,71,68
1744613839,0,689,N/A,N/A,N/A,N/A,ENABLED,2016,500,2100,DISABLED,DISABLED,2005,500,2100,DISABLED,DISABLED,2021,500,2100,DISABLED,DISABLED,2019,500,2100,DISABLED,DISABLED,2021,500,2100,DISABLED,DISABLED,2016,500,2100,DISABLED,DISABLED,2019,500,2100,DISABLED,DISABLED,2021,500,2100,DISABLED,DISABLED,1500,900,1500,N/A,DISABLED,53,914,1680,N/A,ENABLED,53,914,1680,N/A,ENABLED,53,914,1680,N/A,ENABLED,53,914,1680,N/A,ENABLED,44,711,1400,N/A,ENABLED,44,711,1400,N/A,ENABLED,44,711,1400,N/A,ENABLED,44,711,1400,N/A,ENABLED,N/A,71,68
1744613840,0,684,N/A,N/A,N/A,N/A,ENABLED,2012,500,2100,DISABLED,DISABLED,2001,500,2100,DISABLED,DISABLED,2016,500,2100,DISABLED,DISABLED,2015,500,2100,DISABLED,DISABLED,2016,500,2100,DISABLED,DISABLED,2011,500,2100,DISABLED,DISABLED,2014,500,2100,DISABLED,DISABLED,2015,500,2100,DISABLED,DISABLED,1500,900,1500,N/A,DISABLED,53,914,1680,N/A,ENABLED,53,914,1680,N/A,ENABLED,53,914,1680,N/A,ENABLED,53,914,1680,N/A,ENABLED,44,711,1400,N/A,ENABLED,44,711,1400,N/A,ENABLED,44,711,1400,N/A,ENABLED,44,711,1400,N/A,ENABLED,N/A,71,68
1744613841,0,683,N/A,N/A,N/A,N/A,ENABLED,2013,500,2100,DISABLED,DISABLED,2002,500,2100,DISABLED,DISABLED,2017,500,2100,DISABLED,DISABLED,2017,500,2100,DISABLED,DISABLED,2018,500,2100,DISABLED,DISABLED,2012,500,2100,DISABLED,DISABLED,2015,500,2100,DISABLED,DISABLED,2016,500,2100,DISABLED,DISABLED,1500,900,1500,N/A,DISABLED,53,914,1680,N/A,ENABLED,53,914,1680,N/A,ENABLED,53,914,1680,N/A,ENABLED,53,914,1680,N/A,ENABLED,44,711,1400,N/A,ENABLED,44,711,1400,N/A,ENABLED,44,711,1400,N/A,ENABLED,44,711,1400,N/A,ENABLED,N/A,71,68
1744613843,0,690,N/A,N/A,N/A,N/A,ENABLED,2013,500,2100,DISABLED,DISABLED,2002,500,2100,DISABLED,DISABLED,2018,500,2100,DISABLED,DISABLED,2017,500,2100,DISABLED,DISABLED,2017,500,2100,DISABLED,DISABLED,2012,500,2100,DISABLED,DISABLED,2015,500,2100,DISABLED,DISABLED,2017,500,2100,DISABLED,DISABLED,1500,900,1500,N/A,DISABLED,53,914,1680,N/A,ENABLED,53,914,1680,N/A,ENABLED,53,914,1680,N/A,ENABLED,53,914,1680,N/A,ENABLED,44,711,1400,N/A,ENABLED,44,711,1400,N/A,ENABLED,44,711,1400,N/A,ENABLED,44,711,1400,N/A,ENABLED,N/A,71,68
1744613844,0,685,N/A,N/A,N/A,N/A,ENABLED,2012,500,2100,DISABLED,DISABLED,2001,500,2100,DISABLED,DISABLED,2016,500,2100,DISABLED,DISABLED,2015,500,2100,DISABLED,DISABLED,2016,500,2100,DISABLED,DISABLED,2012,500,2100,DISABLED,DISABLED,2015,500,2100,DISABLED,DISABLED,2015,500,2100,DISABLED,DISABLED,1500,900,1500,N/A,DISABLED,53,914,1680,N/A,ENABLED,53,914,1680,N/A,ENABLED,53,914,1680,N/A,ENABLED,53,914,1680,N/A,ENABLED,44,711,1400,N/A,ENABLED,44,711,1400,N/A,ENABLED,44,711,1400,N/A,ENABLED,44,711,1400,N/A,ENABLED,N/A,71,68
1744613845,0,686,N/A,N/A,N/A,N/A,ENABLED,2011,500,2100,DISABLED,DISABLED,2001,500,2100,DISABLED,DISABLED,2017,500,2100,DISABLED,DISABLED,2016,500,2100,DISABLED,DISABLED,2016,500,2100,DISABLED,DISABLED,2012,500,2100,DISABLED,DISABLED,2015,500,2100,DISABLED,DISABLED,2015,500,2100,DISABLED,DISABLED,1500,900,1500,N/A,DISABLED,53,914,1680,N/A,ENABLED,53,914,1680,N/A,ENABLED,53,914,1680,N/A,ENABLED,53,914,1680,N/A,ENABLED,44,711,1400,N/A,ENABLED,44,711,1400,N/A,ENABLED,44,711,1400,N/A,ENABLED,44,711,1400,N/A,ENABLED,N/A,71,68
1744613846,0,688,N/A,N/A,N/A,N/A,ENABLED,2012,500,2100,DISABLED,DISABLED,2002,500,2100,DISABLED,DISABLED,2017,500,2100,DISABLED,DISABLED,2017,500,2100,DISABLED,DISABLED,2017,500,2100,DISABLED,DISABLED,2012,500,2100,DISABLED,DISABLED,2015,500,2100,DISABLED,DISABLED,2016,500,2100,DISABLED,DISABLED,1500,900,1500,N/A,DISABLED,53,914,1680,N/A,ENABLED,53,914,1680,N/A,ENABLED,53,914,1680,N/A,ENABLED,53,914,1680,N/A,ENABLED,44,711,1400,N/A,ENABLED,44,711,1400,N/A,ENABLED,44,711,1400,N/A,ENABLED,44,711,1400,N/A,ENABLED,N/A,71,68
1744613847,0,693,N/A,N/A,N/A,N/A,ENABLED,2020,500,2100,DISABLED,DISABLED,2009,500,2100,DISABLED,DISABLED,2026,500,2100,DISABLED,DISABLED,2026,500,2100,DISABLED,DISABLED,2026,500,2100,DISABLED,DISABLED,2021,500,2100,DISABLED,DISABLED,2024,500,2100,DISABLED,DISABLED,2025,500,2100,DISABLED,DISABLED,1500,900,1500,N/A,DISABLED,53,914,1680,N/A,ENABLED,53,914,1680,N/A,ENABLED,53,914,1680,N/A,ENABLED,53,914,1680,N/A,ENABLED,44,711,1400,N/A,ENABLED,44,711,1400,N/A,ENABLED,44,711,1400,N/A,ENABLED,44,711,1400,N/A,ENABLED,N/A,71,68
1744613848,0,690,N/A,N/A,N/A,N/A,ENABLED,2012,500,2100,DISABLED,DISABLED,2001,500,2100,DISABLED,DISABLED,2018,500,2100,DISABLED,DISABLED,2018,500,2100,DISABLED,DISABLED,2019,500,2100,DISABLED,DISABLED,2014,500,2100,DISABLED,DISABLED,2017,500,2100,DISABLED,DISABLED,2017,500,2100,DISABLED,DISABLED,1500,900,1500,N/A,DISABLED,53,914,1680,N/A,ENABLED,53,914,1680,N/A,ENABLED,53,914,1680,N/A,ENABLED,53,914,1680,N/A,ENABLED,44,711,1400,N/A,ENABLED,44,711,1400,N/A,ENABLED,44,711,1400,N/A,ENABLED,44,711,1400,N/A,ENABLED,N/A,71,68
1744613850,0,690,N/A,N/A,N/A,N/A,ENABLED,2011,500,2100,DISABLED,DISABLED,2001,500,2100,DISABLED,DISABLED,2017,500,2100,DISABLED,DISABLED,2017,500,2100,DISABLED,DISABLED,2017,500,2100,DISABLED,DISABLED,2013,500,2100,DISABLED,DISABLED,2015,500,2100,DISABLED,DISABLED,2016,500,2100,DISABLED,DISABLED,1500,900,1500,N/A,DISABLED,53,914,1680,N/A,ENABLED,53,914,1680,N/A,ENABLED,53,914,1680,N/A,ENABLED,53,914,1680,N/A,ENABLED,44,711,1400,N/A,ENABLED,44,711,1400,N/A,ENABLED,44,711,1400,N/A,ENABLED,44,711,1400,N/A,ENABLED,N/A,71,69
1744613851,0,688,N/A,N/A,N/A,N/A,ENABLED,2017,500,2100,DISABLED,DISABLED,2007,500,2100,DISABLED,DISABLED,2023,500,2100,DISABLED,DISABLED,2023,500,2100,DISABLED,DISABLED,2023,500,2100,DISABLED,DISABLED,2019,500,2100,DISABLED,DISABLED,2022,500,2100,DISABLED,DISABLED,2022,500,2100,DISABLED,DISABLED,1500,900,1500,N/A,DISABLED,53,914,1680,N/A,ENABLED,53,914,1680,N/A,ENABLED,53,914,1680,N/A,ENABLED,53,914,1680,N/A,ENABLED,44,711,1400,N/A,ENABLED,44,711,1400,N/A,ENABLED,44,711,1400,N/A,ENABLED,44,711,1400,N/A,ENABLED,N/A,71,68
1744613852,0,691,N/A,N/A,N/A,N/A,ENABLED,2013,500,2100,DISABLED,DISABLED,2001,500,2100,DISABLED,DISABLED,2018,500,2100,DISABLED,DISABLED,2018,500,2100,DISABLED,DISABLED,2019,500,2100,DISABLED,DISABLED,2013,500,2100,DISABLED,DISABLED,2016,500,2100,DISABLED,DISABLED,2018,500,2100,DISABLED,DISABLED,1500,900,1500,N/A,DISABLED,53,914,1680,N/A,ENABLED,53,914,1680,N/A,ENABLED,53,914,1680,N/A,ENABLED,53,914,1680,N/A,ENABLED,44,711,1400,N/A,ENABLED,44,711,1400,N/A,ENABLED,44,711,1400,N/A,ENABLED,44,711,1400,N/A,ENABLED,N/A,71,68
1744613853,0,689,N/A,N/A,N/A,N/A,ENABLED,2011,500,2100,DISABLED,DISABLED,2001,500,2100,DISABLED,DISABLED,2017,500,2100,DISABLED,DISABLED,2017,500,2100,DISABLED,DISABLED,2018,500,2100,DISABLED,DISABLED,2012,500,2100,DISABLED,DISABLED,2015,500,2100,DISABLED,DISABLED,2016,500,2100,DISABLED,DISABLED,1500,900,1500,N/A,DISABLED,53,914,1680,N/A,ENABLED,53,914,1680,N/A,ENABLED,53,914,1680,N/A,ENABLED,53,914,1680,N/A,ENABLED,44,711,1400,N/A,ENABLED,44,711,1400,N/A,ENABLED,44,711,1400,N/A,ENABLED,44,711,1400,N/A,ENABLED,N/A,71,68
1744613854,0,689,N/A,N/A,N/A,N/A,ENABLED,2011,500,2100,DISABLED,DISABLED,2001,500,2100,DISABLED,DISABLED,2018,500,2100,DISABLED,DISABLED,2017,500,2100,DISABLED,DISABLED,2017,500,2100,DISABLED,DISABLED,2013,500,2100,DISABLED,DISABLED,2016,500,2100,DISABLED,DISABLED,2016,500,2100,DISABLED,DISABLED,1500,900,1500,N/A,DISABLED,53,914,1680,N/A,ENABLED,53,914,1680,N/A,ENABLED,53,914,1680,N/A,ENABLED,53,914,1680,N/A,ENABLED,44,711,1400,N/A,ENABLED,44,711,1400,N/A,ENABLED,44,711,1400,N/A,ENABLED,44,711,1400,N/A,ENABLED,N/A,71,68
1744613855,0,686,N/A,N/A,N/A,N/A,ENABLED,2009,500,2100,DISABLED,DISABLED,1998,500,2100,DISABLED,DISABLED,2015,500,2100,DISABLED,DISABLED,2015,500,2100,DISABLED,DISABLED,2015,500,2100,DISABLED,DISABLED,2010,500,2100,DISABLED,DISABLED,2012,500,2100,DISABLED,DISABLED,2013,500,2100,DISABLED,DISABLED,1500,900,1500,N/A,DISABLED,53,914,1680,N/A,ENABLED,53,914,1680,N/A,ENABLED,53,914,1680,N/A,ENABLED,53,914,1680,N/A,ENABLED,44,711,1400,N/A,ENABLED,44,711,1400,N/A,ENABLED,44,711,1400,N/A,ENABLED,44,711,1400,N/A,ENABLED,N/A,71,69
1744613857,0,685,N/A,N/A,N/A,N/A,ENABLED,2006,500,2100,DISABLED,DISABLED,1995,500,2100,DISABLED,DISABLED,2012,500,2100,DISABLED,DISABLED,2012,500,2100,DISABLED,DISABLED,2012,500,2100,DISABLED,DISABLED,2007,500,2100,DISABLED,DISABLED,2010,500,2100,DISABLED,DISABLED,2011,500,2100,DISABLED,DISABLED,1500,900,1500,N/A,DISABLED,53,914,1680,N/A,ENABLED,53,914,1680,N/A,ENABLED,53,914,1680,N/A,ENABLED,53,914,1680,N/A,ENABLED,44,711,1400,N/A,ENABLED,44,711,1400,N/A,ENABLED,44,711,1400,N/A,ENABLED,44,711,1400,N/A,ENABLED,N/A,71,69
1744613858,0,694,N/A,N/A,N/A,N/A,ENABLED,2014,500,2100,DISABLED,DISABLED,2003,500,2100,DISABLED,DISABLED,2020,500,2100,DISABLED,DISABLED,2019,500,2100,DISABLED,DISABLED,2019,500,2100,DISABLED,DISABLED,2015,500,2100,DISABLED,DISABLED,2018,500,2100,DISABLED,DISABLED,2019,500,2100,DISABLED,DISABLED,1500,900,1500,N/A,DISABLED,53,914,1680,N/A,ENABLED,53,914,1680,N/A,ENABLED,53,914,1680,N/A,ENABLED,53,914,1680,N/A,ENABLED,44,711,1400,N/A,ENABLED,44,711,1400,N/A,ENABLED,44,711,1400,N/A,ENABLED,44,711,1400,N/A,ENABLED,N/A,71,69
1744613859,0,687,N/A,N/A,N/A,N/A,ENABLED,2012,500,2100,DISABLED,DISABLED,2001,500,2100,DISABLED,DISABLED,2017,500,2100,DISABLED,DISABLED,2017,500,2100,DISABLED,DISABLED,2017,500,2100,DISABLED,DISABLED,2012,500,2100,DISABLED,DISABLED,2016,500,2100,DISABLED,DISABLED,2017,500,2100,DISABLED,DISABLED,1500,900,1500,N/A,DISABLED,53,914,1680,N/A,ENABLED,53,914,1680,N/A,ENABLED,53,914,1680,N/A,ENABLED,53,914,1680,N/A,ENABLED,44,711,1400,N/A,ENABLED,44,711,1400,N/A,ENABLED,44,711,1400,N/A,ENABLED,44,711,1400,N/A,ENABLED,N/A,71,69
1744613860,0,683,N/A,N/A,N/A,N/A,ENABLED,2003,500,2100,DISABLED,DISABLED,1992,500,2100,DISABLED,DISABLED,2009,500,2100,DISABLED,DISABLED,2008,500,2100,DISABLED,DISABLED,2008,500,2100,DISABLED,DISABLED,2004,500,2100,DISABLED,DISABLED,2008,500,2100,DISABLED,DISABLED,2008,500,2100,DISABLED,DISABLED,1500,900,1500,N/A,DISABLED,53,914,1680,N/A,ENABLED,53,914,1680,N/A,ENABLED,53,914,1680,N/A,ENABLED,53,914,1680,N/A,ENABLED,44,711,1400,N/A,ENABLED,44,711,1400,N/A,ENABLED,44,711,1400,N/A,ENABLED,44,711,1400,N/A,ENABLED,N/A,71,69
1744613861,0,687,N/A,N/A,N/A,N/A,ENABLED,2009,500,2100,DISABLED,DISABLED,1998,500,2100,DISABLED,DISABLED,2014,500,2100,DISABLED,DISABLED,2014,500,2100,DISABLED,DISABLED,2014,500,2100,DISABLED,DISABLED,2010,500,2100,DISABLED,DISABLED,2012,500,2100,DISABLED,DISABLED,2013,500,2100,DISABLED,DISABLED,1500,900,1500,N/A,DISABLED,53,914,1680,N/A,ENABLED,53,914,1680,N/A,ENABLED,53,914,1680,N/A,ENABLED,53,914,1680,N/A,ENABLED,44,711,1400,N/A,ENABLED,44,711,1400,N/A,ENABLED,44,711,1400,N/A,ENABLED,44,711,1400,N/A,ENABLED,N/A,71,69
1744613863,0,688,N/A,N/A,N/A,N/A,ENABLED,2011,500,2100,DISABLED,DISABLED,2000,500,2100,DISABLED,DISABLED,2017,500,2100,DISABLED,DISABLED,2017,500,2100,DISABLED,DISABLED,2017,500,2100,DISABLED,DISABLED,2012,500,2100,DISABLED,DISABLED,2014,500,2100,DISABLED,DISABLED,2016,500,2100,DISABLED,DISABLED,1500,900,1500,N/A,DISABLED,53,914,1680,N/A,ENABLED,53,914,1680,N/A,ENABLED,53,914,1680,N/A,ENABLED,53,914,1680,N/A,ENABLED,44,711,1400,N/A,ENABLED,44,711,1400,N/A,ENABLED,44,711,1400,N/A,ENABLED,44,711,1400,N/A,ENABLED,N/A,71,69
1744613864,0,687,N/A,N/A,N/A,N/A,ENABLED,2009,500,2100,DISABLED,DISABLED,1998,500,2100,DISABLED,DISABLED,2015,500,2100,DISABLED,DISABLED,2015,500,2100,DISABLED,DISABLED,2015,500,2100,DISABLED,DISABLED,2010,500,2100,DISABLED,DISABLED,2013,500,2100,DISABLED,DISABLED,2014,500,2100,DISABLED,DISABLED,1500,900,1500,N/A,DISABLED,53,914,1680,N/A,ENABLED,53,914,1680,N/A,ENABLED,53,914,1680,N/A,ENABLED,53,914,1680,N/A,ENABLED,44,711,1400,N/A,ENABLED,44,711,1400,N/A,ENABLED,44,711,1400,N/A,ENABLED,44,711,1400,N/A,ENABLED,N/A,71,69
1744613865,0,689,N/A,N/A,N/A,N/A,ENABLED,2011,500,2100,DISABLED,DISABLED,2000,500,2100,DISABLED,DISABLED,2017,500,2100,DISABLED,DISABLED,2017,500,2100,DISABLED,DISABLED,2018,500,2100,DISABLED,DISABLED,2013,500,2100,DISABLED,DISABLED,2015,500,2100,DISABLED,DISABLED,2017,500,2100,DISABLED,DISABLED,1500,900,1500,N/A,DISABLED,53,914,1680,N/A,ENABLED,53,914,1680,N/A,ENABLED,53,914,1680,N/A,ENABLED,53,914,1680,N/A,ENABLED,44,711,1400,N/A,ENABLED,44,711,1400,N/A,ENABLED,44,711,1400,N/A,ENABLED,44,711,1400,N/A,ENABLED,N/A,71,69
1744613866,0,691,N/A,N/A,N/A,N/A,ENABLED,2008,500,2100,DISABLED,DISABLED,1998,500,2100,DISABLED,DISABLED,2015,500,2100,DISABLED,DISABLED,2014,500,2100,DISABLED,DISABLED,2015,500,2100,DISABLED,DISABLED,2010,500,2100,DISABLED,DISABLED,2014,500,2100,DISABLED,DISABLED,2015,500,2100,DISABLED,DISABLED,1500,900,1500,N/A,DISABLED,53,914,1680,N/A,ENABLED,53,914,1680,N/A,ENABLED,53,914,1680,N/A,ENABLED,53,914,1680,N/A,ENABLED,44,711,1400,N/A,ENABLED,44,711,1400,N/A,ENABLED,44,711,1400,N/A,ENABLED,44,711,1400,N/A,ENABLED,N/A,71,69
1744613867,0,689,N/A,N/A,N/A,N/A,ENABLED,2009,500,2100,DISABLED,DISABLED,1999,500,2100,DISABLED,DISABLED,2015,500,2100,DISABLED,DISABLED,2015,500,2100,DISABLED,DISABLED,2015,500,2100,DISABLED,DISABLED,2011,500,2100,DISABLED,DISABLED,2014,500,2100,DISABLED,DISABLED,2015,500,2100,DISABLED,DISABLED,1500,900,1500,N/A,DISABLED,53,914,1680,N/A,ENABLED,53,914,1680,N/A,ENABLED,53,914,1680,N/A,ENABLED,53,914,1680,N/A,ENABLED,44,711,1400,N/A,ENABLED,44,711,1400,N/A,ENABLED,44,711,1400,N/A,ENABLED,44,711,1400,N/A,ENABLED,N/A,71,70
1744613868,0,692,N/A,N/A,N/A,N/A,ENABLED,2008,500,2100,DISABLED,DISABLED,1998,500,2100,DISABLED,DISABLED,2014,500,2100,DISABLED,DISABLED,2014,500,2100,DISABLED,DISABLED,2014,500,2100,DISABLED,DISABLED,2010,500,2100,DISABLED,DISABLED,2012,500,2100,DISABLED,DISABLED,2014,500,2100,DISABLED,DISABLED,1500,900,1500,N/A,DISABLED,53,914,1680,N/A,ENABLED,53,914,1680,N/A,ENABLED,53,914,1680,N/A,ENABLED,53,914,1680,N/A,ENABLED,44,711,1400,N/A,ENABLED,44,711,1400,N/A,ENABLED,44,711,1400,N/A,ENABLED,44,711,1400,N/A,ENABLED,N/A,72,69
1744613870,0,692,N/A,N/A,N/A,N/A,ENABLED,2011,500,2100,DISABLED,DISABLED,2001,500,2100,DISABLED,DISABLED,2017,500,2100,DISABLED,DISABLED,2018,500,2100,DISABLED,DISABLED,2018,500,2100,DISABLED,DISABLED,2013,500,2100,DISABLED,DISABLED,2016,500,2100,DISABLED,DISABLED,2017,500,2100,DISABLED,DISABLED,1500,900,1500,N/A,DISABLED,53,914,1680,N/A,ENABLED,53,914,1680,N/A,ENABLED,53,914,1680,N/A,ENABLED,53,914,1680,N/A,ENABLED,44,711,1400,N/A,ENABLED,44,711,1400,N/A,ENABLED,44,711,1400,N/A,ENABLED,44,711,1400,N/A,ENABLED,N/A,72,69
1744613871,0,691,N/A,N/A,N/A,N/A,ENABLED,2009,500,2100,DISABLED,DISABLED,1998,500,2100,DISABLED,DISABLED,2015,500,2100,DISABLED,DISABLED,2014,500,2100,DISABLED,DISABLED,2015,500,2100,DISABLED,DISABLED,2010,500,2100,DISABLED,DISABLED,2013,500,2100,DISABLED,DISABLED,2013,500,2100,DISABLED,DISABLED,1500,900,1500,N/A,DISABLED,53,914,1680,N/A,ENABLED,53,914,1680,N/A,ENABLED,53,914,1680,N/A,ENABLED,53,914,1680,N/A,ENABLED,44,711,1400,N/A,ENABLED,44,711,1400,N/A,ENABLED,44,711,1400,N/A,ENABLED,44,711,1400,N/A,ENABLED,N/A,72,69
1744613872,0,691,N/A,N/A,N/A,N/A,ENABLED,2011,500,2100,DISABLED,DISABLED,2000,500,2100,DISABLED,DISABLED,2016,500,2100,DISABLED,DISABLED,2016,500,2100,DISABLED,DISABLED,2016,500,2100,DISABLED,DISABLED,2011,500,2100,DISABLED,DISABLED,2014,500,2100,DISABLED,DISABLED,2015,500,2100,DISABLED,DISABLED,1500,900,1500,N/A,DISABLED,53,914,1680,N/A,ENABLED,53,914,1680,N/A,ENABLED,53,914,1680,N/A,ENABLED,53,914,1680,N/A,ENABLED,44,711,1400,N/A,ENABLED,44,711,1400,N/A,ENABLED,44,711,1400,N/A,ENABLED,44,711,1400,N/A,ENABLED,N/A,72,69
1744613873,0,691,N/A,N/A,N/A,N/A,ENABLED,2007,500,2100,DISABLED,DISABLED,1996,500,2100,DISABLED,DISABLED,2012,500,2100,DISABLED,DISABLED,2011,500,2100,DISABLED,DISABLED,2013,500,2100,DISABLED,DISABLED,2007,500,2100,DISABLED,DISABLED,2011,500,2100,DISABLED,DISABLED,2011,500,2100,DISABLED,DISABLED,1500,900,1500,N/A,DISABLED,53,914,1680,N/A,ENABLED,53,914,1680,N/A,ENABLED,53,914,1680,N/A,ENABLED,53,914,1680,N/A,ENABLED,44,711,1400,N/A,ENABLED,44,711,1400,N/A,ENABLED,44,711,1400,N/A,ENABLED,44,711,1400,N/A,ENABLED,N/A,72,69
1744613874,0,692,N/A,N/A,N/A,N/A,ENABLED,2008,500,2100,DISABLED,DISABLED,1997,500,2100,DISABLED,DISABLED,2013,500,2100,DISABLED,DISABLED,2014,500,2100,DISABLED,DISABLED,2014,500,2100,DISABLED,DISABLED,2010,500,2100,DISABLED,DISABLED,2011,500,2100,DISABLED,DISABLED,2012,500,2100,DISABLED,DISABLED,1500,900,1500,N/A,DISABLED,53,914,1680,N/A,ENABLED,53,914,1680,N/A,ENABLED,53,914,1680,N/A,ENABLED,53,914,1680,N/A,ENABLED,44,711,1400,N/A,ENABLED,44,711,1400,N/A,ENABLED,44,711,1400,N/A,ENABLED,44,711,1400,N/A,ENABLED,N/A,72,69
1744613875,0,689,N/A,N/A,N/A,N/A,ENABLED,2013,500,2100,DISABLED,DISABLED,2003,500,2100,DISABLED,DISABLED,2018,500,2100,DISABLED,DISABLED,2018,500,2100,DISABLED,DISABLED,2020,500,2100,DISABLED,DISABLED,2014,500,2100,DISABLED,DISABLED,2017,500,2100,DISABLED,DISABLED,2018,500,2100,DISABLED,DISABLED,1500,900,1500,N/A,DISABLED,53,914,1680,N/A,ENABLED,53,914,1680,N/A,ENABLED,53,914,1680,N/A,ENABLED,53,914,1680,N/A,ENABLED,44,711,1400,N/A,ENABLED,44,711,1400,N/A,ENABLED,44,711,1400,N/A,ENABLED,44,711,1400,N/A,ENABLED,N/A,72,70
1744613877,0,692,N/A,N/A,N/A,N/A,ENABLED,2009,500,2100,DISABLED,DISABLED,1998,500,2100,DISABLED,DISABLED,2014,500,2100,DISABLED,DISABLED,2014,500,2100,DISABLED,DISABLED,2015,500,2100,DISABLED,DISABLED,2010,500,2100,DISABLED,DISABLED,2013,500,2100,DISABLED,DISABLED,2014,500,2100,DISABLED,DISABLED,1500,900,1500,N/A,DISABLED,53,914,1680,N/A,ENABLED,53,914,1680,N/A,ENABLED,53,914,1680,N/A,ENABLED,53,914,1680,N/A,ENABLED,44,711,1400,N/A,ENABLED,44,711,1400,N/A,ENABLED,44,711,1400,N/A,ENABLED,44,711,1400,N/A,ENABLED,N/A,72,69
1744613878,0,689,N/A,N/A,N/A,N/A,ENABLED,2003,500,2100,DISABLED,DISABLED,1992,500,2100,DISABLED,DISABLED,2009,500,2100,DISABLED,DISABLED,2008,500,2100,DISABLED,DISABLED,2010,500,2100,DISABLED,DISABLED,2004,500,2100,DISABLED,DISABLED,2007,500,2100,DISABLED,DISABLED,2008,500,2100,DISABLED,DISABLED,1500,900,1500,N/A,DISABLED,53,914,1680,N/A,ENABLED,53,914,1680,N/A,ENABLED,53,914,1680,N/A,ENABLED,53,914,1680,N/A,ENABLED,44,711,1400,N/A,ENABLED,44,711,1400,N/A,ENABLED,44,711,1400,N/A,ENABLED,44,711,1400,N/A,ENABLED,N/A,72,69
1744613879,0,693,N/A,N/A,N/A,N/A,ENABLED,2008,500,2100,DISABLED,DISABLED,1998,500,2100,DISABLED,DISABLED,2015,500,2100,DISABLED,DISABLED,2014,500,2100,DISABLED,DISABLED,2016,500,2100,DISABLED,DISABLED,2010,500,2100,DISABLED,DISABLED,2013,500,2100,DISABLED,DISABLED,2013,500,2100,DISABLED,DISABLED,1500,900,1500,N/A,DISABLED,53,914,1680,N/A,ENABLED,53,914,1680,N/A,ENABLED,53,914,1680,N/A,ENABLED,53,914,1680,N/A,ENABLED,44,711,1400,N/A,ENABLED,44,711,1400,N/A,ENABLED,44,711,1400,N/A,ENABLED,44,711,1400,N/A,ENABLED,N/A,72,70
1744613880,0,141,N/A,N/A,N/A,N/A,ENABLED,132,500,2100,DISABLED,ENABLED,131,500,2100,DISABLED,ENABLED,131,500,2100,DISABLED,ENABLED,132,500,2100,DISABLED,ENABLED,132,500,2100,DISABLED,ENABLED,132,500,2100,DISABLED,ENABLED,131,500,2100,DISABLED,ENABLED,132,500,2100,DISABLED,ENABLED,900,900,1500,N/A,DISABLED,29,914,1680,N/A,ENABLED,29,914,1680,N/A,ENABLED,29,914,1680,N/A,ENABLED,29,914,1680,N/A,ENABLED,22,711,1400,N/A,ENABLED,22,711,1400,N/A,ENABLED,22,711,1400,N/A,ENABLED,22,711,1400,N/A,ENABLED,N/A,65,60
1744613881,0,139,N/A,N/A,N/A,N/A,ENABLED,149,157,2100,DISABLED,DISABLED,131,157,2100,DISABLED,ENABLED,131,157,2100,DISABLED,ENABLED,132,157,2100,DISABLED,ENABLED,132,157,2100,DISABLED,ENABLED,132,157,2100,DISABLED,ENABLED,131,157,2100,DISABLED,ENABLED,132,157,2100,DISABLED,ENABLED,900,900,1500,N/A,DISABLED,29,914,1680,N/A,ENABLED,29,914,1680,N/A,ENABLED,29,914,1680,N/A,ENABLED,29,914,1680,N/A,ENABLED,22,711,1400,N/A,ENABLED,22,711,1400,N/A,ENABLED,22,711,1400,N/A,ENABLED,22,711,1400,N/A,ENABLED,N/A,61,59
1744613883,0,140,N/A,N/A,N/A,N/A,ENABLED,135,500,2100,DISABLED,ENABLED,131,500,2100,DISABLED,ENABLED,131,500,2100,DISABLED,ENABLED,132,500,2100,DISABLED,ENABLED,132,500,2100,DISABLED,ENABLED,132,500,2100,DISABLED,ENABLED,131,500,2100,DISABLED,ENABLED,132,500,2100,DISABLED,ENABLED,900,900,1500,N/A,DISABLED,29,914,1680,N/A,ENABLED,29,914,1680,N/A,ENABLED,29,914,1680,N/A,ENABLED,29,914,1680,N/A,ENABLED,22,711,1400,N/A,ENABLED,22,711,1400,N/A,ENABLED,22,711,1400,N/A,ENABLED,22,711,1400,N/A,ENABLED,N/A,60,59
1744613884,0,137,N/A,N/A,N/A,N/A,ENABLED,133,500,2100,DISABLED,ENABLED,131,500,2100,DISABLED,ENABLED,131,500,2100,DISABLED,ENABLED,132,500,2100,DISABLED,ENABLED,132,500,2100,DISABLED,ENABLED,132,500,2100,DISABLED,ENABLED,131,500,2100,DISABLED,ENABLED,132,500,2100,DISABLED,ENABLED,900,900,1500,N/A,DISABLED,29,914,1680,N/A,ENABLED,29,914,1680,N/A,ENABLED,29,914,1680,N/A,ENABLED,29,914,1680,N/A,ENABLED,22,711,1400,N/A,ENABLED,22,711,1400,N/A,ENABLED,22,711,1400,N/A,ENABLED,22,711,1400,N/A,ENABLED,N/A,59,58
1744613885,0,137,N/A,N/A,N/A,N/A,ENABLED,133,500,2100,DISABLED,ENABLED,131,500,2100,DISABLED,ENABLED,131,500,2100,DISABLED,ENABLED,132,500,2100,DISABLED,ENABLED,132,500,2100,DISABLED,ENABLED,132,500,2100,DISABLED,ENABLED,131,500,2100,DISABLED,ENABLED,132,500,2100,DISABLED,ENABLED,900,900,1500,N/A,DISABLED,29,914,1680,N/A,ENABLED,29,914,1680,N/A,ENABLED,29,914,1680,N/A,ENABLED,29,914,1680,N/A,ENABLED,22,711,1400,N/A,ENABLED,22,711,1400,N/A,ENABLED,22,711,1400,N/A,ENABLED,22,711,1400,N/A,ENABLED,N/A,59,57
1744613886,0,137,N/A,N/A,N/A,N/A,ENABLED,132,500,2100,DISABLED,ENABLED,131,500,2100,DISABLED,ENABLED,131,500,2100,DISABLED,ENABLED,132,500,2100,DISABLED,ENABLED,132,500,2100,DISABLED,ENABLED,132,500,2100,DISABLED,ENABLED,131,500,2100,DISABLED,ENABLED,132,500,2100,DISABLED,ENABLED,900,900,1500,N/A,DISABLED,29,914,1680,N/A,ENABLED,29,914,1680,N/A,ENABLED,29,914,1680,N/A,ENABLED,29,914,1680,N/A,ENABLED,22,711,1400,N/A,ENABLED,22,711,1400,N/A,ENABLED,22,711,1400,N/A,ENABLED,22,711,1400,N/A,ENABLED,N/A,58,57
1744613887,0,136,N/A,N/A,N/A,N/A,ENABLED,132,500,2100,DISABLED,ENABLED,131,500,2100,DISABLED,ENABLED,131,500,2100,DISABLED,ENABLED,132,500,2100,DISABLED,ENABLED,132,500,2100,DISABLED,ENABLED,132,500,2100,DISABLED,ENABLED,131,500,2100,DISABLED,ENABLED,132,500,2100,DISABLED,ENABLED,900,900,1500,N/A,DISABLED,29,914,1680,N/A,ENABLED,29,914,1680,N/A,ENABLED,29,914,1680,N/A,ENABLED,29,914,1680,N/A,ENABLED,22,711,1400,N/A,ENABLED,22,711,1400,N/A,ENABLED,22,711,1400,N/A,ENABLED,22,711,1400,N/A,ENABLED,N/A,58,57
1744613888,0,135,N/A,N/A,N/A,N/A,ENABLED,132,500,2100,DISABLED,ENABLED,131,500,2100,DISABLED,ENABLED,131,500,2100,DISABLED,ENABLED,132,500,2100,DISABLED,ENABLED,132,500,2100,DISABLED,ENABLED,132,500,2100,DISABLED,ENABLED,131,500,2100,DISABLED,ENABLED,132,500,2100,DISABLED,ENABLED,900,900,1500,N/A,DISABLED,29,914,1680,N/A,ENABLED,29,914,1680,N/A,ENABLED,29,914,1680,N/A,ENABLED,29,914,1680,N/A,ENABLED,22,711,1400,N/A,ENABLED,22,711,1400,N/A,ENABLED,22,711,1400,N/A,ENABLED,22,711,1400,N/A,ENABLED,N/A,57,56
