Timestamp,gpu,socket_power,gfx_voltage,soc_voltage,mem_voltage,throttle_status,power_management,gfx_0_clk,gfx_0_min_clk,gfx_0_max_clk,gfx_0_clk_locked,gfx_0_deep_sleep,gfx_1_clk,gfx_1_min_clk,gfx_1_max_clk,gfx_1_clk_locked,gfx_1_deep_sleep,gfx_2_clk,gfx_2_min_clk,gfx_2_max_clk,gfx_2_clk_locked,gfx_2_deep_sleep,gfx_3_clk,gfx_3_min_clk,gfx_3_max_clk,gfx_3_clk_locked,gfx_3_deep_sleep,gfx_4_clk,gfx_4_min_clk,gfx_4_max_clk,gfx_4_clk_locked,gfx_4_deep_sleep,gfx_5_clk,gfx_5_min_clk,gfx_5_max_clk,gfx_5_clk_locked,gfx_5_deep_sleep,gfx_6_clk,gfx_6_min_clk,gfx_6_max_clk,gfx_6_clk_locked,gfx_6_deep_sleep,gfx_7_clk,gfx_7_min_clk,gfx_7_max_clk,gfx_7_clk_locked,gfx_7_deep_sleep,mem_0_clk,mem_0_min_clk,mem_0_max_clk,mem_0_clk_locked,mem_0_deep_sleep,vclk_0_clk,vclk_0_min_clk,vclk_0_max_clk,vclk_0_clk_locked,vclk_0_deep_sleep,vclk_1_clk,vclk_1_min_clk,vclk_1_max_clk,vclk_1_clk_locked,vclk_1_deep_sleep,vclk_2_clk,vclk_2_min_clk,vclk_2_max_clk,vclk_2_clk_locked,vclk_2_deep_sleep,vclk_3_clk,vclk_3_min_clk,vclk_3_max_clk,vclk_3_clk_locked,vclk_3_deep_sleep,dclk_0_clk,dclk_0_min_clk,dclk_0_max_clk,dclk_0_clk_locked,dclk_0_deep_sleep,dclk_1_clk,dclk_1_min_clk,dclk_1_max_clk,dclk_1_clk_locked,dclk_1_deep_sleep,dclk_2_clk,dclk_2_min_clk,dclk_2_max_clk,dclk_2_clk_locked,dclk_2_deep_sleep,dclk_3_clk,dclk_3_min_clk,dclk_3_max_clk,dclk_3_clk_locked,dclk_3_deep_sleep,edge,hotspot,mem
1744910134,0,138,N/A,N/A,N/A,N/A,ENABLED,151,155,2100,DISABLED,DISABLED,132,155,2100,DISABLED,ENABLED,131,155,2100,DISABLED,ENABLED,132,155,2100,DISABLED,ENABLED,131,155,2100,DISABLED,ENABLED,132,155,2100,DISABLED,ENABLED,131,155,2100,DISABLED,ENABLED,132,155,2100,DISABLED,ENABLED,900,900,1300,N/A,DISABLED,29,914,1333,N/A,ENABLED,29,914,1333,N/A,ENABLED,29,914,1333,N/A,ENABLED,29,914,1333,N/A,ENABLED,22,711,1143,N/A,ENABLED,22,711,1143,N/A,ENABLED,22,711,1143,N/A,ENABLED,22,711,1143,N/A,ENABLED,N/A,41,32
1744910135,0,138,N/A,N/A,N/A,N/A,ENABLED,133,500,2100,DISABLED,ENABLED,132,500,2100,DISABLED,ENABLED,131,500,2100,DISABLED,ENABLED,132,500,2100,DISABLED,ENABLED,131,500,2100,DISABLED,ENABLED,132,500,2100,DISABLED,ENABLED,131,500,2100,DISABLED,ENABLED,132,500,2100,DISABLED,ENABLED,900,900,1300,N/A,DISABLED,29,914,1333,N/A,ENABLED,29,914,1333,N/A,ENABLED,29,914,1333,N/A,ENABLED,29,914,1333,N/A,ENABLED,22,711,1143,N/A,ENABLED,22,711,1143,N/A,ENABLED,22,711,1143,N/A,ENABLED,22,711,1143,N/A,ENABLED,N/A,41,32
1744910136,0,138,N/A,N/A,N/A,N/A,ENABLED,132,500,2100,DISABLED,ENABLED,132,500,2100,DISABLED,ENABLED,131,500,2100,DISABLED,ENABLED,132,500,2100,DISABLED,ENABLED,131,500,2100,DISABLED,ENABLED,132,500,2100,DISABLED,ENABLED,131,500,2100,DISABLED,ENABLED,132,500,2100,DISABLED,ENABLED,900,900,1300,N/A,DISABLED,29,914,1333,N/A,ENABLED,29,914,1333,N/A,ENABLED,29,914,1333,N/A,ENABLED,29,914,1333,N/A,ENABLED,22,711,1143,N/A,ENABLED,22,711,1143,N/A,ENABLED,22,711,1143,N/A,ENABLED,22,711,1143,N/A,ENABLED,N/A,41,32
1744910137,0,138,N/A,N/A,N/A,N/A,ENABLED,132,500,2100,DISABLED,ENABLED,132,500,2100,DISABLED,ENABLED,131,500,2100,DISABLED,ENABLED,132,500,2100,DISABLED,ENABLED,131,500,2100,DISABLED,ENABLED,132,500,2100,DISABLED,ENABLED,131,500,2100,DISABLED,ENABLED,132,500,2100,DISABLED,ENABLED,900,900,1300,N/A,DISABLED,29,914,1333,N/A,ENABLED,29,914,1333,N/A,ENABLED,29,914,1333,N/A,ENABLED,29,914,1333,N/A,ENABLED,22,711,1143,N/A,ENABLED,22,711,1143,N/A,ENABLED,22,711,1143,N/A,ENABLED,22,711,1143,N/A,ENABLED,N/A,41,32
1744910139,0,138,N/A,N/A,N/A,N/A,ENABLED,132,500,2100,DISABLED,ENABLED,132,500,2100,DISABLED,ENABLED,131,500,2100,DISABLED,ENABLED,132,500,2100,DISABLED,ENABLED,131,500,2100,DISABLED,ENABLED,132,500,2100,DISABLED,ENABLED,131,500,2100,DISABLED,ENABLED,132,500,2100,DISABLED,ENABLED,900,900,1300,N/A,DISABLED,29,914,1333,N/A,ENABLED,29,914,1333,N/A,ENABLED,29,914,1333,N/A,ENABLED,29,914,1333,N/A,ENABLED,22,711,1143,N/A,ENABLED,22,711,1143,N/A,ENABLED,22,711,1143,N/A,ENABLED,22,711,1143,N/A,ENABLED,N/A,41,32
1744910140,0,138,N/A,N/A,N/A,N/A,ENABLED,132,500,2100,DISABLED,ENABLED,132,500,2100,DISABLED,ENABLED,131,500,2100,DISABLED,ENABLED,132,500,2100,DISABLED,ENABLED,131,500,2100,DISABLED,ENABLED,132,500,2100,DISABLED,ENABLED,131,500,2100,DISABLED,ENABLED,132,500,2100,DISABLED,ENABLED,900,900,1300,N/A,DISABLED,29,914,1333,N/A,ENABLED,29,914,1333,N/A,ENABLED,29,914,1333,N/A,ENABLED,29,914,1333,N/A,ENABLED,22,711,1143,N/A,ENABLED,22,711,1143,N/A,ENABLED,22,711,1143,N/A,ENABLED,22,711,1143,N/A,ENABLED,N/A,41,32
1744910141,0,138,N/A,N/A,N/A,N/A,ENABLED,134,500,2100,DISABLED,ENABLED,132,500,2100,DISABLED,ENABLED,131,500,2100,DISABLED,ENABLED,132,500,2100,DISABLED,ENABLED,131,500,2100,DISABLED,ENABLED,132,500,2100,DISABLED,ENABLED,131,500,2100,DISABLED,ENABLED,132,500,2100,DISABLED,ENABLED,900,900,1300,N/A,DISABLED,29,914,1333,N/A,ENABLED,29,914,1333,N/A,ENABLED,29,914,1333,N/A,ENABLED,29,914,1333,N/A,ENABLED,22,711,1143,N/A,ENABLED,22,711,1143,N/A,ENABLED,22,711,1143,N/A,ENABLED,22,711,1143,N/A,ENABLED,N/A,41,32
1744910142,0,138,N/A,N/A,N/A,N/A,ENABLED,133,500,2100,DISABLED,ENABLED,132,500,2100,DISABLED,ENABLED,131,500,2100,DISABLED,ENABLED,132,500,2100,DISABLED,ENABLED,131,500,2100,DISABLED,ENABLED,132,500,2100,DISABLED,ENABLED,131,500,2100,DISABLED,ENABLED,132,500,2100,DISABLED,ENABLED,900,900,1300,N/A,DISABLED,29,914,1333,N/A,ENABLED,29,914,1333,N/A,ENABLED,29,914,1333,N/A,ENABLED,29,914,1333,N/A,ENABLED,22,711,1143,N/A,ENABLED,22,711,1143,N/A,ENABLED,22,711,1143,N/A,ENABLED,22,711,1143,N/A,ENABLED,N/A,41,32
1744910144,0,138,N/A,N/A,N/A,N/A,ENABLED,132,500,2100,DISABLED,ENABLED,132,500,2100,DISABLED,ENABLED,131,500,2100,DISABLED,ENABLED,132,500,2100,DISABLED,ENABLED,131,500,2100,DISABLED,ENABLED,132,500,2100,DISABLED,ENABLED,131,500,2100,DISABLED,ENABLED,132,500,2100,DISABLED,ENABLED,900,900,1300,N/A,DISABLED,29,914,1333,N/A,ENABLED,29,914,1333,N/A,ENABLED,29,914,1333,N/A,ENABLED,29,914,1333,N/A,ENABLED,22,711,1143,N/A,ENABLED,22,711,1143,N/A,ENABLED,22,711,1143,N/A,ENABLED,22,711,1143,N/A,ENABLED,N/A,41,32
1744910145,0,138,N/A,N/A,N/A,N/A,ENABLED,132,500,2100,DISABLED,ENABLED,132,500,2100,DISABLED,ENABLED,131,500,2100,DISABLED,ENABLED,132,500,2100,DISABLED,ENABLED,131,500,2100,DISABLED,ENABLED,132,500,2100,DISABLED,ENABLED,131,500,2100,DISABLED,ENABLED,132,500,2100,DISABLED,ENABLED,900,900,1300,N/A,DISABLED,29,914,1333,N/A,ENABLED,29,914,1333,N/A,ENABLED,29,914,1333,N/A,ENABLED,29,914,1333,N/A,ENABLED,22,711,1143,N/A,ENABLED,22,711,1143,N/A,ENABLED,22,711,1143,N/A,ENABLED,22,711,1143,N/A,ENABLED,N/A,41,32
1744910146,0,138,N/A,N/A,N/A,N/A,ENABLED,132,500,2100,DISABLED,ENABLED,132,500,2100,DISABLED,ENABLED,131,500,2100,DISABLED,ENABLED,132,500,2100,DISABLED,ENABLED,131,500,2100,DISABLED,ENABLED,132,500,2100,DISABLED,ENABLED,131,500,2100,DISABLED,ENABLED,132,500,2100,DISABLED,ENABLED,900,900,1300,N/A,DISABLED,29,914,1333,N/A,ENABLED,29,914,1333,N/A,ENABLED,29,914,1333,N/A,ENABLED,29,914,1333,N/A,ENABLED,22,711,1143,N/A,ENABLED,22,711,1143,N/A,ENABLED,22,711,1143,N/A,ENABLED,22,711,1143,N/A,ENABLED,N/A,41,32
1744910148,0,138,N/A,N/A,N/A,N/A,ENABLED,132,500,2100,DISABLED,ENABLED,132,500,2100,DISABLED,ENABLED,131,500,2100,DISABLED,ENABLED,132,500,2100,DISABLED,ENABLED,131,500,2100,DISABLED,ENABLED,132,500,2100,DISABLED,ENABLED,131,500,2100,DISABLED,ENABLED,132,500,2100,DISABLED,ENABLED,900,900,1300,N/A,DISABLED,29,914,1333,N/A,ENABLED,29,914,1333,N/A,ENABLED,29,914,1333,N/A,ENABLED,29,914,1333,N/A,ENABLED,22,711,1143,N/A,ENABLED,22,711,1143,N/A,ENABLED,22,711,1143,N/A,ENABLED,22,711,1143,N/A,ENABLED,N/A,41,32
1744910149,0,138,N/A,N/A,N/A,N/A,ENABLED,132,500,2100,DISABLED,ENABLED,132,500,2100,DISABLED,ENABLED,131,500,2100,DISABLED,ENABLED,132,500,2100,DISABLED,ENABLED,131,500,2100,DISABLED,ENABLED,132,500,2100,DISABLED,ENABLED,131,500,2100,DISABLED,ENABLED,132,500,2100,DISABLED,ENABLED,900,900,1300,N/A,DISABLED,29,914,1333,N/A,ENABLED,29,914,1333,N/A,ENABLED,29,914,1333,N/A,ENABLED,29,914,1333,N/A,ENABLED,22,711,1143,N/A,ENABLED,22,711,1143,N/A,ENABLED,22,711,1143,N/A,ENABLED,22,711,1143,N/A,ENABLED,N/A,41,32
1744910150,0,138,N/A,N/A,N/A,N/A,ENABLED,150,154,2100,DISABLED,DISABLED,132,154,2100,DISABLED,ENABLED,131,154,2100,DISABLED,ENABLED,132,154,2100,DISABLED,ENABLED,131,154,2100,DISABLED,ENABLED,132,154,2100,DISABLED,ENABLED,131,154,2100,DISABLED,ENABLED,132,154,2100,DISABLED,ENABLED,900,900,1300,N/A,DISABLED,29,914,1333,N/A,ENABLED,29,914,1333,N/A,ENABLED,29,914,1333,N/A,ENABLED,29,914,1333,N/A,ENABLED,22,711,1143,N/A,ENABLED,22,711,1143,N/A,ENABLED,22,711,1143,N/A,ENABLED,22,711,1143,N/A,ENABLED,N/A,41,32
1744910151,0,319,N/A,N/A,N/A,N/A,ENABLED,1975,500,2100,DISABLED,DISABLED,1974,500,2100,DISABLED,DISABLED,1973,500,2100,DISABLED,DISABLED,1970,500,2100,DISABLED,DISABLED,1970,500,2100,DISABLED,DISABLED,1969,500,2100,DISABLED,DISABLED,1968,500,2100,DISABLED,DISABLED,1968,500,2100,DISABLED,DISABLED,969,900,1300,N/A,DISABLED,31,914,1333,N/A,ENABLED,31,914,1333,N/A,ENABLED,31,914,1333,N/A,ENABLED,31,914,1333,N/A,ENABLED,25,711,1143,N/A,ENABLED,25,711,1143,N/A,ENABLED,25,711,1143,N/A,ENABLED,25,711,1143,N/A,ENABLED,N/A,41,35
1744910153,0,734,N/A,N/A,N/A,N/A,ENABLED,1670,500,2100,DISABLED,DISABLED,1659,500,2100,DISABLED,DISABLED,1674,500,2100,DISABLED,DISABLED,1647,500,2100,DISABLED,DISABLED,1665,500,2100,DISABLED,DISABLED,1644,500,2100,DISABLED,DISABLED,1664,500,2100,DISABLED,DISABLED,1642,500,2100,DISABLED,DISABLED,1300,900,1300,N/A,DISABLED,42,914,1333,N/A,ENABLED,42,914,1333,N/A,ENABLED,42,914,1333,N/A,ENABLED,42,914,1333,N/A,ENABLED,36,711,1143,N/A,ENABLED,36,711,1143,N/A,ENABLED,36,711,1143,N/A,ENABLED,36,711,1143,N/A,ENABLED,N/A,49,46
1744910154,0,736,N/A,N/A,N/A,N/A,ENABLED,1667,500,2100,DISABLED,DISABLED,1655,500,2100,DISABLED,DISABLED,1671,500,2100,DISABLED,DISABLED,1645,500,2100,DISABLED,DISABLED,1662,500,2100,DISABLED,DISABLED,1642,500,2100,DISABLED,DISABLED,1662,500,2100,DISABLED,DISABLED,1639,500,2100,DISABLED,DISABLED,1300,900,1300,N/A,DISABLED,42,914,1333,N/A,ENABLED,42,914,1333,N/A,ENABLED,42,914,1333,N/A,ENABLED,42,914,1333,N/A,ENABLED,36,711,1143,N/A,ENABLED,36,711,1143,N/A,ENABLED,36,711,1143,N/A,ENABLED,36,711,1143,N/A,ENABLED,N/A,54,48
1744910155,0,736,N/A,N/A,N/A,N/A,ENABLED,1664,500,2100,DISABLED,DISABLED,1652,500,2100,DISABLED,DISABLED,1667,500,2100,DISABLED,DISABLED,1640,500,2100,DISABLED,DISABLED,1659,500,2100,DISABLED,DISABLED,1638,500,2100,DISABLED,DISABLED,1658,500,2100,DISABLED,DISABLED,1634,500,2100,DISABLED,DISABLED,1300,900,1300,N/A,DISABLED,42,914,1333,N/A,ENABLED,42,914,1333,N/A,ENABLED,42,914,1333,N/A,ENABLED,42,914,1333,N/A,ENABLED,36,711,1143,N/A,ENABLED,36,711,1143,N/A,ENABLED,36,711,1143,N/A,ENABLED,36,711,1143,N/A,ENABLED,N/A,57,49
1744910156,0,735,N/A,N/A,N/A,N/A,ENABLED,1668,500,2100,DISABLED,DISABLED,1655,500,2100,DISABLED,DISABLED,1669,500,2100,DISABLED,DISABLED,1643,500,2100,DISABLED,DISABLED,1661,500,2100,DISABLED,DISABLED,1639,500,2100,DISABLED,DISABLED,1660,500,2100,DISABLED,DISABLED,1636,500,2100,DISABLED,DISABLED,1300,900,1300,N/A,DISABLED,42,914,1333,N/A,ENABLED,42,914,1333,N/A,ENABLED,42,914,1333,N/A,ENABLED,42,914,1333,N/A,ENABLED,36,711,1143,N/A,ENABLED,36,711,1143,N/A,ENABLED,36,711,1143,N/A,ENABLED,36,711,1143,N/A,ENABLED,N/A,60,50
1744910158,0,737,N/A,N/A,N/A,N/A,ENABLED,1663,500,2100,DISABLED,DISABLED,1649,500,2100,DISABLED,DISABLED,1666,500,2100,DISABLED,DISABLED,1639,500,2100,DISABLED,DISABLED,1656,500,2100,DISABLED,DISABLED,1635,500,2100,DISABLED,DISABLED,1656,500,2100,DISABLED,DISABLED,1631,500,2100,DISABLED,DISABLED,1300,900,1300,N/A,DISABLED,42,914,1333,N/A,ENABLED,42,914,1333,N/A,ENABLED,42,914,1333,N/A,ENABLED,42,914,1333,N/A,ENABLED,36,711,1143,N/A,ENABLED,36,711,1143,N/A,ENABLED,36,711,1143,N/A,ENABLED,36,711,1143,N/A,ENABLED,N/A,62,50
1744910159,0,732,N/A,N/A,N/A,N/A,ENABLED,1661,500,2100,DISABLED,DISABLED,1648,500,2100,DISABLED,DISABLED,1664,500,2100,DISABLED,DISABLED,1636,500,2100,DISABLED,DISABLED,1654,500,2100,DISABLED,DISABLED,1633,500,2100,DISABLED,DISABLED,1653,500,2100,DISABLED,DISABLED,1628,500,2100,DISABLED,DISABLED,1300,900,1300,N/A,DISABLED,42,914,1333,N/A,ENABLED,42,914,1333,N/A,ENABLED,42,914,1333,N/A,ENABLED,42,914,1333,N/A,ENABLED,36,711,1143,N/A,ENABLED,36,711,1143,N/A,ENABLED,36,711,1143,N/A,ENABLED,36,711,1143,N/A,ENABLED,N/A,63,50
1744910160,0,735,N/A,N/A,N/A,N/A,ENABLED,1657,500,2100,DISABLED,DISABLED,1643,500,2100,DISABLED,DISABLED,1659,500,2100,DISABLED,DISABLED,1631,500,2100,DISABLED,DISABLED,1649,500,2100,DISABLED,DISABLED,1628,500,2100,DISABLED,DISABLED,1648,500,2100,DISABLED,DISABLED,1624,500,2100,DISABLED,DISABLED,1300,900,1300,N/A,DISABLED,42,914,1333,N/A,ENABLED,42,914,1333,N/A,ENABLED,42,914,1333,N/A,ENABLED,42,914,1333,N/A,ENABLED,36,711,1143,N/A,ENABLED,36,711,1143,N/A,ENABLED,36,711,1143,N/A,ENABLED,36,711,1143,N/A,ENABLED,N/A,64,50
1744910161,0,736,N/A,N/A,N/A,N/A,ENABLED,1660,500,2100,DISABLED,DISABLED,1647,500,2100,DISABLED,DISABLED,1662,500,2100,DISABLED,DISABLED,1636,500,2100,DISABLED,DISABLED,1654,500,2100,DISABLED,DISABLED,1633,500,2100,DISABLED,DISABLED,1653,500,2100,DISABLED,DISABLED,1629,500,2100,DISABLED,DISABLED,1300,900,1300,N/A,DISABLED,42,914,1333,N/A,ENABLED,42,914,1333,N/A,ENABLED,42,914,1333,N/A,ENABLED,42,914,1333,N/A,ENABLED,36,711,1143,N/A,ENABLED,36,711,1143,N/A,ENABLED,36,711,1143,N/A,ENABLED,36,711,1143,N/A,ENABLED,N/A,65,51
1744910163,0,739,N/A,N/A,N/A,N/A,ENABLED,1660,500,2100,DISABLED,DISABLED,1646,500,2100,DISABLED,DISABLED,1663,500,2100,DISABLED,DISABLED,1633,500,2100,DISABLED,DISABLED,1653,500,2100,DISABLED,DISABLED,1631,500,2100,DISABLED,DISABLED,1652,500,2100,DISABLED,DISABLED,1628,500,2100,DISABLED,DISABLED,1300,900,1300,N/A,DISABLED,42,914,1333,N/A,ENABLED,42,914,1333,N/A,ENABLED,42,914,1333,N/A,ENABLED,42,914,1333,N/A,ENABLED,36,711,1143,N/A,ENABLED,36,711,1143,N/A,ENABLED,36,711,1143,N/A,ENABLED,36,711,1143,N/A,ENABLED,N/A,66,51
1744910164,0,737,N/A,N/A,N/A,N/A,ENABLED,1656,500,2100,DISABLED,DISABLED,1641,500,2100,DISABLED,DISABLED,1659,500,2100,DISABLED,DISABLED,1630,500,2100,DISABLED,DISABLED,1649,500,2100,DISABLED,DISABLED,1627,500,2100,DISABLED,DISABLED,1647,500,2100,DISABLED,DISABLED,1622,500,2100,DISABLED,DISABLED,1300,900,1300,N/A,DISABLED,42,914,1333,N/A,ENABLED,42,914,1333,N/A,ENABLED,42,914,1333,N/A,ENABLED,42,914,1333,N/A,ENABLED,36,711,1143,N/A,ENABLED,36,711,1143,N/A,ENABLED,36,711,1143,N/A,ENABLED,36,711,1143,N/A,ENABLED,N/A,66,52
1744910165,0,738,N/A,N/A,N/A,N/A,ENABLED,1660,500,2100,DISABLED,DISABLED,1646,500,2100,DISABLED,DISABLED,1662,500,2100,DISABLED,DISABLED,1634,500,2100,DISABLED,DISABLED,1652,500,2100,DISABLED,DISABLED,1630,500,2100,DISABLED,DISABLED,1652,500,2100,DISABLED,DISABLED,1628,500,2100,DISABLED,DISABLED,1300,900,1300,N/A,DISABLED,42,914,1333,N/A,ENABLED,42,914,1333,N/A,ENABLED,42,914,1333,N/A,ENABLED,42,914,1333,N/A,ENABLED,36,711,1143,N/A,ENABLED,36,711,1143,N/A,ENABLED,36,711,1143,N/A,ENABLED,36,711,1143,N/A,ENABLED,N/A,67,52
1744910167,0,738,N/A,N/A,N/A,N/A,ENABLED,1658,500,2100,DISABLED,DISABLED,1644,500,2100,DISABLED,DISABLED,1659,500,2100,DISABLED,DISABLED,1631,500,2100,DISABLED,DISABLED,1651,500,2100,DISABLED,DISABLED,1628,500,2100,DISABLED,DISABLED,1651,500,2100,DISABLED,DISABLED,1626,500,2100,DISABLED,DISABLED,1300,900,1300,N/A,DISABLED,42,914,1333,N/A,ENABLED,42,914,1333,N/A,ENABLED,42,914,1333,N/A,ENABLED,42,914,1333,N/A,ENABLED,36,711,1143,N/A,ENABLED,36,711,1143,N/A,ENABLED,36,711,1143,N/A,ENABLED,36,711,1143,N/A,ENABLED,N/A,67,52
1744910168,0,737,N/A,N/A,N/A,N/A,ENABLED,1656,500,2100,DISABLED,DISABLED,1643,500,2100,DISABLED,DISABLED,1658,500,2100,DISABLED,DISABLED,1629,500,2100,DISABLED,DISABLED,1649,500,2100,DISABLED,DISABLED,1625,500,2100,DISABLED,DISABLED,1648,500,2100,DISABLED,DISABLED,1624,500,2100,DISABLED,DISABLED,1300,900,1300,N/A,DISABLED,42,914,1333,N/A,ENABLED,42,914,1333,N/A,ENABLED,42,914,1333,N/A,ENABLED,42,914,1333,N/A,ENABLED,36,711,1143,N/A,ENABLED,36,711,1143,N/A,ENABLED,36,711,1143,N/A,ENABLED,36,711,1143,N/A,ENABLED,N/A,68,52
1744910169,0,738,N/A,N/A,N/A,N/A,ENABLED,1655,500,2100,DISABLED,DISABLED,1641,500,2100,DISABLED,DISABLED,1657,500,2100,DISABLED,DISABLED,1628,500,2100,DISABLED,DISABLED,1648,500,2100,DISABLED,DISABLED,1625,500,2100,DISABLED,DISABLED,1648,500,2100,DISABLED,DISABLED,1623,500,2100,DISABLED,DISABLED,1300,900,1300,N/A,DISABLED,42,914,1333,N/A,ENABLED,42,914,1333,N/A,ENABLED,42,914,1333,N/A,ENABLED,42,914,1333,N/A,ENABLED,36,711,1143,N/A,ENABLED,36,711,1143,N/A,ENABLED,36,711,1143,N/A,ENABLED,36,711,1143,N/A,ENABLED,N/A,68,52
1744910170,0,739,N/A,N/A,N/A,N/A,ENABLED,1657,500,2100,DISABLED,DISABLED,1643,500,2100,DISABLED,DISABLED,1657,500,2100,DISABLED,DISABLED,1630,500,2100,DISABLED,DISABLED,1647,500,2100,DISABLED,DISABLED,1625,500,2100,DISABLED,DISABLED,1648,500,2100,DISABLED,DISABLED,1623,500,2100,DISABLED,DISABLED,1300,900,1300,N/A,DISABLED,42,914,1333,N/A,ENABLED,42,914,1333,N/A,ENABLED,42,914,1333,N/A,ENABLED,42,914,1333,N/A,ENABLED,36,711,1143,N/A,ENABLED,36,711,1143,N/A,ENABLED,36,711,1143,N/A,ENABLED,36,711,1143,N/A,ENABLED,N/A,68,52
1744910172,0,738,N/A,N/A,N/A,N/A,ENABLED,1657,500,2100,DISABLED,DISABLED,1642,500,2100,DISABLED,DISABLED,1658,500,2100,DISABLED,DISABLED,1629,500,2100,DISABLED,DISABLED,1648,500,2100,DISABLED,DISABLED,1626,500,2100,DISABLED,DISABLED,1647,500,2100,DISABLED,DISABLED,1623,500,2100,DISABLED,DISABLED,1300,900,1300,N/A,DISABLED,42,914,1333,N/A,ENABLED,42,914,1333,N/A,ENABLED,42,914,1333,N/A,ENABLED,42,914,1333,N/A,ENABLED,36,711,1143,N/A,ENABLED,36,711,1143,N/A,ENABLED,36,711,1143,N/A,ENABLED,36,711,1143,N/A,ENABLED,N/A,69,53
1744910173,0,738,N/A,N/A,N/A,N/A,ENABLED,1653,500,2100,DISABLED,DISABLED,1637,500,2100,DISABLED,DISABLED,1655,500,2100,DISABLED,DISABLED,1625,500,2100,DISABLED,DISABLED,1643,500,2100,DISABLED,DISABLED,1622,500,2100,DISABLED,DISABLED,1643,500,2100,DISABLED,DISABLED,1618,500,2100,DISABLED,DISABLED,1300,900,1300,N/A,DISABLED,42,914,1333,N/A,ENABLED,42,914,1333,N/A,ENABLED,42,914,1333,N/A,ENABLED,42,914,1333,N/A,ENABLED,36,711,1143,N/A,ENABLED,36,711,1143,N/A,ENABLED,36,711,1143,N/A,ENABLED,36,711,1143,N/A,ENABLED,N/A,69,53
1744910174,0,736,N/A,N/A,N/A,N/A,ENABLED,1654,500,2100,DISABLED,DISABLED,1639,500,2100,DISABLED,DISABLED,1655,500,2100,DISABLED,DISABLED,1626,500,2100,DISABLED,DISABLED,1644,500,2100,DISABLED,DISABLED,1623,500,2100,DISABLED,DISABLED,1645,500,2100,DISABLED,DISABLED,1621,500,2100,DISABLED,DISABLED,1300,900,1300,N/A,DISABLED,42,914,1333,N/A,ENABLED,42,914,1333,N/A,ENABLED,42,914,1333,N/A,ENABLED,42,914,1333,N/A,ENABLED,36,711,1143,N/A,ENABLED,36,711,1143,N/A,ENABLED,36,711,1143,N/A,ENABLED,36,711,1143,N/A,ENABLED,N/A,69,53
1744910175,0,738,N/A,N/A,N/A,N/A,ENABLED,1656,500,2100,DISABLED,DISABLED,1642,500,2100,DISABLED,DISABLED,1658,500,2100,DISABLED,DISABLED,1629,500,2100,DISABLED,DISABLED,1645,500,2100,DISABLED,DISABLED,1625,500,2100,DISABLED,DISABLED,1646,500,2100,DISABLED,DISABLED,1622,500,2100,DISABLED,DISABLED,1300,900,1300,N/A,DISABLED,42,914,1333,N/A,ENABLED,42,914,1333,N/A,ENABLED,42,914,1333,N/A,ENABLED,42,914,1333,N/A,ENABLED,36,711,1143,N/A,ENABLED,36,711,1143,N/A,ENABLED,36,711,1143,N/A,ENABLED,36,711,1143,N/A,ENABLED,N/A,69,53
1744910177,0,738,N/A,N/A,N/A,N/A,ENABLED,1656,500,2100,DISABLED,DISABLED,1641,500,2100,DISABLED,DISABLED,1656,500,2100,DISABLED,DISABLED,1627,500,2100,DISABLED,DISABLED,1644,500,2100,DISABLED,DISABLED,1624,500,2100,DISABLED,DISABLED,1644,500,2100,DISABLED,DISABLED,1620,500,2100,DISABLED,DISABLED,1300,900,1300,N/A,DISABLED,42,914,1333,N/A,ENABLED,42,914,1333,N/A,ENABLED,42,914,1333,N/A,ENABLED,42,914,1333,N/A,ENABLED,36,711,1143,N/A,ENABLED,36,711,1143,N/A,ENABLED,36,711,1143,N/A,ENABLED,36,711,1143,N/A,ENABLED,N/A,69,53
1744910178,0,740,N/A,N/A,N/A,N/A,ENABLED,1656,500,2100,DISABLED,DISABLED,1642,500,2100,DISABLED,DISABLED,1657,500,2100,DISABLED,DISABLED,1629,500,2100,DISABLED,DISABLED,1646,500,2100,DISABLED,DISABLED,1626,500,2100,DISABLED,DISABLED,1645,500,2100,DISABLED,DISABLED,1621,500,2100,DISABLED,DISABLED,1300,900,1300,N/A,DISABLED,42,914,1333,N/A,ENABLED,42,914,1333,N/A,ENABLED,42,914,1333,N/A,ENABLED,42,914,1333,N/A,ENABLED,36,711,1143,N/A,ENABLED,36,711,1143,N/A,ENABLED,36,711,1143,N/A,ENABLED,36,711,1143,N/A,ENABLED,N/A,70,53
1744910179,0,735,N/A,N/A,N/A,N/A,ENABLED,1654,500,2100,DISABLED,DISABLED,1639,500,2100,DISABLED,DISABLED,1654,500,2100,DISABLED,DISABLED,1626,500,2100,DISABLED,DISABLED,1645,500,2100,DISABLED,DISABLED,1623,500,2100,DISABLED,DISABLED,1643,500,2100,DISABLED,DISABLED,1619,500,2100,DISABLED,DISABLED,1300,900,1300,N/A,DISABLED,42,914,1333,N/A,ENABLED,42,914,1333,N/A,ENABLED,42,914,1333,N/A,ENABLED,42,914,1333,N/A,ENABLED,36,711,1143,N/A,ENABLED,36,711,1143,N/A,ENABLED,36,711,1143,N/A,ENABLED,36,711,1143,N/A,ENABLED,N/A,70,54
1744910180,0,734,N/A,N/A,N/A,N/A,ENABLED,1649,500,2100,DISABLED,DISABLED,1636,500,2100,DISABLED,DISABLED,1651,500,2100,DISABLED,DISABLED,1622,500,2100,DISABLED,DISABLED,1640,500,2100,DISABLED,DISABLED,1620,500,2100,DISABLED,DISABLED,1639,500,2100,DISABLED,DISABLED,1614,500,2100,DISABLED,DISABLED,1300,900,1300,N/A,DISABLED,42,914,1333,N/A,ENABLED,42,914,1333,N/A,ENABLED,42,914,1333,N/A,ENABLED,42,914,1333,N/A,ENABLED,36,711,1143,N/A,ENABLED,36,711,1143,N/A,ENABLED,36,711,1143,N/A,ENABLED,36,711,1143,N/A,ENABLED,N/A,70,54
1744910182,0,736,N/A,N/A,N/A,N/A,ENABLED,1650,500,2100,DISABLED,DISABLED,1634,500,2100,DISABLED,DISABLED,1651,500,2100,DISABLED,DISABLED,1622,500,2100,DISABLED,DISABLED,1640,500,2100,DISABLED,DISABLED,1619,500,2100,DISABLED,DISABLED,1638,500,2100,DISABLED,DISABLED,1613,500,2100,DISABLED,DISABLED,1300,900,1300,N/A,DISABLED,42,914,1333,N/A,ENABLED,42,914,1333,N/A,ENABLED,42,914,1333,N/A,ENABLED,42,914,1333,N/A,ENABLED,36,711,1143,N/A,ENABLED,36,711,1143,N/A,ENABLED,36,711,1143,N/A,ENABLED,36,711,1143,N/A,ENABLED,N/A,70,54
1744910183,0,737,N/A,N/A,N/A,N/A,ENABLED,1649,500,2100,DISABLED,DISABLED,1634,500,2100,DISABLED,DISABLED,1652,500,2100,DISABLED,DISABLED,1621,500,2100,DISABLED,DISABLED,1639,500,2100,DISABLED,DISABLED,1618,500,2100,DISABLED,DISABLED,1640,500,2100,DISABLED,DISABLED,1614,500,2100,DISABLED,DISABLED,1300,900,1300,N/A,DISABLED,42,914,1333,N/A,ENABLED,42,914,1333,N/A,ENABLED,42,914,1333,N/A,ENABLED,42,914,1333,N/A,ENABLED,36,711,1143,N/A,ENABLED,36,711,1143,N/A,ENABLED,36,711,1143,N/A,ENABLED,36,711,1143,N/A,ENABLED,N/A,70,54
1744910184,0,737,N/A,N/A,N/A,N/A,ENABLED,1652,500,2100,DISABLED,DISABLED,1636,500,2100,DISABLED,DISABLED,1651,500,2100,DISABLED,DISABLED,1623,500,2100,DISABLED,DISABLED,1640,500,2100,DISABLED,DISABLED,1620,500,2100,DISABLED,DISABLED,1640,500,2100,DISABLED,DISABLED,1615,500,2100,DISABLED,DISABLED,1300,900,1300,N/A,DISABLED,42,914,1333,N/A,ENABLED,42,914,1333,N/A,ENABLED,42,914,1333,N/A,ENABLED,42,914,1333,N/A,ENABLED,36,711,1143,N/A,ENABLED,36,711,1143,N/A,ENABLED,36,711,1143,N/A,ENABLED,36,711,1143,N/A,ENABLED,N/A,70,54
1744910185,0,740,N/A,N/A,N/A,N/A,ENABLED,1650,500,2100,DISABLED,DISABLED,1635,500,2100,DISABLED,DISABLED,1651,500,2100,DISABLED,DISABLED,1622,500,2100,DISABLED,DISABLED,1639,500,2100,DISABLED,DISABLED,1619,500,2100,DISABLED,DISABLED,1639,500,2100,DISABLED,DISABLED,1614,500,2100,DISABLED,DISABLED,1300,900,1300,N/A,DISABLED,42,914,1333,N/A,ENABLED,42,914,1333,N/A,ENABLED,42,914,1333,N/A,ENABLED,42,914,1333,N/A,ENABLED,36,711,1143,N/A,ENABLED,36,711,1143,N/A,ENABLED,36,711,1143,N/A,ENABLED,36,711,1143,N/A,ENABLED,N/A,70,54
1744910187,0,740,N/A,N/A,N/A,N/A,ENABLED,1654,500,2100,DISABLED,DISABLED,1640,500,2100,DISABLED,DISABLED,1655,500,2100,DISABLED,DISABLED,1626,500,2100,DISABLED,DISABLED,1644,500,2100,DISABLED,DISABLED,1623,500,2100,DISABLED,DISABLED,1644,500,2100,DISABLED,DISABLED,1619,500,2100,DISABLED,DISABLED,1300,900,1300,N/A,DISABLED,42,914,1333,N/A,ENABLED,42,914,1333,N/A,ENABLED,42,914,1333,N/A,ENABLED,42,914,1333,N/A,ENABLED,36,711,1143,N/A,ENABLED,36,711,1143,N/A,ENABLED,36,711,1143,N/A,ENABLED,36,711,1143,N/A,ENABLED,N/A,70,54
1744910188,0,734,N/A,N/A,N/A,N/A,ENABLED,1649,500,2100,DISABLED,DISABLED,1634,500,2100,DISABLED,DISABLED,1650,500,2100,DISABLED,DISABLED,1621,500,2100,DISABLED,DISABLED,1639,500,2100,DISABLED,DISABLED,1618,500,2100,DISABLED,DISABLED,1639,500,2100,DISABLED,DISABLED,1614,500,2100,DISABLED,DISABLED,1300,900,1300,N/A,DISABLED,42,914,1333,N/A,ENABLED,42,914,1333,N/A,ENABLED,42,914,1333,N/A,ENABLED,42,914,1333,N/A,ENABLED,36,711,1143,N/A,ENABLED,36,711,1143,N/A,ENABLED,36,711,1143,N/A,ENABLED,36,711,1143,N/A,ENABLED,N/A,70,54
1744910189,0,738,N/A,N/A,N/A,N/A,ENABLED,1647,500,2100,DISABLED,DISABLED,1634,500,2100,DISABLED,DISABLED,1647,500,2100,DISABLED,DISABLED,1618,500,2100,DISABLED,DISABLED,1637,500,2100,DISABLED,DISABLED,1616,500,2100,DISABLED,DISABLED,1637,500,2100,DISABLED,DISABLED,1611,500,2100,DISABLED,DISABLED,1300,900,1300,N/A,DISABLED,42,914,1333,N/A,ENABLED,42,914,1333,N/A,ENABLED,42,914,1333,N/A,ENABLED,42,914,1333,N/A,ENABLED,36,711,1143,N/A,ENABLED,36,711,1143,N/A,ENABLED,36,711,1143,N/A,ENABLED,36,711,1143,N/A,ENABLED,N/A,70,54
1744910190,0,739,N/A,N/A,N/A,N/A,ENABLED,1651,500,2100,DISABLED,DISABLED,1637,500,2100,DISABLED,DISABLED,1651,500,2100,DISABLED,DISABLED,1622,500,2100,DISABLED,DISABLED,1640,500,2100,DISABLED,DISABLED,1620,500,2100,DISABLED,DISABLED,1640,500,2100,DISABLED,DISABLED,1615,500,2100,DISABLED,DISABLED,1300,900,1300,N/A,DISABLED,42,914,1333,N/A,ENABLED,42,914,1333,N/A,ENABLED,42,914,1333,N/A,ENABLED,42,914,1333,N/A,ENABLED,36,711,1143,N/A,ENABLED,36,711,1143,N/A,ENABLED,36,711,1143,N/A,ENABLED,36,711,1143,N/A,ENABLED,N/A,70,54
1744910192,0,736,N/A,N/A,N/A,N/A,ENABLED,1650,500,2100,DISABLED,DISABLED,1636,500,2100,DISABLED,DISABLED,1650,500,2100,DISABLED,DISABLED,1621,500,2100,DISABLED,DISABLED,1639,500,2100,DISABLED,DISABLED,1618,500,2100,DISABLED,DISABLED,1639,500,2100,DISABLED,DISABLED,1614,500,2100,DISABLED,DISABLED,1300,900,1300,N/A,DISABLED,42,914,1333,N/A,ENABLED,42,914,1333,N/A,ENABLED,42,914,1333,N/A,ENABLED,42,914,1333,N/A,ENABLED,36,711,1143,N/A,ENABLED,36,711,1143,N/A,ENABLED,36,711,1143,N/A,ENABLED,36,711,1143,N/A,ENABLED,N/A,70,54
1744910193,0,738,N/A,N/A,N/A,N/A,ENABLED,1648,500,2100,DISABLED,DISABLED,1633,500,2100,DISABLED,DISABLED,1648,500,2100,DISABLED,DISABLED,1619,500,2100,DISABLED,DISABLED,1637,500,2100,DISABLED,DISABLED,1617,500,2100,DISABLED,DISABLED,1637,500,2100,DISABLED,DISABLED,1611,500,2100,DISABLED,DISABLED,1300,900,1300,N/A,DISABLED,42,914,1333,N/A,ENABLED,42,914,1333,N/A,ENABLED,42,914,1333,N/A,ENABLED,42,914,1333,N/A,ENABLED,36,711,1143,N/A,ENABLED,36,711,1143,N/A,ENABLED,36,711,1143,N/A,ENABLED,36,711,1143,N/A,ENABLED,N/A,70,54
1744910194,0,739,N/A,N/A,N/A,N/A,ENABLED,1650,500,2100,DISABLED,DISABLED,1636,500,2100,DISABLED,DISABLED,1650,500,2100,DISABLED,DISABLED,1620,500,2100,DISABLED,DISABLED,1639,500,2100,DISABLED,DISABLED,1618,500,2100,DISABLED,DISABLED,1640,500,2100,DISABLED,DISABLED,1615,500,2100,DISABLED,DISABLED,1300,900,1300,N/A,DISABLED,42,914,1333,N/A,ENABLED,42,914,1333,N/A,ENABLED,42,914,1333,N/A,ENABLED,42,914,1333,N/A,ENABLED,36,711,1143,N/A,ENABLED,36,711,1143,N/A,ENABLED,36,711,1143,N/A,ENABLED,36,711,1143,N/A,ENABLED,N/A,70,54
1744910195,0,739,N/A,N/A,N/A,N/A,ENABLED,1652,500,2100,DISABLED,DISABLED,1637,500,2100,DISABLED,DISABLED,1651,500,2100,DISABLED,DISABLED,1622,500,2100,DISABLED,DISABLED,1640,500,2100,DISABLED,DISABLED,1620,500,2100,DISABLED,DISABLED,1641,500,2100,DISABLED,DISABLED,1617,500,2100,DISABLED,DISABLED,1300,900,1300,N/A,DISABLED,42,914,1333,N/A,ENABLED,42,914,1333,N/A,ENABLED,42,914,1333,N/A,ENABLED,42,914,1333,N/A,ENABLED,36,711,1143,N/A,ENABLED,36,711,1143,N/A,ENABLED,36,711,1143,N/A,ENABLED,36,711,1143,N/A,ENABLED,N/A,71,54
1744910197,0,739,N/A,N/A,N/A,N/A,ENABLED,1653,500,2100,DISABLED,DISABLED,1639,500,2100,DISABLED,DISABLED,1652,500,2100,DISABLED,DISABLED,1624,500,2100,DISABLED,DISABLED,1642,500,2100,DISABLED,DISABLED,1621,500,2100,DISABLED,DISABLED,1643,500,2100,DISABLED,DISABLED,1618,500,2100,DISABLED,DISABLED,1300,900,1300,N/A,DISABLED,42,914,1333,N/A,ENABLED,42,914,1333,N/A,ENABLED,42,914,1333,N/A,ENABLED,42,914,1333,N/A,ENABLED,36,711,1143,N/A,ENABLED,36,711,1143,N/A,ENABLED,36,711,1143,N/A,ENABLED,36,711,1143,N/A,ENABLED,N/A,71,54
1744910198,0,739,N/A,N/A,N/A,N/A,ENABLED,1654,500,2100,DISABLED,DISABLED,1640,500,2100,DISABLED,DISABLED,1653,500,2100,DISABLED,DISABLED,1623,500,2100,DISABLED,DISABLED,1642,500,2100,DISABLED,DISABLED,1622,500,2100,DISABLED,DISABLED,1643,500,2100,DISABLED,DISABLED,1619,500,2100,DISABLED,DISABLED,1300,900,1300,N/A,DISABLED,42,914,1333,N/A,ENABLED,42,914,1333,N/A,ENABLED,42,914,1333,N/A,ENABLED,42,914,1333,N/A,ENABLED,36,711,1143,N/A,ENABLED,36,711,1143,N/A,ENABLED,36,711,1143,N/A,ENABLED,36,711,1143,N/A,ENABLED,N/A,71,54
1744910199,0,734,N/A,N/A,N/A,N/A,ENABLED,1649,500,2100,DISABLED,DISABLED,1633,500,2100,DISABLED,DISABLED,1648,500,2100,DISABLED,DISABLED,1618,500,2100,DISABLED,DISABLED,1636,500,2100,DISABLED,DISABLED,1617,500,2100,DISABLED,DISABLED,1637,500,2100,DISABLED,DISABLED,1612,500,2100,DISABLED,DISABLED,1300,900,1300,N/A,DISABLED,42,914,1333,N/A,ENABLED,42,914,1333,N/A,ENABLED,42,914,1333,N/A,ENABLED,42,914,1333,N/A,ENABLED,36,711,1143,N/A,ENABLED,36,711,1143,N/A,ENABLED,36,711,1143,N/A,ENABLED,36,711,1143,N/A,ENABLED,N/A,71,54
1744910200,0,740,N/A,N/A,N/A,N/A,ENABLED,1650,500,2100,DISABLED,DISABLED,1636,500,2100,DISABLED,DISABLED,1649,500,2100,DISABLED,DISABLED,1621,500,2100,DISABLED,DISABLED,1639,500,2100,DISABLED,DISABLED,1618,500,2100,DISABLED,DISABLED,1640,500,2100,DISABLED,DISABLED,1616,500,2100,DISABLED,DISABLED,1300,900,1300,N/A,DISABLED,42,914,1333,N/A,ENABLED,42,914,1333,N/A,ENABLED,42,914,1333,N/A,ENABLED,42,914,1333,N/A,ENABLED,36,711,1143,N/A,ENABLED,36,711,1143,N/A,ENABLED,36,711,1143,N/A,ENABLED,36,711,1143,N/A,ENABLED,N/A,71,55
1744910202,0,734,N/A,N/A,N/A,N/A,ENABLED,1653,500,2100,DISABLED,DISABLED,1636,500,2100,DISABLED,DISABLED,1652,500,2100,DISABLED,DISABLED,1622,500,2100,DISABLED,DISABLED,1641,500,2100,DISABLED,DISABLED,1621,500,2100,DISABLED,DISABLED,1642,500,2100,DISABLED,DISABLED,1616,500,2100,DISABLED,DISABLED,1300,900,1300,N/A,DISABLED,42,914,1333,N/A,ENABLED,42,914,1333,N/A,ENABLED,42,914,1333,N/A,ENABLED,42,914,1333,N/A,ENABLED,36,711,1143,N/A,ENABLED,36,711,1143,N/A,ENABLED,36,711,1143,N/A,ENABLED,36,711,1143,N/A,ENABLED,N/A,71,54
1744910203,0,739,N/A,N/A,N/A,N/A,ENABLED,1650,500,2100,DISABLED,DISABLED,1637,500,2100,DISABLED,DISABLED,1650,500,2100,DISABLED,DISABLED,1621,500,2100,DISABLED,DISABLED,1641,500,2100,DISABLED,DISABLED,1620,500,2100,DISABLED,DISABLED,1641,500,2100,DISABLED,DISABLED,1616,500,2100,DISABLED,DISABLED,1300,900,1300,N/A,DISABLED,42,914,1333,N/A,ENABLED,42,914,1333,N/A,ENABLED,42,914,1333,N/A,ENABLED,42,914,1333,N/A,ENABLED,36,711,1143,N/A,ENABLED,36,711,1143,N/A,ENABLED,36,711,1143,N/A,ENABLED,36,711,1143,N/A,ENABLED,N/A,71,54
1744910204,0,739,N/A,N/A,N/A,N/A,ENABLED,1653,500,2100,DISABLED,DISABLED,1640,500,2100,DISABLED,DISABLED,1651,500,2100,DISABLED,DISABLED,1624,500,2100,DISABLED,DISABLED,1643,500,2100,DISABLED,DISABLED,1622,500,2100,DISABLED,DISABLED,1643,500,2100,DISABLED,DISABLED,1619,500,2100,DISABLED,DISABLED,1300,900,1300,N/A,DISABLED,42,914,1333,N/A,ENABLED,42,914,1333,N/A,ENABLED,42,914,1333,N/A,ENABLED,42,914,1333,N/A,ENABLED,36,711,1143,N/A,ENABLED,36,711,1143,N/A,ENABLED,36,711,1143,N/A,ENABLED,36,711,1143,N/A,ENABLED,N/A,71,54
1744910205,0,737,N/A,N/A,N/A,N/A,ENABLED,1648,500,2100,DISABLED,DISABLED,1633,500,2100,DISABLED,DISABLED,1646,500,2100,DISABLED,DISABLED,1617,500,2100,DISABLED,DISABLED,1637,500,2100,DISABLED,DISABLED,1615,500,2100,DISABLED,DISABLED,1637,500,2100,DISABLED,DISABLED,1613,500,2100,DISABLED,DISABLED,1300,900,1300,N/A,DISABLED,42,914,1333,N/A,ENABLED,42,914,1333,N/A,ENABLED,42,914,1333,N/A,ENABLED,42,914,1333,N/A,ENABLED,36,711,1143,N/A,ENABLED,36,711,1143,N/A,ENABLED,36,711,1143,N/A,ENABLED,36,711,1143,N/A,ENABLED,N/A,71,54
1744910207,0,739,N/A,N/A,N/A,N/A,ENABLED,1649,500,2100,DISABLED,DISABLED,1634,500,2100,DISABLED,DISABLED,1646,500,2100,DISABLED,DISABLED,1618,500,2100,DISABLED,DISABLED,1637,500,2100,DISABLED,DISABLED,1616,500,2100,DISABLED,DISABLED,1638,500,2100,DISABLED,DISABLED,1613,500,2100,DISABLED,DISABLED,1300,900,1300,N/A,DISABLED,42,914,1333,N/A,ENABLED,42,914,1333,N/A,ENABLED,42,914,1333,N/A,ENABLED,42,914,1333,N/A,ENABLED,36,711,1143,N/A,ENABLED,36,711,1143,N/A,ENABLED,36,711,1143,N/A,ENABLED,36,711,1143,N/A,ENABLED,N/A,71,54
1744910208,0,739,N/A,N/A,N/A,N/A,ENABLED,1648,500,2100,DISABLED,DISABLED,1633,500,2100,DISABLED,DISABLED,1645,500,2100,DISABLED,DISABLED,1617,500,2100,DISABLED,DISABLED,1636,500,2100,DISABLED,DISABLED,1615,500,2100,DISABLED,DISABLED,1636,500,2100,DISABLED,DISABLED,1612,500,2100,DISABLED,DISABLED,1300,900,1300,N/A,DISABLED,42,914,1333,N/A,ENABLED,42,914,1333,N/A,ENABLED,42,914,1333,N/A,ENABLED,42,914,1333,N/A,ENABLED,36,711,1143,N/A,ENABLED,36,711,1143,N/A,ENABLED,36,711,1143,N/A,ENABLED,36,711,1143,N/A,ENABLED,N/A,71,54
1744910209,0,739,N/A,N/A,N/A,N/A,ENABLED,1647,500,2100,DISABLED,DISABLED,1632,500,2100,DISABLED,DISABLED,1646,500,2100,DISABLED,DISABLED,1617,500,2100,DISABLED,DISABLED,1636,500,2100,DISABLED,DISABLED,1616,500,2100,DISABLED,DISABLED,1636,500,2100,DISABLED,DISABLED,1612,500,2100,DISABLED,DISABLED,1300,900,1300,N/A,DISABLED,42,914,1333,N/A,ENABLED,42,914,1333,N/A,ENABLED,42,914,1333,N/A,ENABLED,42,914,1333,N/A,ENABLED,36,711,1143,N/A,ENABLED,36,711,1143,N/A,ENABLED,36,711,1143,N/A,ENABLED,36,711,1143,N/A,ENABLED,N/A,71,54
1744910210,0,734,N/A,N/A,N/A,N/A,ENABLED,1652,500,2100,DISABLED,DISABLED,1637,500,2100,DISABLED,DISABLED,1652,500,2100,DISABLED,DISABLED,1623,500,2100,DISABLED,DISABLED,1641,500,2100,DISABLED,DISABLED,1620,500,2100,DISABLED,DISABLED,1640,500,2100,DISABLED,DISABLED,1616,500,2100,DISABLED,DISABLED,1300,900,1300,N/A,DISABLED,42,914,1333,N/A,ENABLED,42,914,1333,N/A,ENABLED,42,914,1333,N/A,ENABLED,42,914,1333,N/A,ENABLED,36,711,1143,N/A,ENABLED,36,711,1143,N/A,ENABLED,36,711,1143,N/A,ENABLED,36,711,1143,N/A,ENABLED,N/A,71,54
1744910212,0,738,N/A,N/A,N/A,N/A,ENABLED,1647,500,2100,DISABLED,DISABLED,1631,500,2100,DISABLED,DISABLED,1646,500,2100,DISABLED,DISABLED,1616,500,2100,DISABLED,DISABLED,1634,500,2100,DISABLED,DISABLED,1613,500,2100,DISABLED,DISABLED,1635,500,2100,DISABLED,DISABLED,1610,500,2100,DISABLED,DISABLED,1300,900,1300,N/A,DISABLED,42,914,1333,N/A,ENABLED,42,914,1333,N/A,ENABLED,42,914,1333,N/A,ENABLED,42,914,1333,N/A,ENABLED,36,711,1143,N/A,ENABLED,36,711,1143,N/A,ENABLED,36,711,1143,N/A,ENABLED,36,711,1143,N/A,ENABLED,N/A,71,54
1744910213,0,734,N/A,N/A,N/A,N/A,ENABLED,1650,500,2100,DISABLED,DISABLED,1635,500,2100,DISABLED,DISABLED,1647,500,2100,DISABLED,DISABLED,1620,500,2100,DISABLED,DISABLED,1638,500,2100,DISABLED,DISABLED,1616,500,2100,DISABLED,DISABLED,1638,500,2100,DISABLED,DISABLED,1613,500,2100,DISABLED,DISABLED,1300,900,1300,N/A,DISABLED,42,914,1333,N/A,ENABLED,42,914,1333,N/A,ENABLED,42,914,1333,N/A,ENABLED,42,914,1333,N/A,ENABLED,36,711,1143,N/A,ENABLED,36,711,1143,N/A,ENABLED,36,711,1143,N/A,ENABLED,36,711,1143,N/A,ENABLED,N/A,71,54
1744910214,0,739,N/A,N/A,N/A,N/A,ENABLED,1653,500,2100,DISABLED,DISABLED,1637,500,2100,DISABLED,DISABLED,1649,500,2100,DISABLED,DISABLED,1621,500,2100,DISABLED,DISABLED,1640,500,2100,DISABLED,DISABLED,1620,500,2100,DISABLED,DISABLED,1640,500,2100,DISABLED,DISABLED,1616,500,2100,DISABLED,DISABLED,1300,900,1300,N/A,DISABLED,42,914,1333,N/A,ENABLED,42,914,1333,N/A,ENABLED,42,914,1333,N/A,ENABLED,42,914,1333,N/A,ENABLED,36,711,1143,N/A,ENABLED,36,711,1143,N/A,ENABLED,36,711,1143,N/A,ENABLED,36,711,1143,N/A,ENABLED,N/A,71,54
1744910216,0,736,N/A,N/A,N/A,N/A,ENABLED,1654,500,2100,DISABLED,DISABLED,1638,500,2100,DISABLED,DISABLED,1652,500,2100,DISABLED,DISABLED,1623,500,2100,DISABLED,DISABLED,1641,500,2100,DISABLED,DISABLED,1620,500,2100,DISABLED,DISABLED,1641,500,2100,DISABLED,DISABLED,1617,500,2100,DISABLED,DISABLED,1300,900,1300,N/A,DISABLED,42,914,1333,N/A,ENABLED,42,914,1333,N/A,ENABLED,42,914,1333,N/A,ENABLED,42,914,1333,N/A,ENABLED,36,711,1143,N/A,ENABLED,36,711,1143,N/A,ENABLED,36,711,1143,N/A,ENABLED,36,711,1143,N/A,ENABLED,N/A,71,54
1744910217,0,739,N/A,N/A,N/A,N/A,ENABLED,1656,500,2100,DISABLED,DISABLED,1640,500,2100,DISABLED,DISABLED,1654,500,2100,DISABLED,DISABLED,1625,500,2100,DISABLED,DISABLED,1643,500,2100,DISABLED,DISABLED,1622,500,2100,DISABLED,DISABLED,1643,500,2100,DISABLED,DISABLED,1618,500,2100,DISABLED,DISABLED,1300,900,1300,N/A,DISABLED,42,914,1333,N/A,ENABLED,42,914,1333,N/A,ENABLED,42,914,1333,N/A,ENABLED,42,914,1333,N/A,ENABLED,36,711,1143,N/A,ENABLED,36,711,1143,N/A,ENABLED,36,711,1143,N/A,ENABLED,36,711,1143,N/A,ENABLED,N/A,71,54
1744910218,0,738,N/A,N/A,N/A,N/A,ENABLED,1655,500,2100,DISABLED,DISABLED,1640,500,2100,DISABLED,DISABLED,1653,500,2100,DISABLED,DISABLED,1625,500,2100,DISABLED,DISABLED,1643,500,2100,DISABLED,DISABLED,1622,500,2100,DISABLED,DISABLED,1643,500,2100,DISABLED,DISABLED,1618,500,2100,DISABLED,DISABLED,1300,900,1300,N/A,DISABLED,42,914,1333,N/A,ENABLED,42,914,1333,N/A,ENABLED,42,914,1333,N/A,ENABLED,42,914,1333,N/A,ENABLED,36,711,1143,N/A,ENABLED,36,711,1143,N/A,ENABLED,36,711,1143,N/A,ENABLED,36,711,1143,N/A,ENABLED,N/A,71,54
1744910219,0,735,N/A,N/A,N/A,N/A,ENABLED,1655,500,2100,DISABLED,DISABLED,1640,500,2100,DISABLED,DISABLED,1652,500,2100,DISABLED,DISABLED,1624,500,2100,DISABLED,DISABLED,1643,500,2100,DISABLED,DISABLED,1621,500,2100,DISABLED,DISABLED,1642,500,2100,DISABLED,DISABLED,1618,500,2100,DISABLED,DISABLED,1300,900,1300,N/A,DISABLED,42,914,1333,N/A,ENABLED,42,914,1333,N/A,ENABLED,42,914,1333,N/A,ENABLED,42,914,1333,N/A,ENABLED,36,711,1143,N/A,ENABLED,36,711,1143,N/A,ENABLED,36,711,1143,N/A,ENABLED,36,711,1143,N/A,ENABLED,N/A,71,54
1744910221,0,738,N/A,N/A,N/A,N/A,ENABLED,1649,500,2100,DISABLED,DISABLED,1634,500,2100,DISABLED,DISABLED,1647,500,2100,DISABLED,DISABLED,1618,500,2100,DISABLED,DISABLED,1637,500,2100,DISABLED,DISABLED,1617,500,2100,DISABLED,DISABLED,1637,500,2100,DISABLED,DISABLED,1611,500,2100,DISABLED,DISABLED,1300,900,1300,N/A,DISABLED,42,914,1333,N/A,ENABLED,42,914,1333,N/A,ENABLED,42,914,1333,N/A,ENABLED,42,914,1333,N/A,ENABLED,36,711,1143,N/A,ENABLED,36,711,1143,N/A,ENABLED,36,711,1143,N/A,ENABLED,36,711,1143,N/A,ENABLED,N/A,70,54
1744910222,0,739,N/A,N/A,N/A,N/A,ENABLED,1655,500,2100,DISABLED,DISABLED,1641,500,2100,DISABLED,DISABLED,1654,500,2100,DISABLED,DISABLED,1624,500,2100,DISABLED,DISABLED,1644,500,2100,DISABLED,DISABLED,1622,500,2100,DISABLED,DISABLED,1644,500,2100,DISABLED,DISABLED,1619,500,2100,DISABLED,DISABLED,1300,900,1300,N/A,DISABLED,42,914,1333,N/A,ENABLED,42,914,1333,N/A,ENABLED,42,914,1333,N/A,ENABLED,42,914,1333,N/A,ENABLED,36,711,1143,N/A,ENABLED,36,711,1143,N/A,ENABLED,36,711,1143,N/A,ENABLED,36,711,1143,N/A,ENABLED,N/A,70,53
1744910223,0,736,N/A,N/A,N/A,N/A,ENABLED,1647,500,2100,DISABLED,DISABLED,1632,500,2100,DISABLED,DISABLED,1645,500,2100,DISABLED,DISABLED,1615,500,2100,DISABLED,DISABLED,1635,500,2100,DISABLED,DISABLED,1614,500,2100,DISABLED,DISABLED,1635,500,2100,DISABLED,DISABLED,1611,500,2100,DISABLED,DISABLED,1300,900,1300,N/A,DISABLED,42,914,1333,N/A,ENABLED,42,914,1333,N/A,ENABLED,42,914,1333,N/A,ENABLED,42,914,1333,N/A,ENABLED,36,711,1143,N/A,ENABLED,36,711,1143,N/A,ENABLED,36,711,1143,N/A,ENABLED,36,711,1143,N/A,ENABLED,N/A,70,54
1744910224,0,738,N/A,N/A,N/A,N/A,ENABLED,1653,500,2100,DISABLED,DISABLED,1640,500,2100,DISABLED,DISABLED,1651,500,2100,DISABLED,DISABLED,1623,500,2100,DISABLED,DISABLED,1642,500,2100,DISABLED,DISABLED,1621,500,2100,DISABLED,DISABLED,1643,500,2100,DISABLED,DISABLED,1617,500,2100,DISABLED,DISABLED,1300,900,1300,N/A,DISABLED,42,914,1333,N/A,ENABLED,42,914,1333,N/A,ENABLED,42,914,1333,N/A,ENABLED,42,914,1333,N/A,ENABLED,36,711,1143,N/A,ENABLED,36,711,1143,N/A,ENABLED,36,711,1143,N/A,ENABLED,36,711,1143,N/A,ENABLED,N/A,70,53
1744910226,0,734,N/A,N/A,N/A,N/A,ENABLED,1649,500,2100,DISABLED,DISABLED,1635,500,2100,DISABLED,DISABLED,1648,500,2100,DISABLED,DISABLED,1619,500,2100,DISABLED,DISABLED,1638,500,2100,DISABLED,DISABLED,1616,500,2100,DISABLED,DISABLED,1639,500,2100,DISABLED,DISABLED,1613,500,2100,DISABLED,DISABLED,1300,900,1300,N/A,DISABLED,42,914,1333,N/A,ENABLED,42,914,1333,N/A,ENABLED,42,914,1333,N/A,ENABLED,42,914,1333,N/A,ENABLED,36,711,1143,N/A,ENABLED,36,711,1143,N/A,ENABLED,36,711,1143,N/A,ENABLED,36,711,1143,N/A,ENABLED,N/A,70,53
1744910227,0,736,N/A,N/A,N/A,N/A,ENABLED,1651,500,2100,DISABLED,DISABLED,1636,500,2100,DISABLED,DISABLED,1650,500,2100,DISABLED,DISABLED,1620,500,2100,DISABLED,DISABLED,1639,500,2100,DISABLED,DISABLED,1618,500,2100,DISABLED,DISABLED,1639,500,2100,DISABLED,DISABLED,1613,500,2100,DISABLED,DISABLED,1300,900,1300,N/A,DISABLED,42,914,1333,N/A,ENABLED,42,914,1333,N/A,ENABLED,42,914,1333,N/A,ENABLED,42,914,1333,N/A,ENABLED,36,711,1143,N/A,ENABLED,36,711,1143,N/A,ENABLED,36,711,1143,N/A,ENABLED,36,711,1143,N/A,ENABLED,N/A,70,54
1744910228,0,734,N/A,N/A,N/A,N/A,ENABLED,1651,500,2100,DISABLED,DISABLED,1636,500,2100,DISABLED,DISABLED,1651,500,2100,DISABLED,DISABLED,1622,500,2100,DISABLED,DISABLED,1640,500,2100,DISABLED,DISABLED,1618,500,2100,DISABLED,DISABLED,1641,500,2100,DISABLED,DISABLED,1615,500,2100,DISABLED,DISABLED,1300,900,1300,N/A,DISABLED,42,914,1333,N/A,ENABLED,42,914,1333,N/A,ENABLED,42,914,1333,N/A,ENABLED,42,914,1333,N/A,ENABLED,36,711,1143,N/A,ENABLED,36,711,1143,N/A,ENABLED,36,711,1143,N/A,ENABLED,36,711,1143,N/A,ENABLED,N/A,70,53
1744910229,0,739,N/A,N/A,N/A,N/A,ENABLED,1652,500,2100,DISABLED,DISABLED,1636,500,2100,DISABLED,DISABLED,1649,500,2100,DISABLED,DISABLED,1621,500,2100,DISABLED,DISABLED,1641,500,2100,DISABLED,DISABLED,1620,500,2100,DISABLED,DISABLED,1640,500,2100,DISABLED,DISABLED,1615,500,2100,DISABLED,DISABLED,1300,900,1300,N/A,DISABLED,42,914,1333,N/A,ENABLED,42,914,1333,N/A,ENABLED,42,914,1333,N/A,ENABLED,42,914,1333,N/A,ENABLED,36,711,1143,N/A,ENABLED,36,711,1143,N/A,ENABLED,36,711,1143,N/A,ENABLED,36,711,1143,N/A,ENABLED,N/A,70,53
1744910231,0,738,N/A,N/A,N/A,N/A,ENABLED,1658,500,2100,DISABLED,DISABLED,1642,500,2100,DISABLED,DISABLED,1656,500,2100,DISABLED,DISABLED,1626,500,2100,DISABLED,DISABLED,1647,500,2100,DISABLED,DISABLED,1626,500,2100,DISABLED,DISABLED,1647,500,2100,DISABLED,DISABLED,1621,500,2100,DISABLED,DISABLED,1300,900,1300,N/A,DISABLED,42,914,1333,N/A,ENABLED,42,914,1333,N/A,ENABLED,42,914,1333,N/A,ENABLED,42,914,1333,N/A,ENABLED,36,711,1143,N/A,ENABLED,36,711,1143,N/A,ENABLED,36,711,1143,N/A,ENABLED,36,711,1143,N/A,ENABLED,N/A,70,53
1744910232,0,738,N/A,N/A,N/A,N/A,ENABLED,1654,500,2100,DISABLED,DISABLED,1641,500,2100,DISABLED,DISABLED,1653,500,2100,DISABLED,DISABLED,1624,500,2100,DISABLED,DISABLED,1644,500,2100,DISABLED,DISABLED,1621,500,2100,DISABLED,DISABLED,1644,500,2100,DISABLED,DISABLED,1618,500,2100,DISABLED,DISABLED,1300,900,1300,N/A,DISABLED,42,914,1333,N/A,ENABLED,42,914,1333,N/A,ENABLED,42,914,1333,N/A,ENABLED,42,914,1333,N/A,ENABLED,36,711,1143,N/A,ENABLED,36,711,1143,N/A,ENABLED,36,711,1143,N/A,ENABLED,36,711,1143,N/A,ENABLED,N/A,70,53
1744910233,0,739,N/A,N/A,N/A,N/A,ENABLED,1659,500,2100,DISABLED,DISABLED,1644,500,2100,DISABLED,DISABLED,1657,500,2100,DISABLED,DISABLED,1628,500,2100,DISABLED,DISABLED,1648,500,2100,DISABLED,DISABLED,1627,500,2100,DISABLED,DISABLED,1648,500,2100,DISABLED,DISABLED,1623,500,2100,DISABLED,DISABLED,1300,900,1300,N/A,DISABLED,42,914,1333,N/A,ENABLED,42,914,1333,N/A,ENABLED,42,914,1333,N/A,ENABLED,42,914,1333,N/A,ENABLED,36,711,1143,N/A,ENABLED,36,711,1143,N/A,ENABLED,36,711,1143,N/A,ENABLED,36,711,1143,N/A,ENABLED,N/A,70,53
1744910234,0,736,N/A,N/A,N/A,N/A,ENABLED,1656,500,2100,DISABLED,DISABLED,1640,500,2100,DISABLED,DISABLED,1654,500,2100,DISABLED,DISABLED,1625,500,2100,DISABLED,DISABLED,1643,500,2100,DISABLED,DISABLED,1623,500,2100,DISABLED,DISABLED,1642,500,2100,DISABLED,DISABLED,1618,500,2100,DISABLED,DISABLED,1300,900,1300,N/A,DISABLED,42,914,1333,N/A,ENABLED,42,914,1333,N/A,ENABLED,42,914,1333,N/A,ENABLED,42,914,1333,N/A,ENABLED,36,711,1143,N/A,ENABLED,36,711,1143,N/A,ENABLED,36,711,1143,N/A,ENABLED,36,711,1143,N/A,ENABLED,N/A,70,53
1744910236,0,739,N/A,N/A,N/A,N/A,ENABLED,1658,500,2100,DISABLED,DISABLED,1643,500,2100,DISABLED,DISABLED,1657,500,2100,DISABLED,DISABLED,1627,500,2100,DISABLED,DISABLED,1646,500,2100,DISABLED,DISABLED,1625,500,2100,DISABLED,DISABLED,1645,500,2100,DISABLED,DISABLED,1621,500,2100,DISABLED,DISABLED,1300,900,1300,N/A,DISABLED,42,914,1333,N/A,ENABLED,42,914,1333,N/A,ENABLED,42,914,1333,N/A,ENABLED,42,914,1333,N/A,ENABLED,36,711,1143,N/A,ENABLED,36,711,1143,N/A,ENABLED,36,711,1143,N/A,ENABLED,36,711,1143,N/A,ENABLED,N/A,70,52
1744910237,0,738,N/A,N/A,N/A,N/A,ENABLED,1660,500,2100,DISABLED,DISABLED,1646,500,2100,DISABLED,DISABLED,1658,500,2100,DISABLED,DISABLED,1628,500,2100,DISABLED,DISABLED,1647,500,2100,DISABLED,DISABLED,1626,500,2100,DISABLED,DISABLED,1646,500,2100,DISABLED,DISABLED,1623,500,2100,DISABLED,DISABLED,1300,900,1300,N/A,DISABLED,42,914,1333,N/A,ENABLED,42,914,1333,N/A,ENABLED,42,914,1333,N/A,ENABLED,42,914,1333,N/A,ENABLED,36,711,1143,N/A,ENABLED,36,711,1143,N/A,ENABLED,36,711,1143,N/A,ENABLED,36,711,1143,N/A,ENABLED,N/A,70,52
1744910238,0,739,N/A,N/A,N/A,N/A,ENABLED,1659,500,2100,DISABLED,DISABLED,1645,500,2100,DISABLED,DISABLED,1657,500,2100,DISABLED,DISABLED,1628,500,2100,DISABLED,DISABLED,1647,500,2100,DISABLED,DISABLED,1625,500,2100,DISABLED,DISABLED,1647,500,2100,DISABLED,DISABLED,1622,500,2100,DISABLED,DISABLED,1300,900,1300,N/A,DISABLED,42,914,1333,N/A,ENABLED,42,914,1333,N/A,ENABLED,42,914,1333,N/A,ENABLED,42,914,1333,N/A,ENABLED,36,711,1143,N/A,ENABLED,36,711,1143,N/A,ENABLED,36,711,1143,N/A,ENABLED,36,711,1143,N/A,ENABLED,N/A,70,52
1744910239,0,735,N/A,N/A,N/A,N/A,ENABLED,1657,500,2100,DISABLED,DISABLED,1643,500,2100,DISABLED,DISABLED,1656,500,2100,DISABLED,DISABLED,1625,500,2100,DISABLED,DISABLED,1644,500,2100,DISABLED,DISABLED,1623,500,2100,DISABLED,DISABLED,1645,500,2100,DISABLED,DISABLED,1621,500,2100,DISABLED,DISABLED,1300,900,1300,N/A,DISABLED,42,914,1333,N/A,ENABLED,42,914,1333,N/A,ENABLED,42,914,1333,N/A,ENABLED,42,914,1333,N/A,ENABLED,36,711,1143,N/A,ENABLED,36,711,1143,N/A,ENABLED,36,711,1143,N/A,ENABLED,36,711,1143,N/A,ENABLED,N/A,70,52
1744910241,0,738,N/A,N/A,N/A,N/A,ENABLED,1657,500,2100,DISABLED,DISABLED,1642,500,2100,DISABLED,DISABLED,1656,500,2100,DISABLED,DISABLED,1627,500,2100,DISABLED,DISABLED,1645,500,2100,DISABLED,DISABLED,1623,500,2100,DISABLED,DISABLED,1644,500,2100,DISABLED,DISABLED,1619,500,2100,DISABLED,DISABLED,1300,900,1300,N/A,DISABLED,42,914,1333,N/A,ENABLED,42,914,1333,N/A,ENABLED,42,914,1333,N/A,ENABLED,42,914,1333,N/A,ENABLED,36,711,1143,N/A,ENABLED,36,711,1143,N/A,ENABLED,36,711,1143,N/A,ENABLED,36,711,1143,N/A,ENABLED,N/A,70,52
1744910242,0,738,N/A,N/A,N/A,N/A,ENABLED,1657,500,2100,DISABLED,DISABLED,1643,500,2100,DISABLED,DISABLED,1655,500,2100,DISABLED,DISABLED,1626,500,2100,DISABLED,DISABLED,1647,500,2100,DISABLED,DISABLED,1624,500,2100,DISABLED,DISABLED,1645,500,2100,DISABLED,DISABLED,1621,500,2100,DISABLED,DISABLED,1300,900,1300,N/A,DISABLED,42,914,1333,N/A,ENABLED,42,914,1333,N/A,ENABLED,42,914,1333,N/A,ENABLED,42,914,1333,N/A,ENABLED,36,711,1143,N/A,ENABLED,36,711,1143,N/A,ENABLED,36,711,1143,N/A,ENABLED,36,711,1143,N/A,ENABLED,N/A,70,52
1744910243,0,739,N/A,N/A,N/A,N/A,ENABLED,1658,500,2100,DISABLED,DISABLED,1642,500,2100,DISABLED,DISABLED,1655,500,2100,DISABLED,DISABLED,1628,500,2100,DISABLED,DISABLED,1646,500,2100,DISABLED,DISABLED,1624,500,2100,DISABLED,DISABLED,1643,500,2100,DISABLED,DISABLED,1619,500,2100,DISABLED,DISABLED,1300,900,1300,N/A,DISABLED,42,914,1333,N/A,ENABLED,42,914,1333,N/A,ENABLED,42,914,1333,N/A,ENABLED,42,914,1333,N/A,ENABLED,36,711,1143,N/A,ENABLED,36,711,1143,N/A,ENABLED,36,711,1143,N/A,ENABLED,36,711,1143,N/A,ENABLED,N/A,69,52
1744910244,0,733,N/A,N/A,N/A,N/A,ENABLED,1658,500,2100,DISABLED,DISABLED,1645,500,2100,DISABLED,DISABLED,1656,500,2100,DISABLED,DISABLED,1628,500,2100,DISABLED,DISABLED,1647,500,2100,DISABLED,DISABLED,1624,500,2100,DISABLED,DISABLED,1646,500,2100,DISABLED,DISABLED,1622,500,2100,DISABLED,DISABLED,1300,900,1300,N/A,DISABLED,42,914,1333,N/A,ENABLED,42,914,1333,N/A,ENABLED,42,914,1333,N/A,ENABLED,42,914,1333,N/A,ENABLED,36,711,1143,N/A,ENABLED,36,711,1143,N/A,ENABLED,36,711,1143,N/A,ENABLED,36,711,1143,N/A,ENABLED,N/A,69,52
1744910246,0,738,N/A,N/A,N/A,N/A,ENABLED,1661,500,2100,DISABLED,DISABLED,1646,500,2100,DISABLED,DISABLED,1658,500,2100,DISABLED,DISABLED,1629,500,2100,DISABLED,DISABLED,1648,500,2100,DISABLED,DISABLED,1626,500,2100,DISABLED,DISABLED,1648,500,2100,DISABLED,DISABLED,1623,500,2100,DISABLED,DISABLED,1300,900,1300,N/A,DISABLED,42,914,1333,N/A,ENABLED,42,914,1333,N/A,ENABLED,42,914,1333,N/A,ENABLED,42,914,1333,N/A,ENABLED,36,711,1143,N/A,ENABLED,36,711,1143,N/A,ENABLED,36,711,1143,N/A,ENABLED,36,711,1143,N/A,ENABLED,N/A,69,52
1744910247,0,737,N/A,N/A,N/A,N/A,ENABLED,1661,500,2100,DISABLED,DISABLED,1644,500,2100,DISABLED,DISABLED,1657,500,2100,DISABLED,DISABLED,1628,500,2100,DISABLED,DISABLED,1648,500,2100,DISABLED,DISABLED,1625,500,2100,DISABLED,DISABLED,1647,500,2100,DISABLED,DISABLED,1620,500,2100,DISABLED,DISABLED,1300,900,1300,N/A,DISABLED,42,914,1333,N/A,ENABLED,42,914,1333,N/A,ENABLED,42,914,1333,N/A,ENABLED,42,914,1333,N/A,ENABLED,36,711,1143,N/A,ENABLED,36,711,1143,N/A,ENABLED,36,711,1143,N/A,ENABLED,36,711,1143,N/A,ENABLED,N/A,69,52
1744910248,0,737,N/A,N/A,N/A,N/A,ENABLED,1658,500,2100,DISABLED,DISABLED,1643,500,2100,DISABLED,DISABLED,1655,500,2100,DISABLED,DISABLED,1628,500,2100,DISABLED,DISABLED,1647,500,2100,DISABLED,DISABLED,1624,500,2100,DISABLED,DISABLED,1644,500,2100,DISABLED,DISABLED,1619,500,2100,DISABLED,DISABLED,1300,900,1300,N/A,DISABLED,42,914,1333,N/A,ENABLED,42,914,1333,N/A,ENABLED,42,914,1333,N/A,ENABLED,42,914,1333,N/A,ENABLED,36,711,1143,N/A,ENABLED,36,711,1143,N/A,ENABLED,36,711,1143,N/A,ENABLED,36,711,1143,N/A,ENABLED,N/A,69,52
1744910249,0,733,N/A,N/A,N/A,N/A,ENABLED,1659,500,2100,DISABLED,DISABLED,1645,500,2100,DISABLED,DISABLED,1656,500,2100,DISABLED,DISABLED,1628,500,2100,DISABLED,DISABLED,1647,500,2100,DISABLED,DISABLED,1623,500,2100,DISABLED,DISABLED,1645,500,2100,DISABLED,DISABLED,1620,500,2100,DISABLED,DISABLED,1300,900,1300,N/A,DISABLED,42,914,1333,N/A,ENABLED,42,914,1333,N/A,ENABLED,42,914,1333,N/A,ENABLED,42,914,1333,N/A,ENABLED,36,711,1143,N/A,ENABLED,36,711,1143,N/A,ENABLED,36,711,1143,N/A,ENABLED,36,711,1143,N/A,ENABLED,N/A,69,51
1744910251,0,735,N/A,N/A,N/A,N/A,ENABLED,1661,500,2100,DISABLED,DISABLED,1647,500,2100,DISABLED,DISABLED,1659,500,2100,DISABLED,DISABLED,1631,500,2100,DISABLED,DISABLED,1649,500,2100,DISABLED,DISABLED,1626,500,2100,DISABLED,DISABLED,1648,500,2100,DISABLED,DISABLED,1623,500,2100,DISABLED,DISABLED,1300,900,1300,N/A,DISABLED,42,914,1333,N/A,ENABLED,42,914,1333,N/A,ENABLED,42,914,1333,N/A,ENABLED,42,914,1333,N/A,ENABLED,36,711,1143,N/A,ENABLED,36,711,1143,N/A,ENABLED,36,711,1143,N/A,ENABLED,36,711,1143,N/A,ENABLED,N/A,69,51
1744910252,0,738,N/A,N/A,N/A,N/A,ENABLED,1662,500,2100,DISABLED,DISABLED,1648,500,2100,DISABLED,DISABLED,1660,500,2100,DISABLED,DISABLED,1630,500,2100,DISABLED,DISABLED,1650,500,2100,DISABLED,DISABLED,1627,500,2100,DISABLED,DISABLED,1649,500,2100,DISABLED,DISABLED,1624,500,2100,DISABLED,DISABLED,1300,900,1300,N/A,DISABLED,42,914,1333,N/A,ENABLED,42,914,1333,N/A,ENABLED,42,914,1333,N/A,ENABLED,42,914,1333,N/A,ENABLED,36,711,1143,N/A,ENABLED,36,711,1143,N/A,ENABLED,36,711,1143,N/A,ENABLED,36,711,1143,N/A,ENABLED,N/A,69,51
1744910253,0,738,N/A,N/A,N/A,N/A,ENABLED,1661,500,2100,DISABLED,DISABLED,1645,500,2100,DISABLED,DISABLED,1658,500,2100,DISABLED,DISABLED,1629,500,2100,DISABLED,DISABLED,1648,500,2100,DISABLED,DISABLED,1626,500,2100,DISABLED,DISABLED,1647,500,2100,DISABLED,DISABLED,1623,500,2100,DISABLED,DISABLED,1300,900,1300,N/A,DISABLED,42,914,1333,N/A,ENABLED,42,914,1333,N/A,ENABLED,42,914,1333,N/A,ENABLED,42,914,1333,N/A,ENABLED,36,711,1143,N/A,ENABLED,36,711,1143,N/A,ENABLED,36,711,1143,N/A,ENABLED,36,711,1143,N/A,ENABLED,N/A,69,52
1744910255,0,736,N/A,N/A,N/A,N/A,ENABLED,1656,500,2100,DISABLED,DISABLED,1641,500,2100,DISABLED,DISABLED,1654,500,2100,DISABLED,DISABLED,1624,500,2100,DISABLED,DISABLED,1644,500,2100,DISABLED,DISABLED,1622,500,2100,DISABLED,DISABLED,1644,500,2100,DISABLED,DISABLED,1619,500,2100,DISABLED,DISABLED,1300,900,1300,N/A,DISABLED,42,914,1333,N/A,ENABLED,42,914,1333,N/A,ENABLED,42,914,1333,N/A,ENABLED,42,914,1333,N/A,ENABLED,36,711,1143,N/A,ENABLED,36,711,1143,N/A,ENABLED,36,711,1143,N/A,ENABLED,36,711,1143,N/A,ENABLED,N/A,68,51
1744910256,0,738,N/A,N/A,N/A,N/A,ENABLED,1665,500,2100,DISABLED,DISABLED,1651,500,2100,DISABLED,DISABLED,1664,500,2100,DISABLED,DISABLED,1634,500,2100,DISABLED,DISABLED,1654,500,2100,DISABLED,DISABLED,1632,500,2100,DISABLED,DISABLED,1653,500,2100,DISABLED,DISABLED,1629,500,2100,DISABLED,DISABLED,1300,900,1300,N/A,DISABLED,42,914,1333,N/A,ENABLED,42,914,1333,N/A,ENABLED,42,914,1333,N/A,ENABLED,42,914,1333,N/A,ENABLED,36,711,1143,N/A,ENABLED,36,711,1143,N/A,ENABLED,36,711,1143,N/A,ENABLED,36,711,1143,N/A,ENABLED,N/A,68,51
1744910257,0,737,N/A,N/A,N/A,N/A,ENABLED,1659,500,2100,DISABLED,DISABLED,1644,500,2100,DISABLED,DISABLED,1657,500,2100,DISABLED,DISABLED,1628,500,2100,DISABLED,DISABLED,1648,500,2100,DISABLED,DISABLED,1626,500,2100,DISABLED,DISABLED,1644,500,2100,DISABLED,DISABLED,1620,500,2100,DISABLED,DISABLED,1300,900,1300,N/A,DISABLED,42,914,1333,N/A,ENABLED,42,914,1333,N/A,ENABLED,42,914,1333,N/A,ENABLED,42,914,1333,N/A,ENABLED,36,711,1143,N/A,ENABLED,36,711,1143,N/A,ENABLED,36,711,1143,N/A,ENABLED,36,711,1143,N/A,ENABLED,N/A,68,51
1744910258,0,736,N/A,N/A,N/A,N/A,ENABLED,1660,500,2100,DISABLED,DISABLED,1645,500,2100,DISABLED,DISABLED,1657,500,2100,DISABLED,DISABLED,1628,500,2100,DISABLED,DISABLED,1647,500,2100,DISABLED,DISABLED,1626,500,2100,DISABLED,DISABLED,1644,500,2100,DISABLED,DISABLED,1621,500,2100,DISABLED,DISABLED,1300,900,1300,N/A,DISABLED,42,914,1333,N/A,ENABLED,42,914,1333,N/A,ENABLED,42,914,1333,N/A,ENABLED,42,914,1333,N/A,ENABLED,36,711,1143,N/A,ENABLED,36,711,1143,N/A,ENABLED,36,711,1143,N/A,ENABLED,36,711,1143,N/A,ENABLED,N/A,68,51
1744910260,0,732,N/A,N/A,N/A,N/A,ENABLED,1658,500,2100,DISABLED,DISABLED,1643,500,2100,DISABLED,DISABLED,1655,500,2100,DISABLED,DISABLED,1627,500,2100,DISABLED,DISABLED,1645,500,2100,DISABLED,DISABLED,1623,500,2100,DISABLED,DISABLED,1644,500,2100,DISABLED,DISABLED,1620,500,2100,DISABLED,DISABLED,1300,900,1300,N/A,DISABLED,42,914,1333,N/A,ENABLED,42,914,1333,N/A,ENABLED,42,914,1333,N/A,ENABLED,42,914,1333,N/A,ENABLED,36,711,1143,N/A,ENABLED,36,711,1143,N/A,ENABLED,36,711,1143,N/A,ENABLED,36,711,1143,N/A,ENABLED,N/A,68,51
1744910261,0,737,N/A,N/A,N/A,N/A,ENABLED,1664,500,2100,DISABLED,DISABLED,1650,500,2100,DISABLED,DISABLED,1662,500,2100,DISABLED,DISABLED,1633,500,2100,DISABLED,DISABLED,1653,500,2100,DISABLED,DISABLED,1630,500,2100,DISABLED,DISABLED,1650,500,2100,DISABLED,DISABLED,1626,500,2100,DISABLED,DISABLED,1300,900,1300,N/A,DISABLED,42,914,1333,N/A,ENABLED,42,914,1333,N/A,ENABLED,42,914,1333,N/A,ENABLED,42,914,1333,N/A,ENABLED,36,711,1143,N/A,ENABLED,36,711,1143,N/A,ENABLED,36,711,1143,N/A,ENABLED,36,711,1143,N/A,ENABLED,N/A,68,51
1744910262,0,732,N/A,N/A,N/A,N/A,ENABLED,1655,500,2100,DISABLED,DISABLED,1641,500,2100,DISABLED,DISABLED,1653,500,2100,DISABLED,DISABLED,1624,500,2100,DISABLED,DISABLED,1644,500,2100,DISABLED,DISABLED,1622,500,2100,DISABLED,DISABLED,1642,500,2100,DISABLED,DISABLED,1619,500,2100,DISABLED,DISABLED,1300,900,1300,N/A,DISABLED,42,914,1333,N/A,ENABLED,42,914,1333,N/A,ENABLED,42,914,1333,N/A,ENABLED,42,914,1333,N/A,ENABLED,36,711,1143,N/A,ENABLED,36,711,1143,N/A,ENABLED,36,711,1143,N/A,ENABLED,36,711,1143,N/A,ENABLED,N/A,68,51
1744910263,0,738,N/A,N/A,N/A,N/A,ENABLED,1663,500,2100,DISABLED,DISABLED,1648,500,2100,DISABLED,DISABLED,1659,500,2100,DISABLED,DISABLED,1630,500,2100,DISABLED,DISABLED,1650,500,2100,DISABLED,DISABLED,1628,500,2100,DISABLED,DISABLED,1649,500,2100,DISABLED,DISABLED,1626,500,2100,DISABLED,DISABLED,1300,900,1300,N/A,DISABLED,42,914,1333,N/A,ENABLED,42,914,1333,N/A,ENABLED,42,914,1333,N/A,ENABLED,42,914,1333,N/A,ENABLED,36,711,1143,N/A,ENABLED,36,711,1143,N/A,ENABLED,36,711,1143,N/A,ENABLED,36,711,1143,N/A,ENABLED,N/A,68,51
1744910265,0,736,N/A,N/A,N/A,N/A,ENABLED,1660,500,2100,DISABLED,DISABLED,1645,500,2100,DISABLED,DISABLED,1657,500,2100,DISABLED,DISABLED,1629,500,2100,DISABLED,DISABLED,1648,500,2100,DISABLED,DISABLED,1626,500,2100,DISABLED,DISABLED,1647,500,2100,DISABLED,DISABLED,1624,500,2100,DISABLED,DISABLED,1300,900,1300,N/A,DISABLED,42,914,1333,N/A,ENABLED,42,914,1333,N/A,ENABLED,42,914,1333,N/A,ENABLED,42,914,1333,N/A,ENABLED,36,711,1143,N/A,ENABLED,36,711,1143,N/A,ENABLED,36,711,1143,N/A,ENABLED,36,711,1143,N/A,ENABLED,N/A,68,51
1744910266,0,736,N/A,N/A,N/A,N/A,ENABLED,1657,500,2100,DISABLED,DISABLED,1644,500,2100,DISABLED,DISABLED,1656,500,2100,DISABLED,DISABLED,1628,500,2100,DISABLED,DISABLED,1647,500,2100,DISABLED,DISABLED,1624,500,2100,DISABLED,DISABLED,1645,500,2100,DISABLED,DISABLED,1622,500,2100,DISABLED,DISABLED,1300,900,1300,N/A,DISABLED,42,914,1333,N/A,ENABLED,42,914,1333,N/A,ENABLED,42,914,1333,N/A,ENABLED,42,914,1333,N/A,ENABLED,36,711,1143,N/A,ENABLED,36,711,1143,N/A,ENABLED,36,711,1143,N/A,ENABLED,36,711,1143,N/A,ENABLED,N/A,68,51
1744910267,0,738,N/A,N/A,N/A,N/A,ENABLED,1659,500,2100,DISABLED,DISABLED,1644,500,2100,DISABLED,DISABLED,1656,500,2100,DISABLED,DISABLED,1629,500,2100,DISABLED,DISABLED,1648,500,2100,DISABLED,DISABLED,1626,500,2100,DISABLED,DISABLED,1646,500,2100,DISABLED,DISABLED,1622,500,2100,DISABLED,DISABLED,1300,900,1300,N/A,DISABLED,42,914,1333,N/A,ENABLED,42,914,1333,N/A,ENABLED,42,914,1333,N/A,ENABLED,42,914,1333,N/A,ENABLED,36,711,1143,N/A,ENABLED,36,711,1143,N/A,ENABLED,36,711,1143,N/A,ENABLED,36,711,1143,N/A,ENABLED,N/A,68,51
1744910268,0,733,N/A,N/A,N/A,N/A,ENABLED,1658,500,2100,DISABLED,DISABLED,1643,500,2100,DISABLED,DISABLED,1655,500,2100,DISABLED,DISABLED,1626,500,2100,DISABLED,DISABLED,1646,500,2100,DISABLED,DISABLED,1625,500,2100,DISABLED,DISABLED,1644,500,2100,DISABLED,DISABLED,1620,500,2100,DISABLED,DISABLED,1300,900,1300,N/A,DISABLED,42,914,1333,N/A,ENABLED,42,914,1333,N/A,ENABLED,42,914,1333,N/A,ENABLED,42,914,1333,N/A,ENABLED,36,711,1143,N/A,ENABLED,36,711,1143,N/A,ENABLED,36,711,1143,N/A,ENABLED,36,711,1143,N/A,ENABLED,N/A,68,51
1744910270,0,736,N/A,N/A,N/A,N/A,ENABLED,1664,500,2100,DISABLED,DISABLED,1647,500,2100,DISABLED,DISABLED,1660,500,2100,DISABLED,DISABLED,1631,500,2100,DISABLED,DISABLED,1651,500,2100,DISABLED,DISABLED,1630,500,2100,DISABLED,DISABLED,1649,500,2100,DISABLED,DISABLED,1627,500,2100,DISABLED,DISABLED,1300,900,1300,N/A,DISABLED,42,914,1333,N/A,ENABLED,42,914,1333,N/A,ENABLED,42,914,1333,N/A,ENABLED,42,914,1333,N/A,ENABLED,36,711,1143,N/A,ENABLED,36,711,1143,N/A,ENABLED,36,711,1143,N/A,ENABLED,36,711,1143,N/A,ENABLED,N/A,68,51
1744910271,0,734,N/A,N/A,N/A,N/A,ENABLED,1659,500,2100,DISABLED,DISABLED,1642,500,2100,DISABLED,DISABLED,1654,500,2100,DISABLED,DISABLED,1625,500,2100,DISABLED,DISABLED,1646,500,2100,DISABLED,DISABLED,1625,500,2100,DISABLED,DISABLED,1643,500,2100,DISABLED,DISABLED,1620,500,2100,DISABLED,DISABLED,1300,900,1300,N/A,DISABLED,42,914,1333,N/A,ENABLED,42,914,1333,N/A,ENABLED,42,914,1333,N/A,ENABLED,42,914,1333,N/A,ENABLED,36,711,1143,N/A,ENABLED,36,711,1143,N/A,ENABLED,36,711,1143,N/A,ENABLED,36,711,1143,N/A,ENABLED,N/A,68,51
1744910272,0,737,N/A,N/A,N/A,N/A,ENABLED,1663,500,2100,DISABLED,DISABLED,1648,500,2100,DISABLED,DISABLED,1659,500,2100,DISABLED,DISABLED,1630,500,2100,DISABLED,DISABLED,1652,500,2100,DISABLED,DISABLED,1630,500,2100,DISABLED,DISABLED,1649,500,2100,DISABLED,DISABLED,1625,500,2100,DISABLED,DISABLED,1300,900,1300,N/A,DISABLED,42,914,1333,N/A,ENABLED,42,914,1333,N/A,ENABLED,42,914,1333,N/A,ENABLED,42,914,1333,N/A,ENABLED,36,711,1143,N/A,ENABLED,36,711,1143,N/A,ENABLED,36,711,1143,N/A,ENABLED,36,711,1143,N/A,ENABLED,N/A,68,51
1744910273,0,737,N/A,N/A,N/A,N/A,ENABLED,1658,500,2100,DISABLED,DISABLED,1643,500,2100,DISABLED,DISABLED,1654,500,2100,DISABLED,DISABLED,1626,500,2100,DISABLED,DISABLED,1646,500,2100,DISABLED,DISABLED,1624,500,2100,DISABLED,DISABLED,1646,500,2100,DISABLED,DISABLED,1620,500,2100,DISABLED,DISABLED,1300,900,1300,N/A,DISABLED,42,914,1333,N/A,ENABLED,42,914,1333,N/A,ENABLED,42,914,1333,N/A,ENABLED,42,914,1333,N/A,ENABLED,36,711,1143,N/A,ENABLED,36,711,1143,N/A,ENABLED,36,711,1143,N/A,ENABLED,36,711,1143,N/A,ENABLED,N/A,68,51
1744910275,0,738,N/A,N/A,N/A,N/A,ENABLED,1666,500,2100,DISABLED,DISABLED,1652,500,2100,DISABLED,DISABLED,1661,500,2100,DISABLED,DISABLED,1633,500,2100,DISABLED,DISABLED,1654,500,2100,DISABLED,DISABLED,1632,500,2100,DISABLED,DISABLED,1652,500,2100,DISABLED,DISABLED,1628,500,2100,DISABLED,DISABLED,1300,900,1300,N/A,DISABLED,42,914,1333,N/A,ENABLED,42,914,1333,N/A,ENABLED,42,914,1333,N/A,ENABLED,42,914,1333,N/A,ENABLED,36,711,1143,N/A,ENABLED,36,711,1143,N/A,ENABLED,36,711,1143,N/A,ENABLED,36,711,1143,N/A,ENABLED,N/A,68,51
1744910276,0,737,N/A,N/A,N/A,N/A,ENABLED,1665,500,2100,DISABLED,DISABLED,1650,500,2100,DISABLED,DISABLED,1662,500,2100,DISABLED,DISABLED,1636,500,2100,DISABLED,DISABLED,1653,500,2100,DISABLED,DISABLED,1632,500,2100,DISABLED,DISABLED,1652,500,2100,DISABLED,DISABLED,1626,500,2100,DISABLED,DISABLED,1300,900,1300,N/A,DISABLED,42,914,1333,N/A,ENABLED,42,914,1333,N/A,ENABLED,42,914,1333,N/A,ENABLED,42,914,1333,N/A,ENABLED,36,711,1143,N/A,ENABLED,36,711,1143,N/A,ENABLED,36,711,1143,N/A,ENABLED,36,711,1143,N/A,ENABLED,N/A,68,51
1744910277,0,737,N/A,N/A,N/A,N/A,ENABLED,1663,500,2100,DISABLED,DISABLED,1649,500,2100,DISABLED,DISABLED,1660,500,2100,DISABLED,DISABLED,1633,500,2100,DISABLED,DISABLED,1653,500,2100,DISABLED,DISABLED,1631,500,2100,DISABLED,DISABLED,1651,500,2100,DISABLED,DISABLED,1625,500,2100,DISABLED,DISABLED,1300,900,1300,N/A,DISABLED,42,914,1333,N/A,ENABLED,42,914,1333,N/A,ENABLED,42,914,1333,N/A,ENABLED,42,914,1333,N/A,ENABLED,36,711,1143,N/A,ENABLED,36,711,1143,N/A,ENABLED,36,711,1143,N/A,ENABLED,36,711,1143,N/A,ENABLED,N/A,68,51
1744910278,0,736,N/A,N/A,N/A,N/A,ENABLED,1660,500,2100,DISABLED,DISABLED,1645,500,2100,DISABLED,DISABLED,1656,500,2100,DISABLED,DISABLED,1630,500,2100,DISABLED,DISABLED,1649,500,2100,DISABLED,DISABLED,1626,500,2100,DISABLED,DISABLED,1646,500,2100,DISABLED,DISABLED,1622,500,2100,DISABLED,DISABLED,1300,900,1300,N/A,DISABLED,42,914,1333,N/A,ENABLED,42,914,1333,N/A,ENABLED,42,914,1333,N/A,ENABLED,42,914,1333,N/A,ENABLED,36,711,1143,N/A,ENABLED,36,711,1143,N/A,ENABLED,36,711,1143,N/A,ENABLED,36,711,1143,N/A,ENABLED,N/A,68,51
1744910280,0,732,N/A,N/A,N/A,N/A,ENABLED,1659,500,2100,DISABLED,DISABLED,1644,500,2100,DISABLED,DISABLED,1657,500,2100,DISABLED,DISABLED,1629,500,2100,DISABLED,DISABLED,1648,500,2100,DISABLED,DISABLED,1626,500,2100,DISABLED,DISABLED,1646,500,2100,DISABLED,DISABLED,1621,500,2100,DISABLED,DISABLED,1300,900,1300,N/A,DISABLED,42,914,1333,N/A,ENABLED,42,914,1333,N/A,ENABLED,42,914,1333,N/A,ENABLED,42,914,1333,N/A,ENABLED,36,711,1143,N/A,ENABLED,36,711,1143,N/A,ENABLED,36,711,1143,N/A,ENABLED,36,711,1143,N/A,ENABLED,N/A,68,51
1744910281,0,734,N/A,N/A,N/A,N/A,ENABLED,1660,500,2100,DISABLED,DISABLED,1647,500,2100,DISABLED,DISABLED,1660,500,2100,DISABLED,DISABLED,1632,500,2100,DISABLED,DISABLED,1651,500,2100,DISABLED,DISABLED,1629,500,2100,DISABLED,DISABLED,1649,500,2100,DISABLED,DISABLED,1625,500,2100,DISABLED,DISABLED,1300,900,1300,N/A,DISABLED,42,914,1333,N/A,ENABLED,42,914,1333,N/A,ENABLED,42,914,1333,N/A,ENABLED,42,914,1333,N/A,ENABLED,36,711,1143,N/A,ENABLED,36,711,1143,N/A,ENABLED,36,711,1143,N/A,ENABLED,36,711,1143,N/A,ENABLED,N/A,68,51
1744910282,0,737,N/A,N/A,N/A,N/A,ENABLED,1665,500,2100,DISABLED,DISABLED,1650,500,2100,DISABLED,DISABLED,1662,500,2100,DISABLED,DISABLED,1633,500,2100,DISABLED,DISABLED,1653,500,2100,DISABLED,DISABLED,1631,500,2100,DISABLED,DISABLED,1651,500,2100,DISABLED,DISABLED,1626,500,2100,DISABLED,DISABLED,1300,900,1300,N/A,DISABLED,42,914,1333,N/A,ENABLED,42,914,1333,N/A,ENABLED,42,914,1333,N/A,ENABLED,42,914,1333,N/A,ENABLED,36,711,1143,N/A,ENABLED,36,711,1143,N/A,ENABLED,36,711,1143,N/A,ENABLED,36,711,1143,N/A,ENABLED,N/A,68,51
1744910283,0,737,N/A,N/A,N/A,N/A,ENABLED,1663,500,2100,DISABLED,DISABLED,1647,500,2100,DISABLED,DISABLED,1660,500,2100,DISABLED,DISABLED,1630,500,2100,DISABLED,DISABLED,1651,500,2100,DISABLED,DISABLED,1628,500,2100,DISABLED,DISABLED,1648,500,2100,DISABLED,DISABLED,1625,500,2100,DISABLED,DISABLED,1300,900,1300,N/A,DISABLED,42,914,1333,N/A,ENABLED,42,914,1333,N/A,ENABLED,42,914,1333,N/A,ENABLED,42,914,1333,N/A,ENABLED,36,711,1143,N/A,ENABLED,36,711,1143,N/A,ENABLED,36,711,1143,N/A,ENABLED,36,711,1143,N/A,ENABLED,N/A,68,51
1744910285,0,737,N/A,N/A,N/A,N/A,ENABLED,1661,500,2100,DISABLED,DISABLED,1646,500,2100,DISABLED,DISABLED,1658,500,2100,DISABLED,DISABLED,1629,500,2100,DISABLED,DISABLED,1649,500,2100,DISABLED,DISABLED,1627,500,2100,DISABLED,DISABLED,1647,500,2100,DISABLED,DISABLED,1623,500,2100,DISABLED,DISABLED,1300,900,1300,N/A,DISABLED,42,914,1333,N/A,ENABLED,42,914,1333,N/A,ENABLED,42,914,1333,N/A,ENABLED,42,914,1333,N/A,ENABLED,36,711,1143,N/A,ENABLED,36,711,1143,N/A,ENABLED,36,711,1143,N/A,ENABLED,36,711,1143,N/A,ENABLED,N/A,68,51
1744910286,0,735,N/A,N/A,N/A,N/A,ENABLED,1661,500,2100,DISABLED,DISABLED,1646,500,2100,DISABLED,DISABLED,1657,500,2100,DISABLED,DISABLED,1629,500,2100,DISABLED,DISABLED,1649,500,2100,DISABLED,DISABLED,1627,500,2100,DISABLED,DISABLED,1648,500,2100,DISABLED,DISABLED,1623,500,2100,DISABLED,DISABLED,1300,900,1300,N/A,DISABLED,42,914,1333,N/A,ENABLED,42,914,1333,N/A,ENABLED,42,914,1333,N/A,ENABLED,42,914,1333,N/A,ENABLED,36,711,1143,N/A,ENABLED,36,711,1143,N/A,ENABLED,36,711,1143,N/A,ENABLED,36,711,1143,N/A,ENABLED,N/A,68,51
1744910287,0,738,N/A,N/A,N/A,N/A,ENABLED,1667,500,2100,DISABLED,DISABLED,1654,500,2100,DISABLED,DISABLED,1665,500,2100,DISABLED,DISABLED,1637,500,2100,DISABLED,DISABLED,1656,500,2100,DISABLED,DISABLED,1633,500,2100,DISABLED,DISABLED,1653,500,2100,DISABLED,DISABLED,1630,500,2100,DISABLED,DISABLED,1300,900,1300,N/A,DISABLED,42,914,1333,N/A,ENABLED,42,914,1333,N/A,ENABLED,42,914,1333,N/A,ENABLED,42,914,1333,N/A,ENABLED,36,711,1143,N/A,ENABLED,36,711,1143,N/A,ENABLED,36,711,1143,N/A,ENABLED,36,711,1143,N/A,ENABLED,N/A,68,51
1744910288,0,737,N/A,N/A,N/A,N/A,ENABLED,1663,500,2100,DISABLED,DISABLED,1648,500,2100,DISABLED,DISABLED,1659,500,2100,DISABLED,DISABLED,1630,500,2100,DISABLED,DISABLED,1651,500,2100,DISABLED,DISABLED,1629,500,2100,DISABLED,DISABLED,1648,500,2100,DISABLED,DISABLED,1624,500,2100,DISABLED,DISABLED,1300,900,1300,N/A,DISABLED,42,914,1333,N/A,ENABLED,42,914,1333,N/A,ENABLED,42,914,1333,N/A,ENABLED,42,914,1333,N/A,ENABLED,36,711,1143,N/A,ENABLED,36,711,1143,N/A,ENABLED,36,711,1143,N/A,ENABLED,36,711,1143,N/A,ENABLED,N/A,68,51
1744910290,0,737,N/A,N/A,N/A,N/A,ENABLED,1661,500,2100,DISABLED,DISABLED,1646,500,2100,DISABLED,DISABLED,1657,500,2100,DISABLED,DISABLED,1629,500,2100,DISABLED,DISABLED,1649,500,2100,DISABLED,DISABLED,1628,500,2100,DISABLED,DISABLED,1647,500,2100,DISABLED,DISABLED,1622,500,2100,DISABLED,DISABLED,1300,900,1300,N/A,DISABLED,42,914,1333,N/A,ENABLED,42,914,1333,N/A,ENABLED,42,914,1333,N/A,ENABLED,42,914,1333,N/A,ENABLED,36,711,1143,N/A,ENABLED,36,711,1143,N/A,ENABLED,36,711,1143,N/A,ENABLED,36,711,1143,N/A,ENABLED,N/A,68,51
1744910291,0,737,N/A,N/A,N/A,N/A,ENABLED,1663,500,2100,DISABLED,DISABLED,1647,500,2100,DISABLED,DISABLED,1660,500,2100,DISABLED,DISABLED,1631,500,2100,DISABLED,DISABLED,1650,500,2100,DISABLED,DISABLED,1629,500,2100,DISABLED,DISABLED,1649,500,2100,DISABLED,DISABLED,1624,500,2100,DISABLED,DISABLED,1300,900,1300,N/A,DISABLED,42,914,1333,N/A,ENABLED,42,914,1333,N/A,ENABLED,42,914,1333,N/A,ENABLED,42,914,1333,N/A,ENABLED,36,711,1143,N/A,ENABLED,36,711,1143,N/A,ENABLED,36,711,1143,N/A,ENABLED,36,711,1143,N/A,ENABLED,N/A,68,51
1744910292,0,737,N/A,N/A,N/A,N/A,ENABLED,1663,500,2100,DISABLED,DISABLED,1646,500,2100,DISABLED,DISABLED,1660,500,2100,DISABLED,DISABLED,1630,500,2100,DISABLED,DISABLED,1651,500,2100,DISABLED,DISABLED,1629,500,2100,DISABLED,DISABLED,1650,500,2100,DISABLED,DISABLED,1624,500,2100,DISABLED,DISABLED,1300,900,1300,N/A,DISABLED,42,914,1333,N/A,ENABLED,42,914,1333,N/A,ENABLED,42,914,1333,N/A,ENABLED,42,914,1333,N/A,ENABLED,36,711,1143,N/A,ENABLED,36,711,1143,N/A,ENABLED,36,711,1143,N/A,ENABLED,36,711,1143,N/A,ENABLED,N/A,68,51
1744910293,0,732,N/A,N/A,N/A,N/A,ENABLED,1662,500,2100,DISABLED,DISABLED,1647,500,2100,DISABLED,DISABLED,1659,500,2100,DISABLED,DISABLED,1631,500,2100,DISABLED,DISABLED,1650,500,2100,DISABLED,DISABLED,1628,500,2100,DISABLED,DISABLED,1648,500,2100,DISABLED,DISABLED,1623,500,2100,DISABLED,DISABLED,1300,900,1300,N/A,DISABLED,42,914,1333,N/A,ENABLED,42,914,1333,N/A,ENABLED,42,914,1333,N/A,ENABLED,42,914,1333,N/A,ENABLED,36,711,1143,N/A,ENABLED,36,711,1143,N/A,ENABLED,36,711,1143,N/A,ENABLED,36,711,1143,N/A,ENABLED,N/A,68,51
1744910295,0,736,N/A,N/A,N/A,N/A,ENABLED,1661,500,2100,DISABLED,DISABLED,1646,500,2100,DISABLED,DISABLED,1658,500,2100,DISABLED,DISABLED,1629,500,2100,DISABLED,DISABLED,1650,500,2100,DISABLED,DISABLED,1627,500,2100,DISABLED,DISABLED,1647,500,2100,DISABLED,DISABLED,1623,500,2100,DISABLED,DISABLED,1300,900,1300,N/A,DISABLED,42,914,1333,N/A,ENABLED,42,914,1333,N/A,ENABLED,42,914,1333,N/A,ENABLED,42,914,1333,N/A,ENABLED,36,711,1143,N/A,ENABLED,36,711,1143,N/A,ENABLED,36,711,1143,N/A,ENABLED,36,711,1143,N/A,ENABLED,N/A,68,51
1744910296,0,731,N/A,N/A,N/A,N/A,ENABLED,1659,500,2100,DISABLED,DISABLED,1644,500,2100,DISABLED,DISABLED,1655,500,2100,DISABLED,DISABLED,1627,500,2100,DISABLED,DISABLED,1647,500,2100,DISABLED,DISABLED,1626,500,2100,DISABLED,DISABLED,1646,500,2100,DISABLED,DISABLED,1621,500,2100,DISABLED,DISABLED,1300,900,1300,N/A,DISABLED,42,914,1333,N/A,ENABLED,42,914,1333,N/A,ENABLED,42,914,1333,N/A,ENABLED,42,914,1333,N/A,ENABLED,36,711,1143,N/A,ENABLED,36,711,1143,N/A,ENABLED,36,711,1143,N/A,ENABLED,36,711,1143,N/A,ENABLED,N/A,68,51
1744910297,0,738,N/A,N/A,N/A,N/A,ENABLED,1663,500,2100,DISABLED,DISABLED,1647,500,2100,DISABLED,DISABLED,1659,500,2100,DISABLED,DISABLED,1629,500,2100,DISABLED,DISABLED,1649,500,2100,DISABLED,DISABLED,1628,500,2100,DISABLED,DISABLED,1649,500,2100,DISABLED,DISABLED,1624,500,2100,DISABLED,DISABLED,1300,900,1300,N/A,DISABLED,42,914,1333,N/A,ENABLED,42,914,1333,N/A,ENABLED,42,914,1333,N/A,ENABLED,42,914,1333,N/A,ENABLED,36,711,1143,N/A,ENABLED,36,711,1143,N/A,ENABLED,36,711,1143,N/A,ENABLED,36,711,1143,N/A,ENABLED,N/A,68,51
1744910298,0,734,N/A,N/A,N/A,N/A,ENABLED,1657,500,2100,DISABLED,DISABLED,1641,500,2100,DISABLED,DISABLED,1653,500,2100,DISABLED,DISABLED,1625,500,2100,DISABLED,DISABLED,1645,500,2100,DISABLED,DISABLED,1624,500,2100,DISABLED,DISABLED,1643,500,2100,DISABLED,DISABLED,1619,500,2100,DISABLED,DISABLED,1300,900,1300,N/A,DISABLED,42,914,1333,N/A,ENABLED,42,914,1333,N/A,ENABLED,42,914,1333,N/A,ENABLED,42,914,1333,N/A,ENABLED,36,711,1143,N/A,ENABLED,36,711,1143,N/A,ENABLED,36,711,1143,N/A,ENABLED,36,711,1143,N/A,ENABLED,N/A,68,51
1744910300,0,735,N/A,N/A,N/A,N/A,ENABLED,1657,500,2100,DISABLED,DISABLED,1644,500,2100,DISABLED,DISABLED,1655,500,2100,DISABLED,DISABLED,1626,500,2100,DISABLED,DISABLED,1647,500,2100,DISABLED,DISABLED,1625,500,2100,DISABLED,DISABLED,1645,500,2100,DISABLED,DISABLED,1620,500,2100,DISABLED,DISABLED,1300,900,1300,N/A,DISABLED,42,914,1333,N/A,ENABLED,42,914,1333,N/A,ENABLED,42,914,1333,N/A,ENABLED,42,914,1333,N/A,ENABLED,36,711,1143,N/A,ENABLED,36,711,1143,N/A,ENABLED,36,711,1143,N/A,ENABLED,36,711,1143,N/A,ENABLED,N/A,68,51
1744910301,0,735,N/A,N/A,N/A,N/A,ENABLED,1665,500,2100,DISABLED,DISABLED,1648,500,2100,DISABLED,DISABLED,1662,500,2100,DISABLED,DISABLED,1634,500,2100,DISABLED,DISABLED,1652,500,2100,DISABLED,DISABLED,1631,500,2100,DISABLED,DISABLED,1650,500,2100,DISABLED,DISABLED,1626,500,2100,DISABLED,DISABLED,1300,900,1300,N/A,DISABLED,42,914,1333,N/A,ENABLED,42,914,1333,N/A,ENABLED,42,914,1333,N/A,ENABLED,42,914,1333,N/A,ENABLED,36,711,1143,N/A,ENABLED,36,711,1143,N/A,ENABLED,36,711,1143,N/A,ENABLED,36,711,1143,N/A,ENABLED,N/A,68,51
1744910302,0,738,N/A,N/A,N/A,N/A,ENABLED,1664,500,2100,DISABLED,DISABLED,1648,500,2100,DISABLED,DISABLED,1662,500,2100,DISABLED,DISABLED,1631,500,2100,DISABLED,DISABLED,1652,500,2100,DISABLED,DISABLED,1632,500,2100,DISABLED,DISABLED,1650,500,2100,DISABLED,DISABLED,1625,500,2100,DISABLED,DISABLED,1300,900,1300,N/A,DISABLED,42,914,1333,N/A,ENABLED,42,914,1333,N/A,ENABLED,42,914,1333,N/A,ENABLED,42,914,1333,N/A,ENABLED,36,711,1143,N/A,ENABLED,36,711,1143,N/A,ENABLED,36,711,1143,N/A,ENABLED,36,711,1143,N/A,ENABLED,N/A,68,51
1744910303,0,736,N/A,N/A,N/A,N/A,ENABLED,1664,500,2100,DISABLED,DISABLED,1648,500,2100,DISABLED,DISABLED,1662,500,2100,DISABLED,DISABLED,1633,500,2100,DISABLED,DISABLED,1652,500,2100,DISABLED,DISABLED,1631,500,2100,DISABLED,DISABLED,1649,500,2100,DISABLED,DISABLED,1625,500,2100,DISABLED,DISABLED,1300,900,1300,N/A,DISABLED,42,914,1333,N/A,ENABLED,42,914,1333,N/A,ENABLED,42,914,1333,N/A,ENABLED,42,914,1333,N/A,ENABLED,36,711,1143,N/A,ENABLED,36,711,1143,N/A,ENABLED,36,711,1143,N/A,ENABLED,36,711,1143,N/A,ENABLED,N/A,68,51
1744910305,0,738,N/A,N/A,N/A,N/A,ENABLED,1666,500,2100,DISABLED,DISABLED,1650,500,2100,DISABLED,DISABLED,1663,500,2100,DISABLED,DISABLED,1636,500,2100,DISABLED,DISABLED,1653,500,2100,DISABLED,DISABLED,1633,500,2100,DISABLED,DISABLED,1652,500,2100,DISABLED,DISABLED,1627,500,2100,DISABLED,DISABLED,1300,900,1300,N/A,DISABLED,42,914,1333,N/A,ENABLED,42,914,1333,N/A,ENABLED,42,914,1333,N/A,ENABLED,42,914,1333,N/A,ENABLED,36,711,1143,N/A,ENABLED,36,711,1143,N/A,ENABLED,36,711,1143,N/A,ENABLED,36,711,1143,N/A,ENABLED,N/A,68,51
1744910306,0,737,N/A,N/A,N/A,N/A,ENABLED,1661,500,2100,DISABLED,DISABLED,1646,500,2100,DISABLED,DISABLED,1660,500,2100,DISABLED,DISABLED,1632,500,2100,DISABLED,DISABLED,1652,500,2100,DISABLED,DISABLED,1630,500,2100,DISABLED,DISABLED,1650,500,2100,DISABLED,DISABLED,1624,500,2100,DISABLED,DISABLED,1300,900,1300,N/A,DISABLED,42,914,1333,N/A,ENABLED,42,914,1333,N/A,ENABLED,42,914,1333,N/A,ENABLED,42,914,1333,N/A,ENABLED,36,711,1143,N/A,ENABLED,36,711,1143,N/A,ENABLED,36,711,1143,N/A,ENABLED,36,711,1143,N/A,ENABLED,N/A,68,51
1744910307,0,738,N/A,N/A,N/A,N/A,ENABLED,1661,500,2100,DISABLED,DISABLED,1644,500,2100,DISABLED,DISABLED,1658,500,2100,DISABLED,DISABLED,1630,500,2100,DISABLED,DISABLED,1649,500,2100,DISABLED,DISABLED,1627,500,2100,DISABLED,DISABLED,1648,500,2100,DISABLED,DISABLED,1623,500,2100,DISABLED,DISABLED,1300,900,1300,N/A,DISABLED,42,914,1333,N/A,ENABLED,42,914,1333,N/A,ENABLED,42,914,1333,N/A,ENABLED,42,914,1333,N/A,ENABLED,36,711,1143,N/A,ENABLED,36,711,1143,N/A,ENABLED,36,711,1143,N/A,ENABLED,36,711,1143,N/A,ENABLED,N/A,68,51
1744910309,0,739,N/A,N/A,N/A,N/A,ENABLED,1661,500,2100,DISABLED,DISABLED,1643,500,2100,DISABLED,DISABLED,1657,500,2100,DISABLED,DISABLED,1631,500,2100,DISABLED,DISABLED,1649,500,2100,DISABLED,DISABLED,1627,500,2100,DISABLED,DISABLED,1647,500,2100,DISABLED,DISABLED,1622,500,2100,DISABLED,DISABLED,1300,900,1300,N/A,DISABLED,42,914,1333,N/A,ENABLED,42,914,1333,N/A,ENABLED,42,914,1333,N/A,ENABLED,42,914,1333,N/A,ENABLED,36,711,1143,N/A,ENABLED,36,711,1143,N/A,ENABLED,36,711,1143,N/A,ENABLED,36,711,1143,N/A,ENABLED,N/A,68,51
1744910310,0,739,N/A,N/A,N/A,N/A,ENABLED,1657,500,2100,DISABLED,DISABLED,1641,500,2100,DISABLED,DISABLED,1655,500,2100,DISABLED,DISABLED,1628,500,2100,DISABLED,DISABLED,1647,500,2100,DISABLED,DISABLED,1625,500,2100,DISABLED,DISABLED,1645,500,2100,DISABLED,DISABLED,1622,500,2100,DISABLED,DISABLED,1300,900,1300,N/A,DISABLED,42,914,1333,N/A,ENABLED,42,914,1333,N/A,ENABLED,42,914,1333,N/A,ENABLED,42,914,1333,N/A,ENABLED,36,711,1143,N/A,ENABLED,36,711,1143,N/A,ENABLED,36,711,1143,N/A,ENABLED,36,711,1143,N/A,ENABLED,N/A,68,51
1744910311,0,738,N/A,N/A,N/A,N/A,ENABLED,1658,500,2100,DISABLED,DISABLED,1642,500,2100,DISABLED,DISABLED,1657,500,2100,DISABLED,DISABLED,1628,500,2100,DISABLED,DISABLED,1647,500,2100,DISABLED,DISABLED,1626,500,2100,DISABLED,DISABLED,1646,500,2100,DISABLED,DISABLED,1621,500,2100,DISABLED,DISABLED,1300,900,1300,N/A,DISABLED,42,914,1333,N/A,ENABLED,42,914,1333,N/A,ENABLED,42,914,1333,N/A,ENABLED,42,914,1333,N/A,ENABLED,36,711,1143,N/A,ENABLED,36,711,1143,N/A,ENABLED,36,711,1143,N/A,ENABLED,36,711,1143,N/A,ENABLED,N/A,68,51
1744910312,0,738,N/A,N/A,N/A,N/A,ENABLED,1658,500,2100,DISABLED,DISABLED,1641,500,2100,DISABLED,DISABLED,1656,500,2100,DISABLED,DISABLED,1626,500,2100,DISABLED,DISABLED,1645,500,2100,DISABLED,DISABLED,1625,500,2100,DISABLED,DISABLED,1645,500,2100,DISABLED,DISABLED,1620,500,2100,DISABLED,DISABLED,1300,900,1300,N/A,DISABLED,42,914,1333,N/A,ENABLED,42,914,1333,N/A,ENABLED,42,914,1333,N/A,ENABLED,42,914,1333,N/A,ENABLED,36,711,1143,N/A,ENABLED,36,711,1143,N/A,ENABLED,36,711,1143,N/A,ENABLED,36,711,1143,N/A,ENABLED,N/A,68,51
1744910314,0,737,N/A,N/A,N/A,N/A,ENABLED,1660,500,2100,DISABLED,DISABLED,1644,500,2100,DISABLED,DISABLED,1659,500,2100,DISABLED,DISABLED,1631,500,2100,DISABLED,DISABLED,1649,500,2100,DISABLED,DISABLED,1628,500,2100,DISABLED,DISABLED,1649,500,2100,DISABLED,DISABLED,1624,500,2100,DISABLED,DISABLED,1300,900,1300,N/A,DISABLED,42,914,1333,N/A,ENABLED,42,914,1333,N/A,ENABLED,42,914,1333,N/A,ENABLED,42,914,1333,N/A,ENABLED,36,711,1143,N/A,ENABLED,36,711,1143,N/A,ENABLED,36,711,1143,N/A,ENABLED,36,711,1143,N/A,ENABLED,N/A,68,51
1744910315,0,739,N/A,N/A,N/A,N/A,ENABLED,1659,500,2100,DISABLED,DISABLED,1644,500,2100,DISABLED,DISABLED,1656,500,2100,DISABLED,DISABLED,1627,500,2100,DISABLED,DISABLED,1648,500,2100,DISABLED,DISABLED,1627,500,2100,DISABLED,DISABLED,1647,500,2100,DISABLED,DISABLED,1622,500,2100,DISABLED,DISABLED,1300,900,1300,N/A,DISABLED,42,914,1333,N/A,ENABLED,42,914,1333,N/A,ENABLED,42,914,1333,N/A,ENABLED,42,914,1333,N/A,ENABLED,36,711,1143,N/A,ENABLED,36,711,1143,N/A,ENABLED,36,711,1143,N/A,ENABLED,36,711,1143,N/A,ENABLED,N/A,68,51
1744910316,0,736,N/A,N/A,N/A,N/A,ENABLED,1656,500,2100,DISABLED,DISABLED,1640,500,2100,DISABLED,DISABLED,1653,500,2100,DISABLED,DISABLED,1625,500,2100,DISABLED,DISABLED,1646,500,2100,DISABLED,DISABLED,1624,500,2100,DISABLED,DISABLED,1645,500,2100,DISABLED,DISABLED,1619,500,2100,DISABLED,DISABLED,1300,900,1300,N/A,DISABLED,42,914,1333,N/A,ENABLED,42,914,1333,N/A,ENABLED,42,914,1333,N/A,ENABLED,42,914,1333,N/A,ENABLED,36,711,1143,N/A,ENABLED,36,711,1143,N/A,ENABLED,36,711,1143,N/A,ENABLED,36,711,1143,N/A,ENABLED,N/A,68,52
1744910317,0,737,N/A,N/A,N/A,N/A,ENABLED,1657,500,2100,DISABLED,DISABLED,1641,500,2100,DISABLED,DISABLED,1654,500,2100,DISABLED,DISABLED,1625,500,2100,DISABLED,DISABLED,1646,500,2100,DISABLED,DISABLED,1625,500,2100,DISABLED,DISABLED,1646,500,2100,DISABLED,DISABLED,1620,500,2100,DISABLED,DISABLED,1300,900,1300,N/A,DISABLED,42,914,1333,N/A,ENABLED,42,914,1333,N/A,ENABLED,42,914,1333,N/A,ENABLED,42,914,1333,N/A,ENABLED,36,711,1143,N/A,ENABLED,36,711,1143,N/A,ENABLED,36,711,1143,N/A,ENABLED,36,711,1143,N/A,ENABLED,N/A,68,51
1744910319,0,736,N/A,N/A,N/A,N/A,ENABLED,1657,500,2100,DISABLED,DISABLED,1641,500,2100,DISABLED,DISABLED,1653,500,2100,DISABLED,DISABLED,1624,500,2100,DISABLED,DISABLED,1646,500,2100,DISABLED,DISABLED,1623,500,2100,DISABLED,DISABLED,1645,500,2100,DISABLED,DISABLED,1620,500,2100,DISABLED,DISABLED,1300,900,1300,N/A,DISABLED,42,914,1333,N/A,ENABLED,42,914,1333,N/A,ENABLED,42,914,1333,N/A,ENABLED,42,914,1333,N/A,ENABLED,36,711,1143,N/A,ENABLED,36,711,1143,N/A,ENABLED,36,711,1143,N/A,ENABLED,36,711,1143,N/A,ENABLED,N/A,68,52
1744910320,0,734,N/A,N/A,N/A,N/A,ENABLED,1659,500,2100,DISABLED,DISABLED,1643,500,2100,DISABLED,DISABLED,1656,500,2100,DISABLED,DISABLED,1627,500,2100,DISABLED,DISABLED,1648,500,2100,DISABLED,DISABLED,1626,500,2100,DISABLED,DISABLED,1646,500,2100,DISABLED,DISABLED,1621,500,2100,DISABLED,DISABLED,1300,900,1300,N/A,DISABLED,42,914,1333,N/A,ENABLED,42,914,1333,N/A,ENABLED,42,914,1333,N/A,ENABLED,42,914,1333,N/A,ENABLED,36,711,1143,N/A,ENABLED,36,711,1143,N/A,ENABLED,36,711,1143,N/A,ENABLED,36,711,1143,N/A,ENABLED,N/A,68,51
1744910321,0,732,N/A,N/A,N/A,N/A,ENABLED,1659,500,2100,DISABLED,DISABLED,1642,500,2100,DISABLED,DISABLED,1655,500,2100,DISABLED,DISABLED,1626,500,2100,DISABLED,DISABLED,1648,500,2100,DISABLED,DISABLED,1626,500,2100,DISABLED,DISABLED,1646,500,2100,DISABLED,DISABLED,1621,500,2100,DISABLED,DISABLED,1300,900,1300,N/A,DISABLED,42,914,1333,N/A,ENABLED,42,914,1333,N/A,ENABLED,42,914,1333,N/A,ENABLED,42,914,1333,N/A,ENABLED,36,711,1143,N/A,ENABLED,36,711,1143,N/A,ENABLED,36,711,1143,N/A,ENABLED,36,711,1143,N/A,ENABLED,N/A,69,51
1744910322,0,738,N/A,N/A,N/A,N/A,ENABLED,1661,500,2100,DISABLED,DISABLED,1645,500,2100,DISABLED,DISABLED,1658,500,2100,DISABLED,DISABLED,1630,500,2100,DISABLED,DISABLED,1650,500,2100,DISABLED,DISABLED,1629,500,2100,DISABLED,DISABLED,1649,500,2100,DISABLED,DISABLED,1624,500,2100,DISABLED,DISABLED,1300,900,1300,N/A,DISABLED,42,914,1333,N/A,ENABLED,42,914,1333,N/A,ENABLED,42,914,1333,N/A,ENABLED,42,914,1333,N/A,ENABLED,36,711,1143,N/A,ENABLED,36,711,1143,N/A,ENABLED,36,711,1143,N/A,ENABLED,36,711,1143,N/A,ENABLED,N/A,69,51
1744910324,0,732,N/A,N/A,N/A,N/A,ENABLED,1658,500,2100,DISABLED,DISABLED,1641,500,2100,DISABLED,DISABLED,1655,500,2100,DISABLED,DISABLED,1627,500,2100,DISABLED,DISABLED,1647,500,2100,DISABLED,DISABLED,1626,500,2100,DISABLED,DISABLED,1646,500,2100,DISABLED,DISABLED,1621,500,2100,DISABLED,DISABLED,1300,900,1300,N/A,DISABLED,42,914,1333,N/A,ENABLED,42,914,1333,N/A,ENABLED,42,914,1333,N/A,ENABLED,42,914,1333,N/A,ENABLED,36,711,1143,N/A,ENABLED,36,711,1143,N/A,ENABLED,36,711,1143,N/A,ENABLED,36,711,1143,N/A,ENABLED,N/A,69,52
1744910325,0,733,N/A,N/A,N/A,N/A,ENABLED,1656,500,2100,DISABLED,DISABLED,1639,500,2100,DISABLED,DISABLED,1652,500,2100,DISABLED,DISABLED,1625,500,2100,DISABLED,DISABLED,1644,500,2100,DISABLED,DISABLED,1623,500,2100,DISABLED,DISABLED,1644,500,2100,DISABLED,DISABLED,1619,500,2100,DISABLED,DISABLED,1300,900,1300,N/A,DISABLED,42,914,1333,N/A,ENABLED,42,914,1333,N/A,ENABLED,42,914,1333,N/A,ENABLED,42,914,1333,N/A,ENABLED,36,711,1143,N/A,ENABLED,36,711,1143,N/A,ENABLED,36,711,1143,N/A,ENABLED,36,711,1143,N/A,ENABLED,N/A,69,51
1744910326,0,738,N/A,N/A,N/A,N/A,ENABLED,1659,500,2100,DISABLED,DISABLED,1643,500,2100,DISABLED,DISABLED,1656,500,2100,DISABLED,DISABLED,1628,500,2100,DISABLED,DISABLED,1648,500,2100,DISABLED,DISABLED,1627,500,2100,DISABLED,DISABLED,1647,500,2100,DISABLED,DISABLED,1623,500,2100,DISABLED,DISABLED,1300,900,1300,N/A,DISABLED,42,914,1333,N/A,ENABLED,42,914,1333,N/A,ENABLED,42,914,1333,N/A,ENABLED,42,914,1333,N/A,ENABLED,36,711,1143,N/A,ENABLED,36,711,1143,N/A,ENABLED,36,711,1143,N/A,ENABLED,36,711,1143,N/A,ENABLED,N/A,69,52
1744910327,0,737,N/A,N/A,N/A,N/A,ENABLED,1658,500,2100,DISABLED,DISABLED,1643,500,2100,DISABLED,DISABLED,1656,500,2100,DISABLED,DISABLED,1627,500,2100,DISABLED,DISABLED,1647,500,2100,DISABLED,DISABLED,1625,500,2100,DISABLED,DISABLED,1646,500,2100,DISABLED,DISABLED,1622,500,2100,DISABLED,DISABLED,1300,900,1300,N/A,DISABLED,42,914,1333,N/A,ENABLED,42,914,1333,N/A,ENABLED,42,914,1333,N/A,ENABLED,42,914,1333,N/A,ENABLED,36,711,1143,N/A,ENABLED,36,711,1143,N/A,ENABLED,36,711,1143,N/A,ENABLED,36,711,1143,N/A,ENABLED,N/A,69,52
1744910329,0,736,N/A,N/A,N/A,N/A,ENABLED,1656,500,2100,DISABLED,DISABLED,1641,500,2100,DISABLED,DISABLED,1654,500,2100,DISABLED,DISABLED,1626,500,2100,DISABLED,DISABLED,1646,500,2100,DISABLED,DISABLED,1624,500,2100,DISABLED,DISABLED,1643,500,2100,DISABLED,DISABLED,1619,500,2100,DISABLED,DISABLED,1300,900,1300,N/A,DISABLED,42,914,1333,N/A,ENABLED,42,914,1333,N/A,ENABLED,42,914,1333,N/A,ENABLED,42,914,1333,N/A,ENABLED,36,711,1143,N/A,ENABLED,36,711,1143,N/A,ENABLED,36,711,1143,N/A,ENABLED,36,711,1143,N/A,ENABLED,N/A,69,52
1744910330,0,739,N/A,N/A,N/A,N/A,ENABLED,1664,500,2100,DISABLED,DISABLED,1648,500,2100,DISABLED,DISABLED,1660,500,2100,DISABLED,DISABLED,1631,500,2100,DISABLED,DISABLED,1651,500,2100,DISABLED,DISABLED,1630,500,2100,DISABLED,DISABLED,1649,500,2100,DISABLED,DISABLED,1625,500,2100,DISABLED,DISABLED,1300,900,1300,N/A,DISABLED,42,914,1333,N/A,ENABLED,42,914,1333,N/A,ENABLED,42,914,1333,N/A,ENABLED,42,914,1333,N/A,ENABLED,36,711,1143,N/A,ENABLED,36,711,1143,N/A,ENABLED,36,711,1143,N/A,ENABLED,36,711,1143,N/A,ENABLED,N/A,69,52
1744910331,0,736,N/A,N/A,N/A,N/A,ENABLED,1659,500,2100,DISABLED,DISABLED,1644,500,2100,DISABLED,DISABLED,1656,500,2100,DISABLED,DISABLED,1627,500,2100,DISABLED,DISABLED,1647,500,2100,DISABLED,DISABLED,1626,500,2100,DISABLED,DISABLED,1644,500,2100,DISABLED,DISABLED,1620,500,2100,DISABLED,DISABLED,1300,900,1300,N/A,DISABLED,42,914,1333,N/A,ENABLED,42,914,1333,N/A,ENABLED,42,914,1333,N/A,ENABLED,42,914,1333,N/A,ENABLED,36,711,1143,N/A,ENABLED,36,711,1143,N/A,ENABLED,36,711,1143,N/A,ENABLED,36,711,1143,N/A,ENABLED,N/A,69,52
1744910332,0,737,N/A,N/A,N/A,N/A,ENABLED,1659,500,2100,DISABLED,DISABLED,1643,500,2100,DISABLED,DISABLED,1655,500,2100,DISABLED,DISABLED,1626,500,2100,DISABLED,DISABLED,1647,500,2100,DISABLED,DISABLED,1626,500,2100,DISABLED,DISABLED,1644,500,2100,DISABLED,DISABLED,1620,500,2100,DISABLED,DISABLED,1300,900,1300,N/A,DISABLED,42,914,1333,N/A,ENABLED,42,914,1333,N/A,ENABLED,42,914,1333,N/A,ENABLED,42,914,1333,N/A,ENABLED,36,711,1143,N/A,ENABLED,36,711,1143,N/A,ENABLED,36,711,1143,N/A,ENABLED,36,711,1143,N/A,ENABLED,N/A,69,52
1744910334,0,739,N/A,N/A,N/A,N/A,ENABLED,1660,500,2100,DISABLED,DISABLED,1644,500,2100,DISABLED,DISABLED,1655,500,2100,DISABLED,DISABLED,1626,500,2100,DISABLED,DISABLED,1647,500,2100,DISABLED,DISABLED,1625,500,2100,DISABLED,DISABLED,1646,500,2100,DISABLED,DISABLED,1622,500,2100,DISABLED,DISABLED,1300,900,1300,N/A,DISABLED,42,914,1333,N/A,ENABLED,42,914,1333,N/A,ENABLED,42,914,1333,N/A,ENABLED,42,914,1333,N/A,ENABLED,36,711,1143,N/A,ENABLED,36,711,1143,N/A,ENABLED,36,711,1143,N/A,ENABLED,36,711,1143,N/A,ENABLED,N/A,69,52
1744910335,0,739,N/A,N/A,N/A,N/A,ENABLED,1658,500,2100,DISABLED,DISABLED,1642,500,2100,DISABLED,DISABLED,1653,500,2100,DISABLED,DISABLED,1624,500,2100,DISABLED,DISABLED,1646,500,2100,DISABLED,DISABLED,1624,500,2100,DISABLED,DISABLED,1643,500,2100,DISABLED,DISABLED,1619,500,2100,DISABLED,DISABLED,1300,900,1300,N/A,DISABLED,42,914,1333,N/A,ENABLED,42,914,1333,N/A,ENABLED,42,914,1333,N/A,ENABLED,42,914,1333,N/A,ENABLED,36,711,1143,N/A,ENABLED,36,711,1143,N/A,ENABLED,36,711,1143,N/A,ENABLED,36,711,1143,N/A,ENABLED,N/A,69,52
1744910336,0,738,N/A,N/A,N/A,N/A,ENABLED,1660,500,2100,DISABLED,DISABLED,1645,500,2100,DISABLED,DISABLED,1656,500,2100,DISABLED,DISABLED,1627,500,2100,DISABLED,DISABLED,1648,500,2100,DISABLED,DISABLED,1626,500,2100,DISABLED,DISABLED,1647,500,2100,DISABLED,DISABLED,1622,500,2100,DISABLED,DISABLED,1300,900,1300,N/A,DISABLED,42,914,1333,N/A,ENABLED,42,914,1333,N/A,ENABLED,42,914,1333,N/A,ENABLED,42,914,1333,N/A,ENABLED,36,711,1143,N/A,ENABLED,36,711,1143,N/A,ENABLED,36,711,1143,N/A,ENABLED,36,711,1143,N/A,ENABLED,N/A,69,52
1744910337,0,739,N/A,N/A,N/A,N/A,ENABLED,1660,500,2100,DISABLED,DISABLED,1643,500,2100,DISABLED,DISABLED,1654,500,2100,DISABLED,DISABLED,1625,500,2100,DISABLED,DISABLED,1646,500,2100,DISABLED,DISABLED,1626,500,2100,DISABLED,DISABLED,1644,500,2100,DISABLED,DISABLED,1620,500,2100,DISABLED,DISABLED,1300,900,1300,N/A,DISABLED,42,914,1333,N/A,ENABLED,42,914,1333,N/A,ENABLED,42,914,1333,N/A,ENABLED,42,914,1333,N/A,ENABLED,36,711,1143,N/A,ENABLED,36,711,1143,N/A,ENABLED,36,711,1143,N/A,ENABLED,36,711,1143,N/A,ENABLED,N/A,69,52
1744910339,0,734,N/A,N/A,N/A,N/A,ENABLED,1659,500,2100,DISABLED,DISABLED,1642,500,2100,DISABLED,DISABLED,1655,500,2100,DISABLED,DISABLED,1624,500,2100,DISABLED,DISABLED,1645,500,2100,DISABLED,DISABLED,1625,500,2100,DISABLED,DISABLED,1645,500,2100,DISABLED,DISABLED,1621,500,2100,DISABLED,DISABLED,1300,900,1300,N/A,DISABLED,42,914,1333,N/A,ENABLED,42,914,1333,N/A,ENABLED,42,914,1333,N/A,ENABLED,42,914,1333,N/A,ENABLED,36,711,1143,N/A,ENABLED,36,711,1143,N/A,ENABLED,36,711,1143,N/A,ENABLED,36,711,1143,N/A,ENABLED,N/A,69,52
1744910340,0,737,N/A,N/A,N/A,N/A,ENABLED,1656,500,2100,DISABLED,DISABLED,1641,500,2100,DISABLED,DISABLED,1651,500,2100,DISABLED,DISABLED,1623,500,2100,DISABLED,DISABLED,1644,500,2100,DISABLED,DISABLED,1623,500,2100,DISABLED,DISABLED,1642,500,2100,DISABLED,DISABLED,1618,500,2100,DISABLED,DISABLED,1300,900,1300,N/A,DISABLED,42,914,1333,N/A,ENABLED,42,914,1333,N/A,ENABLED,42,914,1333,N/A,ENABLED,42,914,1333,N/A,ENABLED,36,711,1143,N/A,ENABLED,36,711,1143,N/A,ENABLED,36,711,1143,N/A,ENABLED,36,711,1143,N/A,ENABLED,N/A,70,52
1744910341,0,735,N/A,N/A,N/A,N/A,ENABLED,1659,500,2100,DISABLED,DISABLED,1643,500,2100,DISABLED,DISABLED,1654,500,2100,DISABLED,DISABLED,1625,500,2100,DISABLED,DISABLED,1647,500,2100,DISABLED,DISABLED,1624,500,2100,DISABLED,DISABLED,1645,500,2100,DISABLED,DISABLED,1620,500,2100,DISABLED,DISABLED,1300,900,1300,N/A,DISABLED,42,914,1333,N/A,ENABLED,42,914,1333,N/A,ENABLED,42,914,1333,N/A,ENABLED,42,914,1333,N/A,ENABLED,36,711,1143,N/A,ENABLED,36,711,1143,N/A,ENABLED,36,711,1143,N/A,ENABLED,36,711,1143,N/A,ENABLED,N/A,70,52
1744910342,0,738,N/A,N/A,N/A,N/A,ENABLED,1655,500,2100,DISABLED,DISABLED,1641,500,2100,DISABLED,DISABLED,1652,500,2100,DISABLED,DISABLED,1623,500,2100,DISABLED,DISABLED,1644,500,2100,DISABLED,DISABLED,1622,500,2100,DISABLED,DISABLED,1643,500,2100,DISABLED,DISABLED,1617,500,2100,DISABLED,DISABLED,1300,900,1300,N/A,DISABLED,42,914,1333,N/A,ENABLED,42,914,1333,N/A,ENABLED,42,914,1333,N/A,ENABLED,42,914,1333,N/A,ENABLED,36,711,1143,N/A,ENABLED,36,711,1143,N/A,ENABLED,36,711,1143,N/A,ENABLED,36,711,1143,N/A,ENABLED,N/A,70,53
1744910344,0,738,N/A,N/A,N/A,N/A,ENABLED,1653,500,2100,DISABLED,DISABLED,1636,500,2100,DISABLED,DISABLED,1649,500,2100,DISABLED,DISABLED,1619,500,2100,DISABLED,DISABLED,1641,500,2100,DISABLED,DISABLED,1619,500,2100,DISABLED,DISABLED,1639,500,2100,DISABLED,DISABLED,1613,500,2100,DISABLED,DISABLED,1300,900,1300,N/A,DISABLED,42,914,1333,N/A,ENABLED,42,914,1333,N/A,ENABLED,42,914,1333,N/A,ENABLED,42,914,1333,N/A,ENABLED,36,711,1143,N/A,ENABLED,36,711,1143,N/A,ENABLED,36,711,1143,N/A,ENABLED,36,711,1143,N/A,ENABLED,N/A,70,52
1744910345,0,736,N/A,N/A,N/A,N/A,ENABLED,1656,500,2100,DISABLED,DISABLED,1639,500,2100,DISABLED,DISABLED,1652,500,2100,DISABLED,DISABLED,1622,500,2100,DISABLED,DISABLED,1644,500,2100,DISABLED,DISABLED,1622,500,2100,DISABLED,DISABLED,1643,500,2100,DISABLED,DISABLED,1618,500,2100,DISABLED,DISABLED,1300,900,1300,N/A,DISABLED,42,914,1333,N/A,ENABLED,42,914,1333,N/A,ENABLED,42,914,1333,N/A,ENABLED,42,914,1333,N/A,ENABLED,36,711,1143,N/A,ENABLED,36,711,1143,N/A,ENABLED,36,711,1143,N/A,ENABLED,36,711,1143,N/A,ENABLED,N/A,70,53
1744910346,0,737,N/A,N/A,N/A,N/A,ENABLED,1654,500,2100,DISABLED,DISABLED,1638,500,2100,DISABLED,DISABLED,1651,500,2100,DISABLED,DISABLED,1621,500,2100,DISABLED,DISABLED,1643,500,2100,DISABLED,DISABLED,1620,500,2100,DISABLED,DISABLED,1642,500,2100,DISABLED,DISABLED,1616,500,2100,DISABLED,DISABLED,1300,900,1300,N/A,DISABLED,42,914,1333,N/A,ENABLED,42,914,1333,N/A,ENABLED,42,914,1333,N/A,ENABLED,42,914,1333,N/A,ENABLED,36,711,1143,N/A,ENABLED,36,711,1143,N/A,ENABLED,36,711,1143,N/A,ENABLED,36,711,1143,N/A,ENABLED,N/A,70,53
1744910347,0,734,N/A,N/A,N/A,N/A,ENABLED,1654,500,2100,DISABLED,DISABLED,1639,500,2100,DISABLED,DISABLED,1651,500,2100,DISABLED,DISABLED,1622,500,2100,DISABLED,DISABLED,1643,500,2100,DISABLED,DISABLED,1621,500,2100,DISABLED,DISABLED,1642,500,2100,DISABLED,DISABLED,1616,500,2100,DISABLED,DISABLED,1300,900,1300,N/A,DISABLED,42,914,1333,N/A,ENABLED,42,914,1333,N/A,ENABLED,42,914,1333,N/A,ENABLED,42,914,1333,N/A,ENABLED,36,711,1143,N/A,ENABLED,36,711,1143,N/A,ENABLED,36,711,1143,N/A,ENABLED,36,711,1143,N/A,ENABLED,N/A,70,53
1744910349,0,739,N/A,N/A,N/A,N/A,ENABLED,1659,500,2100,DISABLED,DISABLED,1644,500,2100,DISABLED,DISABLED,1656,500,2100,DISABLED,DISABLED,1627,500,2100,DISABLED,DISABLED,1647,500,2100,DISABLED,DISABLED,1626,500,2100,DISABLED,DISABLED,1647,500,2100,DISABLED,DISABLED,1623,500,2100,DISABLED,DISABLED,1300,900,1300,N/A,DISABLED,42,914,1333,N/A,ENABLED,42,914,1333,N/A,ENABLED,42,914,1333,N/A,ENABLED,42,914,1333,N/A,ENABLED,36,711,1143,N/A,ENABLED,36,711,1143,N/A,ENABLED,36,711,1143,N/A,ENABLED,36,711,1143,N/A,ENABLED,N/A,70,53
1744910350,0,738,N/A,N/A,N/A,N/A,ENABLED,1652,500,2100,DISABLED,DISABLED,1638,500,2100,DISABLED,DISABLED,1649,500,2100,DISABLED,DISABLED,1620,500,2100,DISABLED,DISABLED,1641,500,2100,DISABLED,DISABLED,1620,500,2100,DISABLED,DISABLED,1640,500,2100,DISABLED,DISABLED,1615,500,2100,DISABLED,DISABLED,1300,900,1300,N/A,DISABLED,42,914,1333,N/A,ENABLED,42,914,1333,N/A,ENABLED,42,914,1333,N/A,ENABLED,42,914,1333,N/A,ENABLED,36,711,1143,N/A,ENABLED,36,711,1143,N/A,ENABLED,36,711,1143,N/A,ENABLED,36,711,1143,N/A,ENABLED,N/A,70,53
1744910351,0,739,N/A,N/A,N/A,N/A,ENABLED,1653,500,2100,DISABLED,DISABLED,1637,500,2100,DISABLED,DISABLED,1649,500,2100,DISABLED,DISABLED,1620,500,2100,DISABLED,DISABLED,1641,500,2100,DISABLED,DISABLED,1621,500,2100,DISABLED,DISABLED,1641,500,2100,DISABLED,DISABLED,1616,500,2100,DISABLED,DISABLED,1300,900,1300,N/A,DISABLED,42,914,1333,N/A,ENABLED,42,914,1333,N/A,ENABLED,42,914,1333,N/A,ENABLED,42,914,1333,N/A,ENABLED,36,711,1143,N/A,ENABLED,36,711,1143,N/A,ENABLED,36,711,1143,N/A,ENABLED,36,711,1143,N/A,ENABLED,N/A,70,53
1744910352,0,738,N/A,N/A,N/A,N/A,ENABLED,1655,500,2100,DISABLED,DISABLED,1639,500,2100,DISABLED,DISABLED,1651,500,2100,DISABLED,DISABLED,1622,500,2100,DISABLED,DISABLED,1643,500,2100,DISABLED,DISABLED,1622,500,2100,DISABLED,DISABLED,1641,500,2100,DISABLED,DISABLED,1618,500,2100,DISABLED,DISABLED,1300,900,1300,N/A,DISABLED,42,914,1333,N/A,ENABLED,42,914,1333,N/A,ENABLED,42,914,1333,N/A,ENABLED,42,914,1333,N/A,ENABLED,36,711,1143,N/A,ENABLED,36,711,1143,N/A,ENABLED,36,711,1143,N/A,ENABLED,36,711,1143,N/A,ENABLED,N/A,70,53
1744910354,0,739,N/A,N/A,N/A,N/A,ENABLED,1658,500,2100,DISABLED,DISABLED,1642,500,2100,DISABLED,DISABLED,1655,500,2100,DISABLED,DISABLED,1625,500,2100,DISABLED,DISABLED,1646,500,2100,DISABLED,DISABLED,1624,500,2100,DISABLED,DISABLED,1644,500,2100,DISABLED,DISABLED,1620,500,2100,DISABLED,DISABLED,1300,900,1300,N/A,DISABLED,42,914,1333,N/A,ENABLED,42,914,1333,N/A,ENABLED,42,914,1333,N/A,ENABLED,42,914,1333,N/A,ENABLED,36,711,1143,N/A,ENABLED,36,711,1143,N/A,ENABLED,36,711,1143,N/A,ENABLED,36,711,1143,N/A,ENABLED,N/A,70,53
1744910355,0,734,N/A,N/A,N/A,N/A,ENABLED,1652,500,2100,DISABLED,DISABLED,1636,500,2100,DISABLED,DISABLED,1648,500,2100,DISABLED,DISABLED,1620,500,2100,DISABLED,DISABLED,1640,500,2100,DISABLED,DISABLED,1619,500,2100,DISABLED,DISABLED,1638,500,2100,DISABLED,DISABLED,1614,500,2100,DISABLED,DISABLED,1300,900,1300,N/A,DISABLED,42,914,1333,N/A,ENABLED,42,914,1333,N/A,ENABLED,42,914,1333,N/A,ENABLED,42,914,1333,N/A,ENABLED,36,711,1143,N/A,ENABLED,36,711,1143,N/A,ENABLED,36,711,1143,N/A,ENABLED,36,711,1143,N/A,ENABLED,N/A,70,53
1744910356,0,738,N/A,N/A,N/A,N/A,ENABLED,1652,500,2100,DISABLED,DISABLED,1635,500,2100,DISABLED,DISABLED,1648,500,2100,DISABLED,DISABLED,1619,500,2100,DISABLED,DISABLED,1639,500,2100,DISABLED,DISABLED,1620,500,2100,DISABLED,DISABLED,1638,500,2100,DISABLED,DISABLED,1612,500,2100,DISABLED,DISABLED,1300,900,1300,N/A,DISABLED,42,914,1333,N/A,ENABLED,42,914,1333,N/A,ENABLED,42,914,1333,N/A,ENABLED,42,914,1333,N/A,ENABLED,36,711,1143,N/A,ENABLED,36,711,1143,N/A,ENABLED,36,711,1143,N/A,ENABLED,36,711,1143,N/A,ENABLED,N/A,71,53
1744910357,0,739,N/A,N/A,N/A,N/A,ENABLED,1655,500,2100,DISABLED,DISABLED,1640,500,2100,DISABLED,DISABLED,1653,500,2100,DISABLED,DISABLED,1624,500,2100,DISABLED,DISABLED,1643,500,2100,DISABLED,DISABLED,1622,500,2100,DISABLED,DISABLED,1641,500,2100,DISABLED,DISABLED,1617,500,2100,DISABLED,DISABLED,1300,900,1300,N/A,DISABLED,42,914,1333,N/A,ENABLED,42,914,1333,N/A,ENABLED,42,914,1333,N/A,ENABLED,42,914,1333,N/A,ENABLED,36,711,1143,N/A,ENABLED,36,711,1143,N/A,ENABLED,36,711,1143,N/A,ENABLED,36,711,1143,N/A,ENABLED,N/A,71,54
1744910359,0,738,N/A,N/A,N/A,N/A,ENABLED,1651,500,2100,DISABLED,DISABLED,1635,500,2100,DISABLED,DISABLED,1649,500,2100,DISABLED,DISABLED,1619,500,2100,DISABLED,DISABLED,1639,500,2100,DISABLED,DISABLED,1619,500,2100,DISABLED,DISABLED,1638,500,2100,DISABLED,DISABLED,1614,500,2100,DISABLED,DISABLED,1300,900,1300,N/A,DISABLED,42,914,1333,N/A,ENABLED,42,914,1333,N/A,ENABLED,42,914,1333,N/A,ENABLED,42,914,1333,N/A,ENABLED,36,711,1143,N/A,ENABLED,36,711,1143,N/A,ENABLED,36,711,1143,N/A,ENABLED,36,711,1143,N/A,ENABLED,N/A,71,54
1744910360,0,739,N/A,N/A,N/A,N/A,ENABLED,1656,500,2100,DISABLED,DISABLED,1640,500,2100,DISABLED,DISABLED,1653,500,2100,DISABLED,DISABLED,1623,500,2100,DISABLED,DISABLED,1645,500,2100,DISABLED,DISABLED,1624,500,2100,DISABLED,DISABLED,1642,500,2100,DISABLED,DISABLED,1619,500,2100,DISABLED,DISABLED,1300,900,1300,N/A,DISABLED,42,914,1333,N/A,ENABLED,42,914,1333,N/A,ENABLED,42,914,1333,N/A,ENABLED,42,914,1333,N/A,ENABLED,36,711,1143,N/A,ENABLED,36,711,1143,N/A,ENABLED,36,711,1143,N/A,ENABLED,36,711,1143,N/A,ENABLED,N/A,71,53
1744910361,0,734,N/A,N/A,N/A,N/A,ENABLED,1650,500,2100,DISABLED,DISABLED,1633,500,2100,DISABLED,DISABLED,1647,500,2100,DISABLED,DISABLED,1617,500,2100,DISABLED,DISABLED,1638,500,2100,DISABLED,DISABLED,1618,500,2100,DISABLED,DISABLED,1636,500,2100,DISABLED,DISABLED,1612,500,2100,DISABLED,DISABLED,1300,900,1300,N/A,DISABLED,42,914,1333,N/A,ENABLED,42,914,1333,N/A,ENABLED,42,914,1333,N/A,ENABLED,42,914,1333,N/A,ENABLED,36,711,1143,N/A,ENABLED,36,711,1143,N/A,ENABLED,36,711,1143,N/A,ENABLED,36,711,1143,N/A,ENABLED,N/A,71,53
1744910362,0,736,N/A,N/A,N/A,N/A,ENABLED,1650,500,2100,DISABLED,DISABLED,1635,500,2100,DISABLED,DISABLED,1648,500,2100,DISABLED,DISABLED,1618,500,2100,DISABLED,DISABLED,1640,500,2100,DISABLED,DISABLED,1619,500,2100,DISABLED,DISABLED,1637,500,2100,DISABLED,DISABLED,1613,500,2100,DISABLED,DISABLED,1300,900,1300,N/A,DISABLED,42,914,1333,N/A,ENABLED,42,914,1333,N/A,ENABLED,42,914,1333,N/A,ENABLED,42,914,1333,N/A,ENABLED,36,711,1143,N/A,ENABLED,36,711,1143,N/A,ENABLED,36,711,1143,N/A,ENABLED,36,711,1143,N/A,ENABLED,N/A,71,53
1744910364,0,739,N/A,N/A,N/A,N/A,ENABLED,1653,500,2100,DISABLED,DISABLED,1636,500,2100,DISABLED,DISABLED,1650,500,2100,DISABLED,DISABLED,1619,500,2100,DISABLED,DISABLED,1641,500,2100,DISABLED,DISABLED,1620,500,2100,DISABLED,DISABLED,1639,500,2100,DISABLED,DISABLED,1614,500,2100,DISABLED,DISABLED,1300,900,1300,N/A,DISABLED,42,914,1333,N/A,ENABLED,42,914,1333,N/A,ENABLED,42,914,1333,N/A,ENABLED,42,914,1333,N/A,ENABLED,36,711,1143,N/A,ENABLED,36,711,1143,N/A,ENABLED,36,711,1143,N/A,ENABLED,36,711,1143,N/A,ENABLED,N/A,71,54
1744910365,0,738,N/A,N/A,N/A,N/A,ENABLED,1656,500,2100,DISABLED,DISABLED,1637,500,2100,DISABLED,DISABLED,1650,500,2100,DISABLED,DISABLED,1620,500,2100,DISABLED,DISABLED,1642,500,2100,DISABLED,DISABLED,1621,500,2100,DISABLED,DISABLED,1640,500,2100,DISABLED,DISABLED,1616,500,2100,DISABLED,DISABLED,1300,900,1300,N/A,DISABLED,42,914,1333,N/A,ENABLED,42,914,1333,N/A,ENABLED,42,914,1333,N/A,ENABLED,42,914,1333,N/A,ENABLED,36,711,1143,N/A,ENABLED,36,711,1143,N/A,ENABLED,36,711,1143,N/A,ENABLED,36,711,1143,N/A,ENABLED,N/A,71,54
1744910366,0,739,N/A,N/A,N/A,N/A,ENABLED,1656,500,2100,DISABLED,DISABLED,1640,500,2100,DISABLED,DISABLED,1652,500,2100,DISABLED,DISABLED,1623,500,2100,DISABLED,DISABLED,1645,500,2100,DISABLED,DISABLED,1622,500,2100,DISABLED,DISABLED,1643,500,2100,DISABLED,DISABLED,1618,500,2100,DISABLED,DISABLED,1300,900,1300,N/A,DISABLED,42,914,1333,N/A,ENABLED,42,914,1333,N/A,ENABLED,42,914,1333,N/A,ENABLED,42,914,1333,N/A,ENABLED,36,711,1143,N/A,ENABLED,36,711,1143,N/A,ENABLED,36,711,1143,N/A,ENABLED,36,711,1143,N/A,ENABLED,N/A,71,54
1744910368,0,738,N/A,N/A,N/A,N/A,ENABLED,1658,500,2100,DISABLED,DISABLED,1641,500,2100,DISABLED,DISABLED,1655,500,2100,DISABLED,DISABLED,1625,500,2100,DISABLED,DISABLED,1647,500,2100,DISABLED,DISABLED,1626,500,2100,DISABLED,DISABLED,1645,500,2100,DISABLED,DISABLED,1620,500,2100,DISABLED,DISABLED,1300,900,1300,N/A,DISABLED,42,914,1333,N/A,ENABLED,42,914,1333,N/A,ENABLED,42,914,1333,N/A,ENABLED,42,914,1333,N/A,ENABLED,36,711,1143,N/A,ENABLED,36,711,1143,N/A,ENABLED,36,711,1143,N/A,ENABLED,36,711,1143,N/A,ENABLED,N/A,71,54
1744910369,0,738,N/A,N/A,N/A,N/A,ENABLED,1654,500,2100,DISABLED,DISABLED,1637,500,2100,DISABLED,DISABLED,1651,500,2100,DISABLED,DISABLED,1621,500,2100,DISABLED,DISABLED,1641,500,2100,DISABLED,DISABLED,1621,500,2100,DISABLED,DISABLED,1640,500,2100,DISABLED,DISABLED,1616,500,2100,DISABLED,DISABLED,1300,900,1300,N/A,DISABLED,42,914,1333,N/A,ENABLED,42,914,1333,N/A,ENABLED,42,914,1333,N/A,ENABLED,42,914,1333,N/A,ENABLED,36,711,1143,N/A,ENABLED,36,711,1143,N/A,ENABLED,36,711,1143,N/A,ENABLED,36,711,1143,N/A,ENABLED,N/A,71,54
1744910370,0,738,N/A,N/A,N/A,N/A,ENABLED,1649,500,2100,DISABLED,DISABLED,1635,500,2100,DISABLED,DISABLED,1646,500,2100,DISABLED,DISABLED,1618,500,2100,DISABLED,DISABLED,1639,500,2100,DISABLED,DISABLED,1617,500,2100,DISABLED,DISABLED,1637,500,2100,DISABLED,DISABLED,1615,500,2100,DISABLED,DISABLED,1300,900,1300,N/A,DISABLED,42,914,1333,N/A,ENABLED,42,914,1333,N/A,ENABLED,42,914,1333,N/A,ENABLED,42,914,1333,N/A,ENABLED,36,711,1143,N/A,ENABLED,36,711,1143,N/A,ENABLED,36,711,1143,N/A,ENABLED,36,711,1143,N/A,ENABLED,N/A,71,54
1744910371,0,739,N/A,N/A,N/A,N/A,ENABLED,1655,500,2100,DISABLED,DISABLED,1639,500,2100,DISABLED,DISABLED,1650,500,2100,DISABLED,DISABLED,1622,500,2100,DISABLED,DISABLED,1641,500,2100,DISABLED,DISABLED,1620,500,2100,DISABLED,DISABLED,1640,500,2100,DISABLED,DISABLED,1617,500,2100,DISABLED,DISABLED,1300,900,1300,N/A,DISABLED,42,914,1333,N/A,ENABLED,42,914,1333,N/A,ENABLED,42,914,1333,N/A,ENABLED,42,914,1333,N/A,ENABLED,36,711,1143,N/A,ENABLED,36,711,1143,N/A,ENABLED,36,711,1143,N/A,ENABLED,36,711,1143,N/A,ENABLED,N/A,71,54
1744910373,0,739,N/A,N/A,N/A,N/A,ENABLED,1656,500,2100,DISABLED,DISABLED,1640,500,2100,DISABLED,DISABLED,1652,500,2100,DISABLED,DISABLED,1623,500,2100,DISABLED,DISABLED,1643,500,2100,DISABLED,DISABLED,1621,500,2100,DISABLED,DISABLED,1643,500,2100,DISABLED,DISABLED,1618,500,2100,DISABLED,DISABLED,1300,900,1300,N/A,DISABLED,42,914,1333,N/A,ENABLED,42,914,1333,N/A,ENABLED,42,914,1333,N/A,ENABLED,42,914,1333,N/A,ENABLED,36,711,1143,N/A,ENABLED,36,711,1143,N/A,ENABLED,36,711,1143,N/A,ENABLED,36,711,1143,N/A,ENABLED,N/A,71,54
1744910374,0,740,N/A,N/A,N/A,N/A,ENABLED,1656,500,2100,DISABLED,DISABLED,1638,500,2100,DISABLED,DISABLED,1651,500,2100,DISABLED,DISABLED,1621,500,2100,DISABLED,DISABLED,1640,500,2100,DISABLED,DISABLED,1619,500,2100,DISABLED,DISABLED,1641,500,2100,DISABLED,DISABLED,1616,500,2100,DISABLED,DISABLED,1300,900,1300,N/A,DISABLED,42,914,1333,N/A,ENABLED,42,914,1333,N/A,ENABLED,42,914,1333,N/A,ENABLED,42,914,1333,N/A,ENABLED,36,711,1143,N/A,ENABLED,36,711,1143,N/A,ENABLED,36,711,1143,N/A,ENABLED,36,711,1143,N/A,ENABLED,N/A,71,54
1744910375,0,740,N/A,N/A,N/A,N/A,ENABLED,1657,500,2100,DISABLED,DISABLED,1639,500,2100,DISABLED,DISABLED,1652,500,2100,DISABLED,DISABLED,1622,500,2100,DISABLED,DISABLED,1642,500,2100,DISABLED,DISABLED,1621,500,2100,DISABLED,DISABLED,1642,500,2100,DISABLED,DISABLED,1618,500,2100,DISABLED,DISABLED,1300,900,1300,N/A,DISABLED,42,914,1333,N/A,ENABLED,42,914,1333,N/A,ENABLED,42,914,1333,N/A,ENABLED,42,914,1333,N/A,ENABLED,36,711,1143,N/A,ENABLED,36,711,1143,N/A,ENABLED,36,711,1143,N/A,ENABLED,36,711,1143,N/A,ENABLED,N/A,71,54
1744910376,0,738,N/A,N/A,N/A,N/A,ENABLED,1651,500,2100,DISABLED,DISABLED,1633,500,2100,DISABLED,DISABLED,1647,500,2100,DISABLED,DISABLED,1617,500,2100,DISABLED,DISABLED,1636,500,2100,DISABLED,DISABLED,1614,500,2100,DISABLED,DISABLED,1635,500,2100,DISABLED,DISABLED,1612,500,2100,DISABLED,DISABLED,1300,900,1300,N/A,DISABLED,42,914,1333,N/A,ENABLED,42,914,1333,N/A,ENABLED,42,914,1333,N/A,ENABLED,42,914,1333,N/A,ENABLED,36,711,1143,N/A,ENABLED,36,711,1143,N/A,ENABLED,36,711,1143,N/A,ENABLED,36,711,1143,N/A,ENABLED,N/A,71,54
1744910378,0,737,N/A,N/A,N/A,N/A,ENABLED,1653,500,2100,DISABLED,DISABLED,1636,500,2100,DISABLED,DISABLED,1649,500,2100,DISABLED,DISABLED,1618,500,2100,DISABLED,DISABLED,1638,500,2100,DISABLED,DISABLED,1617,500,2100,DISABLED,DISABLED,1638,500,2100,DISABLED,DISABLED,1614,500,2100,DISABLED,DISABLED,1300,900,1300,N/A,DISABLED,42,914,1333,N/A,ENABLED,42,914,1333,N/A,ENABLED,42,914,1333,N/A,ENABLED,42,914,1333,N/A,ENABLED,36,711,1143,N/A,ENABLED,36,711,1143,N/A,ENABLED,36,711,1143,N/A,ENABLED,36,711,1143,N/A,ENABLED,N/A,71,54
1744910379,0,738,N/A,N/A,N/A,N/A,ENABLED,1653,500,2100,DISABLED,DISABLED,1637,500,2100,DISABLED,DISABLED,1649,500,2100,DISABLED,DISABLED,1619,500,2100,DISABLED,DISABLED,1639,500,2100,DISABLED,DISABLED,1619,500,2100,DISABLED,DISABLED,1638,500,2100,DISABLED,DISABLED,1614,500,2100,DISABLED,DISABLED,1300,900,1300,N/A,DISABLED,42,914,1333,N/A,ENABLED,42,914,1333,N/A,ENABLED,42,914,1333,N/A,ENABLED,42,914,1333,N/A,ENABLED,36,711,1143,N/A,ENABLED,36,711,1143,N/A,ENABLED,36,711,1143,N/A,ENABLED,36,711,1143,N/A,ENABLED,N/A,71,54
1744910380,0,740,N/A,N/A,N/A,N/A,ENABLED,1653,500,2100,DISABLED,DISABLED,1638,500,2100,DISABLED,DISABLED,1650,500,2100,DISABLED,DISABLED,1619,500,2100,DISABLED,DISABLED,1639,500,2100,DISABLED,DISABLED,1619,500,2100,DISABLED,DISABLED,1639,500,2100,DISABLED,DISABLED,1616,500,2100,DISABLED,DISABLED,1300,900,1300,N/A,DISABLED,42,914,1333,N/A,ENABLED,42,914,1333,N/A,ENABLED,42,914,1333,N/A,ENABLED,42,914,1333,N/A,ENABLED,36,711,1143,N/A,ENABLED,36,711,1143,N/A,ENABLED,36,711,1143,N/A,ENABLED,36,711,1143,N/A,ENABLED,N/A,71,54
1744910381,0,736,N/A,N/A,N/A,N/A,ENABLED,1651,500,2100,DISABLED,DISABLED,1635,500,2100,DISABLED,DISABLED,1648,500,2100,DISABLED,DISABLED,1619,500,2100,DISABLED,DISABLED,1639,500,2100,DISABLED,DISABLED,1617,500,2100,DISABLED,DISABLED,1637,500,2100,DISABLED,DISABLED,1613,500,2100,DISABLED,DISABLED,1300,900,1300,N/A,DISABLED,42,914,1333,N/A,ENABLED,42,914,1333,N/A,ENABLED,42,914,1333,N/A,ENABLED,42,914,1333,N/A,ENABLED,36,711,1143,N/A,ENABLED,36,711,1143,N/A,ENABLED,36,711,1143,N/A,ENABLED,36,711,1143,N/A,ENABLED,N/A,71,54
1744910383,0,734,N/A,N/A,N/A,N/A,ENABLED,1648,500,2100,DISABLED,DISABLED,1634,500,2100,DISABLED,DISABLED,1645,500,2100,DISABLED,DISABLED,1617,500,2100,DISABLED,DISABLED,1636,500,2100,DISABLED,DISABLED,1614,500,2100,DISABLED,DISABLED,1635,500,2100,DISABLED,DISABLED,1610,500,2100,DISABLED,DISABLED,1300,900,1300,N/A,DISABLED,42,914,1333,N/A,ENABLED,42,914,1333,N/A,ENABLED,42,914,1333,N/A,ENABLED,42,914,1333,N/A,ENABLED,36,711,1143,N/A,ENABLED,36,711,1143,N/A,ENABLED,36,711,1143,N/A,ENABLED,36,711,1143,N/A,ENABLED,N/A,72,54
1744910384,0,739,N/A,N/A,N/A,N/A,ENABLED,1650,500,2100,DISABLED,DISABLED,1634,500,2100,DISABLED,DISABLED,1645,500,2100,DISABLED,DISABLED,1617,500,2100,DISABLED,DISABLED,1637,500,2100,DISABLED,DISABLED,1616,500,2100,DISABLED,DISABLED,1636,500,2100,DISABLED,DISABLED,1611,500,2100,DISABLED,DISABLED,1300,900,1300,N/A,DISABLED,42,914,1333,N/A,ENABLED,42,914,1333,N/A,ENABLED,42,914,1333,N/A,ENABLED,42,914,1333,N/A,ENABLED,36,711,1143,N/A,ENABLED,36,711,1143,N/A,ENABLED,36,711,1143,N/A,ENABLED,36,711,1143,N/A,ENABLED,N/A,72,55
1744910385,0,739,N/A,N/A,N/A,N/A,ENABLED,1653,500,2100,DISABLED,DISABLED,1638,500,2100,DISABLED,DISABLED,1650,500,2100,DISABLED,DISABLED,1620,500,2100,DISABLED,DISABLED,1640,500,2100,DISABLED,DISABLED,1618,500,2100,DISABLED,DISABLED,1638,500,2100,DISABLED,DISABLED,1614,500,2100,DISABLED,DISABLED,1300,900,1300,N/A,DISABLED,42,914,1333,N/A,ENABLED,42,914,1333,N/A,ENABLED,42,914,1333,N/A,ENABLED,42,914,1333,N/A,ENABLED,36,711,1143,N/A,ENABLED,36,711,1143,N/A,ENABLED,36,711,1143,N/A,ENABLED,36,711,1143,N/A,ENABLED,N/A,72,54
1744910386,0,737,N/A,N/A,N/A,N/A,ENABLED,1652,500,2100,DISABLED,DISABLED,1635,500,2100,DISABLED,DISABLED,1648,500,2100,DISABLED,DISABLED,1619,500,2100,DISABLED,DISABLED,1637,500,2100,DISABLED,DISABLED,1617,500,2100,DISABLED,DISABLED,1638,500,2100,DISABLED,DISABLED,1613,500,2100,DISABLED,DISABLED,1300,900,1300,N/A,DISABLED,42,914,1333,N/A,ENABLED,42,914,1333,N/A,ENABLED,42,914,1333,N/A,ENABLED,42,914,1333,N/A,ENABLED,36,711,1143,N/A,ENABLED,36,711,1143,N/A,ENABLED,36,711,1143,N/A,ENABLED,36,711,1143,N/A,ENABLED,N/A,72,55
1744910388,0,737,N/A,N/A,N/A,N/A,ENABLED,1649,500,2100,DISABLED,DISABLED,1634,500,2100,DISABLED,DISABLED,1646,500,2100,DISABLED,DISABLED,1617,500,2100,DISABLED,DISABLED,1636,500,2100,DISABLED,DISABLED,1616,500,2100,DISABLED,DISABLED,1636,500,2100,DISABLED,DISABLED,1611,500,2100,DISABLED,DISABLED,1300,900,1300,N/A,DISABLED,42,914,1333,N/A,ENABLED,42,914,1333,N/A,ENABLED,42,914,1333,N/A,ENABLED,42,914,1333,N/A,ENABLED,36,711,1143,N/A,ENABLED,36,711,1143,N/A,ENABLED,36,711,1143,N/A,ENABLED,36,711,1143,N/A,ENABLED,N/A,72,55
1744910389,0,741,N/A,N/A,N/A,N/A,ENABLED,1652,500,2100,DISABLED,DISABLED,1637,500,2100,DISABLED,DISABLED,1649,500,2100,DISABLED,DISABLED,1620,500,2100,DISABLED,DISABLED,1639,500,2100,DISABLED,DISABLED,1618,500,2100,DISABLED,DISABLED,1640,500,2100,DISABLED,DISABLED,1615,500,2100,DISABLED,DISABLED,1300,900,1300,N/A,DISABLED,42,914,1333,N/A,ENABLED,42,914,1333,N/A,ENABLED,42,914,1333,N/A,ENABLED,42,914,1333,N/A,ENABLED,36,711,1143,N/A,ENABLED,36,711,1143,N/A,ENABLED,36,711,1143,N/A,ENABLED,36,711,1143,N/A,ENABLED,N/A,72,55
1744910390,0,738,N/A,N/A,N/A,N/A,ENABLED,1650,500,2100,DISABLED,DISABLED,1634,500,2100,DISABLED,DISABLED,1647,500,2100,DISABLED,DISABLED,1617,500,2100,DISABLED,DISABLED,1636,500,2100,DISABLED,DISABLED,1615,500,2100,DISABLED,DISABLED,1637,500,2100,DISABLED,DISABLED,1611,500,2100,DISABLED,DISABLED,1300,900,1300,N/A,DISABLED,42,914,1333,N/A,ENABLED,42,914,1333,N/A,ENABLED,42,914,1333,N/A,ENABLED,42,914,1333,N/A,ENABLED,36,711,1143,N/A,ENABLED,36,711,1143,N/A,ENABLED,36,711,1143,N/A,ENABLED,36,711,1143,N/A,ENABLED,N/A,72,55
1744910391,0,739,N/A,N/A,N/A,N/A,ENABLED,1650,500,2100,DISABLED,DISABLED,1634,500,2100,DISABLED,DISABLED,1647,500,2100,DISABLED,DISABLED,1618,500,2100,DISABLED,DISABLED,1637,500,2100,DISABLED,DISABLED,1616,500,2100,DISABLED,DISABLED,1638,500,2100,DISABLED,DISABLED,1612,500,2100,DISABLED,DISABLED,1300,900,1300,N/A,DISABLED,42,914,1333,N/A,ENABLED,42,914,1333,N/A,ENABLED,42,914,1333,N/A,ENABLED,42,914,1333,N/A,ENABLED,36,711,1143,N/A,ENABLED,36,711,1143,N/A,ENABLED,36,711,1143,N/A,ENABLED,36,711,1143,N/A,ENABLED,N/A,72,55
1744910393,0,739,N/A,N/A,N/A,N/A,ENABLED,1650,500,2100,DISABLED,DISABLED,1634,500,2100,DISABLED,DISABLED,1646,500,2100,DISABLED,DISABLED,1617,500,2100,DISABLED,DISABLED,1636,500,2100,DISABLED,DISABLED,1616,500,2100,DISABLED,DISABLED,1637,500,2100,DISABLED,DISABLED,1611,500,2100,DISABLED,DISABLED,1300,900,1300,N/A,DISABLED,42,914,1333,N/A,ENABLED,42,914,1333,N/A,ENABLED,42,914,1333,N/A,ENABLED,42,914,1333,N/A,ENABLED,36,711,1143,N/A,ENABLED,36,711,1143,N/A,ENABLED,36,711,1143,N/A,ENABLED,36,711,1143,N/A,ENABLED,N/A,72,55
1744910394,0,740,N/A,N/A,N/A,N/A,ENABLED,1653,500,2100,DISABLED,DISABLED,1638,500,2100,DISABLED,DISABLED,1649,500,2100,DISABLED,DISABLED,1621,500,2100,DISABLED,DISABLED,1640,500,2100,DISABLED,DISABLED,1618,500,2100,DISABLED,DISABLED,1640,500,2100,DISABLED,DISABLED,1615,500,2100,DISABLED,DISABLED,1300,900,1300,N/A,DISABLED,42,914,1333,N/A,ENABLED,42,914,1333,N/A,ENABLED,42,914,1333,N/A,ENABLED,42,914,1333,N/A,ENABLED,36,711,1143,N/A,ENABLED,36,711,1143,N/A,ENABLED,36,711,1143,N/A,ENABLED,36,711,1143,N/A,ENABLED,N/A,72,55
1744910395,0,739,N/A,N/A,N/A,N/A,ENABLED,1651,500,2100,DISABLED,DISABLED,1635,500,2100,DISABLED,DISABLED,1647,500,2100,DISABLED,DISABLED,1618,500,2100,DISABLED,DISABLED,1637,500,2100,DISABLED,DISABLED,1617,500,2100,DISABLED,DISABLED,1637,500,2100,DISABLED,DISABLED,1613,500,2100,DISABLED,DISABLED,1300,900,1300,N/A,DISABLED,42,914,1333,N/A,ENABLED,42,914,1333,N/A,ENABLED,42,914,1333,N/A,ENABLED,42,914,1333,N/A,ENABLED,36,711,1143,N/A,ENABLED,36,711,1143,N/A,ENABLED,36,711,1143,N/A,ENABLED,36,711,1143,N/A,ENABLED,N/A,72,55
1744910396,0,738,N/A,N/A,N/A,N/A,ENABLED,1647,500,2100,DISABLED,DISABLED,1630,500,2100,DISABLED,DISABLED,1641,500,2100,DISABLED,DISABLED,1613,500,2100,DISABLED,DISABLED,1633,500,2100,DISABLED,DISABLED,1612,500,2100,DISABLED,DISABLED,1633,500,2100,DISABLED,DISABLED,1607,500,2100,DISABLED,DISABLED,1300,900,1300,N/A,DISABLED,42,914,1333,N/A,ENABLED,42,914,1333,N/A,ENABLED,42,914,1333,N/A,ENABLED,42,914,1333,N/A,ENABLED,36,711,1143,N/A,ENABLED,36,711,1143,N/A,ENABLED,36,711,1143,N/A,ENABLED,36,711,1143,N/A,ENABLED,N/A,72,55
1744910398,0,736,N/A,N/A,N/A,N/A,ENABLED,1650,500,2100,DISABLED,DISABLED,1634,500,2100,DISABLED,DISABLED,1646,500,2100,DISABLED,DISABLED,1618,500,2100,DISABLED,DISABLED,1636,500,2100,DISABLED,DISABLED,1615,500,2100,DISABLED,DISABLED,1637,500,2100,DISABLED,DISABLED,1611,500,2100,DISABLED,DISABLED,1300,900,1300,N/A,DISABLED,42,914,1333,N/A,ENABLED,42,914,1333,N/A,ENABLED,42,914,1333,N/A,ENABLED,42,914,1333,N/A,ENABLED,36,711,1143,N/A,ENABLED,36,711,1143,N/A,ENABLED,36,711,1143,N/A,ENABLED,36,711,1143,N/A,ENABLED,N/A,72,55
1744910399,0,739,N/A,N/A,N/A,N/A,ENABLED,1653,500,2100,DISABLED,DISABLED,1636,500,2100,DISABLED,DISABLED,1649,500,2100,DISABLED,DISABLED,1619,500,2100,DISABLED,DISABLED,1638,500,2100,DISABLED,DISABLED,1617,500,2100,DISABLED,DISABLED,1639,500,2100,DISABLED,DISABLED,1613,500,2100,DISABLED,DISABLED,1300,900,1300,N/A,DISABLED,42,914,1333,N/A,ENABLED,42,914,1333,N/A,ENABLED,42,914,1333,N/A,ENABLED,42,914,1333,N/A,ENABLED,36,711,1143,N/A,ENABLED,36,711,1143,N/A,ENABLED,36,711,1143,N/A,ENABLED,36,711,1143,N/A,ENABLED,N/A,72,55
1744910400,0,739,N/A,N/A,N/A,N/A,ENABLED,1651,500,2100,DISABLED,DISABLED,1633,500,2100,DISABLED,DISABLED,1647,500,2100,DISABLED,DISABLED,1618,500,2100,DISABLED,DISABLED,1636,500,2100,DISABLED,DISABLED,1616,500,2100,DISABLED,DISABLED,1637,500,2100,DISABLED,DISABLED,1611,500,2100,DISABLED,DISABLED,1300,900,1300,N/A,DISABLED,42,914,1333,N/A,ENABLED,42,914,1333,N/A,ENABLED,42,914,1333,N/A,ENABLED,42,914,1333,N/A,ENABLED,36,711,1143,N/A,ENABLED,36,711,1143,N/A,ENABLED,36,711,1143,N/A,ENABLED,36,711,1143,N/A,ENABLED,N/A,72,55
1744910401,0,739,N/A,N/A,N/A,N/A,ENABLED,1647,500,2100,DISABLED,DISABLED,1630,500,2100,DISABLED,DISABLED,1644,500,2100,DISABLED,DISABLED,1615,500,2100,DISABLED,DISABLED,1634,500,2100,DISABLED,DISABLED,1613,500,2100,DISABLED,DISABLED,1634,500,2100,DISABLED,DISABLED,1608,500,2100,DISABLED,DISABLED,1300,900,1300,N/A,DISABLED,42,914,1333,N/A,ENABLED,42,914,1333,N/A,ENABLED,42,914,1333,N/A,ENABLED,42,914,1333,N/A,ENABLED,36,711,1143,N/A,ENABLED,36,711,1143,N/A,ENABLED,36,711,1143,N/A,ENABLED,36,711,1143,N/A,ENABLED,N/A,72,55
1744910403,0,737,N/A,N/A,N/A,N/A,ENABLED,1647,500,2100,DISABLED,DISABLED,1630,500,2100,DISABLED,DISABLED,1644,500,2100,DISABLED,DISABLED,1614,500,2100,DISABLED,DISABLED,1633,500,2100,DISABLED,DISABLED,1612,500,2100,DISABLED,DISABLED,1633,500,2100,DISABLED,DISABLED,1607,500,2100,DISABLED,DISABLED,1300,900,1300,N/A,DISABLED,42,914,1333,N/A,ENABLED,42,914,1333,N/A,ENABLED,42,914,1333,N/A,ENABLED,42,914,1333,N/A,ENABLED,36,711,1143,N/A,ENABLED,36,711,1143,N/A,ENABLED,36,711,1143,N/A,ENABLED,36,711,1143,N/A,ENABLED,N/A,72,55
1744910404,0,739,N/A,N/A,N/A,N/A,ENABLED,1651,500,2100,DISABLED,DISABLED,1634,500,2100,DISABLED,DISABLED,1647,500,2100,DISABLED,DISABLED,1618,500,2100,DISABLED,DISABLED,1637,500,2100,DISABLED,DISABLED,1615,500,2100,DISABLED,DISABLED,1639,500,2100,DISABLED,DISABLED,1612,500,2100,DISABLED,DISABLED,1300,900,1300,N/A,DISABLED,42,914,1333,N/A,ENABLED,42,914,1333,N/A,ENABLED,42,914,1333,N/A,ENABLED,42,914,1333,N/A,ENABLED,36,711,1143,N/A,ENABLED,36,711,1143,N/A,ENABLED,36,711,1143,N/A,ENABLED,36,711,1143,N/A,ENABLED,N/A,72,55
1744910405,0,740,N/A,N/A,N/A,N/A,ENABLED,1647,500,2100,DISABLED,DISABLED,1631,500,2100,DISABLED,DISABLED,1643,500,2100,DISABLED,DISABLED,1615,500,2100,DISABLED,DISABLED,1635,500,2100,DISABLED,DISABLED,1613,500,2100,DISABLED,DISABLED,1634,500,2100,DISABLED,DISABLED,1608,500,2100,DISABLED,DISABLED,1300,900,1300,N/A,DISABLED,42,914,1333,N/A,ENABLED,42,914,1333,N/A,ENABLED,42,914,1333,N/A,ENABLED,42,914,1333,N/A,ENABLED,36,711,1143,N/A,ENABLED,36,711,1143,N/A,ENABLED,36,711,1143,N/A,ENABLED,36,711,1143,N/A,ENABLED,N/A,72,55
1744910406,0,739,N/A,N/A,N/A,N/A,ENABLED,1649,500,2100,DISABLED,DISABLED,1633,500,2100,DISABLED,DISABLED,1646,500,2100,DISABLED,DISABLED,1616,500,2100,DISABLED,DISABLED,1638,500,2100,DISABLED,DISABLED,1615,500,2100,DISABLED,DISABLED,1636,500,2100,DISABLED,DISABLED,1611,500,2100,DISABLED,DISABLED,1300,900,1300,N/A,DISABLED,42,914,1333,N/A,ENABLED,42,914,1333,N/A,ENABLED,42,914,1333,N/A,ENABLED,42,914,1333,N/A,ENABLED,36,711,1143,N/A,ENABLED,36,711,1143,N/A,ENABLED,36,711,1143,N/A,ENABLED,36,711,1143,N/A,ENABLED,N/A,72,55
1744910408,0,740,N/A,N/A,N/A,N/A,ENABLED,1650,500,2100,DISABLED,DISABLED,1634,500,2100,DISABLED,DISABLED,1648,500,2100,DISABLED,DISABLED,1618,500,2100,DISABLED,DISABLED,1639,500,2100,DISABLED,DISABLED,1618,500,2100,DISABLED,DISABLED,1638,500,2100,DISABLED,DISABLED,1613,500,2100,DISABLED,DISABLED,1300,900,1300,N/A,DISABLED,42,914,1333,N/A,ENABLED,42,914,1333,N/A,ENABLED,42,914,1333,N/A,ENABLED,42,914,1333,N/A,ENABLED,36,711,1143,N/A,ENABLED,36,711,1143,N/A,ENABLED,36,711,1143,N/A,ENABLED,36,711,1143,N/A,ENABLED,N/A,72,55
1744910409,0,741,N/A,N/A,N/A,N/A,ENABLED,1648,500,2100,DISABLED,DISABLED,1632,500,2100,DISABLED,DISABLED,1645,500,2100,DISABLED,DISABLED,1617,500,2100,DISABLED,DISABLED,1633,500,2100,DISABLED,DISABLED,1613,500,2100,DISABLED,DISABLED,1633,500,2100,DISABLED,DISABLED,1609,500,2100,DISABLED,DISABLED,1300,900,1300,N/A,DISABLED,42,914,1333,N/A,ENABLED,42,914,1333,N/A,ENABLED,42,914,1333,N/A,ENABLED,42,914,1333,N/A,ENABLED,36,711,1143,N/A,ENABLED,36,711,1143,N/A,ENABLED,36,711,1143,N/A,ENABLED,36,711,1143,N/A,ENABLED,N/A,72,55
1744910410,0,739,N/A,N/A,N/A,N/A,ENABLED,1645,500,2100,DISABLED,DISABLED,1628,500,2100,DISABLED,DISABLED,1643,500,2100,DISABLED,DISABLED,1614,500,2100,DISABLED,DISABLED,1631,500,2100,DISABLED,DISABLED,1610,500,2100,DISABLED,DISABLED,1630,500,2100,DISABLED,DISABLED,1606,500,2100,DISABLED,DISABLED,1300,900,1300,N/A,DISABLED,42,914,1333,N/A,ENABLED,42,914,1333,N/A,ENABLED,42,914,1333,N/A,ENABLED,42,914,1333,N/A,ENABLED,36,711,1143,N/A,ENABLED,36,711,1143,N/A,ENABLED,36,711,1143,N/A,ENABLED,36,711,1143,N/A,ENABLED,N/A,72,55
1744910411,0,740,N/A,N/A,N/A,N/A,ENABLED,1649,500,2100,DISABLED,DISABLED,1634,500,2100,DISABLED,DISABLED,1646,500,2100,DISABLED,DISABLED,1617,500,2100,DISABLED,DISABLED,1636,500,2100,DISABLED,DISABLED,1615,500,2100,DISABLED,DISABLED,1635,500,2100,DISABLED,DISABLED,1611,500,2100,DISABLED,DISABLED,1300,900,1300,N/A,DISABLED,42,914,1333,N/A,ENABLED,42,914,1333,N/A,ENABLED,42,914,1333,N/A,ENABLED,42,914,1333,N/A,ENABLED,36,711,1143,N/A,ENABLED,36,711,1143,N/A,ENABLED,36,711,1143,N/A,ENABLED,36,711,1143,N/A,ENABLED,N/A,72,56
1744910413,0,738,N/A,N/A,N/A,N/A,ENABLED,1644,500,2100,DISABLED,DISABLED,1629,500,2100,DISABLED,DISABLED,1642,500,2100,DISABLED,DISABLED,1613,500,2100,DISABLED,DISABLED,1631,500,2100,DISABLED,DISABLED,1610,500,2100,DISABLED,DISABLED,1630,500,2100,DISABLED,DISABLED,1607,500,2100,DISABLED,DISABLED,1300,900,1300,N/A,DISABLED,42,914,1333,N/A,ENABLED,42,914,1333,N/A,ENABLED,42,914,1333,N/A,ENABLED,42,914,1333,N/A,ENABLED,36,711,1143,N/A,ENABLED,36,711,1143,N/A,ENABLED,36,711,1143,N/A,ENABLED,36,711,1143,N/A,ENABLED,N/A,72,55
1744910414,0,738,N/A,N/A,N/A,N/A,ENABLED,1647,500,2100,DISABLED,DISABLED,1631,500,2100,DISABLED,DISABLED,1645,500,2100,DISABLED,DISABLED,1616,500,2100,DISABLED,DISABLED,1634,500,2100,DISABLED,DISABLED,1613,500,2100,DISABLED,DISABLED,1633,500,2100,DISABLED,DISABLED,1609,500,2100,DISABLED,DISABLED,1300,900,1300,N/A,DISABLED,42,914,1333,N/A,ENABLED,42,914,1333,N/A,ENABLED,42,914,1333,N/A,ENABLED,42,914,1333,N/A,ENABLED,36,711,1143,N/A,ENABLED,36,711,1143,N/A,ENABLED,36,711,1143,N/A,ENABLED,36,711,1143,N/A,ENABLED,N/A,72,56
1744910415,0,739,N/A,N/A,N/A,N/A,ENABLED,1648,500,2100,DISABLED,DISABLED,1632,500,2100,DISABLED,DISABLED,1646,500,2100,DISABLED,DISABLED,1617,500,2100,DISABLED,DISABLED,1635,500,2100,DISABLED,DISABLED,1615,500,2100,DISABLED,DISABLED,1634,500,2100,DISABLED,DISABLED,1611,500,2100,DISABLED,DISABLED,1300,900,1300,N/A,DISABLED,42,914,1333,N/A,ENABLED,42,914,1333,N/A,ENABLED,42,914,1333,N/A,ENABLED,42,914,1333,N/A,ENABLED,36,711,1143,N/A,ENABLED,36,711,1143,N/A,ENABLED,36,711,1143,N/A,ENABLED,36,711,1143,N/A,ENABLED,N/A,72,55
1744910416,0,740,N/A,N/A,N/A,N/A,ENABLED,1649,500,2100,DISABLED,DISABLED,1634,500,2100,DISABLED,DISABLED,1646,500,2100,DISABLED,DISABLED,1618,500,2100,DISABLED,DISABLED,1637,500,2100,DISABLED,DISABLED,1616,500,2100,DISABLED,DISABLED,1637,500,2100,DISABLED,DISABLED,1612,500,2100,DISABLED,DISABLED,1300,900,1300,N/A,DISABLED,42,914,1333,N/A,ENABLED,42,914,1333,N/A,ENABLED,42,914,1333,N/A,ENABLED,42,914,1333,N/A,ENABLED,36,711,1143,N/A,ENABLED,36,711,1143,N/A,ENABLED,36,711,1143,N/A,ENABLED,36,711,1143,N/A,ENABLED,N/A,72,56
1744910418,0,738,N/A,N/A,N/A,N/A,ENABLED,1647,500,2100,DISABLED,DISABLED,1632,500,2100,DISABLED,DISABLED,1645,500,2100,DISABLED,DISABLED,1615,500,2100,DISABLED,DISABLED,1634,500,2100,DISABLED,DISABLED,1614,500,2100,DISABLED,DISABLED,1633,500,2100,DISABLED,DISABLED,1609,500,2100,DISABLED,DISABLED,1300,900,1300,N/A,DISABLED,42,914,1333,N/A,ENABLED,42,914,1333,N/A,ENABLED,42,914,1333,N/A,ENABLED,42,914,1333,N/A,ENABLED,36,711,1143,N/A,ENABLED,36,711,1143,N/A,ENABLED,36,711,1143,N/A,ENABLED,36,711,1143,N/A,ENABLED,N/A,72,55
1744910419,0,735,N/A,N/A,N/A,N/A,ENABLED,1645,500,2100,DISABLED,DISABLED,1629,500,2100,DISABLED,DISABLED,1641,500,2100,DISABLED,DISABLED,1613,500,2100,DISABLED,DISABLED,1632,500,2100,DISABLED,DISABLED,1610,500,2100,DISABLED,DISABLED,1631,500,2100,DISABLED,DISABLED,1607,500,2100,DISABLED,DISABLED,1300,900,1300,N/A,DISABLED,42,914,1333,N/A,ENABLED,42,914,1333,N/A,ENABLED,42,914,1333,N/A,ENABLED,42,914,1333,N/A,ENABLED,36,711,1143,N/A,ENABLED,36,711,1143,N/A,ENABLED,36,711,1143,N/A,ENABLED,36,711,1143,N/A,ENABLED,N/A,72,55
1744910420,0,735,N/A,N/A,N/A,N/A,ENABLED,1644,500,2100,DISABLED,DISABLED,1628,500,2100,DISABLED,DISABLED,1640,500,2100,DISABLED,DISABLED,1611,500,2100,DISABLED,DISABLED,1630,500,2100,DISABLED,DISABLED,1609,500,2100,DISABLED,DISABLED,1630,500,2100,DISABLED,DISABLED,1606,500,2100,DISABLED,DISABLED,1300,900,1300,N/A,DISABLED,42,914,1333,N/A,ENABLED,42,914,1333,N/A,ENABLED,42,914,1333,N/A,ENABLED,42,914,1333,N/A,ENABLED,36,711,1143,N/A,ENABLED,36,711,1143,N/A,ENABLED,36,711,1143,N/A,ENABLED,36,711,1143,N/A,ENABLED,N/A,72,55
1744910421,0,740,N/A,N/A,N/A,N/A,ENABLED,1648,500,2100,DISABLED,DISABLED,1631,500,2100,DISABLED,DISABLED,1645,500,2100,DISABLED,DISABLED,1615,500,2100,DISABLED,DISABLED,1634,500,2100,DISABLED,DISABLED,1612,500,2100,DISABLED,DISABLED,1633,500,2100,DISABLED,DISABLED,1609,500,2100,DISABLED,DISABLED,1300,900,1300,N/A,DISABLED,42,914,1333,N/A,ENABLED,42,914,1333,N/A,ENABLED,42,914,1333,N/A,ENABLED,42,914,1333,N/A,ENABLED,36,711,1143,N/A,ENABLED,36,711,1143,N/A,ENABLED,36,711,1143,N/A,ENABLED,36,711,1143,N/A,ENABLED,N/A,72,55
1744910423,0,740,N/A,N/A,N/A,N/A,ENABLED,1649,500,2100,DISABLED,DISABLED,1634,500,2100,DISABLED,DISABLED,1645,500,2100,DISABLED,DISABLED,1616,500,2100,DISABLED,DISABLED,1636,500,2100,DISABLED,DISABLED,1614,500,2100,DISABLED,DISABLED,1636,500,2100,DISABLED,DISABLED,1612,500,2100,DISABLED,DISABLED,1300,900,1300,N/A,DISABLED,42,914,1333,N/A,ENABLED,42,914,1333,N/A,ENABLED,42,914,1333,N/A,ENABLED,42,914,1333,N/A,ENABLED,36,711,1143,N/A,ENABLED,36,711,1143,N/A,ENABLED,36,711,1143,N/A,ENABLED,36,711,1143,N/A,ENABLED,N/A,72,56
1744910424,0,736,N/A,N/A,N/A,N/A,ENABLED,1645,500,2100,DISABLED,DISABLED,1630,500,2100,DISABLED,DISABLED,1642,500,2100,DISABLED,DISABLED,1613,500,2100,DISABLED,DISABLED,1632,500,2100,DISABLED,DISABLED,1611,500,2100,DISABLED,DISABLED,1632,500,2100,DISABLED,DISABLED,1608,500,2100,DISABLED,DISABLED,1300,900,1300,N/A,DISABLED,42,914,1333,N/A,ENABLED,42,914,1333,N/A,ENABLED,42,914,1333,N/A,ENABLED,42,914,1333,N/A,ENABLED,36,711,1143,N/A,ENABLED,36,711,1143,N/A,ENABLED,36,711,1143,N/A,ENABLED,36,711,1143,N/A,ENABLED,N/A,72,55
1744910425,0,739,N/A,N/A,N/A,N/A,ENABLED,1648,500,2100,DISABLED,DISABLED,1631,500,2100,DISABLED,DISABLED,1644,500,2100,DISABLED,DISABLED,1614,500,2100,DISABLED,DISABLED,1634,500,2100,DISABLED,DISABLED,1614,500,2100,DISABLED,DISABLED,1633,500,2100,DISABLED,DISABLED,1609,500,2100,DISABLED,DISABLED,1300,900,1300,N/A,DISABLED,42,914,1333,N/A,ENABLED,42,914,1333,N/A,ENABLED,42,914,1333,N/A,ENABLED,42,914,1333,N/A,ENABLED,36,711,1143,N/A,ENABLED,36,711,1143,N/A,ENABLED,36,711,1143,N/A,ENABLED,36,711,1143,N/A,ENABLED,N/A,72,55
1744910427,0,740,N/A,N/A,N/A,N/A,ENABLED,1649,500,2100,DISABLED,DISABLED,1635,500,2100,DISABLED,DISABLED,1647,500,2100,DISABLED,DISABLED,1616,500,2100,DISABLED,DISABLED,1636,500,2100,DISABLED,DISABLED,1616,500,2100,DISABLED,DISABLED,1636,500,2100,DISABLED,DISABLED,1611,500,2100,DISABLED,DISABLED,1300,900,1300,N/A,DISABLED,42,914,1333,N/A,ENABLED,42,914,1333,N/A,ENABLED,42,914,1333,N/A,ENABLED,42,914,1333,N/A,ENABLED,36,711,1143,N/A,ENABLED,36,711,1143,N/A,ENABLED,36,711,1143,N/A,ENABLED,36,711,1143,N/A,ENABLED,N/A,72,55
1744910428,0,738,N/A,N/A,N/A,N/A,ENABLED,1647,500,2100,DISABLED,DISABLED,1632,500,2100,DISABLED,DISABLED,1644,500,2100,DISABLED,DISABLED,1615,500,2100,DISABLED,DISABLED,1636,500,2100,DISABLED,DISABLED,1613,500,2100,DISABLED,DISABLED,1635,500,2100,DISABLED,DISABLED,1610,500,2100,DISABLED,DISABLED,1300,900,1300,N/A,DISABLED,42,914,1333,N/A,ENABLED,42,914,1333,N/A,ENABLED,42,914,1333,N/A,ENABLED,42,914,1333,N/A,ENABLED,36,711,1143,N/A,ENABLED,36,711,1143,N/A,ENABLED,36,711,1143,N/A,ENABLED,36,711,1143,N/A,ENABLED,N/A,72,56
1744910429,0,738,N/A,N/A,N/A,N/A,ENABLED,1649,500,2100,DISABLED,DISABLED,1635,500,2100,DISABLED,DISABLED,1647,500,2100,DISABLED,DISABLED,1617,500,2100,DISABLED,DISABLED,1636,500,2100,DISABLED,DISABLED,1616,500,2100,DISABLED,DISABLED,1637,500,2100,DISABLED,DISABLED,1613,500,2100,DISABLED,DISABLED,1300,900,1300,N/A,DISABLED,42,914,1333,N/A,ENABLED,42,914,1333,N/A,ENABLED,42,914,1333,N/A,ENABLED,42,914,1333,N/A,ENABLED,36,711,1143,N/A,ENABLED,36,711,1143,N/A,ENABLED,36,711,1143,N/A,ENABLED,36,711,1143,N/A,ENABLED,N/A,72,55
1744910430,0,740,N/A,N/A,N/A,N/A,ENABLED,1645,500,2100,DISABLED,DISABLED,1630,500,2100,DISABLED,DISABLED,1642,500,2100,DISABLED,DISABLED,1612,500,2100,DISABLED,DISABLED,1633,500,2100,DISABLED,DISABLED,1612,500,2100,DISABLED,DISABLED,1632,500,2100,DISABLED,DISABLED,1609,500,2100,DISABLED,DISABLED,1300,900,1300,N/A,DISABLED,42,914,1333,N/A,ENABLED,42,914,1333,N/A,ENABLED,42,914,1333,N/A,ENABLED,42,914,1333,N/A,ENABLED,36,711,1143,N/A,ENABLED,36,711,1143,N/A,ENABLED,36,711,1143,N/A,ENABLED,36,711,1143,N/A,ENABLED,N/A,72,55
1744910432,0,741,N/A,N/A,N/A,N/A,ENABLED,1648,500,2100,DISABLED,DISABLED,1633,500,2100,DISABLED,DISABLED,1646,500,2100,DISABLED,DISABLED,1616,500,2100,DISABLED,DISABLED,1635,500,2100,DISABLED,DISABLED,1614,500,2100,DISABLED,DISABLED,1635,500,2100,DISABLED,DISABLED,1612,500,2100,DISABLED,DISABLED,1300,900,1300,N/A,DISABLED,42,914,1333,N/A,ENABLED,42,914,1333,N/A,ENABLED,42,914,1333,N/A,ENABLED,42,914,1333,N/A,ENABLED,36,711,1143,N/A,ENABLED,36,711,1143,N/A,ENABLED,36,711,1143,N/A,ENABLED,36,711,1143,N/A,ENABLED,N/A,72,55
1744910433,0,740,N/A,N/A,N/A,N/A,ENABLED,1647,500,2100,DISABLED,DISABLED,1633,500,2100,DISABLED,DISABLED,1644,500,2100,DISABLED,DISABLED,1614,500,2100,DISABLED,DISABLED,1633,500,2100,DISABLED,DISABLED,1612,500,2100,DISABLED,DISABLED,1634,500,2100,DISABLED,DISABLED,1610,500,2100,DISABLED,DISABLED,1300,900,1300,N/A,DISABLED,42,914,1333,N/A,ENABLED,42,914,1333,N/A,ENABLED,42,914,1333,N/A,ENABLED,42,914,1333,N/A,ENABLED,36,711,1143,N/A,ENABLED,36,711,1143,N/A,ENABLED,36,711,1143,N/A,ENABLED,36,711,1143,N/A,ENABLED,N/A,72,55
1744910434,0,739,N/A,N/A,N/A,N/A,ENABLED,1647,500,2100,DISABLED,DISABLED,1631,500,2100,DISABLED,DISABLED,1644,500,2100,DISABLED,DISABLED,1615,500,2100,DISABLED,DISABLED,1635,500,2100,DISABLED,DISABLED,1613,500,2100,DISABLED,DISABLED,1634,500,2100,DISABLED,DISABLED,1611,500,2100,DISABLED,DISABLED,1300,900,1300,N/A,DISABLED,42,914,1333,N/A,ENABLED,42,914,1333,N/A,ENABLED,42,914,1333,N/A,ENABLED,42,914,1333,N/A,ENABLED,36,711,1143,N/A,ENABLED,36,711,1143,N/A,ENABLED,36,711,1143,N/A,ENABLED,36,711,1143,N/A,ENABLED,N/A,72,56
1744910435,0,740,N/A,N/A,N/A,N/A,ENABLED,1649,500,2100,DISABLED,DISABLED,1634,500,2100,DISABLED,DISABLED,1646,500,2100,DISABLED,DISABLED,1617,500,2100,DISABLED,DISABLED,1636,500,2100,DISABLED,DISABLED,1614,500,2100,DISABLED,DISABLED,1637,500,2100,DISABLED,DISABLED,1613,500,2100,DISABLED,DISABLED,1300,900,1300,N/A,DISABLED,42,914,1333,N/A,ENABLED,42,914,1333,N/A,ENABLED,42,914,1333,N/A,ENABLED,42,914,1333,N/A,ENABLED,36,711,1143,N/A,ENABLED,36,711,1143,N/A,ENABLED,36,711,1143,N/A,ENABLED,36,711,1143,N/A,ENABLED,N/A,72,55
1744910437,0,741,N/A,N/A,N/A,N/A,ENABLED,1650,500,2100,DISABLED,DISABLED,1635,500,2100,DISABLED,DISABLED,1646,500,2100,DISABLED,DISABLED,1618,500,2100,DISABLED,DISABLED,1637,500,2100,DISABLED,DISABLED,1616,500,2100,DISABLED,DISABLED,1639,500,2100,DISABLED,DISABLED,1614,500,2100,DISABLED,DISABLED,1300,900,1300,N/A,DISABLED,42,914,1333,N/A,ENABLED,42,914,1333,N/A,ENABLED,42,914,1333,N/A,ENABLED,42,914,1333,N/A,ENABLED,36,711,1143,N/A,ENABLED,36,711,1143,N/A,ENABLED,36,711,1143,N/A,ENABLED,36,711,1143,N/A,ENABLED,N/A,72,55
1744910438,0,739,N/A,N/A,N/A,N/A,ENABLED,1650,500,2100,DISABLED,DISABLED,1635,500,2100,DISABLED,DISABLED,1648,500,2100,DISABLED,DISABLED,1617,500,2100,DISABLED,DISABLED,1638,500,2100,DISABLED,DISABLED,1617,500,2100,DISABLED,DISABLED,1638,500,2100,DISABLED,DISABLED,1614,500,2100,DISABLED,DISABLED,1300,900,1300,N/A,DISABLED,42,914,1333,N/A,ENABLED,42,914,1333,N/A,ENABLED,42,914,1333,N/A,ENABLED,42,914,1333,N/A,ENABLED,36,711,1143,N/A,ENABLED,36,711,1143,N/A,ENABLED,36,711,1143,N/A,ENABLED,36,711,1143,N/A,ENABLED,N/A,72,55
1744910439,0,738,N/A,N/A,N/A,N/A,ENABLED,1646,500,2100,DISABLED,DISABLED,1632,500,2100,DISABLED,DISABLED,1644,500,2100,DISABLED,DISABLED,1614,500,2100,DISABLED,DISABLED,1633,500,2100,DISABLED,DISABLED,1613,500,2100,DISABLED,DISABLED,1635,500,2100,DISABLED,DISABLED,1610,500,2100,DISABLED,DISABLED,1300,900,1300,N/A,DISABLED,42,914,1333,N/A,ENABLED,42,914,1333,N/A,ENABLED,42,914,1333,N/A,ENABLED,42,914,1333,N/A,ENABLED,36,711,1143,N/A,ENABLED,36,711,1143,N/A,ENABLED,36,711,1143,N/A,ENABLED,36,711,1143,N/A,ENABLED,N/A,72,55
1744910440,0,737,N/A,N/A,N/A,N/A,ENABLED,1648,500,2100,DISABLED,DISABLED,1632,500,2100,DISABLED,DISABLED,1644,500,2100,DISABLED,DISABLED,1615,500,2100,DISABLED,DISABLED,1634,500,2100,DISABLED,DISABLED,1614,500,2100,DISABLED,DISABLED,1634,500,2100,DISABLED,DISABLED,1609,500,2100,DISABLED,DISABLED,1300,900,1300,N/A,DISABLED,42,914,1333,N/A,ENABLED,42,914,1333,N/A,ENABLED,42,914,1333,N/A,ENABLED,42,914,1333,N/A,ENABLED,36,711,1143,N/A,ENABLED,36,711,1143,N/A,ENABLED,36,711,1143,N/A,ENABLED,36,711,1143,N/A,ENABLED,N/A,72,55
1744910442,0,740,N/A,N/A,N/A,N/A,ENABLED,1652,500,2100,DISABLED,DISABLED,1636,500,2100,DISABLED,DISABLED,1649,500,2100,DISABLED,DISABLED,1621,500,2100,DISABLED,DISABLED,1638,500,2100,DISABLED,DISABLED,1617,500,2100,DISABLED,DISABLED,1639,500,2100,DISABLED,DISABLED,1614,500,2100,DISABLED,DISABLED,1300,900,1300,N/A,DISABLED,42,914,1333,N/A,ENABLED,42,914,1333,N/A,ENABLED,42,914,1333,N/A,ENABLED,42,914,1333,N/A,ENABLED,36,711,1143,N/A,ENABLED,36,711,1143,N/A,ENABLED,36,711,1143,N/A,ENABLED,36,711,1143,N/A,ENABLED,N/A,72,55
1744910443,0,737,N/A,N/A,N/A,N/A,ENABLED,1651,500,2100,DISABLED,DISABLED,1636,500,2100,DISABLED,DISABLED,1648,500,2100,DISABLED,DISABLED,1618,500,2100,DISABLED,DISABLED,1638,500,2100,DISABLED,DISABLED,1616,500,2100,DISABLED,DISABLED,1638,500,2100,DISABLED,DISABLED,1613,500,2100,DISABLED,DISABLED,1300,900,1300,N/A,DISABLED,42,914,1333,N/A,ENABLED,42,914,1333,N/A,ENABLED,42,914,1333,N/A,ENABLED,42,914,1333,N/A,ENABLED,36,711,1143,N/A,ENABLED,36,711,1143,N/A,ENABLED,36,711,1143,N/A,ENABLED,36,711,1143,N/A,ENABLED,N/A,72,55
1744910444,0,741,N/A,N/A,N/A,N/A,ENABLED,1652,500,2100,DISABLED,DISABLED,1636,500,2100,DISABLED,DISABLED,1648,500,2100,DISABLED,DISABLED,1619,500,2100,DISABLED,DISABLED,1637,500,2100,DISABLED,DISABLED,1616,500,2100,DISABLED,DISABLED,1637,500,2100,DISABLED,DISABLED,1613,500,2100,DISABLED,DISABLED,1300,900,1300,N/A,DISABLED,42,914,1333,N/A,ENABLED,42,914,1333,N/A,ENABLED,42,914,1333,N/A,ENABLED,42,914,1333,N/A,ENABLED,36,711,1143,N/A,ENABLED,36,711,1143,N/A,ENABLED,36,711,1143,N/A,ENABLED,36,711,1143,N/A,ENABLED,N/A,72,55
1744910445,0,740,N/A,N/A,N/A,N/A,ENABLED,1648,500,2100,DISABLED,DISABLED,1632,500,2100,DISABLED,DISABLED,1644,500,2100,DISABLED,DISABLED,1615,500,2100,DISABLED,DISABLED,1635,500,2100,DISABLED,DISABLED,1615,500,2100,DISABLED,DISABLED,1634,500,2100,DISABLED,DISABLED,1610,500,2100,DISABLED,DISABLED,1300,900,1300,N/A,DISABLED,42,914,1333,N/A,ENABLED,42,914,1333,N/A,ENABLED,42,914,1333,N/A,ENABLED,42,914,1333,N/A,ENABLED,36,711,1143,N/A,ENABLED,36,711,1143,N/A,ENABLED,36,711,1143,N/A,ENABLED,36,711,1143,N/A,ENABLED,N/A,72,55
1744910447,0,739,N/A,N/A,N/A,N/A,ENABLED,1646,500,2100,DISABLED,DISABLED,1630,500,2100,DISABLED,DISABLED,1642,500,2100,DISABLED,DISABLED,1613,500,2100,DISABLED,DISABLED,1633,500,2100,DISABLED,DISABLED,1613,500,2100,DISABLED,DISABLED,1632,500,2100,DISABLED,DISABLED,1607,500,2100,DISABLED,DISABLED,1300,900,1300,N/A,DISABLED,42,914,1333,N/A,ENABLED,42,914,1333,N/A,ENABLED,42,914,1333,N/A,ENABLED,42,914,1333,N/A,ENABLED,36,711,1143,N/A,ENABLED,36,711,1143,N/A,ENABLED,36,711,1143,N/A,ENABLED,36,711,1143,N/A,ENABLED,N/A,72,55
1744910448,0,737,N/A,N/A,N/A,N/A,ENABLED,1651,500,2100,DISABLED,DISABLED,1636,500,2100,DISABLED,DISABLED,1649,500,2100,DISABLED,DISABLED,1621,500,2100,DISABLED,DISABLED,1637,500,2100,DISABLED,DISABLED,1616,500,2100,DISABLED,DISABLED,1637,500,2100,DISABLED,DISABLED,1613,500,2100,DISABLED,DISABLED,1300,900,1300,N/A,DISABLED,42,914,1333,N/A,ENABLED,42,914,1333,N/A,ENABLED,42,914,1333,N/A,ENABLED,42,914,1333,N/A,ENABLED,36,711,1143,N/A,ENABLED,36,711,1143,N/A,ENABLED,36,711,1143,N/A,ENABLED,36,711,1143,N/A,ENABLED,N/A,72,55
1744910449,0,739,N/A,N/A,N/A,N/A,ENABLED,1654,500,2100,DISABLED,DISABLED,1638,500,2100,DISABLED,DISABLED,1652,500,2100,DISABLED,DISABLED,1622,500,2100,DISABLED,DISABLED,1640,500,2100,DISABLED,DISABLED,1619,500,2100,DISABLED,DISABLED,1640,500,2100,DISABLED,DISABLED,1616,500,2100,DISABLED,DISABLED,1300,900,1300,N/A,DISABLED,42,914,1333,N/A,ENABLED,42,914,1333,N/A,ENABLED,42,914,1333,N/A,ENABLED,42,914,1333,N/A,ENABLED,36,711,1143,N/A,ENABLED,36,711,1143,N/A,ENABLED,36,711,1143,N/A,ENABLED,36,711,1143,N/A,ENABLED,N/A,72,55
1744910450,0,738,N/A,N/A,N/A,N/A,ENABLED,1648,500,2100,DISABLED,DISABLED,1633,500,2100,DISABLED,DISABLED,1645,500,2100,DISABLED,DISABLED,1615,500,2100,DISABLED,DISABLED,1634,500,2100,DISABLED,DISABLED,1613,500,2100,DISABLED,DISABLED,1633,500,2100,DISABLED,DISABLED,1610,500,2100,DISABLED,DISABLED,1300,900,1300,N/A,DISABLED,42,914,1333,N/A,ENABLED,42,914,1333,N/A,ENABLED,42,914,1333,N/A,ENABLED,42,914,1333,N/A,ENABLED,36,711,1143,N/A,ENABLED,36,711,1143,N/A,ENABLED,36,711,1143,N/A,ENABLED,36,711,1143,N/A,ENABLED,N/A,72,55
1744910452,0,736,N/A,N/A,N/A,N/A,ENABLED,1648,500,2100,DISABLED,DISABLED,1632,500,2100,DISABLED,DISABLED,1645,500,2100,DISABLED,DISABLED,1617,500,2100,DISABLED,DISABLED,1634,500,2100,DISABLED,DISABLED,1612,500,2100,DISABLED,DISABLED,1634,500,2100,DISABLED,DISABLED,1610,500,2100,DISABLED,DISABLED,1300,900,1300,N/A,DISABLED,42,914,1333,N/A,ENABLED,42,914,1333,N/A,ENABLED,42,914,1333,N/A,ENABLED,42,914,1333,N/A,ENABLED,36,711,1143,N/A,ENABLED,36,711,1143,N/A,ENABLED,36,711,1143,N/A,ENABLED,36,711,1143,N/A,ENABLED,N/A,72,55
1744910453,0,739,N/A,N/A,N/A,N/A,ENABLED,1650,500,2100,DISABLED,DISABLED,1632,500,2100,DISABLED,DISABLED,1646,500,2100,DISABLED,DISABLED,1616,500,2100,DISABLED,DISABLED,1636,500,2100,DISABLED,DISABLED,1614,500,2100,DISABLED,DISABLED,1636,500,2100,DISABLED,DISABLED,1611,500,2100,DISABLED,DISABLED,1300,900,1300,N/A,DISABLED,42,914,1333,N/A,ENABLED,42,914,1333,N/A,ENABLED,42,914,1333,N/A,ENABLED,42,914,1333,N/A,ENABLED,36,711,1143,N/A,ENABLED,36,711,1143,N/A,ENABLED,36,711,1143,N/A,ENABLED,36,711,1143,N/A,ENABLED,N/A,72,55
1744910454,0,740,N/A,N/A,N/A,N/A,ENABLED,1648,500,2100,DISABLED,DISABLED,1634,500,2100,DISABLED,DISABLED,1646,500,2100,DISABLED,DISABLED,1617,500,2100,DISABLED,DISABLED,1636,500,2100,DISABLED,DISABLED,1614,500,2100,DISABLED,DISABLED,1634,500,2100,DISABLED,DISABLED,1610,500,2100,DISABLED,DISABLED,1300,900,1300,N/A,DISABLED,42,914,1333,N/A,ENABLED,42,914,1333,N/A,ENABLED,42,914,1333,N/A,ENABLED,42,914,1333,N/A,ENABLED,36,711,1143,N/A,ENABLED,36,711,1143,N/A,ENABLED,36,711,1143,N/A,ENABLED,36,711,1143,N/A,ENABLED,N/A,72,55
1744910455,0,739,N/A,N/A,N/A,N/A,ENABLED,1648,500,2100,DISABLED,DISABLED,1632,500,2100,DISABLED,DISABLED,1644,500,2100,DISABLED,DISABLED,1615,500,2100,DISABLED,DISABLED,1634,500,2100,DISABLED,DISABLED,1614,500,2100,DISABLED,DISABLED,1634,500,2100,DISABLED,DISABLED,1609,500,2100,DISABLED,DISABLED,1300,900,1300,N/A,DISABLED,42,914,1333,N/A,ENABLED,42,914,1333,N/A,ENABLED,42,914,1333,N/A,ENABLED,42,914,1333,N/A,ENABLED,36,711,1143,N/A,ENABLED,36,711,1143,N/A,ENABLED,36,711,1143,N/A,ENABLED,36,711,1143,N/A,ENABLED,N/A,72,55
1744910457,0,740,N/A,N/A,N/A,N/A,ENABLED,1653,500,2100,DISABLED,DISABLED,1637,500,2100,DISABLED,DISABLED,1648,500,2100,DISABLED,DISABLED,1620,500,2100,DISABLED,DISABLED,1639,500,2100,DISABLED,DISABLED,1617,500,2100,DISABLED,DISABLED,1639,500,2100,DISABLED,DISABLED,1615,500,2100,DISABLED,DISABLED,1300,900,1300,N/A,DISABLED,42,914,1333,N/A,ENABLED,42,914,1333,N/A,ENABLED,42,914,1333,N/A,ENABLED,42,914,1333,N/A,ENABLED,36,711,1143,N/A,ENABLED,36,711,1143,N/A,ENABLED,36,711,1143,N/A,ENABLED,36,711,1143,N/A,ENABLED,N/A,72,55
1744910458,0,740,N/A,N/A,N/A,N/A,ENABLED,1651,500,2100,DISABLED,DISABLED,1636,500,2100,DISABLED,DISABLED,1648,500,2100,DISABLED,DISABLED,1619,500,2100,DISABLED,DISABLED,1637,500,2100,DISABLED,DISABLED,1616,500,2100,DISABLED,DISABLED,1638,500,2100,DISABLED,DISABLED,1613,500,2100,DISABLED,DISABLED,1300,900,1300,N/A,DISABLED,42,914,1333,N/A,ENABLED,42,914,1333,N/A,ENABLED,42,914,1333,N/A,ENABLED,42,914,1333,N/A,ENABLED,36,711,1143,N/A,ENABLED,36,711,1143,N/A,ENABLED,36,711,1143,N/A,ENABLED,36,711,1143,N/A,ENABLED,N/A,72,55
1744910459,0,740,N/A,N/A,N/A,N/A,ENABLED,1654,500,2100,DISABLED,DISABLED,1638,500,2100,DISABLED,DISABLED,1650,500,2100,DISABLED,DISABLED,1623,500,2100,DISABLED,DISABLED,1640,500,2100,DISABLED,DISABLED,1618,500,2100,DISABLED,DISABLED,1640,500,2100,DISABLED,DISABLED,1616,500,2100,DISABLED,DISABLED,1300,900,1300,N/A,DISABLED,42,914,1333,N/A,ENABLED,42,914,1333,N/A,ENABLED,42,914,1333,N/A,ENABLED,42,914,1333,N/A,ENABLED,36,711,1143,N/A,ENABLED,36,711,1143,N/A,ENABLED,36,711,1143,N/A,ENABLED,36,711,1143,N/A,ENABLED,N/A,72,55
1744910460,0,739,N/A,N/A,N/A,N/A,ENABLED,1647,500,2100,DISABLED,DISABLED,1631,500,2100,DISABLED,DISABLED,1644,500,2100,DISABLED,DISABLED,1616,500,2100,DISABLED,DISABLED,1634,500,2100,DISABLED,DISABLED,1613,500,2100,DISABLED,DISABLED,1636,500,2100,DISABLED,DISABLED,1609,500,2100,DISABLED,DISABLED,1300,900,1300,N/A,DISABLED,42,914,1333,N/A,ENABLED,42,914,1333,N/A,ENABLED,42,914,1333,N/A,ENABLED,42,914,1333,N/A,ENABLED,36,711,1143,N/A,ENABLED,36,711,1143,N/A,ENABLED,36,711,1143,N/A,ENABLED,36,711,1143,N/A,ENABLED,N/A,72,55
1744910462,0,739,N/A,N/A,N/A,N/A,ENABLED,1652,500,2100,DISABLED,DISABLED,1637,500,2100,DISABLED,DISABLED,1648,500,2100,DISABLED,DISABLED,1621,500,2100,DISABLED,DISABLED,1638,500,2100,DISABLED,DISABLED,1617,500,2100,DISABLED,DISABLED,1639,500,2100,DISABLED,DISABLED,1615,500,2100,DISABLED,DISABLED,1300,900,1300,N/A,DISABLED,42,914,1333,N/A,ENABLED,42,914,1333,N/A,ENABLED,42,914,1333,N/A,ENABLED,42,914,1333,N/A,ENABLED,36,711,1143,N/A,ENABLED,36,711,1143,N/A,ENABLED,36,711,1143,N/A,ENABLED,36,711,1143,N/A,ENABLED,N/A,72,54
1744910463,0,740,N/A,N/A,N/A,N/A,ENABLED,1651,500,2100,DISABLED,DISABLED,1636,500,2100,DISABLED,DISABLED,1648,500,2100,DISABLED,DISABLED,1619,500,2100,DISABLED,DISABLED,1637,500,2100,DISABLED,DISABLED,1615,500,2100,DISABLED,DISABLED,1639,500,2100,DISABLED,DISABLED,1613,500,2100,DISABLED,DISABLED,1300,900,1300,N/A,DISABLED,42,914,1333,N/A,ENABLED,42,914,1333,N/A,ENABLED,42,914,1333,N/A,ENABLED,42,914,1333,N/A,ENABLED,36,711,1143,N/A,ENABLED,36,711,1143,N/A,ENABLED,36,711,1143,N/A,ENABLED,36,711,1143,N/A,ENABLED,N/A,72,55
1744910464,0,735,N/A,N/A,N/A,N/A,ENABLED,1648,500,2100,DISABLED,DISABLED,1632,500,2100,DISABLED,DISABLED,1645,500,2100,DISABLED,DISABLED,1617,500,2100,DISABLED,DISABLED,1635,500,2100,DISABLED,DISABLED,1614,500,2100,DISABLED,DISABLED,1636,500,2100,DISABLED,DISABLED,1612,500,2100,DISABLED,DISABLED,1300,900,1300,N/A,DISABLED,42,914,1333,N/A,ENABLED,42,914,1333,N/A,ENABLED,42,914,1333,N/A,ENABLED,42,914,1333,N/A,ENABLED,36,711,1143,N/A,ENABLED,36,711,1143,N/A,ENABLED,36,711,1143,N/A,ENABLED,36,711,1143,N/A,ENABLED,N/A,72,55
1744910465,0,740,N/A,N/A,N/A,N/A,ENABLED,1653,500,2100,DISABLED,DISABLED,1638,500,2100,DISABLED,DISABLED,1651,500,2100,DISABLED,DISABLED,1622,500,2100,DISABLED,DISABLED,1641,500,2100,DISABLED,DISABLED,1618,500,2100,DISABLED,DISABLED,1642,500,2100,DISABLED,DISABLED,1617,500,2100,DISABLED,DISABLED,1300,900,1300,N/A,DISABLED,42,914,1333,N/A,ENABLED,42,914,1333,N/A,ENABLED,42,914,1333,N/A,ENABLED,42,914,1333,N/A,ENABLED,36,711,1143,N/A,ENABLED,36,711,1143,N/A,ENABLED,36,711,1143,N/A,ENABLED,36,711,1143,N/A,ENABLED,N/A,72,55
1744910467,0,738,N/A,N/A,N/A,N/A,ENABLED,1648,500,2100,DISABLED,DISABLED,1633,500,2100,DISABLED,DISABLED,1647,500,2100,DISABLED,DISABLED,1618,500,2100,DISABLED,DISABLED,1636,500,2100,DISABLED,DISABLED,1614,500,2100,DISABLED,DISABLED,1635,500,2100,DISABLED,DISABLED,1611,500,2100,DISABLED,DISABLED,1300,900,1300,N/A,DISABLED,42,914,1333,N/A,ENABLED,42,914,1333,N/A,ENABLED,42,914,1333,N/A,ENABLED,42,914,1333,N/A,ENABLED,36,711,1143,N/A,ENABLED,36,711,1143,N/A,ENABLED,36,711,1143,N/A,ENABLED,36,711,1143,N/A,ENABLED,N/A,71,54
1744910468,0,739,N/A,N/A,N/A,N/A,ENABLED,1651,500,2100,DISABLED,DISABLED,1637,500,2100,DISABLED,DISABLED,1647,500,2100,DISABLED,DISABLED,1620,500,2100,DISABLED,DISABLED,1637,500,2100,DISABLED,DISABLED,1618,500,2100,DISABLED,DISABLED,1636,500,2100,DISABLED,DISABLED,1613,500,2100,DISABLED,DISABLED,1300,900,1300,N/A,DISABLED,42,914,1333,N/A,ENABLED,42,914,1333,N/A,ENABLED,42,914,1333,N/A,ENABLED,42,914,1333,N/A,ENABLED,36,711,1143,N/A,ENABLED,36,711,1143,N/A,ENABLED,36,711,1143,N/A,ENABLED,36,711,1143,N/A,ENABLED,N/A,71,54
1744910469,0,738,N/A,N/A,N/A,N/A,ENABLED,1649,500,2100,DISABLED,DISABLED,1634,500,2100,DISABLED,DISABLED,1647,500,2100,DISABLED,DISABLED,1617,500,2100,DISABLED,DISABLED,1636,500,2100,DISABLED,DISABLED,1614,500,2100,DISABLED,DISABLED,1636,500,2100,DISABLED,DISABLED,1612,500,2100,DISABLED,DISABLED,1300,900,1300,N/A,DISABLED,42,914,1333,N/A,ENABLED,42,914,1333,N/A,ENABLED,42,914,1333,N/A,ENABLED,42,914,1333,N/A,ENABLED,36,711,1143,N/A,ENABLED,36,711,1143,N/A,ENABLED,36,711,1143,N/A,ENABLED,36,711,1143,N/A,ENABLED,N/A,71,54
1744910470,0,738,N/A,N/A,N/A,N/A,ENABLED,1650,500,2100,DISABLED,DISABLED,1635,500,2100,DISABLED,DISABLED,1646,500,2100,DISABLED,DISABLED,1619,500,2100,DISABLED,DISABLED,1637,500,2100,DISABLED,DISABLED,1615,500,2100,DISABLED,DISABLED,1636,500,2100,DISABLED,DISABLED,1612,500,2100,DISABLED,DISABLED,1300,900,1300,N/A,DISABLED,42,914,1333,N/A,ENABLED,42,914,1333,N/A,ENABLED,42,914,1333,N/A,ENABLED,42,914,1333,N/A,ENABLED,36,711,1143,N/A,ENABLED,36,711,1143,N/A,ENABLED,36,711,1143,N/A,ENABLED,36,711,1143,N/A,ENABLED,N/A,71,54
1744910472,0,739,N/A,N/A,N/A,N/A,ENABLED,1651,500,2100,DISABLED,DISABLED,1638,500,2100,DISABLED,DISABLED,1648,500,2100,DISABLED,DISABLED,1621,500,2100,DISABLED,DISABLED,1640,500,2100,DISABLED,DISABLED,1617,500,2100,DISABLED,DISABLED,1638,500,2100,DISABLED,DISABLED,1614,500,2100,DISABLED,DISABLED,1300,900,1300,N/A,DISABLED,42,914,1333,N/A,ENABLED,42,914,1333,N/A,ENABLED,42,914,1333,N/A,ENABLED,42,914,1333,N/A,ENABLED,36,711,1143,N/A,ENABLED,36,711,1143,N/A,ENABLED,36,711,1143,N/A,ENABLED,36,711,1143,N/A,ENABLED,N/A,71,54
1744910473,0,738,N/A,N/A,N/A,N/A,ENABLED,1654,500,2100,DISABLED,DISABLED,1639,500,2100,DISABLED,DISABLED,1650,500,2100,DISABLED,DISABLED,1621,500,2100,DISABLED,DISABLED,1639,500,2100,DISABLED,DISABLED,1619,500,2100,DISABLED,DISABLED,1641,500,2100,DISABLED,DISABLED,1615,500,2100,DISABLED,DISABLED,1300,900,1300,N/A,DISABLED,42,914,1333,N/A,ENABLED,42,914,1333,N/A,ENABLED,42,914,1333,N/A,ENABLED,42,914,1333,N/A,ENABLED,36,711,1143,N/A,ENABLED,36,711,1143,N/A,ENABLED,36,711,1143,N/A,ENABLED,36,711,1143,N/A,ENABLED,N/A,71,54
1744910474,0,738,N/A,N/A,N/A,N/A,ENABLED,1652,500,2100,DISABLED,DISABLED,1637,500,2100,DISABLED,DISABLED,1650,500,2100,DISABLED,DISABLED,1622,500,2100,DISABLED,DISABLED,1638,500,2100,DISABLED,DISABLED,1618,500,2100,DISABLED,DISABLED,1639,500,2100,DISABLED,DISABLED,1614,500,2100,DISABLED,DISABLED,1300,900,1300,N/A,DISABLED,42,914,1333,N/A,ENABLED,42,914,1333,N/A,ENABLED,42,914,1333,N/A,ENABLED,42,914,1333,N/A,ENABLED,36,711,1143,N/A,ENABLED,36,711,1143,N/A,ENABLED,36,711,1143,N/A,ENABLED,36,711,1143,N/A,ENABLED,N/A,71,54
1744910475,0,736,N/A,N/A,N/A,N/A,ENABLED,1653,500,2100,DISABLED,DISABLED,1639,500,2100,DISABLED,DISABLED,1649,500,2100,DISABLED,DISABLED,1619,500,2100,DISABLED,DISABLED,1640,500,2100,DISABLED,DISABLED,1619,500,2100,DISABLED,DISABLED,1641,500,2100,DISABLED,DISABLED,1617,500,2100,DISABLED,DISABLED,1300,900,1300,N/A,DISABLED,42,914,1333,N/A,ENABLED,42,914,1333,N/A,ENABLED,42,914,1333,N/A,ENABLED,42,914,1333,N/A,ENABLED,36,711,1143,N/A,ENABLED,36,711,1143,N/A,ENABLED,36,711,1143,N/A,ENABLED,36,711,1143,N/A,ENABLED,N/A,71,53
1744910477,0,739,N/A,N/A,N/A,N/A,ENABLED,1652,500,2100,DISABLED,DISABLED,1638,500,2100,DISABLED,DISABLED,1649,500,2100,DISABLED,DISABLED,1621,500,2100,DISABLED,DISABLED,1640,500,2100,DISABLED,DISABLED,1619,500,2100,DISABLED,DISABLED,1641,500,2100,DISABLED,DISABLED,1614,500,2100,DISABLED,DISABLED,1300,900,1300,N/A,DISABLED,42,914,1333,N/A,ENABLED,42,914,1333,N/A,ENABLED,42,914,1333,N/A,ENABLED,42,914,1333,N/A,ENABLED,36,711,1143,N/A,ENABLED,36,711,1143,N/A,ENABLED,36,711,1143,N/A,ENABLED,36,711,1143,N/A,ENABLED,N/A,71,54
1744910478,0,738,N/A,N/A,N/A,N/A,ENABLED,1657,500,2100,DISABLED,DISABLED,1641,500,2100,DISABLED,DISABLED,1652,500,2100,DISABLED,DISABLED,1623,500,2100,DISABLED,DISABLED,1643,500,2100,DISABLED,DISABLED,1623,500,2100,DISABLED,DISABLED,1644,500,2100,DISABLED,DISABLED,1618,500,2100,DISABLED,DISABLED,1300,900,1300,N/A,DISABLED,42,914,1333,N/A,ENABLED,42,914,1333,N/A,ENABLED,42,914,1333,N/A,ENABLED,42,914,1333,N/A,ENABLED,36,711,1143,N/A,ENABLED,36,711,1143,N/A,ENABLED,36,711,1143,N/A,ENABLED,36,711,1143,N/A,ENABLED,N/A,71,53
1744910479,0,738,N/A,N/A,N/A,N/A,ENABLED,1654,500,2100,DISABLED,DISABLED,1639,500,2100,DISABLED,DISABLED,1650,500,2100,DISABLED,DISABLED,1622,500,2100,DISABLED,DISABLED,1641,500,2100,DISABLED,DISABLED,1621,500,2100,DISABLED,DISABLED,1643,500,2100,DISABLED,DISABLED,1616,500,2100,DISABLED,DISABLED,1300,900,1300,N/A,DISABLED,42,914,1333,N/A,ENABLED,42,914,1333,N/A,ENABLED,42,914,1333,N/A,ENABLED,42,914,1333,N/A,ENABLED,36,711,1143,N/A,ENABLED,36,711,1143,N/A,ENABLED,36,711,1143,N/A,ENABLED,36,711,1143,N/A,ENABLED,N/A,71,54
1744910481,0,737,N/A,N/A,N/A,N/A,ENABLED,1653,500,2100,DISABLED,DISABLED,1638,500,2100,DISABLED,DISABLED,1648,500,2100,DISABLED,DISABLED,1621,500,2100,DISABLED,DISABLED,1640,500,2100,DISABLED,DISABLED,1619,500,2100,DISABLED,DISABLED,1641,500,2100,DISABLED,DISABLED,1615,500,2100,DISABLED,DISABLED,1300,900,1300,N/A,DISABLED,42,914,1333,N/A,ENABLED,42,914,1333,N/A,ENABLED,42,914,1333,N/A,ENABLED,42,914,1333,N/A,ENABLED,36,711,1143,N/A,ENABLED,36,711,1143,N/A,ENABLED,36,711,1143,N/A,ENABLED,36,711,1143,N/A,ENABLED,N/A,71,53
1744910482,0,739,N/A,N/A,N/A,N/A,ENABLED,1654,500,2100,DISABLED,DISABLED,1639,500,2100,DISABLED,DISABLED,1650,500,2100,DISABLED,DISABLED,1621,500,2100,DISABLED,DISABLED,1640,500,2100,DISABLED,DISABLED,1619,500,2100,DISABLED,DISABLED,1641,500,2100,DISABLED,DISABLED,1616,500,2100,DISABLED,DISABLED,1300,900,1300,N/A,DISABLED,42,914,1333,N/A,ENABLED,42,914,1333,N/A,ENABLED,42,914,1333,N/A,ENABLED,42,914,1333,N/A,ENABLED,36,711,1143,N/A,ENABLED,36,711,1143,N/A,ENABLED,36,711,1143,N/A,ENABLED,36,711,1143,N/A,ENABLED,N/A,70,53
1744910483,0,740,N/A,N/A,N/A,N/A,ENABLED,1657,500,2100,DISABLED,DISABLED,1641,500,2100,DISABLED,DISABLED,1652,500,2100,DISABLED,DISABLED,1623,500,2100,DISABLED,DISABLED,1642,500,2100,DISABLED,DISABLED,1622,500,2100,DISABLED,DISABLED,1644,500,2100,DISABLED,DISABLED,1619,500,2100,DISABLED,DISABLED,1300,900,1300,N/A,DISABLED,42,914,1333,N/A,ENABLED,42,914,1333,N/A,ENABLED,42,914,1333,N/A,ENABLED,42,914,1333,N/A,ENABLED,36,711,1143,N/A,ENABLED,36,711,1143,N/A,ENABLED,36,711,1143,N/A,ENABLED,36,711,1143,N/A,ENABLED,N/A,70,53
1744910484,0,739,N/A,N/A,N/A,N/A,ENABLED,1655,500,2100,DISABLED,DISABLED,1641,500,2100,DISABLED,DISABLED,1651,500,2100,DISABLED,DISABLED,1622,500,2100,DISABLED,DISABLED,1642,500,2100,DISABLED,DISABLED,1621,500,2100,DISABLED,DISABLED,1642,500,2100,DISABLED,DISABLED,1618,500,2100,DISABLED,DISABLED,1300,900,1300,N/A,DISABLED,42,914,1333,N/A,ENABLED,42,914,1333,N/A,ENABLED,42,914,1333,N/A,ENABLED,42,914,1333,N/A,ENABLED,36,711,1143,N/A,ENABLED,36,711,1143,N/A,ENABLED,36,711,1143,N/A,ENABLED,36,711,1143,N/A,ENABLED,N/A,70,53
1744910486,0,737,N/A,N/A,N/A,N/A,ENABLED,1657,500,2100,DISABLED,DISABLED,1642,500,2100,DISABLED,DISABLED,1652,500,2100,DISABLED,DISABLED,1623,500,2100,DISABLED,DISABLED,1642,500,2100,DISABLED,DISABLED,1622,500,2100,DISABLED,DISABLED,1643,500,2100,DISABLED,DISABLED,1619,500,2100,DISABLED,DISABLED,1300,900,1300,N/A,DISABLED,42,914,1333,N/A,ENABLED,42,914,1333,N/A,ENABLED,42,914,1333,N/A,ENABLED,42,914,1333,N/A,ENABLED,36,711,1143,N/A,ENABLED,36,711,1143,N/A,ENABLED,36,711,1143,N/A,ENABLED,36,711,1143,N/A,ENABLED,N/A,70,53
1744910487,0,739,N/A,N/A,N/A,N/A,ENABLED,1657,500,2100,DISABLED,DISABLED,1642,500,2100,DISABLED,DISABLED,1651,500,2100,DISABLED,DISABLED,1623,500,2100,DISABLED,DISABLED,1642,500,2100,DISABLED,DISABLED,1622,500,2100,DISABLED,DISABLED,1643,500,2100,DISABLED,DISABLED,1619,500,2100,DISABLED,DISABLED,1300,900,1300,N/A,DISABLED,42,914,1333,N/A,ENABLED,42,914,1333,N/A,ENABLED,42,914,1333,N/A,ENABLED,42,914,1333,N/A,ENABLED,36,711,1143,N/A,ENABLED,36,711,1143,N/A,ENABLED,36,711,1143,N/A,ENABLED,36,711,1143,N/A,ENABLED,N/A,70,53
1744910488,0,737,N/A,N/A,N/A,N/A,ENABLED,1657,500,2100,DISABLED,DISABLED,1640,500,2100,DISABLED,DISABLED,1652,500,2100,DISABLED,DISABLED,1623,500,2100,DISABLED,DISABLED,1643,500,2100,DISABLED,DISABLED,1622,500,2100,DISABLED,DISABLED,1643,500,2100,DISABLED,DISABLED,1619,500,2100,DISABLED,DISABLED,1300,900,1300,N/A,DISABLED,42,914,1333,N/A,ENABLED,42,914,1333,N/A,ENABLED,42,914,1333,N/A,ENABLED,42,914,1333,N/A,ENABLED,36,711,1143,N/A,ENABLED,36,711,1143,N/A,ENABLED,36,711,1143,N/A,ENABLED,36,711,1143,N/A,ENABLED,N/A,70,53
1744910489,0,736,N/A,N/A,N/A,N/A,ENABLED,1656,500,2100,DISABLED,DISABLED,1641,500,2100,DISABLED,DISABLED,1652,500,2100,DISABLED,DISABLED,1624,500,2100,DISABLED,DISABLED,1643,500,2100,DISABLED,DISABLED,1622,500,2100,DISABLED,DISABLED,1643,500,2100,DISABLED,DISABLED,1618,500,2100,DISABLED,DISABLED,1300,900,1300,N/A,DISABLED,42,914,1333,N/A,ENABLED,42,914,1333,N/A,ENABLED,42,914,1333,N/A,ENABLED,42,914,1333,N/A,ENABLED,36,711,1143,N/A,ENABLED,36,711,1143,N/A,ENABLED,36,711,1143,N/A,ENABLED,36,711,1143,N/A,ENABLED,N/A,70,53
1744910491,0,733,N/A,N/A,N/A,N/A,ENABLED,1654,500,2100,DISABLED,DISABLED,1639,500,2100,DISABLED,DISABLED,1649,500,2100,DISABLED,DISABLED,1620,500,2100,DISABLED,DISABLED,1639,500,2100,DISABLED,DISABLED,1619,500,2100,DISABLED,DISABLED,1640,500,2100,DISABLED,DISABLED,1616,500,2100,DISABLED,DISABLED,1300,900,1300,N/A,DISABLED,42,914,1333,N/A,ENABLED,42,914,1333,N/A,ENABLED,42,914,1333,N/A,ENABLED,42,914,1333,N/A,ENABLED,36,711,1143,N/A,ENABLED,36,711,1143,N/A,ENABLED,36,711,1143,N/A,ENABLED,36,711,1143,N/A,ENABLED,N/A,70,52
1744910492,0,737,N/A,N/A,N/A,N/A,ENABLED,1655,500,2100,DISABLED,DISABLED,1640,500,2100,DISABLED,DISABLED,1651,500,2100,DISABLED,DISABLED,1621,500,2100,DISABLED,DISABLED,1640,500,2100,DISABLED,DISABLED,1620,500,2100,DISABLED,DISABLED,1642,500,2100,DISABLED,DISABLED,1617,500,2100,DISABLED,DISABLED,1300,900,1300,N/A,DISABLED,42,914,1333,N/A,ENABLED,42,914,1333,N/A,ENABLED,42,914,1333,N/A,ENABLED,42,914,1333,N/A,ENABLED,36,711,1143,N/A,ENABLED,36,711,1143,N/A,ENABLED,36,711,1143,N/A,ENABLED,36,711,1143,N/A,ENABLED,N/A,70,52
1744910493,0,739,N/A,N/A,N/A,N/A,ENABLED,1657,500,2100,DISABLED,DISABLED,1643,500,2100,DISABLED,DISABLED,1653,500,2100,DISABLED,DISABLED,1624,500,2100,DISABLED,DISABLED,1644,500,2100,DISABLED,DISABLED,1624,500,2100,DISABLED,DISABLED,1645,500,2100,DISABLED,DISABLED,1619,500,2100,DISABLED,DISABLED,1300,900,1300,N/A,DISABLED,42,914,1333,N/A,ENABLED,42,914,1333,N/A,ENABLED,42,914,1333,N/A,ENABLED,42,914,1333,N/A,ENABLED,36,711,1143,N/A,ENABLED,36,711,1143,N/A,ENABLED,36,711,1143,N/A,ENABLED,36,711,1143,N/A,ENABLED,N/A,70,52
1744910494,0,739,N/A,N/A,N/A,N/A,ENABLED,1662,500,2100,DISABLED,DISABLED,1647,500,2100,DISABLED,DISABLED,1657,500,2100,DISABLED,DISABLED,1630,500,2100,DISABLED,DISABLED,1649,500,2100,DISABLED,DISABLED,1629,500,2100,DISABLED,DISABLED,1650,500,2100,DISABLED,DISABLED,1624,500,2100,DISABLED,DISABLED,1300,900,1300,N/A,DISABLED,42,914,1333,N/A,ENABLED,42,914,1333,N/A,ENABLED,42,914,1333,N/A,ENABLED,42,914,1333,N/A,ENABLED,36,711,1143,N/A,ENABLED,36,711,1143,N/A,ENABLED,36,711,1143,N/A,ENABLED,36,711,1143,N/A,ENABLED,N/A,69,52
1744910496,0,739,N/A,N/A,N/A,N/A,ENABLED,1662,500,2100,DISABLED,DISABLED,1648,500,2100,DISABLED,DISABLED,1657,500,2100,DISABLED,DISABLED,1629,500,2100,DISABLED,DISABLED,1649,500,2100,DISABLED,DISABLED,1628,500,2100,DISABLED,DISABLED,1650,500,2100,DISABLED,DISABLED,1624,500,2100,DISABLED,DISABLED,1300,900,1300,N/A,DISABLED,42,914,1333,N/A,ENABLED,42,914,1333,N/A,ENABLED,42,914,1333,N/A,ENABLED,42,914,1333,N/A,ENABLED,36,711,1143,N/A,ENABLED,36,711,1143,N/A,ENABLED,36,711,1143,N/A,ENABLED,36,711,1143,N/A,ENABLED,N/A,69,52
1744910497,0,732,N/A,N/A,N/A,N/A,ENABLED,1656,500,2100,DISABLED,DISABLED,1642,500,2100,DISABLED,DISABLED,1653,500,2100,DISABLED,DISABLED,1625,500,2100,DISABLED,DISABLED,1644,500,2100,DISABLED,DISABLED,1624,500,2100,DISABLED,DISABLED,1645,500,2100,DISABLED,DISABLED,1620,500,2100,DISABLED,DISABLED,1300,900,1300,N/A,DISABLED,42,914,1333,N/A,ENABLED,42,914,1333,N/A,ENABLED,42,914,1333,N/A,ENABLED,42,914,1333,N/A,ENABLED,36,711,1143,N/A,ENABLED,36,711,1143,N/A,ENABLED,36,711,1143,N/A,ENABLED,36,711,1143,N/A,ENABLED,N/A,69,52
1744910498,0,733,N/A,N/A,N/A,N/A,ENABLED,1655,500,2100,DISABLED,DISABLED,1640,500,2100,DISABLED,DISABLED,1650,500,2100,DISABLED,DISABLED,1622,500,2100,DISABLED,DISABLED,1644,500,2100,DISABLED,DISABLED,1622,500,2100,DISABLED,DISABLED,1642,500,2100,DISABLED,DISABLED,1617,500,2100,DISABLED,DISABLED,1300,900,1300,N/A,DISABLED,42,914,1333,N/A,ENABLED,42,914,1333,N/A,ENABLED,42,914,1333,N/A,ENABLED,42,914,1333,N/A,ENABLED,36,711,1143,N/A,ENABLED,36,711,1143,N/A,ENABLED,36,711,1143,N/A,ENABLED,36,711,1143,N/A,ENABLED,N/A,69,52
1744910499,0,737,N/A,N/A,N/A,N/A,ENABLED,1661,500,2100,DISABLED,DISABLED,1645,500,2100,DISABLED,DISABLED,1657,500,2100,DISABLED,DISABLED,1629,500,2100,DISABLED,DISABLED,1649,500,2100,DISABLED,DISABLED,1629,500,2100,DISABLED,DISABLED,1647,500,2100,DISABLED,DISABLED,1623,500,2100,DISABLED,DISABLED,1300,900,1300,N/A,DISABLED,42,914,1333,N/A,ENABLED,42,914,1333,N/A,ENABLED,42,914,1333,N/A,ENABLED,42,914,1333,N/A,ENABLED,36,711,1143,N/A,ENABLED,36,711,1143,N/A,ENABLED,36,711,1143,N/A,ENABLED,36,711,1143,N/A,ENABLED,N/A,69,52
1744910501,0,736,N/A,N/A,N/A,N/A,ENABLED,1659,500,2100,DISABLED,DISABLED,1642,500,2100,DISABLED,DISABLED,1655,500,2100,DISABLED,DISABLED,1626,500,2100,DISABLED,DISABLED,1647,500,2100,DISABLED,DISABLED,1627,500,2100,DISABLED,DISABLED,1644,500,2100,DISABLED,DISABLED,1619,500,2100,DISABLED,DISABLED,1300,900,1300,N/A,DISABLED,42,914,1333,N/A,ENABLED,42,914,1333,N/A,ENABLED,42,914,1333,N/A,ENABLED,42,914,1333,N/A,ENABLED,36,711,1143,N/A,ENABLED,36,711,1143,N/A,ENABLED,36,711,1143,N/A,ENABLED,36,711,1143,N/A,ENABLED,N/A,69,52
1744910502,0,733,N/A,N/A,N/A,N/A,ENABLED,1658,500,2100,DISABLED,DISABLED,1643,500,2100,DISABLED,DISABLED,1656,500,2100,DISABLED,DISABLED,1627,500,2100,DISABLED,DISABLED,1644,500,2100,DISABLED,DISABLED,1625,500,2100,DISABLED,DISABLED,1645,500,2100,DISABLED,DISABLED,1619,500,2100,DISABLED,DISABLED,1300,900,1300,N/A,DISABLED,42,914,1333,N/A,ENABLED,42,914,1333,N/A,ENABLED,42,914,1333,N/A,ENABLED,42,914,1333,N/A,ENABLED,36,711,1143,N/A,ENABLED,36,711,1143,N/A,ENABLED,36,711,1143,N/A,ENABLED,36,711,1143,N/A,ENABLED,N/A,69,52
1744910503,0,735,N/A,N/A,N/A,N/A,ENABLED,1655,500,2100,DISABLED,DISABLED,1640,500,2100,DISABLED,DISABLED,1650,500,2100,DISABLED,DISABLED,1623,500,2100,DISABLED,DISABLED,1642,500,2100,DISABLED,DISABLED,1621,500,2100,DISABLED,DISABLED,1643,500,2100,DISABLED,DISABLED,1616,500,2100,DISABLED,DISABLED,1300,900,1300,N/A,DISABLED,42,914,1333,N/A,ENABLED,42,914,1333,N/A,ENABLED,42,914,1333,N/A,ENABLED,42,914,1333,N/A,ENABLED,36,711,1143,N/A,ENABLED,36,711,1143,N/A,ENABLED,36,711,1143,N/A,ENABLED,36,711,1143,N/A,ENABLED,N/A,69,52
1744910504,0,738,N/A,N/A,N/A,N/A,ENABLED,1658,500,2100,DISABLED,DISABLED,1642,500,2100,DISABLED,DISABLED,1653,500,2100,DISABLED,DISABLED,1626,500,2100,DISABLED,DISABLED,1645,500,2100,DISABLED,DISABLED,1625,500,2100,DISABLED,DISABLED,1646,500,2100,DISABLED,DISABLED,1619,500,2100,DISABLED,DISABLED,1300,900,1300,N/A,DISABLED,42,914,1333,N/A,ENABLED,42,914,1333,N/A,ENABLED,42,914,1333,N/A,ENABLED,42,914,1333,N/A,ENABLED,36,711,1143,N/A,ENABLED,36,711,1143,N/A,ENABLED,36,711,1143,N/A,ENABLED,36,711,1143,N/A,ENABLED,N/A,69,52
1744910506,0,731,N/A,N/A,N/A,N/A,ENABLED,1659,500,2100,DISABLED,DISABLED,1641,500,2100,DISABLED,DISABLED,1653,500,2100,DISABLED,DISABLED,1625,500,2100,DISABLED,DISABLED,1643,500,2100,DISABLED,DISABLED,1624,500,2100,DISABLED,DISABLED,1646,500,2100,DISABLED,DISABLED,1619,500,2100,DISABLED,DISABLED,1300,900,1300,N/A,DISABLED,42,914,1333,N/A,ENABLED,42,914,1333,N/A,ENABLED,42,914,1333,N/A,ENABLED,42,914,1333,N/A,ENABLED,36,711,1143,N/A,ENABLED,36,711,1143,N/A,ENABLED,36,711,1143,N/A,ENABLED,36,711,1143,N/A,ENABLED,N/A,68,51
1744910507,0,737,N/A,N/A,N/A,N/A,ENABLED,1664,500,2100,DISABLED,DISABLED,1649,500,2100,DISABLED,DISABLED,1658,500,2100,DISABLED,DISABLED,1631,500,2100,DISABLED,DISABLED,1649,500,2100,DISABLED,DISABLED,1628,500,2100,DISABLED,DISABLED,1650,500,2100,DISABLED,DISABLED,1625,500,2100,DISABLED,DISABLED,1300,900,1300,N/A,DISABLED,42,914,1333,N/A,ENABLED,42,914,1333,N/A,ENABLED,42,914,1333,N/A,ENABLED,42,914,1333,N/A,ENABLED,36,711,1143,N/A,ENABLED,36,711,1143,N/A,ENABLED,36,711,1143,N/A,ENABLED,36,711,1143,N/A,ENABLED,N/A,68,51
1744910508,0,738,N/A,N/A,N/A,N/A,ENABLED,1661,500,2100,DISABLED,DISABLED,1646,500,2100,DISABLED,DISABLED,1656,500,2100,DISABLED,DISABLED,1628,500,2100,DISABLED,DISABLED,1646,500,2100,DISABLED,DISABLED,1625,500,2100,DISABLED,DISABLED,1647,500,2100,DISABLED,DISABLED,1621,500,2100,DISABLED,DISABLED,1300,900,1300,N/A,DISABLED,42,914,1333,N/A,ENABLED,42,914,1333,N/A,ENABLED,42,914,1333,N/A,ENABLED,42,914,1333,N/A,ENABLED,36,711,1143,N/A,ENABLED,36,711,1143,N/A,ENABLED,36,711,1143,N/A,ENABLED,36,711,1143,N/A,ENABLED,N/A,68,51
1744910509,0,737,N/A,N/A,N/A,N/A,ENABLED,1657,500,2100,DISABLED,DISABLED,1642,500,2100,DISABLED,DISABLED,1653,500,2100,DISABLED,DISABLED,1624,500,2100,DISABLED,DISABLED,1643,500,2100,DISABLED,DISABLED,1623,500,2100,DISABLED,DISABLED,1643,500,2100,DISABLED,DISABLED,1617,500,2100,DISABLED,DISABLED,1300,900,1300,N/A,DISABLED,42,914,1333,N/A,ENABLED,42,914,1333,N/A,ENABLED,42,914,1333,N/A,ENABLED,42,914,1333,N/A,ENABLED,36,711,1143,N/A,ENABLED,36,711,1143,N/A,ENABLED,36,711,1143,N/A,ENABLED,36,711,1143,N/A,ENABLED,N/A,68,51
1744910511,0,737,N/A,N/A,N/A,N/A,ENABLED,1657,500,2100,DISABLED,DISABLED,1643,500,2100,DISABLED,DISABLED,1654,500,2100,DISABLED,DISABLED,1625,500,2100,DISABLED,DISABLED,1644,500,2100,DISABLED,DISABLED,1623,500,2100,DISABLED,DISABLED,1645,500,2100,DISABLED,DISABLED,1619,500,2100,DISABLED,DISABLED,1300,900,1300,N/A,DISABLED,42,914,1333,N/A,ENABLED,42,914,1333,N/A,ENABLED,42,914,1333,N/A,ENABLED,42,914,1333,N/A,ENABLED,36,711,1143,N/A,ENABLED,36,711,1143,N/A,ENABLED,36,711,1143,N/A,ENABLED,36,711,1143,N/A,ENABLED,N/A,68,51
1744910512,0,738,N/A,N/A,N/A,N/A,ENABLED,1660,500,2100,DISABLED,DISABLED,1644,500,2100,DISABLED,DISABLED,1655,500,2100,DISABLED,DISABLED,1627,500,2100,DISABLED,DISABLED,1647,500,2100,DISABLED,DISABLED,1626,500,2100,DISABLED,DISABLED,1647,500,2100,DISABLED,DISABLED,1620,500,2100,DISABLED,DISABLED,1300,900,1300,N/A,DISABLED,42,914,1333,N/A,ENABLED,42,914,1333,N/A,ENABLED,42,914,1333,N/A,ENABLED,42,914,1333,N/A,ENABLED,36,711,1143,N/A,ENABLED,36,711,1143,N/A,ENABLED,36,711,1143,N/A,ENABLED,36,711,1143,N/A,ENABLED,N/A,68,51
1744910513,0,736,N/A,N/A,N/A,N/A,ENABLED,1662,500,2100,DISABLED,DISABLED,1646,500,2100,DISABLED,DISABLED,1658,500,2100,DISABLED,DISABLED,1629,500,2100,DISABLED,DISABLED,1649,500,2100,DISABLED,DISABLED,1628,500,2100,DISABLED,DISABLED,1649,500,2100,DISABLED,DISABLED,1622,500,2100,DISABLED,DISABLED,1300,900,1300,N/A,DISABLED,42,914,1333,N/A,ENABLED,42,914,1333,N/A,ENABLED,42,914,1333,N/A,ENABLED,42,914,1333,N/A,ENABLED,36,711,1143,N/A,ENABLED,36,711,1143,N/A,ENABLED,36,711,1143,N/A,ENABLED,36,711,1143,N/A,ENABLED,N/A,68,51
1744910514,0,737,N/A,N/A,N/A,N/A,ENABLED,1664,500,2100,DISABLED,DISABLED,1649,500,2100,DISABLED,DISABLED,1660,500,2100,DISABLED,DISABLED,1632,500,2100,DISABLED,DISABLED,1650,500,2100,DISABLED,DISABLED,1630,500,2100,DISABLED,DISABLED,1651,500,2100,DISABLED,DISABLED,1625,500,2100,DISABLED,DISABLED,1300,900,1300,N/A,DISABLED,42,914,1333,N/A,ENABLED,42,914,1333,N/A,ENABLED,42,914,1333,N/A,ENABLED,42,914,1333,N/A,ENABLED,36,711,1143,N/A,ENABLED,36,711,1143,N/A,ENABLED,36,711,1143,N/A,ENABLED,36,711,1143,N/A,ENABLED,N/A,68,51
1744910516,0,738,N/A,N/A,N/A,N/A,ENABLED,1663,500,2100,DISABLED,DISABLED,1648,500,2100,DISABLED,DISABLED,1660,500,2100,DISABLED,DISABLED,1631,500,2100,DISABLED,DISABLED,1649,500,2100,DISABLED,DISABLED,1629,500,2100,DISABLED,DISABLED,1649,500,2100,DISABLED,DISABLED,1623,500,2100,DISABLED,DISABLED,1300,900,1300,N/A,DISABLED,42,914,1333,N/A,ENABLED,42,914,1333,N/A,ENABLED,42,914,1333,N/A,ENABLED,42,914,1333,N/A,ENABLED,36,711,1143,N/A,ENABLED,36,711,1143,N/A,ENABLED,36,711,1143,N/A,ENABLED,36,711,1143,N/A,ENABLED,N/A,68,51
1744910517,0,739,N/A,N/A,N/A,N/A,ENABLED,1661,500,2100,DISABLED,DISABLED,1645,500,2100,DISABLED,DISABLED,1657,500,2100,DISABLED,DISABLED,1628,500,2100,DISABLED,DISABLED,1647,500,2100,DISABLED,DISABLED,1627,500,2100,DISABLED,DISABLED,1648,500,2100,DISABLED,DISABLED,1622,500,2100,DISABLED,DISABLED,1300,900,1300,N/A,DISABLED,42,914,1333,N/A,ENABLED,42,914,1333,N/A,ENABLED,42,914,1333,N/A,ENABLED,42,914,1333,N/A,ENABLED,36,711,1143,N/A,ENABLED,36,711,1143,N/A,ENABLED,36,711,1143,N/A,ENABLED,36,711,1143,N/A,ENABLED,N/A,68,51
1744910518,0,737,N/A,N/A,N/A,N/A,ENABLED,1662,500,2100,DISABLED,DISABLED,1647,500,2100,DISABLED,DISABLED,1658,500,2100,DISABLED,DISABLED,1630,500,2100,DISABLED,DISABLED,1649,500,2100,DISABLED,DISABLED,1628,500,2100,DISABLED,DISABLED,1649,500,2100,DISABLED,DISABLED,1624,500,2100,DISABLED,DISABLED,1300,900,1300,N/A,DISABLED,42,914,1333,N/A,ENABLED,42,914,1333,N/A,ENABLED,42,914,1333,N/A,ENABLED,42,914,1333,N/A,ENABLED,36,711,1143,N/A,ENABLED,36,711,1143,N/A,ENABLED,36,711,1143,N/A,ENABLED,36,711,1143,N/A,ENABLED,N/A,68,51
1744910519,0,738,N/A,N/A,N/A,N/A,ENABLED,1665,500,2100,DISABLED,DISABLED,1649,500,2100,DISABLED,DISABLED,1661,500,2100,DISABLED,DISABLED,1632,500,2100,DISABLED,DISABLED,1650,500,2100,DISABLED,DISABLED,1630,500,2100,DISABLED,DISABLED,1652,500,2100,DISABLED,DISABLED,1627,500,2100,DISABLED,DISABLED,1300,900,1300,N/A,DISABLED,42,914,1333,N/A,ENABLED,42,914,1333,N/A,ENABLED,42,914,1333,N/A,ENABLED,42,914,1333,N/A,ENABLED,36,711,1143,N/A,ENABLED,36,711,1143,N/A,ENABLED,36,711,1143,N/A,ENABLED,36,711,1143,N/A,ENABLED,N/A,68,51
1744910521,0,737,N/A,N/A,N/A,N/A,ENABLED,1659,500,2100,DISABLED,DISABLED,1644,500,2100,DISABLED,DISABLED,1656,500,2100,DISABLED,DISABLED,1627,500,2100,DISABLED,DISABLED,1646,500,2100,DISABLED,DISABLED,1627,500,2100,DISABLED,DISABLED,1646,500,2100,DISABLED,DISABLED,1622,500,2100,DISABLED,DISABLED,1300,900,1300,N/A,DISABLED,42,914,1333,N/A,ENABLED,42,914,1333,N/A,ENABLED,42,914,1333,N/A,ENABLED,42,914,1333,N/A,ENABLED,36,711,1143,N/A,ENABLED,36,711,1143,N/A,ENABLED,36,711,1143,N/A,ENABLED,36,711,1143,N/A,ENABLED,N/A,68,51
1744910522,0,737,N/A,N/A,N/A,N/A,ENABLED,1663,500,2100,DISABLED,DISABLED,1647,500,2100,DISABLED,DISABLED,1657,500,2100,DISABLED,DISABLED,1628,500,2100,DISABLED,DISABLED,1648,500,2100,DISABLED,DISABLED,1627,500,2100,DISABLED,DISABLED,1649,500,2100,DISABLED,DISABLED,1623,500,2100,DISABLED,DISABLED,1300,900,1300,N/A,DISABLED,42,914,1333,N/A,ENABLED,42,914,1333,N/A,ENABLED,42,914,1333,N/A,ENABLED,42,914,1333,N/A,ENABLED,36,711,1143,N/A,ENABLED,36,711,1143,N/A,ENABLED,36,711,1143,N/A,ENABLED,36,711,1143,N/A,ENABLED,N/A,68,51
1744910523,0,735,N/A,N/A,N/A,N/A,ENABLED,1661,500,2100,DISABLED,DISABLED,1645,500,2100,DISABLED,DISABLED,1658,500,2100,DISABLED,DISABLED,1628,500,2100,DISABLED,DISABLED,1648,500,2100,DISABLED,DISABLED,1627,500,2100,DISABLED,DISABLED,1648,500,2100,DISABLED,DISABLED,1622,500,2100,DISABLED,DISABLED,1300,900,1300,N/A,DISABLED,42,914,1333,N/A,ENABLED,42,914,1333,N/A,ENABLED,42,914,1333,N/A,ENABLED,42,914,1333,N/A,ENABLED,36,711,1143,N/A,ENABLED,36,711,1143,N/A,ENABLED,36,711,1143,N/A,ENABLED,36,711,1143,N/A,ENABLED,N/A,68,51
1744910524,0,738,N/A,N/A,N/A,N/A,ENABLED,1663,500,2100,DISABLED,DISABLED,1647,500,2100,DISABLED,DISABLED,1659,500,2100,DISABLED,DISABLED,1630,500,2100,DISABLED,DISABLED,1649,500,2100,DISABLED,DISABLED,1629,500,2100,DISABLED,DISABLED,1651,500,2100,DISABLED,DISABLED,1625,500,2100,DISABLED,DISABLED,1300,900,1300,N/A,DISABLED,42,914,1333,N/A,ENABLED,42,914,1333,N/A,ENABLED,42,914,1333,N/A,ENABLED,42,914,1333,N/A,ENABLED,36,711,1143,N/A,ENABLED,36,711,1143,N/A,ENABLED,36,711,1143,N/A,ENABLED,36,711,1143,N/A,ENABLED,N/A,68,51
1744910526,0,731,N/A,N/A,N/A,N/A,ENABLED,1659,500,2100,DISABLED,DISABLED,1644,500,2100,DISABLED,DISABLED,1654,500,2100,DISABLED,DISABLED,1627,500,2100,DISABLED,DISABLED,1646,500,2100,DISABLED,DISABLED,1625,500,2100,DISABLED,DISABLED,1646,500,2100,DISABLED,DISABLED,1621,500,2100,DISABLED,DISABLED,1300,900,1300,N/A,DISABLED,42,914,1333,N/A,ENABLED,42,914,1333,N/A,ENABLED,42,914,1333,N/A,ENABLED,42,914,1333,N/A,ENABLED,36,711,1143,N/A,ENABLED,36,711,1143,N/A,ENABLED,36,711,1143,N/A,ENABLED,36,711,1143,N/A,ENABLED,N/A,68,51
1744910527,0,737,N/A,N/A,N/A,N/A,ENABLED,1662,500,2100,DISABLED,DISABLED,1647,500,2100,DISABLED,DISABLED,1658,500,2100,DISABLED,DISABLED,1630,500,2100,DISABLED,DISABLED,1650,500,2100,DISABLED,DISABLED,1629,500,2100,DISABLED,DISABLED,1649,500,2100,DISABLED,DISABLED,1624,500,2100,DISABLED,DISABLED,1300,900,1300,N/A,DISABLED,42,914,1333,N/A,ENABLED,42,914,1333,N/A,ENABLED,42,914,1333,N/A,ENABLED,42,914,1333,N/A,ENABLED,36,711,1143,N/A,ENABLED,36,711,1143,N/A,ENABLED,36,711,1143,N/A,ENABLED,36,711,1143,N/A,ENABLED,N/A,68,51
1744910528,0,738,N/A,N/A,N/A,N/A,ENABLED,1660,500,2100,DISABLED,DISABLED,1644,500,2100,DISABLED,DISABLED,1656,500,2100,DISABLED,DISABLED,1628,500,2100,DISABLED,DISABLED,1647,500,2100,DISABLED,DISABLED,1627,500,2100,DISABLED,DISABLED,1648,500,2100,DISABLED,DISABLED,1623,500,2100,DISABLED,DISABLED,1300,900,1300,N/A,DISABLED,42,914,1333,N/A,ENABLED,42,914,1333,N/A,ENABLED,42,914,1333,N/A,ENABLED,42,914,1333,N/A,ENABLED,36,711,1143,N/A,ENABLED,36,711,1143,N/A,ENABLED,36,711,1143,N/A,ENABLED,36,711,1143,N/A,ENABLED,N/A,68,51
1744910529,0,734,N/A,N/A,N/A,N/A,ENABLED,1659,500,2100,DISABLED,DISABLED,1644,500,2100,DISABLED,DISABLED,1655,500,2100,DISABLED,DISABLED,1628,500,2100,DISABLED,DISABLED,1646,500,2100,DISABLED,DISABLED,1626,500,2100,DISABLED,DISABLED,1648,500,2100,DISABLED,DISABLED,1623,500,2100,DISABLED,DISABLED,1300,900,1300,N/A,DISABLED,42,914,1333,N/A,ENABLED,42,914,1333,N/A,ENABLED,42,914,1333,N/A,ENABLED,42,914,1333,N/A,ENABLED,36,711,1143,N/A,ENABLED,36,711,1143,N/A,ENABLED,36,711,1143,N/A,ENABLED,36,711,1143,N/A,ENABLED,N/A,68,51
1744910531,0,732,N/A,N/A,N/A,N/A,ENABLED,1657,500,2100,DISABLED,DISABLED,1642,500,2100,DISABLED,DISABLED,1653,500,2100,DISABLED,DISABLED,1626,500,2100,DISABLED,DISABLED,1644,500,2100,DISABLED,DISABLED,1625,500,2100,DISABLED,DISABLED,1645,500,2100,DISABLED,DISABLED,1619,500,2100,DISABLED,DISABLED,1300,900,1300,N/A,DISABLED,42,914,1333,N/A,ENABLED,42,914,1333,N/A,ENABLED,42,914,1333,N/A,ENABLED,42,914,1333,N/A,ENABLED,36,711,1143,N/A,ENABLED,36,711,1143,N/A,ENABLED,36,711,1143,N/A,ENABLED,36,711,1143,N/A,ENABLED,N/A,68,51
1744910532,0,732,N/A,N/A,N/A,N/A,ENABLED,1658,500,2100,DISABLED,DISABLED,1642,500,2100,DISABLED,DISABLED,1654,500,2100,DISABLED,DISABLED,1626,500,2100,DISABLED,DISABLED,1645,500,2100,DISABLED,DISABLED,1625,500,2100,DISABLED,DISABLED,1646,500,2100,DISABLED,DISABLED,1621,500,2100,DISABLED,DISABLED,1300,900,1300,N/A,DISABLED,42,914,1333,N/A,ENABLED,42,914,1333,N/A,ENABLED,42,914,1333,N/A,ENABLED,42,914,1333,N/A,ENABLED,36,711,1143,N/A,ENABLED,36,711,1143,N/A,ENABLED,36,711,1143,N/A,ENABLED,36,711,1143,N/A,ENABLED,N/A,68,51
1744910533,0,733,N/A,N/A,N/A,N/A,ENABLED,1660,500,2100,DISABLED,DISABLED,1643,500,2100,DISABLED,DISABLED,1655,500,2100,DISABLED,DISABLED,1627,500,2100,DISABLED,DISABLED,1645,500,2100,DISABLED,DISABLED,1627,500,2100,DISABLED,DISABLED,1645,500,2100,DISABLED,DISABLED,1620,500,2100,DISABLED,DISABLED,1300,900,1300,N/A,DISABLED,42,914,1333,N/A,ENABLED,42,914,1333,N/A,ENABLED,42,914,1333,N/A,ENABLED,42,914,1333,N/A,ENABLED,36,711,1143,N/A,ENABLED,36,711,1143,N/A,ENABLED,36,711,1143,N/A,ENABLED,36,711,1143,N/A,ENABLED,N/A,68,51
1744910534,0,734,N/A,N/A,N/A,N/A,ENABLED,1663,500,2100,DISABLED,DISABLED,1646,500,2100,DISABLED,DISABLED,1659,500,2100,DISABLED,DISABLED,1630,500,2100,DISABLED,DISABLED,1648,500,2100,DISABLED,DISABLED,1630,500,2100,DISABLED,DISABLED,1648,500,2100,DISABLED,DISABLED,1623,500,2100,DISABLED,DISABLED,1300,900,1300,N/A,DISABLED,42,914,1333,N/A,ENABLED,42,914,1333,N/A,ENABLED,42,914,1333,N/A,ENABLED,42,914,1333,N/A,ENABLED,36,711,1143,N/A,ENABLED,36,711,1143,N/A,ENABLED,36,711,1143,N/A,ENABLED,36,711,1143,N/A,ENABLED,N/A,68,51
1744910536,0,734,N/A,N/A,N/A,N/A,ENABLED,1662,500,2100,DISABLED,DISABLED,1645,500,2100,DISABLED,DISABLED,1658,500,2100,DISABLED,DISABLED,1630,500,2100,DISABLED,DISABLED,1646,500,2100,DISABLED,DISABLED,1628,500,2100,DISABLED,DISABLED,1647,500,2100,DISABLED,DISABLED,1622,500,2100,DISABLED,DISABLED,1300,900,1300,N/A,DISABLED,42,914,1333,N/A,ENABLED,42,914,1333,N/A,ENABLED,42,914,1333,N/A,ENABLED,42,914,1333,N/A,ENABLED,36,711,1143,N/A,ENABLED,36,711,1143,N/A,ENABLED,36,711,1143,N/A,ENABLED,36,711,1143,N/A,ENABLED,N/A,68,51
1744910537,0,738,N/A,N/A,N/A,N/A,ENABLED,1664,500,2100,DISABLED,DISABLED,1646,500,2100,DISABLED,DISABLED,1660,500,2100,DISABLED,DISABLED,1632,500,2100,DISABLED,DISABLED,1649,500,2100,DISABLED,DISABLED,1629,500,2100,DISABLED,DISABLED,1649,500,2100,DISABLED,DISABLED,1625,500,2100,DISABLED,DISABLED,1300,900,1300,N/A,DISABLED,42,914,1333,N/A,ENABLED,42,914,1333,N/A,ENABLED,42,914,1333,N/A,ENABLED,42,914,1333,N/A,ENABLED,36,711,1143,N/A,ENABLED,36,711,1143,N/A,ENABLED,36,711,1143,N/A,ENABLED,36,711,1143,N/A,ENABLED,N/A,68,51
1744910538,0,738,N/A,N/A,N/A,N/A,ENABLED,1663,500,2100,DISABLED,DISABLED,1647,500,2100,DISABLED,DISABLED,1659,500,2100,DISABLED,DISABLED,1631,500,2100,DISABLED,DISABLED,1650,500,2100,DISABLED,DISABLED,1629,500,2100,DISABLED,DISABLED,1650,500,2100,DISABLED,DISABLED,1625,500,2100,DISABLED,DISABLED,1300,900,1300,N/A,DISABLED,42,914,1333,N/A,ENABLED,42,914,1333,N/A,ENABLED,42,914,1333,N/A,ENABLED,42,914,1333,N/A,ENABLED,36,711,1143,N/A,ENABLED,36,711,1143,N/A,ENABLED,36,711,1143,N/A,ENABLED,36,711,1143,N/A,ENABLED,N/A,68,51
1744910539,0,738,N/A,N/A,N/A,N/A,ENABLED,1660,500,2100,DISABLED,DISABLED,1644,500,2100,DISABLED,DISABLED,1656,500,2100,DISABLED,DISABLED,1629,500,2100,DISABLED,DISABLED,1647,500,2100,DISABLED,DISABLED,1626,500,2100,DISABLED,DISABLED,1647,500,2100,DISABLED,DISABLED,1622,500,2100,DISABLED,DISABLED,1300,900,1300,N/A,DISABLED,42,914,1333,N/A,ENABLED,42,914,1333,N/A,ENABLED,42,914,1333,N/A,ENABLED,42,914,1333,N/A,ENABLED,36,711,1143,N/A,ENABLED,36,711,1143,N/A,ENABLED,36,711,1143,N/A,ENABLED,36,711,1143,N/A,ENABLED,N/A,68,51
1744910541,0,733,N/A,N/A,N/A,N/A,ENABLED,1657,500,2100,DISABLED,DISABLED,1641,500,2100,DISABLED,DISABLED,1653,500,2100,DISABLED,DISABLED,1624,500,2100,DISABLED,DISABLED,1643,500,2100,DISABLED,DISABLED,1623,500,2100,DISABLED,DISABLED,1644,500,2100,DISABLED,DISABLED,1620,500,2100,DISABLED,DISABLED,1300,900,1300,N/A,DISABLED,42,914,1333,N/A,ENABLED,42,914,1333,N/A,ENABLED,42,914,1333,N/A,ENABLED,42,914,1333,N/A,ENABLED,36,711,1143,N/A,ENABLED,36,711,1143,N/A,ENABLED,36,711,1143,N/A,ENABLED,36,711,1143,N/A,ENABLED,N/A,68,51
1744910542,0,739,N/A,N/A,N/A,N/A,ENABLED,1662,500,2100,DISABLED,DISABLED,1646,500,2100,DISABLED,DISABLED,1657,500,2100,DISABLED,DISABLED,1631,500,2100,DISABLED,DISABLED,1648,500,2100,DISABLED,DISABLED,1628,500,2100,DISABLED,DISABLED,1648,500,2100,DISABLED,DISABLED,1623,500,2100,DISABLED,DISABLED,1300,900,1300,N/A,DISABLED,42,914,1333,N/A,ENABLED,42,914,1333,N/A,ENABLED,42,914,1333,N/A,ENABLED,42,914,1333,N/A,ENABLED,36,711,1143,N/A,ENABLED,36,711,1143,N/A,ENABLED,36,711,1143,N/A,ENABLED,36,711,1143,N/A,ENABLED,N/A,68,51
1744910543,0,735,N/A,N/A,N/A,N/A,ENABLED,1660,500,2100,DISABLED,DISABLED,1643,500,2100,DISABLED,DISABLED,1655,500,2100,DISABLED,DISABLED,1628,500,2100,DISABLED,DISABLED,1645,500,2100,DISABLED,DISABLED,1624,500,2100,DISABLED,DISABLED,1644,500,2100,DISABLED,DISABLED,1621,500,2100,DISABLED,DISABLED,1300,900,1300,N/A,DISABLED,42,914,1333,N/A,ENABLED,42,914,1333,N/A,ENABLED,42,914,1333,N/A,ENABLED,42,914,1333,N/A,ENABLED,36,711,1143,N/A,ENABLED,36,711,1143,N/A,ENABLED,36,711,1143,N/A,ENABLED,36,711,1143,N/A,ENABLED,N/A,68,51
1744910545,0,737,N/A,N/A,N/A,N/A,ENABLED,1664,500,2100,DISABLED,DISABLED,1649,500,2100,DISABLED,DISABLED,1659,500,2100,DISABLED,DISABLED,1632,500,2100,DISABLED,DISABLED,1650,500,2100,DISABLED,DISABLED,1629,500,2100,DISABLED,DISABLED,1649,500,2100,DISABLED,DISABLED,1627,500,2100,DISABLED,DISABLED,1300,900,1300,N/A,DISABLED,42,914,1333,N/A,ENABLED,42,914,1333,N/A,ENABLED,42,914,1333,N/A,ENABLED,42,914,1333,N/A,ENABLED,36,711,1143,N/A,ENABLED,36,711,1143,N/A,ENABLED,36,711,1143,N/A,ENABLED,36,711,1143,N/A,ENABLED,N/A,68,51
1744910546,0,737,N/A,N/A,N/A,N/A,ENABLED,1663,500,2100,DISABLED,DISABLED,1648,500,2100,DISABLED,DISABLED,1658,500,2100,DISABLED,DISABLED,1632,500,2100,DISABLED,DISABLED,1649,500,2100,DISABLED,DISABLED,1629,500,2100,DISABLED,DISABLED,1647,500,2100,DISABLED,DISABLED,1624,500,2100,DISABLED,DISABLED,1300,900,1300,N/A,DISABLED,42,914,1333,N/A,ENABLED,42,914,1333,N/A,ENABLED,42,914,1333,N/A,ENABLED,42,914,1333,N/A,ENABLED,36,711,1143,N/A,ENABLED,36,711,1143,N/A,ENABLED,36,711,1143,N/A,ENABLED,36,711,1143,N/A,ENABLED,N/A,68,51
1744910547,0,737,N/A,N/A,N/A,N/A,ENABLED,1661,500,2100,DISABLED,DISABLED,1647,500,2100,DISABLED,DISABLED,1657,500,2100,DISABLED,DISABLED,1630,500,2100,DISABLED,DISABLED,1647,500,2100,DISABLED,DISABLED,1627,500,2100,DISABLED,DISABLED,1646,500,2100,DISABLED,DISABLED,1623,500,2100,DISABLED,DISABLED,1300,900,1300,N/A,DISABLED,42,914,1333,N/A,ENABLED,42,914,1333,N/A,ENABLED,42,914,1333,N/A,ENABLED,42,914,1333,N/A,ENABLED,36,711,1143,N/A,ENABLED,36,711,1143,N/A,ENABLED,36,711,1143,N/A,ENABLED,36,711,1143,N/A,ENABLED,N/A,68,51
1744910548,0,735,N/A,N/A,N/A,N/A,ENABLED,1659,500,2100,DISABLED,DISABLED,1646,500,2100,DISABLED,DISABLED,1655,500,2100,DISABLED,DISABLED,1629,500,2100,DISABLED,DISABLED,1646,500,2100,DISABLED,DISABLED,1626,500,2100,DISABLED,DISABLED,1646,500,2100,DISABLED,DISABLED,1622,500,2100,DISABLED,DISABLED,1300,900,1300,N/A,DISABLED,42,914,1333,N/A,ENABLED,42,914,1333,N/A,ENABLED,42,914,1333,N/A,ENABLED,42,914,1333,N/A,ENABLED,36,711,1143,N/A,ENABLED,36,711,1143,N/A,ENABLED,36,711,1143,N/A,ENABLED,36,711,1143,N/A,ENABLED,N/A,68,51
1744910550,0,737,N/A,N/A,N/A,N/A,ENABLED,1663,500,2100,DISABLED,DISABLED,1648,500,2100,DISABLED,DISABLED,1659,500,2100,DISABLED,DISABLED,1632,500,2100,DISABLED,DISABLED,1649,500,2100,DISABLED,DISABLED,1630,500,2100,DISABLED,DISABLED,1649,500,2100,DISABLED,DISABLED,1625,500,2100,DISABLED,DISABLED,1300,900,1300,N/A,DISABLED,42,914,1333,N/A,ENABLED,42,914,1333,N/A,ENABLED,42,914,1333,N/A,ENABLED,42,914,1333,N/A,ENABLED,36,711,1143,N/A,ENABLED,36,711,1143,N/A,ENABLED,36,711,1143,N/A,ENABLED,36,711,1143,N/A,ENABLED,N/A,68,51
1744910551,0,738,N/A,N/A,N/A,N/A,ENABLED,1667,500,2100,DISABLED,DISABLED,1652,500,2100,DISABLED,DISABLED,1662,500,2100,DISABLED,DISABLED,1635,500,2100,DISABLED,DISABLED,1653,500,2100,DISABLED,DISABLED,1633,500,2100,DISABLED,DISABLED,1651,500,2100,DISABLED,DISABLED,1629,500,2100,DISABLED,DISABLED,1300,900,1300,N/A,DISABLED,42,914,1333,N/A,ENABLED,42,914,1333,N/A,ENABLED,42,914,1333,N/A,ENABLED,42,914,1333,N/A,ENABLED,36,711,1143,N/A,ENABLED,36,711,1143,N/A,ENABLED,36,711,1143,N/A,ENABLED,36,711,1143,N/A,ENABLED,N/A,68,51
1744910552,0,737,N/A,N/A,N/A,N/A,ENABLED,1664,500,2100,DISABLED,DISABLED,1649,500,2100,DISABLED,DISABLED,1660,500,2100,DISABLED,DISABLED,1632,500,2100,DISABLED,DISABLED,1651,500,2100,DISABLED,DISABLED,1631,500,2100,DISABLED,DISABLED,1648,500,2100,DISABLED,DISABLED,1625,500,2100,DISABLED,DISABLED,1300,900,1300,N/A,DISABLED,42,914,1333,N/A,ENABLED,42,914,1333,N/A,ENABLED,42,914,1333,N/A,ENABLED,42,914,1333,N/A,ENABLED,36,711,1143,N/A,ENABLED,36,711,1143,N/A,ENABLED,36,711,1143,N/A,ENABLED,36,711,1143,N/A,ENABLED,N/A,68,51
1744910553,0,736,N/A,N/A,N/A,N/A,ENABLED,1661,500,2100,DISABLED,DISABLED,1646,500,2100,DISABLED,DISABLED,1657,500,2100,DISABLED,DISABLED,1630,500,2100,DISABLED,DISABLED,1647,500,2100,DISABLED,DISABLED,1628,500,2100,DISABLED,DISABLED,1644,500,2100,DISABLED,DISABLED,1621,500,2100,DISABLED,DISABLED,1300,900,1300,N/A,DISABLED,42,914,1333,N/A,ENABLED,42,914,1333,N/A,ENABLED,42,914,1333,N/A,ENABLED,42,914,1333,N/A,ENABLED,36,711,1143,N/A,ENABLED,36,711,1143,N/A,ENABLED,36,711,1143,N/A,ENABLED,36,711,1143,N/A,ENABLED,N/A,68,51
1744910555,0,734,N/A,N/A,N/A,N/A,ENABLED,1662,500,2100,DISABLED,DISABLED,1647,500,2100,DISABLED,DISABLED,1657,500,2100,DISABLED,DISABLED,1630,500,2100,DISABLED,DISABLED,1648,500,2100,DISABLED,DISABLED,1627,500,2100,DISABLED,DISABLED,1646,500,2100,DISABLED,DISABLED,1622,500,2100,DISABLED,DISABLED,1300,900,1300,N/A,DISABLED,42,914,1333,N/A,ENABLED,42,914,1333,N/A,ENABLED,42,914,1333,N/A,ENABLED,42,914,1333,N/A,ENABLED,36,711,1143,N/A,ENABLED,36,711,1143,N/A,ENABLED,36,711,1143,N/A,ENABLED,36,711,1143,N/A,ENABLED,N/A,68,51
1744910556,0,738,N/A,N/A,N/A,N/A,ENABLED,1665,500,2100,DISABLED,DISABLED,1649,500,2100,DISABLED,DISABLED,1660,500,2100,DISABLED,DISABLED,1632,500,2100,DISABLED,DISABLED,1653,500,2100,DISABLED,DISABLED,1629,500,2100,DISABLED,DISABLED,1648,500,2100,DISABLED,DISABLED,1626,500,2100,DISABLED,DISABLED,1300,900,1300,N/A,DISABLED,42,914,1333,N/A,ENABLED,42,914,1333,N/A,ENABLED,42,914,1333,N/A,ENABLED,42,914,1333,N/A,ENABLED,36,711,1143,N/A,ENABLED,36,711,1143,N/A,ENABLED,36,711,1143,N/A,ENABLED,36,711,1143,N/A,ENABLED,N/A,68,51
1744910557,0,737,N/A,N/A,N/A,N/A,ENABLED,1659,500,2100,DISABLED,DISABLED,1643,500,2100,DISABLED,DISABLED,1652,500,2100,DISABLED,DISABLED,1624,500,2100,DISABLED,DISABLED,1646,500,2100,DISABLED,DISABLED,1624,500,2100,DISABLED,DISABLED,1643,500,2100,DISABLED,DISABLED,1618,500,2100,DISABLED,DISABLED,1300,900,1300,N/A,DISABLED,42,914,1333,N/A,ENABLED,42,914,1333,N/A,ENABLED,42,914,1333,N/A,ENABLED,42,914,1333,N/A,ENABLED,36,711,1143,N/A,ENABLED,36,711,1143,N/A,ENABLED,36,711,1143,N/A,ENABLED,36,711,1143,N/A,ENABLED,N/A,68,51
1744910558,0,737,N/A,N/A,N/A,N/A,ENABLED,1661,500,2100,DISABLED,DISABLED,1646,500,2100,DISABLED,DISABLED,1655,500,2100,DISABLED,DISABLED,1629,500,2100,DISABLED,DISABLED,1648,500,2100,DISABLED,DISABLED,1627,500,2100,DISABLED,DISABLED,1645,500,2100,DISABLED,DISABLED,1622,500,2100,DISABLED,DISABLED,1300,900,1300,N/A,DISABLED,42,914,1333,N/A,ENABLED,42,914,1333,N/A,ENABLED,42,914,1333,N/A,ENABLED,42,914,1333,N/A,ENABLED,36,711,1143,N/A,ENABLED,36,711,1143,N/A,ENABLED,36,711,1143,N/A,ENABLED,36,711,1143,N/A,ENABLED,N/A,68,51
1744910560,0,733,N/A,N/A,N/A,N/A,ENABLED,1660,500,2100,DISABLED,DISABLED,1645,500,2100,DISABLED,DISABLED,1654,500,2100,DISABLED,DISABLED,1626,500,2100,DISABLED,DISABLED,1647,500,2100,DISABLED,DISABLED,1626,500,2100,DISABLED,DISABLED,1645,500,2100,DISABLED,DISABLED,1623,500,2100,DISABLED,DISABLED,1300,900,1300,N/A,DISABLED,42,914,1333,N/A,ENABLED,42,914,1333,N/A,ENABLED,42,914,1333,N/A,ENABLED,42,914,1333,N/A,ENABLED,36,711,1143,N/A,ENABLED,36,711,1143,N/A,ENABLED,36,711,1143,N/A,ENABLED,36,711,1143,N/A,ENABLED,N/A,68,51
1744910561,0,737,N/A,N/A,N/A,N/A,ENABLED,1662,500,2100,DISABLED,DISABLED,1647,500,2100,DISABLED,DISABLED,1655,500,2100,DISABLED,DISABLED,1628,500,2100,DISABLED,DISABLED,1648,500,2100,DISABLED,DISABLED,1629,500,2100,DISABLED,DISABLED,1647,500,2100,DISABLED,DISABLED,1623,500,2100,DISABLED,DISABLED,1300,900,1300,N/A,DISABLED,42,914,1333,N/A,ENABLED,42,914,1333,N/A,ENABLED,42,914,1333,N/A,ENABLED,42,914,1333,N/A,ENABLED,36,711,1143,N/A,ENABLED,36,711,1143,N/A,ENABLED,36,711,1143,N/A,ENABLED,36,711,1143,N/A,ENABLED,N/A,68,51
1744910562,0,739,N/A,N/A,N/A,N/A,ENABLED,1664,500,2100,DISABLED,DISABLED,1648,500,2100,DISABLED,DISABLED,1658,500,2100,DISABLED,DISABLED,1630,500,2100,DISABLED,DISABLED,1651,500,2100,DISABLED,DISABLED,1629,500,2100,DISABLED,DISABLED,1649,500,2100,DISABLED,DISABLED,1624,500,2100,DISABLED,DISABLED,1300,900,1300,N/A,DISABLED,42,914,1333,N/A,ENABLED,42,914,1333,N/A,ENABLED,42,914,1333,N/A,ENABLED,42,914,1333,N/A,ENABLED,36,711,1143,N/A,ENABLED,36,711,1143,N/A,ENABLED,36,711,1143,N/A,ENABLED,36,711,1143,N/A,ENABLED,N/A,68,51
1744910563,0,199,N/A,N/A,N/A,N/A,ENABLED,139,141,2100,DISABLED,ENABLED,139,141,2100,DISABLED,ENABLED,138,141,2100,DISABLED,ENABLED,138,141,2100,DISABLED,ENABLED,138,141,2100,DISABLED,ENABLED,138,141,2100,DISABLED,ENABLED,138,141,2100,DISABLED,ENABLED,138,141,2100,DISABLED,ENABLED,1300,900,1300,N/A,DISABLED,42,914,1333,N/A,ENABLED,42,914,1333,N/A,ENABLED,42,914,1333,N/A,ENABLED,42,914,1333,N/A,ENABLED,36,711,1143,N/A,ENABLED,36,711,1143,N/A,ENABLED,36,711,1143,N/A,ENABLED,36,711,1143,N/A,ENABLED,N/A,62,42
1744910565,0,142,N/A,N/A,N/A,N/A,ENABLED,132,500,2100,DISABLED,ENABLED,132,500,2100,DISABLED,ENABLED,131,500,2100,DISABLED,ENABLED,132,500,2100,DISABLED,ENABLED,131,500,2100,DISABLED,ENABLED,132,500,2100,DISABLED,ENABLED,131,500,2100,DISABLED,ENABLED,132,500,2100,DISABLED,ENABLED,900,900,1300,N/A,DISABLED,29,914,1333,N/A,ENABLED,29,914,1333,N/A,ENABLED,29,914,1333,N/A,ENABLED,29,914,1333,N/A,ENABLED,22,711,1143,N/A,ENABLED,22,711,1143,N/A,ENABLED,22,711,1143,N/A,ENABLED,22,711,1143,N/A,ENABLED,N/A,51,37
1744910566,0,141,N/A,N/A,N/A,N/A,ENABLED,138,142,2100,DISABLED,ENABLED,132,142,2100,DISABLED,ENABLED,131,142,2100,DISABLED,ENABLED,132,142,2100,DISABLED,ENABLED,131,142,2100,DISABLED,ENABLED,132,142,2100,DISABLED,ENABLED,131,142,2100,DISABLED,ENABLED,132,142,2100,DISABLED,ENABLED,900,900,1300,N/A,DISABLED,29,914,1333,N/A,ENABLED,29,914,1333,N/A,ENABLED,29,914,1333,N/A,ENABLED,29,914,1333,N/A,ENABLED,22,711,1143,N/A,ENABLED,22,711,1143,N/A,ENABLED,22,711,1143,N/A,ENABLED,22,711,1143,N/A,ENABLED,N/A,46,37
1744910567,0,141,N/A,N/A,N/A,N/A,ENABLED,133,500,2100,DISABLED,ENABLED,132,500,2100,DISABLED,ENABLED,131,500,2100,DISABLED,ENABLED,132,500,2100,DISABLED,ENABLED,131,500,2100,DISABLED,ENABLED,132,500,2100,DISABLED,ENABLED,131,500,2100,DISABLED,ENABLED,132,500,2100,DISABLED,ENABLED,900,900,1300,N/A,DISABLED,29,914,1333,N/A,ENABLED,29,914,1333,N/A,ENABLED,29,914,1333,N/A,ENABLED,29,914,1333,N/A,ENABLED,22,711,1143,N/A,ENABLED,22,711,1143,N/A,ENABLED,22,711,1143,N/A,ENABLED,22,711,1143,N/A,ENABLED,N/A,45,37
1744910568,0,140,N/A,N/A,N/A,N/A,ENABLED,133,500,2100,DISABLED,ENABLED,132,500,2100,DISABLED,ENABLED,131,500,2100,DISABLED,ENABLED,132,500,2100,DISABLED,ENABLED,131,500,2100,DISABLED,ENABLED,132,500,2100,DISABLED,ENABLED,131,500,2100,DISABLED,ENABLED,132,500,2100,DISABLED,ENABLED,900,900,1300,N/A,DISABLED,29,914,1333,N/A,ENABLED,29,914,1333,N/A,ENABLED,29,914,1333,N/A,ENABLED,29,914,1333,N/A,ENABLED,22,711,1143,N/A,ENABLED,22,711,1143,N/A,ENABLED,22,711,1143,N/A,ENABLED,22,711,1143,N/A,ENABLED,N/A,44,36
1744910570,0,140,N/A,N/A,N/A,N/A,ENABLED,132,500,2100,DISABLED,ENABLED,132,500,2100,DISABLED,ENABLED,131,500,2100,DISABLED,ENABLED,132,500,2100,DISABLED,ENABLED,131,500,2100,DISABLED,ENABLED,132,500,2100,DISABLED,ENABLED,131,500,2100,DISABLED,ENABLED,132,500,2100,DISABLED,ENABLED,900,900,1300,N/A,DISABLED,29,914,1333,N/A,ENABLED,29,914,1333,N/A,ENABLED,29,914,1333,N/A,ENABLED,29,914,1333,N/A,ENABLED,22,711,1143,N/A,ENABLED,22,711,1143,N/A,ENABLED,22,711,1143,N/A,ENABLED,22,711,1143,N/A,ENABLED,N/A,43,35
1744910571,0,140,N/A,N/A,N/A,N/A,ENABLED,132,500,2100,DISABLED,ENABLED,132,500,2100,DISABLED,ENABLED,131,500,2100,DISABLED,ENABLED,132,500,2100,DISABLED,ENABLED,131,500,2100,DISABLED,ENABLED,132,500,2100,DISABLED,ENABLED,131,500,2100,DISABLED,ENABLED,132,500,2100,DISABLED,ENABLED,900,900,1300,N/A,DISABLED,29,914,1333,N/A,ENABLED,29,914,1333,N/A,ENABLED,29,914,1333,N/A,ENABLED,29,914,1333,N/A,ENABLED,22,711,1143,N/A,ENABLED,22,711,1143,N/A,ENABLED,22,711,1143,N/A,ENABLED,22,711,1143,N/A,ENABLED,N/A,43,35
1744910572,0,139,N/A,N/A,N/A,N/A,ENABLED,132,500,2100,DISABLED,ENABLED,132,500,2100,DISABLED,ENABLED,131,500,2100,DISABLED,ENABLED,132,500,2100,DISABLED,ENABLED,131,500,2100,DISABLED,ENABLED,132,500,2100,DISABLED,ENABLED,131,500,2100,DISABLED,ENABLED,132,500,2100,DISABLED,ENABLED,900,900,1300,N/A,DISABLED,29,914,1333,N/A,ENABLED,29,914,1333,N/A,ENABLED,29,914,1333,N/A,ENABLED,29,914,1333,N/A,ENABLED,22,711,1143,N/A,ENABLED,22,711,1143,N/A,ENABLED,22,711,1143,N/A,ENABLED,22,711,1143,N/A,ENABLED,N/A,43,34
